 17890  433.91 2610.32 19.477  5.407 14.070  80   0 0.122 1049   0 0.064
 17892  543.74 2663.23 17.595  3.625 13.969  82   0 0.019 1046   3 0.008
 17895  504.02 2697.53 18.042  4.768 13.274  82   0 0.071 1049   0 0.036
 17896  490.67 2707.57 16.877  2.828 14.049  82   0 0.010 1047   2 0.006
 17925  524.36 2690.12 18.285  3.128 15.157  82   0 0.022 1047   2 0.007
 17955  469.05 2587.10 18.648  2.718 15.930  82   0 0.022 1047   0 0.009
 17957  406.32 2589.31 18.163  2.484 15.679  82   0 0.014 1045   3 0.007
 17959  430.78 2596.22 18.623  2.598 16.025  81   0 0.024 1038   2 0.009
 17962  415.83 2623.71 18.589  2.575 16.014  82   0 0.024 1037   3 0.010
 17967  418.79 2655.11 18.434  2.628 15.806  82   0 0.021 1040   4 0.008
 17970  534.98 2680.38 18.225  2.534 15.691  82   0 0.019 1047   1 0.008
 17984  453.20 2766.25 18.508  3.291 15.218  81   0 0.021 1049   0 0.006
 17985  463.63 2765.31 17.076  1.353 15.723  82   0 0.008 1042   5 0.008
 17989  424.53 2780.51 18.211  2.292 15.919  82   0 0.018 1047   1 0.009
 17991  400.29 2789.66 18.756  2.899 15.857  80   1 0.026 1046   2 0.009
 18132  485.84 2562.44 19.218  2.635 16.583  80   0 0.038 1017   5 0.012
 18133  511.07 2564.29 18.952  2.452 16.499  80   0 0.030 1027   3 0.012
 18137  420.10 2575.62 18.762  2.489 16.273  81   0 0.030 1034   1 0.011
 18141  506.81 2581.05 19.184  2.732 16.451  81   0 0.039 1027   3 0.012
 18145  506.16 2585.46 19.525  3.302 16.223  80   0 0.044 1043   1 0.011
 18154  394.96 2615.21 18.868  2.654 16.214  81   0 0.026 1039   5 0.009
 18156  435.55 2616.69 17.932  1.477 16.455  82   0 0.016 1029   2 0.059
 18158  412.98 2620.26 17.975  1.512 16.463  82   0 0.014 1027   2 0.013
 18159  403.58 2622.20 18.723  2.576 16.147  82   0 0.022 1027   0 0.009
 18160  431.08 2623.23 18.295  1.466 16.829  82   0 0.020 1024   0 0.018
 18168  423.14 2639.94 18.888  2.598 16.290  81   0 0.024 1037   3 0.010
 18171  400.42 2646.84 19.246  2.500 16.746  80   0 0.035 1028   3 0.015
 18173  478.94 2648.73 18.614  2.370 16.244  82   0 0.025 1036   5 0.010
 18174  533.37 2647.82 19.595  2.747 16.848  80   0 0.054 1018   3 0.017
 18175  456.68 2649.85 19.466  2.772 16.695  79   0 0.041 1030   2 0.014
 18176  539.46 2649.47 19.169  2.693 16.476  80   0 0.037 1029   3 0.015
 18177  492.65 2652.08 18.667  2.559 16.108  81   0 0.030 1031   2 0.009
 18179  457.70 2655.03 19.180  2.569 16.611  80   0 0.033 1031   5 0.012
 18180  474.40 2655.27 18.918  2.483 16.435  80   0 0.029 1031   5 0.012
 18184  520.04 2659.18 19.493  2.620 16.872  79   0 0.047 1019   2 0.016
 18192  425.93 2678.26 17.734  1.444 16.290  82   0 0.014 1035   5 0.011
 18200  488.80 2696.83 18.830  2.725 16.105  81   0 0.022 1046   2 0.012
 18205  422.13 2707.05 18.782  2.539 16.243  81   0 0.028 1039   3 0.010
 18208  454.00 2715.40 19.411  2.828 16.583  79   0 0.036 1016   5 0.013
 18210  479.62 2726.00 19.232  2.841 16.391  78   0 0.039 1025   3 0.011
 18217  438.33 2736.56 19.064  2.588 16.476  82   0 0.034 1033   1 0.012
 18220  438.57 2748.44 19.068  2.730 16.338  80   0 0.035 1034   2 0.011
 18222  483.01 2751.97 19.196  2.622 16.573  79   0 0.035 1019   5 0.012
 18223  528.40 2753.86 18.765  2.511 16.255  82   0 0.026 1042   1 0.011
 18225  432.12 2760.95 19.539  2.725 16.813  80   1 0.048 1023   3 0.014
 18229  492.14 2763.74 19.099  2.562 16.537  80   0 0.036 1025   4 0.012
 18234  424.57 2772.18 18.638  2.525 16.112  82   0 0.023 1030   2 0.009
 18239  469.02 2783.34 19.487  2.780 16.707  79   0 0.042 1024   4 0.014
 18240  420.83 2785.02 18.665  2.554 16.111  82   0 0.025 1047   1 0.011
 18244  477.42 2798.43 18.514  2.133 16.381  80   2 0.038 1011  19 0.020
 18247  401.42 2807.54 18.728  2.509 16.219  80   0 0.022 1045   1 0.011
 18252  421.01 2573.14 20.263  2.975 17.288  79   0 0.097 1031   1 0.026
 18257  401.01 2643.76 20.196  2.714 17.482  79   0 0.090 1024   1 0.027
 18386  450.88 2563.24 19.978  2.523 17.456  79   0 0.073 1014   2 0.022
 18388  390.19 2566.29 19.711  2.444 17.268  79   0 0.063 1014   3 0.020
 18391  492.53 2572.12 19.565  2.500 17.065  80   0 0.050 1015   0 0.017
 18392  519.20 2572.39 19.268  1.711 17.557  80   0 0.040 1013   2 0.027
 18393  477.45 2576.79 20.209  2.564 17.645  78   0 0.086 1013   0 0.027
 18396  460.46 2582.39 19.920  2.201 17.719  78   0 0.071 1013   4 0.031
 18400  488.92 2588.70 20.560  2.786 17.774  76   0 0.109 1011   1 0.033
 18401  544.21 2593.36 19.992  2.734 17.258  79   0 0.082 1014   3 0.019
 18402  405.61 2593.71 19.653  2.466 17.187  81   0 0.065 1023   1 0.026
 18407  413.70 2604.30 19.921  2.888 17.033  77   0 0.065 1017   0 0.018
 18408  482.02 2602.99 20.315  2.638 17.677  78   0 0.077 1012   2 0.025
 18409  420.73 2608.72 20.180  2.633 17.547  78   0 0.073 1007   7 0.030
 18410  507.59 2609.91 20.516  2.717 17.800  79   0 0.109 1010   5 0.029
 18413  543.00 2612.02 19.523  1.809 17.714  80   0 0.060 1015   2 0.028
 18414  419.88 2617.17 19.666  2.266 17.400  79   0 0.055 1014   3 0.028
 18415  443.03 2618.58 19.312  2.189 17.123  79   1 0.039 1014   4 0.023
 18419  528.59 2630.57 20.007  2.387 17.620  77   0 0.068 1015   4 0.027
 18422  430.79 2639.72 19.811  2.395 17.415  81   0 0.061 1018   0 0.024
 18423  543.95 2642.24 20.293  3.179 17.115  77   0 0.091 1018   2 0.021
 18424  499.03 2643.72 20.233  2.488 17.746  76   0 0.074 1009   1 0.028
 18426  500.37 2657.16 19.682  2.488 17.194  78   0 0.056 1019   3 0.019
 18432  502.91 2665.14 19.525  2.180 17.345  78   0 0.049 1021   3 0.024
 18435  441.29 2669.55 20.116  2.761 17.355  76   0 0.065 1013   2 0.021
 18436  474.49 2668.76 19.704  2.567 17.137  78   0 0.056 1017   1 0.019
 18437  503.91 2670.38 20.050  2.598 17.452  80   0 0.069 1015   2 0.026
 18438  470.08 2673.69 20.028  2.701 17.327  78   0 0.080 1018   1 0.022
 18440  419.76 2675.52 19.782  2.046 17.736  79   0 0.084 1019   0 0.060
 18446  502.98 2689.70 20.491  2.827 17.664  78   1 0.111 1042   2 0.116
 18448  505.47 2693.12 20.780  3.701 17.079  78   0 0.278 1048   1 0.243
 18456  476.79 2700.71 20.433  2.763 17.670  76   0 0.116 1016   1 0.028
 18459  407.31 2706.21 20.195  2.595 17.601  78   1 0.076 1010   3 0.026
 18468  424.92 2718.36 20.090  2.517 17.572  78   0 0.071 1017   1 0.029
 18474  436.50 2726.90 19.696  2.443 17.253  78   0 0.050 1016   3 0.020
 18478  514.67 2734.58 19.930  2.607 17.322  77   0 0.060 1014   1 0.020
 18481  443.27 2741.53 19.786  2.775 17.012  79   0 0.059 1016   2 0.019
 18484  418.36 2747.12 19.536  2.564 16.972  79   1 0.048 1024   2 0.017
 18486  402.81 2750.19 19.289  1.764 17.525  79   0 0.040 1016   0 0.026
 18487  499.07 2750.76 19.513  2.165 17.349  78   0 0.040 1014   1 0.021
 18489  542.04 2759.97 19.216  1.975 17.241  81   0 0.036 1016   3 0.020
 18491  516.91 2768.32 19.158  1.929 17.229  78   1 0.030 1017   4 0.020
 18492  528.42 2768.54 19.973  2.916 17.057  79   0 0.065 1012   4 0.018
 18494  407.81 2775.76 20.128  2.616 17.511  78   0 0.071 1012   4 0.025
 18505  535.83 2792.32 19.565  2.670 16.895  80   0 0.051 1015   2 0.016
 18525  520.71 2568.23 21.069  2.049 19.020  77   0 0.182 1013   3 0.089
 18526  472.65 2577.98 21.335  2.569 18.766  77   0 0.221 1012   2 0.080
 18527  464.71 2586.38 99.999  9.999 18.219   0   0 9.999 1019   1 0.063
 18531  433.72 2640.69 20.835  2.178 18.657  80   0 0.135 1011   1 0.070
 18533  505.46 2665.12 19.525  1.578 17.947  78   0 0.049 1014   5 0.039
 18537  427.56 2715.32 20.794  2.649 18.146  77   0 0.124 1013   1 0.043
 18538  544.78 2763.82 20.693  2.558 18.135  79   0 0.132 1009   5 0.043
 18539  409.50 2772.42 21.006  2.752 18.254  78   0 0.160 1014   2 0.047
 18791  493.41 2558.56 21.025  2.520 18.506  73   0 0.140 1009   4 0.054
 18793  471.90 2562.41 20.935  2.677 18.259  76   0 0.134 1006   2 0.045
 18800  488.36 2566.96 20.514  1.950 18.564  77   0 0.100 1014   2 0.066
 18802  497.60 2570.58 20.820  2.479 18.341  79   0 0.109 1012   1 0.048
 18812  408.05 2576.89 21.321  2.636 18.685  77   0 0.233 1013   2 0.065
 18813  541.08 2577.38 20.640  1.732 18.908  76   0 0.112 1008   2 0.086
 18821  508.51 2591.95 19.762  1.970 17.792  80   0 0.065 1013   1 0.033
 18826  454.78 2599.07 21.020  2.703 18.317  75   0 0.165 1012   4 0.049
 18828  417.84 2600.44 20.748  1.854 18.894  78   0 0.155 1025   2 0.098
 18831  439.95 2609.45 20.705  2.587 18.118  77   0 0.129  982   0 0.277
 18832  488.27 2609.03 20.287  2.333 17.954  76   0 0.077 1009   2 0.036
 18835  429.42 2613.01 20.352  1.854 18.498  78   0 0.108  832   0 0.422
 18840  493.00 2621.92 20.471  2.421 18.050  77   0 0.098 1011   2 0.039
 18847  492.49 2628.74 21.141  2.690 18.451  75   0 0.171 1009   2 0.053
 18850  460.18 2633.71 20.320  2.405 17.915  76   0 0.076 1011   1 0.034
 18851  527.28 2634.24 20.341  2.443 17.898  75   1 0.078 1011   4 0.035
 18853  481.87 2642.16 20.737  1.965 18.772  73   0 0.116 1009   5 0.071
 18858  485.05 2650.52 20.585  2.367 18.218  79   1 0.104 1012   6 0.048
 18860  488.69 2654.37 20.377  1.847 18.531  80   0 0.133 1014   2 0.071
 18861  506.55 2655.52 21.061  2.492 18.570  75   0 0.188 1013   2 0.063
 18863  396.64 2660.11 20.236  2.363 17.873  79   0 0.077 1012   3 0.033
 18866  494.46 2664.55 20.572  2.497 18.075  78   0 0.104 1008   5 0.040
 18867  441.40 2665.16 21.068  2.513 18.556  79   0 0.211 1010   4 0.060
 18868  394.31 2669.23 20.665  2.184 18.481  78   0 0.121 1011   5 0.057
 18871  403.71 2674.29 20.997  2.614 18.382  76   0 0.148 1011   3 0.052
 18873  460.72 2676.82 20.610  1.609 19.001  74   0 0.114 1007   2 0.086
 18876  400.69 2679.14 20.868  2.326 18.542  74   0 0.130 1013   2 0.058
 18877  499.31 2680.89 20.131  1.957 18.174  76   0 0.065 1013   1 0.050
 18880  549.41 2681.64 20.618  2.230 18.388  75   0 0.120 1011   3 0.056
 18883  436.57 2685.93 20.544  2.085 18.459  74   0 0.095 1008   3 0.051
 18886  414.50 2689.76 21.170  2.750 18.420  72   0 0.168 1010   2 0.052
 18887  526.11 2695.94 20.687  2.481 18.206  80   0 0.136 1009   5 0.060
 18891  491.22 2699.43 99.999  9.999 18.529   0   0 9.999 1025   2 0.128
 18892  511.03 2704.78 20.483  2.363 18.120  76   0 0.107 1028   2 0.099
 18895  511.94 2695.27 99.999  9.999 18.651   0   0 9.999 1041   0 0.213
 18896  534.04 2701.00 20.518  2.147 18.371  79   0 0.090 1009   4 0.054
 18897  546.33 2701.09 20.602  2.002 18.599  72   0 0.109 1008   3 0.062
 18899  495.92 2703.04 99.999  9.999 18.579   0   0 9.999 1032   3 0.198
 18905  407.53 2716.72 20.951  2.449 18.502  77   0 0.154 1007   1 0.058
 18910  473.43 2719.48 20.827  2.600 18.227  75   0 0.114 1011   1 0.044
 18912  400.65 2721.93 20.954  2.583 18.372  78   0 0.146 1013   2 0.053
 18916  400.55 2726.10 19.912  1.965 17.947  77   0 0.055 1013   2 0.034
 18920  431.75 2731.11 20.938  2.777 18.161  78   0 0.178 1012   2 0.045
 18921  439.92 2733.35 20.719  2.659 18.059  80   0 0.153 1022   3 0.046
 18934  444.45 2746.41 20.917  2.535 18.382  78   0 0.163 1016   3 0.062
 18937  521.15 2749.59 19.866  2.069 17.798  80   0 0.054 1012   4 0.032
 18938  546.16 2749.88 20.949  2.631 18.319  79   0 0.148 1009   2 0.052
 18941  525.27 2751.20 20.010  2.152 17.859  80   0 0.061 1017   3 0.040
 18949  461.05 2757.99 20.569  2.695 17.875  79   0 0.117 1016   0 0.035
 18950  518.88 2762.50 19.867  1.889 17.978  79   0 0.058 1011   2 0.038
 18956  443.68 2768.52 20.176  2.027 18.150  79   0 0.072 1013   0 0.045
 18959  486.43 2773.20 20.773  2.786 17.986  74   1 0.140 1013   2 0.037
 18960  476.91 2773.34 20.326  2.419 17.907  77   0 0.079 1012   2 0.033
 18969  460.47 2788.79 21.223  2.831 18.392  77   0 0.182 1009   3 0.051
 18975  438.32 2793.90 20.995  2.666 18.329  77   0 0.167 1014   3 0.047
 18979  455.13 2798.76 20.891  2.293 18.598  75   0 0.171 1009   2 0.063
 18981  505.58 2800.25 20.726  2.193 18.533  78   0 0.104 1010   4 0.057
 18982  535.60 2802.87 20.900  2.697 18.202  76   0 0.133 1011   2 0.042
 18984  486.79 2802.67 20.891  2.384 18.507  73   0 0.153 1009   4 0.059
 18985  504.37 2805.49 20.679  2.505 18.174  72   0 0.103 1015   0 0.042
 18986  489.67 2808.57 20.980  2.381 18.598  79   0 0.157 1005   4 0.060
 19021  471.45 2566.38 21.626  1.956 19.670  71   0 0.250 1009   1 0.162
 19027  467.64 2674.47 99.999  9.999 19.497   0   0 9.999 1017   1 0.167
 19029  547.71 2683.42 20.618  1.515 19.103  75   0 0.120 1013   3 0.106
 19031  525.73 2699.66 99.999  9.999 19.241   0   0 9.999 1005   4 0.127
 19041  447.06 2768.43 21.189  2.539 18.650  77   1 0.212 1016   0 0.095
 19043  483.54 2771.67 20.773  1.308 19.464  74   1 0.140 1011   1 0.142
 19675  507.06 2557.45 21.288  2.427 18.861  76   0 0.217 1010   1 0.084
 19679  459.22 2560.39 21.552  2.257 19.295  75   0 0.249 1012   0 0.112
 19680  547.00 2559.70 22.015  2.759 19.257  74   0 0.341 1002   4 0.104
 19686  394.89 2561.68 21.359  2.515 18.844  75   0 0.226 1004   6 0.074
 19693  544.78 2566.56 21.339  2.581 18.759  81   0 0.289 1007   2 0.069
 19694  482.14 2569.72 21.249  2.130 19.119  76   0 0.177 1001   3 0.100
 19704  430.81 2571.64 22.049  2.504 19.546  71   0 0.350 1005   2 0.132
 19709  469.99 2573.12 21.127  2.274 18.853  75   0 0.171 1005   4 0.078
 19710  523.41 2573.04 21.167  2.326 18.841  81   0 0.198 1011   2 0.080
 19715  424.49 2574.33 99.999  9.999 19.248   0   0 9.999 1016   1 0.134
 19717  393.48 2578.65 21.100  1.969 19.131  75   1 0.156 1004   2 0.096
 19720  396.57 2575.92 21.539  2.150 19.389  77   1 0.241 1007   2 0.121
 19724  505.86 2576.79 99.999  9.999 19.369   0   0 9.999 1013   3 0.143
 19728  458.86 2580.11 21.731  3.019 18.712  77   0 0.312 1006   3 0.074
 19732  424.88 2582.56 20.864  1.961 18.903  77   0 0.143 1012   2 0.081
 19739  389.77 2585.60 20.962  1.914 19.048  75   1 0.157  998   5 0.090
 19740  447.30 2587.16 21.366  2.046 19.320  71   0 0.219 1005   2 0.113
 19743  455.95 2587.94 21.258  2.154 19.104  75   0 0.171 1010   2 0.097
 19744  474.33 2587.99 21.618  2.556 19.062  77   0 0.280 1015   0 0.105
 19748  414.57 2592.15 20.947  2.030 18.917  73   0 0.178 1015   1 0.089
 19752  528.15 2596.06 21.209  2.473 18.736  73   1 0.161 1010   2 0.069
 19759  424.29 2599.77 21.329  1.873 19.456  77   0 0.243 1011   2 0.157
 19760  415.21 2599.54 21.184  2.379 18.805  78   0 0.179 1023   1 0.086
 19761  512.07 2599.80 21.359  2.200 19.159  74   0 0.206 1006   1 0.093
 19762  527.29 2599.65 21.445  2.139 19.306  72   0 0.180 1012   2 0.117
 19763  537.17 2601.71 21.181  2.025 19.156  74   0 0.220 1012   1 0.102
 19766  399.01 2603.33 21.300  2.221 19.079  76   0 0.215 1004   1 0.102
 19770  435.31 2605.61 99.999  9.999 18.464   0   0 9.999  865   0 0.496
 19771  514.23 2604.41 21.333  2.177 19.156  73   0 0.207 1008   1 0.092
 19776  463.17 2607.48 21.536  2.492 19.044  74   0 0.246 1005   3 0.087
 19782  517.16 2609.93 21.124  2.012 19.112  76   0 0.158 1012   2 0.094
 19783  523.56 2609.06 21.855  2.387 19.468  72   0 0.361 1011   2 0.132
 19788  482.78 2612.71 21.897  2.608 19.290  76   0 0.333 1009   0 0.116
 19789  490.94 2611.62 99.999  9.999 19.403   0   0 9.999 1014   1 0.132
 19792  462.49 2613.06 21.242  2.138 19.104  75   0 0.201 1009   2 0.097
 19797  401.57 2615.44 99.999  9.999 19.956   0   0 9.999 1017   2 0.233
 19799  431.46 2618.46 99.999  9.999 19.230   0   0 9.999  948   1 0.277
 19800  516.40 2621.60 99.999  9.999 19.241   0   0 9.999 1006   3 0.105
 19804  448.41 2621.74 21.061  1.853 19.208  76   0 0.175 1011   2 0.115
 19806  506.53 2623.71 21.503  2.211 19.292  73   0 0.230 1005   5 0.111
 19807  524.46 2623.62 21.000  1.948 19.052  76   0 0.174 1009   0 0.100
 19811  421.13 2625.87 21.303  2.195 19.108  73   0 0.191 1020   2 0.112
 19812  477.87 2625.26 21.077  2.309 18.768  77   0 0.153 1001   3 0.066
 19813  518.89 2623.95 21.139  1.604 19.535  75   0 0.183 1004   2 0.146
 19814  545.72 2628.37 21.068  2.240 18.828  79   0 0.212 1010   3 0.125
 19827  431.50 2633.86 21.224  2.304 18.920  79   0 0.206 1011   0 0.086
 19829  405.26 2634.76 21.279  2.484 18.795  79   0 0.190 1008   5 0.071
 19830  420.59 2632.97 21.879  2.444 19.435  72   0 0.347 1009   2 0.142
 19831  541.27 2635.26 20.780  2.102 18.678  77   0 0.143 1004   5 0.088
 19837  413.68 2640.40 21.035  1.857 19.178  77   0 0.153 1013   2 0.108
 19841  409.71 2637.12 21.640  2.536 19.104  75   0 0.256 1009   1 0.098
 19842  416.00 2637.53 99.999  9.999 19.172   0   0 9.999 1012   3 0.109
 19845  471.35 2639.71 21.558  2.097 19.461  74   0 0.197 1008   4 0.125
 19850  536.01 2643.13 20.990  2.251 18.739  79   0 0.155 1014   0 0.078
 19853  396.71 2645.63 21.269  2.219 19.050  78   0 0.225 1014   2 0.112
 19856  463.35 2647.64 21.195  2.327 18.869  74   0 0.209 1008   2 0.077
 19863  408.28 2650.35 21.034  2.209 18.825  74   0 0.184 1009   4 0.077
 19868  464.00 2654.12 21.389  2.553 18.836  75   0 0.231 1012   2 0.084
 19869  540.89 2654.54 21.178  2.513 18.665  75   0 0.227 1016   2 0.115
 19876  483.09 2655.97 21.480  1.931 19.549  73   1 0.188 1005   3 0.155
 19877  545.14 2657.31 99.999  9.999 18.732   0   0 9.999  994   2 0.179
 19881  415.63 2658.62 20.834  2.335 18.499  81   0 0.173 1018   1 0.070
 19884  400.09 2659.78 20.933  2.201 18.733  77   0 0.137 1010   3 0.071
 19885  456.04 2661.22 21.086  1.820 19.266  77   0 0.203 1009   1 0.116
 19886  536.97 2658.91 99.999  9.999 19.187   0   0 9.999 1005   3 0.167
 19890  467.77 2660.49 21.392  2.476 18.916  74   1 0.235 1005   3 0.082
 19891  508.69 2660.06 21.796  2.301 19.495  78   0 0.338 1002   3 0.142
 19893  548.73 2665.04 99.999  9.999 18.616   0   0 9.999  991   0 0.207
 19896  393.10 2664.95 21.145  2.155 18.990  76   0 0.190 1011   4 0.086
 19897  535.87 2665.15 21.374  2.584 18.789  77   0 0.263 1015   4 0.131
 19901  486.20 2667.44 21.522  2.518 19.003  75   0 0.232 1010   2 0.091
 19902  498.95 2667.28 99.999  9.999 19.191   0   0 9.999 1011   4 0.120
 19905  539.29 2669.06 99.999  9.999 19.211   0   0 9.999 1008   2 0.192
 19906  545.79 2671.11 21.960  2.573 19.387  75   0 0.359  996   1 0.193
 19911  412.06 2669.40 21.605  2.374 19.230  71   1 0.274 1013   2 0.109
 19912  492.37 2674.26 21.357  2.139 19.217  76   0 0.250 1003   4 0.110
 19915  392.50 2673.05 21.046  2.118 18.928  77   0 0.166 1012   1 0.087
 19916  422.98 2673.08 20.749  2.032 18.717  81   0 0.184 1016   3 0.090
 19924  416.52 2679.02 21.241  2.494 18.747  76   0 0.202 1012   3 0.086
 19925  469.80 2678.60 21.227  1.866 19.361  73   0 0.198 1016   0 0.159
 19930  514.46 2680.27 21.244  2.193 19.051  75   1 0.171 1012   3 0.108
 19931  540.61 2680.60 99.999  9.999 19.270   0   0 9.999 1009   0 0.157
 19934  449.44 2684.04 20.923  2.020 18.902  76   0 0.147 1011   0 0.074
 19935  528.07 2687.19 99.999  9.999 18.646   0   0 9.999 1015   4 0.114
 19936  503.94 2682.71 99.999  9.999 19.505   0   0 9.999 1012   1 0.184
 19940  410.44 2684.08 21.547  2.567 18.980  75   0 0.250 1007   1 0.088
 19941  391.50 2682.98 21.739  2.598 19.142  71   0 0.314 1018   1 0.123
 19942  418.36 2684.55 20.809  1.860 18.948  80   0 0.155 1006   2 0.082
 19948  497.37 2686.63 22.044  2.988 19.057  70   0 0.384 1002   3 0.141
 19951  510.79 2690.08 21.609  2.633 18.976  75   0 0.227 1024   2 0.175
 19952  517.00 2688.96 21.180  2.158 19.022  77   0 0.184 1007   4 0.126
 19957  439.97 2691.74 21.059  1.976 19.084  75   0 0.168 1007   2 0.095
 19958  489.35 2691.72 21.681  2.558 19.123  78   0 0.270 1006   3 0.128
 19960  396.62 2692.70 21.012  1.946 19.066  75   0 0.158 1010   2 0.094
 19963  427.83 2694.19 21.393  2.337 19.057  76   0 0.223 1011   3 0.089
 19964  543.00 2694.53 21.274  2.394 18.880  75   0 0.205 1014   1 0.098
 19972  509.47 2699.17 99.999  9.999 17.835   0   0 9.999 1045   0 0.311
 19975  418.52 2700.65 21.288  2.601 18.687  77   0 0.161 1014   2 0.070
 19977  436.02 2701.18 21.799  2.538 19.261  74   0 0.268 1003   2 0.106
 19978  537.96 2701.07 99.999  9.999 18.911   0   0 9.999 1010   1 0.091
 19984  467.73 2703.73 21.566  2.196 19.370  76   1 0.259 1010   1 0.125
 19987  396.21 2705.28 21.232  2.401 18.832  76   0 0.214 1010   1 0.074
 19988  500.29 2703.40 21.768  3.513 18.255  75   0 0.306 1045   0 0.256
 19989  531.56 2704.53 21.538  2.323 19.215  77   0 0.240 1010   2 0.111
 19992  504.64 2704.86 99.999  9.999 18.632   0   0 9.999 1040   1 0.321
 20000  497.17 2707.53 99.999  9.999 18.499   0   0 9.999 1013   3 0.108
 20001  452.93 2708.86 21.461  2.315 19.146  74   0 0.213 1004   4 0.096
 20002  526.97 2710.59 21.244  2.597 18.647  75   0 0.204 1005   3 0.066
 20008  532.46 2713.39 21.592  2.315 19.277  75   0 0.225 1008   2 0.109
 20009  542.85 2714.65 20.835  2.300 18.535  78   0 0.144 1009   5 0.062
 20015  434.79 2716.40 21.227  2.502 18.725  71   0 0.170 1005   3 0.068
 20016  488.26 2715.89 21.507  2.342 19.165  75   0 0.263 1005   1 0.128
 20018  397.37 2716.40 21.320  2.389 18.932  74   1 0.188 1007   2 0.080
 20021  491.84 2720.21 21.221  2.280 18.941  77   0 0.194 1009   1 0.088
 20022  506.41 2718.54 21.627  2.069 19.558  77   0 0.263 1006   2 0.157
 20033  427.92 2725.87 21.420  2.385 19.035  74   1 0.207 1009   4 0.095
 20036  526.68 2726.87 21.194  2.538 18.657  72   0 0.189 1005   4 0.058
 20038  419.15 2726.72 21.483  1.994 19.489  76   0 0.254 1004   3 0.128
 20041  533.62 2728.19 21.398  2.220 19.177  73   0 0.267 1006   2 0.106
 20043  497.29 2730.27 21.454  2.483 18.971  72   0 0.233 1010   4 0.083
 20044  538.34 2730.54 21.547  2.477 19.070  73   0 0.233 1004   2 0.091
 20047  393.44 2733.38 20.914  2.326 18.587  76   0 0.156 1008   6 0.058
 20052  425.02 2735.81 99.999  9.999 19.426   0   0 9.999 1007   4 0.114
 20057  501.55 2737.57 21.058  2.303 18.755  73   0 0.167 1011   3 0.071
 20058  524.98 2735.92 21.177  2.549 18.628  74   0 0.181 1007   3 0.061
 20062  432.42 2736.53 21.321  2.355 18.967  79   0 0.229 1008   3 0.088
 20068  415.85 2740.02 99.999  9.999 19.485   0   0 9.999 1008   2 0.132
 20069  511.01 2741.41 21.325  2.233 19.092  75   0 0.190 1015   1 0.095
 20071  449.26 2741.44 21.453  1.870 19.584  73   0 0.202 1014   1 0.159
 20072  531.54 2742.10 21.234  1.866 19.368  77   0 0.184 1007   1 0.124
 20073  540.51 2743.25 21.341  2.293 19.048  73   0 0.208 1006   1 0.087
 20081  427.66 2745.89 21.057  2.000 19.058  75   0 0.192 1007   3 0.091
 20085  451.72 2748.87 21.965  2.417 19.547  77   0 0.411 1005   4 0.152
 20088  396.89 2751.05 20.842  2.036 18.806  75   0 0.128 1009   3 0.073
 20095  456.37 2753.85 21.576  2.424 19.151  74   0 0.323 1004   4 0.094
 20098  510.11 2758.45 21.465  2.065 19.400  74   0 0.235 1008   1 0.127
 20102  480.93 2758.86 21.353  2.470 18.883  77   0 0.214 1010   2 0.082
 20108  389.77 2763.83 21.677  2.485 19.192  74   0 0.292 1013   1 0.114
 20119  416.78 2767.31 20.599  1.895 18.704  75   0 0.098 1007   1 0.069
 20120  428.41 2767.39 21.218  1.966 19.252  75   0 0.233 1015   2 0.124
 20121  391.21 2767.97 21.345  2.091 19.254  78   0 0.228 1011   3 0.126
 20122  520.75 2768.29 99.999  9.999 19.062   0   0 9.999 1009   3 0.101
 20123  419.27 2773.90 99.999  9.999 19.533   0   0 9.999 1010   3 0.179
 20125  489.67 2771.32 20.443  1.724 18.719  77   0 0.100 1012   1 0.066
 20126  496.01 2771.26 21.382  2.238 19.145  78   0 0.195 1012   1 0.098
 20129  449.55 2771.77 99.999  9.999 19.269   0   0 9.999 1005   1 0.170
 20132  510.27 2773.13 21.429  1.632 19.797  79   0 0.238 1005   2 0.181
 20136  422.51 2776.62 20.929  2.141 18.788  78   0 0.175 1024   2 0.126
 20137  459.32 2774.20 21.963  2.443 19.521  76   0 0.376 1007   1 0.152
 20138  414.14 2776.97 21.229  2.464 18.764  76   0 0.196 1010   4 0.074
 20145  452.99 2779.62 20.984  1.930 19.054  76   0 0.156 1008   3 0.091
 20146  462.21 2780.90 20.857  1.976 18.881  75   0 0.133 1016   0 0.086
 20147  492.48 2779.48 21.281  2.050 19.232  75   0 0.189 1008   2 0.109
 20150  525.17 2781.33 21.213  2.244 18.969  73   0 0.158 1009   4 0.081
 20151  418.64 2779.07 21.108  2.142 18.966  78   1 0.192 1011   4 0.110
 20158  545.84 2786.76 21.757  2.541 19.216  74   0 0.351 1006   4 0.104
 20160  475.01 2786.61 21.430  1.763 19.667  77   0 0.204 1012   0 0.168
 20167  409.96 2790.39 21.031  2.156 18.875  75   0 0.161 1007   2 0.086
 20172  509.42 2792.02 21.623  2.194 19.430  78   0 0.284 1009   5 0.126
 20174  462.73 2794.48 21.539  2.351 19.189  75   0 0.265 1012   2 0.107
 20180  517.49 2798.78 20.861  2.035 18.826  74   0 0.151 1007   2 0.075
 20181  406.28 2798.71 21.037  2.195 18.842  76   0 0.162 1008   0 0.083
 20190  515.72 2803.89 21.808  2.858 18.950  73   0 0.306 1004   3 0.078
 20192  475.49 2805.18 21.832  2.917 18.915  74   0 0.400 1005   4 0.092
 20195  395.05 2806.96 20.886  2.143 18.743  78   0 0.167 1009   1 0.090
 20196  500.53 2807.39 21.619  2.528 19.091  75   0 0.264 1011   1 0.096
 20198  442.08 2809.71 21.448  2.307 19.141  72   0 0.229 1000   5 0.099
 20199  521.20 2809.02 22.209  3.150 19.058  77   0 0.453 1010   3 0.093
 20203  543.68 2809.93 22.064  2.591 19.473  71   0 0.382 1003   5 0.132
 20216  520.00 2695.17 99.999  9.999 19.322   0   0 9.999 1007   1 0.177
 20223  472.74 2569.42 21.626  2.103 19.523  71   0 0.250 1007   3 0.146
 20248  545.85 2571.14 99.999  9.999 19.444   0   0 9.999 1000   4 0.126
 20249  426.35 2588.28 21.572  2.216 19.356  75   0 0.236 1022   3 0.134
 20250  412.95 2589.28 99.999  9.999 19.765   0   0 9.999 1007   0 0.203
 20251  519.64 2611.77 21.124  1.605 19.519  76   0 0.158 1020   1 0.143
 20252  423.92 2622.88 99.999  9.999 20.218   0   0 9.999  982   0 0.283
 20256  418.76 2687.72 99.999  9.999 19.329   0   0 9.999 1006   2 0.114
 20257  399.36 2693.35 21.012  1.597 19.415  75   0 0.158 1012   0 0.130
 20260  432.51 2720.41 99.999  9.999 19.546   0   0 9.999 1005   1 0.139
 20261  529.86 2738.26 99.999  9.999 19.726   0   0 9.999 1010   0 0.173
 20265  450.67 2780.05 20.984  1.645 19.339  76   0 0.156 1010   3 0.118
 20266  463.85 2778.86 20.857  1.098 19.759  75   0 0.133 1011   1 0.196
 21310  532.18 2557.56 22.082  2.192 19.890  72   0 0.446 1002   0 0.191
 21314  457.88 2558.05 99.999  9.999 20.095   0   0 9.999 1000   0 0.222
 21316  416.99 2561.95 99.999  9.999 19.544   0   0 9.999  999   2 0.131
 21317  463.93 2561.95 99.999  9.999 19.624   0   0 9.999 1009   2 0.145
 21320  501.17 2562.20 22.054  2.522 19.533  70   0 0.413 1011   1 0.145
 21321  506.58 2562.11 99.999  9.999 19.423   0   0 9.999 1016   1 0.162
 21327  409.00 2564.83 21.806  2.106 19.699  77   1 0.246 1006   0 0.162
 21328  493.17 2564.84 99.999  9.999 19.638   0   0 9.999 1006   1 0.163
 21329  538.51 2562.42 99.999  9.999 20.407   0   0 9.999  988   1 0.301
 21330  524.53 2564.70 99.999  9.999 20.541   0   0 9.999  964   0 0.326
 21334  420.16 2565.61 99.999  9.999 19.649   0   0 9.999 1002   0 0.162
 21336  447.22 2566.42 99.999  9.999 20.044   0   0 9.999 1004   1 0.222
 21337  483.21 2566.34 99.999  9.999 19.342   0   0 9.999 1010   2 0.139
 21345  402.42 2572.84 21.937  2.375 19.562  74   1 0.319 1014   1 0.135
 21346  487.69 2570.57 99.999  9.999 19.502   0   0 9.999 1012   0 0.144
 21349  452.45 2572.71 21.895  2.335 19.560  71   0 0.338  999   1 0.144
 21351  501.19 2573.32 99.999  9.999 19.510   0   0 9.999 1004   1 0.130
 21359  440.35 2574.75 99.999  9.999 20.227   0   0 9.999  996   1 0.248
 21361  495.51 2577.80 99.999  9.999 19.711   0   0 9.999 1008   0 0.169
 21365  433.56 2581.14 99.999  9.999 20.083   0   0 9.999 1005   1 0.221
 21369  483.37 2577.90 99.999  9.999 19.773   0   0 9.999 1004   2 0.163
 21370  509.13 2577.50 99.999  9.999 19.467   0   0 9.999 1012   0 0.154
 21375  401.66 2580.24 99.999  9.999 20.240   0   0 9.999 1004   0 0.285
 21380  392.12 2581.79 99.999  9.999 19.997   0   0 9.999  999   3 0.212
 21381  532.85 2583.15 99.999  9.999 19.927   0   0 9.999 1005   1 0.200
 21383  474.42 2583.36 99.999  9.999 19.613   0   0 9.999 1013   1 0.169
 21386  450.50 2584.12 99.999  9.999 19.453   0   0 9.999 1010   2 0.128
 21387  497.57 2583.74 99.999  9.999 19.873   0   0 9.999 1009   0 0.203
 21388  512.37 2583.08 99.999  9.999 20.198   0   0 9.999  986   0 0.271
 21391  414.49 2584.74 99.999  9.999 20.106   0   0 9.999 1009   0 0.268
 21392  523.31 2586.12 21.961  2.209 19.752  71   0 0.304 1008   2 0.160
 21393  549.80 2586.11 99.999  9.999 19.469   0   0 9.999 1011   3 0.134
 21400  444.04 2587.80 99.999  9.999 19.574   0   0 9.999 1021   4 0.154
 21404  517.24 2587.03 99.999  9.999 20.338   0   0 9.999  993   0 0.268
 21409  481.26 2588.88 99.999  9.999 19.909   0   0 9.999  995   2 0.196
 21410  544.80 2590.21 99.999  9.999 19.523   0   0 9.999 1018   2 0.154
 21412  526.35 2591.48 99.999  9.999 19.607   0   0 9.999 1004   1 0.141
 21415  401.71 2592.20 21.326  2.037 19.289  76   0 0.259 1013   0 0.147
 21420  424.45 2593.70 21.498  2.034 19.464  72   0 0.242 1019   2 0.152
 21422  448.94 2593.69 99.999  9.999 19.720   0   0 9.999 1023   0 0.180
 21423  458.96 2594.94 99.999  9.999 19.539   0   0 9.999 1008   2 0.146
 21430  467.62 2596.76 22.214  2.559 19.655  67   0 0.422 1008   2 0.158
 21432  515.81 2596.19 99.999  9.999 20.289   0   0 9.999  992   0 0.269
 21435  421.29 2598.78 21.329  1.597 19.732  77   0 0.243 1019   3 0.187
 21438  461.04 2599.32 99.999  9.999 19.622   0   0 9.999 1012   3 0.157
 21439  539.80 2599.78 99.999  9.999 19.254   0   0 9.999 1010   1 0.104
 21446  406.36 2600.95 99.999  9.999 19.827   0   0 9.999 1000   1 0.204
 21447  447.89 2599.62 99.999  9.999 20.109   0   0 9.999 1020   1 0.260
 21449  442.59 2602.38 21.979  2.553 19.426  75   0 0.369 1001   0 0.152
 21450  534.06 2602.48 99.999  9.999 20.549   0   0 9.999  983   0 0.343
 21453  468.47 2602.16 99.999  9.999 20.193   0   0 9.999 1001   1 0.249
 21454  495.23 2603.17 99.999  9.999 20.463   0   0 9.999  996   0 0.306
 21455  499.76 2602.83 99.999  9.999 19.997   0   0 9.999 1003   1 0.200
 21458  458.45 2603.82 99.999  9.999 20.200   0   0 9.999 1007   0 0.258
 21459  504.96 2605.09 99.999  9.999 19.975   0   0 9.999  998   2 0.191
 21464  443.61 2607.81 99.999  9.999 19.403   0   0 9.999  993   2 0.217
 21465  471.99 2606.84 99.999  9.999 19.732   0   0 9.999 1008   0 0.166
 21466  532.65 2607.50 22.084  2.193 19.891  75   0 0.365 1008   2 0.188
 21468  494.71 2606.70 99.999  9.999 20.204   0   0 9.999 1005   1 0.245
 21470  408.39 2608.82 99.999  9.999 19.565   0   0 9.999 1016   1 0.160
 21477  510.80 2611.76 21.526  1.862 19.664  75   0 0.238 1006   1 0.162
 21486  439.13 2613.00 99.999  9.999 18.997   0   0 9.999  860   0 0.489
 21487  456.12 2614.43 21.550  2.027 19.524  74   0 0.243 1009   2 0.143
 21488  477.71 2614.54 99.999  9.999 19.978   0   0 9.999 1004   1 0.207
 21493  424.99 2613.97 99.999  9.999 20.109   0   0 9.999  849   0 0.354
 21496  444.42 2614.46 99.999  9.999 19.523   0   0 9.999  995   1 0.198
 21498  534.00 2621.06 99.999  9.999 20.008   0   0 9.999 1002   0 0.244
 21501  515.01 2618.59 21.533  2.081 19.451  74   0 0.261 1015   0 0.129
 21503  391.87 2618.64 99.999  9.999 19.626   0   0 9.999 1007   1 0.184
 21504  475.23 2619.19 99.999  9.999 19.556   0   0 9.999 1008   2 0.145
 21507  447.73 2618.53 99.999  9.999 19.669   0   0 9.999 1006   2 0.180
 21511  489.06 2620.17 99.999  9.999 19.976   0   0 9.999 1008   1 0.208
 21513  436.53 2622.83 99.999  9.999 19.629   0   0 9.999  998   2 0.186
 21515  538.82 2625.04 99.999  9.999 19.681   0   0 9.999 1001   3 0.182
 21520  544.98 2625.03 22.020  2.582 19.438  73   0 0.410 1002   2 0.176
 21526  449.11 2624.78 99.999  9.999 19.124   0   0 9.999 1006   4 0.101
 21534  428.37 2626.01 99.999  9.999 19.502   0   0 9.999 1009   3 0.165
 21535  460.47 2628.26 21.410  2.079 19.331  74   0 0.236 1005   1 0.117
 21538  528.02 2627.27 99.999  9.999 20.024   0   0 9.999 1013   1 0.238
 21542  470.48 2629.29 99.999  9.999 19.752   0   0 9.999 1005   3 0.167
 21543  504.73 2628.75 99.999  9.999 20.045   0   0 9.999 1003   1 0.211
 21546  403.22 2629.31 99.999  9.999 19.634   0   0 9.999 1012   0 0.174
 21547  442.11 2629.63 22.114  2.566 19.548  71   0 0.421 1015   3 0.150
 21552  484.55 2634.92 22.533  1.908 20.625  66   0 0.521  997   0 0.377
 21553  534.92 2633.75 21.904  2.354 19.550  71   0 0.349 1010   3 0.161
 21555  396.63 2633.44 99.999  9.999 19.634   0   0 9.999 1009   2 0.155
 21566  502.25 2636.09 99.999  9.999 19.968   0   0 9.999 1014   2 0.210
 21569  486.21 2638.30 99.999  9.999 20.038   0   0 9.999 1010   0 0.239
 21570  517.78 2637.69 99.999  9.999 19.937   0   0 9.999  998   1 0.200
 21573  402.15 2638.44 99.999  9.999 20.087   0   0 9.999 1006   1 0.248
 21574  493.51 2639.34 21.823  2.381 19.442  76   0 0.297 1006   2 0.121
 21575  540.84 2638.66 99.999  9.999 19.304   0   0 9.999 1012   1 0.154
 21587  438.86 2642.22 21.819  2.357 19.461  74   0 0.278 1011   3 0.123
 21588  454.30 2642.52 21.613  1.784 19.829  78   0 0.279 1007   2 0.198
 21589  526.53 2642.49 99.999  9.999 19.381   0   0 9.999 1007   2 0.125
 21590  549.74 2641.46 99.999  9.999 20.034   0   0 9.999  968   0 0.289
 21591  457.06 2643.03 99.999  9.999 19.919   0   0 9.999 1011   2 0.212
 21596  418.05 2643.79 21.914  2.403 19.511  75   0 0.348 1014   4 0.149
 21599  444.03 2644.41 99.999  9.999 19.661   0   0 9.999 1010   1 0.147
 21603  490.69 2647.03 21.689  2.292 19.398  78   0 0.278 1016   2 0.140
 21607  503.22 2646.72 99.999  9.999 20.170   0   0 9.999  998   1 0.248
 21608  545.60 2647.34 99.999  9.999 19.864   0   0 9.999 1000   0 0.237
 21612  421.47 2647.35 99.999  9.999 19.804   0   0 9.999 1013   0 0.235
 21613  438.24 2649.16 22.067  2.496 19.572  73   1 0.339 1013   0 0.140
 21621  532.32 2654.31 99.999  9.999 20.157   0   0 9.999  986   1 0.272
 21624  403.37 2651.85 99.999  9.999 19.520   0   0 9.999 1004   3 0.152
 21628  472.58 2651.60 99.999  9.999 19.646   0   0 9.999 1011   4 0.197
 21634  536.37 2653.05 99.999  9.999 19.418   0   0 9.999 1016   0 0.176
 21637  440.43 2655.35 99.999  9.999 19.844   0   0 9.999 1000   2 0.183
 21641  531.43 2656.62 99.999  9.999 19.929   0   0 9.999  989   0 0.220
 21644  431.57 2657.99 99.999  9.999 19.929   0   0 9.999 1006   1 0.194
 21645  549.02 2659.84 99.999  9.999 19.330   0   0 9.999  947   1 0.270
 21646  424.32 2658.88 99.999  9.999 19.865   0   0 9.999  996   4 0.191
 21647  491.27 2659.11 99.999  9.999 20.261   0   0 9.999  982   0 0.285
 21653  446.74 2661.14 99.999  9.999 19.825   0   0 9.999 1004   0 0.187
 21654  454.51 2660.02 99.999  9.999 19.487   0   0 9.999 1007   1 0.145
 21655  460.35 2661.67 99.999  9.999 19.306   0   0 9.999 1012   1 0.121
 21671  402.39 2665.81 99.999  9.999 19.863   0   0 9.999 1008   1 0.202
 21672  468.58 2665.89 99.999  9.999 19.938   0   0 9.999 1004   1 0.200
 21674  435.99 2667.87 21.862  2.260 19.602  72   0 0.296 1012   3 0.151
 21676  418.06 2669.34 99.999  9.999 19.899   0   0 9.999 1001   2 0.194
 21679  461.77 2668.99 99.999  9.999 20.182   0   0 9.999 1004   1 0.237
 21680  491.99 2670.09 99.999  9.999 19.443   0   0 9.999 1009   2 0.132
 21682  520.65 2670.36 99.999  9.999 19.464   0   0 9.999 1011   0 0.148
 21688  434.19 2673.38 99.999  9.999 20.064   0   0 9.999 1009   0 0.236
 21689  473.40 2676.32 21.197  1.830 19.367  77   0 0.186 1011   1 0.134
 21690  486.84 2673.66 99.999  9.999 19.772   0   0 9.999 1007   1 0.176
 21691  542.36 2673.54 99.999  9.999 19.733   0   0 9.999  991   2 0.204
 21693  499.34 2672.61 99.999  9.999 19.930   0   0 9.999 1018   0 0.219
 21701  389.81 2678.52 99.999  9.999 19.804   0   0 9.999 1014   2 0.188
 21702  435.80 2677.59 99.999  9.999 20.070   0   0 9.999  999   0 0.235
 21703  520.48 2681.23 21.793  2.042 19.752  74   0 0.339 1012   1 0.192
 21705  411.35 2679.68 99.999  9.999 19.711   0   0 9.999 1010   4 0.177
 21708  397.52 2680.01 99.999  9.999 19.492   0   0 9.999 1012   1 0.135
 21709  403.70 2679.15 99.999  9.999 19.697   0   0 9.999 1010   2 0.172
 21710  467.62 2679.32 21.227  1.524 19.703  73   0 0.198 1008   0 0.211
 21711  509.17 2682.89 99.999  9.999 19.344   0   0 9.999 1005   2 0.151
 21713  450.46 2680.85 20.923  1.669 19.254  76   0 0.147 1004   2 0.105
 21714  487.66 2685.20 99.999  9.999 19.880   0   0 9.999  995   1 0.219
 21716  503.78 2686.71 99.999  9.999 19.548   0   0 9.999 1004   2 0.292
 21717  530.52 2681.57 99.999  9.999 19.313   0   0 9.999 1026   0 0.173
 21721  423.48 2685.98 21.831  2.163 19.668  73   0 0.335 1002   3 0.159
 21723  395.77 2684.75 99.999  9.999 19.792   0   0 9.999 1014   1 0.191
 21724  403.39 2684.87 99.999  9.999 19.457   0   0 9.999 1001   2 0.132
 21727  443.43 2686.95 99.999  9.999 19.610   0   0 9.999 1005   3 0.143
 21728  463.79 2685.17 99.999  9.999 20.091   0   0 9.999  996   0 0.219
 21729  473.32 2687.23 21.950  2.323 19.627  73   0 0.301  995   0 0.147
 21730  512.32 2688.18 21.609  1.583 20.026  75   0 0.227  999   0 0.320
 21732  546.75 2687.42 21.744  2.149 19.595  74   0 0.332 1016   2 0.161
 21744  451.53 2690.29 99.999  9.999 19.603   0   0 9.999 1011   4 0.145
 21746  532.40 2693.70 99.999  9.999 19.921   0   0 9.999  992   1 0.237
 21749  410.33 2695.38 99.999  9.999 19.948   0   0 9.999 1006   0 0.196
 21753  478.04 2697.51 21.783  2.090 19.693  73   0 0.343 1009   1 0.193
 21757  429.29 2698.85 99.999  9.999 19.917   0   0 9.999 1010   2 0.208
 21758  514.75 2699.92 99.999  9.999 19.598   0   0 9.999 1013   1 0.275
 21759  549.15 2700.83 99.999  9.999 19.858   0   0 9.999 1011   0 0.205
 21763  398.76 2700.73 21.761  2.455 19.306  74   0 0.266 1010   1 0.113
 21767  404.25 2701.51 99.999  9.999 19.399   0   0 9.999 1009   3 0.125
 21768  423.68 2700.34 99.999  9.999 19.899   0   0 9.999 1011   1 0.201
 21775  456.94 2704.05 99.999  9.999 19.500   0   0 9.999 1005   1 0.125
 21776  541.91 2703.72 99.999  9.999 19.185   0   0 9.999 1006   1 0.179
 21781  434.88 2705.64 99.999  9.999 20.058   0   0 9.999  991   3 0.225
 21782  520.12 2705.06 99.999  9.999 19.810   0   0 9.999  996   0 0.202
 21788  540.27 2710.12 21.748  1.982 19.766  76   0 0.271 1014   1 0.187
 21789  444.97 2709.58 99.999  9.999 20.001   0   0 9.999 1001   3 0.204
 21790  506.36 2708.34 99.999  9.999 19.463   0   0 9.999 1020   2 0.227
 21791  511.18 2708.16 99.999  9.999 19.772   0   0 9.999 1011   0 0.252
 21799  440.02 2708.18 99.999  9.999 20.037   0   0 9.999  994   3 0.206
 21800  393.27 2710.57 99.999  9.999 19.895   0   0 9.999 1005   4 0.197
 21801  412.51 2712.43 99.999  9.999 19.848   0   0 9.999 1006   1 0.189
 21806  418.95 2712.52 99.999  9.999 20.085   0   0 9.999  995   0 0.251
 21807  449.71 2710.80 99.999  9.999 20.159   0   0 9.999 1002   2 0.243
 21813  481.39 2716.05 21.958  2.378 19.581  70   0 0.438  999   1 0.161
 21814  496.75 2712.08 99.999  9.999 19.740   0   0 9.999  999   0 0.266
 21818  460.22 2718.73 21.770  2.234 19.536  76   0 0.281 1004   1 0.144
 21829  416.60 2722.36 99.999  9.999 19.537   0   0 9.999 1011   2 0.141
 21830  521.01 2721.31 21.799  2.418 19.381  71   0 0.310  998   2 0.112
 21838  443.34 2725.02 99.999  9.999 19.733   0   0 9.999 1016   1 0.172
 21839  537.58 2723.53 99.999  9.999 19.629   0   0 9.999 1013   1 0.150
 21840  503.01 2722.84 99.999  9.999 19.842   0   0 9.999  999   1 0.182
 21841  506.91 2725.20 22.018  2.384 19.633  76   0 0.351 1006   2 0.161
 21842  411.94 2724.59 99.999  9.999 19.978   0   0 9.999 1007   2 0.194
 21843  451.39 2726.51 22.198  2.722 19.476  62   0 0.390 1009   3 0.136
 21850  393.42 2728.70 99.999  9.999 19.901   0   0 9.999  999   2 0.205
 21851  445.15 2730.81 99.999  9.999 19.842   0   0 9.999 1014   1 0.199
 21854  425.24 2732.52 21.257  1.870 19.387  77   0 0.155 1008   3 0.116
 21862  397.19 2734.10 99.999  9.999 19.581   0   0 9.999 1010   4 0.145
 21863  449.93 2735.53 99.999  9.999 19.585   0   0 9.999 1003   2 0.138
 21864  530.13 2734.32 99.999  9.999 20.145   0   0 9.999 1007   0 0.234
 21867  416.68 2736.30 21.483  2.036 19.447  73   0 0.210 1010   2 0.126
 21868  504.03 2735.69 21.421  2.030 19.390  75   0 0.212 1010   3 0.125
 21874  423.90 2739.00 21.515  1.927 19.587  76   0 0.216 1005   1 0.144
 21875  501.44 2742.82 99.999  9.999 20.278   0   0 9.999  997   1 0.256
 21876  519.02 2737.86 99.999  9.999 20.765   0   0 9.999  959   0 0.383
 21880  396.44 2739.85 22.287  2.297 19.991  61   0 0.368 1008   1 0.232
 21881  507.78 2739.76 99.999  9.999 19.913   0   0 9.999 1015   1 0.193
 21887  433.52 2742.13 99.999  9.999 19.841   0   0 9.999  991   0 0.189
 21888  452.58 2741.26 99.999  9.999 19.623   0   0 9.999 1011   0 0.156
 21891  414.72 2743.63 21.486  1.584 19.901  77   0 0.218 1005   1 0.207
 21892  528.91 2742.64 99.999  9.999 20.225   0   0 9.999  991   0 0.259
 21893  534.71 2742.92 99.999  9.999 19.985   0   0 9.999  992   1 0.203
 21898  499.86 2745.77 22.267  2.171 20.096  69   0 0.358 1005   0 0.231
 21899  546.68 2746.13 99.999  9.999 19.942   0   0 9.999 1000   2 0.216
 21907  425.28 2747.85 99.999  9.999 19.802   0   0 9.999 1013   0 0.188
 21908  469.50 2748.55 99.999  9.999 19.839   0   0 9.999 1009   2 0.189
 21910  503.71 2749.28 99.999  9.999 19.482   0   0 9.999 1010   2 0.137
 21914  430.77 2749.49 99.999  9.999 19.806   0   0 9.999 1000   2 0.174
 21917  446.91 2750.80 99.999  9.999 19.875   0   0 9.999 1009   2 0.218
 21918  490.53 2750.79 99.999  9.999 20.023   0   0 9.999  999   1 0.214
 21921  461.83 2752.24 99.999  9.999 19.948   0   0 9.999 1007   1 0.207
 21922  511.34 2754.34 21.654  2.195 19.460  72   0 0.272 1015   1 0.133
 21923  514.13 2751.34 99.999  9.999 19.869   0   0 9.999 1005   2 0.186
 21925  452.63 2752.17 99.999  9.999 20.190   0   0 9.999  996   2 0.256
 21926  549.41 2753.79 99.999  9.999 19.833   0   0 9.999 1001   1 0.200
 21929  416.31 2753.86 21.505  1.916 19.590  73   0 0.247 1011   1 0.151
 21930  504.36 2753.38 21.998  2.435 19.562  76   0 0.344 1006   3 0.150
 21933  404.98 2756.04 21.400  1.965 19.436  74   0 0.205 1009   1 0.125
 21934  421.00 2754.07 99.999  9.999 19.708   0   0 9.999 1014   2 0.178
 21937  411.53 2756.38 21.628  1.821 19.807  70   0 0.196 1001   1 0.164
 21938  428.83 2756.58 99.999  9.999 19.958   0   0 9.999 1015   0 0.216
 21946  547.89 2758.85 99.999  9.999 19.759   0   0 9.999 1002   2 0.180
 21949  454.33 2761.06 99.999  9.999 19.724   0   0 9.999 1004   0 0.241
 21950  469.05 2760.24 99.999  9.999 19.733   0   0 9.999  997   1 0.196
 21956  438.83 2762.47 21.886  2.241 19.645  71   0 0.300 1012   2 0.152
 21957  510.43 2761.05 21.931  2.500 19.431  73   0 0.395 1009   2 0.134
 21958  515.85 2761.11 99.999  9.999 19.655   0   0 9.999 1005   1 0.162
 21969  421.54 2769.29 99.999  9.999 19.106   0   0 9.999 1022   1 0.118
 21970  484.91 2767.87 21.972  2.116 19.855  75   0 0.380 1009   1 0.194
 21972  411.16 2768.48 99.999  9.999 19.892   0   0 9.999 1003   1 0.204
 21973  459.55 2770.16 99.999  9.999 19.887   0   0 9.999 1002   2 0.243
 21981  541.94 2772.03 99.999  9.999 19.546   0   0 9.999 1005   2 0.140
 21987  443.40 2772.33 99.999  9.999 19.900   0   0 9.999 1007   2 0.200
 21988  480.06 2772.02 99.999  9.999 19.301   0   0 9.999 1010   1 0.118
 21996  492.54 2774.14 99.999  9.999 19.848   0   0 9.999 1009   2 0.189
 21999  496.98 2775.37 99.999  9.999 19.944   0   0 9.999 1006   2 0.201
 22005  523.04 2778.31 99.999  9.999 19.990   0   0 9.999 1008   1 0.205
 22008  511.48 2780.51 99.999  9.999 19.876   0   0 9.999 1002   1 0.185
 22009  539.72 2780.54 99.999  9.999 19.747   0   0 9.999 1007   0 0.169
 22011  389.95 2782.10 99.999  9.999 19.387   0   0 9.999  972   1 0.235
 22016  400.91 2781.59 99.999  9.999 20.182   0   0 9.999 1008   0 0.294
 22017  490.11 2782.34 99.999  9.999 19.537   0   0 9.999 1010   0 0.145
 22018  496.61 2781.60 99.999  9.999 20.137   0   0 9.999  997   1 0.246
 22021  415.93 2781.56 99.999  9.999 19.531   0   0 9.999 1006   3 0.159
 22022  431.57 2784.68 99.999  9.999 19.834   0   0 9.999 1001   2 0.183
 22023  545.02 2783.41 99.999  9.999 20.262   0   0 9.999 1000   1 0.266
 22027  451.61 2787.39 99.999  9.999 19.490   0   0 9.999 1004   2 0.138
 22028  463.37 2784.92 99.999  9.999 20.341   0   0 9.999 1009   1 0.303
 22029  518.45 2787.91 21.712  1.906 19.806  72   0 0.274 1006   2 0.172
 22030  521.71 2788.36 99.999  9.999 19.672   0   0 9.999 1010   2 0.150
 22033  426.08 2786.99 99.999  9.999 19.874   0   0 9.999 1003   1 0.218
 22034  477.03 2786.94 99.999  9.999 19.662   0   0 9.999 1005   1 0.160
 22037  472.77 2789.64 99.999  9.999 19.796   0   0 9.999 1002   2 0.189
 22038  531.45 2789.68 22.138  2.398 19.741  68   0 0.385 1009   1 0.186
 22040  442.35 2789.17 99.999  9.999 19.859   0   0 9.999 1002   0 0.179
 22041  456.51 2789.91 99.999  9.999 19.767   0   0 9.999 1007   1 0.183
 22042  514.87 2789.74 99.999  9.999 19.672   0   0 9.999 1008   2 0.154
 22046  487.69 2791.15 99.999  9.999 19.761   0   0 9.999 1006   3 0.167
 22050  393.90 2791.75 21.894  2.473 19.421  72   0 0.490  984   0 0.256
 22051  412.35 2793.18 21.588  2.304 19.284  70   1 0.227 1006   2 0.114
 22054  431.26 2795.34 21.948  2.527 19.422  78   0 0.356 1016   0 0.136
 22055  473.50 2793.80 99.999  9.999 20.330   0   0 9.999  960   0 0.330
 22060  465.78 2794.59 99.999  9.999 19.856   0   0 9.999 1001   1 0.191
 22063  486.00 2795.37 99.999  9.999 19.848   0   0 9.999  991   2 0.194
 22064  505.68 2795.67 99.999  9.999 20.194   0   0 9.999 1010   0 0.257
 22065  512.32 2796.04 99.999  9.999 19.911   0   0 9.999 1014   1 0.198
 22069  499.55 2795.17 99.999  9.999 20.498   0   0 9.999  997   0 0.314
 22073  439.34 2798.57 99.999  9.999 19.875   0   0 9.999 1006   1 0.195
 22077  450.45 2797.84 22.173  2.204 19.969  66   0 0.324 1005   3 0.198
 22078  490.64 2799.04 99.999  9.999 19.931   0   0 9.999  998   3 0.194
 22080  481.66 2799.98 99.999  9.999 19.636   0   0 9.999  995   5 0.209
 22085  519.46 2801.66 99.999  9.999 19.533   0   0 9.999 1006   1 0.144
 22097  483.75 2806.91 99.999  9.999 19.754   0   0 9.999 1007   4 0.175
 22100  495.54 2807.61 99.999  9.999 20.147   0   0 9.999  998   2 0.229
 22103  406.87 2808.90 99.999  9.999 20.004   0   0 9.999  988   1 0.250
 22105  538.11 2809.28 99.999  9.999 20.121   0   0 9.999 1005   0 0.248
 22111  484.20 2642.69 99.999  9.999 19.585   0   0 9.999 1012   0 0.154
 22112  458.91 2675.85 20.610  1.501 19.109  74   0 0.114 1011   0 0.102
 22125  427.27 2583.43 20.864  1.208 19.656  77   0 0.143 1014   2 0.163
 22127  549.33 2627.10 99.999  9.999 19.597   0   0 9.999  979   0 0.355
 22131  429.96 2769.37 21.218  1.620 19.598  75   0 0.233 1013   4 0.165
 22132  512.22 2772.90 21.429  1.310 20.119  79   0 0.238  999   0 0.244
 22138  461.57 2775.49 21.963  1.760 20.203  76   0 0.376 1002   2 0.263
 22143  540.27 2707.81 21.748  1.582 20.166  76   0 0.271  998   2 0.278
 22579  472.77 2557.54 99.999  9.999 20.052   0   0 9.999 1006   2 0.221
 22582  497.79 2559.04 99.999  9.999 20.457   0   0 9.999  998   0 0.325
 22583  516.69 2559.78 99.999  9.999 20.529   0   0 9.999 1001   0 0.337
 22588  532.50 2560.58 22.082  1.534 20.548  72   0 0.446  977   0 0.313
 22589  410.35 2561.32 99.999  9.999 20.938   0   0 9.999  949   0 0.421
 22591  430.31 2564.13 99.999  9.999 20.163   0   0 9.999 1004   1 0.241
 22593  437.57 2566.28 99.999  9.999 20.008   0   0 9.999 1014   0 0.217
 22594  461.47 2565.79 99.999  9.999 20.658   0   0 9.999  974   0 0.341
 22596  406.16 2568.77 99.999  9.999 20.103   0   0 9.999 1001   2 0.234
 22599  548.98 2568.22 99.999  9.999 20.351   0   0 9.999 1000   0 0.306
 22604  394.85 2571.80 99.999  9.999 20.969   0   0 9.999  959   1 0.433
 22607  431.80 2576.95 99.999  9.999 20.611   0   0 9.999  976   0 0.330
 22611  520.43 2577.48 99.999  9.999 20.476   0   0 9.999  993   1 0.312
 22614  454.73 2578.17 99.999  9.999 20.673   0   0 9.999  972   0 0.350
 22615  490.32 2579.00 99.999  9.999 20.860   0   0 9.999  946   0 0.422
 22616  546.10 2580.07 99.999  9.999 20.895   0   0 9.999  945   0 0.422
 22618  407.22 2581.37 99.999  9.999 20.515   0   0 9.999  999   0 0.357
 22620  444.05 2584.33 99.999  9.999 20.039   0   0 9.999 1016   0 0.236
 22624  461.21 2590.19 99.999  9.999 20.006   0   0 9.999  996   2 0.232
 22627  453.86 2590.76 99.999  9.999 20.358   0   0 9.999 1001   1 0.289
 22631  481.76 2592.40 99.999  9.999 20.074   0   0 9.999  998   1 0.231
 22635  399.95 2596.79 99.999  9.999 20.372   0   0 9.999  985   1 0.305
 22636  496.20 2597.15 99.999  9.999 20.482   0   0 9.999  996   0 0.321
 22644  492.22 2601.42 99.999  9.999 20.750   0   0 9.999  980   0 0.385
 22647  543.95 2605.21 99.999  9.999 20.409   0   0 9.999  991   0 0.306
 22650  400.10 2608.61 99.999  9.999 20.686   0   0 9.999  971   0 0.419
 22653  456.19 2608.09 99.999  9.999 20.827   0   0 9.999  979   0 0.432
 22655  501.33 2608.83 99.999  9.999 20.592   0   0 9.999  971   0 0.342
 22656  416.87 2611.53 99.999  9.999 20.057   0   0 9.999 1009   0 0.262
 22657  530.57 2611.64 99.999  9.999 20.375   0   0 9.999  990   0 0.280
 22662  533.88 2616.91 99.999  9.999 20.265   0   0 9.999  994   2 0.262
 22663  452.67 2616.40 99.999  9.999 20.732   0   0 9.999  981   0 0.387
 22668  525.19 2620.17 99.999  9.999 20.367   0   0 9.999 1002   0 0.315
 22672  535.42 2624.37 21.714  1.806 19.908  72   0 0.308 1005   0 0.232
 22679  517.66 2627.12 99.999  9.999 20.378   0   0 9.999  995   0 0.292
 22687  411.92 2630.77 99.999  9.999 20.458   0   0 9.999  987   0 0.313
 22688  430.74 2629.00 99.999  9.999 19.994   0   0 9.999 1015   0 0.249
 22689  484.88 2631.62 99.999  9.999 20.058   0   0 9.999 1001   1 0.220
 22690  534.69 2630.87 99.999  9.999 20.592   0   0 9.999  970   0 0.365
 22691  475.23 2632.44 99.999  9.999 20.273   0   0 9.999 1002   0 0.264
 22693  425.77 2632.77 99.999  9.999 20.083   0   0 9.999 1010   1 0.251
 22694  446.63 2632.76 99.999  9.999 19.685   0   0 9.999 1008   1 0.166
 22696  512.09 2634.54 99.999  9.999 20.458   0   0 9.999  992   0 0.306
 22699  467.46 2638.61 99.999  9.999 20.239   0   0 9.999 1006   0 0.260
 22700  535.21 2636.23 99.999  9.999 20.296   0   0 9.999 1002   1 0.296
 22701  397.64 2637.53 99.999  9.999 20.271   0   0 9.999 1004   1 0.266
 22702  474.24 2638.83 99.999  9.999 20.463   0   0 9.999  991   2 0.309
 22703  481.45 2638.73 99.999  9.999 20.322   0   0 9.999 1008   0 0.298
 22704  391.75 2639.85 99.999  9.999 20.488   0   0 9.999  981   0 0.309
 22711  450.42 2641.76 99.999  9.999 19.991   0   0 9.999  999   0 0.207
 22720  528.85 2649.97 99.999  9.999 19.853   0   0 9.999 1013   2 0.212
 22724  395.02 2655.97 99.999  9.999 20.039   0   0 9.999 1004   2 0.220
 22728  408.09 2657.19 99.999  9.999 20.257   0   0 9.999 1007   0 0.275
 22731  512.85 2659.97 99.999  9.999 20.244   0   0 9.999  994   0 0.267
 22737  435.64 2662.14 99.999  9.999 20.504   0   0 9.999  994   0 0.312
 22746  535.72 2672.03 99.999  9.999 20.713   0   0 9.999  921   0 0.436
 22747  429.07 2673.17 99.999  9.999 20.587   0   0 9.999  995   1 0.382
 22748  395.44 2673.00 99.999  9.999 19.903   0   0 9.999 1004   0 0.203
 22749  411.00 2672.60 99.999  9.999 20.078   0   0 9.999 1008   0 0.234
 22750  454.38 2672.82 99.999  9.999 20.697   0   0 9.999  973   0 0.367
 22755  486.40 2679.92 99.999  9.999 19.897   0   0 9.999 1004   1 0.199
 22756  522.02 2678.21 21.793  2.144 19.649  74   0 0.339 1010   2 0.176
 22758  507.63 2680.61 21.412  1.684 19.728  76   0 0.224 1003   1 0.192
 22760  474.23 2680.12 99.999  9.999 20.041   0   0 9.999  998   1 0.219
 22764  480.13 2685.76 99.999  9.999 20.301   0   0 9.999  997   0 0.289
 22767  447.23 2686.43 21.582  1.709 19.873  75   0 0.297 1010   0 0.192
 22770  469.14 2689.11 99.999  9.999 19.925   0   0 9.999  997   3 0.183
 22772  424.49 2689.35 99.999  9.999 20.245   0   0 9.999  989   2 0.260
 22774  405.34 2693.79 99.999  9.999 20.406   0   0 9.999  990   1 0.293
 22776  536.15 2694.67 22.302  2.233 20.069  69   0 0.401  988   1 0.235
 22779  393.70 2695.34 99.999  9.999 20.152   0   0 9.999 1002   1 0.248
 22780  458.21 2697.33 99.999  9.999 20.306   0   0 9.999  997   1 0.267
 22789  523.94 2705.54 99.999  9.999 20.381   0   0 9.999  984   0 0.302
 22795  401.43 2710.33 99.999  9.999 20.471   0   0 9.999  992   0 0.315
 22796  517.55 2708.90 99.999  9.999 20.632   0   0 9.999  971   0 0.394
 22797  501.04 2708.70 99.999  9.999 20.079   0   0 9.999  981   1 0.335
 22802  502.48 2712.77 99.999  9.999 20.477   0   0 9.999  958   0 0.362
 22805  439.78 2716.59 99.999  9.999 20.377   0   0 9.999 1000   0 0.284
 22806  418.82 2717.74 99.999  9.999 20.474   0   0 9.999  986   0 0.308
 22807  463.31 2717.86 99.999  9.999 20.024   0   0 9.999  992   3 0.206
 22808  496.93 2715.45 99.999  9.999 19.893   0   0 9.999  999   1 0.242
 22809  405.20 2720.46 99.999  9.999 20.528   0   0 9.999  980   0 0.347
 22816  455.69 2723.94 99.999  9.999 20.463   0   0 9.999  986   0 0.309
 22817  517.36 2727.41 99.999  9.999 20.426   0   0 9.999  981   0 0.306
 22820  422.62 2727.81 99.999  9.999 20.399   0   0 9.999  991   0 0.286
 22821  545.34 2727.14 99.999  9.999 20.434   0   0 9.999  993   0 0.310
 22822  416.19 2727.85 99.999  9.999 20.087   0   0 9.999 1011   3 0.222
 22823  489.14 2729.92 99.999  9.999 20.393   0   0 9.999  999   0 0.324
 22824  506.79 2728.90 99.999  9.999 20.394   0   0 9.999  995   1 0.316
 22826  465.83 2730.97 99.999  9.999 20.291   0   0 9.999  999   1 0.265
 22832  403.70 2735.68 99.999  9.999 20.474   0   0 9.999  987   0 0.313
 22833  488.51 2734.76 99.999  9.999 20.200   0   0 9.999 1007   0 0.258
 22837  472.00 2740.81 99.999  9.999 20.313   0   0 9.999  985   1 0.270
 22839  463.11 2739.30 99.999  9.999 20.383   0   0 9.999 1002   1 0.275
 22841  540.03 2740.68 99.999  9.999 19.957   0   0 9.999 1008   2 0.204
 22847  530.58 2748.03 99.999  9.999 20.409   0   0 9.999  950   0 0.290
 22857  476.54 2759.54 99.999  9.999 20.714   0   0 9.999  966   0 0.372
 22862  443.61 2762.53 99.999  9.999 20.843   0   0 9.999  963   0 0.408
 22868  500.09 2765.65 99.999  9.999 20.508   0   0 9.999  990   0 0.312
 22883  429.73 2774.20 99.999  9.999 20.174   0   0 9.999  988   1 0.272
 22887  442.49 2777.56 99.999  9.999 20.053   0   0 9.999 1002   1 0.232
 22889  436.52 2778.15 99.999  9.999 20.473   0   0 9.999 1001   0 0.312
 22890  476.41 2778.51 99.999  9.999 20.133   0   0 9.999 1011   0 0.241
 22891  515.52 2782.14 99.999  9.999 20.546   0   0 9.999  986   0 0.326
 22892  533.08 2780.40 99.999  9.999 20.285   0   0 9.999  998   1 0.259
 22897  391.98 2787.29 99.999  9.999 19.847   0   0 9.999  933   1 0.350
 22898  411.74 2786.90 99.999  9.999 20.725   0   0 9.999  955   0 0.380
 22899  526.57 2786.78 99.999  9.999 20.394   0   0 9.999 1000   0 0.296
 22905  505.42 2788.45 99.999  9.999 20.806   0   0 9.999  973   0 0.419
 22906  543.14 2790.67 99.999  9.999 20.459   0   0 9.999  983   0 0.307
 22914  423.41 2800.01 99.999  9.999 20.424   0   0 9.999  995   1 0.303
 22916  510.75 2801.18 99.999  9.999 20.423   0   0 9.999  988   2 0.310
 22920  411.30 2806.14 99.999  9.999 20.459   0   0 9.999  976   0 0.307
 22921  425.32 2805.64 99.999  9.999 20.515   0   0 9.999  987   0 0.318
 22922  527.48 2806.69 99.999  9.999 20.103   0   0 9.999 1011   1 0.251
 22924  549.33 2808.28 99.999  9.999 21.050   0   0 9.999  906   0 0.501
 22928  458.49 2808.78 99.999  9.999 20.302   0   0 9.999 1000   0 0.276
 22931  462.92 2674.07 99.999  9.999 20.817   0   0 9.999  974   0 0.423
 22940  423.20 2627.27 21.303  1.403 19.900  73   0 0.191 1014   1 0.206
 22942  395.96 2666.88 99.999  9.999 19.895   0   0 9.999 1003   2 0.202
 22944  421.93 2681.92 99.999  9.999 20.079   0   0 9.999 1000   0 0.265
 22952  432.25 2877.36 18.297  4.852 13.445  82   0 0.088 1050   0 0.043
 22970  428.16 2846.02 15.543  0.927 14.616  82   0 0.004 1043   7 0.007
 22972  547.83 2853.19 17.724  2.595 15.129  81   1 0.012 1043   7 0.010
 22974  461.61 2865.98 16.348  1.218 15.130  81   1 0.006 1046   4 0.007
 22975  435.00 2868.06 17.915  3.240 14.674  82   0 0.017 1046   4 0.011
 22981  520.66 2906.96 20.543  5.775 14.769  77   0 0.136 1050   0 0.086
 22982  532.35 2908.40 15.423  0.859 14.563  82   0 0.003 1042   8 0.008
 22983  478.92 2911.25 17.436  2.275 15.161  81   1 0.010 1043   7 0.006
 22986  405.97 2972.08 18.047  3.275 14.773  82   0 0.021 1042   8 0.005
 22988  458.72 2989.79 16.414  1.316 15.098  82   0 0.006 1048   2 0.005
 22991  460.12 3001.52 17.708  2.622 15.086  82   0 0.012 1047   3 0.005
 23021  410.26 2825.38 16.778  1.401 15.377  82   0 0.006 1040  10 0.009
 23024  443.74 2833.87 18.857  2.916 15.941  80   0 0.025 1043   5 0.009
 23028  539.53 2868.56 18.426  3.330 15.096  81   0 0.020 1044   6 0.009
 23031  536.99 2900.20 17.136  1.443 15.693  82   0 0.012 1047   1 0.013
 23034  389.36 2927.60 18.039  2.286 15.752  82   0 0.015 1042   5 0.007
 23041  442.56 2966.19 17.686  2.193 15.494  82   0 0.013 1046   4 0.006
 23042  518.72 2967.85 18.386  2.498 15.889  82   0 0.019 1044   5 0.008
 23045  543.50 2978.52 18.479  2.767 15.713  82   0 0.022 1047   2 0.009
 23047  438.34 2988.76 18.103  2.418 15.685  82   0 0.020 1047   2 0.008
 23093  413.97 2823.63 18.404  2.456 15.948  82   0 0.026 1043   6 0.014
 23102  422.09 2816.05 19.011  2.859 16.153  82   0 0.030 1046   2 0.011
 23105  465.32 2821.56 19.307  2.591 16.716  78   1 0.033 1022   5 0.013
 23113  445.22 2855.71 18.966  2.560 16.406  80   1 0.032 1042   3 0.013
 23114  463.33 2858.20 18.754  2.451 16.303  81   0 0.029 1032   3 0.012
 23115  521.22 2861.11 19.296  2.723 16.573  81   0 0.038 1019   5 0.013
 23118  505.46 2867.47 17.746  1.395 16.350  82   0 0.012 1031   1 0.012
 23119  527.82 2869.49 19.415  2.623 16.792  78   0 0.044 1032   3 0.016
 23125  425.35 2882.59 18.891  2.317 16.573  81   0 0.032 1031   4 0.044
 23126  461.43 2905.14 18.886  2.383 16.503  80   0 0.025 1027   7 0.012
 23131  507.26 2914.27 18.785  2.496 16.289  82   0 0.028 1032   5 0.012
 23133  502.05 2918.49 18.946  2.530 16.415  82   0 0.030 1038   3 0.012
 23137  406.55 2924.00 18.258  1.552 16.706  82   0 0.017 1026   3 0.014
 23138  474.04 2929.27 18.928  2.288 16.640  81   0 0.034 1034   5 0.013
 23144  520.98 2941.67 19.234  2.527 16.707  80   0 0.035 1023   4 0.015
 23145  475.84 2943.74 19.303  2.391 16.913  81   0 0.049 1028   2 0.016
 23147  458.07 2945.12 19.139  2.380 16.759  81   0 0.033 1037   0 0.014
 23148  520.08 2947.24 19.062  2.439 16.623  80   0 0.043 1032   4 0.014
 23149  543.87 2950.03 19.021  2.455 16.565  80   0 0.028 1020   5 0.011
 23152  423.90 2954.73 19.148  2.463 16.685  80   0 0.035 1030   2 0.013
 23153  465.21 2955.19 18.852  2.567 16.284  80   0 0.034 1037   4 0.010
 23154  406.54 2959.23 18.900  2.541 16.359  80   0 0.026 1031   3 0.010
 23160  451.39 2966.75 19.392  2.522 16.869  78   1 0.037 1020   3 0.016
 23162  425.13 2969.83 19.114  2.202 16.912  81   0 0.045 1028   2 0.017
 23164  412.46 2974.89 18.313  2.282 16.031  81   1 0.016 1046   4 0.010
 23165  461.55 2982.10 18.610  2.394 16.216  82   0 0.025 1043   1 0.011
 23168  393.19 2986.47 18.837  2.510 16.327  80   1 0.029 1030   4 0.010
 23172  464.79 2996.35 19.241  2.602 16.639  82   0 0.043 1030   3 0.017
 23173  513.00 2997.58 18.850  2.532 16.318  82   0 0.031 1031   5 0.010
 23178  474.30 3009.63 19.283  2.590 16.692  80   0 0.045 1028   3 0.014
 23350  427.86 2956.74 19.134  1.676 17.458  81   0 0.035 1018   1 0.024
 23351  429.16 2969.89 19.540  2.297 17.243  80   0 0.058 1025   2 0.022
 23371  523.62 2820.01 19.852  2.722 17.129  77   0 0.067 1019   1 0.019
 23377  544.72 2834.44 20.352  2.748 17.604  78   0 0.105 1018   1 0.033
 23380  389.63 2840.95 19.614  2.587 17.027  80   0 0.050 1016   2 0.016
 23382  433.83 2843.01 19.556  1.943 17.613  81   0 0.089 1022   0 0.055
 23383  526.89 2843.16 20.083  2.666 17.417  77   0 0.077 1018   1 0.022
 23386  548.00 2848.81 19.426  2.014 17.413  81   0 0.053 1025   1 0.055
 23390  417.34 2852.90 20.024  2.323 17.701  80   0 0.076 1012   4 0.030
 23391  494.56 2854.21 19.785  2.677 17.108  75   0 0.050 1020   4 0.017
 23397  529.04 2859.27 19.909  2.852 17.057  78   0 0.070 1014   3 0.018
 23402  538.89 2876.56 19.933  2.673 17.260  79   0 0.054 1020   4 0.025
 23404  403.06 2881.44 19.773  2.516 17.257  78   0 0.058 1016   3 0.020
 23407  517.48 2886.02 20.371  2.702 17.670  75   0 0.100 1010   6 0.026
 23410  430.70 2898.60 19.243  1.991 17.251  80   0 0.047 1019   2 0.020
 23414  531.59 2901.33 18.897  1.679 17.217  82   0 0.052 1021   4 0.036
 23417  505.51 2903.84 19.547  1.970 17.577  78   0 0.081 1021   0 0.075
 23418  540.76 2908.79 19.710  2.500 17.211  79   1 0.068 1029   1 0.040
 23420  533.79 2910.69 99.999  9.999 16.605   0   0 9.999 1047   2 0.050
 23421  437.51 2913.27 19.047  1.530 17.517  80   0 0.040 1015   3 0.024
 23424  522.07 2925.19 19.553  2.461 17.092  79   0 0.044 1014   6 0.017
 23428  548.20 2936.43 20.655  2.810 17.845  77   0 0.133 1016   0 0.052
 23429  391.44 2938.37 19.729  2.387 17.342  78   0 0.058 1018   2 0.021
 23430  469.28 2940.44 19.402  2.456 16.946  79   0 0.037 1022   5 0.016
 23432  449.79 2941.82 19.709  2.617 17.093  79   0 0.050 1018   5 0.017
 23433  444.23 2941.60 19.799  2.271 17.528  78   0 0.047 1011   4 0.024
 23434  502.61 2943.66 19.568  2.437 17.131  79   0 0.042 1016   2 0.018
 23435  527.24 2945.91 20.136  2.677 17.459  78   0 0.102 1015   2 0.026
 23440  521.99 2953.31 19.883  2.533 17.350  80   0 0.067 1014   4 0.023
 23446  533.87 2970.24 20.213  2.444 17.769  77   0 0.064 1013   2 0.028
 23450  408.46 2979.26 20.028  1.912 18.116  80   0 0.072 1024   3 0.051
 23453  451.53 3000.05 19.660  2.458 17.201  79   0 0.059 1017   6 0.021
 23456  402.17 3007.46 20.108  2.374 17.734  79   0 0.076 1013   3 0.028
 23457  548.12 3009.68 19.214  2.025 17.190  79   0 0.034 1022   2 0.020
 23603  462.31 2947.77 19.882  1.937 17.945  79   0 0.070 1016   2 0.037
 23607  539.54 2835.01 20.874  2.152 18.722  75   1 0.122 1011   1 0.069
 23609  531.62 2840.88 20.545  2.023 18.522  78   0 0.110 1014   1 0.057
 23614  538.11 2883.11 21.274  2.237 19.037  78   0 0.207 1011   4 0.097
 23615  400.60 2885.08 20.324  2.139 18.185  79   0 0.095 1016   1 0.044
 23619  541.94 2911.32 20.801  2.296 18.505  79   0 0.141 1013   3 0.096
 23623  405.97 3003.97 21.390  2.563 18.828  74   0 0.176 1011   3 0.076
 23642  446.81 2816.14 20.929  2.512 18.416  80   0 0.147 1010   2 0.049
 23644  404.17 2818.59 19.851  1.785 18.066  80   0 0.068 1016   1 0.043
 23645  480.41 2817.16 21.571  3.007 18.564  77   0 0.285 1012   0 0.055
 23646  389.26 2817.90 21.024  2.460 18.563  77   0 0.184 1016   0 0.065
 23650  500.75 2821.39 20.481  2.424 18.057  73   0 0.095 1008   4 0.037
 23659  429.26 2833.53 20.532  1.966 18.566  78   0 0.111 1014   4 0.066
 23661  446.19 2837.07 20.737  2.444 18.293  78   0 0.157 1019   1 0.061
 23664  505.38 2842.99 20.357  2.409 17.948  74   1 0.074 1010   4 0.031
 23676  427.38 2855.36 20.424  2.192 18.232  78   0 0.100 1023   3 0.056
 23686  390.14 2864.87 20.788  2.317 18.471  79   0 0.138 1011   1 0.052
 23689  431.05 2870.04 99.999  9.999 17.936   0   0 9.999 1000   0 0.214
 23694  438.12 2876.02 99.999  9.999 18.788   0   0 9.999  866   0 0.394
 23696  454.01 2877.77 19.827  1.929 17.898  80   0 0.069 1015   4 0.036
 23702  417.92 2884.38 20.360  1.500 18.860  78   0 0.122 1010   7 0.102
 23703  429.22 2884.59 20.956  2.570 18.385  80   0 0.177  976   0 0.223
 23710  453.81 2892.48 20.845  2.490 18.356  77   1 0.113 1010   3 0.046
 23711  528.76 2894.79 20.449  2.520 17.929  80   0 0.116 1011   5 0.040
 23714  445.91 2895.73 20.296  1.987 18.309  77   1 0.081 1012   1 0.054
 23716  475.33 2897.34 20.210  1.973 18.236  79   0 0.071 1012   3 0.045
 23717  441.87 2900.55 20.546  2.409 18.137  77   0 0.102 1015   1 0.042
 23722  444.07 2911.23 20.178  2.155 18.023  78   1 0.064 1014   2 0.037
 23727  457.55 2916.07 19.918  2.119 17.799  76   1 0.057 1015   2 0.029
 23731  435.72 2919.68 19.892  1.904 17.988  79   0 0.063 1015   2 0.034
 23735  429.80 2922.77 20.726  2.519 18.207  77   0 0.114 1015   2 0.044
 23736  393.89 2925.11 21.119  2.602 18.517  75   0 0.162 1010   5 0.069
 23741  499.08 2933.89 20.190  2.269 17.920  76   0 0.082 1015   1 0.031
 23742  513.65 2936.57 20.415  1.950 18.465  77   0 0.086 1015   0 0.056
 23743  536.83 2935.55 21.111  3.064 18.047  77   0 0.147 1009   5 0.037
 23744  474.07 2941.41 20.106  2.402 17.704  81   0 0.088 1021   1 0.035
 23745  430.53 2944.54 20.146  2.317 17.829  76   0 0.082 1015   1 0.029
 23747  489.15 2947.67 19.981  1.876 18.105  78   0 0.072 1012   2 0.040
 23755  517.26 2957.04 19.751  1.837 17.914  80   0 0.057 1011   4 0.036
 23759  508.01 2963.38 20.788  2.158 18.630  76   0 0.141 1011   1 0.061
 23760  536.90 2965.03 20.439  2.401 18.038  78   0 0.102 1014   2 0.038
 23768  493.69 2973.37 20.389  1.979 18.411  81   0 0.093 1010   5 0.049
 23769  450.97 2975.42 19.889  1.723 18.166  79   0 0.067 1012   2 0.039
 23772  405.55 2978.79 19.836  1.897 17.939  81   0 0.070 1022   3 0.047
 23775  410.43 2979.67 20.028  1.739 18.288  80   0 0.072 1025   2 0.059
 23777  549.59 2983.95 20.605  2.302 18.302  76   0 0.119 1015   3 0.062
 23779  457.37 2984.76 20.276  1.829 18.447  82   0 0.148 1029   2 0.078
 23780  410.42 2986.14 20.514  2.119 18.395  76   0 0.102 1010   2 0.052
 23781  474.77 2986.00 20.872  2.454 18.418  74   0 0.152 1007   5 0.051
 23783  428.02 2992.37 19.916  1.916 18.001  78   0 0.066 1013   1 0.035
 23784  435.35 2992.35 20.263  2.390 17.873  80   1 0.096 1020   2 0.039
 23785  510.90 2994.87 20.163  2.268 17.895  80   0 0.108 1019   2 0.047
 23786  404.89 2997.28 20.947  2.504 18.443  75   0 0.128 1015   2 0.053
 23791  480.20 3006.88 20.269  2.462 17.807  75   0 0.105 1015   3 0.030
 23793  425.84 3008.45 20.317  2.130 18.187  77   0 0.091 1012   5 0.039
 23797  412.47 3012.17 20.483  2.045 18.438  78   0 0.109 1012   0 0.053
 23799  514.44 3014.68 20.524  2.063 18.462  77   0 0.103 1014   3 0.098
 23801  436.88 3016.88 20.098  1.784 18.314  78   0 0.080 1012   3 0.043
 23802  526.16 3015.43 99.999  9.999 18.537   0   0 9.999 1007   0 0.185
 24066  397.87 2884.87 20.669  1.763 18.906  77   0 0.115 1016   2 0.082
 24074  447.13 2820.00 21.891  2.432 19.459  73   0 0.329 1017   2 0.132
 24075  402.69 2821.07 21.356  2.530 18.826  77   0 0.235 1020   1 0.085
 24083  421.05 2884.45 99.999  9.999 19.909   0   0 9.999  959   1 0.306
 24084  429.52 2888.72 99.999  9.999 20.371   0   0 9.999  900   1 0.369
 24086  437.58 2902.57 21.346  2.007 19.339  78   0 0.214 1020   0 0.124
 24087  515.53 2937.45 21.490  2.896 18.594  77   0 0.244 1012   2 0.063
 24088  486.51 2946.55 99.999  9.999 18.589   0   0 9.999 1014   2 0.063
 24090  515.41 2954.06 99.999  9.999 18.929   0   0 9.999 1011   2 0.092
 24093  548.09 2987.01 20.951  2.193 18.758  77   0 0.155 1014   3 0.085
 24141  407.70 2812.63 21.415  2.326 19.090  81   0 0.366 1017   1 0.120
 24147  428.15 2814.50 20.990  2.316 18.674  77   0 0.133 1014   0 0.073
 24150  504.28 2815.30 21.254  2.431 18.824  75   0 0.219 1007   2 0.070
 24151  547.75 2814.53 21.567  2.518 19.049  72   0 0.201 1003   2 0.091
 24153  532.70 2815.61 21.362  2.312 19.050  74   0 0.200 1007   2 0.087
 24156  491.17 2817.02 21.865  2.923 18.942  76   0 0.342 1005   3 0.077
 24161  519.48 2818.43 21.521  2.323 19.198  75   0 0.255 1011   1 0.113
 24166  392.46 2819.04 21.255  2.352 18.903  76   0 0.207 1011   2 0.083
 24167  509.85 2823.19 21.435  2.430 19.005  73   0 0.264 1010   1 0.081
 24175  531.09 2826.98 21.375  2.310 19.065  75   0 0.211 1003   0 0.085
 24177  451.33 2827.99 21.500  2.313 19.187  74   0 0.223 1010   1 0.099
 24181  416.26 2831.78 99.999  9.999 19.451   0   0 9.999 1015   2 0.157
 24189  431.05 2838.44 20.544  2.070 18.475  81   0 0.152 1011   2 0.079
 24190  438.25 2843.00 21.106  1.956 19.150  78   0 0.266 1011   0 0.129
 24191  439.10 2837.83 21.370  2.171 19.199  75   1 0.243 1012   1 0.117
 24193  402.69 2840.73 21.013  1.876 19.137  71   0 0.172 1017   4 0.099
 24195  423.54 2839.53 20.888  1.964 18.924  82   0 0.196 1020   3 0.116
 24196  470.03 2840.68 21.357  2.342 19.015  73   0 0.225 1009   4 0.082
 24200  449.12 2841.98 21.707  2.327 19.381  76   0 0.287 1014   0 0.120
 24204  407.87 2848.37 21.061  2.156 18.905  75   0 0.172 1012   0 0.073
 24209  398.74 2847.38 21.160  2.066 19.094  75   0 0.171 1009   0 0.089
 24210  471.24 2848.77 21.421  2.444 18.977  75   0 0.264 1007   2 0.083
 24211  543.40 2847.60 21.595  2.273 19.322  75   0 0.301 1001   4 0.179
 24214  429.24 2850.59 99.999  9.999 18.886   0   0 9.999 1018   0 0.174
 24222  437.92 2857.11 20.991  1.921 19.070  78   0 0.171 1023   0 0.120
 24224  469.43 2860.35 21.293  2.381 18.912  80   0 0.203 1014   2 0.091
 24225  515.60 2859.33 21.254  2.268 18.986  78   0 0.220 1013   4 0.088
 24228  433.01 2860.03 21.170  2.295 18.875  75   1 0.182 1025   2 0.113
 24229  418.40 2860.91 20.880  1.867 19.013  76   0 0.163 1019   4 0.101
 24231  540.89 2862.58 21.748  2.648 19.100  73   1 0.271 1009   4 0.142
 24234  411.35 2865.09 20.882  2.222 18.660  79   0 0.154 1012   2 0.072
 24237  430.17 2862.92 99.999  9.999 19.149   0   0 9.999 1019   4 0.161
 24239  442.37 2864.77 99.999  9.999 19.197   0   0 9.999 1012   5 0.135
 24240  500.98 2866.00 99.999  9.999 19.298   0   0 9.999 1017   1 0.129
 24241  478.16 2866.63 99.999  9.999 19.110   0   0 9.999 1007   2 0.093
 24245  391.20 2869.82 21.245  2.108 19.137  77   1 0.159 1009   5 0.097
 24251  425.43 2871.01 22.061  2.681 19.380  67   0 0.385  956   1 0.253
 24256  437.95 2871.99 99.999  9.999 19.036   0   0 9.999  913   0 0.304
 24265  441.76 2882.62 99.999  9.999 19.400   0   0 9.999  991   1 0.224
 24267  525.99 2882.30 20.996  2.260 18.736  75   0 0.148 1010   4 0.069
 24271  447.11 2882.06 21.663  2.359 19.304  77   0 0.334 1010   2 0.145
 24273  437.46 2879.46 99.999  9.999 18.542   0   0 9.999  863   0 0.397
 24277  455.35 2884.81 21.041  2.114 18.927  78   0 0.186 1013   2 0.093
 24281  411.47 2889.64 21.572  2.708 18.865  74   0 0.257 1014   0 0.084
 24284  390.78 2890.33 20.913  2.010 18.904  76   0 0.137 1010   1 0.080
 24285  547.58 2890.69 21.177  2.652 18.525  77   0 0.223 1015   3 0.075
 24291  479.12 2894.35 20.986  2.077 18.909  75   0 0.118 1008   4 0.083
 24297  465.87 2895.93 21.158  2.104 19.054  79   0 0.176 1012   0 0.087
 24298  511.33 2895.10 21.493  2.298 19.195  71   0 0.211 1005   2 0.103
 24301  543.15 2897.15 99.999  9.999 19.470   0   0 9.999 1018   1 0.176
 24303  425.59 2898.96 20.789  2.055 18.734  79   1 0.128 1016   3 0.073
 24304  485.18 2899.23 21.150  2.094 19.057  77   0 0.173 1005   2 0.087
 24306  418.97 2900.58 21.040  1.942 19.098  75   0 0.161 1011   2 0.099
 24307  515.11 2900.44 21.774  2.602 19.172  68   0 0.323 1003   0 0.244
 24314  525.01 2902.35 99.999  9.999 19.049   0   0 9.999  994   0 0.448
 24318  474.27 2905.29 99.999  9.999 19.064   0   0 9.999 1007   3 0.113
 24319  481.65 2905.63 21.373  2.378 18.995  76   0 0.234 1007   4 0.110
 24323  436.99 2909.05 21.122  2.054 19.068  78   0 0.197 1012   2 0.095
 24328  505.46 2911.49 20.895  2.125 18.770  82   0 0.173 1018   2 0.088
 24330  493.57 2913.79 21.224  2.033 19.190  79   0 0.212 1013   3 0.110
 24332  488.60 2915.87 21.610  2.019 19.591  73   0 0.283 1010   2 0.158
 24333  484.09 2913.47 99.999  9.999 19.325   0   0 9.999 1004   1 0.167
 24335  422.44 2916.22 20.942  2.014 18.928  75   0 0.126 1010   3 0.081
 24338  391.49 2915.95 21.387  2.116 19.271  76   0 0.224 1006   5 0.105
 24339  510.87 2920.24 21.208  1.830 19.378  78   0 0.186 1009   3 0.134
 24345  399.19 2920.30 20.686  2.010 18.676  77   0 0.110 1009   0 0.065
 24347  534.22 2919.82 21.403  2.223 19.180  78   0 0.229 1010   3 0.112
 24348  544.33 2921.55 20.927  2.085 18.842  76   0 0.154 1017   3 0.086
 24350  444.31 2922.17 21.702  2.434 19.268  74   0 0.266 1010   3 0.102
 24353  508.80 2922.61 21.236  2.018 19.217  78   0 0.186 1010   2 0.106
 24354  439.20 2924.44 21.666  2.418 19.248  73   0 0.248 1016   1 0.108
 24357  546.59 2925.48 21.695  2.334 19.361  76   0 0.269 1010   3 0.157
 24360  395.91 2928.56 99.999  9.999 19.442   0   0 9.999 1006   1 0.145
 24363  423.98 2930.05 21.345  2.239 19.106  72   0 0.254 1003   1 0.084
 24366  478.89 2932.60 20.677  2.134 18.543  77   0 0.120 1017   3 0.059
 24370  449.77 2935.45 21.817  2.144 19.673  73   0 0.297 1012   2 0.155
 24376  411.01 2937.25 21.277  1.917 19.359  73   1 0.165 1007   2 0.112
 24381  416.28 2942.18 20.912  1.923 18.989  76   0 0.150 1009   3 0.083
 24382  538.42 2941.68 21.474  2.203 19.271  73   0 0.292 1017   3 0.113
 24388  403.11 2944.69 20.953  2.018 18.935  72   0 0.142 1012   0 0.077
 24390  465.53 2943.16 21.904  2.407 19.497  66   0 0.309 1013   2 0.152
 24391  415.11 2946.24 21.403  2.160 19.243  72   0 0.220 1011   4 0.101
 24392  446.46 2947.46 21.207  2.062 19.145  77   0 0.204 1016   0 0.106
 24393  425.53 2948.57 20.558  1.910 18.648  80   0 0.127 1016   4 0.063
 24400  396.92 2950.74 21.228  1.683 19.545  76   1 0.127 1006   4 0.129
 24401  441.83 2951.35 21.088  2.360 18.728  74   0 0.142 1015   1 0.068
 24406  452.39 2954.83 21.011  2.084 18.928  76   0 0.178 1013   3 0.084
 24409  490.16 2956.68 21.033  2.173 18.861  77   0 0.165 1014   2 0.073
 24413  414.59 2957.59 21.102  1.764 19.339  78   0 0.152 1014   2 0.121
 24415  545.89 2958.23 21.396  2.325 19.071  76   0 0.212 1012   3 0.100
 24420  477.42 2959.20 99.999  9.999 19.172   0   0 9.999 1006   3 0.114
 24421  500.12 2960.77 20.536  1.881 18.655  74   0 0.092 1010   1 0.060
 24422  392.56 2961.77 21.974  2.302 19.672  65   0 0.343 1012   0 0.153
 24423  449.24 2961.54 21.760  2.455 19.304  75   0 0.327 1009   2 0.128
 24424  435.33 2966.25 21.076  2.236 18.840  77   0 0.167 1014   4 0.079
 24425  431.73 2962.20 21.524  2.381 19.143  77   0 0.231 1015   3 0.096
 24427  530.69 2963.81 21.590  2.314 19.276  73   0 0.247 1016   2 0.120
 24428  548.59 2963.99 21.061  2.212 18.849  76   0 0.174 1019   1 0.087
 24431  421.64 2965.37 21.297  2.067 19.231  79   0 0.225 1011   5 0.109
 24433  436.52 2971.22 21.335  1.860 19.475  76   0 0.215 1019   1 0.149
 24440  428.51 2974.92 20.772  2.098 18.674  79   0 0.155 1020   2 0.073
 24441  510.43 2973.20 20.704  1.974 18.730  79   0 0.117 1012   2 0.069
 24442  465.34 2976.04 21.134  2.236 18.898  78   0 0.164 1019   3 0.086
 24446  420.75 2974.71 21.553  2.254 19.298  77   0 0.287 1011   1 0.136
 24449  548.25 2977.70 21.772  2.719 19.053  73   0 0.307 1023   0 0.138
 24452  431.90 2979.38 21.352  2.308 19.045  76   0 0.243 1017   6 0.095
 24454  441.69 2979.60 21.255  2.125 19.130  80   0 0.221 1015   0 0.102
 24459  501.21 2982.10 21.666  2.245 19.420  79   0 0.264 1006   2 0.116
 24461  488.87 2983.98 20.627  1.899 18.727  75   0 0.108 1008   5 0.070
 24467  443.57 2986.27 99.999  9.999 19.429   0   0 9.999 1010   3 0.150
 24470  403.37 2988.66 21.284  2.223 19.061  75   0 0.178 1015   2 0.094
 24471  539.41 2988.60 21.460  2.174 19.287  76   0 0.257 1015   1 0.111
 24473  529.13 2990.37 21.282  2.164 19.119  73   0 0.218 1008   4 0.092
 24476  465.63 2991.09 21.332  2.203 19.128  77   0 0.265 1007   4 0.139
 24480  514.31 2991.24 21.916  2.444 19.472  69   0 0.319 1010   2 0.146
 24484  394.94 2992.68 21.124  1.525 19.598  79   0 0.178 1011   2 0.165
 24485  407.31 2992.25 21.325  2.114 19.211  73   0 0.236 1010   1 0.101
 24486  414.33 2992.56 21.252  2.235 19.017  74   0 0.211 1008   3 0.084
 24487  549.70 2994.82 21.817  2.560 19.256  76   0 0.319 1014   2 0.117
 24489  532.85 2995.25 22.247  3.035 19.212  71   0 0.444 1009   2 0.103
 24493  458.08 2996.74 99.999  9.999 19.148   0   0 9.999 1026   5 0.152
 24494  469.24 2996.99 21.316  2.428 18.888  78   1 0.159 1006   3 0.091
 24496  506.50 2997.61 21.405  2.281 19.124  75   0 0.249 1013   0 0.099
 24501  496.76 3001.00 21.025  2.174 18.852  76   0 0.123 1005   4 0.065
 24506  434.85 3004.91 20.745  1.998 18.747  77   0 0.134 1012   1 0.064
 24510  467.56 3004.24 99.999  9.999 19.519   0   0 9.999 1003   5 0.146
 24512  462.57 3006.76 99.999  9.999 19.061   0   0 9.999 1026   1 0.115
 24515  494.31 3010.81 21.381  1.704 19.677  78   0 0.270 1009   3 0.149
 24534  477.46 3016.75 99.999  9.999 19.179   0   0 9.999 1009   3 0.103
 25228  533.29 2847.05 99.999  9.999 19.680   0   0 9.999 1023   0 0.170
 25229  406.48 2884.32 99.999  9.999 19.631   0   0 9.999 1013   1 0.167
 25231  409.08 2999.90 21.486  1.962 19.525  70   0 0.220 1012   2 0.132
 25235  418.97 2886.25 20.360  1.290 19.070  78   0 0.122 1015   2 0.127
 25237  509.28 2938.36 21.925  2.240 19.685  68   0 0.354 1011   0 0.164
 25243  521.27 3014.51 99.999  9.999 19.395   0   0 9.999  978   1 0.240
 25256  513.53 2958.69 99.999  9.999 19.591   0   0 9.999 1011   1 0.158
 25264  427.77 2818.71 99.999  9.999 20.224   0   0 9.999  998   0 0.279
 25265  504.57 2811.35 99.999  9.999 20.327   0   0 9.999 1001   2 0.269
 25269  406.52 2865.27 21.551  2.120 19.431  80   0 0.299 1003   1 0.135
 25273  424.70 2918.47 99.999  9.999 19.685   0   0 9.999 1015   2 0.181
 25274  422.65 2949.78 99.999  9.999 19.821   0   0 9.999 1015   1 0.203
 25275  416.75 2959.25 21.102  1.407 19.696  78   0 0.152 1017   1 0.162
 25279  491.48 2986.19 21.905  2.649 19.256  68   0 0.309 1011   1 0.111
 25321  527.30 2810.64 99.999  9.999 19.796   0   0 9.999 1005   3 0.185
 25325  535.59 2812.10 99.999  9.999 20.062   0   0 9.999 1011   0 0.218
 25328  514.46 2810.42 99.999  9.999 19.961   0   0 9.999 1014   0 0.202
 25333  414.63 2813.52 99.999  9.999 19.781   0   0 9.999 1006   2 0.198
 25334  470.69 2813.48 99.999  9.999 20.618   0   0 9.999  986   0 0.365
 25338  436.90 2814.59 99.999  9.999 20.248   0   0 9.999  994   0 0.244
 25339  523.64 2814.81 99.999  9.999 20.159   0   0 9.999 1000   1 0.251
 25343  529.21 2816.70 99.999  9.999 20.139   0   0 9.999 1005   0 0.243
 25344  536.49 2816.14 99.999  9.999 20.316   0   0 9.999 1008   0 0.263
 25348  465.54 2817.88 99.999  9.999 19.344   0   0 9.999 1011   1 0.141
 25350  515.19 2818.01 99.999  9.999 20.052   0   0 9.999 1009   0 0.212
 25354  458.76 2819.71 99.999  9.999 19.981   0   0 9.999 1006   1 0.202
 25359  407.37 2820.59 99.999  9.999 19.480   0   0 9.999 1012   1 0.213
 25360  486.65 2825.70 99.999  9.999 19.813   0   0 9.999 1005   2 0.167
 25361  487.18 2820.35 99.999  9.999 20.104   0   0 9.999 1007   0 0.206
 25365  474.75 2821.19 99.999  9.999 20.158   0   0 9.999 1007   0 0.232
 25373  391.18 2826.27 21.642  1.981 19.661  73   0 0.275 1014   1 0.161
 25377  464.88 2828.20 99.999  9.999 20.222   0   0 9.999 1004   1 0.245
 25378  524.80 2826.60 99.999  9.999 19.994   0   0 9.999 1006   3 0.206
 25380  494.10 2828.49 22.086  2.502 19.583  70   0 0.376 1003   1 0.138
 25388  400.48 2831.92 21.610  2.099 19.511  73   0 0.258 1019   0 0.139
 25389  545.30 2831.90 99.999  9.999 19.249   0   0 9.999 1019   1 0.134
 25391  454.71 2831.66 99.999  9.999 20.040   0   0 9.999 1002   3 0.204
 25393  419.64 2832.40 21.461  1.704 19.758  80   0 0.284 1009   0 0.203
 25394  498.66 2833.26 22.142  2.418 19.724  73   0 0.382 1007   3 0.149
 25395  393.66 2834.54 21.741  1.947 19.794  72   0 0.285 1009   2 0.179
 25398  526.89 2834.51 22.313  2.620 19.693  73   0 0.443 1012   2 0.147
 25400  449.34 2836.07 99.999  9.999 19.661   0   0 9.999 1007   2 0.171
 25401  474.68 2834.52 99.999  9.999 20.227   0   0 9.999 1002   0 0.236
 25402  480.63 2834.72 99.999  9.999 20.321   0   0 9.999  995   0 0.249
 25406  414.91 2837.18 99.999  9.999 19.832   0   0 9.999 1010   4 0.193
 25412  397.14 2839.19 21.773  2.041 19.732  73   0 0.318 1015   2 0.166
 25413  403.13 2837.75 99.999  9.999 20.021   0   0 9.999 1014   0 0.222
 25414  487.28 2838.40 99.999  9.999 20.120   0   0 9.999 1003   0 0.226
 25423  509.44 2843.57 99.999  9.999 19.513   0   0 9.999 1008   2 0.131
 25425  405.76 2844.50 99.999  9.999 20.082   0   0 9.999 1006   0 0.232
 25426  456.39 2843.26 99.999  9.999 20.318   0   0 9.999 1008   1 0.273
 25427  530.66 2843.55 99.999  9.999 19.450   0   0 9.999 1019   0 0.140
 25431  396.43 2844.03 99.999  9.999 20.380   0   0 9.999 1007   1 0.278
 25437  524.35 2848.86 99.999  9.999 20.228   0   0 9.999 1013   1 0.260
 25438  501.71 2852.66 21.812  2.324 19.488  71   0 0.338 1013   0 0.130
 25439  499.47 2848.78 99.999  9.999 19.767   0   0 9.999 1011   1 0.164
 25445  540.08 2851.57 22.184  2.319 19.865  70   0 0.467  996   1 0.248
 25450  392.10 2856.97 21.579  2.202 19.377  71   0 0.277 1015   2 0.119
 25451  451.15 2853.94 99.999  9.999 19.618   0   0 9.999 1011   3 0.150
 25452  468.81 2853.78 21.697  2.342 19.355  75   0 0.370 1012   3 0.129
 25458  510.57 2854.72 99.999  9.999 19.722   0   0 9.999 1010   0 0.166
 25459  471.49 2856.93 99.999  9.999 19.979   0   0 9.999 1000   1 0.222
 25464  452.31 2859.68 21.512  2.180 19.332  73   0 0.275 1016   1 0.136
 25469  439.67 2860.43 99.999  9.999 19.933   0   0 9.999 1015   3 0.272
 25470  537.00 2860.19 99.999  9.999 20.462   0   0 9.999  949   0 0.340
 25472  396.78 2861.03 99.999  9.999 19.850   0   0 9.999  994   2 0.169
 25473  404.29 2860.67 99.999  9.999 19.971   0   0 9.999  996   3 0.184
 25474  445.65 2858.61 99.999  9.999 19.114   0   0 9.999 1022   3 0.131
 25477  412.95 2860.83 99.999  9.999 19.905   0   0 9.999 1013   1 0.210
 25481  468.62 2865.50 99.999  9.999 19.403   0   0 9.999 1003   0 0.189
 25482  504.44 2861.29 99.999  9.999 20.162   0   0 9.999  983   2 0.228
 25483  511.76 2862.67 99.999  9.999 20.072   0   0 9.999 1000   2 0.223
 25484  548.54 2863.84 99.999  9.999 19.879   0   0 9.999 1009   3 0.233
 25490  426.65 2864.49 99.999  9.999 19.805   0   0 9.999  998   1 0.246
 25492  491.06 2865.70 99.999  9.999 20.263   0   0 9.999 1013   1 0.257
 25496  515.72 2866.61 22.064  2.206 19.859  69   0 0.447 1005   3 0.188
 25499  497.50 2867.29 99.999  9.999 20.697   0   0 9.999  980   0 0.370
 25504  441.32 2869.36 99.999  9.999 19.808   0   0 9.999  979   1 0.265
 25505  531.82 2868.39 99.999  9.999 20.021   0   0 9.999  989   1 0.280
 25506  548.81 2870.42 22.352  2.515 19.837  71   0 0.436 1014   1 0.238
 25510  421.18 2873.56 99.999  9.999 19.641   0   0 9.999  976   0 0.239
 25511  457.78 2873.84 99.999  9.999 19.625   0   0 9.999 1029   2 0.185
 25518  454.31 2869.79 99.999  9.999 20.054   0   0 9.999 1032   1 0.294
 25524  519.56 2873.55 22.026  2.271 19.756  71   0 0.391 1008   3 0.172
 25527  469.58 2875.57 21.835  2.417 19.418  73   0 0.266 1014   0 0.121
 25532  473.75 2874.75 99.999  9.999 19.499   0   0 9.999 1016   2 0.134
 25535  442.66 2875.66 99.999  9.999 20.144   0   0 9.999  910   0 0.349
 25539  448.65 2875.77 99.999  9.999 20.440   0   0 9.999  968   0 0.389
 25540  464.54 2874.71 99.999  9.999 20.152   0   0 9.999 1022   0 0.270
 25541  492.38 2876.04 99.999  9.999 20.340   0   0 9.999 1006   0 0.265
 25542  511.39 2877.17 21.922  2.059 19.862  70   0 0.291 1006   4 0.170
 25544  460.70 2880.51 21.919  2.259 19.660  74   0 0.335 1016   2 0.167
 25552  470.83 2880.95 99.999  9.999 19.628   0   0 9.999 1017   3 0.146
 25557  477.16 2882.03 99.999  9.999 19.911   0   0 9.999 1004   3 0.189
 25561  485.90 2886.29 21.766  2.074 19.692  78   0 0.299 1000   1 0.150
 25562  486.45 2881.87 99.999  9.999 19.863   0   0 9.999  999   0 0.173
 25564  506.83 2885.57 99.999  9.999 19.567   0   0 9.999 1003   4 0.131
 25569  436.20 2884.67 99.999  9.999 19.772   0   0 9.999  876   0 0.379
 25571  443.14 2887.30 99.999  9.999 19.741   0   0 9.999 1008   0 0.198
 25575  524.70 2888.84 21.931  2.236 19.695  78   0 0.292 1017   0 0.161
 25580  509.77 2889.46 22.095  2.039 20.056  69   0 0.392  998   0 0.210
 25584  485.62 2890.30 99.999  9.999 19.850   0   0 9.999 1008   1 0.176
 25587  392.45 2893.81 99.999  9.999 19.829   0   0 9.999 1010   1 0.186
 25588  438.78 2891.73 99.999  9.999 20.205   0   0 9.999 1014   0 0.287
 25589  516.24 2894.49 99.999  9.999 19.820   0   0 9.999 1007   0 0.193
 25592  450.63 2895.19 99.999  9.999 19.591   0   0 9.999 1022   1 0.158
 25597  419.94 2894.93 99.999  9.999 20.383   0   0 9.999 1002   0 0.323
 25598  483.35 2895.49 99.999  9.999 19.669   0   0 9.999 1004   3 0.151
 25602  397.26 2897.05 21.917  2.603 19.314  76   0 0.295 1007   4 0.112
 25603  495.60 2897.15 21.997  2.562 19.435  68   0 0.343 1008   4 0.124
 25611  470.55 2900.56 99.999  9.999 19.553   0   0 9.999 1016   1 0.150
 25612  454.08 2899.41 22.031  2.274 19.757  72   0 0.373 1010   0 0.177
 25614  407.38 2901.91 21.493  2.184 19.309  77   0 0.257 1010   2 0.104
 25615  417.48 2904.65 21.574  2.224 19.350  77   0 0.243 1005   2 0.113
 25616  459.80 2901.26 99.999  9.999 19.449   0   0 9.999 1012   4 0.141
 25617  508.71 2900.15 99.999  9.999 19.861   0   0 9.999 1005   1 0.253
 25618  520.71 2900.56 99.999  9.999 19.530   0   0 9.999  926   0 0.626
 25620  416.26 2900.24 21.251  1.739 19.511  78   0 0.206 1011   3 0.142
 25621  543.35 2903.48 22.021  2.070 19.952  63   0 0.388  981   0 0.292
 25623  548.60 2903.36 99.999  9.999 20.410   0   0 9.999  984   0 0.361
 25627  426.57 2904.12 99.999  9.999 19.753   0   0 9.999 1016   0 0.183
 25628  469.20 2907.39 99.999  9.999 19.690   0   0 9.999 1010   0 0.168
 25631  392.55 2905.08 99.999  9.999 19.714   0   0 9.999  997   3 0.148
 25632  399.48 2905.82 99.999  9.999 19.883   0   0 9.999 1007   3 0.179
 25633  450.05 2905.74 99.999  9.999 19.951   0   0 9.999 1009   2 0.203
 25634  488.39 2907.34 21.560  2.172 19.388  72   0 0.218 1012   1 0.131
 25637  494.93 2907.40 99.999  9.999 20.079   0   0 9.999 1012   0 0.231
 25638  545.60 2908.47 21.352  1.817 19.535  80   0 0.240  998   2 0.186
 25645  408.28 2912.71 21.486  2.116 19.370  75   0 0.264 1010   4 0.112
 25646  433.04 2911.04 99.999  9.999 19.498   0   0 9.999 1016   1 0.141
 25655  498.25 2913.86 99.999  9.999 19.776   0   0 9.999 1007   3 0.196
 25656  513.28 2915.43 21.744  2.490 19.254  75   0 0.263 1013   3 0.156
 25660  432.31 2916.67 99.999  9.999 19.427   0   0 9.999 1017   2 0.130
 25661  539.91 2915.40 99.999  9.999 19.870   0   0 9.999 1015   1 0.258
 25664  528.98 2918.49 21.789  2.253 19.536  77   0 0.327 1020   1 0.170
 25671  495.81 2918.91 21.429  1.967 19.462  80   0 0.299 1014   0 0.140
 25676  438.76 2920.26 99.999  9.999 19.777   0   0 9.999 1013   3 0.171
 25677  484.16 2919.81 99.999  9.999 19.765   0   0 9.999 1014   1 0.177
 25683  390.94 2921.95 99.999  9.999 19.533   0   0 9.999 1009   2 0.154
 25684  474.19 2921.20 99.999  9.999 19.738   0   0 9.999 1020   0 0.174
 25687  411.46 2923.38 99.999  9.999 20.045   0   0 9.999 1004   0 0.233
 25688  462.15 2925.17 21.603  2.191 19.412  76   0 0.313 1009   0 0.120
 25694  480.47 2925.18 99.999  9.999 19.607   0   0 9.999 1012   4 0.146
 25695  514.33 2921.30 99.999  9.999 20.094   0   0 9.999 1000   2 0.242
 25702  445.26 2927.43 21.844  2.249 19.595  75   0 0.358 1014   1 0.146
 25703  450.25 2926.46 99.999  9.999 20.187   0   0 9.999 1010   0 0.237
 25704  508.79 2925.49 21.236  1.712 19.524  78   0 0.186 1003   3 0.124
 25705  539.02 2926.13 99.999  9.999 20.421   0   0 9.999 1005   2 0.326
 25707  409.64 2928.57 21.813  1.987 19.827  76   1 0.313 1008   1 0.194
 25710  431.08 2929.11 99.999  9.999 19.591   0   0 9.999 1002   2 0.144
 25711  468.51 2928.47 99.999  9.999 19.827   0   0 9.999 1011   0 0.185
 25712  487.94 2928.73 99.999  9.999 19.674   0   0 9.999 1013   3 0.152
 25716  503.46 2927.91 99.999  9.999 19.999   0   0 9.999 1008   2 0.213
 25724  399.79 2930.77 21.545  2.056 19.489  74   0 0.201 1009   1 0.140
 25731  471.34 2934.50 22.030  2.428 19.603  77   0 0.456 1015   2 0.164
 25736  460.42 2936.91 99.999  9.999 19.845   0   0 9.999 1011   3 0.187
 25737  502.50 2937.19 99.999  9.999 19.999   0   0 9.999 1006   2 0.202
 25738  488.70 2937.93 21.615  2.078 19.537  77   0 0.270 1006   2 0.128
 25739  520.37 2937.41 99.999  9.999 19.902   0   0 9.999 1010   0 0.213
 25749  459.84 2942.69 21.471  2.489 18.981  75   0 0.260 1027   0 0.102
 25750  545.29 2942.21 99.999  9.999 19.828   0   0 9.999 1002   2 0.206
 25754  393.29 2942.59 99.999  9.999 19.659   0   0 9.999 1009   2 0.155
 25756  509.30 2944.46 99.999  9.999 20.459   0   0 9.999  986   0 0.300
 25762  468.94 2945.55 99.999  9.999 20.443   0   0 9.999  971   0 0.322
 25766  482.30 2946.80 21.637  1.942 19.695  75   0 0.324 1010   1 0.163
 25768  477.29 2947.26 99.999  9.999 19.715   0   0 9.999 1013   2 0.185
 25769  541.91 2946.80 99.999  9.999 19.678   0   0 9.999 1014   0 0.201
 25775  400.36 2948.43 99.999  9.999 19.893   0   0 9.999 1005   1 0.173
 25779  466.07 2949.88 99.999  9.999 19.671   0   0 9.999 1004   5 0.169
 25786  435.96 2951.87 99.999  9.999 20.150   0   0 9.999 1005   0 0.226
 25787  447.36 2952.56 21.825  2.093 19.732  70   0 0.276 1009   3 0.165
 25790  488.91 2952.54 99.999  9.999 19.582   0   0 9.999 1011   0 0.143
 25791  503.05 2953.34 99.999  9.999 19.585   0   0 9.999 1016   1 0.141
 25797  394.36 2954.54 99.999  9.999 20.067   0   0 9.999 1004   1 0.209
 25798  458.05 2954.42 99.999  9.999 20.049   0   0 9.999 1012   2 0.236
 25799  473.51 2954.62 99.999  9.999 20.223   0   0 9.999  993   0 0.254
 25803  408.74 2955.79 99.999  9.999 19.721   0   0 9.999 1022   3 0.188
 25809  495.55 2958.32 99.999  9.999 19.687   0   0 9.999 1008   3 0.151
 25817  448.24 2956.54 99.999  9.999 20.289   0   0 9.999  999   1 0.259
 25818  483.39 2958.11 99.999  9.999 19.829   0   0 9.999 1009   2 0.172
 25819  540.76 2958.61 99.999  9.999 19.672   0   0 9.999 1013   2 0.150
 25822  524.29 2959.30 99.999  9.999 20.178   0   0 9.999 1013   0 0.250
 25825  506.34 2960.99 99.999  9.999 19.969   0   0 9.999 1009   0 0.209
 25826  454.90 2961.40 99.999  9.999 20.036   0   0 9.999 1006   0 0.213
 25831  402.12 2964.66 22.237  2.677 19.560  71   0 0.433 1014   1 0.178
 25832  425.28 2963.44 99.999  9.999 20.276   0   0 9.999  994   1 0.284
 25833  514.73 2964.08 21.776  2.272 19.504  78   0 0.305 1013   1 0.162
 25837  494.34 2964.83 21.637  2.120 19.517  71   1 0.263 1010   2 0.132
 25848  477.38 2968.34 99.999  9.999 19.602   0   0 9.999 1006   5 0.143
 25849  506.56 2969.18 21.879  1.964 19.915  79   0 0.351 1009   0 0.195
 25850  511.84 2967.12 99.999  9.999 19.838   0   0 9.999 1006   3 0.206
 25853  414.60 2970.56 99.999  9.999 19.449   0   0 9.999 1001   5 0.156
 25854  492.45 2968.88 21.581  1.973 19.608  72   0 0.259 1009   2 0.148
 25856  544.83 2970.05 99.999  9.999 19.794   0   0 9.999  996   2 0.188
 25859  500.69 2971.37 21.696  2.096 19.600  75   0 0.300 1007   3 0.133
 25868  474.54 2973.03 99.999  9.999 19.866   0   0 9.999 1011   1 0.179
 25869  530.58 2974.71 99.999  9.999 19.802   0   0 9.999 1012   1 0.179
 25874  396.05 2974.85 21.787  2.418 19.368  74   0 0.354 1008   3 0.137
 25875  468.42 2975.27 99.999  9.999 19.560   0   0 9.999 1020   1 0.151
 25878  400.42 2975.54 99.999  9.999 19.510   0   0 9.999 1017   1 0.189
 25880  511.31 2977.82 99.999  9.999 19.681   0   0 9.999 1011   3 0.152
 25889  447.73 2979.22 99.999  9.999 19.733   0   0 9.999 1013   1 0.175
 25895  464.94 2979.46 99.999  9.999 19.771   0   0 9.999 1013   1 0.217
 25899  401.53 2983.20 99.999  9.999 19.801   0   0 9.999 1007   1 0.184
 25915  428.44 2988.71 21.761  2.033 19.728  75   0 0.336 1015   1 0.166
 25920  448.63 2989.64 99.999  9.999 20.170   0   0 9.999 1001   1 0.255
 25921  480.77 2990.16 21.840  2.294 19.546  78   0 0.341 1010   4 0.136
 25924  424.11 2990.36 99.999  9.999 19.766   0   0 9.999 1013   2 0.168
 25926  489.07 2993.24 21.541  2.153 19.388  72   0 0.210 1005   0 0.118
 25928  540.10 2993.98 99.999  9.999 19.776   0   0 9.999 1014   1 0.170
 25933  443.21 2993.83 22.615  2.648 19.967  63   0 0.508 1006   0 0.223
 25935  477.05 2993.74 99.999  9.999 20.091   0   0 9.999 1002   4 0.214
 25944  421.70 2997.19 99.999  9.999 19.936   0   0 9.999 1009   1 0.197
 25945  490.40 2999.25 21.909  2.197 19.712  73   0 0.350 1007   1 0.152
 25946  546.39 2998.87 99.999  9.999 19.969   0   0 9.999 1010   0 0.217
 25951  535.83 3000.61 99.999  9.999 19.719   0   0 9.999 1013   2 0.174
 25958  547.91 3004.23 21.733  2.103 19.630  77   0 0.223 1002   0 0.148
 25960  484.84 3004.87 22.221  2.439 19.782  70   0 0.417 1014   2 0.180
 25963  424.54 3005.31 99.999  9.999 20.009   0   0 9.999 1009   3 0.216
 25964  455.58 3006.50 99.999  9.999 19.879   0   0 9.999 1016   1 0.222
 25965  519.20 3006.59 21.735  2.308 19.428  68   0 0.304 1018   1 0.151
 25973  418.52 3008.40 99.999  9.999 20.075   0   0 9.999 1003   3 0.214
 25974  490.65 3012.09 21.349  1.981 19.368  75   0 0.236 1013   6 0.113
 25978  489.70 3007.98 99.999  9.999 19.805   0   0 9.999 1007   2 0.175
 25979  527.77 3010.43 99.999  9.999 19.734   0   0 9.999 1005   0 0.211
 25982  468.46 3010.12 99.999  9.999 19.759   0   0 9.999 1013   1 0.180
 25983  512.70 3011.46 99.999  9.999 19.814   0   0 9.999  991   3 0.241
 25988  483.84 3011.83 99.999  9.999 19.847   0   0 9.999 1012   1 0.182
 25989  497.11 3010.77 99.999  9.999 19.724   0   0 9.999 1004   4 0.155
 25990  506.67 3014.78 99.999  9.999 19.782   0   0 9.999 1010   0 0.204
 25991  522.86 3012.29 21.746  1.663 20.083  71   0 0.349  937   0 0.306
 25994  503.65 3010.47 99.999  9.999 19.752   0   0 9.999 1009   0 0.169
 25998  428.54 3014.74 21.799  2.270 19.529  74   0 0.298 1014   0 0.143
 26002  511.35 3016.49 99.999  9.999 19.509   0   0 9.999  996   4 0.212
 26006  548.51 3016.45 99.999  9.999 20.078   0   0 9.999 1001   1 0.246
 27155  435.36 2905.50 99.999  9.999 19.903   0   0 9.999 1011   2 0.197
 27164  505.55 2821.85 99.999  9.999 20.821   0   0 9.999  964   0 0.374
 27181  410.74 3004.13 99.999  9.999 20.286   0   0 9.999 1002   0 0.270
 27185  488.34 2989.13 99.999  9.999 20.117   0   0 9.999 1007   0 0.239
 27198  394.91 2813.73 99.999  9.999 20.630   0   0 9.999  964   1 0.356
 27200  441.45 2814.45 99.999  9.999 20.280   0   0 9.999 1001   1 0.260
 27203  494.78 2820.68 99.999  9.999 20.549   0   0 9.999  986   0 0.310
 27209  548.61 2824.91 99.999  9.999 20.535   0   0 9.999  987   0 0.312
 27210  542.02 2824.84 99.999  9.999 20.863   0   0 9.999  957   0 0.386
 27213  430.16 2826.84 99.999  9.999 20.403   0   0 9.999 1008   2 0.309
 27214  435.23 2826.76 99.999  9.999 20.618   0   0 9.999  994   0 0.373
 27215  482.19 2825.54 99.999  9.999 20.810   0   0 9.999  976   0 0.384
 27216  473.45 2828.58 99.999  9.999 20.259   0   0 9.999 1002   2 0.232
 27228  520.66 2836.88 99.999  9.999 20.876   0   0 9.999  985   0 0.413
 27229  492.21 2839.05 99.999  9.999 20.532   0   0 9.999  995   0 0.314
 27230  549.95 2838.07 99.999  9.999 20.728   0   0 9.999  967   0 0.391
 27233  465.17 2842.97 99.999  9.999 20.392   0   0 9.999 1010   1 0.280
 27238  443.47 2844.75 99.999  9.999 21.060   0   0 9.999  906   0 0.477
 27240  520.80 2850.76 99.999  9.999 20.297   0   0 9.999 1002   1 0.257
 27241  529.58 2850.15 99.999  9.999 20.260   0   0 9.999 1016   0 0.287
 27246  392.04 2853.09 99.999  9.999 20.035   0   0 9.999 1010   1 0.223
 27249  474.40 2855.10 99.999  9.999 20.165   0   0 9.999 1005   0 0.255
 27250  402.08 2853.95 99.999  9.999 20.652   0   0 9.999  964   1 0.319
 27251  517.60 2855.41 99.999  9.999 20.692   0   0 9.999  964   0 0.368
 27258  474.47 2860.03 99.999  9.999 20.570   0   0 9.999  969   0 0.329
 27261  479.29 2862.19 99.999  9.999 20.299   0   0 9.999  997   1 0.268
 27262  488.10 2860.65 99.999  9.999 20.810   0   0 9.999  971   0 0.379
 27266  423.64 2867.79 99.999  9.999 20.368   0   0 9.999  935   0 0.366
 27267  513.56 2869.85 99.999  9.999 20.363   0   0 9.999  998   0 0.281
 27269  413.35 2869.35 99.999  9.999 20.663   0   0 9.999 1007   1 0.425
 27271  486.71 2872.00 99.999  9.999 20.435   0   0 9.999 1002   0 0.288
 27272  402.93 2873.63 99.999  9.999 20.166   0   0 9.999 1014   0 0.261
 27280  521.11 2877.35 99.999  9.999 20.215   0   0 9.999 1003   2 0.245
 27283  389.32 2879.68 99.999  9.999 20.801   0   0 9.999  970   0 0.400
 27284  532.47 2880.16 99.999  9.999 20.789   0   0 9.999  960   0 0.394
 27298  397.26 2887.66 99.999  9.999 20.145   0   0 9.999  997   1 0.246
 27303  505.91 2892.36 99.999  9.999 20.404   0   0 9.999  988   1 0.282
 27304  542.81 2894.32 99.999  9.999 20.062   0   0 9.999 1007   0 0.270
 27308  469.88 2896.51 99.999  9.999 19.863   0   0 9.999 1016   1 0.190
 27313  449.06 2898.99 99.999  9.999 20.251   0   0 9.999 1008   0 0.259
 27315  468.03 2903.58 99.999  9.999 20.168   0   0 9.999  996   2 0.246
 27322  408.25 2907.63 99.999  9.999 20.220   0   0 9.999 1010   0 0.241
 27323  501.48 2908.21 99.999  9.999 20.107   0   0 9.999 1003   0 0.261
 27324  421.49 2908.26 99.999  9.999 20.450   0   0 9.999  994   0 0.300
 27336  404.53 2915.53 99.999  9.999 20.464   0   0 9.999  990   0 0.305
 27337  470.42 2915.93 99.999  9.999 20.276   0   0 9.999 1014   0 0.290
 27338  517.66 2915.96 99.999  9.999 20.305   0   0 9.999  975   0 0.425
 27343  395.47 2920.07 99.999  9.999 19.977   0   0 9.999 1000   2 0.207
 27346  462.09 2921.78 99.999  9.999 20.399   0   0 9.999 1007   0 0.284
 27348  498.70 2922.70 99.999  9.999 19.837   0   0 9.999 1012   2 0.188
 27349  399.00 2924.21 99.999  9.999 20.394   0   0 9.999  979   2 0.280
 27350  419.27 2925.86 99.999  9.999 20.356   0   0 9.999 1002   1 0.261
 27351  516.76 2924.49 99.999  9.999 20.006   0   0 9.999  998   3 0.217
 27355  439.79 2927.92 99.999  9.999 20.479   0   0 9.999  994   0 0.310
 27363  394.49 2933.75 99.999  9.999 20.280   0   0 9.999  991   3 0.280
 27364  480.30 2937.36 99.999  9.999 20.113   0   0 9.999 1011   0 0.236
 27367  413.71 2936.89 99.999  9.999 20.652   0   0 9.999  991   0 0.354
 27371  488.70 2942.00 99.999  9.999 20.623   0   0 9.999  983   0 0.332
 27379  498.12 2948.32 99.999  9.999 20.235   0   0 9.999  999   1 0.253
 27385  413.19 2951.20 99.999  9.999 20.364   0   0 9.999 1009   0 0.289
 27387  526.51 2950.98 99.999  9.999 20.586   0   0 9.999  971   0 0.346
 27388  477.52 2953.23 99.999  9.999 20.378   0   0 9.999  992   1 0.260
 27399  464.16 2963.88 99.999  9.999 20.050   0   0 9.999 1006   0 0.213
 27400  543.42 2964.35 99.999  9.999 20.359   0   0 9.999  995   0 0.288
 27407  392.30 2969.62 99.999  9.999 20.472   0   0 9.999  983   0 0.300
 27412  498.92 2977.60 99.999  9.999 20.829   0   0 9.999  992   0 0.386
 27414  452.87 2978.63 99.999  9.999 20.276   0   0 9.999  995   0 0.272
 27415  474.28 2979.81 99.999  9.999 20.345   0   0 9.999  999   1 0.268
 27417  507.28 2982.33 99.999  9.999 20.247   0   0 9.999 1002   0 0.257
 27420  420.53 2982.81 99.999  9.999 20.506   0   0 9.999  999   1 0.310
 27421  532.25 2982.24 99.999  9.999 20.710   0   0 9.999  976   0 0.366
 27424  427.45 2984.07 99.999  9.999 20.618   0   0 9.999  994   0 0.357
 27429  507.26 2987.17 99.999  9.999 20.228   0   0 9.999 1008   1 0.258
 27430  516.71 2987.25 99.999  9.999 20.257   0   0 9.999 1010   1 0.281
 27439  468.89 2991.24 21.332  1.277 20.055  77   0 0.265  985   3 0.214
 27440  499.33 2991.90 99.999  9.999 20.343   0   0 9.999  989   1 0.254
 27445  448.27 2998.86 99.999  9.999 19.852   0   0 9.999 1016   1 0.208
 27449  429.43 3001.92 99.999  9.999 20.641   0   0 9.999  998   0 0.345
 27450  471.31 3002.24 99.999  9.999 20.539   0   0 9.999  978   1 0.342
 27452  419.85 3003.44 99.999  9.999 20.252   0   0 9.999 1015   1 0.258
 27453  476.72 3003.45 99.999  9.999 20.204   0   0 9.999 1000   2 0.270
 27455  545.08 3005.96 99.999  9.999 19.844   0   0 9.999 1004   2 0.194
 27461  515.92 3007.10 99.999  9.999 20.263   0   0 9.999  996   2 0.291
 27462  524.70 3009.06 99.999  9.999 20.375   0   0 9.999  956   0 0.336
 27463  509.73 3009.42 99.999  9.999 20.111   0   0 9.999 1005   0 0.269
 27465  455.81 3012.09 99.999  9.999 20.707   0   0 9.999  960   0 0.365
 27466  531.10 3013.45 99.999  9.999 19.898   0   0 9.999  994   1 0.272
 27468  433.34 3013.80 99.999  9.999 20.639   0   0 9.999  998   0 0.354
 27469  536.60 3015.07 99.999  9.999 20.208   0   0 9.999 1001   0 0.316
 27470  390.55 3015.60 99.999  9.999 19.853   0   0 9.999 1006   2 0.178
 27474  406.19 3016.95 99.999  9.999 20.845   0   0 9.999  931   0 0.388
 27974  516.52 3013.56 99.999  9.999 19.937   0   0 9.999  961   2 0.300
 27982  505.24 2994.56 99.999  9.999 20.586   0   0 9.999  974   0 0.344
 27994  473.97 2936.39 99.999  9.999 20.523   0   0 9.999  990   0 0.351
 27995  400.54 2985.78 21.734  1.656 20.078  76   0 0.306 1005   2 0.234
 56178  828.19 2568.63 17.253  3.055 14.198  82   0 0.012 1049   0 0.005
 56179  599.79 2585.19 99.999  9.999 99.999   0   0 9.999    0   0 9.999
 56182  555.14 2630.75 17.414  3.630 13.784  82   0 0.027 1046   3 0.010
 56183  817.94 2657.68 17.631  3.968 13.663  82   0 0.034 1049   0 0.015
 56209  821.71 2566.13 17.853  3.147 14.706  82   0 0.017 1048   1 0.006
 56210  680.59 2573.88 17.601  2.517 15.084  82   0 0.012 1045   4 0.005
 56211  604.05 2605.90 18.428  3.244 15.185  82   0 0.039 1046   3 0.007
 56212  825.22 2635.13 18.380  3.229 15.151  82   0 0.019 1047   2 0.006
 56213  810.57 2646.99 15.686  1.247 14.440  82   0 0.004 1044   5 0.004
 56215  577.26 2676.11 18.095  3.027 15.067  82   0 0.016 1046   3 0.007
 56217  585.99 2702.48 18.321  3.421 14.899  81   1 0.021 1045   4 0.007
 56219  646.30 2738.41 18.370  3.125 15.245  82   0 0.023 1044   5 0.008
 56222  575.77 2762.65 17.357  2.898 14.459  81   1 0.012 1038  11 0.007
 56224  643.39 2736.01 18.632  2.425 16.207  82   0 0.024 1045   2 0.015
 56273  718.47 2562.82 18.413  3.028 15.384  82   0 0.018 1038   6 0.006
 56274  779.31 2563.78 16.767  1.291 15.476  82   0 0.007 1047   2 0.006
 56275  643.51 2565.45 18.495  2.397 16.098  82   0 0.018 1041   7 0.010
 56277  756.06 2576.92 18.622  2.686 15.936  82   0 0.025 1046   1 0.009
 56279  602.61 2585.07 99.999  9.999 99.999   0   0 9.999    0   0 9.999
 56285  769.15 2645.68 18.276  2.382 15.894  82   0 0.016 1046   2 0.008
 56288  847.37 2664.82 18.756  2.970 15.786  82   0 0.024 1042   2 0.007
 56290  613.10 2696.73 17.424  1.376 16.049  82   0 0.010 1035   3 0.009
 56291  705.14 2697.15 18.684  2.711 15.973  82   0 0.025 1041   3 0.008
 56293  584.22 2707.46 18.922  2.912 16.010  81   1 0.030 1042   6 0.014
 56296  641.27 2722.59 18.403  2.743 15.660  82   0 0.019 1040   8 0.008
 56297  750.76 2726.87 18.728  2.681 16.047  82   0 0.024 1036   1 0.008
 56298  763.18 2730.66 18.784  2.737 16.047  81   0 0.027 1037   3 0.009
 56301  637.63 2763.77 18.446  2.810 15.637  81   1 0.021 1045   4 0.009
 56302  618.06 2767.81 18.561  2.782 15.778  81   0 0.027 1039   5 0.009
 56446  835.65 2559.64 18.860  2.611 16.249  81   1 0.027 1038   1 0.011
 56448  705.77 2562.40 19.115  2.524 16.591  80   0 0.033 1017   2 0.013
 56449  690.87 2566.00 19.364  2.587 16.777  80   0 0.048 1016   2 0.014
 56450  781.41 2570.49 18.824  2.757 16.067  82   0 0.025 1030   3 0.009
 56451  759.66 2574.20 19.202  2.594 16.608  82   0 0.038 1029   5 0.015
 56453  602.35 2580.93 99.999  9.999 99.999   0   0 9.999    0   0 9.999
 56458  840.17 2592.35 19.523  2.783 16.740  80   0 0.052 1014   4 0.013
 56459  629.50 2598.58 19.516  2.738 16.778  79   0 0.067 1028   3 0.015
 56460  779.53 2598.66 19.043  2.540 16.503  80   0 0.032 1025   3 0.011
 56465  591.31 2602.87 19.144  2.488 16.655  81   0 0.065 1027   5 0.016
 56466  732.85 2606.30 18.581  1.565 17.015  81   0 0.020 1023   2 0.018
 56470  824.68 2616.84 18.841  2.622 16.219  81   0 0.033 1043   2 0.010
 56471  584.41 2620.34 18.197  1.496 16.701  81   1 0.020 1022   4 0.016
 56472  728.18 2624.97 19.072  2.586 16.487  80   0 0.033 1027   4 0.011
 56474  846.50 2627.96 18.588  2.379 16.209  81   0 0.022 1041   4 0.009
 56475  709.60 2628.99 19.368  2.575 16.793  78   1 0.041 1027   1 0.015
 56477  773.34 2635.22 19.032  2.514 16.518  81   0 0.034 1025   2 0.012
 56482  720.44 2645.69 19.278  2.776 16.502  78   0 0.036 1027   2 0.011
 56484  634.62 2646.83 19.063  2.754 16.309  80   0 0.029 1032   4 0.010
 56485  674.73 2647.06 19.356  2.879 16.477  80   0 0.039 1026   5 0.011
 56486  666.55 2651.17 19.094  2.175 16.919  80   0 0.034 1010   5 0.014
 56487  820.68 2652.62 19.518  2.465 17.053  80   0 0.058 1043   4 0.062
 56490  607.21 2668.16 17.765  1.407 16.358  82   0 0.013 1023   5 0.011
 56493  680.73 2669.79 19.579  2.932 16.646  81   0 0.054 1030   3 0.013
 56497  619.29 2685.51 18.921  2.600 16.321  80   0 0.027 1030   3 0.012
 56500  631.36 2691.02 18.722  2.233 16.489  80   1 0.024 1029   3 0.012
 56501  681.32 2689.96 19.700  2.806 16.894  79   0 0.046 1017   1 0.016
 56503  556.73 2694.32 18.210  1.560 16.650  82   0 0.016 1029   4 0.014
 56505  838.23 2699.06 18.124  1.539 16.585  82   0 0.013 1036   4 0.014
 56509  558.15 2704.60 17.914  1.413 16.501  82   0 0.016 1022   8 0.012
 56510  778.84 2704.32 19.124  2.448 16.676  79   0 0.031 1028   0 0.013
 56513  783.43 2711.80 19.280  2.646 16.634  80   0 0.036 1031   3 0.012
 56514  836.40 2711.41 19.254  2.637 16.617  79   1 0.037 1034   2 0.014
 56517  590.44 2721.06 18.891  2.529 16.362  80   0 0.025 1027   1 0.010
 56520  803.73 2725.86 19.160  2.701 16.459  81   0 0.034 1032   1 0.011
 56521  613.20 2727.66 19.418  2.682 16.736  79   0 0.038 1020   2 0.015
 56524  845.91 2730.69 19.023  2.666 16.358  80   1 0.032 1026   4 0.010
 56525  559.76 2731.34 19.459  2.749 16.710  80   0 0.041 1025   1 0.014
 56526  716.50 2733.91 18.896  2.763 16.133  82   0 0.034 1026   2 0.009
 56529  621.32 2736.86 18.057  1.704 16.352  82   0 0.015 1026   4 0.011
 56530  648.04 2742.72 19.381  2.749 16.632  82   0 0.051 1041   6 0.020
 56531  652.37 2732.86 20.581  2.745 17.837  79   0 0.120 1014   3 0.035
 56532  648.06 2736.87 99.999  9.999 18.154   0   0 9.999 1027   2 0.088
 56533  793.89 2739.32 19.185  2.694 16.491  81   0 0.039 1027   3 0.011
 56536  848.79 2740.66 19.170  2.501 16.669  79   1 0.034 1029   2 0.013
 56537  750.40 2741.37 17.864  1.323 16.541  82   0 0.014 1040   3 0.013
 56539  652.44 2743.60 19.247  2.588 16.658  81   0 0.040 1032   7 0.016
 56540  726.14 2747.96 18.942  2.687 16.255  80   0 0.029 1037   5 0.010
 56541  749.48 2747.81 19.357  2.631 16.726  82   0 0.050 1030   4 0.016
 56548  662.07 2750.73 18.416  1.506 16.911  82   0 0.019 1013   3 0.017
 56549  847.30 2751.06 19.222  2.449 16.774  80   0 0.034 1028   2 0.014
 56551  704.65 2753.06 19.600  2.724 16.876  79   0 0.048 1018   1 0.014
 56552  734.38 2755.57 18.545  2.212 16.332  82   0 0.020 1029   2 0.011
 56554  557.12 2757.29 19.412  2.650 16.762  79   0 0.040 1021   1 0.015
 56558  591.75 2762.65 19.091  2.615 16.476  79   0 0.033 1031   2 0.012
 56560  792.17 2766.99 19.374  2.587 16.787  79   0 0.030 1015   3 0.014
 56563  715.77 2772.02 18.943  2.534 16.408  81   0 0.028 1020   4 0.010
 56566  770.29 2778.26 19.299  2.739 16.560  80   0 0.045 1018   4 0.016
 56567  652.95 2779.66 19.441  2.863 16.578  79   0 0.045 1018   3 0.012
 56569  734.93 2781.31 18.922  2.446 16.476  81   0 0.024 1032   1 0.011
 56570  811.16 2782.52 19.619  2.707 16.912  78   0 0.052 1014   3 0.015
 56571  838.81 2783.33 19.143  2.560 16.582  81   0 0.038 1018   1 0.011
 56573  630.38 2792.02 18.366  1.727 16.639  81   1 0.022 1025   7 0.014
 56574  573.25 2793.89 18.635  2.004 16.631  82   0 0.023 1019   0 0.013
 56576  775.29 2795.54 19.265  2.423 16.843  79   0 0.035 1022   1 0.014
 56577  758.32 2799.29 19.342  2.667 16.675  80   0 0.042 1025   3 0.012
 56579  798.67 2803.72 18.777  2.551 16.225  82   0 0.028 1038   5 0.011
 56581  796.52 2809.66 19.216  2.494 16.722  80   0 0.038 1022   2 0.016
 56595  715.97 2629.12 20.447  2.892 17.555  76   0 0.102 1015   4 0.026
 56597  822.78 2650.59 20.682  3.185 17.497  79   0 0.139 1018   5 0.044
 56598  837.99 2702.18 19.995  2.901 17.094  81   0 0.082 1026   4 0.022
 56722  597.14 2558.70 20.157  2.439 17.718  80   0 0.141 1019   1 0.041
 56723  749.39 2560.93 20.033  2.749 17.284  78   0 0.074 1014   1 0.020
 56724  814.11 2563.74 20.040  2.498 17.542  79   0 0.084 1013   4 0.032
 56725  768.01 2565.24 18.967  1.892 17.075  80   0 0.033 1015   0 0.017
 56729  773.48 2577.25 18.805  1.517 17.288  80   0 0.027 1016   1 0.022
 56731  639.02 2578.79 20.237  2.874 17.363  79   0 0.074 1012   3 0.022
 56733  599.43 2578.19 99.999  9.999 99.999   0   0 9.999    0   0 9.999
 56734  806.68 2580.45 19.984  2.753 17.231  78   0 0.055 1016   3 0.020
 56735  685.11 2580.90 18.604  1.552 17.051  82   0 0.024 1012   3 0.018
 56736  824.58 2580.70 19.745  2.656 17.088  78   0 0.059 1015   4 0.020
 56738  608.52 2582.90 99.999  9.999 99.999   0   0 9.999    0   0 9.999
 56741  605.48 2590.45 99.999  9.999 99.999   0   0 9.999    0   0 9.999
 56742  776.21 2588.15 19.289  1.990 17.299  79   0 0.040 1012   3 0.020
 56743  806.73 2587.66 19.105  1.872 17.233  80   0 0.033 1014   3 0.019
 56746  560.87 2590.50 19.744  2.779 16.966  78   0 0.056 1018   2 0.017
 56747  595.55 2591.57 99.999  9.999 99.999   0   0 9.999    0   0 9.999
 56748  673.28 2591.58 19.955  2.551 17.404  80   0 0.066 1014   3 0.024
 56750  654.61 2592.23 19.739  2.042 17.697  79   0 0.054 1013   3 0.028
 56751  745.92 2593.04 19.833  2.737 17.096  79   1 0.052 1019   1 0.018
 56753  674.79 2599.16 19.936  2.176 17.759  79   0 0.068 1011   4 0.030
 56754  742.01 2599.27 99.999  9.999 17.431   0   0 9.999 1014   3 0.023
 56755  842.51 2601.45 20.121  2.711 17.410  77   0 0.083 1016   1 0.024
 56756  666.04 2603.90 18.710  1.588 17.122  80   0 0.027 1014   4 0.018
 56758  702.69 2612.41 20.478  2.694 17.784  77   0 0.104 1008   3 0.031
 56759  638.29 2615.53 20.398  2.789 17.609  77   0 0.092 1013   4 0.025
 56760  812.21 2616.45 18.696  1.542 17.154  82   0 0.029 1016   2 0.018
 56762  652.84 2622.23 20.270  2.831 17.439  78   1 0.075 1014   2 0.022
 56764  718.96 2624.99 19.650  2.641 17.008  79   0 0.051 1014   6 0.016
 56765  699.80 2630.51 19.546  2.106 17.440  80   0 0.051 1016   2 0.024
 56767  616.11 2633.26 18.492  1.472 17.020  81   1 0.019 1013   3 0.018
 56771  836.70 2645.92 20.264  2.636 17.628  79   0 0.094 1013   2 0.029
 56773  775.51 2646.93 99.999  9.999 18.859   0   0 9.999 1014   1 0.089
 56774  595.55 2653.71 20.413  2.889 17.524  76   0 0.121 1017   0 0.046
 56775  623.59 2655.15 19.058  1.543 17.515  82   0 0.035 1008   4 0.023
 56778  837.81 2666.36 19.528  2.516 17.012  79   0 0.047 1013   3 0.017
 56781  670.09 2671.61 19.765  2.814 16.950  78   0 0.049 1015   2 0.015
 56782  598.62 2674.20 19.952  2.668 17.284  78   0 0.071 1014   2 0.020
 56783  732.63 2677.55 20.083  3.155 16.928  78   0 0.064 1023   1 0.016
 56784  791.68 2676.44 20.011  2.593 17.418  76   0 0.063 1013   2 0.022
 56789  676.56 2680.73 20.249  2.831 17.418  79   0 0.093 1011   3 0.023
 56790  557.17 2683.10 19.117  1.799 17.317  80   0 0.030 1014   1 0.023
 56791  574.65 2682.90 20.226  2.204 18.022  81   0 0.090 1015   0 0.050
 56794  622.17 2691.61 19.627  2.010 17.617  79   0 0.052 1011   4 0.030
 56796  714.73 2696.09 20.313  2.626 17.687  77   0 0.082 1012   4 0.028
 56797  645.67 2705.66 20.159  2.586 17.573  76   0 0.080 1010   1 0.025
 56800  602.64 2712.48 20.142  2.692 17.450  80   0 0.086 1018   1 0.031
 56801  792.29 2714.22 19.929  2.660 17.269  80   0 0.067 1011   5 0.021
 56802  585.90 2713.83 19.548  1.793 17.754  77   1 0.050 1013   4 0.039
 56803  646.70 2716.97 20.119  2.569 17.550  78   0 0.073 1013   4 0.027
 56804  613.52 2720.11 19.601  2.265 17.336  79   0 0.112 1016   1 0.102
 56805  640.94 2720.02 19.207  2.450 16.758  82   0 0.039 1040   6 0.021
 56806  839.90 2719.40 20.391  2.629 17.763  78   0 0.116 1013   2 0.044
 56808  811.24 2724.29 19.080  1.780 17.299  79   0 0.038 1013   2 0.022
 56810  569.20 2732.49 19.726  2.058 17.668  80   0 0.053 1012   1 0.026
 56811  776.47 2733.89 20.132  2.723 17.409  75   0 0.076 1011   2 0.022
 56812  675.50 2739.58 19.834  2.806 17.027  78   0 0.062 1017   1 0.016
 56813  837.17 2744.24 19.549  2.124 17.425  79   0 0.041 1014   2 0.022
 56815  737.98 2745.10 18.843  1.510 17.333  80   0 0.027 1017   1 0.021
 56816  753.22 2744.60 19.987  2.582 17.405  82   0 0.076 1019   3 0.028
 56817  563.85 2746.63 19.675  2.761 16.914  80   0 0.052 1011   4 0.015
 56818  771.23 2745.79 20.467  2.724 17.744  77   0 0.090 1015   2 0.029
 56819  745.23 2747.61 20.047  2.543 17.504  79   0 0.066 1015   4 0.027
 56824  695.12 2754.86 18.906  1.337 17.570  80   0 0.032 1014   2 0.026
 56825  773.41 2755.47 19.631  2.701 16.930  79   0 0.061 1015   2 0.015
 56827  844.43 2756.01 19.541  2.585 16.956  79   0 0.050 1021   2 0.017
 56831  676.16 2766.89 20.116  2.790 17.326  76   0 0.093 1011   2 0.022
 56833  796.33 2778.42 19.717  2.320 17.397  78   0 0.053 1015   0 0.023
 56834  752.67 2779.72 19.933  2.587 17.345  78   0 0.066 1016   3 0.021
 56836  587.19 2788.52 19.488  2.438 17.050  78   1 0.045 1014   2 0.018
 56837  564.98 2791.61 19.948  2.780 17.169  78   0 0.074 1014   1 0.019
 56838  686.77 2791.80 19.662  2.543 17.119  79   0 0.049 1016   3 0.017
 56839  654.78 2795.05 19.604  2.428 17.176  78   0 0.054 1016   1 0.018
 56843  588.53 2800.98 20.175  2.513 17.662  78   1 0.091 1013   2 0.026
 56845  823.68 2802.53 20.351  2.119 18.232  78   0 0.076 1011   2 0.045
 56850  736.11 2610.32 20.616  2.457 18.159  78   0 0.120 1011   4 0.042
 56869  810.31 2590.55 20.810  2.262 18.547  77   0 0.148 1014   5 0.064
 56870  676.58 2593.64 20.718  2.500 18.219  79   0 0.122 1011   3 0.044
 56871  700.42 2615.25 20.940  1.976 18.964  75   0 0.140 1006   3 0.088
 56873  699.57 2627.16 19.705  2.086 17.619  79   0 0.051 1014   3 0.026
 56875  840.58 2646.98 20.840  2.014 18.826  76   0 0.141 1009   1 0.079
 56877  577.40 2681.31 20.254  1.911 18.342  80   0 0.124 1018   1 0.074
 56878  692.88 2754.10 99.999  9.999 18.540   0   0 9.999 1010   3 0.059
 57132  786.82 2562.90 20.876  2.576 18.300  77   0 0.135 1013   0 0.054
 57133  783.69 2564.27 19.967  1.923 18.044  81   0 0.112 1031   1 0.067
 57134  678.00 2566.27 20.208  2.162 18.046  75   0 0.090 1012   1 0.043
 57135  580.45 2567.67 20.319  2.459 17.861  80   0 0.194 1012   2 0.052
 57136  644.92 2567.19 18.495  0.969 17.526  82   0 0.018 1028   4 0.032
 57138  776.67 2570.88 21.195  2.847 18.348  79   0 0.214 1017   3 0.058
 57139  728.64 2573.32 20.737  2.402 18.335  75   1 0.130 1005   3 0.048
 57144  606.59 2579.43 99.999  9.999 99.999   0   0 9.999    0   0 9.999
 57145  594.97 2578.42 99.999  9.999 99.999   0   0 9.999    0   0 9.999
 57149  554.68 2585.88 20.233  1.963 18.270  75   0 0.085 1010   1 0.051
 57152  608.94 2586.77 99.999  9.999 99.999   0   0 9.999    0   0 9.999
 57153  662.90 2587.33 20.990  2.693 18.297  77   0 0.166 1007   4 0.045
 57157  601.35 2592.23 99.999  9.999 99.999   0   0 9.999    0   0 9.999
 57159  559.63 2596.11 20.484  2.249 18.235  75   0 0.107 1007   3 0.047
 57162  583.18 2599.53 20.458  2.016 18.442  78   0 0.191 1010   4 0.089
 57164  795.33 2602.08 20.878  2.472 18.406  78   0 0.140 1010   1 0.050
 57165  631.22 2602.78 20.025  1.786 18.240  80   1 0.084 1012   3 0.049
 57168  676.96 2605.82 20.693  2.247 18.446  75   0 0.118 1004   6 0.051
 57171  712.79 2609.26 20.747  2.690 18.057  76   0 0.123 1006   4 0.037
 57173  731.54 2607.96 18.581  1.111 17.470  81   0 0.020 1022   1 0.029
 57175  768.16 2617.10 21.029  2.430 18.598  75   0 0.158 1005   5 0.057
 57177  796.48 2618.51 20.865  2.134 18.732  78   1 0.138 1009   3 0.066
 57178  646.28 2621.46 20.817  2.840 17.978  79   0 0.131 1015   1 0.038
 57183  592.45 2629.79 20.998  2.896 18.101  77   0 0.201 1011   2 0.044
 57185  705.09 2630.73 21.129  2.996 18.133  78   0 0.195 1011   4 0.045
 57186  800.65 2631.39 20.537  2.418 18.119  76   0 0.110 1011   2 0.043
 57189  561.27 2631.58 99.999  9.999 18.375   0   0 9.999 1033   0 0.202
 57190  751.22 2634.76 20.161  2.212 17.949  75   0 0.069 1008   3 0.034
 57195  643.04 2638.02 20.944  2.231 18.713  79   0 0.139 1007   4 0.068
 57197  605.02 2646.40 20.803  2.208 18.595  75   0 0.124 1007   2 0.057
 57198  655.39 2646.75 21.029  2.798 18.232  77   0 0.151 1005   2 0.043
 57199  772.13 2647.20 19.320  1.614 17.705  82   0 0.046 1036   2 0.038
 57201  730.29 2650.12 21.094  2.690 18.405  74   0 0.152 1002   3 0.048
 57205  785.83 2654.96 20.574  2.453 18.121  79   0 0.117 1011   4 0.040
 57206  824.19 2660.26 21.518  3.125 18.392  75   0 0.330 1030   2 0.165
 57208  577.73 2662.04 20.623  2.678 17.945  76   0 0.146 1011   1 0.035
 57209  597.59 2661.37 20.425  2.108 18.318  74   1 0.083 1012   2 0.051
 57210  651.30 2661.85 20.855  2.777 18.077  73   0 0.132 1009   2 0.038
 57211  830.40 2661.28 20.682  2.464 18.218  77   0 0.131 1011   2 0.057
 57212  841.85 2663.11 21.458  2.736 18.721  77   0 0.243 1019   3 0.080
 57214  721.60 2665.49 20.398  2.177 18.222  76   0 0.093 1009   2 0.043
 57215  743.93 2665.07 20.344  2.134 18.210  75   0 0.080 1012   1 0.041
 57216  705.64 2665.73 20.959  2.563 18.396  78   0 0.178 1007   1 0.048
 57217  773.80 2669.11 20.503  2.096 18.407  77   0 0.106 1008   2 0.050
 57220  685.52 2671.27 21.005  2.707 18.297  78   0 0.175 1016   0 0.049
 57221  729.07 2671.36 20.337  2.062 18.275  78   0 0.089 1010   1 0.047
 57224  814.28 2674.64 21.203  2.670 18.533  75   0 0.208 1008   2 0.061
 57225  741.09 2676.55 20.261  2.006 18.255  79   0 0.096 1008   2 0.045
 57226  632.73 2679.77 20.478  2.135 18.343  73   0 0.093 1010   1 0.047
 57229  615.72 2680.63 21.293  2.948 18.345  77   0 0.194 1011   3 0.053
 57230  758.47 2682.03 20.355  2.446 17.909  75   0 0.084 1010   4 0.033
 57231  734.15 2682.81 19.844  1.820 18.023  78   1 0.069 1016   0 0.037
 57233  728.59 2685.64 20.268  2.056 18.212  77   0 0.080 1009   3 0.044
 57236  594.37 2686.87 20.328  2.127 18.201  77   0 0.093 1008   2 0.043
 57237  739.08 2686.51 20.595  1.973 18.622  76   1 0.125 1011   2 0.061
 57238  834.48 2686.92 20.629  2.498 18.131  78   0 0.124 1008   1 0.041
 57240  719.21 2689.32 20.943  2.840 18.103  79   1 0.143 1007   4 0.039
 57242  685.21 2692.45 21.006  2.258 18.748  76   0 0.157 1011   2 0.077
 57244  561.54 2695.72 19.912  1.969 17.943  79   0 0.065 1012   3 0.039
 57245  650.01 2696.12 20.758  2.575 18.184  78   0 0.139 1009   1 0.041
 57246  666.31 2695.08 20.796  2.626 18.170  74   0 0.128 1004   6 0.040
 57250  621.37 2701.22 21.118  2.605 18.513  77   0 0.201 1010   3 0.058
 57252  743.58 2703.31 19.824  1.959 17.865  79   0 0.058 1012   2 0.030
 57255  673.54 2703.97 21.092  2.224 18.868  78   0 0.154 1009   3 0.080
 57256  637.01 2710.08 20.725  2.162 18.563  75   0 0.126 1014   4 0.066
 57257  649.74 2710.00 20.196  2.358 17.838  78   0 0.076 1014   1 0.032
 57258  746.07 2709.67 20.787  2.509 18.278  76   0 0.142 1009   1 0.044
 57259  759.03 2711.20 19.846  1.939 17.907  76   0 0.054 1013   3 0.033
 57260  558.87 2713.13 20.886  2.348 18.538  72   1 0.135 1007   2 0.058
 57263  559.63 2720.99 20.142  1.800 18.342  75   0 0.067 1006   4 0.052
 57265  792.48 2723.41 20.655  1.994 18.661  75   1 0.102 1009   3 0.061
 57268  835.95 2726.48 21.004  2.148 18.856  78   0 0.158 1011   3 0.084
 57270  620.31 2729.50 20.595  2.561 18.033  76   0 0.125 1009   4 0.042
 57271  831.01 2731.22 21.078  2.462 18.616  74   0 0.204 1012   0 0.064
 57276  808.46 2736.31 21.063  2.800 18.263  76   0 0.170 1012   2 0.043
 57277  738.02 2737.00 21.000  2.582 18.418  75   0 0.131 1014   3 0.055
 57281  657.07 2740.57 21.161  2.762 18.399  76   0 0.215 1012   4 0.059
 57282  558.77 2741.69 20.267  1.938 18.329  78   0 0.093 1012   1 0.050
 57284  692.73 2745.20 21.507  2.724 18.782  72   0 0.222 1012   1 0.073
 57286  777.96 2747.06 20.094  2.074 18.020  78   0 0.067 1012   1 0.035
 57287  552.31 2747.02 21.080  2.540 18.540  74   0 0.190 1005   5 0.056
 57288  659.89 2746.94 20.459  2.002 18.456  79   0 0.115 1018   1 0.062
 57289  677.63 2748.01 20.658  2.561 18.097  76   0 0.098 1010   3 0.038
 57294  562.15 2752.16 20.720  2.627 18.093  77   0 0.097 1011   2 0.043
 57295  735.32 2752.22 19.986  2.015 17.971  82   0 0.082 1019   2 0.045
 57301  728.66 2758.68 20.762  2.281 18.481  76   0 0.124 1014   1 0.064
 57302  796.66 2758.39 20.897  2.236 18.661  74   0 0.154 1009   3 0.065
 57309  785.47 2762.75 21.066  2.492 18.575  78   0 0.172 1008   2 0.060
 57310  579.30 2763.80 99.999  9.999 17.937   0   0 9.999 1021   3 0.103
 57311  832.51 2767.45 20.490  2.457 18.033  76   0 0.121 1013   0 0.038
 57313  555.92 2772.69 20.885  2.486 18.399  74   0 0.129 1007   3 0.051
 57315  645.38 2774.19 20.960  2.479 18.480  78   0 0.148 1007   3 0.056
 57316  712.11 2775.20 19.812  1.897 17.914  79   0 0.063 1014   2 0.038
 57318  835.85 2776.15 20.541  2.516 18.025  77   0 0.087 1010   0 0.039
 57320  594.47 2777.54 20.532  2.438 18.093  78   0 0.107 1011   2 0.040
 57323  703.01 2779.77 20.435  2.572 17.864  76   0 0.103 1014   1 0.031
 57324  692.99 2780.49 20.290  2.238 18.053  77   0 0.107 1012   1 0.039
 57325  633.03 2780.14 20.683  2.118 18.565  77   0 0.122 1012   3 0.061
 57326  765.98 2781.79 20.551  2.013 18.538  75   0 0.113 1012   2 0.062
 57327  613.29 2783.54 20.331  2.189 18.142  76   1 0.087 1012   2 0.050
 57328  600.54 2785.30 20.831  2.276 18.554  77   0 0.143 1007   1 0.059
 57330  679.26 2786.44 20.655  2.315 18.339  75   0 0.121 1008   1 0.048
 57331  619.34 2787.89 20.631  2.502 18.129  74   1 0.108 1010   5 0.042
 57335  733.76 2787.88 20.902  2.264 18.638  74   0 0.177 1007   3 0.062
 57337  810.85 2792.67 20.458  2.122 18.337  78   0 0.102 1013   0 0.050
 57338  647.57 2796.59 19.798  1.909 17.889  79   0 0.062 1012   3 0.035
 57340  645.84 2792.74 21.016  2.494 18.522  79   0 0.167 1011   2 0.056
 57341  751.83 2793.83 20.263  2.020 18.243  77   0 0.086 1009   2 0.045
 57344  761.78 2796.28 20.709  2.196 18.513  78   0 0.140 1006   5 0.057
 57345  722.97 2798.53 20.387  2.084 18.303  80   0 0.098 1010   0 0.044
 57347  796.47 2799.95 20.558  2.327 18.231  78   0 0.136 1019   3 0.060
 57348  680.80 2801.16 21.174  2.628 18.546  76   0 0.192 1012   4 0.060
 57350  848.81 2804.40 20.701  2.480 18.221  77   0 0.117 1015   1 0.047
 57352  810.90 2807.24 20.025  2.144 17.881  80   0 0.066 1009   5 0.033
 57359  814.41 2646.57 99.999  9.999 19.173   0   0 9.999  976   0 0.375
 57362  699.80 2633.59 99.999  9.999 19.174   0   0 9.999 1015   5 0.107
 57367  814.23 2590.48 21.556  2.328 19.228  75   0 0.289 1012   2 0.116
 57414  736.64 2677.06 99.999  9.999 19.200   0   0 9.999 1013   4 0.106
 57415  736.48 2687.19 20.595  1.309 19.286  76   1 0.125 1009   5 0.108
 57417  565.50 2696.08 21.567  2.412 19.156  74   1 0.225 1011   1 0.108
 57418  665.72 2699.87 99.999  9.999 19.669   0   0 9.999 1005   3 0.151
 57419  639.50 2713.84 21.597  2.186 19.411  74   0 0.266 1015   0 0.149
 57420  560.27 2718.66 20.142  1.264 18.878  75   0 0.067 1004   3 0.084
 57421  694.20 2743.10 21.082  2.099 18.982  77   0 0.153 1010   2 0.084
 57423  551.26 2772.50 21.553  2.156 19.397  68   0 0.203 1006   2 0.124
 57424  648.52 2775.66 99.999  9.999 19.633   0   0 9.999 1011   3 0.147
 57426  702.35 2775.16 21.266  2.495 18.771  76   0 0.208 1011   3 0.069
 57428  689.39 2801.80 21.246  2.232 19.014  75   0 0.204 1007   2 0.085
 58088  733.35 2557.75 21.551  2.674 18.877  75   0 0.257 1005   0 0.077
 58089  819.71 2558.34 20.987  2.074 18.913  71   0 0.164 1009   2 0.114
 58093  606.72 2561.65 21.054  1.882 19.172  73   0 0.287 1012   0 0.150
 58094  684.30 2558.47 21.993  2.608 19.385  69   0 0.374 1018   0 0.134
 58095  772.19 2558.83 21.685  2.292 19.393  74   0 0.333 1008   2 0.134
 58097  592.82 2560.22 21.040  1.765 19.276  78   0 0.261 1017   0 0.164
 58098  690.10 2559.63 21.066  2.256 18.810  78   1 0.169 1009   4 0.072
 58099  782.67 2559.75 99.999  9.999 18.884   0   0 9.999 1019   3 0.103
 58102  672.88 2560.26 22.125  2.698 19.427  79   0 0.378 1006   3 0.128
 58103  804.98 2561.55 21.489  2.415 19.074  76   0 0.214 1008   2 0.094
 58105  740.01 2562.88 21.232  2.403 18.829  74   0 0.153 1008   0 0.075
 58106  827.66 2562.60 99.999  9.999 19.032   0   0 9.999 1022   2 0.153
 58107  726.74 2564.45 21.266  2.289 18.976  77   0 0.177 1003   3 0.088
 58108  790.03 2567.48 21.589  2.065 19.524  72   1 0.238 1011   0 0.152
 58109  789.75 2563.02 20.876  1.574 19.301  77   0 0.135 1007   4 0.122
 58113  592.62 2566.62 20.683  1.981 18.702  80   0 0.270 1019   0 0.126
 58115  798.69 2566.70 21.332  2.307 19.025  76   0 0.218 1001   3 0.094
 58119  667.09 2570.21 21.432  2.337 19.095  74   0 0.248 1002   5 0.096
 58122  561.72 2572.38 20.520  1.931 18.588  81   0 0.126 1006   6 0.062
 58123  574.90 2573.29 20.825  1.985 18.840  81   0 0.217 1009   1 0.090
 58124  598.83 2574.04 99.999  9.999 99.999   0   0 9.999    0   0 9.999
 58125  743.32 2573.46 21.224  2.230 18.994  76   0 0.189 1005   3 0.084
 58126  789.17 2573.19 21.069  2.150 18.918  75   0 0.173 1011   2 0.087
 58129  604.20 2576.38 99.999  9.999 99.999   0   0 9.999    0   0 9.999
 58130  686.92 2574.13 22.001  2.648 19.353  77   0 0.344 1013   1 0.151
 58131  672.26 2575.28 21.020  2.197 18.823  75   0 0.166 1007   5 0.086
 58132  826.94 2573.83 99.999  9.999 18.903   0   0 9.999 1023   3 0.143
 58136  611.19 2577.21 99.999  9.999 99.999   0   0 9.999    0   0 9.999
 58138  590.91 2580.36 99.999  9.999 99.999   0   0 9.999    0   0 9.999
 58139  613.06 2581.82 99.999  9.999 18.757   0   0 9.999 1003   3 0.163
 58142  816.52 2578.65 21.361  2.402 18.959  75   0 0.206 1001   3 0.094
 58146  554.91 2582.00 21.530  2.469 19.061  75   0 0.235 1007   2 0.113
 58149  588.49 2583.38 99.999  9.999 99.999   0   0 9.999    0   0 9.999
 58150  734.26 2583.92 21.675  2.025 19.650  74   0 0.272 1012   1 0.158
 58151  762.97 2583.39 21.483  1.845 19.637  79   0 0.232 1005   3 0.158
 58152  612.60 2586.05 99.999  9.999 19.140   0   0 9.999  995   0 0.270
 58153  628.49 2585.65 99.999  9.999 19.578   0   0 9.999 1007   2 0.170
 58159  592.00 2590.80 99.999  9.999 99.999   0   0 9.999    0   0 9.999
 58162  740.96 2590.63 21.024  2.152 18.872  78   0 0.199 1009   2 0.083
 58164  609.61 2591.05 99.999  9.999 99.999   0   0 9.999    0   0 9.999
 58165  716.22 2593.20 21.186  2.326 18.860  75   0 0.193 1009   4 0.074
 58166  695.81 2593.64 21.674  2.436 19.238  71   0 0.298 1008   1 0.112
 58169  598.81 2594.93 99.999  9.999 99.999   0   0 9.999    0   0 9.999
 58170  648.39 2593.83 99.999  9.999 19.735   0   0 9.999 1006   0 0.175
 58172  652.95 2594.91 99.999  9.999 19.079   0   0 9.999 1006   5 0.093
 58173  848.27 2594.17 99.999  9.999 19.534   0   0 9.999 1014   1 0.147
 58174  641.00 2596.45 99.999  9.999 19.496   0   0 9.999 1003   0 0.137
 58175  748.52 2596.96 21.004  2.106 18.898  77   0 0.162 1011   3 0.082
 58176  771.57 2596.65 21.214  2.333 18.881  73   0 0.198 1008   3 0.073
 58179  706.09 2598.33 22.061  2.564 19.497  73   0 0.384 1003   2 0.131
 58180  814.05 2598.91 21.505  2.549 18.955  73   1 0.211 1003   4 0.084
 58183  830.29 2598.97 99.999  9.999 19.320   0   0 9.999 1010   4 0.126
 58186  636.97 2600.83 99.999  9.999 19.367   0   0 9.999 1008   2 0.124
 58187  664.94 2595.61 21.746  2.182 19.564  73   0 0.294 1012   3 0.152
 58188  569.91 2602.00 20.938  2.177 18.761  78   0 0.230 1009   1 0.079
 58190  710.55 2602.37 21.949  2.197 19.752  76   0 0.353  999   2 0.155
 58191  726.04 2603.25 21.502  2.276 19.226  74   0 0.186 1007   0 0.107
 58195  762.10 2603.47 21.746  2.635 19.111  73   0 0.277 1006   3 0.101
 58198  598.22 2597.92 99.999  9.999 19.834   0   0 9.999  957   2 0.364
 58199  800.01 2603.60 21.480  1.991 19.489  74   0 0.220 1010   1 0.144
 58202  598.10 2602.77 20.772  0.923 19.849  81   0 0.355  997   0 0.327
 58203  692.58 2605.45 21.601  2.275 19.326  74   0 0.244 1005   3 0.114
 58204  783.93 2604.47 21.777  2.267 19.511  73   0 0.313 1005   2 0.136
 58207  757.89 2607.21 21.551  2.668 18.883  76   0 0.230 1010   1 0.078
 58209  818.71 2608.30 22.025  2.534 19.491  76   0 0.357 1003   4 0.129
 58212  752.60 2610.20 21.635  2.616 19.019  75   0 0.264 1006   2 0.087
 58213  806.31 2609.07 21.759  2.445 19.314  76   0 0.316 1002   2 0.119
 58217  827.96 2612.47 21.113  2.375 18.738  76   0 0.196 1011   3 0.078
 58218  846.96 2612.15 21.652  2.743 18.910  77   0 0.288 1006   5 0.079
 58220  604.17 2612.27 21.488  2.316 19.173  73   0 0.412 1017   0 0.140
 58221  654.86 2613.00 21.104  2.468 18.636  74   0 0.179 1006   2 0.060
 58228  670.52 2614.82 21.888  2.767 19.121  71   0 0.308 1002   5 0.090
 58229  595.08 2615.20 99.999  9.999 19.162   0   0 9.999 1010   2 0.127
 58230  645.34 2615.98 21.430  2.358 19.073  74   0 0.249 1009   2 0.094
 58231  725.55 2615.75 21.505  2.511 18.994  78   1 0.241 1007   3 0.086
 58232  818.16 2616.27 21.505  2.430 19.074  75   0 0.310 1015   1 0.101
 58237  551.33 2620.02 21.343  2.514 18.828  73   0 0.257 1010   1 0.120
 58238  556.93 2620.28 21.722  2.422 19.299  70   0 0.260 1015   2 0.168
 58239  631.39 2620.79 99.999  9.999 19.323   0   0 9.999 1010   0 0.123
 58240  737.98 2620.29 21.534  2.283 19.252  73   0 0.273 1005   3 0.105
 58241  573.92 2622.26 21.275  2.479 18.796  76   0 0.240 1004   1 0.080
 58242  767.60 2621.61 21.450  2.217 19.232  74   0 0.208 1010   1 0.110
 58243  635.83 2626.00 99.999  9.999 18.927   0   0 9.999 1007   2 0.078
 58244  671.53 2624.60 21.551  2.546 19.005  72   0 0.322 1004   3 0.086
 58247  560.52 2624.99 99.999  9.999 18.577   0   0 9.999 1022   1 0.132
 58248  790.57 2626.07 21.790  2.557 19.232  73   0 0.272 1004   2 0.108
 58249  614.31 2626.46 21.672  2.618 19.054  77   0 0.356 1009   0 0.098
 58250  631.72 2626.59 21.173  2.317 18.856  73   0 0.193 1007   5 0.077
 58252  569.92 2627.02 99.999  9.999 19.180   0   0 9.999 1006   2 0.119
 58256  683.81 2628.65 21.461  2.369 19.092  74   0 0.256 1004   2 0.095
 58257  721.65 2629.10 21.791  2.441 19.350  76   0 0.338 1002   4 0.125
 58260  829.19 2629.65 99.999  9.999 19.240   0   0 9.999 1013   3 0.126
 58261  770.01 2631.23 21.661  2.534 19.127  77   0 0.302 1015   1 0.105
 58262  782.86 2631.78 21.128  1.858 19.270  76   0 0.152 1005   2 0.106
 58265  635.58 2631.57 21.429  2.546 18.883  79   0 0.247 1004   4 0.082
 58266  644.33 2632.11 21.310  2.456 18.854  76   0 0.240 1006   6 0.079
 58274  685.23 2634.11 99.999  9.999 19.361   0   0 9.999 1003   1 0.111
 58275  571.03 2635.87 21.462  2.355 19.107  76   1 0.232 1008   2 0.116
 58276  830.80 2636.37 99.999  9.999 19.503   0   0 9.999 1017   1 0.184
 58278  809.20 2636.51 21.107  1.975 19.132  76   0 0.177 1011   2 0.122
 58279  755.87 2639.22 21.664  2.588 19.076  74   0 0.255 1002   3 0.104
 58283  654.17 2639.57 21.403  2.234 19.169  73   0 0.191 1008   3 0.094
 58285  567.46 2641.17 21.420  2.338 19.082  73   0 0.276 1003   4 0.109
 58286  581.73 2642.11 21.364  2.584 18.780  76   1 0.205 1006   3 0.088
 58287  778.61 2642.23 21.443  2.115 19.327  73   0 0.228 1008   2 0.124
 58288  817.15 2642.73 21.798  2.430 19.369  71   0 0.363  993   1 0.201
 58289  827.39 2641.92 21.774  2.115 19.659  71   0 0.376 1014   1 0.199
 58294  586.94 2643.23 20.698  1.491 19.207  75   0 0.159 1006   2 0.114
 58295  803.56 2643.12 21.412  2.218 19.193  78   0 0.324 1013   0 0.161
 58297  681.97 2645.75 21.125  2.316 18.810  76   0 0.198 1008   4 0.071
 58301  570.02 2645.87 21.770  2.578 19.192  68   0 0.318 1008   3 0.110
 58302  669.42 2643.76 22.142  2.576 19.566  76   0 0.432 1007   2 0.154
 58303  724.84 2645.26 99.999  9.999 19.389   0   0 9.999 1010   2 0.140
 58304  621.56 2648.37 20.941  2.108 18.832  76   0 0.141 1008   2 0.078
 58305  791.65 2648.27 21.094  1.986 19.107  75   0 0.158 1012   2 0.103
 58308  782.49 2648.26 21.938  2.583 19.355  74   0 0.341 1012   1 0.124
 58310  699.18 2652.49 20.977  2.182 18.794  72   0 0.143 1007   1 0.071
 58311  704.05 2649.13 21.715  2.420 19.295  73   0 0.262 1002   2 0.107
 58312  816.25 2651.27 99.999  9.999 18.771   0   0 9.999 1015   1 0.216
 58318  746.25 2651.54 21.910  2.604 19.306  73   0 0.344 1002   6 0.116
 58320  600.75 2652.82 21.395  2.270 19.125  75   0 0.203 1011   1 0.115
 58321  804.76 2651.83 99.999  9.999 19.968   0   0 9.999 1007   0 0.326
 58323  632.20 2653.09 21.860  2.409 19.451  74   0 0.359 1013   2 0.130
 58324  649.57 2654.26 21.434  2.256 19.178  74   1 0.237 1010   3 0.102
 58325  823.67 2654.26 99.999  9.999 18.677   0   0 9.999 1033   1 0.211
 58327  562.98 2654.36 99.999  9.999 19.144   0   0 9.999 1005   2 0.099
 58328  774.63 2656.03 21.865  2.701 19.163  76   0 0.319 1006   3 0.100
 58330  586.70 2657.74 21.423  2.262 19.162  76   1 0.256 1004   2 0.101
 58331  642.91 2657.34 21.439  2.074 19.365  77   1 0.209 1005   4 0.123
 58333  572.49 2658.20 21.447  2.269 19.178  74   0 0.250 1005   3 0.102
 58334  749.04 2659.52 21.150  2.488 18.662  72   0 0.155 1012   2 0.061
 58335  800.95 2659.03 21.653  2.263 19.389  72   0 0.289 1001   2 0.142
 58336  701.01 2661.34 21.494  2.831 18.663  75   0 0.234 1009   4 0.060
 58337  718.79 2661.20 21.333  2.142 19.192  78   0 0.185 1005   5 0.100
 58339  688.50 2662.10 99.999  9.999 19.470   0   0 9.999 1005   2 0.131
 58343  768.31 2663.22 21.499  2.380 19.119  75   0 0.247 1010   2 0.098
 58344  812.75 2664.64 22.017  2.956 19.061  73   0 0.421 1009   4 0.163
 58348  621.99 2665.36 21.563  2.218 19.345  77   0 0.280 1006   2 0.121
 58352  632.23 2668.38 21.915  2.537 19.378  73   0 0.362 1006   3 0.121
 58353  657.65 2668.26 21.819  2.588 19.231  74   0 0.319 1003   5 0.102
 58354  691.16 2668.50 21.807  2.640 19.167  73   0 0.291 1006   2 0.099
 58355  805.35 2668.50 99.999  9.999 19.527   0   0 9.999 1007   1 0.168
 58356  828.74 2668.27 21.513  2.520 18.993  73   0 0.256 1007   4 0.097
 58357  564.68 2669.89 21.419  2.272 19.148  75   1 0.228 1007   5 0.100
 58358  650.25 2669.82 99.999  9.999 19.270   0   0 9.999 1010   1 0.109
 58359  762.83 2672.77 20.716  2.051 18.665  73   0 0.124 1010   2 0.065
 58362  586.88 2673.48 21.305  2.368 18.937  77   1 0.204 1012   1 0.092
 58363  680.42 2674.41 20.927  2.258 18.669  78   0 0.180 1012   2 0.075
 58364  694.16 2672.23 21.895  2.668 19.227  77   0 0.342 1008   2 0.096
 58365  731.10 2674.20 99.999  9.999 19.184   0   0 9.999 1016   2 0.118
 58366  799.75 2674.02 22.143  2.921 19.222  72   0 0.398 1004   1 0.109
 58369  630.85 2675.44 21.810  2.637 19.172  78   0 0.364 1009   1 0.098
 58370  707.34 2676.10 21.295  2.347 18.948  78   0 0.196 1008   3 0.078
 58371  763.71 2677.11 21.031  2.054 18.976  71   0 0.145 1007   2 0.083
 58373  834.93 2676.98 21.653  2.293 19.360  78   0 0.296 1005   1 0.119
 58374  595.54 2678.60 21.618  2.659 18.960  73   0 0.265 1011   2 0.091
 58377  829.07 2679.48 21.695  2.693 19.002  70   0 0.282 1008   0 0.083
 58380  794.09 2681.31 21.303  2.345 18.958  74   0 0.197 1014   2 0.086
 58382  661.20 2686.63 21.061  2.270 18.791  75   0 0.162 1006   1 0.068
 58384  645.49 2687.08 21.229  2.533 18.696  76   0 0.211 1009   1 0.065
 58385  708.31 2687.24 21.267  2.192 19.075  74   0 0.206 1008   2 0.089
 58387  674.56 2687.74 21.582  2.368 19.214  74   0 0.288 1006   3 0.104
 58393  820.20 2690.79 21.381  2.205 19.176  76   0 0.202 1012   4 0.100
 58395  615.66 2692.26 99.999  9.999 18.982   0   0 9.999 1017   1 0.126
 58396  793.87 2691.46 21.810  2.464 19.346  75   0 0.301 1005   2 0.112
 58397  723.94 2693.51 21.942  2.617 19.325  69   0 0.376  999   2 0.111
 58400  624.38 2694.30 99.999  9.999 19.295   0   0 9.999 1016   1 0.129
 58401  675.56 2694.94 21.328  2.342 18.987  78   0 0.230 1009   3 0.086
 58402  818.03 2695.97 21.231  2.030 19.201  76   0 0.177 1007   2 0.100
 58403  590.99 2698.58 21.251  2.340 18.911  78   0 0.220 1017   3 0.110
 58404  757.33 2696.24 22.290  2.878 19.413  68   0 0.461 1007   1 0.121
 58406  688.01 2699.12 21.268  1.858 19.411  74   0 0.184 1016   2 0.126
 58407  844.09 2699.31 21.238  2.365 18.873  79   0 0.235 1009   3 0.101
 58411  768.70 2702.32 21.045  1.553 19.492  75   0 0.164  999   3 0.133
 58412  792.96 2699.43 22.002  2.851 19.150  68   0 0.337 1010   2 0.096
 58418  599.98 2701.77 21.901  2.531 19.371  73   0 0.292 1016   0 0.132
 58419  826.85 2703.21 21.160  2.259 18.901  79   0 0.183 1005   5 0.075
 58423  615.48 2705.68 20.911  2.305 18.605  76   0 0.165 1008   2 0.067
 58424  675.84 2702.09 99.999  9.999 19.999   0   0 9.999 1004   1 0.201
 58425  679.16 2705.42 20.799  1.858 18.941  75   0 0.126 1010   1 0.081
 58428  561.69 2704.88 99.999  9.999 19.240   0   0 9.999 1015   4 0.140
 58429  592.19 2705.19 99.999  9.999 19.166   0   0 9.999 1018   1 0.136
 58430  732.26 2705.88 21.812  2.345 19.467  74   0 0.387 1011   1 0.126
 58431  793.20 2705.32 99.999  9.999 19.343   0   0 9.999 1005   6 0.113
 58436  659.14 2711.79 21.386  2.014 19.372  75   0 0.194 1006   3 0.119
 58437  751.75 2707.71 21.312  2.048 19.264  77   0 0.253 1002   7 0.109
 58439  573.39 2708.99 21.784  2.748 19.035  76   0 0.282 1005   5 0.104
 58440  606.48 2710.39 21.154  2.194 18.960  76   0 0.252 1019   0 0.198
 58442  792.16 2710.49 21.437  2.407 19.030  74   0 0.249 1014   2 0.103
 58445  770.95 2713.60 21.972  2.635 19.337  71   0 0.345 1007   3 0.117
 58446  763.31 2714.46 21.696  2.300 19.396  74   0 0.289 1004   4 0.123
 58449  550.93 2715.64 21.272  2.242 19.031  74   0 0.214 1003   3 0.088
 58450  810.60 2715.79 21.380  2.064 19.315  73   0 0.194 1009   2 0.116
 58452  791.47 2718.62 99.999  9.999 19.375   0   0 9.999 1007   1 0.121
 58454  715.03 2720.14 21.002  1.942 19.060  77   0 0.157 1008   3 0.093
 58455  777.10 2720.30 21.452  2.469 18.983  74   0 0.252 1006   3 0.080
 58458  583.38 2720.68 21.641  2.346 19.296  75   1 0.310 1012   1 0.167
 58459  645.16 2723.60 20.995  2.322 18.673  81   0 0.180 1019   3 0.087
 58460  730.96 2722.17 21.077  2.060 19.016  76   0 0.188 1000   3 0.081
 58461  762.11 2721.68 21.637  2.367 19.270  77   0 0.282 1004   1 0.111
 58463  754.21 2723.04 99.999  9.999 19.407   0   0 9.999 1009   0 0.151
 58464  571.71 2724.60 21.231  2.153 19.078  76   0 0.224 1006   3 0.093
 58465  770.58 2725.51 21.691  2.599 19.092  72   0 0.241 1011   3 0.101
 58466  720.49 2725.88 21.170  2.165 19.004  75   1 0.187 1011   3 0.093
 58467  676.64 2726.99 21.525  2.279 19.246  74   0 0.241 1000   5 0.097
 58468  703.45 2727.15 21.423  2.041 19.382  71   0 0.176 1003   5 0.116
 58470  586.82 2728.42 21.440  2.439 19.001  73   1 0.212 1005   2 0.094
 58471  636.23 2728.43 21.158  2.463 18.696  77   0 0.200 1011   3 0.073
 58475  629.80 2728.94 21.291  2.184 19.107  73   0 0.217 1012   0 0.105
 58476  821.43 2729.85 21.684  2.575 19.108  72   0 0.263 1013   1 0.099
 58478  662.00 2731.08 21.583  2.410 19.173  74   0 0.263 1016   1 0.112
 58479  687.39 2731.63 21.180  2.301 18.879  76   0 0.207 1009   1 0.082
 58482  709.39 2733.60 20.926  2.112 18.814  77   0 0.152 1012   3 0.076
 58483  802.03 2734.34 21.779  2.284 19.494  71   0 0.363 1011   0 0.146
 58484  554.32 2735.53 21.498  1.340 20.158  74   0 0.219 1007   1 0.267
 58485  600.82 2735.34 21.016  2.342 18.674  75   0 0.162 1007   3 0.066
 58487  692.42 2735.22 21.696  2.445 19.251  79   0 0.325 1008   3 0.123
 58488  704.28 2738.97 21.077  1.912 19.165  74   0 0.176 1008   1 0.107
 58490  720.22 2736.89 21.312  2.472 18.840  80   0 0.194 1014   3 0.083
 58491  832.17 2735.70 99.999  9.999 19.123   0   0 9.999 1005   2 0.098
 58493  662.20 2736.94 99.999  9.999 19.482   0   0 9.999 1012   1 0.143
 58494  752.96 2737.73 99.999  9.999 19.327   0   0 9.999 1014   1 0.143
 58496  550.48 2738.91 99.999  9.999 19.422   0   0 9.999 1006   2 0.130
 58497  760.74 2740.39 21.470  2.321 19.150  76   0 0.252 1005   2 0.099
 58498  637.97 2740.48 21.976  2.373 19.603  72   0 0.348 1016   1 0.178
 58499  779.44 2740.98 21.612  2.280 19.332  70   0 0.233 1006   1 0.116
 58500  801.26 2739.59 99.999  9.999 19.402   0   0 9.999 1007   2 0.130
 58503  703.64 2741.01 21.077  1.660 19.417  74   0 0.176 1008   1 0.144
 58508  668.73 2745.36 21.013  1.732 19.281  76   0 0.177 1007   4 0.115
 58510  804.61 2745.84 21.596  2.521 19.075  75   0 0.246 1008   1 0.089
 58512  615.12 2746.23 21.674  2.469 19.205  75   0 0.230 1008   0 0.111
 58513  654.24 2747.18 99.999  9.999 18.769   0   0 9.999 1014   1 0.084
 58514  782.02 2746.93 99.999  9.999 19.313   0   0 9.999 1014   2 0.116
 58518  569.97 2751.34 21.551  2.475 19.077  75   0 0.277 1012   4 0.114
 58520  638.38 2748.46 21.659  2.221 19.438  78   0 0.316 1009   2 0.140
 58521  668.45 2752.04 21.372  2.188 19.184  76   0 0.225 1008   1 0.108
 58522  671.37 2748.17 99.999  9.999 19.049   0   0 9.999 1011   1 0.092
 58524  721.10 2751.00 21.665  2.450 19.215  75   0 0.300 1018   1 0.122
 58526  611.29 2751.26 21.092  2.206 18.887  76   0 0.165 1008   5 0.080
 58528  642.26 2754.17 20.855  2.025 18.830  75   0 0.166 1011   3 0.082
 58530  790.33 2754.82 21.656  2.342 19.314  75   0 0.280 1004   2 0.112
 58531  603.64 2756.60 21.347  2.537 18.810  76   0 0.259 1013   1 0.074
 58532  625.40 2755.32 21.598  2.332 19.266  77   0 0.263 1007   4 0.111
 58535  749.91 2755.50 21.737  2.453 19.284  71   1 0.255 1012   2 0.114
 58536  577.83 2758.57 99.999  9.999 18.783   0   0 9.999 1013   3 0.172
 58537  661.10 2757.19 20.873  1.415 19.458  77   0 0.165 1009   1 0.140
 58539  667.43 2759.45 20.854  1.982 18.872  80   0 0.146 1006   3 0.073
 58540  742.40 2761.52 20.981  2.281 18.700  78   0 0.149 1011   3 0.064
 58544  604.34 2763.24 21.203  2.199 19.004  78   0 0.220 1004   4 0.083
 58545  643.97 2761.98 99.999  9.999 19.113   0   0 9.999 1013   1 0.104
 58547  694.34 2765.72 20.960  1.782 19.178  76   0 0.151 1010   3 0.103
 58549  798.23 2764.16 21.415  2.432 18.983  72   0 0.244 1009   1 0.089
 58555  643.30 2765.87 21.189  2.546 18.643  80   0 0.167 1005   5 0.074
 58556  777.36 2768.34 21.640  2.819 18.821  70   0 0.249 1005   3 0.068
 58557  783.47 2766.55 21.986  2.667 19.319  76   0 0.406 1014   4 0.114
 58559  572.67 2769.48 21.842  2.626 19.216  77   0 0.336 1003   5 0.147
 58560  655.23 2768.90 21.111  2.279 18.832  78   0 0.191 1008   6 0.071
 58561  700.23 2768.02 21.139  2.228 18.911  76   0 0.212 1010   1 0.087
 58564  682.24 2769.14 20.802  1.969 18.833  77   0 0.135 1012   1 0.074
 58566  688.44 2772.79 21.065  1.810 19.255  76   0 0.145 1018   0 0.119
 58567  695.03 2768.68 20.960  1.594 19.365  76   0 0.151 1015   3 0.120
 58568  770.74 2771.36 21.554  1.718 19.837  77   0 0.207 1004   2 0.191
 58569  630.16 2771.89 21.187  2.117 19.070  71   0 0.191 1011   1 0.096
 58570  672.81 2771.74 20.999  1.909 19.090  70   0 0.169 1006   1 0.106
 58573  781.95 2772.53 21.462  2.329 19.134  78   0 0.290 1006   3 0.092
 58575  597.42 2774.05 21.348  2.268 19.080  74   0 0.240 1011   1 0.095
 58576  624.78 2773.61 21.688  2.480 19.208  76   0 0.296 1005   4 0.112
 58577  807.85 2772.86 99.999  9.999 19.591   0   0 9.999 1005   2 0.141
 58580  734.66 2775.20 21.658  2.308 19.350  75   0 0.300 1012   3 0.123
 58581  696.68 2775.88 99.999  9.999 19.691   0   0 9.999 1011   1 0.166
 58585  779.51 2779.44 21.237  2.406 18.831  77   0 0.203 1009   0 0.073
 58588  676.89 2779.89 21.088  2.057 19.031  74   0 0.177 1002   1 0.091
 58589  728.24 2779.55 21.296  2.315 18.981  74   0 0.177 1010   2 0.088
 58590  829.84 2780.51 21.159  2.269 18.891  76   0 0.224 1006   2 0.083
 58591  812.21 2779.36 99.999  9.999 19.339   0   0 9.999 1011   3 0.136
 58592  846.51 2779.02 21.767  2.232 19.535  68   0 0.234 1002   7 0.132
 58594  717.73 2781.68 21.403  2.074 19.328  77   0 0.221 1010   3 0.117
 58595  742.40 2780.94 21.795  2.258 19.537  73   0 0.324 1014   3 0.135
 58601  574.84 2784.33 21.496  2.754 18.742  76   0 0.243 1006   3 0.075
 58604  757.08 2784.53 21.664  2.274 19.390  71   0 0.285 1005   1 0.115
 58606  631.85 2785.42 21.276  2.116 19.160  79   0 0.221 1011   3 0.105
 58607  610.90 2787.73 21.389  2.486 18.903  72   0 0.237 1010   4 0.090
 58608  752.56 2786.63 21.349  1.945 19.404  74   0 0.176 1004   5 0.122
 58609  816.79 2786.72 21.732  2.475 19.258  74   0 0.300 1011   1 0.110
 58611  654.51 2788.72 21.254  2.256 18.997  77   0 0.230 1015   5 0.094
 58612  810.99 2789.81 21.303  1.794 19.509  75   0 0.186 1012   1 0.140
 58616  576.15 2789.10 99.999  9.999 19.330   0   0 9.999 1008   3 0.131
 58617  672.74 2790.87 21.424  2.670 18.754  72   0 0.273 1008   0 0.069
 58619  603.89 2792.19 21.701  2.657 19.044  74   0 0.313 1003   2 0.086
 58620  638.38 2795.93 21.104  2.148 18.956  78   0 0.174 1000   5 0.086
 58621  634.11 2791.95 21.127  2.248 18.879  79   0 0.225 1008   2 0.108
 58622  726.58 2791.37 21.926  2.743 19.183  70   0 0.407 1008   3 0.096
 58623  737.72 2791.32 21.484  2.388 19.096  75   0 0.208 1005   3 0.093
 58628  550.01 2793.10 21.782  2.334 19.448  73   0 0.317  999   4 0.129
 58629  586.05 2794.85 21.708  2.368 19.340  72   1 0.266 1010   1 0.144
 58630  561.42 2794.09 21.352  2.279 19.074  76   0 0.231 1008   1 0.102
 58631  815.59 2795.85 20.880  2.133 18.748  76   0 0.142 1011   4 0.070
 58635  620.49 2799.43 21.540  2.367 19.173  74   0 0.261 1008   1 0.098
 58638  701.37 2800.94 21.918  2.585 19.332  75   0 0.336 1000   1 0.118
 58639  814.76 2801.12 21.588  2.432 19.156  76   0 0.260 1015   2 0.102
 58642  609.70 2802.33 21.462  2.776 18.686  78   0 0.267 1006   1 0.068
 58643  647.11 2801.52 21.958  2.683 19.275  72   0 0.397 1013   1 0.112
 58646  658.31 2803.86 21.379  2.242 19.137  78   0 0.264 1008   0 0.103
 58648  761.32 2804.73 21.571  2.688 18.882  77   0 0.279 1008   1 0.086
 58654  734.63 2808.19 21.666  2.287 19.380  73   0 0.277 1007   2 0.150
 58655  774.25 2808.06 21.596  2.115 19.481  74   0 0.273 1001   3 0.136
 58661  809.64 2593.21 20.810  1.653 19.157  77   0 0.148 1014   3 0.113
 58662  838.46 2651.32 99.999  9.999 19.564   0   0 9.999 1006   2 0.146
 58671  744.89 2558.37 99.999  9.999 19.842   0   0 9.999 1015   1 0.196
 58673  634.93 2709.20 20.725  1.649 19.076  75   0 0.126 1009   3 0.097
 58674  683.95 2802.19 21.443  2.406 19.038  78   0 0.258 1012   1 0.089
 58675  810.56 2803.77 21.649  2.077 19.571  77   0 0.317 1014   2 0.149
 58676  810.63 2585.94 21.827  2.302 19.525  78   0 0.371 1019   0 0.161
 58716  694.29 2561.12 99.999  9.999 19.895   0   0 9.999 1008   1 0.198
 58717  576.48 2576.85 99.999  9.999 19.688   0   0 9.999 1016   0 0.256
 58720  801.68 2605.95 21.480  1.706 19.774  74   0 0.220 1001   1 0.181
 58723  785.14 2630.49 21.128  1.818 19.310  76   0 0.152 1011   2 0.114
 58724  639.54 2632.52 99.999  9.999 20.060   0   0 9.999  992   2 0.231
 58725  646.76 2634.21 99.999  9.999 20.207   0   0 9.999 1012   1 0.265
 58727  561.11 2669.14 21.810  2.162 19.649  73   0 0.324 1008   2 0.159
 58730  678.40 2698.16 99.999  9.999 19.812   0   0 9.999 1001   1 0.173
 58731  842.67 2705.88 22.047  2.135 19.912  65   0 0.408  999   0 0.303
 58732  769.51 2699.95 21.045  1.747 19.298  75   0 0.164  997   5 0.113
 58734  717.95 2723.29 99.999  9.999 19.608   0   0 9.999 1007   1 0.171
 58736  631.86 2733.40 99.999  9.999 20.526   0   0 9.999  968   0 0.346
 58738  599.43 2738.40 99.999  9.999 20.096   0   0 9.999 1008   0 0.240
 58740  744.26 2758.58 99.999  9.999 19.421   0   0 9.999 1011   1 0.124
 58741  605.83 2761.10 99.999  9.999 20.213   0   0 9.999 1001   2 0.258
 58742  683.11 2771.72 20.802  1.308 19.494  77   0 0.135 1011   2 0.136
 58743  688.04 2769.98 21.065  1.635 19.430  76   0 0.145 1013   5 0.136
 58745  674.31 2781.08 99.999  9.999 20.220   0   0 9.999  973   1 0.257
 58746  669.25 2790.22 21.172  2.032 19.140  70   0 0.196 1004   0 0.097
 58747  604.84 2797.07 99.999  9.999 19.985   0   0 9.999 1004   1 0.209
 59880  678.13 2557.09 99.999  9.999 19.846   0   0 9.999 1009   0 0.185
 59884  792.82 2558.22 21.784  2.319 19.465  70   0 0.379 1009   3 0.142
 59886  816.63 2557.64 99.999  9.999 19.472   0   0 9.999 1004   3 0.162
 59890  604.18 2557.87 99.999  9.999 19.590   0   0 9.999 1013   0 0.222
 59891  723.13 2559.38 99.999  9.999 19.728   0   0 9.999  998   1 0.219
 59892  798.25 2560.36 99.999  9.999 19.781   0   0 9.999 1008   2 0.195
 59896  767.55 2560.68 99.999  9.999 20.028   0   0 9.999 1005   1 0.248
 59897  823.49 2561.13 99.999  9.999 19.459   0   0 9.999  998   1 0.258
 59900  699.64 2563.45 99.999  9.999 19.577   0   0 9.999 1004   2 0.164
 59901  710.94 2560.61 99.999  9.999 19.815   0   0 9.999 1006   4 0.215
 59903  650.16 2562.91 99.999  9.999 20.202   0   0 9.999 1006   0 0.263
 59908  621.68 2566.38 21.660  1.957 19.703  76   0 0.423 1004   2 0.203
 59909  634.07 2564.76 99.999  9.999 19.893   0   0 9.999 1001   1 0.204
 59910  772.80 2565.39 99.999  9.999 19.616   0   0 9.999 1007   2 0.177
 59914  601.27 2569.57 99.999  9.999 19.931   0   0 9.999  986   0 0.369
 59915  605.66 2565.79 99.999  9.999 20.011   0   0 9.999 1007   0 0.355
 59916  839.64 2567.57 99.999  9.999 19.561   0   0 9.999  997   2 0.163
 59919  596.45 2571.16 99.999  9.999 19.742   0   0 9.999  961   0 0.381
 59920  599.28 2567.47 20.988  1.508 19.480  77   0 0.431 1019   0 0.258
 59921  724.91 2568.70 99.999  9.999 20.080   0   0 9.999  993   1 0.242
 59925  698.10 2568.00 99.999  9.999 20.257   0   0 9.999  993   0 0.260
 59926  747.51 2570.18 99.999  9.999 19.542   0   0 9.999 1007   2 0.138
 59928  672.30 2568.99 99.999  9.999 20.264   0   0 9.999  993   0 0.282
 59929  733.96 2571.35 21.688  2.351 19.337  75   0 0.309 1005   5 0.108
 59930  742.65 2569.45 99.999  9.999 19.887   0   0 9.999 1010   2 0.190
 59936  618.22 2570.28 99.999  9.999 20.079   0   0 9.999 1004   0 0.328
 59937  813.94 2570.72 22.044  2.677 19.366  67   0 0.352 1015   2 0.163
 59940  603.33 2573.16 20.616  9.999 99.999  74   0 0.332    0   0 9.999
 59943  558.69 2573.42 99.999  9.999 19.262   0   0 9.999 1009   1 0.108
 59944  565.37 2574.56 99.999  9.999 19.946   0   0 9.999 1017   1 0.234
 59945  594.70 2573.85 99.999  9.999 99.999   0   0 9.999    0   0 9.999
 59946  642.95 2572.95 99.999  9.999 19.838   0   0 9.999  992   2 0.173
 59947  692.57 2573.00 99.999  9.999 20.120   0   0 9.999 1001   1 0.240
 59948  766.52 2572.11 99.999  9.999 20.385   0   0 9.999  977   1 0.313
 59952  608.44 2575.19 99.999  9.999 99.999   0   0 9.999    0   0 9.999
 59953  820.98 2575.20 99.999  9.999 19.909   0   0 9.999 1005   1 0.234
 59957  586.53 2576.08 99.999  9.999 20.463   0   0 9.999  845   1 0.468
 59958  591.48 2576.31 99.999  9.999 99.999   0   0 9.999    0   0 9.999
 59959  614.69 2577.64 20.835  1.390 19.445  77   0 0.447 1001   2 0.234
 59960  637.95 2573.98 99.999  9.999 19.866   0   0 9.999 1001   0 0.194
 59962  723.95 2575.27 99.999  9.999 20.258   0   0 9.999  999   0 0.268
 59965  552.98 2578.62 99.999  9.999 19.926   0   0 9.999  994   2 0.217
 59966  763.94 2578.89 99.999  9.999 19.902   0   0 9.999 1004   1 0.200
 59967  834.57 2578.24 99.999  9.999 19.809   0   0 9.999 1004   1 0.198
 59969  659.03 2579.53 99.999  9.999 19.762   0   0 9.999 1001   2 0.170
 59970  699.12 2578.52 99.999  9.999 20.106   0   0 9.999 1002   2 0.208
 59975  617.51 2581.15 21.109  1.678 19.431  76   0 0.425 1008   2 0.216
 59976  677.78 2581.59 99.999  9.999 20.100   0   0 9.999 1003   0 0.260
 59977  732.54 2581.08 99.999  9.999 20.115   0   0 9.999 1011   0 0.242
 59978  846.49 2582.59 21.967  2.298 19.669  73   0 0.324 1004   2 0.159
 59980  708.24 2581.33 99.999  9.999 19.750   0   0 9.999 1004   1 0.163
 59981  713.57 2580.11 99.999  9.999 20.177   0   0 9.999  996   1 0.249
 59982  749.39 2583.95 21.931  2.473 19.458  74   0 0.302 1005   3 0.127
 59983  560.37 2583.36 21.890  2.283 19.607  78   0 0.340 1003   1 0.153
 59984  565.26 2583.38 99.999  9.999 19.876   0   0 9.999 1006   1 0.192
 59985  759.30 2582.89 99.999  9.999 19.768   0   0 9.999 1012   1 0.187
 59986  655.79 2583.49 99.999  9.999 20.036   0   0 9.999 1006   2 0.222
 59987  671.98 2585.53 22.029  2.118 19.910  67   0 0.369 1004   0 0.211
 59988  738.03 2584.23 99.999  9.999 19.520   0   0 9.999 1005   1 0.132
 59989  828.57 2584.59 99.999  9.999 19.548   0   0 9.999 1005   0 0.157
 59991  713.88 2588.69 22.020  2.477 19.542  70   0 0.338 1002   2 0.132
 59992  762.63 2589.05 21.871  2.209 19.662  74   0 0.317 1003   3 0.155
 59993  765.39 2585.32 99.999  9.999 20.039   0   0 9.999 1002   3 0.210
 59995  613.81 2588.87 99.999  9.999 19.515   0   0 9.999  969   0 0.316
 59998  834.67 2590.12 99.999  9.999 19.655   0   0 9.999 1008   1 0.173
 60000  780.33 2588.71 99.999  9.999 19.596   0   0 9.999 1012   2 0.158
 60001  824.39 2589.63 21.642  2.002 19.640  78   0 0.297 1012   5 0.165
 60002  838.14 2587.43 99.999  9.999 20.089   0   0 9.999  995   2 0.232
 60009  846.26 2589.51 99.999  9.999 20.142   0   0 9.999 1004   1 0.249
 60011  588.03 2592.83 20.359  9.999 99.999  75   0 0.265    0   0 9.999
 60013  710.15 2591.99 99.999  9.999 19.477   0   0 9.999  999   4 0.127
 60015  609.29 2595.30 20.996  9.999 99.999  72   0 0.388    0   0 9.999
 60016  614.04 2592.87 21.148  1.760 19.389  69   0 0.370  988   1 0.243
 60017  702.57 2593.63 99.999  9.999 19.812   0   0 9.999 1001   4 0.170
 60023  731.87 2595.17 21.838  2.220 19.618  75   1 0.301 1012   2 0.149
 60024  758.48 2594.50 99.999  9.999 19.540   0   0 9.999 1009   1 0.147
 60025  821.89 2592.23 99.999  9.999 19.892   0   0 9.999 1017   1 0.213
 60028  594.08 2596.20 99.999  9.999 99.999   0   0 9.999    0   0 9.999
 60029  784.90 2595.82 21.883  2.340 19.543  70   0 0.345 1012   2 0.154
 60030  831.55 2594.94 21.975  2.313 19.662  74   0 0.396 1018   2 0.173
 60034  790.33 2594.95 99.999  9.999 20.321   0   0 9.999  997   0 0.264
 60035  837.06 2595.47 99.999  9.999 19.606   0   0 9.999 1015   2 0.179
 60036  843.12 2596.48 99.999  9.999 19.669   0   0 9.999 1012   1 0.175
 60040  604.13 2597.25 99.999  9.999 19.107   0   0 9.999 1002   2 0.214
 60043  607.13 2597.07 20.996  9.999 99.999  72   0 0.388    0   0 9.999
 60047  625.73 2600.87 99.999  9.999 19.672   0   0 9.999 1006   1 0.204
 60048  667.41 2600.22 99.999  9.999 19.700   0   0 9.999 1008   3 0.177
 60049  730.76 2599.75 99.999  9.999 20.302   0   0 9.999  991   0 0.275
 60050  737.22 2599.87 99.999  9.999 19.935   0   0 9.999 1003   1 0.202
 60054  744.24 2603.95 99.999  9.999 19.895   0   0 9.999 1007   1 0.194
 60056  695.23 2602.24 99.999  9.999 20.354   0   0 9.999  994   1 0.263
 60057  585.17 2601.70 99.999  9.999 19.759   0   0 9.999 1015   0 0.293
 60058  830.23 2604.09 99.999  9.999 19.587   0   0 9.999 1015   3 0.143
 60060  568.78 2606.48 99.999  9.999 19.644   0   0 9.999 1000   0 0.180
 60061  576.79 2606.41 99.999  9.999 19.703   0   0 9.999 1013   0 0.185
 60062  581.03 2603.40 99.999  9.999 20.016   0   0 9.999 1006   1 0.296
 60063  735.54 2604.63 99.999  9.999 19.788   0   0 9.999 1021   0 0.198
 60064  815.45 2605.40 99.999  9.999 19.996   0   0 9.999  992   1 0.212
 60070  624.50 2604.77 21.320  1.790 19.530  76   0 0.261 1005   2 0.158
 60071  688.73 2606.59 99.999  9.999 20.569   0   0 9.999  982   0 0.355
 60072  779.88 2606.37 99.999  9.999 20.074   0   0 9.999 1001   2 0.219
 60073  793.77 2607.28 99.999  9.999 19.938   0   0 9.999 1002   2 0.197
 60077  721.79 2610.70 22.115  2.428 19.687  71   0 0.375 1010   0 0.162
 60078  773.01 2610.77 22.339  2.608 19.731  66   0 0.425 1001   5 0.169
 60082  635.75 2611.23 99.999  9.999 19.627   0   0 9.999 1004   3 0.157
 60083  822.21 2612.61 99.999  9.999 19.738   0   0 9.999 1016   1 0.196
 60085  793.08 2611.95 99.999  9.999 19.541   0   0 9.999 1007   2 0.138
 60091  814.54 2612.97 99.999  9.999 19.952   0   0 9.999 1008   1 0.214
 60095  556.88 2616.45 99.999  9.999 19.627   0   0 9.999 1008   1 0.175
 60096  749.67 2615.40 22.136  2.632 19.504  78   0 0.363 1009   2 0.131
 60097  758.36 2615.08 99.999  9.999 19.785   0   0 9.999 1012   1 0.172
 60099  649.47 2616.22 99.999  9.999 19.875   0   0 9.999 1001   4 0.188
 60100  677.09 2616.53 99.999  9.999 19.852   0   0 9.999 1004   2 0.183
 60101  691.21 2615.90 99.999  9.999 20.364   0   0 9.999  996   1 0.310
 60102  773.99 2616.65 99.999  9.999 19.895   0   0 9.999 1001   4 0.195
 60105  583.74 2613.44 99.999  9.999 20.172   0   0 9.999  995   1 0.308
 60106  665.70 2617.99 99.999  9.999 19.869   0   0 9.999 1001   3 0.192
 60111  563.91 2618.43 99.999  9.999 19.317   0   0 9.999 1002   0 0.136
 60112  631.48 2617.17 21.356  1.502 19.854  77   0 0.239 1004   0 0.197
 60113  804.04 2618.18 99.999  9.999 19.589   0   0 9.999 1005   1 0.141
 60114  840.99 2617.79 99.999  9.999 19.753   0   0 9.999 1009   3 0.166
 60115  637.57 2621.57 21.794  2.317 19.477  75   0 0.322 1010   1 0.129
 60116  722.81 2620.01 21.911  2.284 19.627  77   0 0.300 1013   2 0.158
 60117  743.13 2619.73 99.999  9.999 19.777   0   0 9.999 1009   3 0.175
 60121  776.81 2619.20 21.946  1.924 20.023  72   0 0.354 1006   2 0.216
 60122  835.71 2622.66 22.080  2.549 19.531  73   0 0.386 1005   4 0.146
 60124  618.73 2622.26 99.999  9.999 19.378   0   0 9.999 1002   2 0.125
 60125  668.78 2621.63 99.999  9.999 19.499   0   0 9.999 1003   2 0.134
 60126  749.83 2621.81 99.999  9.999 19.790   0   0 9.999 1006   4 0.166
 60127  846.26 2622.56 99.999  9.999 19.461   0   0 9.999 1007   4 0.148
 60128  828.82 2622.96 99.999  9.999 20.372   0   0 9.999  979   1 0.298
 60129  686.92 2624.42 99.999  9.999 19.640   0   0 9.999 1002   3 0.145
 60130  604.08 2624.32 99.999  9.999 20.215   0   0 9.999 1000   1 0.257
 60131  656.31 2624.55 99.999  9.999 20.119   0   0 9.999 1007   3 0.242
 60132  676.43 2626.66 21.933  2.222 19.711  74   0 0.331 1006   2 0.167
 60133  691.53 2627.18 22.205  2.317 19.888  71   0 0.428 1005   4 0.174
 60134  708.89 2625.10 99.999  9.999 19.814   0   0 9.999 1004   1 0.197
 60135  822.58 2623.79 99.999  9.999 20.429   0   0 9.999  977   1 0.316
 60136  597.75 2625.42 99.999  9.999 19.958   0   0 9.999 1008   0 0.207
 60137  642.78 2626.06 99.999  9.999 19.890   0   0 9.999 1010   4 0.202
 60140  579.44 2626.96 99.999  9.999 20.300   0   0 9.999  991   0 0.294
 60141  587.04 2626.02 99.999  9.999 20.385   0   0 9.999  984   0 0.324
 60142  740.90 2627.29 99.999  9.999 19.699   0   0 9.999 1012   2 0.166
 60143  814.40 2626.90 21.718  2.240 19.478  73   0 0.259 1001   2 0.136
 60144  563.38 2628.25 99.999  9.999 19.479   0   0 9.999 1022   0 0.279
 60148  765.25 2629.25 99.999  9.999 19.968   0   0 9.999 1013   1 0.213
 60149  805.90 2631.02 99.999  9.999 20.129   0   0 9.999 1007   2 0.250
 60152  790.91 2631.05 99.999  9.999 19.773   0   0 9.999 1013   2 0.180
 60156  581.80 2633.27 22.071  2.598 19.473  72   1 0.380 1007   2 0.177
 60157  589.13 2631.28 21.436  1.410 20.026  74   0 0.370 1003   0 0.249
 60158  679.64 2630.48 99.999  9.999 20.203   0   0 9.999 1002   0 0.251
 60159  775.82 2632.23 99.999  9.999 19.568   0   0 9.999 1010   0 0.161
 60163  733.84 2632.58 99.999  9.999 19.683   0   0 9.999 1002   2 0.150
 60164  740.71 2632.08 99.999  9.999 20.046   0   0 9.999 1002   4 0.218
 60166  628.39 2633.33 99.999  9.999 19.978   0   0 9.999 1000   0 0.214
 60169  575.78 2634.45 99.999  9.999 20.281   0   0 9.999  983   0 0.291
 60170  745.27 2636.03 99.999  9.999 19.636   0   0 9.999 1010   2 0.146
 60171  601.45 2634.00 99.999  9.999 20.424   0   0 9.999  983   0 0.312
 60175  715.89 2637.31 22.111  2.331 19.780  70   0 0.321 1011   0 0.184
 60177  626.01 2639.92 22.232  2.654 19.578  71   0 0.404 1008   2 0.148
 60178  737.36 2638.60 99.999  9.999 19.613   0   0 9.999 1007   3 0.143
 60182  700.44 2638.87 99.999  9.999 19.682   0   0 9.999 1004   3 0.149
 60183  723.95 2639.84 99.999  9.999 19.683   0   0 9.999 1014   1 0.167
 60184  790.54 2639.75 99.999  9.999 19.619   0   0 9.999 1007   2 0.148
 60186  811.74 2641.34 99.999  9.999 19.096   0   0 9.999 1007   1 0.185
 60191  693.77 2640.57 99.999  9.999 20.009   0   0 9.999 1005   2 0.213
 60192  820.31 2642.06 99.999  9.999 19.984   0   0 9.999  985   2 0.228
 60193  844.49 2639.73 99.999  9.999 20.169   0   0 9.999  993   1 0.233
 60195  560.46 2641.64 21.565  2.440 19.125  75   0 0.288 1013   1 0.119
 60196  610.44 2642.98 22.195  2.232 19.963  68   0 0.383 1012   0 0.221
 60197  639.94 2642.04 99.999  9.999 19.657   0   0 9.999 1009   1 0.161
 60198  661.12 2641.63 99.999  9.999 20.101   0   0 9.999 1002   2 0.241
 60199  831.80 2643.77 99.999  9.999 19.598   0   0 9.999 1019   1 0.186
 60201  708.32 2641.98 99.999  9.999 20.305   0   0 9.999  993   0 0.276
 60202  765.48 2642.02 99.999  9.999 19.427   0   0 9.999 1008   2 0.166
 60203  795.23 2643.52 22.017  2.281 19.736  77   0 0.415 1003   3 0.189
 60204  838.19 2642.09 99.999  9.999 19.969   0   0 9.999 1005   2 0.214
 60206  713.65 2644.03 99.999  9.999 19.689   0   0 9.999 1017   2 0.169
 60207  825.80 2644.74 99.999  9.999 20.177   0   0 9.999  983   1 0.281
 60209  759.42 2648.89 22.076  2.469 19.607  73   0 0.327 1009   3 0.151
 60210  782.31 2644.15 99.999  9.999 20.008   0   0 9.999 1001   1 0.218
 60213  617.23 2645.92 99.999  9.999 19.874   0   0 9.999 1005   0 0.217
 60215  699.70 2647.18 99.999  9.999 19.637   0   0 9.999 1007   4 0.158
 60216  788.48 2647.30 99.999  9.999 19.529   0   0 9.999 1012   0 0.147
 60219  679.60 2650.73 99.999  9.999 19.848   0   0 9.999 1009   2 0.194
 60220  722.41 2649.66 99.999  9.999 19.804   0   0 9.999 1012   2 0.207
 60221  765.53 2650.23 99.999  9.999 19.926   0   0 9.999 1000   0 0.249
 60224  568.58 2650.55 99.999  9.999 19.811   0   0 9.999  999   2 0.178
 60225  708.53 2650.31 99.999  9.999 20.298   0   0 9.999  995   2 0.255
 60226  755.05 2651.04 99.999  9.999 19.897   0   0 9.999  996   1 0.190
 60227  776.18 2649.81 99.999  9.999 19.562   0   0 9.999 1006   2 0.170
 60230  652.69 2652.19 99.999  9.999 19.635   0   0 9.999 1010   0 0.150
 60231  798.08 2650.96 22.175  2.295 19.880  63   0 0.385 1003   1 0.194
 60232  847.31 2654.36 99.999  9.999 19.818   0   0 9.999 1015   1 0.183
 60233  638.80 2653.57 99.999  9.999 19.873   0   0 9.999 1004   3 0.187
 60237  702.69 2654.38 21.801  2.059 19.742  74   0 0.306 1008   0 0.164
 60243  604.61 2655.21 99.999  9.999 19.887   0   0 9.999 1013   2 0.191
 60249  678.52 2658.73 99.999  9.999 20.268   0   0 9.999 1000   1 0.265
 60250  678.82 2655.26 99.999  9.999 19.729   0   0 9.999 1013   1 0.170
 60251  694.12 2655.65 99.999  9.999 19.854   0   0 9.999 1002   3 0.173
 60253  566.58 2656.08 21.279  1.606 19.673  77   0 0.209 1010   1 0.165
 60254  646.63 2656.97 99.999  9.999 20.072   0   0 9.999 1005   0 0.226
 60256  724.25 2658.20 99.999  9.999 20.008   0   0 9.999 1002   2 0.212
 60257  839.44 2657.61 99.999  9.999 20.170   0   0 9.999 1000   3 0.264
 60258  844.23 2658.36 99.999  9.999 19.946   0   0 9.999 1017   1 0.226
 60261  673.96 2659.64 99.999  9.999 19.963   0   0 9.999 1013   0 0.196
 60262  762.91 2658.70 99.999  9.999 19.684   0   0 9.999 1003   0 0.156
 60268  631.31 2658.08 99.999  9.999 20.237   0   0 9.999  994   1 0.250
 60269  655.92 2659.00 99.999  9.999 20.121   0   0 9.999 1004   1 0.224
 60270  806.68 2660.02 99.999  9.999 19.806   0   0 9.999  977   0 0.232
 60271  626.30 2660.88 99.999  9.999 19.707   0   0 9.999 1007   2 0.165
 60272  679.72 2662.46 99.999  9.999 19.882   0   0 9.999 1002   1 0.193
 60275  610.95 2662.17 99.999  9.999 19.723   0   0 9.999 1004   1 0.192
 60279  571.18 2662.74 99.999  9.999 19.978   0   0 9.999  998   1 0.208
 60280  737.84 2663.69 99.999  9.999 19.875   0   0 9.999 1006   3 0.180
 60283  553.52 2664.50 99.999  9.999 19.354   0   0 9.999 1014   0 0.178
 60284  634.41 2662.33 99.999  9.999 20.157   0   0 9.999 1000   0 0.257
 60285  664.20 2662.77 99.999  9.999 20.250   0   0 9.999 1003   3 0.257
 60286  671.72 2662.69 99.999  9.999 20.322   0   0 9.999  995   2 0.272
 60287  787.71 2665.03 99.999  9.999 19.447   0   0 9.999 1002   3 0.122
 60291  655.22 2664.42 99.999  9.999 20.028   0   0 9.999 1005   2 0.206
 60292  728.62 2663.90 99.999  9.999 20.414   0   0 9.999  984   1 0.292
 60293  802.07 2665.68 99.999  9.999 19.727   0   0 9.999 1009   2 0.184
 60294  823.57 2663.40 99.999  9.999 19.140   0   0 9.999 1022   3 0.229
 60298  830.48 2663.54 99.999  9.999 19.731   0   0 9.999  995   2 0.220
 60300  644.87 2668.41 99.999  9.999 19.735   0   0 9.999 1002   3 0.156
 60301  685.96 2667.41 22.396  3.021 19.374  66   0 0.470 1011   1 0.128
 60306  550.56 2668.21 99.999  9.999 19.737   0   0 9.999 1010   0 0.308
 60307  582.71 2670.56 99.999  9.999 19.782   0   0 9.999 1010   1 0.257
 60308  611.21 2669.87 99.999  9.999 19.473   0   0 9.999 1017   0 0.172
 60309  708.08 2668.22 99.999  9.999 19.930   0   0 9.999  999   1 0.191
 60310  810.36 2668.86 99.999  9.999 19.860   0   0 9.999  985   0 0.222
 60311  814.94 2666.53 99.999  9.999 19.720   0   0 9.999  993   3 0.225
 60312  846.10 2671.18 99.999  9.999 19.795   0   0 9.999 1001   2 0.189
 60317  662.38 2670.17 99.999  9.999 20.162   0   0 9.999 1006   1 0.267
 60318  716.31 2670.41 99.999  9.999 19.953   0   0 9.999 1000   1 0.199
 60321  750.87 2670.96 99.999  9.999 20.209   0   0 9.999  999   1 0.222
 60322  767.66 2673.30 99.999  9.999 19.965   0   0 9.999 1010   1 0.205
 60323  816.01 2670.74 99.999  9.999 20.271   0   0 9.999  980   0 0.281
 60329  590.07 2673.32 99.999  9.999 20.167   0   0 9.999 1006   1 0.249
 60330  607.19 2674.42 99.999  9.999 19.512   0   0 9.999 1008   3 0.150
 60331  786.57 2674.13 99.999  9.999 19.592   0   0 9.999 1010   2 0.147
 60332  654.86 2676.58 22.179  2.636 19.543  71   0 0.361 1004   5 0.123
 60333  721.52 2676.14 22.248  2.667 19.581  71   0 0.461 1007   1 0.147
 60334  805.45 2674.65 99.999  9.999 19.895   0   0 9.999 1003   2 0.202
 60337  583.82 2676.23 99.999  9.999 19.415   0   0 9.999 1013   1 0.191
 60338  613.26 2675.52 99.999  9.999 19.861   0   0 9.999 1018   0 0.197
 60339  703.45 2675.30 99.999  9.999 20.166   0   0 9.999 1004   0 0.246
 60341  663.37 2676.73 99.999  9.999 19.950   0   0 9.999 1002   1 0.202
 60342  726.22 2678.35 99.999  9.999 20.063   0   0 9.999  998   1 0.217
 60343  820.23 2677.41 99.999  9.999 19.882   0   0 9.999 1001   1 0.199
 60349  601.67 2680.55 99.999  9.999 19.772   0   0 9.999 1006   0 0.186
 60350  683.20 2679.18 99.999  9.999 19.877   0   0 9.999 1006   3 0.198
 60353  563.30 2681.49 21.878  2.420 19.458  72   0 0.290 1003   1 0.136
 60354  764.19 2679.86 99.999  9.999 19.911   0   0 9.999 1008   2 0.195
 60359  592.71 2681.77 99.999  9.999 20.052   0   0 9.999 1007   1 0.220
 60360  721.53 2683.72 99.999  9.999 19.511   0   0 9.999 1005   2 0.131
 60361  804.96 2682.44 99.999  9.999 19.991   0   0 9.999 1008   2 0.198
 60362  821.17 2683.11 99.999  9.999 19.852   0   0 9.999 1001   2 0.178
 60365  669.16 2684.45 21.961  2.534 19.427  74   0 0.353 1006   0 0.138
 60369  816.01 2686.33 22.001  2.347 19.653  67   0 0.382 1008   1 0.161
 60370  632.33 2685.76 99.999  9.999 20.126   0   0 9.999  994   0 0.247
 60371  713.83 2688.13 21.788  2.243 19.545  72   0 0.297 1010   0 0.148
 60374  697.92 2687.19 99.999  9.999 20.133   0   0 9.999 1008   1 0.227
 60377  614.73 2686.59 99.999  9.999 20.217   0   0 9.999  984   0 0.285
 60379  577.60 2688.69 99.999  9.999 20.158   0   0 9.999  989   0 0.270
 60380  764.25 2689.04 99.999  9.999 20.023   0   0 9.999 1011   1 0.221
 60382  589.68 2689.15 99.999  9.999 20.009   0   0 9.999 1015   1 0.217
 60383  702.54 2690.34 99.999  9.999 20.051   0   0 9.999 1003   1 0.221
 60384  725.25 2689.56 99.999  9.999 19.759   0   0 9.999  999   2 0.159
 60387  636.05 2689.32 99.999  9.999 20.425   0   0 9.999  969   0 0.318
 60389  746.05 2693.28 99.999  9.999 19.731   0   0 9.999 1007   0 0.164
 60390  751.75 2692.23 99.999  9.999 20.159   0   0 9.999 1000   1 0.225
 60394  777.57 2693.66 99.999  9.999 19.590   0   0 9.999  999   5 0.143
 60395  592.51 2695.28 99.999  9.999 19.456   0   0 9.999 1016   2 0.155
 60396  681.34 2695.04 99.999  9.999 19.929   0   0 9.999 1005   1 0.205
 60397  729.08 2693.93 99.999  9.999 20.128   0   0 9.999  990   1 0.216
 60398  786.78 2695.08 21.925  2.303 19.622  75   0 0.351 1003   1 0.144
 60405  574.32 2699.15 21.680  2.153 19.527  73   1 0.278 1010   4 0.147
 60406  695.39 2696.39 99.999  9.999 19.937   0   0 9.999 1002   0 0.198
 60407  751.26 2698.51 99.999  9.999 19.613   0   0 9.999 1003   3 0.143
 60409  550.57 2698.44 99.999  9.999 20.188   0   0 9.999 1006   1 0.265
 60410  735.46 2699.52 21.660  2.212 19.448  74   0 0.269 1009   4 0.125
 60411  784.37 2699.25 99.999  9.999 19.798   0   0 9.999 1010   3 0.170
 60415  594.74 2699.91 99.999  9.999 19.541   0   0 9.999 1017   0 0.176
 60416  820.52 2699.10 99.999  9.999 20.004   0   0 9.999 1005   2 0.218
 60418  710.75 2700.41 21.791  2.089 19.702  74   0 0.292 1014   1 0.185
 60419  716.21 2702.58 21.748  2.284 19.464  72   0 0.317 1010   1 0.135
 60422  635.00 2701.96 22.233  2.396 19.838  67   0 0.359 1005   0 0.181
 60423  698.63 2702.40 99.999  9.999 19.777   0   0 9.999 1006   1 0.168
 60424  724.80 2701.63 99.999  9.999 20.078   0   0 9.999  996   1 0.219
 60427  687.47 2702.70 99.999  9.999 20.063   0   0 9.999 1001   1 0.216
 60430  574.90 2703.61 99.999  9.999 19.738   0   0 9.999  997   1 0.188
 60431  802.38 2704.19 99.999  9.999 19.982   0   0 9.999 1008   1 0.212
 60433  663.30 2704.75 99.999  9.999 19.999   0   0 9.999 1007   1 0.205
 60435  681.99 2705.36 99.999  9.999 20.042   0   0 9.999 1006   0 0.215
 60436  786.41 2706.54 99.999  9.999 19.898   0   0 9.999 1008   1 0.196
 60437  816.17 2707.25 21.683  2.136 19.547  74   0 0.261 1002   2 0.136
 60440  609.10 2706.68 99.999  9.999 20.175   0   0 9.999  979   0 0.295
 60441  658.01 2707.79 99.999  9.999 19.548   0   0 9.999 1002   3 0.136
 60442  727.17 2706.77 22.061  2.200 19.860  73   0 0.391 1014   0 0.186
 60446  621.50 2707.20 99.999  9.999 20.206   0   0 9.999 1002   1 0.262
 60447  714.23 2707.66 99.999  9.999 19.704   0   0 9.999 1007   3 0.159
 60448  761.79 2708.86 99.999  9.999 19.800   0   0 9.999 1016   2 0.179
 60453  579.83 2709.92 99.999  9.999 19.298   0   0 9.999 1003   2 0.152
 60454  677.93 2707.47 99.999  9.999 19.227   0   0 9.999 1008   1 0.107
 60457  590.81 2711.75 99.999  9.999 20.129   0   0 9.999 1015   0 0.279
 60458  735.03 2712.00 99.999  9.999 19.502   0   0 9.999 1000   5 0.130
 60464  615.15 2713.32 22.231  2.694 19.537  74   0 0.386 1010   0 0.198
 60465  809.49 2711.60 99.999  9.999 20.123   0   0 9.999  998   1 0.233
 60468  628.75 2712.32 99.999  9.999 20.259   0   0 9.999 1001   0 0.274
 60469  742.62 2717.86 22.239  2.306 19.933  75   0 0.486 1008   1 0.194
 60470  743.66 2713.51 99.999  9.999 20.010   0   0 9.999 1005   0 0.216
 60475  664.14 2716.91 21.991  2.386 19.605  72   0 0.413 1007   3 0.146
 60479  576.04 2717.45 99.999  9.999 19.830   0   0 9.999  997   1 0.196
 60480  715.86 2715.85 99.999  9.999 19.901   0   0 9.999 1006   1 0.197
 60484  679.11 2717.78 99.999  9.999 20.063   0   0 9.999  997   2 0.198
 60485  799.90 2716.60 99.999  9.999 20.495   0   0 9.999  987   0 0.314
 60487  594.82 2716.26 99.999  9.999 20.423   0   0 9.999  988   0 0.327
 60488  750.38 2717.58 99.999  9.999 20.731   0   0 9.999  964   0 0.363
 60489  808.38 2718.51 99.999  9.999 19.773   0   0 9.999 1008   1 0.185
 60490  823.83 2718.80 99.999  9.999 19.649   0   0 9.999 1000   2 0.165
 60491  833.67 2720.14 21.617  1.852 19.765  75   0 0.253 1000   3 0.184
 60492  844.67 2718.27 99.999  9.999 19.759   0   0 9.999 1002   0 0.254
 60493  646.84 2720.17 99.999  9.999 19.173   0   0 9.999 1020   2 0.132
 60496  848.17 2723.16 21.746  2.067 19.679  75   0 0.339 1001   1 0.176
 60498  550.07 2722.48 99.999  9.999 19.982   0   0 9.999 1007   2 0.216
 60499  566.16 2723.43 99.999  9.999 20.066   0   0 9.999  999   0 0.226
 60500  575.48 2723.19 99.999  9.999 20.016   0   0 9.999  997   1 0.206
 60503  596.37 2721.40 99.999  9.999 19.892   0   0 9.999 1006   0 0.211
 60504  700.99 2724.36 99.999  9.999 19.866   0   0 9.999 1004   4 0.171
 60505  832.38 2723.25 99.999  9.999 19.734   0   0 9.999 1011   3 0.179
 60506  694.89 2724.53 99.999  9.999 19.942   0   0 9.999 1011   0 0.198
 60507  818.51 2723.69 99.999  9.999 20.424   0   0 9.999  986   0 0.305
 60512  666.52 2727.71 21.708  2.309 19.399  73   0 0.237 1007   3 0.127
 60514  574.32 2727.69 99.999  9.999 19.835   0   0 9.999 1003   0 0.190
 60515  733.91 2728.43 21.739  2.389 19.350  73   0 0.265 1012   2 0.122
 60516  742.11 2727.21 99.999  9.999 19.891   0   0 9.999 1015   1 0.205
 60517  789.24 2727.76 99.999  9.999 20.098   0   0 9.999 1004   1 0.234
 60521  641.97 2728.99 99.999  9.999 19.762   0   0 9.999 1012   3 0.202
 60522  646.82 2731.35 99.999  9.999 19.672   0   0 9.999 1016   4 0.193
 60523  654.26 2729.62 21.320  1.835 19.484  78   0 0.229 1014   5 0.146
 60527  606.07 2729.67 99.999  9.999 20.559   0   0 9.999  987   0 0.339
 60528  672.38 2731.16 21.913  2.433 19.480  73   0 0.315 1011   1 0.134
 60529  835.61 2728.89 99.999  9.999 19.826   0   0 9.999 1009   2 0.197
 60532  750.07 2734.00 99.999  9.999 20.294   0   0 9.999  976   0 0.285
 60535  574.01 2732.60 99.999  9.999 19.637   0   0 9.999 1009   3 0.155
 60536  667.10 2734.22 99.999  9.999 19.869   0   0 9.999 1007   1 0.206
 60540  552.20 2734.06 21.498  1.750 19.748  74   0 0.219 1008   1 0.182
 60541  698.18 2733.67 99.999  9.999 20.266   0   0 9.999 1002   0 0.266
 60542  769.82 2734.26 99.999  9.999 19.624   0   0 9.999 1011   1 0.155
 60543  797.23 2734.85 99.999  9.999 19.919   0   0 9.999 1006   1 0.205
 60544  804.61 2733.83 99.999  9.999 19.512   0   0 9.999 1007   1 0.141
 60548  657.04 2735.19 99.999  9.999 19.994   0   0 9.999 1001   1 0.220
 60549  705.30 2735.46 21.838  2.444 19.394  70   0 0.324 1011   2 0.128
 60550  783.39 2734.14 99.999  9.999 20.035   0   0 9.999 1011   0 0.214
 60552  556.79 2737.67 99.999  9.999 19.941   0   0 9.999 1012   2 0.217
 60553  626.24 2735.91 99.999  9.999 20.110   0   0 9.999 1000   0 0.284
 60554  686.80 2735.81 99.999  9.999 19.795   0   0 9.999 1012   0 0.186
 60555  739.20 2741.40 99.999  9.999 19.156   0   0 9.999 1010   3 0.109
 60558  611.83 2736.85 99.999  9.999 20.344   0   0 9.999  994   0 0.293
 60559  724.54 2737.70 99.999  9.999 19.602   0   0 9.999 1011   1 0.156
 60561  638.11 2737.90 99.999  9.999 19.798   0   0 9.999 1009   2 0.221
 60564  742.77 2739.84 21.604  1.712 19.893  74   0 0.250 1004   2 0.209
 60566  681.21 2740.94 99.999  9.999 20.021   0   0 9.999 1000   0 0.217
 60567  734.74 2740.75 99.999  9.999 19.875   0   0 9.999 1017   1 0.205
 60573  630.69 2742.67 99.999  9.999 19.944   0   0 9.999  996   0 0.215
 60574  663.26 2744.38 99.999  9.999 19.722   0   0 9.999 1002   2 0.195
 60575  667.29 2742.06 22.178  2.158 20.020  67   0 0.388 1000   3 0.224
 60576  823.49 2742.13 99.999  9.999 20.174   0   0 9.999 1001   2 0.241
 60579  596.80 2742.90 99.999  9.999 20.222   0   0 9.999 1008   0 0.260
 60580  636.60 2743.70 99.999  9.999 19.772   0   0 9.999 1006   2 0.179
 60581  841.97 2744.46 99.999  9.999 19.617   0   0 9.999 1013   2 0.165
 60584  706.39 2745.11 22.240  2.091 20.149  68   0 0.424  989   0 0.250
 60585  711.57 2746.17 21.618  1.734 19.883  72   0 0.262 1003   0 0.195
 60588  714.96 2744.86 99.999  9.999 19.859   0   0 9.999 1002   0 0.193
 60592  792.73 2747.66 21.770  2.370 19.401  72   0 0.283 1007   3 0.125
 60594  571.81 2748.12 99.999  9.999 19.845   0   0 9.999 1005   3 0.206
 60595  710.63 2750.23 99.999  9.999 19.876   0   0 9.999 1012   1 0.203
 60596  831.97 2746.69 99.999  9.999 19.986   0   0 9.999 1004   0 0.214
 60600  647.31 2748.67 99.999  9.999 20.135   0   0 9.999 1002   0 0.256
 60602  588.03 2750.92 99.999  9.999 19.801   0   0 9.999 1005   1 0.175
 60603  753.26 2749.89 99.999  9.999 19.634   0   0 9.999 1012   1 0.181
 60606  557.69 2750.76 99.999  9.999 19.819   0   0 9.999 1010   1 0.193
 60607  628.23 2750.92 99.999  9.999 19.531   0   0 9.999 1004   3 0.142
 60608  793.42 2751.67 99.999  9.999 19.899   0   0 9.999 1013   1 0.198
 60609  813.90 2750.79 99.999  9.999 20.180   0   0 9.999  993   0 0.228
 60611  581.84 2755.93 99.999  9.999 19.967   0   0 9.999 1000   1 0.300
 60612  594.97 2753.11 99.999  9.999 20.178   0   0 9.999  999   0 0.222
 60614  727.10 2754.77 99.999  9.999 19.866   0   0 9.999 1016   0 0.240
 60617  648.15 2758.64 21.820  2.194 19.626  72   0 0.289 1018   3 0.154
 60618  721.01 2758.61 21.846  2.186 19.659  72   0 0.331 1019   1 0.159
 60622  573.94 2755.85 99.999  9.999 19.967   0   0 9.999  995   1 0.278
 60623  617.47 2760.00 21.996  2.276 19.720  78   0 0.419 1014   2 0.193
 60624  621.19 2756.52 99.999  9.999 20.141   0   0 9.999 1005   0 0.258
 60625  799.48 2756.18 99.999  9.999 19.634   0   0 9.999 1002   0 0.155
 60627  710.44 2757.63 99.999  9.999 19.729   0   0 9.999 1001   4 0.147
 60629  565.84 2761.15 99.999  9.999 19.887   0   0 9.999 1003   1 0.230
 60630  672.19 2759.40 99.999  9.999 19.967   0   0 9.999 1005   1 0.206
 60631  697.68 2762.27 22.074  2.451 19.623  75   0 0.381 1013   0 0.155
 60632  786.25 2758.93 22.065  2.204 19.860  76   0 0.379 1006   2 0.193
 60633  827.08 2759.36 99.999  9.999 20.208   0   0 9.999 1004   2 0.243
 60634  820.21 2760.07 99.999  9.999 19.811   0   0 9.999  996   3 0.175
 60636  628.01 2760.45 99.999  9.999 19.767   0   0 9.999 1006   0 0.180
 60637  653.21 2761.33 21.750  2.146 19.605  79   0 0.316 1019   2 0.156
 60638  681.48 2760.66 99.999  9.999 20.020   0   0 9.999 1004   2 0.194
 60639  769.41 2761.00 99.999  9.999 19.809   0   0 9.999 1013   2 0.187
 60642  735.64 2761.57 99.999  9.999 20.235   0   0 9.999  995   0 0.273
 60643  777.98 2761.06 99.999  9.999 19.946   0   0 9.999 1008   2 0.197
 60646  597.49 2764.61 99.999  9.999 19.687   0   0 9.999 1008   0 0.185
 60647  621.30 2763.21 99.999  9.999 20.219   0   0 9.999  990   0 0.294
 60649  669.04 2766.94 21.955  2.512 19.444  69   0 0.299 1001   1 0.128
 60650  708.88 2766.28 99.999  9.999 19.740   0   0 9.999 1005   2 0.174
 60651  775.98 2764.90 99.999  9.999 20.182   0   0 9.999 1000   0 0.245
 60654  721.84 2765.87 99.999  9.999 20.113   0   0 9.999 1006   2 0.230
 60659  727.88 2768.57 99.999  9.999 19.729   0   0 9.999 1008   2 0.166
 60660  836.76 2769.70 99.999  9.999 19.850   0   0 9.999 1009   0 0.190
 60663  755.30 2770.61 21.516  2.097 19.419  74   0 0.282 1008   2 0.122
 60665  579.16 2771.85 99.999  9.999 19.837   0   0 9.999 1001   2 0.206
 60666  816.26 2770.16 99.999  9.999 19.971   0   0 9.999  998   3 0.200
 60667  831.82 2770.62 99.999  9.999 19.959   0   0 9.999 1012   0 0.217
 60672  591.73 2772.51 99.999  9.999 19.969   0   0 9.999 1007   0 0.211
 60673  600.56 2773.77 21.348  1.604 19.744  74   0 0.240 1012   2 0.182
 60676  583.52 2774.47 99.999  9.999 20.075   0   0 9.999  988   0 0.308
 60679  607.34 2776.50 99.999  9.999 20.259   0   0 9.999  989   1 0.253
 60680  778.22 2775.29 99.999  9.999 20.039   0   0 9.999  999   0 0.210
 60682  566.13 2777.53 99.999  9.999 20.672   0   0 9.999  969   0 0.379
 60683  631.62 2775.09 99.999  9.999 20.440   0   0 9.999  991   0 0.317
 60684  668.36 2780.32 21.859  2.205 19.654  69   0 0.323 1002   1 0.151
 60685  763.71 2776.38 99.999  9.999 20.359   0   0 9.999  998   0 0.283
 60686  840.79 2778.21 99.999  9.999 20.378   0   0 9.999  990   1 0.309
 60691  596.82 2779.70 99.999  9.999 20.478   0   0 9.999  996   1 0.359
 60692  646.20 2779.34 21.726  2.072 19.654  71   0 0.287 1016   0 0.169
 60693  711.87 2779.01 99.999  9.999 20.005   0   0 9.999 1005   0 0.221
 60694  783.41 2778.28 99.999  9.999 20.452   0   0 9.999  984   0 0.291
 60697  722.18 2780.33 99.999  9.999 20.117   0   0 9.999  992   0 0.235
 60698  819.15 2781.62 99.999  9.999 19.747   0   0 9.999 1000   0 0.167
 60702  776.25 2782.03 21.810  1.929 19.881  72   0 0.324 1002   2 0.204
 60703  791.53 2781.70 99.999  9.999 19.686   0   0 9.999 1014   1 0.175
 60707  625.32 2783.16 99.999  9.999 20.046   0   0 9.999 1016   0 0.249
 60712  562.06 2784.55 99.999  9.999 20.325   0   0 9.999  994   0 0.281
 60713  729.28 2785.41 21.983  2.204 19.779  76   1 0.391 1008   0 0.183
 60714  745.34 2784.83 99.999  9.999 20.135   0   0 9.999 1003   1 0.236
 60715  646.52 2786.37 99.999  9.999 20.444   0   0 9.999 1001   2 0.308
 60716  685.70 2787.70 99.999  9.999 19.663   0   0 9.999 1011   3 0.153
 60717  809.39 2786.64 99.999  9.999 19.451   0   0 9.999 1011   0 0.142
 60720  551.94 2786.51 99.999  9.999 20.087   0   0 9.999 1008   2 0.213
 60721  594.36 2787.99 99.999  9.999 19.982   0   0 9.999 1007   0 0.209
 60722  657.33 2787.32 99.999  9.999 19.904   0   0 9.999 1023   1 0.225
 60726  843.34 2790.18 99.999  9.999 19.820   0   0 9.999 1013   2 0.204
 60729  700.07 2790.76 22.182  2.522 19.660  74   1 0.342 1006   2 0.146
 60730  781.96 2792.39 21.857  2.122 19.735  76   0 0.376 1006   3 0.169
 60735  787.82 2790.78 99.999  9.999 19.943   0   0 9.999 1007   1 0.201
 60739  624.03 2792.97 21.818  2.241 19.577  78   0 0.375 1008   4 0.152
 60740  679.06 2791.17 99.999  9.999 19.978   0   0 9.999 1004   1 0.201
 60741  756.02 2791.27 99.999  9.999 20.279   0   0 9.999  983   0 0.267
 60742  763.65 2791.30 99.999  9.999 20.300   0   0 9.999  995   0 0.255
 60743  797.27 2793.59 22.236  2.723 19.514  71   0 0.379 1007   3 0.149
 60745  579.18 2793.85 99.999  9.999 19.726   0   0 9.999 1003   2 0.192
 60749  693.54 2794.61 99.999  9.999 19.873   0   0 9.999 1005   1 0.183
 60750  712.08 2794.94 99.999  9.999 19.680   0   0 9.999 1010   1 0.155
 60751  729.64 2795.34 21.389  1.577 19.812  76   0 0.222 1013   3 0.179
 60752  803.15 2794.23 99.999  9.999 20.426   0   0 9.999  987   0 0.317
 60754  552.88 2797.27 21.863  2.390 19.473  77   0 0.287 1001   3 0.141
 60755  811.45 2795.44 99.999  9.999 19.450   0   0 9.999 1019   1 0.139
 60756  819.61 2798.50 99.999  9.999 19.823   0   0 9.999 1009   1 0.188
 60758  595.50 2797.22 99.999  9.999 19.942   0   0 9.999 1007   0 0.204
 60759  841.31 2797.46 21.651  2.404 19.247  73   0 0.301 1006   2 0.107
 60761  668.41 2800.14 21.924  2.366 19.557  70   0 0.347 1004   3 0.137
 60764  573.63 2798.79 99.999  9.999 19.983   0   0 9.999  987   2 0.248
 60765  625.55 2799.27 99.999  9.999 19.870   0   0 9.999  995   2 0.185
 60766  731.83 2799.05 99.999  9.999 19.985   0   0 9.999 1016   1 0.210
 60767  772.98 2801.05 99.999  9.999 19.515   0   0 9.999 1008   0 0.139
 60768  801.71 2800.15 99.999  9.999 19.899   0   0 9.999  995   1 0.262
 60771  585.18 2800.37 99.999  9.999 19.662   0   0 9.999 1004   1 0.216
 60772  660.30 2800.80 99.999  9.999 20.075   0   0 9.999 1005   0 0.238
 60774  638.70 2801.67 99.999  9.999 19.792   0   0 9.999 1013   1 0.179
 60779  560.10 2803.32 99.999  9.999 20.214   0   0 9.999 1009   1 0.253
 60780  665.08 2803.16 21.785  2.076 19.709  72   0 0.371 1005   3 0.179
 60781  749.73 2802.79 99.999  9.999 20.048   0   0 9.999 1005   2 0.212
 60782  564.80 2804.69 99.999  9.999 19.967   0   0 9.999 1009   0 0.209
 60783  789.78 2805.07 22.234  2.439 19.795  72   0 0.424 1017   1 0.211
 60784  817.81 2802.86 21.588  1.563 20.025  76   0 0.260 1014   1 0.230
 60787  617.93 2808.43 21.661  2.175 19.486  76   0 0.260 1004   2 0.141
 60788  653.12 2805.25 99.999  9.999 19.745   0   0 9.999 1002   1 0.169
 60789  692.25 2803.99 99.999  9.999 19.981   0   0 9.999 1001   1 0.191
 60790  738.58 2805.67 99.999  9.999 19.857   0   0 9.999 1005   5 0.208
 60796  598.35 2806.45 99.999  9.999 19.554   0   0 9.999 1010   0 0.148
 60797  619.35 2804.39 99.999  9.999 19.954   0   0 9.999  999   0 0.214
 60798  711.56 2805.74 99.999  9.999 19.611   0   0 9.999 1011   2 0.151
 60800  658.71 2808.16 99.999  9.999 19.812   0   0 9.999  992   2 0.215
 60801  817.43 2806.38 99.999  9.999 20.246   0   0 9.999 1013   0 0.279
 60804  633.37 2808.60 99.999  9.999 20.306   0   0 9.999 1003   0 0.288
 60805  684.12 2808.49 22.391  2.288 20.103  74   0 0.514  997   0 0.231
 60806  571.60 2808.80 99.999  9.999 20.477   0   0 9.999  989   0 0.339
 60807  743.21 2809.49 99.999  9.999 19.657   0   0 9.999 1013   1 0.170
 60812  577.22 2809.50 99.999  9.999 20.409   0   0 9.999  990   0 0.309
 60814  822.16 2803.82 20.351  1.707 18.644  78   0 0.076 1015   2 0.069
 60820  794.23 2617.82 20.865  1.470 19.395  78   1 0.138 1008   2 0.118
 60824  820.05 2647.42 99.999  9.999 19.579   0   0 9.999  989   1 0.239
 60845  553.98 2624.10 99.999  9.999 19.043   0   0 9.999  998   2 0.210
 60847  564.85 2707.71 21.167  1.861 19.307  79   0 0.220 1009   4 0.122
 60851  768.64 2769.51 21.554  1.738 19.817  77   0 0.207 1008   1 0.186
 60852  632.50 2788.76 99.999  9.999 19.309   0   0 9.999 1014   2 0.144
 60853  811.36 2596.48 99.999  9.999 19.717   0   0 9.999 1010   3 0.187
 60854  716.38 2727.25 99.999  9.999 20.279   0   0 9.999  996   0 0.303
 60858  608.52 2663.29 99.999  9.999 20.583   0   0 9.999  968   0 0.382
 61361  556.61 2558.82 99.999  9.999 20.747   0   0 9.999  981   0 0.403
 61362  590.19 2559.40 99.999  9.999 19.631   0   0 9.999 1009   1 0.205
 61363  666.51 2559.82 99.999  9.999 20.315   0   0 9.999 1008   2 0.275
 61367  576.92 2560.36 21.916  1.491 20.425  74   0 0.374  986   0 0.332
 61368  727.60 2560.91 99.999  9.999 20.449   0   0 9.999  969   0 0.317
 61369  572.70 2563.80 99.999  9.999 20.211   0   0 9.999  978   0 0.272
 61370  731.91 2566.79 99.999  9.999 20.264   0   0 9.999  997   1 0.258
 61371  809.01 2566.60 99.999  9.999 19.714   0   0 9.999 1011   0 0.187
 61377  807.79 2570.98 99.999  9.999 20.361   0   0 9.999  982   1 0.293
 61378  791.67 2570.03 99.999  9.999 20.580   0   0 9.999  979   0 0.350
 61379  698.93 2572.20 99.999  9.999 20.869   0   0 9.999  963   0 0.394
 61381  582.53 2575.28 99.999  9.999 20.188   0   0 9.999  946   0 0.420
 61382  616.57 2576.32 99.999  9.999 19.896   0   0 9.999  996   0 0.311
 61385  785.86 2574.06 99.999  9.999 20.828   0   0 9.999  938   1 0.431
 61387  728.62 2577.42 99.999  9.999 20.791   0   0 9.999  972   0 0.395
 61388  813.84 2579.80 99.999  9.999 20.142   0   0 9.999  998   1 0.245
 61389  693.69 2580.93 99.999  9.999 20.414   0   0 9.999  990   0 0.298
 61390  777.36 2582.12 99.999  9.999 20.485   0   0 9.999  984   0 0.306
 61393  631.46 2582.71 99.999  9.999 20.628   0   0 9.999  962   0 0.372
 61394  574.89 2584.46 99.999  9.999 19.896   0   0 9.999 1013   0 0.343
 61395  716.97 2585.10 99.999  9.999 20.227   0   0 9.999 1006   0 0.260
 61396  730.80 2584.53 99.999  9.999 20.123   0   0 9.999 1013   0 0.242
 61397  791.02 2585.93 99.999  9.999 20.152   0   0 9.999  997   2 0.237
 61398  582.70 2586.54 99.999  9.999 20.217   0   0 9.999  989   1 0.430
 61400  615.93 2586.06 20.512  0.337 20.176  77   0 0.399  921   0 0.434
 61401  622.68 2587.39 99.999  9.999 21.403   0   0 9.999  609   0 0.765
 61402  617.30 2591.14 99.999  9.999 19.993   0   0 9.999  984   0 0.301
 61408  555.42 2593.78 99.999  9.999 20.253   0   0 9.999  991   1 0.287
 61409  763.71 2594.29 99.999  9.999 20.240   0   0 9.999 1006   1 0.262
 61412  753.51 2596.16 99.999  9.999 20.335   0   0 9.999  994   0 0.270
 61413  576.51 2597.27 99.999  9.999 21.071   0   0 9.999  891   0 0.683
 61414  760.63 2597.86 99.999  9.999 20.300   0   0 9.999 1008   0 0.280
 61415  799.70 2598.71 99.999  9.999 20.672   0   0 9.999  983   0 0.361
 61417  556.42 2602.42 99.999  9.999 20.042   0   0 9.999  983   0 0.268
 61419  642.95 2604.44 99.999  9.999 20.822   0   0 9.999  970   0 0.397
 61420  682.46 2604.72 99.999  9.999 20.194   0   0 9.999 1001   1 0.249
 61421  744.96 2600.64 99.999  9.999 19.730   0   0 9.999 1016   2 0.186
 61422  788.15 2602.57 99.999  9.999 20.629   0   0 9.999  973   0 0.353
 61423  566.32 2603.60 99.999  9.999 20.213   0   0 9.999  972   0 0.320
 61425  633.97 2604.32 99.999  9.999 20.161   0   0 9.999 1003   0 0.269
 61426  613.89 2605.86 99.999  9.999 20.672   0   0 9.999  960   0 0.509
 61427  723.80 2606.65 99.999  9.999 20.301   0   0 9.999 1002   0 0.273
 61428  739.34 2605.30 99.999  9.999 20.349   0   0 9.999  997   0 0.300
 61429  638.67 2607.08 99.999  9.999 20.608   0   0 9.999  980   0 0.337
 61430  797.72 2608.91 99.999  9.999 20.355   0   0 9.999  991   1 0.276
 61431  783.24 2610.51 99.999  9.999 20.593   0   0 9.999  985   0 0.330
 61434  766.40 2613.23 99.999  9.999 20.538   0   0 9.999  984   0 0.326
 61437  622.60 2614.34 99.999  9.999 20.261   0   0 9.999  987   0 0.265
 61438  746.01 2613.97 99.999  9.999 20.617   0   0 9.999  977   0 0.335
 61439  607.31 2614.44 99.999  9.999 19.693   0   0 9.999 1010   0 0.187
 61440  731.83 2614.94 99.999  9.999 20.654   0   0 9.999  972   0 0.366
 61441  598.81 2615.23 99.999  9.999 20.254   0   0 9.999  990   0 0.299
 61446  627.59 2619.37 99.999  9.999 20.299   0   0 9.999 1000   0 0.288
 61447  691.23 2622.94 99.999  9.999 20.504   0   0 9.999 1004   0 0.325
 61450  609.63 2620.83 99.999  9.999 20.157   0   0 9.999  995   0 0.261
 61451  659.83 2621.79 99.999  9.999 20.527   0   0 9.999  986   0 0.309
 61455  841.85 2623.59 99.999  9.999 19.970   0   0 9.999 1002   1 0.231
 61459  781.88 2625.71 99.999  9.999 20.975   0   0 9.999  935   0 0.451
 61461  809.79 2627.87 99.999  9.999 20.016   0   0 9.999 1008   1 0.242
 61462  619.90 2629.39 99.999  9.999 20.152   0   0 9.999 1000   1 0.242
 61465  754.44 2629.58 99.999  9.999 20.650   0   0 9.999  986   1 0.354
 61466  833.10 2634.62 99.999  9.999 19.845   0   0 9.999 1012   1 0.209
 61467  606.97 2632.26 99.999  9.999 20.177   0   0 9.999  993   1 0.246
 61468  665.00 2631.85 99.999  9.999 20.258   0   0 9.999  991   2 0.246
 61469  671.14 2630.67 99.999  9.999 20.859   0   0 9.999  954   0 0.376
 61470  691.98 2634.10 99.999  9.999 20.317   0   0 9.999  994   1 0.256
 61472  612.38 2636.35 99.999  9.999 20.024   0   0 9.999  999   1 0.249
 61473  618.73 2636.23 99.999  9.999 20.276   0   0 9.999 1001   1 0.293
 61474  815.77 2639.36 99.999  9.999 20.152   0   0 9.999  969   1 0.329
 61475  829.96 2640.14 99.999  9.999 19.765   0   0 9.999 1020   1 0.238
 61476  608.08 2639.83 99.999  9.999 20.422   0   0 9.999  991   1 0.309
 61477  646.71 2638.59 99.999  9.999 20.391   0   0 9.999  998   0 0.296
 61478  799.42 2640.86 99.999  9.999 20.599   0   0 9.999  966   0 0.357
 61480  553.52 2636.10 99.999  9.999 19.263   0   0 9.999  984   1 0.342
 61482  748.84 2641.77 99.999  9.999 20.388   0   0 9.999  995   1 0.280
 61484  578.32 2645.25 99.999  9.999 20.476   0   0 9.999  990   1 0.311
 61485  759.56 2644.37 99.999  9.999 20.242   0   0 9.999  997   0 0.267
 61488  737.57 2645.48 99.999  9.999 20.597   0   0 9.999  975   0 0.331
 61489  799.84 2645.82 99.999  9.999 20.318   0   0 9.999  985   0 0.334
 61491  845.84 2650.46 99.999  9.999 20.009   0   0 9.999 1009   1 0.219
 61492  695.05 2651.28 99.999  9.999 20.290   0   0 9.999  995   1 0.265
 61494  788.94 2650.60 99.999  9.999 20.177   0   0 9.999 1008   1 0.273
 61498  771.94 2653.53 99.999  9.999 20.359   0   0 9.999  986   1 0.287
 61499  671.71 2655.17 99.999  9.999 20.378   0   0 9.999 1000   0 0.311
 61500  829.15 2655.33 99.999  9.999 20.055   0   0 9.999  992   1 0.276
 61501  778.55 2655.58 99.999  9.999 20.120   0   0 9.999 1009   0 0.230
 61502  552.63 2658.45 99.999  9.999 20.151   0   0 9.999  999   1 0.351
 61503  720.26 2657.91 99.999  9.999 20.199   0   0 9.999  995   1 0.247
 61506  755.14 2657.74 99.999  9.999 20.779   0   0 9.999  972   0 0.385
 61508  787.41 2658.75 99.999  9.999 20.088   0   0 9.999 1007   1 0.248
 61509  582.17 2660.76 99.999  9.999 20.497   0   0 9.999  985   0 0.386
 61510  710.77 2660.83 99.999  9.999 20.587   0   0 9.999  990   0 0.317
 61513  695.92 2663.74 99.999  9.999 20.537   0   0 9.999  991   1 0.310
 61514  748.60 2664.53 99.999  9.999 20.285   0   0 9.999 1003   1 0.262
 61515  768.03 2667.10 99.999  9.999 20.386   0   0 9.999 1002   0 0.298
 61517  585.85 2668.82 99.999  9.999 20.072   0   0 9.999 1000   1 0.264
 61518  595.02 2671.52 99.999  9.999 20.588   0   0 9.999  955   0 0.358
 61519  793.14 2669.63 99.999  9.999 20.517   0   0 9.999  994   0 0.322
 61521  646.19 2675.19 99.999  9.999 20.305   0   0 9.999 1006   0 0.258
 61522  755.57 2673.32 99.999  9.999 20.676   0   0 9.999  980   0 0.349
 61523  658.96 2674.41 99.999  9.999 20.524   0   0 9.999  993   1 0.317
 61525  567.60 2676.16 99.999  9.999 20.220   0   0 9.999  991   1 0.279
 61527  585.52 2679.64 99.999  9.999 20.027   0   0 9.999 1010   1 0.271
 61528  788.05 2679.86 99.999  9.999 20.395   0   0 9.999  991   1 0.303
 61530  622.42 2679.95 99.999  9.999 20.568   0   0 9.999  984   2 0.371
 61531  707.46 2680.55 99.999  9.999 20.019   0   0 9.999 1007   0 0.220
 61533  703.04 2685.06 99.999  9.999 20.667   0   0 9.999  979   0 0.360
 61536  792.81 2684.40 99.999  9.999 20.441   0   0 9.999  998   1 0.293
 61537  715.33 2685.05 99.999  9.999 19.894   0   0 9.999 1004   1 0.190
 61539  776.45 2686.93 99.999  9.999 20.171   0   0 9.999  996   2 0.256
 61542  550.15 2686.34 99.999  9.999 19.819   0   0 9.999 1013   1 0.187
 61543  567.45 2687.97 99.999  9.999 20.301   0   0 9.999  985   1 0.287
 61544  694.57 2687.82 99.999  9.999 20.409   0   0 9.999  993   1 0.286
 61546  784.07 2688.74 99.999  9.999 20.140   0   0 9.999  994   0 0.251
 61547  769.10 2691.37 99.999  9.999 20.587   0   0 9.999  984   0 0.366
 61548  733.86 2691.88 99.999  9.999 20.457   0   0 9.999 1000   0 0.302
 61550  803.03 2694.20 99.999  9.999 20.509   0   0 9.999  981   1 0.298
 61553  575.77 2694.98 99.999  9.999 20.147   0   0 9.999  993   0 0.257
 61554  762.36 2693.87 99.999  9.999 20.458   0   0 9.999  991   0 0.319
 61559  630.59 2698.11 99.999  9.999 20.513   0   0 9.999  986   0 0.313
 61560  717.97 2698.08 99.999  9.999 19.905   0   0 9.999 1004   1 0.207
 61561  650.65 2702.68 99.999  9.999 20.911   0   0 9.999  956   0 0.442
 61562  757.12 2703.68 99.999  9.999 20.392   0   0 9.999 1003   0 0.297
 61563  692.47 2704.03 99.999  9.999 20.441   0   0 9.999  988   0 0.295
 61564  735.59 2703.85 99.999  9.999 20.216   0   0 9.999 1011   2 0.258
 61565  748.88 2705.69 99.999  9.999 20.563   0   0 9.999  981   0 0.337
 61566  551.93 2703.51 99.999  9.999 20.506   0   0 9.999  981   1 0.333
 61568  550.23 2708.03 99.999  9.999 20.447   0   0 9.999  988   0 0.306
 61569  767.09 2707.32 99.999  9.999 20.282   0   0 9.999  998   0 0.267
 61572  663.68 2711.22 99.999  9.999 20.387   0   0 9.999 1001   2 0.288
 61573  718.99 2710.61 99.999  9.999 20.517   0   0 9.999  990   2 0.345
 61574  725.80 2710.38 99.999  9.999 20.456   0   0 9.999  987   1 0.306
 61575  565.99 2712.14 99.999  9.999 20.389   0   0 9.999  993   0 0.294
 61576  619.94 2715.74 99.999  9.999 20.507   0   0 9.999  988   0 0.347
 61577  776.94 2715.96 99.999  9.999 20.009   0   0 9.999 1011   5 0.214
 61578  819.12 2715.27 99.999  9.999 20.698   0   0 9.999  966   0 0.362
 61581  599.39 2717.49 99.999  9.999 20.310   0   0 9.999  989   1 0.294
 61582  833.28 2716.49 99.999  9.999 20.305   0   0 9.999  997   1 0.301
 61584  656.29 2719.72 99.999  9.999 20.912   0   0 9.999  965   0 0.423
 61585  690.30 2719.69 99.999  9.999 20.187   0   0 9.999 1002   0 0.249
 61586  739.15 2719.49 99.999  9.999 20.404   0   0 9.999  990   0 0.306
 61587  782.71 2720.23 99.999  9.999 20.594   0   0 9.999  993   0 0.338
 61588  787.10 2717.96 99.999  9.999 20.397   0   0 9.999  989   1 0.300
 61589  733.70 2719.66 99.999  9.999 20.657   0   0 9.999  980   1 0.351
 61590  771.19 2721.20 99.999  9.999 20.603   0   0 9.999  989   0 0.348
 61592  779.77 2723.39 99.999  9.999 20.918   0   0 9.999  973   0 0.424
 61593  828.60 2723.11 99.999  9.999 20.362   0   0 9.999 1007   0 0.301
 61595  675.16 2724.40 99.999  9.999 20.183   0   0 9.999  997   3 0.231
 61597  648.47 2727.33 99.999  9.999 20.403   0   0 9.999  987   0 0.320
 61599  709.85 2728.88 99.999  9.999 20.796   0   0 9.999  973   1 0.405
 61600  811.48 2730.00 99.999  9.999 20.265   0   0 9.999 1002   1 0.285
 61611  823.30 2737.58 99.999  9.999 20.657   0   0 9.999  998   0 0.370
 61617  708.47 2740.05 99.999  9.999 20.165   0   0 9.999  989   1 0.252
 61619  616.47 2742.47 99.999  9.999 20.169   0   0 9.999 1008   0 0.265
 61620  805.71 2742.62 99.999  9.999 20.269   0   0 9.999  995   0 0.258
 61622  725.97 2743.71 99.999  9.999 19.983   0   0 9.999 1004   2 0.236
 61623  581.64 2743.54 99.999  9.999 20.556   0   0 9.999  996   0 0.403
 61624  602.67 2746.38 99.999  9.999 20.319   0   0 9.999  999   0 0.274
 61625  702.00 2743.57 99.999  9.999 20.232   0   0 9.999  986   2 0.254
 61627  622.59 2746.48 99.999  9.999 20.342   0   0 9.999  996   0 0.301
 61628  798.43 2744.94 99.999  9.999 20.726   0   0 9.999  947   0 0.373
 61629  575.39 2747.94 99.999  9.999 20.491   0   0 9.999  988   0 0.345
 61630  634.48 2747.41 99.999  9.999 20.338   0   0 9.999  983   2 0.290
 61631  643.02 2748.21 99.999  9.999 20.329   0   0 9.999  989   0 0.299
 61633  769.05 2748.27 99.999  9.999 20.510   0   0 9.999  996   0 0.346
 61634  581.70 2753.05 22.330  2.427 19.904  70   1 0.489 1004   1 0.261
 61635  617.95 2755.07 99.999  9.999 20.670   0   0 9.999  991   0 0.383
 61636  648.92 2754.76 99.999  9.999 20.306   0   0 9.999 1013   1 0.300
 61637  718.70 2755.23 99.999  9.999 20.327   0   0 9.999 1008   1 0.289
 61638  753.59 2755.65 99.999  9.999 20.125   0   0 9.999 1007   1 0.245
 61639  565.30 2756.76 99.999  9.999 20.574   0   0 9.999  976   0 0.357
 61640  635.44 2756.54 99.999  9.999 20.397   0   0 9.999  991   0 0.318
 61641  677.19 2757.34 99.999  9.999 20.211   0   0 9.999 1008   0 0.253
 61642  815.16 2756.07 99.999  9.999 20.369   0   0 9.999  991   1 0.270
 61643  763.62 2757.79 99.999  9.999 20.218   0   0 9.999 1003   1 0.250
 61649  550.49 2764.97 22.629  2.374 20.255  60   0 0.490 1004   0 0.299
 61650  609.55 2763.74 99.999  9.999 20.348   0   0 9.999  994   0 0.311
 61652  738.24 2765.26 99.999  9.999 20.514   0   0 9.999  981   1 0.330
 61653  842.58 2766.24 99.999  9.999 20.489   0   0 9.999  981   0 0.293
 61658  805.83 2767.43 99.999  9.999 20.333   0   0 9.999 1002   0 0.293
 61659  799.26 2767.84 99.999  9.999 20.498   0   0 9.999  988   0 0.334
 61660  750.77 2768.87 99.999  9.999 20.620   0   0 9.999  989   0 0.347
 61661  743.99 2772.04 99.999  9.999 20.480   0   0 9.999 1008   0 0.307
 61663  794.28 2771.66 99.999  9.999 20.174   0   0 9.999 1008   1 0.253
 61666  563.76 2774.13 99.999  9.999 20.613   0   0 9.999  967   0 0.351
 61667  618.68 2775.11 99.999  9.999 20.385   0   0 9.999  986   0 0.299
 61668  669.64 2776.01 99.999  9.999 20.299   0   0 9.999  989   1 0.273
 61669  804.32 2775.71 99.999  9.999 20.569   0   0 9.999  991   0 0.324
 61670  554.03 2778.70 99.999  9.999 20.453   0   0 9.999  990   0 0.319
 61671  660.55 2778.22 99.999  9.999 20.604   0   0 9.999  979   1 0.359
 61673  569.28 2780.14 99.999  9.999 20.804   0   0 9.999  968   0 0.409
 61675  760.68 2782.44 99.999  9.999 20.220   0   0 9.999  999   0 0.249
 61676  829.72 2784.25 99.999  9.999 20.198   0   0 9.999 1005   0 0.263
 61678  723.02 2785.41 99.999  9.999 20.534   0   0 9.999  976   0 0.340
 61681  605.02 2787.67 99.999  9.999 20.573   0   0 9.999  989   0 0.353
 61682  749.47 2787.05 99.999  9.999 20.114   0   0 9.999 1005   1 0.228
 61683  779.78 2789.44 99.999  9.999 20.445   0   0 9.999  988   0 0.294
 61684  704.55 2791.16 99.999  9.999 20.257   0   0 9.999  998   0 0.251
 61685  837.88 2788.23 99.999  9.999 19.908   0   0 9.999 1010   1 0.212
 61687  827.45 2790.78 99.999  9.999 20.796   0   0 9.999  966   0 0.392
 61690  733.63 2793.82 99.999  9.999 19.891   0   0 9.999 1011   3 0.187
 61692  660.54 2795.84 99.999  9.999 20.553   0   0 9.999  978   0 0.357
 61693  706.33 2796.73 99.999  9.999 20.247   0   0 9.999 1001   1 0.257
 61694  780.97 2795.58 99.999  9.999 20.176   0   0 9.999  997   0 0.253
 61696  672.98 2795.90 99.999  9.999 20.674   0   0 9.999  983   0 0.369
 61698  738.32 2799.05 99.999  9.999 20.356   0   0 9.999 1005   0 0.314
 61699  765.26 2798.49 99.999  9.999 20.206   0   0 9.999  994   2 0.250
 61702  614.65 2800.03 99.999  9.999 20.503   0   0 9.999  981   0 0.319
 61708  584.63 2805.06 99.999  9.999 20.137   0   0 9.999 1005   0 0.334
 61709  628.40 2806.10 99.999  9.999 20.570   0   0 9.999  994   0 0.357
 61711  804.58 2807.64 99.999  9.999 20.095   0   0 9.999  989   0 0.261
 61713  779.25 2809.57 99.999  9.999 21.079   0   0 9.999  908   0 0.443
 61714  584.17 2809.56 99.999  9.999 20.449   0   0 9.999  980   0 0.406
 61719  737.05 2683.30 99.999  9.999 20.279   0   0 9.999 1009   1 0.287
 61728  690.70 2698.92 99.999  9.999 19.804   0   0 9.999 1011   2 0.177
 61731  561.61 2708.00 99.999  9.999 20.086   0   0 9.999 1002   2 0.267
 61732  735.93 2865.36 17.582  3.526 14.056  82   0 0.016 1050   0 0.007
 61733  789.18 2888.35 17.919  4.710 13.208  82   0 0.243 1050   0 0.144
 61735  809.19 2934.57 14.940  2.071 12.869  82   0 0.005 1046   4 0.012
 61736  768.89 2935.29 16.623  3.617 13.006  82   0 0.039 1050   0 0.018
 61738  583.99 2946.88 14.481  0.771 13.711  82   0 0.005 1041   9 0.015
 61739  588.92 2947.54 18.775  4.726 14.048  80   0 0.230 1050   0 0.053
 61754  712.00 2848.69 18.639  4.307 14.332  81   0 0.074 1050   0 0.026
 61757  774.25 2870.93 17.774  2.645 15.129  82   0 0.014 1048   2 0.006
 61758  616.64 2875.71 18.377  3.774 14.603  82   0 0.026 1048   2 0.010
 61759  739.81 2885.24 17.634  2.729 14.904  82   0 0.011 1050   0 0.005
 61760  671.37 2905.15 19.406  5.122 14.284  81   0 0.111 1050   0 0.031
 61761  681.26 2913.93 19.564  4.926 14.638  79   0 0.071 1050   0 0.024
 61763  686.93 2927.79 17.606  3.002 14.604  82   0 0.012 1048   2 0.005
 61765  558.96 2974.12 18.143  3.219 14.924  82   0 0.018 1046   4 0.008
 61799  649.71 2834.68 18.671  2.851 15.821  82   0 0.023 1044   6 0.009
 61800  673.16 2850.81 18.795  3.477 15.318  80   0 0.026 1047   2 0.007
 61801  609.43 2855.83 18.107  2.288 15.818  82   0 0.018 1045   5 0.010
 61802  693.38 2863.75 18.159  2.327 15.832  81   1 0.016 1047   3 0.008
 61804  620.87 2887.23 18.270  2.728 15.541  82   0 0.020 1046   4 0.009
 61807  553.61 2894.79 18.323  2.742 15.581  82   0 0.018 1045   4 0.010
 61808  566.33 2895.30 18.675  3.097 15.578  81   0 0.028 1049   1 0.010
 61809  621.36 2896.49 18.582  3.112 15.470  82   0 0.026 1046   4 0.008
 61810  751.39 2899.08 16.679  1.313 15.366  82   0 0.009 1047   1 0.008
 61812  814.17 2902.05 18.540  2.594 15.946  82   0 0.028 1048   1 0.011
 61814  610.28 2914.24 18.965  3.116 15.849  80   0 0.028 1046   4 0.010
 61815  730.70 2917.06 18.627  2.761 15.867  81   0 0.020 1045   3 0.008
 61818  552.06 2931.01 18.575  3.358 15.217  81   0 0.022 1048   2 0.009
 61821  588.69 2953.17 18.655  2.610 16.046  82   0 0.076 1049   1 0.057
 61824  750.61 2981.57 18.894  3.131 15.764  80   0 0.035 1046   2 0.008
 61825  798.59 2988.49 17.899  2.461 15.438  82   0 0.015 1050   0 0.006
 61826  637.77 2991.64 18.270  2.930 15.340  82   0 0.019 1041   7 0.007
 61887  584.74 2956.02 20.083  2.189 17.894  80   1 0.106 1016   1 0.122
 61891  721.73 2810.83 18.774  2.725 16.049  80   0 0.022 1041   0 0.012
 61892  652.15 2811.51 18.945  2.632 16.313  81   0 0.029 1031   5 0.012
 61893  729.86 2811.93 19.186  2.617 16.569  80   0 0.040 1022   1 0.013
 61894  558.70 2812.34 18.694  1.753 16.941  82   0 0.023 1015   2 0.017
 61895  752.53 2812.39 19.636  2.868 16.767  79   0 0.037 1019   3 0.014
 61898  635.78 2821.37 19.251  2.572 16.678  80   0 0.041 1029   6 0.014
 61900  601.50 2831.44 18.355  1.608 16.748  82   0 0.019 1026   0 0.014
 61902  814.91 2840.20 19.035  2.637 16.398  80   0 0.044 1043   2 0.014
 61903  635.51 2842.35 19.194  2.767 16.427  80   0 0.038 1035   2 0.013
 61905  558.74 2845.86 19.155  2.757 16.399  80   0 0.036 1042   3 0.014
 61907  609.49 2850.21 19.412  2.685 16.727  80   0 0.041 1035   2 0.018
 61908  728.90 2851.09 19.416  2.563 16.852  80   0 0.045 1020   3 0.017
 61909  779.41 2852.84 19.501  2.657 16.844  79   0 0.048 1022   3 0.015
 61911  606.69 2862.53 19.395  2.761 16.634  80   0 0.046 1030   6 0.014
 61912  620.30 2869.23 19.348  2.704 16.644  79   0 0.039 1031   4 0.017
 61913  667.40 2869.54 19.226  2.613 16.613  81   0 0.036 1032   8 0.013
 61916  746.24 2872.19 18.794  2.566 16.229  81   0 0.026 1042   4 0.011
 61917  780.65 2872.19 19.115  2.468 16.647  82   0 0.044 1042   2 0.019
 61919  555.12 2877.95 19.383  2.506 16.877  78   0 0.038 1017   1 0.016
 61921  591.04 2880.44 18.714  2.517 16.197  81   0 0.021 1044   4 0.011
 61924  606.27 2883.68 19.701  2.797 16.904  78   0 0.057 1016   2 0.018
 61925  822.68 2885.12 18.811  2.318 16.494  81   0 0.043 1026   2 0.020
 61926  559.75 2889.77 19.041  2.464 16.577  81   0 0.034 1038   5 0.017
 61931  650.53 2905.09 18.829  2.651 16.179  82   0 0.029 1043   4 0.011
 61932  606.47 2906.02 19.299  2.601 16.699  81   0 0.043 1028   2 0.015
 61933  758.32 2906.99 18.736  2.192 16.544  81   0 0.027 1021   3 0.013
 61934  743.68 2907.83 19.358  2.652 16.705  79   0 0.040 1025   3 0.014
 61937  660.50 2913.45 19.151  2.469 16.682  79   0 0.034 1028   3 0.016
 61938  805.50 2915.89 19.131  2.739 16.392  79   1 0.036 1041   1 0.014
 61942  560.42 2929.54 19.717  2.956 16.761  80   0 0.065 1034   1 0.017
 61944  580.12 2937.66 19.236  2.761 16.475  81   1 0.059 1027   5 0.023
 61945  667.22 2939.23 17.738  1.530 16.208  81   1 0.013 1041   6 0.010
 61946  556.45 2944.12 19.382  2.690 16.693  79   0 0.044 1029   2 0.016
 61947  626.26 2945.60 18.993  2.935 16.058  80   0 0.033 1032   5 0.009
 61948  821.20 2947.86 19.481  2.855 16.627  79   0 0.062 1032   2 0.015
 61949  779.36 2951.74 19.422  2.799 16.624  80   0 0.049 1035   1 0.014
 61951  797.23 2957.79 19.242  2.613 16.628  79   0 0.032 1035   1 0.013
 61953  727.21 2958.96 19.209  2.744 16.465  80   0 0.045 1032   4 0.012
 61955  637.91 2962.42 18.682  2.611 16.071  81   0 0.025 1031   5 0.008
 61957  733.82 2965.18 18.879  2.379 16.500  81   0 0.029 1027   1 0.012
 61959  753.99 2974.26 19.012  2.465 16.546  79   0 0.027 1021   3 0.012
 61960  634.30 2976.40 18.713  2.603 16.110  80   0 0.024 1030   3 0.009
 61964  804.77 2985.51 19.433  2.716 16.717  80   0 0.044 1020   4 0.015
 61965  564.78 2987.34 18.814  2.333 16.481  81   0 0.027 1024   8 0.013
 61966  686.13 2987.59 19.456  2.627 16.830  78   0 0.042 1022   2 0.015
 61968  628.96 2992.68 19.263  2.543 16.720  80   0 0.036 1022   7 0.015
 61969  728.09 2994.82 18.812  2.427 16.385  82   0 0.026 1041   1 0.012
 61973  704.35 2999.88 19.271  2.674 16.597  80   0 0.038 1041   0 0.014
 62145  639.93 2840.73 19.740  2.774 16.967  78   0 0.051 1016   5 0.018
 62149  653.31 2903.38 19.763  2.881 16.883  81   0 0.071 1042   2 0.020
 62150  561.21 2984.51 19.981  2.609 17.373  81   0 0.093 1021   5 0.027
 62151  730.92 2997.08 19.829  2.612 17.217  79   0 0.071 1025   1 0.023
 62152  705.48 3004.22 20.871  2.643 18.228  75   1 0.124 1015   4 0.046
 62168  677.95 2811.80 18.642  1.332 17.311  79   1 0.022 1019   1 0.022
 62172  671.36 2822.42 19.583  1.895 17.688  78   0 0.055 1016   1 0.030
 62177  808.62 2830.05 19.458  2.486 16.972  79   0 0.050 1021   2 0.016
 62180  557.78 2837.33 18.912  2.011 16.901  82   0 0.027 1016   4 0.017
 62181  748.75 2836.57 20.132  2.537 17.595  76   0 0.074 1018   1 0.026
 62185  763.29 2843.45 19.975  2.619 17.357  78   0 0.076 1014   2 0.021
 62187  617.83 2853.28 99.999  9.999 17.859   0   0 9.999 1015   3 0.041
 62188  805.35 2854.90 19.817  2.248 17.569  80   0 0.085 1016   1 0.028
 62189  814.58 2857.12 20.433  2.599 17.833  80   0 0.134 1015   3 0.041
 62190  665.25 2860.43 20.238  2.871 17.368  80   0 0.129 1011   5 0.023
 62191  637.32 2862.63 19.720  2.639 17.081  79   0 0.052 1022   3 0.018
 62192  725.43 2861.83 20.124  2.596 17.528  76   0 0.078 1014   2 0.032
 62193  824.40 2864.97 99.999  9.999 17.033   0   0 9.999 1020   7 0.039
 62194  798.15 2868.47 19.463  2.367 17.095  79   0 0.051 1019   3 0.020
 62196  788.72 2873.05 19.594  2.663 16.931  79   1 0.058 1026   2 0.030
 62199  734.09 2876.59 19.909  2.462 17.448  80   0 0.072 1018   2 0.028
 62201  789.93 2884.01 99.999  9.999 16.904   0   0 9.999  841   0 0.609
 62204  646.63 2897.46 19.612  2.708 16.904  80   0 0.049 1016   1 0.016
 62205  708.70 2898.33 20.200  2.598 17.602  76   0 0.075 1016   2 0.026
 62206  671.64 2902.44 19.532  2.986 16.546  81   0 0.088 1049   0 0.124
 62209  668.62 2912.15 19.986  2.698 17.289  80   0 0.077 1021   1 0.042
 62210  813.87 2911.09 19.406  1.851 17.556  80   0 0.055 1020   0 0.032
 62211  741.99 2915.70 19.562  2.592 16.970  79   0 0.048 1020   3 0.017
 62212  825.70 2916.22 19.856  2.588 17.268  80   0 0.117 1022   2 0.026
 62217  830.77 2923.29 20.342  2.624 17.718  78   1 0.099 1015   1 0.040
 62220  810.82 2927.40 99.999  9.999 18.319   0   0 9.999 1043   6 0.170
 62222  687.34 2932.05 20.168  3.024 17.144  80   0 0.082 1045   2 0.032
 62223  820.46 2937.55 20.772  2.636 18.136  77   0 0.216 1014   2 0.100
 62224  815.28 2933.63 99.999  9.999 17.504   0   0 9.999 1047   2 0.128
 62225  838.99 2938.39 19.858  2.164 17.694  80   0 0.084 1019   0 0.037
 62226  751.46 2940.78 19.224  1.803 17.421  79   0 0.035 1017   3 0.027
 62230  734.23 2958.53 19.635  2.552 17.084  80   0 0.069 1022   1 0.019
 62231  716.67 2964.08 18.866  1.830 17.036  81   0 0.028 1016   2 0.016
 62234  777.83 2966.85 20.275  2.586 17.689  79   0 0.090 1014   2 0.028
 62235  550.03 2969.11 20.103  2.378 17.725  78   0 0.076 1011   4 0.037
 62236  666.10 2975.66 20.059  2.585 17.473  77   0 0.062 1012   4 0.023
 62237  672.24 2984.79 19.835  2.529 17.306  78   0 0.051 1012   4 0.019
 62239  604.88 2988.30 19.650  2.495 17.155  78   0 0.050 1017   1 0.017
 62240  662.33 2989.64 19.650  2.244 17.407  78   0 0.054 1019   2 0.027
 62241  757.56 2997.18 19.741  2.658 17.083  80   0 0.061 1018   3 0.016
 62242  796.26 2997.54 19.975  2.740 17.235  77   0 0.070 1019   3 0.019
 62243  816.21 2997.47 18.956  1.761 17.195  79   0 0.031 1013   3 0.019
 62244  678.40 2999.78 19.950  2.653 17.296  78   0 0.063 1015   2 0.024
 62246  612.56 3006.93 19.125  1.634 17.490  78   2 0.045 1003  14 0.080
 62251  661.15 3016.61 19.689  1.995 17.694  79   0 0.054 1012   4 0.033
 62416  748.54 2841.64 21.436  2.641 18.795  80   0 0.234 1013   1 0.076
 62417  614.62 2855.20 99.999  9.999 18.170   0   0 9.999 1025   3 0.069
 62418  805.55 2857.78 19.817  1.093 18.724  80   0 0.085 1012   3 0.080
 62420  678.89 3005.09 20.475  2.156 18.320  78   0 0.099 1012   1 0.047
 62436  837.95 2812.50 20.429  2.083 18.346  75   0 0.094 1008   5 0.050
 62438  576.61 2820.22 20.814  2.199 18.615  77   0 0.161 1007   6 0.063
 62439  626.48 2819.56 20.633  2.719 17.914  74   0 0.127 1013   3 0.034
 62440  551.22 2819.36 21.259  2.687 18.571  76   0 0.190 1012   2 0.065
 62441  768.57 2820.40 19.756  1.758 17.998  79   0 0.052 1015   3 0.035
 62443  688.46 2821.38 20.505  2.255 18.250  78   0 0.110 1011   3 0.044
 62446  570.43 2827.76 20.846  2.563 18.283  74   0 0.137 1008   5 0.047
 62453  705.12 2833.71 20.732  2.582 18.149  74   0 0.139 1014   3 0.041
 62454  800.07 2833.92 20.938  2.470 18.469  80   0 0.167 1011   1 0.056
 62456  767.82 2834.12 20.603  2.033 18.569  78   0 0.105 1009   1 0.055
 62457  565.70 2835.71 20.992  2.490 18.503  73   0 0.149 1009   1 0.053
 62460  794.40 2842.86 20.513  2.340 18.173  76   0 0.110 1009   2 0.039
 62462  713.08 2842.93 21.304  2.831 18.473  72   0 0.217 1009   3 0.168
 62463  578.38 2844.78 21.097  2.646 18.451  74   2 0.165 1009   5 0.054
 62464  720.61 2845.96 20.466  2.520 17.946  79   0 0.105 1010   5 0.048
 62471  685.73 2851.71 20.525  1.902 18.623  74   1 0.080 1013   2 0.065
 62472  685.52 2857.63 20.336  2.138 18.198  76   0 0.089 1014   1 0.042
 62474  822.87 2858.27 19.759  1.893 17.866  79   0 0.093 1014   1 0.057
 62476  816.06 2861.59 20.664  2.243 18.421  78   0 0.160 1016   2 0.071
 62478  770.20 2865.46 20.526  2.166 18.359  77   0 0.123 1015   3 0.062
 62483  731.89 2872.69 21.198  2.551 18.647  75   0 0.182 1011   5 0.094
 62485  710.11 2877.81 99.999  9.999 18.576   0   0 9.999 1015   3 0.058
 62487  619.96 2877.95 21.158  3.098 18.060  76   0 0.198 1044   3 0.104
 62488  706.36 2879.35 20.247  1.842 18.405  75   0 0.094 1009   4 0.049
 62489  656.69 2881.13 20.762  2.183 18.579  73   0 0.128 1005   2 0.060
 62491  795.70 2891.54 99.999  9.999 18.013   0   0 9.999  882   0 0.542
 62494  664.38 2889.71 20.880  2.619 18.261  78   0 0.144 1010   1 0.052
 62497  595.92 2892.05 20.351  1.823 18.528  76   1 0.079 1011   1 0.058
 62498  627.12 2892.36 21.090  2.535 18.555  77   0 0.152 1011   5 0.067
 62499  676.38 2894.71 20.557  2.142 18.415  76   0 0.107 1010   5 0.055
 62507  747.06 2901.65 99.999  9.999 18.405   0   0 9.999 1023   1 0.079
 62509  629.96 2906.76 20.885  2.820 18.066  76   0 0.139 1009   4 0.038
 62511  662.57 2906.54 20.731  1.938 18.792  74   0 0.124 1013   1 0.128
 62512  802.83 2908.26 21.071  2.584 18.488  76   0 0.231 1015   2 0.084
 62516  802.29 2918.23 20.770  2.296 18.474  78   0 0.155 1021   2 0.091
 62517  678.94 2918.83 21.142  2.625 18.516  75   0 0.176 1004   2 0.160
 62518  704.54 2919.86 20.637  2.321 18.317  78   0 0.121 1013   1 0.045
 62519  736.31 2920.26 20.060  2.061 17.999  79   0 0.074 1019   0 0.044
 62520  831.31 2919.39 20.610  2.279 18.331  77   0 0.174 1021   3 0.070
 62521  729.57 2923.95 20.268  2.427 17.842  76   0 0.102 1015   1 0.033
 62522  580.98 2923.90 21.325  2.747 18.578  72   1 0.193 1011   4 0.098
 62525  718.84 2925.49 20.761  2.454 18.307  75   0 0.119 1012   2 0.044
 62526  707.33 2927.19 20.466  2.424 18.042  77   0 0.104 1010   4 0.037
 62527  660.65 2927.45 20.552  2.321 18.231  75   0 0.116 1010   3 0.048
 62528  767.75 2928.81 99.999  9.999 18.125   0   0 9.999 1047   0 0.208
 62529  831.15 2929.06 20.092  2.106 17.986  79   0 0.090 1014   3 0.041
 62531  646.04 2929.22 20.623  1.845 18.778  78   0 0.095 1011   2 0.068
 62532  774.62 2931.20 99.999  9.999 18.402   0   0 9.999 1034   0 0.233
 62534  661.31 2936.29 20.462  2.175 18.287  79   0 0.103 1014   4 0.057
 62535  775.31 2938.09 99.999  9.999 18.350   0   0 9.999 1041   0 0.205
 62536  559.16 2938.88 20.938  2.556 18.382  79   0 0.166 1019   1 0.062
 62537  817.81 2941.34 20.922  2.563 18.359  78   0 0.242 1016   0 0.132
 62538  814.31 2937.79 99.999  9.999 17.639   0   0 9.999 1048   0 0.154
 62539  586.88 2941.37 99.999  9.999 17.905   0   0 9.999 1022   2 0.184
 62540  764.61 2941.13 99.999  9.999 18.616   0   0 9.999 1008   1 0.270
 62542  773.47 2940.63 21.322  2.880 18.442  77   0 0.378 1038   1 0.229
 62543  803.14 2941.77 20.831  2.583 18.248  77   0 0.193 1013   1 0.127
 62544  594.15 2943.48 99.999  9.999 18.730   0   0 9.999  983   0 0.250
 62545  837.91 2944.88 20.317  2.068 18.249  80   0 0.152 1021   0 0.061
 62546  595.33 2952.71 20.843  2.432 18.411  78   0 0.265  998   4 0.155
 62547  601.31 2949.07 21.184  2.613 18.570  76   0 0.188 1009   1 0.091
 62548  630.38 2949.82 20.727  2.645 18.082  77   0 0.109 1012   3 0.043
 62549  610.62 2950.70 20.583  2.648 17.935  75   0 0.112 1010   3 0.039
 62550  720.56 2952.07 21.086  2.535 18.551  76   0 0.184 1008   3 0.059
 62551  657.41 2955.29 20.460  2.604 17.856  77   0 0.109 1011   4 0.029
 62552  600.73 2956.63 20.949  2.888 18.062  78   0 0.167 1011   3 0.049
 62554  782.15 2959.56 21.068  2.598 18.470  74   0 0.181 1010   4 0.057
 62555  765.15 2960.15 20.774  2.446 18.328  76   0 0.127 1010   2 0.052
 62557  839.90 2962.96 20.823  2.432 18.391  78   0 0.132 1010   2 0.057
 62558  625.48 2964.40 20.345  2.407 17.938  78   1 0.089 1009   4 0.034
 62559  788.75 2967.72 20.764  2.383 18.381  78   0 0.117 1015   2 0.051
 62561  568.25 2973.87 20.687  1.913 18.775  76   0 0.122 1022   0 0.082
 62562  832.10 2975.18 20.289  2.290 17.999  79   0 0.100 1008   4 0.034
 62563  656.72 2977.50 20.351  1.862 18.489  79   0 0.087 1017   3 0.060
 62564  677.37 2976.55 20.166  1.782 18.385  76   0 0.079 1010   3 0.049
 62565  823.99 2977.03 20.381  1.666 18.715  78   0 0.107 1016   1 0.074
 62566  758.16 2981.45 20.487  2.468 18.020  78   0 0.100 1015   4 0.040
 62570  678.20 2986.84 20.563  2.450 18.112  76   0 0.111 1011   3 0.043
 62571  696.87 2986.99 20.835  2.243 18.592  77   0 0.132 1010   3 0.054
 62574  846.98 2990.21 20.549  2.500 18.049  75   0 0.109 1015   1 0.037
 62575  723.12 2990.48 21.243  2.616 18.627  74   0 0.193 1009   4 0.065
 62579  653.51 2998.17 20.824  2.388 18.436  74   0 0.111 1010   1 0.051
 62581  801.41 3004.85 20.453  1.854 18.599  76   0 0.093 1008   4 0.062
 62583  618.18 3006.40 20.497  2.440 18.057  81   0 0.129 1012   4 0.052
 62586  604.68 3010.80 20.533  1.854 18.679  76   0 0.094 1012   3 0.070
 62588  625.48 3012.96 20.578  1.976 18.601  77   0 0.110 1015   2 0.080
 62589  593.27 3014.94 20.419  2.350 18.069  78   0 0.110 1012   4 0.036
 62590  697.39 3015.40 20.502  2.701 17.801  74   0 0.095 1013   1 0.029
 62591  794.42 3015.46 20.662  2.230 18.433  79   0 0.142 1015   2 0.050
 62893  755.19 2842.70 21.679  2.311 19.368  75   0 0.290 1008   1 0.115
 62894  810.31 2855.11 21.757  2.028 19.729  71   0 0.352  997   3 0.198
 62897  574.22 2817.39 21.350  2.335 19.015  76   0 0.184 1009   5 0.090
 62903  774.44 2865.95 21.184  2.384 18.800  80   0 0.220 1022   3 0.115
 62908  595.44 2894.78 99.999  9.999 19.141   0   0 9.999 1012   1 0.101
 62912  744.17 2904.27 20.549  1.995 18.554  79   0 0.118 1022   2 0.074
 62914  632.47 2903.94 21.088  2.502 18.585  75   0 0.152 1013   3 0.061
 62915  659.59 2906.45 20.731  1.565 19.165  74   0 0.124 1003   2 0.128
 62917  714.19 2925.96 21.844  2.415 19.430  71   0 0.367 1011   2 0.119
 62918  820.51 2929.97 99.999  9.999 20.091   0   0 9.999  918   0 0.362
 62919  651.40 2928.68 99.999  9.999 19.870   0   0 9.999 1006   1 0.193
 62920  562.92 2937.76 99.999  9.999 19.876   0   0 9.999 1014   1 0.204
 62921  567.82 2976.85 21.321  1.911 19.411  75   0 0.195 1023   2 0.147
 62922  655.75 2980.05 21.158  2.324 18.834  78   0 0.185 1013   2 0.078
 62923  701.92 2986.78 21.796  2.178 19.618  73   1 0.305 1013   3 0.146
 62924  728.08 2988.79 21.761  2.225 19.536  70   0 0.266 1013   3 0.151
 62927  627.66 3011.55 21.331  2.202 19.129  74   0 0.206 1007   2 0.115
 62975  739.81 2810.60 21.448  2.426 19.022  73   0 0.250 1011   3 0.089
 62983  733.20 2815.04 99.999  9.999 18.956   0   0 9.999 1017   1 0.105
 62985  683.94 2817.98 20.956  2.178 18.778  78   0 0.175 1006   5 0.069
 62986  749.15 2814.27 20.447  1.855 18.592  77   0 0.093 1014   3 0.070
 62987  565.35 2817.92 21.863  2.521 19.342  75   0 0.300 1005   5 0.110
 62988  582.42 2819.99 21.211  2.238 18.973  76   1 0.179 1006   3 0.133
 62989  664.62 2817.50 22.024  2.282 19.742  73   0 0.401 1006   1 0.165
 62990  817.81 2819.27 21.472  2.751 18.721  73   0 0.247 1007   2 0.061
 62995  840.09 2820.86 21.256  2.536 18.720  77   1 0.187 1009   1 0.068
 62996  727.81 2820.71 21.550  2.350 19.200  77   0 0.261 1000   2 0.103
 62998  618.80 2823.31 21.523  2.343 19.180  74   0 0.264 1012   2 0.107
 62999  808.80 2822.19 21.533  2.319 19.215  75   0 0.296 1013   2 0.107
 63001  555.71 2825.96 21.004  2.159 18.845  74   0 0.161 1010   1 0.075
 63002  589.05 2824.47 21.692  2.447 19.246  75   0 0.350 1008   1 0.101
 63003  782.16 2824.46 21.138  2.017 19.121  76   0 0.186 1011   2 0.089
 63004  848.32 2825.26 99.999  9.999 18.964   0   0 9.999 1009   1 0.082
 63005  613.77 2826.88 21.706  2.868 18.837  74   0 0.236 1011   4 0.075
 63006  765.52 2825.85 21.367  2.293 19.074  73   0 0.208 1011   2 0.086
 63007  817.57 2827.71 21.332  2.604 18.728  77   0 0.251 1011   0 0.077
 63009  560.62 2831.24 21.643  2.454 19.188  77   0 0.293 1008   1 0.109
 63012  661.40 2829.20 99.999  9.999 19.260   0   0 9.999 1013   2 0.124
 63015  760.76 2827.75 22.160  2.532 19.628  68   0 0.350 1007   2 0.134
 63017  825.17 2829.15 21.361  2.072 19.289  76   0 0.225 1005   5 0.117
 63018  750.97 2831.01 21.021  1.883 19.138  76   0 0.148 1014   3 0.094
 63021  664.02 2831.60 21.043  1.818 19.226  78   0 0.196 1010   3 0.115
 63024  587.45 2836.09 21.865  2.597 19.267  73   2 0.285 1002   4 0.116
 63025  628.76 2837.13 21.535  2.533 19.002  75   1 0.276 1008   2 0.093
 63028  726.27 2840.58 21.098  1.959 19.139  76   0 0.183 1015   1 0.100
 63030  708.18 2841.88 21.923  2.738 19.184  71   0 0.323 1004   3 0.201
 63032  600.37 2843.10 21.709  2.495 19.215  74   0 0.309 1008   1 0.105
 63033  647.69 2842.55 21.619  2.259 19.361  77   0 0.253 1018   3 0.129
 63034  686.03 2843.93 20.711  2.216 18.496  76   0 0.121 1011   3 0.054
 63035  694.73 2843.99 21.254  2.281 18.974  71   0 0.210 1010   3 0.089
 63041  564.84 2845.24 21.679  2.530 19.149  76   0 0.281 1007   4 0.120
 63042  718.24 2844.99 99.999  9.999 19.264   0   0 9.999 1002   2 0.221
 63043  824.88 2845.41 21.236  1.618 19.618  72   0 0.282  999   1 0.223
 63049  554.23 2848.72 21.359  2.317 19.042  75   0 0.211 1024   0 0.125
 63050  771.05 2849.60 21.064  2.388 18.675  76   1 0.164 1013   2 0.059
 63052  702.30 2851.04 21.423  2.352 19.071  78   0 0.271  995   5 0.124
 63056  583.37 2851.84 21.163  2.309 18.854  75   1 0.165 1014   0 0.134
 63057  624.71 2851.82 21.169  2.244 18.926  79   0 0.224 1004   2 0.084
 63058  718.27 2850.96 99.999  9.999 19.657   0   0 9.999  979   0 0.331
 63059  806.75 2850.13 21.007  1.958 19.049  82   0 0.233 1016   1 0.110
 63060  650.69 2852.34 20.940  2.187 18.753  76   0 0.149 1006   2 0.066
 63061  792.09 2851.76 20.989  2.060 18.929  77   0 0.178 1007   2 0.080
 63066  576.71 2853.40 21.323  2.484 18.838  76   0 0.230 1007   4 0.081
 63069  775.12 2854.25 21.607  2.221 19.386  76   0 0.269 1013   1 0.139
 63071  679.58 2855.97 22.216  2.837 19.378  73   0 0.389 1009   2 0.128
 63077  705.56 2859.30 21.878  2.567 19.311  68   0 0.364 1005   0 0.132
 63078  736.45 2859.96 99.999  9.999 18.996   0   0 9.999 1024   3 0.196
 63079  790.69 2860.67 20.940  2.268 18.671  74   0 0.151 1013   2 0.068
 63081  716.79 2861.63 21.658  2.516 19.142  75   0 0.254 1012   0 0.109
 63082  780.05 2863.07 21.776  2.547 19.229  74   0 0.319 1009   5 0.112
 63083  598.12 2865.52 20.793  1.917 18.876  76   1 0.143 1007   2 0.079
 63086  567.30 2866.62 20.810  2.030 18.780  71   1 0.129 1009   1 0.072
 63087  740.23 2869.02 99.999  9.999 18.726   0   0 9.999 1040   1 0.154
 63088  794.40 2867.32 21.221  2.366 18.855  76   0 0.210 1024   2 0.100
 63089  573.43 2868.49 21.330  2.413 18.917  75   0 0.187 1010   2 0.079
 63090  655.47 2866.65 21.977  2.598 19.379  72   0 0.320 1008   2 0.111
 63092  640.77 2868.80 99.999  9.999 19.451   0   0 9.999 1010   1 0.136
 63097  608.89 2875.03 21.319  2.175 19.144  75   0 0.219 1011   2 0.149
 63102  713.00 2875.46 20.740  1.723 19.017  76   0 0.127 1022   3 0.098
 63104  726.63 2875.97 21.614  2.226 19.388  69   0 0.292  995   2 0.156
 63109  739.76 2878.56 21.646  2.444 19.202  70   0 0.252 1025   1 0.153
 63110  584.40 2883.79 99.999  9.999 19.385   0   0 9.999 1001   2 0.221
 63111  585.97 2879.81 21.317  2.345 18.972  75   1 0.268 1020   1 0.153
 63112  746.38 2878.58 21.785  2.521 19.264  69   0 0.258 1010   2 0.128
 63114  563.32 2882.38 21.372  2.386 18.986  76   0 0.192 1012   2 0.086
 63116  642.01 2882.88 99.999  9.999 18.995   0   0 9.999 1002   7 0.079
 63117  695.09 2882.79 21.250  2.304 18.946  72   0 0.205 1010   0 0.078
 63118  786.65 2882.06 99.999  9.999 18.346   0   0 9.999  760   0 0.714
 63120  795.34 2886.35 99.999  9.999 18.085   0   0 9.999  806   0 0.651
 63124  691.86 2890.49 21.967  2.354 19.613  75   0 0.289 1010   4 0.147
 63125  817.67 2890.35 21.423  2.345 19.079  76   0 0.399  974   0 0.291
 63126  645.26 2891.97 21.668  2.602 19.066  71   0 0.256 1006   5 0.094
 63127  777.19 2891.43 21.668  2.598 19.070  72   0 0.348  974   2 0.255
 63131  755.01 2893.41 99.999  9.999 19.434   0   0 9.999 1011   1 0.167
 63132  787.29 2896.03 21.424  2.781 18.643  68   0 0.410  820   0 0.590
 63133  574.37 2894.10 21.433  2.389 19.044  77   0 0.221 1012   1 0.099
 63134  616.64 2894.12 21.274  2.126 19.147  77   0 0.262 1017   2 0.149
 63137  796.48 2897.29 99.999  9.999 19.502   0   0 9.999  933   0 0.446
 63141  609.72 2902.42 21.862  2.794 19.069  76   0 0.368 1016   0 0.110
 63142  843.43 2898.45 99.999  9.999 19.065   0   0 9.999 1007   2 0.155
 63145  609.60 2897.67 99.999  9.999 19.379   0   0 9.999 1001   1 0.132
 63146  768.03 2898.59 21.953  2.642 19.311  70   0 0.352 1007   1 0.124
 63147  803.65 2898.58 21.722  2.490 19.232  66   0 0.462  995   2 0.184
 63151  583.16 2903.63 21.411  2.188 19.223  75   1 0.232 1009   0 0.201
 63152  598.19 2902.32 21.469  2.301 19.167  77   0 0.253 1011   1 0.104
 63153  773.57 2902.30 21.145  2.152 18.994  76   0 0.212 1011   4 0.102
 63156  615.31 2903.33 21.318  2.641 18.677  73   0 0.168 1012   3 0.066
 63157  709.94 2903.02 21.426  2.097 19.329  75   0 0.238 1009   2 0.112
 63158  761.93 2902.78 21.345  2.293 19.051  77   0 0.237 1014   3 0.109
 63161  679.51 2904.03 99.999  9.999 18.998   0   0 9.999 1013   1 0.173
 63165  714.36 2905.75 21.838  2.463 19.375  75   0 0.283 1004   3 0.120
 63167  680.42 2908.76 99.999  9.999 19.011   0   0 9.999  984   1 0.280
 63168  707.01 2910.26 21.329  2.254 19.076  78   0 0.204 1004   3 0.085
 63169  768.76 2910.43 21.199  1.943 19.256  80   0 0.219 1011   2 0.132
 63173  571.90 2911.21 21.561  2.132 19.429  73   0 0.233 1008   3 0.124
 63174  845.16 2912.38 21.017  2.316 18.700  75   1 0.282 1007   1 0.150
 63175  690.02 2913.74 21.051  2.459 18.592  72   1 0.149 1013   1 0.079
 63176  638.64 2915.00 21.223  2.422 18.801  73   0 0.211 1006   2 0.071
 63177  667.49 2914.02 19.986  1.224 18.762  80   0 0.077 1013   4 0.105
 63178  791.59 2916.33 21.140  2.325 18.815  76   0 0.242 1013   3 0.108
 63180  687.75 2922.18 21.726  3.065 18.662  78   0 0.355 1026   2 0.099
 63181  761.73 2916.47 21.413  2.292 19.121  75   0 0.228 1014   0 0.113
 63185  713.36 2917.80 21.643  2.172 19.471  76   0 0.299 1005   5 0.123
 63188  822.57 2921.07 99.999  9.999 18.757   0   0 9.999 1017   1 0.121
 63194  747.26 2924.82 21.485  2.115 19.370  75   0 0.239 1014   2 0.135
 63200  589.79 2925.13 21.668  2.340 19.329  76   0 0.333 1013   0 0.128
 63201  736.65 2925.59 21.736  2.555 19.181  73   0 0.286 1008   3 0.099
 63202  762.02 2928.23 99.999  9.999 19.466   0   0 9.999  976   0 0.284
 63203  807.39 2928.35 99.999  9.999 18.183   0   0 9.999 1047   0 0.229
 63208  627.04 2928.34 21.448  2.236 19.212  73   0 0.236 1011   4 0.107
 63209  695.16 2929.00 21.348  2.499 18.849  77   0 0.223 1013   2 0.090
 63210  772.46 2929.27 99.999  9.999 18.382   0   0 9.999 1035   2 0.227
 63211  813.98 2929.57 99.999  9.999 18.376   0   0 9.999 1037   2 0.233
 63214  622.29 2931.68 21.523  2.837 18.686  74   0 0.225 1012   2 0.067
 63215  610.36 2932.16 21.026  2.126 18.901  75   0 0.162 1009   4 0.088
 63219  605.01 2933.97 21.727  2.511 19.217  76   0 0.350 1011   2 0.110
 63220  704.67 2933.61 21.310  1.998 19.312  71   0 0.206 1013   1 0.117
 63221  820.59 2933.36 99.999  9.999 19.899   0   0 9.999  926   0 0.358
 63224  585.49 2935.60 99.999  9.999 19.010   0   0 9.999 1007   2 0.178
 63233  591.51 2940.86 20.941  1.847 19.094  76   0 0.270  968   1 0.299
 63234  833.48 2941.33 21.322  2.565 18.757  80   0 0.263 1015   1 0.080
 63237  640.71 2940.98 21.901  2.411 19.490  75   0 0.333 1003   3 0.131
 63238  841.72 2942.73 99.999  9.999 18.645   0   0 9.999 1016   0 0.080
 63240  721.21 2943.51 21.378  2.225 19.154  74   0 0.229 1008   2 0.094
 63241  807.06 2943.99 21.288  2.354 18.934  73   1 0.240 1000   3 0.172
 63242  811.08 2941.17 99.999  9.999 18.018   0   0 9.999 1047   1 0.167
 63244  650.53 2945.47 21.317  2.249 19.068  72   0 0.200 1007   3 0.091
 63245  675.52 2945.89 99.999  9.999 19.143   0   0 9.999 1006   1 0.098
 63246  766.18 2945.33 21.934  2.914 19.020  73   0 0.395  988   4 0.162
 63247  595.35 2948.47 99.999  9.999 18.659   0   0 9.999  970   1 0.267
 63248  758.81 2946.30 99.999  9.999 19.482   0   0 9.999  970   0 0.214
 63250  737.80 2948.70 21.014  2.206 18.808  76   0 0.150 1009   1 0.074
 63252  580.53 2952.43 99.999  9.999 18.710   0   0 9.999 1007   2 0.198
 63253  576.76 2948.85 99.999  9.999 18.918   0   0 9.999 1019   1 0.238
 63254  785.76 2948.72 21.874  2.526 19.348  75   0 0.376 1012   1 0.151
 63257  765.14 2951.12 22.086  2.618 19.468  64   0 0.402 1003   1 0.181
 63260  822.95 2954.86 21.162  2.010 19.152  75   0 0.226 1012   1 0.112
 63261  593.90 2957.30 21.045  2.227 18.818  78   0 0.216 1006   3 0.140
 63263  589.97 2959.35 21.343  2.169 19.174  77   1 0.280 1005   3 0.167
 63265  697.18 2959.00 21.358  2.205 19.153  75   0 0.223 1007   1 0.091
 63266  775.98 2958.85 21.140  2.396 18.744  76   0 0.183 1014   1 0.078
 63267  835.81 2960.35 20.833  1.853 18.980  75   0 0.144 1017   2 0.102
 63270  688.02 2962.07 21.606  2.300 19.306  72   0 0.280 1000   3 0.108
 63271  705.20 2962.36 21.616  2.260 19.356  73   0 0.217 1013   2 0.113
 63272  844.88 2963.06 21.280  2.026 19.253  78   0 0.222 1006   1 0.107
 63274  553.26 2964.63 21.758  2.377 19.381  73   0 0.340 1002   1 0.146
 63275  633.56 2965.84 21.122  2.324 18.798  75   1 0.156 1018   1 0.087
 63276  737.09 2964.79 99.999  9.999 18.676   0   0 9.999 1020   2 0.081
 63278  725.59 2968.67 21.130  2.341 18.789  76   0 0.185 1010   2 0.070
 63280  842.87 2967.85 20.641  1.518 19.123  78   0 0.141 1011   2 0.104
 63282  659.93 2969.19 21.583  2.159 19.424  76   0 0.271 1007   2 0.127
 63285  576.56 2971.38 20.635  2.003 18.632  75   1 0.120 1010   4 0.063
 63287  615.44 2971.42 21.286  2.287 18.999  75   0 0.204 1007   3 0.087
 63289  786.80 2974.17 21.003  2.008 18.995  75   0 0.193 1012   5 0.092
 63290  640.70 2976.70 21.720  2.321 19.398  75   0 0.288 1011   4 0.132
 63291  694.50 2977.21 22.022  2.915 19.107  75   0 0.467 1007   4 0.087
 63292  814.76 2978.42 20.791  1.985 18.807  76   0 0.137 1011   1 0.072
 63293  823.17 2982.14 21.316  2.459 18.856  73   0 0.203 1016   1 0.078
 63296  821.69 2977.28 99.999  9.999 19.719   0   0 9.999 1016   0 0.183
 63297  827.08 2977.94 99.999  9.999 19.121   0   0 9.999 1013   3 0.102
 63300  605.59 2979.15 21.162  2.102 19.060  73   0 0.163 1012   1 0.090
 63302  558.43 2980.85 20.881  2.487 18.395  79   0 0.186 1013   5 0.072
 63303  700.51 2979.91 21.566  2.412 19.154  72   0 0.291 1008   3 0.095
 63304  740.33 2981.84 21.740  2.377 19.364  76   0 0.364 1008   0 0.115
 63307  622.54 2982.73 21.459  2.366 19.093  77   0 0.258 1011   2 0.098
 63310  616.80 2987.04 20.831  2.104 18.727  78   0 0.154 1012   3 0.070
 63312  590.73 2985.09 21.446  2.038 19.408  72   0 0.269 1010   2 0.129
 63313  826.34 2987.30 21.270  2.220 19.050  75   0 0.200 1009   2 0.091
 63316  612.87 2987.62 99.999  9.999 19.464   0   0 9.999 1007   3 0.140
 63319  573.65 2990.20 21.266  1.778 19.488  75   0 0.230 1004   1 0.136
 63321  596.71 2990.36 21.645  2.384 19.261  76   0 0.276 1004   0 0.103
 63322  618.51 2990.62 21.207  2.247 18.961  77   0 0.258 1008   4 0.086
 63323  667.26 2989.94 21.695  2.521 19.174  79   0 0.273 1011   4 0.107
 63324  745.59 2991.13 21.318  2.527 18.791  73   0 0.186 1009   1 0.066
 63327  755.05 2992.79 21.702  2.157 19.546  73   0 0.340 1013   2 0.144
 63330  555.95 2994.71 99.999  9.999 19.480   0   0 9.999 1006   3 0.136
 63331  760.56 2995.23 20.976  2.275 18.702  76   0 0.186 1018   2 0.082
 63334  714.23 2997.46 21.500  2.329 19.171  78   0 0.253 1013   2 0.097
 63340  557.02 3000.81 21.157  2.322 18.835  79   0 0.212 1015   1 0.074
 63341  565.45 3001.62 20.914  1.991 18.923  76   0 0.129 1011   3 0.083
 63342  670.27 3001.30 21.676  2.692 18.984  76   0 0.312 1008   1 0.085
 63344  629.99 3001.93 20.983  2.230 18.753  76   0 0.149 1008   2 0.068
 63345  664.92 3000.69 21.794  2.549 19.245  75   0 0.284 1005   4 0.105
 63347  806.98 3002.38 99.999  9.999 19.420   0   0 9.999 1014   1 0.127
 63349  820.71 3004.42 20.867  2.118 18.749  74   0 0.155 1008   1 0.070
 63350  842.48 3003.54 21.717  2.422 19.295  77   0 0.271 1010   3 0.103
 63351  836.33 3005.02 21.400  2.345 19.055  75   0 0.231 1006   3 0.086
 63355  733.66 3005.55 21.788  2.450 19.339  73   0 0.234 1005   1 0.112
 63356  746.89 3005.16 21.512  2.201 19.311  76   0 0.242 1009   4 0.112
 63358  601.88 3007.20 20.648  2.081 18.567  75   0 0.103 1010   1 0.058
 63363  666.68 3009.92 21.248  2.001 19.247  77   0 0.170 1007   2 0.107
 63366  845.89 3011.73 21.009  2.199 18.810  74   0 0.140 1009   1 0.069
 63369  809.75 3013.07 21.275  2.288 18.987  75   0 0.190 1010   4 0.081
 63370  681.46 3013.05 21.314  2.177 19.136  78   0 0.244 1004   2 0.085
 63371  714.18 3013.50 21.313  2.362 18.951  77   0 0.215 1014   3 0.082
 63372  803.25 3014.47 21.478  2.320 19.158  73   0 0.230 1009   2 0.098
 63374  602.73 3015.16 21.072  1.746 19.326  73   0 0.129 1008   3 0.113
 63377  739.21 3015.89 21.653  2.466 19.187  73   0 0.280 1012   4 0.096
 64153  580.75 2956.46 21.316  1.850 19.466  78   1 0.310  972   1 0.268
 64156  672.14 2818.95 99.999  9.999 19.777   0   0 9.999 1011   2 0.179
 64159  750.93 2846.11 99.999  9.999 19.860   0   0 9.999 1010   1 0.186
 64161  772.96 2834.48 21.909  2.225 19.684  74   0 0.309 1009   1 0.163
 64164  565.59 2971.78 99.999  9.999 19.265   0   0 9.999 1020   0 0.153
 64165  801.52 3002.89 20.453  1.614 18.840  76   0 0.093 1011   5 0.077
 64167  629.12 3016.20 21.311  1.485 19.826  79   1 0.194  999   2 0.245
 64188  660.19 2901.91 99.999  9.999 19.912   0   0 9.999  980   0 0.236
 64189  566.23 2980.81 99.999  9.999 19.711   0   0 9.999 1012   2 0.198
 64198  585.99 2820.64 99.999  9.999 19.745   0   0 9.999 1010   1 0.199
 64199  813.76 2825.69 21.240  1.949 19.291  75   0 0.225 1012   2 0.124
 64200  692.51 2841.13 99.999  9.999 19.687   0   0 9.999 1005   4 0.159
 64201  554.27 2851.98 99.999  9.999 20.059   0   0 9.999 1001   1 0.327
 64203  601.59 2864.82 99.999  9.999 19.932   0   0 9.999  999   1 0.212
 64205  558.86 2882.29 99.999  9.999 19.855   0   0 9.999  998   1 0.193
 64206  641.99 2886.41 21.249  1.867 19.382  77   0 0.181 1010   3 0.122
 64212  642.59 2915.18 99.999  9.999 19.472   0   0 9.999 1008   2 0.136
 64215  704.65 2937.05 99.999  9.999 20.071   0   0 9.999 1010   2 0.229
 64217  833.33 2960.42 99.999  9.999 19.930   0   0 9.999 1023   0 0.234
 64218  701.87 2960.60 99.999  9.999 19.943   0   0 9.999 1014   1 0.197
 64219  785.04 2980.22 21.803  2.286 19.517  77   0 0.313 1013   2 0.145
 64223  607.57 3013.87 21.946  1.848 20.098  73   0 0.329 1000   2 0.246
 64263  685.75 2812.80 21.333  2.113 19.219  75   0 0.247 1008   1 0.107
 64264  567.36 2811.75 99.999  9.999 19.984   0   0 9.999 1013   0 0.217
 64266  713.87 2811.06 99.999  9.999 19.646   0   0 9.999 1011   1 0.171
 64267  776.27 2812.26 99.999  9.999 19.990   0   0 9.999 1002   1 0.204
 64268  800.97 2812.77 99.999  9.999 19.836   0   0 9.999 1012   3 0.192
 64269  656.45 2811.80 99.999  9.999 19.806   0   0 9.999 1008   0 0.245
 64270  698.21 2815.24 99.999  9.999 20.038   0   0 9.999 1008   1 0.206
 64271  759.88 2815.06 99.999  9.999 19.814   0   0 9.999 1013   2 0.176
 64278  637.40 2814.29 99.999  9.999 20.027   0   0 9.999 1006   2 0.219
 64279  727.63 2815.36 99.999  9.999 19.492   0   0 9.999 1024   2 0.183
 64280  790.29 2817.42 21.721  2.217 19.504  75   0 0.243 1010   2 0.130
 64282  617.05 2817.21 99.999  9.999 19.709   0   0 9.999 1006   0 0.163
 64286  592.16 2818.37 21.863  2.456 19.407  74   0 0.317 1013   1 0.119
 64287  805.42 2818.16 99.999  9.999 19.606   0   0 9.999 1013   1 0.149
 64289  608.37 2820.01 99.999  9.999 19.777   0   0 9.999 1004   2 0.157
 64290  718.79 2818.57 22.110  2.082 20.027  72   0 0.348 1007   3 0.221
 64291  762.99 2819.01 99.999  9.999 19.646   0   0 9.999 1009   5 0.146
 64295  660.81 2818.80 99.999  9.999 19.832   0   0 9.999 1011   0 0.184
 64297  751.21 2820.58 99.999  9.999 20.003   0   0 9.999  998   3 0.192
 64298  709.54 2822.48 21.900  2.165 19.735  74   0 0.370 1018   0 0.180
 64300  559.54 2826.25 99.999  9.999 19.231   0   0 9.999 1004   1 0.108
 64301  600.57 2825.63 21.712  2.294 19.418  75   0 0.332 1014   1 0.148
 64302  622.38 2822.52 99.999  9.999 19.978   0   0 9.999 1008   0 0.223
 64303  770.74 2823.95 99.999  9.999 19.337   0   0 9.999 1013   2 0.121
 64306  552.52 2823.35 99.999  9.999 20.477   0   0 9.999  983   2 0.312
 64307  825.72 2824.65 99.999  9.999 19.715   0   0 9.999 1003   3 0.174
 64312  606.73 2828.99 99.999  9.999 19.832   0   0 9.999 1008   2 0.196
 64313  663.23 2826.35 99.999  9.999 19.688   0   0 9.999 1011   1 0.179
 64314  730.11 2825.31 99.999  9.999 19.649   0   0 9.999 1011   1 0.153
 64315  835.29 2826.52 99.999  9.999 19.978   0   0 9.999  998   2 0.203
 64316  576.46 2827.37 21.742  1.983 19.759  72   0 0.237 1008   2 0.177
 64317  736.09 2826.99 21.924  2.208 19.716  75   0 0.330 1006   4 0.144
 64319  596.87 2828.48 99.999  9.999 19.582   0   0 9.999 1022   1 0.179
 64320  631.85 2827.63 99.999  9.999 19.862   0   0 9.999 1005   0 0.194
 64321  655.97 2830.05 99.999  9.999 19.476   0   0 9.999 1007   3 0.138
 64322  670.55 2827.32 99.999  9.999 19.902   0   0 9.999 1008   1 0.196
 64323  754.37 2829.45 99.999  9.999 19.789   0   0 9.999 1009   2 0.172
 64327  645.58 2829.00 99.999  9.999 19.593   0   0 9.999 1008   1 0.158
 64328  846.34 2828.52 20.989  1.421 19.568  80   0 0.209 1008   1 0.155
 64332  692.94 2831.00 21.881  2.266 19.615  76   0 0.286 1004   1 0.146
 64334  822.72 2832.20 99.999  9.999 19.921   0   0 9.999 1010   1 0.230
 64337  720.28 2833.64 99.999  9.999 19.743   0   0 9.999 1012   0 0.171
 64338  747.93 2830.90 99.999  9.999 20.020   0   0 9.999 1009   3 0.194
 64339  816.71 2836.34 99.999  9.999 19.733   0   0 9.999 1016   0 0.244
 64343  784.73 2834.13 21.694  2.361 19.334  73   0 0.250 1005   3 0.107
 64344  790.63 2834.80 99.999  9.999 19.648   0   0 9.999 1006   1 0.142
 64347  561.90 2834.81 99.999  9.999 20.149   0   0 9.999 1008   0 0.272
 64350  685.18 2836.43 21.962  2.534 19.429  73   0 0.347 1008   2 0.127
 64351  835.85 2840.37 21.162  1.552 19.610  76   0 0.239 1008   0 0.187
 64355  610.65 2836.36 99.999  9.999 20.419   0   0 9.999  987   0 0.290
 64356  807.10 2835.80 22.107  1.889 20.218  65   0 0.548  996   0 0.286
 64357  843.68 2837.87 20.910  0.994 19.916  72   0 0.201 1009   0 0.251
 64358  848.71 2836.85 99.999  9.999 21.096   0   0 9.999  891   0 0.570
 64359  730.03 2838.62 21.784  2.436 19.348  71   0 0.285 1010   4 0.117
 64360  734.63 2837.44 99.999  9.999 19.890   0   0 9.999 1012   0 0.205
 64361  801.56 2838.09 99.999  9.999 19.947   0   0 9.999 1008   2 0.209
 64362  822.22 2839.30 99.999  9.999 19.956   0   0 9.999 1004   3 0.244
 64367  619.71 2838.96 99.999  9.999 19.719   0   0 9.999 1004   2 0.161
 64368  667.61 2842.33 21.826  1.967 19.859  71   0 0.356 1006   3 0.199
 64369  741.04 2838.38 99.999  9.999 20.089   0   0 9.999 1007   1 0.230
 64370  795.90 2837.44 99.999  9.999 19.905   0   0 9.999 1015   2 0.189
 64371  647.06 2838.20 99.999  9.999 19.546   0   0 9.999 1030   1 0.207
 64372  677.55 2843.27 22.047  2.297 19.750  74   0 0.420 1007   2 0.178
 64376  723.25 2841.19 99.999  9.999 20.173   0   0 9.999 1004   1 0.267
 64379  554.47 2841.76 99.999  9.999 20.294   0   0 9.999  975   0 0.320
 64380  770.98 2842.91 99.999  9.999 19.764   0   0 9.999 1001   1 0.151
 64383  805.05 2842.76 99.999  9.999 19.851   0   0 9.999 1011   1 0.201
 64384  832.51 2842.41 99.999  9.999 19.776   0   0 9.999 1006   1 0.218
 64385  611.01 2844.46 99.999  9.999 19.592   0   0 9.999 1006   1 0.155
 64386  841.71 2845.29 20.971  1.788 19.183  74   0 0.238 1019   2 0.180
 64390  649.96 2844.05 99.999  9.999 19.751   0   0 9.999 1012   1 0.168
 64391  702.51 2847.69 99.999  9.999 19.735   0   0 9.999  982   1 0.227
 64392  732.39 2846.09 99.999  9.999 20.113   0   0 9.999 1001   0 0.246
 64395  848.62 2847.31 99.999  9.999 19.762   0   0 9.999 1006   0 0.398
 64398  601.55 2847.74 99.999  9.999 20.057   0   0 9.999  998   0 0.233
 64399  642.89 2848.98 99.999  9.999 19.652   0   0 9.999 1007   3 0.149
 64400  680.55 2850.67 99.999  9.999 19.818   0   0 9.999 1013   2 0.203
 64401  684.42 2848.84 99.999  9.999 19.671   0   0 9.999 1021   0 0.170
 64402  616.59 2849.08 99.999  9.999 20.124   0   0 9.999 1007   2 0.270
 64403  764.39 2850.19 22.308  2.712 19.596  69   0 0.431 1010   3 0.150
 64404  737.80 2854.55 99.999  9.999 20.360   0   0 9.999  975   1 0.321
 64407  784.55 2851.93 99.999  9.999 19.648   0   0 9.999 1009   3 0.175
 64408  829.38 2852.79 21.384  1.186 20.198  71   0 0.371  861   0 0.410
 64410  699.32 2852.59 99.999  9.999 19.583   0   0 9.999  988   3 0.166
 64411  817.46 2853.11 21.766  1.433 20.333  74   0 0.390  956   0 0.359
 64414  687.03 2854.48 99.999  9.999 20.086   0   0 9.999 1011   0 0.235
 64415  800.83 2853.73 99.999  9.999 20.081   0   0 9.999 1003   0 0.227
 64417  708.88 2853.78 99.999  9.999 19.425   0   0 9.999  961   0 0.342
 64421  750.22 2858.17 99.999  9.999 19.993   0   0 9.999  996   0 0.216
 64425  631.56 2860.46 99.999  9.999 19.447   0   0 9.999 1005   2 0.133
 64426  683.38 2861.95 99.999  9.999 19.862   0   0 9.999 1010   1 0.189
 64431  578.92 2861.02 21.621  2.137 19.484  72   1 0.293 1003   2 0.131
 64432  659.82 2860.98 99.999  9.999 19.782   0   0 9.999 1010   0 0.183
 64435  583.32 2862.39 99.999  9.999 19.518   0   0 9.999 1006   1 0.226
 64442  708.73 2863.43 99.999  9.999 20.481   0   0 9.999  993   0 0.321
 64443  822.28 2864.17 99.999  9.999 18.671   0   0 9.999 1021   1 0.152
 64445  665.86 2865.80 99.999  9.999 19.563   0   0 9.999 1022   2 0.168
 64446  798.70 2862.00 99.999  9.999 19.996   0   0 9.999 1000   3 0.220
 64448  615.86 2865.52 99.999  9.999 20.252   0   0 9.999  985   1 0.304
 64449  744.82 2866.80 99.999  9.999 19.592   0   0 9.999 1019   2 0.217
 64450  788.44 2867.21 21.985  2.107 19.878  67   0 0.394 1019   0 0.221
 64454  676.73 2866.72 99.999  9.999 20.142   0   0 9.999  993   2 0.221
 64456  724.41 2869.64 99.999  9.999 19.864   0   0 9.999  998   0 0.230
 64457  781.50 2869.67 99.999  9.999 19.014   0   0 9.999 1035   0 0.147
 64460  824.39 2869.32 99.999  9.999 19.174   0   0 9.999 1013   0 0.281
 64462  632.84 2871.42 22.015  2.038 19.977  79   0 0.374 1009   0 0.215
 64463  729.86 2870.15 99.999  9.999 19.502   0   0 9.999 1006   3 0.230
 64466  564.86 2871.83 22.055  2.292 19.763  70   0 0.337 1027   2 0.173
 64468  558.32 2872.26 99.999  9.999 20.107   0   0 9.999 1005   0 0.239
 64469  794.22 2875.20 99.999  9.999 19.587   0   0 9.999  977   0 0.304
 64470  797.88 2872.36 21.609  2.062 19.546  78   0 0.304 1025   0 0.209
 64471  828.01 2873.41 20.881  1.716 19.165  79   0 0.341 1015   0 0.334
 64473  625.22 2877.08 99.999  9.999 19.507   0   0 9.999 1013   0 0.184
 64474  626.85 2873.75 99.999  9.999 19.786   0   0 9.999 1016   0 0.199
 64477  689.68 2874.60 99.999  9.999 19.885   0   0 9.999 1021   0 0.212
 64478  696.35 2873.22 99.999  9.999 20.063   0   0 9.999 1015   1 0.219
 64481  667.58 2875.66 99.999  9.999 19.986   0   0 9.999 1013   3 0.221
 64483  659.16 2877.35 99.999  9.999 19.941   0   0 9.999 1008   0 0.217
 64484  800.09 2880.45 99.999  9.999 19.373   0   0 9.999  980   0 0.298
 64487  626.24 2881.76 99.999  9.999 19.820   0   0 9.999 1000   3 0.218
 64488  782.23 2880.67 99.999  9.999 19.851   0   0 9.999  751   0 0.701
 64491  728.34 2880.66 99.999  9.999 19.786   0   0 9.999  985   1 0.191
 64493  620.74 2883.33 99.999  9.999 18.853   0   0 9.999 1027   1 0.132
 64494  631.87 2885.34 99.999  9.999 19.506   0   0 9.999 1001   3 0.133
 64495  767.28 2883.42 99.999  9.999 19.400   0   0 9.999 1009   2 0.149
 64496  779.32 2884.14 99.999  9.999 19.745   0   0 9.999  826   0 0.600
 64497  794.10 2882.83 99.999  9.999 18.811   0   0 9.999  751   0 0.743
 64498  662.98 2885.08 21.940  2.517 19.423  72   0 0.274 1011   4 0.141
 64499  716.21 2884.14 21.777  2.197 19.580  75   0 0.272 1020   0 0.148
 64503  649.34 2884.86 99.999  9.999 20.067   0   0 9.999 1008   1 0.209
 64505  552.93 2885.47 99.999  9.999 19.854   0   0 9.999 1000   0 0.208
 64506  591.35 2883.44 99.999  9.999 19.086   0   0 9.999 1033   0 0.137
 64507  700.28 2886.25 21.851  2.184 19.667  71   0 0.349 1000   1 0.154
 64508  729.96 2886.37 21.808  2.200 19.607  73   0 0.312 1005   0 0.160
 64510  799.93 2888.43 99.999  9.999 19.636   0   0 9.999  855   0 0.588
 64512  562.93 2888.04 99.999  9.999 19.285   0   0 9.999 1020   2 0.158
 64515  604.12 2888.79 99.999  9.999 19.784   0   0 9.999  996   0 0.182
 64516  627.26 2888.94 99.999  9.999 19.776   0   0 9.999  996   0 0.191
 64517  660.38 2889.51 99.999  9.999 20.311   0   0 9.999  991   0 0.301
 64518  717.83 2889.72 21.851  2.324 19.527  75   0 0.320 1009   2 0.137
 64520  650.39 2889.92 99.999  9.999 20.369   0   0 9.999  999   0 0.299
 64521  671.61 2890.11 99.999  9.999 19.871   0   0 9.999  998   2 0.203
 64522  744.74 2890.87 22.084  2.465 19.619  73   0 0.410 1009   1 0.185
 64524  581.01 2889.75 99.999  9.999 20.343   0   0 9.999  961   2 0.362
 64531  801.01 2894.04 99.999  9.999 19.540   0   0 9.999  944   0 0.345
 64532  784.27 2893.95 99.999  9.999 18.852   0   0 9.999  711   0 0.799
 64533  807.82 2894.01 21.597  2.112 19.485  65   0 0.517  975   0 0.259
 64536  630.80 2895.82 99.999  9.999 19.983   0   0 9.999 1003   1 0.205
 64537  827.37 2895.89 99.999  9.999 19.902   0   0 9.999  988   1 0.284
 64539  581.62 2899.48 99.999  9.999 19.410   0   0 9.999 1006   2 0.203
 64540  682.47 2896.74 99.999  9.999 19.973   0   0 9.999 1006   0 0.218
 64543  578.71 2894.71 99.999  9.999 20.024   0   0 9.999  998   0 0.219
 64544  791.78 2894.70 99.999  9.999 18.624   0   0 9.999  740   0 0.801
 64547  557.82 2897.72 99.999  9.999 19.953   0   0 9.999  999   1 0.309
 64550  736.00 2898.69 99.999  9.999 19.865   0   0 9.999  999   2 0.185
 64551  700.23 2899.06 99.999  9.999 20.403   0   0 9.999  995   1 0.283
 64552  600.81 2899.25 99.999  9.999 20.159   0   0 9.999 1004   2 0.249
 64554  805.99 2902.71 21.132  1.478 19.653  70   0 0.351 1003   1 0.218
 64561  558.89 2904.59 22.239  2.435 19.804  67   0 0.397 1001   3 0.178
 64565  635.81 2905.41 99.999  9.999 19.529   0   0 9.999 1014   2 0.137
 64566  725.59 2903.77 99.999  9.999 20.312   0   0 9.999 1004   1 0.281
 64567  572.17 2906.77 99.999  9.999 19.720   0   0 9.999 1007   0 0.161
 64568  834.40 2905.29 21.425  1.320 20.106  69   0 0.357  970   0 0.393
 64573  581.47 2907.27 99.999  9.999 19.898   0   0 9.999 1011   1 0.288
 64574  597.81 2905.58 99.999  9.999 19.941   0   0 9.999 1008   2 0.204
 64575  690.89 2907.14 99.999  9.999 20.115   0   0 9.999 1004   1 0.233
 64576  796.40 2908.18 21.108  1.737 19.371  72   1 0.218 1020   0 0.177
 64583  722.58 2908.16 99.999  9.999 20.555   0   0 9.999 1005   0 0.327
 64584  848.26 2908.11 99.999  9.999 19.732   0   0 9.999  950   0 0.317
 64586  614.03 2911.02 99.999  9.999 19.476   0   0 9.999 1021   1 0.157
 64587  647.14 2910.05 21.892  2.452 19.440  75   0 0.402 1017   3 0.141
 64588  728.11 2909.24 99.999  9.999 20.036   0   0 9.999 1008   1 0.221
 64591  618.57 2911.05 99.999  9.999 19.679   0   0 9.999 1011   2 0.162
 64592  629.95 2911.63 99.999  9.999 19.874   0   0 9.999 1001   2 0.185
 64593  652.09 2911.24 99.999  9.999 19.888   0   0 9.999 1010   2 0.216
 64594  758.21 2911.81 22.067  2.431 19.636  72   0 0.451 1003   0 0.183
 64596  823.71 2911.06 99.999  9.999 19.802   0   0 9.999 1012   1 0.241
 64599  834.89 2916.14 99.999  9.999 19.354   0   0 9.999 1013   1 0.162
 64602  584.53 2917.03 99.999  9.999 19.937   0   0 9.999 1014   0 0.337
 64603  686.23 2915.99 99.999  9.999 18.881   0   0 9.999  997   1 0.219
 64608  673.78 2915.83 99.999  9.999 20.076   0   0 9.999  939   0 0.337
 64609  717.92 2916.87 99.999  9.999 20.349   0   0 9.999 1002   0 0.277
 64610  844.82 2917.61 99.999  9.999 19.494   0   0 9.999  981   0 0.223
 64613  605.12 2920.18 22.104  2.737 19.368  69   0 0.392 1013   1 0.123
 64614  692.57 2920.84 99.999  9.999 19.680   0   0 9.999 1014   2 0.187
 64615  793.84 2920.48 21.710  2.157 19.553  78   0 0.344 1006   1 0.201
 64618  551.18 2922.28 21.669  2.344 19.325  75   0 0.292 1006   2 0.129
 64619  810.28 2922.59 21.250  1.398 19.853  70   0 0.355  967   0 0.357
 64620  696.11 2920.64 99.999  9.999 19.891   0   0 9.999 1001   2 0.194
 64625  558.93 2923.10 99.999  9.999 19.829   0   0 9.999 1018   1 0.207
 64626  572.99 2924.47 22.024  2.644 19.380  70   0 0.352 1014   3 0.123
 64627  619.82 2922.87 99.999  9.999 19.503   0   0 9.999 1008   1 0.146
 64628  708.36 2923.24 21.851  2.228 19.623  76   1 0.318 1014   3 0.164
 64629  742.84 2924.12 99.999  9.999 19.696   0   0 9.999 1010   1 0.160
 64630  762.91 2923.69 99.999  9.999 20.035   0   0 9.999  957   0 0.320
 64632  768.13 2924.29 99.999  9.999 19.878   0   0 9.999  973   0 0.337
 64633  668.88 2925.37 22.185  2.524 19.661  72   0 0.427 1000   1 0.175
 64634  791.18 2924.32 99.999  9.999 19.661   0   0 9.999  999   1 0.201
 64636  692.00 2925.23 99.999  9.999 19.567   0   0 9.999 1015   0 0.217
 64637  801.55 2926.99 99.999  9.999 19.666   0   0 9.999  995   1 0.356
 64640  817.35 2926.26 99.999  9.999 20.080   0   0 9.999  909   0 0.380
 64641  843.52 2927.06 21.059  1.639 19.420  74   0 0.176 1001   2 0.154
 64643  601.76 2928.42 21.792  2.303 19.489  74   0 0.290 1019   2 0.149
 64644  824.01 2927.99 99.999  9.999 19.745   0   0 9.999  974   0 0.243
 64646  720.10 2929.47 99.999  9.999 19.898   0   0 9.999 1000   2 0.186
 64647  779.22 2930.80 99.999  9.999 19.477   0   0 9.999  996   0 0.232
 64650  584.58 2930.66 99.999  9.999 19.809   0   0 9.999  988   0 0.333
 64651  591.10 2929.20 99.999  9.999 20.068   0   0 9.999 1001   0 0.245
 64652  680.21 2931.19 22.324  2.822 19.502  68   0 0.405 1019   2 0.180
 64654  662.02 2930.28 99.999  9.999 19.546   0   0 9.999 1027   0 0.176
 64655  762.47 2931.39 99.999  9.999 19.438   0   0 9.999  944   0 0.408
 64656  795.54 2930.09 99.999  9.999 20.350   0   0 9.999  905   0 0.401
 64659  844.82 2931.62 21.297  1.709 19.588  71   0 0.207 1002   2 0.196
 64661  725.03 2931.13 99.999  9.999 20.126   0   0 9.999  998   0 0.213
 64662  646.27 2935.16 99.999  9.999 19.707   0   0 9.999 1011   0 0.165
 64663  668.06 2934.05 99.999  9.999 19.864   0   0 9.999 1019   0 0.230
 64665  781.46 2938.53 99.999  9.999 19.848   0   0 9.999  981   1 0.305
 64666  784.27 2935.17 99.999  9.999 19.595   0   0 9.999 1002   0 0.226
 64667  838.17 2935.35 99.999  9.999 19.655   0   0 9.999 1021   2 0.233
 64668  635.92 2938.22 21.695  2.102 19.593  78   0 0.313 1004   3 0.139
 64669  755.80 2937.08 21.991  2.653 19.338  68   0 0.336  964   1 0.214
 64670  776.85 2934.77 99.999  9.999 18.804   0   0 9.999 1031   1 0.260
 64671  553.51 2938.10 21.827  1.951 19.876  73   0 0.361 1010   0 0.266
 64672  589.48 2936.71 99.999  9.999 19.771   0   0 9.999  979   3 0.237
 64673  639.73 2935.61 99.999  9.999 20.184   0   0 9.999 1001   1 0.238
 64674  686.34 2937.64 99.999  9.999 19.510   0   0 9.999 1002   2 0.154
 64675  826.01 2937.16 21.743  2.127 19.615  71   0 0.409  976   0 0.230
 64679  595.78 2940.45 21.825  1.874 19.951  68   0 0.446  952   1 0.309
 64683  572.78 2940.62 99.999  9.999 19.587   0   0 9.999  991   1 0.220
 64684  621.43 2941.84 21.898  2.279 19.619  72   0 0.335 1012   1 0.171
 64685  777.62 2942.57 99.999  9.999 19.519   0   0 9.999 1009   0 0.244
 64687  731.84 2943.17 22.168  2.338 19.830  63   0 0.389 1013   2 0.172
 64688  761.46 2940.93 99.999  9.999 19.337   0   0 9.999  959   0 0.325
 64689  783.61 2940.57 99.999  9.999 19.693   0   0 9.999  996   1 0.220
 64690  847.93 2942.27 99.999  9.999 19.524   0   0 9.999 1002   5 0.143
 64691  655.94 2944.41 21.644  2.259 19.385  75   0 0.229 1008   4 0.120
 64692  820.55 2941.54 99.999  9.999 20.082   0   0 9.999  892   0 0.383
 64696  604.29 2944.41 99.999  9.999 20.145   0   0 9.999  998   0 0.295
 64697  695.59 2945.49 99.999  9.999 19.610   0   0 9.999 1014   0 0.151
 64698  716.19 2947.93 22.072  2.482 19.589  76   0 0.430 1003   3 0.135
 64699  727.18 2940.89 99.999  9.999 20.328   0   0 9.999 1002   0 0.269
 64702  598.16 2945.45 99.999  9.999 20.070   0   0 9.999  927   0 0.359
 64703  750.02 2944.64 99.999  9.999 19.589   0   0 9.999 1019   2 0.164
 64704  771.77 2943.32 99.999  9.999 19.027   0   0 9.999 1027   0 0.227
 64705  815.80 2943.63 99.999  9.999 19.636   0   0 9.999  987   0 0.299
 64713  704.44 2946.69 99.999  9.999 20.175   0   0 9.999 1006   1 0.230
 64714  795.74 2946.21 22.249  2.027 20.222  72   0 0.479  962   0 0.330
 64718  807.18 2947.90 99.999  9.999 19.626   0   0 9.999  966   1 0.229
 64719  668.35 2951.28 21.856  2.220 19.637  77   0 0.346 1008   2 0.145
 64720  732.61 2950.85 21.713  2.116 19.597  75   0 0.252 1010   1 0.164
 64721  742.29 2950.28 99.999  9.999 19.792   0   0 9.999 1007   0 0.180
 64722  834.21 2950.07 99.999  9.999 20.160   0   0 9.999 1009   1 0.277
 64726  628.55 2954.28 22.101  2.404 19.697  74   0 0.365 1004   2 0.162
 64729  556.37 2951.61 99.999  9.999 19.979   0   0 9.999 1024   0 0.249
 64730  568.81 2951.86 21.788  1.982 19.806  67   0 0.344  975   0 0.211
 64731  761.20 2949.97 99.999  9.999 20.047   0   0 9.999  972   0 0.255
 64732  770.31 2949.46 99.999  9.999 20.174   0   0 9.999  968   0 0.341
 64734  687.09 2952.00 99.999  9.999 19.956   0   0 9.999 1009   1 0.190
 64735  716.58 2952.46 99.999  9.999 19.955   0   0 9.999 1008   2 0.209
 64736  727.83 2952.39 99.999  9.999 20.046   0   0 9.999  996   1 0.238
 64737  801.02 2952.88 99.999  9.999 19.866   0   0 9.999 1008   2 0.204
 64739  634.03 2953.75 99.999  9.999 20.078   0   0 9.999 1003   0 0.233
 64743  605.82 2953.28 99.999  9.999 20.108   0   0 9.999 1000   0 0.258
 64744  734.66 2954.84 99.999  9.999 19.627   0   0 9.999 1012   0 0.181
 64745  771.33 2954.53 99.999  9.999 19.723   0   0 9.999 1017   1 0.203
 64747  616.82 2956.86 99.999  9.999 19.903   0   0 9.999 1008   0 0.197
 64748  648.29 2956.56 99.999  9.999 19.869   0   0 9.999 1010   1 0.184
 64749  785.04 2956.14 99.999  9.999 20.021   0   0 9.999 1016   1 0.239
 64754  672.73 2957.96 21.254  1.628 19.626  75   0 0.190 1013   2 0.154
 64755  718.32 2958.50 99.999  9.999 19.918   0   0 9.999 1001   2 0.197
 64756  843.91 2958.34 21.873  2.101 19.772  70   0 0.381 1006   0 0.169
 64760  602.72 2957.07 21.006  1.636 19.370  76   0 0.176 1018   2 0.149
 64761  657.89 2961.24 21.768  2.041 19.727  74   0 0.226 1005   1 0.168
 64762  817.88 2957.31 99.999  9.999 20.257   0   0 9.999 1009   0 0.293
 64763  824.02 2958.83 99.999  9.999 19.911   0   0 9.999 1005   1 0.196
 64765  810.40 2958.83 99.999  9.999 19.922   0   0 9.999 1012   0 0.220
 64769  584.99 2960.67 21.638  2.062 19.576  74   1 0.301  980   1 0.316
 64770  595.77 2959.85 99.999  9.999 20.036   0   0 9.999  985   0 0.292
 64772  614.96 2962.43 22.116  2.675 19.441  73   0 0.436 1007   3 0.129
 64773  681.33 2961.03 99.999  9.999 20.529   0   0 9.999  989   1 0.297
 64775  571.92 2962.34 22.062  2.219 19.843  72   0 0.428  987   3 0.183
 64776  590.65 2964.46 21.781  2.252 19.528  70   0 0.404 1003   1 0.154
 64777  670.55 2962.84 21.817  1.914 19.903  71   1 0.272 1006   0 0.193
 64778  781.17 2963.50 99.999  9.999 19.499   0   0 9.999 1011   2 0.148
 64783  761.12 2965.51 22.041  2.391 19.650  68   0 0.389 1011   3 0.154
 64784  794.45 2964.98 21.895  2.452 19.443  71   0 0.385 1008   3 0.126
 64786  684.68 2965.62 99.999  9.999 19.723   0   0 9.999 1001   2 0.160
 64787  822.78 2965.04 99.999  9.999 19.946   0   0 9.999 1001   2 0.199
 64792  674.82 2966.94 99.999  9.999 19.779   0   0 9.999 1005   2 0.173
 64794  594.94 2967.43 21.828  2.222 19.606  72   0 0.344 1002   2 0.153
 64795  741.73 2967.12 99.999  9.999 20.114   0   0 9.999 1003   0 0.236
 64796  754.35 2966.52 99.999  9.999 20.282   0   0 9.999  996   1 0.260
 64798  559.97 2969.30 99.999  9.999 19.378   0   0 9.999 1022   1 0.224
 64799  704.22 2970.04 99.999  9.999 19.933   0   0 9.999 1002   1 0.192
 64803  716.87 2969.57 99.999  9.999 20.138   0   0 9.999 1006   0 0.242
 64804  815.67 2969.91 99.999  9.999 20.087   0   0 9.999 1009   1 0.228
 64807  629.97 2972.20 99.999  9.999 20.110   0   0 9.999 1002   0 0.269
 64808  646.79 2971.46 99.999  9.999 20.061   0   0 9.999  998   1 0.209
 64811  721.98 2973.06 99.999  9.999 19.894   0   0 9.999 1008   3 0.188
 64813  810.98 2975.15 99.999  9.999 19.821   0   0 9.999 1013   1 0.181
 64815  591.35 2975.71 99.999  9.999 20.023   0   0 9.999 1009   2 0.226
 64816  610.14 2976.88 22.013  2.350 19.664  73   0 0.381 1016   0 0.157
 64817  619.57 2975.02 99.999  9.999 20.477   0   0 9.999  997   0 0.301
 64823  713.47 2978.01 21.671  2.111 19.560  70   0 0.227 1008   2 0.133
 64824  741.93 2976.49 99.999  9.999 20.082   0   0 9.999 1001   0 0.226
 64825  757.49 2975.60 99.999  9.999 19.871   0   0 9.999 1017   1 0.223
 64829  796.71 2978.77 21.620  2.301 19.319  71   0 0.252 1003   1 0.132
 64832  686.81 2978.57 99.999  9.999 20.014   0   0 9.999 1011   1 0.207
 64833  765.45 2979.69 99.999  9.999 19.622   0   0 9.999 1005   0 0.147
 64834  806.40 2978.65 99.999  9.999 19.930   0   0 9.999  999   3 0.188
 64835  817.22 2977.63 99.999  9.999 19.535   0   0 9.999 1012   1 0.148
 64838  708.40 2982.37 99.999  9.999 20.228   0   0 9.999 1010   2 0.241
 64839  843.43 2980.40 99.999  9.999 19.727   0   0 9.999 1007   3 0.162
 64845  616.03 2982.37 21.798  2.448 19.350  72   0 0.276 1006   2 0.119
 64846  649.61 2985.52 21.976  2.102 19.874  74   0 0.367 1009   1 0.181
 64847  648.21 2982.02 99.999  9.999 20.343   0   0 9.999 1007   0 0.275
 64848  677.49 2981.39 99.999  9.999 20.090   0   0 9.999 1002   0 0.235
 64849  800.04 2981.27 99.999  9.999 19.737   0   0 9.999 1004   2 0.203
 64850  828.35 2983.21 99.999  9.999 19.780   0   0 9.999 1017   1 0.186
 64854  569.73 2981.71 99.999  9.999 19.895   0   0 9.999 1008   0 0.217
 64855  664.83 2983.21 21.834  2.019 19.815  73   0 0.298 1002   3 0.194
 64858  736.81 2983.12 99.999  9.999 19.822   0   0 9.999 1009   0 0.170
 64864  812.94 2986.09 99.999  9.999 19.847   0   0 9.999 1008   1 0.179
 64865  557.01 2986.81 99.999  9.999 20.766   0   0 9.999  898   0 0.395
 64866  693.17 2987.05 99.999  9.999 19.925   0   0 9.999 1017   3 0.202
 64867  834.16 2987.43 99.999  9.999 19.666   0   0 9.999 1015   1 0.151
 64868  568.51 2988.81 99.999  9.999 19.320   0   0 9.999 1024   0 0.141
 64869  651.62 2987.93 99.999  9.999 19.866   0   0 9.999 1008   1 0.179
 64870  769.73 2988.60 21.857  2.367 19.490  74   0 0.362 1008   1 0.140
 64876  576.23 2990.50 99.999  9.999 19.556   0   0 9.999 1005   1 0.139
 64877  645.56 2989.97 99.999  9.999 19.950   0   0 9.999 1010   2 0.209
 64878  704.13 2989.98 99.999  9.999 19.720   0   0 9.999 1012   0 0.167
 64879  714.89 2991.11 21.981  2.329 19.652  74   0 0.400 1006   0 0.148
 64881  675.19 2991.32 99.999  9.999 19.835   0   0 9.999 1006   3 0.181
 64882  774.94 2990.85 99.999  9.999 19.779   0   0 9.999 1006   1 0.172
 64883  785.57 2991.56 21.601  2.215 19.387  69   0 0.238 1011   3 0.113
 64887  561.32 2993.08 99.999  9.999 20.522   0   0 9.999  970   0 0.320
 64888  659.54 2993.54 99.999  9.999 19.858   0   0 9.999 1010   3 0.205
 64889  697.01 2992.38 99.999  9.999 19.875   0   0 9.999 1002   1 0.175
 64890  807.90 2991.75 99.999  9.999 20.337   0   0 9.999  993   0 0.309
 64894  690.19 2993.75 99.999  9.999 20.034   0   0 9.999  999   1 0.202
 64895  826.39 2994.83 99.999  9.999 19.750   0   0 9.999 1009   3 0.178
 64898  678.01 2996.13 99.999  9.999 19.645   0   0 9.999 1014   3 0.177
 64899  703.18 2996.96 99.999  9.999 19.286   0   0 9.999 1024   0 0.143
 64900  744.30 3000.22 21.965  2.191 19.774  69   0 0.289 1011   1 0.168
 64901  744.37 2995.70 99.999  9.999 19.701   0   0 9.999 1008   0 0.150
 64902  847.18 2996.13 99.999  9.999 20.034   0   0 9.999 1008   0 0.215
 64906  604.16 2996.66 99.999  9.999 20.083   0   0 9.999  999   0 0.209
 64907  617.48 2997.39 21.546  2.260 19.286  75   1 0.216 1002   5 0.116
 64908  624.58 2997.97 99.999  9.999 19.888   0   0 9.999 1004   1 0.197
 64909  788.26 2997.59 99.999  9.999 19.955   0   0 9.999 1005   0 0.198
 64915  568.07 2999.95 99.999  9.999 19.394   0   0 9.999 1007   2 0.117
 64916  685.01 3000.49 99.999  9.999 19.799   0   0 9.999 1017   2 0.183
 64917  752.22 3001.28 22.054  2.330 19.723  69   0 0.340 1013   1 0.158
 64919  645.56 3001.49 99.999  9.999 19.574   0   0 9.999 1012   3 0.144
 64920  716.49 3001.99 99.999  9.999 19.484   0   0 9.999 1008   3 0.124
 64921  739.08 3000.59 99.999  9.999 19.985   0   0 9.999 1010   0 0.205
 64922  842.33 2999.84 99.999  9.999 19.993   0   0 9.999 1002   3 0.202
 64926  833.46 3000.89 99.999  9.999 19.953   0   0 9.999  997   1 0.201
 64927  771.02 3003.52 99.999  9.999 20.220   0   0 9.999  998   1 0.247
 64929  587.89 3004.02 21.857  2.041 19.815  75   1 0.297 1005   0 0.216
 64930  773.72 3003.18 99.999  9.999 20.085   0   0 9.999 1001   2 0.229
 64931  824.82 3005.41 99.999  9.999 19.900   0   0 9.999 1007   1 0.184
 64934  558.30 3003.80 99.999  9.999 19.782   0   0 9.999 1015   2 0.173
 64935  648.08 3006.41 21.730  2.140 19.590  77   0 0.275 1006   0 0.145
 64936  767.66 3006.33 21.846  2.291 19.555  72   0 0.322 1012   4 0.137
 64941  626.92 3007.54 99.999  9.999 19.886   0   0 9.999 1003   0 0.215
 64942  660.23 3007.41 21.929  2.273 19.656  72   0 0.350 1014   1 0.168
 64943  716.42 3008.33 21.934  2.298 19.637  71   0 0.326 1018   3 0.150
 64944  793.12 3007.12 22.126  2.499 19.627  76   0 0.466 1006   4 0.145
 64946  634.91 3008.93 22.154  2.493 19.662  72   0 0.452  995   3 0.152
 64947  813.46 3008.74 21.985  2.489 19.497  73   0 0.348 1014   2 0.137
 64949  652.20 3008.33 21.715  1.794 19.921  70   1 0.225 1016   0 0.191
 64950  576.86 3010.94 21.858  2.371 19.487  71   1 0.308 1008   2 0.129
 64951  836.03 3010.18 99.999  9.999 19.700   0   0 9.999 1008   0 0.156
 64955  669.08 3009.91 99.999  9.999 19.747   0   0 9.999 1003   1 0.163
 64956  803.59 3010.26 99.999  9.999 20.173   0   0 9.999 1003   0 0.235
 64957  559.97 3011.71 99.999  9.999 19.887   0   0 9.999 1012   1 0.189
 64958  734.53 3012.30 99.999  9.999 19.758   0   0 9.999 1012   1 0.160
 64961  621.10 3013.15 99.999  9.999 19.715   0   0 9.999  998   1 0.180
 64962  646.67 3013.15 21.581  2.096 19.485  75   0 0.268 1007   1 0.136
 64963  666.33 3015.22 99.999  9.999 20.066   0   0 9.999  997   2 0.225
 64964  771.26 3011.93 99.999  9.999 20.247   0   0 9.999  995   1 0.242
 64971  581.40 3015.84 21.594  2.210 19.383  74   1 0.282 1003   3 0.290
 64972  633.94 3014.34 99.999  9.999 19.885   0   0 9.999 1010   0 0.251
 64974  750.83 3015.22 99.999  9.999 19.707   0   0 9.999 1012   2 0.168
 64975  837.41 3016.45 21.799  2.319 19.480  72   0 0.316 1010   1 0.128
 64976  841.97 3014.52 99.999  9.999 19.998   0   0 9.999 1006   1 0.212
 64978  625.63 3016.36 99.999  9.999 20.185   0   0 9.999  971   0 0.307
 64979  690.84 3017.00 22.100  2.501 19.599  73   0 0.372 1011   1 0.144
 64984  683.80 3016.61 99.999  9.999 19.950   0   0 9.999 1007   2 0.185
 64986  824.50 3015.67 99.999  9.999 19.816   0   0 9.999 1006   1 0.175
 66236  569.63 2971.20 99.999  9.999 20.158   0   0 9.999 1010   0 0.259
 66237  658.72 2976.74 20.351  0.988 19.363  79   0 0.087 1019   1 0.136
 66238  622.48 3006.29 99.999  9.999 19.925   0   0 9.999 1010   1 0.205
 66248  749.90 2904.76 99.999  9.999 20.173   0   0 9.999  984   1 0.304
 66249  650.81 2932.20 21.968  1.884 20.084  77   0 0.421 1007   2 0.222
 66250  564.82 2975.45 99.999  9.999 19.560   0   0 9.999 1023   0 0.228
 66251  730.57 2990.88 99.999  9.999 19.993   0   0 9.999 1012   1 0.236
 66257  715.92 2857.08 99.999  9.999 20.247   0   0 9.999  985   0 0.331
 66258  565.93 2879.84 99.999  9.999 19.973   0   0 9.999 1009   0 0.218
 66259  612.98 2906.81 99.999  9.999 20.387   0   0 9.999  988   0 0.302
 66260  756.90 2901.73 99.999  9.999 20.441   0   0 9.999  893   0 0.395
 66263  791.49 2976.75 99.999  9.999 20.693   0   0 9.999  980   0 0.359
 66264  600.21 3014.74 21.072  1.433 19.639  73   0 0.129 1010   2 0.152
 66277  574.15 2954.06 99.999  9.999 20.391   0   0 9.999  909   0 0.390
 66278  774.71 2838.00 99.999  9.999 19.790   0   0 9.999 1005   3 0.162
 66282  814.81 2832.53 99.999  9.999 20.338   0   0 9.999 1002   1 0.334
 66283  610.69 3012.15 99.999  9.999 19.954   0   0 9.999  980   1 0.255
 66294  645.16 2810.70 99.999  9.999 20.480   0   0 9.999  992   2 0.322
 66295  608.25 2810.98 99.999  9.999 20.310   0   0 9.999  990   1 0.288
 66296  696.24 2811.35 99.999  9.999 20.473   0   0 9.999  997   1 0.297
 66297  771.42 2812.04 99.999  9.999 20.344   0   0 9.999 1000   0 0.269
 66298  594.46 2812.80 99.999  9.999 20.330   0   0 9.999  995   0 0.270
 66299  829.48 2812.31 99.999  9.999 20.110   0   0 9.999  999   0 0.240
 66300  787.55 2813.55 99.999  9.999 20.207   0   0 9.999  999   1 0.245
 66302  620.89 2813.08 99.999  9.999 20.817   0   0 9.999  981   0 0.421
 66303  631.44 2813.86 99.999  9.999 20.364   0   0 9.999 1010   1 0.304
 66307  794.43 2815.80 99.999  9.999 20.165   0   0 9.999 1004   0 0.252
 66309  743.42 2815.72 99.999  9.999 20.686   0   0 9.999  979   0 0.349
 66312  714.32 2817.56 99.999  9.999 20.239   0   0 9.999 1004   0 0.263
 66313  844.43 2818.48 99.999  9.999 20.367   0   0 9.999  991   0 0.297
 66315  596.78 2818.97 99.999  9.999 20.225   0   0 9.999 1003   0 0.255
 66316  721.90 2817.69 99.999  9.999 20.602   0   0 9.999  983   0 0.372
 66319  561.44 2821.43 99.999  9.999 20.235   0   0 9.999 1001   1 0.259
 66320  783.00 2820.84 99.999  9.999 20.308   0   0 9.999 1003   1 0.251
 66321  790.30 2821.75 99.999  9.999 20.014   0   0 9.999 1010   0 0.206
 66322  555.25 2820.80 99.999  9.999 20.360   0   0 9.999  984   0 0.284
 66323  715.06 2822.02 99.999  9.999 20.711   0   0 9.999  993   0 0.379
 66324  640.70 2823.71 99.999  9.999 20.481   0   0 9.999  966   0 0.351
 66328  584.75 2824.55 99.999  9.999 20.279   0   0 9.999 1001   0 0.369
 66329  607.30 2825.27 99.999  9.999 20.366   0   0 9.999 1005   0 0.279
 66330  842.10 2825.68 99.999  9.999 20.647   0   0 9.999  979   0 0.349
 66334  780.40 2826.85 99.999  9.999 19.919   0   0 9.999 1014   0 0.194
 66335  801.05 2827.17 99.999  9.999 20.644   0   0 9.999  963   0 0.359
 66338  829.05 2829.23 99.999  9.999 20.380   0   0 9.999  986   0 0.323
 66339  698.80 2829.82 99.999  9.999 20.584   0   0 9.999  996   1 0.332
 66340  796.48 2829.65 99.999  9.999 20.350   0   0 9.999  995   0 0.281
 66341  592.19 2830.43 99.999  9.999 20.568   0   0 9.999  987   1 0.329
 66342  612.92 2831.78 99.999  9.999 20.680   0   0 9.999  969   0 0.375
 66343  732.85 2831.07 99.999  9.999 20.306   0   0 9.999 1011   0 0.265
 66345  641.47 2831.61 99.999  9.999 20.285   0   0 9.999  995   0 0.271
 66346  667.95 2832.00 99.999  9.999 20.590   0   0 9.999  992   1 0.329
 66348  627.82 2833.25 99.999  9.999 20.214   0   0 9.999 1004   2 0.253
 66349  636.87 2833.64 99.999  9.999 20.701   0   0 9.999  973   0 0.367
 66350  837.36 2836.30 21.767  1.590 20.177  65   0 0.348  992   1 0.288
 66351  582.70 2835.31 99.999  9.999 20.456   0   0 9.999  994   0 0.420
 66357  724.35 2836.09 99.999  9.999 20.649   0   0 9.999  986   0 0.371
 66360  666.86 2838.23 99.999  9.999 20.347   0   0 9.999  995   2 0.283
 66361  654.28 2837.37 99.999  9.999 19.775   0   0 9.999 1018   1 0.226
 66362  676.16 2840.70 22.047  1.532 20.516  74   0 0.420  999   0 0.338
 66364  614.84 2840.33 99.999  9.999 20.518   0   0 9.999  990   0 0.322
 66365  680.75 2840.26 99.999  9.999 20.024   0   0 9.999 1005   0 0.220
 66367  581.70 2840.53 99.999  9.999 20.565   0   0 9.999  987   1 0.444
 66368  624.32 2842.35 99.999  9.999 20.126   0   0 9.999 1010   0 0.242
 66369  587.38 2844.02 99.999  9.999 20.389   0   0 9.999  995   0 0.319
 66370  655.72 2844.74 99.999  9.999 20.190   0   0 9.999 1005   1 0.243
 66372  820.12 2848.16 99.999  9.999 21.082   0   0 9.999  815   0 0.549
 66375  647.28 2848.60 99.999  9.999 20.372   0   0 9.999 1001   0 0.302
 66377  739.02 2850.80 99.999  9.999 20.341   0   0 9.999  987   0 0.306
 66378  789.54 2850.51 99.999  9.999 19.969   0   0 9.999 1007   1 0.216
 66380  633.77 2852.13 99.999  9.999 20.541   0   0 9.999  991   0 0.313
 66382  746.35 2854.36 99.999  9.999 20.260   0   0 9.999  995   0 0.279
 66383  796.72 2853.22 99.999  9.999 20.483   0   0 9.999  989   0 0.308
 66385  637.83 2855.25 99.999  9.999 20.298   0   0 9.999  997   0 0.256
 66386  758.28 2854.95 99.999  9.999 20.610   0   0 9.999  975   0 0.330
 66389  623.83 2858.59 99.999  9.999 20.388   0   0 9.999  972   0 0.309
 66390  692.60 2858.32 99.999  9.999 20.618   0   0 9.999  975   0 0.385
 66391  741.26 2861.24 99.999  9.999 19.455   0   0 9.999 1015   4 0.214
 66395  592.99 2859.06 99.999  9.999 20.411   0   0 9.999  996   0 0.274
 66396  710.36 2857.83 99.999  9.999 20.245   0   0 9.999  972   1 0.313
 66397  673.86 2859.25 99.999  9.999 20.788   0   0 9.999  957   0 0.383
 66399  564.98 2860.85 99.999  9.999 20.428   0   0 9.999  993   0 0.295
 66400  809.22 2860.75 99.999  9.999 20.013   0   0 9.999  995   0 0.256
 66403  786.60 2864.57 99.999  9.999 20.255   0   0 9.999 1005   0 0.286
 66404  702.11 2864.99 99.999  9.999 21.002   0   0 9.999  932   1 0.437
 66407  717.14 2866.60 99.999  9.999 20.459   0   0 9.999 1003   0 0.320
 66408  624.42 2868.09 99.999  9.999 20.045   0   0 9.999 1009   2 0.255
 66409  707.56 2868.23 99.999  9.999 20.625   0   0 9.999 1010   0 0.394
 66410  749.51 2868.40 99.999  9.999 20.447   0   0 9.999  980   0 0.341
 66412  608.31 2870.29 99.999  9.999 20.381   0   0 9.999  981   0 0.318
 66413  710.04 2872.60 99.999  9.999 20.134   0   0 9.999 1022   1 0.274
 66414  822.83 2872.78 21.241  1.222 20.019  81   0 0.330 1008   0 0.408
 66416  805.16 2877.03 99.999  9.999 19.901   0   0 9.999 1018   2 0.248
 66421  778.38 2879.68 99.999  9.999 20.243   0   0 9.999  867   0 0.458
 66422  629.69 2881.74 99.999  9.999 20.267   0   0 9.999  986   0 0.258
 66423  746.66 2881.80 99.999  9.999 19.777   0   0 9.999 1008   4 0.197
 66424  803.21 2881.43 99.999  9.999 19.818   0   0 9.999  977   0 0.302
 66425  813.10 2881.22 99.999  9.999 19.836   0   0 9.999  994   1 0.218
 66427  599.14 2884.28 99.999  9.999 20.321   0   0 9.999  996   1 0.298
 66430  676.37 2885.66 99.999  9.999 20.172   0   0 9.999 1002   3 0.246
 66431  611.45 2886.99 99.999  9.999 20.506   0   0 9.999  922   1 0.336
 66432  755.81 2886.92 99.999  9.999 20.298   0   0 9.999 1003   0 0.272
 66434  726.39 2890.88 99.999  9.999 20.250   0   0 9.999  991   2 0.245
 66435  599.58 2889.60 99.999  9.999 20.272   0   0 9.999  999   1 0.273
 66436  587.61 2892.91 99.999  9.999 20.437   0   0 9.999  990   0 0.306
 66439  656.09 2892.38 99.999  9.999 20.912   0   0 9.999  929   0 0.419
 66440  823.55 2891.36 99.999  9.999 20.375   0   0 9.999  830   0 0.535
 66442  702.48 2894.29 99.999  9.999 20.343   0   0 9.999  986   3 0.276
 66443  742.03 2895.78 99.999  9.999 20.377   0   0 9.999  992   0 0.313
 66444  818.02 2895.98 99.999  9.999 20.105   0   0 9.999  843   0 0.433
 66447  691.58 2898.03 99.999  9.999 20.454   0   0 9.999  985   1 0.306
 66448  716.14 2897.43 99.999  9.999 20.715   0   0 9.999  986   0 0.357
 66450  572.59 2899.08 99.999  9.999 20.518   0   0 9.999  966   0 0.328
 66452  681.78 2902.53 99.999  9.999 20.258   0   0 9.999  992   0 0.321
 66454  846.46 2901.87 99.999  9.999 20.193   0   0 9.999  978   0 0.389
 66455  618.38 2904.20 99.999  9.999 20.370   0   0 9.999  995   0 0.312
 66461  786.78 2912.86 21.743  1.821 19.922  75   0 0.429 1014   0 0.291
 66462  793.06 2910.09 21.667  1.935 19.732  74   0 0.352 1016   0 0.228
 66463  594.13 2911.65 99.999  9.999 20.459   0   0 9.999  999   0 0.319
 66466  562.29 2913.54 99.999  9.999 19.930   0   0 9.999  997   3 0.196
 66467  698.58 2913.68 99.999  9.999 20.533   0   0 9.999 1005   0 0.339
 66470  840.18 2915.11 99.999  9.999 20.091   0   0 9.999  967   0 0.323
 66471  653.75 2916.70 99.999  9.999 20.782   0   0 9.999  958   0 0.399
 66473  812.20 2918.84 99.999  9.999 20.280   0   0 9.999  908   0 0.423
 66476  567.97 2918.92 99.999  9.999 20.307   0   0 9.999 1008   1 0.275
 66477  760.75 2921.67 99.999  9.999 20.595   0   0 9.999  914   0 0.423
 66479  599.67 2920.90 99.999  9.999 20.081   0   0 9.999 1001   2 0.216
 66481  711.74 2922.45 99.999  9.999 20.102   0   0 9.999 1010   0 0.237
 66482  638.03 2922.35 99.999  9.999 20.606   0   0 9.999  990   0 0.346
 66484  777.25 2927.84 99.999  9.999 20.347   0   0 9.999  931   0 0.428
 66485  834.49 2926.98 99.999  9.999 19.723   0   0 9.999 1025   0 0.202
 66487  744.43 2930.91 22.116  2.177 19.938  76   0 0.418 1012   0 0.251
 66494  576.57 2931.43 99.999  9.999 20.317   0   0 9.999  954   0 0.317
 66495  570.69 2934.33 99.999  9.999 20.461   0   0 9.999  948   0 0.345
 66496  674.62 2932.54 99.999  9.999 20.648   0   0 9.999  953   0 0.363
 66498  696.04 2931.77 99.999  9.999 20.505   0   0 9.999  965   0 0.321
 66503  599.34 2936.14 99.999  9.999 20.273   0   0 9.999  991   0 0.303
 66504  740.88 2935.01 99.999  9.999 19.976   0   0 9.999 1018   0 0.228
 66507  593.81 2937.41 99.999  9.999 20.432   0   0 9.999  898   0 0.357
 66508  611.67 2939.06 99.999  9.999 20.060   0   0 9.999 1004   2 0.223
 66509  829.47 2937.34 99.999  9.999 20.420   0   0 9.999  965   0 0.338
 66510  842.61 2936.73 99.999  9.999 20.204   0   0 9.999  995   0 0.309
 66512  616.88 2939.06 99.999  9.999 20.221   0   0 9.999 1008   0 0.272
 66513  739.53 2940.63 99.999  9.999 20.036   0   0 9.999 1011   2 0.226
 66517  718.32 2942.82 21.378  1.520 19.858  74   0 0.229  998   3 0.174
 66522  746.17 2946.53 99.999  9.999 20.046   0   0 9.999 1013   0 0.240
 66523  811.83 2945.43 99.999  9.999 19.924   0   0 9.999  988   1 0.326
 66525  689.01 2946.94 99.999  9.999 20.874   0   0 9.999  978   0 0.402
 66526  709.96 2947.83 99.999  9.999 20.503   0   0 9.999  987   0 0.306
 66527  754.22 2949.93 99.999  9.999 19.935   0   0 9.999 1013   1 0.218
 66529  637.18 2949.29 99.999  9.999 20.687   0   0 9.999  982   0 0.364
 66530  842.53 2951.35 99.999  9.999 20.375   0   0 9.999 1003   0 0.314
 66532  564.61 2953.85 22.180  2.147 20.033  69   0 0.418 1007   1 0.261
 66533  625.08 2950.51 99.999  9.999 19.969   0   0 9.999  994   1 0.237
 66534  696.88 2954.18 99.999  9.999 20.150   0   0 9.999 1003   1 0.233
 66539  553.98 2956.46 99.999  9.999 20.367   0   0 9.999  998   2 0.286
 66541  714.21 2956.87 22.337  2.066 20.272  72   0 0.390 1006   0 0.262
 66542  743.15 2958.14 99.999  9.999 20.174   0   0 9.999 1006   0 0.239
 66543  561.51 2958.74 99.999  9.999 20.848   0   0 9.999  982   0 0.450
 66544  607.13 2958.45 99.999  9.999 20.411   0   0 9.999 1006   1 0.334
 66545  597.98 2961.92 99.999  9.999 20.736   0   0 9.999  957   0 0.435
 66550  573.28 2967.31 99.999  9.999 20.769   0   0 9.999  972   0 0.404
 66551  699.35 2968.32 99.999  9.999 20.296   0   0 9.999  989   0 0.265
 66554  686.70 2972.43 99.999  9.999 20.458   0   0 9.999 1001   0 0.304
 66555  801.52 2971.09 99.999  9.999 20.568   0   0 9.999  985   0 0.327
 66556  740.32 2970.60 99.999  9.999 20.582   0   0 9.999  981   0 0.316
 66557  770.36 2970.69 99.999  9.999 20.288   0   0 9.999  988   1 0.241
 66560  748.28 2974.54 99.999  9.999 20.481   0   0 9.999  974   0 0.337
 66561  572.23 2976.33 99.999  9.999 20.692   0   0 9.999  971   0 0.372
 66565  838.94 2976.40 99.999  9.999 20.618   0   0 9.999  992   0 0.334
 66567  716.90 2979.19 99.999  9.999 20.389   0   0 9.999 1002   1 0.274
 66569  710.23 2978.38 99.999  9.999 20.622   0   0 9.999  993   1 0.350
 66570  771.89 2979.94 99.999  9.999 20.360   0   0 9.999 1004   0 0.278
 66572  812.10 2980.45 99.999  9.999 20.476   0   0 9.999 1001   0 0.315
 66573  831.18 2980.32 99.999  9.999 20.422   0   0 9.999  995   0 0.311
 66574  659.46 2981.13 99.999  9.999 20.558   0   0 9.999  983   0 0.359
 66576  847.91 2982.82 99.999  9.999 20.067   0   0 9.999 1008   2 0.221
 66578  774.76 2985.14 99.999  9.999 20.287   0   0 9.999  996   0 0.255
 66579  765.00 2986.71 99.999  9.999 20.523   0   0 9.999  976   1 0.305
 66583  830.29 2987.32 99.999  9.999 20.374   0   0 9.999 1004   0 0.294
 66584  843.99 2987.11 99.999  9.999 20.405   0   0 9.999 1001   1 0.297
 66591  781.95 2991.82 99.999  9.999 20.254   0   0 9.999 1000   0 0.253
 66592  735.68 2993.11 99.999  9.999 20.533   0   0 9.999  998   1 0.300
 66593  788.78 2993.73 99.999  9.999 20.549   0   0 9.999  982   0 0.328
 66594  646.65 2994.73 99.999  9.999 20.244   0   0 9.999  995   0 0.261
 66595  566.02 2994.68 99.999  9.999 20.878   0   0 9.999  972   0 0.418
 66596  612.34 2995.38 99.999  9.999 20.658   0   0 9.999  985   0 0.364
 66597  709.59 2996.10 99.999  9.999 20.624   0   0 9.999  993   1 0.361
 66598  752.42 2994.39 99.999  9.999 20.222   0   0 9.999 1006   1 0.256
 66602  592.91 3000.18 99.999  9.999 20.544   0   0 9.999  990   0 0.317
 66603  599.42 2999.08 99.999  9.999 20.673   0   0 9.999  980   0 0.346
 66604  826.71 3000.59 99.999  9.999 20.349   0   0 9.999  990   0 0.277
 66605  767.11 3000.88 99.999  9.999 20.351   0   0 9.999  994   1 0.282
 66606  790.12 3000.64 99.999  9.999 20.899   0   0 9.999  951   0 0.401
 66610  635.87 3005.09 99.999  9.999 20.035   0   0 9.999 1004   3 0.214
 66613  844.59 3006.99 99.999  9.999 20.457   0   0 9.999  984   0 0.305
 66615  592.32 3006.29 99.999  9.999 20.633   0   0 9.999  982   0 0.338
 66616  703.26 3005.99 99.999  9.999 21.116   0   0 9.999  893   0 0.465
 66617  720.64 3007.33 99.999  9.999 20.251   0   0 9.999 1007   0 0.251
 66618  778.62 3008.21 99.999  9.999 20.443   0   0 9.999 1003   0 0.308
 66620  826.99 3009.08 99.999  9.999 20.271   0   0 9.999 1006   0 0.265
 66621  553.61 3009.42 99.999  9.999 20.779   0   0 9.999  964   0 0.405
 66622  570.26 3010.04 99.999  9.999 20.058   0   0 9.999 1007   1 0.213
 66623  785.18 3009.42 99.999  9.999 20.505   0   0 9.999  996   0 0.312
 66624  663.56 3010.75 99.999  9.999 20.268   0   0 9.999 1001   1 0.311
 66626  632.06 3011.22 99.999  9.999 20.360   0   0 9.999  989   0 0.294
 66627  745.84 3012.29 99.999  9.999 20.581   0   0 9.999  992   1 0.309
 66629  671.76 3014.35 99.999  9.999 20.258   0   0 9.999  996   0 0.263
 66632  571.54 3016.82 99.999  9.999 20.248   0   0 9.999 1002   1 0.251
 66633  644.56 3016.67 99.999  9.999 20.268   0   0 9.999  985   0 0.279
 66634  649.11 3016.73 99.999  9.999 20.055   0   0 9.999  997   1 0.216
 66635  755.03 3016.22 99.999  9.999 20.551   0   0 9.999  986   0 0.324
 67205  675.97 2811.74 18.642  0.272 18.371  79   1 0.022 1018   1 0.059
 67208  643.85 2928.76 20.623  1.338 19.286  78   0 0.095 1010   2 0.104
 67214  573.34 2854.35 99.999  9.999 20.339   0   0 9.999  982   0 0.274
 67215  597.77 2868.26 99.999  9.999 20.180   0   0 9.999 1007   1 0.251
 67216  771.37 2908.75 99.999  9.999 20.299   0   0 9.999 1001   0 0.339
 67217  723.22 2965.21 99.999  9.999 20.362   0   0 9.999  982   0 0.303
 67218  787.59 2971.38 99.999  9.999 20.232   0   0 9.999 1011   0 0.297
 67222  577.57 2956.43 99.999  9.999 20.323   0   0 9.999  895   0 0.364
 67225  812.44 2829.15 99.999  9.999 19.710   0   0 9.999 1015   1 0.199
 67226  574.74 2829.29 99.999  9.999 20.241   0   0 9.999  998   0 0.266
