# KMT-2026-BLG-0521 / OGLE-2026-BLG-0058, field BLG41, v13 reduction
# calibration star "m18_d48"
# Solution: ~/KMTdata/Results/v13/IFfinal_BLG41.mat
# v13 fits the calibration set 14<I<19, isolated to 2 arcsec, minus 2-sigma RMS outliers: 260 stars, with 6 SysRem components.
# All are freely fitted; Gaia RUWE<1.4 is applied only in the post-hoc tie.
# I_OGLE = 18.05, at pixel (198.6, 145.4), 48.4 pix from the target
# RA, Dec (J2000) = 17:52:36.584 , -31:47:38.10  =  268.152434 , -31.793916 deg
# absolute proper motion (mu_alpha cos d, mu_d) = +2.864, -6.291 mas/yr
#   full six-parameter gauge removed (constant AND linear gradient)
# X_mas, Y_mas: position in mas, proper motion NOT removed, relative to the mean
# errX_decade, errY_decade: this star own residual RMS over the run. Constant.
# errX_season, errY_season: this star own residual RMS within each season.
# season: 1=2016 ... 10=2026 (2020 is dropped as a short stub)
JD,X_mas,Y_mas,errX_decade,errY_decade,errX_season,errY_season,season
2457448.848144,-12.2179,5.0020,14.2060,15.2021,17.7071,16.6622,1
2457449.836374,14.7438,11.4153,14.2060,15.2021,17.7071,16.6622,1
2457450.894234,13.0238,11.9843,14.2060,15.2021,17.7071,16.6622,1
2457451.825294,48.7297,29.0721,14.2060,15.2021,17.7071,16.6622,1
2457455.818494,15.3685,6.6379,14.2060,15.2021,17.7071,16.6622,1
2457455.850354,13.2242,-15.5429,14.2060,15.2021,17.7071,16.6622,1
2457455.872884,9.6877,-1.7379,14.2060,15.2021,17.7071,16.6622,1
2457466.841764,28.7885,27.0372,14.2060,15.2021,17.7071,16.6622,1
2457469.830814,2.9008,29.5535,14.2060,15.2021,17.7071,16.6622,1
2457470.778494,37.1759,-9.8645,14.2060,15.2021,17.7071,16.6622,1
2457473.777214,6.9834,11.0321,14.2060,15.2021,17.7071,16.6622,1
2457473.819034,-4.5278,-6.8749,14.2060,15.2021,17.7071,16.6622,1
2457475.765234,22.1142,49.7671,14.2060,15.2021,17.7071,16.6622,1
2457476.897937,41.0114,4.2125,14.2060,15.2021,17.7071,16.6622,1
2457477.796184,39.5026,5.0092,14.2060,15.2021,17.7071,16.6622,1
2457477.885904,-0.2948,21.9810,14.2060,15.2021,17.7071,16.6622,1
2457479.761407,-1.3606,7.8724,14.2060,15.2021,17.7071,16.6622,1
2457479.814637,31.5171,24.3277,14.2060,15.2021,17.7071,16.6622,1
2457479.869837,1.0942,39.4830,14.2060,15.2021,17.7071,16.6622,1
2457480.790677,35.2388,20.9223,14.2060,15.2021,17.7071,16.6622,1
2457480.825927,3.0502,38.1790,14.2060,15.2021,17.7071,16.6622,1
2457480.872677,42.2316,2.0748,14.2060,15.2021,17.7071,16.6622,1
2457480.890507,16.9242,24.7455,14.2060,15.2021,17.7071,16.6622,1
2457481.768077,-4.7494,17.3275,14.2060,15.2021,17.7071,16.6622,1
2457481.788777,3.8513,39.0834,14.2060,15.2021,17.7071,16.6622,1
2457481.791947,11.4802,33.0397,14.2060,15.2021,17.7071,16.6622,1
2457481.821037,39.4795,19.2985,14.2060,15.2021,17.7071,16.6622,1
2457481.876327,21.6099,21.7744,14.2060,15.2021,17.7071,16.6622,1
2457482.832237,13.1063,50.0719,14.2060,15.2021,17.7071,16.6622,1
2457484.827107,44.4552,6.0384,14.2060,15.2021,17.7071,16.6622,1
2457485.766697,-7.8827,-27.1699,14.2060,15.2021,17.7071,16.6622,1
2457485.855587,36.2619,28.6100,14.2060,15.2021,17.7071,16.6622,1
2457486.784637,13.3253,-13.3866,14.2060,15.2021,17.7071,16.6622,1
2457486.808127,36.1728,-17.6105,14.2060,15.2021,17.7071,16.6622,1
2457486.839167,21.3777,14.3038,14.2060,15.2021,17.7071,16.6622,1
2457487.783287,35.0788,43.2705,14.2060,15.2021,17.7071,16.6622,1
2457487.916167,7.7913,40.8985,14.2060,15.2021,17.7071,16.6622,1
2457488.727407,-8.8295,-1.4053,14.2060,15.2021,17.7071,16.6622,1
2457488.773487,-5.1873,30.5273,14.2060,15.2021,17.7071,16.6622,1
2457488.909167,6.0511,-11.1202,14.2060,15.2021,17.7071,16.6622,1
2457491.719067,3.2767,11.0822,14.2060,15.2021,17.7071,16.6622,1
2457491.740067,8.5186,8.0787,14.2060,15.2021,17.7071,16.6622,1
2457491.768237,5.3085,27.1517,14.2060,15.2021,17.7071,16.6622,1
2457491.806997,6.3703,21.6610,14.2060,15.2021,17.7071,16.6622,1
2457491.824187,7.1190,18.3847,14.2060,15.2021,17.7071,16.6622,1
2457491.906987,13.0863,34.7848,14.2060,15.2021,17.7071,16.6622,1
2457494.735697,1.1595,-0.8925,14.2060,15.2021,17.7071,16.6622,1
2457494.813627,29.0334,11.0434,14.2060,15.2021,17.7071,16.6622,1
2457494.831367,0.3907,37.2366,14.2060,15.2021,17.7071,16.6622,1
2457495.740237,11.0900,8.2016,14.2060,15.2021,17.7071,16.6622,1
2457495.895987,-1.5195,17.0080,14.2060,15.2021,17.7071,16.6622,1
2457495.914507,-3.3677,14.9055,14.2060,15.2021,17.7071,16.6622,1
2457497.843697,45.8682,38.0175,14.2060,15.2021,17.7071,16.6622,1
2457497.862117,10.8894,28.1351,14.2060,15.2021,17.7071,16.6622,1
2457497.881037,-0.3432,0.5982,14.2060,15.2021,17.7071,16.6622,1
2457498.725077,24.5502,6.6703,14.2060,15.2021,17.7071,16.6622,1
2457498.745237,21.9336,38.9554,14.2060,15.2021,17.7071,16.6622,1
2457498.814507,26.3763,10.0996,14.2060,15.2021,17.7071,16.6622,1
2457498.835077,37.8245,19.5706,14.2060,15.2021,17.7071,16.6622,1
2457498.857527,-9.6356,-13.3891,14.2060,15.2021,17.7071,16.6622,1
2457500.712497,13.2653,8.2180,14.2060,15.2021,17.7071,16.6622,1
2457500.902657,36.4657,11.2822,14.2060,15.2021,17.7071,16.6622,1
2457504.821647,33.8240,14.4971,14.2060,15.2021,17.7071,16.6622,1
2457505.703647,6.0604,31.7212,14.2060,15.2021,17.7071,16.6622,1
2457505.721367,-7.9756,15.7066,14.2060,15.2021,17.7071,16.6622,1
2457505.755807,20.5810,35.1411,14.2060,15.2021,17.7071,16.6622,1
2457508.675527,18.2896,14.1419,14.2060,15.2021,17.7071,16.6622,1
2457508.728027,20.5679,21.7816,14.2060,15.2021,17.7071,16.6622,1
2457508.730837,16.7623,9.7365,14.2060,15.2021,17.7071,16.6622,1
2457508.918587,25.6527,16.3325,14.2060,15.2021,17.7071,16.6622,1
2457509.753757,10.2595,20.5046,14.2060,15.2021,17.7071,16.6622,1
2457509.773537,15.0998,16.0634,14.2060,15.2021,17.7071,16.6622,1
2457512.774577,24.0862,28.3767,14.2060,15.2021,17.7071,16.6622,1
2457517.728187,30.4846,25.6269,14.2060,15.2021,17.7071,16.6622,1
2457520.832147,21.0714,12.8633,14.2060,15.2021,17.7071,16.6622,1
2457520.876277,25.9900,22.6901,14.2060,15.2021,17.7071,16.6622,1
2457522.785437,28.3639,10.0244,14.2060,15.2021,17.7071,16.6622,1
2457522.805127,-0.8144,20.9118,14.2060,15.2021,17.7071,16.6622,1
2457523.727437,-1.1100,24.0561,14.2060,15.2021,17.7071,16.6622,1
2457523.744977,13.8036,14.0313,14.2060,15.2021,17.7071,16.6622,1
2457523.783577,20.3763,33.1785,14.2060,15.2021,17.7071,16.6622,1
2457523.805447,24.4904,26.7242,14.2060,15.2021,17.7071,16.6622,1
2457523.837327,9.5907,11.8076,14.2060,15.2021,17.7071,16.6622,1
2457523.854977,24.7037,29.2109,14.2060,15.2021,17.7071,16.6622,1
2457523.914267,18.0126,20.9205,14.2060,15.2021,17.7071,16.6622,1
2457526.655347,25.2380,18.1418,14.2060,15.2021,17.7071,16.6622,1
2457526.872007,22.9293,1.7041,14.2060,15.2021,17.7071,16.6622,1
2457528.930967,14.3220,23.9072,14.2060,15.2021,17.7071,16.6622,1
2457530.824517,30.4320,40.0374,14.2060,15.2021,17.7071,16.6622,1
2457534.633077,13.5185,34.9750,14.2060,15.2021,17.7071,16.6622,1
2457534.876297,19.0915,8.4515,14.2060,15.2021,17.7071,16.6622,1
2457534.930407,5.1828,-1.3888,14.2060,15.2021,17.7071,16.6622,1
2457536.746147,19.5854,21.4385,14.2060,15.2021,17.7071,16.6622,1
2457536.844257,11.7746,29.6683,14.2060,15.2021,17.7071,16.6622,1
2457536.891467,31.4391,3.5527,14.2060,15.2021,17.7071,16.6622,1
2457545.763937,7.4955,2.8311,14.2060,15.2021,17.7071,16.6622,1
2457546.862437,21.3061,26.8449,14.2060,15.2021,17.7071,16.6622,1
2457547.594167,6.8285,39.9711,14.2060,15.2021,17.7071,16.6622,1
2457547.611987,25.1334,8.1205,14.2060,15.2021,17.7071,16.6622,1
2457547.634247,-8.5143,1.5865,14.2060,15.2021,17.7071,16.6622,1
2457547.697877,0.6109,12.3617,14.2060,15.2021,17.7071,16.6622,1
2457547.718297,7.2231,22.1946,14.2060,15.2021,17.7071,16.6622,1
2457547.741427,-7.1973,-7.9726,14.2060,15.2021,17.7071,16.6622,1
2457547.769937,2.8125,-5.6342,14.2060,15.2021,17.7071,16.6622,1
2457547.887917,18.4031,6.3107,14.2060,15.2021,17.7071,16.6622,1
2457548.630097,7.6245,36.3086,14.2060,15.2021,17.7071,16.6622,1
2457548.722674,16.5980,20.0135,14.2060,15.2021,17.7071,16.6622,1
2457548.762454,20.6275,17.3144,14.2060,15.2021,17.7071,16.6622,1
2457548.827877,-3.0197,27.8467,14.2060,15.2021,17.7071,16.6622,1
2457549.678437,8.2375,29.1048,14.2060,15.2021,17.7071,16.6622,1
2457549.753817,6.9335,39.3726,14.2060,15.2021,17.7071,16.6622,1
2457549.786007,3.3161,36.5195,14.2060,15.2021,17.7071,16.6622,1
2457550.622257,19.9067,21.9191,14.2060,15.2021,17.7071,16.6622,1
2457550.794167,0.5394,-5.8259,14.2060,15.2021,17.7071,16.6622,1
2457550.822617,1.0105,-9.4262,14.2060,15.2021,17.7071,16.6622,1
2457551.651987,-3.0633,-10.3210,14.2060,15.2021,17.7071,16.6622,1
2457551.682527,40.9850,1.4216,14.2060,15.2021,17.7071,16.6622,1
2457554.573027,19.6127,38.3816,14.2060,15.2021,17.7071,16.6622,1
2457554.593937,7.6821,18.2849,14.2060,15.2021,17.7071,16.6622,1
2457554.629067,1.3202,19.6474,14.2060,15.2021,17.7071,16.6622,1
2457554.658527,28.3521,10.6535,14.2060,15.2021,17.7071,16.6622,1
2457554.804137,29.8319,14.9040,14.2060,15.2021,17.7071,16.6622,1
2457555.540957,26.0480,4.3545,14.2060,15.2021,17.7071,16.6622,1
2457555.565627,3.2019,25.0647,14.2060,15.2021,17.7071,16.6622,1
2457555.585247,30.6507,9.9530,14.2060,15.2021,17.7071,16.6622,1
2457555.604987,8.9843,-18.1863,14.2060,15.2021,17.7071,16.6622,1
2457555.676997,6.6629,4.5945,14.2060,15.2021,17.7071,16.6622,1
2457555.825807,17.8852,36.5996,14.2060,15.2021,17.7071,16.6622,1
2457555.843767,20.0369,15.3525,14.2060,15.2021,17.7071,16.6622,1
2457557.801377,25.9688,17.6261,14.2060,15.2021,17.7071,16.6622,1
2457557.818817,26.5500,16.2844,14.2060,15.2021,17.7071,16.6622,1
2457557.836867,29.6627,25.7235,14.2060,15.2021,17.7071,16.6622,1
2457561.556857,17.4614,13.1876,14.2060,15.2021,17.7071,16.6622,1
2457561.680667,28.0984,20.0372,14.2060,15.2021,17.7071,16.6622,1
2457561.772497,2.4491,13.2262,14.2060,15.2021,17.7071,16.6622,1
2457566.577687,16.0935,21.1088,14.2060,15.2021,17.7071,16.6622,1
2457566.796177,8.8016,35.4857,14.2060,15.2021,17.7071,16.6622,1
2457566.831577,20.6294,-16.5690,14.2060,15.2021,17.7071,16.6622,1
2457567.525167,33.1319,-17.7539,14.2060,15.2021,17.7071,16.6622,1
2457567.570617,40.5314,-5.2681,14.2060,15.2021,17.7071,16.6622,1
2457567.674037,19.5941,33.8283,14.2060,15.2021,17.7071,16.6622,1
2457567.762087,48.8391,-6.8035,14.2060,15.2021,17.7071,16.6622,1
2457567.779817,-0.1152,-7.6155,14.2060,15.2021,17.7071,16.6622,1
2457567.831987,33.0641,26.5733,14.2060,15.2021,17.7071,16.6622,1
2457568.576937,31.6764,4.5116,14.2060,15.2021,17.7071,16.6622,1
2457568.631977,23.9575,38.5114,14.2060,15.2021,17.7071,16.6622,1
2457568.649307,8.7631,23.4324,14.2060,15.2021,17.7071,16.6622,1
2457568.681077,6.2465,-5.0792,14.2060,15.2021,17.7071,16.6622,1
2457568.700887,-1.4685,13.0140,14.2060,15.2021,17.7071,16.6622,1
2457568.718737,35.1317,32.8393,14.2060,15.2021,17.7071,16.6622,1
2457568.754637,8.0548,18.8978,14.2060,15.2021,17.7071,16.6622,1
2457568.776147,1.4254,4.2591,14.2060,15.2021,17.7071,16.6622,1
2457569.647837,0.0050,21.0542,14.2060,15.2021,17.7071,16.6622,1
2457569.695687,33.4522,21.9205,14.2060,15.2021,17.7071,16.6622,1
2457569.713587,5.9034,29.3961,14.2060,15.2021,17.7071,16.6622,1
2457569.767617,14.4083,-9.4706,14.2060,15.2021,17.7071,16.6622,1
2457570.830327,-8.2029,19.1969,14.2060,15.2021,17.7071,16.6622,1
2457575.575907,31.8391,2.9043,14.2060,15.2021,17.7071,16.6622,1
2457575.593597,56.2337,-3.4604,14.2060,15.2021,17.7071,16.6622,1
2457575.611177,19.5252,28.7566,14.2060,15.2021,17.7071,16.6622,1
2457575.637637,29.8469,14.1308,14.2060,15.2021,17.7071,16.6622,1
2457576.486837,55.9446,-1.9169,14.2060,15.2021,17.7071,16.6622,1
2457576.553797,4.1573,27.8927,14.2060,15.2021,17.7071,16.6622,1
2457576.571657,19.6120,1.1389,14.2060,15.2021,17.7071,16.6622,1
2457576.711767,11.7460,35.8588,14.2060,15.2021,17.7071,16.6622,1
2457576.782157,7.3735,29.4141,14.2060,15.2021,17.7071,16.6622,1
2457585.528537,34.1738,0.4080,14.2060,15.2021,17.7071,16.6622,1
2457585.637157,17.6204,37.8731,14.2060,15.2021,17.7071,16.6622,1
2457590.579747,22.5443,19.7956,14.2060,15.2021,17.7071,16.6622,1
2457590.665957,41.4934,-4.1389,14.2060,15.2021,17.7071,16.6622,1
2457590.683387,-2.2803,15.0513,14.2060,15.2021,17.7071,16.6622,1
2457590.741217,-2.3066,37.5900,14.2060,15.2021,17.7071,16.6622,1
2457591.493407,21.3654,13.1865,14.2060,15.2021,17.7071,16.6622,1
2457591.565027,6.2483,19.8792,14.2060,15.2021,17.7071,16.6622,1
2457591.594277,12.2216,22.2764,14.2060,15.2021,17.7071,16.6622,1
2457591.612677,19.8268,39.5242,14.2060,15.2021,17.7071,16.6622,1
2457593.494987,14.0137,36.1815,14.2060,15.2021,17.7071,16.6622,1
2457593.541197,12.6322,33.8692,14.2060,15.2021,17.7071,16.6622,1
2457597.509757,37.2260,19.3450,14.2060,15.2021,17.7071,16.6622,1
2457597.563177,11.4625,35.0791,14.2060,15.2021,17.7071,16.6622,1
2457597.611307,43.5437,-18.0813,14.2060,15.2021,17.7071,16.6622,1
2457597.628447,-4.5261,22.6703,14.2060,15.2021,17.7071,16.6622,1
2457597.685527,13.7521,37.7915,14.2060,15.2021,17.7071,16.6622,1
2457597.751437,37.8254,7.0134,14.2060,15.2021,17.7071,16.6622,1
2457598.482297,6.0765,19.6806,14.2060,15.2021,17.7071,16.6622,1
2457598.501627,13.9700,17.5623,14.2060,15.2021,17.7071,16.6622,1
2457598.519087,29.1785,-4.1911,14.2060,15.2021,17.7071,16.6622,1
2457598.568167,28.7739,26.3250,14.2060,15.2021,17.7071,16.6622,1
2457598.589027,6.3729,11.6718,14.2060,15.2021,17.7071,16.6622,1
2457598.607637,23.1882,-2.8645,14.2060,15.2021,17.7071,16.6622,1
2457598.625117,39.9289,-4.1593,14.2060,15.2021,17.7071,16.6622,1
2457598.675887,44.5911,7.3162,14.2060,15.2021,17.7071,16.6622,1
2457598.693897,32.9789,15.2701,14.2060,15.2021,17.7071,16.6622,1
2457598.712207,-14.0967,3.5582,14.2060,15.2021,17.7071,16.6622,1
2457599.715017,1.4763,28.0400,14.2060,15.2021,17.7071,16.6622,1
2457599.734047,6.5261,13.8008,14.2060,15.2021,17.7071,16.6622,1
2457601.557227,6.1114,39.3952,14.2060,15.2021,17.7071,16.6622,1
2457601.584397,42.4717,1.8198,14.2060,15.2021,17.7071,16.6622,1
2457601.619617,29.3133,31.3537,14.2060,15.2021,17.7071,16.6622,1
2457601.638797,-10.2884,3.4518,14.2060,15.2021,17.7071,16.6622,1
2457602.498677,40.2333,5.2954,14.2060,15.2021,17.7071,16.6622,1
2457602.582097,16.0546,25.3612,14.2060,15.2021,17.7071,16.6622,1
2457602.696117,12.9514,39.1494,14.2060,15.2021,17.7071,16.6622,1
2457603.702217,12.9034,29.3009,14.2060,15.2021,17.7071,16.6622,1
2457603.719817,-1.2548,2.2202,14.2060,15.2021,17.7071,16.6622,1
2457605.613087,31.7316,19.9190,14.2060,15.2021,17.7071,16.6622,1
2457605.648697,-5.8595,12.5722,14.2060,15.2021,17.7071,16.6622,1
2457605.712727,9.5148,28.1638,14.2060,15.2021,17.7071,16.6622,1
2457605.730267,24.8673,-0.2279,14.2060,15.2021,17.7071,16.6622,1
2457606.501047,26.5137,14.3701,14.2060,15.2021,17.7071,16.6622,1
2457606.531157,-11.5440,19.9276,14.2060,15.2021,17.7071,16.6622,1
2457606.568217,6.7949,22.6536,14.2060,15.2021,17.7071,16.6622,1
2457606.616467,21.2529,-5.3969,14.2060,15.2021,17.7071,16.6622,1
2457606.663497,-5.1843,-3.7155,14.2060,15.2021,17.7071,16.6622,1
2457607.641627,6.0667,10.6390,14.2060,15.2021,17.7071,16.6622,1
2457607.677847,27.6140,15.6522,14.2060,15.2021,17.7071,16.6622,1
2457607.706407,15.6497,-0.9239,14.2060,15.2021,17.7071,16.6622,1
2457607.724047,16.6035,38.4915,14.2060,15.2021,17.7071,16.6622,1
2457608.613107,0.3468,0.0936,14.2060,15.2021,17.7071,16.6622,1
2457608.631687,1.4516,28.5908,14.2060,15.2021,17.7071,16.6622,1
2457608.649537,20.5090,16.5830,14.2060,15.2021,17.7071,16.6622,1
2457608.692807,6.8681,-1.2113,14.2060,15.2021,17.7071,16.6622,1
2457608.711367,19.6721,-9.3067,14.2060,15.2021,17.7071,16.6622,1
2457609.691737,11.8472,10.0746,14.2060,15.2021,17.7071,16.6622,1
2457610.489867,30.8549,-5.9401,14.2060,15.2021,17.7071,16.6622,1
2457610.637997,23.5511,5.8719,14.2060,15.2021,17.7071,16.6622,1
2457610.673677,23.1133,5.8388,14.2060,15.2021,17.7071,16.6622,1
2457610.691227,35.6246,19.9677,14.2060,15.2021,17.7071,16.6622,1
2457610.709257,-3.8706,3.1721,14.2060,15.2021,17.7071,16.6622,1
2457611.635747,35.1038,8.6636,14.2060,15.2021,17.7071,16.6622,1
2457612.590827,-13.5256,36.7957,14.2060,15.2021,17.7071,16.6622,1
2457612.639207,4.4398,16.3336,14.2060,15.2021,17.7071,16.6622,1
2457612.656977,14.0737,-1.0698,14.2060,15.2021,17.7071,16.6622,1
2457612.674567,21.8779,-31.3898,14.2060,15.2021,17.7071,16.6622,1
2457612.692437,0.6296,21.2195,14.2060,15.2021,17.7071,16.6622,1
2457612.710447,15.1570,7.0076,14.2060,15.2021,17.7071,16.6622,1
2457613.587797,-0.4411,-20.7132,14.2060,15.2021,17.7071,16.6622,1
2457616.481637,1.3079,25.0984,14.2060,15.2021,17.7071,16.6622,1
2457616.499037,19.4657,-2.3098,14.2060,15.2021,17.7071,16.6622,1
2457616.521227,4.9432,15.3757,14.2060,15.2021,17.7071,16.6622,1
2457616.697607,12.6229,5.6876,14.2060,15.2021,17.7071,16.6622,1
2457617.691147,29.6140,7.4399,14.2060,15.2021,17.7071,16.6622,1
2457618.644027,11.8416,-16.0754,14.2060,15.2021,17.7071,16.6622,1
2457618.690177,22.3868,-21.6268,14.2060,15.2021,17.7071,16.6622,1
2457619.499007,13.4913,35.4409,14.2060,15.2021,17.7071,16.6622,1
2457621.499197,-11.3336,19.0107,14.2060,15.2021,17.7071,16.6622,1
2457621.652347,7.5507,-19.3085,14.2060,15.2021,17.7071,16.6622,1
2457622.496427,7.0332,20.2882,14.2060,15.2021,17.7071,16.6622,1
2457622.568577,7.2420,40.9564,14.2060,15.2021,17.7071,16.6622,1
2457622.586227,17.5869,51.4443,14.2060,15.2021,17.7071,16.6622,1
2457622.621537,5.6495,-3.3105,14.2060,15.2021,17.7071,16.6622,1
2457623.560287,-18.2818,43.5050,14.2060,15.2021,17.7071,16.6622,1
2457623.596637,31.2139,13.7510,14.2060,15.2021,17.7071,16.6622,1
2457623.614467,19.0955,-15.7328,14.2060,15.2021,17.7071,16.6622,1
2457624.491677,14.1748,40.0940,14.2060,15.2021,17.7071,16.6622,1
2457624.544377,48.7340,26.7126,14.2060,15.2021,17.7071,16.6622,1
2457624.564297,47.1715,35.4341,14.2060,15.2021,17.7071,16.6622,1
2457624.582157,-1.5711,25.9188,14.2060,15.2021,17.7071,16.6622,1
2457624.600277,70.4760,-29.2105,14.2060,15.2021,17.7071,16.6622,1
2457625.491237,14.8066,23.1016,14.2060,15.2021,17.7071,16.6622,1
2457625.511257,8.6409,-16.2238,14.2060,15.2021,17.7071,16.6622,1
2457625.533187,-13.3132,-16.4012,14.2060,15.2021,17.7071,16.6622,1
2457625.563037,35.1626,-24.2127,14.2060,15.2021,17.7071,16.6622,1
2457625.581567,75.8633,-13.1603,14.2060,15.2021,17.7071,16.6622,1
2457625.635937,-7.2721,35.2573,14.2060,15.2021,17.7071,16.6622,1
2457625.664657,-12.6791,0.1433,14.2060,15.2021,17.7071,16.6622,1
2457626.621327,-12.2197,31.6302,14.2060,15.2021,17.7071,16.6622,1
2457630.468777,0.8748,0.1733,14.2060,15.2021,17.7071,16.6622,1
2457631.476077,22.6106,3.2521,14.2060,15.2021,17.7071,16.6622,1
2457631.569417,28.9379,36.7068,14.2060,15.2021,17.7071,16.6622,1
2457631.587247,85.0421,-26.2630,14.2060,15.2021,17.7071,16.6622,1
2457631.604917,63.6386,-1.9371,14.2060,15.2021,17.7071,16.6622,1
2457631.642437,49.4086,9.0762,14.2060,15.2021,17.7071,16.6622,1
2457632.634187,-9.2885,8.8121,14.2060,15.2021,17.7071,16.6622,1
2457633.482427,18.7461,24.2227,14.2060,15.2021,17.7071,16.6622,1
2457633.503417,14.2981,18.9956,14.2060,15.2021,17.7071,16.6622,1
2457633.560367,50.8360,-41.9341,14.2060,15.2021,17.7071,16.6622,1
2457636.485227,17.7405,5.2588,14.2060,15.2021,17.7071,16.6622,1
2457637.483797,21.4821,24.0719,14.2060,15.2021,17.7071,16.6622,1
2457637.538147,9.5487,27.6172,14.2060,15.2021,17.7071,16.6622,1
2457637.556517,29.1944,4.7534,14.2060,15.2021,17.7071,16.6622,1
2457637.585807,-1.6782,-16.6136,14.2060,15.2021,17.7071,16.6622,1
2457637.603827,-23.7698,13.1107,14.2060,15.2021,17.7071,16.6622,1
2457638.508737,1.1835,23.0081,14.2060,15.2021,17.7071,16.6622,1
2457638.555647,42.7020,-4.9333,14.2060,15.2021,17.7071,16.6622,1
2457638.617707,-23.9989,17.7568,14.2060,15.2021,17.7071,16.6622,1
2457639.623507,2.2173,10.5632,14.2060,15.2021,17.7071,16.6622,1
2457640.552447,21.1584,-17.5409,14.2060,15.2021,17.7071,16.6622,1
2457640.570347,15.4544,1.6382,14.2060,15.2021,17.7071,16.6622,1
2457640.605447,-3.2587,27.3086,14.2060,15.2021,17.7071,16.6622,1
2457641.535987,31.3356,0.4487,14.2060,15.2021,17.7071,16.6622,1
2457641.582827,86.7707,23.4583,14.2060,15.2021,17.7071,16.6622,1
2457641.600887,46.2867,33.1655,14.2060,15.2021,17.7071,16.6622,1
2457642.479737,13.3755,2.6947,14.2060,15.2021,17.7071,16.6622,1
2457643.566437,18.3742,12.5058,14.2060,15.2021,17.7071,16.6622,1
2457645.533637,6.9618,16.0028,14.2060,15.2021,17.7071,16.6622,1
2457647.542607,5.5178,14.0876,14.2060,15.2021,17.7071,16.6622,1
2457647.560417,19.9834,14.8629,14.2060,15.2021,17.7071,16.6622,1
2457647.590947,36.6066,2.7886,14.2060,15.2021,17.7071,16.6622,1
2457647.608637,34.4945,20.3342,14.2060,15.2021,17.7071,16.6622,1
2457648.536907,31.4280,12.8300,14.2060,15.2021,17.7071,16.6622,1
2457648.554727,12.5792,31.6427,14.2060,15.2021,17.7071,16.6622,1
2457648.601727,30.2595,19.1905,14.2060,15.2021,17.7071,16.6622,1
2457649.481897,0.1610,21.9908,14.2060,15.2021,17.7071,16.6622,1
2457649.518117,6.3668,18.8890,14.2060,15.2021,17.7071,16.6622,1
2457649.535887,38.0625,-7.3114,14.2060,15.2021,17.7071,16.6622,1
2457651.533667,4.7103,24.7904,14.2060,15.2021,17.7071,16.6622,1
2457651.569607,18.4433,28.7362,14.2060,15.2021,17.7071,16.6622,1
2457651.587597,50.9713,12.9095,14.2060,15.2021,17.7071,16.6622,1
2457652.496647,46.7950,-18.6158,14.2060,15.2021,17.7071,16.6622,1
2457652.544767,38.6252,1.6512,14.2060,15.2021,17.7071,16.6622,1
2457652.581677,30.7783,-6.4714,14.2060,15.2021,17.7071,16.6622,1
2457652.599717,12.5238,-7.8056,14.2060,15.2021,17.7071,16.6622,1
2457653.498407,45.1266,8.4722,14.2060,15.2021,17.7071,16.6622,1
2457654.590577,66.9954,11.8516,14.2060,15.2021,17.7071,16.6622,1
2457655.501747,50.0497,-3.6285,14.2060,15.2021,17.7071,16.6622,1
2457655.567867,45.5980,25.8700,14.2060,15.2021,17.7071,16.6622,1
2457655.585697,14.0429,-15.1740,14.2060,15.2021,17.7071,16.6622,1
2457656.506697,4.0740,-2.5229,14.2060,15.2021,17.7071,16.6622,1
2457656.524717,26.9259,-9.1085,14.2060,15.2021,17.7071,16.6622,1
2457656.542227,66.0907,7.3060,14.2060,15.2021,17.7071,16.6622,1
2457657.518127,24.7244,37.3761,14.2060,15.2021,17.7071,16.6622,1
2457657.557307,17.4429,30.3029,14.2060,15.2021,17.7071,16.6622,1
2457658.487387,5.2007,20.8715,14.2060,15.2021,17.7071,16.6622,1
2457658.566527,31.1642,17.5684,14.2060,15.2021,17.7071,16.6622,1
2457660.528927,30.3437,14.0790,14.2060,15.2021,17.7071,16.6622,1
2457662.503847,-1.6930,14.7498,14.2060,15.2021,17.7071,16.6622,1
2457663.538357,9.3539,-4.0740,14.2060,15.2021,17.7071,16.6622,1
2457664.489767,9.4554,26.0984,14.2060,15.2021,17.7071,16.6622,1
2457664.508347,-15.3710,8.0928,14.2060,15.2021,17.7071,16.6622,1
2457664.538427,-4.3064,19.9463,14.2060,15.2021,17.7071,16.6622,1
2457664.556437,21.6961,-1.2362,14.2060,15.2021,17.7071,16.6622,1
2457666.501207,15.8913,11.9706,14.2060,15.2021,17.7071,16.6622,1
2457666.518487,25.4491,21.1383,14.2060,15.2021,17.7071,16.6622,1
2457666.536437,6.1557,6.5356,14.2060,15.2021,17.7071,16.6622,1
2457666.554257,24.9315,9.2654,14.2060,15.2021,17.7071,16.6622,1
2457667.540227,28.8125,24.0593,14.2060,15.2021,17.7071,16.6622,1
2457668.494847,7.1954,21.5995,14.2060,15.2021,17.7071,16.6622,1
2457668.513557,32.9042,0.1755,14.2060,15.2021,17.7071,16.6622,1
2457670.507727,27.3945,33.4495,14.2060,15.2021,17.7071,16.6622,1
2457670.527377,22.0845,24.7885,14.2060,15.2021,17.7071,16.6622,1
2457671.514977,38.6636,24.2985,14.2060,15.2021,17.7071,16.6622,1
2457673.548537,-3.5909,33.6206,14.2060,15.2021,17.7071,16.6622,1
2457675.527647,30.5414,12.7322,14.2060,15.2021,17.7071,16.6622,1
2457805.872617,18.5546,-25.8324,14.2060,15.2021,17.9997,17.7060,2
2457806.877037,10.2349,5.9038,14.2060,15.2021,17.9997,17.7060,2
2457807.859337,32.5827,-27.2409,14.2060,15.2021,17.9997,17.7060,2
2457808.857757,22.7494,4.8208,14.2060,15.2021,17.9997,17.7060,2
2457809.879917,13.8067,16.4912,14.2060,15.2021,17.9997,17.7060,2
2457811.876117,27.6552,0.5715,14.2060,15.2021,17.9997,17.7060,2
2457812.858797,8.1292,-18.1464,14.2060,15.2021,17.9997,17.7060,2
2457814.845087,8.3645,31.1572,14.2060,15.2021,17.9997,17.7060,2
2457814.864447,6.5743,31.3337,14.2060,15.2021,17.9997,17.7060,2
2457816.859637,1.5662,4.3391,14.2060,15.2021,17.9997,17.7060,2
2457816.895517,19.8062,3.2768,14.2060,15.2021,17.9997,17.7060,2
2457817.856217,15.3497,-10.9924,14.2060,15.2021,17.9997,17.7060,2
2457817.892067,3.2404,22.6690,14.2060,15.2021,17.9997,17.7060,2
2457820.838277,24.7693,10.5870,14.2060,15.2021,17.9997,17.7060,2
2457820.875457,20.8569,26.6985,14.2060,15.2021,17.9997,17.7060,2
2457821.821537,40.5623,-8.2891,14.2060,15.2021,17.9997,17.7060,2
2457822.840317,6.3619,-14.7720,14.2060,15.2021,17.9997,17.7060,2
2457823.831937,3.2909,5.5967,14.2060,15.2021,17.9997,17.7060,2
2457823.884337,28.9871,-0.7864,14.2060,15.2021,17.9997,17.7060,2
2457823.902207,11.8564,9.5417,14.2060,15.2021,17.9997,17.7060,2
2457824.828667,29.6789,17.5501,14.2060,15.2021,17.9997,17.7060,2
2457824.859557,17.4954,21.2309,14.2060,15.2021,17.9997,17.7060,2
2457824.897187,13.4866,13.2195,14.2060,15.2021,17.9997,17.7060,2
2457827.800657,9.3925,6.8413,14.2060,15.2021,17.9997,17.7060,2
2457827.830577,-4.1523,8.3168,14.2060,15.2021,17.9997,17.7060,2
2457827.850657,17.2235,9.9348,14.2060,15.2021,17.9997,17.7060,2
2457828.791807,6.5828,-13.2549,14.2060,15.2021,17.9997,17.7060,2
2457828.824737,47.7139,0.3839,14.2060,15.2021,17.9997,17.7060,2
2457829.799697,-6.9425,36.1213,14.2060,15.2021,17.9997,17.7060,2
2457829.818267,6.5252,0.3280,14.2060,15.2021,17.9997,17.7060,2
2457829.836067,15.3551,5.6944,14.2060,15.2021,17.9997,17.7060,2
2457831.797057,27.6357,-16.6748,14.2060,15.2021,17.9997,17.7060,2
2457831.815557,13.5729,27.3486,14.2060,15.2021,17.9997,17.7060,2
2457831.833797,40.8645,21.0166,14.2060,15.2021,17.9997,17.7060,2
2457831.887277,8.0125,7.5625,14.2060,15.2021,17.9997,17.7060,2
2457831.904997,47.7046,18.7061,14.2060,15.2021,17.9997,17.7060,2
2457832.901437,58.4757,12.5669,14.2060,15.2021,17.9997,17.7060,2
2457833.779607,32.4125,8.9273,14.2060,15.2021,17.9997,17.7060,2
2457833.868067,4.5890,17.8612,14.2060,15.2021,17.9997,17.7060,2
2457834.778387,9.8613,5.9234,14.2060,15.2021,17.9997,17.7060,2
2457834.887937,12.0049,20.2559,14.2060,15.2021,17.9997,17.7060,2
2457835.781967,48.1973,-3.7900,14.2060,15.2021,17.9997,17.7060,2
2457835.803577,40.6120,-22.2680,14.2060,15.2021,17.9997,17.7060,2
2457835.823587,22.4203,5.3644,14.2060,15.2021,17.9997,17.7060,2
2457835.843817,10.3094,35.9901,14.2060,15.2021,17.9997,17.7060,2
2457835.898957,-1.9126,16.0117,14.2060,15.2021,17.9997,17.7060,2
2457836.873507,29.3146,-17.5500,14.2060,15.2021,17.9997,17.7060,2
2457836.897067,3.5851,21.0794,14.2060,15.2021,17.9997,17.7060,2
2457838.808777,1.1041,15.1106,14.2060,15.2021,17.9997,17.7060,2
2457838.891237,21.3598,16.0913,14.2060,15.2021,17.9997,17.7060,2
2457838.902407,-9.3513,17.5291,14.2060,15.2021,17.9997,17.7060,2
2457839.763097,-0.2515,22.1013,14.2060,15.2021,17.9997,17.7060,2
2457840.778557,17.0563,16.4901,14.2060,15.2021,17.9997,17.7060,2
2457841.783237,35.5672,-15.8528,14.2060,15.2021,17.9997,17.7060,2
2457841.804527,38.1253,19.0772,14.2060,15.2021,17.9997,17.7060,2
2457841.827917,44.8906,21.0963,14.2060,15.2021,17.9997,17.7060,2
2457841.849817,58.8898,-15.5303,14.2060,15.2021,17.9997,17.7060,2
2457841.916217,6.5908,29.4652,14.2060,15.2021,17.9997,17.7060,2
2457842.757057,16.8084,20.0345,14.2060,15.2021,17.9997,17.7060,2
2457842.779547,-10.7400,20.6941,14.2060,15.2021,17.9997,17.7060,2
2457842.798077,-16.9146,33.5286,14.2060,15.2021,17.9997,17.7060,2
2457843.765487,21.4556,-3.4314,14.2060,15.2021,17.9997,17.7060,2
2457843.816887,20.9757,-7.1631,14.2060,15.2021,17.9997,17.7060,2
2457843.858357,7.5506,30.8831,14.2060,15.2021,17.9997,17.7060,2
2457843.876807,0.5122,-25.2413,14.2060,15.2021,17.9997,17.7060,2
2457844.807337,23.5006,-10.7168,14.2060,15.2021,17.9997,17.7060,2
2457844.824297,43.8491,-8.7881,14.2060,15.2021,17.9997,17.7060,2
2457844.892957,23.4616,9.2073,14.2060,15.2021,17.9997,17.7060,2
2457845.777967,-20.4848,30.6418,14.2060,15.2021,17.9997,17.7060,2
2457845.872687,-17.0492,15.0078,14.2060,15.2021,17.9997,17.7060,2
2457846.742507,49.9991,-9.5550,14.2060,15.2021,17.9997,17.7060,2
2457846.761797,26.2788,-3.6064,14.2060,15.2021,17.9997,17.7060,2
2457846.791917,36.7232,19.1490,14.2060,15.2021,17.9997,17.7060,2
2457846.812407,17.5828,-13.3132,14.2060,15.2021,17.9997,17.7060,2
2457847.782407,44.2784,0.3635,14.2060,15.2021,17.9997,17.7060,2
2457847.801437,34.9894,1.4140,14.2060,15.2021,17.9997,17.7060,2
2457849.762137,17.3177,-2.5108,14.2060,15.2021,17.9997,17.7060,2
2457849.780427,9.1461,28.9727,14.2060,15.2021,17.9997,17.7060,2
2457850.747177,40.1031,14.1364,14.2060,15.2021,17.9997,17.7060,2
2457850.853687,51.5204,-11.1860,14.2060,15.2021,17.9997,17.7060,2
2457850.875257,21.0491,2.0527,14.2060,15.2021,17.9997,17.7060,2
2457850.896807,18.6164,22.7444,14.2060,15.2021,17.9997,17.7060,2
2457851.827757,5.0368,10.7186,14.2060,15.2021,17.9997,17.7060,2
2457851.863867,11.1277,20.0992,14.2060,15.2021,17.9997,17.7060,2
2457851.884727,12.8114,-4.6981,14.2060,15.2021,17.9997,17.7060,2
2457851.906707,6.9100,3.9639,14.2060,15.2021,17.9997,17.7060,2
2457854.751317,56.8399,11.8309,14.2060,15.2021,17.9997,17.7060,2
2457854.787947,-3.6778,4.8480,14.2060,15.2021,17.9997,17.7060,2
2457854.808797,-6.1586,-12.9425,14.2060,15.2021,17.9997,17.7060,2
2457855.726177,-8.4473,-18.5246,14.2060,15.2021,17.9997,17.7060,2
2457855.796007,6.4010,0.9578,14.2060,15.2021,17.9997,17.7060,2
2457856.805437,14.1692,41.3978,14.2060,15.2021,17.9997,17.7060,2
2457856.824307,14.3120,20.4152,14.2060,15.2021,17.9997,17.7060,2
2457856.842157,-1.0266,36.8062,14.2060,15.2021,17.9997,17.7060,2
2457856.892297,13.6805,10.2964,14.2060,15.2021,17.9997,17.7060,2
2457858.881887,-3.9289,10.6546,14.2060,15.2021,17.9997,17.7060,2
2457858.901017,14.0072,7.5789,14.2060,15.2021,17.9997,17.7060,2
2457862.741077,4.1828,20.2298,14.2060,15.2021,17.9997,17.7060,2
2457862.758487,33.3051,20.1709,14.2060,15.2021,17.9997,17.7060,2
2457862.812647,30.1280,12.6539,14.2060,15.2021,17.9997,17.7060,2
2457864.743757,0.8575,16.4768,14.2060,15.2021,17.9997,17.7060,2
2457865.711757,51.3303,14.0672,14.2060,15.2021,17.9997,17.7060,2
2457865.769767,9.4120,24.9553,14.2060,15.2021,17.9997,17.7060,2
2457866.705987,17.6728,3.2025,14.2060,15.2021,17.9997,17.7060,2
2457867.690997,20.7930,6.3950,14.2060,15.2021,17.9997,17.7060,2
2457867.730187,30.7055,2.3599,14.2060,15.2021,17.9997,17.7060,2
2457867.801687,13.5220,-12.8909,14.2060,15.2021,17.9997,17.7060,2
2457869.737107,8.0457,3.7127,14.2060,15.2021,17.9997,17.7060,2
2457869.781357,11.6715,2.0688,14.2060,15.2021,17.9997,17.7060,2
2457869.906257,21.3743,6.4142,14.2060,15.2021,17.9997,17.7060,2
2457869.924987,10.9829,21.5256,14.2060,15.2021,17.9997,17.7060,2
2457870.692357,-1.6141,28.6211,14.2060,15.2021,17.9997,17.7060,2
2457870.792337,2.9789,21.3760,14.2060,15.2021,17.9997,17.7060,2
2457870.905797,-2.8920,15.0901,14.2060,15.2021,17.9997,17.7060,2
2457871.762927,10.2916,23.9185,14.2060,15.2021,17.9997,17.7060,2
2457871.792877,14.9959,28.2434,14.2060,15.2021,17.9997,17.7060,2
2457872.771077,13.0265,19.7017,14.2060,15.2021,17.9997,17.7060,2
2457873.720887,26.0253,5.0607,14.2060,15.2021,17.9997,17.7060,2
2457873.788407,20.2405,-5.8326,14.2060,15.2021,17.9997,17.7060,2
2457873.843027,26.1834,13.7871,14.2060,15.2021,17.9997,17.7060,2
2457873.878077,7.3988,26.9725,14.2060,15.2021,17.9997,17.7060,2
2457873.932427,37.9596,1.3582,14.2060,15.2021,17.9997,17.7060,2
2457874.699677,28.5311,18.6878,14.2060,15.2021,17.9997,17.7060,2
2457874.729627,21.2174,28.7290,14.2060,15.2021,17.9997,17.7060,2
2457874.764977,10.8354,14.0950,14.2060,15.2021,17.9997,17.7060,2
2457874.783587,27.3312,27.2665,14.2060,15.2021,17.9997,17.7060,2
2457874.851727,17.1317,12.7772,14.2060,15.2021,17.9997,17.7060,2
2457874.886877,15.3494,31.3763,14.2060,15.2021,17.9997,17.7060,2
2457875.663607,6.4400,11.7732,14.2060,15.2021,17.9997,17.7060,2
2457875.680817,31.1654,32.0386,14.2060,15.2021,17.9997,17.7060,2
2457876.669167,-9.7828,10.4255,14.2060,15.2021,17.9997,17.7060,2
2457876.687167,-0.6046,1.6883,14.2060,15.2021,17.9997,17.7060,2
2457876.737527,2.9431,17.4375,14.2060,15.2021,17.9997,17.7060,2
2457876.913367,8.8884,17.5026,14.2060,15.2021,17.9997,17.7060,2
2457877.698857,4.9871,12.3525,14.2060,15.2021,17.9997,17.7060,2
2457877.775707,11.7428,17.3691,14.2060,15.2021,17.9997,17.7060,2
2457877.919837,54.1684,7.6041,14.2060,15.2021,17.9997,17.7060,2
2457878.846247,25.8925,7.0335,14.2060,15.2021,17.9997,17.7060,2
2457878.921527,33.9426,10.0758,14.2060,15.2021,17.9997,17.7060,2
2457879.672577,-0.1153,-3.1433,14.2060,15.2021,17.9997,17.7060,2
2457879.693097,53.9403,-17.2450,14.2060,15.2021,17.9997,17.7060,2
2457879.712677,44.8696,-20.6397,14.2060,15.2021,17.9997,17.7060,2
2457879.750837,43.5485,0.4046,14.2060,15.2021,17.9997,17.7060,2
2457879.804817,7.2860,20.1049,14.2060,15.2021,17.9997,17.7060,2
2457879.855347,49.1482,17.2529,14.2060,15.2021,17.9997,17.7060,2
2457879.896297,41.6469,20.9593,14.2060,15.2021,17.9997,17.7060,2
2457882.677457,22.5696,28.6939,14.2060,15.2021,17.9997,17.7060,2
2457882.834607,15.9146,17.8795,14.2060,15.2021,17.9997,17.7060,2
2457882.867137,12.6513,6.9340,14.2060,15.2021,17.9997,17.7060,2
2457882.910117,14.8395,10.1435,14.2060,15.2021,17.9997,17.7060,2
2457888.720327,7.3988,-16.0073,14.2060,15.2021,17.9997,17.7060,2
2457888.756797,41.7453,11.5414,14.2060,15.2021,17.9997,17.7060,2
2457888.788507,11.0600,4.8937,14.2060,15.2021,17.9997,17.7060,2
2457888.807187,21.4917,3.4840,14.2060,15.2021,17.9997,17.7060,2
2457888.825297,4.6864,21.7679,14.2060,15.2021,17.9997,17.7060,2
2457888.860107,6.3718,46.8250,14.2060,15.2021,17.9997,17.7060,2
2457888.877707,15.2969,5.3026,14.2060,15.2021,17.9997,17.7060,2
2457888.906817,20.4190,21.2740,14.2060,15.2021,17.9997,17.7060,2
2457889.648727,45.2585,6.0318,14.2060,15.2021,17.9997,17.7060,2
2457889.679467,-6.6903,-27.2554,14.2060,15.2021,17.9997,17.7060,2
2457889.713797,15.4781,38.2190,14.2060,15.2021,17.9997,17.7060,2
2457889.731697,26.8728,11.1206,14.2060,15.2021,17.9997,17.7060,2
2457889.812217,30.7902,18.6662,14.2060,15.2021,17.9997,17.7060,2
2457890.651797,23.4515,27.6572,14.2060,15.2021,17.9997,17.7060,2
2457890.716687,11.4487,-30.0790,14.2060,15.2021,17.9997,17.7060,2
2457890.758247,42.0699,-28.9723,14.2060,15.2021,17.9997,17.7060,2
2457890.826267,21.8421,29.5116,14.2060,15.2021,17.9997,17.7060,2
2457890.861657,-7.0791,33.9625,14.2060,15.2021,17.9997,17.7060,2
2457890.879577,-4.8947,21.6800,14.2060,15.2021,17.9997,17.7060,2
2457893.788997,20.8644,3.7451,14.2060,15.2021,17.9997,17.7060,2
2457893.810927,15.2794,25.5068,14.2060,15.2021,17.9997,17.7060,2
2457893.867697,-9.3809,15.6796,14.2060,15.2021,17.9997,17.7060,2
2457894.724827,7.9014,26.1218,14.2060,15.2021,17.9997,17.7060,2
2457894.775327,7.4534,31.2062,14.2060,15.2021,17.9997,17.7060,2
2457894.889347,-6.9520,-7.0723,14.2060,15.2021,17.9997,17.7060,2
2457894.915647,42.3809,-21.9980,14.2060,15.2021,17.9997,17.7060,2
2457895.638487,36.8661,29.6879,14.2060,15.2021,17.9997,17.7060,2
2457895.657487,0.5335,7.8788,14.2060,15.2021,17.9997,17.7060,2
2457895.769227,22.7329,15.1308,14.2060,15.2021,17.9997,17.7060,2
2457901.657837,57.2505,23.4185,14.2060,15.2021,17.9997,17.7060,2
2457901.688557,2.0050,-23.9203,14.2060,15.2021,17.9997,17.7060,2
2457902.670817,-8.4929,5.5903,14.2060,15.2021,17.9997,17.7060,2
2457902.736677,19.2599,18.8860,14.2060,15.2021,17.9997,17.7060,2
2457903.601837,0.7926,28.0168,14.2060,15.2021,17.9997,17.7060,2
2457903.797247,2.4557,39.4050,14.2060,15.2021,17.9997,17.7060,2
2457903.844664,13.9775,14.1894,14.2060,15.2021,17.9997,17.7060,2
2457903.879424,-2.3845,31.6699,14.2060,15.2021,17.9997,17.7060,2
2457903.900434,21.5831,26.6584,14.2060,15.2021,17.9997,17.7060,2
2457904.585417,55.4075,9.7887,14.2060,15.2021,17.9997,17.7060,2
2457904.689527,11.3512,32.0033,14.2060,15.2021,17.9997,17.7060,2
2457904.798627,30.9665,27.0054,14.2060,15.2021,17.9997,17.7060,2
2457904.816187,10.0972,-8.2275,14.2060,15.2021,17.9997,17.7060,2
2457904.833807,20.2317,10.4725,14.2060,15.2021,17.9997,17.7060,2
2457904.851337,55.6630,-9.4820,14.2060,15.2021,17.9997,17.7060,2
2457904.869477,25.8998,14.5487,14.2060,15.2021,17.9997,17.7060,2
2457904.898457,49.3654,6.4445,14.2060,15.2021,17.9997,17.7060,2
2457905.593887,11.8925,-17.3573,14.2060,15.2021,17.9997,17.7060,2
2457905.674807,18.2102,5.2270,14.2060,15.2021,17.9997,17.7060,2
2457905.718197,45.0858,39.9926,14.2060,15.2021,17.9997,17.7060,2
2457905.795137,34.2780,1.7906,14.2060,15.2021,17.9997,17.7060,2
2457905.816007,-8.4279,38.7758,14.2060,15.2021,17.9997,17.7060,2
2457906.609728,24.2322,-32.0402,14.2060,15.2021,17.9997,17.7060,2
2457906.707517,-1.1896,3.3301,14.2060,15.2021,17.9997,17.7060,2
2457906.790197,31.7606,34.8016,14.2060,15.2021,17.9997,17.7060,2
2457906.820087,7.8311,27.2462,14.2060,15.2021,17.9997,17.7060,2
2457906.838607,16.7571,46.1665,14.2060,15.2021,17.9997,17.7060,2
2457906.861377,27.2596,41.5764,14.2060,15.2021,17.9997,17.7060,2
2457906.887477,21.1844,-7.7335,14.2060,15.2021,17.9997,17.7060,2
2457907.783447,28.5846,18.2880,14.2060,15.2021,17.9997,17.7060,2
2457908.647447,16.0702,29.5146,14.2060,15.2021,17.9997,17.7060,2
2457908.893847,22.3052,-19.7334,14.2060,15.2021,17.9997,17.7060,2
2457910.590947,26.0637,2.9273,14.2060,15.2021,17.9997,17.7060,2
2457910.652487,10.6598,27.2491,14.2060,15.2021,17.9997,17.7060,2
2457910.835847,19.1940,5.8685,14.2060,15.2021,17.9997,17.7060,2
2457910.892857,24.1751,24.3643,14.2060,15.2021,17.9997,17.7060,2
2457911.616307,30.6018,16.2226,14.2060,15.2021,17.9997,17.7060,2
2457911.653807,2.3263,-0.1986,14.2060,15.2021,17.9997,17.7060,2
2457911.685247,2.2157,22.7535,14.2060,15.2021,17.9997,17.7060,2
2457911.705207,23.8926,5.0689,14.2060,15.2021,17.9997,17.7060,2
2457911.820447,9.6174,16.9872,14.2060,15.2021,17.9997,17.7060,2
2457911.839557,24.1108,-2.4251,14.2060,15.2021,17.9997,17.7060,2
2457911.859937,10.2474,-19.4419,14.2060,15.2021,17.9997,17.7060,2
2457913.692337,19.0689,-6.0637,14.2060,15.2021,17.9997,17.7060,2
2457913.715757,1.9423,8.4642,14.2060,15.2021,17.9997,17.7060,2
2457916.658857,9.6348,8.9796,14.2060,15.2021,17.9997,17.7060,2
2457916.676327,17.1455,5.2380,14.2060,15.2021,17.9997,17.7060,2
2457916.706177,42.7235,4.4445,14.2060,15.2021,17.9997,17.7060,2
2457916.724547,29.3253,6.2764,14.2060,15.2021,17.9997,17.7060,2
2457916.776747,30.6577,10.3732,14.2060,15.2021,17.9997,17.7060,2
2457916.810027,33.0104,-7.4415,14.2060,15.2021,17.9997,17.7060,2
2457916.831647,8.0007,-1.6835,14.2060,15.2021,17.9997,17.7060,2
2457916.849907,4.3328,22.5402,14.2060,15.2021,17.9997,17.7060,2
2457917.591697,44.6169,-8.0794,14.2060,15.2021,17.9997,17.7060,2
2457917.609037,46.2204,-13.3232,14.2060,15.2021,17.9997,17.7060,2
2457917.626227,48.6737,-11.7652,14.2060,15.2021,17.9997,17.7060,2
2457917.727317,12.9368,-1.2029,14.2060,15.2021,17.9997,17.7060,2
2457917.813687,38.7622,41.5055,14.2060,15.2021,17.9997,17.7060,2
2457917.838747,24.5324,-16.9354,14.2060,15.2021,17.9997,17.7060,2
2457917.857847,15.3348,31.3544,14.2060,15.2021,17.9997,17.7060,2
2457917.876817,8.5242,15.8095,14.2060,15.2021,17.9997,17.7060,2
2457923.566247,49.1512,3.6204,14.2060,15.2021,17.9997,17.7060,2
2457923.618067,44.2232,-1.6340,14.2060,15.2021,17.9997,17.7060,2
2457923.636597,-3.8283,11.5516,14.2060,15.2021,17.9997,17.7060,2
2457923.674857,27.0129,26.7983,14.2060,15.2021,17.9997,17.7060,2
2457923.694237,10.5068,21.3901,14.2060,15.2021,17.9997,17.7060,2
2457923.715367,20.8360,24.7417,14.2060,15.2021,17.9997,17.7060,2
2457923.746947,1.1160,34.3503,14.2060,15.2021,17.9997,17.7060,2
2457924.602117,24.3963,10.8534,14.2060,15.2021,17.9997,17.7060,2
2457924.710347,-4.4887,21.1775,14.2060,15.2021,17.9997,17.7060,2
2457924.747107,19.4737,-21.8063,14.2060,15.2021,17.9997,17.7060,2
2457924.766267,47.6620,21.0927,14.2060,15.2021,17.9997,17.7060,2
2457924.787987,-2.4308,11.7461,14.2060,15.2021,17.9997,17.7060,2
2457924.807427,-18.7387,28.9649,14.2060,15.2021,17.9997,17.7060,2
2457924.860057,25.2633,30.4965,14.2060,15.2021,17.9997,17.7060,2
2457925.544107,15.4082,20.9230,14.2060,15.2021,17.9997,17.7060,2
2457925.747467,41.8756,-0.5209,14.2060,15.2021,17.9997,17.7060,2
2457933.643367,45.0230,-18.6949,14.2060,15.2021,17.9997,17.7060,2
2457933.666467,-3.2656,29.0854,14.2060,15.2021,17.9997,17.7060,2
2457933.751557,10.9410,-5.6438,14.2060,15.2021,17.9997,17.7060,2
2457933.783547,55.4913,14.5940,14.2060,15.2021,17.9997,17.7060,2
2457934.535157,13.4077,34.9468,14.2060,15.2021,17.9997,17.7060,2
2457934.569167,1.4443,37.9799,14.2060,15.2021,17.9997,17.7060,2
2457934.608667,59.1725,-21.4531,14.2060,15.2021,17.9997,17.7060,2
2457934.646617,-0.7886,18.1027,14.2060,15.2021,17.9997,17.7060,2
2457934.720367,28.3854,14.7311,14.2060,15.2021,17.9997,17.7060,2
2457935.514507,29.5181,-14.0514,14.2060,15.2021,17.9997,17.7060,2
2457935.586777,1.5020,32.8212,14.2060,15.2021,17.9997,17.7060,2
2457935.608807,11.0256,40.9574,14.2060,15.2021,17.9997,17.7060,2
2457935.647817,14.9819,32.1751,14.2060,15.2021,17.9997,17.7060,2
2457935.720447,17.3449,9.6478,14.2060,15.2021,17.9997,17.7060,2
2457935.760217,16.0543,6.2154,14.2060,15.2021,17.9997,17.7060,2
2457935.782577,5.2322,48.2615,14.2060,15.2021,17.9997,17.7060,2
2457935.813417,40.5665,30.1290,14.2060,15.2021,17.9997,17.7060,2
2457936.501237,27.3798,1.5601,14.2060,15.2021,17.9997,17.7060,2
2457936.597037,2.1685,0.8502,14.2060,15.2021,17.9997,17.7060,2
2457936.639077,-17.2429,13.3694,14.2060,15.2021,17.9997,17.7060,2
2457936.658417,2.5494,19.3261,14.2060,15.2021,17.9997,17.7060,2
2457936.690657,7.8647,-10.2265,14.2060,15.2021,17.9997,17.7060,2
2457936.709947,18.4760,47.4856,14.2060,15.2021,17.9997,17.7060,2
2457936.729117,-23.7668,-18.1666,14.2060,15.2021,17.9997,17.7060,2
2457936.747687,-6.4909,-3.1678,14.2060,15.2021,17.9997,17.7060,2
2457936.766077,22.2660,16.5429,14.2060,15.2021,17.9997,17.7060,2
2457937.520447,14.3642,-12.4609,14.2060,15.2021,17.9997,17.7060,2
2457937.550347,36.4028,4.3644,14.2060,15.2021,17.9997,17.7060,2
2457937.570067,6.6065,4.2026,14.2060,15.2021,17.9997,17.7060,2
2457937.590597,-6.5915,-3.3300,14.2060,15.2021,17.9997,17.7060,2
2457937.610417,-3.1300,-8.5748,14.2060,15.2021,17.9997,17.7060,2
2457937.678167,13.1925,19.9299,14.2060,15.2021,17.9997,17.7060,2
2457937.697347,14.1778,19.7308,14.2060,15.2021,17.9997,17.7060,2
2457937.736737,50.2258,-2.2646,14.2060,15.2021,17.9997,17.7060,2
2457937.756717,61.1939,23.5303,14.2060,15.2021,17.9997,17.7060,2
2457937.827937,-3.7800,-9.0511,14.2060,15.2021,17.9997,17.7060,2
2457938.493977,14.7296,23.9813,14.2060,15.2021,17.9997,17.7060,2
2457938.514477,68.8824,-14.6410,14.2060,15.2021,17.9997,17.7060,2
2457938.548847,52.8506,-11.8629,14.2060,15.2021,17.9997,17.7060,2
2457938.568897,39.3856,-4.9010,14.2060,15.2021,17.9997,17.7060,2
2457944.524107,4.5159,8.0541,14.2060,15.2021,17.9997,17.7060,2
2457944.552727,14.9854,-28.8446,14.2060,15.2021,17.9997,17.7060,2
2457944.684397,1.7949,22.3512,14.2060,15.2021,17.9997,17.7060,2
2457944.759117,27.0440,-18.6611,14.2060,15.2021,17.9997,17.7060,2
2457945.475707,20.7937,19.9150,14.2060,15.2021,17.9997,17.7060,2
2457945.493687,-13.7953,14.9954,14.2060,15.2021,17.9997,17.7060,2
2457945.631697,5.3221,19.0776,14.2060,15.2021,17.9997,17.7060,2
2457945.720437,22.2115,-1.6352,14.2060,15.2021,17.9997,17.7060,2
2457945.801417,-7.1535,28.5109,14.2060,15.2021,17.9997,17.7060,2
2457946.519457,13.6768,26.2899,14.2060,15.2021,17.9997,17.7060,2
2457946.558417,3.1191,-18.0826,14.2060,15.2021,17.9997,17.7060,2
2457946.576157,35.5100,20.8399,14.2060,15.2021,17.9997,17.7060,2
2457946.593217,-2.9553,35.4292,14.2060,15.2021,17.9997,17.7060,2
2457946.614727,23.9079,-0.3043,14.2060,15.2021,17.9997,17.7060,2
2457946.636937,-16.2860,26.5392,14.2060,15.2021,17.9997,17.7060,2
2457946.667557,-2.7320,40.1314,14.2060,15.2021,17.9997,17.7060,2
2457946.685067,-4.5004,32.3193,14.2060,15.2021,17.9997,17.7060,2
2457946.703707,-20.4366,11.0716,14.2060,15.2021,17.9997,17.7060,2
2457947.561437,56.3772,23.6556,14.2060,15.2021,17.9997,17.7060,2
2457948.547837,40.5769,27.3026,14.2060,15.2021,17.9997,17.7060,2
2457948.566347,37.2720,15.0530,14.2060,15.2021,17.9997,17.7060,2
2457948.585517,19.5534,36.3344,14.2060,15.2021,17.9997,17.7060,2
2457948.605187,27.7152,1.6236,14.2060,15.2021,17.9997,17.7060,2
2457948.626277,34.0082,8.8502,14.2060,15.2021,17.9997,17.7060,2
2457948.646587,4.0757,-13.1038,14.2060,15.2021,17.9997,17.7060,2
2457948.757747,-14.5857,-2.7232,14.2060,15.2021,17.9997,17.7060,2
2457949.633617,2.8378,-11.5440,14.2060,15.2021,17.9997,17.7060,2
2457949.653377,-0.9352,20.8588,14.2060,15.2021,17.9997,17.7060,2
2457951.693517,11.0471,-14.4102,14.2060,15.2021,17.9997,17.7060,2
2457952.479777,15.4194,7.4955,14.2060,15.2021,17.9997,17.7060,2
2457952.519497,-1.4806,-12.8136,14.2060,15.2021,17.9997,17.7060,2
2457952.701607,-9.2804,34.2821,14.2060,15.2021,17.9997,17.7060,2
2457952.721767,6.0320,21.2838,14.2060,15.2021,17.9997,17.7060,2
2457952.741557,22.5692,14.8263,14.2060,15.2021,17.9997,17.7060,2
2457953.607777,12.2642,40.0013,14.2060,15.2021,17.9997,17.7060,2
2457953.641517,7.2987,12.9163,14.2060,15.2021,17.9997,17.7060,2
2457953.699607,51.2676,50.7820,14.2060,15.2021,17.9997,17.7060,2
2457953.719797,0.9491,8.3303,14.2060,15.2021,17.9997,17.7060,2
2457954.525757,21.6516,30.8517,14.2060,15.2021,17.9997,17.7060,2
2457954.545037,1.3460,27.5594,14.2060,15.2021,17.9997,17.7060,2
2457954.580007,2.9628,25.8591,14.2060,15.2021,17.9997,17.7060,2
2457954.599167,24.1477,20.7747,14.2060,15.2021,17.9997,17.7060,2
2457954.617737,12.2361,23.3507,14.2060,15.2021,17.9997,17.7060,2
2457954.637797,1.0712,12.7084,14.2060,15.2021,17.9997,17.7060,2
2457954.670217,-2.0262,3.5592,14.2060,15.2021,17.9997,17.7060,2
2457954.708847,8.8289,-3.7507,14.2060,15.2021,17.9997,17.7060,2
2457955.471427,26.6125,26.0741,14.2060,15.2021,17.9997,17.7060,2
2457955.503837,14.2737,24.3749,14.2060,15.2021,17.9997,17.7060,2
2457955.520757,-5.1337,-13.0292,14.2060,15.2021,17.9997,17.7060,2
2457955.538247,33.4450,3.0006,14.2060,15.2021,17.9997,17.7060,2
2457955.557227,2.8674,16.6846,14.2060,15.2021,17.9997,17.7060,2
2457955.574697,13.9679,22.1446,14.2060,15.2021,17.9997,17.7060,2
2457955.624887,17.9823,27.5617,14.2060,15.2021,17.9997,17.7060,2
2457955.643737,13.0996,29.0335,14.2060,15.2021,17.9997,17.7060,2
2457955.662327,-2.6121,31.3301,14.2060,15.2021,17.9997,17.7060,2
2457955.679907,14.1363,50.3651,14.2060,15.2021,17.9997,17.7060,2
2457955.729247,-10.9020,-10.4851,14.2060,15.2021,17.9997,17.7060,2
2457955.763987,-8.0781,22.1486,14.2060,15.2021,17.9997,17.7060,2
2457956.484347,-2.0295,13.9067,14.2060,15.2021,17.9997,17.7060,2
2457956.532567,25.8911,-11.8405,14.2060,15.2021,17.9997,17.7060,2
2457956.662867,14.4085,25.7896,14.2060,15.2021,17.9997,17.7060,2
2457956.764477,3.1176,30.2557,14.2060,15.2021,17.9997,17.7060,2
2457957.640767,13.6721,15.3139,14.2060,15.2021,17.9997,17.7060,2
2457958.666917,37.5338,-8.3589,14.2060,15.2021,17.9997,17.7060,2
2457958.695437,29.0913,-2.7820,14.2060,15.2021,17.9997,17.7060,2
2457958.711877,18.2250,33.8727,14.2060,15.2021,17.9997,17.7060,2
2457958.748627,30.9630,-5.6883,14.2060,15.2021,17.9997,17.7060,2
2457959.496097,-10.8825,24.9523,14.2060,15.2021,17.9997,17.7060,2
2457959.514817,14.2266,1.8251,14.2060,15.2021,17.9997,17.7060,2
2457959.605987,15.2617,27.5723,14.2060,15.2021,17.9997,17.7060,2
2457959.623637,2.7088,21.6156,14.2060,15.2021,17.9997,17.7060,2
2457959.641427,13.1998,-7.9238,14.2060,15.2021,17.9997,17.7060,2
2457959.743277,6.9320,53.9339,14.2060,15.2021,17.9997,17.7060,2
2457960.470257,33.8967,21.9946,14.2060,15.2021,17.9997,17.7060,2
2457960.610337,15.4055,20.1777,14.2060,15.2021,17.9997,17.7060,2
2457960.677547,-0.3885,44.2496,14.2060,15.2021,17.9997,17.7060,2
2457960.694897,14.7093,37.7425,14.2060,15.2021,17.9997,17.7060,2
2457960.715787,17.8777,17.7422,14.2060,15.2021,17.9997,17.7060,2
2457961.477157,-7.2729,-12.1621,14.2060,15.2021,17.9997,17.7060,2
2457961.521607,7.8875,-15.1264,14.2060,15.2021,17.9997,17.7060,2
2457961.570087,5.8358,9.7455,14.2060,15.2021,17.9997,17.7060,2
2457961.588627,26.3837,30.4993,14.2060,15.2021,17.9997,17.7060,2
2457961.607937,12.5941,23.1208,14.2060,15.2021,17.9997,17.7060,2
2457961.648247,-0.9220,13.4732,14.2060,15.2021,17.9997,17.7060,2
2457961.677847,21.2928,37.7578,14.2060,15.2021,17.9997,17.7060,2
2457962.663847,4.8149,8.6982,14.2060,15.2021,17.9997,17.7060,2
2457962.682627,36.6536,14.3955,14.2060,15.2021,17.9997,17.7060,2
2457962.699727,-19.8362,17.8420,14.2060,15.2021,17.9997,17.7060,2
2457964.557047,11.5865,25.3781,14.2060,15.2021,17.9997,17.7060,2
2457964.645227,27.6386,25.8213,14.2060,15.2021,17.9997,17.7060,2
2457964.692867,5.8120,17.3545,14.2060,15.2021,17.9997,17.7060,2
2457964.728277,9.7061,13.3270,14.2060,15.2021,17.9997,17.7060,2
2457964.745337,18.2731,-19.9610,14.2060,15.2021,17.9997,17.7060,2
2457966.573257,-1.1007,14.6717,14.2060,15.2021,17.9997,17.7060,2
2457966.653737,3.0489,12.4862,14.2060,15.2021,17.9997,17.7060,2
2457968.584257,12.7097,-7.3301,14.2060,15.2021,17.9997,17.7060,2
2457968.615487,41.7508,30.4223,14.2060,15.2021,17.9997,17.7060,2
2457970.704917,-6.6448,4.5886,14.2060,15.2021,17.9997,17.7060,2
2457971.626597,10.7654,37.8175,14.2060,15.2021,17.9997,17.7060,2
2457981.580227,6.1883,-0.1090,14.2060,15.2021,17.9997,17.7060,2
2457981.601337,32.0708,9.1609,14.2060,15.2021,17.9997,17.7060,2
2457982.505497,19.3615,0.9648,14.2060,15.2021,17.9997,17.7060,2
2457982.540147,8.7290,8.5610,14.2060,15.2021,17.9997,17.7060,2
2457982.704407,13.2054,1.4095,14.2060,15.2021,17.9997,17.7060,2
2457983.694367,21.2429,-24.0272,14.2060,15.2021,17.9997,17.7060,2
2457984.508397,5.9988,38.3346,14.2060,15.2021,17.9997,17.7060,2
2457984.529857,13.2566,28.2457,14.2060,15.2021,17.9997,17.7060,2
2457984.606727,16.4020,0.3978,14.2060,15.2021,17.9997,17.7060,2
2457984.663817,33.8784,-10.1333,14.2060,15.2021,17.9997,17.7060,2
2457985.519957,23.5700,23.5398,14.2060,15.2021,17.9997,17.7060,2
2457985.655897,29.6584,-8.3337,14.2060,15.2021,17.9997,17.7060,2
2457985.690907,24.4638,11.2788,14.2060,15.2021,17.9997,17.7060,2
2457986.497057,16.5260,30.7740,14.2060,15.2021,17.9997,17.7060,2
2457986.526957,3.7129,6.0413,14.2060,15.2021,17.9997,17.7060,2
2457986.564367,10.1822,7.2950,14.2060,15.2021,17.9997,17.7060,2
2457986.581857,20.4616,8.1631,14.2060,15.2021,17.9997,17.7060,2
2457986.626677,23.9658,-9.0612,14.2060,15.2021,17.9997,17.7060,2
2457987.491277,15.8781,29.2928,14.2060,15.2021,17.9997,17.7060,2
2457987.531367,1.8916,28.6495,14.2060,15.2021,17.9997,17.7060,2
2457987.563277,-2.7965,27.3703,14.2060,15.2021,17.9997,17.7060,2
2457987.605627,23.1023,20.1752,14.2060,15.2021,17.9997,17.7060,2
2457987.686597,-1.9509,-0.9078,14.2060,15.2021,17.9997,17.7060,2
2457990.538787,3.0680,6.1581,14.2060,15.2021,17.9997,17.7060,2
2457990.628897,3.7417,34.2760,14.2060,15.2021,17.9997,17.7060,2
2457990.683217,-7.0411,-6.0463,14.2060,15.2021,17.9997,17.7060,2
2457991.542697,10.9689,10.1936,14.2060,15.2021,17.9997,17.7060,2
2457991.579147,29.6351,-13.2084,14.2060,15.2021,17.9997,17.7060,2
2457991.596737,-2.1956,3.0934,14.2060,15.2021,17.9997,17.7060,2
2457991.653227,22.7349,-0.8653,14.2060,15.2021,17.9997,17.7060,2
2457994.521097,17.3010,10.6195,14.2060,15.2021,17.9997,17.7060,2
2457994.552417,50.6939,32.5173,14.2060,15.2021,17.9997,17.7060,2
2457994.572587,23.2060,-10.7381,14.2060,15.2021,17.9997,17.7060,2
2457994.593707,26.9584,11.6765,14.2060,15.2021,17.9997,17.7060,2
2457994.621187,15.3933,2.9007,14.2060,15.2021,17.9997,17.7060,2
2457995.498797,25.2834,34.4952,14.2060,15.2021,17.9997,17.7060,2
2457996.484167,11.7645,7.9993,14.2060,15.2021,17.9997,17.7060,2
2457996.566977,22.3395,44.0084,14.2060,15.2021,17.9997,17.7060,2
2457996.596127,40.8176,26.6112,14.2060,15.2021,17.9997,17.7060,2
2457996.615467,19.1012,16.4189,14.2060,15.2021,17.9997,17.7060,2
2457996.631877,16.2812,-6.5836,14.2060,15.2021,17.9997,17.7060,2
2457997.562867,10.7152,-14.3224,14.2060,15.2021,17.9997,17.7060,2
2457997.581297,-2.1542,41.0872,14.2060,15.2021,17.9997,17.7060,2
2457997.600637,27.9843,28.3036,14.2060,15.2021,17.9997,17.7060,2
2457998.485297,7.1702,23.6640,14.2060,15.2021,17.9997,17.7060,2
2457998.505427,13.6662,18.0068,14.2060,15.2021,17.9997,17.7060,2
2457998.614017,8.2849,21.3941,14.2060,15.2021,17.9997,17.7060,2
2457998.634507,29.2776,-33.2616,14.2060,15.2021,17.9997,17.7060,2
2457998.653947,-9.8812,5.5869,14.2060,15.2021,17.9997,17.7060,2
2457999.636347,40.3073,24.9934,14.2060,15.2021,17.9997,17.7060,2
2458001.588417,-5.3126,36.9703,14.2060,15.2021,17.9997,17.7060,2
2458001.619027,49.3609,-14.1240,14.2060,15.2021,17.9997,17.7060,2
2458001.635187,7.5492,-8.9332,14.2060,15.2021,17.9997,17.7060,2
2458002.605407,7.2949,0.7184,14.2060,15.2021,17.9997,17.7060,2
2458002.624697,-16.4338,33.7064,14.2060,15.2021,17.9997,17.7060,2
2458003.479397,3.3495,3.6475,14.2060,15.2021,17.9997,17.7060,2
2458003.598857,21.3029,9.7608,14.2060,15.2021,17.9997,17.7060,2
2458003.646027,39.9248,-17.4342,14.2060,15.2021,17.9997,17.7060,2
2458004.489517,-8.1061,19.7889,14.2060,15.2021,17.9997,17.7060,2
2458004.568057,9.7556,18.3595,14.2060,15.2021,17.9997,17.7060,2
2458004.590077,48.4199,4.9043,14.2060,15.2021,17.9997,17.7060,2
2458007.604937,38.7226,-21.9755,14.2060,15.2021,17.9997,17.7060,2
2458010.542257,-3.0407,15.9440,14.2060,15.2021,17.9997,17.7060,2
2458010.564447,-4.1497,27.8209,14.2060,15.2021,17.9997,17.7060,2
2458010.594327,50.0944,8.0425,14.2060,15.2021,17.9997,17.7060,2
2458010.615117,1.2833,-0.8122,14.2060,15.2021,17.9997,17.7060,2
2458012.494277,26.0641,38.2205,14.2060,15.2021,17.9997,17.7060,2
2458012.513607,13.8649,-2.9233,14.2060,15.2021,17.9997,17.7060,2
2458013.498067,18.3590,43.2602,14.2060,15.2021,17.9997,17.7060,2
2458013.515187,9.8618,3.0882,14.2060,15.2021,17.9997,17.7060,2
2458013.552127,18.8306,17.6060,14.2060,15.2021,17.9997,17.7060,2
2458013.607077,43.6482,-30.5275,14.2060,15.2021,17.9997,17.7060,2
2458014.479087,28.0926,31.5934,14.2060,15.2021,17.9997,17.7060,2
2458014.555957,5.0009,6.2329,14.2060,15.2021,17.9997,17.7060,2
2458014.575647,15.6767,32.1874,14.2060,15.2021,17.9997,17.7060,2
2458014.593147,10.9385,32.6237,14.2060,15.2021,17.9997,17.7060,2
2458017.514897,5.2166,-6.1444,14.2060,15.2021,17.9997,17.7060,2
2458017.575877,-15.2803,52.6057,14.2060,15.2021,17.9997,17.7060,2
2458018.556407,-15.6965,34.6337,14.2060,15.2021,17.9997,17.7060,2
2458018.593847,48.6252,14.7454,14.2060,15.2021,17.9997,17.7060,2
2458019.595467,21.6388,40.0234,14.2060,15.2021,17.9997,17.7060,2
2458021.512157,61.2200,-4.2983,14.2060,15.2021,17.9997,17.7060,2
2458021.533747,46.7449,2.7183,14.2060,15.2021,17.9997,17.7060,2
2458022.507687,4.1152,3.6742,14.2060,15.2021,17.9997,17.7060,2
2458022.547777,3.8227,22.6288,14.2060,15.2021,17.9997,17.7060,2
2458022.594447,-19.3502,-1.4729,14.2060,15.2021,17.9997,17.7060,2
2458023.580597,35.8665,14.0789,14.2060,15.2021,17.9997,17.7060,2
2458023.592107,5.5689,5.5676,14.2060,15.2021,17.9997,17.7060,2
2458029.576347,19.5820,27.3833,14.2060,15.2021,17.9997,17.7060,2
2458032.512177,8.1980,-13.1438,14.2060,15.2021,17.9997,17.7060,2
2458032.530417,52.0047,-2.0147,14.2060,15.2021,17.9997,17.7060,2
2458034.547627,6.2146,27.9458,14.2060,15.2021,17.9997,17.7060,2
2458035.553177,54.5669,20.0196,14.2060,15.2021,17.9997,17.7060,2
2458036.530077,29.0155,35.6969,14.2060,15.2021,17.9997,17.7060,2
2458036.550677,12.2577,19.3854,14.2060,15.2021,17.9997,17.7060,2
2458037.496537,18.7309,-4.3068,14.2060,15.2021,17.9997,17.7060,2
2458040.523527,-0.5452,-5.0062,14.2060,15.2021,17.9997,17.7060,2
2458041.503687,38.4453,-29.9961,14.2060,15.2021,17.9997,17.7060,2
2458043.494827,-5.7228,4.3687,14.2060,15.2021,17.9997,17.7060,2
2458045.516137,72.5872,-33.9071,14.2060,15.2021,17.9997,17.7060,2
2458170.856207,10.8560,10.3642,14.2060,15.2021,13.1264,12.7741,3
2458171.870627,-4.9542,-10.4500,14.2060,15.2021,13.1264,12.7741,3
2458172.894487,7.8038,15.8944,14.2060,15.2021,13.1264,12.7741,3
2458173.872527,-2.0086,13.4696,14.2060,15.2021,13.1264,12.7741,3
2458174.856577,-4.6567,12.4347,14.2060,15.2021,13.1264,12.7741,3
2458176.847987,32.4647,-13.5448,14.2060,15.2021,13.1264,12.7741,3
2458176.864597,22.7034,-14.5977,14.2060,15.2021,13.1264,12.7741,3
2458177.875327,21.5027,18.5984,14.2060,15.2021,13.1264,12.7741,3
2458178.880577,12.6808,8.7551,14.2060,15.2021,13.1264,12.7741,3
2458179.864947,-13.3300,-14.9343,14.2060,15.2021,13.1264,12.7741,3
2458179.883787,13.1570,1.6691,14.2060,15.2021,13.1264,12.7741,3
2458179.902187,20.6838,0.3266,14.2060,15.2021,13.1264,12.7741,3
2458180.843417,32.6219,27.2567,14.2060,15.2021,13.1264,12.7741,3
2458180.860647,15.7858,7.2226,14.2060,15.2021,13.1264,12.7741,3
2458181.825467,-3.6907,-12.4912,14.2060,15.2021,13.1264,12.7741,3
2458183.832277,-4.3155,27.5842,14.2060,15.2021,13.1264,12.7741,3
2458183.860287,13.4397,24.2441,14.2060,15.2021,13.1264,12.7741,3
2458184.871527,11.4478,-18.4165,14.2060,15.2021,13.1264,12.7741,3
2458184.889917,29.7946,-19.4166,14.2060,15.2021,13.1264,12.7741,3
2458184.908467,13.4903,1.0537,14.2060,15.2021,13.1264,12.7741,3
2458185.815817,-9.3950,-9.4460,14.2060,15.2021,13.1264,12.7741,3
2458185.832757,-11.2614,21.6635,14.2060,15.2021,13.1264,12.7741,3
2458185.860667,6.5166,13.6253,14.2060,15.2021,13.1264,12.7741,3
2458185.878597,26.5255,21.4062,14.2060,15.2021,13.1264,12.7741,3
2458185.895487,-5.3258,33.4849,14.2060,15.2021,13.1264,12.7741,3
2458186.862437,28.5057,-5.2206,14.2060,15.2021,13.1264,12.7741,3
2458186.883127,-0.2203,-15.3014,14.2060,15.2021,13.1264,12.7741,3
2458187.873117,-10.6894,16.5911,14.2060,15.2021,13.1264,12.7741,3
2458187.890267,6.7767,8.4364,14.2060,15.2021,13.1264,12.7741,3
2458188.869367,0.5078,14.7453,14.2060,15.2021,13.1264,12.7741,3
2458188.906257,-4.8503,17.4357,14.2060,15.2021,13.1264,12.7741,3
2458189.814507,7.5291,-7.6256,14.2060,15.2021,13.1264,12.7741,3
2458189.844887,-6.5192,-7.5317,14.2060,15.2021,13.1264,12.7741,3
2458189.861587,-3.5531,16.1771,14.2060,15.2021,13.1264,12.7741,3
2458189.878867,-5.4497,6.2984,14.2060,15.2021,13.1264,12.7741,3
2458190.852417,2.3254,20.7944,14.2060,15.2021,13.1264,12.7741,3
2458191.853777,12.3705,31.6617,14.2060,15.2021,13.1264,12.7741,3
2458191.863567,31.5248,6.3948,14.2060,15.2021,13.1264,12.7741,3
2458191.897897,-14.0967,30.9803,14.2060,15.2021,13.1264,12.7741,3
2458192.867897,-8.3328,15.1131,14.2060,15.2021,13.1264,12.7741,3
2458192.887827,-7.0502,13.5145,14.2060,15.2021,13.1264,12.7741,3
2458192.904957,12.6240,11.0826,14.2060,15.2021,13.1264,12.7741,3
2458193.802297,1.3953,26.9765,14.2060,15.2021,13.1264,12.7741,3
2458193.853197,10.1464,4.4664,14.2060,15.2021,13.1264,12.7741,3
2458194.809337,-0.1242,-19.6062,14.2060,15.2021,13.1264,12.7741,3
2458194.843517,4.3688,1.7637,14.2060,15.2021,13.1264,12.7741,3
2458195.827197,-1.5449,4.0728,14.2060,15.2021,13.1264,12.7741,3
2458195.843967,16.3928,20.1355,14.2060,15.2021,13.1264,12.7741,3
2458195.889867,2.7088,-18.6127,14.2060,15.2021,13.1264,12.7741,3
2458196.791677,27.0210,-9.9556,14.2060,15.2021,13.1264,12.7741,3
2458196.825987,19.2002,31.2770,14.2060,15.2021,13.1264,12.7741,3
2458196.846107,29.9320,8.7819,14.2060,15.2021,13.1264,12.7741,3
2458196.863227,6.3486,18.1401,14.2060,15.2021,13.1264,12.7741,3
2458196.914627,7.5034,6.7882,14.2060,15.2021,13.1264,12.7741,3
2458197.790857,14.2656,-0.9049,14.2060,15.2021,13.1264,12.7741,3
2458197.842217,12.2544,-15.7321,14.2060,15.2021,13.1264,12.7741,3
2458197.862447,4.1823,22.5060,14.2060,15.2021,13.1264,12.7741,3
2458197.914127,-2.2158,-5.1073,14.2060,15.2021,13.1264,12.7741,3
2458198.803577,20.8299,-21.0411,14.2060,15.2021,13.1264,12.7741,3
2458198.820067,-6.4638,18.6724,14.2060,15.2021,13.1264,12.7741,3
2458198.864447,1.8733,14.3534,14.2060,15.2021,13.1264,12.7741,3
2458198.884767,-18.5362,22.4053,14.2060,15.2021,13.1264,12.7741,3
2458199.808367,11.2388,22.5918,14.2060,15.2021,13.1264,12.7741,3
2458199.825517,-18.6649,-11.6225,14.2060,15.2021,13.1264,12.7741,3
2458199.842577,13.6635,7.1230,14.2060,15.2021,13.1264,12.7741,3
2458199.862507,8.6264,21.0818,14.2060,15.2021,13.1264,12.7741,3
2458199.908667,2.1524,-4.3661,14.2060,15.2021,13.1264,12.7741,3
2458200.913557,23.8515,8.8682,14.2060,15.2021,13.1264,12.7741,3
2458201.801687,13.8502,-12.4190,14.2060,15.2021,13.1264,12.7741,3
2458201.818617,23.4499,5.4091,14.2060,15.2021,13.1264,12.7741,3
2458201.897957,2.0578,-2.6184,14.2060,15.2021,13.1264,12.7741,3
2458202.789767,-3.5675,-5.8141,14.2060,15.2021,13.1264,12.7741,3
2458203.768317,-12.5548,0.0878,14.2060,15.2021,13.1264,12.7741,3
2458203.784807,11.2284,-1.4535,14.2060,15.2021,13.1264,12.7741,3
2458203.835697,-1.5892,1.0804,14.2060,15.2021,13.1264,12.7741,3
2458204.820587,-3.5422,17.8057,14.2060,15.2021,13.1264,12.7741,3
2458204.838377,11.6864,3.5705,14.2060,15.2021,13.1264,12.7741,3
2458204.866027,-0.0058,17.8643,14.2060,15.2021,13.1264,12.7741,3
2458204.899637,5.7306,9.6601,14.2060,15.2021,13.1264,12.7741,3
2458205.759287,4.2002,20.1942,14.2060,15.2021,13.1264,12.7741,3
2458205.776187,16.9394,-20.4710,14.2060,15.2021,13.1264,12.7741,3
2458205.807157,-13.8363,22.2511,14.2060,15.2021,13.1264,12.7741,3
2458206.758697,15.2096,-13.1344,14.2060,15.2021,13.1264,12.7741,3
2458206.792607,12.0383,7.7897,14.2060,15.2021,13.1264,12.7741,3
2458206.888707,18.5152,8.3715,14.2060,15.2021,13.1264,12.7741,3
2458207.776607,-12.2191,-2.9850,14.2060,15.2021,13.1264,12.7741,3
2458207.793627,14.4126,3.0031,14.2060,15.2021,13.1264,12.7741,3
2458208.759917,16.3674,-6.7276,14.2060,15.2021,13.1264,12.7741,3
2458208.805377,0.8123,28.0576,14.2060,15.2021,13.1264,12.7741,3
2458210.794607,8.6414,-12.4867,14.2060,15.2021,13.1264,12.7741,3
2458210.811447,24.0906,11.2941,14.2060,15.2021,13.1264,12.7741,3
2458210.838967,1.9949,21.8819,14.2060,15.2021,13.1264,12.7741,3
2458210.856767,0.4798,19.6857,14.2060,15.2021,13.1264,12.7741,3
2458211.743847,18.7254,-12.1851,14.2060,15.2021,13.1264,12.7741,3
2458211.777597,24.9127,-0.9774,14.2060,15.2021,13.1264,12.7741,3
2458211.794467,24.9047,19.6172,14.2060,15.2021,13.1264,12.7741,3
2458211.879967,-1.0985,10.9890,14.2060,15.2021,13.1264,12.7741,3
2458211.897097,-7.1520,13.1483,14.2060,15.2021,13.1264,12.7741,3
2458211.913987,18.5000,4.6301,14.2060,15.2021,13.1264,12.7741,3
2458212.758367,10.6421,26.7284,14.2060,15.2021,13.1264,12.7741,3
2458213.774947,15.4468,28.1065,14.2060,15.2021,13.1264,12.7741,3
2458214.812607,10.4787,-1.1918,14.2060,15.2021,13.1264,12.7741,3
2458214.830217,-2.7120,7.6250,14.2060,15.2021,13.1264,12.7741,3
2458214.847497,7.0068,13.2310,14.2060,15.2021,13.1264,12.7741,3
2458214.894267,4.5699,-1.6549,14.2060,15.2021,13.1264,12.7741,3
2458216.751937,18.1313,-7.5037,14.2060,15.2021,13.1264,12.7741,3
2458216.768957,27.2565,14.6174,14.2060,15.2021,13.1264,12.7741,3
2458216.861607,16.0450,36.8508,14.2060,15.2021,13.1264,12.7741,3
2458216.905917,3.1549,14.6831,14.2060,15.2021,13.1264,12.7741,3
2458217.765507,-6.4552,37.1008,14.2060,15.2021,13.1264,12.7741,3
2458217.811577,22.2654,20.8237,14.2060,15.2021,13.1264,12.7741,3
2458217.851207,15.2037,22.4965,14.2060,15.2021,13.1264,12.7741,3
2458217.869987,-0.5515,11.6712,14.2060,15.2021,13.1264,12.7741,3
2458217.899117,16.9677,33.9666,14.2060,15.2021,13.1264,12.7741,3
2458217.916197,8.5907,10.9083,14.2060,15.2021,13.1264,12.7741,3
2458220.808007,20.4401,-5.2275,14.2060,15.2021,13.1264,12.7741,3
2458220.898347,11.3425,2.9272,14.2060,15.2021,13.1264,12.7741,3
2458221.725687,7.9283,19.4748,14.2060,15.2021,13.1264,12.7741,3
2458221.742957,14.8778,17.7548,14.2060,15.2021,13.1264,12.7741,3
2458221.760187,14.7624,17.2354,14.2060,15.2021,13.1264,12.7741,3
2458221.880017,5.0970,20.3320,14.2060,15.2021,13.1264,12.7741,3
2458222.718727,18.5030,25.0460,14.2060,15.2021,13.1264,12.7741,3
2458222.736207,6.6768,4.6971,14.2060,15.2021,13.1264,12.7741,3
2458222.753317,9.9285,-8.4519,14.2060,15.2021,13.1264,12.7741,3
2458222.770537,0.1199,21.1751,14.2060,15.2021,13.1264,12.7741,3
2458222.866037,2.5916,29.8255,14.2060,15.2021,13.1264,12.7741,3
2458223.800727,-1.5399,14.7806,14.2060,15.2021,13.1264,12.7741,3
2458223.802507,32.9824,2.3226,14.2060,15.2021,13.1264,12.7741,3
2458223.854517,1.7608,6.9038,14.2060,15.2021,13.1264,12.7741,3
2458223.871797,-6.5500,25.0799,14.2060,15.2021,13.1264,12.7741,3
2458223.916887,-7.3660,6.2996,14.2060,15.2021,13.1264,12.7741,3
2458224.767027,6.6011,32.4265,14.2060,15.2021,13.1264,12.7741,3
2458224.784017,5.1062,5.3843,14.2060,15.2021,13.1264,12.7741,3
2458224.801307,15.4296,21.7909,14.2060,15.2021,13.1264,12.7741,3
2458224.818367,1.2216,-1.0343,14.2060,15.2021,13.1264,12.7741,3
2458224.835467,18.6420,12.7685,14.2060,15.2021,13.1264,12.7741,3
2458224.880067,13.9571,9.1172,14.2060,15.2021,13.1264,12.7741,3
2458224.921937,23.2309,0.8414,14.2060,15.2021,13.1264,12.7741,3
2458225.741347,-13.2372,17.5339,14.2060,15.2021,13.1264,12.7741,3
2458225.810637,23.1259,11.4840,14.2060,15.2021,13.1264,12.7741,3
2458225.827237,-13.9460,37.3783,14.2060,15.2021,13.1264,12.7741,3
2458225.844317,14.9264,15.0623,14.2060,15.2021,13.1264,12.7741,3
2458225.914407,-0.3922,11.8353,14.2060,15.2021,13.1264,12.7741,3
2458226.746277,-11.9000,27.5906,14.2060,15.2021,13.1264,12.7741,3
2458226.819147,19.6711,-0.0961,14.2060,15.2021,13.1264,12.7741,3
2458226.865877,-0.0647,37.3733,14.2060,15.2021,13.1264,12.7741,3
2458226.882867,29.9855,27.3429,14.2060,15.2021,13.1264,12.7741,3
2458226.899937,8.1143,24.9642,14.2060,15.2021,13.1264,12.7741,3
2458227.719577,1.0246,-6.0384,14.2060,15.2021,13.1264,12.7741,3
2458227.737937,-11.1297,6.0515,14.2060,15.2021,13.1264,12.7741,3
2458227.754947,-8.7422,-11.1363,14.2060,15.2021,13.1264,12.7741,3
2458227.771907,-8.6756,20.7493,14.2060,15.2021,13.1264,12.7741,3
2458227.788557,-14.4886,25.2912,14.2060,15.2021,13.1264,12.7741,3
2458227.828057,8.8494,7.3065,14.2060,15.2021,13.1264,12.7741,3
2458227.845767,-2.6216,-7.6687,14.2060,15.2021,13.1264,12.7741,3
2458227.898137,6.6247,23.5354,14.2060,15.2021,13.1264,12.7741,3
2458227.925247,-15.9345,26.7521,14.2060,15.2021,13.1264,12.7741,3
2458228.747947,-14.5272,24.4925,14.2060,15.2021,13.1264,12.7741,3
2458228.796657,8.0719,30.5742,14.2060,15.2021,13.1264,12.7741,3
2458228.899047,-7.2095,19.5198,14.2060,15.2021,13.1264,12.7741,3
2458229.721167,-12.2136,-4.1357,14.2060,15.2021,13.1264,12.7741,3
2458229.751997,7.4897,15.2037,14.2060,15.2021,13.1264,12.7741,3
2458229.789077,-2.2942,5.5140,14.2060,15.2021,13.1264,12.7741,3
2458230.740567,-21.0286,33.1422,14.2060,15.2021,13.1264,12.7741,3
2458230.801687,4.3603,5.2494,14.2060,15.2021,13.1264,12.7741,3
2458230.865847,-14.1765,10.9333,14.2060,15.2021,13.1264,12.7741,3
2458230.883567,10.6020,19.5715,14.2060,15.2021,13.1264,12.7741,3
2458231.846567,25.1746,13.1600,14.2060,15.2021,13.1264,12.7741,3
2458231.864007,32.2631,23.1387,14.2060,15.2021,13.1264,12.7741,3
2458231.935567,33.8447,16.4135,14.2060,15.2021,13.1264,12.7741,3
2458233.699227,16.7092,-13.4916,14.2060,15.2021,13.1264,12.7741,3
2458233.756287,1.3351,11.5509,14.2060,15.2021,13.1264,12.7741,3
2458233.774977,3.4802,12.3144,14.2060,15.2021,13.1264,12.7741,3
2458233.794087,30.7747,21.5166,14.2060,15.2021,13.1264,12.7741,3
2458233.811697,-7.3026,34.2749,14.2060,15.2021,13.1264,12.7741,3
2458233.828557,13.8961,-6.7710,14.2060,15.2021,13.1264,12.7741,3
2458233.873467,22.1799,-9.1692,14.2060,15.2021,13.1264,12.7741,3
2458233.890307,22.4147,0.9578,14.2060,15.2021,13.1264,12.7741,3
2458233.910647,7.8854,30.6781,14.2060,15.2021,13.1264,12.7741,3
2458236.709227,15.0772,33.0814,14.2060,15.2021,13.1264,12.7741,3
2458236.726477,5.3967,-6.6362,14.2060,15.2021,13.1264,12.7741,3
2458236.743807,-9.1715,-2.0521,14.2060,15.2021,13.1264,12.7741,3
2458236.775957,2.1166,3.8998,14.2060,15.2021,13.1264,12.7741,3
2458236.795897,-1.8567,16.7921,14.2060,15.2021,13.1264,12.7741,3
2458236.812557,-1.7592,8.9854,14.2060,15.2021,13.1264,12.7741,3
2458236.846187,26.5664,9.4092,14.2060,15.2021,13.1264,12.7741,3
2458238.762377,20.1559,14.9962,14.2060,15.2021,13.1264,12.7741,3
2458238.858797,11.0992,12.0299,14.2060,15.2021,13.1264,12.7741,3
2458238.920347,22.5719,-0.2218,14.2060,15.2021,13.1264,12.7741,3
2458240.732307,-1.5628,10.0269,14.2060,15.2021,13.1264,12.7741,3
2458240.753827,-4.7682,34.2883,14.2060,15.2021,13.1264,12.7741,3
2458240.770947,22.3548,-11.8849,14.2060,15.2021,13.1264,12.7741,3
2458240.853567,9.4227,-5.4074,14.2060,15.2021,13.1264,12.7741,3
2458241.747297,-12.3801,3.0860,14.2060,15.2021,13.1264,12.7741,3
2458241.781437,17.0142,15.8690,14.2060,15.2021,13.1264,12.7741,3
2458241.801907,19.6700,-2.4221,14.2060,15.2021,13.1264,12.7741,3
2458242.772927,6.6909,0.2492,14.2060,15.2021,13.1264,12.7741,3
2458242.807227,11.6915,2.0567,14.2060,15.2021,13.1264,12.7741,3
2458243.723057,-6.3258,-5.1353,14.2060,15.2021,13.1264,12.7741,3
2458243.756997,26.3041,13.9896,14.2060,15.2021,13.1264,12.7741,3
2458243.774277,3.3780,15.9778,14.2060,15.2021,13.1264,12.7741,3
2458243.877117,8.9502,18.2687,14.2060,15.2021,13.1264,12.7741,3
2458243.904377,27.6763,-2.5212,14.2060,15.2021,13.1264,12.7741,3
2458243.921597,12.4763,9.9086,14.2060,15.2021,13.1264,12.7741,3
2458244.736737,25.5478,23.3507,14.2060,15.2021,13.1264,12.7741,3
2458244.771367,-1.5689,6.8873,14.2060,15.2021,13.1264,12.7741,3
2458244.816307,21.7975,0.0789,14.2060,15.2021,13.1264,12.7741,3
2458244.832987,16.9169,14.4770,14.2060,15.2021,13.1264,12.7741,3
2458244.867447,2.1655,4.0042,14.2060,15.2021,13.1264,12.7741,3
2458244.923367,-3.5879,24.3022,14.2060,15.2021,13.1264,12.7741,3
2458245.783717,22.8186,10.3690,14.2060,15.2021,13.1264,12.7741,3
2458245.807187,-14.3342,8.3354,14.2060,15.2021,13.1264,12.7741,3
2458245.853267,17.8889,7.7760,14.2060,15.2021,13.1264,12.7741,3
2458246.736747,10.1960,18.8693,14.2060,15.2021,13.1264,12.7741,3
2458246.754037,-2.6974,2.5914,14.2060,15.2021,13.1264,12.7741,3
2458246.821367,37.3959,-11.7622,14.2060,15.2021,13.1264,12.7741,3
2458246.839117,-7.1943,32.0512,14.2060,15.2021,13.1264,12.7741,3
2458246.873477,11.9992,6.4704,14.2060,15.2021,13.1264,12.7741,3
2458246.924407,0.4537,1.8147,14.2060,15.2021,13.1264,12.7741,3
2458249.667897,-2.6312,-15.8116,14.2060,15.2021,13.1264,12.7741,3
2458249.724607,9.6846,20.1982,14.2060,15.2021,13.1264,12.7741,3
2458249.756247,-12.4680,18.0362,14.2060,15.2021,13.1264,12.7741,3
2458249.843307,11.5291,-0.1729,14.2060,15.2021,13.1264,12.7741,3
2458249.870787,4.5108,29.8410,14.2060,15.2021,13.1264,12.7741,3
2458249.888097,13.4178,-2.7852,14.2060,15.2021,13.1264,12.7741,3
2458249.905807,25.1125,10.2831,14.2060,15.2021,13.1264,12.7741,3
2458250.658537,25.1656,-3.2961,14.2060,15.2021,13.1264,12.7741,3
2458250.675737,17.0078,14.2162,14.2060,15.2021,13.1264,12.7741,3
2458250.692477,2.1408,20.2069,14.2060,15.2021,13.1264,12.7741,3
2458250.709617,19.1816,3.0454,14.2060,15.2021,13.1264,12.7741,3
2458250.754897,-4.2766,-3.5261,14.2060,15.2021,13.1264,12.7741,3
2458250.906737,9.4938,27.5055,14.2060,15.2021,13.1264,12.7741,3
2458251.694497,-7.0176,20.0241,14.2060,15.2021,13.1264,12.7741,3
2458251.711417,-6.6053,-6.9465,14.2060,15.2021,13.1264,12.7741,3
2458251.728447,15.3431,11.7452,14.2060,15.2021,13.1264,12.7741,3
2458251.747097,11.0762,-1.0895,14.2060,15.2021,13.1264,12.7741,3
2458251.774947,29.9359,11.9748,14.2060,15.2021,13.1264,12.7741,3
2458251.792627,27.6507,12.6047,14.2060,15.2021,13.1264,12.7741,3
2458252.906827,-1.4585,2.7266,14.2060,15.2021,13.1264,12.7741,3
2458253.713627,18.6948,2.0849,14.2060,15.2021,13.1264,12.7741,3
2458253.730707,19.9244,7.2973,14.2060,15.2021,13.1264,12.7741,3
2458253.794317,15.3619,14.0352,14.2060,15.2021,13.1264,12.7741,3
2458253.811287,10.7205,9.6349,14.2060,15.2021,13.1264,12.7741,3
2458253.827727,26.9387,27.6834,14.2060,15.2021,13.1264,12.7741,3
2458253.845017,36.0846,19.9457,14.2060,15.2021,13.1264,12.7741,3
2458254.666147,9.8214,23.0432,14.2060,15.2021,13.1264,12.7741,3
2458254.817937,24.7465,2.5326,14.2060,15.2021,13.1264,12.7741,3
2458254.834767,9.0995,21.7238,14.2060,15.2021,13.1264,12.7741,3
2458254.888047,5.7343,11.6171,14.2060,15.2021,13.1264,12.7741,3
2458254.905087,7.1281,18.7459,14.2060,15.2021,13.1264,12.7741,3
2458254.921727,-14.2816,24.6965,14.2060,15.2021,13.1264,12.7741,3
2458255.723877,13.9868,24.4078,14.2060,15.2021,13.1264,12.7741,3
2458255.768767,15.0629,12.1146,14.2060,15.2021,13.1264,12.7741,3
2458255.888037,4.1080,19.4717,14.2060,15.2021,13.1264,12.7741,3
2458256.670527,16.1158,13.0782,14.2060,15.2021,13.1264,12.7741,3
2458256.690597,6.5691,-15.3448,14.2060,15.2021,13.1264,12.7741,3
2458256.707427,-15.2241,4.0744,14.2060,15.2021,13.1264,12.7741,3
2458256.758517,6.5938,8.7433,14.2060,15.2021,13.1264,12.7741,3
2458256.779077,21.2783,4.0066,14.2060,15.2021,13.1264,12.7741,3
2458256.799047,13.1438,20.6297,14.2060,15.2021,13.1264,12.7741,3
2458256.833387,24.8315,20.6485,14.2060,15.2021,13.1264,12.7741,3
2458256.898677,1.6395,0.6331,14.2060,15.2021,13.1264,12.7741,3
2458257.659917,21.6833,-0.1250,14.2060,15.2021,13.1264,12.7741,3
2458257.677057,13.4968,-12.8987,14.2060,15.2021,13.1264,12.7741,3
2458257.721587,24.1804,18.0890,14.2060,15.2021,13.1264,12.7741,3
2458257.738437,17.9224,12.5131,14.2060,15.2021,13.1264,12.7741,3
2458257.818517,9.0918,28.8430,14.2060,15.2021,13.1264,12.7741,3
2458257.852977,-9.0794,15.5214,14.2060,15.2021,13.1264,12.7741,3
2458257.875627,8.5243,31.7302,14.2060,15.2021,13.1264,12.7741,3
2458257.899087,-11.0264,3.1592,14.2060,15.2021,13.1264,12.7741,3
2458258.629227,8.9903,17.7155,14.2060,15.2021,13.1264,12.7741,3
2458258.656397,-2.0206,14.4972,14.2060,15.2021,13.1264,12.7741,3
2458258.673487,16.7225,-12.7380,14.2060,15.2021,13.1264,12.7741,3
2458258.690387,-9.5383,1.7372,14.2060,15.2021,13.1264,12.7741,3
2458258.707537,-10.5974,27.5715,14.2060,15.2021,13.1264,12.7741,3
2458258.724487,4.5753,22.5281,14.2060,15.2021,13.1264,12.7741,3
2458258.803587,14.1438,12.9884,14.2060,15.2021,13.1264,12.7741,3
2458258.820177,-13.1433,5.9201,14.2060,15.2021,13.1264,12.7741,3
2458258.854387,-12.3901,15.3013,14.2060,15.2021,13.1264,12.7741,3
2458258.888537,6.1031,-7.1856,14.2060,15.2021,13.1264,12.7741,3
2458259.684477,15.1755,4.3397,14.2060,15.2021,13.1264,12.7741,3
2458259.711487,-3.3016,17.1262,14.2060,15.2021,13.1264,12.7741,3
2458259.728747,6.3990,15.9228,14.2060,15.2021,13.1264,12.7741,3
2458259.757077,10.7358,12.2842,14.2060,15.2021,13.1264,12.7741,3
2458259.811657,-7.8933,22.7326,14.2060,15.2021,13.1264,12.7741,3
2458259.829167,23.5524,12.3529,14.2060,15.2021,13.1264,12.7741,3
2458259.881937,16.7922,17.8118,14.2060,15.2021,13.1264,12.7741,3
2458259.915617,24.7582,-14.5712,14.2060,15.2021,13.1264,12.7741,3
2458260.649287,18.2837,-14.3136,14.2060,15.2021,13.1264,12.7741,3
2458260.706637,28.8958,29.7140,14.2060,15.2021,13.1264,12.7741,3
2458260.748467,14.5195,26.2868,14.2060,15.2021,13.1264,12.7741,3
2458260.802567,14.0463,14.7517,14.2060,15.2021,13.1264,12.7741,3
2458260.836287,28.9872,34.4788,14.2060,15.2021,13.1264,12.7741,3
2458260.853507,5.1301,-3.7007,14.2060,15.2021,13.1264,12.7741,3
2458260.887837,-3.3039,15.8598,14.2060,15.2021,13.1264,12.7741,3
2458260.904247,28.5990,1.5697,14.2060,15.2021,13.1264,12.7741,3
2458261.620517,8.2287,15.4413,14.2060,15.2021,13.1264,12.7741,3
2458261.735707,-1.0734,7.1166,14.2060,15.2021,13.1264,12.7741,3
2458261.838007,1.4815,11.5628,14.2060,15.2021,13.1264,12.7741,3
2458261.903167,-2.4868,-7.6077,14.2060,15.2021,13.1264,12.7741,3
2458261.922097,17.3157,16.5183,14.2060,15.2021,13.1264,12.7741,3
2458262.616267,-13.3407,-10.7927,14.2060,15.2021,13.1264,12.7741,3
2458262.660487,29.7796,-9.8160,14.2060,15.2021,13.1264,12.7741,3
2458262.677447,-2.4031,17.4902,14.2060,15.2021,13.1264,12.7741,3
2458262.711867,7.0704,15.0022,14.2060,15.2021,13.1264,12.7741,3
2458262.808787,-1.3666,27.7510,14.2060,15.2021,13.1264,12.7741,3
2458262.853707,-1.8668,-0.9452,14.2060,15.2021,13.1264,12.7741,3
2458263.626237,13.9296,-9.5621,14.2060,15.2021,13.1264,12.7741,3
2458263.642997,-3.5501,15.1106,14.2060,15.2021,13.1264,12.7741,3
2458263.679397,14.7206,-11.6621,14.2060,15.2021,13.1264,12.7741,3
2458263.706347,15.4339,6.3450,14.2060,15.2021,13.1264,12.7741,3
2458263.731707,-3.7712,-2.6997,14.2060,15.2021,13.1264,12.7741,3
2458263.750747,-6.4740,19.1086,14.2060,15.2021,13.1264,12.7741,3
2458263.767967,13.6124,19.8308,14.2060,15.2021,13.1264,12.7741,3
2458263.785067,1.3909,30.2928,14.2060,15.2021,13.1264,12.7741,3
2458263.846567,-7.7842,31.5428,14.2060,15.2021,13.1264,12.7741,3
2458263.907567,35.1161,-14.8193,14.2060,15.2021,13.1264,12.7741,3
2458264.624567,-9.7020,-4.0614,14.2060,15.2021,13.1264,12.7741,3
2458264.641957,-9.6618,-7.7008,14.2060,15.2021,13.1264,12.7741,3
2458264.687207,-4.4956,5.8586,14.2060,15.2021,13.1264,12.7741,3
2458264.768087,-3.0022,4.4347,14.2060,15.2021,13.1264,12.7741,3
2458264.785187,19.1476,7.3386,14.2060,15.2021,13.1264,12.7741,3
2458264.802297,-11.3247,10.0489,14.2060,15.2021,13.1264,12.7741,3
2458264.824837,-2.9096,5.6945,14.2060,15.2021,13.1264,12.7741,3
2458264.841727,-3.1216,5.0768,14.2060,15.2021,13.1264,12.7741,3
2458264.875397,6.6686,12.8560,14.2060,15.2021,13.1264,12.7741,3
2458264.892127,-11.1170,-3.4464,14.2060,15.2021,13.1264,12.7741,3
2458264.908667,28.6065,-1.8168,14.2060,15.2021,13.1264,12.7741,3
2458265.634337,38.5823,-7.9853,14.2060,15.2021,13.1264,12.7741,3
2458265.651287,1.9725,-1.6068,14.2060,15.2021,13.1264,12.7741,3
2458265.677337,15.7927,6.6805,14.2060,15.2021,13.1264,12.7741,3
2458265.694707,12.5548,25.6038,14.2060,15.2021,13.1264,12.7741,3
2458265.712347,20.5311,-5.7789,14.2060,15.2021,13.1264,12.7741,3
2458265.774287,-0.0224,13.8199,14.2060,15.2021,13.1264,12.7741,3
2458265.791097,4.2467,12.2033,14.2060,15.2021,13.1264,12.7741,3
2458265.836097,2.7000,9.1820,14.2060,15.2021,13.1264,12.7741,3
2458265.891387,-7.9127,29.4374,14.2060,15.2021,13.1264,12.7741,3
2458265.908547,10.8398,33.3059,14.2060,15.2021,13.1264,12.7741,3
2458266.640987,7.7965,22.4352,14.2060,15.2021,13.1264,12.7741,3
2458271.688387,10.9905,-9.1478,14.2060,15.2021,13.1264,12.7741,3
2458271.753257,2.9817,22.2900,14.2060,15.2021,13.1264,12.7741,3
2458271.787197,22.4162,33.9477,14.2060,15.2021,13.1264,12.7741,3
2458271.803927,16.7272,27.4808,14.2060,15.2021,13.1264,12.7741,3
2458271.820467,-13.9697,7.9846,14.2060,15.2021,13.1264,12.7741,3
2458271.848077,4.8996,27.3358,14.2060,15.2021,13.1264,12.7741,3
2458271.887327,33.7948,30.9878,14.2060,15.2021,13.1264,12.7741,3
2458272.599547,6.4628,-4.7377,14.2060,15.2021,13.1264,12.7741,3
2458272.616567,24.1067,17.9616,14.2060,15.2021,13.1264,12.7741,3
2458272.673667,8.1064,20.6266,14.2060,15.2021,13.1264,12.7741,3
2458273.594187,5.4958,15.4133,14.2060,15.2021,13.1264,12.7741,3
2458273.611517,35.6532,-15.8835,14.2060,15.2021,13.1264,12.7741,3
2458273.628337,11.1808,-20.5575,14.2060,15.2021,13.1264,12.7741,3
2458273.693557,6.2063,6.2335,14.2060,15.2021,13.1264,12.7741,3
2458273.744997,30.4821,12.1401,14.2060,15.2021,13.1264,12.7741,3
2458273.762107,23.1589,23.0795,14.2060,15.2021,13.1264,12.7741,3
2458273.806237,14.0766,20.5266,14.2060,15.2021,13.1264,12.7741,3
2458273.845937,-13.6220,4.6223,14.2060,15.2021,13.1264,12.7741,3
2458274.723277,14.1320,11.8569,14.2060,15.2021,13.1264,12.7741,3
2458274.740317,12.8160,31.5151,14.2060,15.2021,13.1264,12.7741,3
2458274.792887,15.2972,24.6164,14.2060,15.2021,13.1264,12.7741,3
2458274.819717,6.4979,3.3710,14.2060,15.2021,13.1264,12.7741,3
2458274.836897,-16.1061,-18.6520,14.2060,15.2021,13.1264,12.7741,3
2458274.853717,8.1800,31.0575,14.2060,15.2021,13.1264,12.7741,3
2458274.870537,7.2795,0.8049,14.2060,15.2021,13.1264,12.7741,3
2458275.850937,8.0586,12.4850,14.2060,15.2021,13.1264,12.7741,3
2458276.594867,25.7006,11.5790,14.2060,15.2021,13.1264,12.7741,3
2458276.629607,18.7938,5.4826,14.2060,15.2021,13.1264,12.7741,3
2458276.858457,3.4244,12.1682,14.2060,15.2021,13.1264,12.7741,3
2458277.631797,0.8096,34.3840,14.2060,15.2021,13.1264,12.7741,3
2458277.649247,22.5592,21.3610,14.2060,15.2021,13.1264,12.7741,3
2458277.666047,12.8706,0.8464,14.2060,15.2021,13.1264,12.7741,3
2458277.694387,20.7593,12.7671,14.2060,15.2021,13.1264,12.7741,3
2458277.714917,28.5951,14.4313,14.2060,15.2021,13.1264,12.7741,3
2458277.748657,12.8393,35.2340,14.2060,15.2021,13.1264,12.7741,3
2458277.809637,17.7685,19.7389,14.2060,15.2021,13.1264,12.7741,3
2458277.843707,2.2872,-3.0717,14.2060,15.2021,13.1264,12.7741,3
2458278.587307,5.4768,-13.1860,14.2060,15.2021,13.1264,12.7741,3
2458278.604597,-6.1637,-9.8428,14.2060,15.2021,13.1264,12.7741,3
2458278.621287,27.5693,9.4302,14.2060,15.2021,13.1264,12.7741,3
2458278.639837,24.4049,18.5393,14.2060,15.2021,13.1264,12.7741,3
2458278.668947,-7.8662,33.6439,14.2060,15.2021,13.1264,12.7741,3
2458278.689327,3.6325,18.9070,14.2060,15.2021,13.1264,12.7741,3
2458278.741307,8.0164,-2.9922,14.2060,15.2021,13.1264,12.7741,3
2458282.599917,19.0033,14.3785,14.2060,15.2021,13.1264,12.7741,3
2458282.634407,18.9240,7.2488,14.2060,15.2021,13.1264,12.7741,3
2458282.753127,0.5423,11.2062,14.2060,15.2021,13.1264,12.7741,3
2458282.799497,10.7489,5.1742,14.2060,15.2021,13.1264,12.7741,3
2458282.816177,-1.9019,14.1065,14.2060,15.2021,13.1264,12.7741,3
2458282.833007,0.1552,19.2561,14.2060,15.2021,13.1264,12.7741,3
2458282.852317,-14.1831,24.0606,14.2060,15.2021,13.1264,12.7741,3
2458283.570517,20.8322,-15.9512,14.2060,15.2021,13.1264,12.7741,3
2458283.621557,0.8672,15.1862,14.2060,15.2021,13.1264,12.7741,3
2458283.638367,7.2071,-1.7361,14.2060,15.2021,13.1264,12.7741,3
2458283.678197,4.3124,8.3066,14.2060,15.2021,13.1264,12.7741,3
2458283.796167,0.3732,16.9799,14.2060,15.2021,13.1264,12.7741,3
2458283.816417,18.4005,9.8466,14.2060,15.2021,13.1264,12.7741,3
2458283.833337,-4.0094,30.5087,14.2060,15.2021,13.1264,12.7741,3
2458283.850737,3.5401,0.1992,14.2060,15.2021,13.1264,12.7741,3
2458284.549447,1.8438,34.7521,14.2060,15.2021,13.1264,12.7741,3
2458284.617687,-4.0151,4.8594,14.2060,15.2021,13.1264,12.7741,3
2458284.665107,9.9425,17.3999,14.2060,15.2021,13.1264,12.7741,3
2458284.772857,-1.6486,2.0571,14.2060,15.2021,13.1264,12.7741,3
2458284.806887,21.2268,11.8871,14.2060,15.2021,13.1264,12.7741,3
2458284.843047,0.5598,5.7447,14.2060,15.2021,13.1264,12.7741,3
2458284.870657,26.4695,3.0127,14.2060,15.2021,13.1264,12.7741,3
2458285.619147,8.8840,-5.8885,14.2060,15.2021,13.1264,12.7741,3
2458285.653327,1.6434,10.0295,14.2060,15.2021,13.1264,12.7741,3
2458286.543457,12.4172,27.2569,14.2060,15.2021,13.1264,12.7741,3
2458286.594357,-13.9225,6.3226,14.2060,15.2021,13.1264,12.7741,3
2458286.717177,3.4002,34.7078,14.2060,15.2021,13.1264,12.7741,3
2458286.735057,13.1968,12.3617,14.2060,15.2021,13.1264,12.7741,3
2458286.755577,4.3025,16.9910,14.2060,15.2021,13.1264,12.7741,3
2458286.816187,10.9184,8.4498,14.2060,15.2021,13.1264,12.7741,3
2458286.833737,9.3630,5.2105,14.2060,15.2021,13.1264,12.7741,3
2458287.577317,9.4399,4.7635,14.2060,15.2021,13.1264,12.7741,3
2458287.578777,-16.3939,9.1294,14.2060,15.2021,13.1264,12.7741,3
2458287.614487,-3.4202,12.6612,14.2060,15.2021,13.1264,12.7741,3
2458287.631637,-18.3671,7.3148,14.2060,15.2021,13.1264,12.7741,3
2458287.677277,-5.0443,4.3845,14.2060,15.2021,13.1264,12.7741,3
2458287.694057,7.6045,6.7507,14.2060,15.2021,13.1264,12.7741,3
2458287.748327,2.7107,-0.1414,14.2060,15.2021,13.1264,12.7741,3
2458287.794677,26.4181,4.3048,14.2060,15.2021,13.1264,12.7741,3
2458288.654027,9.4782,7.8853,14.2060,15.2021,13.1264,12.7741,3
2458288.671207,10.1188,3.2049,14.2060,15.2021,13.1264,12.7741,3
2458288.722967,15.6409,14.8412,14.2060,15.2021,13.1264,12.7741,3
2458288.750487,5.4742,6.7558,14.2060,15.2021,13.1264,12.7741,3
2458288.767377,-12.1530,4.8333,14.2060,15.2021,13.1264,12.7741,3
2458288.819137,9.0670,10.7856,14.2060,15.2021,13.1264,12.7741,3
2458289.639067,8.5993,24.0613,14.2060,15.2021,13.1264,12.7741,3
2458289.655757,8.9528,5.5749,14.2060,15.2021,13.1264,12.7741,3
2458289.719087,13.7265,32.5132,14.2060,15.2021,13.1264,12.7741,3
2458289.769377,-3.1636,17.7347,14.2060,15.2021,13.1264,12.7741,3
2458289.787397,-6.0933,19.6633,14.2060,15.2021,13.1264,12.7741,3
2458289.816337,16.5727,8.9437,14.2060,15.2021,13.1264,12.7741,3
2458290.585197,-9.6988,-3.2052,14.2060,15.2021,13.1264,12.7741,3
2458290.606887,2.0947,10.7128,14.2060,15.2021,13.1264,12.7741,3
2458290.623517,9.4131,27.6051,14.2060,15.2021,13.1264,12.7741,3
2458290.657377,24.8892,3.0164,14.2060,15.2021,13.1264,12.7741,3
2458290.687727,-6.4702,16.3151,14.2060,15.2021,13.1264,12.7741,3
2458290.725467,15.3048,-10.0304,14.2060,15.2021,13.1264,12.7741,3
2458290.742427,13.2396,10.8898,14.2060,15.2021,13.1264,12.7741,3
2458290.759837,18.8232,-4.5742,14.2060,15.2021,13.1264,12.7741,3
2458290.787797,30.7467,18.8643,14.2060,15.2021,13.1264,12.7741,3
2458290.821517,-2.2446,25.6463,14.2060,15.2021,13.1264,12.7741,3
2458291.575837,8.9003,-0.7737,14.2060,15.2021,13.1264,12.7741,3
2458291.592607,13.0786,5.5482,14.2060,15.2021,13.1264,12.7741,3
2458291.609317,35.6242,11.0320,14.2060,15.2021,13.1264,12.7741,3
2458291.637087,-6.5562,5.4163,14.2060,15.2021,13.1264,12.7741,3
2458291.670407,14.1241,27.4526,14.2060,15.2021,13.1264,12.7741,3
2458291.687757,-0.9703,7.4291,14.2060,15.2021,13.1264,12.7741,3
2458291.704567,1.5161,16.4123,14.2060,15.2021,13.1264,12.7741,3
2458291.736367,-6.7858,28.4523,14.2060,15.2021,13.1264,12.7741,3
2458291.753297,23.2780,-16.7828,14.2060,15.2021,13.1264,12.7741,3
2458291.770747,-8.5022,17.5359,14.2060,15.2021,13.1264,12.7741,3
2458292.668897,7.0007,11.9205,14.2060,15.2021,13.1264,12.7741,3
2458292.696557,0.2726,16.0718,14.2060,15.2021,13.1264,12.7741,3
2458292.719617,-3.5565,5.0450,14.2060,15.2021,13.1264,12.7741,3
2458292.736607,-5.3740,6.3615,14.2060,15.2021,13.1264,12.7741,3
2458292.757767,-4.5563,0.1027,14.2060,15.2021,13.1264,12.7741,3
2458292.774947,26.5250,-3.4967,14.2060,15.2021,13.1264,12.7741,3
2458292.812957,16.2979,10.7858,14.2060,15.2021,13.1264,12.7741,3
2458292.830917,2.5631,-3.6874,14.2060,15.2021,13.1264,12.7741,3
2458293.576187,38.2891,-12.3087,14.2060,15.2021,13.1264,12.7741,3
2458293.728017,19.8452,-6.2616,14.2060,15.2021,13.1264,12.7741,3
2458294.666417,15.4665,14.1066,14.2060,15.2021,13.1264,12.7741,3
2458294.786547,10.3315,19.9640,14.2060,15.2021,13.1264,12.7741,3
2458295.634777,5.3106,11.1885,14.2060,15.2021,13.1264,12.7741,3
2458295.651477,9.4390,-2.8414,14.2060,15.2021,13.1264,12.7741,3
2458295.685527,21.2362,-15.3771,14.2060,15.2021,13.1264,12.7741,3
2458295.786427,0.7781,20.4981,14.2060,15.2021,13.1264,12.7741,3
2458298.716347,16.9493,2.9145,14.2060,15.2021,13.1264,12.7741,3
2458301.619697,22.0896,5.6127,14.2060,15.2021,13.1264,12.7741,3
2458306.640577,8.7945,-5.6938,14.2060,15.2021,13.1264,12.7741,3
2458306.721887,25.5337,-2.5339,14.2060,15.2021,13.1264,12.7741,3
2458306.772517,37.5508,20.9876,14.2060,15.2021,13.1264,12.7741,3
2458307.522377,40.9064,-6.5719,14.2060,15.2021,13.1264,12.7741,3
2458307.539647,4.6474,19.1013,14.2060,15.2021,13.1264,12.7741,3
2458307.556847,18.2723,-15.2484,14.2060,15.2021,13.1264,12.7741,3
2458307.573967,20.9544,9.1166,14.2060,15.2021,13.1264,12.7741,3
2458307.619447,18.0252,21.8408,14.2060,15.2021,13.1264,12.7741,3
2458307.699417,10.9267,11.6233,14.2060,15.2021,13.1264,12.7741,3
2458307.750697,-11.4694,0.6395,14.2060,15.2021,13.1264,12.7741,3
2458307.795897,37.4570,-0.9520,14.2060,15.2021,13.1264,12.7741,3
2458308.491747,-18.5562,24.3256,14.2060,15.2021,13.1264,12.7741,3
2458308.536697,-13.3793,0.3573,14.2060,15.2021,13.1264,12.7741,3
2458308.581867,2.8932,26.1046,14.2060,15.2021,13.1264,12.7741,3
2458308.620717,38.8599,-5.5383,14.2060,15.2021,13.1264,12.7741,3
2458308.639767,17.9202,-2.4780,14.2060,15.2021,13.1264,12.7741,3
2458308.702677,2.2150,25.4207,14.2060,15.2021,13.1264,12.7741,3
2458308.718997,17.9569,3.4813,14.2060,15.2021,13.1264,12.7741,3
2458308.735987,1.2502,1.5930,14.2060,15.2021,13.1264,12.7741,3
2458309.476677,7.9141,3.0850,14.2060,15.2021,13.1264,12.7741,3
2458309.493887,9.3336,-3.0542,14.2060,15.2021,13.1264,12.7741,3
2458309.637067,1.8520,8.9644,14.2060,15.2021,13.1264,12.7741,3
2458309.704947,-8.8748,32.1235,14.2060,15.2021,13.1264,12.7741,3
2458309.755447,14.9644,11.9506,14.2060,15.2021,13.1264,12.7741,3
2458309.788247,-18.6233,16.1486,14.2060,15.2021,13.1264,12.7741,3
2458310.503087,16.5022,16.1772,14.2060,15.2021,13.1264,12.7741,3
2458310.520187,-20.0609,-15.9679,14.2060,15.2021,13.1264,12.7741,3
2458310.558917,17.7990,1.5467,14.2060,15.2021,13.1264,12.7741,3
2458310.576607,13.4518,22.4344,14.2060,15.2021,13.1264,12.7741,3
2458310.611147,4.7321,16.6792,14.2060,15.2021,13.1264,12.7741,3
2458310.657707,7.6658,11.1163,14.2060,15.2021,13.1264,12.7741,3
2458310.708327,4.8686,-0.4745,14.2060,15.2021,13.1264,12.7741,3
2458310.742227,20.0519,-3.9285,14.2060,15.2021,13.1264,12.7741,3
2458310.805607,11.0068,-19.4465,14.2060,15.2021,13.1264,12.7741,3
2458311.523527,9.9810,25.7882,14.2060,15.2021,13.1264,12.7741,3
2458311.559517,15.0740,-6.8206,14.2060,15.2021,13.1264,12.7741,3
2458311.575867,8.4870,27.8326,14.2060,15.2021,13.1264,12.7741,3
2458311.592987,-23.3198,6.0277,14.2060,15.2021,13.1264,12.7741,3
2458311.621357,-9.7569,23.7067,14.2060,15.2021,13.1264,12.7741,3
2458311.682867,-19.1212,23.1964,14.2060,15.2021,13.1264,12.7741,3
2458311.699547,-19.5812,22.1744,14.2060,15.2021,13.1264,12.7741,3
2458311.727217,10.0059,-2.5007,14.2060,15.2021,13.1264,12.7741,3
2458311.744227,4.8095,24.2401,14.2060,15.2021,13.1264,12.7741,3
2458311.777807,8.3479,-4.7247,14.2060,15.2021,13.1264,12.7741,3
2458312.475317,-14.8715,15.6587,14.2060,15.2021,13.1264,12.7741,3
2458312.519947,-18.6560,-7.8335,14.2060,15.2021,13.1264,12.7741,3
2458312.553287,-12.7481,29.8579,14.2060,15.2021,13.1264,12.7741,3
2458312.626117,7.6539,1.6451,14.2060,15.2021,13.1264,12.7741,3
2458312.643257,5.0566,7.8216,14.2060,15.2021,13.1264,12.7741,3
2458312.659827,6.6676,8.3442,14.2060,15.2021,13.1264,12.7741,3
2458312.676797,21.9728,-19.2083,14.2060,15.2021,13.1264,12.7741,3
2458312.704477,18.4849,16.6796,14.2060,15.2021,13.1264,12.7741,3
2458312.720987,9.3814,-3.2377,14.2060,15.2021,13.1264,12.7741,3
2458312.760857,6.8859,31.5319,14.2060,15.2021,13.1264,12.7741,3
2458313.483227,12.3907,-17.7726,14.2060,15.2021,13.1264,12.7741,3
2458313.500907,-6.8686,12.3277,14.2060,15.2021,13.1264,12.7741,3
2458313.517917,22.7520,21.3282,14.2060,15.2021,13.1264,12.7741,3
2458313.552747,-6.3023,8.9089,14.2060,15.2021,13.1264,12.7741,3
2458313.598757,20.0988,4.8840,14.2060,15.2021,13.1264,12.7741,3
2458313.620367,-5.5056,18.0875,14.2060,15.2021,13.1264,12.7741,3
2458313.654467,-16.5441,2.2854,14.2060,15.2021,13.1264,12.7741,3
2458313.699377,39.0778,-12.7689,14.2060,15.2021,13.1264,12.7741,3
2458313.733247,-11.2122,11.2951,14.2060,15.2021,13.1264,12.7741,3
2458314.478397,25.1320,6.7688,14.2060,15.2021,13.1264,12.7741,3
2458314.497457,13.6615,-0.0676,14.2060,15.2021,13.1264,12.7741,3
2458314.532017,-5.1695,7.5253,14.2060,15.2021,13.1264,12.7741,3
2458314.533987,-12.5804,18.0175,14.2060,15.2021,13.1264,12.7741,3
2458314.562017,-2.4040,26.5243,14.2060,15.2021,13.1264,12.7741,3
2458314.648507,35.1076,15.7786,14.2060,15.2021,13.1264,12.7741,3
2458314.693067,9.6805,7.1019,14.2060,15.2021,13.1264,12.7741,3
2458314.709727,-11.5759,-13.9139,14.2060,15.2021,13.1264,12.7741,3
2458314.731047,-6.0937,27.7376,14.2060,15.2021,13.1264,12.7741,3
2458314.748467,22.5170,16.5385,14.2060,15.2021,13.1264,12.7741,3
2458314.776097,5.2191,12.2490,14.2060,15.2021,13.1264,12.7741,3
2458315.512567,18.2292,20.3044,14.2060,15.2021,13.1264,12.7741,3
2458316.482817,5.6852,1.9663,14.2060,15.2021,13.1264,12.7741,3
2458316.516567,4.7541,14.1853,14.2060,15.2021,13.1264,12.7741,3
2458316.659077,34.8878,8.7745,14.2060,15.2021,13.1264,12.7741,3
2458316.707347,-0.8283,18.0425,14.2060,15.2021,13.1264,12.7741,3
2458316.725727,20.5700,7.6365,14.2060,15.2021,13.1264,12.7741,3
2458316.759057,17.6075,-8.0911,14.2060,15.2021,13.1264,12.7741,3
2458320.477237,-11.9488,-3.7717,14.2060,15.2021,13.1264,12.7741,3
2458320.573127,12.2659,25.4712,14.2060,15.2021,13.1264,12.7741,3
2458320.591677,9.4784,14.3935,14.2060,15.2021,13.1264,12.7741,3
2458320.609187,15.0977,32.6837,14.2060,15.2021,13.1264,12.7741,3
2458320.638437,8.1759,10.2116,14.2060,15.2021,13.1264,12.7741,3
2458320.689867,-11.7924,15.6601,14.2060,15.2021,13.1264,12.7741,3
2458320.706757,-5.9558,11.7281,14.2060,15.2021,13.1264,12.7741,3
2458320.734387,1.1621,-6.7881,14.2060,15.2021,13.1264,12.7741,3
2458322.597777,18.9716,20.5221,14.2060,15.2021,13.1264,12.7741,3
2458323.555977,12.4153,34.4261,14.2060,15.2021,13.1264,12.7741,3
2458323.593527,-22.0882,-1.5956,14.2060,15.2021,13.1264,12.7741,3
2458323.610997,-17.7079,8.4563,14.2060,15.2021,13.1264,12.7741,3
2458328.600737,31.1623,5.3938,14.2060,15.2021,13.1264,12.7741,3
2458328.637677,2.4281,8.5240,14.2060,15.2021,13.1264,12.7741,3
2458329.537377,32.4511,17.8209,14.2060,15.2021,13.1264,12.7741,3
2458329.649717,0.5999,28.3494,14.2060,15.2021,13.1264,12.7741,3
2458329.672637,5.8405,20.1844,14.2060,15.2021,13.1264,12.7741,3
2458329.703047,-9.9628,11.0894,14.2060,15.2021,13.1264,12.7741,3
2458329.723547,3.0057,-0.7840,14.2060,15.2021,13.1264,12.7741,3
2458330.548797,8.9665,4.7099,14.2060,15.2021,13.1264,12.7741,3
2458330.566177,3.2934,21.0754,14.2060,15.2021,13.1264,12.7741,3
2458330.583147,10.3583,5.4709,14.2060,15.2021,13.1264,12.7741,3
2458331.479887,2.2249,2.0349,14.2060,15.2021,13.1264,12.7741,3
2458331.530767,-6.1446,-4.4433,14.2060,15.2021,13.1264,12.7741,3
2458331.558497,15.5921,17.4025,14.2060,15.2021,13.1264,12.7741,3
2458331.575067,25.0904,2.4018,14.2060,15.2021,13.1264,12.7741,3
2458331.724597,10.7945,8.9177,14.2060,15.2021,13.1264,12.7741,3
2458332.516217,23.5796,24.6886,14.2060,15.2021,13.1264,12.7741,3
2458332.550667,13.2445,11.1731,14.2060,15.2021,13.1264,12.7741,3
2458332.567907,18.9957,11.1801,14.2060,15.2021,13.1264,12.7741,3
2458332.629977,-17.8927,26.4128,14.2060,15.2021,13.1264,12.7741,3
2458332.692817,31.9575,25.3480,14.2060,15.2021,13.1264,12.7741,3
2458333.514857,12.0284,5.1855,14.2060,15.2021,13.1264,12.7741,3
2458334.540127,2.3703,18.8368,14.2060,15.2021,13.1264,12.7741,3
2458334.557487,2.2984,2.3097,14.2060,15.2021,13.1264,12.7741,3
2458334.574467,-8.8721,29.1481,14.2060,15.2021,13.1264,12.7741,3
2458334.610307,11.6946,0.7981,14.2060,15.2021,13.1264,12.7741,3
2458334.655207,-1.4681,11.7703,14.2060,15.2021,13.1264,12.7741,3
2458334.689177,15.0290,1.8883,14.2060,15.2021,13.1264,12.7741,3
2458335.481007,10.6585,-1.0484,14.2060,15.2021,13.1264,12.7741,3
2458335.498447,14.4444,-2.3711,14.2060,15.2021,13.1264,12.7741,3
2458335.508547,-13.5385,19.3579,14.2060,15.2021,13.1264,12.7741,3
2458335.564247,1.7538,21.3657,14.2060,15.2021,13.1264,12.7741,3
2458335.592177,22.7099,1.6583,14.2060,15.2021,13.1264,12.7741,3
2458335.643187,-13.4618,-4.1051,14.2060,15.2021,13.1264,12.7741,3
2458335.660527,8.0378,9.5951,14.2060,15.2021,13.1264,12.7741,3
2458336.466827,6.9048,9.7660,14.2060,15.2021,13.1264,12.7741,3
2458336.608187,-7.5649,22.0011,14.2060,15.2021,13.1264,12.7741,3
2458336.706987,-5.7517,-13.2994,14.2060,15.2021,13.1264,12.7741,3
2458336.724097,9.4810,-11.3343,14.2060,15.2021,13.1264,12.7741,3
2458338.591237,20.8572,-11.8271,14.2060,15.2021,13.1264,12.7741,3
2458339.465487,10.4482,-0.0768,14.2060,15.2021,13.1264,12.7741,3
2458339.610937,3.5990,1.0709,14.2060,15.2021,13.1264,12.7741,3
2458339.633327,-14.3426,-3.2356,14.2060,15.2021,13.1264,12.7741,3
2458339.650277,23.2565,-9.8349,14.2060,15.2021,13.1264,12.7741,3
2458339.683007,-12.6393,28.0890,14.2060,15.2021,13.1264,12.7741,3
2458340.471647,16.6955,22.4362,14.2060,15.2021,13.1264,12.7741,3
2458340.488407,33.8080,21.8164,14.2060,15.2021,13.1264,12.7741,3
2458340.516147,3.0766,18.3191,14.2060,15.2021,13.1264,12.7741,3
2458340.536787,21.5713,18.3752,14.2060,15.2021,13.1264,12.7741,3
2458340.553827,8.2747,36.9840,14.2060,15.2021,13.1264,12.7741,3
2458340.571127,33.2173,17.6098,14.2060,15.2021,13.1264,12.7741,3
2458340.717357,8.8418,2.8771,14.2060,15.2021,13.1264,12.7741,3
2458341.491487,12.8579,23.9188,14.2060,15.2021,13.1264,12.7741,3
2458341.526697,8.8526,23.0286,14.2060,15.2021,13.1264,12.7741,3
2458341.554947,-7.5629,26.9018,14.2060,15.2021,13.1264,12.7741,3
2458341.572577,0.4317,-1.1073,14.2060,15.2021,13.1264,12.7741,3
2458341.607367,-8.6082,15.3926,14.2060,15.2021,13.1264,12.7741,3
2458341.670367,-13.9583,16.6762,14.2060,15.2021,13.1264,12.7741,3
2458342.476777,6.2269,17.1834,14.2060,15.2021,13.1264,12.7741,3
2458342.513397,18.4563,28.7302,14.2060,15.2021,13.1264,12.7741,3
2458342.575617,7.7789,11.9677,14.2060,15.2021,13.1264,12.7741,3
2458342.580707,11.7160,20.7894,14.2060,15.2021,13.1264,12.7741,3
2458342.641797,18.7743,13.8680,14.2060,15.2021,13.1264,12.7741,3
2458342.677337,2.9566,-13.3992,14.2060,15.2021,13.1264,12.7741,3
2458343.495127,6.5625,18.2120,14.2060,15.2021,13.1264,12.7741,3
2458343.557477,16.9742,2.5629,14.2060,15.2021,13.1264,12.7741,3
2458343.596037,-7.1869,17.4819,14.2060,15.2021,13.1264,12.7741,3
2458343.613467,13.5872,22.8576,14.2060,15.2021,13.1264,12.7741,3
2458344.466137,19.5685,-6.7902,14.2060,15.2021,13.1264,12.7741,3
2458344.482887,8.3368,0.1763,14.2060,15.2021,13.1264,12.7741,3
2458344.522867,5.3421,18.4245,14.2060,15.2021,13.1264,12.7741,3
2458344.599117,6.7698,19.8471,14.2060,15.2021,13.1264,12.7741,3
2458344.616147,19.3423,-4.0455,14.2060,15.2021,13.1264,12.7741,3
2458344.633227,20.6585,2.6601,14.2060,15.2021,13.1264,12.7741,3
2458344.691457,-5.4315,15.6953,14.2060,15.2021,13.1264,12.7741,3
2458345.490837,5.5726,0.7088,14.2060,15.2021,13.1264,12.7741,3
2458345.576787,18.8361,14.4512,14.2060,15.2021,13.1264,12.7741,3
2458345.615137,4.3980,7.8166,14.2060,15.2021,13.1264,12.7741,3
2458345.695747,8.7163,-5.0627,14.2060,15.2021,13.1264,12.7741,3
2458346.498597,16.3075,-8.7244,14.2060,15.2021,13.1264,12.7741,3
2458346.515677,-6.5723,29.1500,14.2060,15.2021,13.1264,12.7741,3
2458346.575287,1.3974,23.4208,14.2060,15.2021,13.1264,12.7741,3
2458346.610407,16.3392,23.0585,14.2060,15.2021,13.1264,12.7741,3
2458346.654937,19.0930,18.0500,14.2060,15.2021,13.1264,12.7741,3
2458347.565167,1.3482,26.2468,14.2060,15.2021,13.1264,12.7741,3
2458347.585677,9.1518,9.6510,14.2060,15.2021,13.1264,12.7741,3
2458347.651307,19.9198,24.6678,14.2060,15.2021,13.1264,12.7741,3
2458347.668347,-2.8008,-1.3249,14.2060,15.2021,13.1264,12.7741,3
2458347.685457,-0.8160,14.7591,14.2060,15.2021,13.1264,12.7741,3
2458347.704397,18.8221,-0.5769,14.2060,15.2021,13.1264,12.7741,3
2458349.670287,27.1531,12.4894,14.2060,15.2021,13.1264,12.7741,3
2458350.679067,-1.3723,29.0831,14.2060,15.2021,13.1264,12.7741,3
2458350.695577,-6.5692,11.5650,14.2060,15.2021,13.1264,12.7741,3
2458351.528937,-2.5964,6.9828,14.2060,15.2021,13.1264,12.7741,3
2458352.527927,9.4221,16.3895,14.2060,15.2021,13.1264,12.7741,3
2458352.545697,18.6650,10.5815,14.2060,15.2021,13.1264,12.7741,3
2458352.562437,12.4874,-3.6013,14.2060,15.2021,13.1264,12.7741,3
2458355.605897,12.8289,31.8555,14.2060,15.2021,13.1264,12.7741,3
2458355.639967,14.9554,12.9483,14.2060,15.2021,13.1264,12.7741,3
2458355.656787,21.3477,-10.8082,14.2060,15.2021,13.1264,12.7741,3
2458356.498057,12.0505,7.2122,14.2060,15.2021,13.1264,12.7741,3
2458356.532567,10.6167,0.0367,14.2060,15.2021,13.1264,12.7741,3
2458356.566987,8.2176,-11.1634,14.2060,15.2021,13.1264,12.7741,3
2458356.584207,-2.9331,13.5880,14.2060,15.2021,13.1264,12.7741,3
2458357.470277,18.6371,10.4785,14.2060,15.2021,13.1264,12.7741,3
2458357.486877,-7.1952,12.4040,14.2060,15.2021,13.1264,12.7741,3
2458357.564247,-0.8435,7.4910,14.2060,15.2021,13.1264,12.7741,3
2458357.645357,19.0779,5.9558,14.2060,15.2021,13.1264,12.7741,3
2458358.502787,13.6411,26.4238,14.2060,15.2021,13.1264,12.7741,3
2458358.599297,-1.8455,3.9821,14.2060,15.2021,13.1264,12.7741,3
2458358.616547,-15.1960,12.8959,14.2060,15.2021,13.1264,12.7741,3
2458359.515027,12.6060,10.8837,14.2060,15.2021,13.1264,12.7741,3
2458359.635797,7.9596,0.0125,14.2060,15.2021,13.1264,12.7741,3
2458359.665417,39.3586,4.3783,14.2060,15.2021,13.1264,12.7741,3
2458360.640017,6.5270,7.0872,14.2060,15.2021,13.1264,12.7741,3
2458363.522127,-9.3815,-16.0595,14.2060,15.2021,13.1264,12.7741,3
2458363.556597,4.8302,-5.4167,14.2060,15.2021,13.1264,12.7741,3
2458363.586287,21.6529,22.9162,14.2060,15.2021,13.1264,12.7741,3
2458363.619997,20.1543,11.9402,14.2060,15.2021,13.1264,12.7741,3
2458363.638357,-12.1394,24.1687,14.2060,15.2021,13.1264,12.7741,3
2458364.480197,20.4702,22.8988,14.2060,15.2021,13.1264,12.7741,3
2458364.544327,7.7881,8.5103,14.2060,15.2021,13.1264,12.7741,3
2458364.579127,10.6838,22.7897,14.2060,15.2021,13.1264,12.7741,3
2458365.533457,33.6536,13.9781,14.2060,15.2021,13.1264,12.7741,3
2458365.584307,32.4009,-7.4140,14.2060,15.2021,13.1264,12.7741,3
2458366.473627,23.9006,29.2211,14.2060,15.2021,13.1264,12.7741,3
2458366.552067,20.0683,0.5899,14.2060,15.2021,13.1264,12.7741,3
2458366.579497,-0.9953,15.9841,14.2060,15.2021,13.1264,12.7741,3
2458366.596037,25.1441,-14.2040,14.2060,15.2021,13.1264,12.7741,3
2458366.630317,4.7279,5.1243,14.2060,15.2021,13.1264,12.7741,3
2458367.506717,15.4000,26.2228,14.2060,15.2021,13.1264,12.7741,3
2458367.523747,11.2792,15.0146,14.2060,15.2021,13.1264,12.7741,3
2458367.557987,39.3621,24.0535,14.2060,15.2021,13.1264,12.7741,3
2458367.574737,15.3282,-2.2319,14.2060,15.2021,13.1264,12.7741,3
2458367.614157,16.7025,-4.0501,14.2060,15.2021,13.1264,12.7741,3
2458368.476577,23.8230,20.4905,14.2060,15.2021,13.1264,12.7741,3
2458368.494237,5.7211,13.4333,14.2060,15.2021,13.1264,12.7741,3
2458368.527457,-7.0155,16.3768,14.2060,15.2021,13.1264,12.7741,3
2458368.566577,7.9535,23.1200,14.2060,15.2021,13.1264,12.7741,3
2458369.576687,15.6225,13.7411,14.2060,15.2021,13.1264,12.7741,3
2458369.593697,-4.2951,6.1354,14.2060,15.2021,13.1264,12.7741,3
2458369.633597,-3.4382,0.9443,14.2060,15.2021,13.1264,12.7741,3
2458370.481047,21.5072,4.1651,14.2060,15.2021,13.1264,12.7741,3
2458370.498097,-2.1789,25.6170,14.2060,15.2021,13.1264,12.7741,3
2458370.515137,-0.2338,0.0105,14.2060,15.2021,13.1264,12.7741,3
2458370.594557,15.0623,23.5610,14.2060,15.2021,13.1264,12.7741,3
2458370.628447,27.8156,-0.9199,14.2060,15.2021,13.1264,12.7741,3
2458371.475427,-20.1401,-0.9982,14.2060,15.2021,13.1264,12.7741,3
2458371.492047,13.4656,8.5729,14.2060,15.2021,13.1264,12.7741,3
2458371.509357,9.4459,27.5332,14.2060,15.2021,13.1264,12.7741,3
2458371.556967,-17.1002,25.6079,14.2060,15.2021,13.1264,12.7741,3
2458371.576117,17.0683,3.1494,14.2060,15.2021,13.1264,12.7741,3
2458372.491857,4.5444,18.0093,14.2060,15.2021,13.1264,12.7741,3
2458372.511817,-2.2338,7.3202,14.2060,15.2021,13.1264,12.7741,3
2458372.613457,4.6010,16.9719,14.2060,15.2021,13.1264,12.7741,3
2458372.636507,13.2638,15.8830,14.2060,15.2021,13.1264,12.7741,3
2458373.497247,26.5455,1.1804,14.2060,15.2021,13.1264,12.7741,3
2458373.530987,13.7277,9.3034,14.2060,15.2021,13.1264,12.7741,3
2458373.593197,0.1096,-3.1501,14.2060,15.2021,13.1264,12.7741,3
2458375.498627,25.4625,18.4874,14.2060,15.2021,13.1264,12.7741,3
2458375.533117,-6.1061,10.3762,14.2060,15.2021,13.1264,12.7741,3
2458375.560547,4.2977,1.1264,14.2060,15.2021,13.1264,12.7741,3
2458375.577547,26.2581,18.6912,14.2060,15.2021,13.1264,12.7741,3
2458375.594697,-3.6458,1.7535,14.2060,15.2021,13.1264,12.7741,3
2458376.549547,1.8000,19.5817,14.2060,15.2021,13.1264,12.7741,3
2458376.600327,4.6909,22.0539,14.2060,15.2021,13.1264,12.7741,3
2458377.489687,-8.4683,8.1328,14.2060,15.2021,13.1264,12.7741,3
2458377.517057,9.3946,1.9959,14.2060,15.2021,13.1264,12.7741,3
2458377.568487,23.3850,1.3260,14.2060,15.2021,13.1264,12.7741,3
2458377.617247,-13.8443,29.7670,14.2060,15.2021,13.1264,12.7741,3
2458378.499437,9.7688,2.8085,14.2060,15.2021,13.1264,12.7741,3
2458378.551257,2.5147,9.3260,14.2060,15.2021,13.1264,12.7741,3
2458378.590627,-0.9083,15.3691,14.2060,15.2021,13.1264,12.7741,3
2458380.583727,-0.2969,7.9885,14.2060,15.2021,13.1264,12.7741,3
2458382.480877,-12.8487,10.2436,14.2060,15.2021,13.1264,12.7741,3
2458382.498027,16.9195,2.5238,14.2060,15.2021,13.1264,12.7741,3
2458382.515967,-11.7784,-0.4598,14.2060,15.2021,13.1264,12.7741,3
2458382.550177,14.5100,24.9028,14.2060,15.2021,13.1264,12.7741,3
2458382.555267,25.4506,16.9372,14.2060,15.2021,13.1264,12.7741,3
2458383.522107,11.6195,8.2087,14.2060,15.2021,13.1264,12.7741,3
2458383.549687,-15.9739,3.3709,14.2060,15.2021,13.1264,12.7741,3
2458384.566357,-3.6641,-3.3276,14.2060,15.2021,13.1264,12.7741,3
2458385.481937,14.7390,6.8767,14.2060,15.2021,13.1264,12.7741,3
2458385.532127,2.5812,28.6468,14.2060,15.2021,13.1264,12.7741,3
2458385.549297,12.4930,-4.1189,14.2060,15.2021,13.1264,12.7741,3
2458385.567257,-9.4623,1.8079,14.2060,15.2021,13.1264,12.7741,3
2458385.584487,23.3196,3.6837,14.2060,15.2021,13.1264,12.7741,3
2458386.543057,-11.8461,21.6570,14.2060,15.2021,13.1264,12.7741,3
2458390.542147,7.3720,12.6622,14.2060,15.2021,13.1264,12.7741,3
2458390.559217,-14.4446,9.4052,14.2060,15.2021,13.1264,12.7741,3
2458390.584967,-2.4450,-6.2035,14.2060,15.2021,13.1264,12.7741,3
2458393.507257,5.7511,17.6774,14.2060,15.2021,13.1264,12.7741,3
2458393.524437,8.9769,7.2450,14.2060,15.2021,13.1264,12.7741,3
2458393.558157,7.5447,-14.8801,14.2060,15.2021,13.1264,12.7741,3
2458393.575127,-11.8294,3.9132,14.2060,15.2021,13.1264,12.7741,3
2458394.492347,-18.3495,14.2050,14.2060,15.2021,13.1264,12.7741,3
2458394.527587,-1.1495,10.6610,14.2060,15.2021,13.1264,12.7741,3
2458394.575267,-11.5414,3.5158,14.2060,15.2021,13.1264,12.7741,3
2458397.500337,21.4897,10.6420,14.2060,15.2021,13.1264,12.7741,3
2458409.506747,10.2405,10.6448,14.2060,15.2021,13.1264,12.7741,3
2458411.498617,21.6011,-19.7010,14.2060,15.2021,13.1264,12.7741,3
2458533.864377,4.1168,3.8105,14.2060,15.2021,15.3271,16.5633,4
2458533.898037,3.5867,15.6314,14.2060,15.2021,15.3271,16.5633,4
2458534.879307,4.6841,4.3450,14.2060,15.2021,15.3271,16.5633,4
2458535.892807,13.0667,-9.1172,14.2060,15.2021,15.3271,16.5633,4
2458536.854757,-4.0035,-2.3954,14.2060,15.2021,15.3271,16.5633,4
2458536.871187,-10.8731,12.7244,14.2060,15.2021,15.3271,16.5633,4
2458537.860347,5.1056,15.6183,14.2060,15.2021,15.3271,16.5633,4
2458537.877197,9.6693,16.4194,14.2060,15.2021,15.3271,16.5633,4
2458538.849577,11.4490,12.6023,14.2060,15.2021,15.3271,16.5633,4
2458539.851327,18.6938,-16.1103,14.2060,15.2021,15.3271,16.5633,4
2458539.867997,9.4794,16.8032,14.2060,15.2021,15.3271,16.5633,4
2458539.901747,4.0737,-14.5887,14.2060,15.2021,15.3271,16.5633,4
2458540.871967,-2.6836,0.1254,14.2060,15.2021,15.3271,16.5633,4
2458540.888627,24.6276,-0.9094,14.2060,15.2021,15.3271,16.5633,4
2458541.875677,19.8508,34.6461,14.2060,15.2021,15.3271,16.5633,4
2458542.847387,10.4201,-9.6461,14.2060,15.2021,15.3271,16.5633,4
2458542.881417,19.0256,26.8322,14.2060,15.2021,15.3271,16.5633,4
2458543.864787,-15.2040,13.1996,14.2060,15.2021,15.3271,16.5633,4
2458544.896397,-1.6579,20.2850,14.2060,15.2021,15.3271,16.5633,4
2458546.866887,-4.7246,23.2828,14.2060,15.2021,15.3271,16.5633,4
2458546.883257,11.8134,-15.1941,14.2060,15.2021,15.3271,16.5633,4
2458547.860457,-5.2026,19.0910,14.2060,15.2021,15.3271,16.5633,4
2458547.881237,-11.2113,2.5886,14.2060,15.2021,15.3271,16.5633,4
2458547.899347,7.0928,5.4001,14.2060,15.2021,15.3271,16.5633,4
2458548.837277,-0.8292,7.2923,14.2060,15.2021,15.3271,16.5633,4
2458548.854167,15.0850,2.9773,14.2060,15.2021,15.3271,16.5633,4
2458548.881097,4.9693,28.5392,14.2060,15.2021,15.3271,16.5633,4
2458549.854337,1.8496,-0.9002,14.2060,15.2021,15.3271,16.5633,4
2458550.823047,14.9942,-16.3554,14.2060,15.2021,15.3271,16.5633,4
2458550.866997,-3.0027,15.2312,14.2060,15.2021,15.3271,16.5633,4
2458550.888297,24.1593,18.0168,14.2060,15.2021,15.3271,16.5633,4
2458551.851267,35.4156,10.4964,14.2060,15.2021,15.3271,16.5633,4
2458551.891147,33.6873,-6.5480,14.2060,15.2021,15.3271,16.5633,4
2458551.909737,-15.1447,21.1367,14.2060,15.2021,15.3271,16.5633,4
2458552.874377,-2.2342,-12.0369,14.2060,15.2021,15.3271,16.5633,4
2458553.832577,34.4453,36.0053,14.2060,15.2021,15.3271,16.5633,4
2458553.865877,11.5912,26.2283,14.2060,15.2021,15.3271,16.5633,4
2458553.900477,25.6996,12.0233,14.2060,15.2021,15.3271,16.5633,4
2458554.862837,-15.2163,33.6257,14.2060,15.2021,15.3271,16.5633,4
2458554.908897,11.9706,3.9299,14.2060,15.2021,15.3271,16.5633,4
2458555.821917,-14.4164,34.9304,14.2060,15.2021,15.3271,16.5633,4
2458555.838587,18.6578,15.2105,14.2060,15.2021,15.3271,16.5633,4
2458555.855447,38.3188,21.5226,14.2060,15.2021,15.3271,16.5633,4
2458555.900137,5.7273,17.4818,14.2060,15.2021,15.3271,16.5633,4
2458556.828417,-0.8161,13.7815,14.2060,15.2021,15.3271,16.5633,4
2458556.900917,-9.6871,11.5296,14.2060,15.2021,15.3271,16.5633,4
2458557.837237,17.4246,10.9846,14.2060,15.2021,15.3271,16.5633,4
2458557.886547,2.5170,17.1401,14.2060,15.2021,15.3271,16.5633,4
2458558.838837,4.1718,1.9334,14.2060,15.2021,15.3271,16.5633,4
2458558.884477,3.8924,29.6285,14.2060,15.2021,15.3271,16.5633,4
2458558.901227,11.7834,29.8843,14.2060,15.2021,15.3271,16.5633,4
2458559.812117,-7.0607,4.5942,14.2060,15.2021,15.3271,16.5633,4
2458559.828787,6.5236,27.1050,14.2060,15.2021,15.3271,16.5633,4
2458559.862497,13.8546,-6.0898,14.2060,15.2021,15.3271,16.5633,4
2458559.906307,-3.4406,-4.3098,14.2060,15.2021,15.3271,16.5633,4
2458560.799117,21.8661,-9.1491,14.2060,15.2021,15.3271,16.5633,4
2458560.815777,-3.8332,-10.5343,14.2060,15.2021,15.3271,16.5633,4
2458560.832217,0.6346,15.5338,14.2060,15.2021,15.3271,16.5633,4
2458561.822067,20.6277,-16.1367,14.2060,15.2021,15.3271,16.5633,4
2458561.891377,5.5129,8.4152,14.2060,15.2021,15.3271,16.5633,4
2458562.821827,24.4691,8.9335,14.2060,15.2021,15.3271,16.5633,4
2458562.883417,33.6031,16.0121,14.2060,15.2021,15.3271,16.5633,4
2458562.900147,17.4089,6.2746,14.2060,15.2021,15.3271,16.5633,4
2458563.815877,5.9086,7.8127,14.2060,15.2021,15.3271,16.5633,4
2458563.849207,4.8397,22.8185,14.2060,15.2021,15.3271,16.5633,4
2458563.865517,12.9057,10.6760,14.2060,15.2021,15.3271,16.5633,4
2458563.881867,2.2074,-2.6700,14.2060,15.2021,15.3271,16.5633,4
2458563.898757,-0.3497,8.7951,14.2060,15.2021,15.3271,16.5633,4
2458564.799587,15.7461,-5.7384,14.2060,15.2021,15.3271,16.5633,4
2458564.816177,15.2305,-24.2606,14.2060,15.2021,15.3271,16.5633,4
2458564.832617,-14.7092,0.0233,14.2060,15.2021,15.3271,16.5633,4
2458564.879157,10.7153,-14.7731,14.2060,15.2021,15.3271,16.5633,4
2458564.912997,8.1553,11.1974,14.2060,15.2021,15.3271,16.5633,4
2458565.791967,26.1437,-7.5364,14.2060,15.2021,15.3271,16.5633,4
2458565.827177,-4.3880,35.2087,14.2060,15.2021,15.3271,16.5633,4
2458565.843967,10.0699,13.8682,14.2060,15.2021,15.3271,16.5633,4
2458565.864597,13.7345,6.6029,14.2060,15.2021,15.3271,16.5633,4
2458566.777847,15.4121,24.2586,14.2060,15.2021,15.3271,16.5633,4
2458566.794727,22.9845,13.2299,14.2060,15.2021,15.3271,16.5633,4
2458566.839287,8.2055,16.4100,14.2060,15.2021,15.3271,16.5633,4
2458567.776667,-13.1207,12.1105,14.2060,15.2021,15.3271,16.5633,4
2458567.828117,-5.9946,-2.2473,14.2060,15.2021,15.3271,16.5633,4
2458568.801777,23.1559,-9.3174,14.2060,15.2021,15.3271,16.5633,4
2458568.822917,8.8757,5.2073,14.2060,15.2021,15.3271,16.5633,4
2458568.839707,-5.9756,3.1846,14.2060,15.2021,15.3271,16.5633,4
2458568.856187,39.0273,-16.1659,14.2060,15.2021,15.3271,16.5633,4
2458570.790327,3.6803,-16.9573,14.2060,15.2021,15.3271,16.5633,4
2458570.807797,16.0643,6.0270,14.2060,15.2021,15.3271,16.5633,4
2458570.824727,2.3033,-7.6368,14.2060,15.2021,15.3271,16.5633,4
2458570.843897,22.3515,-19.0636,14.2060,15.2021,15.3271,16.5633,4
2458570.862827,-0.2473,6.4770,14.2060,15.2021,15.3271,16.5633,4
2458570.906347,15.7660,14.8459,14.2060,15.2021,15.3271,16.5633,4
2458571.762277,26.4236,-19.4399,14.2060,15.2021,15.3271,16.5633,4
2458571.796437,10.1558,25.1638,14.2060,15.2021,15.3271,16.5633,4
2458571.844957,4.9579,34.3895,14.2060,15.2021,15.3271,16.5633,4
2458571.892447,3.9094,9.0639,14.2060,15.2021,15.3271,16.5633,4
2458571.909307,15.9852,18.2827,14.2060,15.2021,15.3271,16.5633,4
2458572.823867,11.9141,-6.1789,14.2060,15.2021,15.3271,16.5633,4
2458574.832317,31.0342,-3.5107,14.2060,15.2021,15.3271,16.5633,4
2458574.865927,-15.3685,7.2974,14.2060,15.2021,15.3271,16.5633,4
2458574.884687,-5.9540,3.2691,14.2060,15.2021,15.3271,16.5633,4
2458575.784247,29.7215,8.8238,14.2060,15.2021,15.3271,16.5633,4
2458575.817657,-17.0239,-7.3227,14.2060,15.2021,15.3271,16.5633,4
2458575.851077,6.0434,30.6615,14.2060,15.2021,15.3271,16.5633,4
2458575.868097,-5.6483,23.8710,14.2060,15.2021,15.3271,16.5633,4
2458575.884807,2.1305,10.5006,14.2060,15.2021,15.3271,16.5633,4
2458576.779347,13.1356,27.6364,14.2060,15.2021,15.3271,16.5633,4
2458576.812297,-12.3092,-4.2407,14.2060,15.2021,15.3271,16.5633,4
2458576.829167,29.6088,-14.6204,14.2060,15.2021,15.3271,16.5633,4
2458576.846277,-15.1237,18.2101,14.2060,15.2021,15.3271,16.5633,4
2458576.907877,-1.6614,5.6932,14.2060,15.2021,15.3271,16.5633,4
2458577.852447,17.5852,-8.4126,14.2060,15.2021,15.3271,16.5633,4
2458578.819987,17.7296,23.1987,14.2060,15.2021,15.3271,16.5633,4
2458578.886507,-11.3926,30.0590,14.2060,15.2021,15.3271,16.5633,4
2458578.915467,9.2238,22.9638,14.2060,15.2021,15.3271,16.5633,4
2458579.763077,0.9819,11.3495,14.2060,15.2021,15.3271,16.5633,4
2458579.823747,2.4195,14.4920,14.2060,15.2021,15.3271,16.5633,4
2458579.840497,9.5419,14.2707,14.2060,15.2021,15.3271,16.5633,4
2458579.857007,-15.9686,16.8650,14.2060,15.2021,15.3271,16.5633,4
2458580.740267,-7.4702,-5.2659,14.2060,15.2021,15.3271,16.5633,4
2458580.801447,14.1879,5.6604,14.2060,15.2021,15.3271,16.5633,4
2458580.818127,23.0220,18.9727,14.2060,15.2021,15.3271,16.5633,4
2458580.923507,26.9510,26.7078,14.2060,15.2021,15.3271,16.5633,4
2458581.739547,19.1325,-2.8893,14.2060,15.2021,15.3271,16.5633,4
2458581.817027,14.0654,-3.8503,14.2060,15.2021,15.3271,16.5633,4
2458581.833327,-12.4404,-2.2674,14.2060,15.2021,15.3271,16.5633,4
2458581.849797,12.6791,21.7304,14.2060,15.2021,15.3271,16.5633,4
2458581.883857,15.4091,10.7288,14.2060,15.2021,15.3271,16.5633,4
2458582.770767,12.6254,5.2413,14.2060,15.2021,15.3271,16.5633,4
2458582.787687,8.8575,12.1907,14.2060,15.2021,15.3271,16.5633,4
2458582.838727,16.7519,-7.5052,14.2060,15.2021,15.3271,16.5633,4
2458582.903197,-0.7019,15.8288,14.2060,15.2021,15.3271,16.5633,4
2458582.919957,30.2812,-16.0990,14.2060,15.2021,15.3271,16.5633,4
2458583.776807,26.7599,16.5848,14.2060,15.2021,15.3271,16.5633,4
2458583.793377,6.2123,23.4208,14.2060,15.2021,15.3271,16.5633,4
2458583.854247,26.7038,10.8251,14.2060,15.2021,15.3271,16.5633,4
2458583.870827,12.4539,23.0429,14.2060,15.2021,15.3271,16.5633,4
2458583.904227,0.7498,-17.2987,14.2060,15.2021,15.3271,16.5633,4
2458583.920897,-9.8368,11.2620,14.2060,15.2021,15.3271,16.5633,4
2458584.769637,-0.4235,30.0007,14.2060,15.2021,15.3271,16.5633,4
2458584.808597,1.1570,23.7103,14.2060,15.2021,15.3271,16.5633,4
2458584.919867,-5.3464,19.7081,14.2060,15.2021,15.3271,16.5633,4
2458585.765617,10.7047,6.7922,14.2060,15.2021,15.3271,16.5633,4
2458585.784967,14.1065,-1.2730,14.2060,15.2021,15.3271,16.5633,4
2458585.831167,7.0032,6.9096,14.2060,15.2021,15.3271,16.5633,4
2458586.753557,7.1108,-3.1878,14.2060,15.2021,15.3271,16.5633,4
2458586.786737,-3.2715,16.3522,14.2060,15.2021,15.3271,16.5633,4
2458586.830307,14.9838,12.1630,14.2060,15.2021,15.3271,16.5633,4
2458586.900997,10.9906,7.8383,14.2060,15.2021,15.3271,16.5633,4
2458587.755797,6.2599,17.6731,14.2060,15.2021,15.3271,16.5633,4
2458587.772357,7.8364,7.3139,14.2060,15.2021,15.3271,16.5633,4
2458587.799497,12.3880,12.8888,14.2060,15.2021,15.3271,16.5633,4
2458587.816357,4.7228,27.8897,14.2060,15.2021,15.3271,16.5633,4
2458587.833017,11.8067,-5.4218,14.2060,15.2021,15.3271,16.5633,4
2458587.849677,7.0769,21.2654,14.2060,15.2021,15.3271,16.5633,4
2458587.868027,10.2749,12.4599,14.2060,15.2021,15.3271,16.5633,4
2458587.914087,-4.4421,-5.8268,14.2060,15.2021,15.3271,16.5633,4
2458588.789767,1.4053,26.2711,14.2060,15.2021,15.3271,16.5633,4
2458588.806617,11.0937,-6.8306,14.2060,15.2021,15.3271,16.5633,4
2458588.823627,8.4660,15.0816,14.2060,15.2021,15.3271,16.5633,4
2458588.840547,-9.5836,2.9652,14.2060,15.2021,15.3271,16.5633,4
2458588.861577,16.2270,9.3042,14.2060,15.2021,15.3271,16.5633,4
2458588.905447,-8.5911,31.6716,14.2060,15.2021,15.3271,16.5633,4
2458589.727667,23.6884,-3.0217,14.2060,15.2021,15.3271,16.5633,4
2458589.773417,-1.0467,-10.4421,14.2060,15.2021,15.3271,16.5633,4
2458589.793827,7.3797,17.2516,14.2060,15.2021,15.3271,16.5633,4
2458589.810437,-1.4570,22.1333,14.2060,15.2021,15.3271,16.5633,4
2458589.827217,-5.7954,7.7592,14.2060,15.2021,15.3271,16.5633,4
2458589.844297,29.4100,-16.9474,14.2060,15.2021,15.3271,16.5633,4
2458589.871517,-9.6579,20.2957,14.2060,15.2021,15.3271,16.5633,4
2458589.888107,23.9506,19.3836,14.2060,15.2021,15.3271,16.5633,4
2458589.923107,9.7643,2.1086,14.2060,15.2021,15.3271,16.5633,4
2458590.762177,-13.1890,7.7030,14.2060,15.2021,15.3271,16.5633,4
2458590.795457,6.1729,25.7442,14.2060,15.2021,15.3271,16.5633,4
2458590.811907,0.1466,21.7999,14.2060,15.2021,15.3271,16.5633,4
2458590.856707,0.2171,14.2316,14.2060,15.2021,15.3271,16.5633,4
2458590.873507,18.8928,22.1250,14.2060,15.2021,15.3271,16.5633,4
2458590.889887,23.5408,13.3498,14.2060,15.2021,15.3271,16.5633,4
2458590.906307,12.4923,24.4566,14.2060,15.2021,15.3271,16.5633,4
2458590.922967,-3.7115,18.8292,14.2060,15.2021,15.3271,16.5633,4
2458591.768397,13.1661,3.1843,14.2060,15.2021,15.3271,16.5633,4
2458591.831907,27.8816,6.9824,14.2060,15.2021,15.3271,16.5633,4
2458591.886537,6.4631,20.7269,14.2060,15.2021,15.3271,16.5633,4
2458593.796247,-1.2399,-3.0914,14.2060,15.2021,15.3271,16.5633,4
2458593.813007,16.0189,22.8357,14.2060,15.2021,15.3271,16.5633,4
2458593.830467,0.6547,13.9428,14.2060,15.2021,15.3271,16.5633,4
2458593.885727,-11.1975,10.9398,14.2060,15.2021,15.3271,16.5633,4
2458593.902257,-10.0076,22.2301,14.2060,15.2021,15.3271,16.5633,4
2458594.778257,0.6550,19.9691,14.2060,15.2021,15.3271,16.5633,4
2458594.825787,-8.6476,-2.7843,14.2060,15.2021,15.3271,16.5633,4
2458594.920037,8.7539,22.6565,14.2060,15.2021,15.3271,16.5633,4
2458595.791687,25.0771,16.3467,14.2060,15.2021,15.3271,16.5633,4
2458595.825167,12.2653,8.3098,14.2060,15.2021,15.3271,16.5633,4
2458595.845827,11.1406,-10.0378,14.2060,15.2021,15.3271,16.5633,4
2458599.744637,8.2911,8.8744,14.2060,15.2021,15.3271,16.5633,4
2458599.772087,11.6188,25.6272,14.2060,15.2021,15.3271,16.5633,4
2458599.788907,12.8687,21.0210,14.2060,15.2021,15.3271,16.5633,4
2458599.805877,20.7965,18.9857,14.2060,15.2021,15.3271,16.5633,4
2458599.823927,22.8433,15.9761,14.2060,15.2021,15.3271,16.5633,4
2458599.863037,14.7388,2.0845,14.2060,15.2021,15.3271,16.5633,4
2458599.880217,-7.9679,7.2794,14.2060,15.2021,15.3271,16.5633,4
2458599.906967,3.3845,28.5797,14.2060,15.2021,15.3271,16.5633,4
2458599.925157,21.8371,-4.0299,14.2060,15.2021,15.3271,16.5633,4
2458600.687777,0.7354,-2.8999,14.2060,15.2021,15.3271,16.5633,4
2458600.732357,5.6658,0.7340,14.2060,15.2021,15.3271,16.5633,4
2458600.752687,9.8558,4.7906,14.2060,15.2021,15.3271,16.5633,4
2458600.778297,-0.4778,4.7452,14.2060,15.2021,15.3271,16.5633,4
2458600.795087,4.8551,10.1873,14.2060,15.2021,15.3271,16.5633,4
2458600.855677,-3.3686,10.9799,14.2060,15.2021,15.3271,16.5633,4
2458601.679237,4.4548,5.5159,14.2060,15.2021,15.3271,16.5633,4
2458601.712807,5.6908,20.6768,14.2060,15.2021,15.3271,16.5633,4
2458601.729857,7.4328,24.8515,14.2060,15.2021,15.3271,16.5633,4
2458601.746677,-9.2800,6.4802,14.2060,15.2021,15.3271,16.5633,4
2458601.763207,-2.8358,26.0340,14.2060,15.2021,15.3271,16.5633,4
2458601.780077,18.6440,32.2973,14.2060,15.2021,15.3271,16.5633,4
2458601.823197,8.6731,25.9247,14.2060,15.2021,15.3271,16.5633,4
2458601.839567,15.1952,17.3284,14.2060,15.2021,15.3271,16.5633,4
2458601.856027,13.1716,5.5463,14.2060,15.2021,15.3271,16.5633,4
2458601.873107,22.0859,6.9847,14.2060,15.2021,15.3271,16.5633,4
2458602.723067,-1.7176,1.2683,14.2060,15.2021,15.3271,16.5633,4
2458602.772937,4.6654,14.6805,14.2060,15.2021,15.3271,16.5633,4
2458602.789417,-14.6948,7.0169,14.2060,15.2021,15.3271,16.5633,4
2458602.806387,-7.8474,22.1719,14.2060,15.2021,15.3271,16.5633,4
2458602.834677,-12.5091,17.3840,14.2060,15.2021,15.3271,16.5633,4
2458603.779077,8.0993,26.6732,14.2060,15.2021,15.3271,16.5633,4
2458603.845987,8.8614,10.6339,14.2060,15.2021,15.3271,16.5633,4
2458603.913467,13.7514,-9.4862,14.2060,15.2021,15.3271,16.5633,4
2458604.857837,-4.4340,20.0962,14.2060,15.2021,15.3271,16.5633,4
2458604.902137,3.1965,27.4511,14.2060,15.2021,15.3271,16.5633,4
2458605.735117,-1.8863,6.3763,14.2060,15.2021,15.3271,16.5633,4
2458605.768287,28.4157,2.0020,14.2060,15.2021,15.3271,16.5633,4
2458605.785107,8.0659,-11.9748,14.2060,15.2021,15.3271,16.5633,4
2458605.812297,2.7031,17.8654,14.2060,15.2021,15.3271,16.5633,4
2458605.883107,-0.6125,13.0049,14.2060,15.2021,15.3271,16.5633,4
2458605.914557,-1.7480,16.3497,14.2060,15.2021,15.3271,16.5633,4
2458606.672067,7.1634,30.3428,14.2060,15.2021,15.3271,16.5633,4
2458606.692457,-14.0260,16.7981,14.2060,15.2021,15.3271,16.5633,4
2458606.737767,0.3250,5.6832,14.2060,15.2021,15.3271,16.5633,4
2458606.758907,2.0838,-12.2417,14.2060,15.2021,15.3271,16.5633,4
2458606.873687,13.5448,2.7334,14.2060,15.2021,15.3271,16.5633,4
2458606.890767,-10.3418,29.2313,14.2060,15.2021,15.3271,16.5633,4
2458606.907347,0.5913,-2.3650,14.2060,15.2021,15.3271,16.5633,4
2458607.702107,-16.4623,-3.1617,14.2060,15.2021,15.3271,16.5633,4
2458607.719277,24.0485,7.1030,14.2060,15.2021,15.3271,16.5633,4
2458607.736227,21.7333,-11.1582,14.2060,15.2021,15.3271,16.5633,4
2458607.797257,4.4410,8.0808,14.2060,15.2021,15.3271,16.5633,4
2458607.831177,14.2346,14.3792,14.2060,15.2021,15.3271,16.5633,4
2458607.853097,9.0069,18.7202,14.2060,15.2021,15.3271,16.5633,4
2458607.880467,17.4576,2.0494,14.2060,15.2021,15.3271,16.5633,4
2458607.896847,-3.0740,24.4230,14.2060,15.2021,15.3271,16.5633,4
2458607.914207,4.5527,18.3029,14.2060,15.2021,15.3271,16.5633,4
2458608.705777,19.6369,23.0816,14.2060,15.2021,15.3271,16.5633,4
2458608.742237,3.8059,-13.9576,14.2060,15.2021,15.3271,16.5633,4
2458608.762857,0.9893,16.3064,14.2060,15.2021,15.3271,16.5633,4
2458608.779497,22.6658,25.3039,14.2060,15.2021,15.3271,16.5633,4
2458608.806797,15.5359,19.8907,14.2060,15.2021,15.3271,16.5633,4
2458608.857117,3.1289,10.5630,14.2060,15.2021,15.3271,16.5633,4
2458608.911357,22.3108,5.3999,14.2060,15.2021,15.3271,16.5633,4
2458611.703987,4.1952,14.2343,14.2060,15.2021,15.3271,16.5633,4
2458611.778557,-13.2880,31.5786,14.2060,15.2021,15.3271,16.5633,4
2458611.795387,14.2436,-8.8025,14.2060,15.2021,15.3271,16.5633,4
2458611.872747,8.6839,15.9452,14.2060,15.2021,15.3271,16.5633,4
2458612.701637,23.9211,3.4904,14.2060,15.2021,15.3271,16.5633,4
2458612.718557,20.2984,10.7490,14.2060,15.2021,15.3271,16.5633,4
2458612.752757,7.5096,-2.7101,14.2060,15.2021,15.3271,16.5633,4
2458612.785817,-3.5243,-25.7137,14.2060,15.2021,15.3271,16.5633,4
2458612.812677,-0.8350,-10.8130,14.2060,15.2021,15.3271,16.5633,4
2458612.833507,0.3254,17.8257,14.2060,15.2021,15.3271,16.5633,4
2458612.867187,25.2713,20.8423,14.2060,15.2021,15.3271,16.5633,4
2458613.663267,10.3297,-14.2463,14.2060,15.2021,15.3271,16.5633,4
2458613.705567,22.5790,18.2483,14.2060,15.2021,15.3271,16.5633,4
2458613.858377,4.5635,20.7408,14.2060,15.2021,15.3271,16.5633,4
2458614.702217,28.0433,34.6922,14.2060,15.2021,15.3271,16.5633,4
2458614.724217,9.0016,-12.0183,14.2060,15.2021,15.3271,16.5633,4
2458614.741317,9.2090,22.2804,14.2060,15.2021,15.3271,16.5633,4
2458614.768057,-17.7459,21.4043,14.2060,15.2021,15.3271,16.5633,4
2458614.784837,-14.4351,12.1245,14.2060,15.2021,15.3271,16.5633,4
2458614.801397,13.7647,4.7843,14.2060,15.2021,15.3271,16.5633,4
2458614.803557,-5.2793,23.3472,14.2060,15.2021,15.3271,16.5633,4
2458614.821087,18.9119,13.8579,14.2060,15.2021,15.3271,16.5633,4
2458614.837957,9.6348,18.4363,14.2060,15.2021,15.3271,16.5633,4
2458614.865577,-6.9707,16.8234,14.2060,15.2021,15.3271,16.5633,4
2458614.882867,3.6181,11.1458,14.2060,15.2021,15.3271,16.5633,4
2458614.929077,-8.1500,-15.6567,14.2060,15.2021,15.3271,16.5633,4
2458615.662207,17.2116,-2.7125,14.2060,15.2021,15.3271,16.5633,4
2458615.678987,4.8599,26.0092,14.2060,15.2021,15.3271,16.5633,4
2458615.695717,15.2379,29.5819,14.2060,15.2021,15.3271,16.5633,4
2458615.712497,7.8857,24.4286,14.2060,15.2021,15.3271,16.5633,4
2458615.729867,-16.2073,1.9920,14.2060,15.2021,15.3271,16.5633,4
2458615.779197,-3.0899,-25.8351,14.2060,15.2021,15.3271,16.5633,4
2458615.795547,-9.7680,21.0861,14.2060,15.2021,15.3271,16.5633,4
2458615.812087,-5.7967,26.1556,14.2060,15.2021,15.3271,16.5633,4
2458615.828757,3.0721,12.6986,14.2060,15.2021,15.3271,16.5633,4
2458615.845527,8.3876,2.6350,14.2060,15.2021,15.3271,16.5633,4
2458615.872807,-9.8421,-9.0588,14.2060,15.2021,15.3271,16.5633,4
2458615.905997,-8.8020,32.6308,14.2060,15.2021,15.3271,16.5633,4
2458615.922727,-6.1921,39.9974,14.2060,15.2021,15.3271,16.5633,4
2458616.679007,-12.2618,19.4544,14.2060,15.2021,15.3271,16.5633,4
2458616.739897,19.2925,24.4960,14.2060,15.2021,15.3271,16.5633,4
2458616.756497,10.0244,32.3149,14.2060,15.2021,15.3271,16.5633,4
2458616.772957,0.7949,-14.6180,14.2060,15.2021,15.3271,16.5633,4
2458616.792547,0.5592,39.8862,14.2060,15.2021,15.3271,16.5633,4
2458616.809367,10.4474,13.1681,14.2060,15.2021,15.3271,16.5633,4
2458616.827487,24.8318,0.1583,14.2060,15.2021,15.3271,16.5633,4
2458616.875467,26.4006,-28.5011,14.2060,15.2021,15.3271,16.5633,4
2458616.892397,12.5176,9.2506,14.2060,15.2021,15.3271,16.5633,4
2458617.668987,16.9050,-9.9049,14.2060,15.2021,15.3271,16.5633,4
2458617.687347,-14.6342,-5.9218,14.2060,15.2021,15.3271,16.5633,4
2458617.703967,35.0212,1.8917,14.2060,15.2021,15.3271,16.5633,4
2458617.721107,-12.8618,24.6156,14.2060,15.2021,15.3271,16.5633,4
2458617.747877,-1.9525,17.3056,14.2060,15.2021,15.3271,16.5633,4
2458617.797787,1.6258,20.2051,14.2060,15.2021,15.3271,16.5633,4
2458617.814457,5.0477,6.3271,14.2060,15.2021,15.3271,16.5633,4
2458617.830827,-15.6253,23.3558,14.2060,15.2021,15.3271,16.5633,4
2458617.864867,29.3848,9.5490,14.2060,15.2021,15.3271,16.5633,4
2458618.770647,12.1174,-9.0283,14.2060,15.2021,15.3271,16.5633,4
2458618.787587,21.2775,4.2339,14.2060,15.2021,15.3271,16.5633,4
2458618.831117,-2.9318,12.3935,14.2060,15.2021,15.3271,16.5633,4
2458618.872727,22.0415,-20.5461,14.2060,15.2021,15.3271,16.5633,4
2458619.868187,-10.6193,-15.8373,14.2060,15.2021,15.3271,16.5633,4
2458620.672097,19.6593,1.3180,14.2060,15.2021,15.3271,16.5633,4
2458620.705797,22.9570,-23.8777,14.2060,15.2021,15.3271,16.5633,4
2458620.722647,8.8007,-10.3230,14.2060,15.2021,15.3271,16.5633,4
2458620.865227,2.2196,9.6406,14.2060,15.2021,15.3271,16.5633,4
2458621.716587,9.1158,10.3703,14.2060,15.2021,15.3271,16.5633,4
2458621.779147,11.8370,3.9127,14.2060,15.2021,15.3271,16.5633,4
2458621.830587,34.6397,28.4523,14.2060,15.2021,15.3271,16.5633,4
2458622.778127,11.5098,20.1278,14.2060,15.2021,15.3271,16.5633,4
2458625.834677,29.4206,1.3795,14.2060,15.2021,15.3271,16.5633,4
2458625.851677,7.5104,22.0397,14.2060,15.2021,15.3271,16.5633,4
2458626.616347,-3.5776,-8.1526,14.2060,15.2021,15.3271,16.5633,4
2458626.633037,-5.8260,21.9457,14.2060,15.2021,15.3271,16.5633,4
2458626.649547,15.0086,21.8310,14.2060,15.2021,15.3271,16.5633,4
2458626.726407,26.9387,-31.1625,14.2060,15.2021,15.3271,16.5633,4
2458626.743377,-11.5371,30.6925,14.2060,15.2021,15.3271,16.5633,4
2458626.770717,11.2147,23.2296,14.2060,15.2021,15.3271,16.5633,4
2458626.787577,-10.9040,24.0563,14.2060,15.2021,15.3271,16.5633,4
2458626.820677,0.1798,1.0032,14.2060,15.2021,15.3271,16.5633,4
2458626.881227,0.3411,-13.9041,14.2060,15.2021,15.3271,16.5633,4
2458626.898267,-4.8367,-17.1525,14.2060,15.2021,15.3271,16.5633,4
2458626.914637,-10.7749,3.2671,14.2060,15.2021,15.3271,16.5633,4
2458627.618837,-17.1818,-30.2234,14.2060,15.2021,15.3271,16.5633,4
2458627.652537,-5.2030,-30.7090,14.2060,15.2021,15.3271,16.5633,4
2458627.669317,10.3446,30.3283,14.2060,15.2021,15.3271,16.5633,4
2458627.713187,20.7854,-2.5830,14.2060,15.2021,15.3271,16.5633,4
2458627.732957,34.8531,-4.3528,14.2060,15.2021,15.3271,16.5633,4
2458627.766197,32.9955,-11.0702,14.2060,15.2021,15.3271,16.5633,4
2458631.662637,7.7390,-29.7588,14.2060,15.2021,15.3271,16.5633,4
2458635.717757,-1.8373,38.5362,14.2060,15.2021,15.3271,16.5633,4
2458635.734817,17.2314,-22.2946,14.2060,15.2021,15.3271,16.5633,4
2458635.751167,8.5243,-14.2622,14.2060,15.2021,15.3271,16.5633,4
2458635.767797,24.6216,6.9635,14.2060,15.2021,15.3271,16.5633,4
2458635.784337,29.3197,6.7980,14.2060,15.2021,15.3271,16.5633,4
2458635.812097,20.9540,-18.3500,14.2060,15.2021,15.3271,16.5633,4
2458635.833897,-10.3207,-2.5244,14.2060,15.2021,15.3271,16.5633,4
2458635.884407,46.2843,26.1409,14.2060,15.2021,15.3271,16.5633,4
2458635.901477,0.3613,-30.1645,14.2060,15.2021,15.3271,16.5633,4
2458636.626057,7.5767,6.7534,14.2060,15.2021,15.3271,16.5633,4
2458636.642537,-23.3245,-2.8968,14.2060,15.2021,15.3271,16.5633,4
2458636.659057,24.5407,-8.8556,14.2060,15.2021,15.3271,16.5633,4
2458636.686507,9.5772,-0.7374,14.2060,15.2021,15.3271,16.5633,4
2458636.719757,-4.1956,-12.2802,14.2060,15.2021,15.3271,16.5633,4
2458636.736817,-2.3367,18.8252,14.2060,15.2021,15.3271,16.5633,4
2458636.755667,8.0452,40.6830,14.2060,15.2021,15.3271,16.5633,4
2458636.782917,-3.3107,3.0016,14.2060,15.2021,15.3271,16.5633,4
2458636.799537,-6.0398,21.6928,14.2060,15.2021,15.3271,16.5633,4
2458636.821747,19.9492,-5.4111,14.2060,15.2021,15.3271,16.5633,4
2458636.838977,10.3645,-12.4256,14.2060,15.2021,15.3271,16.5633,4
2458636.855617,30.7844,-0.5951,14.2060,15.2021,15.3271,16.5633,4
2458636.883637,-4.4442,24.3996,14.2060,15.2021,15.3271,16.5633,4
2458636.900597,-14.2427,-39.3948,14.2060,15.2021,15.3271,16.5633,4
2458637.669867,-18.4315,3.4292,14.2060,15.2021,15.3271,16.5633,4
2458637.686557,-2.9111,-12.2471,14.2060,15.2021,15.3271,16.5633,4
2458637.720207,-12.7216,18.3096,14.2060,15.2021,15.3271,16.5633,4
2458637.737507,-14.8943,17.5397,14.2060,15.2021,15.3271,16.5633,4
2458637.774497,-4.3260,33.7699,14.2060,15.2021,15.3271,16.5633,4
2458637.791437,7.4191,8.2314,14.2060,15.2021,15.3271,16.5633,4
2458637.808407,25.0523,8.5351,14.2060,15.2021,15.3271,16.5633,4
2458637.824877,20.8739,-14.1635,14.2060,15.2021,15.3271,16.5633,4
2458637.868107,15.0461,10.7287,14.2060,15.2021,15.3271,16.5633,4
2458639.649087,-5.0785,34.2212,14.2060,15.2021,15.3271,16.5633,4
2458639.671807,30.1366,-37.6367,14.2060,15.2021,15.3271,16.5633,4
2458639.715447,13.7570,-12.6704,14.2060,15.2021,15.3271,16.5633,4
2458640.677477,38.6138,34.9962,14.2060,15.2021,15.3271,16.5633,4
2458640.710957,-11.6798,31.7228,14.2060,15.2021,15.3271,16.5633,4
2458640.738167,-15.1044,-1.7004,14.2060,15.2021,15.3271,16.5633,4
2458640.763537,17.1598,8.2023,14.2060,15.2021,15.3271,16.5633,4
2458640.780237,-14.7496,1.5132,14.2060,15.2021,15.3271,16.5633,4
2458640.857577,-10.9348,30.9266,14.2060,15.2021,15.3271,16.5633,4
2458641.638777,20.6501,-3.5171,14.2060,15.2021,15.3271,16.5633,4
2458641.814247,-15.0244,25.3549,14.2060,15.2021,15.3271,16.5633,4
2458641.830497,53.8615,-11.0804,14.2060,15.2021,15.3271,16.5633,4
2458642.599467,2.8471,15.3264,14.2060,15.2021,15.3271,16.5633,4
2458642.636777,20.8256,23.4743,14.2060,15.2021,15.3271,16.5633,4
2458642.663707,23.7170,1.9378,14.2060,15.2021,15.3271,16.5633,4
2458642.696957,-18.8235,13.9954,14.2060,15.2021,15.3271,16.5633,4
2458642.713827,6.6285,18.6942,14.2060,15.2021,15.3271,16.5633,4
2458642.790787,-15.8955,-11.7724,14.2060,15.2021,15.3271,16.5633,4
2458642.824307,-0.7543,12.1148,14.2060,15.2021,15.3271,16.5633,4
2458643.598237,14.4451,-13.5339,14.2060,15.2021,15.3271,16.5633,4
2458643.617267,34.6725,0.4578,14.2060,15.2021,15.3271,16.5633,4
2458643.654797,3.7897,11.1501,14.2060,15.2021,15.3271,16.5633,4
2458643.671337,22.0868,11.4327,14.2060,15.2021,15.3271,16.5633,4
2458643.689657,-2.2579,-17.8164,14.2060,15.2021,15.3271,16.5633,4
2458643.725377,-15.6716,15.0214,14.2060,15.2021,15.3271,16.5633,4
2458643.752787,12.4624,8.0618,14.2060,15.2021,15.3271,16.5633,4
2458643.788677,-20.4608,12.6283,14.2060,15.2021,15.3271,16.5633,4
2458643.822147,-17.3850,4.4236,14.2060,15.2021,15.3271,16.5633,4
2458643.839487,-12.9044,33.1006,14.2060,15.2021,15.3271,16.5633,4
2458643.867157,3.3535,-12.2309,14.2060,15.2021,15.3271,16.5633,4
2458643.883507,8.6178,-31.7212,14.2060,15.2021,15.3271,16.5633,4
2458644.567507,16.4214,12.6540,14.2060,15.2021,15.3271,16.5633,4
2458644.584647,21.0084,8.7849,14.2060,15.2021,15.3271,16.5633,4
2458644.621227,21.1657,30.1749,14.2060,15.2021,15.3271,16.5633,4
2458644.655117,-9.8627,19.0061,14.2060,15.2021,15.3271,16.5633,4
2458644.688497,-19.8666,1.0131,14.2060,15.2021,15.3271,16.5633,4
2458644.791347,-6.2071,24.5425,14.2060,15.2021,15.3271,16.5633,4
2458644.818437,8.6318,-5.0498,14.2060,15.2021,15.3271,16.5633,4
2458644.834887,-16.8298,16.6578,14.2060,15.2021,15.3271,16.5633,4
2458644.851807,21.4250,6.3091,14.2060,15.2021,15.3271,16.5633,4
2458645.582837,-11.0167,27.4387,14.2060,15.2021,15.3271,16.5633,4
2458645.599517,28.6837,9.8330,14.2060,15.2021,15.3271,16.5633,4
2458645.627317,22.2128,-7.6153,14.2060,15.2021,15.3271,16.5633,4
2458645.644197,-12.3281,-2.3830,14.2060,15.2021,15.3271,16.5633,4
2458645.688457,-5.1776,10.0443,14.2060,15.2021,15.3271,16.5633,4
2458645.705537,9.1314,-11.2579,14.2060,15.2021,15.3271,16.5633,4
2458645.722357,40.9406,-33.7518,14.2060,15.2021,15.3271,16.5633,4
2458645.755517,21.1546,0.9763,14.2060,15.2021,15.3271,16.5633,4
2458645.804037,-0.3808,18.1953,14.2060,15.2021,15.3271,16.5633,4
2458645.841547,-6.7361,-31.4687,14.2060,15.2021,15.3271,16.5633,4
2458648.592897,60.3487,-2.3488,14.2060,15.2021,15.3271,16.5633,4
2458648.693247,-2.5314,32.0552,14.2060,15.2021,15.3271,16.5633,4
2458648.727367,22.9863,17.7229,14.2060,15.2021,15.3271,16.5633,4
2458648.744167,3.3530,16.9792,14.2060,15.2021,15.3271,16.5633,4
2458648.842587,36.4680,19.0583,14.2060,15.2021,15.3271,16.5633,4
2458653.742717,56.7378,1.7379,14.2060,15.2021,15.3271,16.5633,4
2458655.549807,29.9653,18.5865,14.2060,15.2021,15.3271,16.5633,4
2458655.704707,0.8887,10.8608,14.2060,15.2021,15.3271,16.5633,4
2458657.612427,55.0426,25.3135,14.2060,15.2021,15.3271,16.5633,4
2458657.629567,40.4633,-4.4130,14.2060,15.2021,15.3271,16.5633,4
2458657.648147,22.0595,6.3259,14.2060,15.2021,15.3271,16.5633,4
2458657.698097,-10.5481,16.3448,14.2060,15.2021,15.3271,16.5633,4
2458657.714907,25.6910,25.9327,14.2060,15.2021,15.3271,16.5633,4
2458657.731817,-7.7231,-33.0220,14.2060,15.2021,15.3271,16.5633,4
2458657.769887,45.4239,19.9410,14.2060,15.2021,15.3271,16.5633,4
2458658.632717,1.8046,8.8306,14.2060,15.2021,15.3271,16.5633,4
2458660.585387,6.5204,32.4816,14.2060,15.2021,15.3271,16.5633,4
2458660.602507,35.9598,-19.4837,14.2060,15.2021,15.3271,16.5633,4
2458660.619327,-22.8544,-6.5948,14.2060,15.2021,15.3271,16.5633,4
2458660.636017,7.1155,10.8641,14.2060,15.2021,15.3271,16.5633,4
2458660.663327,7.4285,16.1239,14.2060,15.2021,15.3271,16.5633,4
2458660.683877,11.4872,-20.3012,14.2060,15.2021,15.3271,16.5633,4
2458660.700507,-5.0453,-11.9685,14.2060,15.2021,15.3271,16.5633,4
2458660.717107,-14.0929,-1.7373,14.2060,15.2021,15.3271,16.5633,4
2458660.734327,-7.2814,6.7813,14.2060,15.2021,15.3271,16.5633,4
2458660.751397,4.3098,-5.3757,14.2060,15.2021,15.3271,16.5633,4
2458660.778297,22.0098,-15.1754,14.2060,15.2021,15.3271,16.5633,4
2458660.795107,-29.0656,-28.4677,14.2060,15.2021,15.3271,16.5633,4
2458660.812057,46.5000,-6.6770,14.2060,15.2021,15.3271,16.5633,4
2458660.832727,14.1526,8.3179,14.2060,15.2021,15.3271,16.5633,4
2458661.694137,28.9014,6.4463,14.2060,15.2021,15.3271,16.5633,4
2458661.711277,6.9490,-16.5941,14.2060,15.2021,15.3271,16.5633,4
2458662.551237,11.3896,26.4252,14.2060,15.2021,15.3271,16.5633,4
2458662.601397,55.0588,-0.0389,14.2060,15.2021,15.3271,16.5633,4
2458662.618327,2.9022,19.9642,14.2060,15.2021,15.3271,16.5633,4
2458662.635237,20.9399,22.3600,14.2060,15.2021,15.3271,16.5633,4
2458662.672007,3.1733,-15.0956,14.2060,15.2021,15.3271,16.5633,4
2458662.761137,-2.2939,23.1924,14.2060,15.2021,15.3271,16.5633,4
2458662.823097,3.2898,-12.7240,14.2060,15.2021,15.3271,16.5633,4
2458662.839577,26.3237,-30.0794,14.2060,15.2021,15.3271,16.5633,4
2458664.562397,-2.5054,-11.4356,14.2060,15.2021,15.3271,16.5633,4
2458664.581317,-27.7763,8.7806,14.2060,15.2021,15.3271,16.5633,4
2458664.602867,10.8863,38.0866,14.2060,15.2021,15.3271,16.5633,4
2458664.620157,34.6125,15.1900,14.2060,15.2021,15.3271,16.5633,4
2458664.681317,-26.7272,16.9279,14.2060,15.2021,15.3271,16.5633,4
2458664.698477,-7.7721,9.2210,14.2060,15.2021,15.3271,16.5633,4
2458664.732477,24.9384,24.0811,14.2060,15.2021,15.3271,16.5633,4
2458664.760247,44.9978,-0.7491,14.2060,15.2021,15.3271,16.5633,4
2458664.798387,1.6776,-6.3006,14.2060,15.2021,15.3271,16.5633,4
2458664.815137,7.9768,26.0819,14.2060,15.2021,15.3271,16.5633,4
2458665.512417,17.4023,-3.0839,14.2060,15.2021,15.3271,16.5633,4
2458665.529127,-2.7166,1.7669,14.2060,15.2021,15.3271,16.5633,4
2458665.545827,32.2732,-9.0311,14.2060,15.2021,15.3271,16.5633,4
2458665.562557,7.7148,-15.9251,14.2060,15.2021,15.3271,16.5633,4
2458665.606777,19.6251,12.4042,14.2060,15.2021,15.3271,16.5633,4
2458665.624087,0.3746,33.6477,14.2060,15.2021,15.3271,16.5633,4
2458665.640867,-21.0103,18.9545,14.2060,15.2021,15.3271,16.5633,4
2458665.674357,4.2267,37.8781,14.2060,15.2021,15.3271,16.5633,4
2458665.724727,-3.6696,18.8829,14.2060,15.2021,15.3271,16.5633,4
2458665.741377,-2.3854,-9.3680,14.2060,15.2021,15.3271,16.5633,4
2458666.597787,4.9962,6.7414,14.2060,15.2021,15.3271,16.5633,4
2458666.617757,15.9552,12.8831,14.2060,15.2021,15.3271,16.5633,4
2458666.634387,-21.6587,23.1146,14.2060,15.2021,15.3271,16.5633,4
2458666.651007,-2.9785,16.5171,14.2060,15.2021,15.3271,16.5633,4
2458666.667807,22.1869,1.4544,14.2060,15.2021,15.3271,16.5633,4
2458666.814927,34.4986,-2.2265,14.2060,15.2021,15.3271,16.5633,4
2458667.511847,26.6160,17.2759,14.2060,15.2021,15.3271,16.5633,4
2458667.548777,0.5458,23.5865,14.2060,15.2021,15.3271,16.5633,4
2458667.565087,14.7404,-21.7600,14.2060,15.2021,15.3271,16.5633,4
2458667.598557,15.8666,-15.4232,14.2060,15.2021,15.3271,16.5633,4
2458667.621857,-18.5065,23.1075,14.2060,15.2021,15.3271,16.5633,4
2458667.657507,5.2970,27.7746,14.2060,15.2021,15.3271,16.5633,4
2458667.707547,8.3675,11.7251,14.2060,15.2021,15.3271,16.5633,4
2458667.724417,-2.5322,23.8685,14.2060,15.2021,15.3271,16.5633,4
2458667.772397,34.5860,4.0947,14.2060,15.2021,15.3271,16.5633,4
2458667.788917,19.1153,-0.2144,14.2060,15.2021,15.3271,16.5633,4
2458668.542047,45.0906,21.3785,14.2060,15.2021,15.3271,16.5633,4
2458668.617677,32.8459,25.5003,14.2060,15.2021,15.3271,16.5633,4
2458668.636207,-4.0211,32.5127,14.2060,15.2021,15.3271,16.5633,4
2458668.669327,35.1331,-17.4524,14.2060,15.2021,15.3271,16.5633,4
2458668.686277,8.9115,12.5001,14.2060,15.2021,15.3271,16.5633,4
2458668.714057,23.2839,2.4740,14.2060,15.2021,15.3271,16.5633,4
2458668.764317,-12.0316,-0.1450,14.2060,15.2021,15.3271,16.5633,4
2458669.505307,13.5199,10.1381,14.2060,15.2021,15.3271,16.5633,4
2458669.521857,-9.7163,3.5525,14.2060,15.2021,15.3271,16.5633,4
2458669.572187,3.9054,14.2713,14.2060,15.2021,15.3271,16.5633,4
2458669.593857,-5.5853,-14.0385,14.2060,15.2021,15.3271,16.5633,4
2458669.625157,7.9313,19.0010,14.2060,15.2021,15.3271,16.5633,4
2458669.641517,-16.3914,20.4513,14.2060,15.2021,15.3271,16.5633,4
2458669.771677,-26.7116,-24.3832,14.2060,15.2021,15.3271,16.5633,4
2458669.788177,23.7367,-16.4043,14.2060,15.2021,15.3271,16.5633,4
2458670.563887,43.6643,40.1691,14.2060,15.2021,15.3271,16.5633,4
2458670.580207,27.7331,29.3437,14.2060,15.2021,15.3271,16.5633,4
2458670.597117,20.5566,-15.5994,14.2060,15.2021,15.3271,16.5633,4
2458670.624737,-24.5633,-23.3683,14.2060,15.2021,15.3271,16.5633,4
2458670.641237,-1.0730,32.7535,14.2060,15.2021,15.3271,16.5633,4
2458670.658187,0.0978,10.4101,14.2060,15.2021,15.3271,16.5633,4
2458670.674457,-21.5262,-28.7288,14.2060,15.2021,15.3271,16.5633,4
2458670.744597,38.9864,-22.8154,14.2060,15.2021,15.3271,16.5633,4
2458670.761337,-17.1728,-6.4929,14.2060,15.2021,15.3271,16.5633,4
2458671.654567,46.6669,32.1024,14.2060,15.2021,15.3271,16.5633,4
2458674.530827,-6.4782,7.6916,14.2060,15.2021,15.3271,16.5633,4
2458674.564567,15.7899,11.8262,14.2060,15.2021,15.3271,16.5633,4
2458674.602507,6.8225,13.9138,14.2060,15.2021,15.3271,16.5633,4
2458674.619077,10.0788,20.9085,14.2060,15.2021,15.3271,16.5633,4
2458674.637917,5.9273,5.7443,14.2060,15.2021,15.3271,16.5633,4
2458674.671177,1.2187,5.2353,14.2060,15.2021,15.3271,16.5633,4
2458674.699817,4.7056,13.2202,14.2060,15.2021,15.3271,16.5633,4
2458674.733437,10.0586,-1.2310,14.2060,15.2021,15.3271,16.5633,4
2458674.752517,7.4798,-16.7341,14.2060,15.2021,15.3271,16.5633,4
2458674.769307,-1.8666,9.0902,14.2060,15.2021,15.3271,16.5633,4
2458674.786267,-4.7201,-11.2668,14.2060,15.2021,15.3271,16.5633,4
2458675.543717,15.4196,18.3296,14.2060,15.2021,15.3271,16.5633,4
2458675.560547,-9.0370,-25.1288,14.2060,15.2021,15.3271,16.5633,4
2458675.604707,8.6977,20.4399,14.2060,15.2021,15.3271,16.5633,4
2458675.641487,19.1461,-11.2948,14.2060,15.2021,15.3271,16.5633,4
2458675.658037,14.6887,25.9286,14.2060,15.2021,15.3271,16.5633,4
2458675.686697,9.8250,23.7989,14.2060,15.2021,15.3271,16.5633,4
2458675.703167,-3.4204,34.4738,14.2060,15.2021,15.3271,16.5633,4
2458675.719817,0.6759,1.6077,14.2060,15.2021,15.3271,16.5633,4
2458676.611017,13.3157,11.9621,14.2060,15.2021,15.3271,16.5633,4
2458676.630967,-7.3208,25.6185,14.2060,15.2021,15.3271,16.5633,4
2458676.658227,9.4962,9.8648,14.2060,15.2021,15.3271,16.5633,4
2458676.691957,35.5908,18.3108,14.2060,15.2021,15.3271,16.5633,4
2458676.708287,31.3653,17.8064,14.2060,15.2021,15.3271,16.5633,4
2458677.772657,10.2997,-16.5812,14.2060,15.2021,15.3271,16.5633,4
2458681.594167,-6.8603,-0.7826,14.2060,15.2021,15.3271,16.5633,4
2458681.638007,-18.2729,37.4884,14.2060,15.2021,15.3271,16.5633,4
2458682.568997,0.3328,35.2262,14.2060,15.2021,15.3271,16.5633,4
2458682.667517,-6.2219,12.4987,14.2060,15.2021,15.3271,16.5633,4
2458682.705727,17.9596,18.6381,14.2060,15.2021,15.3271,16.5633,4
2458682.765997,2.8373,10.7123,14.2060,15.2021,15.3271,16.5633,4
2458683.585017,7.7885,13.3573,14.2060,15.2021,15.3271,16.5633,4
2458683.602407,19.0161,-4.4575,14.2060,15.2021,15.3271,16.5633,4
2458683.663027,-25.7212,32.1010,14.2060,15.2021,15.3271,16.5633,4
2458684.502627,-3.4384,-4.5210,14.2060,15.2021,15.3271,16.5633,4
2458684.519287,-6.8072,38.9195,14.2060,15.2021,15.3271,16.5633,4
2458684.536367,32.9133,-6.0319,14.2060,15.2021,15.3271,16.5633,4
2458684.564777,11.3261,-22.9196,14.2060,15.2021,15.3271,16.5633,4
2458684.598337,9.9324,-6.4975,14.2060,15.2021,15.3271,16.5633,4
2458684.623187,4.9244,5.5310,14.2060,15.2021,15.3271,16.5633,4
2458684.673847,-23.1041,25.8432,14.2060,15.2021,15.3271,16.5633,4
2458684.690977,23.8955,-5.0415,14.2060,15.2021,15.3271,16.5633,4
2458685.495297,23.1222,-8.3667,14.2060,15.2021,15.3271,16.5633,4
2458685.512877,21.3661,3.9135,14.2060,15.2021,15.3271,16.5633,4
2458687.620707,33.1208,32.9382,14.2060,15.2021,15.3271,16.5633,4
2458687.637157,39.0005,16.1240,14.2060,15.2021,15.3271,16.5633,4
2458687.653987,12.7054,19.4401,14.2060,15.2021,15.3271,16.5633,4
2458687.670817,10.6737,37.6107,14.2060,15.2021,15.3271,16.5633,4
2458687.703807,15.9591,8.7232,14.2060,15.2021,15.3271,16.5633,4
2458687.739427,38.9435,17.4501,14.2060,15.2021,15.3271,16.5633,4
2458687.757657,6.6451,-14.3999,14.2060,15.2021,15.3271,16.5633,4
2458688.672237,-22.2336,7.5494,14.2060,15.2021,15.3271,16.5633,4
2458688.715857,7.9083,31.0662,14.2060,15.2021,15.3271,16.5633,4
2458688.754277,34.6947,1.0750,14.2060,15.2021,15.3271,16.5633,4
2458688.771687,10.6481,-27.7053,14.2060,15.2021,15.3271,16.5633,4
2458689.576207,12.2771,-0.0945,14.2060,15.2021,15.3271,16.5633,4
2458689.650197,10.6063,9.1520,14.2060,15.2021,15.3271,16.5633,4
2458689.671057,-11.2924,34.9470,14.2060,15.2021,15.3271,16.5633,4
2458689.704757,0.2430,19.2190,14.2060,15.2021,15.3271,16.5633,4
2458690.499607,24.4988,-3.6588,14.2060,15.2021,15.3271,16.5633,4
2458690.543387,6.4884,5.7933,14.2060,15.2021,15.3271,16.5633,4
2458690.560377,-5.4859,3.6410,14.2060,15.2021,15.3271,16.5633,4
2458690.594447,-4.3734,3.5830,14.2060,15.2021,15.3271,16.5633,4
2458690.614787,3.9933,11.6482,14.2060,15.2021,15.3271,16.5633,4
2458690.641597,-3.4695,36.7268,14.2060,15.2021,15.3271,16.5633,4
2458690.674867,5.1757,15.3192,14.2060,15.2021,15.3271,16.5633,4
2458690.708727,4.3784,-4.5026,14.2060,15.2021,15.3271,16.5633,4
2458690.752707,6.6828,-18.5344,14.2060,15.2021,15.3271,16.5633,4
2458691.540867,12.9710,-0.2046,14.2060,15.2021,15.3271,16.5633,4
2458691.567617,22.6182,17.3419,14.2060,15.2021,15.3271,16.5633,4
2458691.604717,8.0075,-8.6852,14.2060,15.2021,15.3271,16.5633,4
2458691.637787,3.1131,5.6630,14.2060,15.2021,15.3271,16.5633,4
2458691.654227,6.1356,10.7434,14.2060,15.2021,15.3271,16.5633,4
2458691.681867,-11.0330,19.8386,14.2060,15.2021,15.3271,16.5633,4
2458691.698357,-5.3266,4.8248,14.2060,15.2021,15.3271,16.5633,4
2458691.732387,25.1551,-12.8479,14.2060,15.2021,15.3271,16.5633,4
2458692.502427,9.2106,-9.7078,14.2060,15.2021,15.3271,16.5633,4
2458692.519257,6.6209,18.3414,14.2060,15.2021,15.3271,16.5633,4
2458692.535777,26.2708,-8.5089,14.2060,15.2021,15.3271,16.5633,4
2458692.633697,-10.3006,12.4855,14.2060,15.2021,15.3271,16.5633,4
2458692.650187,3.7464,8.4912,14.2060,15.2021,15.3271,16.5633,4
2458692.676827,28.7364,15.8921,14.2060,15.2021,15.3271,16.5633,4
2458692.693507,-1.0256,-2.8395,14.2060,15.2021,15.3271,16.5633,4
2458692.710017,5.2389,17.1315,14.2060,15.2021,15.3271,16.5633,4
2458692.726777,-24.7867,8.2839,14.2060,15.2021,15.3271,16.5633,4
2458692.743077,-22.0083,-15.2065,14.2060,15.2021,15.3271,16.5633,4
2458692.759897,-0.4622,-11.5805,14.2060,15.2021,15.3271,16.5633,4
2458693.602317,17.3864,-13.9396,14.2060,15.2021,15.3271,16.5633,4
2458693.621537,35.7677,25.8903,14.2060,15.2021,15.3271,16.5633,4
2458693.638137,-5.8434,1.9551,14.2060,15.2021,15.3271,16.5633,4
2458693.654987,-16.2140,5.7099,14.2060,15.2021,15.3271,16.5633,4
2458693.682347,16.6237,14.3283,14.2060,15.2021,15.3271,16.5633,4
2458693.699297,25.1322,2.3804,14.2060,15.2021,15.3271,16.5633,4
2458693.719137,16.2964,-10.0546,14.2060,15.2021,15.3271,16.5633,4
2458694.493207,7.0838,28.4319,14.2060,15.2021,15.3271,16.5633,4
2458694.526977,-4.3126,30.1029,14.2060,15.2021,15.3271,16.5633,4
2458694.645107,0.4361,20.8537,14.2060,15.2021,15.3271,16.5633,4
2458694.719607,4.3961,2.4492,14.2060,15.2021,15.3271,16.5633,4
2458695.483607,10.7720,-11.0627,14.2060,15.2021,15.3271,16.5633,4
2458695.562207,10.3352,-13.5730,14.2060,15.2021,15.3271,16.5633,4
2458695.579437,-13.1448,34.6772,14.2060,15.2021,15.3271,16.5633,4
2458695.606397,2.3674,5.3621,14.2060,15.2021,15.3271,16.5633,4
2458695.639637,-16.6267,0.3159,14.2060,15.2021,15.3271,16.5633,4
2458695.677427,24.9802,3.2843,14.2060,15.2021,15.3271,16.5633,4
2458696.568167,27.8542,18.1942,14.2060,15.2021,15.3271,16.5633,4
2458697.534287,5.9775,24.7478,14.2060,15.2021,15.3271,16.5633,4
2458697.550987,6.6791,13.5930,14.2060,15.2021,15.3271,16.5633,4
2458697.567327,4.8177,-25.0319,14.2060,15.2021,15.3271,16.5633,4
2458697.586787,6.2590,-1.3138,14.2060,15.2021,15.3271,16.5633,4
2458697.711977,22.2119,36.4699,14.2060,15.2021,15.3271,16.5633,4
2458697.739167,-16.7376,36.0739,14.2060,15.2021,15.3271,16.5633,4
2458698.489827,-23.7847,-21.1313,14.2060,15.2021,15.3271,16.5633,4
2458698.506927,15.1124,8.7902,14.2060,15.2021,15.3271,16.5633,4
2458698.544487,-21.7006,-28.6399,14.2060,15.2021,15.3271,16.5633,4
2458698.598077,17.3447,11.1437,14.2060,15.2021,15.3271,16.5633,4
2458698.614597,-6.6400,1.3901,14.2060,15.2021,15.3271,16.5633,4
2458698.631817,-9.2325,10.4962,14.2060,15.2021,15.3271,16.5633,4
2458698.648817,31.2412,3.1576,14.2060,15.2021,15.3271,16.5633,4
2458698.665217,3.3334,11.9151,14.2060,15.2021,15.3271,16.5633,4
2458698.681607,-5.4908,-2.7393,14.2060,15.2021,15.3271,16.5633,4
2458698.709157,-0.8108,28.8119,14.2060,15.2021,15.3271,16.5633,4
2458699.466747,37.5844,3.0698,14.2060,15.2021,15.3271,16.5633,4
2458699.546297,-19.2355,-9.5081,14.2060,15.2021,15.3271,16.5633,4
2458699.597007,23.8150,0.1900,14.2060,15.2021,15.3271,16.5633,4
2458699.692287,20.2774,-8.6796,14.2060,15.2021,15.3271,16.5633,4
2458700.498307,-5.2480,9.6409,14.2060,15.2021,15.3271,16.5633,4
2458700.515247,14.5847,14.8530,14.2060,15.2021,15.3271,16.5633,4
2458700.548877,9.8376,13.0697,14.2060,15.2021,15.3271,16.5633,4
2458700.566057,-4.7056,19.7869,14.2060,15.2021,15.3271,16.5633,4
2458700.593917,10.1943,19.0049,14.2060,15.2021,15.3271,16.5633,4
2458700.610287,-1.2861,8.3249,14.2060,15.2021,15.3271,16.5633,4
2458700.626457,14.5696,9.3574,14.2060,15.2021,15.3271,16.5633,4
2458700.693547,18.2821,-15.1404,14.2060,15.2021,15.3271,16.5633,4
2458701.466177,7.7030,0.0669,14.2060,15.2021,15.3271,16.5633,4
2458701.483227,-4.1458,21.0510,14.2060,15.2021,15.3271,16.5633,4
2458701.534017,12.2362,28.8509,14.2060,15.2021,15.3271,16.5633,4
2458701.567947,-4.8360,-6.2436,14.2060,15.2021,15.3271,16.5633,4
2458701.629197,-8.3885,0.4726,14.2060,15.2021,15.3271,16.5633,4
2458701.645727,-10.9781,-7.0074,14.2060,15.2021,15.3271,16.5633,4
2458701.662017,-15.8538,-8.7505,14.2060,15.2021,15.3271,16.5633,4
2458701.712267,18.0834,-14.5405,14.2060,15.2021,15.3271,16.5633,4
2458702.560227,-0.0070,15.4331,14.2060,15.2021,15.3271,16.5633,4
2458702.622697,13.7125,-0.3566,14.2060,15.2021,15.3271,16.5633,4
2458702.656387,9.9221,9.6150,14.2060,15.2021,15.3271,16.5633,4
2458702.689627,11.5172,-3.4593,14.2060,15.2021,15.3271,16.5633,4
2458702.707447,3.5818,15.6630,14.2060,15.2021,15.3271,16.5633,4
2458702.723937,7.3716,-25.0869,14.2060,15.2021,15.3271,16.5633,4
2458703.490687,12.9060,-17.8320,14.2060,15.2021,15.3271,16.5633,4
2458703.517737,13.9512,-23.8026,14.2060,15.2021,15.3271,16.5633,4
2458703.534637,-8.1127,32.1243,14.2060,15.2021,15.3271,16.5633,4
2458704.698587,29.2340,2.4048,14.2060,15.2021,15.3271,16.5633,4
2458705.516937,8.7996,8.7423,14.2060,15.2021,15.3271,16.5633,4
2458708.522247,-2.5438,6.8511,14.2060,15.2021,15.3271,16.5633,4
2458708.568177,7.4968,21.1423,14.2060,15.2021,15.3271,16.5633,4
2458708.584857,-11.0850,7.8944,14.2060,15.2021,15.3271,16.5633,4
2458708.618397,-12.4315,7.8819,14.2060,15.2021,15.3271,16.5633,4
2458710.487607,2.7089,-12.4054,14.2060,15.2021,15.3271,16.5633,4
2458710.504057,-5.1861,13.6535,14.2060,15.2021,15.3271,16.5633,4
2458711.512007,24.1311,-4.1319,14.2060,15.2021,15.3271,16.5633,4
2458711.528427,-8.2564,0.6772,14.2060,15.2021,15.3271,16.5633,4
2458711.545267,-10.4992,28.7703,14.2060,15.2021,15.3271,16.5633,4
2458711.589717,1.5502,26.9204,14.2060,15.2021,15.3271,16.5633,4
2458711.643957,23.4821,13.8318,14.2060,15.2021,15.3271,16.5633,4
2458711.660547,-2.8619,4.8966,14.2060,15.2021,15.3271,16.5633,4
2458712.499567,-1.7370,29.3253,14.2060,15.2021,15.3271,16.5633,4
2458712.535847,3.6562,-21.3574,14.2060,15.2021,15.3271,16.5633,4
2458712.569237,5.6578,-18.8347,14.2060,15.2021,15.3271,16.5633,4
2458712.607177,3.1240,31.3449,14.2060,15.2021,15.3271,16.5633,4
2458712.661197,9.0266,5.8523,14.2060,15.2021,15.3271,16.5633,4
2458713.561577,-0.4107,15.7543,14.2060,15.2021,15.3271,16.5633,4
2458714.468447,13.8739,7.8991,14.2060,15.2021,15.3271,16.5633,4
2458715.486667,12.7276,20.6744,14.2060,15.2021,15.3271,16.5633,4
2458715.503407,18.6652,29.2035,14.2060,15.2021,15.3271,16.5633,4
2458715.520127,-2.6762,21.3296,14.2060,15.2021,15.3271,16.5633,4
2458715.536817,-0.0028,29.8256,14.2060,15.2021,15.3271,16.5633,4
2458715.666677,33.2720,0.5429,14.2060,15.2021,15.3271,16.5633,4
2458715.694107,25.2796,21.0432,14.2060,15.2021,15.3271,16.5633,4
2458716.513977,15.1178,15.9602,14.2060,15.2021,15.3271,16.5633,4
2458716.530777,-0.6926,-9.5280,14.2060,15.2021,15.3271,16.5633,4
2458716.548017,-2.8115,24.9081,14.2060,15.2021,15.3271,16.5633,4
2458716.575257,-7.6286,10.7245,14.2060,15.2021,15.3271,16.5633,4
2458716.608907,20.6493,-18.5465,14.2060,15.2021,15.3271,16.5633,4
2458716.629707,-18.3549,16.1296,14.2060,15.2021,15.3271,16.5633,4
2458716.675457,15.8340,20.9685,14.2060,15.2021,15.3271,16.5633,4
2458717.484947,1.5869,8.2833,14.2060,15.2021,15.3271,16.5633,4
2458717.501667,16.2456,17.6375,14.2060,15.2021,15.3271,16.5633,4
2458717.550397,-10.2094,13.2224,14.2060,15.2021,15.3271,16.5633,4
2458717.567067,9.6166,9.1304,14.2060,15.2021,15.3271,16.5633,4
2458718.495827,-8.5780,0.8430,14.2060,15.2021,15.3271,16.5633,4
2458718.534917,-3.7745,9.0695,14.2060,15.2021,15.3271,16.5633,4
2458718.551427,-5.7964,-5.7877,14.2060,15.2021,15.3271,16.5633,4
2458718.568177,22.6678,-6.9805,14.2060,15.2021,15.3271,16.5633,4
2458718.649387,24.1416,-16.0511,14.2060,15.2021,15.3271,16.5633,4
2458720.587357,12.1879,-8.2860,14.2060,15.2021,15.3271,16.5633,4
2458720.604107,-20.7783,15.3877,14.2060,15.2021,15.3271,16.5633,4
2458720.621067,2.5767,11.3391,14.2060,15.2021,15.3271,16.5633,4
2458720.637677,9.7849,5.3277,14.2060,15.2021,15.3271,16.5633,4
2458721.514907,-5.4708,-13.0545,14.2060,15.2021,15.3271,16.5633,4
2458721.591507,5.8460,10.3443,14.2060,15.2021,15.3271,16.5633,4
2458721.608367,-18.5917,36.3197,14.2060,15.2021,15.3271,16.5633,4
2458722.524897,18.3582,0.1995,14.2060,15.2021,15.3271,16.5633,4
2458724.496667,-1.6660,4.9447,14.2060,15.2021,15.3271,16.5633,4
2458724.607587,4.1186,5.6282,14.2060,15.2021,15.3271,16.5633,4
2458724.651847,8.9238,-15.8394,14.2060,15.2021,15.3271,16.5633,4
2458724.669837,-18.1736,-1.7528,14.2060,15.2021,15.3271,16.5633,4
2458725.478457,17.8514,9.7453,14.2060,15.2021,15.3271,16.5633,4
2458725.495297,-14.1340,4.8847,14.2060,15.2021,15.3271,16.5633,4
2458725.512657,-8.3502,6.5547,14.2060,15.2021,15.3271,16.5633,4
2458725.562297,-10.7396,5.4086,14.2060,15.2021,15.3271,16.5633,4
2458725.612087,5.3224,32.3622,14.2060,15.2021,15.3271,16.5633,4
2458725.668497,2.4208,-8.2185,14.2060,15.2021,15.3271,16.5633,4
2458726.525247,-1.1694,-5.0964,14.2060,15.2021,15.3271,16.5633,4
2458726.570037,9.2932,2.3906,14.2060,15.2021,15.3271,16.5633,4
2458726.619837,-20.8011,19.3128,14.2060,15.2021,15.3271,16.5633,4
2458726.636407,-12.1248,3.2292,14.2060,15.2021,15.3271,16.5633,4
2458727.572797,30.3496,-13.3405,14.2060,15.2021,15.3271,16.5633,4
2458727.616867,17.0916,1.5112,14.2060,15.2021,15.3271,16.5633,4
2458727.633947,-2.0460,-5.1703,14.2060,15.2021,15.3271,16.5633,4
2458727.650677,23.3471,-1.9910,14.2060,15.2021,15.3271,16.5633,4
2458728.473467,18.3305,1.7030,14.2060,15.2021,15.3271,16.5633,4
2458728.524977,-14.4454,12.4366,14.2060,15.2021,15.3271,16.5633,4
2458728.558137,7.3130,17.3498,14.2060,15.2021,15.3271,16.5633,4
2458728.663267,0.3000,14.9507,14.2060,15.2021,15.3271,16.5633,4
2458729.562587,-3.0558,3.9369,14.2060,15.2021,15.3271,16.5633,4
2458729.597767,-3.1897,30.4747,14.2060,15.2021,15.3271,16.5633,4
2458729.614057,-6.0675,23.6852,14.2060,15.2021,15.3271,16.5633,4
2458729.631057,-3.7412,-11.3317,14.2060,15.2021,15.3271,16.5633,4
2458729.658977,-1.9169,-4.0243,14.2060,15.2021,15.3271,16.5633,4
2458730.491717,-1.4142,-5.3551,14.2060,15.2021,15.3271,16.5633,4
2458730.508737,-6.5022,15.1562,14.2060,15.2021,15.3271,16.5633,4
2458730.525537,-6.8653,-2.5043,14.2060,15.2021,15.3271,16.5633,4
2458730.541787,-2.9739,30.4233,14.2060,15.2021,15.3271,16.5633,4
2458730.558567,1.3162,30.2573,14.2060,15.2021,15.3271,16.5633,4
2458730.603437,21.1762,0.5420,14.2060,15.2021,15.3271,16.5633,4
2458730.620087,-18.8658,2.9324,14.2060,15.2021,15.3271,16.5633,4
2458730.636787,14.3102,-9.5214,14.2060,15.2021,15.3271,16.5633,4
2458731.496457,7.1528,27.0924,14.2060,15.2021,15.3271,16.5633,4
2458738.521587,-11.4735,-1.0128,14.2060,15.2021,15.3271,16.5633,4
2458738.581957,15.3286,-12.7178,14.2060,15.2021,15.3271,16.5633,4
2458738.598807,-2.0041,-25.2629,14.2060,15.2021,15.3271,16.5633,4
2458740.541147,11.7821,-5.7220,14.2060,15.2021,15.3271,16.5633,4
2458741.501927,9.9816,-0.0633,14.2060,15.2021,15.3271,16.5633,4
2458741.527647,-2.2685,0.7518,14.2060,15.2021,15.3271,16.5633,4
2458741.544447,-22.1795,-13.9182,14.2060,15.2021,15.3271,16.5633,4
2458741.585677,27.3927,-4.7054,14.2060,15.2021,15.3271,16.5633,4
2458742.517147,6.0735,2.4877,14.2060,15.2021,15.3271,16.5633,4
2458742.533877,-2.5318,-9.7149,14.2060,15.2021,15.3271,16.5633,4
2458742.567307,34.4282,19.5225,14.2060,15.2021,15.3271,16.5633,4
2458742.584197,14.3007,-11.4866,14.2060,15.2021,15.3271,16.5633,4
2458742.610887,16.4092,23.1241,14.2060,15.2021,15.3271,16.5633,4
2458746.531927,7.0072,-34.4850,14.2060,15.2021,15.3271,16.5633,4
2458746.548817,14.9248,36.0215,14.2060,15.2021,15.3271,16.5633,4
2458746.594067,17.8913,37.4849,14.2060,15.2021,15.3271,16.5633,4
2458747.482447,-2.8470,14.3985,14.2060,15.2021,15.3271,16.5633,4
2458747.506187,-2.1950,9.8905,14.2060,15.2021,15.3271,16.5633,4
2458747.522747,-13.9627,7.6710,14.2060,15.2021,15.3271,16.5633,4
2458747.567737,-21.7585,7.2504,14.2060,15.2021,15.3271,16.5633,4
2458747.600617,14.4657,-35.5474,14.2060,15.2021,15.3271,16.5633,4
2458748.489527,47.7320,-20.7800,14.2060,15.2021,15.3271,16.5633,4
2458748.522797,-24.6470,-17.9597,14.2060,15.2021,15.3271,16.5633,4
2458748.552937,20.8429,14.5252,14.2060,15.2021,15.3271,16.5633,4
2458748.586057,33.4457,-43.0657,14.2060,15.2021,15.3271,16.5633,4
2458750.530927,-8.1399,15.6187,14.2060,15.2021,15.3271,16.5633,4
2458752.490067,2.3232,-31.2149,14.2060,15.2021,15.3271,16.5633,4
2458752.535247,22.9903,-33.5556,14.2060,15.2021,15.3271,16.5633,4
2458754.569417,20.6207,22.2321,14.2060,15.2021,15.3271,16.5633,4
2458755.582597,43.3473,-25.2840,14.2060,15.2021,15.3271,16.5633,4
2458756.502247,55.7881,-29.8135,14.2060,15.2021,15.3271,16.5633,4
2458756.503597,-5.4952,1.2000,14.2060,15.2021,15.3271,16.5633,4
2458756.536957,-10.0973,18.9953,14.2060,15.2021,15.3271,16.5633,4
2458756.580527,-15.2027,-50.1329,14.2060,15.2021,15.3271,16.5633,4
2458757.503607,1.7920,14.2365,14.2060,15.2021,15.3271,16.5633,4
2458761.509507,22.1519,-0.8861,14.2060,15.2021,15.3271,16.5633,4
2458761.526377,0.8895,-56.5278,14.2060,15.2021,15.3271,16.5633,4
2458762.547627,3.4410,-12.3611,14.2060,15.2021,15.3271,16.5633,4
2458762.564407,-29.5535,24.0521,14.2060,15.2021,15.3271,16.5633,4
2458763.492947,-5.0284,-38.7961,14.2060,15.2021,15.3271,16.5633,4
2458764.537647,47.5168,-16.1898,14.2060,15.2021,15.3271,16.5633,4
2458768.500597,8.8696,5.4369,14.2060,15.2021,15.3271,16.5633,4
2458768.517827,18.7620,40.3495,14.2060,15.2021,15.3271,16.5633,4
2458774.522377,24.9113,29.8982,14.2060,15.2021,15.3271,16.5633,4
2458775.518557,24.3402,8.3857,14.2060,15.2021,15.3271,16.5633,4
2459265.861157,-10.3952,5.2581,14.2060,15.2021,14.6782,15.9922,5
2459265.878767,28.5878,-19.2857,14.2060,15.2021,14.6782,15.9922,5
2459267.874507,50.4291,-39.8655,14.2060,15.2021,14.6782,15.9922,5
2459267.892507,9.8916,-1.6706,14.2060,15.2021,14.6782,15.9922,5
2459268.894327,-5.1592,-9.5875,14.2060,15.2021,14.6782,15.9922,5
2459269.889687,11.6973,9.9510,14.2060,15.2021,14.6782,15.9922,5
2459270.876087,5.4507,-29.0647,14.2060,15.2021,14.6782,15.9922,5
2459271.873247,1.7528,-24.2334,14.2060,15.2021,14.6782,15.9922,5
2459274.882737,23.2800,-31.8062,14.2060,15.2021,14.6782,15.9922,5
2459275.887157,28.3324,-9.1578,14.2060,15.2021,14.6782,15.9922,5
2459276.861317,-6.7967,15.1724,14.2060,15.2021,14.6782,15.9922,5
2459276.878997,-5.3851,-9.5551,14.2060,15.2021,14.6782,15.9922,5
2459276.898147,4.1827,-16.8786,14.2060,15.2021,14.6782,15.9922,5
2459277.840797,15.7120,-37.8898,14.2060,15.2021,14.6782,15.9922,5
2459277.857877,-26.2071,-20.9892,14.2060,15.2021,14.6782,15.9922,5
2459277.900507,-26.8692,24.1791,14.2060,15.2021,14.6782,15.9922,5
2459279.873577,2.5862,4.3157,14.2060,15.2021,14.6782,15.9922,5
2459280.899247,31.5400,-11.8453,14.2060,15.2021,14.6782,15.9922,5
2459281.875157,5.0613,14.7375,14.2060,15.2021,14.6782,15.9922,5
2459281.892927,1.1139,-22.3388,14.2060,15.2021,14.6782,15.9922,5
2459282.812337,-13.0669,-40.5523,14.2060,15.2021,14.6782,15.9922,5
2459282.849467,16.1522,-1.2864,14.2060,15.2021,14.6782,15.9922,5
2459282.867047,-19.3802,8.3013,14.2060,15.2021,14.6782,15.9922,5
2459282.888257,12.6320,-19.6042,14.2060,15.2021,14.6782,15.9922,5
2459282.905477,-12.0783,36.5458,14.2060,15.2021,14.6782,15.9922,5
2459283.818147,33.0304,-44.2875,14.2060,15.2021,14.6782,15.9922,5
2459283.851177,9.9626,-13.1590,14.2060,15.2021,14.6782,15.9922,5
2459283.869217,20.2586,28.6799,14.2060,15.2021,14.6782,15.9922,5
2459283.894657,5.4259,23.9881,14.2060,15.2021,14.6782,15.9922,5
2459284.815927,-1.4029,-19.6335,14.2060,15.2021,14.6782,15.9922,5
2459284.862107,-6.0736,-20.8285,14.2060,15.2021,14.6782,15.9922,5
2459285.847337,-4.4357,-15.1454,14.2060,15.2021,14.6782,15.9922,5
2459285.865517,3.7451,-17.2123,14.2060,15.2021,14.6782,15.9922,5
2459285.884907,8.7818,11.8387,14.2060,15.2021,14.6782,15.9922,5
2459285.902267,20.6502,-34.0691,14.2060,15.2021,14.6782,15.9922,5
2459286.836117,-3.1712,7.3399,14.2060,15.2021,14.6782,15.9922,5
2459286.839507,26.4092,-25.7454,14.2060,15.2021,14.6782,15.9922,5
2459286.864537,-10.1402,24.8537,14.2060,15.2021,14.6782,15.9922,5
2459286.882087,45.4208,-7.0629,14.2060,15.2021,14.6782,15.9922,5
2459286.899217,-10.6398,15.7589,14.2060,15.2021,14.6782,15.9922,5
2459287.874247,22.4952,-15.7632,14.2060,15.2021,14.6782,15.9922,5
2459287.891927,49.5652,-51.6591,14.2060,15.2021,14.6782,15.9922,5
2459287.910017,-11.2595,30.3641,14.2060,15.2021,14.6782,15.9922,5
2459289.912987,13.7903,-5.8101,14.2060,15.2021,14.6782,15.9922,5
2459290.894017,-24.7793,-0.8550,14.2060,15.2021,14.6782,15.9922,5
2459291.881997,-11.1848,15.1893,14.2060,15.2021,14.6782,15.9922,5
2459291.899087,-4.9857,-1.5893,14.2060,15.2021,14.6782,15.9922,5
2459294.893487,-4.4654,-9.8858,14.2060,15.2021,14.6782,15.9922,5
2459294.910507,1.5681,26.4143,14.2060,15.2021,14.6782,15.9922,5
2459295.845197,-18.1573,1.7025,14.2060,15.2021,14.6782,15.9922,5
2459295.863067,20.6470,-21.1530,14.2060,15.2021,14.6782,15.9922,5
2459295.880327,-0.5271,-33.9358,14.2060,15.2021,14.6782,15.9922,5
2459295.897697,1.8696,7.6465,14.2060,15.2021,14.6782,15.9922,5
2459296.789437,49.6045,28.0377,14.2060,15.2021,14.6782,15.9922,5
2459296.824437,6.8466,-13.8590,14.2060,15.2021,14.6782,15.9922,5
2459296.870367,11.8828,8.3017,14.2060,15.2021,14.6782,15.9922,5
2459296.890737,4.0359,21.3194,14.2060,15.2021,14.6782,15.9922,5
2459297.845687,5.4731,-13.8842,14.2060,15.2021,14.6782,15.9922,5
2459297.883427,4.5177,18.9065,14.2060,15.2021,14.6782,15.9922,5
2459297.900717,5.1218,2.3446,14.2060,15.2021,14.6782,15.9922,5
2459298.889667,44.5649,23.0326,14.2060,15.2021,14.6782,15.9922,5
2459298.909927,9.7206,8.9298,14.2060,15.2021,14.6782,15.9922,5
2459299.876987,28.6325,-45.7862,14.2060,15.2021,14.6782,15.9922,5
2459299.896277,23.1313,30.2153,14.2060,15.2021,14.6782,15.9922,5
2459300.789137,14.1214,3.2953,14.2060,15.2021,14.6782,15.9922,5
2459300.842047,29.5847,29.9152,14.2060,15.2021,14.6782,15.9922,5
2459300.845617,32.9426,-37.2233,14.2060,15.2021,14.6782,15.9922,5
2459300.861627,41.0237,-0.7613,14.2060,15.2021,14.6782,15.9922,5
2459300.890057,11.4814,-3.9411,14.2060,15.2021,14.6782,15.9922,5
2459301.788127,7.8612,-7.8746,14.2060,15.2021,14.6782,15.9922,5
2459301.816337,-10.9720,28.2712,14.2060,15.2021,14.6782,15.9922,5
2459301.853097,23.2795,-5.0580,14.2060,15.2021,14.6782,15.9922,5
2459301.871897,-14.6728,15.4351,14.2060,15.2021,14.6782,15.9922,5
2459301.889287,-1.6362,22.5341,14.2060,15.2021,14.6782,15.9922,5
2459302.826757,7.8170,-5.1716,14.2060,15.2021,14.6782,15.9922,5
2459302.843727,0.2530,14.7282,14.2060,15.2021,14.6782,15.9922,5
2459302.862097,8.9888,16.3692,14.2060,15.2021,14.6782,15.9922,5
2459302.879407,12.8937,-32.4076,14.2060,15.2021,14.6782,15.9922,5
2459302.911177,-9.3404,-4.9363,14.2060,15.2021,14.6782,15.9922,5
2459303.866867,-3.0385,12.9724,14.2060,15.2021,14.6782,15.9922,5
2459303.884157,37.4906,19.2841,14.2060,15.2021,14.6782,15.9922,5
2459303.901517,28.5617,1.7043,14.2060,15.2021,14.6782,15.9922,5
2459304.772277,38.4798,-4.8541,14.2060,15.2021,14.6782,15.9922,5
2459304.789967,15.8265,-1.9400,14.2060,15.2021,14.6782,15.9922,5
2459304.807677,-15.1011,22.9656,14.2060,15.2021,14.6782,15.9922,5
2459304.842907,1.4794,-20.4224,14.2060,15.2021,14.6782,15.9922,5
2459304.860697,-9.6393,17.7564,14.2060,15.2021,14.6782,15.9922,5
2459304.888137,-2.9774,15.6238,14.2060,15.2021,14.6782,15.9922,5
2459304.905647,9.8987,-4.6696,14.2060,15.2021,14.6782,15.9922,5
2459305.758647,44.1456,-3.0257,14.2060,15.2021,14.6782,15.9922,5
2459305.807447,-7.7236,17.5701,14.2060,15.2021,14.6782,15.9922,5
2459305.824887,-1.0368,-11.6440,14.2060,15.2021,14.6782,15.9922,5
2459305.842027,19.7454,1.5331,14.2060,15.2021,14.6782,15.9922,5
2459305.859187,20.9613,2.0625,14.2060,15.2021,14.6782,15.9922,5
2459305.876627,18.2830,-3.2482,14.2060,15.2021,14.6782,15.9922,5
2459305.911637,-9.1935,3.1687,14.2060,15.2021,14.6782,15.9922,5
2459308.798567,-4.0227,0.8444,14.2060,15.2021,14.6782,15.9922,5
2459308.817357,25.3423,9.0572,14.2060,15.2021,14.6782,15.9922,5
2459309.810157,-9.8191,30.7109,14.2060,15.2021,14.6782,15.9922,5
2459309.827647,9.4781,-14.2527,14.2060,15.2021,14.6782,15.9922,5
2459309.847627,25.8411,-7.6742,14.2060,15.2021,14.6782,15.9922,5
2459309.872347,4.0362,-22.3157,14.2060,15.2021,14.6782,15.9922,5
2459309.901927,3.1627,-3.9038,14.2060,15.2021,14.6782,15.9922,5
2459309.923207,22.6238,12.2085,14.2060,15.2021,14.6782,15.9922,5
2459310.795117,-7.6967,16.2066,14.2060,15.2021,14.6782,15.9922,5
2459310.847407,-24.2242,4.8338,14.2060,15.2021,14.6782,15.9922,5
2459310.864617,10.3032,-15.7593,14.2060,15.2021,14.6782,15.9922,5
2459310.892267,19.2576,1.4570,14.2060,15.2021,14.6782,15.9922,5
2459311.752667,27.3975,-33.8167,14.2060,15.2021,14.6782,15.9922,5
2459311.789947,0.4465,12.7778,14.2060,15.2021,14.6782,15.9922,5
2459311.820907,11.7568,8.0962,14.2060,15.2021,14.6782,15.9922,5
2459311.837137,-10.2968,13.9461,14.2060,15.2021,14.6782,15.9922,5
2459311.854127,9.5904,0.4312,14.2060,15.2021,14.6782,15.9922,5
2459311.874147,-7.9310,9.6639,14.2060,15.2021,14.6782,15.9922,5
2459311.897857,-1.0136,14.0180,14.2060,15.2021,14.6782,15.9922,5
2459312.796687,8.1667,-31.8709,14.2060,15.2021,14.6782,15.9922,5
2459312.824837,15.0403,-18.6810,14.2060,15.2021,14.6782,15.9922,5
2459312.842577,1.1697,-18.0452,14.2060,15.2021,14.6782,15.9922,5
2459312.860117,-10.8893,22.4408,14.2060,15.2021,14.6782,15.9922,5
2459312.864297,9.6309,12.5181,14.2060,15.2021,14.6782,15.9922,5
2459312.880017,-3.6326,8.9695,14.2060,15.2021,14.6782,15.9922,5
2459312.897807,2.8540,-10.6773,14.2060,15.2021,14.6782,15.9922,5
2459313.824117,14.9764,-39.8583,14.2060,15.2021,14.6782,15.9922,5
2459313.854937,-11.9782,25.9158,14.2060,15.2021,14.6782,15.9922,5
2459313.872077,10.4698,22.6574,14.2060,15.2021,14.6782,15.9922,5
2459313.890657,3.1381,9.5827,14.2060,15.2021,14.6782,15.9922,5
2459314.803237,13.6379,-2.2663,14.2060,15.2021,14.6782,15.9922,5
2459314.826157,-23.2661,-14.5689,14.2060,15.2021,14.6782,15.9922,5
2459314.860177,-8.6352,17.0786,14.2060,15.2021,14.6782,15.9922,5
2459315.766027,30.3068,-18.1416,14.2060,15.2021,14.6782,15.9922,5
2459315.785207,-16.2704,-8.1844,14.2060,15.2021,14.6782,15.9922,5
2459315.820477,12.3193,-25.9162,14.2060,15.2021,14.6782,15.9922,5
2459315.840657,19.2525,-10.5918,14.2060,15.2021,14.6782,15.9922,5
2459315.871287,7.9913,10.4159,14.2060,15.2021,14.6782,15.9922,5
2459315.890427,-1.4475,11.4573,14.2060,15.2021,14.6782,15.9922,5
2459316.810537,23.8815,-1.4634,14.2060,15.2021,14.6782,15.9922,5
2459316.862607,15.3182,27.5668,14.2060,15.2021,14.6782,15.9922,5
2459316.898567,-8.9104,20.8056,14.2060,15.2021,14.6782,15.9922,5
2459316.918357,-4.6429,9.8690,14.2060,15.2021,14.6782,15.9922,5
2459317.808257,8.8977,-11.4788,14.2060,15.2021,14.6782,15.9922,5
2459317.825467,-4.7113,-13.6655,14.2060,15.2021,14.6782,15.9922,5
2459317.842727,-5.4651,-4.4461,14.2060,15.2021,14.6782,15.9922,5
2459317.870087,-10.4546,-5.9379,14.2060,15.2021,14.6782,15.9922,5
2459318.767357,23.4888,-11.9667,14.2060,15.2021,14.6782,15.9922,5
2459318.839837,-15.4742,24.1932,14.2060,15.2021,14.6782,15.9922,5
2459318.868157,-4.8697,33.3461,14.2060,15.2021,14.6782,15.9922,5
2459318.893347,2.3201,14.0188,14.2060,15.2021,14.6782,15.9922,5
2459319.741247,1.7543,-19.4702,14.2060,15.2021,14.6782,15.9922,5
2459319.782837,5.3777,-11.3701,14.2060,15.2021,14.6782,15.9922,5
2459319.802627,8.6359,-8.4166,14.2060,15.2021,14.6782,15.9922,5
2459319.819827,-3.2883,-10.0651,14.2060,15.2021,14.6782,15.9922,5
2459319.836987,-8.1911,8.6566,14.2060,15.2021,14.6782,15.9922,5
2459319.854477,1.4350,-1.9799,14.2060,15.2021,14.6782,15.9922,5
2459319.921837,-19.5530,17.1755,14.2060,15.2021,14.6782,15.9922,5
2459320.735577,11.8019,-15.0362,14.2060,15.2021,14.6782,15.9922,5
2459320.781607,-1.7555,-34.6437,14.2060,15.2021,14.6782,15.9922,5
2459320.810857,9.7540,-10.9698,14.2060,15.2021,14.6782,15.9922,5
2459320.828127,15.0463,17.9888,14.2060,15.2021,14.6782,15.9922,5
2459320.873847,-13.3353,11.9663,14.2060,15.2021,14.6782,15.9922,5
2459320.897587,-21.9106,24.8528,14.2060,15.2021,14.6782,15.9922,5
2459320.914507,-19.4240,-3.7262,14.2060,15.2021,14.6782,15.9922,5
2459321.735247,16.2889,-12.2953,14.2060,15.2021,14.6782,15.9922,5
2459321.756027,9.3594,5.1865,14.2060,15.2021,14.6782,15.9922,5
2459321.792037,1.7795,29.5155,14.2060,15.2021,14.6782,15.9922,5
2459321.809277,-9.9864,8.1913,14.2060,15.2021,14.6782,15.9922,5
2459321.826847,-26.6235,14.1613,14.2060,15.2021,14.6782,15.9922,5
2459321.843907,3.3492,6.6314,14.2060,15.2021,14.6782,15.9922,5
2459321.894677,2.5784,23.0023,14.2060,15.2021,14.6782,15.9922,5
2459322.714757,10.8215,14.5608,14.2060,15.2021,14.6782,15.9922,5
2459322.742917,-13.6559,-1.8931,14.2060,15.2021,14.6782,15.9922,5
2459322.789307,-1.2675,5.0964,14.2060,15.2021,14.6782,15.9922,5
2459322.824767,17.2955,-7.4101,14.2060,15.2021,14.6782,15.9922,5
2459322.842067,-6.4535,7.7359,14.2060,15.2021,14.6782,15.9922,5
2459322.859527,0.0435,13.9034,14.2060,15.2021,14.6782,15.9922,5
2459322.891647,-5.9915,-3.1604,14.2060,15.2021,14.6782,15.9922,5
2459322.894337,-15.3715,21.2238,14.2060,15.2021,14.6782,15.9922,5
2459322.909597,-5.8780,-5.6683,14.2060,15.2021,14.6782,15.9922,5
2459322.927037,15.6508,4.7488,14.2060,15.2021,14.6782,15.9922,5
2459323.779737,25.7494,-7.1404,14.2060,15.2021,14.6782,15.9922,5
2459323.804807,-12.2051,-3.1258,14.2060,15.2021,14.6782,15.9922,5
2459323.821987,3.8289,17.9531,14.2060,15.2021,14.6782,15.9922,5
2459323.842867,12.6043,10.3118,14.2060,15.2021,14.6782,15.9922,5
2459323.860737,10.0528,1.5173,14.2060,15.2021,14.6782,15.9922,5
2459323.916287,-14.2941,16.2740,14.2060,15.2021,14.6782,15.9922,5
2459323.920427,-23.2238,21.2863,14.2060,15.2021,14.6782,15.9922,5
2459324.872047,-16.8389,-1.3509,14.2060,15.2021,14.6782,15.9922,5
2459324.916637,20.6886,26.3022,14.2060,15.2021,14.6782,15.9922,5
2459326.807247,9.4821,-9.2253,14.2060,15.2021,14.6782,15.9922,5
2459326.824717,32.6965,-51.8542,14.2060,15.2021,14.6782,15.9922,5
2459326.860687,-23.3580,0.4707,14.2060,15.2021,14.6782,15.9922,5
2459326.877487,20.5226,-10.2489,14.2060,15.2021,14.6782,15.9922,5
2459327.815657,3.3195,-50.8790,14.2060,15.2021,14.6782,15.9922,5
2459327.833497,29.1551,6.1572,14.2060,15.2021,14.6782,15.9922,5
2459327.873817,11.7855,-10.9191,14.2060,15.2021,14.6782,15.9922,5
2459327.918567,-29.0915,23.8767,14.2060,15.2021,14.6782,15.9922,5
2459328.915347,-10.7761,26.8347,14.2060,15.2021,14.6782,15.9922,5
2459329.697757,0.8010,-47.4487,14.2060,15.2021,14.6782,15.9922,5
2459329.737657,9.4849,4.9581,14.2060,15.2021,14.6782,15.9922,5
2459329.756817,13.6546,-32.4447,14.2060,15.2021,14.6782,15.9922,5
2459329.774287,1.7710,-16.0425,14.2060,15.2021,14.6782,15.9922,5
2459329.821127,1.2821,9.0922,14.2060,15.2021,14.6782,15.9922,5
2459329.826197,-0.6631,6.0120,14.2060,15.2021,14.6782,15.9922,5
2459329.840567,6.7402,41.8442,14.2060,15.2021,14.6782,15.9922,5
2459329.862867,2.1123,6.5860,14.2060,15.2021,14.6782,15.9922,5
2459329.880127,-6.3468,23.6287,14.2060,15.2021,14.6782,15.9922,5
2459330.739497,10.7539,16.2709,14.2060,15.2021,14.6782,15.9922,5
2459330.767347,16.2656,-28.0172,14.2060,15.2021,14.6782,15.9922,5
2459330.791477,11.3121,-30.1405,14.2060,15.2021,14.6782,15.9922,5
2459330.808917,-24.3917,16.1686,14.2060,15.2021,14.6782,15.9922,5
2459330.811617,-23.3138,30.4495,14.2060,15.2021,14.6782,15.9922,5
2459330.829577,-3.9304,35.4842,14.2060,15.2021,14.6782,15.9922,5
2459330.849557,12.3114,31.1896,14.2060,15.2021,14.6782,15.9922,5
2459330.882067,-21.9268,30.8474,14.2060,15.2021,14.6782,15.9922,5
2459330.899157,-0.6032,10.5226,14.2060,15.2021,14.6782,15.9922,5
2459330.915847,-6.4758,6.5630,14.2060,15.2021,14.6782,15.9922,5
2459331.748927,-21.6714,25.7056,14.2060,15.2021,14.6782,15.9922,5
2459331.766177,9.5166,0.4419,14.2060,15.2021,14.6782,15.9922,5
2459331.823147,-15.9181,16.9967,14.2060,15.2021,14.6782,15.9922,5
2459331.872127,1.7348,-48.0860,14.2060,15.2021,14.6782,15.9922,5
2459332.857847,-10.0316,9.9888,14.2060,15.2021,14.6782,15.9922,5
2459332.875347,25.9484,-9.0514,14.2060,15.2021,14.6782,15.9922,5
2459332.895947,-8.8583,-1.2135,14.2060,15.2021,14.6782,15.9922,5
2459333.765407,7.3341,-7.2861,14.2060,15.2021,14.6782,15.9922,5
2459333.782797,20.1454,-14.4076,14.2060,15.2021,14.6782,15.9922,5
2459333.829037,-12.3373,-22.5455,14.2060,15.2021,14.6782,15.9922,5
2459333.850887,14.7165,1.0740,14.2060,15.2021,14.6782,15.9922,5
2459336.863137,8.6134,-8.3954,14.2060,15.2021,14.6782,15.9922,5
2459338.743357,16.0905,-3.8217,14.2060,15.2021,14.6782,15.9922,5
2459338.774067,-4.5875,8.5158,14.2060,15.2021,14.6782,15.9922,5
2459338.851807,1.9117,-16.5857,14.2060,15.2021,14.6782,15.9922,5
2459338.879487,5.7633,-31.6820,14.2060,15.2021,14.6782,15.9922,5
2459339.734977,-21.4487,23.8291,14.2060,15.2021,14.6782,15.9922,5
2459339.752447,31.6187,-38.7173,14.2060,15.2021,14.6782,15.9922,5
2459339.769827,20.9163,26.8460,14.2060,15.2021,14.6782,15.9922,5
2459339.822997,14.3779,-41.7435,14.2060,15.2021,14.6782,15.9922,5
2459339.843427,36.8000,-25.6305,14.2060,15.2021,14.6782,15.9922,5
2459339.865737,-8.8442,36.3854,14.2060,15.2021,14.6782,15.9922,5
2459339.899737,0.5247,16.8414,14.2060,15.2021,14.6782,15.9922,5
2459340.737637,-10.6942,-17.4482,14.2060,15.2021,14.6782,15.9922,5
2459340.756487,37.4249,-2.8817,14.2060,15.2021,14.6782,15.9922,5
2459340.773547,21.2947,33.3226,14.2060,15.2021,14.6782,15.9922,5
2459340.791167,-4.4153,-23.0220,14.2060,15.2021,14.6782,15.9922,5
2459340.842577,18.3826,5.3160,14.2060,15.2021,14.6782,15.9922,5
2459340.859397,15.8755,-20.8973,14.2060,15.2021,14.6782,15.9922,5
2459340.877807,-10.3022,18.1829,14.2060,15.2021,14.6782,15.9922,5
2459340.898267,21.4420,2.8590,14.2060,15.2021,14.6782,15.9922,5
2459340.915337,10.0193,-19.7351,14.2060,15.2021,14.6782,15.9922,5
2459344.826277,29.9626,-0.2769,14.2060,15.2021,14.6782,15.9922,5
2459345.696807,20.8450,-18.0320,14.2060,15.2021,14.6782,15.9922,5
2459345.714747,3.2478,18.0270,14.2060,15.2021,14.6782,15.9922,5
2459345.731947,14.5215,30.3729,14.2060,15.2021,14.6782,15.9922,5
2459345.749277,20.8246,-23.0446,14.2060,15.2021,14.6782,15.9922,5
2459345.797047,26.8343,0.6978,14.2060,15.2021,14.6782,15.9922,5
2459345.819817,12.8192,5.8958,14.2060,15.2021,14.6782,15.9922,5
2459345.837397,2.6154,15.0563,14.2060,15.2021,14.6782,15.9922,5
2459345.905997,-5.9601,26.3720,14.2060,15.2021,14.6782,15.9922,5
2459346.700997,-3.8131,-0.9810,14.2060,15.2021,14.6782,15.9922,5
2459346.739927,-23.0427,1.4543,14.2060,15.2021,14.6782,15.9922,5
2459346.757167,-23.3753,-13.5761,14.2060,15.2021,14.6782,15.9922,5
2459346.840747,33.1440,8.0111,14.2060,15.2021,14.6782,15.9922,5
2459346.860187,10.6657,12.7963,14.2060,15.2021,14.6782,15.9922,5
2459346.877427,19.2087,21.7679,14.2060,15.2021,14.6782,15.9922,5
2459346.905817,21.8577,-26.0554,14.2060,15.2021,14.6782,15.9922,5
2459347.725087,3.0962,-0.2430,14.2060,15.2021,14.6782,15.9922,5
2459348.637307,24.2909,-37.0411,14.2060,15.2021,14.6782,15.9922,5
2459348.688327,-4.5945,1.6211,14.2060,15.2021,14.6782,15.9922,5
2459348.836587,2.9774,4.2891,14.2060,15.2021,14.6782,15.9922,5
2459348.907567,-4.8341,3.1527,14.2060,15.2021,14.6782,15.9922,5
2459348.924477,-9.2820,3.4195,14.2060,15.2021,14.6782,15.9922,5
2459349.659917,15.9341,-35.5588,14.2060,15.2021,14.6782,15.9922,5
2459349.708517,-2.0995,-13.8103,14.2060,15.2021,14.6782,15.9922,5
2459349.727697,-14.0680,26.4850,14.2060,15.2021,14.6782,15.9922,5
2459349.746927,20.3925,2.2945,14.2060,15.2021,14.6782,15.9922,5
2459349.764547,0.6258,3.2825,14.2060,15.2021,14.6782,15.9922,5
2459349.781977,-11.6288,17.3819,14.2060,15.2021,14.6782,15.9922,5
2459350.688957,29.5336,-22.8653,14.2060,15.2021,14.6782,15.9922,5
2459350.734857,7.6689,12.7951,14.2060,15.2021,14.6782,15.9922,5
2459350.751757,-5.0656,22.6783,14.2060,15.2021,14.6782,15.9922,5
2459350.769327,25.4217,17.9029,14.2060,15.2021,14.6782,15.9922,5
2459350.819487,2.4961,13.6411,14.2060,15.2021,14.6782,15.9922,5
2459350.848217,-14.7302,23.7414,14.2060,15.2021,14.6782,15.9922,5
2459350.865367,-10.7393,13.1552,14.2060,15.2021,14.6782,15.9922,5
2459350.882527,36.8853,3.9097,14.2060,15.2021,14.6782,15.9922,5
2459351.638987,-18.0321,-32.4593,14.2060,15.2021,14.6782,15.9922,5
2459351.674367,-9.4068,0.0494,14.2060,15.2021,14.6782,15.9922,5
2459351.695727,2.8612,7.9778,14.2060,15.2021,14.6782,15.9922,5
2459351.718187,24.5836,-10.9371,14.2060,15.2021,14.6782,15.9922,5
2459351.745757,-10.5584,7.2453,14.2060,15.2021,14.6782,15.9922,5
2459351.763317,5.3562,10.1425,14.2060,15.2021,14.6782,15.9922,5
2459351.814217,-3.5184,3.8813,14.2060,15.2021,14.6782,15.9922,5
2459351.915147,-17.9947,6.3943,14.2060,15.2021,14.6782,15.9922,5
2459351.932157,5.6742,10.4359,14.2060,15.2021,14.6782,15.9922,5
2459352.679577,-8.7222,-8.5167,14.2060,15.2021,14.6782,15.9922,5
2459352.698977,0.4378,9.4569,14.2060,15.2021,14.6782,15.9922,5
2459352.749957,-0.5690,-2.5051,14.2060,15.2021,14.6782,15.9922,5
2459352.767147,-11.7207,12.9999,14.2060,15.2021,14.6782,15.9922,5
2459352.784127,-5.7820,2.6194,14.2060,15.2021,14.6782,15.9922,5
2459352.875977,-14.1471,-4.8067,14.2060,15.2021,14.6782,15.9922,5
2459352.892427,1.0856,19.4723,14.2060,15.2021,14.6782,15.9922,5
2459352.908937,19.0945,-5.4010,14.2060,15.2021,14.6782,15.9922,5
2459352.930757,18.3615,-23.0414,14.2060,15.2021,14.6782,15.9922,5
2459354.924627,3.3260,-8.3969,14.2060,15.2021,14.6782,15.9922,5
2459356.700657,10.7290,12.0179,14.2060,15.2021,14.6782,15.9922,5
2459356.746137,10.0972,25.2794,14.2060,15.2021,14.6782,15.9922,5
2459356.783357,-22.3564,9.2185,14.2060,15.2021,14.6782,15.9922,5
2459356.883367,6.3791,21.1308,14.2060,15.2021,14.6782,15.9922,5
2459356.910627,0.4719,10.5869,14.2060,15.2021,14.6782,15.9922,5
2459356.927347,-7.1511,-8.5493,14.2060,15.2021,14.6782,15.9922,5
2459357.697667,18.6769,-11.6463,14.2060,15.2021,14.6782,15.9922,5
2459357.717467,-12.3560,-2.3895,14.2060,15.2021,14.6782,15.9922,5
2459357.736827,-15.4555,-8.2057,14.2060,15.2021,14.6782,15.9922,5
2459357.753957,-5.4970,5.2759,14.2060,15.2021,14.6782,15.9922,5
2459357.832607,-16.4910,9.7993,14.2060,15.2021,14.6782,15.9922,5
2459357.869017,-0.3308,-9.4949,14.2060,15.2021,14.6782,15.9922,5
2459357.894017,-7.2546,-1.1357,14.2060,15.2021,14.6782,15.9922,5
2459357.910697,-22.3022,-6.1992,14.2060,15.2021,14.6782,15.9922,5
2459358.639687,-0.9345,5.0080,14.2060,15.2021,14.6782,15.9922,5
2459358.677317,-4.6946,-27.2277,14.2060,15.2021,14.6782,15.9922,5
2459358.722037,-7.4871,11.4787,14.2060,15.2021,14.6782,15.9922,5
2459358.766767,14.1927,11.5737,14.2060,15.2021,14.6782,15.9922,5
2459358.875467,-2.0883,5.8274,14.2060,15.2021,14.6782,15.9922,5
2459358.913707,-8.6403,3.9271,14.2060,15.2021,14.6782,15.9922,5
2459359.708367,-8.2424,13.5863,14.2060,15.2021,14.6782,15.9922,5
2459359.736897,-3.4979,-15.3546,14.2060,15.2021,14.6782,15.9922,5
2459359.745157,18.8774,7.2210,14.2060,15.2021,14.6782,15.9922,5
2459359.911617,-11.6844,5.8573,14.2060,15.2021,14.6782,15.9922,5
2459359.928787,8.2462,16.9127,14.2060,15.2021,14.6782,15.9922,5
2459360.712627,-9.2842,-18.3924,14.2060,15.2021,14.6782,15.9922,5
2459360.833647,24.5006,16.3446,14.2060,15.2021,14.6782,15.9922,5
2459364.914817,-15.1486,5.8945,14.2060,15.2021,14.6782,15.9922,5
2459365.588187,28.1684,-25.8905,14.2060,15.2021,14.6782,15.9922,5
2459365.606077,25.4175,-1.3173,14.2060,15.2021,14.6782,15.9922,5
2459365.623487,12.1292,-22.2828,14.2060,15.2021,14.6782,15.9922,5
2459365.641267,23.6486,-11.1261,14.2060,15.2021,14.6782,15.9922,5
2459365.663107,0.5707,-0.3172,14.2060,15.2021,14.6782,15.9922,5
2459365.823657,4.5318,-5.3256,14.2060,15.2021,14.6782,15.9922,5
2459366.630087,-21.3195,-5.7341,14.2060,15.2021,14.6782,15.9922,5
2459366.647647,-10.8463,-12.3218,14.2060,15.2021,14.6782,15.9922,5
2459366.696537,5.4600,0.1544,14.2060,15.2021,14.6782,15.9922,5
2459366.713247,2.6602,-1.2821,14.2060,15.2021,14.6782,15.9922,5
2459366.730337,4.2002,9.5711,14.2060,15.2021,14.6782,15.9922,5
2459366.750517,-13.2706,8.0583,14.2060,15.2021,14.6782,15.9922,5
2459366.813277,13.5653,15.0118,14.2060,15.2021,14.6782,15.9922,5
2459366.830067,5.3487,-1.7139,14.2060,15.2021,14.6782,15.9922,5
2459366.911887,-1.1108,-27.3136,14.2060,15.2021,14.6782,15.9922,5
2459367.597727,24.1877,-17.4035,14.2060,15.2021,14.6782,15.9922,5
2459367.620987,17.9155,-8.8873,14.2060,15.2021,14.6782,15.9922,5
2459367.639827,15.7603,-6.9373,14.2060,15.2021,14.6782,15.9922,5
2459367.827587,3.8894,-11.8120,14.2060,15.2021,14.6782,15.9922,5
2459367.888817,-3.9424,19.0876,14.2060,15.2021,14.6782,15.9922,5
2459367.905827,10.2243,-31.5349,14.2060,15.2021,14.6782,15.9922,5
2459368.623347,7.4801,3.4116,14.2060,15.2021,14.6782,15.9922,5
2459368.626227,-13.3634,13.1838,14.2060,15.2021,14.6782,15.9922,5
2459368.643967,-19.8821,-2.2434,14.2060,15.2021,14.6782,15.9922,5
2459368.752797,8.5528,10.4637,14.2060,15.2021,14.6782,15.9922,5
2459368.803007,-6.6968,-0.4056,14.2060,15.2021,14.6782,15.9922,5
2459368.836177,-5.7920,14.9911,14.2060,15.2021,14.6782,15.9922,5
2459368.855607,-0.6309,-2.7312,14.2060,15.2021,14.6782,15.9922,5
2459368.882467,-17.5415,-19.3513,14.2060,15.2021,14.6782,15.9922,5
2459369.605477,10.6077,-7.1594,14.2060,15.2021,14.6782,15.9922,5
2459369.623387,9.6856,-6.1819,14.2060,15.2021,14.6782,15.9922,5
2459369.651867,14.5559,-12.2635,14.2060,15.2021,14.6782,15.9922,5
2459369.669397,-3.9122,-3.7527,14.2060,15.2021,14.6782,15.9922,5
2459369.745407,14.1522,-7.5552,14.2060,15.2021,14.6782,15.9922,5
2459369.775857,5.5527,14.4475,14.2060,15.2021,14.6782,15.9922,5
2459369.812137,-5.8930,-9.9777,14.2060,15.2021,14.6782,15.9922,5
2459369.898157,25.7701,1.9360,14.2060,15.2021,14.6782,15.9922,5
2459370.832987,-0.9417,-2.8265,14.2060,15.2021,14.6782,15.9922,5
2459370.860677,-24.0672,8.2437,14.2060,15.2021,14.6782,15.9922,5
2459370.896077,6.9299,-7.0897,14.2060,15.2021,14.6782,15.9922,5
2459371.608177,-10.1937,1.1027,14.2060,15.2021,14.6782,15.9922,5
2459371.626087,11.7825,-25.4298,14.2060,15.2021,14.6782,15.9922,5
2459371.820767,-2.7469,3.2215,14.2060,15.2021,14.6782,15.9922,5
2459371.853217,2.8155,3.2443,14.2060,15.2021,14.6782,15.9922,5
2459371.896807,-11.8825,5.7506,14.2060,15.2021,14.6782,15.9922,5
2459373.649317,1.9082,-29.6073,14.2060,15.2021,14.6782,15.9922,5
2459373.696087,17.1593,-8.3738,14.2060,15.2021,14.6782,15.9922,5
2459373.738897,-10.5954,13.9665,14.2060,15.2021,14.6782,15.9922,5
2459373.787587,2.4706,-0.8450,14.2060,15.2021,14.6782,15.9922,5
2459373.806127,-4.1728,-0.8425,14.2060,15.2021,14.6782,15.9922,5
2459373.824417,-5.9768,-3.5444,14.2060,15.2021,14.6782,15.9922,5
2459373.841047,-6.4334,9.6266,14.2060,15.2021,14.6782,15.9922,5
2459373.857907,-9.6860,1.6840,14.2060,15.2021,14.6782,15.9922,5
2459374.705717,0.0511,-2.6390,14.2060,15.2021,14.6782,15.9922,5
2459374.745007,-14.2905,-0.3113,14.2060,15.2021,14.6782,15.9922,5
2459374.776677,11.3358,-10.9865,14.2060,15.2021,14.6782,15.9922,5
2459374.793897,20.2715,-6.4496,14.2060,15.2021,14.6782,15.9922,5
2459374.811287,-12.4983,5.3268,14.2060,15.2021,14.6782,15.9922,5
2459374.827517,0.6698,-13.1166,14.2060,15.2021,14.6782,15.9922,5
2459374.844087,4.5339,-6.3568,14.2060,15.2021,14.6782,15.9922,5
2459374.871417,-20.3240,7.1028,14.2060,15.2021,14.6782,15.9922,5
2459375.640227,16.6302,14.5369,14.2060,15.2021,14.6782,15.9922,5
2459375.657457,27.6177,-11.0908,14.2060,15.2021,14.6782,15.9922,5
2459375.703987,5.2612,1.4802,14.2060,15.2021,14.6782,15.9922,5
2459375.720737,4.7524,-35.2001,14.2060,15.2021,14.6782,15.9922,5
2459375.788327,-16.5616,4.7703,14.2060,15.2021,14.6782,15.9922,5
2459375.807267,17.0687,25.4615,14.2060,15.2021,14.6782,15.9922,5
2459376.589367,2.6395,2.3433,14.2060,15.2021,14.6782,15.9922,5
2459376.609777,3.4214,-24.5821,14.2060,15.2021,14.6782,15.9922,5
2459376.627117,-11.7689,11.0681,14.2060,15.2021,14.6782,15.9922,5
2459376.691777,2.8624,-3.5839,14.2060,15.2021,14.6782,15.9922,5
2459376.718857,8.1453,8.3855,14.2060,15.2021,14.6782,15.9922,5
2459376.735727,-3.0462,11.8651,14.2060,15.2021,14.6782,15.9922,5
2459376.780467,-0.7580,2.0213,14.2060,15.2021,14.6782,15.9922,5
2459376.797277,-9.8653,-26.5217,14.2060,15.2021,14.6782,15.9922,5
2459376.831197,11.4232,-23.2872,14.2060,15.2021,14.6782,15.9922,5
2459376.862737,-2.1380,-17.9989,14.2060,15.2021,14.6782,15.9922,5
2459376.879967,13.6731,8.4306,14.2060,15.2021,14.6782,15.9922,5
2459377.564827,23.9622,-1.9141,14.2060,15.2021,14.6782,15.9922,5
2459377.582377,18.2530,-36.3299,14.2060,15.2021,14.6782,15.9922,5
2459377.600257,10.8405,-12.2650,14.2060,15.2021,14.6782,15.9922,5
2459377.617467,-23.4007,-13.4859,14.2060,15.2021,14.6782,15.9922,5
2459377.648107,6.4460,-5.2036,14.2060,15.2021,14.6782,15.9922,5
2459377.688887,5.2709,-23.0675,14.2060,15.2021,14.6782,15.9922,5
2459377.780217,-20.1394,14.6972,14.2060,15.2021,14.6782,15.9922,5
2459377.813777,1.9722,-24.6592,14.2060,15.2021,14.6782,15.9922,5
2459377.857647,24.2264,4.7494,14.2060,15.2021,14.6782,15.9922,5
2459378.614407,25.7623,-16.0456,14.2060,15.2021,14.6782,15.9922,5
2459378.643877,-19.6133,-32.6519,14.2060,15.2021,14.6782,15.9922,5
2459378.695767,-11.8352,-24.0342,14.2060,15.2021,14.6782,15.9922,5
2459378.712757,3.3738,12.6459,14.2060,15.2021,14.6782,15.9922,5
2459378.773707,-4.4611,17.6377,14.2060,15.2021,14.6782,15.9922,5
2459378.807027,21.6776,-0.3471,14.2060,15.2021,14.6782,15.9922,5
2459378.868287,-1.8560,-12.4132,14.2060,15.2021,14.6782,15.9922,5
2459379.598727,3.6024,-6.6476,14.2060,15.2021,14.6782,15.9922,5
2459379.616257,14.6340,-6.1882,14.2060,15.2021,14.6782,15.9922,5
2459379.669037,2.9962,7.9683,14.2060,15.2021,14.6782,15.9922,5
2459379.686367,-10.5694,-8.0002,14.2060,15.2021,14.6782,15.9922,5
2459379.831367,16.4139,-11.5900,14.2060,15.2021,14.6782,15.9922,5
2459379.850217,3.7055,4.9394,14.2060,15.2021,14.6782,15.9922,5
2459380.696167,0.1555,5.7882,14.2060,15.2021,14.6782,15.9922,5
2459380.730687,-7.8042,-12.8457,14.2060,15.2021,14.6782,15.9922,5
2459380.747567,7.3585,-10.4824,14.2060,15.2021,14.6782,15.9922,5
2459380.770167,-21.4857,5.2870,14.2060,15.2021,14.6782,15.9922,5
2459381.834667,-4.4797,12.9962,14.2060,15.2021,14.6782,15.9922,5
2459382.711907,-14.4265,22.0945,14.2060,15.2021,14.6782,15.9922,5
2459382.733137,-15.2390,-22.6079,14.2060,15.2021,14.6782,15.9922,5
2459382.748627,-12.9226,-14.7174,14.2060,15.2021,14.6782,15.9922,5
2459382.782427,-11.3278,-4.5996,14.2060,15.2021,14.6782,15.9922,5
2459383.644437,-7.3929,15.3653,14.2060,15.2021,14.6782,15.9922,5
2459383.709247,-1.6759,-12.4850,14.2060,15.2021,14.6782,15.9922,5
2459383.726017,0.9511,-11.9882,14.2060,15.2021,14.6782,15.9922,5
2459383.746617,5.5903,-20.6785,14.2060,15.2021,14.6782,15.9922,5
2459383.771267,-6.2661,14.7020,14.2060,15.2021,14.6782,15.9922,5
2459383.815317,-26.1827,4.0796,14.2060,15.2021,14.6782,15.9922,5
2459384.658687,-5.4344,10.1579,14.2060,15.2021,14.6782,15.9922,5
2459384.700557,-21.8768,22.6319,14.2060,15.2021,14.6782,15.9922,5
2459384.717507,9.1850,8.9528,14.2060,15.2021,14.6782,15.9922,5
2459384.737367,13.2840,7.5588,14.2060,15.2021,14.6782,15.9922,5
2459384.771677,17.1622,9.1395,14.2060,15.2021,14.6782,15.9922,5
2459384.799147,-16.1385,17.4044,14.2060,15.2021,14.6782,15.9922,5
2459384.817057,16.6539,13.1544,14.2060,15.2021,14.6782,15.9922,5
2459384.833957,18.7148,3.1554,14.2060,15.2021,14.6782,15.9922,5
2459384.853077,-6.5426,-18.9836,14.2060,15.2021,14.6782,15.9922,5
2459385.589917,24.8229,-3.2839,14.2060,15.2021,14.6782,15.9922,5
2459385.607777,31.9008,6.8821,14.2060,15.2021,14.6782,15.9922,5
2459385.629647,28.8890,-16.5820,14.2060,15.2021,14.6782,15.9922,5
2459385.646817,3.0298,-10.5430,14.2060,15.2021,14.6782,15.9922,5
2459385.674337,1.3905,-1.1525,14.2060,15.2021,14.6782,15.9922,5
2459385.691847,5.3979,-6.8748,14.2060,15.2021,14.6782,15.9922,5
2459385.742777,27.3371,-24.3639,14.2060,15.2021,14.6782,15.9922,5
2459385.770137,27.8295,-1.5750,14.2060,15.2021,14.6782,15.9922,5
2459385.786777,20.9888,-12.2037,14.2060,15.2021,14.6782,15.9922,5
2459385.808307,-19.2912,-12.7385,14.2060,15.2021,14.6782,15.9922,5
2459386.604687,-0.0647,4.0026,14.2060,15.2021,14.6782,15.9922,5
2459386.655097,8.1814,-12.7513,14.2060,15.2021,14.6782,15.9922,5
2459386.672537,27.1719,-20.8247,14.2060,15.2021,14.6782,15.9922,5
2459386.706647,-8.8789,-11.3932,14.2060,15.2021,14.6782,15.9922,5
2459386.767667,0.9032,12.1962,14.2060,15.2021,14.6782,15.9922,5
2459386.784927,-16.0980,5.0748,14.2060,15.2021,14.6782,15.9922,5
2459386.802357,13.3052,-15.6253,14.2060,15.2021,14.6782,15.9922,5
2459386.819377,31.7968,10.0249,14.2060,15.2021,14.6782,15.9922,5
2459386.847687,1.7345,-26.4813,14.2060,15.2021,14.6782,15.9922,5
2459387.568387,30.3544,-24.2903,14.2060,15.2021,14.6782,15.9922,5
2459387.614697,-13.6872,-15.6815,14.2060,15.2021,14.6782,15.9922,5
2459387.667907,6.6063,-22.9942,14.2060,15.2021,14.6782,15.9922,5
2459387.686007,6.5539,11.2836,14.2060,15.2021,14.6782,15.9922,5
2459387.736717,9.9626,-17.5788,14.2060,15.2021,14.6782,15.9922,5
2459387.774447,-12.6997,1.4133,14.2060,15.2021,14.6782,15.9922,5
2459387.791067,11.2630,-32.4839,14.2060,15.2021,14.6782,15.9922,5
2459392.647807,10.6362,-2.5798,14.2060,15.2021,14.6782,15.9922,5
2459392.669427,22.7725,-4.1528,14.2060,15.2021,14.6782,15.9922,5
2459392.707757,10.8386,23.9380,14.2060,15.2021,14.6782,15.9922,5
2459393.541597,-16.9387,-6.2833,14.2060,15.2021,14.6782,15.9922,5
2459393.578207,1.4656,-20.0781,14.2060,15.2021,14.6782,15.9922,5
2459393.612957,5.8444,-4.1485,14.2060,15.2021,14.6782,15.9922,5
2459393.657667,-11.6336,8.9633,14.2060,15.2021,14.6782,15.9922,5
2459393.712697,-15.6859,12.6807,14.2060,15.2021,14.6782,15.9922,5
2459393.759297,-14.9350,4.9942,14.2060,15.2021,14.6782,15.9922,5
2459393.793367,-14.6334,-8.6086,14.2060,15.2021,14.6782,15.9922,5
2459393.810017,1.5513,-1.0999,14.2060,15.2021,14.6782,15.9922,5
2459393.837457,-18.0678,-13.1078,14.2060,15.2021,14.6782,15.9922,5
2459394.565597,-12.2911,-14.1993,14.2060,15.2021,14.6782,15.9922,5
2459394.615447,9.8788,6.4875,14.2060,15.2021,14.6782,15.9922,5
2459394.632787,-9.0855,19.0746,14.2060,15.2021,14.6782,15.9922,5
2459394.673837,-9.3315,5.9051,14.2060,15.2021,14.6782,15.9922,5
2459394.723177,-18.9906,-1.6435,14.2060,15.2021,14.6782,15.9922,5
2459394.749777,-5.3087,22.3138,14.2060,15.2021,14.6782,15.9922,5
2459394.783227,-17.4917,0.9557,14.2060,15.2021,14.6782,15.9922,5
2459394.800177,31.2368,24.7077,14.2060,15.2021,14.6782,15.9922,5
2459394.829257,9.5556,-12.3977,14.2060,15.2021,14.6782,15.9922,5
2459395.535427,34.0698,-0.4677,14.2060,15.2021,14.6782,15.9922,5
2459395.581037,17.0186,-12.1692,14.2060,15.2021,14.6782,15.9922,5
2459395.598577,-1.1763,-1.4067,14.2060,15.2021,14.6782,15.9922,5
2459395.619427,-8.4591,-10.1723,14.2060,15.2021,14.6782,15.9922,5
2459395.638057,-5.6289,5.6451,14.2060,15.2021,14.6782,15.9922,5
2459395.676737,-16.8195,10.1658,14.2060,15.2021,14.6782,15.9922,5
2459396.545337,32.6912,-27.1651,14.2060,15.2021,14.6782,15.9922,5
2459396.563037,-14.3162,-5.8757,14.2060,15.2021,14.6782,15.9922,5
2459396.580537,7.6195,-9.4868,14.2060,15.2021,14.6782,15.9922,5
2459396.712737,-12.9948,-4.8457,14.2060,15.2021,14.6782,15.9922,5
2459396.728467,6.5167,9.9979,14.2060,15.2021,14.6782,15.9922,5
2459396.797307,23.5587,-26.2760,14.2060,15.2021,14.6782,15.9922,5
2459396.814387,-9.9227,1.2192,14.2060,15.2021,14.6782,15.9922,5
2459397.571907,7.4238,-24.8602,14.2060,15.2021,14.6782,15.9922,5
2459397.589467,-2.8137,-8.7419,14.2060,15.2021,14.6782,15.9922,5
2459397.617997,5.0245,20.4907,14.2060,15.2021,14.6782,15.9922,5
2459397.703687,18.2272,5.7664,14.2060,15.2021,14.6782,15.9922,5
2459397.720747,-6.6128,2.1132,14.2060,15.2021,14.6782,15.9922,5
2459397.749817,-6.6913,-2.7797,14.2060,15.2021,14.6782,15.9922,5
2459397.766077,19.4777,-15.3588,14.2060,15.2021,14.6782,15.9922,5
2459397.803997,-18.6898,0.0391,14.2060,15.2021,14.6782,15.9922,5
2459399.599567,-13.7021,-8.9478,14.2060,15.2021,14.6782,15.9922,5
2459399.620457,7.6344,2.3137,14.2060,15.2021,14.6782,15.9922,5
2459399.664547,-3.0358,-2.4625,14.2060,15.2021,14.6782,15.9922,5
2459399.665897,-4.0903,7.2197,14.2060,15.2021,14.6782,15.9922,5
2459400.523947,29.9729,23.9397,14.2060,15.2021,14.6782,15.9922,5
2459400.559627,-9.7846,-6.3593,14.2060,15.2021,14.6782,15.9922,5
2459400.587237,-8.7020,24.5870,14.2060,15.2021,14.6782,15.9922,5
2459400.604457,-19.7488,8.0546,14.2060,15.2021,14.6782,15.9922,5
2459400.624357,-11.8431,11.9101,14.2060,15.2021,14.6782,15.9922,5
2459400.669137,-9.5202,-7.8561,14.2060,15.2021,14.6782,15.9922,5
2459401.530007,25.8751,-4.3528,14.2060,15.2021,14.6782,15.9922,5
2459401.576587,4.6611,23.6637,14.2060,15.2021,14.6782,15.9922,5
2459401.610697,6.8767,14.9414,14.2060,15.2021,14.6782,15.9922,5
2459401.630177,-16.0209,-12.2435,14.2060,15.2021,14.6782,15.9922,5
2459401.647777,16.9500,0.3854,14.2060,15.2021,14.6782,15.9922,5
2459401.677097,-27.9838,0.9874,14.2060,15.2021,14.6782,15.9922,5
2459401.746507,4.9365,-15.4472,14.2060,15.2021,14.6782,15.9922,5
2459401.773687,5.6363,3.8534,14.2060,15.2021,14.6782,15.9922,5
2459402.684467,13.1142,-20.2640,14.2060,15.2021,14.6782,15.9922,5
2459402.746337,6.2294,12.6641,14.2060,15.2021,14.6782,15.9922,5
2459402.776707,15.2977,-9.3968,14.2060,15.2021,14.6782,15.9922,5
2459402.810287,9.6393,-25.3582,14.2060,15.2021,14.6782,15.9922,5
2459403.509097,18.5973,-19.6983,14.2060,15.2021,14.6782,15.9922,5
2459403.526937,-12.4222,-13.3573,14.2060,15.2021,14.6782,15.9922,5
2459403.556737,-4.9949,19.1476,14.2060,15.2021,14.6782,15.9922,5
2459403.591797,9.2870,0.6842,14.2060,15.2021,14.6782,15.9922,5
2459403.619917,-7.7765,-10.0261,14.2060,15.2021,14.6782,15.9922,5
2459403.692497,-8.7225,3.9000,14.2060,15.2021,14.6782,15.9922,5
2459403.720057,-21.7396,4.9119,14.2060,15.2021,14.6782,15.9922,5
2459403.740467,-5.6308,6.4370,14.2060,15.2021,14.6782,15.9922,5
2459403.757117,-8.9869,-13.6287,14.2060,15.2021,14.6782,15.9922,5
2459403.774167,4.3817,6.5108,14.2060,15.2021,14.6782,15.9922,5
2459403.790647,11.9817,-2.3779,14.2060,15.2021,14.6782,15.9922,5
2459403.807597,3.0043,-13.1541,14.2060,15.2021,14.6782,15.9922,5
2459404.511307,14.6837,4.2413,14.2060,15.2021,14.6782,15.9922,5
2459404.569737,16.7238,-0.1220,14.2060,15.2021,14.6782,15.9922,5
2459404.628527,6.3901,8.9563,14.2060,15.2021,14.6782,15.9922,5
2459404.662857,1.0672,4.7327,14.2060,15.2021,14.6782,15.9922,5
2459404.707767,-9.8084,10.3574,14.2060,15.2021,14.6782,15.9922,5
2459404.724657,1.0478,7.9213,14.2060,15.2021,14.6782,15.9922,5
2459404.741037,-6.7393,15.6505,14.2060,15.2021,14.6782,15.9922,5
2459404.762997,-5.0415,19.3121,14.2060,15.2021,14.6782,15.9922,5
2459405.500117,-16.6063,-19.9843,14.2060,15.2021,14.6782,15.9922,5
2459405.556827,-6.1075,1.8639,14.2060,15.2021,14.6782,15.9922,5
2459405.601867,0.8004,11.3030,14.2060,15.2021,14.6782,15.9922,5
2459405.636707,7.6607,-11.9617,14.2060,15.2021,14.6782,15.9922,5
2459405.653757,2.6293,11.4329,14.2060,15.2021,14.6782,15.9922,5
2459405.670727,-16.0428,-21.7177,14.2060,15.2021,14.6782,15.9922,5
2459405.712987,-14.1368,7.1103,14.2060,15.2021,14.6782,15.9922,5
2459405.746157,-10.1551,-7.5800,14.2060,15.2021,14.6782,15.9922,5
2459405.762747,-23.4397,19.2767,14.2060,15.2021,14.6782,15.9922,5
2459405.779377,11.7985,-1.7266,14.2060,15.2021,14.6782,15.9922,5
2459406.546457,-13.8209,16.7716,14.2060,15.2021,14.6782,15.9922,5
2459406.581517,-13.1498,5.2235,14.2060,15.2021,14.6782,15.9922,5
2459406.609427,7.1603,8.2535,14.2060,15.2021,14.6782,15.9922,5
2459407.500417,-8.7343,-20.2074,14.2060,15.2021,14.6782,15.9922,5
2459407.534327,3.5814,-10.1973,14.2060,15.2021,14.6782,15.9922,5
2459407.551177,11.2585,-11.4380,14.2060,15.2021,14.6782,15.9922,5
2459407.579047,6.7550,-19.1506,14.2060,15.2021,14.6782,15.9922,5
2459407.613427,4.9729,4.7885,14.2060,15.2021,14.6782,15.9922,5
2459407.632167,-16.3867,2.7363,14.2060,15.2021,14.6782,15.9922,5
2459407.648577,2.1571,10.3906,14.2060,15.2021,14.6782,15.9922,5
2459407.693407,-8.4254,11.7463,14.2060,15.2021,14.6782,15.9922,5
2459407.709227,4.8570,1.3132,14.2060,15.2021,14.6782,15.9922,5
2459407.731187,10.5544,-3.1684,14.2060,15.2021,14.6782,15.9922,5
2459407.746107,0.2835,-6.5981,14.2060,15.2021,14.6782,15.9922,5
2459407.763487,20.0975,-4.8152,14.2060,15.2021,14.6782,15.9922,5
2459407.794327,-24.6511,-8.3194,14.2060,15.2021,14.6782,15.9922,5
2459408.496287,-25.8899,15.2586,14.2060,15.2021,14.6782,15.9922,5
2459408.559907,13.0414,8.2999,14.2060,15.2021,14.6782,15.9922,5
2459408.577547,19.7494,-12.0110,14.2060,15.2021,14.6782,15.9922,5
2459408.595577,3.6559,10.0293,14.2060,15.2021,14.6782,15.9922,5
2459408.612827,-1.3671,10.5717,14.2060,15.2021,14.6782,15.9922,5
2459408.697727,-0.5593,6.1790,14.2060,15.2021,14.6782,15.9922,5
2459408.714277,-12.5787,6.5997,14.2060,15.2021,14.6782,15.9922,5
2459409.516417,4.5672,-20.5127,14.2060,15.2021,14.6782,15.9922,5
2459409.533977,-1.1361,19.4277,14.2060,15.2021,14.6782,15.9922,5
2459409.588387,-5.2631,-2.8552,14.2060,15.2021,14.6782,15.9922,5
2459409.607007,-0.8066,-1.9744,14.2060,15.2021,14.6782,15.9922,5
2459409.629157,-13.3264,7.0501,14.2060,15.2021,14.6782,15.9922,5
2459409.646037,-15.9460,-1.0056,14.2060,15.2021,14.6782,15.9922,5
2459409.662537,25.6862,-5.2423,14.2060,15.2021,14.6782,15.9922,5
2459409.752517,0.1294,-11.5522,14.2060,15.2021,14.6782,15.9922,5
2459410.506227,-3.5874,-8.3743,14.2060,15.2021,14.6782,15.9922,5
2459410.523957,22.8436,-22.7148,14.2060,15.2021,14.6782,15.9922,5
2459410.550787,18.4527,6.0725,14.2060,15.2021,14.6782,15.9922,5
2459410.719557,-12.4590,0.4382,14.2060,15.2021,14.6782,15.9922,5
2459410.736517,-4.0077,-6.1174,14.2060,15.2021,14.6782,15.9922,5
2459410.753677,-10.9366,-5.9493,14.2060,15.2021,14.6782,15.9922,5
2459410.770727,-4.6467,25.2003,14.2060,15.2021,14.6782,15.9922,5
2459410.787077,-18.5095,5.3549,14.2060,15.2021,14.6782,15.9922,5
2459411.480047,0.6076,-20.0476,14.2060,15.2021,14.6782,15.9922,5
2459411.546017,8.5840,-5.7378,14.2060,15.2021,14.6782,15.9922,5
2459411.687757,-7.5395,12.7331,14.2060,15.2021,14.6782,15.9922,5
2459411.771277,-24.1845,12.5143,14.2060,15.2021,14.6782,15.9922,5
2459412.547257,-2.3427,-2.5874,14.2060,15.2021,14.6782,15.9922,5
2459412.661957,-3.1491,0.3812,14.2060,15.2021,14.6782,15.9922,5
2459412.678997,-8.1943,24.6347,14.2060,15.2021,14.6782,15.9922,5
2459412.696487,-11.0901,-16.9526,14.2060,15.2021,14.6782,15.9922,5
2459412.729837,-6.6722,3.3854,14.2060,15.2021,14.6782,15.9922,5
2459412.777247,-12.4916,-7.2798,14.2060,15.2021,14.6782,15.9922,5
2459413.474247,24.8735,-24.9795,14.2060,15.2021,14.6782,15.9922,5
2459413.491997,15.8671,-0.5792,14.2060,15.2021,14.6782,15.9922,5
2459413.555297,7.8141,14.3198,14.2060,15.2021,14.6782,15.9922,5
2459413.579177,-10.1899,15.1064,14.2060,15.2021,14.6782,15.9922,5
2459413.596507,10.8062,24.0372,14.2060,15.2021,14.6782,15.9922,5
2459413.617587,-9.3197,-1.1664,14.2060,15.2021,14.6782,15.9922,5
2459413.679937,15.3280,15.8586,14.2060,15.2021,14.6782,15.9922,5
2459413.696547,-11.4243,23.5598,14.2060,15.2021,14.6782,15.9922,5
2459414.688467,-5.8573,-3.1715,14.2060,15.2021,14.6782,15.9922,5
2459414.722587,-16.7094,16.9210,14.2060,15.2021,14.6782,15.9922,5
2459414.773597,7.0783,-6.9460,14.2060,15.2021,14.6782,15.9922,5
2459415.520147,-22.2325,11.3085,14.2060,15.2021,14.6782,15.9922,5
2459415.591847,7.6260,-7.3751,14.2060,15.2021,14.6782,15.9922,5
2459415.626277,12.3307,-7.6194,14.2060,15.2021,14.6782,15.9922,5
2459415.644397,-8.9329,-0.1468,14.2060,15.2021,14.6782,15.9922,5
2459415.709927,-2.1937,17.6303,14.2060,15.2021,14.6782,15.9922,5
2459415.769947,-6.8149,9.5100,14.2060,15.2021,14.6782,15.9922,5
2459418.624547,3.6970,9.5768,14.2060,15.2021,14.6782,15.9922,5
2459419.585917,9.2327,9.3032,14.2060,15.2021,14.6782,15.9922,5
2459419.602987,-9.3972,3.9151,14.2060,15.2021,14.6782,15.9922,5
2459419.683257,1.1277,2.4245,14.2060,15.2021,14.6782,15.9922,5
2459419.700087,5.6589,-18.8879,14.2060,15.2021,14.6782,15.9922,5
2459419.719617,22.2078,-9.4664,14.2060,15.2021,14.6782,15.9922,5
2459420.629037,0.2527,-3.9640,14.2060,15.2021,14.6782,15.9922,5
2459420.645707,-0.1362,3.6809,14.2060,15.2021,14.6782,15.9922,5
2459420.663027,9.2263,4.9762,14.2060,15.2021,14.6782,15.9922,5
2459420.720227,-4.7154,6.7246,14.2060,15.2021,14.6782,15.9922,5
2459420.747537,-8.3607,-5.9882,14.2060,15.2021,14.6782,15.9922,5
2459421.578547,-2.5910,8.3367,14.2060,15.2021,14.6782,15.9922,5
2459421.640467,6.8764,8.5505,14.2060,15.2021,14.6782,15.9922,5
2459421.677047,2.1911,-10.0708,14.2060,15.2021,14.6782,15.9922,5
2459421.710687,-12.4239,13.6948,14.2060,15.2021,14.6782,15.9922,5
2459421.759827,23.6364,-3.4897,14.2060,15.2021,14.6782,15.9922,5
2459423.530477,-2.6926,11.5925,14.2060,15.2021,14.6782,15.9922,5
2459423.579797,9.0359,0.6441,14.2060,15.2021,14.6782,15.9922,5
2459423.618807,16.5883,5.5901,14.2060,15.2021,14.6782,15.9922,5
2459423.673617,-17.7882,1.0314,14.2060,15.2021,14.6782,15.9922,5
2459423.701657,-11.3614,3.7198,14.2060,15.2021,14.6782,15.9922,5
2459423.754507,-0.0961,-3.9032,14.2060,15.2021,14.6782,15.9922,5
2459424.675897,-0.8929,11.8291,14.2060,15.2021,14.6782,15.9922,5
2459424.695667,-0.2906,-4.2150,14.2060,15.2021,14.6782,15.9922,5
2459424.740897,0.6719,13.8646,14.2060,15.2021,14.6782,15.9922,5
2459425.525577,-4.4702,-4.7806,14.2060,15.2021,14.6782,15.9922,5
2459425.575027,-1.5778,0.4859,14.2060,15.2021,14.6782,15.9922,5
2459425.609937,-17.7088,13.3865,14.2060,15.2021,14.6782,15.9922,5
2459425.657647,-2.8243,18.3587,14.2060,15.2021,14.6782,15.9922,5
2459425.674867,-2.3039,11.3931,14.2060,15.2021,14.6782,15.9922,5
2459426.480917,-20.4497,19.1041,14.2060,15.2021,14.6782,15.9922,5
2459426.497907,-22.1292,-6.4482,14.2060,15.2021,14.6782,15.9922,5
2459426.531877,-2.0821,-8.9208,14.2060,15.2021,14.6782,15.9922,5
2459426.630557,0.4353,10.0497,14.2060,15.2021,14.6782,15.9922,5
2459426.730677,9.9988,5.3342,14.2060,15.2021,14.6782,15.9922,5
2459426.747717,-18.7866,-16.3299,14.2060,15.2021,14.6782,15.9922,5
2459427.497417,-2.7012,9.0194,14.2060,15.2021,14.6782,15.9922,5
2459427.651187,6.8035,0.4930,14.2060,15.2021,14.6782,15.9922,5
2459427.712067,-15.5133,9.4416,14.2060,15.2021,14.6782,15.9922,5
2459427.732367,-7.6100,-9.5927,14.2060,15.2021,14.6782,15.9922,5
2459428.479337,-3.8319,0.4653,14.2060,15.2021,14.6782,15.9922,5
2459428.497017,18.8183,3.4404,14.2060,15.2021,14.6782,15.9922,5
2459428.524767,-8.3762,12.3599,14.2060,15.2021,14.6782,15.9922,5
2459428.694247,-8.9078,1.1271,14.2060,15.2021,14.6782,15.9922,5
2459428.722907,-23.1836,0.3111,14.2060,15.2021,14.6782,15.9922,5
2459429.500997,-14.6873,7.2187,14.2060,15.2021,14.6782,15.9922,5
2459429.688457,1.2964,7.2360,14.2060,15.2021,14.6782,15.9922,5
2459429.708057,-16.2118,5.5588,14.2060,15.2021,14.6782,15.9922,5
2459429.726847,-7.0746,-11.3075,14.2060,15.2021,14.6782,15.9922,5
2459429.743717,10.2163,-12.4795,14.2060,15.2021,14.6782,15.9922,5
2459430.484087,3.0427,2.1650,14.2060,15.2021,14.6782,15.9922,5
2459430.501287,5.8102,-7.1316,14.2060,15.2021,14.6782,15.9922,5
2459430.554867,1.6584,8.3270,14.2060,15.2021,14.6782,15.9922,5
2459430.636457,-6.3946,4.8077,14.2060,15.2021,14.6782,15.9922,5
2459430.703947,-0.5949,-4.0875,14.2060,15.2021,14.6782,15.9922,5
2459430.737857,-2.8582,0.2891,14.2060,15.2021,14.6782,15.9922,5
2459431.472447,21.9241,1.0935,14.2060,15.2021,14.6782,15.9922,5
2459431.511357,15.8701,-5.1821,14.2060,15.2021,14.6782,15.9922,5
2459431.655787,-23.3717,9.9191,14.2060,15.2021,14.6782,15.9922,5
2459431.672987,-2.6824,15.0986,14.2060,15.2021,14.6782,15.9922,5
2459431.723167,16.3969,8.1877,14.2060,15.2021,14.6782,15.9922,5
2459432.467937,14.1554,1.2816,14.2060,15.2021,14.6782,15.9922,5
2459432.497547,7.9371,0.6378,14.2060,15.2021,14.6782,15.9922,5
2459432.568417,4.7243,7.2272,14.2060,15.2021,14.6782,15.9922,5
2459432.615557,-13.7862,6.7158,14.2060,15.2021,14.6782,15.9922,5
2459432.650817,14.1741,11.7299,14.2060,15.2021,14.6782,15.9922,5
2459432.673537,0.1255,-9.9553,14.2060,15.2021,14.6782,15.9922,5
2459432.718067,-3.5154,9.7701,14.2060,15.2021,14.6782,15.9922,5
2459433.525967,7.1309,10.7028,14.2060,15.2021,14.6782,15.9922,5
2459433.543217,7.3951,21.9338,14.2060,15.2021,14.6782,15.9922,5
2459433.638977,-1.4615,-7.2556,14.2060,15.2021,14.6782,15.9922,5
2459435.621817,-4.3203,11.2060,14.2060,15.2021,14.6782,15.9922,5
2459435.670297,-9.8659,7.5791,14.2060,15.2021,14.6782,15.9922,5
2459435.687647,3.2608,10.5365,14.2060,15.2021,14.6782,15.9922,5
2459436.652207,3.2884,-15.6655,14.2060,15.2021,14.6782,15.9922,5
2459436.697157,20.1726,-3.2496,14.2060,15.2021,14.6782,15.9922,5
2459439.485657,15.2502,-0.2877,14.2060,15.2021,14.6782,15.9922,5
2459439.584307,-0.2886,3.9297,14.2060,15.2021,14.6782,15.9922,5
2459439.618537,5.4881,8.5652,14.2060,15.2021,14.6782,15.9922,5
2459439.662157,15.5485,0.6691,14.2060,15.2021,14.6782,15.9922,5
2459439.683877,0.6856,16.4585,14.2060,15.2021,14.6782,15.9922,5
2459439.702207,-9.4150,15.9972,14.2060,15.2021,14.6782,15.9922,5
2459440.504827,-3.6542,4.5167,14.2060,15.2021,14.6782,15.9922,5
2459440.605857,1.0889,-3.5705,14.2060,15.2021,14.6782,15.9922,5
2459440.637427,-18.1355,-10.7834,14.2060,15.2021,14.6782,15.9922,5
2459440.670927,-24.1494,-12.9667,14.2060,15.2021,14.6782,15.9922,5
2459440.704367,-12.1994,-12.3056,14.2060,15.2021,14.6782,15.9922,5
2459442.585697,0.7541,3.3621,14.2060,15.2021,14.6782,15.9922,5
2459443.489407,12.3470,-8.4928,14.2060,15.2021,14.6782,15.9922,5
2459443.506687,-19.5354,21.3923,14.2060,15.2021,14.6782,15.9922,5
2459443.560427,-4.8729,-20.2659,14.2060,15.2021,14.6782,15.9922,5
2459443.577217,9.0893,-6.5756,14.2060,15.2021,14.6782,15.9922,5
2459443.607797,-4.7119,-16.3723,14.2060,15.2021,14.6782,15.9922,5
2459443.626197,-11.7744,-17.2749,14.2060,15.2021,14.6782,15.9922,5
2459443.644987,-20.5156,-3.6873,14.2060,15.2021,14.6782,15.9922,5
2459443.676037,-1.9708,-14.4454,14.2060,15.2021,14.6782,15.9922,5
2459447.509847,5.3645,0.3783,14.2060,15.2021,14.6782,15.9922,5
2459447.609627,2.5815,5.5281,14.2060,15.2021,14.6782,15.9922,5
2459447.660097,-14.5108,23.6972,14.2060,15.2021,14.6782,15.9922,5
2459447.687787,3.6845,-2.1850,14.2060,15.2021,14.6782,15.9922,5
2459448.501037,-7.2690,-1.5112,14.2060,15.2021,14.6782,15.9922,5
2459448.518637,31.2600,0.3235,14.2060,15.2021,14.6782,15.9922,5
2459448.535607,-13.9148,8.1411,14.2060,15.2021,14.6782,15.9922,5
2459448.552677,-5.6662,3.2967,14.2060,15.2021,14.6782,15.9922,5
2459448.570037,2.3716,10.6963,14.2060,15.2021,14.6782,15.9922,5
2459448.614487,-7.9471,-4.5391,14.2060,15.2021,14.6782,15.9922,5
2459448.631647,0.2970,21.5770,14.2060,15.2021,14.6782,15.9922,5
2459449.510067,13.6003,-8.1189,14.2060,15.2021,14.6782,15.9922,5
2459449.527227,-17.2222,-15.7941,14.2060,15.2021,14.6782,15.9922,5
2459449.549717,9.8839,-8.2775,14.2060,15.2021,14.6782,15.9922,5
2459449.594027,-20.0947,2.3723,14.2060,15.2021,14.6782,15.9922,5
2459449.649157,26.8529,-0.6956,14.2060,15.2021,14.6782,15.9922,5
2459452.532077,-15.2633,-31.8446,14.2060,15.2021,14.6782,15.9922,5
2459452.575657,11.9275,21.9513,14.2060,15.2021,14.6782,15.9922,5
2459452.592807,-11.3237,-28.1587,14.2060,15.2021,14.6782,15.9922,5
2459452.653617,13.1658,14.7836,14.2060,15.2021,14.6782,15.9922,5
2459452.670047,-21.8172,18.3600,14.2060,15.2021,14.6782,15.9922,5
2459453.481647,1.5081,15.2746,14.2060,15.2021,14.6782,15.9922,5
2459453.498787,-6.2323,17.6044,14.2060,15.2021,14.6782,15.9922,5
2459453.661547,-6.8844,-24.7596,14.2060,15.2021,14.6782,15.9922,5
2459454.593757,0.5638,-5.4065,14.2060,15.2021,14.6782,15.9922,5
2459454.626807,-12.8339,-10.4486,14.2060,15.2021,14.6782,15.9922,5
2459455.510337,5.6208,2.6705,14.2060,15.2021,14.6782,15.9922,5
2459455.527787,-7.6175,11.1489,14.2060,15.2021,14.6782,15.9922,5
2459455.544657,21.6317,-0.5826,14.2060,15.2021,14.6782,15.9922,5
2459455.572077,30.1023,-11.5202,14.2060,15.2021,14.6782,15.9922,5
2459455.590497,-18.2006,-12.6592,14.2060,15.2021,14.6782,15.9922,5
2459455.611037,-4.4099,-6.8278,14.2060,15.2021,14.6782,15.9922,5
2459455.628037,-11.4599,-23.4140,14.2060,15.2021,14.6782,15.9922,5
2459456.492607,16.7433,-6.8917,14.2060,15.2021,14.6782,15.9922,5
2459456.573597,-13.2479,-2.6656,14.2060,15.2021,14.6782,15.9922,5
2459456.595627,2.6554,-28.4716,14.2060,15.2021,14.6782,15.9922,5
2459456.646527,18.4348,8.5622,14.2060,15.2021,14.6782,15.9922,5
2459457.484247,19.4769,-4.9481,14.2060,15.2021,14.6782,15.9922,5
2459457.501217,6.5606,-11.2253,14.2060,15.2021,14.6782,15.9922,5
2459457.518537,-10.2342,8.4577,14.2060,15.2021,14.6782,15.9922,5
2459457.568887,-5.6198,10.8246,14.2060,15.2021,14.6782,15.9922,5
2459457.595657,-26.2697,-0.7320,14.2060,15.2021,14.6782,15.9922,5
2459457.628757,25.0400,6.1172,14.2060,15.2021,14.6782,15.9922,5
2459458.534387,18.0149,-0.0996,14.2060,15.2021,14.6782,15.9922,5
2459458.572767,-9.2639,-15.4941,14.2060,15.2021,14.6782,15.9922,5
2459458.599777,20.8405,-7.6513,14.2060,15.2021,14.6782,15.9922,5
2459458.602477,17.9649,16.4914,14.2060,15.2021,14.6782,15.9922,5
2459458.619207,36.0780,-18.7307,14.2060,15.2021,14.6782,15.9922,5
2459460.483707,14.5466,10.0772,14.2060,15.2021,14.6782,15.9922,5
2459460.503297,-9.5076,15.7602,14.2060,15.2021,14.6782,15.9922,5
2459460.520927,-20.0244,8.6840,14.2060,15.2021,14.6782,15.9922,5
2459460.553287,-7.1262,10.8519,14.2060,15.2021,14.6782,15.9922,5
2459460.569887,1.0388,1.3383,14.2060,15.2021,14.6782,15.9922,5
2459460.587017,4.5668,-9.7308,14.2060,15.2021,14.6782,15.9922,5
2459460.606357,-13.0127,-8.3760,14.2060,15.2021,14.6782,15.9922,5
2459460.622857,-12.9689,-9.7762,14.2060,15.2021,14.6782,15.9922,5
2459461.490887,24.8906,20.8382,14.2060,15.2021,14.6782,15.9922,5
2459461.509957,-6.4868,10.1031,14.2060,15.2021,14.6782,15.9922,5
2459461.535607,-9.5228,1.6964,14.2060,15.2021,14.6782,15.9922,5
2459461.552957,-12.1356,-23.0867,14.2060,15.2021,14.6782,15.9922,5
2459461.616837,12.3226,12.4791,14.2060,15.2021,14.6782,15.9922,5
2459462.489157,1.7683,10.9780,14.2060,15.2021,14.6782,15.9922,5
2459462.532857,22.0795,5.5353,14.2060,15.2021,14.6782,15.9922,5
2459462.549907,4.5127,-5.3985,14.2060,15.2021,14.6782,15.9922,5
2459462.584657,18.5507,-10.0345,14.2060,15.2021,14.6782,15.9922,5
2459462.611867,9.3918,-8.5864,14.2060,15.2021,14.6782,15.9922,5
2459463.517757,2.6838,23.1952,14.2060,15.2021,14.6782,15.9922,5
2459463.561907,4.7953,13.1788,14.2060,15.2021,14.6782,15.9922,5
2459463.596077,-6.1518,-10.9474,14.2060,15.2021,14.6782,15.9922,5
2459466.505247,-16.3020,9.4577,14.2060,15.2021,14.6782,15.9922,5
2459466.522487,25.3726,5.6276,14.2060,15.2021,14.6782,15.9922,5
2459466.538877,6.5284,-0.7578,14.2060,15.2021,14.6782,15.9922,5
2459466.560867,-14.3800,-4.8678,14.2060,15.2021,14.6782,15.9922,5
2459467.552087,-2.8817,14.3792,14.2060,15.2021,14.6782,15.9922,5
2459467.568567,3.5401,-0.8475,14.2060,15.2021,14.6782,15.9922,5
2459467.571237,-14.2307,10.8027,14.2060,15.2021,14.6782,15.9922,5
2459467.588217,-0.8926,13.6718,14.2060,15.2021,14.6782,15.9922,5
2459467.604997,-8.1710,-0.7028,14.2060,15.2021,14.6782,15.9922,5
2459467.632557,-32.9872,3.0193,14.2060,15.2021,14.6782,15.9922,5
2459475.501607,-4.7189,18.3597,14.2060,15.2021,14.6782,15.9922,5
2459475.518307,-2.3325,-14.2935,14.2060,15.2021,14.6782,15.9922,5
2459475.551907,-10.1283,22.0957,14.2060,15.2021,14.6782,15.9922,5
2459476.484487,-20.2069,-19.9355,14.2060,15.2021,14.6782,15.9922,5
2459476.501037,-20.2540,-28.0416,14.2060,15.2021,14.6782,15.9922,5
2459476.528307,-20.2914,5.8610,14.2060,15.2021,14.6782,15.9922,5
2459476.545607,-17.8292,25.2242,14.2060,15.2021,14.6782,15.9922,5
2459476.563237,24.2374,-11.9255,14.2060,15.2021,14.6782,15.9922,5
2459478.543187,3.2291,-30.7961,14.2060,15.2021,14.6782,15.9922,5
2459479.506827,-29.7652,0.7914,14.2060,15.2021,14.6782,15.9922,5
2459479.540897,19.4963,3.1009,14.2060,15.2021,14.6782,15.9922,5
2459480.505877,-14.5601,-5.4390,14.2060,15.2021,14.6782,15.9922,5
2459480.560627,3.5443,14.5148,14.2060,15.2021,14.6782,15.9922,5
2459480.577357,3.1774,14.6236,14.2060,15.2021,14.6782,15.9922,5
2459480.598647,-8.3806,11.4422,14.2060,15.2021,14.6782,15.9922,5
2459481.491427,-16.1972,-3.5161,14.2060,15.2021,14.6782,15.9922,5
2459481.524727,22.3844,-15.0250,14.2060,15.2021,14.6782,15.9922,5
2459481.551667,11.3915,-20.6333,14.2060,15.2021,14.6782,15.9922,5
2459482.504707,-5.5823,22.8960,14.2060,15.2021,14.6782,15.9922,5
2459482.525747,-8.3895,16.3055,14.2060,15.2021,14.6782,15.9922,5
2459482.553017,-23.7203,27.4527,14.2060,15.2021,14.6782,15.9922,5
2459482.569767,-22.5143,-17.0815,14.2060,15.2021,14.6782,15.9922,5
2459482.587247,-14.7814,-3.3893,14.2060,15.2021,14.6782,15.9922,5
2459483.544877,-9.2218,7.8474,14.2060,15.2021,14.6782,15.9922,5
2459483.562307,-14.9990,33.1573,14.2060,15.2021,14.6782,15.9922,5
2459484.492517,25.8948,-14.4736,14.2060,15.2021,14.6782,15.9922,5
2459484.545387,26.5618,29.4958,14.2060,15.2021,14.6782,15.9922,5
2459484.579197,29.0020,14.1962,14.2060,15.2021,14.6782,15.9922,5
2459485.503697,21.5150,-18.4714,14.2060,15.2021,14.6782,15.9922,5
2459485.532357,17.8829,-2.3219,14.2060,15.2021,14.6782,15.9922,5
2459485.558607,11.6497,24.2376,14.2060,15.2021,14.6782,15.9922,5
2459485.581267,6.0038,-30.8143,14.2060,15.2021,14.6782,15.9922,5
2459486.524367,-3.0642,-17.0748,14.2060,15.2021,14.6782,15.9922,5
2459486.584837,-15.9888,-13.3668,14.2060,15.2021,14.6782,15.9922,5
2459488.551667,-3.1400,5.4936,14.2060,15.2021,14.6782,15.9922,5
2459488.568067,-6.7866,1.7042,14.2060,15.2021,14.6782,15.9922,5
2459489.510977,-12.2120,24.1152,14.2060,15.2021,14.6782,15.9922,5
2459489.542877,-0.3300,3.5907,14.2060,15.2021,14.6782,15.9922,5
2459489.559687,-4.3085,-3.4848,14.2060,15.2021,14.6782,15.9922,5
2459489.576197,13.7245,-3.0373,14.2060,15.2021,14.6782,15.9922,5
2459490.498447,9.9340,9.0796,14.2060,15.2021,14.6782,15.9922,5
2459490.521947,9.6179,-15.4499,14.2060,15.2021,14.6782,15.9922,5
2459490.554377,-4.2619,24.8419,14.2060,15.2021,14.6782,15.9922,5
2459490.571097,-13.8238,-23.7626,14.2060,15.2021,14.6782,15.9922,5
2459491.499667,30.5143,20.8023,14.2060,15.2021,14.6782,15.9922,5
2459491.551347,5.9562,5.9326,14.2060,15.2021,14.6782,15.9922,5
2459492.490997,13.4713,14.8843,14.2060,15.2021,14.6782,15.9922,5
2459492.507707,22.7834,9.2879,14.2060,15.2021,14.6782,15.9922,5
2459492.525037,8.3410,10.2722,14.2060,15.2021,14.6782,15.9922,5
2459492.542037,15.4882,-30.1288,14.2060,15.2021,14.6782,15.9922,5
2459492.558937,-3.4440,-27.3620,14.2060,15.2021,14.6782,15.9922,5
2459493.503627,17.3827,2.8128,14.2060,15.2021,14.6782,15.9922,5
2459493.545407,-8.4907,11.8772,14.2060,15.2021,14.6782,15.9922,5
2459493.562067,7.0792,-12.4273,14.2060,15.2021,14.6782,15.9922,5
2459494.505917,-14.9859,-7.2478,14.2060,15.2021,14.6782,15.9922,5
2459494.524587,-11.5472,17.4777,14.2060,15.2021,14.6782,15.9922,5
2459494.564537,-21.1555,8.3083,14.2060,15.2021,14.6782,15.9922,5
2459502.506197,2.8578,-20.5466,14.2060,15.2021,14.6782,15.9922,5
2459503.498967,15.4511,-14.0915,14.2060,15.2021,14.6782,15.9922,5
2459505.516997,15.9461,-43.6604,14.2060,15.2021,14.6782,15.9922,5
2459508.503957,-1.1714,8.5186,14.2060,15.2021,14.6782,15.9922,5
2459511.513877,12.1404,1.3039,14.2060,15.2021,14.6782,15.9922,5
2459630.890087,11.3708,-29.2385,14.2060,15.2021,16.9267,19.2798,6
2459632.885357,2.4686,-11.7258,14.2060,15.2021,16.9267,19.2798,6
2459636.873837,-23.4891,8.2900,14.2060,15.2021,16.9267,19.2798,6
2459636.891457,1.5752,-23.4404,14.2060,15.2021,16.9267,19.2798,6
2459637.857737,-5.4812,-20.3308,14.2060,15.2021,16.9267,19.2798,6
2459637.886407,10.7197,-24.0409,14.2060,15.2021,16.9267,19.2798,6
2459638.887807,40.5179,-34.1257,14.2060,15.2021,16.9267,19.2798,6
2459639.846477,36.1548,-27.3553,14.2060,15.2021,16.9267,19.2798,6
2459639.863927,-18.8158,-6.8452,14.2060,15.2021,16.9267,19.2798,6
2459640.865557,9.4568,-34.7065,14.2060,15.2021,16.9267,19.2798,6
2459640.883237,18.1961,-2.5690,14.2060,15.2021,16.9267,19.2798,6
2459641.842897,19.8479,-42.8742,14.2060,15.2021,16.9267,19.2798,6
2459641.891857,41.3393,-27.1787,14.2060,15.2021,16.9267,19.2798,6
2459642.874997,-15.0606,-8.8249,14.2060,15.2021,16.9267,19.2798,6
2459642.892927,32.3394,6.3302,14.2060,15.2021,16.9267,19.2798,6
2459645.882787,-13.1325,0.1455,14.2060,15.2021,16.9267,19.2798,6
2459647.877737,31.7998,-42.9160,14.2060,15.2021,16.9267,19.2798,6
2459647.895517,9.0107,-30.3908,14.2060,15.2021,16.9267,19.2798,6
2459648.865937,-9.3027,-11.1905,14.2060,15.2021,16.9267,19.2798,6
2459648.883917,23.9401,-6.8532,14.2060,15.2021,16.9267,19.2798,6
2459648.901577,10.7447,-5.4306,14.2060,15.2021,16.9267,19.2798,6
2459649.872717,24.3970,-27.3144,14.2060,15.2021,16.9267,19.2798,6
2459649.899727,-8.4124,-20.4301,14.2060,15.2021,16.9267,19.2798,6
2459650.815037,-10.3250,-26.8812,14.2060,15.2021,16.9267,19.2798,6
2459650.843307,43.6647,-27.7107,14.2060,15.2021,16.9267,19.2798,6
2459650.860927,35.5167,-22.6654,14.2060,15.2021,16.9267,19.2798,6
2459650.878377,16.2028,1.9056,14.2060,15.2021,16.9267,19.2798,6
2459650.896197,-8.6856,10.1154,14.2060,15.2021,16.9267,19.2798,6
2459651.814667,19.8327,-22.0096,14.2060,15.2021,16.9267,19.2798,6
2459651.879547,29.4449,-11.5382,14.2060,15.2021,16.9267,19.2798,6
2459651.896577,18.0656,-26.6497,14.2060,15.2021,16.9267,19.2798,6
2459652.833467,3.7345,-30.5618,14.2060,15.2021,16.9267,19.2798,6
2459652.863537,-1.0773,0.4582,14.2060,15.2021,16.9267,19.2798,6
2459652.880907,20.4816,-14.3360,14.2060,15.2021,16.9267,19.2798,6
2459653.806617,14.8739,-22.6301,14.2060,15.2021,16.9267,19.2798,6
2459653.834857,17.9733,-39.1670,14.2060,15.2021,16.9267,19.2798,6
2459653.859037,-6.9785,6.3522,14.2060,15.2021,16.9267,19.2798,6
2459653.876367,34.7609,-0.3990,14.2060,15.2021,16.9267,19.2798,6
2459653.893697,-4.3391,-7.1691,14.2060,15.2021,16.9267,19.2798,6
2459654.832987,5.4624,-30.2651,14.2060,15.2021,16.9267,19.2798,6
2459654.896897,-2.2429,-16.6393,14.2060,15.2021,16.9267,19.2798,6
2459655.843147,21.5202,-14.2523,14.2060,15.2021,16.9267,19.2798,6
2459655.861047,7.1923,-25.6086,14.2060,15.2021,16.9267,19.2798,6
2459655.878637,4.4202,3.5570,14.2060,15.2021,16.9267,19.2798,6
2459656.870277,27.1921,-40.0523,14.2060,15.2021,16.9267,19.2798,6
2459657.837877,-5.7045,-6.2548,14.2060,15.2021,16.9267,19.2798,6
2459657.872487,14.4987,-8.7800,14.2060,15.2021,16.9267,19.2798,6
2459658.791647,-1.5810,-31.5159,14.2060,15.2021,16.9267,19.2798,6
2459658.827197,5.9281,9.2167,14.2060,15.2021,16.9267,19.2798,6
2459658.865997,-3.9655,-12.3041,14.2060,15.2021,16.9267,19.2798,6
2459658.897487,0.9073,-3.8320,14.2060,15.2021,16.9267,19.2798,6
2459659.846737,-10.7185,-17.2171,14.2060,15.2021,16.9267,19.2798,6
2459659.864267,9.1962,-21.8271,14.2060,15.2021,16.9267,19.2798,6
2459659.884667,5.3405,-20.2837,14.2060,15.2021,16.9267,19.2798,6
2459660.817627,7.6079,-33.0548,14.2060,15.2021,16.9267,19.2798,6
2459660.839297,-0.5165,-8.1892,14.2060,15.2021,16.9267,19.2798,6
2459660.859857,8.8308,13.9360,14.2060,15.2021,16.9267,19.2798,6
2459660.878807,0.5211,-4.5345,14.2060,15.2021,16.9267,19.2798,6
2459661.836417,-15.1289,-5.9070,14.2060,15.2021,16.9267,19.2798,6
2459661.866507,-7.3530,11.0230,14.2060,15.2021,16.9267,19.2798,6
2459661.901347,8.3940,-15.2071,14.2060,15.2021,16.9267,19.2798,6
2459664.832087,12.0481,-12.7040,14.2060,15.2021,16.9267,19.2798,6
2459664.849507,20.6805,-46.0061,14.2060,15.2021,16.9267,19.2798,6
2459664.870607,-5.6319,-21.6102,14.2060,15.2021,16.9267,19.2798,6
2459664.887607,-1.7061,16.6013,14.2060,15.2021,16.9267,19.2798,6
2459665.771747,-8.7120,5.3421,14.2060,15.2021,16.9267,19.2798,6
2459665.824267,-10.4917,-15.1665,14.2060,15.2021,16.9267,19.2798,6
2459665.889267,-4.0632,10.6015,14.2060,15.2021,16.9267,19.2798,6
2459666.843887,35.4244,16.7531,14.2060,15.2021,16.9267,19.2798,6
2459666.861467,-7.9819,15.6530,14.2060,15.2021,16.9267,19.2798,6
2459666.900657,-13.2599,22.6767,14.2060,15.2021,16.9267,19.2798,6
2459667.773797,1.6295,-7.0758,14.2060,15.2021,16.9267,19.2798,6
2459667.809297,14.3405,-23.2121,14.2060,15.2021,16.9267,19.2798,6
2459667.826907,21.1387,-29.3232,14.2060,15.2021,16.9267,19.2798,6
2459667.847387,32.8953,-25.9750,14.2060,15.2021,16.9267,19.2798,6
2459667.895917,-0.5609,2.9153,14.2060,15.2021,16.9267,19.2798,6
2459668.840587,-16.4263,-3.0559,14.2060,15.2021,16.9267,19.2798,6
2459668.858237,-24.5831,-42.3736,14.2060,15.2021,16.9267,19.2798,6
2459668.876077,-9.6799,-9.3260,14.2060,15.2021,16.9267,19.2798,6
2459668.897757,-6.5820,0.5642,14.2060,15.2021,16.9267,19.2798,6
2459669.853697,-4.0877,6.0799,14.2060,15.2021,16.9267,19.2798,6
2459669.870507,-3.9166,0.0845,14.2060,15.2021,16.9267,19.2798,6
2459669.905067,-7.4198,13.5082,14.2060,15.2021,16.9267,19.2798,6
2459670.783447,8.4700,-14.9632,14.2060,15.2021,16.9267,19.2798,6
2459670.837887,12.0467,-24.8552,14.2060,15.2021,16.9267,19.2798,6
2459670.883677,-1.8614,18.3938,14.2060,15.2021,16.9267,19.2798,6
2459671.760737,30.3590,-37.7259,14.2060,15.2021,16.9267,19.2798,6
2459671.796087,25.5025,-5.0863,14.2060,15.2021,16.9267,19.2798,6
2459671.813937,10.7420,-9.2183,14.2060,15.2021,16.9267,19.2798,6
2459671.855557,-22.0066,3.8787,14.2060,15.2021,16.9267,19.2798,6
2459671.876427,-13.7033,7.6932,14.2060,15.2021,16.9267,19.2798,6
2459672.778857,18.2715,-9.1516,14.2060,15.2021,16.9267,19.2798,6
2459672.796357,14.1339,-25.0527,14.2060,15.2021,16.9267,19.2798,6
2459672.828747,19.9774,-16.2394,14.2060,15.2021,16.9267,19.2798,6
2459672.846217,30.6115,-35.5345,14.2060,15.2021,16.9267,19.2798,6
2459672.863647,-19.7074,1.8125,14.2060,15.2021,16.9267,19.2798,6
2459672.880767,-13.2326,2.4889,14.2060,15.2021,16.9267,19.2798,6
2459673.848557,0.2388,3.6592,14.2060,15.2021,16.9267,19.2798,6
2459673.885087,21.9512,21.2928,14.2060,15.2021,16.9267,19.2798,6
2459674.777747,6.5338,-19.1626,14.2060,15.2021,16.9267,19.2798,6
2459675.770947,-6.6985,3.5906,14.2060,15.2021,16.9267,19.2798,6
2459675.788677,-19.3566,-4.0897,14.2060,15.2021,16.9267,19.2798,6
2459675.806377,-24.0057,10.4732,14.2060,15.2021,16.9267,19.2798,6
2459675.823967,7.3069,13.9220,14.2060,15.2021,16.9267,19.2798,6
2459675.853567,6.3236,-9.7852,14.2060,15.2021,16.9267,19.2798,6
2459675.888057,6.9709,24.4684,14.2060,15.2021,16.9267,19.2798,6
2459675.921967,-18.1698,2.9217,14.2060,15.2021,16.9267,19.2798,6
2459676.797857,24.1404,-16.5021,14.2060,15.2021,16.9267,19.2798,6
2459676.815747,-11.7200,6.1867,14.2060,15.2021,16.9267,19.2798,6
2459676.833107,3.7117,7.2367,14.2060,15.2021,16.9267,19.2798,6
2459676.878057,7.6166,16.0886,14.2060,15.2021,16.9267,19.2798,6
2459676.911907,2.8523,27.6549,14.2060,15.2021,16.9267,19.2798,6
2459677.786157,-13.2357,-26.7245,14.2060,15.2021,16.9267,19.2798,6
2459677.804107,-10.0078,2.6950,14.2060,15.2021,16.9267,19.2798,6
2459677.896177,-9.2160,18.4296,14.2060,15.2021,16.9267,19.2798,6
2459678.763757,-23.1607,-41.7274,14.2060,15.2021,16.9267,19.2798,6
2459678.809727,11.0345,-3.8674,14.2060,15.2021,16.9267,19.2798,6
2459678.844637,-25.1999,23.7553,14.2060,15.2021,16.9267,19.2798,6
2459678.887937,-4.7742,22.5232,14.2060,15.2021,16.9267,19.2798,6
2459678.916347,17.4638,7.5247,14.2060,15.2021,16.9267,19.2798,6
2459679.733517,18.1376,1.4995,14.2060,15.2021,16.9267,19.2798,6
2459679.751317,-18.6977,-17.7356,14.2060,15.2021,16.9267,19.2798,6
2459679.768647,0.9174,-2.4552,14.2060,15.2021,16.9267,19.2798,6
2459679.832037,11.2468,-33.0509,14.2060,15.2021,16.9267,19.2798,6
2459679.848857,12.2335,-5.7159,14.2060,15.2021,16.9267,19.2798,6
2459679.911657,-2.1242,16.5469,14.2060,15.2021,16.9267,19.2798,6
2459680.750287,28.4465,-39.5619,14.2060,15.2021,16.9267,19.2798,6
2459680.767747,41.9148,-40.6188,14.2060,15.2021,16.9267,19.2798,6
2459680.785097,6.5186,-10.2446,14.2060,15.2021,16.9267,19.2798,6
2459680.802517,35.2678,-2.2111,14.2060,15.2021,16.9267,19.2798,6
2459680.851567,-9.6163,16.3735,14.2060,15.2021,16.9267,19.2798,6
2459680.868497,-16.5127,1.6042,14.2060,15.2021,16.9267,19.2798,6
2459680.885517,4.6454,21.1014,14.2060,15.2021,16.9267,19.2798,6
2459681.739427,32.0203,-29.2495,14.2060,15.2021,16.9267,19.2798,6
2459681.757817,26.3957,-42.2214,14.2060,15.2021,16.9267,19.2798,6
2459681.775537,9.7109,-28.2388,14.2060,15.2021,16.9267,19.2798,6
2459681.793377,31.2618,-43.4269,14.2060,15.2021,16.9267,19.2798,6
2459681.870317,-11.8403,21.8740,14.2060,15.2021,16.9267,19.2798,6
2459681.903867,-6.5095,5.7358,14.2060,15.2021,16.9267,19.2798,6
2459682.783917,-11.3995,-9.1073,14.2060,15.2021,16.9267,19.2798,6
2459682.863047,-14.0570,10.8079,14.2060,15.2021,16.9267,19.2798,6
2459682.911257,-1.0772,-21.4836,14.2060,15.2021,16.9267,19.2798,6
2459683.725117,-15.8477,-3.8675,14.2060,15.2021,16.9267,19.2798,6
2459683.760447,10.7087,-6.8666,14.2060,15.2021,16.9267,19.2798,6
2459683.777717,6.0785,-45.8228,14.2060,15.2021,16.9267,19.2798,6
2459683.841087,-4.5711,11.0598,14.2060,15.2021,16.9267,19.2798,6
2459683.862127,5.3022,-8.1239,14.2060,15.2021,16.9267,19.2798,6
2459683.879167,-8.9798,6.4727,14.2060,15.2021,16.9267,19.2798,6
2459683.896207,-20.4922,0.4057,14.2060,15.2021,16.9267,19.2798,6
2459684.723767,19.2635,9.2349,14.2060,15.2021,16.9267,19.2798,6
2459684.758867,16.0641,-30.3183,14.2060,15.2021,16.9267,19.2798,6
2459684.784877,19.2692,7.5949,14.2060,15.2021,16.9267,19.2798,6
2459684.812497,-25.2054,20.9789,14.2060,15.2021,16.9267,19.2798,6
2459684.829277,-10.6925,5.0010,14.2060,15.2021,16.9267,19.2798,6
2459684.866587,-24.7288,1.3818,14.2060,15.2021,16.9267,19.2798,6
2459685.727577,18.5483,-9.8036,14.2060,15.2021,16.9267,19.2798,6
2459685.766807,21.4682,-10.3483,14.2060,15.2021,16.9267,19.2798,6
2459685.813727,-6.3145,18.6917,14.2060,15.2021,16.9267,19.2798,6
2459685.831357,-13.0838,-4.3916,14.2060,15.2021,16.9267,19.2798,6
2459685.906907,11.7631,7.6043,14.2060,15.2021,16.9267,19.2798,6
2459687.778627,-28.5650,10.0488,14.2060,15.2021,16.9267,19.2798,6
2459692.768207,14.9778,-21.8419,14.2060,15.2021,16.9267,19.2798,6
2459692.785687,23.6682,-3.3020,14.2060,15.2021,16.9267,19.2798,6
2459692.807957,14.4146,11.8680,14.2060,15.2021,16.9267,19.2798,6
2459693.749507,26.3237,-30.8446,14.2060,15.2021,16.9267,19.2798,6
2459693.877767,-5.0789,18.4468,14.2060,15.2021,16.9267,19.2798,6
2459694.840027,24.3167,-32.9894,14.2060,15.2021,16.9267,19.2798,6
2459694.856937,-7.5024,-27.0886,14.2060,15.2021,16.9267,19.2798,6
2459694.873767,27.1606,-9.6964,14.2060,15.2021,16.9267,19.2798,6
2459694.891157,-15.3065,0.5446,14.2060,15.2021,16.9267,19.2798,6
2459695.791757,1.7645,-14.8644,14.2060,15.2021,16.9267,19.2798,6
2459695.809077,4.5944,-10.9654,14.2060,15.2021,16.9267,19.2798,6
2459696.892027,18.8350,-1.7648,14.2060,15.2021,16.9267,19.2798,6
2459696.909357,-5.2146,16.6761,14.2060,15.2021,16.9267,19.2798,6
2459697.739407,0.3818,-12.7667,14.2060,15.2021,16.9267,19.2798,6
2459697.756827,28.3735,20.9558,14.2060,15.2021,16.9267,19.2798,6
2459697.777287,7.1670,7.7633,14.2060,15.2021,16.9267,19.2798,6
2459697.804977,-12.2194,-17.5840,14.2060,15.2021,16.9267,19.2798,6
2459697.829387,-7.1139,14.6594,14.2060,15.2021,16.9267,19.2798,6
2459697.853037,-11.9703,-8.5656,14.2060,15.2021,16.9267,19.2798,6
2459697.870997,-7.6705,-1.4980,14.2060,15.2021,16.9267,19.2798,6
2459697.918437,-12.6936,-33.5123,14.2060,15.2021,16.9267,19.2798,6
2459698.694217,-4.9910,-12.9370,14.2060,15.2021,16.9267,19.2798,6
2459698.715367,-10.4958,-7.3933,14.2060,15.2021,16.9267,19.2798,6
2459698.743157,-13.1134,-3.0251,14.2060,15.2021,16.9267,19.2798,6
2459698.782397,-9.8645,-1.3676,14.2060,15.2021,16.9267,19.2798,6
2459698.821397,6.8774,-1.1377,14.2060,15.2021,16.9267,19.2798,6
2459698.839907,8.8639,8.8534,14.2060,15.2021,16.9267,19.2798,6
2459698.869317,-9.3656,28.6345,14.2060,15.2021,16.9267,19.2798,6
2459698.886517,-17.0543,-5.7667,14.2060,15.2021,16.9267,19.2798,6
2459698.903707,-11.6386,-1.0912,14.2060,15.2021,16.9267,19.2798,6
2459699.719717,2.2000,-23.6005,14.2060,15.2021,16.9267,19.2798,6
2459699.828707,-28.4805,6.8561,14.2060,15.2021,16.9267,19.2798,6
2459699.845567,-11.3245,12.0882,14.2060,15.2021,16.9267,19.2798,6
2459700.716897,4.9033,-22.8867,14.2060,15.2021,16.9267,19.2798,6
2459700.753877,23.2858,11.3128,14.2060,15.2021,16.9267,19.2798,6
2459700.783637,7.3422,-8.8242,14.2060,15.2021,16.9267,19.2798,6
2459700.818997,2.5720,-8.4851,14.2060,15.2021,16.9267,19.2798,6
2459700.841127,17.2117,0.1802,14.2060,15.2021,16.9267,19.2798,6
2459700.858027,-1.6759,12.2521,14.2060,15.2021,16.9267,19.2798,6
2459700.903967,5.1930,18.0122,14.2060,15.2021,16.9267,19.2798,6
2459700.924307,3.4179,-33.9552,14.2060,15.2021,16.9267,19.2798,6
2459701.672417,18.7820,-16.7316,14.2060,15.2021,16.9267,19.2798,6
2459701.784827,-23.5976,6.3416,14.2060,15.2021,16.9267,19.2798,6
2459701.849297,-8.6299,-28.7319,14.2060,15.2021,16.9267,19.2798,6
2459702.757907,-0.5656,-0.4585,14.2060,15.2021,16.9267,19.2798,6
2459702.792877,-21.3852,-19.2430,14.2060,15.2021,16.9267,19.2798,6
2459702.810217,-22.9830,3.7735,14.2060,15.2021,16.9267,19.2798,6
2459702.841807,-8.5626,-3.6237,14.2060,15.2021,16.9267,19.2798,6
2459703.662087,11.3518,-22.9967,14.2060,15.2021,16.9267,19.2798,6
2459703.671337,26.9051,-1.3607,14.2060,15.2021,16.9267,19.2798,6
2459703.679927,20.4310,-21.7823,14.2060,15.2021,16.9267,19.2798,6
2459703.688847,4.3883,-31.8086,14.2060,15.2021,16.9267,19.2798,6
2459703.697507,-10.1941,-14.9604,14.2060,15.2021,16.9267,19.2798,6
2459703.706777,5.1334,-15.0846,14.2060,15.2021,16.9267,19.2798,6
2459703.708217,25.0222,-27.1487,14.2060,15.2021,16.9267,19.2798,6
2459703.718607,7.5108,-19.4773,14.2060,15.2021,16.9267,19.2798,6
2459703.727327,29.2039,-21.1538,14.2060,15.2021,16.9267,19.2798,6
2459703.728667,-8.3583,-30.1882,14.2060,15.2021,16.9267,19.2798,6
2459703.736137,-14.9305,-23.3452,14.2060,15.2021,16.9267,19.2798,6
2459703.921587,-7.2147,-7.5585,14.2060,15.2021,16.9267,19.2798,6
2459704.681587,-9.1120,-20.4923,14.2060,15.2021,16.9267,19.2798,6
2459704.699047,4.9579,-9.8939,14.2060,15.2021,16.9267,19.2798,6
2459704.727407,-10.3515,9.3869,14.2060,15.2021,16.9267,19.2798,6
2459704.745287,-17.5270,2.5271,14.2060,15.2021,16.9267,19.2798,6
2459704.762407,21.1153,-11.4267,14.2060,15.2021,16.9267,19.2798,6
2459704.779877,-30.3591,6.4436,14.2060,15.2021,16.9267,19.2798,6
2459704.801627,-10.0677,-8.0039,14.2060,15.2021,16.9267,19.2798,6
2459704.818497,-13.1905,1.1416,14.2060,15.2021,16.9267,19.2798,6
2459704.848487,-24.2996,-21.2431,14.2060,15.2021,16.9267,19.2798,6
2459704.898847,-18.7126,-8.0896,14.2060,15.2021,16.9267,19.2798,6
2459704.916317,-17.5675,-4.6885,14.2060,15.2021,16.9267,19.2798,6
2459705.783347,24.8257,9.2958,14.2060,15.2021,16.9267,19.2798,6
2459705.878937,-12.0127,7.2030,14.2060,15.2021,16.9267,19.2798,6
2459706.695227,-13.7477,-27.0696,14.2060,15.2021,16.9267,19.2798,6
2459706.752837,-4.0915,-6.0711,14.2060,15.2021,16.9267,19.2798,6
2459706.782107,-5.5136,21.7069,14.2060,15.2021,16.9267,19.2798,6
2459706.800917,-19.7133,-0.6429,14.2060,15.2021,16.9267,19.2798,6
2459706.817907,-7.8106,-19.7704,14.2060,15.2021,16.9267,19.2798,6
2459706.835457,-4.3859,-10.1760,14.2060,15.2021,16.9267,19.2798,6
2459706.852357,-0.1862,17.8300,14.2060,15.2021,16.9267,19.2798,6
2459706.880097,-11.9705,16.4921,14.2060,15.2021,16.9267,19.2798,6
2459706.897577,6.9755,-1.5651,14.2060,15.2021,16.9267,19.2798,6
2459706.914317,4.0257,20.3218,14.2060,15.2021,16.9267,19.2798,6
2459708.718177,16.4816,-34.3719,14.2060,15.2021,16.9267,19.2798,6
2459708.755357,-9.8694,4.2865,14.2060,15.2021,16.9267,19.2798,6
2459708.835947,-21.8403,1.6271,14.2060,15.2021,16.9267,19.2798,6
2459708.874817,8.1138,15.0038,14.2060,15.2021,16.9267,19.2798,6
2459709.744227,-5.0903,9.2983,14.2060,15.2021,16.9267,19.2798,6
2459709.761547,0.6895,-3.0665,14.2060,15.2021,16.9267,19.2798,6
2459709.779107,-9.0064,23.4825,14.2060,15.2021,16.9267,19.2798,6
2459709.813437,6.5453,7.6855,14.2060,15.2021,16.9267,19.2798,6
2459709.829997,-1.4007,9.3418,14.2060,15.2021,16.9267,19.2798,6
2459709.873557,-13.2711,4.9723,14.2060,15.2021,16.9267,19.2798,6
2459709.891217,-6.8547,24.1201,14.2060,15.2021,16.9267,19.2798,6
2459709.908227,9.1410,21.4565,14.2060,15.2021,16.9267,19.2798,6
2459710.722657,15.9041,19.5002,14.2060,15.2021,16.9267,19.2798,6
2459710.739947,-14.3097,-16.3937,14.2060,15.2021,16.9267,19.2798,6
2459710.806287,-8.1356,-3.6553,14.2060,15.2021,16.9267,19.2798,6
2459710.922407,8.0358,24.8215,14.2060,15.2021,16.9267,19.2798,6
2459711.644447,7.1814,-20.7984,14.2060,15.2021,16.9267,19.2798,6
2459711.676677,18.1585,-29.6922,14.2060,15.2021,16.9267,19.2798,6
2459711.693787,2.0019,-5.8753,14.2060,15.2021,16.9267,19.2798,6
2459711.712997,1.1189,-18.3266,14.2060,15.2021,16.9267,19.2798,6
2459711.730527,-11.5673,5.2245,14.2060,15.2021,16.9267,19.2798,6
2459711.748097,-11.1629,-1.4414,14.2060,15.2021,16.9267,19.2798,6
2459711.788797,-19.0848,6.7282,14.2060,15.2021,16.9267,19.2798,6
2459711.886887,13.1463,13.9287,14.2060,15.2021,16.9267,19.2798,6
2459711.907577,-18.7605,0.5438,14.2060,15.2021,16.9267,19.2798,6
2459711.925737,-8.8659,-16.0813,14.2060,15.2021,16.9267,19.2798,6
2459713.742657,-12.4531,17.9154,14.2060,15.2021,16.9267,19.2798,6
2459713.851577,6.7495,-2.7999,14.2060,15.2021,16.9267,19.2798,6
2459713.912747,-24.5827,-28.5255,14.2060,15.2021,16.9267,19.2798,6
2459714.681087,-18.8519,-6.1362,14.2060,15.2021,16.9267,19.2798,6
2459714.738067,-17.0711,15.8770,14.2060,15.2021,16.9267,19.2798,6
2459714.811967,20.9906,7.2654,14.2060,15.2021,16.9267,19.2798,6
2459714.829327,11.2877,-8.4802,14.2060,15.2021,16.9267,19.2798,6
2459714.880187,4.8951,-30.7770,14.2060,15.2021,16.9267,19.2798,6
2459714.907817,21.3105,3.4183,14.2060,15.2021,16.9267,19.2798,6
2459714.924507,5.7099,-26.6153,14.2060,15.2021,16.9267,19.2798,6
2459719.724187,8.0342,3.1170,14.2060,15.2021,16.9267,19.2798,6
2459719.858977,9.3553,-12.3854,14.2060,15.2021,16.9267,19.2798,6
2459719.875437,5.2432,15.4367,14.2060,15.2021,16.9267,19.2798,6
2459720.693147,19.0198,-14.4073,14.2060,15.2021,16.9267,19.2798,6
2459721.627857,-18.6354,-28.0910,14.2060,15.2021,16.9267,19.2798,6
2459721.681057,-5.0613,25.8273,14.2060,15.2021,16.9267,19.2798,6
2459721.785197,-6.7539,-9.3319,14.2060,15.2021,16.9267,19.2798,6
2459721.812097,-1.1265,3.0858,14.2060,15.2021,16.9267,19.2798,6
2459721.845637,5.9387,-10.8764,14.2060,15.2021,16.9267,19.2798,6
2459721.862117,-8.8931,5.1048,14.2060,15.2021,16.9267,19.2798,6
2459721.879187,-22.5741,11.7177,14.2060,15.2021,16.9267,19.2798,6
2459721.895977,-17.3365,-23.4910,14.2060,15.2021,16.9267,19.2798,6
2459722.710187,-10.8568,-27.2356,14.2060,15.2021,16.9267,19.2798,6
2459722.807587,-10.9522,5.8237,14.2060,15.2021,16.9267,19.2798,6
2459722.824027,-19.0076,11.3014,14.2060,15.2021,16.9267,19.2798,6
2459722.840957,6.6889,-9.3617,14.2060,15.2021,16.9267,19.2798,6
2459722.876187,-27.4689,3.4513,14.2060,15.2021,16.9267,19.2798,6
2459722.893377,1.2568,-18.0151,14.2060,15.2021,16.9267,19.2798,6
2459722.916197,12.4545,-4.2602,14.2060,15.2021,16.9267,19.2798,6
2459722.932937,-0.2701,-19.3665,14.2060,15.2021,16.9267,19.2798,6
2459723.774527,14.6332,6.7055,14.2060,15.2021,16.9267,19.2798,6
2459723.808067,-1.8963,7.9240,14.2060,15.2021,16.9267,19.2798,6
2459723.825007,5.7840,-2.0169,14.2060,15.2021,16.9267,19.2798,6
2459723.868707,-15.6772,4.5328,14.2060,15.2021,16.9267,19.2798,6
2459723.885557,17.0579,-2.9741,14.2060,15.2021,16.9267,19.2798,6
2459723.902837,16.7351,-10.5251,14.2060,15.2021,16.9267,19.2798,6
2459724.748237,-9.4836,-14.9895,14.2060,15.2021,16.9267,19.2798,6
2459724.765247,-14.0631,-15.2819,14.2060,15.2021,16.9267,19.2798,6
2459724.781857,-15.9046,25.5480,14.2060,15.2021,16.9267,19.2798,6
2459724.798797,3.2864,20.4229,14.2060,15.2021,16.9267,19.2798,6
2459724.838587,9.6576,12.9932,14.2060,15.2021,16.9267,19.2798,6
2459725.639877,25.0816,-30.7313,14.2060,15.2021,16.9267,19.2798,6
2459725.642687,-24.1336,2.4332,14.2060,15.2021,16.9267,19.2798,6
2459725.660377,-5.3456,18.0236,14.2060,15.2021,16.9267,19.2798,6
2459725.683957,-9.8500,18.1382,14.2060,15.2021,16.9267,19.2798,6
2459725.711537,-1.6568,-25.9422,14.2060,15.2021,16.9267,19.2798,6
2459725.728577,-10.8890,7.1482,14.2060,15.2021,16.9267,19.2798,6
2459725.812487,-18.1813,28.9734,14.2060,15.2021,16.9267,19.2798,6
2459725.882237,-19.3579,4.3363,14.2060,15.2021,16.9267,19.2798,6
2459725.916327,11.9509,-9.2857,14.2060,15.2021,16.9267,19.2798,6
2459726.696347,-15.2913,-9.1751,14.2060,15.2021,16.9267,19.2798,6
2459726.713927,-8.7396,12.0006,14.2060,15.2021,16.9267,19.2798,6
2459726.731217,13.9197,10.3398,14.2060,15.2021,16.9267,19.2798,6
2459726.748597,-20.3152,-18.7590,14.2060,15.2021,16.9267,19.2798,6
2459726.765917,0.0374,14.5784,14.2060,15.2021,16.9267,19.2798,6
2459726.844167,-6.6565,-3.1946,14.2060,15.2021,16.9267,19.2798,6
2459726.863377,-4.7380,4.6915,14.2060,15.2021,16.9267,19.2798,6
2459726.880027,4.4902,29.1699,14.2060,15.2021,16.9267,19.2798,6
2459726.896927,-28.4601,11.9591,14.2060,15.2021,16.9267,19.2798,6
2459727.600257,21.4747,-18.1999,14.2060,15.2021,16.9267,19.2798,6
2459727.618197,-25.2506,10.7608,14.2060,15.2021,16.9267,19.2798,6
2459727.644147,-9.2671,13.5138,14.2060,15.2021,16.9267,19.2798,6
2459727.671747,0.2601,12.3127,14.2060,15.2021,16.9267,19.2798,6
2459727.692217,-28.6159,7.5532,14.2060,15.2021,16.9267,19.2798,6
2459727.712407,-3.0099,14.4009,14.2060,15.2021,16.9267,19.2798,6
2459727.729767,-10.9643,18.2551,14.2060,15.2021,16.9267,19.2798,6
2459727.777537,-8.6064,3.5458,14.2060,15.2021,16.9267,19.2798,6
2459727.794737,12.6993,27.7453,14.2060,15.2021,16.9267,19.2798,6
2459727.811847,3.0920,26.1744,14.2060,15.2021,16.9267,19.2798,6
2459727.828677,3.7447,-9.9234,14.2060,15.2021,16.9267,19.2798,6
2459727.853497,-6.7512,-4.2989,14.2060,15.2021,16.9267,19.2798,6
2459727.870377,-3.5927,24.7923,14.2060,15.2021,16.9267,19.2798,6
2459727.897917,18.2017,16.3460,14.2060,15.2021,16.9267,19.2798,6
2459727.914567,-22.4326,28.5163,14.2060,15.2021,16.9267,19.2798,6
2459736.772267,-6.1390,13.6504,14.2060,15.2021,16.9267,19.2798,6
2459737.647287,6.0463,-31.2985,14.2060,15.2021,16.9267,19.2798,6
2459737.702067,29.7956,12.0282,14.2060,15.2021,16.9267,19.2798,6
2459741.665117,3.6891,-1.8501,14.2060,15.2021,16.9267,19.2798,6
2459742.625907,-13.0684,-20.3512,14.2060,15.2021,16.9267,19.2798,6
2459742.643117,-30.9789,18.9405,14.2060,15.2021,16.9267,19.2798,6
2459742.660627,-31.9519,-31.8297,14.2060,15.2021,16.9267,19.2798,6
2459742.696247,-1.6039,-5.1432,14.2060,15.2021,16.9267,19.2798,6
2459742.723807,4.5314,-14.3433,14.2060,15.2021,16.9267,19.2798,6
2459742.740597,-15.3825,13.3804,14.2060,15.2021,16.9267,19.2798,6
2459742.842027,39.3846,-27.2097,14.2060,15.2021,16.9267,19.2798,6
2459742.859097,13.2953,-8.9074,14.2060,15.2021,16.9267,19.2798,6
2459743.715187,-22.7782,-7.2591,14.2060,15.2021,16.9267,19.2798,6
2459748.646257,19.4738,-6.0821,14.2060,15.2021,16.9267,19.2798,6
2459749.591677,33.2532,-21.1696,14.2060,15.2021,16.9267,19.2798,6
2459749.787647,-19.0999,-10.6435,14.2060,15.2021,16.9267,19.2798,6
2459749.821617,-3.1407,2.9649,14.2060,15.2021,16.9267,19.2798,6
2459749.838067,-8.9392,15.0378,14.2060,15.2021,16.9267,19.2798,6
2459750.666787,-28.6740,25.3290,14.2060,15.2021,16.9267,19.2798,6
2459751.754767,21.8411,-33.3665,14.2060,15.2021,16.9267,19.2798,6
2459755.656247,-11.3315,2.0211,14.2060,15.2021,16.9267,19.2798,6
2459759.554967,8.0209,2.8363,14.2060,15.2021,16.9267,19.2798,6
2459759.573537,-5.8981,7.9084,14.2060,15.2021,16.9267,19.2798,6
2459759.594917,10.2274,13.8460,14.2060,15.2021,16.9267,19.2798,6
2459759.628987,-2.4856,5.8994,14.2060,15.2021,16.9267,19.2798,6
2459759.694017,-8.8157,-14.4845,14.2060,15.2021,16.9267,19.2798,6
2459759.716637,-41.8995,-3.2175,14.2060,15.2021,16.9267,19.2798,6
2459759.753347,-20.5646,3.0251,14.2060,15.2021,16.9267,19.2798,6
2459759.780297,8.4203,16.7491,14.2060,15.2021,16.9267,19.2798,6
2459759.798377,-14.1704,11.3169,14.2060,15.2021,16.9267,19.2798,6
2459759.832197,-31.7953,25.9074,14.2060,15.2021,16.9267,19.2798,6
2459760.506007,55.3069,9.4601,14.2060,15.2021,16.9267,19.2798,6
2459760.527557,16.0881,-20.6971,14.2060,15.2021,16.9267,19.2798,6
2459760.555527,0.1369,-16.4851,14.2060,15.2021,16.9267,19.2798,6
2459760.652937,-9.1528,-18.6844,14.2060,15.2021,16.9267,19.2798,6
2459760.670267,0.7550,-30.3011,14.2060,15.2021,16.9267,19.2798,6
2459760.687607,14.7994,3.7838,14.2060,15.2021,16.9267,19.2798,6
2459760.704627,4.1853,-20.9346,14.2060,15.2021,16.9267,19.2798,6
2459760.726157,-11.4682,-9.4446,14.2060,15.2021,16.9267,19.2798,6
2459760.743017,-4.4930,20.0481,14.2060,15.2021,16.9267,19.2798,6
2459760.798817,-9.7078,12.9505,14.2060,15.2021,16.9267,19.2798,6
2459760.815327,4.3676,18.6623,14.2060,15.2021,16.9267,19.2798,6
2459761.517837,39.2735,38.2608,14.2060,15.2021,16.9267,19.2798,6
2459761.545977,17.1380,-54.1103,14.2060,15.2021,16.9267,19.2798,6
2459761.563697,-13.8971,-22.7068,14.2060,15.2021,16.9267,19.2798,6
2459761.581937,-38.2317,-36.2826,14.2060,15.2021,16.9267,19.2798,6
2459761.599187,4.9402,11.2738,14.2060,15.2021,16.9267,19.2798,6
2459761.617427,-25.5017,27.9955,14.2060,15.2021,16.9267,19.2798,6
2459761.632537,18.2348,-38.4816,14.2060,15.2021,16.9267,19.2798,6
2459761.663507,-38.3543,9.0782,14.2060,15.2021,16.9267,19.2798,6
2459761.680357,0.9261,19.5987,14.2060,15.2021,16.9267,19.2798,6
2459761.741597,35.9400,-60.6163,14.2060,15.2021,16.9267,19.2798,6
2459761.791127,11.5723,-6.5451,14.2060,15.2021,16.9267,19.2798,6
2459761.808327,-20.1952,-8.5720,14.2060,15.2021,16.9267,19.2798,6
2459762.752577,29.4187,-15.5406,14.2060,15.2021,16.9267,19.2798,6
2459762.769617,-18.1411,14.9660,14.2060,15.2021,16.9267,19.2798,6
2459762.786247,-7.4753,17.6514,14.2060,15.2021,16.9267,19.2798,6
2459763.534847,29.5657,-28.4185,14.2060,15.2021,16.9267,19.2798,6
2459763.552077,10.8897,-39.0597,14.2060,15.2021,16.9267,19.2798,6
2459763.587557,55.8537,-28.0921,14.2060,15.2021,16.9267,19.2798,6
2459763.639227,14.4391,0.5424,14.2060,15.2021,16.9267,19.2798,6
2459763.660177,17.0520,12.7627,14.2060,15.2021,16.9267,19.2798,6
2459763.677657,11.6721,-0.0240,14.2060,15.2021,16.9267,19.2798,6
2459763.694867,14.6374,-31.1709,14.2060,15.2021,16.9267,19.2798,6
2459764.651437,-0.9182,-21.2002,14.2060,15.2021,16.9267,19.2798,6
2459764.703217,8.8481,33.0002,14.2060,15.2021,16.9267,19.2798,6
2459765.607677,0.3542,-25.2997,14.2060,15.2021,16.9267,19.2798,6
2459765.642797,-21.8622,-43.0727,14.2060,15.2021,16.9267,19.2798,6
2459765.660227,52.7587,-61.5575,14.2060,15.2021,16.9267,19.2798,6
2459765.677207,21.7411,-40.5395,14.2060,15.2021,16.9267,19.2798,6
2459765.721077,-4.9250,-22.2920,14.2060,15.2021,16.9267,19.2798,6
2459765.763517,-10.6026,-10.7852,14.2060,15.2021,16.9267,19.2798,6
2459766.721337,-20.1140,-3.1323,14.2060,15.2021,16.9267,19.2798,6
2459766.738107,-26.0451,-10.6972,14.2060,15.2021,16.9267,19.2798,6
2459766.772647,-17.7981,-65.6665,14.2060,15.2021,16.9267,19.2798,6
2459766.802317,-5.5659,10.7751,14.2060,15.2021,16.9267,19.2798,6
2459767.530467,49.0932,2.9459,14.2060,15.2021,16.9267,19.2798,6
2459767.558077,-3.7614,-17.1268,14.2060,15.2021,16.9267,19.2798,6
2459767.596597,43.7793,-19.9997,14.2060,15.2021,16.9267,19.2798,6
2459767.699447,47.2364,-16.6355,14.2060,15.2021,16.9267,19.2798,6
2459767.733727,12.4760,-2.5690,14.2060,15.2021,16.9267,19.2798,6
2459767.778687,-27.0793,-38.7128,14.2060,15.2021,16.9267,19.2798,6
2459767.795357,-8.4228,6.8608,14.2060,15.2021,16.9267,19.2798,6
2459769.540017,37.3967,13.1002,14.2060,15.2021,16.9267,19.2798,6
2459769.557417,3.9137,1.2066,14.2060,15.2021,16.9267,19.2798,6
2459769.595037,-31.2758,30.7964,14.2060,15.2021,16.9267,19.2798,6
2459769.657697,23.8547,-4.5479,14.2060,15.2021,16.9267,19.2798,6
2459769.694357,5.7499,25.6064,14.2060,15.2021,16.9267,19.2798,6
2459769.775207,-9.8172,-22.5703,14.2060,15.2021,16.9267,19.2798,6
2459769.809217,22.8680,-51.9778,14.2060,15.2021,16.9267,19.2798,6
2459789.532537,30.4468,4.2366,14.2060,15.2021,16.9267,19.2798,6
2459789.549847,37.5898,-15.8213,14.2060,15.2021,16.9267,19.2798,6
2459789.567447,25.1063,-22.3521,14.2060,15.2021,16.9267,19.2798,6
2459789.703497,33.6640,-32.0599,14.2060,15.2021,16.9267,19.2798,6
2459790.587147,1.5641,-17.6199,14.2060,15.2021,16.9267,19.2798,6
2459791.478287,30.6068,-0.0318,14.2060,15.2021,16.9267,19.2798,6
2459791.512987,28.6995,16.0221,14.2060,15.2021,16.9267,19.2798,6
2459791.560387,-3.2512,-4.6083,14.2060,15.2021,16.9267,19.2798,6
2459791.677697,0.7976,-33.7284,14.2060,15.2021,16.9267,19.2798,6
2459791.731807,-20.0205,-37.0200,14.2060,15.2021,16.9267,19.2798,6
2459792.497217,0.9970,0.0444,14.2060,15.2021,16.9267,19.2798,6
2459792.601387,-11.5729,-6.7944,14.2060,15.2021,16.9267,19.2798,6
2459792.637177,18.1682,-13.2249,14.2060,15.2021,16.9267,19.2798,6
2459792.671397,-6.9360,-14.1028,14.2060,15.2021,16.9267,19.2798,6
2459792.688547,-32.2267,-4.9352,14.2060,15.2021,16.9267,19.2798,6
2459792.743387,-14.3178,-4.3155,14.2060,15.2021,16.9267,19.2798,6
2459793.490447,-16.9746,-40.0181,14.2060,15.2021,16.9267,19.2798,6
2459793.507947,-21.2699,4.4982,14.2060,15.2021,16.9267,19.2798,6
2459793.525637,-5.4245,6.8645,14.2060,15.2021,16.9267,19.2798,6
2459793.571047,-21.8831,10.0277,14.2060,15.2021,16.9267,19.2798,6
2459793.588377,-4.9228,11.7773,14.2060,15.2021,16.9267,19.2798,6
2459793.610737,-10.5719,25.5754,14.2060,15.2021,16.9267,19.2798,6
2459793.645637,22.4738,-25.2742,14.2060,15.2021,16.9267,19.2798,6
2459793.703337,-6.1681,-12.6769,14.2060,15.2021,16.9267,19.2798,6
2459793.720247,17.9619,-31.5216,14.2060,15.2021,16.9267,19.2798,6
2459796.472827,-10.9490,-19.1695,14.2060,15.2021,16.9267,19.2798,6
2459796.492917,-22.2882,19.0986,14.2060,15.2021,16.9267,19.2798,6
2459796.524467,-12.9698,-3.0650,14.2060,15.2021,16.9267,19.2798,6
2459796.561407,10.6292,1.5359,14.2060,15.2021,16.9267,19.2798,6
2459796.625447,-12.5080,-3.4406,14.2060,15.2021,16.9267,19.2798,6
2459796.642627,13.0601,-13.2169,14.2060,15.2021,16.9267,19.2798,6
2459796.677527,-1.5515,-20.6418,14.2060,15.2021,16.9267,19.2798,6
2459796.694637,11.9930,25.1745,14.2060,15.2021,16.9267,19.2798,6
2459796.712747,-4.5983,1.1391,14.2060,15.2021,16.9267,19.2798,6
2459804.519467,7.6323,-7.7876,14.2060,15.2021,16.9267,19.2798,6
2459804.548557,12.5713,7.1031,14.2060,15.2021,16.9267,19.2798,6
2459804.566097,3.9303,4.2633,14.2060,15.2021,16.9267,19.2798,6
2459804.584237,-12.3092,-19.1543,14.2060,15.2021,16.9267,19.2798,6
2459805.528317,25.4082,-5.9928,14.2060,15.2021,16.9267,19.2798,6
2459805.545647,-2.7493,-5.6701,14.2060,15.2021,16.9267,19.2798,6
2459805.608387,-5.6519,-1.8764,14.2060,15.2021,16.9267,19.2798,6
2459805.625357,15.7992,-29.8716,14.2060,15.2021,16.9267,19.2798,6
2459805.659047,-3.4439,6.5990,14.2060,15.2021,16.9267,19.2798,6
2459805.675617,7.6373,-16.3133,14.2060,15.2021,16.9267,19.2798,6
2459805.692507,-22.4790,-3.0852,14.2060,15.2021,16.9267,19.2798,6
2459807.567237,1.6868,-22.6254,14.2060,15.2021,16.9267,19.2798,6
2459807.584587,-15.4162,-29.4472,14.2060,15.2021,16.9267,19.2798,6
2459807.663567,5.1161,15.6754,14.2060,15.2021,16.9267,19.2798,6
2459807.680427,5.4982,-23.1653,14.2060,15.2021,16.9267,19.2798,6
2459808.504247,1.2102,-2.2211,14.2060,15.2021,16.9267,19.2798,6
2459808.569817,-12.6355,17.2966,14.2060,15.2021,16.9267,19.2798,6
2459808.586737,-5.5644,10.0289,14.2060,15.2021,16.9267,19.2798,6
2459808.603847,16.5903,0.8549,14.2060,15.2021,16.9267,19.2798,6
2459808.636867,-25.1695,24.4545,14.2060,15.2021,16.9267,19.2798,6
2459810.468327,2.7381,13.2079,14.2060,15.2021,16.9267,19.2798,6
2459810.486607,-11.8111,-6.2155,14.2060,15.2021,16.9267,19.2798,6
2459810.523877,1.7210,-5.3866,14.2060,15.2021,16.9267,19.2798,6
2459810.562547,-24.1760,-15.4774,14.2060,15.2021,16.9267,19.2798,6
2459810.579427,-11.9715,20.9191,14.2060,15.2021,16.9267,19.2798,6
2459810.601887,14.2312,14.6528,14.2060,15.2021,16.9267,19.2798,6
2459810.619967,3.2200,2.5371,14.2060,15.2021,16.9267,19.2798,6
2459810.638187,3.3188,6.6669,14.2060,15.2021,16.9267,19.2798,6
2459810.670717,3.6598,-14.2170,14.2060,15.2021,16.9267,19.2798,6
2459810.687547,13.3666,-7.9235,14.2060,15.2021,16.9267,19.2798,6
2459811.473127,1.8182,-16.8132,14.2060,15.2021,16.9267,19.2798,6
2459811.490777,-9.3863,-11.4422,14.2060,15.2021,16.9267,19.2798,6
2459811.524877,2.9093,8.0594,14.2060,15.2021,16.9267,19.2798,6
2459811.541937,-7.7093,-3.7603,14.2060,15.2021,16.9267,19.2798,6
2459811.592117,-1.6238,1.1002,14.2060,15.2021,16.9267,19.2798,6
2459811.615377,12.7273,6.2742,14.2060,15.2021,16.9267,19.2798,6
2459811.638617,-13.9514,14.3064,14.2060,15.2021,16.9267,19.2798,6
2459811.684797,-21.9667,-20.8271,14.2060,15.2021,16.9267,19.2798,6
2459812.496377,11.0784,5.7258,14.2060,15.2021,16.9267,19.2798,6
2459812.568157,-12.9857,-4.0338,14.2060,15.2021,16.9267,19.2798,6
2459812.618507,-10.0398,3.7989,14.2060,15.2021,16.9267,19.2798,6
2459812.669707,-6.6174,-12.7057,14.2060,15.2021,16.9267,19.2798,6
2459812.686337,0.6008,7.4671,14.2060,15.2021,16.9267,19.2798,6
2459813.476527,-4.5856,-24.8236,14.2060,15.2021,16.9267,19.2798,6
2459813.494597,-1.4365,-4.8184,14.2060,15.2021,16.9267,19.2798,6
2459813.546867,-5.7100,10.2987,14.2060,15.2021,16.9267,19.2798,6
2459813.575887,3.1158,12.7924,14.2060,15.2021,16.9267,19.2798,6
2459813.592957,-16.5625,-10.7217,14.2060,15.2021,16.9267,19.2798,6
2459813.598817,-3.7249,-21.6832,14.2060,15.2021,16.9267,19.2798,6
2459813.629987,-20.8003,-19.1829,14.2060,15.2021,16.9267,19.2798,6
2459813.646747,-9.6564,8.9649,14.2060,15.2021,16.9267,19.2798,6
2459814.478977,8.6733,-8.2555,14.2060,15.2021,16.9267,19.2798,6
2459814.520607,-7.1274,-9.9753,14.2060,15.2021,16.9267,19.2798,6
2459814.567507,4.1579,-9.0564,14.2060,15.2021,16.9267,19.2798,6
2459814.597197,-20.0435,-12.7218,14.2060,15.2021,16.9267,19.2798,6
2459814.614087,3.1046,-14.3047,14.2060,15.2021,16.9267,19.2798,6
2459814.632437,-3.4084,23.9981,14.2060,15.2021,16.9267,19.2798,6
2459814.649547,14.9018,16.6650,14.2060,15.2021,16.9267,19.2798,6
2459815.499287,-1.1692,-6.0681,14.2060,15.2021,16.9267,19.2798,6
2459815.538847,-2.7631,1.6062,14.2060,15.2021,16.9267,19.2798,6
2459815.541687,7.8962,10.4513,14.2060,15.2021,16.9267,19.2798,6
2459815.558977,0.9170,19.7893,14.2060,15.2021,16.9267,19.2798,6
2459815.633767,3.3854,21.2096,14.2060,15.2021,16.9267,19.2798,6
2459816.539657,-8.7110,-3.1872,14.2060,15.2021,16.9267,19.2798,6
2459816.567337,-9.4213,3.3685,14.2060,15.2021,16.9267,19.2798,6
2459816.584477,-5.6012,-9.1142,14.2060,15.2021,16.9267,19.2798,6
2459816.611697,4.0560,-5.7173,14.2060,15.2021,16.9267,19.2798,6
2459816.633227,-19.8982,-13.5245,14.2060,15.2021,16.9267,19.2798,6
2459816.650057,0.4534,-15.4951,14.2060,15.2021,16.9267,19.2798,6
2459817.479327,3.8005,21.7682,14.2060,15.2021,16.9267,19.2798,6
2459817.509547,0.4424,7.3136,14.2060,15.2021,16.9267,19.2798,6
2459817.565977,-12.6255,-3.5393,14.2060,15.2021,16.9267,19.2798,6
2459817.582927,-0.4910,-14.1780,14.2060,15.2021,16.9267,19.2798,6
2459817.599807,16.7161,-5.8280,14.2060,15.2021,16.9267,19.2798,6
2459818.486157,10.7294,5.0681,14.2060,15.2021,16.9267,19.2798,6
2459818.503467,-13.0297,16.0074,14.2060,15.2021,16.9267,19.2798,6
2459818.531087,-19.4377,-6.1845,14.2060,15.2021,16.9267,19.2798,6
2459818.599457,-19.0540,-0.4280,14.2060,15.2021,16.9267,19.2798,6
2459818.631187,-9.0113,-4.7157,14.2060,15.2021,16.9267,19.2798,6
2459818.651977,-18.8103,14.6015,14.2060,15.2021,16.9267,19.2798,6
2459818.670507,-25.4211,-8.3730,14.2060,15.2021,16.9267,19.2798,6
2459819.487507,16.2712,6.7083,14.2060,15.2021,16.9267,19.2798,6
2459820.503767,-3.6427,9.3588,14.2060,15.2021,16.9267,19.2798,6
2459820.601757,11.9604,1.4345,14.2060,15.2021,16.9267,19.2798,6
2459820.618297,-17.6810,3.6809,14.2060,15.2021,16.9267,19.2798,6
2459820.635567,-19.0601,11.0367,14.2060,15.2021,16.9267,19.2798,6
2459820.653087,-27.7998,3.9215,14.2060,15.2021,16.9267,19.2798,6
2459821.492837,1.1479,9.3143,14.2060,15.2021,16.9267,19.2798,6
2459821.509737,-11.9174,-3.0238,14.2060,15.2021,16.9267,19.2798,6
2459821.526807,-0.5410,-29.0205,14.2060,15.2021,16.9267,19.2798,6
2459821.545537,-9.4152,-4.1887,14.2060,15.2021,16.9267,19.2798,6
2459821.612467,-15.5502,21.2045,14.2060,15.2021,16.9267,19.2798,6
2459821.631497,-2.2182,5.6295,14.2060,15.2021,16.9267,19.2798,6
2459821.652757,2.2214,-1.3501,14.2060,15.2021,16.9267,19.2798,6
2459822.495227,-7.6220,3.2420,14.2060,15.2021,16.9267,19.2798,6
2459822.556937,12.2435,-28.4861,14.2060,15.2021,16.9267,19.2798,6
2459822.590237,-5.0865,-15.5780,14.2060,15.2021,16.9267,19.2798,6
2459822.617277,-1.1853,11.2351,14.2060,15.2021,16.9267,19.2798,6
2459822.634497,-6.4189,4.2133,14.2060,15.2021,16.9267,19.2798,6
2459822.651657,3.4668,-3.2921,14.2060,15.2021,16.9267,19.2798,6
2459824.625307,22.3607,-13.1757,14.2060,15.2021,16.9267,19.2798,6
2459829.481827,-8.9555,9.9783,14.2060,15.2021,16.9267,19.2798,6
2459829.511897,-13.3611,-8.7090,14.2060,15.2021,16.9267,19.2798,6
2459832.509957,12.2402,-33.0109,14.2060,15.2021,16.9267,19.2798,6
2459833.513487,22.3447,-11.5509,14.2060,15.2021,16.9267,19.2798,6
2459834.505607,-34.4260,17.9808,14.2060,15.2021,16.9267,19.2798,6
2459834.522817,-11.1261,-3.1771,14.2060,15.2021,16.9267,19.2798,6
2459834.544757,-0.8399,47.7688,14.2060,15.2021,16.9267,19.2798,6
2459834.573617,25.2336,22.4806,14.2060,15.2021,16.9267,19.2798,6
2459834.590377,-26.9722,-48.0706,14.2060,15.2021,16.9267,19.2798,6
2459834.608897,1.4394,29.6504,14.2060,15.2021,16.9267,19.2798,6
2459835.509947,-32.0318,-37.7502,14.2060,15.2021,16.9267,19.2798,6
2459835.550427,-28.7735,37.9226,14.2060,15.2021,16.9267,19.2798,6
2459835.567537,26.7892,-50.5674,14.2060,15.2021,16.9267,19.2798,6
2459835.602437,-5.8259,7.2191,14.2060,15.2021,16.9267,19.2798,6
2459837.484627,-29.9944,7.3873,14.2060,15.2021,16.9267,19.2798,6
2459837.529597,-6.5747,-19.3590,14.2060,15.2021,16.9267,19.2798,6
2459837.562917,32.8489,-6.4229,14.2060,15.2021,16.9267,19.2798,6
2459837.623647,-16.0973,2.7977,14.2060,15.2021,16.9267,19.2798,6
2459838.502767,3.1589,-0.2321,14.2060,15.2021,16.9267,19.2798,6
2459838.570757,-13.9623,8.8698,14.2060,15.2021,16.9267,19.2798,6
2459842.543747,29.4435,24.1165,14.2060,15.2021,16.9267,19.2798,6
2459844.570397,19.6142,-29.6365,14.2060,15.2021,16.9267,19.2798,6
2459845.500007,-3.3476,6.1748,14.2060,15.2021,16.9267,19.2798,6
2459845.521277,-7.4954,15.0250,14.2060,15.2021,16.9267,19.2798,6
2459845.570117,-4.6004,6.0137,14.2060,15.2021,16.9267,19.2798,6
2459845.587247,0.8283,-6.9043,14.2060,15.2021,16.9267,19.2798,6
2459846.524987,-4.4405,5.3963,14.2060,15.2021,16.9267,19.2798,6
2459846.569297,-14.0393,-42.2364,14.2060,15.2021,16.9267,19.2798,6
2459848.517167,18.4154,5.4277,14.2060,15.2021,16.9267,19.2798,6
2459848.534077,-9.9117,36.9002,14.2060,15.2021,16.9267,19.2798,6
2459848.550777,-8.2416,23.9068,14.2060,15.2021,16.9267,19.2798,6
2459848.578037,26.4955,31.0654,14.2060,15.2021,16.9267,19.2798,6
2459849.539357,-29.3738,16.1790,14.2060,15.2021,16.9267,19.2798,6
2459851.504197,-9.7747,-1.6554,14.2060,15.2021,16.9267,19.2798,6
2459851.521287,21.5927,-28.2311,14.2060,15.2021,16.9267,19.2798,6
2459851.537867,-11.4049,55.3494,14.2060,15.2021,16.9267,19.2798,6
2459851.558007,11.1593,-39.6477,14.2060,15.2021,16.9267,19.2798,6
2459851.566437,-17.1452,-17.2758,14.2060,15.2021,16.9267,19.2798,6
2459852.502187,-7.8724,6.3336,14.2060,15.2021,16.9267,19.2798,6
2459852.523177,22.9034,-2.0058,14.2060,15.2021,16.9267,19.2798,6
2459852.540287,6.6009,-33.9065,14.2060,15.2021,16.9267,19.2798,6
2459852.575817,11.7551,39.4568,14.2060,15.2021,16.9267,19.2798,6
2459853.524597,-9.2476,-18.2539,14.2060,15.2021,16.9267,19.2798,6
2459859.516247,-1.6011,16.0242,14.2060,15.2021,16.9267,19.2798,6
2459859.533117,-10.0538,25.6031,14.2060,15.2021,16.9267,19.2798,6
2459864.507827,6.3708,-0.3642,14.2060,15.2021,16.9267,19.2798,6
2459865.517287,22.6866,-20.5152,14.2060,15.2021,16.9267,19.2798,6
2459865.545317,8.1775,28.6084,14.2060,15.2021,16.9267,19.2798,6
2459866.499197,-8.2838,21.8308,14.2060,15.2021,16.9267,19.2798,6
2459866.517177,-5.6264,8.9205,14.2060,15.2021,16.9267,19.2798,6
2459867.521457,5.7043,20.0188,14.2060,15.2021,16.9267,19.2798,6
2459867.537947,-0.8744,1.8579,14.2060,15.2021,16.9267,19.2798,6
2459868.509667,4.3300,15.8726,14.2060,15.2021,16.9267,19.2798,6
2459995.863897,18.9627,-21.5247,14.2060,15.2021,12.9975,14.2020,7
2459995.881297,17.0459,12.9101,14.2060,15.2021,12.9975,14.2020,7
2459997.857797,-17.5323,22.2093,14.2060,15.2021,12.9975,14.2020,7
2459997.875417,18.2792,16.9212,14.2060,15.2021,12.9975,14.2020,7
2459997.893277,9.1043,-49.9595,14.2060,15.2021,12.9975,14.2020,7
2459999.857997,5.8825,-8.5300,14.2060,15.2021,12.9975,14.2020,7
2459999.875247,-11.2098,28.8848,14.2060,15.2021,12.9975,14.2020,7
2459999.892997,5.3709,-23.3481,14.2060,15.2021,12.9975,14.2020,7
2460000.892057,12.9877,16.7930,14.2060,15.2021,12.9975,14.2020,7
2460001.859917,3.8991,-10.2381,14.2060,15.2021,12.9975,14.2020,7
2460001.877587,16.5915,-8.9369,14.2060,15.2021,12.9975,14.2020,7
2460002.851987,2.9242,-22.9020,14.2060,15.2021,12.9975,14.2020,7
2460003.842887,27.1120,-25.8280,14.2060,15.2021,12.9975,14.2020,7
2460003.877887,-4.1931,13.0710,14.2060,15.2021,12.9975,14.2020,7
2460004.888037,-11.4713,-8.6975,14.2060,15.2021,12.9975,14.2020,7
2460005.845257,10.7346,-27.6413,14.2060,15.2021,12.9975,14.2020,7
2460005.862587,-3.4116,-8.3006,14.2060,15.2021,12.9975,14.2020,7
2460005.890397,4.8881,2.8678,14.2060,15.2021,12.9975,14.2020,7
2460006.831177,22.5615,-38.8745,14.2060,15.2021,12.9975,14.2020,7
2460006.848697,20.5841,-8.5994,14.2060,15.2021,12.9975,14.2020,7
2460006.867727,-5.0427,19.5138,14.2060,15.2021,12.9975,14.2020,7
2460007.833027,-23.6156,-2.6274,14.2060,15.2021,12.9975,14.2020,7
2460007.850717,2.0685,13.5733,14.2060,15.2021,12.9975,14.2020,7
2460007.867937,-24.2371,-19.1357,14.2060,15.2021,12.9975,14.2020,7
2460007.884707,-13.3069,-6.0778,14.2060,15.2021,12.9975,14.2020,7
2460011.876057,-6.8872,12.9235,14.2060,15.2021,12.9975,14.2020,7
2460012.872187,-25.7588,-17.4531,14.2060,15.2021,12.9975,14.2020,7
2460012.889887,-21.4365,23.6064,14.2060,15.2021,12.9975,14.2020,7
2460014.884187,-12.2409,-14.1136,14.2060,15.2021,12.9975,14.2020,7
2460019.802747,-16.9544,-20.6037,14.2060,15.2021,12.9975,14.2020,7
2460019.820097,29.6501,-4.5356,14.2060,15.2021,12.9975,14.2020,7
2460019.841247,-5.2094,-2.3153,14.2060,15.2021,12.9975,14.2020,7
2460019.875707,8.2102,-22.4280,14.2060,15.2021,12.9975,14.2020,7
2460020.800917,-19.7407,-24.7659,14.2060,15.2021,12.9975,14.2020,7
2460020.818547,-1.5481,2.3533,14.2060,15.2021,12.9975,14.2020,7
2460021.810577,7.9957,-15.9904,14.2060,15.2021,12.9975,14.2020,7
2460021.857887,-15.6952,-13.7402,14.2060,15.2021,12.9975,14.2020,7
2460021.861447,-12.6317,12.1105,14.2060,15.2021,12.9975,14.2020,7
2460022.831497,13.2219,1.7932,14.2060,15.2021,12.9975,14.2020,7
2460023.793257,-18.7215,8.7046,14.2060,15.2021,12.9975,14.2020,7
2460023.845687,-13.6969,9.2942,14.2060,15.2021,12.9975,14.2020,7
2460023.890637,-12.8415,13.8864,14.2060,15.2021,12.9975,14.2020,7
2460024.842007,13.1531,15.5000,14.2060,15.2021,12.9975,14.2020,7
2460024.877157,-24.2840,1.2213,14.2060,15.2021,12.9975,14.2020,7
2460025.789717,-0.6952,-11.1482,14.2060,15.2021,12.9975,14.2020,7
2460025.807577,14.4493,-15.1433,14.2060,15.2021,12.9975,14.2020,7
2460025.825057,6.2192,-7.2270,14.2060,15.2021,12.9975,14.2020,7
2460025.849717,8.7785,-9.7169,14.2060,15.2021,12.9975,14.2020,7
2460025.901617,-18.5950,-3.1750,14.2060,15.2021,12.9975,14.2020,7
2460026.830817,12.2451,9.6055,14.2060,15.2021,12.9975,14.2020,7
2460026.848357,3.5758,-23.7113,14.2060,15.2021,12.9975,14.2020,7
2460026.865577,7.8976,-9.0361,14.2060,15.2021,12.9975,14.2020,7
2460026.900377,6.2418,-13.2874,14.2060,15.2021,12.9975,14.2020,7
2460027.780427,23.9373,14.9952,14.2060,15.2021,12.9975,14.2020,7
2460027.798027,13.9283,13.2550,14.2060,15.2021,12.9975,14.2020,7
2460027.833557,11.9948,6.1222,14.2060,15.2021,12.9975,14.2020,7
2460027.870267,-1.9287,8.9804,14.2060,15.2021,12.9975,14.2020,7
2460027.902627,-8.7436,3.4819,14.2060,15.2021,12.9975,14.2020,7
2460027.920017,-0.8074,-16.3835,14.2060,15.2021,12.9975,14.2020,7
2460028.844237,1.0825,-2.3042,14.2060,15.2021,12.9975,14.2020,7
2460028.861827,-0.5456,-20.5381,14.2060,15.2021,12.9975,14.2020,7
2460028.879777,-13.6394,-19.8262,14.2060,15.2021,12.9975,14.2020,7
2460028.897467,2.6129,20.6906,14.2060,15.2021,12.9975,14.2020,7
2460028.915637,-22.3897,4.9458,14.2060,15.2021,12.9975,14.2020,7
2460029.799127,-15.3738,5.2467,14.2060,15.2021,12.9975,14.2020,7
2460029.816867,-12.9282,-3.8447,14.2060,15.2021,12.9975,14.2020,7
2460029.833937,27.0929,-0.6727,14.2060,15.2021,12.9975,14.2020,7
2460029.851397,5.1411,-21.5193,14.2060,15.2021,12.9975,14.2020,7
2460030.777997,-27.6031,-12.3290,14.2060,15.2021,12.9975,14.2020,7
2460030.811877,-21.2713,-4.7122,14.2060,15.2021,12.9975,14.2020,7
2460030.860157,-19.5689,-4.5809,14.2060,15.2021,12.9975,14.2020,7
2460030.895367,-1.3550,-2.5202,14.2060,15.2021,12.9975,14.2020,7
2460031.834707,10.9565,0.7213,14.2060,15.2021,12.9975,14.2020,7
2460031.852097,-15.1066,-11.4610,14.2060,15.2021,12.9975,14.2020,7
2460031.869407,10.2838,1.8370,14.2060,15.2021,12.9975,14.2020,7
2460031.906017,-7.1175,-0.4512,14.2060,15.2021,12.9975,14.2020,7
2460032.776117,3.6783,9.9588,14.2060,15.2021,12.9975,14.2020,7
2460032.798697,23.4572,-1.8474,14.2060,15.2021,12.9975,14.2020,7
2460032.817847,-17.3691,-3.8057,14.2060,15.2021,12.9975,14.2020,7
2460032.848007,-10.5428,2.2370,14.2060,15.2021,12.9975,14.2020,7
2460033.876467,-9.4947,4.1734,14.2060,15.2021,12.9975,14.2020,7
2460033.896997,-22.1358,-25.5614,14.2060,15.2021,12.9975,14.2020,7
2460034.833587,-14.8210,-4.3065,14.2060,15.2021,12.9975,14.2020,7
2460034.873957,10.8418,21.0857,14.2060,15.2021,12.9975,14.2020,7
2460034.901887,6.4185,21.4362,14.2060,15.2021,12.9975,14.2020,7
2460035.749727,-21.3179,3.5486,14.2060,15.2021,12.9975,14.2020,7
2460035.785517,-2.2402,9.4147,14.2060,15.2021,12.9975,14.2020,7
2460035.814007,17.0246,-15.8441,14.2060,15.2021,12.9975,14.2020,7
2460035.832007,-8.4568,0.1958,14.2060,15.2021,12.9975,14.2020,7
2460035.874857,-5.9192,16.6309,14.2060,15.2021,12.9975,14.2020,7
2460035.891877,-13.8354,13.5468,14.2060,15.2021,12.9975,14.2020,7
2460036.747597,-0.3191,-15.7545,14.2060,15.2021,12.9975,14.2020,7
2460036.765047,-13.2070,-10.2802,14.2060,15.2021,12.9975,14.2020,7
2460036.782727,-0.3592,-6.4754,14.2060,15.2021,12.9975,14.2020,7
2460036.800227,-23.7621,-4.4598,14.2060,15.2021,12.9975,14.2020,7
2460036.895167,-3.3495,-7.4498,14.2060,15.2021,12.9975,14.2020,7
2460036.911687,-17.7785,14.8020,14.2060,15.2021,12.9975,14.2020,7
2460037.778437,-5.1227,-20.7870,14.2060,15.2021,12.9975,14.2020,7
2460037.797847,-12.1606,19.4712,14.2060,15.2021,12.9975,14.2020,7
2460037.832927,-4.1040,-18.8528,14.2060,15.2021,12.9975,14.2020,7
2460037.878107,-15.0819,6.6320,14.2060,15.2021,12.9975,14.2020,7
2460037.895557,2.1445,7.3773,14.2060,15.2021,12.9975,14.2020,7
2460037.898427,-9.0920,4.5850,14.2060,15.2021,12.9975,14.2020,7
2460037.915427,0.1671,2.0662,14.2060,15.2021,12.9975,14.2020,7
2460041.776657,-4.5045,0.7368,14.2060,15.2021,12.9975,14.2020,7
2460041.794657,1.4316,-9.7378,14.2060,15.2021,12.9975,14.2020,7
2460041.811597,-26.0377,-8.9851,14.2060,15.2021,12.9975,14.2020,7
2460041.828957,18.8644,-8.9333,14.2060,15.2021,12.9975,14.2020,7
2460041.846167,-25.1740,21.7863,14.2060,15.2021,12.9975,14.2020,7
2460041.891067,-2.4427,0.0250,14.2060,15.2021,12.9975,14.2020,7
2460042.737357,7.1334,5.0602,14.2060,15.2021,12.9975,14.2020,7
2460042.783187,19.6924,-23.3670,14.2060,15.2021,12.9975,14.2020,7
2460042.820637,9.3437,7.8962,14.2060,15.2021,12.9975,14.2020,7
2460042.847607,-10.6386,11.0278,14.2060,15.2021,12.9975,14.2020,7
2460042.866267,3.2174,12.1890,14.2060,15.2021,12.9975,14.2020,7
2460042.883707,-8.1957,-12.3448,14.2060,15.2021,12.9975,14.2020,7
2460043.852417,2.5711,-1.0745,14.2060,15.2021,12.9975,14.2020,7
2460044.886487,-5.2444,-8.6543,14.2060,15.2021,12.9975,14.2020,7
2460047.717247,4.5668,-30.4611,14.2060,15.2021,12.9975,14.2020,7
2460047.750827,-1.5497,-9.5687,14.2060,15.2021,12.9975,14.2020,7
2460047.778137,-3.7228,-4.7685,14.2060,15.2021,12.9975,14.2020,7
2460047.830807,-8.5669,-23.6743,14.2060,15.2021,12.9975,14.2020,7
2460047.898007,-1.0680,14.4578,14.2060,15.2021,12.9975,14.2020,7
2460047.918447,-15.9239,3.4469,14.2060,15.2021,12.9975,14.2020,7
2460048.748257,9.8297,-30.2011,14.2060,15.2021,12.9975,14.2020,7
2460048.765447,-14.4638,-1.5794,14.2060,15.2021,12.9975,14.2020,7
2460048.768367,6.5624,8.0731,14.2060,15.2021,12.9975,14.2020,7
2460048.820777,10.9090,25.6728,14.2060,15.2021,12.9975,14.2020,7
2460048.838497,-13.4910,7.3518,14.2060,15.2021,12.9975,14.2020,7
2460048.904207,-18.3777,-13.2215,14.2060,15.2021,12.9975,14.2020,7
2460048.921237,-17.3220,-21.0833,14.2060,15.2021,12.9975,14.2020,7
2460049.753027,-8.1067,12.5383,14.2060,15.2021,12.9975,14.2020,7
2460049.781197,-6.4397,22.7732,14.2060,15.2021,12.9975,14.2020,7
2460049.817107,-8.1155,-2.2864,14.2060,15.2021,12.9975,14.2020,7
2460050.720177,11.4319,-10.3235,14.2060,15.2021,12.9975,14.2020,7
2460050.757127,14.2247,-16.7944,14.2060,15.2021,12.9975,14.2020,7
2460050.779897,-11.4648,6.9522,14.2060,15.2021,12.9975,14.2020,7
2460050.801117,12.2528,-10.7541,14.2060,15.2021,12.9975,14.2020,7
2460050.818647,-8.6424,15.0844,14.2060,15.2021,12.9975,14.2020,7
2460050.867877,10.9836,-19.8725,14.2060,15.2021,12.9975,14.2020,7
2460050.884837,-4.4172,1.1926,14.2060,15.2021,12.9975,14.2020,7
2460051.746527,-2.1463,-19.5983,14.2060,15.2021,12.9975,14.2020,7
2460051.785297,2.2163,-19.8936,14.2060,15.2021,12.9975,14.2020,7
2460051.855147,-10.0360,2.4353,14.2060,15.2021,12.9975,14.2020,7
2460051.872457,-2.0017,-5.9309,14.2060,15.2021,12.9975,14.2020,7
2460052.796157,7.3570,-16.2030,14.2060,15.2021,12.9975,14.2020,7
2460053.779567,-5.3145,4.7870,14.2060,15.2021,12.9975,14.2020,7
2460053.807307,-1.1619,-11.3729,14.2060,15.2021,12.9975,14.2020,7
2460053.824587,-8.6921,-24.8428,14.2060,15.2021,12.9975,14.2020,7
2460053.895597,2.7782,-11.1813,14.2060,15.2021,12.9975,14.2020,7
2460054.710507,-3.3462,-22.8236,14.2060,15.2021,12.9975,14.2020,7
2460054.727757,10.0507,22.2602,14.2060,15.2021,12.9975,14.2020,7
2460054.745637,1.5193,10.2386,14.2060,15.2021,12.9975,14.2020,7
2460054.773867,5.7157,3.3430,14.2060,15.2021,12.9975,14.2020,7
2460054.809517,-9.2782,12.4281,14.2060,15.2021,12.9975,14.2020,7
2460054.827207,13.1935,-26.1795,14.2060,15.2021,12.9975,14.2020,7
2460054.887907,-14.8727,16.6864,14.2060,15.2021,12.9975,14.2020,7
2460056.729997,13.1468,-3.9043,14.2060,15.2021,12.9975,14.2020,7
2460056.732887,0.8878,-9.4369,14.2060,15.2021,12.9975,14.2020,7
2460056.750137,-2.4163,6.6715,14.2060,15.2021,12.9975,14.2020,7
2460056.820837,-13.3457,-21.8477,14.2060,15.2021,12.9975,14.2020,7
2460056.849037,8.7576,-10.8334,14.2060,15.2021,12.9975,14.2020,7
2460056.866217,-12.4140,8.0076,14.2060,15.2021,12.9975,14.2020,7
2460056.910347,-14.7843,-3.5445,14.2060,15.2021,12.9975,14.2020,7
2460056.929627,3.9595,-2.1868,14.2060,15.2021,12.9975,14.2020,7
2460057.826197,-6.8520,-31.5924,14.2060,15.2021,12.9975,14.2020,7
2460057.921217,3.8952,-9.6905,14.2060,15.2021,12.9975,14.2020,7
2460058.795067,-11.1502,4.9031,14.2060,15.2021,12.9975,14.2020,7
2460058.812367,9.6785,0.7483,14.2060,15.2021,12.9975,14.2020,7
2460058.830127,19.3961,25.4453,14.2060,15.2021,12.9975,14.2020,7
2460058.892967,10.3525,17.4971,14.2060,15.2021,12.9975,14.2020,7
2460058.910377,0.4283,-5.8749,14.2060,15.2021,12.9975,14.2020,7
2460059.718257,-1.5552,-18.2819,14.2060,15.2021,12.9975,14.2020,7
2460059.736007,-4.8933,4.7553,14.2060,15.2021,12.9975,14.2020,7
2460059.753527,-7.2333,-21.3311,14.2060,15.2021,12.9975,14.2020,7
2460059.788627,-4.9851,-10.8400,14.2060,15.2021,12.9975,14.2020,7
2460059.851487,0.6297,13.4088,14.2060,15.2021,12.9975,14.2020,7
2460059.890007,17.0768,-2.3416,14.2060,15.2021,12.9975,14.2020,7
2460059.907497,16.8771,12.0734,14.2060,15.2021,12.9975,14.2020,7
2460061.729697,-17.1453,3.5545,14.2060,15.2021,12.9975,14.2020,7
2460061.749657,10.9660,4.8403,14.2060,15.2021,12.9975,14.2020,7
2460061.766907,-21.9322,-3.0083,14.2060,15.2021,12.9975,14.2020,7
2460061.784307,-7.7361,9.3749,14.2060,15.2021,12.9975,14.2020,7
2460061.850407,-15.5178,6.2350,14.2060,15.2021,12.9975,14.2020,7
2460061.885017,-3.5993,-2.7242,14.2060,15.2021,12.9975,14.2020,7
2460061.912827,-15.0531,-5.1309,14.2060,15.2021,12.9975,14.2020,7
2460062.682237,4.2579,-26.5157,14.2060,15.2021,12.9975,14.2020,7
2460062.775137,-12.2253,-12.7484,14.2060,15.2021,12.9975,14.2020,7
2460062.809387,-7.6311,7.4429,14.2060,15.2021,12.9975,14.2020,7
2460063.699997,-8.8319,-0.5775,14.2060,15.2021,12.9975,14.2020,7
2460063.717837,-4.9514,8.1884,14.2060,15.2021,12.9975,14.2020,7
2460063.735797,-12.0830,7.5947,14.2060,15.2021,12.9975,14.2020,7
2460063.753037,-11.0471,5.1957,14.2060,15.2021,12.9975,14.2020,7
2460063.770067,3.9472,13.6597,14.2060,15.2021,12.9975,14.2020,7
2460063.817547,0.5132,3.4101,14.2060,15.2021,12.9975,14.2020,7
2460063.858937,2.7912,-6.8993,14.2060,15.2021,12.9975,14.2020,7
2460063.908897,-24.8949,-27.8929,14.2060,15.2021,12.9975,14.2020,7
2460064.746807,0.1827,-12.3175,14.2060,15.2021,12.9975,14.2020,7
2460064.749487,-11.5426,22.0869,14.2060,15.2021,12.9975,14.2020,7
2460064.769527,-3.5322,-30.3614,14.2060,15.2021,12.9975,14.2020,7
2460064.809967,-23.7053,12.3920,14.2060,15.2021,12.9975,14.2020,7
2460064.827287,13.3943,-17.5092,14.2060,15.2021,12.9975,14.2020,7
2460064.855027,-11.0144,-2.2856,14.2060,15.2021,12.9975,14.2020,7
2460064.873197,14.4703,-7.7514,14.2060,15.2021,12.9975,14.2020,7
2460064.894327,13.7982,5.2682,14.2060,15.2021,12.9975,14.2020,7
2460064.911587,-4.8007,12.6877,14.2060,15.2021,12.9975,14.2020,7
2460065.680867,-24.5777,21.7218,14.2060,15.2021,12.9975,14.2020,7
2460065.698007,13.9517,8.2462,14.2060,15.2021,12.9975,14.2020,7
2460065.734427,11.4537,-3.7548,14.2060,15.2021,12.9975,14.2020,7
2460065.755747,-25.3384,8.1082,14.2060,15.2021,12.9975,14.2020,7
2460065.786547,10.8773,-29.2594,14.2060,15.2021,12.9975,14.2020,7
2460065.803697,-4.5404,-20.9297,14.2060,15.2021,12.9975,14.2020,7
2460065.820607,8.6833,8.7181,14.2060,15.2021,12.9975,14.2020,7
2460065.840147,-4.7859,-0.3782,14.2060,15.2021,12.9975,14.2020,7
2460065.857007,2.7703,9.6741,14.2060,15.2021,12.9975,14.2020,7
2460065.875107,6.8626,2.9126,14.2060,15.2021,12.9975,14.2020,7
2460065.902597,-2.1212,6.2049,14.2060,15.2021,12.9975,14.2020,7
2460065.919447,-5.2941,-1.6592,14.2060,15.2021,12.9975,14.2020,7
2460066.710397,-0.9615,-9.6116,14.2060,15.2021,12.9975,14.2020,7
2460066.763147,-18.9307,-10.4315,14.2060,15.2021,12.9975,14.2020,7
2460066.808047,-0.2924,1.9189,14.2060,15.2021,12.9975,14.2020,7
2460066.825667,8.9019,19.7322,14.2060,15.2021,12.9975,14.2020,7
2460066.843487,-12.3061,7.3003,14.2060,15.2021,12.9975,14.2020,7
2460066.863227,11.9599,6.4125,14.2060,15.2021,12.9975,14.2020,7
2460066.882387,-4.8833,10.0609,14.2060,15.2021,12.9975,14.2020,7
2460066.911397,3.8079,25.3173,14.2060,15.2021,12.9975,14.2020,7
2460066.928397,-24.7898,22.0721,14.2060,15.2021,12.9975,14.2020,7
2460067.691687,-10.3862,-24.4228,14.2060,15.2021,12.9975,14.2020,7
2460067.711907,5.2421,7.3666,14.2060,15.2021,12.9975,14.2020,7
2460067.739857,-16.3612,-5.3964,14.2060,15.2021,12.9975,14.2020,7
2460067.766307,14.8845,-12.7898,14.2060,15.2021,12.9975,14.2020,7
2460067.879467,-0.8581,17.7642,14.2060,15.2021,12.9975,14.2020,7
2460067.896177,-1.7416,-8.9468,14.2060,15.2021,12.9975,14.2020,7
2460067.913747,-6.1613,9.1274,14.2060,15.2021,12.9975,14.2020,7
2460067.930947,-20.1488,18.8697,14.2060,15.2021,12.9975,14.2020,7
2460068.749627,16.8162,-4.3012,14.2060,15.2021,12.9975,14.2020,7
2460068.794297,-27.0710,4.7896,14.2060,15.2021,12.9975,14.2020,7
2460070.746147,-3.5511,-3.1427,14.2060,15.2021,12.9975,14.2020,7
2460070.763867,-9.9200,12.3074,14.2060,15.2021,12.9975,14.2020,7
2460070.780887,-14.6056,-11.3854,14.2060,15.2021,12.9975,14.2020,7
2460070.798217,-27.6372,-12.6103,14.2060,15.2021,12.9975,14.2020,7
2460070.829427,-14.4014,-10.5538,14.2060,15.2021,12.9975,14.2020,7
2460074.805307,2.6516,4.1593,14.2060,15.2021,12.9975,14.2020,7
2460074.841357,-10.2901,11.5462,14.2060,15.2021,12.9975,14.2020,7
2460075.671217,-11.7707,-1.3832,14.2060,15.2021,12.9975,14.2020,7
2460075.705627,16.5198,3.4649,14.2060,15.2021,12.9975,14.2020,7
2460075.843187,8.8009,14.5821,14.2060,15.2021,12.9975,14.2020,7
2460075.859897,-25.8405,-12.2287,14.2060,15.2021,12.9975,14.2020,7
2460075.887017,1.0594,15.2546,14.2060,15.2021,12.9975,14.2020,7
2460075.920417,-0.4233,-12.1062,14.2060,15.2021,12.9975,14.2020,7
2460076.644577,3.1414,-25.7130,14.2060,15.2021,12.9975,14.2020,7
2460076.729597,19.1241,8.3026,14.2060,15.2021,12.9975,14.2020,7
2460076.751457,-26.0228,-5.0546,14.2060,15.2021,12.9975,14.2020,7
2460076.798887,-21.6458,-8.5662,14.2060,15.2021,12.9975,14.2020,7
2460076.894057,-0.5641,-6.5172,14.2060,15.2021,12.9975,14.2020,7
2460077.724937,-13.2051,-6.3761,14.2060,15.2021,12.9975,14.2020,7
2460077.793127,-8.3109,-16.1298,14.2060,15.2021,12.9975,14.2020,7
2460077.878987,-10.8238,3.8754,14.2060,15.2021,12.9975,14.2020,7
2460077.896307,-23.5048,-7.7137,14.2060,15.2021,12.9975,14.2020,7
2460078.655987,19.7012,2.2552,14.2060,15.2021,12.9975,14.2020,7
2460078.692647,9.8128,-0.4217,14.2060,15.2021,12.9975,14.2020,7
2460078.780167,-5.4110,2.7487,14.2060,15.2021,12.9975,14.2020,7
2460078.831967,-9.5527,-1.4529,14.2060,15.2021,12.9975,14.2020,7
2460078.881137,-0.1244,0.9386,14.2060,15.2021,12.9975,14.2020,7
2460078.898167,-14.5219,14.9210,14.2060,15.2021,12.9975,14.2020,7
2460078.914847,-4.3346,9.7892,14.2060,15.2021,12.9975,14.2020,7
2460079.670017,-3.1679,-5.6037,14.2060,15.2021,12.9975,14.2020,7
2460079.687167,-17.1327,12.5020,14.2060,15.2021,12.9975,14.2020,7
2460079.722197,-11.7345,-19.8009,14.2060,15.2021,12.9975,14.2020,7
2460079.754147,-6.4942,-15.6368,14.2060,15.2021,12.9975,14.2020,7
2460079.821847,-27.9149,-18.0173,14.2060,15.2021,12.9975,14.2020,7
2460080.651297,12.4351,11.8659,14.2060,15.2021,12.9975,14.2020,7
2460080.688507,15.4232,6.6409,14.2060,15.2021,12.9975,14.2020,7
2460080.733987,7.8792,7.6508,14.2060,15.2021,12.9975,14.2020,7
2460080.751247,-9.9865,-5.8375,14.2060,15.2021,12.9975,14.2020,7
2460080.785727,-2.3529,16.6860,14.2060,15.2021,12.9975,14.2020,7
2460080.836167,3.4189,-12.2423,14.2060,15.2021,12.9975,14.2020,7
2460080.909657,2.0846,12.9984,14.2060,15.2021,12.9975,14.2020,7
2460082.633837,6.5072,-18.6677,14.2060,15.2021,12.9975,14.2020,7
2460082.691347,-16.0547,-12.0695,14.2060,15.2021,12.9975,14.2020,7
2460082.737827,11.7583,-9.6553,14.2060,15.2021,12.9975,14.2020,7
2460082.849787,-17.5231,4.4246,14.2060,15.2021,12.9975,14.2020,7
2460082.867127,7.3612,8.3876,14.2060,15.2021,12.9975,14.2020,7
2460082.900527,2.3140,0.8924,14.2060,15.2021,12.9975,14.2020,7
2460083.781667,1.3824,10.1313,14.2060,15.2021,12.9975,14.2020,7
2460083.811107,-22.9515,-1.8352,14.2060,15.2021,12.9975,14.2020,7
2460084.713487,-0.3475,-1.8993,14.2060,15.2021,12.9975,14.2020,7
2460084.750687,-18.8669,-0.6785,14.2060,15.2021,12.9975,14.2020,7
2460085.698697,14.2496,-8.5336,14.2060,15.2021,12.9975,14.2020,7
2460085.734317,14.3507,-30.5337,14.2060,15.2021,12.9975,14.2020,7
2460087.700447,-2.5940,-1.9123,14.2060,15.2021,12.9975,14.2020,7
2460087.830187,4.0286,17.4477,14.2060,15.2021,12.9975,14.2020,7
2460087.847047,-15.3841,9.4736,14.2060,15.2021,12.9975,14.2020,7
2460087.863447,-29.8175,-5.0977,14.2060,15.2021,12.9975,14.2020,7
2460088.726207,-11.4465,-16.6063,14.2060,15.2021,12.9975,14.2020,7
2460088.872807,-28.0290,-22.4959,14.2060,15.2021,12.9975,14.2020,7
2460089.607437,-4.5280,-27.3082,14.2060,15.2021,12.9975,14.2020,7
2460089.627397,-15.2731,-21.8035,14.2060,15.2021,12.9975,14.2020,7
2460089.649007,-5.9962,11.0763,14.2060,15.2021,12.9975,14.2020,7
2460089.666897,-13.3678,12.1906,14.2060,15.2021,12.9975,14.2020,7
2460089.684107,5.4741,8.5762,14.2060,15.2021,12.9975,14.2020,7
2460089.807407,-3.7751,9.7507,14.2060,15.2021,12.9975,14.2020,7
2460089.834917,-7.9268,22.6211,14.2060,15.2021,12.9975,14.2020,7
2460089.852457,-14.0136,-4.5236,14.2060,15.2021,12.9975,14.2020,7
2460089.869827,12.8274,9.4056,14.2060,15.2021,12.9975,14.2020,7
2460089.886997,-24.8365,-25.7412,14.2060,15.2021,12.9975,14.2020,7
2460089.903907,-16.6730,-24.0140,14.2060,15.2021,12.9975,14.2020,7
2460090.839277,-1.4931,12.0584,14.2060,15.2021,12.9975,14.2020,7
2460090.884657,22.0630,-0.6366,14.2060,15.2021,12.9975,14.2020,7
2460091.671387,-10.0686,12.3121,14.2060,15.2021,12.9975,14.2020,7
2460091.710217,-3.7694,-5.5591,14.2060,15.2021,12.9975,14.2020,7
2460091.756367,-17.2251,-14.8769,14.2060,15.2021,12.9975,14.2020,7
2460091.775277,-28.3730,19.7380,14.2060,15.2021,12.9975,14.2020,7
2460091.791967,-12.3663,-4.2673,14.2060,15.2021,12.9975,14.2020,7
2460092.639527,-13.4014,-1.9848,14.2060,15.2021,12.9975,14.2020,7
2460092.657047,7.0496,-19.1579,14.2060,15.2021,12.9975,14.2020,7
2460092.674787,-19.9861,1.4407,14.2060,15.2021,12.9975,14.2020,7
2460092.691767,-6.5282,-20.7739,14.2060,15.2021,12.9975,14.2020,7
2460092.709487,-2.7840,-2.7315,14.2060,15.2021,12.9975,14.2020,7
2460093.872737,1.1975,-5.2424,14.2060,15.2021,12.9975,14.2020,7
2460094.595397,9.7350,-30.5252,14.2060,15.2021,12.9975,14.2020,7
2460094.612447,-20.4337,-0.1083,14.2060,15.2021,12.9975,14.2020,7
2460094.689557,-1.2776,18.3586,14.2060,15.2021,12.9975,14.2020,7
2460094.708577,-8.5882,-16.6665,14.2060,15.2021,12.9975,14.2020,7
2460094.771307,-7.9409,4.6096,14.2060,15.2021,12.9975,14.2020,7
2460094.826637,5.0167,2.7091,14.2060,15.2021,12.9975,14.2020,7
2460094.844617,-2.7699,25.6658,14.2060,15.2021,12.9975,14.2020,7
2460094.873537,-17.5254,0.7108,14.2060,15.2021,12.9975,14.2020,7
2460094.891597,-5.6087,-18.1871,14.2060,15.2021,12.9975,14.2020,7
2460095.863257,-19.9095,-26.3342,14.2060,15.2021,12.9975,14.2020,7
2460095.880517,-22.2857,-1.3441,14.2060,15.2021,12.9975,14.2020,7
2460095.897637,8.4238,-35.2163,14.2060,15.2021,12.9975,14.2020,7
2460096.738667,20.6493,-32.5923,14.2060,15.2021,12.9975,14.2020,7
2460096.778207,9.8042,5.1005,14.2060,15.2021,12.9975,14.2020,7
2460096.812357,-22.7851,-8.8796,14.2060,15.2021,12.9975,14.2020,7
2460096.840307,-8.2792,4.0155,14.2060,15.2021,12.9975,14.2020,7
2460096.858067,2.3258,-32.1995,14.2060,15.2021,12.9975,14.2020,7
2460096.875077,-25.9644,-7.6291,14.2060,15.2021,12.9975,14.2020,7
2460096.894987,-14.1885,-3.0845,14.2060,15.2021,12.9975,14.2020,7
2460097.659307,-24.5421,-21.9648,14.2060,15.2021,12.9975,14.2020,7
2460097.677167,17.1239,-10.4971,14.2060,15.2021,12.9975,14.2020,7
2460097.747377,-12.8866,3.9439,14.2060,15.2021,12.9975,14.2020,7
2460097.783107,-10.3556,3.1453,14.2060,15.2021,12.9975,14.2020,7
2460097.846517,3.4355,-24.0050,14.2060,15.2021,12.9975,14.2020,7
2460097.880877,-17.9856,-3.8341,14.2060,15.2021,12.9975,14.2020,7
2460098.692137,3.5260,6.6108,14.2060,15.2021,12.9975,14.2020,7
2460103.565897,1.0866,4.1846,14.2060,15.2021,12.9975,14.2020,7
2460103.635297,-25.3452,2.2666,14.2060,15.2021,12.9975,14.2020,7
2460103.651927,2.6572,-11.6975,14.2060,15.2021,12.9975,14.2020,7
2460103.668867,5.7647,-3.1090,14.2060,15.2021,12.9975,14.2020,7
2460103.780747,1.4858,1.1031,14.2060,15.2021,12.9975,14.2020,7
2460103.863347,16.4853,10.8606,14.2060,15.2021,12.9975,14.2020,7
2460103.880587,-11.5963,24.5270,14.2060,15.2021,12.9975,14.2020,7
2460104.617807,-5.4475,-18.8098,14.2060,15.2021,12.9975,14.2020,7
2460105.581167,9.3910,-22.3442,14.2060,15.2021,12.9975,14.2020,7
2460105.619117,-2.3159,-21.8134,14.2060,15.2021,12.9975,14.2020,7
2460105.636117,15.8842,-7.1268,14.2060,15.2021,12.9975,14.2020,7
2460105.653717,16.2705,1.9872,14.2060,15.2021,12.9975,14.2020,7
2460105.762447,-13.8725,-13.5250,14.2060,15.2021,12.9975,14.2020,7
2460105.796847,12.6907,-15.4719,14.2060,15.2021,12.9975,14.2020,7
2460105.849067,15.5628,-25.0073,14.2060,15.2021,12.9975,14.2020,7
2460105.866237,-7.2073,-15.0221,14.2060,15.2021,12.9975,14.2020,7
2460106.678517,-19.2498,4.6847,14.2060,15.2021,12.9975,14.2020,7
2460106.707467,7.5066,19.0273,14.2060,15.2021,12.9975,14.2020,7
2460106.724257,-13.1236,-12.2315,14.2060,15.2021,12.9975,14.2020,7
2460106.742017,-2.3997,-5.4238,14.2060,15.2021,12.9975,14.2020,7
2460106.758697,0.8314,-17.8006,14.2060,15.2021,12.9975,14.2020,7
2460106.775317,1.9487,17.9138,14.2060,15.2021,12.9975,14.2020,7
2460106.810807,-10.3081,18.9080,14.2060,15.2021,12.9975,14.2020,7
2460106.827977,6.1378,14.9148,14.2060,15.2021,12.9975,14.2020,7
2460107.649047,-1.9587,11.0080,14.2060,15.2021,12.9975,14.2020,7
2460107.665827,9.8113,10.7259,14.2060,15.2021,12.9975,14.2020,7
2460107.693057,16.5061,-17.7062,14.2060,15.2021,12.9975,14.2020,7
2460107.709727,5.7569,-9.6227,14.2060,15.2021,12.9975,14.2020,7
2460107.726797,7.8426,6.9787,14.2060,15.2021,12.9975,14.2020,7
2460107.869267,4.3827,11.1272,14.2060,15.2021,12.9975,14.2020,7
2460108.597767,4.1108,-14.5852,14.2060,15.2021,12.9975,14.2020,7
2460108.650147,12.5666,-15.1957,14.2060,15.2021,12.9975,14.2020,7
2460108.668447,3.4818,-6.9170,14.2060,15.2021,12.9975,14.2020,7
2460108.695637,2.2749,-4.7604,14.2060,15.2021,12.9975,14.2020,7
2460108.733287,-8.6615,0.6192,14.2060,15.2021,12.9975,14.2020,7
2460108.794507,-0.9982,-16.4907,14.2060,15.2021,12.9975,14.2020,7
2460108.811497,-13.9947,-7.0677,14.2060,15.2021,12.9975,14.2020,7
2460108.828017,-13.1235,7.3991,14.2060,15.2021,12.9975,14.2020,7
2460108.846377,-25.1170,-16.9590,14.2060,15.2021,12.9975,14.2020,7
2460108.863477,-25.4538,-15.7476,14.2060,15.2021,12.9975,14.2020,7
2460110.616347,-4.7433,-6.0195,14.2060,15.2021,12.9975,14.2020,7
2460110.679117,-1.9209,-8.1215,14.2060,15.2021,12.9975,14.2020,7
2460110.696167,-16.0031,-6.4308,14.2060,15.2021,12.9975,14.2020,7
2460110.747877,12.6571,4.9187,14.2060,15.2021,12.9975,14.2020,7
2460110.775367,-11.9064,-10.2990,14.2060,15.2021,12.9975,14.2020,7
2460110.792297,9.2045,-7.7597,14.2060,15.2021,12.9975,14.2020,7
2460110.808987,-17.9991,5.3726,14.2060,15.2021,12.9975,14.2020,7
2460110.825747,-14.4369,14.1411,14.2060,15.2021,12.9975,14.2020,7
2460110.859747,-10.6257,-8.8217,14.2060,15.2021,12.9975,14.2020,7
2460111.590917,-19.4351,-16.3970,14.2060,15.2021,12.9975,14.2020,7
2460111.607967,-8.9155,-5.9921,14.2060,15.2021,12.9975,14.2020,7
2460111.650037,7.3992,-4.8407,14.2060,15.2021,12.9975,14.2020,7
2460111.720387,-1.2489,-4.2080,14.2060,15.2021,12.9975,14.2020,7
2460111.737447,-17.6235,9.6886,14.2060,15.2021,12.9975,14.2020,7
2460111.753797,-17.1319,-13.9155,14.2060,15.2021,12.9975,14.2020,7
2460111.788177,-12.1081,-12.0405,14.2060,15.2021,12.9975,14.2020,7
2460111.815647,-23.6350,15.5038,14.2060,15.2021,12.9975,14.2020,7
2460111.835127,12.3212,-15.9409,14.2060,15.2021,12.9975,14.2020,7
2460112.579057,2.0369,-2.1409,14.2060,15.2021,12.9975,14.2020,7
2460112.596707,-7.7693,15.2246,14.2060,15.2021,12.9975,14.2020,7
2460112.617687,11.4444,-4.9333,14.2060,15.2021,12.9975,14.2020,7
2460112.679157,-9.1886,-18.1549,14.2060,15.2021,12.9975,14.2020,7
2460112.696017,4.0532,0.2016,14.2060,15.2021,12.9975,14.2020,7
2460112.776007,10.3355,1.0443,14.2060,15.2021,12.9975,14.2020,7
2460112.792747,-11.4879,0.1863,14.2060,15.2021,12.9975,14.2020,7
2460113.570107,-13.6860,-0.8399,14.2060,15.2021,12.9975,14.2020,7
2460113.587017,-6.5867,-2.3499,14.2060,15.2021,12.9975,14.2020,7
2460113.603787,-6.3592,10.5926,14.2060,15.2021,12.9975,14.2020,7
2460113.620597,-11.2667,-3.3314,14.2060,15.2021,12.9975,14.2020,7
2460113.670757,-9.5777,20.4496,14.2060,15.2021,12.9975,14.2020,7
2460113.687537,11.2527,-0.4258,14.2060,15.2021,12.9975,14.2020,7
2460113.720687,11.6236,-8.9413,14.2060,15.2021,12.9975,14.2020,7
2460113.737157,-17.9274,11.3738,14.2060,15.2021,12.9975,14.2020,7
2460113.764157,-4.8925,10.9731,14.2060,15.2021,12.9975,14.2020,7
2460113.781137,-9.5823,-5.6493,14.2060,15.2021,12.9975,14.2020,7
2460113.798997,-11.5195,-0.7266,14.2060,15.2021,12.9975,14.2020,7
2460113.832757,-8.9133,-4.8368,14.2060,15.2021,12.9975,14.2020,7
2460115.683097,-14.2890,-23.9562,14.2060,15.2021,12.9975,14.2020,7
2460118.673427,-23.7259,-19.4384,14.2060,15.2021,12.9975,14.2020,7
2460118.739567,4.5742,5.7781,14.2060,15.2021,12.9975,14.2020,7
2460120.539787,-16.4490,-6.0902,14.2060,15.2021,12.9975,14.2020,7
2460120.574137,-5.1080,-7.5403,14.2060,15.2021,12.9975,14.2020,7
2460120.591327,5.2574,-8.4941,14.2060,15.2021,12.9975,14.2020,7
2460120.608237,-7.2099,5.3653,14.2060,15.2021,12.9975,14.2020,7
2460120.776597,-32.1766,-4.3391,14.2060,15.2021,12.9975,14.2020,7
2460120.793857,-13.0931,12.8341,14.2060,15.2021,12.9975,14.2020,7
2460120.817287,-4.9886,11.7896,14.2060,15.2021,12.9975,14.2020,7
2460120.845187,-29.2902,-3.3857,14.2060,15.2021,12.9975,14.2020,7
2460121.559017,-28.8540,2.4887,14.2060,15.2021,12.9975,14.2020,7
2460121.581157,-14.7790,19.2361,14.2060,15.2021,12.9975,14.2020,7
2460121.610117,-13.0635,-0.9161,14.2060,15.2021,12.9975,14.2020,7
2460121.793827,-3.0251,1.3685,14.2060,15.2021,12.9975,14.2020,7
2460122.610357,3.8160,-11.7376,14.2060,15.2021,12.9975,14.2020,7
2460122.613137,-1.9293,-16.8214,14.2060,15.2021,12.9975,14.2020,7
2460123.536657,-0.6984,6.8159,14.2060,15.2021,12.9975,14.2020,7
2460123.553737,-27.4742,12.6882,14.2060,15.2021,12.9975,14.2020,7
2460123.603627,-15.9925,16.3647,14.2060,15.2021,12.9975,14.2020,7
2460123.676027,4.4818,12.1122,14.2060,15.2021,12.9975,14.2020,7
2460123.768217,-6.4953,-4.7750,14.2060,15.2021,12.9975,14.2020,7
2460125.574107,-15.1996,-15.2601,14.2060,15.2021,12.9975,14.2020,7
2460125.599937,-9.5206,4.6205,14.2060,15.2021,12.9975,14.2020,7
2460125.634347,-1.8771,5.0595,14.2060,15.2021,12.9975,14.2020,7
2460125.810827,-17.0298,6.1883,14.2060,15.2021,12.9975,14.2020,7
2460130.681337,-23.7047,-15.6678,14.2060,15.2021,12.9975,14.2020,7
2460130.698337,-11.1145,-0.4514,14.2060,15.2021,12.9975,14.2020,7
2460130.718327,-11.2937,15.8320,14.2060,15.2021,12.9975,14.2020,7
2460130.735517,-19.5754,-31.3567,14.2060,15.2021,12.9975,14.2020,7
2460131.542667,-23.3087,-17.3391,14.2060,15.2021,12.9975,14.2020,7
2460133.738367,-27.3521,-37.0305,14.2060,15.2021,12.9975,14.2020,7
2460133.807577,15.2619,-23.1802,14.2060,15.2021,12.9975,14.2020,7
2460134.574697,-10.0199,-22.5118,14.2060,15.2021,12.9975,14.2020,7
2460134.608767,0.5796,-20.7343,14.2060,15.2021,12.9975,14.2020,7
2460134.627737,1.3571,21.1221,14.2060,15.2021,12.9975,14.2020,7
2460134.691047,-11.3389,-1.6521,14.2060,15.2021,12.9975,14.2020,7
2460139.489407,3.6255,-24.1972,14.2060,15.2021,12.9975,14.2020,7
2460139.506067,-10.7932,-29.4409,14.2060,15.2021,12.9975,14.2020,7
2460139.524797,-35.7174,30.5280,14.2060,15.2021,12.9975,14.2020,7
2460139.541307,-16.6532,23.2342,14.2060,15.2021,12.9975,14.2020,7
2460139.602547,-8.0346,-28.7291,14.2060,15.2021,12.9975,14.2020,7
2460139.638627,2.2494,12.1338,14.2060,15.2021,12.9975,14.2020,7
2460139.657967,-17.2984,10.9635,14.2060,15.2021,12.9975,14.2020,7
2460139.703507,3.9461,1.8946,14.2060,15.2021,12.9975,14.2020,7
2460139.724677,-18.7901,10.6755,14.2060,15.2021,12.9975,14.2020,7
2460139.741187,-6.3901,26.6549,14.2060,15.2021,12.9975,14.2020,7
2460140.477347,4.4125,4.2607,14.2060,15.2021,12.9975,14.2020,7
2460140.494607,-7.2142,-2.4975,14.2060,15.2021,12.9975,14.2020,7
2460140.511177,-0.7222,-9.2776,14.2060,15.2021,12.9975,14.2020,7
2460140.571687,-8.1059,2.8568,14.2060,15.2021,12.9975,14.2020,7
2460140.588367,-10.2130,2.4147,14.2060,15.2021,12.9975,14.2020,7
2460140.605257,-13.0501,-16.7995,14.2060,15.2021,12.9975,14.2020,7
2460140.641117,-27.7501,8.1314,14.2060,15.2021,12.9975,14.2020,7
2460140.707477,-7.6262,20.0902,14.2060,15.2021,12.9975,14.2020,7
2460140.724027,-11.2029,16.5226,14.2060,15.2021,12.9975,14.2020,7
2460140.740727,-10.8334,12.4313,14.2060,15.2021,12.9975,14.2020,7
2460140.784827,4.5296,-20.9619,14.2060,15.2021,12.9975,14.2020,7
2460141.500347,-33.7620,13.6413,14.2060,15.2021,12.9975,14.2020,7
2460141.517217,-10.6653,-8.4653,14.2060,15.2021,12.9975,14.2020,7
2460141.659457,-2.2844,21.6303,14.2060,15.2021,12.9975,14.2020,7
2460141.676067,4.6832,-0.5596,14.2060,15.2021,12.9975,14.2020,7
2460141.692717,-12.8522,-2.9362,14.2060,15.2021,12.9975,14.2020,7
2460141.709637,-5.8753,2.1093,14.2060,15.2021,12.9975,14.2020,7
2460141.726607,-13.3614,-15.9628,14.2060,15.2021,12.9975,14.2020,7
2460141.754017,-11.0692,-20.4850,14.2060,15.2021,12.9975,14.2020,7
2460141.787897,-38.4931,21.2139,14.2060,15.2021,12.9975,14.2020,7
2460142.487937,7.8971,-31.8541,14.2060,15.2021,12.9975,14.2020,7
2460142.505347,-0.5781,13.4271,14.2060,15.2021,12.9975,14.2020,7
2460142.514107,-7.1967,-4.1586,14.2060,15.2021,12.9975,14.2020,7
2460142.586597,-1.4175,15.4093,14.2060,15.2021,12.9975,14.2020,7
2460142.603827,-17.0162,-2.5023,14.2060,15.2021,12.9975,14.2020,7
2460142.622127,-26.5240,10.6605,14.2060,15.2021,12.9975,14.2020,7
2460142.653257,-0.8886,-30.0711,14.2060,15.2021,12.9975,14.2020,7
2460142.671107,-28.8155,23.6673,14.2060,15.2021,12.9975,14.2020,7
2460142.722057,-19.4846,-16.3329,14.2060,15.2021,12.9975,14.2020,7
2460142.739107,-37.2194,4.0159,14.2060,15.2021,12.9975,14.2020,7
2460148.502957,10.5810,-2.1515,14.2060,15.2021,12.9975,14.2020,7
2460148.581867,3.1209,13.5198,14.2060,15.2021,12.9975,14.2020,7
2460148.712047,15.0840,-7.9229,14.2060,15.2021,12.9975,14.2020,7
2460148.756467,5.4303,2.7245,14.2060,15.2021,12.9975,14.2020,7
2460149.471797,0.7504,-3.3569,14.2060,15.2021,12.9975,14.2020,7
2460149.589487,-13.3605,-1.7873,14.2060,15.2021,12.9975,14.2020,7
2460149.667677,-8.6804,18.5475,14.2060,15.2021,12.9975,14.2020,7
2460151.661507,-0.5109,-6.1208,14.2060,15.2021,12.9975,14.2020,7
2460151.696257,-14.3156,-25.6076,14.2060,15.2021,12.9975,14.2020,7
2460153.530727,-39.3185,-1.1630,14.2060,15.2021,12.9975,14.2020,7
2460153.559857,-8.2668,9.6068,14.2060,15.2021,12.9975,14.2020,7
2460153.577937,5.6381,11.7318,14.2060,15.2021,12.9975,14.2020,7
2460153.594857,-28.5675,-12.0131,14.2060,15.2021,12.9975,14.2020,7
2460153.612057,-5.9327,3.2737,14.2060,15.2021,12.9975,14.2020,7
2460153.710657,-13.2910,-2.9366,14.2060,15.2021,12.9975,14.2020,7
2460153.727557,-5.1062,-8.9692,14.2060,15.2021,12.9975,14.2020,7
2460153.760077,-23.8268,-33.5134,14.2060,15.2021,12.9975,14.2020,7
2460154.578407,2.8178,15.9167,14.2060,15.2021,12.9975,14.2020,7
2460159.513307,-32.3069,-8.3320,14.2060,15.2021,12.9975,14.2020,7
2460159.615107,3.1897,12.7961,14.2060,15.2021,12.9975,14.2020,7
2460159.666927,-9.8351,0.4332,14.2060,15.2021,12.9975,14.2020,7
2460159.683517,-0.6157,-15.8003,14.2060,15.2021,12.9975,14.2020,7
2460159.711107,-21.5727,2.3635,14.2060,15.2021,12.9975,14.2020,7
2460159.728027,-30.9629,-0.6792,14.2060,15.2021,12.9975,14.2020,7
2460159.744827,-30.4890,10.0873,14.2060,15.2021,12.9975,14.2020,7
2460160.485387,5.8629,-17.8222,14.2060,15.2021,12.9975,14.2020,7
2460160.504287,-16.1340,-0.7398,14.2060,15.2021,12.9975,14.2020,7
2460160.596107,-21.6113,-3.5800,14.2060,15.2021,12.9975,14.2020,7
2460160.633027,-8.9705,-1.9748,14.2060,15.2021,12.9975,14.2020,7
2460160.652977,-17.6793,-13.0907,14.2060,15.2021,12.9975,14.2020,7
2460160.708537,15.2125,-19.4667,14.2060,15.2021,12.9975,14.2020,7
2460161.486187,-12.2337,18.0955,14.2060,15.2021,12.9975,14.2020,7
2460161.508447,8.2552,-0.6755,14.2060,15.2021,12.9975,14.2020,7
2460161.526067,-12.4487,11.5523,14.2060,15.2021,12.9975,14.2020,7
2460161.634637,-30.0922,-5.0779,14.2060,15.2021,12.9975,14.2020,7
2460161.685327,-9.4700,-9.7538,14.2060,15.2021,12.9975,14.2020,7
2460161.702307,18.9242,-0.9262,14.2060,15.2021,12.9975,14.2020,7
2460161.726107,0.6119,14.0043,14.2060,15.2021,12.9975,14.2020,7
2460162.549667,-19.3896,-18.6882,14.2060,15.2021,12.9975,14.2020,7
2460162.590057,-26.7521,-18.5513,14.2060,15.2021,12.9975,14.2020,7
2460162.607097,-1.6715,-18.6729,14.2060,15.2021,12.9975,14.2020,7
2460162.623807,-1.2238,-22.0192,14.2060,15.2021,12.9975,14.2020,7
2460162.682227,-21.3048,-21.8625,14.2060,15.2021,12.9975,14.2020,7
2460162.699017,-24.5105,21.0217,14.2060,15.2021,12.9975,14.2020,7
2460167.578137,12.6241,3.0683,14.2060,15.2021,12.9975,14.2020,7
2460167.632647,-20.3626,-13.4866,14.2060,15.2021,12.9975,14.2020,7
2460168.495427,-12.5928,4.7537,14.2060,15.2021,12.9975,14.2020,7
2460168.540227,-15.6597,-35.6832,14.2060,15.2021,12.9975,14.2020,7
2460168.624197,-34.1269,-34.4665,14.2060,15.2021,12.9975,14.2020,7
2460168.658437,-17.8526,-6.8765,14.2060,15.2021,12.9975,14.2020,7
2460168.695627,-2.5465,0.9755,14.2060,15.2021,12.9975,14.2020,7
2460170.519597,-1.9369,-5.5386,14.2060,15.2021,12.9975,14.2020,7
2460170.524487,-2.3517,6.3592,14.2060,15.2021,12.9975,14.2020,7
2460170.545457,-18.8951,-4.3967,14.2060,15.2021,12.9975,14.2020,7
2460170.594257,-0.2332,9.6033,14.2060,15.2021,12.9975,14.2020,7
2460170.611407,-13.8016,6.4219,14.2060,15.2021,12.9975,14.2020,7
2460170.631057,-13.7000,5.8264,14.2060,15.2021,12.9975,14.2020,7
2460170.675507,-34.0057,-16.5036,14.2060,15.2021,12.9975,14.2020,7
2460170.710557,11.8332,-7.1417,14.2060,15.2021,12.9975,14.2020,7
2460171.480017,-12.2182,9.0269,14.2060,15.2021,12.9975,14.2020,7
2460171.615997,-11.2215,-0.8596,14.2060,15.2021,12.9975,14.2020,7
2460171.676917,-10.9341,-7.6332,14.2060,15.2021,12.9975,14.2020,7
2460171.694217,-10.3063,4.4887,14.2060,15.2021,12.9975,14.2020,7
2460171.709297,7.3244,-27.9023,14.2060,15.2021,12.9975,14.2020,7
2460173.479147,9.5439,-14.2738,14.2060,15.2021,12.9975,14.2020,7
2460173.512747,-15.5309,12.0987,14.2060,15.2021,12.9975,14.2020,7
2460173.529977,20.0726,-3.6831,14.2060,15.2021,12.9975,14.2020,7
2460174.486037,-10.2976,-35.7941,14.2060,15.2021,12.9975,14.2020,7
2460174.520717,-8.0425,21.4838,14.2060,15.2021,12.9975,14.2020,7
2460174.554407,-0.4734,-29.2639,14.2060,15.2021,12.9975,14.2020,7
2460174.614897,-13.0954,9.3445,14.2060,15.2021,12.9975,14.2020,7
2460174.632747,-17.6946,-1.2631,14.2060,15.2021,12.9975,14.2020,7
2460174.650697,-21.2622,-3.2077,14.2060,15.2021,12.9975,14.2020,7
2460174.677627,-7.2629,2.5436,14.2060,15.2021,12.9975,14.2020,7
2460175.494827,-27.3141,-17.4377,14.2060,15.2021,12.9975,14.2020,7
2460175.511237,2.1055,19.3976,14.2060,15.2021,12.9975,14.2020,7
2460175.539627,10.6156,-30.8039,14.2060,15.2021,12.9975,14.2020,7
2460175.557067,10.2746,5.4691,14.2060,15.2021,12.9975,14.2020,7
2460175.573527,10.9688,10.2870,14.2060,15.2021,12.9975,14.2020,7
2460175.591517,-16.1871,-21.4729,14.2060,15.2021,12.9975,14.2020,7
2460178.486187,5.5801,-3.4643,14.2060,15.2021,12.9975,14.2020,7
2460178.513757,-10.0801,-25.6848,14.2060,15.2021,12.9975,14.2020,7
2460178.533477,-14.9052,21.4308,14.2060,15.2021,12.9975,14.2020,7
2460178.537167,-5.1524,15.5439,14.2060,15.2021,12.9975,14.2020,7
2460178.554017,-16.4511,11.4829,14.2060,15.2021,12.9975,14.2020,7
2460178.571797,-17.8371,17.0328,14.2060,15.2021,12.9975,14.2020,7
2460178.588807,-7.8728,-20.7612,14.2060,15.2021,12.9975,14.2020,7
2460179.611637,-6.8627,-10.6616,14.2060,15.2021,12.9975,14.2020,7
2460179.628037,-6.5715,-4.3638,14.2060,15.2021,12.9975,14.2020,7
2460179.662537,-19.2395,-28.5859,14.2060,15.2021,12.9975,14.2020,7
2460181.565557,10.3912,-13.2053,14.2060,15.2021,12.9975,14.2020,7
2460181.603997,-4.0807,-13.7138,14.2060,15.2021,12.9975,14.2020,7
2460181.622337,-23.5979,3.0927,14.2060,15.2021,12.9975,14.2020,7
2460185.546807,9.8765,-37.2548,14.2060,15.2021,12.9975,14.2020,7
2460185.563507,7.4630,-11.6281,14.2060,15.2021,12.9975,14.2020,7
2460186.532107,-0.3561,-2.9922,14.2060,15.2021,12.9975,14.2020,7
2460186.552267,28.7271,16.8034,14.2060,15.2021,12.9975,14.2020,7
2460187.539807,-8.7192,16.5085,14.2060,15.2021,12.9975,14.2020,7
2460187.581207,4.0963,-30.2257,14.2060,15.2021,12.9975,14.2020,7
2460187.609767,19.6198,13.0550,14.2060,15.2021,12.9975,14.2020,7
2460187.646787,-6.2987,-5.2490,14.2060,15.2021,12.9975,14.2020,7
2460189.516387,10.1700,-16.2293,14.2060,15.2021,12.9975,14.2020,7
2460189.532997,-13.3535,8.9015,14.2060,15.2021,12.9975,14.2020,7
2460191.656887,28.1124,-30.0748,14.2060,15.2021,12.9975,14.2020,7
2460196.502947,3.4277,-0.4064,14.2060,15.2021,12.9975,14.2020,7
2460196.519787,-8.7774,2.5436,14.2060,15.2021,12.9975,14.2020,7
2460196.547597,0.3914,10.3993,14.2060,15.2021,12.9975,14.2020,7
2460196.567307,18.2522,-22.9100,14.2060,15.2021,12.9975,14.2020,7
2460200.629267,11.5409,-10.4176,14.2060,15.2021,12.9975,14.2020,7
2460201.508017,-3.7866,-15.2499,14.2060,15.2021,12.9975,14.2020,7
2460201.577117,-9.5647,-16.3619,14.2060,15.2021,12.9975,14.2020,7
2460201.593867,-10.7942,11.0335,14.2060,15.2021,12.9975,14.2020,7
2460201.623517,-20.0719,-20.5835,14.2060,15.2021,12.9975,14.2020,7
2460202.496157,0.2389,-40.7100,14.2060,15.2021,12.9975,14.2020,7
2460202.518957,-10.1364,6.9008,14.2060,15.2021,12.9975,14.2020,7
2460202.548007,-22.2386,0.5267,14.2060,15.2021,12.9975,14.2020,7
2460202.575887,-27.8591,-2.0092,14.2060,15.2021,12.9975,14.2020,7
2460202.596677,0.5359,-13.6362,14.2060,15.2021,12.9975,14.2020,7
2460203.479957,-0.3164,1.5394,14.2060,15.2021,12.9975,14.2020,7
2460203.501697,-17.2094,11.2314,14.2060,15.2021,12.9975,14.2020,7
2460203.518987,0.7023,-0.5024,14.2060,15.2021,12.9975,14.2020,7
2460203.546117,9.0074,-11.1566,14.2060,15.2021,12.9975,14.2020,7
2460203.581827,6.3680,-19.6551,14.2060,15.2021,12.9975,14.2020,7
2460203.601747,-18.8015,-0.6153,14.2060,15.2021,12.9975,14.2020,7
2460203.611477,-12.6708,-20.8630,14.2060,15.2021,12.9975,14.2020,7
2460204.487887,10.2493,9.1177,14.2060,15.2021,12.9975,14.2020,7
2460204.505487,-4.6381,5.5342,14.2060,15.2021,12.9975,14.2020,7
2460204.589657,9.4204,-13.5593,14.2060,15.2021,12.9975,14.2020,7
2460204.605097,-0.8783,5.7357,14.2060,15.2021,12.9975,14.2020,7
2460206.511857,4.3295,-26.8602,14.2060,15.2021,12.9975,14.2020,7
2460206.541587,1.5166,-6.6141,14.2060,15.2021,12.9975,14.2020,7
2460207.509117,-20.3057,0.2718,14.2060,15.2021,12.9975,14.2020,7
2460207.559397,-25.2160,-25.1924,14.2060,15.2021,12.9975,14.2020,7
2460207.577207,9.5465,15.9795,14.2060,15.2021,12.9975,14.2020,7
2460208.514857,-2.3954,-12.3179,14.2060,15.2021,12.9975,14.2020,7
2460208.544007,-25.2635,1.6671,14.2060,15.2021,12.9975,14.2020,7
2460208.560997,-3.5824,-16.5518,14.2060,15.2021,12.9975,14.2020,7
2460208.582157,-5.0947,-25.8827,14.2060,15.2021,12.9975,14.2020,7
2460209.496487,1.1934,-18.5480,14.2060,15.2021,12.9975,14.2020,7
2460209.540837,-27.7501,-19.1762,14.2060,15.2021,12.9975,14.2020,7
2460209.574207,-19.5144,-23.4016,14.2060,15.2021,12.9975,14.2020,7
2460211.574907,-29.7638,-18.2976,14.2060,15.2021,12.9975,14.2020,7
2460212.491967,16.6953,-10.5446,14.2060,15.2021,12.9975,14.2020,7
2460212.544497,-3.1999,-18.1208,14.2060,15.2021,12.9975,14.2020,7
2460214.494507,-20.1209,-3.2266,14.2060,15.2021,12.9975,14.2020,7
2460214.521867,-7.4657,-10.5514,14.2060,15.2021,12.9975,14.2020,7
2460214.539077,6.6754,8.9942,14.2060,15.2021,12.9975,14.2020,7
2460214.555487,-7.6479,-11.6230,14.2060,15.2021,12.9975,14.2020,7
2460216.498257,-25.6424,16.7898,14.2060,15.2021,12.9975,14.2020,7
2460216.515037,-4.7489,-19.8969,14.2060,15.2021,12.9975,14.2020,7
2460217.547307,11.6286,-18.0843,14.2060,15.2021,12.9975,14.2020,7
2460217.564167,12.5113,-14.9179,14.2060,15.2021,12.9975,14.2020,7
2460219.511627,-2.8166,-1.2674,14.2060,15.2021,12.9975,14.2020,7
2460220.511067,18.7071,-24.5254,14.2060,15.2021,12.9975,14.2020,7
2460221.514087,10.7393,-5.0394,14.2060,15.2021,12.9975,14.2020,7
2460221.531417,-18.3282,-23.4207,14.2060,15.2021,12.9975,14.2020,7
2460222.504527,6.7126,-13.9619,14.2060,15.2021,12.9975,14.2020,7
2460222.541557,17.8750,-29.1586,14.2060,15.2021,12.9975,14.2020,7
2460222.561327,-17.4769,3.9714,14.2060,15.2021,12.9975,14.2020,7
2460226.509667,-13.5655,-1.7829,14.2060,15.2021,12.9975,14.2020,7
2460226.544647,22.7235,-8.5234,14.2060,15.2021,12.9975,14.2020,7
2460227.525827,-8.2926,-1.8073,14.2060,15.2021,12.9975,14.2020,7
2460228.509387,-4.7880,-18.1689,14.2060,15.2021,12.9975,14.2020,7
2460228.526097,-25.3531,0.4641,14.2060,15.2021,12.9975,14.2020,7
2460229.501407,-32.5488,-2.1542,14.2060,15.2021,12.9975,14.2020,7
2460229.536167,-11.0142,-5.3058,14.2060,15.2021,12.9975,14.2020,7
2460230.504837,-6.3216,-1.8221,14.2060,15.2021,12.9975,14.2020,7
2460230.522187,5.2207,1.5451,14.2060,15.2021,12.9975,14.2020,7
2460230.549657,-2.3475,-2.0162,14.2060,15.2021,12.9975,14.2020,7
2460231.510117,-25.8395,4.9356,14.2060,15.2021,12.9975,14.2020,7
2460232.505167,-10.5427,0.2665,14.2060,15.2021,12.9975,14.2020,7
2460232.533177,-7.4025,-11.0154,14.2060,15.2021,12.9975,14.2020,7
2460234.498157,-21.8893,5.4702,14.2060,15.2021,12.9975,14.2020,7
2460234.516277,-11.9530,-6.4416,14.2060,15.2021,12.9975,14.2020,7
2460236.507657,-20.5259,-30.4482,14.2060,15.2021,12.9975,14.2020,7
2460360.884677,-25.5276,-22.1281,14.2060,15.2021,11.3935,13.1084,8
2460361.865227,-37.2467,-12.2233,14.2060,15.2021,11.3935,13.1084,8
2460366.855027,-27.5294,-1.5952,14.2060,15.2021,11.3935,13.1084,8
2460366.874827,-24.5810,-28.0218,14.2060,15.2021,11.3935,13.1084,8
2460366.891827,-19.5198,-6.4225,14.2060,15.2021,11.3935,13.1084,8
2460367.890907,-11.2121,-38.3736,14.2060,15.2021,11.3935,13.1084,8
2460368.847537,-7.4601,-12.6529,14.2060,15.2021,11.3935,13.1084,8
2460368.901897,-7.1846,3.5083,14.2060,15.2021,11.3935,13.1084,8
2460369.853267,-11.5980,-5.5061,14.2060,15.2021,11.3935,13.1084,8
2460372.841157,10.7287,4.8960,14.2060,15.2021,11.3935,13.1084,8
2460372.858437,-7.4472,-3.0861,14.2060,15.2021,11.3935,13.1084,8
2460372.875327,-12.1695,-3.6084,14.2060,15.2021,11.3935,13.1084,8
2460374.846257,-3.6279,3.5358,14.2060,15.2021,11.3935,13.1084,8
2460374.879557,-1.2423,-31.9011,14.2060,15.2021,11.3935,13.1084,8
2460375.828257,-9.6964,-13.3420,14.2060,15.2021,11.3935,13.1084,8
2460375.845237,-28.5608,-27.6285,14.2060,15.2021,11.3935,13.1084,8
2460375.879607,-29.1800,-21.0372,14.2060,15.2021,11.3935,13.1084,8
2460375.896657,14.5711,-3.4594,14.2060,15.2021,11.3935,13.1084,8
2460375.899357,-1.4449,-2.5154,14.2060,15.2021,11.3935,13.1084,8
2460376.827487,15.1495,-21.0566,14.2060,15.2021,11.3935,13.1084,8
2460376.844147,12.2535,-20.4648,14.2060,15.2021,11.3935,13.1084,8
2460377.831207,-6.9342,4.9227,14.2060,15.2021,11.3935,13.1084,8
2460377.849747,-24.4953,-12.3366,14.2060,15.2021,11.3935,13.1084,8
2460377.865977,-11.9796,10.4554,14.2060,15.2021,11.3935,13.1084,8
2460377.882677,-13.6317,-8.5392,14.2060,15.2021,11.3935,13.1084,8
2460377.899317,-9.7685,-2.0704,14.2060,15.2021,11.3935,13.1084,8
2460378.850367,-23.0381,-3.4763,14.2060,15.2021,11.3935,13.1084,8
2460378.867557,-0.5176,-1.7829,14.2060,15.2021,11.3935,13.1084,8
2460379.816557,-14.3327,-4.4118,14.2060,15.2021,11.3935,13.1084,8
2460379.833217,-29.1875,7.6337,14.2060,15.2021,11.3935,13.1084,8
2460379.868367,-8.6491,0.6574,14.2060,15.2021,11.3935,13.1084,8
2460379.885107,-8.1248,4.3425,14.2060,15.2021,11.3935,13.1084,8
2460380.805617,3.1471,-22.0110,14.2060,15.2021,11.3935,13.1084,8
2460380.823067,-3.4750,6.5784,14.2060,15.2021,11.3935,13.1084,8
2460381.902847,1.5382,-10.0876,14.2060,15.2021,11.3935,13.1084,8
2460382.850437,4.4382,4.9356,14.2060,15.2021,11.3935,13.1084,8
2460382.866787,5.4317,3.4426,14.2060,15.2021,11.3935,13.1084,8
2460383.840847,-10.6223,-23.1779,14.2060,15.2021,11.3935,13.1084,8
2460383.857297,-4.1662,9.9706,14.2060,15.2021,11.3935,13.1084,8
2460383.878757,-20.9346,-2.6413,14.2060,15.2021,11.3935,13.1084,8
2460383.906237,1.8536,8.3121,14.2060,15.2021,11.3935,13.1084,8
2460384.847047,-1.1094,-1.2456,14.2060,15.2021,11.3935,13.1084,8
2460384.863957,-12.7816,-9.5779,14.2060,15.2021,11.3935,13.1084,8
2460384.910637,-7.5713,0.1854,14.2060,15.2021,11.3935,13.1084,8
2460386.804597,-22.9445,0.4791,14.2060,15.2021,11.3935,13.1084,8
2460386.887307,-0.6328,8.3605,14.2060,15.2021,11.3935,13.1084,8
2460386.905877,-6.2213,-4.4727,14.2060,15.2021,11.3935,13.1084,8
2460387.796217,0.3218,2.3644,14.2060,15.2021,11.3935,13.1084,8
2460387.891537,10.1096,-0.7548,14.2060,15.2021,11.3935,13.1084,8
2460389.803627,-8.4823,-6.9041,14.2060,15.2021,11.3935,13.1084,8
2460389.831087,-20.6435,15.0414,14.2060,15.2021,11.3935,13.1084,8
2460389.866427,5.2331,-0.7528,14.2060,15.2021,11.3935,13.1084,8
2460389.901767,-10.0112,-0.1744,14.2060,15.2021,11.3935,13.1084,8
2460390.799967,-8.9599,-12.1370,14.2060,15.2021,11.3935,13.1084,8
2460390.817287,-5.3139,-2.5748,14.2060,15.2021,11.3935,13.1084,8
2460390.851747,7.7831,8.4859,14.2060,15.2021,11.3935,13.1084,8
2460390.869947,0.9989,-5.6458,14.2060,15.2021,11.3935,13.1084,8
2460391.813337,0.5718,-15.1111,14.2060,15.2021,11.3935,13.1084,8
2460391.842857,-6.8307,-10.1620,14.2060,15.2021,11.3935,13.1084,8
2460391.860187,-7.6558,2.1385,14.2060,15.2021,11.3935,13.1084,8
2460393.869777,-16.5746,8.7980,14.2060,15.2021,11.3935,13.1084,8
2460393.905517,-1.2586,17.0587,14.2060,15.2021,11.3935,13.1084,8
2460394.804397,-24.1009,-11.0451,14.2060,15.2021,11.3935,13.1084,8
2460394.821897,-3.9169,-8.8999,14.2060,15.2021,11.3935,13.1084,8
2460394.862177,-11.1775,-11.4178,14.2060,15.2021,11.3935,13.1084,8
2460395.772217,5.7871,-1.7140,14.2060,15.2021,11.3935,13.1084,8
2460395.827037,1.6803,3.6306,14.2060,15.2021,11.3935,13.1084,8
2460396.774667,4.6215,1.3654,14.2060,15.2021,11.3935,13.1084,8
2460396.853407,-17.7623,5.3940,14.2060,15.2021,11.3935,13.1084,8
2460396.897567,-15.7153,9.1984,14.2060,15.2021,11.3935,13.1084,8
2460398.786777,-10.6472,2.6289,14.2060,15.2021,11.3935,13.1084,8
2460398.803637,-4.3202,3.4595,14.2060,15.2021,11.3935,13.1084,8
2460399.798517,-20.4871,6.3862,14.2060,15.2021,11.3935,13.1084,8
2460402.779127,4.4943,7.0344,14.2060,15.2021,11.3935,13.1084,8
2460402.795837,-11.6557,-19.9196,14.2060,15.2021,11.3935,13.1084,8
2460403.756267,-6.0958,2.3234,14.2060,15.2021,11.3935,13.1084,8
2460403.773007,-13.0959,9.8672,14.2060,15.2021,11.3935,13.1084,8
2460403.833247,-4.6821,3.1877,14.2060,15.2021,11.3935,13.1084,8
2460404.740397,-19.9175,-3.0443,14.2060,15.2021,11.3935,13.1084,8
2460404.760857,-2.7533,15.9103,14.2060,15.2021,11.3935,13.1084,8
2460404.809097,-23.1825,-9.5919,14.2060,15.2021,11.3935,13.1084,8
2460404.827407,-3.8813,2.5141,14.2060,15.2021,11.3935,13.1084,8
2460405.769437,-23.5587,11.5520,14.2060,15.2021,11.3935,13.1084,8
2460405.813117,-15.8248,-0.4739,14.2060,15.2021,11.3935,13.1084,8
2460405.830907,0.1000,-9.4903,14.2060,15.2021,11.3935,13.1084,8
2460405.915977,-5.3802,3.1810,14.2060,15.2021,11.3935,13.1084,8
2460406.758497,-14.8384,-14.3696,14.2060,15.2021,11.3935,13.1084,8
2460406.790917,2.5461,-4.9641,14.2060,15.2021,11.3935,13.1084,8
2460406.810367,5.2975,11.7502,14.2060,15.2021,11.3935,13.1084,8
2460406.910577,13.6726,3.7199,14.2060,15.2021,11.3935,13.1084,8
2460407.741617,-16.0279,-15.0953,14.2060,15.2021,11.3935,13.1084,8
2460407.758717,-23.7326,-14.3538,14.2060,15.2021,11.3935,13.1084,8
2460407.775967,-19.1406,-15.1069,14.2060,15.2021,11.3935,13.1084,8
2460408.807347,-12.7676,-7.0999,14.2060,15.2021,11.3935,13.1084,8
2460408.824687,3.8769,-14.8775,14.2060,15.2021,11.3935,13.1084,8
2460408.862267,-6.7104,4.2256,14.2060,15.2021,11.3935,13.1084,8
2460408.897957,-14.0048,12.6722,14.2060,15.2021,11.3935,13.1084,8
2460409.749177,14.5096,-18.9363,14.2060,15.2021,11.3935,13.1084,8
2460409.769807,-27.0418,-5.1173,14.2060,15.2021,11.3935,13.1084,8
2460409.787787,2.7615,-3.4446,14.2060,15.2021,11.3935,13.1084,8
2460409.814607,-10.6925,-9.7549,14.2060,15.2021,11.3935,13.1084,8
2460410.795877,-6.3743,5.4706,14.2060,15.2021,11.3935,13.1084,8
2460410.813247,-5.5102,-25.6659,14.2060,15.2021,11.3935,13.1084,8
2460410.831697,-1.7388,3.1215,14.2060,15.2021,11.3935,13.1084,8
2460410.848877,-20.9659,20.9117,14.2060,15.2021,11.3935,13.1084,8
2460411.735177,1.1152,-17.5597,14.2060,15.2021,11.3935,13.1084,8
2460411.788137,-11.5896,1.8516,14.2060,15.2021,11.3935,13.1084,8
2460411.815637,-6.1731,0.3863,14.2060,15.2021,11.3935,13.1084,8
2460411.855167,1.2254,4.1616,14.2060,15.2021,11.3935,13.1084,8
2460411.890427,-21.4518,8.7910,14.2060,15.2021,11.3935,13.1084,8
2460411.921857,-2.7634,-6.1874,14.2060,15.2021,11.3935,13.1084,8
2460416.755637,-17.9785,-23.4420,14.2060,15.2021,11.3935,13.1084,8
2460416.849727,-4.1331,-1.5640,14.2060,15.2021,11.3935,13.1084,8
2460416.867767,-2.7430,2.6302,14.2060,15.2021,11.3935,13.1084,8
2460416.886427,4.4938,11.8896,14.2060,15.2021,11.3935,13.1084,8
2460417.719327,15.2865,-21.8035,14.2060,15.2021,11.3935,13.1084,8
2460417.739837,-25.2123,9.2813,14.2060,15.2021,11.3935,13.1084,8
2460417.756907,-9.0530,1.7685,14.2060,15.2021,11.3935,13.1084,8
2460417.774177,-6.3874,6.8502,14.2060,15.2021,11.3935,13.1084,8
2460417.791097,-16.9238,5.1720,14.2060,15.2021,11.3935,13.1084,8
2460417.818577,-14.4238,16.2374,14.2060,15.2021,11.3935,13.1084,8
2460417.852267,-17.6497,-7.0578,14.2060,15.2021,11.3935,13.1084,8
2460417.868957,-3.6077,-3.7824,14.2060,15.2021,11.3935,13.1084,8
2460418.702357,-26.8714,-20.3830,14.2060,15.2021,11.3935,13.1084,8
2460418.718947,-6.1400,-20.4449,14.2060,15.2021,11.3935,13.1084,8
2460418.735787,-6.6478,-18.5499,14.2060,15.2021,11.3935,13.1084,8
2460418.754737,9.1532,-4.6000,14.2060,15.2021,11.3935,13.1084,8
2460419.697677,-15.5624,-21.3225,14.2060,15.2021,11.3935,13.1084,8
2460419.714517,-0.9439,-3.1897,14.2060,15.2021,11.3935,13.1084,8
2460419.732557,-21.7341,0.9980,14.2060,15.2021,11.3935,13.1084,8
2460419.749947,-4.2444,-18.7698,14.2060,15.2021,11.3935,13.1084,8
2460420.700547,1.7462,17.0772,14.2060,15.2021,11.3935,13.1084,8
2460420.720417,7.8263,-10.9397,14.2060,15.2021,11.3935,13.1084,8
2460420.737057,-5.7097,-1.5586,14.2060,15.2021,11.3935,13.1084,8
2460420.819457,6.9076,11.7045,14.2060,15.2021,11.3935,13.1084,8
2460420.919277,-12.5083,1.0274,14.2060,15.2021,11.3935,13.1084,8
2460423.725797,-0.8972,-15.2726,14.2060,15.2021,11.3935,13.1084,8
2460423.811797,-20.3121,17.7934,14.2060,15.2021,11.3935,13.1084,8
2460423.845797,2.2898,-13.5056,14.2060,15.2021,11.3935,13.1084,8
2460423.876717,2.4484,-18.6286,14.2060,15.2021,11.3935,13.1084,8
2460423.893727,3.3858,-15.6038,14.2060,15.2021,11.3935,13.1084,8
2460423.911447,-9.5148,0.2173,14.2060,15.2021,11.3935,13.1084,8
2460424.797497,6.7819,17.0084,14.2060,15.2021,11.3935,13.1084,8
2460424.865187,14.8657,-6.6149,14.2060,15.2021,11.3935,13.1084,8
2460426.918707,11.7247,-12.9032,14.2060,15.2021,11.3935,13.1084,8
2460432.734767,-23.6734,-22.4042,14.2060,15.2021,11.3935,13.1084,8
2460433.761347,-15.3469,-7.3317,14.2060,15.2021,11.3935,13.1084,8
2460433.777977,-22.7538,7.4046,14.2060,15.2021,11.3935,13.1084,8
2460433.805387,-32.4423,-31.6361,14.2060,15.2021,11.3935,13.1084,8
2460433.843467,-6.7806,11.8531,14.2060,15.2021,11.3935,13.1084,8
2460434.731827,4.4792,-3.8213,14.2060,15.2021,11.3935,13.1084,8
2460434.748997,-5.6017,0.2091,14.2060,15.2021,11.3935,13.1084,8
2460434.769747,-30.6239,-17.0169,14.2060,15.2021,11.3935,13.1084,8
2460434.786687,3.3437,-20.8490,14.2060,15.2021,11.3935,13.1084,8
2460434.803657,-16.1062,-16.1072,14.2060,15.2021,11.3935,13.1084,8
2460434.842797,-15.5840,-11.4463,14.2060,15.2021,11.3935,13.1084,8
2460434.859257,-15.3009,-26.6497,14.2060,15.2021,11.3935,13.1084,8
2460434.876227,-3.6289,13.0776,14.2060,15.2021,11.3935,13.1084,8
2460434.892827,-19.1834,12.7469,14.2060,15.2021,11.3935,13.1084,8
2460435.806697,-2.2148,-0.1959,14.2060,15.2021,11.3935,13.1084,8
2460435.868597,-7.1507,-20.2106,14.2060,15.2021,11.3935,13.1084,8
2460435.888437,-3.2709,-18.3134,14.2060,15.2021,11.3935,13.1084,8
2460436.717267,-13.3860,-10.0390,14.2060,15.2021,11.3935,13.1084,8
2460436.736907,-19.3879,23.9441,14.2060,15.2021,11.3935,13.1084,8
2460436.780577,-18.2525,-6.6039,14.2060,15.2021,11.3935,13.1084,8
2460436.799037,-4.7755,23.4132,14.2060,15.2021,11.3935,13.1084,8
2460436.815427,-9.6008,13.7250,14.2060,15.2021,11.3935,13.1084,8
2460436.853067,-9.6059,7.6582,14.2060,15.2021,11.3935,13.1084,8
2460436.875027,-12.8769,-37.5755,14.2060,15.2021,11.3935,13.1084,8
2460436.902247,3.3935,-11.0435,14.2060,15.2021,11.3935,13.1084,8
2460439.718097,-11.9594,-19.9245,14.2060,15.2021,11.3935,13.1084,8
2460439.770157,-20.0253,-4.6559,14.2060,15.2021,11.3935,13.1084,8
2460439.806987,0.2603,10.2900,14.2060,15.2021,11.3935,13.1084,8
2460439.824047,-14.5166,-4.2373,14.2060,15.2021,11.3935,13.1084,8
2460439.842467,-23.4640,12.5740,14.2060,15.2021,11.3935,13.1084,8
2460439.863287,-17.6277,-11.7873,14.2060,15.2021,11.3935,13.1084,8
2460439.867517,16.1607,-38.8569,14.2060,15.2021,11.3935,13.1084,8
2460439.881777,2.4650,-8.5424,14.2060,15.2021,11.3935,13.1084,8
2460439.927497,13.7705,-26.1830,14.2060,15.2021,11.3935,13.1084,8
2460440.723607,-11.9318,-30.2198,14.2060,15.2021,11.3935,13.1084,8
2460440.740627,-32.4095,-28.2264,14.2060,15.2021,11.3935,13.1084,8
2460440.795187,12.2551,-14.4652,14.2060,15.2021,11.3935,13.1084,8
2460440.877297,-11.8121,22.6663,14.2060,15.2021,11.3935,13.1084,8
2460442.785107,-12.4390,-5.2149,14.2060,15.2021,11.3935,13.1084,8
2460442.802157,-2.4506,13.1340,14.2060,15.2021,11.3935,13.1084,8
2460442.818527,-20.8177,-1.6602,14.2060,15.2021,11.3935,13.1084,8
2460442.846527,-8.5569,-10.4264,14.2060,15.2021,11.3935,13.1084,8
2460442.863657,-2.7704,-11.8501,14.2060,15.2021,11.3935,13.1084,8
2460442.915897,-21.7397,3.3296,14.2060,15.2021,11.3935,13.1084,8
2460443.845047,5.0425,-19.4949,14.2060,15.2021,11.3935,13.1084,8
2460448.792367,-15.4316,-36.8205,14.2060,15.2021,11.3935,13.1084,8
2460448.831117,11.5540,-13.6011,14.2060,15.2021,11.3935,13.1084,8
2460448.867607,-3.5008,-0.0886,14.2060,15.2021,11.3935,13.1084,8
2460449.680607,-8.1885,-3.3547,14.2060,15.2021,11.3935,13.1084,8
2460449.699167,-26.2055,-8.0657,14.2060,15.2021,11.3935,13.1084,8
2460449.717527,-1.0438,4.6159,14.2060,15.2021,11.3935,13.1084,8
2460449.747477,-13.2942,-23.3416,14.2060,15.2021,11.3935,13.1084,8
2460449.763717,-10.8807,-9.0822,14.2060,15.2021,11.3935,13.1084,8
2460449.781247,-26.4427,-12.7598,14.2060,15.2021,11.3935,13.1084,8
2460449.854227,-1.8915,-25.6721,14.2060,15.2021,11.3935,13.1084,8
2460450.614927,-10.5174,-5.0671,14.2060,15.2021,11.3935,13.1084,8
2460457.805557,8.1928,-30.2558,14.2060,15.2021,11.3935,13.1084,8
2460458.649717,-10.9959,6.6406,14.2060,15.2021,11.3935,13.1084,8
2460458.715287,-7.9661,-3.6923,14.2060,15.2021,11.3935,13.1084,8
2460458.750127,-2.7061,4.7944,14.2060,15.2021,11.3935,13.1084,8
2460458.794197,5.0401,0.4605,14.2060,15.2021,11.3935,13.1084,8
2460458.811227,-3.6971,1.3411,14.2060,15.2021,11.3935,13.1084,8
2460458.828047,-16.0118,-9.5407,14.2060,15.2021,11.3935,13.1084,8
2460458.845387,3.5786,1.6014,14.2060,15.2021,11.3935,13.1084,8
2460458.872827,-9.5829,13.9521,14.2060,15.2021,11.3935,13.1084,8
2460458.889167,-11.8643,-13.6368,14.2060,15.2021,11.3935,13.1084,8
2460459.618857,9.5812,-16.1894,14.2060,15.2021,11.3935,13.1084,8
2460459.663187,-23.3001,-3.4368,14.2060,15.2021,11.3935,13.1084,8
2460459.679797,-21.6010,11.0569,14.2060,15.2021,11.3935,13.1084,8
2460459.696737,4.6810,-16.6223,14.2060,15.2021,11.3935,13.1084,8
2460459.777637,-3.4518,3.6835,14.2060,15.2021,11.3935,13.1084,8
2460459.794277,-17.0271,-33.4135,14.2060,15.2021,11.3935,13.1084,8
2460459.854957,5.2399,1.2669,14.2060,15.2021,11.3935,13.1084,8
2460460.599117,-8.1054,11.8774,14.2060,15.2021,11.3935,13.1084,8
2460460.628717,-15.7233,-4.6576,14.2060,15.2021,11.3935,13.1084,8
2460460.682897,-18.3797,-12.2605,14.2060,15.2021,11.3935,13.1084,8
2460460.699487,-19.8016,-9.0081,14.2060,15.2021,11.3935,13.1084,8
2460460.761637,-20.1343,13.7406,14.2060,15.2021,11.3935,13.1084,8
2460461.614387,-21.3062,2.9609,14.2060,15.2021,11.3935,13.1084,8
2460461.632577,11.1268,-20.5689,14.2060,15.2021,11.3935,13.1084,8
2460461.652917,0.4177,-11.8080,14.2060,15.2021,11.3935,13.1084,8
2460461.672727,-7.0099,-30.9601,14.2060,15.2021,11.3935,13.1084,8
2460461.689377,-11.3309,12.6881,14.2060,15.2021,11.3935,13.1084,8
2460461.750687,-7.3778,9.3727,14.2060,15.2021,11.3935,13.1084,8
2460461.767867,-8.9643,-0.7698,14.2060,15.2021,11.3935,13.1084,8
2460461.834417,-2.4254,-3.8993,14.2060,15.2021,11.3935,13.1084,8
2460461.851337,2.2302,-21.5280,14.2060,15.2021,11.3935,13.1084,8
2460462.598217,10.3038,-20.5836,14.2060,15.2021,11.3935,13.1084,8
2460462.614437,-8.6628,-9.7169,14.2060,15.2021,11.3935,13.1084,8
2460462.651537,-30.2213,2.3393,14.2060,15.2021,11.3935,13.1084,8
2460462.667667,-19.0950,-6.5840,14.2060,15.2021,11.3935,13.1084,8
2460462.712207,-2.6633,1.6797,14.2060,15.2021,11.3935,13.1084,8
2460462.732337,1.8508,-27.4498,14.2060,15.2021,11.3935,13.1084,8
2460462.749327,-10.6218,-5.5189,14.2060,15.2021,11.3935,13.1084,8
2460462.785187,3.5230,-13.9842,14.2060,15.2021,11.3935,13.1084,8
2460462.831977,9.8665,-14.9770,14.2060,15.2021,11.3935,13.1084,8
2460463.630687,5.2638,-10.5912,14.2060,15.2021,11.3935,13.1084,8
2460463.647567,-11.5929,-14.5391,14.2060,15.2021,11.3935,13.1084,8
2460463.675067,6.8234,-26.8932,14.2060,15.2021,11.3935,13.1084,8
2460463.794577,-14.0162,3.9010,14.2060,15.2021,11.3935,13.1084,8
2460463.831977,-15.9116,2.7900,14.2060,15.2021,11.3935,13.1084,8
2460463.848857,-9.5911,10.9965,14.2060,15.2021,11.3935,13.1084,8
2460463.866297,-8.5519,-27.0200,14.2060,15.2021,11.3935,13.1084,8
2460463.893477,-21.8813,-14.4403,14.2060,15.2021,11.3935,13.1084,8
2460463.910347,-9.0205,-6.5729,14.2060,15.2021,11.3935,13.1084,8
2460464.652267,-26.7290,-3.6842,14.2060,15.2021,11.3935,13.1084,8
2460464.668327,-18.3303,-1.0803,14.2060,15.2021,11.3935,13.1084,8
2460464.685047,-5.3971,-19.7269,14.2060,15.2021,11.3935,13.1084,8
2460464.701687,-10.1676,-15.1130,14.2060,15.2021,11.3935,13.1084,8
2460464.718447,-0.8367,-4.6187,14.2060,15.2021,11.3935,13.1084,8
2460464.746647,-24.4010,-9.1813,14.2060,15.2021,11.3935,13.1084,8
2460464.763597,-12.6837,-24.0375,14.2060,15.2021,11.3935,13.1084,8
2460464.780527,-14.5089,-5.8444,14.2060,15.2021,11.3935,13.1084,8
2460464.846177,-10.3359,-3.7599,14.2060,15.2021,11.3935,13.1084,8
2460464.881817,-8.3287,0.0011,14.2060,15.2021,11.3935,13.1084,8
2460468.587267,-6.9015,-13.9296,14.2060,15.2021,11.3935,13.1084,8
2460468.625697,-25.1738,-21.2841,14.2060,15.2021,11.3935,13.1084,8
2460468.705147,-7.7281,-15.0063,14.2060,15.2021,11.3935,13.1084,8
2460468.721977,-20.2722,-11.8253,14.2060,15.2021,11.3935,13.1084,8
2460468.770407,-26.5889,-20.9019,14.2060,15.2021,11.3935,13.1084,8
2460468.787107,-12.7489,-3.9331,14.2060,15.2021,11.3935,13.1084,8
2460468.803617,-25.9176,-20.0466,14.2060,15.2021,11.3935,13.1084,8
2460468.820387,-21.0190,10.5688,14.2060,15.2021,11.3935,13.1084,8
2460468.837107,-30.1739,-1.4116,14.2060,15.2021,11.3935,13.1084,8
2460469.622017,-26.4150,-4.1162,14.2060,15.2021,11.3935,13.1084,8
2460469.655697,-2.4246,8.3491,14.2060,15.2021,11.3935,13.1084,8
2460469.673727,-9.7166,-19.9364,14.2060,15.2021,11.3935,13.1084,8
2460469.718337,-6.9613,2.1024,14.2060,15.2021,11.3935,13.1084,8
2460469.775227,-0.2342,-1.2564,14.2060,15.2021,11.3935,13.1084,8
2460469.837497,-30.1254,-12.9425,14.2060,15.2021,11.3935,13.1084,8
2460469.855727,-12.2672,-21.0346,14.2060,15.2021,11.3935,13.1084,8
2460469.872727,-2.4372,3.2910,14.2060,15.2021,11.3935,13.1084,8
2460469.889337,-7.4646,-15.5037,14.2060,15.2021,11.3935,13.1084,8
2460473.652707,-12.6402,5.5158,14.2060,15.2021,11.3935,13.1084,8
2460473.669567,-20.1092,-12.4059,14.2060,15.2021,11.3935,13.1084,8
2460473.705167,-10.9129,-12.0655,14.2060,15.2021,11.3935,13.1084,8
2460473.741647,-22.9169,11.4127,14.2060,15.2021,11.3935,13.1084,8
2460473.759697,-20.1510,8.2561,14.2060,15.2021,11.3935,13.1084,8
2460473.781057,-9.5102,7.0441,14.2060,15.2021,11.3935,13.1084,8
2460477.659847,4.9799,-14.6537,14.2060,15.2021,11.3935,13.1084,8
2460477.742877,-30.2447,-0.0460,14.2060,15.2021,11.3935,13.1084,8
2460477.764987,-4.0088,-31.6089,14.2060,15.2021,11.3935,13.1084,8
2460477.828517,-13.0373,-4.9683,14.2060,15.2021,11.3935,13.1084,8
2460477.848867,6.0788,-12.6078,14.2060,15.2021,11.3935,13.1084,8
2460479.690957,-19.1601,-6.0577,14.2060,15.2021,11.3935,13.1084,8
2460479.707867,3.8678,-4.3752,14.2060,15.2021,11.3935,13.1084,8
2460479.724737,-0.3074,-5.1919,14.2060,15.2021,11.3935,13.1084,8
2460479.780697,-15.2873,-3.1396,14.2060,15.2021,11.3935,13.1084,8
2460479.800817,-18.7943,-1.9744,14.2060,15.2021,11.3935,13.1084,8
2460479.820377,-31.0219,-6.6879,14.2060,15.2021,11.3935,13.1084,8
2460480.601807,1.8175,-30.8854,14.2060,15.2021,11.3935,13.1084,8
2460481.594707,-17.8279,-2.7484,14.2060,15.2021,11.3935,13.1084,8
2460481.647157,-18.3463,11.3918,14.2060,15.2021,11.3935,13.1084,8
2460481.678137,11.1602,-19.2807,14.2060,15.2021,11.3935,13.1084,8
2460481.694887,-9.0477,-5.8123,14.2060,15.2021,11.3935,13.1084,8
2460481.711647,-8.2158,-13.6432,14.2060,15.2021,11.3935,13.1084,8
2460481.728147,-11.6710,-2.0926,14.2060,15.2021,11.3935,13.1084,8
2460481.825847,-21.8337,-12.3320,14.2060,15.2021,11.3935,13.1084,8
2460481.846617,-1.8271,-8.7501,14.2060,15.2021,11.3935,13.1084,8
2460485.680227,-12.0587,-29.9721,14.2060,15.2021,11.3935,13.1084,8
2460485.789117,-3.9053,-12.9671,14.2060,15.2021,11.3935,13.1084,8
2460486.609487,-19.3591,-26.3472,14.2060,15.2021,11.3935,13.1084,8
2460486.627967,-11.0164,-28.2454,14.2060,15.2021,11.3935,13.1084,8
2460486.684247,-19.6777,-4.8545,14.2060,15.2021,11.3935,13.1084,8
2460486.713287,11.0014,-30.2496,14.2060,15.2021,11.3935,13.1084,8
2460486.747767,-30.2279,-15.2541,14.2060,15.2021,11.3935,13.1084,8
2460486.764747,-20.8002,-11.3003,14.2060,15.2021,11.3935,13.1084,8
2460487.639557,-30.5589,-23.4200,14.2060,15.2021,11.3935,13.1084,8
2460488.590717,-6.8682,-28.8856,14.2060,15.2021,11.3935,13.1084,8
2460488.628257,-12.8535,17.4711,14.2060,15.2021,11.3935,13.1084,8
2460488.656477,-26.2866,-2.9707,14.2060,15.2021,11.3935,13.1084,8
2460488.715167,-1.0350,-15.9077,14.2060,15.2021,11.3935,13.1084,8
2460490.522337,6.9656,-30.1433,14.2060,15.2021,11.3935,13.1084,8
2460490.553667,-25.2269,-8.6254,14.2060,15.2021,11.3935,13.1084,8
2460490.586987,-12.7546,-13.3447,14.2060,15.2021,11.3935,13.1084,8
2460490.609717,-3.9369,-8.5332,14.2060,15.2021,11.3935,13.1084,8
2460490.721477,-12.4175,-2.8401,14.2060,15.2021,11.3935,13.1084,8
2460490.789537,2.0367,-15.3349,14.2060,15.2021,11.3935,13.1084,8
2460490.806497,-35.7914,10.7466,14.2060,15.2021,11.3935,13.1084,8
2460490.823087,-23.7457,9.0350,14.2060,15.2021,11.3935,13.1084,8
2460491.619897,-30.0592,-8.5099,14.2060,15.2021,11.3935,13.1084,8
2460491.636857,-3.4694,-3.2706,14.2060,15.2021,11.3935,13.1084,8
2460491.655157,-4.6922,12.3883,14.2060,15.2021,11.3935,13.1084,8
2460491.708147,-15.2058,2.7387,14.2060,15.2021,11.3935,13.1084,8
2460491.735267,-28.5522,2.4231,14.2060,15.2021,11.3935,13.1084,8
2460491.752237,-4.1387,1.3822,14.2060,15.2021,11.3935,13.1084,8
2460491.768747,-6.2833,4.9597,14.2060,15.2021,11.3935,13.1084,8
2460492.515067,-5.2192,-4.3994,14.2060,15.2021,11.3935,13.1084,8
2460492.550947,-7.9125,-4.9685,14.2060,15.2021,11.3935,13.1084,8
2460492.577997,-13.0638,-8.9444,14.2060,15.2021,11.3935,13.1084,8
2460492.594577,-14.9134,-15.6417,14.2060,15.2021,11.3935,13.1084,8
2460492.611007,2.8265,-12.9970,14.2060,15.2021,11.3935,13.1084,8
2460492.692807,-23.7579,-3.0099,14.2060,15.2021,11.3935,13.1084,8
2460492.744127,-8.9243,11.4678,14.2060,15.2021,11.3935,13.1084,8
2460492.763997,-10.8890,-11.4371,14.2060,15.2021,11.3935,13.1084,8
2460492.792817,-13.7241,-25.9496,14.2060,15.2021,11.3935,13.1084,8
2460492.810567,-9.8977,20.9621,14.2060,15.2021,11.3935,13.1084,8
2460493.504137,-5.8504,-38.7114,14.2060,15.2021,11.3935,13.1084,8
2460493.533097,-13.9227,-14.9103,14.2060,15.2021,11.3935,13.1084,8
2460493.600987,-12.9448,-27.6398,14.2060,15.2021,11.3935,13.1084,8
2460493.649247,-20.1546,10.0924,14.2060,15.2021,11.3935,13.1084,8
2460493.668827,-19.1894,3.9298,14.2060,15.2021,11.3935,13.1084,8
2460493.686237,-24.8769,-23.2649,14.2060,15.2021,11.3935,13.1084,8
2460493.703197,-25.3149,22.0052,14.2060,15.2021,11.3935,13.1084,8
2460493.730587,-10.4682,-9.3067,14.2060,15.2021,11.3935,13.1084,8
2460493.747337,1.0353,-12.4101,14.2060,15.2021,11.3935,13.1084,8
2460493.763997,1.5803,-27.2496,14.2060,15.2021,11.3935,13.1084,8
2460493.796577,-7.8110,-7.3996,14.2060,15.2021,11.3935,13.1084,8
2460493.813287,2.2162,-28.8720,14.2060,15.2021,11.3935,13.1084,8
2460494.500787,6.1621,-30.6065,14.2060,15.2021,11.3935,13.1084,8
2460494.517467,-7.1873,-38.7279,14.2060,15.2021,11.3935,13.1084,8
2460494.589417,-7.8319,0.8232,14.2060,15.2021,11.3935,13.1084,8
2460494.606407,6.5337,12.6792,14.2060,15.2021,11.3935,13.1084,8
2460494.625967,-24.8435,-8.2861,14.2060,15.2021,11.3935,13.1084,8
2460494.644907,-28.3991,-18.4482,14.2060,15.2021,11.3935,13.1084,8
2460494.708167,-21.3423,-4.1248,14.2060,15.2021,11.3935,13.1084,8
2460494.745987,-32.0513,12.2429,14.2060,15.2021,11.3935,13.1084,8
2460494.780587,5.9198,-3.6253,14.2060,15.2021,11.3935,13.1084,8
2460494.807437,-12.7172,-2.9689,14.2060,15.2021,11.3935,13.1084,8
2460495.584197,-15.2309,-19.4550,14.2060,15.2021,11.3935,13.1084,8
2460495.600667,4.1833,-13.6344,14.2060,15.2021,11.3935,13.1084,8
2460495.695697,6.7189,-34.7043,14.2060,15.2021,11.3935,13.1084,8
2460496.549037,-3.2597,-7.6667,14.2060,15.2021,11.3935,13.1084,8
2460496.565447,-20.2387,-5.8063,14.2060,15.2021,11.3935,13.1084,8
2460496.582177,-10.5198,-32.2992,14.2060,15.2021,11.3935,13.1084,8
2460496.679697,-3.0870,-1.1235,14.2060,15.2021,11.3935,13.1084,8
2460496.696857,-3.4764,-8.4134,14.2060,15.2021,11.3935,13.1084,8
2460496.713587,-29.0478,7.1705,14.2060,15.2021,11.3935,13.1084,8
2460496.740737,2.4285,-7.2448,14.2060,15.2021,11.3935,13.1084,8
2460496.775987,-18.9485,-4.6844,14.2060,15.2021,11.3935,13.1084,8
2460496.792347,-16.8639,-7.4938,14.2060,15.2021,11.3935,13.1084,8
2460496.809357,-11.2154,0.7141,14.2060,15.2021,11.3935,13.1084,8
2460497.489377,-0.8048,-26.6334,14.2060,15.2021,11.3935,13.1084,8
2460497.505697,-26.8769,-33.1381,14.2060,15.2021,11.3935,13.1084,8
2460497.523447,-8.7916,-12.7774,14.2060,15.2021,11.3935,13.1084,8
2460497.542097,-12.2789,-15.9502,14.2060,15.2021,11.3935,13.1084,8
2460497.560307,-9.1877,-0.3919,14.2060,15.2021,11.3935,13.1084,8
2460497.576907,-7.3733,8.5796,14.2060,15.2021,11.3935,13.1084,8
2460497.639017,-0.4031,-0.7619,14.2060,15.2021,11.3935,13.1084,8
2460497.656477,-14.3084,-9.8654,14.2060,15.2021,11.3935,13.1084,8
2460497.702377,-13.8553,7.5993,14.2060,15.2021,11.3935,13.1084,8
2460497.719237,-15.2265,20.2162,14.2060,15.2021,11.3935,13.1084,8
2460497.735747,-18.7003,20.0942,14.2060,15.2021,11.3935,13.1084,8
2460497.752547,-4.7183,-14.6718,14.2060,15.2021,11.3935,13.1084,8
2460497.769327,-2.5064,-21.6758,14.2060,15.2021,11.3935,13.1084,8
2460497.797917,-23.7616,12.3149,14.2060,15.2021,11.3935,13.1084,8
2460497.818897,-18.2274,-24.6317,14.2060,15.2021,11.3935,13.1084,8
2460498.488997,5.8200,-30.7404,14.2060,15.2021,11.3935,13.1084,8
2460498.508907,1.2766,-10.4773,14.2060,15.2021,11.3935,13.1084,8
2460498.557357,-14.9230,-16.4900,14.2060,15.2021,11.3935,13.1084,8
2460498.574467,-7.7624,-0.2303,14.2060,15.2021,11.3935,13.1084,8
2460498.644097,-12.8648,-7.9822,14.2060,15.2021,11.3935,13.1084,8
2460498.691407,3.3414,6.1824,14.2060,15.2021,11.3935,13.1084,8
2460498.725527,-4.4304,-3.0519,14.2060,15.2021,11.3935,13.1084,8
2460498.742107,2.3721,-2.4242,14.2060,15.2021,11.3935,13.1084,8
2460498.770667,-8.2206,20.2776,14.2060,15.2021,11.3935,13.1084,8
2460498.787167,-13.9569,22.6606,14.2060,15.2021,11.3935,13.1084,8
2460498.803887,-9.9534,5.5459,14.2060,15.2021,11.3935,13.1084,8
2460499.498277,-30.0710,-2.3299,14.2060,15.2021,11.3935,13.1084,8
2460499.526137,-11.0554,18.0729,14.2060,15.2021,11.3935,13.1084,8
2460499.771047,-11.6335,17.5568,14.2060,15.2021,11.3935,13.1084,8
2460499.810077,-13.0100,0.5078,14.2060,15.2021,11.3935,13.1084,8
2460500.530037,1.7776,7.0558,14.2060,15.2021,11.3935,13.1084,8
2460500.546437,5.6654,9.6475,14.2060,15.2021,11.3935,13.1084,8
2460500.568377,-23.8892,-21.6825,14.2060,15.2021,11.3935,13.1084,8
2460500.584957,-11.3202,4.6215,14.2060,15.2021,11.3935,13.1084,8
2460500.601577,3.4849,4.8326,14.2060,15.2021,11.3935,13.1084,8
2460500.629317,0.8758,-14.5289,14.2060,15.2021,11.3935,13.1084,8
2460500.646987,0.6624,-20.8099,14.2060,15.2021,11.3935,13.1084,8
2460500.684867,-2.2304,5.6226,14.2060,15.2021,11.3935,13.1084,8
2460500.753587,-1.5227,-9.0090,14.2060,15.2021,11.3935,13.1084,8
2460500.770327,-17.9840,-25.6853,14.2060,15.2021,11.3935,13.1084,8
2460500.788627,-15.7567,-15.1575,14.2060,15.2021,11.3935,13.1084,8
2460501.502927,5.9242,-39.7431,14.2060,15.2021,11.3935,13.1084,8
2460501.520877,-12.7454,-32.0402,14.2060,15.2021,11.3935,13.1084,8
2460501.576747,-8.6035,12.8831,14.2060,15.2021,11.3935,13.1084,8
2460501.637567,-18.5977,-27.2846,14.2060,15.2021,11.3935,13.1084,8
2460501.699617,-33.1406,-19.8900,14.2060,15.2021,11.3935,13.1084,8
2460502.578917,-2.1528,-35.4579,14.2060,15.2021,11.3935,13.1084,8
2460502.698267,-35.4752,-26.6075,14.2060,15.2021,11.3935,13.1084,8
2460502.776097,-1.9496,-38.4554,14.2060,15.2021,11.3935,13.1084,8
2460502.793027,-27.8145,-23.6661,14.2060,15.2021,11.3935,13.1084,8
2460503.540427,-22.3486,-17.5308,14.2060,15.2021,11.3935,13.1084,8
2460503.611027,-13.3771,19.3316,14.2060,15.2021,11.3935,13.1084,8
2460503.639467,-34.6322,3.2722,14.2060,15.2021,11.3935,13.1084,8
2460503.657017,-26.2905,-25.2794,14.2060,15.2021,11.3935,13.1084,8
2460503.673447,-8.8539,16.8256,14.2060,15.2021,11.3935,13.1084,8
2460503.691477,-23.2571,-9.1177,14.2060,15.2021,11.3935,13.1084,8
2460503.708427,-11.1534,5.8858,14.2060,15.2021,11.3935,13.1084,8
2460503.770307,-35.5354,6.0333,14.2060,15.2021,11.3935,13.1084,8
2460504.551227,-22.3494,-18.1478,14.2060,15.2021,11.3935,13.1084,8
2460504.568077,-22.2178,-15.2944,14.2060,15.2021,11.3935,13.1084,8
2460504.612637,-11.3752,-29.8628,14.2060,15.2021,11.3935,13.1084,8
2460504.647917,-8.4638,-7.5300,14.2060,15.2021,11.3935,13.1084,8
2460504.665037,-9.3637,0.4447,14.2060,15.2021,11.3935,13.1084,8
2460504.681827,-17.4665,-7.0936,14.2060,15.2021,11.3935,13.1084,8
2460504.713187,-28.0146,-26.2816,14.2060,15.2021,11.3935,13.1084,8
2460504.766997,-17.7882,-30.6545,14.2060,15.2021,11.3935,13.1084,8
2460504.783737,-13.3955,-17.1042,14.2060,15.2021,11.3935,13.1084,8
2460505.527757,-24.9432,4.8892,14.2060,15.2021,11.3935,13.1084,8
2460505.576377,-14.0392,-4.0085,14.2060,15.2021,11.3935,13.1084,8
2460505.593117,-3.6968,-4.7392,14.2060,15.2021,11.3935,13.1084,8
2460505.610017,-20.1892,1.7602,14.2060,15.2021,11.3935,13.1084,8
2460505.651887,-13.4609,-10.6490,14.2060,15.2021,11.3935,13.1084,8
2460505.672247,1.4901,3.9735,14.2060,15.2021,11.3935,13.1084,8
2460505.688957,-18.2729,-1.2981,14.2060,15.2021,11.3935,13.1084,8
2460505.733317,-3.4911,7.2507,14.2060,15.2021,11.3935,13.1084,8
2460505.750957,-11.5661,7.9690,14.2060,15.2021,11.3935,13.1084,8
2460505.768097,9.0132,-12.4277,14.2060,15.2021,11.3935,13.1084,8
2460506.517777,-1.8988,-7.5034,14.2060,15.2021,11.3935,13.1084,8
2460506.534747,-15.3481,-14.9509,14.2060,15.2021,11.3935,13.1084,8
2460506.568447,-7.1749,-25.2257,14.2060,15.2021,11.3935,13.1084,8
2460506.604917,5.8871,8.4753,14.2060,15.2021,11.3935,13.1084,8
2460506.624827,-12.7702,0.6724,14.2060,15.2021,11.3935,13.1084,8
2460506.674017,-19.2150,10.6412,14.2060,15.2021,11.3935,13.1084,8
2460506.693287,-8.2742,-3.4085,14.2060,15.2021,11.3935,13.1084,8
2460506.723337,1.6886,-19.4315,14.2060,15.2021,11.3935,13.1084,8
2460506.757027,-25.0301,18.7640,14.2060,15.2021,11.3935,13.1084,8
2460506.776407,-17.8172,0.3583,14.2060,15.2021,11.3935,13.1084,8
2460507.484727,-6.4038,14.6231,14.2060,15.2021,11.3935,13.1084,8
2460507.535787,-11.7082,-13.1191,14.2060,15.2021,11.3935,13.1084,8
2460507.639417,-18.9816,2.5095,14.2060,15.2021,11.3935,13.1084,8
2460507.655757,-7.8618,-7.4437,14.2060,15.2021,11.3935,13.1084,8
2460507.685397,-8.3763,6.0472,14.2060,15.2021,11.3935,13.1084,8
2460507.720077,-26.2786,-22.0270,14.2060,15.2021,11.3935,13.1084,8
2460507.736997,-15.4973,-14.5556,14.2060,15.2021,11.3935,13.1084,8
2460508.615787,-5.8307,-13.1592,14.2060,15.2021,11.3935,13.1084,8
2460508.634077,-32.7360,4.7574,14.2060,15.2021,11.3935,13.1084,8
2460508.651817,-14.7516,7.4731,14.2060,15.2021,11.3935,13.1084,8
2460508.695687,-23.1089,-17.9011,14.2060,15.2021,11.3935,13.1084,8
2460508.712287,-15.4444,6.6430,14.2060,15.2021,11.3935,13.1084,8
2460508.716147,-3.2688,-11.6105,14.2060,15.2021,11.3935,13.1084,8
2460508.738637,5.4332,-6.4229,14.2060,15.2021,11.3935,13.1084,8
2460508.755227,-4.1305,-26.7672,14.2060,15.2021,11.3935,13.1084,8
2460508.771827,-9.8341,-17.2043,14.2060,15.2021,11.3935,13.1084,8
2460509.641827,-18.5747,-1.3758,14.2060,15.2021,11.3935,13.1084,8
2460509.676897,8.4516,-15.3408,14.2060,15.2021,11.3935,13.1084,8
2460509.720557,-24.4270,-14.5801,14.2060,15.2021,11.3935,13.1084,8
2460509.737227,-2.5608,-7.4645,14.2060,15.2021,11.3935,13.1084,8
2460515.581167,5.6247,-19.3734,14.2060,15.2021,11.3935,13.1084,8
2460516.583547,-29.8974,14.7558,14.2060,15.2021,11.3935,13.1084,8
2460516.666787,-15.8348,3.4513,14.2060,15.2021,11.3935,13.1084,8
2460516.691347,-10.0995,-8.5045,14.2060,15.2021,11.3935,13.1084,8
2460516.707887,-23.1406,-28.6911,14.2060,15.2021,11.3935,13.1084,8
2460516.731637,-3.7261,-9.4990,14.2060,15.2021,11.3935,13.1084,8
2460517.603727,-2.3948,2.0817,14.2060,15.2021,11.3935,13.1084,8
2460517.620847,-30.9781,-26.8984,14.2060,15.2021,11.3935,13.1084,8
2460517.637637,-18.0691,-14.4711,14.2060,15.2021,11.3935,13.1084,8
2460517.664987,-28.6346,-9.7188,14.2060,15.2021,11.3935,13.1084,8
2460517.700157,-16.3783,-8.3262,14.2060,15.2021,11.3935,13.1084,8
2460517.734487,-14.9353,12.9106,14.2060,15.2021,11.3935,13.1084,8
2460518.477447,-10.3064,2.9511,14.2060,15.2021,11.3935,13.1084,8
2460518.498687,0.4216,-16.9797,14.2060,15.2021,11.3935,13.1084,8
2460518.532227,-11.9616,-5.3965,14.2060,15.2021,11.3935,13.1084,8
2460518.597997,-5.1352,3.2425,14.2060,15.2021,11.3935,13.1084,8
2460518.631537,-12.1059,-6.4088,14.2060,15.2021,11.3935,13.1084,8
2460518.695767,-2.1553,6.3565,14.2060,15.2021,11.3935,13.1084,8
2460518.712147,-6.0593,4.2137,14.2060,15.2021,11.3935,13.1084,8
2460518.745677,7.8659,10.9497,14.2060,15.2021,11.3935,13.1084,8
2460519.501217,-16.1525,-12.9137,14.2060,15.2021,11.3935,13.1084,8
2460519.521477,-17.8890,-4.9863,14.2060,15.2021,11.3935,13.1084,8
2460519.540247,-17.9825,-3.6459,14.2060,15.2021,11.3935,13.1084,8
2460519.572057,-20.2899,-8.6651,14.2060,15.2021,11.3935,13.1084,8
2460519.623787,-22.7754,7.8971,14.2060,15.2021,11.3935,13.1084,8
2460519.673757,-18.1039,12.6273,14.2060,15.2021,11.3935,13.1084,8
2460519.690647,-20.8176,17.2686,14.2060,15.2021,11.3935,13.1084,8
2460519.710417,-2.9690,-9.7246,14.2060,15.2021,11.3935,13.1084,8
2460520.555697,-9.8760,-4.0756,14.2060,15.2021,11.3935,13.1084,8
2460520.584637,0.8411,-2.7289,14.2060,15.2021,11.3935,13.1084,8
2460520.601827,-3.8924,-11.7934,14.2060,15.2021,11.3935,13.1084,8
2460520.618577,-7.2304,-21.2729,14.2060,15.2021,11.3935,13.1084,8
2460520.635377,-6.9432,-6.7300,14.2060,15.2021,11.3935,13.1084,8
2460520.652677,-14.0654,-4.2258,14.2060,15.2021,11.3935,13.1084,8
2460520.683727,-20.1208,7.9429,14.2060,15.2021,11.3935,13.1084,8
2460521.486787,-7.3375,-5.7546,14.2060,15.2021,11.3935,13.1084,8
2460521.503387,-17.1708,8.2528,14.2060,15.2021,11.3935,13.1084,8
2460521.520607,-10.3125,-5.3584,14.2060,15.2021,11.3935,13.1084,8
2460521.537197,-5.4970,-13.4517,14.2060,15.2021,11.3935,13.1084,8
2460521.574357,-1.2146,-0.9284,14.2060,15.2021,11.3935,13.1084,8
2460521.638327,-9.4119,-4.3289,14.2060,15.2021,11.3935,13.1084,8
2460521.671927,-3.3624,10.1477,14.2060,15.2021,11.3935,13.1084,8
2460521.710197,-12.0616,1.3307,14.2060,15.2021,11.3935,13.1084,8
2460521.727407,-23.1821,5.1972,14.2060,15.2021,11.3935,13.1084,8
2460521.744137,-10.6385,-15.4871,14.2060,15.2021,11.3935,13.1084,8
2460528.502887,8.6307,-31.1343,14.2060,15.2021,11.3935,13.1084,8
2460530.625257,-20.6727,0.2503,14.2060,15.2021,11.3935,13.1084,8
2460530.652177,-3.9550,-4.2440,14.2060,15.2021,11.3935,13.1084,8
2460532.468787,-14.6254,8.8671,14.2060,15.2021,11.3935,13.1084,8
2460532.485457,-10.9221,-3.5152,14.2060,15.2021,11.3935,13.1084,8
2460532.502147,-8.2943,-9.8957,14.2060,15.2021,11.3935,13.1084,8
2460532.523167,-11.3871,-1.0563,14.2060,15.2021,11.3935,13.1084,8
2460532.567227,-7.1735,-5.9576,14.2060,15.2021,11.3935,13.1084,8
2460532.602227,-11.7372,-8.5653,14.2060,15.2021,11.3935,13.1084,8
2460532.620697,-15.8773,-2.9483,14.2060,15.2021,11.3935,13.1084,8
2460532.637697,-2.9588,14.7447,14.2060,15.2021,11.3935,13.1084,8
2460532.665387,1.8845,-0.8884,14.2060,15.2021,11.3935,13.1084,8
2460532.682037,-13.4947,4.8200,14.2060,15.2021,11.3935,13.1084,8
2460532.699257,1.1977,-22.6022,14.2060,15.2021,11.3935,13.1084,8
2460533.475917,-8.6610,-21.1486,14.2060,15.2021,11.3935,13.1084,8
2460533.503627,-13.5988,9.7921,14.2060,15.2021,11.3935,13.1084,8
2460533.629737,-24.9122,15.9285,14.2060,15.2021,11.3935,13.1084,8
2460533.646637,-9.6583,-6.8543,14.2060,15.2021,11.3935,13.1084,8
2460533.663267,-13.3017,0.1410,14.2060,15.2021,11.3935,13.1084,8
2460533.679967,-28.7180,11.0110,14.2060,15.2021,11.3935,13.1084,8
2460534.480317,-10.3454,4.5123,14.2060,15.2021,11.3935,13.1084,8
2460534.497627,-9.1183,-7.9724,14.2060,15.2021,11.3935,13.1084,8
2460534.514747,-12.8715,-0.5972,14.2060,15.2021,11.3935,13.1084,8
2460534.531837,-26.0623,-3.8231,14.2060,15.2021,11.3935,13.1084,8
2460534.577587,-18.9243,1.0541,14.2060,15.2021,11.3935,13.1084,8
2460534.594897,-22.0466,-17.5029,14.2060,15.2021,11.3935,13.1084,8
2460534.611507,-6.0370,-9.6369,14.2060,15.2021,11.3935,13.1084,8
2460534.684567,-26.4405,-15.1226,14.2060,15.2021,11.3935,13.1084,8
2460535.467157,-1.4858,-22.3851,14.2060,15.2021,11.3935,13.1084,8
2460535.504037,-23.8951,-4.8985,14.2060,15.2021,11.3935,13.1084,8
2460535.533707,-23.7673,-15.9191,14.2060,15.2021,11.3935,13.1084,8
2460535.550657,-6.7914,-7.8512,14.2060,15.2021,11.3935,13.1084,8
2460535.655887,-2.3437,-29.6815,14.2060,15.2021,11.3935,13.1084,8
2460535.673017,-14.4960,-6.5165,14.2060,15.2021,11.3935,13.1084,8
2460536.475327,9.9311,-1.8480,14.2060,15.2021,11.3935,13.1084,8
2460536.536707,-4.3770,3.1352,14.2060,15.2021,11.3935,13.1084,8
2460536.596487,-12.4980,-13.2178,14.2060,15.2021,11.3935,13.1084,8
2460536.641167,-12.0975,-30.7231,14.2060,15.2021,11.3935,13.1084,8
2460537.535567,-22.3598,-2.8474,14.2060,15.2021,11.3935,13.1084,8
2460542.660877,-33.9465,-35.1343,14.2060,15.2021,11.3935,13.1084,8
2460545.654327,-2.9671,-22.4838,14.2060,15.2021,11.3935,13.1084,8
2460546.565757,13.9748,-16.4912,14.2060,15.2021,11.3935,13.1084,8
2460546.582777,-2.3620,-1.9494,14.2060,15.2021,11.3935,13.1084,8
2460546.599727,20.8805,-31.3368,14.2060,15.2021,11.3935,13.1084,8
2460547.480207,-12.2663,-14.1752,14.2060,15.2021,11.3935,13.1084,8
2460547.496977,-40.2611,-18.9025,14.2060,15.2021,11.3935,13.1084,8
2460547.543037,7.6775,11.2250,14.2060,15.2021,11.3935,13.1084,8
2460547.563027,-29.5302,-18.6556,14.2060,15.2021,11.3935,13.1084,8
2460547.578897,-10.6140,12.4948,14.2060,15.2021,11.3935,13.1084,8
2460547.613897,-5.8498,7.2328,14.2060,15.2021,11.3935,13.1084,8
2460547.648887,-29.6125,-6.7390,14.2060,15.2021,11.3935,13.1084,8
2460548.607157,-17.4700,2.4144,14.2060,15.2021,11.3935,13.1084,8
2460548.624077,-18.4098,-21.6060,14.2060,15.2021,11.3935,13.1084,8
2460548.653997,-17.1639,-4.1587,14.2060,15.2021,11.3935,13.1084,8
2460548.670847,-29.6793,-16.0081,14.2060,15.2021,11.3935,13.1084,8
2460549.498317,-14.1274,14.5380,14.2060,15.2021,11.3935,13.1084,8
2460549.514977,5.4409,-18.8066,14.2060,15.2021,11.3935,13.1084,8
2460549.531977,-13.5329,12.9434,14.2060,15.2021,11.3935,13.1084,8
2460549.559367,-3.1116,6.3842,14.2060,15.2021,11.3935,13.1084,8
2460549.628037,9.2809,-17.8500,14.2060,15.2021,11.3935,13.1084,8
2460549.655357,-0.9368,15.1432,14.2060,15.2021,11.3935,13.1084,8
2460549.658147,-9.8089,-2.3739,14.2060,15.2021,11.3935,13.1084,8
2460550.579587,-17.5349,-24.3157,14.2060,15.2021,11.3935,13.1084,8
2460550.596467,-33.3341,4.4262,14.2060,15.2021,11.3935,13.1084,8
2460550.658037,-30.6249,-15.5136,14.2060,15.2021,11.3935,13.1084,8
2460553.539047,20.8205,1.4291,14.2060,15.2021,11.3935,13.1084,8
2460553.638637,-17.1695,-5.8916,14.2060,15.2021,11.3935,13.1084,8
2460554.471557,-13.5166,-19.0630,14.2060,15.2021,11.3935,13.1084,8
2460554.521527,-22.6255,-21.9061,14.2060,15.2021,11.3935,13.1084,8
2460554.538377,-7.1457,-2.8957,14.2060,15.2021,11.3935,13.1084,8
2460554.558927,-41.0011,-27.8457,14.2060,15.2021,11.3935,13.1084,8
2460554.575557,5.6558,-9.0294,14.2060,15.2021,11.3935,13.1084,8
2460554.592057,5.7761,-3.0440,14.2060,15.2021,11.3935,13.1084,8
2460554.641087,5.9634,-19.4666,14.2060,15.2021,11.3935,13.1084,8
2460555.475907,4.9078,-27.2561,14.2060,15.2021,11.3935,13.1084,8
2460555.493697,-13.3302,-5.7064,14.2060,15.2021,11.3935,13.1084,8
2460555.537807,2.7935,-27.2407,14.2060,15.2021,11.3935,13.1084,8
2460555.555987,-35.9917,-3.4508,14.2060,15.2021,11.3935,13.1084,8
2460555.573267,9.2300,-16.6794,14.2060,15.2021,11.3935,13.1084,8
2460555.590307,-11.0947,10.1959,14.2060,15.2021,11.3935,13.1084,8
2460555.607087,-16.0422,-3.7019,14.2060,15.2021,11.3935,13.1084,8
2460555.623937,12.6609,13.3245,14.2060,15.2021,11.3935,13.1084,8
2460556.516447,-19.2731,10.3956,14.2060,15.2021,11.3935,13.1084,8
2460556.561537,-40.7306,1.1552,14.2060,15.2021,11.3935,13.1084,8
2460556.578197,-26.0748,-17.2666,14.2060,15.2021,11.3935,13.1084,8
2460556.594657,6.4341,-8.6240,14.2060,15.2021,11.3935,13.1084,8
2460556.628437,1.2131,2.9513,14.2060,15.2021,11.3935,13.1084,8
2460557.487937,-8.9883,-15.7794,14.2060,15.2021,11.3935,13.1084,8
2460557.504887,-28.3735,-11.0015,14.2060,15.2021,11.3935,13.1084,8
2460557.539377,-17.0479,3.5785,14.2060,15.2021,11.3935,13.1084,8
2460557.568247,14.6611,-28.7763,14.2060,15.2021,11.3935,13.1084,8
2460557.584697,-20.8053,8.2889,14.2060,15.2021,11.3935,13.1084,8
2460557.601177,-32.9914,-39.5382,14.2060,15.2021,11.3935,13.1084,8
2460558.507407,-15.2163,-9.4262,14.2060,15.2021,11.3935,13.1084,8
2460558.525767,-3.9961,-19.9423,14.2060,15.2021,11.3935,13.1084,8
2460558.631837,-1.1411,-3.8332,14.2060,15.2021,11.3935,13.1084,8
2460558.648427,-5.1543,-30.6593,14.2060,15.2021,11.3935,13.1084,8
2460559.516057,-16.9560,6.1406,14.2060,15.2021,11.3935,13.1084,8
2460559.532947,2.4210,-3.4166,14.2060,15.2021,11.3935,13.1084,8
2460559.562297,-12.6424,2.1797,14.2060,15.2021,11.3935,13.1084,8
2460559.578967,-19.9953,-1.6171,14.2060,15.2021,11.3935,13.1084,8
2460559.612147,-10.2225,-23.8592,14.2060,15.2021,11.3935,13.1084,8
2460559.630087,6.4860,-14.7324,14.2060,15.2021,11.3935,13.1084,8
2460560.530247,-27.1880,5.3521,14.2060,15.2021,11.3935,13.1084,8
2460560.563937,3.3518,-17.1621,14.2060,15.2021,11.3935,13.1084,8
2460560.612447,-8.8427,-6.5610,14.2060,15.2021,11.3935,13.1084,8
2460560.645437,-10.8885,-24.1028,14.2060,15.2021,11.3935,13.1084,8
2460561.477327,-5.1917,-10.0914,14.2060,15.2021,11.3935,13.1084,8
2460561.541477,-12.2347,1.2217,14.2060,15.2021,11.3935,13.1084,8
2460561.559317,-24.9853,5.6515,14.2060,15.2021,11.3935,13.1084,8
2460561.575897,-26.6695,7.2080,14.2060,15.2021,11.3935,13.1084,8
2460561.593537,-6.4638,-13.2420,14.2060,15.2021,11.3935,13.1084,8
2460562.489447,-29.8372,3.2696,14.2060,15.2021,11.3935,13.1084,8
2460562.527447,0.9632,12.7710,14.2060,15.2021,11.3935,13.1084,8
2460562.561227,4.2864,-3.1487,14.2060,15.2021,11.3935,13.1084,8
2460562.589167,-6.1592,8.7335,14.2060,15.2021,11.3935,13.1084,8
2460562.606197,8.6938,-1.5698,14.2060,15.2021,11.3935,13.1084,8
2460563.481887,-17.8664,-8.3330,14.2060,15.2021,11.3935,13.1084,8
2460564.499757,1.0485,-23.0332,14.2060,15.2021,11.3935,13.1084,8
2460564.533937,5.3507,2.9982,14.2060,15.2021,11.3935,13.1084,8
2460564.613807,-17.0140,-14.9679,14.2060,15.2021,11.3935,13.1084,8
2460567.551007,-3.5643,5.3509,14.2060,15.2021,11.3935,13.1084,8
2460567.576267,-15.3990,-12.3657,14.2060,15.2021,11.3935,13.1084,8
2460567.592887,-35.0233,-9.0900,14.2060,15.2021,11.3935,13.1084,8
2460567.620317,-26.8218,-12.1267,14.2060,15.2021,11.3935,13.1084,8
2460568.482357,-28.9563,-22.2639,14.2060,15.2021,11.3935,13.1084,8
2460568.499947,5.1488,0.5021,14.2060,15.2021,11.3935,13.1084,8
2460568.535457,-9.1708,-1.3860,14.2060,15.2021,11.3935,13.1084,8
2460568.584827,-8.0606,-16.3039,14.2060,15.2021,11.3935,13.1084,8
2460569.557207,-15.8695,-2.6419,14.2060,15.2021,11.3935,13.1084,8
2460570.479597,-23.4656,-5.4952,14.2060,15.2021,11.3935,13.1084,8
2460570.526507,0.7471,3.2058,14.2060,15.2021,11.3935,13.1084,8
2460570.559827,6.4750,-25.5691,14.2060,15.2021,11.3935,13.1084,8
2460570.576367,-20.4936,-4.0506,14.2060,15.2021,11.3935,13.1084,8
2460570.598607,-13.4158,-26.8353,14.2060,15.2021,11.3935,13.1084,8
2460573.533087,-19.9157,-0.5644,14.2060,15.2021,11.3935,13.1084,8
2460573.588317,-14.4183,-12.3414,14.2060,15.2021,11.3935,13.1084,8
2460574.497667,-12.2522,-10.8317,14.2060,15.2021,11.3935,13.1084,8
2460574.551187,-14.5662,9.3609,14.2060,15.2021,11.3935,13.1084,8
2460574.569807,-8.6568,-0.3794,14.2060,15.2021,11.3935,13.1084,8
2460574.598527,-20.7542,-14.9699,14.2060,15.2021,11.3935,13.1084,8
2460575.505817,-19.1953,-13.2924,14.2060,15.2021,11.3935,13.1084,8
2460575.522297,-6.0826,4.5720,14.2060,15.2021,11.3935,13.1084,8
2460575.543557,-16.5653,-14.4874,14.2060,15.2021,11.3935,13.1084,8
2460575.561577,-13.2082,0.5200,14.2060,15.2021,11.3935,13.1084,8
2460576.478407,-13.0454,-5.7019,14.2060,15.2021,11.3935,13.1084,8
2460576.515997,-2.4264,-1.6712,14.2060,15.2021,11.3935,13.1084,8
2460576.583487,-8.0199,-13.1567,14.2060,15.2021,11.3935,13.1084,8
2460577.561647,-14.3736,-20.2137,14.2060,15.2021,11.3935,13.1084,8
2460578.528707,-18.1535,-2.8467,14.2060,15.2021,11.3935,13.1084,8
2460578.545437,-7.4954,-14.6058,14.2060,15.2021,11.3935,13.1084,8
2460578.565477,-17.0374,-14.9780,14.2060,15.2021,11.3935,13.1084,8
2460579.512227,-9.9892,0.7600,14.2060,15.2021,11.3935,13.1084,8
2460579.542307,-28.0317,-0.2312,14.2060,15.2021,11.3935,13.1084,8
2460581.492517,4.4832,-15.0323,14.2060,15.2021,11.3935,13.1084,8
2460581.522757,3.5423,-7.5815,14.2060,15.2021,11.3935,13.1084,8
2460581.540087,-0.6447,-5.0550,14.2060,15.2021,11.3935,13.1084,8
2460581.557277,3.4758,-8.4047,14.2060,15.2021,11.3935,13.1084,8
2460581.573927,3.4974,-12.9179,14.2060,15.2021,11.3935,13.1084,8
2460582.519087,-7.6711,-10.5185,14.2060,15.2021,11.3935,13.1084,8
2460582.570037,-12.1134,6.8964,14.2060,15.2021,11.3935,13.1084,8
2460583.494507,-2.9703,-4.5912,14.2060,15.2021,11.3935,13.1084,8
2460583.515587,-13.6506,-8.4113,14.2060,15.2021,11.3935,13.1084,8
2460583.542467,-8.6996,-10.9363,14.2060,15.2021,11.3935,13.1084,8
2460585.562067,-15.7323,-3.4303,14.2060,15.2021,11.3935,13.1084,8
2460586.534887,-20.8408,-24.6534,14.2060,15.2021,11.3935,13.1084,8
2460586.553157,-18.8346,8.8885,14.2060,15.2021,11.3935,13.1084,8
2460587.505907,-2.5892,5.4193,14.2060,15.2021,11.3935,13.1084,8
2460587.540597,-15.8611,-9.9309,14.2060,15.2021,11.3935,13.1084,8
2460595.507597,-26.7524,-1.7360,14.2060,15.2021,11.3935,13.1084,8
2460595.527507,-7.8575,-9.9598,14.2060,15.2021,11.3935,13.1084,8
2460598.531107,-10.6291,14.2031,14.2060,15.2021,11.3935,13.1084,8
2460599.521097,-15.9703,-20.0564,14.2060,15.2021,11.3935,13.1084,8
2460600.502227,-35.6470,-32.5923,14.2060,15.2021,11.3935,13.1084,8
2460600.519997,-4.0249,-15.3365,14.2060,15.2021,11.3935,13.1084,8
2460601.501247,-5.2141,-17.2393,14.2060,15.2021,11.3935,13.1084,8
2460603.518177,2.1924,-37.9884,14.2060,15.2021,11.3935,13.1084,8
2460604.504357,-15.1911,-27.2251,14.2060,15.2021,11.3935,13.1084,8
2460604.521177,1.6733,-40.7549,14.2060,15.2021,11.3935,13.1084,8
2460727.869557,-10.9972,-11.9379,14.2060,15.2021,11.2463,11.9410,9
2460729.866157,6.6327,-26.2489,14.2060,15.2021,11.2463,11.9410,9
2460729.875927,18.5737,2.3998,14.2060,15.2021,11.2463,11.9410,9
2460731.854257,-24.1532,8.1780,14.2060,15.2021,11.2463,11.9410,9
2460731.872977,-6.7673,-16.5582,14.2060,15.2021,11.2463,11.9410,9
2460732.844137,-0.9297,5.4295,14.2060,15.2021,11.2463,11.9410,9
2460732.871587,-19.8690,14.2835,14.2060,15.2021,11.2463,11.9410,9
2460732.888157,-9.1271,7.5388,14.2060,15.2021,11.2463,11.9410,9
2460735.891397,-3.2009,-11.7617,14.2060,15.2021,11.2463,11.9410,9
2460737.854997,-9.0189,-1.4785,14.2060,15.2021,11.2463,11.9410,9
2460737.872257,-22.3543,9.4124,14.2060,15.2021,11.2463,11.9410,9
2460737.876477,-7.1466,2.4813,14.2060,15.2021,11.2463,11.9410,9
2460737.890647,11.1695,-8.4501,14.2060,15.2021,11.2463,11.9410,9
2460738.826217,-2.6371,-21.5512,14.2060,15.2021,11.2463,11.9410,9
2460740.835077,-13.8447,-21.6326,14.2060,15.2021,11.2463,11.9410,9
2460742.846527,9.2192,-12.0147,14.2060,15.2021,11.2463,11.9410,9
2460742.863767,-19.5556,2.0894,14.2060,15.2021,11.2463,11.9410,9
2460742.881157,16.3691,-23.0577,14.2060,15.2021,11.2463,11.9410,9
2460742.898177,-24.2592,-11.8548,14.2060,15.2021,11.2463,11.9410,9
2460743.878437,-24.4544,9.1612,14.2060,15.2021,11.2463,11.9410,9
2460743.900637,-4.6002,-14.6987,14.2060,15.2021,11.2463,11.9410,9
2460744.836387,-9.5219,13.8735,14.2060,15.2021,11.2463,11.9410,9
2460744.855957,-10.4118,-7.3268,14.2060,15.2021,11.2463,11.9410,9
2460744.872737,-18.3800,1.5589,14.2060,15.2021,11.2463,11.9410,9
2460744.893827,-7.4719,-9.6474,14.2060,15.2021,11.2463,11.9410,9
2460745.810627,-16.7469,-17.9035,14.2060,15.2021,11.2463,11.9410,9
2460745.827557,-9.4157,-6.5523,14.2060,15.2021,11.2463,11.9410,9
2460745.861617,2.1086,-6.5457,14.2060,15.2021,11.2463,11.9410,9
2460746.815937,-6.8136,-7.7810,14.2060,15.2021,11.2463,11.9410,9
2460746.896967,-1.4737,10.0068,14.2060,15.2021,11.2463,11.9410,9
2460747.811857,-27.3535,-17.3272,14.2060,15.2021,11.2463,11.9410,9
2460748.823927,-1.5763,-9.9751,14.2060,15.2021,11.2463,11.9410,9
2460748.840627,-9.4443,10.3046,14.2060,15.2021,11.2463,11.9410,9
2460748.856987,-9.5530,-10.6486,14.2060,15.2021,11.2463,11.9410,9
2460749.860487,-1.3339,-19.9525,14.2060,15.2021,11.2463,11.9410,9
2460749.881707,-3.7555,7.9104,14.2060,15.2021,11.2463,11.9410,9
2460749.908587,-2.3652,9.3141,14.2060,15.2021,11.2463,11.9410,9
2460750.815977,9.2835,-17.0041,14.2060,15.2021,11.2463,11.9410,9
2460750.849927,-0.4360,5.9744,14.2060,15.2021,11.2463,11.9410,9
2460750.893977,-1.0848,3.6829,14.2060,15.2021,11.2463,11.9410,9
2460751.790227,3.3115,7.4687,14.2060,15.2021,11.2463,11.9410,9
2460751.837327,-27.6409,3.2477,14.2060,15.2021,11.2463,11.9410,9
2460751.854607,-2.8649,4.2003,14.2060,15.2021,11.2463,11.9410,9
2460751.871567,7.7448,5.0303,14.2060,15.2021,11.2463,11.9410,9
2460751.893857,1.0421,-1.6795,14.2060,15.2021,11.2463,11.9410,9
2460752.795567,-16.7992,-13.8301,14.2060,15.2021,11.2463,11.9410,9
2460752.870547,-8.3124,-17.7276,14.2060,15.2021,11.2463,11.9410,9
2460753.799527,-22.2454,-3.4284,14.2060,15.2021,11.2463,11.9410,9
2460754.815007,-20.6246,-3.0048,14.2060,15.2021,11.2463,11.9410,9
2460754.854247,-18.5509,-8.2286,14.2060,15.2021,11.2463,11.9410,9
2460754.871157,-6.8435,2.0176,14.2060,15.2021,11.2463,11.9410,9
2460757.787147,-4.9370,-15.9592,14.2060,15.2021,11.2463,11.9410,9
2460757.803807,-25.5024,-14.4974,14.2060,15.2021,11.2463,11.9410,9
2460757.866687,3.9756,-1.5818,14.2060,15.2021,11.2463,11.9410,9
2460757.883397,12.2529,3.6190,14.2060,15.2021,11.2463,11.9410,9
2460758.793257,-20.7966,-23.0282,14.2060,15.2021,11.2463,11.9410,9
2460758.809977,-15.4069,6.9036,14.2060,15.2021,11.2463,11.9410,9
2460758.829307,1.6083,-8.3920,14.2060,15.2021,11.2463,11.9410,9
2460758.846667,-8.3270,-11.9812,14.2060,15.2021,11.2463,11.9410,9
2460758.897307,5.1340,4.8091,14.2060,15.2021,11.2463,11.9410,9
2460759.881027,-27.7576,-11.6616,14.2060,15.2021,11.2463,11.9410,9
2460760.776797,-17.0422,-20.4046,14.2060,15.2021,11.2463,11.9410,9
2460760.793907,4.7946,9.2742,14.2060,15.2021,11.2463,11.9410,9
2460760.885727,-11.4018,7.5439,14.2060,15.2021,11.2463,11.9410,9
2460761.829457,-11.4318,-4.9987,14.2060,15.2021,11.2463,11.9410,9
2460761.846637,4.0130,3.0493,14.2060,15.2021,11.2463,11.9410,9
2460761.863227,-17.8452,4.0136,14.2060,15.2021,11.2463,11.9410,9
2460761.880087,-19.0975,-1.9095,14.2060,15.2021,11.2463,11.9410,9
2460762.865927,6.9716,-7.8063,14.2060,15.2021,11.2463,11.9410,9
2460763.776547,-11.3928,-18.9614,14.2060,15.2021,11.2463,11.9410,9
2460763.793487,-7.2583,-12.2359,14.2060,15.2021,11.2463,11.9410,9
2460763.810677,-9.2905,-16.9156,14.2060,15.2021,11.2463,11.9410,9
2460763.843907,-17.9286,-15.7673,14.2060,15.2021,11.2463,11.9410,9
2460763.889427,-2.2982,-3.6775,14.2060,15.2021,11.2463,11.9410,9
2460764.803117,-10.2778,-3.2482,14.2060,15.2021,11.2463,11.9410,9
2460764.819547,-8.4654,-16.8551,14.2060,15.2021,11.2463,11.9410,9
2460764.835977,-0.8275,-1.7032,14.2060,15.2021,11.2463,11.9410,9
2460765.864387,-20.7489,-1.0937,14.2060,15.2021,11.2463,11.9410,9
2460766.777107,-19.2355,-23.7270,14.2060,15.2021,11.2463,11.9410,9
2460766.842687,-10.9756,1.4990,14.2060,15.2021,11.2463,11.9410,9
2460767.755847,-10.0992,-9.0673,14.2060,15.2021,11.2463,11.9410,9
2460767.773527,-10.5919,-20.1614,14.2060,15.2021,11.2463,11.9410,9
2460768.758847,-16.4426,-4.9812,14.2060,15.2021,11.2463,11.9410,9
2460768.781667,-3.9150,-4.6632,14.2060,15.2021,11.2463,11.9410,9
2460768.796967,-7.1477,-3.9722,14.2060,15.2021,11.2463,11.9410,9
2460768.814057,-8.2157,-27.2750,14.2060,15.2021,11.2463,11.9410,9
2460769.747647,1.2876,-11.4256,14.2060,15.2021,11.2463,11.9410,9
2460769.764317,-24.1767,-3.4797,14.2060,15.2021,11.2463,11.9410,9
2460769.822837,-10.5638,3.4969,14.2060,15.2021,11.2463,11.9410,9
2460769.906617,3.5746,0.1962,14.2060,15.2021,11.2463,11.9410,9
2460770.744517,-14.7277,-22.9228,14.2060,15.2021,11.2463,11.9410,9
2460770.769687,-13.8486,0.0463,14.2060,15.2021,11.2463,11.9410,9
2460770.786417,-4.8275,-8.3516,14.2060,15.2021,11.2463,11.9410,9
2460770.803047,5.3065,-2.3588,14.2060,15.2021,11.2463,11.9410,9
2460770.888797,-7.1427,-3.7905,14.2060,15.2021,11.2463,11.9410,9
2460771.903807,-29.4987,-18.2221,14.2060,15.2021,11.2463,11.9410,9
2460772.768377,-2.6859,7.4698,14.2060,15.2021,11.2463,11.9410,9
2460772.785177,5.0158,5.5387,14.2060,15.2021,11.2463,11.9410,9
2460772.849067,-7.8185,5.7333,14.2060,15.2021,11.2463,11.9410,9
2460772.866227,12.2731,-2.2410,14.2060,15.2021,11.2463,11.9410,9
2460772.906127,0.7963,-14.9877,14.2060,15.2021,11.2463,11.9410,9
2460773.745857,-17.8326,-26.2570,14.2060,15.2021,11.2463,11.9410,9
2460773.762817,-8.8276,-12.6755,14.2060,15.2021,11.2463,11.9410,9
2460773.779307,9.1218,-17.3336,14.2060,15.2021,11.2463,11.9410,9
2460773.796127,8.2410,7.1877,14.2060,15.2021,11.2463,11.9410,9
2460773.892497,0.8083,-3.2103,14.2060,15.2021,11.2463,11.9410,9
2460774.770357,-8.8235,-11.1451,14.2060,15.2021,11.2463,11.9410,9
2460774.791857,-9.0132,-6.9372,14.2060,15.2021,11.2463,11.9410,9
2460774.794547,-1.1028,-28.8918,14.2060,15.2021,11.2463,11.9410,9
2460774.855817,-11.7077,-15.0274,14.2060,15.2021,11.2463,11.9410,9
2460775.852657,-29.8556,-12.3507,14.2060,15.2021,11.2463,11.9410,9
2460775.903287,7.1171,-13.9157,14.2060,15.2021,11.2463,11.9410,9
2460777.732857,-17.3615,-8.1303,14.2060,15.2021,11.2463,11.9410,9
2460777.751497,-22.8595,-8.0356,14.2060,15.2021,11.2463,11.9410,9
2460777.792787,9.3278,-10.6483,14.2060,15.2021,11.2463,11.9410,9
2460777.810517,-6.4935,-13.6260,14.2060,15.2021,11.2463,11.9410,9
2460777.854047,-2.2068,-3.1526,14.2060,15.2021,11.2463,11.9410,9
2460777.907987,-21.5623,6.9234,14.2060,15.2021,11.2463,11.9410,9
2460778.790747,-19.5296,-3.9506,14.2060,15.2021,11.2463,11.9410,9
2460778.807687,-16.6397,-5.9301,14.2060,15.2021,11.2463,11.9410,9
2460778.834847,-11.8793,3.9924,14.2060,15.2021,11.2463,11.9410,9
2460778.851707,-20.1920,-21.5102,14.2060,15.2021,11.2463,11.9410,9
2460778.868227,4.0428,-6.8237,14.2060,15.2021,11.2463,11.9410,9
2460778.886577,-25.4676,-8.5140,14.2060,15.2021,11.2463,11.9410,9
2460778.904817,-8.7463,-28.0597,14.2060,15.2021,11.2463,11.9410,9
2460779.755987,-9.7251,-25.0133,14.2060,15.2021,11.2463,11.9410,9
2460779.772787,-30.8504,11.6369,14.2060,15.2021,11.2463,11.9410,9
2460779.832657,-2.9045,-2.8603,14.2060,15.2021,11.2463,11.9410,9
2460779.901527,-25.7047,10.3215,14.2060,15.2021,11.2463,11.9410,9
2460780.713927,-0.6719,-8.1676,14.2060,15.2021,11.2463,11.9410,9
2460780.751147,9.6917,-18.3345,14.2060,15.2021,11.2463,11.9410,9
2460780.825087,7.3964,0.9680,14.2060,15.2021,11.2463,11.9410,9
2460780.874007,4.2909,-2.4583,14.2060,15.2021,11.2463,11.9410,9
2460780.912627,-13.6807,-3.1430,14.2060,15.2021,11.2463,11.9410,9
2460781.712437,-22.3668,-13.1842,14.2060,15.2021,11.2463,11.9410,9
2460781.776437,-1.0679,-15.6776,14.2060,15.2021,11.2463,11.9410,9
2460781.793857,-4.2815,9.9022,14.2060,15.2021,11.2463,11.9410,9
2460781.811107,-12.4727,6.9606,14.2060,15.2021,11.2463,11.9410,9
2460782.726627,-3.4862,-6.6602,14.2060,15.2021,11.2463,11.9410,9
2460782.806627,-25.1413,-19.4458,14.2060,15.2021,11.2463,11.9410,9
2460782.823667,-18.2291,-3.9364,14.2060,15.2021,11.2463,11.9410,9
2460782.848517,1.5967,-5.6566,14.2060,15.2021,11.2463,11.9410,9
2460785.723077,-1.5035,8.6349,14.2060,15.2021,11.2463,11.9410,9
2460785.779877,-2.7185,-17.4821,14.2060,15.2021,11.2463,11.9410,9
2460786.835887,-29.6659,-4.2099,14.2060,15.2021,11.2463,11.9410,9
2460786.853207,-31.6837,-12.3949,14.2060,15.2021,11.2463,11.9410,9
2460786.917847,-13.1157,-21.3816,14.2060,15.2021,11.2463,11.9410,9
2460787.701717,-31.1341,0.3223,14.2060,15.2021,11.2463,11.9410,9
2460787.735387,-32.0279,-10.9510,14.2060,15.2021,11.2463,11.9410,9
2460787.763947,-6.4089,-16.7840,14.2060,15.2021,11.2463,11.9410,9
2460787.791237,-16.4440,-1.8734,14.2060,15.2021,11.2463,11.9410,9
2460787.810997,-4.6225,-10.5692,14.2060,15.2021,11.2463,11.9410,9
2460787.847777,-8.2068,-4.7866,14.2060,15.2021,11.2463,11.9410,9
2460787.930447,-0.7707,-11.1049,14.2060,15.2021,11.2463,11.9410,9
2460788.734747,-12.2886,-1.7313,14.2060,15.2021,11.2463,11.9410,9
2460788.770677,-0.9448,-10.1182,14.2060,15.2021,11.2463,11.9410,9
2460788.787977,-3.3081,-4.5097,14.2060,15.2021,11.2463,11.9410,9
2460788.805987,2.2516,-17.3919,14.2060,15.2021,11.2463,11.9410,9
2460788.858297,-3.2952,-0.3408,14.2060,15.2021,11.2463,11.9410,9
2460789.728077,-11.0511,-8.0782,14.2060,15.2021,11.2463,11.9410,9
2460789.912927,-20.0617,2.5645,14.2060,15.2021,11.2463,11.9410,9
2460790.730817,-20.1432,1.3216,14.2060,15.2021,11.2463,11.9410,9
2460790.765637,-12.4106,-4.7632,14.2060,15.2021,11.2463,11.9410,9
2460790.815547,-12.4891,-13.1496,14.2060,15.2021,11.2463,11.9410,9
2460790.825017,-12.7566,-10.0234,14.2060,15.2021,11.2463,11.9410,9
2460790.900987,-25.3143,-26.2471,14.2060,15.2021,11.2463,11.9410,9
2460791.725827,-22.7384,-12.3417,14.2060,15.2021,11.2463,11.9410,9
2460791.821317,-9.4102,9.6393,14.2060,15.2021,11.2463,11.9410,9
2460791.884127,-14.9352,8.6526,14.2060,15.2021,11.2463,11.9410,9
2460791.900667,-27.6460,-6.3168,14.2060,15.2021,11.2463,11.9410,9
2460791.919517,-13.1368,-2.5972,14.2060,15.2021,11.2463,11.9410,9
2460792.702067,-7.2398,-23.0612,14.2060,15.2021,11.2463,11.9410,9
2460792.746037,6.6153,9.6518,14.2060,15.2021,11.2463,11.9410,9
2460792.762997,-22.1009,-16.7282,14.2060,15.2021,11.2463,11.9410,9
2460792.782407,-0.1289,-13.7045,14.2060,15.2021,11.2463,11.9410,9
2460792.798847,-11.6375,5.6864,14.2060,15.2021,11.2463,11.9410,9
2460792.828287,-6.3656,2.3414,14.2060,15.2021,11.2463,11.9410,9
2460792.879157,-7.0728,-2.8300,14.2060,15.2021,11.2463,11.9410,9
2460793.679407,-10.6908,-13.7690,14.2060,15.2021,11.2463,11.9410,9
2460793.700137,-22.0878,-19.0947,14.2060,15.2021,11.2463,11.9410,9
2460793.805927,-22.8498,7.5050,14.2060,15.2021,11.2463,11.9410,9
2460793.889457,-11.1294,1.6620,14.2060,15.2021,11.2463,11.9410,9
2460794.705197,-1.8835,-4.1800,14.2060,15.2021,11.2463,11.9410,9
2460794.721847,-8.4969,-8.8438,14.2060,15.2021,11.2463,11.9410,9
2460794.738827,-19.3407,-4.1686,14.2060,15.2021,11.2463,11.9410,9
2460794.772377,-8.9575,-1.5770,14.2060,15.2021,11.2463,11.9410,9
2460794.855497,0.9110,11.2162,14.2060,15.2021,11.2463,11.9410,9
2460795.674797,-9.1009,-27.1244,14.2060,15.2021,11.2463,11.9410,9
2460795.744067,-4.1545,-12.1453,14.2060,15.2021,11.2463,11.9410,9
2460795.763867,-7.2495,-10.0049,14.2060,15.2021,11.2463,11.9410,9
2460795.780397,-24.6165,-6.4784,14.2060,15.2021,11.2463,11.9410,9
2460795.801427,2.3099,1.6347,14.2060,15.2021,11.2463,11.9410,9
2460795.818447,-23.4811,-21.1187,14.2060,15.2021,11.2463,11.9410,9
2460795.886817,-19.1139,-9.4572,14.2060,15.2021,11.2463,11.9410,9
2460795.903587,-30.4538,-1.9064,14.2060,15.2021,11.2463,11.9410,9
2460795.921307,1.5778,-7.2505,14.2060,15.2021,11.2463,11.9410,9
2460797.699907,-21.4039,2.3246,14.2060,15.2021,11.2463,11.9410,9
2460797.718057,-5.2088,-17.5574,14.2060,15.2021,11.2463,11.9410,9
2460797.726177,-16.9815,11.5024,14.2060,15.2021,11.2463,11.9410,9
2460797.734357,-12.4672,-30.1324,14.2060,15.2021,11.2463,11.9410,9
2460797.742747,-0.8403,10.4902,14.2060,15.2021,11.2463,11.9410,9
2460797.750827,-24.8346,-1.2915,14.2060,15.2021,11.2463,11.9410,9
2460797.769347,-7.8943,-15.2220,14.2060,15.2021,11.2463,11.9410,9
2460797.781837,1.2558,0.6388,14.2060,15.2021,11.2463,11.9410,9
2460797.801417,-24.7228,-12.8340,14.2060,15.2021,11.2463,11.9410,9
2460797.810367,-3.3966,-10.2855,14.2060,15.2021,11.2463,11.9410,9
2460797.818877,-13.5363,-4.5309,14.2060,15.2021,11.2463,11.9410,9
2460797.844257,-11.5262,5.8192,14.2060,15.2021,11.2463,11.9410,9
2460797.856147,-9.2468,-11.0976,14.2060,15.2021,11.2463,11.9410,9
2460797.888187,-32.0630,-24.0665,14.2060,15.2021,11.2463,11.9410,9
2460797.905107,-20.5945,-26.4193,14.2060,15.2021,11.2463,11.9410,9
2460797.913597,8.2751,5.9006,14.2060,15.2021,11.2463,11.9410,9
2460798.769957,-17.6473,-23.6691,14.2060,15.2021,11.2463,11.9410,9
2460798.830597,-20.9649,7.3721,14.2060,15.2021,11.2463,11.9410,9
2460798.851307,-20.8864,0.9202,14.2060,15.2021,11.2463,11.9410,9
2460798.887797,-8.9476,-9.1870,14.2060,15.2021,11.2463,11.9410,9
2460798.914957,-21.3332,-4.2139,14.2060,15.2021,11.2463,11.9410,9
2460798.931107,-0.4206,-11.1020,14.2060,15.2021,11.2463,11.9410,9
2460799.671237,-10.3525,-7.3199,14.2060,15.2021,11.2463,11.9410,9
2460799.689147,-8.9253,-3.7898,14.2060,15.2021,11.2463,11.9410,9
2460799.737457,-13.2967,-12.3031,14.2060,15.2021,11.2463,11.9410,9
2460799.836577,-21.6172,1.7873,14.2060,15.2021,11.2463,11.9410,9
2460799.921837,9.0231,-25.8056,14.2060,15.2021,11.2463,11.9410,9
2460800.663677,-26.0838,-18.6714,14.2060,15.2021,11.2463,11.9410,9
2460800.697697,-8.7471,-2.8484,14.2060,15.2021,11.2463,11.9410,9
2460800.875437,-15.5377,-9.2345,14.2060,15.2021,11.2463,11.9410,9
2460801.653427,-29.9934,-19.8880,14.2060,15.2021,11.2463,11.9410,9
2460801.670277,-29.4562,-17.0117,14.2060,15.2021,11.2463,11.9410,9
2460801.730587,-11.3441,8.7865,14.2060,15.2021,11.2463,11.9410,9
2460801.757757,-4.7134,-11.7085,14.2060,15.2021,11.2463,11.9410,9
2460801.908227,-14.7546,-7.1016,14.2060,15.2021,11.2463,11.9410,9
2460801.930627,-9.6000,10.9748,14.2060,15.2021,11.2463,11.9410,9
2460802.813087,-4.2664,-0.1595,14.2060,15.2021,11.2463,11.9410,9
2460803.687267,-12.4762,-18.6570,14.2060,15.2021,11.2463,11.9410,9
2460803.721787,-2.7923,-5.9061,14.2060,15.2021,11.2463,11.9410,9
2460803.810387,-21.9735,-26.8081,14.2060,15.2021,11.2463,11.9410,9
2460803.827407,-29.5195,-14.1517,14.2060,15.2021,11.2463,11.9410,9
2460803.844427,-28.5140,-19.7980,14.2060,15.2021,11.2463,11.9410,9
2460803.861557,-26.7669,-24.2331,14.2060,15.2021,11.2463,11.9410,9
2460805.665427,1.5142,8.3669,14.2060,15.2021,11.2463,11.9410,9
2460805.692487,-25.4133,-22.0432,14.2060,15.2021,11.2463,11.9410,9
2460805.728287,-12.7259,10.7127,14.2060,15.2021,11.2463,11.9410,9
2460805.745047,2.8514,-25.7243,14.2060,15.2021,11.2463,11.9410,9
2460805.761827,-31.4708,-19.8942,14.2060,15.2021,11.2463,11.9410,9
2460805.780237,-4.5728,-5.8256,14.2060,15.2021,11.2463,11.9410,9
2460805.807257,-0.7085,-20.7385,14.2060,15.2021,11.2463,11.9410,9
2460805.825217,3.7858,-16.0295,14.2060,15.2021,11.2463,11.9410,9
2460805.842187,-8.6959,-11.2948,14.2060,15.2021,11.2463,11.9410,9
2460805.858847,1.2999,-5.6940,14.2060,15.2021,11.2463,11.9410,9
2460805.878827,-12.5370,-9.9224,14.2060,15.2021,11.2463,11.9410,9
2460805.905807,-9.3008,0.8801,14.2060,15.2021,11.2463,11.9410,9
2460805.922447,-2.9947,-9.3933,14.2060,15.2021,11.2463,11.9410,9
2460805.925137,-8.1998,-8.6919,14.2060,15.2021,11.2463,11.9410,9
2460806.649317,-20.2299,9.0866,14.2060,15.2021,11.2463,11.9410,9
2460806.789707,-26.6339,2.3258,14.2060,15.2021,11.2463,11.9410,9
2460806.806287,-8.3272,-20.0192,14.2060,15.2021,11.2463,11.9410,9
2460806.846007,-18.6625,-2.6451,14.2060,15.2021,11.2463,11.9410,9
2460806.882077,3.5355,-8.6259,14.2060,15.2021,11.2463,11.9410,9
2460807.663707,6.3795,-21.4071,14.2060,15.2021,11.2463,11.9410,9
2460807.750577,-11.7036,-25.2325,14.2060,15.2021,11.2463,11.9410,9
2460807.816767,0.8122,-1.2018,14.2060,15.2021,11.2463,11.9410,9
2460807.833327,-15.1478,12.6788,14.2060,15.2021,11.2463,11.9410,9
2460807.849797,-26.6266,-19.8847,14.2060,15.2021,11.2463,11.9410,9
2460807.866487,10.6717,-18.6882,14.2060,15.2021,11.2463,11.9410,9
2460807.893667,-19.1435,-0.3277,14.2060,15.2021,11.2463,11.9410,9
2460807.910247,7.9199,-1.7618,14.2060,15.2021,11.2463,11.9410,9
2460808.742747,-3.0941,-2.3832,14.2060,15.2021,11.2463,11.9410,9
2460808.761587,2.0352,11.0206,14.2060,15.2021,11.2463,11.9410,9
2460812.889737,-1.6777,5.3798,14.2060,15.2021,11.2463,11.9410,9
2460814.759167,-1.9244,-10.9140,14.2060,15.2021,11.2463,11.9410,9
2460814.792887,-15.6236,-12.8329,14.2060,15.2021,11.2463,11.9410,9
2460814.837297,0.9075,-13.3140,14.2060,15.2021,11.2463,11.9410,9
2460814.857857,-13.0635,-5.9982,14.2060,15.2021,11.2463,11.9410,9
2460815.617657,5.9830,-29.7861,14.2060,15.2021,11.2463,11.9410,9
2460815.642817,-30.0068,-17.8483,14.2060,15.2021,11.2463,11.9410,9
2460815.676167,-19.3317,-2.5146,14.2060,15.2021,11.2463,11.9410,9
2460815.802067,-22.7803,-21.4588,14.2060,15.2021,11.2463,11.9410,9
2460815.819097,-2.4391,-26.3370,14.2060,15.2021,11.2463,11.9410,9
2460815.847027,-7.0311,-29.0209,14.2060,15.2021,11.2463,11.9410,9
2460815.864257,-19.4646,-1.7083,14.2060,15.2021,11.2463,11.9410,9
2460815.882317,-5.9656,-17.0460,14.2060,15.2021,11.2463,11.9410,9
2460815.900477,-10.6250,-10.0166,14.2060,15.2021,11.2463,11.9410,9
2460816.622227,-21.0358,1.0217,14.2060,15.2021,11.2463,11.9410,9
2460816.655577,-7.6565,-14.1935,14.2060,15.2021,11.2463,11.9410,9
2460816.764697,-7.1469,-5.0132,14.2060,15.2021,11.2463,11.9410,9
2460816.784497,-14.0914,12.9484,14.2060,15.2021,11.2463,11.9410,9
2460816.834177,3.0918,-13.1498,14.2060,15.2021,11.2463,11.9410,9
2460816.902737,-8.0785,-1.5356,14.2060,15.2021,11.2463,11.9410,9
2460817.620307,-19.3496,0.1242,14.2060,15.2021,11.2463,11.9410,9
2460817.673207,-5.9224,-11.5865,14.2060,15.2021,11.2463,11.9410,9
2460817.780217,1.5073,-5.8489,14.2060,15.2021,11.2463,11.9410,9
2460817.859427,-10.1057,-14.5548,14.2060,15.2021,11.2463,11.9410,9
2460817.893287,-11.0134,-6.4999,14.2060,15.2021,11.2463,11.9410,9
2460817.910457,-10.4038,-4.0151,14.2060,15.2021,11.2463,11.9410,9
2460818.650637,-24.0281,-2.8843,14.2060,15.2021,11.2463,11.9410,9
2460818.684587,-6.3254,-9.1857,14.2060,15.2021,11.2463,11.9410,9
2460818.748417,-17.6434,-0.6612,14.2060,15.2021,11.2463,11.9410,9
2460818.868987,-2.6554,1.0629,14.2060,15.2021,11.2463,11.9410,9
2460818.910127,-27.0467,7.8889,14.2060,15.2021,11.2463,11.9410,9
2460819.612637,-11.4704,-14.9597,14.2060,15.2021,11.2463,11.9410,9
2460819.641717,-23.3415,-15.6084,14.2060,15.2021,11.2463,11.9410,9
2460819.662987,-23.8939,-15.1144,14.2060,15.2021,11.2463,11.9410,9
2460819.891757,-7.6269,-3.9320,14.2060,15.2021,11.2463,11.9410,9
2460819.908547,-13.1427,-11.9205,14.2060,15.2021,11.2463,11.9410,9
2460820.600447,-20.9043,-23.9292,14.2060,15.2021,11.2463,11.9410,9
2460820.653517,-15.3299,-9.9558,14.2060,15.2021,11.2463,11.9410,9
2460820.691787,-0.6453,-6.6500,14.2060,15.2021,11.2463,11.9410,9
2460820.709187,-16.8317,-2.4993,14.2060,15.2021,11.2463,11.9410,9
2460820.790707,-8.3247,6.7514,14.2060,15.2021,11.2463,11.9410,9
2460820.824457,-11.5804,-0.2889,14.2060,15.2021,11.2463,11.9410,9
2460820.851937,-10.6048,0.8687,14.2060,15.2021,11.2463,11.9410,9
2460820.892087,-12.0654,-4.3832,14.2060,15.2021,11.2463,11.9410,9
2460820.909007,2.0932,0.8815,14.2060,15.2021,11.2463,11.9410,9
2460821.679567,4.4125,-16.1993,14.2060,15.2021,11.2463,11.9410,9
2460821.696807,-14.7475,-16.5981,14.2060,15.2021,11.2463,11.9410,9
2460821.757057,-10.8934,-5.4128,14.2060,15.2021,11.2463,11.9410,9
2460821.797917,1.9710,6.4341,14.2060,15.2021,11.2463,11.9410,9
2460821.815327,-4.8749,-14.8220,14.2060,15.2021,11.2463,11.9410,9
2460821.896777,-13.2739,-24.2294,14.2060,15.2021,11.2463,11.9410,9
2460823.657887,-20.5236,-25.9334,14.2060,15.2021,11.2463,11.9410,9
2460823.696227,-12.7581,-22.2000,14.2060,15.2021,11.2463,11.9410,9
2460823.723197,-13.6392,3.0245,14.2060,15.2021,11.2463,11.9410,9
2460823.740067,-24.5628,-10.8488,14.2060,15.2021,11.2463,11.9410,9
2460823.757917,-2.6715,5.9646,14.2060,15.2021,11.2463,11.9410,9
2460824.622707,-20.8522,-12.2491,14.2060,15.2021,11.2463,11.9410,9
2460824.687337,-19.1715,-4.5437,14.2060,15.2021,11.2463,11.9410,9
2460824.807107,-3.2548,-2.6075,14.2060,15.2021,11.2463,11.9410,9
2460824.824017,-6.3064,-10.3506,14.2060,15.2021,11.2463,11.9410,9
2460824.842727,-26.1690,-13.7770,14.2060,15.2021,11.2463,11.9410,9
2460824.859757,2.6893,-8.6137,14.2060,15.2021,11.2463,11.9410,9
2460824.904157,-4.7015,-6.9256,14.2060,15.2021,11.2463,11.9410,9
2460825.596367,0.2634,-26.7946,14.2060,15.2021,11.2463,11.9410,9
2460825.614987,-26.6889,-12.8646,14.2060,15.2021,11.2463,11.9410,9
2460825.633257,-11.4840,-18.7872,14.2060,15.2021,11.2463,11.9410,9
2460825.665577,-2.1635,-13.3104,14.2060,15.2021,11.2463,11.9410,9
2460825.719247,-1.0708,0.5034,14.2060,15.2021,11.2463,11.9410,9
2460825.737817,-9.6698,-1.6580,14.2060,15.2021,11.2463,11.9410,9
2460825.785057,-22.6108,-0.2260,14.2060,15.2021,11.2463,11.9410,9
2460825.801787,-17.8873,-6.6937,14.2060,15.2021,11.2463,11.9410,9
2460825.819757,-4.0227,-11.7141,14.2060,15.2021,11.2463,11.9410,9
2460825.836437,0.1073,-12.6839,14.2060,15.2021,11.2463,11.9410,9
2460825.901567,-13.1812,-19.3682,14.2060,15.2021,11.2463,11.9410,9
2460826.614777,5.2053,3.3748,14.2060,15.2021,11.2463,11.9410,9
2460826.692977,-16.1481,-0.1821,14.2060,15.2021,11.2463,11.9410,9
2460826.743107,-15.2677,6.9213,14.2060,15.2021,11.2463,11.9410,9
2460826.776607,-0.8053,-16.4787,14.2060,15.2021,11.2463,11.9410,9
2460826.794697,-1.0218,-9.0944,14.2060,15.2021,11.2463,11.9410,9
2460826.843827,-3.6552,-1.1622,14.2060,15.2021,11.2463,11.9410,9
2460827.741347,-2.4860,-24.3098,14.2060,15.2021,11.2463,11.9410,9
2460827.763197,3.3507,-15.9272,14.2060,15.2021,11.2463,11.9410,9
2460827.842087,-13.5355,-27.9975,14.2060,15.2021,11.2463,11.9410,9
2460827.858697,-5.8595,7.4493,14.2060,15.2021,11.2463,11.9410,9
2460827.879537,-12.5503,0.2783,14.2060,15.2021,11.2463,11.9410,9
2460827.896577,-11.4619,-4.3592,14.2060,15.2021,11.2463,11.9410,9
2460828.614277,0.6515,-10.7532,14.2060,15.2021,11.2463,11.9410,9
2460828.632347,-2.5028,-13.2143,14.2060,15.2021,11.2463,11.9410,9
2460828.648987,-5.3700,1.2795,14.2060,15.2021,11.2463,11.9410,9
2460828.699297,-14.4781,-1.2335,14.2060,15.2021,11.2463,11.9410,9
2460828.811687,-24.0041,6.5099,14.2060,15.2021,11.2463,11.9410,9
2460828.828687,-15.1674,-22.6550,14.2060,15.2021,11.2463,11.9410,9
2460828.910577,-17.1070,-1.5482,14.2060,15.2021,11.2463,11.9410,9
2460829.614747,-2.9914,-10.6426,14.2060,15.2021,11.2463,11.9410,9
2460829.677157,6.4471,8.9209,14.2060,15.2021,11.2463,11.9410,9
2460829.693997,-19.1686,-1.5860,14.2060,15.2021,11.2463,11.9410,9
2460829.699557,-1.4768,1.4201,14.2060,15.2021,11.2463,11.9410,9
2460829.702247,-16.3773,-1.4412,14.2060,15.2021,11.2463,11.9410,9
2460829.713097,-13.3484,-6.7536,14.2060,15.2021,11.2463,11.9410,9
2460829.774187,-10.6923,-12.4771,14.2060,15.2021,11.2463,11.9410,9
2460830.582107,2.8687,-8.5945,14.2060,15.2021,11.2463,11.9410,9
2460830.585057,4.4602,-6.8602,14.2060,15.2021,11.2463,11.9410,9
2460830.601397,-15.4358,13.8016,14.2060,15.2021,11.2463,11.9410,9
2460830.629117,-7.5391,1.7515,14.2060,15.2021,11.2463,11.9410,9
2460830.663667,-4.6113,-11.0454,14.2060,15.2021,11.2463,11.9410,9
2460830.697327,-4.0993,-11.8730,14.2060,15.2021,11.2463,11.9410,9
2460830.742217,-15.6138,-10.5481,14.2060,15.2021,11.2463,11.9410,9
2460830.759027,-2.1371,-0.5324,14.2060,15.2021,11.2463,11.9410,9
2460830.778297,-3.1180,8.5582,14.2060,15.2021,11.2463,11.9410,9
2460830.812807,-24.7349,4.7760,14.2060,15.2021,11.2463,11.9410,9
2460830.840567,-22.0236,9.6542,14.2060,15.2021,11.2463,11.9410,9
2460830.859987,-0.2899,-10.9070,14.2060,15.2021,11.2463,11.9410,9
2460830.876327,-32.4912,9.5147,14.2060,15.2021,11.2463,11.9410,9
2460831.712787,2.8540,-16.4989,14.2060,15.2021,11.2463,11.9410,9
2460831.730917,1.9241,-22.0849,14.2060,15.2021,11.2463,11.9410,9
2460831.747447,-6.2227,-2.5392,14.2060,15.2021,11.2463,11.9410,9
2460831.784367,-21.5971,1.8885,14.2060,15.2021,11.2463,11.9410,9
2460831.847457,-20.5724,-14.1367,14.2060,15.2021,11.2463,11.9410,9
2460831.868157,-4.0424,-30.5389,14.2060,15.2021,11.2463,11.9410,9
2460831.884847,-27.9450,-30.6537,14.2060,15.2021,11.2463,11.9410,9
2460832.621547,-12.9139,-7.2781,14.2060,15.2021,11.2463,11.9410,9
2460832.658837,-28.8689,-7.8109,14.2060,15.2021,11.2463,11.9410,9
2460832.738267,-11.0192,-11.3445,14.2060,15.2021,11.2463,11.9410,9
2460832.783187,-11.9122,-6.4001,14.2060,15.2021,11.2463,11.9410,9
2460832.824737,-26.6539,-7.7508,14.2060,15.2021,11.2463,11.9410,9
2460832.841727,-28.5994,7.9867,14.2060,15.2021,11.2463,11.9410,9
2460832.860617,-15.1935,-14.6437,14.2060,15.2021,11.2463,11.9410,9
2460833.629437,-24.6025,-9.2152,14.2060,15.2021,11.2463,11.9410,9
2460833.673187,-13.3491,10.4011,14.2060,15.2021,11.2463,11.9410,9
2460833.690337,-12.4042,-2.5530,14.2060,15.2021,11.2463,11.9410,9
2460833.708147,-10.7473,-21.8433,14.2060,15.2021,11.2463,11.9410,9
2460833.724757,-29.5769,-3.4529,14.2060,15.2021,11.2463,11.9410,9
2460833.769387,-21.4689,-32.0657,14.2060,15.2021,11.2463,11.9410,9
2460833.790077,-9.6516,8.3013,14.2060,15.2021,11.2463,11.9410,9
2460833.826737,-8.4258,-17.0119,14.2060,15.2021,11.2463,11.9410,9
2460833.843977,-19.1855,-1.2065,14.2060,15.2021,11.2463,11.9410,9
2460833.861167,-4.4450,-22.6327,14.2060,15.2021,11.2463,11.9410,9
2460833.891307,-18.8779,-15.9005,14.2060,15.2021,11.2463,11.9410,9
2460834.816227,-14.8077,17.6188,14.2060,15.2021,11.2463,11.9410,9
2460834.832787,8.4476,-6.1568,14.2060,15.2021,11.2463,11.9410,9
2460834.849637,-6.2111,-0.7276,14.2060,15.2021,11.2463,11.9410,9
2460834.893857,-7.2030,0.9595,14.2060,15.2021,11.2463,11.9410,9
2460835.644557,-4.7786,-13.3565,14.2060,15.2021,11.2463,11.9410,9
2460835.678437,-13.3377,4.3616,14.2060,15.2021,11.2463,11.9410,9
2460835.698987,-12.1606,-10.8252,14.2060,15.2021,11.2463,11.9410,9
2460835.716027,-20.7193,-19.1867,14.2060,15.2021,11.2463,11.9410,9
2460835.778197,-16.5968,7.6494,14.2060,15.2021,11.2463,11.9410,9
2460835.795197,-3.7163,-2.8314,14.2060,15.2021,11.2463,11.9410,9
2460835.813377,-1.1243,-8.9630,14.2060,15.2021,11.2463,11.9410,9
2460836.621277,-28.1296,-31.6412,14.2060,15.2021,11.2463,11.9410,9
2460836.695067,4.1027,9.9386,14.2060,15.2021,11.2463,11.9410,9
2460836.722547,-8.7030,19.9560,14.2060,15.2021,11.2463,11.9410,9
2460836.738927,-19.4676,-17.4192,14.2060,15.2021,11.2463,11.9410,9
2460836.836677,-32.9300,11.0628,14.2060,15.2021,11.2463,11.9410,9
2460843.616077,-10.9564,-14.0513,14.2060,15.2021,11.2463,11.9410,9
2460843.632917,-9.7129,11.2684,14.2060,15.2021,11.2463,11.9410,9
2460843.713177,-0.9610,-11.6362,14.2060,15.2021,11.2463,11.9410,9
2460843.783887,0.0736,-16.8824,14.2060,15.2021,11.2463,11.9410,9
2460845.689837,-32.3213,-28.8874,14.2060,15.2021,11.2463,11.9410,9
2460845.735607,-14.9863,-17.6733,14.2060,15.2021,11.2463,11.9410,9
2460846.570207,-17.5951,-16.1174,14.2060,15.2021,11.2463,11.9410,9
2460846.587237,-24.9733,1.8646,14.2060,15.2021,11.2463,11.9410,9
2460846.624077,-2.9976,5.4562,14.2060,15.2021,11.2463,11.9410,9
2460846.646707,-17.4801,0.0638,14.2060,15.2021,11.2463,11.9410,9
2460846.691977,-14.8840,-9.9537,14.2060,15.2021,11.2463,11.9410,9
2460846.713467,-10.6005,-5.0762,14.2060,15.2021,11.2463,11.9410,9
2460846.806517,-13.7935,11.5660,14.2060,15.2021,11.2463,11.9410,9
2460846.840887,-0.2881,6.5264,14.2060,15.2021,11.2463,11.9410,9
2460847.533767,-27.3189,-29.6205,14.2060,15.2021,11.2463,11.9410,9
2460847.550877,-37.2558,-35.0235,14.2060,15.2021,11.2463,11.9410,9
2460847.579947,-27.8895,-33.7082,14.2060,15.2021,11.2463,11.9410,9
2460847.596717,-1.1662,-17.0943,14.2060,15.2021,11.2463,11.9410,9
2460847.615297,-21.1558,-18.5483,14.2060,15.2021,11.2463,11.9410,9
2460847.652127,1.0749,-12.9286,14.2060,15.2021,11.2463,11.9410,9
2460847.679507,-13.6164,-14.5223,14.2060,15.2021,11.2463,11.9410,9
2460847.715237,-5.2124,-30.4020,14.2060,15.2021,11.2463,11.9410,9
2460847.748347,-21.4370,2.5515,14.2060,15.2021,11.2463,11.9410,9
2460847.792777,-8.2868,-10.4561,14.2060,15.2021,11.2463,11.9410,9
2460847.811437,-22.2520,-25.3788,14.2060,15.2021,11.2463,11.9410,9
2460848.577987,-24.2558,-24.2555,14.2060,15.2021,11.2463,11.9410,9
2460848.612637,-39.5648,-23.2611,14.2060,15.2021,11.2463,11.9410,9
2460848.669187,-7.2066,2.7113,14.2060,15.2021,11.2463,11.9410,9
2460850.521727,-25.5159,8.3076,14.2060,15.2021,11.2463,11.9410,9
2460850.540357,-0.6529,-8.2391,14.2060,15.2021,11.2463,11.9410,9
2460850.556767,-27.7404,-12.6296,14.2060,15.2021,11.2463,11.9410,9
2460850.590257,-17.0108,-19.4186,14.2060,15.2021,11.2463,11.9410,9
2460850.612847,-14.8739,-7.6814,14.2060,15.2021,11.2463,11.9410,9
2460850.646117,-10.9482,5.3887,14.2060,15.2021,11.2463,11.9410,9
2460850.680307,-16.8088,1.9987,14.2060,15.2021,11.2463,11.9410,9
2460850.740917,-15.5208,10.9430,14.2060,15.2021,11.2463,11.9410,9
2460850.759037,-16.9435,0.1587,14.2060,15.2021,11.2463,11.9410,9
2460850.793597,-25.9588,6.4547,14.2060,15.2021,11.2463,11.9410,9
2460850.810277,-7.8828,-13.2977,14.2060,15.2021,11.2463,11.9410,9
2460851.521077,-17.0831,-37.7615,14.2060,15.2021,11.2463,11.9410,9
2460851.538267,-12.2554,-25.0948,14.2060,15.2021,11.2463,11.9410,9
2460851.575987,15.2888,-13.1043,14.2060,15.2021,11.2463,11.9410,9
2460851.592757,-17.6101,11.1839,14.2060,15.2021,11.2463,11.9410,9
2460851.620237,-8.9942,-0.8739,14.2060,15.2021,11.2463,11.9410,9
2460851.671237,-9.8192,4.6922,14.2060,15.2021,11.2463,11.9410,9
2460851.688537,7.7643,-2.0145,14.2060,15.2021,11.2463,11.9410,9
2460851.705577,-8.6665,10.8330,14.2060,15.2021,11.2463,11.9410,9
2460851.732317,-8.2797,0.5071,14.2060,15.2021,11.2463,11.9410,9
2460851.751977,-14.4033,-25.8372,14.2060,15.2021,11.2463,11.9410,9
2460853.579267,-34.6756,-1.7346,14.2060,15.2021,11.2463,11.9410,9
2460853.606707,-21.1492,1.5612,14.2060,15.2021,11.2463,11.9410,9
2460853.623457,-5.8595,15.6660,14.2060,15.2021,11.2463,11.9410,9
2460853.647317,1.2300,-21.1192,14.2060,15.2021,11.2463,11.9410,9
2460853.669297,-5.6690,-1.2320,14.2060,15.2021,11.2463,11.9410,9
2460853.713327,-18.2072,-27.2891,14.2060,15.2021,11.2463,11.9410,9
2460853.730127,-42.1632,10.0081,14.2060,15.2021,11.2463,11.9410,9
2460853.751497,-28.0522,-24.4372,14.2060,15.2021,11.2463,11.9410,9
2460853.767857,3.7572,-15.0002,14.2060,15.2021,11.2463,11.9410,9
2460853.785617,-31.6500,-31.3726,14.2060,15.2021,11.2463,11.9410,9
2460853.803757,-13.4188,-34.7777,14.2060,15.2021,11.2463,11.9410,9
2460854.601437,-13.7081,16.7003,14.2060,15.2021,11.2463,11.9410,9
2460854.618837,-8.5884,-9.2267,14.2060,15.2021,11.2463,11.9410,9
2460854.637747,-6.3870,-32.7074,14.2060,15.2021,11.2463,11.9410,9
2460854.657637,1.6772,-0.0805,14.2060,15.2021,11.2463,11.9410,9
2460854.674127,-31.0846,-6.4100,14.2060,15.2021,11.2463,11.9410,9
2460854.708437,-20.3032,11.2165,14.2060,15.2021,11.2463,11.9410,9
2460854.724997,-19.9928,-20.4538,14.2060,15.2021,11.2463,11.9410,9
2460855.655267,-6.8062,5.4251,14.2060,15.2021,11.2463,11.9410,9
2460855.658387,-17.6676,-11.0985,14.2060,15.2021,11.2463,11.9410,9
2460856.523487,-40.1190,-9.4211,14.2060,15.2021,11.2463,11.9410,9
2460856.542217,-7.9778,-25.2580,14.2060,15.2021,11.2463,11.9410,9
2460856.586337,-33.2798,-8.5300,14.2060,15.2021,11.2463,11.9410,9
2460856.606737,-42.2468,12.2009,14.2060,15.2021,11.2463,11.9410,9
2460856.623617,-23.3637,17.3496,14.2060,15.2021,11.2463,11.9410,9
2460856.641577,-11.9014,3.2197,14.2060,15.2021,11.2463,11.9410,9
2460856.658337,-31.3003,-6.5034,14.2060,15.2021,11.2463,11.9410,9
2460856.690187,-10.8086,4.9485,14.2060,15.2021,11.2463,11.9410,9
2460856.707037,-31.9211,-37.8464,14.2060,15.2021,11.2463,11.9410,9
2460856.709757,-35.5324,4.8295,14.2060,15.2021,11.2463,11.9410,9
2460856.724727,-18.9095,-8.3329,14.2060,15.2021,11.2463,11.9410,9
2460856.759447,-11.6678,-19.5593,14.2060,15.2021,11.2463,11.9410,9
2460856.787817,-9.4302,10.8942,14.2060,15.2021,11.2463,11.9410,9
2460856.822807,-16.3334,4.8933,14.2060,15.2021,11.2463,11.9410,9
2460857.678437,-23.7132,-10.1488,14.2060,15.2021,11.2463,11.9410,9
2460857.718407,3.8266,-19.9080,14.2060,15.2021,11.2463,11.9410,9
2460857.734767,-38.6961,-10.0737,14.2060,15.2021,11.2463,11.9410,9
2460857.751997,-25.0283,-14.4406,14.2060,15.2021,11.2463,11.9410,9
2460857.768527,-6.5623,-6.8300,14.2060,15.2021,11.2463,11.9410,9
2460857.815137,-9.1693,-0.1269,14.2060,15.2021,11.2463,11.9410,9
2460857.831937,-34.3172,-29.5387,14.2060,15.2021,11.2463,11.9410,9
2460858.657147,-6.1767,-30.9093,14.2060,15.2021,11.2463,11.9410,9
2460858.782077,-1.4878,-17.3851,14.2060,15.2021,11.2463,11.9410,9
2460858.798887,-9.2183,-7.7999,14.2060,15.2021,11.2463,11.9410,9
2460859.497197,-19.5384,9.7751,14.2060,15.2021,11.2463,11.9410,9
2460859.513887,-9.9593,-13.7686,14.2060,15.2021,11.2463,11.9410,9
2460859.530707,-24.3836,-9.0493,14.2060,15.2021,11.2463,11.9410,9
2460859.558127,-10.4242,-3.0326,14.2060,15.2021,11.2463,11.9410,9
2460859.574847,-35.1094,-20.7181,14.2060,15.2021,11.2463,11.9410,9
2460859.591437,-1.0044,-12.4489,14.2060,15.2021,11.2463,11.9410,9
2460859.608437,-0.9936,-1.5745,14.2060,15.2021,11.2463,11.9410,9
2460859.669767,-11.6309,-6.1947,14.2060,15.2021,11.2463,11.9410,9
2460859.721737,-27.4649,-13.1690,14.2060,15.2021,11.2463,11.9410,9
2460859.786167,-10.3135,-5.9605,14.2060,15.2021,11.2463,11.9410,9
2460859.803157,-16.4638,-6.5585,14.2060,15.2021,11.2463,11.9410,9
2460859.821717,8.3707,11.2357,14.2060,15.2021,11.2463,11.9410,9
2460860.554237,-3.6383,-26.3972,14.2060,15.2021,11.2463,11.9410,9
2460860.575557,-27.1402,-20.0990,14.2060,15.2021,11.2463,11.9410,9
2460860.609057,-38.3172,6.8157,14.2060,15.2021,11.2463,11.9410,9
2460860.626167,-5.9586,2.2847,14.2060,15.2021,11.2463,11.9410,9
2460860.643387,-0.7609,-14.5110,14.2060,15.2021,11.2463,11.9410,9
2460860.706517,-34.5373,-11.7939,14.2060,15.2021,11.2463,11.9410,9
2460860.725027,-22.7823,9.6143,14.2060,15.2021,11.2463,11.9410,9
2460860.741527,-36.8966,-2.7051,14.2060,15.2021,11.2463,11.9410,9
2460860.794337,-27.6399,0.0552,14.2060,15.2021,11.2463,11.9410,9
2460861.497487,-25.6838,4.7569,14.2060,15.2021,11.2463,11.9410,9
2460861.578257,-23.7972,-22.3188,14.2060,15.2021,11.2463,11.9410,9
2460861.639127,-25.4819,-3.2691,14.2060,15.2021,11.2463,11.9410,9
2460861.672407,-9.0042,-2.5150,14.2060,15.2021,11.2463,11.9410,9
2460861.688927,-38.9352,-26.8380,14.2060,15.2021,11.2463,11.9410,9
2460861.705777,-36.8694,-29.6056,14.2060,15.2021,11.2463,11.9410,9
2460861.756817,9.1519,-20.0526,14.2060,15.2021,11.2463,11.9410,9
2460862.625917,-18.9973,-20.5621,14.2060,15.2021,11.2463,11.9410,9
2460862.692827,-9.7311,10.3938,14.2060,15.2021,11.2463,11.9410,9
2460863.552467,-28.1892,-11.2514,14.2060,15.2021,11.2463,11.9410,9
2460863.631887,-37.1908,-18.0324,14.2060,15.2021,11.2463,11.9410,9
2460863.665907,-39.9964,-13.1853,14.2060,15.2021,11.2463,11.9410,9
2460867.609067,-17.7102,-14.7838,14.2060,15.2021,11.2463,11.9410,9
2460867.646007,-9.0103,-13.6936,14.2060,15.2021,11.2463,11.9410,9
2460867.663177,-22.7917,-20.0403,14.2060,15.2021,11.2463,11.9410,9
2460867.692217,4.9022,-12.3413,14.2060,15.2021,11.2463,11.9410,9
2460868.527517,-14.8223,-32.8478,14.2060,15.2021,11.2463,11.9410,9
2460868.559777,-12.9311,-5.1647,14.2060,15.2021,11.2463,11.9410,9
2460868.576637,-7.1517,-20.3824,14.2060,15.2021,11.2463,11.9410,9
2460868.594727,4.1193,16.9753,14.2060,15.2021,11.2463,11.9410,9
2460868.613427,-18.9196,-8.0902,14.2060,15.2021,11.2463,11.9410,9
2460868.630787,5.4869,-7.8201,14.2060,15.2021,11.2463,11.9410,9
2460868.676477,-12.4702,-14.1062,14.2060,15.2021,11.2463,11.9410,9
2460868.710997,-21.2967,13.7992,14.2060,15.2021,11.2463,11.9410,9
2460868.728107,-12.3517,11.6717,14.2060,15.2021,11.2463,11.9410,9
2460869.520647,-14.1870,0.6915,14.2060,15.2021,11.2463,11.9410,9
2460869.568827,-29.5698,-4.2010,14.2060,15.2021,11.2463,11.9410,9
2460869.587167,0.0288,-15.7191,14.2060,15.2021,11.2463,11.9410,9
2460869.611927,-14.3215,8.5238,14.2060,15.2021,11.2463,11.9410,9
2460869.628997,-8.0344,-14.8072,14.2060,15.2021,11.2463,11.9410,9
2460869.655697,-4.7095,-4.9233,14.2060,15.2021,11.2463,11.9410,9
2460869.672897,-14.4028,-0.3090,14.2060,15.2021,11.2463,11.9410,9
2460869.689807,-5.7672,-7.9747,14.2060,15.2021,11.2463,11.9410,9
2460869.706737,-2.8347,2.2131,14.2060,15.2021,11.2463,11.9410,9
2460869.723747,-2.3954,-22.5272,14.2060,15.2021,11.2463,11.9410,9
2460869.768507,0.6349,4.3879,14.2060,15.2021,11.2463,11.9410,9
2460870.575637,-7.7743,-0.0616,14.2060,15.2021,11.2463,11.9410,9
2460870.648187,-20.9410,-6.5141,14.2060,15.2021,11.2463,11.9410,9
2460870.669327,-31.2807,5.6428,14.2060,15.2021,11.2463,11.9410,9
2460870.686047,-14.9833,-14.4896,14.2060,15.2021,11.2463,11.9410,9
2460870.747777,-17.5410,0.8105,14.2060,15.2021,11.2463,11.9410,9
2460872.557907,-12.5077,-0.6645,14.2060,15.2021,11.2463,11.9410,9
2460872.586687,-7.7315,-17.4718,14.2060,15.2021,11.2463,11.9410,9
2460872.603347,-6.6428,-10.9449,14.2060,15.2021,11.2463,11.9410,9
2460872.620397,-31.9210,-11.9725,14.2060,15.2021,11.2463,11.9410,9
2460872.637337,-1.9122,-24.3608,14.2060,15.2021,11.2463,11.9410,9
2460872.655837,-20.3983,-17.1755,14.2060,15.2021,11.2463,11.9410,9
2460872.683147,-4.8967,0.6917,14.2060,15.2021,11.2463,11.9410,9
2460872.701447,-18.2913,-28.7850,14.2060,15.2021,11.2463,11.9410,9
2460873.490227,-33.8235,-31.9609,14.2060,15.2021,11.2463,11.9410,9
2460873.507157,-13.3841,-17.7331,14.2060,15.2021,11.2463,11.9410,9
2460873.542897,-0.6329,-11.0344,14.2060,15.2021,11.2463,11.9410,9
2460873.547227,-29.1690,1.3824,14.2060,15.2021,11.2463,11.9410,9
2460873.562467,-19.6697,2.2799,14.2060,15.2021,11.2463,11.9410,9
2460873.589847,-2.3501,-6.1181,14.2060,15.2021,11.2463,11.9410,9
2460873.606447,-25.5418,-8.1624,14.2060,15.2021,11.2463,11.9410,9
2460873.625627,-24.3552,-15.9797,14.2060,15.2021,11.2463,11.9410,9
2460873.642637,-7.9664,-2.2624,14.2060,15.2021,11.2463,11.9410,9
2460873.661167,2.3622,-4.1473,14.2060,15.2021,11.2463,11.9410,9
2460873.728517,-8.3380,8.1369,14.2060,15.2021,11.2463,11.9410,9
2460873.745517,10.7808,-9.8743,14.2060,15.2021,11.2463,11.9410,9
2460873.762217,-22.7956,-12.0548,14.2060,15.2021,11.2463,11.9410,9
2460873.789177,-40.4249,7.0337,14.2060,15.2021,11.2463,11.9410,9
2460874.479157,-34.0043,-21.2759,14.2060,15.2021,11.2463,11.9410,9
2460874.496117,1.7992,-4.4628,14.2060,15.2021,11.2463,11.9410,9
2460874.512947,-25.2067,-14.7326,14.2060,15.2021,11.2463,11.9410,9
2460874.530947,-21.5637,-0.4315,14.2060,15.2021,11.2463,11.9410,9
2460874.547507,-0.7404,-10.1697,14.2060,15.2021,11.2463,11.9410,9
2460874.575057,-28.7477,-23.0796,14.2060,15.2021,11.2463,11.9410,9
2460874.591887,9.0488,-11.6036,14.2060,15.2021,11.2463,11.9410,9
2460874.609337,-14.4786,-17.5614,14.2060,15.2021,11.2463,11.9410,9
2460874.628967,5.1320,-6.8794,14.2060,15.2021,11.2463,11.9410,9
2460874.714497,-13.3453,-5.0942,14.2060,15.2021,11.2463,11.9410,9
2460874.732767,8.8539,-22.0663,14.2060,15.2021,11.2463,11.9410,9
2460874.749627,-22.7479,5.9564,14.2060,15.2021,11.2463,11.9410,9
2460874.766407,-1.7893,-6.8870,14.2060,15.2021,11.2463,11.9410,9
2460875.540107,-11.8693,-10.9897,14.2060,15.2021,11.2463,11.9410,9
2460875.578497,-6.9378,-2.7928,14.2060,15.2021,11.2463,11.9410,9
2460875.626227,-12.1133,-10.4637,14.2060,15.2021,11.2463,11.9410,9
2460875.629247,-21.5069,-4.8850,14.2060,15.2021,11.2463,11.9410,9
2460875.665427,-0.7037,12.0214,14.2060,15.2021,11.2463,11.9410,9
2460875.682357,-25.6770,5.7443,14.2060,15.2021,11.2463,11.9410,9
2460875.709467,-5.3284,-9.7755,14.2060,15.2021,11.2463,11.9410,9
2460875.727487,-27.1633,-4.5348,14.2060,15.2021,11.2463,11.9410,9
2460875.767107,-4.6475,-7.8333,14.2060,15.2021,11.2463,11.9410,9
2460875.784357,-9.7586,1.2127,14.2060,15.2021,11.2463,11.9410,9
2460876.470627,11.3200,9.1053,14.2060,15.2021,11.2463,11.9410,9
2460876.533737,5.8418,-23.6439,14.2060,15.2021,11.2463,11.9410,9
2460876.552227,-38.7866,-8.4608,14.2060,15.2021,11.2463,11.9410,9
2460876.715827,-11.4190,-5.1310,14.2060,15.2021,11.2463,11.9410,9
2460876.736257,-27.8357,2.0708,14.2060,15.2021,11.2463,11.9410,9
2460876.774537,3.4711,-0.4987,14.2060,15.2021,11.2463,11.9410,9
2460877.465897,-10.8797,-8.4695,14.2060,15.2021,11.2463,11.9410,9
2460877.513087,-27.1895,-0.2770,14.2060,15.2021,11.2463,11.9410,9
2460877.529407,-6.1309,-3.3328,14.2060,15.2021,11.2463,11.9410,9
2460877.546467,-11.2492,11.9721,14.2060,15.2021,11.2463,11.9410,9
2460877.581807,-6.4376,0.5865,14.2060,15.2021,11.2463,11.9410,9
2460877.648297,-0.7102,-27.3453,14.2060,15.2021,11.2463,11.9410,9
2460877.685847,-7.0648,-23.9671,14.2060,15.2021,11.2463,11.9410,9
2460877.741917,-19.2901,-12.2559,14.2060,15.2021,11.2463,11.9410,9
2460877.758877,-27.0711,-19.1772,14.2060,15.2021,11.2463,11.9410,9
2460878.523177,6.3642,-7.3316,14.2060,15.2021,11.2463,11.9410,9
2460878.688987,-25.8506,1.2819,14.2060,15.2021,11.2463,11.9410,9
2460878.738917,-3.9983,11.8462,14.2060,15.2021,11.2463,11.9410,9
2460879.563547,-26.9121,-18.4205,14.2060,15.2021,11.2463,11.9410,9
2460879.631677,-5.6359,-5.0614,14.2060,15.2021,11.2463,11.9410,9
2460879.658537,-11.0894,-26.7445,14.2060,15.2021,11.2463,11.9410,9
2460879.676567,-26.4519,-18.2089,14.2060,15.2021,11.2463,11.9410,9
2460879.709647,-16.2643,3.0486,14.2060,15.2021,11.2463,11.9410,9
2460880.512847,-2.8206,6.6285,14.2060,15.2021,11.2463,11.9410,9
2460880.573597,-29.1961,-10.0657,14.2060,15.2021,11.2463,11.9410,9
2460880.606677,-8.3658,8.9589,14.2060,15.2021,11.2463,11.9410,9
2460880.684727,-14.4466,-5.8546,14.2060,15.2021,11.2463,11.9410,9
2460880.701147,-22.0321,7.6908,14.2060,15.2021,11.2463,11.9410,9
2460880.717837,-14.3436,6.9072,14.2060,15.2021,11.2463,11.9410,9
2460881.506777,-15.4513,-30.0749,14.2060,15.2021,11.2463,11.9410,9
2460881.542887,-35.6210,3.6244,14.2060,15.2021,11.2463,11.9410,9
2460881.572997,-16.0101,-9.2928,14.2060,15.2021,11.2463,11.9410,9
2460881.590517,-1.2595,-7.2419,14.2060,15.2021,11.2463,11.9410,9
2460881.607767,-9.9929,8.1286,14.2060,15.2021,11.2463,11.9410,9
2460881.624977,-28.8954,3.7412,14.2060,15.2021,11.2463,11.9410,9
2460881.641797,-19.8853,-1.7616,14.2060,15.2021,11.2463,11.9410,9
2460881.668797,-5.2358,-20.4250,14.2060,15.2021,11.2463,11.9410,9
2460882.517517,-15.4115,-15.7019,14.2060,15.2021,11.2463,11.9410,9
2460882.630397,8.0999,6.1237,14.2060,15.2021,11.2463,11.9410,9
2460882.708477,-7.9056,-2.1139,14.2060,15.2021,11.2463,11.9410,9
2460894.525557,-14.4733,-11.7924,14.2060,15.2021,11.2463,11.9410,9
2460894.588457,-15.9402,-0.7700,14.2060,15.2021,11.2463,11.9410,9
2460894.606607,-21.4540,-29.8253,14.2060,15.2021,11.2463,11.9410,9
2460895.576687,1.6505,12.7877,14.2060,15.2021,11.2463,11.9410,9
2460895.595847,12.1346,-47.6134,14.2060,15.2021,11.2463,11.9410,9
2460896.514637,-25.8531,-17.1340,14.2060,15.2021,11.2463,11.9410,9
2460896.531677,-12.4737,8.2302,14.2060,15.2021,11.2463,11.9410,9
2460896.552997,-2.6032,17.6410,14.2060,15.2021,11.2463,11.9410,9
2460896.570587,-33.9740,0.4218,14.2060,15.2021,11.2463,11.9410,9
2460896.662177,13.8348,8.7623,14.2060,15.2021,11.2463,11.9410,9
2460898.475727,5.0196,0.8275,14.2060,15.2021,11.2463,11.9410,9
2460898.492727,-20.8268,4.0147,14.2060,15.2021,11.2463,11.9410,9
2460898.513607,0.7860,-2.8503,14.2060,15.2021,11.2463,11.9410,9
2460898.540667,5.1311,-19.2671,14.2060,15.2021,11.2463,11.9410,9
2460898.557367,-23.1269,-12.7245,14.2060,15.2021,11.2463,11.9410,9
2460898.627107,-8.9966,-10.7197,14.2060,15.2021,11.2463,11.9410,9
2460898.654077,-31.1844,-6.2666,14.2060,15.2021,11.2463,11.9410,9
2460898.670997,-21.8672,-28.6343,14.2060,15.2021,11.2463,11.9410,9
2460898.689137,-3.8499,-1.3831,14.2060,15.2021,11.2463,11.9410,9
2460898.706497,-15.6583,-2.3148,14.2060,15.2021,11.2463,11.9410,9
2460899.482117,14.3122,-30.6125,14.2060,15.2021,11.2463,11.9410,9
2460899.556287,-37.1775,-5.6998,14.2060,15.2021,11.2463,11.9410,9
2460899.590197,-19.1599,2.6684,14.2060,15.2021,11.2463,11.9410,9
2460899.608057,-11.4465,-1.9007,14.2060,15.2021,11.2463,11.9410,9
2460899.669737,0.4513,-17.1236,14.2060,15.2021,11.2463,11.9410,9
2460899.672677,4.6782,-11.7940,14.2060,15.2021,11.2463,11.9410,9
2460899.694007,-2.0301,-20.5102,14.2060,15.2021,11.2463,11.9410,9
2460899.711967,3.1551,6.1653,14.2060,15.2021,11.2463,11.9410,9
2460900.502887,-4.3461,13.6681,14.2060,15.2021,11.2463,11.9410,9
2460900.549847,-20.7461,-14.3601,14.2060,15.2021,11.2463,11.9410,9
2460900.567177,3.0119,-8.5774,14.2060,15.2021,11.2463,11.9410,9
2460900.631467,-10.1389,-18.9471,14.2060,15.2021,11.2463,11.9410,9
2460901.492987,-7.5168,2.7527,14.2060,15.2021,11.2463,11.9410,9
2460901.633097,0.1060,-2.3068,14.2060,15.2021,11.2463,11.9410,9
2460901.689147,-8.2700,-5.1008,14.2060,15.2021,11.2463,11.9410,9
2460902.558717,-24.9622,-10.1584,14.2060,15.2021,11.2463,11.9410,9
2460904.486137,-21.1614,-9.9150,14.2060,15.2021,11.2463,11.9410,9
2460904.574127,-6.7510,6.4744,14.2060,15.2021,11.2463,11.9410,9
2460904.627217,-6.6506,-23.5931,14.2060,15.2021,11.2463,11.9410,9
2460904.644197,1.4751,-42.7278,14.2060,15.2021,11.2463,11.9410,9
2460907.653177,-27.3505,-42.6643,14.2060,15.2021,11.2463,11.9410,9
2460908.572477,-34.3476,-28.1193,14.2060,15.2021,11.2463,11.9410,9
2460908.589587,-9.8166,-23.6039,14.2060,15.2021,11.2463,11.9410,9
2460908.607917,-29.2443,-12.5735,14.2060,15.2021,11.2463,11.9410,9
2460908.626427,-35.1635,-19.0517,14.2060,15.2021,11.2463,11.9410,9
2460908.656167,2.1179,-17.0401,14.2060,15.2021,11.2463,11.9410,9
2460908.673077,0.7187,-9.9637,14.2060,15.2021,11.2463,11.9410,9
2460911.517457,-11.5780,-21.0331,14.2060,15.2021,11.2463,11.9410,9
2460912.529737,-20.5751,2.6901,14.2060,15.2021,11.2463,11.9410,9
2460912.546617,-18.5656,-39.1072,14.2060,15.2021,11.2463,11.9410,9
2460912.563267,-33.7968,-12.8630,14.2060,15.2021,11.2463,11.9410,9
2460912.583097,-12.9537,-17.1230,14.2060,15.2021,11.2463,11.9410,9
2460912.608887,-11.5533,-22.4888,14.2060,15.2021,11.2463,11.9410,9
2460912.659107,-4.5796,-34.3695,14.2060,15.2021,11.2463,11.9410,9
2460913.489587,-18.7624,-12.0548,14.2060,15.2021,11.2463,11.9410,9
2460913.508647,-4.5446,15.9122,14.2060,15.2021,11.2463,11.9410,9
2460913.544587,-9.0646,-22.4042,14.2060,15.2021,11.2463,11.9410,9
2460913.566057,-33.0595,4.8596,14.2060,15.2021,11.2463,11.9410,9
2460913.583097,-11.0227,9.8424,14.2060,15.2021,11.2463,11.9410,9
2460913.613707,-7.2711,-16.9934,14.2060,15.2021,11.2463,11.9410,9
2460913.630947,-4.6712,8.6694,14.2060,15.2021,11.2463,11.9410,9
2460913.647787,-31.5169,-31.3480,14.2060,15.2021,11.2463,11.9410,9
2460913.664907,1.1401,-13.5016,14.2060,15.2021,11.2463,11.9410,9
2460914.475297,-16.7798,-7.8121,14.2060,15.2021,11.2463,11.9410,9
2460914.502387,-33.5128,-22.4704,14.2060,15.2021,11.2463,11.9410,9
2460914.537587,-7.5526,-9.1568,14.2060,15.2021,11.2463,11.9410,9
2460914.571217,-10.4870,-13.8108,14.2060,15.2021,11.2463,11.9410,9
2460914.617967,-1.8805,-17.3004,14.2060,15.2021,11.2463,11.9410,9
2460914.620817,-18.2489,6.6130,14.2060,15.2021,11.2463,11.9410,9
2460914.639777,-14.5420,-10.1430,14.2060,15.2021,11.2463,11.9410,9
2460914.656977,-8.6851,6.3036,14.2060,15.2021,11.2463,11.9410,9
2460915.505997,-10.3842,-6.2229,14.2060,15.2021,11.2463,11.9410,9
2460915.558747,-14.5531,-15.8107,14.2060,15.2021,11.2463,11.9410,9
2460915.576897,-5.0410,-7.2363,14.2060,15.2021,11.2463,11.9410,9
2460915.621967,-16.1815,-4.1767,14.2060,15.2021,11.2463,11.9410,9
2460915.638697,-15.7529,13.6197,14.2060,15.2021,11.2463,11.9410,9
2460915.655707,-14.1476,-9.8261,14.2060,15.2021,11.2463,11.9410,9
2460915.672347,-5.8292,-12.3920,14.2060,15.2021,11.2463,11.9410,9
2460916.493737,-27.0142,4.9043,14.2060,15.2021,11.2463,11.9410,9
2460916.515237,-18.6027,5.0628,14.2060,15.2021,11.2463,11.9410,9
2460916.531797,-9.9565,-12.4879,14.2060,15.2021,11.2463,11.9410,9
2460916.548677,-29.7432,6.3025,14.2060,15.2021,11.2463,11.9410,9
2460916.565167,-6.0932,-3.1413,14.2060,15.2021,11.2463,11.9410,9
2460916.646807,-7.1924,-44.1773,14.2060,15.2021,11.2463,11.9410,9
2460916.663207,-0.2836,-12.7134,14.2060,15.2021,11.2463,11.9410,9
2460923.641627,-19.4667,-7.6065,14.2060,15.2021,11.2463,11.9410,9
2460924.517707,-22.8920,-12.6093,14.2060,15.2021,11.2463,11.9410,9
2460924.549247,-7.8721,-16.2624,14.2060,15.2021,11.2463,11.9410,9
2460924.583687,-27.4422,-15.0285,14.2060,15.2021,11.2463,11.9410,9
2460924.600307,-13.3475,-5.7463,14.2060,15.2021,11.2463,11.9410,9
2460924.616917,-17.9356,7.6926,14.2060,15.2021,11.2463,11.9410,9
2460927.482517,-27.2654,-27.8423,14.2060,15.2021,11.2463,11.9410,9
2460927.533127,-12.7938,-10.7531,14.2060,15.2021,11.2463,11.9410,9
2460927.560517,-11.6074,-13.2395,14.2060,15.2021,11.2463,11.9410,9
2460927.633017,-6.4225,-10.1598,14.2060,15.2021,11.2463,11.9410,9
2460928.527917,-17.8373,-13.5062,14.2060,15.2021,11.2463,11.9410,9
2460928.530997,-8.0605,-8.7002,14.2060,15.2021,11.2463,11.9410,9
2460928.546247,-2.5710,-20.1576,14.2060,15.2021,11.2463,11.9410,9
2460928.563457,-21.1772,-8.9206,14.2060,15.2021,11.2463,11.9410,9
2460928.608697,-11.1070,-25.9293,14.2060,15.2021,11.2463,11.9410,9
2460929.494207,1.6793,-13.1608,14.2060,15.2021,11.2463,11.9410,9
2460929.511027,-27.1369,-24.3447,14.2060,15.2021,11.2463,11.9410,9
2460929.561727,-25.6070,-4.1050,14.2060,15.2021,11.2463,11.9410,9
2460930.505047,-9.5547,-2.2242,14.2060,15.2021,11.2463,11.9410,9
2460930.522537,-27.0872,-25.6199,14.2060,15.2021,11.2463,11.9410,9
2460930.540967,-20.2958,1.9009,14.2060,15.2021,11.2463,11.9410,9
2460930.559577,-17.5971,-6.7479,14.2060,15.2021,11.2463,11.9410,9
2460930.577677,2.1391,-4.3536,14.2060,15.2021,11.2463,11.9410,9
2460930.605497,0.5382,-8.5996,14.2060,15.2021,11.2463,11.9410,9
2460930.627237,0.0427,-15.9202,14.2060,15.2021,11.2463,11.9410,9
2460931.488687,-19.5663,-11.9101,14.2060,15.2021,11.2463,11.9410,9
2460931.561627,-14.5605,-3.4238,14.2060,15.2021,11.2463,11.9410,9
2460931.598287,5.0613,-15.6400,14.2060,15.2021,11.2463,11.9410,9
2460931.615257,-5.6153,-11.2270,14.2060,15.2021,11.2463,11.9410,9
2460932.538497,-6.1942,-4.2434,14.2060,15.2021,11.2463,11.9410,9
2460932.565277,-20.8068,-22.6315,14.2060,15.2021,11.2463,11.9410,9
2460933.484387,-2.3935,1.2526,14.2060,15.2021,11.2463,11.9410,9
2460933.619967,-1.3457,-10.6300,14.2060,15.2021,11.2463,11.9410,9
2460934.488107,1.4053,5.9650,14.2060,15.2021,11.2463,11.9410,9
2460934.520517,-18.6670,-7.7730,14.2060,15.2021,11.2463,11.9410,9
2460934.537067,0.0844,5.3658,14.2060,15.2021,11.2463,11.9410,9
2460934.614697,-9.4859,5.0578,14.2060,15.2021,11.2463,11.9410,9
2460935.518797,2.6889,-2.7012,14.2060,15.2021,11.2463,11.9410,9
2460935.554547,-7.7067,-3.9220,14.2060,15.2021,11.2463,11.9410,9
2460935.581767,-20.6784,-5.5126,14.2060,15.2021,11.2463,11.9410,9
2460936.486087,-12.2418,-3.0688,14.2060,15.2021,11.2463,11.9410,9
2460936.503347,-21.3638,-3.6228,14.2060,15.2021,11.2463,11.9410,9
2460936.530617,-9.5676,-10.5698,14.2060,15.2021,11.2463,11.9410,9
2460936.547657,-25.7982,10.2790,14.2060,15.2021,11.2463,11.9410,9
2460936.564397,-3.0742,-0.0839,14.2060,15.2021,11.2463,11.9410,9
2460936.597787,-19.1418,11.7140,14.2060,15.2021,11.2463,11.9410,9
2460937.493247,-13.1377,-1.3052,14.2060,15.2021,11.2463,11.9410,9
2460937.510267,-14.3330,-12.3516,14.2060,15.2021,11.2463,11.9410,9
2460937.555407,-2.6987,-5.8382,14.2060,15.2021,11.2463,11.9410,9
2460937.571847,-9.6931,-7.8448,14.2060,15.2021,11.2463,11.9410,9
2460937.588367,-18.4975,5.8343,14.2060,15.2021,11.2463,11.9410,9
2460937.609427,-11.1329,-6.9572,14.2060,15.2021,11.2463,11.9410,9
2460941.539947,-12.6873,2.9673,14.2060,15.2021,11.2463,11.9410,9
2460941.574427,-5.4216,-3.8508,14.2060,15.2021,11.2463,11.9410,9
2460942.527067,-17.8822,-5.9548,14.2060,15.2021,11.2463,11.9410,9
2460942.564937,-8.7377,11.2387,14.2060,15.2021,11.2463,11.9410,9
2460942.581327,-22.5998,3.0835,14.2060,15.2021,11.2463,11.9410,9
2460943.494827,-17.8322,-6.3237,14.2060,15.2021,11.2463,11.9410,9
2460943.562747,0.3305,12.1891,14.2060,15.2021,11.2463,11.9410,9
2460944.497047,-13.4954,-24.4314,14.2060,15.2021,11.2463,11.9410,9
2460946.540247,-18.4720,-4.8802,14.2060,15.2021,11.2463,11.9410,9
2460949.508137,2.2098,11.7269,14.2060,15.2021,11.2463,11.9410,9
2460950.491357,-5.5383,11.7804,14.2060,15.2021,11.2463,11.9410,9
2460950.538837,-10.3429,-29.4546,14.2060,15.2021,11.2463,11.9410,9
2460950.556897,-27.4364,-16.3184,14.2060,15.2021,11.2463,11.9410,9
2460951.493367,-25.1270,13.2816,14.2060,15.2021,11.2463,11.9410,9
2460951.510697,-9.8481,-9.9232,14.2060,15.2021,11.2463,11.9410,9
2460951.527417,2.4505,-19.2031,14.2060,15.2021,11.2463,11.9410,9
2460951.559267,-5.8984,-33.3410,14.2060,15.2021,11.2463,11.9410,9
2460953.495367,-19.0770,-28.1117,14.2060,15.2021,11.2463,11.9410,9
2460953.532607,8.8636,4.8625,14.2060,15.2021,11.2463,11.9410,9
2460953.556337,-11.7773,-0.2553,14.2060,15.2021,11.2463,11.9410,9
2460954.539697,-8.0947,-47.6305,14.2060,15.2021,11.2463,11.9410,9
2460956.499827,-10.7367,17.3127,14.2060,15.2021,11.2463,11.9410,9
2460956.531777,-9.2382,19.9415,14.2060,15.2021,11.2463,11.9410,9
2460957.497257,-7.4631,-17.8621,14.2060,15.2021,11.2463,11.9410,9
2460957.514017,-16.4847,-5.3112,14.2060,15.2021,11.2463,11.9410,9
2460960.517877,-6.0522,-29.4260,14.2060,15.2021,11.2463,11.9410,9
2460960.534747,-22.4432,-50.9481,14.2060,15.2021,11.2463,11.9410,9
2460960.552127,-14.4513,-13.7750,14.2060,15.2021,11.2463,11.9410,9
2460961.535907,-9.9613,-13.4136,14.2060,15.2021,11.2463,11.9410,9
2460962.525147,-11.5265,-24.4549,14.2060,15.2021,11.2463,11.9410,9
2460964.498127,-1.4921,-15.5210,14.2060,15.2021,11.2463,11.9410,9
2460964.524087,-28.1354,-26.5077,14.2060,15.2021,11.2463,11.9410,9
2461093.877757,-15.8411,-24.9554,14.2060,15.2021,11.1915,13.6452,10
2461093.894697,-8.7602,-30.7328,14.2060,15.2021,11.1915,13.6452,10
2461094.877537,-15.5019,-13.1450,14.2060,15.2021,11.1915,13.6452,10
2461094.895787,-5.5640,-9.9962,14.2060,15.2021,11.1915,13.6452,10
2461095.854527,-20.5570,-17.0863,14.2060,15.2021,11.1915,13.6452,10
2461096.869517,-13.9384,-9.1863,14.2060,15.2021,11.1915,13.6452,10
2461097.857577,2.6122,-27.2130,14.2060,15.2021,11.1915,13.6452,10
2461097.877077,-7.6640,-19.7718,14.2060,15.2021,11.1915,13.6452,10
2461099.849637,-12.5878,-31.8205,14.2060,15.2021,11.1915,13.6452,10
2461099.877667,-5.8824,-9.2514,14.2060,15.2021,11.1915,13.6452,10
2461100.839817,-14.4739,-15.9853,14.2060,15.2021,11.1915,13.6452,10
2461100.856367,-15.9455,-31.2642,14.2060,15.2021,11.1915,13.6452,10
2461101.843007,6.7322,-15.7816,14.2060,15.2021,11.1915,13.6452,10
2461101.886797,-27.5958,-33.7517,14.2060,15.2021,11.1915,13.6452,10
2461101.903757,1.8100,3.0421,14.2060,15.2021,11.1915,13.6452,10
2461102.839167,-17.5931,-13.3405,14.2060,15.2021,11.1915,13.6452,10
2461102.860537,-8.8903,-22.0856,14.2060,15.2021,11.1915,13.6452,10
2461103.866187,-8.8371,-10.9174,14.2060,15.2021,11.1915,13.6452,10
2461104.845687,-0.4646,1.2000,14.2060,15.2021,11.1915,13.6452,10
2461104.865177,-12.8755,-1.1147,14.2060,15.2021,11.1915,13.6452,10
2461105.860527,5.5017,-15.5538,14.2060,15.2021,11.1915,13.6452,10
2461106.846427,-5.3374,-24.4224,14.2060,15.2021,11.1915,13.6452,10
2461106.865277,-17.1927,-29.9140,14.2060,15.2021,11.1915,13.6452,10
2461106.882147,-9.3843,-22.9250,14.2060,15.2021,11.1915,13.6452,10
2461108.844047,-15.3425,-24.0904,14.2060,15.2021,11.1915,13.6452,10
2461108.861287,-6.3631,-25.0118,14.2060,15.2021,11.1915,13.6452,10
2461108.888847,-9.3917,-26.6949,14.2060,15.2021,11.1915,13.6452,10
2461109.821387,-27.0206,0.6325,14.2060,15.2021,11.1915,13.6452,10
2461109.838037,10.1506,-7.6902,14.2060,15.2021,11.1915,13.6452,10
2461109.865757,1.5697,-17.3846,14.2060,15.2021,11.1915,13.6452,10
2461109.882297,-14.4070,-4.4737,14.2060,15.2021,11.1915,13.6452,10
2461109.885167,-14.1618,-16.3436,14.2060,15.2021,11.1915,13.6452,10
2461109.902937,-11.8769,-9.6444,14.2060,15.2021,11.1915,13.6452,10
2461112.813367,-0.9451,-33.8062,14.2060,15.2021,11.1915,13.6452,10
2461112.840767,-27.5042,7.6053,14.2060,15.2021,11.1915,13.6452,10
2461112.862137,-0.6184,0.7015,14.2060,15.2021,11.1915,13.6452,10
2461113.820287,5.2024,-37.7784,14.2060,15.2021,11.1915,13.6452,10
2461113.855207,-20.0246,4.7545,14.2060,15.2021,11.1915,13.6452,10
2461113.893257,-22.3767,-8.7034,14.2060,15.2021,11.1915,13.6452,10
2461114.799837,-6.5174,-22.6227,14.2060,15.2021,11.1915,13.6452,10
2461114.834357,-3.1681,-2.2004,14.2060,15.2021,11.1915,13.6452,10
2461114.895507,-3.4040,-11.7375,14.2060,15.2021,11.1915,13.6452,10
2461115.851147,-22.6451,-31.1460,14.2060,15.2021,11.1915,13.6452,10
2461115.853997,-3.1250,-4.3849,14.2060,15.2021,11.1915,13.6452,10
2461115.872367,-13.9674,-12.5653,14.2060,15.2021,11.1915,13.6452,10
2461115.906567,-13.8674,-16.9346,14.2060,15.2021,11.1915,13.6452,10
2461116.844907,-5.8690,-6.1405,14.2060,15.2021,11.1915,13.6452,10
2461116.878947,1.0344,-0.0891,14.2060,15.2021,11.1915,13.6452,10
2461116.906507,4.7497,-13.9886,14.2060,15.2021,11.1915,13.6452,10
2461117.793827,-18.6797,-0.4975,14.2060,15.2021,11.1915,13.6452,10
2461117.811907,-10.3622,-10.8029,14.2060,15.2021,11.1915,13.6452,10
2461117.856527,-8.9200,-9.9841,14.2060,15.2021,11.1915,13.6452,10
2461118.821697,-15.4644,-21.2425,14.2060,15.2021,11.1915,13.6452,10
2461119.888357,-10.7351,-17.8871,14.2060,15.2021,11.1915,13.6452,10
2461119.904897,2.4982,-34.5763,14.2060,15.2021,11.1915,13.6452,10
2461120.909957,-31.1172,-5.2630,14.2060,15.2021,11.1915,13.6452,10
2461121.866687,0.6261,-11.9359,14.2060,15.2021,11.1915,13.6452,10
2461121.883117,-24.0820,10.7730,14.2060,15.2021,11.1915,13.6452,10
2461121.899537,-25.6674,-9.5281,14.2060,15.2021,11.1915,13.6452,10
2461122.872687,-13.5818,-2.1460,14.2060,15.2021,11.1915,13.6452,10
2461122.889037,-0.8738,-22.9222,14.2060,15.2021,11.1915,13.6452,10
2461123.797947,8.3027,-11.7468,14.2060,15.2021,11.1915,13.6452,10
2461123.814957,-11.8581,-6.2554,14.2060,15.2021,11.1915,13.6452,10
2461125.770587,-13.1803,-19.9126,14.2060,15.2021,11.1915,13.6452,10
2461125.787317,-11.4587,-29.5031,14.2060,15.2021,11.1915,13.6452,10
2461125.803647,-18.4588,2.1778,14.2060,15.2021,11.1915,13.6452,10
2461125.830647,-11.4910,-14.4506,14.2060,15.2021,11.1915,13.6452,10
2461125.865617,-12.6766,-30.8133,14.2060,15.2021,11.1915,13.6452,10
2461125.884857,-19.1988,-1.1074,14.2060,15.2021,11.1915,13.6452,10
2461125.907287,-3.4316,-17.7007,14.2060,15.2021,11.1915,13.6452,10
2461126.816137,-29.4907,-22.2465,14.2060,15.2021,11.1915,13.6452,10
2461126.901477,-20.8503,-5.5032,14.2060,15.2021,11.1915,13.6452,10
2461127.841437,-25.2809,-5.1612,14.2060,15.2021,11.1915,13.6452,10
2461127.875447,-11.2819,3.3709,14.2060,15.2021,11.1915,13.6452,10
2461128.778147,-23.6752,-13.9425,14.2060,15.2021,11.1915,13.6452,10
2461128.812927,-19.3973,-8.4676,14.2060,15.2021,11.1915,13.6452,10
2461128.907887,-9.0869,1.9764,14.2060,15.2021,11.1915,13.6452,10
2461129.818457,-7.1832,-17.5558,14.2060,15.2021,11.1915,13.6452,10
2461129.835097,-6.5195,-5.0606,14.2060,15.2021,11.1915,13.6452,10
2461129.903337,-4.9348,4.4795,14.2060,15.2021,11.1915,13.6452,10
2461130.798877,-24.1453,-6.2613,14.2060,15.2021,11.1915,13.6452,10
2461130.851247,-1.1858,-13.1845,14.2060,15.2021,11.1915,13.6452,10
2461131.763857,-9.9689,-2.7792,14.2060,15.2021,11.1915,13.6452,10
2461131.780477,-4.7904,-32.7040,14.2060,15.2021,11.1915,13.6452,10
2461133.779777,-13.1151,-21.3364,14.2060,15.2021,11.1915,13.6452,10
2461133.824447,3.3583,-2.1095,14.2060,15.2021,11.1915,13.6452,10
2461133.843127,-10.7406,-25.9412,14.2060,15.2021,11.1915,13.6452,10
2461133.896247,-18.3388,-2.9677,14.2060,15.2021,11.1915,13.6452,10
2461134.864487,-15.7565,-11.3532,14.2060,15.2021,11.1915,13.6452,10
2461134.882847,-13.9319,-25.4571,14.2060,15.2021,11.1915,13.6452,10
2461134.899847,-0.1723,-15.0113,14.2060,15.2021,11.1915,13.6452,10
2461135.743517,-13.6951,1.2932,14.2060,15.2021,11.1915,13.6452,10
2461135.759957,-8.2815,-29.8487,14.2060,15.2021,11.1915,13.6452,10
2461135.776907,-21.8218,-24.9360,14.2060,15.2021,11.1915,13.6452,10
2461135.793427,-27.2874,-4.8715,14.2060,15.2021,11.1915,13.6452,10
2461135.811607,-16.2880,-1.2698,14.2060,15.2021,11.1915,13.6452,10
2461136.759147,-15.8779,-11.9791,14.2060,15.2021,11.1915,13.6452,10
2461136.776227,-4.5875,-3.1561,14.2060,15.2021,11.1915,13.6452,10
2461136.794417,1.9730,-8.6863,14.2060,15.2021,11.1915,13.6452,10
2461136.827987,-1.9079,7.8140,14.2060,15.2021,11.1915,13.6452,10
2461136.855377,-13.0529,-5.7896,14.2060,15.2021,11.1915,13.6452,10
2461136.890787,-16.1793,-5.0776,14.2060,15.2021,11.1915,13.6452,10
2461139.786687,-12.2351,-12.7792,14.2060,15.2021,11.1915,13.6452,10
2461140.730687,-10.7726,-28.3575,14.2060,15.2021,11.1915,13.6452,10
2461140.792017,-2.9547,-25.5297,14.2060,15.2021,11.1915,13.6452,10
2461141.749547,-27.2014,-16.9014,14.2060,15.2021,11.1915,13.6452,10
2461141.805377,-27.8488,3.8732,14.2060,15.2021,11.1915,13.6452,10
2461141.823297,-4.4089,-25.0215,14.2060,15.2021,11.1915,13.6452,10
2461141.850357,-12.6818,-10.8809,14.2060,15.2021,11.1915,13.6452,10
2461141.871237,-17.1728,-19.0192,14.2060,15.2021,11.1915,13.6452,10
2461141.904997,-17.6257,4.8946,14.2060,15.2021,11.1915,13.6452,10
2461142.741727,-14.9627,-20.3673,14.2060,15.2021,11.1915,13.6452,10
2461142.764527,-4.5903,-10.9194,14.2060,15.2021,11.1915,13.6452,10
2461142.797767,-30.8965,-13.2269,14.2060,15.2021,11.1915,13.6452,10
2461142.890697,-3.1471,1.0573,14.2060,15.2021,11.1915,13.6452,10
2461142.924587,-9.8305,-5.4734,14.2060,15.2021,11.1915,13.6452,10
2461144.860737,-27.9774,-26.9830,14.2060,15.2021,11.1915,13.6452,10
2461144.883827,-27.0818,-10.8451,14.2060,15.2021,11.1915,13.6452,10
2461144.905307,-26.4840,-4.9999,14.2060,15.2021,11.1915,13.6452,10
2461145.727907,-15.8697,-7.0912,14.2060,15.2021,11.1915,13.6452,10
2461145.773737,-16.6633,-15.1702,14.2060,15.2021,11.1915,13.6452,10
2461145.791027,-8.4213,-12.6308,14.2060,15.2021,11.1915,13.6452,10
2461145.825067,-10.0754,-0.9855,14.2060,15.2021,11.1915,13.6452,10
2461145.904777,-12.8465,-2.8496,14.2060,15.2021,11.1915,13.6452,10
2461146.733447,-10.6073,-10.7313,14.2060,15.2021,11.1915,13.6452,10
2461146.762467,-18.3680,-2.4182,14.2060,15.2021,11.1915,13.6452,10
2461146.810917,-21.3828,-0.5668,14.2060,15.2021,11.1915,13.6452,10
2461146.861507,-13.3648,-10.9038,14.2060,15.2021,11.1915,13.6452,10
2461146.878307,-2.8902,-14.4267,14.2060,15.2021,11.1915,13.6452,10
2461146.922797,-26.0956,-20.0293,14.2060,15.2021,11.1915,13.6452,10
2461147.736197,-10.9706,-15.2858,14.2060,15.2021,11.1915,13.6452,10
2461147.802757,-9.9369,-24.3570,14.2060,15.2021,11.1915,13.6452,10
2461147.820167,-29.1123,-11.0755,14.2060,15.2021,11.1915,13.6452,10
2461147.841507,-8.2075,-27.6415,14.2060,15.2021,11.1915,13.6452,10
2461147.858087,-11.1510,-31.6982,14.2060,15.2021,11.1915,13.6452,10
2461147.913297,-14.2037,-0.6391,14.2060,15.2021,11.1915,13.6452,10
2461148.708797,-1.4508,-12.6934,14.2060,15.2021,11.1915,13.6452,10
2461148.726027,-3.3879,-12.8198,14.2060,15.2021,11.1915,13.6452,10
2461148.756877,-11.5745,-2.7541,14.2060,15.2021,11.1915,13.6452,10
2461148.774047,-13.0236,-0.9949,14.2060,15.2021,11.1915,13.6452,10
2461148.793037,-5.2522,-1.5143,14.2060,15.2021,11.1915,13.6452,10
2461148.855007,-15.8693,-9.6124,14.2060,15.2021,11.1915,13.6452,10
2461149.732637,-14.9898,-16.6441,14.2060,15.2021,11.1915,13.6452,10
2461149.751407,-16.8456,-10.4519,14.2060,15.2021,11.1915,13.6452,10
2461149.768777,-10.8955,-1.6148,14.2060,15.2021,11.1915,13.6452,10
2461149.805977,-13.0065,-2.7659,14.2060,15.2021,11.1915,13.6452,10
2461150.757577,-14.2132,-24.7258,14.2060,15.2021,11.1915,13.6452,10
2461150.791177,-13.3803,0.5275,14.2060,15.2021,11.1915,13.6452,10
2461150.820977,-12.5630,-13.0700,14.2060,15.2021,11.1915,13.6452,10
2461150.840737,-11.1055,-5.1960,14.2060,15.2021,11.1915,13.6452,10
2461150.857487,-6.9191,-12.5284,14.2060,15.2021,11.1915,13.6452,10
2461151.813077,4.9585,-23.4552,14.2060,15.2021,11.1915,13.6452,10
2461151.847017,-28.8996,-9.6098,14.2060,15.2021,11.1915,13.6452,10
2461151.915767,0.0692,-6.3417,14.2060,15.2021,11.1915,13.6452,10
2461152.710587,-14.4622,-15.0777,14.2060,15.2021,11.1915,13.6452,10
2461152.772767,-19.6768,-16.7246,14.2060,15.2021,11.1915,13.6452,10
2461152.790317,-22.8663,-22.0293,14.2060,15.2021,11.1915,13.6452,10
2461152.807307,-6.6347,-18.7380,14.2060,15.2021,11.1915,13.6452,10
2461152.834747,-10.4924,2.8780,14.2060,15.2021,11.1915,13.6452,10
2461152.851377,-11.5882,-8.8378,14.2060,15.2021,11.1915,13.6452,10
2461152.870957,-4.5163,1.0276,14.2060,15.2021,11.1915,13.6452,10
2461152.888017,-10.1207,-8.7476,14.2060,15.2021,11.1915,13.6452,10
2461153.843107,-6.5980,-2.3395,14.2060,15.2021,11.1915,13.6452,10
2461153.859797,-13.6616,-12.9522,14.2060,15.2021,11.1915,13.6452,10
2461153.862997,-17.0557,2.2220,14.2060,15.2021,11.1915,13.6452,10
2461153.907837,-14.1510,-2.2753,14.2060,15.2021,11.1915,13.6452,10
2461154.760747,-9.2179,-18.9365,14.2060,15.2021,11.1915,13.6452,10
2461154.763507,-10.1045,-23.7214,14.2060,15.2021,11.1915,13.6452,10
2461154.905997,-20.7783,-24.2746,14.2060,15.2021,11.1915,13.6452,10
2461154.922887,-11.5108,-14.3642,14.2060,15.2021,11.1915,13.6452,10
2461155.743727,-25.4240,-20.3612,14.2060,15.2021,11.1915,13.6452,10
2461155.789787,0.6555,-8.4226,14.2060,15.2021,11.1915,13.6452,10
2461156.682727,-14.9450,-3.2842,14.2060,15.2021,11.1915,13.6452,10
2461156.746107,-17.3166,-16.0609,14.2060,15.2021,11.1915,13.6452,10
2461156.767697,-14.7804,-7.6166,14.2060,15.2021,11.1915,13.6452,10
2461156.784847,-12.6173,-7.3630,14.2060,15.2021,11.1915,13.6452,10
2461156.802427,-8.1499,-28.4852,14.2060,15.2021,11.1915,13.6452,10
2461156.819017,-0.3340,-5.7343,14.2060,15.2021,11.1915,13.6452,10
2461156.864157,-16.9295,-13.2573,14.2060,15.2021,11.1915,13.6452,10
2461156.918107,-6.4859,-12.7595,14.2060,15.2021,11.1915,13.6452,10
2461157.736747,0.2466,-18.0762,14.2060,15.2021,11.1915,13.6452,10
2461157.835907,-1.3099,5.8334,14.2060,15.2021,11.1915,13.6452,10
2461157.881667,-17.8511,-4.3104,14.2060,15.2021,11.1915,13.6452,10
2461158.681137,-4.6624,-13.0587,14.2060,15.2021,11.1915,13.6452,10
2461158.698317,-30.2387,-5.4166,14.2060,15.2021,11.1915,13.6452,10
2461158.746937,-24.4084,-19.1595,14.2060,15.2021,11.1915,13.6452,10
2461158.807007,-13.5077,-27.5028,14.2060,15.2021,11.1915,13.6452,10
2461158.910707,-12.4894,-0.1567,14.2060,15.2021,11.1915,13.6452,10
2461158.927597,-31.5912,-13.1907,14.2060,15.2021,11.1915,13.6452,10
2461161.703147,-16.0959,-22.6298,14.2060,15.2021,11.1915,13.6452,10
2461161.917497,-5.1028,-7.7753,14.2060,15.2021,11.1915,13.6452,10
2461162.687007,-1.2634,-19.2939,14.2060,15.2021,11.1915,13.6452,10
2461162.705047,-16.6788,-29.1612,14.2060,15.2021,11.1915,13.6452,10
2461162.725367,-14.4691,-12.9614,14.2060,15.2021,11.1915,13.6452,10
2461162.759047,-7.8049,-11.2032,14.2060,15.2021,11.1915,13.6452,10
2461162.803717,-30.4249,2.1547,14.2060,15.2021,11.1915,13.6452,10
2461162.838187,-3.9011,-28.9322,14.2060,15.2021,11.1915,13.6452,10
2461163.664267,-22.4207,-11.4729,14.2060,15.2021,11.1915,13.6452,10
2461163.681217,-7.9598,-17.8013,14.2060,15.2021,11.1915,13.6452,10
2461163.710207,-28.7909,-2.7215,14.2060,15.2021,11.1915,13.6452,10
2461163.745167,-25.1121,-22.7729,14.2060,15.2021,11.1915,13.6452,10
2461163.762127,-4.5458,2.9804,14.2060,15.2021,11.1915,13.6452,10
2461163.782247,-2.1246,-19.8295,14.2060,15.2021,11.1915,13.6452,10
2461163.825367,-18.3474,-20.0537,14.2060,15.2021,11.1915,13.6452,10
2461163.883137,-26.5897,-28.2785,14.2060,15.2021,11.1915,13.6452,10
2461164.679297,-0.9746,-13.2642,14.2060,15.2021,11.1915,13.6452,10
2461164.874327,-5.2864,-16.3983,14.2060,15.2021,11.1915,13.6452,10
2461169.703407,2.6234,-6.4232,14.2060,15.2021,11.1915,13.6452,10
2461169.841437,-14.1243,-13.9053,14.2060,15.2021,11.1915,13.6452,10
2461169.857837,-22.3590,-15.0658,14.2060,15.2021,11.1915,13.6452,10
2461170.643577,-19.6722,-1.3048,14.2060,15.2021,11.1915,13.6452,10
2461170.677897,-17.0722,0.5868,14.2060,15.2021,11.1915,13.6452,10
2461170.699147,-9.5399,-7.4630,14.2060,15.2021,11.1915,13.6452,10
2461170.781987,-2.2269,-4.2362,14.2060,15.2021,11.1915,13.6452,10
2461170.840557,-11.4120,-17.1283,14.2060,15.2021,11.1915,13.6452,10
2461170.874247,-14.4039,6.0432,14.2060,15.2021,11.1915,13.6452,10
2461170.911437,-27.3472,-8.6196,14.2060,15.2021,11.1915,13.6452,10
2461171.645737,-0.2967,-29.3308,14.2060,15.2021,11.1915,13.6452,10
2461171.696767,-3.6691,-0.3555,14.2060,15.2021,11.1915,13.6452,10
2461171.713277,-15.3666,3.5235,14.2060,15.2021,11.1915,13.6452,10
2461171.809117,-21.6986,-12.4212,14.2060,15.2021,11.1915,13.6452,10
2461171.835937,-32.8228,-26.2199,14.2060,15.2021,11.1915,13.6452,10
2461171.890157,-8.5721,-10.5771,14.2060,15.2021,11.1915,13.6452,10
2461171.906897,-18.7748,-5.1925,14.2060,15.2021,11.1915,13.6452,10
2461171.933967,-23.0891,-0.4278,14.2060,15.2021,11.1915,13.6452,10
2461172.642927,-14.4364,-6.9959,14.2060,15.2021,11.1915,13.6452,10
2461172.676047,-11.2691,-4.0307,14.2060,15.2021,11.1915,13.6452,10
2461172.713297,-9.3170,-12.9957,14.2060,15.2021,11.1915,13.6452,10
2461172.763107,-30.3474,-22.1909,14.2060,15.2021,11.1915,13.6452,10
2461172.780187,-9.0971,-14.4947,14.2060,15.2021,11.1915,13.6452,10
2461172.814157,-29.0716,1.1087,14.2060,15.2021,11.1915,13.6452,10
2461172.830937,-10.2064,-13.2588,14.2060,15.2021,11.1915,13.6452,10
2461172.878757,-24.2417,-11.5504,14.2060,15.2021,11.1915,13.6452,10
2461172.895497,-18.0683,-14.6959,14.2060,15.2021,11.1915,13.6452,10
2461172.928947,0.6913,-10.2678,14.2060,15.2021,11.1915,13.6452,10
2461173.635027,-11.9082,-26.0368,14.2060,15.2021,11.1915,13.6452,10
2461173.669377,-5.5029,-15.7979,14.2060,15.2021,11.1915,13.6452,10
2461173.703617,-31.1883,6.3639,14.2060,15.2021,11.1915,13.6452,10
2461173.731227,4.9366,-3.8703,14.2060,15.2021,11.1915,13.6452,10
2461173.818587,-7.7470,-18.0010,14.2060,15.2021,11.1915,13.6452,10
2461173.835727,-27.7691,-9.2986,14.2060,15.2021,11.1915,13.6452,10
2461173.884467,1.2649,-8.1980,14.2060,15.2021,11.1915,13.6452,10
2461173.901497,-18.1490,-17.7568,14.2060,15.2021,11.1915,13.6452,10
2461173.918917,-27.7508,-4.3446,14.2060,15.2021,11.1915,13.6452,10
2461174.663447,-25.6939,2.0740,14.2060,15.2021,11.1915,13.6452,10
2461174.699017,-18.3242,-4.0955,14.2060,15.2021,11.1915,13.6452,10
2461174.783567,-25.5153,-7.7533,14.2060,15.2021,11.1915,13.6452,10
2461174.880687,-14.2791,-6.8621,14.2060,15.2021,11.1915,13.6452,10
2461175.628407,-5.2876,-18.2086,14.2060,15.2021,11.1915,13.6452,10
2461175.703597,-1.0180,-6.9702,14.2060,15.2021,11.1915,13.6452,10
2461177.641357,-14.8998,-32.9433,14.2060,15.2021,11.1915,13.6452,10
2461177.658637,-6.8418,-3.8905,14.2060,15.2021,11.1915,13.6452,10
2461177.692597,-10.2551,-13.9072,14.2060,15.2021,11.1915,13.6452,10
2461177.720087,-4.2508,-2.7285,14.2060,15.2021,11.1915,13.6452,10
2461177.756507,-4.7294,-13.6010,14.2060,15.2021,11.1915,13.6452,10
2461177.791507,-13.8814,-9.9101,14.2060,15.2021,11.1915,13.6452,10
2461177.818627,-16.2242,-9.1236,14.2060,15.2021,11.1915,13.6452,10
2461177.868997,-7.8839,-9.8821,14.2060,15.2021,11.1915,13.6452,10
2461177.885387,-25.9059,-3.5337,14.2060,15.2021,11.1915,13.6452,10
2461177.912577,-7.4868,7.6964,14.2060,15.2021,11.1915,13.6452,10
2461178.707597,-10.9649,-15.8740,14.2060,15.2021,11.1915,13.6452,10
2461178.744847,0.3064,-17.4802,14.2060,15.2021,11.1915,13.6452,10
2461178.761657,-24.1040,-15.1162,14.2060,15.2021,11.1915,13.6452,10
2461178.806467,-7.4135,-14.0906,14.2060,15.2021,11.1915,13.6452,10
2461178.843277,-19.3703,-12.4948,14.2060,15.2021,11.1915,13.6452,10
2461178.917027,-20.3187,-4.1419,14.2060,15.2021,11.1915,13.6452,10
2461179.652797,-10.3451,-22.1915,14.2060,15.2021,11.1915,13.6452,10
2461179.669767,-9.7816,-10.6014,14.2060,15.2021,11.1915,13.6452,10
2461179.686307,-20.0123,-22.1115,14.2060,15.2021,11.1915,13.6452,10
2461179.719167,-16.9574,-5.2144,14.2060,15.2021,11.1915,13.6452,10
2461179.765617,-20.3675,-13.5664,14.2060,15.2021,11.1915,13.6452,10
2461179.782197,-25.0387,-7.7346,14.2060,15.2021,11.1915,13.6452,10
2461179.815837,-29.5984,6.7671,14.2060,15.2021,11.1915,13.6452,10
2461179.832147,-33.3816,-18.0157,14.2060,15.2021,11.1915,13.6452,10
2461180.709037,-1.0412,-3.4620,14.2060,15.2021,11.1915,13.6452,10
2461180.753577,2.0569,-12.1062,14.2060,15.2021,11.1915,13.6452,10
2461180.825947,-11.8193,-14.1415,14.2060,15.2021,11.1915,13.6452,10
2461181.916997,1.5273,-26.2168,14.2060,15.2021,11.1915,13.6452,10
2461182.612837,3.7542,3.5435,14.2060,15.2021,11.1915,13.6452,10
2461182.630247,-33.1761,-17.3146,14.2060,15.2021,11.1915,13.6452,10
2461182.647087,-10.8192,-12.1322,14.2060,15.2021,11.1915,13.6452,10
2461182.698837,-10.3270,-26.2372,14.2060,15.2021,11.1915,13.6452,10
2461182.731717,-16.2125,-2.6012,14.2060,15.2021,11.1915,13.6452,10
2461182.748697,-16.8270,-14.9595,14.2060,15.2021,11.1915,13.6452,10
2461182.846567,-29.0287,5.7975,14.2060,15.2021,11.1915,13.6452,10
2461182.913047,-22.4407,-18.9422,14.2060,15.2021,11.1915,13.6452,10
2461182.937927,-10.8192,-20.8517,14.2060,15.2021,11.1915,13.6452,10
2461183.609117,-6.5542,-23.0168,14.2060,15.2021,11.1915,13.6452,10
2461183.640477,-23.7661,-32.5889,14.2060,15.2021,11.1915,13.6452,10
2461183.755857,-7.0997,-8.2020,14.2060,15.2021,11.1915,13.6452,10
2461183.794797,-27.6899,-8.1975,14.2060,15.2021,11.1915,13.6452,10
2461183.811387,-27.3312,2.5914,14.2060,15.2021,11.1915,13.6452,10
2461183.861727,-30.4469,-10.0616,14.2060,15.2021,11.1915,13.6452,10
2461184.677057,-2.4054,-14.2754,14.2060,15.2021,11.1915,13.6452,10
2461184.721417,-1.5288,-21.3170,14.2060,15.2021,11.1915,13.6452,10
2461184.740007,-14.0674,-25.2411,14.2060,15.2021,11.1915,13.6452,10
2461185.632257,6.0426,-19.3311,14.2060,15.2021,11.1915,13.6452,10
2461185.666167,-8.3110,-31.3437,14.2060,15.2021,11.1915,13.6452,10
2461185.683077,-21.4083,-34.9336,14.2060,15.2021,11.1915,13.6452,10
2461185.748927,-20.0914,-17.2903,14.2060,15.2021,11.1915,13.6452,10
2461185.765927,-33.0920,-24.5586,14.2060,15.2021,11.1915,13.6452,10
2461185.877267,-9.6640,-26.3100,14.2060,15.2021,11.1915,13.6452,10
2461186.656447,-6.3509,1.7961,14.2060,15.2021,11.1915,13.6452,10
2461186.707917,-34.9380,-18.5520,14.2060,15.2021,11.1915,13.6452,10
2461186.742027,-15.1848,-3.1253,14.2060,15.2021,11.1915,13.6452,10
2461186.759277,-5.8829,-5.4828,14.2060,15.2021,11.1915,13.6452,10
2461186.803057,-13.6187,-19.1837,14.2060,15.2021,11.1915,13.6452,10
2461186.855237,-8.0027,-0.1434,14.2060,15.2021,11.1915,13.6452,10
2461186.876057,-22.8058,-25.4978,14.2060,15.2021,11.1915,13.6452,10
2461187.605337,3.4110,-8.6938,14.2060,15.2021,11.1915,13.6452,10
2461187.667237,6.0542,-31.0034,14.2060,15.2021,11.1915,13.6452,10
2461187.701167,-17.7987,-34.9936,14.2060,15.2021,11.1915,13.6452,10
2461187.763437,-32.0701,-18.6074,14.2060,15.2021,11.1915,13.6452,10
2461187.797227,-19.8577,-8.3124,14.2060,15.2021,11.1915,13.6452,10
2461187.814467,-28.7430,3.7203,14.2060,15.2021,11.1915,13.6452,10
2461187.860377,-33.8202,-3.0623,14.2060,15.2021,11.1915,13.6452,10
2461187.910107,-25.5765,-21.1903,14.2060,15.2021,11.1915,13.6452,10
2461187.927097,-16.9192,-13.1049,14.2060,15.2021,11.1915,13.6452,10
2461188.609827,3.8553,-16.8586,14.2060,15.2021,11.1915,13.6452,10
2461188.675107,-18.3574,2.1177,14.2060,15.2021,11.1915,13.6452,10
2461188.857357,-17.2971,-0.6412,14.2060,15.2021,11.1915,13.6452,10
2461188.890687,-5.4076,3.4474,14.2060,15.2021,11.1915,13.6452,10
2461188.925807,-33.0766,4.1145,14.2060,15.2021,11.1915,13.6452,10
2461189.662437,-10.1910,-26.0615,14.2060,15.2021,11.1915,13.6452,10
2461189.695737,-6.2788,7.9208,14.2060,15.2021,11.1915,13.6452,10
2461189.723157,-8.7716,-10.7071,14.2060,15.2021,11.1915,13.6452,10
2461189.739867,-18.7848,-14.5506,14.2060,15.2021,11.1915,13.6452,10
2461189.756487,-7.3389,-6.0307,14.2060,15.2021,11.1915,13.6452,10
2461189.777607,-5.9210,-26.3931,14.2060,15.2021,11.1915,13.6452,10
2461189.843857,-37.0636,-19.1353,14.2060,15.2021,11.1915,13.6452,10
2461189.862697,0.9397,-21.7910,14.2060,15.2021,11.1915,13.6452,10
2461189.895887,-20.6636,-7.3630,14.2060,15.2021,11.1915,13.6452,10
2461190.588587,-3.7066,-22.8901,14.2060,15.2021,11.1915,13.6452,10
2461190.690287,-16.5127,8.3722,14.2060,15.2021,11.1915,13.6452,10
2461190.742357,-13.8634,-10.3390,14.2060,15.2021,11.1915,13.6452,10
2461190.760647,-18.8288,-27.0564,14.2060,15.2021,11.1915,13.6452,10
2461190.877017,-10.4029,3.9722,14.2060,15.2021,11.1915,13.6452,10
2461191.747407,-18.4222,-15.1435,14.2060,15.2021,11.1915,13.6452,10
2461196.661637,-19.5964,-35.8150,14.2060,15.2021,11.1915,13.6452,10
2461196.706557,-8.1859,-14.5784,14.2060,15.2021,11.1915,13.6452,10
2461196.723747,-5.2363,-9.4841,14.2060,15.2021,11.1915,13.6452,10
2461196.775237,-3.5757,-26.9590,14.2060,15.2021,11.1915,13.6452,10
2461196.806677,-8.6839,1.5305,14.2060,15.2021,11.1915,13.6452,10
2461196.840107,-36.2753,-20.3078,14.2060,15.2021,11.1915,13.6452,10
2461197.825027,-3.4064,-23.7250,14.2060,15.2021,11.1915,13.6452,10
2461197.852167,-31.0538,-33.4410,14.2060,15.2021,11.1915,13.6452,10
2461198.651567,-13.5796,-13.7542,14.2060,15.2021,11.1915,13.6452,10
2461198.687027,-6.9803,-4.3979,14.2060,15.2021,11.1915,13.6452,10
2461198.703837,-20.6716,-16.5402,14.2060,15.2021,11.1915,13.6452,10
2461198.748237,-1.4242,-0.8441,14.2060,15.2021,11.1915,13.6452,10
2461198.782607,-22.2956,6.9727,14.2060,15.2021,11.1915,13.6452,10
2461198.829707,-23.3178,-1.9974,14.2060,15.2021,11.1915,13.6452,10
2461198.847507,-24.7614,-29.4159,14.2060,15.2021,11.1915,13.6452,10
2461199.578697,2.9218,-37.0811,14.2060,15.2021,11.1915,13.6452,10
2461199.629557,-20.5124,1.9327,14.2060,15.2021,11.1915,13.6452,10
2461199.646077,2.5925,-12.1585,14.2060,15.2021,11.1915,13.6452,10
2461199.662967,-25.8767,-22.5864,14.2060,15.2021,11.1915,13.6452,10
2461199.681867,0.4315,-18.9873,14.2060,15.2021,11.1915,13.6452,10
2461199.709307,-25.9162,4.0985,14.2060,15.2021,11.1915,13.6452,10
2461199.726727,-21.9515,-16.0731,14.2060,15.2021,11.1915,13.6452,10
2461199.743907,-15.6655,-24.7014,14.2060,15.2021,11.1915,13.6452,10
2461199.760417,5.8338,-13.3800,14.2060,15.2021,11.1915,13.6452,10
2461199.764587,13.5724,-30.2704,14.2060,15.2021,11.1915,13.6452,10
2461199.786407,-22.7431,-14.0704,14.2060,15.2021,11.1915,13.6452,10
2461199.804497,-8.8839,-27.1686,14.2060,15.2021,11.1915,13.6452,10
2461199.851167,-0.3445,-17.6362,14.2060,15.2021,11.1915,13.6452,10
2461199.877807,-33.4006,-25.5103,14.2060,15.2021,11.1915,13.6452,10
2461202.617437,-1.7610,0.7753,14.2060,15.2021,11.1915,13.6452,10
2461202.651787,-9.1531,-13.9566,14.2060,15.2021,11.1915,13.6452,10
2461202.668397,-33.4687,-40.4596,14.2060,15.2021,11.1915,13.6452,10
2461202.696217,-24.8640,-16.2102,14.2060,15.2021,11.1915,13.6452,10
2461202.712677,-8.4352,-22.3399,14.2060,15.2021,11.1915,13.6452,10
2461202.729837,-25.0674,5.2351,14.2060,15.2021,11.1915,13.6452,10
2461202.747317,-28.8756,-15.3490,14.2060,15.2021,11.1915,13.6452,10
2461202.812177,-31.2377,-36.3997,14.2060,15.2021,11.1915,13.6452,10
2461202.828757,-35.2370,-12.0020,14.2060,15.2021,11.1915,13.6452,10
2461202.845517,7.8711,-14.0736,14.2060,15.2021,11.1915,13.6452,10
2461203.578467,0.5412,-14.2211,14.2060,15.2021,11.1915,13.6452,10
2461203.596907,-19.3508,-5.4223,14.2060,15.2021,11.1915,13.6452,10
2461203.616217,-6.6037,-25.4993,14.2060,15.2021,11.1915,13.6452,10
2461203.663657,-29.7337,-19.8321,14.2060,15.2021,11.1915,13.6452,10
2461203.668107,-20.5500,-6.2553,14.2060,15.2021,11.1915,13.6452,10
2461203.725887,-13.5474,-39.3996,14.2060,15.2021,11.1915,13.6452,10
2461203.742357,-10.2491,-38.0717,14.2060,15.2021,11.1915,13.6452,10
2461204.611777,-17.1644,-4.1938,14.2060,15.2021,11.1915,13.6452,10
2461205.565347,-7.0983,-4.4095,14.2060,15.2021,11.1915,13.6452,10
2461205.586397,-30.8730,-20.6730,14.2060,15.2021,11.1915,13.6452,10
2461205.625647,-13.8768,-26.1973,14.2060,15.2021,11.1915,13.6452,10
2461205.631337,-11.1964,3.2971,14.2060,15.2021,11.1915,13.6452,10
2461205.654087,-1.4086,-36.7177,14.2060,15.2021,11.1915,13.6452,10
2461211.634177,-0.9492,-50.3031,14.2060,15.2021,11.1915,13.6452,10
2461211.651117,-13.5672,-23.8102,14.2060,15.2021,11.1915,13.6452,10
2461211.736177,-9.9105,-28.8731,14.2060,15.2021,11.1915,13.6452,10
2461213.783497,-20.1409,-39.1075,14.2060,15.2021,11.1915,13.6452,10
2461214.545867,-35.0097,-23.2666,14.2060,15.2021,11.1915,13.6452,10
2461214.596477,-11.9707,-28.8329,14.2060,15.2021,11.1915,13.6452,10
2461214.618767,-33.7136,-33.0653,14.2060,15.2021,11.1915,13.6452,10
2461214.638997,-1.4230,-29.2810,14.2060,15.2021,11.1915,13.6452,10
2461214.666067,-28.5313,-42.1641,14.2060,15.2021,11.1915,13.6452,10
2461214.686107,-9.3580,-36.1678,14.2060,15.2021,11.1915,13.6452,10
2461214.714567,-24.8440,-40.5596,14.2060,15.2021,11.1915,13.6452,10
2461214.735727,-20.7882,-14.7431,14.2060,15.2021,11.1915,13.6452,10
2461214.771027,-18.5096,-56.3515,14.2060,15.2021,11.1915,13.6452,10
2461214.789587,-10.3993,-7.5317,14.2060,15.2021,11.1915,13.6452,10
2461214.817047,-27.0616,-19.6472,14.2060,15.2021,11.1915,13.6452,10
2461214.833737,-15.5571,-11.2226,14.2060,15.2021,11.1915,13.6452,10
2461215.545297,-2.9938,-10.3474,14.2060,15.2021,11.1915,13.6452,10
2461215.574497,3.1250,-23.7312,14.2060,15.2021,11.1915,13.6452,10
2461215.626037,-37.8023,-24.4716,14.2060,15.2021,11.1915,13.6452,10
2461215.644677,-26.6138,-31.0953,14.2060,15.2021,11.1915,13.6452,10
2461215.662207,-19.3486,-27.0727,14.2060,15.2021,11.1915,13.6452,10
2461215.690077,-11.8942,-30.6487,14.2060,15.2021,11.1915,13.6452,10
2461215.709007,-8.4010,-17.5103,14.2060,15.2021,11.1915,13.6452,10
2461215.767377,-19.2179,-14.9572,14.2060,15.2021,11.1915,13.6452,10
2461215.797737,-25.8698,-20.5115,14.2060,15.2021,11.1915,13.6452,10
2461215.831527,-18.1116,-12.2138,14.2060,15.2021,11.1915,13.6452,10
2461216.548867,-3.6047,-60.8002,14.2060,15.2021,11.1915,13.6452,10
2461216.567907,-4.9182,-58.7750,14.2060,15.2021,11.1915,13.6452,10
2461216.586367,-17.9470,-19.3366,14.2060,15.2021,11.1915,13.6452,10
2461216.602987,-15.6781,-27.5940,14.2060,15.2021,11.1915,13.6452,10
2461216.619667,-28.7720,-22.7030,14.2060,15.2021,11.1915,13.6452,10
2461216.646837,-30.6532,-14.3349,14.2060,15.2021,11.1915,13.6452,10
2461216.664517,-21.5950,-7.0727,14.2060,15.2021,11.1915,13.6452,10
2461216.681237,-4.9869,3.0843,14.2060,15.2021,11.1915,13.6452,10
2461216.697727,-22.9055,-8.5050,14.2060,15.2021,11.1915,13.6452,10
2461216.714687,-10.5599,-35.8342,14.2060,15.2021,11.1915,13.6452,10
2461216.731457,-34.7482,-27.6502,14.2060,15.2021,11.1915,13.6452,10
2461216.758387,-29.0100,-8.0541,14.2060,15.2021,11.1915,13.6452,10
2461216.814347,-5.3916,-4.9914,14.2060,15.2021,11.1915,13.6452,10
2461217.521487,-2.1962,-38.7952,14.2060,15.2021,11.1915,13.6452,10
2461217.538487,-10.7041,-32.3480,14.2060,15.2021,11.1915,13.6452,10
2461217.555287,-11.7245,-10.6520,14.2060,15.2021,11.1915,13.6452,10
2461217.591267,-7.9476,-24.6552,14.2060,15.2021,11.1915,13.6452,10
2461217.636427,-27.0171,2.8575,14.2060,15.2021,11.1915,13.6452,10
2461217.692227,-26.2705,8.8664,14.2060,15.2021,11.1915,13.6452,10
2461217.719447,-14.3285,-29.3731,14.2060,15.2021,11.1915,13.6452,10
2461217.737627,-1.6964,-7.6369,14.2060,15.2021,11.1915,13.6452,10
2461217.754597,-30.3153,-47.5942,14.2060,15.2021,11.1915,13.6452,10
2461217.770977,-21.2228,-43.6753,14.2060,15.2021,11.1915,13.6452,10
2461217.789647,-27.4779,-33.9790,14.2060,15.2021,11.1915,13.6452,10
2461217.807417,-6.8807,2.5030,14.2060,15.2021,11.1915,13.6452,10
2461218.546507,2.4728,-28.1844,14.2060,15.2021,11.1915,13.6452,10
2461218.568017,-5.3972,1.6932,14.2060,15.2021,11.1915,13.6452,10
2461218.693377,4.1374,-30.5913,14.2060,15.2021,11.1915,13.6452,10
2461218.709847,-42.3572,-48.2778,14.2060,15.2021,11.1915,13.6452,10
2461218.792047,-42.8404,-31.4695,14.2060,15.2021,11.1915,13.6452,10
2461218.827917,-10.7862,-26.8764,14.2060,15.2021,11.1915,13.6452,10
2461222.571367,-31.6564,-15.6752,14.2060,15.2021,11.1915,13.6452,10
2461223.610337,-21.0874,-38.0378,14.2060,15.2021,11.1915,13.6452,10
2461223.613227,-18.9919,-60.2731,14.2060,15.2021,11.1915,13.6452,10
2461223.770367,-36.7243,-37.0747,14.2060,15.2021,11.1915,13.6452,10
2461223.787087,4.5101,0.6068,14.2060,15.2021,11.1915,13.6452,10
2461225.600887,-13.9547,-37.7842,14.2060,15.2021,11.1915,13.6452,10
2461227.597717,15.7381,4.9880,14.2060,15.2021,11.1915,13.6452,10
2461227.614947,-19.3373,-36.0733,14.2060,15.2021,11.1915,13.6452,10
2461227.633467,-28.7796,-32.4699,14.2060,15.2021,11.1915,13.6452,10
2461227.704357,8.5616,-29.1082,14.2060,15.2021,11.1915,13.6452,10
2461227.708657,8.6439,-23.6315,14.2060,15.2021,11.1915,13.6452,10
2461227.763517,-3.5112,-42.3068,14.2060,15.2021,11.1915,13.6452,10
2461227.780597,-4.7215,3.1932,14.2060,15.2021,11.1915,13.6452,10
2461227.798157,-36.5160,-2.5525,14.2060,15.2021,11.1915,13.6452,10
2461228.522327,-37.3287,-35.0340,14.2060,15.2021,11.1915,13.6452,10
2461228.539157,-34.2040,-0.2028,14.2060,15.2021,11.1915,13.6452,10
2461228.555757,-38.5870,-29.9649,14.2060,15.2021,11.1915,13.6452,10
2461228.598827,-27.2132,-18.9466,14.2060,15.2021,11.1915,13.6452,10
2461228.615937,-16.7078,-18.3533,14.2060,15.2021,11.1915,13.6452,10
2461228.634907,-35.8686,-5.4184,14.2060,15.2021,11.1915,13.6452,10
2461228.639037,-4.0950,-46.7248,14.2060,15.2021,11.1915,13.6452,10
2461228.655807,-14.3544,-5.7422,14.2060,15.2021,11.1915,13.6452,10
2461228.722807,-26.5837,-17.6253,14.2060,15.2021,11.1915,13.6452,10
2461228.740147,-36.0799,-22.9115,14.2060,15.2021,11.1915,13.6452,10
2461228.761117,-7.1359,-29.3186,14.2060,15.2021,11.1915,13.6452,10
2461228.797567,-2.5915,-25.1560,14.2060,15.2021,11.1915,13.6452,10
2461229.546617,-6.7378,10.5446,14.2060,15.2021,11.1915,13.6452,10
2461229.564217,-15.8242,-13.4016,14.2060,15.2021,11.1915,13.6452,10
2461229.652707,-35.0511,-26.8301,14.2060,15.2021,11.1915,13.6452,10
2461229.669907,-14.8353,4.4980,14.2060,15.2021,11.1915,13.6452,10
2461229.697417,-1.9048,10.2926,14.2060,15.2021,11.1915,13.6452,10
2461230.513867,-26.6256,-19.4006,14.2060,15.2021,11.1915,13.6452,10
2461230.548827,2.3580,11.5051,14.2060,15.2021,11.1915,13.6452,10
2461230.565847,-24.6219,2.7218,14.2060,15.2021,11.1915,13.6452,10
2461230.611167,-6.0291,-0.6250,14.2060,15.2021,11.1915,13.6452,10
2461230.666177,-1.9981,-3.3217,14.2060,15.2021,11.1915,13.6452,10
2461230.714807,-34.7053,-14.9921,14.2060,15.2021,11.1915,13.6452,10
2461230.732357,-30.4372,-9.2145,14.2060,15.2021,11.1915,13.6452,10
2461230.754827,-24.5002,-5.6207,14.2060,15.2021,11.1915,13.6452,10
2461230.791217,-20.2150,-14.3794,14.2060,15.2021,11.1915,13.6452,10
2461231.547587,-18.9210,-42.3167,14.2060,15.2021,11.1915,13.6452,10
2461231.564767,-23.0601,-17.2289,14.2060,15.2021,11.1915,13.6452,10
2461231.582177,-10.6312,-24.0934,14.2060,15.2021,11.1915,13.6452,10
2461231.626927,-22.3283,-10.8294,14.2060,15.2021,11.1915,13.6452,10
2461231.643737,-30.6728,-19.7036,14.2060,15.2021,11.1915,13.6452,10
2461231.661567,-29.6467,-56.1717,14.2060,15.2021,11.1915,13.6452,10
2461231.681687,4.5887,6.7622,14.2060,15.2021,11.1915,13.6452,10
2461231.698827,-14.0686,-29.4849,14.2060,15.2021,11.1915,13.6452,10
2461231.743677,-25.4813,2.7190,14.2060,15.2021,11.1915,13.6452,10
2461231.760367,-37.8661,-29.2608,14.2060,15.2021,11.1915,13.6452,10
2461232.667537,-11.4567,-36.3693,14.2060,15.2021,11.1915,13.6452,10
2461232.701787,3.2277,6.3365,14.2060,15.2021,11.1915,13.6452,10
2461232.750127,-25.3478,-27.0840,14.2060,15.2021,11.1915,13.6452,10
2461232.767407,-43.6213,-11.8424,14.2060,15.2021,11.1915,13.6452,10
2461233.475887,-39.9387,6.3316,14.2060,15.2021,11.1915,13.6452,10
2461233.502957,-11.6938,-29.1762,14.2060,15.2021,11.1915,13.6452,10
2461233.540537,15.4216,-36.7368,14.2060,15.2021,11.1915,13.6452,10
2461233.557897,-4.8089,-2.4991,14.2060,15.2021,11.1915,13.6452,10
2461233.574097,14.6219,-29.5531,14.2060,15.2021,11.1915,13.6452,10
2461233.601247,-25.1029,13.3426,14.2060,15.2021,11.1915,13.6452,10
2461233.617957,-5.9946,-4.6316,14.2060,15.2021,11.1915,13.6452,10
2461233.634267,-13.7027,-20.8666,14.2060,15.2021,11.1915,13.6452,10
2461233.651267,-15.3328,-4.2463,14.2060,15.2021,11.1915,13.6452,10
2461233.670127,6.9212,-20.8384,14.2060,15.2021,11.1915,13.6452,10
2461233.674347,-30.4467,-23.0262,14.2060,15.2021,11.1915,13.6452,10
2461233.700337,-7.5483,-0.4656,14.2060,15.2021,11.1915,13.6452,10
2461233.733167,-13.7808,8.5847,14.2060,15.2021,11.1915,13.6452,10
2461233.749727,-48.8817,-3.8929,14.2060,15.2021,11.1915,13.6452,10
2461233.766167,-22.4984,-10.0279,14.2060,15.2021,11.1915,13.6452,10
2461233.798517,-11.8091,-2.3762,14.2060,15.2021,11.1915,13.6452,10
