# KMT-2026-BLG-0521 / OGLE-2026-BLG-0058, field BLG01, v6 reduction
# the target
# Solution: ~/KMTdata/Results/v6/IFfinal_BLG01.mat
# v6 fits the calibration set 14<I<19, isolated to 2 arcsec, 253 stars in this field.
# All are freely fitted; Gaia RUWE<1.4 is applied only in the post-hoc tie.
# I_OGLE = 18.13, at pixel (151.5, 150.1), 0.0 pix from the target
# RA, Dec (J2000) = 17:52:38.086 , -31:47:36.22  =  268.158690 , -31.793393 deg
# absolute proper motion (mu_alpha cos d, mu_d) = -1.781, -7.136 mas/yr
#   full six-parameter gauge removed (constant AND linear gradient)
# X_mas, Y_mas: position in mas, proper motion NOT removed, relative to the mean
# errX_decade, errY_decade: this star own residual RMS over the run. Constant.
# errX_season, errY_season: this star own residual RMS within each season.
# season: 1=2016 ... 10=2026 (2020 is dropped as a short stub)
JD,X_mas,Y_mas,errX_decade,errY_decade,errX_season,errY_season,season
2457441.875824,-18.4652,19.1436,20.4324,19.9860,18.3439,18.8843,1
2457447.845274,-13.2983,18.0170,20.4324,19.9860,18.3439,18.8843,1
2457447.896124,11.2500,14.8917,20.4324,19.9860,18.3439,18.8843,1
2457449.895624,25.2767,7.3397,20.4324,19.9860,18.3439,18.8843,1
2457451.882254,5.3546,12.3827,20.4324,19.9860,18.3439,18.8843,1
2457454.827394,7.2961,38.5412,20.4324,19.9860,18.3439,18.8843,1
2457457.904974,-0.4212,9.9261,20.4324,19.9860,18.3439,18.8843,1
2457461.815294,23.1029,7.8664,20.4324,19.9860,18.3439,18.8843,1
2457461.881694,8.7774,29.6544,20.4324,19.9860,18.3439,18.8843,1
2457466.790834,-3.6186,-13.4043,20.4324,19.9860,18.3439,18.8843,1
2457466.904944,-26.8061,32.3475,20.4324,19.9860,18.3439,18.8843,1
2457469.842754,6.6262,42.6451,20.4324,19.9860,18.3439,18.8843,1
2457469.902574,22.3599,31.7760,20.4324,19.9860,18.3439,18.8843,1
2457472.877464,15.1070,-0.4842,20.4324,19.9860,18.3439,18.8843,1
2457473.767334,-19.5233,39.9980,20.4324,19.9860,18.3439,18.8843,1
2457473.829174,-6.2855,30.6007,20.4324,19.9860,18.3439,18.8843,1
2457474.802834,38.9179,38.6054,20.4324,19.9860,18.3439,18.8843,1
2457474.823204,35.6260,17.0309,20.4324,19.9860,18.3439,18.8843,1
2457474.843314,-9.7347,36.4129,20.4324,19.9860,18.3439,18.8843,1
2457474.896914,-20.3475,26.8694,20.4324,19.9860,18.3439,18.8843,1
2457476.866587,-13.8502,46.9758,20.4324,19.9860,18.3439,18.8843,1
2457479.787907,3.4311,16.3002,20.4324,19.9860,18.3439,18.8843,1
2457479.898357,-23.4922,28.2377,20.4324,19.9860,18.3439,18.8843,1
2457479.917407,-12.7409,21.8170,20.4324,19.9860,18.3439,18.8843,1
2457480.779637,-18.9324,33.8839,20.4324,19.9860,18.3439,18.8843,1
2457480.817077,-2.2175,7.7739,20.4324,19.9860,18.3439,18.8843,1
2457480.899627,-36.5165,8.9171,20.4324,19.9860,18.3439,18.8843,1
2457481.779777,-11.3902,0.6042,20.4324,19.9860,18.3439,18.8843,1
2457481.830507,-9.6461,17.9816,20.4324,19.9860,18.3439,18.8843,1
2457481.885317,-22.9668,17.6864,20.4324,19.9860,18.3439,18.8843,1
2457482.798567,-1.7440,12.0667,20.4324,19.9860,18.3439,18.8843,1
2457482.841957,4.1138,32.7255,20.4324,19.9860,18.3439,18.8843,1
2457484.804047,-12.0849,-19.8270,20.4324,19.9860,18.3439,18.8843,1
2457486.819627,-33.9905,8.3247,20.4324,19.9860,18.3439,18.8843,1
2457487.795227,23.0182,31.4867,20.4324,19.9860,18.3439,18.8843,1
2457487.833617,10.7691,9.0597,20.4324,19.9860,18.3439,18.8843,1
2457487.864357,1.7279,0.3827,20.4324,19.9860,18.3439,18.8843,1
2457487.884767,-6.2001,16.4142,20.4324,19.9860,18.3439,18.8843,1
2457487.904937,-11.9286,19.1937,20.4324,19.9860,18.3439,18.8843,1
2457488.806694,-18.1945,32.6707,20.4324,19.9860,18.3439,18.8843,1
2457488.827904,-21.1807,-3.1615,20.4324,19.9860,18.3439,18.8843,1
2457488.845654,-11.0916,33.3548,20.4324,19.9860,18.3439,18.8843,1
2457489.889827,-11.3037,47.7761,20.4324,19.9860,18.3439,18.8843,1
2457491.832847,-22.9209,18.1464,20.4324,19.9860,18.3439,18.8843,1
2457491.864017,-6.6260,24.3771,20.4324,19.9860,18.3439,18.8843,1
2457494.708967,3.1643,32.9933,20.4324,19.9860,18.3439,18.8843,1
2457494.777367,16.6675,20.7746,20.4324,19.9860,18.3439,18.8843,1
2457494.841437,14.8300,13.5116,20.4324,19.9860,18.3439,18.8843,1
2457494.862397,-12.6689,35.1325,20.4324,19.9860,18.3439,18.8843,1
2457494.893597,-24.9502,6.1669,20.4324,19.9860,18.3439,18.8843,1
2457494.912177,2.2063,10.5693,20.4324,19.9860,18.3439,18.8843,1
2457495.730137,-14.2136,26.2640,20.4324,19.9860,18.3439,18.8843,1
2457495.834017,-1.2746,40.9919,20.4324,19.9860,18.3439,18.8843,1
2457495.856407,-12.0204,31.6698,20.4324,19.9860,18.3439,18.8843,1
2457495.904917,5.8998,6.5471,20.4324,19.9860,18.3439,18.8843,1
2457497.832117,-28.5667,6.9571,20.4324,19.9860,18.3439,18.8843,1
2457497.872107,30.1725,37.9939,20.4324,19.9860,18.3439,18.8843,1
2457498.805467,21.5182,-6.6149,20.4324,19.9860,18.3439,18.8843,1
2457498.902227,9.2118,16.3839,20.4324,19.9860,18.3439,18.8843,1
2457499.719387,-12.8042,6.4449,20.4324,19.9860,18.3439,18.8843,1
2457499.742837,2.5792,5.4063,20.4324,19.9860,18.3439,18.8843,1
2457499.760397,-4.1051,27.7531,20.4324,19.9860,18.3439,18.8843,1
2457499.806637,2.2406,10.3942,20.4324,19.9860,18.3439,18.8843,1
2457499.841957,2.7046,24.0755,20.4324,19.9860,18.3439,18.8843,1
2457499.862677,-6.9797,35.1015,20.4324,19.9860,18.3439,18.8843,1
2457499.917197,-0.0782,17.7275,20.4324,19.9860,18.3439,18.8843,1
2457500.703887,1.6631,-3.4127,20.4324,19.9860,18.3439,18.8843,1
2457500.815027,-18.0053,10.8202,20.4324,19.9860,18.3439,18.8843,1
2457500.833157,-1.7198,40.1242,20.4324,19.9860,18.3439,18.8843,1
2457500.852217,-6.7490,9.2498,20.4324,19.9860,18.3439,18.8843,1
2457505.712647,14.6235,15.2892,20.4324,19.9860,18.3439,18.8843,1
2457505.730107,9.2608,26.8336,20.4324,19.9860,18.3439,18.8843,1
2457505.747377,9.0836,5.8007,20.4324,19.9860,18.3439,18.8843,1
2457508.684247,9.1068,0.0791,20.4324,19.9860,18.3439,18.8843,1
2457508.702057,7.6421,26.2360,20.4324,19.9860,18.3439,18.8843,1
2457508.739597,5.5327,-3.2681,20.4324,19.9860,18.3439,18.8843,1
2457508.848707,-12.4642,5.0706,20.4324,19.9860,18.3439,18.8843,1
2457508.864267,-13.2908,22.0581,20.4324,19.9860,18.3439,18.8843,1
2457508.892537,6.2209,19.9834,20.4324,19.9860,18.3439,18.8843,1
2457508.910197,0.4242,-3.7712,20.4324,19.9860,18.3439,18.8843,1
2457509.694621,-17.3213,10.8995,20.4324,19.9860,18.3439,18.8843,1
2457509.723007,21.9901,35.8279,20.4324,19.9860,18.3439,18.8843,1
2457509.782237,-0.6393,32.1217,20.4324,19.9860,18.3439,18.8843,1
2457509.802137,-6.1202,28.1638,20.4324,19.9860,18.3439,18.8843,1
2457509.832107,5.0543,24.0878,20.4324,19.9860,18.3439,18.8843,1
2457511.705977,15.9139,19.4184,20.4324,19.9860,18.3439,18.8843,1
2457511.758067,-6.5048,18.2885,20.4324,19.9860,18.3439,18.8843,1
2457511.804627,-11.4774,36.1377,20.4324,19.9860,18.3439,18.8843,1
2457511.895017,-16.0735,-0.9534,20.4324,19.9860,18.3439,18.8843,1
2457512.821977,-11.7598,15.9579,20.4324,19.9860,18.3439,18.8843,1
2457512.908247,-9.5580,16.5958,20.4324,19.9860,18.3439,18.8843,1
2457516.661307,4.2593,21.2363,20.4324,19.9860,18.3439,18.8843,1
2457516.681597,-6.0134,15.8252,20.4324,19.9860,18.3439,18.8843,1
2457517.736657,-25.5805,14.6137,20.4324,19.9860,18.3439,18.8843,1
2457520.730677,12.2049,21.0961,20.4324,19.9860,18.3439,18.8843,1
2457520.862677,-3.3702,6.2469,20.4324,19.9860,18.3439,18.8843,1
2457522.759377,-0.1852,19.9784,20.4324,19.9860,18.3439,18.8843,1
2457522.776737,20.8464,27.3739,20.4324,19.9860,18.3439,18.8843,1
2457522.795037,-23.7754,6.0910,20.4324,19.9860,18.3439,18.8843,1
2457523.736217,14.9016,8.6596,20.4324,19.9860,18.3439,18.8843,1
2457523.828717,3.4137,13.3023,20.4324,19.9860,18.3439,18.8843,1
2457523.845997,2.4389,36.4352,20.4324,19.9860,18.3439,18.8843,1
2457523.865667,11.2591,20.9944,20.4324,19.9860,18.3439,18.8843,1
2457523.889747,13.1361,40.4339,20.4324,19.9860,18.3439,18.8843,1
2457526.715227,8.8658,0.4648,20.4324,19.9860,18.3439,18.8843,1
2457526.887237,-17.5466,8.1217,20.4324,19.9860,18.3439,18.8843,1
2457528.737227,-4.2398,31.0850,20.4324,19.9860,18.3439,18.8843,1
2457530.745157,16.1812,11.9204,20.4324,19.9860,18.3439,18.8843,1
2457530.765697,2.9540,17.7159,20.4324,19.9860,18.3439,18.8843,1
2457530.804687,-12.7277,37.0673,20.4324,19.9860,18.3439,18.8843,1
2457530.837957,12.8386,44.9491,20.4324,19.9860,18.3439,18.8843,1
2457534.653797,34.6679,10.5391,20.4324,19.9860,18.3439,18.8843,1
2457534.671097,-0.4048,10.7141,20.4324,19.9860,18.3439,18.8843,1
2457534.688407,-6.6597,7.3579,20.4324,19.9860,18.3439,18.8843,1
2457534.707007,-8.3716,28.9039,20.4324,19.9860,18.3439,18.8843,1
2457534.725587,6.5225,37.5097,20.4324,19.9860,18.3439,18.8843,1
2457534.755747,12.4403,38.7849,20.4324,19.9860,18.3439,18.8843,1
2457534.780777,-11.9191,34.4993,20.4324,19.9860,18.3439,18.8843,1
2457534.838157,-16.5899,15.2898,20.4324,19.9860,18.3439,18.8843,1
2457534.856717,-7.7470,16.6572,20.4324,19.9860,18.3439,18.8843,1
2457534.903917,8.4189,15.9229,20.4324,19.9860,18.3439,18.8843,1
2457536.635397,-21.8344,15.3764,20.4324,19.9860,18.3439,18.8843,1
2457536.655837,8.3786,10.4275,20.4324,19.9860,18.3439,18.8843,1
2457536.673257,26.0666,35.3725,20.4324,19.9860,18.3439,18.8843,1
2457536.696147,-0.2545,26.2320,20.4324,19.9860,18.3439,18.8843,1
2457536.765387,25.3942,57.9807,20.4324,19.9860,18.3439,18.8843,1
2457536.783447,-15.8100,23.0214,20.4324,19.9860,18.3439,18.8843,1
2457536.800897,-21.8614,30.4186,20.4324,19.9860,18.3439,18.8843,1
2457536.864117,19.5402,27.9700,20.4324,19.9860,18.3439,18.8843,1
2457536.900037,11.9659,0.5355,20.4324,19.9860,18.3439,18.8843,1
2457536.917987,15.9302,50.2000,20.4324,19.9860,18.3439,18.8843,1
2457545.724647,31.5350,49.1063,20.4324,19.9860,18.3439,18.8843,1
2457546.751857,1.7531,24.2216,20.4324,19.9860,18.3439,18.8843,1
2457546.871727,8.7665,6.0082,20.4324,19.9860,18.3439,18.8843,1
2457547.603227,-7.2818,28.0569,20.4324,19.9860,18.3439,18.8843,1
2457547.654017,-25.6334,51.0325,20.4324,19.9860,18.3439,18.8843,1
2457547.797867,-18.0123,30.8229,20.4324,19.9860,18.3439,18.8843,1
2457547.879447,-0.3249,50.5961,20.4324,19.9860,18.3439,18.8843,1
2457548.639077,-12.3004,23.0448,20.4324,19.9860,18.3439,18.8843,1
2457548.713074,1.6840,30.1470,20.4324,19.9860,18.3439,18.8843,1
2457548.753134,-14.4329,6.2310,20.4324,19.9860,18.3439,18.8843,1
2457548.801247,-2.7711,27.0119,20.4324,19.9860,18.3439,18.8843,1
2457548.818647,15.1226,36.5178,20.4324,19.9860,18.3439,18.8843,1
2457549.708577,-6.2535,13.8529,20.4324,19.9860,18.3439,18.8843,1
2457549.726477,0.8962,30.4491,20.4324,19.9860,18.3439,18.8843,1
2457549.763287,20.6806,18.3485,20.4324,19.9860,18.3439,18.8843,1
2457549.793187,30.2307,40.7306,20.4324,19.9860,18.3439,18.8843,1
2457549.847337,-0.5345,30.3324,20.4324,19.9860,18.3439,18.8843,1
2457550.642027,26.3324,40.5389,20.4324,19.9860,18.3439,18.8843,1
2457550.802867,-39.7015,38.1420,20.4324,19.9860,18.3439,18.8843,1
2457550.849127,-20.7906,35.8825,20.4324,19.9860,18.3439,18.8843,1
2457551.732337,25.5969,16.1276,20.4324,19.9860,18.3439,18.8843,1
2457551.797417,-43.5439,46.1003,20.4324,19.9860,18.3439,18.8843,1
2457554.583527,-28.6349,45.1127,20.4324,19.9860,18.3439,18.8843,1
2457554.602757,32.2775,36.6232,20.4324,19.9860,18.3439,18.8843,1
2457554.620357,42.1228,47.2684,20.4324,19.9860,18.3439,18.8843,1
2457554.648267,-15.3910,9.7797,20.4324,19.9860,18.3439,18.8843,1
2457554.813477,43.9752,-8.8815,20.4324,19.9860,18.3439,18.8843,1
2457554.833297,15.0592,25.2685,20.4324,19.9860,18.3439,18.8843,1
2457555.550117,29.8038,0.7426,20.4324,19.9860,18.3439,18.8843,1
2457555.595877,13.0191,18.0624,20.4324,19.9860,18.3439,18.8843,1
2457555.665007,11.9943,11.2327,20.4324,19.9860,18.3439,18.8843,1
2457555.706007,-17.5135,46.6137,20.4324,19.9860,18.3439,18.8843,1
2457555.725457,3.5095,14.2430,20.4324,19.9860,18.3439,18.8843,1
2457555.753667,-6.3977,16.0154,20.4324,19.9860,18.3439,18.8843,1
2457555.799837,44.5824,42.7866,20.4324,19.9860,18.3439,18.8843,1
2457555.834377,32.8243,43.1650,20.4324,19.9860,18.3439,18.8843,1
2457555.863287,-22.0535,30.9608,20.4324,19.9860,18.3439,18.8843,1
2457557.587227,-4.0161,28.6907,20.4324,19.9860,18.3439,18.8843,1
2457557.604477,-32.5633,56.1029,20.4324,19.9860,18.3439,18.8843,1
2457557.622317,26.9231,42.8201,20.4324,19.9860,18.3439,18.8843,1
2457557.658397,-1.3830,39.0095,20.4324,19.9860,18.3439,18.8843,1
2457557.687217,4.3080,23.5671,20.4324,19.9860,18.3439,18.8843,1
2457557.708047,-17.6161,30.1330,20.4324,19.9860,18.3439,18.8843,1
2457557.790797,18.1882,42.3856,20.4324,19.9860,18.3439,18.8843,1
2457557.810147,11.4587,27.9658,20.4324,19.9860,18.3439,18.8843,1
2457557.827837,46.5986,19.0623,20.4324,19.9860,18.3439,18.8843,1
2457557.845727,-3.5420,20.2647,20.4324,19.9860,18.3439,18.8843,1
2457558.662817,-15.6604,7.2248,20.4324,19.9860,18.3439,18.8843,1
2457558.700477,-11.1072,3.9064,20.4324,19.9860,18.3439,18.8843,1
2457561.603127,22.2063,34.9605,20.4324,19.9860,18.3439,18.8843,1
2457561.671307,-11.8191,23.2733,20.4324,19.9860,18.3439,18.8843,1
2457561.691087,-16.4116,24.0624,20.4324,19.9860,18.3439,18.8843,1
2457561.728997,19.5275,32.7502,20.4324,19.9860,18.3439,18.8843,1
2457561.745987,-8.5856,13.7655,20.4324,19.9860,18.3439,18.8843,1
2457566.569307,24.2091,65.4190,20.4324,19.9860,18.3439,18.8843,1
2457566.678247,-0.2727,22.6737,20.4324,19.9860,18.3439,18.8843,1
2457566.714237,-12.0098,10.6943,20.4324,19.9860,18.3439,18.8843,1
2457566.737417,-3.6403,42.7384,20.4324,19.9860,18.3439,18.8843,1
2457566.776697,1.6975,55.6161,20.4324,19.9860,18.3439,18.8843,1
2457566.804847,-8.2429,36.9457,20.4324,19.9860,18.3439,18.8843,1
2457566.822737,6.7796,56.5772,20.4324,19.9860,18.3439,18.8843,1
2457567.585037,8.5423,48.9626,20.4324,19.9860,18.3439,18.8843,1
2457567.627297,-19.3363,7.3943,20.4324,19.9860,18.3439,18.8843,1
2457567.664767,-6.4370,42.7027,20.4324,19.9860,18.3439,18.8843,1
2457567.696347,-30.4887,8.8451,20.4324,19.9860,18.3439,18.8843,1
2457567.751117,16.8255,27.8678,20.4324,19.9860,18.3439,18.8843,1
2457567.799187,0.6255,46.9199,20.4324,19.9860,18.3439,18.8843,1
2457568.585437,0.1855,14.5717,20.4324,19.9860,18.3439,18.8843,1
2457568.605677,-36.1995,-26.1977,20.4324,19.9860,18.3439,18.8843,1
2457568.709837,3.2267,41.6849,20.4324,19.9860,18.3439,18.8843,1
2457568.745807,-26.7649,45.5052,20.4324,19.9860,18.3439,18.8843,1
2457568.766907,-37.2743,7.5338,20.4324,19.9860,18.3439,18.8843,1
2457569.657727,-5.5394,24.0755,20.4324,19.9860,18.3439,18.8843,1
2457569.676237,30.0161,26.2717,20.4324,19.9860,18.3439,18.8843,1
2457569.704737,10.3397,-16.8589,20.4324,19.9860,18.3439,18.8843,1
2457569.722477,2.2271,20.2656,20.4324,19.9860,18.3439,18.8843,1
2457569.740347,11.8663,11.5190,20.4324,19.9860,18.3439,18.8843,1
2457569.758157,-32.0874,-23.0949,20.4324,19.9860,18.3439,18.8843,1
2457570.805757,-18.3974,-0.8749,20.4324,19.9860,18.3439,18.8843,1
2457575.549657,27.1398,41.0780,20.4324,19.9860,18.3439,18.8843,1
2457575.666687,21.1358,8.7152,20.4324,19.9860,18.3439,18.8843,1
2457575.715387,1.5371,36.9426,20.4324,19.9860,18.3439,18.8843,1
2457575.784917,-1.2092,16.1264,20.4324,19.9860,18.3439,18.8843,1
2457576.672587,-14.7390,0.0562,20.4324,19.9860,18.3439,18.8843,1
2457576.702187,11.9797,21.5683,20.4324,19.9860,18.3439,18.8843,1
2457576.720667,22.6242,14.2022,20.4324,19.9860,18.3439,18.8843,1
2457576.773777,22.9953,45.4064,20.4324,19.9860,18.3439,18.8843,1
2457584.636307,-17.2085,-8.1453,20.4324,19.9860,18.3439,18.8843,1
2457585.519617,41.2267,2.6290,20.4324,19.9860,18.3439,18.8843,1
2457585.603177,-44.5756,8.3402,20.4324,19.9860,18.3439,18.8843,1
2457585.719847,19.4582,29.3217,20.4324,19.9860,18.3439,18.8843,1
2457589.769717,-7.0530,15.2411,20.4324,19.9860,18.3439,18.8843,1
2457590.476477,-30.6599,3.0785,20.4324,19.9860,18.3439,18.8843,1
2457590.553137,34.0522,16.3458,20.4324,19.9860,18.3439,18.8843,1
2457590.588837,1.1910,0.5313,20.4324,19.9860,18.3439,18.8843,1
2457590.608867,16.8474,32.9400,20.4324,19.9860,18.3439,18.8843,1
2457590.628357,28.0925,12.1678,20.4324,19.9860,18.3439,18.8843,1
2457590.657267,-0.8278,44.7810,20.4324,19.9860,18.3439,18.8843,1
2457590.674687,9.0643,12.1822,20.4324,19.9860,18.3439,18.8843,1
2457590.692057,8.2148,-13.2023,20.4324,19.9860,18.3439,18.8843,1
2457590.732127,5.0450,32.7352,20.4324,19.9860,18.3439,18.8843,1
2457591.521147,-2.7473,29.7577,20.4324,19.9860,18.3439,18.8843,1
2457591.538557,-5.3158,40.8964,20.4324,19.9860,18.3439,18.8843,1
2457591.556097,-3.1779,30.4320,20.4324,19.9860,18.3439,18.8843,1
2457591.585357,3.5513,26.4720,20.4324,19.9860,18.3439,18.8843,1
2457591.622117,18.6360,26.9580,20.4324,19.9860,18.3439,18.8843,1
2457591.630977,-7.7933,-8.6334,20.4324,19.9860,18.3439,18.8843,1
2457591.666267,18.1997,53.2094,20.4324,19.9860,18.3439,18.8843,1
2457593.503837,27.0494,9.6259,20.4324,19.9860,18.3439,18.8843,1
2457593.532527,-2.7380,4.6719,20.4324,19.9860,18.3439,18.8843,1
2457593.587207,-2.7983,17.8347,20.4324,19.9860,18.3439,18.8843,1
2457597.518657,14.8574,35.3615,20.4324,19.9860,18.3439,18.8843,1
2457597.536157,8.7614,46.6385,20.4324,19.9860,18.3439,18.8843,1
2457597.554207,-8.9001,23.9097,20.4324,19.9860,18.3439,18.8843,1
2457597.572177,0.5545,31.9326,20.4324,19.9860,18.3439,18.8843,1
2457597.602597,-0.6324,42.2147,20.4324,19.9860,18.3439,18.8843,1
2457597.619987,-24.9689,30.8160,20.4324,19.9860,18.3439,18.8843,1
2457597.637217,-7.5809,24.1298,20.4324,19.9860,18.3439,18.8843,1
2457597.676557,19.1367,36.9424,20.4324,19.9860,18.3439,18.8843,1
2457597.694667,18.3238,-1.1702,20.4324,19.9860,18.3439,18.8843,1
2457597.723087,0.1203,32.8541,20.4324,19.9860,18.3439,18.8843,1
2457598.493147,22.4367,32.9739,20.4324,19.9860,18.3439,18.8843,1
2457598.510187,-7.4484,-5.4489,20.4324,19.9860,18.3439,18.8843,1
2457598.527917,-17.6757,8.0207,20.4324,19.9860,18.3439,18.8843,1
2457598.558467,-29.4800,33.4246,20.4324,19.9860,18.3439,18.8843,1
2457598.579447,-6.9114,27.3222,20.4324,19.9860,18.3439,18.8843,1
2457598.598437,-0.0386,40.7418,20.4324,19.9860,18.3439,18.8843,1
2457598.616557,-10.4956,-1.2159,20.4324,19.9860,18.3439,18.8843,1
2457598.635677,3.9063,31.3446,20.4324,19.9860,18.3439,18.8843,1
2457599.637627,-14.4202,13.5987,20.4324,19.9860,18.3439,18.8843,1
2457599.693927,14.8694,11.7066,20.4324,19.9860,18.3439,18.8843,1
2457600.481037,5.6056,2.0669,20.4324,19.9860,18.3439,18.8843,1
2457600.518087,-21.5524,9.9910,20.4324,19.9860,18.3439,18.8843,1
2457600.608697,-5.9109,15.6694,20.4324,19.9860,18.3439,18.8843,1
2457600.613447,-27.7730,25.2904,20.4324,19.9860,18.3439,18.8843,1
2457600.632907,-12.1211,6.4143,20.4324,19.9860,18.3439,18.8843,1
2457600.682367,0.8783,8.4624,20.4324,19.9860,18.3439,18.8843,1
2457600.715507,-9.6918,8.0180,20.4324,19.9860,18.3439,18.8843,1
2457600.720597,-11.5918,32.4541,20.4324,19.9860,18.3439,18.8843,1
2457600.738577,-7.3025,36.5421,20.4324,19.9860,18.3439,18.8843,1
2457601.519707,-15.8039,18.5698,20.4324,19.9860,18.3439,18.8843,1
2457601.537277,-25.9269,20.9027,20.4324,19.9860,18.3439,18.8843,1
2457601.711627,-14.2850,8.8194,20.4324,19.9860,18.3439,18.8843,1
2457601.729167,2.1344,31.3914,20.4324,19.9860,18.3439,18.8843,1
2457602.518377,35.4372,19.1597,20.4324,19.9860,18.3439,18.8843,1
2457602.685917,19.2479,21.6843,20.4324,19.9860,18.3439,18.8843,1
2457603.492267,-21.3494,-6.3095,20.4324,19.9860,18.3439,18.8843,1
2457603.545457,-9.6753,22.1214,20.4324,19.9860,18.3439,18.8843,1
2457603.562977,-13.4000,19.1943,20.4324,19.9860,18.3439,18.8843,1
2457603.610637,4.9017,16.8079,20.4324,19.9860,18.3439,18.8843,1
2457603.645887,-9.3851,28.9876,20.4324,19.9860,18.3439,18.8843,1
2457603.663787,-10.3926,17.3434,20.4324,19.9860,18.3439,18.8843,1
2457603.728497,-3.4583,53.4866,20.4324,19.9860,18.3439,18.8843,1
2457605.585457,-5.5103,36.5869,20.4324,19.9860,18.3439,18.8843,1
2457605.604227,-5.0077,35.3637,20.4324,19.9860,18.3439,18.8843,1
2457605.622337,24.9765,33.7255,20.4324,19.9860,18.3439,18.8843,1
2457605.657697,11.8691,3.6944,20.4324,19.9860,18.3439,18.8843,1
2457605.675497,1.6370,6.1252,20.4324,19.9860,18.3439,18.8843,1
2457605.703967,17.2877,37.4214,20.4324,19.9860,18.3439,18.8843,1
2457605.721477,-10.3862,25.9887,20.4324,19.9860,18.3439,18.8843,1
2457606.474817,-5.1518,27.3172,20.4324,19.9860,18.3439,18.8843,1
2457606.539907,25.6830,25.7875,20.4324,19.9860,18.3439,18.8843,1
2457607.504647,-1.7259,27.6212,20.4324,19.9860,18.3439,18.8843,1
2457607.522247,6.5811,5.9218,20.4324,19.9860,18.3439,18.8843,1
2457607.566027,15.4708,12.6817,20.4324,19.9860,18.3439,18.8843,1
2457607.585427,-1.8977,25.8769,20.4324,19.9860,18.3439,18.8843,1
2457607.651357,26.3162,24.0246,20.4324,19.9860,18.3439,18.8843,1
2457607.715297,1.2724,11.1522,20.4324,19.9860,18.3439,18.8843,1
2457608.511937,6.9168,0.5493,20.4324,19.9860,18.3439,18.8843,1
2457608.603937,16.0902,22.4648,20.4324,19.9860,18.3439,18.8843,1
2457608.670597,-9.6876,8.7158,20.4324,19.9860,18.3439,18.8843,1
2457608.720707,-0.6136,48.8460,20.4324,19.9860,18.3439,18.8843,1
2457609.575607,-3.2867,35.8049,20.4324,19.9860,18.3439,18.8843,1
2457609.593397,13.8617,15.9041,20.4324,19.9860,18.3439,18.8843,1
2457609.682767,-25.8569,20.0167,20.4324,19.9860,18.3439,18.8843,1
2457609.700747,21.4571,9.9376,20.4324,19.9860,18.3439,18.8843,1
2457610.509637,0.3690,20.0916,20.4324,19.9860,18.3439,18.8843,1
2457610.526837,0.4102,32.8978,20.4324,19.9860,18.3439,18.8843,1
2457610.595857,4.8700,34.7424,20.4324,19.9860,18.3439,18.8843,1
2457610.615037,18.6920,25.4784,20.4324,19.9860,18.3439,18.8843,1
2457610.647037,-23.4754,18.0420,20.4324,19.9860,18.3439,18.8843,1
2457610.664637,-0.8808,27.4887,20.4324,19.9860,18.3439,18.8843,1
2457610.700007,-10.4786,34.2820,20.4324,19.9860,18.3439,18.8843,1
2457610.717867,-24.4971,31.6274,20.4324,19.9860,18.3439,18.8843,1
2457611.589547,11.7703,16.4598,20.4324,19.9860,18.3439,18.8843,1
2457612.478407,-22.2895,11.4282,20.4324,19.9860,18.3439,18.8843,1
2457612.496227,-0.5458,12.5278,20.4324,19.9860,18.3439,18.8843,1
2457612.542497,10.0278,27.7230,20.4324,19.9860,18.3439,18.8843,1
2457612.562197,5.0971,42.3941,20.4324,19.9860,18.3439,18.8843,1
2457612.581357,14.4549,32.1358,20.4324,19.9860,18.3439,18.8843,1
2457612.600667,-8.2762,53.0149,20.4324,19.9860,18.3439,18.8843,1
2457612.666017,-29.5450,6.8353,20.4324,19.9860,18.3439,18.8843,1
2457613.469287,-19.6333,43.3346,20.4324,19.9860,18.3439,18.8843,1
2457613.497857,-15.4981,27.0867,20.4324,19.9860,18.3439,18.8843,1
2457613.519037,21.2273,32.0917,20.4324,19.9860,18.3439,18.8843,1
2457613.540837,-11.5136,1.8321,20.4324,19.9860,18.3439,18.8843,1
2457613.608677,23.4249,27.5199,20.4324,19.9860,18.3439,18.8843,1
2457613.626427,-21.6046,10.2781,20.4324,19.9860,18.3439,18.8843,1
2457616.490377,22.9749,14.2947,20.4324,19.9860,18.3439,18.8843,1
2457616.512527,-8.7442,-7.3180,20.4324,19.9860,18.3439,18.8843,1
2457616.530447,-15.2723,10.4854,20.4324,19.9860,18.3439,18.8843,1
2457616.605317,-24.8573,24.0305,20.4324,19.9860,18.3439,18.8843,1
2457616.623047,8.3024,33.7224,20.4324,19.9860,18.3439,18.8843,1
2457616.640377,24.9407,13.9682,20.4324,19.9860,18.3439,18.8843,1
2457616.671277,-0.3595,17.7901,20.4324,19.9860,18.3439,18.8843,1
2457617.483907,11.9929,17.8212,20.4324,19.9860,18.3439,18.8843,1
2457617.501657,-24.7045,38.6505,20.4324,19.9860,18.3439,18.8843,1
2457617.547917,-9.0862,0.4420,20.4324,19.9860,18.3439,18.8843,1
2457617.583467,8.7770,18.0504,20.4324,19.9860,18.3439,18.8843,1
2457617.620347,1.6142,6.8862,20.4324,19.9860,18.3439,18.8843,1
2457617.682137,-14.3141,24.9745,20.4324,19.9860,18.3439,18.8843,1
2457617.699927,1.8857,50.7157,20.4324,19.9860,18.3439,18.8843,1
2457618.515517,-15.7670,13.3090,20.4324,19.9860,18.3439,18.8843,1
2457618.563737,0.4376,58.7804,20.4324,19.9860,18.3439,18.8843,1
2457618.581487,-8.6883,43.4174,20.4324,19.9860,18.3439,18.8843,1
2457618.599067,14.0604,30.8040,20.4324,19.9860,18.3439,18.8843,1
2457618.616537,-5.8500,37.2065,20.4324,19.9860,18.3439,18.8843,1
2457618.634157,-14.0266,13.3141,20.4324,19.9860,18.3439,18.8843,1
2457618.663797,-5.4519,24.5998,20.4324,19.9860,18.3439,18.8843,1
2457618.694717,-1.5360,21.8007,20.4324,19.9860,18.3439,18.8843,1
2457619.470747,5.0700,7.0878,20.4324,19.9860,18.3439,18.8843,1
2457619.472207,-16.0928,26.0979,20.4324,19.9860,18.3439,18.8843,1
2457619.490017,38.9243,-13.3744,20.4324,19.9860,18.3439,18.8843,1
2457621.472317,-20.8494,6.5364,20.4324,19.9860,18.3439,18.8843,1
2457621.557087,19.0937,1.7080,20.4324,19.9860,18.3439,18.8843,1
2457621.575557,-9.9679,29.5391,20.4324,19.9860,18.3439,18.8843,1
2457621.643487,-4.6172,-10.3569,20.4324,19.9860,18.3439,18.8843,1
2457622.469097,3.0290,21.5394,20.4324,19.9860,18.3439,18.8843,1
2457622.595197,29.7003,-18.5892,20.4324,19.9860,18.3439,18.8843,1
2457623.481547,-7.0595,19.2850,20.4324,19.9860,18.3439,18.8843,1
2457623.502997,-4.3740,28.3772,20.4324,19.9860,18.3439,18.8843,1
2457623.551157,6.3762,52.5348,20.4324,19.9860,18.3439,18.8843,1
2457624.591387,19.4591,12.3183,20.4324,19.9860,18.3439,18.8843,1
2457624.609187,0.3230,25.6018,20.4324,19.9860,18.3439,18.8843,1
2457625.480057,-13.0296,25.8344,20.4324,19.9860,18.3439,18.8843,1
2457625.500067,17.6929,34.6474,20.4324,19.9860,18.3439,18.8843,1
2457625.520487,11.1727,28.5960,20.4324,19.9860,18.3439,18.8843,1
2457625.590477,-21.9391,38.1019,20.4324,19.9860,18.3439,18.8843,1
2457626.481207,9.8927,30.2425,20.4324,19.9860,18.3439,18.8843,1
2457626.498927,-14.8551,24.3057,20.4324,19.9860,18.3439,18.8843,1
2457626.535697,9.6931,22.0910,20.4324,19.9860,18.3439,18.8843,1
2457626.565167,26.2814,46.9331,20.4324,19.9860,18.3439,18.8843,1
2457630.544887,-1.0958,21.1555,20.4324,19.9860,18.3439,18.8843,1
2457630.586857,-9.5315,1.1296,20.4324,19.9860,18.3439,18.8843,1
2457630.653947,13.6054,-9.3323,20.4324,19.9860,18.3439,18.8843,1
2457631.507177,-19.9181,-3.1631,20.4324,19.9860,18.3439,18.8843,1
2457632.570437,-2.4277,8.6538,20.4324,19.9860,18.3439,18.8843,1
2457632.643387,-1.0119,24.3547,20.4324,19.9860,18.3439,18.8843,1
2457633.473157,26.1028,47.8200,20.4324,19.9860,18.3439,18.8843,1
2457633.551187,13.4536,8.1558,20.4324,19.9860,18.3439,18.8843,1
2457636.496097,-41.6004,-16.6918,20.4324,19.9860,18.3439,18.8843,1
2457637.474487,-0.8323,37.5796,20.4324,19.9860,18.3439,18.8843,1
2457638.499807,-9.8232,43.9087,20.4324,19.9860,18.3439,18.8843,1
2457638.518797,1.7448,26.7942,20.4324,19.9860,18.3439,18.8843,1
2457638.583497,28.6290,15.3434,20.4324,19.9860,18.3439,18.8843,1
2457638.607947,32.2798,10.4296,20.4324,19.9860,18.3439,18.8843,1
2457638.644327,1.8835,8.4627,20.4324,19.9860,18.3439,18.8843,1
2457639.497517,10.7382,33.7387,20.4324,19.9860,18.3439,18.8843,1
2457639.533207,-1.3198,24.8612,20.4324,19.9860,18.3439,18.8843,1
2457639.550987,3.2009,63.9220,20.4324,19.9860,18.3439,18.8843,1
2457639.579417,-10.4821,34.5075,20.4324,19.9860,18.3439,18.8843,1
2457639.597187,-53.4247,-30.1719,20.4324,19.9860,18.3439,18.8843,1
2457639.614787,-3.5746,56.2759,20.4324,19.9860,18.3439,18.8843,1
2457639.636777,-46.6818,-30.4117,20.4324,19.9860,18.3439,18.8843,1
2457640.477197,-5.7061,11.0659,20.4324,19.9860,18.3439,18.8843,1
2457640.495857,-40.9801,-4.6552,20.4324,19.9860,18.3439,18.8843,1
2457640.524487,-3.8380,-28.4600,20.4324,19.9860,18.3439,18.8843,1
2457640.596727,-19.5171,-2.5285,20.4324,19.9860,18.3439,18.8843,1
2457640.613157,0.6285,22.2310,20.4324,19.9860,18.3439,18.8843,1
2457640.634297,-7.3111,38.2833,20.4324,19.9860,18.3439,18.8843,1
2457641.515517,-13.9031,39.9852,20.4324,19.9860,18.3439,18.8843,1
2457641.592137,36.4847,51.4645,20.4324,19.9860,18.3439,18.8843,1
2457642.488527,3.8022,24.1990,20.4324,19.9860,18.3439,18.8843,1
2457643.521897,-35.3960,70.7083,20.4324,19.9860,18.3439,18.8843,1
2457643.539747,-2.3867,-41.8661,20.4324,19.9860,18.3439,18.8843,1
2457647.498647,12.7034,18.3598,20.4324,19.9860,18.3439,18.8843,1
2457647.516317,5.6402,8.0875,20.4324,19.9860,18.3439,18.8843,1
2457647.533817,39.1588,60.3082,20.4324,19.9860,18.3439,18.8843,1
2457648.491117,-10.4895,9.9724,20.4324,19.9860,18.3439,18.8843,1
2457648.508667,7.0219,10.1420,20.4324,19.9860,18.3439,18.8843,1
2457648.527157,-0.0002,20.1641,20.4324,19.9860,18.3439,18.8843,1
2457648.545797,-8.1744,63.5313,20.4324,19.9860,18.3439,18.8843,1
2457648.592617,-32.6735,-11.7769,20.4324,19.9860,18.3439,18.8843,1
2457648.611727,21.5995,59.3537,20.4324,19.9860,18.3439,18.8843,1
2457649.491257,9.1086,16.8202,20.4324,19.9860,18.3439,18.8843,1
2457649.509437,20.7637,20.0677,20.4324,19.9860,18.3439,18.8843,1
2457649.526887,28.6971,-0.4615,20.4324,19.9860,18.3439,18.8843,1
2457649.556197,-31.5565,57.8520,20.4324,19.9860,18.3439,18.8843,1
2457649.596567,-8.6870,34.4481,20.4324,19.9860,18.3439,18.8843,1
2457651.542527,47.1837,-4.3677,20.4324,19.9860,18.3439,18.8843,1
2457651.560287,10.6157,7.1246,20.4324,19.9860,18.3439,18.8843,1
2457651.578457,45.5676,71.8357,20.4324,19.9860,18.3439,18.8843,1
2457651.605697,28.5016,6.3054,20.4324,19.9860,18.3439,18.8843,1
2457652.536077,39.1259,-42.5363,20.4324,19.9860,18.3439,18.8843,1
2457652.572867,19.6287,38.1429,20.4324,19.9860,18.3439,18.8843,1
2457652.601827,15.3790,73.4259,20.4324,19.9860,18.3439,18.8843,1
2457653.507337,38.5026,1.7423,20.4324,19.9860,18.3439,18.8843,1
2457653.533047,15.9132,18.8324,20.4324,19.9860,18.3439,18.8843,1
2457654.490827,18.6852,13.1635,20.4324,19.9860,18.3439,18.8843,1
2457654.580047,46.8938,-25.9399,20.4324,19.9860,18.3439,18.8843,1
2457654.601267,-10.1202,-4.6230,20.4324,19.9860,18.3439,18.8843,1
2457655.559027,-27.1765,49.9706,20.4324,19.9860,18.3439,18.8843,1
2457655.595227,20.7910,29.6154,20.4324,19.9860,18.3439,18.8843,1
2457656.515797,28.7159,45.3836,20.4324,19.9860,18.3439,18.8843,1
2457656.533117,-31.2813,23.2046,20.4324,19.9860,18.3439,18.8843,1
2457656.562137,29.2367,13.6606,20.4324,19.9860,18.3439,18.8843,1
2457656.592127,41.5338,-26.5078,20.4324,19.9860,18.3439,18.8843,1
2457657.491177,-5.0949,1.0405,20.4324,19.9860,18.3439,18.8843,1
2457657.528187,29.2328,-39.5451,20.4324,19.9860,18.3439,18.8843,1
2457657.578947,7.1576,31.8541,20.4324,19.9860,18.3439,18.8843,1
2457658.557087,-8.7139,14.7320,20.4324,19.9860,18.3439,18.8843,1
2457659.505687,-3.6200,11.2313,20.4324,19.9860,18.3439,18.8843,1
2457659.523637,22.4602,-13.5969,20.4324,19.9860,18.3439,18.8843,1
2457659.541517,11.2091,-4.3691,20.4324,19.9860,18.3439,18.8843,1
2457660.537887,-4.3661,-20.4402,20.4324,19.9860,18.3439,18.8843,1
2457660.575127,-11.9195,31.9696,20.4324,19.9860,18.3439,18.8843,1
2457661.485687,5.2146,14.4592,20.4324,19.9860,18.3439,18.8843,1
2457661.550227,16.0390,19.3539,20.4324,19.9860,18.3439,18.8843,1
2457661.577067,6.7371,18.1322,20.4324,19.9860,18.3439,18.8843,1
2457662.494867,9.3135,-2.1427,20.4324,19.9860,18.3439,18.8843,1
2457662.513017,16.1034,-3.4948,20.4324,19.9860,18.3439,18.8843,1
2457663.547747,8.0926,29.5593,20.4324,19.9860,18.3439,18.8843,1
2457663.560217,-15.8933,-19.6785,20.4324,19.9860,18.3439,18.8843,1
2457664.499027,-11.9673,47.7474,20.4324,19.9860,18.3439,18.8843,1
2457664.547467,-11.2957,32.8590,20.4324,19.9860,18.3439,18.8843,1
2457664.565477,-21.0771,15.8261,20.4324,19.9860,18.3439,18.8843,1
2457667.512657,-24.8574,65.4792,20.4324,19.9860,18.3439,18.8843,1
2457667.530967,17.4628,50.9214,20.4324,19.9860,18.3439,18.8843,1
2457668.522677,22.2393,18.4999,20.4324,19.9860,18.3439,18.8843,1
2457669.493617,7.0774,21.9623,20.4324,19.9860,18.3439,18.8843,1
2457669.512497,6.1547,22.2187,20.4324,19.9860,18.3439,18.8843,1
2457669.547467,-29.1334,16.9391,20.4324,19.9860,18.3439,18.8843,1
2457669.556367,44.0221,20.8484,20.4324,19.9860,18.3439,18.8843,1
2457670.495567,23.2217,22.1561,20.4324,19.9860,18.3439,18.8843,1
2457670.518267,-24.3247,39.2584,20.4324,19.9860,18.3439,18.8843,1
2457670.536527,-3.8601,44.8711,20.4324,19.9860,18.3439,18.8843,1
2457670.554257,0.2167,43.1682,20.4324,19.9860,18.3439,18.8843,1
2457671.523987,6.7772,28.1621,20.4324,19.9860,18.3439,18.8843,1
2457671.549907,2.0104,40.2167,20.4324,19.9860,18.3439,18.8843,1
2457672.495417,2.8902,-4.8838,20.4324,19.9860,18.3439,18.8843,1
2457673.490167,-15.1543,28.4020,20.4324,19.9860,18.3439,18.8843,1
2457673.520367,10.8794,23.1292,20.4324,19.9860,18.3439,18.8843,1
2457673.539337,-9.4365,2.4501,20.4324,19.9860,18.3439,18.8843,1
2457673.550007,-29.9564,5.7016,20.4324,19.9860,18.3439,18.8843,1
2457675.493057,9.2437,5.7208,20.4324,19.9860,18.3439,18.8843,1
2457675.536727,25.3305,4.8150,20.4324,19.9860,18.3439,18.8843,1
2457806.868497,-22.3854,13.7049,20.4324,19.9860,19.6822,20.3260,2
2457806.885577,8.5155,4.3740,20.4324,19.9860,19.6822,20.3260,2
2457808.867187,9.1416,8.2663,20.4324,19.9860,19.6822,20.3260,2
2457809.852057,22.2959,-16.7470,20.4324,19.9860,19.6822,20.3260,2
2457810.859637,30.5775,17.8560,20.4324,19.9860,19.6822,20.3260,2
2457811.867277,11.3289,-0.1350,20.4324,19.9860,19.6822,20.3260,2
2457812.868017,-15.9685,0.2192,20.4324,19.9860,19.6822,20.3260,2
2457813.834097,38.0794,0.9958,20.4324,19.9860,19.6822,20.3260,2
2457813.853007,11.2971,-12.3009,20.4324,19.9860,19.6822,20.3260,2
2457814.893837,-5.5395,14.7020,20.4324,19.9860,19.6822,20.3260,2
2457815.873977,18.2913,20.9359,20.4324,19.9860,19.6822,20.3260,2
2457815.892487,5.4874,45.0603,20.4324,19.9860,19.6822,20.3260,2
2457816.851037,0.5283,30.6715,20.4324,19.9860,19.6822,20.3260,2
2457816.886807,9.6322,39.6014,20.4324,19.9860,19.6822,20.3260,2
2457817.881867,-10.6404,50.2136,20.4324,19.9860,19.6822,20.3260,2
2457819.823517,4.4133,25.9539,20.4324,19.9860,19.6822,20.3260,2
2457819.847187,9.3370,35.6666,20.4324,19.9860,19.6822,20.3260,2
2457819.895337,-23.0054,15.3682,20.4324,19.9860,19.6822,20.3260,2
2457820.829477,-17.5236,-15.1823,20.4324,19.9860,19.6822,20.3260,2
2457820.847047,-21.6859,16.2333,20.4324,19.9860,19.6822,20.3260,2
2457820.867977,-8.6851,16.2943,20.4324,19.9860,19.6822,20.3260,2
2457821.830827,12.3068,22.1368,20.4324,19.9860,19.6822,20.3260,2
2457821.872557,38.0640,40.3237,20.4324,19.9860,19.6822,20.3260,2
2457821.891847,-3.6049,33.9832,20.4324,19.9860,19.6822,20.3260,2
2457822.871227,35.3062,47.2866,20.4324,19.9860,19.6822,20.3260,2
2457822.889257,7.3166,23.3914,20.4324,19.9860,19.6822,20.3260,2
2457823.822357,-27.3805,40.5490,20.4324,19.9860,19.6822,20.3260,2
2457823.875157,22.0269,-1.8037,20.4324,19.9860,19.6822,20.3260,2
2457823.893127,-19.8182,13.1245,20.4324,19.9860,19.6822,20.3260,2
2457824.850097,11.0919,-8.5644,20.4324,19.9860,19.6822,20.3260,2
2457826.829577,26.2073,-3.8605,20.4324,19.9860,19.6822,20.3260,2
2457826.861777,-8.1643,20.6742,20.4324,19.9860,19.6822,20.3260,2
2457826.902277,5.1084,44.6955,20.4324,19.9860,19.6822,20.3260,2
2457827.809787,22.4656,28.8578,20.4324,19.9860,19.6822,20.3260,2
2457828.833787,37.5314,31.2902,20.4324,19.9860,19.6822,20.3260,2
2457828.852227,-5.0326,-7.3093,20.4324,19.9860,19.6822,20.3260,2
2457828.869867,18.7543,10.8078,20.4324,19.9860,19.6822,20.3260,2
2457828.889797,-6.4597,-1.4725,20.4324,19.9860,19.6822,20.3260,2
2457830.789257,-10.7077,-5.3447,20.4324,19.9860,19.6822,20.3260,2
2457830.827657,6.8510,12.4946,20.4324,19.9860,19.6822,20.3260,2
2457831.788347,32.3647,10.3138,20.4324,19.9860,19.6822,20.3260,2
2457831.824637,9.6836,40.1797,20.4324,19.9860,19.6822,20.3260,2
2457832.842697,-1.9813,46.0912,20.4324,19.9860,19.6822,20.3260,2
2457832.892667,-0.3683,2.4506,20.4324,19.9860,19.6822,20.3260,2
2457833.841667,-0.4639,53.8758,20.4324,19.9860,19.6822,20.3260,2
2457833.859187,-13.2599,20.9497,20.4324,19.9860,19.6822,20.3260,2
2457833.877897,1.1888,19.4475,20.4324,19.9860,19.6822,20.3260,2
2457833.895227,-1.3544,1.7483,20.4324,19.9860,19.6822,20.3260,2
2457834.821357,40.5203,51.7474,20.4324,19.9860,19.6822,20.3260,2
2457834.842657,8.7104,-5.6670,20.4324,19.9860,19.6822,20.3260,2
2457834.861277,18.9746,14.8675,20.4324,19.9860,19.6822,20.3260,2
2457835.832937,19.0324,-0.2320,20.4324,19.9860,19.6822,20.3260,2
2457835.874627,14.0023,27.9025,20.4324,19.9860,19.6822,20.3260,2
2457836.811067,5.6496,-4.6498,20.4324,19.9860,19.6822,20.3260,2
2457836.862617,-6.6450,48.7251,20.4324,19.9860,19.6822,20.3260,2
2457836.884167,6.2907,19.0734,20.4324,19.9860,19.6822,20.3260,2
2457836.909047,36.0400,42.7167,20.4324,19.9860,19.6822,20.3260,2
2457838.793337,17.2001,-6.7449,20.4324,19.9860,19.6822,20.3260,2
2457838.818647,11.3603,26.2081,20.4324,19.9860,19.6822,20.3260,2
2457838.839767,24.1552,37.4577,20.4324,19.9860,19.6822,20.3260,2
2457838.860957,6.7679,34.9830,20.4324,19.9860,19.6822,20.3260,2
2457838.913477,20.2965,40.9181,20.4324,19.9860,19.6822,20.3260,2
2457839.772697,3.1411,4.1799,20.4324,19.9860,19.6822,20.3260,2
2457839.784307,0.9435,30.9565,20.4324,19.9860,19.6822,20.3260,2
2457839.821517,-11.3714,2.5780,20.4324,19.9860,19.6822,20.3260,2
2457839.841097,-0.9053,9.9230,20.4324,19.9860,19.6822,20.3260,2
2457839.890587,5.5720,7.3230,20.4324,19.9860,19.6822,20.3260,2
2457840.768177,8.9631,30.5179,20.4324,19.9860,19.6822,20.3260,2
2457840.842857,16.9475,-12.7830,20.4324,19.9860,19.6822,20.3260,2
2457840.884967,11.7446,4.1569,20.4324,19.9860,19.6822,20.3260,2
2457841.817437,26.9891,33.9240,20.4324,19.9860,19.6822,20.3260,2
2457841.894377,0.3016,15.5072,20.4324,19.9860,19.6822,20.3260,2
2457842.767087,31.4261,30.7559,20.4324,19.9860,19.6822,20.3260,2
2457842.789317,17.4629,-14.6174,20.4324,19.9860,19.6822,20.3260,2
2457842.857477,18.5203,-21.0481,20.4324,19.9860,19.6822,20.3260,2
2457842.884357,-7.2075,13.7497,20.4324,19.9860,19.6822,20.3260,2
2457842.902157,-23.2947,28.7648,20.4324,19.9860,19.6822,20.3260,2
2457843.777757,1.3424,55.8812,20.4324,19.9860,19.6822,20.3260,2
2457843.825677,-13.0669,14.0856,20.4324,19.9860,19.6822,20.3260,2
2457843.885937,11.2811,11.1528,20.4324,19.9860,19.6822,20.3260,2
2457845.768437,19.1214,25.1198,20.4324,19.9860,19.6822,20.3260,2
2457845.786767,16.7595,48.9900,20.4324,19.9860,19.6822,20.3260,2
2457845.837097,25.5349,-10.6394,20.4324,19.9860,19.6822,20.3260,2
2457846.865124,11.3760,24.9773,20.4324,19.9860,19.6822,20.3260,2
2457847.773397,10.8760,29.0171,20.4324,19.9860,19.6822,20.3260,2
2457847.791797,4.5419,-1.2494,20.4324,19.9860,19.6822,20.3260,2
2457848.805667,17.1023,6.8663,20.4324,19.9860,19.6822,20.3260,2
2457848.825147,-8.8792,-2.7724,20.4324,19.9860,19.6822,20.3260,2
2457848.855377,-10.4166,21.8508,20.4324,19.9860,19.6822,20.3260,2
2457848.872837,9.5209,28.2614,20.4324,19.9860,19.6822,20.3260,2
2457849.771037,-2.7496,23.2190,20.4324,19.9860,19.6822,20.3260,2
2457849.789457,29.9064,20.4701,20.4324,19.9860,19.6822,20.3260,2
2457849.811847,10.9638,26.7854,20.4324,19.9860,19.6822,20.3260,2
2457849.846837,-1.8847,23.3521,20.4324,19.9860,19.6822,20.3260,2
2457850.737857,10.6338,20.9662,20.4324,19.9860,19.6822,20.3260,2
2457850.843597,-35.8727,23.0050,20.4324,19.9860,19.6822,20.3260,2
2457850.885827,38.1337,25.4135,20.4324,19.9860,19.6822,20.3260,2
2457851.895287,-10.5917,26.7684,20.4324,19.9860,19.6822,20.3260,2
2457854.777497,-7.6543,20.2337,20.4324,19.9860,19.6822,20.3260,2
2457854.819027,0.8439,39.0516,20.4324,19.9860,19.6822,20.3260,2
2457854.841187,14.7175,8.3709,20.4324,19.9860,19.6822,20.3260,2
2457854.860997,-9.1287,23.9231,20.4324,19.9860,19.6822,20.3260,2
2457854.919777,-11.9591,10.0037,20.4324,19.9860,19.6822,20.3260,2
2457855.756297,33.3580,10.4382,20.4324,19.9860,19.6822,20.3260,2
2457855.805017,30.6668,-0.9544,20.4324,19.9860,19.6822,20.3260,2
2457855.824097,31.0418,16.4965,20.4324,19.9860,19.6822,20.3260,2
2457855.919117,-3.7701,26.2308,20.4324,19.9860,19.6822,20.3260,2
2457856.832917,7.3657,46.9061,20.4324,19.9860,19.6822,20.3260,2
2457856.850907,-4.5322,29.3568,20.4324,19.9860,19.6822,20.3260,2
2457856.901407,5.6274,39.4594,20.4324,19.9860,19.6822,20.3260,2
2457862.749667,-22.9806,-0.5558,20.4324,19.9860,19.6822,20.3260,2
2457862.851367,-4.4736,10.2482,20.4324,19.9860,19.6822,20.3260,2
2457862.905477,-6.0264,27.8854,20.4324,19.9860,19.6822,20.3260,2
2457863.698547,-5.9706,45.5975,20.4324,19.9860,19.6822,20.3260,2
2457863.769597,0.6816,8.0170,20.4324,19.9860,19.6822,20.3260,2
2457863.788227,-10.6770,-3.0981,20.4324,19.9860,19.6822,20.3260,2
2457863.841227,-17.5424,32.2823,20.4324,19.9860,19.6822,20.3260,2
2457863.862517,-4.1886,9.1079,20.4324,19.9860,19.6822,20.3260,2
2457864.733267,-4.0398,-0.9227,20.4324,19.9860,19.6822,20.3260,2
2457864.754137,15.4098,36.3152,20.4324,19.9860,19.6822,20.3260,2
2457864.820367,-6.2965,21.1149,20.4324,19.9860,19.6822,20.3260,2
2457864.874817,-2.9403,11.5936,20.4324,19.9860,19.6822,20.3260,2
2457864.893927,6.0869,9.4058,20.4324,19.9860,19.6822,20.3260,2
2457865.758787,9.4865,41.0241,20.4324,19.9860,19.6822,20.3260,2
2457865.842677,17.7968,35.9295,20.4324,19.9860,19.6822,20.3260,2
2457865.877077,-10.1406,19.8838,20.4324,19.9860,19.6822,20.3260,2
2457866.795007,6.3687,15.6657,20.4324,19.9860,19.6822,20.3260,2
2457866.853867,-5.6767,17.1081,20.4324,19.9860,19.6822,20.3260,2
2457866.874247,-9.6302,24.9289,20.4324,19.9860,19.6822,20.3260,2
2457866.894037,-3.1012,21.8621,20.4324,19.9860,19.6822,20.3260,2
2457866.912477,9.9983,14.7206,20.4324,19.9860,19.6822,20.3260,2
2457867.833827,-23.7274,35.6981,20.4324,19.9860,19.6822,20.3260,2
2457867.890757,-14.0983,20.9656,20.4324,19.9860,19.6822,20.3260,2
2457867.927577,10.9354,-2.1671,20.4324,19.9860,19.6822,20.3260,2
2457869.791727,31.6651,27.3581,20.4324,19.9860,19.6822,20.3260,2
2457869.839077,-28.8940,20.2750,20.4324,19.9860,19.6822,20.3260,2
2457869.862757,-17.7766,3.5045,20.4324,19.9860,19.6822,20.3260,2
2457869.915887,-5.4089,32.4815,20.4324,19.9860,19.6822,20.3260,2
2457870.823777,3.8935,25.8418,20.4324,19.9860,19.6822,20.3260,2
2457870.873747,-20.0359,12.4173,20.4324,19.9860,19.6822,20.3260,2
2457870.914667,-3.6876,21.4431,20.4324,19.9860,19.6822,20.3260,2
2457871.719427,31.3459,17.9564,20.4324,19.9860,19.6822,20.3260,2
2457871.801537,19.7196,25.7458,20.4324,19.9860,19.6822,20.3260,2
2457871.857307,-5.8536,38.5316,20.4324,19.9860,19.6822,20.3260,2
2457871.926397,4.9309,28.8603,20.4324,19.9860,19.6822,20.3260,2
2457872.723657,17.5737,29.7819,20.4324,19.9860,19.6822,20.3260,2
2457872.742057,13.6698,32.7879,20.4324,19.9860,19.6822,20.3260,2
2457872.759177,15.5660,23.4175,20.4324,19.9860,19.6822,20.3260,2
2457872.848877,-10.1255,28.0026,20.4324,19.9860,19.6822,20.3260,2
2457872.869007,-22.3107,39.7066,20.4324,19.9860,19.6822,20.3260,2
2457872.905457,-8.9635,37.5669,20.4324,19.9860,19.6822,20.3260,2
2457873.729677,10.7287,4.4939,20.4324,19.9860,19.6822,20.3260,2
2457873.767727,16.4898,-14.6359,20.4324,19.9860,19.6822,20.3260,2
2457873.797187,30.2385,12.2571,20.4324,19.9860,19.6822,20.3260,2
2457873.833367,3.3891,43.6292,20.4324,19.9860,19.6822,20.3260,2
2457873.898767,-29.6246,11.9484,20.4324,19.9860,19.6822,20.3260,2
2457873.923927,23.3255,16.4244,20.4324,19.9860,19.6822,20.3260,2
2457874.720787,-7.9085,22.1473,20.4324,19.9860,19.6822,20.3260,2
2457874.756057,-10.7070,-5.4066,20.4324,19.9860,19.6822,20.3260,2
2457874.773607,22.9178,11.0659,20.4324,19.9860,19.6822,20.3260,2
2457874.842957,-1.3610,11.8665,20.4324,19.9860,19.6822,20.3260,2
2457876.677667,23.8828,20.2529,20.4324,19.9860,19.6822,20.3260,2
2457876.800597,-4.5045,11.2279,20.4324,19.9860,19.6822,20.3260,2
2457876.829097,-8.8206,21.6147,20.4324,19.9860,19.6822,20.3260,2
2457876.865967,-24.3557,17.9341,20.4324,19.9860,19.6822,20.3260,2
2457876.884307,23.9395,34.0309,20.4324,19.9860,19.6822,20.3260,2
2457876.904387,12.4695,26.2588,20.4324,19.9860,19.6822,20.3260,2
2457876.933047,-14.3247,12.8313,20.4324,19.9860,19.6822,20.3260,2
2457877.671067,-29.0608,30.0118,20.4324,19.9860,19.6822,20.3260,2
2457877.764567,1.1039,4.2629,20.4324,19.9860,19.6822,20.3260,2
2457877.785037,5.9643,33.9730,20.4324,19.9860,19.6822,20.3260,2
2457877.852467,5.4574,41.0800,20.4324,19.9860,19.6822,20.3260,2
2457877.909547,20.4477,-0.4442,20.4324,19.9860,19.6822,20.3260,2
2457878.726347,18.6170,10.9001,20.4324,19.9860,19.6822,20.3260,2
2457878.765197,-12.7553,3.4986,20.4324,19.9860,19.6822,20.3260,2
2457878.785207,-4.4481,10.4536,20.4324,19.9860,19.6822,20.3260,2
2457878.855607,-6.1505,33.9960,20.4324,19.9860,19.6822,20.3260,2
2457878.874247,-18.1826,46.8463,20.4324,19.9860,19.6822,20.3260,2
2457878.893067,-4.1618,20.4105,20.4324,19.9860,19.6822,20.3260,2
2457879.741207,12.0976,30.9809,20.4324,19.9860,19.6822,20.3260,2
2457879.760507,7.2356,6.0766,20.4324,19.9860,19.6822,20.3260,2
2457879.794287,12.4849,17.4097,20.4324,19.9860,19.6822,20.3260,2
2457879.845227,37.9450,33.5822,20.4324,19.9860,19.6822,20.3260,2
2457879.865107,0.7873,-8.7760,20.4324,19.9860,19.6822,20.3260,2
2457882.824307,3.2834,27.4596,20.4324,19.9860,19.6822,20.3260,2
2457882.878907,3.8215,54.0519,20.4324,19.9860,19.6822,20.3260,2
2457882.921767,20.7148,33.2539,20.4324,19.9860,19.6822,20.3260,2
2457888.797857,17.8710,-5.4031,20.4324,19.9860,19.6822,20.3260,2
2457888.833847,16.3472,-3.7597,20.4324,19.9860,19.6822,20.3260,2
2457888.850957,12.3079,50.9940,20.4324,19.9860,19.6822,20.3260,2
2457888.869047,42.4657,-4.3163,20.4324,19.9860,19.6822,20.3260,2
2457888.886977,11.9977,3.1562,20.4324,19.9860,19.6822,20.3260,2
2457888.915327,-51.5269,60.5902,20.4324,19.9860,19.6822,20.3260,2
2457889.657507,-23.5946,-3.6972,20.4324,19.9860,19.6822,20.3260,2
2457889.722927,35.0412,14.4288,20.4324,19.9860,19.6822,20.3260,2
2457889.740307,-0.9237,35.6514,20.4324,19.9860,19.6822,20.3260,2
2457889.757717,26.4620,42.4119,20.4324,19.9860,19.6822,20.3260,2
2457889.803427,17.7062,12.2860,20.4324,19.9860,19.6822,20.3260,2
2457889.821277,43.0086,-32.3569,20.4324,19.9860,19.6822,20.3260,2
2457889.839197,8.3105,20.7241,20.4324,19.9860,19.6822,20.3260,2
2457889.861547,29.1103,13.3686,20.4324,19.9860,19.6822,20.3260,2
2457889.890557,-27.7988,-28.8412,20.4324,19.9860,19.6822,20.3260,2
2457890.725427,3.1218,-29.0552,20.4324,19.9860,19.6822,20.3260,2
2457890.799527,9.2957,37.7438,20.4324,19.9860,19.6822,20.3260,2
2457890.853767,-8.8306,19.5798,20.4324,19.9860,19.6822,20.3260,2
2457890.870687,-30.4521,-1.8916,20.4324,19.9860,19.6822,20.3260,2
2457893.664627,28.9307,5.7472,20.4324,19.9860,19.6822,20.3260,2
2457893.684277,-22.8638,26.5724,20.4324,19.9860,19.6822,20.3260,2
2457893.801317,-3.5117,60.2228,20.4324,19.9860,19.6822,20.3260,2
2457893.857157,9.8149,28.5173,20.4324,19.9860,19.6822,20.3260,2
2457893.876967,-2.7279,-21.3331,20.4324,19.9860,19.6822,20.3260,2
2457894.787097,4.3374,30.0483,20.4324,19.9860,19.6822,20.3260,2
2457894.809127,-6.7609,26.7742,20.4324,19.9860,19.6822,20.3260,2
2457894.850467,4.6197,12.4628,20.4324,19.9860,19.6822,20.3260,2
2457895.679187,-26.4885,-39.5269,20.4324,19.9860,19.6822,20.3260,2
2457895.699157,-3.8074,1.0708,20.4324,19.9860,19.6822,20.3260,2
2457895.718937,-22.8682,-9.7583,20.4324,19.9860,19.6822,20.3260,2
2457895.739147,-20.3171,27.1576,20.4324,19.9860,19.6822,20.3260,2
2457895.759567,4.6778,21.5778,20.4324,19.9860,19.6822,20.3260,2
2457895.871827,-0.0418,17.5267,20.4324,19.9860,19.6822,20.3260,2
2457901.718567,-45.9745,-5.5197,20.4324,19.9860,19.6822,20.3260,2
2457901.736317,14.2903,25.9189,20.4324,19.9860,19.6822,20.3260,2
2457901.755497,41.1676,30.4742,20.4324,19.9860,19.6822,20.3260,2
2457901.784137,35.7894,48.3057,20.4324,19.9860,19.6822,20.3260,2
2457902.709137,7.8837,-25.4207,20.4324,19.9860,19.6822,20.3260,2
2457902.745687,22.4592,39.1084,20.4324,19.9860,19.6822,20.3260,2
2457903.651457,38.5475,11.1211,20.4324,19.9860,19.6822,20.3260,2
2457904.612707,46.0134,32.6147,20.4324,19.9860,19.6822,20.3260,2
2457904.630157,4.1083,-1.6786,20.4324,19.9860,19.6822,20.3260,2
2457904.699037,-8.6609,23.5625,20.4324,19.9860,19.6822,20.3260,2
2457904.719867,-26.0590,5.8509,20.4324,19.9860,19.6822,20.3260,2
2457904.807087,-24.9674,9.7217,20.4324,19.9860,19.6822,20.3260,2
2457905.684277,-0.8520,14.2992,20.4324,19.9860,19.6822,20.3260,2
2457905.729947,14.0134,14.0434,20.4324,19.9860,19.6822,20.3260,2
2457905.764267,2.3617,5.4000,20.4324,19.9860,19.6822,20.3260,2
2457905.805437,41.6314,17.5382,20.4324,19.9860,19.6822,20.3260,2
2457905.825887,17.7796,4.9020,20.4324,19.9860,19.6822,20.3260,2
2457905.845757,21.3805,18.2299,20.4324,19.9860,19.6822,20.3260,2
2457906.620838,27.4236,-1.0909,20.4324,19.9860,19.6822,20.3260,2
2457906.677107,-5.1891,17.7148,20.4324,19.9860,19.6822,20.3260,2
2457906.737327,-10.0477,14.8972,20.4324,19.9860,19.6822,20.3260,2
2457906.829237,-21.7764,62.1376,20.4324,19.9860,19.6822,20.3260,2
2457906.847997,16.0565,26.5970,20.4324,19.9860,19.6822,20.3260,2
2457906.877697,-31.3646,63.5051,20.4324,19.9860,19.6822,20.3260,2
2457906.896897,11.1888,58.8082,20.4324,19.9860,19.6822,20.3260,2
2457907.623207,-4.8091,24.2764,20.4324,19.9860,19.6822,20.3260,2
2457907.643237,-25.6389,-11.0373,20.4324,19.9860,19.6822,20.3260,2
2457907.674597,-10.7668,2.7402,20.4324,19.9860,19.6822,20.3260,2
2457907.715777,-13.5439,18.9650,20.4324,19.9860,19.6822,20.3260,2
2457907.734837,-27.6315,7.3646,20.4324,19.9860,19.6822,20.3260,2
2457907.755907,-43.9369,23.4652,20.4324,19.9860,19.6822,20.3260,2
2457907.811297,20.4190,0.1899,20.4324,19.9860,19.6822,20.3260,2
2457907.830957,-13.2478,-6.1620,20.4324,19.9860,19.6822,20.3260,2
2457907.862597,-7.8388,12.6102,20.4324,19.9860,19.6822,20.3260,2
2457907.881877,-15.3309,15.5281,20.4324,19.9860,19.6822,20.3260,2
2457908.638017,6.2516,58.3204,20.4324,19.9860,19.6822,20.3260,2
2457908.658257,0.0194,26.6754,20.4324,19.9860,19.6822,20.3260,2
2457908.677497,-15.9404,15.2364,20.4324,19.9860,19.6822,20.3260,2
2457908.697637,-18.4635,23.6730,20.4324,19.9860,19.6822,20.3260,2
2457908.769517,11.7281,9.2222,20.4324,19.9860,19.6822,20.3260,2
2457908.788547,25.1739,5.1258,20.4324,19.9860,19.6822,20.3260,2
2457908.830987,4.8843,39.0848,20.4324,19.9860,19.6822,20.3260,2
2457908.884517,-0.2336,-2.8074,20.4324,19.9860,19.6822,20.3260,2
2457910.663557,16.1769,10.2117,20.4324,19.9860,19.6822,20.3260,2
2457910.715797,12.0857,17.9151,20.4324,19.9860,19.6822,20.3260,2
2457910.796147,-32.4966,45.7508,20.4324,19.9860,19.6822,20.3260,2
2457910.883417,19.3036,34.4646,20.4324,19.9860,19.6822,20.3260,2
2457911.694817,32.6554,20.7728,20.4324,19.9860,19.6822,20.3260,2
2457911.715357,-9.9592,29.1487,20.4324,19.9860,19.6822,20.3260,2
2457911.736187,18.5285,0.8637,20.4324,19.9860,19.6822,20.3260,2
2457911.755717,0.2919,20.8296,20.4324,19.9860,19.6822,20.3260,2
2457911.849247,21.8933,15.0441,20.4324,19.9860,19.6822,20.3260,2
2457913.725077,-17.6380,5.1946,20.4324,19.9860,19.6822,20.3260,2
2457916.649927,-30.1356,-13.4618,20.4324,19.9860,19.6822,20.3260,2
2457916.667447,17.0702,15.5930,20.4324,19.9860,19.6822,20.3260,2
2457916.715197,8.0906,28.7777,20.4324,19.9860,19.6822,20.3260,2
2457916.733457,-4.6231,21.7006,20.4324,19.9860,19.6822,20.3260,2
2457916.750787,10.2024,21.7242,20.4324,19.9860,19.6822,20.3260,2
2457916.785257,1.9714,-6.2477,20.4324,19.9860,19.6822,20.3260,2
2457916.820957,-28.4645,31.0096,20.4324,19.9860,19.6822,20.3260,2
2457916.841177,13.5615,25.3695,20.4324,19.9860,19.6822,20.3260,2
2457917.700467,14.0178,38.8821,20.4324,19.9860,19.6822,20.3260,2
2457917.718487,2.9217,14.4156,20.4324,19.9860,19.6822,20.3260,2
2457917.754697,-4.9817,34.4579,20.4324,19.9860,19.6822,20.3260,2
2457917.827047,-27.6492,31.4347,20.4324,19.9860,19.6822,20.3260,2
2457917.866467,14.3305,23.9167,20.4324,19.9860,19.6822,20.3260,2
2457918.621957,37.3369,-1.7213,20.4324,19.9860,19.6822,20.3260,2
2457918.640887,12.8607,-1.7885,20.4324,19.9860,19.6822,20.3260,2
2457923.627387,1.5402,21.2969,20.4324,19.9860,19.6822,20.3260,2
2457923.684857,43.0971,2.6215,20.4324,19.9860,19.6822,20.3260,2
2457923.705397,1.3594,27.3257,20.4324,19.9860,19.6822,20.3260,2
2457923.736617,-37.2366,-0.1329,20.4324,19.9860,19.6822,20.3260,2
2457923.757627,43.8085,36.2193,20.4324,19.9860,19.6822,20.3260,2
2457924.667917,8.2205,38.5529,20.4324,19.9860,19.6822,20.3260,2
2457924.688267,0.0240,5.4043,20.4324,19.9860,19.6822,20.3260,2
2457924.719527,3.2676,21.1141,20.4324,19.9860,19.6822,20.3260,2
2457924.737497,0.7483,23.0210,20.4324,19.9860,19.6822,20.3260,2
2457924.756887,-13.6988,-9.5226,20.4324,19.9860,19.6822,20.3260,2
2457924.776357,-7.5842,2.4333,20.4324,19.9860,19.6822,20.3260,2
2457924.797947,-4.9766,12.0420,20.4324,19.9860,19.6822,20.3260,2
2457924.829987,-1.5872,-15.3295,20.4324,19.9860,19.6822,20.3260,2
2457924.850037,-39.8108,-17.5459,20.4324,19.9860,19.6822,20.3260,2
2457925.624877,-20.7683,-17.7387,20.4324,19.9860,19.6822,20.3260,2
2457925.756777,16.0430,-0.3333,20.4324,19.9860,19.6822,20.3260,2
2457925.775287,13.3953,50.0767,20.4324,19.9860,19.6822,20.3260,2
2457927.769177,11.2958,-1.8424,20.4324,19.9860,19.6822,20.3260,2
2457933.595847,-2.7435,42.1906,20.4324,19.9860,19.6822,20.3260,2
2457934.522817,5.3287,12.1136,20.4324,19.9860,19.6822,20.3260,2
2457934.657027,45.5093,68.4689,20.4324,19.9860,19.6822,20.3260,2
2457934.710587,16.6814,24.9222,20.4324,19.9860,19.6822,20.3260,2
2457934.730577,-10.9468,63.2010,20.4324,19.9860,19.6822,20.3260,2
2457935.524007,-35.0605,6.1868,20.4324,19.9860,19.6822,20.3260,2
2457935.689537,4.9370,6.8323,20.4324,19.9860,19.6822,20.3260,2
2457935.710187,4.2906,44.2811,20.4324,19.9860,19.6822,20.3260,2
2457935.773027,28.1610,-38.6686,20.4324,19.9860,19.6822,20.3260,2
2457936.530287,12.1839,-6.9101,20.4324,19.9860,19.6822,20.3260,2
2457936.667757,38.0525,-23.5382,20.4324,19.9860,19.6822,20.3260,2
2457936.719747,-24.3746,-19.4001,20.4324,19.9860,19.6822,20.3260,2
2457936.775067,-24.0030,67.3486,20.4324,19.9860,19.6822,20.3260,2
2457937.687797,33.0721,23.5695,20.4324,19.9860,19.6822,20.3260,2
2457937.708287,35.0294,-5.2977,20.4324,19.9860,19.6822,20.3260,2
2457937.746997,-38.8746,-10.6459,20.4324,19.9860,19.6822,20.3260,2
2457938.538647,1.8407,13.7567,20.4324,19.9860,19.6822,20.3260,2
2457938.558267,4.5254,14.3833,20.4324,19.9860,19.6822,20.3260,2
2457943.666057,-6.4578,29.3750,20.4324,19.9860,19.6822,20.3260,2
2457944.533147,31.6579,17.9172,20.4324,19.9860,19.6822,20.3260,2
2457944.561317,2.8721,12.3030,20.4324,19.9860,19.6822,20.3260,2
2457944.578597,-25.2419,8.7278,20.4324,19.9860,19.6822,20.3260,2
2457944.602917,-26.5897,28.1208,20.4324,19.9860,19.6822,20.3260,2
2457944.620227,-2.7830,20.4413,20.4324,19.9860,19.6822,20.3260,2
2457944.642147,-14.4567,7.2510,20.4324,19.9860,19.6822,20.3260,2
2457944.673377,12.0419,11.0488,20.4324,19.9860,19.6822,20.3260,2
2457944.711397,10.3978,-2.6504,20.4324,19.9860,19.6822,20.3260,2
2457944.729407,17.9501,51.0020,20.4324,19.9860,19.6822,20.3260,2
2457944.779407,16.2089,40.1411,20.4324,19.9860,19.6822,20.3260,2
2457944.804907,-48.3932,5.4646,20.4324,19.9860,19.6822,20.3260,2
2457945.484527,18.9022,-8.5430,20.4324,19.9860,19.6822,20.3260,2
2457945.502097,12.5804,19.4370,20.4324,19.9860,19.6822,20.3260,2
2457945.519307,20.1157,39.0930,20.4324,19.9860,19.6822,20.3260,2
2457945.538137,21.1480,14.6660,20.4324,19.9860,19.6822,20.3260,2
2457945.567897,-6.9927,7.3020,20.4324,19.9860,19.6822,20.3260,2
2457945.585697,4.3004,21.5580,20.4324,19.9860,19.6822,20.3260,2
2457945.604497,-4.5783,10.3157,20.4324,19.9860,19.6822,20.3260,2
2457945.622977,0.1561,24.0304,20.4324,19.9860,19.6822,20.3260,2
2457945.642727,-12.0830,34.9580,20.4324,19.9860,19.6822,20.3260,2
2457945.693137,-15.8648,47.4263,20.4324,19.9860,19.6822,20.3260,2
2457945.711897,19.8610,50.2727,20.4324,19.9860,19.6822,20.3260,2
2457945.728827,-9.5662,35.3732,20.4324,19.9860,19.6822,20.3260,2
2457945.774277,3.5993,-47.8394,20.4324,19.9860,19.6822,20.3260,2
2457945.805567,-32.7026,-2.3752,20.4324,19.9860,19.6822,20.3260,2
2457946.510817,-57.0647,8.2994,20.4324,19.9860,19.6822,20.3260,2
2457946.538737,25.8820,39.5169,20.4324,19.9860,19.6822,20.3260,2
2457946.567187,-21.3014,-11.1621,20.4324,19.9860,19.6822,20.3260,2
2457946.605937,-24.1768,19.6721,20.4324,19.9860,19.6822,20.3260,2
2457946.623947,13.1105,18.9025,20.4324,19.9860,19.6822,20.3260,2
2457946.693857,-3.9113,30.5659,20.4324,19.9860,19.6822,20.3260,2
2457946.715187,-48.5317,-49.1511,20.4324,19.9860,19.6822,20.3260,2
2457946.734037,8.6131,10.9155,20.4324,19.9860,19.6822,20.3260,2
2457948.504307,52.3740,-20.0886,20.4324,19.9860,19.6822,20.3260,2
2457948.525617,-44.0514,31.4624,20.4324,19.9860,19.6822,20.3260,2
2457948.616427,-30.5669,0.4230,20.4324,19.9860,19.6822,20.3260,2
2457949.623307,-1.8757,11.7405,20.4324,19.9860,19.6822,20.3260,2
2457949.736397,6.8965,52.0410,20.4324,19.9860,19.6822,20.3260,2
2457951.684437,14.5285,-43.3344,20.4324,19.9860,19.6822,20.3260,2
2457952.582977,29.5068,20.8649,20.4324,19.9860,19.6822,20.3260,2
2457952.625507,23.5253,29.7264,20.4324,19.9860,19.6822,20.3260,2
2457952.691597,-11.3796,63.6868,20.4324,19.9860,19.6822,20.3260,2
2457952.751817,-29.4455,65.1806,20.4324,19.9860,19.6822,20.3260,2
2457953.598487,3.7099,42.5693,20.4324,19.9860,19.6822,20.3260,2
2457953.651737,-1.0375,-20.0879,20.4324,19.9860,19.6822,20.3260,2
2457953.761437,20.3097,21.6662,20.4324,19.9860,19.6822,20.3260,2
2457954.479037,-44.1925,-14.3348,20.4324,19.9860,19.6822,20.3260,2
2457954.514927,-20.3608,39.9783,20.4324,19.9860,19.6822,20.3260,2
2457954.534337,2.4920,32.2749,20.4324,19.9860,19.6822,20.3260,2
2457954.627267,32.5997,26.3705,20.4324,19.9860,19.6822,20.3260,2
2457954.647477,19.2544,35.5531,20.4324,19.9860,19.6822,20.3260,2
2457954.717627,5.1089,10.6693,20.4324,19.9860,19.6822,20.3260,2
2457955.484227,-29.3168,-22.0023,20.4324,19.9860,19.6822,20.3260,2
2457955.547157,-31.6779,-16.5584,20.4324,19.9860,19.6822,20.3260,2
2457955.565867,15.1123,35.2980,20.4324,19.9860,19.6822,20.3260,2
2457955.616147,5.8101,-28.8891,20.4324,19.9860,19.6822,20.3260,2
2457955.652867,-12.5990,3.2985,20.4324,19.9860,19.6822,20.3260,2
2457955.688937,-3.5758,10.6567,20.4324,19.9860,19.6822,20.3260,2
2457955.718357,20.5863,-31.6613,20.4324,19.9860,19.6822,20.3260,2
2457955.737997,-0.7789,21.1415,20.4324,19.9860,19.6822,20.3260,2
2457956.578114,-0.3389,19.5220,20.4324,19.9860,19.6822,20.3260,2
2457956.654177,-3.4006,10.6692,20.4324,19.9860,19.6822,20.3260,2
2457956.671207,11.6659,-13.9131,20.4324,19.9860,19.6822,20.3260,2
2457956.690297,-12.5217,-3.8712,20.4324,19.9860,19.6822,20.3260,2
2457956.755347,-0.3227,-9.3592,20.4324,19.9860,19.6822,20.3260,2
2457957.667177,9.9377,6.9424,20.4324,19.9860,19.6822,20.3260,2
2457958.676307,-9.6366,42.6327,20.4324,19.9860,19.6822,20.3260,2
2457958.740017,51.5418,-33.2592,20.4324,19.9860,19.6822,20.3260,2
2457959.565417,4.3844,15.6836,20.4324,19.9860,19.6822,20.3260,2
2457959.596967,28.4644,-20.5096,20.4324,19.9860,19.6822,20.3260,2
2457959.632757,10.6078,21.7335,20.4324,19.9860,19.6822,20.3260,2
2457959.650427,-2.9771,7.2016,20.4324,19.9860,19.6822,20.3260,2
2457959.667527,5.8487,8.0646,20.4324,19.9860,19.6822,20.3260,2
2457960.496287,-8.6852,13.2874,20.4324,19.9860,19.6822,20.3260,2
2457960.526387,-2.5660,5.3071,20.4324,19.9860,19.6822,20.3260,2
2457960.543877,-9.3188,-19.0437,20.4324,19.9860,19.6822,20.3260,2
2457960.561297,0.6690,2.5832,20.4324,19.9860,19.6822,20.3260,2
2457960.580697,11.2128,13.3753,20.4324,19.9860,19.6822,20.3260,2
2457960.630797,1.9619,24.8798,20.4324,19.9860,19.6822,20.3260,2
2457960.668837,5.6928,24.1090,20.4324,19.9860,19.6822,20.3260,2
2457960.705597,9.1337,26.7010,20.4324,19.9860,19.6822,20.3260,2
2457961.511807,-18.3060,52.6093,20.4324,19.9860,19.6822,20.3260,2
2457961.530987,2.9729,18.2551,20.4324,19.9860,19.6822,20.3260,2
2457961.578637,40.0699,39.4753,20.4324,19.9860,19.6822,20.3260,2
2457962.470437,-41.6720,-18.0351,20.4324,19.9860,19.6822,20.3260,2
2457962.538937,12.6821,21.0179,20.4324,19.9860,19.6822,20.3260,2
2457962.592497,2.1410,8.0357,20.4324,19.9860,19.6822,20.3260,2
2457962.691237,14.5792,-15.2288,20.4324,19.9860,19.6822,20.3260,2
2457962.708297,31.2368,15.2383,20.4324,19.9860,19.6822,20.3260,2
2457964.529767,24.5913,27.3076,20.4324,19.9860,19.6822,20.3260,2
2457964.635777,5.5685,12.4027,20.4324,19.9860,19.6822,20.3260,2
2457964.654417,15.1710,2.9372,20.4324,19.9860,19.6822,20.3260,2
2457964.683597,3.1275,48.4076,20.4324,19.9860,19.6822,20.3260,2
2457964.702057,25.7748,7.3796,20.4324,19.9860,19.6822,20.3260,2
2457964.719697,8.8367,34.4629,20.4324,19.9860,19.6822,20.3260,2
2457964.736737,26.2159,25.9461,20.4324,19.9860,19.6822,20.3260,2
2457964.751177,1.2954,25.4329,20.4324,19.9860,19.6822,20.3260,2
2457966.509417,30.5190,3.1202,20.4324,19.9860,19.6822,20.3260,2
2457966.582507,1.3747,21.1778,20.4324,19.9860,19.6822,20.3260,2
2457966.643727,21.8869,4.5660,20.4324,19.9860,19.6822,20.3260,2
2457966.667767,6.5599,71.0227,20.4324,19.9860,19.6822,20.3260,2
2457967.634717,36.7893,-31.3823,20.4324,19.9860,19.6822,20.3260,2
2457967.653657,22.1326,-35.7967,20.4324,19.9860,19.6822,20.3260,2
2457968.594047,9.6981,27.2341,20.4324,19.9860,19.6822,20.3260,2
2457968.624977,15.6708,4.1740,20.4324,19.9860,19.6822,20.3260,2
2457971.617587,44.9386,35.1898,20.4324,19.9860,19.6822,20.3260,2
2457971.664677,-15.1311,-4.6400,20.4324,19.9860,19.6822,20.3260,2
2457971.719487,24.1207,2.4426,20.4324,19.9860,19.6822,20.3260,2
2457981.494417,19.4721,42.1200,20.4324,19.9860,19.6822,20.3260,2
2457981.514577,-6.4736,-1.2972,20.4324,19.9860,19.6822,20.3260,2
2457981.547207,1.1714,3.7093,20.4324,19.9860,19.6822,20.3260,2
2457981.590977,-12.2966,-3.3847,20.4324,19.9860,19.6822,20.3260,2
2457981.658867,6.8659,-4.2080,20.4324,19.9860,19.6822,20.3260,2
2457981.692667,-28.4161,-18.2966,20.4324,19.9860,19.6822,20.3260,2
2457982.475617,21.7934,20.5999,20.4324,19.9860,19.6822,20.3260,2
2457982.569927,26.2845,21.1804,20.4324,19.9860,19.6822,20.3260,2
2457982.591847,23.7770,35.2343,20.4324,19.9860,19.6822,20.3260,2
2457983.480697,0.9267,33.0267,20.4324,19.9860,19.6822,20.3260,2
2457983.497837,-25.8797,11.2567,20.4324,19.9860,19.6822,20.3260,2
2457983.515977,-32.2588,16.6893,20.4324,19.9860,19.6822,20.3260,2
2457983.580717,-37.7960,2.7441,20.4324,19.9860,19.6822,20.3260,2
2457983.617797,-3.3065,2.7634,20.4324,19.9860,19.6822,20.3260,2
2457983.655347,33.8240,-10.6544,20.4324,19.9860,19.6822,20.3260,2
2457983.685397,14.9529,19.9461,20.4324,19.9860,19.6822,20.3260,2
2457984.652487,26.4894,-10.7261,20.4324,19.9860,19.6822,20.3260,2
2457986.506627,5.6887,16.7903,20.4324,19.9860,19.6822,20.3260,2
2457986.537367,16.1930,24.1340,20.4324,19.9860,19.6822,20.3260,2
2457987.502107,-3.3345,32.8114,20.4324,19.9860,19.6822,20.3260,2
2457987.554417,4.0100,2.7296,20.4324,19.9860,19.6822,20.3260,2
2457987.572157,0.5675,21.5562,20.4324,19.9860,19.6822,20.3260,2
2457987.614397,-1.2414,28.1898,20.4324,19.9860,19.6822,20.3260,2
2457987.631757,-8.9585,4.9788,20.4324,19.9860,19.6822,20.3260,2
2457987.677967,-9.2533,7.5038,20.4324,19.9860,19.6822,20.3260,2
2457987.689447,25.0648,-6.4637,20.4324,19.9860,19.6822,20.3260,2
2457990.500467,1.4770,32.1118,20.4324,19.9860,19.6822,20.3260,2
2457990.564897,1.2636,4.8222,20.4324,19.9860,19.6822,20.3260,2
2457990.639277,22.0850,1.7849,20.4324,19.9860,19.6822,20.3260,2
2457990.674737,-5.6477,9.6172,20.4324,19.9860,19.6822,20.3260,2
2457991.533437,-6.7922,32.5495,20.4324,19.9860,19.6822,20.3260,2
2457991.623547,-1.8825,11.2476,20.4324,19.9860,19.6822,20.3260,2
2457991.639497,9.4353,11.0856,20.4324,19.9860,19.6822,20.3260,2
2457992.491037,-9.8695,16.2605,20.4324,19.9860,19.6822,20.3260,2
2457992.574067,1.4639,1.5555,20.4324,19.9860,19.6822,20.3260,2
2457992.634837,-21.7008,26.4633,20.4324,19.9860,19.6822,20.3260,2
2457992.663607,-16.0343,12.6992,20.4324,19.9860,19.6822,20.3260,2
2457992.671097,-9.2206,-15.1618,20.4324,19.9860,19.6822,20.3260,2
2457993.482657,-5.8245,31.3458,20.4324,19.9860,19.6822,20.3260,2
2457993.566677,15.7324,9.7831,20.4324,19.9860,19.6822,20.3260,2
2457993.594697,-9.5124,11.4245,20.4324,19.9860,19.6822,20.3260,2
2457993.652117,-9.5065,24.8879,20.4324,19.9860,19.6822,20.3260,2
2457993.668317,16.3822,21.5828,20.4324,19.9860,19.6822,20.3260,2
2457994.492567,-24.8763,-11.6000,20.4324,19.9860,19.6822,20.3260,2
2457994.584987,18.7815,0.6102,20.4324,19.9860,19.6822,20.3260,2
2457995.487617,7.4833,26.2298,20.4324,19.9860,19.6822,20.3260,2
2457995.507367,-1.2125,14.8807,20.4324,19.9860,19.6822,20.3260,2
2457995.541597,1.4045,11.3834,20.4324,19.9860,19.6822,20.3260,2
2457995.560657,-16.2170,7.5316,20.4324,19.9860,19.6822,20.3260,2
2457996.498667,-10.5109,10.7830,20.4324,19.9860,19.6822,20.3260,2
2457996.541337,29.7222,-1.4613,20.4324,19.9860,19.6822,20.3260,2
2457996.606857,16.7876,14.5495,20.4324,19.9860,19.6822,20.3260,2
2457996.623777,-2.1157,42.3762,20.4324,19.9860,19.6822,20.3260,2
2457996.640507,-16.6473,39.3730,20.4324,19.9860,19.6822,20.3260,2
2457997.502627,-17.8443,3.5322,20.4324,19.9860,19.6822,20.3260,2
2457998.495047,10.6886,14.4564,20.4324,19.9860,19.6822,20.3260,2
2457998.514787,-4.4691,16.8074,20.4324,19.9860,19.6822,20.3260,2
2457998.556307,1.3748,13.1658,20.4324,19.9860,19.6822,20.3260,2
2457998.574457,-12.5234,15.5955,20.4324,19.9860,19.6822,20.3260,2
2457998.605217,-7.0311,27.4800,20.4324,19.9860,19.6822,20.3260,2
2457998.643777,-26.2386,15.2964,20.4324,19.9860,19.6822,20.3260,2
2457999.607097,0.0777,26.7899,20.4324,19.9860,19.6822,20.3260,2
2458001.487357,-4.6395,15.3156,20.4324,19.9860,19.6822,20.3260,2
2458001.539257,-25.4064,4.4443,20.4324,19.9860,19.6822,20.3260,2
2458001.609837,-27.3524,-2.5589,20.4324,19.9860,19.6822,20.3260,2
2458003.489807,19.7658,20.9374,20.4324,19.9860,19.6822,20.3260,2
2458003.569827,19.1716,17.6035,20.4324,19.9860,19.6822,20.3260,2
2458003.609577,-9.7255,-11.6185,20.4324,19.9860,19.6822,20.3260,2
2458004.477577,-0.3163,15.9172,20.4324,19.9860,19.6822,20.3260,2
2458004.500437,-5.7384,35.8251,20.4324,19.9860,19.6822,20.3260,2
2458004.536217,-8.2647,21.5556,20.4324,19.9860,19.6822,20.3260,2
2458004.578937,18.1054,-15.1631,20.4324,19.9860,19.6822,20.3260,2
2458004.619957,12.6379,22.9353,20.4324,19.9860,19.6822,20.3260,2
2458010.533217,7.9065,36.2376,20.4324,19.9860,19.6822,20.3260,2
2458011.516107,-30.5312,-27.8263,20.4324,19.9860,19.6822,20.3260,2
2458013.489347,27.2394,47.9450,20.4324,19.9860,19.6822,20.3260,2
2458013.506837,-1.2898,26.4484,20.4324,19.9860,19.6822,20.3260,2
2458013.540017,2.1851,20.1735,20.4324,19.9860,19.6822,20.3260,2
2458013.562367,9.7415,23.2089,20.4324,19.9860,19.6822,20.3260,2
2458013.597657,2.0906,11.1409,20.4324,19.9860,19.6822,20.3260,2
2458014.547597,-5.5755,48.4186,20.4324,19.9860,19.6822,20.3260,2
2458014.566067,-0.9548,-6.7244,20.4324,19.9860,19.6822,20.3260,2
2458017.505997,3.6185,52.1198,20.4324,19.9860,19.6822,20.3260,2
2458018.508337,32.1954,26.5792,20.4324,19.9860,19.6822,20.3260,2
2458018.547057,-9.2884,9.3646,20.4324,19.9860,19.6822,20.3260,2
2458018.584597,-12.7969,5.3177,20.4324,19.9860,19.6822,20.3260,2
2458019.498837,20.2969,4.1946,20.4324,19.9860,19.6822,20.3260,2
2458019.547897,-13.5947,12.9968,20.4324,19.9860,19.6822,20.3260,2
2458019.597077,17.4042,23.5752,20.4324,19.9860,19.6822,20.3260,2
2458020.502137,18.7636,19.7888,20.4324,19.9860,19.6822,20.3260,2
2458020.589667,-13.7777,26.1908,20.4324,19.9860,19.6822,20.3260,2
2458020.597127,-3.1994,15.9919,20.4324,19.9860,19.6822,20.3260,2
2458022.517667,-5.3098,0.7584,20.4324,19.9860,19.6822,20.3260,2
2458022.538167,-6.3165,5.6328,20.4324,19.9860,19.6822,20.3260,2
2458022.568287,-20.0641,-31.9755,20.4324,19.9860,19.6822,20.3260,2
2458023.491097,-1.5626,24.1776,20.4324,19.9860,19.6822,20.3260,2
2458023.531817,0.7926,-5.1441,20.4324,19.9860,19.6822,20.3260,2
2458023.570877,-46.3959,39.8243,20.4324,19.9860,19.6822,20.3260,2
2458024.513797,-14.4984,5.5990,20.4324,19.9860,19.6822,20.3260,2
2458025.521297,21.9049,18.5744,20.4324,19.9860,19.6822,20.3260,2
2458025.546037,12.5865,8.6502,20.4324,19.9860,19.6822,20.3260,2
2458029.494247,-21.0906,-12.3663,20.4324,19.9860,19.6822,20.3260,2
2458029.513137,36.8804,15.1551,20.4324,19.9860,19.6822,20.3260,2
2458029.548567,-18.6849,15.0515,20.4324,19.9860,19.6822,20.3260,2
2458032.503157,13.2528,6.8546,20.4324,19.9860,19.6822,20.3260,2
2458036.519207,-67.9197,-40.7572,20.4324,19.9860,19.6822,20.3260,2
2458036.540477,13.9806,25.6433,20.4324,19.9860,19.6822,20.3260,2
2458039.505157,-35.1367,-11.2361,20.4324,19.9860,19.6822,20.3260,2
2458040.496447,6.2190,14.4966,20.4324,19.9860,19.6822,20.3260,2
2458040.514817,-28.0936,-29.2316,20.4324,19.9860,19.6822,20.3260,2
2458041.494677,-82.5147,-30.9155,20.4324,19.9860,19.6822,20.3260,2
2458043.504237,-8.1834,-17.6401,20.4324,19.9860,19.6822,20.3260,2
2458043.522057,36.4993,7.6591,20.4324,19.9860,19.6822,20.3260,2
2458045.525067,20.3362,-51.0484,20.4324,19.9860,19.6822,20.3260,2
2458168.894197,8.1085,-8.4006,20.4324,19.9860,19.5535,19.2954,3
2458170.866437,12.9223,24.3240,20.4324,19.9860,19.5535,19.2954,3
2458171.858067,-18.4906,-5.9410,20.4324,19.9860,19.5535,19.2954,3
2458172.868637,-18.9554,12.0701,20.4324,19.9860,19.5535,19.2954,3
2458172.903037,-5.6315,10.4305,20.4324,19.9860,19.5535,19.2954,3
2458174.848097,23.1964,-23.9255,20.4324,19.9860,19.5535,19.2954,3
2458174.881967,-12.2239,16.3924,20.4324,19.9860,19.5535,19.2954,3
2458174.901387,-7.9034,22.0579,20.4324,19.9860,19.5535,19.2954,3
2458175.860457,27.9951,5.2872,20.4324,19.9860,19.5535,19.2954,3
2458176.873247,-7.6596,-17.2500,20.4324,19.9860,19.5535,19.2954,3
2458177.866427,15.8101,-26.8178,20.4324,19.9860,19.5535,19.2954,3
2458179.838827,36.9719,-8.5960,20.4324,19.9860,19.5535,19.2954,3
2458179.875267,29.9657,22.9417,20.4324,19.9860,19.5535,19.2954,3
2458180.886167,20.6498,15.3454,20.4324,19.9860,19.5535,19.2954,3
2458180.905077,7.9955,9.6819,20.4324,19.9860,19.5535,19.2954,3
2458181.846677,0.2830,4.2910,20.4324,19.9860,19.5535,19.2954,3
2458181.863667,-0.6691,2.1636,20.4324,19.9860,19.5535,19.2954,3
2458181.865307,-12.1536,8.0983,20.4324,19.9860,19.5535,19.2954,3
2458181.882097,-16.6105,23.4145,20.4324,19.9860,19.5535,19.2954,3
2458181.900827,13.5973,-4.9737,20.4324,19.9860,19.5535,19.2954,3
2458182.830327,-5.5415,-14.5647,20.4324,19.9860,19.5535,19.2954,3
2458182.863737,-4.3179,6.6716,20.4324,19.9860,19.5535,19.2954,3
2458182.886877,29.5695,1.3925,20.4324,19.9860,19.5535,19.2954,3
2458182.905257,13.5310,9.8363,20.4324,19.9860,19.5535,19.2954,3
2458183.823837,7.8500,9.2515,20.4324,19.9860,19.5535,19.2954,3
2458183.877277,-5.2894,6.9612,20.4324,19.9860,19.5535,19.2954,3
2458184.832697,11.0001,-6.7011,20.4324,19.9860,19.5535,19.2954,3
2458184.879927,-9.2725,-8.7633,20.4324,19.9860,19.5535,19.2954,3
2458184.898257,-11.1878,14.4202,20.4324,19.9860,19.5535,19.2954,3
2458185.869967,14.9266,-22.7366,20.4324,19.9860,19.5535,19.2954,3
2458185.887007,-10.7387,17.4550,20.4324,19.9860,19.5535,19.2954,3
2458185.903947,19.9935,9.0039,20.4324,19.9860,19.5535,19.2954,3
2458187.864737,-22.1328,8.3649,20.4324,19.9860,19.5535,19.2954,3
2458187.899347,-9.8593,8.0984,20.4324,19.9860,19.5535,19.2954,3
2458188.860507,8.6216,9.6515,20.4324,19.9860,19.5535,19.2954,3
2458188.880217,15.7829,1.6732,20.4324,19.9860,19.5535,19.2954,3
2458188.897897,18.2745,22.5546,20.4324,19.9860,19.5535,19.2954,3
2458189.870037,-15.4280,8.6321,20.4324,19.9860,19.5535,19.2954,3
2458189.887647,-41.2641,-22.3528,20.4324,19.9860,19.5535,19.2954,3
2458189.904577,-4.4750,25.4759,20.4324,19.9860,19.5535,19.2954,3
2458190.809397,8.4237,22.9782,20.4324,19.9860,19.5535,19.2954,3
2458190.826507,15.9813,-14.5434,20.4324,19.9860,19.5535,19.2954,3
2458190.843717,-3.6207,4.1780,20.4324,19.9860,19.5535,19.2954,3
2458190.906587,7.1445,26.2480,20.4324,19.9860,19.5535,19.2954,3
2458191.889237,20.2483,2.2623,20.4324,19.9860,19.5535,19.2954,3
2458191.908397,-3.5940,-17.8656,20.4324,19.9860,19.5535,19.2954,3
2458192.879327,8.8640,-12.9203,20.4324,19.9860,19.5535,19.2954,3
2458192.896597,-19.0804,-19.9861,20.4324,19.9860,19.5535,19.2954,3
2458192.913597,2.0792,38.7353,20.4324,19.9860,19.5535,19.2954,3
2458193.811267,-11.2272,15.1466,20.4324,19.9860,19.5535,19.2954,3
2458193.844937,27.6022,-3.7261,20.4324,19.9860,19.5535,19.2954,3
2458193.861887,0.1514,0.5125,20.4324,19.9860,19.5535,19.2954,3
2458194.851807,12.8991,1.6953,20.4324,19.9860,19.5535,19.2954,3
2458194.903977,-3.2673,16.1955,20.4324,19.9860,19.5535,19.2954,3
2458195.852427,-3.5013,-11.6230,20.4324,19.9860,19.5535,19.2954,3
2458195.898317,0.7857,28.6603,20.4324,19.9860,19.5535,19.2954,3
2458198.893097,11.7957,5.1424,20.4324,19.9860,19.5535,19.2954,3
2458199.834257,33.6953,11.0278,20.4324,19.9860,19.5535,19.2954,3
2458199.854007,4.8586,16.3546,20.4324,19.9860,19.5535,19.2954,3
2458199.916827,-10.6608,14.4661,20.4324,19.9860,19.5535,19.2954,3
2458200.850077,7.8059,-13.7991,20.4324,19.9860,19.5535,19.2954,3
2458200.904687,0.2948,10.5229,20.4324,19.9860,19.5535,19.2954,3
2458201.906747,12.1297,34.1024,20.4324,19.9860,19.5535,19.2954,3
2458202.832547,-1.9777,0.4653,20.4324,19.9860,19.5535,19.2954,3
2458203.827187,-0.5930,1.8455,20.4324,19.9860,19.5535,19.2954,3
2458203.895517,-5.5676,1.9850,20.4324,19.9860,19.5535,19.2954,3
2458203.913147,-20.1704,2.2154,20.4324,19.9860,19.5535,19.2954,3
2458204.812237,11.7419,25.2515,20.4324,19.9860,19.5535,19.2954,3
2458204.874487,15.7662,4.6176,20.4324,19.9860,19.5535,19.2954,3
2458204.909867,-13.8282,4.9568,20.4324,19.9860,19.5535,19.2954,3
2458205.798377,21.0747,9.2059,20.4324,19.9860,19.5535,19.2954,3
2458205.866847,-6.3242,12.7511,20.4324,19.9860,19.5535,19.2954,3
2458205.898997,0.1602,18.4842,20.4324,19.9860,19.5535,19.2954,3
2458206.767137,-0.1681,20.5796,20.4324,19.9860,19.5535,19.2954,3
2458206.784187,-13.7886,11.9222,20.4324,19.9860,19.5535,19.2954,3
2458206.801047,5.0329,5.4394,20.4324,19.9860,19.5535,19.2954,3
2458206.818057,11.6412,-0.5721,20.4324,19.9860,19.5535,19.2954,3
2458206.897077,-4.8964,14.1632,20.4324,19.9860,19.5535,19.2954,3
2458206.916237,14.3235,25.1112,20.4324,19.9860,19.5535,19.2954,3
2458207.802227,24.5563,-5.2193,20.4324,19.9860,19.5535,19.2954,3
2458207.820917,8.5127,15.2237,20.4324,19.9860,19.5535,19.2954,3
2458207.837827,-21.9616,-3.3198,20.4324,19.9860,19.5535,19.2954,3
2458207.865917,-11.4771,12.7638,20.4324,19.9860,19.5535,19.2954,3
2458207.882627,-25.7980,2.4116,20.4324,19.9860,19.5535,19.2954,3
2458207.901427,-15.0240,3.7265,20.4324,19.9860,19.5535,19.2954,3
2458207.918767,-4.0862,-0.5263,20.4324,19.9860,19.5535,19.2954,3
2458208.768327,27.6551,-20.7158,20.4324,19.9860,19.5535,19.2954,3
2458208.797007,-14.1302,-14.7590,20.4324,19.9860,19.5535,19.2954,3
2458208.830817,14.4760,17.9084,20.4324,19.9860,19.5535,19.2954,3
2458208.869287,-11.8029,6.6734,20.4324,19.9860,19.5535,19.2954,3
2458208.897777,-31.4649,13.0278,20.4324,19.9860,19.5535,19.2954,3
2458208.914967,10.3612,10.0766,20.4324,19.9860,19.5535,19.2954,3
2458209.756187,1.9796,-5.0682,20.4324,19.9860,19.5535,19.2954,3
2458209.773047,2.2862,-1.2931,20.4324,19.9860,19.5535,19.2954,3
2458209.803117,4.3161,3.1920,20.4324,19.9860,19.5535,19.2954,3
2458210.786117,-13.6461,32.4019,20.4324,19.9860,19.5535,19.2954,3
2458210.802707,44.2741,-21.5360,20.4324,19.9860,19.5535,19.2954,3
2458210.848077,6.4853,-6.1899,20.4324,19.9860,19.5535,19.2954,3
2458210.865377,-31.0820,2.6629,20.4324,19.9860,19.5535,19.2954,3
2458210.900267,18.2451,7.5563,20.4324,19.9860,19.5535,19.2954,3
2458210.917587,-25.9235,5.6288,20.4324,19.9860,19.5535,19.2954,3
2458211.769027,10.7093,0.0314,20.4324,19.9860,19.5535,19.2954,3
2458211.786057,-10.0755,0.3683,20.4324,19.9860,19.5535,19.2954,3
2458211.803177,3.0459,0.5758,20.4324,19.9860,19.5535,19.2954,3
2458211.888427,-33.2803,7.3362,20.4324,19.9860,19.5535,19.2954,3
2458211.905477,-8.8780,-3.5838,20.4324,19.9860,19.5535,19.2954,3
2458211.923097,22.6706,29.8144,20.4324,19.9860,19.5535,19.2954,3
2458212.749877,14.8279,-26.9571,20.4324,19.9860,19.5535,19.2954,3
2458212.783707,35.4471,0.4932,20.4324,19.9860,19.5535,19.2954,3
2458212.800857,6.7257,21.0762,20.4324,19.9860,19.5535,19.2954,3
2458212.817787,-12.4750,-7.4140,20.4324,19.9860,19.5535,19.2954,3
2458212.835017,21.3288,-2.7293,20.4324,19.9860,19.5535,19.2954,3
2458212.862717,1.3987,-7.2212,20.4324,19.9860,19.5535,19.2954,3
2458212.883847,-20.8639,-20.3469,20.4324,19.9860,19.5535,19.2954,3
2458212.901197,0.8188,6.2461,20.4324,19.9860,19.5535,19.2954,3
2458213.766387,2.9749,1.8410,20.4324,19.9860,19.5535,19.2954,3
2458213.783667,0.6083,28.3348,20.4324,19.9860,19.5535,19.2954,3
2458213.803587,-2.9295,-8.2060,20.4324,19.9860,19.5535,19.2954,3
2458213.829197,2.4025,6.0849,20.4324,19.9860,19.5535,19.2954,3
2458213.878257,18.5046,6.5056,20.4324,19.9860,19.5535,19.2954,3
2458214.787057,-35.4939,16.2760,20.4324,19.9860,19.5535,19.2954,3
2458214.885537,6.3479,-7.9794,20.4324,19.9860,19.5535,19.2954,3
2458215.920667,4.2226,4.7548,20.4324,19.9860,19.5535,19.2954,3
2458216.743467,21.0526,5.6207,20.4324,19.9860,19.5535,19.2954,3
2458216.760587,26.0481,-23.3955,20.4324,19.9860,19.5535,19.2954,3
2458216.818017,-34.6924,2.0308,20.4324,19.9860,19.5535,19.2954,3
2458216.853197,7.1622,7.8093,20.4324,19.9860,19.5535,19.2954,3
2458216.869917,-4.0637,-4.2539,20.4324,19.9860,19.5535,19.2954,3
2458216.914107,-25.1344,20.8225,20.4324,19.9860,19.5535,19.2954,3
2458217.803427,26.8142,2.8895,20.4324,19.9860,19.5535,19.2954,3
2458217.819807,11.8528,1.4019,20.4324,19.9860,19.5535,19.2954,3
2458217.861327,15.3547,13.7197,20.4324,19.9860,19.5535,19.2954,3
2458217.889037,-14.2530,-0.8851,20.4324,19.9860,19.5535,19.2954,3
2458217.890527,21.8555,22.8290,20.4324,19.9860,19.5535,19.2954,3
2458217.907547,7.0550,-20.8778,20.4324,19.9860,19.5535,19.2954,3
2458220.846367,41.2713,22.9069,20.4324,19.9860,19.5535,19.2954,3
2458221.785267,46.2514,33.3305,20.4324,19.9860,19.5535,19.2954,3
2458221.802497,-6.7480,10.0556,20.4324,19.9860,19.5535,19.2954,3
2458221.850787,16.9885,8.9138,20.4324,19.9860,19.5535,19.2954,3
2458222.761807,9.0056,14.8413,20.4324,19.9860,19.5535,19.2954,3
2458222.891757,19.7020,29.8591,20.4324,19.9860,19.5535,19.2954,3
2458222.919657,10.2024,-0.4513,20.4324,19.9860,19.5535,19.2954,3
2458223.791907,38.0987,-11.7116,20.4324,19.9860,19.5535,19.2954,3
2458223.812547,14.9182,-3.5285,20.4324,19.9860,19.5535,19.2954,3
2458224.775547,-3.5594,2.4749,20.4324,19.9860,19.5535,19.2954,3
2458224.792727,-28.3344,1.0406,20.4324,19.9860,19.5535,19.2954,3
2458224.810057,3.8166,12.1047,20.4324,19.9860,19.5535,19.2954,3
2458224.826827,40.0263,-6.2828,20.4324,19.9860,19.5535,19.2954,3
2458224.871377,-2.7614,5.8485,20.4324,19.9860,19.5535,19.2954,3
2458224.888477,-14.8929,-11.8436,20.4324,19.9860,19.5535,19.2954,3
2458225.923137,-3.8295,8.6689,20.4324,19.9860,19.5535,19.2954,3
2458226.789147,15.2550,-7.6360,20.4324,19.9860,19.5535,19.2954,3
2458226.855677,18.9892,-9.3921,20.4324,19.9860,19.5535,19.2954,3
2458226.874337,-1.6332,23.6073,20.4324,19.9860,19.5535,19.2954,3
2458226.891537,41.5604,25.1443,20.4324,19.9860,19.5535,19.2954,3
2458226.908417,-35.2400,-16.5173,20.4324,19.9860,19.5535,19.2954,3
2458227.746457,-3.0576,10.2839,20.4324,19.9860,19.5535,19.2954,3
2458227.763507,-3.1155,6.2346,20.4324,19.9860,19.5535,19.2954,3
2458227.889637,-0.2249,5.5246,20.4324,19.9860,19.5535,19.2954,3
2458227.906527,-26.8437,-3.4291,20.4324,19.9860,19.5535,19.2954,3
2458228.784387,-0.4459,3.6858,20.4324,19.9860,19.5535,19.2954,3
2458228.787267,20.3284,40.5301,20.4324,19.9860,19.5535,19.2954,3
2458228.810737,2.5959,10.3679,20.4324,19.9860,19.5535,19.2954,3
2458228.827857,36.8374,12.6030,20.4324,19.9860,19.5535,19.2954,3
2458228.862097,14.1567,7.8122,20.4324,19.9860,19.5535,19.2954,3
2458228.890357,6.5189,12.5731,20.4324,19.9860,19.5535,19.2954,3
2458228.907917,2.9934,21.0102,20.4324,19.9860,19.5535,19.2954,3
2458228.924417,1.7553,15.2923,20.4324,19.9860,19.5535,19.2954,3
2458229.780397,4.2039,-1.9871,20.4324,19.9860,19.5535,19.2954,3
2458229.814237,11.2622,14.7182,20.4324,19.9860,19.5535,19.2954,3
2458229.864387,-11.3835,13.0279,20.4324,19.9860,19.5535,19.2954,3
2458229.881097,4.3901,26.0016,20.4324,19.9860,19.5535,19.2954,3
2458229.898597,-15.2412,21.4401,20.4324,19.9860,19.5535,19.2954,3
2458230.839947,-12.5872,15.9994,20.4324,19.9860,19.5535,19.2954,3
2458230.913237,10.8831,-4.3149,20.4324,19.9860,19.5535,19.2954,3
2458231.736307,-26.6888,-38.8889,20.4324,19.9860,19.5535,19.2954,3
2458231.867217,36.9276,41.8239,20.4324,19.9860,19.5535,19.2954,3
2458233.764907,-19.3010,-21.7982,20.4324,19.9860,19.5535,19.2954,3
2458233.785407,34.9689,27.5400,20.4324,19.9860,19.5535,19.2954,3
2458233.802567,19.8235,32.9707,20.4324,19.9860,19.5535,19.2954,3
2458233.837097,7.8330,-29.0925,20.4324,19.9860,19.5535,19.2954,3
2458233.864777,10.1916,3.8196,20.4324,19.9860,19.5535,19.2954,3
2458233.901647,-8.0906,-2.4143,20.4324,19.9860,19.5535,19.2954,3
2458235.707727,-22.6076,-1.5287,20.4324,19.9860,19.5535,19.2954,3
2458235.808677,2.5106,46.6589,20.4324,19.9860,19.5535,19.2954,3
2458235.825537,8.7769,39.7733,20.4324,19.9860,19.5535,19.2954,3
2458235.842497,55.5591,32.0126,20.4324,19.9860,19.5535,19.2954,3
2458235.859627,-12.9926,-7.1110,20.4324,19.9860,19.5535,19.2954,3
2458235.878527,-13.3892,21.7405,20.4324,19.9860,19.5535,19.2954,3
2458235.907717,-15.1283,18.0467,20.4324,19.9860,19.5535,19.2954,3
2458236.700847,9.4327,18.5269,20.4324,19.9860,19.5535,19.2954,3
2458236.718057,-7.4275,1.8702,20.4324,19.9860,19.5535,19.2954,3
2458236.787407,-36.0459,26.3072,20.4324,19.9860,19.5535,19.2954,3
2458236.804257,11.6894,-4.8302,20.4324,19.9860,19.5535,19.2954,3
2458236.887967,11.2022,7.7630,20.4324,19.9860,19.5535,19.2954,3
2458237.881267,18.5441,13.0422,20.4324,19.9860,19.5535,19.2954,3
2458237.898907,17.6160,9.9771,20.4324,19.9860,19.5535,19.2954,3
2458237.915647,1.6330,9.9625,20.4324,19.9860,19.5535,19.2954,3
2458238.736837,-13.5022,-7.1309,20.4324,19.9860,19.5535,19.2954,3
2458238.753977,20.1481,9.3168,20.4324,19.9860,19.5535,19.2954,3
2458238.770757,8.5463,3.0012,20.4324,19.9860,19.5535,19.2954,3
2458238.815927,-6.1231,1.7466,20.4324,19.9860,19.5535,19.2954,3
2458238.867227,-18.4174,29.3841,20.4324,19.9860,19.5535,19.2954,3
2458240.724027,-41.5613,5.5284,20.4324,19.9860,19.5535,19.2954,3
2458240.806907,1.6024,9.2856,20.4324,19.9860,19.5535,19.2954,3
2458240.861877,12.5043,-0.7313,20.4324,19.9860,19.5535,19.2954,3
2458240.906737,23.7986,-6.4787,20.4324,19.9860,19.5535,19.2954,3
2458241.737457,-13.6589,-19.6212,20.4324,19.9860,19.5535,19.2954,3
2458241.773017,18.2295,-2.0050,20.4324,19.9860,19.5535,19.2954,3
2458241.793417,-26.1436,-13.5739,20.4324,19.9860,19.5535,19.2954,3
2458241.821277,6.9868,-3.1709,20.4324,19.9860,19.5535,19.2954,3
2458243.748257,-23.3458,-23.6192,20.4324,19.9860,19.5535,19.2954,3
2458243.765517,7.4838,-8.8806,20.4324,19.9860,19.5535,19.2954,3
2458243.829917,1.7451,10.2438,20.4324,19.9860,19.5535,19.2954,3
2458243.864527,2.0097,-39.6920,20.4324,19.9860,19.5535,19.2954,3
2458243.885547,12.5159,-4.5315,20.4324,19.9860,19.5535,19.2954,3
2458243.931457,-26.7973,22.3513,20.4324,19.9860,19.5535,19.2954,3
2458244.762657,-14.6057,-11.3964,20.4324,19.9860,19.5535,19.2954,3
2458244.807637,12.0800,25.7017,20.4324,19.9860,19.5535,19.2954,3
2458244.824647,-14.6971,19.5016,20.4324,19.9860,19.5535,19.2954,3
2458244.859097,-10.3660,3.6360,20.4324,19.9860,19.5535,19.2954,3
2458246.774427,12.3894,-13.8962,20.4324,19.9860,19.5535,19.2954,3
2458246.809367,32.8142,8.7492,20.4324,19.9860,19.5535,19.2954,3
2458246.830337,-43.2045,11.1051,20.4324,19.9860,19.5535,19.2954,3
2458246.847467,-40.0733,-40.0239,20.4324,19.9860,19.5535,19.2954,3
2458246.933247,7.7154,14.0993,20.4324,19.9860,19.5535,19.2954,3
2458249.677987,2.2714,-16.9846,20.4324,19.9860,19.5535,19.2954,3
2458249.695427,12.6085,-10.9877,20.4324,19.9860,19.5535,19.2954,3
2458249.714557,-7.5340,-17.8113,20.4324,19.9860,19.5535,19.2954,3
2458249.781867,37.0577,-6.6444,20.4324,19.9860,19.5535,19.2954,3
2458249.798967,-9.0983,32.8918,20.4324,19.9860,19.5535,19.2954,3
2458249.862207,18.1340,35.3357,20.4324,19.9860,19.5535,19.2954,3
2458249.879627,-38.3337,-23.1056,20.4324,19.9860,19.5535,19.2954,3
2458249.897297,29.1044,13.1293,20.4324,19.9860,19.5535,19.2954,3
2458250.666957,-34.9728,-4.6808,20.4324,19.9860,19.5535,19.2954,3
2458250.701097,-17.0068,-6.6898,20.4324,19.9860,19.5535,19.2954,3
2458250.766637,-3.4678,14.1571,20.4324,19.9860,19.5535,19.2954,3
2458250.783667,11.4678,20.3702,20.4324,19.9860,19.5535,19.2954,3
2458250.818057,-6.2399,-1.1383,20.4324,19.9860,19.5535,19.2954,3
2458250.835017,-5.0821,8.2194,20.4324,19.9860,19.5535,19.2954,3
2458250.881567,-2.2638,0.6019,20.4324,19.9860,19.5535,19.2954,3
2458251.719847,-39.6722,-41.9464,20.4324,19.9860,19.5535,19.2954,3
2458251.766427,4.0088,-7.0504,20.4324,19.9860,19.5535,19.2954,3
2458251.800887,-1.7493,-8.1972,20.4324,19.9860,19.5535,19.2954,3
2458251.817777,8.9235,8.7991,20.4324,19.9860,19.5535,19.2954,3
2458251.834747,36.0939,-9.0650,20.4324,19.9860,19.5535,19.2954,3
2458251.851977,-23.9606,-30.9791,20.4324,19.9860,19.5535,19.2954,3
2458252.836127,12.5066,-13.4646,20.4324,19.9860,19.5535,19.2954,3
2458253.655107,3.7496,-22.7289,20.4324,19.9860,19.5535,19.2954,3
2458253.705077,0.8023,19.2160,20.4324,19.9860,19.5535,19.2954,3
2458253.722017,-4.8379,16.7557,20.4324,19.9860,19.5535,19.2954,3
2458253.739237,2.6613,-14.9245,20.4324,19.9860,19.5535,19.2954,3
2458253.783547,17.7714,34.4050,20.4324,19.9860,19.5535,19.2954,3
2458253.802777,-0.3266,30.2785,20.4324,19.9860,19.5535,19.2954,3
2458253.836427,-11.4097,44.6723,20.4324,19.9860,19.5535,19.2954,3
2458254.657477,13.1423,1.5060,20.4324,19.9860,19.5535,19.2954,3
2458254.674867,-0.8028,15.2591,20.4324,19.9860,19.5535,19.2954,3
2458254.711457,7.1051,-4.4676,20.4324,19.9860,19.5535,19.2954,3
2458254.758297,-19.8886,7.5501,20.4324,19.9860,19.5535,19.2954,3
2458254.775207,1.2473,8.3025,20.4324,19.9860,19.5535,19.2954,3
2458254.809417,-2.0260,7.4782,20.4324,19.9860,19.5535,19.2954,3
2458254.826307,8.2433,28.5279,20.4324,19.9860,19.5535,19.2954,3
2458254.858477,1.3002,5.6134,20.4324,19.9860,19.5535,19.2954,3
2458254.879567,-18.0637,-10.5307,20.4324,19.9860,19.5535,19.2954,3
2458254.896777,17.5356,25.7175,20.4324,19.9860,19.5535,19.2954,3
2458254.913397,22.3754,-8.9057,20.4324,19.9860,19.5535,19.2954,3
2458255.715527,-30.6999,7.5683,20.4324,19.9860,19.5535,19.2954,3
2458255.732217,18.9784,-0.2890,20.4324,19.9860,19.5535,19.2954,3
2458255.749317,15.3994,7.4991,20.4324,19.9860,19.5535,19.2954,3
2458255.861077,4.7632,28.2620,20.4324,19.9860,19.5535,19.2954,3
2458255.878557,-12.3646,-12.2411,20.4324,19.9860,19.5535,19.2954,3
2458256.770687,3.2786,27.5322,20.4324,19.9860,19.5535,19.2954,3
2458256.787457,-3.7070,54.2719,20.4324,19.9860,19.5535,19.2954,3
2458256.824407,38.9594,43.4152,20.4324,19.9860,19.5535,19.2954,3
2458256.890407,-43.5392,-19.1055,20.4324,19.9860,19.5535,19.2954,3
2458256.907477,-20.9031,-3.9071,20.4324,19.9860,19.5535,19.2954,3
2458257.695997,3.5456,-4.8297,20.4324,19.9860,19.5535,19.2954,3
2458257.729917,33.4073,3.1797,20.4324,19.9860,19.5535,19.2954,3
2458257.746667,4.5995,37.3797,20.4324,19.9860,19.5535,19.2954,3
2458257.763427,17.9784,10.6465,20.4324,19.9860,19.5535,19.2954,3
2458257.827247,2.7402,32.8279,20.4324,19.9860,19.5535,19.2954,3
2458257.867517,22.0307,18.0450,20.4324,19.9860,19.5535,19.2954,3
2458258.637717,37.3238,9.1223,20.4324,19.9860,19.5535,19.2954,3
2458258.698887,14.5625,8.4201,20.4324,19.9860,19.5535,19.2954,3
2458258.716077,7.9020,46.0417,20.4324,19.9860,19.5535,19.2954,3
2458258.777687,19.8911,17.6458,20.4324,19.9860,19.5535,19.2954,3
2458258.795027,28.2352,16.6805,20.4324,19.9860,19.5535,19.2954,3
2458258.811907,-5.8744,14.3124,20.4324,19.9860,19.5535,19.2954,3
2458258.828717,-0.4245,15.3094,20.4324,19.9860,19.5535,19.2954,3
2458258.846047,0.3938,1.6709,20.4324,19.9860,19.5535,19.2954,3
2458258.880247,-19.2624,13.1043,20.4324,19.9860,19.5535,19.2954,3
2458258.938207,50.7342,6.6264,20.4324,19.9860,19.5535,19.2954,3
2458259.720187,-7.5036,-20.8866,20.4324,19.9860,19.5535,19.2954,3
2458259.737007,-10.5943,-18.1694,20.4324,19.9860,19.5535,19.2954,3
2458259.782947,1.8740,-12.4146,20.4324,19.9860,19.5535,19.2954,3
2458259.923947,9.8688,-39.4894,20.4324,19.9860,19.5535,19.2954,3
2458260.623837,-25.2308,-17.5852,20.4324,19.9860,19.5535,19.2954,3
2458260.660917,5.5400,10.8010,20.4324,19.9860,19.5535,19.2954,3
2458260.678167,-3.4960,-4.1252,20.4324,19.9860,19.5535,19.2954,3
2458260.714987,-4.2694,-9.5303,20.4324,19.9860,19.5535,19.2954,3
2458260.756847,-8.0985,28.4028,20.4324,19.9860,19.5535,19.2954,3
2458260.773677,17.8138,-6.2179,20.4324,19.9860,19.5535,19.2954,3
2458260.811067,-4.9243,25.8909,20.4324,19.9860,19.5535,19.2954,3
2458260.827657,29.5089,37.0795,20.4324,19.9860,19.5535,19.2954,3
2458260.862267,29.3036,21.9020,20.4324,19.9860,19.5535,19.2954,3
2458260.879277,-10.5777,-3.8733,20.4324,19.9860,19.5535,19.2954,3
2458260.912557,-47.1674,1.0231,20.4324,19.9860,19.5535,19.2954,3
2458260.929007,40.3817,17.8657,20.4324,19.9860,19.5535,19.2954,3
2458261.612087,0.5703,-8.7117,20.4324,19.9860,19.5535,19.2954,3
2458261.628807,-9.3071,13.9847,20.4324,19.9860,19.5535,19.2954,3
2458261.706377,28.8761,8.2115,20.4324,19.9860,19.5535,19.2954,3
2458261.727307,3.5244,13.0957,20.4324,19.9860,19.5535,19.2954,3
2458261.744507,5.9965,9.6012,20.4324,19.9860,19.5535,19.2954,3
2458261.829427,33.2134,48.9362,20.4324,19.9860,19.5535,19.2954,3
2458261.866697,4.3013,-10.6031,20.4324,19.9860,19.5535,19.2954,3
2458261.913367,-20.7690,13.4431,20.4324,19.9860,19.5535,19.2954,3
2458262.624527,30.9523,-0.2468,20.4324,19.9860,19.5535,19.2954,3
2458262.652007,-0.4473,1.4403,20.4324,19.9860,19.5535,19.2954,3
2458262.669207,5.4384,-10.6257,20.4324,19.9860,19.5535,19.2954,3
2458262.685957,9.7106,30.1802,20.4324,19.9860,19.5535,19.2954,3
2458262.703327,7.1563,26.1801,20.4324,19.9860,19.5535,19.2954,3
2458262.720767,28.5813,29.5447,20.4324,19.9860,19.5535,19.2954,3
2458262.737717,-31.1913,-25.5356,20.4324,19.9860,19.5535,19.2954,3
2458262.817117,-2.5703,26.9419,20.4324,19.9860,19.5535,19.2954,3
2458262.862147,-6.2348,-21.9342,20.4324,19.9860,19.5535,19.2954,3
2458263.634627,-15.5746,-34.6828,20.4324,19.9860,19.5535,19.2954,3
2458263.671187,1.6195,-0.0892,20.4324,19.9860,19.5535,19.2954,3
2458263.697937,12.5954,3.2818,20.4324,19.9860,19.5535,19.2954,3
2458263.776457,41.6451,50.9145,20.4324,19.9860,19.5535,19.2954,3
2458264.599237,-30.0357,-23.9573,20.4324,19.9860,19.5535,19.2954,3
2458264.633327,41.6260,21.7691,20.4324,19.9860,19.5535,19.2954,3
2458264.661447,-22.5429,-1.0863,20.4324,19.9860,19.5535,19.2954,3
2458264.678527,32.7515,30.4338,20.4324,19.9860,19.5535,19.2954,3
2458264.793597,10.5727,42.6363,20.4324,19.9860,19.5535,19.2954,3
2458264.814797,-6.2312,38.0772,20.4324,19.9860,19.5535,19.2954,3
2458264.833357,-0.3924,5.2792,20.4324,19.9860,19.5535,19.2954,3
2458264.900217,7.4176,18.2464,20.4324,19.9860,19.5535,19.2954,3
2458265.665947,24.4925,0.9393,20.4324,19.9860,19.5535,19.2954,3
2458265.685797,6.4102,-20.2249,20.4324,19.9860,19.5535,19.2954,3
2458265.703467,1.7230,-0.8950,20.4324,19.9860,19.5535,19.2954,3
2458265.731477,27.4503,26.1517,20.4324,19.9860,19.5535,19.2954,3
2458265.748227,17.0955,16.6622,20.4324,19.9860,19.5535,19.2954,3
2458265.765867,-28.8097,7.1138,20.4324,19.9860,19.5535,19.2954,3
2458265.799747,-20.2510,-24.0969,20.4324,19.9860,19.5535,19.2954,3
2458265.827557,-8.9632,1.6026,20.4324,19.9860,19.5535,19.2954,3
2458265.865507,-17.0679,32.2537,20.4324,19.9860,19.5535,19.2954,3
2458266.598867,12.0784,9.9033,20.4324,19.9860,19.5535,19.2954,3
2458266.649807,15.3911,30.0659,20.4324,19.9860,19.5535,19.2954,3
2458266.697727,-6.8467,-0.3426,20.4324,19.9860,19.5535,19.2954,3
2458266.731727,-1.2119,-10.8047,20.4324,19.9860,19.5535,19.2954,3
2458271.680287,-17.6344,-11.2591,20.4324,19.9860,19.5535,19.2954,3
2458271.713477,39.5990,-17.3772,20.4324,19.9860,19.5535,19.2954,3
2458271.730477,20.1299,26.5125,20.4324,19.9860,19.5535,19.2954,3
2458271.761657,23.1047,18.3743,20.4324,19.9860,19.5535,19.2954,3
2458271.778917,22.4215,11.8804,20.4324,19.9860,19.5535,19.2954,3
2458271.795637,-4.9002,-8.2698,20.4324,19.9860,19.5535,19.2954,3
2458271.812407,0.0605,-4.8302,20.4324,19.9860,19.5535,19.2954,3
2458271.861267,11.4585,42.3394,20.4324,19.9860,19.5535,19.2954,3
2458271.879007,9.8864,4.2342,20.4324,19.9860,19.5535,19.2954,3
2458272.665037,3.9028,5.3383,20.4324,19.9860,19.5535,19.2954,3
2458272.692127,20.2937,-0.8691,20.4324,19.9860,19.5535,19.2954,3
2458272.709097,-13.0794,14.6107,20.4324,19.9860,19.5535,19.2954,3
2458272.725797,13.1416,34.6703,20.4324,19.9860,19.5535,19.2954,3
2458272.742567,29.6945,3.0763,20.4324,19.9860,19.5535,19.2954,3
2458272.760187,1.9002,21.1642,20.4324,19.9860,19.5535,19.2954,3
2458272.776977,20.8189,35.1865,20.4324,19.9860,19.5535,19.2954,3
2458272.817777,4.4674,14.3927,20.4324,19.9860,19.5535,19.2954,3
2458272.834867,11.5146,20.8210,20.4324,19.9860,19.5535,19.2954,3
2458272.851527,-18.3190,5.6977,20.4324,19.9860,19.5535,19.2954,3
2458272.868917,19.1406,11.9398,20.4324,19.9860,19.5535,19.2954,3
2458273.637047,-13.0553,14.7265,20.4324,19.9860,19.5535,19.2954,3
2458273.653977,-34.1320,9.5816,20.4324,19.9860,19.5535,19.2954,3
2458273.702517,-6.6437,8.5609,20.4324,19.9860,19.5535,19.2954,3
2458273.736337,-4.5100,14.3933,20.4324,19.9860,19.5535,19.2954,3
2458273.753667,-7.9869,19.4559,20.4324,19.9860,19.5535,19.2954,3
2458273.781037,0.3216,-1.8631,20.4324,19.9860,19.5535,19.2954,3
2458273.854477,13.3032,-2.9997,20.4324,19.9860,19.5535,19.2954,3
2458274.670727,-17.6858,-10.2964,20.4324,19.9860,19.5535,19.2954,3
2458274.714917,39.3922,27.5583,20.4324,19.9860,19.5535,19.2954,3
2458274.731897,-4.1335,44.5607,20.4324,19.9860,19.5535,19.2954,3
2458274.782957,37.8567,12.6747,20.4324,19.9860,19.5535,19.2954,3
2458274.828457,0.0676,-28.4524,20.4324,19.9860,19.5535,19.2954,3
2458274.845317,-12.7056,-24.7233,20.4324,19.9860,19.5535,19.2954,3
2458275.765897,3.6585,-0.5747,20.4324,19.9860,19.5535,19.2954,3
2458275.842207,5.7659,5.9900,20.4324,19.9860,19.5535,19.2954,3
2458275.859117,-0.7783,13.3692,20.4324,19.9860,19.5535,19.2954,3
2458276.620667,51.6659,-11.5562,20.4324,19.9860,19.5535,19.2954,3
2458276.688417,-1.9264,11.6824,20.4324,19.9860,19.5535,19.2954,3
2458276.723307,16.1203,13.0805,20.4324,19.9860,19.5535,19.2954,3
2458276.740817,3.6085,8.6434,20.4324,19.9860,19.5535,19.2954,3
2458276.758517,-8.1315,4.8212,20.4324,19.9860,19.5535,19.2954,3
2458276.867017,4.1320,-2.0982,20.4324,19.9860,19.5535,19.2954,3
2458277.657697,45.6716,16.2120,20.4324,19.9860,19.5535,19.2954,3
2458277.685507,-11.6101,-5.9973,20.4324,19.9860,19.5535,19.2954,3
2458277.723357,-2.3295,-13.9520,20.4324,19.9860,19.5535,19.2954,3
2458277.740217,-34.9054,48.9821,20.4324,19.9860,19.5535,19.2954,3
2458277.757057,0.0126,0.8135,20.4324,19.9860,19.5535,19.2954,3
2458277.801517,-29.1582,-5.7332,20.4324,19.9860,19.5535,19.2954,3
2458277.818167,3.2323,11.6468,20.4324,19.9860,19.5535,19.2954,3
2458277.835187,-7.2576,15.6239,20.4324,19.9860,19.5535,19.2954,3
2458278.595997,-14.9398,-8.3770,20.4324,19.9860,19.5535,19.2954,3
2458278.613077,12.2789,-16.9691,20.4324,19.9860,19.5535,19.2954,3
2458278.630047,0.4052,14.3556,20.4324,19.9860,19.5535,19.2954,3
2458278.648287,1.2050,11.2795,20.4324,19.9860,19.5535,19.2954,3
2458278.677597,-19.1900,20.9194,20.4324,19.9860,19.5535,19.2954,3
2458278.699107,-13.6085,19.0443,20.4324,19.9860,19.5535,19.2954,3
2458282.573817,-7.8169,48.6265,20.4324,19.9860,19.5535,19.2954,3
2458282.625987,-3.5978,39.1785,20.4324,19.9860,19.5535,19.2954,3
2458282.643217,-2.0826,32.9577,20.4324,19.9860,19.5535,19.2954,3
2458282.645857,9.2311,10.5672,20.4324,19.9860,19.5535,19.2954,3
2458282.673767,6.6992,-0.2328,20.4324,19.9860,19.5535,19.2954,3
2458282.691147,-9.4062,18.0777,20.4324,19.9860,19.5535,19.2954,3
2458282.744337,4.8831,23.7362,20.4324,19.9860,19.5535,19.2954,3
2458282.761697,0.9851,24.0232,20.4324,19.9860,19.5535,19.2954,3
2458282.791397,13.6751,40.7958,20.4324,19.9860,19.5535,19.2954,3
2458282.807667,-12.1430,21.8117,20.4324,19.9860,19.5535,19.2954,3
2458282.861017,8.4566,15.4469,20.4324,19.9860,19.5535,19.2954,3
2458283.561937,-15.5294,-32.0703,20.4324,19.9860,19.5535,19.2954,3
2458283.630057,0.7432,-14.1736,20.4324,19.9860,19.5535,19.2954,3
2458283.669497,7.2160,2.3234,20.4324,19.9860,19.5535,19.2954,3
2458283.704087,2.5575,19.4683,20.4324,19.9860,19.5535,19.2954,3
2458283.730777,11.8457,24.9575,20.4324,19.9860,19.5535,19.2954,3
2458283.787587,14.5287,33.1956,20.4324,19.9860,19.5535,19.2954,3
2458283.807687,6.3793,34.8030,20.4324,19.9860,19.5535,19.2954,3
2458284.609357,11.7571,-6.2510,20.4324,19.9860,19.5535,19.2954,3
2458284.690397,5.7934,16.6576,20.4324,19.9860,19.5535,19.2954,3
2458284.731597,-1.9605,8.2751,20.4324,19.9860,19.5535,19.2954,3
2458284.764407,-8.9317,6.5255,20.4324,19.9860,19.5535,19.2954,3
2458284.817367,18.5557,13.1503,20.4324,19.9860,19.5535,19.2954,3
2458284.834417,16.6834,-13.8770,20.4324,19.9860,19.5535,19.2954,3
2458285.627497,19.7225,15.9234,20.4324,19.9860,19.5535,19.2954,3
2458285.679127,-1.7864,25.9289,20.4324,19.9860,19.5535,19.2954,3
2458286.682397,18.2073,9.2232,20.4324,19.9860,19.5535,19.2954,3
2458286.725377,6.6985,-4.6879,20.4324,19.9860,19.5535,19.2954,3
2458286.726727,5.3888,-3.0904,20.4324,19.9860,19.5535,19.2954,3
2458286.790627,-29.2716,-13.6476,20.4324,19.9860,19.5535,19.2954,3
2458286.807637,-0.9262,-10.3280,20.4324,19.9860,19.5535,19.2954,3
2458286.841827,-2.8875,9.1405,20.4324,19.9860,19.5535,19.2954,3
2458287.568907,5.3262,1.9247,20.4324,19.9860,19.5535,19.2954,3
2458287.588967,16.4907,-15.8411,20.4324,19.9860,19.5535,19.2954,3
2458287.623187,16.4932,4.0333,20.4324,19.9860,19.5535,19.2954,3
2458287.685717,17.3925,20.5247,20.4324,19.9860,19.5535,19.2954,3
2458287.705787,8.0943,27.5238,20.4324,19.9860,19.5535,19.2954,3
2458287.723067,-5.9859,9.6231,20.4324,19.9860,19.5535,19.2954,3
2458287.767247,11.1149,56.4719,20.4324,19.9860,19.5535,19.2954,3
2458287.803047,16.1319,12.2928,20.4324,19.9860,19.5535,19.2954,3
2458287.820437,-33.0249,-23.9571,20.4324,19.9860,19.5535,19.2954,3
2458288.696617,-2.1941,45.3707,20.4324,19.9860,19.5535,19.2954,3
2458288.713987,-25.2331,-20.7014,20.4324,19.9860,19.5535,19.2954,3
2458288.731727,22.0093,-14.9245,20.4324,19.9860,19.5535,19.2954,3
2458289.609677,-34.6898,-30.0892,20.4324,19.9860,19.5535,19.2954,3
2458289.630107,7.7094,5.4206,20.4324,19.9860,19.5535,19.2954,3
2458289.647407,15.3098,-0.6582,20.4324,19.9860,19.5535,19.2954,3
2458289.664237,11.3321,13.0128,20.4324,19.9860,19.5535,19.2954,3
2458289.680807,-20.3281,8.1444,20.4324,19.9860,19.5535,19.2954,3
2458289.698937,-32.3825,-20.2532,20.4324,19.9860,19.5535,19.2954,3
2458289.744457,-31.1289,0.4501,20.4324,19.9860,19.5535,19.2954,3
2458290.576237,-23.7454,-9.4568,20.4324,19.9860,19.5535,19.2954,3
2458290.598287,-22.9924,24.0585,20.4324,19.9860,19.5535,19.2954,3
2458290.615297,15.8589,-30.5560,20.4324,19.9860,19.5535,19.2954,3
2458290.676657,12.6312,28.3006,20.4324,19.9860,19.5535,19.2954,3
2458290.717137,3.6479,-18.9134,20.4324,19.9860,19.5535,19.2954,3
2458290.734067,19.3678,10.4948,20.4324,19.9860,19.5535,19.2954,3
2458290.751137,28.8922,27.7702,20.4324,19.9860,19.5535,19.2954,3
2458290.768447,23.4252,20.3543,20.4324,19.9860,19.5535,19.2954,3
2458290.829987,-26.1033,32.6621,20.4324,19.9860,19.5535,19.2954,3
2458291.584057,9.6349,-17.9755,20.4324,19.9860,19.5535,19.2954,3
2458291.628607,16.4983,33.2624,20.4324,19.9860,19.5535,19.2954,3
2458291.645147,23.4215,4.6019,20.4324,19.9860,19.5535,19.2954,3
2458291.678887,13.6512,22.8184,20.4324,19.9860,19.5535,19.2954,3
2458291.696237,33.1658,-29.3184,20.4324,19.9860,19.5535,19.2954,3
2458291.744907,-23.0662,-3.2671,20.4324,19.9860,19.5535,19.2954,3
2458291.762097,2.8168,5.1554,20.4324,19.9860,19.5535,19.2954,3
2458291.779177,-0.7920,-41.4775,20.4324,19.9860,19.5535,19.2954,3
2458291.795967,-2.0841,-43.8733,20.4324,19.9860,19.5535,19.2954,3
2458292.643147,6.3893,21.8610,20.4324,19.9860,19.5535,19.2954,3
2458292.660137,32.6916,24.7967,20.4324,19.9860,19.5535,19.2954,3
2458292.708757,-1.1287,8.2804,20.4324,19.9860,19.5535,19.2954,3
2458292.728297,13.7349,10.5373,20.4324,19.9860,19.5535,19.2954,3
2458292.749147,-12.3719,7.8942,20.4324,19.9860,19.5535,19.2954,3
2458292.766017,-17.1557,25.1433,20.4324,19.9860,19.5535,19.2954,3
2458292.794177,-7.9577,-32.0992,20.4324,19.9860,19.5535,19.2954,3
2458292.821937,1.1827,12.7462,20.4324,19.9860,19.5535,19.2954,3
2458292.839697,10.7624,-30.1118,20.4324,19.9860,19.5535,19.2954,3
2458294.657797,-35.1848,-37.3229,20.4324,19.9860,19.5535,19.2954,3
2458294.795137,-0.1128,0.5583,20.4324,19.9860,19.5535,19.2954,3
2458295.558267,-15.4624,19.7086,20.4324,19.9860,19.5535,19.2954,3
2458295.624057,11.7080,-17.8715,20.4324,19.9860,19.5535,19.2954,3
2458295.643047,8.8141,9.4793,20.4324,19.9860,19.5535,19.2954,3
2458295.659917,2.8303,-25.8209,20.4324,19.9860,19.5535,19.2954,3
2458295.677287,8.9566,31.9893,20.4324,19.9860,19.5535,19.2954,3
2458295.695627,13.7191,7.5890,20.4324,19.9860,19.5535,19.2954,3
2458295.724757,-28.9016,-5.5010,20.4324,19.9860,19.5535,19.2954,3
2458295.741697,6.8119,3.2089,20.4324,19.9860,19.5535,19.2954,3
2458295.778107,27.0027,28.0557,20.4324,19.9860,19.5535,19.2954,3
2458295.802887,-28.4943,44.0439,20.4324,19.9860,19.5535,19.2954,3
2458298.690627,-2.6001,2.9462,20.4324,19.9860,19.5535,19.2954,3
2458298.707907,-1.5785,0.5288,20.4324,19.9860,19.5535,19.2954,3
2458298.724867,-4.0194,0.3736,20.4324,19.9860,19.5535,19.2954,3
2458298.743607,7.9761,26.2787,20.4324,19.9860,19.5535,19.2954,3
2458298.761927,-12.2630,22.3739,20.4324,19.9860,19.5535,19.2954,3
2458299.657837,-22.6085,7.9697,20.4324,19.9860,19.5535,19.2954,3
2458306.747067,4.2668,-23.6204,20.4324,19.9860,19.5535,19.2954,3
2458307.565517,3.1466,-13.1706,20.4324,19.9860,19.5535,19.2954,3
2458307.646517,-4.2901,16.5256,20.4324,19.9860,19.5535,19.2954,3
2458307.691117,-4.4393,24.8546,20.4324,19.9860,19.5535,19.2954,3
2458307.725187,-7.2284,-0.5265,20.4324,19.9860,19.5535,19.2954,3
2458308.479597,-2.8179,-14.5159,20.4324,19.9860,19.5535,19.2954,3
2458308.544967,-24.2971,-4.7989,20.4324,19.9860,19.5535,19.2954,3
2458308.562587,-24.9963,20.1591,20.4324,19.9860,19.5535,19.2954,3
2458308.612027,16.4037,6.1296,20.4324,19.9860,19.5535,19.2954,3
2458308.631157,-41.5418,-32.3438,20.4324,19.9860,19.5535,19.2954,3
2458308.648627,12.4061,16.1878,20.4324,19.9860,19.5535,19.2954,3
2458308.665197,-45.8967,7.5358,20.4324,19.9860,19.5535,19.2954,3
2458308.694487,-8.4260,-14.6422,20.4324,19.9860,19.5535,19.2954,3
2458308.744427,-1.4421,-4.5984,20.4324,19.9860,19.5535,19.2954,3
2458309.485467,16.7250,-26.5628,20.4324,19.9860,19.5535,19.2954,3
2458309.591377,4.3392,16.3607,20.4324,19.9860,19.5535,19.2954,3
2458309.611477,46.0915,36.7708,20.4324,19.9860,19.5535,19.2954,3
2458309.645557,19.8009,14.1225,20.4324,19.9860,19.5535,19.2954,3
2458309.678317,-13.1077,3.3697,20.4324,19.9860,19.5535,19.2954,3
2458309.696557,7.4336,16.1184,20.4324,19.9860,19.5535,19.2954,3
2458309.713407,41.4217,30.0366,20.4324,19.9860,19.5535,19.2954,3
2458309.730197,-1.8342,31.8783,20.4324,19.9860,19.5535,19.2954,3
2458310.602327,24.5123,38.6304,20.4324,19.9860,19.5535,19.2954,3
2458310.638447,-10.8013,-14.3384,20.4324,19.9860,19.5535,19.2954,3
2458310.683297,22.7067,21.5309,20.4324,19.9860,19.5535,19.2954,3
2458310.699907,-5.2764,-13.4925,20.4324,19.9860,19.5535,19.2954,3
2458310.733847,-2.4897,1.2418,20.4324,19.9860,19.5535,19.2954,3
2458311.532037,-1.2354,-3.8718,20.4324,19.9860,19.5535,19.2954,3
2458311.584267,-19.9477,-11.2032,20.4324,19.9860,19.5535,19.2954,3
2458311.601267,26.4704,13.6079,20.4324,19.9860,19.5535,19.2954,3
2458311.629857,35.7688,34.2103,20.4324,19.9860,19.5535,19.2954,3
2458311.674437,9.9688,28.4490,20.4324,19.9860,19.5535,19.2954,3
2458311.708007,-31.4265,-8.6427,20.4324,19.9860,19.5535,19.2954,3
2458311.799257,37.4302,41.0280,20.4324,19.9860,19.5535,19.2954,3
2458312.528637,3.5982,-21.8073,20.4324,19.9860,19.5535,19.2954,3
2458312.567837,27.9662,-9.5392,20.4324,19.9860,19.5535,19.2954,3
2458312.617707,14.7999,21.0782,20.4324,19.9860,19.5535,19.2954,3
2458312.651537,24.8576,19.3691,20.4324,19.9860,19.5535,19.2954,3
2458312.668367,18.5822,1.0716,20.4324,19.9860,19.5535,19.2954,3
2458312.769217,6.4489,19.9014,20.4324,19.9860,19.5535,19.2954,3
2458313.509327,26.0714,2.8811,20.4324,19.9860,19.5535,19.2954,3
2458313.526497,44.3027,15.6669,20.4324,19.9860,19.5535,19.2954,3
2458313.561417,19.1724,5.6708,20.4324,19.9860,19.5535,19.2954,3
2458313.607427,10.2528,23.2168,20.4324,19.9860,19.5535,19.2954,3
2458313.662717,22.3666,11.5641,20.4324,19.9860,19.5535,19.2954,3
2458313.690787,-20.0225,4.4593,20.4324,19.9860,19.5535,19.2954,3
2458313.741827,-8.2002,47.9938,20.4324,19.9860,19.5535,19.2954,3
2458314.571047,7.3071,19.8003,20.4324,19.9860,19.5535,19.2954,3
2458314.587937,7.3576,-0.1692,20.4324,19.9860,19.5535,19.2954,3
2458314.639797,-2.7365,18.6958,20.4324,19.9860,19.5535,19.2954,3
2458314.667437,21.1547,3.6186,20.4324,19.9860,19.5535,19.2954,3
2458314.684517,-5.8292,14.1488,20.4324,19.9860,19.5535,19.2954,3
2458314.701327,5.8131,36.9251,20.4324,19.9860,19.5535,19.2954,3
2458314.767357,-24.1773,3.1952,20.4324,19.9860,19.5535,19.2954,3
2458316.524947,-12.2558,20.0735,20.4324,19.9860,19.5535,19.2954,3
2458316.541807,19.0178,-1.1790,20.4324,19.9860,19.5535,19.2954,3
2458316.630097,-27.2568,26.3629,20.4324,19.9860,19.5535,19.2954,3
2458316.698737,24.0902,34.4169,20.4324,19.9860,19.5535,19.2954,3
2458316.715977,3.8578,0.9642,20.4324,19.9860,19.5535,19.2954,3
2458316.734197,13.9381,21.3309,20.4324,19.9860,19.5535,19.2954,3
2458316.750607,6.7393,12.9938,20.4324,19.9860,19.5535,19.2954,3
2458316.772057,-7.3623,-4.2172,20.4324,19.9860,19.5535,19.2954,3
2458320.628287,8.7884,-2.6033,20.4324,19.9860,19.5535,19.2954,3
2458320.681317,8.0475,-5.4651,20.4324,19.9860,19.5535,19.2954,3
2458320.725897,-36.8847,-38.0959,20.4324,19.9860,19.5535,19.2954,3
2458321.475447,10.8493,-23.7284,20.4324,19.9860,19.5535,19.2954,3
2458322.507307,-13.7516,31.9140,20.4324,19.9860,19.5535,19.2954,3
2458322.524477,-16.9068,16.4565,20.4324,19.9860,19.5535,19.2954,3
2458322.542867,12.8953,2.1066,20.4324,19.9860,19.5535,19.2954,3
2458323.536937,-16.2155,-16.2942,20.4324,19.9860,19.5535,19.2954,3
2458323.585337,17.0296,-15.8657,20.4324,19.9860,19.5535,19.2954,3
2458323.602457,36.1857,7.2364,20.4324,19.9860,19.5535,19.2954,3
2458328.609427,-12.6309,3.3176,20.4324,19.9860,19.5535,19.2954,3
2458329.512097,-31.4009,-29.9347,20.4324,19.9860,19.5535,19.2954,3
2458329.545857,-20.1614,23.5567,20.4324,19.9860,19.5535,19.2954,3
2458329.562177,-0.1949,6.0841,20.4324,19.9860,19.5535,19.2954,3
2458329.590137,33.8356,17.1113,20.4324,19.9860,19.5535,19.2954,3
2458329.606847,41.7504,31.0124,20.4324,19.9860,19.5535,19.2954,3
2458329.624207,-12.2723,11.3042,20.4324,19.9860,19.5535,19.2954,3
2458329.641217,-35.0101,-15.9443,20.4324,19.9860,19.5535,19.2954,3
2458329.691937,-15.2364,6.1633,20.4324,19.9860,19.5535,19.2954,3
2458329.715137,20.6658,26.0962,20.4324,19.9860,19.5535,19.2954,3
2458330.540107,1.4020,15.7939,20.4324,19.9860,19.5535,19.2954,3
2458330.557327,-26.3828,20.2845,20.4324,19.9860,19.5535,19.2954,3
2458330.574757,-13.6388,10.4199,20.4324,19.9860,19.5535,19.2954,3
2458330.591457,-18.5788,13.2246,20.4324,19.9860,19.5535,19.2954,3
2458330.659487,-21.4466,29.6676,20.4324,19.9860,19.5535,19.2954,3
2458331.488257,10.6844,-21.6326,20.4324,19.9860,19.5535,19.2954,3
2458331.505097,7.9204,13.6871,20.4324,19.9860,19.5535,19.2954,3
2458331.566757,31.8840,3.3884,20.4324,19.9860,19.5535,19.2954,3
2458331.583417,13.4479,40.3319,20.4324,19.9860,19.5535,19.2954,3
2458331.600117,-24.2841,-3.3284,20.4324,19.9860,19.5535,19.2954,3
2458331.619567,-13.0671,2.8563,20.4324,19.9860,19.5535,19.2954,3
2458331.665297,6.7330,16.8749,20.4324,19.9860,19.5535,19.2954,3
2458331.682457,9.9894,2.3756,20.4324,19.9860,19.5535,19.2954,3
2458331.716147,49.1613,54.0260,20.4324,19.9860,19.5535,19.2954,3
2458332.490647,-20.1647,53.4786,20.4324,19.9860,19.5535,19.2954,3
2458332.507667,-11.4018,-8.1613,20.4324,19.9860,19.5535,19.2954,3
2458332.524547,9.2739,45.1301,20.4324,19.9860,19.5535,19.2954,3
2458332.542087,10.2804,26.4130,20.4324,19.9860,19.5535,19.2954,3
2458332.587277,3.6749,15.3131,20.4324,19.9860,19.5535,19.2954,3
2458332.604257,21.5221,9.3002,20.4324,19.9860,19.5535,19.2954,3
2458332.638647,26.6812,22.0144,20.4324,19.9860,19.5535,19.2954,3
2458332.655497,7.2321,13.6225,20.4324,19.9860,19.5535,19.2954,3
2458332.701497,32.2282,-24.0337,20.4324,19.9860,19.5535,19.2954,3
2458333.495617,26.3066,-19.4451,20.4324,19.9860,19.5535,19.2954,3
2458333.564177,13.6814,20.2536,20.4324,19.9860,19.5535,19.2954,3
2458334.487777,-7.4015,3.1106,20.4324,19.9860,19.5535,19.2954,3
2458334.503277,22.9898,8.1735,20.4324,19.9860,19.5535,19.2954,3
2458334.520287,-0.1795,13.8427,20.4324,19.9860,19.5535,19.2954,3
2458334.548617,11.1983,36.0843,20.4324,19.9860,19.5535,19.2954,3
2458334.582987,9.5878,-19.4137,20.4324,19.9860,19.5535,19.2954,3
2458334.618767,2.5761,20.2640,20.4324,19.9860,19.5535,19.2954,3
2458334.646367,-4.8916,-17.3240,20.4324,19.9860,19.5535,19.2954,3
2458334.663617,-0.6822,5.1602,20.4324,19.9860,19.5535,19.2954,3
2458335.538637,-14.3869,11.1036,20.4324,19.9860,19.5535,19.2954,3
2458335.573007,17.9484,-10.1814,20.4324,19.9860,19.5535,19.2954,3
2458335.617357,-23.1863,-24.0910,20.4324,19.9860,19.5535,19.2954,3
2458335.634537,7.2847,-9.7876,20.4324,19.9860,19.5535,19.2954,3
2458336.475357,2.0961,11.3019,20.4324,19.9860,19.5535,19.2954,3
2458336.492757,1.7889,14.0752,20.4324,19.9860,19.5535,19.2954,3
2458336.520397,-3.7782,7.4834,20.4324,19.9860,19.5535,19.2954,3
2458336.581707,37.2239,29.1754,20.4324,19.9860,19.5535,19.2954,3
2458336.633527,-41.0106,14.8199,20.4324,19.9860,19.5535,19.2954,3
2458336.678147,1.6169,38.8807,20.4324,19.9860,19.5535,19.2954,3
2458339.473997,41.9225,-15.9894,20.4324,19.9860,19.5535,19.2954,3
2458339.493747,-4.5686,-4.8000,20.4324,19.9860,19.5535,19.2954,3
2458339.516827,0.8874,9.9910,20.4324,19.9860,19.5535,19.2954,3
2458339.550887,-18.4477,48.9151,20.4324,19.9860,19.5535,19.2954,3
2458339.578487,0.5287,-3.9226,20.4324,19.9860,19.5535,19.2954,3
2458339.602127,2.6086,14.0216,20.4324,19.9860,19.5535,19.2954,3
2458339.641687,2.0376,-2.3890,20.4324,19.9860,19.5535,19.2954,3
2458339.658707,-22.7098,-3.4982,20.4324,19.9860,19.5535,19.2954,3
2458340.507537,2.5529,3.4168,20.4324,19.9860,19.5535,19.2954,3
2458340.545487,26.3918,13.9730,20.4324,19.9860,19.5535,19.2954,3
2458340.607297,-0.8664,8.5420,20.4324,19.9860,19.5535,19.2954,3
2458340.624297,22.6515,-27.1661,20.4324,19.9860,19.5535,19.2954,3
2458340.643227,32.9098,-10.2241,20.4324,19.9860,19.5535,19.2954,3
2458341.500827,21.3109,21.6670,20.4324,19.9860,19.5535,19.2954,3
2458341.518267,40.7930,12.8712,20.4324,19.9860,19.5535,19.2954,3
2458341.535297,10.4517,11.1285,20.4324,19.9860,19.5535,19.2954,3
2458341.563557,11.2300,7.5180,20.4324,19.9860,19.5535,19.2954,3
2458342.502597,30.8165,51.0470,20.4324,19.9860,19.5535,19.2954,3
2458342.532957,6.2577,23.7418,20.4324,19.9860,19.5535,19.2954,3
2458342.549837,21.5272,33.7023,20.4324,19.9860,19.5535,19.2954,3
2458342.567017,-16.7676,9.1094,20.4324,19.9860,19.5535,19.2954,3
2458342.589037,9.0274,0.3730,20.4324,19.9860,19.5535,19.2954,3
2458342.606037,-18.5746,-5.5678,20.4324,19.9860,19.5535,19.2954,3
2458342.623107,-6.5169,-7.1857,20.4324,19.9860,19.5535,19.2954,3
2458343.486957,-4.1862,10.4973,20.4324,19.9860,19.5535,19.2954,3
2458343.503637,0.8720,23.2092,20.4324,19.9860,19.5535,19.2954,3
2458343.570457,14.7034,-9.3684,20.4324,19.9860,19.5535,19.2954,3
2458343.587767,12.7247,28.2977,20.4324,19.9860,19.5535,19.2954,3
2458343.632407,-11.8422,6.1847,20.4324,19.9860,19.5535,19.2954,3
2458344.474257,24.7825,0.7236,20.4324,19.9860,19.5535,19.2954,3
2458344.549697,10.2759,11.5103,20.4324,19.9860,19.5535,19.2954,3
2458344.566697,5.5780,24.9155,20.4324,19.9860,19.5535,19.2954,3
2458344.590687,3.0137,15.4080,20.4324,19.9860,19.5535,19.2954,3
2458345.498927,16.4190,15.0323,20.4324,19.9860,19.5535,19.2954,3
2458345.515167,10.0411,16.9409,20.4324,19.9860,19.5535,19.2954,3
2458345.536367,5.2658,32.5173,20.4324,19.9860,19.5535,19.2954,3
2458345.568147,3.9120,30.9843,20.4324,19.9860,19.5535,19.2954,3
2458345.604527,7.4319,13.4551,20.4324,19.9860,19.5535,19.2954,3
2458345.625757,22.9851,-20.8352,20.4324,19.9860,19.5535,19.2954,3
2458345.704827,-10.3969,10.1831,20.4324,19.9860,19.5535,19.2954,3
2458346.466377,33.0656,-3.1148,20.4324,19.9860,19.5535,19.2954,3
2458346.507077,28.2881,34.2775,20.4324,19.9860,19.5535,19.2954,3
2458346.566487,37.1748,25.0583,20.4324,19.9860,19.5535,19.2954,3
2458346.663367,-30.2967,26.6739,20.4324,19.9860,19.5535,19.2954,3
2458347.494497,-4.2931,5.4887,20.4324,19.9860,19.5535,19.2954,3
2458347.522747,-5.7841,15.1349,20.4324,19.9860,19.5535,19.2954,3
2458347.573617,12.4295,-0.3554,20.4324,19.9860,19.5535,19.2954,3
2458347.594137,35.0237,32.0466,20.4324,19.9860,19.5535,19.2954,3
2458349.475987,25.1243,-1.7872,20.4324,19.9860,19.5535,19.2954,3
2458349.492667,6.1845,2.9362,20.4324,19.9860,19.5535,19.2954,3
2458349.509807,-4.3318,-4.3129,20.4324,19.9860,19.5535,19.2954,3
2458349.554697,24.3958,26.9463,20.4324,19.9860,19.5535,19.2954,3
2458349.571817,11.1906,15.4475,20.4324,19.9860,19.5535,19.2954,3
2458349.661877,-16.6568,-8.2379,20.4324,19.9860,19.5535,19.2954,3
2458349.695947,-4.3146,-0.5363,20.4324,19.9860,19.5535,19.2954,3
2458350.475797,4.3978,7.5360,20.4324,19.9860,19.5535,19.2954,3
2458350.493437,-8.7099,6.2144,20.4324,19.9860,19.5535,19.2954,3
2458350.521727,-19.9017,7.8206,20.4324,19.9860,19.5535,19.2954,3
2458350.538897,-18.6651,8.9563,20.4324,19.9860,19.5535,19.2954,3
2458350.573717,-17.2518,35.5516,20.4324,19.9860,19.5535,19.2954,3
2458350.590547,-22.1222,14.6890,20.4324,19.9860,19.5535,19.2954,3
2458350.608677,-3.9339,36.9474,20.4324,19.9860,19.5535,19.2954,3
2458350.636927,-13.0612,10.5256,20.4324,19.9860,19.5535,19.2954,3
2458350.653707,9.6282,35.7007,20.4324,19.9860,19.5535,19.2954,3
2458350.670567,33.6492,10.1047,20.4324,19.9860,19.5535,19.2954,3
2458350.687287,-19.6320,-16.1922,20.4324,19.9860,19.5535,19.2954,3
2458352.482577,14.9553,8.3618,20.4324,19.9860,19.5535,19.2954,3
2458352.517447,-25.1758,11.4557,20.4324,19.9860,19.5535,19.2954,3
2458352.537017,-3.0975,23.5954,20.4324,19.9860,19.5535,19.2954,3
2458352.554207,3.3112,-11.5680,20.4324,19.9860,19.5535,19.2954,3
2458355.471057,-3.7392,35.8003,20.4324,19.9860,19.5535,19.2954,3
2458355.498427,1.3658,7.0025,20.4324,19.9860,19.5535,19.2954,3
2458355.567997,16.5274,42.9550,20.4324,19.9860,19.5535,19.2954,3
2458355.585337,31.1278,28.1428,20.4324,19.9860,19.5535,19.2954,3
2458355.614557,30.8599,21.2353,20.4324,19.9860,19.5535,19.2954,3
2458355.631607,-15.7457,13.9151,20.4324,19.9860,19.5535,19.2954,3
2458355.648407,26.9224,-22.1467,20.4324,19.9860,19.5535,19.2954,3
2458356.541207,-2.4935,23.5468,20.4324,19.9860,19.5535,19.2954,3
2458356.575707,9.9891,26.4105,20.4324,19.9860,19.5535,19.2954,3
2458356.620227,-27.4618,16.9383,20.4324,19.9860,19.5535,19.2954,3
2458356.668067,14.2199,13.8883,20.4324,19.9860,19.5535,19.2954,3
2458357.506507,17.2462,27.8437,20.4324,19.9860,19.5535,19.2954,3
2458357.534247,1.3853,-12.7569,20.4324,19.9860,19.5535,19.2954,3
2458357.555667,10.0996,11.8252,20.4324,19.9860,19.5535,19.2954,3
2458357.573147,11.3208,-1.0523,20.4324,19.9860,19.5535,19.2954,3
2458357.590257,2.2074,3.0036,20.4324,19.9860,19.5535,19.2954,3
2458357.609137,25.0232,9.4284,20.4324,19.9860,19.5535,19.2954,3
2458358.472117,9.0044,21.8099,20.4324,19.9860,19.5535,19.2954,3
2458358.492637,-9.9100,10.0314,20.4324,19.9860,19.5535,19.2954,3
2458358.511417,-17.8288,-17.3701,20.4324,19.9860,19.5535,19.2954,3
2458358.538927,-13.3954,12.4844,20.4324,19.9860,19.5535,19.2954,3
2458358.555977,23.0668,12.8647,20.4324,19.9860,19.5535,19.2954,3
2458358.573797,-11.7995,-3.8588,20.4324,19.9860,19.5535,19.2954,3
2458358.590847,8.1486,6.7584,20.4324,19.9860,19.5535,19.2954,3
2458358.607837,18.3488,7.1757,20.4324,19.9860,19.5535,19.2954,3
2458358.638407,-12.7604,1.7177,20.4324,19.9860,19.5535,19.2954,3
2458358.655527,-10.6680,1.2596,20.4324,19.9860,19.5535,19.2954,3
2458359.503207,0.5280,15.5652,20.4324,19.9860,19.5535,19.2954,3
2458359.575587,-10.7011,4.3780,20.4324,19.9860,19.5535,19.2954,3
2458359.592707,-3.4222,-0.2857,20.4324,19.9860,19.5535,19.2954,3
2458359.609907,-8.1128,15.1921,20.4324,19.9860,19.5535,19.2954,3
2458359.627207,27.3773,13.7154,20.4324,19.9860,19.5535,19.2954,3
2458360.472247,8.0908,12.6014,20.4324,19.9860,19.5535,19.2954,3
2458360.541007,-15.4710,-11.7738,20.4324,19.9860,19.5535,19.2954,3
2458360.577547,36.0025,1.5708,20.4324,19.9860,19.5535,19.2954,3
2458360.596507,-10.0789,12.2063,20.4324,19.9860,19.5535,19.2954,3
2458360.614507,2.1049,18.8554,20.4324,19.9860,19.5535,19.2954,3
2458360.631067,13.8075,12.3501,20.4324,19.9860,19.5535,19.2954,3
2458360.648477,-18.9347,8.5448,20.4324,19.9860,19.5535,19.2954,3
2458363.530647,8.0944,10.2654,20.4324,19.9860,19.5535,19.2954,3
2458363.567097,26.4253,18.6489,20.4324,19.9860,19.5535,19.2954,3
2458363.611507,19.3449,11.2857,20.4324,19.9860,19.5535,19.2954,3
2458364.518857,-23.7744,16.3956,20.4324,19.9860,19.5535,19.2954,3
2458364.535857,14.0988,16.8973,20.4324,19.9860,19.5535,19.2954,3
2458365.575737,18.0905,10.5046,20.4324,19.9860,19.5535,19.2954,3
2458366.482077,-16.3008,-7.9464,20.4324,19.9860,19.5535,19.2954,3
2458366.499277,-31.5918,6.3463,20.4324,19.9860,19.5535,19.2954,3
2458366.526177,39.1569,52.6488,20.4324,19.9860,19.5535,19.2954,3
2458366.587567,27.6460,42.7494,20.4324,19.9860,19.5535,19.2954,3
2458366.604787,-15.6175,55.7781,20.4324,19.9860,19.5535,19.2954,3
2458367.498077,-15.1887,8.5457,20.4324,19.9860,19.5535,19.2954,3
2458367.566257,-11.9934,30.9129,20.4324,19.9860,19.5535,19.2954,3
2458367.583357,-2.2419,21.6003,20.4324,19.9860,19.5535,19.2954,3
2458368.502537,-4.9290,21.9903,20.4324,19.9860,19.5535,19.2954,3
2458368.518937,-1.3987,22.0162,20.4324,19.9860,19.5535,19.2954,3
2458368.547487,3.7087,8.9130,20.4324,19.9860,19.5535,19.2954,3
2458368.575267,-53.5200,-36.5429,20.4324,19.9860,19.5535,19.2954,3
2458369.489557,30.5508,19.9676,20.4324,19.9860,19.5535,19.2954,3
2458369.533827,1.3473,-1.5380,20.4324,19.9860,19.5535,19.2954,3
2458369.567937,-0.9814,4.7008,20.4324,19.9860,19.5535,19.2954,3
2458369.584977,11.0207,-27.4387,20.4324,19.9860,19.5535,19.2954,3
2458370.489537,-0.5939,7.3958,20.4324,19.9860,19.5535,19.2954,3
2458370.540557,-18.1198,-18.7036,20.4324,19.9860,19.5535,19.2954,3
2458370.558097,17.6858,-22.8363,20.4324,19.9860,19.5535,19.2954,3
2458371.483737,18.1152,2.2371,20.4324,19.9860,19.5535,19.2954,3
2458371.500537,23.6366,37.7180,20.4324,19.9860,19.5535,19.2954,3
2458371.548257,-8.2299,-10.0700,20.4324,19.9860,19.5535,19.2954,3
2458371.584577,-28.8773,-3.1777,20.4324,19.9860,19.5535,19.2954,3
2458372.545167,1.8571,-6.9148,20.4324,19.9860,19.5535,19.2954,3
2458372.573277,-11.2575,28.2631,20.4324,19.9860,19.5535,19.2954,3
2458373.619257,-44.8623,-31.0902,20.4324,19.9860,19.5535,19.2954,3
2458375.489877,29.7963,13.7373,20.4324,19.9860,19.5535,19.2954,3
2458375.506987,-9.1546,-13.2320,20.4324,19.9860,19.5535,19.2954,3
2458375.551977,-6.4169,34.5549,20.4324,19.9860,19.5535,19.2954,3
2458375.569237,33.1275,25.9542,20.4324,19.9860,19.5535,19.2954,3
2458375.586117,5.3912,29.1617,20.4324,19.9860,19.5535,19.2954,3
2458376.557627,-12.2357,-17.0775,20.4324,19.9860,19.5535,19.2954,3
2458376.574647,-46.2497,28.3447,20.4324,19.9860,19.5535,19.2954,3
2458377.481277,11.6137,46.2819,20.4324,19.9860,19.5535,19.2954,3
2458377.576987,35.9710,29.5475,20.4324,19.9860,19.5535,19.2954,3
2458377.593927,-29.4895,-0.5516,20.4324,19.9860,19.5535,19.2954,3
2458378.508387,-13.5100,16.5039,20.4324,19.9860,19.5535,19.2954,3
2458378.525787,0.0972,11.4595,20.4324,19.9860,19.5535,19.2954,3
2458378.581127,-8.3870,28.9795,20.4324,19.9860,19.5535,19.2954,3
2458380.609487,-11.4380,-28.5289,20.4324,19.9860,19.5535,19.2954,3
2458382.489417,7.2916,10.8906,20.4324,19.9860,19.5535,19.2954,3
2458382.507277,10.4193,24.8562,20.4324,19.9860,19.5535,19.2954,3
2458382.524477,-9.6061,-5.7394,20.4324,19.9860,19.5535,19.2954,3
2458382.541527,-23.5053,11.0216,20.4324,19.9860,19.5535,19.2954,3
2458382.608427,-49.0187,-46.2260,20.4324,19.9860,19.5535,19.2954,3
2458383.477697,-22.7853,26.4114,20.4324,19.9860,19.5535,19.2954,3
2458383.496297,14.9296,-7.2162,20.4324,19.9860,19.5535,19.2954,3
2458383.513537,-9.8674,10.3849,20.4324,19.9860,19.5535,19.2954,3
2458383.541267,31.4151,36.4611,20.4324,19.9860,19.5535,19.2954,3
2458383.581587,-28.9069,-39.6759,20.4324,19.9860,19.5535,19.2954,3
2458384.511157,-29.2532,8.5892,20.4324,19.9860,19.5535,19.2954,3
2458384.539087,4.6599,50.7173,20.4324,19.9860,19.5535,19.2954,3
2458384.557857,23.2224,7.2026,20.4324,19.9860,19.5535,19.2954,3
2458384.574997,18.0914,-6.4923,20.4324,19.9860,19.5535,19.2954,3
2458385.523707,-19.6427,35.0545,20.4324,19.9860,19.5535,19.2954,3
2458385.575967,11.0058,1.1960,20.4324,19.9860,19.5535,19.2954,3
2458385.592897,-34.2669,-6.1368,20.4324,19.9860,19.5535,19.2954,3
2458386.499677,-10.0102,21.8610,20.4324,19.9860,19.5535,19.2954,3
2458386.516847,7.4091,44.3670,20.4324,19.9860,19.5535,19.2954,3
2458386.534207,3.5201,15.8271,20.4324,19.9860,19.5535,19.2954,3
2458386.575937,-43.7713,20.1074,20.4324,19.9860,19.5535,19.2954,3
2458387.490977,0.3993,-0.2009,20.4324,19.9860,19.5535,19.2954,3
2458390.514577,0.2174,18.3791,20.4324,19.9860,19.5535,19.2954,3
2458390.550717,-38.3927,-25.3482,20.4324,19.9860,19.5535,19.2954,3
2458390.567687,14.7300,0.6583,20.4324,19.9860,19.5535,19.2954,3
2458393.516017,-7.8513,42.2343,20.4324,19.9860,19.5535,19.2954,3
2458393.566717,-10.9622,-12.8278,20.4324,19.9860,19.5535,19.2954,3
2458394.483377,-19.1327,3.2945,20.4324,19.9860,19.5535,19.2954,3
2458394.501547,-2.3676,-24.9459,20.4324,19.9860,19.5535,19.2954,3
2458394.518947,-2.8068,5.5402,20.4324,19.9860,19.5535,19.2954,3
2458394.536277,19.5979,20.4621,20.4324,19.9860,19.5535,19.2954,3
2458394.566427,-31.9516,-14.7181,20.4324,19.9860,19.5535,19.2954,3
2458397.490507,-34.7513,-1.6180,20.4324,19.9860,19.5535,19.2954,3
2458398.552287,-63.9742,-28.6620,20.4324,19.9860,19.5535,19.2954,3
2458407.489307,22.4969,4.9451,20.4324,19.9860,19.5535,19.2954,3
2458408.507197,20.2153,-50.1689,20.4324,19.9860,19.5535,19.2954,3
2458412.515517,-131.8871,-73.0015,20.4324,19.9860,19.5535,19.2954,3
2458533.872867,23.5026,10.0668,20.4324,19.9860,26.0395,25.0618,4
2458533.889787,10.5117,-10.5250,20.4324,19.9860,26.0395,25.0618,4
2458534.871137,13.9233,-19.1604,20.4324,19.9860,26.0395,25.0618,4
2458534.887667,-5.3361,-3.6777,20.4324,19.9860,26.0395,25.0618,4
2458536.862957,-17.3967,33.9766,20.4324,19.9860,26.0395,25.0618,4
2458536.879497,-13.4551,-12.0510,20.4324,19.9860,26.0395,25.0618,4
2458536.896637,7.7557,19.3667,20.4324,19.9860,26.0395,25.0618,4
2458537.851727,-15.6361,23.3401,20.4324,19.9860,26.0395,25.0618,4
2458537.868707,-6.4223,-39.8043,20.4324,19.9860,26.0395,25.0618,4
2458537.902667,-7.7286,24.5116,20.4324,19.9860,26.0395,25.0618,4
2458539.859617,-4.0267,-28.8764,20.4324,19.9860,26.0395,25.0618,4
2458540.896897,19.9449,28.7733,20.4324,19.9860,26.0395,25.0618,4
2458541.852057,4.6480,-9.4363,20.4324,19.9860,26.0395,25.0618,4
2458541.884157,23.6482,4.7052,20.4324,19.9860,26.0395,25.0618,4
2458541.901047,12.9505,17.0149,20.4324,19.9860,26.0395,25.0618,4
2458542.839127,21.1827,17.0127,20.4324,19.9860,26.0395,25.0618,4
2458542.873107,15.1906,3.6263,20.4324,19.9860,26.0395,25.0618,4
2458542.900977,-10.3173,16.4577,20.4324,19.9860,26.0395,25.0618,4
2458543.839977,8.2890,-16.8412,20.4324,19.9860,26.0395,25.0618,4
2458543.856717,13.0615,0.5599,20.4324,19.9860,26.0395,25.0618,4
2458543.873167,2.9558,0.6848,20.4324,19.9860,26.0395,25.0618,4
2458543.890397,20.3173,6.4911,20.4324,19.9860,26.0395,25.0618,4
2458544.853447,11.8420,5.9550,20.4324,19.9860,26.0395,25.0618,4
2458544.872077,44.2668,-2.9051,20.4324,19.9860,26.0395,25.0618,4
2458544.888227,-6.1855,34.3721,20.4324,19.9860,26.0395,25.0618,4
2458544.904757,27.3150,-10.0008,20.4324,19.9860,26.0395,25.0618,4
2458546.858587,2.3012,-17.6898,20.4324,19.9860,26.0395,25.0618,4
2458547.868837,32.9563,18.6483,20.4324,19.9860,26.0395,25.0618,4
2458547.873057,42.4448,-33.7279,20.4324,19.9860,26.0395,25.0618,4
2458548.873037,37.3504,2.9495,20.4324,19.9860,26.0395,25.0618,4
2458548.889337,17.3373,-7.7784,20.4324,19.9860,26.0395,25.0618,4
2458549.873557,-21.8483,-3.7493,20.4324,19.9860,26.0395,25.0618,4
2458549.906747,-18.8260,28.0774,20.4324,19.9860,26.0395,25.0618,4
2458550.875817,14.0588,-26.8612,20.4324,19.9860,26.0395,25.0618,4
2458550.913337,-11.4644,1.1024,20.4324,19.9860,26.0395,25.0618,4
2458551.876367,1.7957,-4.7191,20.4324,19.9860,26.0395,25.0618,4
2458552.882727,-18.3116,27.2615,20.4324,19.9860,26.0395,25.0618,4
2458553.875477,-19.3110,-28.4816,20.4324,19.9860,26.0395,25.0618,4
2458554.854757,30.5909,-18.9669,20.4324,19.9860,26.0395,25.0618,4
2458555.847247,4.1255,9.1610,20.4324,19.9860,26.0395,25.0618,4
2458555.891937,31.1684,-4.1314,20.4324,19.9860,26.0395,25.0618,4
2458556.802677,14.6362,-9.4403,20.4324,19.9860,26.0395,25.0618,4
2458556.819727,-12.2173,-4.3790,20.4324,19.9860,26.0395,25.0618,4
2458556.869617,15.1486,16.6022,20.4324,19.9860,26.0395,25.0618,4
2458556.908997,-14.9410,7.0341,20.4324,19.9860,26.0395,25.0618,4
2458557.829067,36.1241,21.3938,20.4324,19.9860,26.0395,25.0618,4
2458557.845617,16.2966,5.2243,20.4324,19.9860,26.0395,25.0618,4
2458557.895007,-1.5520,14.2995,20.4324,19.9860,26.0395,25.0618,4
2458557.911777,2.6853,5.8925,20.4324,19.9860,26.0395,25.0618,4
2458558.802447,-32.1427,35.4008,20.4324,19.9860,26.0395,25.0618,4
2458559.820397,-45.3418,-34.2333,20.4324,19.9860,26.0395,25.0618,4
2458559.837367,5.5813,1.0524,20.4324,19.9860,26.0395,25.0618,4
2458559.854197,46.4707,-3.5117,20.4324,19.9860,26.0395,25.0618,4
2458559.887867,16.6083,-7.4698,20.4324,19.9860,26.0395,25.0618,4
2458559.914497,21.4146,-15.9087,20.4324,19.9860,26.0395,25.0618,4
2458560.823877,-2.5120,39.7802,20.4324,19.9860,26.0395,25.0618,4
2458560.840627,3.6730,-38.1659,20.4324,19.9860,26.0395,25.0618,4
2458560.884397,15.9898,19.0067,20.4324,19.9860,26.0395,25.0618,4
2458560.900917,23.1920,3.2138,20.4324,19.9860,26.0395,25.0618,4
2458561.813817,-47.8819,-24.1289,20.4324,19.9860,26.0395,25.0618,4
2458561.847757,-1.0176,-24.1978,20.4324,19.9860,26.0395,25.0618,4
2458561.882677,-13.9678,-11.7156,20.4324,19.9860,26.0395,25.0618,4
2458562.830347,-16.8046,-6.1339,20.4324,19.9860,26.0395,25.0618,4
2458562.875167,8.0959,-3.2088,20.4324,19.9860,26.0395,25.0618,4
2458562.891837,-8.0147,-2.6564,20.4324,19.9860,26.0395,25.0618,4
2458562.908427,-6.2158,18.3337,20.4324,19.9860,26.0395,25.0618,4
2458563.824107,-33.5070,21.2652,20.4324,19.9860,26.0395,25.0618,4
2458563.841117,-7.6950,13.2202,20.4324,19.9860,26.0395,25.0618,4
2458563.873637,38.4290,-39.7570,20.4324,19.9860,26.0395,25.0618,4
2458563.918267,-21.0680,-20.9870,20.4324,19.9860,26.0395,25.0618,4
2458564.807867,29.6976,37.1792,20.4324,19.9860,26.0395,25.0618,4
2458564.852237,-4.8747,-26.9012,20.4324,19.9860,26.0395,25.0618,4
2458564.870387,-19.4173,-5.2816,20.4324,19.9860,26.0395,25.0618,4
2458564.904627,4.4477,26.3365,20.4324,19.9860,26.0395,25.0618,4
2458565.800637,1.3980,-22.2440,20.4324,19.9860,26.0395,25.0618,4
2458565.819077,-11.0450,-6.6693,20.4324,19.9860,26.0395,25.0618,4
2458565.852367,1.8991,22.0407,20.4324,19.9860,26.0395,25.0618,4
2458565.872927,23.1883,9.4163,20.4324,19.9860,26.0395,25.0618,4
2458565.903507,-1.3271,22.6226,20.4324,19.9860,26.0395,25.0618,4
2458566.786177,28.7246,-50.1703,20.4324,19.9860,26.0395,25.0618,4
2458566.830767,1.3618,-28.0121,20.4324,19.9860,26.0395,25.0618,4
2458566.866677,-9.7499,3.4729,20.4324,19.9860,26.0395,25.0618,4
2458566.883337,4.4356,-1.2859,20.4324,19.9860,26.0395,25.0618,4
2458566.900097,-15.2410,8.5757,20.4324,19.9860,26.0395,25.0618,4
2458567.802917,14.6872,-20.7931,20.4324,19.9860,26.0395,25.0618,4
2458567.819807,4.1284,5.6188,20.4324,19.9860,26.0395,25.0618,4
2458568.810057,-27.1577,1.2203,20.4324,19.9860,26.0395,25.0618,4
2458568.848087,14.3198,-6.2242,20.4324,19.9860,26.0395,25.0618,4
2458568.864627,-26.8679,-21.4165,20.4324,19.9860,26.0395,25.0618,4
2458568.881477,-5.3647,22.2472,20.4324,19.9860,26.0395,25.0618,4
2458568.912677,-20.9895,25.8566,20.4324,19.9860,26.0395,25.0618,4
2458569.864017,-5.5976,16.4418,20.4324,19.9860,26.0395,25.0618,4
2458570.782077,0.1077,-16.6482,20.4324,19.9860,26.0395,25.0618,4
2458570.881567,-26.1584,7.9726,20.4324,19.9860,26.0395,25.0618,4
2458571.770757,14.1831,-23.5673,20.4324,19.9860,26.0395,25.0618,4
2458571.900817,11.3763,17.7697,20.4324,19.9860,26.0395,25.0618,4
2458571.917637,24.4480,7.0527,20.4324,19.9860,26.0395,25.0618,4
2458574.824077,10.6023,8.3187,20.4324,19.9860,26.0395,25.0618,4
2458574.840827,33.2569,-20.5519,20.4324,19.9860,26.0395,25.0618,4
2458574.892927,20.6256,18.8425,20.4324,19.9860,26.0395,25.0618,4
2458574.909637,-12.9741,14.4639,20.4324,19.9860,26.0395,25.0618,4
2458575.826037,-43.4209,-29.9950,20.4324,19.9860,26.0395,25.0618,4
2458575.893287,-21.8663,-14.6294,20.4324,19.9860,26.0395,25.0618,4
2458576.804027,16.8209,-35.4794,20.4324,19.9860,26.0395,25.0618,4
2458576.820377,0.6544,-32.9765,20.4324,19.9860,26.0395,25.0618,4
2458576.837527,36.4814,-15.4139,20.4324,19.9860,26.0395,25.0618,4
2458576.899367,10.5409,7.8912,20.4324,19.9860,26.0395,25.0618,4
2458578.828367,-12.4592,-15.6209,20.4324,19.9860,26.0395,25.0618,4
2458578.845007,24.8281,-18.9432,20.4324,19.9860,26.0395,25.0618,4
2458578.861667,22.9878,12.5749,20.4324,19.9860,26.0395,25.0618,4
2458578.878247,-19.2237,22.2466,20.4324,19.9860,26.0395,25.0618,4
2458579.788417,1.2740,-18.0385,20.4324,19.9860,26.0395,25.0618,4
2458579.815267,-20.2897,-1.7941,20.4324,19.9860,26.0395,25.0618,4
2458579.865177,-1.2016,6.0009,20.4324,19.9860,26.0395,25.0618,4
2458579.881967,-13.0767,9.9721,20.4324,19.9860,26.0395,25.0618,4
2458579.908957,18.7605,-5.2943,20.4324,19.9860,26.0395,25.0618,4
2458580.809717,23.8775,35.4821,20.4324,19.9860,26.0395,25.0618,4
2458580.826387,8.0764,1.2346,20.4324,19.9860,26.0395,25.0618,4
2458580.843477,15.4591,20.0225,20.4324,19.9860,26.0395,25.0618,4
2458580.887627,3.5058,8.9106,20.4324,19.9860,26.0395,25.0618,4
2458580.915117,4.9562,3.6781,20.4324,19.9860,26.0395,25.0618,4
2458581.795017,8.9249,10.9867,20.4324,19.9860,26.0395,25.0618,4
2458581.841417,31.6511,7.9389,20.4324,19.9860,26.0395,25.0618,4
2458581.858077,-5.5497,14.0061,20.4324,19.9860,26.0395,25.0618,4
2458581.874997,-0.4488,-2.7471,20.4324,19.9860,26.0395,25.0618,4
2458581.891957,15.6938,0.8625,20.4324,19.9860,26.0395,25.0618,4
2458581.918837,8.3313,14.1524,20.4324,19.9860,26.0395,25.0618,4
2458582.762067,34.0637,16.7641,20.4324,19.9860,26.0395,25.0618,4
2458582.779267,-7.3690,-20.5911,20.4324,19.9860,26.0395,25.0618,4
2458582.796157,5.7239,-19.4388,20.4324,19.9860,26.0395,25.0618,4
2458582.830637,10.8899,-12.2886,20.4324,19.9860,26.0395,25.0618,4
2458582.861307,20.8056,39.0420,20.4324,19.9860,26.0395,25.0618,4
2458582.878207,11.5732,7.3553,20.4324,19.9860,26.0395,25.0618,4
2458582.894757,9.6704,9.0191,20.4324,19.9860,26.0395,25.0618,4
2458583.768547,15.5730,-12.3110,20.4324,19.9860,26.0395,25.0618,4
2458583.785037,26.5262,-12.5583,20.4324,19.9860,26.0395,25.0618,4
2458583.802037,-5.7108,-30.8376,20.4324,19.9860,26.0395,25.0618,4
2458583.818407,-26.1779,-8.3222,20.4324,19.9860,26.0395,25.0618,4
2458583.834937,10.1193,0.1002,20.4324,19.9860,26.0395,25.0618,4
2458583.912617,20.4557,25.4783,20.4324,19.9860,26.0395,25.0618,4
2458584.778407,-2.6578,7.0289,20.4324,19.9860,26.0395,25.0618,4
2458584.860097,9.6807,24.2099,20.4324,19.9860,26.0395,25.0618,4
2458584.877097,-2.1973,8.6285,20.4324,19.9860,26.0395,25.0618,4
2458584.893807,16.6638,44.3978,20.4324,19.9860,26.0395,25.0618,4
2458585.839837,1.4814,12.6517,20.4324,19.9860,26.0395,25.0618,4
2458585.899297,9.2913,18.4698,20.4324,19.9860,26.0395,25.0618,4
2458585.915867,8.6429,7.1112,20.4324,19.9860,26.0395,25.0618,4
2458586.742887,-13.9497,-28.0164,20.4324,19.9860,26.0395,25.0618,4
2458586.821947,-0.5699,9.1540,20.4324,19.9860,26.0395,25.0618,4
2458586.855437,-10.0319,-2.8072,20.4324,19.9860,26.0395,25.0618,4
2458586.875677,6.8342,26.4361,20.4324,19.9860,26.0395,25.0618,4
2458586.892477,35.7805,29.3696,20.4324,19.9860,26.0395,25.0618,4
2458586.909147,16.3838,6.5263,20.4324,19.9860,26.0395,25.0618,4
2458587.876247,14.4488,2.7572,20.4324,19.9860,26.0395,25.0618,4
2458587.922377,22.8929,17.5608,20.4324,19.9860,26.0395,25.0618,4
2458588.752597,-10.9765,-16.4384,20.4324,19.9860,26.0395,25.0618,4
2458588.798167,7.8803,-12.4457,20.4324,19.9860,26.0395,25.0618,4
2458588.832357,-26.9784,7.0396,20.4324,19.9860,26.0395,25.0618,4
2458588.848997,-6.0636,15.3719,20.4324,19.9860,26.0395,25.0618,4
2458588.913527,8.3743,32.3726,20.4324,19.9860,26.0395,25.0618,4
2458588.930447,3.8850,20.7980,20.4324,19.9860,26.0395,25.0618,4
2458589.781657,-13.0128,49.8383,20.4324,19.9860,26.0395,25.0618,4
2458589.802037,4.6223,-11.2636,20.4324,19.9860,26.0395,25.0618,4
2458589.818797,30.8684,17.9002,20.4324,19.9860,26.0395,25.0618,4
2458589.835617,0.9739,-5.0213,20.4324,19.9860,26.0395,25.0618,4
2458589.863257,39.5962,3.0235,20.4324,19.9860,26.0395,25.0618,4
2458589.896777,13.3319,35.3641,20.4324,19.9860,26.0395,25.0618,4
2458590.770527,-7.7688,-23.8818,20.4324,19.9860,26.0395,25.0618,4
2458590.787357,1.4392,16.6537,20.4324,19.9860,26.0395,25.0618,4
2458590.803787,-19.7911,-17.0978,20.4324,19.9860,26.0395,25.0618,4
2458590.848397,-14.2034,27.0607,20.4324,19.9860,26.0395,25.0618,4
2458590.865077,13.0249,-3.9338,20.4324,19.9860,26.0395,25.0618,4
2458590.881627,7.1972,23.8227,20.4324,19.9860,26.0395,25.0618,4
2458590.914767,-2.8797,8.9577,20.4324,19.9860,26.0395,25.0618,4
2458591.760077,-6.0869,1.6923,20.4324,19.9860,26.0395,25.0618,4
2458591.776627,21.2413,16.9680,20.4324,19.9860,26.0395,25.0618,4
2458591.823397,15.1017,3.4474,20.4324,19.9860,26.0395,25.0618,4
2458591.840727,21.4825,28.8753,20.4324,19.9860,26.0395,25.0618,4
2458591.844687,7.4348,15.9964,20.4324,19.9860,26.0395,25.0618,4
2458591.861067,-1.7628,9.3993,20.4324,19.9860,26.0395,25.0618,4
2458591.894977,4.3452,27.0854,20.4324,19.9860,26.0395,25.0618,4
2458591.917467,13.7993,24.4106,20.4324,19.9860,26.0395,25.0618,4
2458593.788047,8.5729,43.3321,20.4324,19.9860,26.0395,25.0618,4
2458593.804737,2.0376,-38.9148,20.4324,19.9860,26.0395,25.0618,4
2458593.860447,-3.0187,2.8177,20.4324,19.9860,26.0395,25.0618,4
2458593.876937,26.9808,-18.1068,20.4324,19.9860,26.0395,25.0618,4
2458593.910667,-0.7874,-8.7584,20.4324,19.9860,26.0395,25.0618,4
2458593.927427,3.6068,0.1063,20.4324,19.9860,26.0395,25.0618,4
2458594.719527,-12.3239,-25.2476,20.4324,19.9860,26.0395,25.0618,4
2458594.752887,11.0737,17.6920,20.4324,19.9860,26.0395,25.0618,4
2458594.786627,19.4171,-9.2733,20.4324,19.9860,26.0395,25.0618,4
2458594.817077,-13.3251,26.1224,20.4324,19.9860,26.0395,25.0618,4
2458594.841977,-6.4114,26.3429,20.4324,19.9860,26.0395,25.0618,4
2458594.862277,8.3140,-5.7269,20.4324,19.9860,26.0395,25.0618,4
2458594.878977,-15.0300,33.3596,20.4324,19.9860,26.0395,25.0618,4
2458594.901387,14.4864,27.7042,20.4324,19.9860,26.0395,25.0618,4
2458594.928407,32.3366,-10.5772,20.4324,19.9860,26.0395,25.0618,4
2458595.783037,13.9491,35.5469,20.4324,19.9860,26.0395,25.0618,4
2458595.799977,-4.6901,38.5280,20.4324,19.9860,26.0395,25.0618,4
2458595.816497,-3.8871,6.0813,20.4324,19.9860,26.0395,25.0618,4
2458595.833807,12.3287,24.0185,20.4324,19.9860,26.0395,25.0618,4
2458599.703017,14.8815,8.4213,20.4324,19.9860,26.0395,25.0618,4
2458599.719527,-12.8267,10.2427,20.4324,19.9860,26.0395,25.0618,4
2458599.752907,6.6146,2.4213,20.4324,19.9860,26.0395,25.0618,4
2458599.780817,-4.2753,19.7870,20.4324,19.9860,26.0395,25.0618,4
2458599.797457,11.8711,-8.0327,20.4324,19.9860,26.0395,25.0618,4
2458599.814487,27.3259,-22.8350,20.4324,19.9860,26.0395,25.0618,4
2458599.832487,-0.7461,5.4759,20.4324,19.9860,26.0395,25.0618,4
2458599.898917,11.5879,-5.8833,20.4324,19.9860,26.0395,25.0618,4
2458599.915497,14.3270,-6.4864,20.4324,19.9860,26.0395,25.0618,4
2458599.916997,1.2091,-36.4123,20.4324,19.9860,26.0395,25.0618,4
2458600.679197,-7.8866,37.7483,20.4324,19.9860,26.0395,25.0618,4
2458600.695997,-10.4140,31.6933,20.4324,19.9860,26.0395,25.0618,4
2458600.769817,-15.6987,0.0944,20.4324,19.9860,26.0395,25.0618,4
2458600.786727,19.8043,4.9235,20.4324,19.9860,26.0395,25.0618,4
2458600.803727,-17.8526,21.5873,20.4324,19.9860,26.0395,25.0618,4
2458600.833067,-0.6451,3.8004,20.4324,19.9860,26.0395,25.0618,4
2458600.880827,-17.1860,12.0756,20.4324,19.9860,26.0395,25.0618,4
2458600.897357,10.3008,11.7919,20.4324,19.9860,26.0395,25.0618,4
2458600.914667,6.8064,42.5696,20.4324,19.9860,26.0395,25.0618,4
2458600.931777,4.9962,10.9577,20.4324,19.9860,26.0395,25.0618,4
2458601.687537,3.7029,-23.1700,20.4324,19.9860,26.0395,25.0618,4
2458601.738097,5.8911,23.4604,20.4324,19.9860,26.0395,25.0618,4
2458601.754967,11.3980,2.6918,20.4324,19.9860,26.0395,25.0618,4
2458601.798807,4.6046,0.3602,20.4324,19.9860,26.0395,25.0618,4
2458601.815097,16.5442,16.7631,20.4324,19.9860,26.0395,25.0618,4
2458601.831287,12.6130,5.5954,20.4324,19.9860,26.0395,25.0618,4
2458601.847667,34.7675,29.0218,20.4324,19.9860,26.0395,25.0618,4
2458601.864387,-5.6030,39.5841,20.4324,19.9860,26.0395,25.0618,4
2458602.731387,-3.2688,-38.7987,20.4324,19.9860,26.0395,25.0618,4
2458602.748237,-23.5128,-22.6347,20.4324,19.9860,26.0395,25.0618,4
2458602.781057,5.3930,-4.2138,20.4324,19.9860,26.0395,25.0618,4
2458602.798057,25.0847,42.4240,20.4324,19.9860,26.0395,25.0618,4
2458602.825887,26.7711,-0.4900,20.4324,19.9860,26.0395,25.0618,4
2458602.843517,2.5320,16.4689,20.4324,19.9860,26.0395,25.0618,4
2458602.860137,25.9742,1.8336,20.4324,19.9860,26.0395,25.0618,4
2458602.877047,6.2182,27.2223,20.4324,19.9860,26.0395,25.0618,4
2458603.675027,-23.0254,13.6052,20.4324,19.9860,26.0395,25.0618,4
2458603.692137,-26.1856,-12.7918,20.4324,19.9860,26.0395,25.0618,4
2458603.753847,-8.4062,8.8002,20.4324,19.9860,26.0395,25.0618,4
2458603.770627,-13.6395,-16.6589,20.4324,19.9860,26.0395,25.0618,4
2458603.790227,10.6062,9.8256,20.4324,19.9860,26.0395,25.0618,4
2458603.823457,4.4379,5.1118,20.4324,19.9860,26.0395,25.0618,4
2458603.854257,17.3055,23.0962,20.4324,19.9860,26.0395,25.0618,4
2458603.871127,8.2677,-12.9469,20.4324,19.9860,26.0395,25.0618,4
2458603.888447,16.9334,2.8017,20.4324,19.9860,26.0395,25.0618,4
2458603.905327,34.2829,-0.5857,20.4324,19.9860,26.0395,25.0618,4
2458603.922007,-7.8027,34.3169,20.4324,19.9860,26.0395,25.0618,4
2458604.691107,5.3081,-40.2365,20.4324,19.9860,26.0395,25.0618,4
2458604.849497,10.2370,33.4176,20.4324,19.9860,26.0395,25.0618,4
2458604.866267,-32.7401,-34.8465,20.4324,19.9860,26.0395,25.0618,4
2458604.893677,-37.0567,-20.4129,20.4324,19.9860,26.0395,25.0618,4
2458604.910467,16.9655,37.0642,20.4324,19.9860,26.0395,25.0618,4
2458605.726897,28.1825,-25.8771,20.4324,19.9860,26.0395,25.0618,4
2458605.824227,-6.6714,18.2679,20.4324,19.9860,26.0395,25.0618,4
2458605.874697,-0.7665,48.5881,20.4324,19.9860,26.0395,25.0618,4
2458605.906357,3.3157,-8.0210,20.4324,19.9860,26.0395,25.0618,4
2458605.922977,-31.8134,23.5899,20.4324,19.9860,26.0395,25.0618,4
2458606.745957,25.2684,3.7284,20.4324,19.9860,26.0395,25.0618,4
2458606.767127,-16.8326,34.8196,20.4324,19.9860,26.0395,25.0618,4
2458606.803367,8.0238,12.9077,20.4324,19.9860,26.0395,25.0618,4
2458606.861687,10.7582,32.4471,20.4324,19.9860,26.0395,25.0618,4
2458606.882227,-22.4782,19.2440,20.4324,19.9860,26.0395,25.0618,4
2458606.899037,12.1995,-9.4020,20.4324,19.9860,26.0395,25.0618,4
2458607.727857,-12.4329,-27.7992,20.4324,19.9860,26.0395,25.0618,4
2458607.744487,-23.3064,-17.3690,20.4324,19.9860,26.0395,25.0618,4
2458607.771767,-13.8280,6.2436,20.4324,19.9860,26.0395,25.0618,4
2458607.805647,3.0729,4.1813,20.4324,19.9860,26.0395,25.0618,4
2458607.822617,9.3213,5.4201,20.4324,19.9860,26.0395,25.0618,4
2458607.844337,-4.9357,20.6674,20.4324,19.9860,26.0395,25.0618,4
2458607.861337,22.1662,-27.1017,20.4324,19.9860,26.0395,25.0618,4
2458607.888567,12.0367,-2.0398,20.4324,19.9860,26.0395,25.0618,4
2458607.922457,-19.3691,-34.1241,20.4324,19.9860,26.0395,25.0618,4
2458608.717507,-17.2818,-21.9135,20.4324,19.9860,26.0395,25.0618,4
2458608.733857,-35.8506,-20.1892,20.4324,19.9860,26.0395,25.0618,4
2458608.754387,-37.0905,-2.7113,20.4324,19.9860,26.0395,25.0618,4
2458608.814967,-0.5675,18.2898,20.4324,19.9860,26.0395,25.0618,4
2458608.831837,-13.4382,-0.8081,20.4324,19.9860,26.0395,25.0618,4
2458608.865627,-11.5250,27.1549,20.4324,19.9860,26.0395,25.0618,4
2458608.923927,25.3567,18.1567,20.4324,19.9860,26.0395,25.0618,4
2458611.695557,1.3684,-25.9749,20.4324,19.9860,26.0395,25.0618,4
2458611.722857,12.3287,-3.6042,20.4324,19.9860,26.0395,25.0618,4
2458611.770297,12.8922,-5.6389,20.4324,19.9860,26.0395,25.0618,4
2458611.786987,3.3356,0.5216,20.4324,19.9860,26.0395,25.0618,4
2458611.853857,28.2674,-6.4349,20.4324,19.9860,26.0395,25.0618,4
2458612.841797,-0.9970,1.1883,20.4324,19.9860,26.0395,25.0618,4
2458612.903097,27.8437,7.6720,20.4324,19.9860,26.0395,25.0618,4
2458612.919767,12.6572,4.0465,20.4324,19.9860,26.0395,25.0618,4
2458612.936817,20.0409,32.4235,20.4324,19.9860,26.0395,25.0618,4
2458613.671487,-8.1007,-46.8580,20.4324,19.9860,26.0395,25.0618,4
2458613.776807,36.9049,35.8670,20.4324,19.9860,26.0395,25.0618,4
2458613.814327,-9.8745,16.1405,20.4324,19.9860,26.0395,25.0618,4
2458613.838347,17.2230,9.1517,20.4324,19.9860,26.0395,25.0618,4
2458613.866997,8.0103,13.9970,20.4324,19.9860,26.0395,25.0618,4
2458613.900657,-3.8187,14.5378,20.4324,19.9860,26.0395,25.0618,4
2458614.710607,-9.5509,5.7673,20.4324,19.9860,26.0395,25.0618,4
2458614.732767,-1.1723,-21.6207,20.4324,19.9860,26.0395,25.0618,4
2458614.759787,-21.7226,-19.3534,20.4324,19.9860,26.0395,25.0618,4
2458614.776377,25.4764,-24.7282,20.4324,19.9860,26.0395,25.0618,4
2458614.812337,21.8634,2.1487,20.4324,19.9860,26.0395,25.0618,4
2458614.829457,7.0583,13.3643,20.4324,19.9860,26.0395,25.0618,4
2458614.895857,-16.7914,-6.0552,20.4324,19.9860,26.0395,25.0618,4
2458614.920967,-5.7648,1.3855,20.4324,19.9860,26.0395,25.0618,4
2458615.670647,22.7286,-7.5836,20.4324,19.9860,26.0395,25.0618,4
2458615.721547,0.4611,-42.9582,20.4324,19.9860,26.0395,25.0618,4
2458615.771097,7.8568,0.9445,20.4324,19.9860,26.0395,25.0618,4
2458615.837277,15.3964,17.8009,20.4324,19.9860,26.0395,25.0618,4
2458615.881257,-11.4943,-26.9196,20.4324,19.9860,26.0395,25.0618,4
2458615.914357,6.9871,23.9797,20.4324,19.9860,26.0395,25.0618,4
2458616.687247,-15.3702,-24.2373,20.4324,19.9860,26.0395,25.0618,4
2458616.720687,-3.5533,-6.9177,20.4324,19.9860,26.0395,25.0618,4
2458616.764777,-11.4627,17.4746,20.4324,19.9860,26.0395,25.0618,4
2458616.819427,14.5307,31.5333,20.4324,19.9860,26.0395,25.0618,4
2458616.850407,11.4374,27.1358,20.4324,19.9860,26.0395,25.0618,4
2458616.900667,6.0711,16.5506,20.4324,19.9860,26.0395,25.0618,4
2458617.678787,-23.6955,-25.2910,20.4324,19.9860,26.0395,25.0618,4
2458617.729427,12.8694,-9.0748,20.4324,19.9860,26.0395,25.0618,4
2458617.773067,5.5010,7.0263,20.4324,19.9860,26.0395,25.0618,4
2458617.789597,28.3930,45.7948,20.4324,19.9860,26.0395,25.0618,4
2458617.856797,-1.1231,-13.8119,20.4324,19.9860,26.0395,25.0618,4
2458617.873607,-18.0632,-3.4262,20.4324,19.9860,26.0395,25.0618,4
2458617.923937,30.6439,-6.5414,20.4324,19.9860,26.0395,25.0618,4
2458618.745697,17.1542,6.2852,20.4324,19.9860,26.0395,25.0618,4
2458618.762217,-18.2920,-37.6369,20.4324,19.9860,26.0395,25.0618,4
2458618.779297,-27.1825,0.6121,20.4324,19.9860,26.0395,25.0618,4
2458618.795857,29.3222,29.3136,20.4324,19.9860,26.0395,25.0618,4
2458618.839647,-5.1482,18.0020,20.4324,19.9860,26.0395,25.0618,4
2458618.864267,-32.7515,30.0493,20.4324,19.9860,26.0395,25.0618,4
2458619.739967,-37.6500,-8.5091,20.4324,19.9860,26.0395,25.0618,4
2458619.773317,-36.2048,-14.6805,20.4324,19.9860,26.0395,25.0618,4
2458620.758357,-2.1018,18.8470,20.4324,19.9860,26.0395,25.0618,4
2458620.774797,-0.4030,10.1789,20.4324,19.9860,26.0395,25.0618,4
2458620.791287,-0.0609,-10.0942,20.4324,19.9860,26.0395,25.0618,4
2458620.808077,-8.0822,2.3651,20.4324,19.9860,26.0395,25.0618,4
2458621.725227,-6.2224,-5.7818,20.4324,19.9860,26.0395,25.0618,4
2458621.788797,14.0529,20.4917,20.4324,19.9860,26.0395,25.0618,4
2458621.822387,-49.5168,-22.5226,20.4324,19.9860,26.0395,25.0618,4
2458621.899927,-4.7981,1.6502,20.4324,19.9860,26.0395,25.0618,4
2458622.769527,-2.3631,-24.1216,20.4324,19.9860,26.0395,25.0618,4
2458625.825957,0.8315,12.1751,20.4324,19.9860,26.0395,25.0618,4
2458625.859797,-8.2086,13.6256,20.4324,19.9860,26.0395,25.0618,4
2458626.624837,-54.8421,-1.5016,20.4324,19.9860,26.0395,25.0618,4
2458626.685087,-13.4591,-51.6675,20.4324,19.9860,26.0395,25.0618,4
2458626.734917,28.7184,-2.5649,20.4324,19.9860,26.0395,25.0618,4
2458626.751857,10.7905,22.5666,20.4324,19.9860,26.0395,25.0618,4
2458626.779237,-35.7305,13.7909,20.4324,19.9860,26.0395,25.0618,4
2458626.812287,-36.1019,-18.9762,20.4324,19.9860,26.0395,25.0618,4
2458626.829107,-3.3507,11.5777,20.4324,19.9860,26.0395,25.0618,4
2458626.846297,10.4077,-7.3585,20.4324,19.9860,26.0395,25.0618,4
2458626.872977,-25.8730,2.4675,20.4324,19.9860,26.0395,25.0618,4
2458626.889717,1.5353,-41.7787,20.4324,19.9860,26.0395,25.0618,4
2458626.906387,-1.6305,22.0557,20.4324,19.9860,26.0395,25.0618,4
2458627.643847,-5.2271,-42.0788,20.4324,19.9860,26.0395,25.0618,4
2458627.660977,-56.7695,-36.7415,20.4324,19.9860,26.0395,25.0618,4
2458627.721677,-50.3671,-18.5273,20.4324,19.9860,26.0395,25.0618,4
2458635.726257,23.4968,12.2806,20.4324,19.9860,26.0395,25.0618,4
2458635.742947,13.9582,41.8867,20.4324,19.9860,26.0395,25.0618,4
2458635.759447,28.7873,-45.0297,20.4324,19.9860,26.0395,25.0618,4
2458635.776117,26.8424,47.2043,20.4324,19.9860,26.0395,25.0618,4
2458635.792677,20.4269,-44.8119,20.4324,19.9860,26.0395,25.0618,4
2458635.820167,13.4591,9.2208,20.4324,19.9860,26.0395,25.0618,4
2458635.876047,-11.3255,18.5006,20.4324,19.9860,26.0395,25.0618,4
2458636.601157,-15.0932,20.3112,20.4324,19.9860,26.0395,25.0618,4
2458636.634147,31.7242,-5.1557,20.4324,19.9860,26.0395,25.0618,4
2458636.694907,22.0777,12.0178,20.4324,19.9860,26.0395,25.0618,4
2458636.728237,-20.5895,5.5734,20.4324,19.9860,26.0395,25.0618,4
2458636.745667,39.4391,1.6013,20.4324,19.9860,26.0395,25.0618,4
2458636.791277,11.1995,-13.5887,20.4324,19.9860,26.0395,25.0618,4
2458636.830107,-18.1126,-41.7277,20.4324,19.9860,26.0395,25.0618,4
2458636.847567,-66.5193,-37.2972,20.4324,19.9860,26.0395,25.0618,4
2458636.864357,30.1187,35.8781,20.4324,19.9860,26.0395,25.0618,4
2458636.892397,-71.6252,-6.4825,20.4324,19.9860,26.0395,25.0618,4
2458637.614997,2.7530,-13.3601,20.4324,19.9860,26.0395,25.0618,4
2458637.728407,16.2831,37.7828,20.4324,19.9860,26.0395,25.0618,4
2458637.755997,7.7393,53.6623,20.4324,19.9860,26.0395,25.0618,4
2458637.782767,-66.4736,2.7335,20.4324,19.9860,26.0395,25.0618,4
2458637.799847,6.2028,20.2541,20.4324,19.9860,26.0395,25.0618,4
2458637.816797,21.7692,39.5673,20.4324,19.9860,26.0395,25.0618,4
2458637.849427,-16.0227,9.1671,20.4324,19.9860,26.0395,25.0618,4
2458638.689777,-45.6858,31.2147,20.4324,19.9860,26.0395,25.0618,4
2458639.723907,27.5404,20.4101,20.4324,19.9860,26.0395,25.0618,4
2458640.729757,-22.2813,24.7043,20.4324,19.9860,26.0395,25.0618,4
2458640.749877,17.2746,4.9705,20.4324,19.9860,26.0395,25.0618,4
2458640.788727,8.6427,-28.7953,20.4324,19.9860,26.0395,25.0618,4
2458640.805197,-77.0552,3.9196,20.4324,19.9860,26.0395,25.0618,4
2458640.832677,-41.3599,-4.5578,20.4324,19.9860,26.0395,25.0618,4
2458640.849217,-4.1517,-5.2576,20.4324,19.9860,26.0395,25.0618,4
2458641.630347,11.4386,3.9534,20.4324,19.9860,26.0395,25.0618,4
2458641.696607,-39.3492,24.0894,20.4324,19.9860,26.0395,25.0618,4
2458641.789327,27.7379,-58.9752,20.4324,19.9860,26.0395,25.0618,4
2458642.688577,-11.1024,77.2206,20.4324,19.9860,26.0395,25.0618,4
2458642.705337,20.0410,37.2296,20.4324,19.9860,26.0395,25.0618,4
2458642.722257,17.4771,59.9618,20.4324,19.9860,26.0395,25.0618,4
2458642.739117,-55.4302,-15.9413,20.4324,19.9860,26.0395,25.0618,4
2458642.765827,19.8222,-4.8289,20.4324,19.9860,26.0395,25.0618,4
2458642.782287,27.1142,-9.0731,20.4324,19.9860,26.0395,25.0618,4
2458642.799057,30.3767,77.7153,20.4324,19.9860,26.0395,25.0618,4
2458642.815727,63.5716,0.9341,20.4324,19.9860,26.0395,25.0618,4
2458643.663027,-63.2836,-7.2027,20.4324,19.9860,26.0395,25.0618,4
2458643.679687,7.9388,5.5784,20.4324,19.9860,26.0395,25.0618,4
2458643.697717,-67.4276,-31.4116,20.4324,19.9860,26.0395,25.0618,4
2458643.716747,13.2384,21.3733,20.4324,19.9860,26.0395,25.0618,4
2458643.733537,13.5052,12.4574,20.4324,19.9860,26.0395,25.0618,4
2458643.761367,-3.0955,17.0502,20.4324,19.9860,26.0395,25.0618,4
2458643.796747,-1.5359,28.5576,20.4324,19.9860,26.0395,25.0618,4
2458643.813417,19.2019,14.3401,20.4324,19.9860,26.0395,25.0618,4
2458643.830777,-31.3548,-30.0064,20.4324,19.9860,26.0395,25.0618,4
2458643.859087,-28.5072,8.6504,20.4324,19.9860,26.0395,25.0618,4
2458644.612827,-1.7450,29.1658,20.4324,19.9860,26.0395,25.0618,4
2458644.629517,-1.2249,-21.4435,20.4324,19.9860,26.0395,25.0618,4
2458644.663897,69.0522,40.3218,20.4324,19.9860,26.0395,25.0618,4
2458644.697127,24.1757,-31.9501,20.4324,19.9860,26.0395,25.0618,4
2458644.742897,10.2175,38.6857,20.4324,19.9860,26.0395,25.0618,4
2458644.760117,-3.1542,29.9620,20.4324,19.9860,26.0395,25.0618,4
2458644.782847,6.0450,14.1181,20.4324,19.9860,26.0395,25.0618,4
2458644.826527,-38.9901,51.0136,20.4324,19.9860,26.0395,25.0618,4
2458644.843107,53.3721,16.6816,20.4324,19.9860,26.0395,25.0618,4
2458645.619147,-55.7493,20.8866,20.4324,19.9860,26.0395,25.0618,4
2458645.635717,-1.9146,-5.3261,20.4324,19.9860,26.0395,25.0618,4
2458645.652267,1.7866,16.4974,20.4324,19.9860,26.0395,25.0618,4
2458645.680037,-2.1399,11.4309,20.4324,19.9860,26.0395,25.0618,4
2458645.696987,17.9697,-16.1475,20.4324,19.9860,26.0395,25.0618,4
2458645.713767,-15.3806,21.3949,20.4324,19.9860,26.0395,25.0618,4
2458645.747007,-1.5239,30.7582,20.4324,19.9860,26.0395,25.0618,4
2458645.764167,15.3929,29.3916,20.4324,19.9860,26.0395,25.0618,4
2458645.795937,-1.9141,16.8689,20.4324,19.9860,26.0395,25.0618,4
2458645.812457,14.9523,3.7586,20.4324,19.9860,26.0395,25.0618,4
2458648.701547,-56.4603,-0.1030,20.4324,19.9860,26.0395,25.0618,4
2458648.718627,40.0314,-64.2598,20.4324,19.9860,26.0395,25.0618,4
2458648.735677,-31.1081,-7.7216,20.4324,19.9860,26.0395,25.0618,4
2458653.800547,-56.7370,32.5367,20.4324,19.9860,26.0395,25.0618,4
2458654.596887,-15.1792,9.5221,20.4324,19.9860,26.0395,25.0618,4
2458655.541647,-68.0108,-16.4491,20.4324,19.9860,26.0395,25.0618,4
2458655.568077,-96.3973,-66.8883,20.4324,19.9860,26.0395,25.0618,4
2458655.696317,26.7281,47.3091,20.4324,19.9860,26.0395,25.0618,4
2458655.792097,-10.2130,-5.9189,20.4324,19.9860,26.0395,25.0618,4
2458655.809247,-14.2036,35.8608,20.4324,19.9860,26.0395,25.0618,4
2458656.691967,-17.3874,2.8140,20.4324,19.9860,26.0395,25.0618,4
2458657.689497,49.5445,-16.9429,20.4324,19.9860,26.0395,25.0618,4
2458657.850087,-13.3143,-8.7114,20.4324,19.9860,26.0395,25.0618,4
2458660.594117,-8.0968,24.3556,20.4324,19.9860,26.0395,25.0618,4
2458660.627597,7.0525,6.3066,20.4324,19.9860,26.0395,25.0618,4
2458660.671397,2.8482,-35.7978,20.4324,19.9860,26.0395,25.0618,4
2458660.708767,6.4149,21.2277,20.4324,19.9860,26.0395,25.0618,4
2458660.770117,-13.8524,20.4049,20.4324,19.9860,26.0395,25.0618,4
2458660.786667,-91.3124,-37.0950,20.4324,19.9860,26.0395,25.0618,4
2458660.803617,-36.1704,12.8482,20.4324,19.9860,26.0395,25.0618,4
2458662.514057,-33.8280,-19.7632,20.4324,19.9860,26.0395,25.0618,4
2458662.530547,54.1579,-28.5328,20.4324,19.9860,26.0395,25.0618,4
2458662.610007,-26.2163,-81.5807,20.4324,19.9860,26.0395,25.0618,4
2458662.814717,-31.0828,-16.9490,20.4324,19.9860,26.0395,25.0618,4
2458664.553897,-50.2057,-12.7790,20.4324,19.9860,26.0395,25.0618,4
2458664.573187,-17.3277,-15.0737,20.4324,19.9860,26.0395,25.0618,4
2458664.611647,-78.2056,-53.9337,20.4324,19.9860,26.0395,25.0618,4
2458664.656137,-60.0780,20.0515,20.4324,19.9860,26.0395,25.0618,4
2458664.673067,-4.8188,-2.5654,20.4324,19.9860,26.0395,25.0618,4
2458664.751497,15.8462,63.4131,20.4324,19.9860,26.0395,25.0618,4
2458664.785737,-23.8273,39.5809,20.4324,19.9860,26.0395,25.0618,4
2458664.806867,-2.3854,-57.9294,20.4324,19.9860,26.0395,25.0618,4
2458664.823377,-28.9891,11.8664,20.4324,19.9860,26.0395,25.0618,4
2458665.537617,-17.1327,-35.9624,20.4324,19.9860,26.0395,25.0618,4
2458665.554107,5.4971,6.5674,20.4324,19.9860,26.0395,25.0618,4
2458665.570847,-20.8814,-44.3298,20.4324,19.9860,26.0395,25.0618,4
2458665.587657,-52.3773,-22.0504,20.4324,19.9860,26.0395,25.0618,4
2458665.615227,3.5646,10.6837,20.4324,19.9860,26.0395,25.0618,4
2458665.632507,71.5074,8.6761,20.4324,19.9860,26.0395,25.0618,4
2458665.649487,4.4833,35.1566,20.4324,19.9860,26.0395,25.0618,4
2458665.716217,28.2788,30.2104,20.4324,19.9860,26.0395,25.0618,4
2458666.544707,-91.7775,-60.3292,20.4324,19.9860,26.0395,25.0618,4
2458666.626177,2.9011,66.7735,20.4324,19.9860,26.0395,25.0618,4
2458666.642957,-83.9773,-36.8097,20.4324,19.9860,26.0395,25.0618,4
2458666.659607,-4.6011,10.5650,20.4324,19.9860,26.0395,25.0618,4
2458666.681427,-23.7945,24.6887,20.4324,19.9860,26.0395,25.0618,4
2458666.708607,-10.4692,14.3124,20.4324,19.9860,26.0395,25.0618,4
2458667.540687,23.0223,1.8503,20.4324,19.9860,26.0395,25.0618,4
2458667.556957,6.2805,17.1146,20.4324,19.9860,26.0395,25.0618,4
2458667.573677,26.1971,-3.1048,20.4324,19.9860,26.0395,25.0618,4
2458667.613307,12.0346,49.2607,20.4324,19.9860,26.0395,25.0618,4
2458667.630517,-60.8428,31.5600,20.4324,19.9860,26.0395,25.0618,4
2458667.665587,37.2368,33.9794,20.4324,19.9860,26.0395,25.0618,4
2458667.682227,-2.4917,0.0447,20.4324,19.9860,26.0395,25.0618,4
2458667.699247,16.2492,-15.2780,20.4324,19.9860,26.0395,25.0618,4
2458667.737007,19.9108,-28.0063,20.4324,19.9860,26.0395,25.0618,4
2458667.763917,1.5842,-53.7485,20.4324,19.9860,26.0395,25.0618,4
2458667.797307,-11.7525,-11.8614,20.4324,19.9860,26.0395,25.0618,4
2458668.533617,-53.2621,-10.8885,20.4324,19.9860,26.0395,25.0618,4
2458668.609217,15.8656,-17.5814,20.4324,19.9860,26.0395,25.0618,4
2458668.626037,-8.5070,9.5796,20.4324,19.9860,26.0395,25.0618,4
2458668.694907,-9.8131,-4.2945,20.4324,19.9860,26.0395,25.0618,4
2458668.738977,45.4691,-31.8954,20.4324,19.9860,26.0395,25.0618,4
2458669.580567,2.0244,-22.0150,20.4324,19.9860,26.0395,25.0618,4
2458669.616827,19.2945,-24.4118,20.4324,19.9860,26.0395,25.0618,4
2458669.633447,39.8306,-19.6357,20.4324,19.9860,26.0395,25.0618,4
2458669.649757,-7.2885,14.9727,20.4324,19.9860,26.0395,25.0618,4
2458669.667357,0.8082,39.8787,20.4324,19.9860,26.0395,25.0618,4
2458669.712987,47.3930,38.7851,20.4324,19.9860,26.0395,25.0618,4
2458669.729287,-6.7079,71.6344,20.4324,19.9860,26.0395,25.0618,4
2458669.746307,-52.3256,-10.0876,20.4324,19.9860,26.0395,25.0618,4
2458669.763037,25.8419,-9.4682,20.4324,19.9860,26.0395,25.0618,4
2458669.779857,1.7700,22.3602,20.4324,19.9860,26.0395,25.0618,4
2458670.538247,47.5756,-32.7567,20.4324,19.9860,26.0395,25.0618,4
2458670.666377,12.4100,15.2704,20.4324,19.9860,26.0395,25.0618,4
2458670.682527,54.3732,8.6737,20.4324,19.9860,26.0395,25.0618,4
2458670.753017,52.3648,1.5101,20.4324,19.9860,26.0395,25.0618,4
2458670.802587,54.8905,59.3705,20.4324,19.9860,26.0395,25.0618,4
2458671.629537,42.9011,-22.5931,20.4324,19.9860,26.0395,25.0618,4
2458672.641297,-7.2715,-13.2646,20.4324,19.9860,26.0395,25.0618,4
2458672.658367,34.5940,14.3022,20.4324,19.9860,26.0395,25.0618,4
2458674.679547,8.9577,0.5750,20.4324,19.9860,26.0395,25.0618,4
2458674.725167,12.1997,-5.6904,20.4324,19.9860,26.0395,25.0618,4
2458674.777797,-16.9386,-12.6741,20.4324,19.9860,26.0395,25.0618,4
2458675.596257,-25.1805,-11.1775,20.4324,19.9860,26.0395,25.0618,4
2458675.616137,-2.0676,20.7523,20.4324,19.9860,26.0395,25.0618,4
2458675.649727,23.5594,58.5072,20.4324,19.9860,26.0395,25.0618,4
2458675.668007,16.0743,35.5902,20.4324,19.9860,26.0395,25.0618,4
2458675.731447,-46.4335,-20.3371,20.4324,19.9860,26.0395,25.0618,4
2458675.748277,1.8842,-21.4299,20.4324,19.9860,26.0395,25.0618,4
2458676.567267,-33.6395,30.0738,20.4324,19.9860,26.0395,25.0618,4
2458676.583947,-33.0069,-27.8288,20.4324,19.9860,26.0395,25.0618,4
2458676.585407,1.8933,2.9982,20.4324,19.9860,26.0395,25.0618,4
2458676.700037,23.3918,13.6623,20.4324,19.9860,26.0395,25.0618,4
2458676.716527,-9.0445,-2.8363,20.4324,19.9860,26.0395,25.0618,4
2458678.591467,7.5657,-30.2328,20.4324,19.9860,26.0395,25.0618,4
2458678.613027,24.2422,-2.3486,20.4324,19.9860,26.0395,25.0618,4
2458678.629937,-10.9258,16.8501,20.4324,19.9860,26.0395,25.0618,4
2458680.640527,-0.4047,0.0773,20.4324,19.9860,26.0395,25.0618,4
2458681.568577,54.3235,-25.6073,20.4324,19.9860,26.0395,25.0618,4
2458681.585427,-24.4020,6.5769,20.4324,19.9860,26.0395,25.0618,4
2458681.602407,11.2697,11.9786,20.4324,19.9860,26.0395,25.0618,4
2458681.618957,23.6624,-6.0277,20.4324,19.9860,26.0395,25.0618,4
2458682.560577,25.2249,6.3827,20.4324,19.9860,26.0395,25.0618,4
2458682.581507,18.1318,2.5304,20.4324,19.9860,26.0395,25.0618,4
2458682.614867,-22.8877,-13.2538,20.4324,19.9860,26.0395,25.0618,4
2458682.631437,-16.2112,11.8031,20.4324,19.9860,26.0395,25.0618,4
2458682.658877,6.3538,11.3715,20.4324,19.9860,26.0395,25.0618,4
2458682.676107,49.4148,14.2938,20.4324,19.9860,26.0395,25.0618,4
2458682.680927,-0.7451,0.7696,20.4324,19.9860,26.0395,25.0618,4
2458682.697297,-20.3843,-11.9978,20.4324,19.9860,26.0395,25.0618,4
2458682.774367,-17.3343,-14.5289,20.4324,19.9860,26.0395,25.0618,4
2458683.593867,-8.9074,41.1284,20.4324,19.9860,26.0395,25.0618,4
2458683.611147,2.5761,25.8448,20.4324,19.9860,26.0395,25.0618,4
2458683.704267,25.8002,-41.8485,20.4324,19.9860,26.0395,25.0618,4
2458684.589707,13.6198,7.1555,20.4324,19.9860,26.0395,25.0618,4
2458684.631667,-3.8777,30.8530,20.4324,19.9860,26.0395,25.0618,4
2458684.682127,-13.3824,27.4581,20.4324,19.9860,26.0395,25.0618,4
2458685.504497,8.6658,-12.3009,20.4324,19.9860,26.0395,25.0618,4
2458685.521147,7.3622,-22.1735,20.4324,19.9860,26.0395,25.0618,4
2458685.635737,-22.7888,-8.6444,20.4324,19.9860,26.0395,25.0618,4
2458687.645647,40.8301,27.2236,20.4324,19.9860,26.0395,25.0618,4
2458687.662427,-33.1533,20.6035,20.4324,19.9860,26.0395,25.0618,4
2458687.695587,4.6365,-4.2473,20.4324,19.9860,26.0395,25.0618,4
2458688.663687,33.3068,-39.2527,20.4324,19.9860,26.0395,25.0618,4
2458688.762527,12.4541,-23.4927,20.4324,19.9860,26.0395,25.0618,4
2458689.641837,-1.2114,-16.4524,20.4324,19.9860,26.0395,25.0618,4
2458690.568757,-3.5052,9.2064,20.4324,19.9860,26.0395,25.0618,4
2458690.586057,3.6893,3.5543,20.4324,19.9860,26.0395,25.0618,4
2458690.602497,25.6945,11.4242,20.4324,19.9860,26.0395,25.0618,4
2458690.650007,-25.3307,22.1206,20.4324,19.9860,26.0395,25.0618,4
2458690.744197,-6.9028,8.3012,20.4324,19.9860,26.0395,25.0618,4
2458691.579687,19.7519,39.0931,20.4324,19.9860,26.0395,25.0618,4
2458691.629567,20.6933,17.0978,20.4324,19.9860,26.0395,25.0618,4
2458691.645857,15.4113,13.5992,20.4324,19.9860,26.0395,25.0618,4
2458691.689977,8.5695,-8.8665,20.4324,19.9860,26.0395,25.0618,4
2458692.476247,5.3039,-2.9727,20.4324,19.9860,26.0395,25.0618,4
2458692.527547,58.2101,40.8669,20.4324,19.9860,26.0395,25.0618,4
2458692.544357,-3.6251,11.7073,20.4324,19.9860,26.0395,25.0618,4
2458692.561677,-2.9107,-2.4400,20.4324,19.9860,26.0395,25.0618,4
2458692.608257,-2.9041,-0.7306,20.4324,19.9860,26.0395,25.0618,4
2458692.625617,8.1129,16.6739,20.4324,19.9860,26.0395,25.0618,4
2458692.642127,6.2828,15.9533,20.4324,19.9860,26.0395,25.0618,4
2458692.658247,13.8471,-12.4758,20.4324,19.9860,26.0395,25.0618,4
2458692.685187,3.7686,9.9880,20.4324,19.9860,26.0395,25.0618,4
2458692.701757,12.8208,34.4079,20.4324,19.9860,26.0395,25.0618,4
2458692.735007,25.7649,27.8363,20.4324,19.9860,26.0395,25.0618,4
2458692.751487,-23.7501,18.6997,20.4324,19.9860,26.0395,25.0618,4
2458693.591697,-32.1965,26.7808,20.4324,19.9860,26.0395,25.0618,4
2458693.629727,-14.4935,31.2598,20.4324,19.9860,26.0395,25.0618,4
2458694.501777,13.8505,26.8130,20.4324,19.9860,26.0395,25.0618,4
2458694.518347,51.7595,29.6037,20.4324,19.9860,26.0395,25.0618,4
2458694.535297,24.1934,2.2355,20.4324,19.9860,26.0395,25.0618,4
2458694.551917,-11.0966,8.7090,20.4324,19.9860,26.0395,25.0618,4
2458694.615777,1.2594,21.8784,20.4324,19.9860,26.0395,25.0618,4
2458694.653467,12.5680,-16.2058,20.4324,19.9860,26.0395,25.0618,4
2458694.711257,4.2546,20.3485,20.4324,19.9860,26.0395,25.0618,4
2458694.728007,41.6442,26.7688,20.4324,19.9860,26.0395,25.0618,4
2458695.553837,4.4066,-15.5055,20.4324,19.9860,26.0395,25.0618,4
2458695.587787,-4.8152,20.4102,20.4324,19.9860,26.0395,25.0618,4
2458695.648857,-24.6292,10.2513,20.4324,19.9860,26.0395,25.0618,4
2458697.595157,34.9405,20.9770,20.4324,19.9860,26.0395,25.0618,4
2458697.624497,27.2136,1.1112,20.4324,19.9860,26.0395,25.0618,4
2458697.682467,7.3733,27.8174,20.4324,19.9860,26.0395,25.0618,4
2458697.703347,-33.9382,20.0957,20.4324,19.9860,26.0395,25.0618,4
2458697.720347,-28.8141,14.5385,20.4324,19.9860,26.0395,25.0618,4
2458698.498477,-33.9231,21.5838,20.4324,19.9860,26.0395,25.0618,4
2458698.515127,6.6254,1.7487,20.4324,19.9860,26.0395,25.0618,4
2458698.623287,-48.2969,-24.9705,20.4324,19.9860,26.0395,25.0618,4
2458699.588517,-22.9871,34.5319,20.4324,19.9860,26.0395,25.0618,4
2458699.622297,-46.8764,-19.4924,20.4324,19.9860,26.0395,25.0618,4
2458700.557397,20.8971,25.1987,20.4324,19.9860,26.0395,25.0618,4
2458700.634537,-19.4551,22.5765,20.4324,19.9860,26.0395,25.0618,4
2458700.685287,-27.9948,-35.0306,20.4324,19.9860,26.0395,25.0618,4
2458701.474737,-20.4617,-11.0648,20.4324,19.9860,26.0395,25.0618,4
2458701.491327,-10.6676,-9.9439,20.4324,19.9860,26.0395,25.0618,4
2458701.514027,-7.0166,-13.0524,20.4324,19.9860,26.0395,25.0618,4
2458701.542387,14.1520,26.8236,20.4324,19.9860,26.0395,25.0618,4
2458701.559307,-15.3503,23.8597,20.4324,19.9860,26.0395,25.0618,4
2458701.593317,15.5193,15.1152,20.4324,19.9860,26.0395,25.0618,4
2458701.610357,0.5712,-15.4194,20.4324,19.9860,26.0395,25.0618,4
2458701.637527,-6.5219,59.1909,20.4324,19.9860,26.0395,25.0618,4
2458701.670117,38.0842,-8.3443,20.4324,19.9860,26.0395,25.0618,4
2458701.704147,21.6305,41.3305,20.4324,19.9860,26.0395,25.0618,4
2458702.499457,-2.1614,3.2346,20.4324,19.9860,26.0395,25.0618,4
2458702.516337,-5.0426,-7.4783,20.4324,19.9860,26.0395,25.0618,4
2458702.551697,5.9833,30.7812,20.4324,19.9860,26.0395,25.0618,4
2458702.578907,9.4715,3.3535,20.4324,19.9860,26.0395,25.0618,4
2458702.614607,26.8648,13.9730,20.4324,19.9860,26.0395,25.0618,4
2458702.670077,-22.6449,-16.3593,20.4324,19.9860,26.0395,25.0618,4
2458702.699367,5.7066,2.2994,20.4324,19.9860,26.0395,25.0618,4
2458702.734077,-41.4508,31.2455,20.4324,19.9860,26.0395,25.0618,4
2458703.559737,-15.6008,-40.2928,20.4324,19.9860,26.0395,25.0618,4
2458705.507077,11.7245,5.8264,20.4324,19.9860,26.0395,25.0618,4
2458705.546577,24.8854,2.5888,20.4324,19.9860,26.0395,25.0618,4
2458705.614677,7.5136,-1.5449,20.4324,19.9860,26.0395,25.0618,4
2458705.673647,-20.4827,-4.8354,20.4324,19.9860,26.0395,25.0618,4
2458705.691927,-42.0146,28.8406,20.4324,19.9860,26.0395,25.0618,4
2458708.480587,-6.8952,13.0053,20.4324,19.9860,26.0395,25.0618,4
2458708.513737,34.5311,37.1918,20.4324,19.9860,26.0395,25.0618,4
2458708.542387,-15.5063,34.3377,20.4324,19.9860,26.0395,25.0618,4
2458708.559357,22.4137,2.1310,20.4324,19.9860,26.0395,25.0618,4
2458708.576457,30.6692,39.7596,20.4324,19.9860,26.0395,25.0618,4
2458708.592967,18.5207,1.4068,20.4324,19.9860,26.0395,25.0618,4
2458708.610037,-20.6048,-13.0929,20.4324,19.9860,26.0395,25.0618,4
2458708.696287,1.8096,27.8646,20.4324,19.9860,26.0395,25.0618,4
2458710.495927,-15.3504,-14.3779,20.4324,19.9860,26.0395,25.0618,4
2458710.512507,12.1189,-16.1161,20.4324,19.9860,26.0395,25.0618,4
2458710.534307,16.6631,-23.1172,20.4324,19.9860,26.0395,25.0618,4
2458711.503747,-5.5045,-8.2082,20.4324,19.9860,26.0395,25.0618,4
2458711.520217,-7.6242,5.4044,20.4324,19.9860,26.0395,25.0618,4
2458711.536807,14.9130,29.7233,20.4324,19.9860,26.0395,25.0618,4
2458711.553897,-17.4068,4.5618,20.4324,19.9860,26.0395,25.0618,4
2458711.571157,16.1088,6.0196,20.4324,19.9860,26.0395,25.0618,4
2458711.602027,16.2905,-20.2468,20.4324,19.9860,26.0395,25.0618,4
2458711.635277,6.6053,-27.0932,20.4324,19.9860,26.0395,25.0618,4
2458711.652197,2.3490,31.9948,20.4324,19.9860,26.0395,25.0618,4
2458711.668877,-7.7249,0.2615,20.4324,19.9860,26.0395,25.0618,4
2458712.491037,-34.6938,-34.2918,20.4324,19.9860,26.0395,25.0618,4
2458712.560727,15.4398,-6.1145,20.4324,19.9860,26.0395,25.0618,4
2458712.588307,16.6801,34.0506,20.4324,19.9860,26.0395,25.0618,4
2458713.535967,-24.9338,-8.3121,20.4324,19.9860,26.0395,25.0618,4
2458713.553117,-1.3693,20.9783,20.4324,19.9860,26.0395,25.0618,4
2458713.570267,30.8212,20.4394,20.4324,19.9860,26.0395,25.0618,4
2458714.504937,-10.0420,-5.8381,20.4324,19.9860,26.0395,25.0618,4
2458715.511667,-34.8356,-11.5906,20.4324,19.9860,26.0395,25.0618,4
2458715.528637,-4.8935,34.3819,20.4324,19.9860,26.0395,25.0618,4
2458715.545447,-28.6702,-3.5270,20.4324,19.9860,26.0395,25.0618,4
2458715.562217,-8.4906,23.8117,20.4324,19.9860,26.0395,25.0618,4
2458715.589587,-28.1414,10.2638,20.4324,19.9860,26.0395,25.0618,4
2458715.606747,-25.2729,-39.6543,20.4324,19.9860,26.0395,25.0618,4
2458715.623517,14.1368,6.7134,20.4324,19.9860,26.0395,25.0618,4
2458715.640277,-19.5998,-32.5724,20.4324,19.9860,26.0395,25.0618,4
2458715.685847,-4.1448,22.1606,20.4324,19.9860,26.0395,25.0618,4
2458716.654887,-10.6992,-5.1162,20.4324,19.9860,26.0395,25.0618,4
2458717.476447,-20.9192,37.4641,20.4324,19.9860,26.0395,25.0618,4
2458717.530317,-52.6376,11.2663,20.4324,19.9860,26.0395,25.0618,4
2458717.558627,13.3772,30.0733,20.4324,19.9860,26.0395,25.0618,4
2458717.575297,7.5706,24.8208,20.4324,19.9860,26.0395,25.0618,4
2458717.663037,-44.4566,-37.0503,20.4324,19.9860,26.0395,25.0618,4
2458718.487007,26.4409,-4.2569,20.4324,19.9860,26.0395,25.0618,4
2458718.543197,-14.1616,25.8935,20.4324,19.9860,26.0395,25.0618,4
2458718.587527,39.2318,51.1524,20.4324,19.9860,26.0395,25.0618,4
2458718.623797,37.3905,-17.6233,20.4324,19.9860,26.0395,25.0618,4
2458719.498787,-3.4881,-30.2338,20.4324,19.9860,26.0395,25.0618,4
2458720.578837,9.6186,2.5578,20.4324,19.9860,26.0395,25.0618,4
2458720.612357,-8.6590,16.0218,20.4324,19.9860,26.0395,25.0618,4
2458721.506517,27.2039,-19.2665,20.4324,19.9860,26.0395,25.0618,4
2458721.599927,23.3660,-10.9722,20.4324,19.9860,26.0395,25.0618,4
2458722.555557,14.5406,2.1594,20.4324,19.9860,26.0395,25.0618,4
2458724.488307,-27.2508,-3.8393,20.4324,19.9860,26.0395,25.0618,4
2458724.532857,-15.4344,3.5791,20.4324,19.9860,26.0395,25.0618,4
2458724.599367,49.2242,-11.9030,20.4324,19.9860,26.0395,25.0618,4
2458724.661397,6.8911,-19.6262,20.4324,19.9860,26.0395,25.0618,4
2458725.486797,10.4547,-6.4085,20.4324,19.9860,26.0395,25.0618,4
2458725.504087,37.7798,-6.2976,20.4324,19.9860,26.0395,25.0618,4
2458725.570497,10.8064,-8.7378,20.4324,19.9860,26.0395,25.0618,4
2458725.603517,-8.5668,13.6710,20.4324,19.9860,26.0395,25.0618,4
2458725.620617,5.2831,22.2868,20.4324,19.9860,26.0395,25.0618,4
2458725.653497,4.0917,5.1571,20.4324,19.9860,26.0395,25.0618,4
2458726.484057,-0.8278,2.4289,20.4324,19.9860,26.0395,25.0618,4
2458726.500527,3.0380,-9.6825,20.4324,19.9860,26.0395,25.0618,4
2458726.533517,5.0616,8.1079,20.4324,19.9860,26.0395,25.0618,4
2458727.513877,-3.6578,5.7066,20.4324,19.9860,26.0395,25.0618,4
2458727.530637,-15.6888,25.4645,20.4324,19.9860,26.0395,25.0618,4
2458727.547487,35.9682,16.6823,20.4324,19.9860,26.0395,25.0618,4
2458727.564397,-5.9795,-3.3583,20.4324,19.9860,26.0395,25.0618,4
2458727.625507,-7.5312,12.2147,20.4324,19.9860,26.0395,25.0618,4
2458727.642207,21.7219,-0.6052,20.4324,19.9860,26.0395,25.0618,4
2458728.482007,-16.0358,25.1288,20.4324,19.9860,26.0395,25.0618,4
2458728.533357,8.3535,-0.5740,20.4324,19.9860,26.0395,25.0618,4
2458728.566217,-11.1528,11.0376,20.4324,19.9860,26.0395,25.0618,4
2458728.599887,-40.3115,-18.8736,20.4324,19.9860,26.0395,25.0618,4
2458728.628257,1.4185,33.5192,20.4324,19.9860,26.0395,25.0618,4
2458729.471787,0.0967,15.2097,20.4324,19.9860,26.0395,25.0618,4
2458729.509667,-7.4228,22.5722,20.4324,19.9860,26.0395,25.0618,4
2458729.526517,33.4890,20.3092,20.4324,19.9860,26.0395,25.0618,4
2458729.589367,1.4845,38.9179,20.4324,19.9860,26.0395,25.0618,4
2458729.606007,0.5475,15.2743,20.4324,19.9860,26.0395,25.0618,4
2458729.622507,-7.7337,18.1712,20.4324,19.9860,26.0395,25.0618,4
2458729.650487,20.0110,22.3045,20.4324,19.9860,26.0395,25.0618,4
2458730.500037,7.6578,16.6153,20.4324,19.9860,26.0395,25.0618,4
2458730.516917,3.3634,6.0508,20.4324,19.9860,26.0395,25.0618,4
2458730.533607,12.6790,19.4533,20.4324,19.9860,26.0395,25.0618,4
2458730.550187,-22.0887,0.2666,20.4324,19.9860,26.0395,25.0618,4
2458730.566737,8.8474,34.3593,20.4324,19.9860,26.0395,25.0618,4
2458730.595107,7.8754,-25.5577,20.4324,19.9860,26.0395,25.0618,4
2458730.611847,28.9038,-8.3392,20.4324,19.9860,26.0395,25.0618,4
2458730.628527,34.4876,15.7191,20.4324,19.9860,26.0395,25.0618,4
2458731.488127,15.4351,-6.6115,20.4324,19.9860,26.0395,25.0618,4
2458738.508737,5.1831,29.7044,20.4324,19.9860,26.0395,25.0618,4
2458738.530177,-1.9745,-13.9191,20.4324,19.9860,26.0395,25.0618,4
2458738.563127,4.4776,7.2294,20.4324,19.9860,26.0395,25.0618,4
2458738.590327,17.2447,23.1671,20.4324,19.9860,26.0395,25.0618,4
2458740.532857,27.8839,43.6895,20.4324,19.9860,26.0395,25.0618,4
2458740.566057,-3.8495,10.1637,20.4324,19.9860,26.0395,25.0618,4
2458741.510297,-5.3549,-29.5503,20.4324,19.9860,26.0395,25.0618,4
2458741.536107,7.5195,-1.9005,20.4324,19.9860,26.0395,25.0618,4
2458741.593957,22.5920,9.7540,20.4324,19.9860,26.0395,25.0618,4
2458742.508907,35.2809,-14.7930,20.4324,19.9860,26.0395,25.0618,4
2458742.525577,26.2999,18.9032,20.4324,19.9860,26.0395,25.0618,4
2458742.542427,38.1190,9.6400,20.4324,19.9860,26.0395,25.0618,4
2458745.549217,-47.4288,-21.6922,20.4324,19.9860,26.0395,25.0618,4
2458747.497557,-7.4662,-5.3653,20.4324,19.9860,26.0395,25.0618,4
2458747.514497,40.9129,52.5589,20.4324,19.9860,26.0395,25.0618,4
2458748.544537,12.9706,22.3066,20.4324,19.9860,26.0395,25.0618,4
2458750.512027,19.8034,4.1607,20.4324,19.9860,26.0395,25.0618,4
2458750.595577,34.0312,-37.2687,20.4324,19.9860,26.0395,25.0618,4
2458753.490687,-91.3749,-88.7044,20.4324,19.9860,26.0395,25.0618,4
2458753.519367,35.2683,38.4595,20.4324,19.9860,26.0395,25.0618,4
2458753.543837,-90.0628,-43.1658,20.4324,19.9860,26.0395,25.0618,4
2458756.494047,53.9068,-86.2385,20.4324,19.9860,26.0395,25.0618,4
2458756.511927,-6.3469,1.0796,20.4324,19.9860,26.0395,25.0618,4
2458756.528587,-43.0007,33.6796,20.4324,19.9860,26.0395,25.0618,4
2458756.572127,-44.8771,-23.6814,20.4324,19.9860,26.0395,25.0618,4
2458757.495007,-0.5073,126.4194,20.4324,19.9860,26.0395,25.0618,4
2458757.512017,84.0626,39.4140,20.4324,19.9860,26.0395,25.0618,4
2458762.492677,31.4819,19.9032,20.4324,19.9860,26.0395,25.0618,4
2458762.509407,-23.7777,-16.4654,20.4324,19.9860,26.0395,25.0618,4
2458762.538987,-49.7639,49.4654,20.4324,19.9860,26.0395,25.0618,4
2458762.556187,-43.0950,-7.3436,20.4324,19.9860,26.0395,25.0618,4
2458763.501207,-61.1063,-29.8424,20.4324,19.9860,26.0395,25.0618,4
2458763.517377,25.2042,6.7866,20.4324,19.9860,26.0395,25.0618,4
2458764.529417,-76.3951,-88.2856,20.4324,19.9860,26.0395,25.0618,4
2458768.509027,33.5939,-3.7582,20.4324,19.9860,26.0395,25.0618,4
2458768.543027,-134.9198,-92.2084,20.4324,19.9860,26.0395,25.0618,4
2458772.522207,-150.4667,-49.6289,20.4324,19.9860,26.0395,25.0618,4
2458774.513877,30.8850,40.4340,20.4324,19.9860,26.0395,25.0618,4
2458774.530657,3.3933,-4.4008,20.4324,19.9860,26.0395,25.0618,4
2459265.869757,-56.1149,-68.1510,20.4324,19.9860,22.7306,20.7761,5
2459268.885857,15.2670,12.4713,20.4324,19.9860,22.7306,20.7761,5
2459269.898647,12.7875,-62.0229,20.4324,19.9860,22.7306,20.7761,5
2459274.901817,41.2864,68.6568,20.4324,19.9860,22.7306,20.7761,5
2459275.878327,-81.6674,-23.8472,20.4324,19.9860,22.7306,20.7761,5
2459275.906577,12.6822,28.9972,20.4324,19.9860,22.7306,20.7761,5
2459276.836407,-41.2478,-25.0475,20.4324,19.9860,22.7306,20.7761,5
2459276.852237,17.1810,-0.1793,20.4324,19.9860,22.7306,20.7761,5
2459276.887457,-0.4173,43.9685,20.4324,19.9860,22.7306,20.7761,5
2459276.908557,15.6810,2.6359,20.4324,19.9860,22.7306,20.7761,5
2459279.854667,2.8513,35.8730,20.4324,19.9860,22.7306,20.7761,5
2459279.882377,-38.0686,-12.5143,20.4324,19.9860,22.7306,20.7761,5
2459280.836547,-178.9215,-73.1236,20.4324,19.9860,22.7306,20.7761,5
2459280.889877,19.2342,6.0859,20.4324,19.9860,22.7306,20.7761,5
2459281.884227,-12.2026,15.9365,20.4324,19.9860,22.7306,20.7761,5
2459282.830237,-56.1704,36.6289,20.4324,19.9860,22.7306,20.7761,5
2459282.858227,-17.3629,0.6580,20.4324,19.9860,22.7306,20.7761,5
2459282.876137,-20.0502,15.4982,20.4324,19.9860,22.7306,20.7761,5
2459282.896877,-13.8428,57.5091,20.4324,19.9860,22.7306,20.7761,5
2459283.809177,-7.0072,-64.9725,20.4324,19.9860,22.7306,20.7761,5
2459283.859957,47.2379,-58.4874,20.4324,19.9860,22.7306,20.7761,5
2459283.880857,47.1878,-57.3895,20.4324,19.9860,22.7306,20.7761,5
2459283.903707,-49.7169,84.0356,20.4324,19.9860,22.7306,20.7761,5
2459284.835497,1.4782,-4.5215,20.4324,19.9860,22.7306,20.7761,5
2459284.870817,2.0419,33.1815,20.4324,19.9860,22.7306,20.7761,5
2459285.824357,-71.5994,-16.5700,20.4324,19.9860,22.7306,20.7761,5
2459285.856377,-61.5694,-33.8792,20.4324,19.9860,22.7306,20.7761,5
2459285.874447,-2.7981,44.4439,20.4324,19.9860,22.7306,20.7761,5
2459285.881977,-1.0971,21.2616,20.4324,19.9860,22.7306,20.7761,5
2459285.893487,36.8830,78.6092,20.4324,19.9860,22.7306,20.7761,5
2459285.910667,23.8871,-1.7602,20.4324,19.9860,22.7306,20.7761,5
2459286.853627,47.8051,-31.1374,20.4324,19.9860,22.7306,20.7761,5
2459286.873287,-20.5680,1.2586,20.4324,19.9860,22.7306,20.7761,5
2459286.890717,-28.9292,14.4427,20.4324,19.9860,22.7306,20.7761,5
2459287.847567,-73.4624,-48.9531,20.4324,19.9860,22.7306,20.7761,5
2459290.902547,-10.8447,6.1567,20.4324,19.9860,22.7306,20.7761,5
2459291.873207,-18.5665,-15.4743,20.4324,19.9860,22.7306,20.7761,5
2459294.884907,-71.4990,-39.3048,20.4324,19.9860,22.7306,20.7761,5
2459294.901917,25.9437,12.7650,20.4324,19.9860,22.7306,20.7761,5
2459295.853937,7.7821,-22.6856,20.4324,19.9860,22.7306,20.7761,5
2459295.888957,3.7350,55.0775,20.4324,19.9860,22.7306,20.7761,5
2459296.798217,-10.2398,-6.0886,20.4324,19.9860,22.7306,20.7761,5
2459296.833237,11.2568,-16.2634,20.4324,19.9860,22.7306,20.7761,5
2459296.850827,-32.0912,7.5717,20.4324,19.9860,22.7306,20.7761,5
2459296.878917,13.7866,17.0616,20.4324,19.9860,22.7306,20.7761,5
2459296.899307,4.8711,-3.5658,20.4324,19.9860,22.7306,20.7761,5
2459296.916717,-15.9039,18.2130,20.4324,19.9860,22.7306,20.7761,5
2459297.854537,-2.3949,18.2057,20.4324,19.9860,22.7306,20.7761,5
2459297.874417,-31.3814,58.3202,20.4324,19.9860,22.7306,20.7761,5
2459297.909557,1.6663,35.1496,20.4324,19.9860,22.7306,20.7761,5
2459298.853847,32.9219,-32.2166,20.4324,19.9860,22.7306,20.7761,5
2459298.871047,-19.9716,-7.2772,20.4324,19.9860,22.7306,20.7761,5
2459298.898367,23.7695,-17.3937,20.4324,19.9860,22.7306,20.7761,5
2459299.816587,-10.8722,-3.3638,20.4324,19.9860,22.7306,20.7761,5
2459299.868277,49.7953,-15.4096,20.4324,19.9860,22.7306,20.7761,5
2459299.904757,-10.4216,24.7250,20.4324,19.9860,22.7306,20.7761,5
2459300.780247,5.9370,-5.9848,20.4324,19.9860,22.7306,20.7761,5
2459300.852887,29.5531,10.6982,20.4324,19.9860,22.7306,20.7761,5
2459300.881327,25.5443,2.1326,20.4324,19.9860,22.7306,20.7761,5
2459300.898897,32.8101,-1.6066,20.4324,19.9860,22.7306,20.7761,5
2459300.916187,22.5114,-1.6831,20.4324,19.9860,22.7306,20.7761,5
2459301.825327,17.0023,-17.2592,20.4324,19.9860,22.7306,20.7761,5
2459301.863057,6.4935,4.2775,20.4324,19.9860,22.7306,20.7761,5
2459301.880707,-16.7010,45.6951,20.4324,19.9860,22.7306,20.7761,5
2459301.897707,5.7550,19.2379,20.4324,19.9860,22.7306,20.7761,5
2459302.853507,4.5506,7.4445,20.4324,19.9860,22.7306,20.7761,5
2459302.898457,2.5615,45.2399,20.4324,19.9860,22.7306,20.7761,5
2459303.851067,58.8701,28.5938,20.4324,19.9860,22.7306,20.7761,5
2459303.910707,34.1524,-31.1435,20.4324,19.9860,22.7306,20.7761,5
2459304.781097,-0.4071,29.5261,20.4324,19.9860,22.7306,20.7761,5
2459304.798657,-44.9071,-3.2398,20.4324,19.9860,22.7306,20.7761,5
2459304.816647,-45.7112,-24.3516,20.4324,19.9860,22.7306,20.7761,5
2459304.833817,2.3174,7.8312,20.4324,19.9860,22.7306,20.7761,5
2459304.851777,-42.9381,7.2487,20.4324,19.9860,22.7306,20.7761,5
2459304.896777,0.0532,11.0864,20.4324,19.9860,22.7306,20.7761,5
2459304.916007,22.6227,-10.5688,20.4324,19.9860,22.7306,20.7761,5
2459305.816217,16.4381,-7.6683,20.4324,19.9860,22.7306,20.7761,5
2459305.833697,-27.6174,-14.1624,20.4324,19.9860,22.7306,20.7761,5
2459305.850387,-3.1554,16.4372,20.4324,19.9860,22.7306,20.7761,5
2459306.806877,-9.2722,14.3836,20.4324,19.9860,22.7306,20.7761,5
2459306.907667,8.4838,13.6516,20.4324,19.9860,22.7306,20.7761,5
2459309.801667,-57.7447,-39.8627,20.4324,19.9860,22.7306,20.7761,5
2459309.836167,30.3010,1.8117,20.4324,19.9860,22.7306,20.7761,5
2459309.859717,36.5516,-9.0469,20.4324,19.9860,22.7306,20.7761,5
2459309.893207,-11.9389,4.4969,20.4324,19.9860,22.7306,20.7761,5
2459309.912877,8.5153,3.2471,20.4324,19.9860,22.7306,20.7761,5
2459311.779467,43.2113,-14.4526,20.4324,19.9860,22.7306,20.7761,5
2459311.809037,-17.4135,-28.6759,20.4324,19.9860,22.7306,20.7761,5
2459311.828217,59.9337,1.9942,20.4324,19.9860,22.7306,20.7761,5
2459311.888527,3.8849,18.2722,20.4324,19.9860,22.7306,20.7761,5
2459311.920107,3.3474,9.5905,20.4324,19.9860,22.7306,20.7761,5
2459312.871177,27.4144,12.7764,20.4324,19.9860,22.7306,20.7761,5
2459312.888527,0.1251,11.5282,20.4324,19.9860,22.7306,20.7761,5
2459312.907677,1.4833,8.3053,20.4324,19.9860,22.7306,20.7761,5
2459313.863447,-20.8037,39.8915,20.4324,19.9860,22.7306,20.7761,5
2459313.880927,15.9896,-1.6819,20.4324,19.9860,22.7306,20.7761,5
2459313.900317,6.2963,11.2278,20.4324,19.9860,22.7306,20.7761,5
2459313.917917,38.1980,35.0488,20.4324,19.9860,22.7306,20.7761,5
2459314.776797,-35.3901,-32.7271,20.4324,19.9860,22.7306,20.7761,5
2459314.816277,-68.0866,-14.6383,20.4324,19.9860,22.7306,20.7761,5
2459314.876887,56.1844,32.8808,20.4324,19.9860,22.7306,20.7761,5
2459314.916767,-9.2891,-4.1141,20.4324,19.9860,22.7306,20.7761,5
2459315.794167,39.1415,-22.6211,20.4324,19.9860,22.7306,20.7761,5
2459315.862907,-1.6440,-14.4057,20.4324,19.9860,22.7306,20.7761,5
2459315.904057,15.9242,7.5449,20.4324,19.9860,22.7306,20.7761,5
2459316.765947,-49.8055,27.6506,20.4324,19.9860,22.7306,20.7761,5
2459316.819407,-11.9018,60.4838,20.4324,19.9860,22.7306,20.7761,5
2459316.870997,17.6307,20.8243,20.4324,19.9860,22.7306,20.7761,5
2459316.889177,-10.7568,-33.6787,20.4324,19.9860,22.7306,20.7761,5
2459317.816957,-70.2293,-8.4819,20.4324,19.9860,22.7306,20.7761,5
2459317.834207,7.8694,-5.2403,20.4324,19.9860,22.7306,20.7761,5
2459317.861827,13.5465,19.3997,20.4324,19.9860,22.7306,20.7761,5
2459317.878827,35.7436,42.8974,20.4324,19.9860,22.7306,20.7761,5
2459318.747887,9.4777,17.9706,20.4324,19.9860,22.7306,20.7761,5
2459318.796977,-14.0702,-26.4832,20.4324,19.9860,22.7306,20.7761,5
2459318.813807,14.8971,-21.0470,20.4324,19.9860,22.7306,20.7761,5
2459318.878747,24.0951,22.0738,20.4324,19.9860,22.7306,20.7761,5
2459318.901877,12.5257,9.7848,20.4324,19.9860,22.7306,20.7761,5
2459318.919777,-5.9426,38.9597,20.4324,19.9860,22.7306,20.7761,5
2459319.745697,-19.1871,-53.8096,20.4324,19.9860,22.7306,20.7761,5
2459319.791677,-63.3166,-24.5185,20.4324,19.9860,22.7306,20.7761,5
2459319.896137,24.1804,21.8881,20.4324,19.9860,22.7306,20.7761,5
2459319.913117,-3.7417,-16.6233,20.4324,19.9860,22.7306,20.7761,5
2459320.744397,43.9053,-2.1150,20.4324,19.9860,22.7306,20.7761,5
2459320.772787,-6.0843,10.1715,20.4324,19.9860,22.7306,20.7761,5
2459320.802207,-49.5305,40.9902,20.4324,19.9860,22.7306,20.7761,5
2459320.889227,-23.2865,8.8299,20.4324,19.9860,22.7306,20.7761,5
2459320.925277,-5.4815,1.0998,20.4324,19.9860,22.7306,20.7761,5
2459321.800727,31.3103,-35.0355,20.4324,19.9860,22.7306,20.7761,5
2459321.883217,-5.2777,-7.3342,20.4324,19.9860,22.7306,20.7761,5
2459321.923747,-47.3487,47.2313,20.4324,19.9860,22.7306,20.7761,5
2459322.731777,-35.7444,-11.9779,20.4324,19.9860,22.7306,20.7761,5
2459322.868197,26.3651,-1.0265,20.4324,19.9860,22.7306,20.7761,5
2459322.917907,-6.9120,-8.8262,20.4324,19.9860,22.7306,20.7761,5
2459323.813167,36.5007,58.2451,20.4324,19.9860,22.7306,20.7761,5
2459323.832897,30.8865,12.1130,20.4324,19.9860,22.7306,20.7761,5
2459323.835587,17.6714,21.2211,20.4324,19.9860,22.7306,20.7761,5
2459323.851407,10.7397,7.2952,20.4324,19.9860,22.7306,20.7761,5
2459323.880727,-9.3730,31.8634,20.4324,19.9860,22.7306,20.7761,5
2459323.907767,25.2403,-2.8100,20.4324,19.9860,22.7306,20.7761,5
2459324.863517,-62.1945,-20.8482,20.4324,19.9860,22.7306,20.7761,5
2459326.787727,27.1816,38.6402,20.4324,19.9860,22.7306,20.7761,5
2459326.815857,20.6676,-4.9604,20.4324,19.9860,22.7306,20.7761,5
2459326.833447,-11.8557,13.4999,20.4324,19.9860,22.7306,20.7761,5
2459326.930607,36.4295,15.3784,20.4324,19.9860,22.7306,20.7761,5
2459327.753627,-53.4452,60.6283,20.4324,19.9860,22.7306,20.7761,5
2459327.788867,-56.5283,-23.3806,20.4324,19.9860,22.7306,20.7761,5
2459327.806007,-63.3610,-6.0417,20.4324,19.9860,22.7306,20.7761,5
2459327.824627,-47.9877,64.3936,20.4324,19.9860,22.7306,20.7761,5
2459327.843697,-13.1344,16.9892,20.4324,19.9860,22.7306,20.7761,5
2459327.882227,-48.7414,-44.6958,20.4324,19.9860,22.7306,20.7761,5
2459327.926877,48.4381,29.2231,20.4324,19.9860,22.7306,20.7761,5
2459328.721687,16.1646,13.4057,20.4324,19.9860,22.7306,20.7761,5
2459328.886107,29.2678,43.9940,20.4324,19.9860,22.7306,20.7761,5
2459328.906897,-1.1252,-26.4705,20.4324,19.9860,22.7306,20.7761,5
2459328.924277,-29.8605,51.6120,20.4324,19.9860,22.7306,20.7761,5
2459329.831947,-8.7417,23.7695,20.4324,19.9860,22.7306,20.7761,5
2459329.850357,-9.2797,56.2567,20.4324,19.9860,22.7306,20.7761,5
2459329.854527,23.2360,39.1158,20.4324,19.9860,22.7306,20.7761,5
2459329.871417,9.7545,-8.0119,20.4324,19.9860,22.7306,20.7761,5
2459329.888427,-1.9071,38.5122,20.4324,19.9860,22.7306,20.7761,5
2459329.915957,38.5167,-37.3847,20.4324,19.9860,22.7306,20.7761,5
2459330.691787,52.2872,-19.4288,20.4324,19.9860,22.7306,20.7761,5
2459330.712977,61.3156,-27.8965,20.4324,19.9860,22.7306,20.7761,5
2459330.730517,12.9931,46.1174,20.4324,19.9860,22.7306,20.7761,5
2459330.758757,17.5095,10.9474,20.4324,19.9860,22.7306,20.7761,5
2459330.781817,13.7220,-50.4917,20.4324,19.9860,22.7306,20.7761,5
2459330.818687,-37.6053,58.8917,20.4324,19.9860,22.7306,20.7761,5
2459330.841167,27.4085,72.6687,20.4324,19.9860,22.7306,20.7761,5
2459330.873377,-12.7212,9.0543,20.4324,19.9860,22.7306,20.7761,5
2459330.890587,-16.6592,5.0466,20.4324,19.9860,22.7306,20.7761,5
2459330.907487,29.7783,18.0492,20.4324,19.9860,22.7306,20.7761,5
2459330.925157,-16.0703,-3.7537,20.4324,19.9860,22.7306,20.7761,5
2459331.757557,-41.2098,-5.7012,20.4324,19.9860,22.7306,20.7761,5
2459331.779417,-3.2970,17.7479,20.4324,19.9860,22.7306,20.7761,5
2459331.796837,49.2178,7.1414,20.4324,19.9860,22.7306,20.7761,5
2459331.814347,-0.2536,49.5757,20.4324,19.9860,22.7306,20.7761,5
2459331.831617,28.5901,-5.2606,20.4324,19.9860,22.7306,20.7761,5
2459331.881027,-68.2108,-36.3097,20.4324,19.9860,22.7306,20.7761,5
2459331.899477,-9.0644,35.1438,20.4324,19.9860,22.7306,20.7761,5
2459332.778327,-58.6308,-46.5293,20.4324,19.9860,22.7306,20.7761,5
2459332.866407,-1.4963,-16.2620,20.4324,19.9860,22.7306,20.7761,5
2459332.921547,31.5054,6.1390,20.4324,19.9860,22.7306,20.7761,5
2459333.721747,-50.7726,-16.0968,20.4324,19.9860,22.7306,20.7761,5
2459333.754327,17.3219,6.7387,20.4324,19.9860,22.7306,20.7761,5
2459336.762727,-50.8043,-34.3010,20.4324,19.9860,22.7306,20.7761,5
2459336.813857,-13.6061,-19.2430,20.4324,19.9860,22.7306,20.7761,5
2459336.854897,5.5005,25.7191,20.4324,19.9860,22.7306,20.7761,5
2459336.871387,-16.0952,-18.2525,20.4324,19.9860,22.7306,20.7761,5
2459336.899897,15.1834,19.5214,20.4324,19.9860,22.7306,20.7761,5
2459336.916767,-14.1513,-3.9045,20.4324,19.9860,22.7306,20.7761,5
2459337.800967,-4.0201,8.3614,20.4324,19.9860,22.7306,20.7761,5
2459337.909237,-29.5237,-42.8743,20.4324,19.9860,22.7306,20.7761,5
2459338.801597,2.6598,-51.2604,20.4324,19.9860,22.7306,20.7761,5
2459338.888277,36.7876,22.1236,20.4324,19.9860,22.7306,20.7761,5
2459338.928997,-57.3613,-51.0001,20.4324,19.9860,22.7306,20.7761,5
2459339.743327,-61.9821,-15.5623,20.4324,19.9860,22.7306,20.7761,5
2459339.814097,-34.7836,-50.8278,20.4324,19.9860,22.7306,20.7761,5
2459339.874597,14.4525,-21.5045,20.4324,19.9860,22.7306,20.7761,5
2459340.782417,-35.2181,-13.6919,20.4324,19.9860,22.7306,20.7761,5
2459340.800437,9.6285,6.4855,20.4324,19.9860,22.7306,20.7761,5
2459340.819907,25.1339,-36.3387,20.4324,19.9860,22.7306,20.7761,5
2459340.824387,6.4921,4.2815,20.4324,19.9860,22.7306,20.7761,5
2459340.851057,-1.9115,12.1339,20.4324,19.9860,22.7306,20.7761,5
2459340.869147,14.5317,-9.1410,20.4324,19.9860,22.7306,20.7761,5
2459340.923707,-15.6104,16.1358,20.4324,19.9860,22.7306,20.7761,5
2459344.776607,-3.3408,28.3764,20.4324,19.9860,22.7306,20.7761,5
2459344.923227,-29.4040,3.7014,20.4324,19.9860,22.7306,20.7761,5
2459345.665607,-11.6997,2.4437,20.4324,19.9860,22.7306,20.7761,5
2459345.687927,27.8806,45.4282,20.4324,19.9860,22.7306,20.7761,5
2459345.740787,11.3548,28.5667,20.4324,19.9860,22.7306,20.7761,5
2459345.768127,-11.8720,43.1523,20.4324,19.9860,22.7306,20.7761,5
2459345.786017,-13.5377,43.1300,20.4324,19.9860,22.7306,20.7761,5
2459345.806987,3.2709,36.9048,20.4324,19.9860,22.7306,20.7761,5
2459345.828677,28.6998,8.8914,20.4324,19.9860,22.7306,20.7761,5
2459345.846057,6.8876,34.5963,20.4324,19.9860,22.7306,20.7761,5
2459345.897547,-13.9009,-1.8561,20.4324,19.9860,22.7306,20.7761,5
2459345.936517,-26.9089,20.9413,20.4324,19.9860,22.7306,20.7761,5
2459346.798287,-55.1956,-33.9021,20.4324,19.9860,22.7306,20.7761,5
2459346.815537,15.9906,17.3181,20.4324,19.9860,22.7306,20.7761,5
2459346.832297,22.5047,49.7281,20.4324,19.9860,22.7306,20.7761,5
2459346.851507,23.8005,8.7772,20.4324,19.9860,22.7306,20.7761,5
2459346.869047,35.6354,26.7840,20.4324,19.9860,22.7306,20.7761,5
2459346.930687,-44.4188,37.3737,20.4324,19.9860,22.7306,20.7761,5
2459348.679287,16.2710,17.1907,20.4324,19.9860,22.7306,20.7761,5
2459348.717177,20.8022,6.8718,20.4324,19.9860,22.7306,20.7761,5
2459348.771897,-9.8083,19.3261,20.4324,19.9860,22.7306,20.7761,5
2459348.803947,-27.1747,13.5825,20.4324,19.9860,22.7306,20.7761,5
2459348.828427,1.3641,-7.3288,20.4324,19.9860,22.7306,20.7761,5
2459348.864237,21.6077,21.5183,20.4324,19.9860,22.7306,20.7761,5
2459348.881327,-26.3125,-0.9746,20.4324,19.9860,22.7306,20.7761,5
2459348.916177,18.2767,1.9676,20.4324,19.9860,22.7306,20.7761,5
2459348.932837,30.8073,-3.5311,20.4324,19.9860,22.7306,20.7761,5
2459349.699907,19.0631,55.4863,20.4324,19.9860,22.7306,20.7761,5
2459349.718917,37.6065,18.1423,20.4324,19.9860,22.7306,20.7761,5
2459349.738287,-9.6159,40.1538,20.4324,19.9860,22.7306,20.7761,5
2459349.755667,2.6512,-14.9297,20.4324,19.9860,22.7306,20.7761,5
2459349.773247,-5.8761,-0.6774,20.4324,19.9860,22.7306,20.7761,5
2459349.800817,9.3967,24.6234,20.4324,19.9860,22.7306,20.7761,5
2459350.662397,10.3543,35.2456,20.4324,19.9860,22.7306,20.7761,5
2459350.680337,29.5290,-29.6586,20.4324,19.9860,22.7306,20.7761,5
2459350.697907,37.9794,-6.2249,20.4324,19.9860,22.7306,20.7761,5
2459350.725307,-5.2441,-2.9354,20.4324,19.9860,22.7306,20.7761,5
2459350.760357,31.8828,-33.9993,20.4324,19.9860,22.7306,20.7761,5
2459350.777757,12.3716,38.3796,20.4324,19.9860,22.7306,20.7761,5
2459350.810767,-18.1491,-8.5275,20.4324,19.9860,22.7306,20.7761,5
2459350.841327,-40.7694,28.4998,20.4324,19.9860,22.7306,20.7761,5
2459350.856787,-2.7795,26.2285,20.4324,19.9860,22.7306,20.7761,5
2459350.874057,24.9891,29.2297,20.4324,19.9860,22.7306,20.7761,5
2459356.709277,-17.6970,32.5162,20.4324,19.9860,22.7306,20.7761,5
2459356.774737,-14.1776,15.3147,20.4324,19.9860,22.7306,20.7761,5
2459356.802397,-19.0722,35.6765,20.4324,19.9860,22.7306,20.7761,5
2459356.819757,-9.9044,6.1223,20.4324,19.9860,22.7306,20.7761,5
2459356.838637,-7.7020,-18.4101,20.4324,19.9860,22.7306,20.7761,5
2459356.873627,-13.2828,17.1426,20.4324,19.9860,22.7306,20.7761,5
2459356.918927,12.5378,16.5809,20.4324,19.9860,22.7306,20.7761,5
2459357.728837,5.0518,-1.8869,20.4324,19.9860,22.7306,20.7761,5
2459357.764857,4.2198,-4.6419,20.4324,19.9860,22.7306,20.7761,5
2459357.791827,-0.6280,2.0253,20.4324,19.9860,22.7306,20.7761,5
2459358.685847,-27.3713,-24.5007,20.4324,19.9860,22.7306,20.7761,5
2459358.707197,-8.8314,8.2200,20.4324,19.9860,22.7306,20.7761,5
2459358.711457,21.2502,-20.3033,20.4324,19.9860,22.7306,20.7761,5
2459358.758357,9.9047,28.0648,20.4324,19.9860,22.7306,20.7761,5
2459358.792237,0.8618,-11.3526,20.4324,19.9860,22.7306,20.7761,5
2459358.811037,-5.1131,-3.0600,20.4324,19.9860,22.7306,20.7761,5
2459358.832547,-12.7418,16.2002,20.4324,19.9860,22.7306,20.7761,5
2459358.867007,-3.3233,-6.7511,20.4324,19.9860,22.7306,20.7761,5
2459359.661547,4.0444,-5.1723,20.4324,19.9860,22.7306,20.7761,5
2459359.696987,3.4907,16.1226,20.4324,19.9860,22.7306,20.7761,5
2459359.717557,-0.8151,1.2222,20.4324,19.9860,22.7306,20.7761,5
2459359.748017,26.6809,-12.9646,20.4324,19.9860,22.7306,20.7761,5
2459359.766207,-16.5525,5.8138,20.4324,19.9860,22.7306,20.7761,5
2459359.788217,8.0115,5.9909,20.4324,19.9860,22.7306,20.7761,5
2459359.821937,-18.8138,16.2499,20.4324,19.9860,22.7306,20.7761,5
2459359.849577,-0.5976,19.1436,20.4324,19.9860,22.7306,20.7761,5
2459359.866527,-25.8457,-32.1013,20.4324,19.9860,22.7306,20.7761,5
2459359.902997,12.3641,8.4043,20.4324,19.9860,22.7306,20.7761,5
2459359.920307,9.8153,1.4931,20.4324,19.9860,22.7306,20.7761,5
2459360.658717,-21.9073,6.5346,20.4324,19.9860,22.7306,20.7761,5
2459360.739927,-16.4827,-6.0388,20.4324,19.9860,22.7306,20.7761,5
2459360.760647,-15.4566,4.7719,20.4324,19.9860,22.7306,20.7761,5
2459360.797917,-3.8100,24.6463,20.4324,19.9860,22.7306,20.7761,5
2459360.825357,6.0280,-7.7076,20.4324,19.9860,22.7306,20.7761,5
2459360.876137,9.7876,19.7287,20.4324,19.9860,22.7306,20.7761,5
2459360.892867,28.6351,27.0039,20.4324,19.9860,22.7306,20.7761,5
2459363.745607,18.8865,-6.7599,20.4324,19.9860,22.7306,20.7761,5
2459363.810837,-36.8551,-31.3890,20.4324,19.9860,22.7306,20.7761,5
2459363.900157,-10.2822,-27.2053,20.4324,19.9860,22.7306,20.7761,5
2459365.713487,7.0631,5.2174,20.4324,19.9860,22.7306,20.7761,5
2459365.749007,4.2530,7.2574,20.4324,19.9860,22.7306,20.7761,5
2459365.788247,22.1786,21.5772,20.4324,19.9860,22.7306,20.7761,5
2459365.832137,-1.5750,27.2929,20.4324,19.9860,22.7306,20.7761,5
2459365.849087,-18.6941,13.8989,20.4324,19.9860,22.7306,20.7761,5
2459365.867947,30.7135,-0.2217,20.4324,19.9860,22.7306,20.7761,5
2459365.885127,-2.8906,-4.3274,20.4324,19.9860,22.7306,20.7761,5
2459365.911987,-17.4451,1.4525,20.4324,19.9860,22.7306,20.7761,5
2459365.913387,6.0734,-17.8179,20.4324,19.9860,22.7306,20.7761,5
2459366.721907,15.7944,0.9619,20.4324,19.9860,22.7306,20.7761,5
2459366.741057,24.1857,-9.5286,20.4324,19.9860,22.7306,20.7761,5
2459366.777627,-13.6279,2.2044,20.4324,19.9860,22.7306,20.7761,5
2459366.804677,6.3689,-7.4668,20.4324,19.9860,22.7306,20.7761,5
2459366.821757,9.7618,1.3061,20.4324,19.9860,22.7306,20.7761,5
2459366.838897,0.3877,-20.6513,20.4324,19.9860,22.7306,20.7761,5
2459366.876237,16.1746,-5.9073,20.4324,19.9860,22.7306,20.7761,5
2459366.903567,-30.7746,-15.3111,20.4324,19.9860,22.7306,20.7761,5
2459367.679657,-36.5671,3.1689,20.4324,19.9860,22.7306,20.7761,5
2459367.714727,-13.8412,13.5534,20.4324,19.9860,22.7306,20.7761,5
2459367.754927,-31.2984,7.4826,20.4324,19.9860,22.7306,20.7761,5
2459367.774067,-6.0946,5.8957,20.4324,19.9860,22.7306,20.7761,5
2459367.801097,-9.2784,0.2240,20.4324,19.9860,22.7306,20.7761,5
2459367.803787,1.7056,-7.4480,20.4324,19.9860,22.7306,20.7761,5
2459367.819377,4.9773,-0.8811,20.4324,19.9860,22.7306,20.7761,5
2459367.836247,-5.8891,10.7501,20.4324,19.9860,22.7306,20.7761,5
2459367.869617,5.4407,24.0544,20.4324,19.9860,22.7306,20.7761,5
2459367.897447,-11.6286,-9.7385,20.4324,19.9860,22.7306,20.7761,5
2459368.682277,-0.3947,-1.6181,20.4324,19.9860,22.7306,20.7761,5
2459368.699667,7.5946,1.1637,20.4324,19.9860,22.7306,20.7761,5
2459368.717147,9.8329,5.4579,20.4324,19.9860,22.7306,20.7761,5
2459368.739337,-9.1137,-0.8786,20.4324,19.9860,22.7306,20.7761,5
2459368.811207,-32.1860,-0.2895,20.4324,19.9860,22.7306,20.7761,5
2459368.827627,14.4376,19.0370,20.4324,19.9860,22.7306,20.7761,5
2459368.844617,-0.6893,0.5167,20.4324,19.9860,22.7306,20.7761,5
2459368.863737,23.1894,-6.4131,20.4324,19.9860,22.7306,20.7761,5
2459369.660737,25.6898,-10.2066,20.4324,19.9860,22.7306,20.7761,5
2459369.677907,-6.7666,3.9048,20.4324,19.9860,22.7306,20.7761,5
2459369.695277,-11.9831,11.6709,20.4324,19.9860,22.7306,20.7761,5
2459369.712767,-18.6548,8.7196,20.4324,19.9860,22.7306,20.7761,5
2459369.767397,-4.9369,6.2015,20.4324,19.9860,22.7306,20.7761,5
2459369.785947,23.7200,11.7734,20.4324,19.9860,22.7306,20.7761,5
2459369.803177,23.5310,19.8486,20.4324,19.9860,22.7306,20.7761,5
2459369.840727,7.3780,6.6458,20.4324,19.9860,22.7306,20.7761,5
2459370.717677,4.1069,16.2820,20.4324,19.9860,22.7306,20.7761,5
2459370.750497,-5.1272,8.7212,20.4324,19.9860,22.7306,20.7761,5
2459370.771527,-22.6844,8.5103,20.4324,19.9860,22.7306,20.7761,5
2459370.788767,-3.4261,0.0512,20.4324,19.9860,22.7306,20.7761,5
2459370.805587,-0.8565,11.2360,20.4324,19.9860,22.7306,20.7761,5
2459370.824557,-33.2132,2.9485,20.4324,19.9860,22.7306,20.7761,5
2459370.852277,0.4509,12.7701,20.4324,19.9860,22.7306,20.7761,5
2459370.870577,4.5492,29.7496,20.4324,19.9860,22.7306,20.7761,5
2459370.887677,-16.2637,21.8079,20.4324,19.9860,22.7306,20.7761,5
2459370.904597,3.1182,1.7404,20.4324,19.9860,22.7306,20.7761,5
2459371.599277,-26.1466,-10.7490,20.4324,19.9860,22.7306,20.7761,5
2459371.617217,-11.9119,-22.9087,20.4324,19.9860,22.7306,20.7761,5
2459371.715947,-25.6667,-1.1004,20.4324,19.9860,22.7306,20.7761,5
2459371.738527,-10.2873,-5.1520,20.4324,19.9860,22.7306,20.7761,5
2459371.757577,7.2762,-0.3536,20.4324,19.9860,22.7306,20.7761,5
2459371.789497,-0.2046,-2.0095,20.4324,19.9860,22.7306,20.7761,5
2459371.809577,-6.3165,8.2042,20.4324,19.9860,22.7306,20.7761,5
2459371.827797,-7.2033,2.6998,20.4324,19.9860,22.7306,20.7761,5
2459371.844627,-3.9496,1.5101,20.4324,19.9860,22.7306,20.7761,5
2459371.861467,13.9452,22.6706,20.4324,19.9860,22.7306,20.7761,5
2459371.888177,2.2189,10.3936,20.4324,19.9860,22.7306,20.7761,5
2459371.901167,18.2164,-2.8338,20.4324,19.9860,22.7306,20.7761,5
2459372.588627,19.3003,-23.0701,20.4324,19.9860,22.7306,20.7761,5
2459372.608967,17.1023,-19.6438,20.4324,19.9860,22.7306,20.7761,5
2459372.626757,-12.3337,-5.3134,20.4324,19.9860,22.7306,20.7761,5
2459372.647017,3.5215,21.4965,20.4324,19.9860,22.7306,20.7761,5
2459372.676497,-3.2083,0.5253,20.4324,19.9860,22.7306,20.7761,5
2459372.699397,0.2715,18.8594,20.4324,19.9860,22.7306,20.7761,5
2459372.716827,9.7369,14.2147,20.4324,19.9860,22.7306,20.7761,5
2459372.736187,-7.6284,-8.8336,20.4324,19.9860,22.7306,20.7761,5
2459372.772337,12.5484,24.4412,20.4324,19.9860,22.7306,20.7761,5
2459372.799987,-2.2292,-3.3623,20.4324,19.9860,22.7306,20.7761,5
2459372.816857,-5.4701,8.8957,20.4324,19.9860,22.7306,20.7761,5
2459372.833677,-4.2532,1.8346,20.4324,19.9860,22.7306,20.7761,5
2459372.850137,-7.8113,12.0004,20.4324,19.9860,22.7306,20.7761,5
2459372.867257,14.9132,12.7078,20.4324,19.9860,22.7306,20.7761,5
2459372.895717,-10.9606,-14.6265,20.4324,19.9860,22.7306,20.7761,5
2459372.898407,-10.4048,-21.2107,20.4324,19.9860,22.7306,20.7761,5
2459373.603677,27.4222,-27.8087,20.4324,19.9860,22.7306,20.7761,5
2459373.621667,-12.1923,2.8032,20.4324,19.9860,22.7306,20.7761,5
2459373.668797,18.6875,-19.9342,20.4324,19.9860,22.7306,20.7761,5
2459373.709527,-11.4281,19.1890,20.4324,19.9860,22.7306,20.7761,5
2459373.726327,18.1504,11.1641,20.4324,19.9860,22.7306,20.7761,5
2459373.779227,3.0895,12.0405,20.4324,19.9860,22.7306,20.7761,5
2459373.832647,-10.1164,2.8430,20.4324,19.9860,22.7306,20.7761,5
2459373.849617,2.2851,6.7012,20.4324,19.9860,22.7306,20.7761,5
2459374.658217,-10.7631,-13.2033,20.4324,19.9860,22.7306,20.7761,5
2459374.697497,20.3600,-4.7920,20.4324,19.9860,22.7306,20.7761,5
2459374.714517,-27.9184,-27.9388,20.4324,19.9860,22.7306,20.7761,5
2459374.785177,10.0954,-5.4350,20.4324,19.9860,22.7306,20.7761,5
2459374.819447,-27.5675,14.1356,20.4324,19.9860,22.7306,20.7761,5
2459374.835887,3.2051,4.4084,20.4324,19.9860,22.7306,20.7761,5
2459374.862997,-2.7153,4.2439,20.4324,19.9860,22.7306,20.7761,5
2459375.648877,-42.5975,-24.6936,20.4324,19.9860,22.7306,20.7761,5
2459375.666097,-9.7604,-31.0069,20.4324,19.9860,22.7306,20.7761,5
2459375.688057,31.4583,-1.4543,20.4324,19.9860,22.7306,20.7761,5
2459375.712447,-15.4965,20.7219,20.4324,19.9860,22.7306,20.7761,5
2459375.729167,-22.5377,-12.5716,20.4324,19.9860,22.7306,20.7761,5
2459375.763257,32.9940,-4.5736,20.4324,19.9860,22.7306,20.7761,5
2459375.780027,22.3734,21.4842,20.4324,19.9860,22.7306,20.7761,5
2459375.800417,1.3500,18.7176,20.4324,19.9860,22.7306,20.7761,5
2459375.815517,-34.0439,-17.1913,20.4324,19.9860,22.7306,20.7761,5
2459375.870687,-24.7480,-22.1615,20.4324,19.9860,22.7306,20.7761,5
2459375.888037,27.7530,9.5040,20.4324,19.9860,22.7306,20.7761,5
2459376.618587,-7.9583,-21.5326,20.4324,19.9860,22.7306,20.7761,5
2459376.665297,-2.9799,-1.9653,20.4324,19.9860,22.7306,20.7761,5
2459376.682887,15.2011,2.4401,20.4324,19.9860,22.7306,20.7761,5
2459376.708737,3.3292,-6.1484,20.4324,19.9860,22.7306,20.7761,5
2459376.727317,25.9383,-0.1917,20.4324,19.9860,22.7306,20.7761,5
2459376.771507,15.7889,33.6278,20.4324,19.9860,22.7306,20.7761,5
2459376.822737,10.1271,-6.4798,20.4324,19.9860,22.7306,20.7761,5
2459376.843627,3.0536,12.6687,20.4324,19.9860,22.7306,20.7761,5
2459377.676317,15.7380,6.1138,20.4324,19.9860,22.7306,20.7761,5
2459377.698957,-2.4633,-1.8560,20.4324,19.9860,22.7306,20.7761,5
2459377.716077,-9.2146,-13.9423,20.4324,19.9860,22.7306,20.7761,5
2459377.743417,4.2852,-2.0627,20.4324,19.9860,22.7306,20.7761,5
2459377.805687,10.1760,0.8873,20.4324,19.9860,22.7306,20.7761,5
2459377.821997,5.2792,-11.7688,20.4324,19.9860,22.7306,20.7761,5
2459377.838877,-11.4468,7.1204,20.4324,19.9860,22.7306,20.7761,5
2459377.884267,0.0417,31.6896,20.4324,19.9860,22.7306,20.7761,5
2459378.633427,-10.6926,2.9831,20.4324,19.9860,22.7306,20.7761,5
2459378.652437,2.3872,-1.5014,20.4324,19.9860,22.7306,20.7761,5
2459378.669637,23.0976,-16.7108,20.4324,19.9860,22.7306,20.7761,5
2459378.704217,-13.0296,-14.6954,20.4324,19.9860,22.7306,20.7761,5
2459378.731667,0.9416,33.7454,20.4324,19.9860,22.7306,20.7761,5
2459378.748417,-0.8796,15.0415,20.4324,19.9860,22.7306,20.7761,5
2459378.765127,-12.5000,6.1634,20.4324,19.9860,22.7306,20.7761,5
2459378.781997,-6.3831,17.5477,20.4324,19.9860,22.7306,20.7761,5
2459378.815547,0.3898,8.0841,20.4324,19.9860,22.7306,20.7761,5
2459378.842877,-23.9289,6.7542,20.4324,19.9860,22.7306,20.7761,5
2459379.607437,13.4490,8.5422,20.4324,19.9860,22.7306,20.7761,5
2459379.660347,-12.9604,14.7957,20.4324,19.9860,22.7306,20.7761,5
2459379.677817,-12.3678,-12.1351,20.4324,19.9860,22.7306,20.7761,5
2459379.725467,20.9664,14.4565,20.4324,19.9860,22.7306,20.7761,5
2459379.742307,-12.1565,6.8444,20.4324,19.9860,22.7306,20.7761,5
2459379.759537,-1.3951,12.1261,20.4324,19.9860,22.7306,20.7761,5
2459379.776077,-0.6416,21.4557,20.4324,19.9860,22.7306,20.7761,5
2459379.803027,4.1992,1.7018,20.4324,19.9860,22.7306,20.7761,5
2459380.704507,22.7330,11.7155,20.4324,19.9860,22.7306,20.7761,5
2459381.865087,-8.7137,17.6362,20.4324,19.9860,22.7306,20.7761,5
2459382.693277,32.4190,12.9229,20.4324,19.9860,22.7306,20.7761,5
2459382.720787,-16.0561,16.0645,20.4324,19.9860,22.7306,20.7761,5
2459382.757077,30.8350,9.9980,20.4324,19.9860,22.7306,20.7761,5
2459383.653337,-25.7838,-19.2738,20.4324,19.9860,22.7306,20.7761,5
2459383.738337,0.3985,21.8912,20.4324,19.9860,22.7306,20.7761,5
2459383.763207,1.5969,23.6207,20.4324,19.9860,22.7306,20.7761,5
2459383.823597,12.0584,9.9298,20.4324,19.9860,22.7306,20.7761,5
2459383.827017,-2.2911,-3.7216,20.4324,19.9860,22.7306,20.7761,5
2459384.611717,-6.7037,-18.4397,20.4324,19.9860,22.7306,20.7761,5
2459384.629467,5.5046,30.8021,20.4324,19.9860,22.7306,20.7761,5
2459384.708877,-31.1836,4.8798,20.4324,19.9860,22.7306,20.7761,5
2459384.763237,20.4376,8.9997,20.4324,19.9860,22.7306,20.7761,5
2459384.779947,8.4725,4.2373,20.4324,19.9860,22.7306,20.7761,5
2459384.808837,16.2004,0.1039,20.4324,19.9860,22.7306,20.7761,5
2459384.825397,37.5059,-12.5370,20.4324,19.9860,22.7306,20.7761,5
2459385.665767,-14.3744,29.2597,20.4324,19.9860,22.7306,20.7761,5
2459385.700267,24.5065,-3.5598,20.4324,19.9860,22.7306,20.7761,5
2459385.734267,-22.6838,-7.1386,20.4324,19.9860,22.7306,20.7761,5
2459385.795117,-44.5237,-19.7952,20.4324,19.9860,22.7306,20.7761,5
2459385.818077,2.6183,-1.4210,20.4324,19.9860,22.7306,20.7761,5
2459386.681427,-1.2687,0.9677,20.4324,19.9860,22.7306,20.7761,5
2459386.698247,29.5909,-0.7291,20.4324,19.9860,22.7306,20.7761,5
2459386.776347,-0.8435,-1.7367,20.4324,19.9860,22.7306,20.7761,5
2459386.793517,-8.5416,-27.4672,20.4324,19.9860,22.7306,20.7761,5
2459386.828117,14.5037,15.0939,20.4324,19.9860,22.7306,20.7761,5
2459387.576917,-27.3474,-1.8014,20.4324,19.9860,22.7306,20.7761,5
2459387.656757,-11.2338,12.0376,20.4324,19.9860,22.7306,20.7761,5
2459387.676507,5.2777,-2.0964,20.4324,19.9860,22.7306,20.7761,5
2459387.694607,-4.8401,29.4552,20.4324,19.9860,22.7306,20.7761,5
2459387.722747,12.6441,10.0385,20.4324,19.9860,22.7306,20.7761,5
2459387.728567,15.2964,-4.5167,20.4324,19.9860,22.7306,20.7761,5
2459387.765757,-6.3698,10.2698,20.4324,19.9860,22.7306,20.7761,5
2459387.830167,0.0646,16.5016,20.4324,19.9860,22.7306,20.7761,5
2459387.855877,28.6385,28.0209,20.4324,19.9860,22.7306,20.7761,5
2459393.554727,-1.1488,10.8638,20.4324,19.9860,22.7306,20.7761,5
2459393.631967,-27.8973,1.8071,20.4324,19.9860,22.7306,20.7761,5
2459393.666797,12.9676,13.5647,20.4324,19.9860,22.7306,20.7761,5
2459393.685377,21.1803,4.7624,20.4324,19.9860,22.7306,20.7761,5
2459393.704117,-6.8228,0.9402,20.4324,19.9860,22.7306,20.7761,5
2459393.752547,-17.5672,2.3459,20.4324,19.9860,22.7306,20.7761,5
2459393.768017,-10.8590,27.3467,20.4324,19.9860,22.7306,20.7761,5
2459393.801857,-1.1814,-0.7627,20.4324,19.9860,22.7306,20.7761,5
2459394.556737,27.0149,-17.2416,20.4324,19.9860,22.7306,20.7761,5
2459394.574237,14.2066,-34.3903,20.4324,19.9860,22.7306,20.7761,5
2459394.663647,-29.5373,-25.0328,20.4324,19.9860,22.7306,20.7761,5
2459394.687087,8.2616,9.3350,20.4324,19.9860,22.7306,20.7761,5
2459394.714697,17.6057,-5.5062,20.4324,19.9860,22.7306,20.7761,5
2459394.735307,26.1960,12.5478,20.4324,19.9860,22.7306,20.7761,5
2459394.758137,17.6936,-26.9538,20.4324,19.9860,22.7306,20.7761,5
2459394.775007,-10.8386,-32.6758,20.4324,19.9860,22.7306,20.7761,5
2459394.808717,-5.7782,23.0240,20.4324,19.9860,22.7306,20.7761,5
2459395.632517,-1.7769,41.2670,20.4324,19.9860,22.7306,20.7761,5
2459395.730017,31.4124,6.8196,20.4324,19.9860,22.7306,20.7761,5
2459396.612977,-11.2673,-2.0161,20.4324,19.9860,22.7306,20.7761,5
2459396.663907,10.5137,-10.3093,20.4324,19.9860,22.7306,20.7761,5
2459396.684727,-1.3411,10.4544,20.4324,19.9860,22.7306,20.7761,5
2459396.701497,43.7997,23.0585,20.4324,19.9860,22.7306,20.7761,5
2459396.719657,-0.2196,0.3671,20.4324,19.9860,22.7306,20.7761,5
2459396.736927,0.2268,-2.4523,20.4324,19.9860,22.7306,20.7761,5
2459396.767347,20.4343,22.2053,20.4324,19.9860,22.7306,20.7761,5
2459396.788937,14.8524,-13.2261,20.4324,19.9860,22.7306,20.7761,5
2459397.655217,-3.1442,-4.2595,20.4324,19.9860,22.7306,20.7761,5
2459397.693677,23.1941,26.5921,20.4324,19.9860,22.7306,20.7761,5
2459397.712067,24.1582,36.4079,20.4324,19.9860,22.7306,20.7761,5
2459397.729277,14.5269,3.2289,20.4324,19.9860,22.7306,20.7761,5
2459397.774677,-6.0392,2.5368,20.4324,19.9860,22.7306,20.7761,5
2459397.794207,3.1021,2.7777,20.4324,19.9860,22.7306,20.7761,5
2459397.812747,-1.6096,6.1985,20.4324,19.9860,22.7306,20.7761,5
2459397.829607,22.3160,-38.4579,20.4324,19.9860,22.7306,20.7761,5
2459399.557127,-1.9611,-24.7529,20.4324,19.9860,22.7306,20.7761,5
2459399.611737,15.8110,13.1521,20.4324,19.9860,22.7306,20.7761,5
2459399.630087,2.8733,1.7195,20.4324,19.9860,22.7306,20.7761,5
2459399.652577,-12.0214,3.8961,20.4324,19.9860,22.7306,20.7761,5
2459399.676117,6.5107,-1.3159,20.4324,19.9860,22.7306,20.7761,5
2459399.695907,-27.4944,7.2876,20.4324,19.9860,22.7306,20.7761,5
2459399.722857,-4.1901,-18.6896,20.4324,19.9860,22.7306,20.7761,5
2459400.632997,-8.9997,7.5405,20.4324,19.9860,22.7306,20.7761,5
2459400.721937,-32.5647,-26.2081,20.4324,19.9860,22.7306,20.7761,5
2459400.738797,8.7508,10.2718,20.4324,19.9860,22.7306,20.7761,5
2459400.773077,-17.1275,14.6090,20.4324,19.9860,22.7306,20.7761,5
2459401.602307,-15.9923,-7.6149,20.4324,19.9860,22.7306,20.7761,5
2459401.638717,-20.7349,-17.0298,20.4324,19.9860,22.7306,20.7761,5
2459401.668367,-8.5229,-6.6764,20.4324,19.9860,22.7306,20.7761,5
2459401.685837,11.7726,-0.5084,20.4324,19.9860,22.7306,20.7761,5
2459401.721037,22.0846,4.4019,20.4324,19.9860,22.7306,20.7761,5
2459401.815857,22.1495,-33.9207,20.4324,19.9860,22.7306,20.7761,5
2459402.658337,-45.0513,-9.3446,20.4324,19.9860,22.7306,20.7761,5
2459402.709947,-17.0251,-7.1736,20.4324,19.9860,22.7306,20.7761,5
2459403.517927,-40.8745,-36.5160,20.4324,19.9860,22.7306,20.7761,5
2459403.535497,-21.8693,-13.7888,20.4324,19.9860,22.7306,20.7761,5
2459403.583027,45.7534,-11.0300,20.4324,19.9860,22.7306,20.7761,5
2459403.600677,1.2468,-2.3024,20.4324,19.9860,22.7306,20.7761,5
2459403.628317,-3.0185,23.9818,20.4324,19.9860,22.7306,20.7761,5
2459403.645797,19.4606,-5.4713,20.4324,19.9860,22.7306,20.7761,5
2459403.684067,5.7492,5.4129,20.4324,19.9860,22.7306,20.7761,5
2459403.700797,-0.7911,4.8897,20.4324,19.9860,22.7306,20.7761,5
2459403.732227,17.4138,1.9985,20.4324,19.9860,22.7306,20.7761,5
2459403.748657,20.8009,30.3698,20.4324,19.9860,22.7306,20.7761,5
2459403.765397,-20.4956,13.3287,20.4324,19.9860,22.7306,20.7761,5
2459403.782527,16.8538,20.8249,20.4324,19.9860,22.7306,20.7761,5
2459404.502437,30.5276,-39.8906,20.4324,19.9860,22.7306,20.7761,5
2459404.520077,-32.6103,1.5953,20.4324,19.9860,22.7306,20.7761,5
2459404.540527,14.9246,0.9583,20.4324,19.9860,22.7306,20.7761,5
2459404.561177,0.2286,-7.0387,20.4324,19.9860,22.7306,20.7761,5
2459404.619787,-14.1456,2.3191,20.4324,19.9860,22.7306,20.7761,5
2459404.637007,17.9612,-5.2427,20.4324,19.9860,22.7306,20.7761,5
2459404.653987,-8.6489,2.6720,20.4324,19.9860,22.7306,20.7761,5
2459404.688577,14.0041,39.4143,20.4324,19.9860,22.7306,20.7761,5
2459404.716247,-0.6059,-3.5841,20.4324,19.9860,22.7306,20.7761,5
2459404.749447,-38.7080,-6.4757,20.4324,19.9860,22.7306,20.7761,5
2459404.788267,19.7077,12.6657,20.4324,19.9860,22.7306,20.7761,5
2459405.565447,25.2726,23.4274,20.4324,19.9860,22.7306,20.7761,5
2459405.593657,14.5964,-2.5869,20.4324,19.9860,22.7306,20.7761,5
2459405.645097,-10.3046,10.9210,20.4324,19.9860,22.7306,20.7761,5
2459405.662367,-3.6445,-14.8044,20.4324,19.9860,22.7306,20.7761,5
2459405.683087,-0.1781,19.8009,20.4324,19.9860,22.7306,20.7761,5
2459405.721387,-20.7118,3.0890,20.4324,19.9860,22.7306,20.7761,5
2459405.737947,22.5355,24.5068,20.4324,19.9860,22.7306,20.7761,5
2459405.754557,40.7182,27.0439,20.4324,19.9860,22.7306,20.7761,5
2459405.771097,23.1890,30.9769,20.4324,19.9860,22.7306,20.7761,5
2459405.793497,-44.0327,31.9751,20.4324,19.9860,22.7306,20.7761,5
2459405.807517,10.9008,-3.9690,20.4324,19.9860,22.7306,20.7761,5
2459406.543497,-27.0446,34.4894,20.4324,19.9860,22.7306,20.7761,5
2459406.600897,16.4595,-20.6684,20.4324,19.9860,22.7306,20.7761,5
2459406.617877,3.9265,17.6291,20.4324,19.9860,22.7306,20.7761,5
2459406.636887,-20.5928,3.1095,20.4324,19.9860,22.7306,20.7761,5
2459406.654337,-33.7227,-3.4965,20.4324,19.9860,22.7306,20.7761,5
2459406.671397,-12.2127,-16.0546,20.4324,19.9860,22.7306,20.7761,5
2459406.756137,-8.4416,-14.3400,20.4324,19.9860,22.7306,20.7761,5
2459406.793767,31.3561,-31.9733,20.4324,19.9860,22.7306,20.7761,5
2459408.505077,-40.8803,-40.1442,20.4324,19.9860,22.7306,20.7761,5
2459408.568747,-4.1637,19.1530,20.4324,19.9860,22.7306,20.7761,5
2459408.624487,21.4161,7.8763,20.4324,19.9860,22.7306,20.7761,5
2459408.672367,32.6340,24.7149,20.4324,19.9860,22.7306,20.7761,5
2459408.689287,23.1730,2.8192,20.4324,19.9860,22.7306,20.7761,5
2459408.723097,-31.9518,14.7138,20.4324,19.9860,22.7306,20.7761,5
2459409.546107,-6.5019,2.8156,20.4324,19.9860,22.7306,20.7761,5
2459409.654317,13.6306,-10.9438,20.4324,19.9860,22.7306,20.7761,5
2459409.777457,-2.0501,5.6590,20.4324,19.9860,22.7306,20.7761,5
2459409.796327,31.5805,13.5209,20.4324,19.9860,22.7306,20.7761,5
2459410.496977,-17.9754,-13.0059,20.4324,19.9860,22.7306,20.7761,5
2459410.577007,-1.3679,-1.4250,20.4324,19.9860,22.7306,20.7761,5
2459410.604937,4.8783,11.6983,20.4324,19.9860,22.7306,20.7761,5
2459410.622217,15.3770,11.0386,20.4324,19.9860,22.7306,20.7761,5
2459410.638817,-8.6477,13.6676,20.4324,19.9860,22.7306,20.7761,5
2459410.656217,-2.9232,6.5438,20.4324,19.9860,22.7306,20.7761,5
2459410.700937,8.0314,-3.1223,20.4324,19.9860,22.7306,20.7761,5
2459410.728147,11.1070,-19.5665,20.4324,19.9860,22.7306,20.7761,5
2459410.762477,-5.6243,-26.6097,20.4324,19.9860,22.7306,20.7761,5
2459410.778997,8.6094,12.5871,20.4324,19.9860,22.7306,20.7761,5
2459411.554457,-22.3494,22.6054,20.4324,19.9860,22.7306,20.7761,5
2459411.576237,-18.0593,6.7437,20.4324,19.9860,22.7306,20.7761,5
2459411.593587,-6.2441,12.2021,20.4324,19.9860,22.7306,20.7761,5
2459411.621067,11.0229,12.7758,20.4324,19.9860,22.7306,20.7761,5
2459411.659707,4.9724,-2.8363,20.4324,19.9860,22.7306,20.7761,5
2459411.678607,-0.5981,-2.8256,20.4324,19.9860,22.7306,20.7761,5
2459411.697407,-11.0914,12.4287,20.4324,19.9860,22.7306,20.7761,5
2459411.725037,3.5715,7.8724,20.4324,19.9860,22.7306,20.7761,5
2459411.742447,-16.4223,11.6567,20.4324,19.9860,22.7306,20.7761,5
2459411.762897,14.6049,4.0996,20.4324,19.9860,22.7306,20.7761,5
2459411.791727,19.8500,10.2026,20.4324,19.9860,22.7306,20.7761,5
2459412.504467,-7.4604,-33.1904,20.4324,19.9860,22.7306,20.7761,5
2459412.555937,-22.2281,-24.3388,20.4324,19.9860,22.7306,20.7761,5
2459412.572697,-9.0069,25.5134,20.4324,19.9860,22.7306,20.7761,5
2459412.589817,-1.1543,-1.2774,20.4324,19.9860,22.7306,20.7761,5
2459412.624517,7.2544,-19.7223,20.4324,19.9860,22.7306,20.7761,5
2459412.670407,39.7250,27.6352,20.4324,19.9860,22.7306,20.7761,5
2459412.704617,17.5820,-11.8305,20.4324,19.9860,22.7306,20.7761,5
2459412.769037,-7.5906,-31.6726,20.4324,19.9860,22.7306,20.7761,5
2459412.789067,-26.4831,-12.8948,20.4324,19.9860,22.7306,20.7761,5
2459413.546477,-9.7389,-9.1386,20.4324,19.9860,22.7306,20.7761,5
2459413.563937,7.5365,12.7987,20.4324,19.9860,22.7306,20.7761,5
2459413.626127,32.6143,21.7745,20.4324,19.9860,22.7306,20.7761,5
2459413.653847,-31.5094,10.6530,20.4324,19.9860,22.7306,20.7761,5
2459414.555907,25.9866,-6.5809,20.4324,19.9860,22.7306,20.7761,5
2459414.592767,-0.3576,5.1776,20.4324,19.9860,22.7306,20.7761,5
2459414.643817,9.4513,26.1642,20.4324,19.9860,22.7306,20.7761,5
2459414.679937,24.5114,28.0753,20.4324,19.9860,22.7306,20.7761,5
2459414.714117,-22.2822,-0.6244,20.4324,19.9860,22.7306,20.7761,5
2459414.733107,42.2564,17.2133,20.4324,19.9860,22.7306,20.7761,5
2459414.765137,6.2304,2.9686,20.4324,19.9860,22.7306,20.7761,5
2459414.782167,17.5208,36.1125,20.4324,19.9860,22.7306,20.7761,5
2459415.690347,-17.9445,2.2910,20.4324,19.9860,22.7306,20.7761,5
2459415.718227,-32.6871,-2.6109,20.4324,19.9860,22.7306,20.7761,5
2459416.573157,-24.4644,-8.5707,20.4324,19.9860,22.7306,20.7761,5
2459416.589937,25.8198,25.3182,20.4324,19.9860,22.7306,20.7761,5
2459418.616227,-17.0257,4.1565,20.4324,19.9860,22.7306,20.7761,5
2459418.650257,-0.1331,-22.6651,20.4324,19.9860,22.7306,20.7761,5
2459418.667127,3.2916,16.8269,20.4324,19.9860,22.7306,20.7761,5
2459419.577617,35.5087,-16.2384,20.4324,19.9860,22.7306,20.7761,5
2459419.611477,-18.4023,-11.1827,20.4324,19.9860,22.7306,20.7761,5
2459419.629037,-10.4788,9.2521,20.4324,19.9860,22.7306,20.7761,5
2459419.646577,-15.6951,4.7228,20.4324,19.9860,22.7306,20.7761,5
2459419.674927,-17.8737,3.5938,20.4324,19.9860,22.7306,20.7761,5
2459419.711347,-10.6623,-18.5340,20.4324,19.9860,22.7306,20.7761,5
2459419.728007,-13.4740,-25.7283,20.4324,19.9860,22.7306,20.7761,5
2459420.567407,-17.7675,20.0057,20.4324,19.9860,22.7306,20.7761,5
2459420.637467,2.4596,-30.9494,20.4324,19.9860,22.7306,20.7761,5
2459420.739067,3.4904,-26.5831,20.4324,19.9860,22.7306,20.7761,5
2459421.621347,18.7496,23.5479,20.4324,19.9860,22.7306,20.7761,5
2459421.668937,5.2009,13.3995,20.4324,19.9860,22.7306,20.7761,5
2459422.599097,18.3856,14.2656,20.4324,19.9860,22.7306,20.7761,5
2459422.616527,-7.9350,30.9631,20.4324,19.9860,22.7306,20.7761,5
2459422.637887,33.4536,15.9900,20.4324,19.9860,22.7306,20.7761,5
2459422.681917,30.5185,-26.7461,20.4324,19.9860,22.7306,20.7761,5
2459422.698787,11.4454,-2.7886,20.4324,19.9860,22.7306,20.7761,5
2459422.750017,25.9994,6.2603,20.4324,19.9860,22.7306,20.7761,5
2459423.542137,0.1434,-22.9060,20.4324,19.9860,22.7306,20.7761,5
2459423.588947,20.0448,-15.8550,20.4324,19.9860,22.7306,20.7761,5
2459423.610347,2.7896,9.2519,20.4324,19.9860,22.7306,20.7761,5
2459423.644127,3.5071,7.7833,20.4324,19.9860,22.7306,20.7761,5
2459423.665307,11.4170,18.4387,20.4324,19.9860,22.7306,20.7761,5
2459423.760037,2.1770,11.3447,20.4324,19.9860,22.7306,20.7761,5
2459424.564977,13.9158,14.3087,20.4324,19.9860,22.7306,20.7761,5
2459424.582277,-20.3080,-26.5179,20.4324,19.9860,22.7306,20.7761,5
2459424.626387,22.4973,-5.6609,20.4324,19.9860,22.7306,20.7761,5
2459424.663607,8.6928,2.0217,20.4324,19.9860,22.7306,20.7761,5
2459424.705537,3.4117,-8.1360,20.4324,19.9860,22.7306,20.7761,5
2459424.732777,-10.5447,1.1509,20.4324,19.9860,22.7306,20.7761,5
2459425.545047,2.0359,-5.6121,20.4324,19.9860,22.7306,20.7761,5
2459425.702637,6.0307,24.7815,20.4324,19.9860,22.7306,20.7761,5
2459425.738967,16.5646,-7.1465,20.4324,19.9860,22.7306,20.7761,5
2459426.489387,9.6336,14.4782,20.4324,19.9860,22.7306,20.7761,5
2459426.523597,-12.3713,-4.8754,20.4324,19.9860,22.7306,20.7761,5
2459426.540397,8.0673,14.2871,20.4324,19.9860,22.7306,20.7761,5
2459426.587357,7.3267,2.3699,20.4324,19.9860,22.7306,20.7761,5
2459426.621807,8.1526,9.8370,20.4324,19.9860,22.7306,20.7761,5
2459426.639197,-6.3033,-0.2412,20.4324,19.9860,22.7306,20.7761,5
2459426.671087,-12.5746,-12.4510,20.4324,19.9860,22.7306,20.7761,5
2459426.688047,5.5703,-0.1651,20.4324,19.9860,22.7306,20.7761,5
2459426.705097,6.4909,6.0465,20.4324,19.9860,22.7306,20.7761,5
2459426.722257,-2.5967,19.4342,20.4324,19.9860,22.7306,20.7761,5
2459426.739337,19.4511,-14.0499,20.4324,19.9860,22.7306,20.7761,5
2459427.478437,29.0089,6.1679,20.4324,19.9860,22.7306,20.7761,5
2459427.526937,-19.2608,8.5906,20.4324,19.9860,22.7306,20.7761,5
2459427.544037,38.9737,32.1091,20.4324,19.9860,22.7306,20.7761,5
2459427.561517,3.1624,-8.2454,20.4324,19.9860,22.7306,20.7761,5
2459427.578677,-2.4299,-2.6216,20.4324,19.9860,22.7306,20.7761,5
2459427.608867,20.2766,12.8365,20.4324,19.9860,22.7306,20.7761,5
2459427.625687,-9.1493,4.0577,20.4324,19.9860,22.7306,20.7761,5
2459427.643097,3.7969,6.5005,20.4324,19.9860,22.7306,20.7761,5
2459427.659437,-5.7629,-1.4736,20.4324,19.9860,22.7306,20.7761,5
2459427.675987,3.8036,-1.8531,20.4324,19.9860,22.7306,20.7761,5
2459427.703467,-1.8309,7.9050,20.4324,19.9860,22.7306,20.7761,5
2459428.488227,10.8783,-5.2821,20.4324,19.9860,22.7306,20.7761,5
2459428.516147,-3.1732,-12.2614,20.4324,19.9860,22.7306,20.7761,5
2459428.533547,11.4334,-8.6590,20.4324,19.9860,22.7306,20.7761,5
2459428.550777,-13.4558,-1.5113,20.4324,19.9860,22.7306,20.7761,5
2459428.568017,-25.8225,-19.1668,20.4324,19.9860,22.7306,20.7761,5
2459428.603537,-5.4992,4.4661,20.4324,19.9860,22.7306,20.7761,5
2459428.665827,1.8827,-13.3639,20.4324,19.9860,22.7306,20.7761,5
2459428.702457,14.0351,-22.7466,20.4324,19.9860,22.7306,20.7761,5
2459428.745447,-17.7425,-8.6330,20.4324,19.9860,22.7306,20.7761,5
2459429.562567,6.5708,1.1187,20.4324,19.9860,22.7306,20.7761,5
2459429.579157,-21.6161,1.2242,20.4324,19.9860,22.7306,20.7761,5
2459429.617067,-11.4383,10.4818,20.4324,19.9860,22.7306,20.7761,5
2459429.633957,-12.6651,5.8779,20.4324,19.9860,22.7306,20.7761,5
2459429.663667,2.9108,7.2468,20.4324,19.9860,22.7306,20.7761,5
2459430.592907,-0.6483,-0.9125,20.4324,19.9860,22.7306,20.7761,5
2459430.610457,-2.7949,2.5996,20.4324,19.9860,22.7306,20.7761,5
2459430.667987,-4.5804,-21.7211,20.4324,19.9860,22.7306,20.7761,5
2459430.695427,-9.7580,-24.0513,20.4324,19.9860,22.7306,20.7761,5
2459431.531087,5.4935,15.5374,20.4324,19.9860,22.7306,20.7761,5
2459431.574947,-6.7534,-13.9230,20.4324,19.9860,22.7306,20.7761,5
2459431.598827,-7.5004,9.4643,20.4324,19.9860,22.7306,20.7761,5
2459431.615617,-19.2540,-2.0054,20.4324,19.9860,22.7306,20.7761,5
2459431.635087,-2.6867,4.7633,20.4324,19.9860,22.7306,20.7761,5
2459431.681497,14.7762,14.4236,20.4324,19.9860,22.7306,20.7761,5
2459431.714897,18.7328,23.9669,20.4324,19.9860,22.7306,20.7761,5
2459432.506217,14.6286,16.7933,20.4324,19.9860,22.7306,20.7761,5
2459432.523607,-20.5048,14.8689,20.4324,19.9860,22.7306,20.7761,5
2459432.541197,-3.5809,17.8580,20.4324,19.9860,22.7306,20.7761,5
2459432.559817,1.4410,5.1475,20.4324,19.9860,22.7306,20.7761,5
2459432.587647,-21.8183,-14.7462,20.4324,19.9860,22.7306,20.7761,5
2459432.604347,-9.8752,0.9626,20.4324,19.9860,22.7306,20.7761,5
2459432.607207,32.6173,10.3951,20.4324,19.9860,22.7306,20.7761,5
2459432.624217,-22.0300,-2.5069,20.4324,19.9860,22.7306,20.7761,5
2459432.641217,3.4611,-5.3254,20.4324,19.9860,22.7306,20.7761,5
2459432.660897,3.5361,12.7491,20.4324,19.9860,22.7306,20.7761,5
2459432.682087,13.1905,-7.3559,20.4324,19.9860,22.7306,20.7761,5
2459432.726527,-14.6086,21.3570,20.4324,19.9860,22.7306,20.7761,5
2459432.734997,19.6631,-6.1474,20.4324,19.9860,22.7306,20.7761,5
2459433.551467,33.6079,7.6062,20.4324,19.9860,22.7306,20.7761,5
2459433.647587,-38.0120,22.5955,20.4324,19.9860,22.7306,20.7761,5
2459436.507947,-27.2237,-29.7838,20.4324,19.9860,22.7306,20.7761,5
2459436.543677,1.8599,8.9334,20.4324,19.9860,22.7306,20.7761,5
2459436.562127,-7.3711,1.8588,20.4324,19.9860,22.7306,20.7761,5
2459436.579067,-13.7604,-7.5801,20.4324,19.9860,22.7306,20.7761,5
2459436.610207,-6.3299,-2.3888,20.4324,19.9860,22.7306,20.7761,5
2459436.627097,-13.3131,-6.3540,20.4324,19.9860,22.7306,20.7761,5
2459436.660637,7.4653,-1.5603,20.4324,19.9860,22.7306,20.7761,5
2459436.678467,-19.6946,-6.6088,20.4324,19.9860,22.7306,20.7761,5
2459439.513067,8.6028,2.6559,20.4324,19.9860,22.7306,20.7761,5
2459439.530257,5.0601,0.4522,20.4324,19.9860,22.7306,20.7761,5
2459439.558977,-1.7286,4.9297,20.4324,19.9860,22.7306,20.7761,5
2459439.593017,-0.1863,11.4408,20.4324,19.9860,22.7306,20.7761,5
2459439.626867,-6.5962,-14.3943,20.4324,19.9860,22.7306,20.7761,5
2459440.496077,8.4458,-17.7701,20.4324,19.9860,22.7306,20.7761,5
2459440.513697,13.1689,-1.7487,20.4324,19.9860,22.7306,20.7761,5
2459440.544857,-1.6185,-15.8936,20.4324,19.9860,22.7306,20.7761,5
2459440.564997,-1.4562,-4.6926,20.4324,19.9860,22.7306,20.7761,5
2459440.597467,6.5260,13.1522,20.4324,19.9860,22.7306,20.7761,5
2459440.645947,10.3314,9.8797,20.4324,19.9860,22.7306,20.7761,5
2459443.521157,8.0201,-13.5470,20.4324,19.9860,22.7306,20.7761,5
2459443.551907,-9.8639,14.6407,20.4324,19.9860,22.7306,20.7761,5
2459443.568767,-26.6923,0.1692,20.4324,19.9860,22.7306,20.7761,5
2459443.599407,-9.7749,15.2165,20.4324,19.9860,22.7306,20.7761,5
2459443.634657,-21.9520,-12.5034,20.4324,19.9860,22.7306,20.7761,5
2459443.637757,-17.4026,-5.4065,20.4324,19.9860,22.7306,20.7761,5
2459443.667837,2.0222,11.0293,20.4324,19.9860,22.7306,20.7761,5
2459443.702967,4.1634,-27.7059,20.4324,19.9860,22.7306,20.7761,5
2459447.483797,-5.5638,13.2306,20.4324,19.9860,22.7306,20.7761,5
2459447.500997,-10.6221,1.0235,20.4324,19.9860,22.7306,20.7761,5
2459447.518367,-11.9812,-0.4059,20.4324,19.9860,22.7306,20.7761,5
2459447.552777,6.4919,9.2310,20.4324,19.9860,22.7306,20.7761,5
2459447.569657,-17.8528,4.5961,20.4324,19.9860,22.7306,20.7761,5
2459447.601317,3.2974,-3.2944,20.4324,19.9860,22.7306,20.7761,5
2459447.634747,-14.7817,-19.3998,20.4324,19.9860,22.7306,20.7761,5
2459447.651537,13.7570,-13.9511,20.4324,19.9860,22.7306,20.7761,5
2459447.691287,-20.1070,-12.1993,20.4324,19.9860,22.7306,20.7761,5
2459448.509797,-3.3046,16.6861,20.4324,19.9860,22.7306,20.7761,5
2459448.544007,-2.6430,-8.4507,20.4324,19.9860,22.7306,20.7761,5
2459449.501697,9.9652,25.7285,20.4324,19.9860,22.7306,20.7761,5
2459449.518627,-14.5866,13.7420,20.4324,19.9860,22.7306,20.7761,5
2459449.540977,-16.8655,-31.0813,20.4324,19.9860,22.7306,20.7761,5
2459449.558047,20.7223,-11.6369,20.4324,19.9860,22.7306,20.7761,5
2459449.585317,-5.9040,7.6418,20.4324,19.9860,22.7306,20.7761,5
2459449.602397,-0.5100,13.4739,20.4324,19.9860,22.7306,20.7761,5
2459452.550957,-1.9557,6.6341,20.4324,19.9860,22.7306,20.7761,5
2459452.584217,2.1078,19.3848,20.4324,19.9860,22.7306,20.7761,5
2459452.634607,-27.6474,-28.5547,20.4324,19.9860,22.7306,20.7761,5
2459452.661957,-13.9372,20.3958,20.4324,19.9860,22.7306,20.7761,5
2459452.678937,-19.4245,6.1753,20.4324,19.9860,22.7306,20.7761,5
2459453.473127,-7.6233,4.4001,20.4324,19.9860,22.7306,20.7761,5
2459453.528907,-20.4137,-1.6300,20.4324,19.9860,22.7306,20.7761,5
2459453.556287,-21.9056,5.7122,20.4324,19.9860,22.7306,20.7761,5
2459453.591887,-4.1974,-0.9773,20.4324,19.9860,22.7306,20.7761,5
2459453.608557,-5.4971,8.7044,20.4324,19.9860,22.7306,20.7761,5
2459453.625507,-14.5387,15.3150,20.4324,19.9860,22.7306,20.7761,5
2459453.653187,-11.3578,-9.5943,20.4324,19.9860,22.7306,20.7761,5
2459453.669997,2.7408,8.9007,20.4324,19.9860,22.7306,20.7761,5
2459454.541077,-27.8704,5.1887,20.4324,19.9860,22.7306,20.7761,5
2459454.585397,-4.0262,2.7624,20.4324,19.9860,22.7306,20.7761,5
2459454.601997,2.6221,12.8635,20.4324,19.9860,22.7306,20.7761,5
2459454.635337,27.3649,15.7926,20.4324,19.9860,22.7306,20.7761,5
2459455.484507,5.3602,10.5204,20.4324,19.9860,22.7306,20.7761,5
2459455.501487,-10.5047,9.5643,20.4324,19.9860,22.7306,20.7761,5
2459455.519077,8.7746,-5.0282,20.4324,19.9860,22.7306,20.7761,5
2459455.536207,-9.5798,-17.3889,20.4324,19.9860,22.7306,20.7761,5
2459455.563777,29.5531,-21.2170,20.4324,19.9860,22.7306,20.7761,5
2459455.581677,4.3967,-9.1103,20.4324,19.9860,22.7306,20.7761,5
2459455.667887,26.7081,-32.7536,20.4324,19.9860,22.7306,20.7761,5
2459456.484037,-0.1218,-3.3623,20.4324,19.9860,22.7306,20.7761,5
2459456.554657,-14.6886,16.9229,20.4324,19.9860,22.7306,20.7761,5
2459456.582087,-11.6142,-3.8471,20.4324,19.9860,22.7306,20.7761,5
2459456.620857,-8.0191,18.8232,20.4324,19.9860,22.7306,20.7761,5
2459457.492677,6.1709,-13.9064,20.4324,19.9860,22.7306,20.7761,5
2459457.510037,-4.0923,15.4895,20.4324,19.9860,22.7306,20.7761,5
2459457.526977,-2.5083,13.3321,20.4324,19.9860,22.7306,20.7761,5
2459457.603957,-27.3329,-33.3183,20.4324,19.9860,22.7306,20.7761,5
2459458.503947,4.0538,25.9548,20.4324,19.9860,22.7306,20.7761,5
2459458.581097,21.6221,45.6937,20.4324,19.9860,22.7306,20.7761,5
2459460.492237,-16.3621,-24.7458,20.4324,19.9860,22.7306,20.7761,5
2459460.512137,-28.1128,-7.7109,20.4324,19.9860,22.7306,20.7761,5
2459460.540427,7.7625,24.2184,20.4324,19.9860,22.7306,20.7761,5
2459460.631147,42.6399,-37.2605,20.4324,19.9860,22.7306,20.7761,5
2459461.501487,3.2720,-6.6399,20.4324,19.9860,22.7306,20.7761,5
2459461.544167,20.4269,31.7909,20.4324,19.9860,22.7306,20.7761,5
2459462.480827,0.6296,-32.3127,20.4324,19.9860,22.7306,20.7761,5
2459462.508087,19.6021,-3.6309,20.4324,19.9860,22.7306,20.7761,5
2459462.524567,21.8195,-2.7453,20.4324,19.9860,22.7306,20.7761,5
2459462.576257,-15.6563,-24.7339,20.4324,19.9860,22.7306,20.7761,5
2459462.603497,47.7646,-13.0094,20.4324,19.9860,22.7306,20.7761,5
2459463.472567,-20.1572,-0.4904,20.4324,19.9860,22.7306,20.7761,5
2459463.489497,-9.0753,12.6290,20.4324,19.9860,22.7306,20.7761,5
2459463.509287,37.8228,34.8447,20.4324,19.9860,22.7306,20.7761,5
2459463.604337,34.9063,-1.6757,20.4324,19.9860,22.7306,20.7761,5
2459466.530637,15.9178,1.8198,20.4324,19.9860,22.7306,20.7761,5
2459467.479567,-11.0399,32.8206,20.4324,19.9860,22.7306,20.7761,5
2459467.524357,15.9009,13.8279,20.4324,19.9860,22.7306,20.7761,5
2459467.560257,22.9112,38.0998,20.4324,19.9860,22.7306,20.7761,5
2459467.579837,29.1955,34.9188,20.4324,19.9860,22.7306,20.7761,5
2459467.613207,-12.2804,17.8538,20.4324,19.9860,22.7306,20.7761,5
2459468.527557,-1.2973,-12.9166,20.4324,19.9860,22.7306,20.7761,5
2459468.606697,-6.4575,10.3058,20.4324,19.9860,22.7306,20.7761,5
2459468.623207,-4.4380,23.8137,20.4324,19.9860,22.7306,20.7761,5
2459470.547957,-0.4466,-3.9558,20.4324,19.9860,22.7306,20.7761,5
2459470.600977,56.7622,1.7073,20.4324,19.9860,22.7306,20.7761,5
2459474.508607,37.4435,-10.1733,20.4324,19.9860,22.7306,20.7761,5
2459475.493237,10.9489,-0.7025,20.4324,19.9860,22.7306,20.7761,5
2459475.509887,-14.0013,-0.8796,20.4324,19.9860,22.7306,20.7761,5
2459475.526657,3.0357,17.8149,20.4324,19.9860,22.7306,20.7761,5
2459475.560447,37.4956,-18.8218,20.4324,19.9860,22.7306,20.7761,5
2459478.501197,-20.5346,48.9740,20.4324,19.9860,22.7306,20.7761,5
2459478.534787,26.1230,-23.8868,20.4324,19.9860,22.7306,20.7761,5
2459478.551507,0.3340,12.0002,20.4324,19.9860,22.7306,20.7761,5
2459479.560177,37.9146,45.6236,20.4324,19.9860,22.7306,20.7761,5
2459479.594807,44.3056,-30.6094,20.4324,19.9860,22.7306,20.7761,5
2459480.480327,1.8117,1.5382,20.4324,19.9860,22.7306,20.7761,5
2459480.497417,-26.4060,23.6058,20.4324,19.9860,22.7306,20.7761,5
2459480.514817,-3.7364,-0.9566,20.4324,19.9860,22.7306,20.7761,5
2459480.542137,-0.5063,16.6923,20.4324,19.9860,22.7306,20.7761,5
2459480.568887,-3.0578,2.0927,20.4324,19.9860,22.7306,20.7761,5
2459481.532837,-15.1222,-41.8768,20.4324,19.9860,22.7306,20.7761,5
2459482.544767,5.5019,10.3329,20.4324,19.9860,22.7306,20.7761,5
2459483.536327,-24.3770,16.2632,20.4324,19.9860,22.7306,20.7761,5
2459484.526607,0.4132,-23.9884,20.4324,19.9860,22.7306,20.7761,5
2459486.543197,-31.4453,-21.2834,20.4324,19.9860,22.7306,20.7761,5
2459486.560087,3.0678,-43.7967,20.4324,19.9860,22.7306,20.7761,5
2459488.543257,-17.7190,24.3711,20.4324,19.9860,22.7306,20.7761,5
2459489.484387,-40.3817,-17.7507,20.4324,19.9860,22.7306,20.7761,5
2459489.502477,-21.0585,-5.0632,20.4324,19.9860,22.7306,20.7761,5
2459489.524077,-3.4359,-0.3580,20.4324,19.9860,22.7306,20.7761,5
2459489.550967,-11.0191,28.5033,20.4324,19.9860,22.7306,20.7761,5
2459489.567827,30.1416,6.8864,20.4324,19.9860,22.7306,20.7761,5
2459490.489897,-6.7580,8.7211,20.4324,19.9860,22.7306,20.7761,5
2459490.507197,-15.1333,-25.1578,20.4324,19.9860,22.7306,20.7761,5
2459490.530317,0.5867,16.5938,20.4324,19.9860,22.7306,20.7761,5
2459490.562687,-1.9391,-24.4153,20.4324,19.9860,22.7306,20.7761,5
2459491.508447,-3.7578,38.7239,20.4324,19.9860,22.7306,20.7761,5
2459491.525557,20.0335,18.6138,20.4324,19.9860,22.7306,20.7761,5
2459491.542757,10.4816,13.7796,20.4324,19.9860,22.7306,20.7761,5
2459491.570057,-24.8748,-0.2417,20.4324,19.9860,22.7306,20.7761,5
2459492.516247,8.5843,30.7379,20.4324,19.9860,22.7306,20.7761,5
2459492.533627,7.0093,-9.2064,20.4324,19.9860,22.7306,20.7761,5
2459493.495297,0.1231,13.2877,20.4324,19.9860,22.7306,20.7761,5
2459493.512027,26.1825,-1.9050,20.4324,19.9860,22.7306,20.7761,5
2459494.516027,-0.2456,-12.9660,20.4324,19.9860,22.7306,20.7761,5
2459494.535427,2.9174,1.3694,20.4324,19.9860,22.7306,20.7761,5
2459494.556157,3.3167,10.0431,20.4324,19.9860,22.7306,20.7761,5
2459501.533297,15.0056,-5.3678,20.4324,19.9860,22.7306,20.7761,5
2459502.498027,5.7448,-2.6885,20.4324,19.9860,22.7306,20.7761,5
2459503.511947,-9.2253,5.4762,20.4324,19.9860,22.7306,20.7761,5
2459503.539037,-1.5358,-15.2402,20.4324,19.9860,22.7306,20.7761,5
2459504.512367,-9.7861,23.5694,20.4324,19.9860,22.7306,20.7761,5
2459504.529227,19.4453,11.1144,20.4324,19.9860,22.7306,20.7761,5
2459504.536647,5.9028,-14.4157,20.4324,19.9860,22.7306,20.7761,5
2459505.534887,-2.6795,-12.5339,20.4324,19.9860,22.7306,20.7761,5
2459507.530027,-34.4226,-1.0737,20.4324,19.9860,22.7306,20.7761,5
2459508.526847,1.4023,0.1621,20.4324,19.9860,22.7306,20.7761,5
2459509.524417,-30.8910,-25.5674,20.4324,19.9860,22.7306,20.7761,5
2459636.882757,8.0929,-2.9432,20.4324,19.9860,31.1372,28.7117,6
2459637.848807,-27.3996,-84.7553,20.4324,19.9860,31.1372,28.7117,6
2459637.866897,-1.6652,-46.4548,20.4324,19.9860,31.1372,28.7117,6
2459637.895197,11.3748,39.0366,20.4324,19.9860,31.1372,28.7117,6
2459638.879197,11.1457,-39.3532,20.4324,19.9860,31.1372,28.7117,6
2459638.896527,-24.6115,-61.0666,20.4324,19.9860,31.1372,28.7117,6
2459639.855237,-8.2029,-64.8414,20.4324,19.9860,31.1372,28.7117,6
2459639.890497,18.5275,-102.1989,20.4324,19.9860,31.1372,28.7117,6
2459640.856567,-35.1701,-19.9252,20.4324,19.9860,31.1372,28.7117,6
2459640.891947,-110.5330,-49.3131,20.4324,19.9860,31.1372,28.7117,6
2459642.901917,-57.6794,-41.7766,20.4324,19.9860,31.1372,28.7117,6
2459646.880787,-55.2197,-90.2003,20.4324,19.9860,31.1372,28.7117,6
2459646.898647,-108.1060,-22.7112,20.4324,19.9860,31.1372,28.7117,6
2459648.823457,-32.8065,54.4829,20.4324,19.9860,31.1372,28.7117,6
2459648.851707,14.8662,9.1532,20.4324,19.9860,31.1372,28.7117,6
2459648.874987,7.6992,40.3970,20.4324,19.9860,31.1372,28.7117,6
2459648.892887,21.1201,-64.5778,20.4324,19.9860,31.1372,28.7117,6
2459648.910297,-4.9847,25.9112,20.4324,19.9860,31.1372,28.7117,6
2459649.908527,16.2964,-22.3453,20.4324,19.9860,31.1372,28.7117,6
2459650.806027,22.7516,-92.6916,20.4324,19.9860,31.1372,28.7117,6
2459650.823897,-13.9554,-66.1398,20.4324,19.9860,31.1372,28.7117,6
2459650.904727,-18.7714,-5.4680,20.4324,19.9860,31.1372,28.7117,6
2459651.870557,-27.2381,33.1345,20.4324,19.9860,31.1372,28.7117,6
2459651.905237,28.5283,14.1810,20.4324,19.9860,31.1372,28.7117,6
2459652.872237,30.6990,-24.5378,20.4324,19.9860,31.1372,28.7117,6
2459652.895887,16.6595,13.0474,20.4324,19.9860,31.1372,28.7117,6
2459653.815407,38.4960,-27.0838,20.4324,19.9860,31.1372,28.7117,6
2459653.867577,16.1619,13.0755,20.4324,19.9860,31.1372,28.7117,6
2459653.902237,18.9061,34.7092,20.4324,19.9860,31.1372,28.7117,6
2459654.841957,-25.8191,3.5368,20.4324,19.9860,31.1372,28.7117,6
2459655.852117,-61.1294,-21.7853,20.4324,19.9860,31.1372,28.7117,6
2459655.869867,-10.3682,-32.5293,20.4324,19.9860,31.1372,28.7117,6
2459655.889127,2.4420,-11.6220,20.4324,19.9860,31.1372,28.7117,6
2459656.848667,-66.8686,-57.6009,20.4324,19.9860,31.1372,28.7117,6
2459656.880897,-38.6954,-11.0050,20.4324,19.9860,31.1372,28.7117,6
2459656.898117,46.9812,-4.9328,20.4324,19.9860,31.1372,28.7117,6
2459656.915657,-25.4396,-17.7765,20.4324,19.9860,31.1372,28.7117,6
2459657.898817,-15.1797,-16.8963,20.4324,19.9860,31.1372,28.7117,6
2459658.818127,-45.9496,-43.8862,20.4324,19.9860,31.1372,28.7117,6
2459658.839137,-24.2301,-40.2574,20.4324,19.9860,31.1372,28.7117,6
2459658.857107,-20.8785,-24.5397,20.4324,19.9860,31.1372,28.7117,6
2459658.876457,24.0095,23.0673,20.4324,19.9860,31.1372,28.7117,6
2459658.906117,24.5585,0.7428,20.4324,19.9860,31.1372,28.7117,6
2459658.909217,-24.5189,18.5313,20.4324,19.9860,31.1372,28.7117,6
2459659.827407,-41.3901,-65.4734,20.4324,19.9860,31.1372,28.7117,6
2459659.855427,19.2953,-23.0318,20.4324,19.9860,31.1372,28.7117,6
2459659.891997,-20.5710,22.8448,20.4324,19.9860,31.1372,28.7117,6
2459659.909117,8.4225,-27.5762,20.4324,19.9860,31.1372,28.7117,6
2459660.848247,-7.7292,-30.0251,20.4324,19.9860,31.1372,28.7117,6
2459660.887547,3.0661,22.7563,20.4324,19.9860,31.1372,28.7117,6
2459661.846937,11.9436,-21.5133,20.4324,19.9860,31.1372,28.7117,6
2459661.875327,-14.3057,6.5887,20.4324,19.9860,31.1372,28.7117,6
2459661.912617,-31.1470,27.6342,20.4324,19.9860,31.1372,28.7117,6
2459664.794947,18.1419,-39.4795,20.4324,19.9860,31.1372,28.7117,6
2459664.823427,7.0560,-4.9666,20.4324,19.9860,31.1372,28.7117,6
2459664.840867,-13.2265,0.2139,20.4324,19.9860,31.1372,28.7117,6
2459664.861997,-6.5349,18.8465,20.4324,19.9860,31.1372,28.7117,6
2459664.904077,6.4353,2.8618,20.4324,19.9860,31.1372,28.7117,6
2459665.780637,25.9574,-14.6726,20.4324,19.9860,31.1372,28.7117,6
2459665.798047,-26.5222,-11.1611,20.4324,19.9860,31.1372,28.7117,6
2459665.833037,41.9008,-21.6852,20.4324,19.9860,31.1372,28.7117,6
2459665.850627,-4.4360,-20.3729,20.4324,19.9860,31.1372,28.7117,6
2459665.880667,-8.3657,12.5955,20.4324,19.9860,31.1372,28.7117,6
2459665.914937,-20.5619,10.1021,20.4324,19.9860,31.1372,28.7117,6
2459666.852517,-2.8665,-26.5108,20.4324,19.9860,31.1372,28.7117,6
2459666.874877,28.3610,-0.1929,20.4324,19.9860,31.1372,28.7117,6
2459666.912947,5.7712,16.4050,20.4324,19.9860,31.1372,28.7117,6
2459667.782537,23.2410,-10.4291,20.4324,19.9860,31.1372,28.7117,6
2459667.838877,20.3988,2.4283,20.4324,19.9860,31.1372,28.7117,6
2459667.856277,15.0223,-18.5738,20.4324,19.9860,31.1372,28.7117,6
2459667.887347,17.5083,6.1651,20.4324,19.9860,31.1372,28.7117,6
2459668.831647,-4.8651,-21.6467,20.4324,19.9860,31.1372,28.7117,6
2459668.867167,20.9859,-7.7426,20.4324,19.9860,31.1372,28.7117,6
2459668.884807,-19.9421,31.6781,20.4324,19.9860,31.1372,28.7117,6
2459669.777817,-62.1336,-37.5169,20.4324,19.9860,31.1372,28.7117,6
2459670.874617,-12.4222,-7.9443,20.4324,19.9860,31.1372,28.7117,6
2459670.892427,-28.7235,4.4915,20.4324,19.9860,31.1372,28.7117,6
2459670.909897,2.4630,-9.5194,20.4324,19.9860,31.1372,28.7117,6
2459671.751977,-49.3582,-45.2650,20.4324,19.9860,31.1372,28.7117,6
2459671.805147,-3.1010,-14.7170,20.4324,19.9860,31.1372,28.7117,6
2459671.822897,23.9471,-42.3327,20.4324,19.9860,31.1372,28.7117,6
2459671.846857,15.1764,1.0015,20.4324,19.9860,31.1372,28.7117,6
2459671.867777,-29.9588,-4.3789,20.4324,19.9860,31.1372,28.7117,6
2459671.885097,18.9610,12.1938,20.4324,19.9860,31.1372,28.7117,6
2459671.912237,16.0554,0.3742,20.4324,19.9860,31.1372,28.7117,6
2459672.769807,-5.6603,-40.3833,20.4324,19.9860,31.1372,28.7117,6
2459672.819677,-23.8566,-23.2795,20.4324,19.9860,31.1372,28.7117,6
2459672.855117,-12.7204,-11.9226,20.4324,19.9860,31.1372,28.7117,6
2459672.889247,3.6868,-13.2110,20.4324,19.9860,31.1372,28.7117,6
2459673.857367,22.2398,15.2826,20.4324,19.9860,31.1372,28.7117,6
2459674.884767,-27.5461,3.6765,20.4324,19.9860,31.1372,28.7117,6
2459674.905077,-4.8044,5.8492,20.4324,19.9860,31.1372,28.7117,6
2459675.833857,-28.1145,-14.9039,20.4324,19.9860,31.1372,28.7117,6
2459675.879407,-22.8119,-6.3445,20.4324,19.9860,31.1372,28.7117,6
2459675.913477,2.0327,4.2644,20.4324,19.9860,31.1372,28.7117,6
2459676.806777,18.1621,12.7813,20.4324,19.9860,31.1372,28.7117,6
2459676.824387,10.1755,-17.0393,20.4324,19.9860,31.1372,28.7117,6
2459676.841877,10.6013,1.4098,20.4324,19.9860,31.1372,28.7117,6
2459676.869497,31.6474,-14.5610,20.4324,19.9860,31.1372,28.7117,6
2459676.903517,-3.2524,-29.6004,20.4324,19.9860,31.1372,28.7117,6
2459676.920417,-14.5638,1.9994,20.4324,19.9860,31.1372,28.7117,6
2459677.748697,-4.5354,-9.3395,20.4324,19.9860,31.1372,28.7117,6
2459677.859817,7.1966,16.0389,20.4324,19.9860,31.1372,28.7117,6
2459677.876957,-27.1541,0.1847,20.4324,19.9860,31.1372,28.7117,6
2459677.904917,8.1999,-7.0690,20.4324,19.9860,31.1372,28.7117,6
2459678.835997,38.2709,-8.2855,20.4324,19.9860,31.1372,28.7117,6
2459678.853217,1.4138,9.5886,20.4324,19.9860,31.1372,28.7117,6
2459678.908017,22.3630,-15.4683,20.4324,19.9860,31.1372,28.7117,6
2459679.760227,-17.7816,-2.3118,20.4324,19.9860,31.1372,28.7117,6
2459679.777707,20.9375,-19.0492,20.4324,19.9860,31.1372,28.7117,6
2459679.795147,-0.0925,2.7226,20.4324,19.9860,31.1372,28.7117,6
2459679.823427,-3.0648,-3.9254,20.4324,19.9860,31.1372,28.7117,6
2459679.857477,23.3415,6.6260,20.4324,19.9860,31.1372,28.7117,6
2459679.892877,7.9161,1.5149,20.4324,19.9860,31.1372,28.7117,6
2459679.920007,5.7652,-5.7835,20.4324,19.9860,31.1372,28.7117,6
2459680.758987,-46.4266,-40.8313,20.4324,19.9860,31.1372,28.7117,6
2459680.859997,9.4011,10.2776,20.4324,19.9860,31.1372,28.7117,6
2459680.877027,-7.1140,14.1705,20.4324,19.9860,31.1372,28.7117,6
2459680.894287,5.4770,24.4103,20.4324,19.9860,31.1372,28.7117,6
2459680.921687,-1.2392,-11.0776,20.4324,19.9860,31.1372,28.7117,6
2459681.748677,33.2486,1.9456,20.4324,19.9860,31.1372,28.7117,6
2459681.766837,7.3743,8.6320,20.4324,19.9860,31.1372,28.7117,6
2459681.805697,-4.6404,11.8183,20.4324,19.9860,31.1372,28.7117,6
2459681.861747,-36.1676,13.5509,20.4324,19.9860,31.1372,28.7117,6
2459681.895407,-14.5172,9.6407,20.4324,19.9860,31.1372,28.7117,6
2459681.912297,-13.4918,7.1751,20.4324,19.9860,31.1372,28.7117,6
2459682.775287,24.1568,15.2982,20.4324,19.9860,31.1372,28.7117,6
2459682.854687,3.7469,25.7675,20.4324,19.9860,31.1372,28.7117,6
2459682.902997,17.7568,11.9347,20.4324,19.9860,31.1372,28.7117,6
2459683.769037,-3.2908,-35.0898,20.4324,19.9860,31.1372,28.7117,6
2459683.788027,-32.5504,-29.3843,20.4324,19.9860,31.1372,28.7117,6
2459683.804917,12.7805,30.9275,20.4324,19.9860,31.1372,28.7117,6
2459683.832607,16.5515,9.9578,20.4324,19.9860,31.1372,28.7117,6
2459683.849427,15.1059,7.0453,20.4324,19.9860,31.1372,28.7117,6
2459683.870747,13.6587,3.4298,20.4324,19.9860,31.1372,28.7117,6
2459683.887997,22.2748,-12.0774,20.4324,19.9860,31.1372,28.7117,6
2459683.904607,-18.6287,-2.8792,20.4324,19.9860,31.1372,28.7117,6
2459684.774637,31.2500,-20.1836,20.4324,19.9860,31.1372,28.7117,6
2459684.803847,8.0328,-26.1368,20.4324,19.9860,31.1372,28.7117,6
2459684.820917,0.3649,-1.1323,20.4324,19.9860,31.1372,28.7117,6
2459684.838017,8.4841,1.2276,20.4324,19.9860,31.1372,28.7117,6
2459684.858277,21.0525,0.8972,20.4324,19.9860,31.1372,28.7117,6
2459684.876447,10.2782,4.8151,20.4324,19.9860,31.1372,28.7117,6
2459685.736297,-41.5769,-4.0822,20.4324,19.9860,31.1372,28.7117,6
2459685.757917,30.0939,-21.6152,20.4324,19.9860,31.1372,28.7117,6
2459685.804977,-2.9985,6.7517,20.4324,19.9860,31.1372,28.7117,6
2459685.822707,11.2599,-6.8192,20.4324,19.9860,31.1372,28.7117,6
2459685.839817,5.1343,-8.2249,20.4324,19.9860,31.1372,28.7117,6
2459685.856857,10.9767,3.4796,20.4324,19.9860,31.1372,28.7117,6
2459685.879337,-2.7085,-11.1143,20.4324,19.9860,31.1372,28.7117,6
2459685.914977,-4.1253,1.1112,20.4324,19.9860,31.1372,28.7117,6
2459687.797697,7.4741,-13.7461,20.4324,19.9860,31.1372,28.7117,6
2459687.815057,36.0375,-9.4221,20.4324,19.9860,31.1372,28.7117,6
2459687.837417,-3.8883,-5.1412,20.4324,19.9860,31.1372,28.7117,6
2459687.854387,12.4600,-2.6114,20.4324,19.9860,31.1372,28.7117,6
2459687.871727,1.7507,25.6689,20.4324,19.9860,31.1372,28.7117,6
2459687.900767,7.6279,-22.8663,20.4324,19.9860,31.1372,28.7117,6
2459691.881027,24.1316,3.8752,20.4324,19.9860,31.1372,28.7117,6
2459691.898407,29.9922,-11.9397,20.4324,19.9860,31.1372,28.7117,6
2459692.759487,10.8159,10.4825,20.4324,19.9860,31.1372,28.7117,6
2459692.776827,23.8809,5.1009,20.4324,19.9860,31.1372,28.7117,6
2459692.847567,8.1640,15.2146,20.4324,19.9860,31.1372,28.7117,6
2459692.864477,-9.0826,-11.6879,20.4324,19.9860,31.1372,28.7117,6
2459692.881517,6.8618,13.1636,20.4324,19.9860,31.1372,28.7117,6
2459692.898497,-13.5490,14.6617,20.4324,19.9860,31.1372,28.7117,6
2459693.740677,-32.3450,-43.1420,20.4324,19.9860,31.1372,28.7117,6
2459693.785857,-29.2627,27.8479,20.4324,19.9860,31.1372,28.7117,6
2459693.803437,3.1639,-6.9496,20.4324,19.9860,31.1372,28.7117,6
2459693.820667,-16.7180,12.9107,20.4324,19.9860,31.1372,28.7117,6
2459693.838147,13.5524,9.9359,20.4324,19.9860,31.1372,28.7117,6
2459693.888867,8.8287,10.1483,20.4324,19.9860,31.1372,28.7117,6
2459693.910097,-29.0065,-2.2026,20.4324,19.9860,31.1372,28.7117,6
2459694.699877,-11.6214,-28.5531,20.4324,19.9860,31.1372,28.7117,6
2459694.765327,-54.5613,-25.3696,20.4324,19.9860,31.1372,28.7117,6
2459694.848437,-5.9941,-33.1455,20.4324,19.9860,31.1372,28.7117,6
2459694.865477,6.1148,23.9572,20.4324,19.9860,31.1372,28.7117,6
2459694.882677,-18.0535,21.8202,20.4324,19.9860,31.1372,28.7117,6
2459694.899907,28.8063,-13.4612,20.4324,19.9860,31.1372,28.7117,6
2459694.916527,-31.7241,19.5009,20.4324,19.9860,31.1372,28.7117,6
2459695.800467,22.5532,-5.7768,20.4324,19.9860,31.1372,28.7117,6
2459695.856817,-19.3821,12.2441,20.4324,19.9860,31.1372,28.7117,6
2459696.788977,-26.6659,7.0388,20.4324,19.9860,31.1372,28.7117,6
2459696.823987,-49.0434,-47.6697,20.4324,19.9860,31.1372,28.7117,6
2459696.912097,-33.7412,-20.4957,20.4324,19.9860,31.1372,28.7117,6
2459697.748237,-6.3096,18.0955,20.4324,19.9860,31.1372,28.7117,6
2459697.768427,-54.2124,-19.3123,20.4324,19.9860,31.1372,28.7117,6
2459697.813667,14.8618,35.5109,20.4324,19.9860,31.1372,28.7117,6
2459697.837627,22.2740,15.2996,20.4324,19.9860,31.1372,28.7117,6
2459697.861677,-11.0727,-25.3271,20.4324,19.9860,31.1372,28.7117,6
2459697.899637,18.0430,-46.1588,20.4324,19.9860,31.1372,28.7117,6
2459698.706227,25.2135,-50.6353,20.4324,19.9860,31.1372,28.7117,6
2459698.723817,-14.9772,-17.9399,20.4324,19.9860,31.1372,28.7117,6
2459698.755337,9.9512,-13.2654,20.4324,19.9860,31.1372,28.7117,6
2459698.773657,31.6332,0.5653,20.4324,19.9860,31.1372,28.7117,6
2459698.812587,13.7872,-3.0369,20.4324,19.9860,31.1372,28.7117,6
2459698.860607,17.0582,10.4074,20.4324,19.9860,31.1372,28.7117,6
2459698.877917,4.4755,4.4920,20.4324,19.9860,31.1372,28.7117,6
2459698.894967,12.9480,-17.6765,20.4324,19.9860,31.1372,28.7117,6
2459699.766827,-18.8830,-36.6716,20.4324,19.9860,31.1372,28.7117,6
2459700.773357,-5.1398,39.8877,20.4324,19.9860,31.1372,28.7117,6
2459700.792497,-39.8369,-29.0526,20.4324,19.9860,31.1372,28.7117,6
2459700.809267,32.1383,21.1692,20.4324,19.9860,31.1372,28.7117,6
2459700.849597,23.5299,29.4826,20.4324,19.9860,31.1372,28.7117,6
2459700.912237,0.0854,-11.7762,20.4324,19.9860,31.1372,28.7117,6
2459701.793207,-31.3718,-30.8497,20.4324,19.9860,31.1372,28.7117,6
2459701.920097,-28.9979,5.1760,20.4324,19.9860,31.1372,28.7117,6
2459702.801597,19.0080,-19.0127,20.4324,19.9860,31.1372,28.7117,6
2459702.885047,-2.4750,23.4172,20.4324,19.9860,31.1372,28.7117,6
2459704.690397,-28.7124,-14.0686,20.4324,19.9860,31.1372,28.7117,6
2459704.736337,-0.4805,-21.2739,20.4324,19.9860,31.1372,28.7117,6
2459704.788447,18.0542,6.5237,20.4324,19.9860,31.1372,28.7117,6
2459704.810277,-23.0825,-20.0884,20.4324,19.9860,31.1372,28.7117,6
2459704.873637,20.7725,0.9837,20.4324,19.9860,31.1372,28.7117,6
2459704.907267,-11.4017,10.1956,20.4324,19.9860,31.1372,28.7117,6
2459705.791977,-23.8208,-41.0648,20.4324,19.9860,31.1372,28.7117,6
2459705.853287,-37.3749,-7.7577,20.4324,19.9860,31.1372,28.7117,6
2459706.792347,15.4985,2.7326,20.4324,19.9860,31.1372,28.7117,6
2459706.809407,26.0383,-5.6918,20.4324,19.9860,31.1372,28.7117,6
2459706.826957,-1.1624,-21.5801,20.4324,19.9860,31.1372,28.7117,6
2459706.844077,-26.7512,-29.3495,20.4324,19.9860,31.1372,28.7117,6
2459706.860927,4.7421,14.2022,20.4324,19.9860,31.1372,28.7117,6
2459706.889467,39.0708,2.4655,20.4324,19.9860,31.1372,28.7117,6
2459706.906137,29.2286,-40.9253,20.4324,19.9860,31.1372,28.7117,6
2459706.922877,-2.1773,-31.6834,20.4324,19.9860,31.1372,28.7117,6
2459708.726987,-17.5727,-12.1642,20.4324,19.9860,31.1372,28.7117,6
2459708.765467,-1.4299,2.7817,20.4324,19.9860,31.1372,28.7117,6
2459708.810467,18.0930,-30.2945,20.4324,19.9860,31.1372,28.7117,6
2459708.866487,42.9605,7.9264,20.4324,19.9860,31.1372,28.7117,6
2459709.770587,2.6618,-10.3386,20.4324,19.9860,31.1372,28.7117,6
2459709.787547,12.2097,-6.9025,20.4324,19.9860,31.1372,28.7117,6
2459709.804937,-3.8986,-9.3729,20.4324,19.9860,31.1372,28.7117,6
2459709.821867,27.4021,29.6808,20.4324,19.9860,31.1372,28.7117,6
2459709.865457,0.9730,10.9668,20.4324,19.9860,31.1372,28.7117,6
2459709.882457,14.2528,10.7675,20.4324,19.9860,31.1372,28.7117,6
2459709.899767,8.5006,-2.9849,20.4324,19.9860,31.1372,28.7117,6
2459709.916517,-9.7425,25.3309,20.4324,19.9860,31.1372,28.7117,6
2459710.797567,18.1735,7.5129,20.4324,19.9860,31.1372,28.7117,6
2459710.814517,-10.9826,-40.5361,20.4324,19.9860,31.1372,28.7117,6
2459710.914137,-9.2682,-26.8545,20.4324,19.9860,31.1372,28.7117,6
2459710.930757,11.1471,-0.7269,20.4324,19.9860,31.1372,28.7117,6
2459711.721607,18.0787,19.2366,20.4324,19.9860,31.1372,28.7117,6
2459711.797447,-2.6085,-20.8287,20.4324,19.9860,31.1372,28.7117,6
2459711.816417,28.3401,8.5227,20.4324,19.9860,31.1372,28.7117,6
2459711.850407,-12.2218,-6.5799,20.4324,19.9860,31.1372,28.7117,6
2459711.867657,-16.3826,-5.8826,20.4324,19.9860,31.1372,28.7117,6
2459711.899107,-14.3253,2.8843,20.4324,19.9860,31.1372,28.7117,6
2459711.917517,23.3071,2.2608,20.4324,19.9860,31.1372,28.7117,6
2459713.734277,17.8169,18.1338,20.4324,19.9860,31.1372,28.7117,6
2459713.751247,-6.8838,-26.7745,20.4324,19.9860,31.1372,28.7117,6
2459713.786787,-30.3172,-36.1208,20.4324,19.9860,31.1372,28.7117,6
2459713.887427,-1.7857,-6.7440,20.4324,19.9860,31.1372,28.7117,6
2459714.729447,19.4218,-18.5155,20.4324,19.9860,31.1372,28.7117,6
2459714.746797,-34.0284,-28.5030,20.4324,19.9860,31.1372,28.7117,6
2459714.820447,29.7739,-4.2581,20.4324,19.9860,31.1372,28.7117,6
2459714.837737,-13.9277,22.0475,20.4324,19.9860,31.1372,28.7117,6
2459714.871867,7.4933,9.2686,20.4324,19.9860,31.1372,28.7117,6
2459714.899477,-6.2533,20.5838,20.4324,19.9860,31.1372,28.7117,6
2459714.916297,41.1027,23.2494,20.4324,19.9860,31.1372,28.7117,6
2459715.781857,16.2960,-2.8584,20.4324,19.9860,31.1372,28.7117,6
2459715.832057,-2.5657,-11.5192,20.4324,19.9860,31.1372,28.7117,6
2459715.848747,-30.7516,14.0615,20.4324,19.9860,31.1372,28.7117,6
2459715.879307,-4.7179,5.3795,20.4324,19.9860,31.1372,28.7117,6
2459715.915627,17.1004,-13.5180,20.4324,19.9860,31.1372,28.7117,6
2459716.745727,35.1945,-24.9863,20.4324,19.9860,31.1372,28.7117,6
2459716.790387,23.2929,30.5036,20.4324,19.9860,31.1372,28.7117,6
2459719.760527,-14.1607,25.8174,20.4324,19.9860,31.1372,28.7117,6
2459719.850387,-0.8093,-31.3946,20.4324,19.9860,31.1372,28.7117,6
2459719.886787,-1.9277,8.2379,20.4324,19.9860,31.1372,28.7117,6
2459720.791507,-3.6082,10.0506,20.4324,19.9860,31.1372,28.7117,6
2459720.812367,5.2034,-20.6723,20.4324,19.9860,31.1372,28.7117,6
2459721.776537,-1.2494,1.6177,20.4324,19.9860,31.1372,28.7117,6
2459721.793417,4.3482,4.4071,20.4324,19.9860,31.1372,28.7117,6
2459721.820537,-0.1675,3.3456,20.4324,19.9860,31.1372,28.7117,6
2459721.853847,-26.6165,-39.0461,20.4324,19.9860,31.1372,28.7117,6
2459721.870507,36.6156,33.9472,20.4324,19.9860,31.1372,28.7117,6
2459721.887437,22.8134,4.1373,20.4324,19.9860,31.1372,28.7117,6
2459721.931467,15.1877,-30.0290,20.4324,19.9860,31.1372,28.7117,6
2459722.701747,14.1530,44.3682,20.4324,19.9860,31.1372,28.7117,6
2459722.718917,18.8622,29.6222,20.4324,19.9860,31.1372,28.7117,6
2459722.755367,16.6038,15.0489,20.4324,19.9860,31.1372,28.7117,6
2459722.884937,-1.5111,-28.0446,20.4324,19.9860,31.1372,28.7117,6
2459722.901657,-11.6470,-39.3282,20.4324,19.9860,31.1372,28.7117,6
2459722.924517,-40.4127,-20.9395,20.4324,19.9860,31.1372,28.7117,6
2459723.766207,-3.3076,18.4932,20.4324,19.9860,31.1372,28.7117,6
2459723.783107,21.2427,-2.5823,20.4324,19.9860,31.1372,28.7117,6
2459723.799857,21.6010,25.3945,20.4324,19.9860,31.1372,28.7117,6
2459723.816627,10.7777,17.5339,20.4324,19.9860,31.1372,28.7117,6
2459723.850157,0.5859,9.0138,20.4324,19.9860,31.1372,28.7117,6
2459723.911157,9.4771,20.5705,20.4324,19.9860,31.1372,28.7117,6
2459724.692367,-9.0936,-35.4997,20.4324,19.9860,31.1372,28.7117,6
2459724.722307,-16.4880,24.6787,20.4324,19.9860,31.1372,28.7117,6
2459724.739537,-8.9157,16.1958,20.4324,19.9860,31.1372,28.7117,6
2459724.773627,4.4428,15.9981,20.4324,19.9860,31.1372,28.7117,6
2459724.790227,23.8330,-2.9665,20.4324,19.9860,31.1372,28.7117,6
2459724.817757,22.8647,27.1766,20.4324,19.9860,31.1372,28.7117,6
2459725.719887,40.8590,7.1341,20.4324,19.9860,31.1372,28.7117,6
2459725.754967,15.6980,2.4594,20.4324,19.9860,31.1372,28.7117,6
2459725.772227,8.4836,-1.1872,20.4324,19.9860,31.1372,28.7117,6
2459725.834397,18.4534,7.3535,20.4324,19.9860,31.1372,28.7117,6
2459725.855627,-15.7489,-21.5178,20.4324,19.9860,31.1372,28.7117,6
2459725.891047,-9.2556,-10.2373,20.4324,19.9860,31.1372,28.7117,6
2459726.740167,20.9966,-3.5652,20.4324,19.9860,31.1372,28.7117,6
2459726.757227,-1.6895,-4.1582,20.4324,19.9860,31.1372,28.7117,6
2459726.774397,1.4408,-10.8662,20.4324,19.9860,31.1372,28.7117,6
2459726.819587,-20.8420,-11.3737,20.4324,19.9860,31.1372,28.7117,6
2459726.836077,35.7509,-1.5118,20.4324,19.9860,31.1372,28.7117,6
2459726.855257,23.6178,1.6045,20.4324,19.9860,31.1372,28.7117,6
2459726.871517,19.5852,-21.5107,20.4324,19.9860,31.1372,28.7117,6
2459726.888407,22.6750,-1.0031,20.4324,19.9860,31.1372,28.7117,6
2459727.633427,-3.8105,-10.2090,20.4324,19.9860,31.1372,28.7117,6
2459727.652887,7.6524,43.4891,20.4324,19.9860,31.1372,28.7117,6
2459727.700817,23.7893,8.1777,20.4324,19.9860,31.1372,28.7117,6
2459727.721227,19.0713,9.5482,20.4324,19.9860,31.1372,28.7117,6
2459727.738407,9.0323,39.2075,20.4324,19.9860,31.1372,28.7117,6
2459727.755257,-17.6607,-25.1944,20.4324,19.9860,31.1372,28.7117,6
2459727.786277,37.1067,33.7866,20.4324,19.9860,31.1372,28.7117,6
2459727.820167,5.2501,27.9041,20.4324,19.9860,31.1372,28.7117,6
2459727.861787,19.3403,49.7944,20.4324,19.9860,31.1372,28.7117,6
2459727.906017,28.5418,12.3069,20.4324,19.9860,31.1372,28.7117,6
2459728.733787,47.3325,-5.6738,20.4324,19.9860,31.1372,28.7117,6
2459736.838787,-53.7120,15.5067,20.4324,19.9860,31.1372,28.7117,6
2459740.667977,3.3093,-23.8313,20.4324,19.9860,31.1372,28.7117,6
2459740.684927,10.3114,28.4327,20.4324,19.9860,31.1372,28.7117,6
2459740.712117,-15.7327,-12.1677,20.4324,19.9860,31.1372,28.7117,6
2459740.766727,-2.3223,11.7251,20.4324,19.9860,31.1372,28.7117,6
2459740.788547,1.8647,41.0972,20.4324,19.9860,31.1372,28.7117,6
2459740.805317,6.6988,1.7939,20.4324,19.9860,31.1372,28.7117,6
2459740.860017,-0.7810,43.2854,20.4324,19.9860,31.1372,28.7117,6
2459741.886037,-68.3387,-2.5440,20.4324,19.9860,31.1372,28.7117,6
2459742.651687,-40.0691,-20.0860,20.4324,19.9860,31.1372,28.7117,6
2459742.669547,29.3956,-25.0388,20.4324,19.9860,31.1372,28.7117,6
2459742.715197,17.1848,-6.8158,20.4324,19.9860,31.1372,28.7117,6
2459742.850827,-7.5531,-6.2295,20.4324,19.9860,31.1372,28.7117,6
2459742.867587,-44.6899,31.1339,20.4324,19.9860,31.1372,28.7117,6
2459742.884687,-59.2170,26.6034,20.4324,19.9860,31.1372,28.7117,6
2459748.618757,-48.9286,-71.1751,20.4324,19.9860,31.1372,28.7117,6
2459748.655187,-18.1292,-28.3994,20.4324,19.9860,31.1372,28.7117,6
2459748.823657,-38.5023,4.2374,20.4324,19.9860,31.1372,28.7117,6
2459749.583187,6.0227,-6.2613,20.4324,19.9860,31.1372,28.7117,6
2459749.617697,23.2226,-19.3684,20.4324,19.9860,31.1372,28.7117,6
2459749.638507,14.3629,-10.9410,20.4324,19.9860,31.1372,28.7117,6
2459749.697677,-3.2594,-22.9049,20.4324,19.9860,31.1372,28.7117,6
2459749.715157,11.1317,-19.3434,20.4324,19.9860,31.1372,28.7117,6
2459749.749867,1.5344,-27.0672,20.4324,19.9860,31.1372,28.7117,6
2459749.777597,-9.0923,-9.4071,20.4324,19.9860,31.1372,28.7117,6
2459749.795997,-6.7399,-51.0901,20.4324,19.9860,31.1372,28.7117,6
2459749.829957,9.6160,20.6471,20.4324,19.9860,31.1372,28.7117,6
2459751.746107,60.6982,-37.2172,20.4324,19.9860,31.1372,28.7117,6
2459759.581977,10.9978,10.6617,20.4324,19.9860,31.1372,28.7117,6
2459759.620257,-43.6592,-20.3668,20.4324,19.9860,31.1372,28.7117,6
2459759.668557,-8.1442,-21.3794,20.4324,19.9860,31.1372,28.7117,6
2459759.685297,-12.0443,-4.6345,20.4324,19.9860,31.1372,28.7117,6
2459759.702627,82.1787,23.4534,20.4324,19.9860,31.1372,28.7117,6
2459759.726437,-6.4293,6.6933,20.4324,19.9860,31.1372,28.7117,6
2459759.771907,13.6832,-9.3431,20.4324,19.9860,31.1372,28.7117,6
2459759.823867,-67.3849,-82.5452,20.4324,19.9860,31.1372,28.7117,6
2459760.519067,-34.1262,7.0488,20.4324,19.9860,31.1372,28.7117,6
2459760.536397,4.0409,-28.8037,20.4324,19.9860,31.1372,28.7117,6
2459760.581577,2.5782,-21.4760,20.4324,19.9860,31.1372,28.7117,6
2459760.598907,-14.0752,-34.6884,20.4324,19.9860,31.1372,28.7117,6
2459760.616377,51.2265,38.9902,20.4324,19.9860,31.1372,28.7117,6
2459760.633877,11.0211,-23.6115,20.4324,19.9860,31.1372,28.7117,6
2459760.661597,-20.2237,17.6916,20.4324,19.9860,31.1372,28.7117,6
2459760.678877,-45.8775,-35.7136,20.4324,19.9860,31.1372,28.7117,6
2459760.696157,56.0761,-17.2709,20.4324,19.9860,31.1372,28.7117,6
2459760.717977,1.8493,-33.5664,20.4324,19.9860,31.1372,28.7117,6
2459760.734667,16.3190,33.2646,20.4324,19.9860,31.1372,28.7117,6
2459760.774167,-0.4949,9.9763,20.4324,19.9860,31.1372,28.7117,6
2459760.790647,18.7129,7.7268,20.4324,19.9860,31.1372,28.7117,6
2459760.807087,-14.0582,-47.0116,20.4324,19.9860,31.1372,28.7117,6
2459760.823717,79.9096,29.3736,20.4324,19.9860,31.1372,28.7117,6
2459761.508937,53.6622,-46.1072,20.4324,19.9860,31.1372,28.7117,6
2459761.554767,82.5154,-44.7987,20.4324,19.9860,31.1372,28.7117,6
2459761.608097,-33.8068,3.8163,20.4324,19.9860,31.1372,28.7117,6
2459761.688977,22.7334,9.9594,20.4324,19.9860,31.1372,28.7117,6
2459761.712037,49.2527,11.9932,20.4324,19.9860,31.1372,28.7117,6
2459761.750267,17.2583,20.9656,20.4324,19.9860,31.1372,28.7117,6
2459763.526407,29.9730,-83.6175,20.4324,19.9860,31.1372,28.7117,6
2459763.543417,15.9394,-15.4884,20.4324,19.9860,31.1372,28.7117,6
2459763.648047,-30.7874,50.9002,20.4324,19.9860,31.1372,28.7117,6
2459763.669077,-29.4267,32.9368,20.4324,19.9860,31.1372,28.7117,6
2459763.703487,24.0993,54.7444,20.4324,19.9860,31.1372,28.7117,6
2459763.752767,-3.5578,-10.3151,20.4324,19.9860,31.1372,28.7117,6
2459763.769687,-62.4234,-68.9068,20.4324,19.9860,31.1372,28.7117,6
2459765.553557,14.2165,-23.3288,20.4324,19.9860,31.1372,28.7117,6
2459765.570897,45.6883,7.8573,20.4324,19.9860,31.1372,28.7117,6
2459765.634247,31.2889,-16.1554,20.4324,19.9860,31.1372,28.7117,6
2459765.651497,-55.2642,-69.9269,20.4324,19.9860,31.1372,28.7117,6
2459765.695627,-81.3400,-68.7455,20.4324,19.9860,31.1372,28.7117,6
2459765.729777,33.4425,15.1308,20.4324,19.9860,31.1372,28.7117,6
2459765.803867,75.2239,37.7275,20.4324,19.9860,31.1372,28.7117,6
2459766.712947,-36.4140,7.5929,20.4324,19.9860,31.1372,28.7117,6
2459766.819577,3.3188,-2.4636,20.4324,19.9860,31.1372,28.7117,6
2459767.549517,14.6893,-86.3119,20.4324,19.9860,31.1372,28.7117,6
2459769.565817,-1.3402,-51.6187,20.4324,19.9860,31.1372,28.7117,6
2459769.583177,-31.8163,-74.3255,20.4324,19.9860,31.1372,28.7117,6
2459769.719927,-32.7087,-10.1941,20.4324,19.9860,31.1372,28.7117,6
2459789.541297,16.3333,-6.2438,20.4324,19.9860,31.1372,28.7117,6
2459789.604017,56.8719,-94.1631,20.4324,19.9860,31.1372,28.7117,6
2459789.641187,-134.1725,6.7674,20.4324,19.9860,31.1372,28.7117,6
2459789.712047,-81.3519,-60.3433,20.4324,19.9860,31.1372,28.7117,6
2459789.728817,-130.6497,-92.4306,20.4324,19.9860,31.1372,28.7117,6
2459791.551357,-155.4030,-120.2544,20.4324,19.9860,31.1372,28.7117,6
2459791.686007,-28.9727,-35.9942,20.4324,19.9860,31.1372,28.7117,6
2459792.488387,-6.6550,-36.4471,20.4324,19.9860,31.1372,28.7117,6
2459792.506057,34.4484,-43.8536,20.4324,19.9860,31.1372,28.7117,6
2459792.540817,-76.2836,-69.0782,20.4324,19.9860,31.1372,28.7117,6
2459792.560497,-12.6320,-29.7244,20.4324,19.9860,31.1372,28.7117,6
2459792.628477,11.0928,16.9494,20.4324,19.9860,31.1372,28.7117,6
2459792.662917,11.3671,50.0015,20.4324,19.9860,31.1372,28.7117,6
2459792.679767,-43.2560,38.9788,20.4324,19.9860,31.1372,28.7117,6
2459793.516647,22.4670,-2.0867,20.4324,19.9860,31.1372,28.7117,6
2459793.562467,51.5195,-11.7269,20.4324,19.9860,31.1372,28.7117,6
2459793.579767,46.8417,43.1414,20.4324,19.9860,31.1372,28.7117,6
2459793.694907,18.6396,-45.9038,20.4324,19.9860,31.1372,28.7117,6
2459793.711927,-16.3918,-9.4577,20.4324,19.9860,31.1372,28.7117,6
2459795.596867,65.0326,61.9564,20.4324,19.9860,31.1372,28.7117,6
2459795.616867,11.2130,23.7117,20.4324,19.9860,31.1372,28.7117,6
2459795.633957,109.7565,-12.1210,20.4324,19.9860,31.1372,28.7117,6
2459796.505267,5.6980,-2.2328,20.4324,19.9860,31.1372,28.7117,6
2459796.533047,10.6442,-22.8919,20.4324,19.9860,31.1372,28.7117,6
2459796.552947,-39.7904,-29.6580,20.4324,19.9860,31.1372,28.7117,6
2459796.570217,-32.0218,-5.1054,20.4324,19.9860,31.1372,28.7117,6
2459796.633977,33.0123,-17.0997,20.4324,19.9860,31.1372,28.7117,6
2459796.668907,-30.7180,-17.4937,20.4324,19.9860,31.1372,28.7117,6
2459796.704537,-95.0319,-76.8354,20.4324,19.9860,31.1372,28.7117,6
2459796.737277,-48.1402,75.2966,20.4324,19.9860,31.1372,28.7117,6
2459797.499877,-15.1867,8.3986,20.4324,19.9860,31.1372,28.7117,6
2459797.517777,1.6540,27.9177,20.4324,19.9860,31.1372,28.7117,6
2459797.535167,29.4457,-17.1454,20.4324,19.9860,31.1372,28.7117,6
2459797.714167,78.7415,-11.8180,20.4324,19.9860,31.1372,28.7117,6
2459804.492697,-49.0583,-32.6236,20.4324,19.9860,31.1372,28.7117,6
2459804.615457,-47.2311,-46.8621,20.4324,19.9860,31.1372,28.7117,6
2459804.643347,27.0631,11.9602,20.4324,19.9860,31.1372,28.7117,6
2459805.589527,-6.6040,-9.6249,20.4324,19.9860,31.1372,28.7117,6
2459805.616997,34.3204,-56.9607,20.4324,19.9860,31.1372,28.7117,6
2459805.650827,29.7574,30.1068,20.4324,19.9860,31.1372,28.7117,6
2459805.684207,21.6619,-1.8945,20.4324,19.9860,31.1372,28.7117,6
2459805.710977,14.9268,-8.8278,20.4324,19.9860,31.1372,28.7117,6
2459808.524917,-15.8715,-0.1522,20.4324,19.9860,31.1372,28.7117,6
2459808.542167,15.9279,41.1644,20.4324,19.9860,31.1372,28.7117,6
2459808.559497,60.6545,31.1309,20.4324,19.9860,31.1372,28.7117,6
2459808.595277,19.2244,-24.0726,20.4324,19.9860,31.1372,28.7117,6
2459809.631247,20.8326,60.0366,20.4324,19.9860,31.1372,28.7117,6
2459810.476697,40.4925,13.7590,20.4324,19.9860,31.1372,28.7117,6
2459810.498317,7.5338,-30.5411,20.4324,19.9860,31.1372,28.7117,6
2459810.515277,16.5167,-7.8272,20.4324,19.9860,31.1372,28.7117,6
2459810.587857,-1.0196,17.0290,20.4324,19.9860,31.1372,28.7117,6
2459810.611487,1.1283,-32.3478,20.4324,19.9860,31.1372,28.7117,6
2459810.697647,-7.9444,-11.3799,20.4324,19.9860,31.1372,28.7117,6
2459811.481837,-8.8460,-14.7988,20.4324,19.9860,31.1372,28.7117,6
2459811.533277,-19.5996,-11.9037,20.4324,19.9860,31.1372,28.7117,6
2459811.581097,7.6528,12.8913,20.4324,19.9860,31.1372,28.7117,6
2459811.606757,-6.3422,9.4743,20.4324,19.9860,31.1372,28.7117,6
2459811.646797,-7.5705,17.8142,20.4324,19.9860,31.1372,28.7117,6
2459811.695967,15.7058,7.5366,20.4324,19.9860,31.1372,28.7117,6
2459812.523287,-24.9764,-37.6390,20.4324,19.9860,31.1372,28.7117,6
2459812.593307,-1.3294,-20.7983,20.4324,19.9860,31.1372,28.7117,6
2459812.627067,2.3368,-9.5499,20.4324,19.9860,31.1372,28.7117,6
2459812.677917,-6.3702,25.8965,20.4324,19.9860,31.1372,28.7117,6
2459812.694907,29.4573,-4.6791,20.4324,19.9860,31.1372,28.7117,6
2459813.503247,-32.0770,-21.1947,20.4324,19.9860,31.1372,28.7117,6
2459813.520037,48.8434,36.8639,20.4324,19.9860,31.1372,28.7117,6
2459813.538227,31.6971,9.7514,20.4324,19.9860,31.1372,28.7117,6
2459813.666347,-22.7304,6.9094,20.4324,19.9860,31.1372,28.7117,6
2459814.490347,-6.7245,13.9242,20.4324,19.9860,31.1372,28.7117,6
2459814.507627,-20.0607,-11.9961,20.4324,19.9860,31.1372,28.7117,6
2459814.548257,-5.2917,26.2999,20.4324,19.9860,31.1372,28.7117,6
2459814.575997,4.5720,14.1777,20.4324,19.9860,31.1372,28.7117,6
2459815.472247,12.1203,-8.4385,20.4324,19.9860,31.1372,28.7117,6
2459815.509277,3.4640,18.0262,20.4324,19.9860,31.1372,28.7117,6
2459815.530517,4.7089,-29.3213,20.4324,19.9860,31.1372,28.7117,6
2459815.550457,3.7670,2.4895,20.4324,19.9860,31.1372,28.7117,6
2459815.594677,-3.3943,23.8590,20.4324,19.9860,31.1372,28.7117,6
2459815.614337,42.5626,43.4546,20.4324,19.9860,31.1372,28.7117,6
2459815.664237,29.7054,22.7621,20.4324,19.9860,31.1372,28.7117,6
2459816.497627,12.0751,-6.8475,20.4324,19.9860,31.1372,28.7117,6
2459816.531517,16.1638,-13.9097,20.4324,19.9860,31.1372,28.7117,6
2459816.548497,-5.6565,-10.0251,20.4324,19.9860,31.1372,28.7117,6
2459816.575897,24.7159,3.8344,20.4324,19.9860,31.1372,28.7117,6
2459816.592667,16.9676,-6.3931,20.4324,19.9860,31.1372,28.7117,6
2459817.470377,6.7023,-2.8710,20.4324,19.9860,31.1372,28.7117,6
2459817.488407,8.4441,17.4337,20.4324,19.9860,31.1372,28.7117,6
2459817.535767,3.0439,12.3870,20.4324,19.9860,31.1372,28.7117,6
2459817.557067,-0.6432,12.3077,20.4324,19.9860,31.1372,28.7117,6
2459817.574587,45.7665,13.8584,20.4324,19.9860,31.1372,28.7117,6
2459817.619197,-17.1804,48.6900,20.4324,19.9860,31.1372,28.7117,6
2459817.678197,-32.0091,-3.0777,20.4324,19.9860,31.1372,28.7117,6
2459818.477437,-17.1981,28.7892,20.4324,19.9860,31.1372,28.7117,6
2459818.522427,19.7166,15.6960,20.4324,19.9860,31.1372,28.7117,6
2459818.556347,7.2932,13.3952,20.4324,19.9860,31.1372,28.7117,6
2459818.590737,16.2035,23.9075,20.4324,19.9860,31.1372,28.7117,6
2459818.607737,28.4279,7.1497,20.4324,19.9860,31.1372,28.7117,6
2459818.676077,21.8029,12.8575,20.4324,19.9860,31.1372,28.7117,6
2459820.478247,6.7722,12.1043,20.4324,19.9860,31.1372,28.7117,6
2459820.495327,19.4944,28.3488,20.4324,19.9860,31.1372,28.7117,6
2459820.533717,-1.6766,51.2039,20.4324,19.9860,31.1372,28.7117,6
2459820.609887,-18.8612,-8.0603,20.4324,19.9860,31.1372,28.7117,6
2459820.626977,15.2756,26.4362,20.4324,19.9860,31.1372,28.7117,6
2459820.644327,27.8821,-31.5115,20.4324,19.9860,31.1372,28.7117,6
2459820.661247,34.0044,38.5990,20.4324,19.9860,31.1372,28.7117,6
2459820.670667,-15.2075,24.9510,20.4324,19.9860,31.1372,28.7117,6
2459821.518377,-16.2198,20.8799,20.4324,19.9860,31.1372,28.7117,6
2459821.535457,14.7281,-33.3580,20.4324,19.9860,31.1372,28.7117,6
2459821.603887,19.8782,32.6720,20.4324,19.9860,31.1372,28.7117,6
2459821.621097,3.4744,5.5324,20.4324,19.9860,31.1372,28.7117,6
2459821.644297,28.8737,-27.2333,20.4324,19.9860,31.1372,28.7117,6
2459822.486837,-19.7206,-13.8011,20.4324,19.9860,31.1372,28.7117,6
2459822.531347,-4.4347,6.0005,20.4324,19.9860,31.1372,28.7117,6
2459822.581647,3.3267,-21.9598,20.4324,19.9860,31.1372,28.7117,6
2459824.512207,57.3324,-46.6237,20.4324,19.9860,31.1372,28.7117,6
2459824.529427,-8.6717,-43.6596,20.4324,19.9860,31.1372,28.7117,6
2459824.616807,54.5774,3.2369,20.4324,19.9860,31.1372,28.7117,6
2459828.501077,-21.9271,-10.2939,20.4324,19.9860,31.1372,28.7117,6
2459829.503427,-18.8743,-3.4989,20.4324,19.9860,31.1372,28.7117,6
2459832.518417,48.1580,17.2746,20.4324,19.9860,31.1372,28.7117,6
2459833.521707,-0.1360,-30.0335,20.4324,19.9860,31.1372,28.7117,6
2459834.513887,33.7818,31.0400,20.4324,19.9860,31.1372,28.7117,6
2459834.553167,12.0472,51.1852,20.4324,19.9860,31.1372,28.7117,6
2459834.582167,31.1380,54.6003,20.4324,19.9860,31.1372,28.7117,6
2459834.617317,-7.8565,27.7735,20.4324,19.9860,31.1372,28.7117,6
2459834.634177,61.0770,20.2911,20.4324,19.9860,31.1372,28.7117,6
2459835.491187,-10.5022,-26.7617,20.4324,19.9860,31.1372,28.7117,6
2459835.541727,88.3302,36.2841,20.4324,19.9860,31.1372,28.7117,6
2459835.559267,28.3411,-24.9442,20.4324,19.9860,31.1372,28.7117,6
2459835.577397,56.2966,13.0375,20.4324,19.9860,31.1372,28.7117,6
2459835.593847,1.2730,-18.6339,20.4324,19.9860,31.1372,28.7117,6
2459835.624557,34.7508,-16.1173,20.4324,19.9860,31.1372,28.7117,6
2459837.571407,-13.5042,-22.2331,20.4324,19.9860,31.1372,28.7117,6
2459838.511527,15.5902,-26.1868,20.4324,19.9860,31.1372,28.7117,6
2459838.528607,-16.3050,2.9907,20.4324,19.9860,31.1372,28.7117,6
2459838.545427,4.7765,-12.7280,20.4324,19.9860,31.1372,28.7117,6
2459838.562227,14.6911,18.7852,20.4324,19.9860,31.1372,28.7117,6
2459838.606797,7.6791,-0.2125,20.4324,19.9860,31.1372,28.7117,6
2459841.598527,-6.5994,-31.7491,20.4324,19.9860,31.1372,28.7117,6
2459843.573797,-26.1321,-66.3709,20.4324,19.9860,31.1372,28.7117,6
2459845.491907,-13.7326,6.7776,20.4324,19.9860,31.1372,28.7117,6
2459845.512787,-17.7696,0.2400,20.4324,19.9860,31.1372,28.7117,6
2459845.595817,-28.7975,32.8345,20.4324,19.9860,31.1372,28.7117,6
2459845.604037,7.1535,16.7108,20.4324,19.9860,31.1372,28.7117,6
2459846.499387,72.9345,65.4916,20.4324,19.9860,31.1372,28.7117,6
2459846.577657,85.3486,-49.6834,20.4324,19.9860,31.1372,28.7117,6
2459848.508397,76.3246,28.8410,20.4324,19.9860,31.1372,28.7117,6
2459848.525717,58.9305,16.1454,20.4324,19.9860,31.1372,28.7117,6
2459848.542157,17.5908,30.2792,20.4324,19.9860,31.1372,28.7117,6
2459848.592087,105.1121,-26.9338,20.4324,19.9860,31.1372,28.7117,6
2459850.505767,-68.5500,-45.6258,20.4324,19.9860,31.1372,28.7117,6
2459850.522447,86.7705,-33.9702,20.4324,19.9860,31.1372,28.7117,6
2459851.512827,43.5147,51.9461,20.4324,19.9860,31.1372,28.7117,6
2459851.529727,35.0466,56.0421,20.4324,19.9860,31.1372,28.7117,6
2459851.546277,27.8785,10.6304,20.4324,19.9860,31.1372,28.7117,6
2459851.567817,50.3105,1.2415,20.4324,19.9860,31.1372,28.7117,6
2459852.531827,41.3951,-2.8808,20.4324,19.9860,31.1372,28.7117,6
2459852.550567,47.0141,64.5305,20.4324,19.9860,31.1372,28.7117,6
2459852.567357,71.4047,43.8767,20.4324,19.9860,31.1372,28.7117,6
2459852.584127,4.1058,57.7162,20.4324,19.9860,31.1372,28.7117,6
2459853.512497,-11.3176,-11.2594,20.4324,19.9860,31.1372,28.7117,6
2459853.533207,12.4691,4.0058,20.4324,19.9860,31.1372,28.7117,6
2459853.570197,-45.8074,-12.5455,20.4324,19.9860,31.1372,28.7117,6
2459859.507697,17.5915,-5.3997,20.4324,19.9860,31.1372,28.7117,6
2459859.541577,35.3616,-31.5890,20.4324,19.9860,31.1372,28.7117,6
2459864.498897,56.3443,-34.3007,20.4324,19.9860,31.1372,28.7117,6
2459865.507317,23.3294,11.2631,20.4324,19.9860,31.1372,28.7117,6
2459865.536647,-41.2783,-12.2036,20.4324,19.9860,31.1372,28.7117,6
2459866.525787,5.1457,1.8264,20.4324,19.9860,31.1372,28.7117,6
2459867.513137,16.1365,21.7757,20.4324,19.9860,31.1372,28.7117,6
2459868.501227,6.1199,22.9097,20.4324,19.9860,31.1372,28.7117,6
2459868.518337,-6.7778,0.6685,20.4324,19.9860,31.1372,28.7117,6
2459871.516157,-69.9479,-44.9214,20.4324,19.9860,31.1372,28.7117,6
2459873.514447,-39.7553,3.2334,20.4324,19.9860,31.1372,28.7117,6
2459995.872677,2.9865,-16.5946,20.4324,19.9860,18.3444,19.2484,7
2459997.866477,17.8733,-14.9927,20.4324,19.9860,18.3444,19.2484,7
2459999.849137,4.2328,-21.9030,20.4324,19.9860,18.3444,19.2484,7
2460001.868847,12.5059,0.1227,20.4324,19.9860,18.3444,19.2484,7
2460001.886127,21.1876,8.5375,20.4324,19.9860,18.3444,19.2484,7
2460002.843617,-14.2011,-60.4980,20.4324,19.9860,18.3444,19.2484,7
2460002.878817,6.8855,-42.3567,20.4324,19.9860,18.3444,19.2484,7
2460003.851767,-19.5644,-37.8342,20.4324,19.9860,18.3444,19.2484,7
2460004.896837,11.5760,0.4826,20.4324,19.9860,18.3444,19.2484,7
2460005.836707,28.1256,17.4976,20.4324,19.9860,18.3444,19.2484,7
2460005.853957,23.6832,8.8619,20.4324,19.9860,18.3444,19.2484,7
2460005.899117,-14.4817,14.2688,20.4324,19.9860,18.3444,19.2484,7
2460006.863217,2.4030,-62.0587,20.4324,19.9860,18.3444,19.2484,7
2460007.859407,5.8073,-21.5779,20.4324,19.9860,18.3444,19.2484,7
2460007.893377,7.8213,7.1543,20.4324,19.9860,18.3444,19.2484,7
2460009.849267,30.5892,10.5275,20.4324,19.9860,18.3444,19.2484,7
2460010.886837,-20.8467,27.0213,20.4324,19.9860,18.3444,19.2484,7
2460011.886487,7.5235,-2.7908,20.4324,19.9860,18.3444,19.2484,7
2460012.858597,12.2336,-20.8636,20.4324,19.9860,18.3444,19.2484,7
2460013.884887,12.7909,-14.2373,20.4324,19.9860,18.3444,19.2484,7
2460014.895097,4.1598,-22.5873,20.4324,19.9860,18.3444,19.2484,7
2460019.811287,-7.7635,-20.2656,20.4324,19.9860,18.3444,19.2484,7
2460019.832177,11.4778,-13.7442,20.4324,19.9860,18.3444,19.2484,7
2460019.912397,-13.4533,-41.6069,20.4324,19.9860,18.3444,19.2484,7
2460020.809587,-1.3728,-17.1259,20.4324,19.9860,18.3444,19.2484,7
2460020.827507,5.6948,-15.0334,20.4324,19.9860,18.3444,19.2484,7
2460020.902487,12.9161,11.2641,20.4324,19.9860,18.3444,19.2484,7
2460021.870147,-38.8416,25.6206,20.4324,19.9860,18.3444,19.2484,7
2460021.887287,-22.4240,-0.7033,20.4324,19.9860,18.3444,19.2484,7
2460021.904587,10.0308,-28.4633,20.4324,19.9860,18.3444,19.2484,7
2460022.840067,-16.2834,13.5958,20.4324,19.9860,18.3444,19.2484,7
2460023.784637,-17.2694,-25.4009,20.4324,19.9860,18.3444,19.2484,7
2460023.801937,-3.7633,-3.4964,20.4324,19.9860,18.3444,19.2484,7
2460023.819457,9.6731,-1.9490,20.4324,19.9860,18.3444,19.2484,7
2460023.899307,-14.6629,-64.7313,20.4324,19.9860,18.3444,19.2484,7
2460024.885917,9.1707,0.8259,20.4324,19.9860,18.3444,19.2484,7
2460025.798437,19.9885,-36.3063,20.4324,19.9860,18.3444,19.2484,7
2460025.816347,-3.3353,-39.3943,20.4324,19.9860,18.3444,19.2484,7
2460025.858217,21.9133,-11.7577,20.4324,19.9860,18.3444,19.2484,7
2460025.910407,25.2969,5.6884,20.4324,19.9860,18.3444,19.2484,7
2460026.891717,13.7598,-15.1006,20.4324,19.9860,18.3444,19.2484,7
2460026.909027,1.2024,5.7398,20.4324,19.9860,18.3444,19.2484,7
2460027.806997,-23.8407,29.4685,20.4324,19.9860,18.3444,19.2484,7
2460027.824997,10.6749,10.9153,20.4324,19.9860,18.3444,19.2484,7
2460027.842267,2.9395,16.2215,20.4324,19.9860,18.3444,19.2484,7
2460027.893927,-5.4176,14.7012,20.4324,19.9860,18.3444,19.2484,7
2460028.795687,31.9708,-1.4949,20.4324,19.9860,18.3444,19.2484,7
2460028.853027,9.8568,-25.5513,20.4324,19.9860,18.3444,19.2484,7
2460028.888697,-8.3893,-14.4518,20.4324,19.9860,18.3444,19.2484,7
2460028.906597,-12.5126,-11.0773,20.4324,19.9860,18.3444,19.2484,7
2460029.790297,3.6684,-36.4577,20.4324,19.9860,18.3444,19.2484,7
2460029.808187,18.8202,22.6136,20.4324,19.9860,18.3444,19.2484,7
2460029.825517,6.1763,-4.7780,20.4324,19.9860,18.3444,19.2484,7
2460029.896687,4.3912,-7.5413,20.4324,19.9860,18.3444,19.2484,7
2460030.785087,1.0081,-50.5461,20.4324,19.9860,18.3444,19.2484,7
2460030.830917,-6.8622,-30.0549,20.4324,19.9860,18.3444,19.2484,7
2460030.903997,-9.4411,-5.7730,20.4324,19.9860,18.3444,19.2484,7
2460031.825917,13.6528,-46.5755,20.4324,19.9860,18.3444,19.2484,7
2460031.843557,27.2119,8.2042,20.4324,19.9860,18.3444,19.2484,7
2460031.860737,-3.9610,-16.8918,20.4324,19.9860,18.3444,19.2484,7
2460031.878397,13.3529,-8.9524,20.4324,19.9860,18.3444,19.2484,7
2460032.839167,-3.1516,-1.4132,20.4324,19.9860,18.3444,19.2484,7
2460032.856937,5.2997,-13.6737,20.4324,19.9860,18.3444,19.2484,7
2460032.875017,-13.9323,-15.3102,20.4324,19.9860,18.3444,19.2484,7
2460032.892617,16.7338,-1.0453,20.4324,19.9860,18.3444,19.2484,7
2460032.909567,1.1809,-22.2425,20.4324,19.9860,18.3444,19.2484,7
2460033.839987,-0.5230,1.3904,20.4324,19.9860,18.3444,19.2484,7
2460034.893227,-12.4890,-10.5068,20.4324,19.9860,18.3444,19.2484,7
2460035.758807,-6.2070,-13.4354,20.4324,19.9860,18.3444,19.2484,7
2460035.776477,10.2077,-3.5337,20.4324,19.9860,18.3444,19.2484,7
2460035.845497,32.8174,-18.5771,20.4324,19.9860,18.3444,19.2484,7
2460035.866277,-14.4169,-6.7175,20.4324,19.9860,18.3444,19.2484,7
2460036.774057,24.0634,-39.9200,20.4324,19.9860,18.3444,19.2484,7
2460036.836987,-11.5949,16.1648,20.4324,19.9860,18.3444,19.2484,7
2460036.903397,7.6930,-11.4772,20.4324,19.9860,18.3444,19.2484,7
2460037.787337,-17.1840,23.0313,20.4324,19.9860,18.3444,19.2484,7
2460037.824247,-16.3359,5.3840,20.4324,19.9860,18.3444,19.2484,7
2460037.852097,6.6909,-23.9504,20.4324,19.9860,18.3444,19.2484,7
2460037.869227,9.5153,15.8900,20.4324,19.9860,18.3444,19.2484,7
2460037.905497,10.7398,-4.4903,20.4324,19.9860,18.3444,19.2484,7
2460038.789157,-5.3779,18.7928,20.4324,19.9860,18.3444,19.2484,7
2460038.840757,6.9588,-8.8734,20.4324,19.9860,18.3444,19.2484,7
2460038.872647,22.2472,-17.2706,20.4324,19.9860,18.3444,19.2484,7
2460038.890017,7.6346,-16.5850,20.4324,19.9860,18.3444,19.2484,7
2460039.767507,0.8956,-39.2663,20.4324,19.9860,18.3444,19.2484,7
2460039.785487,7.6819,-25.5899,20.4324,19.9860,18.3444,19.2484,7
2460039.805667,10.1701,-0.0930,20.4324,19.9860,18.3444,19.2484,7
2460039.823397,29.7169,25.9798,20.4324,19.9860,18.3444,19.2484,7
2460039.840707,20.1727,-9.8120,20.4324,19.9860,18.3444,19.2484,7
2460039.868847,-15.5351,-3.6066,20.4324,19.9860,18.3444,19.2484,7
2460039.894817,-14.1521,-17.6916,20.4324,19.9860,18.3444,19.2484,7
2460039.913317,1.1955,-10.6702,20.4324,19.9860,18.3444,19.2484,7
2460040.758467,25.5782,-42.5086,20.4324,19.9860,18.3444,19.2484,7
2460040.786777,11.1592,-25.1194,20.4324,19.9860,18.3444,19.2484,7
2460040.804247,3.9696,-32.7246,20.4324,19.9860,18.3444,19.2484,7
2460040.838497,-9.4680,-9.6148,20.4324,19.9860,18.3444,19.2484,7
2460040.883817,-5.2839,4.8374,20.4324,19.9860,18.3444,19.2484,7
2460040.901457,-13.3793,7.0680,20.4324,19.9860,18.3444,19.2484,7
2460040.918447,16.6250,3.8198,20.4324,19.9860,18.3444,19.2484,7
2460041.785907,33.0665,-25.9105,20.4324,19.9860,18.3444,19.2484,7
2460041.820247,-2.2364,-23.2707,20.4324,19.9860,18.3444,19.2484,7
2460041.837507,-0.6399,3.3434,20.4324,19.9860,18.3444,19.2484,7
2460041.867247,5.3504,14.0660,20.4324,19.9860,18.3444,19.2484,7
2460041.903337,-0.5573,12.1035,20.4324,19.9860,18.3444,19.2484,7
2460042.763737,5.6216,6.9846,20.4324,19.9860,18.3444,19.2484,7
2460042.791837,-9.5320,-5.7271,20.4324,19.9860,18.3444,19.2484,7
2460042.808837,4.8452,-0.2648,20.4324,19.9860,18.3444,19.2484,7
2460042.829307,4.6160,-8.5125,20.4324,19.9860,18.3444,19.2484,7
2460042.858957,1.4057,-12.3138,20.4324,19.9860,18.3444,19.2484,7
2460042.874967,-1.7202,-15.8339,20.4324,19.9860,18.3444,19.2484,7
2460042.903697,-27.3483,-30.4357,20.4324,19.9860,18.3444,19.2484,7
2460043.819437,-5.1465,12.1785,20.4324,19.9860,18.3444,19.2484,7
2460043.843437,10.3384,5.5755,20.4324,19.9860,18.3444,19.2484,7
2460043.860967,10.3267,19.0798,20.4324,19.9860,18.3444,19.2484,7
2460043.877967,-20.7636,-7.0628,20.4324,19.9860,18.3444,19.2484,7
2460044.860807,-17.9854,-18.1808,20.4324,19.9860,18.3444,19.2484,7
2460044.877737,10.0285,-38.3425,20.4324,19.9860,18.3444,19.2484,7
2460044.905667,-13.4070,1.9574,20.4324,19.9860,18.3444,19.2484,7
2460047.769777,-17.2333,0.7046,20.4324,19.9860,18.3444,19.2484,7
2460047.787137,5.5977,-11.1845,20.4324,19.9860,18.3444,19.2484,7
2460047.822157,-34.0554,14.1384,20.4324,19.9860,18.3444,19.2484,7
2460047.839507,5.8234,-4.3054,20.4324,19.9860,18.3444,19.2484,7
2460047.906917,-8.9549,-6.6201,20.4324,19.9860,18.3444,19.2484,7
2460047.927037,6.2534,-13.5943,20.4324,19.9860,18.3444,19.2484,7
2460048.756987,-28.5975,-6.9876,20.4324,19.9860,18.3444,19.2484,7
2460048.777257,33.4669,0.3555,20.4324,19.9860,18.3444,19.2484,7
2460048.829557,-0.3487,-6.9792,20.4324,19.9860,18.3444,19.2484,7
2460048.857547,-16.7672,-5.5376,20.4324,19.9860,18.3444,19.2484,7
2460048.875187,-1.6661,0.7395,20.4324,19.9860,18.3444,19.2484,7
2460048.895977,-15.4046,-9.5020,20.4324,19.9860,18.3444,19.2484,7
2460048.912727,29.7985,1.4820,20.4324,19.9860,18.3444,19.2484,7
2460049.769237,7.3726,-22.8122,20.4324,19.9860,18.3444,19.2484,7
2460049.789797,20.2210,-25.8334,20.4324,19.9860,18.3444,19.2484,7
2460049.857057,11.7483,-12.3168,20.4324,19.9860,18.3444,19.2484,7
2460049.874087,-5.8257,-5.8033,20.4324,19.9860,18.3444,19.2484,7
2460049.904047,-14.4913,-10.5975,20.4324,19.9860,18.3444,19.2484,7
2460049.922597,-15.9075,-5.4027,20.4324,19.9860,18.3444,19.2484,7
2460050.788797,-13.2523,-29.1208,20.4324,19.9860,18.3444,19.2484,7
2460050.809827,-12.3788,-26.5719,20.4324,19.9860,18.3444,19.2484,7
2460050.838427,10.2748,-7.9206,20.4324,19.9860,18.3444,19.2484,7
2460050.859127,10.2128,13.4617,20.4324,19.9860,18.3444,19.2484,7
2460050.876197,28.9013,-5.8387,20.4324,19.9860,18.3444,19.2484,7
2460050.904677,23.5646,-0.3829,20.4324,19.9860,18.3444,19.2484,7
2460050.921717,11.5262,-7.2497,20.4324,19.9860,18.3444,19.2484,7
2460051.755447,9.7390,13.5971,20.4324,19.9860,18.3444,19.2484,7
2460051.793747,-24.9329,-26.1487,20.4324,19.9860,18.3444,19.2484,7
2460051.900857,-30.3157,-32.2007,20.4324,19.9860,18.3444,19.2484,7
2460052.867977,20.6582,-25.0676,20.4324,19.9860,18.3444,19.2484,7
2460052.906647,5.8148,-21.7626,20.4324,19.9860,18.3444,19.2484,7
2460053.788097,11.1062,-31.3074,20.4324,19.9860,18.3444,19.2484,7
2460054.719167,10.8968,-17.8799,20.4324,19.9860,18.3444,19.2484,7
2460054.782817,-4.8107,-0.8990,20.4324,19.9860,18.3444,19.2484,7
2460054.800637,13.9892,-16.8756,20.4324,19.9860,18.3444,19.2484,7
2460054.818597,17.5037,-11.7890,20.4324,19.9860,18.3444,19.2484,7
2460054.835637,-16.3816,-1.5107,20.4324,19.9860,18.3444,19.2484,7
2460054.852987,-13.8748,-12.8043,20.4324,19.9860,18.3444,19.2484,7
2460054.896607,-6.2865,-4.0440,20.4324,19.9860,18.3444,19.2484,7
2460054.913727,4.3929,5.4022,20.4324,19.9860,18.3444,19.2484,7
2460056.776827,13.0482,11.2608,20.4324,19.9860,18.3444,19.2484,7
2460056.812427,12.1429,-16.4506,20.4324,19.9860,18.3444,19.2484,7
2460056.878107,3.1229,-33.6878,20.4324,19.9860,18.3444,19.2484,7
2460057.749827,29.3169,-2.6858,20.4324,19.9860,18.3444,19.2484,7
2460057.767567,10.2237,-14.1178,20.4324,19.9860,18.3444,19.2484,7
2460057.836327,2.5610,22.8508,20.4324,19.9860,18.3444,19.2484,7
2460058.821087,14.9571,2.6927,20.4324,19.9860,18.3444,19.2484,7
2460058.838647,9.7981,-39.6412,20.4324,19.9860,18.3444,19.2484,7
2460058.884367,-4.7387,-8.8096,20.4324,19.9860,18.3444,19.2484,7
2460058.901637,9.0429,12.8134,20.4324,19.9860,18.3444,19.2484,7
2460059.699277,5.5153,-0.0763,20.4324,19.9860,18.3444,19.2484,7
2460059.744757,27.1750,-46.1303,20.4324,19.9860,18.3444,19.2484,7
2460060.686477,-20.2617,-7.3060,20.4324,19.9860,18.3444,19.2484,7
2460060.723977,-1.2475,-20.3520,20.4324,19.9860,18.3444,19.2484,7
2460060.726817,-8.7903,-10.9736,20.4324,19.9860,18.3444,19.2484,7
2460060.818597,33.7005,-1.7565,20.4324,19.9860,18.3444,19.2484,7
2460060.836217,-0.2312,-25.5536,20.4324,19.9860,18.3444,19.2484,7
2460060.853287,-1.7886,-16.5396,20.4324,19.9860,18.3444,19.2484,7
2460060.856487,-7.0784,-13.9089,20.4324,19.9860,18.3444,19.2484,7
2460061.719357,-2.1750,-32.3772,20.4324,19.9860,18.3444,19.2484,7
2460061.758177,19.2132,-3.4218,20.4324,19.9860,18.3444,19.2484,7
2460061.775587,7.1795,3.9908,20.4324,19.9860,18.3444,19.2484,7
2460061.841357,-16.3648,-27.4209,20.4324,19.9860,18.3444,19.2484,7
2460061.858927,-4.9912,-6.1718,20.4324,19.9860,18.3444,19.2484,7
2460061.876457,11.7116,-3.2199,20.4324,19.9860,18.3444,19.2484,7
2460061.921437,2.7204,10.2733,20.4324,19.9860,18.3444,19.2484,7
2460062.818127,9.7037,14.0316,20.4324,19.9860,18.3444,19.2484,7
2460063.691627,-3.9439,-41.8697,20.4324,19.9860,18.3444,19.2484,7
2460063.708917,-29.8326,6.7962,20.4324,19.9860,18.3444,19.2484,7
2460063.726827,-7.0005,1.1293,20.4324,19.9860,18.3444,19.2484,7
2460063.744317,-9.1312,15.3799,20.4324,19.9860,18.3444,19.2484,7
2460063.778537,5.0970,-8.1992,20.4324,19.9860,18.3444,19.2484,7
2460063.847077,-17.5399,-6.1876,20.4324,19.9860,18.3444,19.2484,7
2460063.867617,8.3012,-13.1279,20.4324,19.9860,18.3444,19.2484,7
2460063.884857,-21.7192,-7.1167,20.4324,19.9860,18.3444,19.2484,7
2460063.917267,33.0683,-24.4898,20.4324,19.9860,18.3444,19.2484,7
2460064.738317,-3.0895,-15.4561,20.4324,19.9860,18.3444,19.2484,7
2460064.778277,2.8712,11.0734,20.4324,19.9860,18.3444,19.2484,7
2460064.818727,25.6382,-21.8422,20.4324,19.9860,18.3444,19.2484,7
2460064.864387,13.7285,-20.9827,20.4324,19.9860,18.3444,19.2484,7
2460064.902817,14.2085,17.7260,20.4324,19.9860,18.3444,19.2484,7
2460064.920387,33.3145,23.0879,20.4324,19.9860,18.3444,19.2484,7
2460065.707137,37.2044,27.8928,20.4324,19.9860,18.3444,19.2484,7
2460065.724347,22.4609,-19.8795,20.4324,19.9860,18.3444,19.2484,7
2460065.743377,-1.5601,20.1871,20.4324,19.9860,18.3444,19.2484,7
2460065.795467,17.4808,-0.6353,20.4324,19.9860,18.3444,19.2484,7
2460065.811937,2.5578,7.3379,20.4324,19.9860,18.3444,19.2484,7
2460065.848237,2.7993,5.4847,20.4324,19.9860,18.3444,19.2484,7
2460065.865187,-12.0018,1.2523,20.4324,19.9860,18.3444,19.2484,7
2460065.894137,27.1445,-12.0198,20.4324,19.9860,18.3444,19.2484,7
2460066.671107,11.3863,-28.3344,20.4324,19.9860,18.3444,19.2484,7
2460066.771877,-6.7698,-7.6560,20.4324,19.9860,18.3444,19.2484,7
2460066.892317,25.8487,6.7828,20.4324,19.9860,18.3444,19.2484,7
2460066.919577,16.3891,2.3075,20.4324,19.9860,18.3444,19.2484,7
2460067.748587,29.1396,-1.2173,20.4324,19.9860,18.3444,19.2484,7
2460067.810997,27.8439,-0.6164,20.4324,19.9860,18.3444,19.2484,7
2460067.842577,-2.9362,-24.2293,20.4324,19.9860,18.3444,19.2484,7
2460067.870517,3.8019,-17.1010,20.4324,19.9860,18.3444,19.2484,7
2460067.904987,19.5120,-19.2286,20.4324,19.9860,18.3444,19.2484,7
2460068.723837,16.6550,-32.1855,20.4324,19.9860,18.3444,19.2484,7
2460069.720087,3.8213,-40.4629,20.4324,19.9860,18.3444,19.2484,7
2460069.755847,-12.8906,-9.3497,20.4324,19.9860,18.3444,19.2484,7
2460069.772877,-8.1150,2.3410,20.4324,19.9860,18.3444,19.2484,7
2460069.933077,19.6612,16.2726,20.4324,19.9860,18.3444,19.2484,7
2460070.789617,3.5316,-16.6638,20.4324,19.9860,18.3444,19.2484,7
2460074.813857,12.0438,-28.6879,20.4324,19.9860,18.3444,19.2484,7
2460074.831167,-6.0400,-34.1703,20.4324,19.9860,18.3444,19.2484,7
2460075.662197,-17.3391,12.4723,20.4324,19.9860,18.3444,19.2484,7
2460075.679787,-10.2014,-36.8836,20.4324,19.9860,18.3444,19.2484,7
2460075.696937,-22.1660,-16.4086,20.4324,19.9860,18.3444,19.2484,7
2460075.714637,-11.4806,-26.2951,20.4324,19.9860,18.3444,19.2484,7
2460075.736997,8.7230,-16.0409,20.4324,19.9860,18.3444,19.2484,7
2460075.796107,-26.6876,-3.4116,20.4324,19.9860,18.3444,19.2484,7
2460075.813207,-4.2120,-24.3095,20.4324,19.9860,18.3444,19.2484,7
2460075.832937,-19.7440,-11.2898,20.4324,19.9860,18.3444,19.2484,7
2460075.851717,10.5631,-26.7847,20.4324,19.9860,18.3444,19.2484,7
2460075.868147,-12.2588,-3.8454,20.4324,19.9860,18.3444,19.2484,7
2460075.911697,-24.7625,11.5117,20.4324,19.9860,18.3444,19.2484,7
2460075.929167,-12.7717,18.3114,20.4324,19.9860,18.3444,19.2484,7
2460076.683657,-7.9046,-16.6250,20.4324,19.9860,18.3444,19.2484,7
2460076.701017,-37.5587,-3.2178,20.4324,19.9860,18.3444,19.2484,7
2460076.742847,-19.6269,-15.0034,20.4324,19.9860,18.3444,19.2484,7
2460076.770377,-20.0472,-6.1693,20.4324,19.9860,18.3444,19.2484,7
2460076.807107,-29.3191,-31.1591,20.4324,19.9860,18.3444,19.2484,7
2460076.823617,-26.7386,-15.3606,20.4324,19.9860,18.3444,19.2484,7
2460076.885817,12.2088,-1.0520,20.4324,19.9860,18.3444,19.2484,7
2460076.919807,-26.9640,3.7150,20.4324,19.9860,18.3444,19.2484,7
2460077.698817,-6.1771,-40.3992,20.4324,19.9860,18.3444,19.2484,7
2460077.716067,3.5770,0.3348,20.4324,19.9860,18.3444,19.2484,7
2460077.735327,-21.9698,-19.9895,20.4324,19.9860,18.3444,19.2484,7
2460077.783127,-14.6930,-14.9523,20.4324,19.9860,18.3444,19.2484,7
2460077.801647,15.9275,-13.1162,20.4324,19.9860,18.3444,19.2484,7
2460077.824027,-12.3822,-20.2497,20.4324,19.9860,18.3444,19.2484,7
2460077.870447,5.0992,10.6900,20.4324,19.9860,18.3444,19.2484,7
2460077.887827,-5.2591,-11.5637,20.4324,19.9860,18.3444,19.2484,7
2460078.704927,44.2773,4.0214,20.4324,19.9860,18.3444,19.2484,7
2460078.767097,-4.6466,-3.8132,20.4324,19.9860,18.3444,19.2484,7
2460078.771527,-1.9064,-7.5845,20.4324,19.9860,18.3444,19.2484,7
2460078.805807,2.1141,-3.8498,20.4324,19.9860,18.3444,19.2484,7
2460078.823377,-16.2289,-6.4244,20.4324,19.9860,18.3444,19.2484,7
2460078.842117,8.0991,0.9213,20.4324,19.9860,18.3444,19.2484,7
2460078.872747,14.7612,22.4314,20.4324,19.9860,18.3444,19.2484,7
2460079.640687,43.4087,-30.5473,20.4324,19.9860,18.3444,19.2484,7
2460079.678577,35.1126,-10.5640,20.4324,19.9860,18.3444,19.2484,7
2460079.734497,16.9582,-13.1166,20.4324,19.9860,18.3444,19.2484,7
2460079.763027,24.3928,-24.8868,20.4324,19.9860,18.3444,19.2484,7
2460079.796607,-38.1040,-36.3788,20.4324,19.9860,18.3444,19.2484,7
2460079.830427,-24.1375,-24.8579,20.4324,19.9860,18.3444,19.2484,7
2460080.660167,13.6298,-15.0514,20.4324,19.9860,18.3444,19.2484,7
2460080.679907,7.3503,-42.3169,20.4324,19.9860,18.3444,19.2484,7
2460080.725157,19.2595,-9.9135,20.4324,19.9860,18.3444,19.2484,7
2460080.776997,13.1415,-10.0591,20.4324,19.9860,18.3444,19.2484,7
2460080.794177,2.0635,-9.5017,20.4324,19.9860,18.3444,19.2484,7
2460080.811477,0.6890,31.0325,20.4324,19.9860,18.3444,19.2484,7
2460080.845037,27.0529,-7.5573,20.4324,19.9860,18.3444,19.2484,7
2460080.899657,-28.8758,-35.9849,20.4324,19.9860,18.3444,19.2484,7
2460082.682677,38.9995,-13.7264,20.4324,19.9860,18.3444,19.2484,7
2460082.768137,-37.7780,-38.4716,20.4324,19.9860,18.3444,19.2484,7
2460082.841357,-30.3908,4.8401,20.4324,19.9860,18.3444,19.2484,7
2460082.858417,-49.2289,-36.8931,20.4324,19.9860,18.3444,19.2484,7
2460082.908617,-1.1079,-18.9710,20.4324,19.9860,18.3444,19.2484,7
2460083.697517,3.8623,1.4039,20.4324,19.9860,18.3444,19.2484,7
2460083.731867,6.8514,-15.4399,20.4324,19.9860,18.3444,19.2484,7
2460083.802337,-4.0826,-9.0561,20.4324,19.9860,18.3444,19.2484,7
2460083.852997,-32.0532,14.8818,20.4324,19.9860,18.3444,19.2484,7
2460084.704427,-19.1496,-26.5139,20.4324,19.9860,18.3444,19.2484,7
2460084.807387,33.5880,13.4466,20.4324,19.9860,18.3444,19.2484,7
2460085.724517,-32.6705,10.6455,20.4324,19.9860,18.3444,19.2484,7
2460085.771197,-27.1624,-17.5310,20.4324,19.9860,18.3444,19.2484,7
2460085.805587,-9.4670,-11.3773,20.4324,19.9860,18.3444,19.2484,7
2460087.687937,-23.2419,-24.6104,20.4324,19.9860,18.3444,19.2484,7
2460087.709227,-26.9023,18.8714,20.4324,19.9860,18.3444,19.2484,7
2460089.640117,-8.4850,23.2571,20.4324,19.9860,18.3444,19.2484,7
2460089.658077,3.6896,8.1497,20.4324,19.9860,18.3444,19.2484,7
2460089.675667,2.4482,-6.2435,20.4324,19.9860,18.3444,19.2484,7
2460089.703797,6.4736,9.8169,20.4324,19.9860,18.3444,19.2484,7
2460089.733307,-12.9351,-10.1596,20.4324,19.9860,18.3444,19.2484,7
2460089.754567,14.8152,10.2894,20.4324,19.9860,18.3444,19.2484,7
2460089.861427,29.0063,19.9626,20.4324,19.9860,18.3444,19.2484,7
2460089.895477,-31.3023,19.4821,20.4324,19.9860,18.3444,19.2484,7
2460089.912737,22.7180,-4.2854,20.4324,19.9860,18.3444,19.2484,7
2460090.915147,8.6684,-19.2588,20.4324,19.9860,18.3444,19.2484,7
2460091.642257,4.8136,-22.9957,20.4324,19.9860,18.3444,19.2484,7
2460091.659717,-4.2511,1.7105,20.4324,19.9860,18.3444,19.2484,7
2460091.680177,39.4098,6.0311,20.4324,19.9860,18.3444,19.2484,7
2460091.697347,14.3304,-7.0569,20.4324,19.9860,18.3444,19.2484,7
2460091.737787,-2.1687,2.9408,20.4324,19.9860,18.3444,19.2484,7
2460091.766437,5.5330,-8.8935,20.4324,19.9860,18.3444,19.2484,7
2460091.783487,20.0974,-30.3667,20.4324,19.9860,18.3444,19.2484,7
2460091.800617,-0.9614,29.5213,20.4324,19.9860,18.3444,19.2484,7
2460092.648177,41.1248,-35.3116,20.4324,19.9860,18.3444,19.2484,7
2460092.701037,-35.7483,-32.0475,20.4324,19.9860,18.3444,19.2484,7
2460092.729287,0.3636,5.3787,20.4324,19.9860,18.3444,19.2484,7
2460092.746797,20.9470,-4.9758,20.4324,19.9860,18.3444,19.2484,7
2460094.604007,-25.2292,-26.1472,20.4324,19.9860,18.3444,19.2484,7
2460094.680787,1.8530,-0.5476,20.4324,19.9860,18.3444,19.2484,7
2460094.699857,8.0952,20.2290,20.4324,19.9860,18.3444,19.2484,7
2460094.717287,1.6991,-12.8455,20.4324,19.9860,18.3444,19.2484,7
2460094.762597,2.2917,2.7902,20.4324,19.9860,18.3444,19.2484,7
2460094.780007,-2.0818,-2.6827,20.4324,19.9860,18.3444,19.2484,7
2460094.801157,-3.9936,-12.2889,20.4324,19.9860,18.3444,19.2484,7
2460094.818277,-24.0652,8.2376,20.4324,19.9860,18.3444,19.2484,7
2460094.852897,28.1305,-0.0478,20.4324,19.9860,18.3444,19.2484,7
2460094.882307,-16.1823,20.9811,20.4324,19.9860,18.3444,19.2484,7
2460095.789687,-0.5456,11.1172,20.4324,19.9860,18.3444,19.2484,7
2460095.871877,-42.9909,-12.5370,20.4324,19.9860,18.3444,19.2484,7
2460096.649317,-11.8536,-12.2589,20.4324,19.9860,18.3444,19.2484,7
2460096.730197,-1.5793,-27.6256,20.4324,19.9860,18.3444,19.2484,7
2460096.750557,-17.4848,-25.4262,20.4324,19.9860,18.3444,19.2484,7
2460096.769927,-5.5331,5.8403,20.4324,19.9860,18.3444,19.2484,7
2460096.786797,6.2675,-7.5811,20.4324,19.9860,18.3444,19.2484,7
2460096.803957,-13.7385,-10.6124,20.4324,19.9860,18.3444,19.2484,7
2460096.831937,10.9901,-5.7705,20.4324,19.9860,18.3444,19.2484,7
2460096.849517,24.3464,-18.7161,20.4324,19.9860,18.3444,19.2484,7
2460096.866717,11.9481,7.5673,20.4324,19.9860,18.3444,19.2484,7
2460096.883667,-2.5418,-9.7059,20.4324,19.9860,18.3444,19.2484,7
2460097.667807,20.5269,-11.9917,20.4324,19.9860,18.3444,19.2484,7
2460097.686277,-12.5200,-12.4750,20.4324,19.9860,18.3444,19.2484,7
2460097.738867,-4.3604,-6.7939,20.4324,19.9860,18.3444,19.2484,7
2460097.756347,-21.5400,-23.2053,20.4324,19.9860,18.3444,19.2484,7
2460097.774027,1.5509,-16.3355,20.4324,19.9860,18.3444,19.2484,7
2460097.855387,0.3459,-9.9776,20.4324,19.9860,18.3444,19.2484,7
2460097.872227,-4.7542,-23.1155,20.4324,19.9860,18.3444,19.2484,7
2460098.703777,-49.1074,-29.8354,20.4324,19.9860,18.3444,19.2484,7
2460098.731577,-23.5811,-38.8907,20.4324,19.9860,18.3444,19.2484,7
2460102.757587,-14.6258,3.2356,20.4324,19.9860,18.3444,19.2484,7
2460103.592647,-23.4488,-6.5091,20.4324,19.9860,18.3444,19.2484,7
2460103.660367,-0.5486,-23.1291,20.4324,19.9860,18.3444,19.2484,7
2460103.677297,0.7032,-12.2429,20.4324,19.9860,18.3444,19.2484,7
2460103.694517,-10.5858,-32.3270,20.4324,19.9860,18.3444,19.2484,7
2460103.722137,-17.1269,-15.6548,20.4324,19.9860,18.3444,19.2484,7
2460103.738887,-12.4613,-13.8738,20.4324,19.9860,18.3444,19.2484,7
2460103.772457,-5.6342,0.4607,20.4324,19.9860,18.3444,19.2484,7
2460103.790457,-4.3647,-3.6040,20.4324,19.9860,18.3444,19.2484,7
2460103.854557,10.5768,-35.2912,20.4324,19.9860,18.3444,19.2484,7
2460103.889297,-6.8796,18.2722,20.4324,19.9860,18.3444,19.2484,7
2460103.897547,1.1677,-1.7340,20.4324,19.9860,18.3444,19.2484,7
2460104.643707,-35.3675,-0.8449,20.4324,19.9860,18.3444,19.2484,7
2460104.660347,-2.9815,-20.3918,20.4324,19.9860,18.3444,19.2484,7
2460104.676617,-12.8286,-27.3146,20.4324,19.9860,18.3444,19.2484,7
2460104.726947,0.7946,-2.1804,20.4324,19.9860,18.3444,19.2484,7
2460104.758877,-1.1463,-16.3487,20.4324,19.9860,18.3444,19.2484,7
2460104.775587,10.0995,-14.3340,20.4324,19.9860,18.3444,19.2484,7
2460104.792547,-10.3220,-16.7209,20.4324,19.9860,18.3444,19.2484,7
2460104.841307,33.0192,-5.1654,20.4324,19.9860,18.3444,19.2484,7
2460105.754147,-13.1039,-31.0201,20.4324,19.9860,18.3444,19.2484,7
2460105.840817,-5.4172,7.6351,20.4324,19.9860,18.3444,19.2484,7
2460106.670037,-42.8948,-20.0554,20.4324,19.9860,18.3444,19.2484,7
2460106.687397,-11.0787,-1.1262,20.4324,19.9860,18.3444,19.2484,7
2460106.733417,17.4098,-13.1938,20.4324,19.9860,18.3444,19.2484,7
2460106.766997,-4.3559,14.3906,20.4324,19.9860,18.3444,19.2484,7
2460106.783487,-16.1266,7.1411,20.4324,19.9860,18.3444,19.2484,7
2460106.819517,-21.0227,-18.7055,20.4324,19.9860,18.3444,19.2484,7
2460107.842467,32.4643,14.5576,20.4324,19.9860,18.3444,19.2484,7
2460107.877367,-21.0945,19.0121,20.4324,19.9860,18.3444,19.2484,7
2460108.641767,-47.6667,-46.5029,20.4324,19.9860,18.3444,19.2484,7
2460108.708057,21.7986,-9.2175,20.4324,19.9860,18.3444,19.2484,7
2460108.724777,-1.4873,-4.1912,20.4324,19.9860,18.3444,19.2484,7
2460108.802957,25.2065,-33.1377,20.4324,19.9860,18.3444,19.2484,7
2460108.837997,36.7292,-38.9225,20.4324,19.9860,18.3444,19.2484,7
2460108.854937,3.2615,-22.3112,20.4324,19.9860,18.3444,19.2484,7
2460108.871747,10.9834,10.7739,20.4324,19.9860,18.3444,19.2484,7
2460109.821597,7.1445,-29.2107,20.4324,19.9860,18.3444,19.2484,7
2460110.608007,-8.3932,-8.2758,20.4324,19.9860,18.3444,19.2484,7
2460110.641727,35.2941,-17.3167,20.4324,19.9860,18.3444,19.2484,7
2460110.721507,-10.1113,8.6647,20.4324,19.9860,18.3444,19.2484,7
2460110.739307,-3.8250,-4.1131,20.4324,19.9860,18.3444,19.2484,7
2460110.783987,13.9878,-15.9019,20.4324,19.9860,18.3444,19.2484,7
2460110.817497,18.1704,23.4698,20.4324,19.9860,18.3444,19.2484,7
2460111.599657,-37.5196,-46.1759,20.4324,19.9860,18.3444,19.2484,7
2460111.616417,15.4745,3.0315,20.4324,19.9860,18.3444,19.2484,7
2460111.641587,8.3225,14.6625,20.4324,19.9860,18.3444,19.2484,7
2460111.692377,10.1564,3.2306,20.4324,19.9860,18.3444,19.2484,7
2460111.698357,-3.3124,4.8908,20.4324,19.9860,18.3444,19.2484,7
2460111.729157,-21.3337,19.0560,20.4324,19.9860,18.3444,19.2484,7
2460111.762587,24.0509,1.3726,20.4324,19.9860,18.3444,19.2484,7
2460111.779437,-0.2693,8.6711,20.4324,19.9860,18.3444,19.2484,7
2460111.796787,19.0353,-0.3097,20.4324,19.9860,18.3444,19.2484,7
2460111.828387,-2.4566,-2.7123,20.4324,19.9860,18.3444,19.2484,7
2460111.843777,15.7683,-14.5978,20.4324,19.9860,18.3444,19.2484,7
2460111.873787,-10.3736,8.1949,20.4324,19.9860,18.3444,19.2484,7
2460112.543577,-10.8271,-42.1530,20.4324,19.9860,18.3444,19.2484,7
2460112.570807,-8.8286,-20.3185,20.4324,19.9860,18.3444,19.2484,7
2460112.587767,-8.6862,-12.2518,20.4324,19.9860,18.3444,19.2484,7
2460112.642737,-16.8268,11.1793,20.4324,19.9860,18.3444,19.2484,7
2460112.670767,15.9791,15.2344,20.4324,19.9860,18.3444,19.2484,7
2460112.722317,-1.0514,7.0953,20.4324,19.9860,18.3444,19.2484,7
2460112.740787,-19.0718,5.9179,20.4324,19.9860,18.3444,19.2484,7
2460112.784507,-10.5675,18.2111,20.4324,19.9860,18.3444,19.2484,7
2460112.801027,2.0458,-11.9941,20.4324,19.9860,18.3444,19.2484,7
2460112.822317,-6.8406,12.3867,20.4324,19.9860,18.3444,19.2484,7
2460112.856127,-5.8201,13.5772,20.4324,19.9860,18.3444,19.2484,7
2460112.872017,-0.2792,2.7420,20.4324,19.9860,18.3444,19.2484,7
2460113.578247,-28.9308,-44.5494,20.4324,19.9860,18.3444,19.2484,7
2460113.595407,14.1963,-9.9977,20.4324,19.9860,18.3444,19.2484,7
2460113.612177,25.4939,-29.7189,20.4324,19.9860,18.3444,19.2484,7
2460113.630317,-5.9108,-2.5428,20.4324,19.9860,18.3444,19.2484,7
2460113.661307,21.4352,-13.8280,20.4324,19.9860,18.3444,19.2484,7
2460113.679027,-39.9231,15.6573,20.4324,19.9860,18.3444,19.2484,7
2460113.695877,21.8628,4.2445,20.4324,19.9860,18.3444,19.2484,7
2460113.728847,6.5047,34.2628,20.4324,19.9860,18.3444,19.2484,7
2460113.756027,16.5148,1.0070,20.4324,19.9860,18.3444,19.2484,7
2460113.772407,17.8512,12.2209,20.4324,19.9860,18.3444,19.2484,7
2460113.789437,-17.5886,-4.5603,20.4324,19.9860,18.3444,19.2484,7
2460113.824227,-7.9644,7.4804,20.4324,19.9860,18.3444,19.2484,7
2460113.841227,-9.2446,-11.9664,20.4324,19.9860,18.3444,19.2484,7
2460120.517477,-45.1176,4.5730,20.4324,19.9860,18.3444,19.2484,7
2460120.548587,2.5831,11.4601,20.4324,19.9860,18.3444,19.2484,7
2460120.616707,35.8117,7.5730,20.4324,19.9860,18.3444,19.2484,7
2460120.651187,-3.0753,-15.1572,20.4324,19.9860,18.3444,19.2484,7
2460120.668457,15.5991,-1.9948,20.4324,19.9860,18.3444,19.2484,7
2460120.686357,17.3438,-15.8546,20.4324,19.9860,18.3444,19.2484,7
2460120.830757,-24.8577,30.6307,20.4324,19.9860,18.3444,19.2484,7
2460121.550387,5.0278,-17.8448,20.4324,19.9860,18.3444,19.2484,7
2460121.567687,1.8237,-19.6095,20.4324,19.9860,18.3444,19.2484,7
2460121.618557,-11.0915,11.1307,20.4324,19.9860,18.3444,19.2484,7
2460121.831917,12.3736,-43.4997,20.4324,19.9860,18.3444,19.2484,7
2460123.545297,-11.0103,-31.8868,20.4324,19.9860,18.3444,19.2484,7
2460123.595217,4.3367,-5.3616,20.4324,19.9860,18.3444,19.2484,7
2460123.639647,-36.2363,-40.2678,20.4324,19.9860,18.3444,19.2484,7
2460123.667377,7.2620,-6.6059,20.4324,19.9860,18.3444,19.2484,7
2460123.687537,-18.0504,-16.0228,20.4324,19.9860,18.3444,19.2484,7
2460123.704557,5.2121,-5.6547,20.4324,19.9860,18.3444,19.2484,7
2460123.738697,16.8727,18.0395,20.4324,19.9860,18.3444,19.2484,7
2460123.759727,19.7365,-13.6975,20.4324,19.9860,18.3444,19.2484,7
2460123.825557,14.9592,-23.1414,20.4324,19.9860,18.3444,19.2484,7
2460123.842467,-15.8250,9.1417,20.4324,19.9860,18.3444,19.2484,7
2460124.526997,4.6144,12.9350,20.4324,19.9860,18.3444,19.2484,7
2460124.544027,-1.6581,4.4315,20.4324,19.9860,18.3444,19.2484,7
2460124.575777,18.1177,-5.7331,20.4324,19.9860,18.3444,19.2484,7
2460124.600487,-2.2297,-10.1577,20.4324,19.9860,18.3444,19.2484,7
2460124.619807,-45.5099,-40.5849,20.4324,19.9860,18.3444,19.2484,7
2460124.656157,0.9356,-1.8489,20.4324,19.9860,18.3444,19.2484,7
2460124.673237,-7.2978,-12.6199,20.4324,19.9860,18.3444,19.2484,7
2460124.702037,-0.0660,-11.8132,20.4324,19.9860,18.3444,19.2484,7
2460124.725047,-2.0287,-40.5789,20.4324,19.9860,18.3444,19.2484,7
2460124.741927,-10.5432,-26.6971,20.4324,19.9860,18.3444,19.2484,7
2460124.759097,25.1987,-35.2282,20.4324,19.9860,18.3444,19.2484,7
2460124.775967,18.0027,-25.4144,20.4324,19.9860,18.3444,19.2484,7
2460124.802967,24.7716,14.7678,20.4324,19.9860,18.3444,19.2484,7
2460125.510887,-11.3643,8.6596,20.4324,19.9860,18.3444,19.2484,7
2460125.534157,19.2693,-13.1130,20.4324,19.9860,18.3444,19.2484,7
2460125.565997,11.7640,-14.5240,20.4324,19.9860,18.3444,19.2484,7
2460125.591467,-11.1767,-13.3013,20.4324,19.9860,18.3444,19.2484,7
2460125.625737,0.2751,-7.8378,20.4324,19.9860,18.3444,19.2484,7
2460125.642987,-4.1554,6.0858,20.4324,19.9860,18.3444,19.2484,7
2460125.674027,3.6572,-0.0552,20.4324,19.9860,18.3444,19.2484,7
2460125.734917,18.9079,9.4680,20.4324,19.9860,18.3444,19.2484,7
2460125.752117,-1.1958,16.6692,20.4324,19.9860,18.3444,19.2484,7
2460125.775027,-35.4480,-10.5374,20.4324,19.9860,18.3444,19.2484,7
2460125.819057,18.1929,-11.5372,20.4324,19.9860,18.3444,19.2484,7
2460125.830097,-6.5667,8.8409,20.4324,19.9860,18.3444,19.2484,7
2460130.655917,4.8529,-4.3854,20.4324,19.9860,18.3444,19.2484,7
2460130.672927,33.9221,-33.5208,20.4324,19.9860,18.3444,19.2484,7
2460130.707147,-0.9726,-0.0792,20.4324,19.9860,18.3444,19.2484,7
2460130.727087,15.2311,-8.8250,20.4324,19.9860,18.3444,19.2484,7
2460133.711027,-17.3862,38.9438,20.4324,19.9860,18.3444,19.2484,7
2460133.732677,26.4771,1.3473,20.4324,19.9860,18.3444,19.2484,7
2460134.600437,-42.9122,-42.0917,20.4324,19.9860,18.3444,19.2484,7
2460134.688337,26.6268,-14.9188,20.4324,19.9860,18.3444,19.2484,7
2460134.699857,-8.8521,-4.6801,20.4324,19.9860,18.3444,19.2484,7
2460134.716577,-27.8064,-54.2299,20.4324,19.9860,18.3444,19.2484,7
2460138.590337,-40.8070,-49.6199,20.4324,19.9860,18.3444,19.2484,7
2460138.707877,10.6987,-21.2276,20.4324,19.9860,18.3444,19.2484,7
2460138.800287,-50.0171,-7.0078,20.4324,19.9860,18.3444,19.2484,7
2460139.549967,-2.6929,10.3311,20.4324,19.9860,18.3444,19.2484,7
2460139.594387,2.9755,-54.1108,20.4324,19.9860,18.3444,19.2484,7
2460139.630277,-6.8818,3.3084,20.4324,19.9860,18.3444,19.2484,7
2460139.666387,8.8058,-21.4616,20.4324,19.9860,18.3444,19.2484,7
2460139.711917,-0.5174,5.5061,20.4324,19.9860,18.3444,19.2484,7
2460139.732837,-2.2322,-49.7595,20.4324,19.9860,18.3444,19.2484,7
2460140.502977,41.9641,23.0197,20.4324,19.9860,18.3444,19.2484,7
2460140.536027,32.1336,-0.1535,20.4324,19.9860,18.3444,19.2484,7
2460140.579907,20.1485,22.8014,20.4324,19.9860,18.3444,19.2484,7
2460140.596757,-3.2501,-7.5374,20.4324,19.9860,18.3444,19.2484,7
2460140.615277,0.8047,-25.6338,20.4324,19.9860,18.3444,19.2484,7
2460140.632697,-20.1494,2.7565,20.4324,19.9860,18.3444,19.2484,7
2460140.649447,-9.1289,-9.2016,20.4324,19.9860,18.3444,19.2484,7
2460140.678847,14.2570,25.1426,20.4324,19.9860,18.3444,19.2484,7
2460140.699077,1.9140,10.0572,20.4324,19.9860,18.3444,19.2484,7
2460140.732497,-11.3307,3.2977,20.4324,19.9860,18.3444,19.2484,7
2460140.749077,-3.2786,-9.0958,20.4324,19.9860,18.3444,19.2484,7
2460140.776247,3.3714,12.9260,20.4324,19.9860,18.3444,19.2484,7
2460140.793627,-37.0557,-49.2512,20.4324,19.9860,18.3444,19.2484,7
2460141.508677,7.7978,-1.2954,20.4324,19.9860,18.3444,19.2484,7
2460141.586527,2.4095,-3.0180,20.4324,19.9860,18.3444,19.2484,7
2460141.603697,-9.5390,-2.2982,20.4324,19.9860,18.3444,19.2484,7
2460141.622547,-3.2545,0.3075,20.4324,19.9860,18.3444,19.2484,7
2460141.651107,-10.6257,-3.4131,20.4324,19.9860,18.3444,19.2484,7
2460141.684587,5.5637,-35.4941,20.4324,19.9860,18.3444,19.2484,7
2460141.700967,1.2599,-18.5872,20.4324,19.9860,18.3444,19.2484,7
2460141.718367,-2.0713,-11.6013,20.4324,19.9860,18.3444,19.2484,7
2460141.745477,10.6851,43.1095,20.4324,19.9860,18.3444,19.2484,7
2460141.762847,-2.4675,25.2110,20.4324,19.9860,18.3444,19.2484,7
2460141.779437,17.6530,-46.6063,20.4324,19.9860,18.3444,19.2484,7
2460142.479317,-0.8943,30.3367,20.4324,19.9860,18.3444,19.2484,7
2460142.680057,-22.7128,-14.7012,20.4324,19.9860,18.3444,19.2484,7
2460143.568547,-31.0156,12.2009,20.4324,19.9860,18.3444,19.2484,7
2460144.553547,-24.5602,-9.6384,20.4324,19.9860,18.3444,19.2484,7
2460144.570187,-26.0679,-2.5633,20.4324,19.9860,18.3444,19.2484,7
2460144.591767,-0.1387,-13.2973,20.4324,19.9860,18.3444,19.2484,7
2460144.726037,-13.1702,-12.2802,20.4324,19.9860,18.3444,19.2484,7
2460144.743217,-11.3984,0.5641,20.4324,19.9860,18.3444,19.2484,7
2460146.574107,-29.3654,-5.6149,20.4324,19.9860,18.3444,19.2484,7
2460148.703677,21.6328,34.8413,20.4324,19.9860,18.3444,19.2484,7
2460148.731107,-19.3105,-34.3767,20.4324,19.9860,18.3444,19.2484,7
2460149.515547,4.1478,-15.5184,20.4324,19.9860,18.3444,19.2484,7
2460149.544807,-30.3033,-34.3324,20.4324,19.9860,18.3444,19.2484,7
2460149.579647,22.2160,-21.3047,20.4324,19.9860,18.3444,19.2484,7
2460149.597847,-16.3515,2.2229,20.4324,19.9860,18.3444,19.2484,7
2460149.615137,19.8404,23.5218,20.4324,19.9860,18.3444,19.2484,7
2460149.642707,42.9158,-8.5666,20.4324,19.9860,18.3444,19.2484,7
2460149.659267,20.7339,-30.5207,20.4324,19.9860,18.3444,19.2484,7
2460149.709077,27.0856,10.0328,20.4324,19.9860,18.3444,19.2484,7
2460150.471637,-0.4767,38.9998,20.4324,19.9860,18.3444,19.2484,7
2460150.480047,-4.4851,10.9890,20.4324,19.9860,18.3444,19.2484,7
2460150.488327,-29.1813,-45.5279,20.4324,19.9860,18.3444,19.2484,7
2460150.496927,-14.7775,-32.3644,20.4324,19.9860,18.3444,19.2484,7
2460150.505047,-11.2721,-9.5637,20.4324,19.9860,18.3444,19.2484,7
2460150.577667,-13.8667,-22.9249,20.4324,19.9860,18.3444,19.2484,7
2460150.587467,-17.0171,0.9675,20.4324,19.9860,18.3444,19.2484,7
2460151.653157,-20.2746,-16.8546,20.4324,19.9860,18.3444,19.2484,7
2460151.669797,-8.0899,10.1704,20.4324,19.9860,18.3444,19.2484,7
2460151.687727,3.9292,-33.4456,20.4324,19.9860,18.3444,19.2484,7
2460151.704837,20.2577,18.1114,20.4324,19.9860,18.3444,19.2484,7
2460151.733437,-17.6841,-6.8550,20.4324,19.9860,18.3444,19.2484,7
2460151.760247,26.3676,30.4182,20.4324,19.9860,18.3444,19.2484,7
2460151.765947,23.2411,-4.5640,20.4324,19.9860,18.3444,19.2484,7
2460153.485487,-44.6577,24.3570,20.4324,19.9860,18.3444,19.2484,7
2460153.519387,27.9892,42.4939,20.4324,19.9860,18.3444,19.2484,7
2460153.568227,8.0289,-28.8522,20.4324,19.9860,18.3444,19.2484,7
2460153.586407,-19.8763,-43.3960,20.4324,19.9860,18.3444,19.2484,7
2460153.603527,-1.0224,-2.9528,20.4324,19.9860,18.3444,19.2484,7
2460153.620327,0.4913,-10.7964,20.4324,19.9860,18.3444,19.2484,7
2460153.685237,-26.0334,-0.7085,20.4324,19.9860,18.3444,19.2484,7
2460153.702107,-31.4973,28.3286,20.4324,19.9860,18.3444,19.2484,7
2460153.719057,14.6940,-4.4100,20.4324,19.9860,18.3444,19.2484,7
2460153.736087,-46.7826,2.1701,20.4324,19.9860,18.3444,19.2484,7
2460154.586537,-10.8900,-7.7037,20.4324,19.9860,18.3444,19.2484,7
2460159.478077,8.2078,-10.4721,20.4324,19.9860,18.3444,19.2484,7
2460159.556737,13.0912,22.4889,20.4324,19.9860,18.3444,19.2484,7
2460159.606757,-1.2441,7.7225,20.4324,19.9860,18.3444,19.2484,7
2460159.623337,-14.4641,-17.9296,20.4324,19.9860,18.3444,19.2484,7
2460159.641727,3.3557,-2.6415,20.4324,19.9860,18.3444,19.2484,7
2460159.658537,37.4401,6.5234,20.4324,19.9860,18.3444,19.2484,7
2460159.675387,5.2040,25.7927,20.4324,19.9860,18.3444,19.2484,7
2460159.692057,7.8274,-3.8224,20.4324,19.9860,18.3444,19.2484,7
2460159.736437,-3.3588,6.4617,20.4324,19.9860,18.3444,19.2484,7
2460160.476987,-31.3860,-11.4737,20.4324,19.9860,18.3444,19.2484,7
2460160.587767,9.1894,-26.5619,20.4324,19.9860,18.3444,19.2484,7
2460160.604617,-4.7923,-12.2719,20.4324,19.9860,18.3444,19.2484,7
2460160.621587,-20.6499,-8.7041,20.4324,19.9860,18.3444,19.2484,7
2460160.661537,-7.8711,32.9435,20.4324,19.9860,18.3444,19.2484,7
2460160.700287,-30.8671,4.5896,20.4324,19.9860,18.3444,19.2484,7
2460160.720717,-46.1691,-40.5306,20.4324,19.9860,18.3444,19.2484,7
2460160.734807,29.9823,-40.1707,20.4324,19.9860,18.3444,19.2484,7
2460161.477677,17.8995,-27.8361,20.4324,19.9860,18.3444,19.2484,7
2460161.499467,8.5320,18.4127,20.4324,19.9860,18.3444,19.2484,7
2460161.517297,16.5043,14.3950,20.4324,19.9860,18.3444,19.2484,7
2460161.544917,-6.1179,7.3799,20.4324,19.9860,18.3444,19.2484,7
2460161.565557,21.9361,-17.3338,20.4324,19.9860,18.3444,19.2484,7
2460161.583987,-22.3477,-6.8102,20.4324,19.9860,18.3444,19.2484,7
2460161.626227,-30.5298,-1.1687,20.4324,19.9860,18.3444,19.2484,7
2460161.643477,35.5455,1.5626,20.4324,19.9860,18.3444,19.2484,7
2460161.693817,7.9633,-7.3864,20.4324,19.9860,18.3444,19.2484,7
2460161.717597,15.5449,20.4104,20.4324,19.9860,18.3444,19.2484,7
2460162.513617,-10.3599,-42.1565,20.4324,19.9860,18.3444,19.2484,7
2460162.667257,-8.2180,8.0563,20.4324,19.9860,18.3444,19.2484,7
2460162.670197,-42.1274,-44.3458,20.4324,19.9860,18.3444,19.2484,7
2460162.707537,-42.0753,-8.8200,20.4324,19.9860,18.3444,19.2484,7
2460162.724437,4.2661,-34.1039,20.4324,19.9860,18.3444,19.2484,7
2460163.613807,1.4543,-4.5330,20.4324,19.9860,18.3444,19.2484,7
2460163.650517,-4.5884,-10.8909,20.4324,19.9860,18.3444,19.2484,7
2460167.586607,-28.5201,11.4470,20.4324,19.9860,18.3444,19.2484,7
2460167.603417,13.4710,4.8076,20.4324,19.9860,18.3444,19.2484,7
2460167.624257,-30.5145,17.2209,20.4324,19.9860,18.3444,19.2484,7
2460168.470347,-44.1832,-10.1355,20.4324,19.9860,18.3444,19.2484,7
2460168.514607,-23.0390,-36.2975,20.4324,19.9860,18.3444,19.2484,7
2460168.531757,20.2945,-23.0812,20.4324,19.9860,18.3444,19.2484,7
2460168.548687,-18.7618,-8.0994,20.4324,19.9860,18.3444,19.2484,7
2460168.633077,8.2885,-11.7023,20.4324,19.9860,18.3444,19.2484,7
2460169.508567,-6.4713,-23.2855,20.4324,19.9860,18.3444,19.2484,7
2460169.547447,8.0087,-5.3772,20.4324,19.9860,18.3444,19.2484,7
2460169.570757,-2.4050,-1.2776,20.4324,19.9860,18.3444,19.2484,7
2460169.635557,-31.4068,16.6362,20.4324,19.9860,18.3444,19.2484,7
2460169.700037,-41.3479,-36.6000,20.4324,19.9860,18.3444,19.2484,7
2460170.478107,-17.2113,-15.7670,20.4324,19.9860,18.3444,19.2484,7
2460170.494497,-0.2163,-24.0115,20.4324,19.9860,18.3444,19.2484,7
2460170.585627,19.3100,16.8785,20.4324,19.9860,18.3444,19.2484,7
2460170.619737,-0.7419,28.2496,20.4324,19.9860,18.3444,19.2484,7
2460170.639427,-23.1583,-5.4256,20.4324,19.9860,18.3444,19.2484,7
2460170.702477,9.8183,-11.0063,20.4324,19.9860,18.3444,19.2484,7
2460171.488197,-5.8649,-2.6936,20.4324,19.9860,18.3444,19.2484,7
2460171.505287,-9.7862,-1.8629,20.4324,19.9860,18.3444,19.2484,7
2460171.521627,-3.2019,17.0966,20.4324,19.9860,18.3444,19.2484,7
2460171.548667,-27.6697,-0.6986,20.4324,19.9860,18.3444,19.2484,7
2460171.566717,-12.8923,-1.1102,20.4324,19.9860,18.3444,19.2484,7
2460171.583637,-21.5652,-5.4794,20.4324,19.9860,18.3444,19.2484,7
2460171.586867,0.0084,9.8838,20.4324,19.9860,18.3444,19.2484,7
2460171.607487,-14.7307,-8.7807,20.4324,19.9860,18.3444,19.2484,7
2460171.624127,-6.1138,-12.0720,20.4324,19.9860,18.3444,19.2484,7
2460171.651247,1.8087,-7.1217,20.4324,19.9860,18.3444,19.2484,7
2460171.668537,-8.3784,0.3115,20.4324,19.9860,18.3444,19.2484,7
2460171.685407,-2.7179,12.6863,20.4324,19.9860,18.3444,19.2484,7
2460171.701227,-12.7890,1.7580,20.4324,19.9860,18.3444,19.2484,7
2460173.504357,-1.8624,-35.2077,20.4324,19.9860,18.3444,19.2484,7
2460173.521507,-24.8028,-17.9208,20.4324,19.9860,18.3444,19.2484,7
2460174.590187,0.6899,-17.0188,20.4324,19.9860,18.3444,19.2484,7
2460174.623157,-11.8360,4.7917,20.4324,19.9860,18.3444,19.2484,7
2460175.548257,4.6917,-18.0682,20.4324,19.9860,18.3444,19.2484,7
2460175.583267,12.1347,-6.5435,20.4324,19.9860,18.3444,19.2484,7
2460175.601407,5.8438,-13.0806,20.4324,19.9860,18.3444,19.2484,7
2460175.617757,14.9498,-42.0945,20.4324,19.9860,18.3444,19.2484,7
2460178.477787,5.5773,-33.2025,20.4324,19.9860,18.3444,19.2484,7
2460178.494627,17.3000,11.6219,20.4324,19.9860,18.3444,19.2484,7
2460178.563687,30.4517,-21.3378,20.4324,19.9860,18.3444,19.2484,7
2460178.580217,7.8695,-11.8980,20.4324,19.9860,18.3444,19.2484,7
2460178.600887,16.5843,-52.6427,20.4324,19.9860,18.3444,19.2484,7
2460179.619907,17.2048,9.4230,20.4324,19.9860,18.3444,19.2484,7
2460179.636267,28.0296,-46.5557,20.4324,19.9860,18.3444,19.2484,7
2460180.502507,5.2145,-43.8822,20.4324,19.9860,18.3444,19.2484,7
2460180.616457,23.5394,37.0594,20.4324,19.9860,18.3444,19.2484,7
2460181.612567,-5.8195,-10.1418,20.4324,19.9860,18.3444,19.2484,7
2460181.630777,10.8706,-45.1711,20.4324,19.9860,18.3444,19.2484,7
2460181.672457,-3.9353,2.7257,20.4324,19.9860,18.3444,19.2484,7
2460184.516207,-12.8435,19.1164,20.4324,19.9860,18.3444,19.2484,7
2460184.533047,-18.7304,34.1098,20.4324,19.9860,18.3444,19.2484,7
2460185.537297,-1.1456,1.0140,20.4324,19.9860,18.3444,19.2484,7
2460186.540747,1.6102,-13.7427,20.4324,19.9860,18.3444,19.2484,7
2460186.578277,16.6229,22.7894,20.4324,19.9860,18.3444,19.2484,7
2460186.595027,16.0941,-10.4455,20.4324,19.9860,18.3444,19.2484,7
2460187.531117,-0.9061,-14.5304,20.4324,19.9860,18.3444,19.2484,7
2460187.561527,-12.4862,-7.3015,20.4324,19.9860,18.3444,19.2484,7
2460187.594137,-19.6431,-3.8273,20.4324,19.9860,18.3444,19.2484,7
2460187.618317,46.2870,-17.9379,20.4324,19.9860,18.3444,19.2484,7
2460187.638217,-12.5041,-3.2861,20.4324,19.9860,18.3444,19.2484,7
2460187.655127,-18.6128,8.7179,20.4324,19.9860,18.3444,19.2484,7
2460188.476737,3.7182,-4.2563,20.4324,19.9860,18.3444,19.2484,7
2460189.508167,-1.8522,-2.1256,20.4324,19.9860,18.3444,19.2484,7
2460193.477317,22.7178,12.7324,20.4324,19.9860,18.3444,19.2484,7
2460196.528207,1.5166,-28.3476,20.4324,19.9860,18.3444,19.2484,7
2460201.568447,-16.0534,-33.5523,20.4324,19.9860,18.3444,19.2484,7
2460201.585207,-6.3238,-7.2807,20.4324,19.9860,18.3444,19.2484,7
2460202.487467,20.2154,-18.1899,20.4324,19.9860,18.3444,19.2484,7
2460202.605587,3.9572,17.0231,20.4324,19.9860,18.3444,19.2484,7
2460203.493087,-12.8937,3.1862,20.4324,19.9860,18.3444,19.2484,7
2460203.527297,2.9899,1.0799,20.4324,19.9860,18.3444,19.2484,7
2460203.573727,33.8095,-3.8430,20.4324,19.9860,18.3444,19.2484,7
2460203.591287,12.8861,2.8826,20.4324,19.9860,18.3444,19.2484,7
2460203.603237,18.4651,6.0083,20.4324,19.9860,18.3444,19.2484,7
2460203.617037,47.9212,-12.9233,20.4324,19.9860,18.3444,19.2484,7
2460204.477697,-6.6278,3.9048,20.4324,19.9860,18.3444,19.2484,7
2460204.496607,-25.5163,-0.2746,20.4324,19.9860,18.3444,19.2484,7
2460204.513667,1.0373,-11.0032,20.4324,19.9860,18.3444,19.2484,7
2460204.545217,-7.8511,-2.5805,20.4324,19.9860,18.3444,19.2484,7
2460204.581147,-7.8667,30.4143,20.4324,19.9860,18.3444,19.2484,7
2460206.520247,-12.1737,2.1774,20.4324,19.9860,18.3444,19.2484,7
2460207.517517,-3.0200,10.1641,20.4324,19.9860,18.3444,19.2484,7
2460208.478877,-9.9136,3.1739,20.4324,19.9860,18.3444,19.2484,7
2460208.506337,4.5970,20.5971,20.4324,19.9860,18.3444,19.2484,7
2460208.523237,-0.1319,23.1304,20.4324,19.9860,18.3444,19.2484,7
2460208.552227,-9.8141,-5.7608,20.4324,19.9860,18.3444,19.2484,7
2460208.569597,3.2747,19.8661,20.4324,19.9860,18.3444,19.2484,7
2460208.589047,-7.0783,0.5892,20.4324,19.9860,18.3444,19.2484,7
2460209.488157,44.9415,19.1341,20.4324,19.9860,18.3444,19.2484,7
2460209.521577,-30.7418,1.9639,20.4324,19.9860,18.3444,19.2484,7
2460209.565527,-14.8823,-16.8766,20.4324,19.9860,18.3444,19.2484,7
2460209.579627,-39.0448,30.1309,20.4324,19.9860,18.3444,19.2484,7
2460211.566457,-3.7319,0.2572,20.4324,19.9860,18.3444,19.2484,7
2460211.583427,-7.9331,2.6184,20.4324,19.9860,18.3444,19.2484,7
2460212.483587,11.3903,-35.7717,20.4324,19.9860,18.3444,19.2484,7
2460212.500367,-20.8573,-14.3054,20.4324,19.9860,18.3444,19.2484,7
2460212.518987,-20.3379,-0.9782,20.4324,19.9860,18.3444,19.2484,7
2460212.535507,19.7432,-25.0537,20.4324,19.9860,18.3444,19.2484,7
2460212.572397,9.6771,22.4863,20.4324,19.9860,18.3444,19.2484,7
2460212.581797,-0.3071,-2.0945,20.4324,19.9860,18.3444,19.2484,7
2460212.595567,12.0367,-15.9708,20.4324,19.9860,18.3444,19.2484,7
2460214.486127,20.9869,7.9569,20.4324,19.9860,18.3444,19.2484,7
2460214.502767,12.0532,-7.3533,20.4324,19.9860,18.3444,19.2484,7
2460214.530417,6.5348,-25.4140,20.4324,19.9860,18.3444,19.2484,7
2460214.547427,-11.3340,-40.1901,20.4324,19.9860,18.3444,19.2484,7
2460216.523317,25.3059,11.1330,20.4324,19.9860,18.3444,19.2484,7
2460216.568687,-3.7037,28.9157,20.4324,19.9860,18.3444,19.2484,7
2460217.503877,-12.7369,-2.7023,20.4324,19.9860,18.3444,19.2484,7
2460217.522167,-7.7322,-5.7476,20.4324,19.9860,18.3444,19.2484,7
2460217.555827,-23.1240,-12.3572,20.4324,19.9860,18.3444,19.2484,7
2460218.532697,2.2972,-16.5810,20.4324,19.9860,18.3444,19.2484,7
2460219.485217,-15.0495,9.9263,20.4324,19.9860,18.3444,19.2484,7
2460219.503247,9.4567,-0.7509,20.4324,19.9860,18.3444,19.2484,7
2460219.520237,8.5001,-40.0288,20.4324,19.9860,18.3444,19.2484,7
2460219.562357,-31.7027,23.2841,20.4324,19.9860,18.3444,19.2484,7
2460222.495977,5.6207,-8.0744,20.4324,19.9860,18.3444,19.2484,7
2460222.530417,24.0584,-20.5257,20.4324,19.9860,18.3444,19.2484,7
2460222.533347,-3.7528,15.3052,20.4324,19.9860,18.3444,19.2484,7
2460226.553037,23.9048,6.9963,20.4324,19.9860,18.3444,19.2484,7
2460227.489547,1.8114,-2.7460,20.4324,19.9860,18.3444,19.2484,7
2460227.517307,-8.2917,-3.8366,20.4324,19.9860,18.3444,19.2484,7
2460227.534177,11.3558,-11.6885,20.4324,19.9860,18.3444,19.2484,7
2460227.551187,-12.1339,-1.6092,20.4324,19.9860,18.3444,19.2484,7
2460228.500887,2.9817,10.8214,20.4324,19.9860,18.3444,19.2484,7
2460229.493307,-20.7391,-6.8304,20.4324,19.9860,18.3444,19.2484,7
2460229.509937,-14.0038,-13.9520,20.4324,19.9860,18.3444,19.2484,7
2460229.527747,-14.3410,-26.3399,20.4324,19.9860,18.3444,19.2484,7
2460230.492347,-52.8314,-33.5707,20.4324,19.9860,18.3444,19.2484,7
2460230.513527,35.5138,18.0732,20.4324,19.9860,18.3444,19.2484,7
2460230.530537,-17.3389,3.0755,20.4324,19.9860,18.3444,19.2484,7
2460231.520127,-17.5771,-5.9041,20.4324,19.9860,18.3444,19.2484,7
2460232.496097,8.0635,-25.5876,20.4324,19.9860,18.3444,19.2484,7
2460232.513837,-42.0349,-35.0639,20.4324,19.9860,18.3444,19.2484,7
2460232.541677,8.0582,13.1530,20.4324,19.9860,18.3444,19.2484,7
2460232.544537,25.8280,-43.8515,20.4324,19.9860,18.3444,19.2484,7
2460363.890057,-9.7101,-21.9003,20.4324,19.9860,16.2644,19.5041,8
2460365.851617,-10.1940,-41.4575,20.4324,19.9860,16.2644,19.5041,8
2460366.883427,12.1807,-46.2109,20.4324,19.9860,16.2644,19.5041,8
2460366.900067,-3.5776,32.2182,20.4324,19.9860,16.2644,19.5041,8
2460367.863977,-18.7383,-41.3949,20.4324,19.9860,16.2644,19.5041,8
2460367.880447,-26.6017,-10.1548,20.4324,19.9860,16.2644,19.5041,8
2460367.899057,8.5904,26.2919,20.4324,19.9860,16.2644,19.5041,8
2460368.872477,-16.0401,-22.2413,20.4324,19.9860,16.2644,19.5041,8
2460369.861517,-5.3356,-5.0352,20.4324,19.9860,16.2644,19.5041,8
2460369.894717,-17.6182,-11.3563,20.4324,19.9860,16.2644,19.5041,8
2460370.840697,-18.4028,-39.3096,20.4324,19.9860,16.2644,19.5041,8
2460370.875157,-24.3867,-25.9993,20.4324,19.9860,16.2644,19.5041,8
2460371.870357,-8.8929,-23.0354,20.4324,19.9860,16.2644,19.5041,8
2460372.849937,-6.2900,13.6635,20.4324,19.9860,16.2644,19.5041,8
2460372.900787,-12.3830,-13.3642,20.4324,19.9860,16.2644,19.5041,8
2460374.834857,-10.3590,6.8519,20.4324,19.9860,16.2644,19.5041,8
2460374.854547,7.0562,-21.9744,20.4324,19.9860,16.2644,19.5041,8
2460374.871187,-13.6693,-20.0121,20.4324,19.9860,16.2644,19.5041,8
2460375.853887,-5.0980,2.7331,20.4324,19.9860,16.2644,19.5041,8
2460375.870847,20.7527,7.7017,20.4324,19.9860,16.2644,19.5041,8
2460375.887827,23.5491,1.3892,20.4324,19.9860,16.2644,19.5041,8
2460377.874177,-22.6668,-19.1826,20.4324,19.9860,16.2644,19.5041,8
2460377.890827,3.5071,-12.4770,20.4324,19.9860,16.2644,19.5041,8
2460378.875757,14.1642,-18.7859,20.4324,19.9860,16.2644,19.5041,8
2460379.809597,8.1882,0.0284,20.4324,19.9860,16.2644,19.5041,8
2460379.876717,-15.8691,-27.7265,20.4324,19.9860,16.2644,19.5041,8
2460379.893167,11.7939,-8.3865,20.4324,19.9860,16.2644,19.5041,8
2460380.814407,18.1975,-11.0981,20.4324,19.9860,16.2644,19.5041,8
2460380.866467,10.0409,2.8547,20.4324,19.9860,16.2644,19.5041,8
2460381.859937,8.0194,14.1936,20.4324,19.9860,16.2644,19.5041,8
2460381.876937,27.8807,-5.9576,20.4324,19.9860,16.2644,19.5041,8
2460382.824767,-11.3546,-5.2753,20.4324,19.9860,16.2644,19.5041,8
2460382.858707,-3.5337,-6.7755,20.4324,19.9860,16.2644,19.5041,8
2460382.875037,6.4644,-2.0271,20.4324,19.9860,16.2644,19.5041,8
2460382.908237,-19.9128,-23.1507,20.4324,19.9860,16.2644,19.5041,8
2460383.832717,10.2619,12.2652,20.4324,19.9860,16.2644,19.5041,8
2460383.848997,12.3581,-8.5311,20.4324,19.9860,16.2644,19.5041,8
2460383.870117,0.6751,-11.2402,20.4324,19.9860,16.2644,19.5041,8
2460384.804657,-29.9750,-25.1454,20.4324,19.9860,16.2644,19.5041,8
2460384.821597,7.4928,-16.2526,20.4324,19.9860,16.2644,19.5041,8
2460384.855507,27.8642,-15.7816,20.4324,19.9860,16.2644,19.5041,8
2460384.884877,-6.3819,-5.0253,20.4324,19.9860,16.2644,19.5041,8
2460384.902167,-6.8806,-25.5904,20.4324,19.9860,16.2644,19.5041,8
2460386.796387,13.1720,-37.4863,20.4324,19.9860,16.2644,19.5041,8
2460386.812827,-2.0583,-0.0881,20.4324,19.9860,16.2644,19.5041,8
2460386.829717,-3.5102,1.8175,20.4324,19.9860,16.2644,19.5041,8
2460387.804827,-9.5336,-1.1875,20.4324,19.9860,16.2644,19.5041,8
2460387.848637,-3.5379,-14.6503,20.4324,19.9860,16.2644,19.5041,8
2460387.866127,-18.5579,-3.3541,20.4324,19.9860,16.2644,19.5041,8
2460387.899717,2.8655,-32.4694,20.4324,19.9860,16.2644,19.5041,8
2460388.784147,-22.0076,6.6134,20.4324,19.9860,16.2644,19.5041,8
2460388.836487,5.0640,12.6429,20.4324,19.9860,16.2644,19.5041,8
2460388.853617,3.5579,-7.6749,20.4324,19.9860,16.2644,19.5041,8
2460388.897507,11.1071,-15.6974,20.4324,19.9860,16.2644,19.5041,8
2460388.914217,-10.0669,9.5708,20.4324,19.9860,16.2644,19.5041,8
2460389.839567,-11.0571,-17.3493,20.4324,19.9860,16.2644,19.5041,8
2460389.891587,6.1782,-22.4088,20.4324,19.9860,16.2644,19.5041,8
2460390.791457,17.5211,-26.3147,20.4324,19.9860,16.2644,19.5041,8
2460390.825607,-0.6784,-12.6031,20.4324,19.9860,16.2644,19.5041,8
2460390.843347,16.5594,-11.8570,20.4324,19.9860,16.2644,19.5041,8
2460390.861827,-3.9764,-9.9434,20.4324,19.9860,16.2644,19.5041,8
2460390.905837,-22.0076,-12.5488,20.4324,19.9860,16.2644,19.5041,8
2460391.805067,10.1030,-20.2701,20.4324,19.9860,16.2644,19.5041,8
2460391.851667,-0.9604,-8.5673,20.4324,19.9860,16.2644,19.5041,8
2460391.868967,15.8736,5.6159,20.4324,19.9860,16.2644,19.5041,8
2460391.885997,-11.2853,2.5402,20.4324,19.9860,16.2644,19.5041,8
2460392.800097,-6.6581,-5.0805,20.4324,19.9860,16.2644,19.5041,8
2460392.835247,-2.0924,-15.8938,20.4324,19.9860,16.2644,19.5041,8
2460392.900207,-9.0725,-19.4492,20.4324,19.9860,16.2644,19.5041,8
2460393.797137,-4.6559,-0.4284,20.4324,19.9860,16.2644,19.5041,8
2460393.878137,-22.0350,-14.0671,20.4324,19.9860,16.2644,19.5041,8
2460394.870707,-19.0410,0.9295,20.4324,19.9860,16.2644,19.5041,8
2460394.911237,-2.1959,1.1230,20.4324,19.9860,16.2644,19.5041,8
2460395.763607,2.2026,-9.7096,20.4324,19.9860,16.2644,19.5041,8
2460395.780727,10.7635,-25.9834,20.4324,19.9860,16.2644,19.5041,8
2460395.798697,-23.8858,-6.7551,20.4324,19.9860,16.2644,19.5041,8
2460395.868517,-3.8721,-0.1798,20.4324,19.9860,16.2644,19.5041,8
2460395.885347,-23.8547,-10.5906,20.4324,19.9860,16.2644,19.5041,8
2460395.902607,-23.8078,-7.4971,20.4324,19.9860,16.2644,19.5041,8
2460396.766497,0.5232,0.2390,20.4324,19.9860,16.2644,19.5041,8
2460396.826547,11.9292,-22.9486,20.4324,19.9860,16.2644,19.5041,8
2460396.844997,-20.8205,-8.8400,20.4324,19.9860,16.2644,19.5041,8
2460396.861527,-24.6371,-3.0216,20.4324,19.9860,16.2644,19.5041,8
2460396.878317,4.4680,7.2688,20.4324,19.9860,16.2644,19.5041,8
2460396.905667,10.3328,-13.5839,20.4324,19.9860,16.2644,19.5041,8
2460397.823287,-16.8923,-6.9590,20.4324,19.9860,16.2644,19.5041,8
2460397.840307,-9.6944,-7.6763,20.4324,19.9860,16.2644,19.5041,8
2460397.873907,-5.7147,-17.5943,20.4324,19.9860,16.2644,19.5041,8
2460397.920277,-19.6942,-15.2896,20.4324,19.9860,16.2644,19.5041,8
2460398.778307,0.5098,-0.7030,20.4324,19.9860,16.2644,19.5041,8
2460398.822997,-15.2463,-12.6220,20.4324,19.9860,16.2644,19.5041,8
2460398.859187,-17.0662,-24.0246,20.4324,19.9860,16.2644,19.5041,8
2460398.900807,-4.3105,-27.2908,20.4324,19.9860,16.2644,19.5041,8
2460399.806817,-26.2900,-19.5264,20.4324,19.9860,16.2644,19.5041,8
2460399.823537,0.8092,-27.6559,20.4324,19.9860,16.2644,19.5041,8
2460399.859697,-7.1700,-14.4585,20.4324,19.9860,16.2644,19.5041,8
2460399.876227,-21.2649,-13.5990,20.4324,19.9860,16.2644,19.5041,8
2460399.902927,-0.0343,-12.8509,20.4324,19.9860,16.2644,19.5041,8
2460402.760357,-0.4152,-12.4894,20.4324,19.9860,16.2644,19.5041,8
2460402.804537,2.1832,-10.0279,20.4324,19.9860,16.2644,19.5041,8
2460402.884407,-13.3473,-15.9784,20.4324,19.9860,16.2644,19.5041,8
2460402.901317,-25.6379,-18.2765,20.4324,19.9860,16.2644,19.5041,8
2460403.747967,11.9134,-6.1687,20.4324,19.9860,16.2644,19.5041,8
2460403.764597,-6.1216,-13.3750,20.4324,19.9860,16.2644,19.5041,8
2460403.791507,-4.4105,-6.4175,20.4324,19.9860,16.2644,19.5041,8
2460403.825087,-12.8220,-12.4805,20.4324,19.9860,16.2644,19.5041,8
2460403.859197,-8.5317,-3.8350,20.4324,19.9860,16.2644,19.5041,8
2460403.887437,-6.5865,-17.3159,20.4324,19.9860,16.2644,19.5041,8
2460403.904087,-2.5480,-5.5852,20.4324,19.9860,16.2644,19.5041,8
2460404.772707,-24.7037,-14.4241,20.4324,19.9860,16.2644,19.5041,8
2460404.800657,21.5771,-20.1639,20.4324,19.9860,16.2644,19.5041,8
2460404.835827,24.4149,-11.4460,20.4324,19.9860,16.2644,19.5041,8
2460404.913307,5.0113,-14.3919,20.4324,19.9860,16.2644,19.5041,8
2460405.744077,-25.7360,-25.7911,20.4324,19.9860,16.2644,19.5041,8
2460405.839217,-9.6846,-3.9910,20.4324,19.9860,16.2644,19.5041,8
2460406.817387,9.3780,-15.5921,20.4324,19.9860,16.2644,19.5041,8
2460406.833927,-21.7311,-0.7812,20.4324,19.9860,16.2644,19.5041,8
2460406.867867,12.2189,-18.0636,20.4324,19.9860,16.2644,19.5041,8
2460406.902157,-5.1582,-9.4371,20.4324,19.9860,16.2644,19.5041,8
2460406.920267,4.1151,-9.2581,20.4324,19.9860,16.2644,19.5041,8
2460407.767407,-10.3882,-5.8465,20.4324,19.9860,16.2644,19.5041,8
2460407.795187,-5.4110,-8.5595,20.4324,19.9860,16.2644,19.5041,8
2460407.832147,-11.2935,-8.3919,20.4324,19.9860,16.2644,19.5041,8
2460407.850067,13.7775,-7.2365,20.4324,19.9860,16.2644,19.5041,8
2460407.867647,-9.9884,-13.5248,20.4324,19.9860,16.2644,19.5041,8
2460407.894517,-3.1242,-18.1815,20.4324,19.9860,16.2644,19.5041,8
2460409.822887,-5.4124,-12.0409,20.4324,19.9860,16.2644,19.5041,8
2460409.839887,4.5731,-19.6203,20.4324,19.9860,16.2644,19.5041,8
2460409.859247,9.8941,-2.0786,20.4324,19.9860,16.2644,19.5041,8
2460409.878787,-2.7407,-2.2443,20.4324,19.9860,16.2644,19.5041,8
2460409.896187,-14.3100,-7.6014,20.4324,19.9860,16.2644,19.5041,8
2460409.923857,-13.7401,-9.4764,20.4324,19.9860,16.2644,19.5041,8
2460410.743487,2.2154,-5.5253,20.4324,19.9860,16.2644,19.5041,8
2460410.777237,-23.7590,-25.8591,20.4324,19.9860,16.2644,19.5041,8
2460410.823297,9.3555,-23.1195,20.4324,19.9860,16.2644,19.5041,8
2460410.840277,-5.7655,-8.4308,20.4324,19.9860,16.2644,19.5041,8
2460411.743477,16.4099,-24.5971,20.4324,19.9860,16.2644,19.5041,8
2460411.760167,-18.5328,-21.4635,20.4324,19.9860,16.2644,19.5041,8
2460411.824057,5.3890,-6.7013,20.4324,19.9860,16.2644,19.5041,8
2460411.846737,-19.9330,-10.2627,20.4324,19.9860,16.2644,19.5041,8
2460411.882247,9.1057,-12.9962,20.4324,19.9860,16.2644,19.5041,8
2460416.876177,-1.9879,-11.5352,20.4324,19.9860,16.2644,19.5041,8
2460417.731407,-1.3097,10.0506,20.4324,19.9860,16.2644,19.5041,8
2460417.748027,-12.2843,-4.8738,20.4324,19.9860,16.2644,19.5041,8
2460417.860567,9.9456,2.5456,20.4324,19.9860,16.2644,19.5041,8
2460417.877237,-18.4555,-6.0815,20.4324,19.9860,16.2644,19.5041,8
2460417.894047,-12.0337,-9.9413,20.4324,19.9860,16.2644,19.5041,8
2460417.921607,1.2634,-0.2172,20.4324,19.9860,16.2644,19.5041,8
2460418.727497,6.8057,-23.2216,20.4324,19.9860,16.2644,19.5041,8
2460418.746337,5.0796,-6.5839,20.4324,19.9860,16.2644,19.5041,8
2460418.794707,0.5722,-6.7682,20.4324,19.9860,16.2644,19.5041,8
2460418.832637,2.6214,-4.5085,20.4324,19.9860,16.2644,19.5041,8
2460418.839137,1.0366,2.6592,20.4324,19.9860,16.2644,19.5041,8
2460418.903197,-7.9433,13.6634,20.4324,19.9860,16.2644,19.5041,8
2460419.706107,-2.1228,-7.9840,20.4324,19.9860,16.2644,19.5041,8
2460419.724417,6.9062,4.0842,20.4324,19.9860,16.2644,19.5041,8
2460419.772357,18.1468,-4.8188,20.4324,19.9860,16.2644,19.5041,8
2460419.791557,-0.5020,-1.5796,20.4324,19.9860,16.2644,19.5041,8
2460419.844437,-11.6884,-12.2841,20.4324,19.9860,16.2644,19.5041,8
2460419.861707,-14.2853,-8.7570,20.4324,19.9860,16.2644,19.5041,8
2460419.882277,-8.2387,11.9423,20.4324,19.9860,16.2644,19.5041,8
2460419.916307,-6.6454,-6.6687,20.4324,19.9860,16.2644,19.5041,8
2460420.746267,-4.7214,-25.8504,20.4324,19.9860,16.2644,19.5041,8
2460420.794427,-0.8369,-1.4438,20.4324,19.9860,16.2644,19.5041,8
2460420.810867,-7.2813,-13.3413,20.4324,19.9860,16.2644,19.5041,8
2460420.827667,6.7686,10.6750,20.4324,19.9860,16.2644,19.5041,8
2460420.845527,5.5754,-16.2126,20.4324,19.9860,16.2644,19.5041,8
2460420.892667,-8.5598,0.3184,20.4324,19.9860,16.2644,19.5041,8
2460420.910727,0.8516,-9.6676,20.4324,19.9860,16.2644,19.5041,8
2460423.803487,-4.4011,-35.5281,20.4324,19.9860,16.2644,19.5041,8
2460423.837297,12.0144,-28.0571,20.4324,19.9860,16.2644,19.5041,8
2460423.864747,15.5812,-9.1227,20.4324,19.9860,16.2644,19.5041,8
2460423.885127,-15.1260,-17.9779,20.4324,19.9860,16.2644,19.5041,8
2460423.903287,20.5612,17.3941,20.4324,19.9860,16.2644,19.5041,8
2460423.919647,-7.5705,3.6569,20.4324,19.9860,16.2644,19.5041,8
2460424.768147,-34.3670,-2.4459,20.4324,19.9860,16.2644,19.5041,8
2460424.811767,-20.1000,-11.2374,20.4324,19.9860,16.2644,19.5041,8
2460424.873857,5.6255,-7.7363,20.4324,19.9860,16.2644,19.5041,8
2460425.726747,-1.7842,-37.5900,20.4324,19.9860,16.2644,19.5041,8
2460425.743567,-9.5289,-20.0042,20.4324,19.9860,16.2644,19.5041,8
2460425.793937,11.5731,-24.2391,20.4324,19.9860,16.2644,19.5041,8
2460425.822957,-9.4839,8.4582,20.4324,19.9860,16.2644,19.5041,8
2460425.894157,0.4334,3.7950,20.4324,19.9860,16.2644,19.5041,8
2460426.893747,-6.4508,-46.6055,20.4324,19.9860,16.2644,19.5041,8
2460426.910177,-25.5707,21.3771,20.4324,19.9860,16.2644,19.5041,8
2460426.930277,17.9495,-22.3279,20.4324,19.9860,16.2644,19.5041,8
2460427.844497,-18.6931,8.3547,20.4324,19.9860,16.2644,19.5041,8
2460432.929817,-37.7352,4.4167,20.4324,19.9860,16.2644,19.5041,8
2460433.786387,-6.2420,-66.2397,20.4324,19.9860,16.2644,19.5041,8
2460433.813917,-11.1489,-47.1020,20.4324,19.9860,16.2644,19.5041,8
2460433.835317,-17.9028,-15.9128,20.4324,19.9860,16.2644,19.5041,8
2460433.851577,-41.2378,-37.8795,20.4324,19.9860,16.2644,19.5041,8
2460433.868537,-19.9562,5.3981,20.4324,19.9860,16.2644,19.5041,8
2460433.931117,-21.4991,-55.8260,20.4324,19.9860,16.2644,19.5041,8
2460434.721227,-20.9439,-64.7503,20.4324,19.9860,16.2644,19.5041,8
2460434.740557,-23.0758,-23.1811,20.4324,19.9860,16.2644,19.5041,8
2460434.778317,-23.1364,-36.9585,20.4324,19.9860,16.2644,19.5041,8
2460434.795277,-29.1918,-42.6626,20.4324,19.9860,16.2644,19.5041,8
2460434.824377,-28.5277,-44.5127,20.4324,19.9860,16.2644,19.5041,8
2460434.850897,6.1163,-15.0979,20.4324,19.9860,16.2644,19.5041,8
2460434.923597,-13.1387,-53.3828,20.4324,19.9860,16.2644,19.5041,8
2460435.760937,-0.2630,-8.3944,20.4324,19.9860,16.2644,19.5041,8
2460435.777517,-15.1368,-2.8511,20.4324,19.9860,16.2644,19.5041,8
2460435.797977,-15.1004,9.0807,20.4324,19.9860,16.2644,19.5041,8
2460435.816047,-0.1142,-6.3123,20.4324,19.9860,16.2644,19.5041,8
2460435.833047,9.7573,-7.7109,20.4324,19.9860,16.2644,19.5041,8
2460435.860347,11.2055,-2.4465,20.4324,19.9860,16.2644,19.5041,8
2460435.908237,-36.6800,-3.7154,20.4324,19.9860,16.2644,19.5041,8
2460436.685947,-53.8510,-6.3945,20.4324,19.9860,16.2644,19.5041,8
2460436.709037,-7.9203,-65.4352,20.4324,19.9860,16.2644,19.5041,8
2460436.728597,-16.6043,-51.0840,20.4324,19.9860,16.2644,19.5041,8
2460436.761797,-17.7842,-64.6819,20.4324,19.9860,16.2644,19.5041,8
2460436.807247,23.8833,2.7346,20.4324,19.9860,16.2644,19.5041,8
2460436.824037,-21.7667,-4.2618,20.4324,19.9860,16.2644,19.5041,8
2460436.861587,1.0033,-17.3303,20.4324,19.9860,16.2644,19.5041,8
2460436.865387,16.5199,-1.6977,20.4324,19.9860,16.2644,19.5041,8
2460436.893817,19.8682,-30.2904,20.4324,19.9860,16.2644,19.5041,8
2460439.726357,-32.1843,-7.3336,20.4324,19.9860,16.2644,19.5041,8
2460439.744637,-17.3612,-24.0779,20.4324,19.9860,16.2644,19.5041,8
2460439.761337,-19.1852,-11.3343,20.4324,19.9860,16.2644,19.5041,8
2460439.788107,-12.5185,-39.7860,20.4324,19.9860,16.2644,19.5041,8
2460439.815487,13.2118,-21.7080,20.4324,19.9860,16.2644,19.5041,8
2460439.832327,-30.4640,-11.8168,20.4324,19.9860,16.2644,19.5041,8
2460439.852087,-17.8758,-1.3536,20.4324,19.9860,16.2644,19.5041,8
2460439.854907,22.1977,4.0635,20.4324,19.9860,16.2644,19.5041,8
2460439.890087,-2.4436,-1.3368,20.4324,19.9860,16.2644,19.5041,8
2460439.918687,-42.0083,-54.5467,20.4324,19.9860,16.2644,19.5041,8
2460440.686497,-60.2290,-57.6713,20.4324,19.9860,16.2644,19.5041,8
2460440.787067,-81.7729,-63.8909,20.4324,19.9860,16.2644,19.5041,8
2460440.885877,-61.4861,-10.2218,20.4324,19.9860,16.2644,19.5041,8
2460442.743487,-41.9095,-24.7480,20.4324,19.9860,16.2644,19.5041,8
2460442.759817,-30.8219,-15.6276,20.4324,19.9860,16.2644,19.5041,8
2460442.776527,-16.7619,-59.3143,20.4324,19.9860,16.2644,19.5041,8
2460442.838037,6.8967,1.4791,20.4324,19.9860,16.2644,19.5041,8
2460442.855167,3.0321,-46.3677,20.4324,19.9860,16.2644,19.5041,8
2460442.888897,-4.0206,-55.8929,20.4324,19.9860,16.2644,19.5041,8
2460442.907227,10.5064,-64.2397,20.4324,19.9860,16.2644,19.5041,8
2460442.924007,32.1262,-82.0420,20.4324,19.9860,16.2644,19.5041,8
2460448.913767,-28.1886,-27.2409,20.4324,19.9860,16.2644,19.5041,8
2460449.690427,-2.8330,-42.3377,20.4324,19.9860,16.2644,19.5041,8
2460449.726637,-9.3835,-31.9712,20.4324,19.9860,16.2644,19.5041,8
2460449.772367,-35.4309,-50.3552,20.4324,19.9860,16.2644,19.5041,8
2460458.687897,11.4961,-7.9273,20.4324,19.9860,16.2644,19.5041,8
2460458.707097,-5.2179,-5.0239,20.4324,19.9860,16.2644,19.5041,8
2460458.724987,-10.9258,-6.1912,20.4324,19.9860,16.2644,19.5041,8
2460458.741697,-4.6400,-8.1279,20.4324,19.9860,16.2644,19.5041,8
2460458.758347,-0.8387,-12.8085,20.4324,19.9860,16.2644,19.5041,8
2460458.802497,-1.7566,-12.1327,20.4324,19.9860,16.2644,19.5041,8
2460458.836797,-4.3213,-21.3299,20.4324,19.9860,16.2644,19.5041,8
2460459.592407,-16.7364,10.7914,20.4324,19.9860,16.2644,19.5041,8
2460459.637627,-3.7310,-9.5913,20.4324,19.9860,16.2644,19.5041,8
2460459.654627,-24.2837,6.2242,20.4324,19.9860,16.2644,19.5041,8
2460459.671497,-6.3678,5.5446,20.4324,19.9860,16.2644,19.5041,8
2460459.688367,-16.3951,-0.0911,20.4324,19.9860,16.2644,19.5041,8
2460459.704987,0.7763,-21.8628,20.4324,19.9860,16.2644,19.5041,8
2460459.732057,-19.1126,-4.1716,20.4324,19.9860,16.2644,19.5041,8
2460459.785977,1.4826,-16.1814,20.4324,19.9860,16.2644,19.5041,8
2460460.590647,-18.9650,1.5088,20.4324,19.9860,16.2644,19.5041,8
2460460.637077,15.0311,-16.2608,20.4324,19.9860,16.2644,19.5041,8
2460460.654097,-6.1506,-17.4618,20.4324,19.9860,16.2644,19.5041,8
2460460.674707,-1.5914,3.3403,20.4324,19.9860,16.2644,19.5041,8
2460460.691187,-13.6289,-1.8896,20.4324,19.9860,16.2644,19.5041,8
2460460.718607,0.6478,-16.5200,20.4324,19.9860,16.2644,19.5041,8
2460460.735557,-15.2871,-6.4742,20.4324,19.9860,16.2644,19.5041,8
2460460.774207,-0.6364,-19.7340,20.4324,19.9860,16.2644,19.5041,8
2460460.794067,4.4406,1.8806,20.4324,19.9860,16.2644,19.5041,8
2460460.838097,11.4909,3.8590,20.4324,19.9860,16.2644,19.5041,8
2460461.606197,12.4963,-21.4089,20.4324,19.9860,16.2644,19.5041,8
2460461.622967,15.6063,-3.1720,20.4324,19.9860,16.2644,19.5041,8
2460461.644577,4.1465,-2.9625,20.4324,19.9860,16.2644,19.5041,8
2460461.664237,-21.0870,-9.0362,20.4324,19.9860,16.2644,19.5041,8
2460461.681317,-4.4004,-17.8162,20.4324,19.9860,16.2644,19.5041,8
2460461.707977,-5.2938,-9.2244,20.4324,19.9860,16.2644,19.5041,8
2460461.724967,1.8295,-5.7866,20.4324,19.9860,16.2644,19.5041,8
2460461.759287,-6.7959,-11.0754,20.4324,19.9860,16.2644,19.5041,8
2460461.842817,-6.9490,-27.9536,20.4324,19.9860,16.2644,19.5041,8
2460461.883207,-13.0330,3.5387,20.4324,19.9860,16.2644,19.5041,8
2460461.900367,-12.4938,11.3905,20.4324,19.9860,16.2644,19.5041,8
2460463.621977,-18.0809,-41.1830,20.4324,19.9860,16.2644,19.5041,8
2460463.639247,-5.0979,-22.0451,20.4324,19.9860,16.2644,19.5041,8
2460463.684697,-4.9705,-12.4290,20.4324,19.9860,16.2644,19.5041,8
2460463.702837,-3.2867,-16.6936,20.4324,19.9860,16.2644,19.5041,8
2460463.738497,-10.8900,-20.5381,20.4324,19.9860,16.2644,19.5041,8
2460463.742197,3.8091,-13.7804,20.4324,19.9860,16.2644,19.5041,8
2460463.758727,-5.5582,-8.8727,20.4324,19.9860,16.2644,19.5041,8
2460463.786227,-4.7869,4.0928,20.4324,19.9860,16.2644,19.5041,8
2460463.823477,-15.8275,-7.6870,20.4324,19.9860,16.2644,19.5041,8
2460463.840327,-1.9795,19.7993,20.4324,19.9860,16.2644,19.5041,8
2460463.857567,10.9318,4.0067,20.4324,19.9860,16.2644,19.5041,8
2460463.901817,-20.9321,-33.5236,20.4324,19.9860,16.2644,19.5041,8
2460464.659887,11.5186,21.5628,20.4324,19.9860,16.2644,19.5041,8
2460464.676437,1.2010,-0.9823,20.4324,19.9860,16.2644,19.5041,8
2460464.726887,26.9093,7.9515,20.4324,19.9860,16.2644,19.5041,8
2460464.771967,8.1751,-31.7439,20.4324,19.9860,16.2644,19.5041,8
2460464.808827,2.7612,-29.2822,20.4324,19.9860,16.2644,19.5041,8
2460464.825337,4.6747,1.0201,20.4324,19.9860,16.2644,19.5041,8
2460464.855067,-3.6112,-38.2627,20.4324,19.9860,16.2644,19.5041,8
2460464.873567,23.1887,-14.9962,20.4324,19.9860,16.2644,19.5041,8
2460468.616837,-22.4336,-0.4537,20.4324,19.9860,16.2644,19.5041,8
2460468.661517,7.1775,7.9928,20.4324,19.9860,16.2644,19.5041,8
2460468.761887,2.9169,-8.1575,20.4324,19.9860,16.2644,19.5041,8
2460468.795337,8.6725,-8.5735,20.4324,19.9860,16.2644,19.5041,8
2460468.828687,-14.2954,-15.0571,20.4324,19.9860,16.2644,19.5041,8
2460468.857837,-16.6972,-30.5624,20.4324,19.9860,16.2644,19.5041,8
2460469.613727,2.0651,-40.6923,20.4324,19.9860,16.2644,19.5041,8
2460469.630307,-14.0540,-21.6876,20.4324,19.9860,16.2644,19.5041,8
2460469.647137,-10.4055,3.3963,20.4324,19.9860,16.2644,19.5041,8
2460469.681977,-5.1703,-39.9218,20.4324,19.9860,16.2644,19.5041,8
2460469.748447,-8.2815,-17.3928,20.4324,19.9860,16.2644,19.5041,8
2460469.783447,4.3505,-11.5213,20.4324,19.9860,16.2644,19.5041,8
2460469.801817,-13.2052,18.6139,20.4324,19.9860,16.2644,19.5041,8
2460469.829147,-25.1531,-29.2541,20.4324,19.9860,16.2644,19.5041,8
2460469.847527,12.9245,-8.5099,20.4324,19.9860,16.2644,19.5041,8
2460469.863997,0.1921,19.3424,20.4324,19.9860,16.2644,19.5041,8
2460469.881067,8.1803,11.6491,20.4324,19.9860,16.2644,19.5041,8
2460473.661367,1.4288,-30.9376,20.4324,19.9860,16.2644,19.5041,8
2460473.697077,21.9385,-6.1594,20.4324,19.9860,16.2644,19.5041,8
2460473.729547,-10.1075,6.4390,20.4324,19.9860,16.2644,19.5041,8
2460473.750137,-16.2704,-5.4899,20.4324,19.9860,16.2644,19.5041,8
2460477.672647,11.2011,-21.7964,20.4324,19.9860,16.2644,19.5041,8
2460477.773617,-16.1568,-27.5539,20.4324,19.9860,16.2644,19.5041,8
2460477.818227,-11.3195,-13.5926,20.4324,19.9860,16.2644,19.5041,8
2460477.837107,17.1147,-12.9100,20.4324,19.9860,16.2644,19.5041,8
2460477.858637,-3.4446,14.6378,20.4324,19.9860,16.2644,19.5041,8
2460478.641247,26.7130,7.2603,20.4324,19.9860,16.2644,19.5041,8
2460478.719897,21.3023,-22.4532,20.4324,19.9860,16.2644,19.5041,8
2460478.753387,22.6041,4.7284,20.4324,19.9860,16.2644,19.5041,8
2460478.784217,-16.4509,-7.4881,20.4324,19.9860,16.2644,19.5041,8
2460479.609717,-3.7076,5.1216,20.4324,19.9860,16.2644,19.5041,8
2460479.682177,22.1414,-26.1791,20.4324,19.9860,16.2644,19.5041,8
2460479.809247,24.5225,-55.2564,20.4324,19.9860,16.2644,19.5041,8
2460479.828757,-8.5261,20.7357,20.4324,19.9860,16.2644,19.5041,8
2460479.845547,-7.0134,3.6884,20.4324,19.9860,16.2644,19.5041,8
2460479.862237,21.1502,-15.5350,20.4324,19.9860,16.2644,19.5041,8
2460480.593457,-40.6157,-26.4962,20.4324,19.9860,16.2644,19.5041,8
2460481.620027,-9.2600,-2.4614,20.4324,19.9860,16.2644,19.5041,8
2460481.665967,-25.1516,13.0095,20.4324,19.9860,16.2644,19.5041,8
2460481.686477,8.2040,-20.9444,20.4324,19.9860,16.2644,19.5041,8
2460481.720027,40.8692,-18.1922,20.4324,19.9860,16.2644,19.5041,8
2460481.736557,11.9496,-31.7454,20.4324,19.9860,16.2644,19.5041,8
2460481.764047,11.2852,11.2708,20.4324,19.9860,16.2644,19.5041,8
2460481.800397,13.7870,13.4899,20.4324,19.9860,16.2644,19.5041,8
2460481.817197,-12.2414,-30.0247,20.4324,19.9860,16.2644,19.5041,8
2460481.835557,8.2902,-12.7975,20.4324,19.9860,16.2644,19.5041,8
2460485.814267,-0.8474,-1.3025,20.4324,19.9860,16.2644,19.5041,8
2460486.600747,6.3083,-41.9988,20.4324,19.9860,16.2644,19.5041,8
2460486.675887,-23.5954,-51.8595,20.4324,19.9860,16.2644,19.5041,8
2460486.703467,-10.8385,-2.8864,20.4324,19.9860,16.2644,19.5041,8
2460488.637067,10.8554,42.8127,20.4324,19.9860,16.2644,19.5041,8
2460488.723557,8.9540,-5.7204,20.4324,19.9860,16.2644,19.5041,8
2460490.562157,-10.3040,11.4941,20.4324,19.9860,16.2644,19.5041,8
2460490.618067,2.8249,-11.9888,20.4324,19.9860,16.2644,19.5041,8
2460490.634717,9.3847,-0.4985,20.4324,19.9860,16.2644,19.5041,8
2460490.662037,-0.1062,4.3295,20.4324,19.9860,16.2644,19.5041,8
2460490.679147,7.9454,-21.9653,20.4324,19.9860,16.2644,19.5041,8
2460490.696327,1.2039,4.7522,20.4324,19.9860,16.2644,19.5041,8
2460490.712847,-12.5753,-10.9106,20.4324,19.9860,16.2644,19.5041,8
2460490.729557,5.6769,6.4265,20.4324,19.9860,16.2644,19.5041,8
2460490.759617,17.8062,13.9463,20.4324,19.9860,16.2644,19.5041,8
2460490.776557,-12.8066,-70.9106,20.4324,19.9860,16.2644,19.5041,8
2460490.798007,-15.5770,0.9468,20.4324,19.9860,16.2644,19.5041,8
2460490.814747,-3.6670,12.3237,20.4324,19.9860,16.2644,19.5041,8
2460491.531987,-11.2577,-18.9773,20.4324,19.9860,16.2644,19.5041,8
2460491.548887,2.6556,-23.8025,20.4324,19.9860,16.2644,19.5041,8
2460491.566177,-8.0060,-16.0004,20.4324,19.9860,16.2644,19.5041,8
2460491.600667,-1.9466,-0.4659,20.4324,19.9860,16.2644,19.5041,8
2460491.645507,19.7942,-11.1339,20.4324,19.9860,16.2644,19.5041,8
2460491.664897,25.5787,2.0156,20.4324,19.9860,16.2644,19.5041,8
2460491.698597,-16.9556,15.0051,20.4324,19.9860,16.2644,19.5041,8
2460491.760317,41.1519,29.3363,20.4324,19.9860,16.2644,19.5041,8
2460491.825267,4.1231,4.5591,20.4324,19.9860,16.2644,19.5041,8
2460492.506857,12.0766,-11.1608,20.4324,19.9860,16.2644,19.5041,8
2460492.541307,10.4731,2.5922,20.4324,19.9860,16.2644,19.5041,8
2460492.559437,6.0194,-21.2294,20.4324,19.9860,16.2644,19.5041,8
2460492.586267,7.1719,-14.6779,20.4324,19.9860,16.2644,19.5041,8
2460492.602747,-11.6661,-8.0855,20.4324,19.9860,16.2644,19.5041,8
2460492.622117,-5.2512,-20.2105,20.4324,19.9860,16.2644,19.5041,8
2460492.638337,6.1259,-0.7691,20.4324,19.9860,16.2644,19.5041,8
2460492.655557,9.3952,42.7377,20.4324,19.9860,16.2644,19.5041,8
2460492.684187,-2.1441,-6.3919,20.4324,19.9860,16.2644,19.5041,8
2460492.701547,7.7237,-0.6425,20.4324,19.9860,16.2644,19.5041,8
2460492.718397,1.9051,-14.8898,20.4324,19.9860,16.2644,19.5041,8
2460492.735707,5.6438,7.3302,20.4324,19.9860,16.2644,19.5041,8
2460492.784697,38.6277,-1.5479,20.4324,19.9860,16.2644,19.5041,8
2460492.801577,9.4911,31.7177,20.4324,19.9860,16.2644,19.5041,8
2460492.818917,26.8953,9.1028,20.4324,19.9860,16.2644,19.5041,8
2460493.524787,9.3313,4.4358,20.4324,19.9860,16.2644,19.5041,8
2460493.711817,-12.0404,6.7620,20.4324,19.9860,16.2644,19.5041,8
2460493.738957,7.2025,-12.5244,20.4324,19.9860,16.2644,19.5041,8
2460493.755647,-5.6263,-13.2343,20.4324,19.9860,16.2644,19.5041,8
2460493.805067,15.2826,-21.2737,20.4324,19.9860,16.2644,19.5041,8
2460494.543007,-33.6051,-52.5874,20.4324,19.9860,16.2644,19.5041,8
2460495.687487,-41.0969,-3.2673,20.4324,19.9860,16.2644,19.5041,8
2460495.704167,18.6476,-37.4582,20.4324,19.9860,16.2644,19.5041,8
2460496.557207,4.7187,13.0892,20.4324,19.9860,16.2644,19.5041,8
2460496.573757,14.7243,-21.4803,20.4324,19.9860,16.2644,19.5041,8
2460496.590537,-7.1024,7.0374,20.4324,19.9860,16.2644,19.5041,8
2460496.608667,-9.4296,12.9104,20.4324,19.9860,16.2644,19.5041,8
2460496.635707,1.3034,-23.4324,20.4324,19.9860,16.2644,19.5041,8
2460496.652967,-10.3714,1.3079,20.4324,19.9860,16.2644,19.5041,8
2460496.670827,3.6569,-21.8324,20.4324,19.9860,16.2644,19.5041,8
2460496.705497,-24.3693,-37.1365,20.4324,19.9860,16.2644,19.5041,8
2460496.749087,-7.1551,-2.7038,20.4324,19.9860,16.2644,19.5041,8
2460496.784137,10.8659,11.9464,20.4324,19.9860,16.2644,19.5041,8
2460496.800827,22.9851,-37.7023,20.4324,19.9860,16.2644,19.5041,8
2460496.817587,-4.5961,5.5205,20.4324,19.9860,16.2644,19.5041,8
2460497.568497,7.0820,-14.4693,20.4324,19.9860,16.2644,19.5041,8
2460497.595657,-5.7511,-21.6032,20.4324,19.9860,16.2644,19.5041,8
2460497.614127,-9.1650,-7.7446,20.4324,19.9860,16.2644,19.5041,8
2460497.648237,-15.1879,-10.1591,20.4324,19.9860,16.2644,19.5041,8
2460497.664557,27.2096,26.1377,20.4324,19.9860,16.2644,19.5041,8
2460497.693767,-8.4799,9.3802,20.4324,19.9860,16.2644,19.5041,8
2460497.711007,-5.4985,16.0066,20.4324,19.9860,16.2644,19.5041,8
2460497.744077,39.4594,9.8249,20.4324,19.9860,16.2644,19.5041,8
2460497.810087,6.6621,14.5465,20.4324,19.9860,16.2644,19.5041,8
2460499.535927,-7.4688,2.1186,20.4324,19.9860,16.2644,19.5041,8
2460499.554517,4.9783,-29.8634,20.4324,19.9860,16.2644,19.5041,8
2460499.571267,-16.6025,-17.8247,20.4324,19.9860,16.2644,19.5041,8
2460499.588227,-2.8037,-0.1963,20.4324,19.9860,16.2644,19.5041,8
2460499.605047,5.7020,7.1414,20.4324,19.9860,16.2644,19.5041,8
2460499.632967,3.3362,-17.3726,20.4324,19.9860,16.2644,19.5041,8
2460499.649927,-14.4410,-8.8693,20.4324,19.9860,16.2644,19.5041,8
2460499.666507,10.9721,-3.5719,20.4324,19.9860,16.2644,19.5041,8
2460499.683367,-10.9333,-9.5733,20.4324,19.9860,16.2644,19.5041,8
2460499.700147,-0.0040,-2.9645,20.4324,19.9860,16.2644,19.5041,8
2460499.779277,6.3556,13.5180,20.4324,19.9860,16.2644,19.5041,8
2460500.511317,37.3085,40.0733,20.4324,19.9860,16.2644,19.5041,8
2460500.538117,-37.7349,-23.2442,20.4324,19.9860,16.2644,19.5041,8
2460500.609917,-13.0155,0.7101,20.4324,19.9860,16.2644,19.5041,8
2460500.655527,-33.7392,-32.1336,20.4324,19.9860,16.2644,19.5041,8
2460500.675177,-1.0138,-11.5955,20.4324,19.9860,16.2644,19.5041,8
2460501.566367,-9.5431,-17.6729,20.4324,19.9860,16.2644,19.5041,8
2460501.585147,-1.7972,9.1584,20.4324,19.9860,16.2644,19.5041,8
2460501.611847,-17.9672,-42.1631,20.4324,19.9860,16.2644,19.5041,8
2460501.647617,-34.6379,-41.8710,20.4324,19.9860,16.2644,19.5041,8
2460501.664357,33.2955,-50.2539,20.4324,19.9860,16.2644,19.5041,8
2460501.680947,5.8773,-32.2718,20.4324,19.9860,16.2644,19.5041,8
2460501.709577,8.3382,-21.4199,20.4324,19.9860,16.2644,19.5041,8
2460501.783447,-36.9660,-64.2236,20.4324,19.9860,16.2644,19.5041,8
2460504.673497,-33.2502,-34.7816,20.4324,19.9860,16.2644,19.5041,8
2460505.555907,-27.4578,20.7672,20.4324,19.9860,16.2644,19.5041,8
2460505.601757,1.6583,0.8424,20.4324,19.9860,16.2644,19.5041,8
2460505.776517,-36.1133,-33.0741,20.4324,19.9860,16.2644,19.5041,8
2460506.509697,-26.4775,-27.8263,20.4324,19.9860,16.2644,19.5041,8
2460506.526237,9.0697,-24.6224,20.4324,19.9860,16.2644,19.5041,8
2460506.543277,11.0427,-18.4655,20.4324,19.9860,16.2644,19.5041,8
2460506.576897,11.7510,-4.0058,20.4324,19.9860,16.2644,19.5041,8
2460506.665707,5.4249,10.0169,20.4324,19.9860,16.2644,19.5041,8
2460506.682377,18.2571,-22.5057,20.4324,19.9860,16.2644,19.5041,8
2460506.714987,-24.7641,-42.6396,20.4324,19.9860,16.2644,19.5041,8
2460506.765517,-19.7192,37.5747,20.4324,19.9860,16.2644,19.5041,8
2460507.477767,-22.3276,21.3780,20.4324,19.9860,16.2644,19.5041,8
2460507.493067,1.1587,4.9308,20.4324,19.9860,16.2644,19.5041,8
2460507.510647,-5.5920,-13.0898,20.4324,19.9860,16.2644,19.5041,8
2460507.527427,-5.5364,5.7401,20.4324,19.9860,16.2644,19.5041,8
2460507.548157,15.3336,-7.0605,20.4324,19.9860,16.2644,19.5041,8
2460507.564907,39.4056,6.0098,20.4324,19.9860,16.2644,19.5041,8
2460507.593287,-30.4399,-40.8644,20.4324,19.9860,16.2644,19.5041,8
2460507.612817,-11.5029,-31.7763,20.4324,19.9860,16.2644,19.5041,8
2460507.631207,-7.7906,-1.1912,20.4324,19.9860,16.2644,19.5041,8
2460507.647657,-34.0309,-28.1298,20.4324,19.9860,16.2644,19.5041,8
2460507.694947,-37.7888,-23.3822,20.4324,19.9860,16.2644,19.5041,8
2460507.711977,28.7243,6.3237,20.4324,19.9860,16.2644,19.5041,8
2460507.728287,-6.0974,-3.1494,20.4324,19.9860,16.2644,19.5041,8
2460507.749227,14.6803,-15.2919,20.4324,19.9860,16.2644,19.5041,8
2460507.765647,11.5636,5.7547,20.4324,19.9860,16.2644,19.5041,8
2460508.642837,-8.9719,-63.3775,20.4324,19.9860,16.2644,19.5041,8
2460508.676717,-21.0547,12.6014,20.4324,19.9860,16.2644,19.5041,8
2460508.703997,3.6611,-37.5801,20.4324,19.9860,16.2644,19.5041,8
2460508.724687,-15.3517,-22.3629,20.4324,19.9860,16.2644,19.5041,8
2460508.746917,-0.9035,-29.0561,20.4324,19.9860,16.2644,19.5041,8
2460508.763457,0.1869,-27.6573,20.4324,19.9860,16.2644,19.5041,8
2460508.780557,25.5946,-44.6955,20.4324,19.9860,16.2644,19.5041,8
2460509.493997,-27.7937,-43.1157,20.4324,19.9860,16.2644,19.5041,8
2460509.514367,-17.8612,-8.0928,20.4324,19.9860,16.2644,19.5041,8
2460509.534617,-16.2298,-9.7646,20.4324,19.9860,16.2644,19.5041,8
2460509.551027,-17.4592,-28.1559,20.4324,19.9860,16.2644,19.5041,8
2460509.596327,-18.9002,-10.0047,20.4324,19.9860,16.2644,19.5041,8
2460509.614767,-7.4149,-11.9781,20.4324,19.9860,16.2644,19.5041,8
2460509.633517,-5.3221,-28.1780,20.4324,19.9860,16.2644,19.5041,8
2460509.668617,-14.7788,-7.9470,20.4324,19.9860,16.2644,19.5041,8
2460509.695887,-27.7377,12.5472,20.4324,19.9860,16.2644,19.5041,8
2460509.712407,-24.3009,-7.4072,20.4324,19.9860,16.2644,19.5041,8
2460509.729137,-5.4979,1.6419,20.4324,19.9860,16.2644,19.5041,8
2460509.762417,-3.8625,-45.0022,20.4324,19.9860,16.2644,19.5041,8
2460516.476917,-32.5395,-35.5272,20.4324,19.9860,16.2644,19.5041,8
2460516.631477,5.8671,-10.5578,20.4324,19.9860,16.2644,19.5041,8
2460516.658447,-31.1150,-61.8701,20.4324,19.9860,16.2644,19.5041,8
2460516.675047,-11.6545,-15.1496,20.4324,19.9860,16.2644,19.5041,8
2460516.699597,21.5431,-4.5302,20.4324,19.9860,16.2644,19.5041,8
2460516.716727,-22.4283,-7.2138,20.4324,19.9860,16.2644,19.5041,8
2460516.740057,5.6831,15.1828,20.4324,19.9860,16.2644,19.5041,8
2460517.629327,33.9309,43.1223,20.4324,19.9860,16.2644,19.5041,8
2460517.673247,18.0011,-23.8813,20.4324,19.9860,16.2644,19.5041,8
2460517.743017,-30.7215,-19.5017,20.4324,19.9860,16.2644,19.5041,8
2460518.507027,-5.6751,-20.5967,20.4324,19.9860,16.2644,19.5041,8
2460518.523837,19.0044,-19.8484,20.4324,19.9860,16.2644,19.5041,8
2460518.587487,5.2886,-13.8290,20.4324,19.9860,16.2644,19.5041,8
2460518.623377,3.6197,-15.8347,20.4324,19.9860,16.2644,19.5041,8
2460518.640127,30.8829,-20.3939,20.4324,19.9860,16.2644,19.5041,8
2460518.670717,5.1114,-2.0326,20.4324,19.9860,16.2644,19.5041,8
2460518.720497,24.2619,-31.7519,20.4324,19.9860,16.2644,19.5041,8
2460518.737327,-1.0601,17.7066,20.4324,19.9860,16.2644,19.5041,8
2460519.476387,-28.7783,4.5056,20.4324,19.9860,16.2644,19.5041,8
2460519.492957,11.4903,-15.8121,20.4324,19.9860,16.2644,19.5041,8
2460519.529987,32.1692,16.4714,20.4324,19.9860,16.2644,19.5041,8
2460519.553177,-7.7427,-24.9670,20.4324,19.9860,16.2644,19.5041,8
2460519.615027,18.9403,12.2390,20.4324,19.9860,16.2644,19.5041,8
2460519.653397,-9.1437,-6.6996,20.4324,19.9860,16.2644,19.5041,8
2460519.681887,-25.5769,2.3221,20.4324,19.9860,16.2644,19.5041,8
2460519.699137,36.9174,6.2207,20.4324,19.9860,16.2644,19.5041,8
2460519.702037,3.8562,12.2017,20.4324,19.9860,16.2644,19.5041,8
2460519.723227,-39.4150,-20.3204,20.4324,19.9860,16.2644,19.5041,8
2460519.739797,5.8079,-17.5601,20.4324,19.9860,16.2644,19.5041,8
2460520.476867,4.3128,-31.4084,20.4324,19.9860,16.2644,19.5041,8
2460520.493677,-12.9908,-34.8500,20.4324,19.9860,16.2644,19.5041,8
2460520.513907,8.5174,-10.9574,20.4324,19.9860,16.2644,19.5041,8
2460520.530397,8.3561,-11.5191,20.4324,19.9860,16.2644,19.5041,8
2460520.547227,-1.8041,-29.1836,20.4324,19.9860,16.2644,19.5041,8
2460520.574477,17.4028,-1.4430,20.4324,19.9860,16.2644,19.5041,8
2460520.593507,14.2750,-10.9228,20.4324,19.9860,16.2644,19.5041,8
2460520.610307,17.6124,14.6271,20.4324,19.9860,16.2644,19.5041,8
2460520.644207,-16.2723,-13.1523,20.4324,19.9860,16.2644,19.5041,8
2460520.665027,-15.1470,-3.3582,20.4324,19.9860,16.2644,19.5041,8
2460520.695897,-13.7589,5.6018,20.4324,19.9860,16.2644,19.5041,8
2460520.713267,-5.0643,-25.1887,20.4324,19.9860,16.2644,19.5041,8
2460520.746757,16.0941,-23.8356,20.4324,19.9860,16.2644,19.5041,8
2460521.467817,-6.2011,-14.8779,20.4324,19.9860,16.2644,19.5041,8
2460521.495257,4.3105,-0.5872,20.4324,19.9860,16.2644,19.5041,8
2460521.528827,-6.7769,-9.9785,20.4324,19.9860,16.2644,19.5041,8
2460521.548397,-12.2204,-6.0446,20.4324,19.9860,16.2644,19.5041,8
2460521.566137,-0.9630,-15.3638,20.4324,19.9860,16.2644,19.5041,8
2460521.593547,3.8763,-6.8871,20.4324,19.9860,16.2644,19.5041,8
2460521.629917,-11.3706,-5.5436,20.4324,19.9860,16.2644,19.5041,8
2460521.646557,1.4809,-16.3728,20.4324,19.9860,16.2644,19.5041,8
2460521.691037,-9.4047,-10.7604,20.4324,19.9860,16.2644,19.5041,8
2460521.735887,7.8851,0.8498,20.4324,19.9860,16.2644,19.5041,8
2460532.476887,-5.7364,-16.6057,20.4324,19.9860,16.2644,19.5041,8
2460532.514807,-4.6239,-19.7588,20.4324,19.9860,16.2644,19.5041,8
2460532.531857,-3.0627,-11.7337,20.4324,19.9860,16.2644,19.5041,8
2460532.559127,-3.6986,-15.0839,20.4324,19.9860,16.2644,19.5041,8
2460532.690687,10.5555,-14.3629,20.4324,19.9860,16.2644,19.5041,8
2460532.707897,-2.3314,-30.2037,20.4324,19.9860,16.2644,19.5041,8
2460533.484227,-9.6135,14.9618,20.4324,19.9860,16.2644,19.5041,8
2460533.592417,-11.0055,3.5028,20.4324,19.9860,16.2644,19.5041,8
2460533.621647,2.1396,4.8640,20.4324,19.9860,16.2644,19.5041,8
2460533.671647,-13.7859,-18.9406,20.4324,19.9860,16.2644,19.5041,8
2460533.692867,-3.5629,-12.0001,20.4324,19.9860,16.2644,19.5041,8
2460534.471857,8.3270,6.6688,20.4324,19.9860,16.2644,19.5041,8
2460534.488827,-12.6032,-5.3065,20.4324,19.9860,16.2644,19.5041,8
2460534.506667,6.4504,-24.1202,20.4324,19.9860,16.2644,19.5041,8
2460534.540187,-0.3535,-13.1302,20.4324,19.9860,16.2644,19.5041,8
2460534.568757,8.6444,-20.3748,20.4324,19.9860,16.2644,19.5041,8
2460534.621727,13.2630,-9.3698,20.4324,19.9860,16.2644,19.5041,8
2460534.638907,-7.2796,-34.3440,20.4324,19.9860,16.2644,19.5041,8
2460534.658397,-3.1527,-15.9641,20.4324,19.9860,16.2644,19.5041,8
2460534.693137,-10.8433,-15.6143,20.4324,19.9860,16.2644,19.5041,8
2460535.475607,4.8345,13.4969,20.4324,19.9860,16.2644,19.5041,8
2460535.495777,-4.3021,-15.5466,20.4324,19.9860,16.2644,19.5041,8
2460535.514037,6.0337,0.1224,20.4324,19.9860,16.2644,19.5041,8
2460535.542197,-6.7712,-6.1715,20.4324,19.9860,16.2644,19.5041,8
2460535.559177,-11.8273,-8.5231,20.4324,19.9860,16.2644,19.5041,8
2460535.576427,0.4674,-12.1202,20.4324,19.9860,16.2644,19.5041,8
2460535.595587,-4.2902,-12.5520,20.4324,19.9860,16.2644,19.5041,8
2460535.614357,-13.2640,2.0825,20.4324,19.9860,16.2644,19.5041,8
2460535.642917,5.9162,-6.3096,20.4324,19.9860,16.2644,19.5041,8
2460535.664587,12.1522,-21.8099,20.4324,19.9860,16.2644,19.5041,8
2460536.467047,-7.3658,-17.0527,20.4324,19.9860,16.2644,19.5041,8
2460536.587847,5.2602,-32.8379,20.4324,19.9860,16.2644,19.5041,8
2460536.604707,8.9530,4.3438,20.4324,19.9860,16.2644,19.5041,8
2460536.655227,-1.4563,13.5490,20.4324,19.9860,16.2644,19.5041,8
2460542.631777,-14.3272,-71.3027,20.4324,19.9860,16.2644,19.5041,8
2460543.644157,-28.3714,-64.3402,20.4324,19.9860,16.2644,19.5041,8
2460547.471747,-8.9258,-39.1769,20.4324,19.9860,16.2644,19.5041,8
2460547.551837,9.9542,-5.8942,20.4324,19.9860,16.2644,19.5041,8
2460547.587357,9.7737,-19.9537,20.4324,19.9860,16.2644,19.5041,8
2460547.638217,-13.9620,9.3367,20.4324,19.9860,16.2644,19.5041,8
2460548.471667,-33.0196,-12.5142,20.4324,19.9860,16.2644,19.5041,8
2460548.533537,-12.6829,-15.2324,20.4324,19.9860,16.2644,19.5041,8
2460548.563807,-5.2514,0.6775,20.4324,19.9860,16.2644,19.5041,8
2460548.582307,-6.1389,-3.1929,20.4324,19.9860,16.2644,19.5041,8
2460548.599067,0.6546,-13.9290,20.4324,19.9860,16.2644,19.5041,8
2460548.615567,10.7797,25.2505,20.4324,19.9860,16.2644,19.5041,8
2460549.472127,-32.0448,-15.4709,20.4324,19.9860,16.2644,19.5041,8
2460549.506667,0.9191,-1.0190,20.4324,19.9860,16.2644,19.5041,8
2460549.523267,-12.8257,5.8148,20.4324,19.9860,16.2644,19.5041,8
2460549.584077,2.1376,-16.0675,20.4324,19.9860,16.2644,19.5041,8
2460549.602827,11.4493,4.0752,20.4324,19.9860,16.2644,19.5041,8
2460549.647077,7.7497,-6.7839,20.4324,19.9860,16.2644,19.5041,8
2460550.543567,-11.5192,-13.6600,20.4324,19.9860,16.2644,19.5041,8
2460550.604927,15.5335,2.9372,20.4324,19.9860,16.2644,19.5041,8
2460553.530437,-11.0822,-48.2081,20.4324,19.9860,16.2644,19.5041,8
2460554.481487,-7.0088,-27.5988,20.4324,19.9860,16.2644,19.5041,8
2460554.567317,23.8370,-17.6412,20.4324,19.9860,16.2644,19.5041,8
2460555.518927,22.3808,-23.6331,20.4324,19.9860,16.2644,19.5041,8
2460555.547337,-20.4934,30.2475,20.4324,19.9860,16.2644,19.5041,8
2460555.564697,-9.8755,11.4967,20.4324,19.9860,16.2644,19.5041,8
2460555.581777,14.2254,-0.4294,20.4324,19.9860,16.2644,19.5041,8
2460555.660317,-10.6350,-22.1491,20.4324,19.9860,16.2644,19.5041,8
2460556.507827,-8.9555,-62.3277,20.4324,19.9860,16.2644,19.5041,8
2460556.551657,14.0329,-35.3710,20.4324,19.9860,16.2644,19.5041,8
2460556.586547,24.0487,-59.5009,20.4324,19.9860,16.2644,19.5041,8
2460557.496387,8.4035,-50.2736,20.4324,19.9860,16.2644,19.5041,8
2460557.531157,3.7858,-27.5824,20.4324,19.9860,16.2644,19.5041,8
2460557.609407,10.3662,-56.4770,20.4324,19.9860,16.2644,19.5041,8
2460558.498447,9.4566,-7.0702,20.4324,19.9860,16.2644,19.5041,8
2460558.515997,19.0020,-18.2956,20.4324,19.9860,16.2644,19.5041,8
2460558.544507,7.4563,28.8503,20.4324,19.9860,16.2644,19.5041,8
2460558.561517,3.3591,-6.3636,20.4324,19.9860,16.2644,19.5041,8
2460558.578877,-16.5581,-13.9550,20.4324,19.9860,16.2644,19.5041,8
2460558.640067,16.2033,-35.5256,20.4324,19.9860,16.2644,19.5041,8
2460559.491317,-25.6884,-17.0650,20.4324,19.9860,16.2644,19.5041,8
2460559.507987,2.8313,10.3219,20.4324,19.9860,16.2644,19.5041,8
2460559.524427,1.6318,-9.9119,20.4324,19.9860,16.2644,19.5041,8
2460559.543047,4.6617,1.0295,20.4324,19.9860,16.2644,19.5041,8
2460559.570757,0.9941,-5.3692,20.4324,19.9860,16.2644,19.5041,8
2460559.587237,-6.8880,29.9539,20.4324,19.9860,16.2644,19.5041,8
2460559.604047,16.7570,-31.0658,20.4324,19.9860,16.2644,19.5041,8
2460559.620537,1.6415,-12.6624,20.4324,19.9860,16.2644,19.5041,8
2460560.503737,19.2352,-27.0513,20.4324,19.9860,16.2644,19.5041,8
2460560.538877,-8.7426,-2.5623,20.4324,19.9860,16.2644,19.5041,8
2460560.572287,19.1697,-4.6261,20.4324,19.9860,16.2644,19.5041,8
2460560.604047,3.2961,23.4838,20.4324,19.9860,16.2644,19.5041,8
2460561.485937,-12.5729,-18.2976,20.4324,19.9860,16.2644,19.5041,8
2460561.505347,5.8991,0.6732,20.4324,19.9860,16.2644,19.5041,8
2460561.522237,-20.3435,-0.6729,20.4324,19.9860,16.2644,19.5041,8
2460561.584627,5.2485,-5.6651,20.4324,19.9860,16.2644,19.5041,8
2460562.480907,-17.4725,-8.4677,20.4324,19.9860,16.2644,19.5041,8
2460562.519187,-23.9617,-14.7842,20.4324,19.9860,16.2644,19.5041,8
2460562.535887,5.7225,-8.8924,20.4324,19.9860,16.2644,19.5041,8
2460562.552867,-8.1694,12.3188,20.4324,19.9860,16.2644,19.5041,8
2460562.580197,-15.3418,3.1899,20.4324,19.9860,16.2644,19.5041,8
2460562.615997,-26.5569,-23.8138,20.4324,19.9860,16.2644,19.5041,8
2460563.490337,-28.9676,-5.0616,20.4324,19.9860,16.2644,19.5041,8
2460567.476397,-1.8302,-23.4193,20.4324,19.9860,16.2644,19.5041,8
2460567.493197,-1.7199,2.3796,20.4324,19.9860,16.2644,19.5041,8
2460567.526477,-32.5337,-11.1971,20.4324,19.9860,16.2644,19.5041,8
2460567.564127,2.1787,-0.8790,20.4324,19.9860,16.2644,19.5041,8
2460567.601407,13.3081,31.6600,20.4324,19.9860,16.2644,19.5041,8
2460568.491207,-21.1234,11.1930,20.4324,19.9860,16.2644,19.5041,8
2460568.527057,15.7269,21.6089,20.4324,19.9860,16.2644,19.5041,8
2460568.544117,-3.7782,-16.4211,20.4324,19.9860,16.2644,19.5041,8
2460568.574467,-29.6590,-2.4616,20.4324,19.9860,16.2644,19.5041,8
2460568.614047,-24.7276,29.8210,20.4324,19.9860,16.2644,19.5041,8
2460569.494007,-11.8713,-12.1149,20.4324,19.9860,16.2644,19.5041,8
2460569.548887,-25.8402,6.7960,20.4324,19.9860,16.2644,19.5041,8
2460569.569617,14.3287,11.7970,20.4324,19.9860,16.2644,19.5041,8
2460569.615427,-6.2272,24.0042,20.4324,19.9860,16.2644,19.5041,8
2460570.488237,5.5351,18.7533,20.4324,19.9860,16.2644,19.5041,8
2460570.517927,-30.2212,-7.2313,20.4324,19.9860,16.2644,19.5041,8
2460570.534797,-12.2141,-30.3771,20.4324,19.9860,16.2644,19.5041,8
2460570.551427,-12.7978,23.4402,20.4324,19.9860,16.2644,19.5041,8
2460570.568087,-11.2199,13.7437,20.4324,19.9860,16.2644,19.5041,8
2460571.543107,-21.0023,7.8873,20.4324,19.9860,16.2644,19.5041,8
2460571.577547,21.6586,2.5689,20.4324,19.9860,16.2644,19.5041,8
2460571.596747,-21.4446,-6.5076,20.4324,19.9860,16.2644,19.5041,8
2460573.501707,-21.2500,-3.4336,20.4324,19.9860,16.2644,19.5041,8
2460573.505487,-1.0737,-4.0633,20.4324,19.9860,16.2644,19.5041,8
2460573.522097,10.2191,22.3108,20.4324,19.9860,16.2644,19.5041,8
2460573.541477,19.1620,17.5247,20.4324,19.9860,16.2644,19.5041,8
2460573.560177,-8.5763,1.3460,20.4324,19.9860,16.2644,19.5041,8
2460573.578617,1.2271,4.9205,20.4324,19.9860,16.2644,19.5041,8
2460573.581347,-9.1625,-18.4164,20.4324,19.9860,16.2644,19.5041,8
2460574.506227,17.8677,10.7141,20.4324,19.9860,16.2644,19.5041,8
2460574.522677,14.2930,14.0259,20.4324,19.9860,16.2644,19.5041,8
2460574.542697,-5.9519,-9.7622,20.4324,19.9860,16.2644,19.5041,8
2460574.608457,-3.1585,-5.0245,20.4324,19.9860,16.2644,19.5041,8
2460575.553417,-7.6546,4.3039,20.4324,19.9860,16.2644,19.5041,8
2460575.598077,-11.4259,-6.8165,20.4324,19.9860,16.2644,19.5041,8
2460575.600877,8.7483,-0.1825,20.4324,19.9860,16.2644,19.5041,8
2460576.524317,2.8505,17.1592,20.4324,19.9860,16.2644,19.5041,8
2460576.555037,0.2017,-17.0140,20.4324,19.9860,16.2644,19.5041,8
2460577.587217,12.5578,-14.2425,20.4324,19.9860,16.2644,19.5041,8
2460578.492347,-1.8745,-11.1071,20.4324,19.9860,16.2644,19.5041,8
2460578.509587,-1.0305,-1.2680,20.4324,19.9860,16.2644,19.5041,8
2460578.536877,20.1023,-29.4621,20.4324,19.9860,16.2644,19.5041,8
2460579.500447,-12.9671,-19.2011,20.4324,19.9860,16.2644,19.5041,8
2460579.529897,-8.1470,-10.5789,20.4324,19.9860,16.2644,19.5041,8
2460579.550827,-6.2228,16.7071,20.4324,19.9860,16.2644,19.5041,8
2460579.569117,6.6942,24.9241,20.4324,19.9860,16.2644,19.5041,8
2460580.496937,14.4639,-1.6890,20.4324,19.9860,16.2644,19.5041,8
2460581.503247,-3.0610,11.6041,20.4324,19.9860,16.2644,19.5041,8
2460581.531627,-3.5501,-13.6080,20.4324,19.9860,16.2644,19.5041,8
2460581.548447,-22.0833,-26.5781,20.4324,19.9860,16.2644,19.5041,8
2460581.565727,8.3401,25.6673,20.4324,19.9860,16.2644,19.5041,8
2460582.482347,-3.6889,-28.5954,20.4324,19.9860,16.2644,19.5041,8
2460582.499257,-7.2989,20.5123,20.4324,19.9860,16.2644,19.5041,8
2460582.527617,-5.6878,5.4438,20.4324,19.9860,16.2644,19.5041,8
2460582.544577,-1.2356,-7.5943,20.4324,19.9860,16.2644,19.5041,8
2460583.485137,-12.7590,11.1521,20.4324,19.9860,16.2644,19.5041,8
2460583.503007,-16.8838,6.5933,20.4324,19.9860,16.2644,19.5041,8
2460585.489077,14.2988,3.5537,20.4324,19.9860,16.2644,19.5041,8
2460585.506027,-3.0376,-4.9767,20.4324,19.9860,16.2644,19.5041,8
2460585.542727,-25.8277,-31.5438,20.4324,19.9860,16.2644,19.5041,8
2460585.571007,3.4012,8.4193,20.4324,19.9860,16.2644,19.5041,8
2460586.486707,-8.6786,-16.2555,20.4324,19.9860,16.2644,19.5041,8
2460586.504997,5.9863,-23.5548,20.4324,19.9860,16.2644,19.5041,8
2460586.522097,2.8224,-0.8282,20.4324,19.9860,16.2644,19.5041,8
2460586.565697,-28.0378,-5.6639,20.4324,19.9860,16.2644,19.5041,8
2460587.514267,-8.2648,1.2445,20.4324,19.9860,16.2644,19.5041,8
2460587.549147,-9.0586,26.6310,20.4324,19.9860,16.2644,19.5041,8
2460587.566357,2.0889,17.2658,20.4324,19.9860,16.2644,19.5041,8
2460594.520177,-4.1623,-5.1249,20.4324,19.9860,16.2644,19.5041,8
2460595.519127,-16.8404,-18.4465,20.4324,19.9860,16.2644,19.5041,8
2460598.506037,-28.0455,-22.1800,20.4324,19.9860,16.2644,19.5041,8
2460601.510797,-1.1253,-6.9039,20.4324,19.9860,16.2644,19.5041,8
2460602.527307,-11.7714,4.5762,20.4324,19.9860,16.2644,19.5041,8
2460604.500307,-49.0229,-12.5104,20.4324,19.9860,16.2644,19.5041,8
2460604.512557,-50.5028,1.5413,20.4324,19.9860,16.2644,19.5041,8
2460727.861297,9.7326,-43.8080,20.4324,19.9860,14.4532,13.5685,9
2460727.878267,-14.2909,-15.6244,20.4324,19.9860,14.4532,13.5685,9
2460729.849347,-4.1895,-9.2907,20.4324,19.9860,14.4532,13.5685,9
2460729.862027,-6.1676,-19.8439,20.4324,19.9860,14.4532,13.5685,9
2460731.846897,14.8909,-21.3240,20.4324,19.9860,14.4532,13.5685,9
2460731.881177,17.3294,-5.4766,20.4324,19.9860,14.4532,13.5685,9
2460732.862997,6.7629,-12.9746,20.4324,19.9860,14.4532,13.5685,9
2460732.879807,0.3554,-20.3348,20.4324,19.9860,14.4532,13.5685,9
2460732.896427,-16.9459,-12.8579,20.4324,19.9860,14.4532,13.5685,9
2460733.883567,4.3558,-13.6597,20.4324,19.9860,14.4532,13.5685,9
2460735.863697,13.2192,-22.7260,20.4324,19.9860,14.4532,13.5685,9
2460735.899847,-18.7655,-22.4124,20.4324,19.9860,14.4532,13.5685,9
2460737.863877,6.1475,-21.6832,20.4324,19.9860,14.4532,13.5685,9
2460737.900417,-3.4738,-11.0497,20.4324,19.9860,14.4532,13.5685,9
2460738.888097,-3.8567,-15.9445,20.4324,19.9860,14.4532,13.5685,9
2460738.907307,-12.3919,-24.5119,20.4324,19.9860,14.4532,13.5685,9
2460739.835827,-21.8297,-16.5861,20.4324,19.9860,14.4532,13.5685,9
2460739.884227,1.5586,-12.4233,20.4324,19.9860,14.4532,13.5685,9
2460739.902167,11.8093,-7.1892,20.4324,19.9860,14.4532,13.5685,9
2460740.857227,-1.4217,-31.7367,20.4324,19.9860,14.4532,13.5685,9
2460742.855297,0.7888,-12.5824,20.4324,19.9860,14.4532,13.5685,9
2460742.906707,-10.3900,-18.5082,20.4324,19.9860,14.4532,13.5685,9
2460743.816197,6.9946,-16.8783,20.4324,19.9860,14.4532,13.5685,9
2460743.833547,-1.6656,-2.7095,20.4324,19.9860,14.4532,13.5685,9
2460743.850587,-4.2935,-24.6632,20.4324,19.9860,14.4532,13.5685,9
2460743.853447,-10.3686,-10.2961,20.4324,19.9860,14.4532,13.5685,9
2460743.892217,-8.0703,-0.1161,20.4324,19.9860,14.4532,13.5685,9
2460744.811127,-32.8451,-10.4354,20.4324,19.9860,14.4532,13.5685,9
2460745.836147,-7.7797,-14.4390,20.4324,19.9860,14.4532,13.5685,9
2460745.870047,-1.5022,-30.0215,20.4324,19.9860,14.4532,13.5685,9
2460745.904717,-10.4298,-1.7790,20.4324,19.9860,14.4532,13.5685,9
2460746.807597,6.4195,-1.3001,20.4324,19.9860,14.4532,13.5685,9
2460746.824347,1.3077,-20.7360,20.4324,19.9860,14.4532,13.5685,9
2460746.841037,-24.9596,-25.1504,20.4324,19.9860,14.4532,13.5685,9
2460746.885087,-19.2821,-14.0762,20.4324,19.9860,14.4532,13.5685,9
2460746.888607,-9.6879,-2.3751,20.4324,19.9860,14.4532,13.5685,9
2460746.905187,-29.5788,-9.5130,20.4324,19.9860,14.4532,13.5685,9
2460746.907877,-10.0935,-0.7096,20.4324,19.9860,14.4532,13.5685,9
2460747.803417,-23.8382,-9.9108,20.4324,19.9860,14.4532,13.5685,9
2460747.855057,3.3959,-19.3644,20.4324,19.9860,14.4532,13.5685,9
2460747.874267,-1.2367,-13.3043,20.4324,19.9860,14.4532,13.5685,9
2460747.909547,-8.7797,3.5148,20.4324,19.9860,14.4532,13.5685,9
2460748.805067,10.4690,-38.9559,20.4324,19.9860,14.4532,13.5685,9
2460748.848897,-14.7446,-13.1632,20.4324,19.9860,14.4532,13.5685,9
2460749.832087,-7.2319,-27.9523,20.4324,19.9860,14.4532,13.5685,9
2460749.868767,1.4494,-22.1968,20.4324,19.9860,14.4532,13.5685,9
2460749.900417,5.1599,-5.9820,20.4324,19.9860,14.4532,13.5685,9
2460750.824257,-25.0719,7.5755,20.4324,19.9860,14.4532,13.5685,9
2460750.841307,-2.3295,-7.5570,20.4324,19.9860,14.4532,13.5685,9
2460750.868727,-11.5902,7.2923,20.4324,19.9860,14.4532,13.5685,9
2460750.885567,-2.1563,-10.8964,20.4324,19.9860,14.4532,13.5685,9
2460750.902297,-6.4301,-0.3956,20.4324,19.9860,14.4532,13.5685,9
2460751.798527,-16.4251,-3.1138,20.4324,19.9860,14.4532,13.5685,9
2460751.816007,-0.7094,-12.2960,20.4324,19.9860,14.4532,13.5685,9
2460751.845727,-10.0865,6.5236,20.4324,19.9860,14.4532,13.5685,9
2460751.863187,-29.3505,-15.5355,20.4324,19.9860,14.4532,13.5685,9
2460751.881667,-29.0303,-10.8353,20.4324,19.9860,14.4532,13.5685,9
2460751.885437,-14.0929,-2.7216,20.4324,19.9860,14.4532,13.5685,9
2460752.827217,3.1031,-32.2168,20.4324,19.9860,14.4532,13.5685,9
2460752.844127,-12.5467,-32.0444,20.4324,19.9860,14.4532,13.5685,9
2460752.862307,-11.1952,4.0613,20.4324,19.9860,14.4532,13.5685,9
2460752.878947,-31.5701,-6.8217,20.4324,19.9860,14.4532,13.5685,9
2460753.790987,1.0582,-11.0916,20.4324,19.9860,14.4532,13.5685,9
2460753.833417,-8.7208,5.7346,20.4324,19.9860,14.4532,13.5685,9
2460753.861437,3.1167,-4.9999,20.4324,19.9860,14.4532,13.5685,9
2460753.898367,-5.0417,-5.1492,20.4324,19.9860,14.4532,13.5685,9
2460754.796057,-1.8568,-14.9955,20.4324,19.9860,14.4532,13.5685,9
2460754.826667,-17.2895,8.3173,20.4324,19.9860,14.4532,13.5685,9
2460754.845487,2.5034,-12.5294,20.4324,19.9860,14.4532,13.5685,9
2460754.879637,-22.9775,-11.3539,20.4324,19.9860,14.4532,13.5685,9
2460755.792097,4.2575,2.2564,20.4324,19.9860,14.4532,13.5685,9
2460755.899677,0.0951,-12.8250,20.4324,19.9860,14.4532,13.5685,9
2460757.891667,-0.4576,-17.3437,20.4324,19.9860,14.4532,13.5685,9
2460757.912637,-11.9006,-22.4113,20.4324,19.9860,14.4532,13.5685,9
2460758.774667,-7.7034,-33.0366,20.4324,19.9860,14.4532,13.5685,9
2460758.801847,-14.0021,-17.5877,20.4324,19.9860,14.4532,13.5685,9
2460758.855027,-7.0787,-13.5003,20.4324,19.9860,14.4532,13.5685,9
2460758.878727,-4.3060,-9.1455,20.4324,19.9860,14.4532,13.5685,9
2460759.872897,-10.1107,7.7056,20.4324,19.9860,14.4532,13.5685,9
2460759.895047,-34.5679,-1.6986,20.4324,19.9860,14.4532,13.5685,9
2460760.893967,-11.6489,-12.5271,20.4324,19.9860,14.4532,13.5685,9
2460760.910707,3.4345,-10.5619,20.4324,19.9860,14.4532,13.5685,9
2460761.854887,-14.9465,-31.8363,20.4324,19.9860,14.4532,13.5685,9
2460761.871777,-11.8396,-36.6396,20.4324,19.9860,14.4532,13.5685,9
2460761.890877,-25.9328,10.4703,20.4324,19.9860,14.4532,13.5685,9
2460762.857197,-2.8008,-23.6892,20.4324,19.9860,14.4532,13.5685,9
2460762.874497,4.5121,-15.7570,20.4324,19.9860,14.4532,13.5685,9
2460762.897387,10.1841,-8.0760,20.4324,19.9860,14.4532,13.5685,9
2460763.835317,13.3913,-20.5089,20.4324,19.9860,14.4532,13.5685,9
2460763.880847,13.4659,-4.4588,20.4324,19.9860,14.4532,13.5685,9
2460763.897847,-8.5478,-32.4445,20.4324,19.9860,14.4532,13.5685,9
2460764.765887,-20.3757,-15.5317,20.4324,19.9860,14.4532,13.5685,9
2460764.794887,-3.5368,11.4999,20.4324,19.9860,14.4532,13.5685,9
2460764.811187,-22.0225,-23.0794,20.4324,19.9860,14.4532,13.5685,9
2460764.844247,-25.2255,-25.2795,20.4324,19.9860,14.4532,13.5685,9
2460764.860757,-17.6609,-23.6343,20.4324,19.9860,14.4532,13.5685,9
2460764.888687,-27.5586,-10.0946,20.4324,19.9860,14.4532,13.5685,9
2460764.911957,-11.5800,-19.2785,20.4324,19.9860,14.4532,13.5685,9
2460765.789027,-15.4435,-17.7838,20.4324,19.9860,14.4532,13.5685,9
2460765.856177,-12.9624,-18.3415,20.4324,19.9860,14.4532,13.5685,9
2460765.875637,-10.4329,-7.2136,20.4324,19.9860,14.4532,13.5685,9
2460765.902967,-18.6597,-17.2700,20.4324,19.9860,14.4532,13.5685,9
2460766.751377,-12.3931,-30.2271,20.4324,19.9860,14.4532,13.5685,9
2460766.785877,-29.6362,-26.9750,20.4324,19.9860,14.4532,13.5685,9
2460766.851307,7.6365,-17.0005,20.4324,19.9860,14.4532,13.5685,9
2460766.903207,-2.4458,-14.1186,20.4324,19.9860,14.4532,13.5685,9
2460767.764697,5.7687,-39.8138,20.4324,19.9860,14.4532,13.5685,9
2460767.799637,-6.1737,-37.0423,20.4324,19.9860,14.4532,13.5685,9
2460767.822417,-0.9806,-33.7476,20.4324,19.9860,14.4532,13.5685,9
2460767.839467,-15.2931,-29.5690,20.4324,19.9860,14.4532,13.5685,9
2460767.867207,-9.2583,-21.1130,20.4324,19.9860,14.4532,13.5685,9
2460767.884047,-20.3470,-0.7414,20.4324,19.9860,14.4532,13.5685,9
2460767.917987,-11.7447,-16.4604,20.4324,19.9860,14.4532,13.5685,9
2460768.870427,-10.6691,-13.1879,20.4324,19.9860,14.4532,13.5685,9
2460768.887397,2.6934,-19.6506,20.4324,19.9860,14.4532,13.5685,9
2460769.783367,10.0965,9.2765,20.4324,19.9860,14.4532,13.5685,9
2460769.811077,19.1278,4.6376,20.4324,19.9860,14.4532,13.5685,9
2460769.831727,-12.2587,-13.7830,20.4324,19.9860,14.4532,13.5685,9
2460769.849147,10.4718,-5.6827,20.4324,19.9860,14.4532,13.5685,9
2460769.887217,-7.7740,-13.6402,20.4324,19.9860,14.4532,13.5685,9
2460769.915067,-5.8252,-13.5515,20.4324,19.9860,14.4532,13.5685,9
2460770.777937,2.6225,-18.8500,20.4324,19.9860,14.4532,13.5685,9
2460770.826107,6.4554,-9.1833,20.4324,19.9860,14.4532,13.5685,9
2460770.842657,2.0263,-6.0013,20.4324,19.9860,14.4532,13.5685,9
2460770.859687,-16.8946,-13.5246,20.4324,19.9860,14.4532,13.5685,9
2460770.880437,-7.1117,-14.3139,20.4324,19.9860,14.4532,13.5685,9
2460770.897277,-3.0457,-30.0019,20.4324,19.9860,14.4532,13.5685,9
2460772.776637,-0.5901,-34.3666,20.4324,19.9860,14.4532,13.5685,9
2460772.857907,-18.4133,-26.8184,20.4324,19.9860,14.4532,13.5685,9
2460772.914697,-25.2647,-18.6447,20.4324,19.9860,14.4532,13.5685,9
2460773.771007,17.7364,-2.0684,20.4324,19.9860,14.4532,13.5685,9
2460773.864567,-20.7216,-6.4090,20.4324,19.9860,14.4532,13.5685,9
2460773.881407,-10.1775,-8.6438,20.4324,19.9860,14.4532,13.5685,9
2460774.819857,5.7979,-8.0942,20.4324,19.9860,14.4532,13.5685,9
2460774.867357,-7.1730,-10.8397,20.4324,19.9860,14.4532,13.5685,9
2460774.884327,5.3316,-21.3371,20.4324,19.9860,14.4532,13.5685,9
2460774.901297,-3.6788,-30.8617,20.4324,19.9860,14.4532,13.5685,9
2460774.919967,-26.1065,-8.3407,20.4324,19.9860,14.4532,13.5685,9
2460775.833717,-6.2534,-12.9915,20.4324,19.9860,14.4532,13.5685,9
2460777.801807,-3.5614,-27.7430,20.4324,19.9860,14.4532,13.5685,9
2460777.818887,-7.9073,-14.4513,20.4324,19.9860,14.4532,13.5685,9
2460777.845937,-16.2143,-8.0167,20.4324,19.9860,14.4532,13.5685,9
2460777.862627,20.9849,-1.0615,20.4324,19.9860,14.4532,13.5685,9
2460777.865567,6.1015,-1.5850,20.4324,19.9860,14.4532,13.5685,9
2460777.897977,-8.3256,-0.8751,20.4324,19.9860,14.4532,13.5685,9
2460777.916847,-5.3995,-5.0605,20.4324,19.9860,14.4532,13.5685,9
2460778.717937,-21.2477,-16.9067,20.4324,19.9860,14.4532,13.5685,9
2460778.734397,-0.8097,-4.1761,20.4324,19.9860,14.4532,13.5685,9
2460778.737097,-30.5569,7.2071,20.4324,19.9860,14.4532,13.5685,9
2460778.752357,-22.2315,-7.5843,20.4324,19.9860,14.4532,13.5685,9
2460778.799257,19.7884,-5.1107,20.4324,19.9860,14.4532,13.5685,9
2460778.816207,-24.5568,-6.8822,20.4324,19.9860,14.4532,13.5685,9
2460778.878147,-9.2957,-32.0664,20.4324,19.9860,14.4532,13.5685,9
2460778.896347,-6.5870,-16.2958,20.4324,19.9860,14.4532,13.5685,9
2460778.913297,-4.0905,-14.9926,20.4324,19.9860,14.4532,13.5685,9
2460779.730767,9.2062,-32.7422,20.4324,19.9860,14.4532,13.5685,9
2460779.747237,-20.1834,-21.7977,20.4324,19.9860,14.4532,13.5685,9
2460779.764217,-4.3945,2.6281,20.4324,19.9860,14.4532,13.5685,9
2460779.780947,-3.6849,0.2446,20.4324,19.9860,14.4532,13.5685,9
2460779.797137,-29.8048,-12.8140,20.4324,19.9860,14.4532,13.5685,9
2460779.842557,0.4335,-25.1846,20.4324,19.9860,14.4532,13.5685,9
2460779.858767,7.4033,-31.9034,20.4324,19.9860,14.4532,13.5685,9
2460779.892647,-1.0759,-23.8913,20.4324,19.9860,14.4532,13.5685,9
2460779.920827,17.1353,-13.5236,20.4324,19.9860,14.4532,13.5685,9
2460780.833957,-2.5091,-14.7303,20.4324,19.9860,14.4532,13.5685,9
2460780.882307,-4.2845,-6.3534,20.4324,19.9860,14.4532,13.5685,9
2460780.924997,-1.3202,-14.5722,20.4324,19.9860,14.4532,13.5685,9
2460781.731167,-0.6709,-28.1339,20.4324,19.9860,14.4532,13.5685,9
2460781.766917,16.1903,-20.7071,20.4324,19.9860,14.4532,13.5685,9
2460781.785127,-22.9425,-17.6715,20.4324,19.9860,14.4532,13.5685,9
2460781.830327,-29.4377,-18.0426,20.4324,19.9860,14.4532,13.5685,9
2460781.864207,-15.5269,-14.6173,20.4324,19.9860,14.4532,13.5685,9
2460781.881307,-19.2526,-14.7553,20.4324,19.9860,14.4532,13.5685,9
2460781.898627,-21.7299,-18.6730,20.4324,19.9860,14.4532,13.5685,9
2460781.917067,-8.9799,2.8021,20.4324,19.9860,14.4532,13.5685,9
2460782.718267,7.8293,-35.1416,20.4324,19.9860,14.4532,13.5685,9
2460782.735057,-10.3591,-21.6245,20.4324,19.9860,14.4532,13.5685,9
2460782.770547,-8.1926,-11.7727,20.4324,19.9860,14.4532,13.5685,9
2460782.787117,7.7632,6.1894,20.4324,19.9860,14.4532,13.5685,9
2460782.815387,-5.2942,0.3103,20.4324,19.9860,14.4532,13.5685,9
2460782.832197,-19.6088,-7.4701,20.4324,19.9860,14.4532,13.5685,9
2460785.735897,-22.2010,-15.3149,20.4324,19.9860,14.4532,13.5685,9
2460785.752507,-4.3042,-27.4788,20.4324,19.9860,14.4532,13.5685,9
2460785.771367,-2.9518,0.6187,20.4324,19.9860,14.4532,13.5685,9
2460785.788247,4.0695,-4.6441,20.4324,19.9860,14.4532,13.5685,9
2460785.805657,6.1870,-15.9930,20.4324,19.9860,14.4532,13.5685,9
2460785.837497,12.2699,-10.0712,20.4324,19.9860,14.4532,13.5685,9
2460785.854397,9.1235,-17.5292,20.4324,19.9860,14.4532,13.5685,9
2460785.870997,-2.8403,-15.0677,20.4324,19.9860,14.4532,13.5685,9
2460785.873847,0.0904,-18.2062,20.4324,19.9860,14.4532,13.5685,9
2460785.907507,13.1673,-24.2144,20.4324,19.9860,14.4532,13.5685,9
2460786.799047,-15.2267,-23.8593,20.4324,19.9860,14.4532,13.5685,9
2460786.879467,20.1056,-20.2095,20.4324,19.9860,14.4532,13.5685,9
2460787.693427,-14.8774,-22.8189,20.4324,19.9860,14.4532,13.5685,9
2460787.726857,-9.1743,-17.8516,20.4324,19.9860,14.4532,13.5685,9
2460787.750117,-5.6140,-21.1953,20.4324,19.9860,14.4532,13.5685,9
2460787.753837,6.8513,-26.7818,20.4324,19.9860,14.4532,13.5685,9
2460787.800077,17.7413,-5.1094,20.4324,19.9860,14.4532,13.5685,9
2460787.819597,19.9153,1.3459,20.4324,19.9860,14.4532,13.5685,9
2460787.839437,6.2418,-30.5966,20.4324,19.9860,14.4532,13.5685,9
2460787.856337,-12.4047,-29.0677,20.4324,19.9860,14.4532,13.5685,9
2460787.883577,-6.8333,-10.0889,20.4324,19.9860,14.4532,13.5685,9
2460788.715017,-20.6855,-26.0444,20.4324,19.9860,14.4532,13.5685,9
2460788.743517,-4.6475,-28.8546,20.4324,19.9860,14.4532,13.5685,9
2460788.746517,11.0785,-12.7407,20.4324,19.9860,14.4532,13.5685,9
2460788.762127,-9.3524,-5.3784,20.4324,19.9860,14.4532,13.5685,9
2460788.814617,-9.0324,-15.7534,20.4324,19.9860,14.4532,13.5685,9
2460788.849727,1.1033,-13.6049,20.4324,19.9860,14.4532,13.5685,9
2460788.867027,-19.2541,-7.7519,20.4324,19.9860,14.4532,13.5685,9
2460788.883687,-8.2490,-22.7178,20.4324,19.9860,14.4532,13.5685,9
2460788.900587,0.0223,-20.8275,20.4324,19.9860,14.4532,13.5685,9
2460788.917127,-8.2852,-26.2920,20.4324,19.9860,14.4532,13.5685,9
2460789.783847,-11.8898,-20.3968,20.4324,19.9860,14.4532,13.5685,9
2460789.802277,-7.6746,-12.8269,20.4324,19.9860,14.4532,13.5685,9
2460789.823647,-5.5998,-11.3749,20.4324,19.9860,14.4532,13.5685,9
2460789.826487,6.7776,-26.1696,20.4324,19.9860,14.4532,13.5685,9
2460789.877277,3.9856,-8.7348,20.4324,19.9860,14.4532,13.5685,9
2460789.921317,-18.4202,-22.1149,20.4324,19.9860,14.4532,13.5685,9
2460790.757327,16.0439,-6.8517,20.4324,19.9860,14.4532,13.5685,9
2460790.773737,21.2138,-19.3979,20.4324,19.9860,14.4532,13.5685,9
2460790.875417,-27.0520,-3.2817,20.4324,19.9860,14.4532,13.5685,9
2460790.892577,20.7146,1.5699,20.4324,19.9860,14.4532,13.5685,9
2460790.913657,6.6054,-16.0727,20.4324,19.9860,14.4532,13.5685,9
2460791.717567,-12.8946,-21.5890,20.4324,19.9860,14.4532,13.5685,9
2460791.796187,-8.5119,-15.0739,20.4324,19.9860,14.4532,13.5685,9
2460791.847497,-9.2661,5.0464,20.4324,19.9860,14.4532,13.5685,9
2460791.909257,-24.7385,-8.3253,20.4324,19.9860,14.4532,13.5685,9
2460792.737777,20.8515,-10.1514,20.4324,19.9860,14.4532,13.5685,9
2460792.754547,8.4105,-22.3917,20.4324,19.9860,14.4532,13.5685,9
2460792.773987,12.3606,-5.7964,20.4324,19.9860,14.4532,13.5685,9
2460792.790727,5.4506,-18.6173,20.4324,19.9860,14.4532,13.5685,9
2460792.853597,-12.2431,-3.8863,20.4324,19.9860,14.4532,13.5685,9
2460792.870857,-16.3676,-10.7171,20.4324,19.9860,14.4532,13.5685,9
2460792.887937,-13.7043,10.1614,20.4324,19.9860,14.4532,13.5685,9
2460793.688077,11.8915,-17.8957,20.4324,19.9860,14.4532,13.5685,9
2460793.724997,2.1615,-27.0164,20.4324,19.9860,14.4532,13.5685,9
2460793.753727,4.1833,-31.9683,20.4324,19.9860,14.4532,13.5685,9
2460793.796297,-6.2377,-23.0745,20.4324,19.9860,14.4532,13.5685,9
2460793.835287,3.3864,-15.5757,20.4324,19.9860,14.4532,13.5685,9
2460793.863257,-15.1656,-16.5627,20.4324,19.9860,14.4532,13.5685,9
2460793.880847,-3.7958,-17.0312,20.4324,19.9860,14.4532,13.5685,9
2460793.898077,-4.9833,-11.1061,20.4324,19.9860,14.4532,13.5685,9
2460793.915107,7.2210,5.7992,20.4324,19.9860,14.4532,13.5685,9
2460794.730257,2.3795,-20.9162,20.4324,19.9860,14.4532,13.5685,9
2460794.747527,7.5149,-7.2481,20.4324,19.9860,14.4532,13.5685,9
2460794.764097,7.8870,-10.4040,20.4324,19.9860,14.4532,13.5685,9
2460794.812287,2.2205,1.3901,20.4324,19.9860,14.4532,13.5685,9
2460794.828757,-3.7682,-7.0637,20.4324,19.9860,14.4532,13.5685,9
2460794.846947,15.1944,-23.5864,20.4324,19.9860,14.4532,13.5685,9
2460794.863677,-10.8132,-6.5287,20.4324,19.9860,14.4532,13.5685,9
2460794.867477,-3.8067,0.7961,20.4324,19.9860,14.4532,13.5685,9
2460794.884677,-16.4308,-4.6411,20.4324,19.9860,14.4532,13.5685,9
2460795.683157,21.9664,-32.8173,20.4324,19.9860,14.4532,13.5685,9
2460795.685847,0.5131,-25.3974,20.4324,19.9860,14.4532,13.5685,9
2460795.755807,8.9620,-18.4335,20.4324,19.9860,14.4532,13.5685,9
2460795.810247,-4.9095,-11.3897,20.4324,19.9860,14.4532,13.5685,9
2460795.895237,9.2265,-19.2176,20.4324,19.9860,14.4532,13.5685,9
2460795.913087,9.7598,-0.4509,20.4324,19.9860,14.4532,13.5685,9
2460797.708217,-3.0949,5.6371,20.4324,19.9860,14.4532,13.5685,9
2460798.678707,17.5939,6.2562,20.4324,19.9860,14.4532,13.5685,9
2460798.721867,3.3867,0.1066,20.4324,19.9860,14.4532,13.5685,9
2460798.761497,7.3514,-1.9949,20.4324,19.9860,14.4532,13.5685,9
2460798.805727,10.5398,4.5688,20.4324,19.9860,14.4532,13.5685,9
2460798.838867,-12.2928,-14.6588,20.4324,19.9860,14.4532,13.5685,9
2460798.859557,-4.8203,3.6788,20.4324,19.9860,14.4532,13.5685,9
2460798.879557,-11.6973,-25.4568,20.4324,19.9860,14.4532,13.5685,9
2460798.906727,-10.4302,-13.5571,20.4324,19.9860,14.4532,13.5685,9
2460798.923027,21.9937,-3.3324,20.4324,19.9860,14.4532,13.5685,9
2460799.662877,3.7085,-32.6336,20.4324,19.9860,14.4532,13.5685,9
2460799.681087,-22.7641,-24.1694,20.4324,19.9860,14.4532,13.5685,9
2460799.745817,24.5301,2.9461,20.4324,19.9860,14.4532,13.5685,9
2460799.765807,7.8725,-18.2968,20.4324,19.9860,14.4532,13.5685,9
2460799.783607,-10.3458,-16.4543,20.4324,19.9860,14.4532,13.5685,9
2460799.828347,-4.0260,-14.3559,20.4324,19.9860,14.4532,13.5685,9
2460799.844927,0.9122,2.1558,20.4324,19.9860,14.4532,13.5685,9
2460799.861427,-19.0204,-10.9878,20.4324,19.9860,14.4532,13.5685,9
2460799.880357,-11.2697,-13.2148,20.4324,19.9860,14.4532,13.5685,9
2460799.897397,-9.9083,-3.8024,20.4324,19.9860,14.4532,13.5685,9
2460799.930107,19.4816,-33.0144,20.4324,19.9860,14.4532,13.5685,9
2460800.672127,-11.1924,-16.5367,20.4324,19.9860,14.4532,13.5685,9
2460800.706567,3.0100,-8.0711,20.4324,19.9860,14.4532,13.5685,9
2460800.740597,-15.7495,1.1060,20.4324,19.9860,14.4532,13.5685,9
2460800.752987,-27.5728,-1.4271,20.4324,19.9860,14.4532,13.5685,9
2460800.769687,-27.8649,-21.0760,20.4324,19.9860,14.4532,13.5685,9
2460800.786537,-12.6489,-15.5023,20.4324,19.9860,14.4532,13.5685,9
2460800.803207,3.5627,-21.9772,20.4324,19.9860,14.4532,13.5685,9
2460800.832387,-8.2075,-14.1650,20.4324,19.9860,14.4532,13.5685,9
2460800.849827,-2.0858,-11.6490,20.4324,19.9860,14.4532,13.5685,9
2460800.866737,-7.0027,-3.3014,20.4324,19.9860,14.4532,13.5685,9
2460800.884367,-5.5704,-11.7772,20.4324,19.9860,14.4532,13.5685,9
2460800.901077,-15.2790,3.4587,20.4324,19.9860,14.4532,13.5685,9
2460800.919557,-7.8806,-4.4577,20.4324,19.9860,14.4532,13.5685,9
2460801.721997,13.6552,-18.6021,20.4324,19.9860,14.4532,13.5685,9
2460801.765847,-16.2942,-1.9511,20.4324,19.9860,14.4532,13.5685,9
2460801.782277,-27.0364,-13.3437,20.4324,19.9860,14.4532,13.5685,9
2460801.799217,-4.3246,-4.7222,20.4324,19.9860,14.4532,13.5685,9
2460801.833657,-3.5837,1.5956,20.4324,19.9860,14.4532,13.5685,9
2460801.863457,-12.9715,-12.4316,20.4324,19.9860,14.4532,13.5685,9
2460801.880597,-16.7253,-4.8676,20.4324,19.9860,14.4532,13.5685,9
2460802.660307,7.1500,-30.5250,20.4324,19.9860,14.4532,13.5685,9
2460802.739877,-0.9699,-13.3698,20.4324,19.9860,14.4532,13.5685,9
2460802.758597,-3.6300,-12.2735,20.4324,19.9860,14.4532,13.5685,9
2460802.786467,9.8622,-13.2151,20.4324,19.9860,14.4532,13.5685,9
2460802.804657,0.2793,-3.1173,20.4324,19.9860,14.4532,13.5685,9
2460802.821687,-17.2382,-6.5525,20.4324,19.9860,14.4532,13.5685,9
2460802.838577,-2.2565,-9.0277,20.4324,19.9860,14.4532,13.5685,9
2460802.856337,-1.5533,-10.0517,20.4324,19.9860,14.4532,13.5685,9
2460802.859227,-14.2602,-24.0412,20.4324,19.9860,14.4532,13.5685,9
2460802.887337,9.2337,-5.9117,20.4324,19.9860,14.4532,13.5685,9
2460802.904157,11.8237,11.9022,20.4324,19.9860,14.4532,13.5685,9
2460802.921777,-28.3711,-1.5809,20.4324,19.9860,14.4532,13.5685,9
2460802.938557,-25.2140,-3.0642,20.4324,19.9860,14.4532,13.5685,9
2460803.750387,-1.5385,-27.6493,20.4324,19.9860,14.4532,13.5685,9
2460803.767227,-30.0552,-22.8488,20.4324,19.9860,14.4532,13.5685,9
2460803.870207,19.0758,-10.8176,20.4324,19.9860,14.4532,13.5685,9
2460804.917557,-1.8977,8.2531,20.4324,19.9860,14.4532,13.5685,9
2460805.701057,-6.1825,-7.8766,20.4324,19.9860,14.4532,13.5685,9
2460805.719807,17.9481,4.0392,20.4324,19.9860,14.4532,13.5685,9
2460805.798867,3.9412,-21.8598,20.4324,19.9860,14.4532,13.5685,9
2460805.815497,5.3506,12.8348,20.4324,19.9860,14.4532,13.5685,9
2460805.833787,0.4045,-19.1358,20.4324,19.9860,14.4532,13.5685,9
2460805.850777,1.0281,-12.3940,20.4324,19.9860,14.4532,13.5685,9
2460805.897537,0.2275,5.2990,20.4324,19.9860,14.4532,13.5685,9
2460806.675507,21.2156,-19.6217,20.4324,19.9860,14.4532,13.5685,9
2460806.702597,7.4574,0.8177,20.4324,19.9860,14.4532,13.5685,9
2460806.737677,-4.6059,8.8474,20.4324,19.9860,14.4532,13.5685,9
2460806.754297,12.1113,-27.3543,20.4324,19.9860,14.4532,13.5685,9
2460806.818977,-16.2464,-8.5592,20.4324,19.9860,14.4532,13.5685,9
2460806.836147,-26.9695,-13.9865,20.4324,19.9860,14.4532,13.5685,9
2460806.902967,6.1185,7.3782,20.4324,19.9860,14.4532,13.5685,9
2460806.919337,-3.9875,0.4216,20.4324,19.9860,14.4532,13.5685,9
2460807.682587,-8.4307,-18.1343,20.4324,19.9860,14.4532,13.5685,9
2460807.742027,-7.3222,-29.9281,20.4324,19.9860,14.4532,13.5685,9
2460807.759527,-17.7715,-15.3869,20.4324,19.9860,14.4532,13.5685,9
2460807.780927,-2.9381,-4.5535,20.4324,19.9860,14.4532,13.5685,9
2460807.808087,-9.1654,-6.7394,20.4324,19.9860,14.4532,13.5685,9
2460807.858247,4.4455,-2.0014,20.4324,19.9860,14.4532,13.5685,9
2460807.875047,12.5516,11.8873,20.4324,19.9860,14.4532,13.5685,9
2460807.902067,0.8077,-4.3336,20.4324,19.9860,14.4532,13.5685,9
2460808.649527,-0.7458,-5.3096,20.4324,19.9860,14.4532,13.5685,9
2460808.698667,-13.6584,-15.7660,20.4324,19.9860,14.4532,13.5685,9
2460808.717437,13.9854,-17.3099,20.4324,19.9860,14.4532,13.5685,9
2460808.753107,7.9517,2.1283,20.4324,19.9860,14.4532,13.5685,9
2460808.782477,0.6647,-18.9172,20.4324,19.9860,14.4532,13.5685,9
2460808.847607,5.7045,-10.4465,20.4324,19.9860,14.4532,13.5685,9
2460808.865037,0.5614,-2.5510,20.4324,19.9860,14.4532,13.5685,9
2460812.832157,4.6619,9.1499,20.4324,19.9860,14.4532,13.5685,9
2460812.849287,-26.4428,-28.6446,20.4324,19.9860,14.4532,13.5685,9
2460812.898027,-29.7686,-29.6913,20.4324,19.9860,14.4532,13.5685,9
2460814.733507,9.2697,-12.5273,20.4324,19.9860,14.4532,13.5685,9
2460814.750877,-1.0808,-22.4078,20.4324,19.9860,14.4532,13.5685,9
2460814.767337,-14.9030,-15.2174,20.4324,19.9860,14.4532,13.5685,9
2460814.784457,-2.5450,-12.9194,20.4324,19.9860,14.4532,13.5685,9
2460814.801547,-1.8076,-0.4466,20.4324,19.9860,14.4532,13.5685,9
2460814.869017,-23.7720,3.4067,20.4324,19.9860,14.4532,13.5685,9
2460815.667777,-4.1204,-5.7903,20.4324,19.9860,14.4532,13.5685,9
2460815.684477,2.2894,-10.0135,20.4324,19.9860,14.4532,13.5685,9
2460815.708737,-1.9692,-1.6921,20.4324,19.9860,14.4532,13.5685,9
2460815.739567,-13.8233,-17.0063,20.4324,19.9860,14.4532,13.5685,9
2460815.759467,-10.2157,-18.8142,20.4324,19.9860,14.4532,13.5685,9
2460815.776277,-33.5728,-12.7974,20.4324,19.9860,14.4532,13.5685,9
2460815.793107,-11.1310,-2.6520,20.4324,19.9860,14.4532,13.5685,9
2460815.810667,-10.5647,11.3988,20.4324,19.9860,14.4532,13.5685,9
2460815.908827,-19.6260,12.0337,20.4324,19.9860,14.4532,13.5685,9
2460815.912867,-4.4829,-1.2320,20.4324,19.9860,14.4532,13.5685,9
2460816.613417,-17.0550,-2.9139,20.4324,19.9860,14.4532,13.5685,9
2460816.683927,-4.2657,-15.9993,20.4324,19.9860,14.4532,13.5685,9
2460816.730757,-12.8288,-8.9298,20.4324,19.9860,14.4532,13.5685,9
2460816.756297,-11.2410,-36.2347,20.4324,19.9860,14.4532,13.5685,9
2460816.775877,-12.8494,-11.5701,20.4324,19.9860,14.4532,13.5685,9
2460816.792807,-19.5118,-11.3401,20.4324,19.9860,14.4532,13.5685,9
2460816.815067,-16.5517,-9.3219,20.4324,19.9860,14.4532,13.5685,9
2460816.846717,10.2558,0.5801,20.4324,19.9860,14.4532,13.5685,9
2460816.908967,-8.8868,-14.2288,20.4324,19.9860,14.4532,13.5685,9
2460816.923007,-9.5881,-24.7169,20.4324,19.9860,14.4532,13.5685,9
2460817.698957,15.7294,-10.5176,20.4324,19.9860,14.4532,13.5685,9
2460817.716067,-16.8156,-12.8658,20.4324,19.9860,14.4532,13.5685,9
2460817.750187,-13.6034,-27.5185,20.4324,19.9860,14.4532,13.5685,9
2460817.806807,-18.2522,-7.0631,20.4324,19.9860,14.4532,13.5685,9
2460817.823937,-16.8467,3.5512,20.4324,19.9860,14.4532,13.5685,9
2460817.840657,9.7616,-16.9719,20.4324,19.9860,14.4532,13.5685,9
2460817.867927,-9.2665,-9.2226,20.4324,19.9860,14.4532,13.5685,9
2460817.901857,-7.8446,-14.8208,20.4324,19.9860,14.4532,13.5685,9
2460817.913177,-20.2334,-5.0582,20.4324,19.9860,14.4532,13.5685,9
2460817.932537,-2.8364,-2.3289,20.4324,19.9860,14.4532,13.5685,9
2460818.693157,18.2462,-20.5652,20.4324,19.9860,14.4532,13.5685,9
2460818.739967,-4.3604,-12.2047,20.4324,19.9860,14.4532,13.5685,9
2460818.774297,-13.3469,-10.0701,20.4324,19.9860,14.4532,13.5685,9
2460818.808397,13.2529,-3.3786,20.4324,19.9860,14.4532,13.5685,9
2460818.842587,-5.3554,-8.2774,20.4324,19.9860,14.4532,13.5685,9
2460818.859937,-25.9411,-10.5700,20.4324,19.9860,14.4532,13.5685,9
2460818.884717,-25.2234,7.0083,20.4324,19.9860,14.4532,13.5685,9
2460818.901837,-15.6255,-12.4777,20.4324,19.9860,14.4532,13.5685,9
2460818.911487,2.6651,2.3995,20.4324,19.9860,14.4532,13.5685,9
2460818.925397,12.9675,-10.7506,20.4324,19.9860,14.4532,13.5685,9
2460819.654267,6.3870,-7.2533,20.4324,19.9860,14.4532,13.5685,9
2460819.733197,-3.8426,-7.3364,20.4324,19.9860,14.4532,13.5685,9
2460819.760647,-16.3481,-5.4979,20.4324,19.9860,14.4532,13.5685,9
2460819.777967,-20.4860,-14.1682,20.4324,19.9860,14.4532,13.5685,9
2460819.795527,10.2149,-16.7637,20.4324,19.9860,14.4532,13.5685,9
2460819.863077,-10.3374,1.6605,20.4324,19.9860,14.4532,13.5685,9
2460819.880507,-9.7417,-1.7084,20.4324,19.9860,14.4532,13.5685,9
2460819.900157,12.2659,5.7079,20.4324,19.9860,14.4532,13.5685,9
2460820.717467,-13.5155,-3.9004,20.4324,19.9860,14.4532,13.5685,9
2460820.736897,-3.5490,-14.8750,20.4324,19.9860,14.4532,13.5685,9
2460820.782057,-18.1338,-16.5209,20.4324,19.9860,14.4532,13.5685,9
2460820.799157,-12.9169,-32.2892,20.4324,19.9860,14.4532,13.5685,9
2460820.816037,4.7117,-3.4354,20.4324,19.9860,14.4532,13.5685,9
2460820.832937,-22.2369,0.9340,20.4324,19.9860,14.4532,13.5685,9
2460820.882237,-2.2021,-11.4914,20.4324,19.9860,14.4532,13.5685,9
2460820.900657,21.8235,-7.5547,20.4324,19.9860,14.4532,13.5685,9
2460820.929727,-7.9529,-4.4811,20.4324,19.9860,14.4532,13.5685,9
2460821.671217,-16.5905,-23.6892,20.4324,19.9860,14.4532,13.5685,9
2460821.688207,12.4455,0.8923,20.4324,19.9860,14.4532,13.5685,9
2460821.705357,-15.3087,-3.0933,20.4324,19.9860,14.4532,13.5685,9
2460821.905157,3.0775,-17.9523,20.4324,19.9860,14.4532,13.5685,9
2460821.930177,-29.7454,-12.5324,20.4324,19.9860,14.4532,13.5685,9
2460823.687777,3.7210,-13.2291,20.4324,19.9860,14.4532,13.5685,9
2460823.749507,3.9236,9.6726,20.4324,19.9860,14.4532,13.5685,9
2460824.668737,3.8019,-12.4045,20.4324,19.9860,14.4532,13.5685,9
2460824.695637,2.6298,-15.7063,20.4324,19.9860,14.4532,13.5685,9
2460824.717577,3.2454,7.3966,20.4324,19.9860,14.4532,13.5685,9
2460824.754007,-7.6807,6.1811,20.4324,19.9860,14.4532,13.5685,9
2460824.798877,-7.8125,-19.2607,20.4324,19.9860,14.4532,13.5685,9
2460824.832747,-26.6707,-24.3738,20.4324,19.9860,14.4532,13.5685,9
2460824.851347,10.6213,-1.4379,20.4324,19.9860,14.4532,13.5685,9
2460825.605067,7.0236,-30.5219,20.4324,19.9860,14.4532,13.5685,9
2460825.641377,-12.1213,-16.7530,20.4324,19.9860,14.4532,13.5685,9
2460825.692027,-17.5874,-19.0298,20.4324,19.9860,14.4532,13.5685,9
2460825.729127,-3.0323,-17.1942,20.4324,19.9860,14.4532,13.5685,9
2460825.746267,5.0027,-20.3829,20.4324,19.9860,14.4532,13.5685,9
2460825.793637,-17.1074,-14.1475,20.4324,19.9860,14.4532,13.5685,9
2460825.809987,10.4102,-17.8508,20.4324,19.9860,14.4532,13.5685,9
2460825.828207,11.5677,3.3286,20.4324,19.9860,14.4532,13.5685,9
2460825.872977,16.5261,3.5548,20.4324,19.9860,14.4532,13.5685,9
2460825.891057,11.7585,-5.9990,20.4324,19.9860,14.4532,13.5685,9
2460825.918907,12.7604,-8.2224,20.4324,19.9860,14.4532,13.5685,9
2460826.667337,2.3584,-6.9892,20.4324,19.9860,14.4532,13.5685,9
2460826.684887,-17.8603,-21.6553,20.4324,19.9860,14.4532,13.5685,9
2460826.701137,-15.1086,4.0452,20.4324,19.9860,14.4532,13.5685,9
2460826.751327,-5.5077,-13.6984,20.4324,19.9860,14.4532,13.5685,9
2460826.768057,-14.8442,-8.0475,20.4324,19.9860,14.4532,13.5685,9
2460826.786207,10.2863,-1.3714,20.4324,19.9860,14.4532,13.5685,9
2460826.802947,2.0437,-5.6995,20.4324,19.9860,14.4532,13.5685,9
2460826.820097,-18.1314,3.5863,20.4324,19.9860,14.4532,13.5685,9
2460826.852157,-14.1563,-0.6521,20.4324,19.9860,14.4532,13.5685,9
2460827.617567,-0.3120,-21.8110,20.4324,19.9860,14.4532,13.5685,9
2460827.652887,-21.6208,-24.8826,20.4324,19.9860,14.4532,13.5685,9
2460827.732717,-5.2301,-0.1638,20.4324,19.9860,14.4532,13.5685,9
2460827.750677,-9.7945,-15.7995,20.4324,19.9860,14.4532,13.5685,9
2460827.771817,-31.4877,0.6211,20.4324,19.9860,14.4532,13.5685,9
2460827.833567,-2.9103,-17.8604,20.4324,19.9860,14.4532,13.5685,9
2460827.850427,-5.9771,-8.2066,20.4324,19.9860,14.4532,13.5685,9
2460827.867277,14.6563,-3.5863,20.4324,19.9860,14.4532,13.5685,9
2460827.887797,-1.6305,-12.4212,20.4324,19.9860,14.4532,13.5685,9
2460827.904997,-5.6102,0.6711,20.4324,19.9860,14.4532,13.5685,9
2460828.584667,-10.5672,-24.2942,20.4324,19.9860,14.4532,13.5685,9
2460828.603027,4.1964,-16.0359,20.4324,19.9860,14.4532,13.5685,9
2460828.607087,-24.1010,-32.4934,20.4324,19.9860,14.4532,13.5685,9
2460828.623977,-7.4197,-7.6138,20.4324,19.9860,14.4532,13.5685,9
2460828.640807,16.2716,-11.9607,20.4324,19.9860,14.4532,13.5685,9
2460828.657167,0.6626,-25.0293,20.4324,19.9860,14.4532,13.5685,9
2460828.687567,1.9596,-7.5322,20.4324,19.9860,14.4532,13.5685,9
2460828.691177,-26.2034,-26.3959,20.4324,19.9860,14.4532,13.5685,9
2460828.707657,-16.8175,-17.3783,20.4324,19.9860,14.4532,13.5685,9
2460828.724197,-5.7987,-12.4975,20.4324,19.9860,14.4532,13.5685,9
2460828.741357,-13.2617,-17.3748,20.4324,19.9860,14.4532,13.5685,9
2460828.758827,8.5900,-3.6513,20.4324,19.9860,14.4532,13.5685,9
2460828.775657,-4.1167,-9.6728,20.4324,19.9860,14.4532,13.5685,9
2460828.820247,-0.8707,-2.7729,20.4324,19.9860,14.4532,13.5685,9
2460828.855147,-18.7546,9.2679,20.4324,19.9860,14.4532,13.5685,9
2460829.606527,12.8716,-6.9581,20.4324,19.9860,14.4532,13.5685,9
2460829.623367,2.4048,-32.7653,20.4324,19.9860,14.4532,13.5685,9
2460829.641677,10.1594,-0.1625,20.4324,19.9860,14.4532,13.5685,9
2460829.704927,-3.5139,-4.3049,20.4324,19.9860,14.4532,13.5685,9
2460829.721527,-17.9934,0.2175,20.4324,19.9860,14.4532,13.5685,9
2460829.738377,3.3768,7.5007,20.4324,19.9860,14.4532,13.5685,9
2460829.765407,-12.3451,-16.1586,20.4324,19.9860,14.4532,13.5685,9
2460829.782457,-10.2211,-7.3259,20.4324,19.9860,14.4532,13.5685,9
2460829.801807,-9.5305,-16.2015,20.4324,19.9860,14.4532,13.5685,9
2460829.818377,-8.2218,-14.6184,20.4324,19.9860,14.4532,13.5685,9
2460829.835147,-25.3925,-5.7791,20.4324,19.9860,14.4532,13.5685,9
2460830.637747,16.3183,-30.3573,20.4324,19.9860,14.4532,13.5685,9
2460830.689087,-25.9615,-16.1750,20.4324,19.9860,14.4532,13.5685,9
2460830.706137,-0.2797,-12.3934,20.4324,19.9860,14.4532,13.5685,9
2460830.733737,-1.8002,-4.2242,20.4324,19.9860,14.4532,13.5685,9
2460830.770057,10.5775,2.2420,20.4324,19.9860,14.4532,13.5685,9
2460830.804077,15.6413,-12.8300,20.4324,19.9860,14.4532,13.5685,9
2460830.851907,10.1050,-14.8100,20.4324,19.9860,14.4532,13.5685,9
2460830.868257,-4.7675,2.3551,20.4324,19.9860,14.4532,13.5685,9
2460831.721407,14.1933,-8.4530,20.4324,19.9860,14.4532,13.5685,9
2460831.739207,-0.0573,-14.3069,20.4324,19.9860,14.4532,13.5685,9
2460831.755877,-19.6060,-31.8522,20.4324,19.9860,14.4532,13.5685,9
2460831.772687,-6.2602,-10.2395,20.4324,19.9860,14.4532,13.5685,9
2460831.792907,-17.4723,-15.8087,20.4324,19.9860,14.4532,13.5685,9
2460831.822067,-14.6059,-0.1096,20.4324,19.9860,14.4532,13.5685,9
2460831.839037,8.4723,-6.2675,20.4324,19.9860,14.4532,13.5685,9
2460831.876357,-16.3810,-14.9372,20.4324,19.9860,14.4532,13.5685,9
2460832.613467,10.2811,3.5675,20.4324,19.9860,14.4532,13.5685,9
2460832.649227,8.9800,-6.3018,20.4324,19.9860,14.4532,13.5685,9
2460832.696557,-1.8272,5.7374,20.4324,19.9860,14.4532,13.5685,9
2460832.713347,-11.2242,-24.1570,20.4324,19.9860,14.4532,13.5685,9
2460832.729937,21.2188,-22.7871,20.4324,19.9860,14.4532,13.5685,9
2460832.746777,-1.7745,-0.0023,20.4324,19.9860,14.4532,13.5685,9
2460832.763917,25.5077,-18.8794,20.4324,19.9860,14.4532,13.5685,9
2460832.811027,0.9170,2.2966,20.4324,19.9860,14.4532,13.5685,9
2460832.833007,18.4580,5.2239,20.4324,19.9860,14.4532,13.5685,9
2460832.850357,-25.4980,-9.8868,20.4324,19.9860,14.4532,13.5685,9
2460833.648337,-10.8905,-24.6419,20.4324,19.9860,14.4532,13.5685,9
2460833.681617,11.9984,-17.5148,20.4324,19.9860,14.4532,13.5685,9
2460833.698477,5.4874,-34.0203,20.4324,19.9860,14.4532,13.5685,9
2460833.750357,15.8495,14.0126,20.4324,19.9860,14.4532,13.5685,9
2460833.781867,-6.4218,-26.6193,20.4324,19.9860,14.4532,13.5685,9
2460833.798267,-21.9683,-35.0736,20.4324,19.9860,14.4532,13.5685,9
2460833.816407,-22.8541,0.1258,20.4324,19.9860,14.4532,13.5685,9
2460833.835457,15.4920,-11.3614,20.4324,19.9860,14.4532,13.5685,9
2460833.879987,-45.8513,-40.4930,20.4324,19.9860,14.4532,13.5685,9
2460834.807737,-31.8654,-5.3511,20.4324,19.9860,14.4532,13.5685,9
2460834.824497,-14.0261,-9.2824,20.4324,19.9860,14.4532,13.5685,9
2460834.841337,-14.4333,2.6993,20.4324,19.9860,14.4532,13.5685,9
2460834.868267,-11.1076,2.4934,20.4324,19.9860,14.4532,13.5685,9
2460834.885287,-1.2207,-10.1561,20.4324,19.9860,14.4532,13.5685,9
2460835.571497,-19.5616,-42.1130,20.4324,19.9860,14.4532,13.5685,9
2460835.622077,-16.9710,-19.7124,20.4324,19.9860,14.4532,13.5685,9
2460835.653267,14.2535,6.9678,20.4324,19.9860,14.4532,13.5685,9
2460835.670217,-10.7088,-14.7499,20.4324,19.9860,14.4532,13.5685,9
2460835.690717,-24.9981,-8.1096,20.4324,19.9860,14.4532,13.5685,9
2460835.707637,18.3096,2.7457,20.4324,19.9860,14.4532,13.5685,9
2460835.724797,-16.5549,-24.4392,20.4324,19.9860,14.4532,13.5685,9
2460835.754707,-2.8464,-31.4809,20.4324,19.9860,14.4532,13.5685,9
2460835.770117,-9.7009,-16.7552,20.4324,19.9860,14.4532,13.5685,9
2460835.786647,-10.3599,-20.1633,20.4324,19.9860,14.4532,13.5685,9
2460835.803487,-16.0459,-25.6027,20.4324,19.9860,14.4532,13.5685,9
2460836.612517,10.3089,-4.1773,20.4324,19.9860,14.4532,13.5685,9
2460836.670417,-1.0760,-2.1839,20.4324,19.9860,14.4532,13.5685,9
2460836.686877,-23.5038,-14.6794,20.4324,19.9860,14.4532,13.5685,9
2460836.730827,-23.8678,2.9898,20.4324,19.9860,14.4532,13.5685,9
2460836.747657,-7.6180,-5.6120,20.4324,19.9860,14.4532,13.5685,9
2460836.764327,-28.9445,-15.2187,20.4324,19.9860,14.4532,13.5685,9
2460836.767197,-24.8643,-18.8261,20.4324,19.9860,14.4532,13.5685,9
2460836.784047,-13.0287,-3.0294,20.4324,19.9860,14.4532,13.5685,9
2460836.828087,28.7792,-10.8849,20.4324,19.9860,14.4532,13.5685,9
2460836.846527,-18.0603,5.5314,20.4324,19.9860,14.4532,13.5685,9
2460844.815607,-26.8409,6.2119,20.4324,19.9860,14.4532,13.5685,9
2460845.744257,-24.5035,-20.8772,20.4324,19.9860,14.4532,13.5685,9
2460846.551267,-15.4281,-9.7306,20.4324,19.9860,14.4532,13.5685,9
2460846.615917,18.8183,-35.0146,20.4324,19.9860,14.4532,13.5685,9
2460846.638187,18.8115,-18.3609,20.4324,19.9860,14.4532,13.5685,9
2460846.655217,-2.3380,-3.2697,20.4324,19.9860,14.4532,13.5685,9
2460846.703347,-18.4295,-35.5654,20.4324,19.9860,14.4532,13.5685,9
2460846.722137,7.1452,-15.3379,20.4324,19.9860,14.4532,13.5685,9
2460846.815057,0.0011,-2.3337,20.4324,19.9860,14.4532,13.5685,9
2460846.832527,-3.4503,-1.4424,20.4324,19.9860,14.4532,13.5685,9
2460846.850827,-14.7575,1.5862,20.4324,19.9860,14.4532,13.5685,9
2460847.541977,-9.9900,-9.6444,20.4324,19.9860,14.4532,13.5685,9
2460847.605637,-23.6369,6.3306,20.4324,19.9860,14.4532,13.5685,9
2460847.688357,-38.9815,-45.2269,20.4324,19.9860,14.4532,13.5685,9
2460847.784007,19.1667,0.9917,20.4324,19.9860,14.4532,13.5685,9
2460847.802867,0.6357,-15.5920,20.4324,19.9860,14.4532,13.5685,9
2460847.851747,-38.2936,8.0966,20.4324,19.9860,14.4532,13.5685,9
2460848.621117,0.7149,-17.1125,20.4324,19.9860,14.4532,13.5685,9
2460848.694577,22.9423,2.6888,20.4324,19.9860,14.4532,13.5685,9
2460848.715427,-8.0145,-19.3536,20.4324,19.9860,14.4532,13.5685,9
2460848.732827,5.0928,-11.8653,20.4324,19.9860,14.4532,13.5685,9
2460850.531947,45.3042,-14.7542,20.4324,19.9860,14.4532,13.5685,9
2460850.565147,-17.6640,-23.9205,20.4324,19.9860,14.4532,13.5685,9
2460850.581807,-25.0554,-26.8273,20.4324,19.9860,14.4532,13.5685,9
2460850.631627,10.2181,-17.9857,20.4324,19.9860,14.4532,13.5685,9
2460850.654367,-16.8949,-11.4893,20.4324,19.9860,14.4532,13.5685,9
2460850.732667,-14.7044,-33.8740,20.4324,19.9860,14.4532,13.5685,9
2460850.767737,0.7995,-1.7948,20.4324,19.9860,14.4532,13.5685,9
2460850.785157,-9.8335,-4.1441,20.4324,19.9860,14.4532,13.5685,9
2460850.802027,-11.4309,-1.4739,20.4324,19.9860,14.4532,13.5685,9
2460850.818727,-36.1031,-55.1173,20.4324,19.9860,14.4532,13.5685,9
2460851.529917,-12.1281,-27.1871,20.4324,19.9860,14.4532,13.5685,9
2460851.550637,-13.5360,-37.0702,20.4324,19.9860,14.4532,13.5685,9
2460851.584227,19.7961,-14.7748,20.4324,19.9860,14.4532,13.5685,9
2460851.601267,21.2568,-4.5824,20.4324,19.9860,14.4532,13.5685,9
2460851.628667,-7.9608,-12.0232,20.4324,19.9860,14.4532,13.5685,9
2460851.645347,17.3643,8.5869,20.4324,19.9860,14.4532,13.5685,9
2460851.679857,-23.6841,-5.5185,20.4324,19.9860,14.4532,13.5685,9
2460851.697017,-4.3270,-7.4013,20.4324,19.9860,14.4532,13.5685,9
2460851.724007,15.1142,6.5983,20.4324,19.9860,14.4532,13.5685,9
2460851.743547,-48.5695,21.9148,20.4324,19.9860,14.4532,13.5685,9
2460851.794137,-2.1762,-16.5268,20.4324,19.9860,14.4532,13.5685,9
2460851.828767,23.9535,-20.5933,20.4324,19.9860,14.4532,13.5685,9
2460853.553797,31.2994,25.9207,20.4324,19.9860,14.4532,13.5685,9
2460853.570667,26.7121,-10.9781,20.4324,19.9860,14.4532,13.5685,9
2460853.587967,-19.9287,-16.5501,20.4324,19.9860,14.4532,13.5685,9
2460853.632047,8.8374,-4.0537,20.4324,19.9860,14.4532,13.5685,9
2460853.660917,28.8968,3.2262,20.4324,19.9860,14.4532,13.5685,9
2460853.694837,-1.2094,-6.2533,20.4324,19.9860,14.4532,13.5685,9
2460853.721967,-18.4700,-7.2356,20.4324,19.9860,14.4532,13.5685,9
2460853.743077,6.9986,-17.2048,20.4324,19.9860,14.4532,13.5685,9
2460853.759607,33.0438,-12.2548,20.4324,19.9860,14.4532,13.5685,9
2460853.777307,2.3336,5.7867,20.4324,19.9860,14.4532,13.5685,9
2460853.795487,34.5839,1.8652,20.4324,19.9860,14.4532,13.5685,9
2460853.835227,16.9378,-4.3343,20.4324,19.9860,14.4532,13.5685,9
2460854.529757,43.4246,25.1083,20.4324,19.9860,14.4532,13.5685,9
2460854.593037,-5.7487,19.8709,20.4324,19.9860,14.4532,13.5685,9
2460854.628997,14.1033,-5.9544,20.4324,19.9860,14.4532,13.5685,9
2460854.689027,13.9378,-34.7181,20.4324,19.9860,14.4532,13.5685,9
2460854.716527,6.7931,20.7955,20.4324,19.9860,14.4532,13.5685,9
2460854.733537,6.0819,-24.0072,20.4324,19.9860,14.4532,13.5685,9
2460854.787617,-5.7455,12.7218,20.4324,19.9860,14.4532,13.5685,9
2460854.815227,27.6776,-8.8790,20.4324,19.9860,14.4532,13.5685,9
2460854.835017,0.2043,-35.9832,20.4324,19.9860,14.4532,13.5685,9
2460855.608777,-22.7527,-17.7156,20.4324,19.9860,14.4532,13.5685,9
2460855.646437,-41.1283,0.8332,20.4324,19.9860,14.4532,13.5685,9
2460855.675587,-24.9413,-41.3010,20.4324,19.9860,14.4532,13.5685,9
2460856.515837,-4.7292,-33.4434,20.4324,19.9860,14.4532,13.5685,9
2460856.533567,16.0305,-1.4049,20.4324,19.9860,14.4532,13.5685,9
2460856.631857,18.5778,0.5104,20.4324,19.9860,14.4532,13.5685,9
2460856.636097,-9.3170,-42.8517,20.4324,19.9860,14.4532,13.5685,9
2460856.649967,4.9886,-4.6318,20.4324,19.9860,14.4532,13.5685,9
2460856.698517,-6.1468,-33.9824,20.4324,19.9860,14.4532,13.5685,9
2460856.716597,3.6556,-23.4041,20.4324,19.9860,14.4532,13.5685,9
2460856.751197,-43.2968,-17.3120,20.4324,19.9860,14.4532,13.5685,9
2460856.768927,-24.1358,-18.1522,20.4324,19.9860,14.4532,13.5685,9
2460856.814577,-51.6379,-34.2783,20.4324,19.9860,14.4532,13.5685,9
2460857.706357,18.0157,10.4613,20.4324,19.9860,14.4532,13.5685,9
2460857.743557,0.1549,16.4186,20.4324,19.9860,14.4532,13.5685,9
2460857.760187,2.7425,-18.5995,20.4324,19.9860,14.4532,13.5685,9
2460857.787967,-9.5248,-4.1606,20.4324,19.9860,14.4532,13.5685,9
2460857.823387,-13.1689,-54.9817,20.4324,19.9860,14.4532,13.5685,9
2460858.741967,-1.5671,-9.8725,20.4324,19.9860,14.4532,13.5685,9
2460858.790447,24.8556,-39.4692,20.4324,19.9860,14.4532,13.5685,9
2460859.505507,25.9078,-29.7911,20.4324,19.9860,14.4532,13.5685,9
2460859.549757,2.6740,-3.6137,20.4324,19.9860,14.4532,13.5685,9
2460859.566747,7.6586,-45.7622,20.4324,19.9860,14.4532,13.5685,9
2460859.582967,12.6702,-4.6370,20.4324,19.9860,14.4532,13.5685,9
2460859.600007,-0.0942,-13.3561,20.4324,19.9860,14.4532,13.5685,9
2460859.616927,-3.0558,-11.7287,20.4324,19.9860,14.4532,13.5685,9
2460859.695247,-1.6996,-13.3132,20.4324,19.9860,14.4532,13.5685,9
2460859.713357,-7.4010,-2.1217,20.4324,19.9860,14.4532,13.5685,9
2460859.730337,5.4846,2.9345,20.4324,19.9860,14.4532,13.5685,9
2460859.746917,-8.3697,17.2594,20.4324,19.9860,14.4532,13.5685,9
2460859.794767,-7.2927,0.8529,20.4324,19.9860,14.4532,13.5685,9
2460859.813257,-3.6452,-18.0408,20.4324,19.9860,14.4532,13.5685,9
2460860.533877,11.0612,-22.6818,20.4324,19.9860,14.4532,13.5685,9
2460860.583867,-2.9472,-11.6015,20.4324,19.9860,14.4532,13.5685,9
2460860.617577,-9.7954,-6.3863,20.4324,19.9860,14.4532,13.5685,9
2460860.634867,16.8833,-14.7495,20.4324,19.9860,14.4532,13.5685,9
2460860.664097,-10.8371,-43.4579,20.4324,19.9860,14.4532,13.5685,9
2460860.680807,-5.5403,-14.4158,20.4324,19.9860,14.4532,13.5685,9
2460860.733147,-24.9162,-51.1144,20.4324,19.9860,14.4532,13.5685,9
2460860.763897,-31.2394,0.6770,20.4324,19.9860,14.4532,13.5685,9
2460860.785807,18.3033,20.3989,20.4324,19.9860,14.4532,13.5685,9
2460861.489347,7.1570,18.6037,20.4324,19.9860,14.4532,13.5685,9
2460861.570157,13.4843,-26.5020,20.4324,19.9860,14.4532,13.5685,9
2460861.589217,-15.6838,-17.4575,20.4324,19.9860,14.4532,13.5685,9
2460861.596287,-17.8444,-29.9050,20.4324,19.9860,14.4532,13.5685,9
2460861.613697,-7.6893,-23.8669,20.4324,19.9860,14.4532,13.5685,9
2460861.647597,-2.9802,-10.0973,20.4324,19.9860,14.4532,13.5685,9
2460861.731177,-15.2247,-34.8486,20.4324,19.9860,14.4532,13.5685,9
2460861.748377,37.0496,-12.6654,20.4324,19.9860,14.4532,13.5685,9
2460862.617357,-16.7977,-14.2188,20.4324,19.9860,14.4532,13.5685,9
2460862.667327,13.2253,-25.0165,20.4324,19.9860,14.4532,13.5685,9
2460862.701087,-5.9326,-43.9558,20.4324,19.9860,14.4532,13.5685,9
2460862.718057,-36.8587,-41.3723,20.4324,19.9860,14.4532,13.5685,9
2460864.557667,-32.3889,-13.8250,20.4324,19.9860,14.4532,13.5685,9
2460864.587357,-20.8682,-21.7847,20.4324,19.9860,14.4532,13.5685,9
2460864.604637,-13.8498,-24.9719,20.4324,19.9860,14.4532,13.5685,9
2460864.621597,-7.4172,-7.2636,20.4324,19.9860,14.4532,13.5685,9
2460864.737867,-21.0657,-20.6055,20.4324,19.9860,14.4532,13.5685,9
2460867.600207,15.8111,-13.6543,20.4324,19.9860,14.4532,13.5685,9
2460867.617577,7.2311,-12.5653,20.4324,19.9860,14.4532,13.5685,9
2460867.634877,-5.9913,-33.2465,20.4324,19.9860,14.4532,13.5685,9
2460867.654787,4.2467,-26.9213,20.4324,19.9860,14.4532,13.5685,9
2460867.681887,-14.0039,18.0028,20.4324,19.9860,14.4532,13.5685,9
2460867.708017,-32.0064,-18.5624,20.4324,19.9860,14.4532,13.5685,9
2460867.725147,-12.8579,3.6248,20.4324,19.9860,14.4532,13.5685,9
2460868.501967,-4.7487,-16.5939,20.4324,19.9860,14.4532,13.5685,9
2460868.519087,13.8796,2.9404,20.4324,19.9860,14.4532,13.5685,9
2460868.536067,3.0930,-5.1942,20.4324,19.9860,14.4532,13.5685,9
2460868.568087,17.9761,-12.3099,20.4324,19.9860,14.4532,13.5685,9
2460868.584977,-12.4954,-7.3494,20.4324,19.9860,14.4532,13.5685,9
2460868.621987,30.8090,-26.9211,20.4324,19.9860,14.4532,13.5685,9
2460868.667187,-5.2164,-18.0135,20.4324,19.9860,14.4532,13.5685,9
2460868.685167,4.1243,-19.1670,20.4324,19.9860,14.4532,13.5685,9
2460868.702147,-15.4427,-2.6150,20.4324,19.9860,14.4532,13.5685,9
2460868.736627,-15.8728,-17.3357,20.4324,19.9860,14.4532,13.5685,9
2460868.764047,9.5513,-4.9083,20.4324,19.9860,14.4532,13.5685,9
2460869.541877,-19.1559,-28.5725,20.4324,19.9860,14.4532,13.5685,9
2460869.578577,-3.2961,-24.6162,20.4324,19.9860,14.4532,13.5685,9
2460869.599407,-8.5938,17.4068,20.4324,19.9860,14.4532,13.5685,9
2460869.620217,-4.3764,18.1742,20.4324,19.9860,14.4532,13.5685,9
2460869.637257,-23.8878,-10.8070,20.4324,19.9860,14.4532,13.5685,9
2460869.664327,18.2107,10.9539,20.4324,19.9860,14.4532,13.5685,9
2460869.681377,4.1206,-20.4751,20.4324,19.9860,14.4532,13.5685,9
2460869.732677,-22.0399,-18.6371,20.4324,19.9860,14.4532,13.5685,9
2460870.677677,7.1862,-2.8739,20.4324,19.9860,14.4532,13.5685,9
2460870.694717,-11.9241,-10.9004,20.4324,19.9860,14.4532,13.5685,9
2460870.711637,-14.2012,-15.3077,20.4324,19.9860,14.4532,13.5685,9
2460870.728527,5.0037,6.0876,20.4324,19.9860,14.4532,13.5685,9
2460870.756157,7.8282,-3.5524,20.4324,19.9860,14.4532,13.5685,9
2460870.773137,-3.8862,5.7390,20.4324,19.9860,14.4532,13.5685,9
2460872.595007,4.7549,-1.1493,20.4324,19.9860,14.4532,13.5685,9
2460872.628867,-4.1173,-16.4834,20.4324,19.9860,14.4532,13.5685,9
2460872.645817,2.3573,-16.4083,20.4324,19.9860,14.4532,13.5685,9
2460872.664297,17.3039,-6.1038,20.4324,19.9860,14.4532,13.5685,9
2460872.712647,-14.3118,14.6582,20.4324,19.9860,14.4532,13.5685,9
2460873.498917,-6.8320,14.4169,20.4324,19.9860,14.4532,13.5685,9
2460873.554237,16.1901,5.0146,20.4324,19.9860,14.4532,13.5685,9
2460873.634367,7.1118,-7.5291,20.4324,19.9860,14.4532,13.5685,9
2460873.701827,-1.7891,-4.9197,20.4324,19.9860,14.4532,13.5685,9
2460873.720437,-14.3943,-5.6017,20.4324,19.9860,14.4532,13.5685,9
2460873.770477,14.8266,-39.4208,20.4324,19.9860,14.4532,13.5685,9
2460874.487667,-30.1089,-35.0780,20.4324,19.9860,14.4532,13.5685,9
2460874.539157,16.1925,-18.0637,20.4324,19.9860,14.4532,13.5685,9
2460874.556167,5.7092,-4.1671,20.4324,19.9860,14.4532,13.5685,9
2460874.600407,6.0039,-8.1638,20.4324,19.9860,14.4532,13.5685,9
2460874.660507,15.6324,-16.4075,20.4324,19.9860,14.4532,13.5685,9
2460874.689537,3.7280,3.7530,20.4324,19.9860,14.4532,13.5685,9
2460874.706057,6.5442,-13.9752,20.4324,19.9860,14.4532,13.5685,9
2460874.723167,5.3959,3.6648,20.4324,19.9860,14.4532,13.5685,9
2460874.757907,6.9118,6.4720,20.4324,19.9860,14.4532,13.5685,9
2460874.786087,5.7005,-13.0066,20.4324,19.9860,14.4532,13.5685,9
2460875.494417,-4.6109,16.3733,20.4324,19.9860,14.4532,13.5685,9
2460875.528147,17.1203,-13.8260,20.4324,19.9860,14.4532,13.5685,9
2460875.548527,5.0657,-21.5645,20.4324,19.9860,14.4532,13.5685,9
2460875.617627,20.1125,-16.7167,20.4324,19.9860,14.4532,13.5685,9
2460875.637667,-6.8799,0.3991,20.4324,19.9860,14.4532,13.5685,9
2460875.656937,-19.0245,-17.4659,20.4324,19.9860,14.4532,13.5685,9
2460875.735947,-7.6902,-25.4277,20.4324,19.9860,14.4532,13.5685,9
2460875.775827,9.1079,-26.7975,20.4324,19.9860,14.4532,13.5685,9
2460876.462137,-9.1153,-27.1305,20.4324,19.9860,14.4532,13.5685,9
2460876.507927,-4.9858,-15.4172,20.4324,19.9860,14.4532,13.5685,9
2460876.541987,-1.5976,11.2314,20.4324,19.9860,14.4532,13.5685,9
2460876.560827,-12.3153,10.0994,20.4324,19.9860,14.4532,13.5685,9
2460876.577597,0.6115,-4.8249,20.4324,19.9860,14.4532,13.5685,9
2460876.608317,13.2070,3.4801,20.4324,19.9860,14.4532,13.5685,9
2460876.628107,0.0912,-28.2471,20.4324,19.9860,14.4532,13.5685,9
2460876.663387,10.6766,-8.4229,20.4324,19.9860,14.4532,13.5685,9
2460876.680367,2.4395,12.4929,20.4324,19.9860,14.4532,13.5685,9
2460876.724247,12.0063,-10.7253,20.4324,19.9860,14.4532,13.5685,9
2460876.744617,-1.7233,-0.9453,20.4324,19.9860,14.4532,13.5685,9
2460877.521217,3.2411,-24.8050,20.4324,19.9860,14.4532,13.5685,9
2460877.537747,-17.0391,-8.7718,20.4324,19.9860,14.4532,13.5685,9
2460877.573047,-13.9243,-21.5274,20.4324,19.9860,14.4532,13.5685,9
2460877.590657,3.5077,-10.5027,20.4324,19.9860,14.4532,13.5685,9
2460877.659387,14.7279,-4.5402,20.4324,19.9860,14.4532,13.5685,9
2460877.676207,7.0461,-8.1847,20.4324,19.9860,14.4532,13.5685,9
2460877.694617,-30.2778,-15.4717,20.4324,19.9860,14.4532,13.5685,9
2460877.721667,10.0134,3.5717,20.4324,19.9860,14.4532,13.5685,9
2460878.515087,-20.6932,-11.4148,20.4324,19.9860,14.4532,13.5685,9
2460878.531467,-8.7246,-16.3406,20.4324,19.9860,14.4532,13.5685,9
2460878.559597,-0.2263,-22.0000,20.4324,19.9860,14.4532,13.5685,9
2460878.595887,5.7532,-11.2517,20.4324,19.9860,14.4532,13.5685,9
2460878.612867,-3.0990,-22.1060,20.4324,19.9860,14.4532,13.5685,9
2460878.632977,-16.6799,-6.9889,20.4324,19.9860,14.4532,13.5685,9
2460878.659817,-3.7549,-16.6705,20.4324,19.9860,14.4532,13.5685,9
2460878.680747,-17.9048,-3.6313,20.4324,19.9860,14.4532,13.5685,9
2460878.697097,-21.3816,-5.9086,20.4324,19.9860,14.4532,13.5685,9
2460878.730517,9.8369,5.4257,20.4324,19.9860,14.4532,13.5685,9
2460879.510877,-4.3589,-22.3206,20.4324,19.9860,14.4532,13.5685,9
2460879.571657,4.5106,-15.3803,20.4324,19.9860,14.4532,13.5685,9
2460879.606737,15.8100,-25.7510,20.4324,19.9860,14.4532,13.5685,9
2460879.623327,-2.9391,-12.0996,20.4324,19.9860,14.4532,13.5685,9
2460879.639977,3.7185,-7.6913,20.4324,19.9860,14.4532,13.5685,9
2460879.701357,-12.5111,1.5055,20.4324,19.9860,14.4532,13.5685,9
2460879.734637,-0.9822,-3.9583,20.4324,19.9860,14.4532,13.5685,9
2460880.504507,3.4993,-18.3708,20.4324,19.9860,14.4532,13.5685,9
2460880.521297,-7.7453,12.0231,20.4324,19.9860,14.4532,13.5685,9
2460880.565207,10.1470,3.3935,20.4324,19.9860,14.4532,13.5685,9
2460880.581827,-9.5341,1.1888,20.4324,19.9860,14.4532,13.5685,9
2460880.598147,-11.2895,16.8850,20.4324,19.9860,14.4532,13.5685,9
2460880.614967,-3.0890,-15.8312,20.4324,19.9860,14.4532,13.5685,9
2460880.631807,-27.3649,-25.7652,20.4324,19.9860,14.4532,13.5685,9
2460880.676447,6.7429,3.6869,20.4324,19.9860,14.4532,13.5685,9
2460880.692817,18.6188,-0.8413,20.4324,19.9860,14.4532,13.5685,9
2460880.709247,-0.0654,-10.6274,20.4324,19.9860,14.4532,13.5685,9
2460881.516627,1.5612,-30.4282,20.4324,19.9860,14.4532,13.5685,9
2460881.534377,-3.4684,6.8285,20.4324,19.9860,14.4532,13.5685,9
2460881.616477,21.6555,10.6344,20.4324,19.9860,14.4532,13.5685,9
2460881.633207,-9.7321,-5.5506,20.4324,19.9860,14.4532,13.5685,9
2460882.509327,-4.7685,-7.1204,20.4324,19.9860,14.4532,13.5685,9
2460882.571527,0.8192,-22.3062,20.4324,19.9860,14.4532,13.5685,9
2460882.588177,-12.4491,-10.8090,20.4324,19.9860,14.4532,13.5685,9
2460882.621827,-13.2201,-9.2531,20.4324,19.9860,14.4532,13.5685,9
2460882.649207,-2.4848,-9.1061,20.4324,19.9860,14.4532,13.5685,9
2460882.666097,-18.7562,-7.1416,20.4324,19.9860,14.4532,13.5685,9
2460882.682857,-2.6643,-14.5588,20.4324,19.9860,14.4532,13.5685,9
2460882.700017,-11.3121,-9.5741,20.4324,19.9860,14.4532,13.5685,9
2460882.717037,-4.1950,-9.9415,20.4324,19.9860,14.4532,13.5685,9
2460885.469547,0.1783,-24.5983,20.4324,19.9860,14.4532,13.5685,9
2460885.504267,8.7416,-0.1372,20.4324,19.9860,14.4532,13.5685,9
2460885.539547,10.4251,-22.1607,20.4324,19.9860,14.4532,13.5685,9
2460885.566737,3.7854,-15.3085,20.4324,19.9860,14.4532,13.5685,9
2460885.594957,-10.5687,-3.9988,20.4324,19.9860,14.4532,13.5685,9
2460885.628637,-2.8998,-8.0486,20.4324,19.9860,14.4532,13.5685,9
2460885.697107,3.7693,-2.7184,20.4324,19.9860,14.4532,13.5685,9
2460885.713727,10.0555,-8.6295,20.4324,19.9860,14.4532,13.5685,9
2460885.732267,-5.6575,6.2083,20.4324,19.9860,14.4532,13.5685,9
2460886.634317,-5.7300,-10.3941,20.4324,19.9860,14.4532,13.5685,9
2460894.479447,1.1115,-1.0936,20.4324,19.9860,14.4532,13.5685,9
2460894.498517,-17.4132,10.2424,20.4324,19.9860,14.4532,13.5685,9
2460894.517467,-26.4416,-10.7660,20.4324,19.9860,14.4532,13.5685,9
2460894.533667,-20.3103,5.5127,20.4324,19.9860,14.4532,13.5685,9
2460894.550777,-5.9316,-7.0456,20.4324,19.9860,14.4532,13.5685,9
2460894.567567,-32.9953,-30.0473,20.4324,19.9860,14.4532,13.5685,9
2460894.598247,-11.5107,-16.6054,20.4324,19.9860,14.4532,13.5685,9
2460894.634187,-20.0251,8.5280,20.4324,19.9860,14.4532,13.5685,9
2460894.651157,-11.5638,-5.7946,20.4324,19.9860,14.4532,13.5685,9
2460894.668257,0.8788,7.1176,20.4324,19.9860,14.4532,13.5685,9
2460895.486057,-33.9637,-32.3620,20.4324,19.9860,14.4532,13.5685,9
2460895.502607,-9.1381,-27.4415,20.4324,19.9860,14.4532,13.5685,9
2460895.534897,-26.3659,-47.8312,20.4324,19.9860,14.4532,13.5685,9
2460895.551857,-31.5767,9.9889,20.4324,19.9860,14.4532,13.5685,9
2460895.568467,-13.1710,-20.5545,20.4324,19.9860,14.4532,13.5685,9
2460895.587317,-26.1894,-26.2607,20.4324,19.9860,14.4532,13.5685,9
2460895.604167,7.7938,-31.2518,20.4324,19.9860,14.4532,13.5685,9
2460895.631777,-2.9061,-6.8041,20.4324,19.9860,14.4532,13.5685,9
2460895.663057,1.4714,8.2594,20.4324,19.9860,14.4532,13.5685,9
2460896.502007,7.8066,3.4669,20.4324,19.9860,14.4532,13.5685,9
2460896.523247,-37.3424,22.7592,20.4324,19.9860,14.4532,13.5685,9
2460896.578977,-8.2885,9.3354,20.4324,19.9860,14.4532,13.5685,9
2460896.649687,-3.8810,-36.3216,20.4324,19.9860,14.4532,13.5685,9
2460898.467437,12.4705,-32.6670,20.4324,19.9860,14.4532,13.5685,9
2460898.521857,-13.6124,-13.9842,20.4324,19.9860,14.4532,13.5685,9
2460898.549107,-15.3599,-21.6914,20.4324,19.9860,14.4532,13.5685,9
2460898.565907,8.3460,-22.2182,20.4324,19.9860,14.4532,13.5685,9
2460898.635327,-3.7520,-2.5407,20.4324,19.9860,14.4532,13.5685,9
2460898.662727,19.6890,-7.4436,20.4324,19.9860,14.4532,13.5685,9
2460898.679407,2.0034,-26.6384,20.4324,19.9860,14.4532,13.5685,9
2460898.714987,-24.2450,-50.1092,20.4324,19.9860,14.4532,13.5685,9
2460899.564597,-10.6235,-7.0302,20.4324,19.9860,14.4532,13.5685,9
2460899.581757,4.2705,3.1283,20.4324,19.9860,14.4532,13.5685,9
2460899.598397,-21.2743,22.6337,20.4324,19.9860,14.4532,13.5685,9
2460899.661387,13.2336,13.6353,20.4324,19.9860,14.4532,13.5685,9
2460899.703177,18.0215,1.8456,20.4324,19.9860,14.4532,13.5685,9
2460900.483507,12.1705,-39.9697,20.4324,19.9860,14.4532,13.5685,9
2460900.541397,-1.6552,-20.0136,20.4324,19.9860,14.4532,13.5685,9
2460900.558647,-12.8840,-9.8276,20.4324,19.9860,14.4532,13.5685,9
2460900.575717,-2.4007,-7.4598,20.4324,19.9860,14.4532,13.5685,9
2460900.592677,-7.6822,-5.5132,20.4324,19.9860,14.4532,13.5685,9
2460900.609287,-5.4406,-15.2127,20.4324,19.9860,14.4532,13.5685,9
2460900.639867,-9.6209,-4.0214,20.4324,19.9860,14.4532,13.5685,9
2460900.656557,-21.0780,-6.4388,20.4324,19.9860,14.4532,13.5685,9
2460900.673627,-4.7175,-3.1073,20.4324,19.9860,14.4532,13.5685,9
2460900.710617,-25.2022,-0.0191,20.4324,19.9860,14.4532,13.5685,9
2460901.484317,-29.3461,-11.4047,20.4324,19.9860,14.4532,13.5685,9
2460901.526667,-2.4717,-5.6341,20.4324,19.9860,14.4532,13.5685,9
2460901.543687,-22.5174,-20.5720,20.4324,19.9860,14.4532,13.5685,9
2460901.577087,-26.8521,-1.8024,20.4324,19.9860,14.4532,13.5685,9
2460901.603947,-17.7650,-5.6347,20.4324,19.9860,14.4532,13.5685,9
2460901.620537,-12.5133,-2.5134,20.4324,19.9860,14.4532,13.5685,9
2460901.641507,8.2333,-2.6152,20.4324,19.9860,14.4532,13.5685,9
2460901.646767,-0.0221,7.8097,20.4324,19.9860,14.4532,13.5685,9
2460901.663427,30.9684,25.8231,20.4324,19.9860,14.4532,13.5685,9
2460901.680577,-0.7654,17.0750,20.4324,19.9860,14.4532,13.5685,9
2460901.697707,15.8203,-4.2354,20.4324,19.9860,14.4532,13.5685,9
2460902.549837,-22.9182,-14.8218,20.4324,19.9860,14.4532,13.5685,9
2460902.693657,-27.7418,6.4569,20.4324,19.9860,14.4532,13.5685,9
2460904.494757,16.0299,2.2142,20.4324,19.9860,14.4532,13.5685,9
2460904.615767,19.6857,-22.2221,20.4324,19.9860,14.4532,13.5685,9
2460904.697427,-9.8353,-31.5294,20.4324,19.9860,14.4532,13.5685,9
2460907.624357,15.5427,-58.8377,20.4324,19.9860,14.4532,13.5685,9
2460908.545507,-21.5546,-44.8126,20.4324,19.9860,14.4532,13.5685,9
2460908.635407,-49.5111,-59.4629,20.4324,19.9860,14.4532,13.5685,9
2460911.544177,2.0144,-29.4428,20.4324,19.9860,14.4532,13.5685,9
2460911.678367,-14.8489,-13.6007,20.4324,19.9860,14.4532,13.5685,9
2460912.474897,-28.4264,-51.7310,20.4324,19.9860,14.4532,13.5685,9
2460912.538157,7.9396,-19.3529,20.4324,19.9860,14.4532,13.5685,9
2460912.555107,-15.0806,-11.2358,20.4324,19.9860,14.4532,13.5685,9
2460912.571947,4.5337,-42.2430,20.4324,19.9860,14.4532,13.5685,9
2460912.633757,-19.5628,-8.6991,20.4324,19.9860,14.4532,13.5685,9
2460913.498127,18.8816,-14.9204,20.4324,19.9860,14.4532,13.5685,9
2460913.517757,14.4747,-3.4222,20.4324,19.9860,14.4532,13.5685,9
2460913.534317,-21.0446,-7.8152,20.4324,19.9860,14.4532,13.5685,9
2460913.574397,4.5653,-9.5977,20.4324,19.9860,14.4532,13.5685,9
2460913.605247,9.1708,-28.4917,20.4324,19.9860,14.4532,13.5685,9
2460913.639257,-24.0991,-14.7334,20.4324,19.9860,14.4532,13.5685,9
2460913.656177,-14.6853,-29.3455,20.4324,19.9860,14.4532,13.5685,9
2460913.680107,-2.2230,-5.8361,20.4324,19.9860,14.4532,13.5685,9
2460914.494287,4.8311,-11.0676,20.4324,19.9860,14.4532,13.5685,9
2460914.529267,-10.5915,-17.5947,20.4324,19.9860,14.4532,13.5685,9
2460914.545677,-2.0065,-19.6435,20.4324,19.9860,14.4532,13.5685,9
2460914.582417,3.5043,15.6721,20.4324,19.9860,14.4532,13.5685,9
2460914.609747,-9.3546,21.0047,20.4324,19.9860,14.4532,13.5685,9
2460914.648257,9.0954,-1.7011,20.4324,19.9860,14.4532,13.5685,9
2460915.495527,-12.5212,-11.9074,20.4324,19.9860,14.4532,13.5685,9
2460915.531017,7.8719,-12.1476,20.4324,19.9860,14.4532,13.5685,9
2460915.567007,0.5574,-0.9575,20.4324,19.9860,14.4532,13.5685,9
2460915.596887,11.4309,-2.5682,20.4324,19.9860,14.4532,13.5685,9
2460915.630327,-0.6212,17.5721,20.4324,19.9860,14.4532,13.5685,9
2460915.647347,-31.3497,-31.9833,20.4324,19.9860,14.4532,13.5685,9
2460915.664267,8.9257,10.0284,20.4324,19.9860,14.4532,13.5685,9
2460916.484987,16.2804,-6.5145,20.4324,19.9860,14.4532,13.5685,9
2460916.502117,0.1856,-17.0165,20.4324,19.9860,14.4532,13.5685,9
2460916.523347,-6.3282,17.8473,20.4324,19.9860,14.4532,13.5685,9
2460916.540077,-20.7530,-8.5215,20.4324,19.9860,14.4532,13.5685,9
2460916.557067,-14.3836,-26.7689,20.4324,19.9860,14.4532,13.5685,9
2460916.573687,21.3700,25.3036,20.4324,19.9860,14.4532,13.5685,9
2460916.619287,-7.4036,10.0475,20.4324,19.9860,14.4532,13.5685,9
2460916.638437,9.3215,7.9484,20.4324,19.9860,14.4532,13.5685,9
2460923.569167,-16.4182,6.5748,20.4324,19.9860,14.4532,13.5685,9
2460924.509127,-3.6526,-6.0821,20.4324,19.9860,14.4532,13.5685,9
2460924.558037,-15.6509,-30.9910,20.4324,19.9860,14.4532,13.5685,9
2460924.575027,-13.0869,-6.5888,20.4324,19.9860,14.4532,13.5685,9
2460924.591807,-4.4858,-13.3739,20.4324,19.9860,14.4532,13.5685,9
2460924.625217,-9.1880,-23.1941,20.4324,19.9860,14.4532,13.5685,9
2460925.481077,-24.8446,-10.4613,20.4324,19.9860,14.4532,13.5685,9
2460925.497227,-14.8722,-5.0930,20.4324,19.9860,14.4532,13.5685,9
2460925.550707,10.1809,-14.7879,20.4324,19.9860,14.4532,13.5685,9
2460925.629097,-5.5482,-2.5282,20.4324,19.9860,14.4532,13.5685,9
2460927.507877,-9.8476,-22.0761,20.4324,19.9860,14.4532,13.5685,9
2460927.524707,-1.5975,-28.1742,20.4324,19.9860,14.4532,13.5685,9
2460927.568937,-2.6668,6.6153,20.4324,19.9860,14.4532,13.5685,9
2460927.588387,-17.6954,0.5771,20.4324,19.9860,14.4532,13.5685,9
2460927.607197,9.3750,2.9526,20.4324,19.9860,14.4532,13.5685,9
2460927.624537,-7.0566,-16.5910,20.4324,19.9860,14.4532,13.5685,9
2460928.515627,-13.7248,-8.7819,20.4324,19.9860,14.4532,13.5685,9
2460928.537817,-11.2532,-5.6257,20.4324,19.9860,14.4532,13.5685,9
2460928.571527,-1.0493,-17.8891,20.4324,19.9860,14.4532,13.5685,9
2460928.588017,-8.8953,10.8469,20.4324,19.9860,14.4532,13.5685,9
2460929.484337,-2.4606,-19.6426,20.4324,19.9860,14.4532,13.5685,9
2460929.502467,-3.6041,-0.1892,20.4324,19.9860,14.4532,13.5685,9
2460930.549507,-15.8297,-13.5038,20.4324,19.9860,14.4532,13.5685,9
2460930.568167,-21.3974,-9.1811,20.4324,19.9860,14.4532,13.5685,9
2460930.597037,-1.8191,16.0064,20.4324,19.9860,14.4532,13.5685,9
2460931.494227,-8.8442,-16.3732,20.4324,19.9860,14.4532,13.5685,9
2460931.542217,-24.9866,-28.3838,20.4324,19.9860,14.4532,13.5685,9
2460931.572947,-4.5622,-16.1652,20.4324,19.9860,14.4532,13.5685,9
2460931.589517,-26.6115,1.6389,20.4324,19.9860,14.4532,13.5685,9
2460932.485717,-16.2236,-21.2368,20.4324,19.9860,14.4532,13.5685,9
2460932.513207,-2.7672,-13.4264,20.4324,19.9860,14.4532,13.5685,9
2460932.530037,-3.1545,-7.6607,20.4324,19.9860,14.4532,13.5685,9
2460932.594097,-0.3888,3.9436,20.4324,19.9860,14.4532,13.5685,9
2460932.621297,12.7524,-20.4303,20.4324,19.9860,14.4532,13.5685,9
2460933.511167,-10.4656,-18.2511,20.4324,19.9860,14.4532,13.5685,9
2460933.528217,-9.3361,-2.3326,20.4324,19.9860,14.4532,13.5685,9
2460933.556257,4.9031,11.8448,20.4324,19.9860,14.4532,13.5685,9
2460933.575057,-0.8206,-21.4678,20.4324,19.9860,14.4532,13.5685,9
2460933.593397,-12.8142,-18.3207,20.4324,19.9860,14.4532,13.5685,9
2460933.610107,0.2515,-12.6528,20.4324,19.9860,14.4532,13.5685,9
2460934.479597,6.5104,-7.2944,20.4324,19.9860,14.4532,13.5685,9
2460934.528787,-14.2950,-4.8448,20.4324,19.9860,14.4532,13.5685,9
2460934.545647,-7.1762,-1.9987,20.4324,19.9860,14.4532,13.5685,9
2460934.562187,-26.5275,-14.4892,20.4324,19.9860,14.4532,13.5685,9
2460934.578687,-15.2160,-2.4337,20.4324,19.9860,14.4532,13.5685,9
2460934.595857,3.8836,13.3243,20.4324,19.9860,14.4532,13.5685,9
2460934.623167,-22.5190,-15.1035,20.4324,19.9860,14.4532,13.5685,9
2460935.510197,-13.1409,-19.3534,20.4324,19.9860,14.4532,13.5685,9
2460935.546367,-10.1658,-9.3736,20.4324,19.9860,14.4532,13.5685,9
2460935.573337,-22.8611,-10.1648,20.4324,19.9860,14.4532,13.5685,9
2460935.589897,-2.6317,-22.3996,20.4324,19.9860,14.4532,13.5685,9
2460935.607237,-4.4465,-7.8669,20.4324,19.9860,14.4532,13.5685,9
2460936.494767,-4.3309,-9.0697,20.4324,19.9860,14.4532,13.5685,9
2460936.539117,-13.7076,-8.0768,20.4324,19.9860,14.4532,13.5685,9
2460936.589467,-4.4116,0.4241,20.4324,19.9860,14.4532,13.5685,9
2460936.606387,7.2604,-0.3300,20.4324,19.9860,14.4532,13.5685,9
2460937.501597,6.6924,-10.6766,20.4324,19.9860,14.4532,13.5685,9
2460937.563767,-3.9233,-3.0302,20.4324,19.9860,14.4532,13.5685,9
2460941.531687,16.2912,-27.3465,20.4324,19.9860,14.4532,13.5685,9
2460941.549697,19.0380,13.0429,20.4324,19.9860,14.4532,13.5685,9
2460941.566297,-1.8763,-5.8780,20.4324,19.9860,14.4532,13.5685,9
2460941.582757,-15.8498,-6.8440,20.4324,19.9860,14.4532,13.5685,9
2460941.602257,5.1701,-3.0204,20.4324,19.9860,14.4532,13.5685,9
2460942.518787,12.9551,16.1425,20.4324,19.9860,14.4532,13.5685,9
2460942.535557,5.3745,1.2823,20.4324,19.9860,14.4532,13.5685,9
2460942.552277,-1.7346,-2.5318,20.4324,19.9860,14.4532,13.5685,9
2460942.573207,-4.4593,3.4487,20.4324,19.9860,14.4532,13.5685,9
2460942.589837,0.5003,-3.6295,20.4324,19.9860,14.4532,13.5685,9
2460944.488857,4.7500,-17.8048,20.4324,19.9860,14.4532,13.5685,9
2460946.512427,2.0631,-7.4895,20.4324,19.9860,14.4532,13.5685,9
2460946.531837,-15.9809,-4.7011,20.4324,19.9860,14.4532,13.5685,9
2460946.549167,-12.1532,-9.0630,20.4324,19.9860,14.4532,13.5685,9
2460946.566127,-9.3122,1.2293,20.4324,19.9860,14.4532,13.5685,9
2460946.583007,9.0283,-17.3139,20.4324,19.9860,14.4532,13.5685,9
2460949.516297,-7.0869,-20.6641,20.4324,19.9860,14.4532,13.5685,9
2460949.556917,-5.7864,-13.2276,20.4324,19.9860,14.4532,13.5685,9
2460949.573957,11.7979,-4.6679,20.4324,19.9860,14.4532,13.5685,9
2460950.482857,1.8258,-13.6079,20.4324,19.9860,14.4532,13.5685,9
2460950.499477,26.3145,17.4254,20.4324,19.9860,14.4532,13.5685,9
2460950.530417,7.4317,-6.0962,20.4324,19.9860,14.4532,13.5685,9
2460950.548627,8.7655,6.8964,20.4324,19.9860,14.4532,13.5685,9
2460951.501637,-1.8378,-0.2216,20.4324,19.9860,14.4532,13.5685,9
2460951.519007,18.2384,9.3597,20.4324,19.9860,14.4532,13.5685,9
2460951.546247,2.9075,4.4436,20.4324,19.9860,14.4532,13.5685,9
2460951.570317,11.2704,-3.9688,20.4324,19.9860,14.4532,13.5685,9
2460952.493967,-24.8960,-26.2819,20.4324,19.9860,14.4532,13.5685,9
2460952.513727,19.4038,-21.6737,20.4324,19.9860,14.4532,13.5685,9
2460953.503827,-12.4387,7.3102,20.4324,19.9860,14.4532,13.5685,9
2460953.520957,3.2558,4.8332,20.4324,19.9860,14.4532,13.5685,9
2460953.547467,29.4560,1.1976,20.4324,19.9860,14.4532,13.5685,9
2460954.511977,27.6750,-27.1994,20.4324,19.9860,14.4532,13.5685,9
2460954.547997,8.3491,18.1144,20.4324,19.9860,14.4532,13.5685,9
2460956.488647,-23.4972,-6.3503,20.4324,19.9860,14.4532,13.5685,9
2460956.506777,-17.0975,-4.3492,20.4324,19.9860,14.4532,13.5685,9
2460956.523247,-19.6896,8.2534,20.4324,19.9860,14.4532,13.5685,9
2460956.550367,-22.2928,-18.6616,20.4324,19.9860,14.4532,13.5685,9
2460957.525037,11.8052,5.1033,20.4324,19.9860,14.4532,13.5685,9
2460958.506737,-8.7177,-12.7273,20.4324,19.9860,14.4532,13.5685,9
2460958.534557,-16.8458,-11.2429,20.4324,19.9860,14.4532,13.5685,9
2460958.552807,-24.0974,-13.1820,20.4324,19.9860,14.4532,13.5685,9
2460959.497077,24.4891,1.6617,20.4324,19.9860,14.4532,13.5685,9
2460959.530607,15.3228,-20.1147,20.4324,19.9860,14.4532,13.5685,9
2460960.509777,-12.4895,-11.9870,20.4324,19.9860,14.4532,13.5685,9
2460962.516687,-13.0486,12.1893,20.4324,19.9860,14.4532,13.5685,9
2460965.534897,-7.9782,12.7717,20.4324,19.9860,14.4532,13.5685,9
2460966.514087,-8.0278,-5.2409,20.4324,19.9860,14.4532,13.5685,9
2460966.530697,15.5017,-4.0531,20.4324,19.9860,14.4532,13.5685,9
2460967.521647,-10.6429,-10.1321,20.4324,19.9860,14.4532,13.5685,9
2460968.506907,0.7217,2.5040,20.4324,19.9860,14.4532,13.5685,9
2460968.525477,-16.9608,-11.8775,20.4324,19.9860,14.4532,13.5685,9
2460969.498667,-17.5688,-22.8200,20.4324,19.9860,14.4532,13.5685,9
2460969.526187,-0.3530,-20.3137,20.4324,19.9860,14.4532,13.5685,9
2461092.860347,-17.8822,-39.8274,20.4324,19.9860,13.6639,11.6122,10
2461092.887687,4.8983,-2.9720,20.4324,19.9860,13.6639,11.6122,10
2461093.867817,-10.0519,-19.1291,20.4324,19.9860,13.6639,11.6122,10
2461095.873157,0.1295,-3.2123,20.4324,19.9860,13.6639,11.6122,10
2461096.861347,0.6720,-3.5193,20.4324,19.9860,13.6639,11.6122,10
2461096.894747,-10.9328,-17.3918,20.4324,19.9860,13.6639,11.6122,10
2461097.902167,-5.7791,-7.4600,20.4324,19.9860,13.6639,11.6122,10
2461098.893407,-12.1732,-20.0699,20.4324,19.9860,13.6639,11.6122,10
2461099.840877,3.2961,-25.2437,20.4324,19.9860,13.6639,11.6122,10
2461099.888727,6.4163,-15.3775,20.4324,19.9860,13.6639,11.6122,10
2461100.893127,5.6225,-14.7083,20.4324,19.9860,13.6639,11.6122,10
2461101.851467,-8.5542,-20.3475,20.4324,19.9860,13.6639,11.6122,10
2461101.868127,1.4383,-21.1405,20.4324,19.9860,13.6639,11.6122,10
2461102.830927,12.3834,-28.8937,20.4324,19.9860,13.6639,11.6122,10
2461102.895717,1.9639,-22.0321,20.4324,19.9860,13.6639,11.6122,10
2461103.874867,-0.4782,-21.8216,20.4324,19.9860,13.6639,11.6122,10
2461103.903737,-6.9703,-16.7982,20.4324,19.9860,13.6639,11.6122,10
2461105.835427,2.8562,-5.7112,20.4324,19.9860,13.6639,11.6122,10
2461105.888087,12.4616,-11.2163,20.4324,19.9860,13.6639,11.6122,10
2461106.855127,-12.1889,-8.4122,20.4324,19.9860,13.6639,11.6122,10
2461106.873537,3.5996,-15.1569,20.4324,19.9860,13.6639,11.6122,10
2461106.890537,5.7629,3.9184,20.4324,19.9860,13.6639,11.6122,10
2461108.835317,9.7156,-6.6279,20.4324,19.9860,13.6639,11.6122,10
2461108.897457,3.4223,-16.0939,20.4324,19.9860,13.6639,11.6122,10
2461109.812687,20.7766,-16.9052,20.4324,19.9860,13.6639,11.6122,10
2461109.829827,0.2488,-18.2582,20.4324,19.9860,13.6639,11.6122,10
2461109.846477,-8.5580,-6.7225,20.4324,19.9860,13.6639,11.6122,10
2461109.894307,-1.5011,-23.4506,20.4324,19.9860,13.6639,11.6122,10
2461109.911477,6.9144,-10.0119,20.4324,19.9860,13.6639,11.6122,10
2461112.804717,-3.2749,-16.2890,20.4324,19.9860,13.6639,11.6122,10
2461112.870317,-5.5141,-6.4435,20.4324,19.9860,13.6639,11.6122,10
2461112.888627,8.6967,-9.6319,20.4324,19.9860,13.6639,11.6122,10
2461112.905907,-8.5897,-14.5921,20.4324,19.9860,13.6639,11.6122,10
2461113.811877,-2.2782,-24.5575,20.4324,19.9860,13.6639,11.6122,10
2461113.830077,11.0270,-33.0205,20.4324,19.9860,13.6639,11.6122,10
2461113.864007,4.9103,-0.7753,20.4324,19.9860,13.6639,11.6122,10
2461114.808997,-0.2035,-10.2773,20.4324,19.9860,13.6639,11.6122,10
2461114.843057,-0.7426,-17.7095,20.4324,19.9860,13.6639,11.6122,10
2461114.887027,-0.8376,-1.0568,20.4324,19.9860,13.6639,11.6122,10
2461114.905327,16.6944,3.6429,20.4324,19.9860,13.6639,11.6122,10
2461115.898127,3.0145,-8.6219,20.4324,19.9860,13.6639,11.6122,10
2461116.836077,20.3531,-26.3522,20.4324,19.9860,13.6639,11.6122,10
2461116.853407,-14.3220,-9.6192,20.4324,19.9860,13.6639,11.6122,10
2461117.820527,16.0304,-17.3383,20.4324,19.9860,13.6639,11.6122,10
2461117.837387,3.3367,-15.7168,20.4324,19.9860,13.6639,11.6122,10
2461117.898957,3.7575,-10.9955,20.4324,19.9860,13.6639,11.6122,10
2461118.830097,16.2888,-18.3045,20.4324,19.9860,13.6639,11.6122,10
2461118.846617,6.5447,-22.5096,20.4324,19.9860,13.6639,11.6122,10
2461118.880237,10.7335,-18.1471,20.4324,19.9860,13.6639,11.6122,10
2461118.909967,-5.2070,-25.3598,20.4324,19.9860,13.6639,11.6122,10
2461119.828757,10.5561,-15.6245,20.4324,19.9860,13.6639,11.6122,10
2461119.861387,0.3105,-15.2266,20.4324,19.9860,13.6639,11.6122,10
2461119.913377,-2.2798,6.3292,20.4324,19.9860,13.6639,11.6122,10
2461120.891207,8.0783,1.1941,20.4324,19.9860,13.6639,11.6122,10
2461121.797417,18.6088,-2.2628,20.4324,19.9860,13.6639,11.6122,10
2461121.831407,9.1976,-0.6760,20.4324,19.9860,13.6639,11.6122,10
2461121.858397,2.3136,-4.3342,20.4324,19.9860,13.6639,11.6122,10
2461121.874847,-7.3885,-7.9442,20.4324,19.9860,13.6639,11.6122,10
2461123.823587,9.9066,-8.6215,20.4324,19.9860,13.6639,11.6122,10
2461123.852077,5.3503,-12.3570,20.4324,19.9860,13.6639,11.6122,10
2461123.889087,-5.9563,1.7265,20.4324,19.9860,13.6639,11.6122,10
2461123.905667,2.0646,-2.0141,20.4324,19.9860,13.6639,11.6122,10
2461124.834307,12.6568,-19.2679,20.4324,19.9860,13.6639,11.6122,10
2461124.851707,-7.7836,-26.9565,20.4324,19.9860,13.6639,11.6122,10
2461124.879647,11.3459,-22.7025,20.4324,19.9860,13.6639,11.6122,10
2461124.907437,-13.0358,-20.1345,20.4324,19.9860,13.6639,11.6122,10
2461125.778837,-5.3816,-22.7994,20.4324,19.9860,13.6639,11.6122,10
2461125.839127,9.1396,-5.4305,20.4324,19.9860,13.6639,11.6122,10
2461125.855927,6.5205,-13.5339,20.4324,19.9860,13.6639,11.6122,10
2461125.876477,20.0925,-0.8636,20.4324,19.9860,13.6639,11.6122,10
2461125.895257,5.1090,-11.0412,20.4324,19.9860,13.6639,11.6122,10
2461126.771797,7.0645,-14.5783,20.4324,19.9860,13.6639,11.6122,10
2461126.789147,6.0933,-23.8529,20.4324,19.9860,13.6639,11.6122,10
2461126.807717,3.3437,4.9888,20.4324,19.9860,13.6639,11.6122,10
2461126.825787,18.2494,-25.0731,20.4324,19.9860,13.6639,11.6122,10
2461126.846217,23.7182,-5.5389,20.4324,19.9860,13.6639,11.6122,10
2461126.874947,19.4360,-22.8509,20.4324,19.9860,13.6639,11.6122,10
2461127.763697,8.5498,-9.4492,20.4324,19.9860,13.6639,11.6122,10
2461127.780977,3.4695,0.0835,20.4324,19.9860,13.6639,11.6122,10
2461127.784757,22.4430,-10.0503,20.4324,19.9860,13.6639,11.6122,10
2461127.849717,1.3337,-9.2471,20.4324,19.9860,13.6639,11.6122,10
2461127.866907,-11.0332,-2.9936,20.4324,19.9860,13.6639,11.6122,10
2461128.789127,24.9490,-21.4007,20.4324,19.9860,13.6639,11.6122,10
2461128.848187,14.8642,-13.1036,20.4324,19.9860,13.6639,11.6122,10
2461128.899707,-2.9428,-11.9245,20.4324,19.9860,13.6639,11.6122,10
2461129.826847,-5.0090,-4.2878,20.4324,19.9860,13.6639,11.6122,10
2461129.843387,4.4008,-9.0976,20.4324,19.9860,13.6639,11.6122,10
2461129.870917,15.7982,-8.5164,20.4324,19.9860,13.6639,11.6122,10
2461129.893257,2.1271,-17.6298,20.4324,19.9860,13.6639,11.6122,10
2461130.825747,24.6350,-19.2359,20.4324,19.9860,13.6639,11.6122,10
2461130.842707,-4.9183,-16.1805,20.4324,19.9860,13.6639,11.6122,10
2461130.860167,8.7724,-2.1508,20.4324,19.9860,13.6639,11.6122,10
2461130.907277,-1.8774,-10.9155,20.4324,19.9860,13.6639,11.6122,10
2461131.755267,-7.7294,2.2382,20.4324,19.9860,13.6639,11.6122,10
2461131.772117,-13.6228,-2.0072,20.4324,19.9860,13.6639,11.6122,10
2461131.817417,-12.8018,-0.2320,20.4324,19.9860,13.6639,11.6122,10
2461131.834477,-2.4850,-17.1069,20.4324,19.9860,13.6639,11.6122,10
2461131.851027,-2.3590,-1.8973,20.4324,19.9860,13.6639,11.6122,10
2461131.868047,4.0935,-23.7605,20.4324,19.9860,13.6639,11.6122,10
2461131.885157,-11.4434,-18.1922,20.4324,19.9860,13.6639,11.6122,10
2461132.820277,-13.8141,-16.2923,20.4324,19.9860,13.6639,11.6122,10
2461132.855127,5.9788,-25.6797,20.4324,19.9860,13.6639,11.6122,10
2461132.872987,-3.9866,-12.0406,20.4324,19.9860,13.6639,11.6122,10
2461132.916907,16.4106,-0.1999,20.4324,19.9860,13.6639,11.6122,10
2461133.851627,4.0976,-3.7470,20.4324,19.9860,13.6639,11.6122,10
2461133.868687,-4.6155,-17.9565,20.4324,19.9860,13.6639,11.6122,10
2461133.906507,-1.1076,5.5458,20.4324,19.9860,13.6639,11.6122,10
2461134.872897,-7.6369,-6.3067,20.4324,19.9860,13.6639,11.6122,10
2461134.908447,5.7866,3.6363,20.4324,19.9860,13.6639,11.6122,10
2461135.768377,20.9127,-7.6372,20.4324,19.9860,13.6639,11.6122,10
2461135.785327,11.1326,7.9659,20.4324,19.9860,13.6639,11.6122,10
2461135.877777,-13.3162,-10.8909,20.4324,19.9860,13.6639,11.6122,10
2461135.911097,-16.7110,-15.9921,20.4324,19.9860,13.6639,11.6122,10
2461136.750697,16.1169,4.9983,20.4324,19.9860,13.6639,11.6122,10
2461136.802727,7.4059,2.4396,20.4324,19.9860,13.6639,11.6122,10
2461136.819657,10.8846,-7.9377,20.4324,19.9860,13.6639,11.6122,10
2461136.899367,-8.4641,2.0878,20.4324,19.9860,13.6639,11.6122,10
2461137.738337,2.3178,-22.7515,20.4324,19.9860,13.6639,11.6122,10
2461137.807027,-7.7863,-12.9881,20.4324,19.9860,13.6639,11.6122,10
2461137.869817,-1.7054,-4.5204,20.4324,19.9860,13.6639,11.6122,10
2461137.889027,5.2493,2.4553,20.4324,19.9860,13.6639,11.6122,10
2461139.729517,-4.3691,-22.1604,20.4324,19.9860,13.6639,11.6122,10
2461139.832827,-10.5886,-19.8588,20.4324,19.9860,13.6639,11.6122,10
2461139.859977,-18.8422,-16.2809,20.4324,19.9860,13.6639,11.6122,10
2461139.879167,-11.7061,-10.0831,20.4324,19.9860,13.6639,11.6122,10
2461139.900277,-13.2603,-17.5500,20.4324,19.9860,13.6639,11.6122,10
2461140.749607,20.0961,-14.4388,20.4324,19.9860,13.6639,11.6122,10
2461140.766647,22.6156,-20.0962,20.4324,19.9860,13.6639,11.6122,10
2461140.800567,24.6288,3.3764,20.4324,19.9860,13.6639,11.6122,10
2461140.866277,-10.9373,-16.6145,20.4324,19.9860,13.6639,11.6122,10
2461141.778677,-4.6392,4.2211,20.4324,19.9860,13.6639,11.6122,10
2461141.842117,18.9042,-17.0046,20.4324,19.9860,13.6639,11.6122,10
2461141.896497,13.4178,-7.6911,20.4324,19.9860,13.6639,11.6122,10
2461142.721357,19.2391,-9.7631,20.4324,19.9860,13.6639,11.6122,10
2461142.754787,12.3476,-5.8022,20.4324,19.9860,13.6639,11.6122,10
2461142.773117,6.2333,-11.9945,20.4324,19.9860,13.6639,11.6122,10
2461142.789587,10.5972,-14.2519,20.4324,19.9860,13.6639,11.6122,10
2461142.806047,11.2094,-2.7290,20.4324,19.9860,13.6639,11.6122,10
2461142.822747,8.3055,-14.0414,20.4324,19.9860,13.6639,11.6122,10
2461142.865997,6.0294,-6.0866,20.4324,19.9860,13.6639,11.6122,10
2461142.882587,25.1458,-13.4991,20.4324,19.9860,13.6639,11.6122,10
2461142.899127,-5.6027,-5.5052,20.4324,19.9860,13.6639,11.6122,10
2461142.916087,0.4992,-3.6250,20.4324,19.9860,13.6639,11.6122,10
2461144.918227,13.6440,1.7022,20.4324,19.9860,13.6639,11.6122,10
2461145.765127,9.7303,2.8259,20.4324,19.9860,13.6639,11.6122,10
2461145.816557,24.5448,-4.2948,20.4324,19.9860,13.6639,11.6122,10
2461145.844617,0.7578,-7.9623,20.4324,19.9860,13.6639,11.6122,10
2461145.861587,-9.1281,-4.4783,20.4324,19.9860,13.6639,11.6122,10
2461145.896237,14.8518,-3.1423,20.4324,19.9860,13.6639,11.6122,10
2461146.771017,8.1767,-16.9766,20.4324,19.9860,13.6639,11.6122,10
2461146.792117,9.1748,-7.9470,20.4324,19.9860,13.6639,11.6122,10
2461146.853127,8.0457,-0.3976,20.4324,19.9860,13.6639,11.6122,10
2461146.869817,16.0191,-3.2616,20.4324,19.9860,13.6639,11.6122,10
2461147.828897,-9.2281,-13.8502,20.4324,19.9860,13.6639,11.6122,10
2461147.866457,4.5817,-8.7121,20.4324,19.9860,13.6639,11.6122,10
2461147.899407,-4.3412,-12.8581,20.4324,19.9860,13.6639,11.6122,10
2461147.921737,-2.5713,-13.6223,20.4324,19.9860,13.6639,11.6122,10
2461148.717447,-7.0898,-7.0022,20.4324,19.9860,13.6639,11.6122,10
2461148.765427,0.3663,1.6678,20.4324,19.9860,13.6639,11.6122,10
2461148.784227,-3.0226,-13.7158,20.4324,19.9860,13.6639,11.6122,10
2461148.801797,-9.4038,-12.5561,20.4324,19.9860,13.6639,11.6122,10
2461148.823107,-8.8510,-4.6671,20.4324,19.9860,13.6639,11.6122,10
2461148.828807,8.8216,-10.1375,20.4324,19.9860,13.6639,11.6122,10
2461148.845217,13.9283,-5.0313,20.4324,19.9860,13.6639,11.6122,10
2461148.873527,5.7353,-16.6005,20.4324,19.9860,13.6639,11.6122,10
2461148.890237,-10.6036,-6.0049,20.4324,19.9860,13.6639,11.6122,10
2461148.907337,5.4872,-10.8113,20.4324,19.9860,13.6639,11.6122,10
2461149.724017,-11.6039,-9.7105,20.4324,19.9860,13.6639,11.6122,10
2461149.741417,8.4628,-16.4010,20.4324,19.9860,13.6639,11.6122,10
2461149.776997,-9.1017,3.9190,20.4324,19.9860,13.6639,11.6122,10
2461149.814317,17.6160,-14.7678,20.4324,19.9860,13.6639,11.6122,10
2461149.845227,-2.3736,-7.6255,20.4324,19.9860,13.6639,11.6122,10
2461149.862327,-5.1942,-14.5712,20.4324,19.9860,13.6639,11.6122,10
2461149.879347,-9.4403,-10.8964,20.4324,19.9860,13.6639,11.6122,10
2461149.898137,-2.8185,-13.7003,20.4324,19.9860,13.6639,11.6122,10
2461149.915477,-8.7822,-13.4685,20.4324,19.9860,13.6639,11.6122,10
2461150.809687,14.9740,-8.3796,20.4324,19.9860,13.6639,11.6122,10
2461150.829557,4.7769,-10.4530,20.4324,19.9860,13.6639,11.6122,10
2461150.849007,16.9985,-1.3004,20.4324,19.9860,13.6639,11.6122,10
2461150.865677,-10.6300,-10.6298,20.4324,19.9860,13.6639,11.6122,10
2461150.882607,17.3670,-15.7559,20.4324,19.9860,13.6639,11.6122,10
2461150.912197,8.4731,-7.0478,20.4324,19.9860,13.6639,11.6122,10
2461151.821687,12.9793,-12.0135,20.4324,19.9860,13.6639,11.6122,10
2461151.890527,13.1802,-5.7172,20.4324,19.9860,13.6639,11.6122,10
2461152.746957,25.1954,-3.9481,20.4324,19.9860,13.6639,11.6122,10
2461152.763887,21.9248,-11.5922,20.4324,19.9860,13.6639,11.6122,10
2461152.781277,-13.7718,-8.4055,20.4324,19.9860,13.6639,11.6122,10
2461152.798967,25.3181,-1.9542,20.4324,19.9860,13.6639,11.6122,10
2461152.859827,23.5590,1.3187,20.4324,19.9860,13.6639,11.6122,10
2461152.862687,-1.4456,3.1077,20.4324,19.9860,13.6639,11.6122,10
2461152.879807,-9.7734,-10.3182,20.4324,19.9860,13.6639,11.6122,10
2461152.913077,-7.0984,-6.2903,20.4324,19.9860,13.6639,11.6122,10
2461153.697717,-4.4003,-13.5154,20.4324,19.9860,13.6639,11.6122,10
2461153.715787,21.6381,-16.0789,20.4324,19.9860,13.6639,11.6122,10
2461153.734067,17.1208,-17.8054,20.4324,19.9860,13.6639,11.6122,10
2461153.750827,5.8160,-12.0443,20.4324,19.9860,13.6639,11.6122,10
2461153.834587,-2.1799,-10.8629,20.4324,19.9860,13.6639,11.6122,10
2461153.851497,0.2973,-13.2712,20.4324,19.9860,13.6639,11.6122,10
2461153.881997,4.2922,-1.2988,20.4324,19.9860,13.6639,11.6122,10
2461153.899327,1.7807,-4.7016,20.4324,19.9860,13.6639,11.6122,10
2461153.916597,-4.5467,-5.2263,20.4324,19.9860,13.6639,11.6122,10
2461154.692617,15.2005,-12.9242,20.4324,19.9860,13.6639,11.6122,10
2461154.707997,-4.7308,-18.0283,20.4324,19.9860,13.6639,11.6122,10
2461154.808597,-17.3103,-14.4997,20.4324,19.9860,13.6639,11.6122,10
2461154.854267,-15.6614,-14.4191,20.4324,19.9860,13.6639,11.6122,10
2461154.871957,-4.2579,2.2292,20.4324,19.9860,13.6639,11.6122,10
2461154.896997,7.4785,-5.7735,20.4324,19.9860,13.6639,11.6122,10
2461155.735307,23.5948,-11.4705,20.4324,19.9860,13.6639,11.6122,10
2461155.752267,8.4036,-8.5660,20.4324,19.9860,13.6639,11.6122,10
2461155.781207,-6.6156,-7.6016,20.4324,19.9860,13.6639,11.6122,10
2461155.798267,-1.5490,-2.7948,20.4324,19.9860,13.6639,11.6122,10
2461156.759297,4.4041,5.3015,20.4324,19.9860,13.6639,11.6122,10
2461156.776107,9.6914,-2.7315,20.4324,19.9860,13.6639,11.6122,10
2461156.839047,-17.4833,-12.2937,20.4324,19.9860,13.6639,11.6122,10
2461156.856017,5.3713,-18.8068,20.4324,19.9860,13.6639,11.6122,10
2461156.874187,-3.0453,-2.3549,20.4324,19.9860,13.6639,11.6122,10
2461156.891267,3.3500,-11.5068,20.4324,19.9860,13.6639,11.6122,10
2461156.909477,-6.0095,-5.3629,20.4324,19.9860,13.6639,11.6122,10
2461157.690697,-9.0477,-19.6826,20.4324,19.9860,13.6639,11.6122,10
2461157.707517,7.4776,-7.4968,20.4324,19.9860,13.6639,11.6122,10
2461157.745227,6.6029,-5.2913,20.4324,19.9860,13.6639,11.6122,10
2461157.790627,0.7020,-4.5969,20.4324,19.9860,13.6639,11.6122,10
2461157.808687,-5.2652,-0.4874,20.4324,19.9860,13.6639,11.6122,10
2461157.827367,2.5025,-5.9583,20.4324,19.9860,13.6639,11.6122,10
2461157.844167,11.3184,-2.0101,20.4324,19.9860,13.6639,11.6122,10
2461157.862787,6.1599,-5.9185,20.4324,19.9860,13.6639,11.6122,10
2461157.909177,11.6708,1.6022,20.4324,19.9860,13.6639,11.6122,10
2461158.719247,-6.5843,-13.1796,20.4324,19.9860,13.6639,11.6122,10
2461158.755177,-0.9278,-8.4621,20.4324,19.9860,13.6639,11.6122,10
2461158.902297,-4.9175,-9.2484,20.4324,19.9860,13.6639,11.6122,10
2461159.679777,1.0587,5.3760,20.4324,19.9860,13.6639,11.6122,10
2461159.697257,10.3918,4.8749,20.4324,19.9860,13.6639,11.6122,10
2461159.724267,-3.5797,-10.4730,20.4324,19.9860,13.6639,11.6122,10
2461159.741267,6.1191,-0.2460,20.4324,19.9860,13.6639,11.6122,10
2461159.775077,-7.2790,-11.4626,20.4324,19.9860,13.6639,11.6122,10
2461159.794947,-8.9828,-7.4530,20.4324,19.9860,13.6639,11.6122,10
2461159.839247,-12.4676,-7.7900,20.4324,19.9860,13.6639,11.6122,10
2461159.857827,11.2118,7.2996,20.4324,19.9860,13.6639,11.6122,10
2461159.894447,2.1012,-6.9014,20.4324,19.9860,13.6639,11.6122,10
2461160.674247,-8.0242,-17.1773,20.4324,19.9860,13.6639,11.6122,10
2461160.728417,-11.4168,-5.3500,20.4324,19.9860,13.6639,11.6122,10
2461160.776227,8.9004,-7.6640,20.4324,19.9860,13.6639,11.6122,10
2461160.792897,3.0063,-14.0525,20.4324,19.9860,13.6639,11.6122,10
2461160.811337,-1.6643,-5.5283,20.4324,19.9860,13.6639,11.6122,10
2461160.831917,-8.4129,-10.0904,20.4324,19.9860,13.6639,11.6122,10
2461160.858887,-12.0074,-11.0908,20.4324,19.9860,13.6639,11.6122,10
2461160.875947,-13.3147,-9.3449,20.4324,19.9860,13.6639,11.6122,10
2461160.927997,1.9966,4.5421,20.4324,19.9860,13.6639,11.6122,10
2461161.694557,-6.5211,-21.3166,20.4324,19.9860,13.6639,11.6122,10
2461161.728537,9.2785,-16.7571,20.4324,19.9860,13.6639,11.6122,10
2461161.747127,-7.3628,-7.4021,20.4324,19.9860,13.6639,11.6122,10
2461161.790437,-9.4766,-14.7181,20.4324,19.9860,13.6639,11.6122,10
2461161.807477,-1.8391,-15.8396,20.4324,19.9860,13.6639,11.6122,10
2461161.825257,-9.4211,-14.7914,20.4324,19.9860,13.6639,11.6122,10
2461161.889237,-6.2860,-12.1100,20.4324,19.9860,13.6639,11.6122,10
2461161.908957,-8.9044,-16.1528,20.4324,19.9860,13.6639,11.6122,10
2461162.667677,9.2363,-2.2614,20.4324,19.9860,13.6639,11.6122,10
2461162.733747,-5.6420,-16.6885,20.4324,19.9860,13.6639,11.6122,10
2461162.795127,3.0178,-13.3184,20.4324,19.9860,13.6639,11.6122,10
2461162.867627,-9.4354,-11.9703,20.4324,19.9860,13.6639,11.6122,10
2461162.932417,-5.1700,-13.9754,20.4324,19.9860,13.6639,11.6122,10
2461163.817037,-13.6107,5.3939,20.4324,19.9860,13.6639,11.6122,10
2461163.855137,11.1389,6.1608,20.4324,19.9860,13.6639,11.6122,10
2461163.891357,10.4382,4.3315,20.4324,19.9860,13.6639,11.6122,10
2461164.687877,-5.9748,-17.9359,20.4324,19.9860,13.6639,11.6122,10
2461164.831167,6.8087,-12.6075,20.4324,19.9860,13.6639,11.6122,10
2461164.848477,12.1651,5.1408,20.4324,19.9860,13.6639,11.6122,10
2461164.900127,9.1528,4.7705,20.4324,19.9860,13.6639,11.6122,10
2461168.736557,11.8739,-14.6030,20.4324,19.9860,13.6639,11.6122,10
2461168.787587,18.6086,6.2012,20.4324,19.9860,13.6639,11.6122,10
2461169.695067,-19.2185,-4.8362,20.4324,19.9860,13.6639,11.6122,10
2461169.755707,14.7932,0.8427,20.4324,19.9860,13.6639,11.6122,10
2461169.882367,-11.8732,3.3366,20.4324,19.9860,13.6639,11.6122,10
2461169.885407,3.7536,-0.2463,20.4324,19.9860,13.6639,11.6122,10
2461170.669467,15.3656,-9.4564,20.4324,19.9860,13.6639,11.6122,10
2461170.772967,23.0532,7.6510,20.4324,19.9860,13.6639,11.6122,10
2461170.792027,15.0064,-5.0816,20.4324,19.9860,13.6639,11.6122,10
2461170.821287,10.9140,-3.9154,20.4324,19.9860,13.6639,11.6122,10
2461170.849027,16.9539,-3.3566,20.4324,19.9860,13.6639,11.6122,10
2461170.882747,9.8376,-3.2391,20.4324,19.9860,13.6639,11.6122,10
2461170.902777,11.6625,6.3465,20.4324,19.9860,13.6639,11.6122,10
2461170.920197,-4.9555,-4.4641,20.4324,19.9860,13.6639,11.6122,10
2461171.671937,1.1924,-2.3329,20.4324,19.9860,13.6639,11.6122,10
2461171.733377,19.7806,1.4031,20.4324,19.9860,13.6639,11.6122,10
2461171.766817,0.7526,-4.8043,20.4324,19.9860,13.6639,11.6122,10
2461171.784067,5.2562,-0.9527,20.4324,19.9860,13.6639,11.6122,10
2461171.827817,20.8519,-0.8646,20.4324,19.9860,13.6639,11.6122,10
2461171.844287,11.9336,-2.7282,20.4324,19.9860,13.6639,11.6122,10
2461171.864097,1.9926,4.1956,20.4324,19.9860,13.6639,11.6122,10
2461171.881957,20.7127,-10.7714,20.4324,19.9860,13.6639,11.6122,10
2461171.898587,-6.7967,6.1142,20.4324,19.9860,13.6639,11.6122,10
2461171.915307,17.0012,-0.2258,20.4324,19.9860,13.6639,11.6122,10
2461172.651107,-12.3925,-10.7034,20.4324,19.9860,13.6639,11.6122,10
2461172.684347,4.9225,3.0731,20.4324,19.9860,13.6639,11.6122,10
2461172.753047,7.9221,-4.9186,20.4324,19.9860,13.6639,11.6122,10
2461172.771517,10.3068,2.4001,20.4324,19.9860,13.6639,11.6122,10
2461172.788627,24.8621,6.4748,20.4324,19.9860,13.6639,11.6122,10
2461172.805847,3.9846,-6.0014,20.4324,19.9860,13.6639,11.6122,10
2461172.822337,-3.9469,-3.4144,20.4324,19.9860,13.6639,11.6122,10
2461172.853467,4.7781,-3.1948,20.4324,19.9860,13.6639,11.6122,10
2461173.660687,15.2068,-5.9885,20.4324,19.9860,13.6639,11.6122,10
2461173.695207,9.0272,-0.8753,20.4324,19.9860,13.6639,11.6122,10
2461173.756207,-3.7708,-3.3860,20.4324,19.9860,13.6639,11.6122,10
2461173.791427,-3.6190,-8.3545,20.4324,19.9860,13.6639,11.6122,10
2461173.827207,-3.9052,-5.8685,20.4324,19.9860,13.6639,11.6122,10
2461173.844367,16.4862,-5.6712,20.4324,19.9860,13.6639,11.6122,10
2461173.876097,12.6509,5.0498,20.4324,19.9860,13.6639,11.6122,10
2461173.893247,-13.5554,-0.9307,20.4324,19.9860,13.6639,11.6122,10
2461173.910247,7.7000,-3.5134,20.4324,19.9860,13.6639,11.6122,10
2461173.927997,1.1848,4.7333,20.4324,19.9860,13.6639,11.6122,10
2461174.654967,17.0539,-2.8778,20.4324,19.9860,13.6639,11.6122,10
2461174.690457,17.3737,11.0324,20.4324,19.9860,13.6639,11.6122,10
2461174.708047,-2.9079,1.8885,20.4324,19.9860,13.6639,11.6122,10
2461174.757757,-11.4648,1.3855,20.4324,19.9860,13.6639,11.6122,10
2461174.774917,-12.5134,-6.9720,20.4324,19.9860,13.6639,11.6122,10
2461174.809167,-4.6602,-9.3451,20.4324,19.9860,13.6639,11.6122,10
2461174.826287,1.6171,-8.2948,20.4324,19.9860,13.6639,11.6122,10
2461174.854857,8.0912,-8.1962,20.4324,19.9860,13.6639,11.6122,10
2461174.871847,5.7969,4.8110,20.4324,19.9860,13.6639,11.6122,10
2461175.636817,16.2942,-13.3397,20.4324,19.9860,13.6639,11.6122,10
2461175.678457,2.9596,-17.7881,20.4324,19.9860,13.6639,11.6122,10
2461175.695407,-1.9675,-10.5402,20.4324,19.9860,13.6639,11.6122,10
2461175.743947,5.4559,-9.9824,20.4324,19.9860,13.6639,11.6122,10
2461175.760797,-13.8898,-15.3574,20.4324,19.9860,13.6639,11.6122,10
2461175.777667,-6.8421,-12.1391,20.4324,19.9860,13.6639,11.6122,10
2461175.794197,-15.5025,-13.8187,20.4324,19.9860,13.6639,11.6122,10
2461176.653857,13.6623,-4.5428,20.4324,19.9860,13.6639,11.6122,10
2461176.687757,-11.0217,4.5320,20.4324,19.9860,13.6639,11.6122,10
2461177.632687,28.5034,-4.5206,20.4324,19.9860,13.6639,11.6122,10
2461177.649897,-6.4876,-1.0617,20.4324,19.9860,13.6639,11.6122,10
2461177.684177,-0.3718,6.5776,20.4324,19.9860,13.6639,11.6122,10
2461177.711447,15.9360,8.1075,20.4324,19.9860,13.6639,11.6122,10
2461177.728217,-8.8668,-2.2270,20.4324,19.9860,13.6639,11.6122,10
2461177.732417,5.7126,-4.8871,20.4324,19.9860,13.6639,11.6122,10
2461177.826737,12.9927,-12.2013,20.4324,19.9860,13.6639,11.6122,10
2461177.860187,-7.4005,-0.0994,20.4324,19.9860,13.6639,11.6122,10
2461177.893507,-13.2637,10.5861,20.4324,19.9860,13.6639,11.6122,10
2461177.922827,-3.4085,9.4587,20.4324,19.9860,13.6639,11.6122,10
2461178.632997,13.4023,-17.1152,20.4324,19.9860,13.6639,11.6122,10
2461178.649617,-6.4491,-18.5828,20.4324,19.9860,13.6639,11.6122,10
2461178.679477,-2.4008,-12.4159,20.4324,19.9860,13.6639,11.6122,10
2461178.716407,10.8021,-5.0183,20.4324,19.9860,13.6639,11.6122,10
2461178.780887,-0.7922,0.7304,20.4324,19.9860,13.6639,11.6122,10
2461178.852037,-6.1635,-3.9605,20.4324,19.9860,13.6639,11.6122,10
2461178.880957,-8.9444,-9.1162,20.4324,19.9860,13.6639,11.6122,10
2461178.908577,-8.9137,1.7857,20.4324,19.9860,13.6639,11.6122,10
2461178.925177,9.8235,5.8300,20.4324,19.9860,13.6639,11.6122,10
2461179.660937,7.5182,11.4358,20.4324,19.9860,13.6639,11.6122,10
2461179.677957,15.8177,-6.5915,20.4324,19.9860,13.6639,11.6122,10
2461179.694487,21.9606,-3.0649,20.4324,19.9860,13.6639,11.6122,10
2461179.727397,18.1506,2.0864,20.4324,19.9860,13.6639,11.6122,10
2461179.754497,6.8311,3.3938,20.4324,19.9860,13.6639,11.6122,10
2461179.757197,11.5933,0.1819,20.4324,19.9860,13.6639,11.6122,10
2461179.773947,21.0425,10.3372,20.4324,19.9860,13.6639,11.6122,10
2461179.790567,12.4026,6.9536,20.4324,19.9860,13.6639,11.6122,10
2461179.807577,-6.2392,-8.3303,20.4324,19.9860,13.6639,11.6122,10
2461180.643227,-11.9881,-5.0108,20.4324,19.9860,13.6639,11.6122,10
2461180.665587,2.1163,-17.4116,20.4324,19.9860,13.6639,11.6122,10
2461180.702297,14.0661,-6.3216,20.4324,19.9860,13.6639,11.6122,10
2461180.717627,-13.9275,6.4730,20.4324,19.9860,13.6639,11.6122,10
2461180.761727,-10.2892,-9.5902,20.4324,19.9860,13.6639,11.6122,10
2461180.778787,-14.4699,-5.2772,20.4324,19.9860,13.6639,11.6122,10
2461180.796767,-2.0818,-7.0357,20.4324,19.9860,13.6639,11.6122,10
2461180.845377,-6.6791,11.4556,20.4324,19.9860,13.6639,11.6122,10
2461180.861737,-17.7152,-8.3885,20.4324,19.9860,13.6639,11.6122,10
2461181.801407,-0.0887,11.1602,20.4324,19.9860,13.6639,11.6122,10
2461181.878217,14.2113,10.4146,20.4324,19.9860,13.6639,11.6122,10
2461181.925787,11.9667,2.1275,20.4324,19.9860,13.6639,11.6122,10
2461182.684977,18.0778,-12.9089,20.4324,19.9860,13.6639,11.6122,10
2461182.705857,16.5848,2.9811,20.4324,19.9860,13.6639,11.6122,10
2461182.767687,-5.2920,-13.4602,20.4324,19.9860,13.6639,11.6122,10
2461182.804047,2.2231,-3.5454,20.4324,19.9860,13.6639,11.6122,10
2461182.820857,1.6478,-13.8136,20.4324,19.9860,13.6639,11.6122,10
2461182.838207,-13.4398,1.3158,20.4324,19.9860,13.6639,11.6122,10
2461182.854997,-4.1365,-4.2242,20.4324,19.9860,13.6639,11.6122,10
2461182.882307,-5.3307,-4.4164,20.4324,19.9860,13.6639,11.6122,10
2461182.929827,4.2919,-3.7700,20.4324,19.9860,13.6639,11.6122,10
2461183.618407,0.6458,-11.4504,20.4324,19.9860,13.6639,11.6122,10
2461183.666007,12.8699,-2.1337,20.4324,19.9860,13.6639,11.6122,10
2461183.720177,11.3919,4.3176,20.4324,19.9860,13.6639,11.6122,10
2461183.747727,-6.8584,-10.2460,20.4324,19.9860,13.6639,11.6122,10
2461183.803307,4.6874,-3.5439,20.4324,19.9860,13.6639,11.6122,10
2461183.819647,5.8516,-1.6097,20.4324,19.9860,13.6639,11.6122,10
2461183.848747,-7.1686,-0.0002,20.4324,19.9860,13.6639,11.6122,10
2461183.870127,8.2642,9.4953,20.4324,19.9860,13.6639,11.6122,10
2461183.905237,17.2495,-3.1548,20.4324,19.9860,13.6639,11.6122,10
2461183.921847,-7.3330,-8.8171,20.4324,19.9860,13.6639,11.6122,10
2461184.668467,25.8350,6.0748,20.4324,19.9860,13.6639,11.6122,10
2461184.702547,9.8461,-15.5619,20.4324,19.9860,13.6639,11.6122,10
2461184.769677,-8.5589,-0.1412,20.4324,19.9860,13.6639,11.6122,10
2461184.850107,-6.3663,-4.6160,20.4324,19.9860,13.6639,11.6122,10
2461185.624187,18.8348,-0.4775,20.4324,19.9860,13.6639,11.6122,10
2461185.674597,18.4319,-7.9734,20.4324,19.9860,13.6639,11.6122,10
2461185.757697,15.6643,7.7089,20.4324,19.9860,13.6639,11.6122,10
2461185.774377,11.8983,12.7565,20.4324,19.9860,13.6639,11.6122,10
2461185.852767,-1.8797,-6.8741,20.4324,19.9860,13.6639,11.6122,10
2461185.869157,12.6442,5.4449,20.4324,19.9860,13.6639,11.6122,10
2461186.716647,14.0476,-8.4292,20.4324,19.9860,13.6639,11.6122,10
2461186.750867,20.0081,-5.7829,20.4324,19.9860,13.6639,11.6122,10
2461186.794667,6.4511,-4.4452,20.4324,19.9860,13.6639,11.6122,10
2461186.813007,17.8219,6.0319,20.4324,19.9860,13.6639,11.6122,10
2461186.829757,27.2983,13.0542,20.4324,19.9860,13.6639,11.6122,10
2461186.918057,7.1942,-8.3147,20.4324,19.9860,13.6639,11.6122,10
2461187.613767,22.8687,-8.5943,20.4324,19.9860,13.6639,11.6122,10
2461187.675797,26.5097,-1.0353,20.4324,19.9860,13.6639,11.6122,10
2461187.743007,3.5599,-3.3370,20.4324,19.9860,13.6639,11.6122,10
2461187.771717,-5.3760,-4.8525,20.4324,19.9860,13.6639,11.6122,10
2461187.788997,-6.5620,-5.1726,20.4324,19.9860,13.6639,11.6122,10
2461187.823167,22.8087,5.3621,20.4324,19.9860,13.6639,11.6122,10
2461187.868617,2.8785,1.1248,20.4324,19.9860,13.6639,11.6122,10
2461187.885167,14.7094,2.0621,20.4324,19.9860,13.6639,11.6122,10
2461187.918717,12.2781,11.4713,20.4324,19.9860,13.6639,11.6122,10
2461188.631947,3.0253,-17.0394,20.4324,19.9860,13.6639,11.6122,10
2461188.648777,12.2599,-9.1986,20.4324,19.9860,13.6639,11.6122,10
2461188.729477,-0.0822,-7.2571,20.4324,19.9860,13.6639,11.6122,10
2461188.804587,13.8067,13.0799,20.4324,19.9860,13.6639,11.6122,10
2461188.821607,-6.0264,2.2795,20.4324,19.9860,13.6639,11.6122,10
2461188.882467,20.5458,5.5485,20.4324,19.9860,13.6639,11.6122,10
2461188.904697,-4.5315,13.2543,20.4324,19.9860,13.6639,11.6122,10
2461188.917337,1.7768,-2.9899,20.4324,19.9860,13.6639,11.6122,10
2461189.654257,10.5030,-5.8714,20.4324,19.9860,13.6639,11.6122,10
2461189.670607,18.6840,3.9162,20.4324,19.9860,13.6639,11.6122,10
2461189.687477,14.4367,-16.2727,20.4324,19.9860,13.6639,11.6122,10
2461189.731347,16.2344,-8.8608,20.4324,19.9860,13.6639,11.6122,10
2461189.748267,4.4040,-16.0528,20.4324,19.9860,13.6639,11.6122,10
2461189.768997,9.3719,-17.0006,20.4324,19.9860,13.6639,11.6122,10
2461189.835607,3.5307,-21.3156,20.4324,19.9860,13.6639,11.6122,10
2461189.852357,-10.6079,14.1161,20.4324,19.9860,13.6639,11.6122,10
2461189.907127,-14.0818,2.8335,20.4324,19.9860,13.6639,11.6122,10
2461190.752157,-2.2089,2.9542,20.4324,19.9860,13.6639,11.6122,10
2461190.771027,-13.7553,-10.3770,20.4324,19.9860,13.6639,11.6122,10
2461190.817527,-11.4169,-1.6589,20.4324,19.9860,13.6639,11.6122,10
2461190.868717,-0.8670,-2.3539,20.4324,19.9860,13.6639,11.6122,10
2461190.913987,13.8298,0.7061,20.4324,19.9860,13.6639,11.6122,10
2461191.634157,18.9077,-11.0079,20.4324,19.9860,13.6639,11.6122,10
2461191.739017,2.1832,-8.7777,20.4324,19.9860,13.6639,11.6122,10
2461194.737687,-8.8128,-21.5322,20.4324,19.9860,13.6639,11.6122,10
2461194.756407,-10.6507,-5.9882,20.4324,19.9860,13.6639,11.6122,10
2461196.595527,31.9422,-0.0825,20.4324,19.9860,13.6639,11.6122,10
2461196.670227,25.2383,0.5850,20.4324,19.9860,13.6639,11.6122,10
2461196.697847,9.9853,-12.5948,20.4324,19.9860,13.6639,11.6122,10
2461196.715217,19.6075,6.9129,20.4324,19.9860,13.6639,11.6122,10
2461196.732657,3.4443,-2.0431,20.4324,19.9860,13.6639,11.6122,10
2461196.766867,20.2717,4.0827,20.4324,19.9860,13.6639,11.6122,10
2461196.798107,5.4205,9.4331,20.4324,19.9860,13.6639,11.6122,10
2461196.814767,21.4336,7.7689,20.4324,19.9860,13.6639,11.6122,10
2461197.833337,11.2727,2.9796,20.4324,19.9860,13.6639,11.6122,10
2461198.625257,-5.4874,-24.0607,20.4324,19.9860,13.6639,11.6122,10
2461198.660187,32.5657,-11.6002,20.4324,19.9860,13.6639,11.6122,10
2461198.678237,-4.2243,-13.6215,20.4324,19.9860,13.6639,11.6122,10
2461198.723067,-6.2617,-1.0867,20.4324,19.9860,13.6639,11.6122,10
2461198.757397,1.2348,7.3182,20.4324,19.9860,13.6639,11.6122,10
2461198.774187,9.4240,10.8530,20.4324,19.9860,13.6639,11.6122,10
2461199.621067,8.6522,-2.7883,20.4324,19.9860,13.6639,11.6122,10
2461199.654547,-18.5616,5.2771,20.4324,19.9860,13.6639,11.6122,10
2461199.671357,28.7051,6.6779,20.4324,19.9860,13.6639,11.6122,10
2461199.690467,16.4495,7.3047,20.4324,19.9860,13.6639,11.6122,10
2461199.717687,8.2717,-11.0241,20.4324,19.9860,13.6639,11.6122,10
2461199.735027,7.7850,6.0607,20.4324,19.9860,13.6639,11.6122,10
2461199.886447,9.8608,12.8487,20.4324,19.9860,13.6639,11.6122,10
2461200.647747,6.5370,-7.7016,20.4324,19.9860,13.6639,11.6122,10
2461202.659997,-9.0100,0.9806,20.4324,19.9860,13.6639,11.6122,10
2461202.687797,-1.1024,-4.0416,20.4324,19.9860,13.6639,11.6122,10
2461202.704417,24.8571,9.2817,20.4324,19.9860,13.6639,11.6122,10
2461202.738407,2.1032,-23.9226,20.4324,19.9860,13.6639,11.6122,10
2461202.803727,26.5414,13.6125,20.4324,19.9860,13.6639,11.6122,10
2461202.820387,22.7182,12.8085,20.4324,19.9860,13.6639,11.6122,10
2461203.586977,30.1105,14.4283,20.4324,19.9860,13.6639,11.6122,10
2461203.624747,0.5007,9.4023,20.4324,19.9860,13.6639,11.6122,10
2461203.698037,11.7848,14.9822,20.4324,19.9860,13.6639,11.6122,10
2461203.734257,1.3167,2.5080,20.4324,19.9860,13.6639,11.6122,10
2461203.753817,-24.8096,0.9022,20.4324,19.9860,13.6639,11.6122,10
2461203.756657,-14.1988,-2.0172,20.4324,19.9860,13.6639,11.6122,10
2461203.785967,-10.2510,-20.5876,20.4324,19.9860,13.6639,11.6122,10
2461203.822337,-8.8222,-13.8746,20.4324,19.9860,13.6639,11.6122,10
2461203.857967,30.5961,8.7729,20.4324,19.9860,13.6639,11.6122,10
2461203.885727,-9.6013,-15.2214,20.4324,19.9860,13.6639,11.6122,10
2461204.586797,-24.7186,-4.6612,20.4324,19.9860,13.6639,11.6122,10
2461204.603157,-12.8593,-4.2783,20.4324,19.9860,13.6639,11.6122,10
2461204.620177,-2.1008,10.1914,20.4324,19.9860,13.6639,11.6122,10
2461204.636827,4.9642,-12.1695,20.4324,19.9860,13.6639,11.6122,10
2461204.668797,-15.8049,-24.0628,20.4324,19.9860,13.6639,11.6122,10
2461204.686127,1.4721,-11.0898,20.4324,19.9860,13.6639,11.6122,10
2461204.714007,-6.4454,-8.0736,20.4324,19.9860,13.6639,11.6122,10
2461204.732067,-8.6427,-5.6779,20.4324,19.9860,13.6639,11.6122,10
2461204.778247,11.4101,-14.9990,20.4324,19.9860,13.6639,11.6122,10
2461204.853767,-13.5806,5.7421,20.4324,19.9860,13.6639,11.6122,10
2461204.881167,-10.7521,-9.9456,20.4324,19.9860,13.6639,11.6122,10
2461205.556517,1.5565,11.3920,20.4324,19.9860,13.6639,11.6122,10
2461205.577977,-0.0785,-15.1850,20.4324,19.9860,13.6639,11.6122,10
2461205.594837,9.7426,-3.9022,20.4324,19.9860,13.6639,11.6122,10
2461205.617277,21.5958,-25.7165,20.4324,19.9860,13.6639,11.6122,10
2461205.635467,15.3843,-31.9401,20.4324,19.9860,13.6639,11.6122,10
2461205.662407,12.6272,-13.4584,20.4324,19.9860,13.6639,11.6122,10
2461205.681017,5.4892,-20.8759,20.4324,19.9860,13.6639,11.6122,10
2461205.699617,4.5271,-11.8316,20.4324,19.9860,13.6639,11.6122,10
2461205.716397,-21.2650,1.5621,20.4324,19.9860,13.6639,11.6122,10
2461206.664657,18.4394,-6.5726,20.4324,19.9860,13.6639,11.6122,10
2461210.793587,-7.8388,-30.1897,20.4324,19.9860,13.6639,11.6122,10
2461211.544027,-13.8908,-22.7817,20.4324,19.9860,13.6639,11.6122,10
2461211.581427,-10.1497,-36.2460,20.4324,19.9860,13.6639,11.6122,10
2461211.598197,35.7624,-8.6691,20.4324,19.9860,13.6639,11.6122,10
2461211.625817,15.3045,-3.5339,20.4324,19.9860,13.6639,11.6122,10
2461211.659427,4.8182,-11.7913,20.4324,19.9860,13.6639,11.6122,10
2461211.677627,-14.5672,-19.8230,20.4324,19.9860,13.6639,11.6122,10
2461211.727267,-2.2243,-9.3780,20.4324,19.9860,13.6639,11.6122,10
2461211.747187,-6.8645,-4.6579,20.4324,19.9860,13.6639,11.6122,10
2461211.765797,29.1625,-7.1982,20.4324,19.9860,13.6639,11.6122,10
2461211.787257,-23.6534,-18.7410,20.4324,19.9860,13.6639,11.6122,10
2461211.804027,4.3955,-15.5872,20.4324,19.9860,13.6639,11.6122,10
2461211.849397,4.3356,-9.9802,20.4324,19.9860,13.6639,11.6122,10
2461212.855447,19.2981,-13.8409,20.4324,19.9860,13.6639,11.6122,10
2461213.559767,-4.2357,-8.0767,20.4324,19.9860,13.6639,11.6122,10
2461213.620277,41.2401,-11.4822,20.4324,19.9860,13.6639,11.6122,10
2461213.641837,40.9009,-19.5301,20.4324,19.9860,13.6639,11.6122,10
2461213.658347,22.4550,-10.3091,20.4324,19.9860,13.6639,11.6122,10
2461213.737467,37.9672,-12.9439,20.4324,19.9860,13.6639,11.6122,10
2461214.626997,11.2653,-15.1485,20.4324,19.9860,13.6639,11.6122,10
2461214.724737,-18.3957,-29.7166,20.4324,19.9860,13.6639,11.6122,10
2461214.762437,14.6403,-26.0035,20.4324,19.9860,13.6639,11.6122,10
2461214.779667,19.5962,-28.9390,20.4324,19.9860,13.6639,11.6122,10
2461214.846627,-7.4038,-5.6839,20.4324,19.9860,13.6639,11.6122,10
2461215.583087,-7.9654,-25.1995,20.4324,19.9860,13.6639,11.6122,10
2461215.600427,-13.1257,-12.8718,20.4324,19.9860,13.6639,11.6122,10
2461215.634647,-6.0754,-26.5097,20.4324,19.9860,13.6639,11.6122,10
2461215.681477,-6.1684,-23.5792,20.4324,19.9860,13.6639,11.6122,10
2461215.700447,-6.7144,-24.5193,20.4324,19.9860,13.6639,11.6122,10
2461215.717637,-14.2268,-18.4494,20.4324,19.9860,13.6639,11.6122,10
2461215.840057,-3.0745,-14.7270,20.4324,19.9860,13.6639,11.6122,10
2461215.847277,2.1398,1.2566,20.4324,19.9860,13.6639,11.6122,10
2461216.530457,-15.5804,-15.1524,20.4324,19.9860,13.6639,11.6122,10
2461216.578027,1.6556,-10.2154,20.4324,19.9860,13.6639,11.6122,10
2461216.627907,21.4551,4.6248,20.4324,19.9860,13.6639,11.6122,10
2461216.656397,4.5139,-26.1543,20.4324,19.9860,13.6639,11.6122,10
2461216.672927,0.8705,-3.5760,20.4324,19.9860,13.6639,11.6122,10
2461216.689337,2.0209,-8.4462,20.4324,19.9860,13.6639,11.6122,10
2461216.705997,-20.8061,-28.5104,20.4324,19.9860,13.6639,11.6122,10
2461216.722827,1.5531,-7.4750,20.4324,19.9860,13.6639,11.6122,10
2461216.749847,0.8708,-10.1875,20.4324,19.9860,13.6639,11.6122,10
2461216.803257,9.5921,-0.1136,20.4324,19.9860,13.6639,11.6122,10
2461216.844277,20.9625,-3.9100,20.4324,19.9860,13.6639,11.6122,10
2461217.628197,30.0682,-19.1621,20.4324,19.9860,13.6639,11.6122,10
2461217.661717,-1.5092,-9.2530,20.4324,19.9860,13.6639,11.6122,10
2461217.678127,-1.1719,-9.2269,20.4324,19.9860,13.6639,11.6122,10
2461217.700527,8.6213,-7.8941,20.4324,19.9860,13.6639,11.6122,10
2461217.727887,5.1405,-5.5129,20.4324,19.9860,13.6639,11.6122,10
2461217.746027,-5.5562,-0.9749,20.4324,19.9860,13.6639,11.6122,10
2461217.781247,-0.3570,15.1748,20.4324,19.9860,13.6639,11.6122,10
2461217.828547,20.7319,9.0603,20.4324,19.9860,13.6639,11.6122,10
2461218.640137,1.4149,-20.5094,20.4324,19.9860,13.6639,11.6122,10
2461218.657017,-9.3718,-6.5988,20.4324,19.9860,13.6639,11.6122,10
2461218.673297,0.5662,-2.6969,20.4324,19.9860,13.6639,11.6122,10
2461218.701547,8.3375,-8.3485,20.4324,19.9860,13.6639,11.6122,10
2461218.735877,-19.4430,-11.1027,20.4324,19.9860,13.6639,11.6122,10
2461218.752597,-6.9829,-7.6507,20.4324,19.9860,13.6639,11.6122,10
2461218.819467,12.4413,-24.7331,20.4324,19.9860,13.6639,11.6122,10
2461222.627427,6.8722,-22.0952,20.4324,19.9860,13.6639,11.6122,10
2461222.726217,1.0041,-21.0348,20.4324,19.9860,13.6639,11.6122,10
2461222.743167,7.4786,8.3280,20.4324,19.9860,13.6639,11.6122,10
2461222.759897,1.0156,-8.7980,20.4324,19.9860,13.6639,11.6122,10
2461222.803557,-11.2831,8.5564,20.4324,19.9860,13.6639,11.6122,10
2461222.820577,37.9525,7.9350,20.4324,19.9860,13.6639,11.6122,10
2461222.829367,18.4926,17.1151,20.4324,19.9860,13.6639,11.6122,10
2461223.499347,-12.2552,1.8729,20.4324,19.9860,13.6639,11.6122,10
2461223.534107,21.1721,-16.5903,20.4324,19.9860,13.6639,11.6122,10
2461223.565517,-29.3668,-9.8308,20.4324,19.9860,13.6639,11.6122,10
2461223.683707,15.5819,7.4687,20.4324,19.9860,13.6639,11.6122,10
2461223.751197,30.8278,2.5596,20.4324,19.9860,13.6639,11.6122,10
2461223.778497,7.6522,18.5696,20.4324,19.9860,13.6639,11.6122,10
2461225.592397,-28.9971,-2.4752,20.4324,19.9860,13.6639,11.6122,10
2461225.609167,-20.9101,8.1557,20.4324,19.9860,13.6639,11.6122,10
2461225.709287,13.6586,-20.6987,20.4324,19.9860,13.6639,11.6122,10
2461226.659697,-20.4392,-26.0501,20.4324,19.9860,13.6639,11.6122,10
2461227.578117,35.5057,24.0659,20.4324,19.9860,13.6639,11.6122,10
2461227.642207,-1.1766,-18.9348,20.4324,19.9860,13.6639,11.6122,10
2461227.718267,19.4475,-8.3779,20.4324,19.9860,13.6639,11.6122,10
2461227.735927,23.3330,23.0937,20.4324,19.9860,13.6639,11.6122,10
2461227.772237,-5.1567,18.9686,20.4324,19.9860,13.6639,11.6122,10
2461227.789347,1.3500,22.5534,20.4324,19.9860,13.6639,11.6122,10
2461227.817657,-5.9465,-9.5879,20.4324,19.9860,13.6639,11.6122,10
2461228.530637,10.9410,-22.2876,20.4324,19.9860,13.6639,11.6122,10
2461228.574687,7.9043,-0.5290,20.4324,19.9860,13.6639,11.6122,10
2461228.626147,-1.1052,-33.5410,20.4324,19.9860,13.6639,11.6122,10
2461228.647307,17.1654,0.0966,20.4324,19.9860,13.6639,11.6122,10
2461228.686417,7.3169,-7.1524,20.4324,19.9860,13.6639,11.6122,10
2461228.752477,34.1290,31.0481,20.4324,19.9860,13.6639,11.6122,10
2461228.788717,19.8220,24.7446,20.4324,19.9860,13.6639,11.6122,10
2461229.536757,4.6713,3.6656,20.4324,19.9860,13.6639,11.6122,10
2461229.555547,-3.0244,-5.4598,20.4324,19.9860,13.6639,11.6122,10
2461229.589877,0.9552,0.3483,20.4324,19.9860,13.6639,11.6122,10
2461229.607227,-6.3482,-3.5476,20.4324,19.9860,13.6639,11.6122,10
2461229.627017,-19.2620,7.0148,20.4324,19.9860,13.6639,11.6122,10
2461229.643597,28.1916,6.8423,20.4324,19.9860,13.6639,11.6122,10
2461229.661247,-4.4417,-11.1163,20.4324,19.9860,13.6639,11.6122,10
2461229.706057,15.5633,26.3015,20.4324,19.9860,13.6639,11.6122,10
2461229.742017,5.3641,8.1643,20.4324,19.9860,13.6639,11.6122,10
2461229.759507,20.6837,7.8759,20.4324,19.9860,13.6639,11.6122,10
2461230.505087,-17.9640,-9.2271,20.4324,19.9860,13.6639,11.6122,10
2461230.539737,-6.5191,-4.0180,20.4324,19.9860,13.6639,11.6122,10
2461230.557607,4.2685,1.7942,20.4324,19.9860,13.6639,11.6122,10
2461230.602207,17.9864,-11.4046,20.4324,19.9860,13.6639,11.6122,10
2461230.620147,5.5410,-14.5302,20.4324,19.9860,13.6639,11.6122,10
2461230.638517,15.9201,-1.4869,20.4324,19.9860,13.6639,11.6122,10
2461230.677907,-16.5286,-21.5110,20.4324,19.9860,13.6639,11.6122,10
2461230.723777,-1.0751,8.7548,20.4324,19.9860,13.6639,11.6122,10
2461230.765107,26.9974,10.7155,20.4324,19.9860,13.6639,11.6122,10
2461230.799587,-4.0653,13.7561,20.4324,19.9860,13.6639,11.6122,10
2461231.635467,-3.4280,-3.9891,20.4324,19.9860,13.6639,11.6122,10
2461231.690307,1.6246,-4.6999,20.4324,19.9860,13.6639,11.6122,10
2461231.707047,4.8322,2.4032,20.4324,19.9860,13.6639,11.6122,10
2461231.736627,-22.5261,-0.8977,20.4324,19.9860,13.6639,11.6122,10
2461231.751797,15.0847,15.6530,20.4324,19.9860,13.6639,11.6122,10
2461231.802627,-1.7892,-2.8429,20.4324,19.9860,13.6639,11.6122,10
2461232.544477,15.1727,-13.9587,20.4324,19.9860,13.6639,11.6122,10
2461232.658977,-3.6877,12.2455,20.4324,19.9860,13.6639,11.6122,10
2461232.675907,5.7308,-18.7551,20.4324,19.9860,13.6639,11.6122,10
2461232.710457,29.1203,25.3077,20.4324,19.9860,13.6639,11.6122,10
2461232.741427,15.4909,7.5079,20.4324,19.9860,13.6639,11.6122,10
2461233.511377,23.7782,4.6593,20.4324,19.9860,13.6639,11.6122,10
2461233.549297,34.2123,-0.8504,20.4324,19.9860,13.6639,11.6122,10
2461233.565967,22.9987,1.1837,20.4324,19.9860,13.6639,11.6122,10
2461233.661037,27.8683,14.1248,20.4324,19.9860,13.6639,11.6122,10
2461233.681207,29.1878,-0.4410,20.4324,19.9860,13.6639,11.6122,10
2461233.741377,1.8459,13.9037,20.4324,19.9860,13.6639,11.6122,10
2461233.757787,-3.6887,-11.6844,20.4324,19.9860,13.6639,11.6122,10
2461233.775317,18.0550,16.8695,20.4324,19.9860,13.6639,11.6122,10
