# KMT-2026-BLG-0521 / OGLE-2026-BLG-0058, field BLG41, v6 reduction
# calibration star "m18_d48"
# Solution: ~/KMTdata/Results/v8/IFfinal_BLG41.mat
# v8 fits the calibration set 14<I<19, isolated to 2 arcsec, minus 2-sigma RMS outliers: 260 stars.
# All are freely fitted; Gaia RUWE<1.4 is applied only in the post-hoc tie.
# I_OGLE = 18.05, at pixel (198.6, 145.4), 48.4 pix from the target
# RA, Dec (J2000) = 17:52:36.584 , -31:47:38.10  =  268.152435 , -31.793916 deg
# absolute proper motion (mu_alpha cos d, mu_d) = +2.863, -6.341 mas/yr
#   full six-parameter gauge removed (constant AND linear gradient)
# X_mas, Y_mas: position in mas, proper motion NOT removed, relative to the mean
# errX_decade, errY_decade: this star own residual RMS over the run. Constant.
# errX_season, errY_season: this star own residual RMS within each season.
# season: 1=2016 ... 10=2026 (2020 is dropped as a short stub)
JD,X_mas,Y_mas,errX_decade,errY_decade,errX_season,errY_season,season
2457449.836374,15.7660,11.6142,18.0616,15.5742,17.0833,16.7060,1
2457450.894234,24.0199,11.0007,18.0616,15.5742,17.0833,16.7060,1
2457451.825294,29.5270,29.5700,18.0616,15.5742,17.0833,16.7060,1
2457455.818494,27.6084,12.9773,18.0616,15.5742,17.0833,16.7060,1
2457455.850354,28.1032,-16.7041,18.0616,15.5742,17.0833,16.7060,1
2457455.872884,29.5546,3.0796,18.0616,15.5742,17.0833,16.7060,1
2457466.841764,26.4310,25.6151,18.0616,15.5742,17.0833,16.7060,1
2457470.778494,29.5952,-10.6407,18.0616,15.5742,17.0833,16.7060,1
2457472.801324,70.9195,2.5218,18.0616,15.5742,17.0833,16.7060,1
2457473.777214,21.7865,12.5656,18.0616,15.5742,17.0833,16.7060,1
2457473.819034,2.2103,-7.7777,18.0616,15.5742,17.0833,16.7060,1
2457475.765234,23.1611,50.9272,18.0616,15.5742,17.0833,16.7060,1
2457476.897937,38.1133,6.0921,18.0616,15.5742,17.0833,16.7060,1
2457477.796184,27.4315,3.2850,18.0616,15.5742,17.0833,16.7060,1
2457477.885904,-6.9213,23.5077,18.0616,15.5742,17.0833,16.7060,1
2457479.761407,-3.1527,10.2737,18.0616,15.5742,17.0833,16.7060,1
2457479.814637,34.1182,23.3177,18.0616,15.5742,17.0833,16.7060,1
2457479.869837,3.6393,40.0294,18.0616,15.5742,17.0833,16.7060,1
2457480.790677,45.9212,20.4554,18.0616,15.5742,17.0833,16.7060,1
2457480.825927,22.2487,41.5648,18.0616,15.5742,17.0833,16.7060,1
2457480.872677,39.6223,-2.5141,18.0616,15.5742,17.0833,16.7060,1
2457480.890507,13.7254,24.7371,18.0616,15.5742,17.0833,16.7060,1
2457481.768077,5.4087,18.1713,18.0616,15.5742,17.0833,16.7060,1
2457481.788777,23.8870,40.1436,18.0616,15.5742,17.0833,16.7060,1
2457481.791947,19.2953,36.4677,18.0616,15.5742,17.0833,16.7060,1
2457481.821037,37.0520,19.8407,18.0616,15.5742,17.0833,16.7060,1
2457481.876327,31.4925,20.3639,18.0616,15.5742,17.0833,16.7060,1
2457484.827107,36.9459,5.5213,18.0616,15.5742,17.0833,16.7060,1
2457485.766697,-4.4427,-23.4283,18.0616,15.5742,17.0833,16.7060,1
2457485.855587,43.0425,30.2789,18.0616,15.5742,17.0833,16.7060,1
2457486.784637,44.2123,-12.1237,18.0616,15.5742,17.0833,16.7060,1
2457486.808127,37.0636,-17.8113,18.0616,15.5742,17.0833,16.7060,1
2457486.839167,30.2476,19.4931,18.0616,15.5742,17.0833,16.7060,1
2457487.783287,43.1906,45.8670,18.0616,15.5742,17.0833,16.7060,1
2457487.916167,4.1009,42.5340,18.0616,15.5742,17.0833,16.7060,1
2457488.727407,-9.2827,0.6659,18.0616,15.5742,17.0833,16.7060,1
2457488.773487,2.0612,29.1158,18.0616,15.5742,17.0833,16.7060,1
2457488.909167,2.4286,-11.0839,18.0616,15.5742,17.0833,16.7060,1
2457491.719067,0.0252,9.4512,18.0616,15.5742,17.0833,16.7060,1
2457491.740067,5.2890,11.1891,18.0616,15.5742,17.0833,16.7060,1
2457491.768237,12.1667,27.1150,18.0616,15.5742,17.0833,16.7060,1
2457491.806997,12.5389,22.7915,18.0616,15.5742,17.0833,16.7060,1
2457491.824187,9.7604,19.4522,18.0616,15.5742,17.0833,16.7060,1
2457491.906987,6.0093,36.0319,18.0616,15.5742,17.0833,16.7060,1
2457494.735697,2.6884,-0.6575,18.0616,15.5742,17.0833,16.7060,1
2457494.813627,20.6501,10.2443,18.0616,15.5742,17.0833,16.7060,1
2457494.831367,-0.6013,36.2402,18.0616,15.5742,17.0833,16.7060,1
2457495.740237,9.3725,9.3220,18.0616,15.5742,17.0833,16.7060,1
2457495.895987,-2.8931,11.0278,18.0616,15.5742,17.0833,16.7060,1
2457495.914507,-7.8092,15.7455,18.0616,15.5742,17.0833,16.7060,1
2457497.843697,53.8756,30.5352,18.0616,15.5742,17.0833,16.7060,1
2457497.862117,19.6655,30.5117,18.0616,15.5742,17.0833,16.7060,1
2457497.881037,4.1406,2.3763,18.0616,15.5742,17.0833,16.7060,1
2457498.725077,24.2620,9.2060,18.0616,15.5742,17.0833,16.7060,1
2457498.745237,30.3799,41.6103,18.0616,15.5742,17.0833,16.7060,1
2457498.814507,37.4078,11.7105,18.0616,15.5742,17.0833,16.7060,1
2457498.835077,42.7619,18.7982,18.0616,15.5742,17.0833,16.7060,1
2457500.712497,8.0413,8.5095,18.0616,15.5742,17.0833,16.7060,1
2457500.902657,29.9068,10.5718,18.0616,15.5742,17.0833,16.7060,1
2457504.821647,35.0525,14.4649,18.0616,15.5742,17.0833,16.7060,1
2457505.703647,19.8346,31.2796,18.0616,15.5742,17.0833,16.7060,1
2457505.721367,19.6159,14.6308,18.0616,15.5742,17.0833,16.7060,1
2457505.755807,22.6397,30.2194,18.0616,15.5742,17.0833,16.7060,1
2457508.675527,-1.7378,15.7873,18.0616,15.5742,17.0833,16.7060,1
2457508.728027,15.5607,23.4960,18.0616,15.5742,17.0833,16.7060,1
2457508.730837,19.2679,11.4759,18.0616,15.5742,17.0833,16.7060,1
2457508.918587,26.2277,16.6070,18.0616,15.5742,17.0833,16.7060,1
2457509.753757,5.2052,22.2402,18.0616,15.5742,17.0833,16.7060,1
2457509.773537,6.6263,16.9396,18.0616,15.5742,17.0833,16.7060,1
2457512.660867,-9.3940,6.9136,18.0616,15.5742,17.0833,16.7060,1
2457512.774577,33.9355,24.8352,18.0616,15.5742,17.0833,16.7060,1
2457512.918057,-2.7083,21.4763,18.0616,15.5742,17.0833,16.7060,1
2457517.728187,39.0504,26.1341,18.0616,15.5742,17.0833,16.7060,1
2457520.832147,20.7813,11.9494,18.0616,15.5742,17.0833,16.7060,1
2457520.876277,14.9774,18.9003,18.0616,15.5742,17.0833,16.7060,1
2457522.785437,27.3913,9.3244,18.0616,15.5742,17.0833,16.7060,1
2457523.727437,14.5203,22.0744,18.0616,15.5742,17.0833,16.7060,1
2457523.744977,19.4941,16.6683,18.0616,15.5742,17.0833,16.7060,1
2457523.783577,7.2498,31.2702,18.0616,15.5742,17.0833,16.7060,1
2457523.805447,23.5695,27.2866,18.0616,15.5742,17.0833,16.7060,1
2457523.837327,10.4238,12.7869,18.0616,15.5742,17.0833,16.7060,1
2457523.854977,17.2622,30.1218,18.0616,15.5742,17.0833,16.7060,1
2457523.896937,-7.3636,18.9530,18.0616,15.5742,17.0833,16.7060,1
2457523.914267,8.1334,20.6523,18.0616,15.5742,17.0833,16.7060,1
2457526.655347,13.4931,19.3423,18.0616,15.5742,17.0833,16.7060,1
2457526.872007,23.7597,2.4850,18.0616,15.5742,17.0833,16.7060,1
2457528.912597,-7.9656,13.3362,18.0616,15.5742,17.0833,16.7060,1
2457528.930967,17.9182,25.3932,18.0616,15.5742,17.0833,16.7060,1
2457530.734697,-4.2779,12.8208,18.0616,15.5742,17.0833,16.7060,1
2457530.753717,42.9096,35.4294,18.0616,15.5742,17.0833,16.7060,1
2457530.824517,16.6084,41.5136,18.0616,15.5742,17.0833,16.7060,1
2457534.633077,6.5647,32.9202,18.0616,15.5742,17.0833,16.7060,1
2457534.876297,18.4322,7.2933,18.0616,15.5742,17.0833,16.7060,1
2457534.930407,-1.2466,-0.8172,18.0616,15.5742,17.0833,16.7060,1
2457536.746147,11.4501,21.0676,18.0616,15.5742,17.0833,16.7060,1
2457536.844257,12.3335,30.4528,18.0616,15.5742,17.0833,16.7060,1
2457536.891467,29.6585,2.8909,18.0616,15.5742,17.0833,16.7060,1
2457545.763937,10.5621,3.2320,18.0616,15.5742,17.0833,16.7060,1
2457546.862437,18.7449,26.0249,18.0616,15.5742,17.0833,16.7060,1
2457547.594167,8.7125,38.7161,18.0616,15.5742,17.0833,16.7060,1
2457547.611987,9.7897,7.8604,18.0616,15.5742,17.0833,16.7060,1
2457547.634247,-7.7755,2.4257,18.0616,15.5742,17.0833,16.7060,1
2457547.697877,-5.2838,2.8504,18.0616,15.5742,17.0833,16.7060,1
2457547.718297,-11.7327,18.4937,18.0616,15.5742,17.0833,16.7060,1
2457547.741427,-12.0596,-6.4932,18.0616,15.5742,17.0833,16.7060,1
2457547.769937,8.7222,-9.4328,18.0616,15.5742,17.0833,16.7060,1
2457547.887917,-1.3089,5.3436,18.0616,15.5742,17.0833,16.7060,1
2457548.630097,10.0901,37.9061,18.0616,15.5742,17.0833,16.7060,1
2457548.722674,13.3749,20.8125,18.0616,15.5742,17.0833,16.7060,1
2457548.762454,10.4881,18.7152,18.0616,15.5742,17.0833,16.7060,1
2457548.827877,-3.5498,32.2503,18.0616,15.5742,17.0833,16.7060,1
2457549.678437,8.2284,31.3316,18.0616,15.5742,17.0833,16.7060,1
2457549.753817,6.3468,40.7197,18.0616,15.5742,17.0833,16.7060,1
2457549.786007,5.9933,37.1409,18.0616,15.5742,17.0833,16.7060,1
2457550.622257,7.0876,15.8673,18.0616,15.5742,17.0833,16.7060,1
2457550.794167,-1.3286,-2.5194,18.0616,15.5742,17.0833,16.7060,1
2457550.822617,-4.8499,-12.3493,18.0616,15.5742,17.0833,16.7060,1
2457551.651987,-8.7312,-8.8815,18.0616,15.5742,17.0833,16.7060,1
2457551.682527,39.4507,-1.8534,18.0616,15.5742,17.0833,16.7060,1
2457554.573027,8.5970,37.1212,18.0616,15.5742,17.0833,16.7060,1
2457554.593937,2.1485,18.9909,18.0616,15.5742,17.0833,16.7060,1
2457554.629067,-0.5886,20.1105,18.0616,15.5742,17.0833,16.7060,1
2457554.658527,24.5906,12.1608,18.0616,15.5742,17.0833,16.7060,1
2457554.804137,27.1988,16.2644,18.0616,15.5742,17.0833,16.7060,1
2457555.540957,23.8743,5.7559,18.0616,15.5742,17.0833,16.7060,1
2457555.565627,12.4423,25.1568,18.0616,15.5742,17.0833,16.7060,1
2457555.585247,33.1715,10.7164,18.0616,15.5742,17.0833,16.7060,1
2457555.604987,18.3229,-16.4612,18.0616,15.5742,17.0833,16.7060,1
2457555.676997,14.1564,3.5505,18.0616,15.5742,17.0833,16.7060,1
2457555.825807,17.4657,29.6016,18.0616,15.5742,17.0833,16.7060,1
2457555.843767,15.0003,17.9655,18.0616,15.5742,17.0833,16.7060,1
2457557.801377,17.4133,16.0932,18.0616,15.5742,17.0833,16.7060,1
2457557.818817,22.6801,16.2950,18.0616,15.5742,17.0833,16.7060,1
2457557.836867,28.9708,25.4485,18.0616,15.5742,17.0833,16.7060,1
2457557.857587,44.7818,-18.7724,18.0616,15.5742,17.0833,16.7060,1
2457561.556857,10.6651,12.7536,18.0616,15.5742,17.0833,16.7060,1
2457561.680667,27.2713,20.2130,18.0616,15.5742,17.0833,16.7060,1
2457561.772497,-0.9184,13.1301,18.0616,15.5742,17.0833,16.7060,1
2457566.577687,16.5870,18.9017,18.0616,15.5742,17.0833,16.7060,1
2457566.796177,9.9521,38.7178,18.0616,15.5742,17.0833,16.7060,1
2457567.570617,43.5156,-3.4003,18.0616,15.5742,17.0833,16.7060,1
2457567.674037,11.9423,32.3656,18.0616,15.5742,17.0833,16.7060,1
2457567.762087,32.6849,-6.8306,18.0616,15.5742,17.0833,16.7060,1
2457567.779817,-6.4970,-6.2214,18.0616,15.5742,17.0833,16.7060,1
2457567.831987,28.6019,25.5144,18.0616,15.5742,17.0833,16.7060,1
2457568.576937,19.4848,6.8685,18.0616,15.5742,17.0833,16.7060,1
2457568.631977,9.2681,38.5316,18.0616,15.5742,17.0833,16.7060,1
2457568.649307,11.2600,20.0840,18.0616,15.5742,17.0833,16.7060,1
2457568.681077,2.4210,-5.3099,18.0616,15.5742,17.0833,16.7060,1
2457568.700887,0.1209,20.6360,18.0616,15.5742,17.0833,16.7060,1
2457568.718737,34.4868,29.8900,18.0616,15.5742,17.0833,16.7060,1
2457568.754637,3.7753,26.9114,18.0616,15.5742,17.0833,16.7060,1
2457568.776147,1.4175,1.4108,18.0616,15.5742,17.0833,16.7060,1
2457569.647837,-2.1638,19.0401,18.0616,15.5742,17.0833,16.7060,1
2457569.695687,25.1286,17.0659,18.0616,15.5742,17.0833,16.7060,1
2457569.713587,-4.4529,29.5512,18.0616,15.5742,17.0833,16.7060,1
2457569.749367,-18.1947,-7.1371,18.0616,15.5742,17.0833,16.7060,1
2457569.767617,8.6355,-8.2999,18.0616,15.5742,17.0833,16.7060,1
2457570.830327,-15.0550,18.4999,18.0616,15.5742,17.0833,16.7060,1
2457575.575907,20.1528,2.5137,18.0616,15.5742,17.0833,16.7060,1
2457575.593597,31.5207,-11.2046,18.0616,15.5742,17.0833,16.7060,1
2457575.611177,18.6287,23.4365,18.0616,15.5742,17.0833,16.7060,1
2457576.486837,43.8881,-10.0040,18.0616,15.5742,17.0833,16.7060,1
2457576.553797,-11.8288,27.4694,18.0616,15.5742,17.0833,16.7060,1
2457576.571657,13.0888,3.6693,18.0616,15.5742,17.0833,16.7060,1
2457576.711767,6.8650,29.2017,18.0616,15.5742,17.0833,16.7060,1
2457576.782157,6.2824,36.3732,18.0616,15.5742,17.0833,16.7060,1
2457585.528537,46.9769,0.8154,18.0616,15.5742,17.0833,16.7060,1
2457585.546187,-15.4101,9.2921,18.0616,15.5742,17.0833,16.7060,1
2457585.565297,-1.1846,-6.0845,18.0616,15.5742,17.0833,16.7060,1
2457585.637157,5.1967,34.7547,18.0616,15.5742,17.0833,16.7060,1
2457590.562067,51.1577,10.6328,18.0616,15.5742,17.0833,16.7060,1
2457590.579747,11.3450,18.9012,18.0616,15.5742,17.0833,16.7060,1
2457590.665957,36.7265,-2.8953,18.0616,15.5742,17.0833,16.7060,1
2457590.683387,-3.5126,14.8646,18.0616,15.5742,17.0833,16.7060,1
2457590.741217,-1.5525,37.3118,18.0616,15.5742,17.0833,16.7060,1
2457591.493407,12.4119,12.4448,18.0616,15.5742,17.0833,16.7060,1
2457591.565027,7.8769,22.2029,18.0616,15.5742,17.0833,16.7060,1
2457591.594277,6.0445,21.6421,18.0616,15.5742,17.0833,16.7060,1
2457591.612677,12.7358,40.8521,18.0616,15.5742,17.0833,16.7060,1
2457593.494987,29.8958,38.7631,18.0616,15.5742,17.0833,16.7060,1
2457593.541197,23.3953,35.5900,18.0616,15.5742,17.0833,16.7060,1
2457597.509757,44.6558,19.5150,18.0616,15.5742,17.0833,16.7060,1
2457597.563177,12.1102,34.9508,18.0616,15.5742,17.0833,16.7060,1
2457597.611307,29.2051,-20.7518,18.0616,15.5742,17.0833,16.7060,1
2457597.628447,-8.9052,23.3149,18.0616,15.5742,17.0833,16.7060,1
2457597.685527,14.3776,39.2212,18.0616,15.5742,17.0833,16.7060,1
2457597.751437,40.2688,8.3676,18.0616,15.5742,17.0833,16.7060,1
2457598.482297,7.7360,21.0386,18.0616,15.5742,17.0833,16.7060,1
2457598.501627,19.2972,16.1631,18.0616,15.5742,17.0833,16.7060,1
2457598.519087,37.8235,-8.5248,18.0616,15.5742,17.0833,16.7060,1
2457598.568167,31.4444,23.1641,18.0616,15.5742,17.0833,16.7060,1
2457598.589027,3.2145,9.2090,18.0616,15.5742,17.0833,16.7060,1
2457598.607637,15.9339,-5.0426,18.0616,15.5742,17.0833,16.7060,1
2457598.625117,37.3968,-6.6945,18.0616,15.5742,17.0833,16.7060,1
2457598.675887,44.3966,8.2975,18.0616,15.5742,17.0833,16.7060,1
2457598.693897,25.1792,18.2192,18.0616,15.5742,17.0833,16.7060,1
2457598.712207,-7.4150,4.2293,18.0616,15.5742,17.0833,16.7060,1
2457599.715017,5.0406,28.5923,18.0616,15.5742,17.0833,16.7060,1
2457599.734047,1.1904,14.8919,18.0616,15.5742,17.0833,16.7060,1
2457601.557227,8.5678,39.6119,18.0616,15.5742,17.0833,16.7060,1
2457601.584397,36.8787,1.6651,18.0616,15.5742,17.0833,16.7060,1
2457601.619617,34.4532,30.7252,18.0616,15.5742,17.0833,16.7060,1
2457601.638797,-6.1333,2.1375,18.0616,15.5742,17.0833,16.7060,1
2457602.582097,7.4026,26.7389,18.0616,15.5742,17.0833,16.7060,1
2457602.696117,0.7248,37.1497,18.0616,15.5742,17.0833,16.7060,1
2457603.719817,-4.3292,1.2259,18.0616,15.5742,17.0833,16.7060,1
2457605.613087,25.7656,19.4043,18.0616,15.5742,17.0833,16.7060,1
2457605.648697,-11.4720,13.0968,18.0616,15.5742,17.0833,16.7060,1
2457605.712727,8.3978,27.7337,18.0616,15.5742,17.0833,16.7060,1
2457605.730267,17.6545,1.4568,18.0616,15.5742,17.0833,16.7060,1
2457606.501047,36.6170,15.9376,18.0616,15.5742,17.0833,16.7060,1
2457606.531157,-1.9210,22.6018,18.0616,15.5742,17.0833,16.7060,1
2457606.568217,4.6774,25.1263,18.0616,15.5742,17.0833,16.7060,1
2457606.616467,10.2277,-11.7165,18.0616,15.5742,17.0833,16.7060,1
2457606.663497,-2.3229,-2.5747,18.0616,15.5742,17.0833,16.7060,1
2457607.641627,-3.4325,21.3759,18.0616,15.5742,17.0833,16.7060,1
2457607.677847,10.5191,10.0983,18.0616,15.5742,17.0833,16.7060,1
2457607.706407,4.3218,-7.0349,18.0616,15.5742,17.0833,16.7060,1
2457607.724047,21.8858,35.8964,18.0616,15.5742,17.0833,16.7060,1
2457608.613107,-0.9633,2.0034,18.0616,15.5742,17.0833,16.7060,1
2457608.631687,-3.6916,33.3562,18.0616,15.5742,17.0833,16.7060,1
2457608.649537,15.7740,17.5502,18.0616,15.5742,17.0833,16.7060,1
2457608.692807,-6.2415,-1.3839,18.0616,15.5742,17.0833,16.7060,1
2457608.711367,9.9039,-3.1505,18.0616,15.5742,17.0833,16.7060,1
2457609.691737,10.1818,16.9461,18.0616,15.5742,17.0833,16.7060,1
2457610.489867,39.7037,-7.7996,18.0616,15.5742,17.0833,16.7060,1
2457610.637997,19.5471,4.2557,18.0616,15.5742,17.0833,16.7060,1
2457610.673677,11.1243,2.1490,18.0616,15.5742,17.0833,16.7060,1
2457610.691227,34.7888,21.2553,18.0616,15.5742,17.0833,16.7060,1
2457610.709257,-3.4315,4.1805,18.0616,15.5742,17.0833,16.7060,1
2457611.635747,24.1327,9.2510,18.0616,15.5742,17.0833,16.7060,1
2457612.590827,-8.3817,37.5966,18.0616,15.5742,17.0833,16.7060,1
2457612.639207,11.8365,10.9067,18.0616,15.5742,17.0833,16.7060,1
2457612.656977,6.9336,-1.3824,18.0616,15.5742,17.0833,16.7060,1
2457612.674567,13.4112,-30.8459,18.0616,15.5742,17.0833,16.7060,1
2457612.692437,0.6257,20.3507,18.0616,15.5742,17.0833,16.7060,1
2457612.710447,12.0854,5.2264,18.0616,15.5742,17.0833,16.7060,1
2457613.587797,-7.5153,-18.4028,18.0616,15.5742,17.0833,16.7060,1
2457616.481637,2.2475,23.4051,18.0616,15.5742,17.0833,16.7060,1
2457616.499037,21.4990,2.2521,18.0616,15.5742,17.0833,16.7060,1
2457616.521227,-12.3969,13.9670,18.0616,15.5742,17.0833,16.7060,1
2457616.697607,-3.5811,4.9103,18.0616,15.5742,17.0833,16.7060,1
2457617.691147,26.0998,8.9821,18.0616,15.5742,17.0833,16.7060,1
2457618.644027,9.1520,-18.0165,18.0616,15.5742,17.0833,16.7060,1
2457618.690177,19.4770,-22.4282,18.0616,15.5742,17.0833,16.7060,1
2457619.499007,16.1951,37.0426,18.0616,15.5742,17.0833,16.7060,1
2457621.499197,-8.9330,21.5093,18.0616,15.5742,17.0833,16.7060,1
2457621.652347,14.3979,-19.0216,18.0616,15.5742,17.0833,16.7060,1
2457622.496427,27.8400,27.0344,18.0616,15.5742,17.0833,16.7060,1
2457622.568577,9.0831,37.2359,18.0616,15.5742,17.0833,16.7060,1
2457622.586227,10.2622,50.7541,18.0616,15.5742,17.0833,16.7060,1
2457622.621537,-2.8996,-3.6898,18.0616,15.5742,17.0833,16.7060,1
2457623.560287,-25.3537,45.6858,18.0616,15.5742,17.0833,16.7060,1
2457623.596637,32.7660,16.4276,18.0616,15.5742,17.0833,16.7060,1
2457623.614467,1.9722,-15.3666,18.0616,15.5742,17.0833,16.7060,1
2457624.491677,9.5832,41.0237,18.0616,15.5742,17.0833,16.7060,1
2457624.544377,46.8097,27.2659,18.0616,15.5742,17.0833,16.7060,1
2457624.564297,27.8860,33.3098,18.0616,15.5742,17.0833,16.7060,1
2457624.582157,-13.4777,21.8913,18.0616,15.5742,17.0833,16.7060,1
2457624.600277,55.5193,-27.2237,18.0616,15.5742,17.0833,16.7060,1
2457625.470847,46.4013,54.0830,18.0616,15.5742,17.0833,16.7060,1
2457625.491237,22.3563,25.8133,18.0616,15.5742,17.0833,16.7060,1
2457625.511257,9.2499,-13.3744,18.0616,15.5742,17.0833,16.7060,1
2457625.533187,1.8684,-19.1745,18.0616,15.5742,17.0833,16.7060,1
2457625.563037,26.3440,-17.7881,18.0616,15.5742,17.0833,16.7060,1
2457625.581567,68.1821,-13.0788,18.0616,15.5742,17.0833,16.7060,1
2457625.635937,13.3648,37.6675,18.0616,15.5742,17.0833,16.7060,1
2457625.664657,15.0721,0.4199,18.0616,15.5742,17.0833,16.7060,1
2457626.621327,-27.5570,31.4390,18.0616,15.5742,17.0833,16.7060,1
2457630.468777,-5.9720,-1.8798,18.0616,15.5742,17.0833,16.7060,1
2457631.476077,22.0947,-0.9492,18.0616,15.5742,17.0833,16.7060,1
2457631.569417,15.8724,36.5561,18.0616,15.5742,17.0833,16.7060,1
2457631.587247,79.4009,-27.8218,18.0616,15.5742,17.0833,16.7060,1
2457631.604917,56.7737,3.3221,18.0616,15.5742,17.0833,16.7060,1
2457631.642437,41.7522,10.7920,18.0616,15.5742,17.0833,16.7060,1
2457632.634187,-22.2663,9.8150,18.0616,15.5742,17.0833,16.7060,1
2457633.482427,8.2593,24.6234,18.0616,15.5742,17.0833,16.7060,1
2457633.503417,-8.2349,16.9664,18.0616,15.5742,17.0833,16.7060,1
2457633.560367,55.3925,-44.7011,18.0616,15.5742,17.0833,16.7060,1
2457636.485227,3.7122,4.2683,18.0616,15.5742,17.0833,16.7060,1
2457637.483797,12.4376,22.8907,18.0616,15.5742,17.0833,16.7060,1
2457637.538147,0.0028,32.0813,18.0616,15.5742,17.0833,16.7060,1
2457637.556517,20.2271,8.4150,18.0616,15.5742,17.0833,16.7060,1
2457637.585807,-0.4440,-16.8054,18.0616,15.5742,17.0833,16.7060,1
2457637.603827,-16.8726,13.0857,18.0616,15.5742,17.0833,16.7060,1
2457638.508737,0.3001,19.0890,18.0616,15.5742,17.0833,16.7060,1
2457638.555647,46.1199,-6.3921,18.0616,15.5742,17.0833,16.7060,1
2457639.623507,-7.0171,11.4070,18.0616,15.5742,17.0833,16.7060,1
2457640.552447,14.0443,-19.2701,18.0616,15.5742,17.0833,16.7060,1
2457640.570347,-3.1460,4.1289,18.0616,15.5742,17.0833,16.7060,1
2457640.605447,-4.5113,25.9127,18.0616,15.5742,17.0833,16.7060,1
2457641.535987,32.0404,1.8980,18.0616,15.5742,17.0833,16.7060,1
2457641.600887,32.2620,32.0379,18.0616,15.5742,17.0833,16.7060,1
2457642.479737,7.1413,2.8152,18.0616,15.5742,17.0833,16.7060,1
2457643.566437,14.0946,13.6965,18.0616,15.5742,17.0833,16.7060,1
2457645.533637,14.0559,15.2987,18.0616,15.5742,17.0833,16.7060,1
2457647.542607,-0.7581,15.2423,18.0616,15.5742,17.0833,16.7060,1
2457647.560417,17.4047,15.2194,18.0616,15.5742,17.0833,16.7060,1
2457647.590947,35.0991,4.2086,18.0616,15.5742,17.0833,16.7060,1
2457647.608637,24.9073,18.9092,18.0616,15.5742,17.0833,16.7060,1
2457648.536907,21.8258,13.2245,18.0616,15.5742,17.0833,16.7060,1
2457648.554727,10.9983,30.2639,18.0616,15.5742,17.0833,16.7060,1
2457648.601727,29.4380,19.2376,18.0616,15.5742,17.0833,16.7060,1
2457649.481897,-0.8710,19.0248,18.0616,15.5742,17.0833,16.7060,1
2457649.518117,9.5783,22.2760,18.0616,15.5742,17.0833,16.7060,1
2457649.535887,29.5393,-6.3355,18.0616,15.5742,17.0833,16.7060,1
2457651.533667,10.3798,23.1965,18.0616,15.5742,17.0833,16.7060,1
2457651.569607,36.9691,33.1667,18.0616,15.5742,17.0833,16.7060,1
2457652.544767,15.0333,0.6751,18.0616,15.5742,17.0833,16.7060,1
2457652.581677,4.4984,-8.2525,18.0616,15.5742,17.0833,16.7060,1
2457652.599717,14.3184,-6.7284,18.0616,15.5742,17.0833,16.7060,1
2457653.498407,35.7673,11.4217,18.0616,15.5742,17.0833,16.7060,1
2457655.501747,37.2738,-2.2211,18.0616,15.5742,17.0833,16.7060,1
2457655.567867,28.4014,25.1532,18.0616,15.5742,17.0833,16.7060,1
2457656.506697,4.4171,1.0825,18.0616,15.5742,17.0833,16.7060,1
2457656.524717,18.5641,-12.0331,18.0616,15.5742,17.0833,16.7060,1
2457656.542227,50.5259,4.3783,18.0616,15.5742,17.0833,16.7060,1
2457657.518127,20.2191,35.7608,18.0616,15.5742,17.0833,16.7060,1
2457657.557307,18.7181,29.4899,18.0616,15.5742,17.0833,16.7060,1
2457658.487387,4.0748,21.9010,18.0616,15.5742,17.0833,16.7060,1
2457658.566527,41.4161,15.4053,18.0616,15.5742,17.0833,16.7060,1
2457660.528927,11.7547,13.2453,18.0616,15.5742,17.0833,16.7060,1
2457662.503847,-14.0527,14.4172,18.0616,15.5742,17.0833,16.7060,1
2457663.538357,3.4749,-1.4200,18.0616,15.5742,17.0833,16.7060,1
2457664.489767,5.9465,27.7700,18.0616,15.5742,17.0833,16.7060,1
2457664.538427,-13.4518,18.6768,18.0616,15.5742,17.0833,16.7060,1
2457664.556437,3.8114,-7.5584,18.0616,15.5742,17.0833,16.7060,1
2457666.501207,9.2458,13.8158,18.0616,15.5742,17.0833,16.7060,1
2457666.518487,11.5710,23.8389,18.0616,15.5742,17.0833,16.7060,1
2457666.536437,-3.9577,8.2092,18.0616,15.5742,17.0833,16.7060,1
2457666.554257,14.3411,9.8317,18.0616,15.5742,17.0833,16.7060,1
2457667.540227,29.7263,16.4114,18.0616,15.5742,17.0833,16.7060,1
2457668.494847,-2.2998,19.5694,18.0616,15.5742,17.0833,16.7060,1
2457668.513557,24.7370,1.9100,18.0616,15.5742,17.0833,16.7060,1
2457670.507727,22.6364,26.8042,18.0616,15.5742,17.0833,16.7060,1
2457670.527377,19.8365,24.6686,18.0616,15.5742,17.0833,16.7060,1
2457671.514977,26.5533,24.8522,18.0616,15.5742,17.0833,16.7060,1
2457673.548537,-9.5792,32.3813,18.0616,15.5742,17.0833,16.7060,1
2457675.520037,3.6433,36.4994,18.0616,15.5742,17.0833,16.7060,1
2457675.527647,27.3554,15.1518,18.0616,15.5742,17.0833,16.7060,1
2457805.872617,41.6963,-25.4588,18.0616,15.5742,21.8293,17.7223,2
2457806.859837,7.0003,19.7730,18.0616,15.5742,21.8293,17.7223,2
2457806.877037,14.7839,9.0514,18.0616,15.5742,21.8293,17.7223,2
2457807.859337,42.9454,-39.4960,18.0616,15.5742,21.8293,17.7223,2
2457808.857757,35.8468,3.8112,18.0616,15.5742,21.8293,17.7223,2
2457809.879917,30.2992,17.4904,18.0616,15.5742,21.8293,17.7223,2
2457811.876117,33.3918,1.5171,18.0616,15.5742,21.8293,17.7223,2
2457814.864447,18.5308,31.4044,18.0616,15.5742,21.8293,17.7223,2
2457816.859637,7.1064,6.2603,18.0616,15.5742,21.8293,17.7223,2
2457816.895517,18.8614,6.4906,18.0616,15.5742,21.8293,17.7223,2
2457817.856217,37.4815,-14.7108,18.0616,15.5742,21.8293,17.7223,2
2457817.892067,23.7790,24.5228,18.0616,15.5742,21.8293,17.7223,2
2457820.838277,33.8768,9.9482,18.0616,15.5742,21.8293,17.7223,2
2457820.875457,39.8171,27.6663,18.0616,15.5742,21.8293,17.7223,2
2457821.821537,47.2492,-6.0847,18.0616,15.5742,21.8293,17.7223,2
2457822.840317,2.2229,-11.3166,18.0616,15.5742,21.8293,17.7223,2
2457823.831937,12.9403,5.0011,18.0616,15.5742,21.8293,17.7223,2
2457823.884337,60.8709,0.1639,18.0616,15.5742,21.8293,17.7223,2
2457823.902207,-4.9938,10.8695,18.0616,15.5742,21.8293,17.7223,2
2457824.828667,18.9884,12.8438,18.0616,15.5742,21.8293,17.7223,2
2457824.859557,12.5338,16.7219,18.0616,15.5742,21.8293,17.7223,2
2457824.878827,-1.5664,7.0965,18.0616,15.5742,21.8293,17.7223,2
2457824.897187,19.4744,14.0533,18.0616,15.5742,21.8293,17.7223,2
2457826.872227,59.0546,0.1265,18.0616,15.5742,21.8293,17.7223,2
2457827.800657,18.3300,9.0923,18.0616,15.5742,21.8293,17.7223,2
2457827.830577,-2.8267,9.8458,18.0616,15.5742,21.8293,17.7223,2
2457827.850657,29.1212,11.0500,18.0616,15.5742,21.8293,17.7223,2
2457828.791807,-6.3171,-16.0049,18.0616,15.5742,21.8293,17.7223,2
2457828.824737,61.7036,-1.3501,18.0616,15.5742,21.8293,17.7223,2
2457829.818267,-5.4123,1.3063,18.0616,15.5742,21.8293,17.7223,2
2457829.836067,14.7282,7.2484,18.0616,15.5742,21.8293,17.7223,2
2457831.797057,26.0500,-17.9152,18.0616,15.5742,21.8293,17.7223,2
2457831.815557,26.5547,27.8687,18.0616,15.5742,21.8293,17.7223,2
2457831.833797,54.0400,20.1166,18.0616,15.5742,21.8293,17.7223,2
2457831.887277,3.9302,6.1826,18.0616,15.5742,21.8293,17.7223,2
2457831.904997,42.1827,16.5252,18.0616,15.5742,21.8293,17.7223,2
2457832.901437,59.5082,11.6296,18.0616,15.5742,21.8293,17.7223,2
2457833.779607,34.8553,7.8672,18.0616,15.5742,21.8293,17.7223,2
2457833.868067,5.5738,18.0463,18.0616,15.5742,21.8293,17.7223,2
2457834.778387,25.7833,7.4245,18.0616,15.5742,21.8293,17.7223,2
2457834.810157,78.4835,18.9574,18.0616,15.5742,21.8293,17.7223,2
2457834.887937,4.3147,20.3203,18.0616,15.5742,21.8293,17.7223,2
2457835.781967,61.3401,-2.5821,18.0616,15.5742,21.8293,17.7223,2
2457835.823587,32.5838,8.2175,18.0616,15.5742,21.8293,17.7223,2
2457835.843817,38.5344,35.7386,18.0616,15.5742,21.8293,17.7223,2
2457835.898957,9.5135,17.1334,18.0616,15.5742,21.8293,17.7223,2
2457836.873507,50.8010,-17.0555,18.0616,15.5742,21.8293,17.7223,2
2457836.897067,28.5138,23.3688,18.0616,15.5742,21.8293,17.7223,2
2457838.808777,10.5613,16.2447,18.0616,15.5742,21.8293,17.7223,2
2457838.891237,27.1313,19.4985,18.0616,15.5742,21.8293,17.7223,2
2457838.902407,-6.6449,19.3941,18.0616,15.5742,21.8293,17.7223,2
2457839.763097,-9.9957,12.8218,18.0616,15.5742,21.8293,17.7223,2
2457840.778557,25.7648,13.5732,18.0616,15.5742,21.8293,17.7223,2
2457841.783237,43.4396,-22.1417,18.0616,15.5742,21.8293,17.7223,2
2457841.804527,56.5063,19.9854,18.0616,15.5742,21.8293,17.7223,2
2457841.827917,70.0064,23.4268,18.0616,15.5742,21.8293,17.7223,2
2457841.916217,0.4236,29.3899,18.0616,15.5742,21.8293,17.7223,2
2457842.757057,24.9500,29.3921,18.0616,15.5742,21.8293,17.7223,2
2457842.779547,8.7664,23.2950,18.0616,15.5742,21.8293,17.7223,2
2457842.798077,10.8256,36.3922,18.0616,15.5742,21.8293,17.7223,2
2457842.873887,74.2072,15.5647,18.0616,15.5742,21.8293,17.7223,2
2457843.765487,48.6458,0.8790,18.0616,15.5742,21.8293,17.7223,2
2457843.816887,26.1332,-6.4375,18.0616,15.5742,21.8293,17.7223,2
2457843.858357,17.4932,32.5922,18.0616,15.5742,21.8293,17.7223,2
2457843.876807,1.2566,-23.3875,18.0616,15.5742,21.8293,17.7223,2
2457844.807337,40.9971,-12.8797,18.0616,15.5742,21.8293,17.7223,2
2457844.824297,73.3442,18.0895,18.0616,15.5742,21.8293,17.7223,2
2457844.892957,14.7933,11.6186,18.0616,15.5742,21.8293,17.7223,2
2457845.777967,-2.0462,34.5996,18.0616,15.5742,21.8293,17.7223,2
2457845.872687,-4.0497,12.9642,18.0616,15.5742,21.8293,17.7223,2
2457846.742507,57.9980,-11.5247,18.0616,15.5742,21.8293,17.7223,2
2457846.761797,38.8192,-3.8369,18.0616,15.5742,21.8293,17.7223,2
2457846.791917,41.4298,17.0239,18.0616,15.5742,21.8293,17.7223,2
2457846.812407,18.9104,-13.6262,18.0616,15.5742,21.8293,17.7223,2
2457847.782407,41.3623,1.0295,18.0616,15.5742,21.8293,17.7223,2
2457847.801437,20.8447,2.8501,18.0616,15.5742,21.8293,17.7223,2
2457849.762137,37.4145,-3.2617,18.0616,15.5742,21.8293,17.7223,2
2457849.780427,11.9084,31.5890,18.0616,15.5742,21.8293,17.7223,2
2457850.747177,37.7317,15.9784,18.0616,15.5742,21.8293,17.7223,2
2457850.875257,41.1443,0.6003,18.0616,15.5742,21.8293,17.7223,2
2457850.896807,9.4102,25.0585,18.0616,15.5742,21.8293,17.7223,2
2457851.827757,4.2675,21.2483,18.0616,15.5742,21.8293,17.7223,2
2457851.863867,29.8135,10.9500,18.0616,15.5742,21.8293,17.7223,2
2457851.884727,8.5987,-4.6958,18.0616,15.5742,21.8293,17.7223,2
2457851.906707,8.1796,7.5929,18.0616,15.5742,21.8293,17.7223,2
2457854.751317,63.8277,13.0155,18.0616,15.5742,21.8293,17.7223,2
2457854.787947,-11.0942,3.9555,18.0616,15.5742,21.8293,17.7223,2
2457854.808797,-22.1581,-14.7913,18.0616,15.5742,21.8293,17.7223,2
2457855.726177,-23.7562,-19.5862,18.0616,15.5742,21.8293,17.7223,2
2457855.796007,8.9930,0.6320,18.0616,15.5742,21.8293,17.7223,2
2457856.805437,29.6807,40.8106,18.0616,15.5742,21.8293,17.7223,2
2457856.824307,18.2780,19.2500,18.0616,15.5742,21.8293,17.7223,2
2457856.842157,-3.3583,38.9268,18.0616,15.5742,21.8293,17.7223,2
2457856.892297,4.7757,8.6914,18.0616,15.5742,21.8293,17.7223,2
2457858.881887,-2.9494,7.7538,18.0616,15.5742,21.8293,17.7223,2
2457858.901017,14.4340,8.8290,18.0616,15.5742,21.8293,17.7223,2
2457862.741077,11.8994,18.5105,18.0616,15.5742,21.8293,17.7223,2
2457862.758487,47.9456,19.7898,18.0616,15.5742,21.8293,17.7223,2
2457862.812647,25.7430,14.6793,18.0616,15.5742,21.8293,17.7223,2
2457863.920817,-30.0185,11.0129,18.0616,15.5742,21.8293,17.7223,2
2457864.743757,7.3375,19.7812,18.0616,15.5742,21.8293,17.7223,2
2457865.769767,43.9881,22.3120,18.0616,15.5742,21.8293,17.7223,2
2457866.705987,33.0851,2.4526,18.0616,15.5742,21.8293,17.7223,2
2457867.690997,13.7987,6.1786,18.0616,15.5742,21.8293,17.7223,2
2457867.730187,56.1723,2.9178,18.0616,15.5742,21.8293,17.7223,2
2457867.780667,-16.0697,35.7591,18.0616,15.5742,21.8293,17.7223,2
2457867.801687,9.0879,-12.7176,18.0616,15.5742,21.8293,17.7223,2
2457869.737107,-6.0633,3.6368,18.0616,15.5742,21.8293,17.7223,2
2457869.781357,5.0396,1.6951,18.0616,15.5742,21.8293,17.7223,2
2457869.906257,19.2867,7.9249,18.0616,15.5742,21.8293,17.7223,2
2457869.924987,5.8240,23.0666,18.0616,15.5742,21.8293,17.7223,2
2457870.692357,-9.7413,26.8281,18.0616,15.5742,21.8293,17.7223,2
2457870.792337,-15.3383,21.1599,18.0616,15.5742,21.8293,17.7223,2
2457870.905797,-11.7847,16.1216,18.0616,15.5742,21.8293,17.7223,2
2457871.762927,-2.8969,23.4601,18.0616,15.5742,21.8293,17.7223,2
2457871.792877,11.2519,28.7598,18.0616,15.5742,21.8293,17.7223,2
2457872.771077,9.4929,20.1181,18.0616,15.5742,21.8293,17.7223,2
2457873.720887,20.7000,4.2993,18.0616,15.5742,21.8293,17.7223,2
2457873.788407,-6.4529,-4.0926,18.0616,15.5742,21.8293,17.7223,2
2457873.843027,28.6508,12.6529,18.0616,15.5742,21.8293,17.7223,2
2457873.878077,3.9018,28.2540,18.0616,15.5742,21.8293,17.7223,2
2457873.932427,39.9890,0.7525,18.0616,15.5742,21.8293,17.7223,2
2457874.699677,13.5974,19.6563,18.0616,15.5742,21.8293,17.7223,2
2457874.729627,11.0981,22.2990,18.0616,15.5742,21.8293,17.7223,2
2457874.747147,45.4367,1.0291,18.0616,15.5742,21.8293,17.7223,2
2457874.764977,-0.6531,11.3156,18.0616,15.5742,21.8293,17.7223,2
2457874.783587,8.6291,25.4724,18.0616,15.5742,21.8293,17.7223,2
2457874.851727,13.0214,13.0552,18.0616,15.5742,21.8293,17.7223,2
2457874.886877,8.4883,27.8548,18.0616,15.5742,21.8293,17.7223,2
2457875.663607,9.4372,12.6865,18.0616,15.5742,21.8293,17.7223,2
2457875.680817,34.3744,29.7074,18.0616,15.5742,21.8293,17.7223,2
2457876.669167,-9.4418,10.6672,18.0616,15.5742,21.8293,17.7223,2
2457876.687167,-6.1144,1.8517,18.0616,15.5742,21.8293,17.7223,2
2457876.737527,-10.0623,19.2067,18.0616,15.5742,21.8293,17.7223,2
2457876.913367,17.7791,16.4001,18.0616,15.5742,21.8293,17.7223,2
2457877.698857,-0.7251,12.7151,18.0616,15.5742,21.8293,17.7223,2
2457877.775707,30.7383,15.9342,18.0616,15.5742,21.8293,17.7223,2
2457877.919837,42.5753,12.4450,18.0616,15.5742,21.8293,17.7223,2
2457878.846247,20.1115,9.6218,18.0616,15.5742,21.8293,17.7223,2
2457878.921527,30.8895,10.1508,18.0616,15.5742,21.8293,17.7223,2
2457879.672577,-13.5018,-6.1036,18.0616,15.5742,21.8293,17.7223,2
2457879.693097,63.7546,2.3949,18.0616,15.5742,21.8293,17.7223,2
2457879.712677,46.6881,-20.0651,18.0616,15.5742,21.8293,17.7223,2
2457879.750837,53.7872,-3.4083,18.0616,15.5742,21.8293,17.7223,2
2457879.804817,4.4034,22.0392,18.0616,15.5742,21.8293,17.7223,2
2457879.855347,-15.2732,17.4244,18.0616,15.5742,21.8293,17.7223,2
2457879.896297,21.0909,20.3778,18.0616,15.5742,21.8293,17.7223,2
2457882.677457,22.7192,31.8686,18.0616,15.5742,21.8293,17.7223,2
2457882.834607,6.1625,17.4419,18.0616,15.5742,21.8293,17.7223,2
2457882.867137,13.3904,4.5546,18.0616,15.5742,21.8293,17.7223,2
2457882.910117,10.2007,12.9894,18.0616,15.5742,21.8293,17.7223,2
2457888.720327,9.5304,-13.2356,18.0616,15.5742,21.8293,17.7223,2
2457888.756797,38.6219,10.8666,18.0616,15.5742,21.8293,17.7223,2
2457888.788507,13.8229,3.5889,18.0616,15.5742,21.8293,17.7223,2
2457888.807187,19.2678,2.2658,18.0616,15.5742,21.8293,17.7223,2
2457888.825297,11.4334,21.9259,18.0616,15.5742,21.8293,17.7223,2
2457888.842267,-24.8803,8.9926,18.0616,15.5742,21.8293,17.7223,2
2457888.860107,12.0305,49.4184,18.0616,15.5742,21.8293,17.7223,2
2457888.877707,19.5517,5.7327,18.0616,15.5742,21.8293,17.7223,2
2457888.906817,24.4048,21.1317,18.0616,15.5742,21.8293,17.7223,2
2457889.648727,55.0044,4.6554,18.0616,15.5742,21.8293,17.7223,2
2457889.679467,-6.8252,-27.0798,18.0616,15.5742,21.8293,17.7223,2
2457889.713797,15.7357,40.0200,18.0616,15.5742,21.8293,17.7223,2
2457889.731697,21.2634,11.3983,18.0616,15.5742,21.8293,17.7223,2
2457889.812217,23.3695,19.9087,18.0616,15.5742,21.8293,17.7223,2
2457890.651797,43.3420,26.4391,18.0616,15.5742,21.8293,17.7223,2
2457890.716687,6.6600,-32.0279,18.0616,15.5742,21.8293,17.7223,2
2457890.758247,39.1420,-30.5023,18.0616,15.5742,21.8293,17.7223,2
2457890.826267,4.7324,29.3715,18.0616,15.5742,21.8293,17.7223,2
2457890.861657,-7.9772,34.6125,18.0616,15.5742,21.8293,17.7223,2
2457890.879577,-13.9775,23.9865,18.0616,15.5742,21.8293,17.7223,2
2457893.754867,16.4743,52.6599,18.0616,15.5742,21.8293,17.7223,2
2457893.788997,13.7169,0.8994,18.0616,15.5742,21.8293,17.7223,2
2457893.810927,12.4198,26.1501,18.0616,15.5742,21.8293,17.7223,2
2457893.867697,-15.9330,12.8640,18.0616,15.5742,21.8293,17.7223,2
2457893.887027,-12.3898,51.2234,18.0616,15.5742,21.8293,17.7223,2
2457894.724827,-11.1807,21.7899,18.0616,15.5742,21.8293,17.7223,2
2457894.775327,0.9725,31.0946,18.0616,15.5742,21.8293,17.7223,2
2457894.889347,-18.4795,-4.2653,18.0616,15.5742,21.8293,17.7223,2
2457894.915647,30.6607,-21.4463,18.0616,15.5742,21.8293,17.7223,2
2457895.638487,34.9208,29.9190,18.0616,15.5742,21.8293,17.7223,2
2457895.657487,-27.3206,3.1054,18.0616,15.5742,21.8293,17.7223,2
2457895.769227,16.2114,12.8041,18.0616,15.5742,21.8293,17.7223,2
2457901.621427,14.6686,53.9663,18.0616,15.5742,21.8293,17.7223,2
2457901.657837,57.5564,19.4123,18.0616,15.5742,21.8293,17.7223,2
2457901.688557,2.6310,-27.6075,18.0616,15.5742,21.8293,17.7223,2
2457901.727097,-13.2331,29.0407,18.0616,15.5742,21.8293,17.7223,2
2457902.670817,-10.5592,4.9297,18.0616,15.5742,21.8293,17.7223,2
2457902.736677,17.2786,20.1094,18.0616,15.5742,21.8293,17.7223,2
2457903.601837,7.9413,32.6991,18.0616,15.5742,21.8293,17.7223,2
2457903.797247,-4.7198,36.4235,18.0616,15.5742,21.8293,17.7223,2
2457903.844664,10.1186,14.1826,18.0616,15.5742,21.8293,17.7223,2
2457903.879424,-8.6706,32.5619,18.0616,15.5742,21.8293,17.7223,2
2457903.900434,20.6244,30.8715,18.0616,15.5742,21.8293,17.7223,2
2457904.585417,60.3717,11.0164,18.0616,15.5742,21.8293,17.7223,2
2457904.689527,17.6586,26.0594,18.0616,15.5742,21.8293,17.7223,2
2457904.798627,20.4029,27.6074,18.0616,15.5742,21.8293,17.7223,2
2457904.816187,-1.9372,-7.5759,18.0616,15.5742,21.8293,17.7223,2
2457904.833807,21.9385,10.6369,18.0616,15.5742,21.8293,17.7223,2
2457904.851337,47.3203,-14.7521,18.0616,15.5742,21.8293,17.7223,2
2457904.869477,28.4425,14.6204,18.0616,15.5742,21.8293,17.7223,2
2457904.898457,39.2386,1.3341,18.0616,15.5742,21.8293,17.7223,2
2457905.593887,-13.6459,-31.2102,18.0616,15.5742,21.8293,17.7223,2
2457905.674807,3.7920,1.9423,18.0616,15.5742,21.8293,17.7223,2
2457905.718197,29.6312,38.9602,18.0616,15.5742,21.8293,17.7223,2
2457905.795137,20.2379,13.6653,18.0616,15.5742,21.8293,17.7223,2
2457905.816007,-13.2073,41.9017,18.0616,15.5742,21.8293,17.7223,2
2457906.609728,21.9894,-34.0861,18.0616,15.5742,21.8293,17.7223,2
2457906.707517,-16.0243,4.9374,18.0616,15.5742,21.8293,17.7223,2
2457906.790197,29.7307,34.6817,18.0616,15.5742,21.8293,17.7223,2
2457906.820087,7.4776,27.6305,18.0616,15.5742,21.8293,17.7223,2
2457906.838607,11.8454,46.4879,18.0616,15.5742,21.8293,17.7223,2
2457906.861377,30.4693,41.9623,18.0616,15.5742,21.8293,17.7223,2
2457906.887477,21.6630,-8.5306,18.0616,15.5742,21.8293,17.7223,2
2457907.783447,23.8762,12.9269,18.0616,15.5742,21.8293,17.7223,2
2457908.647447,16.5094,30.7668,18.0616,15.5742,21.8293,17.7223,2
2457908.893847,17.6170,-20.3523,18.0616,15.5742,21.8293,17.7223,2
2457910.590947,40.5377,3.6294,18.0616,15.5742,21.8293,17.7223,2
2457910.652487,0.2667,30.1955,18.0616,15.5742,21.8293,17.7223,2
2457910.835847,20.2972,7.0496,18.0616,15.5742,21.8293,17.7223,2
2457910.892857,14.1452,25.2220,18.0616,15.5742,21.8293,17.7223,2
2457911.616307,44.2143,17.7383,18.0616,15.5742,21.8293,17.7223,2
2457911.653807,8.6844,-1.5741,18.0616,15.5742,21.8293,17.7223,2
2457911.685247,13.7804,22.8733,18.0616,15.5742,21.8293,17.7223,2
2457911.705207,19.6443,6.9373,18.0616,15.5742,21.8293,17.7223,2
2457911.820447,3.7337,17.2627,18.0616,15.5742,21.8293,17.7223,2
2457911.839557,18.5425,-4.0375,18.0616,15.5742,21.8293,17.7223,2
2457911.859937,4.6677,-20.5967,18.0616,15.5742,21.8293,17.7223,2
2457913.653707,-14.3162,36.7948,18.0616,15.5742,21.8293,17.7223,2
2457913.692337,23.2565,-9.2606,18.0616,15.5742,21.8293,17.7223,2
2457913.715757,4.9858,6.8663,18.0616,15.5742,21.8293,17.7223,2
2457916.658857,-5.3005,7.5556,18.0616,15.5742,21.8293,17.7223,2
2457916.676327,11.2417,5.2651,18.0616,15.5742,21.8293,17.7223,2
2457916.706177,40.6110,5.1814,18.0616,15.5742,21.8293,17.7223,2
2457916.724547,26.3115,6.5019,18.0616,15.5742,21.8293,17.7223,2
2457916.776747,24.8312,10.1920,18.0616,15.5742,21.8293,17.7223,2
2457916.810027,25.2510,-7.3892,18.0616,15.5742,21.8293,17.7223,2
2457916.831647,7.2417,-2.7046,18.0616,15.5742,21.8293,17.7223,2
2457916.849907,6.2289,23.0782,18.0616,15.5742,21.8293,17.7223,2
2457917.591697,36.2009,-6.4540,18.0616,15.5742,21.8293,17.7223,2
2457917.609037,44.2998,-12.7309,18.0616,15.5742,21.8293,17.7223,2
2457917.659267,7.4347,46.4109,18.0616,15.5742,21.8293,17.7223,2
2457917.727317,3.2862,0.3906,18.0616,15.5742,21.8293,17.7223,2
2457917.813687,23.6271,37.7754,18.0616,15.5742,21.8293,17.7223,2
2457917.838747,25.8545,-13.6692,18.0616,15.5742,21.8293,17.7223,2
2457917.857847,9.0478,30.0154,18.0616,15.5742,21.8293,17.7223,2
2457917.876817,5.0865,17.0334,18.0616,15.5742,21.8293,17.7223,2
2457923.618067,61.1504,9.7558,18.0616,15.5742,21.8293,17.7223,2
2457923.636597,-20.5179,13.5136,18.0616,15.5742,21.8293,17.7223,2
2457923.674857,25.7401,28.5342,18.0616,15.5742,21.8293,17.7223,2
2457923.694237,4.3438,21.3422,18.0616,15.5742,21.8293,17.7223,2
2457923.715367,20.4649,26.7128,18.0616,15.5742,21.8293,17.7223,2
2457923.746947,1.4112,34.9334,18.0616,15.5742,21.8293,17.7223,2
2457924.602117,38.2454,10.2604,18.0616,15.5742,21.8293,17.7223,2
2457924.710347,-2.4912,19.9825,18.0616,15.5742,21.8293,17.7223,2
2457924.747107,12.4969,-22.2214,18.0616,15.5742,21.8293,17.7223,2
2457924.766267,33.6699,20.2956,18.0616,15.5742,21.8293,17.7223,2
2457924.787987,-10.9947,9.8815,18.0616,15.5742,21.8293,17.7223,2
2457924.860057,16.4730,29.4400,18.0616,15.5742,21.8293,17.7223,2
2457925.544107,12.2932,19.7620,18.0616,15.5742,21.8293,17.7223,2
2457925.747467,42.5942,-1.9108,18.0616,15.5742,21.8293,17.7223,2
2457933.643367,58.7007,-17.8280,18.0616,15.5742,21.8293,17.7223,2
2457933.666467,5.6353,23.9190,18.0616,15.5742,21.8293,17.7223,2
2457933.751557,3.3893,-1.6300,18.0616,15.5742,21.8293,17.7223,2
2457933.783547,43.5394,12.9739,18.0616,15.5742,21.8293,17.7223,2
2457934.535157,25.1888,30.1965,18.0616,15.5742,21.8293,17.7223,2
2457934.569167,-9.2957,38.0682,18.0616,15.5742,21.8293,17.7223,2
2457934.608667,57.6937,-24.4509,18.0616,15.5742,21.8293,17.7223,2
2457934.646617,-24.2782,23.9029,18.0616,15.5742,21.8293,17.7223,2
2457934.720367,23.1496,14.1048,18.0616,15.5742,21.8293,17.7223,2
2457935.514507,44.0566,-13.0113,18.0616,15.5742,21.8293,17.7223,2
2457935.534047,65.3205,-3.2709,18.0616,15.5742,21.8293,17.7223,2
2457935.586777,-10.6784,29.5690,18.0616,15.5742,21.8293,17.7223,2
2457935.608807,24.1243,40.9333,18.0616,15.5742,21.8293,17.7223,2
2457935.647817,9.4471,34.0804,18.0616,15.5742,21.8293,17.7223,2
2457935.720447,16.3128,6.9676,18.0616,15.5742,21.8293,17.7223,2
2457935.760217,21.4234,6.5210,18.0616,15.5742,21.8293,17.7223,2
2457935.782577,-5.6826,45.3802,18.0616,15.5742,21.8293,17.7223,2
2457935.813417,43.4828,31.3722,18.0616,15.5742,21.8293,17.7223,2
2457936.501237,31.7582,3.1121,18.0616,15.5742,21.8293,17.7223,2
2457936.597037,-22.2850,2.5790,18.0616,15.5742,21.8293,17.7223,2
2457936.658417,-2.5264,20.2896,18.0616,15.5742,21.8293,17.7223,2
2457936.690657,-13.3651,-11.6757,18.0616,15.5742,21.8293,17.7223,2
2457936.709947,10.7950,45.2011,18.0616,15.5742,21.8293,17.7223,2
2457936.747687,-18.1009,-2.1344,18.0616,15.5742,21.8293,17.7223,2
2457936.766077,-5.9684,16.6318,18.0616,15.5742,21.8293,17.7223,2
2457937.520447,3.3803,-18.4626,18.0616,15.5742,21.8293,17.7223,2
2457937.550347,49.9358,1.2143,18.0616,15.5742,21.8293,17.7223,2
2457937.570067,31.4920,2.9714,18.0616,15.5742,21.8293,17.7223,2
2457937.590597,-27.6266,-3.3889,18.0616,15.5742,21.8293,17.7223,2
2457937.610417,-27.9454,-6.8807,18.0616,15.5742,21.8293,17.7223,2
2457937.678167,13.2531,22.9713,18.0616,15.5742,21.8293,17.7223,2
2457937.697347,2.7250,20.2536,18.0616,15.5742,21.8293,17.7223,2
2457937.736737,42.0610,-6.5300,18.0616,15.5742,21.8293,17.7223,2
2457937.756717,36.8640,26.1126,18.0616,15.5742,21.8293,17.7223,2
2457937.827937,-13.8719,-9.8940,18.0616,15.5742,21.8293,17.7223,2
2457938.493977,10.1650,23.1963,18.0616,15.5742,21.8293,17.7223,2
2457938.514477,62.0969,-13.5889,18.0616,15.5742,21.8293,17.7223,2
2457938.548847,57.0194,-8.0190,18.0616,15.5742,21.8293,17.7223,2
2457938.568897,53.0941,-6.0278,18.0616,15.5742,21.8293,17.7223,2
2457944.504287,-20.1494,12.8121,18.0616,15.5742,21.8293,17.7223,2
2457944.524107,32.3527,7.0465,18.0616,15.5742,21.8293,17.7223,2
2457944.552727,31.4194,-28.6781,18.0616,15.5742,21.8293,17.7223,2
2457944.684397,3.8026,24.3377,18.0616,15.5742,21.8293,17.7223,2
2457944.759117,21.0357,-20.1370,18.0616,15.5742,21.8293,17.7223,2
2457945.475707,10.9481,19.8660,18.0616,15.5742,21.8293,17.7223,2
2457945.493687,-14.0413,15.5517,18.0616,15.5742,21.8293,17.7223,2
2457945.631697,1.1749,18.1051,18.0616,15.5742,21.8293,17.7223,2
2457945.720437,19.1125,1.9873,18.0616,15.5742,21.8293,17.7223,2
2457945.783017,47.6510,-9.1310,18.0616,15.5742,21.8293,17.7223,2
2457945.801417,-27.2059,24.4487,18.0616,15.5742,21.8293,17.7223,2
2457946.519457,17.2060,28.1783,18.0616,15.5742,21.8293,17.7223,2
2457946.558417,3.4645,-16.5928,18.0616,15.5742,21.8293,17.7223,2
2457946.576157,29.8352,21.2461,18.0616,15.5742,21.8293,17.7223,2
2457946.593217,-16.1625,35.7431,18.0616,15.5742,21.8293,17.7223,2
2457946.614727,8.2434,1.0282,18.0616,15.5742,21.8293,17.7223,2
2457946.636937,-27.0890,24.4108,18.0616,15.5742,21.8293,17.7223,2
2457946.667557,-8.6318,38.6552,18.0616,15.5742,21.8293,17.7223,2
2457946.685067,1.1746,33.3242,18.0616,15.5742,21.8293,17.7223,2
2457946.703707,-33.2352,13.7804,18.0616,15.5742,21.8293,17.7223,2
2457946.762287,60.2060,-15.8916,18.0616,15.5742,21.8293,17.7223,2
2457947.561437,66.9498,23.6313,18.0616,15.5742,21.8293,17.7223,2
2457948.547837,37.3104,28.7067,18.0616,15.5742,21.8293,17.7223,2
2457948.566347,38.4044,13.0851,18.0616,15.5742,21.8293,17.7223,2
2457948.585517,44.5745,25.5265,18.0616,15.5742,21.8293,17.7223,2
2457948.605187,34.4675,2.5543,18.0616,15.5742,21.8293,17.7223,2
2457948.626277,32.5076,9.0537,18.0616,15.5742,21.8293,17.7223,2
2457948.646587,-8.9685,-14.0403,18.0616,15.5742,21.8293,17.7223,2
2457948.757747,-14.5833,-2.3620,18.0616,15.5742,21.8293,17.7223,2
2457949.633617,-3.8895,-11.6212,18.0616,15.5742,21.8293,17.7223,2
2457949.653377,-3.9533,20.6348,18.0616,15.5742,21.8293,17.7223,2
2457951.674977,44.8173,27.9476,18.0616,15.5742,21.8293,17.7223,2
2457951.693517,2.5308,-22.9927,18.0616,15.5742,21.8293,17.7223,2
2457952.479777,29.0377,7.1565,18.0616,15.5742,21.8293,17.7223,2
2457952.519497,-7.7197,-11.0141,18.0616,15.5742,21.8293,17.7223,2
2457952.701607,1.1104,40.3948,18.0616,15.5742,21.8293,17.7223,2
2457952.721767,23.0429,20.9640,18.0616,15.5742,21.8293,17.7223,2
2457952.741557,24.9237,15.6333,18.0616,15.5742,21.8293,17.7223,2
2457952.779427,55.3516,-21.9917,18.0616,15.5742,21.8293,17.7223,2
2457953.607777,2.5861,41.8159,18.0616,15.5742,21.8293,17.7223,2
2457953.641517,-1.0040,12.1343,18.0616,15.5742,21.8293,17.7223,2
2457953.661797,-30.3392,44.0071,18.0616,15.5742,21.8293,17.7223,2
2457953.699607,47.1232,51.8457,18.0616,15.5742,21.8293,17.7223,2
2457953.719797,3.5192,10.6094,18.0616,15.5742,21.8293,17.7223,2
2457954.525757,9.9691,32.6266,18.0616,15.5742,21.8293,17.7223,2
2457954.545037,-8.0224,27.7913,18.0616,15.5742,21.8293,17.7223,2
2457954.580007,0.2403,26.0187,18.0616,15.5742,21.8293,17.7223,2
2457954.599167,26.4314,21.6753,18.0616,15.5742,21.8293,17.7223,2
2457954.617737,3.2275,22.2689,18.0616,15.5742,21.8293,17.7223,2
2457954.637797,-2.0152,14.2414,18.0616,15.5742,21.8293,17.7223,2
2457954.670217,-10.5892,-1.4167,18.0616,15.5742,21.8293,17.7223,2
2457954.708847,6.8652,-2.4744,18.0616,15.5742,21.8293,17.7223,2
2457955.471427,36.4580,26.2964,18.0616,15.5742,21.8293,17.7223,2
2457955.503837,5.6230,19.3754,18.0616,15.5742,21.8293,17.7223,2
2457955.520757,-7.1027,-14.9310,18.0616,15.5742,21.8293,17.7223,2
2457955.538247,33.9115,3.4783,18.0616,15.5742,21.8293,17.7223,2
2457955.557227,19.4734,20.4938,18.0616,15.5742,21.8293,17.7223,2
2457955.574697,-4.7133,22.7557,18.0616,15.5742,21.8293,17.7223,2
2457955.624887,14.6870,27.9815,18.0616,15.5742,21.8293,17.7223,2
2457955.643737,6.6866,28.3373,18.0616,15.5742,21.8293,17.7223,2
2457955.662327,-7.3049,31.8795,18.0616,15.5742,21.8293,17.7223,2
2457955.729247,-26.1429,-15.3137,18.0616,15.5742,21.8293,17.7223,2
2457955.763987,-7.3432,22.8389,18.0616,15.5742,21.8293,17.7223,2
2457956.484347,5.9475,14.6926,18.0616,15.5742,21.8293,17.7223,2
2457956.532567,48.9551,-0.4980,18.0616,15.5742,21.8293,17.7223,2
2457956.662867,9.9199,26.5563,18.0616,15.5742,21.8293,17.7223,2
2457956.764477,-5.5774,30.2614,18.0616,15.5742,21.8293,17.7223,2
2457957.640767,39.2065,11.7314,18.0616,15.5742,21.8293,17.7223,2
2457957.657817,-3.2953,-22.5562,18.0616,15.5742,21.8293,17.7223,2
2457958.666917,6.9539,-10.6924,18.0616,15.5742,21.8293,17.7223,2
2457958.695437,20.5181,-3.2662,18.0616,15.5742,21.8293,17.7223,2
2457958.711877,17.2021,30.9292,18.0616,15.5742,21.8293,17.7223,2
2457958.730737,38.0585,2.5299,18.0616,15.5742,21.8293,17.7223,2
2457958.748627,40.7543,-4.5785,18.0616,15.5742,21.8293,17.7223,2
2457959.496097,5.4501,24.6389,18.0616,15.5742,21.8293,17.7223,2
2457959.514817,16.2962,2.1652,18.0616,15.5742,21.8293,17.7223,2
2457959.605987,12.4818,24.5771,18.0616,15.5742,21.8293,17.7223,2
2457959.623637,-7.8520,21.8215,18.0616,15.5742,21.8293,17.7223,2
2457959.641427,3.2450,-2.9746,18.0616,15.5742,21.8293,17.7223,2
2457959.743277,4.6007,49.7833,18.0616,15.5742,21.8293,17.7223,2
2457960.470257,25.2196,22.0647,18.0616,15.5742,21.8293,17.7223,2
2457960.610337,10.7901,19.3540,18.0616,15.5742,21.8293,17.7223,2
2457960.677547,-9.7941,47.4673,18.0616,15.5742,21.8293,17.7223,2
2457960.694897,8.5123,40.1324,18.0616,15.5742,21.8293,17.7223,2
2457960.715787,12.3692,19.8464,18.0616,15.5742,21.8293,17.7223,2
2457961.477157,-26.7981,-14.8788,18.0616,15.5742,21.8293,17.7223,2
2457961.521607,-4.2090,-14.8952,18.0616,15.5742,21.8293,17.7223,2
2457961.570087,0.7515,10.9147,18.0616,15.5742,21.8293,17.7223,2
2457961.588627,22.9699,30.2871,18.0616,15.5742,21.8293,17.7223,2
2457961.607937,1.8869,17.8493,18.0616,15.5742,21.8293,17.7223,2
2457961.648247,-5.7560,14.7516,18.0616,15.5742,21.8293,17.7223,2
2457961.677847,23.0485,38.6022,18.0616,15.5742,21.8293,17.7223,2
2457962.663847,-1.6317,7.9644,18.0616,15.5742,21.8293,17.7223,2
2457962.682627,28.8131,9.3482,18.0616,15.5742,21.8293,17.7223,2
2457962.699727,-22.8997,18.1840,18.0616,15.5742,21.8293,17.7223,2
2457962.717177,51.2024,16.2810,18.0616,15.5742,21.8293,17.7223,2
2457964.557047,9.2251,21.9270,18.0616,15.5742,21.8293,17.7223,2
2457964.645227,24.6214,23.6974,18.0616,15.5742,21.8293,17.7223,2
2457964.692867,-5.6216,16.2090,18.0616,15.5742,21.8293,17.7223,2
2457964.728277,5.1941,14.3476,18.0616,15.5742,21.8293,17.7223,2
2457964.745337,5.8581,-17.2953,18.0616,15.5742,21.8293,17.7223,2
2457966.573257,-2.1337,17.4766,18.0616,15.5742,21.8293,17.7223,2
2457966.653737,-5.7462,15.9722,18.0616,15.5742,21.8293,17.7223,2
2457968.584257,4.9406,-12.4425,18.0616,15.5742,21.8293,17.7223,2
2457968.615487,35.6186,29.0806,18.0616,15.5742,21.8293,17.7223,2
2457968.675047,-23.8680,12.9958,18.0616,15.5742,21.8293,17.7223,2
2457970.704917,-11.8525,4.7673,18.0616,15.5742,21.8293,17.7223,2
2457971.626597,-2.6937,35.7626,18.0616,15.5742,21.8293,17.7223,2
2457981.580227,-9.7092,-2.4761,18.0616,15.5742,21.8293,17.7223,2
2457981.601337,25.1554,7.1879,18.0616,15.5742,21.8293,17.7223,2
2457982.505497,32.4127,1.6136,18.0616,15.5742,21.8293,17.7223,2
2457982.540147,-0.8191,10.3921,18.0616,15.5742,21.8293,17.7223,2
2457982.704407,2.2710,1.5665,18.0616,15.5742,21.8293,17.7223,2
2457983.694367,13.8899,-24.7362,18.0616,15.5742,21.8293,17.7223,2
2457984.508397,19.3126,39.1769,18.0616,15.5742,21.8293,17.7223,2
2457984.529857,13.3016,29.8614,18.0616,15.5742,21.8293,17.7223,2
2457984.606727,7.5957,-2.9748,18.0616,15.5742,21.8293,17.7223,2
2457984.663817,37.2883,-10.0687,18.0616,15.5742,21.8293,17.7223,2
2457985.519957,32.2532,23.9914,18.0616,15.5742,21.8293,17.7223,2
2457985.655897,16.8967,-15.0896,18.0616,15.5742,21.8293,17.7223,2
2457985.690907,15.8558,9.5683,18.0616,15.5742,21.8293,17.7223,2
2457986.497057,16.6535,33.0394,18.0616,15.5742,21.8293,17.7223,2
2457986.526957,0.6380,8.1637,18.0616,15.5742,21.8293,17.7223,2
2457986.564367,2.2009,7.7759,18.0616,15.5742,21.8293,17.7223,2
2457986.581857,15.3568,6.1737,18.0616,15.5742,21.8293,17.7223,2
2457986.626677,11.4235,-9.1106,18.0616,15.5742,21.8293,17.7223,2
2457987.491277,29.4575,28.7804,18.0616,15.5742,21.8293,17.7223,2
2457987.531367,3.3924,27.8857,18.0616,15.5742,21.8293,17.7223,2
2457987.563277,-0.8269,25.0789,18.0616,15.5742,21.8293,17.7223,2
2457987.605627,18.1725,20.7609,18.0616,15.5742,21.8293,17.7223,2
2457987.686597,0.6451,0.7462,18.0616,15.5742,21.8293,17.7223,2
2457988.588057,-15.1413,13.1353,18.0616,15.5742,21.8293,17.7223,2
2457990.538787,-1.0338,6.1258,18.0616,15.5742,21.8293,17.7223,2
2457990.628897,-1.1141,36.1476,18.0616,15.5742,21.8293,17.7223,2
2457990.683217,-10.7388,-4.0237,18.0616,15.5742,21.8293,17.7223,2
2457991.542697,4.6865,15.1131,18.0616,15.5742,21.8293,17.7223,2
2457991.579147,18.3524,-16.2361,18.0616,15.5742,21.8293,17.7223,2
2457991.596737,-1.5664,1.7333,18.0616,15.5742,21.8293,17.7223,2
2457991.653227,15.0027,2.7432,18.0616,15.5742,21.8293,17.7223,2
2457994.502077,23.8102,48.1662,18.0616,15.5742,21.8293,17.7223,2
2457994.521097,0.5275,4.3209,18.0616,15.5742,21.8293,17.7223,2
2457994.552417,45.0834,26.5772,18.0616,15.5742,21.8293,17.7223,2
2457994.572587,0.8657,1.8627,18.0616,15.5742,21.8293,17.7223,2
2457994.593707,31.4732,12.3914,18.0616,15.5742,21.8293,17.7223,2
2457994.621187,31.0991,16.4262,18.0616,15.5742,21.8293,17.7223,2
2457995.498797,24.2856,34.3481,18.0616,15.5742,21.8293,17.7223,2
2457996.484167,5.6314,4.7681,18.0616,15.5742,21.8293,17.7223,2
2457996.566977,17.5486,41.9339,18.0616,15.5742,21.8293,17.7223,2
2457996.596127,35.5153,24.7292,18.0616,15.5742,21.8293,17.7223,2
2457996.615467,18.3839,16.8915,18.0616,15.5742,21.8293,17.7223,2
2457996.631877,-7.3710,-6.1580,18.0616,15.5742,21.8293,17.7223,2
2457997.562867,10.1155,-15.0828,18.0616,15.5742,21.8293,17.7223,2
2457997.581297,-8.3369,42.2964,18.0616,15.5742,21.8293,17.7223,2
2457997.600637,25.0051,26.3678,18.0616,15.5742,21.8293,17.7223,2
2457998.485297,7.6703,24.8864,18.0616,15.5742,21.8293,17.7223,2
2457998.505427,5.7592,16.1583,18.0616,15.5742,21.8293,17.7223,2
2457998.614017,1.5588,18.7158,18.0616,15.5742,21.8293,17.7223,2
2457998.653947,-20.6318,7.6041,18.0616,15.5742,21.8293,17.7223,2
2457999.636347,41.6769,26.7223,18.0616,15.5742,21.8293,17.7223,2
2458001.588417,-3.2665,38.1817,18.0616,15.5742,21.8293,17.7223,2
2458001.619027,35.5344,-11.7100,18.0616,15.5742,21.8293,17.7223,2
2458001.635187,-7.2572,-12.5146,18.0616,15.5742,21.8293,17.7223,2
2458002.605407,7.3213,-0.9431,18.0616,15.5742,21.8293,17.7223,2
2458002.624697,-17.5844,30.6336,18.0616,15.5742,21.8293,17.7223,2
2458003.479397,-8.9918,5.7213,18.0616,15.5742,21.8293,17.7223,2
2458003.598857,23.2361,11.6373,18.0616,15.5742,21.8293,17.7223,2
2458003.646027,30.3588,-17.3900,18.0616,15.5742,21.8293,17.7223,2
2458004.489517,7.3574,19.3387,18.0616,15.5742,21.8293,17.7223,2
2458004.568057,12.1981,26.3824,18.0616,15.5742,21.8293,17.7223,2
2458004.590077,58.3338,2.1514,18.0616,15.5742,21.8293,17.7223,2
2458007.604937,58.9123,0.5377,18.0616,15.5742,21.8293,17.7223,2
2458010.523397,12.4682,46.5841,18.0616,15.5742,21.8293,17.7223,2
2458010.542257,-6.0921,15.8023,18.0616,15.5742,21.8293,17.7223,2
2458010.564447,-13.2663,26.8095,18.0616,15.5742,21.8293,17.7223,2
2458010.594327,50.6088,8.8820,18.0616,15.5742,21.8293,17.7223,2
2458010.615117,-3.5771,-1.8259,18.0616,15.5742,21.8293,17.7223,2
2458012.494277,26.7468,29.6008,18.0616,15.5742,21.8293,17.7223,2
2458012.513607,17.8443,-2.4159,18.0616,15.5742,21.8293,17.7223,2
2458013.498067,13.6594,45.2263,18.0616,15.5742,21.8293,17.7223,2
2458013.515187,4.5650,3.3414,18.0616,15.5742,21.8293,17.7223,2
2458013.552127,22.7503,14.8407,18.0616,15.5742,21.8293,17.7223,2
2458013.607077,40.4197,-29.0031,18.0616,15.5742,21.8293,17.7223,2
2458014.479087,17.2235,30.8211,18.0616,15.5742,21.8293,17.7223,2
2458014.555957,-4.7326,9.7475,18.0616,15.5742,21.8293,17.7223,2
2458014.575647,8.6078,33.7053,18.0616,15.5742,21.8293,17.7223,2
2458014.593147,-0.1817,33.3102,18.0616,15.5742,21.8293,17.7223,2
2458017.514897,4.1525,-5.2104,18.0616,15.5742,21.8293,17.7223,2
2458018.556407,-6.6814,37.4468,18.0616,15.5742,21.8293,17.7223,2
2458018.593847,31.4337,12.4560,18.0616,15.5742,21.8293,17.7223,2
2458019.595467,9.6696,44.0977,18.0616,15.5742,21.8293,17.7223,2
2458021.512157,58.5674,-4.6667,18.0616,15.5742,21.8293,17.7223,2
2458021.533747,46.5110,-0.4332,18.0616,15.5742,21.8293,17.7223,2
2458022.507687,-7.7251,4.6088,18.0616,15.5742,21.8293,17.7223,2
2458022.547777,0.4247,21.0172,18.0616,15.5742,21.8293,17.7223,2
2458022.594447,-29.2864,-2.8574,18.0616,15.5742,21.8293,17.7223,2
2458023.580597,18.4157,13.4113,18.0616,15.5742,21.8293,17.7223,2
2458023.592107,11.2457,3.4002,18.0616,15.5742,21.8293,17.7223,2
2458029.576347,1.5272,27.9905,18.0616,15.5742,21.8293,17.7223,2
2458032.512177,-7.5246,-16.6181,18.0616,15.5742,21.8293,17.7223,2
2458032.530417,54.0884,-1.2822,18.0616,15.5742,21.8293,17.7223,2
2458034.547627,4.5875,28.8358,18.0616,15.5742,21.8293,17.7223,2
2458035.553177,49.6668,21.8940,18.0616,15.5742,21.8293,17.7223,2
2458036.530077,24.1742,34.1203,18.0616,15.5742,21.8293,17.7223,2
2458036.550677,13.2853,22.3188,18.0616,15.5742,21.8293,17.7223,2
2458037.496537,19.0951,-5.6448,18.0616,15.5742,21.8293,17.7223,2
2458040.523527,-8.2285,-4.2904,18.0616,15.5742,21.8293,17.7223,2
2458041.503687,19.8369,-27.6043,18.0616,15.5742,21.8293,17.7223,2
2458043.494827,-13.2739,3.1920,18.0616,15.5742,21.8293,17.7223,2
2458045.516137,42.1428,-8.0468,18.0616,15.5742,21.8293,17.7223,2
2458168.873967,24.8475,10.0046,18.0616,15.5742,15.3247,12.8794,3
2458170.856207,28.6235,11.2875,18.0616,15.5742,15.3247,12.8794,3
2458171.870627,21.2410,-11.8448,18.0616,15.5742,15.3247,12.8794,3
2458172.894487,-0.9026,15.5660,18.0616,15.5742,15.3247,12.8794,3
2458173.872527,12.9816,10.5090,18.0616,15.5742,15.3247,12.8794,3
2458174.856577,13.0564,12.6636,18.0616,15.5742,15.3247,12.8794,3
2458176.864597,40.4318,-14.9992,18.0616,15.5742,15.3247,12.8794,3
2458177.875327,24.6025,17.6229,18.0616,15.5742,15.3247,12.8794,3
2458178.880577,1.7682,7.4939,18.0616,15.5742,15.3247,12.8794,3
2458179.864947,-9.1206,-18.5024,18.0616,15.5742,15.3247,12.8794,3
2458179.883787,10.0149,-1.5812,18.0616,15.5742,15.3247,12.8794,3
2458179.902187,22.0786,-0.6185,18.0616,15.5742,15.3247,12.8794,3
2458180.843417,20.6768,25.5506,18.0616,15.5742,15.3247,12.8794,3
2458180.860647,-3.8362,4.9142,18.0616,15.5742,15.3247,12.8794,3
2458181.825467,-19.1052,-12.4285,18.0616,15.5742,15.3247,12.8794,3
2458183.832277,13.6945,26.3963,18.0616,15.5742,15.3247,12.8794,3
2458183.860287,25.0406,22.8015,18.0616,15.5742,15.3247,12.8794,3
2458184.871527,16.4917,-17.3580,18.0616,15.5742,15.3247,12.8794,3
2458184.889917,26.5938,-20.8635,18.0616,15.5742,15.3247,12.8794,3
2458184.908467,18.8086,0.1850,18.0616,15.5742,15.3247,12.8794,3
2458185.815817,-5.2569,-10.6982,18.0616,15.5742,15.3247,12.8794,3
2458185.832757,-7.3520,21.2759,18.0616,15.5742,15.3247,12.8794,3
2458185.860667,2.8170,13.4226,18.0616,15.5742,15.3247,12.8794,3
2458185.878597,17.5399,20.4246,18.0616,15.5742,15.3247,12.8794,3
2458185.895487,0.8143,31.6782,18.0616,15.5742,15.3247,12.8794,3
2458186.862437,15.1784,-7.7353,18.0616,15.5742,15.3247,12.8794,3
2458186.883127,1.5117,-15.3509,18.0616,15.5742,15.3247,12.8794,3
2458187.890267,-1.8302,7.6934,18.0616,15.5742,15.3247,12.8794,3
2458188.869367,-15.5422,16.8803,18.0616,15.5742,15.3247,12.8794,3
2458188.906257,6.2209,15.9820,18.0616,15.5742,15.3247,12.8794,3
2458189.814507,-0.6701,-3.6299,18.0616,15.5742,15.3247,12.8794,3
2458189.844887,-6.5533,-7.7211,18.0616,15.5742,15.3247,12.8794,3
2458189.861587,-15.7981,14.0834,18.0616,15.5742,15.3247,12.8794,3
2458189.878867,-21.6542,5.0812,18.0616,15.5742,15.3247,12.8794,3
2458190.852417,-7.1591,23.2679,18.0616,15.5742,15.3247,12.8794,3
2458191.836237,29.0015,-15.9393,18.0616,15.5742,15.3247,12.8794,3
2458191.853777,37.8763,35.7411,18.0616,15.5742,15.3247,12.8794,3
2458191.863567,46.2378,6.7177,18.0616,15.5742,15.3247,12.8794,3
2458191.897897,6.3300,32.4966,18.0616,15.5742,15.3247,12.8794,3
2458192.867897,-19.5830,14.9453,18.0616,15.5742,15.3247,12.8794,3
2458192.887827,-16.7220,14.0526,18.0616,15.5742,15.3247,12.8794,3
2458192.904957,4.9800,10.4214,18.0616,15.5742,15.3247,12.8794,3
2458193.802297,4.7822,26.6675,18.0616,15.5742,15.3247,12.8794,3
2458193.853197,30.3616,5.2434,18.0616,15.5742,15.3247,12.8794,3
2458194.809337,24.5137,-19.2482,18.0616,15.5742,15.3247,12.8794,3
2458194.843517,-4.3623,3.3464,18.0616,15.5742,15.3247,12.8794,3
2458195.827197,14.2070,5.6334,18.0616,15.5742,15.3247,12.8794,3
2458195.843967,14.0543,19.1983,18.0616,15.5742,15.3247,12.8794,3
2458195.889867,-26.8287,-19.5940,18.0616,15.5742,15.3247,12.8794,3
2458196.825987,11.5762,26.7786,18.0616,15.5742,15.3247,12.8794,3
2458196.846107,17.6708,9.0650,18.0616,15.5742,15.3247,12.8794,3
2458196.863227,-19.0209,16.7549,18.0616,15.5742,15.3247,12.8794,3
2458196.914627,20.6129,3.9304,18.0616,15.5742,15.3247,12.8794,3
2458197.790857,41.4421,-2.3409,18.0616,15.5742,15.3247,12.8794,3
2458197.842217,7.3435,-17.4371,18.0616,15.5742,15.3247,12.8794,3
2458197.862447,7.7828,19.8699,18.0616,15.5742,15.3247,12.8794,3
2458197.914127,-13.2371,-5.6379,18.0616,15.5742,15.3247,12.8794,3
2458198.820067,7.6828,13.0310,18.0616,15.5742,15.3247,12.8794,3
2458198.864447,-6.9855,12.8450,18.0616,15.5742,15.3247,12.8794,3
2458198.884767,-21.2297,22.4916,18.0616,15.5742,15.3247,12.8794,3
2458199.808367,5.7430,22.4147,18.0616,15.5742,15.3247,12.8794,3
2458199.825517,-3.7662,-10.1511,18.0616,15.5742,15.3247,12.8794,3
2458199.842577,24.2103,9.6469,18.0616,15.5742,15.3247,12.8794,3
2458199.862507,12.1823,21.2122,18.0616,15.5742,15.3247,12.8794,3
2458199.879597,26.0217,33.4859,18.0616,15.5742,15.3247,12.8794,3
2458199.908667,0.7995,-6.2921,18.0616,15.5742,15.3247,12.8794,3
2458200.779947,0.3579,30.9404,18.0616,15.5742,15.3247,12.8794,3
2458200.876587,-23.6251,23.7654,18.0616,15.5742,15.3247,12.8794,3
2458200.913557,21.2865,6.0201,18.0616,15.5742,15.3247,12.8794,3
2458201.801687,20.6761,-11.7880,18.0616,15.5742,15.3247,12.8794,3
2458201.818617,-0.8462,6.4840,18.0616,15.5742,15.3247,12.8794,3
2458201.897957,-4.8237,-2.7073,18.0616,15.5742,15.3247,12.8794,3
2458202.789767,15.5739,-4.4987,18.0616,15.5742,15.3247,12.8794,3
2458203.768317,-10.8116,-0.3315,18.0616,15.5742,15.3247,12.8794,3
2458203.784807,24.3517,-1.2801,18.0616,15.5742,15.3247,12.8794,3
2458203.835697,15.9057,-4.2528,18.0616,15.5742,15.3247,12.8794,3
2458204.820587,-11.2126,24.7797,18.0616,15.5742,15.3247,12.8794,3
2458204.838377,-2.8137,4.8526,18.0616,15.5742,15.3247,12.8794,3
2458204.866027,8.1924,19.7331,18.0616,15.5742,15.3247,12.8794,3
2458204.899637,18.8532,10.5414,18.0616,15.5742,15.3247,12.8794,3
2458205.759287,10.8072,19.6843,18.0616,15.5742,15.3247,12.8794,3
2458205.776187,20.8728,-22.1307,18.0616,15.5742,15.3247,12.8794,3
2458206.758697,39.0569,-12.3256,18.0616,15.5742,15.3247,12.8794,3
2458206.792607,8.5096,8.7633,18.0616,15.5742,15.3247,12.8794,3
2458206.888707,17.7421,5.8701,18.0616,15.5742,15.3247,12.8794,3
2458207.776607,-0.3119,-2.2709,18.0616,15.5742,15.3247,12.8794,3
2458207.793627,24.2611,1.7533,18.0616,15.5742,15.3247,12.8794,3
2458208.759917,30.3287,-7.3402,18.0616,15.5742,15.3247,12.8794,3
2458208.805377,-4.9778,24.5437,18.0616,15.5742,15.3247,12.8794,3
2458210.794607,41.5624,-14.7660,18.0616,15.5742,15.3247,12.8794,3
2458210.811447,46.5794,9.2402,18.0616,15.5742,15.3247,12.8794,3
2458210.838967,-18.2734,21.2546,18.0616,15.5742,15.3247,12.8794,3
2458210.856767,-6.0082,17.8604,18.0616,15.5742,15.3247,12.8794,3
2458211.743847,20.0344,-10.0193,18.0616,15.5742,15.3247,12.8794,3
2458211.777597,26.5941,-1.0919,18.0616,15.5742,15.3247,12.8794,3
2458211.794467,16.9987,19.2278,18.0616,15.5742,15.3247,12.8794,3
2458211.879967,-6.0499,11.9075,18.0616,15.5742,15.3247,12.8794,3
2458211.897097,-14.5476,13.0810,18.0616,15.5742,15.3247,12.8794,3
2458211.913987,4.8081,3.8521,18.0616,15.5742,15.3247,12.8794,3
2458212.758367,16.0947,25.6330,18.0616,15.5742,15.3247,12.8794,3
2458213.774947,9.9067,28.0738,18.0616,15.5742,15.3247,12.8794,3
2458214.812607,11.7538,-2.2971,18.0616,15.5742,15.3247,12.8794,3
2458214.830217,3.5030,7.2686,18.0616,15.5742,15.3247,12.8794,3
2458214.847497,14.7086,12.1211,18.0616,15.5742,15.3247,12.8794,3
2458214.894267,-2.2492,-3.4390,18.0616,15.5742,15.3247,12.8794,3
2458215.912557,40.5645,12.6876,18.0616,15.5742,15.3247,12.8794,3
2458216.735067,-10.7875,24.9279,18.0616,15.5742,15.3247,12.8794,3
2458216.751937,30.0579,-7.4156,18.0616,15.5742,15.3247,12.8794,3
2458216.861607,10.5550,35.4502,18.0616,15.5742,15.3247,12.8794,3
2458216.905917,-5.0128,12.8946,18.0616,15.5742,15.3247,12.8794,3
2458217.765507,14.0637,35.5539,18.0616,15.5742,15.3247,12.8794,3
2458217.811577,34.1282,21.0709,18.0616,15.5742,15.3247,12.8794,3
2458217.851207,13.2082,20.5834,18.0616,15.5742,15.3247,12.8794,3
2458217.869987,19.5636,15.6127,18.0616,15.5742,15.3247,12.8794,3
2458217.899117,11.3458,35.1833,18.0616,15.5742,15.3247,12.8794,3
2458217.916197,-3.9679,11.3420,18.0616,15.5742,15.3247,12.8794,3
2458220.808007,20.4750,-2.7794,18.0616,15.5742,15.3247,12.8794,3
2458220.898347,7.2676,3.1279,18.0616,15.5742,15.3247,12.8794,3
2458221.725687,3.6598,21.4091,18.0616,15.5742,15.3247,12.8794,3
2458221.742957,10.6674,19.7404,18.0616,15.5742,15.3247,12.8794,3
2458221.760187,30.9747,15.9083,18.0616,15.5742,15.3247,12.8794,3
2458221.880017,-5.8289,17.1796,18.0616,15.5742,15.3247,12.8794,3
2458222.736207,35.3807,6.2236,18.0616,15.5742,15.3247,12.8794,3
2458222.753317,16.9508,-5.2533,18.0616,15.5742,15.3247,12.8794,3
2458222.770537,14.4691,22.6566,18.0616,15.5742,15.3247,12.8794,3
2458222.866037,0.0562,31.4333,18.0616,15.5742,15.3247,12.8794,3
2458223.800727,-9.4864,15.9225,18.0616,15.5742,15.3247,12.8794,3
2458223.802507,18.1707,-2.0811,18.0616,15.5742,15.3247,12.8794,3
2458223.854517,-5.6004,6.9467,18.0616,15.5742,15.3247,12.8794,3
2458223.871797,-11.7160,26.4644,18.0616,15.5742,15.3247,12.8794,3
2458223.916887,-5.3923,6.4802,18.0616,15.5742,15.3247,12.8794,3
2458224.767027,11.7659,21.5482,18.0616,15.5742,15.3247,12.8794,3
2458224.801307,6.8115,19.6509,18.0616,15.5742,15.3247,12.8794,3
2458224.818367,-5.3499,0.1784,18.0616,15.5742,15.3247,12.8794,3
2458224.880067,15.1573,8.8658,18.0616,15.5742,15.3247,12.8794,3
2458224.921937,11.1743,3.4272,18.0616,15.5742,15.3247,12.8794,3
2458225.741347,-1.5754,17.5629,18.0616,15.5742,15.3247,12.8794,3
2458225.810637,12.3066,6.8057,18.0616,15.5742,15.3247,12.8794,3
2458225.844317,9.7592,16.1251,18.0616,15.5742,15.3247,12.8794,3
2458225.914407,-4.3948,14.6279,18.0616,15.5742,15.3247,12.8794,3
2458226.819147,15.5274,-1.2180,18.0616,15.5742,15.3247,12.8794,3
2458226.865877,-3.7766,37.4611,18.0616,15.5742,15.3247,12.8794,3
2458226.882867,14.4813,28.5233,18.0616,15.5742,15.3247,12.8794,3
2458226.899937,-3.3030,24.0632,18.0616,15.5742,15.3247,12.8794,3
2458227.719577,-4.2586,-5.8062,18.0616,15.5742,15.3247,12.8794,3
2458227.737937,2.6429,6.8180,18.0616,15.5742,15.3247,12.8794,3
2458227.754947,-10.5298,-11.6058,18.0616,15.5742,15.3247,12.8794,3
2458227.771907,-11.2067,23.1612,18.0616,15.5742,15.3247,12.8794,3
2458227.788557,-2.4262,24.7273,18.0616,15.5742,15.3247,12.8794,3
2458227.828057,3.2564,7.6498,18.0616,15.5742,15.3247,12.8794,3
2458227.845767,-2.5219,-8.3123,18.0616,15.5742,15.3247,12.8794,3
2458227.898137,4.9262,24.0970,18.0616,15.5742,15.3247,12.8794,3
2458228.796657,8.2881,31.4893,18.0616,15.5742,15.3247,12.8794,3
2458228.899047,-11.5411,21.9823,18.0616,15.5742,15.3247,12.8794,3
2458229.751997,7.0696,16.4649,18.0616,15.5742,15.3247,12.8794,3
2458229.789077,2.6636,7.8678,18.0616,15.5742,15.3247,12.8794,3
2458230.801687,11.7259,5.3480,18.0616,15.5742,15.3247,12.8794,3
2458230.883567,-0.2814,20.7627,18.0616,15.5742,15.3247,12.8794,3
2458231.846567,22.4892,14.6870,18.0616,15.5742,15.3247,12.8794,3
2458231.864007,17.1293,22.5288,18.0616,15.5742,15.3247,12.8794,3
2458231.935567,30.9462,18.6683,18.0616,15.5742,15.3247,12.8794,3
2458233.699227,6.8540,-14.4460,18.0616,15.5742,15.3247,12.8794,3
2458233.756287,-5.5205,11.2257,18.0616,15.5742,15.3247,12.8794,3
2458233.774977,-3.1927,12.8958,18.0616,15.5742,15.3247,12.8794,3
2458233.794087,23.6852,22.0459,18.0616,15.5742,15.3247,12.8794,3
2458233.811697,-16.1716,34.1403,18.0616,15.5742,15.3247,12.8794,3
2458233.828557,16.9897,-9.4408,18.0616,15.5742,15.3247,12.8794,3
2458233.873467,15.4789,-8.9501,18.0616,15.5742,15.3247,12.8794,3
2458233.890307,16.8775,3.1728,18.0616,15.5742,15.3247,12.8794,3
2458233.910647,-5.6125,34.5710,18.0616,15.5742,15.3247,12.8794,3
2458236.709227,20.0581,34.0814,18.0616,15.5742,15.3247,12.8794,3
2458236.726477,-1.7887,-8.0018,18.0616,15.5742,15.3247,12.8794,3
2458236.775957,-6.1520,4.9632,18.0616,15.5742,15.3247,12.8794,3
2458236.795897,-6.1555,15.0295,18.0616,15.5742,15.3247,12.8794,3
2458236.812557,-3.2452,7.7807,18.0616,15.5742,15.3247,12.8794,3
2458236.846187,16.8815,7.8440,18.0616,15.5742,15.3247,12.8794,3
2458238.711327,25.0496,25.3805,18.0616,15.5742,15.3247,12.8794,3
2458238.762377,15.2215,8.6920,18.0616,15.5742,15.3247,12.8794,3
2458238.858797,-4.1968,11.6071,18.0616,15.5742,15.3247,12.8794,3
2458238.920347,22.6031,-2.1844,18.0616,15.5742,15.3247,12.8794,3
2458240.732307,-5.0589,9.2573,18.0616,15.5742,15.3247,12.8794,3
2458240.753827,-6.5517,34.1260,18.0616,15.5742,15.3247,12.8794,3
2458240.770947,22.8164,-11.4770,18.0616,15.5742,15.3247,12.8794,3
2458240.798417,-24.3249,10.9386,18.0616,15.5742,15.3247,12.8794,3
2458240.853567,4.8367,-5.2154,18.0616,15.5742,15.3247,12.8794,3
2458240.870207,-10.8999,35.3782,18.0616,15.5742,15.3247,12.8794,3
2458241.747297,-19.4934,0.7219,18.0616,15.5742,15.3247,12.8794,3
2458241.781437,16.1243,13.4217,18.0616,15.5742,15.3247,12.8794,3
2458241.801907,14.9912,-4.4559,18.0616,15.5742,15.3247,12.8794,3
2458242.772927,-0.4375,-1.5660,18.0616,15.5742,15.3247,12.8794,3
2458242.807227,5.2915,-3.6028,18.0616,15.5742,15.3247,12.8794,3
2458243.756997,23.2013,14.2602,18.0616,15.5742,15.3247,12.8794,3
2458243.774277,-0.6327,15.3563,18.0616,15.5742,15.3247,12.8794,3
2458243.877117,7.3299,18.3817,18.0616,15.5742,15.3247,12.8794,3
2458243.904377,14.3021,-4.5027,18.0616,15.5742,15.3247,12.8794,3
2458243.921597,-3.7832,9.6839,18.0616,15.5742,15.3247,12.8794,3
2458244.736737,7.6424,19.6025,18.0616,15.5742,15.3247,12.8794,3
2458244.771367,-12.4451,6.1823,18.0616,15.5742,15.3247,12.8794,3
2458244.816307,10.6327,0.4069,18.0616,15.5742,15.3247,12.8794,3
2458244.832987,8.3684,15.8750,18.0616,15.5742,15.3247,12.8794,3
2458244.867447,-4.0041,3.8783,18.0616,15.5742,15.3247,12.8794,3
2458244.923367,-4.9980,26.9676,18.0616,15.5742,15.3247,12.8794,3
2458245.783717,24.7531,4.4539,18.0616,15.5742,15.3247,12.8794,3
2458245.807187,-16.2810,8.8104,18.0616,15.5742,15.3247,12.8794,3
2458245.853267,13.8127,9.7823,18.0616,15.5742,15.3247,12.8794,3
2458246.700827,7.9779,33.0044,18.0616,15.5742,15.3247,12.8794,3
2458246.736747,14.2240,12.3907,18.0616,15.5742,15.3247,12.8794,3
2458246.754037,-3.8828,3.8913,18.0616,15.5742,15.3247,12.8794,3
2458246.821367,29.8716,-10.3300,18.0616,15.5742,15.3247,12.8794,3
2458246.839117,-5.1624,30.9851,18.0616,15.5742,15.3247,12.8794,3
2458246.873477,9.4732,4.0707,18.0616,15.5742,15.3247,12.8794,3
2458246.924407,-8.6854,4.2043,18.0616,15.5742,15.3247,12.8794,3
2458249.667897,-22.4482,-13.6475,18.0616,15.5742,15.3247,12.8794,3
2458249.756247,-7.1702,18.0705,18.0616,15.5742,15.3247,12.8794,3
2458249.843307,6.5358,0.4611,18.0616,15.5742,15.3247,12.8794,3
2458249.870787,-7.0364,31.0032,18.0616,15.5742,15.3247,12.8794,3
2458249.888097,-0.4650,-4.6138,18.0616,15.5742,15.3247,12.8794,3
2458249.905807,19.1764,14.8758,18.0616,15.5742,15.3247,12.8794,3
2458249.922897,19.2906,-10.5606,18.0616,15.5742,15.3247,12.8794,3
2458250.658537,-3.4109,-1.6137,18.0616,15.5742,15.3247,12.8794,3
2458250.675737,6.3701,16.3449,18.0616,15.5742,15.3247,12.8794,3
2458250.692477,1.7117,21.2075,18.0616,15.5742,15.3247,12.8794,3
2458250.709617,12.4773,4.0088,18.0616,15.5742,15.3247,12.8794,3
2458250.754897,-13.7146,-3.5981,18.0616,15.5742,15.3247,12.8794,3
2458251.694497,-12.6885,9.6475,18.0616,15.5742,15.3247,12.8794,3
2458251.711417,8.5377,-7.2979,18.0616,15.5742,15.3247,12.8794,3
2458251.728447,10.4897,10.3388,18.0616,15.5742,15.3247,12.8794,3
2458251.747097,-1.4189,-4.7110,18.0616,15.5742,15.3247,12.8794,3
2458251.774947,14.3151,9.8501,18.0616,15.5742,15.3247,12.8794,3
2458251.792627,25.7299,9.6588,18.0616,15.5742,15.3247,12.8794,3
2458252.844707,36.1604,-14.9420,18.0616,15.5742,15.3247,12.8794,3
2458252.906827,-12.4967,0.7998,18.0616,15.5742,15.3247,12.8794,3
2458253.730707,25.2462,8.8900,18.0616,15.5742,15.3247,12.8794,3
2458253.794317,8.7879,12.6038,18.0616,15.5742,15.3247,12.8794,3
2458253.811287,7.0291,7.2451,18.0616,15.5742,15.3247,12.8794,3
2458253.827727,28.0132,24.4883,18.0616,15.5742,15.3247,12.8794,3
2458253.845017,28.8735,21.4663,18.0616,15.5742,15.3247,12.8794,3
2458254.666147,3.1618,23.0554,18.0616,15.5742,15.3247,12.8794,3
2458254.817937,-3.7001,-0.3691,18.0616,15.5742,15.3247,12.8794,3
2458254.834767,7.6415,23.5846,18.0616,15.5742,15.3247,12.8794,3
2458254.888047,-0.6207,12.9150,18.0616,15.5742,15.3247,12.8794,3
2458254.905087,2.8743,21.0145,18.0616,15.5742,15.3247,12.8794,3
2458254.921727,-25.9305,26.7948,18.0616,15.5742,15.3247,12.8794,3
2458255.656117,-24.9102,6.3501,18.0616,15.5742,15.3247,12.8794,3
2458255.723877,5.1691,24.0488,18.0616,15.5742,15.3247,12.8794,3
2458255.768767,12.1043,11.3734,18.0616,15.5742,15.3247,12.8794,3
2458255.888037,-2.1798,19.9635,18.0616,15.5742,15.3247,12.8794,3
2458256.670527,8.1458,9.7165,18.0616,15.5742,15.3247,12.8794,3
2458256.690597,4.2702,-1.1550,18.0616,15.5742,15.3247,12.8794,3
2458256.707427,4.2513,3.5608,18.0616,15.5742,15.3247,12.8794,3
2458256.758517,3.0044,10.6047,18.0616,15.5742,15.3247,12.8794,3
2458256.779077,14.2610,5.4293,18.0616,15.5742,15.3247,12.8794,3
2458256.799047,-2.1169,20.9879,18.0616,15.5742,15.3247,12.8794,3
2458256.833387,15.9472,23.5562,18.0616,15.5742,15.3247,12.8794,3
2458256.898677,-9.2596,-0.3360,18.0616,15.5742,15.3247,12.8794,3
2458257.659917,28.1527,1.8980,18.0616,15.5742,15.3247,12.8794,3
2458257.677057,19.5892,-12.2688,18.0616,15.5742,15.3247,12.8794,3
2458257.721587,22.4236,20.3773,18.0616,15.5742,15.3247,12.8794,3
2458257.738437,10.4231,14.9294,18.0616,15.5742,15.3247,12.8794,3
2458257.772017,26.7070,34.8816,18.0616,15.5742,15.3247,12.8794,3
2458257.818517,0.1631,31.2761,18.0616,15.5742,15.3247,12.8794,3
2458257.835647,7.8890,32.8479,18.0616,15.5742,15.3247,12.8794,3
2458257.852977,-11.8168,16.5960,18.0616,15.5742,15.3247,12.8794,3
2458257.875627,-2.4608,32.0270,18.0616,15.5742,15.3247,12.8794,3
2458257.899087,-22.5209,2.5328,18.0616,15.5742,15.3247,12.8794,3
2458258.629227,32.8800,16.9447,18.0616,15.5742,15.3247,12.8794,3
2458258.656397,-4.7053,18.0530,18.0616,15.5742,15.3247,12.8794,3
2458258.673487,21.6886,-12.9413,18.0616,15.5742,15.3247,12.8794,3
2458258.690387,9.3897,2.7929,18.0616,15.5742,15.3247,12.8794,3
2458258.707537,-23.0332,26.3271,18.0616,15.5742,15.3247,12.8794,3
2458258.724487,-10.5106,25.8485,18.0616,15.5742,15.3247,12.8794,3
2458258.803587,-4.4643,12.9070,18.0616,15.5742,15.3247,12.8794,3
2458258.820177,-2.0842,21.1107,18.0616,15.5742,15.3247,12.8794,3
2458258.888537,0.7574,-5.4728,18.0616,15.5742,15.3247,12.8794,3
2458259.684477,13.0018,4.1497,18.0616,15.5742,15.3247,12.8794,3
2458259.711487,-21.9587,16.2430,18.0616,15.5742,15.3247,12.8794,3
2458259.728747,-3.8510,18.1271,18.0616,15.5742,15.3247,12.8794,3
2458259.757077,-2.7174,13.3133,18.0616,15.5742,15.3247,12.8794,3
2458259.829167,12.8334,15.9196,18.0616,15.5742,15.3247,12.8794,3
2458259.881937,7.0602,16.6922,18.0616,15.5742,15.3247,12.8794,3
2458259.915617,15.0027,-12.4163,18.0616,15.5742,15.3247,12.8794,3
2458260.649287,21.4881,-15.7325,18.0616,15.5742,15.3247,12.8794,3
2458260.706637,8.4533,32.3165,18.0616,15.5742,15.3247,12.8794,3
2458260.748467,1.9086,26.0448,18.0616,15.5742,15.3247,12.8794,3
2458260.802567,10.3638,16.5347,18.0616,15.5742,15.3247,12.8794,3
2458260.836287,32.8705,33.6972,18.0616,15.5742,15.3247,12.8794,3
2458260.853507,-0.5977,-2.7917,18.0616,15.5742,15.3247,12.8794,3
2458260.887837,-16.9094,15.2932,18.0616,15.5742,15.3247,12.8794,3
2458261.620517,17.3011,16.2992,18.0616,15.5742,15.3247,12.8794,3
2458261.735707,-10.8331,6.5033,18.0616,15.5742,15.3247,12.8794,3
2458261.838007,0.4972,13.6422,18.0616,15.5742,15.3247,12.8794,3
2458261.903167,-15.1184,-9.3166,18.0616,15.5742,15.3247,12.8794,3
2458261.922097,17.2852,16.4832,18.0616,15.5742,15.3247,12.8794,3
2458262.616267,2.1348,-10.7374,18.0616,15.5742,15.3247,12.8794,3
2458262.660487,18.7310,-11.1890,18.0616,15.5742,15.3247,12.8794,3
2458262.677447,2.4256,20.9747,18.0616,15.5742,15.3247,12.8794,3
2458262.711867,-9.8323,18.2508,18.0616,15.5742,15.3247,12.8794,3
2458262.808787,-17.7466,30.0726,18.0616,15.5742,15.3247,12.8794,3
2458262.853707,-12.5159,1.3960,18.0616,15.5742,15.3247,12.8794,3
2458262.921407,20.5619,-16.7109,18.0616,15.5742,15.3247,12.8794,3
2458263.626237,19.0720,0.8501,18.0616,15.5742,15.3247,12.8794,3
2458263.642997,-6.3141,14.5785,18.0616,15.5742,15.3247,12.8794,3
2458263.679397,3.9811,-11.9948,18.0616,15.5742,15.3247,12.8794,3
2458263.706347,5.5411,7.8947,18.0616,15.5742,15.3247,12.8794,3
2458263.731707,-22.9466,0.4671,18.0616,15.5742,15.3247,12.8794,3
2458263.750747,-14.4674,23.1005,18.0616,15.5742,15.3247,12.8794,3
2458263.767967,6.4730,19.4893,18.0616,15.5742,15.3247,12.8794,3
2458263.785067,-1.3966,27.9760,18.0616,15.5742,15.3247,12.8794,3
2458263.846567,-9.0066,32.1996,18.0616,15.5742,15.3247,12.8794,3
2458263.907567,20.5007,-11.2768,18.0616,15.5742,15.3247,12.8794,3
2458264.624567,-4.3212,-5.8478,18.0616,15.5742,15.3247,12.8794,3
2458264.641957,-3.7680,-8.5041,18.0616,15.5742,15.3247,12.8794,3
2458264.768087,-6.4360,4.5103,18.0616,15.5742,15.3247,12.8794,3
2458264.785187,10.4903,7.1537,18.0616,15.5742,15.3247,12.8794,3
2458264.802297,-18.4063,17.4702,18.0616,15.5742,15.3247,12.8794,3
2458264.824837,-5.3483,7.7542,18.0616,15.5742,15.3247,12.8794,3
2458264.841727,-19.4072,6.7001,18.0616,15.5742,15.3247,12.8794,3
2458264.875397,4.0923,15.9300,18.0616,15.5742,15.3247,12.8794,3
2458264.892127,-18.8483,3.9496,18.0616,15.5742,15.3247,12.8794,3
2458264.908667,29.1326,0.4510,18.0616,15.5742,15.3247,12.8794,3
2458265.651287,2.9283,-1.9606,18.0616,15.5742,15.3247,12.8794,3
2458265.677337,19.7524,7.0799,18.0616,15.5742,15.3247,12.8794,3
2458265.694707,12.5287,26.2093,18.0616,15.5742,15.3247,12.8794,3
2458265.712347,17.7610,-7.5799,18.0616,15.5742,15.3247,12.8794,3
2458265.774287,-6.1060,13.7339,18.0616,15.5742,15.3247,12.8794,3
2458265.791097,-2.2847,12.3390,18.0616,15.5742,15.3247,12.8794,3
2458265.836097,-1.8983,10.8094,18.0616,15.5742,15.3247,12.8794,3
2458265.891387,-12.0156,33.2993,18.0616,15.5742,15.3247,12.8794,3
2458265.908547,5.3537,35.8812,18.0616,15.5742,15.3247,12.8794,3
2458266.640987,22.6368,22.3291,18.0616,15.5742,15.3247,12.8794,3
2458271.688387,-4.0439,-10.6125,18.0616,15.5742,15.3247,12.8794,3
2458271.753257,-1.9266,23.0498,18.0616,15.5742,15.3247,12.8794,3
2458271.787197,6.8387,38.4701,18.0616,15.5742,15.3247,12.8794,3
2458271.803927,7.4306,25.7119,18.0616,15.5742,15.3247,12.8794,3
2458271.820467,-15.4113,8.5610,18.0616,15.5742,15.3247,12.8794,3
2458271.848077,-1.6925,25.8190,18.0616,15.5742,15.3247,12.8794,3
2458271.887327,32.6275,33.7671,18.0616,15.5742,15.3247,12.8794,3
2458272.599547,11.5866,-5.1073,18.0616,15.5742,15.3247,12.8794,3
2458272.616567,-4.2599,18.4267,18.0616,15.5742,15.3247,12.8794,3
2458272.673667,9.3409,21.1392,18.0616,15.5742,15.3247,12.8794,3
2458273.594187,10.4850,17.8275,18.0616,15.5742,15.3247,12.8794,3
2458273.693557,-3.3675,7.3819,18.0616,15.5742,15.3247,12.8794,3
2458273.744997,14.5270,14.5766,18.0616,15.5742,15.3247,12.8794,3
2458273.762107,18.7240,22.9538,18.0616,15.5742,15.3247,12.8794,3
2458273.806237,6.9826,13.7175,18.0616,15.5742,15.3247,12.8794,3
2458273.845937,-22.5310,2.5088,18.0616,15.5742,15.3247,12.8794,3
2458273.863157,-21.5382,14.0211,18.0616,15.5742,15.3247,12.8794,3
2458274.696077,-15.1673,-0.8465,18.0616,15.5742,15.3247,12.8794,3
2458274.723277,16.9949,5.9878,18.0616,15.5742,15.3247,12.8794,3
2458274.740317,2.9941,33.7860,18.0616,15.5742,15.3247,12.8794,3
2458274.792887,11.1591,21.9987,18.0616,15.5742,15.3247,12.8794,3
2458274.819717,6.4461,3.6262,18.0616,15.5742,15.3247,12.8794,3
2458274.853717,1.5101,31.4693,18.0616,15.5742,15.3247,12.8794,3
2458274.870537,-13.8388,2.5189,18.0616,15.5742,15.3247,12.8794,3
2458275.850937,3.7605,16.2968,18.0616,15.5742,15.3247,12.8794,3
2458276.858457,1.7934,11.6928,18.0616,15.5742,15.3247,12.8794,3
2458277.631797,-8.8048,26.7253,18.0616,15.5742,15.3247,12.8794,3
2458277.649247,17.1647,23.2726,18.0616,15.5742,15.3247,12.8794,3
2458277.666047,6.1650,0.7812,18.0616,15.5742,15.3247,12.8794,3
2458277.694387,22.7462,13.6288,18.0616,15.5742,15.3247,12.8794,3
2458277.714917,25.5364,15.6751,18.0616,15.5742,15.3247,12.8794,3
2458277.748657,3.7444,36.0786,18.0616,15.5742,15.3247,12.8794,3
2458277.809637,9.6439,21.7673,18.0616,15.5742,15.3247,12.8794,3
2458277.826567,27.7063,15.3041,18.0616,15.5742,15.3247,12.8794,3
2458277.843707,12.7530,-1.8799,18.0616,15.5742,15.3247,12.8794,3
2458278.587307,16.6610,-14.5003,18.0616,15.5742,15.3247,12.8794,3
2458278.604597,-13.3113,-11.8483,18.0616,15.5742,15.3247,12.8794,3
2458278.621287,27.3637,9.2116,18.0616,15.5742,15.3247,12.8794,3
2458278.639837,25.1095,18.5133,18.0616,15.5742,15.3247,12.8794,3
2458278.668947,-16.5653,34.4197,18.0616,15.5742,15.3247,12.8794,3
2458278.689327,-9.1952,18.2774,18.0616,15.5742,15.3247,12.8794,3
2458278.741307,-7.6615,-2.8192,18.0616,15.5742,15.3247,12.8794,3
2458282.599917,38.1529,19.9326,18.0616,15.5742,15.3247,12.8794,3
2458282.617467,12.8854,26.8592,18.0616,15.5742,15.3247,12.8794,3
2458282.753127,-8.0158,13.5186,18.0616,15.5742,15.3247,12.8794,3
2458282.799497,2.4352,9.3322,18.0616,15.5742,15.3247,12.8794,3
2458282.816177,-14.6268,18.0509,18.0616,15.5742,15.3247,12.8794,3
2458282.833007,-8.8181,22.1557,18.0616,15.5742,15.3247,12.8794,3
2458282.852317,-15.3116,29.0507,18.0616,15.5742,15.3247,12.8794,3
2458283.570517,12.4645,-11.9675,18.0616,15.5742,15.3247,12.8794,3
2458283.621557,-6.7339,14.4558,18.0616,15.5742,15.3247,12.8794,3
2458283.638367,6.3416,-18.1056,18.0616,15.5742,15.3247,12.8794,3
2458283.678197,-8.6689,10.4748,18.0616,15.5742,15.3247,12.8794,3
2458283.796167,-0.9758,17.7715,18.0616,15.5742,15.3247,12.8794,3
2458283.816417,2.2086,12.2903,18.0616,15.5742,15.3247,12.8794,3
2458283.833337,-11.1320,36.3214,18.0616,15.5742,15.3247,12.8794,3
2458283.850737,4.8419,1.3178,18.0616,15.5742,15.3247,12.8794,3
2458284.549447,-8.8142,32.2868,18.0616,15.5742,15.3247,12.8794,3
2458284.617687,-13.3392,5.6126,18.0616,15.5742,15.3247,12.8794,3
2458284.665107,8.1418,14.8282,18.0616,15.5742,15.3247,12.8794,3
2458284.772857,-12.9410,4.2081,18.0616,15.5742,15.3247,12.8794,3
2458284.806887,16.4632,12.4003,18.0616,15.5742,15.3247,12.8794,3
2458284.843047,-17.9247,2.9692,18.0616,15.5742,15.3247,12.8794,3
2458284.870657,10.2814,5.2792,18.0616,15.5742,15.3247,12.8794,3
2458285.619147,12.1812,-4.1349,18.0616,15.5742,15.3247,12.8794,3
2458285.653327,-5.6661,12.1155,18.0616,15.5742,15.3247,12.8794,3
2458286.543457,25.2478,21.1594,18.0616,15.5742,15.3247,12.8794,3
2458286.594357,-20.0954,6.4790,18.0616,15.5742,15.3247,12.8794,3
2458286.717177,5.2680,35.6216,18.0616,15.5742,15.3247,12.8794,3
2458286.735057,1.4166,15.3832,18.0616,15.5742,15.3247,12.8794,3
2458286.755577,0.5201,17.3151,18.0616,15.5742,15.3247,12.8794,3
2458286.816187,12.0681,11.3940,18.0616,15.5742,15.3247,12.8794,3
2458286.833737,10.6788,5.7106,18.0616,15.5742,15.3247,12.8794,3
2458287.577317,24.5504,5.5366,18.0616,15.5742,15.3247,12.8794,3
2458287.578777,-4.1109,8.7468,18.0616,15.5742,15.3247,12.8794,3
2458287.614487,-15.6439,12.5233,18.0616,15.5742,15.3247,12.8794,3
2458287.677277,12.3501,4.3128,18.0616,15.5742,15.3247,12.8794,3
2458287.694057,12.3674,5.8419,18.0616,15.5742,15.3247,12.8794,3
2458287.748327,-8.4502,2.4202,18.0616,15.5742,15.3247,12.8794,3
2458287.794677,15.7481,5.1904,18.0616,15.5742,15.3247,12.8794,3
2458288.654027,14.3167,10.3307,18.0616,15.5742,15.3247,12.8794,3
2458288.671207,16.4985,4.6868,18.0616,15.5742,15.3247,12.8794,3
2458288.705327,-16.6631,5.8194,18.0616,15.5742,15.3247,12.8794,3
2458288.722967,10.8545,17.0633,18.0616,15.5742,15.3247,12.8794,3
2458288.750487,4.4797,11.0439,18.0616,15.5742,15.3247,12.8794,3
2458288.767377,-20.7474,6.9281,18.0616,15.5742,15.3247,12.8794,3
2458288.819137,-4.7304,13.2205,18.0616,15.5742,15.3247,12.8794,3
2458289.639067,-4.0075,24.5834,18.0616,15.5742,15.3247,12.8794,3
2458289.655757,7.9285,2.2454,18.0616,15.5742,15.3247,12.8794,3
2458289.769377,-6.7411,16.8120,18.0616,15.5742,15.3247,12.8794,3
2458289.787397,-4.3629,24.0429,18.0616,15.5742,15.3247,12.8794,3
2458289.816337,13.9028,4.8318,18.0616,15.5742,15.3247,12.8794,3
2458289.833337,30.2657,8.0077,18.0616,15.5742,15.3247,12.8794,3
2458290.585197,-21.2924,-8.1121,18.0616,15.5742,15.3247,12.8794,3
2458290.606887,-2.2037,11.0366,18.0616,15.5742,15.3247,12.8794,3
2458290.623517,3.6285,27.6935,18.0616,15.5742,15.3247,12.8794,3
2458290.657377,14.9570,-1.6028,18.0616,15.5742,15.3247,12.8794,3
2458290.687727,-21.4659,11.2751,18.0616,15.5742,15.3247,12.8794,3
2458290.725467,15.9182,-5.8621,18.0616,15.5742,15.3247,12.8794,3
2458290.742427,8.2705,11.2809,18.0616,15.5742,15.3247,12.8794,3
2458290.759837,14.3446,-3.8359,18.0616,15.5742,15.3247,12.8794,3
2458290.787797,28.9540,18.9959,18.0616,15.5742,15.3247,12.8794,3
2458290.821517,-0.4487,28.6650,18.0616,15.5742,15.3247,12.8794,3
2458291.575837,-13.3459,-2.1143,18.0616,15.5742,15.3247,12.8794,3
2458291.609317,17.9473,9.9861,18.0616,15.5742,15.3247,12.8794,3
2458291.637087,-15.0294,3.2301,18.0616,15.5742,15.3247,12.8794,3
2458291.670407,12.5698,27.5200,18.0616,15.5742,15.3247,12.8794,3
2458291.687757,-1.8234,7.5311,18.0616,15.5742,15.3247,12.8794,3
2458291.704567,-1.5489,19.2081,18.0616,15.5742,15.3247,12.8794,3
2458291.736367,-11.9050,29.1738,18.0616,15.5742,15.3247,12.8794,3
2458291.770747,-13.4649,17.8178,18.0616,15.5742,15.3247,12.8794,3
2458292.668897,4.6045,12.1905,18.0616,15.5742,15.3247,12.8794,3
2458292.696557,1.8669,14.8349,18.0616,15.5742,15.3247,12.8794,3
2458292.719617,-9.0918,3.4674,18.0616,15.5742,15.3247,12.8794,3
2458292.736607,-10.8497,8.1166,18.0616,15.5742,15.3247,12.8794,3
2458292.757767,-16.8848,-1.1257,18.0616,15.5742,15.3247,12.8794,3
2458292.774947,19.6133,-3.9270,18.0616,15.5742,15.3247,12.8794,3
2458292.812957,20.2510,16.0750,18.0616,15.5742,15.3247,12.8794,3
2458292.830917,-0.2567,2.3211,18.0616,15.5742,15.3247,12.8794,3
2458293.728017,7.2164,-12.3423,18.0616,15.5742,15.3247,12.8794,3
2458294.666417,26.1890,12.6685,18.0616,15.5742,15.3247,12.8794,3
2458294.786547,3.0948,19.3566,18.0616,15.5742,15.3247,12.8794,3
2458295.634777,5.7867,12.1408,18.0616,15.5742,15.3247,12.8794,3
2458295.651477,0.1909,-2.2854,18.0616,15.5742,15.3247,12.8794,3
2458295.685527,15.2315,-14.4878,18.0616,15.5742,15.3247,12.8794,3
2458295.786427,4.0959,21.2861,18.0616,15.5742,15.3247,12.8794,3
2458298.716347,8.0943,1.0153,18.0616,15.5742,15.3247,12.8794,3
2458301.619697,14.7340,-3.8341,18.0616,15.5742,15.3247,12.8794,3
2458306.640577,-4.1199,-8.3572,18.0616,15.5742,15.3247,12.8794,3
2458306.721887,13.2828,-9.4432,18.0616,15.5742,15.3247,12.8794,3
2458306.772517,15.7396,15.7451,18.0616,15.5742,15.3247,12.8794,3
2458307.539647,0.5086,19.0440,18.0616,15.5742,15.3247,12.8794,3
2458307.556847,35.3583,-15.6596,18.0616,15.5742,15.3247,12.8794,3
2458307.573967,22.2095,10.2401,18.0616,15.5742,15.3247,12.8794,3
2458307.619447,11.2724,23.6160,18.0616,15.5742,15.3247,12.8794,3
2458307.699417,6.7949,16.1379,18.0616,15.5742,15.3247,12.8794,3
2458307.750697,-19.0203,1.6692,18.0616,15.5742,15.3247,12.8794,3
2458307.795897,21.6866,-0.6219,18.0616,15.5742,15.3247,12.8794,3
2458307.812747,37.6285,12.5026,18.0616,15.5742,15.3247,12.8794,3
2458308.491747,-20.7252,24.5021,18.0616,15.5742,15.3247,12.8794,3
2458308.536697,-4.8661,3.5790,18.0616,15.5742,15.3247,12.8794,3
2458308.581867,2.1857,28.9823,18.0616,15.5742,15.3247,12.8794,3
2458308.620717,32.6509,-1.7950,18.0616,15.5742,15.3247,12.8794,3
2458308.639767,2.3113,-1.2019,18.0616,15.5742,15.3247,12.8794,3
2458308.702677,-5.9962,28.3485,18.0616,15.5742,15.3247,12.8794,3
2458308.718997,11.3894,1.9868,18.0616,15.5742,15.3247,12.8794,3
2458308.735987,-0.4382,4.9411,18.0616,15.5742,15.3247,12.8794,3
2458309.476677,34.7321,0.3841,18.0616,15.5742,15.3247,12.8794,3
2458309.493887,29.1974,-2.3636,18.0616,15.5742,15.3247,12.8794,3
2458309.637067,-4.9824,13.3809,18.0616,15.5742,15.3247,12.8794,3
2458309.704947,-16.6784,35.9437,18.0616,15.5742,15.3247,12.8794,3
2458309.755447,7.9363,13.5664,18.0616,15.5742,15.3247,12.8794,3
2458310.503087,9.7758,22.7585,18.0616,15.5742,15.3247,12.8794,3
2458310.520187,-10.7998,-14.5174,18.0616,15.5742,15.3247,12.8794,3
2458310.558917,21.2972,3.5625,18.0616,15.5742,15.3247,12.8794,3
2458310.576607,19.1999,23.1757,18.0616,15.5742,15.3247,12.8794,3
2458310.611147,-11.6176,15.9866,18.0616,15.5742,15.3247,12.8794,3
2458310.657707,4.5368,15.3426,18.0616,15.5742,15.3247,12.8794,3
2458310.708327,-3.5115,2.7055,18.0616,15.5742,15.3247,12.8794,3
2458310.742227,14.9141,-3.0922,18.0616,15.5742,15.3247,12.8794,3
2458311.523527,10.8280,22.3928,18.0616,15.5742,15.3247,12.8794,3
2458311.559517,3.9926,-6.8488,18.0616,15.5742,15.3247,12.8794,3
2458311.575867,6.7808,28.2553,18.0616,15.5742,15.3247,12.8794,3
2458311.621357,-20.1096,25.5816,18.0616,15.5742,15.3247,12.8794,3
2458311.682867,-27.4140,22.5464,18.0616,15.5742,15.3247,12.8794,3
2458311.699547,-17.3269,18.8489,18.0616,15.5742,15.3247,12.8794,3
2458311.727217,-8.3690,-3.8687,18.0616,15.5742,15.3247,12.8794,3
2458311.744227,-6.3810,29.3246,18.0616,15.5742,15.3247,12.8794,3
2458311.777807,-1.8170,3.0676,18.0616,15.5742,15.3247,12.8794,3
2458312.475317,-24.1610,15.1234,18.0616,15.5742,15.3247,12.8794,3
2458312.502797,36.4813,-5.8152,18.0616,15.5742,15.3247,12.8794,3
2458312.519947,-30.6674,-2.3578,18.0616,15.5742,15.3247,12.8794,3
2458312.553287,-7.2454,28.0601,18.0616,15.5742,15.3247,12.8794,3
2458312.626117,1.6242,4.6784,18.0616,15.5742,15.3247,12.8794,3
2458312.643257,-5.2075,18.5495,18.0616,15.5742,15.3247,12.8794,3
2458312.659827,-2.8796,8.7611,18.0616,15.5742,15.3247,12.8794,3
2458312.704477,8.4971,17.6960,18.0616,15.5742,15.3247,12.8794,3
2458312.720987,3.1856,-2.8920,18.0616,15.5742,15.3247,12.8794,3
2458312.760857,-11.0448,26.7489,18.0616,15.5742,15.3247,12.8794,3
2458313.483227,7.4347,-17.3201,18.0616,15.5742,15.3247,12.8794,3
2458313.500907,-17.5090,11.9189,18.0616,15.5742,15.3247,12.8794,3
2458313.517917,19.9175,17.5587,18.0616,15.5742,15.3247,12.8794,3
2458313.552747,-3.4784,8.2372,18.0616,15.5742,15.3247,12.8794,3
2458313.598757,11.2161,5.8487,18.0616,15.5742,15.3247,12.8794,3
2458313.620367,-7.8551,19.4667,18.0616,15.5742,15.3247,12.8794,3
2458313.654467,-16.5379,11.6169,18.0616,15.5742,15.3247,12.8794,3
2458313.699377,19.9189,-11.6228,18.0616,15.5742,15.3247,12.8794,3
2458313.733247,-8.5099,11.1729,18.0616,15.5742,15.3247,12.8794,3
2458314.478397,-1.3545,4.7531,18.0616,15.5742,15.3247,12.8794,3
2458314.497457,8.3195,-3.3777,18.0616,15.5742,15.3247,12.8794,3
2458314.532017,-13.3951,7.3364,18.0616,15.5742,15.3247,12.8794,3
2458314.533987,-19.2876,17.3715,18.0616,15.5742,15.3247,12.8794,3
2458314.562017,-11.5678,28.3233,18.0616,15.5742,15.3247,12.8794,3
2458314.648507,10.9076,16.6942,18.0616,15.5742,15.3247,12.8794,3
2458314.693067,3.0106,6.5281,18.0616,15.5742,15.3247,12.8794,3
2458314.709727,-17.4912,-11.1916,18.0616,15.5742,15.3247,12.8794,3
2458314.731047,-3.5714,28.9588,18.0616,15.5742,15.3247,12.8794,3
2458314.748467,8.3634,18.1146,18.0616,15.5742,15.3247,12.8794,3
2458314.776097,6.5098,12.0887,18.0616,15.5742,15.3247,12.8794,3
2458315.512567,13.1394,20.1833,18.0616,15.5742,15.3247,12.8794,3
2458316.482817,3.1178,8.1228,18.0616,15.5742,15.3247,12.8794,3
2458316.516567,7.6032,14.9535,18.0616,15.5742,15.3247,12.8794,3
2458316.659077,35.3737,7.7554,18.0616,15.5742,15.3247,12.8794,3
2458316.707347,-5.1777,19.8686,18.0616,15.5742,15.3247,12.8794,3
2458316.725727,10.2374,8.4224,18.0616,15.5742,15.3247,12.8794,3
2458316.759057,17.4075,-4.4557,18.0616,15.5742,15.3247,12.8794,3
2458320.477237,7.7422,-10.2852,18.0616,15.5742,15.3247,12.8794,3
2458320.573127,1.0749,27.5779,18.0616,15.5742,15.3247,12.8794,3
2458320.591677,3.3379,16.5832,18.0616,15.5742,15.3247,12.8794,3
2458320.609187,8.3463,34.4386,18.0616,15.5742,15.3247,12.8794,3
2458320.638437,-2.1536,12.4236,18.0616,15.5742,15.3247,12.8794,3
2458320.689867,-17.0608,17.0280,18.0616,15.5742,15.3247,12.8794,3
2458320.706757,1.1647,17.0857,18.0616,15.5742,15.3247,12.8794,3
2458320.734387,-11.9274,-7.1661,18.0616,15.5742,15.3247,12.8794,3
2458322.597777,16.2596,19.3937,18.0616,15.5742,15.3247,12.8794,3
2458323.555977,22.8806,33.0649,18.0616,15.5742,15.3247,12.8794,3
2458323.593527,-18.8870,-3.9517,18.0616,15.5742,15.3247,12.8794,3
2458323.610997,-25.0959,5.9262,18.0616,15.5742,15.3247,12.8794,3
2458328.600737,17.7435,6.5258,18.0616,15.5742,15.3247,12.8794,3
2458328.637677,-15.1037,11.1929,18.0616,15.5742,15.3247,12.8794,3
2458329.503377,-24.1277,19.0579,18.0616,15.5742,15.3247,12.8794,3
2458329.520197,38.0323,-15.4327,18.0616,15.5742,15.3247,12.8794,3
2458329.537377,32.5008,21.3446,18.0616,15.5742,15.3247,12.8794,3
2458329.649717,-1.9414,24.3357,18.0616,15.5742,15.3247,12.8794,3
2458329.672637,6.0541,19.0895,18.0616,15.5742,15.3247,12.8794,3
2458329.703047,-15.6820,12.5179,18.0616,15.5742,15.3247,12.8794,3
2458329.723547,-1.6951,0.4177,18.0616,15.5742,15.3247,12.8794,3
2458330.503267,-20.2833,-18.4258,18.0616,15.5742,15.3247,12.8794,3
2458330.548797,-0.6452,6.6940,18.0616,15.5742,15.3247,12.8794,3
2458330.566177,1.2836,20.5585,18.0616,15.5742,15.3247,12.8794,3
2458330.583147,4.9809,4.0691,18.0616,15.5742,15.3247,12.8794,3
2458331.463267,26.0924,-15.6775,18.0616,15.5742,15.3247,12.8794,3
2458331.479887,21.9214,2.7221,18.0616,15.5742,15.3247,12.8794,3
2458331.530767,-4.2340,-3.9495,18.0616,15.5742,15.3247,12.8794,3
2458331.558497,22.5554,16.0439,18.0616,15.5742,15.3247,12.8794,3
2458331.575067,22.6147,3.7283,18.0616,15.5742,15.3247,12.8794,3
2458331.724597,14.2278,9.6382,18.0616,15.5742,15.3247,12.8794,3
2458332.516217,38.9114,26.5914,18.0616,15.5742,15.3247,12.8794,3
2458332.550667,32.8182,10.6791,18.0616,15.5742,15.3247,12.8794,3
2458332.567907,14.7012,12.4091,18.0616,15.5742,15.3247,12.8794,3
2458332.629977,-20.9760,24.4134,18.0616,15.5742,15.3247,12.8794,3
2458332.692817,38.9857,25.7826,18.0616,15.5742,15.3247,12.8794,3
2458332.711737,27.3295,13.3033,18.0616,15.5742,15.3247,12.8794,3
2458333.514857,22.0880,4.0147,18.0616,15.5742,15.3247,12.8794,3
2458334.540127,6.5148,21.3940,18.0616,15.5742,15.3247,12.8794,3
2458334.557487,5.2221,5.5747,18.0616,15.5742,15.3247,12.8794,3
2458334.574467,-6.4814,33.4789,18.0616,15.5742,15.3247,12.8794,3
2458334.610307,4.7082,2.4084,18.0616,15.5742,15.3247,12.8794,3
2458334.655207,-18.0784,13.0608,18.0616,15.5742,15.3247,12.8794,3
2458334.689177,11.0917,3.0279,18.0616,15.5742,15.3247,12.8794,3
2458335.481007,3.8172,-0.9447,18.0616,15.5742,15.3247,12.8794,3
2458335.498447,19.6549,-3.9303,18.0616,15.5742,15.3247,12.8794,3
2458335.508547,-14.9001,18.6969,18.0616,15.5742,15.3247,12.8794,3
2458335.564247,-0.9924,22.0788,18.0616,15.5742,15.3247,12.8794,3
2458335.592177,20.3147,7.6386,18.0616,15.5742,15.3247,12.8794,3
2458335.660527,5.7483,9.6139,18.0616,15.5742,15.3247,12.8794,3
2458336.466827,22.2633,8.1038,18.0616,15.5742,15.3247,12.8794,3
2458336.608187,-12.5682,19.6152,18.0616,15.5742,15.3247,12.8794,3
2458336.706987,5.4513,-11.0984,18.0616,15.5742,15.3247,12.8794,3
2458336.724097,10.7523,-9.2269,18.0616,15.5742,15.3247,12.8794,3
2458338.591237,18.8369,-14.1458,18.0616,15.5742,15.3247,12.8794,3
2458339.465487,7.7838,0.2105,18.0616,15.5742,15.3247,12.8794,3
2458339.610937,-10.1081,4.9267,18.0616,15.5742,15.3247,12.8794,3
2458339.633327,-18.4955,1.6185,18.0616,15.5742,15.3247,12.8794,3
2458339.650277,32.2356,-6.0468,18.0616,15.5742,15.3247,12.8794,3
2458339.683007,-19.8517,21.6817,18.0616,15.5742,15.3247,12.8794,3
2458340.471647,-0.0258,21.8805,18.0616,15.5742,15.3247,12.8794,3
2458340.488407,23.0879,20.4153,18.0616,15.5742,15.3247,12.8794,3
2458340.516147,-19.2981,15.3297,18.0616,15.5742,15.3247,12.8794,3
2458340.536787,12.4846,17.3004,18.0616,15.5742,15.3247,12.8794,3
2458340.553827,4.8476,36.5865,18.0616,15.5742,15.3247,12.8794,3
2458340.571127,10.4044,16.4428,18.0616,15.5742,15.3247,12.8794,3
2458340.717357,3.6313,2.0980,18.0616,15.5742,15.3247,12.8794,3
2458341.491487,0.1278,23.9069,18.0616,15.5742,15.3247,12.8794,3
2458341.526697,-14.6085,22.5173,18.0616,15.5742,15.3247,12.8794,3
2458341.554947,-10.9441,24.4424,18.0616,15.5742,15.3247,12.8794,3
2458341.607367,-16.6643,19.8442,18.0616,15.5742,15.3247,12.8794,3
2458341.641267,21.6641,31.5443,18.0616,15.5742,15.3247,12.8794,3
2458341.670367,-18.8013,15.9223,18.0616,15.5742,15.3247,12.8794,3
2458342.476777,0.7896,14.0145,18.0616,15.5742,15.3247,12.8794,3
2458342.513397,13.5505,28.2007,18.0616,15.5742,15.3247,12.8794,3
2458342.575617,1.7623,12.3534,18.0616,15.5742,15.3247,12.8794,3
2458342.580707,4.4922,22.4681,18.0616,15.5742,15.3247,12.8794,3
2458342.614577,-21.9894,4.9538,18.0616,15.5742,15.3247,12.8794,3
2458342.641797,14.5900,12.7847,18.0616,15.5742,15.3247,12.8794,3
2458342.677337,6.5166,-14.8165,18.0616,15.5742,15.3247,12.8794,3
2458343.495127,16.3965,16.7964,18.0616,15.5742,15.3247,12.8794,3
2458343.557477,15.7152,1.4328,18.0616,15.5742,15.3247,12.8794,3
2458343.596037,-13.5549,16.7511,18.0616,15.5742,15.3247,12.8794,3
2458343.613467,4.4328,20.4680,18.0616,15.5742,15.3247,12.8794,3
2458344.482887,10.7164,-2.4028,18.0616,15.5742,15.3247,12.8794,3
2458344.522867,2.2814,20.3959,18.0616,15.5742,15.3247,12.8794,3
2458344.599117,-5.1144,21.6623,18.0616,15.5742,15.3247,12.8794,3
2458344.616147,6.3010,-5.3415,18.0616,15.5742,15.3247,12.8794,3
2458344.633227,24.8746,2.0761,18.0616,15.5742,15.3247,12.8794,3
2458344.691457,-12.0737,17.5720,18.0616,15.5742,15.3247,12.8794,3
2458345.490837,-3.4169,-2.9801,18.0616,15.5742,15.3247,12.8794,3
2458345.576787,0.8347,12.0826,18.0616,15.5742,15.3247,12.8794,3
2458345.615137,5.9716,10.0296,18.0616,15.5742,15.3247,12.8794,3
2458345.695747,1.7245,-5.8018,18.0616,15.5742,15.3247,12.8794,3
2458346.498597,8.4609,-9.4532,18.0616,15.5742,15.3247,12.8794,3
2458346.515677,-7.2564,28.8558,18.0616,15.5742,15.3247,12.8794,3
2458346.575287,-4.4424,21.0378,18.0616,15.5742,15.3247,12.8794,3
2458346.610407,0.5471,27.5854,18.0616,15.5742,15.3247,12.8794,3
2458346.654937,14.7067,16.9201,18.0616,15.5742,15.3247,12.8794,3
2458347.565167,6.1619,24.8122,18.0616,15.5742,15.3247,12.8794,3
2458347.585677,-12.7671,5.2314,18.0616,15.5742,15.3247,12.8794,3
2458347.651307,1.6319,22.3895,18.0616,15.5742,15.3247,12.8794,3
2458347.685457,-1.5585,16.2949,18.0616,15.5742,15.3247,12.8794,3
2458347.704397,-13.5150,-3.5221,18.0616,15.5742,15.3247,12.8794,3
2458349.467347,-6.2286,4.2180,18.0616,15.5742,15.3247,12.8794,3
2458349.670287,15.9892,12.6989,18.0616,15.5742,15.3247,12.8794,3
2458350.679067,-5.0634,30.5071,18.0616,15.5742,15.3247,12.8794,3
2458350.695577,-10.3946,13.7291,18.0616,15.5742,15.3247,12.8794,3
2458351.528937,-13.4975,4.6246,18.0616,15.5742,15.3247,12.8794,3
2458352.527927,-1.5637,15.1169,18.0616,15.5742,15.3247,12.8794,3
2458352.545697,14.6519,7.6971,18.0616,15.5742,15.3247,12.8794,3
2458352.562437,4.6188,-5.2909,18.0616,15.5742,15.3247,12.8794,3
2458355.479597,-23.3215,-3.7732,18.0616,15.5742,15.3247,12.8794,3
2458355.605897,14.1820,34.9941,18.0616,15.5742,15.3247,12.8794,3
2458355.639967,12.7665,14.0277,18.0616,15.5742,15.3247,12.8794,3
2458355.656787,13.8566,-13.0891,18.0616,15.5742,15.3247,12.8794,3
2458356.498057,4.8413,5.7763,18.0616,15.5742,15.3247,12.8794,3
2458356.515207,10.3308,34.4735,18.0616,15.5742,15.3247,12.8794,3
2458356.532567,-0.9346,-1.0898,18.0616,15.5742,15.3247,12.8794,3
2458356.566987,-8.9467,-10.2150,18.0616,15.5742,15.3247,12.8794,3
2458356.584207,-4.4955,12.2462,18.0616,15.5742,15.3247,12.8794,3
2458356.628697,-24.9094,7.0937,18.0616,15.5742,15.3247,12.8794,3
2458357.470277,10.7672,8.6591,18.0616,15.5742,15.3247,12.8794,3
2458357.486877,-13.0655,12.8565,18.0616,15.5742,15.3247,12.8794,3
2458357.564247,-12.8351,8.9541,18.0616,15.5742,15.3247,12.8794,3
2458357.645357,-1.1031,4.7781,18.0616,15.5742,15.3247,12.8794,3
2458358.502787,3.2047,21.8480,18.0616,15.5742,15.3247,12.8794,3
2458358.599297,-15.9179,4.7527,18.0616,15.5742,15.3247,12.8794,3
2458358.616547,-23.0759,14.3699,18.0616,15.5742,15.3247,12.8794,3
2458359.515027,3.3439,13.1701,18.0616,15.5742,15.3247,12.8794,3
2458359.635797,-0.3896,2.6680,18.0616,15.5742,15.3247,12.8794,3
2458359.665417,19.7647,12.7292,18.0616,15.5742,15.3247,12.8794,3
2458360.640017,0.4356,7.4619,18.0616,15.5742,15.3247,12.8794,3
2458363.556597,-16.6747,-8.8644,18.0616,15.5742,15.3247,12.8794,3
2458363.586287,7.6459,25.1224,18.0616,15.5742,15.3247,12.8794,3
2458363.619997,8.4894,16.3149,18.0616,15.5742,15.3247,12.8794,3
2458363.638357,-24.3308,27.8252,18.0616,15.5742,15.3247,12.8794,3
2458364.480197,16.8261,26.2187,18.0616,15.5742,15.3247,12.8794,3
2458364.527197,-22.8750,1.6400,18.0616,15.5742,15.3247,12.8794,3
2458364.544327,-0.2453,6.2547,18.0616,15.5742,15.3247,12.8794,3
2458364.579127,-4.5445,17.5850,18.0616,15.5742,15.3247,12.8794,3
2458365.533457,18.3522,11.0256,18.0616,15.5742,15.3247,12.8794,3
2458365.584307,16.4558,1.1195,18.0616,15.5742,15.3247,12.8794,3
2458366.473627,12.0826,29.2328,18.0616,15.5742,15.3247,12.8794,3
2458366.552067,-8.9511,-10.5246,18.0616,15.5742,15.3247,12.8794,3
2458366.579497,-4.8849,15.7291,18.0616,15.5742,15.3247,12.8794,3
2458366.596037,15.3800,-13.2516,18.0616,15.5742,15.3247,12.8794,3
2458366.630317,7.2651,5.4078,18.0616,15.5742,15.3247,12.8794,3
2458367.506717,5.9589,26.7837,18.0616,15.5742,15.3247,12.8794,3
2458367.523747,-4.6060,15.1365,18.0616,15.5742,15.3247,12.8794,3
2458367.557987,22.5578,25.1706,18.0616,15.5742,15.3247,12.8794,3
2458367.574737,9.7409,-0.1527,18.0616,15.5742,15.3247,12.8794,3
2458367.614157,14.2855,-8.2771,18.0616,15.5742,15.3247,12.8794,3
2458368.476577,22.2658,18.9949,18.0616,15.5742,15.3247,12.8794,3
2458368.494237,-6.6833,7.2628,18.0616,15.5742,15.3247,12.8794,3
2458368.527457,-16.7523,18.1145,18.0616,15.5742,15.3247,12.8794,3
2458368.566577,-0.9054,21.6259,18.0616,15.5742,15.3247,12.8794,3
2458369.576687,10.9442,15.2203,18.0616,15.5742,15.3247,12.8794,3
2458369.593697,-2.3922,9.7366,18.0616,15.5742,15.3247,12.8794,3
2458369.633597,-11.9278,1.0845,18.0616,15.5742,15.3247,12.8794,3
2458370.481047,5.0381,1.9492,18.0616,15.5742,15.3247,12.8794,3
2458370.498097,-9.1624,26.0467,18.0616,15.5742,15.3247,12.8794,3
2458370.515137,-17.8157,2.1747,18.0616,15.5742,15.3247,12.8794,3
2458370.594557,9.8785,26.2882,18.0616,15.5742,15.3247,12.8794,3
2458370.628447,21.2514,-2.4326,18.0616,15.5742,15.3247,12.8794,3
2458371.492047,8.5015,7.7930,18.0616,15.5742,15.3247,12.8794,3
2458371.509357,-2.4171,28.0673,18.0616,15.5742,15.3247,12.8794,3
2458371.556967,-12.4887,25.7578,18.0616,15.5742,15.3247,12.8794,3
2458371.576117,4.8463,2.5341,18.0616,15.5742,15.3247,12.8794,3
2458372.491857,-4.5845,17.2833,18.0616,15.5742,15.3247,12.8794,3
2458372.511817,-20.2349,9.4117,18.0616,15.5742,15.3247,12.8794,3
2458372.613457,13.9997,18.5348,18.0616,15.5742,15.3247,12.8794,3
2458372.636507,8.7842,15.0605,18.0616,15.5742,15.3247,12.8794,3
2458373.497247,23.5537,-0.6317,18.0616,15.5742,15.3247,12.8794,3
2458373.530987,14.0167,12.5101,18.0616,15.5742,15.3247,12.8794,3
2458373.593197,-5.9196,-2.1341,18.0616,15.5742,15.3247,12.8794,3
2458375.498627,18.1574,18.5197,18.0616,15.5742,15.3247,12.8794,3
2458375.533117,3.9148,0.5598,18.0616,15.5742,15.3247,12.8794,3
2458375.560547,-3.7030,4.2287,18.0616,15.5742,15.3247,12.8794,3
2458375.577547,26.2907,18.7435,18.0616,15.5742,15.3247,12.8794,3
2458375.594697,-19.3047,3.2684,18.0616,15.5742,15.3247,12.8794,3
2458376.549547,3.7030,21.3779,18.0616,15.5742,15.3247,12.8794,3
2458376.600327,8.0826,19.3914,18.0616,15.5742,15.3247,12.8794,3
2458377.489687,-6.7037,7.2983,18.0616,15.5742,15.3247,12.8794,3
2458377.517057,0.1283,2.4934,18.0616,15.5742,15.3247,12.8794,3
2458377.568487,23.3252,1.9723,18.0616,15.5742,15.3247,12.8794,3
2458377.617247,-16.1297,27.5147,18.0616,15.5742,15.3247,12.8794,3
2458378.499437,-1.4886,0.5134,18.0616,15.5742,15.3247,12.8794,3
2458378.551257,-2.6132,9.0827,18.0616,15.5742,15.3247,12.8794,3
2458378.590627,-1.7928,18.7360,18.0616,15.5742,15.3247,12.8794,3
2458380.583727,3.1217,7.3170,18.0616,15.5742,15.3247,12.8794,3
2458382.480877,-25.2347,7.9591,18.0616,15.5742,15.3247,12.8794,3
2458382.498027,3.0642,2.2802,18.0616,15.5742,15.3247,12.8794,3
2458382.515967,-14.4231,2.9858,18.0616,15.5742,15.3247,12.8794,3
2458382.550177,20.9387,28.9604,18.0616,15.5742,15.3247,12.8794,3
2458382.555267,27.7276,17.6662,18.0616,15.5742,15.3247,12.8794,3
2458383.522107,4.0801,11.2944,18.0616,15.5742,15.3247,12.8794,3
2458383.549687,-13.7707,-0.8623,18.0616,15.5742,15.3247,12.8794,3
2458384.547887,-7.5909,-10.3412,18.0616,15.5742,15.3247,12.8794,3
2458384.566357,-11.0460,5.1337,18.0616,15.5742,15.3247,12.8794,3
2458385.481937,3.9424,3.5672,18.0616,15.5742,15.3247,12.8794,3
2458385.532127,-1.5262,28.9590,18.0616,15.5742,15.3247,12.8794,3
2458385.549297,9.3826,-6.0707,18.0616,15.5742,15.3247,12.8794,3
2458385.567257,-10.9924,3.2021,18.0616,15.5742,15.3247,12.8794,3
2458385.584487,12.5808,4.3258,18.0616,15.5742,15.3247,12.8794,3
2458386.543057,-10.9903,20.0423,18.0616,15.5742,15.3247,12.8794,3
2458390.542147,-0.1080,11.7331,18.0616,15.5742,15.3247,12.8794,3
2458390.559217,-13.9467,10.3122,18.0616,15.5742,15.3247,12.8794,3
2458390.584967,-8.1500,-6.5355,18.0616,15.5742,15.3247,12.8794,3
2458393.507257,0.6613,19.4407,18.0616,15.5742,15.3247,12.8794,3
2458393.524437,-9.6450,9.9842,18.0616,15.5742,15.3247,12.8794,3
2458393.558157,1.1478,-12.3516,18.0616,15.5742,15.3247,12.8794,3
2458394.492347,-21.8688,18.6004,18.0616,15.5742,15.3247,12.8794,3
2458394.527587,-1.1253,14.8935,18.0616,15.5742,15.3247,12.8794,3
2458397.500337,9.9497,10.7692,18.0616,15.5742,15.3247,12.8794,3
2458409.506747,7.0484,10.6813,18.0616,15.5742,15.3247,12.8794,3
2458411.498617,26.4794,-18.9544,18.0616,15.5742,15.3247,12.8794,3
2458533.864377,12.7636,3.1168,18.0616,15.5742,18.1133,15.9322,4
2458533.898037,2.0682,15.5497,18.0616,15.5742,18.1133,15.9322,4
2458534.879307,18.7362,4.6979,18.0616,15.5742,18.1133,15.9322,4
2458535.892807,2.6473,-8.7953,18.0616,15.5742,18.1133,15.9322,4
2458536.854757,-3.1909,-0.9142,18.0616,15.5742,18.1133,15.9322,4
2458536.871187,-10.5225,12.0446,18.0616,15.5742,18.1133,15.9322,4
2458537.860347,16.2208,16.0185,18.0616,15.5742,18.1133,15.9322,4
2458537.877197,3.8073,18.0646,18.0616,15.5742,18.1133,15.9322,4
2458538.849577,22.1600,13.9465,18.0616,15.5742,18.1133,15.9322,4
2458539.851327,30.5705,-13.3623,18.0616,15.5742,18.1133,15.9322,4
2458539.867997,16.4365,17.0387,18.0616,15.5742,18.1133,15.9322,4
2458539.901747,7.6154,-16.2725,18.0616,15.5742,18.1133,15.9322,4
2458540.871967,4.5087,0.5875,18.0616,15.5742,18.1133,15.9322,4
2458540.888627,22.2277,0.8566,18.0616,15.5742,18.1133,15.9322,4
2458541.875677,42.7215,33.2981,18.0616,15.5742,18.1133,15.9322,4
2458542.847387,21.0871,-11.5127,18.0616,15.5742,18.1133,15.9322,4
2458542.881417,30.8305,26.9391,18.0616,15.5742,18.1133,15.9322,4
2458543.864787,-7.1546,13.7680,18.0616,15.5742,18.1133,15.9322,4
2458544.896397,16.2271,21.3834,18.0616,15.5742,18.1133,15.9322,4
2458546.866887,1.7848,24.3076,18.0616,15.5742,18.1133,15.9322,4
2458546.883257,-2.6179,-13.8003,18.0616,15.5742,18.1133,15.9322,4
2458547.860457,17.9225,18.7038,18.0616,15.5742,18.1133,15.9322,4
2458547.881237,7.6416,3.4856,18.0616,15.5742,18.1133,15.9322,4
2458547.899347,-2.4803,8.1964,18.0616,15.5742,18.1133,15.9322,4
2458548.837277,22.4172,7.4315,18.0616,15.5742,18.1133,15.9322,4
2458548.854167,30.4767,3.6207,18.0616,15.5742,18.1133,15.9322,4
2458548.881097,12.4435,29.2902,18.0616,15.5742,18.1133,15.9322,4
2458549.854337,4.1487,-4.0299,18.0616,15.5742,18.1133,15.9322,4
2458550.866997,27.0493,17.7075,18.0616,15.5742,18.1133,15.9322,4
2458551.851267,23.7896,6.4053,18.0616,15.5742,18.1133,15.9322,4
2458551.891147,36.2521,-1.7892,18.0616,15.5742,18.1133,15.9322,4
2458551.909737,-3.9116,18.7307,18.0616,15.5742,18.1133,15.9322,4
2458552.874377,15.9118,-10.2448,18.0616,15.5742,18.1133,15.9322,4
2458553.832577,48.4337,35.0042,18.0616,15.5742,18.1133,15.9322,4
2458553.865877,-0.1522,25.5247,18.0616,15.5742,18.1133,15.9322,4
2458553.900477,19.6815,15.4636,18.0616,15.5742,18.1133,15.9322,4
2458554.862837,-10.1505,31.9158,18.0616,15.5742,18.1133,15.9322,4
2458554.908897,6.8274,3.3126,18.0616,15.5742,18.1133,15.9322,4
2458555.821917,-11.4233,35.7002,18.0616,15.5742,18.1133,15.9322,4
2458555.838587,-2.2731,12.6661,18.0616,15.5742,18.1133,15.9322,4
2458555.900137,-4.0170,21.2314,18.0616,15.5742,18.1133,15.9322,4
2458556.828417,19.7637,13.5117,18.0616,15.5742,18.1133,15.9322,4
2458556.900917,-14.1351,9.1951,18.0616,15.5742,18.1133,15.9322,4
2458557.837237,23.3281,11.3072,18.0616,15.5742,18.1133,15.9322,4
2458557.886547,10.1579,20.9840,18.0616,15.5742,18.1133,15.9322,4
2458558.811047,-9.1573,-12.5112,18.0616,15.5742,18.1133,15.9322,4
2458558.838837,-3.6973,-3.4678,18.0616,15.5742,18.1133,15.9322,4
2458558.884477,5.8636,32.9527,18.0616,15.5742,18.1133,15.9322,4
2458558.901227,10.7031,32.1920,18.0616,15.5742,18.1133,15.9322,4
2458559.812117,-2.6223,11.5094,18.0616,15.5742,18.1133,15.9322,4
2458559.828787,6.7082,22.7631,18.0616,15.5742,18.1133,15.9322,4
2458559.862497,3.3540,-1.9210,18.0616,15.5742,18.1133,15.9322,4
2458559.906307,-14.1242,-0.6549,18.0616,15.5742,18.1133,15.9322,4
2458560.797277,10.5293,-22.8861,18.0616,15.5742,18.1133,15.9322,4
2458560.799117,31.2587,-7.4405,18.0616,15.5742,18.1133,15.9322,4
2458560.815777,-17.2596,-7.6041,18.0616,15.5742,18.1133,15.9322,4
2458560.832217,-12.6107,13.4503,18.0616,15.5742,18.1133,15.9322,4
2458561.822067,13.5210,-16.8121,18.0616,15.5742,18.1133,15.9322,4
2458561.856047,39.8172,-11.3734,18.0616,15.5742,18.1133,15.9322,4
2458561.891377,4.2541,8.9305,18.0616,15.5742,18.1133,15.9322,4
2458562.821827,24.3343,8.5702,18.0616,15.5742,18.1133,15.9322,4
2458562.883417,38.2435,15.1655,18.0616,15.5742,18.1133,15.9322,4
2458562.900147,14.8605,5.6865,18.0616,15.5742,18.1133,15.9322,4
2458563.815877,-13.0217,3.9277,18.0616,15.5742,18.1133,15.9322,4
2458563.849207,-5.2274,22.7800,18.0616,15.5742,18.1133,15.9322,4
2458563.865517,24.7937,10.4322,18.0616,15.5742,18.1133,15.9322,4
2458563.881867,-0.0181,-1.3108,18.0616,15.5742,18.1133,15.9322,4
2458563.898757,-9.3913,8.7998,18.0616,15.5742,18.1133,15.9322,4
2458564.799587,-2.8220,-6.6179,18.0616,15.5742,18.1133,15.9322,4
2458564.832617,-13.0670,0.3892,18.0616,15.5742,18.1133,15.9322,4
2458564.879157,14.4848,-12.5735,18.0616,15.5742,18.1133,15.9322,4
2458564.912997,10.6871,11.4426,18.0616,15.5742,18.1133,15.9322,4
2458565.791967,26.7271,-9.0784,18.0616,15.5742,18.1133,15.9322,4
2458565.810697,-25.4732,33.7971,18.0616,15.5742,18.1133,15.9322,4
2458565.827177,7.9787,32.7531,18.0616,15.5742,18.1133,15.9322,4
2458565.843967,37.8052,6.8154,18.0616,15.5742,18.1133,15.9322,4
2458565.864597,12.0435,8.1994,18.0616,15.5742,18.1133,15.9322,4
2458566.777847,41.6116,25.1858,18.0616,15.5742,18.1133,15.9322,4
2458566.794727,18.3225,12.1660,18.0616,15.5742,18.1133,15.9322,4
2458566.839287,14.9661,13.2612,18.0616,15.5742,18.1133,15.9322,4
2458567.776667,3.4966,14.1388,18.0616,15.5742,18.1133,15.9322,4
2458567.828117,10.7267,-1.9639,18.0616,15.5742,18.1133,15.9322,4
2458568.801777,41.5910,-9.9473,18.0616,15.5742,18.1133,15.9322,4
2458568.822917,28.1005,4.5283,18.0616,15.5742,18.1133,15.9322,4
2458568.839707,12.8666,2.2543,18.0616,15.5742,18.1133,15.9322,4
2458570.790327,23.2121,-18.3981,18.0616,15.5742,18.1133,15.9322,4
2458570.807797,32.6430,7.2702,18.0616,15.5742,18.1133,15.9322,4
2458570.824727,2.0931,-6.9455,18.0616,15.5742,18.1133,15.9322,4
2458570.843897,23.6023,-19.6790,18.0616,15.5742,18.1133,15.9322,4
2458570.862827,-6.3285,6.6881,18.0616,15.5742,18.1133,15.9322,4
2458570.906347,11.2752,12.9189,18.0616,15.5742,18.1133,15.9322,4
2458571.762277,36.4191,-18.9001,18.0616,15.5742,18.1133,15.9322,4
2458571.779597,-19.3070,12.1840,18.0616,15.5742,18.1133,15.9322,4
2458571.796437,19.7144,23.2529,18.0616,15.5742,18.1133,15.9322,4
2458571.844957,17.5109,34.4979,18.0616,15.5742,18.1133,15.9322,4
2458571.892447,10.5420,9.1323,18.0616,15.5742,18.1133,15.9322,4
2458571.909307,11.6897,19.1922,18.0616,15.5742,18.1133,15.9322,4
2458574.865927,3.0447,6.4179,18.0616,15.5742,18.1133,15.9322,4
2458574.884687,-6.3055,3.8620,18.0616,15.5742,18.1133,15.9322,4
2458575.784247,37.9496,5.5693,18.0616,15.5742,18.1133,15.9322,4
2458575.851077,8.5764,32.7940,18.0616,15.5742,18.1133,15.9322,4
2458575.868097,-2.3903,24.2670,18.0616,15.5742,18.1133,15.9322,4
2458575.884807,15.2729,13.5548,18.0616,15.5742,18.1133,15.9322,4
2458576.779347,7.5083,16.0887,18.0616,15.5742,18.1133,15.9322,4
2458576.812297,-15.7914,2.0085,18.0616,15.5742,18.1133,15.9322,4
2458576.829167,40.3519,-12.0046,18.0616,15.5742,18.1133,15.9322,4
2458576.846277,-19.4053,24.3273,18.0616,15.5742,18.1133,15.9322,4
2458576.907877,-8.8175,6.6154,18.0616,15.5742,18.1133,15.9322,4
2458577.869417,-3.0318,-19.3763,18.0616,15.5742,18.1133,15.9322,4
2458578.819987,21.5180,23.6688,18.0616,15.5742,18.1133,15.9322,4
2458578.869977,4.8493,23.8061,18.0616,15.5742,18.1133,15.9322,4
2458578.886507,-16.0818,30.7621,18.0616,15.5742,18.1133,15.9322,4
2458578.915467,10.2266,25.3582,18.0616,15.5742,18.1133,15.9322,4
2458579.763077,-3.9116,13.3918,18.0616,15.5742,18.1133,15.9322,4
2458579.823747,-7.6169,16.5623,18.0616,15.5742,18.1133,15.9322,4
2458579.840497,-4.5451,16.2994,18.0616,15.5742,18.1133,15.9322,4
2458579.857007,-0.6630,17.4003,18.0616,15.5742,18.1133,15.9322,4
2458580.740267,-2.8480,-9.0956,18.0616,15.5742,18.1133,15.9322,4
2458580.801447,31.8033,3.4016,18.0616,15.5742,18.1133,15.9322,4
2458580.818127,25.2832,17.2724,18.0616,15.5742,18.1133,15.9322,4
2458580.923507,25.5564,25.4619,18.0616,15.5742,18.1133,15.9322,4
2458581.739547,24.7685,-7.0794,18.0616,15.5742,18.1133,15.9322,4
2458581.817027,4.8462,4.0734,18.0616,15.5742,18.1133,15.9322,4
2458581.833327,-12.0128,3.5869,18.0616,15.5742,18.1133,15.9322,4
2458581.849797,17.6286,20.2619,18.0616,15.5742,18.1133,15.9322,4
2458581.883857,19.6822,11.6550,18.0616,15.5742,18.1133,15.9322,4
2458582.787687,33.8055,11.8874,18.0616,15.5742,18.1133,15.9322,4
2458582.838727,35.8618,-7.4283,18.0616,15.5742,18.1133,15.9322,4
2458582.903197,-3.3744,12.0206,18.0616,15.5742,18.1133,15.9322,4
2458582.919957,25.7260,-16.2811,18.0616,15.5742,18.1133,15.9322,4
2458583.760057,-20.9189,-19.0959,18.0616,15.5742,18.1133,15.9322,4
2458583.776807,27.6791,14.9380,18.0616,15.5742,18.1133,15.9322,4
2458583.793377,17.9854,15.4724,18.0616,15.5742,18.1133,15.9322,4
2458583.810267,-14.2542,15.2876,18.0616,15.5742,18.1133,15.9322,4
2458583.854247,22.1599,8.8245,18.0616,15.5742,18.1133,15.9322,4
2458583.870827,3.0800,24.8536,18.0616,15.5742,18.1133,15.9322,4
2458583.904227,-21.5775,-16.2524,18.0616,15.5742,18.1133,15.9322,4
2458583.920897,-9.7143,9.8510,18.0616,15.5742,18.1133,15.9322,4
2458584.769637,-3.4647,23.3615,18.0616,15.5742,18.1133,15.9322,4
2458584.808597,14.3880,20.7840,18.0616,15.5742,18.1133,15.9322,4
2458584.919867,0.1310,20.8871,18.0616,15.5742,18.1133,15.9322,4
2458585.765617,3.3222,12.5793,18.0616,15.5742,18.1133,15.9322,4
2458585.831167,-0.5980,8.6007,18.0616,15.5742,18.1133,15.9322,4
2458586.734807,-20.0071,17.0486,18.0616,15.5742,18.1133,15.9322,4
2458586.753557,1.0365,-3.9144,18.0616,15.5742,18.1133,15.9322,4
2458586.786737,19.6251,6.6916,18.0616,15.5742,18.1133,15.9322,4
2458586.830307,27.7826,14.5599,18.0616,15.5742,18.1133,15.9322,4
2458586.900997,6.6641,8.9744,18.0616,15.5742,18.1133,15.9322,4
2458587.755797,-0.2014,18.4331,18.0616,15.5742,18.1133,15.9322,4
2458587.772357,23.1019,5.5236,18.0616,15.5742,18.1133,15.9322,4
2458587.799497,18.5725,13.0553,18.0616,15.5742,18.1133,15.9322,4
2458587.816357,14.5141,28.6183,18.0616,15.5742,18.1133,15.9322,4
2458587.833017,24.7943,-6.4857,18.0616,15.5742,18.1133,15.9322,4
2458587.849677,13.1288,21.3137,18.0616,15.5742,18.1133,15.9322,4
2458587.868027,14.6125,13.6587,18.0616,15.5742,18.1133,15.9322,4
2458587.914087,-7.1315,-2.9721,18.0616,15.5742,18.1133,15.9322,4
2458588.789767,-6.4211,13.3470,18.0616,15.5742,18.1133,15.9322,4
2458588.806617,10.8865,-5.9239,18.0616,15.5742,18.1133,15.9322,4
2458588.823627,13.1491,15.6659,18.0616,15.5742,18.1133,15.9322,4
2458588.840547,-9.8758,4.2893,18.0616,15.5742,18.1133,15.9322,4
2458588.861577,11.8610,11.3609,18.0616,15.5742,18.1133,15.9322,4
2458589.773417,2.4801,-12.2139,18.0616,15.5742,18.1133,15.9322,4
2458589.793827,-0.9853,17.5004,18.0616,15.5742,18.1133,15.9322,4
2458589.810437,-1.8365,23.5786,18.0616,15.5742,18.1133,15.9322,4
2458589.827217,4.3899,7.1001,18.0616,15.5742,18.1133,15.9322,4
2458589.871517,-13.9728,24.1078,18.0616,15.5742,18.1133,15.9322,4
2458589.888107,20.7464,20.2378,18.0616,15.5742,18.1133,15.9322,4
2458589.923107,4.4075,-0.0057,18.0616,15.5742,18.1133,15.9322,4
2458590.795457,-4.4952,22.7247,18.0616,15.5742,18.1133,15.9322,4
2458590.811907,-13.0360,14.8093,18.0616,15.5742,18.1133,15.9322,4
2458590.856707,0.3004,13.8758,18.0616,15.5742,18.1133,15.9322,4
2458590.873507,14.8570,22.1591,18.0616,15.5742,18.1133,15.9322,4
2458590.889887,17.0307,13.7052,18.0616,15.5742,18.1133,15.9322,4
2458590.906307,3.1817,25.7591,18.0616,15.5742,18.1133,15.9322,4
2458590.922967,-4.8938,18.2939,18.0616,15.5742,18.1133,15.9322,4
2458591.768397,20.6441,3.8448,18.0616,15.5742,18.1133,15.9322,4
2458591.784877,-15.3456,1.4135,18.0616,15.5742,18.1133,15.9322,4
2458591.886537,7.9640,21.8184,18.0616,15.5742,18.1133,15.9322,4
2458593.796247,-7.0433,-2.3875,18.0616,15.5742,18.1133,15.9322,4
2458593.813007,5.8471,23.3835,18.0616,15.5742,18.1133,15.9322,4
2458593.830467,-4.6672,15.3928,18.0616,15.5742,18.1133,15.9322,4
2458593.885727,-19.8913,11.6993,18.0616,15.5742,18.1133,15.9322,4
2458593.902257,-9.3738,17.8927,18.0616,15.5742,18.1133,15.9322,4
2458594.778257,20.6907,20.0939,18.0616,15.5742,18.1133,15.9322,4
2458594.825787,-7.5094,-2.9536,18.0616,15.5742,18.1133,15.9322,4
2458594.920037,11.7623,23.6071,18.0616,15.5742,18.1133,15.9322,4
2458595.791687,26.3161,14.5993,18.0616,15.5742,18.1133,15.9322,4
2458595.825167,8.8342,9.8997,18.0616,15.5742,18.1133,15.9322,4
2458595.845827,10.0703,-10.5606,18.0616,15.5742,18.1133,15.9322,4
2458599.744637,19.7306,10.8927,18.0616,15.5742,18.1133,15.9322,4
2458599.772087,8.9860,26.5862,18.0616,15.5742,18.1133,15.9322,4
2458599.788907,10.9982,19.9206,18.0616,15.5742,18.1133,15.9322,4
2458599.805877,15.2460,20.9693,18.0616,15.5742,18.1133,15.9322,4
2458599.823927,13.4363,16.6524,18.0616,15.5742,18.1133,15.9322,4
2458599.863037,13.3643,5.4116,18.0616,15.5742,18.1133,15.9322,4
2458599.880217,-11.7101,9.6938,18.0616,15.5742,18.1133,15.9322,4
2458599.906967,2.3087,29.0527,18.0616,15.5742,18.1133,15.9322,4
2458599.925157,13.1549,-2.1436,18.0616,15.5742,18.1133,15.9322,4
2458600.732357,13.2674,1.0135,18.0616,15.5742,18.1133,15.9322,4
2458600.752687,17.5794,3.7740,18.0616,15.5742,18.1133,15.9322,4
2458600.778297,18.2843,4.8918,18.0616,15.5742,18.1133,15.9322,4
2458600.795087,3.1824,11.5656,18.0616,15.5742,18.1133,15.9322,4
2458600.855677,-5.3775,14.1326,18.0616,15.5742,18.1133,15.9322,4
2458601.679237,-2.5730,5.8257,18.0616,15.5742,18.1133,15.9322,4
2458601.712807,30.8533,19.5801,18.0616,15.5742,18.1133,15.9322,4
2458601.729857,5.8834,25.7863,18.0616,15.5742,18.1133,15.9322,4
2458601.746677,-15.0846,4.1478,18.0616,15.5742,18.1133,15.9322,4
2458601.763207,-10.4301,28.5636,18.0616,15.5742,18.1133,15.9322,4
2458601.780077,22.0582,32.1246,18.0616,15.5742,18.1133,15.9322,4
2458601.823197,7.8127,23.4284,18.0616,15.5742,18.1133,15.9322,4
2458601.839567,15.3917,16.8918,18.0616,15.5742,18.1133,15.9322,4
2458601.856027,10.7780,2.8651,18.0616,15.5742,18.1133,15.9322,4
2458601.873107,18.2951,9.0046,18.0616,15.5742,18.1133,15.9322,4
2458602.723067,-17.7106,4.2116,18.0616,15.5742,18.1133,15.9322,4
2458602.772937,3.3358,16.8843,18.0616,15.5742,18.1133,15.9322,4
2458602.806387,-6.1731,26.5757,18.0616,15.5742,18.1133,15.9322,4
2458602.834677,-7.0773,18.6160,18.0616,15.5742,18.1133,15.9322,4
2458603.779077,14.2159,27.7658,18.0616,15.5742,18.1133,15.9322,4
2458603.845987,6.0952,11.5463,18.0616,15.5742,18.1133,15.9322,4
2458603.913467,3.0636,-9.1686,18.0616,15.5742,18.1133,15.9322,4
2458604.857837,-9.9742,21.6617,18.0616,15.5742,18.1133,15.9322,4
2458604.902137,0.4983,28.0619,18.0616,15.5742,18.1133,15.9322,4
2458605.735117,20.7986,2.7958,18.0616,15.5742,18.1133,15.9322,4
2458605.768287,25.1350,5.8669,18.0616,15.5742,18.1133,15.9322,4
2458605.785107,1.5388,-9.8669,18.0616,15.5742,18.1133,15.9322,4
2458605.812297,-4.8804,16.4488,18.0616,15.5742,18.1133,15.9322,4
2458605.849427,-5.8600,2.3569,18.0616,15.5742,18.1133,15.9322,4
2458605.883107,6.0234,14.3965,18.0616,15.5742,18.1133,15.9322,4
2458605.914557,-5.8664,12.5099,18.0616,15.5742,18.1133,15.9322,4
2458606.672067,-4.3699,14.7347,18.0616,15.5742,18.1133,15.9322,4
2458606.692457,-7.9796,16.2062,18.0616,15.5742,18.1133,15.9322,4
2458606.737767,-1.3981,8.9209,18.0616,15.5742,18.1133,15.9322,4
2458606.758907,14.0159,-11.6621,18.0616,15.5742,18.1133,15.9322,4
2458606.873687,12.2504,2.0833,18.0616,15.5742,18.1133,15.9322,4
2458606.890767,-14.5403,30.6449,18.0616,15.5742,18.1133,15.9322,4
2458606.907347,-0.2422,-6.7875,18.0616,15.5742,18.1133,15.9322,4
2458607.702107,-3.6028,-3.0118,18.0616,15.5742,18.1133,15.9322,4
2458607.719277,23.4784,7.8920,18.0616,15.5742,18.1133,15.9322,4
2458607.736227,30.7168,-11.1767,18.0616,15.5742,18.1133,15.9322,4
2458607.797257,5.9946,5.7287,18.0616,15.5742,18.1133,15.9322,4
2458607.831177,13.3267,13.4813,18.0616,15.5742,18.1133,15.9322,4
2458607.853097,7.2299,18.0378,18.0616,15.5742,18.1133,15.9322,4
2458607.880467,11.5694,4.3910,18.0616,15.5742,18.1133,15.9322,4
2458607.896847,-4.6635,25.3561,18.0616,15.5742,18.1133,15.9322,4
2458607.914207,5.6081,19.7730,18.0616,15.5742,18.1133,15.9322,4
2458608.725767,35.4048,-12.8630,18.0616,15.5742,18.1133,15.9322,4
2458608.742237,12.4961,-12.9144,18.0616,15.5742,18.1133,15.9322,4
2458608.762857,0.6301,16.4536,18.0616,15.5742,18.1133,15.9322,4
2458608.779497,9.9323,23.7122,18.0616,15.5742,18.1133,15.9322,4
2458608.806797,16.9560,19.7612,18.0616,15.5742,18.1133,15.9322,4
2458608.857117,-3.1018,12.1005,18.0616,15.5742,18.1133,15.9322,4
2458608.911357,25.0631,5.5344,18.0616,15.5742,18.1133,15.9322,4
2458611.703987,23.5065,14.8844,18.0616,15.5742,18.1133,15.9322,4
2458611.778557,-11.6010,32.8587,18.0616,15.5742,18.1133,15.9322,4
2458611.795387,15.8109,-8.2674,18.0616,15.5742,18.1133,15.9322,4
2458611.872747,5.3287,17.7341,18.0616,15.5742,18.1133,15.9322,4
2458612.718557,31.5494,7.5938,18.0616,15.5742,18.1133,15.9322,4
2458612.752757,33.8505,20.7057,18.0616,15.5742,18.1133,15.9322,4
2458612.812677,-9.0345,-11.4051,18.0616,15.5742,18.1133,15.9322,4
2458612.833507,-18.6960,17.6932,18.0616,15.5742,18.1133,15.9322,4
2458612.867187,7.8720,19.3570,18.0616,15.5742,18.1133,15.9322,4
2458613.663267,19.1390,-10.8143,18.0616,15.5742,18.1133,15.9322,4
2458613.705567,20.3126,18.8451,18.0616,15.5742,18.1133,15.9322,4
2458613.722487,-7.7686,6.7077,18.0616,15.5742,18.1133,15.9322,4
2458613.858377,-0.2587,19.9783,18.0616,15.5742,18.1133,15.9322,4
2458614.724217,30.1899,-15.5128,18.0616,15.5742,18.1133,15.9322,4
2458614.741317,8.3672,21.9901,18.0616,15.5742,18.1133,15.9322,4
2458614.768057,-20.0704,30.4414,18.0616,15.5742,18.1133,15.9322,4
2458614.784837,-15.2577,14.1766,18.0616,15.5742,18.1133,15.9322,4
2458614.801397,6.1522,4.9614,18.0616,15.5742,18.1133,15.9322,4
2458614.803557,-3.1627,25.1138,18.0616,15.5742,18.1133,15.9322,4
2458614.821087,15.1447,14.7401,18.0616,15.5742,18.1133,15.9322,4
2458614.837957,9.5549,17.8417,18.0616,15.5742,18.1133,15.9322,4
2458614.865577,-10.6581,17.4970,18.0616,15.5742,18.1133,15.9322,4
2458614.882867,2.2406,11.6438,18.0616,15.5742,18.1133,15.9322,4
2458614.929077,-2.8277,-15.3319,18.0616,15.5742,18.1133,15.9322,4
2458615.662207,6.2847,1.2194,18.0616,15.5742,18.1133,15.9322,4
2458615.678987,-2.5293,18.0298,18.0616,15.5742,18.1133,15.9322,4
2458615.695717,16.9664,28.2621,18.0616,15.5742,18.1133,15.9322,4
2458615.712497,5.0402,13.5806,18.0616,15.5742,18.1133,15.9322,4
2458615.795547,1.4897,12.1513,18.0616,15.5742,18.1133,15.9322,4
2458615.812087,-13.5030,24.7784,18.0616,15.5742,18.1133,15.9322,4
2458615.828757,-2.5706,13.7095,18.0616,15.5742,18.1133,15.9322,4
2458615.845527,13.7718,4.4469,18.0616,15.5742,18.1133,15.9322,4
2458615.872807,-12.5493,-10.7600,18.0616,15.5742,18.1133,15.9322,4
2458615.905997,-8.0921,36.1154,18.0616,15.5742,18.1133,15.9322,4
2458616.679007,-24.8670,13.5363,18.0616,15.5742,18.1133,15.9322,4
2458616.739897,10.2464,21.4433,18.0616,15.5742,18.1133,15.9322,4
2458616.756497,-0.0074,34.5551,18.0616,15.5742,18.1133,15.9322,4
2458616.772957,-6.7990,-15.1329,18.0616,15.5742,18.1133,15.9322,4
2458616.792547,2.5527,37.1277,18.0616,15.5742,18.1133,15.9322,4
2458616.809367,9.5507,13.6581,18.0616,15.5742,18.1133,15.9322,4
2458616.827487,17.2013,0.6632,18.0616,15.5742,18.1133,15.9322,4
2458616.892397,10.4594,10.1301,18.0616,15.5742,18.1133,15.9322,4
2458617.668987,32.2312,-10.1832,18.0616,15.5742,18.1133,15.9322,4
2458617.687347,-19.7934,-4.5574,18.0616,15.5742,18.1133,15.9322,4
2458617.703967,24.7662,-0.8159,18.0616,15.5742,18.1133,15.9322,4
2458617.721107,-4.6886,26.0872,18.0616,15.5742,18.1133,15.9322,4
2458617.747877,-14.0688,17.2767,18.0616,15.5742,18.1133,15.9322,4
2458617.797787,3.1025,18.6617,18.0616,15.5742,18.1133,15.9322,4
2458617.814457,-0.8653,6.2276,18.0616,15.5742,18.1133,15.9322,4
2458617.830827,-17.7136,22.0793,18.0616,15.5742,18.1133,15.9322,4
2458617.864867,36.1483,13.9419,18.0616,15.5742,18.1133,15.9322,4
2458618.770647,8.4159,-8.5099,18.0616,15.5742,18.1133,15.9322,4
2458618.787587,4.8788,4.6225,18.0616,15.5742,18.1133,15.9322,4
2458618.831117,-0.5978,15.8974,18.0616,15.5742,18.1133,15.9322,4
2458618.872727,13.2374,-21.2797,18.0616,15.5742,18.1133,15.9322,4
2458619.868187,-16.8954,-12.6160,18.0616,15.5742,18.1133,15.9322,4
2458620.672097,27.9897,6.0543,18.0616,15.5742,18.1133,15.9322,4
2458620.722647,2.0776,-10.4980,18.0616,15.5742,18.1133,15.9322,4
2458620.865227,1.8947,9.9706,18.0616,15.5742,18.1133,15.9322,4
2458621.700097,2.6735,2.3275,18.0616,15.5742,18.1133,15.9322,4
2458621.716587,30.8845,12.3069,18.0616,15.5742,18.1133,15.9322,4
2458621.779147,14.3081,3.9471,18.0616,15.5742,18.1133,15.9322,4
2458621.796997,-21.1348,-1.8395,18.0616,15.5742,18.1133,15.9322,4
2458621.830587,35.5013,29.1370,18.0616,15.5742,18.1133,15.9322,4
2458622.778127,14.7878,19.6309,18.0616,15.5742,18.1133,15.9322,4
2458625.834677,33.9071,2.7390,18.0616,15.5742,18.1133,15.9322,4
2458625.851677,5.5619,23.8765,18.0616,15.5742,18.1133,15.9322,4
2458626.616347,7.9601,-8.7758,18.0616,15.5742,18.1133,15.9322,4
2458626.633037,5.0839,21.2980,18.0616,15.5742,18.1133,15.9322,4
2458626.649547,18.4235,22.5928,18.0616,15.5742,18.1133,15.9322,4
2458626.743377,-14.4858,30.4914,18.0616,15.5742,18.1133,15.9322,4
2458626.770717,12.4743,24.5788,18.0616,15.5742,18.1133,15.9322,4
2458626.787577,-18.7951,25.6158,18.0616,15.5742,18.1133,15.9322,4
2458626.820677,-8.4474,0.6273,18.0616,15.5742,18.1133,15.9322,4
2458626.881227,-9.8800,-13.4670,18.0616,15.5742,18.1133,15.9322,4
2458626.898267,0.1471,-18.7159,18.0616,15.5742,18.1133,15.9322,4
2458626.914637,-8.4118,6.4964,18.0616,15.5742,18.1133,15.9322,4
2458627.618837,-14.0372,-30.8866,18.0616,15.5742,18.1133,15.9322,4
2458627.635637,-8.3510,3.5360,18.0616,15.5742,18.1133,15.9322,4
2458627.669317,15.0292,29.7967,18.0616,15.5742,18.1133,15.9322,4
2458627.713187,14.8991,-1.2426,18.0616,15.5742,18.1133,15.9322,4
2458627.732957,38.2164,-5.4841,18.0616,15.5742,18.1133,15.9322,4
2458627.766197,30.8944,-10.2512,18.0616,15.5742,18.1133,15.9322,4
2458635.734817,22.4146,-29.8400,18.0616,15.5742,18.1133,15.9322,4
2458635.751167,0.7581,-11.6780,18.0616,15.5742,18.1133,15.9322,4
2458635.767797,22.1466,7.4047,18.0616,15.5742,18.1133,15.9322,4
2458635.784337,24.3125,5.9451,18.0616,15.5742,18.1133,15.9322,4
2458635.812097,33.4134,-19.5727,18.0616,15.5742,18.1133,15.9322,4
2458635.833897,-8.6426,-5.2568,18.0616,15.5742,18.1133,15.9322,4
2458635.884407,49.5775,21.0892,18.0616,15.5742,18.1133,15.9322,4
2458635.901477,-18.8869,-32.5624,18.0616,15.5742,18.1133,15.9322,4
2458636.626057,16.6637,8.7581,18.0616,15.5742,18.1133,15.9322,4
2458636.642537,-10.7032,2.9289,18.0616,15.5742,18.1133,15.9322,4
2458636.659057,42.2181,-5.7631,18.0616,15.5742,18.1133,15.9322,4
2458636.686507,4.0657,0.7167,18.0616,15.5742,18.1133,15.9322,4
2458636.719757,-0.9204,-10.4017,18.0616,15.5742,18.1133,15.9322,4
2458636.736817,-8.2586,21.8853,18.0616,15.5742,18.1133,15.9322,4
2458636.782917,-5.1442,3.8665,18.0616,15.5742,18.1133,15.9322,4
2458636.799537,-11.6420,24.2611,18.0616,15.5742,18.1133,15.9322,4
2458636.821747,16.2614,-5.3047,18.0616,15.5742,18.1133,15.9322,4
2458636.838977,10.7596,-9.5165,18.0616,15.5742,18.1133,15.9322,4
2458636.855617,25.1821,-3.4919,18.0616,15.5742,18.1133,15.9322,4
2458636.883637,9.3738,21.5074,18.0616,15.5742,18.1133,15.9322,4
2458637.669867,-38.3054,-5.5877,18.0616,15.5742,18.1133,15.9322,4
2458637.686557,-10.6653,-22.4572,18.0616,15.5742,18.1133,15.9322,4
2458637.720207,-23.9727,20.4844,18.0616,15.5742,18.1133,15.9322,4
2458637.737507,-12.8851,9.2962,18.0616,15.5742,18.1133,15.9322,4
2458637.774497,3.8195,30.5830,18.0616,15.5742,18.1133,15.9322,4
2458637.791437,5.8903,10.9194,18.0616,15.5742,18.1133,15.9322,4
2458637.808407,23.4379,7.8460,18.0616,15.5742,18.1133,15.9322,4
2458637.824877,23.2024,-13.8808,18.0616,15.5742,18.1133,15.9322,4
2458637.868107,11.4501,9.4088,18.0616,15.5742,18.1133,15.9322,4
2458639.649087,-31.1811,24.2390,18.0616,15.5742,18.1133,15.9322,4
2458639.715447,-0.5246,-10.7943,18.0616,15.5742,18.1133,15.9322,4
2458640.642127,38.1506,-35.4965,18.0616,15.5742,18.1133,15.9322,4
2458640.677477,27.9751,32.3522,18.0616,15.5742,18.1133,15.9322,4
2458640.710957,-15.8860,30.6555,18.0616,15.5742,18.1133,15.9322,4
2458640.738167,-7.6418,-0.3822,18.0616,15.5742,18.1133,15.9322,4
2458640.763537,19.5549,11.5345,18.0616,15.5742,18.1133,15.9322,4
2458640.780237,-10.7138,4.0677,18.0616,15.5742,18.1133,15.9322,4
2458640.857577,-14.1030,32.1719,18.0616,15.5742,18.1133,15.9322,4
2458641.638777,23.2346,-5.3586,18.0616,15.5742,18.1133,15.9322,4
2458641.814247,-18.6767,26.8135,18.0616,15.5742,18.1133,15.9322,4
2458641.830497,35.2719,22.3886,18.0616,15.5742,18.1133,15.9322,4
2458642.599467,10.0839,13.5567,18.0616,15.5742,18.1133,15.9322,4
2458642.636777,19.4879,19.7192,18.0616,15.5742,18.1133,15.9322,4
2458642.663707,32.1996,-1.9401,18.0616,15.5742,18.1133,15.9322,4
2458642.696957,-2.6904,14.9189,18.0616,15.5742,18.1133,15.9322,4
2458642.713827,7.5529,23.1811,18.0616,15.5742,18.1133,15.9322,4
2458642.790787,-24.8833,-11.6640,18.0616,15.5742,18.1133,15.9322,4
2458642.824307,-12.1581,12.2732,18.0616,15.5742,18.1133,15.9322,4
2458643.598237,-3.0032,-23.5369,18.0616,15.5742,18.1133,15.9322,4
2458643.617267,1.6631,3.1226,18.0616,15.5742,18.1133,15.9322,4
2458643.654797,-4.9174,6.1746,18.0616,15.5742,18.1133,15.9322,4
2458643.671337,23.0138,7.2963,18.0616,15.5742,18.1133,15.9322,4
2458643.689657,-17.6519,-19.6034,18.0616,15.5742,18.1133,15.9322,4
2458643.725377,-15.2978,10.5540,18.0616,15.5742,18.1133,15.9322,4
2458643.752787,5.1041,11.6251,18.0616,15.5742,18.1133,15.9322,4
2458643.788677,-32.9158,14.2906,18.0616,15.5742,18.1133,15.9322,4
2458643.822147,-20.9370,1.6333,18.0616,15.5742,18.1133,15.9322,4
2458643.839487,-15.0973,30.6479,18.0616,15.5742,18.1133,15.9322,4
2458643.867157,-0.5400,-16.7339,18.0616,15.5742,18.1133,15.9322,4
2458643.883507,-9.7352,-33.4285,18.0616,15.5742,18.1133,15.9322,4
2458644.567507,22.1202,11.2486,18.0616,15.5742,18.1133,15.9322,4
2458644.584647,35.5943,6.6278,18.0616,15.5742,18.1133,15.9322,4
2458644.621227,10.9861,34.6646,18.0616,15.5742,18.1133,15.9322,4
2458644.655117,-17.5293,19.2057,18.0616,15.5742,18.1133,15.9322,4
2458644.688497,-25.1418,-0.0889,18.0616,15.5742,18.1133,15.9322,4
2458644.791347,-13.5589,26.0655,18.0616,15.5742,18.1133,15.9322,4
2458644.818437,4.8712,-4.8089,18.0616,15.5742,18.1133,15.9322,4
2458644.834887,-21.3889,14.1435,18.0616,15.5742,18.1133,15.9322,4
2458644.851807,15.2231,7.2990,18.0616,15.5742,18.1133,15.9322,4
2458645.582837,-13.6099,23.6054,18.0616,15.5742,18.1133,15.9322,4
2458645.599517,14.5595,12.8500,18.0616,15.5742,18.1133,15.9322,4
2458645.627317,15.2172,-8.3199,18.0616,15.5742,18.1133,15.9322,4
2458645.644197,-16.1420,-4.7879,18.0616,15.5742,18.1133,15.9322,4
2458645.688457,-0.1945,9.7751,18.0616,15.5742,18.1133,15.9322,4
2458645.705537,9.0990,-9.8940,18.0616,15.5742,18.1133,15.9322,4
2458645.755517,9.2843,-4.4025,18.0616,15.5742,18.1133,15.9322,4
2458645.804037,-2.1782,20.0567,18.0616,15.5742,18.1133,15.9322,4
2458645.824757,-13.7982,-15.3504,18.0616,15.5742,18.1133,15.9322,4
2458645.841547,-11.1609,-31.0446,18.0616,15.5742,18.1133,15.9322,4
2458648.592897,64.5135,3.4432,18.0616,15.5742,18.1133,15.9322,4
2458648.693247,16.8567,29.7166,18.0616,15.5742,18.1133,15.9322,4
2458648.727367,17.3116,19.7835,18.0616,15.5742,18.1133,15.9322,4
2458648.744167,15.6543,16.1643,18.0616,15.5742,18.1133,15.9322,4
2458648.808067,-2.8695,-7.4538,18.0616,15.5742,18.1133,15.9322,4
2458648.842587,30.9132,15.9512,18.0616,15.5742,18.1133,15.9322,4
2458653.742717,48.4112,2.4551,18.0616,15.5742,18.1133,15.9322,4
2458655.549807,34.8204,16.8618,18.0616,15.5742,18.1133,15.9322,4
2458657.612427,63.1549,15.9147,18.0616,15.5742,18.1133,15.9322,4
2458657.629567,17.4890,11.2493,18.0616,15.5742,18.1133,15.9322,4
2458657.648147,18.9473,7.4092,18.0616,15.5742,18.1133,15.9322,4
2458657.698097,-20.2880,5.8921,18.0616,15.5742,18.1133,15.9322,4
2458657.714907,30.1363,20.6470,18.0616,15.5742,18.1133,15.9322,4
2458657.731817,-11.4306,-19.2095,18.0616,15.5742,18.1133,15.9322,4
2458657.841647,55.3380,19.9677,18.0616,15.5742,18.1133,15.9322,4
2458658.632717,-5.9526,6.7304,18.0616,15.5742,18.1133,15.9322,4
2458660.585387,25.4461,30.1307,18.0616,15.5742,18.1133,15.9322,4
2458660.602507,59.4882,-17.5105,18.0616,15.5742,18.1133,15.9322,4
2458660.619327,-2.8351,-5.2609,18.0616,15.5742,18.1133,15.9322,4
2458660.636017,11.1669,13.4919,18.0616,15.5742,18.1133,15.9322,4
2458660.663327,12.0755,20.4890,18.0616,15.5742,18.1133,15.9322,4
2458660.683877,6.7463,-18.3224,18.0616,15.5742,18.1133,15.9322,4
2458660.700507,-2.4398,-7.7161,18.0616,15.5742,18.1133,15.9322,4
2458660.717107,-9.0529,1.5266,18.0616,15.5742,18.1133,15.9322,4
2458660.734327,-8.1356,6.5523,18.0616,15.5742,18.1133,15.9322,4
2458660.751397,0.3780,-6.6955,18.0616,15.5742,18.1133,15.9322,4
2458660.778297,20.1301,-17.2679,18.0616,15.5742,18.1133,15.9322,4
2458660.795107,-24.2455,-24.5301,18.0616,15.5742,18.1133,15.9322,4
2458660.812057,39.0475,-4.5786,18.0616,15.5742,18.1133,15.9322,4
2458660.832727,15.8367,10.4624,18.0616,15.5742,18.1133,15.9322,4
2458661.694137,10.8419,6.1121,18.0616,15.5742,18.1133,15.9322,4
2458661.711277,8.4179,-13.9508,18.0616,15.5742,18.1133,15.9322,4
2458662.551237,28.1196,29.6931,18.0616,15.5742,18.1133,15.9322,4
2458662.601397,60.1464,1.0612,18.0616,15.5742,18.1133,15.9322,4
2458662.618327,3.8270,15.7457,18.0616,15.5742,18.1133,15.9322,4
2458662.635237,23.3133,17.2688,18.0616,15.5742,18.1133,15.9322,4
2458662.672007,-11.7916,-12.2241,18.0616,15.5742,18.1133,15.9322,4
2458662.710617,52.4372,-21.9061,18.0616,15.5742,18.1133,15.9322,4
2458662.761137,-17.0763,20.7465,18.0616,15.5742,18.1133,15.9322,4
2458662.823097,-16.2137,-14.1822,18.0616,15.5742,18.1133,15.9322,4
2458662.839577,13.7262,-29.2136,18.0616,15.5742,18.1133,15.9322,4
2458664.562397,2.0295,-12.6501,18.0616,15.5742,18.1133,15.9322,4
2458664.581317,16.0705,4.6337,18.0616,15.5742,18.1133,15.9322,4
2458664.620157,29.5685,13.2714,18.0616,15.5742,18.1133,15.9322,4
2458664.681317,-27.8806,17.6176,18.0616,15.5742,18.1133,15.9322,4
2458664.698477,-7.4742,12.2982,18.0616,15.5742,18.1133,15.9322,4
2458664.732477,20.7098,30.5819,18.0616,15.5742,18.1133,15.9322,4
2458664.760247,33.0482,-1.5347,18.0616,15.5742,18.1133,15.9322,4
2458664.798387,-11.9418,-11.2244,18.0616,15.5742,18.1133,15.9322,4
2458664.815137,5.6856,27.4959,18.0616,15.5742,18.1133,15.9322,4
2458665.512417,45.8930,-4.9191,18.0616,15.5742,18.1133,15.9322,4
2458665.529127,4.6188,2.2528,18.0616,15.5742,18.1133,15.9322,4
2458665.545827,35.9703,-9.2236,18.0616,15.5742,18.1133,15.9322,4
2458665.562557,15.2686,-12.9394,18.0616,15.5742,18.1133,15.9322,4
2458665.606777,26.5131,15.2698,18.0616,15.5742,18.1133,15.9322,4
2458665.624087,3.9889,35.0032,18.0616,15.5742,18.1133,15.9322,4
2458665.640867,-15.2161,19.5573,18.0616,15.5742,18.1133,15.9322,4
2458665.674357,5.9419,39.7142,18.0616,15.5742,18.1133,15.9322,4
2458665.724727,-2.7099,20.6138,18.0616,15.5742,18.1133,15.9322,4
2458665.741377,-4.7541,-6.0484,18.0616,15.5742,18.1133,15.9322,4
2458665.798047,46.8661,-16.2638,18.0616,15.5742,18.1133,15.9322,4
2458666.597787,-15.6540,5.8960,18.0616,15.5742,18.1133,15.9322,4
2458666.617757,16.2190,12.4217,18.0616,15.5742,18.1133,15.9322,4
2458666.634387,-20.8031,25.4278,18.0616,15.5742,18.1133,15.9322,4
2458666.651007,-11.3929,20.0854,18.0616,15.5742,18.1133,15.9322,4
2458666.667807,14.9697,-7.5306,18.0616,15.5742,18.1133,15.9322,4
2458666.814927,32.4546,3.7270,18.0616,15.5742,18.1133,15.9322,4
2458667.511847,44.4078,17.4258,18.0616,15.5742,18.1133,15.9322,4
2458667.548777,19.7710,24.6484,18.0616,15.5742,18.1133,15.9322,4
2458667.565087,39.7828,-21.3159,18.0616,15.5742,18.1133,15.9322,4
2458667.598557,31.6100,-16.8675,18.0616,15.5742,18.1133,15.9322,4
2458667.621857,-26.3330,23.9713,18.0616,15.5742,18.1133,15.9322,4
2458667.657507,-0.8042,26.6092,18.0616,15.5742,18.1133,15.9322,4
2458667.707547,5.9880,15.5382,18.0616,15.5742,18.1133,15.9322,4
2458667.724417,-8.1260,29.6739,18.0616,15.5742,18.1133,15.9322,4
2458667.755827,49.1396,4.2741,18.0616,15.5742,18.1133,15.9322,4
2458667.772397,43.0383,4.6413,18.0616,15.5742,18.1133,15.9322,4
2458667.788917,1.0428,0.9210,18.0616,15.5742,18.1133,15.9322,4
2458668.509197,54.6935,-27.2013,18.0616,15.5742,18.1133,15.9322,4
2458668.542047,53.5254,14.2483,18.0616,15.5742,18.1133,15.9322,4
2458668.575097,15.5036,-12.2726,18.0616,15.5742,18.1133,15.9322,4
2458668.617677,46.7254,21.8440,18.0616,15.5742,18.1133,15.9322,4
2458668.636207,-3.8331,27.5703,18.0616,15.5742,18.1133,15.9322,4
2458668.669327,31.2921,-18.4516,18.0616,15.5742,18.1133,15.9322,4
2458668.686277,11.7176,18.2768,18.0616,15.5742,18.1133,15.9322,4
2458668.714057,23.3481,1.4887,18.0616,15.5742,18.1133,15.9322,4
2458668.764317,-19.4834,4.0105,18.0616,15.5742,18.1133,15.9322,4
2458669.505307,10.3711,10.0942,18.0616,15.5742,18.1133,15.9322,4
2458669.521857,-5.1935,2.0674,18.0616,15.5742,18.1133,15.9322,4
2458669.572187,28.2081,15.9848,18.0616,15.5742,18.1133,15.9322,4
2458669.593857,-28.4220,-13.1324,18.0616,15.5742,18.1133,15.9322,4
2458669.625157,13.9692,20.9952,18.0616,15.5742,18.1133,15.9322,4
2458669.641517,-13.9272,20.8341,18.0616,15.5742,18.1133,15.9322,4
2458669.754867,-23.1995,10.3331,18.0616,15.5742,18.1133,15.9322,4
2458669.788177,4.9363,-16.6388,18.0616,15.5742,18.1133,15.9322,4
2458670.563887,48.5035,38.9756,18.0616,15.5742,18.1133,15.9322,4
2458670.580207,8.8110,19.9765,18.0616,15.5742,18.1133,15.9322,4
2458670.597117,2.6516,-19.4978,18.0616,15.5742,18.1133,15.9322,4
2458670.641237,-11.7066,32.9197,18.0616,15.5742,18.1133,15.9322,4
2458670.658187,48.3530,9.4713,18.0616,15.5742,18.1133,15.9322,4
2458670.674457,-19.2908,-3.9076,18.0616,15.5742,18.1133,15.9322,4
2458670.744597,33.3782,-20.7197,18.0616,15.5742,18.1133,15.9322,4
2458670.761337,-31.4394,-4.9002,18.0616,15.5742,18.1133,15.9322,4
2458671.654567,26.4275,31.4688,18.0616,15.5742,18.1133,15.9322,4
2458674.530827,-19.3729,12.6769,18.0616,15.5742,18.1133,15.9322,4
2458674.564567,13.9212,14.8880,18.0616,15.5742,18.1133,15.9322,4
2458674.602507,15.0459,15.9973,18.0616,15.5742,18.1133,15.9322,4
2458674.619077,8.1590,22.7106,18.0616,15.5742,18.1133,15.9322,4
2458674.637917,-0.4366,9.9866,18.0616,15.5742,18.1133,15.9322,4
2458674.671177,6.9710,10.7649,18.0616,15.5742,18.1133,15.9322,4
2458674.699817,8.0397,13.4100,18.0616,15.5742,18.1133,15.9322,4
2458674.733437,7.0829,4.2624,18.0616,15.5742,18.1133,15.9322,4
2458674.752517,4.7420,-14.9302,18.0616,15.5742,18.1133,15.9322,4
2458674.769307,-4.1500,11.2383,18.0616,15.5742,18.1133,15.9322,4
2458674.786267,-0.3078,-11.8198,18.0616,15.5742,18.1133,15.9322,4
2458675.543717,31.9799,19.9415,18.0616,15.5742,18.1133,15.9322,4
2458675.560547,8.3207,-25.2984,18.0616,15.5742,18.1133,15.9322,4
2458675.604707,11.8954,19.4797,18.0616,15.5742,18.1133,15.9322,4
2458675.641487,20.4463,-10.5248,18.0616,15.5742,18.1133,15.9322,4
2458675.658037,17.3738,28.4819,18.0616,15.5742,18.1133,15.9322,4
2458675.686697,9.1907,26.1567,18.0616,15.5742,18.1133,15.9322,4
2458675.703167,0.9153,35.6141,18.0616,15.5742,18.1133,15.9322,4
2458675.719817,6.4379,0.2570,18.0616,15.5742,18.1133,15.9322,4
2458676.611017,5.7541,12.8556,18.0616,15.5742,18.1133,15.9322,4
2458676.630967,-4.0832,27.4066,18.0616,15.5742,18.1133,15.9322,4
2458676.658227,9.3334,10.4417,18.0616,15.5742,18.1133,15.9322,4
2458676.691957,33.6918,18.8673,18.0616,15.5742,18.1133,15.9322,4
2458676.708287,31.7094,20.1030,18.0616,15.5742,18.1133,15.9322,4
2458677.772657,2.9511,-14.7883,18.0616,15.5742,18.1133,15.9322,4
2458681.594167,-5.9150,-3.4029,18.0616,15.5742,18.1133,15.9322,4
2458681.638007,-10.6594,40.4554,18.0616,15.5742,18.1133,15.9322,4
2458682.568997,-6.2019,32.7915,18.0616,15.5742,18.1133,15.9322,4
2458682.667517,-1.8278,17.8145,18.0616,15.5742,18.1133,15.9322,4
2458682.705727,30.4202,17.5549,18.0616,15.5742,18.1133,15.9322,4
2458682.765997,5.9823,10.0566,18.0616,15.5742,18.1133,15.9322,4
2458683.551697,-26.9537,14.0248,18.0616,15.5742,18.1133,15.9322,4
2458683.585017,-2.2594,13.3808,18.0616,15.5742,18.1133,15.9322,4
2458683.602407,13.9690,-7.4175,18.0616,15.5742,18.1133,15.9322,4
2458683.663027,-31.9397,36.6765,18.0616,15.5742,18.1133,15.9322,4
2458684.502627,-6.7662,-5.9619,18.0616,15.5742,18.1133,15.9322,4
2458684.519287,-19.3919,36.3349,18.0616,15.5742,18.1133,15.9322,4
2458684.536367,38.8338,-7.8223,18.0616,15.5742,18.1133,15.9322,4
2458684.581577,-8.0190,9.6455,18.0616,15.5742,18.1133,15.9322,4
2458684.598337,-7.7911,-10.7608,18.0616,15.5742,18.1133,15.9322,4
2458684.623187,-5.9260,3.0045,18.0616,15.5742,18.1133,15.9322,4
2458684.673847,-31.5220,22.4852,18.0616,15.5742,18.1133,15.9322,4
2458684.690977,4.4225,6.8486,18.0616,15.5742,18.1133,15.9322,4
2458684.781657,18.0121,25.6159,18.0616,15.5742,18.1133,15.9322,4
2458685.495297,24.4535,-8.5396,18.0616,15.5742,18.1133,15.9322,4
2458685.512877,37.1974,4.0400,18.0616,15.5742,18.1133,15.9322,4
2458687.620707,-20.9703,27.5348,18.0616,15.5742,18.1133,15.9322,4
2458687.637157,29.6689,9.0296,18.0616,15.5742,18.1133,15.9322,4
2458687.653987,-1.4902,19.2368,18.0616,15.5742,18.1133,15.9322,4
2458687.703807,18.2584,10.2241,18.0616,15.5742,18.1133,15.9322,4
2458687.757657,-1.8094,-27.9684,18.0616,15.5742,18.1133,15.9322,4
2458688.672237,-7.5658,13.8023,18.0616,15.5742,18.1133,15.9322,4
2458688.715857,9.5084,23.6995,18.0616,15.5742,18.1133,15.9322,4
2458688.754277,32.1936,1.2063,18.0616,15.5742,18.1133,15.9322,4
2458689.576207,33.2058,-5.0032,18.0616,15.5742,18.1133,15.9322,4
2458689.650197,7.9263,9.1025,18.0616,15.5742,18.1133,15.9322,4
2458689.671057,-14.9309,32.2252,18.0616,15.5742,18.1133,15.9322,4
2458689.704757,-3.3004,18.1223,18.0616,15.5742,18.1133,15.9322,4
2458690.499607,34.7553,-1.0815,18.0616,15.5742,18.1133,15.9322,4
2458690.543387,5.8037,5.4965,18.0616,15.5742,18.1133,15.9322,4
2458690.560377,-4.3713,3.6733,18.0616,15.5742,18.1133,15.9322,4
2458690.594447,-5.1662,6.7308,18.0616,15.5742,18.1133,15.9322,4
2458690.614787,-4.7518,11.2629,18.0616,15.5742,18.1133,15.9322,4
2458690.641597,-7.4240,34.7163,18.0616,15.5742,18.1133,15.9322,4
2458690.674867,-9.3528,14.2109,18.0616,15.5742,18.1133,15.9322,4
2458690.708727,3.2866,-2.8313,18.0616,15.5742,18.1133,15.9322,4
2458690.735947,-2.2316,7.2860,18.0616,15.5742,18.1133,15.9322,4
2458690.752707,-7.1906,-19.7235,18.0616,15.5742,18.1133,15.9322,4
2458691.540867,14.3891,0.9281,18.0616,15.5742,18.1133,15.9322,4
2458691.567617,20.6161,20.7149,18.0616,15.5742,18.1133,15.9322,4
2458691.604717,1.3474,-4.7282,18.0616,15.5742,18.1133,15.9322,4
2458691.637787,0.5768,8.9279,18.0616,15.5742,18.1133,15.9322,4
2458691.654227,7.9976,14.7227,18.0616,15.5742,18.1133,15.9322,4
2458691.681867,-8.5946,20.4521,18.0616,15.5742,18.1133,15.9322,4
2458691.698357,-4.7186,0.2959,18.0616,15.5742,18.1133,15.9322,4
2458691.715457,26.4539,-8.3282,18.0616,15.5742,18.1133,15.9322,4
2458691.732387,16.5775,-17.0150,18.0616,15.5742,18.1133,15.9322,4
2458692.502427,11.8366,-8.3710,18.0616,15.5742,18.1133,15.9322,4
2458692.519257,22.7002,18.6871,18.0616,15.5742,18.1133,15.9322,4
2458692.633697,-9.9148,15.3441,18.0616,15.5742,18.1133,15.9322,4
2458692.650187,2.3837,9.5166,18.0616,15.5742,18.1133,15.9322,4
2458692.676827,27.0726,19.1117,18.0616,15.5742,18.1133,15.9322,4
2458692.693507,2.0440,0.4658,18.0616,15.5742,18.1133,15.9322,4
2458692.710017,11.3096,16.8120,18.0616,15.5742,18.1133,15.9322,4
2458692.726777,-29.8970,11.1101,18.0616,15.5742,18.1133,15.9322,4
2458692.759897,-7.3344,-10.8196,18.0616,15.5742,18.1133,15.9322,4
2458693.602317,14.9369,-12.4770,18.0616,15.5742,18.1133,15.9322,4
2458693.638137,-18.6901,-8.1312,18.0616,15.5742,18.1133,15.9322,4
2458693.654987,-20.9618,8.3251,18.0616,15.5742,18.1133,15.9322,4
2458693.682347,9.3145,14.2187,18.0616,15.5742,18.1133,15.9322,4
2458693.699297,21.9158,3.8367,18.0616,15.5742,18.1133,15.9322,4
2458693.719137,18.2470,-8.5875,18.0616,15.5742,18.1133,15.9322,4
2458694.493207,38.0943,27.5388,18.0616,15.5742,18.1133,15.9322,4
2458694.526977,1.1423,29.5149,18.0616,15.5742,18.1133,15.9322,4
2458694.645107,-5.1418,23.4909,18.0616,15.5742,18.1133,15.9322,4
2458694.719607,13.3389,3.0580,18.0616,15.5742,18.1133,15.9322,4
2458695.483607,7.1610,-11.8442,18.0616,15.5742,18.1133,15.9322,4
2458695.562207,1.3223,-15.5905,18.0616,15.5742,18.1133,15.9322,4
2458695.579437,-0.2373,34.4900,18.0616,15.5742,18.1133,15.9322,4
2458695.606397,-5.3599,6.0762,18.0616,15.5742,18.1133,15.9322,4
2458695.639637,-15.9261,7.1487,18.0616,15.5742,18.1133,15.9322,4
2458695.677427,12.5713,6.8165,18.0616,15.5742,18.1133,15.9322,4
2458696.568167,36.8964,19.3031,18.0616,15.5742,18.1133,15.9322,4
2458697.534287,8.0698,26.5544,18.0616,15.5742,18.1133,15.9322,4
2458697.550987,21.9994,15.1086,18.0616,15.5742,18.1133,15.9322,4
2458697.586787,3.4776,-1.3338,18.0616,15.5742,18.1133,15.9322,4
2458697.603247,-28.3390,21.9563,18.0616,15.5742,18.1133,15.9322,4
2458698.489827,-30.5206,-4.2875,18.0616,15.5742,18.1133,15.9322,4
2458698.506927,21.0048,4.2504,18.0616,15.5742,18.1133,15.9322,4
2458698.598077,16.5104,10.3115,18.0616,15.5742,18.1133,15.9322,4
2458698.614597,-26.7133,7.1814,18.0616,15.5742,18.1133,15.9322,4
2458698.631817,-14.1926,2.7146,18.0616,15.5742,18.1133,15.9322,4
2458698.648817,35.6882,2.7343,18.0616,15.5742,18.1133,15.9322,4
2458698.665217,-3.3972,10.8695,18.0616,15.5742,18.1133,15.9322,4
2458698.681607,-3.0484,2.0744,18.0616,15.5742,18.1133,15.9322,4
2458698.709157,18.1134,23.4609,18.0616,15.5742,18.1133,15.9322,4
2458699.546297,-19.0839,-11.2385,18.0616,15.5742,18.1133,15.9322,4
2458699.597007,28.7752,0.9591,18.0616,15.5742,18.1133,15.9322,4
2458699.692287,24.7622,0.5732,18.0616,15.5742,18.1133,15.9322,4
2458700.498307,5.1705,11.1449,18.0616,15.5742,18.1133,15.9322,4
2458700.515247,4.2791,9.7639,18.0616,15.5742,18.1133,15.9322,4
2458700.548877,-11.9503,10.8047,18.0616,15.5742,18.1133,15.9322,4
2458700.566057,-12.3323,22.5018,18.0616,15.5742,18.1133,15.9322,4
2458700.593917,2.1292,16.9703,18.0616,15.5742,18.1133,15.9322,4
2458700.610287,-12.5965,9.0385,18.0616,15.5742,18.1133,15.9322,4
2458700.626457,21.1944,6.1775,18.0616,15.5742,18.1133,15.9322,4
2458700.693547,15.9429,-23.5513,18.0616,15.5742,18.1133,15.9322,4
2458701.466177,15.2285,-1.5563,18.0616,15.5742,18.1133,15.9322,4
2458701.483227,19.7352,20.2413,18.0616,15.5742,18.1133,15.9322,4
2458701.534017,11.6979,29.5010,18.0616,15.5742,18.1133,15.9322,4
2458701.567947,-1.9738,-3.0551,18.0616,15.5742,18.1133,15.9322,4
2458701.629197,-7.9242,-1.2665,18.0616,15.5742,18.1133,15.9322,4
2458701.645727,-19.1155,-5.4151,18.0616,15.5742,18.1133,15.9322,4
2458701.662017,-17.3587,-6.5372,18.0616,15.5742,18.1133,15.9322,4
2458701.712267,24.5795,-16.8239,18.0616,15.5742,18.1133,15.9322,4
2458702.560227,-2.1414,16.0613,18.0616,15.5742,18.1133,15.9322,4
2458702.622697,7.3711,2.6031,18.0616,15.5742,18.1133,15.9322,4
2458702.656387,1.5056,11.4009,18.0616,15.5742,18.1133,15.9322,4
2458702.689627,2.2757,-3.1585,18.0616,15.5742,18.1133,15.9322,4
2458702.707447,0.7314,17.0347,18.0616,15.5742,18.1133,15.9322,4
2458703.490687,27.3320,-20.8135,18.0616,15.5742,18.1133,15.9322,4
2458703.534637,-7.0075,33.1818,18.0616,15.5742,18.1133,15.9322,4
2458704.698587,21.3008,0.9489,18.0616,15.5742,18.1133,15.9322,4
2458705.516937,16.8412,7.6218,18.0616,15.5742,18.1133,15.9322,4
2458708.522247,0.4728,7.3052,18.0616,15.5742,18.1133,15.9322,4
2458708.568177,10.1172,20.7032,18.0616,15.5742,18.1133,15.9322,4
2458708.584857,-13.3526,5.0982,18.0616,15.5742,18.1133,15.9322,4
2458708.618397,-22.5417,6.4146,18.0616,15.5742,18.1133,15.9322,4
2458710.487607,8.7776,-14.1150,18.0616,15.5742,18.1133,15.9322,4
2458710.504057,6.6130,14.4938,18.0616,15.5742,18.1133,15.9322,4
2458711.512007,26.2927,-6.2457,18.0616,15.5742,18.1133,15.9322,4
2458711.528427,-9.2147,0.5131,18.0616,15.5742,18.1133,15.9322,4
2458711.545267,-5.1306,28.0851,18.0616,15.5742,18.1133,15.9322,4
2458711.589717,-1.8696,24.2129,18.0616,15.5742,18.1133,15.9322,4
2458711.643957,13.7070,15.0304,18.0616,15.5742,18.1133,15.9322,4
2458711.660547,-0.7349,5.6424,18.0616,15.5742,18.1133,15.9322,4
2458712.499567,3.9048,29.9787,18.0616,15.5742,18.1133,15.9322,4
2458712.516307,-13.4620,15.7651,18.0616,15.5742,18.1133,15.9322,4
2458712.535847,1.1279,-24.4678,18.0616,15.5742,18.1133,15.9322,4
2458712.569237,7.3438,-19.6433,18.0616,15.5742,18.1133,15.9322,4
2458712.661197,12.3243,24.9176,18.0616,15.5742,18.1133,15.9322,4
2458713.561577,-7.7310,11.2249,18.0616,15.5742,18.1133,15.9322,4
2458714.468447,26.3868,7.9044,18.0616,15.5742,18.1133,15.9322,4
2458715.486667,5.4174,18.5410,18.0616,15.5742,18.1133,15.9322,4
2458715.503407,3.7106,26.7151,18.0616,15.5742,18.1133,15.9322,4
2458715.520127,-6.5408,27.3729,18.0616,15.5742,18.1133,15.9322,4
2458715.581337,20.9906,10.4016,18.0616,15.5742,18.1133,15.9322,4
2458715.694107,12.1305,17.9742,18.0616,15.5742,18.1133,15.9322,4
2458716.478857,26.0549,-12.5502,18.0616,15.5742,18.1133,15.9322,4
2458716.513977,17.7706,14.5946,18.0616,15.5742,18.1133,15.9322,4
2458716.530777,-17.4853,-4.3236,18.0616,15.5742,18.1133,15.9322,4
2458716.548017,-7.1266,28.2215,18.0616,15.5742,18.1133,15.9322,4
2458716.575257,-11.0138,10.6141,18.0616,15.5742,18.1133,15.9322,4
2458716.591997,-24.4190,-6.4964,18.0616,15.5742,18.1133,15.9322,4
2458716.608907,8.9509,-19.2739,18.0616,15.5742,18.1133,15.9322,4
2458716.629707,-22.4463,19.0334,18.0616,15.5742,18.1133,15.9322,4
2458716.675457,12.8469,22.7583,18.0616,15.5742,18.1133,15.9322,4
2458717.484947,9.8893,7.8140,18.0616,15.5742,18.1133,15.9322,4
2458717.501667,18.9380,16.8814,18.0616,15.5742,18.1133,15.9322,4
2458717.550397,-19.0856,10.2129,18.0616,15.5742,18.1133,15.9322,4
2458717.567067,9.3129,11.9998,18.0616,15.5742,18.1133,15.9322,4
2458718.495827,-11.2673,3.2038,18.0616,15.5742,18.1133,15.9322,4
2458718.534917,-15.3641,10.8572,18.0616,15.5742,18.1133,15.9322,4
2458718.551427,-16.0888,-5.9208,18.0616,15.5742,18.1133,15.9322,4
2458718.568177,17.5447,-4.1109,18.0616,15.5742,18.1133,15.9322,4
2458718.649387,32.2478,-21.2367,18.0616,15.5742,18.1133,15.9322,4
2458718.666697,32.9926,24.0699,18.0616,15.5742,18.1133,15.9322,4
2458720.587357,4.5891,-1.0032,18.0616,15.5742,18.1133,15.9322,4
2458720.604107,-28.6665,20.8465,18.0616,15.5742,18.1133,15.9322,4
2458720.621067,0.7621,11.5845,18.0616,15.5742,18.1133,15.9322,4
2458720.637677,-8.4493,3.0207,18.0616,15.5742,18.1133,15.9322,4
2458721.514907,7.1803,-11.9045,18.0616,15.5742,18.1133,15.9322,4
2458721.591507,-7.2861,5.4177,18.0616,15.5742,18.1133,15.9322,4
2458721.608367,-14.4479,35.2725,18.0616,15.5742,18.1133,15.9322,4
2458722.524897,8.4403,-8.6338,18.0616,15.5742,18.1133,15.9322,4
2458724.479787,0.8238,36.6604,18.0616,15.5742,18.1133,15.9322,4
2458724.496667,-13.1696,13.5808,18.0616,15.5742,18.1133,15.9322,4
2458724.607587,2.2826,5.2143,18.0616,15.5742,18.1133,15.9322,4
2458724.635197,28.6790,-2.4713,18.0616,15.5742,18.1133,15.9322,4
2458724.651847,-23.8653,-15.8112,18.0616,15.5742,18.1133,15.9322,4
2458725.478457,18.5913,9.8257,18.0616,15.5742,18.1133,15.9322,4
2458725.495297,-19.1456,7.3591,18.0616,15.5742,18.1133,15.9322,4
2458725.512657,-11.1717,10.1319,18.0616,15.5742,18.1133,15.9322,4
2458725.562297,-18.3718,5.2110,18.0616,15.5742,18.1133,15.9322,4
2458725.612087,-1.1536,34.2361,18.0616,15.5742,18.1133,15.9322,4
2458725.668497,-12.2493,-6.1732,18.0616,15.5742,18.1133,15.9322,4
2458726.475447,0.3880,24.9392,18.0616,15.5742,18.1133,15.9322,4
2458726.525247,-5.0834,-3.7541,18.0616,15.5742,18.1133,15.9322,4
2458726.570037,0.1714,3.0359,18.0616,15.5742,18.1133,15.9322,4
2458726.619837,-25.9812,19.8189,18.0616,15.5742,18.1133,15.9322,4
2458726.636407,-28.5067,5.2392,18.0616,15.5742,18.1133,15.9322,4
2458727.572797,23.5671,-15.4640,18.0616,15.5742,18.1133,15.9322,4
2458727.599967,24.2224,15.7839,18.0616,15.5742,18.1133,15.9322,4
2458727.616867,16.4122,3.4963,18.0616,15.5742,18.1133,15.9322,4
2458727.633947,-1.4820,-2.9079,18.0616,15.5742,18.1133,15.9322,4
2458727.650677,14.1229,-1.2992,18.0616,15.5742,18.1133,15.9322,4
2458728.473467,19.0107,0.9188,18.0616,15.5742,18.1133,15.9322,4
2458728.524977,-15.5732,13.8136,18.0616,15.5742,18.1133,15.9322,4
2458728.558137,8.4744,20.8344,18.0616,15.5742,18.1133,15.9322,4
2458728.638387,-27.0365,-8.3301,18.0616,15.5742,18.1133,15.9322,4
2458728.663267,-13.3092,14.0233,18.0616,15.5742,18.1133,15.9322,4
2458729.562587,-11.7275,5.5897,18.0616,15.5742,18.1133,15.9322,4
2458729.597767,-5.9870,33.8473,18.0616,15.5742,18.1133,15.9322,4
2458729.614057,-13.7295,26.1034,18.0616,15.5742,18.1133,15.9322,4
2458729.631057,-8.8241,-9.2728,18.0616,15.5742,18.1133,15.9322,4
2458729.658977,-6.6540,-5.5542,18.0616,15.5742,18.1133,15.9322,4
2458730.491717,-10.6042,-1.8688,18.0616,15.5742,18.1133,15.9322,4
2458730.508737,-6.0607,15.9456,18.0616,15.5742,18.1133,15.9322,4
2458730.525537,-9.8666,1.7006,18.0616,15.5742,18.1133,15.9322,4
2458730.541787,-5.6276,28.6489,18.0616,15.5742,18.1133,15.9322,4
2458730.558567,-12.8949,28.7989,18.0616,15.5742,18.1133,15.9322,4
2458730.603437,16.2117,-0.6429,18.0616,15.5742,18.1133,15.9322,4
2458730.620087,-12.2119,3.5936,18.0616,15.5742,18.1133,15.9322,4
2458730.636787,2.5974,-15.3508,18.0616,15.5742,18.1133,15.9322,4
2458731.496457,-2.2430,27.2579,18.0616,15.5742,18.1133,15.9322,4
2458738.521587,-18.1689,-0.0168,18.0616,15.5742,18.1133,15.9322,4
2458738.581957,16.0582,-11.9815,18.0616,15.5742,18.1133,15.9322,4
2458738.598807,-7.1786,-23.6971,18.0616,15.5742,18.1133,15.9322,4
2458740.541147,10.2022,-4.9340,18.0616,15.5742,18.1133,15.9322,4
2458741.501927,7.6241,1.6348,18.0616,15.5742,18.1133,15.9322,4
2458741.527647,-13.7330,1.2380,18.0616,15.5742,18.1133,15.9322,4
2458741.544447,-24.9415,-13.5812,18.0616,15.5742,18.1133,15.9322,4
2458741.585677,26.9809,-7.5251,18.0616,15.5742,18.1133,15.9322,4
2458742.517147,2.7866,1.7504,18.0616,15.5742,18.1133,15.9322,4
2458742.533877,-10.7312,-10.0293,18.0616,15.5742,18.1133,15.9322,4
2458742.567307,25.2343,20.6295,18.0616,15.5742,18.1133,15.9322,4
2458742.584197,12.9095,-10.9265,18.0616,15.5742,18.1133,15.9322,4
2458742.610887,9.5256,20.9182,18.0616,15.5742,18.1133,15.9322,4
2458745.557787,59.4453,-23.6683,18.0616,15.5742,18.1133,15.9322,4
2458745.591067,61.4909,-4.6550,18.0616,15.5742,18.1133,15.9322,4
2458746.531927,14.6296,-33.5332,18.0616,15.5742,18.1133,15.9322,4
2458746.548817,-1.5770,37.1692,18.0616,15.5742,18.1133,15.9322,4
2458746.565297,4.8045,46.5262,18.0616,15.5742,18.1133,15.9322,4
2458746.594067,17.0341,16.9581,18.0616,15.5742,18.1133,15.9322,4
2458747.482447,-5.1078,15.6838,18.0616,15.5742,18.1133,15.9322,4
2458747.506187,-5.9148,12.9509,18.0616,15.5742,18.1133,15.9322,4
2458747.522747,-18.7859,6.0446,18.0616,15.5742,18.1133,15.9322,4
2458747.567737,-28.5642,3.3088,18.0616,15.5742,18.1133,15.9322,4
2458747.600617,8.1531,-39.5634,18.0616,15.5742,18.1133,15.9322,4
2458748.489527,23.1703,-25.8189,18.0616,15.5742,18.1133,15.9322,4
2458748.522797,-34.7915,-14.8808,18.0616,15.5742,18.1133,15.9322,4
2458748.552937,31.2553,17.3974,18.0616,15.5742,18.1133,15.9322,4
2458748.586057,25.4075,-45.8439,18.0616,15.5742,18.1133,15.9322,4
2458749.498027,62.5115,-17.4280,18.0616,15.5742,18.1133,15.9322,4
2458750.503937,-23.5904,40.9536,18.0616,15.5742,18.1133,15.9322,4
2458750.530927,0.6919,6.8171,18.0616,15.5742,18.1133,15.9322,4
2458752.490067,-2.0608,-40.2669,18.0616,15.5742,18.1133,15.9322,4
2458752.535247,20.3198,-40.7549,18.0616,15.5742,18.1133,15.9322,4
2458753.568737,-32.8023,38.4353,18.0616,15.5742,18.1133,15.9322,4
2458753.585417,13.3925,45.9991,18.0616,15.5742,18.1133,15.9322,4
2458754.569417,13.7357,27.4630,18.0616,15.5742,18.1133,15.9322,4
2458755.582597,17.3607,-6.7806,18.0616,15.5742,18.1133,15.9322,4
2458756.502247,63.7459,-32.2749,18.0616,15.5742,18.1133,15.9322,4
2458756.503597,-17.3388,0.8632,18.0616,15.5742,18.1133,15.9322,4
2458756.536957,-5.5845,20.8938,18.0616,15.5742,18.1133,15.9322,4
2458756.580527,-25.7873,-22.1839,18.0616,15.5742,18.1133,15.9322,4
2458757.503607,-28.8090,14.5905,18.0616,15.5742,18.1133,15.9322,4
2458757.537097,-9.9998,-51.7712,18.0616,15.5742,18.1133,15.9322,4
2458761.509507,23.1099,-1.4061,18.0616,15.5742,18.1133,15.9322,4
2458761.526377,-9.2362,-57.3935,18.0616,15.5742,18.1133,15.9322,4
2458762.547627,-1.2077,-16.7639,18.0616,15.5742,18.1133,15.9322,4
2458763.492947,1.3021,-40.5961,18.0616,15.5742,18.1133,15.9322,4
2458764.537647,19.4262,12.1775,18.0616,15.5742,18.1133,15.9322,4
2458768.500597,8.3140,5.3862,18.0616,15.5742,18.1133,15.9322,4
2458768.517827,10.3577,35.6915,18.0616,15.5742,18.1133,15.9322,4
2458773.527707,29.2291,24.9874,18.0616,15.5742,18.1133,15.9322,4
2458774.522377,9.5819,29.0851,18.0616,15.5742,18.1133,15.9322,4
2458775.518557,9.6931,8.2899,18.0616,15.5742,18.1133,15.9322,4
2459265.861157,-19.6390,3.9705,18.0616,15.5742,20.8743,16.5018,5
2459265.878767,44.2624,-17.9624,18.0616,15.5742,20.8743,16.5018,5
2459267.874507,84.2699,-43.8664,18.0616,15.5742,20.8743,16.5018,5
2459267.892507,18.9054,-2.2522,18.0616,15.5742,20.8743,16.5018,5
2459268.894327,13.2635,-9.7652,18.0616,15.5742,20.8743,16.5018,5
2459269.889687,29.8592,3.7206,18.0616,15.5742,20.8743,16.5018,5
2459270.876087,15.4110,-31.2931,18.0616,15.5742,20.8743,16.5018,5
2459271.873247,15.8649,-28.0448,18.0616,15.5742,20.8743,16.5018,5
2459271.901327,75.4749,21.2453,18.0616,15.5742,20.8743,16.5018,5
2459274.864877,67.2738,-25.0728,18.0616,15.5742,20.8743,16.5018,5
2459274.882737,50.4864,-33.8477,18.0616,15.5742,20.8743,16.5018,5
2459275.887157,39.8653,-12.8256,18.0616,15.5742,20.8743,16.5018,5
2459276.861317,-9.6271,14.4779,18.0616,15.5742,20.8743,16.5018,5
2459276.878997,8.6238,-10.7756,18.0616,15.5742,20.8743,16.5018,5
2459276.898147,20.4304,-19.1090,18.0616,15.5742,20.8743,16.5018,5
2459277.840797,35.1679,-37.7750,18.0616,15.5742,20.8743,16.5018,5
2459277.900507,-10.7606,25.7335,18.0616,15.5742,20.8743,16.5018,5
2459279.873577,4.4328,0.9188,18.0616,15.5742,20.8743,16.5018,5
2459280.899247,53.7165,-14.0764,18.0616,15.5742,20.8743,16.5018,5
2459281.857547,75.6140,-2.0526,18.0616,15.5742,20.8743,16.5018,5
2459281.875157,47.0643,7.3113,18.0616,15.5742,20.8743,16.5018,5
2459281.892927,9.2105,-25.7603,18.0616,15.5742,20.8743,16.5018,5
2459282.812337,46.3658,-48.7884,18.0616,15.5742,20.8743,16.5018,5
2459282.849467,46.5237,-9.4295,18.0616,15.5742,20.8743,16.5018,5
2459282.867047,-3.2669,7.8215,18.0616,15.5742,20.8743,16.5018,5
2459282.888257,19.9303,-20.8459,18.0616,15.5742,20.8743,16.5018,5
2459282.905477,-6.4826,35.3850,18.0616,15.5742,20.8743,16.5018,5
2459283.818147,70.2999,-43.0991,18.0616,15.5742,20.8743,16.5018,5
2459283.851177,50.5781,-11.6801,18.0616,15.5742,20.8743,16.5018,5
2459283.869217,48.6020,32.7324,18.0616,15.5742,20.8743,16.5018,5
2459283.894657,40.4501,20.2536,18.0616,15.5742,20.8743,16.5018,5
2459284.815927,18.8387,-18.2363,18.0616,15.5742,20.8743,16.5018,5
2459284.862107,13.5984,-18.5673,18.0616,15.5742,20.8743,16.5018,5
2459285.847337,4.4085,-19.3056,18.0616,15.5742,20.8743,16.5018,5
2459285.865517,14.0442,-18.8142,18.0616,15.5742,20.8743,16.5018,5
2459285.884907,24.3253,7.5393,18.0616,15.5742,20.8743,16.5018,5
2459285.902267,36.9030,-40.2779,18.0616,15.5742,20.8743,16.5018,5
2459286.836117,4.2381,12.3935,18.0616,15.5742,20.8743,16.5018,5
2459286.839507,37.4718,-27.3075,18.0616,15.5742,20.8743,16.5018,5
2459286.864537,2.0504,24.1396,18.0616,15.5742,20.8743,16.5018,5
2459286.882087,47.3865,-4.0755,18.0616,15.5742,20.8743,16.5018,5
2459286.899217,-4.4810,12.4007,18.0616,15.5742,20.8743,16.5018,5
2459287.874247,24.7027,-18.5852,18.0616,15.5742,20.8743,16.5018,5
2459287.891927,48.0373,-54.7912,18.0616,15.5742,20.8743,16.5018,5
2459287.910017,-18.0520,29.1268,18.0616,15.5742,20.8743,16.5018,5
2459289.912987,6.6029,-3.5631,18.0616,15.5742,20.8743,16.5018,5
2459290.894017,-8.7285,-5.9750,18.0616,15.5742,20.8743,16.5018,5
2459291.881997,-6.1166,16.4202,18.0616,15.5742,20.8743,16.5018,5
2459291.899087,-5.0042,2.3799,18.0616,15.5742,20.8743,16.5018,5
2459294.865967,39.7514,-45.5478,18.0616,15.5742,20.8743,16.5018,5
2459294.893487,-1.4034,-10.7765,18.0616,15.5742,20.8743,16.5018,5
2459294.910507,-4.0179,26.8656,18.0616,15.5742,20.8743,16.5018,5
2459295.845197,-0.2063,0.8299,18.0616,15.5742,20.8743,16.5018,5
2459295.863067,40.0520,-10.8593,18.0616,15.5742,20.8743,16.5018,5
2459295.880327,29.3319,-36.0013,18.0616,15.5742,20.8743,16.5018,5
2459295.897697,26.8917,10.3606,18.0616,15.5742,20.8743,16.5018,5
2459296.789437,62.2194,26.0150,18.0616,15.5742,20.8743,16.5018,5
2459296.824437,23.6142,-5.3719,18.0616,15.5742,20.8743,16.5018,5
2459296.870367,15.7829,11.3426,18.0616,15.5742,20.8743,16.5018,5
2459296.890737,17.0454,21.1592,18.0616,15.5742,20.8743,16.5018,5
2459297.845687,32.1782,-15.4697,18.0616,15.5742,20.8743,16.5018,5
2459297.883427,23.6866,18.6041,18.0616,15.5742,20.8743,16.5018,5
2459297.900717,34.5034,2.4593,18.0616,15.5742,20.8743,16.5018,5
2459297.918277,-18.6507,1.2079,18.0616,15.5742,20.8743,16.5018,5
2459298.889667,52.4757,23.5789,18.0616,15.5742,20.8743,16.5018,5
2459298.909927,27.3512,9.6197,18.0616,15.5742,20.8743,16.5018,5
2459299.876987,50.3737,-43.2744,18.0616,15.5742,20.8743,16.5018,5
2459299.896277,15.6174,30.2975,18.0616,15.5742,20.8743,16.5018,5
2459300.789137,28.4373,2.9101,18.0616,15.5742,20.8743,16.5018,5
2459300.845617,58.6260,-42.9993,18.0616,15.5742,20.8743,16.5018,5
2459300.861627,60.1577,-2.7898,18.0616,15.5742,20.8743,16.5018,5
2459300.890057,21.7624,-0.8265,18.0616,15.5742,20.8743,16.5018,5
2459301.788127,31.7113,-9.7860,18.0616,15.5742,20.8743,16.5018,5
2459301.816337,7.2016,23.9860,18.0616,15.5742,20.8743,16.5018,5
2459301.833967,-15.6008,22.1561,18.0616,15.5742,20.8743,16.5018,5
2459301.853097,46.5018,-5.3719,18.0616,15.5742,20.8743,16.5018,5
2459301.871897,-4.7554,13.7973,18.0616,15.5742,20.8743,16.5018,5
2459301.889287,13.1828,23.5607,18.0616,15.5742,20.8743,16.5018,5
2459302.826757,14.7982,-4.8292,18.0616,15.5742,20.8743,16.5018,5
2459302.843727,11.4745,16.0366,18.0616,15.5742,20.8743,16.5018,5
2459302.862097,17.5643,17.4606,18.0616,15.5742,20.8743,16.5018,5
2459302.879407,26.6743,-30.0354,18.0616,15.5742,20.8743,16.5018,5
2459302.911177,-11.3705,-4.7359,18.0616,15.5742,20.8743,16.5018,5
2459303.866867,11.3489,10.1164,18.0616,15.5742,20.8743,16.5018,5
2459303.884157,51.7197,18.6639,18.0616,15.5742,20.8743,16.5018,5
2459303.901517,36.4431,2.7043,18.0616,15.5742,20.8743,16.5018,5
2459304.772277,69.6927,-8.2846,18.0616,15.5742,20.8743,16.5018,5
2459304.789967,48.7119,-3.1966,18.0616,15.5742,20.8743,16.5018,5
2459304.807677,-1.9396,20.2180,18.0616,15.5742,20.8743,16.5018,5
2459304.842907,7.6194,-19.8287,18.0616,15.5742,20.8743,16.5018,5
2459304.860697,-12.2049,23.6179,18.0616,15.5742,20.8743,16.5018,5
2459304.888137,10.5933,16.0322,18.0616,15.5742,20.8743,16.5018,5
2459304.905647,9.8108,-4.4044,18.0616,15.5742,20.8743,16.5018,5
2459305.807447,9.4734,17.6241,18.0616,15.5742,20.8743,16.5018,5
2459305.824887,16.8986,-12.9519,18.0616,15.5742,20.8743,16.5018,5
2459305.842027,28.8250,0.7343,18.0616,15.5742,20.8743,16.5018,5
2459305.859187,42.2755,0.4893,18.0616,15.5742,20.8743,16.5018,5
2459305.876627,24.3471,-5.0886,18.0616,15.5742,20.8743,16.5018,5
2459305.911637,-2.4907,3.8395,18.0616,15.5742,20.8743,16.5018,5
2459308.798567,-4.6820,-1.1190,18.0616,15.5742,20.8743,16.5018,5
2459308.817357,58.2095,6.4177,18.0616,15.5742,20.8743,16.5018,5
2459309.810157,0.7423,21.7280,18.0616,15.5742,20.8743,16.5018,5
2459309.827647,19.7455,-13.1833,18.0616,15.5742,20.8743,16.5018,5
2459309.847627,30.9952,-7.2791,18.0616,15.5742,20.8743,16.5018,5
2459309.872347,4.6078,-22.2386,18.0616,15.5742,20.8743,16.5018,5
2459309.901927,-4.2992,-3.1984,18.0616,15.5742,20.8743,16.5018,5
2459309.923207,19.7114,15.0282,18.0616,15.5742,20.8743,16.5018,5
2459310.795117,-15.5041,11.6026,18.0616,15.5742,20.8743,16.5018,5
2459310.864617,7.9494,-17.7088,18.0616,15.5742,20.8743,16.5018,5
2459310.892267,19.9348,3.1783,18.0616,15.5742,20.8743,16.5018,5
2459311.752667,35.4053,-32.7938,18.0616,15.5742,20.8743,16.5018,5
2459311.789947,22.6593,13.2576,18.0616,15.5742,20.8743,16.5018,5
2459311.820907,10.3852,9.2044,18.0616,15.5742,20.8743,16.5018,5
2459311.837137,6.3595,15.9638,18.0616,15.5742,20.8743,16.5018,5
2459311.854127,10.0015,-1.3870,18.0616,15.5742,20.8743,16.5018,5
2459311.874147,-2.9932,12.6815,18.0616,15.5742,20.8743,16.5018,5
2459311.897857,-2.3357,16.7051,18.0616,15.5742,20.8743,16.5018,5
2459312.796687,36.7040,-35.0623,18.0616,15.5742,20.8743,16.5018,5
2459312.824837,41.7098,-11.9258,18.0616,15.5742,20.8743,16.5018,5
2459312.842577,21.6298,-17.4570,18.0616,15.5742,20.8743,16.5018,5
2459312.860117,12.8710,25.4971,18.0616,15.5742,20.8743,16.5018,5
2459312.864297,23.9492,13.9810,18.0616,15.5742,20.8743,16.5018,5
2459312.880017,5.1707,13.5689,18.0616,15.5742,20.8743,16.5018,5
2459312.897807,1.7881,-7.5594,18.0616,15.5742,20.8743,16.5018,5
2459313.824117,25.9888,-42.1351,18.0616,15.5742,20.8743,16.5018,5
2459313.854937,11.9728,28.1040,18.0616,15.5742,20.8743,16.5018,5
2459313.872077,30.1824,21.4658,18.0616,15.5742,20.8743,16.5018,5
2459313.890657,9.5185,19.9869,18.0616,15.5742,20.8743,16.5018,5
2459314.803237,38.8651,-7.6611,18.0616,15.5742,20.8743,16.5018,5
2459314.860177,20.4647,19.0356,18.0616,15.5742,20.8743,16.5018,5
2459315.785207,10.5133,-19.9095,18.0616,15.5742,20.8743,16.5018,5
2459315.802767,-23.6408,1.3190,18.0616,15.5742,20.8743,16.5018,5
2459315.820477,32.2943,-22.1064,18.0616,15.5742,20.8743,16.5018,5
2459315.840657,19.1328,-14.5742,18.0616,15.5742,20.8743,16.5018,5
2459315.871287,7.2198,12.6327,18.0616,15.5742,20.8743,16.5018,5
2459315.890427,1.6763,14.8590,18.0616,15.5742,20.8743,16.5018,5
2459316.792847,-15.3302,-18.7122,18.0616,15.5742,20.8743,16.5018,5
2459316.810537,51.9399,-1.1872,18.0616,15.5742,20.8743,16.5018,5
2459316.862607,24.8316,29.0060,18.0616,15.5742,20.8743,16.5018,5
2459316.898567,-5.3629,19.5850,18.0616,15.5742,20.8743,16.5018,5
2459316.918357,-1.7511,10.4437,18.0616,15.5742,20.8743,16.5018,5
2459317.808257,-9.2357,-13.5812,18.0616,15.5742,20.8743,16.5018,5
2459317.825467,-10.2051,-11.9418,18.0616,15.5742,20.8743,16.5018,5
2459317.842727,0.3746,-3.6692,18.0616,15.5742,20.8743,16.5018,5
2459317.870087,2.2345,-6.8101,18.0616,15.5742,20.8743,16.5018,5
2459318.767357,38.7676,-13.7133,18.0616,15.5742,20.8743,16.5018,5
2459318.822357,-27.1177,15.8394,18.0616,15.5742,20.8743,16.5018,5
2459318.839837,-13.6961,30.4401,18.0616,15.5742,20.8743,16.5018,5
2459318.868157,0.3282,31.4223,18.0616,15.5742,20.8743,16.5018,5
2459318.893347,0.1266,16.3402,18.0616,15.5742,20.8743,16.5018,5
2459319.713417,-25.9989,-14.8046,18.0616,15.5742,20.8743,16.5018,5
2459319.734477,17.9464,-35.1804,18.0616,15.5742,20.8743,16.5018,5
2459319.741247,14.4894,-24.2632,18.0616,15.5742,20.8743,16.5018,5
2459319.782837,4.1449,-9.8552,18.0616,15.5742,20.8743,16.5018,5
2459319.802627,-11.7676,-8.0826,18.0616,15.5742,20.8743,16.5018,5
2459319.819827,-17.0284,-10.8702,18.0616,15.5742,20.8743,16.5018,5
2459319.836987,-20.9850,9.2290,18.0616,15.5742,20.8743,16.5018,5
2459319.854477,-8.0766,-1.0758,18.0616,15.5742,20.8743,16.5018,5
2459319.921837,-23.1851,19.0395,18.0616,15.5742,20.8743,16.5018,5
2459320.735577,31.7058,-18.3237,18.0616,15.5742,20.8743,16.5018,5
2459320.763897,-1.8075,35.7142,18.0616,15.5742,20.8743,16.5018,5
2459320.781607,30.9079,-38.5105,18.0616,15.5742,20.8743,16.5018,5
2459320.810857,11.8389,-9.3897,18.0616,15.5742,20.8743,16.5018,5
2459320.828127,12.1223,16.2033,18.0616,15.5742,20.8743,16.5018,5
2459320.873847,-6.6499,13.5685,18.0616,15.5742,20.8743,16.5018,5
2459320.897587,-20.0808,27.3156,18.0616,15.5742,20.8743,16.5018,5
2459320.914507,-31.5895,-4.2259,18.0616,15.5742,20.8743,16.5018,5
2459321.735247,54.2449,-16.6058,18.0616,15.5742,20.8743,16.5018,5
2459321.756027,36.1989,7.9805,18.0616,15.5742,20.8743,16.5018,5
2459321.792037,18.0147,24.0886,18.0616,15.5742,20.8743,16.5018,5
2459321.809277,0.0947,10.6512,18.0616,15.5742,20.8743,16.5018,5
2459321.826847,-17.9733,18.6600,18.0616,15.5742,20.8743,16.5018,5
2459321.843907,16.5793,6.9502,18.0616,15.5742,20.8743,16.5018,5
2459321.894677,4.0551,23.0965,18.0616,15.5742,20.8743,16.5018,5
2459322.714757,24.7322,11.6266,18.0616,15.5742,20.8743,16.5018,5
2459322.789307,-2.0905,0.5852,18.0616,15.5742,20.8743,16.5018,5
2459322.824767,18.1198,-5.1729,18.0616,15.5742,20.8743,16.5018,5
2459322.842067,4.4416,11.0320,18.0616,15.5742,20.8743,16.5018,5
2459322.859527,-3.3936,17.3547,18.0616,15.5742,20.8743,16.5018,5
2459322.891647,-14.0427,-1.4576,18.0616,15.5742,20.8743,16.5018,5
2459322.894337,-16.0960,24.1826,18.0616,15.5742,20.8743,16.5018,5
2459322.909597,-15.5713,-3.8598,18.0616,15.5742,20.8743,16.5018,5
2459322.927037,13.8500,5.4337,18.0616,15.5742,20.8743,16.5018,5
2459323.779737,47.3829,-9.9801,18.0616,15.5742,20.8743,16.5018,5
2459323.804807,16.7935,-1.6220,18.0616,15.5742,20.8743,16.5018,5
2459323.821987,23.8331,17.1122,18.0616,15.5742,20.8743,16.5018,5
2459323.842867,29.5282,11.3928,18.0616,15.5742,20.8743,16.5018,5
2459323.860737,11.6820,13.6136,18.0616,15.5742,20.8743,16.5018,5
2459323.916287,-16.2776,16.5447,18.0616,15.5742,20.8743,16.5018,5
2459323.920427,-20.4297,23.0507,18.0616,15.5742,20.8743,16.5018,5
2459324.872047,-14.1817,-0.6544,18.0616,15.5742,20.8743,16.5018,5
2459324.916637,33.5102,26.5032,18.0616,15.5742,20.8743,16.5018,5
2459326.807247,28.7420,-5.9640,18.0616,15.5742,20.8743,16.5018,5
2459326.860687,-9.9711,1.9487,18.0616,15.5742,20.8743,16.5018,5
2459326.877487,25.9047,-17.3133,18.0616,15.5742,20.8743,16.5018,5
2459326.922367,-20.7792,-8.5785,18.0616,15.5742,20.8743,16.5018,5
2459327.815657,22.7671,-51.0616,18.0616,15.5742,20.8743,16.5018,5
2459327.833497,40.6873,3.3747,18.0616,15.5742,20.8743,16.5018,5
2459327.873817,22.1705,-12.8801,18.0616,15.5742,20.8743,16.5018,5
2459327.918567,-20.1204,19.3925,18.0616,15.5742,20.8743,16.5018,5
2459328.877627,0.5797,-13.5766,18.0616,15.5742,20.8743,16.5018,5
2459328.915347,-15.8544,26.7680,18.0616,15.5742,20.8743,16.5018,5
2459329.697757,39.2709,-47.5812,18.0616,15.5742,20.8743,16.5018,5
2459329.720077,57.4373,-35.5349,18.0616,15.5742,20.8743,16.5018,5
2459329.737657,26.1416,2.7249,18.0616,15.5742,20.8743,16.5018,5
2459329.756817,43.3621,-32.8148,18.0616,15.5742,20.8743,16.5018,5
2459329.774287,31.8292,-17.7413,18.0616,15.5742,20.8743,16.5018,5
2459329.808067,0.1361,37.7516,18.0616,15.5742,20.8743,16.5018,5
2459329.821127,16.9081,8.8641,18.0616,15.5742,20.8743,16.5018,5
2459329.826197,14.3285,8.0428,18.0616,15.5742,20.8743,16.5018,5
2459329.840567,24.0587,41.2794,18.0616,15.5742,20.8743,16.5018,5
2459329.862867,4.9104,7.1853,18.0616,15.5742,20.8743,16.5018,5
2459329.880127,-5.3416,27.0890,18.0616,15.5742,20.8743,16.5018,5
2459330.739497,38.3977,12.9320,18.0616,15.5742,20.8743,16.5018,5
2459330.767347,36.4266,-29.0829,18.0616,15.5742,20.8743,16.5018,5
2459330.791477,34.1074,-26.5836,18.0616,15.5742,20.8743,16.5018,5
2459330.808917,-4.2902,15.9304,18.0616,15.5742,20.8743,16.5018,5
2459330.811617,-2.1664,27.4020,18.0616,15.5742,20.8743,16.5018,5
2459330.829577,11.8070,33.0956,18.0616,15.5742,20.8743,16.5018,5
2459330.849557,18.1787,30.2690,18.0616,15.5742,20.8743,16.5018,5
2459330.882067,-16.3204,29.9236,18.0616,15.5742,20.8743,16.5018,5
2459330.899157,4.8292,10.0499,18.0616,15.5742,20.8743,16.5018,5
2459330.915847,-3.5826,7.7058,18.0616,15.5742,20.8743,16.5018,5
2459331.748927,-5.1619,24.7568,18.0616,15.5742,20.8743,16.5018,5
2459331.766177,19.2633,0.4782,18.0616,15.5742,20.8743,16.5018,5
2459331.823147,-4.6880,16.2179,18.0616,15.5742,20.8743,16.5018,5
2459331.872127,0.8957,-47.5700,18.0616,15.5742,20.8743,16.5018,5
2459332.786767,54.2402,-28.8212,18.0616,15.5742,20.8743,16.5018,5
2459332.857847,-8.1999,7.6233,18.0616,15.5742,20.8743,16.5018,5
2459332.875347,25.7591,-9.2770,18.0616,15.5742,20.8743,16.5018,5
2459332.895947,-9.5981,-2.4739,18.0616,15.5742,20.8743,16.5018,5
2459333.765407,22.7761,-8.1771,18.0616,15.5742,20.8743,16.5018,5
2459333.782797,16.8725,-16.6106,18.0616,15.5742,20.8743,16.5018,5
2459333.829037,-18.4747,-22.6824,18.0616,15.5742,20.8743,16.5018,5
2459333.850887,18.6358,-0.3628,18.0616,15.5742,20.8743,16.5018,5
2459336.863137,10.5205,-8.1700,18.0616,15.5742,20.8743,16.5018,5
2459338.743357,57.3563,-9.7311,18.0616,15.5742,20.8743,16.5018,5
2459338.774067,6.9022,22.5466,18.0616,15.5742,20.8743,16.5018,5
2459338.851807,3.7325,-18.3831,18.0616,15.5742,20.8743,16.5018,5
2459338.879487,1.9779,-36.8551,18.0616,15.5742,20.8743,16.5018,5
2459339.734977,-12.0470,20.9269,18.0616,15.5742,20.8743,16.5018,5
2459339.752447,35.6518,-42.5395,18.0616,15.5742,20.8743,16.5018,5
2459339.769827,28.6142,23.0748,18.0616,15.5742,20.8743,16.5018,5
2459339.802887,35.2616,23.1615,18.0616,15.5742,20.8743,16.5018,5
2459339.822997,10.8431,-46.4577,18.0616,15.5742,20.8743,16.5018,5
2459339.843427,39.1230,-29.3436,18.0616,15.5742,20.8743,16.5018,5
2459339.865737,-13.0494,37.1809,18.0616,15.5742,20.8743,16.5018,5
2459339.899737,-17.3066,12.0864,18.0616,15.5742,20.8743,16.5018,5
2459340.737637,-4.5609,-21.9695,18.0616,15.5742,20.8743,16.5018,5
2459340.756487,45.1344,-2.9923,18.0616,15.5742,20.8743,16.5018,5
2459340.773547,16.5094,31.6439,18.0616,15.5742,20.8743,16.5018,5
2459340.791167,2.7249,-25.8514,18.0616,15.5742,20.8743,16.5018,5
2459340.842577,18.9470,8.1937,18.0616,15.5742,20.8743,16.5018,5
2459340.859397,5.6032,-25.7992,18.0616,15.5742,20.8743,16.5018,5
2459340.877807,-6.5733,18.4699,18.0616,15.5742,20.8743,16.5018,5
2459340.898267,16.7873,3.8805,18.0616,15.5742,20.8743,16.5018,5
2459340.915337,-3.3517,-10.9514,18.0616,15.5742,20.8743,16.5018,5
2459344.826277,34.2363,-1.0564,18.0616,15.5742,20.8743,16.5018,5
2459345.674547,41.8047,38.1762,18.0616,15.5742,20.8743,16.5018,5
2459345.696807,49.6955,1.1282,18.0616,15.5742,20.8743,16.5018,5
2459345.714747,19.8648,20.3410,18.0616,15.5742,20.8743,16.5018,5
2459345.731947,35.0326,26.4669,18.0616,15.5742,20.8743,16.5018,5
2459345.749277,40.8193,-23.3401,18.0616,15.5742,20.8743,16.5018,5
2459345.797047,32.3140,5.4052,18.0616,15.5742,20.8743,16.5018,5
2459345.819817,20.4918,7.8293,18.0616,15.5742,20.8743,16.5018,5
2459345.837397,0.3555,16.5159,18.0616,15.5742,20.8743,16.5018,5
2459345.905997,-18.2204,25.1160,18.0616,15.5742,20.8743,16.5018,5
2459346.700997,-22.2560,-12.3305,18.0616,15.5742,20.8743,16.5018,5
2459346.718407,32.5192,-2.5670,18.0616,15.5742,20.8743,16.5018,5
2459346.757167,-32.6544,-12.7888,18.0616,15.5742,20.8743,16.5018,5
2459346.840747,23.0412,-2.4000,18.0616,15.5742,20.8743,16.5018,5
2459346.860187,21.8019,13.8055,18.0616,15.5742,20.8743,16.5018,5
2459346.877427,7.0992,25.4837,18.0616,15.5742,20.8743,16.5018,5
2459346.905817,9.3336,-33.1071,18.0616,15.5742,20.8743,16.5018,5
2459346.922057,-27.3771,27.5377,18.0616,15.5742,20.8743,16.5018,5
2459347.725087,25.7748,-0.3511,18.0616,15.5742,20.8743,16.5018,5
2459348.637307,50.0366,-37.5062,18.0616,15.5742,20.8743,16.5018,5
2459348.659657,-32.5126,-6.1816,18.0616,15.5742,20.8743,16.5018,5
2459348.688327,5.6955,0.4806,18.0616,15.5742,20.8743,16.5018,5
2459348.836587,3.4932,6.4497,18.0616,15.5742,20.8743,16.5018,5
2459348.907567,-2.0489,3.3551,18.0616,15.5742,20.8743,16.5018,5
2459348.924477,2.6404,5.4024,18.0616,15.5742,20.8743,16.5018,5
2459349.641967,54.7466,-19.8596,18.0616,15.5742,20.8743,16.5018,5
2459349.659917,34.4810,-37.3705,18.0616,15.5742,20.8743,16.5018,5
2459349.708517,43.8033,-15.5286,18.0616,15.5742,20.8743,16.5018,5
2459349.727697,22.6190,29.4461,18.0616,15.5742,20.8743,16.5018,5
2459349.746927,46.1313,3.0150,18.0616,15.5742,20.8743,16.5018,5
2459349.764547,11.4902,2.6017,18.0616,15.5742,20.8743,16.5018,5
2459349.781977,-3.0755,17.8357,18.0616,15.5742,20.8743,16.5018,5
2459350.734857,44.4915,12.7283,18.0616,15.5742,20.8743,16.5018,5
2459350.751757,19.0582,23.3799,18.0616,15.5742,20.8743,16.5018,5
2459350.769327,42.0554,18.3248,18.0616,15.5742,20.8743,16.5018,5
2459350.819487,1.0192,15.8506,18.0616,15.5742,20.8743,16.5018,5
2459350.848217,-15.2520,27.3727,18.0616,15.5742,20.8743,16.5018,5
2459350.865367,-4.6354,16.7551,18.0616,15.5742,20.8743,16.5018,5
2459351.638987,-3.5332,-34.1840,18.0616,15.5742,20.8743,16.5018,5
2459351.657117,-17.1050,-20.0187,18.0616,15.5742,20.8743,16.5018,5
2459351.674367,6.6876,2.5468,18.0616,15.5742,20.8743,16.5018,5
2459351.695727,14.1351,6.7850,18.0616,15.5742,20.8743,16.5018,5
2459351.718187,34.8180,-7.9305,18.0616,15.5742,20.8743,16.5018,5
2459351.745757,0.0548,10.0783,18.0616,15.5742,20.8743,16.5018,5
2459351.763317,16.1173,16.6297,18.0616,15.5742,20.8743,16.5018,5
2459351.814217,-7.3617,5.2378,18.0616,15.5742,20.8743,16.5018,5
2459351.915147,-28.1401,9.8305,18.0616,15.5742,20.8743,16.5018,5
2459351.932157,8.8137,10.4427,18.0616,15.5742,20.8743,16.5018,5
2459352.679577,-9.2931,-12.9238,18.0616,15.5742,20.8743,16.5018,5
2459352.698977,-3.1685,9.4769,18.0616,15.5742,20.8743,16.5018,5
2459352.717967,43.0404,-36.9984,18.0616,15.5742,20.8743,16.5018,5
2459352.749957,11.8275,-0.7604,18.0616,15.5742,20.8743,16.5018,5
2459352.767147,6.2641,21.7797,18.0616,15.5742,20.8743,16.5018,5
2459352.784127,3.8753,12.8402,18.0616,15.5742,20.8743,16.5018,5
2459352.875977,-9.2847,-3.1828,18.0616,15.5742,20.8743,16.5018,5
2459352.892427,7.4408,22.2659,18.0616,15.5742,20.8743,16.5018,5
2459352.908937,19.3768,-1.7502,18.0616,15.5742,20.8743,16.5018,5
2459352.930757,21.4132,-25.7445,18.0616,15.5742,20.8743,16.5018,5
2459354.924627,14.9694,-8.4534,18.0616,15.5742,20.8743,16.5018,5
2459356.700657,34.3054,16.6868,18.0616,15.5742,20.8743,16.5018,5
2459356.783357,-18.3310,19.1538,18.0616,15.5742,20.8743,16.5018,5
2459356.848647,23.2413,-24.9969,18.0616,15.5742,20.8743,16.5018,5
2459356.883367,19.8452,21.5475,18.0616,15.5742,20.8743,16.5018,5
2459356.910627,-8.8241,11.4353,18.0616,15.5742,20.8743,16.5018,5
2459356.927347,-13.1060,-4.6245,18.0616,15.5742,20.8743,16.5018,5
2459357.697667,29.7547,-10.1023,18.0616,15.5742,20.8743,16.5018,5
2459357.717467,-21.9772,0.5449,18.0616,15.5742,20.8743,16.5018,5
2459357.736827,-9.1046,3.1943,18.0616,15.5742,20.8743,16.5018,5
2459357.753957,-12.8968,5.7239,18.0616,15.5742,20.8743,16.5018,5
2459357.832607,-27.5834,10.6164,18.0616,15.5742,20.8743,16.5018,5
2459357.869017,-15.8746,-7.7802,18.0616,15.5742,20.8743,16.5018,5
2459357.894017,-19.0820,1.9483,18.0616,15.5742,20.8743,16.5018,5
2459358.639687,6.5226,-0.7766,18.0616,15.5742,20.8743,16.5018,5
2459358.722037,23.0456,13.0082,18.0616,15.5742,20.8743,16.5018,5
2459358.766767,17.5719,9.4696,18.0616,15.5742,20.8743,16.5018,5
2459358.875467,2.5349,6.1548,18.0616,15.5742,20.8743,16.5018,5
2459358.913707,3.6048,4.6902,18.0616,15.5742,20.8743,16.5018,5
2459359.708367,3.8856,14.9153,18.0616,15.5742,20.8743,16.5018,5
2459359.736897,4.3144,-14.2945,18.0616,15.5742,20.8743,16.5018,5
2459359.745157,28.4023,9.0912,18.0616,15.5742,20.8743,16.5018,5
2459359.911617,-18.4488,7.3695,18.0616,15.5742,20.8743,16.5018,5
2459359.928787,0.1256,18.0738,18.0616,15.5742,20.8743,16.5018,5
2459360.712627,2.4458,-16.8729,18.0616,15.5742,20.8743,16.5018,5
2459360.816947,-0.2572,23.3745,18.0616,15.5742,20.8743,16.5018,5
2459360.833647,19.6537,15.8581,18.0616,15.5742,20.8743,16.5018,5
2459364.914817,-15.8033,5.9336,18.0616,15.5742,20.8743,16.5018,5
2459365.623487,23.4514,-30.7053,18.0616,15.5742,20.8743,16.5018,5
2459365.663107,-0.2842,-1.2939,18.0616,15.5742,20.8743,16.5018,5
2459365.823657,-1.5319,-3.3692,18.0616,15.5742,20.8743,16.5018,5
2459366.630087,-11.0725,-4.4052,18.0616,15.5742,20.8743,16.5018,5
2459366.647647,-2.5749,-12.3672,18.0616,15.5742,20.8743,16.5018,5
2459366.664967,3.4522,22.9057,18.0616,15.5742,20.8743,16.5018,5
2459366.696537,9.7247,0.6904,18.0616,15.5742,20.8743,16.5018,5
2459366.713247,-1.4464,-0.5076,18.0616,15.5742,20.8743,16.5018,5
2459366.730337,4.2867,9.8898,18.0616,15.5742,20.8743,16.5018,5
2459366.750517,-10.7009,9.9588,18.0616,15.5742,20.8743,16.5018,5
2459366.813277,18.4051,17.0480,18.0616,15.5742,20.8743,16.5018,5
2459366.830067,5.2257,-1.9623,18.0616,15.5742,20.8743,16.5018,5
2459366.911887,-7.7894,-26.9320,18.0616,15.5742,20.8743,16.5018,5
2459367.597727,32.6807,-23.2189,18.0616,15.5742,20.8743,16.5018,5
2459367.639827,22.1257,-2.8419,18.0616,15.5742,20.8743,16.5018,5
2459367.688497,-1.6932,-31.3369,18.0616,15.5742,20.8743,16.5018,5
2459367.827587,0.6591,-10.8162,18.0616,15.5742,20.8743,16.5018,5
2459367.888817,-9.7753,19.8797,18.0616,15.5742,20.8743,16.5018,5
2459367.905827,3.9904,-31.9989,18.0616,15.5742,20.8743,16.5018,5
2459368.623347,8.5012,7.4799,18.0616,15.5742,20.8743,16.5018,5
2459368.626227,-8.9351,12.3716,18.0616,15.5742,20.8743,16.5018,5
2459368.643967,-22.9745,-1.6645,18.0616,15.5742,20.8743,16.5018,5
2459368.752797,2.6399,12.7437,18.0616,15.5742,20.8743,16.5018,5
2459368.803007,-7.3920,1.0570,18.0616,15.5742,20.8743,16.5018,5
2459368.836177,-3.8720,17.1517,18.0616,15.5742,20.8743,16.5018,5
2459368.855607,0.7423,-3.9280,18.0616,15.5742,20.8743,16.5018,5
2459368.882467,-26.4871,-18.6265,18.0616,15.5742,20.8743,16.5018,5
2459369.587467,23.6458,-19.6604,18.0616,15.5742,20.8743,16.5018,5
2459369.605477,10.9491,-6.3942,18.0616,15.5742,20.8743,16.5018,5
2459369.623387,24.3933,-4.5062,18.0616,15.5742,20.8743,16.5018,5
2459369.651867,12.8810,-6.9790,18.0616,15.5742,20.8743,16.5018,5
2459369.669397,-8.2442,-0.5541,18.0616,15.5742,20.8743,16.5018,5
2459369.745407,16.2177,-4.9502,18.0616,15.5742,20.8743,16.5018,5
2459369.775857,4.5828,15.6389,18.0616,15.5742,20.8743,16.5018,5
2459369.812137,-6.4899,-7.9718,18.0616,15.5742,20.8743,16.5018,5
2459369.898157,17.1603,3.9576,18.0616,15.5742,20.8743,16.5018,5
2459370.832987,-6.4184,1.1366,18.0616,15.5742,20.8743,16.5018,5
2459370.860677,-22.2715,11.1410,18.0616,15.5742,20.8743,16.5018,5
2459370.896077,-6.3106,-4.5061,18.0616,15.5742,20.8743,16.5018,5
2459371.608177,1.2090,-0.7524,18.0616,15.5742,20.8743,16.5018,5
2459371.626087,18.4436,-26.5906,18.0616,15.5742,20.8743,16.5018,5
2459371.820767,-0.8248,4.3897,18.0616,15.5742,20.8743,16.5018,5
2459371.853217,-0.6407,3.9866,18.0616,15.5742,20.8743,16.5018,5
2459371.896807,-20.6819,0.3241,18.0616,15.5742,20.8743,16.5018,5
2459373.649317,22.2388,-29.7897,18.0616,15.5742,20.8743,16.5018,5
2459373.696087,20.5243,-4.7798,18.0616,15.5742,20.8743,16.5018,5
2459373.738897,-4.0878,14.7478,18.0616,15.5742,20.8743,16.5018,5
2459373.787587,3.1817,0.8598,18.0616,15.5742,20.8743,16.5018,5
2459373.806127,-8.9532,0.0903,18.0616,15.5742,20.8743,16.5018,5
2459373.824417,-8.2029,-2.4062,18.0616,15.5742,20.8743,16.5018,5
2459373.841047,-4.8632,10.7005,18.0616,15.5742,20.8743,16.5018,5
2459373.857907,-11.3448,3.3382,18.0616,15.5742,20.8743,16.5018,5
2459374.619347,-26.7230,-4.1998,18.0616,15.5742,20.8743,16.5018,5
2459374.705717,-0.3827,-2.1408,18.0616,15.5742,20.8743,16.5018,5
2459374.745007,-22.3986,3.6558,18.0616,15.5742,20.8743,16.5018,5
2459374.776677,-5.2309,-8.5665,18.0616,15.5742,20.8743,16.5018,5
2459374.793897,15.0820,-7.7614,18.0616,15.5742,20.8743,16.5018,5
2459374.811287,-7.1747,7.9330,18.0616,15.5742,20.8743,16.5018,5
2459374.827517,-4.8018,-15.1337,18.0616,15.5742,20.8743,16.5018,5
2459374.844087,3.4825,-4.4706,18.0616,15.5742,20.8743,16.5018,5
2459375.640227,32.5209,13.6911,18.0616,15.5742,20.8743,16.5018,5
2459375.657457,35.4950,-17.0277,18.0616,15.5742,20.8743,16.5018,5
2459375.703987,9.7646,3.8525,18.0616,15.5742,20.8743,16.5018,5
2459375.720737,1.2990,-33.5831,18.0616,15.5742,20.8743,16.5018,5
2459375.788327,-21.1851,5.6675,18.0616,15.5742,20.8743,16.5018,5
2459375.807267,12.9077,27.6917,18.0616,15.5742,20.8743,16.5018,5
2459376.589367,23.0767,-7.1037,18.0616,15.5742,20.8743,16.5018,5
2459376.609777,24.1307,-24.8678,18.0616,15.5742,20.8743,16.5018,5
2459376.627117,-3.5521,10.9564,18.0616,15.5742,20.8743,16.5018,5
2459376.691777,10.7814,-1.8284,18.0616,15.5742,20.8743,16.5018,5
2459376.718857,9.7414,9.3157,18.0616,15.5742,20.8743,16.5018,5
2459376.735727,-6.0065,15.4655,18.0616,15.5742,20.8743,16.5018,5
2459376.780467,4.7699,3.2893,18.0616,15.5742,20.8743,16.5018,5
2459376.797277,-16.9515,-29.0739,18.0616,15.5742,20.8743,16.5018,5
2459376.831197,21.2604,-21.4970,18.0616,15.5742,20.8743,16.5018,5
2459376.862737,-6.3672,-18.1843,18.0616,15.5742,20.8743,16.5018,5
2459376.879967,5.9701,5.0295,18.0616,15.5742,20.8743,16.5018,5
2459377.600257,15.8281,-15.3924,18.0616,15.5742,20.8743,16.5018,5
2459377.617467,-8.6120,-13.1601,18.0616,15.5742,20.8743,16.5018,5
2459377.648107,6.9324,-5.5367,18.0616,15.5742,20.8743,16.5018,5
2459377.688887,-4.7943,-24.6257,18.0616,15.5742,20.8743,16.5018,5
2459377.813777,-6.8154,-25.5728,18.0616,15.5742,20.8743,16.5018,5
2459377.857647,22.7508,6.0331,18.0616,15.5742,20.8743,16.5018,5
2459378.614407,17.1579,-15.4565,18.0616,15.5742,20.8743,16.5018,5
2459378.643877,-19.3692,-32.3583,18.0616,15.5742,20.8743,16.5018,5
2459378.695767,-8.8313,-21.9315,18.0616,15.5742,20.8743,16.5018,5
2459378.712757,3.4641,14.2418,18.0616,15.5742,20.8743,16.5018,5
2459378.773707,-13.2647,19.5036,18.0616,15.5742,20.8743,16.5018,5
2459378.807027,17.7226,2.0677,18.0616,15.5742,20.8743,16.5018,5
2459378.868287,-0.1393,-13.6843,18.0616,15.5742,20.8743,16.5018,5
2459379.566727,-16.6688,-4.7203,18.0616,15.5742,20.8743,16.5018,5
2459379.598727,20.0620,-8.7125,18.0616,15.5742,20.8743,16.5018,5
2459379.616257,28.5415,-7.6455,18.0616,15.5742,20.8743,16.5018,5
2459379.669037,1.9129,11.1917,18.0616,15.5742,20.8743,16.5018,5
2459379.686367,-0.9927,-4.0466,18.0616,15.5742,20.8743,16.5018,5
2459379.831367,15.2274,-12.4278,18.0616,15.5742,20.8743,16.5018,5
2459379.850217,-2.9987,6.9006,18.0616,15.5742,20.8743,16.5018,5
2459379.866767,31.0206,3.3793,18.0616,15.5742,20.8743,16.5018,5
2459380.696167,6.3824,9.0396,18.0616,15.5742,20.8743,16.5018,5
2459380.730687,-6.2013,-10.7165,18.0616,15.5742,20.8743,16.5018,5
2459380.747567,3.6734,-11.2341,18.0616,15.5742,20.8743,16.5018,5
2459380.770167,-23.2648,7.3468,18.0616,15.5742,20.8743,16.5018,5
2459380.791357,-5.2840,-33.0171,18.0616,15.5742,20.8743,16.5018,5
2459381.818117,25.6669,24.9867,18.0616,15.5742,20.8743,16.5018,5
2459381.834667,15.0139,9.2177,18.0616,15.5742,20.8743,16.5018,5
2459381.851197,-11.4115,-3.5419,18.0616,15.5742,20.8743,16.5018,5
2459382.711907,-2.3551,23.8233,18.0616,15.5742,20.8743,16.5018,5
2459382.733137,-13.2791,-24.5248,18.0616,15.5742,20.8743,16.5018,5
2459382.748627,-23.3327,-15.5883,18.0616,15.5742,20.8743,16.5018,5
2459382.782427,-1.3822,-3.0827,18.0616,15.5742,20.8743,16.5018,5
2459383.644437,2.5204,13.6102,18.0616,15.5742,20.8743,16.5018,5
2459383.709247,-8.2792,-17.4106,18.0616,15.5742,20.8743,16.5018,5
2459383.726017,-9.6755,-12.7988,18.0616,15.5742,20.8743,16.5018,5
2459383.746617,-2.1741,15.1086,18.0616,15.5742,20.8743,16.5018,5
2459383.771267,-3.9402,13.7813,18.0616,15.5742,20.8743,16.5018,5
2459383.815317,-29.5583,0.9135,18.0616,15.5742,20.8743,16.5018,5
2459384.658687,1.5514,11.2660,18.0616,15.5742,20.8743,16.5018,5
2459384.700557,-21.9679,20.8495,18.0616,15.5742,20.8743,16.5018,5
2459384.717507,3.5713,10.7430,18.0616,15.5742,20.8743,16.5018,5
2459384.737367,15.2069,6.8361,18.0616,15.5742,20.8743,16.5018,5
2459384.771677,6.0472,12.2651,18.0616,15.5742,20.8743,16.5018,5
2459384.799147,-14.9889,18.0928,18.0616,15.5742,20.8743,16.5018,5
2459384.817057,-1.3745,19.6285,18.0616,15.5742,20.8743,16.5018,5
2459384.833957,21.7238,3.8097,18.0616,15.5742,20.8743,16.5018,5
2459385.646817,21.2720,-10.5758,18.0616,15.5742,20.8743,16.5018,5
2459385.674337,21.4432,2.1355,18.0616,15.5742,20.8743,16.5018,5
2459385.691847,18.8438,-12.4503,18.0616,15.5742,20.8743,16.5018,5
2459385.725517,21.5917,-8.1979,18.0616,15.5742,20.8743,16.5018,5
2459385.742777,18.2661,-24.2822,18.0616,15.5742,20.8743,16.5018,5
2459385.770137,32.5141,-4.2541,18.0616,15.5742,20.8743,16.5018,5
2459385.786777,21.3179,-12.4547,18.0616,15.5742,20.8743,16.5018,5
2459385.808307,-11.6099,-11.7829,18.0616,15.5742,20.8743,16.5018,5
2459386.604687,31.1609,3.5976,18.0616,15.5742,20.8743,16.5018,5
2459386.655097,31.5892,-16.1539,18.0616,15.5742,20.8743,16.5018,5
2459386.706647,5.8525,-9.2944,18.0616,15.5742,20.8743,16.5018,5
2459386.767667,6.6999,14.0430,18.0616,15.5742,20.8743,16.5018,5
2459386.784927,-17.2303,8.1490,18.0616,15.5742,20.8743,16.5018,5
2459386.802357,19.6413,-14.0586,18.0616,15.5742,20.8743,16.5018,5
2459386.819377,31.4991,10.4655,18.0616,15.5742,20.8743,16.5018,5
2459386.847687,-7.8803,-24.3849,18.0616,15.5742,20.8743,16.5018,5
2459387.614697,1.3364,-15.7758,18.0616,15.5742,20.8743,16.5018,5
2459387.648167,-15.4570,17.0382,18.0616,15.5742,20.8743,16.5018,5
2459387.667907,11.3023,-17.5373,18.0616,15.5742,20.8743,16.5018,5
2459387.686007,11.0682,11.2411,18.0616,15.5742,20.8743,16.5018,5
2459387.736717,10.1225,-16.8371,18.0616,15.5742,20.8743,16.5018,5
2459387.774447,-10.2486,1.7473,18.0616,15.5742,20.8743,16.5018,5
2459387.791067,-0.6758,-20.8496,18.0616,15.5742,20.8743,16.5018,5
2459387.811097,35.3347,-26.2361,18.0616,15.5742,20.8743,16.5018,5
2459392.647807,5.1200,-2.3598,18.0616,15.5742,20.8743,16.5018,5
2459392.669427,28.6315,-6.5737,18.0616,15.5742,20.8743,16.5018,5
2459392.707757,17.1828,24.0525,18.0616,15.5742,20.8743,16.5018,5
2459393.541597,2.8773,-6.9421,18.0616,15.5742,20.8743,16.5018,5
2459393.578207,1.3242,-15.7732,18.0616,15.5742,20.8743,16.5018,5
2459393.612957,-0.8722,-5.7374,18.0616,15.5742,20.8743,16.5018,5
2459393.657667,-18.9426,10.8969,18.0616,15.5742,20.8743,16.5018,5
2459393.712697,1.2684,10.0571,18.0616,15.5742,20.8743,16.5018,5
2459393.759297,-13.2639,6.1244,18.0616,15.5742,20.8743,16.5018,5
2459393.793367,-15.7285,-6.5758,18.0616,15.5742,20.8743,16.5018,5
2459393.810017,9.6972,1.4343,18.0616,15.5742,20.8743,16.5018,5
2459393.837457,-17.2343,-11.8588,18.0616,15.5742,20.8743,16.5018,5
2459394.547707,-22.0082,-7.3309,18.0616,15.5742,20.8743,16.5018,5
2459394.565597,-6.6836,-14.7709,18.0616,15.5742,20.8743,16.5018,5
2459394.615447,-0.2746,6.1553,18.0616,15.5742,20.8743,16.5018,5
2459394.632787,-20.6348,19.2952,18.0616,15.5742,20.8743,16.5018,5
2459394.673837,-19.3865,5.0760,18.0616,15.5742,20.8743,16.5018,5
2459394.723177,-13.4998,-2.2157,18.0616,15.5742,20.8743,16.5018,5
2459394.749777,-3.9218,23.6025,18.0616,15.5742,20.8743,16.5018,5
2459394.783227,-19.6966,2.9868,18.0616,15.5742,20.8743,16.5018,5
2459394.800177,29.4146,23.7642,18.0616,15.5742,20.8743,16.5018,5
2459394.829257,4.2532,-14.1646,18.0616,15.5742,20.8743,16.5018,5
2459395.535427,37.6244,-5.8087,18.0616,15.5742,20.8743,16.5018,5
2459395.581037,12.9203,-21.6883,18.0616,15.5742,20.8743,16.5018,5
2459395.598577,-8.9011,5.2848,18.0616,15.5742,20.8743,16.5018,5
2459395.619427,-22.0644,-11.4153,18.0616,15.5742,20.8743,16.5018,5
2459395.638057,-17.8575,5.1417,18.0616,15.5742,20.8743,16.5018,5
2459395.676737,-19.7865,10.2418,18.0616,15.5742,20.8743,16.5018,5
2459395.721507,-13.0134,27.8531,18.0616,15.5742,20.8743,16.5018,5
2459396.545337,22.5573,-28.0749,18.0616,15.5742,20.8743,16.5018,5
2459396.563037,-28.0991,-7.1398,18.0616,15.5742,20.8743,16.5018,5
2459396.580537,5.1201,-10.8308,18.0616,15.5742,20.8743,16.5018,5
2459396.712737,-15.4824,-0.2717,18.0616,15.5742,20.8743,16.5018,5
2459396.728467,1.2893,11.2216,18.0616,15.5742,20.8743,16.5018,5
2459396.797307,29.8280,-24.3995,18.0616,15.5742,20.8743,16.5018,5
2459396.814387,-11.5138,1.8928,18.0616,15.5742,20.8743,16.5018,5
2459397.571907,32.6408,-24.9840,18.0616,15.5742,20.8743,16.5018,5
2459397.589467,11.2253,-11.4619,18.0616,15.5742,20.8743,16.5018,5
2459397.617997,5.8840,21.7663,18.0616,15.5742,20.8743,16.5018,5
2459397.703687,17.3706,8.0281,18.0616,15.5742,20.8743,16.5018,5
2459397.720747,2.2882,3.8038,18.0616,15.5742,20.8743,16.5018,5
2459397.749817,-8.0249,-2.3118,18.0616,15.5742,20.8743,16.5018,5
2459397.766077,21.3749,-14.6629,18.0616,15.5742,20.8743,16.5018,5
2459397.803997,-18.4922,5.3187,18.0616,15.5742,20.8743,16.5018,5
2459397.819687,-18.3972,28.5032,18.0616,15.5742,20.8743,16.5018,5
2459399.599567,-10.4816,-8.6920,18.0616,15.5742,20.8743,16.5018,5
2459399.620457,4.8536,2.0675,18.0616,15.5742,20.8743,16.5018,5
2459399.664547,-6.8508,-1.1602,18.0616,15.5742,20.8743,16.5018,5
2459399.665897,-7.6270,6.7622,18.0616,15.5742,20.8743,16.5018,5
2459399.815057,23.3538,4.6769,18.0616,15.5742,20.8743,16.5018,5
2459400.523947,28.9484,21.6540,18.0616,15.5742,20.8743,16.5018,5
2459400.559627,-5.2139,-7.9038,18.0616,15.5742,20.8743,16.5018,5
2459400.587237,-12.2508,24.6581,18.0616,15.5742,20.8743,16.5018,5
2459400.624357,-26.8211,7.9331,18.0616,15.5742,20.8743,16.5018,5
2459400.669137,-14.0767,-3.2304,18.0616,15.5742,20.8743,16.5018,5
2459401.530007,41.9577,-3.9961,18.0616,15.5742,20.8743,16.5018,5
2459401.576587,6.3157,28.2678,18.0616,15.5742,20.8743,16.5018,5
2459401.610697,13.7275,17.9728,18.0616,15.5742,20.8743,16.5018,5
2459401.630177,-21.8063,-9.3781,18.0616,15.5742,20.8743,16.5018,5
2459401.647777,13.0403,3.0046,18.0616,15.5742,20.8743,16.5018,5
2459401.677097,-27.2261,4.5247,18.0616,15.5742,20.8743,16.5018,5
2459401.746507,1.0634,-13.6850,18.0616,15.5742,20.8743,16.5018,5
2459401.773687,3.9815,10.1270,18.0616,15.5742,20.8743,16.5018,5
2459401.807467,21.0664,20.7204,18.0616,15.5742,20.8743,16.5018,5
2459402.650097,-0.8070,26.1160,18.0616,15.5742,20.8743,16.5018,5
2459402.684467,0.3467,-18.1042,18.0616,15.5742,20.8743,16.5018,5
2459402.701557,41.3546,5.8758,18.0616,15.5742,20.8743,16.5018,5
2459402.746337,1.8997,13.5869,18.0616,15.5742,20.8743,16.5018,5
2459402.776707,9.5760,-13.2857,18.0616,15.5742,20.8743,16.5018,5
2459403.509097,29.3157,-20.4875,18.0616,15.5742,20.8743,16.5018,5
2459403.526937,-13.7457,-14.3615,18.0616,15.5742,20.8743,16.5018,5
2459403.556737,4.1799,20.0673,18.0616,15.5742,20.8743,16.5018,5
2459403.591797,21.9337,1.4912,18.0616,15.5742,20.8743,16.5018,5
2459403.619917,-5.2810,-7.2568,18.0616,15.5742,20.8743,16.5018,5
2459403.692497,-7.7057,6.6371,18.0616,15.5742,20.8743,16.5018,5
2459403.720057,-23.3532,4.9274,18.0616,15.5742,20.8743,16.5018,5
2459403.740467,-16.9871,8.9830,18.0616,15.5742,20.8743,16.5018,5
2459403.757117,-10.9213,-14.8435,18.0616,15.5742,20.8743,16.5018,5
2459403.774167,1.6174,5.1013,18.0616,15.5742,20.8743,16.5018,5
2459403.790647,9.1755,-1.2185,18.0616,15.5742,20.8743,16.5018,5
2459403.807597,-9.2939,-14.4612,18.0616,15.5742,20.8743,16.5018,5
2459404.511307,25.0916,7.0726,18.0616,15.5742,20.8743,16.5018,5
2459404.569737,39.8186,0.2513,18.0616,15.5742,20.8743,16.5018,5
2459404.628527,18.4456,11.5561,18.0616,15.5742,20.8743,16.5018,5
2459404.662857,1.0108,6.7161,18.0616,15.5742,20.8743,16.5018,5
2459404.707767,-6.7764,11.4684,18.0616,15.5742,20.8743,16.5018,5
2459404.724657,3.9805,10.6420,18.0616,15.5742,20.8743,16.5018,5
2459404.741037,-5.4201,20.4954,18.0616,15.5742,20.8743,16.5018,5
2459404.762997,-8.2133,21.5601,18.0616,15.5742,20.8743,16.5018,5
2459404.780047,-16.5190,23.2656,18.0616,15.5742,20.8743,16.5018,5
2459405.500117,3.8672,-20.4639,18.0616,15.5742,20.8743,16.5018,5
2459405.556827,12.6982,5.8900,18.0616,15.5742,20.8743,16.5018,5
2459405.601867,19.3809,13.2200,18.0616,15.5742,20.8743,16.5018,5
2459405.636707,4.3418,-8.2880,18.0616,15.5742,20.8743,16.5018,5
2459405.653757,-0.3105,12.3858,18.0616,15.5742,20.8743,16.5018,5
2459405.670727,-19.6044,-22.9278,18.0616,15.5742,20.8743,16.5018,5
2459405.712987,-23.5314,9.1999,18.0616,15.5742,20.8743,16.5018,5
2459405.746157,-9.3846,-6.6248,18.0616,15.5742,20.8743,16.5018,5
2459405.762747,-24.1168,21.2415,18.0616,15.5742,20.8743,16.5018,5
2459405.779377,14.0820,1.0936,18.0616,15.5742,20.8743,16.5018,5
2459406.546457,11.1322,20.9073,18.0616,15.5742,20.8743,16.5018,5
2459406.581517,3.0609,6.7198,18.0616,15.5742,20.8743,16.5018,5
2459406.609427,15.1294,11.8849,18.0616,15.5742,20.8743,16.5018,5
2459407.500417,22.3777,-20.2085,18.0616,15.5742,20.8743,16.5018,5
2459407.534327,31.9256,-8.9561,18.0616,15.5742,20.8743,16.5018,5
2459407.579047,40.7162,-17.2396,18.0616,15.5742,20.8743,16.5018,5
2459407.613427,20.3762,5.4435,18.0616,15.5742,20.8743,16.5018,5
2459407.632167,-16.4173,3.0180,18.0616,15.5742,20.8743,16.5018,5
2459407.648577,1.2035,9.9046,18.0616,15.5742,20.8743,16.5018,5
2459407.693407,-7.1478,16.0045,18.0616,15.5742,20.8743,16.5018,5
2459407.709227,0.9858,2.2056,18.0616,15.5742,20.8743,16.5018,5
2459407.731187,8.5829,-1.7659,18.0616,15.5742,20.8743,16.5018,5
2459407.746107,-1.9367,-3.9944,18.0616,15.5742,20.8743,16.5018,5
2459407.763487,29.6193,-1.8569,18.0616,15.5742,20.8743,16.5018,5
2459407.794327,-18.3470,-6.1954,18.0616,15.5742,20.8743,16.5018,5
2459408.496287,-19.1034,13.5983,18.0616,15.5742,20.8743,16.5018,5
2459408.559907,21.8714,6.6646,18.0616,15.5742,20.8743,16.5018,5
2459408.577547,21.3224,-3.4477,18.0616,15.5742,20.8743,16.5018,5
2459408.595577,18.9724,11.3043,18.0616,15.5742,20.8743,16.5018,5
2459408.612827,10.1981,12.8727,18.0616,15.5742,20.8743,16.5018,5
2459408.697727,0.8560,9.5838,18.0616,15.5742,20.8743,16.5018,5
2459408.714277,-17.1936,12.0098,18.0616,15.5742,20.8743,16.5018,5
2459409.516417,33.2559,-22.9996,18.0616,15.5742,20.8743,16.5018,5
2459409.533977,38.5866,20.2279,18.0616,15.5742,20.8743,16.5018,5
2459409.588387,-7.3640,1.1712,18.0616,15.5742,20.8743,16.5018,5
2459409.607007,-12.5193,3.0992,18.0616,15.5742,20.8743,16.5018,5
2459409.629157,-13.7349,12.5632,18.0616,15.5742,20.8743,16.5018,5
2459409.646037,-16.4929,1.5201,18.0616,15.5742,20.8743,16.5018,5
2459409.662537,31.7226,-5.7370,18.0616,15.5742,20.8743,16.5018,5
2459409.735027,37.6909,-17.7532,18.0616,15.5742,20.8743,16.5018,5
2459409.752517,17.3814,-12.7523,18.0616,15.5742,20.8743,16.5018,5
2459409.769007,-21.9549,13.2013,18.0616,15.5742,20.8743,16.5018,5
2459410.506227,14.6985,-7.9880,18.0616,15.5742,20.8743,16.5018,5
2459410.550787,25.7804,7.3825,18.0616,15.5742,20.8743,16.5018,5
2459410.719557,-18.8139,3.0495,18.0616,15.5742,20.8743,16.5018,5
2459410.736517,0.9214,-3.8143,18.0616,15.5742,20.8743,16.5018,5
2459410.753677,-16.7551,-5.7035,18.0616,15.5742,20.8743,16.5018,5
2459410.787077,-26.4215,8.2369,18.0616,15.5742,20.8743,16.5018,5
2459411.480047,8.8936,-19.7930,18.0616,15.5742,20.8743,16.5018,5
2459411.546017,22.0074,-2.8591,18.0616,15.5742,20.8743,16.5018,5
2459411.687757,-9.5488,11.1171,18.0616,15.5742,20.8743,16.5018,5
2459411.771277,-24.9885,14.3152,18.0616,15.5742,20.8743,16.5018,5
2459412.547257,-3.2166,-2.4915,18.0616,15.5742,20.8743,16.5018,5
2459412.564297,21.6243,3.1658,18.0616,15.5742,20.8743,16.5018,5
2459412.661957,-22.7002,4.7642,18.0616,15.5742,20.8743,16.5018,5
2459412.678997,-11.2779,26.6456,18.0616,15.5742,20.8743,16.5018,5
2459412.696487,-21.1470,-3.0765,18.0616,15.5742,20.8743,16.5018,5
2459412.729837,-16.7779,5.5528,18.0616,15.5742,20.8743,16.5018,5
2459412.777247,-23.7612,-5.7066,18.0616,15.5742,20.8743,16.5018,5
2459413.491997,15.9300,-2.9896,18.0616,15.5742,20.8743,16.5018,5
2459413.555297,21.0373,13.3364,18.0616,15.5742,20.8743,16.5018,5
2459413.579177,-5.5394,14.2582,18.0616,15.5742,20.8743,16.5018,5
2459413.596507,23.7429,21.6512,18.0616,15.5742,20.8743,16.5018,5
2459413.617587,-10.5635,-3.3211,18.0616,15.5742,20.8743,16.5018,5
2459413.679937,4.8539,15.9809,18.0616,15.5742,20.8743,16.5018,5
2459413.696547,-19.7986,24.3396,18.0616,15.5742,20.8743,16.5018,5
2459414.688467,-11.7232,-0.8959,18.0616,15.5742,20.8743,16.5018,5
2459414.722587,-24.9298,20.9633,18.0616,15.5742,20.8743,16.5018,5
2459414.773597,-17.8694,-5.9812,18.0616,15.5742,20.8743,16.5018,5
2459415.520147,-32.6577,8.7340,18.0616,15.5742,20.8743,16.5018,5
2459415.591847,6.2218,-7.1345,18.0616,15.5742,20.8743,16.5018,5
2459415.626277,5.6656,-8.3751,18.0616,15.5742,20.8743,16.5018,5
2459415.644397,-8.1503,0.3553,18.0616,15.5742,20.8743,16.5018,5
2459415.709927,-1.1205,19.4976,18.0616,15.5742,20.8743,16.5018,5
2459415.769947,-6.1529,9.5531,18.0616,15.5742,20.8743,16.5018,5
2459418.624547,2.6997,8.0085,18.0616,15.5742,20.8743,16.5018,5
2459419.537577,23.6773,-7.6436,18.0616,15.5742,20.8743,16.5018,5
2459419.585917,1.3082,6.8803,18.0616,15.5742,20.8743,16.5018,5
2459419.602987,-15.7138,2.4716,18.0616,15.5742,20.8743,16.5018,5
2459419.683257,-6.5691,3.5297,18.0616,15.5742,20.8743,16.5018,5
2459419.700087,-1.7039,-20.4352,18.0616,15.5742,20.8743,16.5018,5
2459419.719617,11.9465,-9.5374,18.0616,15.5742,20.8743,16.5018,5
2459420.629037,-1.1680,-5.0962,18.0616,15.5742,20.8743,16.5018,5
2459420.645707,-2.2795,4.2434,18.0616,15.5742,20.8743,16.5018,5
2459420.663027,13.6794,1.3096,18.0616,15.5742,20.8743,16.5018,5
2459420.720227,-3.8653,7.1507,18.0616,15.5742,20.8743,16.5018,5
2459420.747537,-15.0363,-5.6535,18.0616,15.5742,20.8743,16.5018,5
2459421.578547,7.6912,6.7382,18.0616,15.5742,20.8743,16.5018,5
2459421.640467,10.4181,10.1091,18.0616,15.5742,20.8743,16.5018,5
2459421.677047,10.8824,-8.0057,18.0616,15.5742,20.8743,16.5018,5
2459421.710687,0.3299,12.4366,18.0616,15.5742,20.8743,16.5018,5
2459421.742877,-20.9884,-3.5269,18.0616,15.5742,20.8743,16.5018,5
2459421.759827,35.2378,-13.6700,18.0616,15.5742,20.8743,16.5018,5
2459423.530477,7.5335,13.0467,18.0616,15.5742,20.8743,16.5018,5
2459423.579797,11.5274,0.0896,18.0616,15.5742,20.8743,16.5018,5
2459423.618807,24.3216,7.6833,18.0616,15.5742,20.8743,16.5018,5
2459423.673617,-23.8894,4.4861,18.0616,15.5742,20.8743,16.5018,5
2459423.701657,-8.3131,3.8981,18.0616,15.5742,20.8743,16.5018,5
2459423.718187,-37.6241,-8.2636,18.0616,15.5742,20.8743,16.5018,5
2459423.754507,-8.7202,-6.3928,18.0616,15.5742,20.8743,16.5018,5
2459424.521657,27.4052,-19.2263,18.0616,15.5742,20.8743,16.5018,5
2459424.675897,-1.5693,12.7207,18.0616,15.5742,20.8743,16.5018,5
2459424.695667,5.7456,-2.4411,18.0616,15.5742,20.8743,16.5018,5
2459424.713717,9.3825,23.2648,18.0616,15.5742,20.8743,16.5018,5
2459424.740897,-7.6627,15.7182,18.0616,15.5742,20.8743,16.5018,5
2459425.525577,-3.4064,-5.4446,18.0616,15.5742,20.8743,16.5018,5
2459425.575027,4.7988,1.0237,18.0616,15.5742,20.8743,16.5018,5
2459425.609937,-20.0767,12.6487,18.0616,15.5742,20.8743,16.5018,5
2459425.657647,-8.3901,21.3961,18.0616,15.5742,20.8743,16.5018,5
2459425.674867,5.3981,11.6663,18.0616,15.5742,20.8743,16.5018,5
2459426.480917,-4.6358,22.0850,18.0616,15.5742,20.8743,16.5018,5
2459426.497907,-23.4870,-6.1536,18.0616,15.5742,20.8743,16.5018,5
2459426.531877,-3.0578,-6.8745,18.0616,15.5742,20.8743,16.5018,5
2459426.630557,-1.2325,12.0131,18.0616,15.5742,20.8743,16.5018,5
2459426.730677,2.4199,8.7659,18.0616,15.5742,20.8743,16.5018,5
2459426.747717,-33.0578,-14.1888,18.0616,15.5742,20.8743,16.5018,5
2459427.497417,16.8665,10.7487,18.0616,15.5742,20.8743,16.5018,5
2459427.651187,5.4241,-3.6984,18.0616,15.5742,20.8743,16.5018,5
2459427.712067,-7.4435,11.7409,18.0616,15.5742,20.8743,16.5018,5
2459427.732367,-19.2855,-7.0465,18.0616,15.5742,20.8743,16.5018,5
2459428.479337,-0.6148,0.5970,18.0616,15.5742,20.8743,16.5018,5
2459428.497017,4.7054,7.2048,18.0616,15.5742,20.8743,16.5018,5
2459428.524767,-1.7156,9.3076,18.0616,15.5742,20.8743,16.5018,5
2459428.694247,-13.6162,1.4314,18.0616,15.5742,20.8743,16.5018,5
2459429.500997,-3.4905,7.4404,18.0616,15.5742,20.8743,16.5018,5
2459429.688457,0.8132,6.2900,18.0616,15.5742,20.8743,16.5018,5
2459429.708057,-8.9273,5.6527,18.0616,15.5742,20.8743,16.5018,5
2459429.726847,-13.5828,-10.3496,18.0616,15.5742,20.8743,16.5018,5
2459429.743717,-4.3908,-11.0841,18.0616,15.5742,20.8743,16.5018,5
2459430.484087,-20.7295,-1.9126,18.0616,15.5742,20.8743,16.5018,5
2459430.501287,-5.6157,-5.8578,18.0616,15.5742,20.8743,16.5018,5
2459430.554867,4.0403,9.1556,18.0616,15.5742,20.8743,16.5018,5
2459430.636457,2.5222,5.4884,18.0616,15.5742,20.8743,16.5018,5
2459430.659727,-29.4314,2.4629,18.0616,15.5742,20.8743,16.5018,5
2459430.703947,-3.6253,0.5508,18.0616,15.5742,20.8743,16.5018,5
2459430.737857,-10.2863,-0.9659,18.0616,15.5742,20.8743,16.5018,5
2459431.472447,24.2532,-1.0211,18.0616,15.5742,20.8743,16.5018,5
2459431.511357,11.0881,-3.6420,18.0616,15.5742,20.8743,16.5018,5
2459431.672987,-12.6354,17.4823,18.0616,15.5742,20.8743,16.5018,5
2459431.723167,8.0877,6.8476,18.0616,15.5742,20.8743,16.5018,5
2459432.568417,13.9035,7.8063,18.0616,15.5742,20.8743,16.5018,5
2459432.615557,-25.9767,8.1920,18.0616,15.5742,20.8743,16.5018,5
2459432.650817,6.2444,13.3398,18.0616,15.5742,20.8743,16.5018,5
2459432.673537,-3.6800,-9.0145,18.0616,15.5742,20.8743,16.5018,5
2459432.701427,-26.2790,5.9558,18.0616,15.5742,20.8743,16.5018,5
2459432.718067,-13.5719,11.1268,18.0616,15.5742,20.8743,16.5018,5
2459433.525967,13.9262,13.1072,18.0616,15.5742,20.8743,16.5018,5
2459433.543217,11.5507,22.8986,18.0616,15.5742,20.8743,16.5018,5
2459433.559937,22.3300,7.4388,18.0616,15.5742,20.8743,16.5018,5
2459433.638977,-7.4577,-7.4032,18.0616,15.5742,20.8743,16.5018,5
2459433.672377,16.8665,-0.9695,18.0616,15.5742,20.8743,16.5018,5
2459435.588237,-24.5356,21.8011,18.0616,15.5742,20.8743,16.5018,5
2459435.621817,-12.4726,12.6197,18.0616,15.5742,20.8743,16.5018,5
2459435.670297,3.5514,9.2544,18.0616,15.5742,20.8743,16.5018,5
2459435.687647,8.8827,10.7446,18.0616,15.5742,20.8743,16.5018,5
2459436.499197,-14.9814,13.8217,18.0616,15.5742,20.8743,16.5018,5
2459436.652207,4.8070,-14.5975,18.0616,15.5742,20.8743,16.5018,5
2459436.697157,16.7054,0.6064,18.0616,15.5742,20.8743,16.5018,5
2459439.584307,1.2228,6.7055,18.0616,15.5742,20.8743,16.5018,5
2459439.618537,-0.7762,12.5062,18.0616,15.5742,20.8743,16.5018,5
2459439.662157,19.1092,3.6936,18.0616,15.5742,20.8743,16.5018,5
2459439.683877,-0.5718,14.5746,18.0616,15.5742,20.8743,16.5018,5
2459439.702207,-18.6278,15.7323,18.0616,15.5742,20.8743,16.5018,5
2459440.504827,-3.5304,6.0897,18.0616,15.5742,20.8743,16.5018,5
2459440.605857,4.2776,-3.4771,18.0616,15.5742,20.8743,16.5018,5
2459440.637427,-23.2475,-10.4292,18.0616,15.5742,20.8743,16.5018,5
2459440.670927,-19.7015,-11.7511,18.0616,15.5742,20.8743,16.5018,5
2459440.704367,-22.5884,-12.1347,18.0616,15.5742,20.8743,16.5018,5
2459443.489407,22.7069,-9.6514,18.0616,15.5742,20.8743,16.5018,5
2459443.560427,-6.0482,-21.8878,18.0616,15.5742,20.8743,16.5018,5
2459443.577217,2.9912,-7.4622,18.0616,15.5742,20.8743,16.5018,5
2459443.607797,-13.3135,-15.8706,18.0616,15.5742,20.8743,16.5018,5
2459443.626197,-18.7987,-18.1207,18.0616,15.5742,20.8743,16.5018,5
2459443.644987,-15.3986,-3.4442,18.0616,15.5742,20.8743,16.5018,5
2459443.676037,-2.4381,-16.0309,18.0616,15.5742,20.8743,16.5018,5
2459447.509847,9.8178,2.2405,18.0616,15.5742,20.8743,16.5018,5
2459447.609627,2.1664,3.9897,18.0616,15.5742,20.8743,16.5018,5
2459447.687787,3.1894,-0.4567,18.0616,15.5742,20.8743,16.5018,5
2459448.501037,0.0072,-2.4185,18.0616,15.5742,20.8743,16.5018,5
2459448.518637,32.6203,2.0811,18.0616,15.5742,20.8743,16.5018,5
2459448.535607,-23.4475,7.9946,18.0616,15.5742,20.8743,16.5018,5
2459448.552677,-7.0312,4.6965,18.0616,15.5742,20.8743,16.5018,5
2459448.570037,-8.4917,10.3719,18.0616,15.5742,20.8743,16.5018,5
2459448.614487,-1.0749,-5.3728,18.0616,15.5742,20.8743,16.5018,5
2459448.631647,4.4396,20.9891,18.0616,15.5742,20.8743,16.5018,5
2459449.510067,18.4776,-8.2311,18.0616,15.5742,20.8743,16.5018,5
2459449.527227,-15.8045,-12.2737,18.0616,15.5742,20.8743,16.5018,5
2459449.549717,3.3998,-8.2220,18.0616,15.5742,20.8743,16.5018,5
2459449.594027,-22.2066,3.5961,18.0616,15.5742,20.8743,16.5018,5
2459449.649157,32.2907,-0.0365,18.0616,15.5742,20.8743,16.5018,5
2459452.575657,4.0560,20.1236,18.0616,15.5742,20.8743,16.5018,5
2459452.653617,26.2498,10.1667,18.0616,15.5742,20.8743,16.5018,5
2459453.481647,11.2578,15.8288,18.0616,15.5742,20.8743,16.5018,5
2459453.498787,-4.4094,22.0129,18.0616,15.5742,20.8743,16.5018,5
2459453.661547,-0.9094,-21.2061,18.0616,15.5742,20.8743,16.5018,5
2459454.593757,0.5844,-6.9044,18.0616,15.5742,20.8743,16.5018,5
2459454.626807,-13.7524,-7.0910,18.0616,15.5742,20.8743,16.5018,5
2459455.510337,-16.8536,1.3974,18.0616,15.5742,20.8743,16.5018,5
2459455.527787,-4.2024,11.4715,18.0616,15.5742,20.8743,16.5018,5
2459455.544657,36.5656,-4.6127,18.0616,15.5742,20.8743,16.5018,5
2459455.572077,33.1406,-14.2917,18.0616,15.5742,20.8743,16.5018,5
2459455.590497,-9.9773,-14.4111,18.0616,15.5742,20.8743,16.5018,5
2459455.611037,3.9811,-7.3109,18.0616,15.5742,20.8743,16.5018,5
2459455.628037,-22.4290,-27.5715,18.0616,15.5742,20.8743,16.5018,5
2459456.492607,12.3101,-3.3882,18.0616,15.5742,20.8743,16.5018,5
2459456.526737,3.9316,22.1124,18.0616,15.5742,20.8743,16.5018,5
2459456.573597,-18.5115,0.8298,18.0616,15.5742,20.8743,16.5018,5
2459456.595627,-12.4996,-26.6523,18.0616,15.5742,20.8743,16.5018,5
2459456.646527,23.1742,1.5515,18.0616,15.5742,20.8743,16.5018,5
2459457.484247,2.2016,-7.8762,18.0616,15.5742,20.8743,16.5018,5
2459457.501217,-1.3791,-9.0704,18.0616,15.5742,20.8743,16.5018,5
2459457.518537,-21.7538,8.9831,18.0616,15.5742,20.8743,16.5018,5
2459457.568887,-8.7699,14.3019,18.0616,15.5742,20.8743,16.5018,5
2459457.595657,-27.8538,0.7568,18.0616,15.5742,20.8743,16.5018,5
2459457.628757,14.7534,7.6379,18.0616,15.5742,20.8743,16.5018,5
2459458.534387,22.7578,0.5911,18.0616,15.5742,20.8743,16.5018,5
2459458.572767,-15.3100,-20.8942,18.0616,15.5742,20.8743,16.5018,5
2459458.599777,22.2635,-5.8259,18.0616,15.5742,20.8743,16.5018,5
2459458.602477,29.2943,20.5285,18.0616,15.5742,20.8743,16.5018,5
2459458.619207,24.4922,-16.4886,18.0616,15.5742,20.8743,16.5018,5
2459460.483707,7.0387,7.9100,18.0616,15.5742,20.8743,16.5018,5
2459460.503297,-1.4617,23.4899,18.0616,15.5742,20.8743,16.5018,5
2459460.520927,-21.7396,10.1150,18.0616,15.5742,20.8743,16.5018,5
2459460.553287,-18.1240,14.1055,18.0616,15.5742,20.8743,16.5018,5
2459460.569887,1.5005,5.5470,18.0616,15.5742,20.8743,16.5018,5
2459460.587017,-1.2463,-9.0465,18.0616,15.5742,20.8743,16.5018,5
2459460.606357,-16.8537,-6.9600,18.0616,15.5742,20.8743,16.5018,5
2459460.622857,-19.0630,-12.8343,18.0616,15.5742,20.8743,16.5018,5
2459461.490887,28.0542,19.3765,18.0616,15.5742,20.8743,16.5018,5
2459461.509957,1.0241,12.2014,18.0616,15.5742,20.8743,16.5018,5
2459461.535607,-6.0004,4.7875,18.0616,15.5742,20.8743,16.5018,5
2459461.552957,-6.9406,-24.1699,18.0616,15.5742,20.8743,16.5018,5
2459461.616837,10.2972,9.3600,18.0616,15.5742,20.8743,16.5018,5
2459462.489157,2.0102,16.9506,18.0616,15.5742,20.8743,16.5018,5
2459462.516237,-29.1073,23.9716,18.0616,15.5742,20.8743,16.5018,5
2459462.532857,20.8683,3.3055,18.0616,15.5742,20.8743,16.5018,5
2459462.549907,-0.2947,-1.7432,18.0616,15.5742,20.8743,16.5018,5
2459462.584657,11.0984,-12.9486,18.0616,15.5742,20.8743,16.5018,5
2459462.611867,18.4284,-7.6558,18.0616,15.5742,20.8743,16.5018,5
2459462.645177,36.8787,0.5936,18.0616,15.5742,20.8743,16.5018,5
2459463.517757,2.9624,16.0611,18.0616,15.5742,20.8743,16.5018,5
2459463.561907,13.9855,10.4328,18.0616,15.5742,20.8743,16.5018,5
2459463.579067,-27.1445,7.1682,18.0616,15.5742,20.8743,16.5018,5
2459463.596077,-0.5133,-10.2455,18.0616,15.5742,20.8743,16.5018,5
2459463.612627,26.3576,25.1047,18.0616,15.5742,20.8743,16.5018,5
2459466.505247,-18.5848,11.7417,18.0616,15.5742,20.8743,16.5018,5
2459466.522487,21.0308,5.1550,18.0616,15.5742,20.8743,16.5018,5
2459466.538877,4.0128,0.4975,18.0616,15.5742,20.8743,16.5018,5
2459466.560867,-22.5280,-5.3647,18.0616,15.5742,20.8743,16.5018,5
2459467.552087,-3.1683,17.9527,18.0616,15.5742,20.8743,16.5018,5
2459467.568567,-5.2335,3.1432,18.0616,15.5742,20.8743,16.5018,5
2459467.571237,-16.5546,13.8475,18.0616,15.5742,20.8743,16.5018,5
2459467.588217,7.8992,14.8505,18.0616,15.5742,20.8743,16.5018,5
2459467.604997,-20.8728,1.6280,18.0616,15.5742,20.8743,16.5018,5
2459467.632557,-33.6922,6.2686,18.0616,15.5742,20.8743,16.5018,5
2459475.501607,1.8807,17.6985,18.0616,15.5742,20.8743,16.5018,5
2459475.518307,-11.0217,-13.6486,18.0616,15.5742,20.8743,16.5018,5
2459475.551907,-15.8389,22.8949,18.0616,15.5742,20.8743,16.5018,5
2459476.484487,-19.9424,-19.7315,18.0616,15.5742,20.8743,16.5018,5
2459476.501037,-27.7686,-29.3192,18.0616,15.5742,20.8743,16.5018,5
2459476.528307,-27.1856,8.0720,18.0616,15.5742,20.8743,16.5018,5
2459476.545607,-22.0413,25.9970,18.0616,15.5742,20.8743,16.5018,5
2459476.563237,21.2534,-12.9276,18.0616,15.5742,20.8743,16.5018,5
2459479.506827,-28.7680,-1.2895,18.0616,15.5742,20.8743,16.5018,5
2459479.540897,15.5103,2.8923,18.0616,15.5742,20.8743,16.5018,5
2459480.505877,-17.6411,-3.9341,18.0616,15.5742,20.8743,16.5018,5
2459480.560627,14.6365,14.9205,18.0616,15.5742,20.8743,16.5018,5
2459480.577357,-2.6744,10.6593,18.0616,15.5742,20.8743,16.5018,5
2459480.598647,-15.7773,12.0049,18.0616,15.5742,20.8743,16.5018,5
2459481.491427,-8.0030,-5.1547,18.0616,15.5742,20.8743,16.5018,5
2459481.508137,11.2105,2.1193,18.0616,15.5742,20.8743,16.5018,5
2459481.524727,5.3692,-17.6560,18.0616,15.5742,20.8743,16.5018,5
2459481.551667,-2.1217,-22.2844,18.0616,15.5742,20.8743,16.5018,5
2459482.504707,-15.0401,18.9233,18.0616,15.5742,20.8743,16.5018,5
2459482.525747,-10.1711,12.8175,18.0616,15.5742,20.8743,16.5018,5
2459482.553017,-29.1077,29.5246,18.0616,15.5742,20.8743,16.5018,5
2459482.569767,-32.2942,-18.9994,18.0616,15.5742,20.8743,16.5018,5
2459482.587247,-25.3183,-0.9575,18.0616,15.5742,20.8743,16.5018,5
2459483.544877,-0.0648,6.2242,18.0616,15.5742,20.8743,16.5018,5
2459484.492517,-4.0167,-14.1738,18.0616,15.5742,20.8743,16.5018,5
2459484.518047,19.3349,6.3569,18.0616,15.5742,20.8743,16.5018,5
2459484.545387,14.2508,27.7778,18.0616,15.5742,20.8743,16.5018,5
2459484.579197,14.9511,12.5161,18.0616,15.5742,20.8743,16.5018,5
2459485.503697,17.9998,-20.7825,18.0616,15.5742,20.8743,16.5018,5
2459485.532357,13.0518,-7.6924,18.0616,15.5742,20.8743,16.5018,5
2459485.558607,4.8983,23.2711,18.0616,15.5742,20.8743,16.5018,5
2459486.524367,-10.0745,-14.8198,18.0616,15.5742,20.8743,16.5018,5
2459486.584837,-18.3023,-11.2596,18.0616,15.5742,20.8743,16.5018,5
2459488.551667,-5.7810,0.1944,18.0616,15.5742,20.8743,16.5018,5
2459488.568067,-3.7913,0.8000,18.0616,15.5742,20.8743,16.5018,5
2459489.510977,-8.3622,23.7814,18.0616,15.5742,20.8743,16.5018,5
2459489.542877,13.6559,4.5639,18.0616,15.5742,20.8743,16.5018,5
2459489.559687,-14.8426,-2.3604,18.0616,15.5742,20.8743,16.5018,5
2459489.576197,3.1185,-5.8591,18.0616,15.5742,20.8743,16.5018,5
2459490.498447,11.3897,11.2990,18.0616,15.5742,20.8743,16.5018,5
2459490.521947,19.6662,-13.5324,18.0616,15.5742,20.8743,16.5018,5
2459490.554377,4.8698,24.2642,18.0616,15.5742,20.8743,16.5018,5
2459490.571097,-16.6627,-23.0567,18.0616,15.5742,20.8743,16.5018,5
2459491.551347,22.9137,6.0391,18.0616,15.5742,20.8743,16.5018,5
2459492.490997,14.9159,14.2431,18.0616,15.5742,20.8743,16.5018,5
2459492.507707,17.5477,9.8998,18.0616,15.5742,20.8743,16.5018,5
2459492.525037,2.6557,12.0788,18.0616,15.5742,20.8743,16.5018,5
2459492.542037,-0.1954,-31.5276,18.0616,15.5742,20.8743,16.5018,5
2459493.503627,14.9658,6.8732,18.0616,15.5742,20.8743,16.5018,5
2459493.545407,-18.1642,12.9007,18.0616,15.5742,20.8743,16.5018,5
2459493.562067,-15.1003,-12.5032,18.0616,15.5742,20.8743,16.5018,5
2459494.505917,-17.5067,-3.0791,18.0616,15.5742,20.8743,16.5018,5
2459494.524587,-10.2330,18.6521,18.0616,15.5742,20.8743,16.5018,5
2459494.564537,-29.2026,13.0358,18.0616,15.5742,20.8743,16.5018,5
2459502.506197,18.8756,-21.2786,18.0616,15.5742,20.8743,16.5018,5
2459503.498967,18.2019,-21.8619,18.0616,15.5742,20.8743,16.5018,5
2459505.516997,10.9194,-46.2461,18.0616,15.5742,20.8743,16.5018,5
2459508.503957,-10.0132,7.8578,18.0616,15.5742,20.8743,16.5018,5
2459508.521187,-30.9185,32.7489,18.0616,15.5742,20.8743,16.5018,5
2459511.513877,17.3975,0.6528,18.0616,15.5742,20.8743,16.5018,5
2459630.872157,27.5377,-69.8903,18.0616,15.5742,24.8414,20.9385,6
2459630.890087,14.4904,-30.0170,18.0616,15.5742,24.8414,20.9385,6
2459632.885357,-14.2112,-14.5288,18.0616,15.5742,24.8414,20.9385,6
2459636.891457,8.1553,-24.8464,18.0616,15.5742,24.8414,20.9385,6
2459637.857737,0.1681,-25.8055,18.0616,15.5742,24.8414,20.9385,6
2459637.886407,25.4653,-26.7717,18.0616,15.5742,24.8414,20.9385,6
2459637.904227,64.5602,-0.6015,18.0616,15.5742,24.8414,20.9385,6
2459638.887807,64.2903,-35.4652,18.0616,15.5742,24.8414,20.9385,6
2459639.846477,39.0658,-29.7729,18.0616,15.5742,24.8414,20.9385,6
2459639.863927,4.0823,-7.6709,18.0616,15.5742,24.8414,20.9385,6
2459640.865557,20.4775,-41.6932,18.0616,15.5742,24.8414,20.9385,6
2459640.883237,19.7652,-15.8626,18.0616,15.5742,24.8414,20.9385,6
2459641.842897,25.0164,-47.7670,18.0616,15.5742,24.8414,20.9385,6
2459641.891857,39.8693,-31.1987,18.0616,15.5742,24.8414,20.9385,6
2459642.874997,-17.0841,-9.3855,18.0616,15.5742,24.8414,20.9385,6
2459642.892927,15.4291,4.9373,18.0616,15.5742,24.8414,20.9385,6
2459645.882787,-22.4089,1.1447,18.0616,15.5742,24.8414,20.9385,6
2459647.877737,3.9685,-43.6096,18.0616,15.5742,24.8414,20.9385,6
2459647.895517,6.9636,-34.2289,18.0616,15.5742,24.8414,20.9385,6
2459648.865937,31.9677,-11.5254,18.0616,15.5742,24.8414,20.9385,6
2459648.883917,49.8238,-8.7208,18.0616,15.5742,24.8414,20.9385,6
2459648.901577,15.5299,-3.5612,18.0616,15.5742,24.8414,20.9385,6
2459649.872717,44.3788,-28.2004,18.0616,15.5742,24.8414,20.9385,6
2459649.899727,-12.7885,-20.6029,18.0616,15.5742,24.8414,20.9385,6
2459650.815037,15.1257,-28.0595,18.0616,15.5742,24.8414,20.9385,6
2459650.843307,54.8808,-30.1746,18.0616,15.5742,24.8414,20.9385,6
2459650.878377,34.2715,1.1141,18.0616,15.5742,24.8414,20.9385,6
2459650.896197,9.9358,10.3331,18.0616,15.5742,24.8414,20.9385,6
2459651.814667,35.7785,-23.9596,18.0616,15.5742,24.8414,20.9385,6
2459651.842917,-23.3803,12.1203,18.0616,15.5742,24.8414,20.9385,6
2459651.896577,36.0058,-25.9187,18.0616,15.5742,24.8414,20.9385,6
2459652.833467,28.0207,-31.5826,18.0616,15.5742,24.8414,20.9385,6
2459652.863537,26.9913,-0.7701,18.0616,15.5742,24.8414,20.9385,6
2459652.880907,46.1251,-12.9193,18.0616,15.5742,24.8414,20.9385,6
2459653.806617,48.0116,-24.4200,18.0616,15.5742,24.8414,20.9385,6
2459653.834857,29.8858,-42.1511,18.0616,15.5742,24.8414,20.9385,6
2459653.859037,12.1588,7.4341,18.0616,15.5742,24.8414,20.9385,6
2459653.876367,53.1728,-2.6030,18.0616,15.5742,24.8414,20.9385,6
2459653.893697,1.1866,-3.4148,18.0616,15.5742,24.8414,20.9385,6
2459654.832987,28.8201,-31.6037,18.0616,15.5742,24.8414,20.9385,6
2459654.896897,-6.9038,-17.1610,18.0616,15.5742,24.8414,20.9385,6
2459655.843147,32.6184,-15.7881,18.0616,15.5742,24.8414,20.9385,6
2459655.861047,-1.2765,-28.1195,18.0616,15.5742,24.8414,20.9385,6
2459655.878637,10.0886,3.0343,18.0616,15.5742,24.8414,20.9385,6
2459656.870277,34.0876,-42.1271,18.0616,15.5742,24.8414,20.9385,6
2459657.837877,-8.3740,-3.5908,18.0616,15.5742,24.8414,20.9385,6
2459657.872487,21.0277,-8.8060,18.0616,15.5742,24.8414,20.9385,6
2459658.791647,17.4155,-33.9595,18.0616,15.5742,24.8414,20.9385,6
2459658.809467,-12.5240,-27.6267,18.0616,15.5742,24.8414,20.9385,6
2459658.827197,14.9064,8.8338,18.0616,15.5742,24.8414,20.9385,6
2459658.865997,-4.2555,-12.8879,18.0616,15.5742,24.8414,20.9385,6
2459658.897487,2.9930,-4.4495,18.0616,15.5742,24.8414,20.9385,6
2459659.818447,-33.4351,-40.4322,18.0616,15.5742,24.8414,20.9385,6
2459659.846737,10.0097,-18.1275,18.0616,15.5742,24.8414,20.9385,6
2459659.864267,25.7149,-24.3268,18.0616,15.5742,24.8414,20.9385,6
2459659.884667,14.3302,-18.1321,18.0616,15.5742,24.8414,20.9385,6
2459660.787447,73.4392,-10.8582,18.0616,15.5742,24.8414,20.9385,6
2459660.817627,24.8235,-37.7469,18.0616,15.5742,24.8414,20.9385,6
2459660.839297,0.7661,-9.9320,18.0616,15.5742,24.8414,20.9385,6
2459660.859857,11.9427,13.0537,18.0616,15.5742,24.8414,20.9385,6
2459660.878807,20.2851,-2.7911,18.0616,15.5742,24.8414,20.9385,6
2459661.836417,-4.0113,-6.7151,18.0616,15.5742,24.8414,20.9385,6
2459661.866507,-10.5454,-0.3052,18.0616,15.5742,24.8414,20.9385,6
2459661.901347,11.5515,-15.9569,18.0616,15.5742,24.8414,20.9385,6
2459664.832087,54.1097,-13.4785,18.0616,15.5742,24.8414,20.9385,6
2459664.849507,49.1758,-47.2000,18.0616,15.5742,24.8414,20.9385,6
2459664.870607,32.4903,-24.9263,18.0616,15.5742,24.8414,20.9385,6
2459664.887607,24.0217,14.3882,18.0616,15.5742,24.8414,20.9385,6
2459665.771747,54.0265,-19.6929,18.0616,15.5742,24.8414,20.9385,6
2459665.824267,22.7217,-14.3214,18.0616,15.5742,24.8414,20.9385,6
2459665.889267,9.2782,11.4087,18.0616,15.5742,24.8414,20.9385,6
2459666.800527,62.6766,-40.1234,18.0616,15.5742,24.8414,20.9385,6
2459666.843887,42.0221,19.3167,18.0616,15.5742,24.8414,20.9385,6
2459666.861467,7.1424,12.4648,18.0616,15.5742,24.8414,20.9385,6
2459666.900657,4.4328,23.7844,18.0616,15.5742,24.8414,20.9385,6
2459667.773797,50.8588,-6.1662,18.0616,15.5742,24.8414,20.9385,6
2459667.809297,47.7599,-23.4653,18.0616,15.5742,24.8414,20.9385,6
2459667.826907,59.8484,-27.0594,18.0616,15.5742,24.8414,20.9385,6
2459667.847387,67.8225,-27.9499,18.0616,15.5742,24.8414,20.9385,6
2459667.868377,-13.2773,-21.6988,18.0616,15.5742,24.8414,20.9385,6
2459667.895917,15.1219,3.5232,18.0616,15.5742,24.8414,20.9385,6
2459668.840587,-10.6566,-6.7526,18.0616,15.5742,24.8414,20.9385,6
2459668.858237,-29.6420,-43.3414,18.0616,15.5742,24.8414,20.9385,6
2459668.876077,-14.0332,-10.2916,18.0616,15.5742,24.8414,20.9385,6
2459668.897757,-12.6848,1.0139,18.0616,15.5742,24.8414,20.9385,6
2459669.823627,-26.2365,-39.0538,18.0616,15.5742,24.8414,20.9385,6
2459669.853697,-21.7324,3.1179,18.0616,15.5742,24.8414,20.9385,6
2459669.870507,-9.1849,0.2842,18.0616,15.5742,24.8414,20.9385,6
2459669.905067,-14.9238,15.4405,18.0616,15.5742,24.8414,20.9385,6
2459670.748817,-12.7444,17.9744,18.0616,15.5742,24.8414,20.9385,6
2459670.783447,5.0335,-18.4948,18.0616,15.5742,24.8414,20.9385,6
2459670.837887,8.9153,-24.3611,18.0616,15.5742,24.8414,20.9385,6
2459670.883677,-4.3824,18.9019,18.0616,15.5742,24.8414,20.9385,6
2459671.760737,36.0336,-35.0946,18.0616,15.5742,24.8414,20.9385,6
2459671.796087,19.7422,-6.8113,18.0616,15.5742,24.8414,20.9385,6
2459671.813937,12.4057,-9.2612,18.0616,15.5742,24.8414,20.9385,6
2459671.855557,-26.3102,3.9164,18.0616,15.5742,24.8414,20.9385,6
2459671.876427,-25.8809,10.6416,18.0616,15.5742,24.8414,20.9385,6
2459672.778857,39.6726,-9.7136,18.0616,15.5742,24.8414,20.9385,6
2459672.796357,22.0842,-25.2067,18.0616,15.5742,24.8414,20.9385,6
2459672.828747,35.1570,-17.3401,18.0616,15.5742,24.8414,20.9385,6
2459672.846217,43.5172,-35.9309,18.0616,15.5742,24.8414,20.9385,6
2459672.863647,-10.1634,4.5660,18.0616,15.5742,24.8414,20.9385,6
2459672.880767,-15.6318,3.3063,18.0616,15.5742,24.8414,20.9385,6
2459673.848557,19.5105,2.9452,18.0616,15.5742,24.8414,20.9385,6
2459673.885087,16.3137,24.0972,18.0616,15.5742,24.8414,20.9385,6
2459674.737927,42.3736,-46.6525,18.0616,15.5742,24.8414,20.9385,6
2459674.777747,20.3171,-20.4516,18.0616,15.5742,24.8414,20.9385,6
2459675.770947,-22.0132,4.1348,18.0616,15.5742,24.8414,20.9385,6
2459675.788677,-25.0116,-1.3671,18.0616,15.5742,24.8414,20.9385,6
2459675.806377,-37.5181,11.2766,18.0616,15.5742,24.8414,20.9385,6
2459675.823967,-0.9006,17.4526,18.0616,15.5742,24.8414,20.9385,6
2459675.853567,0.3387,-8.0993,18.0616,15.5742,24.8414,20.9385,6
2459675.888057,6.6296,27.0827,18.0616,15.5742,24.8414,20.9385,6
2459675.921967,-20.6909,1.4962,18.0616,15.5742,24.8414,20.9385,6
2459676.768357,-23.3141,-0.6894,18.0616,15.5742,24.8414,20.9385,6
2459676.797857,53.4538,-27.6514,18.0616,15.5742,24.8414,20.9385,6
2459676.815747,11.5519,3.0018,18.0616,15.5742,24.8414,20.9385,6
2459676.850837,60.8376,-19.6835,18.0616,15.5742,24.8414,20.9385,6
2459676.878057,18.9513,18.0498,18.0616,15.5742,24.8414,20.9385,6
2459676.911907,-9.9358,29.1678,18.0616,15.5742,24.8414,20.9385,6
2459677.768487,56.6512,-51.2910,18.0616,15.5742,24.8414,20.9385,6
2459677.786157,11.1233,-36.5555,18.0616,15.5742,24.8414,20.9385,6
2459677.804107,24.4370,4.0031,18.0616,15.5742,24.8414,20.9385,6
2459677.896177,-6.5898,18.5982,18.0616,15.5742,24.8414,20.9385,6
2459678.763757,-19.3815,-46.6007,18.0616,15.5742,24.8414,20.9385,6
2459678.809727,34.4043,-8.0537,18.0616,15.5742,24.8414,20.9385,6
2459678.827247,35.2395,35.0541,18.0616,15.5742,24.8414,20.9385,6
2459678.844637,11.2652,21.3215,18.0616,15.5742,24.8414,20.9385,6
2459678.871287,9.5617,33.8185,18.0616,15.5742,24.8414,20.9385,6
2459678.887937,2.2002,22.9525,18.0616,15.5742,24.8414,20.9385,6
2459678.916347,13.1367,5.5823,18.0616,15.5742,24.8414,20.9385,6
2459679.733517,56.4185,-3.6484,18.0616,15.5742,24.8414,20.9385,6
2459679.751317,13.4276,-13.6196,18.0616,15.5742,24.8414,20.9385,6
2459679.768647,31.9473,-0.8191,18.0616,15.5742,24.8414,20.9385,6
2459679.832037,31.0158,-30.4627,18.0616,15.5742,24.8414,20.9385,6
2459679.848857,23.6894,-4.7945,18.0616,15.5742,24.8414,20.9385,6
2459679.911657,-5.9288,17.0426,18.0616,15.5742,24.8414,20.9385,6
2459680.750287,61.3229,-37.9692,18.0616,15.5742,24.8414,20.9385,6
2459680.767747,78.4779,-43.0292,18.0616,15.5742,24.8414,20.9385,6
2459680.785097,25.9361,-10.8031,18.0616,15.5742,24.8414,20.9385,6
2459680.802517,70.2184,-5.3102,18.0616,15.5742,24.8414,20.9385,6
2459680.851567,4.1150,19.8178,18.0616,15.5742,24.8414,20.9385,6
2459680.868497,-13.0735,4.0724,18.0616,15.5742,24.8414,20.9385,6
2459680.885517,11.0356,23.8687,18.0616,15.5742,24.8414,20.9385,6
2459681.739427,76.4411,-36.1948,18.0616,15.5742,24.8414,20.9385,6
2459681.757817,58.3162,-45.0039,18.0616,15.5742,24.8414,20.9385,6
2459681.775537,49.4429,-30.5928,18.0616,15.5742,24.8414,20.9385,6
2459681.793377,64.5215,-42.8263,18.0616,15.5742,24.8414,20.9385,6
2459681.870317,1.9321,21.5732,18.0616,15.5742,24.8414,20.9385,6
2459681.903867,-9.3619,5.5857,18.0616,15.5742,24.8414,20.9385,6
2459682.766707,-22.5555,25.8711,18.0616,15.5742,24.8414,20.9385,6
2459682.783917,5.2309,-11.9440,18.0616,15.5742,24.8414,20.9385,6
2459682.846277,68.3680,-2.1066,18.0616,15.5742,24.8414,20.9385,6
2459682.863047,-0.0488,12.5613,18.0616,15.5742,24.8414,20.9385,6
2459682.894537,0.8140,35.9434,18.0616,15.5742,24.8414,20.9385,6
2459682.911257,-4.2223,-12.1709,18.0616,15.5742,24.8414,20.9385,6
2459683.725117,-28.4012,-9.6549,18.0616,15.5742,24.8414,20.9385,6
2459683.760447,20.8714,-6.8490,18.0616,15.5742,24.8414,20.9385,6
2459683.777717,28.6143,-48.9641,18.0616,15.5742,24.8414,20.9385,6
2459683.796597,47.5211,16.8595,18.0616,15.5742,24.8414,20.9385,6
2459683.841087,-0.1140,10.2798,18.0616,15.5742,24.8414,20.9385,6
2459683.862127,1.4619,-9.3947,18.0616,15.5742,24.8414,20.9385,6
2459683.879167,-18.4744,7.0460,18.0616,15.5742,24.8414,20.9385,6
2459683.896207,-29.5571,3.7253,18.0616,15.5742,24.8414,20.9385,6
2459684.723767,30.0695,5.7726,18.0616,15.5742,24.8414,20.9385,6
2459684.758867,14.2999,-31.2828,18.0616,15.5742,24.8414,20.9385,6
2459684.784877,20.8311,8.0119,18.0616,15.5742,24.8414,20.9385,6
2459684.812497,-25.3169,20.7897,18.0616,15.5742,24.8414,20.9385,6
2459684.829277,-19.9078,7.0403,18.0616,15.5742,24.8414,20.9385,6
2459684.866587,-30.9364,1.7304,18.0616,15.5742,24.8414,20.9385,6
2459685.766807,48.4450,-12.7798,18.0616,15.5742,24.8414,20.9385,6
2459685.813727,9.5897,18.4244,18.0616,15.5742,24.8414,20.9385,6
2459685.831357,-16.8413,-3.8721,18.0616,15.5742,24.8414,20.9385,6
2459685.906907,14.7630,7.5804,18.0616,15.5742,24.8414,20.9385,6
2459687.778627,-10.0516,7.6797,18.0616,15.5742,24.8414,20.9385,6
2459691.923547,40.8028,-15.7650,18.0616,15.5742,24.8414,20.9385,6
2459692.785687,55.3408,-1.2506,18.0616,15.5742,24.8414,20.9385,6
2459692.807957,52.3087,11.3601,18.0616,15.5742,24.8414,20.9385,6
2459693.714597,46.6052,-24.4634,18.0616,15.5742,24.8414,20.9385,6
2459693.732187,-9.2875,-24.1595,18.0616,15.5742,24.8414,20.9385,6
2459693.749507,37.1710,-33.5747,18.0616,15.5742,24.8414,20.9385,6
2459693.877767,-8.3004,17.5252,18.0616,15.5742,24.8414,20.9385,6
2459694.840027,39.3704,-29.9203,18.0616,15.5742,24.8414,20.9385,6
2459694.856937,5.3077,-27.4890,18.0616,15.5742,24.8414,20.9385,6
2459694.873767,21.4631,-7.7461,18.0616,15.5742,24.8414,20.9385,6
2459694.891157,-25.5019,3.1993,18.0616,15.5742,24.8414,20.9385,6
2459695.791757,16.1920,-16.7026,18.0616,15.5742,24.8414,20.9385,6
2459695.809077,21.2358,-7.8084,18.0616,15.5742,24.8414,20.9385,6
2459696.892027,5.4540,-4.8270,18.0616,15.5742,24.8414,20.9385,6
2459696.909357,-12.5618,13.9393,18.0616,15.5742,24.8414,20.9385,6
2459697.739407,5.1458,-16.5561,18.0616,15.5742,24.8414,20.9385,6
2459697.756827,34.2160,19.7774,18.0616,15.5742,24.8414,20.9385,6
2459697.777287,7.1692,1.1107,18.0616,15.5742,24.8414,20.9385,6
2459697.804977,7.6390,-16.4191,18.0616,15.5742,24.8414,20.9385,6
2459697.829387,-0.6854,15.6181,18.0616,15.5742,24.8414,20.9385,6
2459697.853037,-18.4174,-7.1415,18.0616,15.5742,24.8414,20.9385,6
2459697.870997,-9.6759,-0.8377,18.0616,15.5742,24.8414,20.9385,6
2459697.918437,-28.0938,-35.4816,18.0616,15.5742,24.8414,20.9385,6
2459698.694217,10.4540,-14.8831,18.0616,15.5742,24.8414,20.9385,6
2459698.715367,2.4655,-14.3027,18.0616,15.5742,24.8414,20.9385,6
2459698.743157,-15.4542,-7.8950,18.0616,15.5742,24.8414,20.9385,6
2459698.763827,-11.7728,28.6727,18.0616,15.5742,24.8414,20.9385,6
2459698.782397,-18.5229,-0.7498,18.0616,15.5742,24.8414,20.9385,6
2459698.821397,2.7946,0.3395,18.0616,15.5742,24.8414,20.9385,6
2459698.839907,4.6996,8.1492,18.0616,15.5742,24.8414,20.9385,6
2459698.886517,-28.9441,-8.3252,18.0616,15.5742,24.8414,20.9385,6
2459698.903707,-13.5743,0.9823,18.0616,15.5742,24.8414,20.9385,6
2459699.719717,-3.4156,-23.3828,18.0616,15.5742,24.8414,20.9385,6
2459699.828707,-23.6576,6.8492,18.0616,15.5742,24.8414,20.9385,6
2459699.845567,-4.0971,11.9746,18.0616,15.5742,24.8414,20.9385,6
2459700.716897,21.6941,-26.2435,18.0616,15.5742,24.8414,20.9385,6
2459700.753877,22.6965,10.6949,18.0616,15.5742,24.8414,20.9385,6
2459700.783637,3.7364,-11.8992,18.0616,15.5742,24.8414,20.9385,6
2459700.800887,-22.2943,-19.6959,18.0616,15.5742,24.8414,20.9385,6
2459700.818997,6.5390,-9.2854,18.0616,15.5742,24.8414,20.9385,6
2459700.841127,8.2847,-2.5638,18.0616,15.5742,24.8414,20.9385,6
2459700.858027,3.6431,12.9176,18.0616,15.5742,24.8414,20.9385,6
2459700.887337,-32.1203,26.7039,18.0616,15.5742,24.8414,20.9385,6
2459700.903967,-3.4037,15.3432,18.0616,15.5742,24.8414,20.9385,6
2459700.924307,0.1347,-34.3236,18.0616,15.5742,24.8414,20.9385,6
2459701.672417,15.7987,-17.0082,18.0616,15.5742,24.8414,20.9385,6
2459701.849297,-17.1251,-28.0407,18.0616,15.5742,24.8414,20.9385,6
2459702.757907,-3.0127,-4.4130,18.0616,15.5742,24.8414,20.9385,6
2459702.775587,-4.9792,-3.5641,18.0616,15.5742,24.8414,20.9385,6
2459702.792877,-17.6237,-19.4197,18.0616,15.5742,24.8414,20.9385,6
2459702.810217,-28.0247,6.3733,18.0616,15.5742,24.8414,20.9385,6
2459702.841807,-8.1830,-4.3952,18.0616,15.5742,24.8414,20.9385,6
2459703.662087,35.3891,-29.9845,18.0616,15.5742,24.8414,20.9385,6
2459703.672697,-18.7059,7.6971,18.0616,15.5742,24.8414,20.9385,6
2459703.688847,32.7471,-35.1208,18.0616,15.5742,24.8414,20.9385,6
2459703.697507,16.3667,-15.6974,18.0616,15.5742,24.8414,20.9385,6
2459703.706777,18.6376,-14.4073,18.0616,15.5742,24.8414,20.9385,6
2459703.708217,26.6019,-22.8491,18.0616,15.5742,24.8414,20.9385,6
2459703.718607,-5.3103,-18.2533,18.0616,15.5742,24.8414,20.9385,6
2459703.727327,37.9741,-18.2076,18.0616,15.5742,24.8414,20.9385,6
2459703.728667,0.3451,-27.5828,18.0616,15.5742,24.8414,20.9385,6
2459703.736137,-21.9242,-23.6808,18.0616,15.5742,24.8414,20.9385,6
2459703.921587,-9.7187,-7.6657,18.0616,15.5742,24.8414,20.9385,6
2459704.681587,19.5816,-26.6576,18.0616,15.5742,24.8414,20.9385,6
2459704.699047,41.4772,-13.8316,18.0616,15.5742,24.8414,20.9385,6
2459704.727407,-19.8427,-5.6926,18.0616,15.5742,24.8414,20.9385,6
2459704.745287,-14.3586,1.3314,18.0616,15.5742,24.8414,20.9385,6
2459704.762407,22.3838,-3.2345,18.0616,15.5742,24.8414,20.9385,6
2459704.779877,-37.2048,7.5821,18.0616,15.5742,24.8414,20.9385,6
2459704.801627,-30.5198,-8.6992,18.0616,15.5742,24.8414,20.9385,6
2459704.818497,-21.6130,1.2707,18.0616,15.5742,24.8414,20.9385,6
2459704.848487,-26.8414,-20.7540,18.0616,15.5742,24.8414,20.9385,6
2459704.898847,-37.7727,-8.6309,18.0616,15.5742,24.8414,20.9385,6
2459704.916317,-27.2234,-2.4231,18.0616,15.5742,24.8414,20.9385,6
2459705.783347,28.8009,9.8661,18.0616,15.5742,24.8414,20.9385,6
2459705.878937,-7.2424,7.2874,18.0616,15.5742,24.8414,20.9385,6
2459706.695227,-1.5975,-29.1765,18.0616,15.5742,24.8414,20.9385,6
2459706.752837,-13.8115,-6.4481,18.0616,15.5742,24.8414,20.9385,6
2459706.782107,-1.2462,24.7818,18.0616,15.5742,24.8414,20.9385,6
2459706.800917,-27.5708,1.3651,18.0616,15.5742,24.8414,20.9385,6
2459706.817907,-20.2222,-23.4389,18.0616,15.5742,24.8414,20.9385,6
2459706.835457,-6.9639,-8.1102,18.0616,15.5742,24.8414,20.9385,6
2459706.852357,-3.0801,18.5588,18.0616,15.5742,24.8414,20.9385,6
2459706.880097,-17.3336,15.4042,18.0616,15.5742,24.8414,20.9385,6
2459706.897577,8.1921,-1.6938,18.0616,15.5742,24.8414,20.9385,6
2459706.914317,11.4683,20.0721,18.0616,15.5742,24.8414,20.9385,6
2459708.718177,36.7907,-36.5993,18.0616,15.5742,24.8414,20.9385,6
2459708.735787,34.3141,-23.3494,18.0616,15.5742,24.8414,20.9385,6
2459708.755357,-3.9839,9.2532,18.0616,15.5742,24.8414,20.9385,6
2459708.835947,-25.3433,0.5485,18.0616,15.5742,24.8414,20.9385,6
2459708.874817,-2.9375,14.3506,18.0616,15.5742,24.8414,20.9385,6
2459708.919867,14.5523,21.1960,18.0616,15.5742,24.8414,20.9385,6
2459709.677217,-12.5773,-4.7389,18.0616,15.5742,24.8414,20.9385,6
2459709.694987,-20.9493,-10.7685,18.0616,15.5742,24.8414,20.9385,6
2459709.744227,1.7517,9.2957,18.0616,15.5742,24.8414,20.9385,6
2459709.761547,8.4447,-0.6660,18.0616,15.5742,24.8414,20.9385,6
2459709.779107,-7.2781,23.4433,18.0616,15.5742,24.8414,20.9385,6
2459709.813437,-1.4044,6.4831,18.0616,15.5742,24.8414,20.9385,6
2459709.829997,-5.9273,10.6354,18.0616,15.5742,24.8414,20.9385,6
2459709.873557,-19.2648,5.8266,18.0616,15.5742,24.8414,20.9385,6
2459709.891217,-7.3613,22.7846,18.0616,15.5742,24.8414,20.9385,6
2459709.908227,13.8918,22.4141,18.0616,15.5742,24.8414,20.9385,6
2459709.925017,-20.8957,15.9959,18.0616,15.5742,24.8414,20.9385,6
2459710.722657,-2.0371,16.4001,18.0616,15.5742,24.8414,20.9385,6
2459710.806287,-22.0222,-4.0728,18.0616,15.5742,24.8414,20.9385,6
2459710.922407,0.8383,26.2179,18.0616,15.5742,24.8414,20.9385,6
2459711.644447,13.3972,-24.0418,18.0616,15.5742,24.8414,20.9385,6
2459711.676677,11.4456,-30.6800,18.0616,15.5742,24.8414,20.9385,6
2459711.693787,2.7079,-7.4402,18.0616,15.5742,24.8414,20.9385,6
2459711.712997,25.2520,-23.1619,18.0616,15.5742,24.8414,20.9385,6
2459711.730527,-8.1042,3.0996,18.0616,15.5742,24.8414,20.9385,6
2459711.748097,-11.2848,-1.3343,18.0616,15.5742,24.8414,20.9385,6
2459711.788797,-18.0776,5.3454,18.0616,15.5742,24.8414,20.9385,6
2459711.886887,11.5258,15.7976,18.0616,15.5742,24.8414,20.9385,6
2459711.907577,-25.7942,2.2435,18.0616,15.5742,24.8414,20.9385,6
2459711.925737,-8.0776,-15.3556,18.0616,15.5742,24.8414,20.9385,6
2459712.908517,-27.5414,-34.5167,18.0616,15.5742,24.8414,20.9385,6
2459713.742657,-6.4115,18.7200,18.0616,15.5742,24.8414,20.9385,6
2459713.851577,4.2607,-5.5572,18.0616,15.5742,24.8414,20.9385,6
2459714.681087,-17.0211,-4.1517,18.0616,15.5742,24.8414,20.9385,6
2459714.738067,-6.8397,13.7269,18.0616,15.5742,24.8414,20.9385,6
2459714.811967,16.9740,6.5235,18.0616,15.5742,24.8414,20.9385,6
2459714.829327,2.9863,-8.5638,18.0616,15.5742,24.8414,20.9385,6
2459714.880187,-0.1475,-27.9836,18.0616,15.5742,24.8414,20.9385,6
2459714.907817,18.3467,5.1943,18.0616,15.5742,24.8414,20.9385,6
2459714.924507,5.2155,-27.3139,18.0616,15.5742,24.8414,20.9385,6
2459719.724187,14.8306,2.8020,18.0616,15.5742,24.8414,20.9385,6
2459719.858977,4.4543,-12.0377,18.0616,15.5742,24.8414,20.9385,6
2459719.875437,-4.8212,16.8366,18.0616,15.5742,24.8414,20.9385,6
2459721.681057,17.1141,21.1761,18.0616,15.5742,24.8414,20.9385,6
2459721.785197,-14.1992,-7.0076,18.0616,15.5742,24.8414,20.9385,6
2459721.812097,-1.5724,-4.7054,18.0616,15.5742,24.8414,20.9385,6
2459721.845637,-6.0110,-7.9859,18.0616,15.5742,24.8414,20.9385,6
2459721.862117,-16.2942,7.3792,18.0616,15.5742,24.8414,20.9385,6
2459721.879187,-26.2773,13.7063,18.0616,15.5742,24.8414,20.9385,6
2459721.895977,-27.2960,-22.8384,18.0616,15.5742,24.8414,20.9385,6
2459722.710187,1.7277,-21.5277,18.0616,15.5742,24.8414,20.9385,6
2459722.807587,-27.2330,7.5307,18.0616,15.5742,24.8414,20.9385,6
2459722.824027,-26.3868,11.8136,18.0616,15.5742,24.8414,20.9385,6
2459722.840957,-8.2838,-7.1012,18.0616,15.5742,24.8414,20.9385,6
2459722.893377,-1.8342,-15.2912,18.0616,15.5742,24.8414,20.9385,6
2459722.916197,-4.1402,2.6633,18.0616,15.5742,24.8414,20.9385,6
2459722.932937,-12.3939,-16.9249,18.0616,15.5742,24.8414,20.9385,6
2459723.774527,20.8033,9.2053,18.0616,15.5742,24.8414,20.9385,6
2459723.808067,-7.7983,8.8611,18.0616,15.5742,24.8414,20.9385,6
2459723.825007,18.4248,0.6487,18.0616,15.5742,24.8414,20.9385,6
2459723.868707,-10.1656,6.2290,18.0616,15.5742,24.8414,20.9385,6
2459723.885557,25.5409,-1.0918,18.0616,15.5742,24.8414,20.9385,6
2459723.902837,26.4042,-13.8885,18.0616,15.5742,24.8414,20.9385,6
2459724.748237,-17.3903,-15.9896,18.0616,15.5742,24.8414,20.9385,6
2459724.765247,-22.3014,-13.1631,18.0616,15.5742,24.8414,20.9385,6
2459724.781857,-29.4123,26.7509,18.0616,15.5742,24.8414,20.9385,6
2459724.798797,2.0406,24.2763,18.0616,15.5742,24.8414,20.9385,6
2459724.838587,3.5981,11.9358,18.0616,15.5742,24.8414,20.9385,6
2459725.622417,-34.1792,-32.8442,18.0616,15.5742,24.8414,20.9385,6
2459725.642687,-4.5925,1.8268,18.0616,15.5742,24.8414,20.9385,6
2459725.660377,12.5142,16.1461,18.0616,15.5742,24.8414,20.9385,6
2459725.683957,16.1710,20.6993,18.0616,15.5742,24.8414,20.9385,6
2459725.711537,4.4160,-19.1273,18.0616,15.5742,24.8414,20.9385,6
2459725.728577,-0.6241,7.4213,18.0616,15.5742,24.8414,20.9385,6
2459725.812487,-13.9034,24.5748,18.0616,15.5742,24.8414,20.9385,6
2459725.882237,-30.0115,4.2806,18.0616,15.5742,24.8414,20.9385,6
2459725.916327,8.6509,-10.2039,18.0616,15.5742,24.8414,20.9385,6
2459726.696347,-7.4792,-5.8128,18.0616,15.5742,24.8414,20.9385,6
2459726.713927,5.9024,14.2084,18.0616,15.5742,24.8414,20.9385,6
2459726.731217,25.3398,12.2748,18.0616,15.5742,24.8414,20.9385,6
2459726.748597,-6.0692,-12.2240,18.0616,15.5742,24.8414,20.9385,6
2459726.765917,7.3636,14.0367,18.0616,15.5742,24.8414,20.9385,6
2459726.844167,-12.1096,-0.5541,18.0616,15.5742,24.8414,20.9385,6
2459726.863377,-9.9459,7.5898,18.0616,15.5742,24.8414,20.9385,6
2459726.896927,-13.6023,13.1157,18.0616,15.5742,24.8414,20.9385,6
2459727.600257,43.2222,-18.4782,18.0616,15.5742,24.8414,20.9385,6
2459727.618197,-8.9505,8.4505,18.0616,15.5742,24.8414,20.9385,6
2459727.644147,8.6369,14.7556,18.0616,15.5742,24.8414,20.9385,6
2459727.671747,15.1003,13.1925,18.0616,15.5742,24.8414,20.9385,6
2459727.692217,-21.4447,11.5841,18.0616,15.5742,24.8414,20.9385,6
2459727.712407,6.2580,21.1841,18.0616,15.5742,24.8414,20.9385,6
2459727.729767,8.6114,22.8744,18.0616,15.5742,24.8414,20.9385,6
2459727.777537,3.3934,6.3900,18.0616,15.5742,24.8414,20.9385,6
2459727.794737,2.9644,29.4706,18.0616,15.5742,24.8414,20.9385,6
2459727.811847,12.7640,27.2169,18.0616,15.5742,24.8414,20.9385,6
2459727.828677,6.2802,-7.6268,18.0616,15.5742,24.8414,20.9385,6
2459727.853497,5.2839,-5.7484,18.0616,15.5742,24.8414,20.9385,6
2459727.870377,33.6659,25.6100,18.0616,15.5742,24.8414,20.9385,6
2459727.897917,32.9072,13.9393,18.0616,15.5742,24.8414,20.9385,6
2459727.914567,-9.0917,30.4788,18.0616,15.5742,24.8414,20.9385,6
2459736.772267,-19.7440,11.6367,18.0616,15.5742,24.8414,20.9385,6
2459736.822297,-36.8463,5.2522,18.0616,15.5742,24.8414,20.9385,6
2459737.647287,8.0379,-30.6382,18.0616,15.5742,24.8414,20.9385,6
2459741.665117,12.6690,-0.0757,18.0616,15.5742,24.8414,20.9385,6
2459742.625907,-10.2185,-19.3504,18.0616,15.5742,24.8414,20.9385,6
2459742.643117,-30.5764,19.2047,18.0616,15.5742,24.8414,20.9385,6
2459742.660627,-24.9358,-33.5185,18.0616,15.5742,24.8414,20.9385,6
2459742.696247,-0.8938,-3.1564,18.0616,15.5742,24.8414,20.9385,6
2459742.723807,8.6546,-12.3077,18.0616,15.5742,24.8414,20.9385,6
2459742.740597,-8.7927,12.3971,18.0616,15.5742,24.8414,20.9385,6
2459742.842027,54.2167,-24.9996,18.0616,15.5742,24.8414,20.9385,6
2459742.859097,6.4377,-7.6567,18.0616,15.5742,24.8414,20.9385,6
2459743.715187,-22.7853,-7.5753,18.0616,15.5742,24.8414,20.9385,6
2459748.646257,16.2423,-6.5815,18.0616,15.5742,24.8414,20.9385,6
2459749.591677,32.6487,-18.9460,18.0616,15.5742,24.8414,20.9385,6
2459749.787647,-22.8837,-9.6256,18.0616,15.5742,24.8414,20.9385,6
2459749.821617,4.3099,5.7378,18.0616,15.5742,24.8414,20.9385,6
2459749.838067,-4.7958,13.8677,18.0616,15.5742,24.8414,20.9385,6
2459750.666787,-35.4529,24.2643,18.0616,15.5742,24.8414,20.9385,6
2459751.754767,19.9183,-38.7305,18.0616,15.5742,24.8414,20.9385,6
2459755.656247,-8.9770,3.2031,18.0616,15.5742,24.8414,20.9385,6
2459759.554967,10.3087,-3.3389,18.0616,15.5742,24.8414,20.9385,6
2459759.573537,-20.0967,5.6596,18.0616,15.5742,24.8414,20.9385,6
2459759.594917,-9.1700,15.5549,18.0616,15.5742,24.8414,20.9385,6
2459759.628987,-8.9632,6.4450,18.0616,15.5742,24.8414,20.9385,6
2459759.694017,-16.9754,-11.8219,18.0616,15.5742,24.8414,20.9385,6
2459759.716637,-44.6728,-0.7875,18.0616,15.5742,24.8414,20.9385,6
2459759.753347,-30.5365,6.8227,18.0616,15.5742,24.8414,20.9385,6
2459759.780297,2.7367,18.7432,18.0616,15.5742,24.8414,20.9385,6
2459759.798377,-28.5926,11.7597,18.0616,15.5742,24.8414,20.9385,6
2459760.527557,44.1397,-21.4836,18.0616,15.5742,24.8414,20.9385,6
2459760.555527,11.1963,-15.2996,18.0616,15.5742,24.8414,20.9385,6
2459760.652937,-24.7537,-19.4112,18.0616,15.5742,24.8414,20.9385,6
2459760.670267,-18.6768,-29.2960,18.0616,15.5742,24.8414,20.9385,6
2459760.687607,2.7176,5.8534,18.0616,15.5742,24.8414,20.9385,6
2459760.704627,-6.7920,-19.7842,18.0616,15.5742,24.8414,20.9385,6
2459760.726157,-13.5082,-7.2428,18.0616,15.5742,24.8414,20.9385,6
2459760.743017,-7.2898,21.1018,18.0616,15.5742,24.8414,20.9385,6
2459760.798817,-12.2057,14.5105,18.0616,15.5742,24.8414,20.9385,6
2459760.815327,-2.9683,18.0719,18.0616,15.5742,24.8414,20.9385,6
2459761.545977,25.9753,-28.5382,18.0616,15.5742,24.8414,20.9385,6
2459761.563697,-15.8272,-24.0550,18.0616,15.5742,24.8414,20.9385,6
2459761.581937,-5.8889,-22.5649,18.0616,15.5742,24.8414,20.9385,6
2459761.599187,10.9738,-5.1825,18.0616,15.5742,24.8414,20.9385,6
2459761.617427,-21.2289,13.9854,18.0616,15.5742,24.8414,20.9385,6
2459761.632537,32.6209,-49.0814,18.0616,15.5742,24.8414,20.9385,6
2459761.663507,-25.0446,-10.2866,18.0616,15.5742,24.8414,20.9385,6
2459761.680357,39.3727,-4.3604,18.0616,15.5742,24.8414,20.9385,6
2459761.791127,28.9030,-12.5725,18.0616,15.5742,24.8414,20.9385,6
2459761.808327,-5.0304,-12.3619,18.0616,15.5742,24.8414,20.9385,6
2459762.690777,-7.5568,-55.5277,18.0616,15.5742,24.8414,20.9385,6
2459762.752577,47.3720,-14.7706,18.0616,15.5742,24.8414,20.9385,6
2459762.769617,3.8334,4.7115,18.0616,15.5742,24.8414,20.9385,6
2459762.786247,2.5228,13.9285,18.0616,15.5742,24.8414,20.9385,6
2459763.534847,49.2194,-32.5500,18.0616,15.5742,24.8414,20.9385,6
2459763.552077,25.5140,-49.0141,18.0616,15.5742,24.8414,20.9385,6
2459763.587557,68.7784,-32.0317,18.0616,15.5742,24.8414,20.9385,6
2459763.639227,14.5557,-2.6952,18.0616,15.5742,24.8414,20.9385,6
2459763.660177,20.6713,13.0038,18.0616,15.5742,24.8414,20.9385,6
2459763.677657,16.3128,-4.7974,18.0616,15.5742,24.8414,20.9385,6
2459763.694867,20.6225,-33.2416,18.0616,15.5742,24.8414,20.9385,6
2459764.651437,-6.9492,-23.3010,18.0616,15.5742,24.8414,20.9385,6
2459764.703217,33.6833,30.1924,18.0616,15.5742,24.8414,20.9385,6
2459764.730467,54.2457,27.9508,18.0616,15.5742,24.8414,20.9385,6
2459765.607677,4.3993,-35.2265,18.0616,15.5742,24.8414,20.9385,6
2459765.642797,-22.8528,-46.4713,18.0616,15.5742,24.8414,20.9385,6
2459765.660227,50.6031,-62.1376,18.0616,15.5742,24.8414,20.9385,6
2459765.677207,24.1915,-50.7187,18.0616,15.5742,24.8414,20.9385,6
2459765.721077,1.2383,-32.3171,18.0616,15.5742,24.8414,20.9385,6
2459765.763517,-0.9133,-13.1851,18.0616,15.5742,24.8414,20.9385,6
2459766.721337,-14.1646,-8.9554,18.0616,15.5742,24.8414,20.9385,6
2459766.738107,-12.6681,-12.9250,18.0616,15.5742,24.8414,20.9385,6
2459766.772647,-14.9734,-70.1174,18.0616,15.5742,24.8414,20.9385,6
2459766.802317,5.6110,-6.8925,18.0616,15.5742,24.8414,20.9385,6
2459767.495217,78.3013,-62.3509,18.0616,15.5742,24.8414,20.9385,6
2459767.530467,50.8048,-4.3043,18.0616,15.5742,24.8414,20.9385,6
2459767.558077,6.7229,-15.5471,18.0616,15.5742,24.8414,20.9385,6
2459767.596597,54.4348,-27.3067,18.0616,15.5742,24.8414,20.9385,6
2459767.699447,0.1133,-23.0006,18.0616,15.5742,24.8414,20.9385,6
2459767.733727,-3.9689,-2.8271,18.0616,15.5742,24.8414,20.9385,6
2459767.778687,-42.5747,-39.4134,18.0616,15.5742,24.8414,20.9385,6
2459767.795357,-36.4460,3.3671,18.0616,15.5742,24.8414,20.9385,6
2459769.540017,45.2201,6.1876,18.0616,15.5742,24.8414,20.9385,6
2459769.557417,21.9022,-4.1903,18.0616,15.5742,24.8414,20.9385,6
2459769.595037,-36.7030,26.9135,18.0616,15.5742,24.8414,20.9385,6
2459769.657697,23.3964,-8.7755,18.0616,15.5742,24.8414,20.9385,6
2459769.694357,19.5908,24.0460,18.0616,15.5742,24.8414,20.9385,6
2459769.775207,-7.7821,-29.0353,18.0616,15.5742,24.8414,20.9385,6
2459769.809217,57.8990,-65.6831,18.0616,15.5742,24.8414,20.9385,6
2459789.532537,36.1686,2.9474,18.0616,15.5742,24.8414,20.9385,6
2459789.549847,33.3366,-21.4090,18.0616,15.5742,24.8414,20.9385,6
2459789.567447,3.2957,-27.5565,18.0616,15.5742,24.8414,20.9385,6
2459789.703497,15.1283,-29.4781,18.0616,15.5742,24.8414,20.9385,6
2459790.587147,-16.4323,-19.7969,18.0616,15.5742,24.8414,20.9385,6
2459791.478287,34.4212,-1.2685,18.0616,15.5742,24.8414,20.9385,6
2459791.560387,-6.4877,-3.2919,18.0616,15.5742,24.8414,20.9385,6
2459791.677697,-8.4160,-35.3896,18.0616,15.5742,24.8414,20.9385,6
2459791.694367,39.4888,-17.3465,18.0616,15.5742,24.8414,20.9385,6
2459792.497217,-9.3898,0.7386,18.0616,15.5742,24.8414,20.9385,6
2459792.637177,20.3461,-10.2262,18.0616,15.5742,24.8414,20.9385,6
2459792.671397,-20.2770,-14.6215,18.0616,15.5742,24.8414,20.9385,6
2459792.688547,-25.6407,-5.2414,18.0616,15.5742,24.8414,20.9385,6
2459792.743387,-3.3424,10.7794,18.0616,15.5742,24.8414,20.9385,6
2459793.490447,5.1533,-38.5650,18.0616,15.5742,24.8414,20.9385,6
2459793.507947,-15.6287,3.5926,18.0616,15.5742,24.8414,20.9385,6
2459793.525637,1.8711,1.3261,18.0616,15.5742,24.8414,20.9385,6
2459793.571047,4.9360,7.5181,18.0616,15.5742,24.8414,20.9385,6
2459793.588377,21.5219,12.9201,18.0616,15.5742,24.8414,20.9385,6
2459793.610737,8.9832,23.6674,18.0616,15.5742,24.8414,20.9385,6
2459793.645637,35.8380,-30.4629,18.0616,15.5742,24.8414,20.9385,6
2459793.703337,13.0120,-16.2249,18.0616,15.5742,24.8414,20.9385,6
2459793.720247,23.4735,-31.9070,18.0616,15.5742,24.8414,20.9385,6
2459796.472827,10.6118,-20.0993,18.0616,15.5742,24.8414,20.9385,6
2459796.492917,-6.6581,18.8465,18.0616,15.5742,24.8414,20.9385,6
2459796.561407,-3.1827,1.9388,18.0616,15.5742,24.8414,20.9385,6
2459796.625447,-4.1245,-0.6139,18.0616,15.5742,24.8414,20.9385,6
2459796.642627,11.2611,-10.4818,18.0616,15.5742,24.8414,20.9385,6
2459796.677527,5.1933,-18.7802,18.0616,15.5742,24.8414,20.9385,6
2459796.694637,11.9443,24.7689,18.0616,15.5742,24.8414,20.9385,6
2459796.712747,0.4833,4.4400,18.0616,15.5742,24.8414,20.9385,6
2459804.519467,5.8853,-7.6718,18.0616,15.5742,24.8414,20.9385,6
2459804.548557,7.3161,7.7184,18.0616,15.5742,24.8414,20.9385,6
2459804.566097,-4.6580,5.7168,18.0616,15.5742,24.8414,20.9385,6
2459804.584237,-21.3727,-18.6371,18.0616,15.5742,24.8414,20.9385,6
2459805.528317,21.2310,-9.3276,18.0616,15.5742,24.8414,20.9385,6
2459805.545647,-3.7258,-13.2859,18.0616,15.5742,24.8414,20.9385,6
2459805.608387,-6.8401,-7.3121,18.0616,15.5742,24.8414,20.9385,6
2459805.625357,13.9220,-30.4949,18.0616,15.5742,24.8414,20.9385,6
2459805.659047,-5.2067,9.9329,18.0616,15.5742,24.8414,20.9385,6
2459805.675617,14.0216,-16.1605,18.0616,15.5742,24.8414,20.9385,6
2459805.692507,-26.1697,-2.5504,18.0616,15.5742,24.8414,20.9385,6
2459807.567237,6.3972,-6.3889,18.0616,15.5742,24.8414,20.9385,6
2459807.663567,-3.4903,9.6166,18.0616,15.5742,24.8414,20.9385,6
2459807.680427,19.8335,-26.2467,18.0616,15.5742,24.8414,20.9385,6
2459808.504247,-2.0653,-0.4093,18.0616,15.5742,24.8414,20.9385,6
2459808.569817,-10.3663,14.0073,18.0616,15.5742,24.8414,20.9385,6
2459808.586737,-0.0347,8.0058,18.0616,15.5742,24.8414,20.9385,6
2459808.603847,14.0139,0.0424,18.0616,15.5742,24.8414,20.9385,6
2459808.636867,-14.6173,7.2275,18.0616,15.5742,24.8414,20.9385,6
2459810.468327,6.8242,10.5541,18.0616,15.5742,24.8414,20.9385,6
2459810.486607,-11.6894,-4.6849,18.0616,15.5742,24.8414,20.9385,6
2459810.523877,-0.7578,-2.7826,18.0616,15.5742,24.8414,20.9385,6
2459810.562547,-24.1336,-13.3568,18.0616,15.5742,24.8414,20.9385,6
2459810.579427,-20.2386,22.5573,18.0616,15.5742,24.8414,20.9385,6
2459810.601887,2.9588,15.4301,18.0616,15.5742,24.8414,20.9385,6
2459810.619967,-0.3962,5.0414,18.0616,15.5742,24.8414,20.9385,6
2459810.638187,3.0417,9.5349,18.0616,15.5742,24.8414,20.9385,6
2459810.670717,-10.7169,-12.5782,18.0616,15.5742,24.8414,20.9385,6
2459810.687547,-18.4292,-7.7339,18.0616,15.5742,24.8414,20.9385,6
2459811.473127,23.7480,-16.1334,18.0616,15.5742,24.8414,20.9385,6
2459811.490777,-0.9952,-7.4310,18.0616,15.5742,24.8414,20.9385,6
2459811.524877,-5.7067,7.9986,18.0616,15.5742,24.8414,20.9385,6
2459811.541937,-11.8322,-4.0867,18.0616,15.5742,24.8414,20.9385,6
2459811.592117,-8.4138,1.7016,18.0616,15.5742,24.8414,20.9385,6
2459811.615377,8.3981,4.8965,18.0616,15.5742,24.8414,20.9385,6
2459811.638617,-28.0537,12.7270,18.0616,15.5742,24.8414,20.9385,6
2459812.496377,3.7235,6.8420,18.0616,15.5742,24.8414,20.9385,6
2459812.568157,-19.0271,-5.3396,18.0616,15.5742,24.8414,20.9385,6
2459812.618507,-27.8350,5.2500,18.0616,15.5742,24.8414,20.9385,6
2459812.669707,-22.2520,-13.4268,18.0616,15.5742,24.8414,20.9385,6
2459812.686337,-30.5807,8.6665,18.0616,15.5742,24.8414,20.9385,6
2459813.476527,-5.6655,-23.2638,18.0616,15.5742,24.8414,20.9385,6
2459813.494597,-13.3194,-4.4490,18.0616,15.5742,24.8414,20.9385,6
2459813.546867,-15.6168,11.4593,18.0616,15.5742,24.8414,20.9385,6
2459813.575887,-1.9850,14.5041,18.0616,15.5742,24.8414,20.9385,6
2459813.592957,-15.9537,-10.8363,18.0616,15.5742,24.8414,20.9385,6
2459813.598817,-1.2340,-20.9454,18.0616,15.5742,24.8414,20.9385,6
2459813.629987,-31.4246,-12.4171,18.0616,15.5742,24.8414,20.9385,6
2459813.646747,-21.4131,10.1605,18.0616,15.5742,24.8414,20.9385,6
2459814.478977,12.5239,-7.9410,18.0616,15.5742,24.8414,20.9385,6
2459814.498827,22.7136,-6.2155,18.0616,15.5742,24.8414,20.9385,6
2459814.520607,-2.6905,-6.9958,18.0616,15.5742,24.8414,20.9385,6
2459814.567507,18.5966,-5.5693,18.0616,15.5742,24.8414,20.9385,6
2459814.597197,-10.8006,-13.4101,18.0616,15.5742,24.8414,20.9385,6
2459814.614087,-3.7604,-19.7693,18.0616,15.5742,24.8414,20.9385,6
2459814.649547,25.3621,15.8892,18.0616,15.5742,24.8414,20.9385,6
2459815.480537,-32.5526,-10.2385,18.0616,15.5742,24.8414,20.9385,6
2459815.499287,-2.4932,-4.1308,18.0616,15.5742,24.8414,20.9385,6
2459815.538847,3.7601,6.4555,18.0616,15.5742,24.8414,20.9385,6
2459815.541687,9.6269,13.2308,18.0616,15.5742,24.8414,20.9385,6
2459815.558977,3.6525,20.5704,18.0616,15.5742,24.8414,20.9385,6
2459815.633767,13.4812,23.5116,18.0616,15.5742,24.8414,20.9385,6
2459816.539657,-21.9247,-5.3226,18.0616,15.5742,24.8414,20.9385,6
2459816.567337,-18.5974,1.0749,18.0616,15.5742,24.8414,20.9385,6
2459816.584477,-13.5638,-7.7560,18.0616,15.5742,24.8414,20.9385,6
2459816.611697,-7.9204,-5.7042,18.0616,15.5742,24.8414,20.9385,6
2459816.633227,-30.5724,-11.0193,18.0616,15.5742,24.8414,20.9385,6
2459816.650057,-20.9641,-18.7731,18.0616,15.5742,24.8414,20.9385,6
2459817.479327,10.2051,23.2040,18.0616,15.5742,24.8414,20.9385,6
2459817.509547,-3.4093,10.6771,18.0616,15.5742,24.8414,20.9385,6
2459817.565977,-3.5114,-3.6401,18.0616,15.5742,24.8414,20.9385,6
2459817.582927,12.1856,-14.1248,18.0616,15.5742,24.8414,20.9385,6
2459818.486157,24.7337,-0.2796,18.0616,15.5742,24.8414,20.9385,6
2459818.503467,4.5846,8.1843,18.0616,15.5742,24.8414,20.9385,6
2459818.531087,-15.4187,-1.8694,18.0616,15.5742,24.8414,20.9385,6
2459818.599457,-5.0717,1.9285,18.0616,15.5742,24.8414,20.9385,6
2459818.631187,-3.5601,-1.1678,18.0616,15.5742,24.8414,20.9385,6
2459818.651977,-10.8778,15.0839,18.0616,15.5742,24.8414,20.9385,6
2459818.670507,-24.4246,-7.4370,18.0616,15.5742,24.8414,20.9385,6
2459819.487507,8.3877,8.1113,18.0616,15.5742,24.8414,20.9385,6
2459820.503767,-10.1791,10.7540,18.0616,15.5742,24.8414,20.9385,6
2459820.542047,31.5194,25.7521,18.0616,15.5742,24.8414,20.9385,6
2459820.601757,1.9290,1.2566,18.0616,15.5742,24.8414,20.9385,6
2459820.618297,-12.1329,1.1732,18.0616,15.5742,24.8414,20.9385,6
2459820.635567,-10.1352,12.7232,18.0616,15.5742,24.8414,20.9385,6
2459820.653087,-32.0676,4.0264,18.0616,15.5742,24.8414,20.9385,6
2459821.492837,1.5983,8.4828,18.0616,15.5742,24.8414,20.9385,6
2459821.509737,-11.4077,-0.1191,18.0616,15.5742,24.8414,20.9385,6
2459821.526807,5.2566,-24.0844,18.0616,15.5742,24.8414,20.9385,6
2459821.545537,-3.9546,-4.6323,18.0616,15.5742,24.8414,20.9385,6
2459821.612467,-5.1682,25.8473,18.0616,15.5742,24.8414,20.9385,6
2459821.631497,17.1702,2.4848,18.0616,15.5742,24.8414,20.9385,6
2459821.652757,1.6292,-6.4982,18.0616,15.5742,24.8414,20.9385,6
2459822.495227,-1.7306,3.7205,18.0616,15.5742,24.8414,20.9385,6
2459822.573427,-24.1993,-35.8257,18.0616,15.5742,24.8414,20.9385,6
2459822.590237,9.6785,-12.1024,18.0616,15.5742,24.8414,20.9385,6
2459822.617277,8.9534,24.5723,18.0616,15.5742,24.8414,20.9385,6
2459822.634497,-6.8385,4.4541,18.0616,15.5742,24.8414,20.9385,6
2459822.651657,8.7931,0.2434,18.0616,15.5742,24.8414,20.9385,6
2459829.481827,-9.4875,12.7661,18.0616,15.5742,24.8414,20.9385,6
2459829.511897,-13.3926,-10.0524,18.0616,15.5742,24.8414,20.9385,6
2459832.509957,25.2163,-35.8249,18.0616,15.5742,24.8414,20.9385,6
2459833.485787,29.8169,-49.5175,18.0616,15.5742,24.8414,20.9385,6
2459833.513487,35.4341,-14.8864,18.0616,15.5742,24.8414,20.9385,6
2459834.505607,-27.6671,15.2688,18.0616,15.5742,24.8414,20.9385,6
2459834.522817,3.1760,-8.2788,18.0616,15.5742,24.8414,20.9385,6
2459834.544757,22.0599,39.3277,18.0616,15.5742,24.8414,20.9385,6
2459834.573617,42.5784,21.4663,18.0616,15.5742,24.8414,20.9385,6
2459834.590377,-12.9292,-51.0655,18.0616,15.5742,24.8414,20.9385,6
2459834.608897,13.9787,39.2790,18.0616,15.5742,24.8414,20.9385,6
2459835.509947,-12.1613,-42.7085,18.0616,15.5742,24.8414,20.9385,6
2459835.550427,-21.9495,30.4414,18.0616,15.5742,24.8414,20.9385,6
2459835.567537,39.4777,-54.0885,18.0616,15.5742,24.8414,20.9385,6
2459835.602437,8.1516,1.1092,18.0616,15.5742,24.8414,20.9385,6
2459837.529597,-29.8120,-20.6029,18.0616,15.5742,24.8414,20.9385,6
2459837.562917,14.2855,-4.7283,18.0616,15.5742,24.8414,20.9385,6
2459838.502767,-2.5383,2.0210,18.0616,15.5742,24.8414,20.9385,6
2459838.570757,-5.9237,5.7297,18.0616,15.5742,24.8414,20.9385,6
2459842.543747,46.2149,43.1888,18.0616,15.5742,24.8414,20.9385,6
2459842.588427,52.3813,-50.2365,18.0616,15.5742,24.8414,20.9385,6
2459844.539477,50.4508,-65.2671,18.0616,15.5742,24.8414,20.9385,6
2459844.570397,19.0816,-34.0371,18.0616,15.5742,24.8414,20.9385,6
2459845.500007,-6.9011,6.0358,18.0616,15.5742,24.8414,20.9385,6
2459845.521277,0.3036,14.6512,18.0616,15.5742,24.8414,20.9385,6
2459845.570117,0.9315,10.8766,18.0616,15.5742,24.8414,20.9385,6
2459845.587247,3.3699,-7.0396,18.0616,15.5742,24.8414,20.9385,6
2459846.524987,-1.4959,-2.2757,18.0616,15.5742,24.8414,20.9385,6
2459846.569297,7.9233,-47.4193,18.0616,15.5742,24.8414,20.9385,6
2459848.517167,24.3598,-1.7063,18.0616,15.5742,24.8414,20.9385,6
2459848.534077,-10.1199,24.5486,18.0616,15.5742,24.8414,20.9385,6
2459848.550777,20.5283,9.2635,18.0616,15.5742,24.8414,20.9385,6
2459848.578037,47.8265,23.9900,18.0616,15.5742,24.8414,20.9385,6
2459849.539357,-22.1055,11.8209,18.0616,15.5742,24.8414,20.9385,6
2459851.504197,-10.0916,-4.5451,18.0616,15.5742,24.8414,20.9385,6
2459851.521287,24.4004,-27.1854,18.0616,15.5742,24.8414,20.9385,6
2459851.537867,-10.9217,52.2625,18.0616,15.5742,24.8414,20.9385,6
2459851.558007,12.3308,-45.2156,18.0616,15.5742,24.8414,20.9385,6
2459851.566437,3.1020,-19.2848,18.0616,15.5742,24.8414,20.9385,6
2459852.502187,-13.0349,7.4002,18.0616,15.5742,24.8414,20.9385,6
2459852.523177,28.3353,-4.2517,18.0616,15.5742,24.8414,20.9385,6
2459852.540287,21.8371,-36.5646,18.0616,15.5742,24.8414,20.9385,6
2459852.575817,28.9228,32.1434,18.0616,15.5742,24.8414,20.9385,6
2459853.524597,-5.8346,-19.8480,18.0616,15.5742,24.8414,20.9385,6
2459853.541527,-30.2592,-53.4675,18.0616,15.5742,24.8414,20.9385,6
2459859.516247,6.0834,18.4172,18.0616,15.5742,24.8414,20.9385,6
2459859.533117,-3.1839,25.8932,18.0616,15.5742,24.8414,20.9385,6
2459864.507827,4.7577,-2.0571,18.0616,15.5742,24.8414,20.9385,6
2459865.545317,-4.0193,28.6158,18.0616,15.5742,24.8414,20.9385,6
2459866.499197,-6.0040,23.5357,18.0616,15.5742,24.8414,20.9385,6
2459866.517177,-1.3383,8.9178,18.0616,15.5742,24.8414,20.9385,6
2459867.521457,-0.1729,22.6953,18.0616,15.5742,24.8414,20.9385,6
2459867.537947,10.2933,1.9230,18.0616,15.5742,24.8414,20.9385,6
2459868.509667,5.6178,14.9779,18.0616,15.5742,24.8414,20.9385,6
2459869.499777,10.9509,-5.6104,18.0616,15.5742,24.8414,20.9385,6
2459995.863897,48.2705,-27.7452,18.0616,15.5742,15.3621,14.4094,7
2459995.881297,44.4562,6.3955,18.0616,15.5742,15.3621,14.4094,7
2459997.857797,22.5781,14.5209,18.0616,15.5742,15.3621,14.4094,7
2459997.875417,43.6591,10.8419,18.0616,15.5742,15.3621,14.4094,7
2459999.857997,27.1658,-7.0902,18.0616,15.5742,15.3621,14.4094,7
2459999.875247,-7.5224,25.8483,18.0616,15.5742,15.3621,14.4094,7
2459999.892997,11.7458,-22.0944,18.0616,15.5742,15.3621,14.4094,7
2460000.892057,26.9578,9.7188,18.0616,15.5742,15.3621,14.4094,7
2460001.859917,25.2927,-13.1928,18.0616,15.5742,15.3621,14.4094,7
2460001.877587,26.5456,-6.9914,18.0616,15.5742,15.3621,14.4094,7
2460002.851987,20.0621,-25.2889,18.0616,15.5742,15.3621,14.4094,7
2460002.869847,-12.4173,3.0381,18.0616,15.5742,15.3621,14.4094,7
2460003.842887,33.0742,-25.8387,18.0616,15.5742,15.3621,14.4094,7
2460003.877887,6.3970,14.2519,18.0616,15.5742,15.3621,14.4094,7
2460004.888037,-21.2440,-2.1614,18.0616,15.5742,15.3621,14.4094,7
2460005.845257,34.6579,-37.5596,18.0616,15.5742,15.3621,14.4094,7
2460005.862587,31.2910,-11.1143,18.0616,15.5742,15.3621,14.4094,7
2460005.890397,21.7217,-3.2028,18.0616,15.5742,15.3621,14.4094,7
2460006.848697,46.8341,-22.2091,18.0616,15.5742,15.3621,14.4094,7
2460006.867727,20.9209,8.7110,18.0616,15.5742,15.3621,14.4094,7
2460007.833027,-17.4378,-10.7926,18.0616,15.5742,15.3621,14.4094,7
2460007.850717,-1.4538,9.0986,18.0616,15.5742,15.3621,14.4094,7
2460011.876057,16.6540,7.3800,18.0616,15.5742,15.3621,14.4094,7
2460012.872187,-22.6843,-30.8259,18.0616,15.5742,15.3621,14.4094,7
2460012.889887,-22.9119,23.3676,18.0616,15.5742,15.3621,14.4094,7
2460014.884187,-0.0767,-16.8943,18.0616,15.5742,15.3621,14.4094,7
2460019.802747,-17.9282,-18.1797,18.0616,15.5742,15.3621,14.4094,7
2460019.820097,38.2503,-5.3315,18.0616,15.5742,15.3621,14.4094,7
2460019.841247,3.9866,-5.3843,18.0616,15.5742,15.3621,14.4094,7
2460019.875707,2.6907,-23.8265,18.0616,15.5742,15.3621,14.4094,7
2460020.800917,-9.4505,-23.6603,18.0616,15.5742,15.3621,14.4094,7
2460020.818547,2.2501,1.3076,18.0616,15.5742,15.3621,14.4094,7
2460021.857887,-9.5675,-15.3185,18.0616,15.5742,15.3621,14.4094,7
2460021.861447,-0.2906,12.1441,18.0616,15.5742,15.3621,14.4094,7
2460022.813457,-3.1232,-11.2294,18.0616,15.5742,15.3621,14.4094,7
2460023.793257,10.1820,7.0849,18.0616,15.5742,15.3621,14.4094,7
2460023.845687,0.4704,6.5954,18.0616,15.5742,15.3621,14.4094,7
2460023.890637,4.8594,7.2478,18.0616,15.5742,15.3621,14.4094,7
2460024.842007,10.5197,15.3151,18.0616,15.5742,15.3621,14.4094,7
2460025.789717,15.8947,-10.1143,18.0616,15.5742,15.3621,14.4094,7
2460025.807577,23.4234,-17.2878,18.0616,15.5742,15.3621,14.4094,7
2460025.825057,18.0940,-7.6271,18.0616,15.5742,15.3621,14.4094,7
2460025.849717,1.6545,-8.0913,18.0616,15.5742,15.3621,14.4094,7
2460025.901617,-22.6565,-1.1554,18.0616,15.5742,15.3621,14.4094,7
2460026.830817,-7.0946,4.8072,18.0616,15.5742,15.3621,14.4094,7
2460026.848357,-14.5476,-25.3343,18.0616,15.5742,15.3621,14.4094,7
2460026.865577,6.2482,-4.8408,18.0616,15.5742,15.3621,14.4094,7
2460026.900377,-6.7033,-12.0696,18.0616,15.5742,15.3621,14.4094,7
2460027.780427,28.5952,10.7207,18.0616,15.5742,15.3621,14.4094,7
2460027.798027,5.3040,10.3502,18.0616,15.5742,15.3621,14.4094,7
2460027.833557,9.2856,8.7583,18.0616,15.5742,15.3621,14.4094,7
2460027.870267,5.4066,9.1382,18.0616,15.5742,15.3621,14.4094,7
2460027.902627,-18.7634,3.7884,18.0616,15.5742,15.3621,14.4094,7
2460027.920017,-4.5723,-19.0706,18.0616,15.5742,15.3621,14.4094,7
2460028.844237,14.1368,-3.5510,18.0616,15.5742,15.3621,14.4094,7
2460028.861827,11.4481,-22.0910,18.0616,15.5742,15.3621,14.4094,7
2460028.897467,7.7022,19.2060,18.0616,15.5742,15.3621,14.4094,7
2460029.799127,-0.0994,0.5373,18.0616,15.5742,15.3621,14.4094,7
2460029.816867,-20.6341,-4.4314,18.0616,15.5742,15.3621,14.4094,7
2460029.851397,13.3218,-21.9215,18.0616,15.5742,15.3621,14.4094,7
2460029.888067,-13.6079,21.8956,18.0616,15.5742,15.3621,14.4094,7
2460030.777997,-4.9292,-16.8892,18.0616,15.5742,15.3621,14.4094,7
2460030.811877,-21.4447,-0.6750,18.0616,15.5742,15.3621,14.4094,7
2460030.895367,-17.5428,-1.5202,18.0616,15.5742,15.3621,14.4094,7
2460031.834707,24.1064,0.2642,18.0616,15.5742,15.3621,14.4094,7
2460031.852097,-13.6260,-13.7244,18.0616,15.5742,15.3621,14.4094,7
2460031.869407,11.1778,3.9226,18.0616,15.5742,15.3621,14.4094,7
2460031.906017,-13.3204,-0.5941,18.0616,15.5742,15.3621,14.4094,7
2460032.776117,-2.6866,9.7114,18.0616,15.5742,15.3621,14.4094,7
2460032.798697,0.5577,0.4250,18.0616,15.5742,15.3621,14.4094,7
2460032.848007,-18.4285,2.3592,18.0616,15.5742,15.3621,14.4094,7
2460033.876467,-7.8691,2.5746,18.0616,15.5742,15.3621,14.4094,7
2460034.830467,21.4110,15.8382,18.0616,15.5742,15.3621,14.4094,7
2460034.833587,12.6909,-10.3373,18.0616,15.5742,15.3621,14.4094,7
2460034.873957,18.1041,12.5701,18.0616,15.5742,15.3621,14.4094,7
2460034.901887,10.2330,18.6279,18.0616,15.5742,15.3621,14.4094,7
2460035.749727,4.6766,-4.7116,18.0616,15.5742,15.3621,14.4094,7
2460035.785517,20.9846,11.4615,18.0616,15.5742,15.3621,14.4094,7
2460035.832007,-20.0509,-3.1786,18.0616,15.5742,15.3621,14.4094,7
2460035.874857,-4.2457,16.8112,18.0616,15.5742,15.3621,14.4094,7
2460035.891877,-5.7788,13.3360,18.0616,15.5742,15.3621,14.4094,7
2460036.747597,11.0675,-16.6075,18.0616,15.5742,15.3621,14.4094,7
2460036.765047,-12.2641,-10.3849,18.0616,15.5742,15.3621,14.4094,7
2460036.782727,-9.9861,-6.2160,18.0616,15.5742,15.3621,14.4094,7
2460036.895167,-8.0589,-7.8410,18.0616,15.5742,15.3621,14.4094,7
2460036.911687,-24.0035,14.6901,18.0616,15.5742,15.3621,14.4094,7
2460037.778437,3.3427,-25.5681,18.0616,15.5742,15.3621,14.4094,7
2460037.797847,1.8096,12.7920,18.0616,15.5742,15.3621,14.4094,7
2460037.878107,-25.1607,3.5392,18.0616,15.5742,15.3621,14.4094,7
2460037.895557,-24.5334,5.3088,18.0616,15.5742,15.3621,14.4094,7
2460037.898427,-10.0524,5.1936,18.0616,15.5742,15.3621,14.4094,7
2460037.915427,2.8484,-0.4643,18.0616,15.5742,15.3621,14.4094,7
2460041.776657,6.4346,0.7063,18.0616,15.5742,15.3621,14.4094,7
2460041.794657,0.5703,-11.5665,18.0616,15.5742,15.3621,14.4094,7
2460041.811597,-31.0151,-9.1795,18.0616,15.5742,15.3621,14.4094,7
2460041.828957,11.0644,-9.0248,18.0616,15.5742,15.3621,14.4094,7
2460041.846167,-28.4942,23.2833,18.0616,15.5742,15.3621,14.4094,7
2460041.891067,-25.6860,0.1375,18.0616,15.5742,15.3621,14.4094,7
2460041.911917,13.0516,-12.4231,18.0616,15.5742,15.3621,14.4094,7
2460042.820637,14.5998,6.1404,18.0616,15.5742,15.3621,14.4094,7
2460042.847607,-6.4218,9.2997,18.0616,15.5742,15.3621,14.4094,7
2460042.866267,4.5196,10.0907,18.0616,15.5742,15.3621,14.4094,7
2460042.883707,-17.6126,-13.6238,18.0616,15.5742,15.3621,14.4094,7
2460043.852417,0.8904,-3.4550,18.0616,15.5742,15.3621,14.4094,7
2460044.886487,-12.2401,-10.8205,18.0616,15.5742,15.3621,14.4094,7
2460047.717247,9.3545,-28.9532,18.0616,15.5742,15.3621,14.4094,7
2460047.750827,4.6288,-10.6475,18.0616,15.5742,15.3621,14.4094,7
2460047.778137,-0.5188,-4.9503,18.0616,15.5742,15.3621,14.4094,7
2460047.830807,-5.5544,-22.7621,18.0616,15.5742,15.3621,14.4094,7
2460047.898007,-6.3942,8.8499,18.0616,15.5742,15.3621,14.4094,7
2460047.918447,-22.9335,2.4834,18.0616,15.5742,15.3621,14.4094,7
2460048.748257,12.2979,-32.4758,18.0616,15.5742,15.3621,14.4094,7
2460048.765447,-13.4318,0.8275,18.0616,15.5742,15.3621,14.4094,7
2460048.768367,-5.5045,5.6545,18.0616,15.5742,15.3621,14.4094,7
2460048.820777,9.4572,24.9337,18.0616,15.5742,15.3621,14.4094,7
2460048.838497,-10.3298,6.4093,18.0616,15.5742,15.3621,14.4094,7
2460048.904207,-24.8093,-12.5160,18.0616,15.5742,15.3621,14.4094,7
2460048.921237,-28.8535,-20.6933,18.0616,15.5742,15.3621,14.4094,7
2460049.735307,-12.7690,-26.2206,18.0616,15.5742,15.3621,14.4094,7
2460049.753027,-1.0053,17.8640,18.0616,15.5742,15.3621,14.4094,7
2460049.781197,2.0073,24.6054,18.0616,15.5742,15.3621,14.4094,7
2460049.817107,-12.7615,-1.3884,18.0616,15.5742,15.3621,14.4094,7
2460050.720177,18.1486,-14.3561,18.0616,15.5742,15.3621,14.4094,7
2460050.757127,11.9460,-18.6625,18.0616,15.5742,15.3621,14.4094,7
2460050.779897,-16.8526,7.3754,18.0616,15.5742,15.3621,14.4094,7
2460050.801117,4.7284,-8.4115,18.0616,15.5742,15.3621,14.4094,7
2460050.818647,-9.8198,11.7382,18.0616,15.5742,15.3621,14.4094,7
2460050.867877,0.0018,-15.8300,18.0616,15.5742,15.3621,14.4094,7
2460050.884837,-8.7567,0.9017,18.0616,15.5742,15.3621,14.4094,7
2460051.746527,10.5850,-26.7748,18.0616,15.5742,15.3621,14.4094,7
2460051.785297,1.0489,-19.4727,18.0616,15.5742,15.3621,14.4094,7
2460051.855147,-13.1122,3.5517,18.0616,15.5742,15.3621,14.4094,7
2460051.872457,-1.1651,-5.4696,18.0616,15.5742,15.3621,14.4094,7
2460052.796157,5.5767,-25.5243,18.0616,15.5742,15.3621,14.4094,7
2460053.779567,-16.1351,14.9332,18.0616,15.5742,15.3621,14.4094,7
2460053.807307,-26.2087,-10.4235,18.0616,15.5742,15.3621,14.4094,7
2460053.824587,-27.3247,-23.8276,18.0616,15.5742,15.3621,14.4094,7
2460053.895597,-12.8892,-10.7325,18.0616,15.5742,15.3621,14.4094,7
2460054.710507,5.0119,-22.7578,18.0616,15.5742,15.3621,14.4094,7
2460054.727757,15.5324,21.8052,18.0616,15.5742,15.3621,14.4094,7
2460054.745637,-0.9081,7.2988,18.0616,15.5742,15.3621,14.4094,7
2460054.773867,13.9090,4.7087,18.0616,15.5742,15.3621,14.4094,7
2460054.809517,-28.8458,15.3626,18.0616,15.5742,15.3621,14.4094,7
2460054.827207,-2.6457,-15.8755,18.0616,15.5742,15.3621,14.4094,7
2460054.887907,-19.3666,16.6572,18.0616,15.5742,15.3621,14.4094,7
2460056.729997,15.8746,-8.5115,18.0616,15.5742,15.3621,14.4094,7
2460056.732887,11.0579,-13.6324,18.0616,15.5742,15.3621,14.4094,7
2460056.750137,-1.8037,-5.1704,18.0616,15.5742,15.3621,14.4094,7
2460056.767817,-17.5996,22.3354,18.0616,15.5742,15.3621,14.4094,7
2460056.820837,-23.4613,-20.3114,18.0616,15.5742,15.3621,14.4094,7
2460056.849037,0.8804,-10.3655,18.0616,15.5742,15.3621,14.4094,7
2460056.866217,-24.4429,6.7487,18.0616,15.5742,15.3621,14.4094,7
2460056.910347,-16.8891,-5.6903,18.0616,15.5742,15.3621,14.4094,7
2460056.929627,5.9371,-2.8342,18.0616,15.5742,15.3621,14.4094,7
2460057.921217,-4.1065,-12.2416,18.0616,15.5742,15.3621,14.4094,7
2460058.795067,-15.8794,-3.3001,18.0616,15.5742,15.3621,14.4094,7
2460058.812367,19.9416,-10.6615,18.0616,15.5742,15.3621,14.4094,7
2460058.830127,23.9343,15.1262,18.0616,15.5742,15.3621,14.4094,7
2460058.892967,20.1229,11.7552,18.0616,15.5742,15.3621,14.4094,7
2460058.910377,13.9508,-4.5493,18.0616,15.5742,15.3621,14.4094,7
2460059.718257,6.7390,-25.1068,18.0616,15.5742,15.3621,14.4094,7
2460059.736007,5.3960,-2.9190,18.0616,15.5742,15.3621,14.4094,7
2460059.753527,8.1120,-22.5877,18.0616,15.5742,15.3621,14.4094,7
2460059.788627,-13.1079,-11.4923,18.0616,15.5742,15.3621,14.4094,7
2460059.851487,-16.4392,11.8261,18.0616,15.5742,15.3621,14.4094,7
2460059.890007,10.9189,-0.6883,18.0616,15.5742,15.3621,14.4094,7
2460059.907497,9.3442,8.8531,18.0616,15.5742,15.3621,14.4094,7
2460061.729697,-4.4488,5.3827,18.0616,15.5742,15.3621,14.4094,7
2460061.749657,16.2194,7.7305,18.0616,15.5742,15.3621,14.4094,7
2460061.766907,-9.3423,-1.5578,18.0616,15.5742,15.3621,14.4094,7
2460061.784307,0.4773,10.8256,18.0616,15.5742,15.3621,14.4094,7
2460061.850407,-22.2483,7.8908,18.0616,15.5742,15.3621,14.4094,7
2460061.885017,-19.2818,-3.3972,18.0616,15.5742,15.3621,14.4094,7
2460061.912827,-31.6410,-3.8361,18.0616,15.5742,15.3621,14.4094,7
2460062.682237,20.5359,-29.8140,18.0616,15.5742,15.3621,14.4094,7
2460062.775137,1.9858,-13.2985,18.0616,15.5742,15.3621,14.4094,7
2460062.809387,-15.0844,10.5076,18.0616,15.5742,15.3621,14.4094,7
2460063.672577,13.8996,15.4888,18.0616,15.5742,15.3621,14.4094,7
2460063.699997,2.4642,-4.7458,18.0616,15.5742,15.3621,14.4094,7
2460063.717837,-2.3835,4.2514,18.0616,15.5742,15.3621,14.4094,7
2460063.735797,-5.1567,2.4852,18.0616,15.5742,15.3621,14.4094,7
2460063.753037,-9.0171,7.5041,18.0616,15.5742,15.3621,14.4094,7
2460063.770067,10.3061,11.0014,18.0616,15.5742,15.3621,14.4094,7
2460063.817547,-8.4297,2.7512,18.0616,15.5742,15.3621,14.4094,7
2460063.858937,-0.4898,-7.8138,18.0616,15.5742,15.3621,14.4094,7
2460063.908897,-32.4708,-26.0671,18.0616,15.5742,15.3621,14.4094,7
2460064.746807,-4.1389,-17.6423,18.0616,15.5742,15.3621,14.4094,7
2460064.749487,-13.7476,16.7192,18.0616,15.5742,15.3621,14.4094,7
2460064.809967,-19.4118,9.1932,18.0616,15.5742,15.3621,14.4094,7
2460064.827287,24.7768,-18.2393,18.0616,15.5742,15.3621,14.4094,7
2460064.855027,-3.7394,-6.9572,18.0616,15.5742,15.3621,14.4094,7
2460064.873197,15.1267,-8.5777,18.0616,15.5742,15.3621,14.4094,7
2460064.894327,23.5706,2.6469,18.0616,15.5742,15.3621,14.4094,7
2460064.911587,13.4155,11.0716,18.0616,15.5742,15.3621,14.4094,7
2460064.928977,-22.3829,2.6847,18.0616,15.5742,15.3621,14.4094,7
2460065.680867,-9.1339,6.8353,18.0616,15.5742,15.3621,14.4094,7
2460065.698007,22.6002,-1.7301,18.0616,15.5742,15.3621,14.4094,7
2460065.734427,17.5155,-16.1935,18.0616,15.5742,15.3621,14.4094,7
2460065.755747,-20.8755,2.2154,18.0616,15.5742,15.3621,14.4094,7
2460065.786547,3.7662,-32.2320,18.0616,15.5742,15.3621,14.4094,7
2460065.803697,-1.5526,-18.2863,18.0616,15.5742,15.3621,14.4094,7
2460065.820607,1.8569,9.4897,18.0616,15.5742,15.3621,14.4094,7
2460065.840147,-11.3040,1.0506,18.0616,15.5742,15.3621,14.4094,7
2460065.857007,-3.2409,11.3192,18.0616,15.5742,15.3621,14.4094,7
2460065.875107,1.1644,5.9736,18.0616,15.5742,15.3621,14.4094,7
2460065.902597,-5.5367,2.7349,18.0616,15.5742,15.3621,14.4094,7
2460065.919447,-3.1630,-3.2729,18.0616,15.5742,15.3621,14.4094,7
2460066.710397,2.4010,-6.2114,18.0616,15.5742,15.3621,14.4094,7
2460066.763147,-16.4729,-24.9938,18.0616,15.5742,15.3621,14.4094,7
2460066.780707,-25.1401,2.3492,18.0616,15.5742,15.3621,14.4094,7
2460066.808047,9.1705,-0.5846,18.0616,15.5742,15.3621,14.4094,7
2460066.825667,8.5551,10.4586,18.0616,15.5742,15.3621,14.4094,7
2460066.843487,-19.9172,8.7136,18.0616,15.5742,15.3621,14.4094,7
2460066.863227,20.0204,3.7092,18.0616,15.5742,15.3621,14.4094,7
2460066.882387,3.4351,-11.1623,18.0616,15.5742,15.3621,14.4094,7
2460066.928397,-14.3866,20.4298,18.0616,15.5742,15.3621,14.4094,7
2460067.691687,-7.2276,-27.5788,18.0616,15.5742,15.3621,14.4094,7
2460067.711907,3.7188,7.4155,18.0616,15.5742,15.3621,14.4094,7
2460067.739857,-23.7503,-2.9004,18.0616,15.5742,15.3621,14.4094,7
2460067.766307,12.8966,-14.5563,18.0616,15.5742,15.3621,14.4094,7
2460067.879467,-4.3388,11.8902,18.0616,15.5742,15.3621,14.4094,7
2460067.896177,-4.5382,-8.5927,18.0616,15.5742,15.3621,14.4094,7
2460067.913747,-6.2098,10.8922,18.0616,15.5742,15.3621,14.4094,7
2460067.930947,-15.3674,16.5076,18.0616,15.5742,15.3621,14.4094,7
2460068.749627,12.7988,-17.0007,18.0616,15.5742,15.3621,14.4094,7
2460068.766647,9.6479,4.2972,18.0616,15.5742,15.3621,14.4094,7
2460068.794297,-26.7528,-7.4503,18.0616,15.5742,15.3621,14.4094,7
2460070.746147,-7.7342,-3.1845,18.0616,15.5742,15.3621,14.4094,7
2460070.763867,-18.3374,11.6287,18.0616,15.5742,15.3621,14.4094,7
2460070.780887,-20.0595,-11.0466,18.0616,15.5742,15.3621,14.4094,7
2460070.798217,-30.3397,-14.2669,18.0616,15.5742,15.3621,14.4094,7
2460070.829427,-31.2077,-11.6624,18.0616,15.5742,15.3621,14.4094,7
2460074.805307,-14.0552,1.8482,18.0616,15.5742,15.3621,14.4094,7
2460074.841357,-20.3551,9.7284,18.0616,15.5742,15.3621,14.4094,7
2460075.671217,-0.0552,-0.5339,18.0616,15.5742,15.3621,14.4094,7
2460075.705627,14.0187,0.5238,18.0616,15.5742,15.3621,14.4094,7
2460075.843187,-4.7215,16.4565,18.0616,15.5742,15.3621,14.4094,7
2460075.887017,-7.6730,14.0716,18.0616,15.5742,15.3621,14.4094,7
2460075.920417,-12.4888,-12.2410,18.0616,15.5742,15.3621,14.4094,7
2460076.644577,24.0024,-30.1873,18.0616,15.5742,15.3621,14.4094,7
2460076.674877,10.9397,24.7098,18.0616,15.5742,15.3621,14.4094,7
2460076.729597,15.9409,7.2121,18.0616,15.5742,15.3621,14.4094,7
2460076.751457,-11.8659,-8.8956,18.0616,15.5742,15.3621,14.4094,7
2460076.798887,-29.5794,-13.1156,18.0616,15.5742,15.3621,14.4094,7
2460076.894057,-5.0997,-5.9438,18.0616,15.5742,15.3621,14.4094,7
2460077.652307,24.3288,-25.1374,18.0616,15.5742,15.3621,14.4094,7
2460077.724937,-13.3200,-6.3153,18.0616,15.5742,15.3621,14.4094,7
2460077.793127,-20.3099,-18.5955,18.0616,15.5742,15.3621,14.4094,7
2460077.878987,-19.6817,4.4684,18.0616,15.5742,15.3621,14.4094,7
2460077.896307,-27.6551,-7.3407,18.0616,15.5742,15.3621,14.4094,7
2460078.780167,-9.2901,-1.8149,18.0616,15.5742,15.3621,14.4094,7
2460078.831967,-33.1986,-3.8369,18.0616,15.5742,15.3621,14.4094,7
2460078.881137,-8.9908,2.3963,18.0616,15.5742,15.3621,14.4094,7
2460078.898167,-17.0456,15.0512,18.0616,15.5742,15.3621,14.4094,7
2460078.914847,-4.3758,9.4831,18.0616,15.5742,15.3621,14.4094,7
2460079.670017,15.0783,-3.3466,18.0616,15.5742,15.3621,14.4094,7
2460079.687167,0.4821,13.9277,18.0616,15.5742,15.3621,14.4094,7
2460079.704907,11.2844,-23.9432,18.0616,15.5742,15.3621,14.4094,7
2460079.722197,-18.9568,-19.0519,18.0616,15.5742,15.3621,14.4094,7
2460079.754147,-20.5591,-13.3252,18.0616,15.5742,15.3621,14.4094,7
2460080.671057,-6.6843,23.8028,18.0616,15.5742,15.3621,14.4094,7
2460080.688507,17.6309,-1.9919,18.0616,15.5742,15.3621,14.4094,7
2460080.733987,2.6402,9.4015,18.0616,15.5742,15.3621,14.4094,7
2460080.751247,-11.5008,-3.5663,18.0616,15.5742,15.3621,14.4094,7
2460080.785727,-12.5270,17.5753,18.0616,15.5742,15.3621,14.4094,7
2460080.836167,-5.5448,-13.5872,18.0616,15.5742,15.3621,14.4094,7
2460080.909657,-5.2440,12.1361,18.0616,15.5742,15.3621,14.4094,7
2460082.691347,-32.1596,-12.4578,18.0616,15.5742,15.3621,14.4094,7
2460082.737827,-1.4372,-10.8935,18.0616,15.5742,15.3621,14.4094,7
2460082.776917,7.2969,23.7045,18.0616,15.5742,15.3621,14.4094,7
2460082.849787,-37.9008,1.9480,18.0616,15.5742,15.3621,14.4094,7
2460082.867127,-1.8475,11.0528,18.0616,15.5742,15.3621,14.4094,7
2460082.900527,-14.7776,3.5930,18.0616,15.5742,15.3621,14.4094,7
2460083.781667,-2.3061,8.4913,18.0616,15.5742,15.3621,14.4094,7
2460083.811107,-26.0777,-2.6787,18.0616,15.5742,15.3621,14.4094,7
2460084.713487,-3.8768,-1.8327,18.0616,15.5742,15.3621,14.4094,7
2460084.750687,-32.4669,-0.5135,18.0616,15.5742,15.3621,14.4094,7
2460085.698697,-0.6620,-8.0437,18.0616,15.5742,15.3621,14.4094,7
2460085.734317,-7.5188,-30.8774,18.0616,15.5742,15.3621,14.4094,7
2460087.700447,-18.0786,-0.1536,18.0616,15.5742,15.3621,14.4094,7
2460087.830187,-11.7306,8.3888,18.0616,15.5742,15.3621,14.4094,7
2460087.847047,-27.7077,9.6376,18.0616,15.5742,15.3621,14.4094,7
2460088.726207,-5.4990,-15.7449,18.0616,15.5742,15.3621,14.4094,7
2460089.607437,0.4830,-28.6236,18.0616,15.5742,15.3621,14.4094,7
2460089.627397,-12.0340,-21.5468,18.0616,15.5742,15.3621,14.4094,7
2460089.649007,5.5190,12.0670,18.0616,15.5742,15.3621,14.4094,7
2460089.666897,-22.6022,9.3596,18.0616,15.5742,15.3621,14.4094,7
2460089.684107,1.7480,7.9080,18.0616,15.5742,15.3621,14.4094,7
2460089.807407,-6.5126,9.9153,18.0616,15.5742,15.3621,14.4094,7
2460089.834917,-10.9061,22.9249,18.0616,15.5742,15.3621,14.4094,7
2460089.852457,-10.2385,-5.4406,18.0616,15.5742,15.3621,14.4094,7
2460089.869827,12.4829,8.7345,18.0616,15.5742,15.3621,14.4094,7
2460089.886997,-27.6768,-25.8725,18.0616,15.5742,15.3621,14.4094,7
2460089.903907,-23.4636,-25.1034,18.0616,15.5742,15.3621,14.4094,7
2460090.839277,2.8134,10.3627,18.0616,15.5742,15.3621,14.4094,7
2460091.671387,-21.9344,11.6269,18.0616,15.5742,15.3621,14.4094,7
2460091.710217,-11.2910,-0.7374,18.0616,15.5742,15.3621,14.4094,7
2460091.756367,-13.5546,-9.4637,18.0616,15.5742,15.3621,14.4094,7
2460091.775277,-26.7090,12.8332,18.0616,15.5742,15.3621,14.4094,7
2460091.791967,-15.2685,-13.6919,18.0616,15.5742,15.3621,14.4094,7
2460092.611657,-25.5942,17.5907,18.0616,15.5742,15.3621,14.4094,7
2460092.639527,-11.9011,-0.1467,18.0616,15.5742,15.3621,14.4094,7
2460092.657047,4.4076,-33.6579,18.0616,15.5742,15.3621,14.4094,7
2460092.674787,-28.5887,1.2441,18.0616,15.5742,15.3621,14.4094,7
2460092.691767,-2.0047,-20.0082,18.0616,15.5742,15.3621,14.4094,7
2460092.709487,-9.9110,0.0089,18.0616,15.5742,15.3621,14.4094,7
2460093.872737,-4.5210,-3.8773,18.0616,15.5742,15.3621,14.4094,7
2460094.612447,-15.8288,0.3403,18.0616,15.5742,15.3621,14.4094,7
2460094.689557,-8.5314,18.0503,18.0616,15.5742,15.3621,14.4094,7
2460094.708577,-12.1201,-17.9650,18.0616,15.5742,15.3621,14.4094,7
2460094.771307,-18.9060,2.7573,18.0616,15.5742,15.3621,14.4094,7
2460094.826637,-1.8595,1.9023,18.0616,15.5742,15.3621,14.4094,7
2460094.844617,-2.8957,26.4460,18.0616,15.5742,15.3621,14.4094,7
2460094.873537,-18.4106,2.1973,18.0616,15.5742,15.3621,14.4094,7
2460094.891597,-10.0421,-19.6218,18.0616,15.5742,15.3621,14.4094,7
2460095.863257,-34.9405,-25.3787,18.0616,15.5742,15.3621,14.4094,7
2460095.880517,-34.3537,0.1868,18.0616,15.5742,15.3621,14.4094,7
2460096.778207,0.0630,2.7055,18.0616,15.5742,15.3621,14.4094,7
2460096.795617,12.5685,4.2521,18.0616,15.5742,15.3621,14.4094,7
2460096.812357,-30.9867,-9.2279,18.0616,15.5742,15.3621,14.4094,7
2460096.840307,-15.8425,4.7824,18.0616,15.5742,15.3621,14.4094,7
2460096.858067,-3.5196,-30.6470,18.0616,15.5742,15.3621,14.4094,7
2460096.875077,-29.9942,-12.2742,18.0616,15.5742,15.3621,14.4094,7
2460096.894987,-18.3357,-3.5899,18.0616,15.5742,15.3621,14.4094,7
2460097.659307,-28.1777,-23.6949,18.0616,15.5742,15.3621,14.4094,7
2460097.677167,13.4844,-13.1910,18.0616,15.5742,15.3621,14.4094,7
2460097.747377,-20.5830,0.1521,18.0616,15.5742,15.3621,14.4094,7
2460097.783107,-15.4195,-2.0341,18.0616,15.5742,15.3621,14.4094,7
2460097.846517,15.3280,-21.4690,18.0616,15.5742,15.3621,14.4094,7
2460097.880877,-15.3405,-0.3510,18.0616,15.5742,15.3621,14.4094,7
2460098.692137,-3.7389,6.8730,18.0616,15.5742,15.3621,14.4094,7
2460103.565897,17.6004,2.5864,18.0616,15.5742,15.3621,14.4094,7
2460103.584117,-25.3841,3.6402,18.0616,15.5742,15.3621,14.4094,7
2460103.635297,-14.5606,-0.3644,18.0616,15.5742,15.3621,14.4094,7
2460103.651927,16.1069,-13.9274,18.0616,15.5742,15.3621,14.4094,7
2460103.668867,4.0862,-7.6963,18.0616,15.5742,15.3621,14.4094,7
2460103.780747,1.2792,-2.1597,18.0616,15.5742,15.3621,14.4094,7
2460103.863347,18.4300,8.4743,18.0616,15.5742,15.3621,14.4094,7
2460103.880587,-11.1510,23.0515,18.0616,15.5742,15.3621,14.4094,7
2460104.598147,-31.8038,-28.0749,18.0616,15.5742,15.3621,14.4094,7
2460104.617807,-0.7651,-22.1365,18.0616,15.5742,15.3621,14.4094,7
2460105.619117,-8.6572,-22.0844,18.0616,15.5742,15.3621,14.4094,7
2460105.636117,-18.5885,-7.3634,18.0616,15.5742,15.3621,14.4094,7
2460105.653717,-3.2900,2.5796,18.0616,15.5742,15.3621,14.4094,7
2460105.762447,-34.0980,-13.1623,18.0616,15.5742,15.3621,14.4094,7
2460105.796847,0.4751,-14.5911,18.0616,15.5742,15.3621,14.4094,7
2460105.849067,-5.5324,-21.4029,18.0616,15.5742,15.3621,14.4094,7
2460105.866237,-29.4677,-12.5061,18.0616,15.5742,15.3621,14.4094,7
2460105.883317,16.3409,16.1996,18.0616,15.5742,15.3621,14.4094,7
2460106.610077,-8.3511,17.3450,18.0616,15.5742,15.3621,14.4094,7
2460106.626897,-13.2538,23.2886,18.0616,15.5742,15.3621,14.4094,7
2460106.678517,-7.3160,-4.4729,18.0616,15.5742,15.3621,14.4094,7
2460106.707467,7.9489,11.6330,18.0616,15.5742,15.3621,14.4094,7
2460106.724257,-15.2480,-16.2648,18.0616,15.5742,15.3621,14.4094,7
2460106.742017,-5.5435,-5.1082,18.0616,15.5742,15.3621,14.4094,7
2460106.758697,1.8197,-21.4745,18.0616,15.5742,15.3621,14.4094,7
2460106.775317,-1.7725,12.5151,18.0616,15.5742,15.3621,14.4094,7
2460106.810807,-3.3301,16.6323,18.0616,15.5742,15.3621,14.4094,7
2460106.827977,4.3102,13.6039,18.0616,15.5742,15.3621,14.4094,7
2460107.649047,6.8443,6.3955,18.0616,15.5742,15.3621,14.4094,7
2460107.665827,5.4281,13.4103,18.0616,15.5742,15.3621,14.4094,7
2460107.693057,18.1335,-21.4494,18.0616,15.5742,15.3621,14.4094,7
2460107.709727,8.8920,-10.9661,18.0616,15.5742,15.3621,14.4094,7
2460107.726797,5.3677,6.1802,18.0616,15.5742,15.3621,14.4094,7
2460107.743747,-16.0443,-27.1625,18.0616,15.5742,15.3621,14.4094,7
2460107.789197,-27.0106,-20.4065,18.0616,15.5742,15.3621,14.4094,7
2460107.869267,7.9144,10.0533,18.0616,15.5742,15.3621,14.4094,7
2460108.597767,17.6946,-19.7868,18.0616,15.5742,15.3621,14.4094,7
2460108.650147,-1.3878,-8.1560,18.0616,15.5742,15.3621,14.4094,7
2460108.668447,-8.2454,-2.5497,18.0616,15.5742,15.3621,14.4094,7
2460108.695637,-1.0883,-6.5734,18.0616,15.5742,15.3621,14.4094,7
2460108.733287,12.0394,2.8610,18.0616,15.5742,15.3621,14.4094,7
2460108.794507,-26.7421,-10.6552,18.0616,15.5742,15.3621,14.4094,7
2460108.811497,-4.9738,-6.6880,18.0616,15.5742,15.3621,14.4094,7
2460108.828017,-8.8464,9.1910,18.0616,15.5742,15.3621,14.4094,7
2460108.846377,-19.6823,-17.8913,18.0616,15.5742,15.3621,14.4094,7
2460108.863477,-20.8608,-13.1379,18.0616,15.5742,15.3621,14.4094,7
2460110.616347,-9.6418,-4.6545,18.0616,15.5742,15.3621,14.4094,7
2460110.679117,-30.5896,-11.5196,18.0616,15.5742,15.3621,14.4094,7
2460110.696167,-34.3500,-8.0698,18.0616,15.5742,15.3621,14.4094,7
2460110.747877,6.1897,3.9300,18.0616,15.5742,15.3621,14.4094,7
2460110.775367,-18.5639,-6.1999,18.0616,15.5742,15.3621,14.4094,7
2460110.792297,9.0380,-4.0985,18.0616,15.5742,15.3621,14.4094,7
2460110.808987,-16.7545,8.0925,18.0616,15.5742,15.3621,14.4094,7
2460110.825747,-21.3524,17.9425,18.0616,15.5742,15.3621,14.4094,7
2460111.607967,-13.6909,-5.7349,18.0616,15.5742,15.3621,14.4094,7
2460111.650037,4.1641,-3.0086,18.0616,15.5742,15.3621,14.4094,7
2460111.720387,-17.4652,-3.4496,18.0616,15.5742,15.3621,14.4094,7
2460111.753797,-20.6190,-11.4104,18.0616,15.5742,15.3621,14.4094,7
2460111.788177,-5.5453,-12.1731,18.0616,15.5742,15.3621,14.4094,7
2460111.815647,-19.0409,17.8730,18.0616,15.5742,15.3621,14.4094,7
2460111.835127,12.4420,-14.9888,18.0616,15.5742,15.3621,14.4094,7
2460112.579057,11.5966,-2.1498,18.0616,15.5742,15.3621,14.4094,7
2460112.596707,-6.5831,13.6790,18.0616,15.5742,15.3621,14.4094,7
2460112.617687,3.6790,-6.0691,18.0616,15.5742,15.3621,14.4094,7
2460112.679157,-17.1413,-18.5593,18.0616,15.5742,15.3621,14.4094,7
2460112.696017,-2.8373,-0.1813,18.0616,15.5742,15.3621,14.4094,7
2460112.776007,4.2612,0.9743,18.0616,15.5742,15.3621,14.4094,7
2460112.792747,-13.8979,3.1139,18.0616,15.5742,15.3621,14.4094,7
2460113.570107,-4.1513,-0.6880,18.0616,15.5742,15.3621,14.4094,7
2460113.587017,8.7028,-2.8141,18.0616,15.5742,15.3621,14.4094,7
2460113.603787,14.0005,8.6163,18.0616,15.5742,15.3621,14.4094,7
2460113.620597,2.8336,-3.0128,18.0616,15.5742,15.3621,14.4094,7
2460113.670757,-20.7456,20.8065,18.0616,15.5742,15.3621,14.4094,7
2460113.687537,13.0951,6.4022,18.0616,15.5742,15.3621,14.4094,7
2460113.720687,12.6303,-8.9914,18.0616,15.5742,15.3621,14.4094,7
2460113.737157,-10.6932,12.2306,18.0616,15.5742,15.3621,14.4094,7
2460113.764157,-12.2586,13.6819,18.0616,15.5742,15.3621,14.4094,7
2460113.781137,-14.7550,-5.0083,18.0616,15.5742,15.3621,14.4094,7
2460113.798997,-25.1190,2.8062,18.0616,15.5742,15.3621,14.4094,7
2460113.832757,-13.9864,-3.6495,18.0616,15.5742,15.3621,14.4094,7
2460115.683097,-19.6061,-22.8573,18.0616,15.5742,15.3621,14.4094,7
2460118.739567,-7.2022,4.6735,18.0616,15.5742,15.3621,14.4094,7
2460120.539787,-1.1294,-9.0996,18.0616,15.5742,15.3621,14.4094,7
2460120.574137,0.1752,-6.5398,18.0616,15.5742,15.3621,14.4094,7
2460120.591327,-7.0720,-7.2824,18.0616,15.5742,15.3621,14.4094,7
2460120.608237,-7.9540,5.3593,18.0616,15.5742,15.3621,14.4094,7
2460120.776597,-9.0388,-4.0839,18.0616,15.5742,15.3621,14.4094,7
2460120.793857,-9.1408,10.5714,18.0616,15.5742,15.3621,14.4094,7
2460120.817287,0.4023,16.1274,18.0616,15.5742,15.3621,14.4094,7
2460121.559017,-18.8826,1.4681,18.0616,15.5742,15.3621,14.4094,7
2460121.581157,-4.3063,17.9597,18.0616,15.5742,15.3621,14.4094,7
2460121.610117,-14.6035,0.2175,18.0616,15.5742,15.3621,14.4094,7
2460121.793827,-2.5634,3.1206,18.0616,15.5742,15.3621,14.4094,7
2460122.610357,-1.5512,-11.9833,18.0616,15.5742,15.3621,14.4094,7
2460122.613137,-10.9418,-16.1245,18.0616,15.5742,15.3621,14.4094,7
2460123.536657,12.9031,8.6975,18.0616,15.5742,15.3621,14.4094,7
2460123.553737,-13.3634,14.1721,18.0616,15.5742,15.3621,14.4094,7
2460123.578657,1.5817,-34.7644,18.0616,15.5742,15.3621,14.4094,7
2460123.676027,0.5385,10.2726,18.0616,15.5742,15.3621,14.4094,7
2460123.696027,1.2159,21.5107,18.0616,15.5742,15.3621,14.4094,7
2460123.768217,-6.2165,-4.9262,18.0616,15.5742,15.3621,14.4094,7
2460123.834017,-22.9516,-3.7862,18.0616,15.5742,15.3621,14.4094,7
2460125.574107,-17.1167,-20.7425,18.0616,15.5742,15.3621,14.4094,7
2460125.599937,-1.9691,4.5979,18.0616,15.5742,15.3621,14.4094,7
2460125.634347,4.1655,1.3881,18.0616,15.5742,15.3621,14.4094,7
2460125.810827,-9.4277,5.4938,18.0616,15.5742,15.3621,14.4094,7
2460130.664567,-3.8730,-41.6845,18.0616,15.5742,15.3621,14.4094,7
2460130.681337,-23.9171,-16.8315,18.0616,15.5742,15.3621,14.4094,7
2460130.698337,-6.8416,-0.5324,18.0616,15.5742,15.3621,14.4094,7
2460130.718327,-11.7133,16.2551,18.0616,15.5742,15.3621,14.4094,7
2460130.735517,-12.4049,-31.3770,18.0616,15.5742,15.3621,14.4094,7
2460131.542667,-15.5846,-19.7359,18.0616,15.5742,15.3621,14.4094,7
2460133.807577,11.7475,-24.0800,18.0616,15.5742,15.3621,14.4094,7
2460134.574697,-13.3602,-24.3649,18.0616,15.5742,15.3621,14.4094,7
2460134.608767,6.9821,-22.5704,18.0616,15.5742,15.3621,14.4094,7
2460134.627737,-1.0043,20.4871,18.0616,15.5742,15.3621,14.4094,7
2460134.691047,-7.3248,-0.7600,18.0616,15.5742,15.3621,14.4094,7
2460139.489407,18.0426,-40.6153,18.0616,15.5742,15.3621,14.4094,7
2460139.541307,-12.4124,11.4259,18.0616,15.5742,15.3621,14.4094,7
2460139.558457,-22.1917,27.2919,18.0616,15.5742,15.3621,14.4094,7
2460139.602547,-3.4961,-28.5140,18.0616,15.5742,15.3621,14.4094,7
2460139.638627,-4.5692,15.1032,18.0616,15.5742,15.3621,14.4094,7
2460139.657967,-9.1935,12.9050,18.0616,15.5742,15.3621,14.4094,7
2460139.703507,19.2531,3.2815,18.0616,15.5742,15.3621,14.4094,7
2460139.724677,-4.2462,5.7215,18.0616,15.5742,15.3621,14.4094,7
2460139.741187,15.1901,25.0622,18.0616,15.5742,15.3621,14.4094,7
2460140.477347,7.8821,3.9275,18.0616,15.5742,15.3621,14.4094,7
2460140.494607,4.6871,-19.8230,18.0616,15.5742,15.3621,14.4094,7
2460140.511177,10.0148,-17.0381,18.0616,15.5742,15.3621,14.4094,7
2460140.527907,-31.9610,-4.3396,18.0616,15.5742,15.3621,14.4094,7
2460140.571687,3.9843,-8.1588,18.0616,15.5742,15.3621,14.4094,7
2460140.588367,6.1296,-2.3593,18.0616,15.5742,15.3621,14.4094,7
2460140.605257,-8.2633,-14.1077,18.0616,15.5742,15.3621,14.4094,7
2460140.641117,-18.0907,10.5442,18.0616,15.5742,15.3621,14.4094,7
2460140.707477,6.0705,19.0814,18.0616,15.5742,15.3621,14.4094,7
2460140.724027,6.0185,19.1534,18.0616,15.5742,15.3621,14.4094,7
2460140.740727,-6.0805,14.1947,18.0616,15.5742,15.3621,14.4094,7
2460140.784827,9.3173,-17.0386,18.0616,15.5742,15.3621,14.4094,7
2460141.483327,-12.2168,-30.6947,18.0616,15.5742,15.3621,14.4094,7
2460141.500347,-19.8001,9.4055,18.0616,15.5742,15.3621,14.4094,7
2460141.517217,2.1881,-10.2376,18.0616,15.5742,15.3621,14.4094,7
2460141.659457,-1.8064,26.2445,18.0616,15.5742,15.3621,14.4094,7
2460141.676067,4.9715,0.4587,18.0616,15.5742,15.3621,14.4094,7
2460141.692717,-6.3863,-3.9031,18.0616,15.5742,15.3621,14.4094,7
2460141.709637,9.4381,4.2053,18.0616,15.5742,15.3621,14.4094,7
2460141.726607,-6.6474,-11.1009,18.0616,15.5742,15.3621,14.4094,7
2460141.754017,-4.5481,-17.9086,18.0616,15.5742,15.3621,14.4094,7
2460142.505347,10.6517,8.7723,18.0616,15.5742,15.3621,14.4094,7
2460142.514107,-5.5417,-6.6770,18.0616,15.5742,15.3621,14.4094,7
2460142.586597,-7.7555,11.7624,18.0616,15.5742,15.3621,14.4094,7
2460142.603827,-3.1271,-3.4790,18.0616,15.5742,15.3621,14.4094,7
2460142.622127,-20.3703,8.1096,18.0616,15.5742,15.3621,14.4094,7
2460142.653257,-2.0462,-34.6652,18.0616,15.5742,15.3621,14.4094,7
2460142.671107,-21.7097,18.6779,18.0616,15.5742,15.3621,14.4094,7
2460142.722057,-13.4401,-14.6421,18.0616,15.5742,15.3621,14.4094,7
2460148.502957,12.4772,0.7809,18.0616,15.5742,15.3621,14.4094,7
2460148.581867,-12.2334,10.4455,18.0616,15.5742,15.3621,14.4094,7
2460148.712047,-10.0343,-7.1914,18.0616,15.5742,15.3621,14.4094,7
2460148.756467,2.9041,-0.3947,18.0616,15.5742,15.3621,14.4094,7
2460149.471797,4.8123,-2.4852,18.0616,15.5742,15.3621,14.4094,7
2460149.589487,-17.8033,-2.1061,18.0616,15.5742,15.3621,14.4094,7
2460149.667677,-14.7597,19.9651,18.0616,15.5742,15.3621,14.4094,7
2460151.661507,-4.4135,-4.5502,18.0616,15.5742,15.3621,14.4094,7
2460151.696257,-17.4463,-23.0408,18.0616,15.5742,15.3621,14.4094,7
2460153.559857,-23.0734,8.0173,18.0616,15.5742,15.3621,14.4094,7
2460153.577937,-12.9632,14.3372,18.0616,15.5742,15.3621,14.4094,7
2460153.594857,-39.2914,-8.8930,18.0616,15.5742,15.3621,14.4094,7
2460153.612057,-9.7688,1.7747,18.0616,15.5742,15.3621,14.4094,7
2460153.710657,-10.2078,-3.2082,18.0616,15.5742,15.3621,14.4094,7
2460153.727557,-5.4330,-10.0146,18.0616,15.5742,15.3621,14.4094,7
2460153.760077,-28.4136,-32.8340,18.0616,15.5742,15.3621,14.4094,7
2460154.578407,-1.0971,15.7549,18.0616,15.5742,15.3621,14.4094,7
2460159.513307,-31.6513,-9.5393,18.0616,15.5742,15.3621,14.4094,7
2460159.615107,-8.6591,12.6794,18.0616,15.5742,15.3621,14.4094,7
2460159.666927,-8.6390,0.7814,18.0616,15.5742,15.3621,14.4094,7
2460159.683517,8.3586,-13.4048,18.0616,15.5742,15.3621,14.4094,7
2460159.711107,-11.3281,3.6103,18.0616,15.5742,15.3621,14.4094,7
2460159.728027,-32.3404,-0.6644,18.0616,15.5742,15.3621,14.4094,7
2460159.744827,-22.4359,11.6729,18.0616,15.5742,15.3621,14.4094,7
2460160.504287,-11.3768,-1.2838,18.0616,15.5742,15.3621,14.4094,7
2460160.579547,9.0908,-1.6532,18.0616,15.5742,15.3621,14.4094,7
2460160.596107,-25.4124,-3.0798,18.0616,15.5742,15.3621,14.4094,7
2460160.633027,-22.1020,-1.4482,18.0616,15.5742,15.3621,14.4094,7
2460160.652977,-21.6904,-14.0800,18.0616,15.5742,15.3621,14.4094,7
2460160.708537,10.9351,-19.9988,18.0616,15.5742,15.3621,14.4094,7
2460161.486187,-9.1764,20.2577,18.0616,15.5742,15.3621,14.4094,7
2460161.508447,13.1873,-0.8722,18.0616,15.5742,15.3621,14.4094,7
2460161.526067,-9.2093,15.3430,18.0616,15.5742,15.3621,14.4094,7
2460161.634637,-39.4237,-3.4883,18.0616,15.5742,15.3621,14.4094,7
2460161.685327,-3.8380,-7.6574,18.0616,15.5742,15.3621,14.4094,7
2460161.702307,14.5610,0.6549,18.0616,15.5742,15.3621,14.4094,7
2460161.726107,-4.0734,10.3260,18.0616,15.5742,15.3621,14.4094,7
2460162.549667,-24.5806,-16.5736,18.0616,15.5742,15.3621,14.4094,7
2460162.590057,-24.3071,-29.3167,18.0616,15.5742,15.3621,14.4094,7
2460162.607097,-12.4676,-18.2143,18.0616,15.5742,15.3621,14.4094,7
2460162.623807,-7.2864,-24.4908,18.0616,15.5742,15.3621,14.4094,7
2460162.682227,-21.5936,-20.1199,18.0616,15.5742,15.3621,14.4094,7
2460162.699017,-23.8787,24.4447,18.0616,15.5742,15.3621,14.4094,7
2460167.578137,11.3193,-2.1707,18.0616,15.5742,15.3621,14.4094,7
2460167.632647,-23.8769,-30.8710,18.0616,15.5742,15.3621,14.4094,7
2460167.676867,3.1683,-36.0570,18.0616,15.5742,15.3621,14.4094,7
2460168.495427,-12.1783,1.9356,18.0616,15.5742,15.3621,14.4094,7
2460168.540227,-31.4903,-34.9512,18.0616,15.5742,15.3621,14.4094,7
2460168.624197,-32.4056,-33.3122,18.0616,15.5742,15.3621,14.4094,7
2460168.658437,-10.4696,-3.4923,18.0616,15.5742,15.3621,14.4094,7
2460168.695627,-16.0273,0.9706,18.0616,15.5742,15.3621,14.4094,7
2460170.519597,-10.0194,-4.3587,18.0616,15.5742,15.3621,14.4094,7
2460170.524487,-27.1282,1.5911,18.0616,15.5742,15.3621,14.4094,7
2460170.545457,-30.9771,-3.4901,18.0616,15.5742,15.3621,14.4094,7
2460170.594257,-11.9498,11.0301,18.0616,15.5742,15.3621,14.4094,7
2460170.611407,-19.3906,13.1498,18.0616,15.5742,15.3621,14.4094,7
2460170.631057,-11.2855,7.4819,18.0616,15.5742,15.3621,14.4094,7
2460170.710557,-14.1620,-9.0692,18.0616,15.5742,15.3621,14.4094,7
2460171.480017,-12.7716,7.3921,18.0616,15.5742,15.3621,14.4094,7
2460171.615997,-2.9194,0.3248,18.0616,15.5742,15.3621,14.4094,7
2460171.676917,-3.9159,-7.8095,18.0616,15.5742,15.3621,14.4094,7
2460171.694217,-4.6486,6.2205,18.0616,15.5742,15.3621,14.4094,7
2460171.709297,7.3855,-25.2254,18.0616,15.5742,15.3621,14.4094,7
2460173.479147,-0.5907,-14.7139,18.0616,15.5742,15.3621,14.4094,7
2460173.512747,-18.9280,14.9638,18.0616,15.5742,15.3621,14.4094,7
2460173.529977,-4.9559,-7.1163,18.0616,15.5742,15.3621,14.4094,7
2460174.486037,-11.3438,-35.5201,18.0616,15.5742,15.3621,14.4094,7
2460174.520717,-6.8730,21.2793,18.0616,15.5742,15.3621,14.4094,7
2460174.554407,-16.5890,-33.8750,18.0616,15.5742,15.3621,14.4094,7
2460174.614897,-12.3832,13.3353,18.0616,15.5742,15.3621,14.4094,7
2460174.632747,-22.7499,-5.6279,18.0616,15.5742,15.3621,14.4094,7
2460174.650697,-30.1208,-4.7799,18.0616,15.5742,15.3621,14.4094,7
2460174.677627,-7.5434,-7.5830,18.0616,15.5742,15.3621,14.4094,7
2460175.494827,-32.3864,-19.3421,18.0616,15.5742,15.3621,14.4094,7
2460175.511237,5.4189,5.1788,18.0616,15.5742,15.3621,14.4094,7
2460175.539627,7.2204,-36.2098,18.0616,15.5742,15.3621,14.4094,7
2460175.557067,7.5925,8.1771,18.0616,15.5742,15.3621,14.4094,7
2460175.573527,12.3698,13.3207,18.0616,15.5742,15.3621,14.4094,7
2460175.591517,-5.6204,-23.3506,18.0616,15.5742,15.3621,14.4094,7
2460178.486187,2.1923,-2.3013,18.0616,15.5742,15.3621,14.4094,7
2460178.513757,-15.2344,-25.7087,18.0616,15.5742,15.3621,14.4094,7
2460178.533477,-22.8957,22.0002,18.0616,15.5742,15.3621,14.4094,7
2460178.537167,-7.2067,7.4070,18.0616,15.5742,15.3621,14.4094,7
2460178.554017,-19.3762,15.6633,18.0616,15.5742,15.3621,14.4094,7
2460178.571797,-27.3062,15.2541,18.0616,15.5742,15.3621,14.4094,7
2460178.588807,-7.1335,-16.4263,18.0616,15.5742,15.3621,14.4094,7
2460178.609777,21.8357,-45.7973,18.0616,15.5742,15.3621,14.4094,7
2460179.611637,0.8205,-22.1679,18.0616,15.5742,15.3621,14.4094,7
2460179.628037,10.4370,-9.2566,18.0616,15.5742,15.3621,14.4094,7
2460179.662537,-22.1711,-39.0964,18.0616,15.5742,15.3621,14.4094,7
2460181.565557,15.3510,-18.6432,18.0616,15.5742,15.3621,14.4094,7
2460181.603997,4.9306,-15.9300,18.0616,15.5742,15.3621,14.4094,7
2460181.622337,-22.1616,-0.0504,18.0616,15.5742,15.3621,14.4094,7
2460181.639157,-25.1280,-13.5182,18.0616,15.5742,15.3621,14.4094,7
2460185.546807,25.6804,-41.0090,18.0616,15.5742,15.3621,14.4094,7
2460185.563507,16.4489,-15.3127,18.0616,15.5742,15.3621,14.4094,7
2460186.532107,-3.9700,-3.5769,18.0616,15.5742,15.3621,14.4094,7
2460186.552267,28.1252,16.0063,18.0616,15.5742,15.3621,14.4094,7
2460186.586487,-43.8095,-5.2627,18.0616,15.5742,15.3621,14.4094,7
2460187.539807,-4.3152,15.8123,18.0616,15.5742,15.3621,14.4094,7
2460187.581207,25.1403,-27.9199,18.0616,15.5742,15.3621,14.4094,7
2460187.609767,28.1418,12.9862,18.0616,15.5742,15.3621,14.4094,7
2460187.646787,2.8068,-3.3056,18.0616,15.5742,15.3621,14.4094,7
2460189.516387,9.4301,-12.8165,18.0616,15.5742,15.3621,14.4094,7
2460189.532997,-13.8206,7.7033,18.0616,15.5742,15.3621,14.4094,7
2460191.656887,11.1990,-31.8881,18.0616,15.5742,15.3621,14.4094,7
2460196.502947,5.7419,-6.8283,18.0616,15.5742,15.3621,14.4094,7
2460196.519787,-11.8359,5.0733,18.0616,15.5742,15.3621,14.4094,7
2460196.547597,-4.1263,9.1871,18.0616,15.5742,15.3621,14.4094,7
2460196.567307,14.3126,-21.7324,18.0616,15.5742,15.3621,14.4094,7
2460200.629267,-29.7741,-18.3601,18.0616,15.5742,15.3621,14.4094,7
2460201.508017,-2.7366,-15.9556,18.0616,15.5742,15.3621,14.4094,7
2460201.577117,-3.3837,-16.7281,18.0616,15.5742,15.3621,14.4094,7
2460201.593867,-17.3270,13.9926,18.0616,15.5742,15.3621,14.4094,7
2460201.623517,-28.3418,-23.6014,18.0616,15.5742,15.3621,14.4094,7
2460202.518957,-20.0869,9.8323,18.0616,15.5742,15.3621,14.4094,7
2460202.548007,-22.3356,-6.0417,18.0616,15.5742,15.3621,14.4094,7
2460202.575887,-2.5431,-6.5158,18.0616,15.5742,15.3621,14.4094,7
2460202.596677,-0.3838,-11.5680,18.0616,15.5742,15.3621,14.4094,7
2460203.479957,-5.7362,-2.4924,18.0616,15.5742,15.3621,14.4094,7
2460203.501697,-26.3004,9.9077,18.0616,15.5742,15.3621,14.4094,7
2460203.518987,-5.5500,-0.4590,18.0616,15.5742,15.3621,14.4094,7
2460203.546117,8.7335,-9.1481,18.0616,15.5742,15.3621,14.4094,7
2460203.581827,25.5333,-18.2769,18.0616,15.5742,15.3621,14.4094,7
2460203.601747,-16.9561,0.5550,18.0616,15.5742,15.3621,14.4094,7
2460203.611477,-15.0718,-19.8231,18.0616,15.5742,15.3621,14.4094,7
2460204.487887,6.2482,6.5232,18.0616,15.5742,15.3621,14.4094,7
2460204.505487,-1.1469,6.5133,18.0616,15.5742,15.3621,14.4094,7
2460204.589657,24.1191,-15.7593,18.0616,15.5742,15.3621,14.4094,7
2460204.605097,8.9896,7.2607,18.0616,15.5742,15.3621,14.4094,7
2460206.511857,0.8548,-27.5991,18.0616,15.5742,15.3621,14.4094,7
2460206.541587,4.4984,-5.2375,18.0616,15.5742,15.3621,14.4094,7
2460207.509117,-17.8809,2.2155,18.0616,15.5742,15.3621,14.4094,7
2460207.559397,-18.7723,-23.4291,18.0616,15.5742,15.3621,14.4094,7
2460207.577207,13.8279,18.0897,18.0616,15.5742,15.3621,14.4094,7
2460208.514857,-0.5258,-12.9496,18.0616,15.5742,15.3621,14.4094,7
2460208.544007,-23.5760,1.5247,18.0616,15.5742,15.3621,14.4094,7
2460208.560997,-3.1173,-15.2678,18.0616,15.5742,15.3621,14.4094,7
2460208.582157,7.1918,-24.2954,18.0616,15.5742,15.3621,14.4094,7
2460209.496487,-2.3596,-17.3035,18.0616,15.5742,15.3621,14.4094,7
2460209.540837,-19.0019,-20.3977,18.0616,15.5742,15.3621,14.4094,7
2460209.574207,-7.6347,-24.2565,18.0616,15.5742,15.3621,14.4094,7
2460211.574907,-23.1017,-17.8985,18.0616,15.5742,15.3621,14.4094,7
2460212.491967,15.7862,-11.2194,18.0616,15.5742,15.3621,14.4094,7
2460212.544497,-26.2428,-18.7371,18.0616,15.5742,15.3621,14.4094,7
2460214.494507,-29.3621,-2.7448,18.0616,15.5742,15.3621,14.4094,7
2460214.521867,-11.3298,-9.5258,18.0616,15.5742,15.3621,14.4094,7
2460214.539077,0.7285,8.9377,18.0616,15.5742,15.3621,14.4094,7
2460214.555487,-9.3558,-13.0863,18.0616,15.5742,15.3621,14.4094,7
2460215.493887,-35.2456,3.0311,18.0616,15.5742,15.3621,14.4094,7
2460216.498257,-30.8676,15.1640,18.0616,15.5742,15.3621,14.4094,7
2460216.515037,-0.8971,-20.6440,18.0616,15.5742,15.3621,14.4094,7
2460217.547307,17.2567,-16.6495,18.0616,15.5742,15.3621,14.4094,7
2460217.564167,11.4400,-16.5175,18.0616,15.5742,15.3621,14.4094,7
2460219.511627,-12.8393,-0.9199,18.0616,15.5742,15.3621,14.4094,7
2460219.528477,0.2440,-34.3177,18.0616,15.5742,15.3621,14.4094,7
2460220.545127,6.4827,-30.4556,18.0616,15.5742,15.3621,14.4094,7
2460221.514087,3.8772,-7.8687,18.0616,15.5742,15.3621,14.4094,7
2460221.531417,-26.2056,-25.6574,18.0616,15.5742,15.3621,14.4094,7
2460222.504527,7.5433,-16.3556,18.0616,15.5742,15.3621,14.4094,7
2460222.541557,22.7237,-29.3744,18.0616,15.5742,15.3621,14.4094,7
2460222.561327,-16.0317,4.0266,18.0616,15.5742,15.3621,14.4094,7
2460225.544047,5.1273,-16.7012,18.0616,15.5742,15.3621,14.4094,7
2460226.509667,-7.5794,-0.0672,18.0616,15.5742,15.3621,14.4094,7
2460226.544647,17.4549,-10.0293,18.0616,15.5742,15.3621,14.4094,7
2460227.525827,-20.2862,0.1991,18.0616,15.5742,15.3621,14.4094,7
2460228.509387,-2.8432,-19.8743,18.0616,15.5742,15.3621,14.4094,7
2460228.526097,-26.6779,1.5863,18.0616,15.5742,15.3621,14.4094,7
2460229.501407,-28.0842,-1.3557,18.0616,15.5742,15.3621,14.4094,7
2460230.504837,3.6252,-1.0795,18.0616,15.5742,15.3621,14.4094,7
2460230.522187,5.3555,3.1072,18.0616,15.5742,15.3621,14.4094,7
2460230.549657,2.2183,-1.6019,18.0616,15.5742,15.3621,14.4094,7
2460232.505167,-7.6756,0.9801,18.0616,15.5742,15.3621,14.4094,7
2460232.533177,-15.4972,-9.7684,18.0616,15.5742,15.3621,14.4094,7
2460234.498157,-25.6783,7.8485,18.0616,15.5742,15.3621,14.4094,7
2460234.516277,-9.2944,-1.0336,18.0616,15.5742,15.3621,14.4094,7
2460236.507657,-25.8243,-26.9273,18.0616,15.5742,15.3621,14.4094,7
2460360.884677,-10.4846,-28.6839,18.0616,15.5742,14.2561,13.6333,8
2460366.855027,-23.6355,-2.7481,18.0616,15.5742,14.2561,13.6333,8
2460366.874827,-6.1981,-32.4974,18.0616,15.5742,14.2561,13.6333,8
2460366.891827,-3.5492,-7.6588,18.0616,15.5742,14.2561,13.6333,8
2460367.890907,3.8150,-35.8788,18.0616,15.5742,14.2561,13.6333,8
2460368.847537,16.5535,-18.7483,18.0616,15.5742,14.2561,13.6333,8
2460368.901897,4.1797,1.7577,18.0616,15.5742,14.2561,13.6333,8
2460369.853267,5.6290,-5.7001,18.0616,15.5742,14.2561,13.6333,8
2460372.841157,23.4543,-6.0791,18.0616,15.5742,14.2561,13.6333,8
2460372.858437,9.6262,-13.9113,18.0616,15.5742,14.2561,13.6333,8
2460372.875327,-7.1021,-3.6689,18.0616,15.5742,14.2561,13.6333,8
2460374.846257,3.1341,-1.3785,18.0616,15.5742,14.2561,13.6333,8
2460374.879557,-6.1978,-30.5870,18.0616,15.5742,14.2561,13.6333,8
2460375.828257,14.8771,-15.0691,18.0616,15.5742,14.2561,13.6333,8
2460375.845237,-11.6797,-29.1658,18.0616,15.5742,14.2561,13.6333,8
2460375.879607,-25.4433,-18.0581,18.0616,15.5742,14.2561,13.6333,8
2460375.896657,26.6501,-2.8955,18.0616,15.5742,14.2561,13.6333,8
2460375.899357,14.7477,-3.2954,18.0616,15.5742,14.2561,13.6333,8
2460376.827487,26.7180,-21.4436,18.0616,15.5742,14.2561,13.6333,8
2460376.844147,14.1409,-21.8644,18.0616,15.5742,14.2561,13.6333,8
2460377.831207,-2.4872,-0.0949,18.0616,15.5742,14.2561,13.6333,8
2460377.849747,-15.0272,-9.6573,18.0616,15.5742,14.2561,13.6333,8
2460377.865977,-10.1281,11.4243,18.0616,15.5742,14.2561,13.6333,8
2460377.882677,-2.6413,-5.8045,18.0616,15.5742,14.2561,13.6333,8
2460377.899317,-10.5694,0.4909,18.0616,15.5742,14.2561,13.6333,8
2460378.850367,-24.4486,-3.4154,18.0616,15.5742,14.2561,13.6333,8
2460378.867557,-12.9809,-0.6589,18.0616,15.5742,14.2561,13.6333,8
2460379.816557,-9.2482,3.3293,18.0616,15.5742,14.2561,13.6333,8
2460379.833217,-19.4282,9.3262,18.0616,15.5742,14.2561,13.6333,8
2460379.868367,6.6010,0.1896,18.0616,15.5742,14.2561,13.6333,8
2460379.885107,5.4283,-0.8271,18.0616,15.5742,14.2561,13.6333,8
2460380.805617,-0.5738,-20.6593,18.0616,15.5742,14.2561,13.6333,8
2460380.823067,-5.8048,7.5237,18.0616,15.5742,14.2561,13.6333,8
2460381.902847,16.1719,-6.6156,18.0616,15.5742,14.2561,13.6333,8
2460382.833417,21.2187,-18.0942,18.0616,15.5742,14.2561,13.6333,8
2460382.850437,7.8499,6.1127,18.0616,15.5742,14.2561,13.6333,8
2460382.866787,12.3897,3.4758,18.0616,15.5742,14.2561,13.6333,8
2460383.805357,-16.0772,3.2231,18.0616,15.5742,14.2561,13.6333,8
2460383.857297,11.1206,0.4915,18.0616,15.5742,14.2561,13.6333,8
2460383.878757,-15.6253,1.1617,18.0616,15.5742,14.2561,13.6333,8
2460383.906237,-1.8157,11.0341,18.0616,15.5742,14.2561,13.6333,8
2460384.812937,-33.8579,-0.8713,18.0616,15.5742,14.2561,13.6333,8
2460384.830207,-23.4738,-8.4429,18.0616,15.5742,14.2561,13.6333,8
2460384.847047,6.5687,-2.7578,18.0616,15.5742,14.2561,13.6333,8
2460384.863957,-8.8328,-3.9287,18.0616,15.5742,14.2561,13.6333,8
2460384.910637,-4.6199,0.3610,18.0616,15.5742,14.2561,13.6333,8
2460385.849767,23.7319,-14.6890,18.0616,15.5742,14.2561,13.6333,8
2460386.804597,-1.4358,-3.0141,18.0616,15.5742,14.2561,13.6333,8
2460386.887307,-19.4437,4.7640,18.0616,15.5742,14.2561,13.6333,8
2460386.905877,-11.6953,-3.7441,18.0616,15.5742,14.2561,13.6333,8
2460387.796217,15.3088,4.0301,18.0616,15.5742,14.2561,13.6333,8
2460387.891537,6.9361,-0.6641,18.0616,15.5742,14.2561,13.6333,8
2460389.803627,-1.7325,-3.8364,18.0616,15.5742,14.2561,13.6333,8
2460389.831087,-9.7676,14.8292,18.0616,15.5742,14.2561,13.6333,8
2460389.866427,9.6500,-1.5664,18.0616,15.5742,14.2561,13.6333,8
2460389.901767,-10.3093,-0.9259,18.0616,15.5742,14.2561,13.6333,8
2460390.799967,-4.9244,-8.6428,18.0616,15.5742,14.2561,13.6333,8
2460390.817287,-2.8438,-1.3296,18.0616,15.5742,14.2561,13.6333,8
2460390.851747,18.8974,2.9237,18.0616,15.5742,14.2561,13.6333,8
2460390.869947,-8.6172,-6.8497,18.0616,15.5742,14.2561,13.6333,8
2460391.813337,14.3266,-11.8204,18.0616,15.5742,14.2561,13.6333,8
2460391.842857,2.3767,-9.0297,18.0616,15.5742,14.2561,13.6333,8
2460391.860187,5.0255,-0.0494,18.0616,15.5742,14.2561,13.6333,8
2460391.877477,21.1701,-1.7574,18.0616,15.5742,14.2561,13.6333,8
2460393.772057,-20.0079,7.1801,18.0616,15.5742,14.2561,13.6333,8
2460393.869777,-17.2618,11.0198,18.0616,15.5742,14.2561,13.6333,8
2460394.821897,-14.1168,-10.1079,18.0616,15.5742,14.2561,13.6333,8
2460394.862177,-33.6593,-10.2886,18.0616,15.5742,14.2561,13.6333,8
2460395.772217,20.2876,-3.7822,18.0616,15.5742,14.2561,13.6333,8
2460395.823827,-26.6361,-9.7734,18.0616,15.5742,14.2561,13.6333,8
2460395.827037,7.1425,2.2038,18.0616,15.5742,14.2561,13.6333,8
2460396.774667,15.1471,-1.3702,18.0616,15.5742,14.2561,13.6333,8
2460396.853407,-15.9003,4.6259,18.0616,15.5742,14.2561,13.6333,8
2460396.897567,-26.8809,7.7704,18.0616,15.5742,14.2561,13.6333,8
2460397.771027,18.8801,-2.7997,18.0616,15.5742,14.2561,13.6333,8
2460398.786777,-2.2758,-2.6738,18.0616,15.5742,14.2561,13.6333,8
2460398.803637,2.0362,1.4090,18.0616,15.5742,14.2561,13.6333,8
2460399.798517,-23.5479,4.3797,18.0616,15.5742,14.2561,13.6333,8
2460402.779127,14.8594,6.3491,18.0616,15.5742,14.2561,13.6333,8
2460402.795837,-5.4052,-17.5661,18.0616,15.5742,14.2561,13.6333,8
2460403.756267,2.7137,2.2979,18.0616,15.5742,14.2561,13.6333,8
2460403.773007,-0.8656,10.3657,18.0616,15.5742,14.2561,13.6333,8
2460403.833247,-5.8765,5.5472,18.0616,15.5742,14.2561,13.6333,8
2460404.740397,-15.2462,-2.5541,18.0616,15.5742,14.2561,13.6333,8
2460404.760857,-4.6641,13.5472,18.0616,15.5742,14.2561,13.6333,8
2460404.809097,-15.7642,-7.4426,18.0616,15.5742,14.2561,13.6333,8
2460404.827407,-3.3674,2.5851,18.0616,15.5742,14.2561,13.6333,8
2460404.904827,15.4781,-16.4846,18.0616,15.5742,14.2561,13.6333,8
2460405.769437,-7.0364,11.0051,18.0616,15.5742,14.2561,13.6333,8
2460405.813117,-1.4035,-1.4508,18.0616,15.5742,14.2561,13.6333,8
2460405.830907,1.3007,-8.6268,18.0616,15.5742,14.2561,13.6333,8
2460405.915977,-12.8463,-0.7682,18.0616,15.5742,14.2561,13.6333,8
2460406.758497,-17.9386,-11.7741,18.0616,15.5742,14.2561,13.6333,8
2460406.790917,9.0040,-4.1545,18.0616,15.5742,14.2561,13.6333,8
2460406.810367,5.5614,15.7331,18.0616,15.5742,14.2561,13.6333,8
2460406.842667,-15.8157,16.1145,18.0616,15.5742,14.2561,13.6333,8
2460406.910577,10.9119,0.3887,18.0616,15.5742,14.2561,13.6333,8
2460407.741617,-13.7883,-13.4724,18.0616,15.5742,14.2561,13.6333,8
2460407.758717,-22.7876,-11.3819,18.0616,15.5742,14.2561,13.6333,8
2460407.775967,-21.9602,-13.9384,18.0616,15.5742,14.2561,13.6333,8
2460408.807347,-24.1832,-4.6236,18.0616,15.5742,14.2561,13.6333,8
2460408.824687,3.1548,-12.4623,18.0616,15.5742,14.2561,13.6333,8
2460408.862267,-4.2188,2.2329,18.0616,15.5742,14.2561,13.6333,8
2460408.897957,-17.4385,11.7283,18.0616,15.5742,14.2561,13.6333,8
2460409.749177,-7.0510,-15.2783,18.0616,15.5742,14.2561,13.6333,8
2460409.769807,-29.2674,-2.8603,18.0616,15.5742,14.2561,13.6333,8
2460409.787787,-6.3806,-1.2545,18.0616,15.5742,14.2561,13.6333,8
2460409.814607,-17.9693,-13.9634,18.0616,15.5742,14.2561,13.6333,8
2460410.795877,-10.5251,5.6052,18.0616,15.5742,14.2561,13.6333,8
2460410.813247,-8.5343,-26.2562,18.0616,15.5742,14.2561,13.6333,8
2460410.831697,-6.8430,-0.8602,18.0616,15.5742,14.2561,13.6333,8
2460410.848877,-24.6956,19.9448,18.0616,15.5742,14.2561,13.6333,8
2460411.735177,15.2011,-21.1657,18.0616,15.5742,14.2561,13.6333,8
2460411.788137,-6.1867,3.4679,18.0616,15.5742,14.2561,13.6333,8
2460411.815637,-4.8560,0.6010,18.0616,15.5742,14.2561,13.6333,8
2460411.855167,5.8799,2.0746,18.0616,15.5742,14.2561,13.6333,8
2460411.890427,-17.7615,9.9835,18.0616,15.5742,14.2561,13.6333,8
2460411.921857,0.7275,-12.2835,18.0616,15.5742,14.2561,13.6333,8
2460416.755637,-20.0999,-23.9730,18.0616,15.5742,14.2561,13.6333,8
2460416.849727,-20.6238,-3.0096,18.0616,15.5742,14.2561,13.6333,8
2460416.867767,-3.3963,3.6029,18.0616,15.5742,14.2561,13.6333,8
2460416.886427,-1.7405,11.8541,18.0616,15.5742,14.2561,13.6333,8
2460417.719327,7.5911,-19.4510,18.0616,15.5742,14.2561,13.6333,8
2460417.739837,-12.1548,10.5239,18.0616,15.5742,14.2561,13.6333,8
2460417.756907,-6.3888,2.5675,18.0616,15.5742,14.2561,13.6333,8
2460417.774177,6.1084,9.6215,18.0616,15.5742,14.2561,13.6333,8
2460417.791097,-8.1809,4.9557,18.0616,15.5742,14.2561,13.6333,8
2460417.818577,-8.2976,17.9515,18.0616,15.5742,14.2561,13.6333,8
2460417.852267,-21.0323,-5.4591,18.0616,15.5742,14.2561,13.6333,8
2460417.868957,-15.1179,-1.0344,18.0616,15.5742,14.2561,13.6333,8
2460418.718947,12.8381,-22.9748,18.0616,15.5742,14.2561,13.6333,8
2460418.754737,16.3059,-7.7840,18.0616,15.5742,14.2561,13.6333,8
2460419.697677,4.7360,-22.4091,18.0616,15.5742,14.2561,13.6333,8
2460419.714517,8.0509,-3.1236,18.0616,15.5742,14.2561,13.6333,8
2460419.732557,-11.6515,2.2511,18.0616,15.5742,14.2561,13.6333,8
2460419.749947,2.7100,-18.7823,18.0616,15.5742,14.2561,13.6333,8
2460420.700547,7.0340,17.4631,18.0616,15.5742,14.2561,13.6333,8
2460420.720417,18.9340,-14.1029,18.0616,15.5742,14.2561,13.6333,8
2460420.737057,6.0957,-2.0696,18.0616,15.5742,14.2561,13.6333,8
2460420.819457,-2.0422,8.0296,18.0616,15.5742,14.2561,13.6333,8
2460420.919277,-19.2427,1.1940,18.0616,15.5742,14.2561,13.6333,8
2460423.725797,6.2057,-14.3740,18.0616,15.5742,14.2561,13.6333,8
2460423.845797,-0.3106,-12.2057,18.0616,15.5742,14.2561,13.6333,8
2460423.876717,-1.9085,-16.4166,18.0616,15.5742,14.2561,13.6333,8
2460423.893727,6.3032,-14.4816,18.0616,15.5742,14.2561,13.6333,8
2460423.911447,-3.8842,1.6207,18.0616,15.5742,14.2561,13.6333,8
2460424.797497,7.2491,17.8150,18.0616,15.5742,14.2561,13.6333,8
2460424.865187,8.7933,-7.5715,18.0616,15.5742,14.2561,13.6333,8
2460425.690807,3.8026,-37.0543,18.0616,15.5742,14.2561,13.6333,8
2460426.918707,22.6364,-13.6709,18.0616,15.5742,14.2561,13.6333,8
2460432.734767,-21.6840,-23.3863,18.0616,15.5742,14.2561,13.6333,8
2460432.817597,14.2585,-40.8485,18.0616,15.5742,14.2561,13.6333,8
2460432.878547,21.9425,-42.7538,18.0616,15.5742,14.2561,13.6333,8
2460433.761347,-12.0734,-16.0453,18.0616,15.5742,14.2561,13.6333,8
2460433.777977,-26.6750,8.2262,18.0616,15.5742,14.2561,13.6333,8
2460433.805387,-29.2922,-34.4675,18.0616,15.5742,14.2561,13.6333,8
2460433.825937,-30.7224,0.8299,18.0616,15.5742,14.2561,13.6333,8
2460433.843467,3.6489,10.7982,18.0616,15.5742,14.2561,13.6333,8
2460434.731827,15.8790,-7.4199,18.0616,15.5742,14.2561,13.6333,8
2460434.748997,-15.8525,1.1908,18.0616,15.5742,14.2561,13.6333,8
2460434.753057,21.1900,-10.1079,18.0616,15.5742,14.2561,13.6333,8
2460434.769747,-29.9820,-15.1145,18.0616,15.5742,14.2561,13.6333,8
2460434.786687,-1.6226,-19.8361,18.0616,15.5742,14.2561,13.6333,8
2460434.803657,-20.9048,-14.6301,18.0616,15.5742,14.2561,13.6333,8
2460434.842797,-24.7767,-8.0540,18.0616,15.5742,14.2561,13.6333,8
2460434.859257,-21.1526,-27.0364,18.0616,15.5742,14.2561,13.6333,8
2460434.876227,-11.4648,7.9692,18.0616,15.5742,14.2561,13.6333,8
2460434.892827,-24.0073,15.1088,18.0616,15.5742,14.2561,13.6333,8
2460435.806697,2.7232,-2.5325,18.0616,15.5742,14.2561,13.6333,8
2460435.868597,2.6066,-20.4322,18.0616,15.5742,14.2561,13.6333,8
2460435.888437,-2.9295,-18.1634,18.0616,15.5742,14.2561,13.6333,8
2460436.717267,-5.2346,-12.7296,18.0616,15.5742,14.2561,13.6333,8
2460436.736907,-17.3400,16.6794,18.0616,15.5742,14.2561,13.6333,8
2460436.753677,-34.7503,-11.3608,18.0616,15.5742,14.2561,13.6333,8
2460436.780577,-13.8834,-14.5655,18.0616,15.5742,14.2561,13.6333,8
2460436.799037,-6.1225,16.0105,18.0616,15.5742,14.2561,13.6333,8
2460436.815427,-3.0201,12.2758,18.0616,15.5742,14.2561,13.6333,8
2460436.853067,-10.0696,10.0417,18.0616,15.5742,14.2561,13.6333,8
2460436.875027,-8.8624,-40.3324,18.0616,15.5742,14.2561,13.6333,8
2460436.902247,16.8103,-18.2200,18.0616,15.5742,14.2561,13.6333,8
2460436.919207,22.4878,-38.3725,18.0616,15.5742,14.2561,13.6333,8
2460439.700727,-31.3267,11.1419,18.0616,15.5742,14.2561,13.6333,8
2460439.718097,1.8863,-28.9301,18.0616,15.5742,14.2561,13.6333,8
2460439.770157,-20.4861,-2.7627,18.0616,15.5742,14.2561,13.6333,8
2460439.806987,-10.5401,13.1500,18.0616,15.5742,14.2561,13.6333,8
2460439.824047,-16.0366,-2.7275,18.0616,15.5742,14.2561,13.6333,8
2460439.842467,-28.1973,15.0315,18.0616,15.5742,14.2561,13.6333,8
2460439.863287,-12.1905,-9.3742,18.0616,15.5742,14.2561,13.6333,8
2460439.867517,15.9887,-34.6639,18.0616,15.5742,14.2561,13.6333,8
2460439.881777,10.3768,-9.0082,18.0616,15.5742,14.2561,13.6333,8
2460439.927497,19.9117,-24.7270,18.0616,15.5742,14.2561,13.6333,8
2460440.723607,-17.7942,-22.1932,18.0616,15.5742,14.2561,13.6333,8
2460440.795187,20.1019,-13.1521,18.0616,15.5742,14.2561,13.6333,8
2460440.877297,5.1151,14.8083,18.0616,15.5742,14.2561,13.6333,8
2460442.785107,-5.9081,-15.8770,18.0616,15.5742,14.2561,13.6333,8
2460442.802157,-4.4768,6.1128,18.0616,15.5742,14.2561,13.6333,8
2460442.818527,-15.3517,-3.9920,18.0616,15.5742,14.2561,13.6333,8
2460442.846527,-2.0634,-18.3368,18.0616,15.5742,14.2561,13.6333,8
2460442.863657,6.5394,-19.0466,18.0616,15.5742,14.2561,13.6333,8
2460442.880597,30.2994,-32.1528,18.0616,15.5742,14.2561,13.6333,8
2460442.915897,-13.4339,-2.7789,18.0616,15.5742,14.2561,13.6333,8
2460443.845047,9.4573,-22.5706,18.0616,15.5742,14.2561,13.6333,8
2460448.792367,-17.1900,-34.7929,18.0616,15.5742,14.2561,13.6333,8
2460448.867607,5.6589,-0.1082,18.0616,15.5742,14.2561,13.6333,8
2460448.886057,-22.9091,1.0801,18.0616,15.5742,14.2561,13.6333,8
2460449.680607,-4.5661,-11.9876,18.0616,15.5742,14.2561,13.6333,8
2460449.699167,-35.5727,-6.9296,18.0616,15.5742,14.2561,13.6333,8
2460449.717527,-10.2913,8.9696,18.0616,15.5742,14.2561,13.6333,8
2460449.747477,-21.8785,-20.9195,18.0616,15.5742,14.2561,13.6333,8
2460449.854227,-18.9858,-24.8916,18.0616,15.5742,14.2561,13.6333,8
2460450.614927,8.8868,-3.7399,18.0616,15.5742,14.2561,13.6333,8
2460450.637517,-30.2340,-15.6633,18.0616,15.5742,14.2561,13.6333,8
2460457.805557,-3.6513,-31.1455,18.0616,15.5742,14.2561,13.6333,8
2460458.649717,-9.0663,4.0027,18.0616,15.5742,14.2561,13.6333,8
2460458.715287,-15.8768,-6.4656,18.0616,15.5742,14.2561,13.6333,8
2460458.750127,-13.7923,-0.3594,18.0616,15.5742,14.2561,13.6333,8
2460458.794197,1.6724,-1.6578,18.0616,15.5742,14.2561,13.6333,8
2460458.811227,-5.7160,4.8414,18.0616,15.5742,14.2561,13.6333,8
2460458.828047,-20.5399,-9.8586,18.0616,15.5742,14.2561,13.6333,8
2460458.845387,0.3813,1.1530,18.0616,15.5742,14.2561,13.6333,8
2460458.872827,-8.4542,12.8732,18.0616,15.5742,14.2561,13.6333,8
2460458.889167,-7.5070,-13.1345,18.0616,15.5742,14.2561,13.6333,8
2460459.663187,-12.2372,-3.5047,18.0616,15.5742,14.2561,13.6333,8
2460459.679797,-12.5163,12.2955,18.0616,15.5742,14.2561,13.6333,8
2460459.696737,5.1364,-19.8159,18.0616,15.5742,14.2561,13.6333,8
2460459.777637,-11.3686,0.3527,18.0616,15.5742,14.2561,13.6333,8
2460460.599117,8.9049,7.5435,18.0616,15.5742,14.2561,13.6333,8
2460460.628717,3.5979,-4.8050,18.0616,15.5742,14.2561,13.6333,8
2460460.682897,-33.9638,-5.7952,18.0616,15.5742,14.2561,13.6333,8
2460460.699487,-14.6727,-8.1824,18.0616,15.5742,14.2561,13.6333,8
2460460.761637,-28.2396,14.9561,18.0616,15.5742,14.2561,13.6333,8
2460461.614387,-17.1327,2.4927,18.0616,15.5742,14.2561,13.6333,8
2460461.632577,9.5521,-18.1937,18.0616,15.5742,14.2561,13.6333,8
2460461.652917,3.0762,-9.6496,18.0616,15.5742,14.2561,13.6333,8
2460461.672727,-6.1494,-29.7659,18.0616,15.5742,14.2561,13.6333,8
2460461.689377,-8.1943,14.0726,18.0616,15.5742,14.2561,13.6333,8
2460461.750687,-12.2436,8.3524,18.0616,15.5742,14.2561,13.6333,8
2460461.767867,-8.7980,-0.0236,18.0616,15.5742,14.2561,13.6333,8
2460461.834417,-15.6103,-2.8927,18.0616,15.5742,14.2561,13.6333,8
2460461.851337,-0.7485,-15.7824,18.0616,15.5742,14.2561,13.6333,8
2460462.614437,-9.6575,-13.4857,18.0616,15.5742,14.2561,13.6333,8
2460462.651537,-20.4518,4.8167,18.0616,15.5742,14.2561,13.6333,8
2460462.667667,-28.3497,3.2131,18.0616,15.5742,14.2561,13.6333,8
2460462.712207,-9.3119,4.2768,18.0616,15.5742,14.2561,13.6333,8
2460462.732337,-8.1448,-27.1992,18.0616,15.5742,14.2561,13.6333,8
2460462.749327,-24.9424,-3.6559,18.0616,15.5742,14.2561,13.6333,8
2460462.785187,-13.8720,-5.0469,18.0616,15.5742,14.2561,13.6333,8
2460462.831977,-14.2307,-17.3694,18.0616,15.5742,14.2561,13.6333,8
2460463.630687,-8.6494,-9.9013,18.0616,15.5742,14.2561,13.6333,8
2460463.647567,-18.5876,-12.1378,18.0616,15.5742,14.2561,13.6333,8
2460463.675067,0.2038,-28.1743,18.0616,15.5742,14.2561,13.6333,8
2460463.794577,-16.3009,4.5613,18.0616,15.5742,14.2561,13.6333,8
2460463.831977,-9.6518,2.6827,18.0616,15.5742,14.2561,13.6333,8
2460463.848857,-2.8769,15.1657,18.0616,15.5742,14.2561,13.6333,8
2460463.866297,-13.2759,-26.5601,18.0616,15.5742,14.2561,13.6333,8
2460463.893477,-19.5290,-12.9016,18.0616,15.5742,14.2561,13.6333,8
2460463.910347,-19.5496,-11.2013,18.0616,15.5742,14.2561,13.6333,8
2460464.652267,-8.4043,-3.7613,18.0616,15.5742,14.2561,13.6333,8
2460464.668327,-13.9268,-0.8731,18.0616,15.5742,14.2561,13.6333,8
2460464.685047,3.6198,-16.3440,18.0616,15.5742,14.2561,13.6333,8
2460464.701687,-9.3578,-14.2472,18.0616,15.5742,14.2561,13.6333,8
2460464.718447,-0.0726,-5.5019,18.0616,15.5742,14.2561,13.6333,8
2460464.763597,-19.5979,-23.4349,18.0616,15.5742,14.2561,13.6333,8
2460464.780527,-19.5033,-5.1622,18.0616,15.5742,14.2561,13.6333,8
2460464.846177,-14.3352,-2.9449,18.0616,15.5742,14.2561,13.6333,8
2460464.881817,-4.6558,1.1259,18.0616,15.5742,14.2561,13.6333,8
2460468.566467,-10.7289,-0.2899,18.0616,15.5742,14.2561,13.6333,8
2460468.587267,6.5937,-13.4367,18.0616,15.5742,14.2561,13.6333,8
2460468.625697,-25.5990,-18.9728,18.0616,15.5742,14.2561,13.6333,8
2460468.652897,-18.3199,-16.8361,18.0616,15.5742,14.2561,13.6333,8
2460468.705147,-14.7116,-13.6674,18.0616,15.5742,14.2561,13.6333,8
2460468.721977,-22.5162,-11.5822,18.0616,15.5742,14.2561,13.6333,8
2460468.787107,-9.1663,-1.4103,18.0616,15.5742,14.2561,13.6333,8
2460468.803617,-14.9369,-20.4678,18.0616,15.5742,14.2561,13.6333,8
2460468.820387,-4.2592,9.9414,18.0616,15.5742,14.2561,13.6333,8
2460468.837107,-19.9348,1.2094,18.0616,15.5742,14.2561,13.6333,8
2460469.622017,-22.5375,-2.6273,18.0616,15.5742,14.2561,13.6333,8
2460469.655697,-2.9201,9.7325,18.0616,15.5742,14.2561,13.6333,8
2460469.673727,-8.9760,-19.4160,18.0616,15.5742,14.2561,13.6333,8
2460469.718337,-13.0961,1.4743,18.0616,15.5742,14.2561,13.6333,8
2460469.775227,-2.3828,-2.5461,18.0616,15.5742,14.2561,13.6333,8
2460469.837497,-24.9987,-8.6891,18.0616,15.5742,14.2561,13.6333,8
2460469.855727,-25.3968,-18.3211,18.0616,15.5742,14.2561,13.6333,8
2460469.872727,11.4134,5.0574,18.0616,15.5742,14.2561,13.6333,8
2460469.889337,-0.9295,-14.2131,18.0616,15.5742,14.2561,13.6333,8
2460473.652707,-15.4288,7.6394,18.0616,15.5742,14.2561,13.6333,8
2460473.669567,-11.6592,-12.4718,18.0616,15.5742,14.2561,13.6333,8
2460473.705167,-13.4651,-12.0779,18.0616,15.5742,14.2561,13.6333,8
2460473.741647,-30.5094,13.8036,18.0616,15.5742,14.2561,13.6333,8
2460473.759697,-30.4662,7.0252,18.0616,15.5742,14.2561,13.6333,8
2460473.781057,-13.7296,8.3362,18.0616,15.5742,14.2561,13.6333,8
2460477.659847,-1.3519,-20.1627,18.0616,15.5742,14.2561,13.6333,8
2460477.742877,-24.8988,-8.5255,18.0616,15.5742,14.2561,13.6333,8
2460477.764987,-1.4305,-32.8431,18.0616,15.5742,14.2561,13.6333,8
2460477.828517,-6.2096,-6.7802,18.0616,15.5742,14.2561,13.6333,8
2460477.848867,8.7789,-15.4356,18.0616,15.5742,14.2561,13.6333,8
2460479.690957,-19.8567,-9.0608,18.0616,15.5742,14.2561,13.6333,8
2460479.707867,2.3924,-6.4015,18.0616,15.5742,14.2561,13.6333,8
2460479.724737,0.9319,-20.7816,18.0616,15.5742,14.2561,13.6333,8
2460479.749207,-29.4177,4.9657,18.0616,15.5742,14.2561,13.6333,8
2460479.780697,-8.6509,-4.6498,18.0616,15.5742,14.2561,13.6333,8
2460479.800817,-7.4689,-21.7515,18.0616,15.5742,14.2561,13.6333,8
2460479.820377,-19.1638,-5.0201,18.0616,15.5742,14.2561,13.6333,8
2460479.837107,-34.4803,-2.7490,18.0616,15.5742,14.2561,13.6333,8
2460480.601807,2.0160,-34.2625,18.0616,15.5742,14.2561,13.6333,8
2460481.594707,-5.3671,-2.7031,18.0616,15.5742,14.2561,13.6333,8
2460481.647157,-18.7374,11.7892,18.0616,15.5742,14.2561,13.6333,8
2460481.694887,-11.6626,-6.4406,18.0616,15.5742,14.2561,13.6333,8
2460481.711647,-4.1872,-10.6989,18.0616,15.5742,14.2561,13.6333,8
2460481.728147,-8.6552,-2.2088,18.0616,15.5742,14.2561,13.6333,8
2460481.772647,13.4243,-23.5877,18.0616,15.5742,14.2561,13.6333,8
2460481.825847,-19.9756,-13.7626,18.0616,15.5742,14.2561,13.6333,8
2460481.846617,0.1792,-8.5939,18.0616,15.5742,14.2561,13.6333,8
2460485.789117,-4.1965,-15.2482,18.0616,15.5742,14.2561,13.6333,8
2460486.609487,-11.8988,-26.3976,18.0616,15.5742,14.2561,13.6333,8
2460486.627967,-14.6078,-31.9816,18.0616,15.5742,14.2561,13.6333,8
2460486.684247,-20.6328,-8.7623,18.0616,15.5742,14.2561,13.6333,8
2460486.713287,12.3101,-31.6484,18.0616,15.5742,14.2561,13.6333,8
2460486.747767,-28.9860,-20.0768,18.0616,15.5742,14.2561,13.6333,8
2460486.764747,-17.8866,-18.3943,18.0616,15.5742,14.2561,13.6333,8
2460486.781657,-25.9931,-16.8827,18.0616,15.5742,14.2561,13.6333,8
2460487.639557,-27.6063,-21.8689,18.0616,15.5742,14.2561,13.6333,8
2460488.628257,-27.1546,15.0133,18.0616,15.5742,14.2561,13.6333,8
2460488.656477,-30.2257,-7.4742,18.0616,15.5742,14.2561,13.6333,8
2460488.715167,-15.3615,-19.1317,18.0616,15.5742,14.2561,13.6333,8
2460490.505857,-28.6458,-6.1916,18.0616,15.5742,14.2561,13.6333,8
2460490.553667,-32.3589,-5.9709,18.0616,15.5742,14.2561,13.6333,8
2460490.586987,-23.2962,-12.7882,18.0616,15.5742,14.2561,13.6333,8
2460490.609717,-13.2341,-8.4516,18.0616,15.5742,14.2561,13.6333,8
2460490.721477,-15.2304,-3.0062,18.0616,15.5742,14.2561,13.6333,8
2460490.789537,8.7731,-14.7880,18.0616,15.5742,14.2561,13.6333,8
2460490.806497,-29.8166,11.3329,18.0616,15.5742,14.2561,13.6333,8
2460490.823087,-18.0103,12.9363,18.0616,15.5742,14.2561,13.6333,8
2460491.636857,-7.2613,-1.3914,18.0616,15.5742,14.2561,13.6333,8
2460491.655157,-5.1649,13.9175,18.0616,15.5742,14.2561,13.6333,8
2460491.708147,-6.5980,4.9051,18.0616,15.5742,14.2561,13.6333,8
2460491.752237,-13.3253,1.7993,18.0616,15.5742,14.2561,13.6333,8
2460491.768747,-24.4776,6.2308,18.0616,15.5742,14.2561,13.6333,8
2460492.515067,3.4928,-2.6019,18.0616,15.5742,14.2561,13.6333,8
2460492.550947,-6.5395,-4.1042,18.0616,15.5742,14.2561,13.6333,8
2460492.577997,-3.8145,-9.9436,18.0616,15.5742,14.2561,13.6333,8
2460492.594577,-22.9583,-15.7859,18.0616,15.5742,14.2561,13.6333,8
2460492.611007,-11.1837,-13.6649,18.0616,15.5742,14.2561,13.6333,8
2460492.744127,-14.4835,13.4302,18.0616,15.5742,14.2561,13.6333,8
2460492.763997,-1.9320,-9.2563,18.0616,15.5742,14.2561,13.6333,8
2460492.792817,0.8208,-24.7636,18.0616,15.5742,14.2561,13.6333,8
2460493.504137,4.1627,-40.9443,18.0616,15.5742,14.2561,13.6333,8
2460493.533097,-10.2827,-15.3406,18.0616,15.5742,14.2561,13.6333,8
2460493.600987,-20.1262,-31.5053,18.0616,15.5742,14.2561,13.6333,8
2460493.649247,-23.2459,12.1313,18.0616,15.5742,14.2561,13.6333,8
2460493.668827,-10.5989,7.3419,18.0616,15.5742,14.2561,13.6333,8
2460493.703197,-7.9254,22.1343,18.0616,15.5742,14.2561,13.6333,8
2460493.730587,-4.8598,-3.2263,18.0616,15.5742,14.2561,13.6333,8
2460493.763997,-4.2143,-28.7232,18.0616,15.5742,14.2561,13.6333,8
2460493.796577,-2.4452,-6.9098,18.0616,15.5742,14.2561,13.6333,8
2460493.813287,8.9618,-28.5819,18.0616,15.5742,14.2561,13.6333,8
2460494.500787,-18.2214,-32.8119,18.0616,15.5742,14.2561,13.6333,8
2460494.517467,-3.1490,-41.7760,18.0616,15.5742,14.2561,13.6333,8
2460494.589417,-28.5545,2.6642,18.0616,15.5742,14.2561,13.6333,8
2460494.606407,-0.5693,13.3095,18.0616,15.5742,14.2561,13.6333,8
2460494.625967,-28.3781,-12.6182,18.0616,15.5742,14.2561,13.6333,8
2460494.708167,-20.9507,-5.2991,18.0616,15.5742,14.2561,13.6333,8
2460494.745987,-33.0670,11.3304,18.0616,15.5742,14.2561,13.6333,8
2460494.780587,3.2204,-1.8846,18.0616,15.5742,14.2561,13.6333,8
2460494.807437,-0.2473,-0.6660,18.0616,15.5742,14.2561,13.6333,8
2460495.584197,-8.5349,-22.7213,18.0616,15.5742,14.2561,13.6333,8
2460495.600667,-7.0360,-16.7476,18.0616,15.5742,14.2561,13.6333,8
2460495.695697,-3.9183,-36.8973,18.0616,15.5742,14.2561,13.6333,8
2460496.549037,5.0463,-5.8255,18.0616,15.5742,14.2561,13.6333,8
2460496.565447,-16.9945,-7.0772,18.0616,15.5742,14.2561,13.6333,8
2460496.582177,-0.4318,-29.8815,18.0616,15.5742,14.2561,13.6333,8
2460496.679697,-9.4209,-12.1776,18.0616,15.5742,14.2561,13.6333,8
2460496.696857,-4.7817,-8.6398,18.0616,15.5742,14.2561,13.6333,8
2460496.713587,-23.6801,8.9086,18.0616,15.5742,14.2561,13.6333,8
2460496.740737,16.3161,-6.0685,18.0616,15.5742,14.2561,13.6333,8
2460496.758767,14.3775,-25.9176,18.0616,15.5742,14.2561,13.6333,8
2460496.775987,-11.5827,-4.3138,18.0616,15.5742,14.2561,13.6333,8
2460496.792347,-10.3084,-5.6428,18.0616,15.5742,14.2561,13.6333,8
2460496.809357,-1.7255,0.7424,18.0616,15.5742,14.2561,13.6333,8
2460497.489377,9.2072,-34.1272,18.0616,15.5742,14.2561,13.6333,8
2460497.505697,-21.2633,-34.9219,18.0616,15.5742,14.2561,13.6333,8
2460497.523447,-0.4331,-10.0967,18.0616,15.5742,14.2561,13.6333,8
2460497.542097,-4.2880,-16.1631,18.0616,15.5742,14.2561,13.6333,8
2460497.560307,-9.5259,-0.6257,18.0616,15.5742,14.2561,13.6333,8
2460497.576907,-4.4929,8.9981,18.0616,15.5742,14.2561,13.6333,8
2460497.639017,-15.9931,0.3153,18.0616,15.5742,14.2561,13.6333,8
2460497.656477,-18.0281,-8.0289,18.0616,15.5742,14.2561,13.6333,8
2460497.702377,-11.1614,9.6733,18.0616,15.5742,14.2561,13.6333,8
2460497.719237,-7.2442,22.0089,18.0616,15.5742,14.2561,13.6333,8
2460497.735747,-7.0214,20.9167,18.0616,15.5742,14.2561,13.6333,8
2460497.752547,-3.2845,-13.9614,18.0616,15.5742,14.2561,13.6333,8
2460497.769327,3.0018,-17.7435,18.0616,15.5742,14.2561,13.6333,8
2460497.797917,-20.6242,11.8060,18.0616,15.5742,14.2561,13.6333,8
2460497.818897,-10.9990,-22.4616,18.0616,15.5742,14.2561,13.6333,8
2460498.488997,16.0031,-31.3602,18.0616,15.5742,14.2561,13.6333,8
2460498.508907,8.5093,-8.7136,18.0616,15.5742,14.2561,13.6333,8
2460498.557357,-8.9487,-10.4401,18.0616,15.5742,14.2561,13.6333,8
2460498.574467,-9.6468,3.7902,18.0616,15.5742,14.2561,13.6333,8
2460498.644097,-23.1690,-7.3924,18.0616,15.5742,14.2561,13.6333,8
2460498.691407,15.5826,7.0581,18.0616,15.5742,14.2561,13.6333,8
2460498.725527,7.4169,-1.5865,18.0616,15.5742,14.2561,13.6333,8
2460498.742107,13.3069,0.0754,18.0616,15.5742,14.2561,13.6333,8
2460498.787167,-2.9523,22.4612,18.0616,15.5742,14.2561,13.6333,8
2460498.803887,-3.8485,7.7599,18.0616,15.5742,14.2561,13.6333,8
2460499.479517,-7.3047,-42.1900,18.0616,15.5742,14.2561,13.6333,8
2460499.498277,-20.4710,-9.0037,18.0616,15.5742,14.2561,13.6333,8
2460499.526137,-1.6268,18.7393,18.0616,15.5742,14.2561,13.6333,8
2460499.771047,7.2489,22.2318,18.0616,15.5742,14.2561,13.6333,8
2460499.810077,-14.6009,1.9251,18.0616,15.5742,14.2561,13.6333,8
2460500.530037,5.1809,0.2978,18.0616,15.5742,14.2561,13.6333,8
2460500.546437,5.5784,10.4536,18.0616,15.5742,14.2561,13.6333,8
2460500.568377,-24.0752,-29.9212,18.0616,15.5742,14.2561,13.6333,8
2460500.584957,-21.8801,3.8062,18.0616,15.5742,14.2561,13.6333,8
2460500.601577,-11.8332,8.3366,18.0616,15.5742,14.2561,13.6333,8
2460500.629317,-12.4227,-9.1140,18.0616,15.5742,14.2561,13.6333,8
2460500.646987,-12.4931,-20.8358,18.0616,15.5742,14.2561,13.6333,8
2460500.684867,-20.9647,5.8141,18.0616,15.5742,14.2561,13.6333,8
2460500.753587,5.2936,-23.0250,18.0616,15.5742,14.2561,13.6333,8
2460500.770327,-32.8279,-23.3994,18.0616,15.5742,14.2561,13.6333,8
2460500.788627,-16.7327,-14.9934,18.0616,15.5742,14.2561,13.6333,8
2460501.538247,-38.1765,-6.4743,18.0616,15.5742,14.2561,13.6333,8
2460501.576747,11.3965,8.2264,18.0616,15.5742,14.2561,13.6333,8
2460501.620317,-33.8768,18.0738,18.0616,15.5742,14.2561,13.6333,8
2460501.637567,-23.7136,-35.6640,18.0616,15.5742,14.2561,13.6333,8
2460501.656087,-4.7428,21.4562,18.0616,15.5742,14.2561,13.6333,8
2460501.699617,-33.3909,-35.8002,18.0616,15.5742,14.2561,13.6333,8
2460502.578917,14.8139,-35.1688,18.0616,15.5742,14.2561,13.6333,8
2460502.632437,3.1775,-3.2149,18.0616,15.5742,14.2561,13.6333,8
2460503.540427,-22.9414,-35.2619,18.0616,15.5742,14.2561,13.6333,8
2460503.611027,1.9182,5.4532,18.0616,15.5742,14.2561,13.6333,8
2460503.639467,-20.9177,-7.1151,18.0616,15.5742,14.2561,13.6333,8
2460503.657017,-33.6306,-20.1689,18.0616,15.5742,14.2561,13.6333,8
2460503.673447,-6.7975,7.9084,18.0616,15.5742,14.2561,13.6333,8
2460503.691477,-11.1682,-22.9526,18.0616,15.5742,14.2561,13.6333,8
2460503.708427,2.3538,1.1362,18.0616,15.5742,14.2561,13.6333,8
2460503.753637,16.6383,-31.8891,18.0616,15.5742,14.2561,13.6333,8
2460503.770307,-21.5351,-10.6535,18.0616,15.5742,14.2561,13.6333,8
2460504.551227,-23.5604,-21.4775,18.0616,15.5742,14.2561,13.6333,8
2460504.568077,-25.8871,-17.5843,18.0616,15.5742,14.2561,13.6333,8
2460504.612637,-15.7575,-32.6292,18.0616,15.5742,14.2561,13.6333,8
2460504.647917,-12.9645,-6.4310,18.0616,15.5742,14.2561,13.6333,8
2460504.665037,-9.0808,2.0106,18.0616,15.5742,14.2561,13.6333,8
2460504.681827,-18.2673,-23.4370,18.0616,15.5742,14.2561,13.6333,8
2460504.713187,-33.1082,-34.4223,18.0616,15.5742,14.2561,13.6333,8
2460504.766997,-23.9371,-31.8070,18.0616,15.5742,14.2561,13.6333,8
2460504.783737,-14.3327,-21.4301,18.0616,15.5742,14.2561,13.6333,8
2460505.527757,-31.6744,0.6173,18.0616,15.5742,14.2561,13.6333,8
2460505.576377,-17.8826,-7.6416,18.0616,15.5742,14.2561,13.6333,8
2460505.593117,-2.5774,-7.5969,18.0616,15.5742,14.2561,13.6333,8
2460505.610017,-25.5381,3.2845,18.0616,15.5742,14.2561,13.6333,8
2460505.651887,-14.6915,-11.5728,18.0616,15.5742,14.2561,13.6333,8
2460505.672247,-2.8654,6.8143,18.0616,15.5742,14.2561,13.6333,8
2460505.688957,-14.5802,-0.5228,18.0616,15.5742,14.2561,13.6333,8
2460505.733317,-14.5449,11.8899,18.0616,15.5742,14.2561,13.6333,8
2460505.750957,-12.8010,6.5739,18.0616,15.5742,14.2561,13.6333,8
2460505.768097,9.9038,-13.1922,18.0616,15.5742,14.2561,13.6333,8
2460506.517777,-9.3993,-5.1776,18.0616,15.5742,14.2561,13.6333,8
2460506.534747,-19.1029,-14.3989,18.0616,15.5742,14.2561,13.6333,8
2460506.568447,-16.3858,-23.5996,18.0616,15.5742,14.2561,13.6333,8
2460506.604917,-5.4242,9.9368,18.0616,15.5742,14.2561,13.6333,8
2460506.624827,-29.7687,3.8167,18.0616,15.5742,14.2561,13.6333,8
2460506.674017,-17.1701,11.6077,18.0616,15.5742,14.2561,13.6333,8
2460506.693287,-12.5224,-0.0737,18.0616,15.5742,14.2561,13.6333,8
2460506.723337,1.2654,-18.3420,18.0616,15.5742,14.2561,13.6333,8
2460506.757027,-13.2931,17.7689,18.0616,15.5742,14.2561,13.6333,8
2460506.776407,-3.9895,2.5561,18.0616,15.5742,14.2561,13.6333,8
2460507.484727,-3.3419,13.1911,18.0616,15.5742,14.2561,13.6333,8
2460507.519257,-26.8767,9.0413,18.0616,15.5742,14.2561,13.6333,8
2460507.535787,1.0177,-12.8274,18.0616,15.5742,14.2561,13.6333,8
2460507.639417,-26.8665,4.1013,18.0616,15.5742,14.2561,13.6333,8
2460507.655757,-17.2894,-6.6343,18.0616,15.5742,14.2561,13.6333,8
2460507.685397,-25.3530,4.9014,18.0616,15.5742,14.2561,13.6333,8
2460507.720077,-8.2868,-22.8459,18.0616,15.5742,14.2561,13.6333,8
2460507.736997,8.4043,-16.2954,18.0616,15.5742,14.2561,13.6333,8
2460508.615787,16.7138,-16.0475,18.0616,15.5742,14.2561,13.6333,8
2460508.651817,-15.8788,6.7042,18.0616,15.5742,14.2561,13.6333,8
2460508.668317,17.0467,-0.0371,18.0616,15.5742,14.2561,13.6333,8
2460508.695687,-27.0227,-18.9311,18.0616,15.5742,14.2561,13.6333,8
2460508.712287,-1.7778,3.5194,18.0616,15.5742,14.2561,13.6333,8
2460508.755227,2.5660,-26.3151,18.0616,15.5742,14.2561,13.6333,8
2460508.771827,11.3842,-17.9298,18.0616,15.5742,14.2561,13.6333,8
2460509.641827,-18.6549,-3.3514,18.0616,15.5742,14.2561,13.6333,8
2460509.676897,9.7287,-18.6571,18.0616,15.5742,14.2561,13.6333,8
2460509.704107,4.8127,-17.2006,18.0616,15.5742,14.2561,13.6333,8
2460509.720557,-26.0658,-16.0738,18.0616,15.5742,14.2561,13.6333,8
2460509.737227,6.4618,-8.8593,18.0616,15.5742,14.2561,13.6333,8
2460515.581167,-1.8284,-19.0866,18.0616,15.5742,14.2561,13.6333,8
2460516.549287,7.1307,-1.8408,18.0616,15.5742,14.2561,13.6333,8
2460516.566387,-44.7054,-28.7731,18.0616,15.5742,14.2561,13.6333,8
2460516.583547,-45.5440,19.6982,18.0616,15.5742,14.2561,13.6333,8
2460516.606227,-3.3570,-14.2715,18.0616,15.5742,14.2561,13.6333,8
2460516.691347,-37.4110,-9.3327,18.0616,15.5742,14.2561,13.6333,8
2460516.707887,-34.4197,-24.8958,18.0616,15.5742,14.2561,13.6333,8
2460516.731637,8.1081,-8.4986,18.0616,15.5742,14.2561,13.6333,8
2460517.468857,-15.5079,-34.4639,18.0616,15.5742,14.2561,13.6333,8
2460517.603727,-29.3261,4.8584,18.0616,15.5742,14.2561,13.6333,8
2460517.620847,-35.4403,-24.5740,18.0616,15.5742,14.2561,13.6333,8
2460517.637637,-27.6837,-17.2607,18.0616,15.5742,14.2561,13.6333,8
2460517.664987,-40.5954,-8.5091,18.0616,15.5742,14.2561,13.6333,8
2460517.681797,-33.5504,8.6005,18.0616,15.5742,14.2561,13.6333,8
2460517.700157,-15.4654,-6.2703,18.0616,15.5742,14.2561,13.6333,8
2460517.717467,-34.6467,18.9466,18.0616,15.5742,14.2561,13.6333,8
2460517.734487,-16.7484,9.0239,18.0616,15.5742,14.2561,13.6333,8
2460518.477447,-17.1052,2.6161,18.0616,15.5742,14.2561,13.6333,8
2460518.498687,-19.2592,-17.6718,18.0616,15.5742,14.2561,13.6333,8
2460518.532227,-21.2146,-7.5082,18.0616,15.5742,14.2561,13.6333,8
2460518.597997,-1.8526,2.3444,18.0616,15.5742,14.2561,13.6333,8
2460518.631537,-24.0941,-5.6517,18.0616,15.5742,14.2561,13.6333,8
2460518.695767,3.4488,9.2954,18.0616,15.5742,14.2561,13.6333,8
2460518.712147,0.0715,5.6804,18.0616,15.5742,14.2561,13.6333,8
2460518.745677,13.9271,12.7207,18.0616,15.5742,14.2561,13.6333,8
2460519.484707,-34.0428,14.2052,18.0616,15.5742,14.2561,13.6333,8
2460519.501217,-16.0739,-14.1600,18.0616,15.5742,14.2561,13.6333,8
2460519.521477,-13.0266,-1.8869,18.0616,15.5742,14.2561,13.6333,8
2460519.540247,-15.6149,-4.6033,18.0616,15.5742,14.2561,13.6333,8
2460519.572057,-16.7952,-5.6918,18.0616,15.5742,14.2561,13.6333,8
2460519.623787,-24.8231,13.0025,18.0616,15.5742,14.2561,13.6333,8
2460519.673757,-11.1511,17.0402,18.0616,15.5742,14.2561,13.6333,8
2460519.710417,-8.1904,-6.6975,18.0616,15.5742,14.2561,13.6333,8
2460520.555697,-13.0281,-3.9216,18.0616,15.5742,14.2561,13.6333,8
2460520.584637,-2.4463,-3.1215,18.0616,15.5742,14.2561,13.6333,8
2460520.601827,-16.9602,-21.1637,18.0616,15.5742,14.2561,13.6333,8
2460520.618577,-3.7133,-18.9208,18.0616,15.5742,14.2561,13.6333,8
2460520.635377,-11.8673,-6.3039,18.0616,15.5742,14.2561,13.6333,8
2460520.652677,-29.2217,-0.2477,18.0616,15.5742,14.2561,13.6333,8
2460520.683727,-12.8302,8.0942,18.0616,15.5742,14.2561,13.6333,8
2460521.486787,-10.3585,-5.4263,18.0616,15.5742,14.2561,13.6333,8
2460521.503387,-16.8055,10.2269,18.0616,15.5742,14.2561,13.6333,8
2460521.520607,-12.1778,-5.2525,18.0616,15.5742,14.2561,13.6333,8
2460521.537197,-12.7007,-14.1078,18.0616,15.5742,14.2561,13.6333,8
2460521.574357,-4.1509,-6.4122,18.0616,15.5742,14.2561,13.6333,8
2460521.638327,-23.7974,-3.7993,18.0616,15.5742,14.2561,13.6333,8
2460521.654987,-38.8753,-15.0939,18.0616,15.5742,14.2561,13.6333,8
2460521.671927,-4.3682,12.9560,18.0616,15.5742,14.2561,13.6333,8
2460521.710197,-18.0788,5.2118,18.0616,15.5742,14.2561,13.6333,8
2460521.727407,-19.9832,6.0783,18.0616,15.5742,14.2561,13.6333,8
2460521.744137,-7.0260,-13.8084,18.0616,15.5742,14.2561,13.6333,8
2460528.502887,-25.2943,-33.9266,18.0616,15.5742,14.2561,13.6333,8
2460528.544477,20.8664,11.4218,18.0616,15.5742,14.2561,13.6333,8
2460530.606507,-25.0294,-9.8020,18.0616,15.5742,14.2561,13.6333,8
2460530.625257,-8.4306,-7.2963,18.0616,15.5742,14.2561,13.6333,8
2460530.652177,-2.7226,-5.7306,18.0616,15.5742,14.2561,13.6333,8
2460532.468787,-8.3461,9.3290,18.0616,15.5742,14.2561,13.6333,8
2460532.485457,-12.4936,-5.4574,18.0616,15.5742,14.2561,13.6333,8
2460532.502147,-9.4010,-8.7795,18.0616,15.5742,14.2561,13.6333,8
2460532.523167,-14.0005,-1.5972,18.0616,15.5742,14.2561,13.6333,8
2460532.567227,-19.6284,-6.6012,18.0616,15.5742,14.2561,13.6333,8
2460532.602227,-20.1570,-6.3083,18.0616,15.5742,14.2561,13.6333,8
2460532.620697,-17.0764,-2.1383,18.0616,15.5742,14.2561,13.6333,8
2460532.637697,2.5161,5.0075,18.0616,15.5742,14.2561,13.6333,8
2460532.665387,4.7687,3.8730,18.0616,15.5742,14.2561,13.6333,8
2460532.682037,-4.6199,6.6895,18.0616,15.5742,14.2561,13.6333,8
2460532.699257,7.4177,-20.5325,18.0616,15.5742,14.2561,13.6333,8
2460532.717637,-25.3789,20.7143,18.0616,15.5742,14.2561,13.6333,8
2460533.475917,-1.0522,-34.4690,18.0616,15.5742,14.2561,13.6333,8
2460533.503627,-10.5917,-1.9766,18.0616,15.5742,14.2561,13.6333,8
2460533.629737,-17.1359,14.8955,18.0616,15.5742,14.2561,13.6333,8
2460533.646637,-15.8282,-4.4574,18.0616,15.5742,14.2561,13.6333,8
2460533.663267,-29.8329,5.6365,18.0616,15.5742,14.2561,13.6333,8
2460534.480317,-1.6817,-7.3947,18.0616,15.5742,14.2561,13.6333,8
2460534.497627,-6.6111,-8.9047,18.0616,15.5742,14.2561,13.6333,8
2460534.514747,-16.1187,-2.6487,18.0616,15.5742,14.2561,13.6333,8
2460534.531837,-16.6833,-10.1832,18.0616,15.5742,14.2561,13.6333,8
2460534.577587,-31.3090,-0.0013,18.0616,15.5742,14.2561,13.6333,8
2460534.594897,-34.0755,-15.9801,18.0616,15.5742,14.2561,13.6333,8
2460534.611507,-16.5780,-10.1780,18.0616,15.5742,14.2561,13.6333,8
2460534.630357,-14.6949,-1.2502,18.0616,15.5742,14.2561,13.6333,8
2460534.647297,-32.6324,2.6156,18.0616,15.5742,14.2561,13.6333,8
2460535.504037,-8.3447,-2.1009,18.0616,15.5742,14.2561,13.6333,8
2460535.533707,-29.0485,-20.1921,18.0616,15.5742,14.2561,13.6333,8
2460535.550657,-11.5993,-20.2572,18.0616,15.5742,14.2561,13.6333,8
2460535.673017,-1.9591,-6.6339,18.0616,15.5742,14.2561,13.6333,8
2460536.475327,17.5347,-4.3953,18.0616,15.5742,14.2561,13.6333,8
2460536.536707,-12.3031,2.3978,18.0616,15.5742,14.2561,13.6333,8
2460536.596487,-17.7919,-13.4024,18.0616,15.5742,14.2561,13.6333,8
2460536.641167,-5.0843,-29.1496,18.0616,15.5742,14.2561,13.6333,8
2460537.535567,-27.6057,-1.0951,18.0616,15.5742,14.2561,13.6333,8
2460542.660877,-34.0637,-40.2406,18.0616,15.5742,14.2561,13.6333,8
2460545.654327,-1.2634,-37.4442,18.0616,15.5742,14.2561,13.6333,8
2460546.565757,-6.3611,-29.9908,18.0616,15.5742,14.2561,13.6333,8
2460546.582777,-13.5462,-4.0114,18.0616,15.5742,14.2561,13.6333,8
2460546.599727,18.7745,-36.2127,18.0616,15.5742,14.2561,13.6333,8
2460547.480207,-23.5784,-14.3098,18.0616,15.5742,14.2561,13.6333,8
2460547.543037,-10.8395,11.4352,18.0616,15.5742,14.2561,13.6333,8
2460547.578897,-17.2850,17.2235,18.0616,15.5742,14.2561,13.6333,8
2460547.613897,-8.8330,11.0642,18.0616,15.5742,14.2561,13.6333,8
2460547.648887,-27.6844,-8.3186,18.0616,15.5742,14.2561,13.6333,8
2460548.607157,-7.5367,3.2427,18.0616,15.5742,14.2561,13.6333,8
2460548.624077,-13.7415,-21.5824,18.0616,15.5742,14.2561,13.6333,8
2460548.653997,-10.6579,-2.9524,18.0616,15.5742,14.2561,13.6333,8
2460548.670847,-25.7782,-13.2030,18.0616,15.5742,14.2561,13.6333,8
2460549.498317,-5.1262,12.0085,18.0616,15.5742,14.2561,13.6333,8
2460549.514977,2.7498,-25.8444,18.0616,15.5742,14.2561,13.6333,8
2460549.531977,-5.1002,10.1627,18.0616,15.5742,14.2561,13.6333,8
2460549.559367,0.0237,8.0287,18.0616,15.5742,14.2561,13.6333,8
2460549.628037,4.7911,-16.7130,18.0616,15.5742,14.2561,13.6333,8
2460549.655357,1.0871,18.5668,18.0616,15.5742,14.2561,13.6333,8
2460549.658147,-1.4668,-0.8478,18.0616,15.5742,14.2561,13.6333,8
2460549.675487,32.3434,-7.4479,18.0616,15.5742,14.2561,13.6333,8
2460550.579587,-17.8670,-21.3373,18.0616,15.5742,14.2561,13.6333,8
2460550.596467,-38.3340,3.9881,18.0616,15.5742,14.2561,13.6333,8
2460550.658037,-19.9577,-19.3550,18.0616,15.5742,14.2561,13.6333,8
2460553.539047,20.2728,10.0268,18.0616,15.5742,14.2561,13.6333,8
2460553.638637,-24.1536,-11.8336,18.0616,15.5742,14.2561,13.6333,8
2460554.471557,-17.4010,-19.3769,18.0616,15.5742,14.2561,13.6333,8
2460554.521527,-38.1406,-19.2690,18.0616,15.5742,14.2561,13.6333,8
2460554.538377,-23.2777,-4.2910,18.0616,15.5742,14.2561,13.6333,8
2460554.575557,-3.0202,-12.2393,18.0616,15.5742,14.2561,13.6333,8
2460554.592057,2.5201,-0.8983,18.0616,15.5742,14.2561,13.6333,8
2460554.641087,13.7958,-24.7016,18.0616,15.5742,14.2561,13.6333,8
2460555.475907,0.2501,-28.3930,18.0616,15.5742,14.2561,13.6333,8
2460555.493697,-10.7956,-9.7465,18.0616,15.5742,14.2561,13.6333,8
2460555.537807,2.9239,-25.6376,18.0616,15.5742,14.2561,13.6333,8
2460555.555987,-16.8885,-2.9175,18.0616,15.5742,14.2561,13.6333,8
2460555.573267,19.9975,-19.3857,18.0616,15.5742,14.2561,13.6333,8
2460555.590307,-16.8323,11.4411,18.0616,15.5742,14.2561,13.6333,8
2460555.607087,-17.6349,-2.6972,18.0616,15.5742,14.2561,13.6333,8
2460555.623937,7.2385,14.2980,18.0616,15.5742,14.2561,13.6333,8
2460556.516447,-16.5659,8.8187,18.0616,15.5742,14.2561,13.6333,8
2460556.561537,-37.5861,4.9670,18.0616,15.5742,14.2561,13.6333,8
2460556.578197,-33.9000,-16.7987,18.0616,15.5742,14.2561,13.6333,8
2460556.594657,6.7265,-10.2751,18.0616,15.5742,14.2561,13.6333,8
2460556.628437,9.9400,0.9887,18.0616,15.5742,14.2561,13.6333,8
2460557.487937,-24.4543,-12.0299,18.0616,15.5742,14.2561,13.6333,8
2460557.504887,-33.4313,-20.3540,18.0616,15.5742,14.2561,13.6333,8
2460557.539377,-5.0596,2.3685,18.0616,15.5742,14.2561,13.6333,8
2460557.568247,12.3253,-29.6593,18.0616,15.5742,14.2561,13.6333,8
2460557.584697,-18.5391,6.4040,18.0616,15.5742,14.2561,13.6333,8
2460557.601177,-27.1643,-41.6013,18.0616,15.5742,14.2561,13.6333,8
2460558.507407,3.1927,-9.1382,18.0616,15.5742,14.2561,13.6333,8
2460558.525767,25.8392,-26.5935,18.0616,15.5742,14.2561,13.6333,8
2460558.631837,-18.3957,-8.8646,18.0616,15.5742,14.2561,13.6333,8
2460558.648427,-2.8139,-19.0111,18.0616,15.5742,14.2561,13.6333,8
2460559.516057,-24.3552,6.6971,18.0616,15.5742,14.2561,13.6333,8
2460559.532947,3.6370,-1.6605,18.0616,15.5742,14.2561,13.6333,8
2460559.562297,-5.5691,-1.4978,18.0616,15.5742,14.2561,13.6333,8
2460559.578967,-2.3378,-8.7823,18.0616,15.5742,14.2561,13.6333,8
2460559.612147,4.5347,-24.0346,18.0616,15.5742,14.2561,13.6333,8
2460559.630087,4.6902,-13.7494,18.0616,15.5742,14.2561,13.6333,8
2460560.530247,-20.1170,6.7305,18.0616,15.5742,14.2561,13.6333,8
2460560.563937,29.0760,-14.1444,18.0616,15.5742,14.2561,13.6333,8
2460560.612447,1.6782,-4.5663,18.0616,15.5742,14.2561,13.6333,8
2460560.645437,0.2239,-29.3515,18.0616,15.5742,14.2561,13.6333,8
2460561.477327,-28.5791,-11.1365,18.0616,15.5742,14.2561,13.6333,8
2460561.541477,-30.6825,0.5989,18.0616,15.5742,14.2561,13.6333,8
2460561.559317,-33.6856,8.2624,18.0616,15.5742,14.2561,13.6333,8
2460561.575897,-11.1002,9.4269,18.0616,15.5742,14.2561,13.6333,8
2460561.593537,15.1162,-14.7401,18.0616,15.5742,14.2561,13.6333,8
2460562.489447,-23.4122,1.4139,18.0616,15.5742,14.2561,13.6333,8
2460562.527447,7.5797,12.3584,18.0616,15.5742,14.2561,13.6333,8
2460562.561227,18.3649,-4.5593,18.0616,15.5742,14.2561,13.6333,8
2460563.481887,-10.6443,-8.2519,18.0616,15.5742,14.2561,13.6333,8
2460564.499757,-0.0383,-21.5414,18.0616,15.5742,14.2561,13.6333,8
2460564.533937,6.9103,3.5991,18.0616,15.5742,14.2561,13.6333,8
2460564.613807,-8.9851,-14.8429,18.0616,15.5742,14.2561,13.6333,8
2460567.551007,2.1007,5.4819,18.0616,15.5742,14.2561,13.6333,8
2460567.576267,-8.6143,-12.6255,18.0616,15.5742,14.2561,13.6333,8
2460567.592887,-31.3245,-11.4269,18.0616,15.5742,14.2561,13.6333,8
2460567.620317,-15.5131,-17.6771,18.0616,15.5742,14.2561,13.6333,8
2460568.499947,-3.4614,-0.0689,18.0616,15.5742,14.2561,13.6333,8
2460568.535457,-7.1154,-1.0213,18.0616,15.5742,14.2561,13.6333,8
2460568.584827,-15.5713,-17.3166,18.0616,15.5742,14.2561,13.6333,8
2460569.557207,-23.6941,-2.2195,18.0616,15.5742,14.2561,13.6333,8
2460570.479597,-31.3937,-5.4552,18.0616,15.5742,14.2561,13.6333,8
2460570.526507,5.8579,3.5905,18.0616,15.5742,14.2561,13.6333,8
2460570.559827,0.3156,-27.6348,18.0616,15.5742,14.2561,13.6333,8
2460570.576367,-13.8479,-4.0856,18.0616,15.5742,14.2561,13.6333,8
2460570.598607,-16.0627,-21.4267,18.0616,15.5742,14.2561,13.6333,8
2460571.534327,-36.2394,-26.3565,18.0616,15.5742,14.2561,13.6333,8
2460571.607357,20.4480,-19.7830,18.0616,15.5742,14.2561,13.6333,8
2460573.533087,-17.1286,1.3781,18.0616,15.5742,14.2561,13.6333,8
2460573.588317,-25.9362,-10.0332,18.0616,15.5742,14.2561,13.6333,8
2460574.497667,-21.9860,-11.6928,18.0616,15.5742,14.2561,13.6333,8
2460574.551187,-13.1634,11.7895,18.0616,15.5742,14.2561,13.6333,8
2460574.569807,-0.6788,0.2545,18.0616,15.5742,14.2561,13.6333,8
2460574.598527,-24.4885,-14.3242,18.0616,15.5742,14.2561,13.6333,8
2460574.601217,14.4751,10.5420,18.0616,15.5742,14.2561,13.6333,8
2460575.505817,-14.4664,-14.1685,18.0616,15.5742,14.2561,13.6333,8
2460575.522297,5.2869,-2.0316,18.0616,15.5742,14.2561,13.6333,8
2460575.543557,-2.5810,-18.6738,18.0616,15.5742,14.2561,13.6333,8
2460575.561577,-4.9671,1.1663,18.0616,15.5742,14.2561,13.6333,8
2460576.478407,-24.4413,-4.3163,18.0616,15.5742,14.2561,13.6333,8
2460576.515997,-6.4129,-0.0809,18.0616,15.5742,14.2561,13.6333,8
2460576.532637,-30.4536,-16.4741,18.0616,15.5742,14.2561,13.6333,8
2460576.583487,-13.7699,-9.5077,18.0616,15.5742,14.2561,13.6333,8
2460577.561647,-2.2406,-20.2665,18.0616,15.5742,14.2561,13.6333,8
2460578.501097,10.4897,4.4101,18.0616,15.5742,14.2561,13.6333,8
2460578.528707,-14.6097,2.1459,18.0616,15.5742,14.2561,13.6333,8
2460578.545437,-1.9861,-13.6274,18.0616,15.5742,14.2561,13.6333,8
2460578.565477,-15.7952,-13.1550,18.0616,15.5742,14.2561,13.6333,8
2460578.582137,9.5716,-16.3493,18.0616,15.5742,14.2561,13.6333,8
2460579.512227,-16.0422,4.2426,18.0616,15.5742,14.2561,13.6333,8
2460579.542307,-22.2157,-0.2208,18.0616,15.5742,14.2561,13.6333,8
2460579.560347,-40.5140,-2.6313,18.0616,15.5742,14.2561,13.6333,8
2460581.492517,-3.5243,-14.1057,18.0616,15.5742,14.2561,13.6333,8
2460581.522757,21.3612,-6.6945,18.0616,15.5742,14.2561,13.6333,8
2460581.540087,15.1839,-14.6257,18.0616,15.5742,14.2561,13.6333,8
2460581.557277,20.8342,-8.0430,18.0616,15.5742,14.2561,13.6333,8
2460582.519087,12.8536,-8.4794,18.0616,15.5742,14.2561,13.6333,8
2460582.553387,-1.0741,9.0004,18.0616,15.5742,14.2561,13.6333,8
2460582.570037,-9.4841,3.6376,18.0616,15.5742,14.2561,13.6333,8
2460583.494507,6.6997,-2.6408,18.0616,15.5742,14.2561,13.6333,8
2460583.515587,0.5183,-8.3360,18.0616,15.5742,14.2561,13.6333,8
2460583.542467,7.2607,-9.1027,18.0616,15.5742,14.2561,13.6333,8
2460585.562067,-22.6374,0.2957,18.0616,15.5742,14.2561,13.6333,8
2460586.534887,-2.8039,-21.6639,18.0616,15.5742,14.2561,13.6333,8
2460586.553157,-2.5346,10.7557,18.0616,15.5742,14.2561,13.6333,8
2460587.505907,-9.0163,7.5560,18.0616,15.5742,14.2561,13.6333,8
2460587.540597,-18.0317,-7.5346,18.0616,15.5742,14.2561,13.6333,8
2460595.507597,-24.6748,1.5889,18.0616,15.5742,14.2561,13.6333,8
2460595.527507,0.0957,-9.0403,18.0616,15.5742,14.2561,13.6333,8
2460598.531107,-12.2981,12.5809,18.0616,15.5742,14.2561,13.6333,8
2460599.521097,-23.5379,-18.7052,18.0616,15.5742,14.2561,13.6333,8
2460599.539017,0.6854,-45.6826,18.0616,15.5742,14.2561,13.6333,8
2460600.502227,-18.7229,-28.0572,18.0616,15.5742,14.2561,13.6333,8
2460601.501247,-3.8339,-16.6056,18.0616,15.5742,14.2561,13.6333,8
2460603.518177,7.2014,-40.2934,18.0616,15.5742,14.2561,13.6333,8
2460604.504357,-13.7201,-29.1364,18.0616,15.5742,14.2561,13.6333,8
2460727.869557,5.6499,-16.2061,18.0616,15.5742,13.4781,12.0627,9
2460729.866157,4.6830,-26.9647,18.0616,15.5742,13.4781,12.0627,9
2460729.875927,25.5107,1.2606,18.0616,15.5742,13.4781,12.0627,9
2460731.854257,-2.1974,-2.7473,18.0616,15.5742,13.4781,12.0627,9
2460731.872977,7.9963,-19.6050,18.0616,15.5742,13.4781,12.0627,9
2460732.888157,6.6674,-0.3680,18.0616,15.5742,13.4781,12.0627,9
2460733.837607,12.8468,-6.6168,18.0616,15.5742,13.4781,12.0627,9
2460735.838497,12.4445,-12.5064,18.0616,15.5742,13.4781,12.0627,9
2460735.891397,-12.6033,-10.5679,18.0616,15.5742,13.4781,12.0627,9
2460737.854997,1.1307,-6.3361,18.0616,15.5742,13.4781,12.0627,9
2460737.872257,-11.5647,-1.5458,18.0616,15.5742,13.4781,12.0627,9
2460737.876477,6.3781,-2.1885,18.0616,15.5742,13.4781,12.0627,9
2460737.890647,11.0498,-7.3195,18.0616,15.5742,13.4781,12.0627,9
2460738.826217,-3.2052,-19.0175,18.0616,15.5742,13.4781,12.0627,9
2460742.846527,14.8204,-9.4086,18.0616,15.5742,13.4781,12.0627,9
2460742.863767,-3.7042,4.1184,18.0616,15.5742,13.4781,12.0627,9
2460742.881157,14.5285,-21.1471,18.0616,15.5742,13.4781,12.0627,9
2460743.878437,-17.2136,4.7441,18.0616,15.5742,13.4781,12.0627,9
2460743.900637,2.8642,-14.2640,18.0616,15.5742,13.4781,12.0627,9
2460744.836387,1.2030,2.9950,18.0616,15.5742,13.4781,12.0627,9
2460744.855957,-6.9828,-13.9205,18.0616,15.5742,13.4781,12.0627,9
2460744.872737,-8.1390,-4.5724,18.0616,15.5742,13.4781,12.0627,9
2460744.893827,-0.1147,-11.8864,18.0616,15.5742,13.4781,12.0627,9
2460745.810627,-5.4363,-15.8614,18.0616,15.5742,13.4781,12.0627,9
2460745.827557,-4.2475,-4.9171,18.0616,15.5742,13.4781,12.0627,9
2460745.861617,2.7449,-6.3294,18.0616,15.5742,13.4781,12.0627,9
2460746.815937,-0.0003,-9.3343,18.0616,15.5742,13.4781,12.0627,9
2460746.896967,-0.0142,7.0932,18.0616,15.5742,13.4781,12.0627,9
2460747.811857,-22.1520,-18.5965,18.0616,15.5742,13.4781,12.0627,9
2460748.823927,9.0167,-16.8101,18.0616,15.5742,13.4781,12.0627,9
2460748.840627,-3.9009,2.1619,18.0616,15.5742,13.4781,12.0627,9
2460748.856987,-1.1292,-26.8711,18.0616,15.5742,13.4781,12.0627,9
2460749.860487,14.7041,-24.0997,18.0616,15.5742,13.4781,12.0627,9
2460749.881707,3.6314,8.3885,18.0616,15.5742,13.4781,12.0627,9
2460749.908587,18.5694,6.1979,18.0616,15.5742,13.4781,12.0627,9
2460750.799467,7.2178,-25.9918,18.0616,15.5742,13.4781,12.0627,9
2460750.815977,11.2829,-14.2111,18.0616,15.5742,13.4781,12.0627,9
2460750.849927,8.2581,1.0593,18.0616,15.5742,13.4781,12.0627,9
2460750.893977,2.9533,1.2649,18.0616,15.5742,13.4781,12.0627,9
2460751.790227,18.7359,4.1326,18.0616,15.5742,13.4781,12.0627,9
2460751.837327,-17.0155,-19.6748,18.0616,15.5742,13.4781,12.0627,9
2460751.854607,6.1440,-0.7055,18.0616,15.5742,13.4781,12.0627,9
2460751.871567,16.7695,5.6274,18.0616,15.5742,13.4781,12.0627,9
2460751.893857,4.9905,-2.3360,18.0616,15.5742,13.4781,12.0627,9
2460752.795567,10.4782,-21.2576,18.0616,15.5742,13.4781,12.0627,9
2460752.870547,-1.7030,-18.1308,18.0616,15.5742,13.4781,12.0627,9
2460753.799527,-5.7569,-2.8213,18.0616,15.5742,13.4781,12.0627,9
2460754.815007,-1.7991,-12.4627,18.0616,15.5742,13.4781,12.0627,9
2460754.854247,-12.8450,-12.7788,18.0616,15.5742,13.4781,12.0627,9
2460754.871157,-0.5437,-0.5261,18.0616,15.5742,13.4781,12.0627,9
2460757.787147,4.9909,-14.0845,18.0616,15.5742,13.4781,12.0627,9
2460757.803807,-17.8527,-14.2688,18.0616,15.5742,13.4781,12.0627,9
2460757.821047,-20.3397,7.9662,18.0616,15.5742,13.4781,12.0627,9
2460757.849677,8.2131,-8.5191,18.0616,15.5742,13.4781,12.0627,9
2460757.866687,17.6700,-4.0862,18.0616,15.5742,13.4781,12.0627,9
2460758.793257,-28.4978,-23.0626,18.0616,15.5742,13.4781,12.0627,9
2460758.809977,-5.8229,-17.4048,18.0616,15.5742,13.4781,12.0627,9
2460758.829307,9.2799,-12.3115,18.0616,15.5742,13.4781,12.0627,9
2460758.846667,-3.2440,-14.0494,18.0616,15.5742,13.4781,12.0627,9
2460758.897307,1.4681,4.8185,18.0616,15.5742,13.4781,12.0627,9
2460759.881027,-27.4060,-13.1571,18.0616,15.5742,13.4781,12.0627,9
2460760.776797,-3.4308,-28.3881,18.0616,15.5742,13.4781,12.0627,9
2460760.793907,18.0797,6.2993,18.0616,15.5742,13.4781,12.0627,9
2460760.835697,-26.7750,-21.2305,18.0616,15.5742,13.4781,12.0627,9
2460760.885727,-14.4924,10.0901,18.0616,15.5742,13.4781,12.0627,9
2460760.902207,13.7195,1.8770,18.0616,15.5742,13.4781,12.0627,9
2460761.829457,-11.0501,-6.1126,18.0616,15.5742,13.4781,12.0627,9
2460761.846637,2.9654,5.5201,18.0616,15.5742,13.4781,12.0627,9
2460761.863227,-15.4061,3.8306,18.0616,15.5742,13.4781,12.0627,9
2460761.880087,-25.0148,3.3236,18.0616,15.5742,13.4781,12.0627,9
2460762.865927,-0.9018,-8.8711,18.0616,15.5742,13.4781,12.0627,9
2460762.883287,-27.6080,-3.5414,18.0616,15.5742,13.4781,12.0627,9
2460763.776547,-13.9485,-17.0526,18.0616,15.5742,13.4781,12.0627,9
2460763.793487,-3.6698,-10.7021,18.0616,15.5742,13.4781,12.0627,9
2460763.810677,-2.5333,-17.0181,18.0616,15.5742,13.4781,12.0627,9
2460763.843907,-12.6633,-15.1181,18.0616,15.5742,13.4781,12.0627,9
2460763.889427,-9.3686,-2.2922,18.0616,15.5742,13.4781,12.0627,9
2460764.774607,-24.6113,-21.5860,18.0616,15.5742,13.4781,12.0627,9
2460764.803117,-15.8326,-6.3821,18.0616,15.5742,13.4781,12.0627,9
2460764.819547,-13.7196,-17.1928,18.0616,15.5742,13.4781,12.0627,9
2460764.835977,-6.5058,-3.8396,18.0616,15.5742,13.4781,12.0627,9
2460765.864387,-21.8473,-2.3199,18.0616,15.5742,13.4781,12.0627,9
2460766.759667,-25.2787,-17.3786,18.0616,15.5742,13.4781,12.0627,9
2460766.777107,-25.4313,-22.9095,18.0616,15.5742,13.4781,12.0627,9
2460766.842687,-17.2776,2.6584,18.0616,15.5742,13.4781,12.0627,9
2460767.755847,-6.7299,-7.5179,18.0616,15.5742,13.4781,12.0627,9
2460767.773527,-15.2358,-17.0646,18.0616,15.5742,13.4781,12.0627,9
2460767.812767,8.6862,-5.1579,18.0616,15.5742,13.4781,12.0627,9
2460768.758847,-30.4021,-9.9687,18.0616,15.5742,13.4781,12.0627,9
2460768.781667,-23.5239,-3.7163,18.0616,15.5742,13.4781,12.0627,9
2460768.796967,-21.0586,-5.2250,18.0616,15.5742,13.4781,12.0627,9
2460768.814057,-20.6453,-24.7948,18.0616,15.5742,13.4781,12.0627,9
2460769.747647,-20.4769,-12.0330,18.0616,15.5742,13.4781,12.0627,9
2460769.764317,-22.1717,-3.2331,18.0616,15.5742,13.4781,12.0627,9
2460769.822837,-6.2638,3.8420,18.0616,15.5742,13.4781,12.0627,9
2460769.906617,-2.1687,-1.5055,18.0616,15.5742,13.4781,12.0627,9
2460770.744517,-16.8670,-21.2622,18.0616,15.5742,13.4781,12.0627,9
2460770.769687,-6.7017,1.5815,18.0616,15.5742,13.4781,12.0627,9
2460770.786417,-14.7137,-7.1189,18.0616,15.5742,13.4781,12.0627,9
2460770.803047,16.1881,-4.3168,18.0616,15.5742,13.4781,12.0627,9
2460770.888797,-14.6889,-6.7387,18.0616,15.5742,13.4781,12.0627,9
2460772.768377,-5.3653,2.5506,18.0616,15.5742,13.4781,12.0627,9
2460772.785177,-3.9398,-4.6692,18.0616,15.5742,13.4781,12.0627,9
2460772.801817,7.4345,-28.4088,18.0616,15.5742,13.4781,12.0627,9
2460772.849067,-19.5477,6.0172,18.0616,15.5742,13.4781,12.0627,9
2460772.866227,-0.4135,-2.4735,18.0616,15.5742,13.4781,12.0627,9
2460772.906127,-4.2366,-12.1865,18.0616,15.5742,13.4781,12.0627,9
2460773.745857,-9.9228,-25.1513,18.0616,15.5742,13.4781,12.0627,9
2460773.762817,1.5172,-10.1698,18.0616,15.5742,13.4781,12.0627,9
2460773.892497,-2.7787,-2.2995,18.0616,15.5742,13.4781,12.0627,9
2460774.770357,-13.0613,-7.0835,18.0616,15.5742,13.4781,12.0627,9
2460774.791857,-16.3998,-9.6782,18.0616,15.5742,13.4781,12.0627,9
2460774.794547,-10.8035,-27.4824,18.0616,15.5742,13.4781,12.0627,9
2460774.855817,-16.4404,-16.5097,18.0616,15.5742,13.4781,12.0627,9
2460775.852657,-29.6623,-12.1061,18.0616,15.5742,13.4781,12.0627,9
2460775.903287,4.1299,-15.3443,18.0616,15.5742,13.4781,12.0627,9
2460777.732857,-3.2471,-10.6983,18.0616,15.5742,13.4781,12.0627,9
2460777.751497,-23.3204,-6.8905,18.0616,15.5742,13.4781,12.0627,9
2460777.792787,6.7066,-8.8860,18.0616,15.5742,13.4781,12.0627,9
2460777.810517,-14.4786,-13.3417,18.0616,15.5742,13.4781,12.0627,9
2460777.854047,-9.6338,-6.0712,18.0616,15.5742,13.4781,12.0627,9
2460777.907987,-5.9462,6.2030,18.0616,15.5742,13.4781,12.0627,9
2460778.760617,-23.9205,0.1406,18.0616,15.5742,13.4781,12.0627,9
2460778.790747,-9.9895,-5.6652,18.0616,15.5742,13.4781,12.0627,9
2460778.807687,-11.7398,-7.3687,18.0616,15.5742,13.4781,12.0627,9
2460778.834847,-7.6728,1.3684,18.0616,15.5742,13.4781,12.0627,9
2460778.851707,-15.2890,-21.2776,18.0616,15.5742,13.4781,12.0627,9
2460778.868227,6.9785,-8.2189,18.0616,15.5742,13.4781,12.0627,9
2460778.886577,-30.2118,-9.9226,18.0616,15.5742,13.4781,12.0627,9
2460778.904817,-6.9164,-27.9672,18.0616,15.5742,13.4781,12.0627,9
2460779.772787,-22.3713,6.2925,18.0616,15.5742,13.4781,12.0627,9
2460779.789057,-29.1516,-14.0848,18.0616,15.5742,13.4781,12.0627,9
2460779.832657,-7.5084,-3.7711,18.0616,15.5742,13.4781,12.0627,9
2460779.867057,-27.2927,11.2937,18.0616,15.5742,13.4781,12.0627,9
2460779.901527,-24.3020,9.2092,18.0616,15.5742,13.4781,12.0627,9
2460780.713927,-0.2455,-5.7723,18.0616,15.5742,13.4781,12.0627,9
2460780.751147,9.1047,-19.7757,18.0616,15.5742,13.4781,12.0627,9
2460780.825087,6.8632,-0.6245,18.0616,15.5742,13.4781,12.0627,9
2460780.874007,4.2714,-4.9698,18.0616,15.5742,13.4781,12.0627,9
2460780.912627,-16.1588,-4.9417,18.0616,15.5742,13.4781,12.0627,9
2460781.712437,-30.0945,-12.9960,18.0616,15.5742,13.4781,12.0627,9
2460781.776437,7.1229,-15.7175,18.0616,15.5742,13.4781,12.0627,9
2460781.793857,2.7751,11.2966,18.0616,15.5742,13.4781,12.0627,9
2460781.811107,-5.7002,5.0629,18.0616,15.5742,13.4781,12.0627,9
2460782.806627,-25.8110,-22.4834,18.0616,15.5742,13.4781,12.0627,9
2460782.823667,-22.1522,-5.6247,18.0616,15.5742,13.4781,12.0627,9
2460782.848517,-6.0487,-7.8657,18.0616,15.5742,13.4781,12.0627,9
2460785.723077,-1.7279,8.8946,18.0616,15.5742,13.4781,12.0627,9
2460785.779877,1.4850,-18.2014,18.0616,15.5742,13.4781,12.0627,9
2460786.917847,-9.5814,-21.0598,18.0616,15.5742,13.4781,12.0627,9
2460787.701717,-21.8913,-1.2258,18.0616,15.5742,13.4781,12.0627,9
2460787.735387,-28.5926,-8.3758,18.0616,15.5742,13.4781,12.0627,9
2460787.763947,-9.6194,-13.1365,18.0616,15.5742,13.4781,12.0627,9
2460787.791237,-17.8958,0.1706,18.0616,15.5742,13.4781,12.0627,9
2460787.810997,-16.6971,-12.1576,18.0616,15.5742,13.4781,12.0627,9
2460787.847777,-12.4405,-4.1048,18.0616,15.5742,13.4781,12.0627,9
2460787.930447,-13.1416,-13.1697,18.0616,15.5742,13.4781,12.0627,9
2460788.734747,-16.1337,-1.0423,18.0616,15.5742,13.4781,12.0627,9
2460788.770677,0.5506,-12.1775,18.0616,15.5742,13.4781,12.0627,9
2460788.787977,3.1389,-6.7411,18.0616,15.5742,13.4781,12.0627,9
2460788.805987,5.7078,-16.7739,18.0616,15.5742,13.4781,12.0627,9
2460788.858297,-14.2038,-3.1574,18.0616,15.5742,13.4781,12.0627,9
2460789.728077,-11.8787,-5.3053,18.0616,15.5742,13.4781,12.0627,9
2460789.912927,-24.9480,5.1526,18.0616,15.5742,13.4781,12.0627,9
2460790.730817,-15.9552,2.5339,18.0616,15.5742,13.4781,12.0627,9
2460790.765637,-15.3353,-3.2008,18.0616,15.5742,13.4781,12.0627,9
2460790.815547,-23.9479,-10.3368,18.0616,15.5742,13.4781,12.0627,9
2460790.825017,-19.6775,-11.2814,18.0616,15.5742,13.4781,12.0627,9
2460790.900987,-31.2733,-25.1569,18.0616,15.5742,13.4781,12.0627,9
2460791.725827,-20.8762,-25.7392,18.0616,15.5742,13.4781,12.0627,9
2460791.821317,-11.9849,8.0055,18.0616,15.5742,13.4781,12.0627,9
2460791.884127,-7.5781,-1.4041,18.0616,15.5742,13.4781,12.0627,9
2460791.900667,-15.2095,-6.4672,18.0616,15.5742,13.4781,12.0627,9
2460791.919517,2.7322,-5.5565,18.0616,15.5742,13.4781,12.0627,9
2460792.702067,-8.9679,-23.3414,18.0616,15.5742,13.4781,12.0627,9
2460792.729377,0.8137,-7.7221,18.0616,15.5742,13.4781,12.0627,9
2460792.746037,4.3464,11.2175,18.0616,15.5742,13.4781,12.0627,9
2460792.762997,-23.4231,-15.4998,18.0616,15.5742,13.4781,12.0627,9
2460792.782407,-4.0438,-15.4172,18.0616,15.5742,13.4781,12.0627,9
2460792.798847,-11.1620,2.3781,18.0616,15.5742,13.4781,12.0627,9
2460792.828287,-11.2228,0.7917,18.0616,15.5742,13.4781,12.0627,9
2460792.879157,-14.1443,-5.7457,18.0616,15.5742,13.4781,12.0627,9
2460793.679407,-9.7547,-12.6148,18.0616,15.5742,13.4781,12.0627,9
2460793.743547,-8.3303,-16.5697,18.0616,15.5742,13.4781,12.0627,9
2460793.805927,-34.1598,7.2138,18.0616,15.5742,13.4781,12.0627,9
2460793.889457,-14.2918,0.9116,18.0616,15.5742,13.4781,12.0627,9
2460794.705197,6.4086,-2.4716,18.0616,15.5742,13.4781,12.0627,9
2460794.721847,-8.2311,-7.4954,18.0616,15.5742,13.4781,12.0627,9
2460794.738827,-26.0231,-2.0845,18.0616,15.5742,13.4781,12.0627,9
2460794.772377,-5.5523,-0.9773,18.0616,15.5742,13.4781,12.0627,9
2460794.855497,-0.1620,12.7770,18.0616,15.5742,13.4781,12.0627,9
2460795.744067,0.9827,-12.8309,18.0616,15.5742,13.4781,12.0627,9
2460795.763867,-0.1121,-8.2034,18.0616,15.5742,13.4781,12.0627,9
2460795.780397,-21.8548,-5.8437,18.0616,15.5742,13.4781,12.0627,9
2460795.801427,-4.0691,3.2501,18.0616,15.5742,13.4781,12.0627,9
2460795.818447,-27.3301,-20.7013,18.0616,15.5742,13.4781,12.0627,9
2460795.886817,-23.9035,-7.6548,18.0616,15.5742,13.4781,12.0627,9
2460795.903587,-33.8499,-0.5208,18.0616,15.5742,13.4781,12.0627,9
2460795.921307,7.7749,-5.4422,18.0616,15.5742,13.4781,12.0627,9
2460797.699907,-13.5577,1.7254,18.0616,15.5742,13.4781,12.0627,9
2460797.718057,7.2373,-25.1223,18.0616,15.5742,13.4781,12.0627,9
2460797.726177,-10.5513,11.0161,18.0616,15.5742,13.4781,12.0627,9
2460797.734357,-11.4247,-28.3926,18.0616,15.5742,13.4781,12.0627,9
2460797.742747,1.7480,13.0367,18.0616,15.5742,13.4781,12.0627,9
2460797.750827,-19.7531,-0.1962,18.0616,15.5742,13.4781,12.0627,9
2460797.769347,-5.2844,-13.6374,18.0616,15.5742,13.4781,12.0627,9
2460797.781837,-3.5453,-0.5047,18.0616,15.5742,13.4781,12.0627,9
2460797.801417,-30.8854,-12.6835,18.0616,15.5742,13.4781,12.0627,9
2460797.810367,-5.0758,-10.8543,18.0616,15.5742,13.4781,12.0627,9
2460797.818877,-17.7605,-3.3529,18.0616,15.5742,13.4781,12.0627,9
2460797.844257,-22.5761,3.3611,18.0616,15.5742,13.4781,12.0627,9
2460797.856147,-16.4631,-13.4343,18.0616,15.5742,13.4781,12.0627,9
2460797.905107,-25.3015,-25.7907,18.0616,15.5742,13.4781,12.0627,9
2460797.913597,-5.8378,5.5870,18.0616,15.5742,13.4781,12.0627,9
2460798.697117,-29.3986,-16.8936,18.0616,15.5742,13.4781,12.0627,9
2460798.769957,-6.0381,-22.2448,18.0616,15.5742,13.4781,12.0627,9
2460798.830597,-27.7899,9.1297,18.0616,15.5742,13.4781,12.0627,9
2460798.851307,-23.0500,3.1205,18.0616,15.5742,13.4781,12.0627,9
2460798.887797,-25.1774,-8.0959,18.0616,15.5742,13.4781,12.0627,9
2460798.914957,-25.5444,-3.7898,18.0616,15.5742,13.4781,12.0627,9
2460798.931107,-4.0536,-12.1493,18.0616,15.5742,13.4781,12.0627,9
2460799.671237,-12.0611,-4.9080,18.0616,15.5742,13.4781,12.0627,9
2460799.689147,-2.3812,-2.8491,18.0616,15.5742,13.4781,12.0627,9
2460799.737457,-7.3749,-11.6459,18.0616,15.5742,13.4781,12.0627,9
2460799.836577,-28.2818,-1.3041,18.0616,15.5742,13.4781,12.0627,9
2460800.663677,-24.7740,-16.4823,18.0616,15.5742,13.4781,12.0627,9
2460800.697697,-6.6805,-1.0395,18.0616,15.5742,13.4781,12.0627,9
2460800.875437,-25.6615,-8.2453,18.0616,15.5742,13.4781,12.0627,9
2460801.653427,-21.5399,-27.2707,18.0616,15.5742,13.4781,12.0627,9
2460801.730587,3.8580,8.6190,18.0616,15.5742,13.4781,12.0627,9
2460801.757757,-5.4350,-9.1257,18.0616,15.5742,13.4781,12.0627,9
2460801.908227,-15.2003,-5.6454,18.0616,15.5742,13.4781,12.0627,9
2460801.930627,-7.8439,11.4633,18.0616,15.5742,13.4781,12.0627,9
2460802.813087,9.1942,-3.2654,18.0616,15.5742,13.4781,12.0627,9
2460803.687267,-3.6744,-29.3912,18.0616,15.5742,13.4781,12.0627,9
2460803.721787,-3.5892,-7.0332,18.0616,15.5742,13.4781,12.0627,9
2460803.827407,-26.3793,-15.5577,18.0616,15.5742,13.4781,12.0627,9
2460803.844427,-25.8993,-22.0016,18.0616,15.5742,13.4781,12.0627,9
2460805.665427,-9.2884,9.9840,18.0616,15.5742,13.4781,12.0627,9
2460805.692487,-27.6951,-22.3874,18.0616,15.5742,13.4781,12.0627,9
2460805.709717,-26.0977,-23.2730,18.0616,15.5742,13.4781,12.0627,9
2460805.728287,4.6527,7.2884,18.0616,15.5742,13.4781,12.0627,9
2460805.745047,-8.4899,-26.2684,18.0616,15.5742,13.4781,12.0627,9
2460805.780237,-12.6271,-6.8672,18.0616,15.5742,13.4781,12.0627,9
2460805.807257,-1.2108,-21.4025,18.0616,15.5742,13.4781,12.0627,9
2460805.825217,-0.3622,-15.8233,18.0616,15.5742,13.4781,12.0627,9
2460805.842187,-15.5191,-13.4426,18.0616,15.5742,13.4781,12.0627,9
2460805.858847,-9.7601,-8.2327,18.0616,15.5742,13.4781,12.0627,9
2460805.878827,-23.3529,-8.4849,18.0616,15.5742,13.4781,12.0627,9
2460805.905807,-18.9085,1.5486,18.0616,15.5742,13.4781,12.0627,9
2460805.922447,-7.4946,-8.2642,18.0616,15.5742,13.4781,12.0627,9
2460805.925137,-32.5452,-9.9744,18.0616,15.5742,13.4781,12.0627,9
2460806.649317,-36.7873,8.1329,18.0616,15.5742,13.4781,12.0627,9
2460806.745907,-12.8859,-16.2477,18.0616,15.5742,13.4781,12.0627,9
2460806.789707,-33.4788,2.2033,18.0616,15.5742,13.4781,12.0627,9
2460806.806287,-9.7241,-20.1482,18.0616,15.5742,13.4781,12.0627,9
2460806.846007,-29.0654,0.4325,18.0616,15.5742,13.4781,12.0627,9
2460806.882077,-1.2308,-9.6708,18.0616,15.5742,13.4781,12.0627,9
2460807.750577,-18.0136,-28.8642,18.0616,15.5742,13.4781,12.0627,9
2460807.816767,-4.7708,-0.9557,18.0616,15.5742,13.4781,12.0627,9
2460807.833327,-19.7397,11.5320,18.0616,15.5742,13.4781,12.0627,9
2460807.849797,-33.2356,-21.0482,18.0616,15.5742,13.4781,12.0627,9
2460807.866487,5.9029,-16.8874,18.0616,15.5742,13.4781,12.0627,9
2460807.893667,-20.1849,0.6280,18.0616,15.5742,13.4781,12.0627,9
2460807.910247,6.5184,-2.5451,18.0616,15.5742,13.4781,12.0627,9
2460808.742747,5.0633,-3.5137,18.0616,15.5742,13.4781,12.0627,9
2460808.761587,2.4940,9.7481,18.0616,15.5742,13.4781,12.0627,9
2460812.889737,-14.2186,5.4109,18.0616,15.5742,13.4781,12.0627,9
2460814.759167,-2.9331,-9.1937,18.0616,15.5742,13.4781,12.0627,9
2460814.792887,-21.8790,-10.2921,18.0616,15.5742,13.4781,12.0627,9
2460814.837297,-5.8520,-12.2618,18.0616,15.5742,13.4781,12.0627,9
2460814.857857,-25.1717,-3.8023,18.0616,15.5742,13.4781,12.0627,9
2460814.877367,-26.5590,14.6906,18.0616,15.5742,13.4781,12.0627,9
2460815.642817,-17.4412,-18.5478,18.0616,15.5742,13.4781,12.0627,9
2460815.676167,-22.9384,-3.9428,18.0616,15.5742,13.4781,12.0627,9
2460815.802067,-30.0204,-19.3156,18.0616,15.5742,13.4781,12.0627,9
2460815.819097,-23.3998,-24.0013,18.0616,15.5742,13.4781,12.0627,9
2460815.847027,-11.7598,-29.2785,18.0616,15.5742,13.4781,12.0627,9
2460815.882317,-19.5098,-15.7197,18.0616,15.5742,13.4781,12.0627,9
2460815.900477,-28.6937,-10.1625,18.0616,15.5742,13.4781,12.0627,9
2460816.622227,-2.4844,3.3453,18.0616,15.5742,13.4781,12.0627,9
2460816.655577,-9.0439,-17.0821,18.0616,15.5742,13.4781,12.0627,9
2460816.764697,-15.2513,-9.3887,18.0616,15.5742,13.4781,12.0627,9
2460816.784497,-16.5125,10.8027,18.0616,15.5742,13.4781,12.0627,9
2460816.834177,-2.1644,-14.8116,18.0616,15.5742,13.4781,12.0627,9
2460816.902737,-4.0573,-1.6998,18.0616,15.5742,13.4781,12.0627,9
2460817.620307,-29.4637,1.9032,18.0616,15.5742,13.4781,12.0627,9
2460817.673207,-27.5980,-8.7405,18.0616,15.5742,13.4781,12.0627,9
2460817.780217,-7.9110,-10.7735,18.0616,15.5742,13.4781,12.0627,9
2460817.832567,-17.5337,13.6867,18.0616,15.5742,13.4781,12.0627,9
2460817.859427,-17.1123,-13.2931,18.0616,15.5742,13.4781,12.0627,9
2460817.893287,-16.4848,-4.2785,18.0616,15.5742,13.4781,12.0627,9
2460817.910457,-21.6016,-3.3795,18.0616,15.5742,13.4781,12.0627,9
2460818.606847,-14.1681,10.1094,18.0616,15.5742,13.4781,12.0627,9
2460818.650637,-14.9393,-1.5016,18.0616,15.5742,13.4781,12.0627,9
2460818.684587,-19.1682,-9.0162,18.0616,15.5742,13.4781,12.0627,9
2460818.748417,-15.7873,-6.3171,18.0616,15.5742,13.4781,12.0627,9
2460818.868987,7.7241,-0.7177,18.0616,15.5742,13.4781,12.0627,9
2460818.893467,0.0665,10.2117,18.0616,15.5742,13.4781,12.0627,9
2460818.910127,-17.3987,10.6719,18.0616,15.5742,13.4781,12.0627,9
2460819.612637,-8.9594,-23.7273,18.0616,15.5742,13.4781,12.0627,9
2460819.641717,-28.3776,-18.4677,18.0616,15.5742,13.4781,12.0627,9
2460819.891757,-10.1954,-4.1070,18.0616,15.5742,13.4781,12.0627,9
2460819.908547,-16.5854,-10.1422,18.0616,15.5742,13.4781,12.0627,9
2460820.600447,-9.2480,-25.6364,18.0616,15.5742,13.4781,12.0627,9
2460820.653517,-18.1034,-9.3188,18.0616,15.5742,13.4781,12.0627,9
2460820.670247,3.3121,-4.8756,18.0616,15.5742,13.4781,12.0627,9
2460820.688797,-4.9559,-18.9160,18.0616,15.5742,13.4781,12.0627,9
2460820.691787,-6.4707,-6.2904,18.0616,15.5742,13.4781,12.0627,9
2460820.709187,-19.3526,-6.2100,18.0616,15.5742,13.4781,12.0627,9
2460820.790707,2.3032,6.1110,18.0616,15.5742,13.4781,12.0627,9
2460820.824457,1.6463,-2.3275,18.0616,15.5742,13.4781,12.0627,9
2460820.851937,-29.1543,2.6464,18.0616,15.5742,13.4781,12.0627,9
2460820.892087,-4.8708,-4.2547,18.0616,15.5742,13.4781,12.0627,9
2460820.923977,-26.0112,-10.0047,18.0616,15.5742,13.4781,12.0627,9
2460821.679567,7.7536,-14.6400,18.0616,15.5742,13.4781,12.0627,9
2460821.696807,-20.4380,-14.2992,18.0616,15.5742,13.4781,12.0627,9
2460821.757057,-3.7117,-7.9164,18.0616,15.5742,13.4781,12.0627,9
2460821.797917,2.5245,7.5910,18.0616,15.5742,13.4781,12.0627,9
2460821.815327,-2.7015,-21.2169,18.0616,15.5742,13.4781,12.0627,9
2460821.896777,-1.2694,-28.7559,18.0616,15.5742,13.4781,12.0627,9
2460823.657887,-20.8463,-28.9845,18.0616,15.5742,13.4781,12.0627,9
2460823.696227,-19.7811,-19.8495,18.0616,15.5742,13.4781,12.0627,9
2460823.723197,-19.8335,6.5311,18.0616,15.5742,13.4781,12.0627,9
2460823.740067,-28.1005,-8.6071,18.0616,15.5742,13.4781,12.0627,9
2460823.757917,-13.3735,4.4907,18.0616,15.5742,13.4781,12.0627,9
2460824.687337,-31.0767,-2.6937,18.0616,15.5742,13.4781,12.0627,9
2460824.807107,-18.6464,-1.2789,18.0616,15.5742,13.4781,12.0627,9
2460824.824017,-12.9236,-8.3106,18.0616,15.5742,13.4781,12.0627,9
2460824.859757,6.8295,-7.6257,18.0616,15.5742,13.4781,12.0627,9
2460824.904157,-18.8018,-14.1852,18.0616,15.5742,13.4781,12.0627,9
2460825.614987,-23.2446,-11.3249,18.0616,15.5742,13.4781,12.0627,9
2460825.633257,-28.3187,-21.4306,18.0616,15.5742,13.4781,12.0627,9
2460825.665577,-21.2007,-13.1283,18.0616,15.5742,13.4781,12.0627,9
2460825.719247,-0.7382,-0.7981,18.0616,15.5742,13.4781,12.0627,9
2460825.737817,-9.2420,0.1323,18.0616,15.5742,13.4781,12.0627,9
2460825.785057,-25.0105,0.3786,18.0616,15.5742,13.4781,12.0627,9
2460825.801787,-19.2170,-6.5552,18.0616,15.5742,13.4781,12.0627,9
2460825.819757,4.1358,-9.9961,18.0616,15.5742,13.4781,12.0627,9
2460825.836437,10.3025,-11.0201,18.0616,15.5742,13.4781,12.0627,9
2460825.901567,-6.7677,-16.8943,18.0616,15.5742,13.4781,12.0627,9
2460826.642267,-32.0993,3.5407,18.0616,15.5742,13.4781,12.0627,9
2460826.692977,-13.6346,-0.6016,18.0616,15.5742,13.4781,12.0627,9
2460826.743107,-15.1558,6.9535,18.0616,15.5742,13.4781,12.0627,9
2460826.776607,-17.8308,-16.3560,18.0616,15.5742,13.4781,12.0627,9
2460826.794697,-4.2599,-11.2174,18.0616,15.5742,13.4781,12.0627,9
2460826.843827,-2.5013,1.7838,18.0616,15.5742,13.4781,12.0627,9
2460827.741347,-5.6152,-28.9719,18.0616,15.5742,13.4781,12.0627,9
2460827.763197,-0.7653,-17.2858,18.0616,15.5742,13.4781,12.0627,9
2460827.842087,-18.1913,-28.5345,18.0616,15.5742,13.4781,12.0627,9
2460827.858697,-1.3287,7.1939,18.0616,15.5742,13.4781,12.0627,9
2460827.879537,-8.6708,1.4837,18.0616,15.5742,13.4781,12.0627,9
2460827.896577,-12.9978,-3.0440,18.0616,15.5742,13.4781,12.0627,9
2460828.614277,-2.0313,-12.2372,18.0616,15.5742,13.4781,12.0627,9
2460828.632347,-10.5347,-14.0010,18.0616,15.5742,13.4781,12.0627,9
2460828.648987,-10.4519,0.9334,18.0616,15.5742,13.4781,12.0627,9
2460828.699297,-34.3913,-2.8605,18.0616,15.5742,13.4781,12.0627,9
2460828.811687,-16.4872,6.7215,18.0616,15.5742,13.4781,12.0627,9
2460828.828687,-15.8810,-21.9353,18.0616,15.5742,13.4781,12.0627,9
2460828.910577,-26.9920,-2.5925,18.0616,15.5742,13.4781,12.0627,9
2460829.677157,8.2474,9.8334,18.0616,15.5742,13.4781,12.0627,9
2460829.693997,-10.6033,-6.2273,18.0616,15.5742,13.4781,12.0627,9
2460829.699557,-1.9700,1.0125,18.0616,15.5742,13.4781,12.0627,9
2460829.702247,-12.9367,-0.9767,18.0616,15.5742,13.4781,12.0627,9
2460829.713097,-7.7209,-5.1012,18.0616,15.5742,13.4781,12.0627,9
2460829.746577,6.3874,-2.9700,18.0616,15.5742,13.4781,12.0627,9
2460829.774187,-17.4015,-14.3037,18.0616,15.5742,13.4781,12.0627,9
2460829.790877,4.0631,-6.7208,18.0616,15.5742,13.4781,12.0627,9
2460830.582107,11.2597,-13.4106,18.0616,15.5742,13.4781,12.0627,9
2460830.585057,9.6515,-6.9424,18.0616,15.5742,13.4781,12.0627,9
2460830.601397,-2.7104,6.0066,18.0616,15.5742,13.4781,12.0627,9
2460830.629117,6.6883,-6.4299,18.0616,15.5742,13.4781,12.0627,9
2460830.663667,10.1914,-11.6877,18.0616,15.5742,13.4781,12.0627,9
2460830.697327,-3.1239,-13.1836,18.0616,15.5742,13.4781,12.0627,9
2460830.742217,-10.7048,-9.6039,18.0616,15.5742,13.4781,12.0627,9
2460830.759027,2.1289,1.8461,18.0616,15.5742,13.4781,12.0627,9
2460830.778297,0.2991,6.4219,18.0616,15.5742,13.4781,12.0627,9
2460830.812807,-25.0516,5.1164,18.0616,15.5742,13.4781,12.0627,9
2460830.840567,-16.7500,10.3457,18.0616,15.5742,13.4781,12.0627,9
2460830.859987,3.0056,-9.7735,18.0616,15.5742,13.4781,12.0627,9
2460830.876327,-23.9381,9.8809,18.0616,15.5742,13.4781,12.0627,9
2460831.712787,-10.5312,-16.0285,18.0616,15.5742,13.4781,12.0627,9
2460831.730917,-30.3881,-22.2489,18.0616,15.5742,13.4781,12.0627,9
2460831.747447,-7.6314,-0.5937,18.0616,15.5742,13.4781,12.0627,9
2460831.784367,-31.7219,1.4722,18.0616,15.5742,13.4781,12.0627,9
2460831.847457,-19.6248,-14.3058,18.0616,15.5742,13.4781,12.0627,9
2460831.868157,-16.0605,-31.6819,18.0616,15.5742,13.4781,12.0627,9
2460831.884847,-39.7329,-32.3698,18.0616,15.5742,13.4781,12.0627,9
2460832.605097,-32.0813,-2.4932,18.0616,15.5742,13.4781,12.0627,9
2460832.621547,-6.7480,-21.4154,18.0616,15.5742,13.4781,12.0627,9
2460832.658837,-31.0554,-8.3000,18.0616,15.5742,13.4781,12.0627,9
2460832.738267,-18.0391,-9.4204,18.0616,15.5742,13.4781,12.0627,9
2460832.783187,-15.4616,-3.3348,18.0616,15.5742,13.4781,12.0627,9
2460832.824737,-18.5430,-8.8205,18.0616,15.5742,13.4781,12.0627,9
2460832.841727,-25.6501,11.8008,18.0616,15.5742,13.4781,12.0627,9
2460832.860617,-14.5042,-12.9922,18.0616,15.5742,13.4781,12.0627,9
2460832.878367,-4.5966,16.2111,18.0616,15.5742,13.4781,12.0627,9
2460833.629437,-13.1153,-21.7560,18.0616,15.5742,13.4781,12.0627,9
2460833.673187,-12.4768,3.0327,18.0616,15.5742,13.4781,12.0627,9
2460833.690337,-10.7424,-10.3154,18.0616,15.5742,13.4781,12.0627,9
2460833.708147,0.4719,-22.9832,18.0616,15.5742,13.4781,12.0627,9
2460833.724757,-27.2614,-9.9523,18.0616,15.5742,13.4781,12.0627,9
2460833.741877,5.8603,-18.8099,18.0616,15.5742,13.4781,12.0627,9
2460833.769387,-18.8689,-35.1146,18.0616,15.5742,13.4781,12.0627,9
2460833.790077,-8.5333,7.5967,18.0616,15.5742,13.4781,12.0627,9
2460833.826737,1.1180,-26.7346,18.0616,15.5742,13.4781,12.0627,9
2460833.843977,-9.3264,-0.4518,18.0616,15.5742,13.4781,12.0627,9
2460833.861167,-5.9053,-22.0152,18.0616,15.5742,13.4781,12.0627,9
2460833.891307,-29.8658,-13.6535,18.0616,15.5742,13.4781,12.0627,9
2460834.816227,-13.6974,16.8749,18.0616,15.5742,13.4781,12.0627,9
2460834.832787,8.0516,-6.6404,18.0616,15.5742,13.4781,12.0627,9
2460834.849637,5.7613,-0.7239,18.0616,15.5742,13.4781,12.0627,9
2460834.893857,1.2441,1.1158,18.0616,15.5742,13.4781,12.0627,9
2460835.596477,-32.1681,-0.2524,18.0616,15.5742,13.4781,12.0627,9
2460835.644557,-10.6423,-14.6097,18.0616,15.5742,13.4781,12.0627,9
2460835.678437,-21.3305,3.3917,18.0616,15.5742,13.4781,12.0627,9
2460835.698987,-13.0011,-11.6375,18.0616,15.5742,13.4781,12.0627,9
2460835.716027,-30.9623,-22.0243,18.0616,15.5742,13.4781,12.0627,9
2460835.778197,-20.8078,7.6948,18.0616,15.5742,13.4781,12.0627,9
2460835.795197,-13.7363,-3.3022,18.0616,15.5742,13.4781,12.0627,9
2460835.813377,-6.5307,-7.8605,18.0616,15.5742,13.4781,12.0627,9
2460836.621277,-29.0945,-33.0251,18.0616,15.5742,13.4781,12.0627,9
2460836.695067,5.6845,10.8248,18.0616,15.5742,13.4781,12.0627,9
2460836.722547,-15.7466,18.2404,18.0616,15.5742,13.4781,12.0627,9
2460836.738927,-23.8765,-20.6674,18.0616,15.5742,13.4781,12.0627,9
2460836.792327,6.7645,11.4032,18.0616,15.5742,13.4781,12.0627,9
2460836.836677,-39.5004,12.1604,18.0616,15.5742,13.4781,12.0627,9
2460843.616077,-7.0261,-23.4179,18.0616,15.5742,13.4781,12.0627,9
2460843.632917,-3.2290,3.2740,18.0616,15.5742,13.4781,12.0627,9
2460843.713177,-1.1295,-19.1100,18.0616,15.5742,13.4781,12.0627,9
2460843.783887,12.5637,-28.2753,18.0616,15.5742,13.4781,12.0627,9
2460844.707417,-42.4712,-24.2001,18.0616,15.5742,13.4781,12.0627,9
2460845.689837,-27.6048,-40.1115,18.0616,15.5742,13.4781,12.0627,9
2460845.718387,-41.9205,-11.6761,18.0616,15.5742,13.4781,12.0627,9
2460845.735607,-7.7771,-25.3890,18.0616,15.5742,13.4781,12.0627,9
2460846.570207,-6.5957,-44.0319,18.0616,15.5742,13.4781,12.0627,9
2460846.587237,-20.2957,3.6628,18.0616,15.5742,13.4781,12.0627,9
2460846.624077,-2.3076,5.8935,18.0616,15.5742,13.4781,12.0627,9
2460846.646707,-29.6321,-4.8397,18.0616,15.5742,13.4781,12.0627,9
2460846.691977,-39.6257,-11.6051,18.0616,15.5742,13.4781,12.0627,9
2460846.713467,-24.8495,-5.5247,18.0616,15.5742,13.4781,12.0627,9
2460846.730767,-22.3415,1.4359,18.0616,15.5742,13.4781,12.0627,9
2460846.806517,-7.6204,13.4475,18.0616,15.5742,13.4781,12.0627,9
2460846.840887,5.1859,7.1388,18.0616,15.5742,13.4781,12.0627,9
2460847.579947,-19.6829,-38.8080,18.0616,15.5742,13.4781,12.0627,9
2460847.596717,-6.9426,-27.7109,18.0616,15.5742,13.4781,12.0627,9
2460847.615297,-25.9660,-17.3483,18.0616,15.5742,13.4781,12.0627,9
2460847.652127,-14.7986,-9.1475,18.0616,15.5742,13.4781,12.0627,9
2460847.679507,-28.4777,-13.8800,18.0616,15.5742,13.4781,12.0627,9
2460847.715237,-29.2460,-32.7793,18.0616,15.5742,13.4781,12.0627,9
2460847.748347,-43.3826,2.1619,18.0616,15.5742,13.4781,12.0627,9
2460847.792777,-18.3158,-6.6028,18.0616,15.5742,13.4781,12.0627,9
2460847.811437,5.1442,-23.5698,18.0616,15.5742,13.4781,12.0627,9
2460848.577987,-16.4375,-40.3625,18.0616,15.5742,13.4781,12.0627,9
2460848.612637,-30.2714,-26.8358,18.0616,15.5742,13.4781,12.0627,9
2460848.669187,-4.5921,2.9011,18.0616,15.5742,13.4781,12.0627,9
2460850.521727,-5.9446,-11.4923,18.0616,15.5742,13.4781,12.0627,9
2460850.540357,-1.0013,-10.1328,18.0616,15.5742,13.4781,12.0627,9
2460850.556767,-18.2068,-12.5484,18.0616,15.5742,13.4781,12.0627,9
2460850.590257,-41.5344,-18.9272,18.0616,15.5742,13.4781,12.0627,9
2460850.612847,-22.6947,-6.0472,18.0616,15.5742,13.4781,12.0627,9
2460850.646117,-19.2443,7.0536,18.0616,15.5742,13.4781,12.0627,9
2460850.680307,-17.7705,2.8497,18.0616,15.5742,13.4781,12.0627,9
2460850.740917,-22.1478,12.3781,18.0616,15.5742,13.4781,12.0627,9
2460850.759037,-14.8527,1.7965,18.0616,15.5742,13.4781,12.0627,9
2460850.793597,-22.7511,6.5527,18.0616,15.5742,13.4781,12.0627,9
2460850.810277,-22.6623,-10.7319,18.0616,15.5742,13.4781,12.0627,9
2460851.521077,-11.9845,-36.5442,18.0616,15.5742,13.4781,12.0627,9
2460851.538267,-3.7747,-35.9859,18.0616,15.5742,13.4781,12.0627,9
2460851.575987,2.9178,-11.8591,18.0616,15.5742,13.4781,12.0627,9
2460851.592757,-9.7162,6.4659,18.0616,15.5742,13.4781,12.0627,9
2460851.620237,-13.6617,-1.9947,18.0616,15.5742,13.4781,12.0627,9
2460851.671237,-13.2325,-5.9105,18.0616,15.5742,13.4781,12.0627,9
2460851.688537,18.5115,-1.3386,18.0616,15.5742,13.4781,12.0627,9
2460851.705577,-11.8521,10.7883,18.0616,15.5742,13.4781,12.0627,9
2460851.732317,4.4922,-10.4020,18.0616,15.5742,13.4781,12.0627,9
2460851.751977,-12.4325,-24.0644,18.0616,15.5742,13.4781,12.0627,9
2460853.545457,-52.3547,-28.4414,18.0616,15.5742,13.4781,12.0627,9
2460853.579267,-31.5173,3.4586,18.0616,15.5742,13.4781,12.0627,9
2460853.606707,-14.9237,-4.8034,18.0616,15.5742,13.4781,12.0627,9
2460853.623457,-5.2714,9.6734,18.0616,15.5742,13.4781,12.0627,9
2460853.647317,8.5412,-40.2168,18.0616,15.5742,13.4781,12.0627,9
2460853.669297,2.4605,-1.1826,18.0616,15.5742,13.4781,12.0627,9
2460853.713327,-11.3849,-30.2657,18.0616,15.5742,13.4781,12.0627,9
2460853.730127,-38.8349,0.1744,18.0616,15.5742,13.4781,12.0627,9
2460853.751497,-7.5085,-33.6656,18.0616,15.5742,13.4781,12.0627,9
2460853.767857,3.9514,-17.0294,18.0616,15.5742,13.4781,12.0627,9
2460853.785617,-21.5934,-43.0496,18.0616,15.5742,13.4781,12.0627,9
2460854.601437,-8.7331,12.2469,18.0616,15.5742,13.4781,12.0627,9
2460854.618837,-8.7393,-16.5645,18.0616,15.5742,13.4781,12.0627,9
2460854.657637,3.6165,-2.5504,18.0616,15.5742,13.4781,12.0627,9
2460854.674127,-28.9770,-16.9740,18.0616,15.5742,13.4781,12.0627,9
2460854.708437,-5.6098,-6.3748,18.0616,15.5742,13.4781,12.0627,9
2460854.724997,-10.2945,-25.8414,18.0616,15.5742,13.4781,12.0627,9
2460854.828127,-24.2934,16.5631,18.0616,15.5742,13.4781,12.0627,9
2460855.633607,-41.1380,-11.2959,18.0616,15.5742,13.4781,12.0627,9
2460855.655267,0.2195,0.7178,18.0616,15.5742,13.4781,12.0627,9
2460855.658387,-10.4612,-17.4552,18.0616,15.5742,13.4781,12.0627,9
2460856.523487,-33.9613,-11.8431,18.0616,15.5742,13.4781,12.0627,9
2460856.542217,-2.0670,-30.6923,18.0616,15.5742,13.4781,12.0627,9
2460856.586337,-32.8671,-4.9043,18.0616,15.5742,13.4781,12.0627,9
2460856.606737,-53.1901,4.3152,18.0616,15.5742,13.4781,12.0627,9
2460856.623617,-26.1110,8.7776,18.0616,15.5742,13.4781,12.0627,9
2460856.641577,-17.6510,-8.6333,18.0616,15.5742,13.4781,12.0627,9
2460856.658337,-34.3493,-3.8795,18.0616,15.5742,13.4781,12.0627,9
2460856.690187,-16.3136,5.4665,18.0616,15.5742,13.4781,12.0627,9
2460856.707037,-44.3568,-44.8002,18.0616,15.5742,13.4781,12.0627,9
2460856.709757,-33.4965,3.1599,18.0616,15.5742,13.4781,12.0627,9
2460856.724727,-40.9081,-6.4416,18.0616,15.5742,13.4781,12.0627,9
2460856.759447,-15.2332,-16.8903,18.0616,15.5742,13.4781,12.0627,9
2460856.787817,-19.0853,6.4487,18.0616,15.5742,13.4781,12.0627,9
2460856.822807,-31.2418,0.3518,18.0616,15.5742,13.4781,12.0627,9
2460857.678437,-41.1314,-6.6788,18.0616,15.5742,13.4781,12.0627,9
2460857.718407,-18.4068,-17.8044,18.0616,15.5742,13.4781,12.0627,9
2460857.734767,-52.6550,-7.2523,18.0616,15.5742,13.4781,12.0627,9
2460857.751997,-29.3492,-10.3791,18.0616,15.5742,13.4781,12.0627,9
2460857.768527,-12.7404,-4.5313,18.0616,15.5742,13.4781,12.0627,9
2460857.815137,-14.8008,0.7992,18.0616,15.5742,13.4781,12.0627,9
2460857.831937,-41.6372,-28.5074,18.0616,15.5742,13.4781,12.0627,9
2460858.657147,-37.5847,-30.3979,18.0616,15.5742,13.4781,12.0627,9
2460858.782077,-7.2139,-17.8835,18.0616,15.5742,13.4781,12.0627,9
2460858.798887,-16.8213,-7.9527,18.0616,15.5742,13.4781,12.0627,9
2460859.497197,-4.5956,11.0231,18.0616,15.5742,13.4781,12.0627,9
2460859.513887,-26.1107,-13.0894,18.0616,15.5742,13.4781,12.0627,9
2460859.530707,-22.6319,-7.0253,18.0616,15.5742,13.4781,12.0627,9
2460859.558127,1.1980,-6.3373,18.0616,15.5742,13.4781,12.0627,9
2460859.574847,-38.8940,-19.7511,18.0616,15.5742,13.4781,12.0627,9
2460859.591437,-20.2303,-13.9378,18.0616,15.5742,13.4781,12.0627,9
2460859.608437,4.3105,-1.8141,18.0616,15.5742,13.4781,12.0627,9
2460859.669767,-29.5815,-7.5275,18.0616,15.5742,13.4781,12.0627,9
2460859.721737,-36.2991,-13.2008,18.0616,15.5742,13.4781,12.0627,9
2460859.786167,-3.3500,-9.4042,18.0616,15.5742,13.4781,12.0627,9
2460859.803157,-22.4173,-3.6128,18.0616,15.5742,13.4781,12.0627,9
2460859.821717,-2.0002,7.4685,18.0616,15.5742,13.4781,12.0627,9
2460860.554237,12.0329,-25.8480,18.0616,15.5742,13.4781,12.0627,9
2460860.575557,-35.6489,-19.4111,18.0616,15.5742,13.4781,12.0627,9
2460860.609057,-14.5843,2.7404,18.0616,15.5742,13.4781,12.0627,9
2460860.626167,8.9219,0.5278,18.0616,15.5742,13.4781,12.0627,9
2460860.706517,-41.7938,-6.3694,18.0616,15.5742,13.4781,12.0627,9
2460860.741527,-38.3428,-3.1482,18.0616,15.5742,13.4781,12.0627,9
2460860.794337,-42.9002,-2.2513,18.0616,15.5742,13.4781,12.0627,9
2460861.497487,0.9764,-1.6774,18.0616,15.5742,13.4781,12.0627,9
2460861.578257,-23.8417,-20.7764,18.0616,15.5742,13.4781,12.0627,9
2460861.639127,-27.5382,-1.4653,18.0616,15.5742,13.4781,12.0627,9
2460861.672407,-14.8413,0.2373,18.0616,15.5742,13.4781,12.0627,9
2460861.688927,-44.6569,-23.5000,18.0616,15.5742,13.4781,12.0627,9
2460861.705777,-35.0597,-26.0668,18.0616,15.5742,13.4781,12.0627,9
2460861.739827,-46.0795,1.0614,18.0616,15.5742,13.4781,12.0627,9
2460861.756817,3.6728,-21.3751,18.0616,15.5742,13.4781,12.0627,9
2460862.625917,-20.6361,-20.6698,18.0616,15.5742,13.4781,12.0627,9
2460862.692827,1.4235,4.2110,18.0616,15.5742,13.4781,12.0627,9
2460863.552467,-35.1400,-9.8802,18.0616,15.5742,13.4781,12.0627,9
2460863.586277,11.2244,-0.9933,18.0616,15.5742,13.4781,12.0627,9
2460867.609067,-15.0087,-14.9772,18.0616,15.5742,13.4781,12.0627,9
2460867.646007,-15.0704,-14.1671,18.0616,15.5742,13.4781,12.0627,9
2460867.663177,-43.9729,-19.5726,18.0616,15.5742,13.4781,12.0627,9
2460867.692217,5.8553,-11.7297,18.0616,15.5742,13.4781,12.0627,9
2460867.695907,10.8619,-33.7271,18.0616,15.5742,13.4781,12.0627,9
2460868.559777,-8.7413,-6.6783,18.0616,15.5742,13.4781,12.0627,9
2460868.576637,-3.3625,-20.9487,18.0616,15.5742,13.4781,12.0627,9
2460868.594727,9.7721,13.9309,18.0616,15.5742,13.4781,12.0627,9
2460868.613427,-25.9081,-9.6313,18.0616,15.5742,13.4781,12.0627,9
2460868.630787,-6.8156,-8.1285,18.0616,15.5742,13.4781,12.0627,9
2460868.676477,-25.3502,-14.8797,18.0616,15.5742,13.4781,12.0627,9
2460868.693867,-46.7121,-11.1455,18.0616,15.5742,13.4781,12.0627,9
2460868.710997,-27.0758,11.5427,18.0616,15.5742,13.4781,12.0627,9
2460868.728107,-13.7118,12.3231,18.0616,15.5742,13.4781,12.0627,9
2460869.520647,-12.1235,-0.0267,18.0616,15.5742,13.4781,12.0627,9
2460869.568827,-27.4088,-3.6031,18.0616,15.5742,13.4781,12.0627,9
2460869.587167,-0.2598,-15.3422,18.0616,15.5742,13.4781,12.0627,9
2460869.611927,-7.9669,0.0458,18.0616,15.5742,13.4781,12.0627,9
2460869.628997,1.8190,-16.1241,18.0616,15.5742,13.4781,12.0627,9
2460869.655697,1.8354,-4.3285,18.0616,15.5742,13.4781,12.0627,9
2460869.672897,-16.2923,3.2719,18.0616,15.5742,13.4781,12.0627,9
2460869.706737,-12.3415,2.4656,18.0616,15.5742,13.4781,12.0627,9
2460869.723747,0.3835,-22.8897,18.0616,15.5742,13.4781,12.0627,9
2460869.768507,-1.0349,6.4161,18.0616,15.5742,13.4781,12.0627,9
2460870.575637,-16.1150,-8.7610,18.0616,15.5742,13.4781,12.0627,9
2460870.648187,-27.5841,-7.3340,18.0616,15.5742,13.4781,12.0627,9
2460870.669327,-37.0961,5.6954,18.0616,15.5742,13.4781,12.0627,9
2460870.686047,-25.6002,-11.5207,18.0616,15.5742,13.4781,12.0627,9
2460870.720087,-42.3606,-16.8940,18.0616,15.5742,13.4781,12.0627,9
2460870.747777,-25.5993,1.2200,18.0616,15.5742,13.4781,12.0627,9
2460872.557907,-17.8691,0.3955,18.0616,15.5742,13.4781,12.0627,9
2460872.586687,-13.2000,-13.6734,18.0616,15.5742,13.4781,12.0627,9
2460872.603347,-16.4265,-7.8929,18.0616,15.5742,13.4781,12.0627,9
2460872.620397,-36.4996,-9.1866,18.0616,15.5742,13.4781,12.0627,9
2460872.637337,-8.1727,-24.6793,18.0616,15.5742,13.4781,12.0627,9
2460872.655837,-35.3520,-15.1942,18.0616,15.5742,13.4781,12.0627,9
2460872.683147,1.2846,3.2050,18.0616,15.5742,13.4781,12.0627,9
2460872.701447,-10.3319,-27.7135,18.0616,15.5742,13.4781,12.0627,9
2460873.490227,-30.1358,-31.4028,18.0616,15.5742,13.4781,12.0627,9
2460873.507157,-22.6875,-16.0465,18.0616,15.5742,13.4781,12.0627,9
2460873.542897,1.1352,-11.7180,18.0616,15.5742,13.4781,12.0627,9
2460873.547227,-19.1529,3.2942,18.0616,15.5742,13.4781,12.0627,9
2460873.562467,-17.0644,4.5476,18.0616,15.5742,13.4781,12.0627,9
2460873.589847,-19.3427,-5.6547,18.0616,15.5742,13.4781,12.0627,9
2460873.606447,-34.8548,-6.7413,18.0616,15.5742,13.4781,12.0627,9
2460873.642637,-14.6452,0.2736,18.0616,15.5742,13.4781,12.0627,9
2460873.661167,-6.5215,-1.1639,18.0616,15.5742,13.4781,12.0627,9
2460873.728517,-3.1895,2.6799,18.0616,15.5742,13.4781,12.0627,9
2460873.762217,-25.4588,-10.7786,18.0616,15.5742,13.4781,12.0627,9
2460873.789177,-41.9574,8.4426,18.0616,15.5742,13.4781,12.0627,9
2460874.496117,-25.3928,-3.4992,18.0616,15.5742,13.4781,12.0627,9
2460874.512947,-23.9190,-17.8243,18.0616,15.5742,13.4781,12.0627,9
2460874.530947,-29.9419,-0.3023,18.0616,15.5742,13.4781,12.0627,9
2460874.547507,-4.8043,-7.1632,18.0616,15.5742,13.4781,12.0627,9
2460874.575057,-18.6817,-23.4867,18.0616,15.5742,13.4781,12.0627,9
2460874.609337,-28.0641,-16.1277,18.0616,15.5742,13.4781,12.0627,9
2460874.628967,-4.6370,-16.9236,18.0616,15.5742,13.4781,12.0627,9
2460874.714497,4.1935,-0.9492,18.0616,15.5742,13.4781,12.0627,9
2460874.749627,-25.5392,8.4932,18.0616,15.5742,13.4781,12.0627,9
2460874.766407,-3.3712,-8.8929,18.0616,15.5742,13.4781,12.0627,9
2460875.503087,-28.5525,-5.5597,18.0616,15.5742,13.4781,12.0627,9
2460875.540107,-36.6612,-10.8652,18.0616,15.5742,13.4781,12.0627,9
2460875.578497,-14.2710,-2.2134,18.0616,15.5742,13.4781,12.0627,9
2460875.626227,-19.5178,-8.6318,18.0616,15.5742,13.4781,12.0627,9
2460875.629247,-27.7610,-1.9503,18.0616,15.5742,13.4781,12.0627,9
2460875.665427,-7.6163,11.8183,18.0616,15.5742,13.4781,12.0627,9
2460875.682357,-27.4406,3.5468,18.0616,15.5742,13.4781,12.0627,9
2460875.709467,2.5509,-7.9805,18.0616,15.5742,13.4781,12.0627,9
2460875.727487,-21.9608,-7.7627,18.0616,15.5742,13.4781,12.0627,9
2460875.767107,-5.5584,-6.3026,18.0616,15.5742,13.4781,12.0627,9
2460875.784357,-9.9304,-1.0667,18.0616,15.5742,13.4781,12.0627,9
2460876.470627,1.9899,10.9817,18.0616,15.5742,13.4781,12.0627,9
2460876.552227,-24.9426,-9.3947,18.0616,15.5742,13.4781,12.0627,9
2460876.715827,-6.4489,-1.3237,18.0616,15.5742,13.4781,12.0627,9
2460876.736257,-26.2548,4.6966,18.0616,15.5742,13.4781,12.0627,9
2460876.774537,-11.1642,-8.9260,18.0616,15.5742,13.4781,12.0627,9
2460877.465897,-20.4458,-6.6352,18.0616,15.5742,13.4781,12.0627,9
2460877.513087,-29.4152,0.6645,18.0616,15.5742,13.4781,12.0627,9
2460877.529407,-9.1544,0.3812,18.0616,15.5742,13.4781,12.0627,9
2460877.546467,-7.0324,13.8025,18.0616,15.5742,13.4781,12.0627,9
2460877.563537,5.5732,-12.9229,18.0616,15.5742,13.4781,12.0627,9
2460877.581807,-11.0551,-0.0094,18.0616,15.5742,13.4781,12.0627,9
2460877.648297,-1.3583,-27.0555,18.0616,15.5742,13.4781,12.0627,9
2460877.685847,-2.1357,-23.4228,18.0616,15.5742,13.4781,12.0627,9
2460877.741917,-18.6220,-8.5883,18.0616,15.5742,13.4781,12.0627,9
2460877.758877,-28.5866,-18.0413,18.0616,15.5742,13.4781,12.0627,9
2460878.523177,11.9377,-8.7290,18.0616,15.5742,13.4781,12.0627,9
2460878.688987,-21.9945,3.6586,18.0616,15.5742,13.4781,12.0627,9
2460878.738917,-1.4070,14.0198,18.0616,15.5742,13.4781,12.0627,9
2460879.563547,-38.9141,-18.4579,18.0616,15.5742,13.4781,12.0627,9
2460879.631677,-14.2186,-6.3526,18.0616,15.5742,13.4781,12.0627,9
2460879.658537,-29.8523,-23.2059,18.0616,15.5742,13.4781,12.0627,9
2460879.676567,-17.2408,-16.9305,18.0616,15.5742,13.4781,12.0627,9
2460879.709647,-11.0477,3.6499,18.0616,15.5742,13.4781,12.0627,9
2460879.743207,7.2100,-29.6751,18.0616,15.5742,13.4781,12.0627,9
2460880.512847,-2.7807,4.8146,18.0616,15.5742,13.4781,12.0627,9
2460880.573597,-35.7432,-0.6297,18.0616,15.5742,13.4781,12.0627,9
2460880.606677,-14.0942,10.5162,18.0616,15.5742,13.4781,12.0627,9
2460880.684727,-8.8028,-3.0172,18.0616,15.5742,13.4781,12.0627,9
2460880.701147,-24.1458,10.5400,18.0616,15.5742,13.4781,12.0627,9
2460880.717837,-13.6519,7.5828,18.0616,15.5742,13.4781,12.0627,9
2460881.542887,-35.3551,-1.1904,18.0616,15.5742,13.4781,12.0627,9
2460881.572997,-8.7846,-15.2557,18.0616,15.5742,13.4781,12.0627,9
2460881.590517,-0.7683,-3.7491,18.0616,15.5742,13.4781,12.0627,9
2460881.607767,0.6823,8.3675,18.0616,15.5742,13.4781,12.0627,9
2460881.624977,-14.1195,0.9585,18.0616,15.5742,13.4781,12.0627,9
2460881.641797,-18.8367,-1.8883,18.0616,15.5742,13.4781,12.0627,9
2460881.668797,4.0858,-19.1166,18.0616,15.5742,13.4781,12.0627,9
2460881.702047,-37.3354,-6.9883,18.0616,15.5742,13.4781,12.0627,9
2460882.517517,0.3925,-16.4583,18.0616,15.5742,13.4781,12.0627,9
2460882.630397,3.3712,3.3411,18.0616,15.5742,13.4781,12.0627,9
2460882.708477,-11.6630,-1.1730,18.0616,15.5742,13.4781,12.0627,9
2460894.525557,-17.9705,-12.6763,18.0616,15.5742,13.4781,12.0627,9
2460894.588457,-14.8820,-3.4007,18.0616,15.5742,13.4781,12.0627,9
2460894.606607,-16.0146,-31.9273,18.0616,15.5742,13.4781,12.0627,9
2460895.576687,10.7299,11.5381,18.0616,15.5742,13.4781,12.0627,9
2460895.612557,-29.8724,7.7437,18.0616,15.5742,13.4781,12.0627,9
2460896.514637,-17.5555,-18.7153,18.0616,15.5742,13.4781,12.0627,9
2460896.531677,-6.1105,7.2461,18.0616,15.5742,13.4781,12.0627,9
2460896.552997,12.4560,15.8463,18.0616,15.5742,13.4781,12.0627,9
2460896.570587,-23.2299,-0.4708,18.0616,15.5742,13.4781,12.0627,9
2460898.475727,-3.4158,-0.4444,18.0616,15.5742,13.4781,12.0627,9
2460898.492727,-21.2164,-1.5999,18.0616,15.5742,13.4781,12.0627,9
2460898.513607,6.3511,-9.0216,18.0616,15.5742,13.4781,12.0627,9
2460898.540667,-12.0305,-19.9537,18.0616,15.5742,13.4781,12.0627,9
2460898.627107,-19.5373,-8.9092,18.0616,15.5742,13.4781,12.0627,9
2460898.654077,-20.2858,-7.0044,18.0616,15.5742,13.4781,12.0627,9
2460898.670997,-20.2077,-25.1508,18.0616,15.5742,13.4781,12.0627,9
2460898.689137,-5.1504,2.6896,18.0616,15.5742,13.4781,12.0627,9
2460898.706497,-18.4856,0.4359,18.0616,15.5742,13.4781,12.0627,9
2460899.556287,-32.8456,-9.8983,18.0616,15.5742,13.4781,12.0627,9
2460899.573087,-6.2582,13.2401,18.0616,15.5742,13.4781,12.0627,9
2460899.590197,-15.7003,-4.9385,18.0616,15.5742,13.4781,12.0627,9
2460899.608057,-19.1201,-3.6362,18.0616,15.5742,13.4781,12.0627,9
2460899.669737,-0.6658,-18.8461,18.0616,15.5742,13.4781,12.0627,9
2460899.694007,-10.6700,-18.4946,18.0616,15.5742,13.4781,12.0627,9
2460899.711967,10.6686,7.4071,18.0616,15.5742,13.4781,12.0627,9
2460900.502887,-11.2532,14.0014,18.0616,15.5742,13.4781,12.0627,9
2460900.549847,-29.8521,-12.7580,18.0616,15.5742,13.4781,12.0627,9
2460900.567177,-6.3043,-11.0580,18.0616,15.5742,13.4781,12.0627,9
2460900.631467,-18.0466,-17.7914,18.0616,15.5742,13.4781,12.0627,9
2460901.492987,-3.9630,9.2013,18.0616,15.5742,13.4781,12.0627,9
2460901.633097,2.6309,-4.3504,18.0616,15.5742,13.4781,12.0627,9
2460901.689147,-8.5753,-3.4678,18.0616,15.5742,13.4781,12.0627,9
2460902.558717,-22.0719,-13.8507,18.0616,15.5742,13.4781,12.0627,9
2460904.486137,-17.1102,-10.7489,18.0616,15.5742,13.4781,12.0627,9
2460904.574127,-2.5507,1.7635,18.0616,15.5742,13.4781,12.0627,9
2460904.627217,-9.0301,-20.5083,18.0616,15.5742,13.4781,12.0627,9
2460904.644197,-12.9470,-24.1866,18.0616,15.5742,13.4781,12.0627,9
2460908.589587,-21.3604,-22.1311,18.0616,15.5742,13.4781,12.0627,9
2460908.607917,-35.1937,-10.3685,18.0616,15.5742,13.4781,12.0627,9
2460908.656167,-7.1588,-12.3100,18.0616,15.5742,13.4781,12.0627,9
2460908.673077,-13.8469,-8.7066,18.0616,15.5742,13.4781,12.0627,9
2460911.517457,-7.0831,-34.2550,18.0616,15.5742,13.4781,12.0627,9
2460912.529737,-14.6238,-34.1148,18.0616,15.5742,13.4781,12.0627,9
2460912.583097,-10.5071,-34.1488,18.0616,15.5742,13.4781,12.0627,9
2460912.608887,-19.8020,-27.5703,18.0616,15.5742,13.4781,12.0627,9
2460912.659107,-21.0672,-36.7465,18.0616,15.5742,13.4781,12.0627,9
2460913.489587,-18.8894,-28.8289,18.0616,15.5742,13.4781,12.0627,9
2460913.508647,-12.0749,7.0827,18.0616,15.5742,13.4781,12.0627,9
2460913.544587,-6.1727,-39.6498,18.0616,15.5742,13.4781,12.0627,9
2460913.566057,-34.1706,-4.5896,18.0616,15.5742,13.4781,12.0627,9
2460913.583097,5.5926,1.1287,18.0616,15.5742,13.4781,12.0627,9
2460913.613707,3.9914,-18.2391,18.0616,15.5742,13.4781,12.0627,9
2460913.630947,-7.2764,9.7500,18.0616,15.5742,13.4781,12.0627,9
2460913.664907,-13.1207,-14.9017,18.0616,15.5742,13.4781,12.0627,9
2460914.475297,-6.0518,-7.7900,18.0616,15.5742,13.4781,12.0627,9
2460914.502387,-31.5204,-25.7165,18.0616,15.5742,13.4781,12.0627,9
2460914.537587,-9.8291,-9.6672,18.0616,15.5742,13.4781,12.0627,9
2460914.571217,-21.7858,-14.9690,18.0616,15.5742,13.4781,12.0627,9
2460914.617967,-0.8499,-15.1075,18.0616,15.5742,13.4781,12.0627,9
2460914.620817,-25.6730,11.4955,18.0616,15.5742,13.4781,12.0627,9
2460914.639777,-18.2353,-6.9649,18.0616,15.5742,13.4781,12.0627,9
2460915.505997,-29.7200,-9.0322,18.0616,15.5742,13.4781,12.0627,9
2460915.558747,-18.8373,-15.6687,18.0616,15.5742,13.4781,12.0627,9
2460915.576897,0.3116,-11.1313,18.0616,15.5742,13.4781,12.0627,9
2460915.621967,-9.2980,-3.2414,18.0616,15.5742,13.4781,12.0627,9
2460915.638697,-15.1078,17.9049,18.0616,15.5742,13.4781,12.0627,9
2460915.655707,-15.8589,-6.1043,18.0616,15.5742,13.4781,12.0627,9
2460915.672347,-19.5768,-16.8927,18.0616,15.5742,13.4781,12.0627,9
2460916.493737,-33.4701,-5.2068,18.0616,15.5742,13.4781,12.0627,9
2460916.515237,-19.2680,4.9935,18.0616,15.5742,13.4781,12.0627,9
2460916.531797,-12.4230,-11.4345,18.0616,15.5742,13.4781,12.0627,9
2460916.548677,-23.3718,4.2442,18.0616,15.5742,13.4781,12.0627,9
2460916.565167,-6.9965,-5.8568,18.0616,15.5742,13.4781,12.0627,9
2460916.594297,-4.0110,14.5539,18.0616,15.5742,13.4781,12.0627,9
2460916.629637,-29.0058,-40.2245,18.0616,15.5742,13.4781,12.0627,9
2460923.641627,-8.1940,-9.4049,18.0616,15.5742,13.4781,12.0627,9
2460924.481007,-1.1755,0.8358,18.0616,15.5742,13.4781,12.0627,9
2460924.517707,-31.2979,-11.4653,18.0616,15.5742,13.4781,12.0627,9
2460924.549247,-5.7104,-15.9834,18.0616,15.5742,13.4781,12.0627,9
2460924.583687,-30.4374,-15.9353,18.0616,15.5742,13.4781,12.0627,9
2460924.600307,-8.5636,-4.6880,18.0616,15.5742,13.4781,12.0627,9
2460924.616917,-14.4432,8.7636,18.0616,15.5742,13.4781,12.0627,9
2460927.482517,-24.4975,-25.5203,18.0616,15.5742,13.4781,12.0627,9
2460927.533127,-21.5289,-12.9228,18.0616,15.5742,13.4781,12.0627,9
2460927.560517,-17.2913,-12.1429,18.0616,15.5742,13.4781,12.0627,9
2460927.633017,-3.4217,-7.9553,18.0616,15.5742,13.4781,12.0627,9
2460928.527917,-23.0455,-11.5760,18.0616,15.5742,13.4781,12.0627,9
2460928.530997,-13.4347,-7.2899,18.0616,15.5742,13.4781,12.0627,9
2460928.546247,-6.6731,-22.3943,18.0616,15.5742,13.4781,12.0627,9
2460928.563457,-27.2066,-6.9354,18.0616,15.5742,13.4781,12.0627,9
2460929.494207,-4.6387,-11.7683,18.0616,15.5742,13.4781,12.0627,9
2460929.511027,-32.2916,-21.5422,18.0616,15.5742,13.4781,12.0627,9
2460929.561727,-24.2675,-7.9956,18.0616,15.5742,13.4781,12.0627,9
2460930.505047,-25.7447,-1.3974,18.0616,15.5742,13.4781,12.0627,9
2460930.540967,-35.4076,0.6080,18.0616,15.5742,13.4781,12.0627,9
2460930.559577,-35.0590,-6.6821,18.0616,15.5742,13.4781,12.0627,9
2460930.577677,-3.5399,-1.6105,18.0616,15.5742,13.4781,12.0627,9
2460930.605497,-5.7368,-8.2781,18.0616,15.5742,13.4781,12.0627,9
2460931.488687,-22.3665,-23.0824,18.0616,15.5742,13.4781,12.0627,9
2460931.514567,-14.1589,-2.0940,18.0616,15.5742,13.4781,12.0627,9
2460931.561627,-5.3572,-3.2128,18.0616,15.5742,13.4781,12.0627,9
2460931.581257,-13.2961,11.6865,18.0616,15.5742,13.4781,12.0627,9
2460931.598287,13.5224,-16.4717,18.0616,15.5742,13.4781,12.0627,9
2460931.615257,6.2523,-11.8563,18.0616,15.5742,13.4781,12.0627,9
2460932.538497,1.0613,-3.7960,18.0616,15.5742,13.4781,12.0627,9
2460933.484387,-12.4696,-2.0491,18.0616,15.5742,13.4781,12.0627,9
2460934.488107,-1.5461,5.8170,18.0616,15.5742,13.4781,12.0627,9
2460934.520517,-20.9725,-8.8086,18.0616,15.5742,13.4781,12.0627,9
2460934.537067,-2.1933,4.7248,18.0616,15.5742,13.4781,12.0627,9
2460934.614697,-20.5601,5.1518,18.0616,15.5742,13.4781,12.0627,9
2460935.518797,-2.0938,-4.6278,18.0616,15.5742,13.4781,12.0627,9
2460935.554547,-10.6417,-3.7505,18.0616,15.5742,13.4781,12.0627,9
2460935.581767,-15.9962,-3.6126,18.0616,15.5742,13.4781,12.0627,9
2460936.486087,-17.2121,-3.3336,18.0616,15.5742,13.4781,12.0627,9
2460936.503347,-24.1488,-4.2231,18.0616,15.5742,13.4781,12.0627,9
2460936.530617,0.7447,-10.6651,18.0616,15.5742,13.4781,12.0627,9
2460936.547657,-32.2439,11.4201,18.0616,15.5742,13.4781,12.0627,9
2460936.564397,10.4346,0.7028,18.0616,15.5742,13.4781,12.0627,9
2460936.597787,-15.4296,13.2574,18.0616,15.5742,13.4781,12.0627,9
2460937.493247,-16.0745,2.2744,18.0616,15.5742,13.4781,12.0627,9
2460937.510267,-12.8117,-13.0161,18.0616,15.5742,13.4781,12.0627,9
2460937.555407,2.9816,-5.3537,18.0616,15.5742,13.4781,12.0627,9
2460937.571847,-0.7409,-6.4394,18.0616,15.5742,13.4781,12.0627,9
2460937.588367,-19.5500,8.7914,18.0616,15.5742,13.4781,12.0627,9
2460937.609427,-6.3495,-6.2471,18.0616,15.5742,13.4781,12.0627,9
2460941.539947,-19.8398,6.7259,18.0616,15.5742,13.4781,12.0627,9
2460941.558117,-3.6740,5.0796,18.0616,15.5742,13.4781,12.0627,9
2460941.574427,-27.7225,-3.1524,18.0616,15.5742,13.4781,12.0627,9
2460942.510237,0.4323,-24.0878,18.0616,15.5742,13.4781,12.0627,9
2460942.527067,-17.7364,-3.0971,18.0616,15.5742,13.4781,12.0627,9
2460942.564937,-10.5737,15.8465,18.0616,15.5742,13.4781,12.0627,9
2460942.581327,-9.6912,4.3932,18.0616,15.5742,13.4781,12.0627,9
2460943.494827,-21.3853,-5.0549,18.0616,15.5742,13.4781,12.0627,9
2460943.545957,-32.1343,-12.2992,18.0616,15.5742,13.4781,12.0627,9
2460943.562747,9.5578,15.1808,18.0616,15.5742,13.4781,12.0627,9
2460944.497047,-12.9741,-21.8171,18.0616,15.5742,13.4781,12.0627,9
2460949.548607,-11.2286,19.8284,18.0616,15.5742,13.4781,12.0627,9
2460950.491357,-1.1758,12.4020,18.0616,15.5742,13.4781,12.0627,9
2460950.538837,-10.2288,-29.0188,18.0616,15.5742,13.4781,12.0627,9
2460950.556897,-17.1675,-17.2386,18.0616,15.5742,13.4781,12.0627,9
2460951.493367,-26.6485,14.0413,18.0616,15.5742,13.4781,12.0627,9
2460951.510697,3.8504,-8.5521,18.0616,15.5742,13.4781,12.0627,9
2460953.495367,-17.3098,-27.2763,18.0616,15.5742,13.4781,12.0627,9
2460953.532607,14.2569,2.0899,18.0616,15.5742,13.4781,12.0627,9
2460953.556337,-12.7010,2.5140,18.0616,15.5742,13.4781,12.0627,9
2460954.539697,-2.0876,-48.1877,18.0616,15.5742,13.4781,12.0627,9
2460956.499827,1.6290,16.2048,18.0616,15.5742,13.4781,12.0627,9
2460956.531777,13.3957,19.4324,18.0616,15.5742,13.4781,12.0627,9
2460957.497257,1.7770,-18.0925,18.0616,15.5742,13.4781,12.0627,9
2460957.514017,-14.5554,-3.7006,18.0616,15.5742,13.4781,12.0627,9
2460960.517877,-1.9362,-26.6114,18.0616,15.5742,13.4781,12.0627,9
2460960.534747,-13.3729,-49.9935,18.0616,15.5742,13.4781,12.0627,9
2460960.552127,-17.3696,-10.9897,18.0616,15.5742,13.4781,12.0627,9
2460961.535907,0.0922,-14.7416,18.0616,15.5742,13.4781,12.0627,9
2460962.525147,-3.6613,-25.3102,18.0616,15.5742,13.4781,12.0627,9
2460964.498127,-10.1260,-19.3833,18.0616,15.5742,13.4781,12.0627,9
2460964.519867,23.2105,-35.3896,18.0616,15.5742,13.4781,12.0627,9
2460964.541027,7.0132,-38.7767,18.0616,15.5742,13.4781,12.0627,9
2461092.896077,-10.8465,-40.9286,18.0616,15.5742,14.0011,14.2181,10
2461093.877757,-14.0087,-32.3699,18.0616,15.5742,14.0011,14.2181,10
2461093.894697,-10.1224,-29.7031,18.0616,15.5742,14.0011,14.2181,10
2461094.860767,-30.6334,-28.4301,18.0616,15.5742,14.0011,14.2181,10
2461094.877537,-22.3919,-13.5144,18.0616,15.5742,14.0011,14.2181,10
2461094.895787,5.1250,-8.1230,18.0616,15.5742,14.0011,14.2181,10
2461095.854527,-12.7698,-16.0305,18.0616,15.5742,14.0011,14.2181,10
2461096.869517,-11.3891,-9.8852,18.0616,15.5742,14.0011,14.2181,10
2461097.857577,0.6598,-26.4571,18.0616,15.5742,14.0011,14.2181,10
2461097.877077,-7.2367,-21.7979,18.0616,15.5742,14.0011,14.2181,10
2461098.885297,5.9255,-9.4619,18.0616,15.5742,14.0011,14.2181,10
2461099.849637,-5.5573,-31.9980,18.0616,15.5742,14.0011,14.2181,10
2461099.877667,-2.5840,-8.9826,18.0616,15.5742,14.0011,14.2181,10
2461100.839817,-8.2689,-14.7235,18.0616,15.5742,14.0011,14.2181,10
2461101.886797,-32.0846,-34.1099,18.0616,15.5742,14.0011,14.2181,10
2461101.903757,-14.2549,0.5354,18.0616,15.5742,14.0011,14.2181,10
2461102.839167,-22.2581,-13.4817,18.0616,15.5742,14.0011,14.2181,10
2461102.860537,-27.7982,-23.3889,18.0616,15.5742,14.0011,14.2181,10
2461103.866187,-7.9810,-13.6890,18.0616,15.5742,14.0011,14.2181,10
2461104.845687,-2.5403,0.5693,18.0616,15.5742,14.0011,14.2181,10
2461104.865177,-8.7369,-1.1816,18.0616,15.5742,14.0011,14.2181,10
2461105.843997,-23.0159,-13.2206,18.0616,15.5742,14.0011,14.2181,10
2461105.860527,7.3687,-19.3065,18.0616,15.5742,14.0011,14.2181,10
2461105.879307,-10.2870,-19.3507,18.0616,15.5742,14.0011,14.2181,10
2461106.846427,-4.6009,-22.8798,18.0616,15.5742,14.0011,14.2181,10
2461106.865277,-15.2330,-30.4249,18.0616,15.5742,14.0011,14.2181,10
2461106.882147,-14.6051,-20.1614,18.0616,15.5742,14.0011,14.2181,10
2461108.844047,-22.6774,-24.7730,18.0616,15.5742,14.0011,14.2181,10
2461108.861287,-18.0551,-24.5311,18.0616,15.5742,14.0011,14.2181,10
2461108.888847,-16.1125,-24.4007,18.0616,15.5742,14.0011,14.2181,10
2461109.838037,6.1267,-7.2541,18.0616,15.5742,14.0011,14.2181,10
2461109.865757,-3.7314,-15.2727,18.0616,15.5742,14.0011,14.2181,10
2461109.882297,-22.8817,-6.5446,18.0616,15.5742,14.0011,14.2181,10
2461109.885167,-17.0464,-17.0060,18.0616,15.5742,14.0011,14.2181,10
2461109.902937,-18.4986,-12.6281,18.0616,15.5742,14.0011,14.2181,10
2461112.813367,-1.8111,-35.1700,18.0616,15.5742,14.0011,14.2181,10
2461112.840767,-21.0275,6.7000,18.0616,15.5742,14.0011,14.2181,10
2461112.862137,2.6140,-0.9875,18.0616,15.5742,14.0011,14.2181,10
2461113.838607,-33.3061,-8.8908,18.0616,15.5742,14.0011,14.2181,10
2461113.855207,-17.1656,5.3977,18.0616,15.5742,14.0011,14.2181,10
2461113.893257,-19.1002,-8.3843,18.0616,15.5742,14.0011,14.2181,10
2461114.799837,-13.6130,-20.9464,18.0616,15.5742,14.0011,14.2181,10
2461114.834357,8.8599,5.8171,18.0616,15.5742,14.0011,14.2181,10
2461114.878237,-31.6256,-20.0232,18.0616,15.5742,14.0011,14.2181,10
2461114.895507,-6.7600,-12.5186,18.0616,15.5742,14.0011,14.2181,10
2461115.834387,-4.1326,-8.0731,18.0616,15.5742,14.0011,14.2181,10
2461115.851147,-23.3391,-29.7288,18.0616,15.5742,14.0011,14.2181,10
2461115.853997,-11.6716,-4.4487,18.0616,15.5742,14.0011,14.2181,10
2461115.872367,-18.1979,-11.8724,18.0616,15.5742,14.0011,14.2181,10
2461115.906567,-22.4302,-16.3576,18.0616,15.5742,14.0011,14.2181,10
2461116.844907,-10.9925,-6.5611,18.0616,15.5742,14.0011,14.2181,10
2461116.878947,-7.3122,-4.1295,18.0616,15.5742,14.0011,14.2181,10
2461116.906507,-10.1913,-14.4437,18.0616,15.5742,14.0011,14.2181,10
2461117.793827,-0.7218,2.3798,18.0616,15.5742,14.0011,14.2181,10
2461117.811907,-7.6461,-10.1633,18.0616,15.5742,14.0011,14.2181,10
2461117.856527,-11.1898,-10.7444,18.0616,15.5742,14.0011,14.2181,10
2461118.821697,-19.9865,-17.9431,18.0616,15.5742,14.0011,14.2181,10
2461119.888357,-13.6786,-19.0648,18.0616,15.5742,14.0011,14.2181,10
2461119.904897,2.5401,-31.5822,18.0616,15.5742,14.0011,14.2181,10
2461121.866687,0.9282,-8.2235,18.0616,15.5742,14.0011,14.2181,10
2461121.899537,-31.3376,-15.8419,18.0616,15.5742,14.0011,14.2181,10
2461122.872687,-5.6228,-3.1323,18.0616,15.5742,14.0011,14.2181,10
2461122.889037,-2.4469,-20.1794,18.0616,15.5742,14.0011,14.2181,10
2461123.797947,8.0836,-10.5119,18.0616,15.5742,14.0011,14.2181,10
2461123.814957,-8.0538,-5.4267,18.0616,15.5742,14.0011,14.2181,10
2461125.770587,-11.7108,-24.0844,18.0616,15.5742,14.0011,14.2181,10
2461125.787317,-27.6667,-31.0030,18.0616,15.5742,14.0011,14.2181,10
2461125.803647,-23.8210,2.6180,18.0616,15.5742,14.0011,14.2181,10
2461125.830647,-14.7043,-14.3644,18.0616,15.5742,14.0011,14.2181,10
2461125.865617,-3.4805,-26.0231,18.0616,15.5742,14.0011,14.2181,10
2461125.884857,-18.7132,-0.1510,18.0616,15.5742,14.0011,14.2181,10
2461125.907287,-7.6927,-19.8494,18.0616,15.5742,14.0011,14.2181,10
2461126.800607,-18.9323,11.0121,18.0616,15.5742,14.0011,14.2181,10
2461126.816137,-29.3001,-19.6818,18.0616,15.5742,14.0011,14.2181,10
2461126.901477,-24.8558,-4.1301,18.0616,15.5742,14.0011,14.2181,10
2461127.841437,-28.8653,-11.8633,18.0616,15.5742,14.0011,14.2181,10
2461127.875447,-16.1215,2.3048,18.0616,15.5742,14.0011,14.2181,10
2461128.778147,-33.8044,-10.7140,18.0616,15.5742,14.0011,14.2181,10
2461128.812927,-28.3192,-5.8941,18.0616,15.5742,14.0011,14.2181,10
2461128.907887,-14.2196,1.3052,18.0616,15.5742,14.0011,14.2181,10
2461129.762767,-32.8684,-7.3968,18.0616,15.5742,14.0011,14.2181,10
2461129.818457,-11.0967,-17.0356,18.0616,15.5742,14.0011,14.2181,10
2461129.835097,-1.0186,-5.8243,18.0616,15.5742,14.0011,14.2181,10
2461129.862397,6.9898,0.2675,18.0616,15.5742,14.0011,14.2181,10
2461129.903337,-10.3382,0.9778,18.0616,15.5742,14.0011,14.2181,10
2461130.798877,-14.2457,-5.2040,18.0616,15.5742,14.0011,14.2181,10
2461130.851247,-0.5374,-11.9876,18.0616,15.5742,14.0011,14.2181,10
2461131.763857,-8.1409,-2.9106,18.0616,15.5742,14.0011,14.2181,10
2461131.780477,2.0697,-31.7181,18.0616,15.5742,14.0011,14.2181,10
2461133.779777,-36.7469,-20.8876,18.0616,15.5742,14.0011,14.2181,10
2461133.796837,-6.1918,-30.5437,18.0616,15.5742,14.0011,14.2181,10
2461133.824447,-25.8258,-1.7952,18.0616,15.5742,14.0011,14.2181,10
2461133.843127,-4.8707,-32.0974,18.0616,15.5742,14.0011,14.2181,10
2461133.896247,-19.3428,-2.3515,18.0616,15.5742,14.0011,14.2181,10
2461134.864487,-26.7043,-10.8842,18.0616,15.5742,14.0011,14.2181,10
2461134.882847,-26.4198,-26.6912,18.0616,15.5742,14.0011,14.2181,10
2461134.899847,-3.2472,-16.9744,18.0616,15.5742,14.0011,14.2181,10
2461135.743517,-33.8251,0.9664,18.0616,15.5742,14.0011,14.2181,10
2461135.759957,-13.3771,-28.3127,18.0616,15.5742,14.0011,14.2181,10
2461135.776907,-25.3836,-21.1211,18.0616,15.5742,14.0011,14.2181,10
2461135.793427,-30.9192,-5.3464,18.0616,15.5742,14.0011,14.2181,10
2461135.811607,-16.6474,-0.4325,18.0616,15.5742,14.0011,14.2181,10
2461136.759147,-14.1102,-13.7818,18.0616,15.5742,14.0011,14.2181,10
2461136.776227,-4.0346,-4.9743,18.0616,15.5742,14.0011,14.2181,10
2461136.794417,0.3817,-6.7135,18.0616,15.5742,14.0011,14.2181,10
2461136.827987,-9.5072,8.2337,18.0616,15.5742,14.0011,14.2181,10
2461136.855377,-19.0616,-6.5745,18.0616,15.5742,14.0011,14.2181,10
2461136.890787,-9.3703,-6.1792,18.0616,15.5742,14.0011,14.2181,10
2461136.907987,-30.5683,-34.4311,18.0616,15.5742,14.0011,14.2181,10
2461139.786687,-11.8917,-16.6873,18.0616,15.5742,14.0011,14.2181,10
2461140.730687,-18.2979,-27.6884,18.0616,15.5742,14.0011,14.2181,10
2461140.792017,-5.0151,-26.7680,18.0616,15.5742,14.0011,14.2181,10
2461141.749547,-29.0354,-17.2454,18.0616,15.5742,14.0011,14.2181,10
2461141.805377,-30.6866,4.2092,18.0616,15.5742,14.0011,14.2181,10
2461141.823297,-6.5209,-22.3685,18.0616,15.5742,14.0011,14.2181,10
2461141.850357,-16.0948,-10.2817,18.0616,15.5742,14.0011,14.2181,10
2461141.871237,-11.5771,-14.0161,18.0616,15.5742,14.0011,14.2181,10
2461141.887957,-35.9051,-17.9351,18.0616,15.5742,14.0011,14.2181,10
2461141.904997,-24.2348,4.6291,18.0616,15.5742,14.0011,14.2181,10
2461142.741727,-14.2435,-18.9987,18.0616,15.5742,14.0011,14.2181,10
2461142.764527,-7.2290,-9.1536,18.0616,15.5742,14.0011,14.2181,10
2461142.797767,-30.7007,-12.2659,18.0616,15.5742,14.0011,14.2181,10
2461142.890697,-15.0011,2.6553,18.0616,15.5742,14.0011,14.2181,10
2461142.924587,-18.9955,-6.9866,18.0616,15.5742,14.0011,14.2181,10
2461144.883827,-38.6090,-17.8284,18.0616,15.5742,14.0011,14.2181,10
2461144.905307,-32.0446,-2.3994,18.0616,15.5742,14.0011,14.2181,10
2461145.727907,-14.6451,-8.6208,18.0616,15.5742,14.0011,14.2181,10
2461145.773737,-16.7414,-15.1768,18.0616,15.5742,14.0011,14.2181,10
2461145.791027,0.6453,-13.2789,18.0616,15.5742,14.0011,14.2181,10
2461145.825067,-19.5082,0.2496,18.0616,15.5742,14.0011,14.2181,10
2461145.853157,-19.7547,-36.2049,18.0616,15.5742,14.0011,14.2181,10
2461145.904777,-19.6902,-0.6819,18.0616,15.5742,14.0011,14.2181,10
2461146.711357,-20.3148,-34.2905,18.0616,15.5742,14.0011,14.2181,10
2461146.733447,-8.1458,-8.9873,18.0616,15.5742,14.0011,14.2181,10
2461146.762467,-16.0305,-1.2358,18.0616,15.5742,14.0011,14.2181,10
2461146.810917,-28.0873,-5.8331,18.0616,15.5742,14.0011,14.2181,10
2461146.861507,-21.3487,-10.2238,18.0616,15.5742,14.0011,14.2181,10
2461146.878307,-17.1492,-12.9811,18.0616,15.5742,14.0011,14.2181,10
2461146.922797,-31.6338,-20.3696,18.0616,15.5742,14.0011,14.2181,10
2461147.802757,-14.0313,-22.0607,18.0616,15.5742,14.0011,14.2181,10
2461147.820167,-34.7739,-10.1731,18.0616,15.5742,14.0011,14.2181,10
2461147.841507,-12.6459,-24.8164,18.0616,15.5742,14.0011,14.2181,10
2461147.858087,-22.5076,-29.6118,18.0616,15.5742,14.0011,14.2181,10
2461147.913297,-40.4164,-0.9660,18.0616,15.5742,14.0011,14.2181,10
2461148.708797,3.2332,-26.0398,18.0616,15.5742,14.0011,14.2181,10
2461148.726027,3.9192,-14.6022,18.0616,15.5742,14.0011,14.2181,10
2461148.756877,-8.1472,-1.5888,18.0616,15.5742,14.0011,14.2181,10
2461148.774047,-11.7872,-3.6186,18.0616,15.5742,14.0011,14.2181,10
2461148.793037,-8.1890,-3.4385,18.0616,15.5742,14.0011,14.2181,10
2461148.855007,-22.9026,-7.8558,18.0616,15.5742,14.0011,14.2181,10
2461149.732637,-19.5013,-15.2939,18.0616,15.5742,14.0011,14.2181,10
2461149.751407,-20.0291,-10.8824,18.0616,15.5742,14.0011,14.2181,10
2461149.768777,-14.4863,-5.7936,18.0616,15.5742,14.0011,14.2181,10
2461149.805977,-14.8717,-0.9233,18.0616,15.5742,14.0011,14.2181,10
2461150.757577,-15.8645,-23.9447,18.0616,15.5742,14.0011,14.2181,10
2461150.791177,-19.9619,2.7426,18.0616,15.5742,14.0011,14.2181,10
2461150.820977,-16.8310,-3.2169,18.0616,15.5742,14.0011,14.2181,10
2461150.840737,-19.3340,-4.0807,18.0616,15.5742,14.0011,14.2181,10
2461150.857487,-13.2621,-8.4907,18.0616,15.5742,14.0011,14.2181,10
2461151.813077,-2.6597,-21.3309,18.0616,15.5742,14.0011,14.2181,10
2461151.847017,-37.6318,-7.5229,18.0616,15.5742,14.0011,14.2181,10
2461151.915767,-6.5193,-4.3992,18.0616,15.5742,14.0011,14.2181,10
2461152.710587,-19.7643,-19.2347,18.0616,15.5742,14.0011,14.2181,10
2461152.755607,-40.8560,1.0335,18.0616,15.5742,14.0011,14.2181,10
2461152.772767,-25.5363,-14.4507,18.0616,15.5742,14.0011,14.2181,10
2461152.790317,-35.0353,-21.4475,18.0616,15.5742,14.0011,14.2181,10
2461152.807307,-5.6335,-18.1072,18.0616,15.5742,14.0011,14.2181,10
2461152.834747,-19.4652,2.8587,18.0616,15.5742,14.0011,14.2181,10
2461152.851377,-19.6679,-10.4851,18.0616,15.5742,14.0011,14.2181,10
2461152.870957,-15.0352,1.6959,18.0616,15.5742,14.0011,14.2181,10
2461152.888017,-22.1888,-3.6395,18.0616,15.5742,14.0011,14.2181,10
2461153.688757,-24.5079,-9.5200,18.0616,15.5742,14.0011,14.2181,10
2461153.843107,-8.5423,-3.1347,18.0616,15.5742,14.0011,14.2181,10
2461153.859797,-18.7719,-15.1253,18.0616,15.5742,14.0011,14.2181,10
2461153.862997,-21.3114,0.9908,18.0616,15.5742,14.0011,14.2181,10
2461153.907837,-27.2259,-3.4709,18.0616,15.5742,14.0011,14.2181,10
2461154.760747,-18.0024,-18.1013,18.0616,15.5742,14.0011,14.2181,10
2461154.763507,-21.6715,-24.6343,18.0616,15.5742,14.0011,14.2181,10
2461154.905997,-28.2583,-22.8777,18.0616,15.5742,14.0011,14.2181,10
2461154.922887,-19.1291,-15.2663,18.0616,15.5742,14.0011,14.2181,10
2461155.743727,-29.9911,-18.6851,18.0616,15.5742,14.0011,14.2181,10
2461155.789787,-5.6256,-11.2031,18.0616,15.5742,14.0011,14.2181,10
2461156.682727,-17.9913,-9.3292,18.0616,15.5742,14.0011,14.2181,10
2461156.746107,-19.2572,-17.1808,18.0616,15.5742,14.0011,14.2181,10
2461156.767697,-19.7836,-5.6820,18.0616,15.5742,14.0011,14.2181,10
2461156.784847,-18.9398,-11.4431,18.0616,15.5742,14.0011,14.2181,10
2461156.802427,-6.8263,-28.4498,18.0616,15.5742,14.0011,14.2181,10
2461156.819017,-13.5092,-5.2555,18.0616,15.5742,14.0011,14.2181,10
2461156.864157,-24.1916,-14.0025,18.0616,15.5742,14.0011,14.2181,10
2461156.899647,-15.7538,-17.4048,18.0616,15.5742,14.0011,14.2181,10
2461156.918107,-14.7513,-13.9860,18.0616,15.5742,14.0011,14.2181,10
2461157.682197,-23.5044,-27.6866,18.0616,15.5742,14.0011,14.2181,10
2461157.736747,-4.3391,-17.8753,18.0616,15.5742,14.0011,14.2181,10
2461157.835907,-5.5363,6.9484,18.0616,15.5742,14.0011,14.2181,10
2461157.881667,-21.2782,-4.2159,18.0616,15.5742,14.0011,14.2181,10
2461158.681137,-4.7276,-20.6569,18.0616,15.5742,14.0011,14.2181,10
2461158.698317,-24.9980,-8.7068,18.0616,15.5742,14.0011,14.2181,10
2461158.746937,-36.3513,-18.6008,18.0616,15.5742,14.0011,14.2181,10
2461158.807007,-13.6637,-25.4543,18.0616,15.5742,14.0011,14.2181,10
2461158.910707,-16.6053,1.3760,18.0616,15.5742,14.0011,14.2181,10
2461158.927597,-30.9813,-12.0910,18.0616,15.5742,14.0011,14.2181,10
2461161.703147,-20.8129,-23.3836,18.0616,15.5742,14.0011,14.2181,10
2461161.917497,-2.3227,-10.0239,18.0616,15.5742,14.0011,14.2181,10
2461162.687007,-7.5317,-19.4818,18.0616,15.5742,14.0011,14.2181,10
2461162.705047,-29.4384,-26.8805,18.0616,15.5742,14.0011,14.2181,10
2461162.725367,-23.0897,-17.2396,18.0616,15.5742,14.0011,14.2181,10
2461162.759047,-19.7508,-13.0872,18.0616,15.5742,14.0011,14.2181,10
2461162.803717,-37.4643,0.5065,18.0616,15.5742,14.0011,14.2181,10
2461162.838187,-7.9514,-30.9274,18.0616,15.5742,14.0011,14.2181,10
2461163.664267,-24.0336,-12.1966,18.0616,15.5742,14.0011,14.2181,10
2461163.681217,-8.7048,-18.1196,18.0616,15.5742,14.0011,14.2181,10
2461163.710207,-36.9220,-3.6182,18.0616,15.5742,14.0011,14.2181,10
2461163.745167,-27.0422,-24.1313,18.0616,15.5742,14.0011,14.2181,10
2461163.762127,-8.3638,2.5999,18.0616,15.5742,14.0011,14.2181,10
2461163.782247,-19.5587,-18.8082,18.0616,15.5742,14.0011,14.2181,10
2461163.825367,-28.4237,-20.7342,18.0616,15.5742,14.0011,14.2181,10
2461164.679297,-0.7755,-13.0213,18.0616,15.5742,14.0011,14.2181,10
2461164.874327,-7.4087,-17.8972,18.0616,15.5742,14.0011,14.2181,10
2461169.685517,-32.3481,-30.8789,18.0616,15.5742,14.0011,14.2181,10
2461169.703407,0.5823,-4.6246,18.0616,15.5742,14.0011,14.2181,10
2461169.730627,-43.3552,-11.1138,18.0616,15.5742,14.0011,14.2181,10
2461169.747547,-23.8702,6.4276,18.0616,15.5742,14.0011,14.2181,10
2461169.797357,2.7570,-18.3325,18.0616,15.5742,14.0011,14.2181,10
2461169.841437,-20.6357,-12.5929,18.0616,15.5742,14.0011,14.2181,10
2461169.857837,-21.2133,-13.9186,18.0616,15.5742,14.0011,14.2181,10
2461170.643577,-16.3749,-0.9062,18.0616,15.5742,14.0011,14.2181,10
2461170.677897,-13.3270,0.9460,18.0616,15.5742,14.0011,14.2181,10
2461170.699147,-9.8326,-6.1494,18.0616,15.5742,14.0011,14.2181,10
2461170.728217,-35.3979,3.5495,18.0616,15.5742,14.0011,14.2181,10
2461170.781987,-3.2208,-3.7558,18.0616,15.5742,14.0011,14.2181,10
2461170.840557,-17.1764,-16.8191,18.0616,15.5742,14.0011,14.2181,10
2461170.874247,-23.6893,6.2792,18.0616,15.5742,14.0011,14.2181,10
2461170.894167,-2.4357,-8.7921,18.0616,15.5742,14.0011,14.2181,10
2461170.911437,-33.6419,-7.5577,18.0616,15.5742,14.0011,14.2181,10
2461171.663607,-2.3181,-7.9947,18.0616,15.5742,14.0011,14.2181,10
2461171.696767,-19.7401,-1.4462,18.0616,15.5742,14.0011,14.2181,10
2461171.713277,-29.1445,4.6145,18.0616,15.5742,14.0011,14.2181,10
2461171.809117,-29.9649,-11.6971,18.0616,15.5742,14.0011,14.2181,10
2461171.835937,-27.1871,-26.3884,18.0616,15.5742,14.0011,14.2181,10
2461171.890157,4.1868,-10.6619,18.0616,15.5742,14.0011,14.2181,10
2461171.906897,-8.5772,-5.9371,18.0616,15.5742,14.0011,14.2181,10
2461171.933967,-20.3716,-1.8357,18.0616,15.5742,14.0011,14.2181,10
2461172.642927,-1.2789,-26.6668,18.0616,15.5742,14.0011,14.2181,10
2461172.676047,-8.4146,-4.2117,18.0616,15.5742,14.0011,14.2181,10
2461172.713297,-5.8294,-13.3783,18.0616,15.5742,14.0011,14.2181,10
2461172.744777,-19.8465,7.6495,18.0616,15.5742,14.0011,14.2181,10
2461172.763107,-44.2636,-21.9509,18.0616,15.5742,14.0011,14.2181,10
2461172.780187,-29.6787,-15.3079,18.0616,15.5742,14.0011,14.2181,10
2461172.814157,-37.6874,4.1504,18.0616,15.5742,14.0011,14.2181,10
2461172.830937,-18.8121,-11.5537,18.0616,15.5742,14.0011,14.2181,10
2461172.878757,-21.0264,-10.0110,18.0616,15.5742,14.0011,14.2181,10
2461172.895497,-18.9707,-15.2685,18.0616,15.5742,14.0011,14.2181,10
2461173.635027,-13.4507,-24.1400,18.0616,15.5742,14.0011,14.2181,10
2461173.669377,-16.1613,-12.6589,18.0616,15.5742,14.0011,14.2181,10
2461173.703617,-27.9712,6.6092,18.0616,15.5742,14.0011,14.2181,10
2461173.731227,-6.4471,-9.2331,18.0616,15.5742,14.0011,14.2181,10
2461173.818587,-18.0377,-21.4416,18.0616,15.5742,14.0011,14.2181,10
2461173.835727,-36.8374,-5.7004,18.0616,15.5742,14.0011,14.2181,10
2461173.884467,5.4412,-6.7292,18.0616,15.5742,14.0011,14.2181,10
2461173.901497,-13.3728,-15.6583,18.0616,15.5742,14.0011,14.2181,10
2461173.918917,-27.8430,-3.3688,18.0616,15.5742,14.0011,14.2181,10
2461174.663447,-34.2599,1.2597,18.0616,15.5742,14.0011,14.2181,10
2461174.699017,-12.6439,-3.0748,18.0616,15.5742,14.0011,14.2181,10
2461174.783567,-29.3546,-8.0609,18.0616,15.5742,14.0011,14.2181,10
2461174.880687,-18.5587,-8.9980,18.0616,15.5742,14.0011,14.2181,10
2461175.628407,-9.3218,-20.2574,18.0616,15.5742,14.0011,14.2181,10
2461175.661987,-1.5930,-31.2930,18.0616,15.5742,14.0011,14.2181,10
2461175.703597,1.4927,-7.7476,18.0616,15.5742,14.0011,14.2181,10
2461177.658637,-1.2829,-19.7592,18.0616,15.5742,14.0011,14.2181,10
2461177.692597,-0.7660,-10.5772,18.0616,15.5742,14.0011,14.2181,10
2461177.720087,1.8349,-5.4784,18.0616,15.5742,14.0011,14.2181,10
2461177.756507,-1.6641,-12.9189,18.0616,15.5742,14.0011,14.2181,10
2461177.791507,-6.6742,-10.9833,18.0616,15.5742,14.0011,14.2181,10
2461177.818627,-22.6508,-8.7362,18.0616,15.5742,14.0011,14.2181,10
2461177.868997,0.8380,-10.7173,18.0616,15.5742,14.0011,14.2181,10
2461177.885387,-20.0026,-3.9148,18.0616,15.5742,14.0011,14.2181,10
2461177.912577,4.5907,3.2847,18.0616,15.5742,14.0011,14.2181,10
2461178.624607,0.6388,-12.9874,18.0616,15.5742,14.0011,14.2181,10
2461178.707597,-40.1061,-16.6913,18.0616,15.5742,14.0011,14.2181,10
2461178.744847,0.1286,-18.6679,18.0616,15.5742,14.0011,14.2181,10
2461178.761657,-35.4622,-14.7747,18.0616,15.5742,14.0011,14.2181,10
2461178.806467,-3.6243,-14.8055,18.0616,15.5742,14.0011,14.2181,10
2461178.843277,-33.2533,-12.6196,18.0616,15.5742,14.0011,14.2181,10
2461178.917027,-35.4501,-2.9787,18.0616,15.5742,14.0011,14.2181,10
2461179.652797,-16.7790,-25.4043,18.0616,15.5742,14.0011,14.2181,10
2461179.669767,-4.2317,-8.7756,18.0616,15.5742,14.0011,14.2181,10
2461179.686307,-15.9370,-22.0626,18.0616,15.5742,14.0011,14.2181,10
2461179.719167,-20.7299,-3.7573,18.0616,15.5742,14.0011,14.2181,10
2461179.765617,-21.7277,-13.4345,18.0616,15.5742,14.0011,14.2181,10
2461179.782197,-36.8256,-5.1890,18.0616,15.5742,14.0011,14.2181,10
2461179.815837,-30.4835,8.5278,18.0616,15.5742,14.0011,14.2181,10
2461179.832147,-30.2163,-20.4465,18.0616,15.5742,14.0011,14.2181,10
2461179.876807,-41.3525,-30.2327,18.0616,15.5742,14.0011,14.2181,10
2461180.691147,-38.3001,-24.2930,18.0616,15.5742,14.0011,14.2181,10
2461180.709037,1.6720,-3.4395,18.0616,15.5742,14.0011,14.2181,10
2461180.753577,5.0376,-13.0603,18.0616,15.5742,14.0011,14.2181,10
2461180.825947,-16.0030,-15.1021,18.0616,15.5742,14.0011,14.2181,10
2461181.916997,-6.1749,-24.2926,18.0616,15.5742,14.0011,14.2181,10
2461182.630247,-27.8976,-16.0214,18.0616,15.5742,14.0011,14.2181,10
2461182.647087,-26.0439,-10.4111,18.0616,15.5742,14.0011,14.2181,10
2461182.698837,-17.0418,-25.1333,18.0616,15.5742,14.0011,14.2181,10
2461182.731717,-23.2354,-0.9190,18.0616,15.5742,14.0011,14.2181,10
2461182.748697,-30.8044,-14.9027,18.0616,15.5742,14.0011,14.2181,10
2461182.846567,-18.5761,8.2681,18.0616,15.5742,14.0011,14.2181,10
2461182.913047,-35.9001,-16.4732,18.0616,15.5742,14.0011,14.2181,10
2461182.937927,-12.6770,-18.8607,18.0616,15.5742,14.0011,14.2181,10
2461183.609117,-22.2007,-23.5917,18.0616,15.5742,14.0011,14.2181,10
2461183.640477,-32.5370,-31.3796,18.0616,15.5742,14.0011,14.2181,10
2461183.755857,-9.6223,-4.6847,18.0616,15.5742,14.0011,14.2181,10
2461183.794797,-32.0045,-7.7993,18.0616,15.5742,14.0011,14.2181,10
2461183.811387,-32.9925,3.6081,18.0616,15.5742,14.0011,14.2181,10
2461183.861727,-30.7116,-9.6944,18.0616,15.5742,14.0011,14.2181,10
2461183.913647,-29.1597,-34.4168,18.0616,15.5742,14.0011,14.2181,10
2461184.660057,-4.6465,-32.7825,18.0616,15.5742,14.0011,14.2181,10
2461184.677057,-0.5416,-14.7314,18.0616,15.5742,14.0011,14.2181,10
2461184.721417,-9.5497,-19.6646,18.0616,15.5742,14.0011,14.2181,10
2461184.740007,-20.2527,-19.8263,18.0616,15.5742,14.0011,14.2181,10
2461185.632257,-2.4092,-19.8743,18.0616,15.5742,14.0011,14.2181,10
2461185.666167,-27.9776,-31.3970,18.0616,15.5742,14.0011,14.2181,10
2461185.731717,4.1597,1.6515,18.0616,15.5742,14.0011,14.2181,10
2461185.748927,-26.9619,-14.9092,18.0616,15.5742,14.0011,14.2181,10
2461185.765927,-45.6836,-23.1217,18.0616,15.5742,14.0011,14.2181,10
2461185.783507,3.1564,-17.8296,18.0616,15.5742,14.0011,14.2181,10
2461185.877267,-10.3245,-22.6580,18.0616,15.5742,14.0011,14.2181,10
2461186.656447,-14.2278,3.0927,18.0616,15.5742,14.0011,14.2181,10
2461186.707917,-41.1744,-17.9931,18.0616,15.5742,14.0011,14.2181,10
2461186.725107,-0.4501,-25.7159,18.0616,15.5742,14.0011,14.2181,10
2461186.742027,-21.6339,-1.1610,18.0616,15.5742,14.0011,14.2181,10
2461186.759277,-13.9452,-5.2871,18.0616,15.5742,14.0011,14.2181,10
2461186.803057,-26.0324,-14.8964,18.0616,15.5742,14.0011,14.2181,10
2461186.838307,6.9523,-5.2295,18.0616,15.5742,14.0011,14.2181,10
2461186.855237,-9.2159,1.5244,18.0616,15.5742,14.0011,14.2181,10
2461186.876057,-29.0433,-27.9409,18.0616,15.5742,14.0011,14.2181,10
2461187.605337,5.9248,-8.0029,18.0616,15.5742,14.0011,14.2181,10
2461187.639977,-42.5317,-29.0984,18.0616,15.5742,14.0011,14.2181,10
2461187.667237,-9.1892,-29.8100,18.0616,15.5742,14.0011,14.2181,10
2461187.701167,-19.9730,-35.9993,18.0616,15.5742,14.0011,14.2181,10
2461187.717817,-14.8164,-32.5119,18.0616,15.5742,14.0011,14.2181,10
2461187.763437,-44.5620,-17.7033,18.0616,15.5742,14.0011,14.2181,10
2461187.797227,-16.7198,-9.2547,18.0616,15.5742,14.0011,14.2181,10
2461187.814467,-35.5845,4.0563,18.0616,15.5742,14.0011,14.2181,10
2461187.860377,-37.4679,-0.7033,18.0616,15.5742,14.0011,14.2181,10
2461187.910107,-35.6817,-20.2705,18.0616,15.5742,14.0011,14.2181,10
2461187.927097,-32.8455,-11.5069,18.0616,15.5742,14.0011,14.2181,10
2461188.609827,7.7885,-15.7190,18.0616,15.5742,14.0011,14.2181,10
2461188.675107,-21.7621,0.0575,18.0616,15.5742,14.0011,14.2181,10
2461188.857357,-19.5856,-0.7843,18.0616,15.5742,14.0011,14.2181,10
2461188.890687,-1.4904,3.4570,18.0616,15.5742,14.0011,14.2181,10
2461188.925807,-26.4859,5.2465,18.0616,15.5742,14.0011,14.2181,10
2461189.662437,-7.6769,-27.9437,18.0616,15.5742,14.0011,14.2181,10
2461189.723157,-23.0444,-8.9780,18.0616,15.5742,14.0011,14.2181,10
2461189.739867,-14.3456,-13.8834,18.0616,15.5742,14.0011,14.2181,10
2461189.756487,-19.6898,-4.8699,18.0616,15.5742,14.0011,14.2181,10
2461189.777607,-17.6574,-25.9640,18.0616,15.5742,14.0011,14.2181,10
2461189.843857,-32.6757,-18.0985,18.0616,15.5742,14.0011,14.2181,10
2461189.862697,5.0292,-20.7634,18.0616,15.5742,14.0011,14.2181,10
2461189.895887,-21.5678,-7.8343,18.0616,15.5742,14.0011,14.2181,10
2461190.588587,1.4787,-23.6279,18.0616,15.5742,14.0011,14.2181,10
2461190.690287,-21.3549,4.9648,18.0616,15.5742,14.0011,14.2181,10
2461190.742357,-23.7818,-12.7155,18.0616,15.5742,14.0011,14.2181,10
2461190.760647,-25.5541,-28.7754,18.0616,15.5742,14.0011,14.2181,10
2461190.877017,-15.1319,6.1308,18.0616,15.5742,14.0011,14.2181,10
2461191.713737,-31.0065,-27.9005,18.0616,15.5742,14.0011,14.2181,10
2461191.747407,-23.4052,-19.8518,18.0616,15.5742,14.0011,14.2181,10
2461196.604007,13.4341,-10.5856,18.0616,15.5742,14.0011,14.2181,10
2461196.661637,-34.3443,-35.0416,18.0616,15.5742,14.0011,14.2181,10
2461196.706557,-20.1723,-13.1666,18.0616,15.5742,14.0011,14.2181,10
2461196.723747,-11.2468,-11.1585,18.0616,15.5742,14.0011,14.2181,10
2461196.775237,-11.9435,-25.9611,18.0616,15.5742,14.0011,14.2181,10
2461196.806677,-11.1512,1.4225,18.0616,15.5742,14.0011,14.2181,10
2461196.840107,-46.7933,-20.5111,18.0616,15.5742,14.0011,14.2181,10
2461197.825027,12.4637,-26.0182,18.0616,15.5742,14.0011,14.2181,10
2461197.852167,-5.8285,-41.6750,18.0616,15.5742,14.0011,14.2181,10
2461198.651567,-32.2763,-13.3000,18.0616,15.5742,14.0011,14.2181,10
2461198.687027,-3.5356,-8.3437,18.0616,15.5742,14.0011,14.2181,10
2461198.703837,-12.9144,-20.7541,18.0616,15.5742,14.0011,14.2181,10
2461198.731647,-7.3056,7.1539,18.0616,15.5742,14.0011,14.2181,10
2461198.748237,1.7133,-4.1538,18.0616,15.5742,14.0011,14.2181,10
2461198.782607,-14.0681,7.3570,18.0616,15.5742,14.0011,14.2181,10
2461198.801777,-31.7301,5.2509,18.0616,15.5742,14.0011,14.2181,10
2461198.829707,-18.7334,-2.0060,18.0616,15.5742,14.0011,14.2181,10
2461198.847507,-13.3550,-29.8655,18.0616,15.5742,14.0011,14.2181,10
2461199.578697,-14.9363,-39.3403,18.0616,15.5742,14.0011,14.2181,10
2461199.612547,0.8336,-37.5024,18.0616,15.5742,14.0011,14.2181,10
2461199.629557,-32.0664,0.0081,18.0616,15.5742,14.0011,14.2181,10
2461199.646077,-8.5798,-16.5699,18.0616,15.5742,14.0011,14.2181,10
2461199.662967,-36.0423,-23.3924,18.0616,15.5742,14.0011,14.2181,10
2461199.681867,-4.0007,-22.7637,18.0616,15.5742,14.0011,14.2181,10
2461199.709307,-35.9442,5.1710,18.0616,15.5742,14.0011,14.2181,10
2461199.726727,-36.3802,-15.6321,18.0616,15.5742,14.0011,14.2181,10
2461199.743907,-42.8846,-23.2536,18.0616,15.5742,14.0011,14.2181,10
2461199.760417,-0.6315,-16.3187,18.0616,15.5742,14.0011,14.2181,10
2461199.764587,9.8421,-27.6469,18.0616,15.5742,14.0011,14.2181,10
2461199.786407,-24.6654,-19.5142,18.0616,15.5742,14.0011,14.2181,10
2461199.804497,-2.4775,-24.7747,18.0616,15.5742,14.0011,14.2181,10
2461199.851167,-4.9820,-17.7277,18.0616,15.5742,14.0011,14.2181,10
2461202.651787,3.2740,-24.3284,18.0616,15.5742,14.0011,14.2181,10
2461202.668397,-22.6623,-46.5604,18.0616,15.5742,14.0011,14.2181,10
2461202.696217,-19.4145,-13.2104,18.0616,15.5742,14.0011,14.2181,10
2461202.712677,-8.4308,-19.7170,18.0616,15.5742,14.0011,14.2181,10
2461202.729837,-27.2761,5.5829,18.0616,15.5742,14.0011,14.2181,10
2461202.747317,-31.0622,-16.2802,18.0616,15.5742,14.0011,14.2181,10
2461202.812177,-34.1367,-37.5762,18.0616,15.5742,14.0011,14.2181,10
2461202.828757,-30.7133,-12.6313,18.0616,15.5742,14.0011,14.2181,10
2461202.845517,15.8708,-22.0873,18.0616,15.5742,14.0011,14.2181,10
2461203.578467,13.4005,-18.9413,18.0616,15.5742,14.0011,14.2181,10
2461203.596907,-12.6274,-12.0986,18.0616,15.5742,14.0011,14.2181,10
2461203.616217,4.2614,-26.7171,18.0616,15.5742,14.0011,14.2181,10
2461203.663657,-19.7053,-19.4343,18.0616,15.5742,14.0011,14.2181,10
2461203.668107,-7.5678,-7.9324,18.0616,15.5742,14.0011,14.2181,10
2461203.709357,-29.0479,1.2776,18.0616,15.5742,14.0011,14.2181,10
2461203.725887,0.0492,-40.8669,18.0616,15.5742,14.0011,14.2181,10
2461203.742357,8.2545,-41.5270,18.0616,15.5742,14.0011,14.2181,10
2461204.611777,-9.2437,-4.6130,18.0616,15.5742,14.0011,14.2181,10
2461205.565347,-5.8112,-2.8835,18.0616,15.5742,14.0011,14.2181,10
2461205.586397,-25.4197,-21.1288,18.0616,15.5742,14.0011,14.2181,10
2461205.625647,-14.4756,-25.4801,18.0616,15.5742,14.0011,14.2181,10
2461205.631337,-24.7105,2.2854,18.0616,15.5742,14.0011,14.2181,10
2461205.654087,-12.6156,-37.6494,18.0616,15.5742,14.0011,14.2181,10
2461211.589937,17.4405,-30.8033,18.0616,15.5742,14.0011,14.2181,10
2461211.634177,-3.3006,-51.0683,18.0616,15.5742,14.0011,14.2181,10
2461211.651117,-22.8240,-21.5986,18.0616,15.5742,14.0011,14.2181,10
2461211.668157,13.6064,2.0718,18.0616,15.5742,14.0011,14.2181,10
2461211.686037,-47.4346,-4.8518,18.0616,15.5742,14.0011,14.2181,10
2461211.736177,-12.3870,-29.6899,18.0616,15.5742,14.0011,14.2181,10
2461213.725327,17.3736,-20.1287,18.0616,15.5742,14.0011,14.2181,10
2461213.745967,16.1186,-26.5467,18.0616,15.5742,14.0011,14.2181,10
2461213.765257,21.8089,-58.7258,18.0616,15.5742,14.0011,14.2181,10
2461213.783497,-31.6807,-44.0213,18.0616,15.5742,14.0011,14.2181,10
2461214.545867,-23.9801,-25.4996,18.0616,15.5742,14.0011,14.2181,10
2461214.596477,-26.2866,-28.6576,18.0616,15.5742,14.0011,14.2181,10
2461214.618767,-33.8704,-33.0487,18.0616,15.5742,14.0011,14.2181,10
2461214.638997,-22.3107,-31.1682,18.0616,15.5742,14.0011,14.2181,10
2461214.666067,-43.5760,-39.1010,18.0616,15.5742,14.0011,14.2181,10
2461214.686107,-9.8502,-38.0261,18.0616,15.5742,14.0011,14.2181,10
2461214.714567,-28.3828,-44.9275,18.0616,15.5742,14.0011,14.2181,10
2461214.735727,-31.9232,-20.5465,18.0616,15.5742,14.0011,14.2181,10
2461214.771027,-32.0583,-45.0901,18.0616,15.5742,14.0011,14.2181,10
2461214.789587,-11.6334,-12.7883,18.0616,15.5742,14.0011,14.2181,10
2461214.817047,-35.3099,-20.9155,18.0616,15.5742,14.0011,14.2181,10
2461214.833737,-30.8420,-10.8019,18.0616,15.5742,14.0011,14.2181,10
2461215.528577,-52.0806,-11.2940,18.0616,15.5742,14.0011,14.2181,10
2461215.545297,-19.4303,-15.4592,18.0616,15.5742,14.0011,14.2181,10
2461215.574497,-5.8054,-25.9208,18.0616,15.5742,14.0011,14.2181,10
2461215.626037,-41.8014,-27.3240,18.0616,15.5742,14.0011,14.2181,10
2461215.644677,-45.5701,-37.1709,18.0616,15.5742,14.0011,14.2181,10
2461215.662207,-42.7580,-26.8663,18.0616,15.5742,14.0011,14.2181,10
2461215.690077,-22.3387,-28.1026,18.0616,15.5742,14.0011,14.2181,10
2461215.709007,-19.6050,-18.8920,18.0616,15.5742,14.0011,14.2181,10
2461215.728197,7.4810,-30.4444,18.0616,15.5742,14.0011,14.2181,10
2461215.767377,-7.6462,-13.7857,18.0616,15.5742,14.0011,14.2181,10
2461215.794927,-53.2446,-20.5151,18.0616,15.5742,14.0011,14.2181,10
2461215.797737,-50.8757,-17.5451,18.0616,15.5742,14.0011,14.2181,10
2461215.831527,-33.0592,-10.4519,18.0616,15.5742,14.0011,14.2181,10
2461216.548867,-4.6036,-61.8028,18.0616,15.5742,14.0011,14.2181,10
2461216.567907,-12.4939,-59.8756,18.0616,15.5742,14.0011,14.2181,10
2461216.586367,-20.7363,-21.5226,18.0616,15.5742,14.0011,14.2181,10
2461216.602987,-15.7929,-33.0916,18.0616,15.5742,14.0011,14.2181,10
2461216.619667,-37.6185,-21.2130,18.0616,15.5742,14.0011,14.2181,10
2461216.646837,-36.2972,-21.5643,18.0616,15.5742,14.0011,14.2181,10
2461216.664517,-21.9959,-9.6078,18.0616,15.5742,14.0011,14.2181,10
2461216.681237,-12.9578,2.3977,18.0616,15.5742,14.0011,14.2181,10
2461216.697727,-19.6729,-16.6120,18.0616,15.5742,14.0011,14.2181,10
2461216.714687,-32.2992,-36.3031,18.0616,15.5742,14.0011,14.2181,10
2461216.758387,-34.8176,-5.6888,18.0616,15.5742,14.0011,14.2181,10
2461216.774877,11.6320,-26.1782,18.0616,15.5742,14.0011,14.2181,10
2461216.814347,-27.6855,-4.3982,18.0616,15.5742,14.0011,14.2181,10
2461217.521487,0.9736,-41.8995,18.0616,15.5742,14.0011,14.2181,10
2461217.538487,-2.1286,-31.0909,18.0616,15.5742,14.0011,14.2181,10
2461217.555287,-17.4044,-10.2252,18.0616,15.5742,14.0011,14.2181,10
2461217.591267,-21.1179,-24.8597,18.0616,15.5742,14.0011,14.2181,10
2461217.636427,-34.0034,3.2170,18.0616,15.5742,14.0011,14.2181,10
2461217.719447,-27.3948,-29.7084,18.0616,15.5742,14.0011,14.2181,10
2461217.737627,8.2870,-8.4953,18.0616,15.5742,14.0011,14.2181,10
2461217.754597,-32.0623,-42.9039,18.0616,15.5742,14.0011,14.2181,10
2461217.770977,-33.3210,-42.3056,18.0616,15.5742,14.0011,14.2181,10
2461217.789647,-41.8611,-32.8422,18.0616,15.5742,14.0011,14.2181,10
2461217.807417,3.4467,5.3557,18.0616,15.5742,14.0011,14.2181,10
2461218.546507,0.0267,-30.3423,18.0616,15.5742,14.0011,14.2181,10
2461218.568017,-2.6309,-0.9317,18.0616,15.5742,14.0011,14.2181,10
2461218.693377,3.8506,-30.4668,18.0616,15.5742,14.0011,14.2181,10
2461218.709847,-49.6955,-48.3724,18.0616,15.5742,14.0011,14.2181,10
2461218.792047,-44.0324,-29.8682,18.0616,15.5742,14.0011,14.2181,10
2461218.827917,-14.3584,-23.9540,18.0616,15.5742,14.0011,14.2181,10
2461222.571367,-25.2780,-17.0435,18.0616,15.5742,14.0011,14.2181,10
2461223.610337,-13.4018,-40.9299,18.0616,15.5742,14.0011,14.2181,10
2461223.613227,-16.6137,-61.5660,18.0616,15.5742,14.0011,14.2181,10
2461223.770367,-28.7483,-40.7725,18.0616,15.5742,14.0011,14.2181,10
2461223.787087,7.9210,-2.0841,18.0616,15.5742,14.0011,14.2181,10
2461225.600887,3.7920,-65.5591,18.0616,15.5742,14.0011,14.2181,10
2461227.597717,10.1953,0.7013,18.0616,15.5742,14.0011,14.2181,10
2461227.614947,-22.4120,-37.3750,18.0616,15.5742,14.0011,14.2181,10
2461227.633467,-32.9497,-31.7369,18.0616,15.5742,14.0011,14.2181,10
2461227.704357,-0.0406,-28.6680,18.0616,15.5742,14.0011,14.2181,10
2461227.708657,-20.0055,-27.5340,18.0616,15.5742,14.0011,14.2181,10
2461227.763517,-3.4237,-47.5394,18.0616,15.5742,14.0011,14.2181,10
2461227.780597,2.9106,-4.2097,18.0616,15.5742,14.0011,14.2181,10
2461227.798157,-29.0969,-4.7406,18.0616,15.5742,14.0011,14.2181,10
2461228.503057,9.7479,9.9149,18.0616,15.5742,14.0011,14.2181,10
2461228.522327,-25.1872,-50.5774,18.0616,15.5742,14.0011,14.2181,10
2461228.539157,-18.6897,-20.0475,18.0616,15.5742,14.0011,14.2181,10
2461228.555757,-25.6648,-32.6742,18.0616,15.5742,14.0011,14.2181,10
2461228.598827,-26.5195,-21.1319,18.0616,15.5742,14.0011,14.2181,10
2461228.615937,-39.0663,-16.4287,18.0616,15.5742,14.0011,14.2181,10
2461228.634907,-41.9724,-2.2419,18.0616,15.5742,14.0011,14.2181,10
2461228.639037,-2.8212,-47.4927,18.0616,15.5742,14.0011,14.2181,10
2461228.655807,-26.6589,-3.6101,18.0616,15.5742,14.0011,14.2181,10
2461228.722807,-18.0102,-13.6971,18.0616,15.5742,14.0011,14.2181,10
2461228.740147,-4.9264,-28.3335,18.0616,15.5742,14.0011,14.2181,10
2461229.546617,0.0377,9.6723,18.0616,15.5742,14.0011,14.2181,10
2461229.564217,-17.3128,-12.8393,18.0616,15.5742,14.0011,14.2181,10
2461229.598567,1.1728,1.6812,18.0616,15.5742,14.0011,14.2181,10
2461229.635417,-23.0217,-4.4219,18.0616,15.5742,14.0011,14.2181,10
2461229.652707,-43.0527,-23.5710,18.0616,15.5742,14.0011,14.2181,10
2461229.669907,-21.1766,8.4767,18.0616,15.5742,14.0011,14.2181,10
2461229.697417,-6.3349,12.5627,18.0616,15.5742,14.0011,14.2181,10
2461230.513867,-36.9387,-19.4175,18.0616,15.5742,14.0011,14.2181,10
2461230.548827,3.4654,11.6416,18.0616,15.5742,14.0011,14.2181,10
2461230.565847,-16.6874,-7.2206,18.0616,15.5742,14.0011,14.2181,10
2461230.611167,-12.7792,-13.0161,18.0616,15.5742,14.0011,14.2181,10
2461230.666177,-0.4879,-4.0112,18.0616,15.5742,14.0011,14.2181,10
2461230.714807,-25.7506,-17.0159,18.0616,15.5742,14.0011,14.2181,10
2461230.732357,-28.2002,-7.4066,18.0616,15.5742,14.0011,14.2181,10
2461230.754827,-32.4257,-2.4898,18.0616,15.5742,14.0011,14.2181,10
2461230.791217,2.6663,-12.0165,18.0616,15.5742,14.0011,14.2181,10
2461231.547587,-12.3089,-56.8726,18.0616,15.5742,14.0011,14.2181,10
2461231.564767,-16.7942,-10.3793,18.0616,15.5742,14.0011,14.2181,10
2461231.582177,-4.9794,-33.1127,18.0616,15.5742,14.0011,14.2181,10
2461231.626927,-17.9041,-12.6240,18.0616,15.5742,14.0011,14.2181,10
2461231.643737,-37.3589,-15.6791,18.0616,15.5742,14.0011,14.2181,10
2461231.661567,-33.5176,-57.1325,18.0616,15.5742,14.0011,14.2181,10
2461231.681687,11.2906,6.8396,18.0616,15.5742,14.0011,14.2181,10
2461231.698827,-12.7774,-29.5965,18.0616,15.5742,14.0011,14.2181,10
2461231.743677,-10.7055,3.9506,18.0616,15.5742,14.0011,14.2181,10
2461231.760367,-18.8442,-31.7777,18.0616,15.5742,14.0011,14.2181,10
2461232.667537,-17.6305,-36.5383,18.0616,15.5742,14.0011,14.2181,10
2461232.701787,0.1648,6.3363,18.0616,15.5742,14.0011,14.2181,10
2461232.750127,-31.2033,-19.6213,18.0616,15.5742,14.0011,14.2181,10
2461232.767407,-32.3545,-11.2794,18.0616,15.5742,14.0011,14.2181,10
2461233.475887,-30.8399,8.0134,18.0616,15.5742,14.0011,14.2181,10
2461233.502957,-20.7684,-30.6579,18.0616,15.5742,14.0011,14.2181,10
2461233.557897,-5.2877,-0.5667,18.0616,15.5742,14.0011,14.2181,10
2461233.574097,-1.8246,-28.3260,18.0616,15.5742,14.0011,14.2181,10
2461233.601247,-51.6416,12.8867,18.0616,15.5742,14.0011,14.2181,10
2461233.617957,-20.3616,-3.9473,18.0616,15.5742,14.0011,14.2181,10
2461233.634267,-20.3378,-20.3061,18.0616,15.5742,14.0011,14.2181,10
2461233.651267,-22.5368,-2.9501,18.0616,15.5742,14.0011,14.2181,10
2461233.670127,4.6344,-22.4314,18.0616,15.5742,14.0011,14.2181,10
2461233.700337,-0.5372,2.1015,18.0616,15.5742,14.0011,14.2181,10
2461233.733167,-22.4457,11.3704,18.0616,15.5742,14.0011,14.2181,10
2461233.749727,-35.6628,-0.8055,18.0616,15.5742,14.0011,14.2181,10
2461233.766167,-16.5065,-3.2512,18.0616,15.5742,14.0011,14.2181,10
2461233.798517,-5.3892,2.4743,18.0616,15.5742,14.0011,14.2181,10
