# KMT-2026-BLG-0521 / OGLE-2026-BLG-0058, field BLG01, v6 reduction
# calibration star "m16_d31"
# Solution: ~/KMTdata/Results/v8/IFfinal_BLG01.mat
# v8 fits the calibration set 14<I<19, isolated to 2 arcsec, minus 2-sigma RMS outliers: 235 stars.
# All are freely fitted; Gaia RUWE<1.4 is applied only in the post-hoc tie.
# I_OGLE = 16.75, at pixel (139.7, 178.6), 30.8 pix from the target
# RA, Dec (J2000) = 17:52:38.451 , -31:47:25.03  =  268.160211 , -31.790287 deg
# absolute proper motion (mu_alpha cos d, mu_d) = +5.102, -15.005 mas/yr
#   full six-parameter gauge removed (constant AND linear gradient)
# X_mas, Y_mas: position in mas, proper motion NOT removed, relative to the mean
# errX_decade, errY_decade: this star own residual RMS over the run. Constant.
# errX_season, errY_season: this star own residual RMS within each season.
# season: 1=2016 ... 10=2026 (2020 is dropped as a short stub)
JD,X_mas,Y_mas,errX_decade,errY_decade,errX_season,errY_season,season
2457440.884034,49.8913,59.2513,11.1564,7.8414,15.7711,6.8793,1
2457441.875824,40.1356,51.9880,11.1564,7.8414,15.7711,6.8793,1
2457444.864514,40.3845,50.9662,11.1564,7.8414,15.7711,6.8793,1
2457444.887964,44.0846,60.1433,11.1564,7.8414,15.7711,6.8793,1
2457445.882854,33.5715,46.1443,11.1564,7.8414,15.7711,6.8793,1
2457446.844884,32.4766,42.4317,11.1564,7.8414,15.7711,6.8793,1
2457446.868434,46.9958,55.2225,11.1564,7.8414,15.7711,6.8793,1
2457447.845274,52.2875,51.2475,11.1564,7.8414,15.7711,6.8793,1
2457447.896124,45.2946,60.1886,11.1564,7.8414,15.7711,6.8793,1
2457448.859754,34.6537,50.4434,11.1564,7.8414,15.7711,6.8793,1
2457448.881804,40.3538,49.2399,11.1564,7.8414,15.7711,6.8793,1
2457449.847904,32.1478,51.6812,11.1564,7.8414,15.7711,6.8793,1
2457450.833374,40.1732,57.3750,11.1564,7.8414,15.7711,6.8793,1
2457450.857254,42.1754,52.1929,11.1564,7.8414,15.7711,6.8793,1
2457451.857994,44.7526,52.1953,11.1564,7.8414,15.7711,6.8793,1
2457451.882254,43.5548,59.2872,11.1564,7.8414,15.7711,6.8793,1
2457452.890024,30.8218,58.8501,11.1564,7.8414,15.7711,6.8793,1
2457453.828314,40.6922,46.0588,11.1564,7.8414,15.7711,6.8793,1
2457453.850814,48.8196,58.3347,11.1564,7.8414,15.7711,6.8793,1
2457454.827394,36.7931,55.3591,11.1564,7.8414,15.7711,6.8793,1
2457454.849774,49.7369,47.5448,11.1564,7.8414,15.7711,6.8793,1
2457454.870764,36.1301,42.8791,11.1564,7.8414,15.7711,6.8793,1
2457454.893184,39.7723,52.6928,11.1564,7.8414,15.7711,6.8793,1
2457455.828864,44.0051,53.1192,11.1564,7.8414,15.7711,6.8793,1
2457455.860914,35.0545,43.3814,11.1564,7.8414,15.7711,6.8793,1
2457455.883744,42.8070,50.6185,11.1564,7.8414,15.7711,6.8793,1
2457456.822654,44.0006,54.3551,11.1564,7.8414,15.7711,6.8793,1
2457456.846374,44.9683,58.9629,11.1564,7.8414,15.7711,6.8793,1
2457456.880834,35.5181,56.5970,11.1564,7.8414,15.7711,6.8793,1
2457457.828984,51.0518,62.4254,11.1564,7.8414,15.7711,6.8793,1
2457457.851624,56.2255,61.4166,11.1564,7.8414,15.7711,6.8793,1
2457458.827424,39.4153,64.6107,11.1564,7.8414,15.7711,6.8793,1
2457458.869674,43.5757,45.3872,11.1564,7.8414,15.7711,6.8793,1
2457460.800604,32.6872,53.9497,11.1564,7.8414,15.7711,6.8793,1
2457460.843084,31.1736,62.8692,11.1564,7.8414,15.7711,6.8793,1
2457461.815294,46.0869,58.6306,11.1564,7.8414,15.7711,6.8793,1
2457461.881694,41.8706,50.9313,11.1564,7.8414,15.7711,6.8793,1
2457462.816054,37.6230,52.6212,11.1564,7.8414,15.7711,6.8793,1
2457462.838624,35.6743,48.6115,11.1564,7.8414,15.7711,6.8793,1
2457462.863864,45.6015,48.0617,11.1564,7.8414,15.7711,6.8793,1
2457466.884144,43.6028,51.1240,11.1564,7.8414,15.7711,6.8793,1
2457469.816634,46.3239,63.2455,11.1564,7.8414,15.7711,6.8793,1
2457469.842754,50.9617,68.4360,11.1564,7.8414,15.7711,6.8793,1
2457469.902574,40.5256,56.7562,11.1564,7.8414,15.7711,6.8793,1
2457470.790374,59.5273,52.9223,11.1564,7.8414,15.7711,6.8793,1
2457472.877464,50.8103,65.7789,11.1564,7.8414,15.7711,6.8793,1
2457472.898324,51.2328,57.6755,11.1564,7.8414,15.7711,6.8793,1
2457473.767334,51.7312,58.8152,11.1564,7.8414,15.7711,6.8793,1
2457473.829174,49.2203,62.2968,11.1564,7.8414,15.7711,6.8793,1
2457473.880414,50.0090,55.7579,11.1564,7.8414,15.7711,6.8793,1
2457474.802834,50.0080,68.9717,11.1564,7.8414,15.7711,6.8793,1
2457474.843314,51.2777,56.4780,11.1564,7.8414,15.7711,6.8793,1
2457475.775964,53.9313,51.1690,11.1564,7.8414,15.7711,6.8793,1
2457475.860274,51.2853,58.6410,11.1564,7.8414,15.7711,6.8793,1
2457475.891894,44.0337,61.8434,11.1564,7.8414,15.7711,6.8793,1
2457476.771777,50.1730,56.5564,11.1564,7.8414,15.7711,6.8793,1
2457476.790857,54.7386,51.7543,11.1564,7.8414,15.7711,6.8793,1
2457476.864847,45.5206,57.6512,11.1564,7.8414,15.7711,6.8793,1
2457476.866587,50.1723,62.6091,11.1564,7.8414,15.7711,6.8793,1
2457477.773414,50.1378,64.7030,11.1564,7.8414,15.7711,6.8793,1
2457477.832234,53.5585,57.2571,11.1564,7.8414,15.7711,6.8793,1
2457477.875334,50.8996,57.5979,11.1564,7.8414,15.7711,6.8793,1
2457477.896344,54.3634,66.6185,11.1564,7.8414,15.7711,6.8793,1
2457478.777564,59.7630,55.4525,11.1564,7.8414,15.7711,6.8793,1
2457478.800264,44.9026,55.3101,11.1564,7.8414,15.7711,6.8793,1
2457478.845954,48.7060,56.3750,11.1564,7.8414,15.7711,6.8793,1
2457478.869244,41.1460,55.6876,11.1564,7.8414,15.7711,6.8793,1
2457478.907074,40.7207,62.1794,11.1564,7.8414,15.7711,6.8793,1
2457479.752447,47.6072,57.1606,11.1564,7.8414,15.7711,6.8793,1
2457479.770147,56.3585,55.8195,11.1564,7.8414,15.7711,6.8793,1
2457479.898357,41.1206,60.3425,11.1564,7.8414,15.7711,6.8793,1
2457479.917407,40.0611,56.8702,11.1564,7.8414,15.7711,6.8793,1
2457480.799717,52.1888,62.9939,11.1564,7.8414,15.7711,6.8793,1
2457480.817077,55.2844,61.5802,11.1564,7.8414,15.7711,6.8793,1
2457480.852707,52.9861,60.0674,11.1564,7.8414,15.7711,6.8793,1
2457480.881547,49.7140,61.2940,11.1564,7.8414,15.7711,6.8793,1
2457480.899627,54.5871,57.0432,11.1564,7.8414,15.7711,6.8793,1
2457481.811817,49.5720,52.8403,11.1564,7.8414,15.7711,6.8793,1
2457481.830507,55.3364,50.5426,11.1564,7.8414,15.7711,6.8793,1
2457481.885317,60.0260,63.2011,11.1564,7.8414,15.7711,6.8793,1
2457482.777897,59.8341,57.0990,11.1564,7.8414,15.7711,6.8793,1
2457482.798567,45.7695,65.6291,11.1564,7.8414,15.7711,6.8793,1
2457482.822387,51.0256,62.0265,11.1564,7.8414,15.7711,6.8793,1
2457482.841957,44.0590,60.4461,11.1564,7.8414,15.7711,6.8793,1
2457482.863357,53.9884,68.1285,11.1564,7.8414,15.7711,6.8793,1
2457484.784417,56.3766,66.5493,11.1564,7.8414,15.7711,6.8793,1
2457484.804047,51.1156,67.4761,11.1564,7.8414,15.7711,6.8793,1
2457484.837477,53.8533,60.2929,11.1564,7.8414,15.7711,6.8793,1
2457484.896597,60.2113,53.1168,11.1564,7.8414,15.7711,6.8793,1
2457485.811547,59.6491,59.4404,11.1564,7.8414,15.7711,6.8793,1
2457485.908717,56.6994,51.2291,11.1564,7.8414,15.7711,6.8793,1
2457486.819627,40.8677,54.3656,11.1564,7.8414,15.7711,6.8793,1
2457486.875957,52.4886,60.1027,11.1564,7.8414,15.7711,6.8793,1
2457487.774417,44.4874,55.7700,11.1564,7.8414,15.7711,6.8793,1
2457487.833617,41.1400,62.6561,11.1564,7.8414,15.7711,6.8793,1
2457487.884767,52.1921,56.1325,11.1564,7.8414,15.7711,6.8793,1
2457487.904937,53.7711,53.3496,11.1564,7.8414,15.7711,6.8793,1
2457488.806694,49.4067,56.2180,11.1564,7.8414,15.7711,6.8793,1
2457488.827904,49.3722,56.3051,11.1564,7.8414,15.7711,6.8793,1
2457488.845654,57.2044,50.7875,11.1564,7.8414,15.7711,6.8793,1
2457488.899907,40.9638,57.9583,11.1564,7.8414,15.7711,6.8793,1
2457488.918447,42.4203,53.5551,11.1564,7.8414,15.7711,6.8793,1
2457489.913127,45.5679,52.1179,11.1564,7.8414,15.7711,6.8793,1
2457491.778767,46.7922,58.8707,11.1564,7.8414,15.7711,6.8793,1
2457491.797757,41.8828,57.9112,11.1564,7.8414,15.7711,6.8793,1
2457491.916397,41.0554,57.1293,11.1564,7.8414,15.7711,6.8793,1
2457494.708967,43.5993,54.6490,11.1564,7.8414,15.7711,6.8793,1
2457494.727057,46.2180,52.7053,11.1564,7.8414,15.7711,6.8793,1
2457494.777367,41.2176,48.0833,11.1564,7.8414,15.7711,6.8793,1
2457494.805007,53.9240,56.9024,11.1564,7.8414,15.7711,6.8793,1
2457494.893597,48.2111,60.9103,11.1564,7.8414,15.7711,6.8793,1
2457494.912177,45.8575,65.9735,11.1564,7.8414,15.7711,6.8793,1
2457495.730137,42.0506,45.5938,11.1564,7.8414,15.7711,6.8793,1
2457495.816417,37.1260,65.6815,11.1564,7.8414,15.7711,6.8793,1
2457495.856407,49.8008,47.7952,11.1564,7.8414,15.7711,6.8793,1
2457495.876327,42.4347,59.7893,11.1564,7.8414,15.7711,6.8793,1
2457495.904917,40.7455,61.9677,11.1564,7.8414,15.7711,6.8793,1
2457497.889397,42.9793,48.8128,11.1564,7.8414,15.7711,6.8793,1
2457498.695357,54.3363,47.0618,11.1564,7.8414,15.7711,6.8793,1
2457498.716327,61.9592,59.1315,11.1564,7.8414,15.7711,6.8793,1
2457498.787817,37.0013,61.4302,11.1564,7.8414,15.7711,6.8793,1
2457498.805467,52.6543,52.8490,11.1564,7.8414,15.7711,6.8793,1
2457498.826377,61.9373,52.3243,11.1564,7.8414,15.7711,6.8793,1
2457498.844387,45.3845,60.8474,11.1564,7.8414,15.7711,6.8793,1
2457499.719387,47.0721,64.5797,11.1564,7.8414,15.7711,6.8793,1
2457499.806637,58.0039,60.5801,11.1564,7.8414,15.7711,6.8793,1
2457499.824307,46.7345,58.6503,11.1564,7.8414,15.7711,6.8793,1
2457499.841957,50.9434,64.4620,11.1564,7.8414,15.7711,6.8793,1
2457499.862677,42.6488,57.7332,11.1564,7.8414,15.7711,6.8793,1
2457499.883337,38.1961,67.6980,11.1564,7.8414,15.7711,6.8793,1
2457499.917197,37.3160,61.8529,11.1564,7.8414,15.7711,6.8793,1
2457500.703887,42.5310,54.1280,11.1564,7.8414,15.7711,6.8793,1
2457500.815027,55.9336,64.5140,11.1564,7.8414,15.7711,6.8793,1
2457500.833157,47.9637,63.2495,11.1564,7.8414,15.7711,6.8793,1
2457500.852217,44.9479,62.5283,11.1564,7.8414,15.7711,6.8793,1
2457505.678337,44.6577,75.6012,11.1564,7.8414,15.7711,6.8793,1
2457505.730107,35.4763,59.7672,11.1564,7.8414,15.7711,6.8793,1
2457505.747377,50.8624,71.2406,11.1564,7.8414,15.7711,6.8793,1
2457508.702057,40.3472,63.9611,11.1564,7.8414,15.7711,6.8793,1
2457508.739597,43.2719,48.2865,11.1564,7.8414,15.7711,6.8793,1
2457508.785647,41.3423,56.6199,11.1564,7.8414,15.7711,6.8793,1
2457508.803107,39.3469,55.4834,11.1564,7.8414,15.7711,6.8793,1
2457508.848707,42.4847,62.0905,11.1564,7.8414,15.7711,6.8793,1
2457508.864267,42.9531,50.6172,11.1564,7.8414,15.7711,6.8793,1
2457508.910197,48.9057,57.6314,11.1564,7.8414,15.7711,6.8793,1
2457508.927257,41.1579,65.2597,11.1564,7.8414,15.7711,6.8793,1
2457509.694621,42.6854,52.0795,11.1564,7.8414,15.7711,6.8793,1
2457509.723007,49.9232,59.5883,11.1564,7.8414,15.7711,6.8793,1
2457509.764677,42.9843,49.9050,11.1564,7.8414,15.7711,6.8793,1
2457509.782237,48.4520,52.9608,11.1564,7.8414,15.7711,6.8793,1
2457509.802137,35.4099,46.6869,11.1564,7.8414,15.7711,6.8793,1
2457509.832107,52.2468,53.8398,11.1564,7.8414,15.7711,6.8793,1
2457509.871807,60.8131,45.3020,11.1564,7.8414,15.7711,6.8793,1
2457511.723587,57.5882,62.4472,11.1564,7.8414,15.7711,6.8793,1
2457511.758067,47.9658,60.4714,11.1564,7.8414,15.7711,6.8793,1
2457511.786697,44.3791,58.0915,11.1564,7.8414,15.7711,6.8793,1
2457511.824797,54.2738,69.2124,11.1564,7.8414,15.7711,6.8793,1
2457511.861607,42.2488,59.9721,11.1564,7.8414,15.7711,6.8793,1
2457511.895017,51.3308,72.8348,11.1564,7.8414,15.7711,6.8793,1
2457512.690327,52.4967,58.1622,11.1564,7.8414,15.7711,6.8793,1
2457512.739407,43.1602,73.7900,11.1564,7.8414,15.7711,6.8793,1
2457512.741017,52.0048,58.9957,11.1564,7.8414,15.7711,6.8793,1
2457512.766007,48.5237,62.4895,11.1564,7.8414,15.7711,6.8793,1
2457512.855097,42.5668,74.5580,11.1564,7.8414,15.7711,6.8793,1
2457512.873667,60.0847,62.9092,11.1564,7.8414,15.7711,6.8793,1
2457512.908247,51.4034,73.4371,11.1564,7.8414,15.7711,6.8793,1
2457515.821307,46.2933,75.2009,11.1564,7.8414,15.7711,6.8793,1
2457515.838847,61.1112,69.0294,11.1564,7.8414,15.7711,6.8793,1
2457516.681597,50.3341,58.3730,11.1564,7.8414,15.7711,6.8793,1
2457516.745437,37.7373,53.3957,11.1564,7.8414,15.7711,6.8793,1
2457517.708057,56.8368,65.3746,11.1564,7.8414,15.7711,6.8793,1
2457517.736657,51.1830,63.9951,11.1564,7.8414,15.7711,6.8793,1
2457517.773707,45.9074,72.7446,11.1564,7.8414,15.7711,6.8793,1
2457517.809537,56.5576,49.3072,11.1564,7.8414,15.7711,6.8793,1
2457520.696207,55.2282,67.0712,11.1564,7.8414,15.7711,6.8793,1
2457520.730677,63.7328,71.4758,11.1564,7.8414,15.7711,6.8793,1
2457520.748077,54.4626,55.7315,11.1564,7.8414,15.7711,6.8793,1
2457520.772047,48.2680,54.2584,11.1564,7.8414,15.7711,6.8793,1
2457520.862677,50.4753,61.6608,11.1564,7.8414,15.7711,6.8793,1
2457520.885107,55.2843,57.2395,11.1564,7.8414,15.7711,6.8793,1
2457520.932747,42.6579,61.1068,11.1564,7.8414,15.7711,6.8793,1
2457522.650527,58.9965,70.4815,11.1564,7.8414,15.7711,6.8793,1
2457522.668197,59.0925,65.8989,11.1564,7.8414,15.7711,6.8793,1
2457522.706467,53.2717,55.9600,11.1564,7.8414,15.7711,6.8793,1
2457522.795037,46.6224,56.9974,11.1564,7.8414,15.7711,6.8793,1
2457522.818247,44.4636,57.7566,11.1564,7.8414,15.7711,6.8793,1
2457522.847427,46.2623,66.0315,11.1564,7.8414,15.7711,6.8793,1
2457523.736217,36.9308,52.2743,11.1564,7.8414,15.7711,6.8793,1
2457523.771127,47.0229,49.1745,11.1564,7.8414,15.7711,6.8793,1
2457523.828717,60.0600,48.6547,11.1564,7.8414,15.7711,6.8793,1
2457523.845997,47.4147,56.9755,11.1564,7.8414,15.7711,6.8793,1
2457523.865667,49.9067,56.0800,11.1564,7.8414,15.7711,6.8793,1
2457523.889747,49.0796,52.1959,11.1564,7.8414,15.7711,6.8793,1
2457523.922937,41.6540,60.6381,11.1564,7.8414,15.7711,6.8793,1
2457524.898237,40.7372,59.7227,11.1564,7.8414,15.7711,6.8793,1
2457526.628297,57.2932,63.8622,11.1564,7.8414,15.7711,6.8793,1
2457526.664447,57.5740,70.4458,11.1564,7.8414,15.7711,6.8793,1
2457526.733697,51.3475,60.1774,11.1564,7.8414,15.7711,6.8793,1
2457526.828557,53.2917,69.6131,11.1564,7.8414,15.7711,6.8793,1
2457528.737227,45.8551,63.2444,11.1564,7.8414,15.7711,6.8793,1
2457528.842507,47.2042,55.6800,11.1564,7.8414,15.7711,6.8793,1
2457528.903417,46.2419,69.0509,11.1564,7.8414,15.7711,6.8793,1
2457528.921697,47.1866,62.2545,11.1564,7.8414,15.7711,6.8793,1
2457528.939807,42.2202,64.7838,11.1564,7.8414,15.7711,6.8793,1
2457529.637687,42.0740,60.3063,11.1564,7.8414,15.7711,6.8793,1
2457530.660647,55.0927,57.9420,11.1564,7.8414,15.7711,6.8793,1
2457530.705797,53.7432,51.2901,11.1564,7.8414,15.7711,6.8793,1
2457530.726057,49.1290,50.5205,11.1564,7.8414,15.7711,6.8793,1
2457530.745157,45.9753,64.3402,11.1564,7.8414,15.7711,6.8793,1
2457530.786727,64.4342,69.7585,11.1564,7.8414,15.7711,6.8793,1
2457530.837957,47.8858,58.0697,11.1564,7.8414,15.7711,6.8793,1
2457530.855877,41.2664,59.5553,11.1564,7.8414,15.7711,6.8793,1
2457530.873117,47.5200,51.6559,11.1564,7.8414,15.7711,6.8793,1
2457530.908197,52.5849,51.4317,11.1564,7.8414,15.7711,6.8793,1
2457534.653797,38.8591,54.0180,11.1564,7.8414,15.7711,6.8793,1
2457534.671097,55.9294,54.1084,11.1564,7.8414,15.7711,6.8793,1
2457534.707007,43.1781,50.4167,11.1564,7.8414,15.7711,6.8793,1
2457534.725587,51.1486,64.1610,11.1564,7.8414,15.7711,6.8793,1
2457534.755747,44.9104,66.1558,11.1564,7.8414,15.7711,6.8793,1
2457534.780777,39.1945,54.9348,11.1564,7.8414,15.7711,6.8793,1
2457534.798727,47.5682,53.5709,11.1564,7.8414,15.7711,6.8793,1
2457534.820827,50.1349,52.3503,11.1564,7.8414,15.7711,6.8793,1
2457534.838157,42.0590,53.1856,11.1564,7.8414,15.7711,6.8793,1
2457534.856717,44.2080,58.1682,11.1564,7.8414,15.7711,6.8793,1
2457534.886507,47.9864,62.9481,11.1564,7.8414,15.7711,6.8793,1
2457534.903917,43.9106,56.6409,11.1564,7.8414,15.7711,6.8793,1
2457534.921647,50.2024,54.6064,11.1564,7.8414,15.7711,6.8793,1
2457536.635397,46.8223,47.2790,11.1564,7.8414,15.7711,6.8793,1
2457536.655837,46.6468,62.8541,11.1564,7.8414,15.7711,6.8793,1
2457536.673257,45.7116,55.5357,11.1564,7.8414,15.7711,6.8793,1
2457536.696147,48.5072,58.1144,11.1564,7.8414,15.7711,6.8793,1
2457536.765387,48.8448,70.9212,11.1564,7.8414,15.7711,6.8793,1
2457536.818127,50.3338,63.6573,11.1564,7.8414,15.7711,6.8793,1
2457536.835237,57.2244,50.2501,11.1564,7.8414,15.7711,6.8793,1
2457536.864117,43.0433,65.9172,11.1564,7.8414,15.7711,6.8793,1
2457536.884327,40.8540,54.6031,11.1564,7.8414,15.7711,6.8793,1
2457536.900037,49.3091,53.5676,11.1564,7.8414,15.7711,6.8793,1
2457536.917987,58.9469,54.4749,11.1564,7.8414,15.7711,6.8793,1
2457546.751857,51.2390,46.9050,11.1564,7.8414,15.7711,6.8793,1
2457546.804567,48.4365,55.2090,11.1564,7.8414,15.7711,6.8793,1
2457546.828647,42.3163,45.0472,11.1564,7.8414,15.7711,6.8793,1
2457546.849327,42.4497,64.2301,11.1564,7.8414,15.7711,6.8793,1
2457548.639077,39.2071,58.4479,11.1564,7.8414,15.7711,6.8793,1
2457548.687457,52.6626,43.4394,11.1564,7.8414,15.7711,6.8793,1
2457548.732654,42.7787,46.4301,11.1564,7.8414,15.7711,6.8793,1
2457548.753134,38.1142,49.3156,11.1564,7.8414,15.7711,6.8793,1
2457548.771564,44.2261,44.9453,11.1564,7.8414,15.7711,6.8793,1
2457548.801247,45.4358,46.6989,11.1564,7.8414,15.7711,6.8793,1
2457548.818647,38.6513,52.9039,11.1564,7.8414,15.7711,6.8793,1
2457549.708577,45.5412,61.0296,11.1564,7.8414,15.7711,6.8793,1
2457549.793187,46.4572,43.5681,11.1564,7.8414,15.7711,6.8793,1
2457549.847337,36.6964,50.3114,11.1564,7.8414,15.7711,6.8793,1
2457549.864427,43.5355,54.2947,11.1564,7.8414,15.7711,6.8793,1
2457550.559677,57.0794,64.4806,11.1564,7.8414,15.7711,6.8793,1
2457550.784697,44.3702,61.3179,11.1564,7.8414,15.7711,6.8793,1
2457550.802867,37.2119,57.9290,11.1564,7.8414,15.7711,6.8793,1
2457550.868027,38.6170,59.1638,11.1564,7.8414,15.7711,6.8793,1
2457551.660957,57.7606,65.3878,11.1564,7.8414,15.7711,6.8793,1
2457551.715357,47.1247,44.9865,11.1564,7.8414,15.7711,6.8793,1
2457551.732337,46.0366,56.7887,11.1564,7.8414,15.7711,6.8793,1
2457551.797417,47.0434,60.0850,11.1564,7.8414,15.7711,6.8793,1
2457554.583527,54.6871,55.7313,11.1564,7.8414,15.7711,6.8793,1
2457554.620357,39.4336,50.2108,11.1564,7.8414,15.7711,6.8793,1
2457554.648267,52.4635,51.0072,11.1564,7.8414,15.7711,6.8793,1
2457554.778467,51.4192,58.8785,11.1564,7.8414,15.7711,6.8793,1
2457554.795477,56.7953,64.8695,11.1564,7.8414,15.7711,6.8793,1
2457555.550117,56.8732,57.1275,11.1564,7.8414,15.7711,6.8793,1
2457555.576167,38.3823,55.9454,11.1564,7.8414,15.7711,6.8793,1
2457555.595877,47.9350,58.4566,11.1564,7.8414,15.7711,6.8793,1
2457555.613337,48.9995,60.6220,11.1564,7.8414,15.7711,6.8793,1
2457555.644797,40.1410,54.2781,11.1564,7.8414,15.7711,6.8793,1
2457555.665007,52.2224,51.2804,11.1564,7.8414,15.7711,6.8793,1
2457555.686647,49.2713,47.1690,11.1564,7.8414,15.7711,6.8793,1
2457555.725457,41.8954,51.7294,11.1564,7.8414,15.7711,6.8793,1
2457555.753667,45.4006,60.4798,11.1564,7.8414,15.7711,6.8793,1
2457555.774597,45.3846,51.2768,11.1564,7.8414,15.7711,6.8793,1
2457555.799837,48.6590,65.3959,11.1564,7.8414,15.7711,6.8793,1
2457555.817267,51.0418,51.2081,11.1564,7.8414,15.7711,6.8793,1
2457555.863287,42.5472,60.6235,11.1564,7.8414,15.7711,6.8793,1
2457557.540327,53.1566,67.0200,11.1564,7.8414,15.7711,6.8793,1
2457557.558077,53.0974,43.9816,11.1564,7.8414,15.7711,6.8793,1
2457557.587227,51.6037,51.1687,11.1564,7.8414,15.7711,6.8793,1
2457557.604477,46.5790,61.5108,11.1564,7.8414,15.7711,6.8793,1
2457557.622317,42.4824,61.2848,11.1564,7.8414,15.7711,6.8793,1
2457557.639807,54.1439,62.8971,11.1564,7.8414,15.7711,6.8793,1
2457557.687217,51.5831,58.8247,11.1564,7.8414,15.7711,6.8793,1
2457557.708047,53.9266,60.1591,11.1564,7.8414,15.7711,6.8793,1
2457557.726777,39.9436,60.0057,11.1564,7.8414,15.7711,6.8793,1
2457557.744507,41.9706,60.7794,11.1564,7.8414,15.7711,6.8793,1
2457557.761977,48.0238,58.1851,11.1564,7.8414,15.7711,6.8793,1
2457557.790797,48.1781,49.6787,11.1564,7.8414,15.7711,6.8793,1
2457557.810147,38.5956,45.1316,11.1564,7.8414,15.7711,6.8793,1
2457557.827837,44.9412,59.9417,11.1564,7.8414,15.7711,6.8793,1
2457558.662817,38.9104,65.6238,11.1564,7.8414,15.7711,6.8793,1
2457561.536257,53.3055,56.3103,11.1564,7.8414,15.7711,6.8793,1
2457561.603127,41.3957,66.1928,11.1564,7.8414,15.7711,6.8793,1
2457561.643097,52.1171,64.7668,11.1564,7.8414,15.7711,6.8793,1
2457561.671307,43.3857,59.3566,11.1564,7.8414,15.7711,6.8793,1
2457561.691087,38.2170,56.9031,11.1564,7.8414,15.7711,6.8793,1
2457561.711667,46.4158,65.9687,11.1564,7.8414,15.7711,6.8793,1
2457561.728997,48.5977,55.3565,11.1564,7.8414,15.7711,6.8793,1
2457561.745987,41.5911,66.8898,11.1564,7.8414,15.7711,6.8793,1
2457561.794647,42.4404,47.7458,11.1564,7.8414,15.7711,6.8793,1
2457562.682497,50.6078,57.0929,11.1564,7.8414,15.7711,6.8793,1
2457566.626237,44.6683,54.5617,11.1564,7.8414,15.7711,6.8793,1
2457566.714237,42.8904,55.5432,11.1564,7.8414,15.7711,6.8793,1
2457566.737417,46.8589,50.0652,11.1564,7.8414,15.7711,6.8793,1
2457566.754577,49.8618,44.0306,11.1564,7.8414,15.7711,6.8793,1
2457567.551187,60.6719,67.3449,11.1564,7.8414,15.7711,6.8793,1
2457567.585037,51.2355,60.5387,11.1564,7.8414,15.7711,6.8793,1
2457567.627297,39.5953,59.8133,11.1564,7.8414,15.7711,6.8793,1
2457567.664767,43.3258,53.3399,11.1564,7.8414,15.7711,6.8793,1
2457567.696347,46.7725,47.1164,11.1564,7.8414,15.7711,6.8793,1
2457567.731487,41.2846,64.6231,11.1564,7.8414,15.7711,6.8793,1
2457567.751117,39.4764,53.7630,11.1564,7.8414,15.7711,6.8793,1
2457567.771037,49.3669,59.6578,11.1564,7.8414,15.7711,6.8793,1
2457567.799187,40.5131,64.8950,11.1564,7.8414,15.7711,6.8793,1
2457567.817827,45.7401,51.4889,11.1564,7.8414,15.7711,6.8793,1
2457568.540087,46.5707,57.7810,11.1564,7.8414,15.7711,6.8793,1
2457568.585437,45.3677,42.2855,11.1564,7.8414,15.7711,6.8793,1
2457568.658507,42.7386,51.6341,11.1564,7.8414,15.7711,6.8793,1
2457568.766907,48.8126,63.3285,11.1564,7.8414,15.7711,6.8793,1
2457568.820717,52.8922,54.0760,11.1564,7.8414,15.7711,6.8793,1
2457568.838287,50.3959,50.2778,11.1564,7.8414,15.7711,6.8793,1
2457569.522697,44.2627,52.2621,11.1564,7.8414,15.7711,6.8793,1
2457569.545017,56.4432,50.0992,11.1564,7.8414,15.7711,6.8793,1
2457569.572597,38.2531,49.9127,11.1564,7.8414,15.7711,6.8793,1
2457569.621177,37.6824,54.8853,11.1564,7.8414,15.7711,6.8793,1
2457569.638947,46.0488,54.3967,11.1564,7.8414,15.7711,6.8793,1
2457569.657727,44.3370,64.6486,11.1564,7.8414,15.7711,6.8793,1
2457569.704737,47.2948,53.6231,11.1564,7.8414,15.7711,6.8793,1
2457569.722477,39.4623,61.4262,11.1564,7.8414,15.7711,6.8793,1
2457569.740347,50.0240,49.5374,11.1564,7.8414,15.7711,6.8793,1
2457569.758157,41.5482,52.9980,11.1564,7.8414,15.7711,6.8793,1
2457569.805477,55.2547,43.1605,11.1564,7.8414,15.7711,6.8793,1
2457570.535617,60.8313,46.5261,11.1564,7.8414,15.7711,6.8793,1
2457570.685527,51.9073,55.7358,11.1564,7.8414,15.7711,6.8793,1
2457570.720167,48.5616,62.0668,11.1564,7.8414,15.7711,6.8793,1
2457570.788177,61.8747,62.9275,11.1564,7.8414,15.7711,6.8793,1
2457570.805757,41.8291,48.2176,11.1564,7.8414,15.7711,6.8793,1
2457570.821107,62.5855,53.2859,11.1564,7.8414,15.7711,6.8793,1
2457575.549657,49.1321,58.5155,11.1564,7.8414,15.7711,6.8793,1
2457575.567067,45.2474,50.4404,11.1564,7.8414,15.7711,6.8793,1
2457575.666687,49.0108,46.2670,11.1564,7.8414,15.7711,6.8793,1
2457576.654037,45.1925,51.2098,11.1564,7.8414,15.7711,6.8793,1
2457576.702187,36.0416,48.6642,11.1564,7.8414,15.7711,6.8793,1
2457576.720667,43.5939,48.4137,11.1564,7.8414,15.7711,6.8793,1
2457584.548707,55.9797,69.4608,11.1564,7.8414,15.7711,6.8793,1
2457584.654267,52.0787,47.8880,11.1564,7.8414,15.7711,6.8793,1
2457584.689697,66.4812,59.3466,11.1564,7.8414,15.7711,6.8793,1
2457584.727087,63.0451,42.7133,11.1564,7.8414,15.7711,6.8793,1
2457585.501137,46.4020,61.0841,11.1564,7.8414,15.7711,6.8793,1
2457585.519617,43.8526,48.9857,11.1564,7.8414,15.7711,6.8793,1
2457585.555057,47.1775,48.7524,11.1564,7.8414,15.7711,6.8793,1
2457585.603177,49.4542,57.4739,11.1564,7.8414,15.7711,6.8793,1
2457585.626227,48.4715,57.6417,11.1564,7.8414,15.7711,6.8793,1
2457585.646827,44.2986,67.3286,11.1564,7.8414,15.7711,6.8793,1
2457589.648957,44.3945,57.4806,11.1564,7.8414,15.7711,6.8793,1
2457589.769717,44.2952,46.7096,11.1564,7.8414,15.7711,6.8793,1
2457590.476477,59.8257,57.4822,11.1564,7.8414,15.7711,6.8793,1
2457590.522837,49.6272,49.3957,11.1564,7.8414,15.7711,6.8793,1
2457590.608867,40.4646,54.8708,11.1564,7.8414,15.7711,6.8793,1
2457590.657267,53.6244,51.7105,11.1564,7.8414,15.7711,6.8793,1
2457590.692057,48.5402,49.1357,11.1564,7.8414,15.7711,6.8793,1
2457590.761147,49.3370,59.3648,11.1564,7.8414,15.7711,6.8793,1
2457591.538557,40.2932,55.4455,11.1564,7.8414,15.7711,6.8793,1
2457591.556097,45.2733,58.8818,11.1564,7.8414,15.7711,6.8793,1
2457591.622117,38.4055,46.1068,11.1564,7.8414,15.7711,6.8793,1
2457591.666267,42.8177,59.8939,11.1564,7.8414,15.7711,6.8793,1
2457591.683787,43.3246,52.4011,11.1564,7.8414,15.7711,6.8793,1
2457591.714127,55.3314,51.0491,11.1564,7.8414,15.7711,6.8793,1
2457591.731697,49.0067,63.5685,11.1564,7.8414,15.7711,6.8793,1
2457591.749517,54.9176,69.3591,11.1564,7.8414,15.7711,6.8793,1
2457593.503837,47.8482,44.2521,11.1564,7.8414,15.7711,6.8793,1
2457593.532527,52.8965,48.8887,11.1564,7.8414,15.7711,6.8793,1
2457593.568787,51.8036,47.7627,11.1564,7.8414,15.7711,6.8793,1
2457593.587207,53.3922,55.3194,11.1564,7.8414,15.7711,6.8793,1
2457593.636417,46.1829,46.4501,11.1564,7.8414,15.7711,6.8793,1
2457596.494077,47.1984,63.9919,11.1564,7.8414,15.7711,6.8793,1
2457596.512177,52.6618,45.1133,11.1564,7.8414,15.7711,6.8793,1
2457596.547397,58.8234,43.0152,11.1564,7.8414,15.7711,6.8793,1
2457597.518657,52.3057,47.5866,11.1564,7.8414,15.7711,6.8793,1
2457597.536157,53.3595,54.1531,11.1564,7.8414,15.7711,6.8793,1
2457597.572177,50.6970,49.4357,11.1564,7.8414,15.7711,6.8793,1
2457597.637217,50.9335,63.4961,11.1564,7.8414,15.7711,6.8793,1
2457597.694667,52.4102,46.3043,11.1564,7.8414,15.7711,6.8793,1
2457597.723087,56.8552,61.2671,11.1564,7.8414,15.7711,6.8793,1
2457597.742457,44.9527,45.6522,11.1564,7.8414,15.7711,6.8793,1
2457598.493147,49.4400,56.0158,11.1564,7.8414,15.7711,6.8793,1
2457598.510187,56.9656,50.7563,11.1564,7.8414,15.7711,6.8793,1
2457598.579447,38.2338,60.0835,11.1564,7.8414,15.7711,6.8793,1
2457598.598437,41.1753,53.0053,11.1564,7.8414,15.7711,6.8793,1
2457598.635677,46.3392,64.3756,11.1564,7.8414,15.7711,6.8793,1
2457598.667327,49.9760,51.9689,11.1564,7.8414,15.7711,6.8793,1
2457598.703127,48.8159,58.2545,11.1564,7.8414,15.7711,6.8793,1
2457599.494707,40.0795,46.3513,11.1564,7.8414,15.7711,6.8793,1
2457599.513467,48.1146,56.7074,11.1564,7.8414,15.7711,6.8793,1
2457599.655127,58.1403,50.9867,11.1564,7.8414,15.7711,6.8793,1
2457599.693927,48.9219,53.8475,11.1564,7.8414,15.7711,6.8793,1
2457599.743047,44.2926,48.7454,11.1564,7.8414,15.7711,6.8793,1
2457600.481037,46.3936,49.3697,11.1564,7.8414,15.7711,6.8793,1
2457600.518087,55.3090,51.4354,11.1564,7.8414,15.7711,6.8793,1
2457600.608697,56.4164,62.7217,11.1564,7.8414,15.7711,6.8793,1
2457600.632907,43.0746,60.7859,11.1564,7.8414,15.7711,6.8793,1
2457600.720597,56.4875,66.7219,11.1564,7.8414,15.7711,6.8793,1
2457600.738577,51.1659,60.8035,11.1564,7.8414,15.7711,6.8793,1
2457601.501867,54.7215,53.8485,11.1564,7.8414,15.7711,6.8793,1
2457601.519707,42.9313,39.2068,11.1564,7.8414,15.7711,6.8793,1
2457601.566337,57.3939,54.5396,11.1564,7.8414,15.7711,6.8793,1
2457601.676377,54.2313,43.5981,11.1564,7.8414,15.7711,6.8793,1
2457601.694077,43.3509,59.5643,11.1564,7.8414,15.7711,6.8793,1
2457601.740967,59.6693,64.8980,11.1564,7.8414,15.7711,6.8793,1
2457602.535937,50.1176,48.0182,11.1564,7.8414,15.7711,6.8793,1
2457602.553747,44.8728,50.2905,11.1564,7.8414,15.7711,6.8793,1
2457602.594597,40.3376,60.6636,11.1564,7.8414,15.7711,6.8793,1
2457602.667987,52.9456,54.2363,11.1564,7.8414,15.7711,6.8793,1
2457602.740307,56.6894,58.5435,11.1564,7.8414,15.7711,6.8793,1
2457603.593017,39.3908,48.0267,11.1564,7.8414,15.7711,6.8793,1
2457603.628317,43.9932,43.9938,11.1564,7.8414,15.7711,6.8793,1
2457603.737327,47.4813,52.8607,11.1564,7.8414,15.7711,6.8793,1
2457605.500897,49.6898,43.7240,11.1564,7.8414,15.7711,6.8793,1
2457605.535737,55.9163,55.4791,11.1564,7.8414,15.7711,6.8793,1
2457605.585457,54.6005,45.6758,11.1564,7.8414,15.7711,6.8793,1
2457605.622337,52.2259,49.0744,11.1564,7.8414,15.7711,6.8793,1
2457605.657697,45.8699,50.3103,11.1564,7.8414,15.7711,6.8793,1
2457605.675497,46.5793,56.4800,11.1564,7.8414,15.7711,6.8793,1
2457605.733287,42.9307,40.6364,11.1564,7.8414,15.7711,6.8793,1
2457606.474817,51.7733,47.8254,11.1564,7.8414,15.7711,6.8793,1
2457606.492247,41.8416,49.7077,11.1564,7.8414,15.7711,6.8793,1
2457606.603977,44.1503,48.7233,11.1564,7.8414,15.7711,6.8793,1
2457607.485237,45.1411,46.1696,11.1564,7.8414,15.7711,6.8793,1
2457607.504647,49.3791,52.0536,11.1564,7.8414,15.7711,6.8793,1
2457607.522247,46.2359,58.3414,11.1564,7.8414,15.7711,6.8793,1
2457607.539917,53.8662,63.4322,11.1564,7.8414,15.7711,6.8793,1
2457607.585427,41.1020,46.7709,11.1564,7.8414,15.7711,6.8793,1
2457607.651357,45.1372,61.4378,11.1564,7.8414,15.7711,6.8793,1
2457607.686637,45.5492,61.5265,11.1564,7.8414,15.7711,6.8793,1
2457608.474357,38.1856,57.5711,11.1564,7.8414,15.7711,6.8793,1
2457608.493857,40.1104,47.8185,11.1564,7.8414,15.7711,6.8793,1
2457608.511937,39.2680,48.5414,11.1564,7.8414,15.7711,6.8793,1
2457608.622857,48.6447,41.2694,11.1564,7.8414,15.7711,6.8793,1
2457608.640907,45.4106,59.8412,11.1564,7.8414,15.7711,6.8793,1
2457608.702467,52.1375,45.2662,11.1564,7.8414,15.7711,6.8793,1
2457609.475507,48.6676,64.0635,11.1564,7.8414,15.7711,6.8793,1
2457609.493677,43.7907,57.4150,11.1564,7.8414,15.7711,6.8793,1
2457609.610887,38.9191,55.9298,11.1564,7.8414,15.7711,6.8793,1
2457609.665237,49.1057,48.8361,11.1564,7.8414,15.7711,6.8793,1
2457609.700747,41.9432,47.6440,11.1564,7.8414,15.7711,6.8793,1
2457609.721067,58.2959,53.6962,11.1564,7.8414,15.7711,6.8793,1
2457610.526837,37.8221,56.4775,11.1564,7.8414,15.7711,6.8793,1
2457610.544897,48.3557,57.8553,11.1564,7.8414,15.7711,6.8793,1
2457610.595857,50.8864,54.1230,11.1564,7.8414,15.7711,6.8793,1
2457611.589547,53.8801,49.7667,11.1564,7.8414,15.7711,6.8793,1
2457611.608327,40.5142,51.2025,11.1564,7.8414,15.7711,6.8793,1
2457611.626967,55.3634,50.9356,11.1564,7.8414,15.7711,6.8793,1
2457611.644567,48.9252,58.6815,11.1564,7.8414,15.7711,6.8793,1
2457611.676857,60.5400,62.4606,11.1564,7.8414,15.7711,6.8793,1
2457612.496227,49.8697,59.4659,11.1564,7.8414,15.7711,6.8793,1
2457612.542497,51.8670,63.6711,11.1564,7.8414,15.7711,6.8793,1
2457612.562197,46.1160,60.4416,11.1564,7.8414,15.7711,6.8793,1
2457612.581357,44.1452,52.8337,11.1564,7.8414,15.7711,6.8793,1
2457612.600667,39.7488,45.2725,11.1564,7.8414,15.7711,6.8793,1
2457612.647997,41.6444,54.2153,11.1564,7.8414,15.7711,6.8793,1
2457612.666017,42.4001,55.3750,11.1564,7.8414,15.7711,6.8793,1
2457612.683317,39.8097,60.9554,11.1564,7.8414,15.7711,6.8793,1
2457613.519037,43.3074,63.1880,11.1564,7.8414,15.7711,6.8793,1
2457613.559537,44.8337,67.7394,11.1564,7.8414,15.7711,6.8793,1
2457613.578657,45.9000,66.3486,11.1564,7.8414,15.7711,6.8793,1
2457613.626427,38.5092,53.8218,11.1564,7.8414,15.7711,6.8793,1
2457613.644167,53.0225,53.8311,11.1564,7.8414,15.7711,6.8793,1
2457613.661787,38.5290,56.0376,11.1564,7.8414,15.7711,6.8793,1
2457613.679247,59.0249,53.3903,11.1564,7.8414,15.7711,6.8793,1
2457613.707917,51.5603,53.8262,11.1564,7.8414,15.7711,6.8793,1
2457614.547227,49.7144,61.3915,11.1564,7.8414,15.7711,6.8793,1
2457616.472837,40.9822,53.4563,11.1564,7.8414,15.7711,6.8793,1
2457616.490377,44.5914,68.0600,11.1564,7.8414,15.7711,6.8793,1
2457616.512527,52.4846,62.8010,11.1564,7.8414,15.7711,6.8793,1
2457616.530447,44.5424,56.1101,11.1564,7.8414,15.7711,6.8793,1
2457616.559327,46.0877,57.8934,11.1564,7.8414,15.7711,6.8793,1
2457616.576857,55.1504,47.2490,11.1564,7.8414,15.7711,6.8793,1
2457616.605317,51.5523,57.1505,11.1564,7.8414,15.7711,6.8793,1
2457616.640377,44.2008,62.4621,11.1564,7.8414,15.7711,6.8793,1
2457616.671277,46.5439,60.9185,11.1564,7.8414,15.7711,6.8793,1
2457616.688787,53.0254,48.5999,11.1564,7.8414,15.7711,6.8793,1
2457616.700537,47.0674,59.4269,11.1564,7.8414,15.7711,6.8793,1
2457617.483907,50.6319,52.6055,11.1564,7.8414,15.7711,6.8793,1
2457617.501657,47.3771,63.7114,11.1564,7.8414,15.7711,6.8793,1
2457617.547917,51.2169,53.1749,11.1564,7.8414,15.7711,6.8793,1
2457617.565637,46.2588,53.9062,11.1564,7.8414,15.7711,6.8793,1
2457617.583467,52.3731,64.5673,11.1564,7.8414,15.7711,6.8793,1
2457617.602147,52.4209,62.6421,11.1564,7.8414,15.7711,6.8793,1
2457617.620347,49.6347,57.5555,11.1564,7.8414,15.7711,6.8793,1
2457617.652107,54.4065,53.7647,11.1564,7.8414,15.7711,6.8793,1
2457617.682137,41.4463,48.0815,11.1564,7.8414,15.7711,6.8793,1
2457617.699927,50.9044,43.6713,11.1564,7.8414,15.7711,6.8793,1
2457618.479857,51.4361,56.0177,11.1564,7.8414,15.7711,6.8793,1
2457618.497597,47.9691,67.3992,11.1564,7.8414,15.7711,6.8793,1
2457618.515517,54.1855,68.0643,11.1564,7.8414,15.7711,6.8793,1
2457618.533947,44.7693,48.9327,11.1564,7.8414,15.7711,6.8793,1
2457618.563737,45.4500,61.5440,11.1564,7.8414,15.7711,6.8793,1
2457618.599067,51.3674,51.9576,11.1564,7.8414,15.7711,6.8793,1
2457618.616537,48.5991,58.5317,11.1564,7.8414,15.7711,6.8793,1
2457618.634157,49.0431,53.9060,11.1564,7.8414,15.7711,6.8793,1
2457618.663797,40.5595,54.8093,11.1564,7.8414,15.7711,6.8793,1
2457618.681387,47.3820,50.4488,11.1564,7.8414,15.7711,6.8793,1
2457619.472207,36.3618,56.6500,11.1564,7.8414,15.7711,6.8793,1
2457619.490017,47.9708,56.3273,11.1564,7.8414,15.7711,6.8793,1
2457619.560577,37.4726,69.0144,11.1564,7.8414,15.7711,6.8793,1
2457621.472317,41.3827,56.7946,11.1564,7.8414,15.7711,6.8793,1
2457621.557087,51.7422,52.2726,11.1564,7.8414,15.7711,6.8793,1
2457621.594337,43.4094,64.7970,11.1564,7.8414,15.7711,6.8793,1
2457621.612327,43.6177,53.6181,11.1564,7.8414,15.7711,6.8793,1
2457621.643487,41.6121,45.4956,11.1564,7.8414,15.7711,6.8793,1
2457621.680527,52.4618,59.1904,11.1564,7.8414,15.7711,6.8793,1
2457622.487647,48.9050,52.1419,11.1564,7.8414,15.7711,6.8793,1
2457622.506507,38.0742,40.5120,11.1564,7.8414,15.7711,6.8793,1
2457622.541737,39.1953,46.3198,11.1564,7.8414,15.7711,6.8793,1
2457622.577457,55.0317,56.6600,11.1564,7.8414,15.7711,6.8793,1
2457623.533097,41.4397,54.3441,11.1564,7.8414,15.7711,6.8793,1
2457623.605387,52.2541,58.1059,11.1564,7.8414,15.7711,6.8793,1
2457623.623437,35.9538,52.7418,11.1564,7.8414,15.7711,6.8793,1
2457623.680337,50.0161,50.7585,11.1564,7.8414,15.7711,6.8793,1
2457624.480047,48.4051,58.5824,11.1564,7.8414,15.7711,6.8793,1
2457624.500927,55.0977,44.9008,11.1564,7.8414,15.7711,6.8793,1
2457624.553547,55.1200,51.3571,11.1564,7.8414,15.7711,6.8793,1
2457624.573217,50.5903,52.7808,11.1564,7.8414,15.7711,6.8793,1
2457624.609187,48.7901,54.6898,11.1564,7.8414,15.7711,6.8793,1
2457624.680297,55.9968,63.8172,11.1564,7.8414,15.7711,6.8793,1
2457625.480057,50.3795,60.0984,11.1564,7.8414,15.7711,6.8793,1
2457625.520487,39.0191,56.4281,11.1564,7.8414,15.7711,6.8793,1
2457625.608637,46.1009,40.9959,11.1564,7.8414,15.7711,6.8793,1
2457626.517527,53.1752,70.0095,11.1564,7.8414,15.7711,6.8793,1
2457626.535697,47.6333,57.0148,11.1564,7.8414,15.7711,6.8793,1
2457626.609607,57.7497,41.6182,11.1564,7.8414,15.7711,6.8793,1
2457626.648327,53.4081,53.9931,11.1564,7.8414,15.7711,6.8793,1
2457626.672587,54.4655,44.0685,11.1564,7.8414,15.7711,6.8793,1
2457629.653677,60.5222,54.7420,11.1564,7.8414,15.7711,6.8793,1
2457630.477747,45.0168,59.2221,11.1564,7.8414,15.7711,6.8793,1
2457630.525197,45.7271,52.3656,11.1564,7.8414,15.7711,6.8793,1
2457630.544887,45.8382,56.6024,11.1564,7.8414,15.7711,6.8793,1
2457630.604907,35.8798,41.9326,11.1564,7.8414,15.7711,6.8793,1
2457630.635797,53.3566,46.1283,11.1564,7.8414,15.7711,6.8793,1
2457630.653947,49.2124,49.3362,11.1564,7.8414,15.7711,6.8793,1
2457631.484747,44.4581,47.0093,11.1564,7.8414,15.7711,6.8793,1
2457631.507177,53.1598,43.7185,11.1564,7.8414,15.7711,6.8793,1
2457631.525107,48.7272,46.2751,11.1564,7.8414,15.7711,6.8793,1
2457631.560417,37.2689,46.2656,11.1564,7.8414,15.7711,6.8793,1
2457631.578277,51.3297,70.0220,11.1564,7.8414,15.7711,6.8793,1
2457632.588157,37.3595,45.9926,11.1564,7.8414,15.7711,6.8793,1
2457632.605587,40.3625,50.7854,11.1564,7.8414,15.7711,6.8793,1
2457633.473157,49.0875,49.0823,11.1564,7.8414,15.7711,6.8793,1
2457633.491537,43.7173,42.4589,11.1564,7.8414,15.7711,6.8793,1
2457633.512717,54.3551,64.2538,11.1564,7.8414,15.7711,6.8793,1
2457633.551187,41.0752,48.0215,11.1564,7.8414,15.7711,6.8793,1
2457633.635457,61.3701,54.7322,11.1564,7.8414,15.7711,6.8793,1
2457635.550677,58.8824,66.0179,11.1564,7.8414,15.7711,6.8793,1
2457636.475387,42.8144,60.1375,11.1564,7.8414,15.7711,6.8793,1
2457636.562087,60.8982,52.6243,11.1564,7.8414,15.7711,6.8793,1
2457637.474487,51.8787,61.3997,11.1564,7.8414,15.7711,6.8793,1
2457637.493757,39.4978,48.1802,11.1564,7.8414,15.7711,6.8793,1
2457637.511467,46.6071,42.3302,11.1564,7.8414,15.7711,6.8793,1
2457637.577347,43.4630,45.5191,11.1564,7.8414,15.7711,6.8793,1
2457637.594707,45.1866,62.6600,11.1564,7.8414,15.7711,6.8793,1
2457637.612337,54.3871,50.6079,11.1564,7.8414,15.7711,6.8793,1
2457638.481317,52.6385,63.5113,11.1564,7.8414,15.7711,6.8793,1
2457638.499807,43.4122,41.7661,11.1564,7.8414,15.7711,6.8793,1
2457638.518797,40.4527,44.4977,11.1564,7.8414,15.7711,6.8793,1
2457638.546897,60.3652,45.8791,11.1564,7.8414,15.7711,6.8793,1
2457638.583497,46.7755,53.2690,11.1564,7.8414,15.7711,6.8793,1
2457638.607947,35.6301,54.0077,11.1564,7.8414,15.7711,6.8793,1
2457639.478637,48.2473,51.8786,11.1564,7.8414,15.7711,6.8793,1
2457639.497517,43.1800,49.4100,11.1564,7.8414,15.7711,6.8793,1
2457639.515307,56.1160,58.4385,11.1564,7.8414,15.7711,6.8793,1
2457639.533207,40.7206,55.1927,11.1564,7.8414,15.7711,6.8793,1
2457639.550987,42.5891,50.9320,11.1564,7.8414,15.7711,6.8793,1
2457639.597187,45.4821,55.6951,11.1564,7.8414,15.7711,6.8793,1
2457639.614787,35.4652,61.0625,11.1564,7.8414,15.7711,6.8793,1
2457639.632137,38.3763,51.7125,11.1564,7.8414,15.7711,6.8793,1
2457640.477197,41.7349,52.1755,11.1564,7.8414,15.7711,6.8793,1
2457640.495857,51.8727,55.9563,11.1564,7.8414,15.7711,6.8793,1
2457640.524487,38.0690,49.1895,11.1564,7.8414,15.7711,6.8793,1
2457640.543687,42.1718,50.5509,11.1564,7.8414,15.7711,6.8793,1
2457640.561347,40.5648,46.7343,11.1564,7.8414,15.7711,6.8793,1
2457640.579127,46.7588,67.5944,11.1564,7.8414,15.7711,6.8793,1
2457640.596727,50.6624,50.9969,11.1564,7.8414,15.7711,6.8793,1
2457640.613157,56.7214,50.2335,11.1564,7.8414,15.7711,6.8793,1
2457640.634297,43.8630,57.5966,11.1564,7.8414,15.7711,6.8793,1
2457641.515517,52.9723,65.9619,11.1564,7.8414,15.7711,6.8793,1
2457641.527237,58.8343,47.5362,11.1564,7.8414,15.7711,6.8793,1
2457641.544737,43.9588,54.4310,11.1564,7.8414,15.7711,6.8793,1
2457641.592137,38.9126,60.9083,11.1564,7.8414,15.7711,6.8793,1
2457641.609807,33.9084,51.6624,11.1564,7.8414,15.7711,6.8793,1
2457641.627767,48.0521,56.7337,11.1564,7.8414,15.7711,6.8793,1
2457642.488527,42.0472,45.5891,11.1564,7.8414,15.7711,6.8793,1
2457642.553737,50.6752,39.9273,11.1564,7.8414,15.7711,6.8793,1
2457642.573387,36.1253,66.5751,11.1564,7.8414,15.7711,6.8793,1
2457643.521897,37.4377,52.8182,11.1564,7.8414,15.7711,6.8793,1
2457643.557547,51.2296,52.2694,11.1564,7.8414,15.7711,6.8793,1
2457643.592967,55.2839,47.8112,11.1564,7.8414,15.7711,6.8793,1
2457644.488497,52.4566,62.8609,11.1564,7.8414,15.7711,6.8793,1
2457644.506457,48.4072,61.0525,11.1564,7.8414,15.7711,6.8793,1
2457645.578027,36.0780,63.6855,11.1564,7.8414,15.7711,6.8793,1
2457647.516317,47.1501,48.1397,11.1564,7.8414,15.7711,6.8793,1
2457647.533817,35.3244,57.6003,11.1564,7.8414,15.7711,6.8793,1
2457647.569347,37.3837,48.2965,11.1564,7.8414,15.7711,6.8793,1
2457647.599817,41.3183,43.3142,11.1564,7.8414,15.7711,6.8793,1
2457648.508667,44.3627,53.2988,11.1564,7.8414,15.7711,6.8793,1
2457648.527157,46.9368,58.9990,11.1564,7.8414,15.7711,6.8793,1
2457648.545797,47.2492,53.7950,11.1564,7.8414,15.7711,6.8793,1
2457648.575057,42.8023,57.1219,11.1564,7.8414,15.7711,6.8793,1
2457648.592617,49.1235,52.0910,11.1564,7.8414,15.7711,6.8793,1
2457648.611727,40.6164,43.0243,11.1564,7.8414,15.7711,6.8793,1
2457649.526887,56.5993,44.3044,11.1564,7.8414,15.7711,6.8793,1
2457649.556197,50.0267,50.4564,11.1564,7.8414,15.7711,6.8793,1
2457649.596567,48.7654,63.5769,11.1564,7.8414,15.7711,6.8793,1
2457650.603847,34.6486,55.1185,11.1564,7.8414,15.7711,6.8793,1
2457651.542527,39.9285,42.9638,11.1564,7.8414,15.7711,6.8793,1
2457651.560287,40.0871,65.0687,11.1564,7.8414,15.7711,6.8793,1
2457653.507337,50.7682,53.1416,11.1564,7.8414,15.7711,6.8793,1
2457653.572447,43.3905,55.2837,11.1564,7.8414,15.7711,6.8793,1
2457654.490827,44.3598,52.9746,11.1564,7.8414,15.7711,6.8793,1
2457654.531477,44.5303,40.5579,11.1564,7.8414,15.7711,6.8793,1
2457654.561027,47.6950,57.0326,11.1564,7.8414,15.7711,6.8793,1
2457655.559027,54.8402,48.4505,11.1564,7.8414,15.7711,6.8793,1
2457656.581947,42.9971,50.4893,11.1564,7.8414,15.7711,6.8793,1
2457656.592127,37.1535,52.1874,11.1564,7.8414,15.7711,6.8793,1
2457657.491177,43.4738,47.1462,11.1564,7.8414,15.7711,6.8793,1
2457657.528187,37.1696,52.3734,11.1564,7.8414,15.7711,6.8793,1
2457657.590377,45.4487,56.8793,11.1564,7.8414,15.7711,6.8793,1
2457658.496547,41.9847,48.2803,11.1564,7.8414,15.7711,6.8793,1
2457658.515957,35.9837,41.2246,11.1564,7.8414,15.7711,6.8793,1
2457658.536297,36.1559,47.2851,11.1564,7.8414,15.7711,6.8793,1
2457658.557087,47.3707,43.7398,11.1564,7.8414,15.7711,6.8793,1
2457658.589097,44.6145,50.5346,11.1564,7.8414,15.7711,6.8793,1
2457659.505687,34.2358,53.6115,11.1564,7.8414,15.7711,6.8793,1
2457659.523637,39.4854,51.0528,11.1564,7.8414,15.7711,6.8793,1
2457659.541517,45.7906,49.7550,11.1564,7.8414,15.7711,6.8793,1
2457659.561027,43.0668,60.5793,11.1564,7.8414,15.7711,6.8793,1
2457660.575127,39.4992,43.1541,11.1564,7.8414,15.7711,6.8793,1
2457660.581357,52.2912,48.9811,11.1564,7.8414,15.7711,6.8793,1
2457661.567987,45.3830,43.8606,11.1564,7.8414,15.7711,6.8793,1
2457661.577067,45.1842,46.7908,11.1564,7.8414,15.7711,6.8793,1
2457662.494867,38.8816,53.1164,11.1564,7.8414,15.7711,6.8793,1
2457662.513017,42.0283,50.5218,11.1564,7.8414,15.7711,6.8793,1
2457662.531317,39.6511,50.4391,11.1564,7.8414,15.7711,6.8793,1
2457662.541587,49.1021,41.5861,11.1564,7.8414,15.7711,6.8793,1
2457663.508787,42.6982,47.8175,11.1564,7.8414,15.7711,6.8793,1
2457663.547747,43.7660,40.4031,11.1564,7.8414,15.7711,6.8793,1
2457666.490817,48.8945,60.5751,11.1564,7.8414,15.7711,6.8793,1
2457666.527517,38.0399,44.0377,11.1564,7.8414,15.7711,6.8793,1
2457667.512657,42.5876,52.7402,11.1564,7.8414,15.7711,6.8793,1
2457667.549957,40.1319,60.9144,11.1564,7.8414,15.7711,6.8793,1
2457667.560477,41.4753,54.8274,11.1564,7.8414,15.7711,6.8793,1
2457668.503787,39.5558,51.5766,11.1564,7.8414,15.7711,6.8793,1
2457669.493617,35.5297,56.4105,11.1564,7.8414,15.7711,6.8793,1
2457669.512497,46.7718,54.5295,11.1564,7.8414,15.7711,6.8793,1
2457669.529917,43.5903,49.5917,11.1564,7.8414,15.7711,6.8793,1
2457669.547467,32.8217,49.9170,11.1564,7.8414,15.7711,6.8793,1
2457669.556367,43.4784,41.7010,11.1564,7.8414,15.7711,6.8793,1
2457670.495567,38.6635,55.7348,11.1564,7.8414,15.7711,6.8793,1
2457670.518267,46.6218,54.3561,11.1564,7.8414,15.7711,6.8793,1
2457670.536527,32.9677,59.1442,11.1564,7.8414,15.7711,6.8793,1
2457670.554257,37.0593,52.3046,11.1564,7.8414,15.7711,6.8793,1
2457671.523987,34.6427,48.3832,11.1564,7.8414,15.7711,6.8793,1
2457671.542177,44.4322,42.6725,11.1564,7.8414,15.7711,6.8793,1
2457672.533417,41.3188,45.1652,11.1564,7.8414,15.7711,6.8793,1
2457672.547277,39.6777,53.4439,11.1564,7.8414,15.7711,6.8793,1
2457673.520367,44.4759,44.0561,11.1564,7.8414,15.7711,6.8793,1
2457673.539337,38.8398,47.6958,11.1564,7.8414,15.7711,6.8793,1
2457673.550007,36.9574,48.6162,11.1564,7.8414,15.7711,6.8793,1
2457675.493057,41.8298,47.6252,11.1564,7.8414,15.7711,6.8793,1
2457675.536727,47.8332,49.5220,11.1564,7.8414,15.7711,6.8793,1
2457675.539647,42.9681,58.1198,11.1564,7.8414,15.7711,6.8793,1
2457676.486987,41.8184,49.0795,11.1564,7.8414,15.7711,6.8793,1
2457805.881487,32.0027,57.9296,11.1564,7.8414,17.7742,7.3660,2
2457806.885577,43.8909,35.4022,11.1564,7.8414,17.7742,7.3660,2
2457809.852057,32.7635,33.3742,11.1564,7.8414,17.7742,7.3660,2
2457810.859637,49.0909,52.7289,11.1564,7.8414,17.7742,7.3660,2
2457810.880137,32.5138,54.9992,11.1564,7.8414,17.7742,7.3660,2
2457812.847937,46.9198,50.5712,11.1564,7.8414,17.7742,7.3660,2
2457812.868017,41.3591,37.3198,11.1564,7.8414,17.7742,7.3660,2
2457813.834097,42.0796,33.0839,11.1564,7.8414,17.7742,7.3660,2
2457813.853007,36.0212,35.2033,11.1564,7.8414,17.7742,7.3660,2
2457814.874267,44.3861,46.5306,11.1564,7.8414,17.7742,7.3660,2
2457815.844597,53.5566,51.0359,11.1564,7.8414,17.7742,7.3660,2
2457815.892487,41.1286,48.9212,11.1564,7.8414,17.7742,7.3660,2
2457816.827467,43.7246,43.9890,11.1564,7.8414,17.7742,7.3660,2
2457816.851037,50.0103,59.0100,11.1564,7.8414,17.7742,7.3660,2
2457817.881867,56.7223,56.0645,11.1564,7.8414,17.7742,7.3660,2
2457819.823517,33.4328,45.8718,11.1564,7.8414,17.7742,7.3660,2
2457819.876267,42.4532,44.5311,11.1564,7.8414,17.7742,7.3660,2
2457819.895337,46.4357,56.1162,11.1564,7.8414,17.7742,7.3660,2
2457820.829477,38.8654,32.0512,11.1564,7.8414,17.7742,7.3660,2
2457820.867977,42.7648,44.5296,11.1564,7.8414,17.7742,7.3660,2
2457820.885827,34.1004,56.6920,11.1564,7.8414,17.7742,7.3660,2
2457821.830827,44.7269,54.1805,11.1564,7.8414,17.7742,7.3660,2
2457821.872557,50.6034,44.2416,11.1564,7.8414,17.7742,7.3660,2
2457821.891847,48.6663,46.0629,11.1564,7.8414,17.7742,7.3660,2
2457822.818827,37.8700,50.2003,11.1564,7.8414,17.7742,7.3660,2
2457822.871227,38.5136,46.0142,11.1564,7.8414,17.7742,7.3660,2
2457823.822357,49.4234,55.2658,11.1564,7.8414,17.7742,7.3660,2
2457823.853627,44.7174,51.3682,11.1564,7.8414,17.7742,7.3660,2
2457823.893127,34.3870,34.7718,11.1564,7.8414,17.7742,7.3660,2
2457824.818827,43.4743,39.8741,11.1564,7.8414,17.7742,7.3660,2
2457824.850097,44.6315,37.4462,11.1564,7.8414,17.7742,7.3660,2
2457824.869517,49.4870,50.3149,11.1564,7.8414,17.7742,7.3660,2
2457824.887927,50.6508,57.3271,11.1564,7.8414,17.7742,7.3660,2
2457826.808937,35.4689,38.4386,11.1564,7.8414,17.7742,7.3660,2
2457826.829577,53.1957,39.6201,11.1564,7.8414,17.7742,7.3660,2
2457826.902277,43.8418,39.2910,11.1564,7.8414,17.7742,7.3660,2
2457827.809787,34.6476,55.8926,11.1564,7.8414,17.7742,7.3660,2
2457827.839767,42.0482,50.4696,11.1564,7.8414,17.7742,7.3660,2
2457827.898207,42.5391,38.0061,11.1564,7.8414,17.7742,7.3660,2
2457828.813177,45.0375,47.0420,11.1564,7.8414,17.7742,7.3660,2
2457828.833787,40.7115,43.7776,11.1564,7.8414,17.7742,7.3660,2
2457828.852227,39.4765,51.1157,11.1564,7.8414,17.7742,7.3660,2
2457828.889797,47.0824,57.2044,11.1564,7.8414,17.7742,7.3660,2
2457829.790067,54.7352,55.5348,11.1564,7.8414,17.7742,7.3660,2
2457829.862127,39.5060,45.1497,11.1564,7.8414,17.7742,7.3660,2
2457830.789257,52.3492,43.2146,11.1564,7.8414,17.7742,7.3660,2
2457830.827657,41.1760,48.4677,11.1564,7.8414,17.7742,7.3660,2
2457830.845507,36.2978,51.9286,11.1564,7.8414,17.7742,7.3660,2
2457830.877167,40.8062,58.0104,11.1564,7.8414,17.7742,7.3660,2
2457830.894677,42.9215,52.9260,11.1564,7.8414,17.7742,7.3660,2
2457831.807267,45.8532,55.8676,11.1564,7.8414,17.7742,7.3660,2
2457831.824637,50.1940,37.0435,11.1564,7.8414,17.7742,7.3660,2
2457831.856267,33.8596,56.7978,11.1564,7.8414,17.7742,7.3660,2
2457832.808887,36.6854,57.9240,11.1564,7.8414,17.7742,7.3660,2
2457832.842697,49.9987,29.7428,11.1564,7.8414,17.7742,7.3660,2
2457833.788137,48.3557,39.5436,11.1564,7.8414,17.7742,7.3660,2
2457833.841667,39.3193,46.2684,11.1564,7.8414,17.7742,7.3660,2
2457833.877897,49.2418,55.2143,11.1564,7.8414,17.7742,7.3660,2
2457833.895227,41.5244,54.8814,11.1564,7.8414,17.7742,7.3660,2
2457834.798617,39.7170,35.4117,11.1564,7.8414,17.7742,7.3660,2
2457834.821357,44.6767,40.4449,11.1564,7.8414,17.7742,7.3660,2
2457834.842657,34.9714,38.5229,11.1564,7.8414,17.7742,7.3660,2
2457834.861277,38.3786,48.6284,11.1564,7.8414,17.7742,7.3660,2
2457834.879167,32.8116,38.9344,11.1564,7.8414,17.7742,7.3660,2
2457835.832937,51.2143,39.9722,11.1564,7.8414,17.7742,7.3660,2
2457835.854527,41.7923,44.6437,11.1564,7.8414,17.7742,7.3660,2
2457835.874627,35.0779,41.6649,11.1564,7.8414,17.7742,7.3660,2
2457836.884167,46.3671,47.5387,11.1564,7.8414,17.7742,7.3660,2
2457836.909047,47.8604,48.7258,11.1564,7.8414,17.7742,7.3660,2
2457837.905117,44.2481,52.0230,11.1564,7.8414,17.7742,7.3660,2
2457838.793337,41.9349,30.0750,11.1564,7.8414,17.7742,7.3660,2
2457838.818647,49.2700,55.5734,11.1564,7.8414,17.7742,7.3660,2
2457838.839767,46.8645,36.1530,11.1564,7.8414,17.7742,7.3660,2
2457838.880757,36.1649,37.3759,11.1564,7.8414,17.7742,7.3660,2
2457838.913477,41.8767,50.9445,11.1564,7.8414,17.7742,7.3660,2
2457839.821517,45.2149,47.7526,11.1564,7.8414,17.7742,7.3660,2
2457839.909907,57.0970,56.6297,11.1564,7.8414,17.7742,7.3660,2
2457840.789237,41.9424,37.1477,11.1564,7.8414,17.7742,7.3660,2
2457840.842857,49.0264,37.4853,11.1564,7.8414,17.7742,7.3660,2
2457840.884967,52.7362,40.2443,11.1564,7.8414,17.7742,7.3660,2
2457840.907237,37.4795,46.3504,11.1564,7.8414,17.7742,7.3660,2
2457841.794457,42.9075,55.3419,11.1564,7.8414,17.7742,7.3660,2
2457841.838397,42.3707,44.6455,11.1564,7.8414,17.7742,7.3660,2
2457841.894377,39.9982,43.0025,11.1564,7.8414,17.7742,7.3660,2
2457842.767087,46.5011,45.4791,11.1564,7.8414,17.7742,7.3660,2
2457842.789317,46.3197,48.6663,11.1564,7.8414,17.7742,7.3660,2
2457842.857477,40.3772,45.9315,11.1564,7.8414,17.7742,7.3660,2
2457842.884357,37.7329,40.4996,11.1564,7.8414,17.7742,7.3660,2
2457842.902157,36.9871,39.8757,11.1564,7.8414,17.7742,7.3660,2
2457843.756087,35.3866,41.8760,11.1564,7.8414,17.7742,7.3660,2
2457843.808307,43.7353,37.7801,11.1564,7.8414,17.7742,7.3660,2
2457843.825677,48.7256,36.1913,11.1564,7.8414,17.7742,7.3660,2
2457843.867657,40.8494,30.5694,11.1564,7.8414,17.7742,7.3660,2
2457844.798617,43.7773,35.9475,11.1564,7.8414,17.7742,7.3660,2
2457845.786767,44.5361,48.6285,11.1564,7.8414,17.7742,7.3660,2
2457845.808047,45.1209,35.1508,11.1564,7.8414,17.7742,7.3660,2
2457845.855207,36.7396,48.9717,11.1564,7.8414,17.7742,7.3660,2
2457845.883997,43.0786,35.4347,11.1564,7.8414,17.7742,7.3660,2
2457846.752177,53.9130,43.1875,11.1564,7.8414,17.7742,7.3660,2
2457846.865124,38.4126,38.0572,11.1564,7.8414,17.7742,7.3660,2
2457846.887144,35.4247,42.6049,11.1564,7.8414,17.7742,7.3660,2
2457847.813807,41.6290,50.2394,11.1564,7.8414,17.7742,7.3660,2
2457847.886627,35.6077,43.4237,11.1564,7.8414,17.7742,7.3660,2
2457848.872837,38.0952,39.5893,11.1564,7.8414,17.7742,7.3660,2
2457849.789457,31.9155,38.8276,11.1564,7.8414,17.7742,7.3660,2
2457849.867437,44.1177,42.8656,11.1564,7.8414,17.7742,7.3660,2
2457849.899117,40.7526,46.7583,11.1564,7.8414,17.7742,7.3660,2
2457850.737857,32.2902,34.6696,11.1564,7.8414,17.7742,7.3660,2
2457850.756627,39.3688,46.4351,11.1564,7.8414,17.7742,7.3660,2
2457850.775927,38.7322,42.6160,11.1564,7.8414,17.7742,7.3660,2
2457850.806197,41.0199,40.3619,11.1564,7.8414,17.7742,7.3660,2
2457850.825067,45.5157,48.6452,11.1564,7.8414,17.7742,7.3660,2
2457850.864697,39.2896,37.6098,11.1564,7.8414,17.7742,7.3660,2
2457851.732337,38.2777,40.6399,11.1564,7.8414,17.7742,7.3660,2
2457851.753897,54.0016,55.6386,11.1564,7.8414,17.7742,7.3660,2
2457851.816347,54.6334,33.9187,11.1564,7.8414,17.7742,7.3660,2
2457854.727617,45.8785,34.7022,11.1564,7.8414,17.7742,7.3660,2
2457854.741167,56.6098,38.5349,11.1564,7.8414,17.7742,7.3660,2
2457854.777497,35.6289,41.4710,11.1564,7.8414,17.7742,7.3660,2
2457854.819027,28.6830,50.7127,11.1564,7.8414,17.7742,7.3660,2
2457854.860997,46.0685,59.9762,11.1564,7.8414,17.7742,7.3660,2
2457854.919777,44.6029,54.1817,11.1564,7.8414,17.7742,7.3660,2
2457855.756297,47.8977,41.1741,11.1564,7.8414,17.7742,7.3660,2
2457855.786657,53.7279,33.5083,11.1564,7.8414,17.7742,7.3660,2
2457855.805017,42.6526,46.0962,11.1564,7.8414,17.7742,7.3660,2
2457855.824097,40.8227,48.5914,11.1564,7.8414,17.7742,7.3660,2
2457855.842567,36.6130,51.8782,11.1564,7.8414,17.7742,7.3660,2
2457855.886407,34.6200,45.9547,11.1564,7.8414,17.7742,7.3660,2
2457855.919117,47.3369,52.6923,11.1564,7.8414,17.7742,7.3660,2
2457856.832917,43.8042,49.3919,11.1564,7.8414,17.7742,7.3660,2
2457856.882237,38.0150,42.6860,11.1564,7.8414,17.7742,7.3660,2
2457856.901407,30.0927,42.2685,11.1564,7.8414,17.7742,7.3660,2
2457858.755477,31.7158,43.9973,11.1564,7.8414,17.7742,7.3660,2
2457858.809047,37.7288,57.5049,11.1564,7.8414,17.7742,7.3660,2
2457858.826657,50.4318,49.9206,11.1564,7.8414,17.7742,7.3660,2
2457858.844047,48.5414,37.0248,11.1564,7.8414,17.7742,7.3660,2
2457858.890527,40.6090,55.5992,11.1564,7.8414,17.7742,7.3660,2
2457862.905477,42.3099,47.2495,11.1564,7.8414,17.7742,7.3660,2
2457862.922777,52.5159,52.4695,11.1564,7.8414,17.7742,7.3660,2
2457863.731567,36.5523,40.3074,11.1564,7.8414,17.7742,7.3660,2
2457863.750137,33.7951,37.4525,11.1564,7.8414,17.7742,7.3660,2
2457863.788227,45.0066,47.8519,11.1564,7.8414,17.7742,7.3660,2
2457863.841227,44.3416,47.9684,11.1564,7.8414,17.7742,7.3660,2
2457863.862517,43.6062,45.1471,11.1564,7.8414,17.7742,7.3660,2
2457863.911117,47.1901,59.2410,11.1564,7.8414,17.7742,7.3660,2
2457864.754137,38.7395,48.4175,11.1564,7.8414,17.7742,7.3660,2
2457864.820367,44.0166,44.7610,11.1564,7.8414,17.7742,7.3660,2
2457864.874817,30.3680,41.8601,11.1564,7.8414,17.7742,7.3660,2
2457864.893927,36.7244,53.7535,11.1564,7.8414,17.7742,7.3660,2
2457864.916727,47.5963,48.4851,11.1564,7.8414,17.7742,7.3660,2
2457865.758787,54.0028,34.5623,11.1564,7.8414,17.7742,7.3660,2
2457865.821287,36.5782,35.0003,11.1564,7.8414,17.7742,7.3660,2
2457865.855407,42.6295,42.1442,11.1564,7.8414,17.7742,7.3660,2
2457865.877077,40.4192,45.8493,11.1564,7.8414,17.7742,7.3660,2
2457865.911647,40.4237,47.3215,11.1564,7.8414,17.7742,7.3660,2
2457866.694207,35.0815,33.0953,11.1564,7.8414,17.7742,7.3660,2
2457866.717747,49.3857,34.6962,11.1564,7.8414,17.7742,7.3660,2
2457866.764727,42.0127,34.6093,11.1564,7.8414,17.7742,7.3660,2
2457866.795007,40.1231,37.9733,11.1564,7.8414,17.7742,7.3660,2
2457866.853867,50.7532,39.8357,11.1564,7.8414,17.7742,7.3660,2
2457866.874247,42.6685,39.6820,11.1564,7.8414,17.7742,7.3660,2
2457866.894037,36.2314,49.8751,11.1564,7.8414,17.7742,7.3660,2
2457866.912477,31.6767,47.4102,11.1564,7.8414,17.7742,7.3660,2
2457867.740567,39.6265,32.0029,11.1564,7.8414,17.7742,7.3660,2
2457867.791167,39.2351,35.2394,11.1564,7.8414,17.7742,7.3660,2
2457867.909267,32.8242,39.5324,11.1564,7.8414,17.7742,7.3660,2
2457867.927577,55.8786,43.8360,11.1564,7.8414,17.7742,7.3660,2
2457869.724497,43.4012,34.5837,11.1564,7.8414,17.7742,7.3660,2
2457869.767927,44.5121,53.8148,11.1564,7.8414,17.7742,7.3660,2
2457869.791727,42.4109,49.0983,11.1564,7.8414,17.7742,7.3660,2
2457869.815967,44.1881,43.7175,11.1564,7.8414,17.7742,7.3660,2
2457869.839077,44.4171,50.9282,11.1564,7.8414,17.7742,7.3660,2
2457869.862757,42.6386,41.0219,11.1564,7.8414,17.7742,7.3660,2
2457869.915887,36.8190,31.3226,11.1564,7.8414,17.7742,7.3660,2
2457870.683817,34.6890,40.8102,11.1564,7.8414,17.7742,7.3660,2
2457870.702307,34.1145,33.7537,11.1564,7.8414,17.7742,7.3660,2
2457870.719917,44.2904,43.0561,11.1564,7.8414,17.7742,7.3660,2
2457870.783787,44.2169,36.9389,11.1564,7.8414,17.7742,7.3660,2
2457870.801317,35.0254,39.3216,11.1564,7.8414,17.7742,7.3660,2
2457870.855777,38.6607,38.3735,11.1564,7.8414,17.7742,7.3660,2
2457870.894567,29.9217,39.4358,11.1564,7.8414,17.7742,7.3660,2
2457870.914667,35.9864,41.6007,11.1564,7.8414,17.7742,7.3660,2
2457871.699737,33.1153,51.2928,11.1564,7.8414,17.7742,7.3660,2
2457871.735567,39.7440,33.9359,11.1564,7.8414,17.7742,7.3660,2
2457871.801537,40.7316,38.6639,11.1564,7.8414,17.7742,7.3660,2
2457871.857307,33.7152,37.3328,11.1564,7.8414,17.7742,7.3660,2
2457871.877387,34.2300,46.2782,11.1564,7.8414,17.7742,7.3660,2
2457871.908087,46.7051,34.7792,11.1564,7.8414,17.7742,7.3660,2
2457871.926397,39.7641,51.6784,11.1564,7.8414,17.7742,7.3660,2
2457872.723657,37.8199,46.6343,11.1564,7.8414,17.7742,7.3660,2
2457872.759177,47.0613,48.6426,11.1564,7.8414,17.7742,7.3660,2
2457872.780087,35.4488,47.5530,11.1564,7.8414,17.7742,7.3660,2
2457872.798677,41.9056,43.9779,11.1564,7.8414,17.7742,7.3660,2
2457872.848877,42.1567,44.3972,11.1564,7.8414,17.7742,7.3660,2
2457872.869007,30.9398,39.8066,11.1564,7.8414,17.7742,7.3660,2
2457872.887447,40.1977,44.9539,11.1564,7.8414,17.7742,7.3660,2
2457872.905457,38.9993,49.2577,11.1564,7.8414,17.7742,7.3660,2
2457873.695107,31.8371,47.2960,11.1564,7.8414,17.7742,7.3660,2
2457873.767727,36.2373,36.1609,11.1564,7.8414,17.7742,7.3660,2
2457873.797187,36.5067,32.9404,11.1564,7.8414,17.7742,7.3660,2
2457873.833367,36.7717,38.1397,11.1564,7.8414,17.7742,7.3660,2
2457873.898767,36.8315,46.3607,11.1564,7.8414,17.7742,7.3660,2
2457873.923927,32.8647,44.0679,11.1564,7.8414,17.7742,7.3660,2
2457874.673817,31.5455,46.4102,11.1564,7.8414,17.7742,7.3660,2
2457874.720787,49.7326,33.3781,11.1564,7.8414,17.7742,7.3660,2
2457874.810987,40.5874,40.7633,11.1564,7.8414,17.7742,7.3660,2
2457874.878367,45.1556,53.0543,11.1564,7.8414,17.7742,7.3660,2
2457874.895627,43.3550,44.8251,11.1564,7.8414,17.7742,7.3660,2
2457875.672127,58.2489,49.5498,11.1564,7.8414,17.7742,7.3660,2
2457875.708877,30.3112,56.3952,11.1564,7.8414,17.7742,7.3660,2
2457876.677667,50.2169,44.7896,11.1564,7.8414,17.7742,7.3660,2
2457876.728547,40.4638,36.5404,11.1564,7.8414,17.7742,7.3660,2
2457876.746557,39.9563,34.3165,11.1564,7.8414,17.7742,7.3660,2
2457876.763857,38.8827,45.4576,11.1564,7.8414,17.7742,7.3660,2
2457876.781757,41.0518,49.5775,11.1564,7.8414,17.7742,7.3660,2
2457876.800597,50.0682,42.1561,11.1564,7.8414,17.7742,7.3660,2
2457876.847457,48.5063,54.9427,11.1564,7.8414,17.7742,7.3660,2
2457876.865967,34.8323,55.0712,11.1564,7.8414,17.7742,7.3660,2
2457876.884307,36.6542,45.8002,11.1564,7.8414,17.7742,7.3660,2
2457876.904387,38.3907,46.4911,11.1564,7.8414,17.7742,7.3660,2
2457876.933047,37.2457,51.1968,11.1564,7.8414,17.7742,7.3660,2
2457877.709747,33.8813,36.5974,11.1564,7.8414,17.7742,7.3660,2
2457877.785037,46.3289,42.3259,11.1564,7.8414,17.7742,7.3660,2
2457877.804747,36.5085,48.3450,11.1564,7.8414,17.7742,7.3660,2
2457877.826617,41.9773,48.9234,11.1564,7.8414,17.7742,7.3660,2
2457877.887397,45.5392,51.5269,11.1564,7.8414,17.7742,7.3660,2
2457877.930317,38.1434,35.4761,11.1564,7.8414,17.7742,7.3660,2
2457878.695577,48.0718,51.7910,11.1564,7.8414,17.7742,7.3660,2
2457878.746197,33.7414,44.3993,11.1564,7.8414,17.7742,7.3660,2
2457878.765197,29.7184,46.2438,11.1564,7.8414,17.7742,7.3660,2
2457878.785207,37.1805,50.9304,11.1564,7.8414,17.7742,7.3660,2
2457878.803827,29.9141,38.9380,11.1564,7.8414,17.7742,7.3660,2
2457878.855607,39.8267,41.5586,11.1564,7.8414,17.7742,7.3660,2
2457878.893067,40.7614,49.5926,11.1564,7.8414,17.7742,7.3660,2
2457878.912277,50.9258,46.0219,11.1564,7.8414,17.7742,7.3660,2
2457879.663197,46.7139,51.1048,11.1564,7.8414,17.7742,7.3660,2
2457879.683117,51.6817,34.0665,11.1564,7.8414,17.7742,7.3660,2
2457879.794287,41.7226,51.9700,11.1564,7.8414,17.7742,7.3660,2
2457879.818387,42.7646,46.2885,11.1564,7.8414,17.7742,7.3660,2
2457879.865107,41.3850,34.6768,11.1564,7.8414,17.7742,7.3660,2
2457879.886627,52.5305,34.9432,11.1564,7.8414,17.7742,7.3660,2
2457879.905697,49.6587,43.3101,11.1564,7.8414,17.7742,7.3660,2
2457882.802907,45.0462,35.9221,11.1564,7.8414,17.7742,7.3660,2
2457882.878907,38.2392,41.8357,11.1564,7.8414,17.7742,7.3660,2
2457882.921767,48.0339,38.5558,11.1564,7.8414,17.7742,7.3660,2
2457888.816437,57.5951,55.7582,11.1564,7.8414,17.7742,7.3660,2
2457888.833847,42.7612,42.7570,11.1564,7.8414,17.7742,7.3660,2
2457888.850957,50.0125,44.8423,11.1564,7.8414,17.7742,7.3660,2
2457888.869047,59.6438,40.1340,11.1564,7.8414,17.7742,7.3660,2
2457888.886977,45.9390,48.2950,11.1564,7.8414,17.7742,7.3660,2
2457888.915327,45.3673,56.6252,11.1564,7.8414,17.7742,7.3660,2
2457889.687997,45.2518,47.4328,11.1564,7.8414,17.7742,7.3660,2
2457889.722927,38.2920,46.5261,11.1564,7.8414,17.7742,7.3660,2
2457889.757717,40.9372,42.5764,11.1564,7.8414,17.7742,7.3660,2
2457889.803427,50.0828,42.9797,11.1564,7.8414,17.7742,7.3660,2
2457889.839197,38.2364,49.8477,11.1564,7.8414,17.7742,7.3660,2
2457889.861547,49.0701,53.5098,11.1564,7.8414,17.7742,7.3660,2
2457889.890557,48.2822,42.7077,11.1564,7.8414,17.7742,7.3660,2
2457890.625807,62.9425,32.2126,11.1564,7.8414,17.7742,7.3660,2
2457890.643097,41.6195,51.5641,11.1564,7.8414,17.7742,7.3660,2
2457890.688907,47.7489,43.5811,11.1564,7.8414,17.7742,7.3660,2
2457890.766677,39.4392,32.9128,11.1564,7.8414,17.7742,7.3660,2
2457890.799527,47.8487,43.5649,11.1564,7.8414,17.7742,7.3660,2
2457890.817027,39.0032,50.2252,11.1564,7.8414,17.7742,7.3660,2
2457890.835327,43.7426,51.0046,11.1564,7.8414,17.7742,7.3660,2
2457890.901207,54.5718,41.8727,11.1564,7.8414,17.7742,7.3660,2
2457893.857157,40.9910,43.1084,11.1564,7.8414,17.7742,7.3660,2
2457893.897717,60.0248,44.5763,11.1564,7.8414,17.7742,7.3660,2
2457894.653997,34.8663,37.8770,11.1564,7.8414,17.7742,7.3660,2
2457894.675757,33.6886,43.7307,11.1564,7.8414,17.7742,7.3660,2
2457894.695517,35.5595,45.0264,11.1564,7.8414,17.7742,7.3660,2
2457894.752787,45.6296,48.6436,11.1564,7.8414,17.7742,7.3660,2
2457894.787097,39.0492,56.1830,11.1564,7.8414,17.7742,7.3660,2
2457894.830927,28.5092,43.3475,11.1564,7.8414,17.7742,7.3660,2
2457894.850467,34.0857,45.5496,11.1564,7.8414,17.7742,7.3660,2
2457895.648177,47.3450,40.5664,11.1564,7.8414,17.7742,7.3660,2
2457895.679187,44.6446,48.9170,11.1564,7.8414,17.7742,7.3660,2
2457895.699157,42.6637,40.8150,11.1564,7.8414,17.7742,7.3660,2
2457895.718937,41.0120,33.6673,11.1564,7.8414,17.7742,7.3660,2
2457895.739147,40.4857,46.6810,11.1564,7.8414,17.7742,7.3660,2
2457895.759567,31.9397,39.6551,11.1564,7.8414,17.7742,7.3660,2
2457895.814287,44.2333,34.3620,11.1564,7.8414,17.7742,7.3660,2
2457895.852647,37.8134,54.3639,11.1564,7.8414,17.7742,7.3660,2
2457895.871827,34.3722,52.1897,11.1564,7.8414,17.7742,7.3660,2
2457895.892757,56.6081,47.4846,11.1564,7.8414,17.7742,7.3660,2
2457896.776767,41.1829,46.7372,11.1564,7.8414,17.7742,7.3660,2
2457901.612597,40.7820,48.7149,11.1564,7.8414,17.7742,7.3660,2
2457901.718567,50.1004,41.0614,11.1564,7.8414,17.7742,7.3660,2
2457901.736317,35.8289,48.6942,11.1564,7.8414,17.7742,7.3660,2
2457901.784137,40.7198,45.2490,11.1564,7.8414,17.7742,7.3660,2
2457902.599357,57.4714,53.3369,11.1564,7.8414,17.7742,7.3660,2
2457902.659507,54.9675,41.9583,11.1564,7.8414,17.7742,7.3660,2
2457902.769617,38.6289,40.1964,11.1564,7.8414,17.7742,7.3660,2
2457904.594117,46.1998,47.5644,11.1564,7.8414,17.7742,7.3660,2
2457904.719867,53.1293,42.3414,11.1564,7.8414,17.7742,7.3660,2
2457904.789907,34.4589,39.1987,11.1564,7.8414,17.7742,7.3660,2
2457904.807087,34.3107,35.3179,11.1564,7.8414,17.7742,7.3660,2
2457904.860647,58.9434,44.2678,11.1564,7.8414,17.7742,7.3660,2
2457905.583297,52.2950,45.4080,11.1564,7.8414,17.7742,7.3660,2
2457905.684277,43.9687,43.8914,11.1564,7.8414,17.7742,7.3660,2
2457905.729947,47.9453,38.3753,11.1564,7.8414,17.7742,7.3660,2
2457905.764267,47.6204,46.9886,11.1564,7.8414,17.7742,7.3660,2
2457905.783977,36.0778,39.7384,11.1564,7.8414,17.7742,7.3660,2
2457905.825887,57.1010,46.6406,11.1564,7.8414,17.7742,7.3660,2
2457905.845757,44.8983,47.9631,11.1564,7.8414,17.7742,7.3660,2
2457905.898507,37.5884,39.3008,11.1564,7.8414,17.7742,7.3660,2
2457906.597058,49.9314,41.8598,11.1564,7.8414,17.7742,7.3660,2
2457906.620838,31.4846,39.9064,11.1564,7.8414,17.7742,7.3660,2
2457906.677107,37.8281,41.8840,11.1564,7.8414,17.7742,7.3660,2
2457906.737327,44.5290,34.9386,11.1564,7.8414,17.7742,7.3660,2
2457906.757127,40.3145,51.6439,11.1564,7.8414,17.7742,7.3660,2
2457906.810787,39.6231,39.4144,11.1564,7.8414,17.7742,7.3660,2
2457906.829237,41.3395,47.5242,11.1564,7.8414,17.7742,7.3660,2
2457906.847997,44.6383,40.0180,11.1564,7.8414,17.7742,7.3660,2
2457906.877697,39.6215,39.7285,11.1564,7.8414,17.7742,7.3660,2
2457906.896897,45.2478,58.0088,11.1564,7.8414,17.7742,7.3660,2
2457907.604038,34.2512,49.8380,11.1564,7.8414,17.7742,7.3660,2
2457907.623207,37.8499,44.9607,11.1564,7.8414,17.7742,7.3660,2
2457907.643237,53.9183,56.0965,11.1564,7.8414,17.7742,7.3660,2
2457907.674597,44.2646,50.8992,11.1564,7.8414,17.7742,7.3660,2
2457907.695807,37.6753,52.1473,11.1564,7.8414,17.7742,7.3660,2
2457907.792777,48.2904,58.2372,11.1564,7.8414,17.7742,7.3660,2
2457907.862597,56.7440,47.1490,11.1564,7.8414,17.7742,7.3660,2
2457907.881877,35.6366,48.9909,11.1564,7.8414,17.7742,7.3660,2
2457908.658257,39.7526,42.1738,11.1564,7.8414,17.7742,7.3660,2
2457908.750427,36.2884,50.2173,11.1564,7.8414,17.7742,7.3660,2
2457908.788547,36.3664,45.8123,11.1564,7.8414,17.7742,7.3660,2
2457908.830987,40.8382,32.5235,11.1564,7.8414,17.7742,7.3660,2
2457908.864117,48.7120,53.5029,11.1564,7.8414,17.7742,7.3660,2
2457908.884517,38.4497,47.6225,11.1564,7.8414,17.7742,7.3660,2
2457908.903317,48.0216,52.9166,11.1564,7.8414,17.7742,7.3660,2
2457910.581677,49.1292,41.9002,11.1564,7.8414,17.7742,7.3660,2
2457910.601257,56.1496,53.3149,11.1564,7.8414,17.7742,7.3660,2
2457910.622837,49.6705,50.5320,11.1564,7.8414,17.7742,7.3660,2
2457910.715797,37.4025,59.7621,11.1564,7.8414,17.7742,7.3660,2
2457910.756997,41.2356,46.3776,11.1564,7.8414,17.7742,7.3660,2
2457910.775457,42.3077,35.3041,11.1564,7.8414,17.7742,7.3660,2
2457910.796147,35.5201,48.9990,11.1564,7.8414,17.7742,7.3660,2
2457910.864767,51.4109,33.2063,11.1564,7.8414,17.7742,7.3660,2
2457910.883417,38.5025,53.3642,11.1564,7.8414,17.7742,7.3660,2
2457911.602887,42.1062,49.5521,11.1564,7.8414,17.7742,7.3660,2
2457911.625617,44.4166,37.0343,11.1564,7.8414,17.7742,7.3660,2
2457911.644017,44.8332,46.7617,11.1564,7.8414,17.7742,7.3660,2
2457911.694817,50.4989,56.5868,11.1564,7.8414,17.7742,7.3660,2
2457911.715357,43.4738,45.1801,11.1564,7.8414,17.7742,7.3660,2
2457911.755717,40.5558,46.7923,11.1564,7.8414,17.7742,7.3660,2
2457911.775057,32.7068,52.1279,11.1564,7.8414,17.7742,7.3660,2
2457911.849247,43.8220,44.5715,11.1564,7.8414,17.7742,7.3660,2
2457913.725077,51.2047,57.4446,11.1564,7.8414,17.7742,7.3660,2
2457916.649927,41.5112,48.0929,11.1564,7.8414,17.7742,7.3660,2
2457916.667447,44.6627,44.9328,11.1564,7.8414,17.7742,7.3660,2
2457916.695177,47.1489,46.4644,11.1564,7.8414,17.7742,7.3660,2
2457916.733457,49.3000,55.2098,11.1564,7.8414,17.7742,7.3660,2
2457916.750787,41.6983,50.2044,11.1564,7.8414,17.7742,7.3660,2
2457916.785257,41.8226,55.8374,11.1564,7.8414,17.7742,7.3660,2
2457916.820957,57.8438,48.4932,11.1564,7.8414,17.7742,7.3660,2
2457916.841177,36.3206,58.3696,11.1564,7.8414,17.7742,7.3660,2
2457916.859347,38.0414,53.1907,11.1564,7.8414,17.7742,7.3660,2
2457916.878307,56.9745,44.5917,11.1564,7.8414,17.7742,7.3660,2
2457917.562247,46.5547,45.1708,11.1564,7.8414,17.7742,7.3660,2
2457917.581457,41.2400,51.4976,11.1564,7.8414,17.7742,7.3660,2
2457917.600607,46.5007,47.5313,11.1564,7.8414,17.7742,7.3660,2
2457917.681787,43.9168,46.0624,11.1564,7.8414,17.7742,7.3660,2
2457917.736697,39.6411,48.9465,11.1564,7.8414,17.7742,7.3660,2
2457917.754697,36.2549,35.5129,11.1564,7.8414,17.7742,7.3660,2
2457917.784737,36.7031,42.1167,11.1564,7.8414,17.7742,7.3660,2
2457917.805127,41.6534,47.9478,11.1564,7.8414,17.7742,7.3660,2
2457917.847477,48.3896,35.4587,11.1564,7.8414,17.7742,7.3660,2
2457917.866467,38.8057,52.5347,11.1564,7.8414,17.7742,7.3660,2
2457918.621957,44.9409,39.2790,11.1564,7.8414,17.7742,7.3660,2
2457918.640887,41.5676,56.8509,11.1564,7.8414,17.7742,7.3660,2
2457918.669977,43.7693,56.0030,11.1564,7.8414,17.7742,7.3660,2
2457918.689367,41.0224,51.7151,11.1564,7.8414,17.7742,7.3660,2
2457918.710167,47.9061,47.9922,11.1564,7.8414,17.7742,7.3660,2
2457918.810337,48.0628,50.4418,11.1564,7.8414,17.7742,7.3660,2
2457923.575877,36.9738,33.8858,11.1564,7.8414,17.7742,7.3660,2
2457923.595737,37.9867,47.6242,11.1564,7.8414,17.7742,7.3660,2
2457923.627387,43.0738,34.5025,11.1564,7.8414,17.7742,7.3660,2
2457923.684857,43.0189,34.2420,11.1564,7.8414,17.7742,7.3660,2
2457923.705397,47.8290,48.4184,11.1564,7.8414,17.7742,7.3660,2
2457924.580967,38.4755,45.9189,11.1564,7.8414,17.7742,7.3660,2
2457924.630207,50.5605,32.1878,11.1564,7.8414,17.7742,7.3660,2
2457924.649477,43.5816,46.5661,11.1564,7.8414,17.7742,7.3660,2
2457924.688267,43.2429,52.0714,11.1564,7.8414,17.7742,7.3660,2
2457924.719527,47.1043,46.4636,11.1564,7.8414,17.7742,7.3660,2
2457924.737497,39.3366,49.9577,11.1564,7.8414,17.7742,7.3660,2
2457924.756887,40.8661,40.8434,11.1564,7.8414,17.7742,7.3660,2
2457924.776357,42.5597,54.0954,11.1564,7.8414,17.7742,7.3660,2
2457924.829987,46.3131,31.4769,11.1564,7.8414,17.7742,7.3660,2
2457924.850037,44.6382,45.2089,11.1564,7.8414,17.7742,7.3660,2
2457925.624877,50.0201,36.6388,11.1564,7.8414,17.7742,7.3660,2
2457925.756777,45.0850,56.5373,11.1564,7.8414,17.7742,7.3660,2
2457925.775287,50.7190,37.9563,11.1564,7.8414,17.7742,7.3660,2
2457933.509867,58.3784,46.3014,11.1564,7.8414,17.7742,7.3660,2
2457933.653047,37.5974,51.7963,11.1564,7.8414,17.7742,7.3660,2
2457933.742207,60.4709,47.0986,11.1564,7.8414,17.7742,7.3660,2
2457933.761787,35.4949,33.5460,11.1564,7.8414,17.7742,7.3660,2
2457934.522817,48.2692,46.6938,11.1564,7.8414,17.7742,7.3660,2
2457934.545737,60.2432,49.8267,11.1564,7.8414,17.7742,7.3660,2
2457934.598737,53.3808,52.9036,11.1564,7.8414,17.7742,7.3660,2
2457934.618387,55.9339,57.7535,11.1564,7.8414,17.7742,7.3660,2
2457934.677887,39.0421,46.5215,11.1564,7.8414,17.7742,7.3660,2
2457934.710587,42.8982,32.1383,11.1564,7.8414,17.7742,7.3660,2
2457934.771777,51.2142,52.7999,11.1564,7.8414,17.7742,7.3660,2
2457935.504887,53.4140,31.9636,11.1564,7.8414,17.7742,7.3660,2
2457935.524007,53.1062,36.7267,11.1564,7.8414,17.7742,7.3660,2
2457935.544617,47.6378,41.2335,11.1564,7.8414,17.7742,7.3660,2
2457935.638327,43.2946,36.8109,11.1564,7.8414,17.7742,7.3660,2
2457935.689537,43.0537,48.4573,11.1564,7.8414,17.7742,7.3660,2
2457935.710187,40.6808,33.7674,11.1564,7.8414,17.7742,7.3660,2
2457935.773027,45.5793,60.1982,11.1564,7.8414,17.7742,7.3660,2
2457936.606767,34.9091,52.3159,11.1564,7.8414,17.7742,7.3660,2
2457936.719747,36.0320,41.2958,11.1564,7.8414,17.7742,7.3660,2
2457936.738427,47.0674,56.2161,11.1564,7.8414,17.7742,7.3660,2
2457936.775067,47.7242,45.4231,11.1564,7.8414,17.7742,7.3660,2
2457937.511287,52.8876,46.5374,11.1564,7.8414,17.7742,7.3660,2
2457937.580467,37.1110,48.4195,11.1564,7.8414,17.7742,7.3660,2
2457937.600777,49.0069,49.5082,11.1564,7.8414,17.7742,7.3660,2
2457937.654157,37.5539,37.1766,11.1564,7.8414,17.7742,7.3660,2
2457937.687797,42.1828,37.2022,11.1564,7.8414,17.7742,7.3660,2
2457937.798677,54.0833,33.0834,11.1564,7.8414,17.7742,7.3660,2
2457938.504117,49.1707,41.2377,11.1564,7.8414,17.7742,7.3660,2
2457938.538647,39.1354,50.9740,11.1564,7.8414,17.7742,7.3660,2
2457938.558267,47.1296,50.4338,11.1564,7.8414,17.7742,7.3660,2
2457939.623427,55.7033,46.8891,11.1564,7.8414,17.7742,7.3660,2
2457943.666057,46.4830,50.3939,11.1564,7.8414,17.7742,7.3660,2
2457944.477227,51.5090,55.5747,11.1564,7.8414,17.7742,7.3660,2
2457944.512847,60.7650,41.9492,11.1564,7.8414,17.7742,7.3660,2
2457944.561317,48.5693,54.4013,11.1564,7.8414,17.7742,7.3660,2
2457944.673377,41.7863,49.5089,11.1564,7.8414,17.7742,7.3660,2
2457944.693517,38.9930,35.9677,11.1564,7.8414,17.7742,7.3660,2
2457944.729407,47.0683,45.6309,11.1564,7.8414,17.7742,7.3660,2
2457944.748677,36.2562,46.1868,11.1564,7.8414,17.7742,7.3660,2
2457944.779407,49.8049,50.3390,11.1564,7.8414,17.7742,7.3660,2
2457945.502097,51.2545,48.4637,11.1564,7.8414,17.7742,7.3660,2
2457945.538137,43.3740,42.2456,11.1564,7.8414,17.7742,7.3660,2
2457945.567897,42.7234,33.0537,11.1564,7.8414,17.7742,7.3660,2
2457945.585697,43.7044,57.0022,11.1564,7.8414,17.7742,7.3660,2
2457945.604497,48.8386,41.3212,11.1564,7.8414,17.7742,7.3660,2
2457945.622977,35.9768,55.9541,11.1564,7.8414,17.7742,7.3660,2
2457945.642727,37.4317,32.9681,11.1564,7.8414,17.7742,7.3660,2
2457945.672947,41.0471,47.9515,11.1564,7.8414,17.7742,7.3660,2
2457945.728827,34.5560,50.3912,11.1564,7.8414,17.7742,7.3660,2
2457945.774277,42.5806,59.6233,11.1564,7.8414,17.7742,7.3660,2
2457945.805567,43.1673,60.8334,11.1564,7.8414,17.7742,7.3660,2
2457946.476827,38.4488,40.8261,11.1564,7.8414,17.7742,7.3660,2
2457946.492827,57.0711,59.8404,11.1564,7.8414,17.7742,7.3660,2
2457946.510817,40.3258,41.8110,11.1564,7.8414,17.7742,7.3660,2
2457946.538737,47.6513,51.5339,11.1564,7.8414,17.7742,7.3660,2
2457946.567187,42.0320,41.5064,11.1564,7.8414,17.7742,7.3660,2
2457946.605937,42.7943,43.0217,11.1564,7.8414,17.7742,7.3660,2
2457946.693857,38.9991,37.0532,11.1564,7.8414,17.7742,7.3660,2
2457946.715187,41.4077,55.1552,11.1564,7.8414,17.7742,7.3660,2
2457948.504307,38.1078,48.1888,11.1564,7.8414,17.7742,7.3660,2
2457948.525617,53.0980,45.8559,11.1564,7.8414,17.7742,7.3660,2
2457948.616427,44.0488,47.6445,11.1564,7.8414,17.7742,7.3660,2
2457948.668187,49.7832,53.1637,11.1564,7.8414,17.7742,7.3660,2
2457948.780307,45.9928,58.4814,11.1564,7.8414,17.7742,7.3660,2
2457949.494727,57.0835,40.0945,11.1564,7.8414,17.7742,7.3660,2
2457949.513677,36.6709,36.6927,11.1564,7.8414,17.7742,7.3660,2
2457949.532437,53.4675,53.2284,11.1564,7.8414,17.7742,7.3660,2
2457949.644127,41.4111,44.3341,11.1564,7.8414,17.7742,7.3660,2
2457949.663277,48.7120,43.1506,11.1564,7.8414,17.7742,7.3660,2
2457952.490127,40.6883,33.8736,11.1564,7.8414,17.7742,7.3660,2
2457952.510357,43.8027,36.3421,11.1564,7.8414,17.7742,7.3660,2
2457952.657937,44.7562,31.3931,11.1564,7.8414,17.7742,7.3660,2
2457952.711167,46.9353,28.6791,11.1564,7.8414,17.7742,7.3660,2
2457952.731937,34.0410,45.4221,11.1564,7.8414,17.7742,7.3660,2
2457952.770397,46.4251,49.7779,11.1564,7.8414,17.7742,7.3660,2
2457953.535347,40.6669,49.0265,11.1564,7.8414,17.7742,7.3660,2
2457953.554137,31.2001,29.8368,11.1564,7.8414,17.7742,7.3660,2
2457953.578717,34.7699,33.3501,11.1564,7.8414,17.7742,7.3660,2
2457953.671167,44.7847,42.0695,11.1564,7.8414,17.7742,7.3660,2
2457954.479037,60.5857,43.0141,11.1564,7.8414,17.7742,7.3660,2
2457954.497037,60.1065,40.5943,11.1564,7.8414,17.7742,7.3660,2
2457954.514927,44.7606,47.9023,11.1564,7.8414,17.7742,7.3660,2
2457954.534337,45.9557,44.8236,11.1564,7.8414,17.7742,7.3660,2
2457954.627267,55.8379,51.2917,11.1564,7.8414,17.7742,7.3660,2
2457954.647477,39.3549,43.3865,11.1564,7.8414,17.7742,7.3660,2
2457954.717627,46.0795,40.9996,11.1564,7.8414,17.7742,7.3660,2
2457954.736417,48.4953,39.4155,11.1564,7.8414,17.7742,7.3660,2
2457954.770957,53.8185,42.6082,11.1564,7.8414,17.7742,7.3660,2
2457955.484227,45.8505,34.1933,11.1564,7.8414,17.7742,7.3660,2
2457955.512267,46.1568,39.8995,11.1564,7.8414,17.7742,7.3660,2
2457955.529597,40.2208,40.8624,11.1564,7.8414,17.7742,7.3660,2
2457955.547157,46.1687,41.2774,11.1564,7.8414,17.7742,7.3660,2
2457955.565867,51.8323,39.9037,11.1564,7.8414,17.7742,7.3660,2
2457955.652867,35.9608,47.9070,11.1564,7.8414,17.7742,7.3660,2
2457955.671177,44.7668,42.9932,11.1564,7.8414,17.7742,7.3660,2
2457956.493617,41.5329,43.2379,11.1564,7.8414,17.7742,7.3660,2
2457956.541407,51.7227,40.4435,11.1564,7.8414,17.7742,7.3660,2
2457956.560787,37.5111,36.0413,11.1564,7.8414,17.7742,7.3660,2
2457956.578114,41.9981,45.2367,11.1564,7.8414,17.7742,7.3660,2
2457956.623824,37.3674,52.3863,11.1564,7.8414,17.7742,7.3660,2
2457956.671207,38.4802,45.5029,11.1564,7.8414,17.7742,7.3660,2
2457956.690297,39.4194,38.4905,11.1564,7.8414,17.7742,7.3660,2
2457956.707867,45.0618,31.8609,11.1564,7.8414,17.7742,7.3660,2
2457956.727627,51.2775,42.7868,11.1564,7.8414,17.7742,7.3660,2
2457956.755347,47.0688,44.8821,11.1564,7.8414,17.7742,7.3660,2
2457957.522717,50.6602,53.2933,11.1564,7.8414,17.7742,7.3660,2
2457957.667177,36.6183,32.4683,11.1564,7.8414,17.7742,7.3660,2
2457958.721907,41.9409,40.3432,11.1564,7.8414,17.7742,7.3660,2
2457958.757407,53.9157,56.9940,11.1564,7.8414,17.7742,7.3660,2
2457959.487427,50.3061,45.3858,11.1564,7.8414,17.7742,7.3660,2
2457959.505767,36.3509,37.3497,11.1564,7.8414,17.7742,7.3660,2
2457959.526787,42.2713,37.1328,11.1564,7.8414,17.7742,7.3660,2
2457959.565417,37.6996,38.7007,11.1564,7.8414,17.7742,7.3660,2
2457959.614647,51.0673,54.2759,11.1564,7.8414,17.7742,7.3660,2
2457959.632757,37.1643,45.1686,11.1564,7.8414,17.7742,7.3660,2
2457959.667527,38.2454,40.1855,11.1564,7.8414,17.7742,7.3660,2
2457959.685167,49.6243,46.7166,11.1564,7.8414,17.7742,7.3660,2
2457960.496287,39.0126,37.1861,11.1564,7.8414,17.7742,7.3660,2
2457960.526387,44.6728,36.8413,11.1564,7.8414,17.7742,7.3660,2
2457960.561297,43.8096,45.3118,11.1564,7.8414,17.7742,7.3660,2
2457960.580697,45.7668,42.0399,11.1564,7.8414,17.7742,7.3660,2
2457960.630797,38.4467,38.6334,11.1564,7.8414,17.7742,7.3660,2
2457960.752767,42.7176,41.7651,11.1564,7.8414,17.7742,7.3660,2
2457960.761527,33.7287,37.7705,11.1564,7.8414,17.7742,7.3660,2
2457961.598827,41.7423,47.9457,11.1564,7.8414,17.7742,7.3660,2
2457961.713207,53.7868,48.1885,11.1564,7.8414,17.7742,7.3660,2
2457961.730697,55.8018,50.8978,11.1564,7.8414,17.7742,7.3660,2
2457961.749927,58.8694,51.4583,11.1564,7.8414,17.7742,7.3660,2
2457961.755797,50.0738,32.0583,11.1564,7.8414,17.7742,7.3660,2
2457962.491277,45.0672,37.9065,11.1564,7.8414,17.7742,7.3660,2
2457962.521107,50.4933,36.1409,11.1564,7.8414,17.7742,7.3660,2
2457962.538937,41.6339,50.5717,11.1564,7.8414,17.7742,7.3660,2
2457962.622107,41.2722,43.0325,11.1564,7.8414,17.7742,7.3660,2
2457962.674117,46.0255,36.3549,11.1564,7.8414,17.7742,7.3660,2
2457962.708297,52.3939,30.4094,11.1564,7.8414,17.7742,7.3660,2
2457964.511607,58.6488,35.8088,11.1564,7.8414,17.7742,7.3660,2
2457964.529767,46.4547,56.6587,11.1564,7.8414,17.7742,7.3660,2
2457964.618717,41.9914,47.6450,11.1564,7.8414,17.7742,7.3660,2
2457964.635777,39.6400,42.9980,11.1564,7.8414,17.7742,7.3660,2
2457964.654417,34.6979,39.6120,11.1564,7.8414,17.7742,7.3660,2
2457964.683597,37.7188,53.5753,11.1564,7.8414,17.7742,7.3660,2
2457964.736737,32.1831,36.5564,11.1564,7.8414,17.7742,7.3660,2
2457964.751177,47.7113,35.2221,11.1564,7.8414,17.7742,7.3660,2
2457966.509417,47.3759,39.4894,11.1564,7.8414,17.7742,7.3660,2
2457966.530857,42.1074,44.4720,11.1564,7.8414,17.7742,7.3660,2
2457967.613287,41.7306,46.0733,11.1564,7.8414,17.7742,7.3660,2
2457967.684797,50.2349,50.1771,11.1564,7.8414,17.7742,7.3660,2
2457968.594047,34.6867,48.1011,11.1564,7.8414,17.7742,7.3660,2
2457968.624977,42.1995,50.2407,11.1564,7.8414,17.7742,7.3660,2
2457970.572717,42.0116,42.9290,11.1564,7.8414,17.7742,7.3660,2
2457971.635547,44.3377,31.0311,11.1564,7.8414,17.7742,7.3660,2
2457971.719487,49.4190,46.6679,11.1564,7.8414,17.7742,7.3660,2
2457981.494417,48.7934,46.8822,11.1564,7.8414,17.7742,7.3660,2
2457981.514577,48.8296,44.6852,11.1564,7.8414,17.7742,7.3660,2
2457981.617457,37.4970,36.9080,11.1564,7.8414,17.7742,7.3660,2
2457981.637977,42.4319,51.1667,11.1564,7.8414,17.7742,7.3660,2
2457981.658867,42.3927,27.2501,11.1564,7.8414,17.7742,7.3660,2
2457982.495067,41.1360,40.2130,11.1564,7.8414,17.7742,7.3660,2
2457982.551167,44.9143,49.4114,11.1564,7.8414,17.7742,7.3660,2
2457982.569927,35.5792,42.9648,11.1564,7.8414,17.7742,7.3660,2
2457982.591847,44.6038,35.2985,11.1564,7.8414,17.7742,7.3660,2
2457983.480697,36.1247,48.8657,11.1564,7.8414,17.7742,7.3660,2
2457983.497837,42.0149,44.5988,11.1564,7.8414,17.7742,7.3660,2
2457983.546017,39.9735,49.2711,11.1564,7.8414,17.7742,7.3660,2
2457983.580717,42.5345,49.2094,11.1564,7.8414,17.7742,7.3660,2
2457983.617797,39.8377,45.2909,11.1564,7.8414,17.7742,7.3660,2
2457983.637237,45.1002,40.7596,11.1564,7.8414,17.7742,7.3660,2
2457983.655347,34.3513,48.3441,11.1564,7.8414,17.7742,7.3660,2
2457983.685397,42.4751,36.1433,11.1564,7.8414,17.7742,7.3660,2
2457983.702907,34.4104,34.4914,11.1564,7.8414,17.7742,7.3660,2
2457984.517217,37.5637,27.8285,11.1564,7.8414,17.7742,7.3660,2
2457984.541657,32.7938,39.9671,11.1564,7.8414,17.7742,7.3660,2
2457984.559167,37.3823,28.3193,11.1564,7.8414,17.7742,7.3660,2
2457984.633147,52.8801,50.4278,11.1564,7.8414,17.7742,7.3660,2
2457984.652487,39.8279,45.1608,11.1564,7.8414,17.7742,7.3660,2
2457985.508577,41.1521,31.8576,11.1564,7.8414,17.7742,7.3660,2
2457985.647007,53.4327,31.8590,11.1564,7.8414,17.7742,7.3660,2
2457986.537367,46.8293,42.4782,11.1564,7.8414,17.7742,7.3660,2
2457986.615947,47.8549,32.5191,11.1564,7.8414,17.7742,7.3660,2
2457986.648487,54.9314,58.8756,11.1564,7.8414,17.7742,7.3660,2
2457987.522057,35.5491,43.2920,11.1564,7.8414,17.7742,7.3660,2
2457987.554417,38.8854,29.5391,11.1564,7.8414,17.7742,7.3660,2
2457987.572157,32.2511,44.0773,11.1564,7.8414,17.7742,7.3660,2
2457987.594377,35.2277,44.8136,11.1564,7.8414,17.7742,7.3660,2
2457987.614397,43.6092,28.0111,11.1564,7.8414,17.7742,7.3660,2
2457987.631757,42.2189,32.6375,11.1564,7.8414,17.7742,7.3660,2
2457987.649527,36.7385,32.7677,11.1564,7.8414,17.7742,7.3660,2
2457987.677967,39.6351,33.5404,11.1564,7.8414,17.7742,7.3660,2
2457988.548907,48.5330,52.1723,11.1564,7.8414,17.7742,7.3660,2
2457988.622567,37.0576,42.2007,11.1564,7.8414,17.7742,7.3660,2
2457988.675197,32.2907,41.0610,11.1564,7.8414,17.7742,7.3660,2
2457990.547297,40.2695,42.0198,11.1564,7.8414,17.7742,7.3660,2
2457990.584227,40.8231,41.3702,11.1564,7.8414,17.7742,7.3660,2
2457991.533437,35.3455,32.5316,11.1564,7.8414,17.7742,7.3660,2
2457991.588287,41.8185,35.3598,11.1564,7.8414,17.7742,7.3660,2
2457991.623547,43.3176,30.2877,11.1564,7.8414,17.7742,7.3660,2
2457991.639497,44.5735,31.4391,11.1564,7.8414,17.7742,7.3660,2
2457991.673167,41.7982,38.2473,11.1564,7.8414,17.7742,7.3660,2
2457992.491037,47.3343,37.8377,11.1564,7.8414,17.7742,7.3660,2
2457992.526657,35.7230,30.4674,11.1564,7.8414,17.7742,7.3660,2
2457992.592047,37.8296,33.7814,11.1564,7.8414,17.7742,7.3660,2
2457992.634837,43.6141,38.4754,11.1564,7.8414,17.7742,7.3660,2
2457992.671097,49.7616,37.4234,11.1564,7.8414,17.7742,7.3660,2
2457993.482657,46.0318,36.3265,11.1564,7.8414,17.7742,7.3660,2
2457993.527817,41.1793,40.6932,11.1564,7.8414,17.7742,7.3660,2
2457993.566677,43.0547,45.5237,11.1564,7.8414,17.7742,7.3660,2
2457993.594697,45.1612,46.8365,11.1564,7.8414,17.7742,7.3660,2
2457993.624527,46.1265,32.1086,11.1564,7.8414,17.7742,7.3660,2
2457993.668317,39.4279,30.2045,11.1564,7.8414,17.7742,7.3660,2
2457994.530917,54.7007,42.3269,11.1564,7.8414,17.7742,7.3660,2
2457994.584987,42.9689,33.5199,11.1564,7.8414,17.7742,7.3660,2
2457995.487617,47.4804,43.7606,11.1564,7.8414,17.7742,7.3660,2
2457995.507367,42.1472,40.4138,11.1564,7.8414,17.7742,7.3660,2
2457995.541597,49.3005,51.3890,11.1564,7.8414,17.7742,7.3660,2
2457996.523927,37.4687,56.3827,11.1564,7.8414,17.7742,7.3660,2
2457996.541337,37.3286,57.4713,11.1564,7.8414,17.7742,7.3660,2
2457996.575447,37.6078,54.3190,11.1564,7.8414,17.7742,7.3660,2
2457996.606857,49.0183,44.0675,11.1564,7.8414,17.7742,7.3660,2
2457996.623777,34.0489,50.6571,11.1564,7.8414,17.7742,7.3660,2
2457997.502627,44.2994,45.3132,11.1564,7.8414,17.7742,7.3660,2
2457997.572547,45.2273,54.7727,11.1564,7.8414,17.7742,7.3660,2
2457997.591167,46.2715,32.5715,11.1564,7.8414,17.7742,7.3660,2
2457997.609227,41.1037,32.4959,11.1564,7.8414,17.7742,7.3660,2
2457998.495047,34.9750,38.7674,11.1564,7.8414,17.7742,7.3660,2
2457998.536827,50.1416,47.2479,11.1564,7.8414,17.7742,7.3660,2
2457998.556307,38.7765,42.9796,11.1564,7.8414,17.7742,7.3660,2
2457998.574457,45.8272,42.8044,11.1564,7.8414,17.7742,7.3660,2
2457998.605217,36.4885,51.8499,11.1564,7.8414,17.7742,7.3660,2
2457998.625517,34.4459,43.5721,11.1564,7.8414,17.7742,7.3660,2
2457998.643777,35.1148,45.4421,11.1564,7.8414,17.7742,7.3660,2
2457998.656657,53.5848,49.8553,11.1564,7.8414,17.7742,7.3660,2
2457999.607097,41.8300,53.5283,11.1564,7.8414,17.7742,7.3660,2
2457999.645917,51.5973,48.1823,11.1564,7.8414,17.7742,7.3660,2
2458001.487357,51.1587,53.7723,11.1564,7.8414,17.7742,7.3660,2
2458001.515587,35.7769,46.2056,11.1564,7.8414,17.7742,7.3660,2
2458001.539257,30.8783,44.9484,11.1564,7.8414,17.7742,7.3660,2
2458001.578967,38.8186,46.6954,11.1564,7.8414,17.7742,7.3660,2
2458001.609837,32.2830,46.7042,11.1564,7.8414,17.7742,7.3660,2
2458001.625347,38.3222,42.7789,11.1564,7.8414,17.7742,7.3660,2
2458002.594027,44.5685,53.1446,11.1564,7.8414,17.7742,7.3660,2
2458003.489807,48.3228,34.3398,11.1564,7.8414,17.7742,7.3660,2
2458003.514647,47.1148,43.7452,11.1564,7.8414,17.7742,7.3660,2
2458003.609577,52.5995,38.7103,11.1564,7.8414,17.7742,7.3660,2
2458004.536217,35.8741,31.7509,11.1564,7.8414,17.7742,7.3660,2
2458004.559037,38.9721,38.1781,11.1564,7.8414,17.7742,7.3660,2
2458004.578937,48.9882,55.5548,11.1564,7.8414,17.7742,7.3660,2
2458004.619957,42.9616,46.3168,11.1564,7.8414,17.7742,7.3660,2
2458008.603657,44.0037,35.1895,11.1564,7.8414,17.7742,7.3660,2
2458010.533217,54.1792,43.9564,11.1564,7.8414,17.7742,7.3660,2
2458010.584827,38.9031,31.7116,11.1564,7.8414,17.7742,7.3660,2
2458010.604707,48.6185,48.3795,11.1564,7.8414,17.7742,7.3660,2
2458011.601047,51.0886,38.0137,11.1564,7.8414,17.7742,7.3660,2
2458012.503207,37.8706,56.7109,11.1564,7.8414,17.7742,7.3660,2
2458013.540017,35.7105,54.4532,11.1564,7.8414,17.7742,7.3660,2
2458013.580067,45.5168,31.4169,11.1564,7.8414,17.7742,7.3660,2
2458014.487717,42.3607,34.0075,11.1564,7.8414,17.7742,7.3660,2
2458014.516387,38.7311,50.1698,11.1564,7.8414,17.7742,7.3660,2
2458014.547597,42.1852,38.6317,11.1564,7.8414,17.7742,7.3660,2
2458014.566067,38.1633,46.4068,11.1564,7.8414,17.7742,7.3660,2
2458014.602627,50.4270,28.0256,11.1564,7.8414,17.7742,7.3660,2
2458017.505997,41.2467,41.9989,11.1564,7.8414,17.7742,7.3660,2
2458017.543677,38.9209,31.1467,11.1564,7.8414,17.7742,7.3660,2
2458017.584597,42.1102,51.5156,11.1564,7.8414,17.7742,7.3660,2
2458018.527227,40.5000,42.3307,11.1564,7.8414,17.7742,7.3660,2
2458018.547057,36.5779,44.4990,11.1564,7.8414,17.7742,7.3660,2
2458018.565597,44.2493,44.8488,11.1564,7.8414,17.7742,7.3660,2
2458018.598517,47.9127,61.3934,11.1564,7.8414,17.7742,7.3660,2
2458019.498837,39.8468,45.8266,11.1564,7.8414,17.7742,7.3660,2
2458019.528737,45.8530,34.3631,11.1564,7.8414,17.7742,7.3660,2
2458019.547897,46.0499,51.0687,11.1564,7.8414,17.7742,7.3660,2
2458019.566837,51.7798,37.9484,11.1564,7.8414,17.7742,7.3660,2
2458019.586397,34.3032,37.9518,11.1564,7.8414,17.7742,7.3660,2
2458019.597077,43.3506,38.5640,11.1564,7.8414,17.7742,7.3660,2
2458020.502137,47.2544,41.6046,11.1564,7.8414,17.7742,7.3660,2
2458020.531647,39.5399,42.9774,11.1564,7.8414,17.7742,7.3660,2
2458021.502287,35.7293,45.9696,11.1564,7.8414,17.7742,7.3660,2
2458021.589137,41.5334,46.9250,11.1564,7.8414,17.7742,7.3660,2
2458022.498317,34.4354,44.5795,11.1564,7.8414,17.7742,7.3660,2
2458022.517667,38.7050,49.8200,11.1564,7.8414,17.7742,7.3660,2
2458022.585307,42.2272,34.5289,11.1564,7.8414,17.7742,7.3660,2
2458023.512417,42.1558,42.8814,11.1564,7.8414,17.7742,7.3660,2
2458023.570877,40.6720,53.8572,11.1564,7.8414,17.7742,7.3660,2
2458023.582367,51.1272,51.6702,11.1564,7.8414,17.7742,7.3660,2
2458024.513797,39.5366,45.6544,11.1564,7.8414,17.7742,7.3660,2
2458025.521297,45.2502,43.1146,11.1564,7.8414,17.7742,7.3660,2
2458025.546037,48.1705,53.2560,11.1564,7.8414,17.7742,7.3660,2
2458029.513137,41.2675,40.8359,11.1564,7.8414,17.7742,7.3660,2
2458029.548567,36.6253,35.9485,11.1564,7.8414,17.7742,7.3660,2
2458029.566777,48.8434,36.8495,11.1564,7.8414,17.7742,7.3660,2
2458030.502997,43.5275,44.1592,11.1564,7.8414,17.7742,7.3660,2
2458032.497087,35.9784,58.2315,11.1564,7.8414,17.7742,7.3660,2
2458032.503157,51.6428,53.1819,11.1564,7.8414,17.7742,7.3660,2
2458032.540357,54.5873,40.9413,11.1564,7.8414,17.7742,7.3660,2
2458033.521967,48.0418,39.4811,11.1564,7.8414,17.7742,7.3660,2
2458034.525527,38.0750,39.2221,11.1564,7.8414,17.7742,7.3660,2
2458034.557217,37.6938,38.7671,11.1564,7.8414,17.7742,7.3660,2
2458036.499007,33.5457,47.3292,11.1564,7.8414,17.7742,7.3660,2
2458036.556257,42.4282,40.4921,11.1564,7.8414,17.7742,7.3660,2
2458039.505157,49.8764,43.8613,11.1564,7.8414,17.7742,7.3660,2
2458040.514817,53.3531,47.3143,11.1564,7.8414,17.7742,7.3660,2
2458041.494677,46.3626,58.0586,11.1564,7.8414,17.7742,7.3660,2
2458041.542177,46.3176,61.0194,11.1564,7.8414,17.7742,7.3660,2
2458043.504237,47.1634,37.0072,11.1564,7.8414,17.7742,7.3660,2
2458045.525067,47.2586,36.6793,11.1564,7.8414,17.7742,7.3660,2
2458045.530897,41.4390,36.6952,11.1564,7.8414,17.7742,7.3660,2
2458168.894197,12.2628,45.2895,11.1564,7.8414,15.7613,7.4129,3
2458170.889597,16.2609,26.4670,11.1564,7.8414,15.7613,7.4129,3
2458171.856527,18.5417,29.6733,11.1564,7.8414,15.7613,7.4129,3
2458171.858067,21.6508,29.4468,11.1564,7.8414,15.7613,7.4129,3
2458171.879377,21.5056,35.9347,11.1564,7.8414,15.7613,7.4129,3
2458171.885107,7.5462,27.0787,11.1564,7.8414,15.7613,7.4129,3
2458172.868637,10.2045,27.7458,11.1564,7.8414,15.7613,7.4129,3
2458172.903037,14.4611,33.9939,11.1564,7.8414,15.7613,7.4129,3
2458173.851397,25.7959,44.1273,11.1564,7.8414,15.7613,7.4129,3
2458174.848097,16.4465,46.4096,11.1564,7.8414,15.7613,7.4129,3
2458174.881967,19.6132,35.7218,11.1564,7.8414,15.7613,7.4129,3
2458175.881247,9.8855,33.1734,11.1564,7.8414,15.7613,7.4129,3
2458175.901067,18.9785,42.8947,11.1564,7.8414,15.7613,7.4129,3
2458176.839617,14.5693,23.4827,11.1564,7.8414,15.7613,7.4129,3
2458176.856437,22.0094,38.8405,11.1564,7.8414,15.7613,7.4129,3
2458176.873247,11.5662,35.2606,11.1564,7.8414,15.7613,7.4129,3
2458176.904097,19.5391,42.9566,11.1564,7.8414,15.7613,7.4129,3
2458177.866427,20.7679,36.8925,11.1564,7.8414,15.7613,7.4129,3
2458177.883967,14.9948,29.7021,11.1564,7.8414,15.7613,7.4129,3
2458178.859287,11.8007,23.8166,11.1564,7.8414,15.7613,7.4129,3
2458179.855857,17.0926,39.4691,11.1564,7.8414,15.7613,7.4129,3
2458179.875267,7.9779,41.7903,11.1564,7.8414,15.7613,7.4129,3
2458179.893977,9.7914,39.7741,11.1564,7.8414,15.7613,7.4129,3
2458180.834567,12.2865,31.1786,11.1564,7.8414,15.7613,7.4129,3
2458180.852157,21.5388,34.4947,11.1564,7.8414,15.7613,7.4129,3
2458180.869207,6.1944,28.1773,11.1564,7.8414,15.7613,7.4129,3
2458180.886167,14.1271,30.3851,11.1564,7.8414,15.7613,7.4129,3
2458181.846677,18.3920,39.9935,11.1564,7.8414,15.7613,7.4129,3
2458181.882097,4.8612,39.1599,11.1564,7.8414,15.7613,7.4129,3
2458181.900827,18.2454,47.5745,11.1564,7.8414,15.7613,7.4129,3
2458182.830327,16.8708,29.3598,11.1564,7.8414,15.7613,7.4129,3
2458182.863737,6.1918,31.9313,11.1564,7.8414,15.7613,7.4129,3
2458182.886877,14.0879,31.6880,11.1564,7.8414,15.7613,7.4129,3
2458182.905257,21.9227,46.7085,11.1564,7.8414,15.7613,7.4129,3
2458183.877277,20.9011,42.7583,11.1564,7.8414,15.7613,7.4129,3
2458183.894517,16.8946,30.7275,11.1564,7.8414,15.7613,7.4129,3
2458184.832697,11.1070,35.3305,11.1564,7.8414,15.7613,7.4129,3
2458184.860357,17.3775,33.0530,11.1564,7.8414,15.7613,7.4129,3
2458184.879927,27.0548,26.6811,11.1564,7.8414,15.7613,7.4129,3
2458185.824067,11.6522,36.0042,11.1564,7.8414,15.7613,7.4129,3
2458185.869967,20.7426,31.8240,11.1564,7.8414,15.7613,7.4129,3
2458186.891477,12.6580,32.6591,11.1564,7.8414,15.7613,7.4129,3
2458186.908787,8.0164,35.6841,11.1564,7.8414,15.7613,7.4129,3
2458187.813497,9.1426,36.8870,11.1564,7.8414,15.7613,7.4129,3
2458187.830587,20.4394,36.0491,11.1564,7.8414,15.7613,7.4129,3
2458188.860507,12.2899,39.4346,11.1564,7.8414,15.7613,7.4129,3
2458188.880217,16.3296,46.0293,11.1564,7.8414,15.7613,7.4129,3
2458188.897897,9.3152,38.0624,11.1564,7.8414,15.7613,7.4129,3
2458189.806127,18.6263,25.6282,11.1564,7.8414,15.7613,7.4129,3
2458189.836497,28.3591,33.2982,11.1564,7.8414,15.7613,7.4129,3
2458189.853407,10.4717,26.5812,11.1564,7.8414,15.7613,7.4129,3
2458189.870037,14.4001,36.1833,11.1564,7.8414,15.7613,7.4129,3
2458189.904577,12.9172,33.7720,11.1564,7.8414,15.7613,7.4129,3
2458190.809397,8.9252,28.9663,11.1564,7.8414,15.7613,7.4129,3
2458190.826507,20.2105,32.9311,11.1564,7.8414,15.7613,7.4129,3
2458190.843717,13.4220,28.1746,11.1564,7.8414,15.7613,7.4129,3
2458190.860957,19.2577,37.3435,11.1564,7.8414,15.7613,7.4129,3
2458191.810147,22.9552,39.8090,11.1564,7.8414,15.7613,7.4129,3
2458191.889237,7.3666,34.8213,11.1564,7.8414,15.7613,7.4129,3
2458192.802867,3.8469,39.0480,11.1564,7.8414,15.7613,7.4129,3
2458192.819637,22.7250,43.9175,11.1564,7.8414,15.7613,7.4129,3
2458192.847607,8.0895,39.1810,11.1564,7.8414,15.7613,7.4129,3
2458192.879327,18.9062,35.1208,11.1564,7.8414,15.7613,7.4129,3
2458192.913597,21.7938,48.0168,11.1564,7.8414,15.7613,7.4129,3
2458193.844937,21.5942,36.7635,11.1564,7.8414,15.7613,7.4129,3
2458193.879177,8.4813,31.7607,11.1564,7.8414,15.7613,7.4129,3
2458193.896507,6.7790,41.2917,11.1564,7.8414,15.7613,7.4129,3
2458193.913627,10.8688,44.9684,11.1564,7.8414,15.7613,7.4129,3
2458194.817677,16.8439,32.0157,11.1564,7.8414,15.7613,7.4129,3
2458194.834827,13.9069,29.5298,11.1564,7.8414,15.7613,7.4129,3
2458194.851807,10.8296,28.7988,11.1564,7.8414,15.7613,7.4129,3
2458194.868877,7.0762,25.0141,11.1564,7.8414,15.7613,7.4129,3
2458195.799737,24.0503,27.9149,11.1564,7.8414,15.7613,7.4129,3
2458195.816657,22.1291,25.7369,11.1564,7.8414,15.7613,7.4129,3
2458195.835607,11.9404,32.5283,11.1564,7.8414,15.7613,7.4129,3
2458195.852427,19.2932,37.7534,11.1564,7.8414,15.7613,7.4129,3
2458195.881247,9.6084,33.3251,11.1564,7.8414,15.7613,7.4129,3
2458195.898317,20.3831,32.0012,11.1564,7.8414,15.7613,7.4129,3
2458195.915437,21.3313,44.4245,11.1564,7.8414,15.7613,7.4129,3
2458196.854707,18.7394,36.0219,11.1564,7.8414,15.7613,7.4129,3
2458196.871647,16.6760,30.8871,11.1564,7.8414,15.7613,7.4129,3
2458197.833767,13.8982,24.5705,11.1564,7.8414,15.7613,7.4129,3
2458197.882807,10.6705,25.4685,11.1564,7.8414,15.7613,7.4129,3
2458197.905227,9.1234,29.6869,11.1564,7.8414,15.7613,7.4129,3
2458198.811747,22.0047,32.8694,11.1564,7.8414,15.7613,7.4129,3
2458198.828387,15.4433,30.6766,11.1564,7.8414,15.7613,7.4129,3
2458198.893097,11.5646,40.7814,11.1564,7.8414,15.7613,7.4129,3
2458198.912247,24.8560,41.5847,11.1564,7.8414,15.7613,7.4129,3
2458199.834257,10.4545,26.2482,11.1564,7.8414,15.7613,7.4129,3
2458199.854007,22.1822,39.5510,11.1564,7.8414,15.7613,7.4129,3
2458199.870927,19.6712,37.6493,11.1564,7.8414,15.7613,7.4129,3
2458199.916827,25.5510,30.6024,11.1564,7.8414,15.7613,7.4129,3
2458200.805217,23.4670,35.6106,11.1564,7.8414,15.7613,7.4129,3
2458200.832787,23.4980,32.0715,11.1564,7.8414,15.7613,7.4129,3
2458200.850077,19.2447,29.9041,11.1564,7.8414,15.7613,7.4129,3
2458200.866947,15.4177,30.6513,11.1564,7.8414,15.7613,7.4129,3
2458200.885267,17.2046,46.9304,11.1564,7.8414,15.7613,7.4129,3
2458200.904687,11.8172,43.4253,11.1564,7.8414,15.7613,7.4129,3
2458201.810357,16.6860,31.0788,11.1564,7.8414,15.7613,7.4129,3
2458201.830207,12.2880,26.7517,11.1564,7.8414,15.7613,7.4129,3
2458202.781327,6.8228,31.4503,11.1564,7.8414,15.7613,7.4129,3
2458202.798257,15.8640,24.9474,11.1564,7.8414,15.7613,7.4129,3
2458202.853177,13.0012,38.7852,11.1564,7.8414,15.7613,7.4129,3
2458202.885157,15.9108,32.2209,11.1564,7.8414,15.7613,7.4129,3
2458203.776477,21.6372,40.8602,11.1564,7.8414,15.7613,7.4129,3
2458203.793557,17.1658,38.6924,11.1564,7.8414,15.7613,7.4129,3
2458203.895517,24.8566,50.2570,11.1564,7.8414,15.7613,7.4129,3
2458203.913147,23.1318,50.2310,11.1564,7.8414,15.7613,7.4129,3
2458204.777617,16.0126,35.2153,11.1564,7.8414,15.7613,7.4129,3
2458204.812237,8.6782,43.7881,11.1564,7.8414,15.7613,7.4129,3
2458204.829487,17.4783,24.2454,11.1564,7.8414,15.7613,7.4129,3
2458204.847227,12.6647,33.3835,11.1564,7.8414,15.7613,7.4129,3
2458204.874487,10.5474,32.5101,11.1564,7.8414,15.7613,7.4129,3
2458204.909867,8.8821,34.5967,11.1564,7.8414,15.7613,7.4129,3
2458205.768107,7.4623,36.2038,11.1564,7.8414,15.7613,7.4129,3
2458205.832217,13.7919,45.3217,11.1564,7.8414,15.7613,7.4129,3
2458205.849537,11.2528,25.3109,11.1564,7.8414,15.7613,7.4129,3
2458205.866847,7.3035,32.3277,11.1564,7.8414,15.7613,7.4129,3
2458206.767137,21.0447,30.3215,11.1564,7.8414,15.7613,7.4129,3
2458206.784187,21.3354,25.7286,11.1564,7.8414,15.7613,7.4129,3
2458206.801047,26.9986,26.6878,11.1564,7.8414,15.7613,7.4129,3
2458206.818057,4.8127,49.7234,11.1564,7.8414,15.7613,7.4129,3
2458206.846017,14.5477,49.2878,11.1564,7.8414,15.7613,7.4129,3
2458206.862877,12.7605,30.2392,11.1564,7.8414,15.7613,7.4129,3
2458206.880147,10.0897,36.3501,11.1564,7.8414,15.7613,7.4129,3
2458206.916237,9.2044,33.5178,11.1564,7.8414,15.7613,7.4129,3
2458207.767917,22.9412,31.3001,11.1564,7.8414,15.7613,7.4129,3
2458207.784927,20.3297,29.4478,11.1564,7.8414,15.7613,7.4129,3
2458207.882627,22.2710,44.0900,11.1564,7.8414,15.7613,7.4129,3
2458207.918767,22.9008,39.5857,11.1564,7.8414,15.7613,7.4129,3
2458208.768327,13.5171,32.1288,11.1564,7.8414,15.7613,7.4129,3
2458208.797007,15.6347,33.9947,11.1564,7.8414,15.7613,7.4129,3
2458208.830817,17.8524,42.4331,11.1564,7.8414,15.7613,7.4129,3
2458208.914967,19.3191,48.4889,11.1564,7.8414,15.7613,7.4129,3
2458209.756187,21.4259,45.6794,11.1564,7.8414,15.7613,7.4129,3
2458209.803117,12.8420,33.3267,11.1564,7.8414,15.7613,7.4129,3
2458209.823737,19.5923,37.7875,11.1564,7.8414,15.7613,7.4129,3
2458209.911887,26.6815,48.9612,11.1564,7.8414,15.7613,7.4129,3
2458210.786117,21.8148,48.9841,11.1564,7.8414,15.7613,7.4129,3
2458210.802707,15.1425,32.7274,11.1564,7.8414,15.7613,7.4129,3
2458210.819947,17.9764,33.4069,11.1564,7.8414,15.7613,7.4129,3
2458210.848077,18.9064,33.5971,11.1564,7.8414,15.7613,7.4129,3
2458210.865377,20.3700,30.8287,11.1564,7.8414,15.7613,7.4129,3
2458210.882637,27.9861,39.0956,11.1564,7.8414,15.7613,7.4129,3
2458210.900267,19.3490,47.5903,11.1564,7.8414,15.7613,7.4129,3
2458210.917587,28.1655,51.3823,11.1564,7.8414,15.7613,7.4129,3
2458211.769027,18.5329,32.0647,11.1564,7.8414,15.7613,7.4129,3
2458211.803177,12.0564,42.5101,11.1564,7.8414,15.7613,7.4129,3
2458211.819907,11.6180,39.8245,11.1564,7.8414,15.7613,7.4129,3
2458211.848987,18.4563,33.9151,11.1564,7.8414,15.7613,7.4129,3
2458211.923097,12.5230,33.8965,11.1564,7.8414,15.7613,7.4129,3
2458212.749877,27.1652,28.1969,11.1564,7.8414,15.7613,7.4129,3
2458212.767097,3.3050,31.0012,11.1564,7.8414,15.7613,7.4129,3
2458212.783707,16.2776,51.4757,11.1564,7.8414,15.7613,7.4129,3
2458212.800857,15.8836,47.0709,11.1564,7.8414,15.7613,7.4129,3
2458212.817787,19.4425,47.1364,11.1564,7.8414,15.7613,7.4129,3
2458212.883847,14.5509,44.0657,11.1564,7.8414,15.7613,7.4129,3
2458212.901197,17.5968,36.6788,11.1564,7.8414,15.7613,7.4129,3
2458213.738727,18.8735,28.2547,11.1564,7.8414,15.7613,7.4129,3
2458213.766387,12.6703,25.5256,11.1564,7.8414,15.7613,7.4129,3
2458213.783667,20.4183,44.3611,11.1564,7.8414,15.7613,7.4129,3
2458213.803587,21.2235,50.8487,11.1564,7.8414,15.7613,7.4129,3
2458213.896957,21.4072,46.9762,11.1564,7.8414,15.7613,7.4129,3
2458213.914367,16.9972,45.2053,11.1564,7.8414,15.7613,7.4129,3
2458214.770087,4.0085,48.2934,11.1564,7.8414,15.7613,7.4129,3
2458214.787057,13.1063,25.5594,11.1564,7.8414,15.7613,7.4129,3
2458214.804267,22.4000,37.3190,11.1564,7.8414,15.7613,7.4129,3
2458214.821507,28.6547,33.0422,11.1564,7.8414,15.7613,7.4129,3
2458214.839057,17.8342,39.6341,11.1564,7.8414,15.7613,7.4129,3
2458214.856057,18.4266,49.1325,11.1564,7.8414,15.7613,7.4129,3
2458214.885537,14.9995,41.0120,11.1564,7.8414,15.7613,7.4129,3
2458214.902827,3.8878,31.5720,11.1564,7.8414,15.7613,7.4129,3
2458215.750527,26.4058,41.3044,11.1564,7.8414,15.7613,7.4129,3
2458215.785657,29.5931,30.4933,11.1564,7.8414,15.7613,7.4129,3
2458215.804897,26.8170,24.9497,11.1564,7.8414,15.7613,7.4129,3
2458215.920667,20.5586,37.8915,11.1564,7.8414,15.7613,7.4129,3
2458216.743467,9.7783,37.3176,11.1564,7.8414,15.7613,7.4129,3
2458216.760587,15.9224,36.5912,11.1564,7.8414,15.7613,7.4129,3
2458216.790087,8.9074,48.3426,11.1564,7.8414,15.7613,7.4129,3
2458216.818017,23.2306,45.9993,11.1564,7.8414,15.7613,7.4129,3
2458216.835157,18.6758,39.3209,11.1564,7.8414,15.7613,7.4129,3
2458216.853197,11.1969,29.6884,11.1564,7.8414,15.7613,7.4129,3
2458216.869917,17.8075,37.8270,11.1564,7.8414,15.7613,7.4129,3
2458216.886837,22.3018,45.3672,11.1564,7.8414,15.7613,7.4129,3
2458217.756867,9.0053,31.6177,11.1564,7.8414,15.7613,7.4129,3
2458217.819807,14.0632,37.9012,11.1564,7.8414,15.7613,7.4129,3
2458217.861327,14.0576,37.3969,11.1564,7.8414,15.7613,7.4129,3
2458217.889037,12.4455,35.0369,11.1564,7.8414,15.7613,7.4129,3
2458217.890527,17.5976,40.1851,11.1564,7.8414,15.7613,7.4129,3
2458217.907547,24.0724,45.7869,11.1564,7.8414,15.7613,7.4129,3
2458217.924857,-1.7851,42.0517,11.1564,7.8414,15.7613,7.4129,3
2458220.740847,5.2187,42.0978,11.1564,7.8414,15.7613,7.4129,3
2458220.762497,13.4320,23.1328,11.1564,7.8414,15.7613,7.4129,3
2458220.816437,7.0652,23.3037,11.1564,7.8414,15.7613,7.4129,3
2458220.846367,16.0867,30.9390,11.1564,7.8414,15.7613,7.4129,3
2458220.863717,7.1639,28.5346,11.1564,7.8414,15.7613,7.4129,3
2458220.885887,12.8387,36.2333,11.1564,7.8414,15.7613,7.4129,3
2458220.906707,11.0756,29.9686,11.1564,7.8414,15.7613,7.4129,3
2458221.802497,13.9086,40.1727,11.1564,7.8414,15.7613,7.4129,3
2458221.850787,5.5673,34.3187,11.1564,7.8414,15.7613,7.4129,3
2458221.888757,11.1034,27.7824,11.1564,7.8414,15.7613,7.4129,3
2458222.744837,6.1372,33.2730,11.1564,7.8414,15.7613,7.4129,3
2458222.761807,15.0190,23.6545,11.1564,7.8414,15.7613,7.4129,3
2458222.823587,0.1306,25.6431,11.1564,7.8414,15.7613,7.4129,3
2458222.857597,4.6277,21.1841,11.1564,7.8414,15.7613,7.4129,3
2458222.891757,4.5257,25.5745,11.1564,7.8414,15.7613,7.4129,3
2458222.919657,-1.7016,36.5721,11.1564,7.8414,15.7613,7.4129,3
2458223.812547,11.7811,27.1374,11.1564,7.8414,15.7613,7.4129,3
2458223.829127,4.5283,43.8372,11.1564,7.8414,15.7613,7.4129,3
2458223.846177,7.8239,34.0359,11.1564,7.8414,15.7613,7.4129,3
2458223.908317,1.9967,32.5686,11.1564,7.8414,15.7613,7.4129,3
2458224.792727,9.0290,25.1172,11.1564,7.8414,15.7613,7.4129,3
2458224.826827,4.4697,32.2903,11.1564,7.8414,15.7613,7.4129,3
2458224.871377,10.0606,38.3660,11.1564,7.8414,15.7613,7.4129,3
2458224.888477,3.3677,28.6710,11.1564,7.8414,15.7613,7.4129,3
2458224.913687,1.6334,22.5751,11.1564,7.8414,15.7613,7.4129,3
2458225.712277,12.5273,35.7632,11.1564,7.8414,15.7613,7.4129,3
2458225.923137,16.9902,39.8248,11.1564,7.8414,15.7613,7.4129,3
2458226.772057,2.9017,41.2175,11.1564,7.8414,15.7613,7.4129,3
2458226.789147,-2.9715,37.4402,11.1564,7.8414,15.7613,7.4129,3
2458226.891537,0.9480,41.1075,11.1564,7.8414,15.7613,7.4129,3
2458226.925307,5.8378,35.8930,11.1564,7.8414,15.7613,7.4129,3
2458227.746457,6.1034,34.1536,11.1564,7.8414,15.7613,7.4129,3
2458227.836917,-2.2143,39.0830,11.1564,7.8414,15.7613,7.4129,3
2458227.906527,2.2670,36.1506,11.1564,7.8414,15.7613,7.4129,3
2458228.701437,5.1352,43.9750,11.1564,7.8414,15.7613,7.4129,3
2458228.739077,5.5919,37.0191,11.1564,7.8414,15.7613,7.4129,3
2458228.756667,8.7864,31.3325,11.1564,7.8414,15.7613,7.4129,3
2458228.787267,-1.9148,29.3696,11.1564,7.8414,15.7613,7.4129,3
2458228.890357,0.0287,35.0017,11.1564,7.8414,15.7613,7.4129,3
2458228.907917,-4.3357,29.6438,11.1564,7.8414,15.7613,7.4129,3
2458229.712737,13.4702,22.9401,11.1564,7.8414,15.7613,7.4129,3
2458229.881097,-3.7598,33.9658,11.1564,7.8414,15.7613,7.4129,3
2458229.898597,-4.3158,32.6908,11.1564,7.8414,15.7613,7.4129,3
2458230.714927,4.9166,30.9022,11.1564,7.8414,15.7613,7.4129,3
2458230.732007,22.7786,28.4736,11.1564,7.8414,15.7613,7.4129,3
2458230.793047,11.4268,36.8712,11.1564,7.8414,15.7613,7.4129,3
2458230.839947,4.9797,23.0792,11.1564,7.8414,15.7613,7.4129,3
2458230.874827,6.7843,25.8742,11.1564,7.8414,15.7613,7.4129,3
2458230.891907,7.0544,29.9180,11.1564,7.8414,15.7613,7.4129,3
2458231.716407,24.0312,46.9105,11.1564,7.8414,15.7613,7.4129,3
2458231.736307,15.3958,42.5072,11.1564,7.8414,15.7613,7.4129,3
2458231.867217,9.4394,25.6934,11.1564,7.8414,15.7613,7.4129,3
2458233.747397,8.5435,26.0699,11.1564,7.8414,15.7613,7.4129,3
2458233.820267,0.2570,35.5391,11.1564,7.8414,15.7613,7.4129,3
2458233.864777,0.8270,32.3896,11.1564,7.8414,15.7613,7.4129,3
2458233.901647,11.9947,34.2588,11.1564,7.8414,15.7613,7.4129,3
2458233.920867,13.9705,32.8989,11.1564,7.8414,15.7613,7.4129,3
2458235.707727,19.7807,35.9057,11.1564,7.8414,15.7613,7.4129,3
2458235.745217,12.1409,33.3048,11.1564,7.8414,15.7613,7.4129,3
2458235.859627,0.1854,32.8650,11.1564,7.8414,15.7613,7.4129,3
2458235.878527,-6.9986,21.3372,11.1564,7.8414,15.7613,7.4129,3
2458235.907717,1.2128,31.6264,11.1564,7.8414,15.7613,7.4129,3
2458236.700847,1.5972,23.1667,11.1564,7.8414,15.7613,7.4129,3
2458236.718057,7.7475,28.1329,11.1564,7.8414,15.7613,7.4129,3
2458236.735137,1.5964,39.7175,11.1564,7.8414,15.7613,7.4129,3
2458236.752407,3.7577,35.1740,11.1564,7.8414,15.7613,7.4129,3
2458236.787407,6.0751,45.5819,11.1564,7.8414,15.7613,7.4129,3
2458236.804257,7.3194,36.1987,11.1564,7.8414,15.7613,7.4129,3
2458236.821357,11.7743,45.3634,11.1564,7.8414,15.7613,7.4129,3
2458236.887967,14.7489,48.2566,11.1564,7.8414,15.7613,7.4129,3
2458237.881267,11.3083,35.4783,11.1564,7.8414,15.7613,7.4129,3
2458237.898907,10.9679,38.9606,11.1564,7.8414,15.7613,7.4129,3
2458237.915647,0.7820,30.7020,11.1564,7.8414,15.7613,7.4129,3
2458238.692287,13.3109,31.5587,11.1564,7.8414,15.7613,7.4129,3
2458238.719807,9.2725,36.8148,11.1564,7.8414,15.7613,7.4129,3
2458238.736837,13.7283,34.5765,11.1564,7.8414,15.7613,7.4129,3
2458238.753977,10.0485,35.0762,11.1564,7.8414,15.7613,7.4129,3
2458238.770757,11.3708,46.3744,11.1564,7.8414,15.7613,7.4129,3
2458238.788017,12.0408,40.7037,11.1564,7.8414,15.7613,7.4129,3
2458238.815927,5.8807,32.6603,11.1564,7.8414,15.7613,7.4129,3
2458238.867227,17.3335,45.7961,11.1564,7.8414,15.7613,7.4129,3
2458238.911847,11.0856,34.7654,11.1564,7.8414,15.7613,7.4129,3
2458240.707387,15.1846,30.5891,11.1564,7.8414,15.7613,7.4129,3
2458240.743787,15.9882,43.8220,11.1564,7.8414,15.7613,7.4129,3
2458240.745127,14.3954,26.3419,11.1564,7.8414,15.7613,7.4129,3
2458240.762197,0.5897,37.6106,11.1564,7.8414,15.7613,7.4129,3
2458240.790267,13.8587,45.4642,11.1564,7.8414,15.7613,7.4129,3
2458240.845447,11.3444,40.8497,11.1564,7.8414,15.7613,7.4129,3
2458240.861877,3.3173,39.1561,11.1564,7.8414,15.7613,7.4129,3
2458240.878887,13.4855,34.0326,11.1564,7.8414,15.7613,7.4129,3
2458240.906737,9.6486,44.4437,11.1564,7.8414,15.7613,7.4129,3
2458241.715157,-1.8752,32.9612,11.1564,7.8414,15.7613,7.4129,3
2458241.737457,7.3569,33.5320,11.1564,7.8414,15.7613,7.4129,3
2458241.755897,16.0107,46.3857,11.1564,7.8414,15.7613,7.4129,3
2458241.793417,19.2513,35.0642,11.1564,7.8414,15.7613,7.4129,3
2458241.821277,8.8814,42.5598,11.1564,7.8414,15.7613,7.4129,3
2458243.687767,9.8685,31.8356,11.1564,7.8414,15.7613,7.4129,3
2458243.712967,7.3403,30.7056,11.1564,7.8414,15.7613,7.4129,3
2458243.731757,13.1171,41.4459,11.1564,7.8414,15.7613,7.4129,3
2458243.748257,13.8365,42.0380,11.1564,7.8414,15.7613,7.4129,3
2458243.829917,8.4109,38.0558,11.1564,7.8414,15.7613,7.4129,3
2458244.707487,15.6240,32.6775,11.1564,7.8414,15.7613,7.4129,3
2458244.726707,-1.6566,42.6304,11.1564,7.8414,15.7613,7.4129,3
2458244.745437,-1.1896,30.7085,11.1564,7.8414,15.7613,7.4129,3
2458244.762657,3.0203,38.6908,11.1564,7.8414,15.7613,7.4129,3
2458244.779807,8.2037,24.3047,11.1564,7.8414,15.7613,7.4129,3
2458244.859097,12.3588,40.8979,11.1564,7.8414,15.7613,7.4129,3
2458244.875897,10.6635,37.7385,11.1564,7.8414,15.7613,7.4129,3
2458244.931697,-3.1097,33.1013,11.1564,7.8414,15.7613,7.4129,3
2458245.834017,0.4150,37.6608,11.1564,7.8414,15.7613,7.4129,3
2458245.861517,7.5613,36.3906,11.1564,7.8414,15.7613,7.4129,3
2458245.918567,9.5911,42.0444,11.1564,7.8414,15.7613,7.4129,3
2458246.692007,-0.0146,23.8548,11.1564,7.8414,15.7613,7.4129,3
2458246.809367,4.8387,35.8292,11.1564,7.8414,15.7613,7.4129,3
2458246.830337,-2.9297,23.1735,11.1564,7.8414,15.7613,7.4129,3
2458246.915737,-1.4975,32.8158,11.1564,7.8414,15.7613,7.4129,3
2458246.933247,10.9091,42.1051,11.1564,7.8414,15.7613,7.4129,3
2458247.824327,12.0149,27.9942,11.1564,7.8414,15.7613,7.4129,3
2458249.695427,9.8683,40.1040,11.1564,7.8414,15.7613,7.4129,3
2458249.733317,8.8838,30.6749,11.1564,7.8414,15.7613,7.4129,3
2458249.764987,-2.8565,23.5760,11.1564,7.8414,15.7613,7.4129,3
2458249.781867,-4.1514,40.7633,11.1564,7.8414,15.7613,7.4129,3
2458249.862207,3.9248,39.2218,11.1564,7.8414,15.7613,7.4129,3
2458249.879627,9.5259,25.4777,11.1564,7.8414,15.7613,7.4129,3
2458249.931347,-6.9985,37.7857,11.1564,7.8414,15.7613,7.4129,3
2458250.666957,11.3369,29.1525,11.1564,7.8414,15.7613,7.4129,3
2458250.835017,1.7122,27.3097,11.1564,7.8414,15.7613,7.4129,3
2458250.881567,8.4757,32.3735,11.1564,7.8414,15.7613,7.4129,3
2458250.915747,3.5427,33.7677,11.1564,7.8414,15.7613,7.4129,3
2458251.666507,15.8517,42.5460,11.1564,7.8414,15.7613,7.4129,3
2458251.800887,10.9856,41.3558,11.1564,7.8414,15.7613,7.4129,3
2458251.817777,8.7596,46.0049,11.1564,7.8414,15.7613,7.4129,3
2458251.834747,2.8718,31.1294,11.1564,7.8414,15.7613,7.4129,3
2458251.851977,9.9648,38.4134,11.1564,7.8414,15.7613,7.4129,3
2458251.918377,7.7346,27.5600,11.1564,7.8414,15.7613,7.4129,3
2458252.836127,1.7063,23.1303,11.1564,7.8414,15.7613,7.4129,3
2458252.853497,1.1125,44.8886,11.1564,7.8414,15.7613,7.4129,3
2458252.880927,13.8833,31.5778,11.1564,7.8414,15.7613,7.4129,3
2458252.898177,6.3245,26.5756,11.1564,7.8414,15.7613,7.4129,3
2458252.915217,8.9786,28.6382,11.1564,7.8414,15.7613,7.4129,3
2458253.705077,7.6344,37.6562,11.1564,7.8414,15.7613,7.4129,3
2458253.722017,-0.1831,27.8066,11.1564,7.8414,15.7613,7.4129,3
2458253.756377,11.4715,35.4426,11.1564,7.8414,15.7613,7.4129,3
2458253.783547,19.1851,37.8506,11.1564,7.8414,15.7613,7.4129,3
2458253.853607,6.5764,43.5738,11.1564,7.8414,15.7613,7.4129,3
2458254.640607,19.0449,26.8456,11.1564,7.8414,15.7613,7.4129,3
2458254.657477,7.3094,34.2850,11.1564,7.8414,15.7613,7.4129,3
2458254.775207,11.0184,25.5173,11.1564,7.8414,15.7613,7.4129,3
2458254.792237,9.9983,25.3614,11.1564,7.8414,15.7613,7.4129,3
2458254.809417,7.8722,30.5735,11.1564,7.8414,15.7613,7.4129,3
2458254.826307,4.9122,23.2513,11.1564,7.8414,15.7613,7.4129,3
2458254.896777,6.8634,43.1450,11.1564,7.8414,15.7613,7.4129,3
2458254.930287,5.4558,22.7239,11.1564,7.8414,15.7613,7.4129,3
2458255.664407,1.6693,37.6104,11.1564,7.8414,15.7613,7.4129,3
2458255.732217,2.6867,39.4603,11.1564,7.8414,15.7613,7.4129,3
2458255.749317,-0.1851,39.8628,11.1564,7.8414,15.7613,7.4129,3
2458255.861077,2.7907,32.3524,11.1564,7.8414,15.7613,7.4129,3
2458256.640737,4.8755,41.3672,11.1564,7.8414,15.7613,7.4129,3
2458256.716007,-5.6437,20.8949,11.1564,7.8414,15.7613,7.4129,3
2458256.733227,6.7007,35.6859,11.1564,7.8414,15.7613,7.4129,3
2458256.770687,4.7240,34.0349,11.1564,7.8414,15.7613,7.4129,3
2458256.807377,-7.6529,23.1020,11.1564,7.8414,15.7613,7.4129,3
2458256.890407,5.3213,26.8258,11.1564,7.8414,15.7613,7.4129,3
2458257.695997,17.6815,28.8122,11.1564,7.8414,15.7613,7.4129,3
2458257.729917,4.1882,36.1865,11.1564,7.8414,15.7613,7.4129,3
2458257.809937,12.6472,34.5885,11.1564,7.8414,15.7613,7.4129,3
2458257.844297,-1.0372,35.2529,11.1564,7.8414,15.7613,7.4129,3
2458257.885567,3.4188,22.0556,11.1564,7.8414,15.7613,7.4129,3
2458257.909367,3.6110,22.9948,11.1564,7.8414,15.7613,7.4129,3
2458258.637717,9.6707,33.1070,11.1564,7.8414,15.7613,7.4129,3
2458258.664587,7.2993,41.3923,11.1564,7.8414,15.7613,7.4129,3
2458258.681757,14.2347,31.6339,11.1564,7.8414,15.7613,7.4129,3
2458258.777687,-0.8713,27.8028,11.1564,7.8414,15.7613,7.4129,3
2458258.795027,-0.7753,41.7955,11.1564,7.8414,15.7613,7.4129,3
2458258.811907,-1.3739,45.8653,11.1564,7.8414,15.7613,7.4129,3
2458258.846047,2.4664,28.9507,11.1564,7.8414,15.7613,7.4129,3
2458258.862817,-0.4117,34.1629,11.1564,7.8414,15.7613,7.4129,3
2458258.880247,19.0663,32.7589,11.1564,7.8414,15.7613,7.4129,3
2458258.897187,1.5666,35.4804,11.1564,7.8414,15.7613,7.4129,3
2458259.720187,-4.7452,31.2979,11.1564,7.8414,15.7613,7.4129,3
2458259.765727,-4.7658,31.5281,11.1564,7.8414,15.7613,7.4129,3
2458259.803027,1.8458,39.2976,11.1564,7.8414,15.7613,7.4129,3
2458259.837787,6.2023,26.5944,11.1564,7.8414,15.7613,7.4129,3
2458259.871827,6.8291,28.6113,11.1564,7.8414,15.7613,7.4129,3
2458259.907227,3.0046,24.4702,11.1564,7.8414,15.7613,7.4129,3
2458259.923947,7.2196,44.1474,11.1564,7.8414,15.7613,7.4129,3
2458260.623837,3.2888,24.2932,11.1564,7.8414,15.7613,7.4129,3
2458260.640747,15.8984,26.9482,11.1564,7.8414,15.7613,7.4129,3
2458260.660917,6.4975,31.3941,11.1564,7.8414,15.7613,7.4129,3
2458260.739907,13.5360,25.8136,11.1564,7.8414,15.7613,7.4129,3
2458260.773677,7.8614,26.8492,11.1564,7.8414,15.7613,7.4129,3
2458260.862267,1.1267,39.0592,11.1564,7.8414,15.7613,7.4129,3
2458260.879277,-2.2525,19.1599,11.1564,7.8414,15.7613,7.4129,3
2458260.896137,17.2425,36.5551,11.1564,7.8414,15.7613,7.4129,3
2458260.912557,-1.2984,35.3734,11.1564,7.8414,15.7613,7.4129,3
2458261.628807,11.4410,22.0695,11.1564,7.8414,15.7613,7.4129,3
2458261.657497,12.9106,38.8673,11.1564,7.8414,15.7613,7.4129,3
2458261.727307,-0.6076,32.6991,11.1564,7.8414,15.7613,7.4129,3
2458261.794067,-6.2088,21.5693,11.1564,7.8414,15.7613,7.4129,3
2458261.811807,3.0824,33.7147,11.1564,7.8414,15.7613,7.4129,3
2458261.849487,-2.4059,22.6939,11.1564,7.8414,15.7613,7.4129,3
2458261.913367,-1.5561,39.3058,11.1564,7.8414,15.7613,7.4129,3
2458261.930947,-0.8985,35.5167,11.1564,7.8414,15.7613,7.4129,3
2458262.607877,14.6038,35.7456,11.1564,7.8414,15.7613,7.4129,3
2458262.624527,8.4294,22.4018,11.1564,7.8414,15.7613,7.4129,3
2458262.652007,7.6226,37.1024,11.1564,7.8414,15.7613,7.4129,3
2458262.669207,0.1422,27.4022,11.1564,7.8414,15.7613,7.4129,3
2458262.685957,9.7589,31.0508,11.1564,7.8414,15.7613,7.4129,3
2458262.703327,10.5206,26.4153,11.1564,7.8414,15.7613,7.4129,3
2458262.783097,-1.7042,20.7378,11.1564,7.8414,15.7613,7.4129,3
2458262.834047,-1.3392,32.0962,11.1564,7.8414,15.7613,7.4129,3
2458262.878617,10.0661,30.8070,11.1564,7.8414,15.7613,7.4129,3
2458262.895647,-1.7124,22.7670,11.1564,7.8414,15.7613,7.4129,3
2458262.912857,9.0007,44.0397,11.1564,7.8414,15.7613,7.4129,3
2458263.617977,1.6231,19.0708,11.1564,7.8414,15.7613,7.4129,3
2458263.634627,15.3023,29.1901,11.1564,7.8414,15.7613,7.4129,3
2458263.651267,2.3983,19.8369,11.1564,7.8414,15.7613,7.4129,3
2458263.671187,4.4740,31.3955,11.1564,7.8414,15.7613,7.4129,3
2458263.740327,2.1481,35.7744,11.1564,7.8414,15.7613,7.4129,3
2458263.793537,12.2435,42.4214,11.1564,7.8414,15.7613,7.4129,3
2458263.837977,1.0170,34.4577,11.1564,7.8414,15.7613,7.4129,3
2458263.854747,6.4371,37.0437,11.1564,7.8414,15.7613,7.4129,3
2458263.871457,-5.4559,43.7165,11.1564,7.8414,15.7613,7.4129,3
2458263.915977,13.7423,24.7294,11.1564,7.8414,15.7613,7.4129,3
2458264.615977,17.7068,32.9211,11.1564,7.8414,15.7613,7.4129,3
2458264.661447,4.4120,25.8964,11.1564,7.8414,15.7613,7.4129,3
2458264.713567,-0.7763,19.0413,11.1564,7.8414,15.7613,7.4129,3
2458264.731877,7.8020,36.9116,11.1564,7.8414,15.7613,7.4129,3
2458264.759687,-1.2245,32.8690,11.1564,7.8414,15.7613,7.4129,3
2458264.793597,3.1946,40.1169,11.1564,7.8414,15.7613,7.4129,3
2458264.883927,1.9152,35.5893,11.1564,7.8414,15.7613,7.4129,3
2458264.900217,2.2834,39.3922,11.1564,7.8414,15.7613,7.4129,3
2458264.917027,-6.0623,38.8599,11.1564,7.8414,15.7613,7.4129,3
2458265.597777,18.8070,32.6270,11.1564,7.8414,15.7613,7.4129,3
2458265.625737,13.4219,38.8239,11.1564,7.8414,15.7613,7.4129,3
2458265.665947,5.3445,28.6351,11.1564,7.8414,15.7613,7.4129,3
2458265.685797,10.4066,33.8043,11.1564,7.8414,15.7613,7.4129,3
2458265.703467,11.5279,32.9561,11.1564,7.8414,15.7613,7.4129,3
2458265.782707,-3.0101,39.5052,11.1564,7.8414,15.7613,7.4129,3
2458265.827557,-5.8689,23.3123,11.1564,7.8414,15.7613,7.4129,3
2458265.848397,-1.5886,22.9200,11.1564,7.8414,15.7613,7.4129,3
2458265.865507,5.9637,39.2573,11.1564,7.8414,15.7613,7.4129,3
2458265.882957,4.3507,25.7126,11.1564,7.8414,15.7613,7.4129,3
2458265.917017,4.7756,27.8009,11.1564,7.8414,15.7613,7.4129,3
2458266.598867,4.2149,25.8050,11.1564,7.8414,15.7613,7.4129,3
2458266.632547,4.2332,39.9598,11.1564,7.8414,15.7613,7.4129,3
2458266.649807,18.4786,43.0407,11.1564,7.8414,15.7613,7.4129,3
2458270.772927,7.2031,28.4640,11.1564,7.8414,15.7613,7.4129,3
2458271.676587,-0.3141,28.9256,11.1564,7.8414,15.7613,7.4129,3
2458271.696477,0.3903,32.5890,11.1564,7.8414,15.7613,7.4129,3
2458271.730477,16.6248,34.4099,11.1564,7.8414,15.7613,7.4129,3
2458271.778917,-0.7154,22.7706,11.1564,7.8414,15.7613,7.4129,3
2458271.879007,9.6990,40.3071,11.1564,7.8414,15.7613,7.4129,3
2458272.608047,11.0840,41.5764,11.1564,7.8414,15.7613,7.4129,3
2458272.624647,-4.0943,36.4253,11.1564,7.8414,15.7613,7.4129,3
2458272.641497,11.1242,21.5392,11.1564,7.8414,15.7613,7.4129,3
2458272.665037,6.5426,29.0693,11.1564,7.8414,15.7613,7.4129,3
2458272.692127,11.1013,24.6384,11.1564,7.8414,15.7613,7.4129,3
2458272.709097,9.2735,20.6771,11.1564,7.8414,15.7613,7.4129,3
2458272.742567,4.0220,36.0608,11.1564,7.8414,15.7613,7.4129,3
2458272.760187,-2.0422,30.6277,11.1564,7.8414,15.7613,7.4129,3
2458272.776977,-8.7008,23.2444,11.1564,7.8414,15.7613,7.4129,3
2458272.868917,-2.4170,34.5516,11.1564,7.8414,15.7613,7.4129,3
2458273.653977,5.3762,31.7442,11.1564,7.8414,15.7613,7.4129,3
2458273.736337,-4.2815,26.7912,11.1564,7.8414,15.7613,7.4129,3
2458273.753667,-7.5994,26.4637,11.1564,7.8414,15.7613,7.4129,3
2458273.797827,-0.8412,32.0261,11.1564,7.8414,15.7613,7.4129,3
2458274.731897,-5.6924,36.0812,11.1564,7.8414,15.7613,7.4129,3
2458274.748597,7.9836,34.1204,11.1564,7.8414,15.7613,7.4129,3
2458274.765557,5.8551,42.6895,11.1564,7.8414,15.7613,7.4129,3
2458274.782957,-1.5921,29.2596,11.1564,7.8414,15.7613,7.4129,3
2458274.811457,5.0498,40.3189,11.1564,7.8414,15.7613,7.4129,3
2458274.845317,-0.5192,38.4840,11.1564,7.8414,15.7613,7.4129,3
2458274.862177,12.1472,41.7051,11.1564,7.8414,15.7613,7.4129,3
2458274.879097,5.4096,31.2967,11.1564,7.8414,15.7613,7.4129,3
2458275.765897,8.8653,42.3681,11.1564,7.8414,15.7613,7.4129,3
2458275.859117,5.6180,33.8953,11.1564,7.8414,15.7613,7.4129,3
2458276.603657,4.7313,25.4944,11.1564,7.8414,15.7613,7.4129,3
2458276.620667,5.0633,45.8470,11.1564,7.8414,15.7613,7.4129,3
2458276.637807,4.3012,28.5947,11.1564,7.8414,15.7613,7.4129,3
2458276.723307,8.4741,41.6223,11.1564,7.8414,15.7613,7.4129,3
2458276.758517,7.5916,25.4309,11.1564,7.8414,15.7613,7.4129,3
2458276.867017,3.6139,28.3850,11.1564,7.8414,15.7613,7.4129,3
2458277.640627,0.0406,27.1750,11.1564,7.8414,15.7613,7.4129,3
2458277.657697,12.3939,28.2414,11.1564,7.8414,15.7613,7.4129,3
2458277.685507,13.7724,46.3642,11.1564,7.8414,15.7613,7.4129,3
2458277.706417,-8.2974,27.5289,11.1564,7.8414,15.7613,7.4129,3
2458277.740217,5.9318,24.3843,11.1564,7.8414,15.7613,7.4129,3
2458277.818167,-6.1656,20.5263,11.1564,7.8414,15.7613,7.4129,3
2458278.578837,10.9063,35.9072,11.1564,7.8414,15.7613,7.4129,3
2458278.595997,14.9780,21.7270,11.1564,7.8414,15.7613,7.4129,3
2458278.613077,3.5588,23.1738,11.1564,7.8414,15.7613,7.4129,3
2458278.630047,13.0314,43.9725,11.1564,7.8414,15.7613,7.4129,3
2458282.573817,-1.0542,37.1473,11.1564,7.8414,15.7613,7.4129,3
2458282.591597,1.1800,29.2523,11.1564,7.8414,15.7613,7.4129,3
2458282.608567,2.5137,21.4554,11.1564,7.8414,15.7613,7.4129,3
2458282.625987,5.1933,29.0934,11.1564,7.8414,15.7613,7.4129,3
2458282.643217,4.2187,28.0733,11.1564,7.8414,15.7613,7.4129,3
2458282.673767,2.9892,38.4172,11.1564,7.8414,15.7613,7.4129,3
2458282.691147,7.2736,27.3605,11.1564,7.8414,15.7613,7.4129,3
2458282.707847,6.9001,27.4601,11.1564,7.8414,15.7613,7.4129,3
2458282.724697,4.6223,19.7534,11.1564,7.8414,15.7613,7.4129,3
2458282.861017,0.4735,29.9437,11.1564,7.8414,15.7613,7.4129,3
2458283.578867,6.4680,26.0019,11.1564,7.8414,15.7613,7.4129,3
2458283.630057,17.6580,38.1529,11.1564,7.8414,15.7613,7.4129,3
2458283.669497,-1.8148,33.2321,11.1564,7.8414,15.7613,7.4129,3
2458283.687077,3.6203,28.1380,11.1564,7.8414,15.7613,7.4129,3
2458283.730777,0.1817,34.6613,11.1564,7.8414,15.7613,7.4129,3
2458283.787587,0.6313,20.6565,11.1564,7.8414,15.7613,7.4129,3
2458283.824867,-5.4649,30.7877,11.1564,7.8414,15.7613,7.4129,3
2458283.842187,9.5208,25.8978,11.1564,7.8414,15.7613,7.4129,3
2458283.859207,-6.8659,46.4090,11.1564,7.8414,15.7613,7.4129,3
2458284.558247,-0.8771,20.2410,11.1564,7.8414,15.7613,7.4129,3
2458284.626077,-0.0061,33.2224,11.1564,7.8414,15.7613,7.4129,3
2458284.656537,0.7432,25.5385,11.1564,7.8414,15.7613,7.4129,3
2458284.731597,1.8541,21.9416,11.1564,7.8414,15.7613,7.4129,3
2458284.798267,1.0030,25.5994,11.1564,7.8414,15.7613,7.4129,3
2458284.817367,4.5226,20.9743,11.1564,7.8414,15.7613,7.4129,3
2458284.834417,0.0090,33.6960,11.1564,7.8414,15.7613,7.4129,3
2458285.606417,-6.3271,21.6956,11.1564,7.8414,15.7613,7.4129,3
2458285.662277,0.9825,25.6289,11.1564,7.8414,15.7613,7.4129,3
2458286.569387,6.9417,31.0901,11.1564,7.8414,15.7613,7.4129,3
2458286.586067,18.8411,38.8817,11.1564,7.8414,15.7613,7.4129,3
2458286.635107,0.5447,30.4337,11.1564,7.8414,15.7613,7.4129,3
2458286.726727,1.5717,40.0339,11.1564,7.8414,15.7613,7.4129,3
2458286.746787,-5.4255,47.5230,11.1564,7.8414,15.7613,7.4129,3
2458286.790627,12.1389,31.2047,11.1564,7.8414,15.7613,7.4129,3
2458286.825317,-8.0574,19.7722,11.1564,7.8414,15.7613,7.4129,3
2458286.866437,3.3013,24.0302,11.1564,7.8414,15.7613,7.4129,3
2458287.588967,-4.4021,24.5736,11.1564,7.8414,15.7613,7.4129,3
2458287.685717,-5.3414,25.0154,11.1564,7.8414,15.7613,7.4129,3
2458287.739997,1.4683,33.3107,11.1564,7.8414,15.7613,7.4129,3
2458287.837717,8.4852,38.7804,11.1564,7.8414,15.7613,7.4129,3
2458288.539307,10.3214,37.6722,11.1564,7.8414,15.7613,7.4129,3
2458288.590297,4.2098,35.6917,11.1564,7.8414,15.7613,7.4129,3
2458288.617827,13.1790,40.3695,11.1564,7.8414,15.7613,7.4129,3
2458288.634767,4.8625,29.1894,11.1564,7.8414,15.7613,7.4129,3
2458288.713987,16.4534,38.6198,11.1564,7.8414,15.7613,7.4129,3
2458288.731727,-5.4424,26.3128,11.1564,7.8414,15.7613,7.4129,3
2458288.776277,0.3588,37.2157,11.1564,7.8414,15.7613,7.4129,3
2458288.793647,5.4544,24.0246,11.1564,7.8414,15.7613,7.4129,3
2458289.564687,16.3096,25.7770,11.1564,7.8414,15.7613,7.4129,3
2458289.647407,-0.5573,32.4433,11.1564,7.8414,15.7613,7.4129,3
2458289.664237,-3.7684,18.5211,11.1564,7.8414,15.7613,7.4129,3
2458289.680807,3.1694,24.6519,11.1564,7.8414,15.7613,7.4129,3
2458289.698937,4.7286,20.5754,11.1564,7.8414,15.7613,7.4129,3
2458289.744457,-1.1610,29.2963,11.1564,7.8414,15.7613,7.4129,3
2458289.761047,-2.9606,34.9548,11.1564,7.8414,15.7613,7.4129,3
2458289.778547,3.8656,21.6175,11.1564,7.8414,15.7613,7.4129,3
2458289.824827,6.7866,29.6557,11.1564,7.8414,15.7613,7.4129,3
2458289.849207,6.5892,33.8495,11.1564,7.8414,15.7613,7.4129,3
2458290.576237,14.0377,38.4248,11.1564,7.8414,15.7613,7.4129,3
2458290.598287,13.3449,40.5969,11.1564,7.8414,15.7613,7.4129,3
2458290.615297,16.4001,25.6042,11.1564,7.8414,15.7613,7.4129,3
2458290.631707,6.5521,26.6299,11.1564,7.8414,15.7613,7.4129,3
2458290.648907,7.3601,38.3115,11.1564,7.8414,15.7613,7.4129,3
2458290.676657,15.8234,24.2148,11.1564,7.8414,15.7613,7.4129,3
2458290.696287,11.1035,40.2003,11.1564,7.8414,15.7613,7.4129,3
2458290.717137,12.0278,43.0821,11.1564,7.8414,15.7613,7.4129,3
2458290.796317,11.0136,48.2406,11.1564,7.8414,15.7613,7.4129,3
2458290.829987,5.2928,40.9953,11.1564,7.8414,15.7613,7.4129,3
2458290.847197,10.1291,31.9688,11.1564,7.8414,15.7613,7.4129,3
2458291.546777,-0.4578,40.1901,11.1564,7.8414,15.7613,7.4129,3
2458291.564667,14.7539,43.3045,11.1564,7.8414,15.7613,7.4129,3
2458291.584057,12.6588,33.6694,11.1564,7.8414,15.7613,7.4129,3
2458291.628607,6.3101,39.1747,11.1564,7.8414,15.7613,7.4129,3
2458291.645147,5.7292,32.2918,11.1564,7.8414,15.7613,7.4129,3
2458291.661617,11.3992,35.6075,11.1564,7.8414,15.7613,7.4129,3
2458291.678887,7.5340,32.3618,11.1564,7.8414,15.7613,7.4129,3
2458291.696237,9.3959,33.8481,11.1564,7.8414,15.7613,7.4129,3
2458291.727467,-6.6353,45.9441,11.1564,7.8414,15.7613,7.4129,3
2458291.762097,6.6286,36.9843,11.1564,7.8414,15.7613,7.4129,3
2458291.779177,7.0735,25.9089,11.1564,7.8414,15.7613,7.4129,3
2458291.795967,5.6511,37.6493,11.1564,7.8414,15.7613,7.4129,3
2458291.815147,1.4762,32.0245,11.1564,7.8414,15.7613,7.4129,3
2458292.526127,15.6391,39.8452,11.1564,7.8414,15.7613,7.4129,3
2458292.542797,9.9390,46.5457,11.1564,7.8414,15.7613,7.4129,3
2458292.587637,21.6797,46.2077,11.1564,7.8414,15.7613,7.4129,3
2458292.643147,8.8896,43.5815,11.1564,7.8414,15.7613,7.4129,3
2458292.660137,9.9516,33.3917,11.1564,7.8414,15.7613,7.4129,3
2458292.688157,-0.4511,30.6884,11.1564,7.8414,15.7613,7.4129,3
2458292.708757,2.7401,32.9927,11.1564,7.8414,15.7613,7.4129,3
2458292.728297,10.0104,30.3999,11.1564,7.8414,15.7613,7.4129,3
2458292.766017,6.5238,46.2590,11.1564,7.8414,15.7613,7.4129,3
2458292.821937,15.1799,39.9441,11.1564,7.8414,15.7613,7.4129,3
2458292.839697,8.0792,28.7527,11.1564,7.8414,15.7613,7.4129,3
2458293.709057,2.1128,39.9853,11.1564,7.8414,15.7613,7.4129,3
2458293.736517,-3.7691,32.3290,11.1564,7.8414,15.7613,7.4129,3
2458294.675257,19.0116,39.6162,11.1564,7.8414,15.7613,7.4129,3
2458294.760567,11.5702,38.0662,11.1564,7.8414,15.7613,7.4129,3
2458294.777677,17.8580,36.6950,11.1564,7.8414,15.7613,7.4129,3
2458294.795137,19.3111,38.0312,11.1564,7.8414,15.7613,7.4129,3
2458295.558267,2.9573,45.9539,11.1564,7.8414,15.7613,7.4129,3
2458295.579037,2.8858,29.1408,11.1564,7.8414,15.7613,7.4129,3
2458295.643047,14.7270,46.8875,11.1564,7.8414,15.7613,7.4129,3
2458295.724757,13.1774,38.5075,11.1564,7.8414,15.7613,7.4129,3
2458295.741697,13.5361,39.6062,11.1564,7.8414,15.7613,7.4129,3
2458295.759387,10.1101,21.1951,11.1564,7.8414,15.7613,7.4129,3
2458295.778107,6.3981,40.6455,11.1564,7.8414,15.7613,7.4129,3
2458295.819657,7.4895,39.7704,11.1564,7.8414,15.7613,7.4129,3
2458295.843987,-1.8635,29.1241,11.1564,7.8414,15.7613,7.4129,3
2458298.690627,12.6624,47.4498,11.1564,7.8414,15.7613,7.4129,3
2458298.724867,17.9816,45.8907,11.1564,7.8414,15.7613,7.4129,3
2458298.761927,5.3944,30.6535,11.1564,7.8414,15.7613,7.4129,3
2458305.549267,12.6237,27.1683,11.1564,7.8414,15.7613,7.4129,3
2458305.653897,21.7733,24.9849,11.1564,7.8414,15.7613,7.4129,3
2458305.701357,0.9209,42.1688,11.1564,7.8414,15.7613,7.4129,3
2458306.551367,15.9291,43.0655,11.1564,7.8414,15.7613,7.4129,3
2458306.666827,19.1987,33.3761,11.1564,7.8414,15.7613,7.4129,3
2458306.747067,16.8679,35.1094,11.1564,7.8414,15.7613,7.4129,3
2458306.798207,1.8586,36.1544,11.1564,7.8414,15.7613,7.4129,3
2458307.513817,22.0110,34.5424,11.1564,7.8414,15.7613,7.4129,3
2458307.548317,4.8943,27.8655,11.1564,7.8414,15.7613,7.4129,3
2458307.565517,2.9362,27.5206,11.1564,7.8414,15.7613,7.4129,3
2458307.592897,-5.3473,22.1644,11.1564,7.8414,15.7613,7.4129,3
2458307.628007,1.2574,23.1754,11.1564,7.8414,15.7613,7.4129,3
2458307.646517,6.5782,31.4114,11.1564,7.8414,15.7613,7.4129,3
2458307.663427,-2.2740,31.4480,11.1564,7.8414,15.7613,7.4129,3
2458307.691117,7.4768,37.7923,11.1564,7.8414,15.7613,7.4129,3
2458307.707847,-3.1866,16.5837,11.1564,7.8414,15.7613,7.4129,3
2458307.725187,-1.6035,36.0761,11.1564,7.8414,15.7613,7.4129,3
2458307.742337,6.2406,20.0752,11.1564,7.8414,15.7613,7.4129,3
2458307.777417,8.3342,17.1708,11.1564,7.8414,15.7613,7.4129,3
2458308.479597,13.3716,37.2747,11.1564,7.8414,15.7613,7.4129,3
2458308.511757,-5.6445,24.4275,11.1564,7.8414,15.7613,7.4129,3
2458308.528597,13.0372,20.3489,11.1564,7.8414,15.7613,7.4129,3
2458308.544967,7.1874,21.9093,11.1564,7.8414,15.7613,7.4129,3
2458308.562587,19.6693,27.8084,11.1564,7.8414,15.7613,7.4129,3
2458308.590757,12.8589,30.5039,11.1564,7.8414,15.7613,7.4129,3
2458308.631157,11.7974,25.2010,11.1564,7.8414,15.7613,7.4129,3
2458308.665197,-7.9989,29.4390,11.1564,7.8414,15.7613,7.4129,3
2458308.727577,7.9312,38.6471,11.1564,7.8414,15.7613,7.4129,3
2458308.761377,-0.9695,46.4134,11.1564,7.8414,15.7613,7.4129,3
2458309.485467,19.7830,34.1060,11.1564,7.8414,15.7613,7.4129,3
2458309.507267,7.6338,31.1708,11.1564,7.8414,15.7613,7.4129,3
2458309.524167,7.8903,43.0502,11.1564,7.8414,15.7613,7.4129,3
2458309.572737,-0.4237,32.3831,11.1564,7.8414,15.7613,7.4129,3
2458309.591377,-5.2306,22.1864,11.1564,7.8414,15.7613,7.4129,3
2458309.611477,-0.2657,33.1981,11.1564,7.8414,15.7613,7.4129,3
2458309.678317,-10.0332,17.3295,11.1564,7.8414,15.7613,7.4129,3
2458309.696557,-1.0202,36.7656,11.1564,7.8414,15.7613,7.4129,3
2458309.730197,1.6271,42.4277,11.1564,7.8414,15.7613,7.4129,3
2458309.747097,-8.6959,21.2561,11.1564,7.8414,15.7613,7.4129,3
2458309.779897,9.4750,30.0037,11.1564,7.8414,15.7613,7.4129,3
2458309.796887,5.1401,25.1660,11.1564,7.8414,15.7613,7.4129,3
2458310.475537,10.4929,24.8278,11.1564,7.8414,15.7613,7.4129,3
2458310.493767,11.7630,27.2632,11.1564,7.8414,15.7613,7.4129,3
2458310.511417,1.9897,37.6837,11.1564,7.8414,15.7613,7.4129,3
2458310.539587,1.7043,26.6373,11.1564,7.8414,15.7613,7.4129,3
2458310.567717,9.3803,22.5018,11.1564,7.8414,15.7613,7.4129,3
2458310.585207,11.0470,29.2582,11.1564,7.8414,15.7613,7.4129,3
2458310.638447,12.8873,30.9368,11.1564,7.8414,15.7613,7.4129,3
2458310.683297,-3.2782,20.7381,11.1564,7.8414,15.7613,7.4129,3
2458310.699907,-0.5339,23.5562,11.1564,7.8414,15.7613,7.4129,3
2458310.716607,-4.4445,25.5196,11.1564,7.8414,15.7613,7.4129,3
2458310.807087,9.0077,32.7053,11.1564,7.8414,15.7613,7.4129,3
2458311.532037,10.9401,39.0949,11.1564,7.8414,15.7613,7.4129,3
2458311.567667,5.4810,22.0969,11.1564,7.8414,15.7613,7.4129,3
2458311.601267,11.2274,37.3273,11.1564,7.8414,15.7613,7.4129,3
2458311.657377,-8.0394,35.3339,11.1564,7.8414,15.7613,7.4129,3
2458311.691167,0.5813,29.2743,11.1564,7.8414,15.7613,7.4129,3
2458311.708007,-9.6399,44.6284,11.1564,7.8414,15.7613,7.4129,3
2458311.786467,2.7429,24.4769,11.1564,7.8414,15.7613,7.4129,3
2458312.528637,-0.8080,44.4063,11.1564,7.8414,15.7613,7.4129,3
2458312.617707,2.6740,36.0549,11.1564,7.8414,15.7613,7.4129,3
2458312.651537,-13.2879,25.4641,11.1564,7.8414,15.7613,7.4129,3
2458312.668367,-5.9621,40.1679,11.1564,7.8414,15.7613,7.4129,3
2458312.729627,-0.1838,23.1086,11.1564,7.8414,15.7613,7.4129,3
2458313.492217,17.9570,36.0788,11.1564,7.8414,15.7613,7.4129,3
2458313.509327,13.7695,40.7165,11.1564,7.8414,15.7613,7.4129,3
2458313.526497,9.5736,38.0300,11.1564,7.8414,15.7613,7.4129,3
2458313.590277,2.2651,22.7289,11.1564,7.8414,15.7613,7.4129,3
2458313.607427,-3.5202,32.1227,11.1564,7.8414,15.7613,7.4129,3
2458313.629007,0.9612,40.5910,11.1564,7.8414,15.7613,7.4129,3
2458313.646267,-4.3575,40.1594,11.1564,7.8414,15.7613,7.4129,3
2458313.707687,8.5642,32.0424,11.1564,7.8414,15.7613,7.4129,3
2458313.724807,3.2797,28.1519,11.1564,7.8414,15.7613,7.4129,3
2458313.741827,-6.5750,22.4183,11.1564,7.8414,15.7613,7.4129,3
2458314.469987,2.7876,29.5599,11.1564,7.8414,15.7613,7.4129,3
2458314.489007,15.3701,39.3634,11.1564,7.8414,15.7613,7.4129,3
2458314.523277,12.4528,27.2664,11.1564,7.8414,15.7613,7.4129,3
2458314.542577,2.5025,31.3312,11.1564,7.8414,15.7613,7.4129,3
2458314.571047,10.9013,42.1368,11.1564,7.8414,15.7613,7.4129,3
2458314.587937,4.1277,31.7505,11.1564,7.8414,15.7613,7.4129,3
2458314.604737,3.3134,34.3639,11.1564,7.8414,15.7613,7.4129,3
2458314.621637,-3.7652,27.1569,11.1564,7.8414,15.7613,7.4129,3
2458314.667437,8.6070,26.0315,11.1564,7.8414,15.7613,7.4129,3
2458314.740027,-4.1858,20.3096,11.1564,7.8414,15.7613,7.4129,3
2458315.463087,-0.7387,31.3815,11.1564,7.8414,15.7613,7.4129,3
2458315.497317,12.2409,23.0818,11.1564,7.8414,15.7613,7.4129,3
2458315.521257,1.9222,23.4610,11.1564,7.8414,15.7613,7.4129,3
2458316.524947,11.3705,23.8418,11.1564,7.8414,15.7613,7.4129,3
2458316.541807,-1.0335,33.2664,11.1564,7.8414,15.7613,7.4129,3
2458316.613447,20.6037,36.4629,11.1564,7.8414,15.7613,7.4129,3
2458316.698737,10.4768,29.0892,11.1564,7.8414,15.7613,7.4129,3
2458316.715977,14.6929,28.1429,11.1564,7.8414,15.7613,7.4129,3
2458316.772057,-0.6270,26.3240,11.1564,7.8414,15.7613,7.4129,3
2458320.469067,-2.2772,28.7461,11.1564,7.8414,15.7613,7.4129,3
2458320.502497,15.2329,18.6369,11.1564,7.8414,15.7613,7.4129,3
2458320.530207,-0.6183,24.0349,11.1564,7.8414,15.7613,7.4129,3
2458320.547267,0.6258,30.4313,11.1564,7.8414,15.7613,7.4129,3
2458320.564657,6.5034,32.0589,11.1564,7.8414,15.7613,7.4129,3
2458320.600337,-9.6012,30.4263,11.1564,7.8414,15.7613,7.4129,3
2458320.628287,2.5620,31.1766,11.1564,7.8414,15.7613,7.4129,3
2458320.664117,-2.4439,31.6407,11.1564,7.8414,15.7613,7.4129,3
2458320.698397,-1.2567,23.6258,11.1564,7.8414,15.7613,7.4129,3
2458320.742437,-3.9979,28.4425,11.1564,7.8414,15.7613,7.4129,3
2458321.458267,20.0899,29.3178,11.1564,7.8414,15.7613,7.4129,3
2458321.475447,11.2374,35.1674,11.1564,7.8414,15.7613,7.4129,3
2458322.524477,8.8567,42.4438,11.1564,7.8414,15.7613,7.4129,3
2458322.542867,16.1985,34.8747,11.1564,7.8414,15.7613,7.4129,3
2458323.536937,14.7787,45.1833,11.1564,7.8414,15.7613,7.4129,3
2458323.566617,15.0232,46.2890,11.1564,7.8414,15.7613,7.4129,3
2458323.585337,18.8481,43.2381,11.1564,7.8414,15.7613,7.4129,3
2458323.602457,9.3203,34.6545,11.1564,7.8414,15.7613,7.4129,3
2458327.717837,4.5074,32.7856,11.1564,7.8414,15.7613,7.4129,3
2458328.554217,18.9371,33.5793,11.1564,7.8414,15.7613,7.4129,3
2458328.570927,9.9810,44.4214,11.1564,7.8414,15.7613,7.4129,3
2458328.609427,2.2943,41.1635,11.1564,7.8414,15.7613,7.4129,3
2458328.628967,2.9743,38.8799,11.1564,7.8414,15.7613,7.4129,3
2458328.695357,7.3411,29.2712,11.1564,7.8414,15.7613,7.4129,3
2458328.712687,-2.0959,46.3880,11.1564,7.8414,15.7613,7.4129,3
2458329.495117,13.0618,29.3596,11.1564,7.8414,15.7613,7.4129,3
2458329.512097,2.5199,34.1915,11.1564,7.8414,15.7613,7.4129,3
2458329.545857,14.0475,41.3402,11.1564,7.8414,15.7613,7.4129,3
2458329.562177,17.2827,28.1506,11.1564,7.8414,15.7613,7.4129,3
2458329.590137,7.5686,37.1681,11.1564,7.8414,15.7613,7.4129,3
2458329.606847,-1.5997,31.7114,11.1564,7.8414,15.7613,7.4129,3
2458329.641217,-3.2203,27.6157,11.1564,7.8414,15.7613,7.4129,3
2458329.664307,6.7426,34.6282,11.1564,7.8414,15.7613,7.4129,3
2458329.715137,-2.1644,18.6681,11.1564,7.8414,15.7613,7.4129,3
2458329.732307,9.6646,39.2888,11.1564,7.8414,15.7613,7.4129,3
2458329.749257,4.2797,27.1653,11.1564,7.8414,15.7613,7.4129,3
2458330.493537,13.4700,26.6387,11.1564,7.8414,15.7613,7.4129,3
2458330.511627,9.2178,22.4354,11.1564,7.8414,15.7613,7.4129,3
2458330.540107,10.2843,29.0835,11.1564,7.8414,15.7613,7.4129,3
2458330.557327,10.2398,32.8765,11.1564,7.8414,15.7613,7.4129,3
2458330.695217,18.1643,41.6601,11.1564,7.8414,15.7613,7.4129,3
2458331.488257,4.5112,20.5478,11.1564,7.8414,15.7613,7.4129,3
2458331.505097,4.6128,36.0588,11.1564,7.8414,15.7613,7.4129,3
2458331.521957,-1.8054,35.2838,11.1564,7.8414,15.7613,7.4129,3
2458331.549887,3.7897,21.7273,11.1564,7.8414,15.7613,7.4129,3
2458331.566757,14.5267,30.4302,11.1564,7.8414,15.7613,7.4129,3
2458331.619567,5.1549,20.1532,11.1564,7.8414,15.7613,7.4129,3
2458331.665297,8.1344,26.2435,11.1564,7.8414,15.7613,7.4129,3
2458331.716147,-5.9632,24.7949,11.1564,7.8414,15.7613,7.4129,3
2458331.733397,9.1445,37.3961,11.1564,7.8414,15.7613,7.4129,3
2458332.490647,3.9382,21.8985,11.1564,7.8414,15.7613,7.4129,3
2458332.524547,7.9705,33.1613,11.1564,7.8414,15.7613,7.4129,3
2458332.542087,-12.0819,31.9025,11.1564,7.8414,15.7613,7.4129,3
2458332.587277,2.9288,27.6638,11.1564,7.8414,15.7613,7.4129,3
2458332.604257,-7.9131,35.7192,11.1564,7.8414,15.7613,7.4129,3
2458332.638647,0.8160,29.4612,11.1564,7.8414,15.7613,7.4129,3
2458332.684397,8.7250,32.7601,11.1564,7.8414,15.7613,7.4129,3
2458332.719957,9.8297,41.4712,11.1564,7.8414,15.7613,7.4129,3
2458332.739287,11.2899,33.2821,11.1564,7.8414,15.7613,7.4129,3
2458333.478797,10.0638,30.0465,11.1564,7.8414,15.7613,7.4129,3
2458333.495617,6.1580,20.7879,11.1564,7.8414,15.7613,7.4129,3
2458334.470887,5.4695,21.4009,11.1564,7.8414,15.7613,7.4129,3
2458334.487777,11.2076,23.0110,11.1564,7.8414,15.7613,7.4129,3
2458334.520287,-4.2163,33.7680,11.1564,7.8414,15.7613,7.4129,3
2458334.548617,13.8329,37.5717,11.1564,7.8414,15.7613,7.4129,3
2458334.646367,-11.0959,25.2194,11.1564,7.8414,15.7613,7.4129,3
2458334.663617,6.7626,32.0395,11.1564,7.8414,15.7613,7.4129,3
2458334.680647,-5.6408,19.3113,11.1564,7.8414,15.7613,7.4129,3
2458334.715087,0.0348,40.7538,11.1564,7.8414,15.7613,7.4129,3
2458335.489697,13.0419,32.1541,11.1564,7.8414,15.7613,7.4129,3
2458335.499957,8.3689,46.8861,11.1564,7.8414,15.7613,7.4129,3
2458335.521507,15.1797,43.5770,11.1564,7.8414,15.7613,7.4129,3
2458335.538637,7.7489,34.0136,11.1564,7.8414,15.7613,7.4129,3
2458335.555747,2.4736,28.6648,11.1564,7.8414,15.7613,7.4129,3
2458335.573007,15.6302,29.0913,11.1564,7.8414,15.7613,7.4129,3
2458335.600297,-3.6755,32.7523,11.1564,7.8414,15.7613,7.4129,3
2458335.617357,0.8778,18.9232,11.1564,7.8414,15.7613,7.4129,3
2458335.634537,-0.7575,38.9824,11.1564,7.8414,15.7613,7.4129,3
2458335.669027,5.0835,20.4335,11.1564,7.8414,15.7613,7.4129,3
2458335.697267,-2.0641,17.7518,11.1564,7.8414,15.7613,7.4129,3
2458335.730757,-8.8596,43.4349,11.1564,7.8414,15.7613,7.4129,3
2458336.537437,1.2915,32.5215,11.1564,7.8414,15.7613,7.4129,3
2458336.564677,10.1336,34.3634,11.1564,7.8414,15.7613,7.4129,3
2458336.599557,-8.2529,24.6129,11.1564,7.8414,15.7613,7.4129,3
2458336.661187,-0.6933,44.6392,11.1564,7.8414,15.7613,7.4129,3
2458336.715437,-6.9137,28.7637,11.1564,7.8414,15.7613,7.4129,3
2458336.732537,4.2995,31.8897,11.1564,7.8414,15.7613,7.4129,3
2458338.564357,-0.3081,41.1456,11.1564,7.8414,15.7613,7.4129,3
2458339.473997,14.3254,25.3810,11.1564,7.8414,15.7613,7.4129,3
2458339.511947,15.5690,40.9337,11.1564,7.8414,15.7613,7.4129,3
2458339.516827,3.7041,29.1103,11.1564,7.8414,15.7613,7.4129,3
2458339.533997,-2.0672,23.1175,11.1564,7.8414,15.7613,7.4129,3
2458339.578487,-11.2815,35.0067,11.1564,7.8414,15.7613,7.4129,3
2458339.602127,0.0747,32.6340,11.1564,7.8414,15.7613,7.4129,3
2458339.624167,0.8529,28.9976,11.1564,7.8414,15.7613,7.4129,3
2458339.691627,4.3049,23.0157,11.1564,7.8414,15.7613,7.4129,3
2458340.480287,-3.4655,27.2088,11.1564,7.8414,15.7613,7.4129,3
2458340.524577,8.1547,23.7636,11.1564,7.8414,15.7613,7.4129,3
2458340.579747,-1.0319,31.5484,11.1564,7.8414,15.7613,7.4129,3
2458340.725437,-2.3543,44.7313,11.1564,7.8414,15.7613,7.4129,3
2458341.466367,13.0404,37.0406,11.1564,7.8414,15.7613,7.4129,3
2458341.500827,-0.1525,38.7637,11.1564,7.8414,15.7613,7.4129,3
2458341.615797,-1.0718,22.6163,11.1564,7.8414,15.7613,7.4129,3
2458341.632697,-6.5699,22.3964,11.1564,7.8414,15.7613,7.4129,3
2458341.679047,-10.8382,35.9497,11.1564,7.8414,15.7613,7.4129,3
2458342.468257,7.4223,33.8690,11.1564,7.8414,15.7613,7.4129,3
2458342.485377,7.9031,22.0730,11.1564,7.8414,15.7613,7.4129,3
2458342.502597,9.3918,46.7385,11.1564,7.8414,15.7613,7.4129,3
2458342.532957,-8.7472,22.1935,11.1564,7.8414,15.7613,7.4129,3
2458342.549837,-4.9848,26.0051,11.1564,7.8414,15.7613,7.4129,3
2458342.606037,11.8145,36.3797,11.1564,7.8414,15.7613,7.4129,3
2458342.685757,0.0452,36.0217,11.1564,7.8414,15.7613,7.4129,3
2458342.702387,-3.2389,30.3212,11.1564,7.8414,15.7613,7.4129,3
2458343.531767,15.2398,41.6981,11.1564,7.8414,15.7613,7.4129,3
2458343.549017,4.6772,33.4005,11.1564,7.8414,15.7613,7.4129,3
2458343.605047,13.6588,32.8029,11.1564,7.8414,15.7613,7.4129,3
2458343.632407,5.9878,39.4903,11.1564,7.8414,15.7613,7.4129,3
2458344.474257,10.7113,35.3687,11.1564,7.8414,15.7613,7.4129,3
2458344.491637,5.6352,30.4782,11.1564,7.8414,15.7613,7.4129,3
2458344.514347,2.0057,23.3567,11.1564,7.8414,15.7613,7.4129,3
2458344.712977,1.4492,22.1593,11.1564,7.8414,15.7613,7.4129,3
2458345.482407,11.3712,29.2816,11.1564,7.8414,15.7613,7.4129,3
2458345.498927,-4.9205,27.5647,11.1564,7.8414,15.7613,7.4129,3
2458345.515167,12.1127,20.2763,11.1564,7.8414,15.7613,7.4129,3
2458345.536367,0.9454,35.3240,11.1564,7.8414,15.7613,7.4129,3
2458345.568147,4.4191,32.1920,11.1564,7.8414,15.7613,7.4129,3
2458345.604527,-10.6696,26.4679,11.1564,7.8414,15.7613,7.4129,3
2458345.625757,2.6294,32.5236,11.1564,7.8414,15.7613,7.4129,3
2458346.535157,-8.1699,22.6305,11.1564,7.8414,15.7613,7.4129,3
2458346.566487,4.7078,21.0809,11.1564,7.8414,15.7613,7.4129,3
2458346.663367,-3.3648,19.2304,11.1564,7.8414,15.7613,7.4129,3
2458347.474067,5.9023,35.8396,11.1564,7.8414,15.7613,7.4129,3
2458347.494497,-0.0468,29.7846,11.1564,7.8414,15.7613,7.4129,3
2458347.622007,3.0741,32.4990,11.1564,7.8414,15.7613,7.4129,3
2458347.642507,7.7717,30.6225,11.1564,7.8414,15.7613,7.4129,3
2458347.676647,-1.4430,30.3090,11.1564,7.8414,15.7613,7.4129,3
2458347.695837,5.3994,29.4088,11.1564,7.8414,15.7613,7.4129,3
2458349.492667,-2.6264,32.5444,11.1564,7.8414,15.7613,7.4129,3
2458349.571817,15.6240,40.1150,11.1564,7.8414,15.7613,7.4129,3
2458349.695947,-2.8926,23.8431,11.1564,7.8414,15.7613,7.4129,3
2458350.475797,8.7078,44.1747,11.1564,7.8414,15.7613,7.4129,3
2458350.493437,14.2290,38.3584,11.1564,7.8414,15.7613,7.4129,3
2458350.538897,8.5276,38.7079,11.1564,7.8414,15.7613,7.4129,3
2458350.573717,13.3054,33.5036,11.1564,7.8414,15.7613,7.4129,3
2458350.590547,15.5252,46.6483,11.1564,7.8414,15.7613,7.4129,3
2458350.608677,2.3006,34.9502,11.1564,7.8414,15.7613,7.4129,3
2458350.636927,2.8725,34.2284,11.1564,7.8414,15.7613,7.4129,3
2458350.653707,0.9938,39.8898,11.1564,7.8414,15.7613,7.4129,3
2458350.670567,-6.6935,18.2756,11.1564,7.8414,15.7613,7.4129,3
2458350.687287,2.2306,16.9911,11.1564,7.8414,15.7613,7.4129,3
2458352.537017,14.3494,36.7717,11.1564,7.8414,15.7613,7.4129,3
2458352.570847,-3.5115,42.7748,11.1564,7.8414,15.7613,7.4129,3
2458354.561537,-7.0035,26.9153,11.1564,7.8414,15.7613,7.4129,3
2458355.498427,1.2383,36.7629,11.1564,7.8414,15.7613,7.4129,3
2458355.532977,-5.4013,36.1240,11.1564,7.8414,15.7613,7.4129,3
2458355.551137,6.3281,43.4349,11.1564,7.8414,15.7613,7.4129,3
2458355.567997,1.6386,41.5181,11.1564,7.8414,15.7613,7.4129,3
2458355.631607,2.1147,41.9672,11.1564,7.8414,15.7613,7.4129,3
2458355.648407,9.9772,38.2746,11.1564,7.8414,15.7613,7.4129,3
2458356.506707,6.0303,36.3283,11.1564,7.8414,15.7613,7.4129,3
2458356.523717,-7.3004,29.6050,11.1564,7.8414,15.7613,7.4129,3
2458356.541207,-7.2168,25.7041,11.1564,7.8414,15.7613,7.4129,3
2458356.558487,-1.0050,33.0516,11.1564,7.8414,15.7613,7.4129,3
2458356.575707,-0.9276,37.4471,11.1564,7.8414,15.7613,7.4129,3
2458356.603247,-2.2555,24.5374,11.1564,7.8414,15.7613,7.4129,3
2458356.654117,4.1219,36.0349,11.1564,7.8414,15.7613,7.4129,3
2458357.506507,-2.4625,32.0000,11.1564,7.8414,15.7613,7.4129,3
2458357.534247,5.3611,36.3272,11.1564,7.8414,15.7613,7.4129,3
2458357.555667,-0.9526,36.9755,11.1564,7.8414,15.7613,7.4129,3
2458357.590257,2.2091,21.2437,11.1564,7.8414,15.7613,7.4129,3
2458357.609137,1.1468,40.3533,11.1564,7.8414,15.7613,7.4129,3
2458357.653937,-5.2537,34.0765,11.1564,7.8414,15.7613,7.4129,3
2458358.472117,15.1851,39.1791,11.1564,7.8414,15.7613,7.4129,3
2458358.573797,3.7074,29.4334,11.1564,7.8414,15.7613,7.4129,3
2458358.655527,-1.8321,28.9611,11.1564,7.8414,15.7613,7.4129,3
2458358.662707,-2.1651,26.5697,11.1564,7.8414,15.7613,7.4129,3
2458359.468847,9.7171,36.7403,11.1564,7.8414,15.7613,7.4129,3
2458359.485977,1.9213,34.2373,11.1564,7.8414,15.7613,7.4129,3
2458359.575587,-1.6135,24.4592,11.1564,7.8414,15.7613,7.4129,3
2458359.609907,1.4168,34.2906,11.1564,7.8414,15.7613,7.4129,3
2458360.505797,0.7565,30.5350,11.1564,7.8414,15.7613,7.4129,3
2458360.524067,-11.1811,30.8060,11.1564,7.8414,15.7613,7.4129,3
2458360.577547,2.2090,37.8119,11.1564,7.8414,15.7613,7.4129,3
2458360.596507,-7.9799,22.0063,11.1564,7.8414,15.7613,7.4129,3
2458360.631067,0.6675,40.4290,11.1564,7.8414,15.7613,7.4129,3
2458360.648477,0.3194,36.2213,11.1564,7.8414,15.7613,7.4129,3
2458363.567097,14.8717,37.0821,11.1564,7.8414,15.7613,7.4129,3
2458363.594747,-7.2526,34.5098,11.1564,7.8414,15.7613,7.4129,3
2458363.611507,-1.9270,26.4744,11.1564,7.8414,15.7613,7.4129,3
2458363.630007,-10.5194,25.9178,11.1564,7.8414,15.7613,7.4129,3
2458363.646597,-2.3948,19.3449,11.1564,7.8414,15.7613,7.4129,3
2458364.501127,2.1180,19.8601,11.1564,7.8414,15.7613,7.4129,3
2458364.518857,-8.2919,33.8083,11.1564,7.8414,15.7613,7.4129,3
2458364.535857,-14.8189,18.9570,11.1564,7.8414,15.7613,7.4129,3
2458365.495867,-0.1398,42.7945,11.1564,7.8414,15.7613,7.4129,3
2458365.558907,8.6908,26.6256,11.1564,7.8414,15.7613,7.4129,3
2458366.621747,-2.2147,25.4376,11.1564,7.8414,15.7613,7.4129,3
2458366.648237,-11.8642,40.8093,11.1564,7.8414,15.7613,7.4129,3
2458367.515297,-6.8612,36.2071,11.1564,7.8414,15.7613,7.4129,3
2458367.532747,1.4109,30.5259,11.1564,7.8414,15.7613,7.4129,3
2458367.566257,-1.6675,34.8421,11.1564,7.8414,15.7613,7.4129,3
2458367.583357,-12.9531,36.0929,11.1564,7.8414,15.7613,7.4129,3
2458368.547487,-7.4105,31.7491,11.1564,7.8414,15.7613,7.4129,3
2458368.592557,6.0791,24.3298,11.1564,7.8414,15.7613,7.4129,3
2458369.489557,11.5804,36.1346,11.1564,7.8414,15.7613,7.4129,3
2458369.516937,6.6364,26.2482,11.1564,7.8414,15.7613,7.4129,3
2458369.551087,-4.3832,24.1687,11.1564,7.8414,15.7613,7.4129,3
2458369.584977,-1.5224,26.3593,11.1564,7.8414,15.7613,7.4129,3
2458369.637767,-5.6852,32.5828,11.1564,7.8414,15.7613,7.4129,3
2458370.489537,0.0119,32.8799,11.1564,7.8414,15.7613,7.4129,3
2458370.523527,0.9282,21.2970,11.1564,7.8414,15.7613,7.4129,3
2458370.540557,-8.0803,26.5430,11.1564,7.8414,15.7613,7.4129,3
2458370.585537,6.6438,26.3805,11.1564,7.8414,15.7613,7.4129,3
2458370.603117,6.5036,21.0728,11.1564,7.8414,15.7613,7.4129,3
2458370.619887,1.8799,22.8740,11.1564,7.8414,15.7613,7.4129,3
2458371.548257,2.3688,30.4756,11.1564,7.8414,15.7613,7.4129,3
2458371.584577,-6.6567,35.6956,11.1564,7.8414,15.7613,7.4129,3
2458372.545167,3.3800,31.7145,11.1564,7.8414,15.7613,7.4129,3
2458372.573277,0.9170,29.9749,11.1564,7.8414,15.7613,7.4129,3
2458373.602007,-3.0033,23.1376,11.1564,7.8414,15.7613,7.4129,3
2458373.628907,3.5709,18.6236,11.1564,7.8414,15.7613,7.4129,3
2458375.489877,-3.8868,21.7160,11.1564,7.8414,15.7613,7.4129,3
2458375.506987,-15.4975,22.8190,11.1564,7.8414,15.7613,7.4129,3
2458375.524407,1.5491,36.5592,11.1564,7.8414,15.7613,7.4129,3
2458375.569237,-1.3272,40.7513,11.1564,7.8414,15.7613,7.4129,3
2458375.613007,12.8593,28.7169,11.1564,7.8414,15.7613,7.4129,3
2458375.627577,8.1059,34.8259,11.1564,7.8414,15.7613,7.4129,3
2458376.482797,-8.7559,43.9693,11.1564,7.8414,15.7613,7.4129,3
2458376.557627,-0.9572,32.3499,11.1564,7.8414,15.7613,7.4129,3
2458376.608747,-6.7863,25.2537,11.1564,7.8414,15.7613,7.4129,3
2458377.543037,10.0860,23.6647,11.1564,7.8414,15.7613,7.4129,3
2458377.576987,11.5904,24.4222,11.1564,7.8414,15.7613,7.4129,3
2458377.593927,-4.8109,19.7345,11.1564,7.8414,15.7613,7.4129,3
2458378.508387,-6.4195,42.9335,11.1564,7.8414,15.7613,7.4129,3
2458378.525787,-6.8148,41.9119,11.1564,7.8414,15.7613,7.4129,3
2458378.543007,-1.4942,28.1377,11.1564,7.8414,15.7613,7.4129,3
2458378.559547,-3.5250,38.2915,11.1564,7.8414,15.7613,7.4129,3
2458378.581127,-9.3444,33.6952,11.1564,7.8414,15.7613,7.4129,3
2458378.620117,-4.5750,46.2196,11.1564,7.8414,15.7613,7.4129,3
2458379.542117,-0.5629,38.2441,11.1564,7.8414,15.7613,7.4129,3
2458380.575577,-2.3059,32.7623,11.1564,7.8414,15.7613,7.4129,3
2458382.489417,7.2455,16.7047,11.1564,7.8414,15.7613,7.4129,3
2458382.541527,-9.8896,25.5595,11.1564,7.8414,15.7613,7.4129,3
2458382.574287,-0.6057,17.1265,11.1564,7.8414,15.7613,7.4129,3
2458382.591187,5.0769,42.3278,11.1564,7.8414,15.7613,7.4129,3
2458382.608427,3.5744,33.7766,11.1564,7.8414,15.7613,7.4129,3
2458383.477697,12.3611,37.8453,11.1564,7.8414,15.7613,7.4129,3
2458383.496297,-3.0961,21.1157,11.1564,7.8414,15.7613,7.4129,3
2458383.513537,11.8539,31.8479,11.1564,7.8414,15.7613,7.4129,3
2458383.541267,4.5768,22.7846,11.1564,7.8414,15.7613,7.4129,3
2458383.581587,2.4476,36.0984,11.1564,7.8414,15.7613,7.4129,3
2458384.493467,3.4602,40.2037,11.1564,7.8414,15.7613,7.4129,3
2458384.511157,7.4695,35.0542,11.1564,7.8414,15.7613,7.4129,3
2458384.539087,-0.2080,32.5022,11.1564,7.8414,15.7613,7.4129,3
2458384.574997,8.7122,34.5982,11.1564,7.8414,15.7613,7.4129,3
2458384.596547,-4.5619,39.0353,11.1564,7.8414,15.7613,7.4129,3
2458385.490867,-4.8952,32.5104,11.1564,7.8414,15.7613,7.4129,3
2458385.523707,-5.6610,35.1149,11.1564,7.8414,15.7613,7.4129,3
2458385.558487,1.2347,34.3162,11.1564,7.8414,15.7613,7.4129,3
2458385.575967,7.5740,39.7839,11.1564,7.8414,15.7613,7.4129,3
2458386.499677,-0.8600,35.3493,11.1564,7.8414,15.7613,7.4129,3
2458386.534207,-9.3248,21.5582,11.1564,7.8414,15.7613,7.4129,3
2458386.575937,-13.0468,39.0044,11.1564,7.8414,15.7613,7.4129,3
2458387.490977,6.1414,31.2403,11.1564,7.8414,15.7613,7.4129,3
2458390.514577,-1.6212,25.0161,11.1564,7.8414,15.7613,7.4129,3
2458390.567687,11.1251,39.9671,11.1564,7.8414,15.7613,7.4129,3
2458390.576397,4.4818,24.2204,11.1564,7.8414,15.7613,7.4129,3
2458394.483377,-11.1199,23.8150,11.1564,7.8414,15.7613,7.4129,3
2458394.501547,-4.6261,33.6698,11.1564,7.8414,15.7613,7.4129,3
2458395.533657,16.3977,23.5663,11.1564,7.8414,15.7613,7.4129,3
2458395.550757,7.9480,24.6496,11.1564,7.8414,15.7613,7.4129,3
2458396.549607,14.7936,49.2776,11.1564,7.8414,15.7613,7.4129,3
2458397.525547,1.2063,34.7877,11.1564,7.8414,15.7613,7.4129,3
2458397.554127,8.3677,38.0545,11.1564,7.8414,15.7613,7.4129,3
2458406.505647,4.8670,30.1152,11.1564,7.8414,15.7613,7.4129,3
2458406.522727,-13.8497,52.4243,11.1564,7.8414,15.7613,7.4129,3
2458407.489307,11.7674,43.8675,11.1564,7.8414,15.7613,7.4129,3
2458408.507197,-5.1020,42.8070,11.1564,7.8414,15.7613,7.4129,3
2458409.514957,9.5892,39.8093,11.1564,7.8414,15.7613,7.4129,3
2458410.501187,8.2721,40.4365,11.1564,7.8414,15.7613,7.4129,3
2458411.507187,-2.9104,50.7111,11.1564,7.8414,15.7613,7.4129,3
2458412.498527,-0.5931,21.1745,11.1564,7.8414,15.7613,7.4129,3
2458533.872867,6.7450,24.6630,11.1564,7.8414,10.9073,8.2827,4
2458534.871137,7.0519,22.2995,11.1564,7.8414,10.9073,8.2827,4
2458535.884707,-2.5470,27.1357,11.1564,7.8414,10.9073,8.2827,4
2458536.862957,9.2091,32.7393,11.1564,7.8414,10.9073,8.2827,4
2458536.896637,9.4263,26.7115,11.1564,7.8414,10.9073,8.2827,4
2458537.868707,8.8921,34.8136,11.1564,7.8414,10.9073,8.2827,4
2458537.885627,2.5119,22.7788,11.1564,7.8414,10.9073,8.2827,4
2458537.902667,8.2878,34.1605,11.1564,7.8414,10.9073,8.2827,4
2458538.857917,-2.4831,13.5862,11.1564,7.8414,10.9073,8.2827,4
2458539.859617,19.3583,27.4769,11.1564,7.8414,10.9073,8.2827,4
2458539.876537,7.3232,21.8502,11.1564,7.8414,10.9073,8.2827,4
2458540.862287,9.7422,21.3672,11.1564,7.8414,10.9073,8.2827,4
2458541.901047,14.8279,29.8922,11.1564,7.8414,10.9073,8.2827,4
2458542.839127,16.5411,34.4480,11.1564,7.8414,10.9073,8.2827,4
2458542.856017,4.4187,23.9617,11.1564,7.8414,10.9073,8.2827,4
2458542.873107,10.5074,25.9326,11.1564,7.8414,10.9073,8.2827,4
2458542.900977,15.8804,30.0465,11.1564,7.8414,10.9073,8.2827,4
2458543.839977,7.7184,32.1740,11.1564,7.8414,10.9073,8.2827,4
2458543.873167,2.8058,27.0599,11.1564,7.8414,10.9073,8.2827,4
2458543.890397,11.3584,31.3098,11.1564,7.8414,10.9073,8.2827,4
2458544.836077,13.0475,15.9345,11.1564,7.8414,10.9073,8.2827,4
2458544.853447,-1.0193,36.1447,11.1564,7.8414,10.9073,8.2827,4
2458544.872077,9.0846,14.3956,11.1564,7.8414,10.9073,8.2827,4
2458544.904757,8.3993,29.9453,11.1564,7.8414,10.9073,8.2827,4
2458546.858587,0.0043,19.2903,11.1564,7.8414,10.9073,8.2827,4
2458547.873057,7.2096,18.8971,11.1564,7.8414,10.9073,8.2827,4
2458547.889447,17.5257,33.4921,11.1564,7.8414,10.9073,8.2827,4
2458547.907607,3.1461,33.4106,11.1564,7.8414,10.9073,8.2827,4
2458548.826217,8.2833,26.9478,11.1564,7.8414,10.9073,8.2827,4
2458548.845507,8.7136,19.5977,11.1564,7.8414,10.9073,8.2827,4
2458548.873037,5.5467,14.7665,11.1564,7.8414,10.9073,8.2827,4
2458548.889337,10.0793,19.9741,11.1564,7.8414,10.9073,8.2827,4
2458550.831397,15.8108,22.6379,11.1564,7.8414,10.9073,8.2827,4
2458550.848207,17.3412,20.7776,11.1564,7.8414,10.9073,8.2827,4
2458550.875817,14.2775,31.2858,11.1564,7.8414,10.9073,8.2827,4
2458550.896687,-3.0541,30.3959,11.1564,7.8414,10.9073,8.2827,4
2458551.899527,5.4157,17.9815,11.1564,7.8414,10.9073,8.2827,4
2458552.902277,0.1955,18.2485,11.1564,7.8414,10.9073,8.2827,4
2458554.871597,-3.6905,22.2052,11.1564,7.8414,10.9073,8.2827,4
2458555.813677,21.3488,24.4044,11.1564,7.8414,10.9073,8.2827,4
2458555.847247,5.0300,20.9081,11.1564,7.8414,10.9073,8.2827,4
2458556.908997,11.4020,29.6487,11.1564,7.8414,10.9073,8.2827,4
2458557.795897,1.4339,23.5034,11.1564,7.8414,10.9073,8.2827,4
2458557.845617,3.7376,17.4880,11.1564,7.8414,10.9073,8.2827,4
2458557.878057,-2.3831,23.6767,11.1564,7.8414,10.9073,8.2827,4
2458557.911777,2.5908,30.7176,11.1564,7.8414,10.9073,8.2827,4
2458558.876117,2.8707,23.7303,11.1564,7.8414,10.9073,8.2827,4
2458558.909597,-1.8404,38.5419,11.1564,7.8414,10.9073,8.2827,4
2458559.870967,8.1429,28.8702,11.1564,7.8414,10.9073,8.2827,4
2458559.914497,18.4220,40.4088,11.1564,7.8414,10.9073,8.2827,4
2458560.788547,4.0852,33.5121,11.1564,7.8414,10.9073,8.2827,4
2458560.807307,9.9911,28.6441,11.1564,7.8414,10.9073,8.2827,4
2458560.823877,-0.5215,27.2020,11.1564,7.8414,10.9073,8.2827,4
2458560.867917,2.7213,14.4569,11.1564,7.8414,10.9073,8.2827,4
2458560.884397,1.9298,32.7795,11.1564,7.8414,10.9073,8.2827,4
2458560.900917,5.9016,28.1445,11.1564,7.8414,10.9073,8.2827,4
2458561.813817,11.6497,34.3047,11.1564,7.8414,10.9073,8.2827,4
2458561.830627,23.9504,28.5885,11.1564,7.8414,10.9073,8.2827,4
2458561.847757,3.0223,21.4173,11.1564,7.8414,10.9073,8.2827,4
2458561.882677,11.0407,21.8844,11.1564,7.8414,10.9073,8.2827,4
2458562.813277,18.5040,32.7078,11.1564,7.8414,10.9073,8.2827,4
2458562.830347,20.1169,16.9692,11.1564,7.8414,10.9073,8.2827,4
2458562.847317,24.0265,13.9162,11.1564,7.8414,10.9073,8.2827,4
2458562.875167,12.2973,33.9149,11.1564,7.8414,10.9073,8.2827,4
2458562.891837,10.2809,34.9534,11.1564,7.8414,10.9073,8.2827,4
2458562.908427,7.3303,28.6953,11.1564,7.8414,10.9073,8.2827,4
2458563.786567,9.9714,27.9034,11.1564,7.8414,10.9073,8.2827,4
2458563.824107,12.3974,29.8276,11.1564,7.8414,10.9073,8.2827,4
2458563.841117,-0.8489,36.3977,11.1564,7.8414,10.9073,8.2827,4
2458563.857317,3.1768,19.3994,11.1564,7.8414,10.9073,8.2827,4
2458563.890287,9.2548,24.6256,11.1564,7.8414,10.9073,8.2827,4
2458563.918267,8.3810,26.1390,11.1564,7.8414,10.9073,8.2827,4
2458564.807867,18.3751,26.0224,11.1564,7.8414,10.9073,8.2827,4
2458564.824267,11.1345,19.0943,11.1564,7.8414,10.9073,8.2827,4
2458564.852237,11.5475,31.4758,11.1564,7.8414,10.9073,8.2827,4
2458564.870387,1.8441,35.6673,11.1564,7.8414,10.9073,8.2827,4
2458564.887687,14.6446,34.9326,11.1564,7.8414,10.9073,8.2827,4
2458565.800637,15.2341,15.3996,11.1564,7.8414,10.9073,8.2827,4
2458565.819077,2.8594,16.5025,11.1564,7.8414,10.9073,8.2827,4
2458565.835677,13.2224,37.7386,11.1564,7.8414,10.9073,8.2827,4
2458565.852367,22.7454,33.8767,11.1564,7.8414,10.9073,8.2827,4
2458566.786177,-2.3720,18.6141,11.1564,7.8414,10.9073,8.2827,4
2458566.830767,-2.5252,12.5792,11.1564,7.8414,10.9073,8.2827,4
2458566.847907,0.3041,25.4825,11.1564,7.8414,10.9073,8.2827,4
2458566.866677,7.5433,19.8947,11.1564,7.8414,10.9073,8.2827,4
2458566.900097,20.0262,38.3354,11.1564,7.8414,10.9073,8.2827,4
2458567.768387,4.7239,32.2735,11.1564,7.8414,10.9073,8.2827,4
2458567.785127,10.6421,35.1065,11.1564,7.8414,10.9073,8.2827,4
2458567.802917,-6.2630,32.1053,11.1564,7.8414,10.9073,8.2827,4
2458567.819807,1.1686,24.2335,11.1564,7.8414,10.9073,8.2827,4
2458567.836317,9.1481,27.9093,11.1564,7.8414,10.9073,8.2827,4
2458568.782897,1.2097,25.9601,11.1564,7.8414,10.9073,8.2827,4
2458568.810057,6.5410,27.1380,11.1564,7.8414,10.9073,8.2827,4
2458568.831287,20.5274,32.9983,11.1564,7.8414,10.9073,8.2827,4
2458568.848087,-1.4954,38.1772,11.1564,7.8414,10.9073,8.2827,4
2458568.864627,6.5182,23.8290,11.1564,7.8414,10.9073,8.2827,4
2458568.881477,7.6650,35.4153,11.1564,7.8414,10.9073,8.2827,4
2458568.912677,-0.9611,28.9145,11.1564,7.8414,10.9073,8.2827,4
2458569.864017,15.5139,38.1112,11.1564,7.8414,10.9073,8.2827,4
2458570.782077,11.3808,30.0962,11.1564,7.8414,10.9073,8.2827,4
2458570.816257,15.0238,26.3377,11.1564,7.8414,10.9073,8.2827,4
2458570.852667,19.6740,29.2925,11.1564,7.8414,10.9073,8.2827,4
2458570.881567,-1.8142,24.6117,11.1564,7.8414,10.9073,8.2827,4
2458570.898027,-0.4379,23.3610,11.1564,7.8414,10.9073,8.2827,4
2458571.788247,16.5974,33.5037,11.1564,7.8414,10.9073,8.2827,4
2458571.816367,-1.7254,26.5570,11.1564,7.8414,10.9073,8.2827,4
2458571.836307,1.0941,25.1205,11.1564,7.8414,10.9073,8.2827,4
2458571.866757,6.2987,22.4172,11.1564,7.8414,10.9073,8.2827,4
2458571.884087,1.8105,18.9819,11.1564,7.8414,10.9073,8.2827,4
2458571.917637,5.8965,34.4711,11.1564,7.8414,10.9073,8.2827,4
2458574.857697,-1.7733,28.7616,11.1564,7.8414,10.9073,8.2827,4
2458574.876447,3.3512,22.6721,11.1564,7.8414,10.9073,8.2827,4
2458574.892927,5.3799,25.4347,11.1564,7.8414,10.9073,8.2827,4
2458575.775847,0.1575,32.1748,11.1564,7.8414,10.9073,8.2827,4
2458575.792477,4.6994,13.4627,11.1564,7.8414,10.9073,8.2827,4
2458575.876467,15.4723,26.3676,11.1564,7.8414,10.9073,8.2827,4
2458576.837527,8.7678,30.5679,11.1564,7.8414,10.9073,8.2827,4
2458576.899367,2.0136,29.2330,11.1564,7.8414,10.9073,8.2827,4
2458576.916197,8.1535,28.2387,11.1564,7.8414,10.9073,8.2827,4
2458577.921227,0.4588,39.3561,11.1564,7.8414,10.9073,8.2827,4
2458578.763327,-0.9147,21.7430,11.1564,7.8414,10.9073,8.2827,4
2458578.828367,0.2526,39.3209,11.1564,7.8414,10.9073,8.2827,4
2458578.845007,15.0928,19.9889,11.1564,7.8414,10.9073,8.2827,4
2458578.861667,3.4659,25.2701,11.1564,7.8414,10.9073,8.2827,4
2458579.771547,4.3625,24.6502,11.1564,7.8414,10.9073,8.2827,4
2458579.815267,1.4483,26.2509,11.1564,7.8414,10.9073,8.2827,4
2458579.832117,10.6278,11.7231,11.1564,7.8414,10.9073,8.2827,4
2458579.848797,4.2290,17.4228,11.1564,7.8414,10.9073,8.2827,4
2458579.865177,4.6378,33.8881,11.1564,7.8414,10.9073,8.2827,4
2458579.908957,5.1863,27.0538,11.1564,7.8414,10.9073,8.2827,4
2458580.809717,16.1535,18.1359,11.1564,7.8414,10.9073,8.2827,4
2458580.826387,3.9389,27.4504,11.1564,7.8414,10.9073,8.2827,4
2458580.843477,2.5047,23.5201,11.1564,7.8414,10.9073,8.2827,4
2458580.887627,8.4663,35.2265,11.1564,7.8414,10.9073,8.2827,4
2458580.915117,6.8709,38.4717,11.1564,7.8414,10.9073,8.2827,4
2458581.841417,10.4041,26.5083,11.1564,7.8414,10.9073,8.2827,4
2458581.858077,6.7602,31.3528,11.1564,7.8414,10.9073,8.2827,4
2458581.874997,11.0138,26.7800,11.1564,7.8414,10.9073,8.2827,4
2458581.891957,8.9454,24.9779,11.1564,7.8414,10.9073,8.2827,4
2458581.918837,7.8282,25.9652,11.1564,7.8414,10.9073,8.2827,4
2458582.779267,10.5484,25.9138,11.1564,7.8414,10.9073,8.2827,4
2458582.796157,1.0758,19.1224,11.1564,7.8414,10.9073,8.2827,4
2458582.813357,0.2837,31.5885,11.1564,7.8414,10.9073,8.2827,4
2458582.830637,7.5321,27.0178,11.1564,7.8414,10.9073,8.2827,4
2458582.861307,4.3578,30.0045,11.1564,7.8414,10.9073,8.2827,4
2458582.878207,6.7923,25.3343,11.1564,7.8414,10.9073,8.2827,4
2458582.894757,4.2768,17.2914,11.1564,7.8414,10.9073,8.2827,4
2458582.911757,0.0453,16.9596,11.1564,7.8414,10.9073,8.2827,4
2458583.785037,15.7115,18.7821,11.1564,7.8414,10.9073,8.2827,4
2458583.802037,16.0484,21.7699,11.1564,7.8414,10.9073,8.2827,4
2458583.818407,0.7968,20.4460,11.1564,7.8414,10.9073,8.2827,4
2458583.834937,-1.3195,26.8418,11.1564,7.8414,10.9073,8.2827,4
2458584.740927,-5.6690,25.6026,11.1564,7.8414,10.9073,8.2827,4
2458584.778407,1.2262,26.5437,11.1564,7.8414,10.9073,8.2827,4
2458584.877097,1.2797,17.7062,11.1564,7.8414,10.9073,8.2827,4
2458584.893807,-3.5680,26.1815,11.1564,7.8414,10.9073,8.2827,4
2458584.911447,7.1016,17.2335,11.1564,7.8414,10.9073,8.2827,4
2458585.740537,1.1905,25.8842,11.1564,7.8414,10.9073,8.2827,4
2458585.757167,3.8952,26.4548,11.1564,7.8414,10.9073,8.2827,4
2458585.776577,-4.6582,27.9865,11.1564,7.8414,10.9073,8.2827,4
2458585.809797,-2.5056,20.0208,11.1564,7.8414,10.9073,8.2827,4
2458585.860257,11.6246,33.0418,11.1564,7.8414,10.9073,8.2827,4
2458585.877047,10.9013,21.7086,11.1564,7.8414,10.9073,8.2827,4
2458585.915867,3.6078,28.4469,11.1564,7.8414,10.9073,8.2827,4
2458586.726657,14.4692,33.0484,11.1564,7.8414,10.9073,8.2827,4
2458586.761817,6.5611,36.9405,11.1564,7.8414,10.9073,8.2827,4
2458586.778437,13.6474,16.7921,11.1564,7.8414,10.9073,8.2827,4
2458586.821947,9.3192,14.9898,11.1564,7.8414,10.9073,8.2827,4
2458586.838747,-0.5954,14.0954,11.1564,7.8414,10.9073,8.2827,4
2458586.855437,2.8526,13.9315,11.1564,7.8414,10.9073,8.2827,4
2458586.875677,9.4716,22.1804,11.1564,7.8414,10.9073,8.2827,4
2458586.909147,-5.6500,17.6016,11.1564,7.8414,10.9073,8.2827,4
2458587.841227,3.6792,15.5874,11.1564,7.8414,10.9073,8.2827,4
2458587.858007,-1.6453,13.6171,11.1564,7.8414,10.9073,8.2827,4
2458587.876247,14.3092,24.9257,11.1564,7.8414,10.9073,8.2827,4
2458587.922377,8.1091,25.9222,11.1564,7.8414,10.9073,8.2827,4
2458588.752597,10.5490,24.7251,11.1564,7.8414,10.9073,8.2827,4
2458588.781657,0.8731,32.3958,11.1564,7.8414,10.9073,8.2827,4
2458588.798167,-0.6001,24.9647,11.1564,7.8414,10.9073,8.2827,4
2458588.848997,0.0758,22.2393,11.1564,7.8414,10.9073,8.2827,4
2458588.869947,8.2836,34.1213,11.1564,7.8414,10.9073,8.2827,4
2458588.913527,1.6214,23.4661,11.1564,7.8414,10.9073,8.2827,4
2458588.930447,5.8867,33.5236,11.1564,7.8414,10.9073,8.2827,4
2458589.802037,8.2526,34.1723,11.1564,7.8414,10.9073,8.2827,4
2458589.818797,5.2479,30.2737,11.1564,7.8414,10.9073,8.2827,4
2458589.863257,3.9521,26.5530,11.1564,7.8414,10.9073,8.2827,4
2458589.896777,-1.4829,29.0247,11.1564,7.8414,10.9073,8.2827,4
2458589.914367,3.6284,19.7077,11.1564,7.8414,10.9073,8.2827,4
2458590.770527,4.9935,24.4815,11.1564,7.8414,10.9073,8.2827,4
2458590.787357,5.1615,19.5460,11.1564,7.8414,10.9073,8.2827,4
2458590.803787,3.3528,23.8752,11.1564,7.8414,10.9073,8.2827,4
2458590.819987,13.0972,29.1456,11.1564,7.8414,10.9073,8.2827,4
2458590.848397,2.5231,22.2624,11.1564,7.8414,10.9073,8.2827,4
2458590.865077,7.1442,33.3714,11.1564,7.8414,10.9073,8.2827,4
2458590.881627,8.7180,32.4497,11.1564,7.8414,10.9073,8.2827,4
2458590.898087,5.2247,26.5068,11.1564,7.8414,10.9073,8.2827,4
2458590.914767,-4.0473,26.4265,11.1564,7.8414,10.9073,8.2827,4
2458591.707057,18.5430,34.7022,11.1564,7.8414,10.9073,8.2827,4
2458591.743277,11.4677,17.9907,11.1564,7.8414,10.9073,8.2827,4
2458591.760077,11.1130,31.0817,11.1564,7.8414,10.9073,8.2827,4
2458591.793007,11.2293,25.3833,11.1564,7.8414,10.9073,8.2827,4
2458591.823397,-2.8255,32.2179,11.1564,7.8414,10.9073,8.2827,4
2458591.840727,2.5483,34.9575,11.1564,7.8414,10.9073,8.2827,4
2458591.844687,9.5326,22.0181,11.1564,7.8414,10.9073,8.2827,4
2458591.861067,9.9292,27.5885,11.1564,7.8414,10.9073,8.2827,4
2458591.894977,4.4717,25.3661,11.1564,7.8414,10.9073,8.2827,4
2458593.754177,12.6487,28.2398,11.1564,7.8414,10.9073,8.2827,4
2458593.771347,16.1118,19.5185,11.1564,7.8414,10.9073,8.2827,4
2458593.788047,8.9231,19.6756,11.1564,7.8414,10.9073,8.2827,4
2458593.860447,12.9599,29.8172,11.1564,7.8414,10.9073,8.2827,4
2458593.876937,5.1625,30.8420,11.1564,7.8414,10.9073,8.2827,4
2458593.893857,6.8475,35.0371,11.1564,7.8414,10.9073,8.2827,4
2458593.910667,7.9938,36.4523,11.1564,7.8414,10.9073,8.2827,4
2458593.927427,6.2021,36.9985,11.1564,7.8414,10.9073,8.2827,4
2458594.702977,15.1045,14.8121,11.1564,7.8414,10.9073,8.2827,4
2458594.719527,15.7141,19.9091,11.1564,7.8414,10.9073,8.2827,4
2458594.735797,12.1746,23.1234,11.1564,7.8414,10.9073,8.2827,4
2458594.752887,14.1263,12.2987,11.1564,7.8414,10.9073,8.2827,4
2458594.769577,4.3404,20.8635,11.1564,7.8414,10.9073,8.2827,4
2458594.786627,10.9299,24.5480,11.1564,7.8414,10.9073,8.2827,4
2458594.841977,11.5555,29.1779,11.1564,7.8414,10.9073,8.2827,4
2458594.862277,7.5420,34.6458,11.1564,7.8414,10.9073,8.2827,4
2458594.928407,1.8456,28.5879,11.1564,7.8414,10.9073,8.2827,4
2458595.705607,11.0206,34.2097,11.1564,7.8414,10.9073,8.2827,4
2458595.739517,16.5061,26.3560,11.1564,7.8414,10.9073,8.2827,4
2458595.783037,6.3574,28.3438,11.1564,7.8414,10.9073,8.2827,4
2458595.799977,8.4263,24.6956,11.1564,7.8414,10.9073,8.2827,4
2458595.816497,9.2705,24.3484,11.1564,7.8414,10.9073,8.2827,4
2458595.833807,15.1376,18.0310,11.1564,7.8414,10.9073,8.2827,4
2458595.864587,-4.4599,26.3346,11.1564,7.8414,10.9073,8.2827,4
2458595.884257,1.3161,25.4641,11.1564,7.8414,10.9073,8.2827,4
2458595.901227,10.2477,14.6126,11.1564,7.8414,10.9073,8.2827,4
2458595.920767,13.3181,24.9627,11.1564,7.8414,10.9073,8.2827,4
2458599.703017,5.6376,19.5077,11.1564,7.8414,10.9073,8.2827,4
2458599.719527,10.0482,27.4058,11.1564,7.8414,10.9073,8.2827,4
2458599.736217,4.0049,16.7595,11.1564,7.8414,10.9073,8.2827,4
2458599.752907,0.4147,16.9013,11.1564,7.8414,10.9073,8.2827,4
2458599.832487,-2.1737,24.0132,11.1564,7.8414,10.9073,8.2827,4
2458599.871577,2.8911,19.7635,11.1564,7.8414,10.9073,8.2827,4
2458599.898917,6.8798,30.8316,11.1564,7.8414,10.9073,8.2827,4
2458599.933707,1.7654,23.8390,11.1564,7.8414,10.9073,8.2827,4
2458600.679197,-1.5733,28.3907,11.1564,7.8414,10.9073,8.2827,4
2458600.695997,2.8430,14.6722,11.1564,7.8414,10.9073,8.2827,4
2458600.880827,0.3030,27.6629,11.1564,7.8414,10.9073,8.2827,4
2458600.897357,3.1811,28.6543,11.1564,7.8414,10.9073,8.2827,4
2458600.931777,-0.1975,26.4135,11.1564,7.8414,10.9073,8.2827,4
2458601.687537,2.3128,18.2484,11.1564,7.8414,10.9073,8.2827,4
2458601.721317,3.6665,12.1800,11.1564,7.8414,10.9073,8.2827,4
2458601.738097,3.1755,17.8711,11.1564,7.8414,10.9073,8.2827,4
2458601.754967,14.4609,34.6257,11.1564,7.8414,10.9073,8.2827,4
2458601.798807,13.8343,26.9199,11.1564,7.8414,10.9073,8.2827,4
2458601.815097,6.8198,19.3030,11.1564,7.8414,10.9073,8.2827,4
2458601.831287,5.5021,20.5972,11.1564,7.8414,10.9073,8.2827,4
2458601.847667,0.4546,36.1155,11.1564,7.8414,10.9073,8.2827,4
2458601.864387,9.0203,25.2088,11.1564,7.8414,10.9073,8.2827,4
2458601.892227,3.2673,20.0407,11.1564,7.8414,10.9073,8.2827,4
2458602.731387,0.1901,38.1661,11.1564,7.8414,10.9073,8.2827,4
2458602.843517,0.4235,21.4071,11.1564,7.8414,10.9073,8.2827,4
2458602.877047,-5.0677,24.2743,11.1564,7.8414,10.9073,8.2827,4
2458603.692137,15.3993,18.9367,11.1564,7.8414,10.9073,8.2827,4
2458603.790227,13.6876,28.2723,11.1564,7.8414,10.9073,8.2827,4
2458603.823457,19.0996,36.2758,11.1564,7.8414,10.9073,8.2827,4
2458603.854257,-3.1179,24.7799,11.1564,7.8414,10.9073,8.2827,4
2458603.888447,-1.8409,19.8689,11.1564,7.8414,10.9073,8.2827,4
2458603.905327,7.0233,23.6199,11.1564,7.8414,10.9073,8.2827,4
2458604.707987,10.4824,28.1720,11.1564,7.8414,10.9073,8.2827,4
2458604.742227,2.3431,22.8672,11.1564,7.8414,10.9073,8.2827,4
2458604.769547,17.1456,13.6615,11.1564,7.8414,10.9073,8.2827,4
2458605.681227,17.0039,22.4770,11.1564,7.8414,10.9073,8.2827,4
2458605.777027,17.0975,13.8481,11.1564,7.8414,10.9073,8.2827,4
2458605.857737,3.4435,20.8659,11.1564,7.8414,10.9073,8.2827,4
2458606.684077,8.0214,17.1244,11.1564,7.8414,10.9073,8.2827,4
2458606.729257,5.4465,13.1650,11.1564,7.8414,10.9073,8.2827,4
2458606.767127,1.1011,28.1953,11.1564,7.8414,10.9073,8.2827,4
2458606.882227,4.8767,29.8632,11.1564,7.8414,10.9073,8.2827,4
2458606.899037,-4.8721,19.9738,11.1564,7.8414,10.9073,8.2827,4
2458607.693587,15.3057,28.5419,11.1564,7.8414,10.9073,8.2827,4
2458607.710617,5.1901,17.1996,11.1564,7.8414,10.9073,8.2827,4
2458607.727857,16.3872,28.1043,11.1564,7.8414,10.9073,8.2827,4
2458607.788627,4.1649,21.0395,11.1564,7.8414,10.9073,8.2827,4
2458607.805647,12.2218,27.7776,11.1564,7.8414,10.9073,8.2827,4
2458607.822617,-1.7996,16.3472,11.1564,7.8414,10.9073,8.2827,4
2458607.844337,2.7715,21.7925,11.1564,7.8414,10.9073,8.2827,4
2458607.888567,13.7258,35.1361,11.1564,7.8414,10.9073,8.2827,4
2458607.905367,11.2321,22.3419,11.1564,7.8414,10.9073,8.2827,4
2458608.668137,1.1057,30.0022,11.1564,7.8414,10.9073,8.2827,4
2458608.733857,-2.7324,20.3921,11.1564,7.8414,10.9073,8.2827,4
2458608.754387,0.8966,16.5359,11.1564,7.8414,10.9073,8.2827,4
2458608.814967,10.7231,26.3779,11.1564,7.8414,10.9073,8.2827,4
2458608.831837,9.2200,17.2214,11.1564,7.8414,10.9073,8.2827,4
2458608.848947,12.6666,25.6755,11.1564,7.8414,10.9073,8.2827,4
2458608.923927,0.0835,22.4321,11.1564,7.8414,10.9073,8.2827,4
2458609.687257,13.6918,25.4538,11.1564,7.8414,10.9073,8.2827,4
2458611.722857,2.4705,15.7825,11.1564,7.8414,10.9073,8.2827,4
2458611.786987,6.2243,29.1015,11.1564,7.8414,10.9073,8.2827,4
2458612.777707,9.9794,39.2244,11.1564,7.8414,10.9073,8.2827,4
2458612.903097,9.2018,29.8065,11.1564,7.8414,10.9073,8.2827,4
2458612.919767,1.0663,23.1797,11.1564,7.8414,10.9073,8.2827,4
2458612.936817,1.1311,39.3876,11.1564,7.8414,10.9073,8.2827,4
2458613.671487,9.3468,31.8025,11.1564,7.8414,10.9073,8.2827,4
2458613.776807,5.7255,36.2694,11.1564,7.8414,10.9073,8.2827,4
2458613.797377,-0.3460,32.9180,11.1564,7.8414,10.9073,8.2827,4
2458613.814327,15.1340,31.2639,11.1564,7.8414,10.9073,8.2827,4
2458613.838347,11.9766,31.8606,11.1564,7.8414,10.9073,8.2827,4
2458613.866997,7.9156,29.0857,11.1564,7.8414,10.9073,8.2827,4
2458613.884017,1.3097,18.6628,11.1564,7.8414,10.9073,8.2827,4
2458613.900657,4.7283,31.8846,11.1564,7.8414,10.9073,8.2827,4
2458613.929627,7.8197,34.8922,11.1564,7.8414,10.9073,8.2827,4
2458614.676877,11.9205,24.8166,11.1564,7.8414,10.9073,8.2827,4
2458614.694107,9.1087,21.6839,11.1564,7.8414,10.9073,8.2827,4
2458614.732767,11.7721,33.2879,11.1564,7.8414,10.9073,8.2827,4
2458614.759787,6.4521,23.3049,11.1564,7.8414,10.9073,8.2827,4
2458614.776377,-4.2754,33.4245,11.1564,7.8414,10.9073,8.2827,4
2458614.793047,15.6338,15.1779,11.1564,7.8414,10.9073,8.2827,4
2458614.812337,1.2968,25.5778,11.1564,7.8414,10.9073,8.2827,4
2458614.829457,3.6930,20.2081,11.1564,7.8414,10.9073,8.2827,4
2458614.874347,4.8724,19.3394,11.1564,7.8414,10.9073,8.2827,4
2458614.895857,6.8356,31.7344,11.1564,7.8414,10.9073,8.2827,4
2458614.920967,9.7241,27.2513,11.1564,7.8414,10.9073,8.2827,4
2458615.670647,10.6674,25.4865,11.1564,7.8414,10.9073,8.2827,4
2458615.703877,4.7790,24.4803,11.1564,7.8414,10.9073,8.2827,4
2458615.787427,-2.2845,23.2693,11.1564,7.8414,10.9073,8.2827,4
2458615.914357,-1.5895,29.9785,11.1564,7.8414,10.9073,8.2827,4
2458615.931017,16.3584,23.5633,11.1564,7.8414,10.9073,8.2827,4
2458616.654057,9.6736,20.3435,11.1564,7.8414,10.9073,8.2827,4
2458616.687247,0.4026,28.3677,11.1564,7.8414,10.9073,8.2827,4
2458616.720687,-4.1849,31.0285,11.1564,7.8414,10.9073,8.2827,4
2458616.748287,-3.3120,22.3677,11.1564,7.8414,10.9073,8.2827,4
2458616.764777,-7.8808,26.1345,11.1564,7.8414,10.9073,8.2827,4
2458616.781447,16.3423,29.2004,11.1564,7.8414,10.9073,8.2827,4
2458616.819427,0.4749,27.0273,11.1564,7.8414,10.9073,8.2827,4
2458616.866817,-7.2512,38.8466,11.1564,7.8414,10.9073,8.2827,4
2458617.632877,13.5094,29.0795,11.1564,7.8414,10.9073,8.2827,4
2458617.678787,16.7385,23.6244,11.1564,7.8414,10.9073,8.2827,4
2458617.729427,9.9680,29.5980,11.1564,7.8414,10.9073,8.2827,4
2458617.756427,-3.5990,28.8119,11.1564,7.8414,10.9073,8.2827,4
2458617.773067,8.0312,23.2931,11.1564,7.8414,10.9073,8.2827,4
2458617.856797,-2.4641,25.2429,11.1564,7.8414,10.9073,8.2827,4
2458617.890417,11.4387,34.2366,11.1564,7.8414,10.9073,8.2827,4
2458618.745697,3.6216,37.1099,11.1564,7.8414,10.9073,8.2827,4
2458618.762217,3.4097,25.4259,11.1564,7.8414,10.9073,8.2827,4
2458618.795857,-3.0789,31.9806,11.1564,7.8414,10.9073,8.2827,4
2458618.812597,6.6459,32.6125,11.1564,7.8414,10.9073,8.2827,4
2458618.864267,9.0642,37.2302,11.1564,7.8414,10.9073,8.2827,4
2458618.881087,0.8628,28.0803,11.1564,7.8414,10.9073,8.2827,4
2458618.898017,19.5669,31.7222,11.1564,7.8414,10.9073,8.2827,4
2458618.914587,3.0147,31.8308,11.1564,7.8414,10.9073,8.2827,4
2458619.706837,8.6794,18.6377,11.1564,7.8414,10.9073,8.2827,4
2458619.723207,6.9835,31.0904,11.1564,7.8414,10.9073,8.2827,4
2458619.773317,20.2429,27.1300,11.1564,7.8414,10.9073,8.2827,4
2458619.837117,-4.0355,16.4093,11.1564,7.8414,10.9073,8.2827,4
2458619.854127,-2.2018,22.0007,11.1564,7.8414,10.9073,8.2827,4
2458620.663717,14.4352,22.5488,11.1564,7.8414,10.9073,8.2827,4
2458620.697487,-1.6748,27.0157,11.1564,7.8414,10.9073,8.2827,4
2458620.714247,9.8737,30.4061,11.1564,7.8414,10.9073,8.2827,4
2458620.758357,6.3362,23.2818,11.1564,7.8414,10.9073,8.2827,4
2458620.808077,13.9250,30.3704,11.1564,7.8414,10.9073,8.2827,4
2458620.856897,2.4201,20.1248,11.1564,7.8414,10.9073,8.2827,4
2458621.691737,0.3266,33.5560,11.1564,7.8414,10.9073,8.2827,4
2458621.708417,15.2301,25.4664,11.1564,7.8414,10.9073,8.2827,4
2458621.725227,8.9816,33.2911,11.1564,7.8414,10.9073,8.2827,4
2458621.770647,7.6819,31.5158,11.1564,7.8414,10.9073,8.2827,4
2458621.788797,15.8336,32.3997,11.1564,7.8414,10.9073,8.2827,4
2458621.805247,7.7315,22.7968,11.1564,7.8414,10.9073,8.2827,4
2458621.883597,-5.0912,23.9606,11.1564,7.8414,10.9073,8.2827,4
2458622.769527,12.9964,32.1852,11.1564,7.8414,10.9073,8.2827,4
2458625.782067,22.0988,27.0783,11.1564,7.8414,10.9073,8.2827,4
2458625.799047,17.9478,16.9306,11.1564,7.8414,10.9073,8.2827,4
2458625.825957,1.7761,37.3789,11.1564,7.8414,10.9073,8.2827,4
2458625.843147,12.9985,35.3015,11.1564,7.8414,10.9073,8.2827,4
2458625.881287,22.7583,30.0059,11.1564,7.8414,10.9073,8.2827,4
2458625.906147,12.2320,41.3329,11.1564,7.8414,10.9073,8.2827,4
2458626.624837,-1.7905,21.5467,11.1564,7.8414,10.9073,8.2827,4
2458626.641437,18.1890,32.1116,11.1564,7.8414,10.9073,8.2827,4
2458626.685087,-5.9608,22.1122,11.1564,7.8414,10.9073,8.2827,4
2458626.734917,4.5590,32.2042,11.1564,7.8414,10.9073,8.2827,4
2458626.751857,-3.1270,20.0990,11.1564,7.8414,10.9073,8.2827,4
2458626.779237,11.2327,16.4631,11.1564,7.8414,10.9073,8.2827,4
2458626.795877,7.3991,36.8611,11.1564,7.8414,10.9073,8.2827,4
2458626.829107,12.0961,12.5579,11.1564,7.8414,10.9073,8.2827,4
2458626.846297,5.7337,13.2646,11.1564,7.8414,10.9073,8.2827,4
2458626.872977,5.2094,28.3260,11.1564,7.8414,10.9073,8.2827,4
2458626.889717,7.9684,37.7280,11.1564,7.8414,10.9073,8.2827,4
2458626.906387,11.6453,26.2620,11.1564,7.8414,10.9073,8.2827,4
2458626.922817,5.5224,25.4042,11.1564,7.8414,10.9073,8.2827,4
2458626.939667,14.0292,25.0117,11.1564,7.8414,10.9073,8.2827,4
2458627.610787,3.4948,28.4039,11.1564,7.8414,10.9073,8.2827,4
2458627.627417,7.0268,24.9032,11.1564,7.8414,10.9073,8.2827,4
2458627.660977,12.1887,26.6349,11.1564,7.8414,10.9073,8.2827,4
2458627.694307,20.5510,25.7878,11.1564,7.8414,10.9073,8.2827,4
2458627.741227,16.7345,41.0193,11.1564,7.8414,10.9073,8.2827,4
2458631.719777,17.1287,38.7513,11.1564,7.8414,10.9073,8.2827,4
2458635.726257,-0.0777,26.4108,11.1564,7.8414,10.9073,8.2827,4
2458635.792677,5.2086,7.4753,11.1564,7.8414,10.9073,8.2827,4
2458635.820167,-5.9258,24.4648,11.1564,7.8414,10.9073,8.2827,4
2458635.842297,13.0858,30.2982,11.1564,7.8414,10.9073,8.2827,4
2458635.892847,10.3474,25.9500,11.1564,7.8414,10.9073,8.2827,4
2458636.584157,-1.0695,14.8171,11.1564,7.8414,10.9073,8.2827,4
2458636.601157,8.2961,20.5151,11.1564,7.8414,10.9073,8.2827,4
2458636.617987,5.2159,19.6400,11.1564,7.8414,10.9073,8.2827,4
2458636.634147,13.6210,14.3888,11.1564,7.8414,10.9073,8.2827,4
2458636.650717,2.8295,13.6122,11.1564,7.8414,10.9073,8.2827,4
2458636.694907,4.5381,9.0529,11.1564,7.8414,10.9073,8.2827,4
2458636.711387,-4.8470,8.4931,11.1564,7.8414,10.9073,8.2827,4
2458636.728237,2.0548,5.2243,11.1564,7.8414,10.9073,8.2827,4
2458636.745667,9.7726,11.8694,11.1564,7.8414,10.9073,8.2827,4
2458636.791277,10.2949,5.8243,11.1564,7.8414,10.9073,8.2827,4
2458636.830107,9.4227,26.9568,11.1564,7.8414,10.9073,8.2827,4
2458636.892397,10.5660,7.3291,11.1564,7.8414,10.9073,8.2827,4
2458637.598047,9.9386,26.5174,11.1564,7.8414,10.9073,8.2827,4
2458637.614997,-4.5797,15.6164,11.1564,7.8414,10.9073,8.2827,4
2458637.634537,7.6014,14.9159,11.1564,7.8414,10.9073,8.2827,4
2458637.661557,15.0192,38.1333,11.1564,7.8414,10.9073,8.2827,4
2458637.678247,5.1140,34.9443,11.1564,7.8414,10.9073,8.2827,4
2458637.711807,-1.1885,12.6382,11.1564,7.8414,10.9073,8.2827,4
2458637.728407,10.2370,29.7059,11.1564,7.8414,10.9073,8.2827,4
2458637.755997,-1.0584,38.5544,11.1564,7.8414,10.9073,8.2827,4
2458637.782767,2.1367,37.6697,11.1564,7.8414,10.9073,8.2827,4
2458637.799847,7.4174,26.4368,11.1564,7.8414,10.9073,8.2827,4
2458637.816797,-1.1198,32.6883,11.1564,7.8414,10.9073,8.2827,4
2458637.832947,2.8775,19.4703,11.1564,7.8414,10.9073,8.2827,4
2458637.849427,-7.5654,19.0748,11.1564,7.8414,10.9073,8.2827,4
2458638.623567,-3.8272,8.2349,11.1564,7.8414,10.9073,8.2827,4
2458638.869017,23.7668,14.9043,11.1564,7.8414,10.9073,8.2827,4
2458639.607877,8.9789,35.6717,11.1564,7.8414,10.9073,8.2827,4
2458639.624617,0.9805,32.1610,11.1564,7.8414,10.9073,8.2827,4
2458639.640797,13.5578,35.5382,11.1564,7.8414,10.9073,8.2827,4
2458639.663447,5.9273,21.3056,11.1564,7.8414,10.9073,8.2827,4
2458639.723907,20.5369,14.2584,11.1564,7.8414,10.9073,8.2827,4
2458639.757147,28.2954,12.1842,11.1564,7.8414,10.9073,8.2827,4
2458639.817777,22.3426,19.7340,11.1564,7.8414,10.9073,8.2827,4
2458639.851377,23.1353,20.4003,11.1564,7.8414,10.9073,8.2827,4
2458640.590187,3.6293,48.7784,11.1564,7.8414,10.9073,8.2827,4
2458640.606857,18.9592,22.8911,11.1564,7.8414,10.9073,8.2827,4
2458640.669367,15.1055,26.2595,11.1564,7.8414,10.9073,8.2827,4
2458640.749877,12.4507,26.9061,11.1564,7.8414,10.9073,8.2827,4
2458640.772037,2.4576,18.6186,11.1564,7.8414,10.9073,8.2827,4
2458640.788727,5.4162,21.8461,11.1564,7.8414,10.9073,8.2827,4
2458640.805197,8.5574,29.5848,11.1564,7.8414,10.9073,8.2827,4
2458640.832677,14.5504,16.9374,11.1564,7.8414,10.9073,8.2827,4
2458640.849217,19.6615,33.8490,11.1564,7.8414,10.9073,8.2827,4
2458640.865817,14.3766,26.7050,11.1564,7.8414,10.9073,8.2827,4
2458641.613877,-1.7238,19.0526,11.1564,7.8414,10.9073,8.2827,4
2458641.630347,22.1557,23.4372,11.1564,7.8414,10.9073,8.2827,4
2458641.650957,11.4674,26.4614,11.1564,7.8414,10.9073,8.2827,4
2458641.789327,3.6730,5.6739,11.1564,7.8414,10.9073,8.2827,4
2458641.806057,2.1954,31.3446,11.1564,7.8414,10.9073,8.2827,4
2458641.883657,-6.2900,21.9548,11.1564,7.8414,10.9073,8.2827,4
2458642.574647,16.2527,10.7835,11.1564,7.8414,10.9073,8.2827,4
2458642.591327,12.0698,13.9925,11.1564,7.8414,10.9073,8.2827,4
2458642.611817,10.3832,15.8624,11.1564,7.8414,10.9073,8.2827,4
2458642.628677,17.4581,25.7201,11.1564,7.8414,10.9073,8.2827,4
2458642.645307,22.6717,38.7560,11.1564,7.8414,10.9073,8.2827,4
2458642.672057,-3.2224,12.0856,11.1564,7.8414,10.9073,8.2827,4
2458642.815727,7.7660,35.6529,11.1564,7.8414,10.9073,8.2827,4
2458642.880687,19.4272,41.8085,11.1564,7.8414,10.9073,8.2827,4
2458643.571227,25.2442,23.8619,11.1564,7.8414,10.9073,8.2827,4
2458643.609007,2.8627,26.3586,11.1564,7.8414,10.9073,8.2827,4
2458643.636137,-3.3043,36.6691,11.1564,7.8414,10.9073,8.2827,4
2458643.663027,-7.0245,7.1134,11.1564,7.8414,10.9073,8.2827,4
2458643.679687,-0.8620,28.3471,11.1564,7.8414,10.9073,8.2827,4
2458643.779957,4.8996,30.2778,11.1564,7.8414,10.9073,8.2827,4
2458643.796747,2.9054,9.2870,11.1564,7.8414,10.9073,8.2827,4
2458643.830777,-1.7863,29.3425,11.1564,7.8414,10.9073,8.2827,4
2458643.891597,-0.0112,41.1308,11.1564,7.8414,10.9073,8.2827,4
2458644.559437,-9.2257,43.6404,11.1564,7.8414,10.9073,8.2827,4
2458644.576257,-2.9106,16.2053,11.1564,7.8414,10.9073,8.2827,4
2458644.612827,3.1946,5.6475,11.1564,7.8414,10.9073,8.2827,4
2458644.629517,-0.4806,25.9189,11.1564,7.8414,10.9073,8.2827,4
2458644.646667,2.1838,29.4155,11.1564,7.8414,10.9073,8.2827,4
2458644.663897,-2.0894,23.4438,11.1564,7.8414,10.9073,8.2827,4
2458644.697127,5.4784,47.0241,11.1564,7.8414,10.9073,8.2827,4
2458644.726287,0.1797,13.9190,11.1564,7.8414,10.9073,8.2827,4
2458644.742897,-8.4879,18.3099,11.1564,7.8414,10.9073,8.2827,4
2458644.782847,16.5512,10.7216,11.1564,7.8414,10.9073,8.2827,4
2458644.826527,10.5667,24.6624,11.1564,7.8414,10.9073,8.2827,4
2458644.843107,3.4214,23.0894,11.1564,7.8414,10.9073,8.2827,4
2458644.860247,-7.5637,25.6864,11.1564,7.8414,10.9073,8.2827,4
2458645.574297,9.0097,16.7400,11.1564,7.8414,10.9073,8.2827,4
2458645.591327,16.6595,14.1530,11.1564,7.8414,10.9073,8.2827,4
2458645.635717,3.0456,29.4874,11.1564,7.8414,10.9073,8.2827,4
2458645.680037,12.7959,34.4388,11.1564,7.8414,10.9073,8.2827,4
2458645.696987,7.6551,27.2209,11.1564,7.8414,10.9073,8.2827,4
2458645.730447,1.9963,10.5494,11.1564,7.8414,10.9073,8.2827,4
2458645.764167,3.6412,19.0503,11.1564,7.8414,10.9073,8.2827,4
2458645.795937,9.3190,31.7983,11.1564,7.8414,10.9073,8.2827,4
2458645.812457,-4.3221,20.8653,11.1564,7.8414,10.9073,8.2827,4
2458645.832907,21.9098,26.2865,11.1564,7.8414,10.9073,8.2827,4
2458645.850017,21.6447,31.2650,11.1564,7.8414,10.9073,8.2827,4
2458645.866507,29.3789,20.4127,11.1564,7.8414,10.9073,8.2827,4
2458646.659737,18.3954,13.7525,11.1564,7.8414,10.9073,8.2827,4
2458647.882527,8.3819,26.7255,11.1564,7.8414,10.9073,8.2827,4
2458648.584297,8.0893,9.7640,11.1564,7.8414,10.9073,8.2827,4
2458648.619017,13.1891,17.5283,11.1564,7.8414,10.9073,8.2827,4
2458648.701547,8.7348,18.9753,11.1564,7.8414,10.9073,8.2827,4
2458648.718627,4.6235,26.4851,11.1564,7.8414,10.9073,8.2827,4
2458648.735677,1.8812,28.1446,11.1564,7.8414,10.9073,8.2827,4
2458648.765127,17.6575,24.2935,11.1564,7.8414,10.9073,8.2827,4
2458648.816867,16.3168,24.5142,11.1564,7.8414,10.9073,8.2827,4
2458650.594037,14.3875,43.2633,11.1564,7.8414,10.9073,8.2827,4
2458650.709677,-0.1226,40.6193,11.1564,7.8414,10.9073,8.2827,4
2458653.567187,3.6211,15.5779,11.1564,7.8414,10.9073,8.2827,4
2458653.602107,-2.5067,31.3263,11.1564,7.8414,10.9073,8.2827,4
2458653.705287,23.8062,46.4579,11.1564,7.8414,10.9073,8.2827,4
2458653.706807,5.6337,44.8967,11.1564,7.8414,10.9073,8.2827,4
2458653.723507,21.9640,10.7946,11.1564,7.8414,10.9073,8.2827,4
2458653.767167,2.8377,41.6557,11.1564,7.8414,10.9073,8.2827,4
2458653.817517,-1.4775,10.2455,11.1564,7.8414,10.9073,8.2827,4
2458654.562567,-5.3878,18.4324,11.1564,7.8414,10.9073,8.2827,4
2458654.630307,-8.5070,18.3685,11.1564,7.8414,10.9073,8.2827,4
2458654.646817,8.4143,42.0816,11.1564,7.8414,10.9073,8.2827,4
2458654.663597,13.0683,39.8162,11.1564,7.8414,10.9073,8.2827,4
2458654.685417,15.8691,19.6096,11.1564,7.8414,10.9073,8.2827,4
2458654.712797,15.5381,5.1618,11.1564,7.8414,10.9073,8.2827,4
2458654.746087,7.2439,31.4169,11.1564,7.8414,10.9073,8.2827,4
2458655.541647,10.1803,22.3873,11.1564,7.8414,10.9073,8.2827,4
2458655.568077,15.2912,31.1948,11.1564,7.8414,10.9073,8.2827,4
2458655.662617,21.2526,31.0821,11.1564,7.8414,10.9073,8.2827,4
2458655.696317,12.7576,36.5065,11.1564,7.8414,10.9073,8.2827,4
2458655.729687,4.0625,14.2278,11.1564,7.8414,10.9073,8.2827,4
2458655.748027,2.2727,25.0468,11.1564,7.8414,10.9073,8.2827,4
2458655.792097,8.5057,18.3317,11.1564,7.8414,10.9073,8.2827,4
2458655.809247,-1.1723,20.6233,11.1564,7.8414,10.9073,8.2827,4
2458656.625517,18.0868,18.4732,11.1564,7.8414,10.9073,8.2827,4
2458656.642247,12.8154,36.0613,11.1564,7.8414,10.9073,8.2827,4
2458656.675567,4.3699,18.0560,11.1564,7.8414,10.9073,8.2827,4
2458656.691967,8.2751,10.5244,11.1564,7.8414,10.9073,8.2827,4
2458656.785907,22.4736,18.2844,11.1564,7.8414,10.9073,8.2827,4
2458656.802657,25.0474,21.1837,11.1564,7.8414,10.9073,8.2827,4
2458657.540607,0.0527,31.2217,11.1564,7.8414,10.9073,8.2827,4
2458657.620767,1.7797,23.3708,11.1564,7.8414,10.9073,8.2827,4
2458657.637807,26.8097,14.0063,11.1564,7.8414,10.9073,8.2827,4
2458657.689497,3.0708,20.0711,11.1564,7.8414,10.9073,8.2827,4
2458657.788767,9.3437,34.6296,11.1564,7.8414,10.9073,8.2827,4
2458657.816277,-9.1443,24.8455,11.1564,7.8414,10.9073,8.2827,4
2458657.850087,-0.2833,17.1333,11.1564,7.8414,10.9073,8.2827,4
2458657.856827,10.6047,35.5464,11.1564,7.8414,10.9073,8.2827,4
2458658.545287,13.3401,23.7709,11.1564,7.8414,10.9073,8.2827,4
2458660.594117,9.5147,24.7272,11.1564,7.8414,10.9073,8.2827,4
2458660.725357,1.6979,14.6537,11.1564,7.8414,10.9073,8.2827,4
2458660.742997,2.7550,9.8521,11.1564,7.8414,10.9073,8.2827,4
2458660.770117,3.6752,37.7541,11.1564,7.8414,10.9073,8.2827,4
2458660.803617,-3.1080,14.8421,11.1564,7.8414,10.9073,8.2827,4
2458660.841097,-7.0274,32.1988,11.1564,7.8414,10.9073,8.2827,4
2458661.685927,24.0549,33.1224,11.1564,7.8414,10.9073,8.2827,4
2458661.702657,-4.6736,24.2850,11.1564,7.8414,10.9073,8.2827,4
2458662.514057,21.1713,13.8886,11.1564,7.8414,10.9073,8.2827,4
2458662.559807,10.6645,39.2535,11.1564,7.8414,10.9073,8.2827,4
2458662.592887,8.6177,20.5481,11.1564,7.8414,10.9073,8.2827,4
2458662.610007,18.9418,21.4098,11.1564,7.8414,10.9073,8.2827,4
2458662.658947,3.6320,22.5486,11.1564,7.8414,10.9073,8.2827,4
2458662.696577,12.0303,23.4999,11.1564,7.8414,10.9073,8.2827,4
2458662.735937,5.9087,8.9718,11.1564,7.8414,10.9073,8.2827,4
2458662.780907,28.3183,27.4869,11.1564,7.8414,10.9073,8.2827,4
2458662.797417,18.4395,8.1209,11.1564,7.8414,10.9073,8.2827,4
2458662.814717,2.3633,28.6337,11.1564,7.8414,10.9073,8.2827,4
2458662.831427,2.8885,15.5385,11.1564,7.8414,10.9073,8.2827,4
2458664.553897,19.9482,12.4883,11.1564,7.8414,10.9073,8.2827,4
2458664.656137,7.2290,14.4643,11.1564,7.8414,10.9073,8.2827,4
2458664.673067,-4.8654,10.3111,11.1564,7.8414,10.9073,8.2827,4
2458664.723917,6.0944,22.1981,11.1564,7.8414,10.9073,8.2827,4
2458664.785737,-9.4295,19.3752,11.1564,7.8414,10.9073,8.2827,4
2458664.806867,9.9166,22.7641,11.1564,7.8414,10.9073,8.2827,4
2458664.823377,-2.5261,11.5945,11.1564,7.8414,10.9073,8.2827,4
2458665.504277,21.7963,25.4419,11.1564,7.8414,10.9073,8.2827,4
2458665.537617,0.9816,21.7558,11.1564,7.8414,10.9073,8.2827,4
2458665.554107,23.5693,36.1904,11.1564,7.8414,10.9073,8.2827,4
2458665.587657,19.8634,20.3567,11.1564,7.8414,10.9073,8.2827,4
2458665.615227,6.8700,19.5901,11.1564,7.8414,10.9073,8.2827,4
2458665.632507,18.3921,9.3301,11.1564,7.8414,10.9073,8.2827,4
2458665.716217,7.5048,39.1277,11.1564,7.8414,10.9073,8.2827,4
2458665.733047,5.5306,11.3615,11.1564,7.8414,10.9073,8.2827,4
2458665.749707,13.8925,20.1312,11.1564,7.8414,10.9073,8.2827,4
2458665.773567,2.7513,5.8341,11.1564,7.8414,10.9073,8.2827,4
2458665.827737,4.7092,28.6573,11.1564,7.8414,10.9073,8.2827,4
2458666.642957,0.0056,10.7244,11.1564,7.8414,10.9073,8.2827,4
2458666.779637,20.0187,40.4379,11.1564,7.8414,10.9073,8.2827,4
2458667.503507,8.8186,15.2698,11.1564,7.8414,10.9073,8.2827,4
2458667.540687,7.6880,14.0256,11.1564,7.8414,10.9073,8.2827,4
2458667.573677,11.0483,26.9354,11.1564,7.8414,10.9073,8.2827,4
2458667.613307,-2.0008,20.2872,11.1564,7.8414,10.9073,8.2827,4
2458667.665587,-0.6831,21.2754,11.1564,7.8414,10.9073,8.2827,4
2458667.682227,-6.7860,14.6497,11.1564,7.8414,10.9073,8.2827,4
2458667.715917,3.5657,27.0506,11.1564,7.8414,10.9073,8.2827,4
2458667.732477,23.8798,26.9743,11.1564,7.8414,10.9073,8.2827,4
2458667.737007,-4.1061,28.9304,11.1564,7.8414,10.9073,8.2827,4
2458667.763917,12.5456,14.7100,11.1564,7.8414,10.9073,8.2827,4
2458667.797307,-8.3970,29.1720,11.1564,7.8414,10.9073,8.2827,4
2458667.814317,10.6912,20.2571,11.1564,7.8414,10.9073,8.2827,4
2458668.500867,-0.7680,39.8149,11.1564,7.8414,10.9073,8.2827,4
2458668.517257,24.8577,6.2210,11.1564,7.8414,10.9073,8.2827,4
2458668.533617,13.9754,24.1050,11.1564,7.8414,10.9073,8.2827,4
2458668.566917,17.4250,13.0113,11.1564,7.8414,10.9073,8.2827,4
2458668.609217,0.0843,23.7672,11.1564,7.8414,10.9073,8.2827,4
2458668.626037,13.4807,21.4415,11.1564,7.8414,10.9073,8.2827,4
2458668.661267,20.9445,22.8880,11.1564,7.8414,10.9073,8.2827,4
2458668.722327,9.9524,23.3299,11.1564,7.8414,10.9073,8.2827,4
2458668.738977,7.8438,11.1701,11.1564,7.8414,10.9073,8.2827,4
2458668.756057,25.0888,31.1473,11.1564,7.8414,10.9073,8.2827,4
2458669.496927,9.5533,16.8134,11.1564,7.8414,10.9073,8.2827,4
2458669.513517,9.8635,8.9361,11.1564,7.8414,10.9073,8.2827,4
2458669.530337,9.6667,17.5240,11.1564,7.8414,10.9073,8.2827,4
2458669.580567,4.7111,11.9323,11.1564,7.8414,10.9073,8.2827,4
2458669.616827,10.0996,18.7892,11.1564,7.8414,10.9073,8.2827,4
2458669.649757,2.1970,15.6840,11.1564,7.8414,10.9073,8.2827,4
2458669.683787,-0.2496,13.9054,11.1564,7.8414,10.9073,8.2827,4
2458669.712987,-5.9489,22.8081,11.1564,7.8414,10.9073,8.2827,4
2458669.729287,-1.9800,20.1521,11.1564,7.8414,10.9073,8.2827,4
2458669.746307,-2.9183,18.5100,11.1564,7.8414,10.9073,8.2827,4
2458669.763037,4.4852,10.3438,11.1564,7.8414,10.9073,8.2827,4
2458669.779857,4.5190,16.5922,11.1564,7.8414,10.9073,8.2827,4
2458669.805397,-0.1997,40.4141,11.1564,7.8414,10.9073,8.2827,4
2458670.588577,17.2998,32.1675,11.1564,7.8414,10.9073,8.2827,4
2458670.633187,-0.1266,36.5116,11.1564,7.8414,10.9073,8.2827,4
2458670.666377,1.6476,23.5857,11.1564,7.8414,10.9073,8.2827,4
2458670.682527,-3.0247,28.0095,11.1564,7.8414,10.9073,8.2827,4
2458671.629537,11.3827,28.4143,11.1564,7.8414,10.9073,8.2827,4
2458671.662837,6.0299,14.3955,11.1564,7.8414,10.9073,8.2827,4
2458672.641297,20.4561,40.1165,11.1564,7.8414,10.9073,8.2827,4
2458672.658367,7.3330,13.0881,11.1564,7.8414,10.9073,8.2827,4
2458673.626297,27.3853,40.9836,11.1564,7.8414,10.9073,8.2827,4
2458674.520067,16.0709,21.1473,11.1564,7.8414,10.9073,8.2827,4
2458674.539317,9.0357,19.5331,11.1564,7.8414,10.9073,8.2827,4
2458674.555887,-4.8184,17.9635,11.1564,7.8414,10.9073,8.2827,4
2458674.583847,-1.7393,23.6086,11.1564,7.8414,10.9073,8.2827,4
2458674.627677,-2.1169,23.7167,11.1564,7.8414,10.9073,8.2827,4
2458674.646017,9.1147,6.7857,11.1564,7.8414,10.9073,8.2827,4
2458674.662757,24.1226,25.0387,11.1564,7.8414,10.9073,8.2827,4
2458674.679547,-0.0519,10.1642,11.1564,7.8414,10.9073,8.2827,4
2458674.725167,0.3856,10.0839,11.1564,7.8414,10.9073,8.2827,4
2458674.741867,-6.8205,21.6817,11.1564,7.8414,10.9073,8.2827,4
2458674.777797,-4.8864,16.0231,11.1564,7.8414,10.9073,8.2827,4
2458675.480217,3.1271,24.5903,11.1564,7.8414,10.9073,8.2827,4
2458675.518417,23.1304,34.3933,11.1564,7.8414,10.9073,8.2827,4
2458675.535117,24.9912,37.0945,11.1564,7.8414,10.9073,8.2827,4
2458675.552117,20.6824,41.9478,11.1564,7.8414,10.9073,8.2827,4
2458675.579307,24.2879,38.2280,11.1564,7.8414,10.9073,8.2827,4
2458675.596257,17.2736,31.8710,11.1564,7.8414,10.9073,8.2827,4
2458675.616137,5.8694,15.5390,11.1564,7.8414,10.9073,8.2827,4
2458675.649727,-3.5080,30.2049,11.1564,7.8414,10.9073,8.2827,4
2458675.668007,-3.3336,25.4898,11.1564,7.8414,10.9073,8.2827,4
2458675.694977,5.5291,26.8954,11.1564,7.8414,10.9073,8.2827,4
2458675.711297,4.0872,35.3892,11.1564,7.8414,10.9073,8.2827,4
2458675.731447,2.6035,30.7824,11.1564,7.8414,10.9073,8.2827,4
2458675.748277,-5.3373,21.8368,11.1564,7.8414,10.9073,8.2827,4
2458675.765027,13.5284,17.7140,11.1564,7.8414,10.9073,8.2827,4
2458676.472297,11.1503,19.7208,11.1564,7.8414,10.9073,8.2827,4
2458676.489227,20.0607,19.3226,11.1564,7.8414,10.9073,8.2827,4
2458676.550377,-5.7632,25.1556,11.1564,7.8414,10.9073,8.2827,4
2458676.583947,12.6231,11.4628,11.1564,7.8414,10.9073,8.2827,4
2458676.585407,22.1147,29.3039,11.1564,7.8414,10.9073,8.2827,4
2458676.622377,7.0523,7.7876,11.1564,7.8414,10.9073,8.2827,4
2458676.649827,8.4239,21.6965,11.1564,7.8414,10.9073,8.2827,4
2458676.666697,-3.4435,29.2915,11.1564,7.8414,10.9073,8.2827,4
2458676.683657,2.1772,27.6765,11.1564,7.8414,10.9073,8.2827,4
2458676.700037,3.3213,34.1149,11.1564,7.8414,10.9073,8.2827,4
2458676.716527,4.0038,29.1892,11.1564,7.8414,10.9073,8.2827,4
2458676.802807,20.8794,23.5973,11.1564,7.8414,10.9073,8.2827,4
2458677.780757,-4.7447,38.8707,11.1564,7.8414,10.9073,8.2827,4
2458678.591467,17.2621,18.7642,11.1564,7.8414,10.9073,8.2827,4
2458678.613027,17.7393,32.4168,11.1564,7.8414,10.9073,8.2827,4
2458678.629937,21.1157,32.5708,11.1564,7.8414,10.9073,8.2827,4
2458680.640527,17.2232,36.4186,11.1564,7.8414,10.9073,8.2827,4
2458681.472757,-5.5756,6.3045,11.1564,7.8414,10.9073,8.2827,4
2458681.516607,18.9639,12.4155,11.1564,7.8414,10.9073,8.2827,4
2458681.568577,1.0866,37.2206,11.1564,7.8414,10.9073,8.2827,4
2458681.585427,2.6369,30.7668,11.1564,7.8414,10.9073,8.2827,4
2458681.602407,14.2243,29.0248,11.1564,7.8414,10.9073,8.2827,4
2458681.618957,-3.3215,21.4994,11.1564,7.8414,10.9073,8.2827,4
2458681.646447,-2.4953,25.2230,11.1564,7.8414,10.9073,8.2827,4
2458681.749647,19.8867,17.4969,11.1564,7.8414,10.9073,8.2827,4
2458682.560577,7.8696,21.8521,11.1564,7.8414,10.9073,8.2827,4
2458682.581507,5.2368,26.2129,11.1564,7.8414,10.9073,8.2827,4
2458682.598417,7.3463,29.8974,11.1564,7.8414,10.9073,8.2827,4
2458682.614867,-3.2501,23.9591,11.1564,7.8414,10.9073,8.2827,4
2458682.631437,12.7266,31.1322,11.1564,7.8414,10.9073,8.2827,4
2458682.658877,-3.4272,25.5258,11.1564,7.8414,10.9073,8.2827,4
2458682.676107,5.5675,8.2149,11.1564,7.8414,10.9073,8.2827,4
2458682.680927,2.8958,31.2317,11.1564,7.8414,10.9073,8.2827,4
2458682.713807,5.2553,36.3947,11.1564,7.8414,10.9073,8.2827,4
2458682.730757,2.3628,27.2186,11.1564,7.8414,10.9073,8.2827,4
2458682.747257,-2.4642,23.3453,11.1564,7.8414,10.9073,8.2827,4
2458682.774367,0.0012,10.8984,11.1564,7.8414,10.9073,8.2827,4
2458683.510737,11.6784,37.5676,11.1564,7.8414,10.9073,8.2827,4
2458683.560267,14.0630,11.6920,11.1564,7.8414,10.9073,8.2827,4
2458683.593867,5.2030,34.8491,11.1564,7.8414,10.9073,8.2827,4
2458683.611147,9.9069,7.7090,11.1564,7.8414,10.9073,8.2827,4
2458683.627877,14.0391,41.2491,11.1564,7.8414,10.9073,8.2827,4
2458684.544867,2.4406,29.1599,11.1564,7.8414,10.9073,8.2827,4
2458684.573157,13.6911,31.0619,11.1564,7.8414,10.9073,8.2827,4
2458684.589707,0.5369,20.4732,11.1564,7.8414,10.9073,8.2827,4
2458684.614857,-8.9126,9.2080,11.1564,7.8414,10.9073,8.2827,4
2458684.631667,2.7552,28.1351,11.1564,7.8414,10.9073,8.2827,4
2458684.648577,2.3432,35.1701,11.1564,7.8414,10.9073,8.2827,4
2458684.682127,4.1749,24.4458,11.1564,7.8414,10.9073,8.2827,4
2458684.699347,2.3907,34.8553,11.1564,7.8414,10.9073,8.2827,4
2458684.715907,-10.7671,20.3713,11.1564,7.8414,10.9073,8.2827,4
2458684.732237,3.2609,16.7474,11.1564,7.8414,10.9073,8.2827,4
2458685.487027,9.7873,25.5662,11.1564,7.8414,10.9073,8.2827,4
2458685.504497,6.1036,24.9830,11.1564,7.8414,10.9073,8.2827,4
2458685.521147,14.9763,20.9393,11.1564,7.8414,10.9073,8.2827,4
2458685.635737,7.8979,43.5493,11.1564,7.8414,10.9073,8.2827,4
2458687.679057,14.0474,20.6295,11.1564,7.8414,10.9073,8.2827,4
2458687.747777,4.6902,25.7503,11.1564,7.8414,10.9073,8.2827,4
2458687.765917,4.0873,38.1493,11.1564,7.8414,10.9073,8.2827,4
2458688.646807,18.8218,12.8413,11.1564,7.8414,10.9073,8.2827,4
2458688.663687,9.7529,21.7489,11.1564,7.8414,10.9073,8.2827,4
2458688.728977,-9.8198,32.5453,11.1564,7.8414,10.9073,8.2827,4
2458688.746007,-3.6048,35.9282,11.1564,7.8414,10.9073,8.2827,4
2458688.762527,-5.9290,31.3730,11.1564,7.8414,10.9073,8.2827,4
2458689.516907,6.5011,40.4314,11.1564,7.8414,10.9073,8.2827,4
2458689.567777,19.6836,39.9101,11.1564,7.8414,10.9073,8.2827,4
2458689.614277,3.4921,17.4368,11.1564,7.8414,10.9073,8.2827,4
2458689.679397,21.1810,30.5179,11.1564,7.8414,10.9073,8.2827,4
2458689.696017,0.0744,6.5651,11.1564,7.8414,10.9073,8.2827,4
2458690.472737,1.5345,33.1383,11.1564,7.8414,10.9073,8.2827,4
2458690.491407,6.9702,19.4594,11.1564,7.8414,10.9073,8.2827,4
2458690.534987,14.8913,15.1919,11.1564,7.8414,10.9073,8.2827,4
2458690.551907,5.7772,23.2507,11.1564,7.8414,10.9073,8.2827,4
2458690.568757,2.0092,29.9567,11.1564,7.8414,10.9073,8.2827,4
2458690.586057,-0.5336,20.7206,11.1564,7.8414,10.9073,8.2827,4
2458690.602497,5.1719,20.9319,11.1564,7.8414,10.9073,8.2827,4
2458690.633187,3.8838,16.2658,11.1564,7.8414,10.9073,8.2827,4
2458690.666697,17.4887,21.7401,11.1564,7.8414,10.9073,8.2827,4
2458690.683637,4.4703,11.9683,11.1564,7.8414,10.9073,8.2827,4
2458690.716957,4.3392,24.3103,11.1564,7.8414,10.9073,8.2827,4
2458690.744197,-9.9009,7.4809,11.1564,7.8414,10.9073,8.2827,4
2458690.761267,6.0881,8.0666,11.1564,7.8414,10.9073,8.2827,4
2458691.548937,14.6756,16.6575,11.1564,7.8414,10.9073,8.2827,4
2458691.596317,0.4450,17.7133,11.1564,7.8414,10.9073,8.2827,4
2458691.612927,6.5160,20.7735,11.1564,7.8414,10.9073,8.2827,4
2458691.673437,17.8784,7.3131,11.1564,7.8414,10.9073,8.2827,4
2458691.689977,1.5522,26.4434,11.1564,7.8414,10.9073,8.2827,4
2458691.706747,-0.1288,19.7004,11.1564,7.8414,10.9073,8.2827,4
2458691.723757,-1.2832,30.2487,11.1564,7.8414,10.9073,8.2827,4
2458691.740697,-5.0082,8.6522,11.1564,7.8414,10.9073,8.2827,4
2458692.476247,11.1150,27.6870,11.1564,7.8414,10.9073,8.2827,4
2458692.510827,12.8720,26.7628,11.1564,7.8414,10.9073,8.2827,4
2458692.527547,5.3185,13.9373,11.1564,7.8414,10.9073,8.2827,4
2458692.544357,14.8730,20.5203,11.1564,7.8414,10.9073,8.2827,4
2458692.561677,23.6331,24.1717,11.1564,7.8414,10.9073,8.2827,4
2458692.591757,-0.1535,32.1667,11.1564,7.8414,10.9073,8.2827,4
2458692.608257,8.4099,16.3831,11.1564,7.8414,10.9073,8.2827,4
2458692.625617,-1.0173,20.3445,11.1564,7.8414,10.9073,8.2827,4
2458692.658247,4.6874,20.0753,11.1564,7.8414,10.9073,8.2827,4
2458692.685187,3.4017,13.6338,11.1564,7.8414,10.9073,8.2827,4
2458692.718327,10.9407,8.5839,11.1564,7.8414,10.9073,8.2827,4
2458692.735007,19.2431,16.5066,11.1564,7.8414,10.9073,8.2827,4
2458692.751487,10.5437,14.2489,11.1564,7.8414,10.9073,8.2827,4
2458693.548297,8.5472,25.6290,11.1564,7.8414,10.9073,8.2827,4
2458693.575257,15.8763,25.2618,11.1564,7.8414,10.9073,8.2827,4
2458693.591697,3.3405,26.0702,11.1564,7.8414,10.9073,8.2827,4
2458693.613157,-0.7454,7.6858,11.1564,7.8414,10.9073,8.2827,4
2458693.663547,11.5038,35.6802,11.1564,7.8414,10.9073,8.2827,4
2458693.690697,8.4628,12.3478,11.1564,7.8414,10.9073,8.2827,4
2458693.710957,14.7169,13.5232,11.1564,7.8414,10.9073,8.2827,4
2458693.743637,7.2740,34.6832,11.1564,7.8414,10.9073,8.2827,4
2458694.501777,9.9901,20.2280,11.1564,7.8414,10.9073,8.2827,4
2458694.518347,-3.4779,15.8092,11.1564,7.8414,10.9073,8.2827,4
2458694.535297,0.8865,25.5360,11.1564,7.8414,10.9073,8.2827,4
2458694.551917,15.1330,17.8206,11.1564,7.8414,10.9073,8.2827,4
2458694.570257,12.9551,19.4045,11.1564,7.8414,10.9073,8.2827,4
2458694.636667,-6.0118,15.5022,11.1564,7.8414,10.9073,8.2827,4
2458694.653467,4.7568,9.0229,11.1564,7.8414,10.9073,8.2827,4
2458694.711257,3.5696,31.0054,11.1564,7.8414,10.9073,8.2827,4
2458694.744877,-4.6794,25.8531,11.1564,7.8414,10.9073,8.2827,4
2458695.587787,9.7534,38.3860,11.1564,7.8414,10.9073,8.2827,4
2458695.648857,2.3532,29.0451,11.1564,7.8414,10.9073,8.2827,4
2458695.669057,3.1172,22.9634,11.1564,7.8414,10.9073,8.2827,4
2458695.685797,20.2978,30.1158,11.1564,7.8414,10.9073,8.2827,4
2458695.731057,13.6550,18.5479,11.1564,7.8414,10.9073,8.2827,4
2458696.593097,-2.2667,17.0446,11.1564,7.8414,10.9073,8.2827,4
2458697.525927,0.6620,9.2139,11.1564,7.8414,10.9073,8.2827,4
2458697.542517,-0.8161,24.8352,11.1564,7.8414,10.9073,8.2827,4
2458697.559087,-1.9352,13.4314,11.1564,7.8414,10.9073,8.2827,4
2458697.595157,8.6165,29.8521,11.1564,7.8414,10.9073,8.2827,4
2458697.624497,2.9501,17.5994,11.1564,7.8414,10.9073,8.2827,4
2458697.703347,7.4668,23.7642,11.1564,7.8414,10.9073,8.2827,4
2458697.720347,10.3651,40.5084,11.1564,7.8414,10.9073,8.2827,4
2458698.606487,1.4198,29.9992,11.1564,7.8414,10.9073,8.2827,4
2458698.640277,10.4906,11.9283,11.1564,7.8414,10.9073,8.2827,4
2458698.657147,1.3010,19.9334,11.1564,7.8414,10.9073,8.2827,4
2458698.673297,-0.4716,19.4268,11.1564,7.8414,10.9073,8.2827,4
2458698.700887,16.7690,33.1500,11.1564,7.8414,10.9073,8.2827,4
2458699.554687,3.8284,42.0006,11.1564,7.8414,10.9073,8.2827,4
2458699.717177,19.9455,37.0940,11.1564,7.8414,10.9073,8.2827,4
2458700.506667,-0.2023,22.0241,11.1564,7.8414,10.9073,8.2827,4
2458700.523667,22.1632,27.4319,11.1564,7.8414,10.9073,8.2827,4
2458700.618347,-0.5279,32.0692,11.1564,7.8414,10.9073,8.2827,4
2458700.634537,8.2154,22.8393,11.1564,7.8414,10.9073,8.2827,4
2458701.474737,2.1961,13.4643,11.1564,7.8414,10.9073,8.2827,4
2458701.491327,9.2008,31.4149,11.1564,7.8414,10.9073,8.2827,4
2458701.514027,3.9442,18.2895,11.1564,7.8414,10.9073,8.2827,4
2458701.542387,3.1882,27.4531,11.1564,7.8414,10.9073,8.2827,4
2458701.559307,3.3746,21.9245,11.1564,7.8414,10.9073,8.2827,4
2458701.576307,4.6518,27.3589,11.1564,7.8414,10.9073,8.2827,4
2458701.637527,-4.0229,13.4476,11.1564,7.8414,10.9073,8.2827,4
2458701.653967,3.1105,18.3009,11.1564,7.8414,10.9073,8.2827,4
2458702.480247,0.4781,22.4503,11.1564,7.8414,10.9073,8.2827,4
2458702.499457,0.9836,24.5712,11.1564,7.8414,10.9073,8.2827,4
2458702.551697,14.0005,13.4314,11.1564,7.8414,10.9073,8.2827,4
2458702.578907,3.4045,25.3326,11.1564,7.8414,10.9073,8.2827,4
2458702.614607,-2.1623,13.8750,11.1564,7.8414,10.9073,8.2827,4
2458702.630917,-5.0537,21.7306,11.1564,7.8414,10.9073,8.2827,4
2458702.670077,8.0670,13.3696,11.1564,7.8414,10.9073,8.2827,4
2458702.699367,-0.6984,21.2922,11.1564,7.8414,10.9073,8.2827,4
2458702.715677,2.7357,14.8537,11.1564,7.8414,10.9073,8.2827,4
2458702.734077,16.4143,14.1266,11.1564,7.8414,10.9073,8.2827,4
2458703.462937,14.2801,34.5047,11.1564,7.8414,10.9073,8.2827,4
2458703.482317,9.5770,23.4010,11.1564,7.8414,10.9073,8.2827,4
2458703.662047,0.0835,27.0491,11.1564,7.8414,10.9073,8.2827,4
2458703.678817,16.0321,7.9668,11.1564,7.8414,10.9073,8.2827,4
2458703.712137,9.4637,29.8368,11.1564,7.8414,10.9073,8.2827,4
2458704.656077,9.9207,10.9704,11.1564,7.8414,10.9073,8.2827,4
2458704.673117,-0.1228,39.6053,11.1564,7.8414,10.9073,8.2827,4
2458705.489617,20.0985,16.6571,11.1564,7.8414,10.9073,8.2827,4
2458705.507077,6.4028,23.1491,11.1564,7.8414,10.9073,8.2827,4
2458705.528787,12.7023,37.4076,11.1564,7.8414,10.9073,8.2827,4
2458705.546577,-6.8307,29.5875,11.1564,7.8414,10.9073,8.2827,4
2458705.565487,12.6247,36.3895,11.1564,7.8414,10.9073,8.2827,4
2458705.614677,5.2023,29.8163,11.1564,7.8414,10.9073,8.2827,4
2458705.631327,17.4868,35.8736,11.1564,7.8414,10.9073,8.2827,4
2458705.648597,-1.3745,9.8604,11.1564,7.8414,10.9073,8.2827,4
2458705.673647,-3.6702,16.6754,11.1564,7.8414,10.9073,8.2827,4
2458705.691927,22.8477,12.7149,11.1564,7.8414,10.9073,8.2827,4
2458707.552667,1.4171,10.6943,11.1564,7.8414,10.9073,8.2827,4
2458708.463697,22.6291,25.5659,11.1564,7.8414,10.9073,8.2827,4
2458708.480587,9.0370,24.9684,11.1564,7.8414,10.9073,8.2827,4
2458708.497267,2.4197,25.8083,11.1564,7.8414,10.9073,8.2827,4
2458708.513737,15.0983,23.5070,11.1564,7.8414,10.9073,8.2827,4
2458708.542387,6.3134,42.2533,11.1564,7.8414,10.9073,8.2827,4
2458708.559357,7.0234,17.5544,11.1564,7.8414,10.9073,8.2827,4
2458708.576457,1.1634,16.3543,11.1564,7.8414,10.9073,8.2827,4
2458708.610037,15.1985,16.6189,11.1564,7.8414,10.9073,8.2827,4
2458708.636947,-3.2994,12.9859,11.1564,7.8414,10.9073,8.2827,4
2458708.679627,18.0615,30.1090,11.1564,7.8414,10.9073,8.2827,4
2458708.696287,15.1577,23.9083,11.1564,7.8414,10.9073,8.2827,4
2458709.527677,14.8911,21.8905,11.1564,7.8414,10.9073,8.2827,4
2458709.622627,-8.8131,35.6046,11.1564,7.8414,10.9073,8.2827,4
2458710.479527,9.9812,23.9259,11.1564,7.8414,10.9073,8.2827,4
2458710.495927,4.1651,18.6695,11.1564,7.8414,10.9073,8.2827,4
2458710.534307,5.8229,20.3449,11.1564,7.8414,10.9073,8.2827,4
2458710.580797,10.2822,32.9151,11.1564,7.8414,10.9073,8.2827,4
2458710.601887,8.4635,25.4743,11.1564,7.8414,10.9073,8.2827,4
2458711.503747,21.1740,42.4612,11.1564,7.8414,10.9073,8.2827,4
2458711.520217,8.7684,23.9131,11.1564,7.8414,10.9073,8.2827,4
2458711.536807,14.1106,27.8691,11.1564,7.8414,10.9073,8.2827,4
2458711.553897,-1.7415,29.3904,11.1564,7.8414,10.9073,8.2827,4
2458711.571157,5.3341,28.2566,11.1564,7.8414,10.9073,8.2827,4
2458711.602027,8.0537,18.1048,11.1564,7.8414,10.9073,8.2827,4
2458711.618387,6.7272,24.7518,11.1564,7.8414,10.9073,8.2827,4
2458711.635277,1.5495,27.5609,11.1564,7.8414,10.9073,8.2827,4
2458711.652197,3.2963,12.0206,11.1564,7.8414,10.9073,8.2827,4
2458711.668877,10.2585,18.9910,11.1564,7.8414,10.9073,8.2827,4
2458712.527607,10.5122,10.9888,11.1564,7.8414,10.9073,8.2827,4
2458712.588307,9.9138,19.4914,11.1564,7.8414,10.9073,8.2827,4
2458712.615457,14.8443,27.9477,11.1564,7.8414,10.9073,8.2827,4
2458712.632757,3.0870,27.3508,11.1564,7.8414,10.9073,8.2827,4
2458712.653027,7.2269,27.2638,11.1564,7.8414,10.9073,8.2827,4
2458712.669297,6.5559,19.3585,11.1564,7.8414,10.9073,8.2827,4
2458713.485037,6.4503,29.8506,11.1564,7.8414,10.9073,8.2827,4
2458713.535967,-4.9513,23.2012,11.1564,7.8414,10.9073,8.2827,4
2458713.553117,-0.7072,18.6906,11.1564,7.8414,10.9073,8.2827,4
2458713.570267,4.4836,25.5376,11.1564,7.8414,10.9073,8.2827,4
2458713.690707,0.1257,17.4128,11.1564,7.8414,10.9073,8.2827,4
2458714.487607,6.0767,19.8512,11.1564,7.8414,10.9073,8.2827,4
2458714.504937,20.4448,26.5926,11.1564,7.8414,10.9073,8.2827,4
2458714.623837,15.5613,22.3375,11.1564,7.8414,10.9073,8.2827,4
2458714.656917,15.6175,19.2252,11.1564,7.8414,10.9073,8.2827,4
2458714.673757,19.9104,28.2812,11.1564,7.8414,10.9073,8.2827,4
2458715.511667,-7.2334,17.4096,11.1564,7.8414,10.9073,8.2827,4
2458715.528637,-2.2068,35.0601,11.1564,7.8414,10.9073,8.2827,4
2458715.562217,-4.8036,22.4674,11.1564,7.8414,10.9073,8.2827,4
2458715.589587,3.7751,36.9434,11.1564,7.8414,10.9073,8.2827,4
2458715.606747,4.4312,20.6611,11.1564,7.8414,10.9073,8.2827,4
2458715.656787,1.0787,21.6967,11.1564,7.8414,10.9073,8.2827,4
2458715.685847,2.3518,22.1252,11.1564,7.8414,10.9073,8.2827,4
2458716.487327,3.2724,31.0273,11.1564,7.8414,10.9073,8.2827,4
2458716.505677,-2.9912,12.5266,11.1564,7.8414,10.9073,8.2827,4
2458716.522517,1.7910,23.6139,11.1564,7.8414,10.9073,8.2827,4
2458716.583637,5.7008,23.6855,11.1564,7.8414,10.9073,8.2827,4
2458716.621167,-9.2041,21.4052,11.1564,7.8414,10.9073,8.2827,4
2458716.637937,3.2260,14.1842,11.1564,7.8414,10.9073,8.2827,4
2458717.493287,10.1428,32.4958,11.1564,7.8414,10.9073,8.2827,4
2458717.558627,-8.6773,8.4491,11.1564,7.8414,10.9073,8.2827,4
2458717.575297,0.2443,13.8998,11.1564,7.8414,10.9073,8.2827,4
2458717.592017,-6.8120,18.0108,11.1564,7.8414,10.9073,8.2827,4
2458717.691387,17.7774,33.8386,11.1564,7.8414,10.9073,8.2827,4
2458718.487007,6.6519,38.7807,11.1564,7.8414,10.9073,8.2827,4
2458718.505757,-5.9014,29.4485,11.1564,7.8414,10.9073,8.2827,4
2458718.543197,-10.4583,30.0006,11.1564,7.8414,10.9073,8.2827,4
2458718.587527,0.4191,26.7941,11.1564,7.8414,10.9073,8.2827,4
2458718.640667,19.3374,20.2374,11.1564,7.8414,10.9073,8.2827,4
2458718.675177,17.7389,32.1602,11.1564,7.8414,10.9073,8.2827,4
2458719.654847,-7.2778,25.5321,11.1564,7.8414,10.9073,8.2827,4
2458719.673867,4.0911,27.8188,11.1564,7.8414,10.9073,8.2827,4
2458720.578837,1.3748,19.9385,11.1564,7.8414,10.9073,8.2827,4
2458720.595707,21.9118,23.8841,11.1564,7.8414,10.9073,8.2827,4
2458721.506517,-2.1591,17.5968,11.1564,7.8414,10.9073,8.2827,4
2458721.556237,13.0834,18.3113,11.1564,7.8414,10.9073,8.2827,4
2458721.572597,-7.7125,20.4710,11.1564,7.8414,10.9073,8.2827,4
2458721.633887,20.8711,23.9890,11.1564,7.8414,10.9073,8.2827,4
2458721.667427,5.5968,35.3708,11.1564,7.8414,10.9073,8.2827,4
2458722.555557,2.1110,25.8425,11.1564,7.8414,10.9073,8.2827,4
2458722.572087,-5.5240,33.6410,11.1564,7.8414,10.9073,8.2827,4
2458723.549327,6.1097,12.0386,11.1564,7.8414,10.9073,8.2827,4
2458723.591487,18.3194,31.1149,11.1564,7.8414,10.9073,8.2827,4
2458724.488307,6.3771,14.7468,11.1564,7.8414,10.9073,8.2827,4
2458724.549287,8.7269,27.6237,11.1564,7.8414,10.9073,8.2827,4
2458724.661397,5.7144,27.7508,11.1564,7.8414,10.9073,8.2827,4
2458725.486797,1.8721,27.1463,11.1564,7.8414,10.9073,8.2827,4
2458725.548527,4.1367,37.2359,11.1564,7.8414,10.9073,8.2827,4
2458725.570497,-0.8240,14.5514,11.1564,7.8414,10.9073,8.2827,4
2458725.603517,5.5519,23.5478,11.1564,7.8414,10.9073,8.2827,4
2458725.620617,-3.8670,9.0457,11.1564,7.8414,10.9073,8.2827,4
2458725.653497,18.2367,12.2633,11.1564,7.8414,10.9073,8.2827,4
2458725.659007,6.8547,11.7441,11.1564,7.8414,10.9073,8.2827,4
2458726.561687,-4.0084,20.1879,11.1564,7.8414,10.9073,8.2827,4
2458726.578107,3.7597,19.9744,11.1564,7.8414,10.9073,8.2827,4
2458726.594887,2.1319,12.9878,11.1564,7.8414,10.9073,8.2827,4
2458726.611767,-4.1323,19.1712,11.1564,7.8414,10.9073,8.2827,4
2458726.628007,5.9957,22.4668,11.1564,7.8414,10.9073,8.2827,4
2458726.659657,6.2607,29.1334,11.1564,7.8414,10.9073,8.2827,4
2458727.530637,-7.7369,12.3503,11.1564,7.8414,10.9073,8.2827,4
2458727.547487,1.0048,26.6936,11.1564,7.8414,10.9073,8.2827,4
2458727.564397,0.6550,16.4882,11.1564,7.8414,10.9073,8.2827,4
2458727.608317,0.5477,16.7108,11.1564,7.8414,10.9073,8.2827,4
2458727.662387,-4.9461,38.0534,11.1564,7.8414,10.9073,8.2827,4
2458728.482007,-1.6179,22.0952,11.1564,7.8414,10.9073,8.2827,4
2458728.502367,2.2167,17.2046,11.1564,7.8414,10.9073,8.2827,4
2458728.533357,2.3623,21.5579,11.1564,7.8414,10.9073,8.2827,4
2458728.549627,-4.0554,15.4208,11.1564,7.8414,10.9073,8.2827,4
2458728.566217,9.0602,23.9642,11.1564,7.8414,10.9073,8.2827,4
2458728.582937,12.0460,15.8113,11.1564,7.8414,10.9073,8.2827,4
2458728.599887,4.5660,13.8052,11.1564,7.8414,10.9073,8.2827,4
2458728.628257,6.2024,27.2785,11.1564,7.8414,10.9073,8.2827,4
2458728.646747,7.1602,25.3271,11.1564,7.8414,10.9073,8.2827,4
2458728.654957,-3.6703,21.5992,11.1564,7.8414,10.9073,8.2827,4
2458729.488517,1.0073,20.1472,11.1564,7.8414,10.9073,8.2827,4
2458729.526517,11.0883,14.8617,11.1564,7.8414,10.9073,8.2827,4
2458729.554507,11.5081,28.8887,11.1564,7.8414,10.9073,8.2827,4
2458729.570817,-4.2371,26.6159,11.1564,7.8414,10.9073,8.2827,4
2458729.589367,-6.1440,16.3439,11.1564,7.8414,10.9073,8.2827,4
2458729.622507,4.6788,13.0984,11.1564,7.8414,10.9073,8.2827,4
2458729.639417,4.0863,20.1470,11.1564,7.8414,10.9073,8.2827,4
2458729.650487,12.5167,37.2340,11.1564,7.8414,10.9073,8.2827,4
2458730.516917,1.9052,19.7321,11.1564,7.8414,10.9073,8.2827,4
2458730.550187,2.2996,21.8371,11.1564,7.8414,10.9073,8.2827,4
2458730.566737,-5.4637,23.1846,11.1564,7.8414,10.9073,8.2827,4
2458730.611847,5.8066,23.5547,11.1564,7.8414,10.9073,8.2827,4
2458730.628527,12.5736,30.3344,11.1564,7.8414,10.9073,8.2827,4
2458731.523427,-1.5682,12.1650,11.1564,7.8414,10.9073,8.2827,4
2458731.540907,18.8158,25.9142,11.1564,7.8414,10.9073,8.2827,4
2458731.582317,10.6824,12.2669,11.1564,7.8414,10.9073,8.2827,4
2458731.652487,16.5901,22.0679,11.1564,7.8414,10.9073,8.2827,4
2458734.482787,0.6788,29.4471,11.1564,7.8414,10.9073,8.2827,4
2458734.528327,7.7320,24.9848,11.1564,7.8414,10.9073,8.2827,4
2458738.508737,-4.3363,34.5039,11.1564,7.8414,10.9073,8.2827,4
2458738.530177,0.2524,24.6991,11.1564,7.8414,10.9073,8.2827,4
2458738.546757,-1.1399,27.7880,11.1564,7.8414,10.9073,8.2827,4
2458738.563127,9.3266,32.6386,11.1564,7.8414,10.9073,8.2827,4
2458738.590327,1.5719,23.0476,11.1564,7.8414,10.9073,8.2827,4
2458738.624057,9.9420,24.2914,11.1564,7.8414,10.9073,8.2827,4
2458738.632387,18.8274,25.3385,11.1564,7.8414,10.9073,8.2827,4
2458739.484227,19.3469,30.1871,11.1564,7.8414,10.9073,8.2827,4
2458739.611277,18.8914,20.1564,11.1564,7.8414,10.9073,8.2827,4
2458740.506497,6.7634,14.2846,11.1564,7.8414,10.9073,8.2827,4
2458740.532857,-2.9929,24.4067,11.1564,7.8414,10.9073,8.2827,4
2458740.566057,17.6150,16.3777,11.1564,7.8414,10.9073,8.2827,4
2458740.582537,10.1586,31.6681,11.1564,7.8414,10.9073,8.2827,4
2458740.618827,-3.3993,35.5849,11.1564,7.8414,10.9073,8.2827,4
2458741.510297,4.4915,13.0016,11.1564,7.8414,10.9073,8.2827,4
2458741.536107,8.7736,19.4620,11.1564,7.8414,10.9073,8.2827,4
2458741.619627,0.9698,28.2786,11.1564,7.8414,10.9073,8.2827,4
2458742.508907,4.5617,26.3816,11.1564,7.8414,10.9073,8.2827,4
2458742.525577,2.2252,23.9280,11.1564,7.8414,10.9073,8.2827,4
2458742.542427,-2.0167,19.9847,11.1564,7.8414,10.9073,8.2827,4
2458742.558897,-1.4346,27.7511,11.1564,7.8414,10.9073,8.2827,4
2458742.602727,8.3554,20.2366,11.1564,7.8414,10.9073,8.2827,4
2458742.618027,9.4963,21.3554,11.1564,7.8414,10.9073,8.2827,4
2458743.521497,20.7715,33.7008,11.1564,7.8414,10.9073,8.2827,4
2458746.540177,17.2174,16.5105,11.1564,7.8414,10.9073,8.2827,4
2458746.573967,-4.8408,24.3046,11.1564,7.8414,10.9073,8.2827,4
2458747.497557,2.7107,14.9043,11.1564,7.8414,10.9073,8.2827,4
2458747.530957,-1.6842,20.0287,11.1564,7.8414,10.9073,8.2827,4
2458747.547337,14.6711,23.1497,11.1564,7.8414,10.9073,8.2827,4
2458747.576027,16.6457,42.1433,11.1564,7.8414,10.9073,8.2827,4
2458748.514607,14.0291,12.1806,11.1564,7.8414,10.9073,8.2827,4
2458748.587407,-4.1664,35.4169,11.1564,7.8414,10.9073,8.2827,4
2458750.512027,-11.8406,23.6548,11.1564,7.8414,10.9073,8.2827,4
2458750.541667,0.4897,33.2069,11.1564,7.8414,10.9073,8.2827,4
2458750.558127,10.5645,11.8095,11.1564,7.8414,10.9073,8.2827,4
2458750.591367,24.5505,12.6488,11.1564,7.8414,10.9073,8.2827,4
2458750.595577,-1.6207,17.5530,11.1564,7.8414,10.9073,8.2827,4
2458752.481507,-1.4524,19.9417,11.1564,7.8414,10.9073,8.2827,4
2458752.576797,18.7352,3.0248,11.1564,7.8414,10.9073,8.2827,4
2458752.596597,16.0371,41.9869,11.1564,7.8414,10.9073,8.2827,4
2458753.519367,-1.8130,22.5865,11.1564,7.8414,10.9073,8.2827,4
2458754.509577,23.6483,21.0048,11.1564,7.8414,10.9073,8.2827,4
2458754.577997,12.9480,28.1782,11.1564,7.8414,10.9073,8.2827,4
2458755.509027,-11.5902,18.5937,11.1564,7.8414,10.9073,8.2827,4
2458755.574347,-7.0898,23.1302,11.1564,7.8414,10.9073,8.2827,4
2458756.494047,2.4269,17.5092,11.1564,7.8414,10.9073,8.2827,4
2458756.511927,17.6424,31.4028,11.1564,7.8414,10.9073,8.2827,4
2458756.528587,-3.5225,13.3394,11.1564,7.8414,10.9073,8.2827,4
2458756.555437,8.3146,25.0286,11.1564,7.8414,10.9073,8.2827,4
2458756.572127,15.4189,20.4815,11.1564,7.8414,10.9073,8.2827,4
2458756.584757,0.2337,36.8945,11.1564,7.8414,10.9073,8.2827,4
2458757.495007,18.3121,30.0979,11.1564,7.8414,10.9073,8.2827,4
2458757.512017,-7.9278,20.9294,11.1564,7.8414,10.9073,8.2827,4
2458757.528557,8.9590,23.8674,11.1564,7.8414,10.9073,8.2827,4
2458757.555827,-12.3590,13.5746,11.1564,7.8414,10.9073,8.2827,4
2458761.501117,7.6122,28.6829,11.1564,7.8414,10.9073,8.2827,4
2458761.517907,-10.1537,38.8216,11.1564,7.8414,10.9073,8.2827,4
2458761.545387,15.9147,13.9086,11.1564,7.8414,10.9073,8.2827,4
2458761.569967,-1.3319,21.5168,11.1564,7.8414,10.9073,8.2827,4
2458762.492677,-7.6399,21.1030,11.1564,7.8414,10.9073,8.2827,4
2458762.509407,4.8426,13.4618,11.1564,7.8414,10.9073,8.2827,4
2458762.538987,-16.1904,22.3040,11.1564,7.8414,10.9073,8.2827,4
2458762.556187,10.5768,48.0103,11.1564,7.8414,10.9073,8.2827,4
2458763.484717,9.8751,31.8212,11.1564,7.8414,10.9073,8.2827,4
2458763.501207,-3.9881,37.0920,11.1564,7.8414,10.9073,8.2827,4
2458763.517377,-0.2754,15.3161,11.1564,7.8414,10.9073,8.2827,4
2458763.565927,14.6872,20.6738,11.1564,7.8414,10.9073,8.2827,4
2458764.545977,5.4494,43.6160,11.1564,7.8414,10.9073,8.2827,4
2458765.503367,9.5344,19.0802,11.1564,7.8414,10.9073,8.2827,4
2458767.551907,8.2227,23.3442,11.1564,7.8414,10.9073,8.2827,4
2458768.509027,3.8146,31.7912,11.1564,7.8414,10.9073,8.2827,4
2458768.526077,25.5556,4.7198,11.1564,7.8414,10.9073,8.2827,4
2458768.543027,3.1179,10.7763,11.1564,7.8414,10.9073,8.2827,4
2458768.552537,3.5524,13.4065,11.1564,7.8414,10.9073,8.2827,4
2458772.501717,6.3353,1.2637,11.1564,7.8414,10.9073,8.2827,4
2458774.513877,1.0392,11.0040,11.1564,7.8414,10.9073,8.2827,4
2458774.530657,-8.6601,12.3005,11.1564,7.8414,10.9073,8.2827,4
2458775.493217,14.0109,2.4077,11.1564,7.8414,10.9073,8.2827,4
2459265.869757,16.4498,9.3227,11.1564,7.8414,8.6087,7.9260,5
2459265.890707,8.9685,6.0972,11.1564,7.8414,8.6087,7.9260,5
2459266.866437,1.4279,2.5832,11.1564,7.8414,8.6087,7.9260,5
2459267.883527,14.8345,1.7507,11.1564,7.8414,8.6087,7.9260,5
2459267.901297,-0.7290,7.7561,11.1564,7.8414,8.6087,7.9260,5
2459269.863077,6.2092,-0.9865,11.1564,7.8414,8.6087,7.9260,5
2459269.880777,3.0596,24.3033,11.1564,7.8414,8.6087,7.9260,5
2459269.898647,11.7278,17.8045,11.1564,7.8414,8.6087,7.9260,5
2459270.884687,1.3653,5.6169,11.1564,7.8414,8.6087,7.9260,5
2459271.864787,10.1075,4.8363,11.1564,7.8414,8.6087,7.9260,5
2459271.881867,-2.1215,9.5780,11.1564,7.8414,8.6087,7.9260,5
2459273.899777,-6.1418,18.6572,11.1564,7.8414,8.6087,7.9260,5
2459274.832727,15.8773,-1.8679,11.1564,7.8414,8.6087,7.9260,5
2459274.854797,3.6641,27.3139,11.1564,7.8414,8.6087,7.9260,5
2459274.873747,5.3636,3.7801,11.1564,7.8414,8.6087,7.9260,5
2459276.833597,-1.1303,27.5591,11.1564,7.8414,8.6087,7.9260,5
2459276.870187,2.3097,17.4173,11.1564,7.8414,8.6087,7.9260,5
2459276.887457,-4.1558,4.9379,11.1564,7.8414,8.6087,7.9260,5
2459277.831917,13.4605,12.2208,11.1564,7.8414,8.6087,7.9260,5
2459277.873797,1.8729,9.9861,11.1564,7.8414,8.6087,7.9260,5
2459277.891717,7.7149,2.5425,11.1564,7.8414,8.6087,7.9260,5
2459277.909157,-1.0276,21.2673,11.1564,7.8414,8.6087,7.9260,5
2459278.830857,6.7621,-2.5495,11.1564,7.8414,8.6087,7.9260,5
2459278.895577,-4.9592,7.8409,11.1564,7.8414,8.6087,7.9260,5
2459279.854667,9.9441,20.5229,11.1564,7.8414,8.6087,7.9260,5
2459279.882377,5.5639,12.6362,11.1564,7.8414,8.6087,7.9260,5
2459279.902647,11.7572,11.6727,11.1564,7.8414,8.6087,7.9260,5
2459280.836547,11.8225,16.8653,11.1564,7.8414,8.6087,7.9260,5
2459280.854177,-2.6445,30.8384,11.1564,7.8414,8.6087,7.9260,5
2459280.872417,14.0224,10.6881,11.1564,7.8414,8.6087,7.9260,5
2459280.889877,-7.8520,16.7944,11.1564,7.8414,8.6087,7.9260,5
2459281.848907,19.5563,9.1455,11.1564,7.8414,8.6087,7.9260,5
2459281.866397,-12.8157,24.3843,11.1564,7.8414,8.6087,7.9260,5
2459281.884227,19.5552,15.5282,11.1564,7.8414,8.6087,7.9260,5
2459281.901397,13.6202,0.8430,11.1564,7.8414,8.6087,7.9260,5
2459282.830237,6.7452,6.9841,11.1564,7.8414,8.6087,7.9260,5
2459282.858227,16.9421,0.7859,11.1564,7.8414,8.6087,7.9260,5
2459282.876137,-3.2366,19.2716,11.1564,7.8414,8.6087,7.9260,5
2459282.896877,8.8703,10.3111,11.1564,7.8414,8.6087,7.9260,5
2459283.809177,19.4429,13.4169,11.1564,7.8414,8.6087,7.9260,5
2459283.839107,9.3043,5.5224,11.1564,7.8414,8.6087,7.9260,5
2459283.859957,-1.1016,14.7989,11.1564,7.8414,8.6087,7.9260,5
2459283.903707,9.6114,2.9417,11.1564,7.8414,8.6087,7.9260,5
2459284.835497,12.2102,-2.3963,11.1564,7.8414,8.6087,7.9260,5
2459284.870817,10.9382,5.2745,11.1564,7.8414,8.6087,7.9260,5
2459284.888297,10.6159,29.1724,11.1564,7.8414,8.6087,7.9260,5
2459285.856377,2.5958,0.1917,11.1564,7.8414,8.6087,7.9260,5
2459285.881977,3.8644,15.9728,11.1564,7.8414,8.6087,7.9260,5
2459285.910667,-1.2956,13.0697,11.1564,7.8414,8.6087,7.9260,5
2459286.816847,4.0906,0.7992,11.1564,7.8414,8.6087,7.9260,5
2459286.853627,0.9127,14.0954,11.1564,7.8414,8.6087,7.9260,5
2459286.873287,-12.3830,15.5518,11.1564,7.8414,8.6087,7.9260,5
2459286.890717,4.3911,13.7644,11.1564,7.8414,8.6087,7.9260,5
2459286.907627,17.9173,8.8348,11.1564,7.8414,8.6087,7.9260,5
2459287.819447,14.6443,26.9738,11.1564,7.8414,8.6087,7.9260,5
2459287.901117,12.6072,11.7170,11.1564,7.8414,8.6087,7.9260,5
2459288.820047,10.5538,22.5968,11.1564,7.8414,8.6087,7.9260,5
2459289.904377,17.9855,14.3885,11.1564,7.8414,8.6087,7.9260,5
2459290.840437,0.9193,23.4559,11.1564,7.8414,8.6087,7.9260,5
2459290.868667,10.7078,4.0682,11.1564,7.8414,8.6087,7.9260,5
2459291.890357,12.4724,-5.2427,11.1564,7.8414,8.6087,7.9260,5
2459293.863987,-7.8003,11.0484,11.1564,7.8414,8.6087,7.9260,5
2459293.886777,7.9654,23.3364,11.1564,7.8414,8.6087,7.9260,5
2459294.839607,18.3776,4.8206,11.1564,7.8414,8.6087,7.9260,5
2459294.884907,4.9325,4.4081,11.1564,7.8414,8.6087,7.9260,5
2459294.901917,9.7640,-2.2465,11.1564,7.8414,8.6087,7.9260,5
2459294.919427,-3.9160,24.3050,11.1564,7.8414,8.6087,7.9260,5
2459295.836187,6.8299,5.3200,11.1564,7.8414,8.6087,7.9260,5
2459295.853937,-13.8987,4.1073,11.1564,7.8414,8.6087,7.9260,5
2459295.871867,1.3357,3.2233,11.1564,7.8414,8.6087,7.9260,5
2459295.888957,-7.1270,5.1454,11.1564,7.8414,8.6087,7.9260,5
2459296.798217,5.1823,9.7529,11.1564,7.8414,8.6087,7.9260,5
2459296.815777,-5.3649,10.2171,11.1564,7.8414,8.6087,7.9260,5
2459296.833237,-1.8952,-1.8992,11.1564,7.8414,8.6087,7.9260,5
2459296.850827,-7.6557,13.3467,11.1564,7.8414,8.6087,7.9260,5
2459296.878917,4.5948,0.3883,11.1564,7.8414,8.6087,7.9260,5
2459296.899307,-8.3430,8.9506,11.1564,7.8414,8.6087,7.9260,5
2459296.916717,5.4955,16.1315,11.1564,7.8414,8.6087,7.9260,5
2459298.772837,11.5638,8.1788,11.1564,7.8414,8.6087,7.9260,5
2459298.781847,13.1593,3.4984,11.1564,7.8414,8.6087,7.9260,5
2459298.853847,17.1718,17.1681,11.1564,7.8414,8.6087,7.9260,5
2459298.918457,-14.0911,8.2499,11.1564,7.8414,8.6087,7.9260,5
2459299.779237,6.7317,26.7851,11.1564,7.8414,8.6087,7.9260,5
2459299.798637,-6.0189,5.9135,11.1564,7.8414,8.6087,7.9260,5
2459299.851017,2.1064,2.1059,11.1564,7.8414,8.6087,7.9260,5
2459299.868277,-0.4535,15.6171,11.1564,7.8414,8.6087,7.9260,5
2459299.885597,-2.2490,10.4518,11.1564,7.8414,8.6087,7.9260,5
2459300.780247,15.0232,15.4296,11.1564,7.8414,8.6087,7.9260,5
2459300.797907,7.7702,17.5176,11.1564,7.8414,8.6087,7.9260,5
2459300.815917,18.0382,13.1448,11.1564,7.8414,8.6087,7.9260,5
2459300.833307,6.6801,-0.4616,11.1564,7.8414,8.6087,7.9260,5
2459300.852887,-7.2869,10.4907,11.1564,7.8414,8.6087,7.9260,5
2459300.881327,-9.7346,-3.5828,11.1564,7.8414,8.6087,7.9260,5
2459300.898897,-1.5534,-4.1121,11.1564,7.8414,8.6087,7.9260,5
2459300.916187,0.9173,8.1708,11.1564,7.8414,8.6087,7.9260,5
2459301.779237,2.1015,17.1913,11.1564,7.8414,8.6087,7.9260,5
2459301.825327,-2.4257,14.1196,11.1564,7.8414,8.6087,7.9260,5
2459301.842557,-9.3008,-0.0416,11.1564,7.8414,8.6087,7.9260,5
2459301.863057,-6.1437,26.2781,11.1564,7.8414,8.6087,7.9260,5
2459301.880707,-7.3929,-1.6195,11.1564,7.8414,8.6087,7.9260,5
2459301.897707,2.4986,20.2914,11.1564,7.8414,8.6087,7.9260,5
2459302.817727,-4.0667,-4.9291,11.1564,7.8414,8.6087,7.9260,5
2459302.835417,11.2437,5.7928,11.1564,7.8414,8.6087,7.9260,5
2459302.853507,6.9606,13.5793,11.1564,7.8414,8.6087,7.9260,5
2459302.870727,-2.6081,22.1515,11.1564,7.8414,8.6087,7.9260,5
2459302.898457,8.3693,5.7945,11.1564,7.8414,8.6087,7.9260,5
2459303.790037,12.7755,9.4447,11.1564,7.8414,8.6087,7.9260,5
2459303.821247,-8.9778,17.3875,11.1564,7.8414,8.6087,7.9260,5
2459303.851067,-7.3013,4.5715,11.1564,7.8414,8.6087,7.9260,5
2459303.875617,-7.4037,17.8521,11.1564,7.8414,8.6087,7.9260,5
2459303.892877,-1.0454,21.2572,11.1564,7.8414,8.6087,7.9260,5
2459303.910707,-13.6697,12.3284,11.1564,7.8414,8.6087,7.9260,5
2459303.917997,5.1471,16.7672,11.1564,7.8414,8.6087,7.9260,5
2459304.753217,6.2894,-3.1906,11.1564,7.8414,8.6087,7.9260,5
2459304.781097,-0.3860,2.8708,11.1564,7.8414,8.6087,7.9260,5
2459304.798657,8.8573,4.0245,11.1564,7.8414,8.6087,7.9260,5
2459304.816647,5.8755,10.5064,11.1564,7.8414,8.6087,7.9260,5
2459304.833817,0.9085,-2.9569,11.1564,7.8414,8.6087,7.9260,5
2459304.851777,-6.8979,-4.4820,11.1564,7.8414,8.6087,7.9260,5
2459304.879397,4.5350,10.3072,11.1564,7.8414,8.6087,7.9260,5
2459304.896777,1.8875,3.9234,11.1564,7.8414,8.6087,7.9260,5
2459304.916007,-4.1706,10.8178,11.1564,7.8414,8.6087,7.9260,5
2459305.749237,-11.2549,5.1593,11.1564,7.8414,8.6087,7.9260,5
2459305.798637,6.4563,2.9179,11.1564,7.8414,8.6087,7.9260,5
2459305.816217,0.9879,14.0809,11.1564,7.8414,8.6087,7.9260,5
2459305.833697,-1.3759,23.9044,11.1564,7.8414,8.6087,7.9260,5
2459305.850387,-7.8614,15.7458,11.1564,7.8414,8.6087,7.9260,5
2459305.868117,4.7295,8.6311,11.1564,7.8414,8.6087,7.9260,5
2459305.885477,-2.4407,25.3856,11.1564,7.8414,8.6087,7.9260,5
2459306.750557,7.2484,16.0307,11.1564,7.8414,8.6087,7.9260,5
2459306.806877,11.2406,15.2531,11.1564,7.8414,8.6087,7.9260,5
2459306.852337,12.6009,1.8022,11.1564,7.8414,8.6087,7.9260,5
2459306.907667,-12.5074,12.5076,11.1564,7.8414,8.6087,7.9260,5
2459308.772037,13.9552,11.1435,11.1564,7.8414,8.6087,7.9260,5
2459308.808727,-0.9123,15.5459,11.1564,7.8414,8.6087,7.9260,5
2459308.878377,-1.8795,20.4372,11.1564,7.8414,8.6087,7.9260,5
2459309.801667,-6.0963,19.7382,11.1564,7.8414,8.6087,7.9260,5
2459309.836167,3.7268,10.7032,11.1564,7.8414,8.6087,7.9260,5
2459309.859717,-6.4543,11.2977,11.1564,7.8414,8.6087,7.9260,5
2459309.912877,-2.6435,5.3548,11.1564,7.8414,8.6087,7.9260,5
2459310.758197,15.9790,3.2538,11.1564,7.8414,8.6087,7.9260,5
2459310.803917,7.1986,25.5420,11.1564,7.8414,8.6087,7.9260,5
2459310.821237,8.2476,9.8253,11.1564,7.8414,8.6087,7.9260,5
2459310.873207,-2.0754,14.1363,11.1564,7.8414,8.6087,7.9260,5
2459311.782447,-11.8024,12.2724,11.1564,7.8414,8.6087,7.9260,5
2459311.809037,2.4863,8.2225,11.1564,7.8414,8.6087,7.9260,5
2459311.828217,-9.0541,-3.8431,11.1564,7.8414,8.6087,7.9260,5
2459311.845757,-2.9022,-3.0014,11.1564,7.8414,8.6087,7.9260,5
2459311.888527,-11.6701,0.8170,11.1564,7.8414,8.6087,7.9260,5
2459311.920107,-4.4337,16.8794,11.1564,7.8414,8.6087,7.9260,5
2459312.748527,12.5367,-1.0693,11.1564,7.8414,8.6087,7.9260,5
2459312.787777,-15.7460,22.3913,11.1564,7.8414,8.6087,7.9260,5
2459312.851467,-6.2765,15.7074,11.1564,7.8414,8.6087,7.9260,5
2459312.871177,-7.4259,8.0438,11.1564,7.8414,8.6087,7.9260,5
2459312.907677,-2.3864,7.8601,11.1564,7.8414,8.6087,7.9260,5
2459313.846387,-0.9318,26.2185,11.1564,7.8414,8.6087,7.9260,5
2459313.863447,9.1576,7.7920,11.1564,7.8414,8.6087,7.9260,5
2459313.880927,-11.9086,6.6682,11.1564,7.8414,8.6087,7.9260,5
2459313.900317,-7.6770,9.0262,11.1564,7.8414,8.6087,7.9260,5
2459313.917917,-4.2138,11.8431,11.1564,7.8414,8.6087,7.9260,5
2459314.730197,4.9934,-3.1790,11.1564,7.8414,8.6087,7.9260,5
2459314.897487,-12.8904,-8.0431,11.1564,7.8414,8.6087,7.9260,5
2459314.916767,-7.6189,15.9014,11.1564,7.8414,8.6087,7.9260,5
2459315.880287,-13.1637,8.4769,11.1564,7.8414,8.6087,7.9260,5
2459315.904057,-11.4627,7.0384,11.1564,7.8414,8.6087,7.9260,5
2459315.919317,-18.2603,1.1979,11.1564,7.8414,8.6087,7.9260,5
2459316.801497,-9.9497,19.4318,11.1564,7.8414,8.6087,7.9260,5
2459316.819407,-4.4342,10.0934,11.1564,7.8414,8.6087,7.9260,5
2459316.870997,-4.8276,6.5961,11.1564,7.8414,8.6087,7.9260,5
2459316.889177,0.4119,7.8080,11.1564,7.8414,8.6087,7.9260,5
2459316.909387,-7.2202,5.1289,11.1564,7.8414,8.6087,7.9260,5
2459317.816957,-5.2252,-0.1158,11.1564,7.8414,8.6087,7.9260,5
2459317.834207,-0.1001,-0.2074,11.1564,7.8414,8.6087,7.9260,5
2459317.878827,4.1617,4.9178,11.1564,7.8414,8.6087,7.9260,5
2459317.923477,-8.6451,-6.2651,11.1564,7.8414,8.6087,7.9260,5
2459318.796977,-3.9565,21.6529,11.1564,7.8414,8.6087,7.9260,5
2459318.901877,-5.4833,7.8541,11.1564,7.8414,8.6087,7.9260,5
2459319.791677,1.2338,0.9230,11.1564,7.8414,8.6087,7.9260,5
2459319.811367,7.9691,16.0677,11.1564,7.8414,8.6087,7.9260,5
2459319.845617,3.1290,-2.2973,11.1564,7.8414,8.6087,7.9260,5
2459319.876507,1.5422,6.8857,11.1564,7.8414,8.6087,7.9260,5
2459319.896137,-4.5203,-2.2272,11.1564,7.8414,8.6087,7.9260,5
2459320.744397,-11.8286,27.4235,11.1564,7.8414,8.6087,7.9260,5
2459320.802207,-13.2833,18.8375,11.1564,7.8414,8.6087,7.9260,5
2459320.854457,-5.0752,5.7954,11.1564,7.8414,8.6087,7.9260,5
2459320.906117,-5.2223,12.7935,11.1564,7.8414,8.6087,7.9260,5
2459321.705127,15.0227,-5.9203,11.1564,7.8414,8.6087,7.9260,5
2459321.726077,7.2374,18.5265,11.1564,7.8414,8.6087,7.9260,5
2459321.783387,8.0287,17.1528,11.1564,7.8414,8.6087,7.9260,5
2459321.800727,-11.9925,9.3276,11.1564,7.8414,8.6087,7.9260,5
2459321.852367,-4.4152,19.1246,11.1564,7.8414,8.6087,7.9260,5
2459321.883217,-4.5699,16.5737,11.1564,7.8414,8.6087,7.9260,5
2459322.751807,15.3218,4.9556,11.1564,7.8414,8.6087,7.9260,5
2459322.815757,3.4334,-2.4696,11.1564,7.8414,8.6087,7.9260,5
2459322.850887,-7.5557,3.1740,11.1564,7.8414,8.6087,7.9260,5
2459322.868197,-4.0251,-5.8951,11.1564,7.8414,8.6087,7.9260,5
2459322.901327,-19.7594,9.9426,11.1564,7.8414,8.6087,7.9260,5
2459322.917907,-4.3031,-0.4283,11.1564,7.8414,8.6087,7.9260,5
2459323.698777,-17.8721,13.7966,11.1564,7.8414,8.6087,7.9260,5
2459323.742597,2.0201,4.4692,11.1564,7.8414,8.6087,7.9260,5
2459323.793407,-0.6914,15.2137,11.1564,7.8414,8.6087,7.9260,5
2459323.832897,-2.3892,1.4264,11.1564,7.8414,8.6087,7.9260,5
2459323.835587,1.0723,11.0002,11.1564,7.8414,8.6087,7.9260,5
2459323.851407,-8.6644,10.7824,11.1564,7.8414,8.6087,7.9260,5
2459324.863517,-14.6377,18.3881,11.1564,7.8414,8.6087,7.9260,5
2459324.908527,10.5075,22.0668,11.1564,7.8414,8.6087,7.9260,5
2459325.907037,-6.3981,10.2929,11.1564,7.8414,8.6087,7.9260,5
2459325.924097,1.1385,4.5293,11.1564,7.8414,8.6087,7.9260,5
2459326.815857,-3.9274,15.9812,11.1564,7.8414,8.6087,7.9260,5
2459326.833447,-4.6401,9.6720,11.1564,7.8414,8.6087,7.9260,5
2459326.852167,7.8660,22.1647,11.1564,7.8414,8.6087,7.9260,5
2459326.869067,-7.4425,9.7187,11.1564,7.8414,8.6087,7.9260,5
2459326.886657,2.0397,0.3205,11.1564,7.8414,8.6087,7.9260,5
2459326.913837,-11.7102,8.2704,11.1564,7.8414,8.6087,7.9260,5
2459326.930607,1.6526,13.3477,11.1564,7.8414,8.6087,7.9260,5
2459327.824627,2.3418,19.8814,11.1564,7.8414,8.6087,7.9260,5
2459327.865067,-1.0029,1.0452,11.1564,7.8414,8.6087,7.9260,5
2459327.910017,-6.4775,11.6363,11.1564,7.8414,8.6087,7.9260,5
2459328.704117,-11.9374,3.4420,11.1564,7.8414,8.6087,7.9260,5
2459328.721687,-13.3363,27.2938,11.1564,7.8414,8.6087,7.9260,5
2459328.851877,-3.4515,6.0001,11.1564,7.8414,8.6087,7.9260,5
2459328.906897,-9.8173,8.6810,11.1564,7.8414,8.6087,7.9260,5
2459328.924277,-4.2248,10.2106,11.1564,7.8414,8.6087,7.9260,5
2459329.689127,0.2231,8.9665,11.1564,7.8414,8.6087,7.9260,5
2459329.706447,-6.7050,20.7070,11.1564,7.8414,8.6087,7.9260,5
2459329.728847,1.1952,18.6632,11.1564,7.8414,8.6087,7.9260,5
2459329.747907,-14.2948,21.1579,11.1564,7.8414,8.6087,7.9260,5
2459329.765627,-3.2789,13.1125,11.1564,7.8414,8.6087,7.9260,5
2459329.812487,-8.9629,17.7221,11.1564,7.8414,8.6087,7.9260,5
2459329.854527,-6.1283,13.1384,11.1564,7.8414,8.6087,7.9260,5
2459329.871417,-10.3755,3.9158,11.1564,7.8414,8.6087,7.9260,5
2459329.888427,-3.7851,4.2676,11.1564,7.8414,8.6087,7.9260,5
2459330.691787,-9.3318,21.8805,11.1564,7.8414,8.6087,7.9260,5
2459330.712977,5.0435,12.6045,11.1564,7.8414,8.6087,7.9260,5
2459330.730517,-3.4336,9.3200,11.1564,7.8414,8.6087,7.9260,5
2459330.758757,-7.0797,28.1726,11.1564,7.8414,8.6087,7.9260,5
2459330.781817,-12.7340,21.3941,11.1564,7.8414,8.6087,7.9260,5
2459330.800197,-1.9773,20.9406,11.1564,7.8414,8.6087,7.9260,5
2459330.818687,-4.0676,19.3165,11.1564,7.8414,8.6087,7.9260,5
2459330.841167,-12.1513,11.8625,11.1564,7.8414,8.6087,7.9260,5
2459330.873377,-5.0798,14.7582,11.1564,7.8414,8.6087,7.9260,5
2459330.890587,-5.3914,12.7486,11.1564,7.8414,8.6087,7.9260,5
2459330.907487,-9.8562,10.3198,11.1564,7.8414,8.6087,7.9260,5
2459330.925157,2.6428,7.1354,11.1564,7.8414,8.6087,7.9260,5
2459331.678867,0.5288,-6.7769,11.1564,7.8414,8.6087,7.9260,5
2459331.757557,-0.0179,1.9603,11.1564,7.8414,8.6087,7.9260,5
2459331.779417,3.0047,10.3272,11.1564,7.8414,8.6087,7.9260,5
2459331.796837,-0.1489,0.1598,11.1564,7.8414,8.6087,7.9260,5
2459331.814347,-2.0290,5.0855,11.1564,7.8414,8.6087,7.9260,5
2459331.831617,-2.1772,19.5089,11.1564,7.8414,8.6087,7.9260,5
2459331.863757,5.2003,16.7850,11.1564,7.8414,8.6087,7.9260,5
2459331.881027,-8.7594,-4.1502,11.1564,7.8414,8.6087,7.9260,5
2459331.899477,-9.7602,21.2552,11.1564,7.8414,8.6087,7.9260,5
2459331.917507,-7.0224,-7.6330,11.1564,7.8414,8.6087,7.9260,5
2459332.694477,10.1701,14.3149,11.1564,7.8414,8.6087,7.9260,5
2459332.722467,-4.7266,-0.8322,11.1564,7.8414,8.6087,7.9260,5
2459332.742107,7.1341,21.9517,11.1564,7.8414,8.6087,7.9260,5
2459332.761137,-0.7718,17.4457,11.1564,7.8414,8.6087,7.9260,5
2459332.778327,4.4199,15.8061,11.1564,7.8414,8.6087,7.9260,5
2459332.795507,-6.4377,16.6544,11.1564,7.8414,8.6087,7.9260,5
2459332.836947,0.9477,25.3876,11.1564,7.8414,8.6087,7.9260,5
2459332.866407,1.6291,15.0544,11.1564,7.8414,8.6087,7.9260,5
2459332.904297,1.3488,10.5112,11.1564,7.8414,8.6087,7.9260,5
2459332.921547,1.0287,4.7396,11.1564,7.8414,8.6087,7.9260,5
2459333.721747,11.0415,5.7905,11.1564,7.8414,8.6087,7.9260,5
2459333.757197,8.5021,11.0119,11.1564,7.8414,8.6087,7.9260,5
2459333.773997,1.8790,14.4584,11.1564,7.8414,8.6087,7.9260,5
2459333.791287,11.8104,25.5192,11.1564,7.8414,8.6087,7.9260,5
2459333.838507,9.1601,7.6608,11.1564,7.8414,8.6087,7.9260,5
2459333.842487,10.5887,-1.1350,11.1564,7.8414,8.6087,7.9260,5
2459336.727397,8.8433,1.0130,11.1564,7.8414,8.6087,7.9260,5
2459336.762727,-2.5104,5.8846,11.1564,7.8414,8.6087,7.9260,5
2459336.796927,-1.8284,1.5920,11.1564,7.8414,8.6087,7.9260,5
2459336.813857,-1.7940,18.0307,11.1564,7.8414,8.6087,7.9260,5
2459336.836757,-10.1144,10.2180,11.1564,7.8414,8.6087,7.9260,5
2459336.854897,-2.7439,17.2516,11.1564,7.8414,8.6087,7.9260,5
2459336.871387,6.0816,4.3736,11.1564,7.8414,8.6087,7.9260,5
2459336.899897,-4.7875,3.7142,11.1564,7.8414,8.6087,7.9260,5
2459336.916767,-1.5069,6.5159,11.1564,7.8414,8.6087,7.9260,5
2459337.857067,11.0320,23.6909,11.1564,7.8414,8.6087,7.9260,5
2459337.874167,-4.7588,12.0018,11.1564,7.8414,8.6087,7.9260,5
2459337.891387,13.1515,19.6158,11.1564,7.8414,8.6087,7.9260,5
2459338.714357,8.4211,-6.3865,11.1564,7.8414,8.6087,7.9260,5
2459338.819937,-5.6394,-0.1154,11.1564,7.8414,8.6087,7.9260,5
2459338.888277,-8.8755,7.3140,11.1564,7.8414,8.6087,7.9260,5
2459339.676867,-4.6072,19.8032,11.1564,7.8414,8.6087,7.9260,5
2459339.743327,-4.5352,3.3506,11.1564,7.8414,8.6087,7.9260,5
2459339.781237,-4.2269,5.8912,11.1564,7.8414,8.6087,7.9260,5
2459339.814097,9.3832,-8.5754,11.1564,7.8414,8.6087,7.9260,5
2459339.857257,-7.2114,8.8510,11.1564,7.8414,8.6087,7.9260,5
2459339.874597,5.5291,0.2122,11.1564,7.8414,8.6087,7.9260,5
2459340.746297,3.2360,6.0253,11.1564,7.8414,8.6087,7.9260,5
2459340.782417,1.2919,4.3552,11.1564,7.8414,8.6087,7.9260,5
2459340.800437,-12.0594,12.3767,11.1564,7.8414,8.6087,7.9260,5
2459340.819907,1.2346,7.7728,11.1564,7.8414,8.6087,7.9260,5
2459340.821337,4.8167,17.7600,11.1564,7.8414,8.6087,7.9260,5
2459340.851057,-3.4215,8.2844,11.1564,7.8414,8.6087,7.9260,5
2459340.869147,-2.3803,-2.2197,11.1564,7.8414,8.6087,7.9260,5
2459340.889827,-6.8212,-0.5828,11.1564,7.8414,8.6087,7.9260,5
2459340.906577,2.1978,23.3667,11.1564,7.8414,8.6087,7.9260,5
2459340.923707,-8.4672,8.8315,11.1564,7.8414,8.6087,7.9260,5
2459341.930527,-12.7186,22.8467,11.1564,7.8414,8.6087,7.9260,5
2459342.859467,4.3911,26.5298,11.1564,7.8414,8.6087,7.9260,5
2459343.937137,1.3158,10.0147,11.1564,7.8414,8.6087,7.9260,5
2459344.776607,-2.9855,12.9723,11.1564,7.8414,8.6087,7.9260,5
2459344.816387,14.4119,6.3746,11.1564,7.8414,8.6087,7.9260,5
2459344.906757,8.2562,14.6677,11.1564,7.8414,8.6087,7.9260,5
2459344.923227,4.5502,2.7803,11.1564,7.8414,8.6087,7.9260,5
2459345.665607,8.4347,21.4118,11.1564,7.8414,8.6087,7.9260,5
2459345.740787,-12.1432,12.0546,11.1564,7.8414,8.6087,7.9260,5
2459345.768127,-5.8685,11.7163,11.1564,7.8414,8.6087,7.9260,5
2459345.806987,-8.4137,2.3458,11.1564,7.8414,8.6087,7.9260,5
2459345.828677,-0.6080,8.6360,11.1564,7.8414,8.6087,7.9260,5
2459345.846057,-6.5610,2.8122,11.1564,7.8414,8.6087,7.9260,5
2459345.875907,-3.9703,0.4107,11.1564,7.8414,8.6087,7.9260,5
2459345.897547,-15.2233,15.0968,11.1564,7.8414,8.6087,7.9260,5
2459345.936517,-0.8574,9.6060,11.1564,7.8414,8.6087,7.9260,5
2459346.748537,-5.5383,7.9052,11.1564,7.8414,8.6087,7.9260,5
2459346.798287,-3.8211,0.9996,11.1564,7.8414,8.6087,7.9260,5
2459346.815537,-14.0492,6.4396,11.1564,7.8414,8.6087,7.9260,5
2459346.832297,-10.3758,7.1901,11.1564,7.8414,8.6087,7.9260,5
2459346.869047,-14.5773,3.7181,11.1564,7.8414,8.6087,7.9260,5
2459346.896707,0.6236,18.4966,11.1564,7.8414,8.6087,7.9260,5
2459346.913907,-4.9038,3.7827,11.1564,7.8414,8.6087,7.9260,5
2459348.679287,-5.8020,-8.4101,11.1564,7.8414,8.6087,7.9260,5
2459348.699757,-13.1073,9.5672,11.1564,7.8414,8.6087,7.9260,5
2459348.734747,-7.6153,-0.0065,11.1564,7.8414,8.6087,7.9260,5
2459348.752197,-4.0092,-0.8180,11.1564,7.8414,8.6087,7.9260,5
2459348.803947,-11.3540,0.9661,11.1564,7.8414,8.6087,7.9260,5
2459348.847427,-13.8377,2.1078,11.1564,7.8414,8.6087,7.9260,5
2459348.864237,-2.7334,-1.3718,11.1564,7.8414,8.6087,7.9260,5
2459348.881327,-4.6791,1.4177,11.1564,7.8414,8.6087,7.9260,5
2459348.932837,-10.5152,6.7604,11.1564,7.8414,8.6087,7.9260,5
2459349.699907,-14.7175,18.7654,11.1564,7.8414,8.6087,7.9260,5
2459349.718917,-1.6418,22.5628,11.1564,7.8414,8.6087,7.9260,5
2459349.738287,-15.1321,18.4981,11.1564,7.8414,8.6087,7.9260,5
2459349.755667,2.5518,3.6687,11.1564,7.8414,8.6087,7.9260,5
2459349.773247,14.0659,0.2222,11.1564,7.8414,8.6087,7.9260,5
2459349.800817,-8.0906,1.5954,11.1564,7.8414,8.6087,7.9260,5
2459350.680337,-7.1717,17.5207,11.1564,7.8414,8.6087,7.9260,5
2459350.725307,3.0383,3.4331,11.1564,7.8414,8.6087,7.9260,5
2459350.743227,-8.4181,11.6920,11.1564,7.8414,8.6087,7.9260,5
2459350.760357,-1.1559,0.2659,11.1564,7.8414,8.6087,7.9260,5
2459350.777757,-12.7663,18.8309,11.1564,7.8414,8.6087,7.9260,5
2459350.856787,-2.0984,1.8333,11.1564,7.8414,8.6087,7.9260,5
2459350.874057,2.9280,13.0707,11.1564,7.8414,8.6087,7.9260,5
2459350.891027,6.8034,7.2491,11.1564,7.8414,8.6087,7.9260,5
2459353.706347,-1.8991,8.9677,11.1564,7.8414,8.6087,7.9260,5
2459354.916157,-5.8220,13.9792,11.1564,7.8414,8.6087,7.9260,5
2459356.754787,-3.8290,2.7157,11.1564,7.8414,8.6087,7.9260,5
2459356.774737,-8.0372,-1.3820,11.1564,7.8414,8.6087,7.9260,5
2459356.838637,1.2726,-0.7208,11.1564,7.8414,8.6087,7.9260,5
2459356.856847,-10.6967,5.1525,11.1564,7.8414,8.6087,7.9260,5
2459356.873627,-1.8541,10.8684,11.1564,7.8414,8.6087,7.9260,5
2459356.891627,2.9940,-3.9025,11.1564,7.8414,8.6087,7.9260,5
2459356.918927,5.1317,3.0827,11.1564,7.8414,8.6087,7.9260,5
2459357.676707,5.5234,14.3163,11.1564,7.8414,8.6087,7.9260,5
2459357.745327,-3.7394,2.9179,11.1564,7.8414,8.6087,7.9260,5
2459357.764857,5.5831,-1.7753,11.1564,7.8414,8.6087,7.9260,5
2459358.668327,6.8282,13.9103,11.1564,7.8414,8.6087,7.9260,5
2459358.707197,-3.6525,1.7321,11.1564,7.8414,8.6087,7.9260,5
2459358.711457,-5.7997,10.0525,11.1564,7.8414,8.6087,7.9260,5
2459358.758357,3.2490,0.2625,11.1564,7.8414,8.6087,7.9260,5
2459358.832547,-3.1133,11.9407,11.1564,7.8414,8.6087,7.9260,5
2459358.867007,-3.2199,-0.6618,11.1564,7.8414,8.6087,7.9260,5
2459358.884007,-7.8601,4.0472,11.1564,7.8414,8.6087,7.9260,5
2459358.922157,-11.1765,4.4839,11.1564,7.8414,8.6087,7.9260,5
2459359.624817,6.7801,2.9482,11.1564,7.8414,8.6087,7.9260,5
2459359.643857,-2.0367,12.0353,11.1564,7.8414,8.6087,7.9260,5
2459359.661547,-6.9849,8.7658,11.1564,7.8414,8.6087,7.9260,5
2459359.679087,0.4054,5.8280,11.1564,7.8414,8.6087,7.9260,5
2459359.696987,-7.6791,10.9113,11.1564,7.8414,8.6087,7.9260,5
2459359.717557,-3.0342,2.4204,11.1564,7.8414,8.6087,7.9260,5
2459359.788217,-0.1752,9.0879,11.1564,7.8414,8.6087,7.9260,5
2459359.805197,-14.2666,0.4069,11.1564,7.8414,8.6087,7.9260,5
2459359.821937,-11.1485,6.0024,11.1564,7.8414,8.6087,7.9260,5
2459359.849577,-9.0623,0.4497,11.1564,7.8414,8.6087,7.9260,5
2459359.866527,1.5669,11.2961,11.1564,7.8414,8.6087,7.9260,5
2459359.883657,-7.5801,0.0905,11.1564,7.8414,8.6087,7.9260,5
2459359.902997,-11.9376,4.4289,11.1564,7.8414,8.6087,7.9260,5
2459359.920307,3.3958,9.1209,11.1564,7.8414,8.6087,7.9260,5
2459360.598457,0.9578,9.9266,11.1564,7.8414,8.6087,7.9260,5
2459360.638777,-7.3423,11.4576,11.1564,7.8414,8.6087,7.9260,5
2459360.658717,8.5383,13.4535,11.1564,7.8414,8.6087,7.9260,5
2459360.676347,7.3167,11.9772,11.1564,7.8414,8.6087,7.9260,5
2459360.722657,-5.1199,10.5507,11.1564,7.8414,8.6087,7.9260,5
2459360.739927,0.9115,3.4784,11.1564,7.8414,8.6087,7.9260,5
2459360.760647,6.8252,15.4349,11.1564,7.8414,8.6087,7.9260,5
2459360.825357,-0.4939,-1.3557,11.1564,7.8414,8.6087,7.9260,5
2459360.842187,-11.7408,11.3976,11.1564,7.8414,8.6087,7.9260,5
2459360.859307,-6.9448,14.4702,11.1564,7.8414,8.6087,7.9260,5
2459360.876137,8.0264,4.6747,11.1564,7.8414,8.6087,7.9260,5
2459360.892867,0.8659,6.2460,11.1564,7.8414,8.6087,7.9260,5
2459363.680187,-7.8024,3.4039,11.1564,7.8414,8.6087,7.9260,5
2459363.708387,4.2257,-3.3229,11.1564,7.8414,8.6087,7.9260,5
2459363.725487,-0.2721,13.1038,11.1564,7.8414,8.6087,7.9260,5
2459363.745607,2.4086,6.4776,11.1564,7.8414,8.6087,7.9260,5
2459363.764207,-3.9943,11.9278,11.1564,7.8414,8.6087,7.9260,5
2459363.810837,-11.9958,3.6860,11.1564,7.8414,8.6087,7.9260,5
2459363.828147,-9.5400,7.8891,11.1564,7.8414,8.6087,7.9260,5
2459363.845347,-4.8182,0.6979,11.1564,7.8414,8.6087,7.9260,5
2459363.862747,-15.0214,7.8465,11.1564,7.8414,8.6087,7.9260,5
2459363.882967,-6.9232,-7.7409,11.1564,7.8414,8.6087,7.9260,5
2459363.900157,-1.1738,-6.2116,11.1564,7.8414,8.6087,7.9260,5
2459365.597137,-7.0474,3.0526,11.1564,7.8414,8.6087,7.9260,5
2459365.654537,5.5341,-2.8225,11.1564,7.8414,8.6087,7.9260,5
2459365.671817,3.2558,2.1420,11.1564,7.8414,8.6087,7.9260,5
2459365.730537,-13.7141,2.7540,11.1564,7.8414,8.6087,7.9260,5
2459365.749007,-8.3656,6.1016,11.1564,7.8414,8.6087,7.9260,5
2459365.769337,-4.0137,2.1633,11.1564,7.8414,8.6087,7.9260,5
2459365.788247,-3.6905,2.9570,11.1564,7.8414,8.6087,7.9260,5
2459365.815047,-12.0951,0.1671,11.1564,7.8414,8.6087,7.9260,5
2459365.832137,-0.0653,-8.1056,11.1564,7.8414,8.6087,7.9260,5
2459365.849087,-8.7237,-0.5272,11.1564,7.8414,8.6087,7.9260,5
2459365.867947,-10.3834,0.3900,11.1564,7.8414,8.6087,7.9260,5
2459365.885127,-4.4590,-6.2352,11.1564,7.8414,8.6087,7.9260,5
2459365.913387,-4.3339,-0.1777,11.1564,7.8414,8.6087,7.9260,5
2459366.603307,-17.1859,5.1252,11.1564,7.8414,8.6087,7.9260,5
2459366.621267,-2.3671,5.5146,11.1564,7.8414,8.6087,7.9260,5
2459366.656417,-11.6856,-0.7648,11.1564,7.8414,8.6087,7.9260,5
2459366.741057,5.3744,0.6494,11.1564,7.8414,8.6087,7.9260,5
2459366.760687,8.9792,-1.8089,11.1564,7.8414,8.6087,7.9260,5
2459366.804677,-5.5566,5.6130,11.1564,7.8414,8.6087,7.9260,5
2459366.821757,-7.3279,12.5363,11.1564,7.8414,8.6087,7.9260,5
2459366.838897,-6.9882,6.3671,11.1564,7.8414,8.6087,7.9260,5
2459366.857167,-8.0897,2.7015,11.1564,7.8414,8.6087,7.9260,5
2459366.876237,-12.9227,5.7630,11.1564,7.8414,8.6087,7.9260,5
2459366.903567,1.7914,0.6779,11.1564,7.8414,8.6087,7.9260,5
2459367.631307,-0.8971,-2.1973,11.1564,7.8414,8.6087,7.9260,5
2459367.648807,6.9817,1.9447,11.1564,7.8414,8.6087,7.9260,5
2459367.651857,-13.6792,-5.9491,11.1564,7.8414,8.6087,7.9260,5
2459367.735777,-9.3273,-4.9144,11.1564,7.8414,8.6087,7.9260,5
2459367.754927,2.8204,2.8228,11.1564,7.8414,8.6087,7.9260,5
2459367.774067,-4.2471,15.0842,11.1564,7.8414,8.6087,7.9260,5
2459367.801097,-15.1204,13.4764,11.1564,7.8414,8.6087,7.9260,5
2459367.803787,-10.0992,13.2907,11.1564,7.8414,8.6087,7.9260,5
2459367.819377,-3.2445,-7.0743,11.1564,7.8414,8.6087,7.9260,5
2459367.836247,-15.3083,-0.4232,11.1564,7.8414,8.6087,7.9260,5
2459367.853067,-6.9890,6.7739,11.1564,7.8414,8.6087,7.9260,5
2459367.869617,-5.7279,-0.7352,11.1564,7.8414,8.6087,7.9260,5
2459367.897447,-8.0695,-8.4598,11.1564,7.8414,8.6087,7.9260,5
2459368.596697,-12.5372,-6.4348,11.1564,7.8414,8.6087,7.9260,5
2459368.614407,-5.7742,-3.1061,11.1564,7.8414,8.6087,7.9260,5
2459368.664987,-8.8481,1.9964,11.1564,7.8414,8.6087,7.9260,5
2459368.682277,5.1077,13.8786,11.1564,7.8414,8.6087,7.9260,5
2459368.699667,-5.8164,7.3504,11.1564,7.8414,8.6087,7.9260,5
2459368.717147,-7.2811,14.2434,11.1564,7.8414,8.6087,7.9260,5
2459368.739337,-2.5519,-3.7771,11.1564,7.8414,8.6087,7.9260,5
2459368.771757,0.4844,-1.5312,11.1564,7.8414,8.6087,7.9260,5
2459368.794727,-5.0683,0.7494,11.1564,7.8414,8.6087,7.9260,5
2459368.811207,-3.0452,2.4366,11.1564,7.8414,8.6087,7.9260,5
2459368.847317,-12.8204,8.7265,11.1564,7.8414,8.6087,7.9260,5
2459368.863737,3.2762,-0.6601,11.1564,7.8414,8.6087,7.9260,5
2459368.890677,2.5240,-10.5603,11.1564,7.8414,8.6087,7.9260,5
2459369.596457,-10.3186,4.3454,11.1564,7.8414,8.6087,7.9260,5
2459369.614237,2.6192,3.0504,11.1564,7.8414,8.6087,7.9260,5
2459369.632147,-10.7308,7.6118,11.1564,7.8414,8.6087,7.9260,5
2459369.660737,-2.2716,7.9558,11.1564,7.8414,8.6087,7.9260,5
2459369.695277,-13.0231,0.8287,11.1564,7.8414,8.6087,7.9260,5
2459369.712767,2.6784,14.4325,11.1564,7.8414,8.6087,7.9260,5
2459369.733027,4.0082,-1.6132,11.1564,7.8414,8.6087,7.9260,5
2459369.767397,-6.7724,14.9286,11.1564,7.8414,8.6087,7.9260,5
2459369.785947,-7.3649,5.4658,11.1564,7.8414,8.6087,7.9260,5
2459369.803177,-0.6023,-4.2682,11.1564,7.8414,8.6087,7.9260,5
2459369.820707,-2.4041,-0.0813,11.1564,7.8414,8.6087,7.9260,5
2459369.837817,-16.2971,5.1102,11.1564,7.8414,8.6087,7.9260,5
2459369.869657,-16.1773,-2.9908,11.1564,7.8414,8.6087,7.9260,5
2459369.889537,-3.2039,-5.0397,11.1564,7.8414,8.6087,7.9260,5
2459370.696537,-5.9248,-10.5196,11.1564,7.8414,8.6087,7.9260,5
2459370.750497,-6.7854,0.0102,11.1564,7.8414,8.6087,7.9260,5
2459370.788767,4.5425,2.9803,11.1564,7.8414,8.6087,7.9260,5
2459370.805587,-10.3388,6.3838,11.1564,7.8414,8.6087,7.9260,5
2459370.824557,-6.8107,5.7612,11.1564,7.8414,8.6087,7.9260,5
2459370.870577,-8.7137,2.1095,11.1564,7.8414,8.6087,7.9260,5
2459370.887677,2.1315,4.8716,11.1564,7.8414,8.6087,7.9260,5
2459370.904597,-7.2561,-4.7010,11.1564,7.8414,8.6087,7.9260,5
2459371.599277,-6.7799,7.7554,11.1564,7.8414,8.6087,7.9260,5
2459371.617217,1.9331,12.2148,11.1564,7.8414,8.6087,7.9260,5
2459371.715947,-2.3943,7.0400,11.1564,7.8414,8.6087,7.9260,5
2459371.757577,-9.1254,3.1986,11.1564,7.8414,8.6087,7.9260,5
2459371.789497,-15.9663,12.9753,11.1564,7.8414,8.6087,7.9260,5
2459371.809577,3.4277,2.6480,11.1564,7.8414,8.6087,7.9260,5
2459371.861467,-4.0919,-2.9309,11.1564,7.8414,8.6087,7.9260,5
2459371.888177,-5.5233,-1.7287,11.1564,7.8414,8.6087,7.9260,5
2459371.901167,-3.2030,-2.5198,11.1564,7.8414,8.6087,7.9260,5
2459372.570777,6.5122,14.7891,11.1564,7.8414,8.6087,7.9260,5
2459372.608967,-4.8457,3.8590,11.1564,7.8414,8.6087,7.9260,5
2459372.626757,0.3313,7.7190,11.1564,7.8414,8.6087,7.9260,5
2459372.647017,3.7041,15.3450,11.1564,7.8414,8.6087,7.9260,5
2459372.736187,-10.5464,4.2802,11.1564,7.8414,8.6087,7.9260,5
2459372.755707,-10.1434,-6.2949,11.1564,7.8414,8.6087,7.9260,5
2459372.772337,6.2194,4.6514,11.1564,7.8414,8.6087,7.9260,5
2459372.833677,7.2437,14.6726,11.1564,7.8414,8.6087,7.9260,5
2459372.850137,5.7842,2.4876,11.1564,7.8414,8.6087,7.9260,5
2459372.867257,-14.3927,9.1641,11.1564,7.8414,8.6087,7.9260,5
2459372.895717,-2.9670,11.0261,11.1564,7.8414,8.6087,7.9260,5
2459372.898407,-8.1447,7.1826,11.1564,7.8414,8.6087,7.9260,5
2459373.668797,-14.4573,3.6200,11.1564,7.8414,8.6087,7.9260,5
2459373.688697,-1.0627,-2.4519,11.1564,7.8414,8.6087,7.9260,5
2459373.709527,-0.2786,-2.3559,11.1564,7.8414,8.6087,7.9260,5
2459373.726327,9.6194,-3.5247,11.1564,7.8414,8.6087,7.9260,5
2459373.779227,-1.1961,-4.2942,11.1564,7.8414,8.6087,7.9260,5
2459373.832647,-9.5186,-3.9163,11.1564,7.8414,8.6087,7.9260,5
2459374.628147,0.2242,0.0686,11.1564,7.8414,8.6087,7.9260,5
2459374.658217,-7.6061,-10.1888,11.1564,7.8414,8.6087,7.9260,5
2459374.677637,7.5596,-9.3153,11.1564,7.8414,8.6087,7.9260,5
2459374.732697,-14.3050,-8.4099,11.1564,7.8414,8.6087,7.9260,5
2459374.766707,-15.2487,-0.8511,11.1564,7.8414,8.6087,7.9260,5
2459374.785177,-2.3236,12.8190,11.1564,7.8414,8.6087,7.9260,5
2459374.819447,6.7766,1.7993,11.1564,7.8414,8.6087,7.9260,5
2459374.835887,4.1934,-3.1817,11.1564,7.8414,8.6087,7.9260,5
2459374.879797,3.0697,-3.3040,11.1564,7.8414,8.6087,7.9260,5
2459375.688057,-4.5456,1.6806,11.1564,7.8414,8.6087,7.9260,5
2459375.712447,0.1127,12.5801,11.1564,7.8414,8.6087,7.9260,5
2459375.780027,-7.5954,3.4573,11.1564,7.8414,8.6087,7.9260,5
2459376.580407,-1.3125,4.7852,11.1564,7.8414,8.6087,7.9260,5
2459376.600957,5.9488,6.5127,11.1564,7.8414,8.6087,7.9260,5
2459376.646287,-4.0865,6.4350,11.1564,7.8414,8.6087,7.9260,5
2459376.665297,-8.0262,-0.6973,11.1564,7.8414,8.6087,7.9260,5
2459376.682887,5.3332,0.6868,11.1564,7.8414,8.6087,7.9260,5
2459376.708737,-3.9049,5.9081,11.1564,7.8414,8.6087,7.9260,5
2459376.727317,-7.7920,-3.0426,11.1564,7.8414,8.6087,7.9260,5
2459376.744477,-11.6831,12.2239,11.1564,7.8414,8.6087,7.9260,5
2459376.771507,-10.4843,-2.9730,11.1564,7.8414,8.6087,7.9260,5
2459376.805907,5.7150,11.2920,11.1564,7.8414,8.6087,7.9260,5
2459376.822737,-15.6239,-3.6323,11.1564,7.8414,8.6087,7.9260,5
2459376.843627,-1.9371,7.2275,11.1564,7.8414,8.6087,7.9260,5
2459376.871737,-0.6832,2.1863,11.1564,7.8414,8.6087,7.9260,5
2459377.591347,-0.7128,4.9576,11.1564,7.8414,8.6087,7.9260,5
2459377.609037,-0.8839,4.4377,11.1564,7.8414,8.6087,7.9260,5
2459377.639337,-12.8356,-0.2090,11.1564,7.8414,8.6087,7.9260,5
2459377.676317,-1.4563,-0.0411,11.1564,7.8414,8.6087,7.9260,5
2459377.698957,4.6043,-6.6476,11.1564,7.8414,8.6087,7.9260,5
2459377.716077,-7.4355,0.9159,11.1564,7.8414,8.6087,7.9260,5
2459377.743417,-6.0425,12.4307,11.1564,7.8414,8.6087,7.9260,5
2459377.788847,-5.8773,-4.3206,11.1564,7.8414,8.6087,7.9260,5
2459377.838877,-16.3804,11.2327,11.1564,7.8414,8.6087,7.9260,5
2459377.870487,-7.9647,14.9086,11.1564,7.8414,8.6087,7.9260,5
2459377.884267,5.8026,11.1180,11.1564,7.8414,8.6087,7.9260,5
2459378.565937,0.5900,-4.6767,11.1564,7.8414,8.6087,7.9260,5
2459378.633427,-1.2995,7.2423,11.1564,7.8414,8.6087,7.9260,5
2459378.669637,8.5261,4.2074,11.1564,7.8414,8.6087,7.9260,5
2459378.687117,-7.5517,11.5842,11.1564,7.8414,8.6087,7.9260,5
2459378.704217,-6.2337,2.4515,11.1564,7.8414,8.6087,7.9260,5
2459378.731667,-14.0487,5.9377,11.1564,7.8414,8.6087,7.9260,5
2459378.765127,-4.3549,-2.0644,11.1564,7.8414,8.6087,7.9260,5
2459378.781997,-11.4390,-8.1941,11.1564,7.8414,8.6087,7.9260,5
2459378.798947,-14.3450,-6.0983,11.1564,7.8414,8.6087,7.9260,5
2459378.815547,-8.4482,4.3872,11.1564,7.8414,8.6087,7.9260,5
2459378.842877,-7.1857,-5.2239,11.1564,7.8414,8.6087,7.9260,5
2459378.859947,-7.7746,4.3535,11.1564,7.8414,8.6087,7.9260,5
2459378.876527,-12.7430,1.3720,11.1564,7.8414,8.6087,7.9260,5
2459378.881447,9.0730,7.9098,11.1564,7.8414,8.6087,7.9260,5
2459379.577587,-0.9031,-10.4184,11.1564,7.8414,8.6087,7.9260,5
2459379.607437,-7.0676,1.5838,11.1564,7.8414,8.6087,7.9260,5
2459379.625037,-6.6044,-4.2901,11.1564,7.8414,8.6087,7.9260,5
2459379.642707,-13.8491,2.4883,11.1564,7.8414,8.6087,7.9260,5
2459379.677817,-8.4442,9.7542,11.1564,7.8414,8.6087,7.9260,5
2459379.706977,-10.0118,-2.1834,11.1564,7.8414,8.6087,7.9260,5
2459379.742307,4.5472,-3.5577,11.1564,7.8414,8.6087,7.9260,5
2459379.759537,-4.4607,1.1268,11.1564,7.8414,8.6087,7.9260,5
2459379.803027,-16.2246,3.3613,11.1564,7.8414,8.6087,7.9260,5
2459380.676867,-5.5439,10.8754,11.1564,7.8414,8.6087,7.9260,5
2459380.704507,-3.7823,-4.3317,11.1564,7.8414,8.6087,7.9260,5
2459380.739267,-15.6080,13.3970,11.1564,7.8414,8.6087,7.9260,5
2459380.756807,2.7053,7.5057,11.1564,7.8414,8.6087,7.9260,5
2459381.809597,0.8593,10.9577,11.1564,7.8414,8.6087,7.9260,5
2459381.826547,5.0967,10.5149,11.1564,7.8414,8.6087,7.9260,5
2459382.693277,-3.9247,4.6206,11.1564,7.8414,8.6087,7.9260,5
2459382.720787,0.2115,-5.1888,11.1564,7.8414,8.6087,7.9260,5
2459383.653337,-2.7331,6.4677,11.1564,7.8414,8.6087,7.9260,5
2459383.717637,-3.6975,-12.0405,11.1564,7.8414,8.6087,7.9260,5
2459383.763207,-2.9107,-4.5035,11.1564,7.8414,8.6087,7.9260,5
2459383.780017,5.5574,4.6322,11.1564,7.8414,8.6087,7.9260,5
2459383.823597,-3.5551,0.3097,11.1564,7.8414,8.6087,7.9260,5
2459383.827017,1.5453,12.4968,11.1564,7.8414,8.6087,7.9260,5
2459384.611717,-1.2637,9.6392,11.1564,7.8414,8.6087,7.9260,5
2459384.629467,-2.5511,11.8989,11.1564,7.8414,8.6087,7.9260,5
2459384.650037,-12.4766,14.4004,11.1564,7.8414,8.6087,7.9260,5
2459384.728787,0.8054,1.9629,11.1564,7.8414,8.6087,7.9260,5
2459384.746217,-9.3964,-2.9239,11.1564,7.8414,8.6087,7.9260,5
2459384.763237,-12.2764,5.5150,11.1564,7.8414,8.6087,7.9260,5
2459384.825397,-7.7346,14.2386,11.1564,7.8414,8.6087,7.9260,5
2459384.844497,-5.5484,16.5487,11.1564,7.8414,8.6087,7.9260,5
2459385.563427,-9.5174,-4.0144,11.1564,7.8414,8.6087,7.9260,5
2459385.581217,-10.2899,1.5741,11.1564,7.8414,8.6087,7.9260,5
2459385.638367,-4.8147,4.5589,11.1564,7.8414,8.6087,7.9260,5
2459385.665767,-6.6363,13.9570,11.1564,7.8414,8.6087,7.9260,5
2459385.683087,-9.2250,9.6971,11.1564,7.8414,8.6087,7.9260,5
2459385.700267,-5.1730,7.8732,11.1564,7.8414,8.6087,7.9260,5
2459385.751507,-3.8049,4.5999,11.1564,7.8414,8.6087,7.9260,5
2459386.543677,-5.6348,1.0925,11.1564,7.8414,8.6087,7.9260,5
2459386.578477,-9.8244,12.4129,11.1564,7.8414,8.6087,7.9260,5
2459386.596097,9.6571,6.9933,11.1564,7.8414,8.6087,7.9260,5
2459386.646487,-1.7453,13.5815,11.1564,7.8414,8.6087,7.9260,5
2459386.681427,3.2311,4.3585,11.1564,7.8414,8.6087,7.9260,5
2459386.698247,10.0466,5.6557,11.1564,7.8414,8.6087,7.9260,5
2459386.715387,-2.6598,-1.5812,11.1564,7.8414,8.6087,7.9260,5
2459386.759097,-12.1239,11.4512,11.1564,7.8414,8.6087,7.9260,5
2459386.776347,-5.7256,15.7043,11.1564,7.8414,8.6087,7.9260,5
2459386.793517,-3.0287,3.6711,11.1564,7.8414,8.6087,7.9260,5
2459386.810987,-17.7068,7.8264,11.1564,7.8414,8.6087,7.9260,5
2459386.855777,-3.0417,-0.7030,11.1564,7.8414,8.6087,7.9260,5
2459386.859817,0.3452,1.4178,11.1564,7.8414,8.6087,7.9260,5
2459387.541997,2.9443,-4.7903,11.1564,7.8414,8.6087,7.9260,5
2459387.559327,-2.0164,-3.9216,11.1564,7.8414,8.6087,7.9260,5
2459387.576917,1.3568,-3.2586,11.1564,7.8414,8.6087,7.9260,5
2459387.639527,-2.2051,9.2541,11.1564,7.8414,8.6087,7.9260,5
2459387.656757,6.4318,1.4682,11.1564,7.8414,8.6087,7.9260,5
2459387.676507,-2.3356,4.2161,11.1564,7.8414,8.6087,7.9260,5
2459387.694607,1.2076,8.3329,11.1564,7.8414,8.6087,7.9260,5
2459387.722747,-1.2742,1.1278,11.1564,7.8414,8.6087,7.9260,5
2459387.728567,-6.8959,1.8133,11.1564,7.8414,8.6087,7.9260,5
2459387.748887,6.8607,4.0061,11.1564,7.8414,8.6087,7.9260,5
2459387.765757,-2.2222,2.4590,11.1564,7.8414,8.6087,7.9260,5
2459387.830167,-8.6320,11.6821,11.1564,7.8414,8.6087,7.9260,5
2459387.847097,-11.4930,5.1021,11.1564,7.8414,8.6087,7.9260,5
2459388.624987,9.0364,6.5345,11.1564,7.8414,8.6087,7.9260,5
2459393.532847,-0.9746,-2.5686,11.1564,7.8414,8.6087,7.9260,5
2459393.550277,-3.5217,6.4693,11.1564,7.8414,8.6087,7.9260,5
2459393.554727,-1.0522,7.5236,11.1564,7.8414,8.6087,7.9260,5
2459393.569367,-3.0171,12.1894,11.1564,7.8414,8.6087,7.9260,5
2459393.586787,7.5028,-7.9203,11.1564,7.8414,8.6087,7.9260,5
2459393.604247,1.0923,3.2755,11.1564,7.8414,8.6087,7.9260,5
2459393.631967,-4.4701,-1.4189,11.1564,7.8414,8.6087,7.9260,5
2459393.648917,5.1710,2.1493,11.1564,7.8414,8.6087,7.9260,5
2459393.666797,-1.8733,10.6601,11.1564,7.8414,8.6087,7.9260,5
2459393.685377,3.7186,10.8039,11.1564,7.8414,8.6087,7.9260,5
2459393.704117,-7.3296,-0.3379,11.1564,7.8414,8.6087,7.9260,5
2459393.722647,-3.6867,6.0600,11.1564,7.8414,8.6087,7.9260,5
2459393.752547,-11.2954,7.5142,11.1564,7.8414,8.6087,7.9260,5
2459393.768017,-10.1367,2.6194,11.1564,7.8414,8.6087,7.9260,5
2459393.801857,7.5634,10.0675,11.1564,7.8414,8.6087,7.9260,5
2459393.818497,-8.9107,-3.5163,11.1564,7.8414,8.6087,7.9260,5
2459394.515357,-6.1419,-12.5212,11.1564,7.8414,8.6087,7.9260,5
2459394.556737,2.0110,-6.6806,11.1564,7.8414,8.6087,7.9260,5
2459394.602467,-1.1678,1.6322,11.1564,7.8414,8.6087,7.9260,5
2459394.643017,-17.1809,-9.4977,11.1564,7.8414,8.6087,7.9260,5
2459394.663647,1.8210,2.1479,11.1564,7.8414,8.6087,7.9260,5
2459394.714697,-3.4000,-7.6232,11.1564,7.8414,8.6087,7.9260,5
2459394.735307,-7.6052,3.0890,11.1564,7.8414,8.6087,7.9260,5
2459394.758137,-12.3420,2.2235,11.1564,7.8414,8.6087,7.9260,5
2459394.775007,-6.4107,-7.4300,11.1564,7.8414,8.6087,7.9260,5
2459394.791847,-0.5289,-6.8989,11.1564,7.8414,8.6087,7.9260,5
2459395.508927,0.4304,8.1564,11.1564,7.8414,8.6087,7.9260,5
2459395.632517,-8.2286,7.2493,11.1564,7.8414,8.6087,7.9260,5
2459395.667057,-5.5447,-1.0532,11.1564,7.8414,8.6087,7.9260,5
2459395.696507,-5.0555,-9.7819,11.1564,7.8414,8.6087,7.9260,5
2459395.713317,-7.7638,3.1402,11.1564,7.8414,8.6087,7.9260,5
2459395.730017,-5.4013,-12.0577,11.1564,7.8414,8.6087,7.9260,5
2459395.746587,2.9552,-1.0405,11.1564,7.8414,8.6087,7.9260,5
2459395.765137,7.4163,3.3888,11.1564,7.8414,8.6087,7.9260,5
2459396.612977,-7.5980,-7.2163,11.1564,7.8414,8.6087,7.9260,5
2459396.633737,-0.0160,4.4787,11.1564,7.8414,8.6087,7.9260,5
2459396.684727,2.3701,-4.9042,11.1564,7.8414,8.6087,7.9260,5
2459396.701497,-1.7887,2.7399,11.1564,7.8414,8.6087,7.9260,5
2459396.719657,-5.6578,-8.0353,11.1564,7.8414,8.6087,7.9260,5
2459396.736927,-14.1574,8.5793,11.1564,7.8414,8.6087,7.9260,5
2459396.767347,-7.7545,2.3107,11.1564,7.8414,8.6087,7.9260,5
2459396.788937,-6.3684,-3.7376,11.1564,7.8414,8.6087,7.9260,5
2459396.805847,-0.0110,1.6634,11.1564,7.8414,8.6087,7.9260,5
2459396.822677,-5.4274,-8.2108,11.1564,7.8414,8.6087,7.9260,5
2459396.832647,0.5757,6.4453,11.1564,7.8414,8.6087,7.9260,5
2459397.500057,0.9158,-8.4660,11.1564,7.8414,8.6087,7.9260,5
2459397.528287,-14.8907,13.5197,11.1564,7.8414,8.6087,7.9260,5
2459397.562987,10.3308,2.7100,11.1564,7.8414,8.6087,7.9260,5
2459397.580777,7.0231,0.0550,11.1564,7.8414,8.6087,7.9260,5
2459397.609347,5.0501,-12.5269,11.1564,7.8414,8.6087,7.9260,5
2459397.626937,-9.5238,-8.1542,11.1564,7.8414,8.6087,7.9260,5
2459397.655217,-9.6463,-7.0587,11.1564,7.8414,8.6087,7.9260,5
2459397.712067,-16.1450,1.8523,11.1564,7.8414,8.6087,7.9260,5
2459397.758007,-0.3061,6.9326,11.1564,7.8414,8.6087,7.9260,5
2459397.774677,-17.7090,-5.2276,11.1564,7.8414,8.6087,7.9260,5
2459397.791317,-8.8250,4.7381,11.1564,7.8414,8.6087,7.9260,5
2459397.812747,1.9895,8.3426,11.1564,7.8414,8.6087,7.9260,5
2459397.828257,1.2523,-0.9396,11.1564,7.8414,8.6087,7.9260,5
2459397.829607,-9.8982,-1.8709,11.1564,7.8414,8.6087,7.9260,5
2459399.516717,12.1171,-6.4075,11.1564,7.8414,8.6087,7.9260,5
2459399.695907,-4.6437,0.3928,11.1564,7.8414,8.6087,7.9260,5
2459399.722857,0.1002,-4.4589,11.1564,7.8414,8.6087,7.9260,5
2459399.773637,-0.7849,-0.2126,11.1564,7.8414,8.6087,7.9260,5
2459400.550787,-10.0658,8.1574,11.1564,7.8414,8.6087,7.9260,5
2459400.578597,-0.3285,7.0249,11.1564,7.8414,8.6087,7.9260,5
2459400.615737,-1.2142,-5.9938,11.1564,7.8414,8.6087,7.9260,5
2459400.632997,8.1079,17.0919,11.1564,7.8414,8.6087,7.9260,5
2459400.721937,0.0201,-5.0246,11.1564,7.8414,8.6087,7.9260,5
2459400.773077,-11.6629,1.8022,11.1564,7.8414,8.6087,7.9260,5
2459401.538597,3.9470,3.3173,11.1564,7.8414,8.6087,7.9260,5
2459401.568167,10.7145,-13.1681,11.1564,7.8414,8.6087,7.9260,5
2459401.585057,-4.7309,8.7920,11.1564,7.8414,8.6087,7.9260,5
2459401.602307,-11.2971,-8.0594,11.1564,7.8414,8.6087,7.9260,5
2459401.619617,-13.2721,0.7083,11.1564,7.8414,8.6087,7.9260,5
2459401.638717,-2.3698,-7.1419,11.1564,7.8414,8.6087,7.9260,5
2459401.668367,-2.6240,-12.1445,11.1564,7.8414,8.6087,7.9260,5
2459401.702747,-8.3691,-6.0831,11.1564,7.8414,8.6087,7.9260,5
2459401.721037,-3.6950,-5.1156,11.1564,7.8414,8.6087,7.9260,5
2459401.738267,-16.3432,-3.2060,11.1564,7.8414,8.6087,7.9260,5
2459401.782317,-13.6466,2.1764,11.1564,7.8414,8.6087,7.9260,5
2459402.641557,-15.4094,3.5277,11.1564,7.8414,8.6087,7.9260,5
2459402.754937,-11.2506,1.1150,11.1564,7.8414,8.6087,7.9260,5
2459402.785467,-5.1921,-0.6268,11.1564,7.8414,8.6087,7.9260,5
2459403.498427,12.3582,3.0714,11.1564,7.8414,8.6087,7.9260,5
2459403.517927,2.0926,12.0208,11.1564,7.8414,8.6087,7.9260,5
2459403.535497,5.0249,10.7339,11.1564,7.8414,8.6087,7.9260,5
2459403.565657,-2.9245,10.2458,11.1564,7.8414,8.6087,7.9260,5
2459403.583027,-3.9817,6.5452,11.1564,7.8414,8.6087,7.9260,5
2459403.600677,-15.2902,-1.9055,11.1564,7.8414,8.6087,7.9260,5
2459403.628317,-8.2607,0.7395,11.1564,7.8414,8.6087,7.9260,5
2459403.645797,-9.9597,3.2434,11.1564,7.8414,8.6087,7.9260,5
2459403.662777,-2.8101,8.8593,11.1564,7.8414,8.6087,7.9260,5
2459403.684067,-1.8063,9.5322,11.1564,7.8414,8.6087,7.9260,5
2459403.748657,-9.6347,13.8013,11.1564,7.8414,8.6087,7.9260,5
2459403.765397,-8.2126,9.4306,11.1564,7.8414,8.6087,7.9260,5
2459403.782527,-16.8473,-0.5719,11.1564,7.8414,8.6087,7.9260,5
2459403.798957,-7.8369,7.7007,11.1564,7.8414,8.6087,7.9260,5
2459404.520077,4.2061,4.0634,11.1564,7.8414,8.6087,7.9260,5
2459404.540527,2.0691,1.2008,11.1564,7.8414,8.6087,7.9260,5
2459404.561177,7.0232,-5.0783,11.1564,7.8414,8.6087,7.9260,5
2459404.619787,2.2996,5.8177,11.1564,7.8414,8.6087,7.9260,5
2459404.637007,-4.4827,-0.9762,11.1564,7.8414,8.6087,7.9260,5
2459404.671627,-12.2936,0.1569,11.1564,7.8414,8.6087,7.9260,5
2459404.688577,-5.3404,3.7738,11.1564,7.8414,8.6087,7.9260,5
2459404.716247,-9.5060,0.8720,11.1564,7.8414,8.6087,7.9260,5
2459404.788267,-10.0244,8.7534,11.1564,7.8414,8.6087,7.9260,5
2459404.810787,-5.2621,-5.3114,11.1564,7.8414,8.6087,7.9260,5
2459405.509227,10.8728,10.2529,11.1564,7.8414,8.6087,7.9260,5
2459405.628217,-8.5955,0.7273,11.1564,7.8414,8.6087,7.9260,5
2459405.662367,-3.0752,5.6198,11.1564,7.8414,8.6087,7.9260,5
2459405.683087,-7.6395,12.9812,11.1564,7.8414,8.6087,7.9260,5
2459405.754557,2.5342,-4.6268,11.1564,7.8414,8.6087,7.9260,5
2459405.793497,-9.9774,-2.4357,11.1564,7.8414,8.6087,7.9260,5
2459405.807517,-3.2134,1.5951,11.1564,7.8414,8.6087,7.9260,5
2459406.572717,1.2436,15.7889,11.1564,7.8414,8.6087,7.9260,5
2459406.600897,-2.8474,-0.4992,11.1564,7.8414,8.6087,7.9260,5
2459406.617877,11.4632,12.9413,11.1564,7.8414,8.6087,7.9260,5
2459406.636887,4.0939,15.9632,11.1564,7.8414,8.6087,7.9260,5
2459406.720357,2.4151,8.7632,11.1564,7.8414,8.6087,7.9260,5
2459406.793767,10.1386,-7.9118,11.1564,7.8414,8.6087,7.9260,5
2459408.540517,-14.3449,8.8624,11.1564,7.8414,8.6087,7.9260,5
2459408.586707,-17.3528,0.1911,11.1564,7.8414,8.6087,7.9260,5
2459408.604517,-0.7296,-0.7780,11.1564,7.8414,8.6087,7.9260,5
2459408.624487,-16.9718,-8.4837,11.1564,7.8414,8.6087,7.9260,5
2459408.641817,-8.1845,-3.4116,11.1564,7.8414,8.6087,7.9260,5
2459408.706007,-17.4629,-9.2009,11.1564,7.8414,8.6087,7.9260,5
2459408.723097,0.5850,-1.9334,11.1564,7.8414,8.6087,7.9260,5
2459409.596857,-6.9563,-3.1084,11.1564,7.8414,8.6087,7.9260,5
2459409.615687,-6.3541,5.2422,11.1564,7.8414,8.6087,7.9260,5
2459409.743837,-2.2363,6.5423,11.1564,7.8414,8.6087,7.9260,5
2459409.760727,-1.6277,-7.5647,11.1564,7.8414,8.6087,7.9260,5
2459410.496977,5.5107,-0.7826,11.1564,7.8414,8.6087,7.9260,5
2459410.514947,-6.5597,-2.7960,11.1564,7.8414,8.6087,7.9260,5
2459410.542027,0.4236,-6.3531,11.1564,7.8414,8.6087,7.9260,5
2459410.559637,-5.3275,-0.8635,11.1564,7.8414,8.6087,7.9260,5
2459410.577007,-5.6909,-10.1898,11.1564,7.8414,8.6087,7.9260,5
2459410.604937,-7.8133,0.0603,11.1564,7.8414,8.6087,7.9260,5
2459410.638817,-2.2045,-3.2397,11.1564,7.8414,8.6087,7.9260,5
2459410.656217,-0.9340,7.6956,11.1564,7.8414,8.6087,7.9260,5
2459410.700937,-13.3057,-2.7863,11.1564,7.8414,8.6087,7.9260,5
2459410.728147,-5.3876,-1.0754,11.1564,7.8414,8.6087,7.9260,5
2459410.745237,-7.4487,3.3945,11.1564,7.8414,8.6087,7.9260,5
2459410.762477,-9.2093,6.1198,11.1564,7.8414,8.6087,7.9260,5
2459410.778997,-11.0362,-8.0415,11.1564,7.8414,8.6087,7.9260,5
2459410.792927,-4.8583,-0.4757,11.1564,7.8414,8.6087,7.9260,5
2459411.488787,-8.0600,-1.7609,11.1564,7.8414,8.6087,7.9260,5
2459411.519907,-18.1458,3.9603,11.1564,7.8414,8.6087,7.9260,5
2459411.537297,-1.3679,0.9764,11.1564,7.8414,8.6087,7.9260,5
2459411.554457,-1.0447,-8.9535,11.1564,7.8414,8.6087,7.9260,5
2459411.576237,-8.4870,5.4187,11.1564,7.8414,8.6087,7.9260,5
2459411.659707,-10.5971,-7.7398,11.1564,7.8414,8.6087,7.9260,5
2459411.697407,-12.1443,-11.4569,11.1564,7.8414,8.6087,7.9260,5
2459411.725037,-3.4900,-4.5846,11.1564,7.8414,8.6087,7.9260,5
2459411.742447,-11.8949,-12.7401,11.1564,7.8414,8.6087,7.9260,5
2459412.486947,-0.9175,-5.3842,11.1564,7.8414,8.6087,7.9260,5
2459412.555937,0.0001,-6.4290,11.1564,7.8414,8.6087,7.9260,5
2459412.572697,-5.7515,-10.6178,11.1564,7.8414,8.6087,7.9260,5
2459412.589817,6.2870,0.8242,11.1564,7.8414,8.6087,7.9260,5
2459412.607237,5.1312,4.2558,11.1564,7.8414,8.6087,7.9260,5
2459412.624517,-2.1079,13.6929,11.1564,7.8414,8.6087,7.9260,5
2459412.653477,-8.5626,-2.8215,11.1564,7.8414,8.6087,7.9260,5
2459412.670407,-2.1245,-6.6442,11.1564,7.8414,8.6087,7.9260,5
2459412.687737,-17.1963,0.2830,11.1564,7.8414,8.6087,7.9260,5
2459412.789067,-9.2185,-9.5935,11.1564,7.8414,8.6087,7.9260,5
2459413.465597,4.5087,-3.4850,11.1564,7.8414,8.6087,7.9260,5
2459413.546477,-2.6492,-2.0161,11.1564,7.8414,8.6087,7.9260,5
2459413.563937,-7.9832,1.8337,11.1564,7.8414,8.6087,7.9260,5
2459413.671707,-6.4897,-5.1938,11.1564,7.8414,8.6087,7.9260,5
2459413.688077,-9.2471,-12.0670,11.1564,7.8414,8.6087,7.9260,5
2459413.705027,-5.3246,-0.6168,11.1564,7.8414,8.6087,7.9260,5
2459413.721817,-9.3712,-1.1687,11.1564,7.8414,8.6087,7.9260,5
2459414.488057,9.0495,8.4103,11.1564,7.8414,8.6087,7.9260,5
2459414.508077,8.5271,3.1913,11.1564,7.8414,8.6087,7.9260,5
2459414.536537,-9.2777,9.1411,11.1564,7.8414,8.6087,7.9260,5
2459414.555907,-7.9753,5.1513,11.1564,7.8414,8.6087,7.9260,5
2459414.575017,-12.0471,-5.3390,11.1564,7.8414,8.6087,7.9260,5
2459414.592767,-13.5024,7.7214,11.1564,7.8414,8.6087,7.9260,5
2459414.609867,-0.0788,-3.1320,11.1564,7.8414,8.6087,7.9260,5
2459414.643817,-5.5690,0.7670,11.1564,7.8414,8.6087,7.9260,5
2459414.661197,1.1182,-11.1445,11.1564,7.8414,8.6087,7.9260,5
2459414.679937,-11.3359,3.0335,11.1564,7.8414,8.6087,7.9260,5
2459414.697357,-7.8800,1.0640,11.1564,7.8414,8.6087,7.9260,5
2459414.733107,-7.4496,-8.4662,11.1564,7.8414,8.6087,7.9260,5
2459414.765137,-9.4820,-8.1747,11.1564,7.8414,8.6087,7.9260,5
2459414.782167,-1.1425,-0.6248,11.1564,7.8414,8.6087,7.9260,5
2459415.690347,-12.0075,-4.1085,11.1564,7.8414,8.6087,7.9260,5
2459415.734577,-11.2057,4.3240,11.1564,7.8414,8.6087,7.9260,5
2459415.761357,-7.8905,10.8355,11.1564,7.8414,8.6087,7.9260,5
2459416.589937,5.8226,12.1593,11.1564,7.8414,8.6087,7.9260,5
2459416.606987,8.2572,2.7733,11.1564,7.8414,8.6087,7.9260,5
2459418.650257,1.6653,13.6838,11.1564,7.8414,8.6087,7.9260,5
2459418.667127,-6.5932,7.7821,11.1564,7.8414,8.6087,7.9260,5
2459419.475767,-10.3837,-5.9472,11.1564,7.8414,8.6087,7.9260,5
2459419.529127,0.4792,11.3178,11.1564,7.8414,8.6087,7.9260,5
2459419.546367,4.9844,6.8731,11.1564,7.8414,8.6087,7.9260,5
2459419.577617,-1.0095,12.9727,11.1564,7.8414,8.6087,7.9260,5
2459419.594307,2.9661,-4.8619,11.1564,7.8414,8.6087,7.9260,5
2459419.611477,-0.9676,-0.8348,11.1564,7.8414,8.6087,7.9260,5
2459419.629037,-3.3079,4.7664,11.1564,7.8414,8.6087,7.9260,5
2459419.646577,-6.1544,3.3247,11.1564,7.8414,8.6087,7.9260,5
2459419.691737,0.6784,6.6652,11.1564,7.8414,8.6087,7.9260,5
2459419.711347,-10.0620,8.5222,11.1564,7.8414,8.6087,7.9260,5
2459419.747367,3.0788,13.5913,11.1564,7.8414,8.6087,7.9260,5
2459420.587317,2.2338,0.6781,11.1564,7.8414,8.6087,7.9260,5
2459420.615807,3.6763,2.1635,11.1564,7.8414,8.6087,7.9260,5
2459420.654577,-7.6606,3.4236,11.1564,7.8414,8.6087,7.9260,5
2459420.672997,-11.4184,-0.8897,11.1564,7.8414,8.6087,7.9260,5
2459420.711597,6.7289,13.2434,11.1564,7.8414,8.6087,7.9260,5
2459420.739067,-10.1980,10.7120,11.1564,7.8414,8.6087,7.9260,5
2459420.755767,-6.1424,15.9510,11.1564,7.8414,8.6087,7.9260,5
2459421.570067,-15.8766,8.6657,11.1564,7.8414,8.6087,7.9260,5
2459421.604717,-10.3097,2.7098,11.1564,7.8414,8.6087,7.9260,5
2459421.621347,0.2432,8.3980,11.1564,7.8414,8.6087,7.9260,5
2459421.651817,1.4470,3.1977,11.1564,7.8414,8.6087,7.9260,5
2459421.685547,-7.0971,4.4211,11.1564,7.8414,8.6087,7.9260,5
2459421.719227,-14.6250,1.5801,11.1564,7.8414,8.6087,7.9260,5
2459421.765537,2.1862,-4.1292,11.1564,7.8414,8.6087,7.9260,5
2459422.506087,3.7357,6.3813,11.1564,7.8414,8.6087,7.9260,5
2459422.574307,-1.8835,-1.6298,11.1564,7.8414,8.6087,7.9260,5
2459422.599097,-4.4148,4.5445,11.1564,7.8414,8.6087,7.9260,5
2459422.616527,1.5884,-7.8771,11.1564,7.8414,8.6087,7.9260,5
2459422.637887,-8.1184,-9.2856,11.1564,7.8414,8.6087,7.9260,5
2459422.665087,-12.0982,7.5700,11.1564,7.8414,8.6087,7.9260,5
2459422.698787,-13.7800,-6.8987,11.1564,7.8414,8.6087,7.9260,5
2459422.716747,-3.6506,-9.6810,11.1564,7.8414,8.6087,7.9260,5
2459422.750017,-11.6155,-8.4498,11.1564,7.8414,8.6087,7.9260,5
2459423.542137,7.5968,-3.6381,11.1564,7.8414,8.6087,7.9260,5
2459423.588947,3.0779,-6.0150,11.1564,7.8414,8.6087,7.9260,5
2459423.610347,0.3038,-10.1165,11.1564,7.8414,8.6087,7.9260,5
2459423.644127,-3.5203,-9.7110,11.1564,7.8414,8.6087,7.9260,5
2459423.665307,-10.7710,-13.6560,11.1564,7.8414,8.6087,7.9260,5
2459423.692117,-11.2207,-0.2282,11.1564,7.8414,8.6087,7.9260,5
2459423.745857,-5.7691,1.5835,11.1564,7.8414,8.6087,7.9260,5
2459424.470567,-0.0107,3.2546,11.1564,7.8414,8.6087,7.9260,5
2459424.498687,2.4895,4.3711,11.1564,7.8414,8.6087,7.9260,5
2459424.547797,-13.3863,-3.6828,11.1564,7.8414,8.6087,7.9260,5
2459424.582277,-11.5943,-7.0245,11.1564,7.8414,8.6087,7.9260,5
2459424.599147,-5.3325,-0.7859,11.1564,7.8414,8.6087,7.9260,5
2459424.626387,-13.4445,3.3178,11.1564,7.8414,8.6087,7.9260,5
2459424.646677,-1.7125,-2.4234,11.1564,7.8414,8.6087,7.9260,5
2459424.749257,-13.4300,-4.3152,11.1564,7.8414,8.6087,7.9260,5
2459425.461687,-1.6516,-6.0734,11.1564,7.8414,8.6087,7.9260,5
2459425.583547,-9.8198,3.9159,11.1564,7.8414,8.6087,7.9260,5
2459425.618597,-13.7262,1.1832,11.1564,7.8414,8.6087,7.9260,5
2459425.722377,-3.1688,-10.5672,11.1564,7.8414,8.6087,7.9260,5
2459425.738967,-0.3145,-13.0910,11.1564,7.8414,8.6087,7.9260,5
2459426.489387,4.3755,3.7476,11.1564,7.8414,8.6087,7.9260,5
2459426.523597,-5.7173,-7.5956,11.1564,7.8414,8.6087,7.9260,5
2459426.540397,-6.7680,2.5584,11.1564,7.8414,8.6087,7.9260,5
2459426.568467,5.0031,-0.4170,11.1564,7.8414,8.6087,7.9260,5
2459426.604297,-15.1839,-1.7276,11.1564,7.8414,8.6087,7.9260,5
2459426.621807,-5.2973,-7.9303,11.1564,7.8414,8.6087,7.9260,5
2459426.639197,1.1786,6.3177,11.1564,7.8414,8.6087,7.9260,5
2459426.671087,1.0377,9.1020,11.1564,7.8414,8.6087,7.9260,5
2459426.705097,0.8663,-0.9127,11.1564,7.8414,8.6087,7.9260,5
2459426.722257,-18.0665,3.4899,11.1564,7.8414,8.6087,7.9260,5
2459426.739337,-9.0690,-0.8198,11.1564,7.8414,8.6087,7.9260,5
2459427.478437,-13.1361,9.1167,11.1564,7.8414,8.6087,7.9260,5
2459427.509447,0.6586,4.9123,11.1564,7.8414,8.6087,7.9260,5
2459427.544037,-6.7448,3.7361,11.1564,7.8414,8.6087,7.9260,5
2459427.561517,-5.1859,2.0187,11.1564,7.8414,8.6087,7.9260,5
2459427.578677,-6.0418,7.8738,11.1564,7.8414,8.6087,7.9260,5
2459427.608867,-12.7317,3.1951,11.1564,7.8414,8.6087,7.9260,5
2459427.659437,-12.9500,-0.0618,11.1564,7.8414,8.6087,7.9260,5
2459427.675987,-6.9257,-3.0982,11.1564,7.8414,8.6087,7.9260,5
2459427.724227,-4.0270,8.7860,11.1564,7.8414,8.6087,7.9260,5
2459427.740637,-16.7896,-11.3320,11.1564,7.8414,8.6087,7.9260,5
2459428.470517,-14.8383,2.8939,11.1564,7.8414,8.6087,7.9260,5
2459428.488227,-16.6526,-1.7945,11.1564,7.8414,8.6087,7.9260,5
2459428.516147,-9.9620,-2.9047,11.1564,7.8414,8.6087,7.9260,5
2459428.585097,-16.1094,-3.3171,11.1564,7.8414,8.6087,7.9260,5
2459428.649267,-6.1915,-0.7855,11.1564,7.8414,8.6087,7.9260,5
2459428.665827,-2.9824,-0.7238,11.1564,7.8414,8.6087,7.9260,5
2459428.668647,-8.3320,0.6614,11.1564,7.8414,8.6087,7.9260,5
2459428.702457,-9.9442,1.8783,11.1564,7.8414,8.6087,7.9260,5
2459428.745447,-4.7334,10.0364,11.1564,7.8414,8.6087,7.9260,5
2459429.471077,-4.4095,8.9665,11.1564,7.8414,8.6087,7.9260,5
2459429.489867,2.2131,11.6702,11.1564,7.8414,8.6087,7.9260,5
2459429.509527,-4.4355,-2.1353,11.1564,7.8414,8.6087,7.9260,5
2459429.533737,-7.5769,-1.4254,11.1564,7.8414,8.6087,7.9260,5
2459429.562567,-5.9552,12.6058,11.1564,7.8414,8.6087,7.9260,5
2459429.599817,-7.4933,-2.6090,11.1564,7.8414,8.6087,7.9260,5
2459429.617067,-0.7987,-0.3274,11.1564,7.8414,8.6087,7.9260,5
2459429.633957,1.9841,7.5471,11.1564,7.8414,8.6087,7.9260,5
2459429.636757,-5.1105,-0.0839,11.1564,7.8414,8.6087,7.9260,5
2459429.663667,-17.4868,1.9403,11.1564,7.8414,8.6087,7.9260,5
2459429.699727,-2.2273,-6.6564,11.1564,7.8414,8.6087,7.9260,5
2459429.716477,1.1308,-0.7322,11.1564,7.8414,8.6087,7.9260,5
2459429.735237,-5.0078,3.9161,11.1564,7.8414,8.6087,7.9260,5
2459430.464747,0.5589,5.5682,11.1564,7.8414,8.6087,7.9260,5
2459430.492677,-7.1631,0.5582,11.1564,7.8414,8.6087,7.9260,5
2459430.511307,4.3547,2.4838,11.1564,7.8414,8.6087,7.9260,5
2459430.546577,-12.0235,5.2312,11.1564,7.8414,8.6087,7.9260,5
2459430.565137,-8.9741,-9.2022,11.1564,7.8414,8.6087,7.9260,5
2459430.627707,-3.3601,5.5777,11.1564,7.8414,8.6087,7.9260,5
2459430.695427,-3.7333,-6.2706,11.1564,7.8414,8.6087,7.9260,5
2459430.729347,-9.1834,-5.1541,11.1564,7.8414,8.6087,7.9260,5
2459431.531087,-8.9311,-2.2644,11.1564,7.8414,8.6087,7.9260,5
2459431.558517,-2.1222,0.2957,11.1564,7.8414,8.6087,7.9260,5
2459431.574947,3.5257,7.7302,11.1564,7.8414,8.6087,7.9260,5
2459431.598827,-8.8573,-2.5419,11.1564,7.8414,8.6087,7.9260,5
2459431.615617,-1.7666,-2.5300,11.1564,7.8414,8.6087,7.9260,5
2459431.635087,-6.4231,11.3894,11.1564,7.8414,8.6087,7.9260,5
2459431.664497,-11.1979,-10.8241,11.1564,7.8414,8.6087,7.9260,5
2459431.681497,-11.7283,0.1173,11.1564,7.8414,8.6087,7.9260,5
2459431.731297,-7.5440,-10.0922,11.1564,7.8414,8.6087,7.9260,5
2459431.733987,-1.2638,9.1849,11.1564,7.8414,8.6087,7.9260,5
2459432.523607,1.1513,12.4308,11.1564,7.8414,8.6087,7.9260,5
2459432.541197,-2.0375,6.2542,11.1564,7.8414,8.6087,7.9260,5
2459432.559817,1.5452,9.9749,11.1564,7.8414,8.6087,7.9260,5
2459432.587647,-6.8208,1.4123,11.1564,7.8414,8.6087,7.9260,5
2459432.604347,-3.7557,10.8961,11.1564,7.8414,8.6087,7.9260,5
2459432.607207,-4.9218,3.3123,11.1564,7.8414,8.6087,7.9260,5
2459432.624217,-5.1494,-7.7566,11.1564,7.8414,8.6087,7.9260,5
2459432.641217,-10.0496,6.8561,11.1564,7.8414,8.6087,7.9260,5
2459432.660897,-7.0008,-0.4657,11.1564,7.8414,8.6087,7.9260,5
2459432.709827,-7.9532,12.2286,11.1564,7.8414,8.6087,7.9260,5
2459432.734997,-7.4931,-4.2259,11.1564,7.8414,8.6087,7.9260,5
2459433.551467,3.9553,6.7598,11.1564,7.8414,8.6087,7.9260,5
2459433.602757,0.4718,11.0648,11.1564,7.8414,8.6087,7.9260,5
2459433.630777,2.3638,-1.6353,11.1564,7.8414,8.6087,7.9260,5
2459436.526537,-7.3876,-6.7546,11.1564,7.8414,8.6087,7.9260,5
2459436.562127,-4.6855,1.5220,11.1564,7.8414,8.6087,7.9260,5
2459436.627097,-2.9820,0.6475,11.1564,7.8414,8.6087,7.9260,5
2459436.643907,-11.5512,-5.0507,11.1564,7.8414,8.6087,7.9260,5
2459436.660637,-16.8912,-7.6924,11.1564,7.8414,8.6087,7.9260,5
2459436.678467,-1.2926,-7.2330,11.1564,7.8414,8.6087,7.9260,5
2459436.722907,-16.4160,-5.5537,11.1564,7.8414,8.6087,7.9260,5
2459439.530257,-12.4410,-3.5725,11.1564,7.8414,8.6087,7.9260,5
2459439.575897,-10.3571,-11.8437,11.1564,7.8414,8.6087,7.9260,5
2459439.593017,-8.7172,-8.3665,11.1564,7.8414,8.6087,7.9260,5
2459439.626867,-5.0467,5.7946,11.1564,7.8414,8.6087,7.9260,5
2459439.653877,-12.0426,-6.7610,11.1564,7.8414,8.6087,7.9260,5
2459439.675517,0.0886,-2.3068,11.1564,7.8414,8.6087,7.9260,5
2459439.692227,-9.1705,1.0667,11.1564,7.8414,8.6087,7.9260,5
2459440.479207,-11.4488,-2.4538,11.1564,7.8414,8.6087,7.9260,5
2459440.496077,-7.0937,-5.4374,11.1564,7.8414,8.6087,7.9260,5
2459440.513697,2.7970,0.4096,11.1564,7.8414,8.6087,7.9260,5
2459440.564997,-4.9182,10.6303,11.1564,7.8414,8.6087,7.9260,5
2459440.580807,5.6783,7.9441,11.1564,7.8414,8.6087,7.9260,5
2459440.597467,4.5267,2.8657,11.1564,7.8414,8.6087,7.9260,5
2459440.618987,-10.6128,0.1122,11.1564,7.8414,8.6087,7.9260,5
2459440.645947,0.0101,9.3227,11.1564,7.8414,8.6087,7.9260,5
2459440.662547,-4.2823,-0.0131,11.1564,7.8414,8.6087,7.9260,5
2459440.679297,-9.7376,7.3686,11.1564,7.8414,8.6087,7.9260,5
2459442.516087,-4.9242,-6.9483,11.1564,7.8414,8.6087,7.9260,5
2459443.498117,-3.1427,16.5745,11.1564,7.8414,8.6087,7.9260,5
2459443.521157,3.2140,-5.8976,11.1564,7.8414,8.6087,7.9260,5
2459443.599407,-6.5746,14.1060,11.1564,7.8414,8.6087,7.9260,5
2459443.619167,-0.6284,-5.3765,11.1564,7.8414,8.6087,7.9260,5
2459443.634657,-12.1681,-4.5699,11.1564,7.8414,8.6087,7.9260,5
2459443.637757,0.5663,9.1165,11.1564,7.8414,8.6087,7.9260,5
2459443.667837,0.1362,8.9263,11.1564,7.8414,8.6087,7.9260,5
2459443.684547,-4.8069,0.3889,11.1564,7.8414,8.6087,7.9260,5
2459443.702967,-3.0038,-4.7612,11.1564,7.8414,8.6087,7.9260,5
2459447.483797,0.0120,-2.7992,11.1564,7.8414,8.6087,7.9260,5
2459447.500997,-0.1465,-2.4403,11.1564,7.8414,8.6087,7.9260,5
2459447.518367,-4.4373,4.6055,11.1564,7.8414,8.6087,7.9260,5
2459447.535677,4.6285,6.9542,11.1564,7.8414,8.6087,7.9260,5
2459447.552777,0.4696,14.1485,11.1564,7.8414,8.6087,7.9260,5
2459447.569657,-6.9597,15.8743,11.1564,7.8414,8.6087,7.9260,5
2459447.601317,1.4092,-3.8724,11.1564,7.8414,8.6087,7.9260,5
2459447.618057,-2.3557,3.4485,11.1564,7.8414,8.6087,7.9260,5
2459447.634747,1.9500,4.2629,11.1564,7.8414,8.6087,7.9260,5
2459447.651537,-5.7185,4.7406,11.1564,7.8414,8.6087,7.9260,5
2459447.668627,8.3762,-0.5690,11.1564,7.8414,8.6087,7.9260,5
2459448.488737,-0.2398,-1.7722,11.1564,7.8414,8.6087,7.9260,5
2459448.509797,3.0740,8.7843,11.1564,7.8414,8.6087,7.9260,5
2459448.527417,-12.8865,16.6193,11.1564,7.8414,8.6087,7.9260,5
2459448.589117,-7.6824,1.2124,11.1564,7.8414,8.6087,7.9260,5
2459448.623297,-1.1920,3.7924,11.1564,7.8414,8.6087,7.9260,5
2459448.686857,12.4028,-5.9050,11.1564,7.8414,8.6087,7.9260,5
2459449.484237,-8.7789,1.9901,11.1564,7.8414,8.6087,7.9260,5
2459449.501697,-3.9559,14.2813,11.1564,7.8414,8.6087,7.9260,5
2459449.518627,10.9357,1.9218,11.1564,7.8414,8.6087,7.9260,5
2459449.540977,-11.1576,-6.6094,11.1564,7.8414,8.6087,7.9260,5
2459449.558047,-14.7560,-10.2326,11.1564,7.8414,8.6087,7.9260,5
2459449.585317,-12.9913,2.5869,11.1564,7.8414,8.6087,7.9260,5
2459449.602397,4.1312,2.2397,11.1564,7.8414,8.6087,7.9260,5
2459449.619897,4.7213,7.9280,11.1564,7.8414,8.6087,7.9260,5
2459449.636337,1.6041,17.2026,11.1564,7.8414,8.6087,7.9260,5
2459449.684607,1.5866,9.0821,11.1564,7.8414,8.6087,7.9260,5
2459452.523237,-4.2921,5.0638,11.1564,7.8414,8.6087,7.9260,5
2459452.550957,-13.1292,0.4844,11.1564,7.8414,8.6087,7.9260,5
2459452.584217,-11.3426,3.7112,11.1564,7.8414,8.6087,7.9260,5
2459452.601177,-4.6826,5.6533,11.1564,7.8414,8.6087,7.9260,5
2459452.617667,-1.7324,11.7065,11.1564,7.8414,8.6087,7.9260,5
2459452.634607,5.9199,3.1766,11.1564,7.8414,8.6087,7.9260,5
2459452.661957,5.0590,2.2921,11.1564,7.8414,8.6087,7.9260,5
2459452.678937,-4.2667,-9.2265,11.1564,7.8414,8.6087,7.9260,5
2459453.473127,1.6700,9.8217,11.1564,7.8414,8.6087,7.9260,5
2459453.490317,-1.0169,-1.4593,11.1564,7.8414,8.6087,7.9260,5
2459453.512067,-2.2769,1.8721,11.1564,7.8414,8.6087,7.9260,5
2459453.528907,6.3457,14.8789,11.1564,7.8414,8.6087,7.9260,5
2459453.556287,-1.8935,12.6624,11.1564,7.8414,8.6087,7.9260,5
2459453.572907,-3.0306,-4.6531,11.1564,7.8414,8.6087,7.9260,5
2459453.591887,-10.3264,-0.3224,11.1564,7.8414,8.6087,7.9260,5
2459453.608557,9.6187,-8.2703,11.1564,7.8414,8.6087,7.9260,5
2459453.625507,-2.5691,8.1316,11.1564,7.8414,8.6087,7.9260,5
2459453.653187,0.6801,-0.2973,11.1564,7.8414,8.6087,7.9260,5
2459454.568577,3.8086,-8.4454,11.1564,7.8414,8.6087,7.9260,5
2459454.585397,0.3669,11.5549,11.1564,7.8414,8.6087,7.9260,5
2459454.601997,-0.5302,6.5562,11.1564,7.8414,8.6087,7.9260,5
2459454.635337,3.7129,11.9700,11.1564,7.8414,8.6087,7.9260,5
2459455.598747,-7.9058,10.2437,11.1564,7.8414,8.6087,7.9260,5
2459455.619337,8.7041,-3.2941,11.1564,7.8414,8.6087,7.9260,5
2459456.484037,-11.7161,15.9996,11.1564,7.8414,8.6087,7.9260,5
2459456.501287,6.6156,11.2773,11.1564,7.8414,8.6087,7.9260,5
2459456.582087,-12.6524,4.1171,11.1564,7.8414,8.6087,7.9260,5
2459456.604027,8.2909,-3.8484,11.1564,7.8414,8.6087,7.9260,5
2459456.620857,-4.6500,3.7619,11.1564,7.8414,8.6087,7.9260,5
2459457.526977,-4.4177,7.8163,11.1564,7.8414,8.6087,7.9260,5
2459457.543837,-7.4326,13.2960,11.1564,7.8414,8.6087,7.9260,5
2459457.560567,-9.5860,5.7201,11.1564,7.8414,8.6087,7.9260,5
2459457.620437,-0.0066,-3.8862,11.1564,7.8414,8.6087,7.9260,5
2459457.666107,-12.3903,-1.2878,11.1564,7.8414,8.6087,7.9260,5
2459458.503947,6.0826,-2.7058,11.1564,7.8414,8.6087,7.9260,5
2459458.581097,3.4975,-7.8999,11.1564,7.8414,8.6087,7.9260,5
2459460.540427,-12.7436,-3.3087,11.1564,7.8414,8.6087,7.9260,5
2459460.561487,-9.1596,-8.8531,11.1564,7.8414,8.6087,7.9260,5
2459460.595337,-11.7873,-10.7849,11.1564,7.8414,8.6087,7.9260,5
2459460.657877,-7.2684,-1.2513,11.1564,7.8414,8.6087,7.9260,5
2459461.544167,2.1581,-1.8926,11.1564,7.8414,8.6087,7.9260,5
2459462.508087,-15.2686,-4.1812,11.1564,7.8414,8.6087,7.9260,5
2459462.524567,-2.2513,-4.8096,11.1564,7.8414,8.6087,7.9260,5
2459462.558737,-9.6078,0.5304,11.1564,7.8414,8.6087,7.9260,5
2459462.620147,-13.2886,7.0415,11.1564,7.8414,8.6087,7.9260,5
2459463.472567,-8.1040,-4.7500,11.1564,7.8414,8.6087,7.9260,5
2459463.489497,-3.7505,2.9605,11.1564,7.8414,8.6087,7.9260,5
2459463.509287,-15.3945,10.7575,11.1564,7.8414,8.6087,7.9260,5
2459463.526007,-7.0587,8.3824,11.1564,7.8414,8.6087,7.9260,5
2459463.553367,0.2002,0.4036,11.1564,7.8414,8.6087,7.9260,5
2459463.570487,-13.7298,5.4233,11.1564,7.8414,8.6087,7.9260,5
2459463.650247,11.6297,-9.1082,11.1564,7.8414,8.6087,7.9260,5
2459464.537447,0.8951,7.9369,11.1564,7.8414,8.6087,7.9260,5
2459464.620287,8.7465,7.1609,11.1564,7.8414,8.6087,7.9260,5
2459466.513847,-3.4375,-3.7467,11.1564,7.8414,8.6087,7.9260,5
2459466.530637,-7.0827,-4.8841,11.1564,7.8414,8.6087,7.9260,5
2459466.547177,-3.3245,0.1530,11.1564,7.8414,8.6087,7.9260,5
2459466.569377,2.0286,0.1088,11.1564,7.8414,8.6087,7.9260,5
2459467.524357,-11.1766,12.9751,11.1564,7.8414,8.6087,7.9260,5
2459467.542537,-13.9136,5.9826,11.1564,7.8414,8.6087,7.9260,5
2459467.560257,-5.9410,-11.7703,11.1564,7.8414,8.6087,7.9260,5
2459467.596617,-5.7220,-3.4849,11.1564,7.8414,8.6087,7.9260,5
2459467.613207,-0.5457,1.6819,11.1564,7.8414,8.6087,7.9260,5
2459468.510537,4.7885,-5.2462,11.1564,7.8414,8.6087,7.9260,5
2459468.527557,-8.6091,0.0251,11.1564,7.8414,8.6087,7.9260,5
2459468.623207,5.8404,7.1619,11.1564,7.8414,8.6087,7.9260,5
2459470.501307,-13.8805,2.6937,11.1564,7.8414,8.6087,7.9260,5
2459470.519917,-3.9197,-2.0087,11.1564,7.8414,8.6087,7.9260,5
2459470.564697,-3.8045,6.9367,11.1564,7.8414,8.6087,7.9260,5
2459470.581207,4.1814,1.7606,11.1564,7.8414,8.6087,7.9260,5
2459470.618347,5.7607,5.3006,11.1564,7.8414,8.6087,7.9260,5
2459475.493237,3.4591,0.8554,11.1564,7.8414,8.6087,7.9260,5
2459475.509887,1.5170,5.6882,11.1564,7.8414,8.6087,7.9260,5
2459475.526657,3.7639,-2.0254,11.1564,7.8414,8.6087,7.9260,5
2459475.560447,3.4205,-2.3364,11.1564,7.8414,8.6087,7.9260,5
2459475.577277,-0.1040,-0.2071,11.1564,7.8414,8.6087,7.9260,5
2459475.614877,-4.8841,3.1275,11.1564,7.8414,8.6087,7.9260,5
2459478.484367,-12.4334,0.7247,11.1564,7.8414,8.6087,7.9260,5
2459478.501197,0.1488,7.5741,11.1564,7.8414,8.6087,7.9260,5
2459478.517767,-10.1353,5.8566,11.1564,7.8414,8.6087,7.9260,5
2459478.578827,-14.0425,12.1793,11.1564,7.8414,8.6087,7.9260,5
2459479.498207,-4.1425,2.9378,11.1564,7.8414,8.6087,7.9260,5
2459479.532367,5.7330,6.7382,11.1564,7.8414,8.6087,7.9260,5
2459480.480327,3.9432,10.0742,11.1564,7.8414,8.6087,7.9260,5
2459480.497417,-10.5687,2.0557,11.1564,7.8414,8.6087,7.9260,5
2459480.514817,-3.2588,-2.4815,11.1564,7.8414,8.6087,7.9260,5
2459480.568887,-13.0443,-4.3102,11.1564,7.8414,8.6087,7.9260,5
2459480.590307,-4.2832,1.4786,11.1564,7.8414,8.6087,7.9260,5
2459480.601437,-2.0123,4.3582,11.1564,7.8414,8.6087,7.9260,5
2459481.499907,9.8890,-2.1735,11.1564,7.8414,8.6087,7.9260,5
2459482.513147,-10.5365,0.5155,11.1564,7.8414,8.6087,7.9260,5
2459482.595777,12.0008,9.2022,11.1564,7.8414,8.6087,7.9260,5
2459483.536327,0.4514,-1.7882,11.1564,7.8414,8.6087,7.9260,5
2459484.504947,-2.8494,3.4784,11.1564,7.8414,8.6087,7.9260,5
2459484.526607,-5.9796,-3.4369,11.1564,7.8414,8.6087,7.9260,5
2459484.587447,8.5592,4.1223,11.1564,7.8414,8.6087,7.9260,5
2459485.495307,-2.2078,7.2826,11.1564,7.8414,8.6087,7.9260,5
2459485.566797,-8.2051,7.7362,11.1564,7.8414,8.6087,7.9260,5
2459486.486967,-14.4780,8.6493,11.1564,7.8414,8.6087,7.9260,5
2459486.543197,6.4443,-3.7523,11.1564,7.8414,8.6087,7.9260,5
2459488.543257,-3.6660,3.4150,11.1564,7.8414,8.6087,7.9260,5
2459488.559987,10.6761,12.1027,11.1564,7.8414,8.6087,7.9260,5
2459488.581217,-3.4964,-5.7790,11.1564,7.8414,8.6087,7.9260,5
2459489.484387,4.4684,1.5300,11.1564,7.8414,8.6087,7.9260,5
2459489.502477,-10.4594,2.6374,11.1564,7.8414,8.6087,7.9260,5
2459489.524077,5.6913,-2.5545,11.1564,7.8414,8.6087,7.9260,5
2459489.550967,-5.8088,4.0174,11.1564,7.8414,8.6087,7.9260,5
2459489.567827,-13.3174,-0.8180,11.1564,7.8414,8.6087,7.9260,5
2459490.489897,-5.0197,10.6071,11.1564,7.8414,8.6087,7.9260,5
2459490.530317,0.6708,6.1211,11.1564,7.8414,8.6087,7.9260,5
2459490.562687,-14.9838,-3.5961,11.1564,7.8414,8.6087,7.9260,5
2459491.491287,2.5047,15.2818,11.1564,7.8414,8.6087,7.9260,5
2459491.542757,-1.5548,6.8115,11.1564,7.8414,8.6087,7.9260,5
2459491.570057,8.4159,12.1369,11.1564,7.8414,8.6087,7.9260,5
2459491.574117,-16.0551,14.7597,11.1564,7.8414,8.6087,7.9260,5
2459492.499297,-9.7938,4.5383,11.1564,7.8414,8.6087,7.9260,5
2459492.516247,-7.9507,1.8469,11.1564,7.8414,8.6087,7.9260,5
2459492.533627,-10.5635,0.0815,11.1564,7.8414,8.6087,7.9260,5
2459493.495297,-3.2760,5.3734,11.1564,7.8414,8.6087,7.9260,5
2459493.512027,-7.2439,0.7606,11.1564,7.8414,8.6087,7.9260,5
2459493.553587,3.1488,-4.8649,11.1564,7.8414,8.6087,7.9260,5
2459494.516027,-15.8726,7.8538,11.1564,7.8414,8.6087,7.9260,5
2459494.556157,4.8862,-10.6991,11.1564,7.8414,8.6087,7.9260,5
2459497.521107,-14.1284,14.3077,11.1564,7.8414,8.6087,7.9260,5
2459500.516467,-3.9953,-8.6575,11.1564,7.8414,8.6087,7.9260,5
2459501.505047,1.0182,4.0324,11.1564,7.8414,8.6087,7.9260,5
2459501.533297,-5.0821,1.1208,11.1564,7.8414,8.6087,7.9260,5
2459501.542747,-8.1221,-1.4392,11.1564,7.8414,8.6087,7.9260,5
2459502.514697,3.2946,14.9546,11.1564,7.8414,8.6087,7.9260,5
2459502.531647,-10.9845,4.2615,11.1564,7.8414,8.6087,7.9260,5
2459503.511947,-12.2215,12.0923,11.1564,7.8414,8.6087,7.9260,5
2459504.495167,-5.0103,-0.4712,11.1564,7.8414,8.6087,7.9260,5
2459504.529227,4.5520,-9.6428,11.1564,7.8414,8.6087,7.9260,5
2459504.536647,-10.5736,3.6726,11.1564,7.8414,8.6087,7.9260,5
2459505.508647,-10.9756,6.8733,11.1564,7.8414,8.6087,7.9260,5
2459505.525427,-9.0058,5.3923,11.1564,7.8414,8.6087,7.9260,5
2459505.534887,-16.5251,-4.6001,11.1564,7.8414,8.6087,7.9260,5
2459506.533517,1.0606,-8.2332,11.1564,7.8414,8.6087,7.9260,5
2459507.501897,-16.8894,-7.1931,11.1564,7.8414,8.6087,7.9260,5
2459507.518707,5.1387,4.4129,11.1564,7.8414,8.6087,7.9260,5
2459507.530027,-10.6267,10.4937,11.1564,7.8414,8.6087,7.9260,5
2459508.512667,1.5173,-12.7207,11.1564,7.8414,8.6087,7.9260,5
2459509.499467,-10.8690,23.4202,11.1564,7.8414,8.6087,7.9260,5
2459509.524417,4.3678,15.6601,11.1564,7.8414,8.6087,7.9260,5
2459510.510877,-11.9725,-19.6063,11.1564,7.8414,8.6087,7.9260,5
2459630.863447,5.9108,-12.7805,11.1564,7.8414,9.4776,9.2386,6
2459630.881127,22.4790,3.0941,11.1564,7.8414,9.4776,9.2386,6
2459630.898887,1.4255,0.6239,11.1564,7.8414,9.4776,9.2386,6
2459631.872417,20.9339,-6.8871,11.1564,7.8414,9.4776,9.2386,6
2459632.856607,-19.2688,-21.6740,11.1564,7.8414,9.4776,9.2386,6
2459632.876707,23.0959,5.0347,11.1564,7.8414,9.4776,9.2386,6
2459632.893937,14.3331,-11.7126,11.1564,7.8414,9.4776,9.2386,6
2459634.891257,-7.2017,0.4861,11.1564,7.8414,9.4776,9.2386,6
2459636.865187,-9.9747,-11.5371,11.1564,7.8414,9.4776,9.2386,6
2459636.882757,-10.4294,8.6474,11.1564,7.8414,9.4776,9.2386,6
2459637.848807,-2.0869,-14.2653,11.1564,7.8414,9.4776,9.2386,6
2459637.866897,3.8119,-6.2274,11.1564,7.8414,9.4776,9.2386,6
2459637.895197,-15.7995,-4.1360,11.1564,7.8414,9.4776,9.2386,6
2459638.861647,5.5721,-10.3183,11.1564,7.8414,9.4776,9.2386,6
2459638.879197,-1.5111,7.4236,11.1564,7.8414,9.4776,9.2386,6
2459638.896527,8.3940,-8.4686,11.1564,7.8414,9.4776,9.2386,6
2459639.837477,18.6034,6.0093,11.1564,7.8414,9.4776,9.2386,6
2459639.855237,4.1272,2.2937,11.1564,7.8414,9.4776,9.2386,6
2459639.890497,-4.0251,2.7570,11.1564,7.8414,9.4776,9.2386,6
2459640.856567,19.6321,-10.4340,11.1564,7.8414,9.4776,9.2386,6
2459640.874457,-11.5699,0.5113,11.1564,7.8414,9.4776,9.2386,6
2459640.891947,-8.6275,-6.9356,11.1564,7.8414,9.4776,9.2386,6
2459641.853247,1.6078,-2.7423,11.1564,7.8414,9.4776,9.2386,6
2459641.900777,18.3732,-1.2447,11.1564,7.8414,9.4776,9.2386,6
2459642.853897,-6.9243,-9.4498,11.1564,7.8414,9.4776,9.2386,6
2459642.884127,-4.6987,-11.7257,11.1564,7.8414,9.4776,9.2386,6
2459642.901917,-4.3599,3.7903,11.1564,7.8414,9.4776,9.2386,6
2459645.846217,4.6992,15.8949,11.1564,7.8414,9.4776,9.2386,6
2459645.891617,6.8916,2.5517,11.1564,7.8414,9.4776,9.2386,6
2459647.904637,-5.5418,5.7844,11.1564,7.8414,9.4776,9.2386,6
2459648.851707,-2.7026,3.4498,11.1564,7.8414,9.4776,9.2386,6
2459648.874987,-17.9923,8.4116,11.1564,7.8414,9.4776,9.2386,6
2459648.892887,1.1323,-3.7961,11.1564,7.8414,9.4776,9.2386,6
2459648.910297,-14.4099,-0.6522,11.1564,7.8414,9.4776,9.2386,6
2459649.809207,-2.3087,-9.5643,11.1564,7.8414,9.4776,9.2386,6
2459649.828887,2.5229,-0.9261,11.1564,7.8414,9.4776,9.2386,6
2459649.863807,2.5755,-8.7753,11.1564,7.8414,9.4776,9.2386,6
2459649.908527,2.0843,13.2235,11.1564,7.8414,9.4776,9.2386,6
2459650.806027,6.2044,-1.1492,11.1564,7.8414,9.4776,9.2386,6
2459650.852057,0.9095,1.2592,11.1564,7.8414,9.4776,9.2386,6
2459651.834267,9.8140,0.9216,11.1564,7.8414,9.4776,9.2386,6
2459651.852787,-5.2133,2.0806,11.1564,7.8414,9.4776,9.2386,6
2459651.870557,3.4321,-6.5362,11.1564,7.8414,9.4776,9.2386,6
2459651.887847,-13.3165,-7.7919,11.1564,7.8414,9.4776,9.2386,6
2459651.905237,-10.1781,-13.0237,11.1564,7.8414,9.4776,9.2386,6
2459652.854757,-12.4312,-4.9155,11.1564,7.8414,9.4776,9.2386,6
2459652.872237,-10.4645,-9.7189,11.1564,7.8414,9.4776,9.2386,6
2459652.895887,-18.4759,-2.5180,11.1564,7.8414,9.4776,9.2386,6
2459653.815407,-1.3977,-16.1261,11.1564,7.8414,9.4776,9.2386,6
2459653.843957,2.7789,5.7890,11.1564,7.8414,9.4776,9.2386,6
2459653.867577,0.5245,9.6350,11.1564,7.8414,9.4776,9.2386,6
2459653.902237,-18.2360,-16.4054,11.1564,7.8414,9.4776,9.2386,6
2459654.823757,2.0871,7.6581,11.1564,7.8414,9.4776,9.2386,6
2459654.841957,11.3366,11.1382,11.1564,7.8414,9.4776,9.2386,6
2459654.860067,6.8914,-2.0935,11.1564,7.8414,9.4776,9.2386,6
2459654.905827,3.7230,13.2582,11.1564,7.8414,9.4776,9.2386,6
2459655.816687,5.3624,4.8116,11.1564,7.8414,9.4776,9.2386,6
2459655.852117,16.1971,-7.2508,11.1564,7.8414,9.4776,9.2386,6
2459655.869867,-0.7251,-2.0317,11.1564,7.8414,9.4776,9.2386,6
2459655.889127,-16.0340,-13.5406,11.1564,7.8414,9.4776,9.2386,6
2459656.827827,10.5187,-10.7675,11.1564,7.8414,9.4776,9.2386,6
2459656.880897,-12.6168,4.6060,11.1564,7.8414,9.4776,9.2386,6
2459656.898117,-11.4509,-11.6078,11.1564,7.8414,9.4776,9.2386,6
2459656.915657,-9.0950,0.9159,11.1564,7.8414,9.4776,9.2386,6
2459657.826227,15.4413,-5.5165,11.1564,7.8414,9.4776,9.2386,6
2459657.863807,0.8520,-8.9194,11.1564,7.8414,9.4776,9.2386,6
2459657.881437,-20.2136,-4.2364,11.1564,7.8414,9.4776,9.2386,6
2459657.898817,-13.4307,-15.8360,11.1564,7.8414,9.4776,9.2386,6
2459658.800527,-8.4006,-6.0224,11.1564,7.8414,9.4776,9.2386,6
2459658.818127,11.3906,-11.8403,11.1564,7.8414,9.4776,9.2386,6
2459658.839137,-11.2142,-14.2194,11.1564,7.8414,9.4776,9.2386,6
2459658.857107,4.0040,-8.0956,11.1564,7.8414,9.4776,9.2386,6
2459658.876457,7.4986,-3.8299,11.1564,7.8414,9.4776,9.2386,6
2459658.906117,-12.3562,-12.9332,11.1564,7.8414,9.4776,9.2386,6
2459658.909217,-12.2475,-9.4173,11.1564,7.8414,9.4776,9.2386,6
2459659.855427,2.4729,-9.2636,11.1564,7.8414,9.4776,9.2386,6
2459659.872877,-9.1411,1.4272,11.1564,7.8414,9.4776,9.2386,6
2459659.891997,-2.7839,1.0613,11.1564,7.8414,9.4776,9.2386,6
2459659.909117,-10.2108,-3.8834,11.1564,7.8414,9.4776,9.2386,6
2459660.830487,12.2756,3.9661,11.1564,7.8414,9.4776,9.2386,6
2459660.848247,-10.2039,-8.9219,11.1564,7.8414,9.4776,9.2386,6
2459660.869867,-3.5035,-9.4574,11.1564,7.8414,9.4776,9.2386,6
2459660.887547,-11.1526,-8.6646,11.1564,7.8414,9.4776,9.2386,6
2459661.787647,-14.2997,11.3965,11.1564,7.8414,9.4776,9.2386,6
2459661.808497,3.8623,2.9164,11.1564,7.8414,9.4776,9.2386,6
2459661.829107,11.8307,8.6394,11.1564,7.8414,9.4776,9.2386,6
2459661.892617,-14.0011,6.7348,11.1564,7.8414,9.4776,9.2386,6
2459661.912617,5.0060,-15.9313,11.1564,7.8414,9.4776,9.2386,6
2459664.794947,-9.4961,-3.5719,11.1564,7.8414,9.4776,9.2386,6
2459664.840867,8.8218,-1.8789,11.1564,7.8414,9.4776,9.2386,6
2459664.879047,-14.8419,4.1040,11.1564,7.8414,9.4776,9.2386,6
2459664.904077,-6.6136,-1.6717,11.1564,7.8414,9.4776,9.2386,6
2459665.780637,-6.2306,-0.7225,11.1564,7.8414,9.4776,9.2386,6
2459665.798047,-3.5304,-10.5416,11.1564,7.8414,9.4776,9.2386,6
2459665.833037,-12.2566,-2.0626,11.1564,7.8414,9.4776,9.2386,6
2459665.914937,1.1138,10.8103,11.1564,7.8414,9.4776,9.2386,6
2459666.791627,-5.0306,-0.1589,11.1564,7.8414,9.4776,9.2386,6
2459666.824597,-2.6758,-8.9297,11.1564,7.8414,9.4776,9.2386,6
2459666.912947,-2.7304,7.2668,11.1564,7.8414,9.4776,9.2386,6
2459667.782537,6.2751,-11.9994,11.1564,7.8414,9.4776,9.2386,6
2459667.887347,-10.2173,-5.5917,11.1564,7.8414,9.4776,9.2386,6
2459668.831647,-3.2248,-8.2773,11.1564,7.8414,9.4776,9.2386,6
2459668.867167,8.5552,-4.0719,11.1564,7.8414,9.4776,9.2386,6
2459668.884807,-19.7101,-3.4085,11.1564,7.8414,9.4776,9.2386,6
2459668.906497,-10.3363,-2.1958,11.1564,7.8414,9.4776,9.2386,6
2459669.777817,2.9836,-11.6198,11.1564,7.8414,9.4776,9.2386,6
2459669.797017,-11.5875,11.0481,11.1564,7.8414,9.4776,9.2386,6
2459669.862177,-5.0348,-7.3340,11.1564,7.8414,9.4776,9.2386,6
2459669.913707,-13.1013,-5.5963,11.1564,7.8414,9.4776,9.2386,6
2459670.774637,8.8108,-9.5090,11.1564,7.8414,9.4776,9.2386,6
2459670.811677,-4.1842,-13.5090,11.1564,7.8414,9.4776,9.2386,6
2459670.829037,-5.0618,0.8039,11.1564,7.8414,9.4776,9.2386,6
2459670.874617,-15.5393,-12.6588,11.1564,7.8414,9.4776,9.2386,6
2459670.892427,-19.8155,-9.3809,11.1564,7.8414,9.4776,9.2386,6
2459670.909897,-4.8990,1.8593,11.1564,7.8414,9.4776,9.2386,6
2459671.751977,0.4459,5.1993,11.1564,7.8414,9.4776,9.2386,6
2459671.772887,3.8730,-0.1342,11.1564,7.8414,9.4776,9.2386,6
2459671.805147,-12.6025,-0.4725,11.1564,7.8414,9.4776,9.2386,6
2459671.822897,5.8564,-7.7334,11.1564,7.8414,9.4776,9.2386,6
2459671.885097,-6.4494,6.4208,11.1564,7.8414,9.4776,9.2386,6
2459671.912237,-11.5303,-5.5449,11.1564,7.8414,9.4776,9.2386,6
2459672.787517,-8.1349,-5.1357,11.1564,7.8414,9.4776,9.2386,6
2459672.819677,-4.3786,-3.1152,11.1564,7.8414,9.4776,9.2386,6
2459672.855117,-14.9770,-2.2200,11.1564,7.8414,9.4776,9.2386,6
2459672.872147,-3.4389,-12.3442,11.1564,7.8414,9.4776,9.2386,6
2459672.889247,-7.3614,-1.1424,11.1564,7.8414,9.4776,9.2386,6
2459672.916937,-8.1602,-4.1438,11.1564,7.8414,9.4776,9.2386,6
2459673.857367,-19.5493,-3.4832,11.1564,7.8414,9.4776,9.2386,6
2459674.746877,1.0606,-7.1083,11.1564,7.8414,9.4776,9.2386,6
2459674.804207,-21.7201,-5.8800,11.1564,7.8414,9.4776,9.2386,6
2459674.849687,-17.0901,-11.6153,11.1564,7.8414,9.4776,9.2386,6
2459674.867377,-20.0253,-11.3453,11.1564,7.8414,9.4776,9.2386,6
2459675.744067,-18.9794,2.4345,11.1564,7.8414,9.4776,9.2386,6
2459675.779677,-0.9211,-6.1464,11.1564,7.8414,9.4776,9.2386,6
2459675.797517,-16.7503,-2.7584,11.1564,7.8414,9.4776,9.2386,6
2459675.862337,-13.9309,-12.0215,11.1564,7.8414,9.4776,9.2386,6
2459675.879407,-3.1714,-6.3546,11.1564,7.8414,9.4776,9.2386,6
2459675.913477,-0.7658,-2.2346,11.1564,7.8414,9.4776,9.2386,6
2459676.759747,-12.7513,2.2271,11.1564,7.8414,9.4776,9.2386,6
2459676.777217,2.7297,7.0662,11.1564,7.8414,9.4776,9.2386,6
2459676.806777,-6.5010,-14.6597,11.1564,7.8414,9.4776,9.2386,6
2459676.824387,-3.2850,-5.5045,11.1564,7.8414,9.4776,9.2386,6
2459676.841877,-17.8069,6.0532,11.1564,7.8414,9.4776,9.2386,6
2459676.869497,1.9665,3.1331,11.1564,7.8414,9.4776,9.2386,6
2459676.903517,-5.8034,5.3271,11.1564,7.8414,9.4776,9.2386,6
2459677.795067,-10.3933,9.6916,11.1564,7.8414,9.4776,9.2386,6
2459677.859817,-17.0908,-6.1531,11.1564,7.8414,9.4776,9.2386,6
2459677.876957,-13.2542,2.0976,11.1564,7.8414,9.4776,9.2386,6
2459677.904917,-0.3396,-1.2730,11.1564,7.8414,9.4776,9.2386,6
2459678.772857,-7.7753,-1.6405,11.1564,7.8414,9.4776,9.2386,6
2459678.818257,-9.1164,-1.9109,11.1564,7.8414,9.4776,9.2386,6
2459678.835997,-15.5948,-0.1438,11.1564,7.8414,9.4776,9.2386,6
2459678.908017,-7.1526,-4.8414,11.1564,7.8414,9.4776,9.2386,6
2459679.742477,-11.3702,2.8005,11.1564,7.8414,9.4776,9.2386,6
2459679.760227,-13.5802,3.2474,11.1564,7.8414,9.4776,9.2386,6
2459679.795147,1.3881,2.0428,11.1564,7.8414,9.4776,9.2386,6
2459679.823427,-6.7983,1.4756,11.1564,7.8414,9.4776,9.2386,6
2459679.840437,-3.3582,-2.0740,11.1564,7.8414,9.4776,9.2386,6
2459679.857477,-3.0514,-8.6397,11.1564,7.8414,9.4776,9.2386,6
2459679.874887,-13.8586,-6.2171,11.1564,7.8414,9.4776,9.2386,6
2459679.920007,-5.3743,5.8543,11.1564,7.8414,9.4776,9.2386,6
2459680.741537,-16.8272,0.9022,11.1564,7.8414,9.4776,9.2386,6
2459680.776477,-1.0235,8.2672,11.1564,7.8414,9.4776,9.2386,6
2459680.838667,-7.3142,10.8963,11.1564,7.8414,9.4776,9.2386,6
2459680.877027,-17.9007,2.0677,11.1564,7.8414,9.4776,9.2386,6
2459680.894287,-0.7110,-7.8010,11.1564,7.8414,9.4776,9.2386,6
2459681.784337,-5.8859,10.6153,11.1564,7.8414,9.4776,9.2386,6
2459681.805697,-16.8215,1.5052,11.1564,7.8414,9.4776,9.2386,6
2459681.861747,-6.0850,-8.2248,11.1564,7.8414,9.4776,9.2386,6
2459681.895407,-3.3472,9.0683,11.1564,7.8414,9.4776,9.2386,6
2459681.912297,-9.3552,7.0212,11.1564,7.8414,9.4776,9.2386,6
2459682.755657,-10.4330,-6.6218,11.1564,7.8414,9.4776,9.2386,6
2459682.775287,-6.6695,8.7084,11.1564,7.8414,9.4776,9.2386,6
2459682.792487,-5.9210,-4.8079,11.1564,7.8414,9.4776,9.2386,6
2459682.809657,-3.1969,-13.5877,11.1564,7.8414,9.4776,9.2386,6
2459682.837617,-5.5501,6.6828,11.1564,7.8414,9.4776,9.2386,6
2459682.902997,-5.8046,-0.3410,11.1564,7.8414,9.4776,9.2386,6
2459682.919587,-12.5397,4.6745,11.1564,7.8414,9.4776,9.2386,6
2459683.716257,7.3222,-8.2823,11.1564,7.8414,9.4776,9.2386,6
2459683.751537,4.8686,-5.8652,11.1564,7.8414,9.4776,9.2386,6
2459683.769037,10.4956,-9.2935,11.1564,7.8414,9.4776,9.2386,6
2459683.788027,-0.7914,2.3664,11.1564,7.8414,9.4776,9.2386,6
2459683.804917,-20.7571,-0.7515,11.1564,7.8414,9.4776,9.2386,6
2459683.849427,-10.7823,-4.0446,11.1564,7.8414,9.4776,9.2386,6
2459683.887997,-5.1778,4.4196,11.1564,7.8414,9.4776,9.2386,6
2459683.904607,-3.8598,1.5503,11.1564,7.8414,9.4776,9.2386,6
2459684.749917,3.5087,1.5561,11.1564,7.8414,9.4776,9.2386,6
2459684.774637,9.4531,3.3319,11.1564,7.8414,9.4776,9.2386,6
2459684.777457,2.9681,-5.7667,11.1564,7.8414,9.4776,9.2386,6
2459684.803847,-5.0648,-2.2996,11.1564,7.8414,9.4776,9.2386,6
2459684.820917,-10.9140,4.9155,11.1564,7.8414,9.4776,9.2386,6
2459684.838017,-5.5912,0.5632,11.1564,7.8414,9.4776,9.2386,6
2459684.858277,-3.6484,-8.5508,11.1564,7.8414,9.4776,9.2386,6
2459684.876447,-3.2717,-1.7944,11.1564,7.8414,9.4776,9.2386,6
2459684.914967,-6.8990,-1.4545,11.1564,7.8414,9.4776,9.2386,6
2459685.736297,-6.0708,9.5385,11.1564,7.8414,9.4776,9.2386,6
2459685.757917,-12.1338,14.1351,11.1564,7.8414,9.4776,9.2386,6
2459685.775757,-8.6219,9.2629,11.1564,7.8414,9.4776,9.2386,6
2459685.804977,-4.0346,0.9253,11.1564,7.8414,9.4776,9.2386,6
2459685.839817,-12.1312,-3.4226,11.1564,7.8414,9.4776,9.2386,6
2459685.914977,-6.4770,-2.6040,11.1564,7.8414,9.4776,9.2386,6
2459687.720187,7.8682,4.7921,11.1564,7.8414,9.4776,9.2386,6
2459687.769727,-14.4364,5.5425,11.1564,7.8414,9.4776,9.2386,6
2459687.797697,-3.6222,-1.6300,11.1564,7.8414,9.4776,9.2386,6
2459687.815057,-7.9298,-2.0562,11.1564,7.8414,9.4776,9.2386,6
2459687.854387,-13.6719,-10.0527,11.1564,7.8414,9.4776,9.2386,6
2459687.871727,-9.6012,-2.2690,11.1564,7.8414,9.4776,9.2386,6
2459687.900767,-1.4746,-4.4330,11.1564,7.8414,9.4776,9.2386,6
2459689.809017,-14.4621,9.2874,11.1564,7.8414,9.4776,9.2386,6
2459689.826127,0.9040,6.0895,11.1564,7.8414,9.4776,9.2386,6
2459689.843807,4.9137,13.5042,11.1564,7.8414,9.4776,9.2386,6
2459691.709177,-10.2876,7.5387,11.1564,7.8414,9.4776,9.2386,6
2459691.812307,-1.8071,-7.8310,11.1564,7.8414,9.4776,9.2386,6
2459691.829337,7.0849,14.6914,11.1564,7.8414,9.4776,9.2386,6
2459691.846687,7.3656,3.2467,11.1564,7.8414,9.4776,9.2386,6
2459691.881027,1.2725,1.4864,11.1564,7.8414,9.4776,9.2386,6
2459691.898407,-1.3109,1.5491,11.1564,7.8414,9.4776,9.2386,6
2459691.915007,-6.6232,11.1542,11.1564,7.8414,9.4776,9.2386,6
2459692.759487,-18.4122,5.4097,11.1564,7.8414,9.4776,9.2386,6
2459692.776827,-18.4430,10.7111,11.1564,7.8414,9.4776,9.2386,6
2459692.827367,-0.1322,-5.6674,11.1564,7.8414,9.4776,9.2386,6
2459692.847567,-0.7813,8.1281,11.1564,7.8414,9.4776,9.2386,6
2459692.864477,-17.8273,-5.7859,11.1564,7.8414,9.4776,9.2386,6
2459692.898497,-4.0223,-4.8846,11.1564,7.8414,9.4776,9.2386,6
2459693.723247,11.2249,-0.7693,11.1564,7.8414,9.4776,9.2386,6
2459693.758277,-13.8887,1.5158,11.1564,7.8414,9.4776,9.2386,6
2459693.785857,4.5441,1.4416,11.1564,7.8414,9.4776,9.2386,6
2459693.803437,-7.5030,0.6666,11.1564,7.8414,9.4776,9.2386,6
2459693.820667,-8.8485,-4.3391,11.1564,7.8414,9.4776,9.2386,6
2459693.859087,-6.2530,6.2283,11.1564,7.8414,9.4776,9.2386,6
2459693.888867,-2.6749,1.1053,11.1564,7.8414,9.4776,9.2386,6
2459693.910097,-6.8356,-4.9088,11.1564,7.8414,9.4776,9.2386,6
2459694.729927,-16.5117,5.5290,11.1564,7.8414,9.4776,9.2386,6
2459694.782607,-17.8891,11.0631,11.1564,7.8414,9.4776,9.2386,6
2459694.831227,5.9262,1.7377,11.1564,7.8414,9.4776,9.2386,6
2459694.848437,-10.5662,-11.6230,11.1564,7.8414,9.4776,9.2386,6
2459694.865477,-10.8182,-7.3338,11.1564,7.8414,9.4776,9.2386,6
2459694.882677,-6.1391,4.1289,11.1564,7.8414,9.4776,9.2386,6
2459694.899907,0.4933,-3.0247,11.1564,7.8414,9.4776,9.2386,6
2459694.916527,3.2163,3.9964,11.1564,7.8414,9.4776,9.2386,6
2459695.800467,4.8481,-3.8362,11.1564,7.8414,9.4776,9.2386,6
2459695.917947,-5.8313,-8.5279,11.1564,7.8414,9.4776,9.2386,6
2459696.722607,13.3682,-2.0466,11.1564,7.8414,9.4776,9.2386,6
2459696.787627,2.2784,-3.0534,11.1564,7.8414,9.4776,9.2386,6
2459696.788977,-6.6277,-2.4300,11.1564,7.8414,9.4776,9.2386,6
2459696.839317,11.2439,-12.4936,11.1564,7.8414,9.4776,9.2386,6
2459696.868087,-14.9837,-9.5122,11.1564,7.8414,9.4776,9.2386,6
2459696.883607,-20.1227,-5.5456,11.1564,7.8414,9.4776,9.2386,6
2459696.894897,-18.0165,3.0295,11.1564,7.8414,9.4776,9.2386,6
2459696.902147,-6.2973,-2.3330,11.1564,7.8414,9.4776,9.2386,6
2459696.912097,-3.9261,1.9206,11.1564,7.8414,9.4776,9.2386,6
2459696.917497,-0.0080,6.4686,11.1564,7.8414,9.4776,9.2386,6
2459697.694147,14.3327,8.5944,11.1564,7.8414,9.4776,9.2386,6
2459697.748237,-2.5199,2.1184,11.1564,7.8414,9.4776,9.2386,6
2459697.768427,-2.8307,2.8258,11.1564,7.8414,9.4776,9.2386,6
2459697.796417,-18.7628,-10.6606,11.1564,7.8414,9.4776,9.2386,6
2459697.813667,-3.7471,0.6516,11.1564,7.8414,9.4776,9.2386,6
2459697.837627,-2.2230,-3.7346,11.1564,7.8414,9.4776,9.2386,6
2459697.861677,-9.7988,-14.7179,11.1564,7.8414,9.4776,9.2386,6
2459697.899637,-5.0424,-2.0256,11.1564,7.8414,9.4776,9.2386,6
2459698.703157,2.3622,-13.2083,11.1564,7.8414,9.4776,9.2386,6
2459698.706227,-7.2098,-4.0541,11.1564,7.8414,9.4776,9.2386,6
2459698.723817,10.0677,-2.1386,11.1564,7.8414,9.4776,9.2386,6
2459698.773657,-4.0259,-3.9579,11.1564,7.8414,9.4776,9.2386,6
2459698.812587,-6.1397,-14.5687,11.1564,7.8414,9.4776,9.2386,6
2459698.860607,-14.9116,-1.1562,11.1564,7.8414,9.4776,9.2386,6
2459699.728557,1.3858,-0.5282,11.1564,7.8414,9.4776,9.2386,6
2459699.748887,16.5278,-5.4360,11.1564,7.8414,9.4776,9.2386,6
2459699.766827,4.8800,2.5275,11.1564,7.8414,9.4776,9.2386,6
2459699.837217,8.0551,-10.5687,11.1564,7.8414,9.4776,9.2386,6
2459699.889427,17.7538,-0.2475,11.1564,7.8414,9.4776,9.2386,6
2459700.708167,13.2932,-4.8242,11.1564,7.8414,9.4776,9.2386,6
2459700.727447,-2.2051,0.9159,11.1564,7.8414,9.4776,9.2386,6
2459700.773357,1.4210,10.2475,11.1564,7.8414,9.4776,9.2386,6
2459700.831447,-10.5248,-13.4116,11.1564,7.8414,9.4776,9.2386,6
2459700.877377,-8.8025,-12.8629,11.1564,7.8414,9.4776,9.2386,6
2459700.895807,-21.9317,5.2078,11.1564,7.8414,9.4776,9.2386,6
2459701.776317,15.5719,10.1985,11.1564,7.8414,9.4776,9.2386,6
2459701.793207,-6.2969,-0.3542,11.1564,7.8414,9.4776,9.2386,6
2459701.824307,14.5349,-13.3663,11.1564,7.8414,9.4776,9.2386,6
2459701.920097,-19.6971,-15.2703,11.1564,7.8414,9.4776,9.2386,6
2459702.784447,8.8065,7.0566,11.1564,7.8414,9.4776,9.2386,6
2459702.801597,-3.2373,-3.1761,11.1564,7.8414,9.4776,9.2386,6
2459702.850567,-12.7847,-1.9285,11.1564,7.8414,9.4776,9.2386,6
2459702.867967,-11.4469,1.9148,11.1564,7.8414,9.4776,9.2386,6
2459704.672557,13.2186,4.7221,11.1564,7.8414,9.4776,9.2386,6
2459704.690397,-1.6592,6.7128,11.1564,7.8414,9.4776,9.2386,6
2459704.708007,-10.7717,-13.0875,11.1564,7.8414,9.4776,9.2386,6
2459704.736337,4.4414,-7.3100,11.1564,7.8414,9.4776,9.2386,6
2459704.753887,-8.4253,-17.8970,11.1564,7.8414,9.4776,9.2386,6
2459704.788447,-10.6528,-9.6736,11.1564,7.8414,9.4776,9.2386,6
2459704.810277,-16.0194,-3.3766,11.1564,7.8414,9.4776,9.2386,6
2459704.839907,-12.3377,-7.9151,11.1564,7.8414,9.4776,9.2386,6
2459704.873637,-10.0027,-7.4022,11.1564,7.8414,9.4776,9.2386,6
2459704.907267,-2.0981,-16.5559,11.1564,7.8414,9.4776,9.2386,6
2459705.728417,10.0388,8.8510,11.1564,7.8414,9.4776,9.2386,6
2459705.774667,16.4157,-3.7808,11.1564,7.8414,9.4776,9.2386,6
2459705.853287,5.6081,-3.9283,11.1564,7.8414,9.4776,9.2386,6
2459705.887227,13.7913,6.0186,11.1564,7.8414,9.4776,9.2386,6
2459706.809407,-2.7891,2.4860,11.1564,7.8414,9.4776,9.2386,6
2459706.844077,-4.4327,-11.0932,11.1564,7.8414,9.4776,9.2386,6
2459706.860927,-19.3789,-14.0860,11.1564,7.8414,9.4776,9.2386,6
2459706.889467,-5.4194,-1.8964,11.1564,7.8414,9.4776,9.2386,6
2459706.906137,-3.8846,-7.2917,11.1564,7.8414,9.4776,9.2386,6
2459706.922877,-8.9932,-7.9848,11.1564,7.8414,9.4776,9.2386,6
2459708.726987,0.6164,12.3430,11.1564,7.8414,9.4776,9.2386,6
2459708.810467,11.8749,6.4164,11.1564,7.8414,9.4776,9.2386,6
2459708.849337,-15.9070,-12.2098,11.1564,7.8414,9.4776,9.2386,6
2459708.866487,-4.2511,-16.2704,11.1564,7.8414,9.4776,9.2386,6
2459708.883587,-13.3762,-5.1195,11.1564,7.8414,9.4776,9.2386,6
2459709.668457,9.1377,2.2258,11.1564,7.8414,9.4776,9.2386,6
2459709.686137,14.2502,-12.4457,11.1564,7.8414,9.4776,9.2386,6
2459709.707917,-0.6408,-4.4506,11.1564,7.8414,9.4776,9.2386,6
2459709.725157,-6.4237,-5.5604,11.1564,7.8414,9.4776,9.2386,6
2459709.821867,-4.1341,-5.5512,11.1564,7.8414,9.4776,9.2386,6
2459709.848627,6.7823,-1.5725,11.1564,7.8414,9.4776,9.2386,6
2459709.865457,-1.7946,1.5227,11.1564,7.8414,9.4776,9.2386,6
2459709.882457,-4.1521,1.4933,11.1564,7.8414,9.4776,9.2386,6
2459709.899767,-3.9801,1.7459,11.1564,7.8414,9.4776,9.2386,6
2459709.916517,5.5184,-1.4175,11.1564,7.8414,9.4776,9.2386,6
2459710.731327,0.0253,-16.9112,11.1564,7.8414,9.4776,9.2386,6
2459710.780577,-1.9095,0.5913,11.1564,7.8414,9.4776,9.2386,6
2459710.797567,-2.6003,-7.0378,11.1564,7.8414,9.4776,9.2386,6
2459710.814517,-6.2284,-7.3846,11.1564,7.8414,9.4776,9.2386,6
2459710.914137,8.9500,-8.6753,11.1564,7.8414,9.4776,9.2386,6
2459710.930757,-2.4201,-3.9413,11.1564,7.8414,9.4776,9.2386,6
2459711.667937,4.8712,-4.8372,11.1564,7.8414,9.4776,9.2386,6
2459711.685477,-0.4584,-4.2598,11.1564,7.8414,9.4776,9.2386,6
2459711.721607,-17.7957,-0.6213,11.1564,7.8414,9.4776,9.2386,6
2459711.767027,-7.0416,-14.5046,11.1564,7.8414,9.4776,9.2386,6
2459711.797447,1.7981,-5.9945,11.1564,7.8414,9.4776,9.2386,6
2459711.833727,-18.1186,-11.1636,11.1564,7.8414,9.4776,9.2386,6
2459711.917517,-13.7567,-6.5309,11.1564,7.8414,9.4776,9.2386,6
2459712.735307,13.2906,5.5908,11.1564,7.8414,9.4776,9.2386,6
2459712.900117,-10.2468,-7.9324,11.1564,7.8414,9.4776,9.2386,6
2459712.919477,9.6182,4.3606,11.1564,7.8414,9.4776,9.2386,6
2459713.634457,5.8452,-2.2718,11.1564,7.8414,9.4776,9.2386,6
2459713.652277,-4.0062,-5.9923,11.1564,7.8414,9.4776,9.2386,6
2459713.681937,-9.4207,7.5438,11.1564,7.8414,9.4776,9.2386,6
2459713.751247,-17.4990,-14.2581,11.1564,7.8414,9.4776,9.2386,6
2459713.786787,-14.9588,4.1807,11.1564,7.8414,9.4776,9.2386,6
2459713.803527,-15.0657,3.4331,11.1564,7.8414,9.4776,9.2386,6
2459713.823067,-8.1905,-1.3105,11.1564,7.8414,9.4776,9.2386,6
2459713.843057,-6.4747,10.9766,11.1564,7.8414,9.4776,9.2386,6
2459713.860167,-4.3367,-10.5608,11.1564,7.8414,9.4776,9.2386,6
2459713.887427,-21.4800,-10.3301,11.1564,7.8414,9.4776,9.2386,6
2459714.689787,8.5491,8.2587,11.1564,7.8414,9.4776,9.2386,6
2459714.708597,1.1680,8.7843,11.1564,7.8414,9.4776,9.2386,6
2459714.729447,-2.2864,-2.4009,11.1564,7.8414,9.4776,9.2386,6
2459714.746797,-6.6917,2.9746,11.1564,7.8414,9.4776,9.2386,6
2459714.775847,-9.2080,2.6728,11.1564,7.8414,9.4776,9.2386,6
2459714.820447,-7.7060,-15.6486,11.1564,7.8414,9.4776,9.2386,6
2459714.854937,-15.1505,4.8498,11.1564,7.8414,9.4776,9.2386,6
2459714.871867,-14.7081,0.4619,11.1564,7.8414,9.4776,9.2386,6
2459714.916297,-7.5406,1.4086,11.1564,7.8414,9.4776,9.2386,6
2459715.682247,6.3593,-7.1539,11.1564,7.8414,9.4776,9.2386,6
2459715.717887,-10.1816,12.2097,11.1564,7.8414,9.4776,9.2386,6
2459715.735357,0.5346,-1.0209,11.1564,7.8414,9.4776,9.2386,6
2459715.754307,7.6870,-11.8954,11.1564,7.8414,9.4776,9.2386,6
2459715.798697,-7.3502,12.0042,11.1564,7.8414,9.4776,9.2386,6
2459715.879307,-9.2445,2.9639,11.1564,7.8414,9.4776,9.2386,6
2459715.895987,-12.9951,5.6846,11.1564,7.8414,9.4776,9.2386,6
2459716.745727,2.3793,7.7942,11.1564,7.8414,9.4776,9.2386,6
2459716.773437,-8.5346,-6.0102,11.1564,7.8414,9.4776,9.2386,6
2459716.790387,-0.5825,5.7268,11.1564,7.8414,9.4776,9.2386,6
2459719.743107,-6.9517,-3.9286,11.1564,7.8414,9.4776,9.2386,6
2459719.850387,-12.0662,-8.9205,11.1564,7.8414,9.4776,9.2386,6
2459719.867237,-9.6092,1.6369,11.1564,7.8414,9.4776,9.2386,6
2459719.886787,6.0110,8.6834,11.1564,7.8414,9.4776,9.2386,6
2459719.903337,-3.7057,-1.6046,11.1564,7.8414,9.4776,9.2386,6
2459720.774597,12.2399,2.5404,11.1564,7.8414,9.4776,9.2386,6
2459720.812367,2.5344,5.5075,11.1564,7.8414,9.4776,9.2386,6
2459721.717987,-3.5570,-10.4704,11.1564,7.8414,9.4776,9.2386,6
2459721.820537,-17.1564,-15.4694,11.1564,7.8414,9.4776,9.2386,6
2459721.837217,-17.7956,-13.0349,11.1564,7.8414,9.4776,9.2386,6
2459721.853847,-19.4990,-6.8907,11.1564,7.8414,9.4776,9.2386,6
2459721.870507,-8.1839,-10.0088,11.1564,7.8414,9.4776,9.2386,6
2459721.887437,-8.0774,-1.6754,11.1564,7.8414,9.4776,9.2386,6
2459721.931467,3.3837,-5.2671,11.1564,7.8414,9.4776,9.2386,6
2459722.666737,5.1837,-7.7130,11.1564,7.8414,9.4776,9.2386,6
2459722.684047,1.7870,3.4286,11.1564,7.8414,9.4776,9.2386,6
2459722.701747,-6.3018,3.0050,11.1564,7.8414,9.4776,9.2386,6
2459722.718917,-0.3834,-1.6143,11.1564,7.8414,9.4776,9.2386,6
2459722.738677,-6.6274,-1.9035,11.1564,7.8414,9.4776,9.2386,6
2459722.755367,16.4667,-3.5922,11.1564,7.8414,9.4776,9.2386,6
2459722.782627,-9.1804,-0.6959,11.1564,7.8414,9.4776,9.2386,6
2459722.832477,-0.8122,-8.2806,11.1564,7.8414,9.4776,9.2386,6
2459722.849337,-2.7679,-14.6494,11.1564,7.8414,9.4776,9.2386,6
2459722.884937,-9.8818,-0.1947,11.1564,7.8414,9.4776,9.2386,6
2459722.924517,-6.1457,-2.8685,11.1564,7.8414,9.4776,9.2386,6
2459723.766207,0.2857,4.8174,11.1564,7.8414,9.4776,9.2386,6
2459723.783107,-1.7487,6.9108,11.1564,7.8414,9.4776,9.2386,6
2459723.799857,0.3032,-3.3303,11.1564,7.8414,9.4776,9.2386,6
2459723.816627,-10.2965,-11.0274,11.1564,7.8414,9.4776,9.2386,6
2459723.850157,2.2080,-11.8376,11.1564,7.8414,9.4776,9.2386,6
2459723.911157,1.7392,-2.5724,11.1564,7.8414,9.4776,9.2386,6
2459724.637437,7.4883,5.3817,11.1564,7.8414,9.4776,9.2386,6
2459724.739537,8.8864,-13.9750,11.1564,7.8414,9.4776,9.2386,6
2459724.756677,15.5946,4.6024,11.1564,7.8414,9.4776,9.2386,6
2459724.773627,-5.8174,-2.5892,11.1564,7.8414,9.4776,9.2386,6
2459724.817757,8.4296,-1.9945,11.1564,7.8414,9.4776,9.2386,6
2459724.913517,4.0653,-1.5170,11.1564,7.8414,9.4776,9.2386,6
2459725.613587,1.2779,-12.2510,11.1564,7.8414,9.4776,9.2386,6
2459725.702887,7.0580,-12.5089,11.1564,7.8414,9.4776,9.2386,6
2459725.737637,-4.4926,-0.5578,11.1564,7.8414,9.4776,9.2386,6
2459725.772227,-5.4637,-7.5955,11.1564,7.8414,9.4776,9.2386,6
2459725.834397,-9.9498,0.5219,11.1564,7.8414,9.4776,9.2386,6
2459725.875457,-2.7738,-0.9414,11.1564,7.8414,9.4776,9.2386,6
2459725.891047,0.2621,-9.9378,11.1564,7.8414,9.4776,9.2386,6
2459725.908077,-13.6943,-0.5383,11.1564,7.8414,9.4776,9.2386,6
2459726.602637,-4.0578,-13.8622,11.1564,7.8414,9.4776,9.2386,6
2459726.620157,-20.7397,8.9609,11.1564,7.8414,9.4776,9.2386,6
2459726.740167,-4.6487,-3.1572,11.1564,7.8414,9.4776,9.2386,6
2459726.757227,-15.5868,5.2966,11.1564,7.8414,9.4776,9.2386,6
2459726.774397,-11.4608,0.6853,11.1564,7.8414,9.4776,9.2386,6
2459726.819587,-9.4559,-6.7041,11.1564,7.8414,9.4776,9.2386,6
2459726.836077,-12.5915,-14.8416,11.1564,7.8414,9.4776,9.2386,6
2459726.888407,-5.6423,-18.5950,11.1564,7.8414,9.4776,9.2386,6
2459726.924987,-19.6644,-7.4193,11.1564,7.8414,9.4776,9.2386,6
2459727.609267,6.0974,2.6645,11.1564,7.8414,9.4776,9.2386,6
2459727.652887,-21.5677,-9.1117,11.1564,7.8414,9.4776,9.2386,6
2459727.683527,-17.2703,-14.5791,11.1564,7.8414,9.4776,9.2386,6
2459727.700817,6.6070,-5.1125,11.1564,7.8414,9.4776,9.2386,6
2459727.721227,-18.5177,-0.8292,11.1564,7.8414,9.4776,9.2386,6
2459727.786277,-19.0264,-10.9040,11.1564,7.8414,9.4776,9.2386,6
2459727.820167,-3.0847,-10.0841,11.1564,7.8414,9.4776,9.2386,6
2459727.844017,-8.3283,-6.0101,11.1564,7.8414,9.4776,9.2386,6
2459727.861787,-18.1655,3.6457,11.1564,7.8414,9.4776,9.2386,6
2459727.889547,-2.3681,-16.3244,11.1564,7.8414,9.4776,9.2386,6
2459727.923117,15.1300,-11.2695,11.1564,7.8414,9.4776,9.2386,6
2459728.733787,15.4294,-2.3706,11.1564,7.8414,9.4776,9.2386,6
2459736.615057,14.6276,-12.5972,11.1564,7.8414,9.4776,9.2386,6
2459736.782807,-0.3227,-0.0541,11.1564,7.8414,9.4776,9.2386,6
2459737.780147,-9.8439,-3.2974,11.1564,7.8414,9.4776,9.2386,6
2459739.861577,-13.6059,7.8152,11.1564,7.8414,9.4776,9.2386,6
2459740.567167,-1.5105,-2.2080,11.1564,7.8414,9.4776,9.2386,6
2459740.584917,-0.0097,7.0943,11.1564,7.8414,9.4776,9.2386,6
2459740.612057,14.9273,-0.2331,11.1564,7.8414,9.4776,9.2386,6
2459740.629447,10.0882,-6.8118,11.1564,7.8414,9.4776,9.2386,6
2459740.667977,0.4749,7.7727,11.1564,7.8414,9.4776,9.2386,6
2459740.732417,-8.8453,6.8386,11.1564,7.8414,9.4776,9.2386,6
2459740.749497,-6.7639,-10.6616,11.1564,7.8414,9.4776,9.2386,6
2459740.766727,-11.9869,-14.0022,11.1564,7.8414,9.4776,9.2386,6
2459740.788547,3.4786,-10.4785,11.1564,7.8414,9.4776,9.2386,6
2459740.839327,-3.5268,0.1697,11.1564,7.8414,9.4776,9.2386,6
2459740.860017,-20.5696,-6.5205,11.1564,7.8414,9.4776,9.2386,6
2459740.877257,-14.0638,-2.6840,11.1564,7.8414,9.4776,9.2386,6
2459741.886037,-1.6957,18.1556,11.1564,7.8414,9.4776,9.2386,6
2459742.583457,5.0458,-23.9244,11.1564,7.8414,9.4776,9.2386,6
2459742.616937,12.8552,-11.3308,11.1564,7.8414,9.4776,9.2386,6
2459742.634237,6.4909,1.6859,11.1564,7.8414,9.4776,9.2386,6
2459742.669547,-11.5966,-13.0003,11.1564,7.8414,9.4776,9.2386,6
2459742.686737,1.4734,-7.4736,11.1564,7.8414,9.4776,9.2386,6
2459742.715197,-13.6542,-3.4330,11.1564,7.8414,9.4776,9.2386,6
2459742.732377,-9.9683,-0.2692,11.1564,7.8414,9.4776,9.2386,6
2459742.748867,-7.6307,3.8504,11.1564,7.8414,9.4776,9.2386,6
2459742.833667,-16.5344,-15.4714,11.1564,7.8414,9.4776,9.2386,6
2459742.850827,-5.2777,-2.2376,11.1564,7.8414,9.4776,9.2386,6
2459742.867587,-15.7726,3.7590,11.1564,7.8414,9.4776,9.2386,6
2459742.884687,-18.7501,-12.4591,11.1564,7.8414,9.4776,9.2386,6
2459742.886197,-7.9772,-4.4999,11.1564,7.8414,9.4776,9.2386,6
2459743.678507,-9.6299,-0.4742,11.1564,7.8414,9.4776,9.2386,6
2459743.706527,-2.5155,4.7491,11.1564,7.8414,9.4776,9.2386,6
2459746.712187,1.9269,-0.9436,11.1564,7.8414,9.4776,9.2386,6
2459747.736097,-19.4779,-4.8528,11.1564,7.8414,9.4776,9.2386,6
2459748.575187,14.0022,-13.6770,11.1564,7.8414,9.4776,9.2386,6
2459748.618757,0.7269,6.0764,11.1564,7.8414,9.4776,9.2386,6
2459748.703217,18.7496,0.8035,11.1564,7.8414,9.4776,9.2386,6
2459748.823657,-8.2206,-1.3229,11.1564,7.8414,9.4776,9.2386,6
2459748.840457,-1.2956,-1.8710,11.1564,7.8414,9.4776,9.2386,6
2459748.857527,7.1599,8.2333,11.1564,7.8414,9.4776,9.2386,6
2459749.565947,3.0695,-8.0153,11.1564,7.8414,9.4776,9.2386,6
2459749.583187,6.9767,-19.2178,11.1564,7.8414,9.4776,9.2386,6
2459749.638507,1.0277,-22.4068,11.1564,7.8414,9.4776,9.2386,6
2459749.669987,-2.6591,3.9187,11.1564,7.8414,9.4776,9.2386,6
2459749.697677,-12.5686,-2.3261,11.1564,7.8414,9.4776,9.2386,6
2459749.715157,14.4246,3.9431,11.1564,7.8414,9.4776,9.2386,6
2459749.732187,-6.4263,-2.4631,11.1564,7.8414,9.4776,9.2386,6
2459749.749867,0.9711,0.4124,11.1564,7.8414,9.4776,9.2386,6
2459749.777597,-5.8571,-14.4597,11.1564,7.8414,9.4776,9.2386,6
2459749.813107,-22.8411,-13.5754,11.1564,7.8414,9.4776,9.2386,6
2459749.829957,-4.3684,-5.9480,11.1564,7.8414,9.4776,9.2386,6
2459749.846307,-11.8755,-9.7943,11.1564,7.8414,9.4776,9.2386,6
2459749.863207,-0.0855,0.8142,11.1564,7.8414,9.4776,9.2386,6
2459750.583827,10.2796,-26.7316,11.1564,7.8414,9.4776,9.2386,6
2459750.618687,21.9974,-5.7020,11.1564,7.8414,9.4776,9.2386,6
2459750.658077,-1.6697,-14.0789,11.1564,7.8414,9.4776,9.2386,6
2459750.696437,15.2970,-25.1497,11.1564,7.8414,9.4776,9.2386,6
2459750.812047,8.3988,0.1166,11.1564,7.8414,9.4776,9.2386,6
2459750.833257,12.7897,-4.8218,11.1564,7.8414,9.4776,9.2386,6
2459750.864437,6.1425,-1.7895,11.1564,7.8414,9.4776,9.2386,6
2459751.746107,-8.6490,11.4659,11.1564,7.8414,9.4776,9.2386,6
2459751.771007,-5.8986,10.2913,11.1564,7.8414,9.4776,9.2386,6
2459751.808277,-6.6457,4.2651,11.1564,7.8414,9.4776,9.2386,6
2459755.647877,17.1388,-10.2455,11.1564,7.8414,9.4776,9.2386,6
2459755.677117,10.8964,6.9735,11.1564,7.8414,9.4776,9.2386,6
2459755.729307,3.8188,-25.8106,11.1564,7.8414,9.4776,9.2386,6
2459755.748407,0.8833,-12.4346,11.1564,7.8414,9.4776,9.2386,6
2459755.776547,12.5037,2.9940,11.1564,7.8414,9.4776,9.2386,6
2459756.649787,20.0400,15.0629,11.1564,7.8414,9.4776,9.2386,6
2459756.683397,16.3045,-19.3002,11.1564,7.8414,9.4776,9.2386,6
2459758.749427,5.5755,-7.5033,11.1564,7.8414,9.4776,9.2386,6
2459759.515947,-7.4936,-12.7086,11.1564,7.8414,9.4776,9.2386,6
2459759.565077,9.2809,1.6977,11.1564,7.8414,9.4776,9.2386,6
2459759.603277,1.5539,-10.9630,11.1564,7.8414,9.4776,9.2386,6
2459759.620257,-7.6457,-14.8972,11.1564,7.8414,9.4776,9.2386,6
2459759.641087,16.5831,-5.4264,11.1564,7.8414,9.4776,9.2386,6
2459759.702627,-5.6638,-9.6593,11.1564,7.8414,9.4776,9.2386,6
2459759.771907,-0.8543,-9.8757,11.1564,7.8414,9.4776,9.2386,6
2459759.823867,-2.7001,10.2641,11.1564,7.8414,9.4776,9.2386,6
2459760.519067,5.4671,7.2403,11.1564,7.8414,9.4776,9.2386,6
2459760.536397,-10.1894,-18.7339,11.1564,7.8414,9.4776,9.2386,6
2459760.564257,-3.4169,-10.9923,11.1564,7.8414,9.4776,9.2386,6
2459760.581577,-4.1792,-17.1435,11.1564,7.8414,9.4776,9.2386,6
2459760.598907,3.0596,-20.3139,11.1564,7.8414,9.4776,9.2386,6
2459760.616377,-7.9970,-5.5035,11.1564,7.8414,9.4776,9.2386,6
2459760.633877,0.5820,0.9468,11.1564,7.8414,9.4776,9.2386,6
2459760.661597,-10.4941,-7.3694,11.1564,7.8414,9.4776,9.2386,6
2459760.678877,-1.5522,-9.0243,11.1564,7.8414,9.4776,9.2386,6
2459760.696157,-2.0201,-5.7556,11.1564,7.8414,9.4776,9.2386,6
2459760.717977,-6.3857,4.0642,11.1564,7.8414,9.4776,9.2386,6
2459760.734667,-9.5816,-6.9405,11.1564,7.8414,9.4776,9.2386,6
2459760.774167,-5.2718,-3.9321,11.1564,7.8414,9.4776,9.2386,6
2459760.790647,-20.3961,-11.8356,11.1564,7.8414,9.4776,9.2386,6
2459760.807087,-8.0860,-10.7590,11.1564,7.8414,9.4776,9.2386,6
2459760.823717,2.2551,16.3182,11.1564,7.8414,9.4776,9.2386,6
2459761.554767,-3.2863,17.3908,11.1564,7.8414,9.4776,9.2386,6
2459761.590557,-4.1041,-24.6041,11.1564,7.8414,9.4776,9.2386,6
2459761.608097,-9.6780,-14.1025,11.1564,7.8414,9.4776,9.2386,6
2459761.688977,-19.4930,-13.3415,11.1564,7.8414,9.4776,9.2386,6
2459761.733027,-0.3123,12.1353,11.1564,7.8414,9.4776,9.2386,6
2459761.782867,4.1175,-4.1613,11.1564,7.8414,9.4776,9.2386,6
2459761.799527,3.2441,-24.5996,11.1564,7.8414,9.4776,9.2386,6
2459761.833587,-21.3396,4.4317,11.1564,7.8414,9.4776,9.2386,6
2459762.507587,15.4418,-4.7517,11.1564,7.8414,9.4776,9.2386,6
2459762.733897,-17.3987,-12.6633,11.1564,7.8414,9.4776,9.2386,6
2459762.794727,-0.6686,-26.2536,11.1564,7.8414,9.4776,9.2386,6
2459763.509287,-6.5119,17.4586,11.1564,7.8414,9.4776,9.2386,6
2459763.543417,-7.7470,-13.7055,11.1564,7.8414,9.4776,9.2386,6
2459763.561067,6.2154,-4.7617,11.1564,7.8414,9.4776,9.2386,6
2459763.612887,-16.9307,-7.7666,11.1564,7.8414,9.4776,9.2386,6
2459763.630087,-4.7429,-9.2396,11.1564,7.8414,9.4776,9.2386,6
2459763.648047,-9.3697,-12.9318,11.1564,7.8414,9.4776,9.2386,6
2459763.669077,-9.5763,-15.7100,11.1564,7.8414,9.4776,9.2386,6
2459763.731047,-2.6237,-2.1184,11.1564,7.8414,9.4776,9.2386,6
2459763.769687,-4.3283,12.1829,11.1564,7.8414,9.4776,9.2386,6
2459763.786547,-19.6797,-4.7953,11.1564,7.8414,9.4776,9.2386,6
2459764.565857,-2.7364,-9.3232,11.1564,7.8414,9.4776,9.2386,6
2459764.632757,-5.5826,-6.5825,11.1564,7.8414,9.4776,9.2386,6
2459764.721837,-0.3994,-31.4522,11.1564,7.8414,9.4776,9.2386,6
2459764.743207,-14.1991,-12.6966,11.1564,7.8414,9.4776,9.2386,6
2459764.759927,-14.8484,-34.0477,11.1564,7.8414,9.4776,9.2386,6
2459764.794137,-8.5998,-11.9722,11.1564,7.8414,9.4776,9.2386,6
2459765.501267,14.4828,-1.9170,11.1564,7.8414,9.4776,9.2386,6
2459765.518747,-11.3610,-37.7509,11.1564,7.8414,9.4776,9.2386,6
2459765.570897,-4.3650,-18.5087,11.1564,7.8414,9.4776,9.2386,6
2459765.616517,11.6756,-16.6558,11.1564,7.8414,9.4776,9.2386,6
2459765.651497,-0.7088,-21.3822,11.1564,7.8414,9.4776,9.2386,6
2459765.668857,3.4193,-6.7210,11.1564,7.8414,9.4776,9.2386,6
2459765.695627,-5.4251,3.8496,11.1564,7.8414,9.4776,9.2386,6
2459765.712867,-6.0122,-5.9890,11.1564,7.8414,9.4776,9.2386,6
2459765.821157,1.2436,-14.7355,11.1564,7.8414,9.4776,9.2386,6
2459766.510977,9.4900,-28.8253,11.1564,7.8414,9.4776,9.2386,6
2459766.528767,4.0285,-33.8403,11.1564,7.8414,9.4776,9.2386,6
2459766.546547,12.6490,-17.1239,11.1564,7.8414,9.4776,9.2386,6
2459766.615927,4.0083,-35.5532,11.1564,7.8414,9.4776,9.2386,6
2459766.633147,8.0206,-11.9546,11.1564,7.8414,9.4776,9.2386,6
2459766.667467,-11.5081,-16.4603,11.1564,7.8414,9.4776,9.2386,6
2459766.712947,3.5239,3.1535,11.1564,7.8414,9.4776,9.2386,6
2459766.729727,6.0988,6.4339,11.1564,7.8414,9.4776,9.2386,6
2459766.746657,2.1891,-23.8130,11.1564,7.8414,9.4776,9.2386,6
2459767.486677,-8.3688,-21.2477,11.1564,7.8414,9.4776,9.2386,6
2459767.521867,-5.7068,3.9509,11.1564,7.8414,9.4776,9.2386,6
2459767.549517,1.2322,-21.3295,11.1564,7.8414,9.4776,9.2386,6
2459767.643157,-12.0338,-12.0100,11.1564,7.8414,9.4776,9.2386,6
2459767.671477,5.7356,3.0610,11.1564,7.8414,9.4776,9.2386,6
2459767.690527,3.1776,-11.0947,11.1564,7.8414,9.4776,9.2386,6
2459767.708047,13.5126,-14.7929,11.1564,7.8414,9.4776,9.2386,6
2459767.724967,2.0723,-11.1869,11.1564,7.8414,9.4776,9.2386,6
2459767.742387,7.7438,9.0821,11.1564,7.8414,9.4776,9.2386,6
2459767.786877,8.8288,-3.6535,11.1564,7.8414,9.4776,9.2386,6
2459767.803877,21.4505,-4.0742,11.1564,7.8414,9.4776,9.2386,6
2459769.531277,-6.8223,12.1187,11.1564,7.8414,9.4776,9.2386,6
2459769.548827,0.5511,-16.6221,11.1564,7.8414,9.4776,9.2386,6
2459769.583177,-8.2067,-5.8370,11.1564,7.8414,9.4776,9.2386,6
2459769.615597,5.2235,4.1569,11.1564,7.8414,9.4776,9.2386,6
2459769.646347,-12.1272,-4.8877,11.1564,7.8414,9.4776,9.2386,6
2459769.668277,7.1043,-4.3139,11.1564,7.8414,9.4776,9.2386,6
2459769.719927,-13.8514,-2.7202,11.1564,7.8414,9.4776,9.2386,6
2459769.783807,-8.7252,-11.7674,11.1564,7.8414,9.4776,9.2386,6
2459769.811937,-13.3621,-10.2249,11.1564,7.8414,9.4776,9.2386,6
2459788.716847,-2.4894,14.1720,11.1564,7.8414,9.4776,9.2386,6
2459789.488967,2.6884,-28.5389,11.1564,7.8414,9.4776,9.2386,6
2459789.506307,12.7168,-7.3883,11.1564,7.8414,9.4776,9.2386,6
2459789.558567,10.7419,-4.1351,11.1564,7.8414,9.4776,9.2386,6
2459789.641187,5.8592,-9.8121,11.1564,7.8414,9.4776,9.2386,6
2459789.661757,-11.4377,1.9572,11.1564,7.8414,9.4776,9.2386,6
2459789.712047,7.5029,2.2704,11.1564,7.8414,9.4776,9.2386,6
2459789.747427,-1.5177,7.5583,11.1564,7.8414,9.4776,9.2386,6
2459789.757087,13.4106,10.5012,11.1564,7.8414,9.4776,9.2386,6
2459791.504257,14.0101,-4.9085,11.1564,7.8414,9.4776,9.2386,6
2459791.522987,14.3745,3.3808,11.1564,7.8414,9.4776,9.2386,6
2459791.642097,7.3862,4.6775,11.1564,7.8414,9.4776,9.2386,6
2459791.686007,-0.2407,-0.6005,11.1564,7.8414,9.4776,9.2386,6
2459791.702687,5.3773,-8.2607,11.1564,7.8414,9.4776,9.2386,6
2459791.723587,8.3545,-1.5988,11.1564,7.8414,9.4776,9.2386,6
2459791.751727,5.1870,-1.2760,11.1564,7.8414,9.4776,9.2386,6
2459792.488387,2.7779,2.2225,11.1564,7.8414,9.4776,9.2386,6
2459792.523367,-12.1731,-5.9495,11.1564,7.8414,9.4776,9.2386,6
2459792.540817,-14.7318,0.3701,11.1564,7.8414,9.4776,9.2386,6
2459792.560497,10.6078,-14.0922,11.1564,7.8414,9.4776,9.2386,6
2459792.592737,9.8637,-16.4192,11.1564,7.8414,9.4776,9.2386,6
2459792.628477,-8.9971,-6.8009,11.1564,7.8414,9.4776,9.2386,6
2459792.645567,-9.5105,-13.5639,11.1564,7.8414,9.4776,9.2386,6
2459792.662917,-10.9516,-9.5439,11.1564,7.8414,9.4776,9.2386,6
2459792.679767,-11.1158,2.4238,11.1564,7.8414,9.4776,9.2386,6
2459792.734987,-8.5633,-4.6251,11.1564,7.8414,9.4776,9.2386,6
2459793.481617,12.8472,-12.6581,11.1564,7.8414,9.4776,9.2386,6
2459793.499237,6.2460,-11.9139,11.1564,7.8414,9.4776,9.2386,6
2459793.516647,-12.7930,-15.6659,11.1564,7.8414,9.4776,9.2386,6
2459793.534347,-8.2453,-14.7252,11.1564,7.8414,9.4776,9.2386,6
2459793.562467,0.9790,-5.5590,11.1564,7.8414,9.4776,9.2386,6
2459793.579767,-17.7131,-8.4545,11.1564,7.8414,9.4776,9.2386,6
2459793.602017,0.7490,-20.6846,11.1564,7.8414,9.4776,9.2386,6
2459793.636927,-17.3858,-7.0320,11.1564,7.8414,9.4776,9.2386,6
2459793.694907,-8.7189,-12.1319,11.1564,7.8414,9.4776,9.2386,6
2459793.711927,-8.0243,-19.9026,11.1564,7.8414,9.4776,9.2386,6
2459794.670657,-20.9053,-6.3104,11.1564,7.8414,9.4776,9.2386,6
2459794.725577,14.4148,-30.7551,11.1564,7.8414,9.4776,9.2386,6
2459795.490707,-9.8390,14.8098,11.1564,7.8414,9.4776,9.2386,6
2459795.616867,-19.3047,18.5838,11.1564,7.8414,9.4776,9.2386,6
2459795.684677,-13.9469,-30.2076,11.1564,7.8414,9.4776,9.2386,6
2459795.736507,-1.6014,15.2418,11.1564,7.8414,9.4776,9.2386,6
2459796.481487,3.6694,-4.6271,11.1564,7.8414,9.4776,9.2386,6
2459796.533047,-1.3727,-19.5963,11.1564,7.8414,9.4776,9.2386,6
2459796.535767,-5.0384,-16.2699,11.1564,7.8414,9.4776,9.2386,6
2459796.552947,-14.3744,-23.8699,11.1564,7.8414,9.4776,9.2386,6
2459796.587507,-5.0827,-11.6259,11.1564,7.8414,9.4776,9.2386,6
2459796.606167,1.2507,-15.8949,11.1564,7.8414,9.4776,9.2386,6
2459796.633977,-2.5718,-6.3626,11.1564,7.8414,9.4776,9.2386,6
2459796.651307,-1.6421,-16.8972,11.1564,7.8414,9.4776,9.2386,6
2459796.668907,-7.9774,-0.9020,11.1564,7.8414,9.4776,9.2386,6
2459796.685967,-9.4304,-7.3909,11.1564,7.8414,9.4776,9.2386,6
2459796.737277,-9.5791,12.9590,11.1564,7.8414,9.4776,9.2386,6
2459797.499877,-23.4120,11.9887,11.1564,7.8414,9.4776,9.2386,6
2459797.517777,-1.8060,-5.9350,11.1564,7.8414,9.4776,9.2386,6
2459797.535167,-7.9644,-4.0045,11.1564,7.8414,9.4776,9.2386,6
2459797.580237,-6.4740,-7.7843,11.1564,7.8414,9.4776,9.2386,6
2459797.614647,-7.8724,-1.0136,11.1564,7.8414,9.4776,9.2386,6
2459797.649177,5.6769,-10.6825,11.1564,7.8414,9.4776,9.2386,6
2459797.681177,-3.3316,-13.9623,11.1564,7.8414,9.4776,9.2386,6
2459797.697747,-13.2282,-5.4698,11.1564,7.8414,9.4776,9.2386,6
2459797.714167,-15.5031,-18.5214,11.1564,7.8414,9.4776,9.2386,6
2459804.492697,-0.8628,-0.0393,11.1564,7.8414,9.4776,9.2386,6
2459804.510447,4.6051,-15.3253,11.1564,7.8414,9.4776,9.2386,6
2459804.557477,6.2818,-7.8983,11.1564,7.8414,9.4776,9.2386,6
2459804.575637,-9.5769,-9.6278,11.1564,7.8414,9.4776,9.2386,6
2459804.615457,-6.1068,-10.4759,11.1564,7.8414,9.4776,9.2386,6
2459804.660137,-21.8173,-19.3157,11.1564,7.8414,9.4776,9.2386,6
2459804.677737,-1.1486,10.8747,11.1564,7.8414,9.4776,9.2386,6
2459804.716237,-18.3944,-20.0667,11.1564,7.8414,9.4776,9.2386,6
2459805.473877,-15.7663,0.4932,11.1564,7.8414,9.4776,9.2386,6
2459805.519627,-4.9624,-8.1025,11.1564,7.8414,9.4776,9.2386,6
2459805.536797,-1.8093,1.4042,11.1564,7.8414,9.4776,9.2386,6
2459805.572107,-10.7954,-5.8699,11.1564,7.8414,9.4776,9.2386,6
2459805.589527,-7.4736,-2.2208,11.1564,7.8414,9.4776,9.2386,6
2459805.616997,-12.4274,-16.0845,11.1564,7.8414,9.4776,9.2386,6
2459805.650827,-2.4330,-14.1212,11.1564,7.8414,9.4776,9.2386,6
2459805.667477,-10.6631,-8.7776,11.1564,7.8414,9.4776,9.2386,6
2459805.684207,-16.6514,-11.1462,11.1564,7.8414,9.4776,9.2386,6
2459805.710977,-17.0090,-12.1815,11.1564,7.8414,9.4776,9.2386,6
2459807.478727,0.9169,3.7607,11.1564,7.8414,9.4776,9.2386,6
2459807.558547,-10.1163,-17.7967,11.1564,7.8414,9.4776,9.2386,6
2459807.610377,-12.8481,-12.4225,11.1564,7.8414,9.4776,9.2386,6
2459807.688747,-16.1231,-11.4628,11.1564,7.8414,9.4776,9.2386,6
2459808.495717,-8.6227,-2.2875,11.1564,7.8414,9.4776,9.2386,6
2459808.524917,-11.1934,-2.0357,11.1564,7.8414,9.4776,9.2386,6
2459808.542167,-14.6288,-21.9639,11.1564,7.8414,9.4776,9.2386,6
2459808.559497,-17.0955,-1.4043,11.1564,7.8414,9.4776,9.2386,6
2459808.578227,-14.2667,-20.8808,11.1564,7.8414,9.4776,9.2386,6
2459808.595277,-2.5875,-21.2481,11.1564,7.8414,9.4776,9.2386,6
2459808.646817,-16.3934,5.5273,11.1564,7.8414,9.4776,9.2386,6
2459809.529647,-16.2744,6.5063,11.1564,7.8414,9.4776,9.2386,6
2459809.577167,-4.0378,-22.2356,11.1564,7.8414,9.4776,9.2386,6
2459810.476697,-13.1332,-13.0780,11.1564,7.8414,9.4776,9.2386,6
2459810.498317,-12.6820,-10.3648,11.1564,7.8414,9.4776,9.2386,6
2459810.542457,-17.4875,-18.0545,11.1564,7.8414,9.4776,9.2386,6
2459810.570827,-16.7921,-18.9414,11.1564,7.8414,9.4776,9.2386,6
2459810.587857,-14.6756,-10.9958,11.1564,7.8414,9.4776,9.2386,6
2459810.611487,-6.2639,-5.0130,11.1564,7.8414,9.4776,9.2386,6
2459810.629627,-12.8576,-9.1276,11.1564,7.8414,9.4776,9.2386,6
2459810.679197,-1.0078,-1.6197,11.1564,7.8414,9.4776,9.2386,6
2459810.697647,-10.1641,-13.7295,11.1564,7.8414,9.4776,9.2386,6
2459811.481837,-9.6859,-5.2937,11.1564,7.8414,9.4776,9.2386,6
2459811.499287,-11.5860,-17.1367,11.1564,7.8414,9.4776,9.2386,6
2459811.516277,-3.6538,-15.5356,11.1564,7.8414,9.4776,9.2386,6
2459811.562527,-8.7109,-12.1286,11.1564,7.8414,9.4776,9.2386,6
2459811.581097,-2.0389,-0.7957,11.1564,7.8414,9.4776,9.2386,6
2459811.606757,-2.7912,-15.7797,11.1564,7.8414,9.4776,9.2386,6
2459811.623647,-17.8329,-13.0882,11.1564,7.8414,9.4776,9.2386,6
2459811.646797,-9.9582,-4.2804,11.1564,7.8414,9.4776,9.2386,6
2459811.676187,-13.2427,-14.0997,11.1564,7.8414,9.4776,9.2386,6
2459811.693287,-18.5811,-16.0181,11.1564,7.8414,9.4776,9.2386,6
2459812.488227,-4.0756,-11.3457,11.1564,7.8414,9.4776,9.2386,6
2459812.506377,-14.4141,-9.6489,11.1564,7.8414,9.4776,9.2386,6
2459812.576617,-15.5365,-14.8770,11.1564,7.8414,9.4776,9.2386,6
2459812.593307,-19.9968,-12.3665,11.1564,7.8414,9.4776,9.2386,6
2459812.610027,-9.6621,-18.4601,11.1564,7.8414,9.4776,9.2386,6
2459812.627067,-2.0142,-11.9380,11.1564,7.8414,9.4776,9.2386,6
2459812.677917,-10.8658,-12.8026,11.1564,7.8414,9.4776,9.2386,6
2459813.484837,-3.1637,-11.5160,11.1564,7.8414,9.4776,9.2386,6
2459813.520037,-19.1910,-16.1717,11.1564,7.8414,9.4776,9.2386,6
2459813.567227,-20.8570,-9.4943,11.1564,7.8414,9.4776,9.2386,6
2459813.584247,-16.3255,-5.7897,11.1564,7.8414,9.4776,9.2386,6
2459813.604227,-11.3904,3.3129,11.1564,7.8414,9.4776,9.2386,6
2459813.621647,-5.2706,-11.6267,11.1564,7.8414,9.4776,9.2386,6
2459813.684947,2.2735,-2.5000,11.1564,7.8414,9.4776,9.2386,6
2459814.490347,-8.2977,-4.2624,11.1564,7.8414,9.4776,9.2386,6
2459814.507627,-17.1000,-14.2218,11.1564,7.8414,9.4776,9.2386,6
2459814.529237,-16.2044,2.3977,11.1564,7.8414,9.4776,9.2386,6
2459814.575997,-21.2820,-22.2314,11.1564,7.8414,9.4776,9.2386,6
2459814.604237,-6.2761,-19.3447,11.1564,7.8414,9.4776,9.2386,6
2459815.472247,-24.0915,-7.3138,11.1564,7.8414,9.4776,9.2386,6
2459815.490657,-11.9559,-13.9706,11.1564,7.8414,9.4776,9.2386,6
2459815.509277,-13.2204,-17.8556,11.1564,7.8414,9.4776,9.2386,6
2459815.526067,-10.5982,-10.2256,11.1564,7.8414,9.4776,9.2386,6
2459815.530517,-18.2259,-15.6865,11.1564,7.8414,9.4776,9.2386,6
2459815.550457,-16.7545,-14.7953,11.1564,7.8414,9.4776,9.2386,6
2459815.594677,-8.8817,-1.7928,11.1564,7.8414,9.4776,9.2386,6
2459815.614337,-18.8666,-8.6341,11.1564,7.8414,9.4776,9.2386,6
2459815.645627,-3.8663,-23.7924,11.1564,7.8414,9.4776,9.2386,6
2459815.664237,-2.9451,1.1353,11.1564,7.8414,9.4776,9.2386,6
2459816.514537,-1.8399,-12.4260,11.1564,7.8414,9.4776,9.2386,6
2459816.548497,-3.9501,-5.9002,11.1564,7.8414,9.4776,9.2386,6
2459816.575897,-14.5837,-4.0620,11.1564,7.8414,9.4776,9.2386,6
2459816.592667,-6.7645,-15.0014,11.1564,7.8414,9.4776,9.2386,6
2459816.624537,-11.8090,-2.4388,11.1564,7.8414,9.4776,9.2386,6
2459816.641657,-4.8811,-3.5884,11.1564,7.8414,9.4776,9.2386,6
2459816.675407,-4.8310,-12.0226,11.1564,7.8414,9.4776,9.2386,6
2459817.470377,-9.9713,-8.2410,11.1564,7.8414,9.4776,9.2386,6
2459817.488407,-2.0665,-14.5229,11.1564,7.8414,9.4776,9.2386,6
2459817.518307,-14.9876,-12.8395,11.1564,7.8414,9.4776,9.2386,6
2459817.535767,-16.6635,-10.4478,11.1564,7.8414,9.4776,9.2386,6
2459817.557067,-20.2975,-16.9749,11.1564,7.8414,9.4776,9.2386,6
2459817.574587,-17.7368,4.9404,11.1564,7.8414,9.4776,9.2386,6
2459817.591177,-15.3633,-3.1271,11.1564,7.8414,9.4776,9.2386,6
2459817.619197,-13.4129,-18.5374,11.1564,7.8414,9.4776,9.2386,6
2459817.635797,1.3621,-4.9614,11.1564,7.8414,9.4776,9.2386,6
2459817.678197,-19.6495,0.5918,11.1564,7.8414,9.4776,9.2386,6
2459818.477437,-15.1543,-19.8767,11.1564,7.8414,9.4776,9.2386,6
2459818.494867,-4.3258,-6.1409,11.1564,7.8414,9.4776,9.2386,6
2459818.522427,-13.7896,-13.4378,11.1564,7.8414,9.4776,9.2386,6
2459818.556347,-4.8131,-9.5722,11.1564,7.8414,9.4776,9.2386,6
2459818.573727,-6.5887,-19.2023,11.1564,7.8414,9.4776,9.2386,6
2459818.590737,-0.6894,-6.8657,11.1564,7.8414,9.4776,9.2386,6
2459818.607737,-9.3925,-0.0445,11.1564,7.8414,9.4776,9.2386,6
2459818.643487,-10.4845,-17.8690,11.1564,7.8414,9.4776,9.2386,6
2459818.660287,-5.1695,-20.4377,11.1564,7.8414,9.4776,9.2386,6
2459818.676077,-21.4565,-17.3094,11.1564,7.8414,9.4776,9.2386,6
2459820.478247,-13.2186,-4.1401,11.1564,7.8414,9.4776,9.2386,6
2459820.512407,-19.2680,-13.2796,11.1564,7.8414,9.4776,9.2386,6
2459820.533717,-20.2298,-16.5633,11.1564,7.8414,9.4776,9.2386,6
2459820.560937,-16.0823,-8.9970,11.1564,7.8414,9.4776,9.2386,6
2459820.609887,-7.3255,-4.6010,11.1564,7.8414,9.4776,9.2386,6
2459820.626977,-11.0588,-16.5838,11.1564,7.8414,9.4776,9.2386,6
2459820.644327,-7.1205,-11.7145,11.1564,7.8414,9.4776,9.2386,6
2459821.501317,-12.3501,-9.0194,11.1564,7.8414,9.4776,9.2386,6
2459821.518377,-19.9897,-1.8492,11.1564,7.8414,9.4776,9.2386,6
2459821.535457,-25.3529,-14.7886,11.1564,7.8414,9.4776,9.2386,6
2459821.553997,-8.3676,-11.3317,11.1564,7.8414,9.4776,9.2386,6
2459821.660967,-9.9238,-2.6493,11.1564,7.8414,9.4776,9.2386,6
2459821.668057,-11.0909,-19.8124,11.1564,7.8414,9.4776,9.2386,6
2459822.486837,-14.9915,-5.8763,11.1564,7.8414,9.4776,9.2386,6
2459822.514287,-9.3811,-13.4715,11.1564,7.8414,9.4776,9.2386,6
2459822.548027,-14.4035,-4.8534,11.1564,7.8414,9.4776,9.2386,6
2459822.565197,-11.3924,-1.5718,11.1564,7.8414,9.4776,9.2386,6
2459822.581647,-21.8309,-15.0497,11.1564,7.8414,9.4776,9.2386,6
2459822.598497,-20.6962,-8.8235,11.1564,7.8414,9.4776,9.2386,6
2459822.660307,-20.7101,-12.2720,11.1564,7.8414,9.4776,9.2386,6
2459822.663047,-9.1707,-9.2513,11.1564,7.8414,9.4776,9.2386,6
2459823.611897,-12.9356,5.6565,11.1564,7.8414,9.4776,9.2386,6
2459824.512207,-7.2292,-13.6429,11.1564,7.8414,9.4776,9.2386,6
2459824.560677,-6.5471,-16.2614,11.1564,7.8414,9.4776,9.2386,6
2459824.577637,-23.8873,-8.0193,11.1564,7.8414,9.4776,9.2386,6
2459824.616807,-14.8558,-12.4546,11.1564,7.8414,9.4776,9.2386,6
2459824.634057,-11.5095,-3.9593,11.1564,7.8414,9.4776,9.2386,6
2459824.651177,-7.5438,1.3897,11.1564,7.8414,9.4776,9.2386,6
2459825.531237,5.1408,-15.6336,11.1564,7.8414,9.4776,9.2386,6
2459825.548647,-18.7802,5.0702,11.1564,7.8414,9.4776,9.2386,6
2459825.628827,-0.3678,-21.7513,11.1564,7.8414,9.4776,9.2386,6
2459825.645977,-11.6114,-7.4072,11.1564,7.8414,9.4776,9.2386,6
2459826.489997,-2.4832,-13.1526,11.1564,7.8414,9.4776,9.2386,6
2459826.521717,-15.1130,-15.0037,11.1564,7.8414,9.4776,9.2386,6
2459826.538757,-4.9422,-17.5826,11.1564,7.8414,9.4776,9.2386,6
2459828.501077,3.4164,-13.3650,11.1564,7.8414,9.4776,9.2386,6
2459829.503427,-8.3197,9.4100,11.1564,7.8414,9.4776,9.2386,6
2459829.538117,-18.1001,-12.9489,11.1564,7.8414,9.4776,9.2386,6
2459830.531347,-24.3141,-2.7826,11.1564,7.8414,9.4776,9.2386,6
2459831.550637,-10.7528,-3.0713,11.1564,7.8414,9.4776,9.2386,6
2459831.598587,3.5612,-17.4608,11.1564,7.8414,9.4776,9.2386,6
2459832.479677,-10.7632,3.8717,11.1564,7.8414,9.4776,9.2386,6
2459832.501367,-1.0148,-12.3801,11.1564,7.8414,9.4776,9.2386,6
2459832.518417,-14.6854,6.8475,11.1564,7.8414,9.4776,9.2386,6
2459832.535087,-11.2780,-5.7313,11.1564,7.8414,9.4776,9.2386,6
2459832.562467,-17.4705,-12.9163,11.1564,7.8414,9.4776,9.2386,6
2459832.602287,7.3424,-13.3446,11.1564,7.8414,9.4776,9.2386,6
2459832.618777,-19.4169,-27.5838,11.1564,7.8414,9.4776,9.2386,6
2459833.605377,-0.9584,-6.2697,11.1564,7.8414,9.4776,9.2386,6
2459834.491747,-12.4078,-20.3638,11.1564,7.8414,9.4776,9.2386,6
2459834.513887,-6.7699,-10.3262,11.1564,7.8414,9.4776,9.2386,6
2459834.531507,-21.8814,-14.0656,11.1564,7.8414,9.4776,9.2386,6
2459834.553167,-19.6673,-5.5056,11.1564,7.8414,9.4776,9.2386,6
2459834.582167,-12.6248,-17.2441,11.1564,7.8414,9.4776,9.2386,6
2459834.617317,5.9763,13.4883,11.1564,7.8414,9.4776,9.2386,6
2459834.634177,-20.2516,-25.0514,11.1564,7.8414,9.4776,9.2386,6
2459835.491187,-24.1283,-11.9537,11.1564,7.8414,9.4776,9.2386,6
2459835.521427,-2.8344,8.0710,11.1564,7.8414,9.4776,9.2386,6
2459835.559267,-13.4775,-20.3068,11.1564,7.8414,9.4776,9.2386,6
2459835.577397,-20.2441,-22.6867,11.1564,7.8414,9.4776,9.2386,6
2459835.593847,-4.7437,-8.6710,11.1564,7.8414,9.4776,9.2386,6
2459835.624557,-8.4049,-15.7161,11.1564,7.8414,9.4776,9.2386,6
2459836.568837,-8.1811,3.9638,11.1564,7.8414,9.4776,9.2386,6
2459837.492997,-3.7482,-15.1260,11.1564,7.8414,9.4776,9.2386,6
2459837.537707,1.2609,8.1440,11.1564,7.8414,9.4776,9.2386,6
2459837.571407,0.7174,-2.8970,11.1564,7.8414,9.4776,9.2386,6
2459837.588187,-12.4537,-28.3865,11.1564,7.8414,9.4776,9.2386,6
2459838.511527,11.2593,-6.9631,11.1564,7.8414,9.4776,9.2386,6
2459838.545427,3.9493,4.4328,11.1564,7.8414,9.4776,9.2386,6
2459838.562227,-1.5357,-13.1699,11.1564,7.8414,9.4776,9.2386,6
2459838.579127,-12.4528,-9.3531,11.1564,7.8414,9.4776,9.2386,6
2459838.619497,9.3313,-12.4904,11.1564,7.8414,9.4776,9.2386,6
2459840.592757,7.6294,-9.6781,11.1564,7.8414,9.4776,9.2386,6
2459840.617437,-2.0372,-1.5485,11.1564,7.8414,9.4776,9.2386,6
2459841.598527,-24.1499,1.0622,11.1564,7.8414,9.4776,9.2386,6
2459841.611287,4.4817,3.4478,11.1564,7.8414,9.4776,9.2386,6
2459842.535287,7.5001,8.6190,11.1564,7.8414,9.4776,9.2386,6
2459843.546867,-14.8356,14.3689,11.1564,7.8414,9.4776,9.2386,6
2459843.573797,-1.8548,-9.6882,11.1564,7.8414,9.4776,9.2386,6
2459844.497517,-2.7826,-0.3747,11.1564,7.8414,9.4776,9.2386,6
2459844.595797,-9.5993,-29.4591,11.1564,7.8414,9.4776,9.2386,6
2459845.491907,-10.7035,-4.0150,11.1564,7.8414,9.4776,9.2386,6
2459845.512787,-12.4976,-10.8850,11.1564,7.8414,9.4776,9.2386,6
2459845.529457,4.1891,-11.0883,11.1564,7.8414,9.4776,9.2386,6
2459845.550637,-23.2216,-16.4270,11.1564,7.8414,9.4776,9.2386,6
2459845.578737,-8.2233,-7.2585,11.1564,7.8414,9.4776,9.2386,6
2459845.595817,-11.6759,-21.4188,11.1564,7.8414,9.4776,9.2386,6
2459845.604037,-11.7778,-1.2637,11.1564,7.8414,9.4776,9.2386,6
2459846.499387,-9.0720,-5.3032,11.1564,7.8414,9.4776,9.2386,6
2459846.516767,-9.9432,-3.5688,11.1564,7.8414,9.4776,9.2386,6
2459846.533307,-17.9345,-1.6094,11.1564,7.8414,9.4776,9.2386,6
2459846.560937,-9.6786,3.4255,11.1564,7.8414,9.4776,9.2386,6
2459846.577657,5.9422,-25.0511,11.1564,7.8414,9.4776,9.2386,6
2459847.559657,-2.8199,18.0795,11.1564,7.8414,9.4776,9.2386,6
2459848.488677,-10.3622,-28.8574,11.1564,7.8414,9.4776,9.2386,6
2459848.508397,-12.2695,-7.1932,11.1564,7.8414,9.4776,9.2386,6
2459848.525717,-18.0217,6.1539,11.1564,7.8414,9.4776,9.2386,6
2459848.592087,-14.6519,3.1456,11.1564,7.8414,9.4776,9.2386,6
2459850.505767,-16.9536,-14.4746,11.1564,7.8414,9.4776,9.2386,6
2459850.522447,-3.7369,-6.2455,11.1564,7.8414,9.4776,9.2386,6
2459850.556337,7.4203,13.6687,11.1564,7.8414,9.4776,9.2386,6
2459851.495647,0.1735,-26.2489,11.1564,7.8414,9.4776,9.2386,6
2459851.512827,-11.3394,-7.1769,11.1564,7.8414,9.4776,9.2386,6
2459851.529727,-12.3424,-2.4865,11.1564,7.8414,9.4776,9.2386,6
2459851.567817,-17.9585,-10.7701,11.1564,7.8414,9.4776,9.2386,6
2459852.514677,-11.0938,-18.6601,11.1564,7.8414,9.4776,9.2386,6
2459852.531827,-15.2031,-19.3275,11.1564,7.8414,9.4776,9.2386,6
2459852.550567,-3.4517,-18.6638,11.1564,7.8414,9.4776,9.2386,6
2459852.567357,-17.1682,-0.5955,11.1564,7.8414,9.4776,9.2386,6
2459852.584127,-16.0341,-27.7343,11.1564,7.8414,9.4776,9.2386,6
2459853.512497,-5.3327,-11.8151,11.1564,7.8414,9.4776,9.2386,6
2459853.570197,-9.4586,-5.7180,11.1564,7.8414,9.4776,9.2386,6
2459853.582517,-2.3928,-4.7708,11.1564,7.8414,9.4776,9.2386,6
2459858.548747,-20.5752,-13.2106,11.1564,7.8414,9.4776,9.2386,6
2459859.507697,-11.0950,-6.4597,11.1564,7.8414,9.4776,9.2386,6
2459859.524657,-17.1200,-8.0477,11.1564,7.8414,9.4776,9.2386,6
2459859.541577,-15.2341,-3.7470,11.1564,7.8414,9.4776,9.2386,6
2459859.562297,-24.3600,0.1666,11.1564,7.8414,9.4776,9.2386,6
2459860.493627,-22.6792,9.9405,11.1564,7.8414,9.4776,9.2386,6
2459860.513237,-11.6834,5.7724,11.1564,7.8414,9.4776,9.2386,6
2459860.540817,-20.3395,-11.0382,11.1564,7.8414,9.4776,9.2386,6
2459863.525247,-12.6082,-5.2666,11.1564,7.8414,9.4776,9.2386,6
2459864.498897,3.9224,3.9159,11.1564,7.8414,9.4776,9.2386,6
2459864.516227,-19.0694,1.3015,11.1564,7.8414,9.4776,9.2386,6
2459864.548757,-12.0079,-7.9572,11.1564,7.8414,9.4776,9.2386,6
2459865.507317,-13.2890,-12.6532,11.1564,7.8414,9.4776,9.2386,6
2459865.536647,-20.7611,-11.3006,11.1564,7.8414,9.4776,9.2386,6
2459866.508867,-6.2949,-3.9900,11.1564,7.8414,9.4776,9.2386,6
2459866.525787,-8.1059,-18.8766,11.1564,7.8414,9.4776,9.2386,6
2459867.513137,-13.1298,-7.1775,11.1564,7.8414,9.4776,9.2386,6
2459867.529837,-4.5462,-19.0848,11.1564,7.8414,9.4776,9.2386,6
2459867.544977,-20.2062,-11.6995,11.1564,7.8414,9.4776,9.2386,6
2459868.501227,-6.7682,-4.7136,11.1564,7.8414,9.4776,9.2386,6
2459868.518337,-17.9465,1.7581,11.1564,7.8414,9.4776,9.2386,6
2459868.535417,-18.1550,-12.7809,11.1564,7.8414,9.4776,9.2386,6
2459869.518477,-10.8365,-20.9622,11.1564,7.8414,9.4776,9.2386,6
2459869.534937,-17.6838,-22.4967,11.1564,7.8414,9.4776,9.2386,6
2459870.507807,-12.2418,-5.2303,11.1564,7.8414,9.4776,9.2386,6
2459873.514447,-9.7686,-12.5667,11.1564,7.8414,9.4776,9.2386,6
2459873.526147,-1.2537,13.5219,11.1564,7.8414,9.4776,9.2386,6
2459995.872677,-6.0809,-9.7985,11.1564,7.8414,6.9748,8.2654,7
2459995.890087,-11.7839,0.9918,11.1564,7.8414,6.9748,8.2654,7
2459997.866477,-18.2185,-3.9971,11.1564,7.8414,6.9748,8.2654,7
2459997.884407,-21.6471,-1.9449,11.1564,7.8414,6.9748,8.2654,7
2459998.865617,-22.5420,-7.4901,11.1564,7.8414,6.9748,8.2654,7
2459998.894137,-4.1990,-3.0291,11.1564,7.8414,6.9748,8.2654,7
2459999.866647,-11.7943,-13.0301,11.1564,7.8414,6.9748,8.2654,7
2460000.881937,-14.4366,-24.8542,11.1564,7.8414,6.9748,8.2654,7
2460001.851167,-12.1747,-15.4112,11.1564,7.8414,6.9748,8.2654,7
2460001.868847,-9.4244,-29.9185,11.1564,7.8414,6.9748,8.2654,7
2460001.886127,-4.3853,-8.5454,11.1564,7.8414,6.9748,8.2654,7
2460002.843617,-21.4715,-21.5776,11.1564,7.8414,6.9748,8.2654,7
2460003.851767,-12.0510,-27.1032,11.1564,7.8414,6.9748,8.2654,7
2460003.869397,-4.7329,-27.5661,11.1564,7.8414,6.9748,8.2654,7
2460003.887817,-20.0650,-30.7601,11.1564,7.8414,6.9748,8.2654,7
2460003.890937,-13.8415,-22.9093,11.1564,7.8414,6.9748,8.2654,7
2460005.836707,-15.5882,-18.4892,11.1564,7.8414,6.9748,8.2654,7
2460005.881727,-4.9260,-21.1674,11.1564,7.8414,6.9748,8.2654,7
2460005.899117,-9.8635,-7.3445,11.1564,7.8414,6.9748,8.2654,7
2460006.839817,-13.5877,-35.7796,11.1564,7.8414,6.9748,8.2654,7
2460007.876407,-8.4772,-9.2799,11.1564,7.8414,6.9748,8.2654,7
2460007.893377,-7.8298,-12.3452,11.1564,7.8414,6.9748,8.2654,7
2460009.849267,-7.8165,6.3655,11.1564,7.8414,6.9748,8.2654,7
2460010.834667,3.0414,-12.5931,11.1564,7.8414,6.9748,8.2654,7
2460011.849937,-12.8855,-5.2593,11.1564,7.8414,6.9748,8.2654,7
2460011.867507,-15.5335,-22.5418,11.1564,7.8414,6.9748,8.2654,7
2460012.881077,-8.3686,-8.3201,11.1564,7.8414,6.9748,8.2654,7
2460013.867067,-18.6531,-0.3880,11.1564,7.8414,6.9748,8.2654,7
2460013.884887,-17.3498,-22.8636,11.1564,7.8414,6.9748,8.2654,7
2460014.810377,-3.8271,-10.7219,11.1564,7.8414,6.9748,8.2654,7
2460014.848977,-3.7199,-8.7718,11.1564,7.8414,6.9748,8.2654,7
2460014.875297,-15.0496,-12.1770,11.1564,7.8414,6.9748,8.2654,7
2460014.895097,-7.2269,-27.3746,11.1564,7.8414,6.9748,8.2654,7
2460015.868927,0.2099,-26.2337,11.1564,7.8414,6.9748,8.2654,7
2460015.896697,1.0604,-21.3497,11.1564,7.8414,6.9748,8.2654,7
2460016.837667,-8.1381,-6.1758,11.1564,7.8414,6.9748,8.2654,7
2460016.865337,-13.1624,-24.4044,11.1564,7.8414,6.9748,8.2654,7
2460016.882827,-10.4429,-1.3824,11.1564,7.8414,6.9748,8.2654,7
2460016.899957,-13.7880,-6.3296,11.1564,7.8414,6.9748,8.2654,7
2460017.855297,-11.7888,-33.6868,11.1564,7.8414,6.9748,8.2654,7
2460019.794107,-16.7238,-18.8059,11.1564,7.8414,6.9748,8.2654,7
2460019.832177,-8.2996,-10.8127,11.1564,7.8414,6.9748,8.2654,7
2460019.895157,-1.0761,-2.7714,11.1564,7.8414,6.9748,8.2654,7
2460019.912397,1.9210,1.1333,11.1564,7.8414,6.9748,8.2654,7
2460020.792027,-8.7759,-14.5423,11.1564,7.8414,6.9748,8.2654,7
2460020.809587,-2.1521,-5.8705,11.1564,7.8414,6.9748,8.2654,7
2460020.827507,-5.5649,-17.9281,11.1564,7.8414,6.9748,8.2654,7
2460020.851687,-16.8301,-26.6739,11.1564,7.8414,6.9748,8.2654,7
2460020.884917,-3.7463,-14.2506,11.1564,7.8414,6.9748,8.2654,7
2460020.902487,-1.7783,-6.7828,11.1564,7.8414,6.9748,8.2654,7
2460021.887287,-19.6904,-10.5801,11.1564,7.8414,6.9748,8.2654,7
2460021.904587,-12.7747,-29.4071,11.1564,7.8414,6.9748,8.2654,7
2460022.804937,-7.1706,-10.0332,11.1564,7.8414,6.9748,8.2654,7
2460022.908187,-7.9383,-2.0549,11.1564,7.8414,6.9748,8.2654,7
2460023.784637,-10.8798,-21.8762,11.1564,7.8414,6.9748,8.2654,7
2460023.801937,0.9782,-29.8676,11.1564,7.8414,6.9748,8.2654,7
2460023.819457,-14.7918,-17.2749,11.1564,7.8414,6.9748,8.2654,7
2460023.854457,-13.9155,-6.6737,11.1564,7.8414,6.9748,8.2654,7
2460023.899307,-6.6396,4.0330,11.1564,7.8414,6.9748,8.2654,7
2460024.782297,-0.3664,-12.5209,11.1564,7.8414,6.9748,8.2654,7
2460024.832177,-3.2269,-6.9374,11.1564,7.8414,6.9748,8.2654,7
2460024.851297,-7.9518,-18.6246,11.1564,7.8414,6.9748,8.2654,7
2460025.781027,-2.5029,-3.1084,11.1564,7.8414,6.9748,8.2654,7
2460025.816347,-7.1246,-27.0004,11.1564,7.8414,6.9748,8.2654,7
2460025.861317,-2.4226,-21.6645,11.1564,7.8414,6.9748,8.2654,7
2460025.910407,-7.7274,-12.2013,11.1564,7.8414,6.9748,8.2654,7
2460026.788557,-13.4762,-29.5414,11.1564,7.8414,6.9748,8.2654,7
2460027.789177,-21.6918,-33.4865,11.1564,7.8414,6.9748,8.2654,7
2460027.806997,-6.3148,-7.1419,11.1564,7.8414,6.9748,8.2654,7
2460027.842267,-18.6325,-6.8362,11.1564,7.8414,6.9748,8.2654,7
2460027.893927,-12.7623,-19.6635,11.1564,7.8414,6.9748,8.2654,7
2460028.853027,-19.6663,-29.9049,11.1564,7.8414,6.9748,8.2654,7
2460028.870607,-13.9515,-17.7423,11.1564,7.8414,6.9748,8.2654,7
2460028.888697,-12.7613,-15.3630,11.1564,7.8414,6.9748,8.2654,7
2460028.906597,-12.6208,-29.9517,11.1564,7.8414,6.9748,8.2654,7
2460029.790297,-2.0995,-20.8951,11.1564,7.8414,6.9748,8.2654,7
2460029.896687,-15.0549,-28.2475,11.1564,7.8414,6.9748,8.2654,7
2460030.763557,-12.1055,-24.5118,11.1564,7.8414,6.9748,8.2654,7
2460030.785087,-9.9049,-6.9927,11.1564,7.8414,6.9748,8.2654,7
2460030.802747,-11.8760,-6.4632,11.1564,7.8414,6.9748,8.2654,7
2460030.868957,-7.5518,-7.8325,11.1564,7.8414,6.9748,8.2654,7
2460030.903997,-16.8037,-22.0685,11.1564,7.8414,6.9748,8.2654,7
2460031.825917,-14.5320,-8.9407,11.1564,7.8414,6.9748,8.2654,7
2460031.860737,-9.5850,-8.2493,11.1564,7.8414,6.9748,8.2654,7
2460031.878397,-16.0580,-25.8599,11.1564,7.8414,6.9748,8.2654,7
2460031.914687,-7.0037,-4.7916,11.1564,7.8414,6.9748,8.2654,7
2460032.767337,-6.4399,-15.3579,11.1564,7.8414,6.9748,8.2654,7
2460032.787967,-0.7014,-23.1927,11.1564,7.8414,6.9748,8.2654,7
2460032.808847,-11.8185,-18.2509,11.1564,7.8414,6.9748,8.2654,7
2460032.839167,-14.0750,-16.3015,11.1564,7.8414,6.9748,8.2654,7
2460033.905537,-12.9084,-5.5082,11.1564,7.8414,6.9748,8.2654,7
2460034.893227,-9.2491,-17.1131,11.1564,7.8414,6.9748,8.2654,7
2460034.910347,-17.0529,-13.6987,11.1564,7.8414,6.9748,8.2654,7
2460035.804977,-19.2110,-13.3402,11.1564,7.8414,6.9748,8.2654,7
2460035.845497,-11.1876,-6.5343,11.1564,7.8414,6.9748,8.2654,7
2460035.902357,-4.1353,-23.1107,11.1564,7.8414,6.9748,8.2654,7
2460036.774057,-0.2413,-16.3781,11.1564,7.8414,6.9748,8.2654,7
2460036.903397,-9.1681,-12.3967,11.1564,7.8414,6.9748,8.2654,7
2460037.751907,-12.9326,-15.3750,11.1564,7.8414,6.9748,8.2654,7
2460037.769757,-15.9279,-6.9809,11.1564,7.8414,6.9748,8.2654,7
2460037.787337,-6.3415,-6.1180,11.1564,7.8414,6.9748,8.2654,7
2460037.806597,-13.9612,-17.3735,11.1564,7.8414,6.9748,8.2654,7
2460037.852097,-10.1301,-21.3211,11.1564,7.8414,6.9748,8.2654,7
2460037.886667,-14.4663,-21.9748,11.1564,7.8414,6.9748,8.2654,7
2460037.905497,-15.7093,-27.1521,11.1564,7.8414,6.9748,8.2654,7
2460038.789157,-19.3933,-17.3819,11.1564,7.8414,6.9748,8.2654,7
2460038.806047,-7.0174,-17.4103,11.1564,7.8414,6.9748,8.2654,7
2460038.890017,-12.9785,-15.6723,11.1564,7.8414,6.9748,8.2654,7
2460038.907397,-13.7450,-14.0565,11.1564,7.8414,6.9748,8.2654,7
2460039.767507,-12.6777,-28.3661,11.1564,7.8414,6.9748,8.2654,7
2460039.805667,-12.9366,-13.8588,11.1564,7.8414,6.9748,8.2654,7
2460039.823397,-18.0213,-26.8163,11.1564,7.8414,6.9748,8.2654,7
2460039.840707,-7.4653,-23.3071,11.1564,7.8414,6.9748,8.2654,7
2460039.913317,-0.7925,-9.4753,11.1564,7.8414,6.9748,8.2654,7
2460040.736927,-7.0885,-13.3404,11.1564,7.8414,6.9748,8.2654,7
2460040.758467,-10.3192,-5.7850,11.1564,7.8414,6.9748,8.2654,7
2460040.786777,-17.3030,-12.2224,11.1564,7.8414,6.9748,8.2654,7
2460040.804247,-21.9401,-17.6798,11.1564,7.8414,6.9748,8.2654,7
2460040.856127,-1.8786,-17.3716,11.1564,7.8414,6.9748,8.2654,7
2460040.883817,-8.8317,-11.0777,11.1564,7.8414,6.9748,8.2654,7
2460040.918447,-9.3587,-8.3431,11.1564,7.8414,6.9748,8.2654,7
2460041.739317,-7.5858,-12.1906,11.1564,7.8414,6.9748,8.2654,7
2460041.785907,-6.8600,-18.7758,11.1564,7.8414,6.9748,8.2654,7
2460041.820247,-15.9893,-17.2228,11.1564,7.8414,6.9748,8.2654,7
2460041.837507,-13.8408,-21.8121,11.1564,7.8414,6.9748,8.2654,7
2460041.867247,-13.6677,-14.0367,11.1564,7.8414,6.9748,8.2654,7
2460041.903337,-4.4475,-14.6665,11.1564,7.8414,6.9748,8.2654,7
2460042.763737,-16.5742,-11.7646,11.1564,7.8414,6.9748,8.2654,7
2460042.791837,-9.2632,-14.9825,11.1564,7.8414,6.9748,8.2654,7
2460042.808837,-6.3471,-26.7302,11.1564,7.8414,6.9748,8.2654,7
2460042.829307,-6.0149,-16.8697,11.1564,7.8414,6.9748,8.2654,7
2460042.856227,-6.1397,-14.3728,11.1564,7.8414,6.9748,8.2654,7
2460042.858957,-12.5833,-6.8772,11.1564,7.8414,6.9748,8.2654,7
2460043.843437,-5.4828,-7.6603,11.1564,7.8414,6.9748,8.2654,7
2460043.860967,-13.1929,-17.4691,11.1564,7.8414,6.9748,8.2654,7
2460043.877967,-6.5802,-8.9770,11.1564,7.8414,6.9748,8.2654,7
2460044.905667,-7.5802,-16.8887,11.1564,7.8414,6.9748,8.2654,7
2460047.742307,-13.8009,-11.0074,11.1564,7.8414,6.9748,8.2654,7
2460047.769777,-9.2057,-11.9920,11.1564,7.8414,6.9748,8.2654,7
2460047.804447,-16.3029,-15.2052,11.1564,7.8414,6.9748,8.2654,7
2460047.822157,-1.0113,-21.4808,11.1564,7.8414,6.9748,8.2654,7
2460047.839507,-13.4750,-5.6877,11.1564,7.8414,6.9748,8.2654,7
2460047.927037,-8.1518,-15.5443,11.1564,7.8414,6.9748,8.2654,7
2460048.756987,-22.4371,-21.7863,11.1564,7.8414,6.9748,8.2654,7
2460048.777257,-4.2649,-4.6586,11.1564,7.8414,6.9748,8.2654,7
2460048.794787,-7.7276,-17.2284,11.1564,7.8414,6.9748,8.2654,7
2460048.812037,-6.4252,-15.0823,11.1564,7.8414,6.9748,8.2654,7
2460048.829557,-8.9513,-10.1419,11.1564,7.8414,6.9748,8.2654,7
2460048.857547,-14.6605,-20.8548,11.1564,7.8414,6.9748,8.2654,7
2460048.875187,-14.3374,-11.0153,11.1564,7.8414,6.9748,8.2654,7
2460048.912727,-8.3135,-8.1008,11.1564,7.8414,6.9748,8.2654,7
2460049.789797,-7.3627,-19.8196,11.1564,7.8414,6.9748,8.2654,7
2460049.857057,-2.2604,-13.0600,11.1564,7.8414,6.9748,8.2654,7
2460049.874087,-9.6370,-13.2160,11.1564,7.8414,6.9748,8.2654,7
2460049.922597,-2.5120,-10.0278,11.1564,7.8414,6.9748,8.2654,7
2460050.766347,-19.1361,-21.1127,11.1564,7.8414,6.9748,8.2654,7
2460050.809827,-14.0945,-19.8797,11.1564,7.8414,6.9748,8.2654,7
2460050.838427,-7.6571,-11.6168,11.1564,7.8414,6.9748,8.2654,7
2460050.859127,-9.8378,-12.5689,11.1564,7.8414,6.9748,8.2654,7
2460050.876197,-12.8821,-27.1317,11.1564,7.8414,6.9748,8.2654,7
2460050.904677,-21.7694,-20.0161,11.1564,7.8414,6.9748,8.2654,7
2460051.737417,-6.0120,-23.9620,11.1564,7.8414,6.9748,8.2654,7
2460051.793747,-16.0448,-12.4909,11.1564,7.8414,6.9748,8.2654,7
2460051.863887,-16.1204,-16.1301,11.1564,7.8414,6.9748,8.2654,7
2460051.917947,-2.5599,-14.0433,11.1564,7.8414,6.9748,8.2654,7
2460052.785997,-3.4806,-4.1977,11.1564,7.8414,6.9748,8.2654,7
2460052.867977,-7.9209,-23.3750,11.1564,7.8414,6.9748,8.2654,7
2460052.885477,-12.8447,-12.9017,11.1564,7.8414,6.9748,8.2654,7
2460052.902497,-5.5495,-16.0752,11.1564,7.8414,6.9748,8.2654,7
2460052.906647,-21.7738,-14.6507,11.1564,7.8414,6.9748,8.2654,7
2460053.730737,-1.8483,-28.0584,11.1564,7.8414,6.9748,8.2654,7
2460053.833047,-15.0142,-25.4179,11.1564,7.8414,6.9748,8.2654,7
2460053.851047,-8.0576,-19.9611,11.1564,7.8414,6.9748,8.2654,7
2460054.701567,-17.1061,-18.0875,11.1564,7.8414,6.9748,8.2654,7
2460054.719167,-10.7600,-17.5646,11.1564,7.8414,6.9748,8.2654,7
2460054.800637,-22.1915,-15.4617,11.1564,7.8414,6.9748,8.2654,7
2460054.835637,-13.4803,-27.8599,11.1564,7.8414,6.9748,8.2654,7
2460054.852987,-9.7830,-29.1665,11.1564,7.8414,6.9748,8.2654,7
2460054.896607,-6.8726,-13.4588,11.1564,7.8414,6.9748,8.2654,7
2460054.913727,-16.2512,-27.1811,11.1564,7.8414,6.9748,8.2654,7
2460056.741447,-13.9539,-19.1146,11.1564,7.8414,6.9748,8.2654,7
2460056.758917,-11.3474,-19.4023,11.1564,7.8414,6.9748,8.2654,7
2460056.776827,-19.6894,-24.4390,11.1564,7.8414,6.9748,8.2654,7
2460056.840247,-8.9326,-18.9018,11.1564,7.8414,6.9748,8.2654,7
2460056.857427,-5.2148,-22.8743,11.1564,7.8414,6.9748,8.2654,7
2460056.921127,-18.9864,-13.7781,11.1564,7.8414,6.9748,8.2654,7
2460057.749827,-7.7497,-16.0793,11.1564,7.8414,6.9748,8.2654,7
2460057.859417,-14.2323,-24.4156,11.1564,7.8414,6.9748,8.2654,7
2460058.783157,-8.6025,-13.0763,11.1564,7.8414,6.9748,8.2654,7
2460058.804037,-15.9687,-20.0373,11.1564,7.8414,6.9748,8.2654,7
2460058.821087,-13.2332,-20.2527,11.1564,7.8414,6.9748,8.2654,7
2460058.866547,-17.6723,-12.5621,11.1564,7.8414,6.9748,8.2654,7
2460058.884367,-18.2745,-16.9347,11.1564,7.8414,6.9748,8.2654,7
2460058.901637,-9.8818,-13.3298,11.1564,7.8414,6.9748,8.2654,7
2460058.919017,-10.3810,-17.6010,11.1564,7.8414,6.9748,8.2654,7
2460059.699277,-21.8724,-10.6710,11.1564,7.8414,6.9748,8.2654,7
2460059.744757,-18.2723,-7.6676,11.1564,7.8414,6.9748,8.2654,7
2460059.762137,-9.9449,-25.0718,11.1564,7.8414,6.9748,8.2654,7
2460060.686477,-3.4540,-19.2183,11.1564,7.8414,6.9748,8.2654,7
2460060.726817,-7.9615,-14.8851,11.1564,7.8414,6.9748,8.2654,7
2460060.756187,-14.7266,-24.4329,11.1564,7.8414,6.9748,8.2654,7
2460060.784197,-4.8551,-13.2369,11.1564,7.8414,6.9748,8.2654,7
2460060.801357,-17.5605,-18.5607,11.1564,7.8414,6.9748,8.2654,7
2460060.818597,-1.1731,-11.7028,11.1564,7.8414,6.9748,8.2654,7
2460060.836217,-18.2354,-15.3049,11.1564,7.8414,6.9748,8.2654,7
2460060.856487,-19.6909,-24.9714,11.1564,7.8414,6.9748,8.2654,7
2460060.882057,-17.8611,-8.9776,11.1564,7.8414,6.9748,8.2654,7
2460060.919767,-19.5827,-18.9935,11.1564,7.8414,6.9748,8.2654,7
2460061.701917,-11.5991,-21.0621,11.1564,7.8414,6.9748,8.2654,7
2460061.719357,-18.0500,-27.5157,11.1564,7.8414,6.9748,8.2654,7
2460061.740777,-16.8491,-17.4338,11.1564,7.8414,6.9748,8.2654,7
2460061.758177,-12.9494,-24.0883,11.1564,7.8414,6.9748,8.2654,7
2460061.775587,-11.3190,-27.9403,11.1564,7.8414,6.9748,8.2654,7
2460061.824787,-11.0577,-18.5239,11.1564,7.8414,6.9748,8.2654,7
2460061.858927,-9.4011,-11.2631,11.1564,7.8414,6.9748,8.2654,7
2460061.876457,-9.6715,-21.2444,11.1564,7.8414,6.9748,8.2654,7
2460061.921437,-10.8678,-19.1703,11.1564,7.8414,6.9748,8.2654,7
2460062.800727,-15.8180,-21.3570,11.1564,7.8414,6.9748,8.2654,7
2460062.818127,-8.4212,-8.1575,11.1564,7.8414,6.9748,8.2654,7
2460062.846567,-2.7491,-2.8898,11.1564,7.8414,6.9748,8.2654,7
2460063.708917,-2.4925,-26.3669,11.1564,7.8414,6.9748,8.2654,7
2460063.761497,-6.5806,-25.7801,11.1564,7.8414,6.9748,8.2654,7
2460063.806197,-16.1494,-23.3654,11.1564,7.8414,6.9748,8.2654,7
2460063.826217,-7.9247,-20.2341,11.1564,7.8414,6.9748,8.2654,7
2460063.847077,-8.4039,-13.8568,11.1564,7.8414,6.9748,8.2654,7
2460063.884857,-17.3527,-20.9839,11.1564,7.8414,6.9748,8.2654,7
2460063.917267,-13.3425,-10.5069,11.1564,7.8414,6.9748,8.2654,7
2460064.738317,-9.7047,-18.5518,11.1564,7.8414,6.9748,8.2654,7
2460064.756807,-19.9733,-27.3782,11.1564,7.8414,6.9748,8.2654,7
2460064.778277,-17.9154,-20.2881,11.1564,7.8414,6.9748,8.2654,7
2460064.818727,-23.7112,-11.0290,11.1564,7.8414,6.9748,8.2654,7
2460064.881557,-19.7350,-14.9927,11.1564,7.8414,6.9748,8.2654,7
2460064.902817,-23.1593,-24.2798,11.1564,7.8414,6.9748,8.2654,7
2460064.920387,-21.9887,-23.9960,11.1564,7.8414,6.9748,8.2654,7
2460065.689617,-8.1344,-13.1089,11.1564,7.8414,6.9748,8.2654,7
2460065.707137,-11.6622,-11.4747,11.1564,7.8414,6.9748,8.2654,7
2460065.724347,-9.9611,-4.4398,11.1564,7.8414,6.9748,8.2654,7
2460065.743377,-20.4177,-11.6363,11.1564,7.8414,6.9748,8.2654,7
2460065.747057,-15.4318,-22.3708,11.1564,7.8414,6.9748,8.2654,7
2460065.764327,-21.2391,-7.0639,11.1564,7.8414,6.9748,8.2654,7
2460065.795467,-11.3772,-13.1668,11.1564,7.8414,6.9748,8.2654,7
2460065.811937,-16.1546,-21.2257,11.1564,7.8414,6.9748,8.2654,7
2460065.828997,-11.0990,-17.7267,11.1564,7.8414,6.9748,8.2654,7
2460065.865187,-12.2948,-31.0506,11.1564,7.8414,6.9748,8.2654,7
2460065.910837,-22.9557,-22.0643,11.1564,7.8414,6.9748,8.2654,7
2460066.671107,-22.3372,-9.9165,11.1564,7.8414,6.9748,8.2654,7
2460066.701937,-10.8639,-14.2319,11.1564,7.8414,6.9748,8.2654,7
2460066.719637,-17.1647,-8.5297,11.1564,7.8414,6.9748,8.2654,7
2460066.771877,-9.7141,-13.6822,11.1564,7.8414,6.9748,8.2654,7
2460066.789397,-6.2383,-30.6388,11.1564,7.8414,6.9748,8.2654,7
2460066.816727,-18.4435,-21.9845,11.1564,7.8414,6.9748,8.2654,7
2460066.835197,-17.7444,-26.2719,11.1564,7.8414,6.9748,8.2654,7
2460066.852077,-19.3860,-24.0222,11.1564,7.8414,6.9748,8.2654,7
2460066.873767,-22.2333,-12.9745,11.1564,7.8414,6.9748,8.2654,7
2460066.892317,-8.1163,-22.6371,11.1564,7.8414,6.9748,8.2654,7
2460066.919577,-20.3003,-8.5434,11.1564,7.8414,6.9748,8.2654,7
2460067.682957,-18.0286,-12.3778,11.1564,7.8414,6.9748,8.2654,7
2460067.703067,-13.0371,-1.8108,11.1564,7.8414,6.9748,8.2654,7
2460067.731027,-5.4248,-19.6937,11.1564,7.8414,6.9748,8.2654,7
2460067.748587,-15.7473,-12.8807,11.1564,7.8414,6.9748,8.2654,7
2460067.792077,-10.6524,-13.8833,11.1564,7.8414,6.9748,8.2654,7
2460067.810997,-11.5394,-12.9900,11.1564,7.8414,6.9748,8.2654,7
2460067.842577,0.3657,-12.7132,11.1564,7.8414,6.9748,8.2654,7
2460067.922357,-17.8890,-13.5999,11.1564,7.8414,6.9748,8.2654,7
2460068.785567,-11.3203,-16.7731,11.1564,7.8414,6.9748,8.2654,7
2460068.802747,-12.6606,-7.5624,11.1564,7.8414,6.9748,8.2654,7
2460068.819407,-18.3259,-21.8661,11.1564,7.8414,6.9748,8.2654,7
2460068.836127,-8.4031,-13.8748,11.1564,7.8414,6.9748,8.2654,7
2460068.852877,-11.5144,-14.4800,11.1564,7.8414,6.9748,8.2654,7
2460068.880517,-5.8853,-20.3129,11.1564,7.8414,6.9748,8.2654,7
2460068.897957,-11.1846,-5.1763,11.1564,7.8414,6.9748,8.2654,7
2460068.915107,-12.2273,-6.0867,11.1564,7.8414,6.9748,8.2654,7
2460068.932447,-5.5894,-10.9720,11.1564,7.8414,6.9748,8.2654,7
2460069.699847,-6.8718,-6.8723,11.1564,7.8414,6.9748,8.2654,7
2460069.755847,-12.2907,-6.8954,11.1564,7.8414,6.9748,8.2654,7
2460069.772877,-8.9708,-18.0893,11.1564,7.8414,6.9748,8.2654,7
2460069.828377,-13.8076,-8.9599,11.1564,7.8414,6.9748,8.2654,7
2460069.916187,-16.4689,-15.0302,11.1564,7.8414,6.9748,8.2654,7
2460069.933077,-14.9262,-9.2371,11.1564,7.8414,6.9748,8.2654,7
2460070.754757,-7.2138,-23.0102,11.1564,7.8414,6.9748,8.2654,7
2460070.789617,-19.0223,-23.1786,11.1564,7.8414,6.9748,8.2654,7
2460071.799487,-5.6224,-16.7325,11.1564,7.8414,6.9748,8.2654,7
2460075.662197,-9.4905,-17.4785,11.1564,7.8414,6.9748,8.2654,7
2460075.679787,-11.0539,-2.1705,11.1564,7.8414,6.9748,8.2654,7
2460075.714637,-11.5657,-3.3790,11.1564,7.8414,6.9748,8.2654,7
2460075.736997,-12.5066,-5.4715,11.1564,7.8414,6.9748,8.2654,7
2460075.767337,-8.6588,-7.6810,11.1564,7.8414,6.9748,8.2654,7
2460075.796107,-4.8044,-5.1812,11.1564,7.8414,6.9748,8.2654,7
2460075.813207,-9.1283,-14.2314,11.1564,7.8414,6.9748,8.2654,7
2460075.830137,-7.1750,-11.7843,11.1564,7.8414,6.9748,8.2654,7
2460075.851717,-10.4386,-14.0294,11.1564,7.8414,6.9748,8.2654,7
2460075.895157,-10.8020,-18.0661,11.1564,7.8414,6.9748,8.2654,7
2460075.911697,-4.0409,-3.2265,11.1564,7.8414,6.9748,8.2654,7
2460075.929167,-17.2966,-19.8386,11.1564,7.8414,6.9748,8.2654,7
2460076.770377,-3.2097,-14.0507,11.1564,7.8414,6.9748,8.2654,7
2460076.790147,-1.6440,-8.5586,11.1564,7.8414,6.9748,8.2654,7
2460076.823617,-6.0885,-2.6511,11.1564,7.8414,6.9748,8.2654,7
2460076.885817,-18.6029,-20.6411,11.1564,7.8414,6.9748,8.2654,7
2460076.902447,-7.3182,-15.8124,11.1564,7.8414,6.9748,8.2654,7
2460076.919807,-8.3600,-20.3944,11.1564,7.8414,6.9748,8.2654,7
2460077.663347,-16.4171,-29.6409,11.1564,7.8414,6.9748,8.2654,7
2460077.681147,-7.7737,-21.0642,11.1564,7.8414,6.9748,8.2654,7
2460077.735327,-14.6047,-16.7697,11.1564,7.8414,6.9748,8.2654,7
2460077.765817,-9.4519,-22.8864,11.1564,7.8414,6.9748,8.2654,7
2460077.824027,-22.2167,-13.2925,11.1564,7.8414,6.9748,8.2654,7
2460077.842917,-14.4328,-12.5749,11.1564,7.8414,6.9748,8.2654,7
2460077.887827,-17.0256,-13.9801,11.1564,7.8414,6.9748,8.2654,7
2460077.904547,-12.5194,-9.2959,11.1564,7.8414,6.9748,8.2654,7
2460077.921337,-11.9605,-16.3837,11.1564,7.8414,6.9748,8.2654,7
2460078.636697,-3.6269,-16.9983,11.1564,7.8414,6.9748,8.2654,7
2460078.704927,-18.6023,-15.1237,11.1564,7.8414,6.9748,8.2654,7
2460078.722547,-13.2725,-24.6419,11.1564,7.8414,6.9748,8.2654,7
2460078.767097,-18.4365,-12.1635,11.1564,7.8414,6.9748,8.2654,7
2460078.771527,-9.6159,-9.5444,11.1564,7.8414,6.9748,8.2654,7
2460078.788457,-15.0779,-19.8622,11.1564,7.8414,6.9748,8.2654,7
2460078.842117,-14.5931,-14.8583,11.1564,7.8414,6.9748,8.2654,7
2460078.872747,-18.6589,-15.1340,11.1564,7.8414,6.9748,8.2654,7
2460078.923247,-12.9911,-15.2746,11.1564,7.8414,6.9748,8.2654,7
2460079.640687,-13.7815,-22.6695,11.1564,7.8414,6.9748,8.2654,7
2460079.661317,-7.9292,-27.4220,11.1564,7.8414,6.9748,8.2654,7
2460079.696367,-22.1250,-30.3923,11.1564,7.8414,6.9748,8.2654,7
2460079.763027,-1.6280,-24.0381,11.1564,7.8414,6.9748,8.2654,7
2460079.928457,-12.5360,-22.6732,11.1564,7.8414,6.9748,8.2654,7
2460080.660167,-12.3799,-12.2743,11.1564,7.8414,6.9748,8.2654,7
2460080.679907,-4.8851,-15.9134,11.1564,7.8414,6.9748,8.2654,7
2460080.697387,-9.1158,-23.2613,11.1564,7.8414,6.9748,8.2654,7
2460080.742607,-19.3714,-22.7461,11.1564,7.8414,6.9748,8.2654,7
2460080.759677,-3.0203,-23.7746,11.1564,7.8414,6.9748,8.2654,7
2460080.776997,-15.2482,-15.7758,11.1564,7.8414,6.9748,8.2654,7
2460080.794177,-13.4253,-20.6440,11.1564,7.8414,6.9748,8.2654,7
2460080.811477,-7.6741,-27.9840,11.1564,7.8414,6.9748,8.2654,7
2460080.899657,-8.3459,-8.6371,11.1564,7.8414,6.9748,8.2654,7
2460080.902597,-19.6993,-16.0843,11.1564,7.8414,6.9748,8.2654,7
2460080.918067,-9.8097,-11.5169,11.1564,7.8414,6.9748,8.2654,7
2460082.642737,-4.9629,-18.9323,11.1564,7.8414,6.9748,8.2654,7
2460082.710667,-6.2963,-14.6307,11.1564,7.8414,6.9748,8.2654,7
2460082.763777,-7.6109,-24.3127,11.1564,7.8414,6.9748,8.2654,7
2460082.768137,3.5079,-26.6423,11.1564,7.8414,6.9748,8.2654,7
2460082.841357,-9.8840,-15.7234,11.1564,7.8414,6.9748,8.2654,7
2460082.875597,-1.7233,-9.2820,11.1564,7.8414,6.9748,8.2654,7
2460082.892407,-18.0107,-15.2607,11.1564,7.8414,6.9748,8.2654,7
2460082.908617,-7.9198,-28.2909,11.1564,7.8414,6.9748,8.2654,7
2460083.635197,-9.8865,-30.5553,11.1564,7.8414,6.9748,8.2654,7
2460083.697517,-3.5036,-13.1910,11.1564,7.8414,6.9748,8.2654,7
2460083.731867,-6.6940,-18.7043,11.1564,7.8414,6.9748,8.2654,7
2460083.752297,1.4809,-1.9736,11.1564,7.8414,6.9748,8.2654,7
2460083.802337,0.0096,-9.3003,11.1564,7.8414,6.9748,8.2654,7
2460083.852997,-14.0421,-15.7382,11.1564,7.8414,6.9748,8.2654,7
2460083.930647,-8.9373,-24.5727,11.1564,7.8414,6.9748,8.2654,7
2460084.704427,-1.8713,-18.8869,11.1564,7.8414,6.9748,8.2654,7
2460084.724627,0.1560,-10.8777,11.1564,7.8414,6.9748,8.2654,7
2460084.807387,-1.6088,-20.8521,11.1564,7.8414,6.9748,8.2654,7
2460084.873317,-5.4926,-10.9382,11.1564,7.8414,6.9748,8.2654,7
2460084.904447,-14.9041,-14.9953,11.1564,7.8414,6.9748,8.2654,7
2460084.936207,-13.8226,-30.6508,11.1564,7.8414,6.9748,8.2654,7
2460085.668097,4.5732,-12.6382,11.1564,7.8414,6.9748,8.2654,7
2460085.724517,-17.5286,-30.9370,11.1564,7.8414,6.9748,8.2654,7
2460085.743217,-3.5030,-13.1180,11.1564,7.8414,6.9748,8.2654,7
2460087.691587,-14.0249,-6.0062,11.1564,7.8414,6.9748,8.2654,7
2460088.666117,-15.4228,-7.7743,11.1564,7.8414,6.9748,8.2654,7
2460088.734597,-8.5598,-27.4368,11.1564,7.8414,6.9748,8.2654,7
2460088.883127,-22.7790,-20.8785,11.1564,7.8414,6.9748,8.2654,7
2460088.917657,-1.5370,-18.3063,11.1564,7.8414,6.9748,8.2654,7
2460088.932347,-6.7692,-14.4754,11.1564,7.8414,6.9748,8.2654,7
2460088.936557,-19.8526,-20.2250,11.1564,7.8414,6.9748,8.2654,7
2460089.618947,-12.6353,-14.1053,11.1564,7.8414,6.9748,8.2654,7
2460089.640117,-10.5456,-12.8919,11.1564,7.8414,6.9748,8.2654,7
2460089.658077,-21.2163,-29.6883,11.1564,7.8414,6.9748,8.2654,7
2460089.675667,-15.5824,-25.6366,11.1564,7.8414,6.9748,8.2654,7
2460089.733307,-11.9972,-18.0919,11.1564,7.8414,6.9748,8.2654,7
2460089.794347,-15.5899,-18.5100,11.1564,7.8414,6.9748,8.2654,7
2460089.815807,-12.5975,-29.3251,11.1564,7.8414,6.9748,8.2654,7
2460089.861427,-13.2593,-5.6619,11.1564,7.8414,6.9748,8.2654,7
2460089.878427,-3.6170,-14.6535,11.1564,7.8414,6.9748,8.2654,7
2460089.895477,-19.0483,-17.1476,11.1564,7.8414,6.9748,8.2654,7
2460089.912737,-13.2054,-19.7479,11.1564,7.8414,6.9748,8.2654,7
2460090.848017,-13.5093,-19.1954,11.1564,7.8414,6.9748,8.2654,7
2460090.892887,-15.6597,-13.7290,11.1564,7.8414,6.9748,8.2654,7
2460090.915147,-10.0854,-21.7743,11.1564,7.8414,6.9748,8.2654,7
2460090.922437,-15.7810,-2.9904,11.1564,7.8414,6.9748,8.2654,7
2460091.613857,-9.4809,-16.1409,11.1564,7.8414,6.9748,8.2654,7
2460091.642257,-8.3098,-29.2874,11.1564,7.8414,6.9748,8.2654,7
2460091.659717,-10.8460,-22.0641,11.1564,7.8414,6.9748,8.2654,7
2460091.680177,-16.1637,-24.4286,11.1564,7.8414,6.9748,8.2654,7
2460091.697347,-5.1296,-17.4403,11.1564,7.8414,6.9748,8.2654,7
2460091.737787,-10.8945,-17.5336,11.1564,7.8414,6.9748,8.2654,7
2460091.766437,-17.4697,-12.9694,11.1564,7.8414,6.9748,8.2654,7
2460091.783487,-16.5095,-4.5981,11.1564,7.8414,6.9748,8.2654,7
2460091.800617,-17.3382,-7.2808,11.1564,7.8414,6.9748,8.2654,7
2460091.838287,-5.9862,-17.9714,11.1564,7.8414,6.9748,8.2654,7
2460092.630967,-22.4616,-29.0395,11.1564,7.8414,6.9748,8.2654,7
2460092.648177,4.9320,-20.2362,11.1564,7.8414,6.9748,8.2654,7
2460093.818887,3.9324,-5.0524,11.1564,7.8414,6.9748,8.2654,7
2460093.881717,-4.8422,-18.1555,11.1564,7.8414,6.9748,8.2654,7
2460094.604007,-13.6952,-22.3553,11.1564,7.8414,6.9748,8.2654,7
2460094.680787,-8.6956,-11.7241,11.1564,7.8414,6.9748,8.2654,7
2460094.699857,3.0803,-22.2160,11.1564,7.8414,6.9748,8.2654,7
2460094.733947,-1.5692,-23.6170,11.1564,7.8414,6.9748,8.2654,7
2460094.780007,-14.1475,-21.3069,11.1564,7.8414,6.9748,8.2654,7
2460094.818277,-15.9502,-24.3201,11.1564,7.8414,6.9748,8.2654,7
2460094.834807,-4.3697,-27.3911,11.1564,7.8414,6.9748,8.2654,7
2460094.852897,-12.7169,-26.7789,11.1564,7.8414,6.9748,8.2654,7
2460094.882307,-9.1436,-9.4503,11.1564,7.8414,6.9748,8.2654,7
2460094.916927,-17.8420,-6.4949,11.1564,7.8414,6.9748,8.2654,7
2460094.921157,-0.7125,-13.1430,11.1564,7.8414,6.9748,8.2654,7
2460095.789687,-1.4040,-7.4842,11.1564,7.8414,6.9748,8.2654,7
2460095.851097,-20.3991,-23.0047,11.1564,7.8414,6.9748,8.2654,7
2460095.871877,-23.2947,-14.4586,11.1564,7.8414,6.9748,8.2654,7
2460096.649317,-20.0131,-18.3031,11.1564,7.8414,6.9748,8.2654,7
2460096.667137,-0.9507,-23.2711,11.1564,7.8414,6.9748,8.2654,7
2460096.730197,-15.2589,-19.8337,11.1564,7.8414,6.9748,8.2654,7
2460096.750557,-9.5515,-21.6621,11.1564,7.8414,6.9748,8.2654,7
2460096.769927,-14.9366,-17.2088,11.1564,7.8414,6.9748,8.2654,7
2460096.786797,-5.2429,-4.8911,11.1564,7.8414,6.9748,8.2654,7
2460096.831937,-18.4572,-18.4747,11.1564,7.8414,6.9748,8.2654,7
2460096.849517,-14.4926,-20.2573,11.1564,7.8414,6.9748,8.2654,7
2460096.866717,-13.7348,-20.8557,11.1564,7.8414,6.9748,8.2654,7
2460096.883667,-22.3313,-30.6142,11.1564,7.8414,6.9748,8.2654,7
2460096.886377,-2.9835,-9.9447,11.1564,7.8414,6.9748,8.2654,7
2460096.903687,-12.9941,-29.3433,11.1564,7.8414,6.9748,8.2654,7
2460097.686277,-5.7452,-19.3855,11.1564,7.8414,6.9748,8.2654,7
2460097.738867,-13.0250,-7.8149,11.1564,7.8414,6.9748,8.2654,7
2460097.756347,-6.6028,-15.8116,11.1564,7.8414,6.9748,8.2654,7
2460097.774027,-9.3319,-7.0621,11.1564,7.8414,6.9748,8.2654,7
2460097.855387,-17.4021,-14.7967,11.1564,7.8414,6.9748,8.2654,7
2460097.872227,-16.4426,-6.1941,11.1564,7.8414,6.9748,8.2654,7
2460097.889607,-8.0238,-27.6255,11.1564,7.8414,6.9748,8.2654,7
2460098.621747,-16.5534,-8.7690,11.1564,7.8414,6.9748,8.2654,7
2460098.683367,-9.5304,-19.0646,11.1564,7.8414,6.9748,8.2654,7
2460098.703777,-13.3554,-12.1260,11.1564,7.8414,6.9748,8.2654,7
2460098.731577,-10.7513,-31.2475,11.1564,7.8414,6.9748,8.2654,7
2460098.749797,-14.3304,-8.5568,11.1564,7.8414,6.9748,8.2654,7
2460098.787827,-14.7443,-13.4877,11.1564,7.8414,6.9748,8.2654,7
2460098.816957,-11.9747,-3.4492,11.1564,7.8414,6.9748,8.2654,7
2460102.757587,-4.7268,-6.9387,11.1564,7.8414,6.9748,8.2654,7
2460103.574057,-15.9181,-11.7400,11.1564,7.8414,6.9748,8.2654,7
2460103.576867,-25.4929,-22.3671,11.1564,7.8414,6.9748,8.2654,7
2460103.592647,-12.6121,-20.9781,11.1564,7.8414,6.9748,8.2654,7
2460103.626847,-17.3566,-17.0054,11.1564,7.8414,6.9748,8.2654,7
2460103.643427,-9.1819,-20.5256,11.1564,7.8414,6.9748,8.2654,7
2460103.660367,-9.2707,-17.7567,11.1564,7.8414,6.9748,8.2654,7
2460103.694517,-7.5201,-13.6800,11.1564,7.8414,6.9748,8.2654,7
2460103.722137,1.4510,-13.8737,11.1564,7.8414,6.9748,8.2654,7
2460103.738887,-13.6431,-9.7241,11.1564,7.8414,6.9748,8.2654,7
2460103.755627,-1.1775,-14.3916,11.1564,7.8414,6.9748,8.2654,7
2460103.790457,-9.8311,-14.8506,11.1564,7.8414,6.9748,8.2654,7
2460103.818287,-7.6502,-11.9404,11.1564,7.8414,6.9748,8.2654,7
2460103.837847,-12.7495,-16.1652,11.1564,7.8414,6.9748,8.2654,7
2460103.854557,-10.9570,-3.3775,11.1564,7.8414,6.9748,8.2654,7
2460103.871987,1.4173,-8.7115,11.1564,7.8414,6.9748,8.2654,7
2460103.889297,-8.8580,-16.5726,11.1564,7.8414,6.9748,8.2654,7
2460103.897547,-7.6906,-26.6087,11.1564,7.8414,6.9748,8.2654,7
2460104.626317,-8.0011,-28.2970,11.1564,7.8414,6.9748,8.2654,7
2460104.643707,-11.3570,-31.9939,11.1564,7.8414,6.9748,8.2654,7
2460104.660347,-16.9732,-29.9372,11.1564,7.8414,6.9748,8.2654,7
2460104.703967,-15.2810,-3.2121,11.1564,7.8414,6.9748,8.2654,7
2460104.726947,-10.8366,-15.6023,11.1564,7.8414,6.9748,8.2654,7
2460104.758877,-5.6579,-20.5699,11.1564,7.8414,6.9748,8.2654,7
2460104.792547,-21.1120,-13.8533,11.1564,7.8414,6.9748,8.2654,7
2460104.841307,-21.1862,-29.5997,11.1564,7.8414,6.9748,8.2654,7
2460104.859957,-15.0006,-16.0741,11.1564,7.8414,6.9748,8.2654,7
2460105.600117,-1.5511,-19.3126,11.1564,7.8414,6.9748,8.2654,7
2460105.644507,-21.9106,-26.7728,11.1564,7.8414,6.9748,8.2654,7
2460105.696147,-8.9462,-10.8364,11.1564,7.8414,6.9748,8.2654,7
2460105.737467,-8.5939,-19.6305,11.1564,7.8414,6.9748,8.2654,7
2460105.754147,-13.2622,-19.3290,11.1564,7.8414,6.9748,8.2654,7
2460105.771037,-8.1479,-11.6787,11.1564,7.8414,6.9748,8.2654,7
2460105.788007,-8.9989,-12.1917,11.1564,7.8414,6.9748,8.2654,7
2460105.840817,-4.0320,-30.0328,11.1564,7.8414,6.9748,8.2654,7
2460105.857777,-5.0065,-26.2207,11.1564,7.8414,6.9748,8.2654,7
2460106.555607,-27.9111,-9.2801,11.1564,7.8414,6.9748,8.2654,7
2460107.657617,-2.5609,-11.9590,11.1564,7.8414,6.9748,8.2654,7
2460107.684607,-16.3763,-10.1086,11.1564,7.8414,6.9748,8.2654,7
2460107.701367,-15.2444,-28.5296,11.1564,7.8414,6.9748,8.2654,7
2460107.751907,-16.3077,-25.7506,11.1564,7.8414,6.9748,8.2654,7
2460108.606347,-4.4232,-14.3677,11.1564,7.8414,6.9748,8.2654,7
2460108.660127,4.5542,-17.1863,11.1564,7.8414,6.9748,8.2654,7
2460108.687317,-20.4753,-20.2786,11.1564,7.8414,6.9748,8.2654,7
2460108.724777,-10.2758,-32.8412,11.1564,7.8414,6.9748,8.2654,7
2460108.741797,-20.1469,-27.0088,11.1564,7.8414,6.9748,8.2654,7
2460108.758687,-15.2309,-29.9200,11.1564,7.8414,6.9748,8.2654,7
2460108.786117,-11.4713,-25.1358,11.1564,7.8414,6.9748,8.2654,7
2460108.802957,-16.8472,-33.2319,11.1564,7.8414,6.9748,8.2654,7
2460108.819657,-27.9412,-29.2965,11.1564,7.8414,6.9748,8.2654,7
2460108.837997,-24.2260,-36.8109,11.1564,7.8414,6.9748,8.2654,7
2460108.854937,-11.1841,-13.5610,11.1564,7.8414,6.9748,8.2654,7
2460108.871747,-12.5612,-22.0315,11.1564,7.8414,6.9748,8.2654,7
2460109.725077,-27.6375,-18.1306,11.1564,7.8414,6.9748,8.2654,7
2460109.786757,-22.2750,-27.3699,11.1564,7.8414,6.9748,8.2654,7
2460109.803167,-13.7170,-15.3012,11.1564,7.8414,6.9748,8.2654,7
2460109.821597,-4.8612,-8.0604,11.1564,7.8414,6.9748,8.2654,7
2460109.855927,-21.9788,-2.2894,11.1564,7.8414,6.9748,8.2654,7
2460110.591047,-8.7602,-23.8426,11.1564,7.8414,6.9748,8.2654,7
2460110.608007,-6.1001,-4.9573,11.1564,7.8414,6.9748,8.2654,7
2460110.641727,-2.6457,-17.4682,11.1564,7.8414,6.9748,8.2654,7
2460110.658977,-14.5180,-22.2205,11.1564,7.8414,6.9748,8.2654,7
2460110.704897,-4.2527,-27.6962,11.1564,7.8414,6.9748,8.2654,7
2460110.721507,-19.5322,-27.4090,11.1564,7.8414,6.9748,8.2654,7
2460110.739307,-13.7690,-23.3367,11.1564,7.8414,6.9748,8.2654,7
2460110.800597,-10.3622,-16.4977,11.1564,7.8414,6.9748,8.2654,7
2460110.817497,-19.2843,-25.9376,11.1564,7.8414,6.9748,8.2654,7
2460110.834347,-9.0184,-17.9194,11.1564,7.8414,6.9748,8.2654,7
2460110.850927,2.5499,-22.5231,11.1564,7.8414,6.9748,8.2654,7
2460110.877117,-11.0213,-17.0674,11.1564,7.8414,6.9748,8.2654,7
2460111.582847,-3.6216,-7.5707,11.1564,7.8414,6.9748,8.2654,7
2460111.599657,-18.8313,-24.7663,11.1564,7.8414,6.9748,8.2654,7
2460111.616417,-13.1487,-19.2838,11.1564,7.8414,6.9748,8.2654,7
2460111.641587,-15.2836,-25.0230,11.1564,7.8414,6.9748,8.2654,7
2460111.658447,-11.7371,-33.5394,11.1564,7.8414,6.9748,8.2654,7
2460111.692377,-20.2775,-24.9708,11.1564,7.8414,6.9748,8.2654,7
2460111.698357,-9.1315,-11.7056,11.1564,7.8414,6.9748,8.2654,7
2460111.729157,-15.4890,-24.0636,11.1564,7.8414,6.9748,8.2654,7
2460111.745547,-24.0041,-31.9562,11.1564,7.8414,6.9748,8.2654,7
2460111.779437,-15.4119,-16.2027,11.1564,7.8414,6.9748,8.2654,7
2460111.796787,-19.3553,-34.5893,11.1564,7.8414,6.9748,8.2654,7
2460111.828387,-20.5201,-25.8152,11.1564,7.8414,6.9748,8.2654,7
2460111.843777,-24.8879,-20.6510,11.1564,7.8414,6.9748,8.2654,7
2460111.861017,-2.2444,-17.6577,11.1564,7.8414,6.9748,8.2654,7
2460111.873787,-12.1546,-21.3489,11.1564,7.8414,6.9748,8.2654,7
2460112.570807,3.6136,-16.6871,11.1564,7.8414,6.9748,8.2654,7
2460112.625787,-2.0997,-11.5675,11.1564,7.8414,6.9748,8.2654,7
2460112.642737,-1.8789,-15.0788,11.1564,7.8414,6.9748,8.2654,7
2460112.670767,-15.2839,-20.5660,11.1564,7.8414,6.9748,8.2654,7
2460112.704627,-10.4981,-17.8009,11.1564,7.8414,6.9748,8.2654,7
2460112.722317,-13.6437,-19.1721,11.1564,7.8414,6.9748,8.2654,7
2460112.740787,-15.5321,-29.3065,11.1564,7.8414,6.9748,8.2654,7
2460112.757617,-1.8087,-20.7472,11.1564,7.8414,6.9748,8.2654,7
2460112.784507,-17.6176,-0.5742,11.1564,7.8414,6.9748,8.2654,7
2460112.822317,-11.2823,-11.8871,11.1564,7.8414,6.9748,8.2654,7
2460112.872017,-19.2620,-24.0633,11.1564,7.8414,6.9748,8.2654,7
2460113.561807,-9.8645,-15.4962,11.1564,7.8414,6.9748,8.2654,7
2460113.595407,-12.5384,-35.3912,11.1564,7.8414,6.9748,8.2654,7
2460113.630317,-11.6241,-21.3912,11.1564,7.8414,6.9748,8.2654,7
2460113.661307,-21.4407,-26.6347,11.1564,7.8414,6.9748,8.2654,7
2460113.679027,-14.5251,-5.4009,11.1564,7.8414,6.9748,8.2654,7
2460113.695877,-14.9831,-25.0407,11.1564,7.8414,6.9748,8.2654,7
2460113.712307,-19.1478,-22.4263,11.1564,7.8414,6.9748,8.2654,7
2460113.728847,-23.9184,-19.3725,11.1564,7.8414,6.9748,8.2654,7
2460113.789437,-17.5320,-17.7544,11.1564,7.8414,6.9748,8.2654,7
2460113.807227,-27.6661,-14.9644,11.1564,7.8414,6.9748,8.2654,7
2460113.824227,-16.6424,-20.6358,11.1564,7.8414,6.9748,8.2654,7
2460113.841227,2.4546,-15.0271,11.1564,7.8414,6.9748,8.2654,7
2460114.861577,-8.1657,-20.7680,11.1564,7.8414,6.9748,8.2654,7
2460118.637767,-0.7935,-33.6717,11.1564,7.8414,6.9748,8.2654,7
2460118.664977,-15.1253,-23.9085,11.1564,7.8414,6.9748,8.2654,7
2460118.681517,-5.6277,-22.3392,11.1564,7.8414,6.9748,8.2654,7
2460118.697987,4.7319,-24.3136,11.1564,7.8414,6.9748,8.2654,7
2460118.747677,0.5296,-7.2475,11.1564,7.8414,6.9748,8.2654,7
2460120.548587,-17.0826,-9.2234,11.1564,7.8414,6.9748,8.2654,7
2460120.565837,-0.1729,-12.5826,11.1564,7.8414,6.9748,8.2654,7
2460120.599577,-17.4277,-36.4813,11.1564,7.8414,6.9748,8.2654,7
2460120.686357,-21.0113,-33.5883,11.1564,7.8414,6.9748,8.2654,7
2460120.703497,-12.9076,-22.8864,11.1564,7.8414,6.9748,8.2654,7
2460120.723297,-13.3340,-25.7419,11.1564,7.8414,6.9748,8.2654,7
2460120.768257,-22.0146,-18.4415,11.1564,7.8414,6.9748,8.2654,7
2460120.785317,-16.4384,-22.5574,11.1564,7.8414,6.9748,8.2654,7
2460120.808907,-24.7377,-10.0707,11.1564,7.8414,6.9748,8.2654,7
2460120.830757,-14.3752,-25.5816,11.1564,7.8414,6.9748,8.2654,7
2460120.836657,-7.9284,-27.2700,11.1564,7.8414,6.9748,8.2654,7
2460121.516527,-21.3405,-19.6595,11.1564,7.8414,6.9748,8.2654,7
2460121.533607,-14.9664,-17.1873,11.1564,7.8414,6.9748,8.2654,7
2460121.550387,-13.3738,-30.5489,11.1564,7.8414,6.9748,8.2654,7
2460121.589487,-18.5513,-32.9935,11.1564,7.8414,6.9748,8.2654,7
2460121.764607,-4.8953,-13.4243,11.1564,7.8414,6.9748,8.2654,7
2460121.831917,-18.1187,-9.7362,11.1564,7.8414,6.9748,8.2654,7
2460122.567207,-21.9710,-12.4883,11.1564,7.8414,6.9748,8.2654,7
2460122.596427,-21.2574,-33.3319,11.1564,7.8414,6.9748,8.2654,7
2460123.545297,-14.8322,-23.1710,11.1564,7.8414,6.9748,8.2654,7
2460123.567437,-15.3798,-32.1501,11.1564,7.8414,6.9748,8.2654,7
2460123.595217,-7.2058,-21.6674,11.1564,7.8414,6.9748,8.2654,7
2460123.615987,-25.3530,-25.3827,11.1564,7.8414,6.9748,8.2654,7
2460123.639647,-11.0784,-22.4796,11.1564,7.8414,6.9748,8.2654,7
2460123.667377,-9.6221,-31.2851,11.1564,7.8414,6.9748,8.2654,7
2460123.687537,-12.6308,-21.3101,11.1564,7.8414,6.9748,8.2654,7
2460123.721557,-17.2015,-2.9657,11.1564,7.8414,6.9748,8.2654,7
2460123.738697,-21.9291,-17.6762,11.1564,7.8414,6.9748,8.2654,7
2460123.759727,-23.4830,-31.5766,11.1564,7.8414,6.9748,8.2654,7
2460123.777067,-19.8041,-19.8351,11.1564,7.8414,6.9748,8.2654,7
2460123.794327,-14.2043,-6.8881,11.1564,7.8414,6.9748,8.2654,7
2460123.825557,-24.7402,-3.8264,11.1564,7.8414,6.9748,8.2654,7
2460123.842467,-15.1773,-31.7378,11.1564,7.8414,6.9748,8.2654,7
2460124.509777,5.0466,-17.0585,11.1564,7.8414,6.9748,8.2654,7
2460124.526997,-13.9841,-28.0024,11.1564,7.8414,6.9748,8.2654,7
2460124.600487,-4.0942,-11.3620,11.1564,7.8414,6.9748,8.2654,7
2460124.656157,-6.6545,-17.7453,11.1564,7.8414,6.9748,8.2654,7
2460124.673237,-17.2015,-28.2380,11.1564,7.8414,6.9748,8.2654,7
2460124.702037,-8.9849,-12.1534,11.1564,7.8414,6.9748,8.2654,7
2460124.725047,-14.0941,-9.2664,11.1564,7.8414,6.9748,8.2654,7
2460124.759097,-9.1546,-6.5431,11.1564,7.8414,6.9748,8.2654,7
2460124.775967,-18.2872,-5.4169,11.1564,7.8414,6.9748,8.2654,7
2460125.510887,-1.0402,-13.3407,11.1564,7.8414,6.9748,8.2654,7
2460125.534157,-16.9860,-13.4757,11.1564,7.8414,6.9748,8.2654,7
2460125.591467,-13.9148,-16.1263,11.1564,7.8414,6.9748,8.2654,7
2460125.608667,-14.8500,-18.4376,11.1564,7.8414,6.9748,8.2654,7
2460125.642987,-15.5907,-14.1072,11.1564,7.8414,6.9748,8.2654,7
2460125.674027,-5.6439,-17.0326,11.1564,7.8414,6.9748,8.2654,7
2460125.676837,-19.4377,-19.6760,11.1564,7.8414,6.9748,8.2654,7
2460125.697237,-12.2525,-16.1901,11.1564,7.8414,6.9748,8.2654,7
2460125.734917,-1.1547,-18.7537,11.1564,7.8414,6.9748,8.2654,7
2460125.775027,-1.6641,-19.5545,11.1564,7.8414,6.9748,8.2654,7
2460125.791937,4.0328,-8.1637,11.1564,7.8414,6.9748,8.2654,7
2460125.819057,-17.0590,-23.2191,11.1564,7.8414,6.9748,8.2654,7
2460125.830097,-15.5933,-22.5963,11.1564,7.8414,6.9748,8.2654,7
2460126.504407,-26.0350,-28.4301,11.1564,7.8414,6.9748,8.2654,7
2460126.659917,-10.3537,-6.0211,11.1564,7.8414,6.9748,8.2654,7
2460129.674377,-5.1844,-14.4853,11.1564,7.8414,6.9748,8.2654,7
2460130.655917,-6.1164,-17.7197,11.1564,7.8414,6.9748,8.2654,7
2460130.689727,-10.9313,-8.9089,11.1564,7.8414,6.9748,8.2654,7
2460130.710087,-7.3937,-19.5372,11.1564,7.8414,6.9748,8.2654,7
2460130.727087,-10.5671,-19.9702,11.1564,7.8414,6.9748,8.2654,7
2460130.743707,-2.8987,-9.9891,11.1564,7.8414,6.9748,8.2654,7
2460131.534117,-9.1412,-22.8518,11.1564,7.8414,6.9748,8.2654,7
2460131.567947,-4.9962,-18.3946,11.1564,7.8414,6.9748,8.2654,7
2460131.601507,-4.0257,-26.6387,11.1564,7.8414,6.9748,8.2654,7
2460131.666797,-14.4714,-27.2904,11.1564,7.8414,6.9748,8.2654,7
2460131.684127,-23.7615,-10.8154,11.1564,7.8414,6.9748,8.2654,7
2460131.701977,-14.0428,-12.6272,11.1564,7.8414,6.9748,8.2654,7
2460132.531367,-2.2082,-26.5184,11.1564,7.8414,6.9748,8.2654,7
2460132.699417,-3.7264,-26.8755,11.1564,7.8414,6.9748,8.2654,7
2460132.716497,-4.7480,-34.2979,11.1564,7.8414,6.9748,8.2654,7
2460132.733407,-8.1095,-11.8278,11.1564,7.8414,6.9748,8.2654,7
2460132.794057,-1.1024,-20.9505,11.1564,7.8414,6.9748,8.2654,7
2460132.810507,-14.2247,-17.7260,11.1564,7.8414,6.9748,8.2654,7
2460133.746957,-16.3272,-27.4913,11.1564,7.8414,6.9748,8.2654,7
2460133.813237,-9.6959,-20.5073,11.1564,7.8414,6.9748,8.2654,7
2460133.814607,-12.0590,-12.0890,11.1564,7.8414,6.9748,8.2654,7
2460133.815957,-18.1517,-14.0233,11.1564,7.8414,6.9748,8.2654,7
2460134.488637,-17.8083,-31.1902,11.1564,7.8414,6.9748,8.2654,7
2460134.565917,-1.3122,-8.2815,11.1564,7.8414,6.9748,8.2654,7
2460134.583427,0.2127,-19.1878,11.1564,7.8414,6.9748,8.2654,7
2460134.600437,-4.7590,-18.3321,11.1564,7.8414,6.9748,8.2654,7
2460134.619267,4.5711,-19.9023,11.1564,7.8414,6.9748,8.2654,7
2460134.636357,4.5022,-21.3178,11.1564,7.8414,6.9748,8.2654,7
2460134.664107,-5.1087,-21.0067,11.1564,7.8414,6.9748,8.2654,7
2460134.681307,0.8822,-17.3926,11.1564,7.8414,6.9748,8.2654,7
2460134.688337,2.4368,-31.1213,11.1564,7.8414,6.9748,8.2654,7
2460134.699857,1.0999,-18.5383,11.1564,7.8414,6.9748,8.2654,7
2460136.617217,-11.1258,-18.5754,11.1564,7.8414,6.9748,8.2654,7
2460136.620267,5.2053,-12.9399,11.1564,7.8414,6.9748,8.2654,7
2460136.648057,-9.2205,-14.6487,11.1564,7.8414,6.9748,8.2654,7
2460136.699557,-2.9071,-11.0223,11.1564,7.8414,6.9748,8.2654,7
2460138.590337,-2.6728,-26.8859,11.1564,7.8414,6.9748,8.2654,7
2460138.653507,7.0697,-13.5068,11.1564,7.8414,6.9748,8.2654,7
2460138.772227,-3.4921,-13.4331,11.1564,7.8414,6.9748,8.2654,7
2460139.497557,-16.2978,-19.7048,11.1564,7.8414,6.9748,8.2654,7
2460139.533017,-24.6583,-17.9836,11.1564,7.8414,6.9748,8.2654,7
2460139.549967,-14.9904,-20.5623,11.1564,7.8414,6.9748,8.2654,7
2460139.611197,-8.6542,-22.2125,11.1564,7.8414,6.9748,8.2654,7
2460139.630277,-20.3553,-26.2412,11.1564,7.8414,6.9748,8.2654,7
2460139.695237,-17.7189,-26.2117,11.1564,7.8414,6.9748,8.2654,7
2460139.770037,-15.2605,-24.0590,11.1564,7.8414,6.9748,8.2654,7
2460139.797747,-4.4480,-15.4942,11.1564,7.8414,6.9748,8.2654,7
2460140.485907,-4.1193,-31.9174,11.1564,7.8414,6.9748,8.2654,7
2460140.519807,-14.7765,-29.7608,11.1564,7.8414,6.9748,8.2654,7
2460140.596757,-14.5108,-32.1372,11.1564,7.8414,6.9748,8.2654,7
2460140.678847,-18.4169,-34.9463,11.1564,7.8414,6.9748,8.2654,7
2460140.699077,-17.3459,-32.5440,11.1564,7.8414,6.9748,8.2654,7
2460140.776247,-25.4184,-10.5660,11.1564,7.8414,6.9748,8.2654,7
2460141.492097,-13.0178,-28.2541,11.1564,7.8414,6.9748,8.2654,7
2460141.525567,-12.8707,-38.3626,11.1564,7.8414,6.9748,8.2654,7
2460141.603697,-18.5732,-34.7926,11.1564,7.8414,6.9748,8.2654,7
2460141.667887,-23.4507,-27.5067,11.1564,7.8414,6.9748,8.2654,7
2460141.684587,-17.2231,-21.1774,11.1564,7.8414,6.9748,8.2654,7
2460141.700967,-17.0008,-25.3014,11.1564,7.8414,6.9748,8.2654,7
2460141.745477,-22.7159,-12.2726,11.1564,7.8414,6.9748,8.2654,7
2460141.762847,-16.3975,-22.2914,11.1564,7.8414,6.9748,8.2654,7
2460141.779437,-26.0785,-24.2112,11.1564,7.8414,6.9748,8.2654,7
2460142.496477,-11.5542,-13.1388,11.1564,7.8414,6.9748,8.2654,7
2460142.529907,4.9299,-25.2591,11.1564,7.8414,6.9748,8.2654,7
2460142.537587,-11.8151,-21.6074,11.1564,7.8414,6.9748,8.2654,7
2460142.561377,-12.5245,-37.7441,11.1564,7.8414,6.9748,8.2654,7
2460142.595367,-15.7553,-30.2163,11.1564,7.8414,6.9748,8.2654,7
2460142.613447,-24.2784,-28.7094,11.1564,7.8414,6.9748,8.2654,7
2460142.661357,-14.9959,-11.7962,11.1564,7.8414,6.9748,8.2654,7
2460142.680057,-11.0735,-33.4942,11.1564,7.8414,6.9748,8.2654,7
2460142.696497,-22.2419,-15.7659,11.1564,7.8414,6.9748,8.2654,7
2460142.730777,-6.6656,-28.8524,11.1564,7.8414,6.9748,8.2654,7
2460142.782767,-2.2893,-3.6061,11.1564,7.8414,6.9748,8.2654,7
2460143.460047,8.5172,-19.3180,11.1564,7.8414,6.9748,8.2654,7
2460143.472627,-12.9601,-18.4261,11.1564,7.8414,6.9748,8.2654,7
2460143.489287,-22.0013,-9.3074,11.1564,7.8414,6.9748,8.2654,7
2460143.551967,8.7129,-14.3117,11.1564,7.8414,6.9748,8.2654,7
2460144.553547,-2.0229,-19.1633,11.1564,7.8414,6.9748,8.2654,7
2460144.570187,5.2923,-12.0752,11.1564,7.8414,6.9748,8.2654,7
2460144.743217,-0.7263,-21.3488,11.1564,7.8414,6.9748,8.2654,7
2460148.670297,-9.5092,-33.3521,11.1564,7.8414,6.9748,8.2654,7
2460148.731107,-20.6012,-9.2975,11.1564,7.8414,6.9748,8.2654,7
2460148.747967,-7.5453,-2.5514,11.1564,7.8414,6.9748,8.2654,7
2460148.764927,-7.5689,-26.3232,11.1564,7.8414,6.9748,8.2654,7
2460148.773707,-2.0394,-31.3079,11.1564,7.8414,6.9748,8.2654,7
2460149.498487,-11.7259,-20.9283,11.1564,7.8414,6.9748,8.2654,7
2460149.515547,-1.3378,-33.1529,11.1564,7.8414,6.9748,8.2654,7
2460149.544807,-6.8300,-20.4562,11.1564,7.8414,6.9748,8.2654,7
2460149.579647,-1.4994,-15.3565,11.1564,7.8414,6.9748,8.2654,7
2460149.597847,-5.8758,-13.6284,11.1564,7.8414,6.9748,8.2654,7
2460149.615137,-9.6751,-17.8642,11.1564,7.8414,6.9748,8.2654,7
2460149.642707,-5.2303,-26.5485,11.1564,7.8414,6.9748,8.2654,7
2460149.659267,-13.3165,-13.1840,11.1564,7.8414,6.9748,8.2654,7
2460149.709077,-7.6066,-21.8389,11.1564,7.8414,6.9748,8.2654,7
2460149.737617,-5.6573,-12.2666,11.1564,7.8414,6.9748,8.2654,7
2460150.471637,-11.7183,-28.0175,11.1564,7.8414,6.9748,8.2654,7
2460150.488327,-5.2975,-7.7301,11.1564,7.8414,6.9748,8.2654,7
2460150.505047,-14.7691,-23.1170,11.1564,7.8414,6.9748,8.2654,7
2460150.533937,-6.5977,-33.9894,11.1564,7.8414,6.9748,8.2654,7
2460150.542237,3.7394,-25.0356,11.1564,7.8414,6.9748,8.2654,7
2460150.577667,-11.5991,-35.0789,11.1564,7.8414,6.9748,8.2654,7
2460150.587467,0.8912,-25.2216,11.1564,7.8414,6.9748,8.2654,7
2460151.653157,-10.0169,-18.0161,11.1564,7.8414,6.9748,8.2654,7
2460151.669797,-6.7000,-12.8899,11.1564,7.8414,6.9748,8.2654,7
2460151.687727,-13.8568,-8.4575,11.1564,7.8414,6.9748,8.2654,7
2460151.704837,-8.2657,-22.4298,11.1564,7.8414,6.9748,8.2654,7
2460151.760247,-6.5658,-28.0721,11.1564,7.8414,6.9748,8.2654,7
2460153.462647,-13.1834,-4.6758,11.1564,7.8414,6.9748,8.2654,7
2460153.485487,-16.4264,-16.0655,11.1564,7.8414,6.9748,8.2654,7
2460153.502507,-0.7431,-9.8946,11.1564,7.8414,6.9748,8.2654,7
2460153.519387,-14.0445,-7.9427,11.1564,7.8414,6.9748,8.2654,7
2460153.568227,-11.6181,-2.6938,11.1564,7.8414,6.9748,8.2654,7
2460153.586407,-17.5813,-18.5753,11.1564,7.8414,6.9748,8.2654,7
2460153.603527,-18.6508,-9.9364,11.1564,7.8414,6.9748,8.2654,7
2460153.620327,-16.1213,-9.6354,11.1564,7.8414,6.9748,8.2654,7
2460153.637317,-11.0139,-6.2311,11.1564,7.8414,6.9748,8.2654,7
2460153.685237,-8.4754,-19.4886,11.1564,7.8414,6.9748,8.2654,7
2460153.702107,-15.7666,-11.9533,11.1564,7.8414,6.9748,8.2654,7
2460153.719057,-25.9269,-12.8887,11.1564,7.8414,6.9748,8.2654,7
2460154.567897,-17.5652,-22.1121,11.1564,7.8414,6.9748,8.2654,7
2460154.586537,-11.2594,-33.8064,11.1564,7.8414,6.9748,8.2654,7
2460157.596627,-20.5425,-13.2133,11.1564,7.8414,6.9748,8.2654,7
2460157.623697,-12.1479,-8.6901,11.1564,7.8414,6.9748,8.2654,7
2460158.606557,-2.3541,-20.9442,11.1564,7.8414,6.9748,8.2654,7
2460158.629007,-11.4161,-11.7328,11.1564,7.8414,6.9748,8.2654,7
2460158.672747,-5.9253,-34.6409,11.1564,7.8414,6.9748,8.2654,7
2460159.505057,-11.3516,-35.6579,11.1564,7.8414,6.9748,8.2654,7
2460159.522707,-10.1464,-12.7967,11.1564,7.8414,6.9748,8.2654,7
2460159.539617,-12.6480,-12.9872,11.1564,7.8414,6.9748,8.2654,7
2460159.556737,-11.5224,-6.6304,11.1564,7.8414,6.9748,8.2654,7
2460159.577397,-17.3983,-19.9245,11.1564,7.8414,6.9748,8.2654,7
2460159.606757,-22.7933,-24.5565,11.1564,7.8414,6.9748,8.2654,7
2460159.623337,-3.8462,-16.5701,11.1564,7.8414,6.9748,8.2654,7
2460159.641727,-8.9080,-15.4477,11.1564,7.8414,6.9748,8.2654,7
2460159.658537,-19.4228,-10.5989,11.1564,7.8414,6.9748,8.2654,7
2460159.675387,-25.0245,-6.4414,11.1564,7.8414,6.9748,8.2654,7
2460159.692057,-10.1630,-11.2136,11.1564,7.8414,6.9748,8.2654,7
2460159.719527,-4.8352,-11.7650,11.1564,7.8414,6.9748,8.2654,7
2460159.736437,-6.6512,-10.9376,11.1564,7.8414,6.9748,8.2654,7
2460160.476987,-13.1435,-17.6097,11.1564,7.8414,6.9748,8.2654,7
2460160.514217,-18.2248,-18.4955,11.1564,7.8414,6.9748,8.2654,7
2460160.587767,-15.3706,-29.0145,11.1564,7.8414,6.9748,8.2654,7
2460160.604617,-17.7207,-20.0325,11.1564,7.8414,6.9748,8.2654,7
2460160.644487,-12.7036,-28.2428,11.1564,7.8414,6.9748,8.2654,7
2460160.669847,-15.8803,-22.9140,11.1564,7.8414,6.9748,8.2654,7
2460160.700287,-26.9641,-19.9085,11.1564,7.8414,6.9748,8.2654,7
2460160.716627,-24.1452,-16.4378,11.1564,7.8414,6.9748,8.2654,7
2460160.720717,-22.0713,-17.4963,11.1564,7.8414,6.9748,8.2654,7
2460160.734807,-9.6648,-35.5465,11.1564,7.8414,6.9748,8.2654,7
2460161.499467,-11.3895,-21.0142,11.1564,7.8414,6.9748,8.2654,7
2460161.517297,-23.1254,-25.9878,11.1564,7.8414,6.9748,8.2654,7
2460161.565557,-8.2813,-25.1888,11.1564,7.8414,6.9748,8.2654,7
2460161.583987,-12.4289,-12.1080,11.1564,7.8414,6.9748,8.2654,7
2460161.600797,-20.5673,-25.9314,11.1564,7.8414,6.9748,8.2654,7
2460161.626227,-18.9444,-22.8227,11.1564,7.8414,6.9748,8.2654,7
2460161.671357,-16.9920,-16.5510,11.1564,7.8414,6.9748,8.2654,7
2460161.693817,-12.8249,-29.5558,11.1564,7.8414,6.9748,8.2654,7
2460161.710577,-5.2033,-26.7400,11.1564,7.8414,6.9748,8.2654,7
2460161.731717,-26.9947,-25.7577,11.1564,7.8414,6.9748,8.2654,7
2460162.476187,-24.4860,-23.2604,11.1564,7.8414,6.9748,8.2654,7
2460162.563467,-19.4195,-24.6306,11.1564,7.8414,6.9748,8.2654,7
2460162.598677,-23.9351,-17.2753,11.1564,7.8414,6.9748,8.2654,7
2460162.642997,-12.7879,-6.5740,11.1564,7.8414,6.9748,8.2654,7
2460162.667257,-12.1163,-34.0278,11.1564,7.8414,6.9748,8.2654,7
2460162.670197,-4.2524,-9.9483,11.1564,7.8414,6.9748,8.2654,7
2460162.690637,-11.6890,-15.4847,11.1564,7.8414,6.9748,8.2654,7
2460162.707537,-19.0608,-5.0091,11.1564,7.8414,6.9748,8.2654,7
2460163.613807,-2.6459,-9.7198,11.1564,7.8414,6.9748,8.2654,7
2460163.671407,-19.5038,-28.0880,11.1564,7.8414,6.9748,8.2654,7
2460167.569457,-8.7087,-2.0583,11.1564,7.8414,6.9748,8.2654,7
2460167.586607,-13.1619,-31.9920,11.1564,7.8414,6.9748,8.2654,7
2460167.603417,-8.4950,-4.4803,11.1564,7.8414,6.9748,8.2654,7
2460168.470347,-13.9177,-22.6681,11.1564,7.8414,6.9748,8.2654,7
2460168.514607,-18.9042,-35.0066,11.1564,7.8414,6.9748,8.2654,7
2460168.548687,-12.0840,-26.1846,11.1564,7.8414,6.9748,8.2654,7
2460168.567047,-16.6342,-10.5237,11.1564,7.8414,6.9748,8.2654,7
2460168.588247,-11.5867,-25.4790,11.1564,7.8414,6.9748,8.2654,7
2460168.615477,-20.9209,-10.9094,11.1564,7.8414,6.9748,8.2654,7
2460168.667027,-1.8380,-10.0145,11.1564,7.8414,6.9748,8.2654,7
2460168.704237,-2.2137,-9.2788,11.1564,7.8414,6.9748,8.2654,7
2460169.490777,-22.9875,-30.2199,11.1564,7.8414,6.9748,8.2654,7
2460169.508567,-10.7151,-30.5889,11.1564,7.8414,6.9748,8.2654,7
2460169.619377,-26.1190,-29.1804,11.1564,7.8414,6.9748,8.2654,7
2460169.635557,-5.1092,-18.0830,11.1564,7.8414,6.9748,8.2654,7
2460169.700037,-12.4233,-0.4211,11.1564,7.8414,6.9748,8.2654,7
2460170.478107,-5.2612,-24.0485,11.1564,7.8414,6.9748,8.2654,7
2460170.494497,-18.9410,-25.3089,11.1564,7.8414,6.9748,8.2654,7
2460170.511197,-22.5240,-15.6621,11.1564,7.8414,6.9748,8.2654,7
2460170.533277,-13.1338,-23.8001,11.1564,7.8414,6.9748,8.2654,7
2460170.585627,-7.2504,-14.0630,11.1564,7.8414,6.9748,8.2654,7
2460170.602647,-21.5439,-23.7926,11.1564,7.8414,6.9748,8.2654,7
2460170.619737,-21.5262,-14.5293,11.1564,7.8414,6.9748,8.2654,7
2460171.488197,-11.7079,-26.0484,11.1564,7.8414,6.9748,8.2654,7
2460171.586867,-20.0978,-25.1669,11.1564,7.8414,6.9748,8.2654,7
2460171.607487,-19.8452,-17.0741,11.1564,7.8414,6.9748,8.2654,7
2460171.624127,-18.7104,-27.9722,11.1564,7.8414,6.9748,8.2654,7
2460171.651247,-10.6066,-20.2016,11.1564,7.8414,6.9748,8.2654,7
2460171.668537,-14.3597,-31.5465,11.1564,7.8414,6.9748,8.2654,7
2460171.685407,-14.7097,-28.7548,11.1564,7.8414,6.9748,8.2654,7
2460173.487577,-11.0813,-24.9233,11.1564,7.8414,6.9748,8.2654,7
2460173.504357,-10.4046,-15.8324,11.1564,7.8414,6.9748,8.2654,7
2460173.521507,-11.5655,-30.3005,11.1564,7.8414,6.9748,8.2654,7
2460174.590187,-18.3272,-18.3519,11.1564,7.8414,6.9748,8.2654,7
2460174.623157,-15.4611,-29.4338,11.1564,7.8414,6.9748,8.2654,7
2460174.640807,2.1076,-32.5302,11.1564,7.8414,6.9748,8.2654,7
2460174.669097,-12.1599,0.6639,11.1564,7.8414,6.9748,8.2654,7
2460175.502877,-15.4275,-15.9130,11.1564,7.8414,6.9748,8.2654,7
2460175.548257,-15.6631,-20.0087,11.1564,7.8414,6.9748,8.2654,7
2460175.583267,-27.5593,-23.6098,11.1564,7.8414,6.9748,8.2654,7
2460175.601407,-13.5454,-28.0113,11.1564,7.8414,6.9748,8.2654,7
2460175.617757,-6.5549,-12.7203,11.1564,7.8414,6.9748,8.2654,7
2460177.695627,-22.6074,-14.2632,11.1564,7.8414,6.9748,8.2654,7
2460178.477787,-19.8856,-16.2984,11.1564,7.8414,6.9748,8.2654,7
2460178.494627,-11.1496,-20.4407,11.1564,7.8414,6.9748,8.2654,7
2460178.563687,-19.1233,-29.0568,11.1564,7.8414,6.9748,8.2654,7
2460178.580217,-22.9754,-30.1102,11.1564,7.8414,6.9748,8.2654,7
2460179.524187,-19.8992,-21.1250,11.1564,7.8414,6.9748,8.2654,7
2460179.557737,-21.2020,-2.7415,11.1564,7.8414,6.9748,8.2654,7
2460179.574547,-23.2061,-2.9852,11.1564,7.8414,6.9748,8.2654,7
2460179.619907,-15.1681,-20.8845,11.1564,7.8414,6.9748,8.2654,7
2460179.636267,-21.7410,-19.2387,11.1564,7.8414,6.9748,8.2654,7
2460179.652837,-8.3945,-22.3459,11.1564,7.8414,6.9748,8.2654,7
2460179.689347,2.6911,-32.1862,11.1564,7.8414,6.9748,8.2654,7
2460180.475307,-14.6363,-36.8496,11.1564,7.8414,6.9748,8.2654,7
2460180.502507,-14.1961,-42.7369,11.1564,7.8414,6.9748,8.2654,7
2460180.522077,-12.5197,-17.9564,11.1564,7.8414,6.9748,8.2654,7
2460180.538677,-24.1181,-18.8170,11.1564,7.8414,6.9748,8.2654,7
2460180.599937,-17.5597,-27.0405,11.1564,7.8414,6.9748,8.2654,7
2460180.651097,-16.0982,-15.9013,11.1564,7.8414,6.9748,8.2654,7
2460180.667647,3.9181,-7.5138,11.1564,7.8414,6.9748,8.2654,7
2460181.487937,-1.4247,-31.1335,11.1564,7.8414,6.9748,8.2654,7
2460181.504537,-3.0143,-16.6050,11.1564,7.8414,6.9748,8.2654,7
2460181.556827,-24.4714,-31.8661,11.1564,7.8414,6.9748,8.2654,7
2460181.580177,-11.5294,-2.7575,11.1564,7.8414,6.9748,8.2654,7
2460181.612567,-18.7365,-24.7455,11.1564,7.8414,6.9748,8.2654,7
2460181.616897,-11.6828,-16.8473,11.1564,7.8414,6.9748,8.2654,7
2460181.630777,-17.2085,-1.0323,11.1564,7.8414,6.9748,8.2654,7
2460181.647867,-13.1189,-16.6022,11.1564,7.8414,6.9748,8.2654,7
2460181.672457,-12.6711,-25.2207,11.1564,7.8414,6.9748,8.2654,7
2460181.684887,6.1967,-17.3851,11.1564,7.8414,6.9748,8.2654,7
2460184.516207,-13.8901,-18.8806,11.1564,7.8414,6.9748,8.2654,7
2460184.533047,-28.1053,-28.9398,11.1564,7.8414,6.9748,8.2654,7
2460185.499937,-6.5542,-38.8708,11.1564,7.8414,6.9748,8.2654,7
2460185.518477,-9.3583,-24.0545,11.1564,7.8414,6.9748,8.2654,7
2460185.537297,-8.5315,-19.9149,11.1564,7.8414,6.9748,8.2654,7
2460185.554927,-17.5611,-20.1388,11.1564,7.8414,6.9748,8.2654,7
2460185.571867,-19.6180,-15.2715,11.1564,7.8414,6.9748,8.2654,7
2460185.591097,-21.7656,-32.1063,11.1564,7.8414,6.9748,8.2654,7
2460186.523957,-10.6057,-12.4972,11.1564,7.8414,6.9748,8.2654,7
2460186.540747,-11.0841,-20.1588,11.1564,7.8414,6.9748,8.2654,7
2460186.578277,-8.6313,-12.1827,11.1564,7.8414,6.9748,8.2654,7
2460186.595027,-12.4868,-25.4652,11.1564,7.8414,6.9748,8.2654,7
2460187.531117,-17.9229,-18.4066,11.1564,7.8414,6.9748,8.2654,7
2460187.561527,-10.4292,-13.4225,11.1564,7.8414,6.9748,8.2654,7
2460187.594137,-16.1920,-13.6103,11.1564,7.8414,6.9748,8.2654,7
2460187.618317,-2.5168,-21.3556,11.1564,7.8414,6.9748,8.2654,7
2460187.638217,-8.2730,-12.9434,11.1564,7.8414,6.9748,8.2654,7
2460187.655127,-10.0367,-6.3367,11.1564,7.8414,6.9748,8.2654,7
2460188.493707,5.9931,-2.2872,11.1564,7.8414,6.9748,8.2654,7
2460188.649217,-15.1068,-14.8615,11.1564,7.8414,6.9748,8.2654,7
2460189.508167,-4.7736,-33.6577,11.1564,7.8414,6.9748,8.2654,7
2460191.576007,-15.0084,-13.5494,11.1564,7.8414,6.9748,8.2654,7
2460191.622407,-18.7508,5.9317,11.1564,7.8414,6.9748,8.2654,7
2460191.639307,-16.8883,-30.5128,11.1564,7.8414,6.9748,8.2654,7
2460191.648517,-10.3623,-12.4673,11.1564,7.8414,6.9748,8.2654,7
2460193.477317,-10.9223,-32.5118,11.1564,7.8414,6.9748,8.2654,7
2460193.496847,-2.7265,-14.2532,11.1564,7.8414,6.9748,8.2654,7
2460193.545917,-1.0057,-9.9180,11.1564,7.8414,6.9748,8.2654,7
2460193.566327,0.0617,-3.9562,11.1564,7.8414,6.9748,8.2654,7
2460194.529927,4.3335,-10.0310,11.1564,7.8414,6.9748,8.2654,7
2460196.476947,-6.5823,-16.3866,11.1564,7.8414,6.9748,8.2654,7
2460196.511217,-19.2497,-19.0410,11.1564,7.8414,6.9748,8.2654,7
2460196.528207,-15.7492,-32.4444,11.1564,7.8414,6.9748,8.2654,7
2460200.558887,5.8378,-13.0618,11.1564,7.8414,6.9748,8.2654,7
2460200.621027,-4.3926,-19.6444,11.1564,7.8414,6.9748,8.2654,7
2460201.481847,4.7289,-4.5826,11.1564,7.8414,6.9748,8.2654,7
2460201.499777,-10.6580,4.1653,11.1564,7.8414,6.9748,8.2654,7
2460201.534087,-23.0026,-27.8828,11.1564,7.8414,6.9748,8.2654,7
2460201.568447,-21.6128,-31.1042,11.1564,7.8414,6.9748,8.2654,7
2460201.585207,-16.1922,-14.8908,11.1564,7.8414,6.9748,8.2654,7
2460201.602267,-15.1002,-30.6946,11.1564,7.8414,6.9748,8.2654,7
2460202.504827,-9.7705,-8.5082,11.1564,7.8414,6.9748,8.2654,7
2460202.619797,-5.0448,-31.0177,11.1564,7.8414,6.9748,8.2654,7
2460203.493087,-8.6987,-29.6203,11.1564,7.8414,6.9748,8.2654,7
2460203.510297,-17.0447,-33.0308,11.1564,7.8414,6.9748,8.2654,7
2460203.555757,-6.9806,-13.0016,11.1564,7.8414,6.9748,8.2654,7
2460203.573727,-15.5892,-14.8777,11.1564,7.8414,6.9748,8.2654,7
2460203.591287,-20.5997,-17.4360,11.1564,7.8414,6.9748,8.2654,7
2460203.603237,-17.7188,-27.3510,11.1564,7.8414,6.9748,8.2654,7
2460203.617037,-16.6552,-36.3478,11.1564,7.8414,6.9748,8.2654,7
2460204.477697,-13.9957,-24.2224,11.1564,7.8414,6.9748,8.2654,7
2460204.496607,-5.6579,-28.4635,11.1564,7.8414,6.9748,8.2654,7
2460204.513667,-26.3826,-25.4849,11.1564,7.8414,6.9748,8.2654,7
2460204.545217,-15.3630,-30.0070,11.1564,7.8414,6.9748,8.2654,7
2460204.581147,-18.9332,-11.6856,11.1564,7.8414,6.9748,8.2654,7
2460204.596827,-10.4182,-0.8507,11.1564,7.8414,6.9748,8.2654,7
2460204.610677,-21.1552,-28.7462,11.1564,7.8414,6.9748,8.2654,7
2460205.546067,-3.5567,-1.4396,11.1564,7.8414,6.9748,8.2654,7
2460205.562327,-1.8119,-18.0372,11.1564,7.8414,6.9748,8.2654,7
2460206.502047,3.9590,-3.8493,11.1564,7.8414,6.9748,8.2654,7
2460206.520247,-10.4675,-18.3818,11.1564,7.8414,6.9748,8.2654,7
2460207.585607,-13.2980,-8.0021,11.1564,7.8414,6.9748,8.2654,7
2460207.591427,-2.7778,-22.1705,11.1564,7.8414,6.9748,8.2654,7
2460208.478877,-16.0172,-17.5384,11.1564,7.8414,6.9748,8.2654,7
2460208.506337,-14.4349,-18.7113,11.1564,7.8414,6.9748,8.2654,7
2460208.523237,-16.7023,-16.5724,11.1564,7.8414,6.9748,8.2654,7
2460208.552227,-23.1032,-12.1522,11.1564,7.8414,6.9748,8.2654,7
2460208.569597,-17.8608,-4.4314,11.1564,7.8414,6.9748,8.2654,7
2460208.589047,-12.6396,-19.4213,11.1564,7.8414,6.9748,8.2654,7
2460208.603137,-0.9645,-27.9703,11.1564,7.8414,6.9748,8.2654,7
2460209.521577,-12.0034,-14.5918,11.1564,7.8414,6.9748,8.2654,7
2460209.549107,-9.1616,-3.8639,11.1564,7.8414,6.9748,8.2654,7
2460209.565527,-1.8999,-23.3132,11.1564,7.8414,6.9748,8.2654,7
2460209.579627,-19.5992,-17.7003,11.1564,7.8414,6.9748,8.2654,7
2460209.593617,-19.1754,-21.4502,11.1564,7.8414,6.9748,8.2654,7
2460211.530807,-14.4783,-1.2937,11.1564,7.8414,6.9748,8.2654,7
2460211.548027,-11.6057,-13.6438,11.1564,7.8414,6.9748,8.2654,7
2460211.566457,-17.4254,-10.8664,11.1564,7.8414,6.9748,8.2654,7
2460211.583427,-6.6356,-14.2046,11.1564,7.8414,6.9748,8.2654,7
2460211.600187,-9.7089,-28.6520,11.1564,7.8414,6.9748,8.2654,7
2460212.483587,-1.9149,-10.2016,11.1564,7.8414,6.9748,8.2654,7
2460212.500367,-6.8518,-12.8592,11.1564,7.8414,6.9748,8.2654,7
2460212.518987,-9.5241,-6.4807,11.1564,7.8414,6.9748,8.2654,7
2460212.581797,-10.7964,-22.4656,11.1564,7.8414,6.9748,8.2654,7
2460212.595567,-24.1031,-7.6955,11.1564,7.8414,6.9748,8.2654,7
2460213.526997,-18.6065,-15.6036,11.1564,7.8414,6.9748,8.2654,7
2460214.486127,-15.1670,-20.2607,11.1564,7.8414,6.9748,8.2654,7
2460214.502767,-11.9672,-13.4792,11.1564,7.8414,6.9748,8.2654,7
2460214.530417,-17.5501,-10.0161,11.1564,7.8414,6.9748,8.2654,7
2460214.547427,-10.7541,-23.8923,11.1564,7.8414,6.9748,8.2654,7
2460214.569137,-18.5458,-17.0689,11.1564,7.8414,6.9748,8.2654,7
2460214.577547,-18.1870,-25.2732,11.1564,7.8414,6.9748,8.2654,7
2460214.591577,-0.1178,-20.0534,11.1564,7.8414,6.9748,8.2654,7
2460215.485267,-12.2648,-32.8147,11.1564,7.8414,6.9748,8.2654,7
2460215.524187,-9.4216,-22.2860,11.1564,7.8414,6.9748,8.2654,7
2460216.489607,-5.7993,-14.7106,11.1564,7.8414,6.9748,8.2654,7
2460216.506727,-16.5487,-17.5474,11.1564,7.8414,6.9748,8.2654,7
2460216.523317,-15.5609,-33.0271,11.1564,7.8414,6.9748,8.2654,7
2460216.568687,-5.1241,-5.1056,11.1564,7.8414,6.9748,8.2654,7
2460217.503877,-3.7408,-17.0187,11.1564,7.8414,6.9748,8.2654,7
2460217.522167,-13.8843,-26.1283,11.1564,7.8414,6.9748,8.2654,7
2460217.539127,-15.9926,-26.6575,11.1564,7.8414,6.9748,8.2654,7
2460217.555827,-17.9272,-7.9190,11.1564,7.8414,6.9748,8.2654,7
2460217.572427,-14.3992,-14.0631,11.1564,7.8414,6.9748,8.2654,7
2460218.488277,-7.9486,-23.3599,11.1564,7.8414,6.9748,8.2654,7
2460219.485217,-16.5965,-5.8575,11.1564,7.8414,6.9748,8.2654,7
2460219.520237,-16.5163,-22.8782,11.1564,7.8414,6.9748,8.2654,7
2460219.544857,-6.4456,-14.4216,11.1564,7.8414,6.9748,8.2654,7
2460219.562357,-15.9007,-8.8357,11.1564,7.8414,6.9748,8.2654,7
2460222.495977,-25.3668,-22.3102,11.1564,7.8414,6.9748,8.2654,7
2460222.530417,-11.9336,-21.3913,11.1564,7.8414,6.9748,8.2654,7
2460223.524347,-2.2593,-26.1162,11.1564,7.8414,6.9748,8.2654,7
2460223.541697,-14.1238,-23.1080,11.1564,7.8414,6.9748,8.2654,7
2460223.569207,-7.8359,-28.8029,11.1564,7.8414,6.9748,8.2654,7
2460226.501137,-19.1182,-19.2944,11.1564,7.8414,6.9748,8.2654,7
2460226.519587,-14.2866,-27.9949,11.1564,7.8414,6.9748,8.2654,7
2460226.561247,-19.0468,-14.5563,11.1564,7.8414,6.9748,8.2654,7
2460227.489547,-13.5788,-16.8511,11.1564,7.8414,6.9748,8.2654,7
2460227.517307,-21.1622,-24.6874,11.1564,7.8414,6.9748,8.2654,7
2460227.551187,-16.1041,-11.9625,11.1564,7.8414,6.9748,8.2654,7
2460228.500887,-10.8212,-2.3945,11.1564,7.8414,6.9748,8.2654,7
2460228.517717,-11.4837,-11.1743,11.1564,7.8414,6.9748,8.2654,7
2460228.545097,-11.3137,-26.0485,11.1564,7.8414,6.9748,8.2654,7
2460229.493307,-12.3313,-17.6172,11.1564,7.8414,6.9748,8.2654,7
2460229.509937,-20.6590,-20.5290,11.1564,7.8414,6.9748,8.2654,7
2460229.527747,-19.4881,-33.5466,11.1564,7.8414,6.9748,8.2654,7
2460229.544677,-12.2112,-10.8469,11.1564,7.8414,6.9748,8.2654,7
2460230.492347,-15.9068,-22.0404,11.1564,7.8414,6.9748,8.2654,7
2460230.513527,-15.4009,-18.3851,11.1564,7.8414,6.9748,8.2654,7
2460230.530537,-20.5756,-15.3049,11.1564,7.8414,6.9748,8.2654,7
2460231.501767,-10.4746,-9.8617,11.1564,7.8414,6.9748,8.2654,7
2460231.520127,-17.1417,-7.7387,11.1564,7.8414,6.9748,8.2654,7
2460232.496097,-12.0164,-18.2085,11.1564,7.8414,6.9748,8.2654,7
2460232.513837,-19.0698,-7.8292,11.1564,7.8414,6.9748,8.2654,7
2460232.544537,-8.7080,-28.6709,11.1564,7.8414,6.9748,8.2654,7
2460236.513457,-17.9838,-26.6011,11.1564,7.8414,6.9748,8.2654,7
2460236.527727,-26.3095,-16.2154,11.1564,7.8414,6.9748,8.2654,7
2460238.511877,-18.0858,-22.6071,11.1564,7.8414,6.9748,8.2654,7
2460361.856857,-8.0467,-19.9209,11.1564,7.8414,6.8726,7.4308,8
2460364.879327,-19.0155,-31.7556,11.1564,7.8414,6.8726,7.4308,8
2460365.851617,-12.9694,-30.2697,11.1564,7.8414,6.8726,7.4308,8
2460366.900067,-13.0059,-25.2540,11.1564,7.8414,6.8726,7.4308,8
2460368.855747,-26.5376,-27.8878,11.1564,7.8414,6.8726,7.4308,8
2460368.872477,-5.1061,-28.5373,11.1564,7.8414,6.8726,7.4308,8
2460369.861517,-10.7228,-16.1725,11.1564,7.8414,6.8726,7.4308,8
2460370.840697,-15.1365,-21.3804,11.1564,7.8414,6.8726,7.4308,8
2460370.892187,-12.8376,-18.6328,11.1564,7.8414,6.8726,7.4308,8
2460371.837037,-18.7880,-36.4568,11.1564,7.8414,6.8726,7.4308,8
2460371.853767,-12.3563,-23.0503,11.1564,7.8414,6.8726,7.4308,8
2460371.870357,-20.1820,-31.8753,11.1564,7.8414,6.8726,7.4308,8
2460371.887487,-6.2588,-27.4461,11.1564,7.8414,6.8726,7.4308,8
2460372.849937,-17.6889,-25.2125,11.1564,7.8414,6.8726,7.4308,8
2460372.866857,-13.1258,-19.1813,11.1564,7.8414,6.8726,7.4308,8
2460374.834857,-12.7343,-22.7790,11.1564,7.8414,6.8726,7.4308,8
2460374.854547,-17.7812,-32.2621,11.1564,7.8414,6.8726,7.4308,8
2460374.871187,-23.1558,-34.6311,11.1564,7.8414,6.8726,7.4308,8
2460374.888227,-19.4464,-20.2266,11.1564,7.8414,6.8726,7.4308,8
2460375.836837,-15.7910,-30.5592,11.1564,7.8414,6.8726,7.4308,8
2460375.853887,-16.5009,-31.6138,11.1564,7.8414,6.8726,7.4308,8
2460375.870847,-13.7032,-18.3330,11.1564,7.8414,6.8726,7.4308,8
2460375.887827,-6.9507,-28.0439,11.1564,7.8414,6.8726,7.4308,8
2460376.835677,-23.5135,-21.0632,11.1564,7.8414,6.8726,7.4308,8
2460376.852387,-20.6577,-27.7788,11.1564,7.8414,6.8726,7.4308,8
2460376.889697,-8.2916,-34.3352,11.1564,7.8414,6.8726,7.4308,8
2460376.892887,-21.1811,-36.7122,11.1564,7.8414,6.8726,7.4308,8
2460377.822757,-16.3535,-18.9660,11.1564,7.8414,6.8726,7.4308,8
2460377.839517,-18.2744,-25.0170,11.1564,7.8414,6.8726,7.4308,8
2460377.874177,-18.7113,-29.7488,11.1564,7.8414,6.8726,7.4308,8
2460377.890827,-15.6503,-31.2146,11.1564,7.8414,6.8726,7.4308,8
2460378.823267,-5.5925,-28.5313,11.1564,7.8414,6.8726,7.4308,8
2460378.842027,-18.1670,-26.1445,11.1564,7.8414,6.8726,7.4308,8
2460378.859147,-8.4219,-24.5647,11.1564,7.8414,6.8726,7.4308,8
2460378.875757,-6.1277,-14.3822,11.1564,7.8414,6.8726,7.4308,8
2460379.842997,-13.5954,-21.2685,11.1564,7.8414,6.8726,7.4308,8
2460379.859957,-10.5657,-36.7036,11.1564,7.8414,6.8726,7.4308,8
2460379.876717,-21.6175,-33.7373,11.1564,7.8414,6.8726,7.4308,8
2460380.831517,-20.1105,-27.0978,11.1564,7.8414,6.8726,7.4308,8
2460381.859937,-13.3678,-28.2180,11.1564,7.8414,6.8726,7.4308,8
2460382.824767,-20.0667,-28.4046,11.1564,7.8414,6.8726,7.4308,8
2460382.841917,-20.0480,-31.9057,11.1564,7.8414,6.8726,7.4308,8
2460382.891697,-13.0038,-29.5924,11.1564,7.8414,6.8726,7.4308,8
2460382.908237,-14.1993,-23.6293,11.1564,7.8414,6.8726,7.4308,8
2460383.832717,-19.4955,-26.9437,11.1564,7.8414,6.8726,7.4308,8
2460383.870117,-24.5212,-23.5949,11.1564,7.8414,6.8726,7.4308,8
2460384.821597,-17.9846,-26.5790,11.1564,7.8414,6.8726,7.4308,8
2460384.838467,-15.4077,-27.5318,11.1564,7.8414,6.8726,7.4308,8
2460384.855507,-18.2211,-33.4171,11.1564,7.8414,6.8726,7.4308,8
2460384.884877,-13.6522,-13.6999,11.1564,7.8414,6.8726,7.4308,8
2460384.902167,-24.5492,-30.1573,11.1564,7.8414,6.8726,7.4308,8
2460386.812827,-11.7099,-36.2194,11.1564,7.8414,6.8726,7.4308,8
2460386.829717,-21.4133,-21.7721,11.1564,7.8414,6.8726,7.4308,8
2460386.877727,-25.6624,-29.5404,11.1564,7.8414,6.8726,7.4308,8
2460386.897287,-7.8760,-28.3375,11.1564,7.8414,6.8726,7.4308,8
2460387.786527,-13.4434,-40.2098,11.1564,7.8414,6.8726,7.4308,8
2460387.804827,-15.5024,-39.1908,11.1564,7.8414,6.8726,7.4308,8
2460388.819687,-22.1212,-38.3919,11.1564,7.8414,6.8726,7.4308,8
2460388.836487,-19.8866,-32.0955,11.1564,7.8414,6.8726,7.4308,8
2460388.853617,-18.8016,-39.4675,11.1564,7.8414,6.8726,7.4308,8
2460388.914217,-11.5321,-28.0188,11.1564,7.8414,6.8726,7.4308,8
2460389.874817,-15.2179,-19.9599,11.1564,7.8414,6.8726,7.4308,8
2460389.891587,-14.2629,-24.8734,11.1564,7.8414,6.8726,7.4308,8
2460390.791457,-11.7125,-20.3727,11.1564,7.8414,6.8726,7.4308,8
2460390.808697,-17.7528,-27.9769,11.1564,7.8414,6.8726,7.4308,8
2460390.825607,-13.0033,-38.2254,11.1564,7.8414,6.8726,7.4308,8
2460390.888987,-15.4803,-13.4787,11.1564,7.8414,6.8726,7.4308,8
2460390.905837,-10.9359,-21.4655,11.1564,7.8414,6.8726,7.4308,8
2460391.788057,-12.3605,-18.6909,11.1564,7.8414,6.8726,7.4308,8
2460391.805067,-22.2479,-29.7825,11.1564,7.8414,6.8726,7.4308,8
2460391.851667,-17.2910,-37.0372,11.1564,7.8414,6.8726,7.4308,8
2460391.904437,-21.3812,-37.8484,11.1564,7.8414,6.8726,7.4308,8
2460392.773067,-12.5181,-28.8874,11.1564,7.8414,6.8726,7.4308,8
2460392.800097,-8.2699,-33.1689,11.1564,7.8414,6.8726,7.4308,8
2460392.816537,-11.7939,-23.6753,11.1564,7.8414,6.8726,7.4308,8
2460392.851977,-16.7870,-25.1661,11.1564,7.8414,6.8726,7.4308,8
2460392.872637,-25.4954,-38.2400,11.1564,7.8414,6.8726,7.4308,8
2460393.797137,-21.2810,-30.6364,11.1564,7.8414,6.8726,7.4308,8
2460393.878137,-8.5982,-25.9358,11.1564,7.8414,6.8726,7.4308,8
2460393.914037,-16.7983,-17.3458,11.1564,7.8414,6.8726,7.4308,8
2460394.768657,-23.6828,-24.4848,11.1564,7.8414,6.8726,7.4308,8
2460394.796067,-15.2865,-33.3740,11.1564,7.8414,6.8726,7.4308,8
2460394.870707,-12.8575,-19.9945,11.1564,7.8414,6.8726,7.4308,8
2460395.763607,-20.1757,-27.8216,11.1564,7.8414,6.8726,7.4308,8
2460395.780727,-13.8487,-30.6620,11.1564,7.8414,6.8726,7.4308,8
2460395.798697,-21.2607,-15.7281,11.1564,7.8414,6.8726,7.4308,8
2460395.815137,-20.8410,-23.2375,11.1564,7.8414,6.8726,7.4308,8
2460396.766497,-8.2932,-21.3716,11.1564,7.8414,6.8726,7.4308,8
2460396.793327,-15.9880,-23.9757,11.1564,7.8414,6.8726,7.4308,8
2460396.826547,-13.4151,-33.1742,11.1564,7.8414,6.8726,7.4308,8
2460396.844997,-15.6625,-41.7273,11.1564,7.8414,6.8726,7.4308,8
2460396.861527,-4.9039,-34.1625,11.1564,7.8414,6.8726,7.4308,8
2460396.905667,-17.0652,-21.6063,11.1564,7.8414,6.8726,7.4308,8
2460397.762637,-13.0955,-28.2811,11.1564,7.8414,6.8726,7.4308,8
2460397.779307,-23.1045,-30.2244,11.1564,7.8414,6.8726,7.4308,8
2460397.795797,-7.8996,-15.2938,11.1564,7.8414,6.8726,7.4308,8
2460397.823287,-6.2280,-16.9867,11.1564,7.8414,6.8726,7.4308,8
2460397.840307,-25.4034,-33.3360,11.1564,7.8414,6.8726,7.4308,8
2460397.873907,-21.0632,-35.3579,11.1564,7.8414,6.8726,7.4308,8
2460397.890747,-16.8259,-26.7568,11.1564,7.8414,6.8726,7.4308,8
2460397.920277,-25.2975,-17.4759,11.1564,7.8414,6.8726,7.4308,8
2460398.778307,-12.0353,-15.7395,11.1564,7.8414,6.8726,7.4308,8
2460398.795137,-9.6463,-20.3369,11.1564,7.8414,6.8726,7.4308,8
2460398.822997,-10.0539,-31.1541,11.1564,7.8414,6.8726,7.4308,8
2460398.859187,-21.0919,-23.8507,11.1564,7.8414,6.8726,7.4308,8
2460399.760847,-14.8676,-33.8918,11.1564,7.8414,6.8726,7.4308,8
2460399.779277,-22.3308,-31.6447,11.1564,7.8414,6.8726,7.4308,8
2460399.806817,-13.5971,-16.1929,11.1564,7.8414,6.8726,7.4308,8
2460399.823537,-11.6753,-21.9683,11.1564,7.8414,6.8726,7.4308,8
2460402.760357,-25.7468,-39.0376,11.1564,7.8414,6.8726,7.4308,8
2460402.787227,-14.5704,-29.3357,11.1564,7.8414,6.8726,7.4308,8
2460402.804537,-19.5601,-35.6320,11.1564,7.8414,6.8726,7.4308,8
2460402.821367,-12.8948,-30.1262,11.1564,7.8414,6.8726,7.4308,8
2460402.838257,-16.0673,-22.1212,11.1564,7.8414,6.8726,7.4308,8
2460402.855307,-7.3506,-15.6865,11.1564,7.8414,6.8726,7.4308,8
2460403.747967,-17.9094,-27.1466,11.1564,7.8414,6.8726,7.4308,8
2460403.791507,-17.0919,-31.4308,11.1564,7.8414,6.8726,7.4308,8
2460403.808087,-12.4565,-26.0525,11.1564,7.8414,6.8726,7.4308,8
2460403.825087,-10.2377,-35.9433,11.1564,7.8414,6.8726,7.4308,8
2460403.841837,-15.4889,-40.8742,11.1564,7.8414,6.8726,7.4308,8
2460404.772707,-24.8244,-29.8500,11.1564,7.8414,6.8726,7.4308,8
2460404.800657,-14.7169,-21.4525,11.1564,7.8414,6.8726,7.4308,8
2460404.835827,-10.0973,-26.2093,11.1564,7.8414,6.8726,7.4308,8
2460404.852797,-25.7670,-28.1687,11.1564,7.8414,6.8726,7.4308,8
2460404.913307,-14.4459,-27.2199,11.1564,7.8414,6.8726,7.4308,8
2460405.744077,-6.2702,-31.4514,11.1564,7.8414,6.8726,7.4308,8
2460405.760767,-19.3795,-32.6376,11.1564,7.8414,6.8726,7.4308,8
2460405.788247,-11.8707,-29.6622,11.1564,7.8414,6.8726,7.4308,8
2460405.822537,-24.1892,-31.3147,11.1564,7.8414,6.8726,7.4308,8
2460405.907857,-9.7954,-28.2507,11.1564,7.8414,6.8726,7.4308,8
2460406.767057,-11.6896,-25.3074,11.1564,7.8414,6.8726,7.4308,8
2460406.833927,-9.8151,-28.2909,11.1564,7.8414,6.8726,7.4308,8
2460406.851027,-19.1608,-31.6656,11.1564,7.8414,6.8726,7.4308,8
2460406.920267,-28.4333,-17.8770,11.1564,7.8414,6.8726,7.4308,8
2460407.795187,-25.4895,-32.0323,11.1564,7.8414,6.8726,7.4308,8
2460407.812277,-22.1743,-24.3203,11.1564,7.8414,6.8726,7.4308,8
2460407.832147,-14.2128,-26.9510,11.1564,7.8414,6.8726,7.4308,8
2460407.867647,-9.4485,-35.3380,11.1564,7.8414,6.8726,7.4308,8
2460407.894517,-13.9945,-22.8287,11.1564,7.8414,6.8726,7.4308,8
2460407.923067,-12.6671,-14.9852,11.1564,7.8414,6.8726,7.4308,8
2460408.749907,-15.6965,-24.1214,11.1564,7.8414,6.8726,7.4308,8
2460409.782387,-20.3788,-28.5246,11.1564,7.8414,6.8726,7.4308,8
2460409.806227,-12.8573,-24.5124,11.1564,7.8414,6.8726,7.4308,8
2460409.822887,-18.4200,-31.0648,11.1564,7.8414,6.8726,7.4308,8
2460409.839887,-21.8201,-27.6768,11.1564,7.8414,6.8726,7.4308,8
2460409.878787,-12.0886,-23.3568,11.1564,7.8414,6.8726,7.4308,8
2460410.726807,-24.3533,-36.6779,11.1564,7.8414,6.8726,7.4308,8
2460410.777237,-13.1271,-23.1791,11.1564,7.8414,6.8726,7.4308,8
2460410.823297,-5.4250,-27.2079,11.1564,7.8414,6.8726,7.4308,8
2460410.882837,-15.8582,-16.6297,11.1564,7.8414,6.8726,7.4308,8
2460410.910427,-16.8514,-27.0145,11.1564,7.8414,6.8726,7.4308,8
2460411.760167,-24.7616,-30.1277,11.1564,7.8414,6.8726,7.4308,8
2460411.779987,-23.2684,-30.0884,11.1564,7.8414,6.8726,7.4308,8
2460411.807017,-16.3559,-30.4959,11.1564,7.8414,6.8726,7.4308,8
2460411.824057,-3.0513,-23.8832,11.1564,7.8414,6.8726,7.4308,8
2460411.846737,-13.7976,-35.0818,11.1564,7.8414,6.8726,7.4308,8
2460411.863687,-24.0983,-34.8800,11.1564,7.8414,6.8726,7.4308,8
2460411.903337,-26.7615,-27.6805,11.1564,7.8414,6.8726,7.4308,8
2460416.746927,-22.9909,-31.3848,11.1564,7.8414,6.8726,7.4308,8
2460416.857937,-14.9738,-24.7577,11.1564,7.8414,6.8726,7.4308,8
2460416.876177,-20.9558,-33.8212,11.1564,7.8414,6.8726,7.4308,8
2460417.711047,-4.9593,-23.0034,11.1564,7.8414,6.8726,7.4308,8
2460417.731407,-18.5649,-19.0028,11.1564,7.8414,6.8726,7.4308,8
2460417.748027,-17.9394,-30.1494,11.1564,7.8414,6.8726,7.4308,8
2460417.765457,-11.6358,-28.4490,11.1564,7.8414,6.8726,7.4308,8
2460417.810027,-18.3055,-30.0255,11.1564,7.8414,6.8726,7.4308,8
2460417.827207,-7.4369,-26.6228,11.1564,7.8414,6.8726,7.4308,8
2460417.843597,-9.9923,-19.4259,11.1564,7.8414,6.8726,7.4308,8
2460417.860567,-12.4320,-17.7904,11.1564,7.8414,6.8726,7.4308,8
2460417.877237,-18.3376,-27.4772,11.1564,7.8414,6.8726,7.4308,8
2460417.894047,-19.3289,-21.7185,11.1564,7.8414,6.8726,7.4308,8
2460418.710617,-24.1502,-23.1940,11.1564,7.8414,6.8726,7.4308,8
2460418.746337,-16.3241,-28.8351,11.1564,7.8414,6.8726,7.4308,8
2460418.794707,-6.5889,-21.8026,11.1564,7.8414,6.8726,7.4308,8
2460418.815647,-9.2050,-19.1287,11.1564,7.8414,6.8726,7.4308,8
2460418.832637,-24.6393,-19.3475,11.1564,7.8414,6.8726,7.4308,8
2460418.920517,-17.4355,-17.9484,11.1564,7.8414,6.8726,7.4308,8
2460419.706107,-14.3385,-38.5198,11.1564,7.8414,6.8726,7.4308,8
2460419.724417,-14.3847,-27.5424,11.1564,7.8414,6.8726,7.4308,8
2460419.741117,-22.0286,-35.3448,11.1564,7.8414,6.8726,7.4308,8
2460419.791557,-16.3289,-24.0394,11.1564,7.8414,6.8726,7.4308,8
2460419.882277,-4.4781,-24.1783,11.1564,7.8414,6.8726,7.4308,8
2460419.916307,-22.0006,-21.5598,11.1564,7.8414,6.8726,7.4308,8
2460420.709187,-27.0104,-38.8282,11.1564,7.8414,6.8726,7.4308,8
2460420.728707,-17.9250,-30.3002,11.1564,7.8414,6.8726,7.4308,8
2460420.794427,-20.1736,-21.8170,11.1564,7.8414,6.8726,7.4308,8
2460420.810867,-4.6895,-36.6404,11.1564,7.8414,6.8726,7.4308,8
2460420.845527,-18.8984,-19.1833,11.1564,7.8414,6.8726,7.4308,8
2460420.873367,-22.7934,-32.7519,11.1564,7.8414,6.8726,7.4308,8
2460420.892667,-6.8253,-24.6457,11.1564,7.8414,6.8726,7.4308,8
2460420.895367,-24.0721,-32.4719,11.1564,7.8414,6.8726,7.4308,8
2460420.910727,-24.1124,-31.7941,11.1564,7.8414,6.8726,7.4308,8
2460423.717407,-16.0976,-15.1302,11.1564,7.8414,6.8726,7.4308,8
2460423.734227,-13.1518,-32.3366,11.1564,7.8414,6.8726,7.4308,8
2460423.761157,-13.9160,-26.9921,11.1564,7.8414,6.8726,7.4308,8
2460423.783697,-4.6712,-31.6709,11.1564,7.8414,6.8726,7.4308,8
2460423.803487,-16.8978,-18.5140,11.1564,7.8414,6.8726,7.4308,8
2460423.819917,-10.3844,-35.0440,11.1564,7.8414,6.8726,7.4308,8
2460423.837297,-19.6718,-33.0767,11.1564,7.8414,6.8726,7.4308,8
2460423.885127,-11.7413,-19.5329,11.1564,7.8414,6.8726,7.4308,8
2460423.919647,-11.8789,-22.6324,11.1564,7.8414,6.8726,7.4308,8
2460424.734867,-20.6812,-39.3880,11.1564,7.8414,6.8726,7.4308,8
2460424.768147,-5.0703,-20.3095,11.1564,7.8414,6.8726,7.4308,8
2460424.789397,-13.1295,-28.8011,11.1564,7.8414,6.8726,7.4308,8
2460424.811767,-8.8015,-29.2741,11.1564,7.8414,6.8726,7.4308,8
2460424.839807,-10.3573,-22.9315,11.1564,7.8414,6.8726,7.4308,8
2460424.856777,-17.2089,-11.9779,11.1564,7.8414,6.8726,7.4308,8
2460424.873857,-14.2386,-24.8451,11.1564,7.8414,6.8726,7.4308,8
2460425.699057,-23.3562,-43.1100,11.1564,7.8414,6.8726,7.4308,8
2460425.726747,-11.1542,-27.6464,11.1564,7.8414,6.8726,7.4308,8
2460425.743567,-7.4007,-13.5954,11.1564,7.8414,6.8726,7.4308,8
2460425.776907,-16.5158,-21.5025,11.1564,7.8414,6.8726,7.4308,8
2460425.793937,-13.2876,-20.0121,11.1564,7.8414,6.8726,7.4308,8
2460425.842587,-5.9245,-10.4549,11.1564,7.8414,6.8726,7.4308,8
2460425.877617,-19.6563,-23.8776,11.1564,7.8414,6.8726,7.4308,8
2460425.894157,-3.9978,-17.3556,11.1564,7.8414,6.8726,7.4308,8
2460425.915007,-23.6357,-31.6862,11.1564,7.8414,6.8726,7.4308,8
2460426.893747,-9.7668,-32.2184,11.1564,7.8414,6.8726,7.4308,8
2460426.910177,-14.3891,-38.4241,11.1564,7.8414,6.8726,7.4308,8
2460426.930277,-19.4161,-23.8080,11.1564,7.8414,6.8726,7.4308,8
2460427.844497,-16.4142,-21.2057,11.1564,7.8414,6.8726,7.4308,8
2460432.690057,-1.7545,-26.7518,11.1564,7.8414,6.8726,7.4308,8
2460432.726407,-3.0013,-19.5710,11.1564,7.8414,6.8726,7.4308,8
2460432.809367,-12.7173,-15.8253,11.1564,7.8414,6.8726,7.4308,8
2460432.843187,-25.2865,-35.0357,11.1564,7.8414,6.8726,7.4308,8
2460432.904767,-23.9907,-41.5687,11.1564,7.8414,6.8726,7.4308,8
2460432.929817,-18.3990,-29.2568,11.1564,7.8414,6.8726,7.4308,8
2460433.685047,2.6502,-31.4563,11.1564,7.8414,6.8726,7.4308,8
2460433.707177,-16.3182,-38.1469,11.1564,7.8414,6.8726,7.4308,8
2460433.769747,-15.4073,-39.9996,11.1564,7.8414,6.8726,7.4308,8
2460433.786387,-19.7229,-22.8237,11.1564,7.8414,6.8726,7.4308,8
2460433.813917,-28.1615,-36.4982,11.1564,7.8414,6.8726,7.4308,8
2460433.835317,-15.6745,-41.7944,11.1564,7.8414,6.8726,7.4308,8
2460433.851577,-11.1177,-30.7355,11.1564,7.8414,6.8726,7.4308,8
2460433.868537,-30.3866,-23.5615,11.1564,7.8414,6.8726,7.4308,8
2460433.914207,-27.3251,-22.8019,11.1564,7.8414,6.8726,7.4308,8
2460434.656897,-12.4217,-36.6983,11.1564,7.8414,6.8726,7.4308,8
2460434.692657,-14.4684,-17.0144,11.1564,7.8414,6.8726,7.4308,8
2460434.721227,-18.5189,-19.2176,11.1564,7.8414,6.8726,7.4308,8
2460434.740557,-16.1467,-28.7209,11.1564,7.8414,6.8726,7.4308,8
2460434.761387,1.0665,-27.4287,11.1564,7.8414,6.8726,7.4308,8
2460434.778317,-17.3604,-13.9734,11.1564,7.8414,6.8726,7.4308,8
2460434.795277,-19.3621,-30.1682,11.1564,7.8414,6.8726,7.4308,8
2460434.824377,-28.6570,-29.1115,11.1564,7.8414,6.8726,7.4308,8
2460434.867857,-25.2848,-26.2973,11.1564,7.8414,6.8726,7.4308,8
2460434.884627,-20.9342,-29.1482,11.1564,7.8414,6.8726,7.4308,8
2460434.901247,-14.8838,-12.1094,11.1564,7.8414,6.8726,7.4308,8
2460434.923597,-27.1536,-33.8167,11.1564,7.8414,6.8726,7.4308,8
2460435.760937,-0.9679,-32.2215,11.1564,7.8414,6.8726,7.4308,8
2460435.797977,-5.1137,-15.7205,11.1564,7.8414,6.8726,7.4308,8
2460435.816047,-2.0255,-26.2213,11.1564,7.8414,6.8726,7.4308,8
2460435.833047,-0.5701,-27.8961,11.1564,7.8414,6.8726,7.4308,8
2460435.860347,-4.6213,-24.7382,11.1564,7.8414,6.8726,7.4308,8
2460435.877147,-16.1796,-31.5527,11.1564,7.8414,6.8726,7.4308,8
2460435.900807,-14.0131,-18.4295,11.1564,7.8414,6.8726,7.4308,8
2460435.908237,-9.3617,-38.2282,11.1564,7.8414,6.8726,7.4308,8
2460436.685947,-18.5934,-44.8008,11.1564,7.8414,6.8726,7.4308,8
2460436.690437,-18.6164,-31.8664,11.1564,7.8414,6.8726,7.4308,8
2460436.725867,-28.3647,-37.1380,11.1564,7.8414,6.8726,7.4308,8
2460436.745247,-25.1289,-35.5965,11.1564,7.8414,6.8726,7.4308,8
2460436.807247,-26.3693,-41.1760,11.1564,7.8414,6.8726,7.4308,8
2460436.824037,-28.6020,-27.0696,11.1564,7.8414,6.8726,7.4308,8
2460436.844777,-25.9667,-32.6696,11.1564,7.8414,6.8726,7.4308,8
2460436.861587,-14.4565,-35.5272,11.1564,7.8414,6.8726,7.4308,8
2460436.865387,-16.2173,-39.0121,11.1564,7.8414,6.8726,7.4308,8
2460436.893817,-13.0092,-32.2610,11.1564,7.8414,6.8726,7.4308,8
2460436.910797,-19.7432,-30.2543,11.1564,7.8414,6.8726,7.4308,8
2460436.927347,-17.3903,-19.3777,11.1564,7.8414,6.8726,7.4308,8
2460438.874527,-11.9012,-41.0052,11.1564,7.8414,6.8726,7.4308,8
2460439.682107,-27.1083,-18.3841,11.1564,7.8414,6.8726,7.4308,8
2460439.726357,-17.5443,-37.7764,11.1564,7.8414,6.8726,7.4308,8
2460439.744637,-13.0747,-9.9162,11.1564,7.8414,6.8726,7.4308,8
2460439.761337,-14.4088,-29.1382,11.1564,7.8414,6.8726,7.4308,8
2460439.788107,-25.4932,-19.2777,11.1564,7.8414,6.8726,7.4308,8
2460439.815487,-9.3209,-36.0636,11.1564,7.8414,6.8726,7.4308,8
2460439.832327,-19.1629,-27.2602,11.1564,7.8414,6.8726,7.4308,8
2460439.852087,-11.5662,-27.8178,11.1564,7.8414,6.8726,7.4308,8
2460439.854907,-16.8194,-31.0426,11.1564,7.8414,6.8726,7.4308,8
2460439.873187,0.4437,-35.1745,11.1564,7.8414,6.8726,7.4308,8
2460439.890087,-12.4252,-42.8476,11.1564,7.8414,6.8726,7.4308,8
2460439.918687,-14.2749,-22.7372,11.1564,7.8414,6.8726,7.4308,8
2460440.686497,-8.3991,-29.0514,11.1564,7.8414,6.8726,7.4308,8
2460440.715047,-7.3381,-22.5901,11.1564,7.8414,6.8726,7.4308,8
2460440.805057,-30.6688,-35.7996,11.1564,7.8414,6.8726,7.4308,8
2460440.885877,-25.0845,-27.1368,11.1564,7.8414,6.8726,7.4308,8
2460440.903677,-19.0105,-31.4381,11.1564,7.8414,6.8726,7.4308,8
2460441.733077,-1.2613,-25.3305,11.1564,7.8414,6.8726,7.4308,8
2460442.676927,-14.2427,-13.6761,11.1564,7.8414,6.8726,7.4308,8
2460442.759817,-13.2336,-38.3018,11.1564,7.8414,6.8726,7.4308,8
2460442.776527,-15.8967,-35.5450,11.1564,7.8414,6.8726,7.4308,8
2460442.810397,-24.4192,-45.4034,11.1564,7.8414,6.8726,7.4308,8
2460442.838037,-21.8861,-32.8419,11.1564,7.8414,6.8726,7.4308,8
2460442.855167,-17.2323,-38.7650,11.1564,7.8414,6.8726,7.4308,8
2460442.872257,-23.2608,-25.8681,11.1564,7.8414,6.8726,7.4308,8
2460442.888897,-19.3788,-28.4692,11.1564,7.8414,6.8726,7.4308,8
2460442.907227,-12.1422,-28.6599,11.1564,7.8414,6.8726,7.4308,8
2460442.924007,-17.7031,-18.8763,11.1564,7.8414,6.8726,7.4308,8
2460443.853277,-6.8822,-46.6988,11.1564,7.8414,6.8726,7.4308,8
2460446.795537,-1.5939,-31.8547,11.1564,7.8414,6.8726,7.4308,8
2460448.782237,-22.8877,-29.8087,11.1564,7.8414,6.8726,7.4308,8
2460448.801227,2.7845,-28.5639,11.1564,7.8414,6.8726,7.4308,8
2460448.825737,-18.1082,-22.3336,11.1564,7.8414,6.8726,7.4308,8
2460448.876907,-25.3450,-44.0963,11.1564,7.8414,6.8726,7.4308,8
2460448.913767,-17.4698,-30.5888,11.1564,7.8414,6.8726,7.4308,8
2460449.690427,-14.0943,-29.9842,11.1564,7.8414,6.8726,7.4308,8
2460449.755607,-19.4887,-35.3310,11.1564,7.8414,6.8726,7.4308,8
2460449.772367,-15.9784,-38.2187,11.1564,7.8414,6.8726,7.4308,8
2460449.804407,-26.2319,-25.0308,11.1564,7.8414,6.8726,7.4308,8
2460449.873347,-15.1439,-40.9853,11.1564,7.8414,6.8726,7.4308,8
2460449.924457,-9.9409,-17.5707,11.1564,7.8414,6.8726,7.4308,8
2460450.623947,-2.1996,-32.2073,11.1564,7.8414,6.8726,7.4308,8
2460450.656317,-3.8575,-24.6787,11.1564,7.8414,6.8726,7.4308,8
2460457.776767,-12.4622,-16.6269,11.1564,7.8414,6.8726,7.4308,8
2460457.797437,-14.9168,-33.7536,11.1564,7.8414,6.8726,7.4308,8
2460458.669167,-21.1323,-31.3415,11.1564,7.8414,6.8726,7.4308,8
2460458.687897,-4.5129,-14.5672,11.1564,7.8414,6.8726,7.4308,8
2460458.707097,-24.4767,-12.7549,11.1564,7.8414,6.8726,7.4308,8
2460458.741697,-15.0538,-18.9075,11.1564,7.8414,6.8726,7.4308,8
2460458.758347,-7.4491,-13.5784,11.1564,7.8414,6.8726,7.4308,8
2460458.785687,-24.6081,-29.2851,11.1564,7.8414,6.8726,7.4308,8
2460458.836797,-9.7569,-19.5067,11.1564,7.8414,6.8726,7.4308,8
2460458.853887,-20.7902,-18.3332,11.1564,7.8414,6.8726,7.4308,8
2460458.898187,-28.3116,-24.1862,11.1564,7.8414,6.8726,7.4308,8
2460458.916587,-4.2436,-29.8678,11.1564,7.8414,6.8726,7.4308,8
2460459.592407,-26.6556,-28.4573,11.1564,7.8414,6.8726,7.4308,8
2460459.609017,-22.1455,-24.1394,11.1564,7.8414,6.8726,7.4308,8
2460459.637627,-8.7474,-33.2169,11.1564,7.8414,6.8726,7.4308,8
2460459.671497,-10.5254,-21.1205,11.1564,7.8414,6.8726,7.4308,8
2460459.688367,-5.1595,-22.3153,11.1564,7.8414,6.8726,7.4308,8
2460459.704987,-4.7862,-16.8955,11.1564,7.8414,6.8726,7.4308,8
2460459.732057,2.1362,-19.8948,11.1564,7.8414,6.8726,7.4308,8
2460459.769417,-1.4472,-17.2975,11.1564,7.8414,6.8726,7.4308,8
2460459.785977,-7.3213,-21.1824,11.1564,7.8414,6.8726,7.4308,8
2460459.836027,-11.4311,-15.8423,11.1564,7.8414,6.8726,7.4308,8
2460459.879877,0.6638,-8.9344,11.1564,7.8414,6.8726,7.4308,8
2460459.898187,-0.2165,-21.4625,11.1564,7.8414,6.8726,7.4308,8
2460459.915217,0.7608,-33.3580,11.1564,7.8414,6.8726,7.4308,8
2460459.918247,-14.0958,-18.4606,11.1564,7.8414,6.8726,7.4308,8
2460460.590647,-31.6196,-43.6221,11.1564,7.8414,6.8726,7.4308,8
2460460.620427,-11.3176,-39.1407,11.1564,7.8414,6.8726,7.4308,8
2460460.637077,-15.3153,-38.8227,11.1564,7.8414,6.8726,7.4308,8
2460460.654097,-27.3706,-35.5489,11.1564,7.8414,6.8726,7.4308,8
2460460.674707,-15.0761,-41.9578,11.1564,7.8414,6.8726,7.4308,8
2460460.718607,-21.0096,-39.2291,11.1564,7.8414,6.8726,7.4308,8
2460460.774207,-18.3010,-32.4496,11.1564,7.8414,6.8726,7.4308,8
2460460.794067,-7.3721,-27.7584,11.1564,7.8414,6.8726,7.4308,8
2460460.810397,-3.6483,-14.5923,11.1564,7.8414,6.8726,7.4308,8
2460460.838097,-23.0253,-29.4246,11.1564,7.8414,6.8726,7.4308,8
2460460.854957,-18.4760,-28.6800,11.1564,7.8414,6.8726,7.4308,8
2460460.871857,-12.4207,-23.4726,11.1564,7.8414,6.8726,7.4308,8
2460460.888397,-8.2154,-28.0600,11.1564,7.8414,6.8726,7.4308,8
2460460.904887,-17.4801,-19.5350,11.1564,7.8414,6.8726,7.4308,8
2460460.918897,-13.3956,-17.3802,11.1564,7.8414,6.8726,7.4308,8
2460461.606197,-7.1290,-13.1573,11.1564,7.8414,6.8726,7.4308,8
2460461.622967,-13.1644,-29.0651,11.1564,7.8414,6.8726,7.4308,8
2460461.644577,-14.6559,-37.6009,11.1564,7.8414,6.8726,7.4308,8
2460461.681317,-18.0967,-24.1520,11.1564,7.8414,6.8726,7.4308,8
2460461.707977,-9.9798,-34.2980,11.1564,7.8414,6.8726,7.4308,8
2460461.724967,-19.2921,-27.5152,11.1564,7.8414,6.8726,7.4308,8
2460461.807007,-23.9074,-34.2832,11.1564,7.8414,6.8726,7.4308,8
2460461.842817,-14.7625,-30.0286,11.1564,7.8414,6.8726,7.4308,8
2460461.862627,-26.4970,-14.3774,11.1564,7.8414,6.8726,7.4308,8
2460463.639247,-19.2177,-33.0900,11.1564,7.8414,6.8726,7.4308,8
2460463.684697,-15.7863,-20.2520,11.1564,7.8414,6.8726,7.4308,8
2460463.702837,-16.7133,-23.9688,11.1564,7.8414,6.8726,7.4308,8
2460463.742197,-7.0949,-14.7230,11.1564,7.8414,6.8726,7.4308,8
2460463.823477,-22.1341,-32.1100,11.1564,7.8414,6.8726,7.4308,8
2460463.857567,-21.1175,-24.0937,11.1564,7.8414,6.8726,7.4308,8
2460463.885347,-9.8179,-27.9966,11.1564,7.8414,6.8726,7.4308,8
2460463.901817,-9.1418,-38.1841,11.1564,7.8414,6.8726,7.4308,8
2460464.641277,-26.7974,-41.0181,11.1564,7.8414,6.8726,7.4308,8
2460464.755087,-25.4983,-39.4388,11.1564,7.8414,6.8726,7.4308,8
2460464.771967,-10.3440,-23.1538,11.1564,7.8414,6.8726,7.4308,8
2460464.808827,-24.1193,-26.0881,11.1564,7.8414,6.8726,7.4308,8
2460464.855067,0.4253,-23.8569,11.1564,7.8414,6.8726,7.4308,8
2460464.890047,-17.3036,-22.8820,11.1564,7.8414,6.8726,7.4308,8
2460464.906817,-17.1229,-31.9401,11.1564,7.8414,6.8726,7.4308,8
2460466.582167,-9.4393,-28.9291,11.1564,7.8414,6.8726,7.4308,8
2460467.868407,-16.6436,-28.5274,11.1564,7.8414,6.8726,7.4308,8
2460468.578897,-6.1448,-31.1494,11.1564,7.8414,6.8726,7.4308,8
2460468.599787,-14.2974,-32.8325,11.1564,7.8414,6.8726,7.4308,8
2460468.634317,-16.6781,-32.6833,11.1564,7.8414,6.8726,7.4308,8
2460468.679687,-20.9148,-31.2491,11.1564,7.8414,6.8726,7.4308,8
2460468.696517,-20.1724,-32.7137,11.1564,7.8414,6.8726,7.4308,8
2460468.733097,-28.6697,-41.9102,11.1564,7.8414,6.8726,7.4308,8
2460468.795337,-15.0142,-32.9217,11.1564,7.8414,6.8726,7.4308,8
2460468.812197,-22.6499,-25.4541,11.1564,7.8414,6.8726,7.4308,8
2460468.828687,-15.6333,-29.5978,11.1564,7.8414,6.8726,7.4308,8
2460468.857837,-20.5723,-24.1089,11.1564,7.8414,6.8726,7.4308,8
2460468.891477,-14.6592,-34.7299,11.1564,7.8414,6.8726,7.4308,8
2460469.664007,-10.2078,-24.2654,11.1564,7.8414,6.8726,7.4308,8
2460469.748447,-17.7821,-22.0258,11.1564,7.8414,6.8726,7.4308,8
2460473.874137,-9.3818,-17.3644,11.1564,7.8414,6.8726,7.4308,8
2460477.672647,-21.6176,-41.8456,11.1564,7.8414,6.8726,7.4308,8
2460477.700237,-21.1513,-30.0184,11.1564,7.8414,6.8726,7.4308,8
2460477.717897,-11.5842,-23.6493,11.1564,7.8414,6.8726,7.4308,8
2460477.734697,-23.6855,-34.8193,11.1564,7.8414,6.8726,7.4308,8
2460477.755307,-18.2829,-33.7573,11.1564,7.8414,6.8726,7.4308,8
2460477.773617,-18.4821,-35.2233,11.1564,7.8414,6.8726,7.4308,8
2460477.801117,-28.2850,-31.2011,11.1564,7.8414,6.8726,7.4308,8
2460477.818227,-20.9944,-38.6546,11.1564,7.8414,6.8726,7.4308,8
2460477.837107,-24.4110,-25.5239,11.1564,7.8414,6.8726,7.4308,8
2460477.858637,-24.5981,-35.0098,11.1564,7.8414,6.8726,7.4308,8
2460478.566187,-11.7997,-33.8105,11.1564,7.8414,6.8726,7.4308,8
2460478.583167,-3.8543,-24.9529,11.1564,7.8414,6.8726,7.4308,8
2460478.604817,-12.0826,-17.9823,11.1564,7.8414,6.8726,7.4308,8
2460478.641247,-18.1061,-27.2413,11.1564,7.8414,6.8726,7.4308,8
2460478.658577,-14.1376,-21.0299,11.1564,7.8414,6.8726,7.4308,8
2460478.686137,-15.3660,-24.7648,11.1564,7.8414,6.8726,7.4308,8
2460478.719897,-12.9545,-20.7235,11.1564,7.8414,6.8726,7.4308,8
2460478.784217,-16.3432,-24.1989,11.1564,7.8414,6.8726,7.4308,8
2460478.820157,-12.8540,-31.7060,11.1564,7.8414,6.8726,7.4308,8
2460479.609717,-15.4111,-38.9263,11.1564,7.8414,6.8726,7.4308,8
2460479.628087,-12.0966,-15.8605,11.1564,7.8414,6.8726,7.4308,8
2460479.655097,-11.5941,-33.1097,11.1564,7.8414,6.8726,7.4308,8
2460479.682177,-15.2279,-42.2329,11.1564,7.8414,6.8726,7.4308,8
2460479.699367,-14.6129,-30.9992,11.1564,7.8414,6.8726,7.4308,8
2460479.716297,-28.6850,-41.3644,11.1564,7.8414,6.8726,7.4308,8
2460479.734047,-18.0482,-30.2690,11.1564,7.8414,6.8726,7.4308,8
2460479.756377,-11.2959,-30.8199,11.1564,7.8414,6.8726,7.4308,8
2460479.792307,-7.9013,-30.9859,11.1564,7.8414,6.8726,7.4308,8
2460479.809247,-9.2104,-40.8177,11.1564,7.8414,6.8726,7.4308,8
2460479.828757,-13.8456,-33.0765,11.1564,7.8414,6.8726,7.4308,8
2460479.862237,-18.3532,-29.8471,11.1564,7.8414,6.8726,7.4308,8
2460480.610347,-20.4721,-37.5945,11.1564,7.8414,6.8726,7.4308,8
2460480.661107,-11.6764,-24.8103,11.1564,7.8414,6.8726,7.4308,8
2460480.677907,-15.5417,-18.0053,11.1564,7.8414,6.8726,7.4308,8
2460480.694737,-28.9359,-37.4980,11.1564,7.8414,6.8726,7.4308,8
2460480.744817,-5.8140,-25.3917,11.1564,7.8414,6.8726,7.4308,8
2460480.772077,-24.9487,-35.8426,11.1564,7.8414,6.8726,7.4308,8
2460480.807807,-5.7164,-25.3715,11.1564,7.8414,6.8726,7.4308,8
2460481.542367,-8.2370,-30.7755,11.1564,7.8414,6.8726,7.4308,8
2460481.569697,-12.4378,-23.0298,11.1564,7.8414,6.8726,7.4308,8
2460481.603027,-6.6258,-22.2588,11.1564,7.8414,6.8726,7.4308,8
2460481.620027,-19.0505,-32.9845,11.1564,7.8414,6.8726,7.4308,8
2460481.637267,-9.3130,-24.7705,11.1564,7.8414,6.8726,7.4308,8
2460481.665967,-16.3179,-35.3813,11.1564,7.8414,6.8726,7.4308,8
2460481.686477,-19.1365,-26.9710,11.1564,7.8414,6.8726,7.4308,8
2460481.703197,-21.5677,-19.6944,11.1564,7.8414,6.8726,7.4308,8
2460481.720027,-24.6273,-21.6498,11.1564,7.8414,6.8726,7.4308,8
2460481.736557,-29.1243,-33.3713,11.1564,7.8414,6.8726,7.4308,8
2460481.764047,-9.7260,-19.6492,11.1564,7.8414,6.8726,7.4308,8
2460481.781237,-16.6363,-26.9518,11.1564,7.8414,6.8726,7.4308,8
2460481.800397,-5.4383,-29.8536,11.1564,7.8414,6.8726,7.4308,8
2460481.817197,-11.9591,-24.1753,11.1564,7.8414,6.8726,7.4308,8
2460481.835557,-9.3760,-23.5844,11.1564,7.8414,6.8726,7.4308,8
2460481.855017,-23.4053,-15.8054,11.1564,7.8414,6.8726,7.4308,8
2460485.738677,-21.3761,-27.4302,11.1564,7.8414,6.8726,7.4308,8
2460485.773557,-18.5495,-19.1761,11.1564,7.8414,6.8726,7.4308,8
2460485.797587,-23.2956,-31.1945,11.1564,7.8414,6.8726,7.4308,8
2460485.814267,-16.7999,-27.8910,11.1564,7.8414,6.8726,7.4308,8
2460486.521147,-14.6435,-40.5935,11.1564,7.8414,6.8726,7.4308,8
2460486.538477,-7.5109,-25.5434,11.1564,7.8414,6.8726,7.4308,8
2460486.555497,-14.3920,-21.5277,11.1564,7.8414,6.8726,7.4308,8
2460486.600747,-23.9649,-44.6534,11.1564,7.8414,6.8726,7.4308,8
2460486.617947,-16.4504,-31.1622,11.1564,7.8414,6.8726,7.4308,8
2460486.655047,-14.4328,-28.7386,11.1564,7.8414,6.8726,7.4308,8
2460486.675887,-8.8855,-44.1896,11.1564,7.8414,6.8726,7.4308,8
2460486.703467,-20.8897,-21.0373,11.1564,7.8414,6.8726,7.4308,8
2460486.721447,-18.3090,-32.4793,11.1564,7.8414,6.8726,7.4308,8
2460486.739377,-19.6913,-29.3487,11.1564,7.8414,6.8726,7.4308,8
2460486.756177,-15.2661,-41.4415,11.1564,7.8414,6.8726,7.4308,8
2460486.773287,-23.6714,-37.6775,11.1564,7.8414,6.8726,7.4308,8
2460486.800647,-3.1811,-32.2778,11.1564,7.8414,6.8726,7.4308,8
2460487.831667,-4.6255,-14.2162,11.1564,7.8414,6.8726,7.4308,8
2460488.599497,-23.0608,-26.7943,11.1564,7.8414,6.8726,7.4308,8
2460488.615967,-17.6145,-22.6786,11.1564,7.8414,6.8726,7.4308,8
2460488.637067,-3.2682,-26.3875,11.1564,7.8414,6.8726,7.4308,8
2460488.689247,-11.1330,-26.5485,11.1564,7.8414,6.8726,7.4308,8
2460488.723557,-14.8201,-28.8714,11.1564,7.8414,6.8726,7.4308,8
2460488.743787,-14.1852,-26.8872,11.1564,7.8414,6.8726,7.4308,8
2460488.775377,-16.6053,-19.4488,11.1564,7.8414,6.8726,7.4308,8
2460490.530587,-12.2447,-27.2127,11.1564,7.8414,6.8726,7.4308,8
2460490.562157,-5.2415,-31.4736,11.1564,7.8414,6.8726,7.4308,8
2460490.601367,-18.2060,-22.3315,11.1564,7.8414,6.8726,7.4308,8
2460490.618067,-4.2348,-27.0896,11.1564,7.8414,6.8726,7.4308,8
2460490.634717,-12.8161,-26.4501,11.1564,7.8414,6.8726,7.4308,8
2460490.662037,-10.6046,-20.9524,11.1564,7.8414,6.8726,7.4308,8
2460490.679147,-10.2927,-24.3923,11.1564,7.8414,6.8726,7.4308,8
2460490.696327,-20.9462,-29.4239,11.1564,7.8414,6.8726,7.4308,8
2460490.712847,-26.7821,-27.0554,11.1564,7.8414,6.8726,7.4308,8
2460490.729557,-20.4240,-26.5752,11.1564,7.8414,6.8726,7.4308,8
2460490.759617,-10.9122,-30.6018,11.1564,7.8414,6.8726,7.4308,8
2460490.776557,-27.0253,-30.0158,11.1564,7.8414,6.8726,7.4308,8
2460490.798007,-19.9671,-32.4359,11.1564,7.8414,6.8726,7.4308,8
2460490.814747,-16.2139,-34.1587,11.1564,7.8414,6.8726,7.4308,8
2460490.832807,-23.2578,-29.8509,11.1564,7.8414,6.8726,7.4308,8
2460491.504697,-16.9014,-34.6790,11.1564,7.8414,6.8726,7.4308,8
2460491.531987,-16.4094,-31.8105,11.1564,7.8414,6.8726,7.4308,8
2460491.548887,-24.0209,-33.2712,11.1564,7.8414,6.8726,7.4308,8
2460491.566177,-4.7536,-23.9344,11.1564,7.8414,6.8726,7.4308,8
2460491.681537,-13.2932,-40.9009,11.1564,7.8414,6.8726,7.4308,8
2460491.698597,-24.2337,-30.1436,11.1564,7.8414,6.8726,7.4308,8
2460491.726937,-19.0619,-40.5632,11.1564,7.8414,6.8726,7.4308,8
2460491.760317,-18.4680,-33.4035,11.1564,7.8414,6.8726,7.4308,8
2460491.777097,-16.8150,-31.2816,11.1564,7.8414,6.8726,7.4308,8
2460491.793717,-23.1315,-42.1374,11.1564,7.8414,6.8726,7.4308,8
2460491.825267,-25.5895,-18.7784,11.1564,7.8414,6.8726,7.4308,8
2460492.523787,-23.6205,-34.6351,11.1564,7.8414,6.8726,7.4308,8
2460492.559437,-12.8472,-35.6761,11.1564,7.8414,6.8726,7.4308,8
2460492.586267,-17.1028,-32.3206,11.1564,7.8414,6.8726,7.4308,8
2460492.602747,-20.6068,-22.3029,11.1564,7.8414,6.8726,7.4308,8
2460492.655557,-15.8320,-32.7720,11.1564,7.8414,6.8726,7.4308,8
2460492.684187,-9.5064,-28.7582,11.1564,7.8414,6.8726,7.4308,8
2460492.718397,-14.3772,-39.7033,11.1564,7.8414,6.8726,7.4308,8
2460492.735707,-16.2306,-32.3955,11.1564,7.8414,6.8726,7.4308,8
2460492.752557,-21.4872,-28.2150,11.1564,7.8414,6.8726,7.4308,8
2460492.784697,-17.6427,-33.6752,11.1564,7.8414,6.8726,7.4308,8
2460492.801577,-24.4637,-31.7850,11.1564,7.8414,6.8726,7.4308,8
2460493.524787,-9.7711,-26.3210,11.1564,7.8414,6.8726,7.4308,8
2460493.658627,-17.8178,-40.7369,11.1564,7.8414,6.8726,7.4308,8
2460493.677527,-22.4322,-22.8952,11.1564,7.8414,6.8726,7.4308,8
2460493.711817,-25.3651,-39.6229,11.1564,7.8414,6.8726,7.4308,8
2460493.738957,-12.6183,-40.6556,11.1564,7.8414,6.8726,7.4308,8
2460493.755647,-12.0994,-36.8527,11.1564,7.8414,6.8726,7.4308,8
2460493.788487,-20.2974,-26.6928,11.1564,7.8414,6.8726,7.4308,8
2460493.805067,-11.3263,-20.8904,11.1564,7.8414,6.8726,7.4308,8
2460495.704167,-12.6961,-38.2574,11.1564,7.8414,6.8726,7.4308,8
2460495.722407,-19.4906,-28.0238,11.1564,7.8414,6.8726,7.4308,8
2460496.557207,-21.6428,-40.2047,11.1564,7.8414,6.8726,7.4308,8
2460496.573757,-11.8503,-40.9702,11.1564,7.8414,6.8726,7.4308,8
2460496.590537,-28.5700,-33.8081,11.1564,7.8414,6.8726,7.4308,8
2460496.608667,-22.4806,-33.5092,11.1564,7.8414,6.8726,7.4308,8
2460496.635707,-12.4327,-26.0267,11.1564,7.8414,6.8726,7.4308,8
2460496.670827,-22.1716,-35.0374,11.1564,7.8414,6.8726,7.4308,8
2460496.688387,-10.0921,-23.4482,11.1564,7.8414,6.8726,7.4308,8
2460496.705497,-15.8916,-25.1254,11.1564,7.8414,6.8726,7.4308,8
2460496.722007,-15.0691,-35.8730,11.1564,7.8414,6.8726,7.4308,8
2460496.749087,-12.3883,-20.6116,11.1564,7.8414,6.8726,7.4308,8
2460496.784137,-20.3480,-33.5848,11.1564,7.8414,6.8726,7.4308,8
2460496.800827,-24.8940,-35.0708,11.1564,7.8414,6.8726,7.4308,8
2460496.817587,-19.3953,-23.4135,11.1564,7.8414,6.8726,7.4308,8
2460497.497547,-11.4610,-24.9160,11.1564,7.8414,6.8726,7.4308,8
2460497.533447,-11.2237,-42.7195,11.1564,7.8414,6.8726,7.4308,8
2460497.550557,-14.1449,-26.3845,11.1564,7.8414,6.8726,7.4308,8
2460497.568497,-15.5305,-29.9661,11.1564,7.8414,6.8726,7.4308,8
2460497.595657,-21.6517,-41.5167,11.1564,7.8414,6.8726,7.4308,8
2460497.614127,-19.3593,-37.4843,11.1564,7.8414,6.8726,7.4308,8
2460497.630847,-16.4471,-31.6418,11.1564,7.8414,6.8726,7.4308,8
2460497.744077,-25.5672,-35.7581,11.1564,7.8414,6.8726,7.4308,8
2460497.761017,-23.7478,-31.1242,11.1564,7.8414,6.8726,7.4308,8
2460497.810087,-19.0145,-36.2420,11.1564,7.8414,6.8726,7.4308,8
2460499.489607,-7.6024,-32.3217,11.1564,7.8414,6.8726,7.4308,8
2460499.507367,-19.7486,-34.7726,11.1564,7.8414,6.8726,7.4308,8
2460499.632967,-19.7287,-23.3833,11.1564,7.8414,6.8726,7.4308,8
2460499.700147,-25.9884,-30.9174,11.1564,7.8414,6.8726,7.4308,8
2460499.744527,-23.6851,-37.2753,11.1564,7.8414,6.8726,7.4308,8
2460499.762737,-17.0318,-29.5292,11.1564,7.8414,6.8726,7.4308,8
2460499.801467,-19.6586,-23.4216,11.1564,7.8414,6.8726,7.4308,8
2460500.481257,-12.0693,-15.6777,11.1564,7.8414,6.8726,7.4308,8
2460500.511317,-16.7893,-36.4836,11.1564,7.8414,6.8726,7.4308,8
2460500.538117,-22.9319,-19.1928,11.1564,7.8414,6.8726,7.4308,8
2460500.554667,-16.4275,-39.9530,11.1564,7.8414,6.8726,7.4308,8
2460500.576817,-22.8086,-31.6446,11.1564,7.8414,6.8726,7.4308,8
2460500.593277,-24.6271,-36.1173,11.1564,7.8414,6.8726,7.4308,8
2460500.609917,-28.0071,-34.5165,11.1564,7.8414,6.8726,7.4308,8
2460500.655527,-14.1245,-42.7187,11.1564,7.8414,6.8726,7.4308,8
2460500.675177,-27.8944,-42.8809,11.1564,7.8414,6.8726,7.4308,8
2460500.693207,-23.8356,-31.5952,11.1564,7.8414,6.8726,7.4308,8
2460500.709947,-27.7723,-35.6893,11.1564,7.8414,6.8726,7.4308,8
2460500.744987,-22.9955,-26.9890,11.1564,7.8414,6.8726,7.4308,8
2460500.761807,-13.6718,-35.2634,11.1564,7.8414,6.8726,7.4308,8
2460500.780277,-21.1903,-44.7780,11.1564,7.8414,6.8726,7.4308,8
2460500.798257,-10.7291,-22.5871,11.1564,7.8414,6.8726,7.4308,8
2460501.566367,-20.3909,-12.9648,11.1564,7.8414,6.8726,7.4308,8
2460501.611847,-26.0734,-14.8875,11.1564,7.8414,6.8726,7.4308,8
2460501.628747,-18.0932,-37.7737,11.1564,7.8414,6.8726,7.4308,8
2460501.709577,-30.4383,-39.7257,11.1564,7.8414,6.8726,7.4308,8
2460501.729747,-6.7881,-16.4035,11.1564,7.8414,6.8726,7.4308,8
2460501.764707,-21.6458,-29.9689,11.1564,7.8414,6.8726,7.4308,8
2460501.783447,-22.2535,-19.0186,11.1564,7.8414,6.8726,7.4308,8
2460502.640807,-20.7021,-32.6947,11.1564,7.8414,6.8726,7.4308,8
2460502.685607,-27.5612,-31.4551,11.1564,7.8414,6.8726,7.4308,8
2460502.707357,-14.6026,-27.6919,11.1564,7.8414,6.8726,7.4308,8
2460502.784467,-7.2917,-27.7819,11.1564,7.8414,6.8726,7.4308,8
2460503.504177,-8.0734,-22.9441,11.1564,7.8414,6.8726,7.4308,8
2460503.548937,-16.3454,-32.1939,11.1564,7.8414,6.8726,7.4308,8
2460503.566027,-5.7181,-27.1913,11.1564,7.8414,6.8726,7.4308,8
2460503.631177,-12.7732,-24.8532,11.1564,7.8414,6.8726,7.4308,8
2460503.647727,-17.9706,-42.4737,11.1564,7.8414,6.8726,7.4308,8
2460503.665227,-13.8493,-29.9516,11.1564,7.8414,6.8726,7.4308,8
2460503.681877,-20.8242,-39.5413,11.1564,7.8414,6.8726,7.4308,8
2460503.716897,-18.6613,-37.4727,11.1564,7.8414,6.8726,7.4308,8
2460503.744797,-6.5305,-33.8000,11.1564,7.8414,6.8726,7.4308,8
2460503.761707,-7.3564,-32.7542,11.1564,7.8414,6.8726,7.4308,8
2460503.795547,-17.9509,-18.6756,11.1564,7.8414,6.8726,7.4308,8
2460504.559397,-15.7728,-39.0083,11.1564,7.8414,6.8726,7.4308,8
2460504.576357,-22.9895,-15.3742,11.1564,7.8414,6.8726,7.4308,8
2460504.604547,-12.1136,-35.4733,11.1564,7.8414,6.8726,7.4308,8
2460504.721957,-13.1107,-45.1849,11.1564,7.8414,6.8726,7.4308,8
2460504.738837,-17.4615,-35.1126,11.1564,7.8414,6.8726,7.4308,8
2460504.757177,-15.3731,-40.0212,11.1564,7.8414,6.8726,7.4308,8
2460504.792247,-10.7993,-26.6400,11.1564,7.8414,6.8726,7.4308,8
2460505.486547,-3.3272,-22.0300,11.1564,7.8414,6.8726,7.4308,8
2460505.502987,-8.8362,-33.3589,11.1564,7.8414,6.8726,7.4308,8
2460505.555907,-9.4697,-23.5872,11.1564,7.8414,6.8726,7.4308,8
2460505.584477,-24.4663,-25.6987,11.1564,7.8414,6.8726,7.4308,8
2460505.601757,-30.1487,-43.6210,11.1564,7.8414,6.8726,7.4308,8
2460505.724757,-27.1391,-34.6478,11.1564,7.8414,6.8726,7.4308,8
2460505.741957,-25.1515,-31.4559,11.1564,7.8414,6.8726,7.4308,8
2460505.759497,-22.0252,-31.7416,11.1564,7.8414,6.8726,7.4308,8
2460505.776517,-22.1669,-31.2587,11.1564,7.8414,6.8726,7.4308,8
2460506.476807,-21.3611,-34.9964,11.1564,7.8414,6.8726,7.4308,8
2460506.559877,-22.8348,-29.2388,11.1564,7.8414,6.8726,7.4308,8
2460506.576897,-10.0619,-17.8496,11.1564,7.8414,6.8726,7.4308,8
2460506.613587,-16.0261,-39.5854,11.1564,7.8414,6.8726,7.4308,8
2460506.631927,-16.8964,-27.1055,11.1564,7.8414,6.8726,7.4308,8
2460506.648757,-17.2816,-23.7216,11.1564,7.8414,6.8726,7.4308,8
2460506.665707,-19.6788,-36.9626,11.1564,7.8414,6.8726,7.4308,8
2460506.714987,-15.0469,-26.1457,11.1564,7.8414,6.8726,7.4308,8
2460506.731657,-22.9593,-22.9348,11.1564,7.8414,6.8726,7.4308,8
2460506.765517,-12.6659,-40.7355,11.1564,7.8414,6.8726,7.4308,8
2460507.477767,-26.0771,-37.8614,11.1564,7.8414,6.8726,7.4308,8
2460507.493067,-18.9195,-27.7945,11.1564,7.8414,6.8726,7.4308,8
2460507.510647,-18.7639,-35.7994,11.1564,7.8414,6.8726,7.4308,8
2460507.527427,-22.1985,-19.7184,11.1564,7.8414,6.8726,7.4308,8
2460507.548157,-29.0981,-35.9827,11.1564,7.8414,6.8726,7.4308,8
2460507.564907,-13.9474,-26.0571,11.1564,7.8414,6.8726,7.4308,8
2460507.593287,-12.7383,-26.3305,11.1564,7.8414,6.8726,7.4308,8
2460507.612817,-24.1452,-29.7405,11.1564,7.8414,6.8726,7.4308,8
2460507.647657,-18.4110,-24.9032,11.1564,7.8414,6.8726,7.4308,8
2460507.664097,-20.6310,-21.9516,11.1564,7.8414,6.8726,7.4308,8
2460507.694947,-9.0410,-21.1735,11.1564,7.8414,6.8726,7.4308,8
2460507.711977,-18.6326,-34.2575,11.1564,7.8414,6.8726,7.4308,8
2460507.728287,-16.4031,-29.9700,11.1564,7.8414,6.8726,7.4308,8
2460507.749227,-21.3751,-26.3370,11.1564,7.8414,6.8726,7.4308,8
2460507.765647,-8.1243,-25.2619,11.1564,7.8414,6.8726,7.4308,8
2460508.624147,-15.8174,-22.9238,11.1564,7.8414,6.8726,7.4308,8
2460508.642837,-28.5535,-21.6725,11.1564,7.8414,6.8726,7.4308,8
2460508.703997,-18.0859,-26.1813,11.1564,7.8414,6.8726,7.4308,8
2460508.724687,-28.8394,-19.8497,11.1564,7.8414,6.8726,7.4308,8
2460508.746917,-10.6730,-12.9665,11.1564,7.8414,6.8726,7.4308,8
2460508.780557,-4.1424,-25.9284,11.1564,7.8414,6.8726,7.4308,8
2460509.493997,-12.7667,-19.2600,11.1564,7.8414,6.8726,7.4308,8
2460509.514367,-20.6415,-24.6994,11.1564,7.8414,6.8726,7.4308,8
2460509.551027,-7.4282,-23.6567,11.1564,7.8414,6.8726,7.4308,8
2460509.568027,-11.5172,-21.5724,11.1564,7.8414,6.8726,7.4308,8
2460509.633517,-18.4302,-29.7558,11.1564,7.8414,6.8726,7.4308,8
2460509.650357,-21.8548,-17.4765,11.1564,7.8414,6.8726,7.4308,8
2460509.668617,-9.2787,-12.6976,11.1564,7.8414,6.8726,7.4308,8
2460509.695887,-8.6290,-19.0124,11.1564,7.8414,6.8726,7.4308,8
2460509.712407,-21.0709,-34.4647,11.1564,7.8414,6.8726,7.4308,8
2460509.729137,-24.1086,-25.3784,11.1564,7.8414,6.8726,7.4308,8
2460509.745477,-9.8695,-26.2188,11.1564,7.8414,6.8726,7.4308,8
2460509.762417,-15.9046,-24.5442,11.1564,7.8414,6.8726,7.4308,8
2460513.551477,-13.0301,-39.1562,11.1564,7.8414,6.8726,7.4308,8
2460513.593417,-2.6106,-17.7506,11.1564,7.8414,6.8726,7.4308,8
2460513.671777,-22.0185,-33.3111,11.1564,7.8414,6.8726,7.4308,8
2460513.695257,-13.8635,-14.8957,11.1564,7.8414,6.8726,7.4308,8
2460513.711947,-5.3142,-28.3308,11.1564,7.8414,6.8726,7.4308,8
2460513.740937,-6.2610,-13.9854,11.1564,7.8414,6.8726,7.4308,8
2460515.572687,-11.2185,-25.2167,11.1564,7.8414,6.8726,7.4308,8
2460515.726377,-12.0823,-32.1490,11.1564,7.8414,6.8726,7.4308,8
2460516.476917,-28.1953,-41.7505,11.1564,7.8414,6.8726,7.4308,8
2460516.493767,-11.3328,-15.3068,11.1564,7.8414,6.8726,7.4308,8
2460516.510937,-1.0663,-29.2358,11.1564,7.8414,6.8726,7.4308,8
2460516.592257,-14.2686,-26.8053,11.1564,7.8414,6.8726,7.4308,8
2460516.595867,-24.3529,-29.2667,11.1564,7.8414,6.8726,7.4308,8
2460516.614497,-14.4866,-35.1037,11.1564,7.8414,6.8726,7.4308,8
2460516.631477,-21.5928,-28.3538,11.1564,7.8414,6.8726,7.4308,8
2460516.658447,-20.3606,-22.1842,11.1564,7.8414,6.8726,7.4308,8
2460516.675047,-25.2584,-30.5893,11.1564,7.8414,6.8726,7.4308,8
2460516.699597,-22.5268,-36.8222,11.1564,7.8414,6.8726,7.4308,8
2460516.716727,-19.3845,-30.8574,11.1564,7.8414,6.8726,7.4308,8
2460516.740057,-26.5223,-37.1659,11.1564,7.8414,6.8726,7.4308,8
2460517.498727,-21.5286,-45.0806,11.1564,7.8414,6.8726,7.4308,8
2460517.515347,-17.2747,-39.5640,11.1564,7.8414,6.8726,7.4308,8
2460517.532107,-13.5584,-12.3710,11.1564,7.8414,6.8726,7.4308,8
2460517.595317,-9.0838,-25.0709,11.1564,7.8414,6.8726,7.4308,8
2460517.629327,-28.9750,-36.6683,11.1564,7.8414,6.8726,7.4308,8
2460517.673247,-20.6439,-37.0931,11.1564,7.8414,6.8726,7.4308,8
2460517.690327,-22.2956,-19.8888,11.1564,7.8414,6.8726,7.4308,8
2460517.708687,-18.5759,-31.1994,11.1564,7.8414,6.8726,7.4308,8
2460517.743017,-19.3534,-40.1828,11.1564,7.8414,6.8726,7.4308,8
2460518.490087,-19.2214,-31.4174,11.1564,7.8414,6.8726,7.4308,8
2460518.507027,-6.1040,-31.3204,11.1564,7.8414,6.8726,7.4308,8
2460518.523837,-21.3894,-28.5588,11.1564,7.8414,6.8726,7.4308,8
2460518.540817,-20.8433,-24.5446,11.1564,7.8414,6.8726,7.4308,8
2460518.568137,-12.0980,-32.1420,11.1564,7.8414,6.8726,7.4308,8
2460518.570847,-26.4477,-19.3411,11.1564,7.8414,6.8726,7.4308,8
2460518.587487,-13.2872,-33.0873,11.1564,7.8414,6.8726,7.4308,8
2460518.606227,-11.1266,-25.2834,11.1564,7.8414,6.8726,7.4308,8
2460518.623377,-17.2175,-27.4012,11.1564,7.8414,6.8726,7.4308,8
2460518.670717,-16.9889,-33.6246,11.1564,7.8414,6.8726,7.4308,8
2460518.704047,-19.6482,-33.6631,11.1564,7.8414,6.8726,7.4308,8
2460518.737327,-17.9431,-27.7293,11.1564,7.8414,6.8726,7.4308,8
2460519.476387,-16.8813,-33.6650,11.1564,7.8414,6.8726,7.4308,8
2460519.492957,-15.9988,-36.0370,11.1564,7.8414,6.8726,7.4308,8
2460519.512797,-31.0315,-39.3805,11.1564,7.8414,6.8726,7.4308,8
2460519.553177,-18.0734,-38.9354,11.1564,7.8414,6.8726,7.4308,8
2460519.598097,-18.7102,-39.5271,11.1564,7.8414,6.8726,7.4308,8
2460519.653397,-31.5249,-36.7121,11.1564,7.8414,6.8726,7.4308,8
2460519.702037,-27.0159,-19.6303,11.1564,7.8414,6.8726,7.4308,8
2460519.723227,-1.0095,-31.7867,11.1564,7.8414,6.8726,7.4308,8
2460519.739797,-5.9298,-28.8847,11.1564,7.8414,6.8726,7.4308,8
2460520.476867,-23.0653,-31.4476,11.1564,7.8414,6.8726,7.4308,8
2460520.493677,-14.2961,-29.9611,11.1564,7.8414,6.8726,7.4308,8
2460520.513907,-7.6561,-23.6283,11.1564,7.8414,6.8726,7.4308,8
2460520.530397,-9.2285,-22.0403,11.1564,7.8414,6.8726,7.4308,8
2460520.547227,-19.2491,-44.1330,11.1564,7.8414,6.8726,7.4308,8
2460520.574477,-23.2672,-23.4150,11.1564,7.8414,6.8726,7.4308,8
2460520.593507,-5.6834,-35.0079,11.1564,7.8414,6.8726,7.4308,8
2460520.610307,-16.6482,-24.6817,11.1564,7.8414,6.8726,7.4308,8
2460520.626847,-11.6202,-29.9186,11.1564,7.8414,6.8726,7.4308,8
2460520.644207,-10.4663,-33.8274,11.1564,7.8414,6.8726,7.4308,8
2460520.665027,-20.8489,-24.8423,11.1564,7.8414,6.8726,7.4308,8
2460520.695897,-8.6730,-32.1858,11.1564,7.8414,6.8726,7.4308,8
2460520.713267,-19.5250,-38.2615,11.1564,7.8414,6.8726,7.4308,8
2460520.730337,-20.2741,-30.6468,11.1564,7.8414,6.8726,7.4308,8
2460520.746757,-19.7415,-43.5750,11.1564,7.8414,6.8726,7.4308,8
2460521.467817,-13.6418,-37.1789,11.1564,7.8414,6.8726,7.4308,8
2460521.495257,-20.2911,-28.7706,11.1564,7.8414,6.8726,7.4308,8
2460521.548397,-6.5629,-32.3021,11.1564,7.8414,6.8726,7.4308,8
2460521.593547,-9.7192,-24.7352,11.1564,7.8414,6.8726,7.4308,8
2460521.610557,-28.9139,-20.6160,11.1564,7.8414,6.8726,7.4308,8
2460521.629917,-19.0503,-20.1809,11.1564,7.8414,6.8726,7.4308,8
2460521.663487,-13.2842,-28.8047,11.1564,7.8414,6.8726,7.4308,8
2460521.691037,-8.0291,-17.2091,11.1564,7.8414,6.8726,7.4308,8
2460521.718317,-13.8893,-25.6398,11.1564,7.8414,6.8726,7.4308,8
2460521.735887,-19.4647,-36.0755,11.1564,7.8414,6.8726,7.4308,8
2460528.570267,-7.0798,-10.9980,11.1564,7.8414,6.8726,7.4308,8
2460528.601917,-0.5296,-32.6045,11.1564,7.8414,6.8726,7.4308,8
2460528.637237,-11.4992,-27.1937,11.1564,7.8414,6.8726,7.4308,8
2460530.614907,-8.1280,-39.0463,11.1564,7.8414,6.8726,7.4308,8
2460531.540607,-18.3820,-30.7249,11.1564,7.8414,6.8726,7.4308,8
2460531.648737,-16.0894,-11.7272,11.1564,7.8414,6.8726,7.4308,8
2460531.684327,-26.5951,-10.7861,11.1564,7.8414,6.8726,7.4308,8
2460531.718357,-10.2162,-26.4855,11.1564,7.8414,6.8726,7.4308,8
2460532.476887,-25.0389,-37.4005,11.1564,7.8414,6.8726,7.4308,8
2460532.514807,-29.2803,-41.2096,11.1564,7.8414,6.8726,7.4308,8
2460532.531857,-24.4446,-26.4686,11.1564,7.8414,6.8726,7.4308,8
2460532.559127,-17.4915,-40.3584,11.1564,7.8414,6.8726,7.4308,8
2460532.576197,-18.7700,-40.6659,11.1564,7.8414,6.8726,7.4308,8
2460532.593957,-22.4674,-25.9192,11.1564,7.8414,6.8726,7.4308,8
2460532.612307,-15.7577,-23.1608,11.1564,7.8414,6.8726,7.4308,8
2460532.629207,-23.9503,-35.6028,11.1564,7.8414,6.8726,7.4308,8
2460532.673517,-26.2752,-20.4388,11.1564,7.8414,6.8726,7.4308,8
2460532.690687,-29.5561,-30.7990,11.1564,7.8414,6.8726,7.4308,8
2460532.707897,-17.3603,-25.4279,11.1564,7.8414,6.8726,7.4308,8
2460532.710737,-24.9134,-34.0455,11.1564,7.8414,6.8726,7.4308,8
2460533.467097,-24.0271,-24.6709,11.1564,7.8414,6.8726,7.4308,8
2460533.484227,-28.8098,-26.2812,11.1564,7.8414,6.8726,7.4308,8
2460533.512127,-9.1536,-37.6511,11.1564,7.8414,6.8726,7.4308,8
2460533.534567,-1.1507,-20.3093,11.1564,7.8414,6.8726,7.4308,8
2460533.575527,-12.5354,-26.4864,11.1564,7.8414,6.8726,7.4308,8
2460533.621647,-9.5101,-35.2115,11.1564,7.8414,6.8726,7.4308,8
2460533.638237,-17.6106,-31.0108,11.1564,7.8414,6.8726,7.4308,8
2460533.655097,-12.1370,-24.5291,11.1564,7.8414,6.8726,7.4308,8
2460533.692867,-25.0216,-34.6530,11.1564,7.8414,6.8726,7.4308,8
2460534.471857,-18.0140,-29.4901,11.1564,7.8414,6.8726,7.4308,8
2460534.488827,-18.9843,-25.1108,11.1564,7.8414,6.8726,7.4308,8
2460534.506667,-25.0431,-18.8291,11.1564,7.8414,6.8726,7.4308,8
2460534.523037,-9.0906,-31.8387,11.1564,7.8414,6.8726,7.4308,8
2460534.540187,-26.4362,-35.4098,11.1564,7.8414,6.8726,7.4308,8
2460534.568757,-21.6471,-40.5185,11.1564,7.8414,6.8726,7.4308,8
2460534.586287,-11.4806,-28.4106,11.1564,7.8414,6.8726,7.4308,8
2460534.603097,-10.3250,-30.8275,11.1564,7.8414,6.8726,7.4308,8
2460534.621727,-17.6008,-21.3984,11.1564,7.8414,6.8726,7.4308,8
2460534.638907,-9.6050,-29.8801,11.1564,7.8414,6.8726,7.4308,8
2460534.693137,-15.6133,-30.9241,11.1564,7.8414,6.8726,7.4308,8
2460534.711667,-5.1492,-38.9709,11.1564,7.8414,6.8726,7.4308,8
2460535.475607,-25.1354,-28.8671,11.1564,7.8414,6.8726,7.4308,8
2460535.495777,-14.6338,-27.9681,11.1564,7.8414,6.8726,7.4308,8
2460535.542197,-16.7391,-27.7471,11.1564,7.8414,6.8726,7.4308,8
2460535.559177,-16.8726,-41.6901,11.1564,7.8414,6.8726,7.4308,8
2460535.576427,-7.9897,-47.0911,11.1564,7.8414,6.8726,7.4308,8
2460535.595587,-9.6148,-34.1959,11.1564,7.8414,6.8726,7.4308,8
2460535.642917,-15.2028,-32.5991,11.1564,7.8414,6.8726,7.4308,8
2460535.664587,-24.2749,-40.0969,11.1564,7.8414,6.8726,7.4308,8
2460535.694087,-7.3588,-41.6976,11.1564,7.8414,6.8726,7.4308,8
2460535.711137,-24.0883,-21.5747,11.1564,7.8414,6.8726,7.4308,8
2460536.467047,-19.1574,-30.7388,11.1564,7.8414,6.8726,7.4308,8
2460536.485337,-17.3777,-20.9687,11.1564,7.8414,6.8726,7.4308,8
2460536.515507,-19.9256,-40.9613,11.1564,7.8414,6.8726,7.4308,8
2460536.545287,-16.7400,-31.3439,11.1564,7.8414,6.8726,7.4308,8
2460536.569467,-14.8837,-38.8168,11.1564,7.8414,6.8726,7.4308,8
2460536.587847,-23.3147,-25.1664,11.1564,7.8414,6.8726,7.4308,8
2460536.604707,-12.6318,-27.1516,11.1564,7.8414,6.8726,7.4308,8
2460536.622257,-21.8837,-23.9420,11.1564,7.8414,6.8726,7.4308,8
2460536.655227,-17.6757,-33.5838,11.1564,7.8414,6.8726,7.4308,8
2460536.671927,-9.7484,-38.2782,11.1564,7.8414,6.8726,7.4308,8
2460536.674617,-1.6248,-39.1143,11.1564,7.8414,6.8726,7.4308,8
2460536.689867,2.3434,-45.8316,11.1564,7.8414,6.8726,7.4308,8
2460542.595007,-6.3884,-29.6756,11.1564,7.8414,6.8726,7.4308,8
2460542.613777,-19.1941,-9.6494,11.1564,7.8414,6.8726,7.4308,8
2460542.648347,-5.8494,-31.6135,11.1564,7.8414,6.8726,7.4308,8
2460544.558117,-14.2151,-16.6921,11.1564,7.8414,6.8726,7.4308,8
2460544.574877,-17.6957,-14.3724,11.1564,7.8414,6.8726,7.4308,8
2460544.639237,-18.6177,-25.8386,11.1564,7.8414,6.8726,7.4308,8
2460544.642117,-0.8382,-36.0173,11.1564,7.8414,6.8726,7.4308,8
2460544.660677,-18.6305,-31.1656,11.1564,7.8414,6.8726,7.4308,8
2460545.575257,-8.4061,-15.7959,11.1564,7.8414,6.8726,7.4308,8
2460546.574367,-29.8434,-22.9052,11.1564,7.8414,6.8726,7.4308,8
2460547.471747,-7.5515,-25.2767,11.1564,7.8414,6.8726,7.4308,8
2460547.488667,-11.8351,-32.6100,11.1564,7.8414,6.8726,7.4308,8
2460547.533267,-23.3910,-40.1199,11.1564,7.8414,6.8726,7.4308,8
2460547.570267,-30.0240,-31.2706,11.1564,7.8414,6.8726,7.4308,8
2460547.587357,-10.8561,-26.7159,11.1564,7.8414,6.8726,7.4308,8
2460547.605587,-22.4506,-39.6033,11.1564,7.8414,6.8726,7.4308,8
2460548.471667,-5.7226,-19.3548,11.1564,7.8414,6.8726,7.4308,8
2460548.488767,2.2455,-19.9306,11.1564,7.8414,6.8726,7.4308,8
2460548.505467,-5.3890,-14.4300,11.1564,7.8414,6.8726,7.4308,8
2460548.533537,-8.4868,-22.8876,11.1564,7.8414,6.8726,7.4308,8
2460548.563807,0.8967,-34.7371,11.1564,7.8414,6.8726,7.4308,8
2460548.599067,-25.7653,-34.7919,11.1564,7.8414,6.8726,7.4308,8
2460548.615567,-25.6188,-35.1045,11.1564,7.8414,6.8726,7.4308,8
2460548.632887,-16.1814,-29.6298,11.1564,7.8414,6.8726,7.4308,8
2460548.662527,-14.4825,-43.3740,11.1564,7.8414,6.8726,7.4308,8
2460548.679267,-29.3366,-28.6106,11.1564,7.8414,6.8726,7.4308,8
2460549.489847,-28.3959,-37.2111,11.1564,7.8414,6.8726,7.4308,8
2460549.550887,-26.7176,-35.8682,11.1564,7.8414,6.8726,7.4308,8
2460549.567467,-17.3341,-35.1413,11.1564,7.8414,6.8726,7.4308,8
2460549.584077,-14.8186,-35.5318,11.1564,7.8414,6.8726,7.4308,8
2460549.602827,-30.3877,-36.1490,11.1564,7.8414,6.8726,7.4308,8
2460549.619617,-26.7126,-34.1548,11.1564,7.8414,6.8726,7.4308,8
2460549.647077,-20.3102,-31.8073,11.1564,7.8414,6.8726,7.4308,8
2460549.666687,-9.4207,-23.9138,11.1564,7.8414,6.8726,7.4308,8
2460550.543567,-20.7704,-25.9307,11.1564,7.8414,6.8726,7.4308,8
2460550.571327,-12.5358,-33.1218,11.1564,7.8414,6.8726,7.4308,8
2460550.588217,-4.0016,-19.4182,11.1564,7.8414,6.8726,7.4308,8
2460550.604927,-20.6631,-35.5830,11.1564,7.8414,6.8726,7.4308,8
2460550.637977,-22.2002,-26.3565,11.1564,7.8414,6.8726,7.4308,8
2460551.515787,-19.6862,-11.4440,11.1564,7.8414,6.8726,7.4308,8
2460553.512127,-18.5694,-17.5700,11.1564,7.8414,6.8726,7.4308,8
2460553.530437,-6.0386,-37.4359,11.1564,7.8414,6.8726,7.4308,8
2460553.551507,-7.1055,-18.6313,11.1564,7.8414,6.8726,7.4308,8
2460553.568417,-15.8957,-34.2503,11.1564,7.8414,6.8726,7.4308,8
2460554.481487,-14.6125,-28.5855,11.1564,7.8414,6.8726,7.4308,8
2460554.509207,-22.7883,-24.1229,11.1564,7.8414,6.8726,7.4308,8
2460554.529867,-18.6558,-31.1430,11.1564,7.8414,6.8726,7.4308,8
2460554.548747,-12.4128,-24.1083,11.1564,7.8414,6.8726,7.4308,8
2460554.567317,-20.1617,-19.9194,11.1564,7.8414,6.8726,7.4308,8
2460554.653647,-5.4706,-31.2222,11.1564,7.8414,6.8726,7.4308,8
2460555.484557,-11.2533,-23.3509,11.1564,7.8414,6.8726,7.4308,8
2460555.502227,-21.4979,-27.6903,11.1564,7.8414,6.8726,7.4308,8
2460555.518927,-18.8160,-21.6935,11.1564,7.8414,6.8726,7.4308,8
2460555.547337,-29.1225,-36.0038,11.1564,7.8414,6.8726,7.4308,8
2460555.581777,-11.0747,-33.3299,11.1564,7.8414,6.8726,7.4308,8
2460555.598547,-28.1567,-25.3161,11.1564,7.8414,6.8726,7.4308,8
2460555.660317,-22.1028,-36.7701,11.1564,7.8414,6.8726,7.4308,8
2460556.507827,-26.5388,-25.2470,11.1564,7.8414,6.8726,7.4308,8
2460556.524717,-16.4010,-26.4946,11.1564,7.8414,6.8726,7.4308,8
2460556.551657,-26.8291,-42.6200,11.1564,7.8414,6.8726,7.4308,8
2460556.569887,-9.6582,-29.6479,11.1564,7.8414,6.8726,7.4308,8
2460556.603037,-22.6536,-44.0169,11.1564,7.8414,6.8726,7.4308,8
2460556.620077,-19.3746,-39.6238,11.1564,7.8414,6.8726,7.4308,8
2460557.513667,-17.6766,-17.0524,11.1564,7.8414,6.8726,7.4308,8
2460557.547557,-14.8315,-46.6231,11.1564,7.8414,6.8726,7.4308,8
2460557.576567,-30.1710,-24.2456,11.1564,7.8414,6.8726,7.4308,8
2460557.592927,-24.8187,-23.6676,11.1564,7.8414,6.8726,7.4308,8
2460557.609407,-26.5431,-38.7162,11.1564,7.8414,6.8726,7.4308,8
2460558.498447,-18.5748,-45.7900,11.1564,7.8414,6.8726,7.4308,8
2460558.515997,-26.0325,-16.3209,11.1564,7.8414,6.8726,7.4308,8
2460558.544507,-6.0324,-30.6384,11.1564,7.8414,6.8726,7.4308,8
2460558.561517,-29.9848,-40.2447,11.1564,7.8414,6.8726,7.4308,8
2460558.578877,-12.7862,-36.2580,11.1564,7.8414,6.8726,7.4308,8
2460558.640067,-14.5208,-38.7534,11.1564,7.8414,6.8726,7.4308,8
2460559.491317,-9.6335,-30.5244,11.1564,7.8414,6.8726,7.4308,8
2460559.507987,-15.7518,-39.0963,11.1564,7.8414,6.8726,7.4308,8
2460559.524427,-16.0744,-36.6517,11.1564,7.8414,6.8726,7.4308,8
2460559.543047,-10.7456,-21.3237,11.1564,7.8414,6.8726,7.4308,8
2460559.570757,-11.8073,-29.8705,11.1564,7.8414,6.8726,7.4308,8
2460559.587237,-18.7829,-19.2044,11.1564,7.8414,6.8726,7.4308,8
2460559.604047,-20.3608,-26.5893,11.1564,7.8414,6.8726,7.4308,8
2460559.620537,-10.7312,-34.3754,11.1564,7.8414,6.8726,7.4308,8
2460560.476717,-16.7776,-22.8867,11.1564,7.8414,6.8726,7.4308,8
2460560.522167,-29.2141,-29.5948,11.1564,7.8414,6.8726,7.4308,8
2460560.538877,-15.7551,-27.6465,11.1564,7.8414,6.8726,7.4308,8
2460560.555397,-23.8338,-32.1192,11.1564,7.8414,6.8726,7.4308,8
2460560.572287,-11.3964,-23.9773,11.1564,7.8414,6.8726,7.4308,8
2460560.620547,-23.1889,-32.8028,11.1564,7.8414,6.8726,7.4308,8
2460560.637377,-2.0906,-31.7524,11.1564,7.8414,6.8726,7.4308,8
2460561.485937,-12.8356,-30.0597,11.1564,7.8414,6.8726,7.4308,8
2460561.522237,-19.7469,-33.1997,11.1564,7.8414,6.8726,7.4308,8
2460561.550457,-27.3399,-33.2541,11.1564,7.8414,6.8726,7.4308,8
2460561.567597,-13.0213,-40.1479,11.1564,7.8414,6.8726,7.4308,8
2460561.601727,-24.0429,-22.7622,11.1564,7.8414,6.8726,7.4308,8
2460561.622447,-16.3451,-32.7390,11.1564,7.8414,6.8726,7.4308,8
2460562.480907,-18.8143,-30.9987,11.1564,7.8414,6.8726,7.4308,8
2460562.500487,-4.7664,-29.4936,11.1564,7.8414,6.8726,7.4308,8
2460562.535887,-11.1364,-25.2365,11.1564,7.8414,6.8726,7.4308,8
2460562.552867,-19.8550,-19.5357,11.1564,7.8414,6.8726,7.4308,8
2460562.580197,-27.6740,-23.0240,11.1564,7.8414,6.8726,7.4308,8
2460563.490337,-14.9452,-35.6957,11.1564,7.8414,6.8726,7.4308,8
2460567.493197,-17.6523,-33.0524,11.1564,7.8414,6.8726,7.4308,8
2460567.526477,-14.7994,-31.0311,11.1564,7.8414,6.8726,7.4308,8
2460567.542747,-21.1697,-34.7267,11.1564,7.8414,6.8726,7.4308,8
2460567.568027,-17.6267,-41.1789,11.1564,7.8414,6.8726,7.4308,8
2460567.601407,-16.9249,-31.8164,11.1564,7.8414,6.8726,7.4308,8
2460568.491207,-17.3430,-38.6472,11.1564,7.8414,6.8726,7.4308,8
2460568.527057,-24.6336,-31.2588,11.1564,7.8414,6.8726,7.4308,8
2460568.544117,-12.8963,-35.1708,11.1564,7.8414,6.8726,7.4308,8
2460568.574467,-13.0859,-25.5800,11.1564,7.8414,6.8726,7.4308,8
2460568.596877,-17.9638,-36.4057,11.1564,7.8414,6.8726,7.4308,8
2460568.614047,-11.3543,-34.0049,11.1564,7.8414,6.8726,7.4308,8
2460569.521697,-15.9959,-20.0059,11.1564,7.8414,6.8726,7.4308,8
2460569.569617,-19.0135,-24.7596,11.1564,7.8414,6.8726,7.4308,8
2460569.592297,-16.8087,-22.8954,11.1564,7.8414,6.8726,7.4308,8
2460569.615427,-12.7023,-26.6937,11.1564,7.8414,6.8726,7.4308,8
2460570.488237,-21.3797,-34.9875,11.1564,7.8414,6.8726,7.4308,8
2460570.517927,-12.9760,-25.9192,11.1564,7.8414,6.8726,7.4308,8
2460570.534797,-28.5170,-31.6580,11.1564,7.8414,6.8726,7.4308,8
2460570.551427,-13.9622,-39.8482,11.1564,7.8414,6.8726,7.4308,8
2460570.568087,-13.0824,-31.8428,11.1564,7.8414,6.8726,7.4308,8
2460570.585927,-24.3586,-39.6576,11.1564,7.8414,6.8726,7.4308,8
2460570.617237,-22.6533,-33.1861,11.1564,7.8414,6.8726,7.4308,8
2460571.543107,-12.2733,-38.1749,11.1564,7.8414,6.8726,7.4308,8
2460571.560657,-15.3975,-38.4054,11.1564,7.8414,6.8726,7.4308,8
2460573.505487,-23.7123,-28.7064,11.1564,7.8414,6.8726,7.4308,8
2460573.522097,-17.8106,-33.4393,11.1564,7.8414,6.8726,7.4308,8
2460573.560177,-13.8526,-31.0513,11.1564,7.8414,6.8726,7.4308,8
2460573.581347,-18.9028,-36.7827,11.1564,7.8414,6.8726,7.4308,8
2460573.596727,-9.0381,-38.0746,11.1564,7.8414,6.8726,7.4308,8
2460574.522677,-24.8244,-32.9122,11.1564,7.8414,6.8726,7.4308,8
2460574.542697,-19.1753,-43.2576,11.1564,7.8414,6.8726,7.4308,8
2460574.561267,-21.1537,-26.8406,11.1564,7.8414,6.8726,7.4308,8
2460574.578257,-8.9735,-35.1624,11.1564,7.8414,6.8726,7.4308,8
2460574.608457,-8.2508,-36.9706,11.1564,7.8414,6.8726,7.4308,8
2460575.513887,-10.9707,-36.6779,11.1564,7.8414,6.8726,7.4308,8
2460575.530787,-17.2159,-40.2647,11.1564,7.8414,6.8726,7.4308,8
2460575.553417,-16.5858,-42.7354,11.1564,7.8414,6.8726,7.4308,8
2460575.580507,-23.4488,-40.4910,11.1564,7.8414,6.8726,7.4308,8
2460575.598077,-12.9864,-29.4975,11.1564,7.8414,6.8726,7.4308,8
2460575.600877,-26.8505,-24.1056,11.1564,7.8414,6.8726,7.4308,8
2460576.486947,-26.4836,-28.4820,11.1564,7.8414,6.8726,7.4308,8
2460576.507647,-24.7902,-33.3066,11.1564,7.8414,6.8726,7.4308,8
2460576.524317,-16.4492,-34.8973,11.1564,7.8414,6.8726,7.4308,8
2460577.570287,-21.2257,-36.3186,11.1564,7.8414,6.8726,7.4308,8
2460577.587217,-17.1653,-38.2989,11.1564,7.8414,6.8726,7.4308,8
2460578.509587,-23.9086,-25.3738,11.1564,7.8414,6.8726,7.4308,8
2460578.536877,-13.4941,-34.2878,11.1564,7.8414,6.8726,7.4308,8
2460578.573687,-28.4738,-39.0828,11.1564,7.8414,6.8726,7.4308,8
2460579.481877,-18.3019,-44.3563,11.1564,7.8414,6.8726,7.4308,8
2460579.529897,-21.6803,-41.7404,11.1564,7.8414,6.8726,7.4308,8
2460579.550827,-24.0933,-24.0214,11.1564,7.8414,6.8726,7.4308,8
2460580.496937,-18.3234,-41.9031,11.1564,7.8414,6.8726,7.4308,8
2460580.524097,-18.1620,-24.4871,11.1564,7.8414,6.8726,7.4308,8
2460580.542487,-14.3842,-33.5800,11.1564,7.8414,6.8726,7.4308,8
2460581.548447,-19.5699,-39.3832,11.1564,7.8414,6.8726,7.4308,8
2460581.565727,-28.7380,-30.0692,11.1564,7.8414,6.8726,7.4308,8
2460581.582527,-11.2232,-38.6581,11.1564,7.8414,6.8726,7.4308,8
2460582.482347,-21.5054,-28.3147,11.1564,7.8414,6.8726,7.4308,8
2460582.499257,-28.6206,-28.3601,11.1564,7.8414,6.8726,7.4308,8
2460582.561617,-23.2557,-37.3010,11.1564,7.8414,6.8726,7.4308,8
2460582.579657,-10.4618,-39.8582,11.1564,7.8414,6.8726,7.4308,8
2460583.485137,-19.4415,-33.6744,11.1564,7.8414,6.8726,7.4308,8
2460583.550917,-20.8116,-22.6247,11.1564,7.8414,6.8726,7.4308,8
2460585.489077,-22.5342,-34.4417,11.1564,7.8414,6.8726,7.4308,8
2460585.571007,-12.8355,-26.2718,11.1564,7.8414,6.8726,7.4308,8
2460586.504997,-16.5708,-41.4855,11.1564,7.8414,6.8726,7.4308,8
2460586.522097,-22.2955,-30.4238,11.1564,7.8414,6.8726,7.4308,8
2460586.541777,-21.2383,-33.3783,11.1564,7.8414,6.8726,7.4308,8
2460586.565697,-24.1420,-37.6699,11.1564,7.8414,6.8726,7.4308,8
2460587.514267,-21.2881,-31.6062,11.1564,7.8414,6.8726,7.4308,8
2460587.531917,-22.2390,-27.2574,11.1564,7.8414,6.8726,7.4308,8
2460587.549147,-18.4199,-34.6889,11.1564,7.8414,6.8726,7.4308,8
2460587.566357,-20.5732,-23.6004,11.1564,7.8414,6.8726,7.4308,8
2460594.553367,-23.9961,-43.5573,11.1564,7.8414,6.8726,7.4308,8
2460595.519127,-15.5868,-34.4812,11.1564,7.8414,6.8726,7.4308,8
2460598.522617,-17.3378,-27.2895,11.1564,7.8414,6.8726,7.4308,8
2460599.513007,-17.9750,-26.4072,11.1564,7.8414,6.8726,7.4308,8
2460600.511107,-22.7612,-37.1279,11.1564,7.8414,6.8726,7.4308,8
2460601.510797,-22.4844,-37.2074,11.1564,7.8414,6.8726,7.4308,8
2460601.528097,-20.7248,-39.6403,11.1564,7.8414,6.8726,7.4308,8
2460603.495347,-17.0720,-22.9497,11.1564,7.8414,6.8726,7.4308,8
2460603.526697,-3.3363,-23.0913,11.1564,7.8414,6.8726,7.4308,8
2460604.512557,-6.3919,-30.5851,11.1564,7.8414,6.8726,7.4308,8
2460726.863957,-16.2103,-34.8433,11.1564,7.8414,7.5318,7.6682,9
2460727.861297,-24.8823,-34.4942,11.1564,7.8414,7.5318,7.6682,9
2460727.878267,-26.7443,-31.2555,11.1564,7.8414,7.5318,7.6682,9
2460729.849347,-29.1361,-41.3898,11.1564,7.8414,7.5318,7.6682,9
2460729.862027,-23.7897,-27.6129,11.1564,7.8414,7.5318,7.6682,9
2460729.870527,-10.3830,-42.6561,11.1564,7.8414,7.5318,7.6682,9
2460730.850237,-32.5467,-28.8270,11.1564,7.8414,7.5318,7.6682,9
2460731.846897,-17.4920,-31.8923,11.1564,7.8414,7.5318,7.6682,9
2460731.881177,-22.5479,-51.8607,11.1564,7.8414,7.5318,7.6682,9
2460732.862997,-28.9391,-50.6230,11.1564,7.8414,7.5318,7.6682,9
2460732.896427,-14.9270,-47.9775,11.1564,7.8414,7.5318,7.6682,9
2460733.863497,-24.8165,-44.7664,11.1564,7.8414,7.5318,7.6682,9
2460733.883567,-26.4248,-36.2429,11.1564,7.8414,7.5318,7.6682,9
2460735.847287,-11.0182,-27.8634,11.1564,7.8414,7.5318,7.6682,9
2460735.863697,-21.8271,-44.5836,11.1564,7.8414,7.5318,7.6682,9
2460735.903997,-16.5616,-37.2856,11.1564,7.8414,7.5318,7.6682,9
2460737.845447,-9.5423,-31.0514,11.1564,7.8414,7.5318,7.6682,9
2460737.863877,-27.5061,-34.4713,11.1564,7.8414,7.5318,7.6682,9
2460737.882137,-28.2216,-40.8382,11.1564,7.8414,7.5318,7.6682,9
2460737.900417,-24.0945,-41.1373,11.1564,7.8414,7.5318,7.6682,9
2460738.834917,-26.8429,-30.3504,11.1564,7.8414,7.5318,7.6682,9
2460738.888097,-31.5766,-37.4605,11.1564,7.8414,7.5318,7.6682,9
2460738.907307,-13.3907,-39.6161,11.1564,7.8414,7.5318,7.6682,9
2460739.835827,-15.8434,-43.3613,11.1564,7.8414,7.5318,7.6682,9
2460739.884227,-13.7038,-29.6940,11.1564,7.8414,7.5318,7.6682,9
2460739.902167,-5.9118,-32.2499,11.1564,7.8414,7.5318,7.6682,9
2460740.825107,-10.3201,-39.7274,11.1564,7.8414,7.5318,7.6682,9
2460740.874227,-18.2354,-41.2027,11.1564,7.8414,7.5318,7.6682,9
2460740.891457,-16.8389,-35.1064,11.1564,7.8414,7.5318,7.6682,9
2460741.911497,-12.8819,-33.1190,11.1564,7.8414,7.5318,7.6682,9
2460742.837727,-17.1718,-40.6191,11.1564,7.8414,7.5318,7.6682,9
2460742.855297,-30.0772,-34.2431,11.1564,7.8414,7.5318,7.6682,9
2460742.872517,-16.1232,-42.5605,11.1564,7.8414,7.5318,7.6682,9
2460742.889657,-31.5260,-47.5768,11.1564,7.8414,7.5318,7.6682,9
2460742.906707,-25.8398,-40.8789,11.1564,7.8414,7.5318,7.6682,9
2460744.864237,-18.0880,-51.1039,11.1564,7.8414,7.5318,7.6682,9
2460745.818937,-29.8090,-37.7067,11.1564,7.8414,7.5318,7.6682,9
2460745.853037,-17.4331,-37.9308,11.1564,7.8414,7.5318,7.6682,9
2460745.870047,-14.1009,-37.4219,11.1564,7.8414,7.5318,7.6682,9
2460746.824347,-21.2724,-40.7546,11.1564,7.8414,7.5318,7.6682,9
2460746.885087,-12.8905,-27.7366,11.1564,7.8414,7.5318,7.6682,9
2460746.905187,-20.1131,-31.3988,11.1564,7.8414,7.5318,7.6682,9
2460746.907877,-9.5457,-44.1673,11.1564,7.8414,7.5318,7.6682,9
2460747.803417,-21.1236,-37.4957,11.1564,7.8414,7.5318,7.6682,9
2460747.838347,-27.9594,-40.1717,11.1564,7.8414,7.5318,7.6682,9
2460747.855057,-16.3132,-27.3728,11.1564,7.8414,7.5318,7.6682,9
2460747.909547,-11.4279,-39.1747,11.1564,7.8414,7.5318,7.6682,9
2460748.832107,-29.9903,-37.3731,11.1564,7.8414,7.5318,7.6682,9
2460748.848897,-12.9412,-39.9944,11.1564,7.8414,7.5318,7.6682,9
2460749.849897,-11.3075,-42.7519,11.1564,7.8414,7.5318,7.6682,9
2460749.868767,-13.9887,-39.3412,11.1564,7.8414,7.5318,7.6682,9
2460749.900417,-20.7714,-32.0320,11.1564,7.8414,7.5318,7.6682,9
2460750.807747,-23.4920,-45.7284,11.1564,7.8414,7.5318,7.6682,9
2460750.824257,-25.5000,-36.8907,11.1564,7.8414,7.5318,7.6682,9
2460750.868727,-18.4943,-46.0059,11.1564,7.8414,7.5318,7.6682,9
2460750.885567,-26.9293,-47.5330,11.1564,7.8414,7.5318,7.6682,9
2460750.902297,-27.6508,-38.6404,11.1564,7.8414,7.5318,7.6682,9
2460751.816007,-23.9701,-37.2075,11.1564,7.8414,7.5318,7.6682,9
2460751.881667,-12.1957,-48.9299,11.1564,7.8414,7.5318,7.6682,9
2460751.885437,-14.9278,-38.3137,11.1564,7.8414,7.5318,7.6682,9
2460751.902257,-8.8606,-42.0609,11.1564,7.8414,7.5318,7.6682,9
2460752.810347,-8.5683,-37.7370,11.1564,7.8414,7.5318,7.6682,9
2460752.844127,-23.8820,-35.1739,11.1564,7.8414,7.5318,7.6682,9
2460752.862307,-11.6992,-30.7937,11.1564,7.8414,7.5318,7.6682,9
2460752.878947,-12.3956,-41.5301,11.1564,7.8414,7.5318,7.6682,9
2460752.910997,-7.8820,-27.5678,11.1564,7.8414,7.5318,7.6682,9
2460753.790987,-21.1791,-39.7055,11.1564,7.8414,7.5318,7.6682,9
2460753.808137,-7.9624,-33.2566,11.1564,7.8414,7.5318,7.6682,9
2460753.861437,-16.7450,-26.7830,11.1564,7.8414,7.5318,7.6682,9
2460753.879867,-14.0379,-27.1471,11.1564,7.8414,7.5318,7.6682,9
2460754.796057,-13.9777,-39.8688,11.1564,7.8414,7.5318,7.6682,9
2460754.826667,-21.9810,-32.9695,11.1564,7.8414,7.5318,7.6682,9
2460754.845487,-15.5912,-45.6953,11.1564,7.8414,7.5318,7.6682,9
2460754.862677,-19.3695,-41.7293,11.1564,7.8414,7.5318,7.6682,9
2460754.879637,-16.5522,-47.5203,11.1564,7.8414,7.5318,7.6682,9
2460754.897007,-29.8272,-50.0933,11.1564,7.8414,7.5318,7.6682,9
2460755.792097,-6.6477,-28.7186,11.1564,7.8414,7.5318,7.6682,9
2460757.778777,-25.0196,-35.4642,11.1564,7.8414,7.5318,7.6682,9
2460757.795507,-27.5315,-30.9410,11.1564,7.8414,7.5318,7.6682,9
2460757.812157,-25.3639,-39.2933,11.1564,7.8414,7.5318,7.6682,9
2460757.841237,-24.1964,-38.2797,11.1564,7.8414,7.5318,7.6682,9
2460757.858287,-21.1161,-39.2868,11.1564,7.8414,7.5318,7.6682,9
2460757.874987,-23.1923,-33.4724,11.1564,7.8414,7.5318,7.6682,9
2460757.891667,-17.9011,-32.4278,11.1564,7.8414,7.5318,7.6682,9
2460758.774667,-23.8549,-35.0043,11.1564,7.8414,7.5318,7.6682,9
2460758.801847,-11.0148,-48.7441,11.1564,7.8414,7.5318,7.6682,9
2460758.819427,-24.4144,-34.2551,11.1564,7.8414,7.5318,7.6682,9
2460758.855027,-25.1426,-50.3001,11.1564,7.8414,7.5318,7.6682,9
2460758.878727,-26.1821,-50.2684,11.1564,7.8414,7.5318,7.6682,9
2460758.905537,-18.2379,-30.7701,11.1564,7.8414,7.5318,7.6682,9
2460759.837727,-9.9921,-29.7922,11.1564,7.8414,7.5318,7.6682,9
2460759.856187,-22.0198,-44.3805,11.1564,7.8414,7.5318,7.6682,9
2460759.872897,-23.9772,-38.5943,11.1564,7.8414,7.5318,7.6682,9
2460759.895047,-25.6526,-39.1321,11.1564,7.8414,7.5318,7.6682,9
2460760.785547,-18.8051,-30.7928,11.1564,7.8414,7.5318,7.6682,9
2460760.806257,-7.3610,-38.0408,11.1564,7.8414,7.5318,7.6682,9
2460760.827177,-13.2045,-35.7571,11.1564,7.8414,7.5318,7.6682,9
2460760.850317,-19.0741,-40.2677,11.1564,7.8414,7.5318,7.6682,9
2460760.866767,-16.2486,-38.3225,11.1564,7.8414,7.5318,7.6682,9
2460760.910707,-17.7406,-29.0376,11.1564,7.8414,7.5318,7.6682,9
2460761.768767,-21.1404,-25.4307,11.1564,7.8414,7.5318,7.6682,9
2460761.838137,-22.1679,-38.4087,11.1564,7.8414,7.5318,7.6682,9
2460761.854887,-20.5573,-38.8466,11.1564,7.8414,7.5318,7.6682,9
2460761.871777,-18.3577,-35.0276,11.1564,7.8414,7.5318,7.6682,9
2460761.890877,-18.6144,-26.2653,11.1564,7.8414,7.5318,7.6682,9
2460762.857197,-22.6011,-32.9777,11.1564,7.8414,7.5318,7.6682,9
2460762.897387,-23.2039,-38.5906,11.1564,7.8414,7.5318,7.6682,9
2460762.912467,-15.3667,-39.9769,11.1564,7.8414,7.5318,7.6682,9
2460763.757627,-21.6459,-36.0747,11.1564,7.8414,7.5318,7.6682,9
2460763.801827,-18.6580,-34.8220,11.1564,7.8414,7.5318,7.6682,9
2460763.853627,-25.2442,-38.5377,11.1564,7.8414,7.5318,7.6682,9
2460763.880847,-29.5590,-46.7810,11.1564,7.8414,7.5318,7.6682,9
2460764.765887,-30.5463,-41.6548,11.1564,7.8414,7.5318,7.6682,9
2460764.811187,-29.0099,-48.9123,11.1564,7.8414,7.5318,7.6682,9
2460764.827697,-20.8981,-44.4488,11.1564,7.8414,7.5318,7.6682,9
2460764.844247,-9.9928,-43.3693,11.1564,7.8414,7.5318,7.6682,9
2460764.860757,-18.6986,-37.3540,11.1564,7.8414,7.5318,7.6682,9
2460764.888687,-17.2211,-30.2749,11.1564,7.8414,7.5318,7.6682,9
2460764.911957,-9.9549,-26.4711,11.1564,7.8414,7.5318,7.6682,9
2460765.822467,-17.4974,-28.1699,11.1564,7.8414,7.5318,7.6682,9
2460765.902967,-14.2159,-24.8464,11.1564,7.8414,7.5318,7.6682,9
2460766.805117,-11.9729,-40.1309,11.1564,7.8414,7.5318,7.6682,9
2460766.886617,-23.0445,-37.1803,11.1564,7.8414,7.5318,7.6682,9
2460767.764697,-28.1399,-48.2681,11.1564,7.8414,7.5318,7.6682,9
2460767.799637,-21.6085,-46.0077,11.1564,7.8414,7.5318,7.6682,9
2460767.822417,-11.1123,-43.3082,11.1564,7.8414,7.5318,7.6682,9
2460767.839467,-20.6651,-37.2320,11.1564,7.8414,7.5318,7.6682,9
2460768.787217,-24.3417,-33.1573,11.1564,7.8414,7.5318,7.6682,9
2460768.805347,-19.4573,-37.9832,11.1564,7.8414,7.5318,7.6682,9
2460768.823887,-18.3951,-29.0747,11.1564,7.8414,7.5318,7.6682,9
2460768.840817,-24.1396,-32.6339,11.1564,7.8414,7.5318,7.6682,9
2460768.912507,-13.6862,-30.6742,11.1564,7.8414,7.5318,7.6682,9
2460769.831727,-13.2333,-39.3135,11.1564,7.8414,7.5318,7.6682,9
2460769.849147,-21.1321,-36.1638,11.1564,7.8414,7.5318,7.6682,9
2460769.887217,-13.6835,-44.6261,11.1564,7.8414,7.5318,7.6682,9
2460770.826107,-22.4209,-39.9156,11.1564,7.8414,7.5318,7.6682,9
2460770.842657,-24.0035,-31.1152,11.1564,7.8414,7.5318,7.6682,9
2460771.794167,-17.1433,-36.8400,11.1564,7.8414,7.5318,7.6682,9
2460771.912167,-15.4534,-29.7797,11.1564,7.8414,7.5318,7.6682,9
2460772.742917,-20.3154,-44.3829,11.1564,7.8414,7.5318,7.6682,9
2460772.760237,-20.2556,-42.3724,11.1564,7.8414,7.5318,7.6682,9
2460772.776637,-29.1826,-42.0729,11.1564,7.8414,7.5318,7.6682,9
2460772.793697,-23.8973,-37.0694,11.1564,7.8414,7.5318,7.6682,9
2460772.857907,-23.0116,-32.3226,11.1564,7.8414,7.5318,7.6682,9
2460772.874887,-22.7363,-31.7651,11.1564,7.8414,7.5318,7.6682,9
2460772.894447,-24.6676,-35.5636,11.1564,7.8414,7.5318,7.6682,9
2460773.734767,-12.6047,-29.3352,11.1564,7.8414,7.5318,7.6682,9
2460773.771007,-26.8907,-46.1831,11.1564,7.8414,7.5318,7.6682,9
2460773.787877,-19.5903,-39.6923,11.1564,7.8414,7.5318,7.6682,9
2460773.847967,-25.0838,-36.9730,11.1564,7.8414,7.5318,7.6682,9
2460773.864567,-22.2502,-43.7334,11.1564,7.8414,7.5318,7.6682,9
2460773.881407,-17.5530,-45.1641,11.1564,7.8414,7.5318,7.6682,9
2460774.745177,-14.2016,-36.7704,11.1564,7.8414,7.5318,7.6682,9
2460774.819857,-16.3643,-41.7035,11.1564,7.8414,7.5318,7.6682,9
2460774.867357,-25.0512,-40.6333,11.1564,7.8414,7.5318,7.6682,9
2460774.901297,-22.7458,-36.1350,11.1564,7.8414,7.5318,7.6682,9
2460774.919967,-29.9916,-34.3750,11.1564,7.8414,7.5318,7.6682,9
2460775.723067,-24.3007,-36.2270,11.1564,7.8414,7.5318,7.6682,9
2460775.782557,-21.4461,-35.8632,11.1564,7.8414,7.5318,7.6682,9
2460775.861197,-12.3698,-36.8402,11.1564,7.8414,7.5318,7.6682,9
2460775.894837,-29.5375,-36.1680,11.1564,7.8414,7.5318,7.6682,9
2460775.911547,-25.9928,-26.4875,11.1564,7.8414,7.5318,7.6682,9
2460777.784107,-28.9296,-35.2494,11.1564,7.8414,7.5318,7.6682,9
2460777.845937,-14.5493,-29.2531,11.1564,7.8414,7.5318,7.6682,9
2460777.862627,-18.6003,-35.1699,11.1564,7.8414,7.5318,7.6682,9
2460777.880937,-25.4443,-35.6436,11.1564,7.8414,7.5318,7.6682,9
2460777.897977,-14.2667,-33.2420,11.1564,7.8414,7.5318,7.6682,9
2460777.916847,-24.4142,-39.7193,11.1564,7.8414,7.5318,7.6682,9
2460778.734397,-25.9536,-33.7420,11.1564,7.8414,7.5318,7.6682,9
2460778.737097,-16.6862,-47.7860,11.1564,7.8414,7.5318,7.6682,9
2460778.752357,-28.5282,-41.2671,11.1564,7.8414,7.5318,7.6682,9
2460778.768777,-23.4907,-42.3926,11.1564,7.8414,7.5318,7.6682,9
2460778.799257,-21.1074,-43.9550,11.1564,7.8414,7.5318,7.6682,9
2460778.816207,-8.9865,-48.3269,11.1564,7.8414,7.5318,7.6682,9
2460778.843357,-22.8152,-31.1665,11.1564,7.8414,7.5318,7.6682,9
2460778.859977,-20.9719,-40.5634,11.1564,7.8414,7.5318,7.6682,9
2460778.878147,-18.2367,-33.6494,11.1564,7.8414,7.5318,7.6682,9
2460778.896347,-24.9928,-37.8530,11.1564,7.8414,7.5318,7.6682,9
2460778.913297,-24.7588,-42.2456,11.1564,7.8414,7.5318,7.6682,9
2460779.764217,-24.4278,-45.3319,11.1564,7.8414,7.5318,7.6682,9
2460779.824377,-20.7353,-38.7040,11.1564,7.8414,7.5318,7.6682,9
2460779.842557,-14.0459,-41.3376,11.1564,7.8414,7.5318,7.6682,9
2460779.858767,-23.4926,-45.1236,11.1564,7.8414,7.5318,7.6682,9
2460779.875807,-29.0482,-37.0154,11.1564,7.8414,7.5318,7.6682,9
2460779.892647,-27.6551,-44.9026,11.1564,7.8414,7.5318,7.6682,9
2460779.920827,-16.9555,-37.3974,11.1564,7.8414,7.5318,7.6682,9
2460780.739927,-12.3006,-27.4678,11.1564,7.8414,7.5318,7.6682,9
2460780.758097,-18.7312,-37.3289,11.1564,7.8414,7.5318,7.6682,9
2460780.775097,-13.5477,-27.1851,11.1564,7.8414,7.5318,7.6682,9
2460780.833957,-10.5499,-28.6507,11.1564,7.8414,7.5318,7.6682,9
2460780.865707,-14.3676,-26.1513,11.1564,7.8414,7.5318,7.6682,9
2460780.882307,-17.8316,-39.8503,11.1564,7.8414,7.5318,7.6682,9
2460780.904327,-18.7649,-38.3161,11.1564,7.8414,7.5318,7.6682,9
2460780.920947,-15.0719,-47.9884,11.1564,7.8414,7.5318,7.6682,9
2460781.731167,-12.8413,-35.9211,11.1564,7.8414,7.5318,7.6682,9
2460781.748227,-18.6719,-33.9774,11.1564,7.8414,7.5318,7.6682,9
2460781.785127,-21.3252,-48.2448,11.1564,7.8414,7.5318,7.6682,9
2460781.802317,-17.0189,-42.1796,11.1564,7.8414,7.5318,7.6682,9
2460782.718267,-24.1426,-28.9525,11.1564,7.8414,7.5318,7.6682,9
2460782.735057,-22.8916,-40.2618,11.1564,7.8414,7.5318,7.6682,9
2460782.753677,-20.5522,-37.2227,11.1564,7.8414,7.5318,7.6682,9
2460782.770547,-19.2170,-27.7899,11.1564,7.8414,7.5318,7.6682,9
2460785.735897,-18.6912,-38.5532,11.1564,7.8414,7.5318,7.6682,9
2460785.752507,-13.3703,-31.2117,11.1564,7.8414,7.5318,7.6682,9
2460785.771367,-17.5194,-41.2572,11.1564,7.8414,7.5318,7.6682,9
2460785.788247,-24.8837,-48.8009,11.1564,7.8414,7.5318,7.6682,9
2460785.805657,-25.9317,-39.0742,11.1564,7.8414,7.5318,7.6682,9
2460785.854397,-13.0972,-35.4985,11.1564,7.8414,7.5318,7.6682,9
2460785.870997,-23.5314,-32.7203,11.1564,7.8414,7.5318,7.6682,9
2460785.873847,-22.0045,-36.1128,11.1564,7.8414,7.5318,7.6682,9
2460785.907507,-26.2881,-33.6087,11.1564,7.8414,7.5318,7.6682,9
2460786.771117,-31.5791,-38.1211,11.1564,7.8414,7.5318,7.6682,9
2460786.799047,-31.1876,-29.0680,11.1564,7.8414,7.5318,7.6682,9
2460786.861887,-14.5515,-34.3238,11.1564,7.8414,7.5318,7.6682,9
2460786.897527,-10.6479,-32.2032,11.1564,7.8414,7.5318,7.6682,9
2460787.710567,-13.8439,-44.8041,11.1564,7.8414,7.5318,7.6682,9
2460787.753837,-20.7496,-37.5920,11.1564,7.8414,7.5318,7.6682,9
2460787.782847,-14.8656,-36.3043,11.1564,7.8414,7.5318,7.6682,9
2460787.819597,-24.9649,-33.4655,11.1564,7.8414,7.5318,7.6682,9
2460787.856337,-19.4095,-27.6923,11.1564,7.8414,7.5318,7.6682,9
2460787.883577,-21.9655,-42.3739,11.1564,7.8414,7.5318,7.6682,9
2460787.888297,-15.4594,-31.8766,11.1564,7.8414,7.5318,7.6682,9
2460787.905687,-14.7166,-48.2733,11.1564,7.8414,7.5318,7.6682,9
2460787.922227,-23.8773,-36.9007,11.1564,7.8414,7.5318,7.6682,9
2460788.697807,-11.1769,-50.0322,11.1564,7.8414,7.5318,7.6682,9
2460788.779367,-12.0789,-37.5682,11.1564,7.8414,7.5318,7.6682,9
2460788.814617,-11.2630,-37.9852,11.1564,7.8414,7.5318,7.6682,9
2460788.849727,-24.1020,-47.9038,11.1564,7.8414,7.5318,7.6682,9
2460788.900587,-26.9149,-28.2624,11.1564,7.8414,7.5318,7.6682,9
2460788.917127,-21.0022,-44.3109,11.1564,7.8414,7.5318,7.6682,9
2460789.755307,-24.8090,-40.1735,11.1564,7.8414,7.5318,7.6682,9
2460789.843647,-10.3988,-37.0394,11.1564,7.8414,7.5318,7.6682,9
2460789.860167,-11.8490,-34.9020,11.1564,7.8414,7.5318,7.6682,9
2460789.877277,-22.0272,-40.7055,11.1564,7.8414,7.5318,7.6682,9
2460789.904677,-21.0742,-32.1240,11.1564,7.8414,7.5318,7.6682,9
2460789.921317,-12.4667,-39.0661,11.1564,7.8414,7.5318,7.6682,9
2460790.709257,-23.7163,-38.6644,11.1564,7.8414,7.5318,7.6682,9
2460790.740797,-22.8518,-37.3472,11.1564,7.8414,7.5318,7.6682,9
2460790.790217,-21.4156,-38.2835,11.1564,7.8414,7.5318,7.6682,9
2460790.806967,-18.8458,-33.6547,11.1564,7.8414,7.5318,7.6682,9
2460790.836237,-18.5456,-37.9041,11.1564,7.8414,7.5318,7.6682,9
2460790.858637,-26.2468,-34.9955,11.1564,7.8414,7.5318,7.6682,9
2460790.892577,-19.5146,-45.7127,11.1564,7.8414,7.5318,7.6682,9
2460790.913657,-22.8351,-42.3061,11.1564,7.8414,7.5318,7.6682,9
2460791.700757,-24.3577,-45.5370,11.1564,7.8414,7.5318,7.6682,9
2460791.734297,-24.9405,-46.8049,11.1564,7.8414,7.5318,7.6682,9
2460791.751407,-30.3110,-42.6663,11.1564,7.8414,7.5318,7.6682,9
2460791.768297,-21.7257,-50.7287,11.1564,7.8414,7.5318,7.6682,9
2460791.796187,-27.1845,-42.9188,11.1564,7.8414,7.5318,7.6682,9
2460791.892397,-29.4183,-50.4529,11.1564,7.8414,7.5318,7.6682,9
2460791.909257,-32.4827,-47.5382,11.1564,7.8414,7.5318,7.6682,9
2460791.928137,-19.2297,-37.5304,11.1564,7.8414,7.5318,7.6682,9
2460792.720817,-26.4958,-45.6808,11.1564,7.8414,7.5318,7.6682,9
2460792.773987,-14.9336,-47.6229,11.1564,7.8414,7.5318,7.6682,9
2460792.870857,-14.3521,-36.4604,11.1564,7.8414,7.5318,7.6682,9
2460792.904967,-25.1577,-40.7551,11.1564,7.8414,7.5318,7.6682,9
2460793.724997,-19.4494,-42.2270,11.1564,7.8414,7.5318,7.6682,9
2460793.756597,-23.9291,-37.1294,11.1564,7.8414,7.5318,7.6682,9
2460793.796297,-12.4110,-39.2057,11.1564,7.8414,7.5318,7.6682,9
2460793.814607,-15.3229,-25.9084,11.1564,7.8414,7.5318,7.6682,9
2460793.880847,-19.6769,-46.4668,11.1564,7.8414,7.5318,7.6682,9
2460793.898077,-25.1546,-38.5375,11.1564,7.8414,7.5318,7.6682,9
2460794.713587,-27.8805,-30.8606,11.1564,7.8414,7.5318,7.6682,9
2460794.730257,-25.1568,-42.4462,11.1564,7.8414,7.5318,7.6682,9
2460794.747527,-29.8275,-48.0518,11.1564,7.8414,7.5318,7.6682,9
2460794.764097,-20.9013,-39.5500,11.1564,7.8414,7.5318,7.6682,9
2460794.812287,-16.5500,-39.9254,11.1564,7.8414,7.5318,7.6682,9
2460794.846947,-27.2318,-28.7169,11.1564,7.8414,7.5318,7.6682,9
2460794.867477,-20.9751,-26.6597,11.1564,7.8414,7.5318,7.6682,9
2460794.912077,-10.1095,-32.0103,11.1564,7.8414,7.5318,7.6682,9
2460794.928887,-24.0245,-32.9517,11.1564,7.8414,7.5318,7.6682,9
2460795.753017,-19.0649,-38.9339,11.1564,7.8414,7.5318,7.6682,9
2460795.755807,-29.3022,-48.6520,11.1564,7.8414,7.5318,7.6682,9
2460795.810247,-22.8547,-50.0489,11.1564,7.8414,7.5318,7.6682,9
2460795.895237,-23.8613,-41.6978,11.1564,7.8414,7.5318,7.6682,9
2460795.913087,-24.3969,-40.9036,11.1564,7.8414,7.5318,7.6682,9
2460795.929637,-29.8486,-26.7472,11.1564,7.8414,7.5318,7.6682,9
2460797.708217,-27.4165,-35.9200,11.1564,7.8414,7.5318,7.6682,9
2460798.678707,-22.0429,-40.7628,11.1564,7.8414,7.5318,7.6682,9
2460798.721867,-32.0272,-43.8775,11.1564,7.8414,7.5318,7.6682,9
2460798.741007,-24.4327,-41.9670,11.1564,7.8414,7.5318,7.6682,9
2460798.761497,-16.5120,-45.4325,11.1564,7.8414,7.5318,7.6682,9
2460798.778447,-19.5089,-39.0439,11.1564,7.8414,7.5318,7.6682,9
2460798.822337,-25.9856,-38.4347,11.1564,7.8414,7.5318,7.6682,9
2460798.859557,-22.7072,-39.8349,11.1564,7.8414,7.5318,7.6682,9
2460798.879557,-20.2502,-34.5428,11.1564,7.8414,7.5318,7.6682,9
2460798.906727,-32.3113,-46.6845,11.1564,7.8414,7.5318,7.6682,9
2460798.923027,-25.3934,-24.7649,11.1564,7.8414,7.5318,7.6682,9
2460799.662877,-28.0353,-38.9885,11.1564,7.8414,7.5318,7.6682,9
2460799.681087,-29.4866,-37.5520,11.1564,7.8414,7.5318,7.6682,9
2460799.729297,-27.2323,-42.3251,11.1564,7.8414,7.5318,7.6682,9
2460799.765807,-25.6844,-32.7513,11.1564,7.8414,7.5318,7.6682,9
2460799.800677,-14.6624,-37.4047,11.1564,7.8414,7.5318,7.6682,9
2460799.828347,-27.1435,-30.5995,11.1564,7.8414,7.5318,7.6682,9
2460799.880357,-16.5270,-30.8436,11.1564,7.8414,7.5318,7.6682,9
2460799.897397,-29.4604,-28.6244,11.1564,7.8414,7.5318,7.6682,9
2460800.654887,-26.9695,-47.4757,11.1564,7.8414,7.5318,7.6682,9
2460800.672127,-30.1047,-44.7203,11.1564,7.8414,7.5318,7.6682,9
2460800.689257,-12.2672,-35.4285,11.1564,7.8414,7.5318,7.6682,9
2460800.769687,-19.2811,-37.5283,11.1564,7.8414,7.5318,7.6682,9
2460800.786537,-31.5605,-50.8939,11.1564,7.8414,7.5318,7.6682,9
2460800.803207,-21.8598,-41.5971,11.1564,7.8414,7.5318,7.6682,9
2460800.832387,-10.4764,-37.5329,11.1564,7.8414,7.5318,7.6682,9
2460800.884367,-25.2299,-46.8271,11.1564,7.8414,7.5318,7.6682,9
2460800.901077,-16.3196,-41.1932,11.1564,7.8414,7.5318,7.6682,9
2460800.919557,-33.1728,-43.7646,11.1564,7.8414,7.5318,7.6682,9
2460801.661677,-25.9573,-51.3538,11.1564,7.8414,7.5318,7.6682,9
2460801.721997,-25.6156,-51.2837,11.1564,7.8414,7.5318,7.6682,9
2460801.739047,-19.1344,-41.0608,11.1564,7.8414,7.5318,7.6682,9
2460801.799217,-31.5220,-43.8700,11.1564,7.8414,7.5318,7.6682,9
2460801.815987,-17.5362,-45.5950,11.1564,7.8414,7.5318,7.6682,9
2460801.880597,-23.0616,-40.4948,11.1564,7.8414,7.5318,7.6682,9
2460801.921997,-24.4569,-40.0476,11.1564,7.8414,7.5318,7.6682,9
2460802.660307,-24.9449,-42.4464,11.1564,7.8414,7.5318,7.6682,9
2460802.690067,-31.6056,-49.0726,11.1564,7.8414,7.5318,7.6682,9
2460802.706497,-23.7450,-44.9393,11.1564,7.8414,7.5318,7.6682,9
2460802.723017,-30.7933,-37.2017,11.1564,7.8414,7.5318,7.6682,9
2460802.758597,-14.5419,-33.4600,11.1564,7.8414,7.5318,7.6682,9
2460802.786467,-21.0043,-49.4890,11.1564,7.8414,7.5318,7.6682,9
2460802.804657,-12.1768,-52.6869,11.1564,7.8414,7.5318,7.6682,9
2460802.821687,-20.2941,-38.9284,11.1564,7.8414,7.5318,7.6682,9
2460802.838577,-20.1397,-36.2599,11.1564,7.8414,7.5318,7.6682,9
2460802.856337,-20.7350,-34.5160,11.1564,7.8414,7.5318,7.6682,9
2460802.859227,-23.4061,-38.5583,11.1564,7.8414,7.5318,7.6682,9
2460802.904157,-29.5925,-39.8450,11.1564,7.8414,7.5318,7.6682,9
2460802.938557,-9.9985,-37.7227,11.1564,7.8414,7.5318,7.6682,9
2460803.651457,-24.9698,-46.7324,11.1564,7.8414,7.5318,7.6682,9
2460803.678977,-18.2504,-46.0098,11.1564,7.8414,7.5318,7.6682,9
2460803.695887,-24.9777,-32.3161,11.1564,7.8414,7.5318,7.6682,9
2460803.713307,-27.9329,-40.0724,11.1564,7.8414,7.5318,7.6682,9
2460803.750387,-12.7488,-50.9450,11.1564,7.8414,7.5318,7.6682,9
2460803.767227,-15.6328,-35.0701,11.1564,7.8414,7.5318,7.6682,9
2460803.836217,-27.5973,-39.1665,11.1564,7.8414,7.5318,7.6682,9
2460803.870207,-11.2040,-26.8509,11.1564,7.8414,7.5318,7.6682,9
2460804.869527,-22.8431,-45.6978,11.1564,7.8414,7.5318,7.6682,9
2460804.917557,-27.6052,-31.9407,11.1564,7.8414,7.5318,7.6682,9
2460805.656897,-16.5537,-32.1513,11.1564,7.8414,7.5318,7.6682,9
2460805.673787,-17.4557,-38.1304,11.1564,7.8414,7.5318,7.6682,9
2460805.719807,-28.7861,-38.8059,11.1564,7.8414,7.5318,7.6682,9
2460805.736817,-18.4246,-44.4308,11.1564,7.8414,7.5318,7.6682,9
2460805.753577,-16.8182,-32.4374,11.1564,7.8414,7.5318,7.6682,9
2460805.770057,-12.7942,-41.3104,11.1564,7.8414,7.5318,7.6682,9
2460805.798867,-24.8559,-39.9073,11.1564,7.8414,7.5318,7.6682,9
2460805.815497,-24.7940,-35.5258,11.1564,7.8414,7.5318,7.6682,9
2460805.833787,-10.7760,-36.2553,11.1564,7.8414,7.5318,7.6682,9
2460805.850777,-9.4162,-32.1038,11.1564,7.8414,7.5318,7.6682,9
2460805.870407,-22.0870,-28.6135,11.1564,7.8414,7.5318,7.6682,9
2460805.897537,-27.3213,-29.7532,11.1564,7.8414,7.5318,7.6682,9
2460805.914257,-27.5570,-28.5115,11.1564,7.8414,7.5318,7.6682,9
2460805.933397,-9.1900,-27.8966,11.1564,7.8414,7.5318,7.6682,9
2460806.639357,-23.4357,-40.2281,11.1564,7.8414,7.5318,7.6682,9
2460806.657937,-27.8325,-33.6859,11.1564,7.8414,7.5318,7.6682,9
2460806.675507,-10.5001,-32.5860,11.1564,7.8414,7.5318,7.6682,9
2460806.702597,-29.6189,-33.1340,11.1564,7.8414,7.5318,7.6682,9
2460806.720497,-18.3707,-33.6710,11.1564,7.8414,7.5318,7.6682,9
2460806.771097,-18.9089,-31.5343,11.1564,7.8414,7.5318,7.6682,9
2460806.818977,-26.7175,-44.0324,11.1564,7.8414,7.5318,7.6682,9
2460806.836147,-15.6435,-25.7549,11.1564,7.8414,7.5318,7.6682,9
2460806.857077,-16.8152,-42.7849,11.1564,7.8414,7.5318,7.6682,9
2460806.919337,-22.6021,-32.7389,11.1564,7.8414,7.5318,7.6682,9
2460807.655277,-16.6086,-33.3276,11.1564,7.8414,7.5318,7.6682,9
2460807.682587,-24.7766,-35.7445,11.1564,7.8414,7.5318,7.6682,9
2460807.702407,-20.4730,-45.1907,11.1564,7.8414,7.5318,7.6682,9
2460807.721887,-16.7550,-28.3567,11.1564,7.8414,7.5318,7.6682,9
2460807.742027,-22.5395,-24.4288,11.1564,7.8414,7.5318,7.6682,9
2460807.759527,-16.2863,-28.0002,11.1564,7.8414,7.5318,7.6682,9
2460807.763257,-18.0380,-23.2980,11.1564,7.8414,7.5318,7.6682,9
2460807.808087,-25.1658,-43.9248,11.1564,7.8414,7.5318,7.6682,9
2460807.824887,-23.5406,-31.6334,11.1564,7.8414,7.5318,7.6682,9
2460807.841627,-29.2059,-23.3384,11.1564,7.8414,7.5318,7.6682,9
2460807.858247,-25.0961,-28.5783,11.1564,7.8414,7.5318,7.6682,9
2460807.875047,-15.8485,-30.3186,11.1564,7.8414,7.5318,7.6682,9
2460807.918617,-18.8416,-44.3625,11.1564,7.8414,7.5318,7.6682,9
2460808.632787,-20.8232,-34.6624,11.1564,7.8414,7.5318,7.6682,9
2460808.649527,-28.9746,-42.3398,11.1564,7.8414,7.5318,7.6682,9
2460808.680297,-17.7896,-52.1729,11.1564,7.8414,7.5318,7.6682,9
2460808.698667,-32.3015,-42.7639,11.1564,7.8414,7.5318,7.6682,9
2460808.733817,-26.9235,-42.1365,11.1564,7.8414,7.5318,7.6682,9
2460808.753107,-24.0900,-43.1108,11.1564,7.8414,7.5318,7.6682,9
2460808.782477,-18.6699,-30.7793,11.1564,7.8414,7.5318,7.6682,9
2460808.865037,-9.9856,-24.5992,11.1564,7.8414,7.5318,7.6682,9
2460808.881707,-20.9883,-29.5298,11.1564,7.8414,7.5318,7.6682,9
2460808.908977,-9.6127,-32.2079,11.1564,7.8414,7.5318,7.6682,9
2460808.927077,-21.2734,-27.5411,11.1564,7.8414,7.5318,7.6682,9
2460812.815047,-5.4246,-36.7559,11.1564,7.8414,7.5318,7.6682,9
2460812.832157,-20.6941,-22.5904,11.1564,7.8414,7.5318,7.6682,9
2460812.898027,-23.8549,-34.4299,11.1564,7.8414,7.5318,7.6682,9
2460812.914627,-17.2458,-41.3643,11.1564,7.8414,7.5318,7.6682,9
2460812.930907,-21.9105,-42.1662,11.1564,7.8414,7.5318,7.6682,9
2460812.933757,-28.5139,-32.5407,11.1564,7.8414,7.5318,7.6682,9
2460814.634457,-5.6427,-52.7419,11.1564,7.8414,7.5318,7.6682,9
2460814.733507,-33.5685,-25.3036,11.1564,7.8414,7.5318,7.6682,9
2460814.750877,-18.8509,-39.9979,11.1564,7.8414,7.5318,7.6682,9
2460814.767337,-22.3860,-35.9980,11.1564,7.8414,7.5318,7.6682,9
2460814.784457,-21.8125,-34.1827,11.1564,7.8414,7.5318,7.6682,9
2460814.801547,-16.2093,-43.3343,11.1564,7.8414,7.5318,7.6682,9
2460814.828937,-29.0579,-33.7131,11.1564,7.8414,7.5318,7.6682,9
2460815.651197,-16.9511,-46.4623,11.1564,7.8414,7.5318,7.6682,9
2460815.667777,-21.7588,-37.1763,11.1564,7.8414,7.5318,7.6682,9
2460815.708737,-21.0018,-38.1493,11.1564,7.8414,7.5318,7.6682,9
2460815.759467,-26.0058,-33.7765,11.1564,7.8414,7.5318,7.6682,9
2460815.776277,-12.2024,-42.9669,11.1564,7.8414,7.5318,7.6682,9
2460815.793107,-22.3964,-37.1073,11.1564,7.8414,7.5318,7.6682,9
2460815.810667,-25.1427,-29.5159,11.1564,7.8414,7.5318,7.6682,9
2460815.855727,-6.6538,-41.9665,11.1564,7.8414,7.5318,7.6682,9
2460815.874007,-30.3665,-31.8089,11.1564,7.8414,7.5318,7.6682,9
2460815.891997,-23.2330,-33.8148,11.1564,7.8414,7.5318,7.6682,9
2460815.908827,-22.6538,-44.5086,11.1564,7.8414,7.5318,7.6682,9
2460815.915567,-8.7086,-20.6297,11.1564,7.8414,7.5318,7.6682,9
2460815.931627,-21.7033,-23.7658,11.1564,7.8414,7.5318,7.6682,9
2460816.613417,-19.7073,-44.3421,11.1564,7.8414,7.5318,7.6682,9
2460816.683927,-25.4632,-26.1602,11.1564,7.8414,7.5318,7.6682,9
2460816.700167,-24.9161,-42.4198,11.1564,7.8414,7.5318,7.6682,9
2460816.792807,-16.3598,-37.3584,11.1564,7.8414,7.5318,7.6682,9
2460816.815067,-27.4283,-22.6189,11.1564,7.8414,7.5318,7.6682,9
2460816.846717,-17.8782,-30.2162,11.1564,7.8414,7.5318,7.6682,9
2460816.908967,-18.1394,-35.9146,11.1564,7.8414,7.5318,7.6682,9
2460816.923007,-17.5415,-39.7145,11.1564,7.8414,7.5318,7.6682,9
2460817.611797,-25.3956,-33.5181,11.1564,7.8414,7.5318,7.6682,9
2460817.664547,-32.7537,-44.7740,11.1564,7.8414,7.5318,7.6682,9
2460817.681907,-26.1402,-43.0514,11.1564,7.8414,7.5318,7.6682,9
2460817.698957,-31.9599,-47.7195,11.1564,7.8414,7.5318,7.6682,9
2460817.716067,-14.9775,-33.1487,11.1564,7.8414,7.5318,7.6682,9
2460817.750187,-20.2239,-36.5009,11.1564,7.8414,7.5318,7.6682,9
2460817.806807,-8.8890,-26.7646,11.1564,7.8414,7.5318,7.6682,9
2460817.823937,-20.7551,-42.9873,11.1564,7.8414,7.5318,7.6682,9
2460817.840657,-18.3117,-33.2282,11.1564,7.8414,7.5318,7.6682,9
2460817.867927,-28.3127,-50.3021,11.1564,7.8414,7.5318,7.6682,9
2460817.884667,-26.4519,-32.2474,11.1564,7.8414,7.5318,7.6682,9
2460817.901857,-26.5645,-33.7498,11.1564,7.8414,7.5318,7.6682,9
2460817.913177,-19.3516,-31.8354,11.1564,7.8414,7.5318,7.6682,9
2460818.676237,-28.5158,-48.8068,11.1564,7.8414,7.5318,7.6682,9
2460818.791797,-17.8622,-45.4380,11.1564,7.8414,7.5318,7.6682,9
2460818.808397,-25.0914,-34.5934,11.1564,7.8414,7.5318,7.6682,9
2460818.842587,-17.7598,-48.6106,11.1564,7.8414,7.5318,7.6682,9
2460818.859937,-5.8449,-45.9743,11.1564,7.8414,7.5318,7.6682,9
2460818.878847,-23.0539,-48.1629,11.1564,7.8414,7.5318,7.6682,9
2460818.884717,-27.8479,-32.2376,11.1564,7.8414,7.5318,7.6682,9
2460818.901837,-18.7924,-36.1977,11.1564,7.8414,7.5318,7.6682,9
2460818.911487,-28.4440,-42.4019,11.1564,7.8414,7.5318,7.6682,9
2460818.925397,-22.9180,-47.6436,11.1564,7.8414,7.5318,7.6682,9
2460819.603897,-21.3176,-35.4754,11.1564,7.8414,7.5318,7.6682,9
2460819.621157,-19.1353,-24.9313,11.1564,7.8414,7.5318,7.6682,9
2460819.680617,-18.0997,-38.5103,11.1564,7.8414,7.5318,7.6682,9
2460819.760647,-10.7770,-36.4978,11.1564,7.8414,7.5318,7.6682,9
2460819.777967,-23.9035,-28.3945,11.1564,7.8414,7.5318,7.6682,9
2460819.795527,-29.1679,-35.3194,11.1564,7.8414,7.5318,7.6682,9
2460819.812097,-19.5567,-43.4451,11.1564,7.8414,7.5318,7.6682,9
2460819.828877,-17.6745,-28.6307,11.1564,7.8414,7.5318,7.6682,9
2460819.863077,-19.4427,-32.7326,11.1564,7.8414,7.5318,7.6682,9
2460819.900157,-20.7087,-44.5684,11.1564,7.8414,7.5318,7.6682,9
2460819.912587,-31.8932,-48.5938,11.1564,7.8414,7.5318,7.6682,9
2460819.926767,-22.1623,-43.4608,11.1564,7.8414,7.5318,7.6682,9
2460820.661957,-16.2947,-35.6309,11.1564,7.8414,7.5318,7.6682,9
2460820.678757,-20.1120,-34.3337,11.1564,7.8414,7.5318,7.6682,9
2460820.717467,-24.3679,-31.4836,11.1564,7.8414,7.5318,7.6682,9
2460820.736897,-22.1778,-42.7792,11.1564,7.8414,7.5318,7.6682,9
2460820.799157,-11.6262,-50.4417,11.1564,7.8414,7.5318,7.6682,9
2460820.816037,-21.6329,-47.6409,11.1564,7.8414,7.5318,7.6682,9
2460820.832937,-25.8670,-44.4872,11.1564,7.8414,7.5318,7.6682,9
2460820.865317,-33.5005,-33.1286,11.1564,7.8414,7.5318,7.6682,9
2460820.882237,-26.8838,-50.6930,11.1564,7.8414,7.5318,7.6682,9
2460820.900657,-28.6188,-48.0479,11.1564,7.8414,7.5318,7.6682,9
2460820.914677,-17.4744,-36.1338,11.1564,7.8414,7.5318,7.6682,9
2460820.929727,-15.1438,-48.7855,11.1564,7.8414,7.5318,7.6682,9
2460821.652247,-16.0889,-34.9283,11.1564,7.8414,7.5318,7.6682,9
2460821.671217,-25.5192,-51.3580,11.1564,7.8414,7.5318,7.6682,9
2460821.688207,-29.2140,-34.6899,11.1564,7.8414,7.5318,7.6682,9
2460821.705357,-34.7841,-41.8210,11.1564,7.8414,7.5318,7.6682,9
2460821.732487,-30.1792,-52.2405,11.1564,7.8414,7.5318,7.6682,9
2460821.825337,-13.4399,-47.8370,11.1564,7.8414,7.5318,7.6682,9
2460821.842337,-14.1627,-50.7623,11.1564,7.8414,7.5318,7.6682,9
2460821.869757,-7.9831,-31.2056,11.1564,7.8414,7.5318,7.6682,9
2460822.691247,-7.5081,-19.6550,11.1564,7.8414,7.5318,7.6682,9
2460822.709567,-28.8375,-50.3010,11.1564,7.8414,7.5318,7.6682,9
2460822.812357,-11.0964,-30.8030,11.1564,7.8414,7.5318,7.6682,9
2460823.631067,-15.1843,-43.5090,11.1564,7.8414,7.5318,7.6682,9
2460823.649317,-19.0554,-30.7405,11.1564,7.8414,7.5318,7.6682,9
2460823.714667,-20.0970,-47.3530,11.1564,7.8414,7.5318,7.6682,9
2460823.731467,-21.6029,-42.3090,11.1564,7.8414,7.5318,7.6682,9
2460823.783537,-21.4420,-31.2797,11.1564,7.8414,7.5318,7.6682,9
2460823.820027,-20.5676,-44.8600,11.1564,7.8414,7.5318,7.6682,9
2460823.841747,-22.9227,-33.4719,11.1564,7.8414,7.5318,7.6682,9
2460823.858677,-23.8219,-40.4065,11.1564,7.8414,7.5318,7.6682,9
2460823.875177,-25.1112,-41.5995,11.1564,7.8414,7.5318,7.6682,9
2460823.908727,-20.6979,-31.5984,11.1564,7.8414,7.5318,7.6682,9
2460823.915227,-23.7018,-30.8177,11.1564,7.8414,7.5318,7.6682,9
2460824.597567,-3.6799,-30.7112,11.1564,7.8414,7.5318,7.6682,9
2460824.630797,-3.6840,-25.8829,11.1564,7.8414,7.5318,7.6682,9
2460824.668737,-21.4446,-39.8822,11.1564,7.8414,7.5318,7.6682,9
2460824.695637,-26.4887,-37.6845,11.1564,7.8414,7.5318,7.6682,9
2460824.754007,-24.5768,-49.4119,11.1564,7.8414,7.5318,7.6682,9
2460824.798877,-19.2571,-43.5534,11.1564,7.8414,7.5318,7.6682,9
2460824.815367,-26.9344,-38.0346,11.1564,7.8414,7.5318,7.6682,9
2460824.832747,-26.9169,-32.9224,11.1564,7.8414,7.5318,7.6682,9
2460824.912437,-17.2332,-22.8999,11.1564,7.8414,7.5318,7.6682,9
2460825.587737,-26.2554,-46.6125,11.1564,7.8414,7.5318,7.6682,9
2460825.605067,-32.3005,-52.4275,11.1564,7.8414,7.5318,7.6682,9
2460825.624997,-20.5669,-38.6031,11.1564,7.8414,7.5318,7.6682,9
2460825.692027,-34.0802,-44.2636,11.1564,7.8414,7.5318,7.6682,9
2460825.710897,-27.1807,-41.0198,11.1564,7.8414,7.5318,7.6682,9
2460825.729127,-32.7678,-27.0196,11.1564,7.8414,7.5318,7.6682,9
2460825.828207,-28.4595,-47.6447,11.1564,7.8414,7.5318,7.6682,9
2460826.589277,-5.1659,-33.3386,11.1564,7.8414,7.5318,7.6682,9
2460826.650467,-9.4021,-35.9568,11.1564,7.8414,7.5318,7.6682,9
2460826.667337,-15.8643,-31.5266,11.1564,7.8414,7.5318,7.6682,9
2460826.684887,-6.3013,-24.2181,11.1564,7.8414,7.5318,7.6682,9
2460826.768057,-15.9387,-26.8101,11.1564,7.8414,7.5318,7.6682,9
2460826.802947,-20.8161,-45.1773,11.1564,7.8414,7.5318,7.6682,9
2460826.820097,-8.8368,-36.0978,11.1564,7.8414,7.5318,7.6682,9
2460826.852157,-13.6369,-38.1641,11.1564,7.8414,7.5318,7.6682,9
2460827.788987,-10.7937,-28.7112,11.1564,7.8414,7.5318,7.6682,9
2460827.867277,-17.0914,-35.6427,11.1564,7.8414,7.5318,7.6682,9
2460827.887797,-22.6129,-37.4444,11.1564,7.8414,7.5318,7.6682,9
2460827.904997,-33.7396,-28.9738,11.1564,7.8414,7.5318,7.6682,9
2460828.584667,-20.3058,-45.8395,11.1564,7.8414,7.5318,7.6682,9
2460828.603027,-27.4401,-50.3635,11.1564,7.8414,7.5318,7.6682,9
2460828.623977,-20.3737,-43.3649,11.1564,7.8414,7.5318,7.6682,9
2460828.691177,-27.6213,-45.6164,11.1564,7.8414,7.5318,7.6682,9
2460828.724197,-25.8506,-43.9757,11.1564,7.8414,7.5318,7.6682,9
2460828.741357,-6.7672,-33.7876,11.1564,7.8414,7.5318,7.6682,9
2460828.758827,-25.8853,-33.9744,11.1564,7.8414,7.5318,7.6682,9
2460828.803167,-18.1957,-43.8716,11.1564,7.8414,7.5318,7.6682,9
2460828.820247,-18.7352,-24.6372,11.1564,7.8414,7.5318,7.6682,9
2460829.738377,-16.2979,-37.6900,11.1564,7.8414,7.5318,7.6682,9
2460829.765407,-9.7843,-22.2040,11.1564,7.8414,7.5318,7.6682,9
2460829.801807,-4.0720,-24.2245,11.1564,7.8414,7.5318,7.6682,9
2460829.835147,-11.3483,-30.9702,11.1564,7.8414,7.5318,7.6682,9
2460829.854287,-2.6277,-34.2698,11.1564,7.8414,7.5318,7.6682,9
2460830.609627,-29.7417,-51.4935,11.1564,7.8414,7.5318,7.6682,9
2460830.637747,-24.1324,-38.8196,11.1564,7.8414,7.5318,7.6682,9
2460830.689087,-10.3034,-44.4421,11.1564,7.8414,7.5318,7.6682,9
2460830.706137,-17.9607,-37.0232,11.1564,7.8414,7.5318,7.6682,9
2460830.733737,-29.8479,-39.6522,11.1564,7.8414,7.5318,7.6682,9
2460830.750577,-23.9494,-35.3775,11.1564,7.8414,7.5318,7.6682,9
2460830.790597,-8.5685,-42.0300,11.1564,7.8414,7.5318,7.6682,9
2460830.804077,-23.7864,-50.7688,11.1564,7.8414,7.5318,7.6682,9
2460830.832107,-17.5772,-46.9346,11.1564,7.8414,7.5318,7.6682,9
2460830.851907,-34.9905,-47.3338,11.1564,7.8414,7.5318,7.6682,9
2460830.868257,-20.0052,-44.8671,11.1564,7.8414,7.5318,7.6682,9
2460831.657797,-20.1031,-39.3318,11.1564,7.8414,7.5318,7.6682,9
2460831.739207,-22.0340,-27.7354,11.1564,7.8414,7.5318,7.6682,9
2460831.755877,-19.5453,-46.5125,11.1564,7.8414,7.5318,7.6682,9
2460831.772687,-15.2962,-42.4780,11.1564,7.8414,7.5318,7.6682,9
2460831.792907,-25.6132,-39.3857,11.1564,7.8414,7.5318,7.6682,9
2460831.822067,-17.0987,-39.5171,11.1564,7.8414,7.5318,7.6682,9
2460831.876357,-28.4790,-41.9708,11.1564,7.8414,7.5318,7.6682,9
2460831.893377,-7.6430,-28.2361,11.1564,7.8414,7.5318,7.6682,9
2460832.596667,-19.8136,-38.1698,11.1564,7.8414,7.5318,7.6682,9
2460832.613467,-26.6877,-48.5017,11.1564,7.8414,7.5318,7.6682,9
2460832.630097,-20.5114,-21.5729,11.1564,7.8414,7.5318,7.6682,9
2460832.649227,-30.9988,-53.2593,11.1564,7.8414,7.5318,7.6682,9
2460832.696557,-14.4896,-31.3947,11.1564,7.8414,7.5318,7.6682,9
2460832.713347,-22.6802,-44.6782,11.1564,7.8414,7.5318,7.6682,9
2460832.729937,-32.3610,-34.9103,11.1564,7.8414,7.5318,7.6682,9
2460832.746777,-35.9130,-52.2562,11.1564,7.8414,7.5318,7.6682,9
2460832.763917,-20.6668,-33.7076,11.1564,7.8414,7.5318,7.6682,9
2460832.792817,-23.3994,-42.4418,11.1564,7.8414,7.5318,7.6682,9
2460832.811027,-20.7715,-41.3270,11.1564,7.8414,7.5318,7.6682,9
2460832.833007,-26.6451,-36.4720,11.1564,7.8414,7.5318,7.6682,9
2460832.850357,-21.8534,-38.5282,11.1564,7.8414,7.5318,7.6682,9
2460833.603957,-16.3326,-47.5334,11.1564,7.8414,7.5318,7.6682,9
2460833.651187,-25.3086,-29.6388,11.1564,7.8414,7.5318,7.6682,9
2460833.681617,-22.0371,-48.0521,11.1564,7.8414,7.5318,7.6682,9
2460833.698477,-25.2667,-43.0702,11.1564,7.8414,7.5318,7.6682,9
2460833.716357,-24.3840,-50.3716,11.1564,7.8414,7.5318,7.6682,9
2460833.733097,-31.2449,-41.9590,11.1564,7.8414,7.5318,7.6682,9
2460833.781867,-23.3556,-46.3473,11.1564,7.8414,7.5318,7.6682,9
2460833.798267,-19.4517,-35.1531,11.1564,7.8414,7.5318,7.6682,9
2460833.816407,-21.5655,-42.5249,11.1564,7.8414,7.5318,7.6682,9
2460833.835457,-12.9001,-27.2974,11.1564,7.8414,7.5318,7.6682,9
2460833.879987,-22.8259,-37.7215,11.1564,7.8414,7.5318,7.6682,9
2460834.824497,-7.6648,-46.2056,11.1564,7.8414,7.5318,7.6682,9
2460834.868267,-13.6124,-43.0031,11.1564,7.8414,7.5318,7.6682,9
2460834.885287,-11.3770,-46.1603,11.1564,7.8414,7.5318,7.6682,9
2460835.571497,-24.6229,-31.3683,11.1564,7.8414,7.5318,7.6682,9
2460835.588227,-13.4862,-32.7399,11.1564,7.8414,7.5318,7.6682,9
2460835.605227,-12.1079,-30.7815,11.1564,7.8414,7.5318,7.6682,9
2460835.622077,-12.4505,-31.4913,11.1564,7.8414,7.5318,7.6682,9
2460835.653267,-12.2417,-35.6880,11.1564,7.8414,7.5318,7.6682,9
2460835.670217,-11.1144,-35.3369,11.1564,7.8414,7.5318,7.6682,9
2460835.707637,-1.2610,-25.3195,11.1564,7.8414,7.5318,7.6682,9
2460835.724797,-10.9407,-32.2799,11.1564,7.8414,7.5318,7.6682,9
2460835.751857,-34.0855,-31.4379,11.1564,7.8414,7.5318,7.6682,9
2460835.770117,-7.2543,-38.0098,11.1564,7.8414,7.5318,7.6682,9
2460835.786647,-26.2462,-28.5502,11.1564,7.8414,7.5318,7.6682,9
2460835.803487,-22.0092,-21.6944,11.1564,7.8414,7.5318,7.6682,9
2460835.825617,-14.2851,-38.0378,11.1564,7.8414,7.5318,7.6682,9
2460835.855877,-19.8421,-35.1397,11.1564,7.8414,7.5318,7.6682,9
2460836.612517,-8.7467,-34.3639,11.1564,7.8414,7.5318,7.6682,9
2460836.653397,-21.6653,-47.6804,11.1564,7.8414,7.5318,7.6682,9
2460836.670417,-29.9687,-33.3394,11.1564,7.8414,7.5318,7.6682,9
2460836.686877,-19.0936,-39.8397,11.1564,7.8414,7.5318,7.6682,9
2460836.703437,-27.0769,-35.8968,11.1564,7.8414,7.5318,7.6682,9
2460836.730827,-11.7077,-23.7513,11.1564,7.8414,7.5318,7.6682,9
2460836.747657,-11.4616,-28.3100,11.1564,7.8414,7.5318,7.6682,9
2460836.764327,-14.2124,-40.2588,11.1564,7.8414,7.5318,7.6682,9
2460836.767197,-21.5164,-36.9609,11.1564,7.8414,7.5318,7.6682,9
2460836.784047,-19.6046,-46.8795,11.1564,7.8414,7.5318,7.6682,9
2460836.800687,-19.7890,-31.2807,11.1564,7.8414,7.5318,7.6682,9
2460836.828087,-20.2814,-33.1914,11.1564,7.8414,7.5318,7.6682,9
2460836.846527,-20.8604,-30.0962,11.1564,7.8414,7.5318,7.6682,9
2460836.867167,-17.1752,-39.3588,11.1564,7.8414,7.5318,7.6682,9
2460840.784107,-0.9948,-24.2541,11.1564,7.8414,7.5318,7.6682,9
2460840.861237,-32.2558,-30.6554,11.1564,7.8414,7.5318,7.6682,9
2460840.873817,-14.0356,-37.5154,11.1564,7.8414,7.5318,7.6682,9
2460841.814877,-32.3841,-34.1185,11.1564,7.8414,7.5318,7.6682,9
2460841.832947,-17.3460,-31.5077,11.1564,7.8414,7.5318,7.6682,9
2460841.836197,-17.5477,-43.6374,11.1564,7.8414,7.5318,7.6682,9
2460844.546447,-27.4997,-51.7790,11.1564,7.8414,7.5318,7.6682,9
2460844.716277,-23.2720,-23.0633,11.1564,7.8414,7.5318,7.6682,9
2460845.609997,-14.5676,-22.9779,11.1564,7.8414,7.5318,7.6682,9
2460845.629727,-20.7540,-33.7158,11.1564,7.8414,7.5318,7.6682,9
2460845.681687,-20.7537,-30.2462,11.1564,7.8414,7.5318,7.6682,9
2460845.727017,-5.6820,-29.5958,11.1564,7.8414,7.5318,7.6682,9
2460845.744257,-26.6913,-31.9054,11.1564,7.8414,7.5318,7.6682,9
2460846.542887,-15.8108,-34.9283,11.1564,7.8414,7.5318,7.6682,9
2460846.551267,-17.3719,-25.2323,11.1564,7.8414,7.5318,7.6682,9
2460846.578637,-27.0151,-53.7408,11.1564,7.8414,7.5318,7.6682,9
2460846.599217,-16.8392,-51.3795,11.1564,7.8414,7.5318,7.6682,9
2460846.615917,-23.9619,-35.4761,11.1564,7.8414,7.5318,7.6682,9
2460846.655217,-23.1429,-39.9815,11.1564,7.8414,7.5318,7.6682,9
2460846.683177,-13.4028,-26.3691,11.1564,7.8414,7.5318,7.6682,9
2460846.703347,-21.0013,-42.1976,11.1564,7.8414,7.5318,7.6682,9
2460846.722137,-24.0698,-42.5165,11.1564,7.8414,7.5318,7.6682,9
2460846.739557,-6.6981,-29.6734,11.1564,7.8414,7.5318,7.6682,9
2460846.742607,-14.2374,-32.3483,11.1564,7.8414,7.5318,7.6682,9
2460846.745467,-16.4903,-34.1069,11.1564,7.8414,7.5318,7.6682,9
2460846.815057,-19.0040,-39.7761,11.1564,7.8414,7.5318,7.6682,9
2460846.832527,-16.3246,-46.5838,11.1564,7.8414,7.5318,7.6682,9
2460846.850827,-19.0815,-31.2490,11.1564,7.8414,7.5318,7.6682,9
2460847.541977,-30.4394,-37.3072,11.1564,7.8414,7.5318,7.6682,9
2460847.588487,-28.2079,-36.6040,11.1564,7.8414,7.5318,7.6682,9
2460847.605637,-32.0796,-40.5312,11.1564,7.8414,7.5318,7.6682,9
2460847.623697,-14.1936,-37.7057,11.1564,7.8414,7.5318,7.6682,9
2460847.642027,-29.1828,-49.0246,11.1564,7.8414,7.5318,7.6682,9
2460847.660717,-11.5903,-46.5093,11.1564,7.8414,7.5318,7.6682,9
2460847.688357,-12.3712,-43.3621,11.1564,7.8414,7.5318,7.6682,9
2460847.706697,-27.1890,-45.1122,11.1564,7.8414,7.5318,7.6682,9
2460847.740107,-15.4991,-41.8299,11.1564,7.8414,7.5318,7.6682,9
2460847.756607,-19.5838,-42.1656,11.1564,7.8414,7.5318,7.6682,9
2460847.784007,-27.3227,-47.3556,11.1564,7.8414,7.5318,7.6682,9
2460847.802867,-20.7734,-46.5029,11.1564,7.8414,7.5318,7.6682,9
2460847.820167,-27.2302,-40.4328,11.1564,7.8414,7.5318,7.6682,9
2460847.837647,-26.3260,-33.1010,11.1564,7.8414,7.5318,7.6682,9
2460847.851747,-4.6832,-42.7117,11.1564,7.8414,7.5318,7.6682,9
2460848.694577,-21.5200,-45.3312,11.1564,7.8414,7.5318,7.6682,9
2460848.732827,-20.4171,-28.1185,11.1564,7.8414,7.5318,7.6682,9
2460849.763887,-12.1942,-30.3856,11.1564,7.8414,7.5318,7.6682,9
2460850.531947,-8.5992,-33.8065,11.1564,7.8414,7.5318,7.6682,9
2460850.548417,-10.7399,-33.9754,11.1564,7.8414,7.5318,7.6682,9
2460850.581807,-18.1627,-33.7428,11.1564,7.8414,7.5318,7.6682,9
2460850.631627,-32.7545,-45.0936,11.1564,7.8414,7.5318,7.6682,9
2460850.654367,-22.6605,-38.2760,11.1564,7.8414,7.5318,7.6682,9
2460850.732667,-18.2265,-39.2480,11.1564,7.8414,7.5318,7.6682,9
2460850.767737,-37.5288,-44.6907,11.1564,7.8414,7.5318,7.6682,9
2460850.785157,-20.7384,-47.5348,11.1564,7.8414,7.5318,7.6682,9
2460850.802027,-15.6664,-48.2470,11.1564,7.8414,7.5318,7.6682,9
2460850.818727,-21.4053,-28.5073,11.1564,7.8414,7.5318,7.6682,9
2460850.835917,-8.3343,-24.0087,11.1564,7.8414,7.5318,7.6682,9
2460850.849537,-21.3939,-26.9092,11.1564,7.8414,7.5318,7.6682,9
2460851.567727,-23.2165,-52.7307,11.1564,7.8414,7.5318,7.6682,9
2460851.601267,-19.4631,-44.9631,11.1564,7.8414,7.5318,7.6682,9
2460851.645347,-24.8831,-48.9879,11.1564,7.8414,7.5318,7.6682,9
2460851.662617,-29.8731,-46.1605,11.1564,7.8414,7.5318,7.6682,9
2460851.679857,-27.2233,-43.5451,11.1564,7.8414,7.5318,7.6682,9
2460851.794137,-6.5957,-45.1014,11.1564,7.8414,7.5318,7.6682,9
2460851.828767,-2.1523,-30.7342,11.1564,7.8414,7.5318,7.6682,9
2460853.520197,-32.2023,-49.4471,11.1564,7.8414,7.5318,7.6682,9
2460853.536857,-23.9625,-31.7702,11.1564,7.8414,7.5318,7.6682,9
2460853.553797,-20.9401,-35.5998,11.1564,7.8414,7.5318,7.6682,9
2460853.587967,-23.5972,-35.5283,11.1564,7.8414,7.5318,7.6682,9
2460853.632047,-27.7041,-57.5549,11.1564,7.8414,7.5318,7.6682,9
2460853.660917,-32.2917,-57.6544,11.1564,7.8414,7.5318,7.6682,9
2460853.678157,-24.3804,-56.5323,11.1564,7.8414,7.5318,7.6682,9
2460853.694837,-22.8699,-53.8475,11.1564,7.8414,7.5318,7.6682,9
2460853.721967,-32.3110,-54.8168,11.1564,7.8414,7.5318,7.6682,9
2460853.743077,-28.9954,-33.1404,11.1564,7.8414,7.5318,7.6682,9
2460853.759607,-27.8183,-46.0320,11.1564,7.8414,7.5318,7.6682,9
2460853.777307,-28.2208,-30.0858,11.1564,7.8414,7.5318,7.6682,9
2460853.795487,-22.1213,-35.6971,11.1564,7.8414,7.5318,7.6682,9
2460853.824557,-15.0572,-47.8219,11.1564,7.8414,7.5318,7.6682,9
2460854.565357,-17.1633,-31.8218,11.1564,7.8414,7.5318,7.6682,9
2460854.593037,-21.8610,-44.0877,11.1564,7.8414,7.5318,7.6682,9
2460854.649157,-32.0793,-53.0717,11.1564,7.8414,7.5318,7.6682,9
2460854.665997,-29.8466,-29.8438,11.1564,7.8414,7.5318,7.6682,9
2460854.815227,-23.9921,-41.8603,11.1564,7.8414,7.5318,7.6682,9
2460854.835017,-29.5652,-45.3196,11.1564,7.8414,7.5318,7.6682,9
2460855.575307,-10.8546,-48.9488,11.1564,7.8414,7.5318,7.6682,9
2460855.675587,-16.0256,-52.2629,11.1564,7.8414,7.5318,7.6682,9
2460855.820547,-27.8906,-26.2065,11.1564,7.8414,7.5318,7.6682,9
2460856.533567,-23.3819,-43.6710,11.1564,7.8414,7.5318,7.6682,9
2460856.550897,-22.2185,-47.8758,11.1564,7.8414,7.5318,7.6682,9
2460856.594767,-22.0499,-47.4337,11.1564,7.8414,7.5318,7.6682,9
2460856.615197,-17.9267,-40.0486,11.1564,7.8414,7.5318,7.6682,9
2460856.649967,-31.4940,-56.0580,11.1564,7.8414,7.5318,7.6682,9
2460856.681757,-21.9154,-47.2170,11.1564,7.8414,7.5318,7.6682,9
2460856.698517,-29.2325,-45.1443,11.1564,7.8414,7.5318,7.6682,9
2460856.716597,-24.0550,-52.4161,11.1564,7.8414,7.5318,7.6682,9
2460856.768927,-23.4738,-39.4659,11.1564,7.8414,7.5318,7.6682,9
2460856.814577,-17.3920,-49.1858,11.1564,7.8414,7.5318,7.6682,9
2460857.641217,-15.1273,-37.2351,11.1564,7.8414,7.5318,7.6682,9
2460857.706357,-22.5634,-47.1573,11.1564,7.8414,7.5318,7.6682,9
2460857.726507,-23.7942,-46.4317,11.1564,7.8414,7.5318,7.6682,9
2460857.743557,-23.1952,-49.7101,11.1564,7.8414,7.5318,7.6682,9
2460857.760187,-29.8123,-46.1092,11.1564,7.8414,7.5318,7.6682,9
2460857.787967,-20.2174,-38.0711,11.1564,7.8414,7.5318,7.6682,9
2460858.591867,-11.0821,-56.1053,11.1564,7.8414,7.5318,7.6682,9
2460858.686337,-15.0924,-42.5166,11.1564,7.8414,7.5318,7.6682,9
2460858.741967,-22.9486,-33.3386,11.1564,7.8414,7.5318,7.6682,9
2460858.758687,-29.3788,-46.9256,11.1564,7.8414,7.5318,7.6682,9
2460858.790447,-26.8393,-45.8030,11.1564,7.8414,7.5318,7.6682,9
2460859.505507,-27.8239,-45.2222,11.1564,7.8414,7.5318,7.6682,9
2460859.522147,-27.8818,-41.1421,11.1564,7.8414,7.5318,7.6682,9
2460859.566747,-10.7688,-40.8421,11.1564,7.8414,7.5318,7.6682,9
2460859.582967,-21.4431,-32.2434,11.1564,7.8414,7.5318,7.6682,9
2460859.600007,-22.7094,-34.6721,11.1564,7.8414,7.5318,7.6682,9
2460859.616927,-1.7206,-23.7885,11.1564,7.8414,7.5318,7.6682,9
2460859.695247,-24.3586,-47.9574,11.1564,7.8414,7.5318,7.6682,9
2460859.713357,-31.7505,-46.3272,11.1564,7.8414,7.5318,7.6682,9
2460859.746917,-35.3634,-25.2164,11.1564,7.8414,7.5318,7.6682,9
2460859.794767,-33.7771,-36.9711,11.1564,7.8414,7.5318,7.6682,9
2460859.813257,-28.1041,-37.7009,11.1564,7.8414,7.5318,7.6682,9
2460860.516827,-34.7397,-44.5243,11.1564,7.8414,7.5318,7.6682,9
2460860.533877,-33.9005,-36.0610,11.1564,7.8414,7.5318,7.6682,9
2460860.583867,-24.7721,-38.1083,11.1564,7.8414,7.5318,7.6682,9
2460860.617577,-30.9909,-53.1896,11.1564,7.8414,7.5318,7.6682,9
2460860.634867,-36.3218,-47.5745,11.1564,7.8414,7.5318,7.6682,9
2460860.664097,-23.4249,-43.3601,11.1564,7.8414,7.5318,7.6682,9
2460860.680807,-27.1230,-32.9414,11.1564,7.8414,7.5318,7.6682,9
2460860.717787,-4.0512,-41.1513,11.1564,7.8414,7.5318,7.6682,9
2460860.733147,-10.6497,-44.2749,11.1564,7.8414,7.5318,7.6682,9
2460861.489347,-17.4165,-49.1396,11.1564,7.8414,7.5318,7.6682,9
2460861.506257,-24.3493,-45.2554,11.1564,7.8414,7.5318,7.6682,9
2460861.539507,-12.5983,-37.1184,11.1564,7.8414,7.5318,7.6682,9
2460861.570157,-20.8811,-49.9699,11.1564,7.8414,7.5318,7.6682,9
2460861.589217,-29.1434,-51.3896,11.1564,7.8414,7.5318,7.6682,9
2460861.596287,-9.9785,-45.8122,11.1564,7.8414,7.5318,7.6682,9
2460861.613697,-11.0447,-36.4875,11.1564,7.8414,7.5318,7.6682,9
2460861.630877,-17.0193,-44.0657,11.1564,7.8414,7.5318,7.6682,9
2460861.647597,-28.8468,-37.2471,11.1564,7.8414,7.5318,7.6682,9
2460861.680687,-16.4302,-26.2360,11.1564,7.8414,7.5318,7.6682,9
2460861.697557,-12.0668,-46.4798,11.1564,7.8414,7.5318,7.6682,9
2460861.714307,-26.5154,-28.6033,11.1564,7.8414,7.5318,7.6682,9
2460861.731177,-19.1610,-39.5754,11.1564,7.8414,7.5318,7.6682,9
2460861.748377,-24.9087,-34.6556,11.1564,7.8414,7.5318,7.6682,9
2460861.775567,-28.2153,-39.4778,11.1564,7.8414,7.5318,7.6682,9
2460861.816367,-26.1015,-53.0580,11.1564,7.8414,7.5318,7.6682,9
2460862.600527,-10.5613,-54.2194,11.1564,7.8414,7.5318,7.6682,9
2460862.617357,-13.4306,-50.3136,11.1564,7.8414,7.5318,7.6682,9
2460862.701087,-24.2492,-48.9683,11.1564,7.8414,7.5318,7.6682,9
2460863.527667,-33.3495,-56.1879,11.1564,7.8414,7.5318,7.6682,9
2460863.544207,-27.6956,-33.0172,11.1564,7.8414,7.5318,7.6682,9
2460863.560537,-9.1040,-44.0741,11.1564,7.8414,7.5318,7.6682,9
2460863.577717,-6.1431,-25.4996,11.1564,7.8414,7.5318,7.6682,9
2460863.594417,-12.4662,-22.3555,11.1564,7.8414,7.5318,7.6682,9
2460863.623407,-22.5849,-41.2280,11.1564,7.8414,7.5318,7.6682,9
2460863.640277,-7.8555,-38.8083,11.1564,7.8414,7.5318,7.6682,9
2460863.674927,-14.6973,-40.4934,11.1564,7.8414,7.5318,7.6682,9
2460863.694277,-30.8116,-28.9870,11.1564,7.8414,7.5318,7.6682,9
2460863.722177,-19.9904,-50.6080,11.1564,7.8414,7.5318,7.6682,9
2460863.756927,-5.1945,-41.8442,11.1564,7.8414,7.5318,7.6682,9
2460863.773467,-13.0439,-43.9976,11.1564,7.8414,7.5318,7.6682,9
2460864.538747,-10.7813,-34.2784,11.1564,7.8414,7.5318,7.6682,9
2460864.557667,-12.1478,-43.0823,11.1564,7.8414,7.5318,7.6682,9
2460864.587357,-2.6840,-42.0024,11.1564,7.8414,7.5318,7.6682,9
2460864.621597,-15.8542,-30.6251,11.1564,7.8414,7.5318,7.6682,9
2460864.737867,-23.9337,-39.5327,11.1564,7.8414,7.5318,7.6682,9
2460867.535477,-22.7282,-47.8928,11.1564,7.8414,7.5318,7.6682,9
2460867.552427,-20.0386,-51.9283,11.1564,7.8414,7.5318,7.6682,9
2460867.582817,-12.2646,-42.0961,11.1564,7.8414,7.5318,7.6682,9
2460867.600207,-24.6128,-23.0425,11.1564,7.8414,7.5318,7.6682,9
2460867.617577,-16.5881,-24.7457,11.1564,7.8414,7.5318,7.6682,9
2460867.654787,-17.5552,-34.6992,11.1564,7.8414,7.5318,7.6682,9
2460867.681887,-31.6291,-40.6194,11.1564,7.8414,7.5318,7.6682,9
2460867.708017,-8.5664,-28.3754,11.1564,7.8414,7.5318,7.6682,9
2460867.725147,-30.0848,-33.5371,11.1564,7.8414,7.5318,7.6682,9
2460867.743077,-22.3611,-36.9989,11.1564,7.8414,7.5318,7.6682,9
2460867.761937,-25.1037,-22.3542,11.1564,7.8414,7.5318,7.6682,9
2460868.478317,-37.9020,-39.5555,11.1564,7.8414,7.5318,7.6682,9
2460868.501967,-26.0539,-36.3584,11.1564,7.8414,7.5318,7.6682,9
2460868.519087,-22.3548,-30.3841,11.1564,7.8414,7.5318,7.6682,9
2460868.536067,-21.4608,-31.3953,11.1564,7.8414,7.5318,7.6682,9
2460868.568087,-13.9785,-29.8285,11.1564,7.8414,7.5318,7.6682,9
2460868.584977,-20.5393,-33.2558,11.1564,7.8414,7.5318,7.6682,9
2460868.604927,-13.3867,-38.7754,11.1564,7.8414,7.5318,7.6682,9
2460868.621987,-16.5234,-39.4734,11.1564,7.8414,7.5318,7.6682,9
2460868.639237,-28.6475,-39.4439,11.1564,7.8414,7.5318,7.6682,9
2460868.667187,-27.0646,-44.2000,11.1564,7.8414,7.5318,7.6682,9
2460868.685167,-31.5471,-30.0770,11.1564,7.8414,7.5318,7.6682,9
2460868.702147,-16.2220,-26.7529,11.1564,7.8414,7.5318,7.6682,9
2460868.736627,-23.2896,-39.1463,11.1564,7.8414,7.5318,7.6682,9
2460868.764047,-20.7417,-47.3380,11.1564,7.8414,7.5318,7.6682,9
2460868.766747,-30.2634,-32.3977,11.1564,7.8414,7.5318,7.6682,9
2460868.783447,-12.9174,-36.7183,11.1564,7.8414,7.5318,7.6682,9
2460869.512457,-7.7072,-24.5558,11.1564,7.8414,7.5318,7.6682,9
2460869.541877,-29.4349,-47.9256,11.1564,7.8414,7.5318,7.6682,9
2460869.560627,-23.9061,-22.7911,11.1564,7.8414,7.5318,7.6682,9
2460869.578577,-12.3909,-27.3700,11.1564,7.8414,7.5318,7.6682,9
2460869.599407,-19.3964,-49.4339,11.1564,7.8414,7.5318,7.6682,9
2460869.637257,-23.9573,-52.0936,11.1564,7.8414,7.5318,7.6682,9
2460869.664327,-32.9596,-45.0926,11.1564,7.8414,7.5318,7.6682,9
2460869.681377,-15.6313,-39.1703,11.1564,7.8414,7.5318,7.6682,9
2460869.715447,-19.0629,-49.8151,11.1564,7.8414,7.5318,7.6682,9
2460869.732677,-25.3180,-41.3848,11.1564,7.8414,7.5318,7.6682,9
2460869.760157,-11.7925,-34.7969,11.1564,7.8414,7.5318,7.6682,9
2460869.777347,-24.6891,-42.6433,11.1564,7.8414,7.5318,7.6682,9
2460870.584197,-18.3798,-25.4033,11.1564,7.8414,7.5318,7.6682,9
2460870.660687,-25.1222,-28.5277,11.1564,7.8414,7.5318,7.6682,9
2460870.677677,-34.0608,-53.6520,11.1564,7.8414,7.5318,7.6682,9
2460870.728527,-7.5984,-35.5558,11.1564,7.8414,7.5318,7.6682,9
2460872.549407,-24.7986,-37.0718,11.1564,7.8414,7.5318,7.6682,9
2460872.611857,-9.7973,-33.7357,11.1564,7.8414,7.5318,7.6682,9
2460872.628867,-22.9318,-48.9322,11.1564,7.8414,7.5318,7.6682,9
2460872.645817,-17.9097,-37.0818,11.1564,7.8414,7.5318,7.6682,9
2460872.712647,-18.7015,-28.9979,11.1564,7.8414,7.5318,7.6682,9
2460873.480317,-22.4747,-50.0141,11.1564,7.8414,7.5318,7.6682,9
2460873.498917,-23.4266,-50.5851,11.1564,7.8414,7.5318,7.6682,9
2460873.532957,-16.3769,-46.0903,11.1564,7.8414,7.5318,7.6682,9
2460873.554237,-34.7455,-48.6617,11.1564,7.8414,7.5318,7.6682,9
2460873.581227,-20.2655,-35.3998,11.1564,7.8414,7.5318,7.6682,9
2460873.598027,-10.2099,-36.4950,11.1564,7.8414,7.5318,7.6682,9
2460873.615717,-26.8748,-37.5401,11.1564,7.8414,7.5318,7.6682,9
2460873.634367,-24.2982,-51.3099,11.1564,7.8414,7.5318,7.6682,9
2460873.652567,-32.6952,-40.2076,11.1564,7.8414,7.5318,7.6682,9
2460873.681897,-23.3353,-46.1324,11.1564,7.8414,7.5318,7.6682,9
2460873.701827,-29.1052,-41.7060,11.1564,7.8414,7.5318,7.6682,9
2460873.720437,-28.0373,-39.3468,11.1564,7.8414,7.5318,7.6682,9
2460873.737017,-20.4366,-47.1245,11.1564,7.8414,7.5318,7.6682,9
2460873.753817,-16.7776,-37.0108,11.1564,7.8414,7.5318,7.6682,9
2460873.770477,-12.0885,-35.0145,11.1564,7.8414,7.5318,7.6682,9
2460874.487667,-9.3282,-37.0415,11.1564,7.8414,7.5318,7.6682,9
2460874.583467,-14.8835,-47.9414,11.1564,7.8414,7.5318,7.6682,9
2460874.619307,-28.8622,-36.1615,11.1564,7.8414,7.5318,7.6682,9
2460874.637167,-22.7820,-35.6707,11.1564,7.8414,7.5318,7.6682,9
2460874.660507,-32.8193,-45.9855,11.1564,7.8414,7.5318,7.6682,9
2460874.723167,-16.0062,-33.9690,11.1564,7.8414,7.5318,7.6682,9
2460874.741187,-26.8161,-47.4437,11.1564,7.8414,7.5318,7.6682,9
2460875.494417,-13.5191,-38.2125,11.1564,7.8414,7.5318,7.6682,9
2460875.511187,-25.5565,-45.7001,11.1564,7.8414,7.5318,7.6682,9
2460875.528147,-26.8855,-52.2642,11.1564,7.8414,7.5318,7.6682,9
2460875.548527,-11.6911,-31.9473,11.1564,7.8414,7.5318,7.6682,9
2460875.565357,-28.1900,-41.3305,11.1564,7.8414,7.5318,7.6682,9
2460875.586767,-13.9093,-34.7120,11.1564,7.8414,7.5318,7.6682,9
2460875.656937,-14.9782,-49.6426,11.1564,7.8414,7.5318,7.6682,9
2460875.690777,-21.2464,-40.8402,11.1564,7.8414,7.5318,7.6682,9
2460875.735947,-33.0461,-40.9820,11.1564,7.8414,7.5318,7.6682,9
2460875.775827,-19.9899,-37.2833,11.1564,7.8414,7.5318,7.6682,9
2460876.462137,-27.5614,-39.9985,11.1564,7.8414,7.5318,7.6682,9
2460876.525337,-32.0639,-54.9531,11.1564,7.8414,7.5318,7.6682,9
2460876.541987,-21.1970,-32.4288,11.1564,7.8414,7.5318,7.6682,9
2460876.560827,-14.9642,-51.5175,11.1564,7.8414,7.5318,7.6682,9
2460876.663387,-21.6622,-43.0401,11.1564,7.8414,7.5318,7.6682,9
2460876.680367,-31.4392,-35.4753,11.1564,7.8414,7.5318,7.6682,9
2460876.724247,-22.1232,-44.9927,11.1564,7.8414,7.5318,7.6682,9
2460876.727987,-16.4978,-44.5967,11.1564,7.8414,7.5318,7.6682,9
2460876.744617,-29.5713,-52.2717,11.1564,7.8414,7.5318,7.6682,9
2460876.766057,-5.2333,-42.9502,11.1564,7.8414,7.5318,7.6682,9
2460877.474527,-14.5974,-30.1006,11.1564,7.8414,7.5318,7.6682,9
2460877.537747,-24.6675,-39.1037,11.1564,7.8414,7.5318,7.6682,9
2460877.573047,-17.9645,-35.0453,11.1564,7.8414,7.5318,7.6682,9
2460877.590657,-13.3576,-40.1162,11.1564,7.8414,7.5318,7.6682,9
2460877.659387,-5.3495,-38.0863,11.1564,7.8414,7.5318,7.6682,9
2460877.694617,-17.1155,-33.5540,11.1564,7.8414,7.5318,7.6682,9
2460877.721667,-17.1790,-39.7195,11.1564,7.8414,7.5318,7.6682,9
2460877.749977,-12.8744,-36.3937,11.1564,7.8414,7.5318,7.6682,9
2460878.531467,-16.7149,-28.6340,11.1564,7.8414,7.5318,7.6682,9
2460878.559597,-20.7195,-42.2247,11.1564,7.8414,7.5318,7.6682,9
2460878.714097,-25.0683,-44.7932,11.1564,7.8414,7.5318,7.6682,9
2460878.730517,-10.8456,-37.1943,11.1564,7.8414,7.5318,7.6682,9
2460878.759147,-16.8874,-41.9588,11.1564,7.8414,7.5318,7.6682,9
2460879.510877,-18.6926,-34.3035,11.1564,7.8414,7.5318,7.6682,9
2460879.589747,-21.7469,-52.2392,11.1564,7.8414,7.5318,7.6682,9
2460879.606737,-17.0686,-46.2140,11.1564,7.8414,7.5318,7.6682,9
2460879.623327,-32.7020,-41.5402,11.1564,7.8414,7.5318,7.6682,9
2460879.639977,-17.9517,-35.4924,11.1564,7.8414,7.5318,7.6682,9
2460879.718097,-10.9371,-44.9329,11.1564,7.8414,7.5318,7.6682,9
2460880.521297,-33.4288,-39.6290,11.1564,7.8414,7.5318,7.6682,9
2460880.581827,-19.7814,-40.5472,11.1564,7.8414,7.5318,7.6682,9
2460880.614967,-33.5529,-45.4279,11.1564,7.8414,7.5318,7.6682,9
2460880.631807,-12.6192,-55.3619,11.1564,7.8414,7.5318,7.6682,9
2460880.676447,-26.0074,-41.4056,11.1564,7.8414,7.5318,7.6682,9
2460880.709247,-25.7826,-33.6819,11.1564,7.8414,7.5318,7.6682,9
2460880.744597,-20.6041,-45.4392,11.1564,7.8414,7.5318,7.6682,9
2460881.481457,-16.8844,-37.9123,11.1564,7.8414,7.5318,7.6682,9
2460881.516627,-21.4219,-48.4701,11.1564,7.8414,7.5318,7.6682,9
2460881.534377,-23.7568,-33.8607,11.1564,7.8414,7.5318,7.6682,9
2460881.564677,-27.7174,-45.9285,11.1564,7.8414,7.5318,7.6682,9
2460881.616477,-29.6540,-55.0723,11.1564,7.8414,7.5318,7.6682,9
2460881.633207,-19.9318,-44.3480,11.1564,7.8414,7.5318,7.6682,9
2460881.660697,-23.2375,-55.7394,11.1564,7.8414,7.5318,7.6682,9
2460881.676937,-21.8131,-35.4088,11.1564,7.8414,7.5318,7.6682,9
2460881.710467,-31.7938,-51.2466,11.1564,7.8414,7.5318,7.6682,9
2460881.726997,-17.0820,-39.7103,11.1564,7.8414,7.5318,7.6682,9
2460881.744527,-6.2655,-50.9949,11.1564,7.8414,7.5318,7.6682,9
2460882.509327,-6.9136,-29.3066,11.1564,7.8414,7.5318,7.6682,9
2460882.525757,-11.9569,-40.8270,11.1564,7.8414,7.5318,7.6682,9
2460882.588177,-29.1083,-40.4057,11.1564,7.8414,7.5318,7.6682,9
2460882.604857,-20.6545,-45.9553,11.1564,7.8414,7.5318,7.6682,9
2460882.666097,-28.9468,-39.0086,11.1564,7.8414,7.5318,7.6682,9
2460882.700017,-36.4660,-47.3134,11.1564,7.8414,7.5318,7.6682,9
2460882.717037,-15.9168,-24.8426,11.1564,7.8414,7.5318,7.6682,9
2460884.525107,-12.4441,-52.0361,11.1564,7.8414,7.5318,7.6682,9
2460885.469547,-26.3476,-39.1592,11.1564,7.8414,7.5318,7.6682,9
2460885.504267,-14.6684,-55.1891,11.1564,7.8414,7.5318,7.6682,9
2460885.539547,-18.9478,-31.3140,11.1564,7.8414,7.5318,7.6682,9
2460885.566737,-35.9397,-44.5309,11.1564,7.8414,7.5318,7.6682,9
2460885.594957,-22.1633,-43.3077,11.1564,7.8414,7.5318,7.6682,9
2460885.611977,-10.3312,-41.5555,11.1564,7.8414,7.5318,7.6682,9
2460885.628637,-28.2665,-45.9102,11.1564,7.8414,7.5318,7.6682,9
2460885.667677,-34.3799,-47.4556,11.1564,7.8414,7.5318,7.6682,9
2460885.697107,-23.8441,-39.8444,11.1564,7.8414,7.5318,7.6682,9
2460885.749647,-12.7071,-44.6365,11.1564,7.8414,7.5318,7.6682,9
2460886.607487,-6.7363,-31.0296,11.1564,7.8414,7.5318,7.6682,9
2460886.634317,-30.7116,-44.9079,11.1564,7.8414,7.5318,7.6682,9
2460886.650927,-10.0279,-49.9984,11.1564,7.8414,7.5318,7.6682,9
2460894.479447,-16.0896,-27.6365,11.1564,7.8414,7.5318,7.6682,9
2460894.498517,-18.7767,-31.9192,11.1564,7.8414,7.5318,7.6682,9
2460894.517467,-6.3045,-31.5402,11.1564,7.8414,7.5318,7.6682,9
2460894.533667,-25.9482,-48.7098,11.1564,7.8414,7.5318,7.6682,9
2460894.550777,-10.1292,-39.3040,11.1564,7.8414,7.5318,7.6682,9
2460894.567567,-18.2170,-43.5031,11.1564,7.8414,7.5318,7.6682,9
2460894.598247,-15.8932,-34.9158,11.1564,7.8414,7.5318,7.6682,9
2460894.634187,-15.9788,-33.0339,11.1564,7.8414,7.5318,7.6682,9
2460894.651157,-33.8011,-41.9386,11.1564,7.8414,7.5318,7.6682,9
2460894.668257,-16.9611,-27.6539,11.1564,7.8414,7.5318,7.6682,9
2460895.468617,-1.6249,-26.4143,11.1564,7.8414,7.5318,7.6682,9
2460895.502607,-19.5408,-41.7128,11.1564,7.8414,7.5318,7.6682,9
2460895.534897,-28.2707,-45.2091,11.1564,7.8414,7.5318,7.6682,9
2460895.551857,-29.4338,-33.0765,11.1564,7.8414,7.5318,7.6682,9
2460895.568467,-25.3323,-52.6214,11.1564,7.8414,7.5318,7.6682,9
2460895.587317,-24.4905,-48.8390,11.1564,7.8414,7.5318,7.6682,9
2460895.604167,-26.4713,-38.8720,11.1564,7.8414,7.5318,7.6682,9
2460895.631777,-14.1773,-52.2550,11.1564,7.8414,7.5318,7.6682,9
2460896.474427,-31.6710,-32.2274,11.1564,7.8414,7.5318,7.6682,9
2460896.502007,-22.3897,-33.2547,11.1564,7.8414,7.5318,7.6682,9
2460896.523247,-28.1897,-30.3308,11.1564,7.8414,7.5318,7.6682,9
2460896.544227,-22.9581,-56.8937,11.1564,7.8414,7.5318,7.6682,9
2460896.562087,-27.9748,-47.7733,11.1564,7.8414,7.5318,7.6682,9
2460896.578977,-25.0364,-21.5507,11.1564,7.8414,7.5318,7.6682,9
2460896.635637,-21.0505,-25.5052,11.1564,7.8414,7.5318,7.6682,9
2460896.670417,-25.3484,-38.8133,11.1564,7.8414,7.5318,7.6682,9
2460896.712587,-10.6902,-49.0326,11.1564,7.8414,7.5318,7.6682,9
2460897.481937,-1.6498,-36.6186,11.1564,7.8414,7.5318,7.6682,9
2460897.498657,-10.7084,-27.4595,11.1564,7.8414,7.5318,7.6682,9
2460898.467437,-30.2054,-51.7573,11.1564,7.8414,7.5318,7.6682,9
2460898.484457,-23.2313,-28.1565,11.1564,7.8414,7.5318,7.6682,9
2460898.521857,-17.3141,-46.5854,11.1564,7.8414,7.5318,7.6682,9
2460898.549107,-14.7045,-38.9533,11.1564,7.8414,7.5318,7.6682,9
2460898.565907,-17.6632,-28.9511,11.1564,7.8414,7.5318,7.6682,9
2460898.618447,-34.4120,-37.5831,11.1564,7.8414,7.5318,7.6682,9
2460898.635327,-21.6871,-42.9006,11.1564,7.8414,7.5318,7.6682,9
2460898.662727,-27.0638,-47.9522,11.1564,7.8414,7.5318,7.6682,9
2460898.679407,-24.6994,-55.8117,11.1564,7.8414,7.5318,7.6682,9
2460898.714987,-30.1967,-50.7678,11.1564,7.8414,7.5318,7.6682,9
2460899.581757,-34.9487,-27.4810,11.1564,7.8414,7.5318,7.6682,9
2460899.598397,-18.2934,-44.0153,11.1564,7.8414,7.5318,7.6682,9
2460899.616477,-34.0404,-45.1919,11.1564,7.8414,7.5318,7.6682,9
2460899.661387,-22.2883,-48.9444,11.1564,7.8414,7.5318,7.6682,9
2460899.681637,-24.8883,-35.3854,11.1564,7.8414,7.5318,7.6682,9
2460899.703177,-18.0096,-36.2583,11.1564,7.8414,7.5318,7.6682,9
2460900.483507,-10.4583,-55.9047,11.1564,7.8414,7.5318,7.6682,9
2460900.541397,-23.1910,-32.0977,11.1564,7.8414,7.5318,7.6682,9
2460900.558647,-22.7191,-40.7658,11.1564,7.8414,7.5318,7.6682,9
2460900.575717,-19.8245,-43.4932,11.1564,7.8414,7.5318,7.6682,9
2460900.609287,-18.3723,-39.8600,11.1564,7.8414,7.5318,7.6682,9
2460900.639867,-21.8381,-36.9763,11.1564,7.8414,7.5318,7.6682,9
2460900.656557,-26.5540,-29.6760,11.1564,7.8414,7.5318,7.6682,9
2460900.673627,-15.5276,-39.3380,11.1564,7.8414,7.5318,7.6682,9
2460900.692277,-12.2075,-46.5485,11.1564,7.8414,7.5318,7.6682,9
2460901.543687,-25.9587,-33.3932,11.1564,7.8414,7.5318,7.6682,9
2460901.560567,-11.2843,-19.8811,11.1564,7.8414,7.5318,7.6682,9
2460901.577087,-22.3734,-40.5594,11.1564,7.8414,7.5318,7.6682,9
2460901.620537,-11.5249,-44.9594,11.1564,7.8414,7.5318,7.6682,9
2460901.641507,-20.6210,-35.1077,11.1564,7.8414,7.5318,7.6682,9
2460901.646767,-16.6549,-44.0607,11.1564,7.8414,7.5318,7.6682,9
2460901.680577,-19.7303,-34.6520,11.1564,7.8414,7.5318,7.6682,9
2460901.697707,-23.8107,-49.2797,11.1564,7.8414,7.5318,7.6682,9
2460902.466027,-23.1408,-53.7699,11.1564,7.8414,7.5318,7.6682,9
2460902.490677,-19.8665,-47.0705,11.1564,7.8414,7.5318,7.6682,9
2460902.532527,-25.3722,-59.7138,11.1564,7.8414,7.5318,7.6682,9
2460904.473347,-19.6897,-49.3519,11.1564,7.8414,7.5318,7.6682,9
2460904.494757,-21.2343,-46.8308,11.1564,7.8414,7.5318,7.6682,9
2460904.555217,-8.6636,-55.5523,11.1564,7.8414,7.5318,7.6682,9
2460904.615767,-24.4903,-46.5376,11.1564,7.8414,7.5318,7.6682,9
2460904.680217,-33.0531,-33.9927,11.1564,7.8414,7.5318,7.6682,9
2460905.644217,-19.2096,-50.9818,11.1564,7.8414,7.5318,7.6682,9
2460907.607377,-10.0762,-30.4081,11.1564,7.8414,7.5318,7.6682,9
2460907.624357,-6.5509,-42.2742,11.1564,7.8414,7.5318,7.6682,9
2460907.644917,-22.6629,-30.0836,11.1564,7.8414,7.5318,7.6682,9
2460907.672407,-18.8123,-28.8556,11.1564,7.8414,7.5318,7.6682,9
2460908.517327,-15.3572,-34.6251,11.1564,7.8414,7.5318,7.6682,9
2460908.545507,-11.9186,-40.4641,11.1564,7.8414,7.5318,7.6682,9
2460908.581307,-17.9825,-45.4472,11.1564,7.8414,7.5318,7.6682,9
2460908.597997,-14.1681,-41.3277,11.1564,7.8414,7.5318,7.6682,9
2460908.635407,-26.0291,-51.5004,11.1564,7.8414,7.5318,7.6682,9
2460908.681627,-13.7813,-47.4170,11.1564,7.8414,7.5318,7.6682,9
2460911.476347,-13.1620,-33.3203,11.1564,7.8414,7.5318,7.6682,9
2460911.498667,-27.8125,-46.7541,11.1564,7.8414,7.5318,7.6682,9
2460911.525867,-24.1136,-50.1813,11.1564,7.8414,7.5318,7.6682,9
2460911.544177,-19.6561,-37.3946,11.1564,7.8414,7.5318,7.6682,9
2460911.578097,-27.5599,-28.0619,11.1564,7.8414,7.5318,7.6682,9
2460912.474897,-23.3412,-44.3455,11.1564,7.8414,7.5318,7.6682,9
2460912.502407,-24.1188,-27.4372,11.1564,7.8414,7.5318,7.6682,9
2460912.521467,-19.1111,-54.0304,11.1564,7.8414,7.5318,7.6682,9
2460912.538157,-30.6367,-45.0096,11.1564,7.8414,7.5318,7.6682,9
2460912.555107,-22.7426,-29.2340,11.1564,7.8414,7.5318,7.6682,9
2460912.571947,-25.8519,-49.5425,11.1564,7.8414,7.5318,7.6682,9
2460912.590167,-17.6484,-49.6273,11.1564,7.8414,7.5318,7.6682,9
2460912.617067,-20.0148,-54.1314,11.1564,7.8414,7.5318,7.6682,9
2460912.633757,-26.3070,-33.1348,11.1564,7.8414,7.5318,7.6682,9
2460913.498127,-19.8842,-52.6032,11.1564,7.8414,7.5318,7.6682,9
2460913.574397,-24.5390,-37.5502,11.1564,7.8414,7.5318,7.6682,9
2460913.605247,-17.4071,-54.5180,11.1564,7.8414,7.5318,7.6682,9
2460913.622177,-27.7450,-39.5535,11.1564,7.8414,7.5318,7.6682,9
2460914.529267,-30.6092,-55.1826,11.1564,7.8414,7.5318,7.6682,9
2460914.545677,-22.7916,-47.5576,11.1564,7.8414,7.5318,7.6682,9
2460914.631407,-22.1024,-39.5578,11.1564,7.8414,7.5318,7.6682,9
2460914.648257,-18.7380,-42.2048,11.1564,7.8414,7.5318,7.6682,9
2460915.514437,-8.4845,-20.6799,11.1564,7.8414,7.5318,7.6682,9
2460915.550257,-27.0921,-40.2624,11.1564,7.8414,7.5318,7.6682,9
2460915.630327,-14.0403,-37.1156,11.1564,7.8414,7.5318,7.6682,9
2460916.484987,-14.8746,-41.9427,11.1564,7.8414,7.5318,7.6682,9
2460916.502117,-13.3848,-47.8449,11.1564,7.8414,7.5318,7.6682,9
2460916.523347,-22.1022,-43.5828,11.1564,7.8414,7.5318,7.6682,9
2460916.540077,-26.6203,-26.8767,11.1564,7.8414,7.5318,7.6682,9
2460916.557067,-31.0715,-39.6867,11.1564,7.8414,7.5318,7.6682,9
2460916.573687,-17.9948,-25.4672,11.1564,7.8414,7.5318,7.6682,9
2460916.602737,-8.4864,-57.8029,11.1564,7.8414,7.5318,7.6682,9
2460916.619287,-28.8761,-24.2838,11.1564,7.8414,7.5318,7.6682,9
2460916.654927,-35.8427,-37.6877,11.1564,7.8414,7.5318,7.6682,9
2460916.671617,-31.9180,-50.4876,11.1564,7.8414,7.5318,7.6682,9
2460919.570607,-14.6858,-30.4805,11.1564,7.8414,7.5318,7.6682,9
2460923.488907,-22.0290,-50.4066,11.1564,7.8414,7.5318,7.6682,9
2460923.518097,-32.3631,-32.8681,11.1564,7.8414,7.5318,7.6682,9
2460923.586927,-21.8682,-35.7807,11.1564,7.8414,7.5318,7.6682,9
2460923.631077,-6.5100,-43.1130,11.1564,7.8414,7.5318,7.6682,9
2460924.509127,-19.1675,-30.6242,11.1564,7.8414,7.5318,7.6682,9
2460924.529857,-16.4043,-35.4049,11.1564,7.8414,7.5318,7.6682,9
2460924.558037,-12.4858,-28.4215,11.1564,7.8414,7.5318,7.6682,9
2460924.575027,-20.5503,-48.3972,11.1564,7.8414,7.5318,7.6682,9
2460924.591807,-28.4686,-35.9018,11.1564,7.8414,7.5318,7.6682,9
2460924.608707,-15.9739,-36.8546,11.1564,7.8414,7.5318,7.6682,9
2460924.625217,-28.0314,-46.0317,11.1564,7.8414,7.5318,7.6682,9
2460925.481077,-29.1262,-50.7439,11.1564,7.8414,7.5318,7.6682,9
2460925.497227,-25.2581,-38.4669,11.1564,7.8414,7.5318,7.6682,9
2460925.513767,-24.9820,-38.6633,11.1564,7.8414,7.5318,7.6682,9
2460925.533527,-19.6408,-45.5776,11.1564,7.8414,7.5318,7.6682,9
2460925.550707,-32.3482,-42.1865,11.1564,7.8414,7.5318,7.6682,9
2460925.595557,-29.2526,-45.3726,11.1564,7.8414,7.5318,7.6682,9
2460927.474187,-11.1735,-38.0221,11.1564,7.8414,7.5318,7.6682,9
2460927.507877,-15.9625,-43.9013,11.1564,7.8414,7.5318,7.6682,9
2460927.524707,-19.9958,-37.3685,11.1564,7.8414,7.5318,7.6682,9
2460927.552167,-20.5136,-32.0253,11.1564,7.8414,7.5318,7.6682,9
2460927.588387,-26.9735,-38.7360,11.1564,7.8414,7.5318,7.6682,9
2460927.607197,-26.6393,-38.6460,11.1564,7.8414,7.5318,7.6682,9
2460927.624537,-20.1359,-29.6570,11.1564,7.8414,7.5318,7.6682,9
2460928.492487,-18.1604,-49.4408,11.1564,7.8414,7.5318,7.6682,9
2460928.515627,-19.2196,-45.0425,11.1564,7.8414,7.5318,7.6682,9
2460928.554827,-26.9876,-26.2277,11.1564,7.8414,7.5318,7.6682,9
2460928.571527,-18.0469,-40.9163,11.1564,7.8414,7.5318,7.6682,9
2460928.588017,-25.3437,-44.1225,11.1564,7.8414,7.5318,7.6682,9
2460928.617477,-25.7140,-54.8224,11.1564,7.8414,7.5318,7.6682,9
2460928.633827,-32.9888,-27.4090,11.1564,7.8414,7.5318,7.6682,9
2460929.484337,-33.4082,-47.3779,11.1564,7.8414,7.5318,7.6682,9
2460929.502467,-29.7087,-52.1395,11.1564,7.8414,7.5318,7.6682,9
2460929.546057,-11.1424,-44.2675,11.1564,7.8414,7.5318,7.6682,9
2460929.619917,-29.7242,-30.0399,11.1564,7.8414,7.5318,7.6682,9
2460930.494597,-27.1117,-44.2208,11.1564,7.8414,7.5318,7.6682,9
2460930.513917,-26.9958,-43.3697,11.1564,7.8414,7.5318,7.6682,9
2460930.532417,-17.7139,-45.0331,11.1564,7.8414,7.5318,7.6682,9
2460930.549507,-25.2434,-43.8300,11.1564,7.8414,7.5318,7.6682,9
2460930.568167,-36.1988,-49.3161,11.1564,7.8414,7.5318,7.6682,9
2460930.597037,-20.1014,-38.6196,11.1564,7.8414,7.5318,7.6682,9
2460930.618707,-16.2529,-40.7985,11.1564,7.8414,7.5318,7.6682,9
2460931.494227,-17.6466,-25.3622,11.1564,7.8414,7.5318,7.6682,9
2460931.542217,-18.9014,-33.4471,11.1564,7.8414,7.5318,7.6682,9
2460931.589517,-18.9940,-57.3250,11.1564,7.8414,7.5318,7.6682,9
2460931.606707,-2.2705,-49.0500,11.1564,7.8414,7.5318,7.6682,9
2460932.485717,-17.9787,-47.7943,11.1564,7.8414,7.5318,7.6682,9
2460932.513207,-22.5302,-38.0180,11.1564,7.8414,7.5318,7.6682,9
2460932.530037,-27.8880,-35.5838,11.1564,7.8414,7.5318,7.6682,9
2460932.548967,-20.3089,-45.0829,11.1564,7.8414,7.5318,7.6682,9
2460932.573877,-24.3776,-43.1509,11.1564,7.8414,7.5318,7.6682,9
2460932.621297,-24.5783,-46.5580,11.1564,7.8414,7.5318,7.6682,9
2460933.492797,-11.0515,-46.5752,11.1564,7.8414,7.5318,7.6682,9
2460933.528217,-35.8554,-44.5165,11.1564,7.8414,7.5318,7.6682,9
2460933.593397,-19.7770,-41.2962,11.1564,7.8414,7.5318,7.6682,9
2460933.610107,-23.4803,-31.7125,11.1564,7.8414,7.5318,7.6682,9
2460934.479597,-20.8542,-38.2306,11.1564,7.8414,7.5318,7.6682,9
2460934.501117,-9.9214,-42.3561,11.1564,7.8414,7.5318,7.6682,9
2460934.528787,-31.9916,-35.4576,11.1564,7.8414,7.5318,7.6682,9
2460934.562187,-23.1776,-38.4680,11.1564,7.8414,7.5318,7.6682,9
2460934.595857,-35.4722,-43.7591,11.1564,7.8414,7.5318,7.6682,9
2460934.623167,-24.8850,-49.9273,11.1564,7.8414,7.5318,7.6682,9
2460935.493267,-8.2492,-40.4771,11.1564,7.8414,7.5318,7.6682,9
2460935.546367,-7.7742,-48.1365,11.1564,7.8414,7.5318,7.6682,9
2460935.573337,-21.5220,-41.6738,11.1564,7.8414,7.5318,7.6682,9
2460935.607237,-25.8938,-43.8375,11.1564,7.8414,7.5318,7.6682,9
2460936.522397,-24.2007,-46.9227,11.1564,7.8414,7.5318,7.6682,9
2460936.555957,-21.7876,-40.3321,11.1564,7.8414,7.5318,7.6682,9
2460936.572737,-32.0056,-38.2887,11.1564,7.8414,7.5318,7.6682,9
2460936.589467,-26.9173,-35.1140,11.1564,7.8414,7.5318,7.6682,9
2460936.606387,-32.7545,-49.9807,11.1564,7.8414,7.5318,7.6682,9
2460937.484697,-11.0742,-37.6659,11.1564,7.8414,7.5318,7.6682,9
2460937.518697,-21.8602,-53.1154,11.1564,7.8414,7.5318,7.6682,9
2460937.535117,-34.9401,-53.7851,11.1564,7.8414,7.5318,7.6682,9
2460937.580227,-28.9158,-42.4257,11.1564,7.8414,7.5318,7.6682,9
2460937.597197,-19.4443,-40.9388,11.1564,7.8414,7.5318,7.6682,9
2460938.518617,-3.5396,-47.2998,11.1564,7.8414,7.5318,7.6682,9
2460939.536387,-15.0693,-36.0859,11.1564,7.8414,7.5318,7.6682,9
2460940.528887,-16.5391,-27.3224,11.1564,7.8414,7.5318,7.6682,9
2460941.531687,-24.0685,-45.0537,11.1564,7.8414,7.5318,7.6682,9
2460941.549697,-25.4341,-50.2590,11.1564,7.8414,7.5318,7.6682,9
2460941.566297,-19.0598,-44.5824,11.1564,7.8414,7.5318,7.6682,9
2460941.582757,-8.9365,-27.8707,11.1564,7.8414,7.5318,7.6682,9
2460941.602257,-10.4374,-43.8956,11.1564,7.8414,7.5318,7.6682,9
2460942.518787,-18.9561,-28.1791,11.1564,7.8414,7.5318,7.6682,9
2460942.589837,-9.0059,-40.7548,11.1564,7.8414,7.5318,7.6682,9
2460943.503567,-12.7394,-38.4479,11.1564,7.8414,7.5318,7.6682,9
2460943.520867,-8.1879,-40.6594,11.1564,7.8414,7.5318,7.6682,9
2460943.581417,-25.2867,-48.2018,11.1564,7.8414,7.5318,7.6682,9
2460944.488857,-26.7965,-49.7391,11.1564,7.8414,7.5318,7.6682,9
2460946.512427,-21.2024,-29.7611,11.1564,7.8414,7.5318,7.6682,9
2460946.531837,-10.7663,-41.7488,11.1564,7.8414,7.5318,7.6682,9
2460946.549167,-18.5413,-53.7345,11.1564,7.8414,7.5318,7.6682,9
2460946.566127,-17.3632,-51.6342,11.1564,7.8414,7.5318,7.6682,9
2460946.583007,-32.8187,-26.8132,11.1564,7.8414,7.5318,7.6682,9
2460949.540317,-33.2312,-50.4203,11.1564,7.8414,7.5318,7.6682,9
2460949.556917,-12.5966,-48.2694,11.1564,7.8414,7.5318,7.6682,9
2460949.573957,-20.6129,-41.3865,11.1564,7.8414,7.5318,7.6682,9
2460950.482857,-23.5864,-34.8621,11.1564,7.8414,7.5318,7.6682,9
2460950.499477,-23.9802,-40.1530,11.1564,7.8414,7.5318,7.6682,9
2460950.530417,-31.5557,-55.6657,11.1564,7.8414,7.5318,7.6682,9
2460950.548627,-26.7430,-34.9541,11.1564,7.8414,7.5318,7.6682,9
2460951.484867,-19.5189,-41.5122,11.1564,7.8414,7.5318,7.6682,9
2460951.501637,-32.4690,-42.0944,11.1564,7.8414,7.5318,7.6682,9
2460951.519007,-28.4678,-35.6668,11.1564,7.8414,7.5318,7.6682,9
2460951.546247,-24.8188,-23.7412,11.1564,7.8414,7.5318,7.6682,9
2460951.570317,-18.2943,-40.6124,11.1564,7.8414,7.5318,7.6682,9
2460952.493967,-19.3564,-42.0857,11.1564,7.8414,7.5318,7.6682,9
2460952.513727,-28.3570,-50.4323,11.1564,7.8414,7.5318,7.6682,9
2460952.530087,-33.0833,-40.4141,11.1564,7.8414,7.5318,7.6682,9
2460952.559277,-19.1222,-44.4947,11.1564,7.8414,7.5318,7.6682,9
2460953.520957,-18.9200,-46.8818,11.1564,7.8414,7.5318,7.6682,9
2460953.564477,-24.7139,-40.9273,11.1564,7.8414,7.5318,7.6682,9
2460954.547997,-27.7052,-36.7653,11.1564,7.8414,7.5318,7.6682,9
2460955.487127,-31.5006,-42.3192,11.1564,7.8414,7.5318,7.6682,9
2460955.503517,-33.0158,-50.8276,11.1564,7.8414,7.5318,7.6682,9
2460955.531077,-20.8523,-31.9532,11.1564,7.8414,7.5318,7.6682,9
2460956.488647,-26.7314,-33.5781,11.1564,7.8414,7.5318,7.6682,9
2460956.506777,-20.1025,-35.4676,11.1564,7.8414,7.5318,7.6682,9
2460956.523247,-22.0865,-43.6055,11.1564,7.8414,7.5318,7.6682,9
2460957.488877,-14.1680,-34.8803,11.1564,7.8414,7.5318,7.6682,9
2460957.505757,-29.0781,-49.7889,11.1564,7.8414,7.5318,7.6682,9
2460957.525037,-25.2610,-42.7532,11.1564,7.8414,7.5318,7.6682,9
2460957.544547,-33.2976,-47.5347,11.1564,7.8414,7.5318,7.6682,9
2460958.506737,-34.0684,-38.2860,11.1564,7.8414,7.5318,7.6682,9
2460958.552807,-13.2095,-48.9127,11.1564,7.8414,7.5318,7.6682,9
2460960.526517,-25.7450,-44.6126,11.1564,7.8414,7.5318,7.6682,9
2460960.543287,-22.1354,-39.6710,11.1564,7.8414,7.5318,7.6682,9
2460961.498107,-28.5731,-31.0856,11.1564,7.8414,7.5318,7.6682,9
2460961.544427,-19.6926,-44.2696,11.1564,7.8414,7.5318,7.6682,9
2460962.516687,-35.2916,-36.0763,11.1564,7.8414,7.5318,7.6682,9
2460962.533407,-21.8003,-48.3797,11.1564,7.8414,7.5318,7.6682,9
2460964.511117,-23.3640,-46.5124,11.1564,7.8414,7.5318,7.6682,9
2460964.532537,-28.4533,-47.4185,11.1564,7.8414,7.5318,7.6682,9
2460965.514097,-31.8856,-27.7325,11.1564,7.8414,7.5318,7.6682,9
2460965.534897,-10.6311,-49.2699,11.1564,7.8414,7.5318,7.6682,9
2460966.514087,-29.2359,-38.8873,11.1564,7.8414,7.5318,7.6682,9
2460966.530697,-13.5337,-54.3234,11.1564,7.8414,7.5318,7.6682,9
2460967.521647,-23.8518,-42.9460,11.1564,7.8414,7.5318,7.6682,9
2460969.526187,-11.3724,-30.5239,11.1564,7.8414,7.5318,7.6682,9
2461091.865857,-18.0858,-61.3882,11.1564,7.8414,10.4836,7.0534,10
2461092.860347,-32.0844,-54.5635,11.1564,7.8414,10.4836,7.0534,10
2461092.887687,-26.3089,-61.9676,11.1564,7.8414,10.4836,7.0534,10
2461093.867817,-28.5146,-43.9315,11.1564,7.8414,10.4836,7.0534,10
2461093.886207,-25.5313,-51.0978,11.1564,7.8414,10.4836,7.0534,10
2461094.869137,-22.2688,-54.3824,11.1564,7.8414,10.4836,7.0534,10
2461094.888727,-23.8169,-33.5209,11.1564,7.8414,10.4836,7.0534,10
2461095.875847,-17.9884,-48.6752,11.1564,7.8414,10.4836,7.0534,10
2461096.894747,-23.9557,-36.7323,11.1564,7.8414,10.4836,7.0534,10
2461097.848037,-16.8506,-47.7424,11.1564,7.8414,10.4836,7.0534,10
2461097.885647,-27.8637,-57.7819,11.1564,7.8414,10.4836,7.0534,10
2461097.902167,-12.1481,-39.4242,11.1564,7.8414,10.4836,7.0534,10
2461098.877237,-24.4598,-42.1526,11.1564,7.8414,10.4836,7.0534,10
2461099.840877,-15.6101,-53.3002,11.1564,7.8414,10.4836,7.0534,10
2461099.888727,-23.8503,-39.8176,11.1564,7.8414,10.4836,7.0534,10
2461099.905317,-23.5796,-49.2144,11.1564,7.8414,10.4836,7.0534,10
2461100.876427,-29.1200,-47.7955,11.1564,7.8414,10.4836,7.0534,10
2461101.834337,-23.2627,-48.4504,11.1564,7.8414,10.4836,7.0534,10
2461101.868127,-18.4541,-56.3235,11.1564,7.8414,10.4836,7.0534,10
2461101.895407,-26.4286,-42.5631,11.1564,7.8414,10.4836,7.0534,10
2461102.830927,-20.0557,-31.3006,11.1564,7.8414,10.4836,7.0534,10
2461102.847847,-28.1046,-45.7296,11.1564,7.8414,10.4836,7.0534,10
2461102.851657,-19.1496,-38.7218,11.1564,7.8414,10.4836,7.0534,10
2461103.841097,-26.6769,-49.4759,11.1564,7.8414,10.4836,7.0534,10
2461103.857737,-30.8784,-52.3927,11.1564,7.8414,10.4836,7.0534,10
2461103.874867,-21.8663,-45.3625,11.1564,7.8414,10.4836,7.0534,10
2461103.903737,-20.5982,-47.0105,11.1564,7.8414,10.4836,7.0534,10
2461104.837427,-19.9905,-43.8299,11.1564,7.8414,10.4836,7.0534,10
2461104.906457,-12.2386,-41.7267,11.1564,7.8414,10.4836,7.0534,10
2461105.835427,-33.7445,-45.4295,11.1564,7.8414,10.4836,7.0534,10
2461105.852277,-27.1486,-46.1281,11.1564,7.8414,10.4836,7.0534,10
2461105.888087,-21.8727,-54.6630,11.1564,7.8414,10.4836,7.0534,10
2461106.821467,-21.5995,-33.0700,11.1564,7.8414,10.4836,7.0534,10
2461106.855127,-19.5266,-40.1435,11.1564,7.8414,10.4836,7.0534,10
2461106.873537,-32.9635,-56.9910,11.1564,7.8414,10.4836,7.0534,10
2461106.890537,-31.9136,-39.6081,11.1564,7.8414,10.4836,7.0534,10
2461108.835317,-34.5836,-39.7703,11.1564,7.8414,10.4836,7.0534,10
2461108.852667,-21.6036,-40.2126,11.1564,7.8414,10.4836,7.0534,10
2461108.879977,-34.7133,-55.9860,11.1564,7.8414,10.4836,7.0534,10
2461108.897457,-25.7713,-47.4571,11.1564,7.8414,10.4836,7.0534,10
2461109.829827,-22.3025,-43.9529,11.1564,7.8414,10.4836,7.0534,10
2461112.888627,-20.1184,-34.4104,11.1564,7.8414,10.4836,7.0534,10
2461113.811877,-25.8099,-53.2619,11.1564,7.8414,10.4836,7.0534,10
2461113.830077,-31.7984,-43.7579,11.1564,7.8414,10.4836,7.0534,10
2461113.880827,-27.6182,-61.2129,11.1564,7.8414,10.4836,7.0534,10
2461114.808997,-15.5871,-55.4333,11.1564,7.8414,10.4836,7.0534,10
2461114.843057,-27.6008,-47.8134,11.1564,7.8414,10.4836,7.0534,10
2461114.859427,-24.3419,-56.4236,11.1564,7.8414,10.4836,7.0534,10
2461114.905327,-26.0080,-40.6391,11.1564,7.8414,10.4836,7.0534,10
2461115.815567,-18.6236,-46.4251,11.1564,7.8414,10.4836,7.0534,10
2461115.842677,-23.7893,-51.0205,11.1564,7.8414,10.4836,7.0534,10
2461115.861067,-17.7579,-39.0824,11.1564,7.8414,10.4836,7.0534,10
2461115.881037,-27.6422,-42.0528,11.1564,7.8414,10.4836,7.0534,10
2461115.898127,-25.9486,-53.2739,11.1564,7.8414,10.4836,7.0534,10
2461116.798187,-7.4043,-54.2172,11.1564,7.8414,10.4836,7.0534,10
2461116.836077,-17.2192,-52.5277,11.1564,7.8414,10.4836,7.0534,10
2461117.802207,-25.5735,-45.2445,11.1564,7.8414,10.4836,7.0534,10
2461117.805157,-18.7715,-55.6527,11.1564,7.8414,10.4836,7.0534,10
2461117.820527,-24.6754,-52.0591,11.1564,7.8414,10.4836,7.0534,10
2461117.865027,-21.0074,-44.9180,11.1564,7.8414,10.4836,7.0534,10
2461118.785527,-20.1389,-52.0082,11.1564,7.8414,10.4836,7.0534,10
2461118.813537,-24.1129,-46.0974,11.1564,7.8414,10.4836,7.0534,10
2461118.830097,-18.0375,-40.5787,11.1564,7.8414,10.4836,7.0534,10
2461118.846617,-19.4408,-49.3034,11.1564,7.8414,10.4836,7.0534,10
2461118.880237,-32.9300,-51.3057,11.1564,7.8414,10.4836,7.0534,10
2461118.909967,-12.3632,-34.8865,11.1564,7.8414,10.4836,7.0534,10
2461120.840427,-31.7056,-53.8310,11.1564,7.8414,10.4836,7.0534,10
2461121.831407,-19.7867,-58.9023,11.1564,7.8414,10.4836,7.0534,10
2461121.858397,-16.0856,-53.4141,11.1564,7.8414,10.4836,7.0534,10
2461121.874847,-30.4097,-57.4177,11.1564,7.8414,10.4836,7.0534,10
2461122.862727,-7.4767,-57.2084,11.1564,7.8414,10.4836,7.0534,10
2461122.880957,-11.0624,-47.3198,11.1564,7.8414,10.4836,7.0534,10
2461122.897487,-17.0722,-51.2796,11.1564,7.8414,10.4836,7.0534,10
2461123.771677,-24.1649,-46.6194,11.1564,7.8414,10.4836,7.0534,10
2461123.789667,-30.2299,-45.2959,11.1564,7.8414,10.4836,7.0534,10
2461123.823587,-17.9951,-44.7637,11.1564,7.8414,10.4836,7.0534,10
2461123.870267,-33.3130,-38.3017,11.1564,7.8414,10.4836,7.0534,10
2461123.905667,-18.9457,-38.0998,11.1564,7.8414,10.4836,7.0534,10
2461124.774707,-24.5679,-58.1954,11.1564,7.8414,10.4836,7.0534,10
2461124.793347,-18.5761,-45.3076,11.1564,7.8414,10.4836,7.0534,10
2461124.813367,-27.2834,-52.2667,11.1564,7.8414,10.4836,7.0534,10
2461124.834307,-26.0260,-44.6416,11.1564,7.8414,10.4836,7.0534,10
2461124.851707,-10.8571,-35.1579,11.1564,7.8414,10.4836,7.0534,10
2461125.778837,-25.8193,-56.7304,11.1564,7.8414,10.4836,7.0534,10
2461125.812137,-24.8180,-49.8101,11.1564,7.8414,10.4836,7.0534,10
2461125.839127,-19.0180,-47.9188,11.1564,7.8414,10.4836,7.0534,10
2461125.855927,-23.7491,-38.9244,11.1564,7.8414,10.4836,7.0534,10
2461125.895257,-26.3220,-52.0817,11.1564,7.8414,10.4836,7.0534,10
2461126.771797,-28.1683,-42.8255,11.1564,7.8414,10.4836,7.0534,10
2461126.789147,-29.3933,-47.4810,11.1564,7.8414,10.4836,7.0534,10
2461126.807717,-18.6516,-53.3227,11.1564,7.8414,10.4836,7.0534,10
2461126.825787,-15.8317,-49.9599,11.1564,7.8414,10.4836,7.0534,10
2461126.874947,-26.9190,-46.9012,11.1564,7.8414,10.4836,7.0534,10
2461126.893127,-30.0258,-54.7667,11.1564,7.8414,10.4836,7.0534,10
2461126.909807,-19.8658,-40.2077,11.1564,7.8414,10.4836,7.0534,10
2461127.763697,-22.0747,-33.6378,11.1564,7.8414,10.4836,7.0534,10
2461127.780977,-18.0026,-40.0466,11.1564,7.8414,10.4836,7.0534,10
2461127.816417,-18.7401,-46.1557,11.1564,7.8414,10.4836,7.0534,10
2461127.883997,-22.5503,-47.5731,11.1564,7.8414,10.4836,7.0534,10
2461127.914227,-15.9670,-48.6560,11.1564,7.8414,10.4836,7.0534,10
2461128.769707,-14.9884,-43.7161,11.1564,7.8414,10.4836,7.0534,10
2461128.789127,-10.6600,-37.8805,11.1564,7.8414,10.4836,7.0534,10
2461128.831687,-23.6400,-55.6572,11.1564,7.8414,10.4836,7.0534,10
2461128.848187,-15.7062,-52.4317,11.1564,7.8414,10.4836,7.0534,10
2461128.881207,-32.6276,-59.5995,11.1564,7.8414,10.4836,7.0534,10
2461129.771287,-19.6858,-40.9790,11.1564,7.8414,10.4836,7.0534,10
2461129.791977,-11.2501,-49.3978,11.1564,7.8414,10.4836,7.0534,10
2461129.808277,-18.7087,-50.0428,11.1564,7.8414,10.4836,7.0534,10
2461129.826847,-28.5920,-46.0416,11.1564,7.8414,10.4836,7.0534,10
2461129.870917,-8.2557,-42.7321,11.1564,7.8414,10.4836,7.0534,10
2461129.893257,-13.3042,-41.2250,11.1564,7.8414,10.4836,7.0534,10
2461130.807487,-13.0514,-37.0085,11.1564,7.8414,10.4836,7.0534,10
2461130.825747,-15.8090,-40.3411,11.1564,7.8414,10.4836,7.0534,10
2461130.842707,-29.7902,-46.0119,11.1564,7.8414,10.4836,7.0534,10
2461130.860167,-16.6711,-51.7192,11.1564,7.8414,10.4836,7.0534,10
2461130.888537,-31.2528,-41.7035,11.1564,7.8414,10.4836,7.0534,10
2461130.907277,-27.4206,-40.9229,11.1564,7.8414,10.4836,7.0534,10
2461131.772117,-23.8325,-53.1296,11.1564,7.8414,10.4836,7.0534,10
2461131.799397,-16.1951,-42.1127,11.1564,7.8414,10.4836,7.0534,10
2461131.834477,-20.3617,-39.0111,11.1564,7.8414,10.4836,7.0534,10
2461131.851027,-16.9331,-43.0893,11.1564,7.8414,10.4836,7.0534,10
2461131.885157,-7.9366,-39.6753,11.1564,7.8414,10.4836,7.0534,10
2461132.776377,-16.7366,-50.5635,11.1564,7.8414,10.4836,7.0534,10
2461132.916907,-26.0423,-43.3209,11.1564,7.8414,10.4836,7.0534,10
2461133.771427,-16.2864,-35.4077,11.1564,7.8414,10.4836,7.0534,10
2461133.788217,-24.4412,-46.2811,11.1564,7.8414,10.4836,7.0534,10
2461133.815877,-21.7169,-47.8547,11.1564,7.8414,10.4836,7.0534,10
2461133.834677,-21.3405,-36.5025,11.1564,7.8414,10.4836,7.0534,10
2461133.906507,-27.7593,-48.3181,11.1564,7.8414,10.4836,7.0534,10
2461134.744927,-27.2898,-40.3213,11.1564,7.8414,10.4836,7.0534,10
2461134.794867,-20.1244,-57.7894,11.1564,7.8414,10.4836,7.0534,10
2461134.811907,-28.0007,-53.7543,11.1564,7.8414,10.4836,7.0534,10
2461134.872897,-18.7908,-43.8504,11.1564,7.8414,10.4836,7.0534,10
2461134.891147,-16.0616,-39.1833,11.1564,7.8414,10.4836,7.0534,10
2461135.751757,-31.8038,-53.9452,11.1564,7.8414,10.4836,7.0534,10
2461135.768377,-31.6854,-45.2067,11.1564,7.8414,10.4836,7.0534,10
2461135.785327,-30.7911,-53.1926,11.1564,7.8414,10.4836,7.0534,10
2461135.830597,-22.9712,-41.8966,11.1564,7.8414,10.4836,7.0534,10
2461135.859757,-26.6918,-52.8886,11.1564,7.8414,10.4836,7.0534,10
2461135.911097,-11.5971,-39.3570,11.1564,7.8414,10.4836,7.0534,10
2461136.750697,-27.6894,-47.7527,11.1564,7.8414,10.4836,7.0534,10
2461136.767887,-24.8980,-43.7703,11.1564,7.8414,10.4836,7.0534,10
2461136.785667,-27.1291,-58.6134,11.1564,7.8414,10.4836,7.0534,10
2461136.802727,-16.1572,-35.0047,11.1564,7.8414,10.4836,7.0534,10
2461136.864367,-23.0700,-56.9326,11.1564,7.8414,10.4836,7.0534,10
2461136.881967,-19.1863,-51.3322,11.1564,7.8414,10.4836,7.0534,10
2461136.899367,-22.9279,-41.4172,11.1564,7.8414,10.4836,7.0534,10
2461136.916537,-10.4117,-44.4468,11.1564,7.8414,10.4836,7.0534,10
2461137.738337,-18.7129,-40.7503,11.1564,7.8414,10.4836,7.0534,10
2461137.754827,-24.9263,-38.1294,11.1564,7.8414,10.4836,7.0534,10
2461137.807027,-14.5780,-37.6270,11.1564,7.8414,10.4836,7.0534,10
2461137.823707,-11.7509,-41.4405,11.1564,7.8414,10.4836,7.0534,10
2461137.851007,-14.2694,-33.4702,11.1564,7.8414,10.4836,7.0534,10
2461137.869817,-22.0890,-43.3753,11.1564,7.8414,10.4836,7.0534,10
2461137.889027,-26.0724,-44.9363,11.1564,7.8414,10.4836,7.0534,10
2461139.759517,-8.0508,-35.9920,11.1564,7.8414,10.4836,7.0534,10
2461139.796527,-14.2449,-31.5932,11.1564,7.8414,10.4836,7.0534,10
2461140.749607,-23.5227,-50.1879,11.1564,7.8414,10.4836,7.0534,10
2461140.766647,-21.5095,-42.7034,11.1564,7.8414,10.4836,7.0534,10
2461140.817777,-21.6317,-45.8359,11.1564,7.8414,10.4836,7.0534,10
2461140.834847,-18.7591,-48.0318,11.1564,7.8414,10.4836,7.0534,10
2461140.866277,-28.0985,-46.3567,11.1564,7.8414,10.4836,7.0534,10
2461140.882977,-25.5198,-47.0037,11.1564,7.8414,10.4836,7.0534,10
2461140.899737,-25.8045,-57.2913,11.1564,7.8414,10.4836,7.0534,10
2461140.918137,-25.2998,-45.8289,11.1564,7.8414,10.4836,7.0534,10
2461141.741097,-20.0146,-36.9788,11.1564,7.8414,10.4836,7.0534,10
2461141.813657,-30.4592,-39.8297,11.1564,7.8414,10.4836,7.0534,10
2461141.842117,-11.4437,-54.1423,11.1564,7.8414,10.4836,7.0534,10
2461141.879637,-32.2710,-51.8585,11.1564,7.8414,10.4836,7.0534,10
2461141.896497,-24.2828,-48.3212,11.1564,7.8414,10.4836,7.0534,10
2461141.913577,-21.8084,-40.6865,11.1564,7.8414,10.4836,7.0534,10
2461141.916417,-20.8924,-40.0857,11.1564,7.8414,10.4836,7.0534,10
2461142.721357,-23.1302,-55.3852,11.1564,7.8414,10.4836,7.0534,10
2461142.754787,-25.9019,-52.3590,11.1564,7.8414,10.4836,7.0534,10
2461142.773117,-16.2109,-47.2409,11.1564,7.8414,10.4836,7.0534,10
2461142.806047,-27.1773,-48.8608,11.1564,7.8414,10.4836,7.0534,10
2461142.822747,-28.2868,-46.5610,11.1564,7.8414,10.4836,7.0534,10
2461142.849437,-26.3422,-39.7014,11.1564,7.8414,10.4836,7.0534,10
2461142.865997,-21.2803,-46.1802,11.1564,7.8414,10.4836,7.0534,10
2461142.882587,-19.7261,-52.1747,11.1564,7.8414,10.4836,7.0534,10
2461142.899127,-26.0302,-45.2209,11.1564,7.8414,10.4836,7.0534,10
2461142.916087,-20.8366,-49.5987,11.1564,7.8414,10.4836,7.0534,10
2461143.719777,-18.9562,-57.5194,11.1564,7.8414,10.4836,7.0534,10
2461144.842107,-17.3248,-32.0168,11.1564,7.8414,10.4836,7.0534,10
2461144.875477,-22.0703,-38.6930,11.1564,7.8414,10.4836,7.0534,10
2461144.913887,-22.0838,-39.5922,11.1564,7.8414,10.4836,7.0534,10
2461145.765127,-11.9978,-41.6585,11.1564,7.8414,10.4836,7.0534,10
2461145.816557,-20.1459,-57.7719,11.1564,7.8414,10.4836,7.0534,10
2461145.844617,-28.9155,-41.5629,11.1564,7.8414,10.4836,7.0534,10
2461145.878057,-20.9533,-48.9065,11.1564,7.8414,10.4836,7.0534,10
2461146.719677,-25.1524,-57.4548,11.1564,7.8414,10.4836,7.0534,10
2461146.737527,-18.5201,-42.7900,11.1564,7.8414,10.4836,7.0534,10
2461146.787707,-27.3920,-57.6633,11.1564,7.8414,10.4836,7.0534,10
2461146.835877,-11.3373,-44.4039,11.1564,7.8414,10.4836,7.0534,10
2461146.853127,-12.2646,-41.1837,11.1564,7.8414,10.4836,7.0534,10
2461146.914167,-26.4441,-48.3242,11.1564,7.8414,10.4836,7.0534,10
2461147.744457,-32.7181,-34.8898,11.1564,7.8414,10.4836,7.0534,10
2461147.811647,-14.1657,-33.4783,11.1564,7.8414,10.4836,7.0534,10
2461147.828897,-19.8924,-43.7419,11.1564,7.8414,10.4836,7.0534,10
2461147.866457,-18.5036,-45.4366,11.1564,7.8414,10.4836,7.0534,10
2461147.899407,-14.6443,-32.5373,11.1564,7.8414,10.4836,7.0534,10
2461147.921737,-26.6997,-39.2640,11.1564,7.8414,10.4836,7.0534,10
2461148.717447,-24.6370,-56.3373,11.1564,7.8414,10.4836,7.0534,10
2461148.737527,-24.9638,-44.9561,11.1564,7.8414,10.4836,7.0534,10
2461148.873527,-24.7140,-47.1342,11.1564,7.8414,10.4836,7.0534,10
2461148.890237,-22.3494,-48.8382,11.1564,7.8414,10.4836,7.0534,10
2461149.724017,-23.3808,-57.6369,11.1564,7.8414,10.4836,7.0534,10
2461149.741417,-27.0496,-50.9634,11.1564,7.8414,10.4836,7.0534,10
2461149.797747,-13.9663,-53.0879,11.1564,7.8414,10.4836,7.0534,10
2461149.814317,-15.6903,-40.6125,11.1564,7.8414,10.4836,7.0534,10
2461149.845227,-19.4401,-46.2642,11.1564,7.8414,10.4836,7.0534,10
2461149.915477,-15.9103,-47.2512,11.1564,7.8414,10.4836,7.0534,10
2461150.713937,-32.8140,-47.3736,11.1564,7.8414,10.4836,7.0534,10
2461150.730587,-19.5081,-40.5344,11.1564,7.8414,10.4836,7.0534,10
2461150.766047,-16.1383,-53.9458,11.1564,7.8414,10.4836,7.0534,10
2461150.809687,-22.1630,-53.5649,11.1564,7.8414,10.4836,7.0534,10
2461150.849007,-22.9247,-56.2397,11.1564,7.8414,10.4836,7.0534,10
2461150.865677,-13.5167,-48.2171,11.1564,7.8414,10.4836,7.0534,10
2461150.912197,-23.1144,-47.4574,11.1564,7.8414,10.4836,7.0534,10
2461151.821687,-22.4357,-52.2264,11.1564,7.8414,10.4836,7.0534,10
2461151.855397,-21.6625,-47.4620,11.1564,7.8414,10.4836,7.0534,10
2461152.701927,-29.1364,-53.3479,11.1564,7.8414,10.4836,7.0534,10
2461152.729737,-13.5752,-37.9181,11.1564,7.8414,10.4836,7.0534,10
2461152.781277,-27.9598,-44.7574,11.1564,7.8414,10.4836,7.0534,10
2461152.798967,-11.1520,-35.5570,11.1564,7.8414,10.4836,7.0534,10
2461152.843077,-19.6214,-41.7227,11.1564,7.8414,10.4836,7.0534,10
2461152.862687,-22.0363,-51.0737,11.1564,7.8414,10.4836,7.0534,10
2461152.879807,-26.6296,-55.6695,11.1564,7.8414,10.4836,7.0534,10
2461152.896297,-16.8023,-40.9603,11.1564,7.8414,10.4836,7.0534,10
2461152.913077,-27.2278,-42.4822,11.1564,7.8414,10.4836,7.0534,10
2461153.697717,-28.2917,-45.4741,11.1564,7.8414,10.4836,7.0534,10
2461153.734067,-25.3602,-37.3856,11.1564,7.8414,10.4836,7.0534,10
2461153.750827,-22.4937,-44.5113,11.1564,7.8414,10.4836,7.0534,10
2461153.781957,-19.1933,-35.5114,11.1564,7.8414,10.4836,7.0534,10
2461153.817397,-14.4054,-42.8873,11.1564,7.8414,10.4836,7.0534,10
2461153.834587,-24.2253,-47.3061,11.1564,7.8414,10.4836,7.0534,10
2461153.851497,-22.8408,-39.4454,11.1564,7.8414,10.4836,7.0534,10
2461153.881997,-15.8429,-49.6626,11.1564,7.8414,10.4836,7.0534,10
2461154.772307,-17.7719,-41.0437,11.1564,7.8414,10.4836,7.0534,10
2461154.837247,-15.7663,-35.6517,11.1564,7.8414,10.4836,7.0534,10
2461154.854267,-14.4154,-48.8297,11.1564,7.8414,10.4836,7.0534,10
2461154.880187,-17.5637,-51.3705,11.1564,7.8414,10.4836,7.0534,10
2461154.896997,-23.0389,-56.7909,11.1564,7.8414,10.4836,7.0534,10
2461155.700037,-19.5359,-55.7521,11.1564,7.8414,10.4836,7.0534,10
2461155.719907,-15.8957,-43.7109,11.1564,7.8414,10.4836,7.0534,10
2461155.752267,-22.6392,-48.0211,11.1564,7.8414,10.4836,7.0534,10
2461155.781207,-28.6446,-34.7029,11.1564,7.8414,10.4836,7.0534,10
2461155.798267,-24.1149,-56.5372,11.1564,7.8414,10.4836,7.0534,10
2461156.708507,-20.2750,-46.3351,11.1564,7.8414,10.4836,7.0534,10
2461156.776107,-26.5127,-38.7986,11.1564,7.8414,10.4836,7.0534,10
2461156.810757,-27.6192,-41.4739,11.1564,7.8414,10.4836,7.0534,10
2461156.856017,-26.6068,-49.0177,11.1564,7.8414,10.4836,7.0534,10
2461156.909477,-23.5276,-40.4522,11.1564,7.8414,10.4836,7.0534,10
2461157.690697,-26.2695,-47.6661,11.1564,7.8414,10.4836,7.0534,10
2461157.707517,-21.3192,-51.3717,11.1564,7.8414,10.4836,7.0534,10
2461157.745227,-20.6627,-39.7628,11.1564,7.8414,10.4836,7.0534,10
2461157.808687,-25.6414,-36.4566,11.1564,7.8414,10.4836,7.0534,10
2461157.844167,-22.8994,-55.2196,11.1564,7.8414,10.4836,7.0534,10
2461157.862787,-19.2098,-33.2396,11.1564,7.8414,10.4836,7.0534,10
2461157.891727,-16.3319,-45.7169,11.1564,7.8414,10.4836,7.0534,10
2461157.925787,-30.1275,-41.2281,11.1564,7.8414,10.4836,7.0534,10
2461158.755177,-18.7504,-47.5863,11.1564,7.8414,10.4836,7.0534,10
2461158.902297,-24.4344,-38.1659,11.1564,7.8414,10.4836,7.0534,10
2461158.919097,-17.0828,-55.4499,11.1564,7.8414,10.4836,7.0534,10
2461159.679777,-31.5787,-47.1650,11.1564,7.8414,10.4836,7.0534,10
2461159.697257,-26.1489,-37.9339,11.1564,7.8414,10.4836,7.0534,10
2461159.724267,-25.6783,-56.9327,11.1564,7.8414,10.4836,7.0534,10
2461159.775077,-17.6051,-49.5172,11.1564,7.8414,10.4836,7.0534,10
2461159.792227,-25.8431,-42.7383,11.1564,7.8414,10.4836,7.0534,10
2461159.822397,-11.9211,-39.2365,11.1564,7.8414,10.4836,7.0534,10
2461159.857827,-24.8047,-42.3705,11.1564,7.8414,10.4836,7.0534,10
2461159.894447,-27.9710,-40.4348,11.1564,7.8414,10.4836,7.0534,10
2461160.674247,-23.4476,-48.9415,11.1564,7.8414,10.4836,7.0534,10
2461160.709757,-29.1363,-43.6199,11.1564,7.8414,10.4836,7.0534,10
2461160.759487,-30.5151,-56.4197,11.1564,7.8414,10.4836,7.0534,10
2461160.776227,-15.9512,-51.8459,11.1564,7.8414,10.4836,7.0534,10
2461160.792897,-28.6618,-56.5707,11.1564,7.8414,10.4836,7.0534,10
2461160.811337,-15.7899,-40.6651,11.1564,7.8414,10.4836,7.0534,10
2461160.831917,-18.5271,-39.0539,11.1564,7.8414,10.4836,7.0534,10
2461160.858887,-20.8379,-48.7302,11.1564,7.8414,10.4836,7.0534,10
2461160.875947,-28.5405,-38.5786,11.1564,7.8414,10.4836,7.0534,10
2461160.893217,-15.4914,-34.6879,11.1564,7.8414,10.4836,7.0534,10
2461160.909587,-18.2252,-51.1840,11.1564,7.8414,10.4836,7.0534,10
2461160.927997,-22.4089,-40.3566,11.1564,7.8414,10.4836,7.0534,10
2461161.694557,-17.8771,-42.4634,11.1564,7.8414,10.4836,7.0534,10
2461161.859787,-21.3620,-42.3027,11.1564,7.8414,10.4836,7.0534,10
2461161.889237,-9.1877,-40.3470,11.1564,7.8414,10.4836,7.0534,10
2461161.908957,-22.0267,-46.9419,11.1564,7.8414,10.4836,7.0534,10
2461161.925917,-20.2373,-34.7608,11.1564,7.8414,10.4836,7.0534,10
2461162.667677,-13.0548,-51.4722,11.1564,7.8414,10.4836,7.0534,10
2461162.695157,-24.0478,-44.6733,11.1564,7.8414,10.4836,7.0534,10
2461162.697857,-17.6130,-43.3641,11.1564,7.8414,10.4836,7.0534,10
2461162.716867,-18.0154,-37.6678,11.1564,7.8414,10.4836,7.0534,10
2461162.750747,-14.8084,-39.0048,11.1564,7.8414,10.4836,7.0534,10
2461162.767467,-18.8266,-39.3463,11.1564,7.8414,10.4836,7.0534,10
2461162.795127,-19.6671,-46.6123,11.1564,7.8414,10.4836,7.0534,10
2461162.812487,-26.2619,-50.4785,11.1564,7.8414,10.4836,7.0534,10
2461162.915597,-21.0406,-40.1923,11.1564,7.8414,10.4836,7.0534,10
2461162.932417,-30.9440,-42.4741,11.1564,7.8414,10.4836,7.0534,10
2461163.672687,-23.3370,-40.0903,11.1564,7.8414,10.4836,7.0534,10
2461163.691317,-16.2393,-35.2929,11.1564,7.8414,10.4836,7.0534,10
2461163.718907,-15.5115,-43.7188,11.1564,7.8414,10.4836,7.0534,10
2461163.736357,-12.0507,-41.6565,11.1564,7.8414,10.4836,7.0534,10
2461163.753667,-24.5526,-42.7646,11.1564,7.8414,10.4836,7.0534,10
2461163.771117,-19.2149,-40.0566,11.1564,7.8414,10.4836,7.0534,10
2461163.789317,-15.8892,-44.7511,11.1564,7.8414,10.4836,7.0534,10
2461163.855137,-34.5585,-49.6656,11.1564,7.8414,10.4836,7.0534,10
2461163.874747,-23.6666,-46.5401,11.1564,7.8414,10.4836,7.0534,10
2461163.920287,-22.8433,-38.7653,11.1564,7.8414,10.4836,7.0534,10
2461164.670867,-20.2631,-47.8078,11.1564,7.8414,10.4836,7.0534,10
2461164.687877,-16.6651,-55.2616,11.1564,7.8414,10.4836,7.0534,10
2461164.690577,-15.9855,-34.3915,11.1564,7.8414,10.4836,7.0534,10
2461164.733147,-13.1502,-44.0418,11.1564,7.8414,10.4836,7.0534,10
2461164.751947,-20.8360,-44.9882,11.1564,7.8414,10.4836,7.0534,10
2461164.785607,-11.6829,-37.2009,11.1564,7.8414,10.4836,7.0534,10
2461164.803617,-23.1091,-38.8041,11.1564,7.8414,10.4836,7.0534,10
2461164.848477,-18.4549,-44.9767,11.1564,7.8414,10.4836,7.0534,10
2461164.865897,-30.3905,-41.6040,11.1564,7.8414,10.4836,7.0534,10
2461164.883097,-22.1991,-37.7865,11.1564,7.8414,10.4836,7.0534,10
2461164.903307,-16.0867,-50.0475,11.1564,7.8414,10.4836,7.0534,10
2461167.837727,-16.4853,-56.5525,11.1564,7.8414,10.4836,7.0534,10
2461167.892357,-16.4826,-45.3359,11.1564,7.8414,10.4836,7.0534,10
2461168.752907,-28.9479,-45.2890,11.1564,7.8414,10.4836,7.0534,10
2461168.787587,-16.8985,-37.5651,11.1564,7.8414,10.4836,7.0534,10
2461169.656107,-14.5245,-42.0593,11.1564,7.8414,10.4836,7.0534,10
2461169.722047,-22.0482,-51.7252,11.1564,7.8414,10.4836,7.0534,10
2461169.772237,-21.4709,-55.8912,11.1564,7.8414,10.4836,7.0534,10
2461169.789047,-26.5351,-41.7431,11.1564,7.8414,10.4836,7.0534,10
2461169.832927,-33.2703,-50.5059,11.1564,7.8414,10.4836,7.0534,10
2461169.849697,-30.8698,-40.7868,11.1564,7.8414,10.4836,7.0534,10
2461169.865967,-34.2055,-57.0456,11.1564,7.8414,10.4836,7.0534,10
2461169.882367,-22.3207,-47.2394,11.1564,7.8414,10.4836,7.0534,10
2461169.885407,-30.5042,-56.4366,11.1564,7.8414,10.4836,7.0534,10
2461169.901187,-29.2733,-54.1249,11.1564,7.8414,10.4836,7.0534,10
2461169.931407,-20.0229,-46.0983,11.1564,7.8414,10.4836,7.0534,10
2461170.652137,-10.8030,-51.0426,11.1564,7.8414,10.4836,7.0534,10
2461170.737107,-28.3490,-44.1698,11.1564,7.8414,10.4836,7.0534,10
2461170.755857,-23.7985,-57.2604,11.1564,7.8414,10.4836,7.0534,10
2461170.772967,-27.0143,-47.6972,11.1564,7.8414,10.4836,7.0534,10
2461170.792027,-13.4273,-44.7262,11.1564,7.8414,10.4836,7.0534,10
2461170.821287,-24.3884,-49.5926,11.1564,7.8414,10.4836,7.0534,10
2461170.849027,-25.1386,-43.4768,11.1564,7.8414,10.4836,7.0534,10
2461170.865627,-20.1618,-53.7302,11.1564,7.8414,10.4836,7.0534,10
2461170.882747,-28.0628,-48.2816,11.1564,7.8414,10.4836,7.0534,10
2461170.885557,-25.7746,-50.5244,11.1564,7.8414,10.4836,7.0534,10
2461170.920197,-23.4623,-46.9670,11.1564,7.8414,10.4836,7.0534,10
2461171.653947,-16.3931,-53.0909,11.1564,7.8414,10.4836,7.0534,10
2461171.671937,-16.9965,-38.8424,11.1564,7.8414,10.4836,7.0534,10
2461171.688337,-15.6842,-44.2083,11.1564,7.8414,10.4836,7.0534,10
2461171.750177,-18.3751,-37.3612,11.1564,7.8414,10.4836,7.0534,10
2461171.864097,-28.4605,-48.7076,11.1564,7.8414,10.4836,7.0534,10
2461171.881957,-21.4252,-41.8894,11.1564,7.8414,10.4836,7.0534,10
2461171.898587,-31.1141,-50.8816,11.1564,7.8414,10.4836,7.0534,10
2461171.915307,-20.4206,-41.8382,11.1564,7.8414,10.4836,7.0534,10
2461172.651107,-23.1778,-35.4045,11.1564,7.8414,10.4836,7.0534,10
2461172.667737,-22.6320,-54.3813,11.1564,7.8414,10.4836,7.0534,10
2461172.753047,-15.5838,-46.9331,11.1564,7.8414,10.4836,7.0534,10
2461172.771517,-20.6175,-60.0740,11.1564,7.8414,10.4836,7.0534,10
2461172.805847,-15.8068,-40.8370,11.1564,7.8414,10.4836,7.0534,10
2461172.822337,-33.5946,-43.7112,11.1564,7.8414,10.4836,7.0534,10
2461172.853467,-26.4575,-45.0266,11.1564,7.8414,10.4836,7.0534,10
2461172.870497,-26.4292,-38.8987,11.1564,7.8414,10.4836,7.0534,10
2461172.903707,-17.9984,-47.1768,11.1564,7.8414,10.4836,7.0534,10
2461172.920427,-24.4749,-42.8333,11.1564,7.8414,10.4836,7.0534,10
2461173.643867,-11.5534,-50.2506,11.1564,7.8414,10.4836,7.0534,10
2461173.660687,-30.8698,-54.8093,11.1564,7.8414,10.4836,7.0534,10
2461173.695207,-24.4471,-54.9198,11.1564,7.8414,10.4836,7.0534,10
2461173.791427,-26.8704,-48.5865,11.1564,7.8414,10.4836,7.0534,10
2461173.810077,-20.4279,-41.0173,11.1564,7.8414,10.4836,7.0534,10
2461173.827207,-26.7464,-42.4542,11.1564,7.8414,10.4836,7.0534,10
2461173.844367,-27.7185,-55.8140,11.1564,7.8414,10.4836,7.0534,10
2461173.876097,-27.0342,-45.0448,11.1564,7.8414,10.4836,7.0534,10
2461173.893247,-14.2091,-43.8967,11.1564,7.8414,10.4836,7.0534,10
2461173.910247,-26.2234,-53.5139,11.1564,7.8414,10.4836,7.0534,10
2461173.927997,-21.0545,-41.7785,11.1564,7.8414,10.4836,7.0534,10
2461174.792157,-22.2826,-50.5455,11.1564,7.8414,10.4836,7.0534,10
2461174.854857,-20.6968,-47.8583,11.1564,7.8414,10.4836,7.0534,10
2461174.871847,-31.0958,-43.4977,11.1564,7.8414,10.4836,7.0534,10
2461174.889307,-15.8651,-49.9891,11.1564,7.8414,10.4836,7.0534,10
2461174.905607,-24.5737,-41.0948,11.1564,7.8414,10.4836,7.0534,10
2461174.922147,-8.0247,-37.7499,11.1564,7.8414,10.4836,7.0534,10
2461175.653437,-23.8008,-43.3546,11.1564,7.8414,10.4836,7.0534,10
2461175.678457,-22.7937,-56.9099,11.1564,7.8414,10.4836,7.0534,10
2461175.695407,-34.6525,-45.8598,11.1564,7.8414,10.4836,7.0534,10
2461177.649897,-30.4004,-52.3170,11.1564,7.8414,10.4836,7.0534,10
2461177.667317,-31.4837,-52.5496,11.1564,7.8414,10.4836,7.0534,10
2461177.893507,-26.2754,-52.1020,11.1564,7.8414,10.4836,7.0534,10
2461178.632997,-31.9515,-50.1028,11.1564,7.8414,10.4836,7.0534,10
2461178.649617,-27.3941,-57.1416,11.1564,7.8414,10.4836,7.0534,10
2461178.696427,-13.5740,-50.2793,11.1564,7.8414,10.4836,7.0534,10
2461178.699347,-16.9554,-46.0121,11.1564,7.8414,10.4836,7.0534,10
2461178.716407,-19.1954,-57.4116,11.1564,7.8414,10.4836,7.0534,10
2461178.816717,-29.1283,-56.4374,11.1564,7.8414,10.4836,7.0534,10
2461178.834867,-26.9582,-40.7209,11.1564,7.8414,10.4836,7.0534,10
2461178.852037,-33.8428,-52.6667,11.1564,7.8414,10.4836,7.0534,10
2461178.880957,-26.2027,-50.3587,11.1564,7.8414,10.4836,7.0534,10
2461178.908577,-34.5211,-51.3826,11.1564,7.8414,10.4836,7.0534,10
2461178.925177,-28.6601,-50.1906,11.1564,7.8414,10.4836,7.0534,10
2461179.711037,-20.7981,-48.2686,11.1564,7.8414,10.4836,7.0534,10
2461179.807577,-32.8131,-43.1646,11.1564,7.8414,10.4836,7.0534,10
2461179.823937,-23.0964,-42.2763,11.1564,7.8414,10.4836,7.0534,10
2461179.905707,-30.6781,-50.3528,11.1564,7.8414,10.4836,7.0534,10
2461180.745057,-16.0837,-60.0097,11.1564,7.8414,10.4836,7.0534,10
2461180.761727,-32.1546,-43.9445,11.1564,7.8414,10.4836,7.0534,10
2461180.778787,-25.7079,-36.9579,11.1564,7.8414,10.4836,7.0534,10
2461180.813747,-9.7752,-42.8652,11.1564,7.8414,10.4836,7.0534,10
2461180.817427,-30.4140,-41.2830,11.1564,7.8414,10.4836,7.0534,10
2461181.859727,-21.6746,-45.9251,11.1564,7.8414,10.4836,7.0534,10
2461181.908637,-24.9226,-46.1998,11.1564,7.8414,10.4836,7.0534,10
2461181.925787,-21.8542,-49.4558,11.1564,7.8414,10.4836,7.0534,10
2461181.932937,-30.8364,-53.7200,11.1564,7.8414,10.4836,7.0534,10
2461182.621897,-23.8969,-45.7122,11.1564,7.8414,10.4836,7.0534,10
2461182.665857,-24.9305,-57.2348,11.1564,7.8414,10.4836,7.0534,10
2461182.684977,-32.2483,-55.9003,11.1564,7.8414,10.4836,7.0534,10
2461182.705857,-21.5477,-51.9370,11.1564,7.8414,10.4836,7.0534,10
2461182.722877,-15.9770,-49.6329,11.1564,7.8414,10.4836,7.0534,10
2461182.739927,-23.7151,-53.9030,11.1564,7.8414,10.4836,7.0534,10
2461182.786187,-24.2135,-49.5807,11.1564,7.8414,10.4836,7.0534,10
2461182.804047,-23.3847,-39.8355,11.1564,7.8414,10.4836,7.0534,10
2461182.820857,-32.7869,-53.2635,11.1564,7.8414,10.4836,7.0534,10
2461182.838207,-22.5765,-47.0842,11.1564,7.8414,10.4836,7.0534,10
2461182.854997,-24.7303,-47.6268,11.1564,7.8414,10.4836,7.0534,10
2461182.882307,-27.4212,-44.9192,11.1564,7.8414,10.4836,7.0534,10
2461182.904777,-21.3133,-47.0400,11.1564,7.8414,10.4836,7.0534,10
2461182.921567,-22.8933,-49.3858,11.1564,7.8414,10.4836,7.0534,10
2461182.929827,-25.5947,-41.6884,11.1564,7.8414,10.4836,7.0534,10
2461183.618407,-14.9596,-46.3766,11.1564,7.8414,10.4836,7.0534,10
2461183.666007,-23.8236,-45.4076,11.1564,7.8414,10.4836,7.0534,10
2461183.747727,-19.3461,-45.3419,11.1564,7.8414,10.4836,7.0534,10
2461183.786367,-10.5570,-47.8108,11.1564,7.8414,10.4836,7.0534,10
2461183.803307,-31.2779,-51.9257,11.1564,7.8414,10.4836,7.0534,10
2461183.819647,-24.6286,-47.5763,11.1564,7.8414,10.4836,7.0534,10
2461183.870127,-19.4371,-57.7982,11.1564,7.8414,10.4836,7.0534,10
2461184.668467,-21.5238,-46.9675,11.1564,7.8414,10.4836,7.0534,10
2461184.685377,-16.5333,-55.5227,11.1564,7.8414,10.4836,7.0534,10
2461184.702547,-28.8701,-43.5374,11.1564,7.8414,10.4836,7.0534,10
2461184.788017,-11.4932,-49.5421,11.1564,7.8414,10.4836,7.0534,10
2461184.832947,-14.2567,-54.3376,11.1564,7.8414,10.4836,7.0534,10
2461184.850107,-20.9399,-49.6264,11.1564,7.8414,10.4836,7.0534,10
2461185.624187,-29.0493,-51.0980,11.1564,7.8414,10.4836,7.0534,10
2461185.640807,-14.5083,-42.5235,11.1564,7.8414,10.4836,7.0534,10
2461185.674597,-21.8582,-59.8491,11.1564,7.8414,10.4836,7.0534,10
2461185.691437,-21.9518,-37.0340,11.1564,7.8414,10.4836,7.0534,10
2461185.774377,-22.7752,-51.9548,11.1564,7.8414,10.4836,7.0534,10
2461185.791907,-20.8300,-45.7453,11.1564,7.8414,10.4836,7.0534,10
2461185.852767,-25.8297,-41.8858,11.1564,7.8414,10.4836,7.0534,10
2461185.885607,-28.8724,-56.9409,11.1564,7.8414,10.4836,7.0534,10
2461186.648287,-28.4988,-52.3243,11.1564,7.8414,10.4836,7.0534,10
2461186.667617,-15.2294,-48.4731,11.1564,7.8414,10.4836,7.0534,10
2461186.699387,-14.9305,-59.4318,11.1564,7.8414,10.4836,7.0534,10
2461186.716647,-18.0449,-53.0998,11.1564,7.8414,10.4836,7.0534,10
2461186.733857,-13.1142,-40.4747,11.1564,7.8414,10.4836,7.0534,10
2461186.829757,-31.0480,-52.7331,11.1564,7.8414,10.4836,7.0534,10
2461186.863857,-23.4850,-48.1795,11.1564,7.8414,10.4836,7.0534,10
2461186.896917,-28.9258,-54.4998,11.1564,7.8414,10.4836,7.0534,10
2461186.913737,-11.3486,-40.2088,11.1564,7.8414,10.4836,7.0534,10
2461186.931907,-36.6896,-47.6815,11.1564,7.8414,10.4836,7.0534,10
2461187.613767,-21.2325,-55.6568,11.1564,7.8414,10.4836,7.0534,10
2461187.631347,-12.2822,-45.3513,11.1564,7.8414,10.4836,7.0534,10
2461187.658667,-30.0605,-35.8281,11.1564,7.8414,10.4836,7.0534,10
2461187.675797,-24.1738,-49.4942,11.1564,7.8414,10.4836,7.0534,10
2461187.692787,-27.2946,-55.7719,11.1564,7.8414,10.4836,7.0534,10
2461187.709397,-12.9805,-48.4013,11.1564,7.8414,10.4836,7.0534,10
2461187.771717,-20.0726,-48.8050,11.1564,7.8414,10.4836,7.0534,10
2461187.788997,-34.3273,-46.4671,11.1564,7.8414,10.4836,7.0534,10
2461187.805997,-17.8322,-44.4195,11.1564,7.8414,10.4836,7.0534,10
2461187.823167,-32.7729,-46.6971,11.1564,7.8414,10.4836,7.0534,10
2461187.841577,-22.8569,-48.7800,11.1564,7.8414,10.4836,7.0534,10
2461187.868617,-30.1304,-55.9100,11.1564,7.8414,10.4836,7.0534,10
2461187.885167,-32.0485,-50.5445,11.1564,7.8414,10.4836,7.0534,10
2461187.901677,-17.6923,-41.4524,11.1564,7.8414,10.4836,7.0534,10
2461187.918717,-19.6892,-41.7856,11.1564,7.8414,10.4836,7.0534,10
2461188.601407,-23.6038,-41.6349,11.1564,7.8414,10.4836,7.0534,10
2461188.631947,-23.5786,-49.5609,11.1564,7.8414,10.4836,7.0534,10
2461188.648777,-10.5254,-43.9313,11.1564,7.8414,10.4836,7.0534,10
2461188.821607,-17.8176,-49.2037,11.1564,7.8414,10.4836,7.0534,10
2461188.848607,-18.0545,-40.4922,11.1564,7.8414,10.4836,7.0534,10
2461188.865917,-26.5756,-50.3859,11.1564,7.8414,10.4836,7.0534,10
2461188.882467,-32.6222,-43.2693,11.1564,7.8414,10.4836,7.0534,10
2461188.904697,-18.3003,-47.4937,11.1564,7.8414,10.4836,7.0534,10
2461188.917337,-29.6742,-45.1299,11.1564,7.8414,10.4836,7.0534,10
2461189.593487,-12.6791,-54.1071,11.1564,7.8414,10.4836,7.0534,10
2461189.621027,-15.6427,-36.7941,11.1564,7.8414,10.4836,7.0534,10
2461189.654257,-29.3063,-43.9842,11.1564,7.8414,10.4836,7.0534,10
2461189.687477,-30.2431,-49.0986,11.1564,7.8414,10.4836,7.0534,10
2461189.714667,-17.3331,-45.6526,11.1564,7.8414,10.4836,7.0534,10
2461189.731347,-19.2399,-48.1681,11.1564,7.8414,10.4836,7.0534,10
2461189.748267,-19.1524,-47.7653,11.1564,7.8414,10.4836,7.0534,10
2461189.789677,-28.3397,-60.4766,11.1564,7.8414,10.4836,7.0534,10
2461189.817197,-27.8145,-53.3874,11.1564,7.8414,10.4836,7.0534,10
2461189.852357,-31.9931,-46.3531,11.1564,7.8414,10.4836,7.0534,10
2461189.870947,-32.6158,-47.3553,11.1564,7.8414,10.4836,7.0534,10
2461189.913537,-24.4601,-45.7070,11.1564,7.8414,10.4836,7.0534,10
2461190.698557,-25.1374,-42.1674,11.1564,7.8414,10.4836,7.0534,10
2461190.771027,-22.2963,-48.6146,11.1564,7.8414,10.4836,7.0534,10
2461190.852067,-19.4930,-35.5596,11.1564,7.8414,10.4836,7.0534,10
2461191.596497,-31.3785,-56.7155,11.1564,7.8414,10.4836,7.0534,10
2461191.615657,-6.4724,-40.1005,11.1564,7.8414,10.4836,7.0534,10
2461191.634157,-21.2277,-52.4499,11.1564,7.8414,10.4836,7.0534,10
2461191.650997,-15.9759,-38.3988,11.1564,7.8414,10.4836,7.0534,10
2461191.669067,-28.0306,-57.0352,11.1564,7.8414,10.4836,7.0534,10
2461191.705537,-12.9419,-40.4534,11.1564,7.8414,10.4836,7.0534,10
2461191.880927,-8.8481,-34.9277,11.1564,7.8414,10.4836,7.0534,10
2461196.595527,-23.9334,-47.2786,11.1564,7.8414,10.4836,7.0534,10
2461196.614987,-16.9463,-39.1498,11.1564,7.8414,10.4836,7.0534,10
2461196.670227,-19.3763,-46.2928,11.1564,7.8414,10.4836,7.0534,10
2461196.732657,-25.0651,-46.9080,11.1564,7.8414,10.4836,7.0534,10
2461196.749437,-20.4368,-45.4687,11.1564,7.8414,10.4836,7.0534,10
2461196.798107,-31.1855,-33.5227,11.1564,7.8414,10.4836,7.0534,10
2461196.814767,-21.2327,-36.2635,11.1564,7.8414,10.4836,7.0534,10
2461197.816357,-27.7157,-51.5800,11.1564,7.8414,10.4836,7.0534,10
2461198.625257,-14.6433,-59.1719,11.1564,7.8414,10.4836,7.0534,10
2461198.660187,-6.8094,-41.1065,11.1564,7.8414,10.4836,7.0534,10
2461198.678237,-12.8219,-63.4504,11.1564,7.8414,10.4836,7.0534,10
2461198.695357,-15.6323,-45.1382,11.1564,7.8414,10.4836,7.0534,10
2461198.723067,-31.2028,-58.8713,11.1564,7.8414,10.4836,7.0534,10
2461198.838167,-26.4443,-48.6051,11.1564,7.8414,10.4836,7.0534,10
2461198.875377,-27.9351,-42.9787,11.1564,7.8414,10.4836,7.0534,10
2461198.892067,-32.8463,-44.8835,11.1564,7.8414,10.4836,7.0534,10
2461199.570327,-24.6583,-42.3898,11.1564,7.8414,10.4836,7.0534,10
2461199.637927,-14.1494,-54.9118,11.1564,7.8414,10.4836,7.0534,10
2461199.671357,-15.1804,-41.9841,11.1564,7.8414,10.4836,7.0534,10
2461199.690467,-29.7845,-45.7492,11.1564,7.8414,10.4836,7.0534,10
2461199.717687,-33.6493,-47.8584,11.1564,7.8414,10.4836,7.0534,10
2461199.752147,-35.5637,-56.4930,11.1564,7.8414,10.4836,7.0534,10
2461199.794707,-22.3224,-43.6173,11.1564,7.8414,10.4836,7.0534,10
2461199.825097,-20.4608,-53.8010,11.1564,7.8414,10.4836,7.0534,10
2461199.869637,-19.9068,-54.2640,11.1564,7.8414,10.4836,7.0534,10
2461199.886447,-3.9338,-33.1613,11.1564,7.8414,10.4836,7.0534,10
2461200.603037,0.9766,-54.0475,11.1564,7.8414,10.4836,7.0534,10
2461202.604987,-3.3706,-46.1808,11.1564,7.8414,10.4836,7.0534,10
2461202.721177,-18.5412,-62.0277,11.1564,7.8414,10.4836,7.0534,10
2461202.738407,-34.7810,-62.6455,11.1564,7.8414,10.4836,7.0534,10
2461202.773627,-15.1571,-45.5674,11.1564,7.8414,10.4836,7.0534,10
2461202.803727,-24.5238,-55.4847,11.1564,7.8414,10.4836,7.0534,10
2461202.820387,-19.9533,-44.8075,11.1564,7.8414,10.4836,7.0534,10
2461203.586977,-23.0888,-58.2455,11.1564,7.8414,10.4836,7.0534,10
2461203.605037,-21.8813,-46.3111,11.1564,7.8414,10.4836,7.0534,10
2461203.624747,-24.2771,-44.1946,11.1564,7.8414,10.4836,7.0534,10
2461203.698037,-22.8414,-58.0695,11.1564,7.8414,10.4836,7.0534,10
2461203.717447,-13.5597,-58.9855,11.1564,7.8414,10.4836,7.0534,10
2461203.734257,-21.1530,-48.0587,11.1564,7.8414,10.4836,7.0534,10
2461203.756657,-29.5348,-45.7798,11.1564,7.8414,10.4836,7.0534,10
2461203.822337,-23.9527,-59.3912,11.1564,7.8414,10.4836,7.0534,10
2461203.857967,-32.6171,-49.1749,11.1564,7.8414,10.4836,7.0534,10
2461204.586797,-13.1077,-42.7471,11.1564,7.8414,10.4836,7.0534,10
2461204.603157,-7.0859,-53.9527,11.1564,7.8414,10.4836,7.0534,10
2461204.620177,-20.3720,-55.1958,11.1564,7.8414,10.4836,7.0534,10
2461204.636827,-16.6068,-41.5531,11.1564,7.8414,10.4836,7.0534,10
2461204.668797,-5.0222,-41.7248,11.1564,7.8414,10.4836,7.0534,10
2461204.732067,-8.2138,-40.1523,11.1564,7.8414,10.4836,7.0534,10
2461204.749277,-15.8784,-52.1440,11.1564,7.8414,10.4836,7.0534,10
2461204.795547,1.8228,-30.7021,11.1564,7.8414,10.4836,7.0534,10
2461204.853767,-9.9408,-51.0648,11.1564,7.8414,10.4836,7.0534,10
2461205.556517,-9.8864,-39.7900,11.1564,7.8414,10.4836,7.0534,10
2461205.577977,-12.9433,-50.4863,11.1564,7.8414,10.4836,7.0534,10
2461205.594837,-20.6319,-46.7850,11.1564,7.8414,10.4836,7.0534,10
2461205.635467,-16.2458,-54.5593,11.1564,7.8414,10.4836,7.0534,10
2461211.544027,-13.0608,-43.2443,11.1564,7.8414,10.4836,7.0534,10
2461211.560997,-17.7143,-41.3824,11.1564,7.8414,10.4836,7.0534,10
2461211.598197,-24.8786,-46.5530,11.1564,7.8414,10.4836,7.0534,10
2461211.642547,-20.1735,-44.2000,11.1564,7.8414,10.4836,7.0534,10
2461211.659427,-10.6723,-29.9746,11.1564,7.8414,10.4836,7.0534,10
2461211.677627,-21.9761,-46.0739,11.1564,7.8414,10.4836,7.0534,10
2461211.694847,-10.0266,-44.1015,11.1564,7.8414,10.4836,7.0534,10
2461211.727267,-29.9140,-42.8208,11.1564,7.8414,10.4836,7.0534,10
2461211.765797,-3.2336,-31.1977,11.1564,7.8414,10.4836,7.0534,10
2461211.831487,-5.8133,-35.2744,11.1564,7.8414,10.4836,7.0534,10
2461211.849397,-13.4875,-63.3232,11.1564,7.8414,10.4836,7.0534,10
2461213.716007,2.3829,-54.2620,11.1564,7.8414,10.4836,7.0534,10
2461213.737467,-26.7981,-38.7432,11.1564,7.8414,10.4836,7.0534,10
2461213.837087,-13.8085,-51.7644,11.1564,7.8414,10.4836,7.0534,10
2461214.537317,-25.4090,-32.3118,11.1564,7.8414,10.4836,7.0534,10
2461214.554067,-24.3375,-53.9999,11.1564,7.8414,10.4836,7.0534,10
2461214.588097,-8.3820,-46.5446,11.1564,7.8414,10.4836,7.0534,10
2461214.607747,-29.4367,-44.7511,11.1564,7.8414,10.4836,7.0534,10
2461214.626997,-16.2811,-60.3518,11.1564,7.8414,10.4836,7.0534,10
2461214.657597,-8.3879,-45.0852,11.1564,7.8414,10.4836,7.0534,10
2461214.704977,-11.5496,-50.5385,11.1564,7.8414,10.4836,7.0534,10
2461214.744067,-13.9265,-46.2649,11.1564,7.8414,10.4836,7.0534,10
2461214.779667,-21.0969,-60.3471,11.1564,7.8414,10.4836,7.0534,10
2461214.798007,-26.1686,-56.4744,11.1564,7.8414,10.4836,7.0534,10
2461215.536957,-27.3394,-58.6497,11.1564,7.8414,10.4836,7.0534,10
2461215.600427,-17.4987,-56.8804,11.1564,7.8414,10.4836,7.0534,10
2461215.617437,-13.1423,-43.9354,11.1564,7.8414,10.4836,7.0534,10
2461215.681477,-24.8460,-48.7418,11.1564,7.8414,10.4836,7.0534,10
2461215.700447,-26.4172,-55.4969,11.1564,7.8414,10.4836,7.0534,10
2461215.717637,-25.0645,-52.3760,11.1564,7.8414,10.4836,7.0534,10
2461215.736727,-13.9055,-41.6176,11.1564,7.8414,10.4836,7.0534,10
2461215.755807,-11.9727,-52.3689,11.1564,7.8414,10.4836,7.0534,10
2461215.786297,-14.4318,-53.2911,11.1564,7.8414,10.4836,7.0534,10
2461215.804847,-16.9219,-49.0684,11.1564,7.8414,10.4836,7.0534,10
2461215.823207,-26.6506,-49.1993,11.1564,7.8414,10.4836,7.0534,10
2461215.840057,-19.9677,-58.3597,11.1564,7.8414,10.4836,7.0534,10
2461215.847277,-26.9209,-61.0477,11.1564,7.8414,10.4836,7.0534,10
2461216.530457,-28.0229,-39.4163,11.1564,7.8414,10.4836,7.0534,10
2461216.559787,-9.5584,-49.4664,11.1564,7.8414,10.4836,7.0534,10
2461216.611487,-24.3803,-44.0137,11.1564,7.8414,10.4836,7.0534,10
2461216.627907,-16.6203,-60.2744,11.1564,7.8414,10.4836,7.0534,10
2461216.672927,-29.9421,-56.8117,11.1564,7.8414,10.4836,7.0534,10
2461216.689337,-22.6365,-45.8057,11.1564,7.8414,10.4836,7.0534,10
2461216.766687,-13.1535,-46.1793,11.1564,7.8414,10.4836,7.0534,10
2461216.783157,-27.2509,-44.9810,11.1564,7.8414,10.4836,7.0534,10
2461216.822637,-12.8221,-50.0140,11.1564,7.8414,10.4836,7.0534,10
2461216.844277,-19.3885,-40.9898,11.1564,7.8414,10.4836,7.0534,10
2461217.529837,-14.8794,-53.3783,11.1564,7.8414,10.4836,7.0534,10
2461217.546887,-11.8065,-46.6423,11.1564,7.8414,10.4836,7.0534,10
2461217.565917,-25.7406,-58.0517,11.1564,7.8414,10.4836,7.0534,10
2461217.583097,-21.4448,-46.6095,11.1564,7.8414,10.4836,7.0534,10
2461217.600977,-24.1127,-59.8763,11.1564,7.8414,10.4836,7.0534,10
2461217.644807,-22.7128,-63.1900,11.1564,7.8414,10.4836,7.0534,10
2461217.661717,-28.1918,-50.1549,11.1564,7.8414,10.4836,7.0534,10
2461217.678127,-3.7325,-49.0569,11.1564,7.8414,10.4836,7.0534,10
2461217.727887,-23.3507,-48.0379,11.1564,7.8414,10.4836,7.0534,10
2461217.762757,-27.7618,-53.8438,11.1564,7.8414,10.4836,7.0534,10
2461217.781247,-18.3386,-38.6576,11.1564,7.8414,10.4836,7.0534,10
2461217.797927,-9.5925,-45.1078,11.1564,7.8414,10.4836,7.0534,10
2461217.800687,-22.2980,-51.6919,11.1564,7.8414,10.4836,7.0534,10
2461217.842727,-22.9141,-46.0871,11.1564,7.8414,10.4836,7.0534,10
2461218.516267,-19.6993,-39.8679,11.1564,7.8414,10.4836,7.0534,10
2461218.554927,-18.6377,-46.5218,11.1564,7.8414,10.4836,7.0534,10
2461218.586797,-14.3679,-40.8055,11.1564,7.8414,10.4836,7.0534,10
2461218.640137,-18.0845,-40.1561,11.1564,7.8414,10.4836,7.0534,10
2461218.657017,-12.3463,-55.8319,11.1564,7.8414,10.4836,7.0534,10
2461218.701547,-26.7294,-44.1078,11.1564,7.8414,10.4836,7.0534,10
2461218.719497,-20.9262,-36.8671,11.1564,7.8414,10.4836,7.0534,10
2461218.735877,-15.2096,-34.7063,11.1564,7.8414,10.4836,7.0534,10
2461218.752597,-18.9602,-47.8027,11.1564,7.8414,10.4836,7.0534,10
2461218.770847,-18.8778,-43.7132,11.1564,7.8414,10.4836,7.0534,10
2461218.800717,2.1529,-38.6129,11.1564,7.8414,10.4836,7.0534,10
2461218.819467,-14.2776,-41.1820,11.1564,7.8414,10.4836,7.0534,10
2461218.836147,-7.7986,-38.6544,11.1564,7.8414,10.4836,7.0534,10
2461218.840507,-25.7772,-46.0702,11.1564,7.8414,10.4836,7.0534,10
2461222.511937,-1.3192,-47.9313,11.1564,7.8414,10.4836,7.0534,10
2461222.529107,-8.0222,-52.8987,11.1564,7.8414,10.4836,7.0534,10
2461222.545717,-17.1179,-39.4046,11.1564,7.8414,10.4836,7.0534,10
2461222.563147,-19.9571,-48.1779,11.1564,7.8414,10.4836,7.0534,10
2461222.591087,-11.5438,-49.9299,11.1564,7.8414,10.4836,7.0534,10
2461222.608907,-20.9755,-52.8473,11.1564,7.8414,10.4836,7.0534,10
2461222.627427,-13.9978,-50.7679,11.1564,7.8414,10.4836,7.0534,10
2461222.726217,-17.6812,-33.0113,11.1564,7.8414,10.4836,7.0534,10
2461222.743167,-29.4257,-56.6844,11.1564,7.8414,10.4836,7.0534,10
2461222.759897,-21.7565,-48.7105,11.1564,7.8414,10.4836,7.0534,10
2461222.776547,-19.3614,-46.6579,11.1564,7.8414,10.4836,7.0534,10
2461222.803557,-22.7266,-42.1903,11.1564,7.8414,10.4836,7.0534,10
2461222.820577,-24.4107,-43.3971,11.1564,7.8414,10.4836,7.0534,10
2461222.829367,-18.0024,-39.3069,11.1564,7.8414,10.4836,7.0534,10
2461223.499347,-18.2287,-60.0287,11.1564,7.8414,10.4836,7.0534,10
2461223.534107,-13.9894,-41.2608,11.1564,7.8414,10.4836,7.0534,10
2461223.581797,-1.5284,-42.3843,11.1564,7.8414,10.4836,7.0534,10
2461223.602227,-17.9375,-40.3337,11.1564,7.8414,10.4836,7.0534,10
2461223.620317,-16.9664,-57.4173,11.1564,7.8414,10.4836,7.0534,10
2461223.639287,-24.6940,-47.2873,11.1564,7.8414,10.4836,7.0534,10
2461223.666837,-15.1289,-50.5754,11.1564,7.8414,10.4836,7.0534,10
2461223.683707,-22.3261,-40.0589,11.1564,7.8414,10.4836,7.0534,10
2461223.701557,-9.8659,-63.7022,11.1564,7.8414,10.4836,7.0534,10
2461223.734797,-29.2694,-48.7157,11.1564,7.8414,10.4836,7.0534,10
2461223.751197,-32.3440,-42.6910,11.1564,7.8414,10.4836,7.0534,10
2461223.778497,-20.0477,-55.8660,11.1564,7.8414,10.4836,7.0534,10
2461225.692197,-25.6299,-56.2615,11.1564,7.8414,10.4836,7.0534,10
2461226.622557,-2.9237,-50.9956,11.1564,7.8414,10.4836,7.0534,10
2461227.676687,-22.9638,-40.5625,11.1564,7.8414,10.4836,7.0534,10
2461227.718267,-22.4831,-46.7453,11.1564,7.8414,10.4836,7.0534,10
2461227.735927,-18.7124,-34.6124,11.1564,7.8414,10.4836,7.0534,10
2461227.754537,-30.9773,-59.7493,11.1564,7.8414,10.4836,7.0534,10
2461227.772237,-27.8537,-50.9231,11.1564,7.8414,10.4836,7.0534,10
2461227.789347,-24.1584,-61.4487,11.1564,7.8414,10.4836,7.0534,10
2461227.817657,-15.0096,-61.1705,11.1564,7.8414,10.4836,7.0534,10
2461228.530637,-16.9035,-45.0501,11.1564,7.8414,10.4836,7.0534,10
2461228.574687,-25.9670,-49.4894,11.1564,7.8414,10.4836,7.0534,10
2461228.626147,-24.2332,-52.3304,11.1564,7.8414,10.4836,7.0534,10
2461228.647307,-27.9872,-57.9355,11.1564,7.8414,10.4836,7.0534,10
2461228.686417,-9.1776,-52.7137,11.1564,7.8414,10.4836,7.0534,10
2461228.714387,-20.1903,-51.8197,11.1564,7.8414,10.4836,7.0534,10
2461228.731577,-14.0446,-64.5911,11.1564,7.8414,10.4836,7.0534,10
2461229.489807,-8.2932,-44.9935,11.1564,7.8414,10.4836,7.0534,10
2461229.508417,-22.7872,-47.3224,11.1564,7.8414,10.4836,7.0534,10
2461229.536757,-22.9566,-64.8374,11.1564,7.8414,10.4836,7.0534,10
2461229.589877,-17.7742,-55.4575,11.1564,7.8414,10.4836,7.0534,10
2461229.607227,-10.6516,-55.0314,11.1564,7.8414,10.4836,7.0534,10
2461229.627017,-22.2557,-54.5001,11.1564,7.8414,10.4836,7.0534,10
2461229.706057,-32.1894,-38.1689,11.1564,7.8414,10.4836,7.0534,10
2461229.742017,-14.7233,-54.9779,11.1564,7.8414,10.4836,7.0534,10
2461229.759507,-10.6238,-51.3050,11.1564,7.8414,10.4836,7.0534,10
2461230.505087,-13.6806,-46.3879,11.1564,7.8414,10.4836,7.0534,10
2461230.557607,-30.8595,-58.9758,11.1564,7.8414,10.4836,7.0534,10
2461230.638517,-18.4714,-56.1304,11.1564,7.8414,10.4836,7.0534,10
2461230.746077,-35.0884,-58.6760,11.1564,7.8414,10.4836,7.0534,10
2461230.799587,-22.0599,-43.9857,11.1564,7.8414,10.4836,7.0534,10
2461231.573317,-10.6894,-56.3687,11.1564,7.8414,10.4836,7.0534,10
2461231.607927,-32.3021,-42.4608,11.1564,7.8414,10.4836,7.0534,10
2461231.635467,-7.6815,-50.2540,11.1564,7.8414,10.4836,7.0534,10
2461231.652197,-28.3478,-62.6101,11.1564,7.8414,10.4836,7.0534,10
2461231.672947,-5.1795,-41.5655,11.1564,7.8414,10.4836,7.0534,10
2461231.690307,-28.0039,-62.0235,11.1564,7.8414,10.4836,7.0534,10
2461231.707047,-35.1233,-62.8894,11.1564,7.8414,10.4836,7.0534,10
2461231.736627,-20.3618,-41.4920,11.1564,7.8414,10.4836,7.0534,10
2461231.751797,-25.4959,-51.9021,11.1564,7.8414,10.4836,7.0534,10
2461231.786047,-6.1710,-48.5646,11.1564,7.8414,10.4836,7.0534,10
2461231.802627,-11.1703,-38.2071,11.1564,7.8414,10.4836,7.0534,10
2461232.544477,-22.1551,-45.8652,11.1564,7.8414,10.4836,7.0534,10
2461232.596557,-4.7045,-33.8400,11.1564,7.8414,10.4836,7.0534,10
2461232.658977,0.3172,-49.6639,11.1564,7.8414,10.4836,7.0534,10
2461232.675907,-10.9579,-58.4448,11.1564,7.8414,10.4836,7.0534,10
2461232.692997,-21.9656,-55.5807,11.1564,7.8414,10.4836,7.0534,10
2461232.741427,-21.3643,-47.6970,11.1564,7.8414,10.4836,7.0534,10
2461233.527877,-22.6165,-60.0044,11.1564,7.8414,10.4836,7.0534,10
2461233.549297,-20.8030,-51.5111,11.1564,7.8414,10.4836,7.0534,10
2461233.592647,-20.1877,-45.6920,11.1564,7.8414,10.4836,7.0534,10
2461233.609517,-16.0227,-47.1389,11.1564,7.8414,10.4836,7.0534,10
2461233.626197,-33.2327,-62.5319,11.1564,7.8414,10.4836,7.0534,10
2461233.642907,-17.4634,-63.6806,11.1564,7.8414,10.4836,7.0534,10
2461233.661037,-33.7657,-38.2892,11.1564,7.8414,10.4836,7.0534,10
2461233.681207,-20.2905,-42.5804,11.1564,7.8414,10.4836,7.0534,10
2461233.708387,-19.6035,-66.2148,11.1564,7.8414,10.4836,7.0534,10
2461233.724997,-27.0027,-47.2644,11.1564,7.8414,10.4836,7.0534,10
