# KMT-2026-BLG-0521 / OGLE-2026-BLG-0058, field BLG01, v6 reduction
# calibration star "m16_d30"
# Solution: ~/KMTdata/Results/v8/IFfinal_BLG01.mat
# v8 fits the calibration set 14<I<19, isolated to 2 arcsec, minus 2-sigma RMS outliers: 235 stars.
# All are freely fitted; Gaia RUWE<1.4 is applied only in the post-hoc tie.
# I_OGLE = 16.63, at pixel (121.4, 154.5), 30.5 pix from the target
# RA, Dec (J2000) = 17:52:39.023 , -31:47:34.60  =  268.162595 , -31.792944 deg
# absolute proper motion (mu_alpha cos d, mu_d) = +2.316, +0.309 mas/yr
#   full six-parameter gauge removed (constant AND linear gradient)
# X_mas, Y_mas: position in mas, proper motion NOT removed, relative to the mean
# errX_decade, errY_decade: this star own residual RMS over the run. Constant.
# errX_season, errY_season: this star own residual RMS within each season.
# season: 1=2016 ... 10=2026 (2020 is dropped as a short stub)
JD,X_mas,Y_mas,errX_decade,errY_decade,errX_season,errY_season,season
2457440.862944,17.2849,-29.1223,6.5498,5.6180,6.4369,4.3769,1
2457440.884034,17.5558,-30.2152,6.5498,5.6180,6.4369,4.3769,1
2457444.887964,17.9563,-31.1965,6.5498,5.6180,6.4369,4.3769,1
2457446.844884,26.0403,-34.9864,6.5498,5.6180,6.4369,4.3769,1
2457446.868434,21.2047,-32.8086,6.5498,5.6180,6.4369,4.3769,1
2457446.889504,22.3148,-27.5609,6.5498,5.6180,6.4369,4.3769,1
2457447.870894,21.0318,-24.7904,6.5498,5.6180,6.4369,4.3769,1
2457448.859754,21.8646,-34.8697,6.5498,5.6180,6.4369,4.3769,1
2457449.895624,27.5121,-31.5266,6.5498,5.6180,6.4369,4.3769,1
2457451.836364,14.7411,-34.8595,6.5498,5.6180,6.4369,4.3769,1
2457451.882254,17.3310,-28.3278,6.5498,5.6180,6.4369,4.3769,1
2457452.830984,20.6431,-28.8835,6.5498,5.6180,6.4369,4.3769,1
2457452.890024,16.9780,-32.0783,6.5498,5.6180,6.4369,4.3769,1
2457453.828314,23.1690,-29.7389,6.5498,5.6180,6.4369,4.3769,1
2457454.827394,19.4359,-30.4919,6.5498,5.6180,6.4369,4.3769,1
2457454.849774,18.9558,-31.3367,6.5498,5.6180,6.4369,4.3769,1
2457454.893184,10.5912,-31.8874,6.5498,5.6180,6.4369,4.3769,1
2457456.822654,12.8881,-29.3798,6.5498,5.6180,6.4369,4.3769,1
2457456.880834,21.0043,-24.7177,6.5498,5.6180,6.4369,4.3769,1
2457457.828984,13.5388,-38.6351,6.5498,5.6180,6.4369,4.3769,1
2457457.851624,20.7753,-27.6292,6.5498,5.6180,6.4369,4.3769,1
2457457.872584,13.0910,-27.6227,6.5498,5.6180,6.4369,4.3769,1
2457457.904974,14.1500,-31.8815,6.5498,5.6180,6.4369,4.3769,1
2457458.827424,24.5246,-30.3137,6.5498,5.6180,6.4369,4.3769,1
2457458.869674,16.4868,-26.2207,6.5498,5.6180,6.4369,4.3769,1
2457458.902084,17.1429,-31.8118,6.5498,5.6180,6.4369,4.3769,1
2457460.822104,12.1438,-34.6862,6.5498,5.6180,6.4369,4.3769,1
2457460.843084,20.0985,-35.4401,6.5498,5.6180,6.4369,4.3769,1
2457461.859174,19.8734,-33.5534,6.5498,5.6180,6.4369,4.3769,1
2457466.863774,24.7102,-32.9524,6.5498,5.6180,6.4369,4.3769,1
2457466.884144,23.1573,-31.0906,6.5498,5.6180,6.4369,4.3769,1
2457466.904944,17.0396,-36.1035,6.5498,5.6180,6.4369,4.3769,1
2457469.816634,26.0884,-32.1967,6.5498,5.6180,6.4369,4.3769,1
2457469.877424,16.5474,-39.8849,6.5498,5.6180,6.4369,4.3769,1
2457469.902574,17.2654,-26.7141,6.5498,5.6180,6.4369,4.3769,1
2457472.813834,14.9133,-36.1703,6.5498,5.6180,6.4369,4.3769,1
2457472.834604,29.1271,-28.4397,6.5498,5.6180,6.4369,4.3769,1
2457472.857244,11.5342,-29.2376,6.5498,5.6180,6.4369,4.3769,1
2457472.877464,29.4631,-31.8120,6.5498,5.6180,6.4369,4.3769,1
2457472.898324,19.0204,-30.8781,6.5498,5.6180,6.4369,4.3769,1
2457473.767334,24.5282,-26.5716,6.5498,5.6180,6.4369,4.3769,1
2457473.829174,17.6212,-28.8871,6.5498,5.6180,6.4369,4.3769,1
2457473.880414,13.0241,-34.0028,6.5498,5.6180,6.4369,4.3769,1
2457474.781964,23.3047,-37.8678,6.5498,5.6180,6.4369,4.3769,1
2457474.802834,21.7346,-28.2932,6.5498,5.6180,6.4369,4.3769,1
2457474.823204,18.6796,-30.0256,6.5498,5.6180,6.4369,4.3769,1
2457474.843314,27.5909,-36.4886,6.5498,5.6180,6.4369,4.3769,1
2457474.876584,24.9647,-24.3563,6.5498,5.6180,6.4369,4.3769,1
2457474.896914,19.6511,-31.0154,6.5498,5.6180,6.4369,4.3769,1
2457475.799654,24.1224,-27.9004,6.5498,5.6180,6.4369,4.3769,1
2457475.822914,22.5625,-30.2678,6.5498,5.6180,6.4369,4.3769,1
2457475.860274,22.4310,-35.9066,6.5498,5.6180,6.4369,4.3769,1
2457475.891894,23.3615,-23.7139,6.5498,5.6180,6.4369,4.3769,1
2457476.771777,23.6944,-34.3497,6.5498,5.6180,6.4369,4.3769,1
2457476.790857,17.0168,-30.0519,6.5498,5.6180,6.4369,4.3769,1
2457476.844247,17.0374,-38.1481,6.5498,5.6180,6.4369,4.3769,1
2457476.864847,21.9697,-35.0617,6.5498,5.6180,6.4369,4.3769,1
2457477.808704,25.0336,-25.0243,6.5498,5.6180,6.4369,4.3769,1
2457477.832234,28.9841,-33.1110,6.5498,5.6180,6.4369,4.3769,1
2457477.896344,19.1409,-35.6549,6.5498,5.6180,6.4369,4.3769,1
2457478.777564,27.6594,-30.3810,6.5498,5.6180,6.4369,4.3769,1
2457478.800264,20.3747,-26.5782,6.5498,5.6180,6.4369,4.3769,1
2457478.821044,19.3364,-37.2671,6.5498,5.6180,6.4369,4.3769,1
2457478.845954,17.1943,-33.5298,6.5498,5.6180,6.4369,4.3769,1
2457478.907074,19.4534,-31.0135,6.5498,5.6180,6.4369,4.3769,1
2457479.752447,12.4768,-28.4100,6.5498,5.6180,6.4369,4.3769,1
2457479.787907,22.2198,-25.3167,6.5498,5.6180,6.4369,4.3769,1
2457479.805807,18.1292,-34.0981,6.5498,5.6180,6.4369,4.3769,1
2457479.843177,23.8714,-27.2700,6.5498,5.6180,6.4369,4.3769,1
2457479.878647,24.0076,-32.9874,6.5498,5.6180,6.4369,4.3769,1
2457479.898357,15.7291,-33.0047,6.5498,5.6180,6.4369,4.3769,1
2457479.917407,18.9605,-22.8703,6.5498,5.6180,6.4369,4.3769,1
2457480.779637,21.9867,-34.0586,6.5498,5.6180,6.4369,4.3769,1
2457480.799717,18.0919,-37.7198,6.5498,5.6180,6.4369,4.3769,1
2457481.758687,16.0035,-37.6544,6.5498,5.6180,6.4369,4.3769,1
2457481.779777,20.7357,-28.2364,6.5498,5.6180,6.4369,4.3769,1
2457481.811817,26.4828,-32.4532,6.5498,5.6180,6.4369,4.3769,1
2457481.830507,16.9038,-32.4211,6.5498,5.6180,6.4369,4.3769,1
2457482.798567,22.9469,-32.9121,6.5498,5.6180,6.4369,4.3769,1
2457482.822387,23.6145,-29.9811,6.5498,5.6180,6.4369,4.3769,1
2457482.863357,27.1513,-23.8102,6.5498,5.6180,6.4369,4.3769,1
2457484.784417,20.3665,-26.6100,6.5498,5.6180,6.4369,4.3769,1
2457484.804047,27.8334,-36.3097,6.5498,5.6180,6.4369,4.3769,1
2457484.857487,28.0545,-30.3557,6.5498,5.6180,6.4369,4.3769,1
2457484.876917,20.0496,-25.5469,6.5498,5.6180,6.4369,4.3769,1
2457484.896597,26.9203,-29.6336,6.5498,5.6180,6.4369,4.3769,1
2457485.876447,20.9906,-37.6717,6.5498,5.6180,6.4369,4.3769,1
2457485.908717,23.3732,-30.0485,6.5498,5.6180,6.4369,4.3769,1
2457486.796157,16.7963,-24.8057,6.5498,5.6180,6.4369,4.3769,1
2457486.819627,19.9812,-33.4467,6.5498,5.6180,6.4369,4.3769,1
2457487.774417,24.7106,-28.5092,6.5498,5.6180,6.4369,4.3769,1
2457487.815607,23.3506,-23.0933,6.5498,5.6180,6.4369,4.3769,1
2457487.884767,18.0965,-30.1500,6.5498,5.6180,6.4369,4.3769,1
2457487.904937,19.2832,-31.6374,6.5498,5.6180,6.4369,4.3769,1
2457488.827904,22.3615,-30.8833,6.5498,5.6180,6.4369,4.3769,1
2457488.845654,20.4507,-25.6090,6.5498,5.6180,6.4369,4.3769,1
2457488.865984,21.5447,-25.3135,6.5498,5.6180,6.4369,4.3769,1
2457489.889827,22.4685,-33.0352,6.5498,5.6180,6.4369,4.3769,1
2457489.913127,16.1528,-23.0678,6.5498,5.6180,6.4369,4.3769,1
2457491.759557,19.3578,-29.6594,6.5498,5.6180,6.4369,4.3769,1
2457491.778767,17.6702,-32.4091,6.5498,5.6180,6.4369,4.3769,1
2457491.815747,17.8148,-31.9177,6.5498,5.6180,6.4369,4.3769,1
2457491.832847,18.9421,-26.1989,6.5498,5.6180,6.4369,4.3769,1
2457491.864017,25.5062,-28.1691,6.5498,5.6180,6.4369,4.3769,1
2457491.897787,26.6044,-32.9138,6.5498,5.6180,6.4369,4.3769,1
2457491.916397,28.5603,-29.8840,6.5498,5.6180,6.4369,4.3769,1
2457494.708967,22.6949,-25.8298,6.5498,5.6180,6.4369,4.3769,1
2457494.727057,14.5219,-34.5094,6.5498,5.6180,6.4369,4.3769,1
2457494.777367,24.4721,-32.6290,6.5498,5.6180,6.4369,4.3769,1
2457494.805007,16.7049,-32.3608,6.5498,5.6180,6.4369,4.3769,1
2457494.893597,13.3107,-29.5881,6.5498,5.6180,6.4369,4.3769,1
2457494.912177,14.1434,-30.0136,6.5498,5.6180,6.4369,4.3769,1
2457495.711457,18.7428,-37.4064,6.5498,5.6180,6.4369,4.3769,1
2457495.730137,23.7469,-35.3858,6.5498,5.6180,6.4369,4.3769,1
2457495.748567,15.7115,-22.9697,6.5498,5.6180,6.4369,4.3769,1
2457495.795567,17.4047,-35.8615,6.5498,5.6180,6.4369,4.3769,1
2457495.816417,27.6069,-24.8094,6.5498,5.6180,6.4369,4.3769,1
2457495.834017,19.4953,-34.1218,6.5498,5.6180,6.4369,4.3769,1
2457495.856407,23.0738,-34.6619,6.5498,5.6180,6.4369,4.3769,1
2457495.876327,14.2661,-29.8503,6.5498,5.6180,6.4369,4.3769,1
2457495.904917,29.8803,-34.1791,6.5498,5.6180,6.4369,4.3769,1
2457498.787817,20.4046,-24.7034,6.5498,5.6180,6.4369,4.3769,1
2457498.805467,23.5453,-36.3726,6.5498,5.6180,6.4369,4.3769,1
2457498.844387,15.9057,-37.1539,6.5498,5.6180,6.4369,4.3769,1
2457498.868827,17.9953,-35.3159,6.5498,5.6180,6.4369,4.3769,1
2457499.702087,8.8808,-34.2831,6.5498,5.6180,6.4369,4.3769,1
2457499.719387,16.2666,-36.0364,6.5498,5.6180,6.4369,4.3769,1
2457499.742837,15.2861,-35.3839,6.5498,5.6180,6.4369,4.3769,1
2457499.760397,15.1576,-35.1678,6.5498,5.6180,6.4369,4.3769,1
2457499.777857,12.7763,-29.2651,6.5498,5.6180,6.4369,4.3769,1
2457499.806637,11.5612,-37.0773,6.5498,5.6180,6.4369,4.3769,1
2457499.824307,15.6356,-34.0710,6.5498,5.6180,6.4369,4.3769,1
2457499.841957,16.5309,-30.0546,6.5498,5.6180,6.4369,4.3769,1
2457499.862677,13.3219,-28.5750,6.5498,5.6180,6.4369,4.3769,1
2457499.883337,10.8169,-25.5491,6.5498,5.6180,6.4369,4.3769,1
2457499.917197,9.8479,-29.1979,6.5498,5.6180,6.4369,4.3769,1
2457500.703887,13.9356,-32.8380,6.5498,5.6180,6.4369,4.3769,1
2457500.742137,18.9734,-31.7404,6.5498,5.6180,6.4369,4.3769,1
2457500.815027,12.0373,-29.4477,6.5498,5.6180,6.4369,4.3769,1
2457500.833157,17.2342,-25.8827,6.5498,5.6180,6.4369,4.3769,1
2457500.852217,14.4807,-33.3829,6.5498,5.6180,6.4369,4.3769,1
2457500.871337,10.7396,-34.7049,6.5498,5.6180,6.4369,4.3769,1
2457504.802087,25.9378,-27.3996,6.5498,5.6180,6.4369,4.3769,1
2457505.678337,13.7518,-31.4372,6.5498,5.6180,6.4369,4.3769,1
2457505.712647,17.4434,-36.8003,6.5498,5.6180,6.4369,4.3769,1
2457505.730107,23.9073,-24.5132,6.5498,5.6180,6.4369,4.3769,1
2457505.747377,13.8993,-33.0187,6.5498,5.6180,6.4369,4.3769,1
2457508.702057,17.5617,-25.1211,6.5498,5.6180,6.4369,4.3769,1
2457508.719557,19.8500,-24.9209,6.5498,5.6180,6.4369,4.3769,1
2457508.739597,18.0287,-29.5086,6.5498,5.6180,6.4369,4.3769,1
2457508.785647,15.4322,-31.2319,6.5498,5.6180,6.4369,4.3769,1
2457508.803107,26.1939,-23.4149,6.5498,5.6180,6.4369,4.3769,1
2457508.828027,14.9311,-31.1985,6.5498,5.6180,6.4369,4.3769,1
2457508.848707,14.7344,-26.6283,6.5498,5.6180,6.4369,4.3769,1
2457508.864267,18.4013,-26.7697,6.5498,5.6180,6.4369,4.3769,1
2457508.892537,19.5987,-32.6469,6.5498,5.6180,6.4369,4.3769,1
2457508.910197,25.9659,-26.3508,6.5498,5.6180,6.4369,4.3769,1
2457508.927257,21.8358,-36.7107,6.5498,5.6180,6.4369,4.3769,1
2457509.694621,14.9510,-38.2354,6.5498,5.6180,6.4369,4.3769,1
2457509.723007,22.6224,-32.7778,6.5498,5.6180,6.4369,4.3769,1
2457509.744797,26.9518,-26.6018,6.5498,5.6180,6.4369,4.3769,1
2457509.764677,24.5672,-21.5258,6.5498,5.6180,6.4369,4.3769,1
2457509.802137,23.9329,-35.3077,6.5498,5.6180,6.4369,4.3769,1
2457509.832107,22.7653,-25.5105,6.5498,5.6180,6.4369,4.3769,1
2457511.723587,22.3608,-26.4443,6.5498,5.6180,6.4369,4.3769,1
2457511.758067,14.0207,-33.8187,6.5498,5.6180,6.4369,4.3769,1
2457511.786697,18.4126,-37.0124,6.5498,5.6180,6.4369,4.3769,1
2457511.804627,15.5012,-35.5893,6.5498,5.6180,6.4369,4.3769,1
2457511.824797,14.8600,-34.3694,6.5498,5.6180,6.4369,4.3769,1
2457511.844127,12.4751,-30.7177,6.5498,5.6180,6.4369,4.3769,1
2457511.861607,15.8416,-27.6014,6.5498,5.6180,6.4369,4.3769,1
2457512.690327,16.7197,-29.9041,6.5498,5.6180,6.4369,4.3769,1
2457512.741017,14.7570,-30.7564,6.5498,5.6180,6.4369,4.3769,1
2457512.766007,13.3538,-32.9108,6.5498,5.6180,6.4369,4.3769,1
2457512.782957,29.1742,-27.6498,6.5498,5.6180,6.4369,4.3769,1
2457512.804047,16.1498,-25.9067,6.5498,5.6180,6.4369,4.3769,1
2457512.890997,17.1547,-35.3199,6.5498,5.6180,6.4369,4.3769,1
2457512.908247,19.9767,-21.1703,6.5498,5.6180,6.4369,4.3769,1
2457514.719757,22.8774,-34.1954,6.5498,5.6180,6.4369,4.3769,1
2457516.661307,20.8956,-29.9919,6.5498,5.6180,6.4369,4.3769,1
2457516.681597,13.4032,-31.2667,6.5498,5.6180,6.4369,4.3769,1
2457516.720927,24.1163,-23.0803,6.5498,5.6180,6.4369,4.3769,1
2457516.745437,6.9070,-28.9782,6.5498,5.6180,6.4369,4.3769,1
2457517.668847,10.0918,-30.5609,6.5498,5.6180,6.4369,4.3769,1
2457517.708057,33.2787,-29.6370,6.5498,5.6180,6.4369,4.3769,1
2457520.713107,23.4425,-35.2666,6.5498,5.6180,6.4369,4.3769,1
2457520.755217,22.5563,-32.9465,6.5498,5.6180,6.4369,4.3769,1
2457520.840757,33.5411,-31.1324,6.5498,5.6180,6.4369,4.3769,1
2457520.862677,25.7565,-30.3211,6.5498,5.6180,6.4369,4.3769,1
2457520.885107,26.1782,-23.3637,6.5498,5.6180,6.4369,4.3769,1
2457520.932747,25.0842,-24.9097,6.5498,5.6180,6.4369,4.3769,1
2457522.688927,13.5337,-30.2690,6.5498,5.6180,6.4369,4.3769,1
2457522.706467,13.9448,-29.4967,6.5498,5.6180,6.4369,4.3769,1
2457522.759377,24.8967,-32.4960,6.5498,5.6180,6.4369,4.3769,1
2457522.795037,24.3165,-29.9857,6.5498,5.6180,6.4369,4.3769,1
2457522.818247,25.0200,-28.1245,6.5498,5.6180,6.4369,4.3769,1
2457523.718137,22.2955,-35.6202,6.5498,5.6180,6.4369,4.3769,1
2457523.736217,23.3044,-25.3370,6.5498,5.6180,6.4369,4.3769,1
2457523.753897,19.2219,-27.0621,6.5498,5.6180,6.4369,4.3769,1
2457523.771127,21.5377,-28.2800,6.5498,5.6180,6.4369,4.3769,1
2457523.828717,29.1609,-32.3338,6.5498,5.6180,6.4369,4.3769,1
2457523.845997,16.8703,-27.0601,6.5498,5.6180,6.4369,4.3769,1
2457523.868977,29.5965,-27.5599,6.5498,5.6180,6.4369,4.3769,1
2457523.889747,27.2340,-34.4731,6.5498,5.6180,6.4369,4.3769,1
2457523.922937,26.4379,-28.4667,6.5498,5.6180,6.4369,4.3769,1
2457524.898237,34.1870,-37.2518,6.5498,5.6180,6.4369,4.3769,1
2457526.645527,12.3041,-31.5529,6.5498,5.6180,6.4369,4.3769,1
2457526.664447,19.3278,-26.0751,6.5498,5.6180,6.4369,4.3769,1
2457526.697527,27.1337,-25.0334,6.5498,5.6180,6.4369,4.3769,1
2457526.715227,22.1399,-35.6858,6.5498,5.6180,6.4369,4.3769,1
2457526.887237,25.5252,-29.6613,6.5498,5.6180,6.4369,4.3769,1
2457528.903417,20.7488,-26.3870,6.5498,5.6180,6.4369,4.3769,1
2457528.921697,19.8548,-27.2307,6.5498,5.6180,6.4369,4.3769,1
2457528.939807,27.7151,-30.3061,6.5498,5.6180,6.4369,4.3769,1
2457530.642917,16.6053,-30.2830,6.5498,5.6180,6.4369,4.3769,1
2457530.660647,13.4871,-33.7556,6.5498,5.6180,6.4369,4.3769,1
2457530.678567,20.4188,-29.3343,6.5498,5.6180,6.4369,4.3769,1
2457530.705797,33.0940,-23.8440,6.5498,5.6180,6.4369,4.3769,1
2457530.726057,26.9624,-32.8257,6.5498,5.6180,6.4369,4.3769,1
2457530.745157,20.7245,-27.2719,6.5498,5.6180,6.4369,4.3769,1
2457530.765697,23.7733,-30.0713,6.5498,5.6180,6.4369,4.3769,1
2457530.804687,28.2188,-22.8431,6.5498,5.6180,6.4369,4.3769,1
2457534.653797,22.8319,-31.6925,6.5498,5.6180,6.4369,4.3769,1
2457534.671097,21.3657,-36.1959,6.5498,5.6180,6.4369,4.3769,1
2457534.688407,15.2733,-31.0272,6.5498,5.6180,6.4369,4.3769,1
2457534.707007,14.5139,-25.8453,6.5498,5.6180,6.4369,4.3769,1
2457534.725587,17.0505,-33.4021,6.5498,5.6180,6.4369,4.3769,1
2457534.755747,18.1347,-23.9820,6.5498,5.6180,6.4369,4.3769,1
2457534.780777,19.3316,-32.4377,6.5498,5.6180,6.4369,4.3769,1
2457534.798727,16.9575,-25.6651,6.5498,5.6180,6.4369,4.3769,1
2457534.820827,13.5311,-28.7412,6.5498,5.6180,6.4369,4.3769,1
2457534.838157,16.2615,-31.8263,6.5498,5.6180,6.4369,4.3769,1
2457534.856717,26.5659,-28.9083,6.5498,5.6180,6.4369,4.3769,1
2457534.921647,25.0347,-30.2294,6.5498,5.6180,6.4369,4.3769,1
2457536.635397,19.7201,-28.0216,6.5498,5.6180,6.4369,4.3769,1
2457536.655837,16.3983,-26.5696,6.5498,5.6180,6.4369,4.3769,1
2457536.673257,24.8528,-20.9310,6.5498,5.6180,6.4369,4.3769,1
2457536.696147,17.2993,-32.9222,6.5498,5.6180,6.4369,4.3769,1
2457536.765387,14.6678,-33.2290,6.5498,5.6180,6.4369,4.3769,1
2457536.783447,11.8123,-20.2939,6.5498,5.6180,6.4369,4.3769,1
2457536.818127,15.4121,-32.3592,6.5498,5.6180,6.4369,4.3769,1
2457536.835237,18.8101,-29.7240,6.5498,5.6180,6.4369,4.3769,1
2457536.864117,19.0459,-29.3961,6.5498,5.6180,6.4369,4.3769,1
2457536.881317,25.8282,-29.3103,6.5498,5.6180,6.4369,4.3769,1
2457536.884327,26.9636,-26.1783,6.5498,5.6180,6.4369,4.3769,1
2457536.900037,30.5677,-38.3299,6.5498,5.6180,6.4369,4.3769,1
2457546.751857,21.6152,-29.3116,6.5498,5.6180,6.4369,4.3769,1
2457546.786737,13.3935,-26.2243,6.5498,5.6180,6.4369,4.3769,1
2457546.804567,15.8057,-34.5115,6.5498,5.6180,6.4369,4.3769,1
2457546.828647,25.5573,-34.1127,6.5498,5.6180,6.4369,4.3769,1
2457546.849327,22.8872,-27.6932,6.5498,5.6180,6.4369,4.3769,1
2457546.871727,23.8440,-34.6172,6.5498,5.6180,6.4369,4.3769,1
2457547.623557,20.2024,-23.7428,6.5498,5.6180,6.4369,4.3769,1
2457547.671477,27.9750,-28.5475,6.5498,5.6180,6.4369,4.3769,1
2457547.689087,14.4528,-28.9986,6.5498,5.6180,6.4369,4.3769,1
2457547.706417,22.1885,-31.2964,6.5498,5.6180,6.4369,4.3769,1
2457547.760997,16.5485,-29.8146,6.5498,5.6180,6.4369,4.3769,1
2457547.780067,14.7077,-29.1284,6.5498,5.6180,6.4369,4.3769,1
2457547.850927,18.3132,-32.1090,6.5498,5.6180,6.4369,4.3769,1
2457548.621167,21.7721,-29.2856,6.5498,5.6180,6.4369,4.3769,1
2457548.639077,26.4328,-22.6091,6.5498,5.6180,6.4369,4.3769,1
2457548.657177,27.8136,-27.7132,6.5498,5.6180,6.4369,4.3769,1
2457548.687457,23.4377,-25.1709,6.5498,5.6180,6.4369,4.3769,1
2457548.713074,23.9946,-28.6709,6.5498,5.6180,6.4369,4.3769,1
2457548.771564,26.0771,-24.7371,6.5498,5.6180,6.4369,4.3769,1
2457548.801247,31.1427,-31.5642,6.5498,5.6180,6.4369,4.3769,1
2457549.688417,16.5109,-29.3595,6.5498,5.6180,6.4369,4.3769,1
2457549.708577,25.5513,-34.9706,6.5498,5.6180,6.4369,4.3769,1
2457549.726477,16.0307,-32.3267,6.5498,5.6180,6.4369,4.3769,1
2457549.763287,26.5059,-26.0919,6.5498,5.6180,6.4369,4.3769,1
2457549.793187,26.5241,-22.8388,6.5498,5.6180,6.4369,4.3769,1
2457549.810437,18.3815,-27.3639,6.5498,5.6180,6.4369,4.3769,1
2457549.847337,23.0980,-25.2471,6.5498,5.6180,6.4369,4.3769,1
2457549.864427,20.2509,-24.7251,6.5498,5.6180,6.4369,4.3769,1
2457550.613767,25.3953,-32.1700,6.5498,5.6180,6.4369,4.3769,1
2457550.802867,28.9942,-37.4553,6.5498,5.6180,6.4369,4.3769,1
2457550.849127,17.8010,-22.2764,6.5498,5.6180,6.4369,4.3769,1
2457550.868027,29.9866,-33.2517,6.5498,5.6180,6.4369,4.3769,1
2457550.887097,22.1566,-26.7524,6.5498,5.6180,6.4369,4.3769,1
2457551.692707,19.2188,-33.6461,6.5498,5.6180,6.4369,4.3769,1
2457551.715357,16.0495,-31.8578,6.5498,5.6180,6.4369,4.3769,1
2457551.732337,25.1606,-25.9640,6.5498,5.6180,6.4369,4.3769,1
2457551.767247,23.6808,-32.3744,6.5498,5.6180,6.4369,4.3769,1
2457554.620357,13.0342,-26.3537,6.5498,5.6180,6.4369,4.3769,1
2457554.648267,29.9288,-28.3129,6.5498,5.6180,6.4369,4.3769,1
2457554.666907,33.2579,-29.0588,6.5498,5.6180,6.4369,4.3769,1
2457554.795477,31.7211,-21.9062,6.5498,5.6180,6.4369,4.3769,1
2457554.833297,26.2091,-26.9072,6.5498,5.6180,6.4369,4.3769,1
2457555.550117,22.3909,-28.0659,6.5498,5.6180,6.4369,4.3769,1
2457555.576167,20.6343,-32.8013,6.5498,5.6180,6.4369,4.3769,1
2457555.613337,25.5146,-29.5149,6.5498,5.6180,6.4369,4.3769,1
2457555.644797,24.7646,-32.1868,6.5498,5.6180,6.4369,4.3769,1
2457555.665007,28.6165,-24.7724,6.5498,5.6180,6.4369,4.3769,1
2457555.706007,26.8888,-21.2656,6.5498,5.6180,6.4369,4.3769,1
2457555.725457,23.2627,-29.9488,6.5498,5.6180,6.4369,4.3769,1
2457555.753667,19.5324,-30.1547,6.5498,5.6180,6.4369,4.3769,1
2457555.774597,26.4671,-29.8837,6.5498,5.6180,6.4369,4.3769,1
2457555.817267,28.2284,-32.1713,6.5498,5.6180,6.4369,4.3769,1
2457555.863287,29.4412,-24.4638,6.5498,5.6180,6.4369,4.3769,1
2457557.540327,15.0456,-23.8278,6.5498,5.6180,6.4369,4.3769,1
2457557.558077,25.8076,-29.7841,6.5498,5.6180,6.4369,4.3769,1
2457557.587227,27.2361,-24.1930,6.5498,5.6180,6.4369,4.3769,1
2457557.604477,27.8779,-26.6144,6.5498,5.6180,6.4369,4.3769,1
2457557.622317,19.4218,-30.7671,6.5498,5.6180,6.4369,4.3769,1
2457557.639807,19.7693,-28.0888,6.5498,5.6180,6.4369,4.3769,1
2457557.658397,16.1599,-29.8598,6.5498,5.6180,6.4369,4.3769,1
2457557.687217,22.2231,-28.8171,6.5498,5.6180,6.4369,4.3769,1
2457557.708047,17.5748,-27.5112,6.5498,5.6180,6.4369,4.3769,1
2457557.744507,12.2478,-29.4116,6.5498,5.6180,6.4369,4.3769,1
2457557.761977,24.5218,-22.3103,6.5498,5.6180,6.4369,4.3769,1
2457557.790797,18.4916,-24.0367,6.5498,5.6180,6.4369,4.3769,1
2457557.810147,21.0047,-34.6206,6.5498,5.6180,6.4369,4.3769,1
2457557.845727,27.2058,-30.8557,6.5498,5.6180,6.4369,4.3769,1
2457558.662817,15.1585,-34.6184,6.5498,5.6180,6.4369,4.3769,1
2457558.680557,11.9058,-26.7146,6.5498,5.6180,6.4369,4.3769,1
2457561.536257,32.5330,-34.8143,6.5498,5.6180,6.4369,4.3769,1
2457561.603127,27.2468,-27.6403,6.5498,5.6180,6.4369,4.3769,1
2457561.671307,20.4203,-29.6167,6.5498,5.6180,6.4369,4.3769,1
2457561.728997,28.8743,-22.0490,6.5498,5.6180,6.4369,4.3769,1
2457561.745987,26.6501,-24.3784,6.5498,5.6180,6.4369,4.3769,1
2457561.794647,26.9818,-30.8741,6.5498,5.6180,6.4369,4.3769,1
2457566.569307,26.0509,-25.1525,6.5498,5.6180,6.4369,4.3769,1
2457566.586567,13.2128,-29.3906,6.5498,5.6180,6.4369,4.3769,1
2457566.626237,19.6934,-21.7868,6.5498,5.6180,6.4369,4.3769,1
2457566.655157,24.3199,-25.3331,6.5498,5.6180,6.4369,4.3769,1
2457566.714237,12.7907,-30.0025,6.5498,5.6180,6.4369,4.3769,1
2457566.737417,15.8662,-31.1538,6.5498,5.6180,6.4369,4.3769,1
2457566.754577,25.2402,-28.4021,6.5498,5.6180,6.4369,4.3769,1
2457567.585037,28.7319,-23.5600,6.5498,5.6180,6.4369,4.3769,1
2457567.605387,29.5033,-30.8426,6.5498,5.6180,6.4369,4.3769,1
2457567.627297,22.0515,-25.4636,6.5498,5.6180,6.4369,4.3769,1
2457567.664767,21.0191,-24.7237,6.5498,5.6180,6.4369,4.3769,1
2457567.696347,25.7677,-22.6232,6.5498,5.6180,6.4369,4.3769,1
2457567.713597,20.1472,-25.0587,6.5498,5.6180,6.4369,4.3769,1
2457567.731487,18.6796,-27.9469,6.5498,5.6180,6.4369,4.3769,1
2457567.751117,25.7136,-31.9945,6.5498,5.6180,6.4369,4.3769,1
2457567.771037,31.0158,-28.1438,6.5498,5.6180,6.4369,4.3769,1
2457567.799187,18.6826,-28.4916,6.5498,5.6180,6.4369,4.3769,1
2457567.817827,28.2547,-25.4932,6.5498,5.6180,6.4369,4.3769,1
2457568.557107,21.2231,-25.2014,6.5498,5.6180,6.4369,4.3769,1
2457568.585437,32.0164,-23.0241,6.5498,5.6180,6.4369,4.3769,1
2457568.605677,27.2797,-24.9752,6.5498,5.6180,6.4369,4.3769,1
2457568.623217,23.5539,-29.7289,6.5498,5.6180,6.4369,4.3769,1
2457568.658507,18.3296,-30.3138,6.5498,5.6180,6.4369,4.3769,1
2457568.690557,13.0463,-26.9989,6.5498,5.6180,6.4369,4.3769,1
2457568.727607,26.0828,-21.8819,6.5498,5.6180,6.4369,4.3769,1
2457568.802787,16.8932,-28.4843,6.5498,5.6180,6.4369,4.3769,1
2457568.820717,11.8698,-23.1024,6.5498,5.6180,6.4369,4.3769,1
2457569.572597,28.1061,-26.6885,6.5498,5.6180,6.4369,4.3769,1
2457569.602157,18.6150,-36.2304,6.5498,5.6180,6.4369,4.3769,1
2457569.621177,23.1015,-26.5865,6.5498,5.6180,6.4369,4.3769,1
2457569.638947,19.3717,-29.6507,6.5498,5.6180,6.4369,4.3769,1
2457569.657727,17.9701,-28.1117,6.5498,5.6180,6.4369,4.3769,1
2457569.676237,23.9810,-31.5807,6.5498,5.6180,6.4369,4.3769,1
2457569.704737,12.5966,-32.0166,6.5498,5.6180,6.4369,4.3769,1
2457569.722477,15.8744,-32.0914,6.5498,5.6180,6.4369,4.3769,1
2457569.740347,28.8379,-32.8103,6.5498,5.6180,6.4369,4.3769,1
2457569.758157,13.8526,-31.9391,6.5498,5.6180,6.4369,4.3769,1
2457570.685527,6.9314,-30.2486,6.5498,5.6180,6.4369,4.3769,1
2457570.702817,18.7370,-25.0115,6.5498,5.6180,6.4369,4.3769,1
2457570.748317,18.0256,-34.1080,6.5498,5.6180,6.4369,4.3769,1
2457570.805757,28.2425,-29.7336,6.5498,5.6180,6.4369,4.3769,1
2457575.549657,19.6233,-24.3480,6.5498,5.6180,6.4369,4.3769,1
2457575.567067,12.0047,-35.2624,6.5498,5.6180,6.4369,4.3769,1
2457575.584627,35.5994,-35.3049,6.5498,5.6180,6.4369,4.3769,1
2457575.602257,22.1973,-35.7928,6.5498,5.6180,6.4369,4.3769,1
2457575.692347,21.9236,-32.0075,6.5498,5.6180,6.4369,4.3769,1
2457575.715387,24.1237,-25.1211,6.5498,5.6180,6.4369,4.3769,1
2457575.784917,25.1801,-34.1988,6.5498,5.6180,6.4369,4.3769,1
2457575.803047,29.2620,-31.6944,6.5498,5.6180,6.4369,4.3769,1
2457576.562767,13.0148,-31.1139,6.5498,5.6180,6.4369,4.3769,1
2457576.580767,23.9434,-26.0857,6.5498,5.6180,6.4369,4.3769,1
2457576.654037,18.8502,-24.0483,6.5498,5.6180,6.4369,4.3769,1
2457576.702187,29.3549,-34.2863,6.5498,5.6180,6.4369,4.3769,1
2457576.720667,23.9119,-28.1493,6.5498,5.6180,6.4369,4.3769,1
2457576.738337,22.0071,-31.9394,6.5498,5.6180,6.4369,4.3769,1
2457576.773777,21.2097,-17.8894,6.5498,5.6180,6.4369,4.3769,1
2457576.802337,15.8751,-28.4170,6.5498,5.6180,6.4369,4.3769,1
2457584.654267,6.0180,-34.9937,6.5498,5.6180,6.4369,4.3769,1
2457584.672247,15.7083,-25.5793,6.5498,5.6180,6.4369,4.3769,1
2457584.689697,21.0851,-30.4920,6.5498,5.6180,6.4369,4.3769,1
2457585.501137,25.4876,-28.4903,6.5498,5.6180,6.4369,4.3769,1
2457585.519617,15.5120,-21.0119,6.5498,5.6180,6.4369,4.3769,1
2457585.537257,19.2675,-22.9176,6.5498,5.6180,6.4369,4.3769,1
2457585.574077,26.3455,-29.2830,6.5498,5.6180,6.4369,4.3769,1
2457585.603177,19.9841,-39.0273,6.5498,5.6180,6.4369,4.3769,1
2457585.626227,29.9994,-31.3918,6.5498,5.6180,6.4369,4.3769,1
2457585.646827,33.9233,-28.1350,6.5498,5.6180,6.4369,4.3769,1
2457585.664877,18.8363,-32.0191,6.5498,5.6180,6.4369,4.3769,1
2457585.719847,28.7178,-20.3706,6.5498,5.6180,6.4369,4.3769,1
2457589.769717,34.0017,-23.8327,6.5498,5.6180,6.4369,4.3769,1
2457589.777277,11.9754,-30.0343,6.5498,5.6180,6.4369,4.3769,1
2457590.476477,27.6910,-35.5500,6.5498,5.6180,6.4369,4.3769,1
2457590.494457,22.9590,-25.0952,6.5498,5.6180,6.4369,4.3769,1
2457590.522837,15.9190,-24.8969,6.5498,5.6180,6.4369,4.3769,1
2457590.553137,18.8717,-21.8756,6.5498,5.6180,6.4369,4.3769,1
2457590.570957,19.1803,-33.9962,6.5498,5.6180,6.4369,4.3769,1
2457590.588837,24.8520,-29.3605,6.5498,5.6180,6.4369,4.3769,1
2457590.608867,14.6700,-18.9248,6.5498,5.6180,6.4369,4.3769,1
2457590.628357,20.7207,-32.1234,6.5498,5.6180,6.4369,4.3769,1
2457590.657267,24.4347,-23.0248,6.5498,5.6180,6.4369,4.3769,1
2457590.674687,20.4053,-31.6149,6.5498,5.6180,6.4369,4.3769,1
2457590.692057,19.7895,-25.9486,6.5498,5.6180,6.4369,4.3769,1
2457590.732127,21.6155,-24.8808,6.5498,5.6180,6.4369,4.3769,1
2457590.761147,29.0399,-20.6601,6.5498,5.6180,6.4369,4.3769,1
2457591.483147,17.7402,-29.4025,6.5498,5.6180,6.4369,4.3769,1
2457591.502077,19.7918,-23.5155,6.5498,5.6180,6.4369,4.3769,1
2457591.521147,21.1235,-27.7219,6.5498,5.6180,6.4369,4.3769,1
2457591.538557,16.9742,-30.0662,6.5498,5.6180,6.4369,4.3769,1
2457591.556097,20.5407,-19.7359,6.5498,5.6180,6.4369,4.3769,1
2457591.585357,24.6946,-20.2770,6.5498,5.6180,6.4369,4.3769,1
2457591.603167,28.8355,-21.3638,6.5498,5.6180,6.4369,4.3769,1
2457591.622117,22.2426,-20.0606,6.5498,5.6180,6.4369,4.3769,1
2457591.630977,32.9780,-32.8514,6.5498,5.6180,6.4369,4.3769,1
2457591.666267,23.1388,-19.9723,6.5498,5.6180,6.4369,4.3769,1
2457591.683787,29.3625,-34.8097,6.5498,5.6180,6.4369,4.3769,1
2457593.503837,22.1819,-31.7122,6.5498,5.6180,6.4369,4.3769,1
2457593.532527,18.5623,-21.2084,6.5498,5.6180,6.4369,4.3769,1
2457593.550577,11.8055,-31.6048,6.5498,5.6180,6.4369,4.3769,1
2457593.587207,19.1320,-17.5095,6.5498,5.6180,6.4369,4.3769,1
2457593.605457,7.5204,-27.0894,6.5498,5.6180,6.4369,4.3769,1
2457593.636417,13.6953,-31.6664,6.5498,5.6180,6.4369,4.3769,1
2457593.671527,18.1647,-24.0782,6.5498,5.6180,6.4369,4.3769,1
2457593.689027,11.6802,-34.5337,6.5498,5.6180,6.4369,4.3769,1
2457596.494077,18.9615,-28.2180,6.5498,5.6180,6.4369,4.3769,1
2457596.512177,23.4821,-22.9471,6.5498,5.6180,6.4369,4.3769,1
2457597.492097,26.9323,-32.7668,6.5498,5.6180,6.4369,4.3769,1
2457597.518657,26.2168,-28.3776,6.5498,5.6180,6.4369,4.3769,1
2457597.554207,17.1069,-25.6690,6.5498,5.6180,6.4369,4.3769,1
2457597.572177,29.0787,-28.6091,6.5498,5.6180,6.4369,4.3769,1
2457597.602597,28.8386,-25.7083,6.5498,5.6180,6.4369,4.3769,1
2457597.619987,11.9947,-28.0275,6.5498,5.6180,6.4369,4.3769,1
2457597.637217,18.4266,-25.9536,6.5498,5.6180,6.4369,4.3769,1
2457597.676557,30.2270,-32.8405,6.5498,5.6180,6.4369,4.3769,1
2457597.694667,21.2698,-29.4515,6.5498,5.6180,6.4369,4.3769,1
2457597.742457,24.2623,-21.0464,6.5498,5.6180,6.4369,4.3769,1
2457598.510187,19.0563,-32.0482,6.5498,5.6180,6.4369,4.3769,1
2457598.527917,14.0936,-26.2579,6.5498,5.6180,6.4369,4.3769,1
2457598.558467,18.0568,-32.7383,6.5498,5.6180,6.4369,4.3769,1
2457598.579447,13.7597,-24.4641,6.5498,5.6180,6.4369,4.3769,1
2457598.598437,12.1838,-22.3799,6.5498,5.6180,6.4369,4.3769,1
2457598.616557,18.9694,-29.3088,6.5498,5.6180,6.4369,4.3769,1
2457598.635677,21.7634,-37.3296,6.5498,5.6180,6.4369,4.3769,1
2457598.684787,17.9575,-30.3706,6.5498,5.6180,6.4369,4.3769,1
2457598.703127,28.8902,-33.6470,6.5498,5.6180,6.4369,4.3769,1
2457599.494707,22.2048,-35.7507,6.5498,5.6180,6.4369,4.3769,1
2457599.513467,20.5597,-27.2953,6.5498,5.6180,6.4369,4.3769,1
2457599.532127,22.5144,-36.5221,6.5498,5.6180,6.4369,4.3769,1
2457599.587037,14.5994,-27.0814,6.5498,5.6180,6.4369,4.3769,1
2457599.637627,13.4657,-21.9873,6.5498,5.6180,6.4369,4.3769,1
2457599.693927,31.7199,-31.3970,6.5498,5.6180,6.4369,4.3769,1
2457599.724007,20.0296,-27.4067,6.5498,5.6180,6.4369,4.3769,1
2457599.743047,14.4388,-33.9096,6.5498,5.6180,6.4369,4.3769,1
2457600.481037,20.7257,-29.0125,6.5498,5.6180,6.4369,4.3769,1
2457600.500237,21.0665,-30.1308,6.5498,5.6180,6.4369,4.3769,1
2457600.518087,10.4485,-26.8349,6.5498,5.6180,6.4369,4.3769,1
2457600.536067,11.7766,-22.5932,6.5498,5.6180,6.4369,4.3769,1
2457600.608697,12.4716,-21.0297,6.5498,5.6180,6.4369,4.3769,1
2457600.613447,8.3174,-19.7021,6.5498,5.6180,6.4369,4.3769,1
2457600.632907,8.7375,-30.1268,6.5498,5.6180,6.4369,4.3769,1
2457600.682367,14.7185,-32.7850,6.5498,5.6180,6.4369,4.3769,1
2457600.715507,19.5508,-29.0645,6.5498,5.6180,6.4369,4.3769,1
2457601.501867,32.4929,-34.8917,6.5498,5.6180,6.4369,4.3769,1
2457601.519707,21.0088,-26.4657,6.5498,5.6180,6.4369,4.3769,1
2457601.537277,25.3136,-33.7637,6.5498,5.6180,6.4369,4.3769,1
2457601.566337,28.2452,-24.2139,6.5498,5.6180,6.4369,4.3769,1
2457601.575417,13.9512,-24.3734,6.5498,5.6180,6.4369,4.3769,1
2457601.610897,28.5501,-32.0888,6.5498,5.6180,6.4369,4.3769,1
2457601.629967,22.3287,-29.8348,6.5498,5.6180,6.4369,4.3769,1
2457601.729167,28.5354,-26.2708,6.5498,5.6180,6.4369,4.3769,1
2457602.518377,23.0881,-34.3601,6.5498,5.6180,6.4369,4.3769,1
2457602.535937,32.4572,-20.2833,6.5498,5.6180,6.4369,4.3769,1
2457602.571557,27.0690,-29.2606,6.5498,5.6180,6.4369,4.3769,1
2457602.594597,17.9209,-28.3222,6.5498,5.6180,6.4369,4.3769,1
2457602.641777,28.0046,-32.6998,6.5498,5.6180,6.4369,4.3769,1
2457602.659177,27.4259,-28.4976,6.5498,5.6180,6.4369,4.3769,1
2457602.667987,23.4208,-28.2944,6.5498,5.6180,6.4369,4.3769,1
2457602.704837,16.9607,-37.1927,6.5498,5.6180,6.4369,4.3769,1
2457602.740307,21.1470,-34.0567,6.5498,5.6180,6.4369,4.3769,1
2457603.492267,18.4071,-34.4741,6.5498,5.6180,6.4369,4.3769,1
2457603.509997,19.9209,-27.5245,6.5498,5.6180,6.4369,4.3769,1
2457603.527687,11.8053,-36.4615,6.5498,5.6180,6.4369,4.3769,1
2457603.545457,10.3229,-21.3857,6.5498,5.6180,6.4369,4.3769,1
2457603.562977,20.6083,-22.3723,6.5498,5.6180,6.4369,4.3769,1
2457603.593017,13.3825,-28.1690,6.5498,5.6180,6.4369,4.3769,1
2457603.610637,13.0492,-22.5038,6.5498,5.6180,6.4369,4.3769,1
2457603.628317,19.6517,-21.0836,6.5498,5.6180,6.4369,4.3769,1
2457603.663787,18.0979,-31.1405,6.5498,5.6180,6.4369,4.3769,1
2457603.693477,23.4380,-26.4493,6.5498,5.6180,6.4369,4.3769,1
2457603.711037,30.7312,-29.8714,6.5498,5.6180,6.4369,4.3769,1
2457603.728497,28.0658,-23.5373,6.5498,5.6180,6.4369,4.3769,1
2457605.481387,26.0639,-23.6336,6.5498,5.6180,6.4369,4.3769,1
2457605.518337,19.9851,-32.9683,6.5498,5.6180,6.4369,4.3769,1
2457605.535737,19.8655,-25.1905,6.5498,5.6180,6.4369,4.3769,1
2457605.585457,22.9238,-34.0559,6.5498,5.6180,6.4369,4.3769,1
2457605.622337,27.0846,-25.6648,6.5498,5.6180,6.4369,4.3769,1
2457605.657697,27.1874,-33.2959,6.5498,5.6180,6.4369,4.3769,1
2457605.675497,25.5503,-31.9197,6.5498,5.6180,6.4369,4.3769,1
2457605.721477,18.4517,-19.5482,6.5498,5.6180,6.4369,4.3769,1
2457605.733287,30.3128,-28.0184,6.5498,5.6180,6.4369,4.3769,1
2457606.492247,19.3558,-24.4327,6.5498,5.6180,6.4369,4.3769,1
2457606.510087,16.4832,-32.2932,6.5498,5.6180,6.4369,4.3769,1
2457606.539907,12.7507,-33.6194,6.5498,5.6180,6.4369,4.3769,1
2457606.603977,15.1092,-21.7009,6.5498,5.6180,6.4369,4.3769,1
2457606.672157,21.8226,-20.9402,6.5498,5.6180,6.4369,4.3769,1
2457606.707197,25.6098,-27.3675,6.5498,5.6180,6.4369,4.3769,1
2457607.485237,19.9340,-31.2818,6.5498,5.6180,6.4369,4.3769,1
2457607.504647,14.7255,-28.9416,6.5498,5.6180,6.4369,4.3769,1
2457607.522247,11.9893,-21.4725,6.5498,5.6180,6.4369,4.3769,1
2457607.539917,19.8772,-31.8859,6.5498,5.6180,6.4369,4.3769,1
2457607.585427,18.3166,-28.9386,6.5498,5.6180,6.4369,4.3769,1
2457607.614387,20.3550,-29.5152,6.5498,5.6180,6.4369,4.3769,1
2457607.686637,23.7133,-24.8969,6.5498,5.6180,6.4369,4.3769,1
2457607.715297,22.7164,-30.7372,6.5498,5.6180,6.4369,4.3769,1
2457608.474357,15.8387,-26.2421,6.5498,5.6180,6.4369,4.3769,1
2457608.493857,23.6924,-20.7685,6.5498,5.6180,6.4369,4.3769,1
2457608.511937,26.0510,-33.4175,6.5498,5.6180,6.4369,4.3769,1
2457608.529687,25.1703,-24.7189,6.5498,5.6180,6.4369,4.3769,1
2457608.563397,19.5087,-21.1438,6.5498,5.6180,6.4369,4.3769,1
2457608.603937,20.0160,-21.7310,6.5498,5.6180,6.4369,4.3769,1
2457608.622857,26.2820,-27.3641,6.5498,5.6180,6.4369,4.3769,1
2457608.640907,25.8351,-29.6437,6.5498,5.6180,6.4369,4.3769,1
2457608.670597,24.3817,-27.4378,6.5498,5.6180,6.4369,4.3769,1
2457609.475507,30.7378,-23.6525,6.5498,5.6180,6.4369,4.3769,1
2457609.493677,16.4167,-31.4198,6.5498,5.6180,6.4369,4.3769,1
2457609.515007,13.0507,-28.7336,6.5498,5.6180,6.4369,4.3769,1
2457609.550027,10.7486,-31.0009,6.5498,5.6180,6.4369,4.3769,1
2457609.593397,18.2515,-29.9934,6.5498,5.6180,6.4369,4.3769,1
2457609.610887,18.7651,-27.4835,6.5498,5.6180,6.4369,4.3769,1
2457609.633927,17.3855,-28.1892,6.5498,5.6180,6.4369,4.3769,1
2457609.665237,20.6146,-26.0114,6.5498,5.6180,6.4369,4.3769,1
2457609.704107,23.6551,-36.4632,6.5498,5.6180,6.4369,4.3769,1
2457609.721067,23.0961,-33.7784,6.5498,5.6180,6.4369,4.3769,1
2457610.479587,21.3377,-29.4123,6.5498,5.6180,6.4369,4.3769,1
2457610.509637,8.1862,-29.5699,6.5498,5.6180,6.4369,4.3769,1
2457610.526837,19.5823,-27.7842,6.5498,5.6180,6.4369,4.3769,1
2457610.544897,13.0622,-33.0061,6.5498,5.6180,6.4369,4.3769,1
2457610.568707,12.7402,-27.0300,6.5498,5.6180,6.4369,4.3769,1
2457610.595857,18.4355,-29.8588,6.5498,5.6180,6.4369,4.3769,1
2457610.647037,23.3766,-30.0875,6.5498,5.6180,6.4369,4.3769,1
2457610.664637,27.1477,-26.8970,6.5498,5.6180,6.4369,4.3769,1
2457611.465567,27.9211,-28.9693,6.5498,5.6180,6.4369,4.3769,1
2457611.626967,9.9155,-26.6379,6.5498,5.6180,6.4369,4.3769,1
2457611.644567,22.5244,-22.5455,6.5498,5.6180,6.4369,4.3769,1
2457612.478407,19.2112,-26.8353,6.5498,5.6180,6.4369,4.3769,1
2457612.524457,18.0352,-25.7759,6.5498,5.6180,6.4369,4.3769,1
2457612.562197,16.0420,-25.0698,6.5498,5.6180,6.4369,4.3769,1
2457612.581357,25.7561,-29.6252,6.5498,5.6180,6.4369,4.3769,1
2457612.647997,24.8445,-25.2683,6.5498,5.6180,6.4369,4.3769,1
2457613.469287,19.4378,-30.0348,6.5498,5.6180,6.4369,4.3769,1
2457613.497857,23.9711,-28.6783,6.5498,5.6180,6.4369,4.3769,1
2457613.519037,16.1255,-22.0160,6.5498,5.6180,6.4369,4.3769,1
2457613.540837,13.4753,-27.4737,6.5498,5.6180,6.4369,4.3769,1
2457613.559537,20.3509,-30.3500,6.5498,5.6180,6.4369,4.3769,1
2457613.578657,14.8851,-31.2066,6.5498,5.6180,6.4369,4.3769,1
2457613.608677,27.1510,-21.0008,6.5498,5.6180,6.4369,4.3769,1
2457613.626427,29.4402,-26.4019,6.5498,5.6180,6.4369,4.3769,1
2457613.644167,12.0766,-28.4802,6.5498,5.6180,6.4369,4.3769,1
2457613.661787,29.4365,-19.5793,6.5498,5.6180,6.4369,4.3769,1
2457613.679247,26.7041,-22.7864,6.5498,5.6180,6.4369,4.3769,1
2457613.707917,31.7328,-30.0310,6.5498,5.6180,6.4369,4.3769,1
2457614.547227,18.9517,-31.6431,6.5498,5.6180,6.4369,4.3769,1
2457616.472837,27.8868,-20.4063,6.5498,5.6180,6.4369,4.3769,1
2457616.490377,8.5206,-22.2729,6.5498,5.6180,6.4369,4.3769,1
2457616.512527,25.2895,-32.0900,6.5498,5.6180,6.4369,4.3769,1
2457616.530447,18.8808,-30.7634,6.5498,5.6180,6.4369,4.3769,1
2457616.559327,20.6695,-31.6835,6.5498,5.6180,6.4369,4.3769,1
2457616.576857,11.9451,-19.7253,6.5498,5.6180,6.4369,4.3769,1
2457616.605317,22.9796,-28.2661,6.5498,5.6180,6.4369,4.3769,1
2457616.623047,26.9581,-29.7628,6.5498,5.6180,6.4369,4.3769,1
2457616.640377,27.3882,-32.4634,6.5498,5.6180,6.4369,4.3769,1
2457616.671277,24.9152,-31.1808,6.5498,5.6180,6.4369,4.3769,1
2457616.700537,24.4120,-32.6970,6.5498,5.6180,6.4369,4.3769,1
2457617.483907,28.1197,-24.7235,6.5498,5.6180,6.4369,4.3769,1
2457617.501657,11.3993,-34.0926,6.5498,5.6180,6.4369,4.3769,1
2457617.519597,15.3615,-28.3234,6.5498,5.6180,6.4369,4.3769,1
2457617.565637,13.5744,-37.5169,6.5498,5.6180,6.4369,4.3769,1
2457617.583467,22.9461,-26.7467,6.5498,5.6180,6.4369,4.3769,1
2457617.602147,23.4000,-27.3335,6.5498,5.6180,6.4369,4.3769,1
2457617.620347,23.8699,-33.6060,6.5498,5.6180,6.4369,4.3769,1
2457617.652107,23.3418,-34.3578,6.5498,5.6180,6.4369,4.3769,1
2457617.682137,25.8443,-22.3277,6.5498,5.6180,6.4369,4.3769,1
2457618.479857,22.6096,-28.1738,6.5498,5.6180,6.4369,4.3769,1
2457618.515517,13.3509,-28.8794,6.5498,5.6180,6.4369,4.3769,1
2457618.533947,15.0782,-27.7136,6.5498,5.6180,6.4369,4.3769,1
2457618.563737,18.4910,-26.3603,6.5498,5.6180,6.4369,4.3769,1
2457618.581487,19.8611,-31.1958,6.5498,5.6180,6.4369,4.3769,1
2457618.599067,14.4205,-26.1736,6.5498,5.6180,6.4369,4.3769,1
2457618.616537,21.9201,-34.2137,6.5498,5.6180,6.4369,4.3769,1
2457618.634157,17.3234,-29.2440,6.5498,5.6180,6.4369,4.3769,1
2457618.663797,17.9346,-27.3338,6.5498,5.6180,6.4369,4.3769,1
2457618.681387,14.0407,-26.0508,6.5498,5.6180,6.4369,4.3769,1
2457618.694717,29.6523,-28.7478,6.5498,5.6180,6.4369,4.3769,1
2457619.470747,21.4697,-20.0292,6.5498,5.6180,6.4369,4.3769,1
2457619.472207,25.0390,-31.4681,6.5498,5.6180,6.4369,4.3769,1
2457619.507947,33.0175,-31.5884,6.5498,5.6180,6.4369,4.3769,1
2457620.610247,9.0357,-28.2593,6.5498,5.6180,6.4369,4.3769,1
2457621.472317,24.5490,-31.3706,6.5498,5.6180,6.4369,4.3769,1
2457621.490477,29.6763,-28.0599,6.5498,5.6180,6.4369,4.3769,1
2457621.557087,21.1864,-29.6784,6.5498,5.6180,6.4369,4.3769,1
2457621.575557,20.3778,-38.0342,6.5498,5.6180,6.4369,4.3769,1
2457621.594337,34.5355,-38.3418,6.5498,5.6180,6.4369,4.3769,1
2457621.643487,23.0630,-26.9892,6.5498,5.6180,6.4369,4.3769,1
2457621.661747,28.1275,-20.8360,6.5498,5.6180,6.4369,4.3769,1
2457621.680527,32.7640,-26.1123,6.5498,5.6180,6.4369,4.3769,1
2457621.686577,27.1206,-33.9700,6.5498,5.6180,6.4369,4.3769,1
2457622.469097,22.4174,-29.3140,6.5498,5.6180,6.4369,4.3769,1
2457622.506507,20.7275,-36.5770,6.5498,5.6180,6.4369,4.3769,1
2457622.541737,17.0843,-20.2616,6.5498,5.6180,6.4369,4.3769,1
2457622.658737,12.9985,-36.3547,6.5498,5.6180,6.4369,4.3769,1
2457623.481547,22.9628,-22.8828,6.5498,5.6180,6.4369,4.3769,1
2457623.501397,21.4534,-27.5502,6.5498,5.6180,6.4369,4.3769,1
2457623.502997,14.6374,-30.3211,6.5498,5.6180,6.4369,4.3769,1
2457623.533097,19.0471,-26.9640,6.5498,5.6180,6.4369,4.3769,1
2457623.551157,18.6608,-30.7915,6.5498,5.6180,6.4369,4.3769,1
2457623.569257,21.2481,-24.9031,6.5498,5.6180,6.4369,4.3769,1
2457624.480047,31.9813,-31.0113,6.5498,5.6180,6.4369,4.3769,1
2457624.500927,25.0441,-24.8453,6.5498,5.6180,6.4369,4.3769,1
2457624.519367,28.7620,-21.2815,6.5498,5.6180,6.4369,4.3769,1
2457624.573217,30.1793,-30.1296,6.5498,5.6180,6.4369,4.3769,1
2457624.680297,3.3524,-31.5453,6.5498,5.6180,6.4369,4.3769,1
2457625.480057,32.2987,-24.6541,6.5498,5.6180,6.4369,4.3769,1
2457625.500067,19.4347,-28.9941,6.5498,5.6180,6.4369,4.3769,1
2457625.520487,25.1513,-25.3306,6.5498,5.6180,6.4369,4.3769,1
2457625.572157,22.9364,-24.2980,6.5498,5.6180,6.4369,4.3769,1
2457625.590477,15.7757,-29.8833,6.5498,5.6180,6.4369,4.3769,1
2457625.608637,29.0435,-26.3902,6.5498,5.6180,6.4369,4.3769,1
2457625.626917,19.4226,-25.6516,6.5498,5.6180,6.4369,4.3769,1
2457625.673657,14.9757,-19.2294,6.5498,5.6180,6.4369,4.3769,1
2457626.481207,14.7823,-27.8496,6.5498,5.6180,6.4369,4.3769,1
2457626.498927,16.4137,-29.3207,6.5498,5.6180,6.4369,4.3769,1
2457626.517527,15.5607,-31.7553,6.5498,5.6180,6.4369,4.3769,1
2457626.535697,24.3033,-27.7996,6.5498,5.6180,6.4369,4.3769,1
2457626.565167,24.0316,-25.9979,6.5498,5.6180,6.4369,4.3769,1
2457626.582907,29.0496,-25.0816,6.5498,5.6180,6.4369,4.3769,1
2457626.648327,16.9015,-36.3256,6.5498,5.6180,6.4369,4.3769,1
2457630.477747,14.1740,-33.1530,6.5498,5.6180,6.4369,4.3769,1
2457630.496247,28.3885,-25.3684,6.5498,5.6180,6.4369,4.3769,1
2457630.525197,14.8254,-28.7716,6.5498,5.6180,6.4369,4.3769,1
2457630.544887,20.6219,-25.5478,6.5498,5.6180,6.4369,4.3769,1
2457630.563747,15.6731,-27.8305,6.5498,5.6180,6.4369,4.3769,1
2457630.604907,20.2212,-23.9149,6.5498,5.6180,6.4369,4.3769,1
2457630.635797,29.2872,-33.9749,6.5498,5.6180,6.4369,4.3769,1
2457630.653947,31.9627,-33.0897,6.5498,5.6180,6.4369,4.3769,1
2457631.484747,19.0657,-36.4712,6.5498,5.6180,6.4369,4.3769,1
2457631.507177,17.3087,-25.2476,6.5498,5.6180,6.4369,4.3769,1
2457631.525107,13.6859,-24.6977,6.5498,5.6180,6.4369,4.3769,1
2457631.560417,17.1716,-34.0959,6.5498,5.6180,6.4369,4.3769,1
2457631.578277,7.2091,-36.0755,6.5498,5.6180,6.4369,4.3769,1
2457631.654477,31.7381,-22.2447,6.5498,5.6180,6.4369,4.3769,1
2457632.570437,25.9274,-34.8325,6.5498,5.6180,6.4369,4.3769,1
2457632.588157,7.4644,-27.3435,6.5498,5.6180,6.4369,4.3769,1
2457632.605587,31.9572,-29.8325,6.5498,5.6180,6.4369,4.3769,1
2457632.643387,30.1874,-23.8171,6.5498,5.6180,6.4369,4.3769,1
2457633.473157,25.9546,-21.9847,6.5498,5.6180,6.4369,4.3769,1
2457633.491537,10.9121,-25.9198,6.5498,5.6180,6.4369,4.3769,1
2457633.512717,10.2620,-32.2513,6.5498,5.6180,6.4369,4.3769,1
2457633.551187,1.3414,-21.8087,6.5498,5.6180,6.4369,4.3769,1
2457633.579747,-0.4356,-27.3410,6.5498,5.6180,6.4369,4.3769,1
2457633.597517,8.7011,-25.5692,6.5498,5.6180,6.4369,4.3769,1
2457635.514757,6.4124,-17.0465,6.5498,5.6180,6.4369,4.3769,1
2457635.621087,1.8697,-35.0518,6.5498,5.6180,6.4369,4.3769,1
2457636.496097,12.0323,-32.0821,6.5498,5.6180,6.4369,4.3769,1
2457637.474487,17.1413,-25.9663,6.5498,5.6180,6.4369,4.3769,1
2457637.493757,21.9193,-26.6272,6.5498,5.6180,6.4369,4.3769,1
2457637.511467,13.1771,-22.2774,6.5498,5.6180,6.4369,4.3769,1
2457637.529147,15.2102,-26.9410,6.5498,5.6180,6.4369,4.3769,1
2457637.546897,20.5353,-29.3014,6.5498,5.6180,6.4369,4.3769,1
2457637.577347,27.6699,-33.4032,6.5498,5.6180,6.4369,4.3769,1
2457637.594707,34.2373,-21.1244,6.5498,5.6180,6.4369,4.3769,1
2457637.612337,26.0122,-34.1254,6.5498,5.6180,6.4369,4.3769,1
2457638.481317,10.3128,-20.3373,6.5498,5.6180,6.4369,4.3769,1
2457638.518797,28.9389,-21.1218,6.5498,5.6180,6.4369,4.3769,1
2457638.546897,24.0865,-27.3632,6.5498,5.6180,6.4369,4.3769,1
2457638.583497,19.4060,-28.5301,6.5498,5.6180,6.4369,4.3769,1
2457638.607947,31.6517,-18.2316,6.5498,5.6180,6.4369,4.3769,1
2457638.644327,12.1863,-22.8401,6.5498,5.6180,6.4369,4.3769,1
2457639.478637,16.0398,-32.0670,6.5498,5.6180,6.4369,4.3769,1
2457639.533207,22.3272,-24.0707,6.5498,5.6180,6.4369,4.3769,1
2457639.550987,21.9656,-23.3472,6.5498,5.6180,6.4369,4.3769,1
2457639.579417,19.5141,-30.2705,6.5498,5.6180,6.4369,4.3769,1
2457639.597187,22.4701,-21.7205,6.5498,5.6180,6.4369,4.3769,1
2457639.632137,30.2190,-22.9444,6.5498,5.6180,6.4369,4.3769,1
2457639.636777,29.7750,-20.4277,6.5498,5.6180,6.4369,4.3769,1
2457640.477197,16.7087,-28.6645,6.5498,5.6180,6.4369,4.3769,1
2457640.495857,16.7085,-34.3693,6.5498,5.6180,6.4369,4.3769,1
2457640.524487,15.5696,-30.3481,6.5498,5.6180,6.4369,4.3769,1
2457640.543687,20.3597,-32.0416,6.5498,5.6180,6.4369,4.3769,1
2457640.579127,19.4478,-25.3395,6.5498,5.6180,6.4369,4.3769,1
2457640.596727,12.3409,-27.9981,6.5498,5.6180,6.4369,4.3769,1
2457640.613157,24.0865,-30.7252,6.5498,5.6180,6.4369,4.3769,1
2457640.634297,29.6976,-23.9102,6.5498,5.6180,6.4369,4.3769,1
2457641.478887,6.5998,-36.4508,6.5498,5.6180,6.4369,4.3769,1
2457641.498027,16.1401,-24.7280,6.5498,5.6180,6.4369,4.3769,1
2457641.515517,26.0543,-28.0089,6.5498,5.6180,6.4369,4.3769,1
2457641.527237,18.0217,-31.6312,6.5498,5.6180,6.4369,4.3769,1
2457641.544737,24.8740,-26.7255,6.5498,5.6180,6.4369,4.3769,1
2457641.562907,30.6246,-19.7146,6.5498,5.6180,6.4369,4.3769,1
2457641.592137,22.3535,-27.8931,6.5498,5.6180,6.4369,4.3769,1
2457641.609807,29.0955,-25.9534,6.5498,5.6180,6.4369,4.3769,1
2457641.627767,37.9717,-35.4757,6.5498,5.6180,6.4369,4.3769,1
2457642.488527,13.5365,-29.7140,6.5498,5.6180,6.4369,4.3769,1
2457642.553737,20.6267,-25.7787,6.5498,5.6180,6.4369,4.3769,1
2457642.573387,16.9566,-23.9289,6.5498,5.6180,6.4369,4.3769,1
2457643.491047,3.8365,-19.8681,6.5498,5.6180,6.4369,4.3769,1
2457643.521897,20.6250,-24.0655,6.5498,5.6180,6.4369,4.3769,1
2457643.539747,14.5966,-26.4575,6.5498,5.6180,6.4369,4.3769,1
2457643.575357,17.1488,-24.7511,6.5498,5.6180,6.4369,4.3769,1
2457643.592967,17.8725,-30.5467,6.5498,5.6180,6.4369,4.3769,1
2457643.623057,11.4146,-27.2700,6.5498,5.6180,6.4369,4.3769,1
2457644.543367,28.5275,-16.5685,6.5498,5.6180,6.4369,4.3769,1
2457645.560137,23.4633,-29.0250,6.5498,5.6180,6.4369,4.3769,1
2457645.578027,11.9390,-28.8295,6.5498,5.6180,6.4369,4.3769,1
2457645.595937,37.5224,-23.1263,6.5498,5.6180,6.4369,4.3769,1
2457645.613637,15.2157,-33.5348,6.5498,5.6180,6.4369,4.3769,1
2457645.621727,28.7717,-22.0864,6.5498,5.6180,6.4369,4.3769,1
2457647.498647,19.1931,-21.3026,6.5498,5.6180,6.4369,4.3769,1
2457647.516317,28.9803,-32.7086,6.5498,5.6180,6.4369,4.3769,1
2457647.533817,10.7379,-25.4950,6.5498,5.6180,6.4369,4.3769,1
2457647.551347,28.2645,-22.2919,6.5498,5.6180,6.4369,4.3769,1
2457647.599817,18.6401,-26.0760,6.5498,5.6180,6.4369,4.3769,1
2457648.491117,12.4937,-26.5571,6.5498,5.6180,6.4369,4.3769,1
2457648.508667,16.3061,-29.0202,6.5498,5.6180,6.4369,4.3769,1
2457648.545797,27.8371,-31.0530,6.5498,5.6180,6.4369,4.3769,1
2457648.575057,23.7927,-35.4392,6.5498,5.6180,6.4369,4.3769,1
2457649.491257,31.1678,-25.2152,6.5498,5.6180,6.4369,4.3769,1
2457649.509437,22.4702,-31.4177,6.5498,5.6180,6.4369,4.3769,1
2457649.526887,31.6043,-33.8371,6.5498,5.6180,6.4369,4.3769,1
2457649.556197,19.9334,-26.4077,6.5498,5.6180,6.4369,4.3769,1
2457649.578087,18.6185,-32.6256,6.5498,5.6180,6.4369,4.3769,1
2457650.482297,14.2881,-25.9886,6.5498,5.6180,6.4369,4.3769,1
2457650.566527,8.5969,-23.3321,6.5498,5.6180,6.4369,4.3769,1
2457651.511947,18.8983,-19.8614,6.5498,5.6180,6.4369,4.3769,1
2457651.542527,36.0139,-20.9118,6.5498,5.6180,6.4369,4.3769,1
2457651.560287,24.7483,-31.4319,6.5498,5.6180,6.4369,4.3769,1
2457651.578457,26.0283,-35.0831,6.5498,5.6180,6.4369,4.3769,1
2457651.596647,31.6494,-19.0981,6.5498,5.6180,6.4369,4.3769,1
2457651.605697,37.4248,-24.3144,6.5498,5.6180,6.4369,4.3769,1
2457652.487827,9.9964,-27.8894,6.5498,5.6180,6.4369,4.3769,1
2457652.505317,21.1745,-30.8196,6.5498,5.6180,6.4369,4.3769,1
2457652.536077,25.3336,-27.1356,6.5498,5.6180,6.4369,4.3769,1
2457653.489537,23.3100,-28.2326,6.5498,5.6180,6.4369,4.3769,1
2457653.507337,32.0049,-27.1497,6.5498,5.6180,6.4369,4.3769,1
2457653.533047,26.8080,-29.1898,6.5498,5.6180,6.4369,4.3769,1
2457653.553277,25.5844,-22.4402,6.5498,5.6180,6.4369,4.3769,1
2457653.572447,28.0953,-24.0655,6.5498,5.6180,6.4369,4.3769,1
2457654.490827,14.4825,-31.4296,6.5498,5.6180,6.4369,4.3769,1
2457654.514117,31.3540,-24.7071,6.5498,5.6180,6.4369,4.3769,1
2457654.531477,15.7052,-34.0063,6.5498,5.6180,6.4369,4.3769,1
2457654.561027,26.1555,-19.6548,6.5498,5.6180,6.4369,4.3769,1
2457654.601267,32.1790,-28.5655,6.5498,5.6180,6.4369,4.3769,1
2457655.511037,24.3355,-24.7579,6.5498,5.6180,6.4369,4.3769,1
2457655.529567,22.6116,-18.6784,6.5498,5.6180,6.4369,4.3769,1
2457655.559027,37.8219,-26.9452,6.5498,5.6180,6.4369,4.3769,1
2457655.595227,28.1117,-18.4681,6.5498,5.6180,6.4369,4.3769,1
2457656.497467,27.2478,-24.9585,6.5498,5.6180,6.4369,4.3769,1
2457656.581947,24.0699,-34.0145,6.5498,5.6180,6.4369,4.3769,1
2457656.592127,22.1612,-20.9535,6.5498,5.6180,6.4369,4.3769,1
2457657.491177,25.3964,-28.0391,6.5498,5.6180,6.4369,4.3769,1
2457657.508977,12.0507,-26.2117,6.5498,5.6180,6.4369,4.3769,1
2457657.528187,32.7078,-28.4625,6.5498,5.6180,6.4369,4.3769,1
2457657.590377,37.9936,-16.7987,6.5498,5.6180,6.4369,4.3769,1
2457658.496547,25.7185,-22.7630,6.5498,5.6180,6.4369,4.3769,1
2457658.515957,25.3895,-28.0198,6.5498,5.6180,6.4369,4.3769,1
2457658.557087,28.1559,-27.8130,6.5498,5.6180,6.4369,4.3769,1
2457659.505687,24.8695,-28.8609,6.5498,5.6180,6.4369,4.3769,1
2457659.541517,29.3203,-23.0862,6.5498,5.6180,6.4369,4.3769,1
2457659.561027,27.5975,-19.1537,6.5498,5.6180,6.4369,4.3769,1
2457659.586127,28.7087,-29.0419,6.5498,5.6180,6.4369,4.3769,1
2457660.537887,17.1162,-35.6955,6.5498,5.6180,6.4369,4.3769,1
2457660.557107,25.8062,-28.3880,6.5498,5.6180,6.4369,4.3769,1
2457660.575127,28.3958,-27.2473,6.5498,5.6180,6.4369,4.3769,1
2457660.581357,37.6659,-21.4369,6.5498,5.6180,6.4369,4.3769,1
2457661.485687,15.9188,-25.0206,6.5498,5.6180,6.4369,4.3769,1
2457661.503637,31.2882,-25.0318,6.5498,5.6180,6.4369,4.3769,1
2457661.521587,27.4276,-27.7886,6.5498,5.6180,6.4369,4.3769,1
2457661.550227,15.0608,-29.8722,6.5498,5.6180,6.4369,4.3769,1
2457662.494867,14.2374,-29.5746,6.5498,5.6180,6.4369,4.3769,1
2457662.513017,23.0286,-27.9373,6.5498,5.6180,6.4369,4.3769,1
2457662.531317,17.3853,-30.7424,6.5498,5.6180,6.4369,4.3769,1
2457662.541587,27.7481,-28.3502,6.5498,5.6180,6.4369,4.3769,1
2457662.570807,30.7153,-28.2672,6.5498,5.6180,6.4369,4.3769,1
2457663.528937,27.4643,-28.9624,6.5498,5.6180,6.4369,4.3769,1
2457663.547747,19.5163,-23.1517,6.5498,5.6180,6.4369,4.3769,1
2457663.560217,18.4475,-22.4000,6.5498,5.6180,6.4369,4.3769,1
2457664.499027,21.3302,-24.2994,6.5498,5.6180,6.4369,4.3769,1
2457666.509277,32.0367,-27.4228,6.5498,5.6180,6.4369,4.3769,1
2457666.527517,24.4975,-27.9256,6.5498,5.6180,6.4369,4.3769,1
2457666.545567,23.0270,-35.1295,6.5498,5.6180,6.4369,4.3769,1
2457667.530967,25.9774,-19.2612,6.5498,5.6180,6.4369,4.3769,1
2457668.503787,22.7190,-19.0682,6.5498,5.6180,6.4369,4.3769,1
2457668.522677,28.9584,-30.5014,6.5498,5.6180,6.4369,4.3769,1
2457668.560597,22.0783,-26.8421,6.5498,5.6180,6.4369,4.3769,1
2457669.493617,20.7376,-23.6395,6.5498,5.6180,6.4369,4.3769,1
2457669.512497,20.5219,-25.1009,6.5498,5.6180,6.4369,4.3769,1
2457669.529917,27.5320,-25.3604,6.5498,5.6180,6.4369,4.3769,1
2457670.495567,16.4066,-31.7121,6.5498,5.6180,6.4369,4.3769,1
2457670.518267,18.7215,-22.6183,6.5498,5.6180,6.4369,4.3769,1
2457670.554257,34.3895,-32.3945,6.5498,5.6180,6.4369,4.3769,1
2457671.523987,30.2203,-23.6326,6.5498,5.6180,6.4369,4.3769,1
2457672.495417,22.6123,-25.6848,6.5498,5.6180,6.4369,4.3769,1
2457673.520367,29.3127,-23.3489,6.5498,5.6180,6.4369,4.3769,1
2457673.539337,28.7438,-26.8217,6.5498,5.6180,6.4369,4.3769,1
2457673.550007,20.4473,-26.5171,6.5498,5.6180,6.4369,4.3769,1
2457675.493057,23.0301,-29.1620,6.5498,5.6180,6.4369,4.3769,1
2457675.510977,21.0646,-29.5273,6.5498,5.6180,6.4369,4.3769,1
2457675.539647,18.0911,-26.6513,6.5498,5.6180,6.4369,4.3769,1
2457676.486987,23.1457,-27.9705,6.5498,5.6180,6.4369,4.3769,1
2457805.881487,10.7421,-21.0743,6.5498,5.6180,6.0543,4.6970,2
2457806.885577,18.2979,-28.4818,6.5498,5.6180,6.0543,4.6970,2
2457807.868187,10.8808,-33.7940,6.5498,5.6180,6.0543,4.6970,2
2457809.870517,23.0413,-32.0192,6.5498,5.6180,6.0543,4.6970,2
2457810.859637,22.8948,-23.5828,6.5498,5.6180,6.0543,4.6970,2
2457810.880137,21.4287,-23.7445,6.5498,5.6180,6.0543,4.6970,2
2457811.889797,12.8545,-20.6588,6.5498,5.6180,6.0543,4.6970,2
2457812.847937,21.4523,-21.3687,6.5498,5.6180,6.0543,4.6970,2
2457812.868017,12.4541,-23.3331,6.5498,5.6180,6.0543,4.6970,2
2457813.834097,14.2166,-30.2581,6.5498,5.6180,6.0543,4.6970,2
2457813.853007,13.7571,-21.7568,6.5498,5.6180,6.0543,4.6970,2
2457814.893837,14.2421,-30.2714,6.5498,5.6180,6.0543,4.6970,2
2457815.892487,19.6924,-26.4873,6.5498,5.6180,6.0543,4.6970,2
2457816.868517,12.3296,-24.4553,6.5498,5.6180,6.0543,4.6970,2
2457817.865067,18.6980,-19.3961,6.5498,5.6180,6.0543,4.6970,2
2457817.881867,12.6720,-22.1763,6.5498,5.6180,6.0543,4.6970,2
2457819.823517,16.1567,-22.9233,6.5498,5.6180,6.0543,4.6970,2
2457819.847187,19.7938,-29.5337,6.5498,5.6180,6.0543,4.6970,2
2457819.876267,9.0129,-25.0075,6.5498,5.6180,6.0543,4.6970,2
2457819.895337,19.0882,-24.9424,6.5498,5.6180,6.0543,4.6970,2
2457820.847047,15.2854,-25.7588,6.5498,5.6180,6.0543,4.6970,2
2457820.867977,8.8222,-20.9399,6.5498,5.6180,6.0543,4.6970,2
2457820.885827,22.4139,-24.7080,6.5498,5.6180,6.0543,4.6970,2
2457821.830827,21.8754,-21.0362,6.5498,5.6180,6.0543,4.6970,2
2457821.850637,20.3461,-27.9117,6.5498,5.6180,6.0543,4.6970,2
2457821.872557,18.5627,-24.8576,6.5498,5.6180,6.0543,4.6970,2
2457822.818827,17.2994,-25.7691,6.5498,5.6180,6.0543,4.6970,2
2457822.871227,16.7454,-26.4204,6.5498,5.6180,6.0543,4.6970,2
2457823.822357,17.7932,-29.1316,6.5498,5.6180,6.0543,4.6970,2
2457823.853627,24.7771,-28.0654,6.5498,5.6180,6.0543,4.6970,2
2457823.875157,23.9431,-22.5738,6.5498,5.6180,6.0543,4.6970,2
2457823.893127,26.5687,-26.0911,6.5498,5.6180,6.0543,4.6970,2
2457824.818827,12.5065,-32.7716,6.5498,5.6180,6.0543,4.6970,2
2457824.850097,25.3033,-20.0659,6.5498,5.6180,6.0543,4.6970,2
2457824.869517,22.2699,-28.7207,6.5498,5.6180,6.0543,4.6970,2
2457826.808937,6.2022,-22.5564,6.5498,5.6180,6.0543,4.6970,2
2457826.861777,15.9392,-19.6415,6.5498,5.6180,6.0543,4.6970,2
2457826.902277,20.1332,-23.4998,6.5498,5.6180,6.0543,4.6970,2
2457827.809787,9.9013,-25.9873,6.5498,5.6180,6.0543,4.6970,2
2457827.839767,16.9807,-21.9108,6.5498,5.6180,6.0543,4.6970,2
2457827.859877,10.4815,-32.1738,6.5498,5.6180,6.0543,4.6970,2
2457827.898207,22.5350,-25.3254,6.5498,5.6180,6.0543,4.6970,2
2457828.813177,23.6003,-25.9420,6.5498,5.6180,6.0543,4.6970,2
2457828.833787,24.4526,-23.4650,6.5498,5.6180,6.0543,4.6970,2
2457828.852227,20.5573,-21.5086,6.5498,5.6180,6.0543,4.6970,2
2457828.869867,13.8341,-27.8828,6.5498,5.6180,6.0543,4.6970,2
2457829.808957,15.2546,-28.0420,6.5498,5.6180,6.0543,4.6970,2
2457829.827377,15.5412,-25.6989,6.5498,5.6180,6.0543,4.6970,2
2457829.862127,20.9568,-24.7908,6.5498,5.6180,6.0543,4.6970,2
2457830.789257,19.5619,-29.9093,6.5498,5.6180,6.0543,4.6970,2
2457830.827657,17.4329,-28.5565,6.5498,5.6180,6.0543,4.6970,2
2457830.845507,21.4289,-22.9562,6.5498,5.6180,6.0543,4.6970,2
2457830.877167,14.6378,-26.5262,6.5498,5.6180,6.0543,4.6970,2
2457831.895677,23.4957,-20.4365,6.5498,5.6180,6.0543,4.6970,2
2457832.808887,11.9651,-29.6238,6.5498,5.6180,6.0543,4.6970,2
2457832.842697,26.2723,-28.2534,6.5498,5.6180,6.0543,4.6970,2
2457832.892667,18.7933,-27.0575,6.5498,5.6180,6.0543,4.6970,2
2457833.788137,11.8035,-29.3328,6.5498,5.6180,6.0543,4.6970,2
2457833.859187,20.7715,-22.8852,6.5498,5.6180,6.0543,4.6970,2
2457833.877897,12.9021,-29.8979,6.5498,5.6180,6.0543,4.6970,2
2457833.895227,10.7053,-23.0661,6.5498,5.6180,6.0543,4.6970,2
2457834.798617,11.5580,-28.2777,6.5498,5.6180,6.0543,4.6970,2
2457834.821357,22.2818,-16.5411,6.5498,5.6180,6.0543,4.6970,2
2457834.842657,15.0822,-29.6990,6.5498,5.6180,6.0543,4.6970,2
2457834.861277,21.4196,-18.7277,6.5498,5.6180,6.0543,4.6970,2
2457834.879167,12.0030,-18.8511,6.5498,5.6180,6.0543,4.6970,2
2457835.813997,16.7777,-31.8409,6.5498,5.6180,6.0543,4.6970,2
2457835.832937,21.3643,-26.0580,6.5498,5.6180,6.0543,4.6970,2
2457835.854527,20.7105,-21.6247,6.5498,5.6180,6.0543,4.6970,2
2457835.874627,15.6202,-26.9610,6.5498,5.6180,6.0543,4.6970,2
2457836.811067,13.9140,-21.1943,6.5498,5.6180,6.0543,4.6970,2
2457836.862617,27.5869,-27.6269,6.5498,5.6180,6.0543,4.6970,2
2457836.884167,17.3947,-25.1110,6.5498,5.6180,6.0543,4.6970,2
2457836.909047,23.3637,-31.6101,6.5498,5.6180,6.0543,4.6970,2
2457837.905117,20.0539,-28.6046,6.5498,5.6180,6.0543,4.6970,2
2457838.793337,13.1589,-31.7065,6.5498,5.6180,6.0543,4.6970,2
2457838.818647,23.2101,-22.6621,6.5498,5.6180,6.0543,4.6970,2
2457838.839767,17.1780,-20.9481,6.5498,5.6180,6.0543,4.6970,2
2457838.860957,13.1676,-15.9762,6.5498,5.6180,6.0543,4.6970,2
2457838.880757,17.3855,-19.9807,6.5498,5.6180,6.0543,4.6970,2
2457838.913477,26.3073,-22.4477,6.5498,5.6180,6.0543,4.6970,2
2457839.772697,22.2667,-31.2957,6.5498,5.6180,6.0543,4.6970,2
2457839.784307,9.7827,-20.1027,6.5498,5.6180,6.0543,4.6970,2
2457839.803437,12.7330,-20.1229,6.5498,5.6180,6.0543,4.6970,2
2457839.821517,9.5071,-31.8905,6.5498,5.6180,6.0543,4.6970,2
2457839.841097,13.3777,-29.8392,6.5498,5.6180,6.0543,4.6970,2
2457839.890587,12.3016,-20.4246,6.5498,5.6180,6.0543,4.6970,2
2457839.909907,8.0439,-24.2986,6.5498,5.6180,6.0543,4.6970,2
2457840.768177,27.1584,-16.5277,6.5498,5.6180,6.0543,4.6970,2
2457840.789237,16.5540,-23.1890,6.5498,5.6180,6.0543,4.6970,2
2457840.821617,23.1395,-22.3345,6.5498,5.6180,6.0543,4.6970,2
2457840.842857,26.6066,-28.1818,6.5498,5.6180,6.0543,4.6970,2
2457840.863527,18.4018,-26.5336,6.5498,5.6180,6.0543,4.6970,2
2457840.884967,10.4966,-18.0411,6.5498,5.6180,6.0543,4.6970,2
2457840.907237,10.4813,-27.2476,6.5498,5.6180,6.0543,4.6970,2
2457841.770917,8.2827,-32.6173,6.5498,5.6180,6.0543,4.6970,2
2457841.817437,21.3136,-19.8222,6.5498,5.6180,6.0543,4.6970,2
2457841.894377,25.7683,-21.4637,6.5498,5.6180,6.0543,4.6970,2
2457842.767087,9.3962,-31.3151,6.5498,5.6180,6.0543,4.6970,2
2457842.857477,20.0325,-26.4390,6.5498,5.6180,6.0543,4.6970,2
2457842.902157,16.5936,-20.3497,6.5498,5.6180,6.0543,4.6970,2
2457843.777757,22.6984,-26.5952,6.5498,5.6180,6.0543,4.6970,2
2457843.808307,17.5061,-24.0299,6.5498,5.6180,6.0543,4.6970,2
2457843.825677,17.5217,-22.9226,6.5498,5.6180,6.0543,4.6970,2
2457843.849447,21.4407,-24.0883,6.5498,5.6180,6.0543,4.6970,2
2457844.834987,24.9133,-17.8007,6.5498,5.6180,6.0543,4.6970,2
2457844.882817,25.2750,-23.0321,6.5498,5.6180,6.0543,4.6970,2
2457845.768437,24.2212,-27.7929,6.5498,5.6180,6.0543,4.6970,2
2457845.808047,28.2172,-16.0919,6.5498,5.6180,6.0543,4.6970,2
2457845.837097,22.4775,-22.3071,6.5498,5.6180,6.0543,4.6970,2
2457845.855207,19.3132,-23.2842,6.5498,5.6180,6.0543,4.6970,2
2457845.883997,21.0714,-28.6430,6.5498,5.6180,6.0543,4.6970,2
2457846.752177,23.3066,-31.5671,6.5498,5.6180,6.0543,4.6970,2
2457846.865124,18.5413,-17.1559,6.5498,5.6180,6.0543,4.6970,2
2457846.887144,16.3209,-17.8618,6.5498,5.6180,6.0543,4.6970,2
2457847.813807,22.3329,-19.1558,6.5498,5.6180,6.0543,4.6970,2
2457847.857097,23.1010,-26.7189,6.5498,5.6180,6.0543,4.6970,2
2457848.758087,12.9158,-32.4255,6.5498,5.6180,6.0543,4.6970,2
2457848.776407,19.7484,-23.7692,6.5498,5.6180,6.0543,4.6970,2
2457848.805667,21.6784,-27.0665,6.5498,5.6180,6.0543,4.6970,2
2457848.825147,16.6616,-22.0115,6.5498,5.6180,6.0543,4.6970,2
2457848.855377,20.6091,-24.7999,6.5498,5.6180,6.0543,4.6970,2
2457848.872837,17.7143,-32.0885,6.5498,5.6180,6.0543,4.6970,2
2457848.890187,20.3898,-26.5839,6.5498,5.6180,6.0543,4.6970,2
2457849.771037,21.0817,-23.9277,6.5498,5.6180,6.0543,4.6970,2
2457849.789457,10.7851,-19.8232,6.5498,5.6180,6.0543,4.6970,2
2457849.811847,18.6453,-24.2233,6.5498,5.6180,6.0543,4.6970,2
2457849.846837,19.9455,-27.8987,6.5498,5.6180,6.0543,4.6970,2
2457849.867437,25.8866,-19.5750,6.5498,5.6180,6.0543,4.6970,2
2457849.899117,10.9921,-29.2519,6.5498,5.6180,6.0543,4.6970,2
2457850.756627,8.7255,-35.9791,6.5498,5.6180,6.0543,4.6970,2
2457850.775927,18.8465,-20.0809,6.5498,5.6180,6.0543,4.6970,2
2457850.806197,23.1627,-33.7191,6.5498,5.6180,6.0543,4.6970,2
2457850.825067,25.7469,-27.1062,6.5498,5.6180,6.0543,4.6970,2
2457850.885827,22.0736,-23.7917,6.5498,5.6180,6.0543,4.6970,2
2457851.874567,18.5220,-16.9422,6.5498,5.6180,6.0543,4.6970,2
2457852.865827,24.0951,-31.8933,6.5498,5.6180,6.0543,4.6970,2
2457854.727617,21.8756,-31.5952,6.5498,5.6180,6.0543,4.6970,2
2457854.741167,28.5875,-28.6329,6.5498,5.6180,6.0543,4.6970,2
2457854.775807,18.0382,-26.4904,6.5498,5.6180,6.0543,4.6970,2
2457854.777497,18.9880,-27.1066,6.5498,5.6180,6.0543,4.6970,2
2457854.799017,21.1533,-22.8213,6.5498,5.6180,6.0543,4.6970,2
2457854.819027,23.3383,-24.9236,6.5498,5.6180,6.0543,4.6970,2
2457854.841187,18.7242,-23.0337,6.5498,5.6180,6.0543,4.6970,2
2457854.860997,16.2944,-27.3707,6.5498,5.6180,6.0543,4.6970,2
2457854.897867,23.9919,-20.6780,6.5498,5.6180,6.0543,4.6970,2
2457854.919777,17.3913,-25.7091,6.5498,5.6180,6.0543,4.6970,2
2457855.756297,23.0462,-30.7707,6.5498,5.6180,6.0543,4.6970,2
2457855.786657,12.3387,-26.8968,6.5498,5.6180,6.0543,4.6970,2
2457855.805017,10.2449,-29.2600,6.5498,5.6180,6.0543,4.6970,2
2457855.824097,17.3415,-24.4184,6.5498,5.6180,6.0543,4.6970,2
2457855.842567,20.3739,-23.4923,6.5498,5.6180,6.0543,4.6970,2
2457855.861357,14.9102,-25.9291,6.5498,5.6180,6.0543,4.6970,2
2457855.886407,13.2285,-25.2825,6.5498,5.6180,6.0543,4.6970,2
2457855.919117,11.6985,-22.5680,6.5498,5.6180,6.0543,4.6970,2
2457856.832917,20.6993,-28.5968,6.5498,5.6180,6.0543,4.6970,2
2457856.850907,23.3406,-28.7003,6.5498,5.6180,6.0543,4.6970,2
2457856.882237,29.1417,-24.8856,6.5498,5.6180,6.0543,4.6970,2
2457856.901407,18.0950,-23.9261,6.5498,5.6180,6.0543,4.6970,2
2457856.919457,13.9311,-20.8672,6.5498,5.6180,6.0543,4.6970,2
2457858.844047,10.4475,-23.0899,6.5498,5.6180,6.0543,4.6970,2
2457858.872877,21.6103,-24.7960,6.5498,5.6180,6.0543,4.6970,2
2457862.749667,20.8995,-26.6064,6.5498,5.6180,6.0543,4.6970,2
2457862.786817,20.9132,-17.8322,6.5498,5.6180,6.0543,4.6970,2
2457862.803957,14.7946,-29.3756,6.5498,5.6180,6.0543,4.6970,2
2457862.887337,13.9914,-30.8563,6.5498,5.6180,6.0543,4.6970,2
2457862.905477,17.6630,-24.9214,6.5498,5.6180,6.0543,4.6970,2
2457862.922777,25.8259,-26.8383,6.5498,5.6180,6.0543,4.6970,2
2457863.698547,26.4471,-18.1416,6.5498,5.6180,6.0543,4.6970,2
2457863.731567,13.1072,-20.0566,6.5498,5.6180,6.0543,4.6970,2
2457863.750137,10.0407,-24.1439,6.5498,5.6180,6.0543,4.6970,2
2457863.769597,8.1248,-25.7268,6.5498,5.6180,6.0543,4.6970,2
2457863.788227,16.0519,-31.1279,6.5498,5.6180,6.0543,4.6970,2
2457863.841227,9.5937,-24.2511,6.5498,5.6180,6.0543,4.6970,2
2457863.862517,15.3378,-21.5613,6.5498,5.6180,6.0543,4.6970,2
2457864.733267,8.1727,-30.6832,6.5498,5.6180,6.0543,4.6970,2
2457864.754137,19.2519,-28.5752,6.5498,5.6180,6.0543,4.6970,2
2457864.776287,19.2718,-20.1156,6.5498,5.6180,6.0543,4.6970,2
2457864.799927,19.0308,-30.2359,6.5498,5.6180,6.0543,4.6970,2
2457864.820367,17.1733,-17.9424,6.5498,5.6180,6.0543,4.6970,2
2457864.841027,19.1250,-27.6291,6.5498,5.6180,6.0543,4.6970,2
2457864.874817,13.7165,-23.4014,6.5498,5.6180,6.0543,4.6970,2
2457864.893927,18.0570,-19.4125,6.5498,5.6180,6.0543,4.6970,2
2457864.916727,15.1425,-24.0386,6.5498,5.6180,6.0543,4.6970,2
2457865.701227,26.6513,-28.8011,6.5498,5.6180,6.0543,4.6970,2
2457865.758787,19.4398,-26.0442,6.5498,5.6180,6.0543,4.6970,2
2457865.780357,11.3127,-26.7499,6.5498,5.6180,6.0543,4.6970,2
2457865.801227,9.7476,-28.8653,6.5498,5.6180,6.0543,4.6970,2
2457865.821287,17.0946,-22.3592,6.5498,5.6180,6.0543,4.6970,2
2457865.842677,12.9259,-28.5397,6.5498,5.6180,6.0543,4.6970,2
2457865.855407,6.9770,-24.0619,6.5498,5.6180,6.0543,4.6970,2
2457865.911647,15.7456,-29.1727,6.5498,5.6180,6.0543,4.6970,2
2457866.717747,23.2044,-19.9463,6.5498,5.6180,6.0543,4.6970,2
2457866.743097,10.2466,-30.0500,6.5498,5.6180,6.0543,4.6970,2
2457866.795007,28.0866,-28.3999,6.5498,5.6180,6.0543,4.6970,2
2457866.830897,16.2163,-27.8248,6.5498,5.6180,6.0543,4.6970,2
2457866.853867,14.5744,-26.8861,6.5498,5.6180,6.0543,4.6970,2
2457866.874247,13.8304,-22.1470,6.5498,5.6180,6.0543,4.6970,2
2457866.894037,16.9181,-28.9011,6.5498,5.6180,6.0543,4.6970,2
2457866.912477,10.0060,-21.2804,6.5498,5.6180,6.0543,4.6970,2
2457867.740567,26.3749,-19.7325,6.5498,5.6180,6.0543,4.6970,2
2457867.766147,18.6587,-29.9724,6.5498,5.6180,6.0543,4.6970,2
2457867.791167,14.9315,-26.0004,6.5498,5.6180,6.0543,4.6970,2
2457867.811677,21.1573,-22.9668,6.5498,5.6180,6.0543,4.6970,2
2457867.833827,17.5023,-25.2607,6.5498,5.6180,6.0543,4.6970,2
2457867.890757,8.8750,-27.0556,6.5498,5.6180,6.0543,4.6970,2
2457868.822467,17.7892,-21.0400,6.5498,5.6180,6.0543,4.6970,2
2457869.767927,20.6459,-23.0066,6.5498,5.6180,6.0543,4.6970,2
2457869.791727,17.2040,-26.5394,6.5498,5.6180,6.0543,4.6970,2
2457869.839077,11.6130,-20.6046,6.5498,5.6180,6.0543,4.6970,2
2457869.862757,6.6439,-27.8772,6.5498,5.6180,6.0543,4.6970,2
2457870.702307,23.9483,-26.0130,6.5498,5.6180,6.0543,4.6970,2
2457870.748377,17.8937,-24.9189,6.5498,5.6180,6.0543,4.6970,2
2457870.783787,17.3458,-26.1729,6.5498,5.6180,6.0543,4.6970,2
2457870.801317,26.0726,-27.9269,6.5498,5.6180,6.0543,4.6970,2
2457870.823777,14.5315,-26.4714,6.5498,5.6180,6.0543,4.6970,2
2457870.873747,16.7904,-20.2000,6.5498,5.6180,6.0543,4.6970,2
2457870.914667,17.3527,-25.0172,6.5498,5.6180,6.0543,4.6970,2
2457871.699737,15.6688,-22.3512,6.5498,5.6180,6.0543,4.6970,2
2457871.735567,14.3297,-21.8147,6.5498,5.6180,6.0543,4.6970,2
2457871.754007,18.8237,-26.8769,6.5498,5.6180,6.0543,4.6970,2
2457871.783827,18.5384,-22.7746,6.5498,5.6180,6.0543,4.6970,2
2457871.801537,25.1483,-25.4599,6.5498,5.6180,6.0543,4.6970,2
2457871.819337,11.7634,-25.5074,6.5498,5.6180,6.0543,4.6970,2
2457871.838847,17.3043,-22.2631,6.5498,5.6180,6.0543,4.6970,2
2457871.877387,14.3233,-21.7520,6.5498,5.6180,6.0543,4.6970,2
2457871.926397,17.3932,-18.9649,6.5498,5.6180,6.0543,4.6970,2
2457872.677777,23.9646,-25.9311,6.5498,5.6180,6.0543,4.6970,2
2457872.723657,17.8918,-18.8059,6.5498,5.6180,6.0543,4.6970,2
2457872.742057,18.6865,-31.8720,6.5498,5.6180,6.0543,4.6970,2
2457872.759177,13.6139,-26.6593,6.5498,5.6180,6.0543,4.6970,2
2457872.780087,6.8241,-25.6199,6.5498,5.6180,6.0543,4.6970,2
2457872.798677,16.3548,-27.6535,6.5498,5.6180,6.0543,4.6970,2
2457872.848877,25.5472,-27.8936,6.5498,5.6180,6.0543,4.6970,2
2457872.869007,14.2234,-23.6316,6.5498,5.6180,6.0543,4.6970,2
2457872.887447,23.0873,-22.0473,6.5498,5.6180,6.0543,4.6970,2
2457872.905457,19.3010,-26.7537,6.5498,5.6180,6.0543,4.6970,2
2457873.695107,19.3902,-26.2957,6.5498,5.6180,6.0543,4.6970,2
2457873.712617,24.4829,-26.0955,6.5498,5.6180,6.0543,4.6970,2
2457873.729677,28.4182,-25.3506,6.5498,5.6180,6.0543,4.6970,2
2457873.767727,18.2813,-17.3726,6.5498,5.6180,6.0543,4.6970,2
2457873.797187,23.8686,-25.4540,6.5498,5.6180,6.0543,4.6970,2
2457873.833367,16.4705,-19.4668,6.5498,5.6180,6.0543,4.6970,2
2457873.851577,12.7923,-17.5685,6.5498,5.6180,6.0543,4.6970,2
2457873.868977,16.8048,-21.6662,6.5498,5.6180,6.0543,4.6970,2
2457873.898767,26.7137,-25.0987,6.5498,5.6180,6.0543,4.6970,2
2457873.923927,19.0849,-30.9091,6.5498,5.6180,6.0543,4.6970,2
2457874.720787,27.7563,-23.6368,6.5498,5.6180,6.0543,4.6970,2
2457874.756057,17.0424,-25.0928,6.5498,5.6180,6.0543,4.6970,2
2457874.792457,7.3090,-25.4018,6.5498,5.6180,6.0543,4.6970,2
2457874.810987,19.2132,-33.6804,6.5498,5.6180,6.0543,4.6970,2
2457874.842957,12.1093,-29.5060,6.5498,5.6180,6.0543,4.6970,2
2457874.878367,19.6670,-27.0750,6.5498,5.6180,6.0543,4.6970,2
2457874.895627,23.6149,-20.0261,6.5498,5.6180,6.0543,4.6970,2
2457874.912817,17.7690,-29.6743,6.5498,5.6180,6.0543,4.6970,2
2457876.696137,21.2689,-32.7355,6.5498,5.6180,6.0543,4.6970,2
2457876.728547,22.9625,-20.2981,6.5498,5.6180,6.0543,4.6970,2
2457876.746557,11.2807,-28.9265,6.5498,5.6180,6.0543,4.6970,2
2457876.763857,19.1326,-22.1727,6.5498,5.6180,6.0543,4.6970,2
2457876.781757,16.8277,-20.3588,6.5498,5.6180,6.0543,4.6970,2
2457876.800597,14.0408,-20.8481,6.5498,5.6180,6.0543,4.6970,2
2457876.847457,10.1244,-26.5545,6.5498,5.6180,6.0543,4.6970,2
2457876.865967,11.7643,-22.1830,6.5498,5.6180,6.0543,4.6970,2
2457876.884307,17.6360,-28.7135,6.5498,5.6180,6.0543,4.6970,2
2457876.904387,13.9126,-30.1359,6.5498,5.6180,6.0543,4.6970,2
2457876.933047,23.5022,-26.4758,6.5498,5.6180,6.0543,4.6970,2
2457877.671067,20.1940,-21.2580,6.5498,5.6180,6.0543,4.6970,2
2457877.709747,15.1627,-27.4928,6.5498,5.6180,6.0543,4.6970,2
2457877.745647,10.5760,-19.6452,6.5498,5.6180,6.0543,4.6970,2
2457877.764567,21.4909,-25.8023,6.5498,5.6180,6.0543,4.6970,2
2457877.785037,20.3926,-21.5516,6.5498,5.6180,6.0543,4.6970,2
2457877.804747,11.8724,-23.3093,6.5498,5.6180,6.0543,4.6970,2
2457877.826617,14.1504,-30.5753,6.5498,5.6180,6.0543,4.6970,2
2457877.887397,22.6204,-25.3854,6.5498,5.6180,6.0543,4.6970,2
2457877.909547,20.8986,-24.1164,6.5498,5.6180,6.0543,4.6970,2
2457877.930317,22.1648,-20.5640,6.5498,5.6180,6.0543,4.6970,2
2457878.726347,15.9956,-22.4010,6.5498,5.6180,6.0543,4.6970,2
2457878.765197,17.9727,-20.6563,6.5498,5.6180,6.0543,4.6970,2
2457878.785207,26.1842,-23.7457,6.5498,5.6180,6.0543,4.6970,2
2457878.834767,17.9679,-25.1128,6.5498,5.6180,6.0543,4.6970,2
2457878.874247,19.2385,-19.3668,6.5498,5.6180,6.0543,4.6970,2
2457878.893067,21.3607,-27.6281,6.5498,5.6180,6.0543,4.6970,2
2457878.912277,24.2715,-28.6211,6.5498,5.6180,6.0543,4.6970,2
2457879.683117,8.8259,-31.4617,6.5498,5.6180,6.0543,4.6970,2
2457879.722357,17.6970,-25.6659,6.5498,5.6180,6.0543,4.6970,2
2457879.794287,14.5494,-28.8142,6.5498,5.6180,6.0543,4.6970,2
2457879.818387,26.8197,-19.5366,6.5498,5.6180,6.0543,4.6970,2
2457879.845227,19.6593,-17.6542,6.5498,5.6180,6.0543,4.6970,2
2457879.865107,20.0085,-28.6053,6.5498,5.6180,6.0543,4.6970,2
2457879.905697,7.0024,-26.4812,6.5498,5.6180,6.0543,4.6970,2
2457880.697807,27.6530,-31.5266,6.5498,5.6180,6.0543,4.6970,2
2457882.845157,17.5663,-19.5917,6.5498,5.6180,6.0543,4.6970,2
2457882.878907,18.8047,-17.8047,6.5498,5.6180,6.0543,4.6970,2
2457882.900037,17.3521,-21.9100,6.5498,5.6180,6.0543,4.6970,2
2457882.921767,26.0913,-16.5840,6.5498,5.6180,6.0543,4.6970,2
2457888.797857,24.2597,-17.3922,6.5498,5.6180,6.0543,4.6970,2
2457888.833847,16.0836,-26.0799,6.5498,5.6180,6.0543,4.6970,2
2457888.850957,14.1583,-31.6678,6.5498,5.6180,6.0543,4.6970,2
2457888.869047,14.5990,-24.2231,6.5498,5.6180,6.0543,4.6970,2
2457888.886977,29.6264,-28.6870,6.5498,5.6180,6.0543,4.6970,2
2457889.638567,5.7426,-22.7691,6.5498,5.6180,6.0543,4.6970,2
2457889.657507,12.0974,-21.3996,6.5498,5.6180,6.0543,4.6970,2
2457889.687997,14.0542,-33.6414,6.5498,5.6180,6.0543,4.6970,2
2457889.722927,26.3162,-25.8183,6.5498,5.6180,6.0543,4.6970,2
2457889.740307,25.9425,-21.9175,6.5498,5.6180,6.0543,4.6970,2
2457889.821277,19.4072,-16.5527,6.5498,5.6180,6.0543,4.6970,2
2457889.839197,19.8716,-21.6880,6.5498,5.6180,6.0543,4.6970,2
2457889.861547,14.1984,-28.4021,6.5498,5.6180,6.0543,4.6970,2
2457889.890557,21.0606,-23.2863,6.5498,5.6180,6.0543,4.6970,2
2457889.908757,19.9593,-19.2410,6.5498,5.6180,6.0543,4.6970,2
2457890.625807,15.0663,-24.1877,6.5498,5.6180,6.0543,4.6970,2
2457890.643097,16.5919,-16.1012,6.5498,5.6180,6.0543,4.6970,2
2457890.688907,19.3769,-21.0695,6.5498,5.6180,6.0543,4.6970,2
2457890.707967,8.6061,-24.7901,6.5498,5.6180,6.0543,4.6970,2
2457890.744667,14.7213,-16.2038,6.5498,5.6180,6.0543,4.6970,2
2457890.766677,22.7513,-21.6660,6.5498,5.6180,6.0543,4.6970,2
2457890.799527,20.9769,-19.4440,6.5498,5.6180,6.0543,4.6970,2
2457890.817027,13.3367,-21.5858,6.5498,5.6180,6.0543,4.6970,2
2457890.835327,4.8900,-27.5064,6.5498,5.6180,6.0543,4.6970,2
2457890.853767,18.7070,-32.6332,6.5498,5.6180,6.0543,4.6970,2
2457890.901207,4.1978,-31.6017,6.5498,5.6180,6.0543,4.6970,2
2457893.664627,27.3564,-22.5783,6.5498,5.6180,6.0543,4.6970,2
2457893.702917,6.3287,-22.9428,6.5498,5.6180,6.0543,4.6970,2
2457893.724257,23.1063,-23.1167,6.5498,5.6180,6.0543,4.6970,2
2457893.744787,16.3659,-19.5782,6.5498,5.6180,6.0543,4.6970,2
2457893.766487,15.6271,-23.1012,6.5498,5.6180,6.0543,4.6970,2
2457893.857157,24.4550,-13.7076,6.5498,5.6180,6.0543,4.6970,2
2457893.876967,21.7247,-20.9112,6.5498,5.6180,6.0543,4.6970,2
2457894.653997,22.7193,-30.4283,6.5498,5.6180,6.0543,4.6970,2
2457894.675757,13.2681,-31.6463,6.5498,5.6180,6.0543,4.6970,2
2457894.715197,25.8111,-23.4058,6.5498,5.6180,6.0543,4.6970,2
2457894.752787,17.4214,-31.1300,6.5498,5.6180,6.0543,4.6970,2
2457894.809127,18.7507,-15.2765,6.5498,5.6180,6.0543,4.6970,2
2457894.850467,25.4576,-22.4821,6.5498,5.6180,6.0543,4.6970,2
2457894.868017,22.2462,-20.5546,6.5498,5.6180,6.0543,4.6970,2
2457894.904127,26.7015,-25.2852,6.5498,5.6180,6.0543,4.6970,2
2457894.933257,25.9688,-22.4207,6.5498,5.6180,6.0543,4.6970,2
2457895.679187,25.9885,-18.8058,6.5498,5.6180,6.0543,4.6970,2
2457895.699157,19.0894,-26.1933,6.5498,5.6180,6.0543,4.6970,2
2457895.718937,18.6074,-26.4801,6.5498,5.6180,6.0543,4.6970,2
2457895.739147,21.1052,-28.6837,6.5498,5.6180,6.0543,4.6970,2
2457895.759567,15.4587,-14.9113,6.5498,5.6180,6.0543,4.6970,2
2457895.852647,18.9971,-24.6384,6.5498,5.6180,6.0543,4.6970,2
2457895.871827,3.5525,-21.0216,6.5498,5.6180,6.0543,4.6970,2
2457901.679697,17.9475,-26.5244,6.5498,5.6180,6.0543,4.6970,2
2457901.697427,15.3369,-23.2915,6.5498,5.6180,6.0543,4.6970,2
2457901.718567,21.4074,-29.5716,6.5498,5.6180,6.0543,4.6970,2
2457901.755497,21.8248,-31.9759,6.5498,5.6180,6.0543,4.6970,2
2457901.784137,17.4181,-23.2855,6.5498,5.6180,6.0543,4.6970,2
2457902.659507,15.7722,-21.0737,6.5498,5.6180,6.0543,4.6970,2
2457902.709137,13.5815,-18.1774,6.5498,5.6180,6.0543,4.6970,2
2457902.725007,14.7926,-23.3145,6.5498,5.6180,6.0543,4.6970,2
2457902.745687,16.9449,-15.3833,6.5498,5.6180,6.0543,4.6970,2
2457903.651457,4.1617,-19.2196,6.5498,5.6180,6.0543,4.6970,2
2457903.853124,18.4739,-24.1105,6.5498,5.6180,6.0543,4.6970,2
2457903.870714,28.0204,-21.1906,6.5498,5.6180,6.0543,4.6970,2
2457904.594117,9.5313,-25.5308,6.5498,5.6180,6.0543,4.6970,2
2457904.612707,21.2265,-20.7984,6.5498,5.6180,6.0543,4.6970,2
2457904.630157,19.3888,-26.6819,6.5498,5.6180,6.0543,4.6970,2
2457904.649547,9.1660,-23.9642,6.5498,5.6180,6.0543,4.6970,2
2457904.680647,18.1556,-17.2849,6.5498,5.6180,6.0543,4.6970,2
2457904.699037,10.9395,-18.9882,6.5498,5.6180,6.0543,4.6970,2
2457904.719867,13.2203,-18.9458,6.5498,5.6180,6.0543,4.6970,2
2457904.737277,28.7337,-30.0031,6.5498,5.6180,6.0543,4.6970,2
2457904.755837,18.7572,-23.0313,6.5498,5.6180,6.0543,4.6970,2
2457904.789907,18.0557,-18.1992,6.5498,5.6180,6.0543,4.6970,2
2457904.807087,19.7816,-23.2641,6.5498,5.6180,6.0543,4.6970,2
2457904.860647,5.7112,-27.8562,6.5498,5.6180,6.0543,4.6970,2
2457904.878227,4.4583,-25.4847,6.5498,5.6180,6.0543,4.6970,2
2457905.665597,13.1813,-25.6542,6.5498,5.6180,6.0543,4.6970,2
2457905.684277,14.2412,-29.8379,6.5498,5.6180,6.0543,4.6970,2
2457905.764267,20.6459,-21.8086,6.5498,5.6180,6.0543,4.6970,2
2457905.805437,24.9037,-30.0653,6.5498,5.6180,6.0543,4.6970,2
2457905.825887,16.5620,-21.3746,6.5498,5.6180,6.0543,4.6970,2
2457905.845757,29.7428,-24.2914,6.5498,5.6180,6.0543,4.6970,2
2457905.898507,17.0921,-29.6177,6.5498,5.6180,6.0543,4.6970,2
2457906.643038,16.0748,-23.3796,6.5498,5.6180,6.0543,4.6970,2
2457906.677107,24.9577,-21.6124,6.5498,5.6180,6.0543,4.6970,2
2457906.716527,26.8585,-22.7380,6.5498,5.6180,6.0543,4.6970,2
2457906.737327,13.8495,-17.0593,6.5498,5.6180,6.0543,4.6970,2
2457906.780147,14.5537,-19.9325,6.5498,5.6180,6.0543,4.6970,2
2457906.810787,21.3062,-16.9850,6.5498,5.6180,6.0543,4.6970,2
2457906.829237,21.9718,-20.4042,6.5498,5.6180,6.0543,4.6970,2
2457906.877697,29.6450,-23.5905,6.5498,5.6180,6.0543,4.6970,2
2457907.604038,15.5050,-18.7929,6.5498,5.6180,6.0543,4.6970,2
2457907.623207,16.2032,-27.1868,6.5498,5.6180,6.0543,4.6970,2
2457907.674597,9.5521,-25.6272,6.5498,5.6180,6.0543,4.6970,2
2457907.695807,10.7106,-16.3530,6.5498,5.6180,6.0543,4.6970,2
2457907.715777,11.6411,-26.1296,6.5498,5.6180,6.0543,4.6970,2
2457907.755907,10.6295,-22.3308,6.5498,5.6180,6.0543,4.6970,2
2457907.792777,12.4561,-23.1198,6.5498,5.6180,6.0543,4.6970,2
2457907.830957,14.9679,-24.7343,6.5498,5.6180,6.0543,4.6970,2
2457907.862597,16.3333,-31.6750,6.5498,5.6180,6.0543,4.6970,2
2457907.881877,14.5269,-25.9215,6.5498,5.6180,6.0543,4.6970,2
2457908.638017,14.1559,-27.8226,6.5498,5.6180,6.0543,4.6970,2
2457908.658257,15.0209,-16.5087,6.5498,5.6180,6.0543,4.6970,2
2457908.677497,15.6007,-28.9924,6.5498,5.6180,6.0543,4.6970,2
2457908.697637,14.3563,-17.9994,6.5498,5.6180,6.0543,4.6970,2
2457908.730197,14.1634,-23.9592,6.5498,5.6180,6.0543,4.6970,2
2457908.750427,11.5928,-30.5843,6.5498,5.6180,6.0543,4.6970,2
2457908.769517,15.9339,-23.5498,6.5498,5.6180,6.0543,4.6970,2
2457908.788547,16.0202,-23.0635,6.5498,5.6180,6.0543,4.6970,2
2457908.810257,21.3818,-22.4056,6.5498,5.6180,6.0543,4.6970,2
2457908.830987,17.0239,-27.4008,6.5498,5.6180,6.0543,4.6970,2
2457908.884517,13.2299,-21.2706,6.5498,5.6180,6.0543,4.6970,2
2457908.903317,9.2993,-27.2368,6.5498,5.6180,6.0543,4.6970,2
2457910.581677,4.5369,-22.4761,6.5498,5.6180,6.0543,4.6970,2
2457910.663557,25.9713,-26.2786,6.5498,5.6180,6.0543,4.6970,2
2457910.683587,15.4890,-22.2346,6.5498,5.6180,6.0543,4.6970,2
2457910.715797,21.9926,-26.7500,6.5498,5.6180,6.0543,4.6970,2
2457910.735937,15.3093,-22.2312,6.5498,5.6180,6.0543,4.6970,2
2457910.756997,15.1219,-30.1911,6.5498,5.6180,6.0543,4.6970,2
2457910.775457,21.1801,-24.1757,6.5498,5.6180,6.0543,4.6970,2
2457910.796147,18.5317,-20.5157,6.5498,5.6180,6.0543,4.6970,2
2457910.883417,14.6589,-17.6018,6.5498,5.6180,6.0543,4.6970,2
2457911.602887,19.4953,-24.2873,6.5498,5.6180,6.0543,4.6970,2
2457911.625617,20.4577,-15.4185,6.5498,5.6180,6.0543,4.6970,2
2457911.644017,4.5197,-20.0131,6.5498,5.6180,6.0543,4.6970,2
2457911.694817,24.1174,-22.0207,6.5498,5.6180,6.0543,4.6970,2
2457911.715357,19.0033,-25.5385,6.5498,5.6180,6.0543,4.6970,2
2457911.736187,9.1917,-27.2530,6.5498,5.6180,6.0543,4.6970,2
2457911.755717,6.0927,-26.7167,6.5498,5.6180,6.0543,4.6970,2
2457911.775057,14.3040,-21.4721,6.5498,5.6180,6.0543,4.6970,2
2457911.810557,17.6354,-24.1524,6.5498,5.6180,6.0543,4.6970,2
2457911.829747,20.7944,-21.6830,6.5498,5.6180,6.0543,4.6970,2
2457911.849247,22.3597,-28.7356,6.5498,5.6180,6.0543,4.6970,2
2457913.706047,14.1598,-19.8560,6.5498,5.6180,6.0543,4.6970,2
2457916.649927,26.0580,-26.3755,6.5498,5.6180,6.0543,4.6970,2
2457916.667447,19.5387,-18.5297,6.5498,5.6180,6.0543,4.6970,2
2457916.695177,19.3649,-19.2396,6.5498,5.6180,6.0543,4.6970,2
2457916.715197,16.7672,-22.2614,6.5498,5.6180,6.0543,4.6970,2
2457916.750787,14.1961,-25.8270,6.5498,5.6180,6.0543,4.6970,2
2457916.767787,24.3841,-21.6449,6.5498,5.6180,6.0543,4.6970,2
2457916.785257,21.5852,-21.1881,6.5498,5.6180,6.0543,4.6970,2
2457916.841177,28.3514,-16.9224,6.5498,5.6180,6.0543,4.6970,2
2457917.562247,3.8240,-26.6815,6.5498,5.6180,6.0543,4.6970,2
2457917.581457,28.5954,-24.3639,6.5498,5.6180,6.0543,4.6970,2
2457917.617807,22.4100,-23.8739,6.5498,5.6180,6.0543,4.6970,2
2457917.634877,24.4989,-21.2384,6.5498,5.6180,6.0543,4.6970,2
2457917.652087,23.8640,-25.8964,6.5498,5.6180,6.0543,4.6970,2
2457917.700467,21.5188,-20.3883,6.5498,5.6180,6.0543,4.6970,2
2457917.718487,15.6673,-27.6107,6.5498,5.6180,6.0543,4.6970,2
2457917.736697,21.5657,-27.8646,6.5498,5.6180,6.0543,4.6970,2
2457917.754697,16.9345,-21.3299,6.5498,5.6180,6.0543,4.6970,2
2457917.784737,19.7200,-25.2785,6.5498,5.6180,6.0543,4.6970,2
2457917.805127,23.6727,-23.8209,6.5498,5.6180,6.0543,4.6970,2
2457917.866467,25.3409,-31.8161,6.5498,5.6180,6.0543,4.6970,2
2457918.621957,17.7419,-18.1953,6.5498,5.6180,6.0543,4.6970,2
2457918.640887,24.4117,-28.1547,6.5498,5.6180,6.0543,4.6970,2
2457918.669977,27.4396,-21.1188,6.5498,5.6180,6.0543,4.6970,2
2457918.710167,15.9755,-26.4283,6.5498,5.6180,6.0543,4.6970,2
2457923.556967,11.4300,-15.2020,6.5498,5.6180,6.0543,4.6970,2
2457923.627387,25.0586,-25.7394,6.5498,5.6180,6.0543,4.6970,2
2457923.646007,19.0272,-21.8529,6.5498,5.6180,6.0543,4.6970,2
2457923.665237,19.0929,-19.8074,6.5498,5.6180,6.0543,4.6970,2
2457923.684857,23.6928,-28.7256,6.5498,5.6180,6.0543,4.6970,2
2457923.705397,24.9143,-18.7383,6.5498,5.6180,6.0543,4.6970,2
2457923.736617,7.3628,-32.7487,6.5498,5.6180,6.0543,4.6970,2
2457923.757627,28.5096,-29.4853,6.5498,5.6180,6.0543,4.6970,2
2457924.580967,17.3226,-21.3708,6.5498,5.6180,6.0543,4.6970,2
2457924.611157,20.6727,-24.2512,6.5498,5.6180,6.0543,4.6970,2
2457924.630207,18.7953,-31.3960,6.5498,5.6180,6.0543,4.6970,2
2457924.649477,20.7915,-22.9673,6.5498,5.6180,6.0543,4.6970,2
2457924.667917,17.1226,-25.2375,6.5498,5.6180,6.0543,4.6970,2
2457924.688267,13.1091,-20.7188,6.5498,5.6180,6.0543,4.6970,2
2457924.719527,13.2610,-21.1786,6.5498,5.6180,6.0543,4.6970,2
2457924.737497,18.3067,-21.0343,6.5498,5.6180,6.0543,4.6970,2
2457924.756887,18.0675,-15.8895,6.5498,5.6180,6.0543,4.6970,2
2457924.776357,22.3357,-15.7910,6.5498,5.6180,6.0543,4.6970,2
2457924.797947,22.6804,-28.3951,6.5498,5.6180,6.0543,4.6970,2
2457924.829987,11.9895,-24.6178,6.5498,5.6180,6.0543,4.6970,2
2457924.850037,20.7334,-24.9969,6.5498,5.6180,6.0543,4.6970,2
2457925.624877,19.3375,-18.6706,6.5498,5.6180,6.0543,4.6970,2
2457925.756777,17.3633,-16.3733,6.5498,5.6180,6.0543,4.6970,2
2457925.775287,19.6379,-20.9210,6.5498,5.6180,6.0543,4.6970,2
2457927.769177,18.7992,-14.6429,6.5498,5.6180,6.0543,4.6970,2
2457933.509867,9.9877,-31.9922,6.5498,5.6180,6.0543,4.6970,2
2457933.530657,12.6761,-13.9487,6.5498,5.6180,6.0543,4.6970,2
2457933.573127,20.3744,-33.8550,6.5498,5.6180,6.0543,4.6970,2
2457933.631067,21.4505,-27.9378,6.5498,5.6180,6.0543,4.6970,2
2457933.742207,17.8384,-22.1046,6.5498,5.6180,6.0543,4.6970,2
2457933.793077,2.7536,-32.9621,6.5498,5.6180,6.0543,4.6970,2
2457934.578677,10.9793,-23.8911,6.5498,5.6180,6.0543,4.6970,2
2457934.598737,25.1111,-11.4466,6.5498,5.6180,6.0543,4.6970,2
2457934.677887,24.0885,-27.5792,6.5498,5.6180,6.0543,4.6970,2
2457934.710587,30.5746,-14.2881,6.5498,5.6180,6.0543,4.6970,2
2457934.791087,17.6342,-21.8029,6.5498,5.6180,6.0543,4.6970,2
2457935.504887,17.6238,-29.4518,6.5498,5.6180,6.0543,4.6970,2
2457935.544617,24.0455,-25.3384,6.5498,5.6180,6.0543,4.6970,2
2457935.576677,16.9963,-25.1057,6.5498,5.6180,6.0543,4.6970,2
2457935.596587,5.8803,-24.5780,6.5498,5.6180,6.0543,4.6970,2
2457935.618157,11.8742,-20.2535,6.5498,5.6180,6.0543,4.6970,2
2457935.638327,11.0677,-24.8944,6.5498,5.6180,6.0543,4.6970,2
2457935.657647,13.3275,-28.3067,6.5498,5.6180,6.0543,4.6970,2
2457935.689537,20.1893,-28.2425,6.5498,5.6180,6.0543,4.6970,2
2457935.710187,19.5433,-10.6816,6.5498,5.6180,6.0543,4.6970,2
2457935.750267,21.7038,-27.2053,6.5498,5.6180,6.0543,4.6970,2
2457935.773027,16.0613,-17.9728,6.5498,5.6180,6.0543,4.6970,2
2457935.822487,9.5825,-25.3181,6.5498,5.6180,6.0543,4.6970,2
2457936.510987,18.7797,-25.9897,6.5498,5.6180,6.0543,4.6970,2
2457936.530287,26.1923,-23.4141,6.5498,5.6180,6.0543,4.6970,2
2457936.565997,10.1293,-31.1063,6.5498,5.6180,6.0543,4.6970,2
2457936.587247,26.9849,-22.0949,6.5498,5.6180,6.0543,4.6970,2
2457936.606767,13.5331,-17.6879,6.5498,5.6180,6.0543,4.6970,2
2457936.628687,24.8262,-24.4596,6.5498,5.6180,6.0543,4.6970,2
2457936.719747,18.9665,-27.4214,6.5498,5.6180,6.0543,4.6970,2
2457936.756787,6.1436,-14.9593,6.5498,5.6180,6.0543,4.6970,2
2457937.559977,26.8203,-24.6843,6.5498,5.6180,6.0543,4.6970,2
2457937.580467,19.4726,-32.5936,6.5498,5.6180,6.0543,4.6970,2
2457937.600777,15.3746,-31.3414,6.5498,5.6180,6.0543,4.6970,2
2457937.654157,19.1070,-22.9672,6.5498,5.6180,6.0543,4.6970,2
2457937.687797,18.8092,-26.1152,6.5498,5.6180,6.0543,4.6970,2
2457937.767497,25.6405,-13.7240,6.5498,5.6180,6.0543,4.6970,2
2457937.798677,13.7046,-23.7675,6.5498,5.6180,6.0543,4.6970,2
2457938.504117,11.3421,-20.7009,6.5498,5.6180,6.0543,4.6970,2
2457938.538647,28.9823,-27.8555,6.5498,5.6180,6.0543,4.6970,2
2457939.648857,5.7490,-30.7275,6.5498,5.6180,6.0543,4.6970,2
2457943.666057,16.2616,-21.7935,6.5498,5.6180,6.0543,4.6970,2
2457944.477227,8.4891,-26.8834,6.5498,5.6180,6.0543,4.6970,2
2457944.495817,11.1326,-17.0565,6.5498,5.6180,6.0543,4.6970,2
2457944.512847,23.5229,-25.0999,6.5498,5.6180,6.0543,4.6970,2
2457944.533147,20.4928,-22.8605,6.5498,5.6180,6.0543,4.6970,2
2457944.561317,20.5920,-27.1900,6.5498,5.6180,6.0543,4.6970,2
2457944.578597,17.4505,-22.6073,6.5498,5.6180,6.0543,4.6970,2
2457944.602917,14.5517,-25.6252,6.5498,5.6180,6.0543,4.6970,2
2457944.620227,8.6851,-16.3004,6.5498,5.6180,6.0543,4.6970,2
2457944.642147,18.0179,-23.6414,6.5498,5.6180,6.0543,4.6970,2
2457944.673377,11.9555,-18.4968,6.5498,5.6180,6.0543,4.6970,2
2457944.693517,18.9097,-29.8036,6.5498,5.6180,6.0543,4.6970,2
2457944.711397,21.5629,-16.7170,6.5498,5.6180,6.0543,4.6970,2
2457944.748677,17.9751,-20.1364,6.5498,5.6180,6.0543,4.6970,2
2457944.779407,26.2001,-22.2702,6.5498,5.6180,6.0543,4.6970,2
2457945.484527,12.3212,-27.5117,6.5498,5.6180,6.0543,4.6970,2
2457945.502097,20.2324,-22.4073,6.5498,5.6180,6.0543,4.6970,2
2457945.519307,19.3074,-17.9799,6.5498,5.6180,6.0543,4.6970,2
2457945.538137,15.7778,-24.8894,6.5498,5.6180,6.0543,4.6970,2
2457945.567897,9.2975,-24.5910,6.5498,5.6180,6.0543,4.6970,2
2457945.585697,10.9990,-22.0155,6.5498,5.6180,6.0543,4.6970,2
2457945.604497,16.7064,-22.4334,6.5498,5.6180,6.0543,4.6970,2
2457945.622977,20.0104,-15.3620,6.5498,5.6180,6.0543,4.6970,2
2457945.642727,13.1656,-14.5026,6.5498,5.6180,6.0543,4.6970,2
2457945.672947,11.0004,-12.0952,6.5498,5.6180,6.0543,4.6970,2
2457945.693137,24.2802,-13.2479,6.5498,5.6180,6.0543,4.6970,2
2457945.711897,24.6110,-21.9957,6.5498,5.6180,6.0543,4.6970,2
2457945.728827,15.7142,-21.0311,6.5498,5.6180,6.0543,4.6970,2
2457945.746457,20.0002,-15.3219,6.5498,5.6180,6.0543,4.6970,2
2457945.774277,24.3993,-24.8334,6.5498,5.6180,6.0543,4.6970,2
2457945.805567,28.2193,-16.4312,6.5498,5.6180,6.0543,4.6970,2
2457946.492827,4.8190,-33.5897,6.5498,5.6180,6.0543,4.6970,2
2457946.567187,10.9678,-16.5263,6.5498,5.6180,6.0543,4.6970,2
2457946.584387,21.7723,-21.4076,6.5498,5.6180,6.0543,4.6970,2
2457946.605937,24.1184,-23.2623,6.5498,5.6180,6.0543,4.6970,2
2457946.676177,11.4892,-16.4733,6.5498,5.6180,6.0543,4.6970,2
2457946.693857,20.0995,-19.9574,6.5498,5.6180,6.0543,4.6970,2
2457946.715187,25.0108,-12.2899,6.5498,5.6180,6.0543,4.6970,2
2457946.734037,25.9603,-22.5958,6.5498,5.6180,6.0543,4.6970,2
2457946.753827,15.1558,-22.1084,6.5498,5.6180,6.0543,4.6970,2
2457947.590377,5.6249,-24.7940,6.5498,5.6180,6.0543,4.6970,2
2457948.525617,20.6024,-26.9393,6.5498,5.6180,6.0543,4.6970,2
2457948.556887,14.6927,-19.6679,6.5498,5.6180,6.0543,4.6970,2
2457948.575847,4.3886,-27.3873,6.5498,5.6180,6.0543,4.6970,2
2457948.636617,12.6572,-16.0947,6.5498,5.6180,6.0543,4.6970,2
2457948.668187,11.8364,-23.8214,6.5498,5.6180,6.0543,4.6970,2
2457948.707857,22.6559,-25.0904,6.5498,5.6180,6.0543,4.6970,2
2457948.727177,16.5205,-16.1084,6.5498,5.6180,6.0543,4.6970,2
2457949.494727,21.0733,-23.2954,6.5498,5.6180,6.0543,4.6970,2
2457949.513677,11.5766,-20.0384,6.5498,5.6180,6.0543,4.6970,2
2457949.583157,27.0619,-15.2836,6.5498,5.6180,6.0543,4.6970,2
2457949.623307,9.8295,-22.1983,6.5498,5.6180,6.0543,4.6970,2
2457949.644127,13.1437,-27.6040,6.5498,5.6180,6.0543,4.6970,2
2457951.684437,21.2842,-27.1776,6.5498,5.6180,6.0543,4.6970,2
2457952.490127,22.6826,-22.8429,6.5498,5.6180,6.0543,4.6970,2
2457952.529627,16.3120,-20.0381,6.5498,5.6180,6.0543,4.6970,2
2457952.562567,19.5197,-16.8932,6.5498,5.6180,6.0543,4.6970,2
2457952.582977,12.5826,-26.1895,6.5498,5.6180,6.0543,4.6970,2
2457952.625507,15.1639,-31.5562,6.5498,5.6180,6.0543,4.6970,2
2457952.657937,15.4811,-21.0657,6.5498,5.6180,6.0543,4.6970,2
2457952.691597,21.8960,-29.3775,6.5498,5.6180,6.0543,4.6970,2
2457952.711167,25.2251,-20.6866,6.5498,5.6180,6.0543,4.6970,2
2457952.731937,28.7694,-17.1065,6.5498,5.6180,6.0543,4.6970,2
2457952.770397,9.0756,-17.9511,6.5498,5.6180,6.0543,4.6970,2
2457953.510757,21.4549,-26.0501,6.5498,5.6180,6.0543,4.6970,2
2457953.535347,14.1945,-29.4232,6.5498,5.6180,6.0543,4.6970,2
2457953.554137,18.7469,-31.1639,6.5498,5.6180,6.0543,4.6970,2
2457953.578717,23.2397,-27.5708,6.5498,5.6180,6.0543,4.6970,2
2457953.598487,19.8691,-22.0190,6.5498,5.6180,6.0543,4.6970,2
2457953.618377,18.2426,-26.2741,6.5498,5.6180,6.0543,4.6970,2
2457953.671167,19.6812,-27.1274,6.5498,5.6180,6.0543,4.6970,2
2457953.690207,18.3726,-29.0017,6.5498,5.6180,6.0543,4.6970,2
2457953.781737,16.4875,-28.3070,6.5498,5.6180,6.0543,4.6970,2
2457954.514927,17.4621,-15.1660,6.5498,5.6180,6.0543,4.6970,2
2457954.534337,21.0936,-29.3710,6.5498,5.6180,6.0543,4.6970,2
2457954.569897,22.2607,-14.9877,6.5498,5.6180,6.0543,4.6970,2
2457954.588767,17.0193,-19.2543,6.5498,5.6180,6.0543,4.6970,2
2457954.608407,15.9789,-17.0726,6.5498,5.6180,6.0543,4.6970,2
2457954.627267,24.4333,-19.8716,6.5498,5.6180,6.0543,4.6970,2
2457954.647477,26.7949,-21.4512,6.5498,5.6180,6.0543,4.6970,2
2457954.689857,25.4494,-27.1467,6.5498,5.6180,6.0543,4.6970,2
2457954.717627,21.3460,-13.7859,6.5498,5.6180,6.0543,4.6970,2
2457954.736417,26.9815,-16.0922,6.5498,5.6180,6.0543,4.6970,2
2457955.484227,16.3882,-27.3641,6.5498,5.6180,6.0543,4.6970,2
2457955.512267,19.7500,-32.8739,6.5498,5.6180,6.0543,4.6970,2
2457955.529597,19.7669,-19.7619,6.5498,5.6180,6.0543,4.6970,2
2457955.547157,23.8528,-23.8807,6.5498,5.6180,6.0543,4.6970,2
2457955.565867,26.0640,-26.0140,6.5498,5.6180,6.0543,4.6970,2
2457955.634907,26.8521,-26.1894,6.5498,5.6180,6.0543,4.6970,2
2457955.652867,20.0161,-23.8896,6.5498,5.6180,6.0543,4.6970,2
2457955.671177,18.2076,-25.2461,6.5498,5.6180,6.0543,4.6970,2
2457955.688937,19.2423,-29.7856,6.5498,5.6180,6.0543,4.6970,2
2457955.737997,7.6609,-15.1511,6.5498,5.6180,6.0543,4.6970,2
2457955.755017,20.2272,-26.5383,6.5498,5.6180,6.0543,4.6970,2
2457956.493617,27.2871,-20.0433,6.5498,5.6180,6.0543,4.6970,2
2457956.512507,22.6190,-24.0112,6.5498,5.6180,6.0543,4.6970,2
2457956.541407,22.3691,-21.9826,6.5498,5.6180,6.0543,4.6970,2
2457956.560787,17.5441,-15.1203,6.5498,5.6180,6.0543,4.6970,2
2457956.578114,12.3789,-25.5980,6.5498,5.6180,6.0543,4.6970,2
2457956.596884,25.1387,-24.5475,6.5498,5.6180,6.0543,4.6970,2
2457956.623824,19.1889,-24.9278,6.5498,5.6180,6.0543,4.6970,2
2457956.654177,19.9406,-18.5948,6.5498,5.6180,6.0543,4.6970,2
2457956.690297,16.0458,-16.7640,6.5498,5.6180,6.0543,4.6970,2
2457956.707867,22.4389,-23.2191,6.5498,5.6180,6.0543,4.6970,2
2457956.727627,17.6746,-14.8605,6.5498,5.6180,6.0543,4.6970,2
2457956.755347,29.4729,-25.2073,6.5498,5.6180,6.0543,4.6970,2
2457957.667177,23.0295,-23.0005,6.5498,5.6180,6.0543,4.6970,2
2457958.676307,9.4269,-16.2380,6.5498,5.6180,6.0543,4.6970,2
2457958.704217,7.3506,-19.7189,6.5498,5.6180,6.0543,4.6970,2
2457958.721907,12.3676,-18.3232,6.5498,5.6180,6.0543,4.6970,2
2457958.740017,13.0099,-26.4250,6.5498,5.6180,6.0543,4.6970,2
2457959.487427,22.0419,-21.7201,6.5498,5.6180,6.0543,4.6970,2
2457959.505767,19.2753,-25.0550,6.5498,5.6180,6.0543,4.6970,2
2457959.526787,24.6013,-19.7954,6.5498,5.6180,6.0543,4.6970,2
2457959.546017,22.2355,-27.8969,6.5498,5.6180,6.0543,4.6970,2
2457959.565417,21.3864,-19.4077,6.5498,5.6180,6.0543,4.6970,2
2457959.596967,20.4286,-17.0909,6.5498,5.6180,6.0543,4.6970,2
2457959.614647,8.3186,-21.8142,6.5498,5.6180,6.0543,4.6970,2
2457959.632757,19.2783,-18.5539,6.5498,5.6180,6.0543,4.6970,2
2457959.650427,19.3734,-24.5186,6.5498,5.6180,6.0543,4.6970,2
2457959.667527,28.6782,-14.1181,6.5498,5.6180,6.0543,4.6970,2
2457959.685167,21.7624,-22.7418,6.5498,5.6180,6.0543,4.6970,2
2457959.731757,26.0697,-21.3170,6.5498,5.6180,6.0543,4.6970,2
2457960.479067,12.4167,-30.1730,6.5498,5.6180,6.0543,4.6970,2
2457960.496287,22.9492,-17.0349,6.5498,5.6180,6.0543,4.6970,2
2457960.526387,16.7009,-18.2503,6.5498,5.6180,6.0543,4.6970,2
2457960.543877,13.8350,-26.9778,6.5498,5.6180,6.0543,4.6970,2
2457960.561297,19.6800,-21.8910,6.5498,5.6180,6.0543,4.6970,2
2457960.580697,19.4457,-25.2456,6.5498,5.6180,6.0543,4.6970,2
2457960.600677,20.4024,-18.2790,6.5498,5.6180,6.0543,4.6970,2
2457960.630797,19.0807,-21.4300,6.5498,5.6180,6.0543,4.6970,2
2457960.647957,21.2795,-19.1061,6.5498,5.6180,6.0543,4.6970,2
2457960.668837,21.1787,-13.6302,6.5498,5.6180,6.0543,4.6970,2
2457960.686147,22.7549,-19.1187,6.5498,5.6180,6.0543,4.6970,2
2457960.705597,12.3491,-13.1730,6.5498,5.6180,6.0543,4.6970,2
2457960.736087,29.1255,-21.9659,6.5498,5.6180,6.0543,4.6970,2
2457960.752767,29.1983,-23.0176,6.5498,5.6180,6.0543,4.6970,2
2457960.761527,22.9901,-18.6616,6.5498,5.6180,6.0543,4.6970,2
2457961.511807,19.4046,-17.0297,6.5498,5.6180,6.0543,4.6970,2
2457961.578637,14.9083,-18.1633,6.5498,5.6180,6.0543,4.6970,2
2457961.617007,5.7652,-31.9937,6.5498,5.6180,6.0543,4.6970,2
2457961.639487,20.3402,-16.4328,6.5498,5.6180,6.0543,4.6970,2
2457961.713207,13.4720,-26.4697,6.5498,5.6180,6.0543,4.6970,2
2457961.730697,26.7129,-29.1511,6.5498,5.6180,6.0543,4.6970,2
2457961.749927,5.2644,-31.7734,6.5498,5.6180,6.0543,4.6970,2
2457962.470437,20.6803,-20.2734,6.5498,5.6180,6.0543,4.6970,2
2457962.491277,15.3952,-23.4043,6.5498,5.6180,6.0543,4.6970,2
2457962.538937,18.0344,-20.0910,6.5498,5.6180,6.0543,4.6970,2
2457962.592497,8.6396,-24.2255,6.5498,5.6180,6.0543,4.6970,2
2457962.650887,15.4438,-23.9821,6.5498,5.6180,6.0543,4.6970,2
2457962.674117,19.9744,-18.7492,6.5498,5.6180,6.0543,4.6970,2
2457962.726387,19.3862,-22.1204,6.5498,5.6180,6.0543,4.6970,2
2457964.529767,20.6813,-15.2503,6.5498,5.6180,6.0543,4.6970,2
2457964.548237,8.3430,-20.9426,6.5498,5.6180,6.0543,4.6970,2
2457964.618717,20.9736,-18.8537,6.5498,5.6180,6.0543,4.6970,2
2457964.635777,13.5373,-13.8298,6.5498,5.6180,6.0543,4.6970,2
2457964.654417,8.0786,-18.9540,6.5498,5.6180,6.0543,4.6970,2
2457964.683597,20.9629,-17.7285,6.5498,5.6180,6.0543,4.6970,2
2457964.702057,21.2802,-18.0454,6.5498,5.6180,6.0543,4.6970,2
2457964.736737,23.5907,-16.1915,6.5498,5.6180,6.0543,4.6970,2
2457966.509417,25.6486,-27.0629,6.5498,5.6180,6.0543,4.6970,2
2457966.530857,19.6916,-18.5872,6.5498,5.6180,6.0543,4.6970,2
2457966.551417,19.5307,-29.5535,6.5498,5.6180,6.0543,4.6970,2
2457966.582507,20.3618,-23.3583,6.5498,5.6180,6.0543,4.6970,2
2457966.603137,15.2132,-23.9780,6.5498,5.6180,6.0543,4.6970,2
2457966.623957,21.1961,-21.1478,6.5498,5.6180,6.0543,4.6970,2
2457966.643727,17.3991,-28.5300,6.5498,5.6180,6.0543,4.6970,2
2457966.698047,10.0747,-17.1580,6.5498,5.6180,6.0543,4.6970,2
2457966.719957,10.7858,-19.0948,6.5498,5.6180,6.0543,4.6970,2
2457967.613287,21.3208,-29.0887,6.5498,5.6180,6.0543,4.6970,2
2457967.653657,14.8215,-31.0895,6.5498,5.6180,6.0543,4.6970,2
2457968.594047,18.3011,-17.8975,6.5498,5.6180,6.0543,4.6970,2
2457969.579057,5.3856,-21.6332,6.5498,5.6180,6.0543,4.6970,2
2457971.617587,21.5437,-12.5195,6.5498,5.6180,6.0543,4.6970,2
2457971.635547,16.9104,-29.9815,6.5498,5.6180,6.0543,4.6970,2
2457971.664677,27.4238,-22.3909,6.5498,5.6180,6.0543,4.6970,2
2457971.682717,13.8856,-24.2874,6.5498,5.6180,6.0543,4.6970,2
2457981.494417,11.4717,-30.1475,6.5498,5.6180,6.0543,4.6970,2
2457981.514577,17.7971,-21.3672,6.5498,5.6180,6.0543,4.6970,2
2457981.547207,17.3754,-24.8156,6.5498,5.6180,6.0543,4.6970,2
2457981.590977,4.7014,-28.7482,6.5498,5.6180,6.0543,4.6970,2
2457981.617457,16.8048,-20.3898,6.5498,5.6180,6.0543,4.6970,2
2457981.637977,16.2251,-14.9117,6.5498,5.6180,6.0543,4.6970,2
2457981.658867,23.3296,-25.0748,6.5498,5.6180,6.0543,4.6970,2
2457981.692667,24.1540,-17.2742,6.5498,5.6180,6.0543,4.6970,2
2457982.475617,24.6525,-21.6015,6.5498,5.6180,6.0543,4.6970,2
2457982.495067,21.8279,-28.6484,6.5498,5.6180,6.0543,4.6970,2
2457982.551167,7.5524,-24.7521,6.5498,5.6180,6.0543,4.6970,2
2457982.569927,16.8536,-32.2149,6.5498,5.6180,6.0543,4.6970,2
2457982.591847,17.0926,-21.9611,6.5498,5.6180,6.0543,4.6970,2
2457983.480697,13.6857,-17.6078,6.5498,5.6180,6.0543,4.6970,2
2457983.497837,7.2739,-24.2849,6.5498,5.6180,6.0543,4.6970,2
2457983.580717,12.7537,-21.0414,6.5498,5.6180,6.0543,4.6970,2
2457983.599587,6.2423,-19.7775,6.5498,5.6180,6.0543,4.6970,2
2457983.617797,14.2781,-23.5353,6.5498,5.6180,6.0543,4.6970,2
2457983.637237,27.8836,-21.6793,6.5498,5.6180,6.0543,4.6970,2
2457983.655347,27.4163,-20.6837,6.5498,5.6180,6.0543,4.6970,2
2457983.685397,21.1710,-19.3619,6.5498,5.6180,6.0543,4.6970,2
2457984.499447,21.8174,-19.7050,6.5498,5.6180,6.0543,4.6970,2
2457984.517217,20.8909,-25.3308,6.5498,5.6180,6.0543,4.6970,2
2457984.541657,5.2775,-21.0278,6.5498,5.6180,6.0543,4.6970,2
2457984.559167,9.7834,-22.9684,6.5498,5.6180,6.0543,4.6970,2
2457984.652487,15.4249,-15.5219,6.5498,5.6180,6.0543,4.6970,2
2457985.508577,14.3135,-13.9999,6.5498,5.6180,6.0543,4.6970,2
2457985.528727,12.6235,-27.6593,6.5498,5.6180,6.0543,4.6970,2
2457985.647007,19.5327,-27.0687,6.5498,5.6180,6.0543,4.6970,2
2457985.664927,14.7074,-19.8268,6.5498,5.6180,6.0543,4.6970,2
2457985.696667,12.0298,-19.1123,6.5498,5.6180,6.0543,4.6970,2
2457986.506627,24.3246,-20.9086,6.5498,5.6180,6.0543,4.6970,2
2457986.537367,23.9954,-13.7581,6.5498,5.6180,6.0543,4.6970,2
2457986.573087,19.4055,-20.2017,6.5498,5.6180,6.0543,4.6970,2
2457986.615947,9.3166,-21.7555,6.5498,5.6180,6.0543,4.6970,2
2457987.502107,13.7581,-25.1673,6.5498,5.6180,6.0543,4.6970,2
2457987.522057,12.2665,-24.1576,6.5498,5.6180,6.0543,4.6970,2
2457987.554417,20.5363,-24.1032,6.5498,5.6180,6.0543,4.6970,2
2457987.572157,16.0343,-20.3152,6.5498,5.6180,6.0543,4.6970,2
2457987.614397,18.9556,-15.9707,6.5498,5.6180,6.0543,4.6970,2
2457987.631757,29.0433,-31.1768,6.5498,5.6180,6.0543,4.6970,2
2457987.677967,20.3804,-16.2101,6.5498,5.6180,6.0543,4.6970,2
2457987.689447,24.1784,-27.7497,6.5498,5.6180,6.0543,4.6970,2
2457988.530207,12.6016,-25.3544,6.5498,5.6180,6.0543,4.6970,2
2457988.566687,6.1145,-20.1461,6.5498,5.6180,6.0543,4.6970,2
2457989.664167,24.1495,-15.6739,6.5498,5.6180,6.0543,4.6970,2
2457990.500467,14.6189,-22.0648,6.5498,5.6180,6.0543,4.6970,2
2457990.530127,14.9355,-18.8307,6.5498,5.6180,6.0543,4.6970,2
2457990.547297,17.5002,-20.9193,6.5498,5.6180,6.0543,4.6970,2
2457990.564897,20.8812,-20.2535,6.5498,5.6180,6.0543,4.6970,2
2457990.584227,18.7720,-25.8044,6.5498,5.6180,6.0543,4.6970,2
2457990.601837,16.3431,-19.9700,6.5498,5.6180,6.0543,4.6970,2
2457990.639277,20.3899,-16.1089,6.5498,5.6180,6.0543,4.6970,2
2457990.657247,22.0293,-18.7961,6.5498,5.6180,6.0543,4.6970,2
2457990.674737,19.0715,-22.0495,6.5498,5.6180,6.0543,4.6970,2
2457991.493477,9.9799,-28.6022,6.5498,5.6180,6.0543,4.6970,2
2457991.533437,21.2117,-15.4237,6.5498,5.6180,6.0543,4.6970,2
2457991.567547,20.6899,-23.1963,6.5498,5.6180,6.0543,4.6970,2
2457991.588287,21.9968,-27.3368,6.5498,5.6180,6.0543,4.6970,2
2457991.605577,21.1224,-20.1159,6.5498,5.6180,6.0543,4.6970,2
2457991.623547,19.1756,-18.4805,6.5498,5.6180,6.0543,4.6970,2
2457991.639497,27.9689,-24.7385,6.5498,5.6180,6.0543,4.6970,2
2457992.491037,16.1953,-18.8318,6.5498,5.6180,6.0543,4.6970,2
2457992.574067,16.2912,-19.5223,6.5498,5.6180,6.0543,4.6970,2
2457992.592047,24.5496,-18.5822,6.5498,5.6180,6.0543,4.6970,2
2457992.617507,16.7206,-24.0890,6.5498,5.6180,6.0543,4.6970,2
2457993.482657,12.0926,-19.6735,6.5498,5.6180,6.0543,4.6970,2
2457993.508447,6.3140,-19.4756,6.5498,5.6180,6.0543,4.6970,2
2457993.549247,22.8779,-22.6534,6.5498,5.6180,6.0543,4.6970,2
2457993.566677,17.5844,-22.9219,6.5498,5.6180,6.0543,4.6970,2
2457993.594697,8.7072,-27.4060,6.5498,5.6180,6.0543,4.6970,2
2457993.624527,19.7874,-29.8936,6.5498,5.6180,6.0543,4.6970,2
2457993.652117,25.5159,-19.9891,6.5498,5.6180,6.0543,4.6970,2
2457993.668317,23.2922,-18.6982,6.5498,5.6180,6.0543,4.6970,2
2457994.492567,29.5081,-15.0149,6.5498,5.6180,6.0543,4.6970,2
2457994.512097,18.8981,-22.3049,6.5498,5.6180,6.0543,4.6970,2
2457994.584987,21.5905,-14.4524,6.5498,5.6180,6.0543,4.6970,2
2457995.487617,7.6504,-23.6893,6.5498,5.6180,6.0543,4.6970,2
2457995.507367,18.0208,-19.9104,6.5498,5.6180,6.0543,4.6970,2
2457995.541597,10.2698,-22.2059,6.5498,5.6180,6.0543,4.6970,2
2457995.560657,14.7583,-28.6517,6.5498,5.6180,6.0543,4.6970,2
2457996.498667,16.7421,-25.0141,6.5498,5.6180,6.0543,4.6970,2
2457996.523927,21.6684,-19.1597,6.5498,5.6180,6.0543,4.6970,2
2457996.541337,30.4927,-21.8842,6.5498,5.6180,6.0543,4.6970,2
2457996.558287,25.8348,-21.0335,6.5498,5.6180,6.0543,4.6970,2
2457996.575447,18.7375,-18.9368,6.5498,5.6180,6.0543,4.6970,2
2457996.606857,25.6789,-22.6606,6.5498,5.6180,6.0543,4.6970,2
2457996.623777,17.9801,-20.2947,6.5498,5.6180,6.0543,4.6970,2
2457997.572547,17.8183,-14.6155,6.5498,5.6180,6.0543,4.6970,2
2457997.591167,14.3101,-22.4248,6.5498,5.6180,6.0543,4.6970,2
2457998.495047,16.6298,-29.2673,6.5498,5.6180,6.0543,4.6970,2
2457998.514787,17.2007,-32.7692,6.5498,5.6180,6.0543,4.6970,2
2457998.536827,23.0900,-27.3304,6.5498,5.6180,6.0543,4.6970,2
2457998.556307,14.3660,-18.3013,6.5498,5.6180,6.0543,4.6970,2
2457998.605217,15.2178,-25.3187,6.5498,5.6180,6.0543,4.6970,2
2457998.625517,25.3466,-18.5822,6.5498,5.6180,6.0543,4.6970,2
2457999.607097,11.0484,-18.8470,6.5498,5.6180,6.0543,4.6970,2
2457999.645917,5.9003,-25.9497,6.5498,5.6180,6.0543,4.6970,2
2458001.487357,5.0175,-26.5059,6.5498,5.6180,6.0543,4.6970,2
2458001.515587,6.9764,-21.2271,6.5498,5.6180,6.0543,4.6970,2
2458001.539257,6.8034,-12.7259,6.5498,5.6180,6.0543,4.6970,2
2458001.578967,10.1991,-18.5796,6.5498,5.6180,6.0543,4.6970,2
2458001.609837,14.8404,-24.2470,6.5498,5.6180,6.0543,4.6970,2
2458001.625347,17.2288,-13.5147,6.5498,5.6180,6.0543,4.6970,2
2458001.644667,19.7522,-23.8864,6.5498,5.6180,6.0543,4.6970,2
2458002.518737,1.4979,-29.4469,6.5498,5.6180,6.0543,4.6970,2
2458002.594027,4.1531,-24.7288,6.5498,5.6180,6.0543,4.6970,2
2458003.489807,22.8325,-25.0222,6.5498,5.6180,6.0543,4.6970,2
2458003.514647,12.9750,-21.4769,6.5498,5.6180,6.0543,4.6970,2
2458003.569827,7.7125,-21.6585,6.5498,5.6180,6.0543,4.6970,2
2458003.588837,25.7102,-29.6414,6.5498,5.6180,6.0543,4.6970,2
2458003.609577,24.7523,-24.1002,6.5498,5.6180,6.0543,4.6970,2
2458003.630017,9.0012,-15.3908,6.5498,5.6180,6.0543,4.6970,2
2458003.636687,31.4607,-19.2299,6.5498,5.6180,6.0543,4.6970,2
2458004.477577,14.4722,-23.9850,6.5498,5.6180,6.0543,4.6970,2
2458004.500437,20.6281,-22.6434,6.5498,5.6180,6.0543,4.6970,2
2458004.536217,6.4636,-23.6120,6.5498,5.6180,6.0543,4.6970,2
2458004.619957,25.5002,-17.4081,6.5498,5.6180,6.0543,4.6970,2
2458007.616067,12.6864,-17.7570,6.5498,5.6180,6.0543,4.6970,2
2458008.603657,8.7838,-18.1232,6.5498,5.6180,6.0543,4.6970,2
2458010.533217,13.5299,-22.0355,6.5498,5.6180,6.0543,4.6970,2
2458010.554057,14.2118,-19.3848,6.5498,5.6180,6.0543,4.6970,2
2458010.584827,27.6677,-14.2351,6.5498,5.6180,6.0543,4.6970,2
2458010.625297,30.9197,-14.4136,6.5498,5.6180,6.0543,4.6970,2
2458012.483257,27.9403,-14.1089,6.5498,5.6180,6.0543,4.6970,2
2458012.503207,20.5133,-30.9076,6.5498,5.6180,6.0543,4.6970,2
2458012.522537,5.3937,-28.2829,6.5498,5.6180,6.0543,4.6970,2
2458012.578497,3.5128,-14.4727,6.5498,5.6180,6.0543,4.6970,2
2458013.489347,14.9827,-24.4396,6.5498,5.6180,6.0543,4.6970,2
2458013.506837,19.2905,-26.4046,6.5498,5.6180,6.0543,4.6970,2
2458013.540017,15.4343,-20.3086,6.5498,5.6180,6.0543,4.6970,2
2458013.562367,20.7419,-18.4497,6.5498,5.6180,6.0543,4.6970,2
2458013.580067,25.2495,-21.9624,6.5498,5.6180,6.0543,4.6970,2
2458014.487717,18.2880,-22.0100,6.5498,5.6180,6.0543,4.6970,2
2458014.516387,20.8689,-26.1609,6.5498,5.6180,6.0543,4.6970,2
2458014.547597,14.7371,-16.1389,6.5498,5.6180,6.0543,4.6970,2
2458014.566067,22.4669,-24.5666,6.5498,5.6180,6.0543,4.6970,2
2458014.584097,25.4344,-20.7950,6.5498,5.6180,6.0543,4.6970,2
2458015.561727,2.7726,-36.6155,6.5498,5.6180,6.0543,4.6970,2
2458017.505997,25.0058,-24.4145,6.5498,5.6180,6.0543,4.6970,2
2458017.523487,13.7492,-18.3648,6.5498,5.6180,6.0543,4.6970,2
2458017.543677,17.6350,-21.2198,6.5498,5.6180,6.0543,4.6970,2
2458017.584597,-5.2287,-24.2372,6.5498,5.6180,6.0543,4.6970,2
2458018.508337,14.7587,-25.7641,6.5498,5.6180,6.0543,4.6970,2
2458018.527227,16.5156,-18.7877,6.5498,5.6180,6.0543,4.6970,2
2458018.547057,13.4445,-23.6281,6.5498,5.6180,6.0543,4.6970,2
2458018.565597,19.0362,-20.1310,6.5498,5.6180,6.0543,4.6970,2
2458018.584597,28.6596,-28.3547,6.5498,5.6180,6.0543,4.6970,2
2458018.598517,14.4790,-24.8213,6.5498,5.6180,6.0543,4.6970,2
2458019.498837,13.7541,-20.3121,6.5498,5.6180,6.0543,4.6970,2
2458019.528737,22.7903,-16.1007,6.5498,5.6180,6.0543,4.6970,2
2458019.547897,20.6735,-23.9496,6.5498,5.6180,6.0543,4.6970,2
2458019.566837,21.0969,-32.7183,6.5498,5.6180,6.0543,4.6970,2
2458019.586397,19.4882,-24.0996,6.5498,5.6180,6.0543,4.6970,2
2458019.597077,26.3187,-22.7681,6.5498,5.6180,6.0543,4.6970,2
2458020.502137,20.6406,-22.9653,6.5498,5.6180,6.0543,4.6970,2
2458020.531647,21.1461,-21.3901,6.5498,5.6180,6.0543,4.6970,2
2458020.549977,18.6547,-18.6415,6.5498,5.6180,6.0543,4.6970,2
2458020.589667,20.6398,-23.0577,6.5498,5.6180,6.0543,4.6970,2
2458020.597127,28.3243,-22.5061,6.5498,5.6180,6.0543,4.6970,2
2458021.492277,7.0791,-29.0129,6.5498,5.6180,6.0543,4.6970,2
2458021.554217,-7.5231,-29.1640,6.5498,5.6180,6.0543,4.6970,2
2458022.517667,23.3070,-30.0175,6.5498,5.6180,6.0543,4.6970,2
2458022.538167,17.3333,-22.4216,6.5498,5.6180,6.0543,4.6970,2
2458022.568287,22.1927,-29.1046,6.5498,5.6180,6.0543,4.6970,2
2458023.491097,5.8045,-18.6157,6.5498,5.6180,6.0543,4.6970,2
2458023.512417,13.5911,-30.5507,6.5498,5.6180,6.0543,4.6970,2
2458023.531817,13.6269,-20.9051,6.5498,5.6180,6.0543,4.6970,2
2458023.582367,25.1702,-10.4342,6.5498,5.6180,6.0543,4.6970,2
2458024.513797,14.8874,-20.1433,6.5498,5.6180,6.0543,4.6970,2
2458025.521297,20.4130,-25.5633,6.5498,5.6180,6.0543,4.6970,2
2458025.546037,20.3689,-34.1020,6.5498,5.6180,6.0543,4.6970,2
2458028.553277,10.2043,-12.4593,6.5498,5.6180,6.0543,4.6970,2
2458029.494247,28.3609,-17.5527,6.5498,5.6180,6.0543,4.6970,2
2458029.513137,11.2067,-26.2915,6.5498,5.6180,6.0543,4.6970,2
2458029.548567,12.9574,-25.6196,6.5498,5.6180,6.0543,4.6970,2
2458032.497087,15.0423,-34.8251,6.5498,5.6180,6.0543,4.6970,2
2458032.503157,13.0819,-26.7827,6.5498,5.6180,6.0543,4.6970,2
2458032.521207,26.1385,-18.8826,6.5498,5.6180,6.0543,4.6970,2
2458033.502867,20.7420,-24.0688,6.5498,5.6180,6.0543,4.6970,2
2458034.525527,24.1283,-21.8644,6.5498,5.6180,6.0543,4.6970,2
2458034.557217,4.0004,-23.5119,6.5498,5.6180,6.0543,4.6970,2
2458035.554647,33.8537,-22.5378,6.5498,5.6180,6.0543,4.6970,2
2458036.499007,11.9703,-31.8929,6.5498,5.6180,6.0543,4.6970,2
2458036.540477,25.1247,-13.0763,6.5498,5.6180,6.0543,4.6970,2
2458036.556257,31.2627,-9.3426,6.5498,5.6180,6.0543,4.6970,2
2458037.526297,7.3686,-12.4858,6.5498,5.6180,6.0543,4.6970,2
2458037.548907,28.7860,-29.3234,6.5498,5.6180,6.0543,4.6970,2
2458039.505157,16.3677,-24.7766,6.5498,5.6180,6.0543,4.6970,2
2458040.496447,17.8368,-13.9097,6.5498,5.6180,6.0543,4.6970,2
2458040.514817,19.8458,-19.1241,6.5498,5.6180,6.0543,4.6970,2
2458040.532987,8.4058,-10.7247,6.5498,5.6180,6.0543,4.6970,2
2458041.494677,21.1267,-14.5267,6.5498,5.6180,6.0543,4.6970,2
2458042.513907,24.7924,-33.5797,6.5498,5.6180,6.0543,4.6970,2
2458043.504237,22.2988,-29.6912,6.5498,5.6180,6.0543,4.6970,2
2458043.522057,26.0156,-19.1580,6.5498,5.6180,6.0543,4.6970,2
2458168.894197,10.6546,-12.3677,6.5498,5.6180,5.6802,5.0161,3
2458171.856527,19.9395,-25.4278,6.5498,5.6180,5.6802,5.0161,3
2458171.858067,9.2050,-29.1940,6.5498,5.6180,5.6802,5.0161,3
2458172.868637,5.9950,-15.6293,6.5498,5.6180,5.6802,5.0161,3
2458172.885927,4.6181,-19.8110,6.5498,5.6180,5.6802,5.0161,3
2458172.903037,10.9565,-16.0461,6.5498,5.6180,5.6802,5.0161,3
2458174.848097,15.3322,-27.9886,6.5498,5.6180,5.6802,5.0161,3
2458174.881967,10.7747,-30.2254,6.5498,5.6180,5.6802,5.0161,3
2458174.901387,11.0884,-21.2836,6.5498,5.6180,5.6802,5.0161,3
2458175.860457,24.2819,-18.9639,6.5498,5.6180,5.6802,5.0161,3
2458175.881247,11.0068,-15.3170,6.5498,5.6180,5.6802,5.0161,3
2458175.901067,7.4862,-22.5930,6.5498,5.6180,5.6802,5.0161,3
2458176.856437,13.1614,-14.8675,6.5498,5.6180,5.6802,5.0161,3
2458176.873247,19.5563,-19.3085,6.5498,5.6180,5.6802,5.0161,3
2458176.904097,9.4744,-24.9063,6.5498,5.6180,5.6802,5.0161,3
2458177.883967,17.9646,-13.9182,6.5498,5.6180,5.6802,5.0161,3
2458178.892697,1.7740,-29.5577,6.5498,5.6180,5.6802,5.0161,3
2458179.855857,14.2046,-23.9070,6.5498,5.6180,5.6802,5.0161,3
2458179.893977,6.5380,-23.8831,6.5498,5.6180,5.6802,5.0161,3
2458180.852157,6.3445,-22.1299,6.5498,5.6180,5.6802,5.0161,3
2458180.869207,7.8422,-30.4091,6.5498,5.6180,5.6802,5.0161,3
2458180.905077,16.8570,-28.4268,6.5498,5.6180,5.6802,5.0161,3
2458181.846677,3.7616,-18.8555,6.5498,5.6180,5.6802,5.0161,3
2458181.863667,7.1523,-16.0569,6.5498,5.6180,5.6802,5.0161,3
2458181.865307,9.6805,-15.9506,6.5498,5.6180,5.6802,5.0161,3
2458181.882097,5.6577,-24.9023,6.5498,5.6180,5.6802,5.0161,3
2458181.900827,2.9654,-18.3486,6.5498,5.6180,5.6802,5.0161,3
2458182.863737,7.9085,-17.5692,6.5498,5.6180,5.6802,5.0161,3
2458182.886877,13.3879,-12.8501,6.5498,5.6180,5.6802,5.0161,3
2458182.905257,2.4419,-24.3999,6.5498,5.6180,5.6802,5.0161,3
2458183.840877,15.4557,-20.6842,6.5498,5.6180,5.6802,5.0161,3
2458183.877277,17.3117,-17.4104,6.5498,5.6180,5.6802,5.0161,3
2458184.860357,12.7288,-24.9236,6.5498,5.6180,5.6802,5.0161,3
2458184.879927,11.2997,-21.7047,6.5498,5.6180,5.6802,5.0161,3
2458184.898257,15.1588,-23.1555,6.5498,5.6180,5.6802,5.0161,3
2458185.824067,17.6943,-22.5633,6.5498,5.6180,5.6802,5.0161,3
2458185.903947,11.8522,-20.7796,6.5498,5.6180,5.6802,5.0161,3
2458187.830587,8.4232,-17.6854,6.5498,5.6180,5.6802,5.0161,3
2458187.881677,8.0073,-25.1632,6.5498,5.6180,5.6802,5.0161,3
2458187.899347,14.9229,-27.1561,6.5498,5.6180,5.6802,5.0161,3
2458188.860507,22.7827,-22.0346,6.5498,5.6180,5.6802,5.0161,3
2458188.880217,24.2386,-21.3003,6.5498,5.6180,5.6802,5.0161,3
2458188.897897,13.9884,-22.0437,6.5498,5.6180,5.6802,5.0161,3
2458189.836497,11.8425,-26.2544,6.5498,5.6180,5.6802,5.0161,3
2458189.870037,17.0440,-26.8349,6.5498,5.6180,5.6802,5.0161,3
2458189.887647,16.9664,-19.1065,6.5498,5.6180,5.6802,5.0161,3
2458189.904577,21.0630,-21.1433,6.5498,5.6180,5.6802,5.0161,3
2458190.809397,11.9356,-31.3789,6.5498,5.6180,5.6802,5.0161,3
2458190.826507,23.2790,-27.8766,6.5498,5.6180,5.6802,5.0161,3
2458190.860957,19.8506,-20.2699,6.5498,5.6180,5.6802,5.0161,3
2458190.877837,10.6236,-15.4893,6.5498,5.6180,5.6802,5.0161,3
2458190.906587,15.5468,-19.0742,6.5498,5.6180,5.6802,5.0161,3
2458191.889237,12.2073,-19.7704,6.5498,5.6180,5.6802,5.0161,3
2458191.908397,17.8312,-18.1412,6.5498,5.6180,5.6802,5.0161,3
2458192.819637,6.4478,-24.4264,6.5498,5.6180,5.6802,5.0161,3
2458192.847607,11.5655,-22.7538,6.5498,5.6180,5.6802,5.0161,3
2458192.879327,22.1947,-18.3494,6.5498,5.6180,5.6802,5.0161,3
2458192.896597,18.1223,-17.7275,6.5498,5.6180,5.6802,5.0161,3
2458192.913597,16.5231,-16.0829,6.5498,5.6180,5.6802,5.0161,3
2458193.793627,7.0217,-28.4417,6.5498,5.6180,5.6802,5.0161,3
2458193.811267,7.8597,-20.1646,6.5498,5.6180,5.6802,5.0161,3
2458193.861887,21.6766,-22.8947,6.5498,5.6180,5.6802,5.0161,3
2458193.879177,13.0501,-19.0120,6.5498,5.6180,5.6802,5.0161,3
2458193.896507,13.2797,-21.3890,6.5498,5.6180,5.6802,5.0161,3
2458194.834827,15.5622,-28.2818,6.5498,5.6180,5.6802,5.0161,3
2458194.868877,12.6580,-27.4124,6.5498,5.6180,5.6802,5.0161,3
2458194.903977,9.5892,-19.2256,6.5498,5.6180,5.6802,5.0161,3
2458195.816657,3.6476,-27.1996,6.5498,5.6180,5.6802,5.0161,3
2458195.852427,9.1686,-19.5667,6.5498,5.6180,5.6802,5.0161,3
2458195.881247,17.3748,-24.6704,6.5498,5.6180,5.6802,5.0161,3
2458195.898317,17.2033,-17.0145,6.5498,5.6180,5.6802,5.0161,3
2458195.915437,6.8662,-19.0935,6.5498,5.6180,5.6802,5.0161,3
2458196.837447,12.6674,-24.5462,6.5498,5.6180,5.6802,5.0161,3
2458196.854707,21.8778,-27.3514,6.5498,5.6180,5.6802,5.0161,3
2458196.888967,12.8856,-17.2820,6.5498,5.6180,5.6802,5.0161,3
2458197.882807,17.4052,-16.5933,6.5498,5.6180,5.6802,5.0161,3
2458197.905227,19.3195,-20.7176,6.5498,5.6180,5.6802,5.0161,3
2458198.811747,0.4160,-16.1703,6.5498,5.6180,5.6802,5.0161,3
2458198.828387,6.1211,-21.0092,6.5498,5.6180,5.6802,5.0161,3
2458198.893097,11.0962,-24.1997,6.5498,5.6180,5.6802,5.0161,3
2458198.912247,22.6871,-26.3993,6.5498,5.6180,5.6802,5.0161,3
2458199.834257,21.4771,-25.3610,6.5498,5.6180,5.6802,5.0161,3
2458199.854007,22.1975,-26.1476,6.5498,5.6180,5.6802,5.0161,3
2458199.870927,14.8269,-16.1859,6.5498,5.6180,5.6802,5.0161,3
2458199.916827,8.8440,-26.5984,6.5498,5.6180,5.6802,5.0161,3
2458200.805217,5.8369,-20.0625,6.5498,5.6180,5.6802,5.0161,3
2458200.866947,18.5342,-22.7628,6.5498,5.6180,5.6802,5.0161,3
2458200.904687,12.9341,-17.4906,6.5498,5.6180,5.6802,5.0161,3
2458201.810357,13.9371,-14.9140,6.5498,5.6180,5.6802,5.0161,3
2458201.906747,15.4661,-19.2937,6.5498,5.6180,5.6802,5.0161,3
2458202.853177,20.3736,-15.5990,6.5498,5.6180,5.6802,5.0161,3
2458202.885157,9.1330,-14.5281,6.5498,5.6180,5.6802,5.0161,3
2458203.776477,13.2554,-19.8864,6.5498,5.6180,5.6802,5.0161,3
2458203.827187,12.9354,-23.8920,6.5498,5.6180,5.6802,5.0161,3
2458203.844387,4.8301,-28.0698,6.5498,5.6180,5.6802,5.0161,3
2458203.861307,9.4201,-28.8150,6.5498,5.6180,5.6802,5.0161,3
2458203.878327,7.8937,-30.2872,6.5498,5.6180,5.6802,5.0161,3
2458203.895517,12.6607,-26.8884,6.5498,5.6180,5.6802,5.0161,3
2458203.913147,4.9796,-21.9909,6.5498,5.6180,5.6802,5.0161,3
2458204.829487,15.7613,-24.0436,6.5498,5.6180,5.6802,5.0161,3
2458204.890967,17.3601,-13.2949,6.5498,5.6180,5.6802,5.0161,3
2458204.909867,6.4985,-24.5586,6.5498,5.6180,5.6802,5.0161,3
2458205.768107,1.0307,-22.0977,6.5498,5.6180,5.6802,5.0161,3
2458205.815507,14.7081,-23.1838,6.5498,5.6180,5.6802,5.0161,3
2458205.849537,18.1384,-25.1951,6.5498,5.6180,5.6802,5.0161,3
2458205.866847,12.6278,-18.3616,6.5498,5.6180,5.6802,5.0161,3
2458205.898997,13.4794,-20.8802,6.5498,5.6180,5.6802,5.0161,3
2458206.767137,7.5031,-24.3280,6.5498,5.6180,5.6802,5.0161,3
2458206.784187,15.7767,-28.9675,6.5498,5.6180,5.6802,5.0161,3
2458206.818057,3.9061,-26.3384,6.5498,5.6180,5.6802,5.0161,3
2458206.862877,3.7437,-23.6475,6.5498,5.6180,5.6802,5.0161,3
2458206.880147,14.2861,-23.8221,6.5498,5.6180,5.6802,5.0161,3
2458206.897077,9.7811,-17.3429,6.5498,5.6180,5.6802,5.0161,3
2458206.916237,12.1580,-18.0857,6.5498,5.6180,5.6802,5.0161,3
2458207.767917,11.3749,-27.1217,6.5498,5.6180,5.6802,5.0161,3
2458207.784927,12.2684,-26.8955,6.5498,5.6180,5.6802,5.0161,3
2458207.837827,9.9069,-20.7901,6.5498,5.6180,5.6802,5.0161,3
2458207.865917,1.4469,-18.3125,6.5498,5.6180,5.6802,5.0161,3
2458207.882627,5.4124,-23.5747,6.5498,5.6180,5.6802,5.0161,3
2458207.901427,3.8116,-27.4020,6.5498,5.6180,5.6802,5.0161,3
2458207.918767,14.7285,-21.7747,6.5498,5.6180,5.6802,5.0161,3
2458208.768327,11.1118,-21.8869,6.5498,5.6180,5.6802,5.0161,3
2458208.797007,12.9541,-17.2881,6.5498,5.6180,5.6802,5.0161,3
2458208.813727,5.7658,-18.2510,6.5498,5.6180,5.6802,5.0161,3
2458208.830817,7.0625,-25.5517,6.5498,5.6180,5.6802,5.0161,3
2458208.852217,3.5141,-24.8220,6.5498,5.6180,5.6802,5.0161,3
2458208.869287,11.3623,-28.2788,6.5498,5.6180,5.6802,5.0161,3
2458208.897777,1.0974,-21.8347,6.5498,5.6180,5.6802,5.0161,3
2458208.914967,13.7054,-15.4358,6.5498,5.6180,5.6802,5.0161,3
2458209.756187,15.7819,-30.2954,6.5498,5.6180,5.6802,5.0161,3
2458209.773047,10.8415,-23.9591,6.5498,5.6180,5.6802,5.0161,3
2458209.803117,12.6231,-20.5906,6.5498,5.6180,5.6802,5.0161,3
2458209.823737,7.5813,-18.2725,6.5498,5.6180,5.6802,5.0161,3
2458209.840637,16.8664,-19.8798,6.5498,5.6180,5.6802,5.0161,3
2458209.857977,10.5669,-21.6259,6.5498,5.6180,5.6802,5.0161,3
2458209.883877,13.8327,-23.5680,6.5498,5.6180,5.6802,5.0161,3
2458209.911887,6.7459,-22.1938,6.5498,5.6180,5.6802,5.0161,3
2458210.786117,21.7411,-17.9189,6.5498,5.6180,5.6802,5.0161,3
2458210.802707,18.5329,-18.8013,6.5498,5.6180,5.6802,5.0161,3
2458210.848077,6.8342,-24.6893,6.5498,5.6180,5.6802,5.0161,3
2458210.865377,13.9670,-28.0067,6.5498,5.6180,5.6802,5.0161,3
2458210.882637,21.3053,-23.4488,6.5498,5.6180,5.6802,5.0161,3
2458210.900267,1.6622,-16.6390,6.5498,5.6180,5.6802,5.0161,3
2458211.769027,9.3848,-19.3175,6.5498,5.6180,5.6802,5.0161,3
2458211.803177,11.5480,-19.7600,6.5498,5.6180,5.6802,5.0161,3
2458211.819907,14.8820,-23.3023,6.5498,5.6180,5.6802,5.0161,3
2458211.848987,10.4402,-20.2088,6.5498,5.6180,5.6802,5.0161,3
2458211.865527,12.0346,-30.1315,6.5498,5.6180,5.6802,5.0161,3
2458211.888427,3.6906,-30.1939,6.5498,5.6180,5.6802,5.0161,3
2458211.905477,22.1379,-15.1462,6.5498,5.6180,5.6802,5.0161,3
2458212.767097,9.6562,-19.5011,6.5498,5.6180,5.6802,5.0161,3
2458212.783707,18.9823,-17.0243,6.5498,5.6180,5.6802,5.0161,3
2458212.800857,8.5594,-22.3270,6.5498,5.6180,5.6802,5.0161,3
2458212.835017,17.6840,-20.1739,6.5498,5.6180,5.6802,5.0161,3
2458212.862717,5.7745,-20.1169,6.5498,5.6180,5.6802,5.0161,3
2458212.901197,13.1260,-17.9748,6.5498,5.6180,5.6802,5.0161,3
2458213.766387,8.8518,-23.3842,6.5498,5.6180,5.6802,5.0161,3
2458213.783667,7.0230,-19.0179,6.5498,5.6180,5.6802,5.0161,3
2458213.803587,17.8997,-26.2911,6.5498,5.6180,5.6802,5.0161,3
2458213.829197,9.3789,-18.5307,6.5498,5.6180,5.6802,5.0161,3
2458213.846527,9.4089,-26.9028,6.5498,5.6180,5.6802,5.0161,3
2458213.878257,15.6405,-23.3391,6.5498,5.6180,5.6802,5.0161,3
2458213.896957,9.8403,-22.9995,6.5498,5.6180,5.6802,5.0161,3
2458214.804267,10.1133,-26.0612,6.5498,5.6180,5.6802,5.0161,3
2458214.839057,7.9048,-18.1464,6.5498,5.6180,5.6802,5.0161,3
2458214.885537,6.6991,-26.2994,6.5498,5.6180,5.6802,5.0161,3
2458214.902827,8.4134,-29.9108,6.5498,5.6180,5.6802,5.0161,3
2458215.920667,9.8974,-19.5699,6.5498,5.6180,5.6802,5.0161,3
2458216.760587,9.7358,-25.0726,6.5498,5.6180,5.6802,5.0161,3
2458216.790087,8.5316,-21.1583,6.5498,5.6180,5.6802,5.0161,3
2458216.818017,21.5034,-19.8085,6.5498,5.6180,5.6802,5.0161,3
2458216.835157,15.3322,-23.9044,6.5498,5.6180,5.6802,5.0161,3
2458216.853197,13.3827,-23.7234,6.5498,5.6180,5.6802,5.0161,3
2458216.869917,13.5061,-18.1899,6.5498,5.6180,5.6802,5.0161,3
2458216.886837,12.0376,-15.1882,6.5498,5.6180,5.6802,5.0161,3
2458216.914107,11.0146,-14.7150,6.5498,5.6180,5.6802,5.0161,3
2458217.756867,12.5432,-25.6718,6.5498,5.6180,5.6802,5.0161,3
2458217.786527,19.4739,-18.2653,6.5498,5.6180,5.6802,5.0161,3
2458217.803427,17.7267,-23.6383,6.5498,5.6180,5.6802,5.0161,3
2458217.819807,13.0307,-13.1173,6.5498,5.6180,5.6802,5.0161,3
2458217.842467,16.6540,-25.1186,6.5498,5.6180,5.6802,5.0161,3
2458217.889037,19.3163,-27.9546,6.5498,5.6180,5.6802,5.0161,3
2458217.890527,6.2714,-15.3271,6.5498,5.6180,5.6802,5.0161,3
2458217.907547,12.6737,-19.2422,6.5498,5.6180,5.6802,5.0161,3
2458217.924857,9.5122,-14.8310,6.5498,5.6180,5.6802,5.0161,3
2458220.779107,6.0562,-20.3559,6.5498,5.6180,5.6802,5.0161,3
2458220.799057,21.1633,-22.6147,6.5498,5.6180,5.6802,5.0161,3
2458220.846367,9.5451,-13.5524,6.5498,5.6180,5.6802,5.0161,3
2458220.863717,4.0806,-18.0078,6.5498,5.6180,5.6802,5.0161,3
2458220.885887,16.0543,-13.0796,6.5498,5.6180,5.6802,5.0161,3
2458221.850787,14.5426,-21.8657,6.5498,5.6180,5.6802,5.0161,3
2458221.888757,15.7783,-19.6220,6.5498,5.6180,5.6802,5.0161,3
2458222.744837,19.6832,-21.7497,6.5498,5.6180,5.6802,5.0161,3
2458222.761807,16.8735,-14.9033,6.5498,5.6180,5.6802,5.0161,3
2458222.778627,18.8394,-24.4259,6.5498,5.6180,5.6802,5.0161,3
2458222.795347,2.9168,-11.6095,6.5498,5.6180,5.6802,5.0161,3
2458222.857597,18.2735,-17.3583,6.5498,5.6180,5.6802,5.0161,3
2458222.874767,15.6456,-13.9914,6.5498,5.6180,5.6802,5.0161,3
2458222.891757,22.3954,-17.2074,6.5498,5.6180,5.6802,5.0161,3
2458222.919657,15.3546,-13.7634,6.5498,5.6180,5.6802,5.0161,3
2458223.791907,19.1177,-29.3284,6.5498,5.6180,5.6802,5.0161,3
2458223.812547,8.8218,-29.2614,6.5498,5.6180,5.6802,5.0161,3
2458223.846177,9.1047,-15.4347,6.5498,5.6180,5.6802,5.0161,3
2458223.863447,11.8090,-13.7125,6.5498,5.6180,5.6802,5.0161,3
2458223.890977,11.1189,-23.7090,6.5498,5.6180,5.6802,5.0161,3
2458223.925487,15.3900,-19.0916,6.5498,5.6180,5.6802,5.0161,3
2458224.747617,6.3146,-19.5583,6.5498,5.6180,5.6802,5.0161,3
2458224.775547,11.6216,-19.2899,6.5498,5.6180,5.6802,5.0161,3
2458224.792727,10.9096,-19.6805,6.5498,5.6180,5.6802,5.0161,3
2458224.810057,15.2518,-19.3793,6.5498,5.6180,5.6802,5.0161,3
2458224.826827,18.6100,-21.6234,6.5498,5.6180,5.6802,5.0161,3
2458224.871377,11.7536,-27.1121,6.5498,5.6180,5.6802,5.0161,3
2458224.888477,11.0810,-23.0411,6.5498,5.6180,5.6802,5.0161,3
2458224.913687,13.9396,-25.2965,6.5498,5.6180,5.6802,5.0161,3
2458225.767337,15.2911,-16.2067,6.5498,5.6180,5.6802,5.0161,3
2458225.802017,14.8240,-22.4723,6.5498,5.6180,5.6802,5.0161,3
2458225.835687,19.6798,-17.1328,6.5498,5.6180,5.6802,5.0161,3
2458225.863717,16.1692,-22.0286,6.5498,5.6180,5.6802,5.0161,3
2458225.881167,10.5491,-22.0117,6.5498,5.6180,5.6802,5.0161,3
2458225.923137,14.2021,-21.2627,6.5498,5.6180,5.6802,5.0161,3
2458226.772057,4.4651,-20.2546,6.5498,5.6180,5.6802,5.0161,3
2458226.810227,17.2851,-12.6014,6.5498,5.6180,5.6802,5.0161,3
2458226.891537,22.3079,-17.6827,6.5498,5.6180,5.6802,5.0161,3
2458226.908417,19.6259,-21.5998,6.5498,5.6180,5.6802,5.0161,3
2458226.925307,7.7716,-18.3285,6.5498,5.6180,5.6802,5.0161,3
2458227.746457,11.5675,-19.1561,6.5498,5.6180,5.6802,5.0161,3
2458227.780237,16.3348,-18.2503,6.5498,5.6180,5.6802,5.0161,3
2458227.808907,13.9779,-23.1109,6.5498,5.6180,5.6802,5.0161,3
2458227.871027,15.3579,-23.9714,6.5498,5.6180,5.6802,5.0161,3
2458227.906527,9.4659,-23.4450,6.5498,5.6180,5.6802,5.0161,3
2458228.721867,18.4177,-29.4022,6.5498,5.6180,5.6802,5.0161,3
2458228.739077,18.0392,-20.5528,6.5498,5.6180,5.6802,5.0161,3
2458228.756667,15.0075,-23.1556,6.5498,5.6180,5.6802,5.0161,3
2458228.784387,18.1759,-28.6080,6.5498,5.6180,5.6802,5.0161,3
2458228.787267,16.6262,-22.6243,6.5498,5.6180,5.6802,5.0161,3
2458228.810737,15.3951,-19.9493,6.5498,5.6180,5.6802,5.0161,3
2458228.862097,17.9308,-23.0592,6.5498,5.6180,5.6802,5.0161,3
2458228.890357,18.6347,-23.0039,6.5498,5.6180,5.6802,5.0161,3
2458228.907917,13.0223,-14.2954,6.5498,5.6180,5.6802,5.0161,3
2458228.924417,10.3036,-16.2337,6.5498,5.6180,5.6802,5.0161,3
2458229.712737,3.1332,-24.8544,6.5498,5.6180,5.6802,5.0161,3
2458229.729407,16.7430,-21.4932,6.5498,5.6180,5.6802,5.0161,3
2458229.760177,16.7834,-18.6210,6.5498,5.6180,5.6802,5.0161,3
2458229.780397,16.5095,-27.9213,6.5498,5.6180,5.6802,5.0161,3
2458229.797417,17.8862,-18.3038,6.5498,5.6180,5.6802,5.0161,3
2458229.814237,7.6276,-21.0594,6.5498,5.6180,5.6802,5.0161,3
2458229.834167,17.0876,-17.0700,6.5498,5.6180,5.6802,5.0161,3
2458229.864387,5.3953,-15.4078,6.5498,5.6180,5.6802,5.0161,3
2458229.881097,13.6166,-18.8883,6.5498,5.6180,5.6802,5.0161,3
2458229.916167,9.7816,-12.5755,6.5498,5.6180,5.6802,5.0161,3
2458230.732007,1.4373,-29.7543,6.5498,5.6180,5.6802,5.0161,3
2458230.776117,5.7679,-17.6704,6.5498,5.6180,5.6802,5.0161,3
2458230.822777,22.7354,-16.3467,6.5498,5.6180,5.6802,5.0161,3
2458230.857017,19.7111,-26.1440,6.5498,5.6180,5.6802,5.0161,3
2458230.891907,10.5877,-19.5326,6.5498,5.6180,5.6802,5.0161,3
2458230.913237,12.8085,-18.7138,6.5498,5.6180,5.6802,5.0161,3
2458231.736307,10.7268,-11.0753,6.5498,5.6180,5.6802,5.0161,3
2458231.800347,4.9158,-17.2874,6.5498,5.6180,5.6802,5.0161,3
2458231.817617,15.9140,-16.8562,6.5498,5.6180,5.6802,5.0161,3
2458231.867217,11.8371,-15.9994,6.5498,5.6180,5.6802,5.0161,3
2458231.924867,13.5225,-10.5782,6.5498,5.6180,5.6802,5.0161,3
2458231.926837,14.6121,-14.5357,6.5498,5.6180,5.6802,5.0161,3
2458233.764907,17.0513,-12.2706,6.5498,5.6180,5.6802,5.0161,3
2458233.785407,15.1662,-27.4515,6.5498,5.6180,5.6802,5.0161,3
2458233.802567,16.2727,-15.8933,6.5498,5.6180,5.6802,5.0161,3
2458233.820267,14.3669,-15.1705,6.5498,5.6180,5.6802,5.0161,3
2458233.837097,9.6817,-15.1929,6.5498,5.6180,5.6802,5.0161,3
2458233.864777,6.5899,-18.0007,6.5498,5.6180,5.6802,5.0161,3
2458233.901647,12.6488,-18.9370,6.5498,5.6180,5.6802,5.0161,3
2458233.920867,14.7204,-10.1674,6.5498,5.6180,5.6802,5.0161,3
2458235.707727,18.8321,-20.4703,6.5498,5.6180,5.6802,5.0161,3
2458235.808677,11.5758,-19.9149,6.5498,5.6180,5.6802,5.0161,3
2458235.825537,11.4477,-16.8879,6.5498,5.6180,5.6802,5.0161,3
2458235.842497,18.1483,-10.2582,6.5498,5.6180,5.6802,5.0161,3
2458235.878527,5.0465,-11.5612,6.5498,5.6180,5.6802,5.0161,3
2458235.907717,15.3933,-22.9944,6.5498,5.6180,5.6802,5.0161,3
2458236.735137,18.7828,-24.6560,6.5498,5.6180,5.6802,5.0161,3
2458236.752407,13.1740,-17.3823,6.5498,5.6180,5.6802,5.0161,3
2458236.787407,12.1806,-11.2321,6.5498,5.6180,5.6802,5.0161,3
2458236.804257,20.5878,-19.9258,6.5498,5.6180,5.6802,5.0161,3
2458236.821357,10.2428,-20.3372,6.5498,5.6180,5.6802,5.0161,3
2458236.837987,7.7355,-16.2297,6.5498,5.6180,5.6802,5.0161,3
2458236.887967,17.4012,-22.8236,6.5498,5.6180,5.6802,5.0161,3
2458236.904847,4.7569,-15.0657,6.5498,5.6180,5.6802,5.0161,3
2458236.921757,20.9684,-24.8438,6.5498,5.6180,5.6802,5.0161,3
2458237.881267,12.7040,-18.6847,6.5498,5.6180,5.6802,5.0161,3
2458237.898907,7.9921,-22.5983,6.5498,5.6180,5.6802,5.0161,3
2458237.915647,18.7538,-10.4962,6.5498,5.6180,5.6802,5.0161,3
2458238.719807,6.2876,-21.6174,6.5498,5.6180,5.6802,5.0161,3
2458238.736837,18.8236,-25.8210,6.5498,5.6180,5.6802,5.0161,3
2458238.753977,12.8847,-20.4438,6.5498,5.6180,5.6802,5.0161,3
2458238.770757,12.5251,-21.1054,6.5498,5.6180,5.6802,5.0161,3
2458238.788017,10.0948,-18.4704,6.5498,5.6180,5.6802,5.0161,3
2458238.815927,8.6931,-21.8103,6.5498,5.6180,5.6802,5.0161,3
2458238.833057,14.0452,-14.5987,6.5498,5.6180,5.6802,5.0161,3
2458238.867227,6.3808,-17.0837,6.5498,5.6180,5.6802,5.0161,3
2458238.884397,6.6349,-15.4810,6.5498,5.6180,5.6802,5.0161,3
2458238.911847,0.3120,-29.6008,6.5498,5.6180,5.6802,5.0161,3
2458240.707387,12.0457,-23.0494,6.5498,5.6180,5.6802,5.0161,3
2458240.724027,10.9752,-13.0857,6.5498,5.6180,5.6802,5.0161,3
2458240.762197,17.4467,-20.1669,6.5498,5.6180,5.6802,5.0161,3
2458240.806907,11.9368,-10.8010,6.5498,5.6180,5.6802,5.0161,3
2458240.826367,16.0902,-17.3406,6.5498,5.6180,5.6802,5.0161,3
2458240.845447,10.5709,-10.2479,6.5498,5.6180,5.6802,5.0161,3
2458240.861877,10.2026,-20.0047,6.5498,5.6180,5.6802,5.0161,3
2458241.715157,2.4003,-18.1398,6.5498,5.6180,5.6802,5.0161,3
2458241.737457,13.7967,-14.6962,6.5498,5.6180,5.6802,5.0161,3
2458241.755897,11.5218,-19.4936,6.5498,5.6180,5.6802,5.0161,3
2458241.773017,1.8048,-17.2178,6.5498,5.6180,5.6802,5.0161,3
2458241.793417,5.4053,-18.9017,6.5498,5.6180,5.6802,5.0161,3
2458241.821277,2.3330,-9.9765,6.5498,5.6180,5.6802,5.0161,3
2458243.731757,19.8564,-13.4474,6.5498,5.6180,5.6802,5.0161,3
2458243.748257,22.0389,-29.5622,6.5498,5.6180,5.6802,5.0161,3
2458243.765517,15.6284,-23.6837,6.5498,5.6180,5.6802,5.0161,3
2458243.793797,11.5127,-24.0028,6.5498,5.6180,5.6802,5.0161,3
2458243.811147,10.1268,-20.0619,6.5498,5.6180,5.6802,5.0161,3
2458243.829917,7.4969,-9.3321,6.5498,5.6180,5.6802,5.0161,3
2458243.847307,8.2321,-11.7159,6.5498,5.6180,5.6802,5.0161,3
2458243.864527,5.1673,-29.1939,6.5498,5.6180,5.6802,5.0161,3
2458243.885547,8.0607,-17.9965,6.5498,5.6180,5.6802,5.0161,3
2458243.931457,20.3222,-18.3570,6.5498,5.6180,5.6802,5.0161,3
2458244.707487,0.0764,-19.7963,6.5498,5.6180,5.6802,5.0161,3
2458244.745437,20.0756,-13.2555,6.5498,5.6180,5.6802,5.0161,3
2458244.762657,20.5982,-18.2290,6.5498,5.6180,5.6802,5.0161,3
2458244.779807,15.3878,-20.7660,6.5498,5.6180,5.6802,5.0161,3
2458244.807637,16.2190,-14.5381,6.5498,5.6180,5.6802,5.0161,3
2458244.824647,21.2578,-21.9483,6.5498,5.6180,5.6802,5.0161,3
2458244.841857,12.9328,-20.5192,6.5498,5.6180,5.6802,5.0161,3
2458244.859097,13.6296,-27.7183,6.5498,5.6180,5.6802,5.0161,3
2458244.875897,0.7947,-20.5767,6.5498,5.6180,5.6802,5.0161,3
2458245.861517,18.5261,-15.9222,6.5498,5.6180,5.6802,5.0161,3
2458245.918567,4.5709,-24.5685,6.5498,5.6180,5.6802,5.0161,3
2458246.692007,9.8623,-10.6169,6.5498,5.6180,5.6802,5.0161,3
2458246.745407,7.2074,-15.9578,6.5498,5.6180,5.6802,5.0161,3
2458246.774427,21.4559,-22.3114,6.5498,5.6180,5.6802,5.0161,3
2458246.830337,19.8931,-24.5363,6.5498,5.6180,5.6802,5.0161,3
2458246.915737,15.4669,-13.7905,6.5498,5.6180,5.6802,5.0161,3
2458246.933247,8.4541,-13.8832,6.5498,5.6180,5.6802,5.0161,3
2458247.841487,8.1954,-21.7797,6.5498,5.6180,5.6802,5.0161,3
2458249.659377,10.5253,-23.6474,6.5498,5.6180,5.6802,5.0161,3
2458249.677987,12.0614,-19.2411,6.5498,5.6180,5.6802,5.0161,3
2458249.695427,19.0661,-20.8018,6.5498,5.6180,5.6802,5.0161,3
2458249.714557,8.9255,-16.3693,6.5498,5.6180,5.6802,5.0161,3
2458249.764987,15.5700,-18.0563,6.5498,5.6180,5.6802,5.0161,3
2458249.817497,17.8448,-11.5152,6.5498,5.6180,5.6802,5.0161,3
2458249.834537,15.7910,-11.2896,6.5498,5.6180,5.6802,5.0161,3
2458249.862207,20.0966,-21.6934,6.5498,5.6180,5.6802,5.0161,3
2458249.879627,15.7975,-26.8391,6.5498,5.6180,5.6802,5.0161,3
2458249.931347,13.7812,-12.1291,6.5498,5.6180,5.6802,5.0161,3
2458250.649137,2.3324,-16.0142,6.5498,5.6180,5.6802,5.0161,3
2458250.666957,16.4441,-20.4312,6.5498,5.6180,5.6802,5.0161,3
2458250.701097,14.2647,-21.2417,6.5498,5.6180,5.6802,5.0161,3
2458250.718057,18.0138,-16.5759,6.5498,5.6180,5.6802,5.0161,3
2458250.735227,22.6444,-16.6763,6.5498,5.6180,5.6802,5.0161,3
2458250.766637,17.4630,-16.3103,6.5498,5.6180,5.6802,5.0161,3
2458250.783667,9.6323,-14.8609,6.5498,5.6180,5.6802,5.0161,3
2458250.800897,6.1214,-23.8358,6.5498,5.6180,5.6802,5.0161,3
2458250.818057,7.4065,-14.5525,6.5498,5.6180,5.6802,5.0161,3
2458250.835017,10.9137,-15.1815,6.5498,5.6180,5.6802,5.0161,3
2458250.864327,11.6805,-17.2516,6.5498,5.6180,5.6802,5.0161,3
2458250.881567,20.4656,-26.9115,6.5498,5.6180,5.6802,5.0161,3
2458251.666507,1.9113,-13.1257,6.5498,5.6180,5.6802,5.0161,3
2458251.703197,12.5396,-22.7402,6.5498,5.6180,5.6802,5.0161,3
2458251.766427,12.7935,-19.7275,6.5498,5.6180,5.6802,5.0161,3
2458251.783317,13.5067,-20.5991,6.5498,5.6180,5.6802,5.0161,3
2458251.800887,10.3614,-19.3875,6.5498,5.6180,5.6802,5.0161,3
2458251.817777,13.9318,-21.3812,6.5498,5.6180,5.6802,5.0161,3
2458251.834747,16.1743,-18.6305,6.5498,5.6180,5.6802,5.0161,3
2458252.836127,19.0392,-25.4476,6.5498,5.6180,5.6802,5.0161,3
2458252.853497,8.1285,-21.1230,6.5498,5.6180,5.6802,5.0161,3
2458252.898177,16.6694,-14.7610,6.5498,5.6180,5.6802,5.0161,3
2458253.655107,11.3991,-27.3389,6.5498,5.6180,5.6802,5.0161,3
2458253.683257,10.3499,-14.0067,6.5498,5.6180,5.6802,5.0161,3
2458253.705077,24.6687,-15.4809,6.5498,5.6180,5.6802,5.0161,3
2458253.722017,11.6454,-23.2778,6.5498,5.6180,5.6802,5.0161,3
2458253.739237,15.3542,-14.5376,6.5498,5.6180,5.6802,5.0161,3
2458253.756377,12.0423,-14.7425,6.5498,5.6180,5.6802,5.0161,3
2458253.802777,7.6450,-21.0566,6.5498,5.6180,5.6802,5.0161,3
2458253.853607,23.8324,-12.4402,6.5498,5.6180,5.6802,5.0161,3
2458254.674867,14.6664,-17.9534,6.5498,5.6180,5.6802,5.0161,3
2458254.692247,11.7048,-20.9581,6.5498,5.6180,5.6802,5.0161,3
2458254.711457,17.6186,-15.6706,6.5498,5.6180,5.6802,5.0161,3
2458254.758297,10.3744,-20.4629,6.5498,5.6180,5.6802,5.0161,3
2458254.775207,16.4463,-16.7443,6.5498,5.6180,5.6802,5.0161,3
2458254.792237,9.5448,-19.7678,6.5498,5.6180,5.6802,5.0161,3
2458254.809417,12.8759,-18.7547,6.5498,5.6180,5.6802,5.0161,3
2458254.826307,23.4120,-18.8656,6.5498,5.6180,5.6802,5.0161,3
2458254.858477,19.6280,-12.6615,6.5498,5.6180,5.6802,5.0161,3
2458254.879567,11.5047,-19.2670,6.5498,5.6180,5.6802,5.0161,3
2458254.896777,14.1136,-22.2668,6.5498,5.6180,5.6802,5.0161,3
2458254.913397,18.3329,-17.7222,6.5498,5.6180,5.6802,5.0161,3
2458255.637557,16.6393,-28.4528,6.5498,5.6180,5.6802,5.0161,3
2458255.664407,20.4206,-17.0224,6.5498,5.6180,5.6802,5.0161,3
2458255.715527,15.2748,-11.3052,6.5498,5.6180,5.6802,5.0161,3
2458255.732217,12.6584,-11.6440,6.5498,5.6180,5.6802,5.0161,3
2458255.749317,22.3729,-26.1355,6.5498,5.6180,5.6802,5.0161,3
2458255.861077,14.2133,-13.7455,6.5498,5.6180,5.6802,5.0161,3
2458255.878557,10.8926,-23.7099,6.5498,5.6180,5.6802,5.0161,3
2458256.624047,18.7703,-24.6067,6.5498,5.6180,5.6802,5.0161,3
2458256.640737,13.8592,-27.8852,6.5498,5.6180,5.6802,5.0161,3
2458256.660257,6.0131,-24.3797,6.5498,5.6180,5.6802,5.0161,3
2458256.716007,19.3522,-20.1811,6.5498,5.6180,5.6802,5.0161,3
2458256.733227,22.7777,-21.8022,6.5498,5.6180,5.6802,5.0161,3
2458256.770687,14.5700,-13.8163,6.5498,5.6180,5.6802,5.0161,3
2458256.787457,12.6201,-17.3742,6.5498,5.6180,5.6802,5.0161,3
2458256.807377,10.4467,-12.5545,6.5498,5.6180,5.6802,5.0161,3
2458256.824407,18.0896,-19.6235,6.5498,5.6180,5.6802,5.0161,3
2458256.841927,12.0261,-26.6795,6.5498,5.6180,5.6802,5.0161,3
2458256.890407,25.0288,-11.8236,6.5498,5.6180,5.6802,5.0161,3
2458256.907477,15.4800,-17.8889,6.5498,5.6180,5.6802,5.0161,3
2458257.634417,7.9440,-22.9829,6.5498,5.6180,5.6802,5.0161,3
2458257.668527,3.8098,-10.1261,6.5498,5.6180,5.6802,5.0161,3
2458257.695997,25.1665,-22.1291,6.5498,5.6180,5.6802,5.0161,3
2458257.729917,19.9977,-20.5731,6.5498,5.6180,5.6802,5.0161,3
2458257.763427,14.7427,-21.9191,6.5498,5.6180,5.6802,5.0161,3
2458257.780397,15.7169,-27.7178,6.5498,5.6180,5.6802,5.0161,3
2458257.809937,4.5016,-16.4295,6.5498,5.6180,5.6802,5.0161,3
2458257.867517,20.5775,-18.1049,6.5498,5.6180,5.6802,5.0161,3
2458257.909367,22.5080,-17.7634,6.5498,5.6180,5.6802,5.0161,3
2458258.620907,21.7358,-23.9540,6.5498,5.6180,5.6802,5.0161,3
2458258.637717,17.0777,-19.6179,6.5498,5.6180,5.6802,5.0161,3
2458258.664587,18.2626,-15.8123,6.5498,5.6180,5.6802,5.0161,3
2458258.681757,21.1430,-27.3364,6.5498,5.6180,5.6802,5.0161,3
2458258.698887,14.5558,-16.2711,6.5498,5.6180,5.6802,5.0161,3
2458258.716077,17.4260,-19.3471,6.5498,5.6180,5.6802,5.0161,3
2458258.777687,12.1585,-17.8151,6.5498,5.6180,5.6802,5.0161,3
2458258.795027,11.9398,-22.6204,6.5498,5.6180,5.6802,5.0161,3
2458258.811907,14.4511,-21.5575,6.5498,5.6180,5.6802,5.0161,3
2458258.846047,21.0321,-16.3314,6.5498,5.6180,5.6802,5.0161,3
2458258.862817,7.3155,-24.4267,6.5498,5.6180,5.6802,5.0161,3
2458258.880247,12.8594,-22.3402,6.5498,5.6180,5.6802,5.0161,3
2458258.914297,2.3376,-21.8426,6.5498,5.6180,5.6802,5.0161,3
2458258.938207,6.5819,-11.2882,6.5498,5.6180,5.6802,5.0161,3
2458259.737007,7.6658,-19.1280,6.5498,5.6180,5.6802,5.0161,3
2458259.765727,15.6050,-29.1962,6.5498,5.6180,5.6802,5.0161,3
2458259.782947,18.4740,-18.4330,6.5498,5.6180,5.6802,5.0161,3
2458259.837787,10.7849,-27.8164,6.5498,5.6180,5.6802,5.0161,3
2458259.871827,15.4368,-21.1220,6.5498,5.6180,5.6802,5.0161,3
2458259.890417,7.7918,-24.7221,6.5498,5.6180,5.6802,5.0161,3
2458259.923947,18.5805,-27.5021,6.5498,5.6180,5.6802,5.0161,3
2458260.623837,20.3361,-20.8718,6.5498,5.6180,5.6802,5.0161,3
2458260.640747,13.0349,-14.1802,6.5498,5.6180,5.6802,5.0161,3
2458260.660917,20.7002,-19.8063,6.5498,5.6180,5.6802,5.0161,3
2458260.678167,23.7320,-20.3600,6.5498,5.6180,5.6802,5.0161,3
2458260.756847,15.1691,-18.3005,6.5498,5.6180,5.6802,5.0161,3
2458260.773677,13.1974,-11.6105,6.5498,5.6180,5.6802,5.0161,3
2458260.827657,20.6488,-16.7966,6.5498,5.6180,5.6802,5.0161,3
2458260.844847,17.8094,-25.0036,6.5498,5.6180,5.6802,5.0161,3
2458260.862267,22.5458,-13.3631,6.5498,5.6180,5.6802,5.0161,3
2458261.612087,14.4741,-17.5223,6.5498,5.6180,5.6802,5.0161,3
2458261.628807,14.5324,-20.7112,6.5498,5.6180,5.6802,5.0161,3
2458261.657497,13.0222,-20.9041,6.5498,5.6180,5.6802,5.0161,3
2458261.706377,17.8876,-21.8233,6.5498,5.6180,5.6802,5.0161,3
2458261.727307,4.7646,-16.2731,6.5498,5.6180,5.6802,5.0161,3
2458261.744507,13.5389,-12.6400,6.5498,5.6180,5.6802,5.0161,3
2458261.765447,9.7272,-14.0639,6.5498,5.6180,5.6802,5.0161,3
2458261.794067,15.6505,-20.5074,6.5498,5.6180,5.6802,5.0161,3
2458261.811807,7.3612,-14.8281,6.5498,5.6180,5.6802,5.0161,3
2458261.849487,8.4681,-13.9888,6.5498,5.6180,5.6802,5.0161,3
2458261.866697,13.9311,-10.7770,6.5498,5.6180,5.6802,5.0161,3
2458261.913367,6.7679,-23.5119,6.5498,5.6180,5.6802,5.0161,3
2458261.930947,3.3479,-24.7448,6.5498,5.6180,5.6802,5.0161,3
2458262.624527,23.8258,-19.6649,6.5498,5.6180,5.6802,5.0161,3
2458262.652007,23.7532,-23.5285,6.5498,5.6180,5.6802,5.0161,3
2458262.669207,4.8385,-24.8336,6.5498,5.6180,5.6802,5.0161,3
2458262.685957,13.2098,-13.9610,6.5498,5.6180,5.6802,5.0161,3
2458262.703327,12.1765,-21.8311,6.5498,5.6180,5.6802,5.0161,3
2458262.765927,15.8259,-17.2081,6.5498,5.6180,5.6802,5.0161,3
2458262.783097,13.7831,-17.6633,6.5498,5.6180,5.6802,5.0161,3
2458262.834047,14.7872,-10.7769,6.5498,5.6180,5.6802,5.0161,3
2458262.878617,18.4856,-23.7386,6.5498,5.6180,5.6802,5.0161,3
2458262.895647,14.2509,-20.0873,6.5498,5.6180,5.6802,5.0161,3
2458262.929907,20.7023,-18.3416,6.5498,5.6180,5.6802,5.0161,3
2458263.651267,17.3053,-16.5372,6.5498,5.6180,5.6802,5.0161,3
2458263.697937,19.6929,-15.9548,6.5498,5.6180,5.6802,5.0161,3
2458263.717467,13.1168,-16.5433,6.5498,5.6180,5.6802,5.0161,3
2458263.759377,16.5319,-14.5536,6.5498,5.6180,5.6802,5.0161,3
2458263.837977,8.7098,-28.0805,6.5498,5.6180,5.6802,5.0161,3
2458263.854747,18.5073,-21.5326,6.5498,5.6180,5.6802,5.0161,3
2458263.871457,15.8376,-15.5382,6.5498,5.6180,5.6802,5.0161,3
2458264.599237,8.9060,-18.7931,6.5498,5.6180,5.6802,5.0161,3
2458264.661447,19.4357,-19.5613,6.5498,5.6180,5.6802,5.0161,3
2458264.695637,12.3277,-12.3145,6.5498,5.6180,5.6802,5.0161,3
2458264.713567,17.6734,-15.3995,6.5498,5.6180,5.6802,5.0161,3
2458264.731877,11.6618,-21.3255,6.5498,5.6180,5.6802,5.0161,3
2458264.759687,7.0206,-14.3301,6.5498,5.6180,5.6802,5.0161,3
2458264.776817,14.0505,-13.2785,6.5498,5.6180,5.6802,5.0161,3
2458264.793597,11.0425,-12.8697,6.5498,5.6180,5.6802,5.0161,3
2458264.814797,16.7183,-18.8355,6.5498,5.6180,5.6802,5.0161,3
2458264.833357,20.6326,-17.2161,6.5498,5.6180,5.6802,5.0161,3
2458264.917027,14.7849,-14.8317,6.5498,5.6180,5.6802,5.0161,3
2458265.625737,18.6180,-23.0044,6.5498,5.6180,5.6802,5.0161,3
2458265.665947,20.8367,-25.4021,6.5498,5.6180,5.6802,5.0161,3
2458265.685797,18.1172,-28.7654,6.5498,5.6180,5.6802,5.0161,3
2458265.703467,19.6368,-24.3105,6.5498,5.6180,5.6802,5.0161,3
2458265.731477,20.7143,-20.9423,6.5498,5.6180,5.6802,5.0161,3
2458265.748227,17.8467,-14.0869,6.5498,5.6180,5.6802,5.0161,3
2458265.765867,20.8531,-14.8043,6.5498,5.6180,5.6802,5.0161,3
2458265.782707,9.9163,-17.3722,6.5498,5.6180,5.6802,5.0161,3
2458265.799747,15.9000,-17.7071,6.5498,5.6180,5.6802,5.0161,3
2458265.827557,17.0709,-15.8204,6.5498,5.6180,5.6802,5.0161,3
2458265.848397,19.8013,-15.0428,6.5498,5.6180,5.6802,5.0161,3
2458265.865507,16.0095,-19.9701,6.5498,5.6180,5.6802,5.0161,3
2458265.899767,23.7114,-16.8920,6.5498,5.6180,5.6802,5.0161,3
2458266.632547,4.3480,-20.9420,6.5498,5.6180,5.6802,5.0161,3
2458266.649807,14.4390,-15.3529,6.5498,5.6180,5.6802,5.0161,3
2458266.697727,12.4938,-14.4419,6.5498,5.6180,5.6802,5.0161,3
2458266.731727,7.3607,-24.2368,6.5498,5.6180,5.6802,5.0161,3
2458270.772927,12.3307,-14.4336,6.5498,5.6180,5.6802,5.0161,3
2458271.676587,14.4410,-25.8384,6.5498,5.6180,5.6802,5.0161,3
2458271.696477,18.2918,-21.6507,6.5498,5.6180,5.6802,5.0161,3
2458271.713477,19.4500,-25.1578,6.5498,5.6180,5.6802,5.0161,3
2458271.730477,14.5225,-13.4596,6.5498,5.6180,5.6802,5.0161,3
2458271.778917,18.0873,-21.3329,6.5498,5.6180,5.6802,5.0161,3
2458271.795637,13.0103,-13.9942,6.5498,5.6180,5.6802,5.0161,3
2458271.812407,8.2762,-15.5979,6.5498,5.6180,5.6802,5.0161,3
2458271.829187,12.8116,-16.2272,6.5498,5.6180,5.6802,5.0161,3
2458271.879007,10.8826,-26.1110,6.5498,5.6180,5.6802,5.0161,3
2458272.608047,6.8344,-16.7577,6.5498,5.6180,5.6802,5.0161,3
2458272.624647,14.3406,-21.3912,6.5498,5.6180,5.6802,5.0161,3
2458272.641497,17.7020,-23.2383,6.5498,5.6180,5.6802,5.0161,3
2458272.665037,25.8693,-19.8337,6.5498,5.6180,5.6802,5.0161,3
2458272.692127,9.8438,-21.0940,6.5498,5.6180,5.6802,5.0161,3
2458272.709097,5.2161,-24.5903,6.5498,5.6180,5.6802,5.0161,3
2458272.725797,17.9387,-13.7681,6.5498,5.6180,5.6802,5.0161,3
2458272.742567,14.1103,-23.8235,6.5498,5.6180,5.6802,5.0161,3
2458272.760187,11.6719,-18.4919,6.5498,5.6180,5.6802,5.0161,3
2458272.776977,12.9421,-17.2750,6.5498,5.6180,5.6802,5.0161,3
2458272.851527,21.9259,-21.1748,6.5498,5.6180,5.6802,5.0161,3
2458272.868917,17.5106,-16.3707,6.5498,5.6180,5.6802,5.0161,3
2458273.681377,24.8416,-11.6833,6.5498,5.6180,5.6802,5.0161,3
2458273.702517,12.9833,-19.8898,6.5498,5.6180,5.6802,5.0161,3
2458273.719367,20.9451,-12.1975,6.5498,5.6180,5.6802,5.0161,3
2458273.736337,13.1267,-22.4450,6.5498,5.6180,5.6802,5.0161,3
2458273.753667,18.5649,-21.6245,6.5498,5.6180,5.6802,5.0161,3
2458273.781037,20.0791,-11.1241,6.5498,5.6180,5.6802,5.0161,3
2458273.797827,14.3087,-24.9800,6.5498,5.6180,5.6802,5.0161,3
2458273.814897,13.3688,-19.5724,6.5498,5.6180,5.6802,5.0161,3
2458273.854477,7.5778,-19.3085,6.5498,5.6180,5.6802,5.0161,3
2458274.714917,14.0533,-14.0391,6.5498,5.6180,5.6802,5.0161,3
2458274.731897,17.2722,-23.9424,6.5498,5.6180,5.6802,5.0161,3
2458274.765557,8.8537,-17.2913,6.5498,5.6180,5.6802,5.0161,3
2458274.782957,11.7957,-20.4042,6.5498,5.6180,5.6802,5.0161,3
2458274.811457,10.0723,-14.8180,6.5498,5.6180,5.6802,5.0161,3
2458274.828457,8.9322,-16.3379,6.5498,5.6180,5.6802,5.0161,3
2458274.845317,16.0939,-10.0585,6.5498,5.6180,5.6802,5.0161,3
2458274.879097,18.1036,-22.9788,6.5498,5.6180,5.6802,5.0161,3
2458274.895847,21.3925,-21.3092,6.5498,5.6180,5.6802,5.0161,3
2458275.765897,12.5284,-18.8271,6.5498,5.6180,5.6802,5.0161,3
2458275.842207,22.4484,-12.3492,6.5498,5.6180,5.6802,5.0161,3
2458275.859117,20.3192,-21.4423,6.5498,5.6180,5.6802,5.0161,3
2458276.603657,13.1332,-28.0215,6.5498,5.6180,5.6802,5.0161,3
2458276.637807,16.0288,-14.6335,6.5498,5.6180,5.6802,5.0161,3
2458276.657717,20.6464,-21.6719,6.5498,5.6180,5.6802,5.0161,3
2458276.688417,9.9735,-17.9839,6.5498,5.6180,5.6802,5.0161,3
2458276.706657,12.2626,-20.6942,6.5498,5.6180,5.6802,5.0161,3
2458276.723307,15.6298,-18.4539,6.5498,5.6180,5.6802,5.0161,3
2458276.740817,4.1296,-23.0486,6.5498,5.6180,5.6802,5.0161,3
2458276.758517,4.1204,-17.0055,6.5498,5.6180,5.6802,5.0161,3
2458276.786977,15.4685,-21.5418,6.5498,5.6180,5.6802,5.0161,3
2458276.814887,13.7119,-18.7341,6.5498,5.6180,5.6802,5.0161,3
2458276.831707,11.3257,-16.3749,6.5498,5.6180,5.6802,5.0161,3
2458276.883827,20.8070,-21.9645,6.5498,5.6180,5.6802,5.0161,3
2458277.623447,12.5779,-22.9693,6.5498,5.6180,5.6802,5.0161,3
2458277.685507,10.2883,-26.6893,6.5498,5.6180,5.6802,5.0161,3
2458277.706417,15.7550,-17.8243,6.5498,5.6180,5.6802,5.0161,3
2458277.757057,9.9278,-19.3429,6.5498,5.6180,5.6802,5.0161,3
2458277.784757,18.8421,-17.8917,6.5498,5.6180,5.6802,5.0161,3
2458277.801517,22.1885,-11.6688,6.5498,5.6180,5.6802,5.0161,3
2458277.818167,18.2737,-18.0315,6.5498,5.6180,5.6802,5.0161,3
2458278.578837,18.7761,-15.2041,6.5498,5.6180,5.6802,5.0161,3
2458278.595997,20.5055,-21.7046,6.5498,5.6180,5.6802,5.0161,3
2458278.613077,12.2018,-23.8708,6.5498,5.6180,5.6802,5.0161,3
2458278.630047,23.3834,-19.5286,6.5498,5.6180,5.6802,5.0161,3
2458278.648287,12.4303,-29.1863,6.5498,5.6180,5.6802,5.0161,3
2458278.677597,2.5737,-19.8364,6.5498,5.6180,5.6802,5.0161,3
2458278.699107,10.3667,-26.5006,6.5498,5.6180,5.6802,5.0161,3
2458278.716107,6.2477,-9.3754,6.5498,5.6180,5.6802,5.0161,3
2458282.573817,25.3667,-20.4187,6.5498,5.6180,5.6802,5.0161,3
2458282.591597,20.0914,-17.3338,6.5498,5.6180,5.6802,5.0161,3
2458282.608567,13.7454,-20.2716,6.5498,5.6180,5.6802,5.0161,3
2458282.625987,19.5276,-14.3832,6.5498,5.6180,5.6802,5.0161,3
2458282.643217,23.1229,-24.0989,6.5498,5.6180,5.6802,5.0161,3
2458282.673767,15.7441,-25.7554,6.5498,5.6180,5.6802,5.0161,3
2458282.691147,17.9374,-18.1820,6.5498,5.6180,5.6802,5.0161,3
2458282.724697,5.4546,-17.1430,6.5498,5.6180,5.6802,5.0161,3
2458282.744337,10.4566,-15.1377,6.5498,5.6180,5.6802,5.0161,3
2458282.761697,16.3678,-17.5575,6.5498,5.6180,5.6802,5.0161,3
2458282.861017,12.8803,-20.6759,6.5498,5.6180,5.6802,5.0161,3
2458283.561937,0.0633,-25.2559,6.5498,5.6180,5.6802,5.0161,3
2458283.669497,14.6947,-20.4245,6.5498,5.6180,5.6802,5.0161,3
2458283.687077,14.9287,-16.8713,6.5498,5.6180,5.6802,5.0161,3
2458283.704087,19.8614,-17.6787,6.5498,5.6180,5.6802,5.0161,3
2458283.730777,10.6940,-13.7758,6.5498,5.6180,5.6802,5.0161,3
2458283.747487,14.6787,-19.6920,6.5498,5.6180,5.6802,5.0161,3
2458283.787587,12.4767,-15.7982,6.5498,5.6180,5.6802,5.0161,3
2458283.807687,9.9768,-18.2493,6.5498,5.6180,5.6802,5.0161,3
2458283.824867,15.5396,-14.5378,6.5498,5.6180,5.6802,5.0161,3
2458283.842187,22.2519,-12.9298,6.5498,5.6180,5.6802,5.0161,3
2458283.859207,17.4169,-14.0151,6.5498,5.6180,5.6802,5.0161,3
2458283.875887,1.2802,-11.3532,6.5498,5.6180,5.6802,5.0161,3
2458284.591877,8.2575,-11.1161,6.5498,5.6180,5.6802,5.0161,3
2458284.656537,20.2382,-11.3730,6.5498,5.6180,5.6802,5.0161,3
2458284.673577,14.8245,-14.5829,6.5498,5.6180,5.6802,5.0161,3
2458284.731597,15.1405,-20.8107,6.5498,5.6180,5.6802,5.0161,3
2458284.764407,19.3833,-19.0551,6.5498,5.6180,5.6802,5.0161,3
2458284.781377,19.1534,-22.9980,6.5498,5.6180,5.6802,5.0161,3
2458284.798267,23.6562,-21.4164,6.5498,5.6180,5.6802,5.0161,3
2458284.817367,21.9647,-14.1182,6.5498,5.6180,5.6802,5.0161,3
2458285.606417,15.6276,-20.1835,6.5498,5.6180,5.6802,5.0161,3
2458285.627497,15.1002,-8.7777,6.5498,5.6180,5.6802,5.0161,3
2458285.662277,23.3818,-13.5034,6.5498,5.6180,5.6802,5.0161,3
2458285.679127,18.4902,-16.3048,6.5498,5.6180,5.6802,5.0161,3
2458286.552007,-0.2210,-21.9812,6.5498,5.6180,5.6802,5.0161,3
2458286.569387,0.2484,-27.5281,6.5498,5.6180,5.6802,5.0161,3
2458286.603087,18.9925,-11.4397,6.5498,5.6180,5.6802,5.0161,3
2458286.682397,13.4599,-24.7163,6.5498,5.6180,5.6802,5.0161,3
2458286.725377,14.9905,-20.4697,6.5498,5.6180,5.6802,5.0161,3
2458286.746787,-1.2951,-30.0293,6.5498,5.6180,5.6802,5.0161,3
2458286.790627,14.4241,-13.5968,6.5498,5.6180,5.6802,5.0161,3
2458286.825317,9.5151,-23.1790,6.5498,5.6180,5.6802,5.0161,3
2458286.841827,11.0711,-16.2612,6.5498,5.6180,5.6802,5.0161,3
2458287.540417,15.8500,-18.4144,6.5498,5.6180,5.6802,5.0161,3
2458287.568907,25.3746,-25.5174,6.5498,5.6180,5.6802,5.0161,3
2458287.588967,24.9251,-27.7865,6.5498,5.6180,5.6802,5.0161,3
2458287.623187,7.8781,-16.1092,6.5498,5.6180,5.6802,5.0161,3
2458287.640257,8.9336,-21.3761,6.5498,5.6180,5.6802,5.0161,3
2458287.685717,17.1999,-18.8373,6.5498,5.6180,5.6802,5.0161,3
2458287.705787,14.1447,-21.0920,6.5498,5.6180,5.6802,5.0161,3
2458287.723067,12.9442,-18.7819,6.5498,5.6180,5.6802,5.0161,3
2458287.739997,9.7304,-20.0693,6.5498,5.6180,5.6802,5.0161,3
2458287.767247,21.1902,-19.9498,6.5498,5.6180,5.6802,5.0161,3
2458287.803047,22.3559,-19.4192,6.5498,5.6180,5.6802,5.0161,3
2458288.573097,10.9054,-25.7502,6.5498,5.6180,5.6802,5.0161,3
2458288.590297,13.8490,-28.7631,6.5498,5.6180,5.6802,5.0161,3
2458288.617827,14.0951,-24.5952,6.5498,5.6180,5.6802,5.0161,3
2458288.634767,12.9435,-23.2538,6.5498,5.6180,5.6802,5.0161,3
2458288.662737,24.0086,-23.3408,6.5498,5.6180,5.6802,5.0161,3
2458288.679397,14.7065,-14.2692,6.5498,5.6180,5.6802,5.0161,3
2458288.696617,10.5287,-17.2343,6.5498,5.6180,5.6802,5.0161,3
2458288.713987,16.8355,-21.5459,6.5498,5.6180,5.6802,5.0161,3
2458288.731727,14.7891,-18.4902,6.5498,5.6180,5.6802,5.0161,3
2458288.758977,23.1857,-20.4338,6.5498,5.6180,5.6802,5.0161,3
2458288.793647,19.0041,-15.2867,6.5498,5.6180,5.6802,5.0161,3
2458288.827607,5.7770,-12.8224,6.5498,5.6180,5.6802,5.0161,3
2458289.609677,7.9877,-15.9681,6.5498,5.6180,5.6802,5.0161,3
2458289.630107,21.3475,-20.4245,6.5498,5.6180,5.6802,5.0161,3
2458289.647407,17.7185,-18.0429,6.5498,5.6180,5.6802,5.0161,3
2458289.664237,23.1874,-16.5859,6.5498,5.6180,5.6802,5.0161,3
2458289.727347,12.0611,-12.2406,6.5498,5.6180,5.6802,5.0161,3
2458289.744457,6.5720,-13.3747,6.5498,5.6180,5.6802,5.0161,3
2458289.761047,19.0637,-10.8493,6.5498,5.6180,5.6802,5.0161,3
2458289.778547,11.6385,-22.9790,6.5498,5.6180,5.6802,5.0161,3
2458289.795997,22.4022,-24.3873,6.5498,5.6180,5.6802,5.0161,3
2458290.576237,23.2399,-19.6139,6.5498,5.6180,5.6802,5.0161,3
2458290.595427,3.1223,-17.9932,6.5498,5.6180,5.6802,5.0161,3
2458290.598287,8.2545,-29.9790,6.5498,5.6180,5.6802,5.0161,3
2458290.615297,10.7643,-17.3781,6.5498,5.6180,5.6802,5.0161,3
2458290.631707,5.8877,-13.4513,6.5498,5.6180,5.6802,5.0161,3
2458290.648907,13.2826,-18.7754,6.5498,5.6180,5.6802,5.0161,3
2458290.676657,16.5571,-20.6620,6.5498,5.6180,5.6802,5.0161,3
2458290.717137,23.6353,-14.8210,6.5498,5.6180,5.6802,5.0161,3
2458290.734067,20.0997,-16.3300,6.5498,5.6180,5.6802,5.0161,3
2458290.751137,14.5962,-19.1457,6.5498,5.6180,5.6802,5.0161,3
2458290.768447,9.0686,-12.9683,6.5498,5.6180,5.6802,5.0161,3
2458290.796317,18.5871,-17.4996,6.5498,5.6180,5.6802,5.0161,3
2458290.813087,9.4611,-19.3138,6.5498,5.6180,5.6802,5.0161,3
2458290.847197,15.0257,-19.3266,6.5498,5.6180,5.6802,5.0161,3
2458291.528487,5.2893,-25.5437,6.5498,5.6180,5.6802,5.0161,3
2458291.564667,17.8877,-27.8843,6.5498,5.6180,5.6802,5.0161,3
2458291.584057,21.9701,-21.3774,6.5498,5.6180,5.6802,5.0161,3
2458291.601027,19.5725,-15.1742,6.5498,5.6180,5.6802,5.0161,3
2458291.628607,3.8482,-27.8426,6.5498,5.6180,5.6802,5.0161,3
2458291.645147,16.7020,-19.9243,6.5498,5.6180,5.6802,5.0161,3
2458291.661617,24.6728,-21.6595,6.5498,5.6180,5.6802,5.0161,3
2458291.678887,21.0713,-9.0450,6.5498,5.6180,5.6802,5.0161,3
2458291.727467,9.9808,-16.8874,6.5498,5.6180,5.6802,5.0161,3
2458291.744907,9.0486,-23.2928,6.5498,5.6180,5.6802,5.0161,3
2458291.762097,19.1164,-16.4124,6.5498,5.6180,5.6802,5.0161,3
2458291.779177,10.5321,-19.9887,6.5498,5.6180,5.6802,5.0161,3
2458291.795967,10.9073,-14.0408,6.5498,5.6180,5.6802,5.0161,3
2458291.815147,7.6819,-30.9076,6.5498,5.6180,5.6802,5.0161,3
2458292.526127,2.2696,-13.9632,6.5498,5.6180,5.6802,5.0161,3
2458292.560147,22.9795,-19.4176,6.5498,5.6180,5.6802,5.0161,3
2458292.626027,6.4750,-12.1649,6.5498,5.6180,5.6802,5.0161,3
2458292.643147,-0.1213,-27.7047,6.5498,5.6180,5.6802,5.0161,3
2458292.660137,10.6762,-27.4876,6.5498,5.6180,5.6802,5.0161,3
2458292.688157,13.4460,-21.8595,6.5498,5.6180,5.6802,5.0161,3
2458292.708757,9.1892,-20.2855,6.5498,5.6180,5.6802,5.0161,3
2458292.728297,10.1944,-17.2996,6.5498,5.6180,5.6802,5.0161,3
2458292.749147,13.9626,-25.8718,6.5498,5.6180,5.6802,5.0161,3
2458292.766017,18.9108,-19.4417,6.5498,5.6180,5.6802,5.0161,3
2458292.794177,16.9729,-21.3978,6.5498,5.6180,5.6802,5.0161,3
2458292.821937,11.4418,-13.2449,6.5498,5.6180,5.6802,5.0161,3
2458292.839697,15.4005,-22.9325,6.5498,5.6180,5.6802,5.0161,3
2458293.709057,10.4238,-13.5539,6.5498,5.6180,5.6802,5.0161,3
2458293.736517,10.5078,-21.7389,6.5498,5.6180,5.6802,5.0161,3
2458294.675257,17.5204,-14.0478,6.5498,5.6180,5.6802,5.0161,3
2458294.692577,3.3962,-28.9956,6.5498,5.6180,5.6802,5.0161,3
2458294.760567,-2.0705,-24.3105,6.5498,5.6180,5.6802,5.0161,3
2458294.777677,1.0090,-18.4693,6.5498,5.6180,5.6802,5.0161,3
2458294.812417,9.6080,-28.9461,6.5498,5.6180,5.6802,5.0161,3
2458295.558267,8.8872,-30.1585,6.5498,5.6180,5.6802,5.0161,3
2458295.596417,17.0961,-19.5699,6.5498,5.6180,5.6802,5.0161,3
2458295.624057,4.3861,-16.3494,6.5498,5.6180,5.6802,5.0161,3
2458295.643047,17.5741,-21.0027,6.5498,5.6180,5.6802,5.0161,3
2458295.659917,8.0955,-16.6359,6.5498,5.6180,5.6802,5.0161,3
2458295.695627,6.2894,-10.5563,6.5498,5.6180,5.6802,5.0161,3
2458295.724757,11.5988,-8.9943,6.5498,5.6180,5.6802,5.0161,3
2458295.741697,12.6157,-14.9714,6.5498,5.6180,5.6802,5.0161,3
2458295.759387,8.2677,-23.5004,6.5498,5.6180,5.6802,5.0161,3
2458295.778107,15.0716,-18.8892,6.5498,5.6180,5.6802,5.0161,3
2458295.802887,17.3105,-28.7654,6.5498,5.6180,5.6802,5.0161,3
2458298.690627,4.7304,-25.0095,6.5498,5.6180,5.6802,5.0161,3
2458298.707907,9.7780,-18.5430,6.5498,5.6180,5.6802,5.0161,3
2458298.724867,7.7700,-24.9077,6.5498,5.6180,5.6802,5.0161,3
2458298.743607,10.0552,-14.1949,6.5498,5.6180,5.6802,5.0161,3
2458299.657837,4.1456,-22.6911,6.5498,5.6180,5.6802,5.0161,3
2458301.628307,9.1735,-15.4234,6.5498,5.6180,5.6802,5.0161,3
2458301.655107,3.8536,-9.1989,6.5498,5.6180,5.6802,5.0161,3
2458306.631777,2.0227,-18.7648,6.5498,5.6180,5.6802,5.0161,3
2458306.649477,12.3299,-15.3927,6.5498,5.6180,5.6802,5.0161,3
2458306.730237,14.0030,-13.7317,6.5498,5.6180,5.6802,5.0161,3
2458306.747067,15.5988,-18.2030,6.5498,5.6180,5.6802,5.0161,3
2458306.798207,15.2999,-11.7435,6.5498,5.6180,5.6802,5.0161,3
2458307.496527,9.9078,-17.8374,6.5498,5.6180,5.6802,5.0161,3
2458307.530777,9.9286,-29.2103,6.5498,5.6180,5.6802,5.0161,3
2458307.548317,19.3686,-17.0619,6.5498,5.6180,5.6802,5.0161,3
2458307.565517,14.1778,-18.9557,6.5498,5.6180,5.6802,5.0161,3
2458307.592897,14.4489,-19.7556,6.5498,5.6180,5.6802,5.0161,3
2458307.609867,16.8939,-23.0423,6.5498,5.6180,5.6802,5.0161,3
2458307.628007,9.4354,-13.6643,6.5498,5.6180,5.6802,5.0161,3
2458307.646517,15.2218,-15.9498,6.5498,5.6180,5.6802,5.0161,3
2458307.663427,10.1143,-17.6500,6.5498,5.6180,5.6802,5.0161,3
2458307.707847,16.9759,-17.4324,6.5498,5.6180,5.6802,5.0161,3
2458307.725187,10.6737,-13.9429,6.5498,5.6180,5.6802,5.0161,3
2458307.742337,14.1216,-13.5442,6.5498,5.6180,5.6802,5.0161,3
2458307.759117,4.1939,-19.7352,6.5498,5.6180,5.6802,5.0161,3
2458308.511757,15.0006,-13.8287,6.5498,5.6180,5.6802,5.0161,3
2458308.528597,15.9209,-22.3591,6.5498,5.6180,5.6802,5.0161,3
2458308.544967,11.3080,-23.1368,6.5498,5.6180,5.6802,5.0161,3
2458308.562587,12.3725,-32.1459,6.5498,5.6180,5.6802,5.0161,3
2458308.631157,5.4448,-26.9827,6.5498,5.6180,5.6802,5.0161,3
2458308.648627,19.1322,-16.0422,6.5498,5.6180,5.6802,5.0161,3
2458308.665197,11.9615,-11.9198,6.5498,5.6180,5.6802,5.0161,3
2458308.710897,15.0273,-23.4359,6.5498,5.6180,5.6802,5.0161,3
2458308.727577,13.7456,-21.0616,6.5498,5.6180,5.6802,5.0161,3
2458308.744427,17.2040,-19.8605,6.5498,5.6180,5.6802,5.0161,3
2458308.761377,12.5078,-21.7272,6.5498,5.6180,5.6802,5.0161,3
2458308.789187,23.9296,-20.3260,6.5498,5.6180,5.6802,5.0161,3
2458309.507267,20.9991,-19.3429,6.5498,5.6180,5.6802,5.0161,3
2458309.524167,19.9605,-29.9787,6.5498,5.6180,5.6802,5.0161,3
2458309.541467,8.6593,-20.4032,6.5498,5.6180,5.6802,5.0161,3
2458309.572737,5.6183,-20.7007,6.5498,5.6180,5.6802,5.0161,3
2458309.591377,13.9188,-17.3645,6.5498,5.6180,5.6802,5.0161,3
2458309.628387,22.0804,-20.5888,6.5498,5.6180,5.6802,5.0161,3
2458309.645557,12.4783,-16.6311,6.5498,5.6180,5.6802,5.0161,3
2458309.678317,9.6124,-18.9504,6.5498,5.6180,5.6802,5.0161,3
2458309.696557,14.2293,-17.9298,6.5498,5.6180,5.6802,5.0161,3
2458309.730197,16.3523,-9.6174,6.5498,5.6180,5.6802,5.0161,3
2458309.747097,17.5739,-15.7773,6.5498,5.6180,5.6802,5.0161,3
2458309.779897,23.2325,-26.3044,6.5498,5.6180,5.6802,5.0161,3
2458309.796887,16.9211,-19.0504,6.5498,5.6180,5.6802,5.0161,3
2458310.511417,0.2251,-22.7973,6.5498,5.6180,5.6802,5.0161,3
2458310.539587,14.4904,-20.4112,6.5498,5.6180,5.6802,5.0161,3
2458310.567717,23.0038,-22.5504,6.5498,5.6180,5.6802,5.0161,3
2458310.585207,14.3284,-28.0473,6.5498,5.6180,5.6802,5.0161,3
2458310.602327,14.6150,-20.7111,6.5498,5.6180,5.6802,5.0161,3
2458310.621427,8.0152,-14.0737,6.5498,5.6180,5.6802,5.0161,3
2458310.666117,12.1444,-9.3344,6.5498,5.6180,5.6802,5.0161,3
2458310.683297,14.4091,-21.2296,6.5498,5.6180,5.6802,5.0161,3
2458310.699907,10.5909,-19.8380,6.5498,5.6180,5.6802,5.0161,3
2458310.716607,10.0194,-17.0498,6.5498,5.6180,5.6802,5.0161,3
2458310.733847,19.7000,-19.6312,6.5498,5.6180,5.6802,5.0161,3
2458310.761217,9.3056,-20.4556,6.5498,5.6180,5.6802,5.0161,3
2458310.778197,2.1661,-23.0312,6.5498,5.6180,5.6802,5.0161,3
2458310.807087,19.2785,-8.8672,6.5498,5.6180,5.6802,5.0161,3
2458311.532037,15.6477,-23.3955,6.5498,5.6180,5.6802,5.0161,3
2458311.549477,0.5802,-26.7275,6.5498,5.6180,5.6802,5.0161,3
2458311.567667,13.6138,-15.2765,6.5498,5.6180,5.6802,5.0161,3
2458311.584267,15.2800,-25.7291,6.5498,5.6180,5.6802,5.0161,3
2458311.601267,18.8261,-11.4429,6.5498,5.6180,5.6802,5.0161,3
2458311.629857,14.3358,-10.4458,6.5498,5.6180,5.6802,5.0161,3
2458311.657377,20.7435,-9.1826,6.5498,5.6180,5.6802,5.0161,3
2458311.674437,9.6323,-19.3875,6.5498,5.6180,5.6802,5.0161,3
2458311.708007,16.1214,-15.3096,6.5498,5.6180,5.6802,5.0161,3
2458311.735447,12.8523,-21.4720,6.5498,5.6180,5.6802,5.0161,3
2458311.752597,10.3994,-25.4131,6.5498,5.6180,5.6802,5.0161,3
2458311.769637,18.2279,-11.8356,6.5498,5.6180,5.6802,5.0161,3
2458311.799257,10.0235,-17.4139,6.5498,5.6180,5.6802,5.0161,3
2458312.511187,20.6115,-26.2970,6.5498,5.6180,5.6802,5.0161,3
2458312.528637,9.9353,-12.2705,6.5498,5.6180,5.6802,5.0161,3
2458312.567837,12.7249,-16.4096,6.5498,5.6180,5.6802,5.0161,3
2458312.651537,13.8036,-15.6251,6.5498,5.6180,5.6802,5.0161,3
2458312.668367,15.6214,-17.1718,6.5498,5.6180,5.6802,5.0161,3
2458312.712667,18.3299,-12.1596,6.5498,5.6180,5.6802,5.0161,3
2458312.729627,12.9860,-25.1581,6.5498,5.6180,5.6802,5.0161,3
2458312.786397,4.5718,-25.2945,6.5498,5.6180,5.6802,5.0161,3
2458312.798037,12.6337,-27.6573,6.5498,5.6180,5.6802,5.0161,3
2458313.492217,0.6332,-23.9823,6.5498,5.6180,5.6802,5.0161,3
2458313.509327,21.6792,-19.1757,6.5498,5.6180,5.6802,5.0161,3
2458313.526497,15.1125,-21.9506,6.5498,5.6180,5.6802,5.0161,3
2458313.544057,15.1235,-19.6733,6.5498,5.6180,5.6802,5.0161,3
2458313.561417,15.2455,-20.9873,6.5498,5.6180,5.6802,5.0161,3
2458313.590277,16.5897,-17.5079,6.5498,5.6180,5.6802,5.0161,3
2458313.629007,4.4483,-15.4016,6.5498,5.6180,5.6802,5.0161,3
2458313.646267,9.0478,-15.3322,6.5498,5.6180,5.6802,5.0161,3
2458313.662717,16.3388,-22.9169,6.5498,5.6180,5.6802,5.0161,3
2458313.690787,17.2693,-15.4200,6.5498,5.6180,5.6802,5.0161,3
2458313.707687,15.0106,-18.7841,6.5498,5.6180,5.6802,5.0161,3
2458313.724807,20.8384,-14.5416,6.5498,5.6180,5.6802,5.0161,3
2458313.741827,17.9439,-20.5885,6.5498,5.6180,5.6802,5.0161,3
2458313.798787,10.6937,-11.4239,6.5498,5.6180,5.6802,5.0161,3
2458314.469987,1.3193,-31.1154,6.5498,5.6180,5.6802,5.0161,3
2458314.489007,15.6985,-13.5481,6.5498,5.6180,5.6802,5.0161,3
2458314.505977,8.4543,-21.0318,6.5498,5.6180,5.6802,5.0161,3
2458314.523277,10.2169,-24.3699,6.5498,5.6180,5.6802,5.0161,3
2458314.542577,12.1013,-26.6309,6.5498,5.6180,5.6802,5.0161,3
2458314.571047,8.0864,-20.7048,6.5498,5.6180,5.6802,5.0161,3
2458314.587937,8.5856,-22.7123,6.5498,5.6180,5.6802,5.0161,3
2458314.604737,11.1263,-15.8656,6.5498,5.6180,5.6802,5.0161,3
2458314.621637,8.2488,-13.6533,6.5498,5.6180,5.6802,5.0161,3
2458314.639797,13.7389,-10.4106,6.5498,5.6180,5.6802,5.0161,3
2458314.667437,16.2298,-29.8018,6.5498,5.6180,5.6802,5.0161,3
2458314.684517,11.6626,-28.1626,6.5498,5.6180,5.6802,5.0161,3
2458314.701327,7.7479,-13.4317,6.5498,5.6180,5.6802,5.0161,3
2458314.722457,16.0396,-11.0519,6.5498,5.6180,5.6802,5.0161,3
2458314.740027,3.1134,-20.7768,6.5498,5.6180,5.6802,5.0161,3
2458314.784557,14.4397,-14.5462,6.5498,5.6180,5.6802,5.0161,3
2458315.521257,10.8314,-8.7594,6.5498,5.6180,5.6802,5.0161,3
2458316.524947,7.7024,-19.3038,6.5498,5.6180,5.6802,5.0161,3
2458316.541807,13.5150,-19.7020,6.5498,5.6180,5.6802,5.0161,3
2458316.571837,3.8921,-28.2245,6.5498,5.6180,5.6802,5.0161,3
2458316.588947,7.7474,-21.3248,6.5498,5.6180,5.6802,5.0161,3
2458316.613447,18.1721,-19.4727,6.5498,5.6180,5.6802,5.0161,3
2458316.650197,19.0252,-17.9009,6.5498,5.6180,5.6802,5.0161,3
2458316.698737,19.0447,-16.6921,6.5498,5.6180,5.6802,5.0161,3
2458316.715977,17.4651,-14.4015,6.5498,5.6180,5.6802,5.0161,3
2458316.734197,21.3612,-16.5000,6.5498,5.6180,5.6802,5.0161,3
2458316.750607,14.5313,-14.3100,6.5498,5.6180,5.6802,5.0161,3
2458316.772057,20.8380,-12.0979,6.5498,5.6180,5.6802,5.0161,3
2458320.502497,5.3036,-23.8596,6.5498,5.6180,5.6802,5.0161,3
2458320.530207,14.7108,-29.1883,6.5498,5.6180,5.6802,5.0161,3
2458320.547267,3.5421,-25.4549,6.5498,5.6180,5.6802,5.0161,3
2458320.564657,5.9578,-20.0656,6.5498,5.6180,5.6802,5.0161,3
2458320.581737,13.3831,-19.9493,6.5498,5.6180,5.6802,5.0161,3
2458320.600337,15.8656,-12.5735,6.5498,5.6180,5.6802,5.0161,3
2458320.628287,14.1930,-11.3095,6.5498,5.6180,5.6802,5.0161,3
2458320.664117,18.5411,-12.8447,6.5498,5.6180,5.6802,5.0161,3
2458320.698397,3.1037,-13.1317,6.5498,5.6180,5.6802,5.0161,3
2458320.725897,19.8715,-18.9513,6.5498,5.6180,5.6802,5.0161,3
2458320.759757,6.3212,-21.4632,6.5498,5.6180,5.6802,5.0161,3
2458321.475447,13.4565,-26.1372,6.5498,5.6180,5.6802,5.0161,3
2458321.492507,14.1084,-19.6441,6.5498,5.6180,5.6802,5.0161,3
2458322.524477,16.3411,-18.3704,6.5498,5.6180,5.6802,5.0161,3
2458322.572297,17.8160,-17.1572,6.5498,5.6180,5.6802,5.0161,3
2458322.609397,10.2402,-24.7196,6.5498,5.6180,5.6802,5.0161,3
2458323.566617,11.4113,-23.6638,6.5498,5.6180,5.6802,5.0161,3
2458323.585337,8.1779,-24.9833,6.5498,5.6180,5.6802,5.0161,3
2458323.602457,11.9840,-25.4443,6.5498,5.6180,5.6802,5.0161,3
2458328.570927,9.2426,-20.0843,6.5498,5.6180,5.6802,5.0161,3
2458328.592367,20.9830,-25.2734,6.5498,5.6180,5.6802,5.0161,3
2458328.609427,12.1294,-25.0383,6.5498,5.6180,5.6802,5.0161,3
2458328.628967,14.5440,-21.4028,6.5498,5.6180,5.6802,5.0161,3
2458328.695357,13.9897,-10.6923,6.5498,5.6180,5.6802,5.0161,3
2458328.746537,5.7954,-13.1823,6.5498,5.6180,5.6802,5.0161,3
2458329.512097,16.8245,-9.7623,6.5498,5.6180,5.6802,5.0161,3
2458329.528587,4.1379,-18.8292,6.5498,5.6180,5.6802,5.0161,3
2458329.545857,10.5531,-14.2540,6.5498,5.6180,5.6802,5.0161,3
2458329.562177,18.6474,-14.3525,6.5498,5.6180,5.6802,5.0161,3
2458329.590137,11.7713,-17.0638,6.5498,5.6180,5.6802,5.0161,3
2458329.606847,6.7868,-17.3754,6.5498,5.6180,5.6802,5.0161,3
2458329.624207,7.2689,-14.6786,6.5498,5.6180,5.6802,5.0161,3
2458329.641217,19.0167,-19.3483,6.5498,5.6180,5.6802,5.0161,3
2458329.664307,20.3710,-17.7408,6.5498,5.6180,5.6802,5.0161,3
2458329.691937,20.3039,-14.0946,6.5498,5.6180,5.6802,5.0161,3
2458329.715137,21.0316,-16.4924,6.5498,5.6180,5.6802,5.0161,3
2458329.732307,10.7123,-9.8024,6.5498,5.6180,5.6802,5.0161,3
2458329.749257,14.1835,-10.6806,6.5498,5.6180,5.6802,5.0161,3
2458330.540107,5.6721,-20.0517,6.5498,5.6180,5.6802,5.0161,3
2458330.557327,20.8478,-22.3274,6.5498,5.6180,5.6802,5.0161,3
2458330.574757,10.7486,-15.6626,6.5498,5.6180,5.6802,5.0161,3
2458330.678637,1.6542,-13.5680,6.5498,5.6180,5.6802,5.0161,3
2458331.471587,11.6355,-11.1914,6.5498,5.6180,5.6802,5.0161,3
2458331.488257,21.2503,-19.8537,6.5498,5.6180,5.6802,5.0161,3
2458331.505097,12.1599,-17.2406,6.5498,5.6180,5.6802,5.0161,3
2458331.521957,14.4873,-17.8551,6.5498,5.6180,5.6802,5.0161,3
2458331.549887,13.6970,-17.0999,6.5498,5.6180,5.6802,5.0161,3
2458331.583417,7.5865,-19.5085,6.5498,5.6180,5.6802,5.0161,3
2458331.600117,17.1689,-21.1061,6.5498,5.6180,5.6802,5.0161,3
2458331.619567,13.7548,-18.8382,6.5498,5.6180,5.6802,5.0161,3
2458331.637867,11.6806,-22.8756,6.5498,5.6180,5.6802,5.0161,3
2458331.665297,14.5005,-21.9842,6.5498,5.6180,5.6802,5.0161,3
2458331.682457,15.9854,-11.6300,6.5498,5.6180,5.6802,5.0161,3
2458331.699377,16.9210,-28.1887,6.5498,5.6180,5.6802,5.0161,3
2458331.716147,16.9929,-9.6162,6.5498,5.6180,5.6802,5.0161,3
2458331.733397,12.8680,-17.0344,6.5498,5.6180,5.6802,5.0161,3
2458332.490647,15.2217,-17.1893,6.5498,5.6180,5.6802,5.0161,3
2458332.507667,14.9101,-16.9375,6.5498,5.6180,5.6802,5.0161,3
2458332.559317,3.8553,-16.8392,6.5498,5.6180,5.6802,5.0161,3
2458332.587277,9.9804,-20.3162,6.5498,5.6180,5.6802,5.0161,3
2458332.604257,10.6898,-16.7760,6.5498,5.6180,5.6802,5.0161,3
2458332.621497,7.1429,-16.3277,6.5498,5.6180,5.6802,5.0161,3
2458332.638647,5.5536,-21.2201,6.5498,5.6180,5.6802,5.0161,3
2458332.655497,10.8774,-16.9590,6.5498,5.6180,5.6802,5.0161,3
2458332.701497,14.7213,-18.3997,6.5498,5.6180,5.6802,5.0161,3
2458333.495617,9.0861,-17.3820,6.5498,5.6180,5.6802,5.0161,3
2458333.523907,10.9661,-26.5835,6.5498,5.6180,5.6802,5.0161,3
2458333.564177,18.6780,-20.8759,6.5498,5.6180,5.6802,5.0161,3
2458334.520287,5.7904,-8.1565,6.5498,5.6180,5.6802,5.0161,3
2458334.548617,15.8990,-16.3107,6.5498,5.6180,5.6802,5.0161,3
2458334.582987,17.9597,-16.6153,6.5498,5.6180,5.6802,5.0161,3
2458334.601747,17.8379,-17.0523,6.5498,5.6180,5.6802,5.0161,3
2458334.618767,16.0555,-13.1683,6.5498,5.6180,5.6802,5.0161,3
2458334.646367,17.2519,-8.6959,6.5498,5.6180,5.6802,5.0161,3
2458334.680647,12.9748,-21.5528,6.5498,5.6180,5.6802,5.0161,3
2458335.499957,15.9481,-19.9695,6.5498,5.6180,5.6802,5.0161,3
2458335.521507,18.6721,-21.7418,6.5498,5.6180,5.6802,5.0161,3
2458335.555747,7.3122,-15.3570,6.5498,5.6180,5.6802,5.0161,3
2458335.573007,16.2858,-16.8376,6.5498,5.6180,5.6802,5.0161,3
2458335.600297,8.3304,-27.2016,6.5498,5.6180,5.6802,5.0161,3
2458335.634537,19.5834,-16.1067,6.5498,5.6180,5.6802,5.0161,3
2458335.651727,12.9674,-18.8407,6.5498,5.6180,5.6802,5.0161,3
2458336.475357,13.1236,-21.8535,6.5498,5.6180,5.6802,5.0161,3
2458336.492757,10.4533,-16.6389,6.5498,5.6180,5.6802,5.0161,3
2458336.520397,10.1187,-14.3879,6.5498,5.6180,5.6802,5.0161,3
2458336.564677,13.3416,-11.3836,6.5498,5.6180,5.6802,5.0161,3
2458336.581707,8.5363,-16.4518,6.5498,5.6180,5.6802,5.0161,3
2458336.633527,20.4143,-17.7914,6.5498,5.6180,5.6802,5.0161,3
2458336.715437,18.2035,-19.5640,6.5498,5.6180,5.6802,5.0161,3
2458338.581977,8.4061,-10.1402,6.5498,5.6180,5.6802,5.0161,3
2458338.610627,12.0436,-23.5896,6.5498,5.6180,5.6802,5.0161,3
2458338.627827,4.1868,-17.2126,6.5498,5.6180,5.6802,5.0161,3
2458339.473997,11.1749,-19.6821,6.5498,5.6180,5.6802,5.0161,3
2458339.493747,15.4016,-25.2742,6.5498,5.6180,5.6802,5.0161,3
2458339.511947,2.9274,-13.9582,6.5498,5.6180,5.6802,5.0161,3
2458339.516827,7.4113,-17.9108,6.5498,5.6180,5.6802,5.0161,3
2458339.533997,11.8391,-18.4019,6.5498,5.6180,5.6802,5.0161,3
2458339.550887,17.7346,-16.0303,6.5498,5.6180,5.6802,5.0161,3
2458339.578487,8.3241,-18.3655,6.5498,5.6180,5.6802,5.0161,3
2458339.602127,12.0035,-11.2398,6.5498,5.6180,5.6802,5.0161,3
2458340.524577,13.1332,-21.1524,6.5498,5.6180,5.6802,5.0161,3
2458340.562367,18.1193,-27.4283,6.5498,5.6180,5.6802,5.0161,3
2458340.579747,9.2489,-20.4144,6.5498,5.6180,5.6802,5.0161,3
2458340.624297,10.2088,-24.3068,6.5498,5.6180,5.6802,5.0161,3
2458340.643227,22.1345,-8.4334,6.5498,5.6180,5.6802,5.0161,3
2458340.725437,14.9330,-14.1581,6.5498,5.6180,5.6802,5.0161,3
2458341.500827,14.5696,-16.8904,6.5498,5.6180,5.6802,5.0161,3
2458341.518267,17.8507,-15.9093,6.5498,5.6180,5.6802,5.0161,3
2458341.563557,17.9053,-17.1361,6.5498,5.6180,5.6802,5.0161,3
2458341.581297,14.2873,-11.9411,6.5498,5.6180,5.6802,5.0161,3
2458341.598747,18.1712,-17.6561,6.5498,5.6180,5.6802,5.0161,3
2458341.615797,14.5600,-15.7431,6.5498,5.6180,5.6802,5.0161,3
2458341.661797,5.7660,-18.5102,6.5498,5.6180,5.6802,5.0161,3
2458341.695777,1.0740,-12.9229,6.5498,5.6180,5.6802,5.0161,3
2458341.719387,8.2093,-8.5821,6.5498,5.6180,5.6802,5.0161,3
2458342.468257,11.1494,-24.0972,6.5498,5.6180,5.6802,5.0161,3
2458342.485377,21.2788,-21.1893,6.5498,5.6180,5.6802,5.0161,3
2458342.502597,18.5330,-17.3742,6.5498,5.6180,5.6802,5.0161,3
2458342.549837,12.5372,-11.6279,6.5498,5.6180,5.6802,5.0161,3
2458342.567017,13.4210,-12.2129,6.5498,5.6180,5.6802,5.0161,3
2458342.589037,9.7070,-21.3015,6.5498,5.6180,5.6802,5.0161,3
2458342.606037,12.5112,-13.6432,6.5498,5.6180,5.6802,5.0161,3
2458342.623107,20.4091,-15.1398,6.5498,5.6180,5.6802,5.0161,3
2458342.650537,8.7734,-8.7091,6.5498,5.6180,5.6802,5.0161,3
2458342.702387,9.8742,-26.4528,6.5498,5.6180,5.6802,5.0161,3
2458343.486957,13.0513,-22.3226,6.5498,5.6180,5.6802,5.0161,3
2458343.503637,4.4746,-18.5238,6.5498,5.6180,5.6802,5.0161,3
2458343.531767,4.4655,-21.8480,6.5498,5.6180,5.6802,5.0161,3
2458343.549017,14.2535,-26.7761,6.5498,5.6180,5.6802,5.0161,3
2458343.570457,8.0758,-22.3888,6.5498,5.6180,5.6802,5.0161,3
2458343.587767,7.2491,-23.5952,6.5498,5.6180,5.6802,5.0161,3
2458343.605047,9.4333,-14.5010,6.5498,5.6180,5.6802,5.0161,3
2458343.632407,12.3969,-27.6053,6.5498,5.6180,5.6802,5.0161,3
2458344.474257,18.7413,-24.0048,6.5498,5.6180,5.6802,5.0161,3
2458344.514347,19.7463,-14.0160,6.5498,5.6180,5.6802,5.0161,3
2458344.566697,11.8989,-13.4720,6.5498,5.6180,5.6802,5.0161,3
2458344.590687,13.8164,-11.7543,6.5498,5.6180,5.6802,5.0161,3
2458344.654107,14.9290,-9.5075,6.5498,5.6180,5.6802,5.0161,3
2458344.682807,21.2304,-17.6460,6.5498,5.6180,5.6802,5.0161,3
2458344.712977,6.8387,-21.5480,6.5498,5.6180,5.6802,5.0161,3
2458345.482407,14.4474,-19.6099,6.5498,5.6180,5.6802,5.0161,3
2458345.498927,4.9800,-23.1251,6.5498,5.6180,5.6802,5.0161,3
2458345.515167,9.3870,-23.8352,6.5498,5.6180,5.6802,5.0161,3
2458345.536367,16.2634,-16.3807,6.5498,5.6180,5.6802,5.0161,3
2458345.585537,16.1216,-16.8625,6.5498,5.6180,5.6802,5.0161,3
2458345.604527,14.5955,-20.1801,6.5498,5.6180,5.6802,5.0161,3
2458345.687437,10.6145,-13.3607,6.5498,5.6180,5.6802,5.0161,3
2458346.466377,6.2320,-17.6587,6.5498,5.6180,5.6802,5.0161,3
2458346.490457,11.3834,-21.8639,6.5498,5.6180,5.6802,5.0161,3
2458346.535157,15.2467,-18.1675,6.5498,5.6180,5.6802,5.0161,3
2458346.566487,21.0992,-15.2928,6.5498,5.6180,5.6802,5.0161,3
2458346.583667,13.2334,-13.7039,6.5498,5.6180,5.6802,5.0161,3
2458346.618997,5.5131,-9.4591,6.5498,5.6180,5.6802,5.0161,3
2458346.663367,9.5727,-19.7027,6.5498,5.6180,5.6802,5.0161,3
2458346.680617,21.1931,-17.3618,6.5498,5.6180,5.6802,5.0161,3
2458347.474067,10.5385,-20.4951,6.5498,5.6180,5.6802,5.0161,3
2458347.494497,5.8610,-24.1049,6.5498,5.6180,5.6802,5.0161,3
2458347.522747,11.4079,-22.5448,6.5498,5.6180,5.6802,5.0161,3
2458347.539687,11.6205,-16.1840,6.5498,5.6180,5.6802,5.0161,3
2458347.573617,7.2544,-21.1848,6.5498,5.6180,5.6802,5.0161,3
2458347.594137,16.1837,-17.4681,6.5498,5.6180,5.6802,5.0161,3
2458347.622007,13.9137,-18.5506,6.5498,5.6180,5.6802,5.0161,3
2458347.676647,19.1437,-10.8159,6.5498,5.6180,5.6802,5.0161,3
2458347.695837,0.1212,-16.4954,6.5498,5.6180,5.6802,5.0161,3
2458349.475987,22.3039,-19.2310,6.5498,5.6180,5.6802,5.0161,3
2458349.492667,11.2393,-23.8592,6.5498,5.6180,5.6802,5.0161,3
2458349.509807,9.4362,-17.3012,6.5498,5.6180,5.6802,5.0161,3
2458349.526947,10.3904,-25.7903,6.5498,5.6180,5.6802,5.0161,3
2458349.554697,11.7271,-16.5499,6.5498,5.6180,5.6802,5.0161,3
2458349.571817,9.3633,-16.3191,6.5498,5.6180,5.6802,5.0161,3
2458349.661877,20.4682,-13.9463,6.5498,5.6180,5.6802,5.0161,3
2458349.695947,8.8289,-22.0240,6.5498,5.6180,5.6802,5.0161,3
2458350.493437,10.1061,-19.4877,6.5498,5.6180,5.6802,5.0161,3
2458350.521727,3.0202,-22.4839,6.5498,5.6180,5.6802,5.0161,3
2458350.538897,3.1332,-17.7382,6.5498,5.6180,5.6802,5.0161,3
2458350.556147,2.2418,-18.0704,6.5498,5.6180,5.6802,5.0161,3
2458350.573717,5.6847,-12.6763,6.5498,5.6180,5.6802,5.0161,3
2458350.590547,3.6002,-18.0984,6.5498,5.6180,5.6802,5.0161,3
2458350.608677,5.1317,-17.1856,6.5498,5.6180,5.6802,5.0161,3
2458350.636927,11.8065,-13.2253,6.5498,5.6180,5.6802,5.0161,3
2458350.670567,19.1602,-13.2531,6.5498,5.6180,5.6802,5.0161,3
2458352.482577,9.2265,-22.8722,6.5498,5.6180,5.6802,5.0161,3
2458352.517447,7.4933,-27.0706,6.5498,5.6180,5.6802,5.0161,3
2458352.537017,4.4812,-26.8692,6.5498,5.6180,5.6802,5.0161,3
2458352.554207,9.0318,-20.0372,6.5498,5.6180,5.6802,5.0161,3
2458355.567997,8.4467,-22.8329,6.5498,5.6180,5.6802,5.0161,3
2458355.614557,12.6081,-17.6176,6.5498,5.6180,5.6802,5.0161,3
2458355.631607,14.1963,-12.2996,6.5498,5.6180,5.6802,5.0161,3
2458355.648407,2.1715,-13.2918,6.5498,5.6180,5.6802,5.0161,3
2458355.682267,3.1794,-21.8004,6.5498,5.6180,5.6802,5.0161,3
2458356.476847,19.5433,-22.8044,6.5498,5.6180,5.6802,5.0161,3
2458356.523717,8.2226,-14.8026,6.5498,5.6180,5.6802,5.0161,3
2458356.541207,11.8744,-16.1310,6.5498,5.6180,5.6802,5.0161,3
2458356.620227,13.4072,-12.0410,6.5498,5.6180,5.6802,5.0161,3
2458356.637447,9.1410,-25.7068,6.5498,5.6180,5.6802,5.0161,3
2458356.654117,22.0299,-18.4822,6.5498,5.6180,5.6802,5.0161,3
2458357.506507,8.7379,-16.8405,6.5498,5.6180,5.6802,5.0161,3
2458357.534247,14.6334,-14.4962,6.5498,5.6180,5.6802,5.0161,3
2458357.555667,16.0987,-25.5807,6.5498,5.6180,5.6802,5.0161,3
2458357.573147,10.6398,-15.4263,6.5498,5.6180,5.6802,5.0161,3
2458357.590257,10.2786,-19.2140,6.5498,5.6180,5.6802,5.0161,3
2458357.653937,22.6575,-14.5117,6.5498,5.6180,5.6802,5.0161,3
2458358.492637,1.2219,-20.6994,6.5498,5.6180,5.6802,5.0161,3
2458358.511417,11.1641,-25.5475,6.5498,5.6180,5.6802,5.0161,3
2458358.538927,4.0834,-17.4349,6.5498,5.6180,5.6802,5.0161,3
2458358.555977,-1.2586,-25.8101,6.5498,5.6180,5.6802,5.0161,3
2458358.573797,8.1461,-19.7299,6.5498,5.6180,5.6802,5.0161,3
2458358.590847,15.6377,-16.5619,6.5498,5.6180,5.6802,5.0161,3
2458358.607837,14.0586,-12.5424,6.5498,5.6180,5.6802,5.0161,3
2458358.638407,11.0740,-12.2718,6.5498,5.6180,5.6802,5.0161,3
2458359.468847,11.7942,-18.2166,6.5498,5.6180,5.6802,5.0161,3
2458359.485977,4.3922,-15.8013,6.5498,5.6180,5.6802,5.0161,3
2458359.503207,10.5458,-19.9097,6.5498,5.6180,5.6802,5.0161,3
2458359.523537,14.1262,-12.0723,6.5498,5.6180,5.6802,5.0161,3
2458359.540907,8.5832,-16.8017,6.5498,5.6180,5.6802,5.0161,3
2458359.575587,6.3958,-15.4348,6.5498,5.6180,5.6802,5.0161,3
2458359.592707,12.5576,-18.5863,6.5498,5.6180,5.6802,5.0161,3
2458359.609907,3.6738,-19.8267,6.5498,5.6180,5.6802,5.0161,3
2458359.627207,10.8361,-20.8423,6.5498,5.6180,5.6802,5.0161,3
2458359.644127,5.3441,-10.3212,6.5498,5.6180,5.6802,5.0161,3
2458360.472247,8.3234,-13.8406,6.5498,5.6180,5.6802,5.0161,3
2458360.489237,8.7654,-22.1445,6.5498,5.6180,5.6802,5.0161,3
2458360.505797,15.9267,-20.8310,6.5498,5.6180,5.6802,5.0161,3
2458360.541007,11.9109,-20.9081,6.5498,5.6180,5.6802,5.0161,3
2458360.577547,3.3232,-15.1846,6.5498,5.6180,5.6802,5.0161,3
2458360.614507,19.1058,-19.1495,6.5498,5.6180,5.6802,5.0161,3
2458360.631067,14.6995,-17.9311,6.5498,5.6180,5.6802,5.0161,3
2458360.648477,19.5176,-17.1833,6.5498,5.6180,5.6802,5.0161,3
2458363.513577,16.3966,-21.8969,6.5498,5.6180,5.6802,5.0161,3
2458363.530647,13.3746,-17.3497,6.5498,5.6180,5.6802,5.0161,3
2458363.547897,-3.1229,-16.0387,6.5498,5.6180,5.6802,5.0161,3
2458363.594747,15.3298,-7.5840,6.5498,5.6180,5.6802,5.0161,3
2458363.630007,19.2132,-8.2784,6.5498,5.6180,5.6802,5.0161,3
2458364.471457,17.6553,-20.4220,6.5498,5.6180,5.6802,5.0161,3
2458364.501127,16.6312,-20.0939,6.5498,5.6180,5.6802,5.0161,3
2458364.518857,4.4099,-12.6896,6.5498,5.6180,5.6802,5.0161,3
2458364.535857,16.2812,-19.5430,6.5498,5.6180,5.6802,5.0161,3
2458364.552717,13.2680,-26.3606,6.5498,5.6180,5.6802,5.0161,3
2458364.569287,9.2625,-14.2735,6.5498,5.6180,5.6802,5.0161,3
2458364.599537,16.9232,-13.5731,6.5498,5.6180,5.6802,5.0161,3
2458365.474347,11.5855,-9.2222,6.5498,5.6180,5.6802,5.0161,3
2458365.514267,19.0620,-8.0502,6.5498,5.6180,5.6802,5.0161,3
2458365.541947,1.2482,-27.4973,6.5498,5.6180,5.6802,5.0161,3
2458365.558907,-0.8481,-14.7805,6.5498,5.6180,5.6802,5.0161,3
2458365.575737,12.5602,-16.8490,6.5498,5.6180,5.6802,5.0161,3
2458366.499277,5.9767,-24.0360,6.5498,5.6180,5.6802,5.0161,3
2458366.543537,6.2732,-8.3520,6.5498,5.6180,5.6802,5.0161,3
2458366.570997,24.4829,-17.2017,6.5498,5.6180,5.6802,5.0161,3
2458366.587567,16.5812,-16.4132,6.5498,5.6180,5.6802,5.0161,3
2458366.604787,16.8190,-19.8496,6.5498,5.6180,5.6802,5.0161,3
2458366.621747,24.0303,-19.5461,6.5498,5.6180,5.6802,5.0161,3
2458366.648237,-0.5274,-24.8548,6.5498,5.6180,5.6802,5.0161,3
2458367.498077,-1.4643,-26.9871,6.5498,5.6180,5.6802,5.0161,3
2458367.515297,5.6638,-15.4474,6.5498,5.6180,5.6802,5.0161,3
2458367.549487,10.6700,-11.7392,6.5498,5.6180,5.6802,5.0161,3
2458367.566257,12.8080,-16.4102,6.5498,5.6180,5.6802,5.0161,3
2458367.583357,18.4695,-20.0085,6.5498,5.6180,5.6802,5.0161,3
2458368.485557,19.8201,-17.7415,6.5498,5.6180,5.6802,5.0161,3
2458368.502537,5.7746,-10.5065,6.5498,5.6180,5.6802,5.0161,3
2458368.518937,8.1661,-22.1369,6.5498,5.6180,5.6802,5.0161,3
2458368.547487,10.9399,-17.2010,6.5498,5.6180,5.6802,5.0161,3
2458368.592557,-1.7058,-27.7746,6.5498,5.6180,5.6802,5.0161,3
2458369.489557,15.1002,-21.0844,6.5498,5.6180,5.6802,5.0161,3
2458369.516937,4.2713,-16.9343,6.5498,5.6180,5.6802,5.0161,3
2458369.533827,13.5577,-17.8048,6.5498,5.6180,5.6802,5.0161,3
2458369.551087,13.4376,-19.7202,6.5498,5.6180,5.6802,5.0161,3
2458369.567937,22.6820,-13.6893,6.5498,5.6180,5.6802,5.0161,3
2458369.584977,22.8739,-23.8625,6.5498,5.6180,5.6802,5.0161,3
2458370.489537,6.9408,-17.3755,6.5498,5.6180,5.6802,5.0161,3
2458370.506787,12.4684,-12.2866,6.5498,5.6180,5.6802,5.0161,3
2458370.523527,15.3525,-15.7830,6.5498,5.6180,5.6802,5.0161,3
2458370.540557,9.5338,-17.9395,6.5498,5.6180,5.6802,5.0161,3
2458370.558097,10.9084,-23.8641,6.5498,5.6180,5.6802,5.0161,3
2458370.585537,21.2687,-17.8393,6.5498,5.6180,5.6802,5.0161,3
2458370.603117,10.4042,-24.9410,6.5498,5.6180,5.6802,5.0161,3
2458370.619887,21.1984,-18.6493,6.5498,5.6180,5.6802,5.0161,3
2458370.631327,0.7547,-22.6082,6.5498,5.6180,5.6802,5.0161,3
2458371.500537,8.2662,-12.5196,6.5498,5.6180,5.6802,5.0161,3
2458371.565377,12.1477,-15.3966,6.5498,5.6180,5.6802,5.0161,3
2458371.630117,19.3761,-23.5482,6.5498,5.6180,5.6802,5.0161,3
2458372.482857,10.3970,-19.4315,6.5498,5.6180,5.6802,5.0161,3
2458372.503667,6.4164,-18.8152,6.5498,5.6180,5.6802,5.0161,3
2458372.545167,12.3027,-15.8381,6.5498,5.6180,5.6802,5.0161,3
2458372.573277,16.6519,-21.9913,6.5498,5.6180,5.6802,5.0161,3
2458372.621777,18.3786,-10.7129,6.5498,5.6180,5.6802,5.0161,3
2458373.522437,7.6974,-16.9406,6.5498,5.6180,5.6802,5.0161,3
2458373.540097,11.1900,-20.9553,6.5498,5.6180,5.6802,5.0161,3
2458373.584597,1.7732,-9.4176,6.5498,5.6180,5.6802,5.0161,3
2458373.602007,17.5005,-8.6063,6.5498,5.6180,5.6802,5.0161,3
2458373.619257,22.8367,-10.1053,6.5498,5.6180,5.6802,5.0161,3
2458375.489877,21.2407,-13.9596,6.5498,5.6180,5.6802,5.0161,3
2458375.506987,11.8356,-17.1081,6.5498,5.6180,5.6802,5.0161,3
2458375.524407,22.0687,-14.0064,6.5498,5.6180,5.6802,5.0161,3
2458375.551977,8.2690,-13.1178,6.5498,5.6180,5.6802,5.0161,3
2458375.569237,23.0803,-8.0185,6.5498,5.6180,5.6802,5.0161,3
2458375.586117,17.5050,-9.8278,6.5498,5.6180,5.6802,5.0161,3
2458375.603417,13.5931,-18.1982,6.5498,5.6180,5.6802,5.0161,3
2458375.627577,9.0731,-23.9165,6.5498,5.6180,5.6802,5.0161,3
2458376.529787,20.8139,-12.6116,6.5498,5.6180,5.6802,5.0161,3
2458376.557627,12.1304,-10.8959,6.5498,5.6180,5.6802,5.0161,3
2458376.574647,19.3443,-20.0124,6.5498,5.6180,5.6802,5.0161,3
2458376.608747,12.5374,-14.8073,6.5498,5.6180,5.6802,5.0161,3
2458377.481277,10.7834,-13.0050,6.5498,5.6180,5.6802,5.0161,3
2458377.560277,17.2291,-19.9639,6.5498,5.6180,5.6802,5.0161,3
2458377.576987,7.7466,-20.5791,6.5498,5.6180,5.6802,5.0161,3
2458377.593927,16.5003,-24.4390,6.5498,5.6180,5.6802,5.0161,3
2458378.508387,7.5475,-16.9858,6.5498,5.6180,5.6802,5.0161,3
2458378.525787,11.6326,-9.3160,6.5498,5.6180,5.6802,5.0161,3
2458378.543007,16.4671,-21.4856,6.5498,5.6180,5.6802,5.0161,3
2458378.559547,20.3986,-15.1497,6.5498,5.6180,5.6802,5.0161,3
2458378.611267,23.6009,-16.2280,6.5498,5.6180,5.6802,5.0161,3
2458380.575577,16.0220,-17.8277,6.5498,5.6180,5.6802,5.0161,3
2458380.609487,15.2824,-18.8876,6.5498,5.6180,5.6802,5.0161,3
2458382.489417,15.9823,-17.7301,6.5498,5.6180,5.6802,5.0161,3
2458382.507277,12.1218,-16.3094,6.5498,5.6180,5.6802,5.0161,3
2458382.524477,9.4195,-24.8395,6.5498,5.6180,5.6802,5.0161,3
2458382.541527,10.4297,-17.4450,6.5498,5.6180,5.6802,5.0161,3
2458382.574287,14.0727,-11.6637,6.5498,5.6180,5.6802,5.0161,3
2458382.591187,15.5672,-10.4410,6.5498,5.6180,5.6802,5.0161,3
2458382.608427,20.2293,-8.3437,6.5498,5.6180,5.6802,5.0161,3
2458383.477697,12.2386,-22.9292,6.5498,5.6180,5.6802,5.0161,3
2458383.496297,7.8078,-25.0464,6.5498,5.6180,5.6802,5.0161,3
2458383.513537,9.1536,-20.0636,6.5498,5.6180,5.6802,5.0161,3
2458383.541267,9.7065,-22.3423,6.5498,5.6180,5.6802,5.0161,3
2458383.558227,17.1106,-10.8850,6.5498,5.6180,5.6802,5.0161,3
2458383.581587,19.2447,-15.0617,6.5498,5.6180,5.6802,5.0161,3
2458384.493467,8.6785,-15.4074,6.5498,5.6180,5.6802,5.0161,3
2458384.511157,20.8596,-18.5618,6.5498,5.6180,5.6802,5.0161,3
2458384.539087,10.0277,-11.8068,6.5498,5.6180,5.6802,5.0161,3
2458384.557857,14.0980,-8.4346,6.5498,5.6180,5.6802,5.0161,3
2458384.574997,10.9288,-15.9405,6.5498,5.6180,5.6802,5.0161,3
2458385.490867,16.4859,-24.2221,6.5498,5.6180,5.6802,5.0161,3
2458385.523707,12.7205,-12.4903,6.5498,5.6180,5.6802,5.0161,3
2458385.540837,7.2939,-8.8366,6.5498,5.6180,5.6802,5.0161,3
2458385.558487,7.1629,-21.7835,6.5498,5.6180,5.6802,5.0161,3
2458385.575967,11.1769,-23.8681,6.5498,5.6180,5.6802,5.0161,3
2458386.499677,11.2865,-8.8379,6.5498,5.6180,5.6802,5.0161,3
2458386.516847,12.3847,-8.1121,6.5498,5.6180,5.6802,5.0161,3
2458386.534207,19.0565,-17.3839,6.5498,5.6180,5.6802,5.0161,3
2458387.518727,16.9601,-13.2026,6.5498,5.6180,5.6802,5.0161,3
2458387.536177,12.5761,-4.2269,6.5498,5.6180,5.6802,5.0161,3
2458390.514577,21.2923,-8.8006,6.5498,5.6180,5.6802,5.0161,3
2458390.533417,7.1559,-2.8522,6.5498,5.6180,5.6802,5.0161,3
2458390.550717,18.5432,-15.5261,6.5498,5.6180,5.6802,5.0161,3
2458393.498697,10.7155,-13.6325,6.5498,5.6180,5.6802,5.0161,3
2458393.516017,8.9061,-12.2208,6.5498,5.6180,5.6802,5.0161,3
2458393.566717,19.1023,-15.2377,6.5498,5.6180,5.6802,5.0161,3
2458394.483377,19.3133,-21.5034,6.5498,5.6180,5.6802,5.0161,3
2458394.501547,17.6729,-11.5247,6.5498,5.6180,5.6802,5.0161,3
2458394.518947,17.4708,-10.4716,6.5498,5.6180,5.6802,5.0161,3
2458394.536277,14.4960,-9.0730,6.5498,5.6180,5.6802,5.0161,3
2458394.566427,11.0284,-15.9325,6.5498,5.6180,5.6802,5.0161,3
2458395.550757,17.5774,-5.0814,6.5498,5.6180,5.6802,5.0161,3
2458397.490507,18.0340,-24.8884,6.5498,5.6180,5.6802,5.0161,3
2458397.554127,17.4954,-6.6855,6.5498,5.6180,5.6802,5.0161,3
2458398.552287,12.6905,-13.5671,6.5498,5.6180,5.6802,5.0161,3
2458406.505647,11.5874,-29.3715,6.5498,5.6180,5.6802,5.0161,3
2458407.489307,12.5444,-14.6970,6.5498,5.6180,5.6802,5.0161,3
2458407.533727,8.4418,-12.0203,6.5498,5.6180,5.6802,5.0161,3
2458408.507197,11.7846,-2.6481,6.5498,5.6180,5.6802,5.0161,3
2458409.498007,29.0375,-15.5707,6.5498,5.6180,5.6802,5.0161,3
2458409.514957,14.4448,-23.5518,6.5498,5.6180,5.6802,5.0161,3
2458411.507187,27.4206,-2.9672,6.5498,5.6180,5.6802,5.0161,3
2458411.523997,11.3881,-9.9640,6.5498,5.6180,5.6802,5.0161,3
2458412.498527,19.0684,-23.5572,6.5498,5.6180,5.6802,5.0161,3
2458412.515517,25.4869,-5.9274,6.5498,5.6180,5.6802,5.0161,3
2458533.872867,16.4159,-15.8978,6.5498,5.6180,7.5495,5.9064,4
2458533.889787,20.0834,-22.6793,6.5498,5.6180,7.5495,5.9064,4
2458534.871137,14.4599,-16.0892,6.5498,5.6180,7.5495,5.9064,4
2458534.887667,15.2529,-18.5129,6.5498,5.6180,7.5495,5.9064,4
2458535.884707,12.5649,-14.0169,6.5498,5.6180,7.5495,5.9064,4
2458536.896637,7.1666,-13.1348,6.5498,5.6180,7.5495,5.9064,4
2458537.851727,9.4875,-15.0693,6.5498,5.6180,7.5495,5.9064,4
2458537.868707,5.2316,-15.0004,6.5498,5.6180,7.5495,5.9064,4
2458537.885627,13.9779,-14.1372,6.5498,5.6180,7.5495,5.9064,4
2458539.859617,6.5667,-21.4353,6.5498,5.6180,7.5495,5.9064,4
2458539.893237,9.9256,-14.1645,6.5498,5.6180,7.5495,5.9064,4
2458540.862287,10.5722,-23.9116,6.5498,5.6180,7.5495,5.9064,4
2458540.880377,12.1758,-24.3321,6.5498,5.6180,7.5495,5.9064,4
2458540.896897,18.6402,-13.4547,6.5498,5.6180,7.5495,5.9064,4
2458541.901047,10.9843,-21.7492,6.5498,5.6180,7.5495,5.9064,4
2458542.856017,16.0224,-16.6054,6.5498,5.6180,7.5495,5.9064,4
2458542.873107,15.0873,-17.8685,6.5498,5.6180,7.5495,5.9064,4
2458542.900977,9.4843,-11.9003,6.5498,5.6180,7.5495,5.9064,4
2458543.856717,11.6575,-8.9752,6.5498,5.6180,7.5495,5.9064,4
2458543.873167,8.6323,-9.0039,6.5498,5.6180,7.5495,5.9064,4
2458543.890397,11.4413,-15.9637,6.5498,5.6180,7.5495,5.9064,4
2458544.836077,7.5581,-15.2463,6.5498,5.6180,7.5495,5.9064,4
2458544.853447,4.2658,-18.0948,6.5498,5.6180,7.5495,5.9064,4
2458544.872077,6.5707,-12.4084,6.5498,5.6180,7.5495,5.9064,4
2458544.888227,9.4292,-7.6026,6.5498,5.6180,7.5495,5.9064,4
2458544.904757,15.0415,-15.4517,6.5498,5.6180,7.5495,5.9064,4
2458546.858587,10.6770,-15.4771,6.5498,5.6180,7.5495,5.9064,4
2458546.894497,9.0571,-16.0773,6.5498,5.6180,7.5495,5.9064,4
2458547.838027,12.9262,-10.7292,6.5498,5.6180,7.5495,5.9064,4
2458547.868837,18.3141,-17.6555,6.5498,5.6180,7.5495,5.9064,4
2458547.873057,21.4237,-19.0447,6.5498,5.6180,7.5495,5.9064,4
2458548.873037,19.3205,-13.3036,6.5498,5.6180,7.5495,5.9064,4
2458548.889337,6.4541,-13.1454,6.5498,5.6180,7.5495,5.9064,4
2458549.873557,20.5701,-10.9276,6.5498,5.6180,7.5495,5.9064,4
2458549.906747,8.5301,-13.6037,6.5498,5.6180,7.5495,5.9064,4
2458550.875817,15.2856,-20.2607,6.5498,5.6180,7.5495,5.9064,4
2458550.896687,14.8677,-10.1821,6.5498,5.6180,7.5495,5.9064,4
2458550.913337,10.0078,-12.3276,6.5498,5.6180,7.5495,5.9064,4
2458551.859497,11.0699,-19.3808,6.5498,5.6180,7.5495,5.9064,4
2458551.876367,9.8030,-14.9362,6.5498,5.6180,7.5495,5.9064,4
2458552.882727,5.9010,-13.4382,6.5498,5.6180,7.5495,5.9064,4
2458554.838127,11.7439,-11.8667,6.5498,5.6180,7.5495,5.9064,4
2458554.854757,15.7872,-21.3405,6.5498,5.6180,7.5495,5.9064,4
2458554.871597,17.1862,-18.5938,6.5498,5.6180,7.5495,5.9064,4
2458555.830247,11.2156,-16.5272,6.5498,5.6180,7.5495,5.9064,4
2458555.847247,11.8780,-17.7847,6.5498,5.6180,7.5495,5.9064,4
2458555.908187,10.3813,-10.7215,6.5498,5.6180,7.5495,5.9064,4
2458556.869617,3.6737,-12.9005,6.5498,5.6180,7.5495,5.9064,4
2458556.908997,11.9844,-18.0451,6.5498,5.6180,7.5495,5.9064,4
2458557.795897,12.2586,-11.5830,6.5498,5.6180,7.5495,5.9064,4
2458557.812457,14.7856,-8.8635,6.5498,5.6180,7.5495,5.9064,4
2458557.878057,13.1947,-11.0772,6.5498,5.6180,7.5495,5.9064,4
2458557.911777,6.4868,-10.4635,6.5498,5.6180,7.5495,5.9064,4
2458558.802447,4.2507,-13.4176,6.5498,5.6180,7.5495,5.9064,4
2458558.876117,18.7413,-13.7078,6.5498,5.6180,7.5495,5.9064,4
2458559.820397,16.8822,-13.7837,6.5498,5.6180,7.5495,5.9064,4
2458559.837367,12.8942,-7.7122,6.5498,5.6180,7.5495,5.9064,4
2458559.854197,4.0995,-18.2370,6.5498,5.6180,7.5495,5.9064,4
2458559.870967,19.2806,-11.5457,6.5498,5.6180,7.5495,5.9064,4
2458560.788547,6.2837,-14.9045,6.5498,5.6180,7.5495,5.9064,4
2458560.807307,5.6721,-21.5294,6.5498,5.6180,7.5495,5.9064,4
2458560.823877,13.7260,-14.9975,6.5498,5.6180,7.5495,5.9064,4
2458560.840627,7.8859,-19.7975,6.5498,5.6180,7.5495,5.9064,4
2458560.884397,16.8929,-11.7579,6.5498,5.6180,7.5495,5.9064,4
2458560.900917,4.9773,-14.9272,6.5498,5.6180,7.5495,5.9064,4
2458561.813817,10.0605,-17.5872,6.5498,5.6180,7.5495,5.9064,4
2458561.830627,19.2436,-18.4278,6.5498,5.6180,7.5495,5.9064,4
2458561.866187,8.3254,-11.4864,6.5498,5.6180,7.5495,5.9064,4
2458561.882677,14.5149,-16.3726,6.5498,5.6180,7.5495,5.9064,4
2458562.830347,12.0920,-17.3106,6.5498,5.6180,7.5495,5.9064,4
2458562.847317,8.2005,-22.7041,6.5498,5.6180,7.5495,5.9064,4
2458562.891837,13.2615,-12.9248,6.5498,5.6180,7.5495,5.9064,4
2458562.908427,14.0352,-11.8571,6.5498,5.6180,7.5495,5.9064,4
2458563.824107,9.0939,-9.8359,6.5498,5.6180,7.5495,5.9064,4
2458563.841117,14.7144,-13.6723,6.5498,5.6180,7.5495,5.9064,4
2458563.857317,21.7690,-15.3667,6.5498,5.6180,7.5495,5.9064,4
2458563.873637,17.4416,-13.8657,6.5498,5.6180,7.5495,5.9064,4
2458563.890287,15.7813,-18.7023,6.5498,5.6180,7.5495,5.9064,4
2458563.918267,8.9945,-15.9296,6.5498,5.6180,7.5495,5.9064,4
2458564.791037,14.4013,-21.3471,6.5498,5.6180,7.5495,5.9064,4
2458564.807867,9.6847,-25.1979,6.5498,5.6180,7.5495,5.9064,4
2458564.824267,16.7810,-15.0782,6.5498,5.6180,7.5495,5.9064,4
2458564.852237,0.0342,-22.1539,6.5498,5.6180,7.5495,5.9064,4
2458564.870387,13.4708,-17.6397,6.5498,5.6180,7.5495,5.9064,4
2458564.887687,5.1054,-9.9052,6.5498,5.6180,7.5495,5.9064,4
2458564.904627,11.3597,-9.3564,6.5498,5.6180,7.5495,5.9064,4
2458565.800637,12.6412,-17.9012,6.5498,5.6180,7.5495,5.9064,4
2458565.819077,12.9020,-10.3015,6.5498,5.6180,7.5495,5.9064,4
2458565.835677,-1.0495,-18.4171,6.5498,5.6180,7.5495,5.9064,4
2458565.852367,22.6195,-22.2533,6.5498,5.6180,7.5495,5.9064,4
2458565.872927,14.1247,-20.9575,6.5498,5.6180,7.5495,5.9064,4
2458565.903507,-1.7573,-13.7743,6.5498,5.6180,7.5495,5.9064,4
2458566.830767,11.0277,-10.7633,6.5498,5.6180,7.5495,5.9064,4
2458566.847907,13.0997,-12.2324,6.5498,5.6180,7.5495,5.9064,4
2458566.866677,7.7539,-22.8554,6.5498,5.6180,7.5495,5.9064,4
2458566.883337,6.2721,-20.0950,6.5498,5.6180,7.5495,5.9064,4
2458566.900097,7.0230,-14.9744,6.5498,5.6180,7.5495,5.9064,4
2458567.768387,3.4413,-15.3514,6.5498,5.6180,7.5495,5.9064,4
2458567.785127,8.1533,-13.7453,6.5498,5.6180,7.5495,5.9064,4
2458567.802917,16.2670,-18.2639,6.5498,5.6180,7.5495,5.9064,4
2458567.819807,15.0077,-14.0264,6.5498,5.6180,7.5495,5.9064,4
2458567.836317,12.4035,-20.1082,6.5498,5.6180,7.5495,5.9064,4
2458567.858057,1.7259,-23.1210,6.5498,5.6180,7.5495,5.9064,4
2458567.888407,2.1755,-15.6593,6.5498,5.6180,7.5495,5.9064,4
2458567.905027,4.5893,-11.9640,6.5498,5.6180,7.5495,5.9064,4
2458568.782897,4.4243,-23.5665,6.5498,5.6180,7.5495,5.9064,4
2458568.810057,13.7702,-15.5797,6.5498,5.6180,7.5495,5.9064,4
2458568.831287,3.7937,-7.7039,6.5498,5.6180,7.5495,5.9064,4
2458568.864627,15.2969,-18.4867,6.5498,5.6180,7.5495,5.9064,4
2458568.881477,10.6686,-11.2073,6.5498,5.6180,7.5495,5.9064,4
2458568.912677,13.2750,-12.8475,6.5498,5.6180,7.5495,5.9064,4
2458569.864017,7.1592,-14.5066,6.5498,5.6180,7.5495,5.9064,4
2458570.816257,4.6613,-16.0159,6.5498,5.6180,7.5495,5.9064,4
2458570.881567,5.8570,-11.9718,6.5498,5.6180,7.5495,5.9064,4
2458570.898027,11.3867,-17.3279,6.5498,5.6180,7.5495,5.9064,4
2458571.770757,12.7135,-18.3891,6.5498,5.6180,7.5495,5.9064,4
2458571.788247,13.4683,-20.4134,6.5498,5.6180,7.5495,5.9064,4
2458571.866757,12.7386,-11.2814,6.5498,5.6180,7.5495,5.9064,4
2458571.884087,13.8336,-10.0213,6.5498,5.6180,7.5495,5.9064,4
2458571.900817,15.8112,-14.1895,6.5498,5.6180,7.5495,5.9064,4
2458574.840827,12.8762,-18.6640,6.5498,5.6180,7.5495,5.9064,4
2458574.892927,2.7172,-8.1773,6.5498,5.6180,7.5495,5.9064,4
2458574.909637,17.3560,-15.6108,6.5498,5.6180,7.5495,5.9064,4
2458575.792477,0.9350,-24.0529,6.5498,5.6180,7.5495,5.9064,4
2458575.893287,16.8623,-19.7053,6.5498,5.6180,7.5495,5.9064,4
2458575.913657,5.6074,-9.4506,6.5498,5.6180,7.5495,5.9064,4
2458576.820377,17.0682,-14.9946,6.5498,5.6180,7.5495,5.9064,4
2458576.899367,13.1604,-10.7486,6.5498,5.6180,7.5495,5.9064,4
2458576.916197,18.6784,-22.9808,6.5498,5.6180,7.5495,5.9064,4
2458577.844227,16.5468,-24.1422,6.5498,5.6180,7.5495,5.9064,4
2458577.921227,18.7395,-17.1708,6.5498,5.6180,7.5495,5.9064,4
2458578.803147,12.8611,-15.3570,6.5498,5.6180,7.5495,5.9064,4
2458578.845007,15.1554,-15.5092,6.5498,5.6180,7.5495,5.9064,4
2458578.861667,12.0818,-6.5222,6.5498,5.6180,7.5495,5.9064,4
2458578.907217,18.8985,-18.0063,6.5498,5.6180,7.5495,5.9064,4
2458579.865177,10.6225,-14.2936,6.5498,5.6180,7.5495,5.9064,4
2458579.881967,3.9029,-17.3964,6.5498,5.6180,7.5495,5.9064,4
2458579.908957,7.3600,-22.5682,6.5498,5.6180,7.5495,5.9064,4
2458580.748627,1.7978,-10.9270,6.5498,5.6180,7.5495,5.9064,4
2458580.765907,15.3226,-15.3447,6.5498,5.6180,7.5495,5.9064,4
2458580.793377,6.2141,-19.3475,6.5498,5.6180,7.5495,5.9064,4
2458580.809717,20.1260,-12.7594,6.5498,5.6180,7.5495,5.9064,4
2458580.826387,14.6800,-5.3985,6.5498,5.6180,7.5495,5.9064,4
2458580.843477,12.8146,-10.1159,6.5498,5.6180,7.5495,5.9064,4
2458580.887627,13.3397,-5.9858,6.5498,5.6180,7.5495,5.9064,4
2458580.915117,9.2903,-10.6350,6.5498,5.6180,7.5495,5.9064,4
2458581.747747,14.7282,-9.9693,6.5498,5.6180,7.5495,5.9064,4
2458581.764447,16.7136,-14.2389,6.5498,5.6180,7.5495,5.9064,4
2458581.795017,16.1015,-11.9382,6.5498,5.6180,7.5495,5.9064,4
2458581.825077,-0.3427,-13.0346,6.5498,5.6180,7.5495,5.9064,4
2458581.841417,9.0129,-14.3195,6.5498,5.6180,7.5495,5.9064,4
2458581.858077,9.2221,-23.8959,6.5498,5.6180,7.5495,5.9064,4
2458581.874997,9.4255,-19.3528,6.5498,5.6180,7.5495,5.9064,4
2458581.891957,9.1772,-16.9142,6.5498,5.6180,7.5495,5.9064,4
2458581.918837,14.9407,-17.0018,6.5498,5.6180,7.5495,5.9064,4
2458582.779267,6.6067,-18.2963,6.5498,5.6180,7.5495,5.9064,4
2458582.796157,12.8216,-23.6364,6.5498,5.6180,7.5495,5.9064,4
2458582.813357,12.1489,-13.5000,6.5498,5.6180,7.5495,5.9064,4
2458582.830637,8.1887,-8.0005,6.5498,5.6180,7.5495,5.9064,4
2458582.861307,12.3866,-14.9372,6.5498,5.6180,7.5495,5.9064,4
2458582.878207,10.9515,-10.7191,6.5498,5.6180,7.5495,5.9064,4
2458582.894757,12.9746,-21.2246,6.5498,5.6180,7.5495,5.9064,4
2458582.911757,18.7111,-14.3907,6.5498,5.6180,7.5495,5.9064,4
2458583.768547,9.3840,-7.8814,6.5498,5.6180,7.5495,5.9064,4
2458583.785037,16.1125,-14.8238,6.5498,5.6180,7.5495,5.9064,4
2458583.818407,13.1068,-9.4571,6.5498,5.6180,7.5495,5.9064,4
2458583.912617,8.4807,-9.9415,6.5498,5.6180,7.5495,5.9064,4
2458584.740927,17.9659,-12.6379,6.5498,5.6180,7.5495,5.9064,4
2458584.761267,15.9435,-10.2348,6.5498,5.6180,7.5495,5.9064,4
2458584.778407,18.5065,-16.6032,6.5498,5.6180,7.5495,5.9064,4
2458584.800147,19.3538,-13.7438,6.5498,5.6180,7.5495,5.9064,4
2458584.843657,7.9968,-15.2867,6.5498,5.6180,7.5495,5.9064,4
2458584.860097,13.8983,-14.1027,6.5498,5.6180,7.5495,5.9064,4
2458584.877097,12.3278,-14.6256,6.5498,5.6180,7.5495,5.9064,4
2458584.893807,8.3025,-4.6139,6.5498,5.6180,7.5495,5.9064,4
2458585.740537,11.4363,-24.9750,6.5498,5.6180,7.5495,5.9064,4
2458585.757167,3.7539,-7.3272,6.5498,5.6180,7.5495,5.9064,4
2458585.776577,9.7873,-14.8910,6.5498,5.6180,7.5495,5.9064,4
2458585.793277,15.5520,-10.3216,6.5498,5.6180,7.5495,5.9064,4
2458585.809797,10.0233,-21.2154,6.5498,5.6180,7.5495,5.9064,4
2458585.839837,9.9637,-10.1428,6.5498,5.6180,7.5495,5.9064,4
2458585.860257,6.8123,-8.9748,6.5498,5.6180,7.5495,5.9064,4
2458585.877047,10.4804,-18.3118,6.5498,5.6180,7.5495,5.9064,4
2458585.899297,7.0621,-6.8836,6.5498,5.6180,7.5495,5.9064,4
2458585.915867,4.6133,-9.4375,6.5498,5.6180,7.5495,5.9064,4
2458586.726657,6.7997,-25.0908,6.5498,5.6180,7.5495,5.9064,4
2458586.761817,5.6615,-21.0246,6.5498,5.6180,7.5495,5.9064,4
2458586.778437,19.1275,-19.4506,6.5498,5.6180,7.5495,5.9064,4
2458586.794947,9.4579,-15.1469,6.5498,5.6180,7.5495,5.9064,4
2458586.821947,20.1545,-14.6587,6.5498,5.6180,7.5495,5.9064,4
2458586.838747,10.9369,-11.4764,6.5498,5.6180,7.5495,5.9064,4
2458586.855437,6.9644,-5.1271,6.5498,5.6180,7.5495,5.9064,4
2458586.875677,12.4319,-7.1115,6.5498,5.6180,7.5495,5.9064,4
2458586.892477,10.1542,-13.0448,6.5498,5.6180,7.5495,5.9064,4
2458587.764157,4.5103,-7.4341,6.5498,5.6180,7.5495,5.9064,4
2458587.807607,16.5013,-6.3778,6.5498,5.6180,7.5495,5.9064,4
2458587.841227,9.9055,-7.8828,6.5498,5.6180,7.5495,5.9064,4
2458587.858007,8.7463,-16.5445,6.5498,5.6180,7.5495,5.9064,4
2458587.876247,8.3218,-14.3812,6.5498,5.6180,7.5495,5.9064,4
2458587.905557,18.2882,-7.0791,6.5498,5.6180,7.5495,5.9064,4
2458587.922377,9.4788,-14.8255,6.5498,5.6180,7.5495,5.9064,4
2458588.729197,10.2251,-19.0775,6.5498,5.6180,7.5495,5.9064,4
2458588.752597,6.7855,-23.0650,6.5498,5.6180,7.5495,5.9064,4
2458588.781657,14.0707,-13.4502,6.5498,5.6180,7.5495,5.9064,4
2458588.798167,7.4165,-18.4441,6.5498,5.6180,7.5495,5.9064,4
2458588.815017,20.2728,-13.9686,6.5498,5.6180,7.5495,5.9064,4
2458588.832357,18.0699,-15.3724,6.5498,5.6180,7.5495,5.9064,4
2458588.848997,7.4989,-10.4585,6.5498,5.6180,7.5495,5.9064,4
2458588.869947,13.6223,-14.2159,6.5498,5.6180,7.5495,5.9064,4
2458588.913527,11.3954,-9.1091,6.5498,5.6180,7.5495,5.9064,4
2458589.719367,7.1358,-24.5818,6.5498,5.6180,7.5495,5.9064,4
2458589.802037,17.1030,-16.7606,6.5498,5.6180,7.5495,5.9064,4
2458589.818797,12.4127,-18.6203,6.5498,5.6180,7.5495,5.9064,4
2458589.835617,15.1301,-21.7312,6.5498,5.6180,7.5495,5.9064,4
2458589.863257,10.3700,-19.2496,6.5498,5.6180,7.5495,5.9064,4
2458589.896777,10.0429,-4.8596,6.5498,5.6180,7.5495,5.9064,4
2458589.914367,11.5547,-19.7282,6.5498,5.6180,7.5495,5.9064,4
2458590.770527,9.8697,-11.0697,6.5498,5.6180,7.5495,5.9064,4
2458590.787357,8.6048,-14.5026,6.5498,5.6180,7.5495,5.9064,4
2458590.803787,18.4776,-14.1470,6.5498,5.6180,7.5495,5.9064,4
2458590.819987,13.3391,-14.8676,6.5498,5.6180,7.5495,5.9064,4
2458590.848397,10.1230,-14.3834,6.5498,5.6180,7.5495,5.9064,4
2458590.865077,16.4273,-18.7869,6.5498,5.6180,7.5495,5.9064,4
2458590.898087,12.0493,-15.5467,6.5498,5.6180,7.5495,5.9064,4
2458590.914767,9.7369,-9.6002,6.5498,5.6180,7.5495,5.9064,4
2458591.760077,15.0061,-17.6164,6.5498,5.6180,7.5495,5.9064,4
2458591.776627,12.8496,-20.4612,6.5498,5.6180,7.5495,5.9064,4
2458591.823397,3.6359,-15.1583,6.5498,5.6180,7.5495,5.9064,4
2458591.840727,15.2442,-5.5280,6.5498,5.6180,7.5495,5.9064,4
2458591.844687,10.9242,-14.2816,6.5498,5.6180,7.5495,5.9064,4
2458591.861067,5.6407,-11.5620,6.5498,5.6180,7.5495,5.9064,4
2458591.894977,13.9238,-10.8937,6.5498,5.6180,7.5495,5.9064,4
2458591.917467,8.6585,-12.0361,6.5498,5.6180,7.5495,5.9064,4
2458593.754177,11.6876,-11.9557,6.5498,5.6180,7.5495,5.9064,4
2458593.771347,21.5932,-11.9418,6.5498,5.6180,7.5495,5.9064,4
2458593.804737,18.3704,-7.0156,6.5498,5.6180,7.5495,5.9064,4
2458593.876937,13.4533,-11.0534,6.5498,5.6180,7.5495,5.9064,4
2458593.893857,10.9536,-19.6393,6.5498,5.6180,7.5495,5.9064,4
2458593.910667,6.1218,-12.4689,6.5498,5.6180,7.5495,5.9064,4
2458593.927427,12.1218,-4.9750,6.5498,5.6180,7.5495,5.9064,4
2458594.719527,20.0369,-21.8228,6.5498,5.6180,7.5495,5.9064,4
2458594.735797,17.0429,-10.1711,6.5498,5.6180,7.5495,5.9064,4
2458594.752887,16.6259,-15.5526,6.5498,5.6180,7.5495,5.9064,4
2458594.769577,12.2883,-14.3817,6.5498,5.6180,7.5495,5.9064,4
2458594.786627,10.8439,-19.8156,6.5498,5.6180,7.5495,5.9064,4
2458594.841977,7.1143,-17.6342,6.5498,5.6180,7.5495,5.9064,4
2458594.862277,10.5737,-6.2678,6.5498,5.6180,7.5495,5.9064,4
2458594.878977,7.2328,-5.9701,6.5498,5.6180,7.5495,5.9064,4
2458594.901387,1.9711,-14.9217,6.5498,5.6180,7.5495,5.9064,4
2458594.928407,7.1182,-14.5229,6.5498,5.6180,7.5495,5.9064,4
2458595.799977,9.1871,-10.9864,6.5498,5.6180,7.5495,5.9064,4
2458595.816497,7.9841,-15.5609,6.5498,5.6180,7.5495,5.9064,4
2458595.833807,18.0345,-22.1585,6.5498,5.6180,7.5495,5.9064,4
2458595.864587,16.9392,-19.6653,6.5498,5.6180,7.5495,5.9064,4
2458595.920767,15.2773,-17.6217,6.5498,5.6180,7.5495,5.9064,4
2458599.703017,12.6266,-11.6950,6.5498,5.6180,7.5495,5.9064,4
2458599.719527,10.7412,-14.5461,6.5498,5.6180,7.5495,5.9064,4
2458599.736217,16.9164,-21.6785,6.5498,5.6180,7.5495,5.9064,4
2458599.752907,17.0102,-21.8769,6.5498,5.6180,7.5495,5.9064,4
2458599.797457,9.7140,-12.1671,6.5498,5.6180,7.5495,5.9064,4
2458599.815827,19.1613,-16.3414,6.5498,5.6180,7.5495,5.9064,4
2458599.832487,11.2086,-6.5442,6.5498,5.6180,7.5495,5.9064,4
2458599.871577,13.8181,-9.5212,6.5498,5.6180,7.5495,5.9064,4
2458599.898917,8.4932,-7.7103,6.5498,5.6180,7.5495,5.9064,4
2458599.915497,20.6011,-17.4352,6.5498,5.6180,7.5495,5.9064,4
2458599.916997,16.7329,-13.8707,6.5498,5.6180,7.5495,5.9064,4
2458600.679197,5.0997,-11.9020,6.5498,5.6180,7.5495,5.9064,4
2458600.695997,9.0170,-12.3255,6.5498,5.6180,7.5495,5.9064,4
2458600.724187,13.1583,-12.1360,6.5498,5.6180,7.5495,5.9064,4
2458600.744077,1.7924,-15.2848,6.5498,5.6180,7.5495,5.9064,4
2458600.769817,8.3866,-10.0882,6.5498,5.6180,7.5495,5.9064,4
2458600.786727,11.9971,-4.8681,6.5498,5.6180,7.5495,5.9064,4
2458600.803727,15.5937,-19.6945,6.5498,5.6180,7.5495,5.9064,4
2458600.833067,8.4318,-17.0910,6.5498,5.6180,7.5495,5.9064,4
2458600.864167,13.8182,-19.8910,6.5498,5.6180,7.5495,5.9064,4
2458600.897357,16.4825,-10.1306,6.5498,5.6180,7.5495,5.9064,4
2458600.914667,15.8461,-6.0000,6.5498,5.6180,7.5495,5.9064,4
2458600.931777,15.4473,-19.7649,6.5498,5.6180,7.5495,5.9064,4
2458601.738097,19.3167,-9.6584,6.5498,5.6180,7.5495,5.9064,4
2458601.754967,16.5435,-9.5590,6.5498,5.6180,7.5495,5.9064,4
2458601.771647,12.0583,-12.7561,6.5498,5.6180,7.5495,5.9064,4
2458601.798807,10.4933,-12.7629,6.5498,5.6180,7.5495,5.9064,4
2458601.815097,14.0415,-17.6682,6.5498,5.6180,7.5495,5.9064,4
2458601.847667,16.6552,-5.3263,6.5498,5.6180,7.5495,5.9064,4
2458601.864387,8.1950,-16.2154,6.5498,5.6180,7.5495,5.9064,4
2458601.892227,14.9751,-8.0179,6.5498,5.6180,7.5495,5.9064,4
2458601.920087,13.5147,-21.5153,6.5498,5.6180,7.5495,5.9064,4
2458602.731387,12.2388,-14.9398,6.5498,5.6180,7.5495,5.9064,4
2458602.798057,17.8975,-8.6523,6.5498,5.6180,7.5495,5.9064,4
2458602.843517,17.9916,-13.0603,6.5498,5.6180,7.5495,5.9064,4
2458602.860137,17.4793,-13.2264,6.5498,5.6180,7.5495,5.9064,4
2458602.877047,15.9568,-17.1847,6.5498,5.6180,7.5495,5.9064,4
2458603.675027,18.7490,-18.3885,6.5498,5.6180,7.5495,5.9064,4
2458603.692137,16.3637,-16.5977,6.5498,5.6180,7.5495,5.9064,4
2458603.753847,11.2486,-10.1587,6.5498,5.6180,7.5495,5.9064,4
2458603.770627,13.3746,-4.4742,6.5498,5.6180,7.5495,5.9064,4
2458603.790227,16.6209,-8.1270,6.5498,5.6180,7.5495,5.9064,4
2458603.806657,4.0043,-20.1379,6.5498,5.6180,7.5495,5.9064,4
2458603.854257,5.3818,-11.5638,6.5498,5.6180,7.5495,5.9064,4
2458603.871127,9.7342,-21.0069,6.5498,5.6180,7.5495,5.9064,4
2458603.888447,11.8122,-7.2722,6.5498,5.6180,7.5495,5.9064,4
2458603.905327,19.8476,-13.7794,6.5498,5.6180,7.5495,5.9064,4
2458603.922007,20.1630,-10.8368,6.5498,5.6180,7.5495,5.9064,4
2458604.790217,11.2820,-22.7612,6.5498,5.6180,7.5495,5.9064,4
2458605.681227,8.5217,-18.7975,6.5498,5.6180,7.5495,5.9064,4
2458605.743407,10.3103,-18.7458,6.5498,5.6180,7.5495,5.9064,4
2458605.759897,20.8647,-19.5338,6.5498,5.6180,7.5495,5.9064,4
2458605.840957,18.9531,-9.4147,6.5498,5.6180,7.5495,5.9064,4
2458605.922977,20.0872,-17.7167,6.5498,5.6180,7.5495,5.9064,4
2458606.684077,18.3680,-15.7263,6.5498,5.6180,7.5495,5.9064,4
2458606.700587,10.4061,-20.5623,6.5498,5.6180,7.5495,5.9064,4
2458606.729257,13.3084,-7.8427,6.5498,5.6180,7.5495,5.9064,4
2458606.745957,13.4707,-13.3911,6.5498,5.6180,7.5495,5.9064,4
2458606.767127,18.6591,-12.4337,6.5498,5.6180,7.5495,5.9064,4
2458606.786337,19.7953,-19.8349,6.5498,5.6180,7.5495,5.9064,4
2458606.882227,5.2993,-7.6363,6.5498,5.6180,7.5495,5.9064,4
2458606.899037,21.2609,-9.8506,6.5498,5.6180,7.5495,5.9064,4
2458607.744487,9.9198,-10.0800,6.5498,5.6180,7.5495,5.9064,4
2458607.771767,18.5346,-11.3015,6.5498,5.6180,7.5495,5.9064,4
2458607.788627,15.6382,-9.9028,6.5498,5.6180,7.5495,5.9064,4
2458607.822617,10.7284,-16.5966,6.5498,5.6180,7.5495,5.9064,4
2458607.844337,15.2330,-14.3159,6.5498,5.6180,7.5495,5.9064,4
2458607.861337,14.2894,-12.3282,6.5498,5.6180,7.5495,5.9064,4
2458607.888567,10.2936,-14.8105,6.5498,5.6180,7.5495,5.9064,4
2458607.905367,12.0225,-11.4574,6.5498,5.6180,7.5495,5.9064,4
2458608.668137,18.1232,-18.4463,6.5498,5.6180,7.5495,5.9064,4
2458608.717507,17.0859,-16.2490,6.5498,5.6180,7.5495,5.9064,4
2458608.733857,11.3203,-16.2411,6.5498,5.6180,7.5495,5.9064,4
2458608.754387,12.1007,-11.4239,6.5498,5.6180,7.5495,5.9064,4
2458608.770907,19.8372,-9.2123,6.5498,5.6180,7.5495,5.9064,4
2458608.814967,14.6336,-17.6037,6.5498,5.6180,7.5495,5.9064,4
2458608.848947,11.2767,-18.0116,6.5498,5.6180,7.5495,5.9064,4
2458608.865627,15.1942,-18.0229,6.5498,5.6180,7.5495,5.9064,4
2458609.687257,4.0119,-17.8215,6.5498,5.6180,7.5495,5.9064,4
2458609.748307,1.5769,-14.5104,6.5498,5.6180,7.5495,5.9064,4
2458611.695557,18.2369,-9.8795,6.5498,5.6180,7.5495,5.9064,4
2458611.722857,13.5164,-8.8125,6.5498,5.6180,7.5495,5.9064,4
2458611.739417,19.8341,-13.4262,6.5498,5.6180,7.5495,5.9064,4
2458611.770297,6.3110,-8.9823,6.5498,5.6180,7.5495,5.9064,4
2458611.786987,10.5662,-11.8495,6.5498,5.6180,7.5495,5.9064,4
2458611.820667,12.6367,-22.9361,6.5498,5.6180,7.5495,5.9064,4
2458611.853857,11.3044,-11.6732,6.5498,5.6180,7.5495,5.9064,4
2458611.893547,-0.2954,-3.2962,6.5498,5.6180,7.5495,5.9064,4
2458612.648987,16.6562,-22.8122,6.5498,5.6180,7.5495,5.9064,4
2458612.710147,9.2862,-13.3702,6.5498,5.6180,7.5495,5.9064,4
2458612.804247,10.8091,-7.5102,6.5498,5.6180,7.5495,5.9064,4
2458612.825047,1.5610,-12.8122,6.5498,5.6180,7.5495,5.9064,4
2458612.903097,14.2216,-12.9139,6.5498,5.6180,7.5495,5.9064,4
2458612.919767,11.3089,-16.1264,6.5498,5.6180,7.5495,5.9064,4
2458612.936817,0.9045,-6.4498,6.5498,5.6180,7.5495,5.9064,4
2458613.654837,5.9673,-21.4410,6.5498,5.6180,7.5495,5.9064,4
2458613.671487,2.3071,-18.8949,6.5498,5.6180,7.5495,5.9064,4
2458613.714057,15.1451,-14.7795,6.5498,5.6180,7.5495,5.9064,4
2458613.797377,9.4444,-15.6670,6.5498,5.6180,7.5495,5.9064,4
2458613.814327,14.0718,-9.9870,6.5498,5.6180,7.5495,5.9064,4
2458613.838347,12.8485,-12.9870,6.5498,5.6180,7.5495,5.9064,4
2458613.866997,9.4605,-7.2802,6.5498,5.6180,7.5495,5.9064,4
2458613.884017,13.4238,-16.4900,6.5498,5.6180,7.5495,5.9064,4
2458613.900657,9.6597,-5.2211,6.5498,5.6180,7.5495,5.9064,4
2458613.929627,13.6378,-9.5114,6.5498,5.6180,7.5495,5.9064,4
2458614.694107,11.3256,-12.8010,6.5498,5.6180,7.5495,5.9064,4
2458614.710607,11.6043,-20.0923,6.5498,5.6180,7.5495,5.9064,4
2458614.732767,18.8842,-13.4622,6.5498,5.6180,7.5495,5.9064,4
2458614.759787,5.7369,-7.8099,6.5498,5.6180,7.5495,5.9064,4
2458614.776377,11.3934,-9.2484,6.5498,5.6180,7.5495,5.9064,4
2458614.793047,14.6205,-5.6435,6.5498,5.6180,7.5495,5.9064,4
2458614.829457,18.9879,-15.0264,6.5498,5.6180,7.5495,5.9064,4
2458614.846497,11.1456,-10.6644,6.5498,5.6180,7.5495,5.9064,4
2458614.874347,11.1650,-8.0985,6.5498,5.6180,7.5495,5.9064,4
2458614.895857,6.7890,-19.1587,6.5498,5.6180,7.5495,5.9064,4
2458614.920967,10.9585,-4.4157,6.5498,5.6180,7.5495,5.9064,4
2458615.642847,3.5824,-5.7840,6.5498,5.6180,7.5495,5.9064,4
2458615.721547,13.8261,-17.6753,6.5498,5.6180,7.5495,5.9064,4
2458615.738157,20.2185,-15.9307,6.5498,5.6180,7.5495,5.9064,4
2458615.771097,10.6734,-12.9921,6.5498,5.6180,7.5495,5.9064,4
2458615.787427,6.1838,-8.9430,6.5498,5.6180,7.5495,5.9064,4
2458615.820317,7.1112,-7.9756,6.5498,5.6180,7.5495,5.9064,4
2458615.837277,13.5466,-11.2504,6.5498,5.6180,7.5495,5.9064,4
2458615.881257,9.6816,-9.7722,6.5498,5.6180,7.5495,5.9064,4
2458615.914357,16.2284,-9.8980,6.5498,5.6180,7.5495,5.9064,4
2458615.931017,19.3631,-8.0607,6.5498,5.6180,7.5495,5.9064,4
2458616.654057,-1.1806,-19.3215,6.5498,5.6180,7.5495,5.9064,4
2458616.704057,9.8317,-9.9060,6.5498,5.6180,7.5495,5.9064,4
2458616.720687,9.2510,-15.5030,6.5498,5.6180,7.5495,5.9064,4
2458616.748287,15.5058,-17.9362,6.5498,5.6180,7.5495,5.9064,4
2458616.764777,12.2299,-23.6804,6.5498,5.6180,7.5495,5.9064,4
2458616.781447,10.9588,-11.5342,6.5498,5.6180,7.5495,5.9064,4
2458616.801227,13.8069,-15.4577,6.5498,5.6180,7.5495,5.9064,4
2458616.819427,15.2283,-16.0167,6.5498,5.6180,7.5495,5.9064,4
2458616.850407,18.4187,-20.8852,6.5498,5.6180,7.5495,5.9064,4
2458616.866817,14.8151,-6.8519,6.5498,5.6180,7.5495,5.9064,4
2458616.884037,18.5181,-18.1679,6.5498,5.6180,7.5495,5.9064,4
2458617.660367,6.7180,-16.9943,6.5498,5.6180,7.5495,5.9064,4
2458617.678787,24.5903,-17.2276,6.5498,5.6180,7.5495,5.9064,4
2458617.695767,8.4024,-15.4624,6.5498,5.6180,7.5495,5.9064,4
2458617.729427,5.7325,-10.9867,6.5498,5.6180,7.5495,5.9064,4
2458617.773067,4.2712,-6.4039,6.5498,5.6180,7.5495,5.9064,4
2458617.805977,3.2075,-9.6050,6.5498,5.6180,7.5495,5.9064,4
2458617.822537,18.3073,-8.1514,6.5498,5.6180,7.5495,5.9064,4
2458617.856797,13.8370,-12.9633,6.5498,5.6180,7.5495,5.9064,4
2458617.873607,21.1461,-16.9422,6.5498,5.6180,7.5495,5.9064,4
2458617.890417,19.6670,-10.0650,6.5498,5.6180,7.5495,5.9064,4
2458617.923937,17.1594,-5.1811,6.5498,5.6180,7.5495,5.9064,4
2458618.745697,7.3375,-10.8719,6.5498,5.6180,7.5495,5.9064,4
2458618.779297,15.4761,-13.6521,6.5498,5.6180,7.5495,5.9064,4
2458618.795857,14.0894,-16.8219,6.5498,5.6180,7.5495,5.9064,4
2458618.812597,14.5897,-3.0001,6.5498,5.6180,7.5495,5.9064,4
2458618.881087,16.5115,-10.4036,6.5498,5.6180,7.5495,5.9064,4
2458618.898017,12.0799,-8.0497,6.5498,5.6180,7.5495,5.9064,4
2458618.914587,19.8903,-5.1221,6.5498,5.6180,7.5495,5.9064,4
2458619.756747,-0.6753,-10.8190,6.5498,5.6180,7.5495,5.9064,4
2458619.854127,22.5738,-13.8573,6.5498,5.6180,7.5495,5.9064,4
2458619.876567,14.1394,-8.3212,6.5498,5.6180,7.5495,5.9064,4
2458620.680497,11.9058,-8.3677,6.5498,5.6180,7.5495,5.9064,4
2458620.697487,5.7849,-8.4631,6.5498,5.6180,7.5495,5.9064,4
2458620.714247,17.6939,-16.3879,6.5498,5.6180,7.5495,5.9064,4
2458620.741797,10.9166,-10.8700,6.5498,5.6180,7.5495,5.9064,4
2458620.758357,15.5713,-12.2731,6.5498,5.6180,7.5495,5.9064,4
2458620.774797,2.9644,-15.3684,6.5498,5.6180,7.5495,5.9064,4
2458620.791287,11.1994,-14.0494,6.5498,5.6180,7.5495,5.9064,4
2458620.808077,14.7072,-20.5479,6.5498,5.6180,7.5495,5.9064,4
2458620.856897,3.6877,-12.4112,6.5498,5.6180,7.5495,5.9064,4
2458621.691737,1.9893,-14.3031,6.5498,5.6180,7.5495,5.9064,4
2458621.708417,8.9033,-20.7894,6.5498,5.6180,7.5495,5.9064,4
2458621.725227,15.0627,-18.5111,6.5498,5.6180,7.5495,5.9064,4
2458621.752317,20.9131,-21.5384,6.5498,5.6180,7.5495,5.9064,4
2458621.770647,14.5299,-16.1459,6.5498,5.6180,7.5495,5.9064,4
2458621.788797,11.5101,-15.7194,6.5498,5.6180,7.5495,5.9064,4
2458621.805247,1.6604,-18.8443,6.5498,5.6180,7.5495,5.9064,4
2458621.849357,7.5888,-18.9036,6.5498,5.6180,7.5495,5.9064,4
2458621.867157,2.8118,-5.6988,6.5498,5.6180,7.5495,5.9064,4
2458621.883597,17.2449,-7.6762,6.5498,5.6180,7.5495,5.9064,4
2458621.899927,5.0452,-13.0063,6.5498,5.6180,7.5495,5.9064,4
2458622.769527,23.2965,-10.0855,6.5498,5.6180,7.5495,5.9064,4
2458625.825957,3.9698,-11.5993,6.5498,5.6180,7.5495,5.9064,4
2458625.843147,11.3515,-20.0261,6.5498,5.6180,7.5495,5.9064,4
2458625.859797,3.9117,-20.6994,6.5498,5.6180,7.5495,5.9064,4
2458625.881287,11.1459,-11.4576,6.5498,5.6180,7.5495,5.9064,4
2458626.658127,16.0268,-7.8176,6.5498,5.6180,7.5495,5.9064,4
2458626.685087,11.9190,-22.0466,6.5498,5.6180,7.5495,5.9064,4
2458626.718287,11.1349,-11.3997,6.5498,5.6180,7.5495,5.9064,4
2458626.734917,15.2606,-15.3131,6.5498,5.6180,7.5495,5.9064,4
2458626.751857,4.8676,-2.6204,6.5498,5.6180,7.5495,5.9064,4
2458626.779237,5.6085,-4.8381,6.5498,5.6180,7.5495,5.9064,4
2458626.812287,8.4094,-19.2452,6.5498,5.6180,7.5495,5.9064,4
2458626.829107,14.8478,-13.8761,6.5498,5.6180,7.5495,5.9064,4
2458626.846297,18.6929,-12.9570,6.5498,5.6180,7.5495,5.9064,4
2458626.872977,19.6064,-11.6516,6.5498,5.6180,7.5495,5.9064,4
2458626.889717,10.9901,-12.3525,6.5498,5.6180,7.5495,5.9064,4
2458626.922817,11.0341,-17.4232,6.5498,5.6180,7.5495,5.9064,4
2458626.939667,25.5416,-8.9872,6.5498,5.6180,7.5495,5.9064,4
2458627.643847,8.9849,-13.2497,6.5498,5.6180,7.5495,5.9064,4
2458627.660977,13.9843,-18.7719,6.5498,5.6180,7.5495,5.9064,4
2458627.677357,19.5889,-9.0027,6.5498,5.6180,7.5495,5.9064,4
2458627.721677,4.5549,-3.8147,6.5498,5.6180,7.5495,5.9064,4
2458627.741227,10.7548,-20.6720,6.5498,5.6180,7.5495,5.9064,4
2458627.757687,2.3399,-15.8008,6.5498,5.6180,7.5495,5.9064,4
2458631.653957,2.9232,-20.9539,6.5498,5.6180,7.5495,5.9064,4
2458631.687757,20.3216,-16.2923,6.5498,5.6180,7.5495,5.9064,4
2458635.726257,23.0278,-14.4303,6.5498,5.6180,7.5495,5.9064,4
2458635.742947,13.7738,-3.2491,6.5498,5.6180,7.5495,5.9064,4
2458635.759447,21.3100,-12.4991,6.5498,5.6180,7.5495,5.9064,4
2458635.792677,2.8515,-15.6259,6.5498,5.6180,7.5495,5.9064,4
2458635.820167,10.6143,-7.5707,6.5498,5.6180,7.5495,5.9064,4
2458635.842297,8.7068,-1.2652,6.5498,5.6180,7.5495,5.9064,4
2458635.858957,11.3528,-10.4425,6.5498,5.6180,7.5495,5.9064,4
2458635.876047,7.8852,-7.8398,6.5498,5.6180,7.5495,5.9064,4
2458635.892847,7.5822,-8.6891,6.5498,5.6180,7.5495,5.9064,4
2458636.584157,13.7477,-19.8337,6.5498,5.6180,7.5495,5.9064,4
2458636.601157,10.3775,-9.1450,6.5498,5.6180,7.5495,5.9064,4
2458636.617987,0.4357,-4.0515,6.5498,5.6180,7.5495,5.9064,4
2458636.634147,11.6688,-15.6330,6.5498,5.6180,7.5495,5.9064,4
2458636.650717,11.2433,-9.0137,6.5498,5.6180,7.5495,5.9064,4
2458636.677687,6.6880,-12.8608,6.5498,5.6180,7.5495,5.9064,4
2458636.694907,13.8695,-14.4876,6.5498,5.6180,7.5495,5.9064,4
2458636.728237,14.2377,-10.8793,6.5498,5.6180,7.5495,5.9064,4
2458636.763837,2.2287,-14.8202,6.5498,5.6180,7.5495,5.9064,4
2458636.791277,21.0004,-13.5220,6.5498,5.6180,7.5495,5.9064,4
2458636.807777,18.7352,-9.3479,6.5498,5.6180,7.5495,5.9064,4
2458636.830107,11.2854,-9.1764,6.5498,5.6180,7.5495,5.9064,4
2458636.864357,24.3179,-3.6327,6.5498,5.6180,7.5495,5.9064,4
2458636.892397,15.1386,-6.4662,6.5498,5.6180,7.5495,5.9064,4
2458636.908797,-0.2407,-17.8504,6.5498,5.6180,7.5495,5.9064,4
2458637.581217,-2.4099,-21.2725,6.5498,5.6180,7.5495,5.9064,4
2458637.598047,8.2239,-15.5135,6.5498,5.6180,7.5495,5.9064,4
2458637.614997,5.1166,-21.5540,6.5498,5.6180,7.5495,5.9064,4
2458637.634537,14.3411,-14.2536,6.5498,5.6180,7.5495,5.9064,4
2458637.661557,12.9823,-12.1572,6.5498,5.6180,7.5495,5.9064,4
2458637.678247,14.9683,-10.9840,6.5498,5.6180,7.5495,5.9064,4
2458637.695027,7.9575,-17.2346,6.5498,5.6180,7.5495,5.9064,4
2458637.711807,18.8517,-12.3607,6.5498,5.6180,7.5495,5.9064,4
2458637.728407,13.1222,-20.3956,6.5498,5.6180,7.5495,5.9064,4
2458637.755997,8.5592,-13.8611,6.5498,5.6180,7.5495,5.9064,4
2458637.782767,20.2500,-6.5442,6.5498,5.6180,7.5495,5.9064,4
2458637.799847,17.0950,-12.4273,6.5498,5.6180,7.5495,5.9064,4
2458637.816797,7.6302,-9.1173,6.5498,5.6180,7.5495,5.9064,4
2458637.832947,24.8391,-11.9902,6.5498,5.6180,7.5495,5.9064,4
2458637.849427,23.0690,-5.7741,6.5498,5.6180,7.5495,5.9064,4
2458637.876897,20.1618,-19.6512,6.5498,5.6180,7.5495,5.9064,4
2458638.689777,13.7624,-5.7096,6.5498,5.6180,7.5495,5.9064,4
2458638.786887,24.3553,-17.7234,6.5498,5.6180,7.5495,5.9064,4
2458638.803697,14.7043,-7.2474,6.5498,5.6180,7.5495,5.9064,4
2458638.835897,1.8650,-11.7185,6.5498,5.6180,7.5495,5.9064,4
2458639.640797,15.1039,-14.9386,6.5498,5.6180,7.5495,5.9064,4
2458639.663447,5.8028,-11.6819,6.5498,5.6180,7.5495,5.9064,4
2458639.690727,2.9066,-20.9537,6.5498,5.6180,7.5495,5.9064,4
2458639.723907,23.0310,-14.0955,6.5498,5.6180,7.5495,5.9064,4
2458639.757147,-5.6682,-3.5862,6.5498,5.6180,7.5495,5.9064,4
2458639.851377,21.8891,-15.4786,6.5498,5.6180,7.5495,5.9064,4
2458640.573667,-13.1332,-28.1733,6.5498,5.6180,7.5495,5.9064,4
2458640.652827,-7.4344,-19.9628,6.5498,5.6180,7.5495,5.9064,4
2458640.669367,7.0315,-24.6620,6.5498,5.6180,7.5495,5.9064,4
2458640.685757,18.9760,0.2583,6.5498,5.6180,7.5495,5.9064,4
2458640.702617,17.0168,-6.4551,6.5498,5.6180,7.5495,5.9064,4
2458640.729757,25.3569,-11.2208,6.5498,5.6180,7.5495,5.9064,4
2458640.749877,15.4653,-6.4415,6.5498,5.6180,7.5495,5.9064,4
2458640.772037,15.5976,-11.3743,6.5498,5.6180,7.5495,5.9064,4
2458640.788727,11.6268,-13.5245,6.5498,5.6180,7.5495,5.9064,4
2458640.805197,11.8814,-12.3826,6.5498,5.6180,7.5495,5.9064,4
2458640.832677,27.8728,-12.5561,6.5498,5.6180,7.5495,5.9064,4
2458640.849217,23.0044,-7.7580,6.5498,5.6180,7.5495,5.9064,4
2458640.865817,3.0847,-14.0609,6.5498,5.6180,7.5495,5.9064,4
2458640.882517,-10.7391,-23.0213,6.5498,5.6180,7.5495,5.9064,4
2458641.613877,-2.7191,-13.3466,6.5498,5.6180,7.5495,5.9064,4
2458641.630347,-3.4293,-14.2070,6.5498,5.6180,7.5495,5.9064,4
2458641.650957,13.6894,-16.5976,6.5498,5.6180,7.5495,5.9064,4
2458641.696607,21.6249,-9.6823,6.5498,5.6180,7.5495,5.9064,4
2458641.713077,-5.0747,-8.5347,6.5498,5.6180,7.5495,5.9064,4
2458641.729497,7.6036,-20.2087,6.5498,5.6180,7.5495,5.9064,4
2458641.745767,-5.8653,-25.4570,6.5498,5.6180,7.5495,5.9064,4
2458641.789327,27.2308,-18.6043,6.5498,5.6180,7.5495,5.9064,4
2458641.806057,9.3289,0.3419,6.5498,5.6180,7.5495,5.9064,4
2458641.822297,25.8575,-11.6746,6.5498,5.6180,7.5495,5.9064,4
2458641.838947,16.6288,-12.0739,6.5498,5.6180,7.5495,5.9064,4
2458641.855837,3.8600,-4.0140,6.5498,5.6180,7.5495,5.9064,4
2458642.591327,11.9802,-20.6432,6.5498,5.6180,7.5495,5.9064,4
2458642.611817,24.4443,-14.5181,6.5498,5.6180,7.5495,5.9064,4
2458642.628677,-12.7779,-27.3428,6.5498,5.6180,7.5495,5.9064,4
2458642.645307,7.1458,-13.4994,6.5498,5.6180,7.5495,5.9064,4
2458642.672057,16.3029,-21.1563,6.5498,5.6180,7.5495,5.9064,4
2458642.688577,24.4406,-7.2821,6.5498,5.6180,7.5495,5.9064,4
2458642.705337,19.7328,-8.1163,6.5498,5.6180,7.5495,5.9064,4
2458642.722257,21.5562,-21.8094,6.5498,5.6180,7.5495,5.9064,4
2458642.739117,2.2816,-15.9486,6.5498,5.6180,7.5495,5.9064,4
2458642.765827,15.5197,-17.3078,6.5498,5.6180,7.5495,5.9064,4
2458642.782287,21.6943,-13.6523,6.5498,5.6180,7.5495,5.9064,4
2458642.799057,4.5568,-17.6722,6.5498,5.6180,7.5495,5.9064,4
2458642.815727,15.3857,-21.5409,6.5498,5.6180,7.5495,5.9064,4
2458642.832407,-8.2876,-25.7299,6.5498,5.6180,7.5495,5.9064,4
2458642.863977,14.5644,-4.6109,6.5498,5.6180,7.5495,5.9064,4
2458643.571227,-18.3477,-19.3107,6.5498,5.6180,7.5495,5.9064,4
2458643.609007,-10.8960,-29.6320,6.5498,5.6180,7.5495,5.9064,4
2458643.636137,-17.3876,-27.0302,6.5498,5.6180,7.5495,5.9064,4
2458643.663027,10.3151,-6.2358,6.5498,5.6180,7.5495,5.9064,4
2458643.679687,8.9673,-13.0215,6.5498,5.6180,7.5495,5.9064,4
2458643.697717,16.2570,-10.3662,6.5498,5.6180,7.5495,5.9064,4
2458643.716747,25.3144,-10.5599,6.5498,5.6180,7.5495,5.9064,4
2458643.733537,20.0673,-14.0263,6.5498,5.6180,7.5495,5.9064,4
2458643.761367,5.7746,-19.3743,6.5498,5.6180,7.5495,5.9064,4
2458643.779957,17.2381,-7.3412,6.5498,5.6180,7.5495,5.9064,4
2458643.796747,16.0600,-7.8606,6.5498,5.6180,7.5495,5.9064,4
2458643.813417,14.4241,-4.8030,6.5498,5.6180,7.5495,5.9064,4
2458643.830777,17.6951,-18.0895,6.5498,5.6180,7.5495,5.9064,4
2458643.875317,20.5058,-5.8142,6.5498,5.6180,7.5495,5.9064,4
2458643.891597,4.6128,-12.4155,6.5498,5.6180,7.5495,5.9064,4
2458644.559437,-12.5024,-25.7859,6.5498,5.6180,7.5495,5.9064,4
2458644.612827,9.3178,-20.1921,6.5498,5.6180,7.5495,5.9064,4
2458644.629517,6.6385,-6.4908,6.5498,5.6180,7.5495,5.9064,4
2458644.646667,1.8951,-18.7812,6.5498,5.6180,7.5495,5.9064,4
2458644.663897,19.4193,-9.4388,6.5498,5.6180,7.5495,5.9064,4
2458644.680377,9.6028,-1.4428,6.5498,5.6180,7.5495,5.9064,4
2458644.697127,17.6312,-15.6385,6.5498,5.6180,7.5495,5.9064,4
2458644.726287,13.6008,-1.7167,6.5498,5.6180,7.5495,5.9064,4
2458644.742897,16.9583,-6.3389,6.5498,5.6180,7.5495,5.9064,4
2458644.760117,14.0498,-15.4773,6.5498,5.6180,7.5495,5.9064,4
2458644.782847,14.8960,-12.7659,6.5498,5.6180,7.5495,5.9064,4
2458644.799677,-2.5697,-19.8961,6.5498,5.6180,7.5495,5.9064,4
2458644.826527,5.4873,-3.9061,6.5498,5.6180,7.5495,5.9064,4
2458644.843107,14.9081,-11.5382,6.5498,5.6180,7.5495,5.9064,4
2458644.860247,4.6955,-12.4545,6.5498,5.6180,7.5495,5.9064,4
2458645.574297,-19.7667,-22.6409,6.5498,5.6180,7.5495,5.9064,4
2458645.591327,-18.9656,-15.8458,6.5498,5.6180,7.5495,5.9064,4
2458645.619147,7.3222,-14.6164,6.5498,5.6180,7.5495,5.9064,4
2458645.635717,21.0946,-13.4392,6.5498,5.6180,7.5495,5.9064,4
2458645.652267,12.1650,-11.3248,6.5498,5.6180,7.5495,5.9064,4
2458645.680037,10.9194,-16.5733,6.5498,5.6180,7.5495,5.9064,4
2458645.696987,8.3145,-19.1577,6.5498,5.6180,7.5495,5.9064,4
2458645.713767,10.7607,-13.5751,6.5498,5.6180,7.5495,5.9064,4
2458645.730447,8.6783,-13.6725,6.5498,5.6180,7.5495,5.9064,4
2458645.747007,-9.7561,-15.1107,6.5498,5.6180,7.5495,5.9064,4
2458645.764167,9.0267,-7.1219,6.5498,5.6180,7.5495,5.9064,4
2458645.795937,4.9378,-5.7111,6.5498,5.6180,7.5495,5.9064,4
2458645.812457,14.3385,-10.4582,6.5498,5.6180,7.5495,5.9064,4
2458645.832907,14.0936,-28.4180,6.5498,5.6180,7.5495,5.9064,4
2458645.850017,19.6064,-5.4836,6.5498,5.6180,7.5495,5.9064,4
2458648.619017,1.7410,-11.7331,6.5498,5.6180,7.5495,5.9064,4
2458648.684817,4.0193,-18.7985,6.5498,5.6180,7.5495,5.9064,4
2458648.701547,15.5952,-28.1676,6.5498,5.6180,7.5495,5.9064,4
2458648.718627,2.2380,-25.0411,6.5498,5.6180,7.5495,5.9064,4
2458648.735677,9.2380,-11.7757,6.5498,5.6180,7.5495,5.9064,4
2458648.765127,11.0635,-11.5801,6.5498,5.6180,7.5495,5.9064,4
2458648.799237,-1.4296,-23.9931,6.5498,5.6180,7.5495,5.9064,4
2458648.816867,-14.6903,-10.1403,6.5498,5.6180,7.5495,5.9064,4
2458648.834207,11.3269,-18.3707,6.5498,5.6180,7.5495,5.9064,4
2458648.851117,10.7216,-9.4927,6.5498,5.6180,7.5495,5.9064,4
2458653.705287,10.7487,2.2044,6.5498,5.6180,7.5495,5.9064,4
2458653.750847,-0.2887,-14.3892,6.5498,5.6180,7.5495,5.9064,4
2458653.783497,10.2977,-0.7481,6.5498,5.6180,7.5495,5.9064,4
2458653.800547,16.8109,-17.3043,6.5498,5.6180,7.5495,5.9064,4
2458654.630307,26.8754,-1.8245,6.5498,5.6180,7.5495,5.9064,4
2458654.663597,17.5358,-15.3860,6.5498,5.6180,7.5495,5.9064,4
2458654.685417,16.5770,-15.9600,6.5498,5.6180,7.5495,5.9064,4
2458654.712797,7.9922,-26.9827,6.5498,5.6180,7.5495,5.9064,4
2458654.729367,21.7062,-25.2716,6.5498,5.6180,7.5495,5.9064,4
2458654.746087,12.7974,-14.0512,6.5498,5.6180,7.5495,5.9064,4
2458655.541647,13.5172,-12.7848,6.5498,5.6180,7.5495,5.9064,4
2458655.568077,-12.2657,-21.8570,6.5498,5.6180,7.5495,5.9064,4
2458655.634937,9.9822,-18.8056,6.5498,5.6180,7.5495,5.9064,4
2458655.662617,11.5926,-16.7599,6.5498,5.6180,7.5495,5.9064,4
2458655.679627,2.6103,-15.5900,6.5498,5.6180,7.5495,5.9064,4
2458655.696317,4.5733,-20.0517,6.5498,5.6180,7.5495,5.9064,4
2458655.729687,20.1651,-9.3860,6.5498,5.6180,7.5495,5.9064,4
2458655.748027,15.4041,-16.9935,6.5498,5.6180,7.5495,5.9064,4
2458655.792097,25.6118,-8.4113,6.5498,5.6180,7.5495,5.9064,4
2458655.809247,15.3984,-13.5982,6.5498,5.6180,7.5495,5.9064,4
2458656.642247,-10.2271,1.0561,6.5498,5.6180,7.5495,5.9064,4
2458656.675567,4.9156,-20.0775,6.5498,5.6180,7.5495,5.9064,4
2458656.691967,13.1190,0.0683,6.5498,5.6180,7.5495,5.9064,4
2458656.752807,25.4242,-20.4673,6.5498,5.6180,7.5495,5.9064,4
2458657.620767,0.1036,-13.5006,6.5498,5.6180,7.5495,5.9064,4
2458657.637807,-7.3996,-21.9346,6.5498,5.6180,7.5495,5.9064,4
2458657.689497,11.7899,-13.8361,6.5498,5.6180,7.5495,5.9064,4
2458657.706537,12.7912,-20.0402,6.5498,5.6180,7.5495,5.9064,4
2458657.723377,4.3574,-25.3615,6.5498,5.6180,7.5495,5.9064,4
2458657.788767,8.1374,-14.0992,6.5498,5.6180,7.5495,5.9064,4
2458657.816277,4.1023,-15.2168,6.5498,5.6180,7.5495,5.9064,4
2458657.833197,20.8128,-0.0610,6.5498,5.6180,7.5495,5.9064,4
2458657.850087,21.0658,-10.2198,6.5498,5.6180,7.5495,5.9064,4
2458657.856827,6.4491,-24.5316,6.5498,5.6180,7.5495,5.9064,4
2458658.545287,-5.7590,-11.2684,6.5498,5.6180,7.5495,5.9064,4
2458658.575067,25.3906,-7.9488,6.5498,5.6180,7.5495,5.9064,4
2458658.624477,0.4339,-15.8585,6.5498,5.6180,7.5495,5.9064,4
2458660.594117,15.6966,-2.7717,6.5498,5.6180,7.5495,5.9064,4
2458660.610967,22.4173,-22.5225,6.5498,5.6180,7.5495,5.9064,4
2458660.627597,23.9652,-20.9190,6.5498,5.6180,7.5495,5.9064,4
2458660.671397,-0.9409,-20.0236,6.5498,5.6180,7.5495,5.9064,4
2458660.692207,15.7481,-13.8824,6.5498,5.6180,7.5495,5.9064,4
2458660.725357,11.0311,-14.2443,6.5498,5.6180,7.5495,5.9064,4
2458660.742997,6.5117,-9.6138,6.5498,5.6180,7.5495,5.9064,4
2458660.770117,17.6058,-11.6725,6.5498,5.6180,7.5495,5.9064,4
2458660.786667,0.3012,-7.2381,6.5498,5.6180,7.5495,5.9064,4
2458660.824517,11.0903,-17.2018,6.5498,5.6180,7.5495,5.9064,4
2458660.841097,-3.8400,-8.4310,6.5498,5.6180,7.5495,5.9064,4
2458661.685927,25.2993,-18.1726,6.5498,5.6180,7.5495,5.9064,4
2458661.702657,6.6343,-11.8105,6.5498,5.6180,7.5495,5.9064,4
2458661.719777,15.3063,-10.8586,6.5498,5.6180,7.5495,5.9064,4
2458661.736557,-0.2989,-15.2407,6.5498,5.6180,7.5495,5.9064,4
2458662.514057,-6.7072,-1.9551,6.5498,5.6180,7.5495,5.9064,4
2458662.530547,13.8269,-11.0776,6.5498,5.6180,7.5495,5.9064,4
2458662.559807,17.8139,-23.0512,6.5498,5.6180,7.5495,5.9064,4
2458662.592887,-3.8711,-13.6763,6.5498,5.6180,7.5495,5.9064,4
2458662.610007,22.3959,-11.3352,6.5498,5.6180,7.5495,5.9064,4
2458662.626827,14.5858,-18.8696,6.5498,5.6180,7.5495,5.9064,4
2458662.658947,2.6145,-14.9441,6.5498,5.6180,7.5495,5.9064,4
2458662.752867,-7.2502,-15.2462,6.5498,5.6180,7.5495,5.9064,4
2458662.780907,9.4475,-25.3383,6.5498,5.6180,7.5495,5.9064,4
2458662.814717,15.3686,-22.2566,6.5498,5.6180,7.5495,5.9064,4
2458662.831427,3.2067,-9.3715,6.5498,5.6180,7.5495,5.9064,4
2458664.553897,7.3278,-5.7700,6.5498,5.6180,7.5495,5.9064,4
2458664.573187,3.9030,-4.7323,6.5498,5.6180,7.5495,5.9064,4
2458664.611647,-6.5273,-15.0135,6.5498,5.6180,7.5495,5.9064,4
2458664.628597,10.5739,-8.0657,6.5498,5.6180,7.5495,5.9064,4
2458664.656137,10.5109,-12.5114,6.5498,5.6180,7.5495,5.9064,4
2458664.673067,16.8660,-10.6783,6.5498,5.6180,7.5495,5.9064,4
2458664.690027,19.5533,-4.9377,6.5498,5.6180,7.5495,5.9064,4
2458664.707187,12.3333,-5.8796,6.5498,5.6180,7.5495,5.9064,4
2458664.723917,6.1559,-11.0461,6.5498,5.6180,7.5495,5.9064,4
2458664.751497,15.5830,-12.0391,6.5498,5.6180,7.5495,5.9064,4
2458664.785737,12.4408,-3.8227,6.5498,5.6180,7.5495,5.9064,4
2458664.806867,19.7402,-10.8522,6.5498,5.6180,7.5495,5.9064,4
2458664.823377,25.8657,-8.3514,6.5498,5.6180,7.5495,5.9064,4
2458665.520567,-5.1354,-7.5262,6.5498,5.6180,7.5495,5.9064,4
2458665.537617,4.2046,-12.0330,6.5498,5.6180,7.5495,5.9064,4
2458665.570847,4.8208,-23.0621,6.5498,5.6180,7.5495,5.9064,4
2458665.587657,-0.1830,-17.3141,6.5498,5.6180,7.5495,5.9064,4
2458665.615227,13.7753,-0.6220,6.5498,5.6180,7.5495,5.9064,4
2458665.632507,16.7938,-13.3507,6.5498,5.6180,7.5495,5.9064,4
2458665.649487,5.5392,-0.2331,6.5498,5.6180,7.5495,5.9064,4
2458665.666077,19.1200,-18.7246,6.5498,5.6180,7.5495,5.9064,4
2458665.682677,8.1720,0.7179,6.5498,5.6180,7.5495,5.9064,4
2458665.716217,4.4068,-6.7784,6.5498,5.6180,7.5495,5.9064,4
2458665.733047,13.9637,-7.6255,6.5498,5.6180,7.5495,5.9064,4
2458665.749707,10.4731,-9.6851,6.5498,5.6180,7.5495,5.9064,4
2458665.773567,4.2309,-13.3784,6.5498,5.6180,7.5495,5.9064,4
2458665.827737,3.6080,-26.2625,6.5498,5.6180,7.5495,5.9064,4
2458666.609437,11.6215,-13.1819,6.5498,5.6180,7.5495,5.9064,4
2458666.626177,17.9358,-13.3609,6.5498,5.6180,7.5495,5.9064,4
2458666.642957,11.6151,-9.6451,6.5498,5.6180,7.5495,5.9064,4
2458666.659607,6.5231,-7.9105,6.5498,5.6180,7.5495,5.9064,4
2458666.681427,0.1500,-13.9734,6.5498,5.6180,7.5495,5.9064,4
2458666.724767,13.8218,-3.3111,6.5498,5.6180,7.5495,5.9064,4
2458666.779637,5.9703,-16.1637,6.5498,5.6180,7.5495,5.9064,4
2458666.806647,4.5641,-15.9181,6.5498,5.6180,7.5495,5.9064,4
2458666.823247,17.6323,-23.7652,6.5498,5.6180,7.5495,5.9064,4
2458667.503507,0.1251,-25.9289,6.5498,5.6180,7.5495,5.9064,4
2458667.540687,26.3651,-5.7716,6.5498,5.6180,7.5495,5.9064,4
2458667.556957,4.3952,-16.9442,6.5498,5.6180,7.5495,5.9064,4
2458667.573677,6.7485,-11.6741,6.5498,5.6180,7.5495,5.9064,4
2458667.590217,12.2535,-17.8337,6.5498,5.6180,7.5495,5.9064,4
2458667.613307,11.0300,-1.8119,6.5498,5.6180,7.5495,5.9064,4
2458667.630517,14.0927,-16.0677,6.5498,5.6180,7.5495,5.9064,4
2458667.665587,12.4649,-7.3763,6.5498,5.6180,7.5495,5.9064,4
2458667.682227,18.3205,-16.7110,6.5498,5.6180,7.5495,5.9064,4
2458667.699247,10.7678,-9.7183,6.5498,5.6180,7.5495,5.9064,4
2458667.715917,15.2236,-10.9403,6.5498,5.6180,7.5495,5.9064,4
2458667.737007,18.0931,-12.5617,6.5498,5.6180,7.5495,5.9064,4
2458667.763917,10.8665,-7.8858,6.5498,5.6180,7.5495,5.9064,4
2458667.780577,20.7229,-6.2240,6.5498,5.6180,7.5495,5.9064,4
2458667.797307,9.5939,-20.6293,6.5498,5.6180,7.5495,5.9064,4
2458667.814317,15.7466,-11.7526,6.5498,5.6180,7.5495,5.9064,4
2458668.500867,6.5141,-17.6415,6.5498,5.6180,7.5495,5.9064,4
2458668.517257,13.0483,-25.5814,6.5498,5.6180,7.5495,5.9064,4
2458668.533617,15.2215,-12.7446,6.5498,5.6180,7.5495,5.9064,4
2458668.550597,7.2443,-7.3709,6.5498,5.6180,7.5495,5.9064,4
2458668.566917,17.1391,-11.2762,6.5498,5.6180,7.5495,5.9064,4
2458668.609217,13.0020,-12.5401,6.5498,5.6180,7.5495,5.9064,4
2458668.626037,15.5846,-10.6851,6.5498,5.6180,7.5495,5.9064,4
2458668.644677,18.8826,-24.0076,6.5498,5.6180,7.5495,5.9064,4
2458668.661267,19.8421,-19.9552,6.5498,5.6180,7.5495,5.9064,4
2458668.694907,16.9651,-13.5429,6.5498,5.6180,7.5495,5.9064,4
2458668.722327,14.8862,-17.9870,6.5498,5.6180,7.5495,5.9064,4
2458668.756057,19.0135,-7.4505,6.5498,5.6180,7.5495,5.9064,4
2458668.772697,3.0147,-10.7576,6.5498,5.6180,7.5495,5.9064,4
2458668.794437,24.8039,-14.0118,6.5498,5.6180,7.5495,5.9064,4
2458669.530337,5.3936,-11.3621,6.5498,5.6180,7.5495,5.9064,4
2458669.580567,14.4399,-8.3236,6.5498,5.6180,7.5495,5.9064,4
2458669.616827,16.7517,-19.1938,6.5498,5.6180,7.5495,5.9064,4
2458669.633447,16.5336,-9.9522,6.5498,5.6180,7.5495,5.9064,4
2458669.649757,18.1626,-5.7561,6.5498,5.6180,7.5495,5.9064,4
2458669.667357,8.3285,-10.3128,6.5498,5.6180,7.5495,5.9064,4
2458669.683787,15.1722,-18.2977,6.5498,5.6180,7.5495,5.9064,4
2458669.712987,12.7380,-10.9797,6.5498,5.6180,7.5495,5.9064,4
2458669.729287,17.5008,-9.7835,6.5498,5.6180,7.5495,5.9064,4
2458669.746307,21.4659,-0.8814,6.5498,5.6180,7.5495,5.9064,4
2458669.763037,22.0701,-15.5426,6.5498,5.6180,7.5495,5.9064,4
2458669.805397,12.9097,-5.4312,6.5498,5.6180,7.5495,5.9064,4
2458670.538247,8.6639,-14.1487,6.5498,5.6180,7.5495,5.9064,4
2458670.571977,-0.8662,-6.3208,6.5498,5.6180,7.5495,5.9064,4
2458670.588577,13.9847,-7.3463,6.5498,5.6180,7.5495,5.9064,4
2458670.633187,18.6690,-10.1936,6.5498,5.6180,7.5495,5.9064,4
2458670.649757,8.3433,-21.3179,6.5498,5.6180,7.5495,5.9064,4
2458670.666377,11.8566,-11.8247,6.5498,5.6180,7.5495,5.9064,4
2458670.682527,13.3276,-6.3012,6.5498,5.6180,7.5495,5.9064,4
2458670.699257,19.8052,-16.5941,6.5498,5.6180,7.5495,5.9064,4
2458670.753017,16.0282,-10.4856,6.5498,5.6180,7.5495,5.9064,4
2458670.802587,25.3121,-19.4363,6.5498,5.6180,7.5495,5.9064,4
2458671.629537,15.2486,-15.0634,6.5498,5.6180,7.5495,5.9064,4
2458671.662837,16.6728,-17.6609,6.5498,5.6180,7.5495,5.9064,4
2458672.641297,16.0899,-11.5774,6.5498,5.6180,7.5495,5.9064,4
2458672.658367,21.5960,-10.2844,6.5498,5.6180,7.5495,5.9064,4
2458673.677227,11.2446,-5.7403,6.5498,5.6180,7.5495,5.9064,4
2458674.520067,6.4021,-20.8291,6.5498,5.6180,7.5495,5.9064,4
2458674.539317,8.5989,-11.0605,6.5498,5.6180,7.5495,5.9064,4
2458674.555887,4.4941,-15.6759,6.5498,5.6180,7.5495,5.9064,4
2458674.583847,8.5870,-22.0474,6.5498,5.6180,7.5495,5.9064,4
2458674.610877,17.6681,-20.3665,6.5498,5.6180,7.5495,5.9064,4
2458674.627677,20.5986,-18.0503,6.5498,5.6180,7.5495,5.9064,4
2458674.646017,13.8704,-14.8501,6.5498,5.6180,7.5495,5.9064,4
2458674.662757,9.8500,-17.4961,6.5498,5.6180,7.5495,5.9064,4
2458674.679547,7.0582,-7.7122,6.5498,5.6180,7.5495,5.9064,4
2458674.708097,14.3769,-13.4414,6.5498,5.6180,7.5495,5.9064,4
2458674.725167,11.9516,-20.2854,6.5498,5.6180,7.5495,5.9064,4
2458674.741867,14.1640,-17.7386,6.5498,5.6180,7.5495,5.9064,4
2458674.760827,22.1231,-12.9715,6.5498,5.6180,7.5495,5.9064,4
2458674.777797,10.4233,-10.7097,6.5498,5.6180,7.5495,5.9064,4
2458675.480217,6.7095,-6.0436,6.5498,5.6180,7.5495,5.9064,4
2458675.501547,17.1018,-16.3126,6.5498,5.6180,7.5495,5.9064,4
2458675.518417,4.0167,-1.6023,6.5498,5.6180,7.5495,5.9064,4
2458675.552117,12.2815,-12.7536,6.5498,5.6180,7.5495,5.9064,4
2458675.579307,10.9597,-18.1138,6.5498,5.6180,7.5495,5.9064,4
2458675.596257,-2.3911,-19.9236,6.5498,5.6180,7.5495,5.9064,4
2458675.616137,7.2902,-17.1578,6.5498,5.6180,7.5495,5.9064,4
2458675.632887,7.1923,-15.0430,6.5498,5.6180,7.5495,5.9064,4
2458675.649727,6.0350,-2.3224,6.5498,5.6180,7.5495,5.9064,4
2458675.668007,13.8038,-15.5643,6.5498,5.6180,7.5495,5.9064,4
2458675.694977,11.8344,-6.2357,6.5498,5.6180,7.5495,5.9064,4
2458675.711297,14.9384,-12.8712,6.5498,5.6180,7.5495,5.9064,4
2458675.731447,8.5491,-3.7286,6.5498,5.6180,7.5495,5.9064,4
2458675.765027,22.8996,-8.2244,6.5498,5.6180,7.5495,5.9064,4
2458676.472297,11.1789,-17.7241,6.5498,5.6180,7.5495,5.9064,4
2458676.489227,4.8468,-16.6897,6.5498,5.6180,7.5495,5.9064,4
2458676.567267,6.9658,-11.1247,6.5498,5.6180,7.5495,5.9064,4
2458676.583947,1.3183,-7.8418,6.5498,5.6180,7.5495,5.9064,4
2458676.585407,3.6245,-5.5394,6.5498,5.6180,7.5495,5.9064,4
2458676.622377,15.1607,-20.7907,6.5498,5.6180,7.5495,5.9064,4
2458676.649827,3.2187,-14.9445,6.5498,5.6180,7.5495,5.9064,4
2458676.683657,5.7319,-19.0192,6.5498,5.6180,7.5495,5.9064,4
2458676.700037,7.4039,-8.7549,6.5498,5.6180,7.5495,5.9064,4
2458676.716527,6.6939,-6.1770,6.5498,5.6180,7.5495,5.9064,4
2458678.591467,14.4475,-20.0092,6.5498,5.6180,7.5495,5.9064,4
2458678.613027,10.2134,-23.3444,6.5498,5.6180,7.5495,5.9064,4
2458678.629937,8.3055,-13.0636,6.5498,5.6180,7.5495,5.9064,4
2458680.640527,2.1333,-19.0557,6.5498,5.6180,7.5495,5.9064,4
2458681.551817,-2.1858,-15.3575,6.5498,5.6180,7.5495,5.9064,4
2458681.568577,19.4503,-21.8135,6.5498,5.6180,7.5495,5.9064,4
2458682.560577,9.6960,-17.0397,6.5498,5.6180,7.5495,5.9064,4
2458682.581507,5.8296,-12.6062,6.5498,5.6180,7.5495,5.9064,4
2458682.598417,11.4609,-14.9999,6.5498,5.6180,7.5495,5.9064,4
2458682.614867,6.5875,-16.2948,6.5498,5.6180,7.5495,5.9064,4
2458682.631437,9.1248,-10.7819,6.5498,5.6180,7.5495,5.9064,4
2458682.658877,12.8803,-8.0633,6.5498,5.6180,7.5495,5.9064,4
2458682.676107,9.4470,-14.0506,6.5498,5.6180,7.5495,5.9064,4
2458682.680927,17.5639,-11.3875,6.5498,5.6180,7.5495,5.9064,4
2458682.697297,18.0024,-15.9224,6.5498,5.6180,7.5495,5.9064,4
2458682.730757,-1.0530,-14.7535,6.5498,5.6180,7.5495,5.9064,4
2458683.510737,4.8741,-24.5725,6.5498,5.6180,7.5495,5.9064,4
2458683.560267,12.8000,-14.4602,6.5498,5.6180,7.5495,5.9064,4
2458683.593867,13.6824,-4.0473,6.5498,5.6180,7.5495,5.9064,4
2458683.627877,9.8701,-3.4840,6.5498,5.6180,7.5495,5.9064,4
2458683.654857,6.6203,-7.6667,6.5498,5.6180,7.5495,5.9064,4
2458684.494557,12.2641,-2.2937,6.5498,5.6180,7.5495,5.9064,4
2458684.510967,15.6114,-7.5671,6.5498,5.6180,7.5495,5.9064,4
2458684.544867,-4.8288,-6.6766,6.5498,5.6180,7.5495,5.9064,4
2458684.573157,0.5377,-9.3936,6.5498,5.6180,7.5495,5.9064,4
2458684.589707,7.9366,-19.2295,6.5498,5.6180,7.5495,5.9064,4
2458684.614857,1.4542,-18.1719,6.5498,5.6180,7.5495,5.9064,4
2458684.631667,10.6527,-9.9328,6.5498,5.6180,7.5495,5.9064,4
2458684.648577,11.0520,-10.8371,6.5498,5.6180,7.5495,5.9064,4
2458684.682127,14.3649,-12.5167,6.5498,5.6180,7.5495,5.9064,4
2458684.699347,12.6375,-11.6948,6.5498,5.6180,7.5495,5.9064,4
2458684.715907,8.0309,-4.6993,6.5498,5.6180,7.5495,5.9064,4
2458684.732237,14.0462,-8.7772,6.5498,5.6180,7.5495,5.9064,4
2458684.773407,-0.1092,0.0939,6.5498,5.6180,7.5495,5.9064,4
2458685.504497,12.0157,-8.5746,6.5498,5.6180,7.5495,5.9064,4
2458685.521147,9.3293,-12.8102,6.5498,5.6180,7.5495,5.9064,4
2458685.635737,-1.3496,-9.6722,6.5498,5.6180,7.5495,5.9064,4
2458687.585517,11.6890,-5.9798,6.5498,5.6180,7.5495,5.9064,4
2458687.602167,4.6448,-10.7320,6.5498,5.6180,7.5495,5.9064,4
2458687.628747,9.0725,-17.1228,6.5498,5.6180,7.5495,5.9064,4
2458687.645647,12.1242,-8.0737,6.5498,5.6180,7.5495,5.9064,4
2458687.662427,12.7013,-16.3790,6.5498,5.6180,7.5495,5.9064,4
2458687.679057,8.1302,-10.3906,6.5498,5.6180,7.5495,5.9064,4
2458687.695587,11.2991,-14.4424,6.5498,5.6180,7.5495,5.9064,4
2458687.747777,15.4808,-17.3510,6.5498,5.6180,7.5495,5.9064,4
2458687.765917,14.4676,-14.6218,6.5498,5.6180,7.5495,5.9064,4
2458688.536647,0.7415,-18.0458,6.5498,5.6180,7.5495,5.9064,4
2458688.663687,9.3959,-12.0863,6.5498,5.6180,7.5495,5.9064,4
2458688.696587,9.0453,-9.3555,6.5498,5.6180,7.5495,5.9064,4
2458688.728977,-5.9660,-9.3992,6.5498,5.6180,7.5495,5.9064,4
2458688.746007,-4.0857,-8.4089,6.5498,5.6180,7.5495,5.9064,4
2458688.762527,-2.9341,-6.4324,6.5498,5.6180,7.5495,5.9064,4
2458689.516907,21.1017,-6.6596,6.5498,5.6180,7.5495,5.9064,4
2458689.533567,-2.0488,-15.0868,6.5498,5.6180,7.5495,5.9064,4
2458689.567777,16.7774,-11.5655,6.5498,5.6180,7.5495,5.9064,4
2458689.614277,7.9385,-19.8828,6.5498,5.6180,7.5495,5.9064,4
2458689.641837,-5.9556,-16.3050,6.5498,5.6180,7.5495,5.9064,4
2458689.662317,3.7303,-7.0191,6.5498,5.6180,7.5495,5.9064,4
2458689.679397,-4.2730,-9.2742,6.5498,5.6180,7.5495,5.9064,4
2458689.696017,9.2843,-10.9890,6.5498,5.6180,7.5495,5.9064,4
2458689.713337,-0.9823,-20.9463,6.5498,5.6180,7.5495,5.9064,4
2458690.491407,6.9154,-3.4881,6.5498,5.6180,7.5495,5.9064,4
2458690.507917,17.4416,-14.0738,6.5498,5.6180,7.5495,5.9064,4
2458690.534987,10.1894,-15.7289,6.5498,5.6180,7.5495,5.9064,4
2458690.551907,16.0663,-19.7717,6.5498,5.6180,7.5495,5.9064,4
2458690.568757,15.9606,-2.1853,6.5498,5.6180,7.5495,5.9064,4
2458690.586057,5.5744,-14.3450,6.5498,5.6180,7.5495,5.9064,4
2458690.602497,11.8379,-15.8773,6.5498,5.6180,7.5495,5.9064,4
2458690.633187,12.1427,-17.6382,6.5498,5.6180,7.5495,5.9064,4
2458690.650007,10.9374,-17.5458,6.5498,5.6180,7.5495,5.9064,4
2458690.700177,18.6836,-9.1669,6.5498,5.6180,7.5495,5.9064,4
2458690.744197,14.9461,-7.2788,6.5498,5.6180,7.5495,5.9064,4
2458690.761267,14.5373,-19.4540,6.5498,5.6180,7.5495,5.9064,4
2458691.579687,7.9785,-4.3224,6.5498,5.6180,7.5495,5.9064,4
2458691.596317,14.0773,-12.0735,6.5498,5.6180,7.5495,5.9064,4
2458691.612927,10.3831,-8.3506,6.5498,5.6180,7.5495,5.9064,4
2458691.629567,5.9350,-8.4158,6.5498,5.6180,7.5495,5.9064,4
2458691.645857,9.8239,-13.1036,6.5498,5.6180,7.5495,5.9064,4
2458691.673437,14.7766,-14.4393,6.5498,5.6180,7.5495,5.9064,4
2458691.689977,19.3665,0.8994,6.5498,5.6180,7.5495,5.9064,4
2458691.706747,21.8360,-14.2640,6.5498,5.6180,7.5495,5.9064,4
2458691.723757,11.6295,-17.1524,6.5498,5.6180,7.5495,5.9064,4
2458691.740697,17.8660,-10.0080,6.5498,5.6180,7.5495,5.9064,4
2458692.476247,12.7114,-5.6380,6.5498,5.6180,7.5495,5.9064,4
2458692.493027,-2.6290,-9.4030,6.5498,5.6180,7.5495,5.9064,4
2458692.510827,13.7615,-14.2748,6.5498,5.6180,7.5495,5.9064,4
2458692.527547,16.4085,-16.7228,6.5498,5.6180,7.5495,5.9064,4
2458692.544357,0.8199,-22.8396,6.5498,5.6180,7.5495,5.9064,4
2458692.561677,13.6794,-19.4893,6.5498,5.6180,7.5495,5.9064,4
2458692.591757,3.5724,-5.8068,6.5498,5.6180,7.5495,5.9064,4
2458692.608257,9.6947,-12.6193,6.5498,5.6180,7.5495,5.9064,4
2458692.625617,10.8673,-0.3203,6.5498,5.6180,7.5495,5.9064,4
2458692.642127,9.2173,-5.9353,6.5498,5.6180,7.5495,5.9064,4
2458692.658247,8.5122,-6.5951,6.5498,5.6180,7.5495,5.9064,4
2458692.685187,12.7054,-10.8274,6.5498,5.6180,7.5495,5.9064,4
2458692.701757,14.8442,-17.2363,6.5498,5.6180,7.5495,5.9064,4
2458692.718327,12.2716,-8.5222,6.5498,5.6180,7.5495,5.9064,4
2458692.735007,15.7927,-3.3578,6.5498,5.6180,7.5495,5.9064,4
2458692.751487,21.6969,-10.3190,6.5498,5.6180,7.5495,5.9064,4
2458693.575257,10.2241,-4.3480,6.5498,5.6180,7.5495,5.9064,4
2458693.591697,7.8198,-14.3356,6.5498,5.6180,7.5495,5.9064,4
2458693.613157,0.2095,-13.0277,6.5498,5.6180,7.5495,5.9064,4
2458693.629727,3.3098,-17.8522,6.5498,5.6180,7.5495,5.9064,4
2458693.646497,7.7207,-22.3155,6.5498,5.6180,7.5495,5.9064,4
2458693.663547,6.6702,-14.1692,6.5498,5.6180,7.5495,5.9064,4
2458693.690697,20.9251,-13.5868,6.5498,5.6180,7.5495,5.9064,4
2458693.710957,9.3177,-20.5568,6.5498,5.6180,7.5495,5.9064,4
2458693.727217,9.0572,-14.9215,6.5498,5.6180,7.5495,5.9064,4
2458693.743637,3.2363,-4.7244,6.5498,5.6180,7.5495,5.9064,4
2458694.501777,13.4969,-13.1308,6.5498,5.6180,7.5495,5.9064,4
2458694.518347,11.0544,-10.4489,6.5498,5.6180,7.5495,5.9064,4
2458694.535297,6.1490,-17.1249,6.5498,5.6180,7.5495,5.9064,4
2458694.551917,13.2272,-19.0819,6.5498,5.6180,7.5495,5.9064,4
2458694.570257,21.6936,-5.2135,6.5498,5.6180,7.5495,5.9064,4
2458694.599447,12.4928,-5.5772,6.5498,5.6180,7.5495,5.9064,4
2458694.615777,11.5214,-9.9602,6.5498,5.6180,7.5495,5.9064,4
2458694.636667,8.5134,-7.4528,6.5498,5.6180,7.5495,5.9064,4
2458694.653467,22.3045,-23.2518,6.5498,5.6180,7.5495,5.9064,4
2458694.670687,12.6044,-16.3790,6.5498,5.6180,7.5495,5.9064,4
2458694.728007,18.2614,-8.1763,6.5498,5.6180,7.5495,5.9064,4
2458694.744877,24.1584,-7.5715,6.5498,5.6180,7.5495,5.9064,4
2458695.474847,7.6372,-7.8531,6.5498,5.6180,7.5495,5.9064,4
2458695.492507,-4.6750,-16.1306,6.5498,5.6180,7.5495,5.9064,4
2458695.520667,0.0925,-4.0638,6.5498,5.6180,7.5495,5.9064,4
2458695.537047,0.6046,-3.6618,6.5498,5.6180,7.5495,5.9064,4
2458695.553837,9.5251,-10.1804,6.5498,5.6180,7.5495,5.9064,4
2458695.570747,4.9339,-1.0052,6.5498,5.6180,7.5495,5.9064,4
2458695.587787,9.4381,-8.8357,6.5498,5.6180,7.5495,5.9064,4
2458695.648857,22.5491,-13.9719,6.5498,5.6180,7.5495,5.9064,4
2458695.669057,8.5240,-0.7685,6.5498,5.6180,7.5495,5.9064,4
2458695.685797,0.1329,-9.5005,6.5498,5.6180,7.5495,5.9064,4
2458695.714197,21.2425,-1.0558,6.5498,5.6180,7.5495,5.9064,4
2458695.744837,18.2575,-15.3037,6.5498,5.6180,7.5495,5.9064,4
2458696.609957,13.1745,-21.4925,6.5498,5.6180,7.5495,5.9064,4
2458697.488037,22.3840,-17.4507,6.5498,5.6180,7.5495,5.9064,4
2458697.525927,12.2776,-13.9135,6.5498,5.6180,7.5495,5.9064,4
2458697.542517,11.2668,-1.9549,6.5498,5.6180,7.5495,5.9064,4
2458697.559087,21.8761,-18.6396,6.5498,5.6180,7.5495,5.9064,4
2458697.575727,1.3295,-13.6544,6.5498,5.6180,7.5495,5.9064,4
2458697.595157,16.8947,-2.5432,6.5498,5.6180,7.5495,5.9064,4
2458697.624497,20.2540,-11.0086,6.5498,5.6180,7.5495,5.9064,4
2458697.682467,16.3300,-2.9224,6.5498,5.6180,7.5495,5.9064,4
2458697.703347,21.1207,-14.5984,6.5498,5.6180,7.5495,5.9064,4
2458697.720347,11.4885,-0.1043,6.5498,5.6180,7.5495,5.9064,4
2458698.498477,7.6586,-6.1175,6.5498,5.6180,7.5495,5.9064,4
2458698.536267,12.7646,-13.3061,6.5498,5.6180,7.5495,5.9064,4
2458698.552997,6.6819,-15.3027,6.5498,5.6180,7.5495,5.9064,4
2458698.579117,5.0469,-14.0580,6.5498,5.6180,7.5495,5.9064,4
2458698.606487,8.3696,-9.7856,6.5498,5.6180,7.5495,5.9064,4
2458698.623287,4.3423,-11.3723,6.5498,5.6180,7.5495,5.9064,4
2458698.640277,14.0590,-12.2826,6.5498,5.6180,7.5495,5.9064,4
2458698.657147,14.5143,-5.6963,6.5498,5.6180,7.5495,5.9064,4
2458698.673297,6.2936,0.5838,6.5498,5.6180,7.5495,5.9064,4
2458698.734627,20.5951,-16.3694,6.5498,5.6180,7.5495,5.9064,4
2458699.554687,15.8141,-19.4098,6.5498,5.6180,7.5495,5.9064,4
2458699.571577,7.2426,-20.4104,6.5498,5.6180,7.5495,5.9064,4
2458699.588517,20.4060,-19.7990,6.5498,5.6180,7.5495,5.9064,4
2458699.683787,15.9700,-16.2077,6.5498,5.6180,7.5495,5.9064,4
2458700.523667,17.0763,-16.7418,6.5498,5.6180,7.5495,5.9064,4
2458700.557397,16.5737,-11.5399,6.5498,5.6180,7.5495,5.9064,4
2458700.601987,8.6851,-4.4431,6.5498,5.6180,7.5495,5.9064,4
2458700.618347,13.7558,-1.5279,6.5498,5.6180,7.5495,5.9064,4
2458700.634537,21.8294,-7.4716,6.5498,5.6180,7.5495,5.9064,4
2458700.656247,7.4297,-16.0427,6.5498,5.6180,7.5495,5.9064,4
2458700.685287,4.3644,-17.2830,6.5498,5.6180,7.5495,5.9064,4
2458700.729667,0.0000,-4.1552,6.5498,5.6180,7.5495,5.9064,4
2458701.474737,13.9493,-4.0784,6.5498,5.6180,7.5495,5.9064,4
2458701.491327,7.7063,-13.8249,6.5498,5.6180,7.5495,5.9064,4
2458701.514027,11.9570,-12.4712,6.5498,5.6180,7.5495,5.9064,4
2458701.542387,12.7131,-11.6825,6.5498,5.6180,7.5495,5.9064,4
2458701.559307,9.1328,-8.2646,6.5498,5.6180,7.5495,5.9064,4
2458701.576307,15.7325,-10.9242,6.5498,5.6180,7.5495,5.9064,4
2458701.593317,9.9868,-0.5553,6.5498,5.6180,7.5495,5.9064,4
2458701.610357,9.4053,-19.8748,6.5498,5.6180,7.5495,5.9064,4
2458701.637527,12.6308,-13.5490,6.5498,5.6180,7.5495,5.9064,4
2458701.653967,20.5429,-5.5673,6.5498,5.6180,7.5495,5.9064,4
2458701.687447,18.0373,-3.7117,6.5498,5.6180,7.5495,5.9064,4
2458701.704147,15.4875,-11.1962,6.5498,5.6180,7.5495,5.9064,4
2458701.728277,2.5100,-19.3104,6.5498,5.6180,7.5495,5.9064,4
2458702.480247,7.1799,-9.8212,6.5498,5.6180,7.5495,5.9064,4
2458702.499457,7.8126,-15.0937,6.5498,5.6180,7.5495,5.9064,4
2458702.534827,3.0086,-8.5638,6.5498,5.6180,7.5495,5.9064,4
2458702.551697,5.6801,-10.8699,6.5498,5.6180,7.5495,5.9064,4
2458702.578907,11.3855,-12.0241,6.5498,5.6180,7.5495,5.9064,4
2458702.595847,7.2766,-4.9981,6.5498,5.6180,7.5495,5.9064,4
2458702.614607,7.9452,-4.7648,6.5498,5.6180,7.5495,5.9064,4
2458702.630917,9.8022,-8.9566,6.5498,5.6180,7.5495,5.9064,4
2458702.647807,17.3176,-9.6107,6.5498,5.6180,7.5495,5.9064,4
2458702.670077,17.0781,-8.2649,6.5498,5.6180,7.5495,5.9064,4
2458702.699367,11.1401,-5.3259,6.5498,5.6180,7.5495,5.9064,4
2458702.715677,17.3502,-11.8037,6.5498,5.6180,7.5495,5.9064,4
2458702.732647,2.4751,-11.2591,6.5498,5.6180,7.5495,5.9064,4
2458703.499247,12.1968,-10.0785,6.5498,5.6180,7.5495,5.9064,4
2458703.526067,20.6657,-15.3693,6.5498,5.6180,7.5495,5.9064,4
2458703.542877,17.0485,-17.9089,6.5498,5.6180,7.5495,5.9064,4
2458703.662047,6.5429,-15.4392,6.5498,5.6180,7.5495,5.9064,4
2458703.712137,5.6238,-11.4574,6.5498,5.6180,7.5495,5.9064,4
2458704.673117,15.1866,-1.0277,6.5498,5.6180,7.5495,5.9064,4
2458704.690237,3.8104,-7.2922,6.5498,5.6180,7.5495,5.9064,4
2458704.710747,-1.1951,-11.3830,6.5498,5.6180,7.5495,5.9064,4
2458705.507077,18.4824,-15.8792,6.5498,5.6180,7.5495,5.9064,4
2458705.528787,17.5845,-12.2159,6.5498,5.6180,7.5495,5.9064,4
2458705.546577,4.6592,-11.1584,6.5498,5.6180,7.5495,5.9064,4
2458705.565487,12.4395,-5.5854,6.5498,5.6180,7.5495,5.9064,4
2458705.592177,6.0571,-15.2019,6.5498,5.6180,7.5495,5.9064,4
2458705.614677,-0.4972,-23.1903,6.5498,5.6180,7.5495,5.9064,4
2458705.631327,4.6805,-7.5251,6.5498,5.6180,7.5495,5.9064,4
2458705.648597,16.3173,-14.5851,6.5498,5.6180,7.5495,5.9064,4
2458705.673647,13.9165,-4.4152,6.5498,5.6180,7.5495,5.9064,4
2458705.691927,11.0368,-4.2340,6.5498,5.6180,7.5495,5.9064,4
2458708.480587,0.6876,-19.3587,6.5498,5.6180,7.5495,5.9064,4
2458708.497267,11.0026,-11.9518,6.5498,5.6180,7.5495,5.9064,4
2458708.513737,12.8656,-12.1079,6.5498,5.6180,7.5495,5.9064,4
2458708.542387,5.3152,-12.3402,6.5498,5.6180,7.5495,5.9064,4
2458708.559357,14.2628,-8.7126,6.5498,5.6180,7.5495,5.9064,4
2458708.576457,8.0669,-4.3861,6.5498,5.6180,7.5495,5.9064,4
2458708.592967,10.4377,-7.2735,6.5498,5.6180,7.5495,5.9064,4
2458708.636947,10.6142,-18.1262,6.5498,5.6180,7.5495,5.9064,4
2458708.679627,14.0518,-19.8399,6.5498,5.6180,7.5495,5.9064,4
2458710.479527,12.1199,-11.9017,6.5498,5.6180,7.5495,5.9064,4
2458710.495927,15.9165,-7.5124,6.5498,5.6180,7.5495,5.9064,4
2458710.512507,6.6240,-7.1844,6.5498,5.6180,7.5495,5.9064,4
2458710.534307,6.7819,-20.2643,6.5498,5.6180,7.5495,5.9064,4
2458710.553927,8.7353,-9.6777,6.5498,5.6180,7.5495,5.9064,4
2458710.580797,16.5179,-13.9558,6.5498,5.6180,7.5495,5.9064,4
2458710.601887,19.4863,-11.6039,6.5498,5.6180,7.5495,5.9064,4
2458711.503747,-1.8715,-8.4604,6.5498,5.6180,7.5495,5.9064,4
2458711.520217,0.4211,-16.2623,6.5498,5.6180,7.5495,5.9064,4
2458711.536807,13.1959,-10.5416,6.5498,5.6180,7.5495,5.9064,4
2458711.553897,1.6164,-11.8940,6.5498,5.6180,7.5495,5.9064,4
2458711.571157,5.0383,-9.0665,6.5498,5.6180,7.5495,5.9064,4
2458711.602027,16.5741,-6.4954,6.5498,5.6180,7.5495,5.9064,4
2458711.635277,4.4408,-3.1702,6.5498,5.6180,7.5495,5.9064,4
2458711.652197,10.2325,-11.0516,6.5498,5.6180,7.5495,5.9064,4
2458711.668877,12.2529,-17.3357,6.5498,5.6180,7.5495,5.9064,4
2458712.508217,18.3513,-21.0141,6.5498,5.6180,7.5495,5.9064,4
2458712.588307,13.3678,-0.1436,6.5498,5.6180,7.5495,5.9064,4
2458712.615457,11.9699,-11.8261,6.5498,5.6180,7.5495,5.9064,4
2458712.653027,-2.9123,-18.2030,6.5498,5.6180,7.5495,5.9064,4
2458713.535967,9.2899,-18.7718,6.5498,5.6180,7.5495,5.9064,4
2458713.553117,15.6411,-11.1209,6.5498,5.6180,7.5495,5.9064,4
2458713.570267,14.2067,-18.3842,6.5498,5.6180,7.5495,5.9064,4
2458714.487607,10.7925,0.6300,6.5498,5.6180,7.5495,5.9064,4
2458714.504937,6.0894,-13.8693,6.5498,5.6180,7.5495,5.9064,4
2458714.640327,14.4437,-5.0929,6.5498,5.6180,7.5495,5.9064,4
2458714.656917,4.6823,-4.4007,6.5498,5.6180,7.5495,5.9064,4
2458715.495157,5.4207,-17.6998,6.5498,5.6180,7.5495,5.9064,4
2458715.511667,13.7761,-2.9732,6.5498,5.6180,7.5495,5.9064,4
2458715.528637,10.2293,-16.4903,6.5498,5.6180,7.5495,5.9064,4
2458715.545447,11.0582,-4.8147,6.5498,5.6180,7.5495,5.9064,4
2458715.606747,15.9912,-17.5453,6.5498,5.6180,7.5495,5.9064,4
2458715.640277,6.2571,-11.9934,6.5498,5.6180,7.5495,5.9064,4
2458716.487327,15.8045,-11.2674,6.5498,5.6180,7.5495,5.9064,4
2458716.505677,4.6369,-8.9470,6.5498,5.6180,7.5495,5.9064,4
2458716.539047,22.7773,-21.3533,6.5498,5.6180,7.5495,5.9064,4
2458716.566877,9.9699,-6.3933,6.5498,5.6180,7.5495,5.9064,4
2458716.583637,10.6840,-8.0277,6.5498,5.6180,7.5495,5.9064,4
2458716.600467,8.0682,-10.0126,6.5498,5.6180,7.5495,5.9064,4
2458716.621167,17.0402,-13.2638,6.5498,5.6180,7.5495,5.9064,4
2458716.654887,15.4069,-6.5990,6.5498,5.6180,7.5495,5.9064,4
2458716.683747,1.7322,-19.8605,6.5498,5.6180,7.5495,5.9064,4
2458717.476447,8.9402,-13.8087,6.5498,5.6180,7.5495,5.9064,4
2458717.510127,12.5749,-7.7747,6.5498,5.6180,7.5495,5.9064,4
2458717.530317,7.3886,-7.9430,6.5498,5.6180,7.5495,5.9064,4
2458717.575297,17.7647,-11.2450,6.5498,5.6180,7.5495,5.9064,4
2458717.592017,12.8048,-10.4743,6.5498,5.6180,7.5495,5.9064,4
2458718.543197,10.8806,-7.1310,6.5498,5.6180,7.5495,5.9064,4
2458718.607127,17.4207,-17.7042,6.5498,5.6180,7.5495,5.9064,4
2458718.640667,17.7189,-4.5290,6.5498,5.6180,7.5495,5.9064,4
2458718.658107,7.1794,-2.3647,6.5498,5.6180,7.5495,5.9064,4
2458719.621567,4.5002,-16.4147,6.5498,5.6180,7.5495,5.9064,4
2458719.638197,23.0984,-0.8811,6.5498,5.6180,7.5495,5.9064,4
2458720.578837,18.6282,-10.0758,6.5498,5.6180,7.5495,5.9064,4
2458720.612357,19.3909,-10.3242,6.5498,5.6180,7.5495,5.9064,4
2458721.488537,22.1369,-4.6873,6.5498,5.6180,7.5495,5.9064,4
2458721.506517,6.5817,-18.0431,6.5498,5.6180,7.5495,5.9064,4
2458721.599927,13.1066,-5.8405,6.5498,5.6180,7.5495,5.9064,4
2458721.616927,7.8195,-14.1701,6.5498,5.6180,7.5495,5.9064,4
2458722.555557,11.2608,-9.9677,6.5498,5.6180,7.5495,5.9064,4
2458722.572087,0.5683,-11.8379,6.5498,5.6180,7.5495,5.9064,4
2458722.633787,12.4976,-7.2624,6.5498,5.6180,7.5495,5.9064,4
2458722.650317,-0.3300,-15.7224,6.5498,5.6180,7.5495,5.9064,4
2458723.516117,8.8401,-10.8905,6.5498,5.6180,7.5495,5.9064,4
2458723.574837,16.1467,-1.4097,6.5498,5.6180,7.5495,5.9064,4
2458723.591487,22.6225,-4.6065,6.5498,5.6180,7.5495,5.9064,4
2458724.488307,8.9941,-10.4935,6.5498,5.6180,7.5495,5.9064,4
2458724.505227,11.1027,-12.4775,6.5498,5.6180,7.5495,5.9064,4
2458724.532857,15.5045,-3.8562,6.5498,5.6180,7.5495,5.9064,4
2458724.549287,7.9937,-11.5289,6.5498,5.6180,7.5495,5.9064,4
2458724.582937,20.8692,-7.4430,6.5498,5.6180,7.5495,5.9064,4
2458724.661397,22.0946,-5.6989,6.5498,5.6180,7.5495,5.9064,4
2458725.486797,10.5465,-19.2412,6.5498,5.6180,7.5495,5.9064,4
2458725.504087,13.0394,-13.1970,6.5498,5.6180,7.5495,5.9064,4
2458725.520777,12.5526,-7.0156,6.5498,5.6180,7.5495,5.9064,4
2458725.548527,10.3355,-6.4436,6.5498,5.6180,7.5495,5.9064,4
2458725.570497,11.5962,-18.5607,6.5498,5.6180,7.5495,5.9064,4
2458725.587017,10.8974,-12.6773,6.5498,5.6180,7.5495,5.9064,4
2458725.603517,13.3673,-11.3251,6.5498,5.6180,7.5495,5.9064,4
2458725.620617,6.0596,-12.1630,6.5498,5.6180,7.5495,5.9064,4
2458725.659007,13.0191,-3.0346,6.5498,5.6180,7.5495,5.9064,4
2458726.484057,4.5969,-6.6627,6.5498,5.6180,7.5495,5.9064,4
2458726.500527,2.5735,-13.4924,6.5498,5.6180,7.5495,5.9064,4
2458726.517037,6.0242,-0.5837,6.5498,5.6180,7.5495,5.9064,4
2458726.533517,11.6350,-11.4542,6.5498,5.6180,7.5495,5.9064,4
2458726.561687,0.6839,-13.4126,6.5498,5.6180,7.5495,5.9064,4
2458726.611767,16.1796,0.5713,6.5498,5.6180,7.5495,5.9064,4
2458726.659657,16.9545,-4.5774,6.5498,5.6180,7.5495,5.9064,4
2458727.497617,13.4326,-15.3285,6.5498,5.6180,7.5495,5.9064,4
2458727.513877,9.2894,-8.7510,6.5498,5.6180,7.5495,5.9064,4
2458727.547487,11.8736,-12.5843,6.5498,5.6180,7.5495,5.9064,4
2458727.564397,-0.3171,-6.3382,6.5498,5.6180,7.5495,5.9064,4
2458727.581407,17.2229,-21.3787,6.5498,5.6180,7.5495,5.9064,4
2458727.608317,10.5329,-12.1730,6.5498,5.6180,7.5495,5.9064,4
2458727.625507,14.0287,-3.2991,6.5498,5.6180,7.5495,5.9064,4
2458727.662387,21.0196,-12.2978,6.5498,5.6180,7.5495,5.9064,4
2458728.482007,5.7267,-13.6505,6.5498,5.6180,7.5495,5.9064,4
2458728.502367,10.8290,-12.3535,6.5498,5.6180,7.5495,5.9064,4
2458728.533357,7.7840,-8.2414,6.5498,5.6180,7.5495,5.9064,4
2458728.549627,7.5083,-13.5842,6.5498,5.6180,7.5495,5.9064,4
2458728.566217,7.9832,-0.8308,6.5498,5.6180,7.5495,5.9064,4
2458728.582937,13.3129,-7.4187,6.5498,5.6180,7.5495,5.9064,4
2458728.599887,18.7283,-10.3857,6.5498,5.6180,7.5495,5.9064,4
2458728.628257,16.1608,-2.7626,6.5498,5.6180,7.5495,5.9064,4
2458728.646747,14.7383,-22.2854,6.5498,5.6180,7.5495,5.9064,4
2458728.654957,15.3607,-7.3289,6.5498,5.6180,7.5495,5.9064,4
2458729.471787,10.3200,-9.5964,6.5498,5.6180,7.5495,5.9064,4
2458729.488517,8.3438,-15.3441,6.5498,5.6180,7.5495,5.9064,4
2458729.509667,8.5675,-9.6996,6.5498,5.6180,7.5495,5.9064,4
2458729.526517,4.3239,-5.7217,6.5498,5.6180,7.5495,5.9064,4
2458729.554507,13.2380,-9.6053,6.5498,5.6180,7.5495,5.9064,4
2458729.570817,13.7632,-6.9531,6.5498,5.6180,7.5495,5.9064,4
2458729.589367,15.0759,-12.8651,6.5498,5.6180,7.5495,5.9064,4
2458729.606007,20.3834,-12.2373,6.5498,5.6180,7.5495,5.9064,4
2458729.622507,15.6884,-1.1699,6.5498,5.6180,7.5495,5.9064,4
2458729.639417,18.9989,-2.3808,6.5498,5.6180,7.5495,5.9064,4
2458730.500037,10.3183,-11.0495,6.5498,5.6180,7.5495,5.9064,4
2458730.516917,11.8294,-4.0010,6.5498,5.6180,7.5495,5.9064,4
2458730.566737,8.8889,0.5448,6.5498,5.6180,7.5495,5.9064,4
2458730.595107,9.5840,-8.6487,6.5498,5.6180,7.5495,5.9064,4
2458730.645207,22.2882,-0.3164,6.5498,5.6180,7.5495,5.9064,4
2458731.488127,5.2667,-5.6259,6.5498,5.6180,7.5495,5.9064,4
2458731.523427,7.0500,-7.1751,6.5498,5.6180,7.5495,5.9064,4
2458731.540907,9.1994,-14.1738,6.5498,5.6180,7.5495,5.9064,4
2458731.582317,7.8106,-19.1617,6.5498,5.6180,7.5495,5.9064,4
2458738.491807,2.1460,3.4621,6.5498,5.6180,7.5495,5.9064,4
2458738.508737,5.0332,-7.1331,6.5498,5.6180,7.5495,5.9064,4
2458738.530177,17.9181,-12.0355,6.5498,5.6180,7.5495,5.9064,4
2458738.546757,7.2361,-8.1129,6.5498,5.6180,7.5495,5.9064,4
2458738.563127,14.2866,-14.5000,6.5498,5.6180,7.5495,5.9064,4
2458738.590327,19.7912,-19.0752,6.5498,5.6180,7.5495,5.9064,4
2458738.624057,11.3486,-9.6521,6.5498,5.6180,7.5495,5.9064,4
2458738.632387,6.2537,-8.4583,6.5498,5.6180,7.5495,5.9064,4
2458739.578207,26.2732,-3.1053,6.5498,5.6180,7.5495,5.9064,4
2458739.611277,8.0874,-10.6616,6.5498,5.6180,7.5495,5.9064,4
2458740.506497,14.0612,-22.5200,6.5498,5.6180,7.5495,5.9064,4
2458740.532857,11.8076,-3.3055,6.5498,5.6180,7.5495,5.9064,4
2458740.566057,12.7323,-26.0339,6.5498,5.6180,7.5495,5.9064,4
2458741.510297,2.0903,-18.7752,6.5498,5.6180,7.5495,5.9064,4
2458741.536107,11.5829,-6.9301,6.5498,5.6180,7.5495,5.9064,4
2458741.593957,21.2887,-4.2641,6.5498,5.6180,7.5495,5.9064,4
2458742.508907,21.4820,-20.1884,6.5498,5.6180,7.5495,5.9064,4
2458742.525577,10.2998,-11.8950,6.5498,5.6180,7.5495,5.9064,4
2458742.542427,15.1936,-10.8684,6.5498,5.6180,7.5495,5.9064,4
2458742.558897,13.8842,-4.8290,6.5498,5.6180,7.5495,5.9064,4
2458742.575977,9.7933,0.5215,6.5498,5.6180,7.5495,5.9064,4
2458742.602727,13.7704,-9.4369,6.5498,5.6180,7.5495,5.9064,4
2458742.618027,-11.9908,-18.5205,6.5498,5.6180,7.5495,5.9064,4
2458745.549217,21.2161,-9.4014,6.5498,5.6180,7.5495,5.9064,4
2458746.523607,-21.2643,-34.0990,6.5498,5.6180,7.5495,5.9064,4
2458746.540177,20.9789,-19.0382,6.5498,5.6180,7.5495,5.9064,4
2458746.573967,5.4136,-17.3685,6.5498,5.6180,7.5495,5.9064,4
2458746.602437,-2.0075,-0.1184,6.5498,5.6180,7.5495,5.9064,4
2458747.497557,9.6217,-9.4533,6.5498,5.6180,7.5495,5.9064,4
2458747.514497,14.5043,-7.9056,6.5498,5.6180,7.5495,5.9064,4
2458747.530957,-8.5294,-12.2060,6.5498,5.6180,7.5495,5.9064,4
2458747.547337,10.7964,-9.0774,6.5498,5.6180,7.5495,5.9064,4
2458747.576027,-1.6948,-10.5660,6.5498,5.6180,7.5495,5.9064,4
2458747.592237,-2.3321,-15.1050,6.5498,5.6180,7.5495,5.9064,4
2458747.608837,-4.4777,-28.1247,6.5498,5.6180,7.5495,5.9064,4
2458748.514607,-22.3584,-31.0494,6.5498,5.6180,7.5495,5.9064,4
2458748.544537,19.9790,-15.5489,6.5498,5.6180,7.5495,5.9064,4
2458748.561127,-23.7314,-14.9890,6.5498,5.6180,7.5495,5.9064,4
2458748.587407,18.2718,-0.4847,6.5498,5.6180,7.5495,5.9064,4
2458748.601617,0.8785,-24.9006,6.5498,5.6180,7.5495,5.9064,4
2458749.533127,10.6556,-2.2330,6.5498,5.6180,7.5495,5.9064,4
2458750.512027,28.5071,-20.6729,6.5498,5.6180,7.5495,5.9064,4
2458750.541667,7.6054,-4.0236,6.5498,5.6180,7.5495,5.9064,4
2458750.558127,3.2971,-30.6618,6.5498,5.6180,7.5495,5.9064,4
2458750.595577,14.4427,-16.1143,6.5498,5.6180,7.5495,5.9064,4
2458752.498447,-3.0398,-17.9456,6.5498,5.6180,7.5495,5.9064,4
2458752.526927,-2.6132,-24.7685,6.5498,5.6180,7.5495,5.9064,4
2458752.559757,26.8096,-5.5670,6.5498,5.6180,7.5495,5.9064,4
2458753.519367,18.6023,-17.6605,6.5498,5.6180,7.5495,5.9064,4
2458753.543837,-1.7968,-7.5273,6.5498,5.6180,7.5495,5.9064,4
2458754.540197,24.6827,-12.4533,6.5498,5.6180,7.5495,5.9064,4
2458754.561197,19.4315,-6.7397,6.5498,5.6180,7.5495,5.9064,4
2458754.577997,-23.6332,-20.5262,6.5498,5.6180,7.5495,5.9064,4
2458755.509027,-4.6807,-5.5412,6.5498,5.6180,7.5495,5.9064,4
2458755.555267,-14.5607,-33.7619,6.5498,5.6180,7.5495,5.9064,4
2458755.574347,7.6553,-14.6980,6.5498,5.6180,7.5495,5.9064,4
2458756.494047,14.4752,-17.6105,6.5498,5.6180,7.5495,5.9064,4
2458756.511927,19.9669,-12.2575,6.5498,5.6180,7.5495,5.9064,4
2458756.528587,12.6074,-11.1970,6.5498,5.6180,7.5495,5.9064,4
2458756.555437,1.4709,-6.5866,6.5498,5.6180,7.5495,5.9064,4
2458756.572127,22.6942,-10.3486,6.5498,5.6180,7.5495,5.9064,4
2458757.495007,11.8832,-21.3624,6.5498,5.6180,7.5495,5.9064,4
2458757.512017,4.0435,-8.2774,6.5498,5.6180,7.5495,5.9064,4
2458757.528557,26.3209,-15.2596,6.5498,5.6180,7.5495,5.9064,4
2458757.555827,-6.8118,-18.5976,6.5498,5.6180,7.5495,5.9064,4
2458761.501117,9.2354,-26.1407,6.5498,5.6180,7.5495,5.9064,4
2458761.545387,22.2900,-4.4953,6.5498,5.6180,7.5495,5.9064,4
2458762.492677,5.8287,-12.0274,6.5498,5.6180,7.5495,5.9064,4
2458762.509407,4.3035,-19.6244,6.5498,5.6180,7.5495,5.9064,4
2458762.538987,9.8756,-19.8305,6.5498,5.6180,7.5495,5.9064,4
2458762.556187,11.8818,-17.2851,6.5498,5.6180,7.5495,5.9064,4
2458763.484717,10.2994,-8.7289,6.5498,5.6180,7.5495,5.9064,4
2458763.501207,16.1762,1.5914,6.5498,5.6180,7.5495,5.9064,4
2458763.517377,21.9886,-12.6350,6.5498,5.6180,7.5495,5.9064,4
2458763.551587,17.3338,-2.6580,6.5498,5.6180,7.5495,5.9064,4
2458764.529417,-5.7864,-17.9473,6.5498,5.6180,7.5495,5.9064,4
2458764.545977,18.4744,-20.9106,6.5498,5.6180,7.5495,5.9064,4
2458767.551907,8.4290,-19.9518,6.5498,5.6180,7.5495,5.9064,4
2458768.509027,7.4507,-9.0569,6.5498,5.6180,7.5495,5.9064,4
2458768.543027,9.2796,-26.0207,6.5498,5.6180,7.5495,5.9064,4
2458768.552537,11.1774,-15.9483,6.5498,5.6180,7.5495,5.9064,4
2458772.522207,-12.1230,-21.5987,6.5498,5.6180,7.5495,5.9064,4
2458772.538907,-7.0539,-26.3780,6.5498,5.6180,7.5495,5.9064,4
2458774.513877,21.9391,-13.3528,6.5498,5.6180,7.5495,5.9064,4
2458774.530657,15.5769,-9.0531,6.5498,5.6180,7.5495,5.9064,4
2458775.493217,14.9424,5.2274,6.5498,5.6180,7.5495,5.9064,4
2459265.869757,-10.1514,-17.6968,6.5498,5.6180,6.6767,5.4623,5
2459266.892267,-13.4707,-25.4143,6.5498,5.6180,6.6767,5.4623,5
2459267.883527,-2.3250,-12.0143,6.5498,5.6180,6.6767,5.4623,5
2459267.901297,-2.0726,-8.8695,6.5498,5.6180,6.6767,5.4623,5
2459268.868307,-39.1884,-12.2880,6.5498,5.6180,6.6767,5.4623,5
2459269.880777,-9.6772,-0.9280,6.5498,5.6180,6.6767,5.4623,5
2459269.898647,7.4374,-9.3440,6.5498,5.6180,6.6767,5.4623,5
2459271.881867,-13.8841,-12.4725,6.5498,5.6180,6.6767,5.4623,5
2459273.899777,-16.0117,-2.4816,6.5498,5.6180,6.6767,5.4623,5
2459274.873747,-6.0632,-20.1997,6.5498,5.6180,6.6767,5.4623,5
2459274.901817,-0.1979,-11.0758,6.5498,5.6180,6.6767,5.4623,5
2459275.878327,-24.0470,-19.5819,6.5498,5.6180,6.6767,5.4623,5
2459275.906577,9.7548,-9.4107,6.5498,5.6180,6.6767,5.4623,5
2459276.836407,-3.7207,-6.7003,6.5498,5.6180,6.6767,5.4623,5
2459276.852237,19.9505,1.2482,6.5498,5.6180,6.6767,5.4623,5
2459276.870187,3.7068,-4.0366,6.5498,5.6180,6.6767,5.4623,5
2459276.908557,15.3503,-8.5140,6.5498,5.6180,6.6767,5.4623,5
2459277.831917,4.4993,-7.8361,6.5498,5.6180,6.6767,5.4623,5
2459277.849237,-23.5933,-11.0755,6.5498,5.6180,6.6767,5.4623,5
2459277.891717,-0.3670,-5.5663,6.5498,5.6180,6.6767,5.4623,5
2459277.909157,-1.6715,-0.1939,6.5498,5.6180,6.6767,5.4623,5
2459278.830857,-37.9960,-25.0719,6.5498,5.6180,6.6767,5.4623,5
2459279.854667,-0.6309,-17.5883,6.5498,5.6180,6.6767,5.4623,5
2459279.882377,0.1370,-20.5696,6.5498,5.6180,6.6767,5.4623,5
2459280.836547,-0.7013,-16.5109,6.5498,5.6180,6.6767,5.4623,5
2459280.872417,6.9920,-13.8823,6.5498,5.6180,6.6767,5.4623,5
2459280.889877,-6.1232,-2.0493,6.5498,5.6180,6.6767,5.4623,5
2459281.848907,-26.1171,-7.2455,6.5498,5.6180,6.6767,5.4623,5
2459281.866397,2.2262,2.9356,6.5498,5.6180,6.6767,5.4623,5
2459281.884227,2.5901,-11.2559,6.5498,5.6180,6.6767,5.4623,5
2459281.901397,6.4805,-7.3224,6.5498,5.6180,6.6767,5.4623,5
2459282.830237,1.5400,-11.7269,6.5498,5.6180,6.6767,5.4623,5
2459282.858227,-3.4676,-10.7644,6.5498,5.6180,6.6767,5.4623,5
2459282.876137,2.0841,-5.6525,6.5498,5.6180,6.6767,5.4623,5
2459282.896877,2.9035,-1.2602,6.5498,5.6180,6.6767,5.4623,5
2459283.809177,-18.9289,-14.3955,6.5498,5.6180,6.6767,5.4623,5
2459283.839107,-28.4057,-5.0350,6.5498,5.6180,6.6767,5.4623,5
2459283.859957,0.6654,-1.1007,6.5498,5.6180,6.6767,5.4623,5
2459283.880857,2.2520,-10.4703,6.5498,5.6180,6.6767,5.4623,5
2459283.903707,-4.0080,-2.8120,6.5498,5.6180,6.6767,5.4623,5
2459284.835497,14.5860,-7.7578,6.5498,5.6180,6.6767,5.4623,5
2459284.853567,-1.2019,4.3797,6.5498,5.6180,6.6767,5.4623,5
2459284.870817,-2.1647,-8.8627,6.5498,5.6180,6.6767,5.4623,5
2459284.888297,3.6426,-1.3604,6.5498,5.6180,6.6767,5.4623,5
2459284.905637,-5.7514,-22.9775,6.5498,5.6180,6.6767,5.4623,5
2459285.881977,-0.2687,-8.6528,6.5498,5.6180,6.6767,5.4623,5
2459285.893487,-1.1616,-1.7921,6.5498,5.6180,6.6767,5.4623,5
2459285.910667,-16.0626,-4.0854,6.5498,5.6180,6.6767,5.4623,5
2459286.853627,4.3787,-6.7056,6.5498,5.6180,6.6767,5.4623,5
2459286.873287,1.1098,-2.5795,6.5498,5.6180,6.6767,5.4623,5
2459286.890717,-6.8246,-10.7805,6.5498,5.6180,6.6767,5.4623,5
2459286.907627,-1.4071,-3.9923,6.5498,5.6180,6.6767,5.4623,5
2459287.865417,-0.5269,4.4396,6.5498,5.6180,6.6767,5.4623,5
2459288.820047,-2.9383,-3.5694,6.5498,5.6180,6.6767,5.4623,5
2459289.904377,7.4954,-6.8481,6.5498,5.6180,6.6767,5.4623,5
2459290.823257,-20.2227,-2.5247,6.5498,5.6180,6.6767,5.4623,5
2459290.840437,-6.1225,-8.9698,6.5498,5.6180,6.6767,5.4623,5
2459290.868667,-5.2303,-13.0928,6.5498,5.6180,6.6767,5.4623,5
2459290.902547,3.8693,3.0737,6.5498,5.6180,6.6767,5.4623,5
2459291.873207,3.5507,-12.8082,6.5498,5.6180,6.6767,5.4623,5
2459291.890357,10.4117,-3.2572,6.5498,5.6180,6.6767,5.4623,5
2459292.902067,-12.1627,-2.9495,6.5498,5.6180,6.6767,5.4623,5
2459293.863987,-8.3449,0.3953,6.5498,5.6180,6.6767,5.4623,5
2459293.904077,-13.8115,-2.0108,6.5498,5.6180,6.6767,5.4623,5
2459294.884907,-2.2931,-2.7835,6.5498,5.6180,6.6767,5.4623,5
2459295.836187,-18.3398,-8.5842,6.5498,5.6180,6.6767,5.4623,5
2459295.853937,-11.1317,-15.3158,6.5498,5.6180,6.6767,5.4623,5
2459295.871867,3.2597,-2.5303,6.5498,5.6180,6.6767,5.4623,5
2459295.888957,5.5703,-6.7555,6.5498,5.6180,6.6767,5.4623,5
2459295.906437,14.6200,-12.9484,6.5498,5.6180,6.6767,5.4623,5
2459296.798217,-1.5818,-10.3080,6.5498,5.6180,6.6767,5.4623,5
2459296.815777,-13.0982,-5.9616,6.5498,5.6180,6.6767,5.4623,5
2459296.833237,3.7753,0.0777,6.5498,5.6180,6.6767,5.4623,5
2459296.850827,8.8862,-1.8791,6.5498,5.6180,6.6767,5.4623,5
2459296.878917,8.9891,-6.9749,6.5498,5.6180,6.6767,5.4623,5
2459296.899307,3.3968,-8.4707,6.5498,5.6180,6.6767,5.4623,5
2459296.916717,0.0642,-6.1838,6.5498,5.6180,6.6767,5.4623,5
2459297.854537,3.1061,-1.7254,6.5498,5.6180,6.6767,5.4623,5
2459297.892117,2.2382,0.1176,6.5498,5.6180,6.6767,5.4623,5
2459297.909557,2.0798,-3.8293,6.5498,5.6180,6.6767,5.4623,5
2459298.793667,-15.1133,-3.4890,6.5498,5.6180,6.6767,5.4623,5
2459298.871047,-0.9261,3.2949,6.5498,5.6180,6.6767,5.4623,5
2459298.898367,11.5929,-14.1090,6.5498,5.6180,6.6767,5.4623,5
2459298.918457,11.8381,-3.6666,6.5498,5.6180,6.6767,5.4623,5
2459299.816587,-0.6870,-10.0809,6.5498,5.6180,6.6767,5.4623,5
2459299.851017,15.4084,-0.9999,6.5498,5.6180,6.6767,5.4623,5
2459299.868277,1.7058,-5.6374,6.5498,5.6180,6.6767,5.4623,5
2459299.904757,8.9828,-3.9137,6.5498,5.6180,6.6767,5.4623,5
2459300.780247,-3.2074,-5.3723,6.5498,5.6180,6.6767,5.4623,5
2459300.797907,-6.9769,-1.2205,6.5498,5.6180,6.6767,5.4623,5
2459300.815917,7.4646,2.7653,6.5498,5.6180,6.6767,5.4623,5
2459300.833307,-2.2969,-11.7643,6.5498,5.6180,6.6767,5.4623,5
2459300.852887,-0.8690,-4.2577,6.5498,5.6180,6.6767,5.4623,5
2459300.881327,3.9855,-3.3480,6.5498,5.6180,6.6767,5.4623,5
2459300.898897,4.2062,-4.4954,6.5498,5.6180,6.6767,5.4623,5
2459300.916187,-2.3007,-0.8701,6.5498,5.6180,6.6767,5.4623,5
2459301.779237,0.4768,-2.0034,6.5498,5.6180,6.6767,5.4623,5
2459301.797117,5.3902,-7.3269,6.5498,5.6180,6.6767,5.4623,5
2459301.825327,2.9121,-12.2984,6.5498,5.6180,6.6767,5.4623,5
2459301.842557,7.9009,-3.9249,6.5498,5.6180,6.6767,5.4623,5
2459301.863057,2.7684,0.0049,6.5498,5.6180,6.6767,5.4623,5
2459301.880707,2.6793,1.7883,6.5498,5.6180,6.6767,5.4623,5
2459301.897707,2.1602,0.5930,6.5498,5.6180,6.6767,5.4623,5
2459302.835417,-11.3730,-2.3478,6.5498,5.6180,6.6767,5.4623,5
2459302.853507,2.9533,1.9497,6.5498,5.6180,6.6767,5.4623,5
2459302.898457,7.3666,-9.1109,6.5498,5.6180,6.6767,5.4623,5
2459303.851067,-2.0948,1.7729,6.5498,5.6180,6.6767,5.4623,5
2459303.875617,1.3867,2.0682,6.5498,5.6180,6.6767,5.4623,5
2459303.892877,5.8787,-2.6806,6.5498,5.6180,6.6767,5.4623,5
2459303.910707,6.7876,-7.2837,6.5498,5.6180,6.6767,5.4623,5
2459303.917997,16.8558,-0.9784,6.5498,5.6180,6.6767,5.4623,5
2459304.753217,-4.9337,-15.5797,6.5498,5.6180,6.6767,5.4623,5
2459304.781097,3.8403,-3.4001,6.5498,5.6180,6.6767,5.4623,5
2459304.798657,-4.9761,-4.6586,6.5498,5.6180,6.6767,5.4623,5
2459304.816647,-4.1825,-4.2705,6.5498,5.6180,6.6767,5.4623,5
2459304.833817,-5.4820,-4.7874,6.5498,5.6180,6.6767,5.4623,5
2459304.851777,1.0925,-10.1622,6.5498,5.6180,6.6767,5.4623,5
2459304.879397,10.2419,-5.0668,6.5498,5.6180,6.6767,5.4623,5
2459304.896777,6.7123,-2.3302,6.5498,5.6180,6.6767,5.4623,5
2459304.916007,-2.7140,-5.5477,6.5498,5.6180,6.6767,5.4623,5
2459305.798637,0.4807,1.6739,6.5498,5.6180,6.6767,5.4623,5
2459305.816217,4.3996,-5.6970,6.5498,5.6180,6.6767,5.4623,5
2459305.833697,-14.8930,-0.3319,6.5498,5.6180,6.6767,5.4623,5
2459305.850387,8.3925,-1.8111,6.5498,5.6180,6.6767,5.4623,5
2459305.868117,-0.0203,-4.5512,6.5498,5.6180,6.6767,5.4623,5
2459305.885477,6.9324,-3.7152,6.5498,5.6180,6.6767,5.4623,5
2459306.806877,-5.2040,-9.7311,6.5498,5.6180,6.6767,5.4623,5
2459306.907667,-0.8374,-5.0276,6.5498,5.6180,6.6767,5.4623,5
2459308.772037,-15.6322,-4.1476,6.5498,5.6180,6.6767,5.4623,5
2459308.808727,2.6655,-3.0505,6.5498,5.6180,6.6767,5.4623,5
2459308.878377,-1.0754,-1.1566,6.5498,5.6180,6.6767,5.4623,5
2459309.779917,-11.0379,-4.4254,6.5498,5.6180,6.6767,5.4623,5
2459309.801667,-2.2260,-1.2012,6.5498,5.6180,6.6767,5.4623,5
2459309.818967,0.4102,-5.4827,6.5498,5.6180,6.6767,5.4623,5
2459309.836167,11.9423,-0.9336,6.5498,5.6180,6.6767,5.4623,5
2459309.859717,9.0081,-8.7709,6.5498,5.6180,6.6767,5.4623,5
2459309.893207,5.5949,-3.9405,6.5498,5.6180,6.6767,5.4623,5
2459309.912877,-3.7180,-10.8837,6.5498,5.6180,6.6767,5.4623,5
2459310.803917,7.2731,-4.0982,6.5498,5.6180,6.6767,5.4623,5
2459310.821237,-2.1718,3.7856,6.5498,5.6180,6.6767,5.4623,5
2459310.838877,-10.9589,-12.5522,6.5498,5.6180,6.6767,5.4623,5
2459310.855687,-1.4261,5.7459,6.5498,5.6180,6.6767,5.4623,5
2459310.873207,10.0843,6.9482,6.5498,5.6180,6.6767,5.4623,5
2459310.909487,-1.2948,-10.8611,6.5498,5.6180,6.6767,5.4623,5
2459311.761517,12.2477,-1.6806,6.5498,5.6180,6.6767,5.4623,5
2459311.782447,3.6766,-7.5280,6.5498,5.6180,6.6767,5.4623,5
2459311.809037,4.1822,-6.7521,6.5498,5.6180,6.6767,5.4623,5
2459311.828217,6.5191,-7.5488,6.5498,5.6180,6.6767,5.4623,5
2459311.845757,5.0089,0.3064,6.5498,5.6180,6.6767,5.4623,5
2459311.865537,-1.0699,-0.8625,6.5498,5.6180,6.6767,5.4623,5
2459311.888527,12.6242,-0.4658,6.5498,5.6180,6.6767,5.4623,5
2459311.920107,2.5782,-2.1726,6.5498,5.6180,6.6767,5.4623,5
2459312.787777,5.6049,3.6233,6.5498,5.6180,6.6767,5.4623,5
2459312.805347,8.8505,-4.1235,6.5498,5.6180,6.6767,5.4623,5
2459312.833797,0.9116,3.4505,6.5498,5.6180,6.6767,5.4623,5
2459312.851467,10.9932,0.8657,6.5498,5.6180,6.6767,5.4623,5
2459312.871177,10.5022,-1.0327,6.5498,5.6180,6.6767,5.4623,5
2459312.888527,9.9217,2.9369,6.5498,5.6180,6.6767,5.4623,5
2459313.778257,8.2175,-11.3758,6.5498,5.6180,6.6767,5.4623,5
2459313.846387,6.8440,-3.0641,6.5498,5.6180,6.6767,5.4623,5
2459313.863447,14.0196,-15.4009,6.5498,5.6180,6.6767,5.4623,5
2459313.880927,2.2010,4.9408,6.5498,5.6180,6.6767,5.4623,5
2459313.900317,-2.7429,4.9259,6.5498,5.6180,6.6767,5.4623,5
2459313.917917,2.4662,-1.3085,6.5498,5.6180,6.6767,5.4623,5
2459314.837967,-1.4334,-2.4944,6.5498,5.6180,6.6767,5.4623,5
2459314.876887,10.4556,-12.2613,6.5498,5.6180,6.6767,5.4623,5
2459314.897487,-0.7546,1.2956,6.5498,5.6180,6.6767,5.4623,5
2459314.916767,4.0166,-6.6577,6.5498,5.6180,6.6767,5.4623,5
2459315.757387,-11.7159,7.5954,6.5498,5.6180,6.6767,5.4623,5
2459315.794167,-4.1556,-2.1742,6.5498,5.6180,6.6767,5.4623,5
2459315.811727,-2.1589,-8.6871,6.5498,5.6180,6.6767,5.4623,5
2459315.862907,11.1795,-1.6313,6.5498,5.6180,6.6767,5.4623,5
2459315.880287,-1.6191,-0.7716,6.5498,5.6180,6.6767,5.4623,5
2459315.904057,6.0852,-7.7831,6.5498,5.6180,6.6767,5.4623,5
2459315.919317,2.7060,-6.3414,6.5498,5.6180,6.6767,5.4623,5
2459316.765947,-9.5102,-2.9075,6.5498,5.6180,6.6767,5.4623,5
2459316.783857,2.6026,-5.4773,6.5498,5.6180,6.6767,5.4623,5
2459316.801497,12.2111,-1.8250,6.5498,5.6180,6.6767,5.4623,5
2459316.843387,14.7055,-10.0951,6.5498,5.6180,6.6767,5.4623,5
2459316.870997,3.4842,-9.9093,6.5498,5.6180,6.6767,5.4623,5
2459316.889177,15.8742,-4.3698,6.5498,5.6180,6.6767,5.4623,5
2459316.909387,3.7875,0.1344,6.5498,5.6180,6.6767,5.4623,5
2459317.799287,-2.2730,5.4066,6.5498,5.6180,6.6767,5.4623,5
2459317.816957,1.9793,-10.1831,6.5498,5.6180,6.6767,5.4623,5
2459317.834207,-6.0514,-1.4686,6.5498,5.6180,6.6767,5.4623,5
2459317.878827,5.9274,-1.5627,6.5498,5.6180,6.6767,5.4623,5
2459317.923477,9.8807,-3.4188,6.5498,5.6180,6.6767,5.4623,5
2459318.747887,-6.3302,-6.2680,6.5498,5.6180,6.6767,5.4623,5
2459318.831057,-11.3287,0.5793,6.5498,5.6180,6.6767,5.4623,5
2459318.848717,4.3435,-5.4864,6.5498,5.6180,6.6767,5.4623,5
2459318.901877,0.4057,5.5375,6.5498,5.6180,6.6767,5.4623,5
2459318.919777,0.6702,-10.3627,6.5498,5.6180,6.6767,5.4623,5
2459319.773857,0.5986,-8.6928,6.5498,5.6180,6.6767,5.4623,5
2459319.811367,-10.4713,-12.4247,6.5498,5.6180,6.6767,5.4623,5
2459319.828337,-11.5422,-9.6300,6.5498,5.6180,6.6767,5.4623,5
2459319.845617,4.9733,-1.1938,6.5498,5.6180,6.6767,5.4623,5
2459319.876507,3.8504,-5.4909,6.5498,5.6180,6.6767,5.4623,5
2459319.896137,2.6714,-1.0734,6.5498,5.6180,6.6767,5.4623,5
2459319.913117,3.9085,-10.1039,6.5498,5.6180,6.6767,5.4623,5
2459320.708777,-4.6834,-2.8860,6.5498,5.6180,6.6767,5.4623,5
2459320.726627,1.2859,-6.0275,6.5498,5.6180,6.6767,5.4623,5
2459320.772787,16.0387,-3.7542,6.5498,5.6180,6.6767,5.4623,5
2459320.819507,14.6732,-14.3163,6.5498,5.6180,6.6767,5.4623,5
2459320.854457,2.5377,-1.4075,6.5498,5.6180,6.6767,5.4623,5
2459320.889227,10.0002,0.9932,6.5498,5.6180,6.6767,5.4623,5
2459320.925277,3.2740,3.3139,6.5498,5.6180,6.6767,5.4623,5
2459321.783387,-13.3936,1.0191,6.5498,5.6180,6.6767,5.4623,5
2459321.800727,11.0355,-3.9995,6.5498,5.6180,6.6767,5.4623,5
2459321.818067,3.7663,-1.2785,6.5498,5.6180,6.6767,5.4623,5
2459321.883217,1.0107,-3.3170,6.5498,5.6180,6.6767,5.4623,5
2459321.907197,8.7015,-2.9412,6.5498,5.6180,6.6767,5.4623,5
2459321.923747,5.2319,-4.0546,6.5498,5.6180,6.6767,5.4623,5
2459322.731777,-6.0762,-10.9737,6.5498,5.6180,6.6767,5.4623,5
2459322.815757,7.5586,-1.3745,6.5498,5.6180,6.6767,5.4623,5
2459322.833407,8.1996,-7.3229,6.5498,5.6180,6.6767,5.4623,5
2459322.850887,7.0914,-1.0140,6.5498,5.6180,6.6767,5.4623,5
2459322.868197,6.8109,5.0674,6.5498,5.6180,6.6767,5.4623,5
2459322.901327,0.4198,2.7319,6.5498,5.6180,6.6767,5.4623,5
2459322.917907,4.7503,-1.5735,6.5498,5.6180,6.6767,5.4623,5
2459323.793407,8.6720,-9.7416,6.5498,5.6180,6.6767,5.4623,5
2459323.813167,3.4106,2.3199,6.5498,5.6180,6.6767,5.4623,5
2459323.832897,4.4577,-13.1015,6.5498,5.6180,6.6767,5.4623,5
2459323.835587,16.3137,3.2961,6.5498,5.6180,6.6767,5.4623,5
2459323.851407,4.0627,-1.9054,6.5498,5.6180,6.6767,5.4623,5
2459323.880727,6.6558,1.7996,6.5498,5.6180,6.6767,5.4623,5
2459323.907767,6.2449,-4.1091,6.5498,5.6180,6.6767,5.4623,5
2459324.863517,4.3991,-7.6341,6.5498,5.6180,6.6767,5.4623,5
2459324.925197,11.1449,11.5786,6.5498,5.6180,6.6767,5.4623,5
2459325.841227,0.4375,6.9736,6.5498,5.6180,6.6767,5.4623,5
2459325.863597,-8.3083,-7.3825,6.5498,5.6180,6.6767,5.4623,5
2459325.881817,-0.8098,-5.5487,6.5498,5.6180,6.6767,5.4623,5
2459326.815857,19.2807,-4.8259,6.5498,5.6180,6.6767,5.4623,5
2459326.833447,9.2826,1.6918,6.5498,5.6180,6.6767,5.4623,5
2459326.869067,10.4394,-12.7406,6.5498,5.6180,6.6767,5.4623,5
2459326.886657,-12.8959,-1.3143,6.5498,5.6180,6.6767,5.4623,5
2459326.913837,3.0496,10.1749,6.5498,5.6180,6.6767,5.4623,5
2459326.930607,7.1638,-7.5268,6.5498,5.6180,6.6767,5.4623,5
2459327.753627,-2.5569,-0.4037,6.5498,5.6180,6.6767,5.4623,5
2459327.788867,7.1568,-10.5852,6.5498,5.6180,6.6767,5.4623,5
2459327.806007,3.6585,1.7489,6.5498,5.6180,6.6767,5.4623,5
2459327.824627,-5.2885,11.5983,6.5498,5.6180,6.6767,5.4623,5
2459327.843697,-0.3579,8.4412,6.5498,5.6180,6.6767,5.4623,5
2459327.865067,-5.9230,1.2432,6.5498,5.6180,6.6767,5.4623,5
2459327.882227,14.5540,7.2193,6.5498,5.6180,6.6767,5.4623,5
2459327.910017,5.5533,-2.1070,6.5498,5.6180,6.6767,5.4623,5
2459327.926877,0.2883,-3.7495,6.5498,5.6180,6.6767,5.4623,5
2459328.752137,-9.0236,4.8557,6.5498,5.6180,6.6767,5.4623,5
2459328.822697,-12.1485,6.9427,6.5498,5.6180,6.6767,5.4623,5
2459328.851877,-2.7944,5.0373,6.5498,5.6180,6.6767,5.4623,5
2459328.886107,-2.0531,1.3378,6.5498,5.6180,6.6767,5.4623,5
2459328.906897,3.0451,-16.3645,6.5498,5.6180,6.6767,5.4623,5
2459328.924277,10.1491,5.3798,6.5498,5.6180,6.6767,5.4623,5
2459329.689127,-6.4664,-11.9313,6.5498,5.6180,6.6767,5.4623,5
2459329.706447,1.1527,8.1724,6.5498,5.6180,6.6767,5.4623,5
2459329.728847,1.7200,5.0751,6.5498,5.6180,6.6767,5.4623,5
2459329.747907,9.7395,-3.0986,6.5498,5.6180,6.6767,5.4623,5
2459329.765627,10.5195,-11.3644,6.5498,5.6180,6.6767,5.4623,5
2459329.783077,12.8743,10.1130,6.5498,5.6180,6.6767,5.4623,5
2459329.812487,8.1741,-1.5898,6.5498,5.6180,6.6767,5.4623,5
2459329.831947,18.1819,1.1745,6.5498,5.6180,6.6767,5.4623,5
2459329.850357,0.0936,-1.5958,6.5498,5.6180,6.6767,5.4623,5
2459329.854527,4.9446,-1.5593,6.5498,5.6180,6.6767,5.4623,5
2459329.871417,7.0003,-4.3742,6.5498,5.6180,6.6767,5.4623,5
2459329.888427,-0.7717,8.8459,6.5498,5.6180,6.6767,5.4623,5
2459330.691787,12.9088,-8.1730,6.5498,5.6180,6.6767,5.4623,5
2459330.712977,9.9339,-15.3801,6.5498,5.6180,6.6767,5.4623,5
2459330.730517,-0.4375,-10.8527,6.5498,5.6180,6.6767,5.4623,5
2459330.758757,11.0767,-1.8957,6.5498,5.6180,6.6767,5.4623,5
2459330.781817,9.3292,0.5585,6.5498,5.6180,6.6767,5.4623,5
2459330.800197,1.7029,5.1205,6.5498,5.6180,6.6767,5.4623,5
2459330.818687,-2.6502,-4.5933,6.5498,5.6180,6.6767,5.4623,5
2459330.841167,5.5644,1.5674,6.5498,5.6180,6.6767,5.4623,5
2459330.873377,-3.7974,8.0974,6.5498,5.6180,6.6767,5.4623,5
2459330.890587,-5.4966,0.0753,6.5498,5.6180,6.6767,5.4623,5
2459330.907487,-0.4587,3.5524,6.5498,5.6180,6.6767,5.4623,5
2459330.925157,-5.6331,-0.1125,6.5498,5.6180,6.6767,5.4623,5
2459331.757557,8.3372,-13.3156,6.5498,5.6180,6.6767,5.4623,5
2459331.779417,9.0717,-14.0589,6.5498,5.6180,6.6767,5.4623,5
2459331.814347,9.8592,-4.4663,6.5498,5.6180,6.6767,5.4623,5
2459331.831617,9.6576,-4.0446,6.5498,5.6180,6.6767,5.4623,5
2459331.881027,-2.4905,3.5699,6.5498,5.6180,6.6767,5.4623,5
2459331.899477,-2.1003,8.4015,6.5498,5.6180,6.6767,5.4623,5
2459331.917507,-19.4153,1.4414,6.5498,5.6180,6.6767,5.4623,5
2459332.694477,-18.5847,2.0134,6.5498,5.6180,6.6767,5.4623,5
2459332.722467,-9.6804,-2.6665,6.5498,5.6180,6.6767,5.4623,5
2459332.742107,-10.8497,1.6854,6.5498,5.6180,6.6767,5.4623,5
2459332.761137,4.2781,-9.0748,6.5498,5.6180,6.6767,5.4623,5
2459332.795507,6.7003,-2.4041,6.5498,5.6180,6.6767,5.4623,5
2459332.836947,5.6336,4.7715,6.5498,5.6180,6.6767,5.4623,5
2459332.866407,-0.5147,1.7894,6.5498,5.6180,6.6767,5.4623,5
2459332.887557,-3.1464,-2.7941,6.5498,5.6180,6.6767,5.4623,5
2459332.904297,2.6614,-9.0207,6.5498,5.6180,6.6767,5.4623,5
2459332.921547,11.4279,-9.8440,6.5498,5.6180,6.6767,5.4623,5
2459333.754327,-6.1609,4.7275,6.5498,5.6180,6.6767,5.4623,5
2459333.757197,14.3049,-3.3436,6.5498,5.6180,6.6767,5.4623,5
2459333.773997,0.3686,-1.1740,6.5498,5.6180,6.6767,5.4623,5
2459333.838507,5.7468,-14.8309,6.5498,5.6180,6.6767,5.4623,5
2459336.727397,-5.5426,-3.1938,6.5498,5.6180,6.6767,5.4623,5
2459336.744987,-3.2293,-3.8535,6.5498,5.6180,6.6767,5.4623,5
2459336.762727,8.2957,-0.8001,6.5498,5.6180,6.6767,5.4623,5
2459336.796927,-2.7502,-2.9949,6.5498,5.6180,6.6767,5.4623,5
2459336.836757,15.3858,-2.9751,6.5498,5.6180,6.6767,5.4623,5
2459336.854897,0.0053,4.6678,6.5498,5.6180,6.6767,5.4623,5
2459336.871387,2.3577,0.9600,6.5498,5.6180,6.6767,5.4623,5
2459336.899897,9.3652,-3.4201,6.5498,5.6180,6.6767,5.4623,5
2459336.916767,-1.1172,-1.7387,6.5498,5.6180,6.6767,5.4623,5
2459337.857067,-3.3566,-14.5206,6.5498,5.6180,6.6767,5.4623,5
2459338.819937,13.5799,10.4203,6.5498,5.6180,6.6767,5.4623,5
2459338.928997,-14.3883,0.0432,6.5498,5.6180,6.6767,5.4623,5
2459339.726507,-8.8834,-10.9126,6.5498,5.6180,6.6767,5.4623,5
2459339.760877,-3.1552,-4.7184,6.5498,5.6180,6.6767,5.4623,5
2459339.781237,7.7658,-8.3653,6.5498,5.6180,6.6767,5.4623,5
2459339.814097,8.2119,-6.7323,6.5498,5.6180,6.6767,5.4623,5
2459339.857257,-8.6357,-3.8135,6.5498,5.6180,6.6767,5.4623,5
2459339.874597,4.6913,-2.6075,6.5498,5.6180,6.6767,5.4623,5
2459339.891467,5.7603,-8.1299,6.5498,5.6180,6.6767,5.4623,5
2459339.918877,-14.1842,-6.8154,6.5498,5.6180,6.6767,5.4623,5
2459340.746297,-6.5089,-5.4963,6.5498,5.6180,6.6767,5.4623,5
2459340.765287,1.4229,-12.5346,6.5498,5.6180,6.6767,5.4623,5
2459340.782417,-1.5679,-11.2708,6.5498,5.6180,6.6767,5.4623,5
2459340.800437,-1.7180,-1.9021,6.5498,5.6180,6.6767,5.4623,5
2459340.819907,12.2058,-7.6274,6.5498,5.6180,6.6767,5.4623,5
2459340.824387,-1.9502,0.1621,6.5498,5.6180,6.6767,5.4623,5
2459340.851057,4.6060,-9.6812,6.5498,5.6180,6.6767,5.4623,5
2459340.869147,19.0846,-5.4692,6.5498,5.6180,6.6767,5.4623,5
2459340.906577,-17.4151,-11.2825,6.5498,5.6180,6.6767,5.4623,5
2459341.884667,-0.9848,-0.6339,6.5498,5.6180,6.6767,5.4623,5
2459341.901707,-5.1093,6.6127,6.5498,5.6180,6.6767,5.4623,5
2459344.759267,14.2073,9.5708,6.5498,5.6180,6.6767,5.4623,5
2459344.776607,3.2363,-0.4381,6.5498,5.6180,6.6767,5.4623,5
2459344.797017,-1.2198,-8.3269,6.5498,5.6180,6.6767,5.4623,5
2459344.816387,9.7787,-4.5446,6.5498,5.6180,6.6767,5.4623,5
2459344.835727,-12.2662,4.5225,6.5498,5.6180,6.6767,5.4623,5
2459344.906757,-2.5753,-2.2506,6.5498,5.6180,6.6767,5.4623,5
2459344.923227,12.9166,3.4122,6.5498,5.6180,6.6767,5.4623,5
2459345.665607,-9.3637,-10.4809,6.5498,5.6180,6.6767,5.4623,5
2459345.687927,-5.9089,-12.4827,6.5498,5.6180,6.6767,5.4623,5
2459345.705757,3.0125,4.6579,6.5498,5.6180,6.6767,5.4623,5
2459345.723397,1.2887,-2.0384,6.5498,5.6180,6.6767,5.4623,5
2459345.740787,2.4188,-4.5069,6.5498,5.6180,6.6767,5.4623,5
2459345.768127,4.5767,8.7520,6.5498,5.6180,6.6767,5.4623,5
2459345.786017,4.8721,7.7456,6.5498,5.6180,6.6767,5.4623,5
2459345.828677,6.2801,2.9724,6.5498,5.6180,6.6767,5.4623,5
2459345.846057,3.1292,4.9181,6.5498,5.6180,6.6767,5.4623,5
2459345.875907,11.7033,4.6149,6.5498,5.6180,6.6767,5.4623,5
2459345.897547,2.3969,-9.2408,6.5498,5.6180,6.6767,5.4623,5
2459345.916757,5.8636,8.8346,6.5498,5.6180,6.6767,5.4623,5
2459345.936517,6.7172,-3.1965,6.5498,5.6180,6.6767,5.4623,5
2459346.765597,-7.6524,-12.8289,6.5498,5.6180,6.6767,5.4623,5
2459346.798287,-1.6524,3.9050,6.5498,5.6180,6.6767,5.4623,5
2459346.815537,8.5492,4.3338,6.5498,5.6180,6.6767,5.4623,5
2459346.832297,-5.9790,-4.7544,6.5498,5.6180,6.6767,5.4623,5
2459346.851507,2.0028,-1.2948,6.5498,5.6180,6.6767,5.4623,5
2459346.869047,1.8676,-3.3921,6.5498,5.6180,6.6767,5.4623,5
2459346.896707,6.0614,0.3750,6.5498,5.6180,6.6767,5.4623,5
2459346.913907,13.9786,-7.1850,6.5498,5.6180,6.6767,5.4623,5
2459348.646607,10.2921,-12.1250,6.5498,5.6180,6.6767,5.4623,5
2459348.679287,5.2963,-1.9478,6.5498,5.6180,6.6767,5.4623,5
2459348.699757,5.7490,-6.2393,6.5498,5.6180,6.6767,5.4623,5
2459348.717177,9.1379,-3.0448,6.5498,5.6180,6.6767,5.4623,5
2459348.734747,10.8336,-0.0132,6.5498,5.6180,6.6767,5.4623,5
2459348.752197,-0.6866,-6.0334,6.5498,5.6180,6.6767,5.4623,5
2459348.771897,-0.7072,3.2314,6.5498,5.6180,6.6767,5.4623,5
2459348.803947,1.5371,-0.9417,6.5498,5.6180,6.6767,5.4623,5
2459348.828427,9.8280,2.8379,6.5498,5.6180,6.6767,5.4623,5
2459348.847427,3.4479,4.8224,6.5498,5.6180,6.6767,5.4623,5
2459348.864237,9.4220,2.4863,6.5498,5.6180,6.6767,5.4623,5
2459348.881327,-4.8552,0.0320,6.5498,5.6180,6.6767,5.4623,5
2459348.916177,-0.6948,0.2189,6.5498,5.6180,6.6767,5.4623,5
2459348.932837,6.7332,-1.2170,6.5498,5.6180,6.6767,5.4623,5
2459349.650957,-7.3821,-7.8963,6.5498,5.6180,6.6767,5.4623,5
2459349.668927,-3.5462,-9.5792,6.5498,5.6180,6.6767,5.4623,5
2459349.718917,2.7305,-10.6351,6.5498,5.6180,6.6767,5.4623,5
2459349.738287,-1.5765,1.1581,6.5498,5.6180,6.6767,5.4623,5
2459349.755667,6.2293,8.4389,6.5498,5.6180,6.6767,5.4623,5
2459349.773247,3.0037,1.5066,6.5498,5.6180,6.6767,5.4623,5
2459349.800817,-2.8326,2.4875,6.5498,5.6180,6.6767,5.4623,5
2459349.832697,-6.1857,-8.8555,6.5498,5.6180,6.6767,5.4623,5
2459349.872897,-9.1558,2.5615,6.5498,5.6180,6.6767,5.4623,5
2459349.890007,-0.4701,-11.1507,6.5498,5.6180,6.6767,5.4623,5
2459350.662397,-5.3558,3.1662,6.5498,5.6180,6.6767,5.4623,5
2459350.697907,12.3314,-11.8829,6.5498,5.6180,6.6767,5.4623,5
2459350.725307,3.6708,-6.0331,6.5498,5.6180,6.6767,5.4623,5
2459350.743227,8.6507,1.6613,6.5498,5.6180,6.6767,5.4623,5
2459350.760357,6.2326,4.0654,6.5498,5.6180,6.6767,5.4623,5
2459350.777757,5.6847,2.4562,6.5498,5.6180,6.6767,5.4623,5
2459350.810767,11.3426,3.6204,6.5498,5.6180,6.6767,5.4623,5
2459350.838447,4.3059,-3.5046,6.5498,5.6180,6.6767,5.4623,5
2459350.874057,2.1534,-1.5237,6.5498,5.6180,6.6767,5.4623,5
2459350.891027,2.6348,-2.6990,6.5498,5.6180,6.6767,5.4623,5
2459350.908307,-2.1492,-3.2622,6.5498,5.6180,6.6767,5.4623,5
2459354.916157,6.1172,-5.0414,6.5498,5.6180,6.6767,5.4623,5
2459356.726367,10.5726,5.6783,6.5498,5.6180,6.6767,5.4623,5
2459356.754787,10.7489,0.5519,6.5498,5.6180,6.6767,5.4623,5
2459356.802397,-1.4297,1.0326,6.5498,5.6180,6.6767,5.4623,5
2459356.819757,9.2571,-3.6917,6.5498,5.6180,6.6767,5.4623,5
2459356.838637,1.7676,-3.5257,6.5498,5.6180,6.6767,5.4623,5
2459356.856847,3.3134,-1.3170,6.5498,5.6180,6.6767,5.4623,5
2459356.891627,4.5911,-4.9047,6.5498,5.6180,6.6767,5.4623,5
2459356.918927,9.5609,-2.6069,6.5498,5.6180,6.6767,5.4623,5
2459357.606407,1.3232,4.5279,6.5498,5.6180,6.6767,5.4623,5
2459357.728837,0.8068,-5.4048,6.5498,5.6180,6.6767,5.4623,5
2459357.764857,8.1391,-6.6483,6.5498,5.6180,6.6767,5.4623,5
2459357.791827,1.9559,2.6771,6.5498,5.6180,6.6767,5.4623,5
2459358.668327,8.7381,-8.5115,6.5498,5.6180,6.6767,5.4623,5
2459358.707197,1.8159,-2.2264,6.5498,5.6180,6.6767,5.4623,5
2459358.711457,3.7791,-7.8721,6.5498,5.6180,6.6767,5.4623,5
2459358.758357,4.2045,3.4765,6.5498,5.6180,6.6767,5.4623,5
2459358.775237,-7.2526,1.8958,6.5498,5.6180,6.6767,5.4623,5
2459358.792237,-4.1419,1.0781,6.5498,5.6180,6.6767,5.4623,5
2459358.832547,-2.9943,0.4625,6.5498,5.6180,6.6767,5.4623,5
2459358.867007,4.6180,0.3560,6.5498,5.6180,6.6767,5.4623,5
2459358.884007,-2.4658,0.0658,6.5498,5.6180,6.6767,5.4623,5
2459358.905277,3.7922,-8.3800,6.5498,5.6180,6.6767,5.4623,5
2459358.922157,11.0228,2.7581,6.5498,5.6180,6.6767,5.4623,5
2459359.661547,4.6369,-0.7958,6.5498,5.6180,6.6767,5.4623,5
2459359.679087,6.8803,3.6397,6.5498,5.6180,6.6767,5.4623,5
2459359.717557,-5.2457,-8.2240,6.5498,5.6180,6.6767,5.4623,5
2459359.748017,2.6512,-1.1176,6.5498,5.6180,6.6767,5.4623,5
2459359.766207,2.9208,-1.8049,6.5498,5.6180,6.6767,5.4623,5
2459359.788217,-2.7605,-0.8290,6.5498,5.6180,6.6767,5.4623,5
2459359.805197,-0.0386,2.8222,6.5498,5.6180,6.6767,5.4623,5
2459359.821937,2.8491,0.7176,6.5498,5.6180,6.6767,5.4623,5
2459359.849577,4.9619,0.0635,6.5498,5.6180,6.6767,5.4623,5
2459359.866527,-0.0169,6.7577,6.5498,5.6180,6.6767,5.4623,5
2459359.883657,4.0364,6.8948,6.5498,5.6180,6.6767,5.4623,5
2459359.902997,4.4325,0.2069,6.5498,5.6180,6.6767,5.4623,5
2459360.676347,3.2666,-5.1073,6.5498,5.6180,6.6767,5.4623,5
2459360.739927,-3.7822,-6.6497,6.5498,5.6180,6.6767,5.4623,5
2459360.760647,-0.2590,-0.0746,6.5498,5.6180,6.6767,5.4623,5
2459360.779637,-0.0689,-2.9245,6.5498,5.6180,6.6767,5.4623,5
2459360.797917,-5.2556,3.2381,6.5498,5.6180,6.6767,5.4623,5
2459360.825357,-0.1258,-2.4574,6.5498,5.6180,6.6767,5.4623,5
2459360.892867,-1.4418,0.4457,6.5498,5.6180,6.6767,5.4623,5
2459363.645017,-3.0436,-0.3517,6.5498,5.6180,6.6767,5.4623,5
2459363.745607,-1.0886,-4.6379,6.5498,5.6180,6.6767,5.4623,5
2459363.810837,5.1060,-7.7148,6.5498,5.6180,6.6767,5.4623,5
2459363.828147,-1.1572,5.7172,6.5498,5.6180,6.6767,5.4623,5
2459363.900157,-4.1192,-3.8795,6.5498,5.6180,6.6767,5.4623,5
2459365.632237,0.1850,-5.5522,6.5498,5.6180,6.6767,5.4623,5
2459365.654537,4.8901,-8.6912,6.5498,5.6180,6.6767,5.4623,5
2459365.749007,-5.4212,1.0128,6.5498,5.6180,6.6767,5.4623,5
2459365.769337,-1.6199,-0.7865,6.5498,5.6180,6.6767,5.4623,5
2459365.788247,3.8835,3.8334,6.5498,5.6180,6.6767,5.4623,5
2459365.815047,-2.2672,3.6862,6.5498,5.6180,6.6767,5.4623,5
2459365.832137,-3.7149,-1.4167,6.5498,5.6180,6.6767,5.4623,5
2459365.849087,-1.2476,6.1511,6.5498,5.6180,6.6767,5.4623,5
2459365.867947,10.8308,2.6189,6.5498,5.6180,6.6767,5.4623,5
2459365.885127,10.2417,-4.9626,6.5498,5.6180,6.6767,5.4623,5
2459365.911987,1.2847,-0.2894,6.5498,5.6180,6.6767,5.4623,5
2459366.638847,5.1103,-1.9564,6.5498,5.6180,6.6767,5.4623,5
2459366.721907,-2.9073,-0.3586,6.5498,5.6180,6.6767,5.4623,5
2459366.741057,5.4265,-3.5126,6.5498,5.6180,6.6767,5.4623,5
2459366.760687,-4.6407,4.1539,6.5498,5.6180,6.6767,5.4623,5
2459366.777627,-2.3454,-3.6659,6.5498,5.6180,6.6767,5.4623,5
2459366.821757,-3.0864,1.7935,6.5498,5.6180,6.6767,5.4623,5
2459366.838897,0.1569,-3.7482,6.5498,5.6180,6.6767,5.4623,5
2459366.857167,6.8184,3.8306,6.5498,5.6180,6.6767,5.4623,5
2459366.876237,-2.7296,-6.5863,6.5498,5.6180,6.6767,5.4623,5
2459366.903567,1.6503,-4.0582,6.5498,5.6180,6.6767,5.4623,5
2459367.631307,-4.8162,-3.2097,6.5498,5.6180,6.6767,5.4623,5
2459367.648807,-4.1751,-1.3799,6.5498,5.6180,6.6767,5.4623,5
2459367.651857,1.9989,-3.2643,6.5498,5.6180,6.6767,5.4623,5
2459367.679657,-2.5414,2.6536,6.5498,5.6180,6.6767,5.4623,5
2459367.714727,-3.5168,-5.0058,6.5498,5.6180,6.6767,5.4623,5
2459367.735777,-1.0705,-4.4208,6.5498,5.6180,6.6767,5.4623,5
2459367.754927,-7.4379,-1.2718,6.5498,5.6180,6.6767,5.4623,5
2459367.774067,-4.8085,6.9257,6.5498,5.6180,6.6767,5.4623,5
2459367.801097,-3.3541,3.8305,6.5498,5.6180,6.6767,5.4623,5
2459367.803787,-0.7587,-1.5091,6.5498,5.6180,6.6767,5.4623,5
2459367.819377,3.3269,1.2512,6.5498,5.6180,6.6767,5.4623,5
2459367.836247,-1.5020,-0.3751,6.5498,5.6180,6.6767,5.4623,5
2459367.853067,6.4977,5.6308,6.5498,5.6180,6.6767,5.4623,5
2459367.869617,-2.1184,2.5289,6.5498,5.6180,6.6767,5.4623,5
2459367.897447,10.0021,-1.7885,6.5498,5.6180,6.6767,5.4623,5
2459368.614407,0.4710,1.8880,6.5498,5.6180,6.6767,5.4623,5
2459368.635187,9.0895,6.1718,6.5498,5.6180,6.6767,5.4623,5
2459368.682277,7.6930,-1.3282,6.5498,5.6180,6.6767,5.4623,5
2459368.739337,7.4568,-1.7052,6.5498,5.6180,6.6767,5.4623,5
2459368.771757,-0.4042,4.1011,6.5498,5.6180,6.6767,5.4623,5
2459368.811207,7.6291,2.9055,6.5498,5.6180,6.6767,5.4623,5
2459368.827627,-0.3344,6.8081,6.5498,5.6180,6.6767,5.4623,5
2459368.847317,6.9072,-0.8066,6.5498,5.6180,6.6767,5.4623,5
2459368.863737,7.8308,0.6382,6.5498,5.6180,6.6767,5.4623,5
2459369.596457,4.8444,-3.3752,6.5498,5.6180,6.6767,5.4623,5
2459369.632147,12.1943,-9.2928,6.5498,5.6180,6.6767,5.4623,5
2459369.660737,6.1289,-1.5941,6.5498,5.6180,6.6767,5.4623,5
2459369.677907,-1.3991,-1.6926,6.5498,5.6180,6.6767,5.4623,5
2459369.695277,-2.0649,-1.1731,6.5498,5.6180,6.6767,5.4623,5
2459369.712767,-2.1252,-0.1623,6.5498,5.6180,6.6767,5.4623,5
2459369.733027,-2.8255,3.6867,6.5498,5.6180,6.6767,5.4623,5
2459369.767397,6.3779,4.2401,6.5498,5.6180,6.6767,5.4623,5
2459369.785947,-2.3829,4.8282,6.5498,5.6180,6.6767,5.4623,5
2459369.803177,-0.1770,0.7855,6.5498,5.6180,6.6767,5.4623,5
2459369.820707,3.8827,3.1949,6.5498,5.6180,6.6767,5.4623,5
2459369.840727,1.7761,-1.7694,6.5498,5.6180,6.6767,5.4623,5
2459369.869657,4.5163,3.3814,6.5498,5.6180,6.6767,5.4623,5
2459369.889537,11.5359,0.8958,6.5498,5.6180,6.6767,5.4623,5
2459370.696537,-0.2454,-2.5479,6.5498,5.6180,6.6767,5.4623,5
2459370.717677,2.2192,-7.5579,6.5498,5.6180,6.6767,5.4623,5
2459370.750497,-5.1140,0.6034,6.5498,5.6180,6.6767,5.4623,5
2459370.771527,-6.2913,5.5582,6.5498,5.6180,6.6767,5.4623,5
2459370.788767,-2.7474,-0.1941,6.5498,5.6180,6.6767,5.4623,5
2459370.805587,-6.7929,-1.8642,6.5498,5.6180,6.6767,5.4623,5
2459370.824557,1.8967,4.8765,6.5498,5.6180,6.6767,5.4623,5
2459370.852277,-0.5808,2.0595,6.5498,5.6180,6.6767,5.4623,5
2459370.870577,0.0686,0.8132,6.5498,5.6180,6.6767,5.4623,5
2459370.904597,8.8263,-3.5701,6.5498,5.6180,6.6767,5.4623,5
2459371.648417,2.6190,2.6272,6.5498,5.6180,6.6767,5.4623,5
2459371.697157,3.4573,-6.1433,6.5498,5.6180,6.6767,5.4623,5
2459371.715947,-0.5086,3.4406,6.5498,5.6180,6.6767,5.4623,5
2459371.738527,-1.5901,-1.1565,6.5498,5.6180,6.6767,5.4623,5
2459371.757577,0.4105,0.2943,6.5498,5.6180,6.6767,5.4623,5
2459371.789497,-3.2093,2.8993,6.5498,5.6180,6.6767,5.4623,5
2459371.827797,-2.6905,3.5488,6.5498,5.6180,6.6767,5.4623,5
2459371.844627,-2.0222,-2.3052,6.5498,5.6180,6.6767,5.4623,5
2459371.861467,4.3689,8.3321,6.5498,5.6180,6.6767,5.4623,5
2459371.888177,7.2533,2.2026,6.5498,5.6180,6.6767,5.4623,5
2459371.901167,9.6171,2.9748,6.5498,5.6180,6.6767,5.4623,5
2459372.588627,-3.1163,-7.5639,6.5498,5.6180,6.6767,5.4623,5
2459372.626757,6.2252,-2.3546,6.5498,5.6180,6.6767,5.4623,5
2459372.647017,5.6391,-1.2463,6.5498,5.6180,6.6767,5.4623,5
2459372.676497,1.1106,-1.6967,6.5498,5.6180,6.6767,5.4623,5
2459372.699397,-2.0138,5.4736,6.5498,5.6180,6.6767,5.4623,5
2459372.736187,3.1764,-6.5715,6.5498,5.6180,6.6767,5.4623,5
2459372.755707,1.2313,-1.5031,6.5498,5.6180,6.6767,5.4623,5
2459372.772337,-4.5280,1.1980,6.5498,5.6180,6.6767,5.4623,5
2459372.799987,5.4617,-3.2601,6.5498,5.6180,6.6767,5.4623,5
2459372.816857,-8.4891,-0.0548,6.5498,5.6180,6.6767,5.4623,5
2459372.833677,5.8383,2.0334,6.5498,5.6180,6.6767,5.4623,5
2459372.850137,5.4570,2.1975,6.5498,5.6180,6.6767,5.4623,5
2459372.867257,4.2162,2.8271,6.5498,5.6180,6.6767,5.4623,5
2459372.898407,2.9809,5.4181,6.5498,5.6180,6.6767,5.4623,5
2459373.603677,-7.6703,-0.6660,6.5498,5.6180,6.6767,5.4623,5
2459373.621667,-8.3860,-3.3241,6.5498,5.6180,6.6767,5.4623,5
2459373.688697,6.7615,-4.8567,6.5498,5.6180,6.6767,5.4623,5
2459373.709527,9.8185,-9.8037,6.5498,5.6180,6.6767,5.4623,5
2459373.726327,0.4388,-3.5624,6.5498,5.6180,6.6767,5.4623,5
2459373.748047,-2.5651,-3.0629,6.5498,5.6180,6.6767,5.4623,5
2459373.779227,1.9321,0.2867,6.5498,5.6180,6.6767,5.4623,5
2459373.814297,-9.2680,8.8228,6.5498,5.6180,6.6767,5.4623,5
2459373.832647,4.5401,6.4757,6.5498,5.6180,6.6767,5.4623,5
2459374.628147,-0.7903,4.1522,6.5498,5.6180,6.6767,5.4623,5
2459374.658217,0.2840,-5.2411,6.5498,5.6180,6.6767,5.4623,5
2459374.677637,3.2849,-0.2353,6.5498,5.6180,6.6767,5.4623,5
2459374.697497,4.7622,-2.2325,6.5498,5.6180,6.6767,5.4623,5
2459374.714517,7.6594,4.0681,6.5498,5.6180,6.6767,5.4623,5
2459374.732697,3.3956,-5.2848,6.5498,5.6180,6.6767,5.4623,5
2459374.766707,2.5065,4.8008,6.5498,5.6180,6.6767,5.4623,5
2459374.785177,6.2364,6.5245,6.5498,5.6180,6.6767,5.4623,5
2459374.819447,3.7981,-5.1374,6.5498,5.6180,6.6767,5.4623,5
2459374.835887,7.1994,-0.3650,6.5498,5.6180,6.6767,5.4623,5
2459374.862997,-2.4193,-2.1360,6.5498,5.6180,6.6767,5.4623,5
2459374.879797,12.0423,6.7894,6.5498,5.6180,6.6767,5.4623,5
2459375.688057,0.9351,0.4628,6.5498,5.6180,6.6767,5.4623,5
2459375.712447,10.4872,4.2047,6.5498,5.6180,6.6767,5.4623,5
2459375.729167,-0.0271,-2.7693,6.5498,5.6180,6.6767,5.4623,5
2459375.763257,4.4411,-0.9850,6.5498,5.6180,6.6767,5.4623,5
2459375.780027,4.6966,-4.4024,6.5498,5.6180,6.6767,5.4623,5
2459375.800417,6.7839,8.0608,6.5498,5.6180,6.6767,5.4623,5
2459375.815517,5.6834,3.8821,6.5498,5.6180,6.6767,5.4623,5
2459375.832137,11.0121,1.6423,6.5498,5.6180,6.6767,5.4623,5
2459375.870687,10.0854,7.3385,6.5498,5.6180,6.6767,5.4623,5
2459375.888037,8.5114,-3.8725,6.5498,5.6180,6.6767,5.4623,5
2459376.600957,10.1292,-5.5351,6.5498,5.6180,6.6767,5.4623,5
2459376.665297,-1.6039,3.0635,6.5498,5.6180,6.6767,5.4623,5
2459376.682887,9.4547,-5.1840,6.5498,5.6180,6.6767,5.4623,5
2459376.708737,5.4827,-4.8031,6.5498,5.6180,6.6767,5.4623,5
2459376.727317,0.2345,-7.0712,6.5498,5.6180,6.6767,5.4623,5
2459376.771507,-5.8474,3.4342,6.5498,5.6180,6.6767,5.4623,5
2459376.788917,-5.7718,-2.0189,6.5498,5.6180,6.6767,5.4623,5
2459376.805907,3.8967,1.7495,6.5498,5.6180,6.6767,5.4623,5
2459376.843627,4.9088,3.6183,6.5498,5.6180,6.6767,5.4623,5
2459377.591347,-0.5316,-8.6789,6.5498,5.6180,6.6767,5.4623,5
2459377.676317,6.3415,1.1840,6.5498,5.6180,6.6767,5.4623,5
2459377.698957,0.9589,2.1192,6.5498,5.6180,6.6767,5.4623,5
2459377.716077,5.5319,-6.4963,6.5498,5.6180,6.6767,5.4623,5
2459377.743417,-3.8671,-1.2604,6.5498,5.6180,6.6767,5.4623,5
2459377.771137,-6.6329,-3.3649,6.5498,5.6180,6.6767,5.4623,5
2459377.788847,4.5242,-3.1406,6.5498,5.6180,6.6767,5.4623,5
2459377.821997,-0.2627,6.1982,6.5498,5.6180,6.6767,5.4623,5
2459377.838877,1.4296,0.7230,6.5498,5.6180,6.6767,5.4623,5
2459377.884267,-9.0048,9.0206,6.5498,5.6180,6.6767,5.4623,5
2459378.633427,-1.8533,-6.5209,6.5498,5.6180,6.6767,5.4623,5
2459378.652437,4.1976,0.1310,6.5498,5.6180,6.6767,5.4623,5
2459378.669637,8.7727,-6.7397,6.5498,5.6180,6.6767,5.4623,5
2459378.687117,-3.8290,-1.4749,6.5498,5.6180,6.6767,5.4623,5
2459378.704217,6.4336,-7.9743,6.5498,5.6180,6.6767,5.4623,5
2459378.731667,0.8944,1.2392,6.5498,5.6180,6.6767,5.4623,5
2459378.748417,1.3489,0.8622,6.5498,5.6180,6.6767,5.4623,5
2459378.765127,-5.2894,2.1631,6.5498,5.6180,6.6767,5.4623,5
2459378.781997,1.0621,4.6010,6.5498,5.6180,6.6767,5.4623,5
2459378.798947,2.5486,0.7320,6.5498,5.6180,6.6767,5.4623,5
2459378.815547,2.5241,7.4522,6.5498,5.6180,6.6767,5.4623,5
2459378.842877,3.3176,-0.8711,6.5498,5.6180,6.6767,5.4623,5
2459378.859947,9.2048,-2.6531,6.5498,5.6180,6.6767,5.4623,5
2459378.881447,7.3289,2.7539,6.5498,5.6180,6.6767,5.4623,5
2459379.607437,7.1741,-9.7174,6.5498,5.6180,6.6767,5.4623,5
2459379.660347,7.0347,-6.7987,6.5498,5.6180,6.6767,5.4623,5
2459379.677817,11.5803,8.3472,6.5498,5.6180,6.6767,5.4623,5
2459379.725467,-0.4088,2.3865,6.5498,5.6180,6.6767,5.4623,5
2459379.759537,1.9738,2.4444,6.5498,5.6180,6.6767,5.4623,5
2459379.776077,-0.1303,2.8949,6.5498,5.6180,6.6767,5.4623,5
2459379.821407,1.0949,-2.1870,6.5498,5.6180,6.6767,5.4623,5
2459379.839967,9.2407,-4.3258,6.5498,5.6180,6.6767,5.4623,5
2459380.704507,4.4171,-4.2579,6.5498,5.6180,6.6767,5.4623,5
2459380.722067,1.3208,-2.6137,6.5498,5.6180,6.6767,5.4623,5
2459380.739267,0.0181,7.9223,6.5498,5.6180,6.6767,5.4623,5
2459380.756807,7.6099,4.7553,6.5498,5.6180,6.6767,5.4623,5
2459380.782737,12.0605,-2.4013,6.5498,5.6180,6.6767,5.4623,5
2459381.809597,4.3627,3.9156,6.5498,5.6180,6.6767,5.4623,5
2459382.693277,7.8078,7.3679,6.5498,5.6180,6.6767,5.4623,5
2459382.720787,9.0449,4.7709,6.5498,5.6180,6.6767,5.4623,5
2459382.739977,-6.7313,-8.0405,6.5498,5.6180,6.6767,5.4623,5
2459382.773967,-1.0059,-1.7063,6.5498,5.6180,6.6767,5.4623,5
2459383.653337,-3.9766,0.6039,6.5498,5.6180,6.6767,5.4623,5
2459383.700767,5.0671,-5.3284,6.5498,5.6180,6.6767,5.4623,5
2459383.717637,4.0671,-3.0822,6.5498,5.6180,6.6767,5.4623,5
2459383.738337,8.7459,-4.9144,6.5498,5.6180,6.6767,5.4623,5
2459383.763207,2.0715,-4.9943,6.5498,5.6180,6.6767,5.4623,5
2459383.823597,-4.4738,5.7956,6.5498,5.6180,6.6767,5.4623,5
2459384.629467,-2.4394,5.4670,6.5498,5.6180,6.6767,5.4623,5
2459384.650037,-0.5096,6.4604,6.5498,5.6180,6.6767,5.4623,5
2459384.681727,-2.5844,8.5027,6.5498,5.6180,6.6767,5.4623,5
2459384.728787,-3.4979,-1.8986,6.5498,5.6180,6.6767,5.4623,5
2459384.746217,1.7155,1.8155,6.5498,5.6180,6.6767,5.4623,5
2459384.763237,0.3661,-1.2849,6.5498,5.6180,6.6767,5.4623,5
2459384.779947,0.7693,0.8003,6.5498,5.6180,6.6767,5.4623,5
2459384.808837,4.0950,4.1989,6.5498,5.6180,6.6767,5.4623,5
2459384.825397,11.0610,7.2019,6.5498,5.6180,6.6767,5.4623,5
2459384.844497,6.5644,10.2643,6.5498,5.6180,6.6767,5.4623,5
2459384.861537,4.0352,-5.4467,6.5498,5.6180,6.6767,5.4623,5
2459384.863597,-0.3908,-5.1141,6.5498,5.6180,6.6767,5.4623,5
2459385.563427,-10.3811,1.2591,6.5498,5.6180,6.6767,5.4623,5
2459385.581217,-5.1132,1.2648,6.5498,5.6180,6.6767,5.4623,5
2459385.598897,1.0980,-10.9057,6.5498,5.6180,6.6767,5.4623,5
2459385.638367,12.6087,-1.7870,6.5498,5.6180,6.6767,5.4623,5
2459385.665767,-0.6362,4.1426,6.5498,5.6180,6.6767,5.4623,5
2459385.683087,0.7216,5.3567,6.5498,5.6180,6.6767,5.4623,5
2459385.700267,2.3776,9.8005,6.5498,5.6180,6.6767,5.4623,5
2459385.734267,3.4621,1.9355,6.5498,5.6180,6.6767,5.4623,5
2459385.778487,1.2919,0.7685,6.5498,5.6180,6.6767,5.4623,5
2459385.795117,9.0559,-4.8884,6.5498,5.6180,6.6767,5.4623,5
2459385.818077,-0.8174,2.5109,6.5498,5.6180,6.6767,5.4623,5
2459385.834887,3.0471,-7.7975,6.5498,5.6180,6.6767,5.4623,5
2459385.858247,2.2919,-8.7996,6.5498,5.6180,6.6767,5.4623,5
2459386.560907,-0.9339,5.3138,6.5498,5.6180,6.6767,5.4623,5
2459386.664047,7.6687,4.5792,6.5498,5.6180,6.6767,5.4623,5
2459386.681427,3.7207,-5.2288,6.5498,5.6180,6.6767,5.4623,5
2459386.698247,11.3480,3.8621,6.5498,5.6180,6.6767,5.4623,5
2459386.715387,1.1193,3.6725,6.5498,5.6180,6.6767,5.4623,5
2459386.742547,-0.5548,4.1189,6.5498,5.6180,6.6767,5.4623,5
2459386.759097,5.3156,-3.0244,6.5498,5.6180,6.6767,5.4623,5
2459386.776347,2.1841,-3.6803,6.5498,5.6180,6.6767,5.4623,5
2459386.793517,5.8437,-2.6227,6.5498,5.6180,6.6767,5.4623,5
2459386.810987,-3.7445,1.3500,6.5498,5.6180,6.6767,5.4623,5
2459386.828117,5.1238,-1.3384,6.5498,5.6180,6.6767,5.4623,5
2459386.855777,2.5797,4.8481,6.5498,5.6180,6.6767,5.4623,5
2459386.859817,9.7084,3.0064,6.5498,5.6180,6.6767,5.4623,5
2459387.559327,-10.3500,-2.7774,6.5498,5.6180,6.6767,5.4623,5
2459387.576917,1.6729,-6.3223,6.5498,5.6180,6.6767,5.4623,5
2459387.639527,2.5921,-0.1450,6.5498,5.6180,6.6767,5.4623,5
2459387.656757,1.8615,-6.4198,6.5498,5.6180,6.6767,5.4623,5
2459387.676507,-1.2342,4.3513,6.5498,5.6180,6.6767,5.4623,5
2459387.694607,4.6938,-3.4707,6.5498,5.6180,6.6767,5.4623,5
2459387.722747,-5.3318,-0.2362,6.5498,5.6180,6.6767,5.4623,5
2459387.728567,3.2789,-0.4418,6.5498,5.6180,6.6767,5.4623,5
2459387.748887,7.9357,0.2523,6.5498,5.6180,6.6767,5.4623,5
2459387.765757,5.2070,3.0265,6.5498,5.6180,6.6767,5.4623,5
2459387.830167,-0.5988,-3.5252,6.5498,5.6180,6.6767,5.4623,5
2459387.847097,-10.2411,-10.5129,6.5498,5.6180,6.6767,5.4623,5
2459387.855877,13.1314,-5.2585,6.5498,5.6180,6.6767,5.4623,5
2459393.550277,-6.7355,6.3834,6.5498,5.6180,6.6767,5.4623,5
2459393.554727,6.5066,2.8101,6.5498,5.6180,6.6767,5.4623,5
2459393.569367,-7.3957,4.2452,6.5498,5.6180,6.6767,5.4623,5
2459393.604247,2.3286,-0.8043,6.5498,5.6180,6.6767,5.4623,5
2459393.631967,-2.1138,-7.0903,6.5498,5.6180,6.6767,5.4623,5
2459393.648917,5.6365,5.0582,6.5498,5.6180,6.6767,5.4623,5
2459393.666797,6.7058,3.3779,6.5498,5.6180,6.6767,5.4623,5
2459393.685377,1.9063,-3.6296,6.5498,5.6180,6.6767,5.4623,5
2459393.704117,-2.6005,7.6309,6.5498,5.6180,6.6767,5.4623,5
2459393.722647,3.6998,3.3914,6.5498,5.6180,6.6767,5.4623,5
2459393.752547,6.4043,7.1100,6.5498,5.6180,6.6767,5.4623,5
2459393.784747,10.2650,4.7756,6.5498,5.6180,6.6767,5.4623,5
2459393.801857,5.3781,-1.8876,6.5498,5.6180,6.6767,5.4623,5
2459393.818497,4.3939,-2.8214,6.5498,5.6180,6.6767,5.4623,5
2459394.537017,-0.8570,-3.8214,6.5498,5.6180,6.6767,5.4623,5
2459394.556737,8.7846,-5.7857,6.5498,5.6180,6.6767,5.4623,5
2459394.574237,1.8788,-3.1578,6.5498,5.6180,6.6767,5.4623,5
2459394.602467,-4.5598,-5.4657,6.5498,5.6180,6.6767,5.4623,5
2459394.624067,3.9951,-1.7023,6.5498,5.6180,6.6767,5.4623,5
2459394.643017,6.3958,-1.8672,6.5498,5.6180,6.6767,5.4623,5
2459394.663647,10.8684,2.1059,6.5498,5.6180,6.6767,5.4623,5
2459394.687087,-0.6329,1.4765,6.5498,5.6180,6.6767,5.4623,5
2459394.714697,0.9850,0.3613,6.5498,5.6180,6.6767,5.4623,5
2459394.735307,4.5774,3.5130,6.5498,5.6180,6.6767,5.4623,5
2459394.758137,7.6357,0.7457,6.5498,5.6180,6.6767,5.4623,5
2459394.775007,5.4657,3.5158,6.5498,5.6180,6.6767,5.4623,5
2459394.791847,-0.2962,-4.7009,6.5498,5.6180,6.6767,5.4623,5
2459394.808717,-4.5125,-1.7869,6.5498,5.6180,6.6767,5.4623,5
2459395.561697,-5.1649,-6.7052,6.5498,5.6180,6.6767,5.4623,5
2459395.646777,4.5017,0.1096,6.5498,5.6180,6.6767,5.4623,5
2459395.713317,2.9169,7.5000,6.5498,5.6180,6.6767,5.4623,5
2459395.730017,12.6413,-7.2247,6.5498,5.6180,6.6767,5.4623,5
2459395.746587,0.6360,-9.8055,6.5498,5.6180,6.6767,5.4623,5
2459396.554237,1.3172,-2.4968,6.5498,5.6180,6.6767,5.4623,5
2459396.612977,10.7049,-3.3815,6.5498,5.6180,6.6767,5.4623,5
2459396.663907,5.2899,7.1877,6.5498,5.6180,6.6767,5.4623,5
2459396.684727,-2.5943,-0.2341,6.5498,5.6180,6.6767,5.4623,5
2459396.701497,0.8240,4.1062,6.5498,5.6180,6.6767,5.4623,5
2459396.719657,-2.3970,0.3547,6.5498,5.6180,6.6767,5.4623,5
2459396.736927,0.0596,-1.3233,6.5498,5.6180,6.6767,5.4623,5
2459396.767347,12.3296,-2.6934,6.5498,5.6180,6.6767,5.4623,5
2459396.788937,3.2949,4.9002,6.5498,5.6180,6.6767,5.4623,5
2459396.832647,4.1634,-7.5674,6.5498,5.6180,6.6767,5.4623,5
2459397.562987,-8.5302,1.1828,6.5498,5.6180,6.6767,5.4623,5
2459397.580777,7.3969,-3.3430,6.5498,5.6180,6.6767,5.4623,5
2459397.609347,2.8807,2.6997,6.5498,5.6180,6.6767,5.4623,5
2459397.626937,3.2271,-0.0001,6.5498,5.6180,6.6767,5.4623,5
2459397.676337,1.6594,-0.4277,6.5498,5.6180,6.6767,5.4623,5
2459397.693677,-0.2282,-5.0645,6.5498,5.6180,6.6767,5.4623,5
2459397.712067,0.9448,6.9608,6.5498,5.6180,6.6767,5.4623,5
2459397.758007,11.8260,8.7195,6.5498,5.6180,6.6767,5.4623,5
2459397.774677,11.7455,8.1522,6.5498,5.6180,6.6767,5.4623,5
2459397.791317,12.7189,-0.5454,6.5498,5.6180,6.6767,5.4623,5
2459397.794207,4.7863,-4.7084,6.5498,5.6180,6.6767,5.4623,5
2459397.829607,1.2297,5.1562,6.5498,5.6180,6.6767,5.4623,5
2459398.767637,10.4918,4.5848,6.5498,5.6180,6.6767,5.4623,5
2459399.589057,3.1408,7.5825,6.5498,5.6180,6.6767,5.4623,5
2459399.611737,6.6321,5.0559,6.5498,5.6180,6.6767,5.4623,5
2459399.630087,-0.3318,0.6964,6.5498,5.6180,6.6767,5.4623,5
2459399.652577,0.4211,-6.1546,6.5498,5.6180,6.6767,5.4623,5
2459399.676117,-1.4445,1.2242,6.5498,5.6180,6.6767,5.4623,5
2459399.740297,4.7025,7.3715,6.5498,5.6180,6.6767,5.4623,5
2459399.773637,6.1965,1.9489,6.5498,5.6180,6.6767,5.4623,5
2459400.578597,-0.6513,3.2347,6.5498,5.6180,6.6767,5.4623,5
2459400.595947,-4.2051,-7.2597,6.5498,5.6180,6.6767,5.4623,5
2459400.615737,3.3219,3.8560,6.5498,5.6180,6.6767,5.4623,5
2459400.632997,11.1333,-5.7055,6.5498,5.6180,6.6767,5.4623,5
2459400.656497,5.4884,-3.2043,6.5498,5.6180,6.6767,5.4623,5
2459400.721937,2.7881,-2.4532,6.5498,5.6180,6.6767,5.4623,5
2459400.738797,6.0239,2.3495,6.5498,5.6180,6.6767,5.4623,5
2459400.773077,-8.2583,-0.3813,6.5498,5.6180,6.6767,5.4623,5
2459401.521107,-2.1569,-3.0852,6.5498,5.6180,6.6767,5.4623,5
2459401.568167,-7.8675,-3.1752,6.5498,5.6180,6.6767,5.4623,5
2459401.602307,4.7129,5.3731,6.5498,5.6180,6.6767,5.4623,5
2459401.619617,9.5397,2.8538,6.5498,5.6180,6.6767,5.4623,5
2459401.638717,5.5972,3.9718,6.5498,5.6180,6.6767,5.4623,5
2459401.668367,5.4676,3.5794,6.5498,5.6180,6.6767,5.4623,5
2459401.685837,-1.3565,4.3030,6.5498,5.6180,6.6767,5.4623,5
2459401.721037,11.7359,-2.1893,6.5498,5.6180,6.6767,5.4623,5
2459401.782317,-3.7455,-1.9308,6.5498,5.6180,6.6767,5.4623,5
2459401.815857,11.7645,6.2154,6.5498,5.6180,6.6767,5.4623,5
2459402.658337,6.7508,4.0572,6.5498,5.6180,6.6767,5.4623,5
2459402.785467,10.0729,9.8961,6.5498,5.6180,6.6767,5.4623,5
2459403.565657,-8.2308,5.6332,6.5498,5.6180,6.6767,5.4623,5
2459403.583027,2.9437,-3.7951,6.5498,5.6180,6.6767,5.4623,5
2459403.600677,7.2652,-2.2351,6.5498,5.6180,6.6767,5.4623,5
2459403.628317,-0.0423,-4.0833,6.5498,5.6180,6.6767,5.4623,5
2459403.645797,6.5338,0.1629,6.5498,5.6180,6.6767,5.4623,5
2459403.662777,3.9953,-3.1718,6.5498,5.6180,6.6767,5.4623,5
2459403.684067,3.5746,4.7063,6.5498,5.6180,6.6767,5.4623,5
2459403.732227,5.0164,-1.9859,6.5498,5.6180,6.6767,5.4623,5
2459403.748657,3.6737,2.1483,6.5498,5.6180,6.6767,5.4623,5
2459403.782527,11.5409,7.3900,6.5498,5.6180,6.6767,5.4623,5
2459404.502437,2.9473,-0.7643,6.5498,5.6180,6.6767,5.4623,5
2459404.520077,4.9141,-3.3128,6.5498,5.6180,6.6767,5.4623,5
2459404.540527,1.6504,2.0158,6.5498,5.6180,6.6767,5.4623,5
2459404.561177,4.9798,-4.1580,6.5498,5.6180,6.6767,5.4623,5
2459404.592137,-2.5157,-7.2829,6.5498,5.6180,6.6767,5.4623,5
2459404.619787,-4.1682,-0.0984,6.5498,5.6180,6.6767,5.4623,5
2459404.637007,0.5315,1.1357,6.5498,5.6180,6.6767,5.4623,5
2459404.653987,-6.6288,0.5256,6.5498,5.6180,6.6767,5.4623,5
2459404.671627,-5.3768,4.8532,6.5498,5.6180,6.6767,5.4623,5
2459404.716247,-0.6227,4.3564,6.5498,5.6180,6.6767,5.4623,5
2459404.771287,4.5106,0.5481,6.5498,5.6180,6.6767,5.4623,5
2459404.788267,0.6147,8.1309,6.5498,5.6180,6.6767,5.4623,5
2459404.810787,4.3386,0.4823,6.5498,5.6180,6.6767,5.4623,5
2459405.509227,3.4793,-3.4239,6.5498,5.6180,6.6767,5.4623,5
2459405.527027,0.9776,-5.5249,6.5498,5.6180,6.6767,5.4623,5
2459405.545197,0.2621,-3.2748,6.5498,5.6180,6.6767,5.4623,5
2459405.565447,12.2459,0.9703,6.5498,5.6180,6.6767,5.4623,5
2459405.593657,1.8498,5.4166,6.5498,5.6180,6.6767,5.4623,5
2459405.610667,8.3640,-1.8867,6.5498,5.6180,6.6767,5.4623,5
2459405.645097,-1.1771,3.5568,6.5498,5.6180,6.6767,5.4623,5
2459405.662367,-2.0208,6.4475,6.5498,5.6180,6.6767,5.4623,5
2459405.683087,6.3305,-7.1420,6.5498,5.6180,6.6767,5.4623,5
2459405.721387,1.0343,3.7936,6.5498,5.6180,6.6767,5.4623,5
2459405.737947,9.1022,-0.5109,6.5498,5.6180,6.6767,5.4623,5
2459405.754557,5.8770,3.1174,6.5498,5.6180,6.6767,5.4623,5
2459405.771097,9.9167,4.6489,6.5498,5.6180,6.6767,5.4623,5
2459405.793497,3.3236,8.0288,6.5498,5.6180,6.6767,5.4623,5
2459405.807517,11.1637,-0.4740,6.5498,5.6180,6.6767,5.4623,5
2459406.516427,1.0595,2.4678,6.5498,5.6180,6.6767,5.4623,5
2459406.543497,1.3919,-1.0086,6.5498,5.6180,6.6767,5.4623,5
2459406.555297,6.8751,8.2193,6.5498,5.6180,6.6767,5.4623,5
2459406.572717,0.0323,7.8253,6.5498,5.6180,6.6767,5.4623,5
2459406.600897,3.4764,-3.2939,6.5498,5.6180,6.6767,5.4623,5
2459406.617877,2.2033,4.7667,6.5498,5.6180,6.6767,5.4623,5
2459406.636887,-1.9358,-5.3938,6.5498,5.6180,6.6767,5.4623,5
2459406.654337,-7.0753,1.7232,6.5498,5.6180,6.6767,5.4623,5
2459406.671397,2.7985,7.5193,6.5498,5.6180,6.6767,5.4623,5
2459406.703257,-5.0276,7.6707,6.5498,5.6180,6.6767,5.4623,5
2459406.720357,-0.0287,-6.6221,6.5498,5.6180,6.6767,5.4623,5
2459406.738977,1.2970,5.0630,6.5498,5.6180,6.6767,5.4623,5
2459406.756137,7.3522,7.4433,6.5498,5.6180,6.6767,5.4623,5
2459406.793767,-6.6474,6.0253,6.5498,5.6180,6.6767,5.4623,5
2459408.505077,-0.5532,-9.3848,6.5498,5.6180,6.6767,5.4623,5
2459408.523027,2.5664,-4.3928,6.5498,5.6180,6.6767,5.4623,5
2459408.540517,-2.4742,-6.0387,6.5498,5.6180,6.6767,5.4623,5
2459408.586707,4.0248,5.6786,6.5498,5.6180,6.6767,5.4623,5
2459408.604517,2.5705,-7.8300,6.5498,5.6180,6.6767,5.4623,5
2459408.624487,5.8435,3.2812,6.5498,5.6180,6.6767,5.4623,5
2459408.641817,-4.4179,2.4398,6.5498,5.6180,6.6767,5.4623,5
2459408.672367,-3.5472,3.8918,6.5498,5.6180,6.6767,5.4623,5
2459408.706007,-2.2944,7.5009,6.5498,5.6180,6.6767,5.4623,5
2459409.525097,11.7196,1.6008,6.5498,5.6180,6.6767,5.4623,5
2459409.546107,-0.3495,-4.0637,6.5498,5.6180,6.6767,5.4623,5
2459409.572477,1.1646,-3.2517,6.5498,5.6180,6.6767,5.4623,5
2459409.596857,-0.5860,3.7406,6.5498,5.6180,6.6767,5.4623,5
2459409.637477,1.4384,-2.8919,6.5498,5.6180,6.6767,5.4623,5
2459409.654317,4.2887,-3.6803,6.5498,5.6180,6.6767,5.4623,5
2459409.743837,7.5555,1.4289,6.5498,5.6180,6.6767,5.4623,5
2459409.760727,12.2864,2.4051,6.5498,5.6180,6.6767,5.4623,5
2459409.777457,12.5719,-10.7358,6.5498,5.6180,6.6767,5.4623,5
2459410.514947,4.7257,-1.7210,6.5498,5.6180,6.6767,5.4623,5
2459410.542027,-2.3666,-1.7138,6.5498,5.6180,6.6767,5.4623,5
2459410.559637,0.1423,-0.7116,6.5498,5.6180,6.6767,5.4623,5
2459410.577007,-1.6929,-2.4336,6.5498,5.6180,6.6767,5.4623,5
2459410.604937,-2.0324,0.9649,6.5498,5.6180,6.6767,5.4623,5
2459410.622217,-2.2315,-0.8570,6.5498,5.6180,6.6767,5.4623,5
2459410.638817,0.0955,1.0869,6.5498,5.6180,6.6767,5.4623,5
2459410.656217,-3.4199,4.6740,6.5498,5.6180,6.6767,5.4623,5
2459410.672757,3.5037,-3.4344,6.5498,5.6180,6.6767,5.4623,5
2459410.700937,3.2050,8.9261,6.5498,5.6180,6.6767,5.4623,5
2459410.728147,8.3075,10.0477,6.5498,5.6180,6.6767,5.4623,5
2459410.745237,3.9363,-0.4018,6.5498,5.6180,6.6767,5.4623,5
2459410.778997,4.3754,6.6859,6.5498,5.6180,6.6767,5.4623,5
2459410.792927,3.6876,5.2173,6.5498,5.6180,6.6767,5.4623,5
2459411.519907,7.3208,8.8630,6.5498,5.6180,6.6767,5.4623,5
2459411.537297,6.7192,-0.3132,6.5498,5.6180,6.6767,5.4623,5
2459411.554457,7.9585,0.3485,6.5498,5.6180,6.6767,5.4623,5
2459411.576237,2.9916,6.1126,6.5498,5.6180,6.6767,5.4623,5
2459411.593587,-4.4289,0.4900,6.5498,5.6180,6.6767,5.4623,5
2459411.621067,8.5229,4.0829,6.5498,5.6180,6.6767,5.4623,5
2459411.642447,0.8042,7.2015,6.5498,5.6180,6.6767,5.4623,5
2459411.659707,2.8228,4.2065,6.5498,5.6180,6.6767,5.4623,5
2459411.678607,-0.5581,6.6724,6.5498,5.6180,6.6767,5.4623,5
2459411.697407,6.1737,4.9036,6.5498,5.6180,6.6767,5.4623,5
2459411.725037,-0.3866,7.3960,6.5498,5.6180,6.6767,5.4623,5
2459411.762897,7.0309,8.6258,6.5498,5.6180,6.6767,5.4623,5
2459411.791727,6.7215,4.0525,6.5498,5.6180,6.6767,5.4623,5
2459412.504467,3.6760,-4.1653,6.5498,5.6180,6.6767,5.4623,5
2459412.555937,1.5242,-1.3926,6.5498,5.6180,6.6767,5.4623,5
2459412.589817,3.1314,-2.8182,6.5498,5.6180,6.6767,5.4623,5
2459412.607237,-1.0214,1.8989,6.5498,5.6180,6.6767,5.4623,5
2459412.624517,6.6581,4.6731,6.5498,5.6180,6.6767,5.4623,5
2459412.670407,5.0573,-1.2964,6.5498,5.6180,6.6767,5.4623,5
2459412.704617,6.3864,10.9128,6.5498,5.6180,6.6767,5.4623,5
2459412.721647,2.7756,3.2818,6.5498,5.6180,6.6767,5.4623,5
2459412.748627,6.8947,8.7223,6.5498,5.6180,6.6767,5.4623,5
2459412.769037,10.2597,8.2116,6.5498,5.6180,6.6767,5.4623,5
2459413.501237,-1.1669,-8.6126,6.5498,5.6180,6.6767,5.4623,5
2459413.546477,4.2145,-3.9978,6.5498,5.6180,6.6767,5.4623,5
2459413.563937,3.9764,-0.8506,6.5498,5.6180,6.6767,5.4623,5
2459413.587877,4.0513,2.7509,6.5498,5.6180,6.6767,5.4623,5
2459413.605237,3.9254,1.0161,6.5498,5.6180,6.6767,5.4623,5
2459413.626127,5.1130,-6.9657,6.5498,5.6180,6.6767,5.4623,5
2459413.653847,-2.4463,5.8862,6.5498,5.6180,6.6767,5.4623,5
2459413.671707,-1.1067,-2.5817,6.5498,5.6180,6.6767,5.4623,5
2459413.688077,6.0972,8.0034,6.5498,5.6180,6.6767,5.4623,5
2459413.705027,-0.0256,2.3220,6.5498,5.6180,6.6767,5.4623,5
2459413.721817,3.0033,1.9475,6.5498,5.6180,6.6767,5.4623,5
2459414.555907,1.2076,-2.0388,6.5498,5.6180,6.6767,5.4623,5
2459414.592767,-0.2456,1.6054,6.5498,5.6180,6.6767,5.4623,5
2459414.609867,11.8187,-1.7627,6.5498,5.6180,6.6767,5.4623,5
2459414.661197,5.4338,-5.6482,6.5498,5.6180,6.6767,5.4623,5
2459414.679937,-1.5688,-2.5430,6.5498,5.6180,6.6767,5.4623,5
2459414.697357,-7.3682,-0.3794,6.5498,5.6180,6.6767,5.4623,5
2459414.714117,7.8150,0.3391,6.5498,5.6180,6.6767,5.4623,5
2459414.733107,10.1371,6.0883,6.5498,5.6180,6.6767,5.4623,5
2459414.765137,9.8154,-4.3783,6.5498,5.6180,6.6767,5.4623,5
2459414.782167,3.6140,7.5900,6.5498,5.6180,6.6767,5.4623,5
2459415.690347,-1.7075,4.4340,6.5498,5.6180,6.6767,5.4623,5
2459415.701617,2.1455,6.5266,6.5498,5.6180,6.6767,5.4623,5
2459415.718227,-3.3919,-7.9473,6.5498,5.6180,6.6767,5.4623,5
2459415.734577,7.7148,7.9074,6.5498,5.6180,6.6767,5.4623,5
2459415.761357,7.9090,9.5575,6.5498,5.6180,6.6767,5.4623,5
2459415.778377,4.3841,2.3021,6.5498,5.6180,6.6767,5.4623,5
2459416.573157,-3.4616,-9.1216,6.5498,5.6180,6.6767,5.4623,5
2459416.589937,8.1301,0.8300,6.5498,5.6180,6.6767,5.4623,5
2459418.650257,-3.3627,-2.2271,6.5498,5.6180,6.6767,5.4623,5
2459418.667127,5.8352,-10.5669,6.5498,5.6180,6.6767,5.4623,5
2459419.546367,-8.4450,-6.9947,6.5498,5.6180,6.6767,5.4623,5
2459419.577617,-3.1253,-10.9250,6.5498,5.6180,6.6767,5.4623,5
2459419.594307,-0.1909,0.3192,6.5498,5.6180,6.6767,5.4623,5
2459419.611477,0.8117,0.5757,6.5498,5.6180,6.6767,5.4623,5
2459419.629037,-3.0605,3.6200,6.5498,5.6180,6.6767,5.4623,5
2459419.646577,-5.6466,-1.0494,6.5498,5.6180,6.6767,5.4623,5
2459419.674927,-1.8399,2.5854,6.5498,5.6180,6.6767,5.4623,5
2459419.691737,-6.1351,-1.3121,6.5498,5.6180,6.6767,5.4623,5
2459419.711347,-4.6026,-9.7390,6.5498,5.6180,6.6767,5.4623,5
2459419.728007,-8.4939,-7.3454,6.5498,5.6180,6.6767,5.4623,5
2459420.567407,-0.6441,-10.2235,6.5498,5.6180,6.6767,5.4623,5
2459420.587317,1.4545,-1.2509,6.5498,5.6180,6.6767,5.4623,5
2459420.615807,6.8853,2.1362,6.5498,5.6180,6.6767,5.4623,5
2459420.637467,7.6909,-4.7968,6.5498,5.6180,6.6767,5.4623,5
2459420.654577,1.8921,10.3067,6.5498,5.6180,6.6767,5.4623,5
2459420.672997,-7.6908,-7.9176,6.5498,5.6180,6.6767,5.4623,5
2459420.739067,0.0239,7.6071,6.5498,5.6180,6.6767,5.4623,5
2459420.755767,-3.0938,3.7694,6.5498,5.6180,6.6767,5.4623,5
2459421.552977,6.3388,-11.0958,6.5498,5.6180,6.6767,5.4623,5
2459421.570067,2.5218,8.3529,6.5498,5.6180,6.6767,5.4623,5
2459421.586967,7.7562,0.0136,6.5498,5.6180,6.6767,5.4623,5
2459421.604717,8.3553,5.6100,6.5498,5.6180,6.6767,5.4623,5
2459421.651817,7.2046,-3.8000,6.5498,5.6180,6.6767,5.4623,5
2459421.668937,1.2886,1.7020,6.5498,5.6180,6.6767,5.4623,5
2459421.685547,4.1416,-4.7843,6.5498,5.6180,6.6767,5.4623,5
2459421.719227,0.0738,-0.8065,6.5498,5.6180,6.6767,5.4623,5
2459421.765537,3.2647,-1.7719,6.5498,5.6180,6.6767,5.4623,5
2459422.525287,-7.3569,-10.1226,6.5498,5.6180,6.6767,5.4623,5
2459422.557247,1.8382,-4.6345,6.5498,5.6180,6.6767,5.4623,5
2459422.574307,11.3480,-2.9059,6.5498,5.6180,6.6767,5.4623,5
2459422.599097,1.6233,5.8250,6.5498,5.6180,6.6767,5.4623,5
2459422.616527,3.4472,1.3497,6.5498,5.6180,6.6767,5.4623,5
2459422.665087,2.0694,-0.0063,6.5498,5.6180,6.6767,5.4623,5
2459422.716747,5.9754,8.7988,6.5498,5.6180,6.6767,5.4623,5
2459422.733667,-6.2942,6.5237,6.5498,5.6180,6.6767,5.4623,5
2459422.750017,10.2914,7.5179,6.5498,5.6180,6.6767,5.4623,5
2459423.539177,3.2829,6.8313,6.5498,5.6180,6.6767,5.4623,5
2459423.542137,10.2425,-8.1015,6.5498,5.6180,6.6767,5.4623,5
2459423.588947,6.5995,-5.8246,6.5498,5.6180,6.6767,5.4623,5
2459423.610347,-7.5371,1.9928,6.5498,5.6180,6.6767,5.4623,5
2459423.627437,1.4303,-4.0671,6.5498,5.6180,6.6767,5.4623,5
2459423.665307,1.2922,9.5889,6.5498,5.6180,6.6767,5.4623,5
2459423.692117,5.6944,3.7468,6.5498,5.6180,6.6767,5.4623,5
2459423.709927,7.4151,9.5641,6.5498,5.6180,6.6767,5.4623,5
2459423.745857,-4.0054,-7.7877,6.5498,5.6180,6.6767,5.4623,5
2459423.760037,0.4195,2.6199,6.5498,5.6180,6.6767,5.4623,5
2459424.470567,-3.7308,-3.5788,6.5498,5.6180,6.6767,5.4623,5
2459424.498687,8.5056,-2.2815,6.5498,5.6180,6.6767,5.4623,5
2459424.530357,3.8601,-1.5999,6.5498,5.6180,6.6767,5.4623,5
2459424.547797,6.8716,6.0858,6.5498,5.6180,6.6767,5.4623,5
2459424.564977,-3.4788,-5.5867,6.5498,5.6180,6.6767,5.4623,5
2459424.599147,-1.4115,2.8578,6.5498,5.6180,6.6767,5.4623,5
2459424.626387,3.3090,-0.7886,6.5498,5.6180,6.6767,5.4623,5
2459424.646677,3.8860,-0.1784,6.5498,5.6180,6.6767,5.4623,5
2459424.663607,1.8808,2.3685,6.5498,5.6180,6.6767,5.4623,5
2459424.684497,0.0500,-2.0752,6.5498,5.6180,6.6767,5.4623,5
2459424.705537,6.7359,5.3602,6.5498,5.6180,6.6767,5.4623,5
2459424.749257,11.3634,2.3837,6.5498,5.6180,6.6767,5.4623,5
2459425.497007,1.0110,-3.7174,6.5498,5.6180,6.6767,5.4623,5
2459425.516967,4.5943,1.0587,6.5498,5.6180,6.6767,5.4623,5
2459425.545047,0.6937,2.3137,6.5498,5.6180,6.6767,5.4623,5
2459425.566177,7.2790,-1.2555,6.5498,5.6180,6.6767,5.4623,5
2459425.583547,2.9880,7.2781,6.5498,5.6180,6.6767,5.4623,5
2459425.618597,0.9985,4.2634,6.5498,5.6180,6.6767,5.4623,5
2459425.621417,5.4490,1.6077,6.5498,5.6180,6.6767,5.4623,5
2459425.666117,3.0077,-4.3042,6.5498,5.6180,6.6767,5.4623,5
2459425.683317,4.0476,6.7024,6.5498,5.6180,6.6767,5.4623,5
2459425.702637,6.2390,8.0312,6.5498,5.6180,6.6767,5.4623,5
2459425.738967,4.4990,7.1336,6.5498,5.6180,6.6767,5.4623,5
2459426.471847,6.4311,7.9489,6.5498,5.6180,6.6767,5.4623,5
2459426.489387,9.3075,-1.0973,6.5498,5.6180,6.6767,5.4623,5
2459426.540397,2.0455,5.2117,6.5498,5.6180,6.6767,5.4623,5
2459426.568467,8.9761,-3.2063,6.5498,5.6180,6.6767,5.4623,5
2459426.587357,-2.5380,6.5057,6.5498,5.6180,6.6767,5.4623,5
2459426.604297,1.2533,-6.1903,6.5498,5.6180,6.6767,5.4623,5
2459426.621807,-3.3294,-2.6052,6.5498,5.6180,6.6767,5.4623,5
2459426.639197,3.6417,5.7206,6.5498,5.6180,6.6767,5.4623,5
2459426.671087,-2.0436,-1.7705,6.5498,5.6180,6.6767,5.4623,5
2459426.688047,2.9356,-0.6344,6.5498,5.6180,6.6767,5.4623,5
2459426.705097,9.9871,4.3233,6.5498,5.6180,6.6767,5.4623,5
2459426.722257,0.8510,-2.1899,6.5498,5.6180,6.6767,5.4623,5
2459426.739337,3.4727,-4.3631,6.5498,5.6180,6.6767,5.4623,5
2459427.478437,-4.3703,4.5108,6.5498,5.6180,6.6767,5.4623,5
2459427.509447,1.7885,8.1920,6.5498,5.6180,6.6767,5.4623,5
2459427.526937,-7.3755,1.0019,6.5498,5.6180,6.6767,5.4623,5
2459427.544037,2.2158,-1.4335,6.5498,5.6180,6.6767,5.4623,5
2459427.561517,7.0700,5.5080,6.5498,5.6180,6.6767,5.4623,5
2459427.578677,7.7044,-3.9301,6.5498,5.6180,6.6767,5.4623,5
2459427.608867,1.0406,4.8518,6.5498,5.6180,6.6767,5.4623,5
2459427.625687,-7.9701,5.1918,6.5498,5.6180,6.6767,5.4623,5
2459427.643097,-7.5147,8.7391,6.5498,5.6180,6.6767,5.4623,5
2459427.659437,-0.5438,1.5214,6.5498,5.6180,6.6767,5.4623,5
2459427.675987,1.5728,7.0096,6.5498,5.6180,6.6767,5.4623,5
2459427.703467,-2.1340,0.4182,6.5498,5.6180,6.6767,5.4623,5
2459427.724227,4.9131,6.7946,6.5498,5.6180,6.6767,5.4623,5
2459427.740637,1.0499,-5.6566,6.5498,5.6180,6.6767,5.4623,5
2459428.488227,9.7614,2.7776,6.5498,5.6180,6.6767,5.4623,5
2459428.516147,5.9894,-0.8895,6.5498,5.6180,6.6767,5.4623,5
2459428.533547,-8.8603,-4.0210,6.5498,5.6180,6.6767,5.4623,5
2459428.550777,-1.7902,-8.4831,6.5498,5.6180,6.6767,5.4623,5
2459428.568017,7.5564,10.0647,6.5498,5.6180,6.6767,5.4623,5
2459428.585097,10.6714,0.0635,6.5498,5.6180,6.6767,5.4623,5
2459428.603537,-4.4621,-0.1640,6.5498,5.6180,6.6767,5.4623,5
2459428.631777,1.8588,3.0994,6.5498,5.6180,6.6767,5.4623,5
2459428.665827,0.9516,-8.3596,6.5498,5.6180,6.6767,5.4623,5
2459428.668647,-5.1856,-3.6965,6.5498,5.6180,6.6767,5.4623,5
2459428.702457,-7.4418,-5.1892,6.5498,5.6180,6.6767,5.4623,5
2459428.731337,-2.4190,-2.7158,6.5498,5.6180,6.6767,5.4623,5
2459428.745447,4.3922,2.8294,6.5498,5.6180,6.6767,5.4623,5
2459429.471077,3.9087,1.1124,6.5498,5.6180,6.6767,5.4623,5
2459429.489867,11.8123,1.5328,6.5498,5.6180,6.6767,5.4623,5
2459429.509527,-1.9159,2.2769,6.5498,5.6180,6.6767,5.4623,5
2459429.533737,4.1598,-0.3809,6.5498,5.6180,6.6767,5.4623,5
2459429.562567,0.1746,-2.5947,6.5498,5.6180,6.6767,5.4623,5
2459429.579157,-3.0225,3.5978,6.5498,5.6180,6.6767,5.4623,5
2459429.599817,-2.5437,2.4790,6.5498,5.6180,6.6767,5.4623,5
2459429.617067,-4.9160,-7.6017,6.5498,5.6180,6.6767,5.4623,5
2459429.633957,-9.3575,-4.6355,6.5498,5.6180,6.6767,5.4623,5
2459429.636757,-7.1028,-0.3156,6.5498,5.6180,6.6767,5.4623,5
2459429.663667,3.6792,8.1560,6.5498,5.6180,6.6767,5.4623,5
2459429.699727,10.3310,3.6391,6.5498,5.6180,6.6767,5.4623,5
2459430.529327,-2.3402,3.7465,6.5498,5.6180,6.6767,5.4623,5
2459430.546577,-2.2799,-2.2631,6.5498,5.6180,6.6767,5.4623,5
2459430.565137,7.9223,-8.0092,6.5498,5.6180,6.6767,5.4623,5
2459430.592907,-7.5325,-4.9966,6.5498,5.6180,6.6767,5.4623,5
2459430.627707,-3.1966,-1.3696,6.5498,5.6180,6.6767,5.4623,5
2459430.667987,-4.7395,8.8446,6.5498,5.6180,6.6767,5.4623,5
2459431.502587,-1.4509,-9.6366,6.5498,5.6180,6.6767,5.4623,5
2459431.531087,7.9958,10.0771,6.5498,5.6180,6.6767,5.4623,5
2459431.558517,1.2897,-1.4680,6.5498,5.6180,6.6767,5.4623,5
2459431.574947,-1.9156,-0.3112,6.5498,5.6180,6.6767,5.4623,5
2459431.615617,-3.8845,-6.0187,6.5498,5.6180,6.6767,5.4623,5
2459431.635087,-4.1707,-0.8804,6.5498,5.6180,6.6767,5.4623,5
2459431.664497,3.9271,-1.7108,6.5498,5.6180,6.6767,5.4623,5
2459431.681497,-2.9738,9.0406,6.5498,5.6180,6.6767,5.4623,5
2459431.714897,-1.0865,2.4921,6.5498,5.6180,6.6767,5.4623,5
2459431.731297,7.8400,1.0102,6.5498,5.6180,6.6767,5.4623,5
2459432.523607,-2.5363,-2.9970,6.5498,5.6180,6.6767,5.4623,5
2459432.541197,-1.7760,1.6521,6.5498,5.6180,6.6767,5.4623,5
2459432.559817,2.3349,3.7845,6.5498,5.6180,6.6767,5.4623,5
2459432.587647,2.2441,0.8501,6.5498,5.6180,6.6767,5.4623,5
2459432.604347,-2.2872,5.4546,6.5498,5.6180,6.6767,5.4623,5
2459432.607207,-2.5568,3.2161,6.5498,5.6180,6.6767,5.4623,5
2459432.624217,1.1870,-2.0367,6.5498,5.6180,6.6767,5.4623,5
2459432.641217,-0.6832,3.8450,6.5498,5.6180,6.6767,5.4623,5
2459432.660897,4.1047,-2.0165,6.5498,5.6180,6.6767,5.4623,5
2459432.682087,-1.5095,1.7165,6.5498,5.6180,6.6767,5.4623,5
2459432.709827,6.4985,6.8722,6.5498,5.6180,6.6767,5.4623,5
2459432.726527,5.5252,2.2222,6.5498,5.6180,6.6767,5.4623,5
2459433.490027,-8.9931,-6.0214,6.5498,5.6180,6.6767,5.4623,5
2459433.568617,-0.3491,2.4839,6.5498,5.6180,6.6767,5.4623,5
2459433.630777,8.2737,8.0341,6.5498,5.6180,6.6767,5.4623,5
2459433.664327,6.3795,-10.0316,6.5498,5.6180,6.6767,5.4623,5
2459434.475617,4.5580,-4.9190,6.5498,5.6180,6.6767,5.4623,5
2459436.526537,2.9161,3.4043,6.5498,5.6180,6.6767,5.4623,5
2459436.543677,-8.3309,-0.5041,6.5498,5.6180,6.6767,5.4623,5
2459436.562127,-6.8713,-5.4239,6.5498,5.6180,6.6767,5.4623,5
2459436.610207,-6.4549,-0.7221,6.5498,5.6180,6.6767,5.4623,5
2459436.627097,-2.8380,1.9701,6.5498,5.6180,6.6767,5.4623,5
2459436.643907,-9.0904,3.9181,6.5498,5.6180,6.6767,5.4623,5
2459436.660637,-1.1087,2.8212,6.5498,5.6180,6.6767,5.4623,5
2459436.678467,5.2920,1.8489,6.5498,5.6180,6.6767,5.4623,5
2459436.705637,-4.8895,0.5608,6.5498,5.6180,6.6767,5.4623,5
2459439.530257,4.1775,-2.2335,6.5498,5.6180,6.6767,5.4623,5
2459439.558977,0.2403,2.2316,6.5498,5.6180,6.6767,5.4623,5
2459439.575897,0.7613,-1.8654,6.5498,5.6180,6.6767,5.4623,5
2459439.593017,-2.8657,1.3570,6.5498,5.6180,6.6767,5.4623,5
2459439.609917,0.7505,0.3841,6.5498,5.6180,6.6767,5.4623,5
2459439.626867,3.6559,6.3262,6.5498,5.6180,6.6767,5.4623,5
2459440.496077,6.7690,-2.0862,6.5498,5.6180,6.6767,5.4623,5
2459440.513697,11.5542,-1.1531,6.5498,5.6180,6.6767,5.4623,5
2459440.564997,3.2206,1.2916,6.5498,5.6180,6.6767,5.4623,5
2459440.580807,-0.0633,0.8881,6.5498,5.6180,6.6767,5.4623,5
2459440.597467,-3.9054,3.1150,6.5498,5.6180,6.6767,5.4623,5
2459440.618987,4.3693,0.2603,6.5498,5.6180,6.6767,5.4623,5
2459440.662547,-3.0371,-1.6686,6.5498,5.6180,6.6767,5.4623,5
2459441.472717,-6.1774,5.0480,6.5498,5.6180,6.6767,5.4623,5
2459442.516087,6.4453,0.5507,6.5498,5.6180,6.6767,5.4623,5
2459443.498117,-0.6672,-0.8613,6.5498,5.6180,6.6767,5.4623,5
2459443.521157,6.0457,5.4532,6.5498,5.6180,6.6767,5.4623,5
2459443.551907,-9.9282,-0.5411,6.5498,5.6180,6.6767,5.4623,5
2459443.599407,-4.4825,-1.9047,6.5498,5.6180,6.6767,5.4623,5
2459443.619167,-2.3990,5.4377,6.5498,5.6180,6.6767,5.4623,5
2459443.634657,-5.0566,-1.0229,6.5498,5.6180,6.6767,5.4623,5
2459443.637757,-3.2301,3.2908,6.5498,5.6180,6.6767,5.4623,5
2459443.684547,5.8048,-1.0635,6.5498,5.6180,6.6767,5.4623,5
2459447.483797,-7.7969,7.3992,6.5498,5.6180,6.6767,5.4623,5
2459447.518367,-4.8594,-0.2597,6.5498,5.6180,6.6767,5.4623,5
2459447.535677,0.0322,0.1675,6.5498,5.6180,6.6767,5.4623,5
2459447.552777,-5.1872,6.6706,6.5498,5.6180,6.6767,5.4623,5
2459447.569657,-5.9110,0.8992,6.5498,5.6180,6.6767,5.4623,5
2459447.601317,4.1588,-7.0298,6.5498,5.6180,6.6767,5.4623,5
2459447.618057,-6.6166,-1.5796,6.5498,5.6180,6.6767,5.4623,5
2459447.634747,-1.3193,-2.9149,6.5498,5.6180,6.6767,5.4623,5
2459447.651537,1.6105,-4.4179,6.5498,5.6180,6.6767,5.4623,5
2459447.668627,10.4212,5.2099,6.5498,5.6180,6.6767,5.4623,5
2459447.691287,0.5018,-4.5344,6.5498,5.6180,6.6767,5.4623,5
2459448.488737,6.3044,-3.7545,6.5498,5.6180,6.6767,5.4623,5
2459448.509797,3.4220,2.2862,6.5498,5.6180,6.6767,5.4623,5
2459448.561357,3.3224,1.5425,6.5498,5.6180,6.6767,5.4623,5
2459448.589117,-3.4528,2.8613,6.5498,5.6180,6.6767,5.4623,5
2459448.606087,-2.6816,1.9390,6.5498,5.6180,6.6767,5.4623,5
2459448.623297,-5.0936,9.6568,6.5498,5.6180,6.6767,5.4623,5
2459449.518627,-2.8306,0.9262,6.5498,5.6180,6.6767,5.4623,5
2459449.540977,0.3099,-0.8169,6.5498,5.6180,6.6767,5.4623,5
2459449.558047,-1.4644,10.8213,6.5498,5.6180,6.6767,5.4623,5
2459449.585317,0.8984,0.7171,6.5498,5.6180,6.6767,5.4623,5
2459449.619897,1.6936,-2.6805,6.5498,5.6180,6.6767,5.4623,5
2459449.684607,11.9762,3.9066,6.5498,5.6180,6.6767,5.4623,5
2459452.567557,5.5770,1.2631,6.5498,5.6180,6.6767,5.4623,5
2459452.584217,2.6651,3.5253,6.5498,5.6180,6.6767,5.4623,5
2459452.601177,-5.9635,5.9326,6.5498,5.6180,6.6767,5.4623,5
2459452.617667,7.7082,8.1916,6.5498,5.6180,6.6767,5.4623,5
2459452.634607,10.1463,10.7523,6.5498,5.6180,6.6767,5.4623,5
2459452.678937,11.5191,8.7938,6.5498,5.6180,6.6767,5.4623,5
2459453.490317,-0.8915,6.7534,6.5498,5.6180,6.6767,5.4623,5
2459453.512067,0.6007,8.8544,6.5498,5.6180,6.6767,5.4623,5
2459453.528907,-6.4223,8.4593,6.5498,5.6180,6.6767,5.4623,5
2459453.556287,-10.1782,-1.4289,6.5498,5.6180,6.6767,5.4623,5
2459453.572907,-7.4636,-1.9238,6.5498,5.6180,6.6767,5.4623,5
2459453.591887,-6.4417,-0.7710,6.5498,5.6180,6.6767,5.4623,5
2459453.625507,-3.0890,2.6886,6.5498,5.6180,6.6767,5.4623,5
2459453.653187,3.7053,1.9223,6.5498,5.6180,6.6767,5.4623,5
2459454.568577,3.7146,2.3999,6.5498,5.6180,6.6767,5.4623,5
2459454.585397,-4.1285,-2.7113,6.5498,5.6180,6.6767,5.4623,5
2459454.601997,-7.8761,1.3724,6.5498,5.6180,6.6767,5.4623,5
2459454.618487,1.0151,9.6274,6.5498,5.6180,6.6767,5.4623,5
2459454.635337,-8.0383,4.1088,6.5498,5.6180,6.6767,5.4623,5
2459454.665767,-12.1844,4.1916,6.5498,5.6180,6.6767,5.4623,5
2459455.484507,4.2533,2.4488,6.5498,5.6180,6.6767,5.4623,5
2459455.501487,9.5050,-1.4598,6.5498,5.6180,6.6767,5.4623,5
2459455.536207,-12.1373,4.5811,6.5498,5.6180,6.6767,5.4623,5
2459455.563777,-5.0841,-9.1996,6.5498,5.6180,6.6767,5.4623,5
2459455.581677,7.1017,7.0088,6.5498,5.6180,6.6767,5.4623,5
2459455.598747,2.5940,4.6884,6.5498,5.6180,6.6767,5.4623,5
2459455.619337,8.1435,-7.6916,6.5498,5.6180,6.6767,5.4623,5
2459455.667887,-5.3391,-4.7206,6.5498,5.6180,6.6767,5.4623,5
2459456.484037,2.8020,0.1301,6.5498,5.6180,6.6767,5.4623,5
2459456.501287,-10.0880,8.3099,6.5498,5.6180,6.6767,5.4623,5
2459456.554657,-3.8125,0.9495,6.5498,5.6180,6.6767,5.4623,5
2459456.582087,0.0274,-3.7008,6.5498,5.6180,6.6767,5.4623,5
2459456.604027,2.9090,-2.8808,6.5498,5.6180,6.6767,5.4623,5
2459456.620857,-2.2398,9.9469,6.5498,5.6180,6.6767,5.4623,5
2459456.637737,0.8555,6.8392,6.5498,5.6180,6.6767,5.4623,5
2459457.526977,-2.3759,3.1456,6.5498,5.6180,6.6767,5.4623,5
2459457.543837,-6.2603,6.0322,6.5498,5.6180,6.6767,5.4623,5
2459457.560567,4.5197,0.7613,6.5498,5.6180,6.6767,5.4623,5
2459457.587387,9.2472,4.4719,6.5498,5.6180,6.6767,5.4623,5
2459457.603957,6.7024,-2.0382,6.5498,5.6180,6.6767,5.4623,5
2459457.620437,-7.1751,6.0575,6.5498,5.6180,6.6767,5.4623,5
2459458.503947,8.0937,-0.6303,6.5498,5.6180,6.6767,5.4623,5
2459458.521317,-4.0048,-4.1303,6.5498,5.6180,6.6767,5.4623,5
2459458.581097,11.4030,-6.0835,6.5498,5.6180,6.6767,5.4623,5
2459458.644297,-2.5171,-6.2515,6.5498,5.6180,6.6767,5.4623,5
2459460.492237,3.0962,-7.2431,6.5498,5.6180,6.6767,5.4623,5
2459460.512137,7.0869,-1.2817,6.5498,5.6180,6.6767,5.4623,5
2459460.540427,3.4499,7.8909,6.5498,5.6180,6.6767,5.4623,5
2459460.561487,1.7903,0.1491,6.5498,5.6180,6.6767,5.4623,5
2459460.578707,7.3891,2.1481,6.5498,5.6180,6.6767,5.4623,5
2459460.595337,5.8691,10.7342,6.5498,5.6180,6.6767,5.4623,5
2459460.614727,5.7231,4.3135,6.5498,5.6180,6.6767,5.4623,5
2459460.631147,-3.3845,-4.1510,6.5498,5.6180,6.6767,5.4623,5
2459461.501487,5.3124,6.1666,6.5498,5.6180,6.6767,5.4623,5
2459461.521287,-0.0677,4.9650,6.5498,5.6180,6.6767,5.4623,5
2459461.544167,5.9910,9.2728,6.5498,5.6180,6.6767,5.4623,5
2459461.589467,-1.4186,-9.7184,6.5498,5.6180,6.6767,5.4623,5
2459462.480827,-7.1393,11.3857,6.5498,5.6180,6.6767,5.4623,5
2459462.508087,2.2551,1.3595,6.5498,5.6180,6.6767,5.4623,5
2459462.524567,5.2459,5.3426,6.5498,5.6180,6.6767,5.4623,5
2459462.541297,1.4376,-1.2927,6.5498,5.6180,6.6767,5.4623,5
2459462.558737,5.7383,8.0116,6.5498,5.6180,6.6767,5.4623,5
2459462.576257,11.2665,-8.0340,6.5498,5.6180,6.6767,5.4623,5
2459462.603497,8.7824,-1.4845,6.5498,5.6180,6.6767,5.4623,5
2459462.653287,0.3310,8.7085,6.5498,5.6180,6.6767,5.4623,5
2459463.509287,7.5725,1.9969,6.5498,5.6180,6.6767,5.4623,5
2459463.526007,-0.1663,0.4970,6.5498,5.6180,6.6767,5.4623,5
2459464.510257,2.4007,5.5086,6.5498,5.6180,6.6767,5.4623,5
2459464.513127,-6.7352,-5.1259,6.5498,5.6180,6.6767,5.4623,5
2459464.597507,-11.5205,-0.2299,6.5498,5.6180,6.6767,5.4623,5
2459464.620287,6.0775,11.7772,6.5498,5.6180,6.6767,5.4623,5
2459464.637917,5.8380,6.4644,6.5498,5.6180,6.6767,5.4623,5
2459466.496627,9.9466,-1.4638,6.5498,5.6180,6.6767,5.4623,5
2459466.513847,0.2024,-1.3316,6.5498,5.6180,6.6767,5.4623,5
2459466.530637,-5.3787,0.6783,6.5498,5.6180,6.6767,5.4623,5
2459466.569377,-2.5882,-5.6339,6.5498,5.6180,6.6767,5.4623,5
2459467.479567,-1.0063,7.7913,6.5498,5.6180,6.6767,5.4623,5
2459467.496377,-5.3691,-4.1284,6.5498,5.6180,6.6767,5.4623,5
2459467.524357,0.1709,0.7797,6.5498,5.6180,6.6767,5.4623,5
2459467.542537,-4.7007,-3.9373,6.5498,5.6180,6.6767,5.4623,5
2459467.560257,-1.0634,10.6214,6.5498,5.6180,6.6767,5.4623,5
2459467.579837,1.1598,9.0066,6.5498,5.6180,6.6767,5.4623,5
2459467.596617,11.6920,0.9899,6.5498,5.6180,6.6767,5.4623,5
2459467.613207,9.4397,-6.8844,6.5498,5.6180,6.6767,5.4623,5
2459468.527557,-2.1158,4.8081,6.5498,5.6180,6.6767,5.4623,5
2459468.544777,-1.5012,-6.4178,6.5498,5.6180,6.6767,5.4623,5
2459468.606697,2.5170,2.4756,6.5498,5.6180,6.6767,5.4623,5
2459468.623207,-3.3379,-3.1050,6.5498,5.6180,6.6767,5.4623,5
2459470.547957,2.3689,-4.3779,6.5498,5.6180,6.6767,5.4623,5
2459470.564697,9.4817,-3.8305,6.5498,5.6180,6.6767,5.4623,5
2459470.581207,11.8402,-1.2519,6.5498,5.6180,6.6767,5.4623,5
2459470.600977,-0.0960,-8.3276,6.5498,5.6180,6.6767,5.4623,5
2459474.491687,2.4873,-3.1508,6.5498,5.6180,6.6767,5.4623,5
2459474.508607,6.3115,3.0274,6.5498,5.6180,6.6767,5.4623,5
2459475.509887,1.2696,-0.1705,6.5498,5.6180,6.6767,5.4623,5
2459475.526657,2.8899,-4.8917,6.5498,5.6180,6.6767,5.4623,5
2459475.560447,-2.5873,2.8079,6.5498,5.6180,6.6767,5.4623,5
2459478.484367,-3.7461,-4.9667,6.5498,5.6180,6.6767,5.4623,5
2459478.501197,-2.4205,-0.5198,6.5498,5.6180,6.6767,5.4623,5
2459478.517767,4.1384,-5.6199,6.5498,5.6180,6.6767,5.4623,5
2459478.578827,6.7304,7.4715,6.5498,5.6180,6.6767,5.4623,5
2459479.498207,2.8545,11.3174,6.5498,5.6180,6.6767,5.4623,5
2459479.532367,-11.2838,-0.1766,6.5498,5.6180,6.6767,5.4623,5
2459480.480327,0.8742,-9.2225,6.5498,5.6180,6.6767,5.4623,5
2459480.497417,-3.0082,3.5310,6.5498,5.6180,6.6767,5.4623,5
2459480.514817,-3.3781,2.7406,6.5498,5.6180,6.6767,5.4623,5
2459480.542137,1.1349,0.8754,6.5498,5.6180,6.6767,5.4623,5
2459480.568887,5.8225,-4.1011,6.5498,5.6180,6.6767,5.4623,5
2459480.590307,10.8708,5.9419,6.5498,5.6180,6.6767,5.4623,5
2459480.601437,5.2697,1.6662,6.5498,5.6180,6.6767,5.4623,5
2459481.516357,-1.0087,3.0054,6.5498,5.6180,6.6767,5.4623,5
2459481.576757,-5.7428,-0.6363,6.5498,5.6180,6.6767,5.4623,5
2459481.593707,-8.7848,-3.1488,6.5498,5.6180,6.6767,5.4623,5
2459482.496107,7.9920,6.4424,6.5498,5.6180,6.6767,5.4623,5
2459482.544767,1.3501,-7.5819,6.5498,5.6180,6.6767,5.4623,5
2459482.561667,6.0569,6.7595,6.5498,5.6180,6.6767,5.4623,5
2459482.578447,-5.8743,0.7519,6.5498,5.6180,6.6767,5.4623,5
2459483.491957,-5.5711,-1.2113,6.5498,5.6180,6.6767,5.4623,5
2459483.508767,2.7876,-2.0354,6.5498,5.6180,6.6767,5.4623,5
2459483.588027,11.0378,-3.5993,6.5498,5.6180,6.6767,5.4623,5
2459484.526607,5.2431,-7.4724,6.5498,5.6180,6.6767,5.4623,5
2459484.553717,-1.1599,4.0341,6.5498,5.6180,6.6767,5.4623,5
2459484.570787,-4.2345,-4.2048,6.5498,5.6180,6.6767,5.4623,5
2459484.590437,9.7893,7.1076,6.5498,5.6180,6.6767,5.4623,5
2459485.495307,4.6095,-8.6957,6.5498,5.6180,6.6767,5.4623,5
2459485.549917,-2.5005,-5.5323,6.5498,5.6180,6.6767,5.4623,5
2459485.566797,-5.5115,-1.6230,6.5498,5.6180,6.6767,5.4623,5
2459486.486967,3.6660,-0.8165,6.5498,5.6180,6.6767,5.4623,5
2459486.543197,1.9966,2.4308,6.5498,5.6180,6.6767,5.4623,5
2459486.576587,11.1426,10.0924,6.5498,5.6180,6.6767,5.4623,5
2459488.543257,1.9964,12.5049,6.5498,5.6180,6.6767,5.4623,5
2459488.559987,2.4093,10.4611,6.5498,5.6180,6.6767,5.4623,5
2459488.581217,11.1927,2.9303,6.5498,5.6180,6.6767,5.4623,5
2459489.484387,-3.2618,5.5539,6.5498,5.6180,6.6767,5.4623,5
2459489.502477,-6.7158,-1.0204,6.5498,5.6180,6.6767,5.4623,5
2459489.524077,-5.6474,1.9540,6.5498,5.6180,6.6767,5.4623,5
2459489.550967,3.2036,7.3719,6.5498,5.6180,6.6767,5.4623,5
2459489.567827,12.6657,7.6588,6.5498,5.6180,6.6767,5.4623,5
2459490.489897,0.5693,9.1864,6.5498,5.6180,6.6767,5.4623,5
2459490.507197,-4.9796,3.0537,6.5498,5.6180,6.6767,5.4623,5
2459490.530317,-2.3944,5.7884,6.5498,5.6180,6.6767,5.4623,5
2459490.562687,9.6000,-0.7039,6.5498,5.6180,6.6767,5.4623,5
2459491.525557,12.7508,-1.4231,6.5498,5.6180,6.6767,5.4623,5
2459491.542757,14.8956,-9.6823,6.5498,5.6180,6.6767,5.4623,5
2459491.570057,6.5929,5.3739,6.5498,5.6180,6.6767,5.4623,5
2459491.574117,-0.7007,3.0056,6.5498,5.6180,6.6767,5.4623,5
2459492.499297,-4.0346,6.1668,6.5498,5.6180,6.6767,5.4623,5
2459492.533627,-7.1507,-0.6617,6.5498,5.6180,6.6767,5.4623,5
2459492.550367,-11.4531,-4.4679,6.5498,5.6180,6.6767,5.4623,5
2459493.495297,2.5298,4.2628,6.5498,5.6180,6.6767,5.4623,5
2459493.512027,8.3766,-1.4080,6.5498,5.6180,6.6767,5.4623,5
2459493.536737,4.9904,-1.2257,6.5498,5.6180,6.6767,5.4623,5
2459493.553587,-12.9846,1.3257,6.5498,5.6180,6.6767,5.4623,5
2459494.516027,-2.9493,2.9045,6.5498,5.6180,6.6767,5.4623,5
2459494.535427,-1.3219,4.2122,6.5498,5.6180,6.6767,5.4623,5
2459494.556157,11.3385,2.8585,6.5498,5.6180,6.6767,5.4623,5
2459501.533297,16.5980,-5.5507,6.5498,5.6180,6.6767,5.4623,5
2459502.498027,-3.2870,5.3118,6.5498,5.6180,6.6767,5.4623,5
2459503.511947,8.7891,6.2064,6.5498,5.6180,6.6767,5.4623,5
2459503.539037,0.9892,6.7370,6.5498,5.6180,6.6767,5.4623,5
2459504.512367,4.5884,-7.8152,6.5498,5.6180,6.6767,5.4623,5
2459504.529227,5.9165,9.0951,6.5498,5.6180,6.6767,5.4623,5
2459504.536647,4.7564,7.9936,6.5498,5.6180,6.6767,5.4623,5
2459505.508647,-5.1733,-3.3731,6.5498,5.6180,6.6767,5.4623,5
2459505.534887,4.9517,-3.0346,6.5498,5.6180,6.6767,5.4623,5
2459506.523597,8.4387,-3.1583,6.5498,5.6180,6.6767,5.4623,5
2459507.518707,2.5923,4.4405,6.5498,5.6180,6.6767,5.4623,5
2459508.512667,9.8456,5.9985,6.5498,5.6180,6.6767,5.4623,5
2459508.526847,9.3095,0.1485,6.5498,5.6180,6.6767,5.4623,5
2459509.524417,5.8215,11.8454,6.5498,5.6180,6.6767,5.4623,5
2459510.510877,-2.1993,5.2301,6.5498,5.6180,6.6767,5.4623,5
2459631.872417,-34.4100,-9.0182,6.5498,5.6180,9.0053,7.5817,6
2459633.870247,-26.6152,8.9253,6.5498,5.6180,9.0053,7.5817,6
2459633.887827,-8.4518,-12.2668,6.5498,5.6180,9.0053,7.5817,6
2459634.863177,-21.5797,4.6280,6.5498,5.6180,9.0053,7.5817,6
2459634.891257,-12.3778,-1.6534,6.5498,5.6180,9.0053,7.5817,6
2459636.865187,7.3518,-3.7685,6.5498,5.6180,9.0053,7.5817,6
2459636.882757,0.4461,-0.0846,6.5498,5.6180,9.0053,7.5817,6
2459637.848807,-34.5736,-10.3057,6.5498,5.6180,9.0053,7.5817,6
2459637.866897,-11.5222,3.4798,6.5498,5.6180,9.0053,7.5817,6
2459637.895197,5.8101,3.7937,6.5498,5.6180,9.0053,7.5817,6
2459638.838397,-54.6576,-9.3417,6.5498,5.6180,9.0053,7.5817,6
2459638.861647,-10.9436,-14.7177,6.5498,5.6180,9.0053,7.5817,6
2459638.879197,-1.8005,-1.8313,6.5498,5.6180,9.0053,7.5817,6
2459638.896527,-9.5590,-13.4791,6.5498,5.6180,9.0053,7.5817,6
2459639.837477,-24.6410,-5.7071,6.5498,5.6180,9.0053,7.5817,6
2459639.855237,-13.1631,-4.8990,6.5498,5.6180,9.0053,7.5817,6
2459639.872807,-25.7013,6.0294,6.5498,5.6180,9.0053,7.5817,6
2459639.890497,6.4074,2.5655,6.5498,5.6180,9.0053,7.5817,6
2459640.856567,-11.0608,-6.5182,6.5498,5.6180,9.0053,7.5817,6
2459640.874457,-16.4458,0.1112,6.5498,5.6180,9.0053,7.5817,6
2459640.891947,-3.4110,-2.9182,6.5498,5.6180,9.0053,7.5817,6
2459641.883147,-33.5783,-3.0572,6.5498,5.6180,9.0053,7.5817,6
2459641.900777,-6.6306,-17.9058,6.5498,5.6180,9.0053,7.5817,6
2459642.853897,-35.1250,-5.2205,6.5498,5.6180,9.0053,7.5817,6
2459642.884127,2.5482,-1.3146,6.5498,5.6180,9.0053,7.5817,6
2459642.901917,-4.9908,-5.7180,6.5498,5.6180,9.0053,7.5817,6
2459645.846217,-46.3439,0.2600,6.5498,5.6180,9.0053,7.5817,6
2459645.863877,-29.7859,-4.9498,6.5498,5.6180,9.0053,7.5817,6
2459646.898647,-29.0327,12.5715,6.5498,5.6180,9.0053,7.5817,6
2459647.838707,-10.3132,4.5500,6.5498,5.6180,9.0053,7.5817,6
2459648.823457,-23.5956,-0.2937,6.5498,5.6180,9.0053,7.5817,6
2459648.851707,0.7940,-1.2285,6.5498,5.6180,9.0053,7.5817,6
2459648.874987,-4.3301,0.1188,6.5498,5.6180,9.0053,7.5817,6
2459648.892887,-10.7837,-8.9867,6.5498,5.6180,9.0053,7.5817,6
2459648.910297,-6.3266,5.9605,6.5498,5.6180,9.0053,7.5817,6
2459649.828887,-0.4063,-6.3025,6.5498,5.6180,9.0053,7.5817,6
2459649.890917,-20.2708,-7.0784,6.5498,5.6180,9.0053,7.5817,6
2459649.908527,1.8346,0.7286,6.5498,5.6180,9.0053,7.5817,6
2459650.806027,-29.6761,5.0905,6.5498,5.6180,9.0053,7.5817,6
2459650.823897,-13.7236,4.8087,6.5498,5.6180,9.0053,7.5817,6
2459650.852057,-12.9973,-1.2769,6.5498,5.6180,9.0053,7.5817,6
2459650.887087,6.1319,-0.5590,6.5498,5.6180,9.0053,7.5817,6
2459650.904727,-8.1447,10.9053,6.5498,5.6180,9.0053,7.5817,6
2459651.834267,-20.7140,-10.7276,6.5498,5.6180,9.0053,7.5817,6
2459651.852787,0.9645,-5.1602,6.5498,5.6180,9.0053,7.5817,6
2459651.887847,-6.5479,4.4328,6.5498,5.6180,9.0053,7.5817,6
2459651.905237,5.2275,5.4681,6.5498,5.6180,9.0053,7.5817,6
2459652.814677,-25.7064,2.4913,6.5498,5.6180,9.0053,7.5817,6
2459652.854757,1.8267,0.7762,6.5498,5.6180,9.0053,7.5817,6
2459652.872237,0.5675,-4.0033,6.5498,5.6180,9.0053,7.5817,6
2459652.895887,2.6320,-3.3172,6.5498,5.6180,9.0053,7.5817,6
2459653.815407,13.8696,0.2859,6.5498,5.6180,9.0053,7.5817,6
2459653.867577,2.9253,12.1645,6.5498,5.6180,9.0053,7.5817,6
2459653.902237,-0.0249,-6.6841,6.5498,5.6180,9.0053,7.5817,6
2459654.841957,2.7910,-7.7973,6.5498,5.6180,9.0053,7.5817,6
2459654.888237,-1.7368,4.5091,6.5498,5.6180,9.0053,7.5817,6
2459654.905827,-2.6336,3.7514,6.5498,5.6180,9.0053,7.5817,6
2459655.852117,-10.5360,1.0830,6.5498,5.6180,9.0053,7.5817,6
2459655.889127,-1.2621,2.9984,6.5498,5.6180,9.0053,7.5817,6
2459656.848667,-22.6778,-13.4167,6.5498,5.6180,9.0053,7.5817,6
2459656.880897,-2.8601,-8.2059,6.5498,5.6180,9.0053,7.5817,6
2459656.898117,-2.8221,0.9085,6.5498,5.6180,9.0053,7.5817,6
2459656.915657,4.1959,9.8013,6.5498,5.6180,9.0053,7.5817,6
2459657.826227,-11.3103,-3.6449,6.5498,5.6180,9.0053,7.5817,6
2459657.846577,-3.9504,3.4040,6.5498,5.6180,9.0053,7.5817,6
2459657.863807,5.2543,4.3188,6.5498,5.6180,9.0053,7.5817,6
2459657.881437,3.3836,2.9163,6.5498,5.6180,9.0053,7.5817,6
2459657.898817,1.2123,3.6127,6.5498,5.6180,9.0053,7.5817,6
2459658.800527,-16.5411,-10.9161,6.5498,5.6180,9.0053,7.5817,6
2459658.818127,-3.7229,-6.4022,6.5498,5.6180,9.0053,7.5817,6
2459658.839137,-10.4537,-0.9883,6.5498,5.6180,9.0053,7.5817,6
2459658.857107,-2.8942,5.6044,6.5498,5.6180,9.0053,7.5817,6
2459658.876457,15.3593,-6.1460,6.5498,5.6180,9.0053,7.5817,6
2459658.906117,9.7254,7.3067,6.5498,5.6180,9.0053,7.5817,6
2459658.909217,-0.7938,4.9011,6.5498,5.6180,9.0053,7.5817,6
2459659.855427,0.8215,-2.8515,6.5498,5.6180,9.0053,7.5817,6
2459659.872877,-5.4204,5.3411,6.5498,5.6180,9.0053,7.5817,6
2459659.909117,-1.6250,-1.7922,6.5498,5.6180,9.0053,7.5817,6
2459660.830487,-13.1165,-1.6147,6.5498,5.6180,9.0053,7.5817,6
2459660.848247,-5.0227,-2.8859,6.5498,5.6180,9.0053,7.5817,6
2459660.869867,-4.1283,-12.0138,6.5498,5.6180,9.0053,7.5817,6
2459660.887547,4.7680,11.4368,6.5498,5.6180,9.0053,7.5817,6
2459661.846937,-1.7506,-3.6607,6.5498,5.6180,9.0053,7.5817,6
2459661.875327,6.7033,7.3425,6.5498,5.6180,9.0053,7.5817,6
2459661.892617,-2.2760,-1.3194,6.5498,5.6180,9.0053,7.5817,6
2459661.912617,2.0611,2.9806,6.5498,5.6180,9.0053,7.5817,6
2459664.823427,-5.6252,6.9973,6.5498,5.6180,9.0053,7.5817,6
2459664.840867,-7.4764,-0.2484,6.5498,5.6180,9.0053,7.5817,6
2459664.861997,-3.6949,8.8070,6.5498,5.6180,9.0053,7.5817,6
2459664.879047,-1.2498,7.5534,6.5498,5.6180,9.0053,7.5817,6
2459664.904077,4.5221,1.3420,6.5498,5.6180,9.0053,7.5817,6
2459665.780637,9.1010,-4.0419,6.5498,5.6180,9.0053,7.5817,6
2459665.798047,-7.4553,-1.5898,6.5498,5.6180,9.0053,7.5817,6
2459665.815347,-9.0895,6.3662,6.5498,5.6180,9.0053,7.5817,6
2459665.833037,-2.9232,-0.7316,6.5498,5.6180,9.0053,7.5817,6
2459665.850627,5.2983,-10.4582,6.5498,5.6180,9.0053,7.5817,6
2459665.880667,-5.8560,2.0008,6.5498,5.6180,9.0053,7.5817,6
2459665.898147,-4.1815,4.7867,6.5498,5.6180,9.0053,7.5817,6
2459665.914937,-0.0154,6.8259,6.5498,5.6180,9.0053,7.5817,6
2459666.824597,-2.1043,-7.5654,6.5498,5.6180,9.0053,7.5817,6
2459666.852517,-5.2050,0.5504,6.5498,5.6180,9.0053,7.5817,6
2459666.874877,3.3360,-4.2606,6.5498,5.6180,9.0053,7.5817,6
2459666.891957,1.2629,-3.3302,6.5498,5.6180,9.0053,7.5817,6
2459666.912947,0.3129,-1.1962,6.5498,5.6180,9.0053,7.5817,6
2459667.782537,4.7405,-4.1197,6.5498,5.6180,9.0053,7.5817,6
2459667.799987,1.8220,3.2950,6.5498,5.6180,9.0053,7.5817,6
2459667.838877,-1.8382,2.1656,6.5498,5.6180,9.0053,7.5817,6
2459667.856277,-5.3874,-4.1733,6.5498,5.6180,9.0053,7.5817,6
2459667.887347,1.1175,5.9506,6.5498,5.6180,9.0053,7.5817,6
2459667.904427,2.5433,5.5001,6.5498,5.6180,9.0053,7.5817,6
2459668.831647,3.0770,-11.2264,6.5498,5.6180,9.0053,7.5817,6
2459668.849437,-4.1067,-6.7821,6.5498,5.6180,9.0053,7.5817,6
2459669.777817,-10.9208,-3.5050,6.5498,5.6180,9.0053,7.5817,6
2459669.797017,0.9184,7.4234,6.5498,5.6180,9.0053,7.5817,6
2459669.814687,-0.2600,-0.2962,6.5498,5.6180,9.0053,7.5817,6
2459669.862177,-14.0659,0.0825,6.5498,5.6180,9.0053,7.5817,6
2459669.879147,1.4435,-0.2111,6.5498,5.6180,9.0053,7.5817,6
2459669.913707,-6.7496,-5.0574,6.5498,5.6180,9.0053,7.5817,6
2459670.829037,9.3177,3.3750,6.5498,5.6180,9.0053,7.5817,6
2459670.846417,1.2520,0.3138,6.5498,5.6180,9.0053,7.5817,6
2459670.874617,2.8856,7.6010,6.5498,5.6180,9.0053,7.5817,6
2459670.892427,6.5667,-0.7242,6.5498,5.6180,9.0053,7.5817,6
2459670.909897,-3.7131,10.7485,6.5498,5.6180,9.0053,7.5817,6
2459671.772887,-15.0523,-8.2023,6.5498,5.6180,9.0053,7.5817,6
2459671.805147,-5.5230,7.8048,6.5498,5.6180,9.0053,7.5817,6
2459671.822897,-0.7768,4.2234,6.5498,5.6180,9.0053,7.5817,6
2459671.867777,-4.2846,5.9404,6.5498,5.6180,9.0053,7.5817,6
2459671.885097,2.2463,3.9350,6.5498,5.6180,9.0053,7.5817,6
2459671.912237,-7.0654,3.2612,6.5498,5.6180,9.0053,7.5817,6
2459672.819677,7.5202,7.9071,6.5498,5.6180,9.0053,7.5817,6
2459672.837597,-9.8642,-4.0449,6.5498,5.6180,9.0053,7.5817,6
2459672.855117,5.6230,-9.4713,6.5498,5.6180,9.0053,7.5817,6
2459672.889247,-4.0405,-4.7850,6.5498,5.6180,9.0053,7.5817,6
2459673.857367,5.1941,-3.5035,6.5498,5.6180,9.0053,7.5817,6
2459673.874657,5.5840,2.3450,6.5498,5.6180,9.0053,7.5817,6
2459673.913697,0.1474,3.6679,6.5498,5.6180,9.0053,7.5817,6
2459674.751217,-2.7385,-8.5055,6.5498,5.6180,9.0053,7.5817,6
2459674.768857,0.6892,1.3901,6.5498,5.6180,9.0053,7.5817,6
2459674.786437,-11.3481,-4.4938,6.5498,5.6180,9.0053,7.5817,6
2459674.804207,-2.6069,5.6238,6.5498,5.6180,9.0053,7.5817,6
2459674.867377,2.6380,4.6118,6.5498,5.6180,9.0053,7.5817,6
2459674.884767,-4.4798,3.3532,6.5498,5.6180,9.0053,7.5817,6
2459674.905077,-10.3403,6.7798,6.5498,5.6180,9.0053,7.5817,6
2459675.779677,-3.2454,5.0500,6.5498,5.6180,9.0053,7.5817,6
2459675.814997,-6.6596,1.5175,6.5498,5.6180,9.0053,7.5817,6
2459675.833857,2.8737,-4.3001,6.5498,5.6180,9.0053,7.5817,6
2459675.879407,1.1370,-0.4127,6.5498,5.6180,9.0053,7.5817,6
2459675.913477,-4.4838,9.1951,6.5498,5.6180,9.0053,7.5817,6
2459676.806777,0.1281,4.1646,6.5498,5.6180,9.0053,7.5817,6
2459676.824387,-7.5607,3.5306,6.5498,5.6180,9.0053,7.5817,6
2459676.841877,4.4559,2.4482,6.5498,5.6180,9.0053,7.5817,6
2459676.886427,1.1306,4.7803,6.5498,5.6180,9.0053,7.5817,6
2459676.903517,2.4822,-4.8902,6.5498,5.6180,9.0053,7.5817,6
2459676.920417,-9.2941,5.2732,6.5498,5.6180,9.0053,7.5817,6
2459677.748697,6.1323,-5.3323,6.5498,5.6180,9.0053,7.5817,6
2459677.777197,-2.6787,8.4737,6.5498,5.6180,9.0053,7.5817,6
2459677.812787,4.0925,-10.2077,6.5498,5.6180,9.0053,7.5817,6
2459677.859817,1.3618,3.6379,6.5498,5.6180,9.0053,7.5817,6
2459677.876957,-9.5398,-2.0290,6.5498,5.6180,9.0053,7.5817,6
2459677.904917,-6.5899,-2.0256,6.5498,5.6180,9.0053,7.5817,6
2459678.818257,2.7199,-4.5475,6.5498,5.6180,9.0053,7.5817,6
2459678.835997,7.6590,7.4420,6.5498,5.6180,9.0053,7.5817,6
2459678.879757,-0.5793,5.4352,6.5498,5.6180,9.0053,7.5817,6
2459678.908017,-1.3441,0.7370,6.5498,5.6180,9.0053,7.5817,6
2459679.742477,-0.2793,-2.7503,6.5498,5.6180,9.0053,7.5817,6
2459679.760227,-15.4223,7.8284,6.5498,5.6180,9.0053,7.5817,6
2459679.777707,-6.1108,8.1974,6.5498,5.6180,9.0053,7.5817,6
2459679.795147,-0.5591,3.1172,6.5498,5.6180,9.0053,7.5817,6
2459679.823427,0.6296,-7.2289,6.5498,5.6180,9.0053,7.5817,6
2459679.840437,0.2733,3.5858,6.5498,5.6180,9.0053,7.5817,6
2459679.857477,-2.4180,-0.5542,6.5498,5.6180,9.0053,7.5817,6
2459679.874887,-8.4590,3.0293,6.5498,5.6180,9.0053,7.5817,6
2459679.920007,-7.6777,11.1123,6.5498,5.6180,9.0053,7.5817,6
2459680.776477,-14.7419,8.3033,6.5498,5.6180,9.0053,7.5817,6
2459680.821467,2.4072,-5.7283,6.5498,5.6180,9.0053,7.5817,6
2459680.838667,-3.8549,-0.6732,6.5498,5.6180,9.0053,7.5817,6
2459680.859997,8.8881,1.8161,6.5498,5.6180,9.0053,7.5817,6
2459680.877027,-12.8217,0.7874,6.5498,5.6180,9.0053,7.5817,6
2459680.894287,-3.1769,8.6813,6.5498,5.6180,9.0053,7.5817,6
2459680.921687,-7.2815,7.6462,6.5498,5.6180,9.0053,7.5817,6
2459681.730627,5.7967,-10.1613,6.5498,5.6180,9.0053,7.5817,6
2459681.766837,1.1864,-4.5740,6.5498,5.6180,9.0053,7.5817,6
2459681.784337,4.4886,11.0020,6.5498,5.6180,9.0053,7.5817,6
2459681.805697,3.4534,1.2150,6.5498,5.6180,9.0053,7.5817,6
2459681.861747,-4.5331,5.3775,6.5498,5.6180,9.0053,7.5817,6
2459681.878727,-1.3301,4.6541,6.5498,5.6180,9.0053,7.5817,6
2459681.895407,-15.1233,7.0153,6.5498,5.6180,9.0053,7.5817,6
2459681.912297,-9.8209,5.5941,6.5498,5.6180,9.0053,7.5817,6
2459682.755657,3.3505,-5.1753,6.5498,5.6180,9.0053,7.5817,6
2459682.775287,-4.6140,1.3833,6.5498,5.6180,9.0053,7.5817,6
2459682.792487,-17.7746,4.4456,6.5498,5.6180,9.0053,7.5817,6
2459682.809657,8.9654,-9.7727,6.5498,5.6180,9.0053,7.5817,6
2459682.837617,6.1822,1.9434,6.5498,5.6180,9.0053,7.5817,6
2459682.854687,6.7692,5.9235,6.5498,5.6180,9.0053,7.5817,6
2459682.919587,-9.2513,7.3523,6.5498,5.6180,9.0053,7.5817,6
2459683.751537,-7.4089,-5.3625,6.5498,5.6180,9.0053,7.5817,6
2459683.788027,-8.2397,2.5591,6.5498,5.6180,9.0053,7.5817,6
2459683.804917,-10.3166,5.2578,6.5498,5.6180,9.0053,7.5817,6
2459683.832607,1.6695,3.9618,6.5498,5.6180,9.0053,7.5817,6
2459683.849427,-4.8547,-0.2905,6.5498,5.6180,9.0053,7.5817,6
2459683.870747,-2.2772,6.6070,6.5498,5.6180,9.0053,7.5817,6
2459683.887997,-3.9929,8.2681,6.5498,5.6180,9.0053,7.5817,6
2459683.904607,-11.5966,-0.7655,6.5498,5.6180,9.0053,7.5817,6
2459684.803847,-3.4075,-2.8918,6.5498,5.6180,9.0053,7.5817,6
2459684.820917,-1.8568,2.1571,6.5498,5.6180,9.0053,7.5817,6
2459684.838017,2.2880,3.5240,6.5498,5.6180,9.0053,7.5817,6
2459684.876447,-4.2097,-0.6886,6.5498,5.6180,9.0053,7.5817,6
2459684.914967,0.9705,1.0585,6.5498,5.6180,9.0053,7.5817,6
2459685.718667,8.6504,-4.1014,6.5498,5.6180,9.0053,7.5817,6
2459685.736297,-5.3155,-2.6772,6.5498,5.6180,9.0053,7.5817,6
2459685.757917,-13.5072,-3.1168,6.5498,5.6180,9.0053,7.5817,6
2459685.804977,8.2796,6.8998,6.5498,5.6180,9.0053,7.5817,6
2459685.822707,-0.0674,-0.5974,6.5498,5.6180,9.0053,7.5817,6
2459685.839817,-2.3061,-3.0484,6.5498,5.6180,9.0053,7.5817,6
2459685.856857,-3.7840,7.2242,6.5498,5.6180,9.0053,7.5817,6
2459685.879337,-0.9092,-1.4154,6.5498,5.6180,9.0053,7.5817,6
2459685.914977,-5.0448,12.1955,6.5498,5.6180,9.0053,7.5817,6
2459687.769727,-13.2358,-2.3586,6.5498,5.6180,9.0053,7.5817,6
2459687.797697,8.2756,-1.5199,6.5498,5.6180,9.0053,7.5817,6
2459687.815057,2.5225,-0.4370,6.5498,5.6180,9.0053,7.5817,6
2459687.837417,-9.1445,-0.5627,6.5498,5.6180,9.0053,7.5817,6
2459687.854387,-5.1034,-3.6482,6.5498,5.6180,9.0053,7.5817,6
2459687.871727,-6.1915,2.4244,6.5498,5.6180,9.0053,7.5817,6
2459687.900767,-7.6020,4.0088,6.5498,5.6180,9.0053,7.5817,6
2459689.809017,-15.3261,6.8025,6.5498,5.6180,9.0053,7.5817,6
2459691.881027,2.1527,10.6457,6.5498,5.6180,9.0053,7.5817,6
2459691.898407,3.0464,6.9971,6.5498,5.6180,9.0053,7.5817,6
2459692.741917,-13.6119,-2.6356,6.5498,5.6180,9.0053,7.5817,6
2459692.759487,0.6779,1.5725,6.5498,5.6180,9.0053,7.5817,6
2459692.827367,2.1587,4.4043,6.5498,5.6180,9.0053,7.5817,6
2459692.847567,2.9969,7.7213,6.5498,5.6180,9.0053,7.5817,6
2459692.864477,-3.9138,3.8271,6.5498,5.6180,9.0053,7.5817,6
2459692.881517,-4.5893,6.6213,6.5498,5.6180,9.0053,7.5817,6
2459692.898497,-2.9260,6.9510,6.5498,5.6180,9.0053,7.5817,6
2459693.740677,-4.0898,-3.1423,6.5498,5.6180,9.0053,7.5817,6
2459693.758277,-12.5258,-2.5391,6.5498,5.6180,9.0053,7.5817,6
2459693.785857,9.2507,-2.0186,6.5498,5.6180,9.0053,7.5817,6
2459693.803437,-4.8601,-3.4530,6.5498,5.6180,9.0053,7.5817,6
2459693.820667,-0.2372,-5.3777,6.5498,5.6180,9.0053,7.5817,6
2459693.838147,-5.5929,5.1330,6.5498,5.6180,9.0053,7.5817,6
2459693.859087,-12.3831,8.2481,6.5498,5.6180,9.0053,7.5817,6
2459693.888867,-5.4644,-2.3009,6.5498,5.6180,9.0053,7.5817,6
2459693.910097,-10.4820,-1.7128,6.5498,5.6180,9.0053,7.5817,6
2459694.699877,-4.2152,2.2926,6.5498,5.6180,9.0053,7.5817,6
2459694.729927,0.6539,-2.4173,6.5498,5.6180,9.0053,7.5817,6
2459694.831227,-7.5717,6.1787,6.5498,5.6180,9.0053,7.5817,6
2459694.848437,-4.6114,-2.1129,6.5498,5.6180,9.0053,7.5817,6
2459694.865477,-8.5361,4.4556,6.5498,5.6180,9.0053,7.5817,6
2459694.899907,-3.9098,5.0646,6.5498,5.6180,9.0053,7.5817,6
2459694.916527,-7.2995,-0.1341,6.5498,5.6180,9.0053,7.5817,6
2459695.772647,-16.5686,-5.6747,6.5498,5.6180,9.0053,7.5817,6
2459695.800467,0.7028,13.3264,6.5498,5.6180,9.0053,7.5817,6
2459695.817657,-10.7535,13.6594,6.5498,5.6180,9.0053,7.5817,6
2459695.856817,-2.0447,9.8738,6.5498,5.6180,9.0053,7.5817,6
2459695.900857,-3.4118,0.8962,6.5498,5.6180,9.0053,7.5817,6
2459696.767357,0.4359,2.0338,6.5498,5.6180,9.0053,7.5817,6
2459696.777837,-6.7400,-0.8362,6.5498,5.6180,9.0053,7.5817,6
2459696.787627,-8.1301,1.3082,6.5498,5.6180,9.0053,7.5817,6
2459696.804307,-4.9303,-2.8389,6.5498,5.6180,9.0053,7.5817,6
2459696.805647,-9.3477,0.5932,6.5498,5.6180,9.0053,7.5817,6
2459696.842437,2.2368,-4.1414,6.5498,5.6180,9.0053,7.5817,6
2459696.843817,-4.4449,2.4417,6.5498,5.6180,9.0053,7.5817,6
2459696.883607,-11.9344,-7.7068,6.5498,5.6180,9.0053,7.5817,6
2459696.894897,-6.3250,-1.2673,6.5498,5.6180,9.0053,7.5817,6
2459696.902147,-5.9526,5.4559,6.5498,5.6180,9.0053,7.5817,6
2459696.912097,-8.1732,13.5003,6.5498,5.6180,9.0053,7.5817,6
2459696.918847,-7.6799,0.0324,6.5498,5.6180,9.0053,7.5817,6
2459697.730757,5.1294,-1.9727,6.5498,5.6180,9.0053,7.5817,6
2459697.748237,0.3939,2.0623,6.5498,5.6180,9.0053,7.5817,6
2459697.768427,3.9831,1.7096,6.5498,5.6180,9.0053,7.5817,6
2459697.796417,-0.8687,-4.9840,6.5498,5.6180,9.0053,7.5817,6
2459697.813667,-4.8003,8.4388,6.5498,5.6180,9.0053,7.5817,6
2459697.837627,-4.5631,7.3413,6.5498,5.6180,9.0053,7.5817,6
2459697.861677,-5.4714,-3.4426,6.5498,5.6180,9.0053,7.5817,6
2459697.899637,3.7926,7.7523,6.5498,5.6180,9.0053,7.5817,6
2459698.703157,-6.9152,7.6134,6.5498,5.6180,9.0053,7.5817,6
2459698.706227,6.8474,-1.4670,6.5498,5.6180,9.0053,7.5817,6
2459698.723817,6.7713,-1.3154,6.5498,5.6180,9.0053,7.5817,6
2459698.773657,0.0973,8.2668,6.5498,5.6180,9.0053,7.5817,6
2459698.791367,2.6092,4.9512,6.5498,5.6180,9.0053,7.5817,6
2459698.831697,3.7937,-0.5626,6.5498,5.6180,9.0053,7.5817,6
2459698.860607,-1.6076,7.2517,6.5498,5.6180,9.0053,7.5817,6
2459698.894967,2.5689,1.9530,6.5498,5.6180,9.0053,7.5817,6
2459698.911977,-3.3189,10.4672,6.5498,5.6180,9.0053,7.5817,6
2459699.788617,-12.8479,-0.9475,6.5498,5.6180,9.0053,7.5817,6
2459699.837217,8.7071,13.0825,6.5498,5.6180,9.0053,7.5817,6
2459700.773357,1.1605,-2.9974,6.5498,5.6180,9.0053,7.5817,6
2459700.792497,2.6646,4.2514,6.5498,5.6180,9.0053,7.5817,6
2459700.831447,-6.0721,-1.0488,6.5498,5.6180,9.0053,7.5817,6
2459700.849597,-3.3712,11.6253,6.5498,5.6180,9.0053,7.5817,6
2459700.877377,-12.0460,0.3233,6.5498,5.6180,9.0053,7.5817,6
2459700.895807,-7.2096,3.1268,6.5498,5.6180,9.0053,7.5817,6
2459701.759287,-20.0147,-5.0960,6.5498,5.6180,9.0053,7.5817,6
2459701.793207,-2.9873,0.1531,6.5498,5.6180,9.0053,7.5817,6
2459701.857727,-2.0349,13.4156,6.5498,5.6180,9.0053,7.5817,6
2459701.892757,-3.1225,4.5848,6.5498,5.6180,9.0053,7.5817,6
2459701.920097,3.3486,7.5324,6.5498,5.6180,9.0053,7.5817,6
2459702.766837,-11.1092,-1.9118,6.5498,5.6180,9.0053,7.5817,6
2459702.784447,3.2223,1.9718,6.5498,5.6180,9.0053,7.5817,6
2459702.801597,8.2645,3.2693,6.5498,5.6180,9.0053,7.5817,6
2459702.818477,-7.8536,-0.2274,6.5498,5.6180,9.0053,7.5817,6
2459702.850567,-7.6023,5.7691,6.5498,5.6180,9.0053,7.5817,6
2459702.867967,-1.7120,5.7894,6.5498,5.6180,9.0053,7.5817,6
2459702.885047,0.4500,7.0554,6.5498,5.6180,9.0053,7.5817,6
2459702.919417,-11.5387,2.6645,6.5498,5.6180,9.0053,7.5817,6
2459704.672557,-2.5241,5.3423,6.5498,5.6180,9.0053,7.5817,6
2459704.690397,-3.2765,10.6279,6.5498,5.6180,9.0053,7.5817,6
2459704.708007,8.2498,-7.9934,6.5498,5.6180,9.0053,7.5817,6
2459704.736337,-0.7763,-5.6299,6.5498,5.6180,9.0053,7.5817,6
2459704.753887,0.6771,10.3898,6.5498,5.6180,9.0053,7.5817,6
2459704.771247,1.8152,1.2005,6.5498,5.6180,9.0053,7.5817,6
2459704.788447,-0.0333,10.0328,6.5498,5.6180,9.0053,7.5817,6
2459704.810277,2.5405,3.6637,6.5498,5.6180,9.0053,7.5817,6
2459704.839907,2.2228,4.4266,6.5498,5.6180,9.0053,7.5817,6
2459704.856587,9.8218,10.8573,6.5498,5.6180,9.0053,7.5817,6
2459704.873637,0.9049,6.5372,6.5498,5.6180,9.0053,7.5817,6
2459704.907267,-9.3370,0.7984,6.5498,5.6180,9.0053,7.5817,6
2459705.655287,-2.9138,10.8955,6.5498,5.6180,9.0053,7.5817,6
2459705.791977,-6.4069,12.0669,6.5498,5.6180,9.0053,7.5817,6
2459705.825887,-0.9898,2.9629,6.5498,5.6180,9.0053,7.5817,6
2459705.870627,-19.9092,9.4578,6.5498,5.6180,9.0053,7.5817,6
2459706.686397,-12.8771,-3.4500,6.5498,5.6180,9.0053,7.5817,6
2459706.704317,-2.2710,3.4398,6.5498,5.6180,9.0053,7.5817,6
2459706.721657,0.1600,7.7316,6.5498,5.6180,9.0053,7.5817,6
2459706.744237,7.8383,-1.4962,6.5498,5.6180,9.0053,7.5817,6
2459706.773477,-3.6551,-4.0409,6.5498,5.6180,9.0053,7.5817,6
2459706.792347,-1.1254,2.7499,6.5498,5.6180,9.0053,7.5817,6
2459706.809407,-2.5786,-1.7565,6.5498,5.6180,9.0053,7.5817,6
2459706.826957,7.7037,5.5643,6.5498,5.6180,9.0053,7.5817,6
2459706.844077,-2.8925,9.6331,6.5498,5.6180,9.0053,7.5817,6
2459706.860927,2.1085,9.8062,6.5498,5.6180,9.0053,7.5817,6
2459706.889467,4.6435,2.2553,6.5498,5.6180,9.0053,7.5817,6
2459706.906137,-6.0533,6.7349,6.5498,5.6180,9.0053,7.5817,6
2459708.709297,-7.4302,0.7203,6.5498,5.6180,9.0053,7.5817,6
2459708.726987,1.8505,3.0515,6.5498,5.6180,9.0053,7.5817,6
2459708.765467,-11.8437,-3.2066,6.5498,5.6180,9.0053,7.5817,6
2459708.849337,0.9807,1.6492,6.5498,5.6180,9.0053,7.5817,6
2459708.866487,-4.8189,8.3891,6.5498,5.6180,9.0053,7.5817,6
2459708.883587,-18.1328,9.4858,6.5498,5.6180,9.0053,7.5817,6
2459709.686137,-14.8700,-5.2164,6.5498,5.6180,9.0053,7.5817,6
2459709.707917,-19.1952,-1.8148,6.5498,5.6180,9.0053,7.5817,6
2459709.725157,3.3876,-6.9195,6.5498,5.6180,9.0053,7.5817,6
2459709.752937,-0.3443,10.6230,6.5498,5.6180,9.0053,7.5817,6
2459709.770587,8.4475,6.9976,6.5498,5.6180,9.0053,7.5817,6
2459709.787547,1.1901,6.8179,6.5498,5.6180,9.0053,7.5817,6
2459709.804937,-7.7866,1.3561,6.5498,5.6180,9.0053,7.5817,6
2459709.821867,0.2050,4.0247,6.5498,5.6180,9.0053,7.5817,6
2459709.865457,0.3354,6.2174,6.5498,5.6180,9.0053,7.5817,6
2459709.882457,-2.0690,8.4598,6.5498,5.6180,9.0053,7.5817,6
2459709.899767,-1.2090,3.9870,6.5498,5.6180,9.0053,7.5817,6
2459709.916517,-3.2168,4.3339,6.5498,5.6180,9.0053,7.5817,6
2459710.780577,9.9880,9.6983,6.5498,5.6180,9.0053,7.5817,6
2459710.797567,-3.6342,13.2056,6.5498,5.6180,9.0053,7.5817,6
2459710.814517,4.4844,8.0485,6.5498,5.6180,9.0053,7.5817,6
2459710.930757,-8.5221,11.4085,6.5498,5.6180,9.0053,7.5817,6
2459711.667937,-10.1528,-9.5432,6.5498,5.6180,9.0053,7.5817,6
2459711.685477,-5.6496,1.1868,6.5498,5.6180,9.0053,7.5817,6
2459711.702457,3.8909,1.0547,6.5498,5.6180,9.0053,7.5817,6
2459711.721607,-2.1323,-3.9565,6.5498,5.6180,9.0053,7.5817,6
2459711.739487,2.0293,0.8626,6.5498,5.6180,9.0053,7.5817,6
2459711.767027,3.1130,1.3911,6.5498,5.6180,9.0053,7.5817,6
2459711.797447,-4.8519,0.5422,6.5498,5.6180,9.0053,7.5817,6
2459711.816417,-3.9302,4.1545,6.5498,5.6180,9.0053,7.5817,6
2459711.833727,-8.5393,10.0531,6.5498,5.6180,9.0053,7.5817,6
2459711.850407,-4.4815,6.1897,6.5498,5.6180,9.0053,7.5817,6
2459711.867657,-7.3587,4.7218,6.5498,5.6180,9.0053,7.5817,6
2459711.899107,-2.1578,7.2547,6.5498,5.6180,9.0053,7.5817,6
2459711.917517,-2.9943,13.8102,6.5498,5.6180,9.0053,7.5817,6
2459712.653337,-2.4541,5.9264,6.5498,5.6180,9.0053,7.5817,6
2459712.700427,-0.0315,4.3579,6.5498,5.6180,9.0053,7.5817,6
2459712.717947,8.4425,2.5848,6.5498,5.6180,9.0053,7.5817,6
2459712.753687,-3.0842,12.8020,6.5498,5.6180,9.0053,7.5817,6
2459712.757947,4.6768,2.8585,6.5498,5.6180,9.0053,7.5817,6
2459712.900117,-0.8781,13.1711,6.5498,5.6180,9.0053,7.5817,6
2459712.919477,-5.1053,11.3193,6.5498,5.6180,9.0053,7.5817,6
2459713.843057,3.2770,2.3203,6.5498,5.6180,9.0053,7.5817,6
2459713.860167,-6.2880,5.0428,6.5498,5.6180,9.0053,7.5817,6
2459713.887427,4.0065,7.1737,6.5498,5.6180,9.0053,7.5817,6
2459713.904437,-1.6489,11.0799,6.5498,5.6180,9.0053,7.5817,6
2459713.921057,-9.4087,12.0077,6.5498,5.6180,9.0053,7.5817,6
2459714.689787,-13.7743,-0.4358,6.5498,5.6180,9.0053,7.5817,6
2459714.708597,-7.0013,2.0223,6.5498,5.6180,9.0053,7.5817,6
2459714.729447,-4.2164,0.1822,6.5498,5.6180,9.0053,7.5817,6
2459714.746797,-5.0650,7.1273,6.5498,5.6180,9.0053,7.5817,6
2459714.820447,-5.1720,0.7987,6.5498,5.6180,9.0053,7.5817,6
2459714.837737,-3.9460,5.5141,6.5498,5.6180,9.0053,7.5817,6
2459714.854937,9.7764,-2.1461,6.5498,5.6180,9.0053,7.5817,6
2459714.871867,-0.9686,5.1479,6.5498,5.6180,9.0053,7.5817,6
2459714.899477,-4.6591,11.9319,6.5498,5.6180,9.0053,7.5817,6
2459714.916297,-6.5616,-2.1996,6.5498,5.6180,9.0053,7.5817,6
2459715.635687,-13.6079,-6.3122,6.5498,5.6180,9.0053,7.5817,6
2459715.682247,-2.2093,-7.4667,6.5498,5.6180,9.0053,7.5817,6
2459715.735357,-0.2626,-5.1924,6.5498,5.6180,9.0053,7.5817,6
2459715.781857,-5.9923,-7.4701,6.5498,5.6180,9.0053,7.5817,6
2459715.798697,2.1236,10.9160,6.5498,5.6180,9.0053,7.5817,6
2459715.815337,5.6277,5.3255,6.5498,5.6180,9.0053,7.5817,6
2459715.832057,-2.5611,4.1908,6.5498,5.6180,9.0053,7.5817,6
2459715.848747,2.7383,1.2419,6.5498,5.6180,9.0053,7.5817,6
2459715.879307,-4.0340,7.0009,6.5498,5.6180,9.0053,7.5817,6
2459715.895987,4.8398,5.3570,6.5498,5.6180,9.0053,7.5817,6
2459715.915627,6.5698,1.6496,6.5498,5.6180,9.0053,7.5817,6
2459716.699797,-2.9594,-5.8188,6.5498,5.6180,9.0053,7.5817,6
2459716.745727,0.3932,-1.4609,6.5498,5.6180,9.0053,7.5817,6
2459716.773437,-0.7093,-4.5494,6.5498,5.6180,9.0053,7.5817,6
2459716.790387,0.7097,-0.5955,6.5498,5.6180,9.0053,7.5817,6
2459719.680437,-1.6136,-10.6602,6.5498,5.6180,9.0053,7.5817,6
2459719.743107,3.9702,2.1173,6.5498,5.6180,9.0053,7.5817,6
2459719.760527,4.8454,-2.4962,6.5498,5.6180,9.0053,7.5817,6
2459719.822577,6.2578,7.5507,6.5498,5.6180,9.0053,7.5817,6
2459719.850387,0.5376,1.4628,6.5498,5.6180,9.0053,7.5817,6
2459719.867237,-1.2549,5.6444,6.5498,5.6180,9.0053,7.5817,6
2459719.886787,-3.9163,-1.2761,6.5498,5.6180,9.0053,7.5817,6
2459720.649517,-14.7909,-3.9444,6.5498,5.6180,9.0053,7.5817,6
2459720.740577,-12.9288,4.1254,6.5498,5.6180,9.0053,7.5817,6
2459720.774597,-5.4055,-3.2052,6.5498,5.6180,9.0053,7.5817,6
2459721.618937,-0.1614,9.5457,6.5498,5.6180,9.0053,7.5817,6
2459721.689767,0.2989,-8.6503,6.5498,5.6180,9.0053,7.5817,6
2459721.717987,-4.6935,-6.4561,6.5498,5.6180,9.0053,7.5817,6
2459721.776537,-6.9156,-5.6165,6.5498,5.6180,9.0053,7.5817,6
2459721.793417,-12.7803,-2.0448,6.5498,5.6180,9.0053,7.5817,6
2459721.820537,-1.6031,6.4858,6.5498,5.6180,9.0053,7.5817,6
2459721.837217,-1.9650,-1.3039,6.5498,5.6180,9.0053,7.5817,6
2459721.853847,-8.5328,8.0135,6.5498,5.6180,9.0053,7.5817,6
2459721.870507,4.8397,0.7915,6.5498,5.6180,9.0053,7.5817,6
2459721.887437,1.5332,-2.8135,6.5498,5.6180,9.0053,7.5817,6
2459721.914997,-7.1530,1.0859,6.5498,5.6180,9.0053,7.5817,6
2459721.931467,8.4041,8.5282,6.5498,5.6180,9.0053,7.5817,6
2459722.666737,-12.6571,2.4353,6.5498,5.6180,9.0053,7.5817,6
2459722.701747,2.1067,-3.3814,6.5498,5.6180,9.0053,7.5817,6
2459722.738677,9.1480,5.8483,6.5498,5.6180,9.0053,7.5817,6
2459722.755367,1.7857,4.6678,6.5498,5.6180,9.0053,7.5817,6
2459722.782627,-5.8043,1.0096,6.5498,5.6180,9.0053,7.5817,6
2459722.799357,-10.9066,-1.3254,6.5498,5.6180,9.0053,7.5817,6
2459722.815787,-0.3160,11.7719,6.5498,5.6180,9.0053,7.5817,6
2459722.849337,-0.9792,1.2661,6.5498,5.6180,9.0053,7.5817,6
2459722.924517,7.4923,6.4349,6.5498,5.6180,9.0053,7.5817,6
2459723.604397,7.1061,-5.7542,6.5498,5.6180,9.0053,7.5817,6
2459723.667217,-17.1236,1.9498,6.5498,5.6180,9.0053,7.5817,6
2459723.685097,-11.1708,5.2015,6.5498,5.6180,9.0053,7.5817,6
2459723.719927,-1.2529,-0.5217,6.5498,5.6180,9.0053,7.5817,6
2459723.799857,-3.8128,9.8476,6.5498,5.6180,9.0053,7.5817,6
2459723.816627,-1.6761,14.7795,6.5498,5.6180,9.0053,7.5817,6
2459723.833537,-4.0049,2.2617,6.5498,5.6180,9.0053,7.5817,6
2459723.850157,-4.0391,-4.7009,6.5498,5.6180,9.0053,7.5817,6
2459723.877007,-3.5960,4.0173,6.5498,5.6180,9.0053,7.5817,6
2459723.911157,-1.3329,13.6589,6.5498,5.6180,9.0053,7.5817,6
2459724.637437,1.8297,-5.7406,6.5498,5.6180,9.0053,7.5817,6
2459724.739537,3.5231,-2.4346,6.5498,5.6180,9.0053,7.5817,6
2459724.773627,-0.4114,9.4136,6.5498,5.6180,9.0053,7.5817,6
2459724.846757,2.2340,15.1184,6.5498,5.6180,9.0053,7.5817,6
2459724.913517,2.3779,3.1204,6.5498,5.6180,9.0053,7.5817,6
2459725.631147,4.5940,3.3014,6.5498,5.6180,9.0053,7.5817,6
2459725.675297,9.8086,-9.9618,6.5498,5.6180,9.0053,7.5817,6
2459725.702887,2.4752,-2.5148,6.5498,5.6180,9.0053,7.5817,6
2459725.719887,-5.3553,-3.9216,6.5498,5.6180,9.0053,7.5817,6
2459725.754967,2.1692,10.9922,6.5498,5.6180,9.0053,7.5817,6
2459725.772227,-0.1040,1.9831,6.5498,5.6180,9.0053,7.5817,6
2459725.834397,-5.0662,8.9505,6.5498,5.6180,9.0053,7.5817,6
2459725.855627,6.3443,3.7609,6.5498,5.6180,9.0053,7.5817,6
2459725.875457,-3.8338,6.7796,6.5498,5.6180,9.0053,7.5817,6
2459725.891047,8.3208,7.9952,6.5498,5.6180,9.0053,7.5817,6
2459725.908077,-8.9212,-5.1520,6.5498,5.6180,9.0053,7.5817,6
2459726.659097,-7.6412,2.0761,6.5498,5.6180,9.0053,7.5817,6
2459726.676967,-5.0689,2.0222,6.5498,5.6180,9.0053,7.5817,6
2459726.705367,-10.3271,-2.5261,6.5498,5.6180,9.0053,7.5817,6
2459726.722727,5.9915,8.1430,6.5498,5.6180,9.0053,7.5817,6
2459726.740167,-1.3636,6.0643,6.5498,5.6180,9.0053,7.5817,6
2459726.757227,-9.1267,3.9450,6.5498,5.6180,9.0053,7.5817,6
2459726.774397,-0.4237,-4.4793,6.5498,5.6180,9.0053,7.5817,6
2459726.836077,-2.2039,9.4423,6.5498,5.6180,9.0053,7.5817,6
2459726.855257,-0.9271,11.6552,6.5498,5.6180,9.0053,7.5817,6
2459726.871517,-1.5545,14.0456,6.5498,5.6180,9.0053,7.5817,6
2459726.888407,-4.2886,-1.8265,6.5498,5.6180,9.0053,7.5817,6
2459727.609267,-0.9513,-11.1617,6.5498,5.6180,9.0053,7.5817,6
2459727.633427,-12.0673,-0.1475,6.5498,5.6180,9.0053,7.5817,6
2459727.652887,-0.6759,-9.2216,6.5498,5.6180,9.0053,7.5817,6
2459727.683527,1.5978,3.3445,6.5498,5.6180,9.0053,7.5817,6
2459727.700817,-8.2153,2.2021,6.5498,5.6180,9.0053,7.5817,6
2459727.721227,0.8312,11.2224,6.5498,5.6180,9.0053,7.5817,6
2459727.738407,-0.4442,3.4135,6.5498,5.6180,9.0053,7.5817,6
2459727.755257,2.6684,-0.3482,6.5498,5.6180,9.0053,7.5817,6
2459727.786277,-3.3752,2.9168,6.5498,5.6180,9.0053,7.5817,6
2459727.820167,5.2732,7.0882,6.5498,5.6180,9.0053,7.5817,6
2459727.844017,-3.7505,10.4700,6.5498,5.6180,9.0053,7.5817,6
2459727.861787,-4.1783,4.1618,6.5498,5.6180,9.0053,7.5817,6
2459727.906017,9.0152,8.6405,6.5498,5.6180,9.0053,7.5817,6
2459736.758317,-13.2868,-0.7237,6.5498,5.6180,9.0053,7.5817,6
2459736.782807,-13.0252,8.7959,6.5498,5.6180,9.0053,7.5817,6
2459736.813827,-0.5017,-0.4644,6.5498,5.6180,9.0053,7.5817,6
2459736.838787,10.1638,-4.0502,6.5498,5.6180,9.0053,7.5817,6
2459737.655997,-19.2000,-11.3201,6.5498,5.6180,9.0053,7.5817,6
2459737.728457,-19.5461,15.1538,6.5498,5.6180,9.0053,7.5817,6
2459737.745617,-6.3233,4.0176,6.5498,5.6180,9.0053,7.5817,6
2459737.762937,-6.7310,4.0104,6.5498,5.6180,9.0053,7.5817,6
2459737.780147,4.4629,-8.6864,6.5498,5.6180,9.0053,7.5817,6
2459739.861577,5.3296,16.0700,6.5498,5.6180,9.0053,7.5817,6
2459739.878737,-2.0397,14.6364,6.5498,5.6180,9.0053,7.5817,6
2459740.612057,2.7411,5.4843,6.5498,5.6180,9.0053,7.5817,6
2459740.629447,4.7385,-4.7356,6.5498,5.6180,9.0053,7.5817,6
2459740.650657,-13.0407,-7.0944,6.5498,5.6180,9.0053,7.5817,6
2459740.667977,-1.2001,7.3000,6.5498,5.6180,9.0053,7.5817,6
2459740.684927,-8.1032,14.4480,6.5498,5.6180,9.0053,7.5817,6
2459740.732417,-9.3218,5.6623,6.5498,5.6180,9.0053,7.5817,6
2459740.749497,-4.7403,6.0457,6.5498,5.6180,9.0053,7.5817,6
2459740.766727,-3.5146,0.1145,6.5498,5.6180,9.0053,7.5817,6
2459740.788547,-0.5237,2.7651,6.5498,5.6180,9.0053,7.5817,6
2459740.805317,0.5861,12.0551,6.5498,5.6180,9.0053,7.5817,6
2459740.839327,-0.5569,12.7040,6.5498,5.6180,9.0053,7.5817,6
2459740.860017,0.2597,12.5665,6.5498,5.6180,9.0053,7.5817,6
2459740.877257,0.1923,7.1429,6.5498,5.6180,9.0053,7.5817,6
2459741.886037,-5.6437,15.0150,6.5498,5.6180,9.0053,7.5817,6
2459742.616937,-7.1258,-2.2233,6.5498,5.6180,9.0053,7.5817,6
2459742.651687,2.4236,18.8700,6.5498,5.6180,9.0053,7.5817,6
2459742.669547,11.9113,1.3148,6.5498,5.6180,9.0053,7.5817,6
2459742.686737,-3.8148,15.6679,6.5498,5.6180,9.0053,7.5817,6
2459742.715197,0.0523,5.3086,6.5498,5.6180,9.0053,7.5817,6
2459742.732377,-0.3555,24.0796,6.5498,5.6180,9.0053,7.5817,6
2459742.748867,-11.2366,10.7199,6.5498,5.6180,9.0053,7.5817,6
2459742.850827,4.5230,-3.3002,6.5498,5.6180,9.0053,7.5817,6
2459742.867587,-3.9696,13.4775,6.5498,5.6180,9.0053,7.5817,6
2459742.884687,-5.1617,7.9822,6.5498,5.6180,9.0053,7.5817,6
2459742.886197,0.7678,-3.9719,6.5498,5.6180,9.0053,7.5817,6
2459743.678507,0.7101,9.8442,6.5498,5.6180,9.0053,7.5817,6
2459743.706527,1.7139,-1.6538,6.5498,5.6180,9.0053,7.5817,6
2459748.618757,4.3509,-10.7640,6.5498,5.6180,9.0053,7.5817,6
2459748.636057,13.5981,5.7018,6.5498,5.6180,9.0053,7.5817,6
2459748.655187,12.1443,-2.5803,6.5498,5.6180,9.0053,7.5817,6
2459748.823657,15.5243,5.3747,6.5498,5.6180,9.0053,7.5817,6
2459748.840457,-0.0816,4.3360,6.5498,5.6180,9.0053,7.5817,6
2459748.857527,10.6898,15.1834,6.5498,5.6180,9.0053,7.5817,6
2459749.565947,-17.1716,-2.9438,6.5498,5.6180,9.0053,7.5817,6
2459749.583187,0.9706,1.7302,6.5498,5.6180,9.0053,7.5817,6
2459749.600407,2.4580,0.2019,6.5498,5.6180,9.0053,7.5817,6
2459749.638507,-3.5957,0.9222,6.5498,5.6180,9.0053,7.5817,6
2459749.669987,-8.9819,3.3945,6.5498,5.6180,9.0053,7.5817,6
2459749.697677,-2.9943,-1.5672,6.5498,5.6180,9.0053,7.5817,6
2459749.715157,-2.7990,-1.6579,6.5498,5.6180,9.0053,7.5817,6
2459749.732187,-1.7274,-2.6991,6.5498,5.6180,9.0053,7.5817,6
2459749.749867,13.9334,5.2316,6.5498,5.6180,9.0053,7.5817,6
2459749.777597,-6.0119,-2.5299,6.5498,5.6180,9.0053,7.5817,6
2459749.795997,-11.3954,8.5525,6.5498,5.6180,9.0053,7.5817,6
2459749.813107,1.1459,9.7211,6.5498,5.6180,9.0053,7.5817,6
2459749.829957,-0.4396,10.8622,6.5498,5.6180,9.0053,7.5817,6
2459749.846307,3.9238,13.6670,6.5498,5.6180,9.0053,7.5817,6
2459749.863207,2.5879,12.0761,6.5498,5.6180,9.0053,7.5817,6
2459749.866467,-10.4492,4.2024,6.5498,5.6180,9.0053,7.5817,6
2459750.566157,-23.9891,-20.0734,6.5498,5.6180,9.0053,7.5817,6
2459750.658077,-8.4709,-20.3273,6.5498,5.6180,9.0053,7.5817,6
2459750.675207,7.3203,3.1547,6.5498,5.6180,9.0053,7.5817,6
2459750.696437,7.1911,23.5345,6.5498,5.6180,9.0053,7.5817,6
2459750.812047,-6.0014,16.6765,6.5498,5.6180,9.0053,7.5817,6
2459750.833257,-0.5232,7.4942,6.5498,5.6180,9.0053,7.5817,6
2459750.864437,-12.5815,-13.5807,6.5498,5.6180,9.0053,7.5817,6
2459751.638607,-19.8408,25.2426,6.5498,5.6180,9.0053,7.5817,6
2459751.746107,-4.3611,5.9996,6.5498,5.6180,9.0053,7.5817,6
2459751.771007,-4.6484,14.4590,6.5498,5.6180,9.0053,7.5817,6
2459751.791537,1.8540,6.0501,6.5498,5.6180,9.0053,7.5817,6
2459751.808277,8.8595,-5.0190,6.5498,5.6180,9.0053,7.5817,6
2459755.591087,1.0948,-10.6154,6.5498,5.6180,9.0053,7.5817,6
2459755.611887,5.6015,-6.5797,6.5498,5.6180,9.0053,7.5817,6
2459755.630627,-11.9363,-14.5787,6.5498,5.6180,9.0053,7.5817,6
2459755.647877,-4.5488,9.8592,6.5498,5.6180,9.0053,7.5817,6
2459755.677117,-24.4518,-6.3754,6.5498,5.6180,9.0053,7.5817,6
2459755.729307,4.3093,21.7059,6.5498,5.6180,9.0053,7.5817,6
2459755.748407,-0.5146,-12.8593,6.5498,5.6180,9.0053,7.5817,6
2459755.776547,-10.3304,21.2925,6.5498,5.6180,9.0053,7.5817,6
2459755.804467,-22.4700,23.1139,6.5498,5.6180,9.0053,7.5817,6
2459755.821337,-9.1558,7.4152,6.5498,5.6180,9.0053,7.5817,6
2459758.589467,-14.7809,0.9329,6.5498,5.6180,9.0053,7.5817,6
2459759.535737,-21.9474,-8.8384,6.5498,5.6180,9.0053,7.5817,6
2459759.565077,-4.8896,3.9268,6.5498,5.6180,9.0053,7.5817,6
2459759.581977,4.6885,0.3421,6.5498,5.6180,9.0053,7.5817,6
2459759.603277,-3.0648,1.7118,6.5498,5.6180,9.0053,7.5817,6
2459759.620257,4.4186,0.1952,6.5498,5.6180,9.0053,7.5817,6
2459759.641087,1.5288,4.5536,6.5498,5.6180,9.0053,7.5817,6
2459759.668557,8.1368,3.2404,6.5498,5.6180,9.0053,7.5817,6
2459759.685297,3.8967,-9.5447,6.5498,5.6180,9.0053,7.5817,6
2459759.702627,3.6303,11.7113,6.5498,5.6180,9.0053,7.5817,6
2459759.744427,-3.9998,14.2397,6.5498,5.6180,9.0053,7.5817,6
2459759.771907,4.6560,9.3386,6.5498,5.6180,9.0053,7.5817,6
2459759.792797,1.8503,7.1195,6.5498,5.6180,9.0053,7.5817,6
2459759.806567,7.6617,2.5021,6.5498,5.6180,9.0053,7.5817,6
2459759.823867,-0.0176,17.1645,6.5498,5.6180,9.0053,7.5817,6
2459759.839437,-7.5387,9.4219,6.5498,5.6180,9.0053,7.5817,6
2459760.519067,7.1795,-3.2458,6.5498,5.6180,9.0053,7.5817,6
2459760.536397,-2.7048,-5.7218,6.5498,5.6180,9.0053,7.5817,6
2459760.564257,2.5859,3.3696,6.5498,5.6180,9.0053,7.5817,6
2459760.581577,2.2356,1.1398,6.5498,5.6180,9.0053,7.5817,6
2459760.598907,-5.0964,-0.0065,6.5498,5.6180,9.0053,7.5817,6
2459760.616377,4.0232,5.2204,6.5498,5.6180,9.0053,7.5817,6
2459760.633877,-6.5038,-4.4017,6.5498,5.6180,9.0053,7.5817,6
2459760.661597,5.7266,3.4374,6.5498,5.6180,9.0053,7.5817,6
2459760.678877,-5.4975,1.5684,6.5498,5.6180,9.0053,7.5817,6
2459760.696157,-7.3940,-5.1350,6.5498,5.6180,9.0053,7.5817,6
2459760.717977,-0.6157,15.2238,6.5498,5.6180,9.0053,7.5817,6
2459760.774167,1.7219,-4.8312,6.5498,5.6180,9.0053,7.5817,6
2459760.790647,4.1807,10.2740,6.5498,5.6180,9.0053,7.5817,6
2459760.807087,0.5622,10.5020,6.5498,5.6180,9.0053,7.5817,6
2459760.835807,-25.7907,7.7695,6.5498,5.6180,9.0053,7.5817,6
2459761.554767,4.1317,17.9140,6.5498,5.6180,9.0053,7.5817,6
2459761.572767,3.9020,-16.5882,6.5498,5.6180,9.0053,7.5817,6
2459761.608097,1.4330,-9.4625,6.5498,5.6180,9.0053,7.5817,6
2459761.644347,-1.5146,-18.2660,6.5498,5.6180,9.0053,7.5817,6
2459761.688977,13.1067,-7.3458,6.5498,5.6180,9.0053,7.5817,6
2459761.712037,0.6154,14.5276,6.5498,5.6180,9.0053,7.5817,6
2459761.733027,-16.9360,9.7338,6.5498,5.6180,9.0053,7.5817,6
2459761.782867,6.6969,-5.4232,6.5498,5.6180,9.0053,7.5817,6
2459761.816677,8.2369,5.7239,6.5498,5.6180,9.0053,7.5817,6
2459761.833587,4.1003,3.1535,6.5498,5.6180,9.0053,7.5817,6
2459762.699607,0.4978,1.2235,6.5498,5.6180,9.0053,7.5817,6
2459762.733897,3.5148,-13.4262,6.5498,5.6180,9.0053,7.5817,6
2459762.761187,12.5941,-22.0556,6.5498,5.6180,9.0053,7.5817,6
2459762.777867,7.1958,-15.0754,6.5498,5.6180,9.0053,7.5817,6
2459762.794727,2.0128,3.2951,6.5498,5.6180,9.0053,7.5817,6
2459763.526407,6.5416,-20.6352,6.5498,5.6180,9.0053,7.5817,6
2459763.543417,-9.2346,-13.5071,6.5498,5.6180,9.0053,7.5817,6
2459763.612887,16.9385,-11.0369,6.5498,5.6180,9.0053,7.5817,6
2459763.648047,3.7261,-4.5627,6.5498,5.6180,9.0053,7.5817,6
2459763.669077,3.7732,-0.7646,6.5498,5.6180,9.0053,7.5817,6
2459763.686167,10.7007,-11.7666,6.5498,5.6180,9.0053,7.5817,6
2459763.703487,-4.9647,-0.3336,6.5498,5.6180,9.0053,7.5817,6
2459763.752767,-22.9099,-11.3658,6.5498,5.6180,9.0053,7.5817,6
2459763.769687,-4.2755,18.0991,6.5498,5.6180,9.0053,7.5817,6
2459763.786547,1.0208,-5.2244,6.5498,5.6180,9.0053,7.5817,6
2459763.803137,4.4208,-0.0458,6.5498,5.6180,9.0053,7.5817,6
2459763.827597,-1.2863,11.0178,6.5498,5.6180,9.0053,7.5817,6
2459764.531427,-21.3504,1.0482,6.5498,5.6180,9.0053,7.5817,6
2459764.676917,-2.2043,6.6294,6.5498,5.6180,9.0053,7.5817,6
2459764.721837,11.6023,13.1587,6.5498,5.6180,9.0053,7.5817,6
2459764.743207,11.9335,-4.6503,6.5498,5.6180,9.0053,7.5817,6
2459764.759927,3.9348,-6.6066,6.5498,5.6180,9.0053,7.5817,6
2459765.518747,-2.7200,-8.8804,6.5498,5.6180,9.0053,7.5817,6
2459765.536107,-17.2486,-19.9914,6.5498,5.6180,9.0053,7.5817,6
2459765.553557,1.4075,5.1285,6.5498,5.6180,9.0053,7.5817,6
2459765.570897,3.8810,-14.5461,6.5498,5.6180,9.0053,7.5817,6
2459765.616517,-19.2328,6.1681,6.5498,5.6180,9.0053,7.5817,6
2459765.634247,2.8440,-4.3025,6.5498,5.6180,9.0053,7.5817,6
2459765.651497,-2.4137,-9.8932,6.5498,5.6180,9.0053,7.5817,6
2459765.668857,7.7615,2.7984,6.5498,5.6180,9.0053,7.5817,6
2459765.695627,-0.4061,-2.9652,6.5498,5.6180,9.0053,7.5817,6
2459765.712867,-0.0572,-7.1180,6.5498,5.6180,9.0053,7.5817,6
2459765.729777,6.3138,1.5720,6.5498,5.6180,9.0053,7.5817,6
2459765.754587,5.6609,5.7906,6.5498,5.6180,9.0053,7.5817,6
2459765.771847,-1.9924,19.7753,6.5498,5.6180,9.0053,7.5817,6
2459765.803867,9.4718,1.0971,6.5498,5.6180,9.0053,7.5817,6
2459765.821157,-5.2285,9.9319,6.5498,5.6180,9.0053,7.5817,6
2459766.546547,15.3723,-16.1611,6.5498,5.6180,9.0053,7.5817,6
2459766.633147,3.4651,-1.5707,6.5498,5.6180,9.0053,7.5817,6
2459766.667467,-0.0507,2.7178,6.5498,5.6180,9.0053,7.5817,6
2459766.712947,1.7963,-6.0584,6.5498,5.6180,9.0053,7.5817,6
2459766.729727,17.4473,-1.4804,6.5498,5.6180,9.0053,7.5817,6
2459766.746657,8.4954,1.2721,6.5498,5.6180,9.0053,7.5817,6
2459766.791277,-21.3636,18.7714,6.5498,5.6180,9.0053,7.5817,6
2459766.810807,8.7251,2.4991,6.5498,5.6180,9.0053,7.5817,6
2459767.486677,-4.9172,10.4664,6.5498,5.6180,9.0053,7.5817,6
2459767.503987,-13.3531,4.8339,6.5498,5.6180,9.0053,7.5817,6
2459767.549517,1.2221,-4.2595,6.5498,5.6180,9.0053,7.5817,6
2459767.604977,-18.0631,-1.9443,6.5498,5.6180,9.0053,7.5817,6
2459767.643157,-4.8342,-6.6140,6.5498,5.6180,9.0053,7.5817,6
2459767.671477,-22.2528,-6.8513,6.5498,5.6180,9.0053,7.5817,6
2459767.690527,-7.1327,-3.4723,6.5498,5.6180,9.0053,7.5817,6
2459767.724967,11.7771,2.4927,6.5498,5.6180,9.0053,7.5817,6
2459767.769957,-3.5043,-13.0153,6.5498,5.6180,9.0053,7.5817,6
2459767.786877,-0.5750,-3.5076,6.5498,5.6180,9.0053,7.5817,6
2459767.803877,-20.7754,-16.9569,6.5498,5.6180,9.0053,7.5817,6
2459769.531277,2.3388,19.9371,6.5498,5.6180,9.0053,7.5817,6
2459769.548827,-3.0081,6.6608,6.5498,5.6180,9.0053,7.5817,6
2459769.565817,3.1630,2.1934,6.5498,5.6180,9.0053,7.5817,6
2459769.583177,3.6329,-12.7684,6.5498,5.6180,9.0053,7.5817,6
2459769.615597,9.0595,-17.5497,6.5498,5.6180,9.0053,7.5817,6
2459769.646347,-10.8213,0.9155,6.5498,5.6180,9.0053,7.5817,6
2459769.685307,-1.8909,-0.0851,6.5498,5.6180,9.0053,7.5817,6
2459769.702917,-19.9321,2.3538,6.5498,5.6180,9.0053,7.5817,6
2459769.719927,8.2176,2.0082,6.5498,5.6180,9.0053,7.5817,6
2459788.661147,-2.0352,3.1087,6.5498,5.6180,9.0053,7.5817,6
2459788.716847,-13.3254,15.8806,6.5498,5.6180,9.0053,7.5817,6
2459789.604017,-17.2285,-13.5298,6.5498,5.6180,9.0053,7.5817,6
2459789.661757,-24.9689,-17.8732,6.5498,5.6180,9.0053,7.5817,6
2459789.695057,-27.5613,11.7459,6.5498,5.6180,9.0053,7.5817,6
2459789.712047,-14.6288,14.7641,6.5498,5.6180,9.0053,7.5817,6
2459789.728817,-29.7929,7.7140,6.5498,5.6180,9.0053,7.5817,6
2459789.746067,-18.3418,6.5427,6.5498,5.6180,9.0053,7.5817,6
2459791.486927,-24.4032,-2.2307,6.5498,5.6180,9.0053,7.5817,6
2459791.642097,-17.9097,-12.5982,6.5498,5.6180,9.0053,7.5817,6
2459791.669287,4.4941,4.2415,6.5498,5.6180,9.0053,7.5817,6
2459791.686007,-27.1251,-4.9482,6.5498,5.6180,9.0053,7.5817,6
2459791.702687,-26.2202,-0.7640,6.5498,5.6180,9.0053,7.5817,6
2459791.723587,-14.3909,-13.9049,6.5498,5.6180,9.0053,7.5817,6
2459792.488387,-19.6825,-0.9864,6.5498,5.6180,9.0053,7.5817,6
2459792.506057,-2.4688,-6.4862,6.5498,5.6180,9.0053,7.5817,6
2459792.523367,4.4341,0.0841,6.5498,5.6180,9.0053,7.5817,6
2459792.540817,-4.8713,-7.1275,6.5498,5.6180,9.0053,7.5817,6
2459792.560497,1.6069,5.0302,6.5498,5.6180,9.0053,7.5817,6
2459792.592737,8.7477,-2.4758,6.5498,5.6180,9.0053,7.5817,6
2459792.628477,-2.3614,6.1703,6.5498,5.6180,9.0053,7.5817,6
2459792.645567,6.6037,12.2721,6.5498,5.6180,9.0053,7.5817,6
2459792.662917,6.9991,9.0157,6.5498,5.6180,9.0053,7.5817,6
2459792.679767,5.0824,-1.0570,6.5498,5.6180,9.0053,7.5817,6
2459792.734987,5.6026,8.3482,6.5498,5.6180,9.0053,7.5817,6
2459793.481617,4.0832,-2.6918,6.5498,5.6180,9.0053,7.5817,6
2459793.499237,8.7333,-2.3825,6.5498,5.6180,9.0053,7.5817,6
2459793.516647,3.9071,19.3907,6.5498,5.6180,9.0053,7.5817,6
2459793.534347,-2.5319,2.8928,6.5498,5.6180,9.0053,7.5817,6
2459793.562467,10.2152,4.5865,6.5498,5.6180,9.0053,7.5817,6
2459793.579767,-0.7954,11.0426,6.5498,5.6180,9.0053,7.5817,6
2459793.602017,4.9055,6.6004,6.5498,5.6180,9.0053,7.5817,6
2459793.619497,-8.5654,16.4446,6.5498,5.6180,9.0053,7.5817,6
2459793.636927,20.8969,19.2475,6.5498,5.6180,9.0053,7.5817,6
2459793.694907,8.3219,2.8873,6.5498,5.6180,9.0053,7.5817,6
2459793.711927,8.2565,-2.1999,6.5498,5.6180,9.0053,7.5817,6
2459795.576037,13.2999,-12.8008,6.5498,5.6180,9.0053,7.5817,6
2459795.596867,2.1537,7.4358,6.5498,5.6180,9.0053,7.5817,6
2459795.650877,-1.7968,-3.5563,6.5498,5.6180,9.0053,7.5817,6
2459796.481487,12.6527,-14.5341,6.5498,5.6180,9.0053,7.5817,6
2459796.505267,-1.1833,1.3639,6.5498,5.6180,9.0053,7.5817,6
2459796.533047,3.8863,0.7380,6.5498,5.6180,9.0053,7.5817,6
2459796.535767,-1.8435,-1.0278,6.5498,5.6180,9.0053,7.5817,6
2459796.552947,-7.1504,3.6270,6.5498,5.6180,9.0053,7.5817,6
2459796.570217,4.1929,10.5374,6.5498,5.6180,9.0053,7.5817,6
2459796.587507,-4.3442,7.5707,6.5498,5.6180,9.0053,7.5817,6
2459796.606167,-9.9974,6.9030,6.5498,5.6180,9.0053,7.5817,6
2459796.633977,8.0882,5.6793,6.5498,5.6180,9.0053,7.5817,6
2459796.651307,-1.2984,8.2736,6.5498,5.6180,9.0053,7.5817,6
2459796.668907,5.1700,14.5463,6.5498,5.6180,9.0053,7.5817,6
2459796.685967,-9.5115,12.2157,6.5498,5.6180,9.0053,7.5817,6
2459796.704537,-0.2311,6.2521,6.5498,5.6180,9.0053,7.5817,6
2459796.731727,10.9025,5.1547,6.5498,5.6180,9.0053,7.5817,6
2459796.737277,4.9584,8.8286,6.5498,5.6180,9.0053,7.5817,6
2459797.499877,7.5184,-10.3824,6.5498,5.6180,9.0053,7.5817,6
2459797.517777,-0.4346,9.7658,6.5498,5.6180,9.0053,7.5817,6
2459797.535167,4.2032,-2.6607,6.5498,5.6180,9.0053,7.5817,6
2459797.562937,-1.9113,10.2823,6.5498,5.6180,9.0053,7.5817,6
2459797.580237,16.9347,-0.3585,6.5498,5.6180,9.0053,7.5817,6
2459797.597607,3.4254,-2.7556,6.5498,5.6180,9.0053,7.5817,6
2459797.614647,0.1436,6.4638,6.5498,5.6180,9.0053,7.5817,6
2459797.649177,2.6461,16.5210,6.5498,5.6180,9.0053,7.5817,6
2459797.681177,1.5542,-5.2694,6.5498,5.6180,9.0053,7.5817,6
2459797.697747,9.5101,14.1252,6.5498,5.6180,9.0053,7.5817,6
2459804.492697,4.6684,11.9639,6.5498,5.6180,9.0053,7.5817,6
2459804.510447,10.5532,7.9779,6.5498,5.6180,9.0053,7.5817,6
2459804.540367,4.6320,1.2642,6.5498,5.6180,9.0053,7.5817,6
2459804.557477,-10.7105,11.3904,6.5498,5.6180,9.0053,7.5817,6
2459804.615457,-12.7359,2.2345,6.5498,5.6180,9.0053,7.5817,6
2459804.643347,1.5272,6.0757,6.5498,5.6180,9.0053,7.5817,6
2459805.536797,0.8276,-2.3273,6.5498,5.6180,9.0053,7.5817,6
2459805.554657,-0.9073,9.3920,6.5498,5.6180,9.0053,7.5817,6
2459805.572107,2.8440,6.2967,6.5498,5.6180,9.0053,7.5817,6
2459805.589527,1.7088,9.1338,6.5498,5.6180,9.0053,7.5817,6
2459805.616997,1.4045,11.1222,6.5498,5.6180,9.0053,7.5817,6
2459805.633657,-1.4764,4.5602,6.5498,5.6180,9.0053,7.5817,6
2459805.650827,0.2784,7.1829,6.5498,5.6180,9.0053,7.5817,6
2459805.667477,1.6202,13.8414,6.5498,5.6180,9.0053,7.5817,6
2459805.684207,8.7109,3.1264,6.5498,5.6180,9.0053,7.5817,6
2459805.710977,2.0320,10.7487,6.5498,5.6180,9.0053,7.5817,6
2459807.627087,-7.0310,16.9315,6.5498,5.6180,9.0053,7.5817,6
2459807.706167,-11.5590,13.0644,6.5498,5.6180,9.0053,7.5817,6
2459808.495717,3.9932,-2.6424,6.5498,5.6180,9.0053,7.5817,6
2459808.524917,2.8436,16.0024,6.5498,5.6180,9.0053,7.5817,6
2459808.559497,2.4741,12.3719,6.5498,5.6180,9.0053,7.5817,6
2459808.578227,-1.0728,10.6020,6.5498,5.6180,9.0053,7.5817,6
2459808.595277,10.7326,3.9914,6.5498,5.6180,9.0053,7.5817,6
2459808.618147,-1.4925,11.6008,6.5498,5.6180,9.0053,7.5817,6
2459808.646817,11.6041,8.0547,6.5498,5.6180,9.0053,7.5817,6
2459809.557267,5.5816,6.1200,6.5498,5.6180,9.0053,7.5817,6
2459809.577167,-1.6437,9.8647,6.5498,5.6180,9.0053,7.5817,6
2459810.476697,7.4061,6.8475,6.5498,5.6180,9.0053,7.5817,6
2459810.498317,12.4665,1.4645,6.5498,5.6180,9.0053,7.5817,6
2459810.515277,1.7997,9.7127,6.5498,5.6180,9.0053,7.5817,6
2459810.542457,8.4786,6.9114,6.5498,5.6180,9.0053,7.5817,6
2459810.570827,-5.4831,3.9287,6.5498,5.6180,9.0053,7.5817,6
2459810.587857,-2.8662,10.3851,6.5498,5.6180,9.0053,7.5817,6
2459810.611487,0.5198,4.3052,6.5498,5.6180,9.0053,7.5817,6
2459810.629627,1.9137,9.3790,6.5498,5.6180,9.0053,7.5817,6
2459810.647667,-2.6361,17.0833,6.5498,5.6180,9.0053,7.5817,6
2459810.679197,-7.6106,2.1477,6.5498,5.6180,9.0053,7.5817,6
2459810.697647,4.8150,8.1891,6.5498,5.6180,9.0053,7.5817,6
2459811.481837,3.9825,3.1667,6.5498,5.6180,9.0053,7.5817,6
2459811.499287,4.8548,12.5588,6.5498,5.6180,9.0053,7.5817,6
2459811.516277,0.4692,5.1622,6.5498,5.6180,9.0053,7.5817,6
2459811.562527,-2.1843,10.5673,6.5498,5.6180,9.0053,7.5817,6
2459811.581097,-1.7372,8.5443,6.5498,5.6180,9.0053,7.5817,6
2459811.606757,-12.1904,9.3712,6.5498,5.6180,9.0053,7.5817,6
2459811.623647,-2.0154,3.1460,6.5498,5.6180,9.0053,7.5817,6
2459811.646797,-8.3481,9.0530,6.5498,5.6180,9.0053,7.5817,6
2459811.676187,6.6064,3.9662,6.5498,5.6180,9.0053,7.5817,6
2459811.693287,7.3129,10.1989,6.5498,5.6180,9.0053,7.5817,6
2459811.695967,-4.1286,-2.9321,6.5498,5.6180,9.0053,7.5817,6
2459812.488227,3.6941,3.7529,6.5498,5.6180,9.0053,7.5817,6
2459812.506377,5.1561,5.6131,6.5498,5.6180,9.0053,7.5817,6
2459812.523287,-10.0545,-3.8883,6.5498,5.6180,9.0053,7.5817,6
2459812.544357,-4.9255,4.3392,6.5498,5.6180,9.0053,7.5817,6
2459812.576617,-0.7957,2.9181,6.5498,5.6180,9.0053,7.5817,6
2459812.610027,-0.0151,4.8475,6.5498,5.6180,9.0053,7.5817,6
2459812.627067,0.2169,3.0323,6.5498,5.6180,9.0053,7.5817,6
2459812.677917,0.0411,10.7083,6.5498,5.6180,9.0053,7.5817,6
2459812.694907,-2.0376,6.8836,6.5498,5.6180,9.0053,7.5817,6
2459813.484837,1.7444,3.2248,6.5498,5.6180,9.0053,7.5817,6
2459813.520037,-5.5589,10.7349,6.5498,5.6180,9.0053,7.5817,6
2459813.538227,-5.2334,7.7336,6.5498,5.6180,9.0053,7.5817,6
2459813.584247,3.3953,7.9102,6.5498,5.6180,9.0053,7.5817,6
2459813.621647,-10.2881,-3.1499,6.5498,5.6180,9.0053,7.5817,6
2459813.638157,-6.4223,8.9939,6.5498,5.6180,9.0053,7.5817,6
2459813.684947,4.5143,8.9766,6.5498,5.6180,9.0053,7.5817,6
2459814.490347,-1.8314,7.7913,6.5498,5.6180,9.0053,7.5817,6
2459814.507627,-0.8083,13.2667,6.5498,5.6180,9.0053,7.5817,6
2459814.529237,-2.7209,1.8786,6.5498,5.6180,9.0053,7.5817,6
2459814.575997,-4.0826,0.6454,6.5498,5.6180,9.0053,7.5817,6
2459814.657837,-2.1458,5.0637,6.5498,5.6180,9.0053,7.5817,6
2459814.685147,-4.8287,4.2237,6.5498,5.6180,9.0053,7.5817,6
2459814.687827,6.2000,2.5820,6.5498,5.6180,9.0053,7.5817,6
2459815.472247,-1.5588,4.3349,6.5498,5.6180,9.0053,7.5817,6
2459815.490657,0.8071,9.2491,6.5498,5.6180,9.0053,7.5817,6
2459815.509277,-2.9983,13.3921,6.5498,5.6180,9.0053,7.5817,6
2459815.526067,-9.3556,4.6514,6.5498,5.6180,9.0053,7.5817,6
2459815.530517,-4.5368,5.0750,6.5498,5.6180,9.0053,7.5817,6
2459815.550457,-10.4523,13.0720,6.5498,5.6180,9.0053,7.5817,6
2459815.578077,-4.2888,5.9889,6.5498,5.6180,9.0053,7.5817,6
2459815.594677,7.5584,13.5485,6.5498,5.6180,9.0053,7.5817,6
2459816.497627,-0.8014,6.1428,6.5498,5.6180,9.0053,7.5817,6
2459816.531517,-6.1122,6.9640,6.5498,5.6180,9.0053,7.5817,6
2459816.548497,-8.2811,5.9771,6.5498,5.6180,9.0053,7.5817,6
2459816.575897,-2.9794,8.6683,6.5498,5.6180,9.0053,7.5817,6
2459816.592667,3.0179,8.1774,6.5498,5.6180,9.0053,7.5817,6
2459816.624537,-0.3101,0.9595,6.5498,5.6180,9.0053,7.5817,6
2459816.641657,0.7606,10.1274,6.5498,5.6180,9.0053,7.5817,6
2459816.658357,-3.8204,-3.9696,6.5498,5.6180,9.0053,7.5817,6
2459816.679497,0.2009,-0.9355,6.5498,5.6180,9.0053,7.5817,6
2459817.470377,-4.5366,12.9989,6.5498,5.6180,9.0053,7.5817,6
2459817.488407,-7.2241,6.1448,6.5498,5.6180,9.0053,7.5817,6
2459817.518307,-1.2505,7.4262,6.5498,5.6180,9.0053,7.5817,6
2459817.535767,-5.4080,9.5682,6.5498,5.6180,9.0053,7.5817,6
2459817.557067,-8.3063,13.2267,6.5498,5.6180,9.0053,7.5817,6
2459817.574587,-1.1388,10.0854,6.5498,5.6180,9.0053,7.5817,6
2459817.591177,-1.5611,10.4965,6.5498,5.6180,9.0053,7.5817,6
2459817.619197,3.0619,9.7667,6.5498,5.6180,9.0053,7.5817,6
2459817.635797,5.3935,6.4565,6.5498,5.6180,9.0053,7.5817,6
2459817.659467,0.8957,6.2680,6.5498,5.6180,9.0053,7.5817,6
2459817.678197,11.5807,9.1688,6.5498,5.6180,9.0053,7.5817,6
2459818.494867,2.8450,4.5029,6.5498,5.6180,9.0053,7.5817,6
2459818.522427,-6.5929,0.9088,6.5498,5.6180,9.0053,7.5817,6
2459818.539607,-4.3371,0.6907,6.5498,5.6180,9.0053,7.5817,6
2459818.556347,-13.6475,9.3980,6.5498,5.6180,9.0053,7.5817,6
2459818.573727,1.6062,7.3574,6.5498,5.6180,9.0053,7.5817,6
2459818.590737,-9.1230,8.6996,6.5498,5.6180,9.0053,7.5817,6
2459818.607737,-0.5232,6.0535,6.5498,5.6180,9.0053,7.5817,6
2459818.643487,3.1775,1.4642,6.5498,5.6180,9.0053,7.5817,6
2459818.660287,1.3958,4.6154,6.5498,5.6180,9.0053,7.5817,6
2459818.676077,0.6164,12.9730,6.5498,5.6180,9.0053,7.5817,6
2459820.478247,-2.1293,3.4258,6.5498,5.6180,9.0053,7.5817,6
2459820.495327,-4.6812,17.5645,6.5498,5.6180,9.0053,7.5817,6
2459820.512407,-5.2958,18.8248,6.5498,5.6180,9.0053,7.5817,6
2459820.533717,-1.5064,12.0633,6.5498,5.6180,9.0053,7.5817,6
2459820.560937,-6.4737,19.7946,6.5498,5.6180,9.0053,7.5817,6
2459820.588847,5.6446,10.5266,6.5498,5.6180,9.0053,7.5817,6
2459820.609887,-0.1230,11.7486,6.5498,5.6180,9.0053,7.5817,6
2459820.626977,-6.1100,0.7285,6.5498,5.6180,9.0053,7.5817,6
2459820.644327,12.4819,6.9209,6.5498,5.6180,9.0053,7.5817,6
2459820.670667,8.2444,7.0849,6.5498,5.6180,9.0053,7.5817,6
2459821.501317,9.9300,9.0100,6.5498,5.6180,9.0053,7.5817,6
2459821.518377,0.4325,11.5979,6.5498,5.6180,9.0053,7.5817,6
2459821.535457,0.1778,10.6508,6.5498,5.6180,9.0053,7.5817,6
2459821.603887,4.4713,8.9497,6.5498,5.6180,9.0053,7.5817,6
2459822.486837,-3.3299,5.3219,6.5498,5.6180,9.0053,7.5817,6
2459822.514287,-10.9059,13.1937,6.5498,5.6180,9.0053,7.5817,6
2459822.531347,-12.2498,2.8730,6.5498,5.6180,9.0053,7.5817,6
2459822.548027,-3.5888,11.0662,6.5498,5.6180,9.0053,7.5817,6
2459822.565197,-9.0802,17.1647,6.5498,5.6180,9.0053,7.5817,6
2459822.581647,10.0973,17.4886,6.5498,5.6180,9.0053,7.5817,6
2459822.598497,3.5970,15.6726,6.5498,5.6180,9.0053,7.5817,6
2459822.643227,10.8804,-0.7980,6.5498,5.6180,9.0053,7.5817,6
2459822.660307,8.2726,13.4290,6.5498,5.6180,9.0053,7.5817,6
2459822.663047,5.4668,2.4767,6.5498,5.6180,9.0053,7.5817,6
2459823.510987,1.0376,14.5772,6.5498,5.6180,9.0053,7.5817,6
2459824.492357,-0.4714,16.3838,6.5498,5.6180,9.0053,7.5817,6
2459824.512207,2.8388,17.8379,6.5498,5.6180,9.0053,7.5817,6
2459824.529427,2.5561,0.8891,6.5498,5.6180,9.0053,7.5817,6
2459824.560677,-9.3407,9.8470,6.5498,5.6180,9.0053,7.5817,6
2459824.577637,8.9477,10.9671,6.5498,5.6180,9.0053,7.5817,6
2459824.616807,-3.6084,3.5063,6.5498,5.6180,9.0053,7.5817,6
2459824.634057,-1.5298,15.9474,6.5498,5.6180,9.0053,7.5817,6
2459824.651177,12.2108,-0.3406,6.5498,5.6180,9.0053,7.5817,6
2459825.513917,3.8777,-2.3382,6.5498,5.6180,9.0053,7.5817,6
2459825.594647,5.4039,7.6855,6.5498,5.6180,9.0053,7.5817,6
2459826.489997,9.3175,-0.3493,6.5498,5.6180,9.0053,7.5817,6
2459826.521717,4.2969,-2.0876,6.5498,5.6180,9.0053,7.5817,6
2459828.501077,-12.2652,4.7164,6.5498,5.6180,9.0053,7.5817,6
2459829.520677,-9.2763,9.4414,6.5498,5.6180,9.0053,7.5817,6
2459831.598587,-3.0308,16.2931,6.5498,5.6180,9.0053,7.5817,6
2459832.479677,-13.5484,16.4497,6.5498,5.6180,9.0053,7.5817,6
2459832.501367,9.4743,10.7279,6.5498,5.6180,9.0053,7.5817,6
2459832.518417,6.7447,-0.9504,6.5498,5.6180,9.0053,7.5817,6
2459832.562467,-7.8091,-3.1571,6.5498,5.6180,9.0053,7.5817,6
2459833.504747,5.6370,12.5034,6.5498,5.6180,9.0053,7.5817,6
2459833.605377,1.6400,6.9104,6.5498,5.6180,9.0053,7.5817,6
2459833.637657,-15.7271,13.8098,6.5498,5.6180,9.0053,7.5817,6
2459834.491747,-11.6295,8.3476,6.5498,5.6180,9.0053,7.5817,6
2459834.513887,13.5935,-1.7489,6.5498,5.6180,9.0053,7.5817,6
2459834.553167,4.9068,16.1820,6.5498,5.6180,9.0053,7.5817,6
2459834.582167,9.5219,-0.2091,6.5498,5.6180,9.0053,7.5817,6
2459834.600137,7.5430,11.0941,6.5498,5.6180,9.0053,7.5817,6
2459834.617317,16.3951,7.9178,6.5498,5.6180,9.0053,7.5817,6
2459834.634177,3.5435,15.2774,6.5498,5.6180,9.0053,7.5817,6
2459835.491187,-1.0390,9.1594,6.5498,5.6180,9.0053,7.5817,6
2459835.521427,19.1161,4.3555,6.5498,5.6180,9.0053,7.5817,6
2459835.559267,3.4140,-10.2328,6.5498,5.6180,9.0053,7.5817,6
2459835.577397,4.3004,3.1346,6.5498,5.6180,9.0053,7.5817,6
2459835.593847,0.5316,3.1345,6.5498,5.6180,9.0053,7.5817,6
2459836.524567,-2.8522,-2.3804,6.5498,5.6180,9.0053,7.5817,6
2459837.492997,3.1230,-1.1045,6.5498,5.6180,9.0053,7.5817,6
2459837.510307,-2.6542,2.4951,6.5498,5.6180,9.0053,7.5817,6
2459837.537707,-10.1864,9.1607,6.5498,5.6180,9.0053,7.5817,6
2459837.554397,1.0712,9.2889,6.5498,5.6180,9.0053,7.5817,6
2459837.571407,1.6508,21.6255,6.5498,5.6180,9.0053,7.5817,6
2459837.588187,-5.4324,1.2942,6.5498,5.6180,9.0053,7.5817,6
2459837.604867,-16.3625,2.7891,6.5498,5.6180,9.0053,7.5817,6
2459838.511527,3.0173,10.0903,6.5498,5.6180,9.0053,7.5817,6
2459838.528607,4.2107,5.5934,6.5498,5.6180,9.0053,7.5817,6
2459838.545427,3.5187,8.0397,6.5498,5.6180,9.0053,7.5817,6
2459838.562227,-5.4711,20.3554,6.5498,5.6180,9.0053,7.5817,6
2459838.579127,1.5631,6.5264,6.5498,5.6180,9.0053,7.5817,6
2459838.606797,-1.0071,12.8148,6.5498,5.6180,9.0053,7.5817,6
2459840.555837,-5.4638,-10.9186,6.5498,5.6180,9.0053,7.5817,6
2459840.617437,-5.8271,2.7235,6.5498,5.6180,9.0053,7.5817,6
2459841.570957,-8.6811,-12.7283,6.5498,5.6180,9.0053,7.5817,6
2459841.598527,-4.1295,0.0998,6.5498,5.6180,9.0053,7.5817,6
2459843.546867,-7.3486,-2.1849,6.5498,5.6180,9.0053,7.5817,6
2459843.608617,-12.4850,14.5004,6.5498,5.6180,9.0053,7.5817,6
2459844.547767,-0.6113,19.5616,6.5498,5.6180,9.0053,7.5817,6
2459844.578477,5.4995,17.6478,6.5498,5.6180,9.0053,7.5817,6
2459844.595797,-2.0689,3.5994,6.5498,5.6180,9.0053,7.5817,6
2459844.604047,-21.3580,16.1421,6.5498,5.6180,9.0053,7.5817,6
2459845.491907,-14.9164,16.8297,6.5498,5.6180,9.0053,7.5817,6
2459845.512787,-10.8654,10.8169,6.5498,5.6180,9.0053,7.5817,6
2459845.529457,-6.2731,9.5529,6.5498,5.6180,9.0053,7.5817,6
2459845.550637,0.8191,8.2228,6.5498,5.6180,9.0053,7.5817,6
2459845.578737,0.4332,17.9485,6.5498,5.6180,9.0053,7.5817,6
2459845.595817,7.3187,7.2225,6.5498,5.6180,9.0053,7.5817,6
2459845.604037,1.9907,20.7889,6.5498,5.6180,9.0053,7.5817,6
2459846.499387,6.7492,-3.6742,6.5498,5.6180,9.0053,7.5817,6
2459846.516767,8.1183,4.4581,6.5498,5.6180,9.0053,7.5817,6
2459846.533307,10.6352,-2.1780,6.5498,5.6180,9.0053,7.5817,6
2459846.577657,6.3740,-4.6683,6.5498,5.6180,9.0053,7.5817,6
2459846.595887,11.4555,-5.5556,6.5498,5.6180,9.0053,7.5817,6
2459848.508397,8.1963,9.3955,6.5498,5.6180,9.0053,7.5817,6
2459848.525717,-3.7780,9.5632,6.5498,5.6180,9.0053,7.5817,6
2459848.542157,3.5920,-1.2479,6.5498,5.6180,9.0053,7.5817,6
2459848.559187,9.2303,20.5272,6.5498,5.6180,9.0053,7.5817,6
2459850.505767,-19.5823,-4.9606,6.5498,5.6180,9.0053,7.5817,6
2459850.522447,0.7669,6.4571,6.5498,5.6180,9.0053,7.5817,6
2459850.585977,-18.5350,-4.4169,6.5498,5.6180,9.0053,7.5817,6
2459851.495647,3.0212,1.6335,6.5498,5.6180,9.0053,7.5817,6
2459851.512827,-6.5262,6.7633,6.5498,5.6180,9.0053,7.5817,6
2459851.529727,7.4140,11.6533,6.5498,5.6180,9.0053,7.5817,6
2459851.546277,-9.2233,10.6634,6.5498,5.6180,9.0053,7.5817,6
2459851.567817,1.0440,11.3328,6.5498,5.6180,9.0053,7.5817,6
2459852.514677,2.2451,3.1726,6.5498,5.6180,9.0053,7.5817,6
2459852.531827,1.9250,-2.7069,6.5498,5.6180,9.0053,7.5817,6
2459852.550567,10.9125,3.6654,6.5498,5.6180,9.0053,7.5817,6
2459852.567357,15.9827,-1.1368,6.5498,5.6180,9.0053,7.5817,6
2459852.584127,11.3239,-0.5944,6.5498,5.6180,9.0053,7.5817,6
2459853.512497,-7.7938,2.0465,6.5498,5.6180,9.0053,7.5817,6
2459853.533207,5.8430,10.3214,6.5498,5.6180,9.0053,7.5817,6
2459853.570197,8.9783,21.5926,6.5498,5.6180,9.0053,7.5817,6
2459853.582517,10.0115,17.3550,6.5498,5.6180,9.0053,7.5817,6
2459859.507697,-2.1360,9.4227,6.5498,5.6180,9.0053,7.5817,6
2459859.524657,-5.8769,13.2130,6.5498,5.6180,9.0053,7.5817,6
2459859.541577,16.2015,17.7623,6.5498,5.6180,9.0053,7.5817,6
2459859.562297,-5.6011,18.9440,6.5498,5.6180,9.0053,7.5817,6
2459860.493627,5.7372,1.7496,6.5498,5.6180,9.0053,7.5817,6
2459860.513237,13.5908,25.2190,6.5498,5.6180,9.0053,7.5817,6
2459860.540817,17.4860,9.9841,6.5498,5.6180,9.0053,7.5817,6
2459862.512317,16.7496,2.5466,6.5498,5.6180,9.0053,7.5817,6
2459863.507447,-10.6380,25.1214,6.5498,5.6180,9.0053,7.5817,6
2459864.498897,15.4513,22.1285,6.5498,5.6180,9.0053,7.5817,6
2459864.516227,13.4907,5.8441,6.5498,5.6180,9.0053,7.5817,6
2459864.548757,10.3327,13.7782,6.5498,5.6180,9.0053,7.5817,6
2459865.507317,3.4420,12.2106,6.5498,5.6180,9.0053,7.5817,6
2459865.536647,-4.3019,13.8408,6.5498,5.6180,9.0053,7.5817,6
2459866.508867,3.7143,6.9714,6.5498,5.6180,9.0053,7.5817,6
2459866.525787,-9.2942,4.9170,6.5498,5.6180,9.0053,7.5817,6
2459867.513137,-7.5398,6.2384,6.5498,5.6180,9.0053,7.5817,6
2459867.529837,6.6179,3.4120,6.5498,5.6180,9.0053,7.5817,6
2459867.544977,2.0638,18.4462,6.5498,5.6180,9.0053,7.5817,6
2459868.501227,4.0653,18.3771,6.5498,5.6180,9.0053,7.5817,6
2459868.518337,0.7513,14.6425,6.5498,5.6180,9.0053,7.5817,6
2459868.535417,6.5716,16.3752,6.5498,5.6180,9.0053,7.5817,6
2459869.518477,2.6826,6.1398,6.5498,5.6180,9.0053,7.5817,6
2459869.534937,8.9438,10.2865,6.5498,5.6180,9.0053,7.5817,6
2459870.524697,17.0220,21.7155,6.5498,5.6180,9.0053,7.5817,6
2459871.516157,12.9624,3.9726,6.5498,5.6180,9.0053,7.5817,6
2459873.514447,2.2822,12.1439,6.5498,5.6180,9.0053,7.5817,6
2459873.526147,-3.6138,16.7242,6.5498,5.6180,9.0053,7.5817,6
2459995.872677,4.2916,4.3174,6.5498,5.6180,5.7629,5.8722,7
2459995.890087,7.0343,5.8386,6.5498,5.6180,5.7629,5.8722,7
2459997.884407,-14.6303,19.5921,6.5498,5.6180,5.7629,5.8722,7
2459999.849137,-7.2411,15.0108,6.5498,5.6180,5.7629,5.8722,7
2459999.866647,-10.2527,8.7905,6.5498,5.6180,5.7629,5.8722,7
2459999.884137,-5.1021,11.5330,6.5498,5.6180,5.7629,5.8722,7
2460000.854277,-9.0113,-6.4671,6.5498,5.6180,5.7629,5.8722,7
2460000.881937,-2.4387,11.1573,6.5498,5.6180,5.7629,5.8722,7
2460001.851167,-5.2479,-7.4551,6.5498,5.6180,5.7629,5.8722,7
2460001.868847,-9.5251,11.5648,6.5498,5.6180,5.7629,5.8722,7
2460001.886127,-7.5543,14.1332,6.5498,5.6180,5.7629,5.8722,7
2460002.843617,-5.5543,5.0763,6.5498,5.6180,5.7629,5.8722,7
2460002.860817,-12.4848,8.9678,6.5498,5.6180,5.7629,5.8722,7
2460002.878817,-0.2593,-4.8436,6.5498,5.6180,5.7629,5.8722,7
2460003.851767,-2.7666,0.2443,6.5498,5.6180,5.7629,5.8722,7
2460003.869397,-8.7425,9.0447,6.5498,5.6180,5.7629,5.8722,7
2460003.887817,-7.2292,14.0783,6.5498,5.6180,5.7629,5.8722,7
2460003.890937,-14.3988,6.8664,6.5498,5.6180,5.7629,5.8722,7
2460004.861027,-11.3669,4.9034,6.5498,5.6180,5.7629,5.8722,7
2460004.896837,0.9013,8.9637,6.5498,5.6180,5.7629,5.8722,7
2460005.836707,0.8857,6.8258,6.5498,5.6180,5.7629,5.8722,7
2460005.853957,-9.0746,18.4621,6.5498,5.6180,5.7629,5.8722,7
2460005.881727,-1.9703,11.6143,6.5498,5.6180,5.7629,5.8722,7
2460006.839817,3.0290,-6.8067,6.5498,5.6180,5.7629,5.8722,7
2460006.876637,-13.1305,-2.4696,6.5498,5.6180,5.7629,5.8722,7
2460007.859407,-3.1322,-2.5581,6.5498,5.6180,5.7629,5.8722,7
2460007.876407,-11.8898,5.5096,6.5498,5.6180,5.7629,5.8722,7
2460007.893377,-1.7417,14.7987,6.5498,5.6180,5.7629,5.8722,7
2460008.887267,-13.4813,2.2055,6.5498,5.6180,5.7629,5.8722,7
2460011.849937,5.5477,-4.0015,6.5498,5.6180,5.7629,5.8722,7
2460011.886487,-3.6809,2.4912,6.5498,5.6180,5.7629,5.8722,7
2460012.823207,1.0328,17.3242,6.5498,5.6180,5.7629,5.8722,7
2460012.858597,4.1243,0.5868,6.5498,5.6180,5.7629,5.8722,7
2460012.901387,-0.8757,-1.4399,6.5498,5.6180,5.7629,5.8722,7
2460013.867067,2.4478,7.7659,6.5498,5.6180,5.7629,5.8722,7
2460013.884887,-10.2763,6.7417,6.5498,5.6180,5.7629,5.8722,7
2460014.875297,-0.9808,11.0715,6.5498,5.6180,5.7629,5.8722,7
2460014.895097,-5.8017,7.5633,6.5498,5.6180,5.7629,5.8722,7
2460015.896697,-1.1058,7.6985,6.5498,5.6180,5.7629,5.8722,7
2460016.882827,-0.4843,6.6234,6.5498,5.6180,5.7629,5.8722,7
2460017.855297,-3.5722,2.3929,6.5498,5.6180,5.7629,5.8722,7
2460019.794107,-12.7706,4.0280,6.5498,5.6180,5.7629,5.8722,7
2460019.811287,-7.5384,1.5171,6.5498,5.6180,5.7629,5.8722,7
2460019.832177,-16.9977,1.1765,6.5498,5.6180,5.7629,5.8722,7
2460019.849997,-12.7484,-1.1617,6.5498,5.6180,5.7629,5.8722,7
2460019.895157,-8.3930,2.6208,6.5498,5.6180,5.7629,5.8722,7
2460019.912397,-9.7861,-3.6542,6.5498,5.6180,5.7629,5.8722,7
2460020.792027,-12.5875,0.6796,6.5498,5.6180,5.7629,5.8722,7
2460020.809587,-16.2582,11.3746,6.5498,5.6180,5.7629,5.8722,7
2460020.827507,-9.9080,11.6910,6.5498,5.6180,5.7629,5.8722,7
2460020.851687,-0.4277,-2.3270,6.5498,5.6180,5.7629,5.8722,7
2460020.884917,-9.9719,0.4819,6.5498,5.6180,5.7629,5.8722,7
2460020.902487,-15.0866,10.9914,6.5498,5.6180,5.7629,5.8722,7
2460021.904587,-8.1078,14.6548,6.5498,5.6180,5.7629,5.8722,7
2460022.804937,-5.0270,11.5819,6.5498,5.6180,5.7629,5.8722,7
2460022.822597,-10.3985,14.8204,6.5498,5.6180,5.7629,5.8722,7
2460022.840067,-2.3542,8.4142,6.5498,5.6180,5.7629,5.8722,7
2460022.862497,-11.3340,-4.3233,6.5498,5.6180,5.7629,5.8722,7
2460022.908187,-3.8505,1.6115,6.5498,5.6180,5.7629,5.8722,7
2460023.784637,-3.8557,10.3876,6.5498,5.6180,5.7629,5.8722,7
2460023.801937,-2.6947,-3.9865,6.5498,5.6180,5.7629,5.8722,7
2460023.819457,0.0071,5.2054,6.5498,5.6180,5.7629,5.8722,7
2460023.836667,0.1124,-2.5715,6.5498,5.6180,5.7629,5.8722,7
2460023.854457,-0.6416,2.7644,6.5498,5.6180,5.7629,5.8722,7
2460024.832177,-13.0328,0.3508,6.5498,5.6180,5.7629,5.8722,7
2460024.868747,-7.3848,10.5076,6.5498,5.6180,5.7629,5.8722,7
2460024.885917,-14.4456,1.2993,6.5498,5.6180,5.7629,5.8722,7
2460024.907467,-8.7836,4.6177,6.5498,5.6180,5.7629,5.8722,7
2460025.781027,-1.7584,10.4649,6.5498,5.6180,5.7629,5.8722,7
2460025.798437,-9.4101,9.7315,6.5498,5.6180,5.7629,5.8722,7
2460025.816347,-12.8477,6.8304,6.5498,5.6180,5.7629,5.8722,7
2460025.858217,-7.6921,7.5654,6.5498,5.6180,5.7629,5.8722,7
2460025.861317,-3.0164,7.0924,6.5498,5.6180,5.7629,5.8722,7
2460025.893077,-8.9799,10.1426,6.5498,5.6180,5.7629,5.8722,7
2460025.910407,-8.2301,10.1168,6.5498,5.6180,5.7629,5.8722,7
2460026.839647,-9.2419,-2.4524,6.5498,5.6180,5.7629,5.8722,7
2460026.857027,3.5235,-3.5883,6.5498,5.6180,5.7629,5.8722,7
2460026.874327,-5.3354,7.9083,6.5498,5.6180,5.7629,5.8722,7
2460026.909027,-8.4745,12.3858,6.5498,5.6180,5.7629,5.8722,7
2460027.806997,-4.4207,14.8639,6.5498,5.6180,5.7629,5.8722,7
2460027.824997,-5.7609,8.9158,6.5498,5.6180,5.7629,5.8722,7
2460027.842267,1.9059,5.3405,6.5498,5.6180,5.7629,5.8722,7
2460027.861527,-13.7449,1.7874,6.5498,5.6180,5.7629,5.8722,7
2460027.893927,-7.6976,10.2561,6.5498,5.6180,5.7629,5.8722,7
2460028.795687,-6.5026,-2.1585,6.5498,5.6180,5.7629,5.8722,7
2460028.853027,-4.2564,11.6952,6.5498,5.6180,5.7629,5.8722,7
2460028.870607,-1.8202,4.5314,6.5498,5.6180,5.7629,5.8722,7
2460028.888697,2.0938,15.8617,6.5498,5.6180,5.7629,5.8722,7
2460028.906597,-6.9894,7.0355,6.5498,5.6180,5.7629,5.8722,7
2460029.808187,-4.1037,15.5307,6.5498,5.6180,5.7629,5.8722,7
2460029.825517,-3.0863,12.4115,6.5498,5.6180,5.7629,5.8722,7
2460029.842647,-8.2915,17.0984,6.5498,5.6180,5.7629,5.8722,7
2460029.896687,-10.0723,11.0448,6.5498,5.6180,5.7629,5.8722,7
2460030.763557,-6.8846,3.3545,6.5498,5.6180,5.7629,5.8722,7
2460030.785087,-0.1563,4.4470,6.5498,5.6180,5.7629,5.8722,7
2460030.802747,-6.2531,1.5232,6.5498,5.6180,5.7629,5.8722,7
2460030.868957,-9.4052,1.0620,6.5498,5.6180,5.7629,5.8722,7
2460030.886667,-4.1765,6.5746,6.5498,5.6180,5.7629,5.8722,7
2460030.903997,-15.6796,6.3139,6.5498,5.6180,5.7629,5.8722,7
2460031.860737,-0.0757,4.8511,6.5498,5.6180,5.7629,5.8722,7
2460031.878397,-9.7039,6.6783,6.5498,5.6180,5.7629,5.8722,7
2460032.839167,-2.0707,7.3965,6.5498,5.6180,5.7629,5.8722,7
2460032.856937,-5.3160,6.6246,6.5498,5.6180,5.7629,5.8722,7
2460032.875017,3.1748,3.4344,6.5498,5.6180,5.7629,5.8722,7
2460032.909567,-6.5692,5.1414,6.5498,5.6180,5.7629,5.8722,7
2460033.805167,-5.9726,14.8792,6.5498,5.6180,5.7629,5.8722,7
2460033.839987,2.2903,2.9022,6.5498,5.6180,5.7629,5.8722,7
2460034.893227,-2.6552,8.1743,6.5498,5.6180,5.7629,5.8722,7
2460034.910347,-9.3621,3.6231,6.5498,5.6180,5.7629,5.8722,7
2460035.758807,-3.0863,12.0928,6.5498,5.6180,5.7629,5.8722,7
2460035.804977,-2.1115,9.0205,6.5498,5.6180,5.7629,5.8722,7
2460035.822857,-8.7926,10.6562,6.5498,5.6180,5.7629,5.8722,7
2460035.866277,-11.5445,0.0524,6.5498,5.6180,5.7629,5.8722,7
2460035.883647,-8.0886,2.3847,6.5498,5.6180,5.7629,5.8722,7
2460035.902357,-0.5294,0.8716,6.5498,5.6180,5.7629,5.8722,7
2460036.756197,-8.6439,11.0255,6.5498,5.6180,5.7629,5.8722,7
2460036.791397,-7.8145,0.3454,6.5498,5.6180,5.7629,5.8722,7
2460036.836987,-10.4862,13.6248,6.5498,5.6180,5.7629,5.8722,7
2460036.886867,-2.4212,1.8971,6.5498,5.6180,5.7629,5.8722,7
2460036.903397,-9.1542,7.5436,6.5498,5.6180,5.7629,5.8722,7
2460037.751907,2.8803,11.2413,6.5498,5.6180,5.7629,5.8722,7
2460037.787337,-11.2114,12.4386,6.5498,5.6180,5.7629,5.8722,7
2460037.806597,-1.2095,14.3751,6.5498,5.6180,5.7629,5.8722,7
2460037.824247,2.0322,11.8070,6.5498,5.6180,5.7629,5.8722,7
2460037.852097,-6.7982,8.2203,6.5498,5.6180,5.7629,5.8722,7
2460037.869227,-2.1369,16.7992,6.5498,5.6180,5.7629,5.8722,7
2460037.886667,-13.7401,11.5612,6.5498,5.6180,5.7629,5.8722,7
2460037.905497,-1.3271,15.9879,6.5498,5.6180,5.7629,5.8722,7
2460038.806047,-0.0032,6.1856,6.5498,5.6180,5.7629,5.8722,7
2460038.823167,-11.9920,8.1149,6.5498,5.6180,5.7629,5.8722,7
2460038.840757,-4.0648,10.7891,6.5498,5.6180,5.7629,5.8722,7
2460038.872647,-2.7694,4.4188,6.5498,5.6180,5.7629,5.8722,7
2460038.890017,0.5805,3.5683,6.5498,5.6180,5.7629,5.8722,7
2460038.910517,-6.1808,8.6338,6.5498,5.6180,5.7629,5.8722,7
2460039.767507,-9.2466,-2.2673,6.5498,5.6180,5.7629,5.8722,7
2460039.785487,-6.6608,9.4896,6.5498,5.6180,5.7629,5.8722,7
2460039.805667,-0.9117,12.7065,6.5498,5.6180,5.7629,5.8722,7
2460039.823397,-5.9088,11.7104,6.5498,5.6180,5.7629,5.8722,7
2460039.840707,2.5318,7.6082,6.5498,5.6180,5.7629,5.8722,7
2460039.894817,-7.5410,8.4427,6.5498,5.6180,5.7629,5.8722,7
2460039.913317,-7.8992,8.1735,6.5498,5.6180,5.7629,5.8722,7
2460040.758467,-3.5763,8.7913,6.5498,5.6180,5.7629,5.8722,7
2460040.821437,-7.0858,8.5184,6.5498,5.6180,5.7629,5.8722,7
2460040.838497,-8.2107,4.8485,6.5498,5.6180,5.7629,5.8722,7
2460040.856127,-14.6379,7.3353,6.5498,5.6180,5.7629,5.8722,7
2460040.883817,-6.7579,13.9052,6.5498,5.6180,5.7629,5.8722,7
2460040.901457,-9.7267,1.2513,6.5498,5.6180,5.7629,5.8722,7
2460040.918447,-10.6564,4.6673,6.5498,5.6180,5.7629,5.8722,7
2460041.785907,1.5943,10.5063,6.5498,5.6180,5.7629,5.8722,7
2460041.803137,-0.0347,3.1417,6.5498,5.6180,5.7629,5.8722,7
2460041.837507,-8.6264,12.7216,6.5498,5.6180,5.7629,5.8722,7
2460041.867247,0.1286,9.7534,6.5498,5.6180,5.7629,5.8722,7
2460041.903337,-8.5528,8.6153,6.5498,5.6180,5.7629,5.8722,7
2460042.763737,-11.2450,12.9209,6.5498,5.6180,5.7629,5.8722,7
2460042.808837,-6.0506,10.1322,6.5498,5.6180,5.7629,5.8722,7
2460042.856227,-10.3783,11.0631,6.5498,5.6180,5.7629,5.8722,7
2460042.858957,-3.9527,5.2087,6.5498,5.6180,5.7629,5.8722,7
2460042.874967,-4.1067,7.5127,6.5498,5.6180,5.7629,5.8722,7
2460042.903697,-9.6809,9.4840,6.5498,5.6180,5.7629,5.8722,7
2460043.843437,-12.2789,12.3656,6.5498,5.6180,5.7629,5.8722,7
2460043.860967,-9.9987,7.0842,6.5498,5.6180,5.7629,5.8722,7
2460043.877967,-12.3300,5.9375,6.5498,5.6180,5.7629,5.8722,7
2460044.877737,-5.2100,17.3372,6.5498,5.6180,5.7629,5.8722,7
2460044.905667,-4.3558,-2.1784,6.5498,5.6180,5.7629,5.8722,7
2460047.724827,-11.4157,10.4829,6.5498,5.6180,5.7629,5.8722,7
2460047.769777,-7.2845,-0.5909,6.5498,5.6180,5.7629,5.8722,7
2460047.787137,-15.0326,5.8477,6.5498,5.6180,5.7629,5.8722,7
2460047.822157,-9.9467,4.6305,6.5498,5.6180,5.7629,5.8722,7
2460047.839507,-7.9368,7.7381,6.5498,5.6180,5.7629,5.8722,7
2460047.861507,-2.7976,5.3151,6.5498,5.6180,5.7629,5.8722,7
2460047.889397,-15.0911,7.0477,6.5498,5.6180,5.7629,5.8722,7
2460047.906917,-10.1460,13.4110,6.5498,5.6180,5.7629,5.8722,7
2460047.927037,-5.2442,10.3354,6.5498,5.6180,5.7629,5.8722,7
2460048.777257,-6.6580,11.0634,6.5498,5.6180,5.7629,5.8722,7
2460048.794787,-1.9360,18.1648,6.5498,5.6180,5.7629,5.8722,7
2460048.812037,-13.5268,0.6103,6.5498,5.6180,5.7629,5.8722,7
2460048.829557,-12.1865,10.7808,6.5498,5.6180,5.7629,5.8722,7
2460048.857547,-1.4377,10.6740,6.5498,5.6180,5.7629,5.8722,7
2460048.875187,-9.2682,13.9276,6.5498,5.6180,5.7629,5.8722,7
2460048.895977,-12.5241,3.8862,6.5498,5.6180,5.7629,5.8722,7
2460048.912727,-12.0482,12.3230,6.5498,5.6180,5.7629,5.8722,7
2460049.744257,-6.2191,7.8576,6.5498,5.6180,5.7629,5.8722,7
2460049.769237,-6.3853,11.1648,6.5498,5.6180,5.7629,5.8722,7
2460049.789797,1.0223,1.8143,6.5498,5.6180,5.7629,5.8722,7
2460049.808457,-4.1457,16.1135,6.5498,5.6180,5.7629,5.8722,7
2460049.874087,-8.5746,8.7590,6.5498,5.6180,5.7629,5.8722,7
2460049.922597,-10.9495,11.1715,6.5498,5.6180,5.7629,5.8722,7
2460050.766347,-10.6902,-1.0763,6.5498,5.6180,5.7629,5.8722,7
2460050.859127,-1.6825,5.4837,6.5498,5.6180,5.7629,5.8722,7
2460050.876197,-1.0541,13.3962,6.5498,5.6180,5.7629,5.8722,7
2460050.904677,-9.4667,8.9896,6.5498,5.6180,5.7629,5.8722,7
2460050.921717,-10.1589,12.3257,6.5498,5.6180,5.7629,5.8722,7
2460051.737417,0.4685,17.1752,6.5498,5.6180,5.7629,5.8722,7
2460051.776537,-8.2828,3.4483,6.5498,5.6180,5.7629,5.8722,7
2460051.793747,-2.7841,7.8704,6.5498,5.6180,5.7629,5.8722,7
2460051.900857,-8.5332,11.4071,6.5498,5.6180,5.7629,5.8722,7
2460051.917947,-2.7597,8.6363,6.5498,5.6180,5.7629,5.8722,7
2460052.749667,-3.4561,1.4361,6.5498,5.6180,5.7629,5.8722,7
2460052.815537,-4.2370,-1.3368,6.5498,5.6180,5.7629,5.8722,7
2460052.851227,-3.4416,0.3327,6.5498,5.6180,5.7629,5.8722,7
2460053.750837,-10.2352,1.9574,6.5498,5.6180,5.7629,5.8722,7
2460053.767957,-3.0590,3.9343,6.5498,5.6180,5.7629,5.8722,7
2460053.815857,-0.7115,10.5767,6.5498,5.6180,5.7629,5.8722,7
2460053.833047,-5.9172,12.8308,6.5498,5.6180,5.7629,5.8722,7
2460053.851047,-2.2258,11.1530,6.5498,5.6180,5.7629,5.8722,7
2460054.701567,-5.6737,0.7964,6.5498,5.6180,5.7629,5.8722,7
2460054.719167,-14.7691,1.3668,6.5498,5.6180,5.7629,5.8722,7
2460054.737007,-2.2292,12.2116,6.5498,5.6180,5.7629,5.8722,7
2460054.800637,-11.1770,4.7110,6.5498,5.6180,5.7629,5.8722,7
2460054.818597,2.7601,12.9122,6.5498,5.6180,5.7629,5.8722,7
2460054.835637,-9.7383,9.7577,6.5498,5.6180,5.7629,5.8722,7
2460054.852987,-2.9058,11.9899,6.5498,5.6180,5.7629,5.8722,7
2460054.896607,-11.6187,16.6674,6.5498,5.6180,5.7629,5.8722,7
2460054.913727,-3.2614,9.0640,6.5498,5.6180,5.7629,5.8722,7
2460056.812427,-1.0551,10.7397,6.5498,5.6180,5.7629,5.8722,7
2460056.840247,-5.7323,2.3590,6.5498,5.6180,5.7629,5.8722,7
2460056.857427,1.6194,5.7349,6.5498,5.6180,5.7629,5.8722,7
2460056.878107,-6.1889,10.4888,6.5498,5.6180,5.7629,5.8722,7
2460056.896667,-4.1187,1.4192,6.5498,5.6180,5.7629,5.8722,7
2460056.921127,1.0514,11.4859,6.5498,5.6180,5.7629,5.8722,7
2460057.692507,-6.5731,7.0836,6.5498,5.6180,5.7629,5.8722,7
2460057.836327,-6.5109,1.6353,6.5498,5.6180,5.7629,5.8722,7
2460057.880037,-7.8838,9.6559,6.5498,5.6180,5.7629,5.8722,7
2460057.929957,-13.5114,11.6236,6.5498,5.6180,5.7629,5.8722,7
2460058.783157,-14.8909,5.8781,6.5498,5.6180,5.7629,5.8722,7
2460058.804037,-9.1576,8.5838,6.5498,5.6180,5.7629,5.8722,7
2460058.838647,-7.9257,11.8863,6.5498,5.6180,5.7629,5.8722,7
2460058.884367,1.0007,10.2926,6.5498,5.6180,5.7629,5.8722,7
2460058.901637,1.4236,17.1428,6.5498,5.6180,5.7629,5.8722,7
2460058.919017,-2.7059,7.6126,6.5498,5.6180,5.7629,5.8722,7
2460059.762137,0.3575,11.1287,6.5498,5.6180,5.7629,5.8722,7
2460059.797257,-3.8036,14.7716,6.5498,5.6180,5.7629,5.8722,7
2460060.704217,-7.3745,1.3575,6.5498,5.6180,5.7629,5.8722,7
2460060.723977,-6.0848,13.2979,6.5498,5.6180,5.7629,5.8722,7
2460060.726817,-6.0765,9.1796,6.5498,5.6180,5.7629,5.8722,7
2460060.756187,-4.2944,2.0601,6.5498,5.6180,5.7629,5.8722,7
2460060.784197,-10.0249,8.4030,6.5498,5.6180,5.7629,5.8722,7
2460060.818597,-8.4910,7.5005,6.5498,5.6180,5.7629,5.8722,7
2460060.836217,-3.9522,6.2884,6.5498,5.6180,5.7629,5.8722,7
2460060.853287,-9.2576,8.3967,6.5498,5.6180,5.7629,5.8722,7
2460060.856487,-8.8659,7.3000,6.5498,5.6180,5.7629,5.8722,7
2460060.882057,-8.5198,16.2011,6.5498,5.6180,5.7629,5.8722,7
2460060.902327,-5.0289,9.0324,6.5498,5.6180,5.7629,5.8722,7
2460060.919767,-3.1663,15.4219,6.5498,5.6180,5.7629,5.8722,7
2460061.701917,-3.7401,13.1773,6.5498,5.6180,5.7629,5.8722,7
2460061.719357,-5.3340,7.2478,6.5498,5.6180,5.7629,5.8722,7
2460061.740777,-5.4876,16.1489,6.5498,5.6180,5.7629,5.8722,7
2460061.775587,-3.2154,14.3869,6.5498,5.6180,5.7629,5.8722,7
2460061.824787,-7.0526,11.1719,6.5498,5.6180,5.7629,5.8722,7
2460061.858927,-10.3675,7.5611,6.5498,5.6180,5.7629,5.8722,7
2460061.876457,-2.7950,7.6730,6.5498,5.6180,5.7629,5.8722,7
2460061.893367,-11.4934,8.6487,6.5498,5.6180,5.7629,5.8722,7
2460061.921437,-6.8928,11.0701,6.5498,5.6180,5.7629,5.8722,7
2460062.818127,-4.7798,1.6697,6.5498,5.6180,5.7629,5.8722,7
2460063.708917,-0.1923,4.5169,6.5498,5.6180,5.7629,5.8722,7
2460063.726827,-12.2412,10.2739,6.5498,5.6180,5.7629,5.8722,7
2460063.744317,-11.0034,13.5727,6.5498,5.6180,5.7629,5.8722,7
2460063.761497,-7.9153,-0.7675,6.5498,5.6180,5.7629,5.8722,7
2460063.778537,-10.7775,-2.0598,6.5498,5.6180,5.7629,5.8722,7
2460063.806197,-4.2414,2.6499,6.5498,5.6180,5.7629,5.8722,7
2460063.826217,-8.0204,3.2165,6.5498,5.6180,5.7629,5.8722,7
2460063.867617,-8.4345,3.5612,6.5498,5.6180,5.7629,5.8722,7
2460063.884857,-9.3990,17.6962,6.5498,5.6180,5.7629,5.8722,7
2460063.917267,-8.4734,10.7585,6.5498,5.6180,5.7629,5.8722,7
2460064.708987,0.9656,12.6150,6.5498,5.6180,5.7629,5.8722,7
2460064.756807,-4.5434,7.8801,6.5498,5.6180,5.7629,5.8722,7
2460064.759647,-6.5137,9.7798,6.5498,5.6180,5.7629,5.8722,7
2460064.778277,-3.7925,12.8275,6.5498,5.6180,5.7629,5.8722,7
2460064.797407,-11.0527,14.4883,6.5498,5.6180,5.7629,5.8722,7
2460064.818727,-5.2234,11.0537,6.5498,5.6180,5.7629,5.8722,7
2460064.902817,-10.7778,14.6104,6.5498,5.6180,5.7629,5.8722,7
2460064.920387,-0.0795,16.5439,6.5498,5.6180,5.7629,5.8722,7
2460065.689617,-4.9155,12.4969,6.5498,5.6180,5.7629,5.8722,7
2460065.707137,-0.3385,9.2438,6.5498,5.6180,5.7629,5.8722,7
2460065.747057,-6.1011,13.5238,6.5498,5.6180,5.7629,5.8722,7
2460065.764327,-10.9204,10.0111,6.5498,5.6180,5.7629,5.8722,7
2460065.795467,0.4369,17.1482,6.5498,5.6180,5.7629,5.8722,7
2460065.811937,0.6447,18.2691,6.5498,5.6180,5.7629,5.8722,7
2460065.848237,0.6659,6.3957,6.5498,5.6180,5.7629,5.8722,7
2460065.865187,-9.1863,10.2707,6.5498,5.6180,5.7629,5.8722,7
2460065.910837,-4.8857,16.8634,6.5498,5.6180,5.7629,5.8722,7
2460066.719637,-2.4570,4.4635,6.5498,5.6180,5.7629,5.8722,7
2460066.754667,-0.9095,6.8256,6.5498,5.6180,5.7629,5.8722,7
2460066.789397,-6.8351,13.8408,6.5498,5.6180,5.7629,5.8722,7
2460066.816727,-1.1153,11.4469,6.5498,5.6180,5.7629,5.8722,7
2460066.835197,-8.2238,11.5503,6.5498,5.6180,5.7629,5.8722,7
2460066.852077,-5.2241,13.0947,6.5498,5.6180,5.7629,5.8722,7
2460066.873767,1.4653,13.6054,6.5498,5.6180,5.7629,5.8722,7
2460066.892317,-10.9042,8.8551,6.5498,5.6180,5.7629,5.8722,7
2460066.919577,-9.9467,-0.7652,6.5498,5.6180,5.7629,5.8722,7
2460067.664057,-12.8101,5.9412,6.5498,5.6180,5.7629,5.8722,7
2460067.682957,-3.0442,2.6948,6.5498,5.6180,5.7629,5.8722,7
2460067.703067,-5.7877,14.1799,6.5498,5.6180,5.7629,5.8722,7
2460067.731027,-9.1123,11.3349,6.5498,5.6180,5.7629,5.8722,7
2460067.748587,0.0239,6.8846,6.5498,5.6180,5.7629,5.8722,7
2460067.774977,-12.8714,6.8301,6.5498,5.6180,5.7629,5.8722,7
2460067.792077,-4.7174,10.0507,6.5498,5.6180,5.7629,5.8722,7
2460067.810997,-8.1581,15.5386,6.5498,5.6180,5.7629,5.8722,7
2460067.870517,-6.3906,10.5425,6.5498,5.6180,5.7629,5.8722,7
2460067.887997,-7.0001,12.4124,6.5498,5.6180,5.7629,5.8722,7
2460067.904987,-4.5080,7.8263,6.5498,5.6180,5.7629,5.8722,7
2460067.922357,-8.7109,14.6388,6.5498,5.6180,5.7629,5.8722,7
2460068.710297,0.2451,3.4013,6.5498,5.6180,5.7629,5.8722,7
2460068.758077,-3.7486,5.9361,6.5498,5.6180,5.7629,5.8722,7
2460068.802747,-4.7385,8.3145,6.5498,5.6180,5.7629,5.8722,7
2460068.819407,0.6357,15.9932,6.5498,5.6180,5.7629,5.8722,7
2460068.836127,-2.6460,10.0219,6.5498,5.6180,5.7629,5.8722,7
2460069.720087,-2.0901,3.0542,6.5498,5.6180,5.7629,5.8722,7
2460069.755847,-7.1812,15.6550,6.5498,5.6180,5.7629,5.8722,7
2460069.772877,-5.0044,15.0096,6.5498,5.6180,5.7629,5.8722,7
2460069.811327,-14.2985,-1.3151,6.5498,5.6180,5.7629,5.8722,7
2460069.828377,-12.1500,7.7750,6.5498,5.6180,5.7629,5.8722,7
2460070.806347,-8.9009,7.5451,6.5498,5.6180,5.7629,5.8722,7
2460074.813857,-8.9905,2.5136,6.5498,5.6180,5.7629,5.8722,7
2460074.831167,-8.4567,-0.4152,6.5498,5.6180,5.7629,5.8722,7
2460074.849977,-6.9636,12.6882,6.5498,5.6180,5.7629,5.8722,7
2460075.662197,-5.1418,7.7278,6.5498,5.6180,5.7629,5.8722,7
2460075.714637,-8.8442,3.1546,6.5498,5.6180,5.7629,5.8722,7
2460075.796107,-10.1075,5.1995,6.5498,5.6180,5.7629,5.8722,7
2460075.813207,-2.6036,8.4843,6.5498,5.6180,5.7629,5.8722,7
2460075.830137,-8.1518,12.3748,6.5498,5.6180,5.7629,5.8722,7
2460075.832937,-13.9459,15.8173,6.5498,5.6180,5.7629,5.8722,7
2460075.851717,-3.1867,6.3976,6.5498,5.6180,5.7629,5.8722,7
2460075.868147,-1.9301,7.1285,6.5498,5.6180,5.7629,5.8722,7
2460075.895157,-9.1612,8.8147,6.5498,5.6180,5.7629,5.8722,7
2460075.911697,-7.3443,14.8461,6.5498,5.6180,5.7629,5.8722,7
2460075.929167,-13.9399,17.3529,6.5498,5.6180,5.7629,5.8722,7
2460076.683657,0.5861,12.1577,6.5498,5.6180,5.7629,5.8722,7
2460076.701017,-2.0336,12.1823,6.5498,5.6180,5.7629,5.8722,7
2460076.742847,-14.9018,9.9156,6.5498,5.6180,5.7629,5.8722,7
2460076.770377,-8.3420,1.6191,6.5498,5.6180,5.7629,5.8722,7
2460076.790147,-12.2581,9.3193,6.5498,5.6180,5.7629,5.8722,7
2460076.807107,-14.1149,8.6527,6.5498,5.6180,5.7629,5.8722,7
2460076.823617,-6.5820,3.0624,6.5498,5.6180,5.7629,5.8722,7
2460076.885817,-9.7504,17.4288,6.5498,5.6180,5.7629,5.8722,7
2460076.902447,-15.9395,4.5076,6.5498,5.6180,5.7629,5.8722,7
2460077.681147,-5.0036,10.7831,6.5498,5.6180,5.7629,5.8722,7
2460077.698817,-11.9271,3.6232,6.5498,5.6180,5.7629,5.8722,7
2460077.716067,-2.9984,12.9203,6.5498,5.6180,5.7629,5.8722,7
2460077.735327,-6.3675,8.5452,6.5498,5.6180,5.7629,5.8722,7
2460077.765817,-10.4025,8.1492,6.5498,5.6180,5.7629,5.8722,7
2460077.824027,-16.8970,10.6335,6.5498,5.6180,5.7629,5.8722,7
2460077.842917,-4.8114,4.0204,6.5498,5.6180,5.7629,5.8722,7
2460077.904547,1.5800,17.3355,6.5498,5.6180,5.7629,5.8722,7
2460077.921337,-1.9705,15.4853,6.5498,5.6180,5.7629,5.8722,7
2460078.636697,-6.7158,3.6097,6.5498,5.6180,5.7629,5.8722,7
2460078.666527,-3.7401,14.6936,6.5498,5.6180,5.7629,5.8722,7
2460078.704927,2.8882,11.2546,6.5498,5.6180,5.7629,5.8722,7
2460078.722547,-0.7912,7.7614,6.5498,5.6180,5.7629,5.8722,7
2460078.739647,-6.2808,4.1303,6.5498,5.6180,5.7629,5.8722,7
2460078.767097,-4.8627,14.3905,6.5498,5.6180,5.7629,5.8722,7
2460078.771527,-10.3066,11.2785,6.5498,5.6180,5.7629,5.8722,7
2460078.788457,-8.2426,9.7034,6.5498,5.6180,5.7629,5.8722,7
2460078.842117,-8.0704,12.8977,6.5498,5.6180,5.7629,5.8722,7
2460078.872747,-3.6904,17.7619,6.5498,5.6180,5.7629,5.8722,7
2460078.889817,-2.0215,13.6553,6.5498,5.6180,5.7629,5.8722,7
2460078.906497,0.8124,7.1488,6.5498,5.6180,5.7629,5.8722,7
2460078.923247,-9.8246,6.9766,6.5498,5.6180,5.7629,5.8722,7
2460079.640687,-1.4590,11.4046,6.5498,5.6180,5.7629,5.8722,7
2460079.678577,-9.0439,11.3741,6.5498,5.6180,5.7629,5.8722,7
2460079.696367,-0.5781,1.4179,6.5498,5.6180,5.7629,5.8722,7
2460079.734497,-11.2043,3.5989,6.5498,5.6180,5.7629,5.8722,7
2460079.763027,-9.0077,5.8316,6.5498,5.6180,5.7629,5.8722,7
2460079.796607,-1.6367,0.3344,6.5498,5.6180,5.7629,5.8722,7
2460079.813347,-0.9383,20.2852,6.5498,5.6180,5.7629,5.8722,7
2460079.857527,-4.2217,12.8820,6.5498,5.6180,5.7629,5.8722,7
2460079.911027,-13.8205,12.7827,6.5498,5.6180,5.7629,5.8722,7
2460080.642287,-13.4024,3.1879,6.5498,5.6180,5.7629,5.8722,7
2460080.660167,-5.2861,8.0197,6.5498,5.6180,5.7629,5.8722,7
2460080.679907,2.1672,3.6086,6.5498,5.6180,5.7629,5.8722,7
2460080.697387,-0.0302,10.3358,6.5498,5.6180,5.7629,5.8722,7
2460080.725157,-4.9942,19.3026,6.5498,5.6180,5.7629,5.8722,7
2460080.742607,-8.1135,7.9885,6.5498,5.6180,5.7629,5.8722,7
2460080.759677,-3.2501,8.7867,6.5498,5.6180,5.7629,5.8722,7
2460080.776997,-8.3695,2.2889,6.5498,5.6180,5.7629,5.8722,7
2460080.794177,-2.1715,13.7821,6.5498,5.6180,5.7629,5.8722,7
2460080.811477,1.4800,13.6419,6.5498,5.6180,5.7629,5.8722,7
2460080.845037,-16.1783,3.6718,6.5498,5.6180,5.7629,5.8722,7
2460080.899657,-0.1710,9.1354,6.5498,5.6180,5.7629,5.8722,7
2460080.918067,-4.2976,15.8574,6.5498,5.6180,5.7629,5.8722,7
2460082.682677,-7.1321,16.6307,6.5498,5.6180,5.7629,5.8722,7
2460082.763777,-4.7309,-0.8502,6.5498,5.6180,5.7629,5.8722,7
2460082.768137,-11.0185,14.5910,6.5498,5.6180,5.7629,5.8722,7
2460082.841357,2.4586,9.8722,6.5498,5.6180,5.7629,5.8722,7
2460082.875597,-8.8084,7.4544,6.5498,5.6180,5.7629,5.8722,7
2460082.892407,-4.3933,-0.2149,6.5498,5.6180,5.7629,5.8722,7
2460082.908617,1.3294,10.9774,6.5498,5.6180,5.7629,5.8722,7
2460083.697517,-8.5827,3.8777,6.5498,5.6180,5.7629,5.8722,7
2460083.752297,-17.5164,15.1362,6.5498,5.6180,5.7629,5.8722,7
2460083.802337,-12.2338,8.2423,6.5498,5.6180,5.7629,5.8722,7
2460083.819517,-14.4320,20.7522,6.5498,5.6180,5.7629,5.8722,7
2460083.852997,-7.1296,13.3543,6.5498,5.6180,5.7629,5.8722,7
2460084.704427,-2.0330,6.9480,6.5498,5.6180,5.7629,5.8722,7
2460084.773627,-1.6250,0.8660,6.5498,5.6180,5.7629,5.8722,7
2460084.807387,-6.4700,4.2849,6.5498,5.6180,5.7629,5.8722,7
2460084.889977,3.9848,0.0025,6.5498,5.6180,5.7629,5.8722,7
2460084.936207,-4.1306,18.2339,6.5498,5.6180,5.7629,5.8722,7
2460085.640047,-5.7741,9.1444,6.5498,5.6180,5.7629,5.8722,7
2460085.668097,-12.7659,-1.6880,6.5498,5.6180,5.7629,5.8722,7
2460085.707347,-15.1042,2.7324,6.5498,5.6180,5.7629,5.8722,7
2460085.724517,-2.8435,9.2539,6.5498,5.6180,5.7629,5.8722,7
2460085.743217,-4.3312,5.2613,6.5498,5.6180,5.7629,5.8722,7
2460085.771197,-4.7083,6.7640,6.5498,5.6180,5.7629,5.8722,7
2460085.788377,-16.3373,5.5807,6.5498,5.6180,5.7629,5.8722,7
2460085.805587,-13.5268,5.3700,6.5498,5.6180,5.7629,5.8722,7
2460085.822557,-3.1850,16.5075,6.5498,5.6180,5.7629,5.8722,7
2460085.839817,-5.5889,6.2054,6.5498,5.6180,5.7629,5.8722,7
2460086.768167,-5.3353,14.5122,6.5498,5.6180,5.7629,5.8722,7
2460087.687937,-12.9065,5.8096,6.5498,5.6180,5.7629,5.8722,7
2460087.709227,-4.2260,15.2877,6.5498,5.6180,5.7629,5.8722,7
2460088.648097,-18.9312,-0.2809,6.5498,5.6180,5.7629,5.8722,7
2460088.715697,-8.3981,0.8282,6.5498,5.6180,5.7629,5.8722,7
2460088.758687,-14.1830,9.5269,6.5498,5.6180,5.7629,5.8722,7
2460088.883127,-1.7391,7.8756,6.5498,5.6180,5.7629,5.8722,7
2460088.906187,2.9308,11.9821,6.5498,5.6180,5.7629,5.8722,7
2460089.618947,3.1510,1.7522,6.5498,5.6180,5.7629,5.8722,7
2460089.640117,-6.0891,18.8429,6.5498,5.6180,5.7629,5.8722,7
2460089.658077,-5.9835,15.4879,6.5498,5.6180,5.7629,5.8722,7
2460089.675667,-7.9632,15.6919,6.5498,5.6180,5.7629,5.8722,7
2460089.703797,-16.1370,13.5533,6.5498,5.6180,5.7629,5.8722,7
2460089.733307,-9.4722,8.9952,6.5498,5.6180,5.7629,5.8722,7
2460089.754567,-3.5590,1.7720,6.5498,5.6180,5.7629,5.8722,7
2460089.777327,-6.4877,12.6007,6.5498,5.6180,5.7629,5.8722,7
2460089.815807,-10.4024,15.9162,6.5498,5.6180,5.7629,5.8722,7
2460089.843447,-7.4160,15.6066,6.5498,5.6180,5.7629,5.8722,7
2460089.861427,-2.2362,9.9703,6.5498,5.6180,5.7629,5.8722,7
2460089.878427,-3.1737,11.3063,6.5498,5.6180,5.7629,5.8722,7
2460089.895477,-6.6518,15.8659,6.5498,5.6180,5.7629,5.8722,7
2460089.912737,0.2927,16.7179,6.5498,5.6180,5.7629,5.8722,7
2460090.848017,0.8958,13.5925,6.5498,5.6180,5.7629,5.8722,7
2460090.876507,1.3670,19.9131,6.5498,5.6180,5.7629,5.8722,7
2460090.892887,2.8794,3.1645,6.5498,5.6180,5.7629,5.8722,7
2460091.613857,-11.2726,9.4999,6.5498,5.6180,5.7629,5.8722,7
2460091.642257,-8.4537,17.0158,6.5498,5.6180,5.7629,5.8722,7
2460091.659717,-8.3185,7.8016,6.5498,5.6180,5.7629,5.8722,7
2460091.680177,-13.0088,8.4028,6.5498,5.6180,5.7629,5.8722,7
2460091.737787,-2.1249,0.1190,6.5498,5.6180,5.7629,5.8722,7
2460091.766437,-12.2279,-1.5843,6.5498,5.6180,5.7629,5.8722,7
2460091.783487,-1.5114,4.0071,6.5498,5.6180,5.7629,5.8722,7
2460091.800617,-5.3762,13.4078,6.5498,5.6180,5.7629,5.8722,7
2460091.817287,-2.6961,3.4477,6.5498,5.6180,5.7629,5.8722,7
2460091.838287,4.2345,15.8027,6.5498,5.6180,5.7629,5.8722,7
2460092.648177,-4.2927,13.0354,6.5498,5.6180,5.7629,5.8722,7
2460092.701037,-3.5764,20.0951,6.5498,5.6180,5.7629,5.8722,7
2460092.729287,-8.4331,12.8307,6.5498,5.6180,5.7629,5.8722,7
2460092.746797,-1.5006,4.6127,6.5498,5.6180,5.7629,5.8722,7
2460092.750707,-9.4668,18.3297,6.5498,5.6180,5.7629,5.8722,7
2460093.818887,-11.0775,17.3236,6.5498,5.6180,5.7629,5.8722,7
2460093.881717,0.0430,13.1220,6.5498,5.6180,5.7629,5.8722,7
2460094.604007,3.4521,8.6078,6.5498,5.6180,5.7629,5.8722,7
2460094.680787,-8.7656,2.2340,6.5498,5.6180,5.7629,5.8722,7
2460094.699857,-12.3083,9.8341,6.5498,5.6180,5.7629,5.8722,7
2460094.717287,-7.3562,4.6529,6.5498,5.6180,5.7629,5.8722,7
2460094.733947,-6.2542,0.6566,6.5498,5.6180,5.7629,5.8722,7
2460094.762597,-10.4612,7.9950,6.5498,5.6180,5.7629,5.8722,7
2460094.780007,-8.7572,12.1171,6.5498,5.6180,5.7629,5.8722,7
2460094.801157,-9.5503,9.7864,6.5498,5.6180,5.7629,5.8722,7
2460094.818277,-4.2984,12.6073,6.5498,5.6180,5.7629,5.8722,7
2460094.834807,-9.6269,12.5795,6.5498,5.6180,5.7629,5.8722,7
2460094.852897,-16.5578,15.8169,6.5498,5.6180,5.7629,5.8722,7
2460094.882307,-4.1902,18.9889,6.5498,5.6180,5.7629,5.8722,7
2460094.916927,-19.2849,10.2761,6.5498,5.6180,5.7629,5.8722,7
2460095.639527,-16.9432,11.7002,6.5498,5.6180,5.7629,5.8722,7
2460095.657547,-21.6523,16.4190,6.5498,5.6180,5.7629,5.8722,7
2460095.675377,-3.8813,4.5585,6.5498,5.6180,5.7629,5.8722,7
2460095.737027,-3.5717,6.1263,6.5498,5.6180,5.7629,5.8722,7
2460095.754647,-4.4736,12.7273,6.5498,5.6180,5.7629,5.8722,7
2460095.789687,-4.5641,7.2807,6.5498,5.6180,5.7629,5.8722,7
2460095.851097,-1.9637,15.0670,6.5498,5.6180,5.7629,5.8722,7
2460095.871877,-1.3660,1.8369,6.5498,5.6180,5.7629,5.8722,7
2460095.906047,-18.5158,-1.4110,6.5498,5.6180,5.7629,5.8722,7
2460095.914707,-10.6099,22.4402,6.5498,5.6180,5.7629,5.8722,7
2460096.649317,-3.8358,13.5871,6.5498,5.6180,5.7629,5.8722,7
2460096.684747,-14.2843,3.7034,6.5498,5.6180,5.7629,5.8722,7
2460096.730197,-2.5128,7.6562,6.5498,5.6180,5.7629,5.8722,7
2460096.750557,-11.5296,4.5885,6.5498,5.6180,5.7629,5.8722,7
2460096.769927,-9.1920,14.4462,6.5498,5.6180,5.7629,5.8722,7
2460096.786797,-3.3742,7.1272,6.5498,5.6180,5.7629,5.8722,7
2460096.803957,-11.4697,3.5540,6.5498,5.6180,5.7629,5.8722,7
2460096.831937,-13.0593,10.1805,6.5498,5.6180,5.7629,5.8722,7
2460096.849517,-13.1762,11.5354,6.5498,5.6180,5.7629,5.8722,7
2460096.866717,-2.5640,18.1030,6.5498,5.6180,5.7629,5.8722,7
2460096.883667,-7.2866,7.7480,6.5498,5.6180,5.7629,5.8722,7
2460096.886377,-3.8259,18.5604,6.5498,5.6180,5.7629,5.8722,7
2460096.903687,4.1780,22.7434,6.5498,5.6180,5.7629,5.8722,7
2460097.667807,-12.3089,4.8486,6.5498,5.6180,5.7629,5.8722,7
2460097.686277,-13.0662,-0.5195,6.5498,5.6180,5.7629,5.8722,7
2460097.706467,-11.2113,3.3516,6.5498,5.6180,5.7629,5.8722,7
2460097.738867,-10.6566,13.3694,6.5498,5.6180,5.7629,5.8722,7
2460097.756347,-6.8411,1.9201,6.5498,5.6180,5.7629,5.8722,7
2460097.774027,-11.4509,7.5998,6.5498,5.6180,5.7629,5.8722,7
2460097.855387,-9.3710,-0.4826,6.5498,5.6180,5.7629,5.8722,7
2460097.872227,-5.1459,12.4293,6.5498,5.6180,5.7629,5.8722,7
2460097.889607,2.2169,22.4736,6.5498,5.6180,5.7629,5.8722,7
2460097.906737,-16.9592,19.4864,6.5498,5.6180,5.7629,5.8722,7
2460098.621747,-12.8656,10.9554,6.5498,5.6180,5.7629,5.8722,7
2460098.643967,2.3205,10.4505,6.5498,5.6180,5.7629,5.8722,7
2460098.661327,0.1318,10.4389,6.5498,5.6180,5.7629,5.8722,7
2460098.731577,-10.7812,11.9107,6.5498,5.6180,5.7629,5.8722,7
2460102.757587,-11.1146,11.4044,6.5498,5.6180,5.7629,5.8722,7
2460103.576867,-5.2986,7.8835,6.5498,5.6180,5.7629,5.8722,7
2460103.592647,-13.3349,17.7377,6.5498,5.6180,5.7629,5.8722,7
2460103.626847,-3.9738,24.2350,6.5498,5.6180,5.7629,5.8722,7
2460103.643427,-13.6877,17.7299,6.5498,5.6180,5.7629,5.8722,7
2460103.660367,-12.0348,1.8523,6.5498,5.6180,5.7629,5.8722,7
2460103.677297,-19.2337,16.3523,6.5498,5.6180,5.7629,5.8722,7
2460103.694517,-15.5359,5.1200,6.5498,5.6180,5.7629,5.8722,7
2460103.722137,-14.1879,0.8839,6.5498,5.6180,5.7629,5.8722,7
2460103.738887,-10.9616,7.1898,6.5498,5.6180,5.7629,5.8722,7
2460103.755627,-20.4373,10.3898,6.5498,5.6180,5.7629,5.8722,7
2460103.772457,-8.0665,11.7080,6.5498,5.6180,5.7629,5.8722,7
2460103.790457,-14.6510,12.2492,6.5498,5.6180,5.7629,5.8722,7
2460103.818287,-8.3113,11.2921,6.5498,5.6180,5.7629,5.8722,7
2460103.837847,-21.0355,6.2005,6.5498,5.6180,5.7629,5.8722,7
2460103.854557,-15.4127,4.2464,6.5498,5.6180,5.7629,5.8722,7
2460103.871987,-13.3793,8.3498,6.5498,5.6180,5.7629,5.8722,7
2460103.889297,-9.6439,18.2452,6.5498,5.6180,5.7629,5.8722,7
2460103.897547,-9.0030,14.8018,6.5498,5.6180,5.7629,5.8722,7
2460104.606367,-10.3880,12.2477,6.5498,5.6180,5.7629,5.8722,7
2460104.626317,-2.5730,11.8379,6.5498,5.6180,5.7629,5.8722,7
2460104.643707,-14.7019,13.3975,6.5498,5.6180,5.7629,5.8722,7
2460104.660347,-0.0984,6.2009,6.5498,5.6180,5.7629,5.8722,7
2460104.676617,-8.6832,5.4144,6.5498,5.6180,5.7629,5.8722,7
2460104.703967,-2.9364,6.1960,6.5498,5.6180,5.7629,5.8722,7
2460104.726947,-4.2637,13.1559,6.5498,5.6180,5.7629,5.8722,7
2460104.758877,-9.1790,7.9939,6.5498,5.6180,5.7629,5.8722,7
2460104.841307,4.7822,14.1431,6.5498,5.6180,5.7629,5.8722,7
2460104.859957,-3.7156,17.3856,6.5498,5.6180,5.7629,5.8722,7
2460105.644507,1.2213,3.1096,6.5498,5.6180,5.7629,5.8722,7
2460105.662467,-14.9020,1.2002,6.5498,5.6180,5.7629,5.8722,7
2460105.679167,-6.4928,8.6269,6.5498,5.6180,5.7629,5.8722,7
2460105.696147,-13.1231,8.2395,6.5498,5.6180,5.7629,5.8722,7
2460105.737467,-11.6211,13.3568,6.5498,5.6180,5.7629,5.8722,7
2460105.754147,-8.2419,4.4606,6.5498,5.6180,5.7629,5.8722,7
2460105.771037,-14.9190,12.5464,6.5498,5.6180,5.7629,5.8722,7
2460105.788007,1.9783,14.9787,6.5498,5.6180,5.7629,5.8722,7
2460105.840817,-3.0096,13.7433,6.5498,5.6180,5.7629,5.8722,7
2460105.857777,2.7677,12.0697,6.5498,5.6180,5.7629,5.8722,7
2460105.874667,2.6149,9.2416,6.5498,5.6180,5.7629,5.8722,7
2460106.555607,-21.6277,1.9283,6.5498,5.6180,5.7629,5.8722,7
2460106.618407,-15.7826,22.8533,6.5498,5.6180,5.7629,5.8722,7
2460106.635207,-0.2576,15.4284,6.5498,5.6180,5.7629,5.8722,7
2460106.653147,-3.9065,12.8100,6.5498,5.6180,5.7629,5.8722,7
2460106.670037,4.9760,19.3290,6.5498,5.6180,5.7629,5.8722,7
2460106.687397,-5.3993,22.9744,6.5498,5.6180,5.7629,5.8722,7
2460106.715837,-2.4545,8.5411,6.5498,5.6180,5.7629,5.8722,7
2460106.733417,2.2064,11.3633,6.5498,5.6180,5.7629,5.8722,7
2460106.783487,-2.6070,24.0845,6.5498,5.6180,5.7629,5.8722,7
2460106.819517,-0.2703,21.9453,6.5498,5.6180,5.7629,5.8722,7
2460106.840687,-3.0751,24.0031,6.5498,5.6180,5.7629,5.8722,7
2460107.657617,-8.5114,14.1624,6.5498,5.6180,5.7629,5.8722,7
2460107.684607,-3.5361,5.2064,6.5498,5.6180,5.7629,5.8722,7
2460107.701367,-6.6890,10.1224,6.5498,5.6180,5.7629,5.8722,7
2460107.751907,-4.8036,8.8301,6.5498,5.6180,5.7629,5.8722,7
2460107.860697,-12.3481,15.4399,6.5498,5.6180,5.7629,5.8722,7
2460107.877367,5.3858,0.1095,6.5498,5.6180,5.7629,5.8722,7
2460108.589337,0.7187,6.4524,6.5498,5.6180,5.7629,5.8722,7
2460108.606347,1.3158,9.9139,6.5498,5.6180,5.7629,5.8722,7
2460108.660127,-15.5152,3.5033,6.5498,5.6180,5.7629,5.8722,7
2460108.687317,0.1386,17.5872,6.5498,5.6180,5.7629,5.8722,7
2460108.708057,-5.2982,20.3113,6.5498,5.6180,5.7629,5.8722,7
2460108.741797,-2.2614,14.8939,6.5498,5.6180,5.7629,5.8722,7
2460108.758687,-6.6228,16.4266,6.5498,5.6180,5.7629,5.8722,7
2460108.786117,-1.4268,13.4815,6.5498,5.6180,5.7629,5.8722,7
2460108.802957,4.2843,7.4776,6.5498,5.6180,5.7629,5.8722,7
2460108.819657,-7.1433,3.4433,6.5498,5.6180,5.7629,5.8722,7
2460108.837997,2.8681,19.8535,6.5498,5.6180,5.7629,5.8722,7
2460108.854937,-1.2539,17.5446,6.5498,5.6180,5.7629,5.8722,7
2460109.786757,-10.7495,13.7972,6.5498,5.6180,5.7629,5.8722,7
2460109.803167,-8.4813,19.6147,6.5498,5.6180,5.7629,5.8722,7
2460109.821597,-2.2176,14.9539,6.5498,5.6180,5.7629,5.8722,7
2460109.838047,-12.3887,7.8561,6.5498,5.6180,5.7629,5.8722,7
2460109.855927,-13.1352,3.0746,6.5498,5.6180,5.7629,5.8722,7
2460110.608007,-2.6061,13.0433,6.5498,5.6180,5.7629,5.8722,7
2460110.641727,0.7310,12.3449,6.5498,5.6180,5.7629,5.8722,7
2460110.658977,-4.4625,6.0801,6.5498,5.6180,5.7629,5.8722,7
2460110.687887,-8.5694,9.3599,6.5498,5.6180,5.7629,5.8722,7
2460110.704897,-3.1351,11.2051,6.5498,5.6180,5.7629,5.8722,7
2460110.721507,-3.3810,10.8286,6.5498,5.6180,5.7629,5.8722,7
2460110.739307,-9.6603,11.6675,6.5498,5.6180,5.7629,5.8722,7
2460110.756587,-12.9762,14.3025,6.5498,5.6180,5.7629,5.8722,7
2460110.783987,-1.2461,16.8297,6.5498,5.6180,5.7629,5.8722,7
2460110.800597,-1.1783,10.7120,6.5498,5.6180,5.7629,5.8722,7
2460110.817497,-7.6424,8.7611,6.5498,5.6180,5.7629,5.8722,7
2460110.834347,-3.1567,13.6752,6.5498,5.6180,5.7629,5.8722,7
2460110.850927,-2.7117,13.0195,6.5498,5.6180,5.7629,5.8722,7
2460110.877117,-0.0326,21.7316,6.5498,5.6180,5.7629,5.8722,7
2460111.599657,-0.6339,7.7155,6.5498,5.6180,5.7629,5.8722,7
2460111.616417,2.7436,12.2259,6.5498,5.6180,5.7629,5.8722,7
2460111.658447,-15.9855,9.1420,6.5498,5.6180,5.7629,5.8722,7
2460111.661277,-2.1683,15.6672,6.5498,5.6180,5.7629,5.8722,7
2460111.692377,-1.9611,12.9121,6.5498,5.6180,5.7629,5.8722,7
2460111.729157,-12.0008,18.6446,6.5498,5.6180,5.7629,5.8722,7
2460111.762587,-2.5055,15.1315,6.5498,5.6180,5.7629,5.8722,7
2460111.779437,-4.5545,19.8069,6.5498,5.6180,5.7629,5.8722,7
2460111.796787,0.1186,17.8139,6.5498,5.6180,5.7629,5.8722,7
2460111.828387,-5.1758,12.2876,6.5498,5.6180,5.7629,5.8722,7
2460111.843777,-10.2853,17.5608,6.5498,5.6180,5.7629,5.8722,7
2460111.861017,-9.4349,12.8924,6.5498,5.6180,5.7629,5.8722,7
2460111.873787,-9.1673,8.6487,6.5498,5.6180,5.7629,5.8722,7
2460112.543577,-15.0357,5.7945,6.5498,5.6180,5.7629,5.8722,7
2460112.570807,-7.3681,14.8874,6.5498,5.6180,5.7629,5.8722,7
2460112.587767,-9.7893,11.9508,6.5498,5.6180,5.7629,5.8722,7
2460112.609257,-6.8338,13.8030,6.5498,5.6180,5.7629,5.8722,7
2460112.625787,0.0588,6.8740,6.5498,5.6180,5.7629,5.8722,7
2460112.642737,1.6420,9.4636,6.5498,5.6180,5.7629,5.8722,7
2460112.670767,-1.6222,12.9918,6.5498,5.6180,5.7629,5.8722,7
2460112.687467,3.7085,12.0540,6.5498,5.6180,5.7629,5.8722,7
2460112.704627,-12.0651,11.3088,6.5498,5.6180,5.7629,5.8722,7
2460112.722317,-8.9368,17.1974,6.5498,5.6180,5.7629,5.8722,7
2460112.740787,-7.2785,7.0057,6.5498,5.6180,5.7629,5.8722,7
2460112.757617,-8.3346,20.9659,6.5498,5.6180,5.7629,5.8722,7
2460112.801027,-9.1751,10.8191,6.5498,5.6180,5.7629,5.8722,7
2460112.856127,-2.7298,3.2706,6.5498,5.6180,5.7629,5.8722,7
2460112.872017,3.6578,18.6531,6.5498,5.6180,5.7629,5.8722,7
2460113.561807,-8.4050,16.4177,6.5498,5.6180,5.7629,5.8722,7
2460113.595407,-8.5291,12.4663,6.5498,5.6180,5.7629,5.8722,7
2460113.612177,-10.6617,4.9804,6.5498,5.6180,5.7629,5.8722,7
2460113.630317,3.6838,8.5112,6.5498,5.6180,5.7629,5.8722,7
2460113.661307,-2.9887,8.2370,6.5498,5.6180,5.7629,5.8722,7
2460113.679027,-6.4276,2.5729,6.5498,5.6180,5.7629,5.8722,7
2460113.695877,-6.7847,14.5852,6.5498,5.6180,5.7629,5.8722,7
2460113.712307,0.6207,15.0020,6.5498,5.6180,5.7629,5.8722,7
2460113.772407,0.7920,16.9826,6.5498,5.6180,5.7629,5.8722,7
2460113.807227,-6.3933,4.7571,6.5498,5.6180,5.7629,5.8722,7
2460113.824227,-10.5548,17.0866,6.5498,5.6180,5.7629,5.8722,7
2460113.868727,3.2380,0.0594,6.5498,5.6180,5.7629,5.8722,7
2460114.861577,-16.8682,5.6901,6.5498,5.6180,5.7629,5.8722,7
2460118.664977,-8.1521,5.2235,6.5498,5.6180,5.7629,5.8722,7
2460118.697987,-3.9599,8.9385,6.5498,5.6180,5.7629,5.8722,7
2460118.714287,-9.1638,9.6841,6.5498,5.6180,5.7629,5.8722,7
2460118.792387,-0.3905,9.2125,6.5498,5.6180,5.7629,5.8722,7
2460120.517477,-15.7556,2.3870,6.5498,5.6180,5.7629,5.8722,7
2460120.565837,5.5047,15.8077,6.5498,5.6180,5.7629,5.8722,7
2460120.582847,-3.8250,14.6992,6.5498,5.6180,5.7629,5.8722,7
2460120.599577,-6.7801,12.1974,6.5498,5.6180,5.7629,5.8722,7
2460120.616707,-11.4420,11.4698,6.5498,5.6180,5.7629,5.8722,7
2460120.651187,-11.6514,3.4816,6.5498,5.6180,5.7629,5.8722,7
2460120.668457,-7.3523,20.2740,6.5498,5.6180,5.7629,5.8722,7
2460120.703497,-13.6920,11.4025,6.5498,5.6180,5.7629,5.8722,7
2460120.723297,-13.6189,11.4852,6.5498,5.6180,5.7629,5.8722,7
2460120.768257,-8.0837,16.5093,6.5498,5.6180,5.7629,5.8722,7
2460120.808907,-4.4929,8.9799,6.5498,5.6180,5.7629,5.8722,7
2460120.830757,-4.8816,5.1584,6.5498,5.6180,5.7629,5.8722,7
2460120.836657,0.2037,21.8840,6.5498,5.6180,5.7629,5.8722,7
2460120.850787,-1.4057,18.6988,6.5498,5.6180,5.7629,5.8722,7
2460121.516527,-7.7373,12.1754,6.5498,5.6180,5.7629,5.8722,7
2460121.533607,1.2864,18.4718,6.5498,5.6180,5.7629,5.8722,7
2460121.550387,-8.9736,18.3909,6.5498,5.6180,5.7629,5.8722,7
2460121.567687,-3.7458,8.6620,6.5498,5.6180,5.7629,5.8722,7
2460121.589487,-4.0230,15.9468,6.5498,5.6180,5.7629,5.8722,7
2460121.618557,-7.5995,14.8461,6.5498,5.6180,5.7629,5.8722,7
2460121.652327,-13.3436,7.3371,6.5498,5.6180,5.7629,5.8722,7
2460121.764607,1.5989,11.9188,6.5498,5.6180,5.7629,5.8722,7
2460121.781267,0.2414,8.9424,6.5498,5.6180,5.7629,5.8722,7
2460122.545627,-2.3307,8.3987,6.5498,5.6180,5.7629,5.8722,7
2460122.567207,-4.3250,11.0971,6.5498,5.6180,5.7629,5.8722,7
2460122.596427,-4.4763,3.6549,6.5498,5.6180,5.7629,5.8722,7
2460123.545297,-12.1706,8.7326,6.5498,5.6180,5.7629,5.8722,7
2460123.567437,-2.8786,5.6158,6.5498,5.6180,5.7629,5.8722,7
2460123.595217,-3.8293,7.8672,6.5498,5.6180,5.7629,5.8722,7
2460123.615987,-5.2315,5.3446,6.5498,5.6180,5.7629,5.8722,7
2460123.639647,-4.4632,7.7119,6.5498,5.6180,5.7629,5.8722,7
2460123.667377,-10.4131,11.9429,6.5498,5.6180,5.7629,5.8722,7
2460123.687537,-11.2973,7.0042,6.5498,5.6180,5.7629,5.8722,7
2460123.704557,-15.5781,8.5704,6.5498,5.6180,5.7629,5.8722,7
2460123.738697,-10.0546,22.3209,6.5498,5.6180,5.7629,5.8722,7
2460123.759727,-0.7447,6.0212,6.5498,5.6180,5.7629,5.8722,7
2460123.777067,-5.6568,6.9687,6.5498,5.6180,5.7629,5.8722,7
2460123.794327,-9.9011,15.3946,6.5498,5.6180,5.7629,5.8722,7
2460123.825557,-3.1120,20.4742,6.5498,5.6180,5.7629,5.8722,7
2460124.544027,-22.4072,-1.1252,6.5498,5.6180,5.7629,5.8722,7
2460124.575777,-2.8456,2.5301,6.5498,5.6180,5.7629,5.8722,7
2460124.599027,-11.5645,15.6374,6.5498,5.6180,5.7629,5.8722,7
2460124.600487,-2.3030,12.8731,6.5498,5.6180,5.7629,5.8722,7
2460124.619807,-1.4547,8.9996,6.5498,5.6180,5.7629,5.8722,7
2460124.638357,-9.3118,13.0890,6.5498,5.6180,5.7629,5.8722,7
2460124.656157,-6.1169,14.8771,6.5498,5.6180,5.7629,5.8722,7
2460124.673237,-4.8683,7.3508,6.5498,5.6180,5.7629,5.8722,7
2460124.702037,-2.5054,2.3944,6.5498,5.6180,5.7629,5.8722,7
2460124.725047,-2.8441,4.8119,6.5498,5.6180,5.7629,5.8722,7
2460124.741927,-7.5035,8.1546,6.5498,5.6180,5.7629,5.8722,7
2460124.759097,-4.7723,6.1747,6.5498,5.6180,5.7629,5.8722,7
2460124.775967,-0.0455,18.8160,6.5498,5.6180,5.7629,5.8722,7
2460124.820157,-5.3937,14.8819,6.5498,5.6180,5.7629,5.8722,7
2460124.834477,-6.3511,11.6889,6.5498,5.6180,5.7629,5.8722,7
2460125.534157,-5.4107,12.1464,6.5498,5.6180,5.7629,5.8722,7
2460125.565997,-8.5780,5.9107,6.5498,5.6180,5.7629,5.8722,7
2460125.591467,-11.4090,5.9031,6.5498,5.6180,5.7629,5.8722,7
2460125.608667,-6.5808,13.7140,6.5498,5.6180,5.7629,5.8722,7
2460125.625737,-13.0237,5.9527,6.5498,5.6180,5.7629,5.8722,7
2460125.642987,-16.9058,8.8720,6.5498,5.6180,5.7629,5.8722,7
2460125.674027,-7.8219,7.2592,6.5498,5.6180,5.7629,5.8722,7
2460125.676837,-10.9327,8.6269,6.5498,5.6180,5.7629,5.8722,7
2460125.697237,-14.6730,17.2488,6.5498,5.6180,5.7629,5.8722,7
2460125.734917,-11.6877,11.3045,6.5498,5.6180,5.7629,5.8722,7
2460125.775027,0.3113,8.5854,6.5498,5.6180,5.7629,5.8722,7
2460125.791937,-13.7864,8.7751,6.5498,5.6180,5.7629,5.8722,7
2460125.819057,-7.2476,6.1119,6.5498,5.6180,5.7629,5.8722,7
2460125.830097,-5.4816,10.2439,6.5498,5.6180,5.7629,5.8722,7
2460126.659917,-5.9665,13.6537,6.5498,5.6180,5.7629,5.8722,7
2460129.674377,-5.5542,13.3781,6.5498,5.6180,5.7629,5.8722,7
2460130.655917,0.4305,6.5233,6.5498,5.6180,5.7629,5.8722,7
2460130.689727,-6.6778,14.7216,6.5498,5.6180,5.7629,5.8722,7
2460130.707147,-7.6834,14.1693,6.5498,5.6180,5.7629,5.8722,7
2460130.710087,-5.0237,7.5561,6.5498,5.6180,5.7629,5.8722,7
2460130.727087,-14.2130,12.2728,6.5498,5.6180,5.7629,5.8722,7
2460130.743707,-19.2077,8.9222,6.5498,5.6180,5.7629,5.8722,7
2460131.534117,-11.8053,6.4248,6.5498,5.6180,5.7629,5.8722,7
2460131.684127,-11.6177,8.8293,6.5498,5.6180,5.7629,5.8722,7
2460132.514287,0.9963,19.9833,6.5498,5.6180,5.7629,5.8722,7
2460132.654877,-9.0674,4.4845,6.5498,5.6180,5.7629,5.8722,7
2460132.699417,-6.2483,20.4672,6.5498,5.6180,5.7629,5.8722,7
2460133.675257,-17.4081,21.8493,6.5498,5.6180,5.7629,5.8722,7
2460133.692437,-15.9545,11.3256,6.5498,5.6180,5.7629,5.8722,7
2460133.732677,-2.6956,1.4551,6.5498,5.6180,5.7629,5.8722,7
2460133.746957,-1.3942,14.1276,6.5498,5.6180,5.7629,5.8722,7
2460133.795157,3.7407,5.0494,6.5498,5.6180,5.7629,5.8722,7
2460133.814607,-8.4130,10.9594,6.5498,5.6180,5.7629,5.8722,7
2460133.815957,-1.6784,6.3805,6.5498,5.6180,5.7629,5.8722,7
2460134.533337,-10.5037,-1.9979,6.5498,5.6180,5.7629,5.8722,7
2460134.565917,-13.8861,8.9559,6.5498,5.6180,5.7629,5.8722,7
2460134.583427,-9.0940,5.8903,6.5498,5.6180,5.7629,5.8722,7
2460134.619267,-3.2325,10.3371,6.5498,5.6180,5.7629,5.8722,7
2460134.636357,1.2406,6.7179,6.5498,5.6180,5.7629,5.8722,7
2460134.688337,-12.2587,7.2740,6.5498,5.6180,5.7629,5.8722,7
2460134.699857,-3.2058,11.0532,6.5498,5.6180,5.7629,5.8722,7
2460134.716577,-7.1599,4.4145,6.5498,5.6180,5.7629,5.8722,7
2460138.590337,-2.1212,10.3222,6.5498,5.6180,5.7629,5.8722,7
2460138.670357,-5.1715,-0.2943,6.5498,5.6180,5.7629,5.8722,7
2460138.707877,-12.9141,6.5863,6.5498,5.6180,5.7629,5.8722,7
2460138.735507,-18.3905,10.8817,6.5498,5.6180,5.7629,5.8722,7
2460138.755787,-5.6016,21.7392,6.5498,5.6180,5.7629,5.8722,7
2460139.466467,-5.6797,20.1475,6.5498,5.6180,5.7629,5.8722,7
2460139.533017,4.9241,3.8892,6.5498,5.6180,5.7629,5.8722,7
2460139.549967,4.3688,9.3841,6.5498,5.6180,5.7629,5.8722,7
2460139.594387,-8.1535,12.9889,6.5498,5.6180,5.7629,5.8722,7
2460139.611197,-9.2414,8.5702,6.5498,5.6180,5.7629,5.8722,7
2460139.630277,-10.7586,10.5695,6.5498,5.6180,5.7629,5.8722,7
2460139.646877,0.5422,15.1534,6.5498,5.6180,5.7629,5.8722,7
2460139.666387,-0.7061,8.9873,6.5498,5.6180,5.7629,5.8722,7
2460139.695237,-4.7523,12.1945,6.5498,5.6180,5.7629,5.8722,7
2460139.711917,-2.7491,7.6320,6.5498,5.6180,5.7629,5.8722,7
2460139.732837,1.0109,20.0093,6.5498,5.6180,5.7629,5.8722,7
2460139.753287,3.4840,13.6000,6.5498,5.6180,5.7629,5.8722,7
2460139.770037,3.4099,7.9469,6.5498,5.6180,5.7629,5.8722,7
2460140.485907,-3.4249,14.1395,6.5498,5.6180,5.7629,5.8722,7
2460140.502977,-2.0056,16.4224,6.5498,5.6180,5.7629,5.8722,7
2460140.519807,-1.0803,12.0418,6.5498,5.6180,5.7629,5.8722,7
2460140.536027,-5.2488,5.2067,6.5498,5.6180,5.7629,5.8722,7
2460140.552957,-3.5543,15.1945,6.5498,5.6180,5.7629,5.8722,7
2460140.579907,-13.5682,10.2172,6.5498,5.6180,5.7629,5.8722,7
2460140.596757,-10.1632,18.5841,6.5498,5.6180,5.7629,5.8722,7
2460140.615277,0.2938,7.4443,6.5498,5.6180,5.7629,5.8722,7
2460140.632697,-7.3796,4.0922,6.5498,5.6180,5.7629,5.8722,7
2460140.649447,-7.4934,17.6212,6.5498,5.6180,5.7629,5.8722,7
2460140.678847,-11.1456,11.7822,6.5498,5.6180,5.7629,5.8722,7
2460140.699077,-14.1192,15.7622,6.5498,5.6180,5.7629,5.8722,7
2460140.715637,-3.1916,17.4692,6.5498,5.6180,5.7629,5.8722,7
2460140.732497,-5.4458,19.4388,6.5498,5.6180,5.7629,5.8722,7
2460140.749077,-2.1205,12.4058,6.5498,5.6180,5.7629,5.8722,7
2460140.793627,-8.9771,20.1979,6.5498,5.6180,5.7629,5.8722,7
2460140.794997,-1.0619,13.5657,6.5498,5.6180,5.7629,5.8722,7
2460141.508677,-1.5753,6.6805,6.5498,5.6180,5.7629,5.8722,7
2460141.525567,-13.6325,13.2897,6.5498,5.6180,5.7629,5.8722,7
2460141.553367,-8.5567,5.3703,6.5498,5.6180,5.7629,5.8722,7
2460141.569937,-10.7068,12.3311,6.5498,5.6180,5.7629,5.8722,7
2460141.586527,-10.0033,7.4787,6.5498,5.6180,5.7629,5.8722,7
2460141.603697,-12.8160,7.5798,6.5498,5.6180,5.7629,5.8722,7
2460141.651107,-14.2533,13.0452,6.5498,5.6180,5.7629,5.8722,7
2460141.667887,-4.5514,6.1598,6.5498,5.6180,5.7629,5.8722,7
2460141.684587,-5.6687,8.2776,6.5498,5.6180,5.7629,5.8722,7
2460141.700967,-13.2813,9.4447,6.5498,5.6180,5.7629,5.8722,7
2460141.718367,-8.0955,21.4723,6.5498,5.6180,5.7629,5.8722,7
2460141.762847,-1.8277,12.8122,6.5498,5.6180,5.7629,5.8722,7
2460141.779437,-2.3923,13.5670,6.5498,5.6180,5.7629,5.8722,7
2460141.793437,-10.0352,14.2788,6.5498,5.6180,5.7629,5.8722,7
2460142.479317,2.5603,3.4332,6.5498,5.6180,5.7629,5.8722,7
2460142.496477,0.5081,-2.0190,6.5498,5.6180,5.7629,5.8722,7
2460142.529907,-22.4603,0.8298,6.5498,5.6180,5.7629,5.8722,7
2460142.537587,-6.9235,10.4283,6.5498,5.6180,5.7629,5.8722,7
2460142.561377,-5.1218,11.3262,6.5498,5.6180,5.7629,5.8722,7
2460142.595367,3.1234,15.5923,6.5498,5.6180,5.7629,5.8722,7
2460142.613447,-0.4042,16.4958,6.5498,5.6180,5.7629,5.8722,7
2460142.630677,-12.2389,1.4136,6.5498,5.6180,5.7629,5.8722,7
2460142.661357,3.3416,9.1794,6.5498,5.6180,5.7629,5.8722,7
2460142.680057,-7.9172,9.1446,6.5498,5.6180,5.7629,5.8722,7
2460142.696497,-2.5069,22.2682,6.5498,5.6180,5.7629,5.8722,7
2460142.713447,-1.7375,12.6739,6.5498,5.6180,5.7629,5.8722,7
2460142.730777,-20.1740,15.6249,6.5498,5.6180,5.7629,5.8722,7
2460143.472627,0.0736,11.1614,6.5498,5.6180,5.7629,5.8722,7
2460143.489287,-3.8715,2.0823,6.5498,5.6180,5.7629,5.8722,7
2460143.507937,-7.2937,-0.4171,6.5498,5.6180,5.7629,5.8722,7
2460143.551967,-10.0993,6.1938,6.5498,5.6180,5.7629,5.8722,7
2460144.536897,-23.5248,5.5665,6.5498,5.6180,5.7629,5.8722,7
2460144.553547,-11.4195,8.3670,6.5498,5.6180,5.7629,5.8722,7
2460144.570187,-11.2140,15.1272,6.5498,5.6180,5.7629,5.8722,7
2460144.591767,-2.2594,5.9190,6.5498,5.6180,5.7629,5.8722,7
2460144.726037,-1.7859,1.3663,6.5498,5.6180,5.7629,5.8722,7
2460144.743217,-0.2680,12.4130,6.5498,5.6180,5.7629,5.8722,7
2460146.546327,-7.6784,2.5196,6.5498,5.6180,5.7629,5.8722,7
2460146.574107,-14.6890,8.9712,6.5498,5.6180,5.7629,5.8722,7
2460146.591047,-14.0520,0.8880,6.5498,5.6180,5.7629,5.8722,7
2460148.573357,-10.8424,10.0266,6.5498,5.6180,5.7629,5.8722,7
2460148.670297,-2.7988,3.0505,6.5498,5.6180,5.7629,5.8722,7
2460148.703677,-7.5407,11.4519,6.5498,5.6180,5.7629,5.8722,7
2460148.731107,-18.7027,3.2061,6.5498,5.6180,5.7629,5.8722,7
2460149.480517,-17.2936,2.5896,6.5498,5.6180,5.7629,5.8722,7
2460149.498487,-7.6975,17.8819,6.5498,5.6180,5.7629,5.8722,7
2460149.544807,-4.3982,23.2771,6.5498,5.6180,5.7629,5.8722,7
2460149.615137,-2.7692,6.2254,6.5498,5.6180,5.7629,5.8722,7
2460149.659267,-9.6921,11.5349,6.5498,5.6180,5.7629,5.8722,7
2460149.675807,-11.9967,21.5197,6.5498,5.6180,5.7629,5.8722,7
2460149.709077,-5.2644,17.9747,6.5498,5.6180,5.7629,5.8722,7
2460149.737617,-21.3548,18.5368,6.5498,5.6180,5.7629,5.8722,7
2460150.471637,-0.3577,2.2408,6.5498,5.6180,5.7629,5.8722,7
2460150.480047,-5.6108,16.2277,6.5498,5.6180,5.7629,5.8722,7
2460150.488327,-4.6517,-2.1736,6.5498,5.6180,5.7629,5.8722,7
2460150.496927,-5.1311,10.7961,6.5498,5.6180,5.7629,5.8722,7
2460150.505047,4.1319,6.2834,6.5498,5.6180,5.7629,5.8722,7
2460150.513427,-21.4767,13.6106,6.5498,5.6180,5.7629,5.8722,7
2460150.533937,-12.9970,17.2623,6.5498,5.6180,5.7629,5.8722,7
2460150.542237,-2.6281,8.6716,6.5498,5.6180,5.7629,5.8722,7
2460150.577667,-1.0872,3.9813,6.5498,5.6180,5.7629,5.8722,7
2460150.587467,-1.4618,9.7336,6.5498,5.6180,5.7629,5.8722,7
2460150.595677,-20.3254,12.5151,6.5498,5.6180,5.7629,5.8722,7
2460151.653157,-4.5523,15.2086,6.5498,5.6180,5.7629,5.8722,7
2460151.669797,-3.5481,9.9813,6.5498,5.6180,5.7629,5.8722,7
2460151.687727,-2.7935,1.6165,6.5498,5.6180,5.7629,5.8722,7
2460151.704837,-14.8869,16.2975,6.5498,5.6180,5.7629,5.8722,7
2460151.733437,-17.5514,18.1617,6.5498,5.6180,5.7629,5.8722,7
2460152.517877,-13.4421,14.5519,6.5498,5.6180,5.7629,5.8722,7
2460153.485487,-7.3408,6.6635,6.5498,5.6180,5.7629,5.8722,7
2460153.502507,-11.6652,8.5337,6.5498,5.6180,5.7629,5.8722,7
2460153.551387,-3.9883,6.8802,6.5498,5.6180,5.7629,5.8722,7
2460153.568227,-6.5101,6.5784,6.5498,5.6180,5.7629,5.8722,7
2460153.586407,-12.8792,10.3194,6.5498,5.6180,5.7629,5.8722,7
2460153.603527,-11.8132,7.8477,6.5498,5.6180,5.7629,5.8722,7
2460153.620327,-20.7221,0.6149,6.5498,5.6180,5.7629,5.8722,7
2460153.637317,-12.0302,21.1464,6.5498,5.6180,5.7629,5.8722,7
2460153.685237,-8.4728,16.2480,6.5498,5.6180,5.7629,5.8722,7
2460153.702107,-4.6493,11.6223,6.5498,5.6180,5.7629,5.8722,7
2460153.719057,-6.9768,22.3627,6.5498,5.6180,5.7629,5.8722,7
2460153.736087,-6.4968,10.2466,6.5498,5.6180,5.7629,5.8722,7
2460154.586537,-7.2765,4.8732,6.5498,5.6180,5.7629,5.8722,7
2460157.596627,-10.8651,10.0750,6.5498,5.6180,5.7629,5.8722,7
2460158.629007,-2.7875,15.0391,6.5498,5.6180,5.7629,5.8722,7
2460159.478077,-4.6794,9.8349,6.5498,5.6180,5.7629,5.8722,7
2460159.505057,-12.6537,6.7171,6.5498,5.6180,5.7629,5.8722,7
2460159.556737,-11.5937,12.8672,6.5498,5.6180,5.7629,5.8722,7
2460159.577397,0.2953,15.2831,6.5498,5.6180,5.7629,5.8722,7
2460159.606757,-13.7355,15.7717,6.5498,5.6180,5.7629,5.8722,7
2460159.623337,-9.3659,6.7620,6.5498,5.6180,5.7629,5.8722,7
2460159.641727,-9.7454,6.8114,6.5498,5.6180,5.7629,5.8722,7
2460159.658537,-2.9753,16.9661,6.5498,5.6180,5.7629,5.8722,7
2460159.675387,-3.7546,13.6617,6.5498,5.6180,5.7629,5.8722,7
2460159.692057,-5.0893,8.4747,6.5498,5.6180,5.7629,5.8722,7
2460159.719527,-8.9819,4.0182,6.5498,5.6180,5.7629,5.8722,7
2460160.476987,-18.9192,19.8654,6.5498,5.6180,5.7629,5.8722,7
2460160.493757,-6.0549,4.6361,6.5498,5.6180,5.7629,5.8722,7
2460160.514217,-6.0619,16.2328,6.5498,5.6180,5.7629,5.8722,7
2460160.587767,-0.0539,11.1427,6.5498,5.6180,5.7629,5.8722,7
2460160.604617,-8.5370,8.6837,6.5498,5.6180,5.7629,5.8722,7
2460160.621587,-9.2048,13.6701,6.5498,5.6180,5.7629,5.8722,7
2460160.644487,-8.7686,17.8110,6.5498,5.6180,5.7629,5.8722,7
2460160.661537,-8.6616,10.1167,6.5498,5.6180,5.7629,5.8722,7
2460160.669847,-2.9868,16.5431,6.5498,5.6180,5.7629,5.8722,7
2460160.700287,-11.9938,17.8985,6.5498,5.6180,5.7629,5.8722,7
2460160.716627,-15.9115,21.7637,6.5498,5.6180,5.7629,5.8722,7
2460160.720717,-9.5194,5.7908,6.5498,5.6180,5.7629,5.8722,7
2460161.477677,-6.6030,5.1443,6.5498,5.6180,5.7629,5.8722,7
2460161.499467,-6.8062,4.4604,6.5498,5.6180,5.7629,5.8722,7
2460161.517297,-4.4754,22.9527,6.5498,5.6180,5.7629,5.8722,7
2460161.544917,-15.9746,13.9020,6.5498,5.6180,5.7629,5.8722,7
2460161.565557,-9.0348,16.7239,6.5498,5.6180,5.7629,5.8722,7
2460161.583987,-8.8720,12.9981,6.5498,5.6180,5.7629,5.8722,7
2460161.600797,-9.2424,6.4063,6.5498,5.6180,5.7629,5.8722,7
2460161.626227,-7.3028,12.3485,6.5498,5.6180,5.7629,5.8722,7
2460161.643477,-6.3527,9.3656,6.5498,5.6180,5.7629,5.8722,7
2460161.671357,-6.2268,7.0265,6.5498,5.6180,5.7629,5.8722,7
2460161.693817,-0.3902,12.1746,6.5498,5.6180,5.7629,5.8722,7
2460161.717597,-11.6110,19.7540,6.5498,5.6180,5.7629,5.8722,7
2460161.731717,-1.8276,20.9708,6.5498,5.6180,5.7629,5.8722,7
2460162.476187,-6.7282,3.9686,6.5498,5.6180,5.7629,5.8722,7
2460162.513617,0.0595,19.0432,6.5498,5.6180,5.7629,5.8722,7
2460162.580447,-7.5697,4.2581,6.5498,5.6180,5.7629,5.8722,7
2460162.598677,-17.2010,11.9979,6.5498,5.6180,5.7629,5.8722,7
2460162.642997,-8.3421,-2.1696,6.5498,5.6180,5.7629,5.8722,7
2460162.667257,-7.7564,8.7432,6.5498,5.6180,5.7629,5.8722,7
2460162.690637,2.8781,7.2744,6.5498,5.6180,5.7629,5.8722,7
2460163.585627,-11.6382,21.4106,6.5498,5.6180,5.7629,5.8722,7
2460163.613807,-11.0227,7.7571,6.5498,5.6180,5.7629,5.8722,7
2460163.633667,-0.5882,16.0219,6.5498,5.6180,5.7629,5.8722,7
2460163.650517,-4.4998,9.7280,6.5498,5.6180,5.7629,5.8722,7
2460163.667247,-3.6527,21.4073,6.5498,5.6180,5.7629,5.8722,7
2460163.671407,0.2378,6.8802,6.5498,5.6180,5.7629,5.8722,7
2460165.696917,-11.5664,22.7975,6.5498,5.6180,5.7629,5.8722,7
2460167.586607,-14.8949,4.6223,6.5498,5.6180,5.7629,5.8722,7
2460167.603417,1.3949,15.7740,6.5498,5.6180,5.7629,5.8722,7
2460167.620507,0.0397,12.0191,6.5498,5.6180,5.7629,5.8722,7
2460167.624257,-0.1921,7.6233,6.5498,5.6180,5.7629,5.8722,7
2460167.641037,-16.2971,4.6934,6.5498,5.6180,5.7629,5.8722,7
2460168.470347,-1.1695,16.3002,6.5498,5.6180,5.7629,5.8722,7
2460168.514607,-6.7004,4.9209,6.5498,5.6180,5.7629,5.8722,7
2460168.531757,-3.5863,8.5983,6.5498,5.6180,5.7629,5.8722,7
2460168.548687,-2.1898,18.0622,6.5498,5.6180,5.7629,5.8722,7
2460168.567047,-2.7460,20.4407,6.5498,5.6180,5.7629,5.8722,7
2460168.633077,-6.0106,14.5461,6.5498,5.6180,5.7629,5.8722,7
2460168.649987,-6.7684,10.9127,6.5498,5.6180,5.7629,5.8722,7
2460168.667027,-7.9685,20.5788,6.5498,5.6180,5.7629,5.8722,7
2460168.704237,-2.6298,11.0736,6.5498,5.6180,5.7629,5.8722,7
2460169.490777,-1.8677,15.9888,6.5498,5.6180,5.7629,5.8722,7
2460169.508567,-14.5793,9.4776,6.5498,5.6180,5.7629,5.8722,7
2460169.530557,-2.8814,20.9013,6.5498,5.6180,5.7629,5.8722,7
2460169.547447,-5.0943,8.4042,6.5498,5.6180,5.7629,5.8722,7
2460169.570757,-10.9952,16.6757,6.5498,5.6180,5.7629,5.8722,7
2460169.602437,-6.2944,18.5436,6.5498,5.6180,5.7629,5.8722,7
2460169.635557,-3.1416,20.0502,6.5498,5.6180,5.7629,5.8722,7
2460169.700037,-8.9579,20.6426,6.5498,5.6180,5.7629,5.8722,7
2460169.709647,2.4364,14.4546,6.5498,5.6180,5.7629,5.8722,7
2460170.478107,-6.3975,7.2214,6.5498,5.6180,5.7629,5.8722,7
2460170.494497,-11.7904,9.0965,6.5498,5.6180,5.7629,5.8722,7
2460170.511197,-9.8131,6.8922,6.5498,5.6180,5.7629,5.8722,7
2460170.585627,0.8256,8.0059,6.5498,5.6180,5.7629,5.8722,7
2460170.602647,-5.9135,14.7290,6.5498,5.6180,5.7629,5.8722,7
2460170.619737,-7.1139,20.0233,6.5498,5.6180,5.7629,5.8722,7
2460170.639427,-8.1243,9.6348,6.5498,5.6180,5.7629,5.8722,7
2460170.656457,-4.5244,5.7400,6.5498,5.6180,5.7629,5.8722,7
2460170.702477,-4.8546,7.8186,6.5498,5.6180,5.7629,5.8722,7
2460171.471667,-17.4554,5.1435,6.5498,5.6180,5.7629,5.8722,7
2460171.488197,-9.0696,19.1301,6.5498,5.6180,5.7629,5.8722,7
2460171.505287,-18.6282,11.4763,6.5498,5.6180,5.7629,5.8722,7
2460171.521627,-15.1914,18.0905,6.5498,5.6180,5.7629,5.8722,7
2460171.548667,-15.1023,8.6393,6.5498,5.6180,5.7629,5.8722,7
2460171.586867,-14.3081,8.8400,6.5498,5.6180,5.7629,5.8722,7
2460171.607487,-12.5439,11.4153,6.5498,5.6180,5.7629,5.8722,7
2460171.624127,-7.9839,15.0707,6.5498,5.6180,5.7629,5.8722,7
2460171.651247,-12.9588,13.6919,6.5498,5.6180,5.7629,5.8722,7
2460171.668537,-9.8879,18.5022,6.5498,5.6180,5.7629,5.8722,7
2460171.685407,-6.9864,16.5971,6.5498,5.6180,5.7629,5.8722,7
2460171.701227,1.2794,23.7459,6.5498,5.6180,5.7629,5.8722,7
2460173.470757,-5.3059,15.5582,6.5498,5.6180,5.7629,5.8722,7
2460173.487577,-7.0604,8.3909,6.5498,5.6180,5.7629,5.8722,7
2460173.504357,-2.9068,9.0082,6.5498,5.6180,5.7629,5.8722,7
2460173.521507,-3.9897,7.7878,6.5498,5.6180,5.7629,5.8722,7
2460174.494267,-5.7344,20.2488,6.5498,5.6180,5.7629,5.8722,7
2460174.573017,1.5005,15.5851,6.5498,5.6180,5.7629,5.8722,7
2460174.590187,-9.7129,2.8262,6.5498,5.6180,5.7629,5.8722,7
2460174.606637,-6.8213,18.4691,6.5498,5.6180,5.7629,5.8722,7
2460174.623157,-7.6841,7.4490,6.5498,5.6180,5.7629,5.8722,7
2460174.640807,-12.8740,-0.2642,6.5498,5.6180,5.7629,5.8722,7
2460175.502877,-8.3962,11.4709,6.5498,5.6180,5.7629,5.8722,7
2460175.565407,-4.1289,20.3877,6.5498,5.6180,5.7629,5.8722,7
2460175.583267,-12.1127,13.5672,6.5498,5.6180,5.7629,5.8722,7
2460175.601407,-5.2703,18.7684,6.5498,5.6180,5.7629,5.8722,7
2460177.695627,-13.6801,14.9146,6.5498,5.6180,5.7629,5.8722,7
2460178.494627,-3.3280,6.3531,6.5498,5.6180,5.7629,5.8722,7
2460178.525087,-5.6401,-0.8741,6.5498,5.6180,5.7629,5.8722,7
2460178.545847,-10.4316,3.2875,6.5498,5.6180,5.7629,5.8722,7
2460178.563687,-6.4094,18.8811,6.5498,5.6180,5.7629,5.8722,7
2460178.580217,-9.7942,15.4487,6.5498,5.6180,5.7629,5.8722,7
2460178.600887,-3.6486,23.2702,6.5498,5.6180,5.7629,5.8722,7
2460179.505887,-13.6798,-1.9682,6.5498,5.6180,5.7629,5.8722,7
2460179.557737,-20.4960,16.2602,6.5498,5.6180,5.7629,5.8722,7
2460179.574547,-7.5306,17.5387,6.5498,5.6180,5.7629,5.8722,7
2460179.591217,4.3453,2.7317,6.5498,5.6180,5.7629,5.8722,7
2460179.619907,-4.8480,19.2899,6.5498,5.6180,5.7629,5.8722,7
2460179.636267,-5.1843,13.0614,6.5498,5.6180,5.7629,5.8722,7
2460180.502507,-7.4314,-1.3021,6.5498,5.6180,5.7629,5.8722,7
2460180.538677,-5.8350,2.6923,6.5498,5.6180,5.7629,5.8722,7
2460180.555627,-17.6461,11.5381,6.5498,5.6180,5.7629,5.8722,7
2460180.599937,-11.1606,16.9933,6.5498,5.6180,5.7629,5.8722,7
2460180.616457,-2.7141,18.4967,6.5498,5.6180,5.7629,5.8722,7
2460180.651097,1.5484,13.0963,6.5498,5.6180,5.7629,5.8722,7
2460181.487937,-16.5129,4.8709,6.5498,5.6180,5.7629,5.8722,7
2460181.504537,-4.6041,4.7843,6.5498,5.6180,5.7629,5.8722,7
2460181.540067,-13.4413,10.0925,6.5498,5.6180,5.7629,5.8722,7
2460181.556827,-0.0954,0.1998,6.5498,5.6180,5.7629,5.8722,7
2460181.580177,1.5759,17.5933,6.5498,5.6180,5.7629,5.8722,7
2460181.612567,-10.7144,3.5370,6.5498,5.6180,5.7629,5.8722,7
2460181.616897,-8.0459,20.2355,6.5498,5.6180,5.7629,5.8722,7
2460181.630777,-2.6773,6.9044,6.5498,5.6180,5.7629,5.8722,7
2460181.647867,-8.0390,13.7913,6.5498,5.6180,5.7629,5.8722,7
2460181.672457,-1.1385,0.8921,6.5498,5.6180,5.7629,5.8722,7
2460184.516207,0.8351,23.7888,6.5498,5.6180,5.7629,5.8722,7
2460184.533047,-3.5790,12.5267,6.5498,5.6180,5.7629,5.8722,7
2460185.518477,-6.3526,12.2225,6.5498,5.6180,5.7629,5.8722,7
2460185.537297,-8.6615,20.0246,6.5498,5.6180,5.7629,5.8722,7
2460185.554927,0.6760,14.5092,6.5498,5.6180,5.7629,5.8722,7
2460185.571867,-5.2834,20.4440,6.5498,5.6180,5.7629,5.8722,7
2460186.523957,-16.5793,21.9708,6.5498,5.6180,5.7629,5.8722,7
2460186.540747,-10.4703,14.8667,6.5498,5.6180,5.7629,5.8722,7
2460186.578277,-8.6254,19.3631,6.5498,5.6180,5.7629,5.8722,7
2460186.595027,-6.7035,1.5789,6.5498,5.6180,5.7629,5.8722,7
2460187.531117,-14.4870,8.0559,6.5498,5.6180,5.7629,5.8722,7
2460187.561527,-3.0252,15.3483,6.5498,5.6180,5.7629,5.8722,7
2460187.594137,-17.0418,9.5833,6.5498,5.6180,5.7629,5.8722,7
2460187.618317,-0.9230,8.3446,6.5498,5.6180,5.7629,5.8722,7
2460187.638217,-10.3162,2.4148,6.5498,5.6180,5.7629,5.8722,7
2460187.655127,-15.2906,10.5531,6.5498,5.6180,5.7629,5.8722,7
2460188.476737,-12.1739,13.8434,6.5498,5.6180,5.7629,5.8722,7
2460188.493707,-19.6364,7.8392,6.5498,5.6180,5.7629,5.8722,7
2460188.611167,-5.9790,17.5560,6.5498,5.6180,5.7629,5.8722,7
2460188.635307,-1.6659,21.4134,6.5498,5.6180,5.7629,5.8722,7
2460188.649217,-7.2003,18.0978,6.5498,5.6180,5.7629,5.8722,7
2460189.508167,-10.9121,16.9298,6.5498,5.6180,5.7629,5.8722,7
2460189.524677,-3.2177,1.0398,6.5498,5.6180,5.7629,5.8722,7
2460189.541327,-0.6594,3.7238,6.5498,5.6180,5.7629,5.8722,7
2460191.622407,-9.8647,9.9199,6.5498,5.6180,5.7629,5.8722,7
2460191.648517,1.8206,4.8121,6.5498,5.6180,5.7629,5.8722,7
2460192.646877,-2.1121,15.4275,6.5498,5.6180,5.7629,5.8722,7
2460193.477317,-9.9364,5.1464,6.5498,5.6180,5.7629,5.8722,7
2460193.496847,-13.9761,8.2671,6.5498,5.6180,5.7629,5.8722,7
2460193.545917,-17.4368,8.9693,6.5498,5.6180,5.7629,5.8722,7
2460193.601507,-5.2428,-2.5511,6.5498,5.6180,5.7629,5.8722,7
2460194.582777,2.6093,12.6244,6.5498,5.6180,5.7629,5.8722,7
2460196.476947,-0.9522,14.6530,6.5498,5.6180,5.7629,5.8722,7
2460196.494447,-9.0281,14.2504,6.5498,5.6180,5.7629,5.8722,7
2460196.511217,-10.5163,13.6988,6.5498,5.6180,5.7629,5.8722,7
2460196.528207,-12.5328,15.7285,6.5498,5.6180,5.7629,5.8722,7
2460196.575907,-12.3410,23.0369,6.5498,5.6180,5.7629,5.8722,7
2460200.593647,3.0358,9.4981,6.5498,5.6180,5.7629,5.8722,7
2460201.499777,-14.7998,13.4852,6.5498,5.6180,5.7629,5.8722,7
2460201.516477,0.4603,7.3426,6.5498,5.6180,5.7629,5.8722,7
2460201.534087,-0.8441,7.9646,6.5498,5.6180,5.7629,5.8722,7
2460201.568447,-8.0659,13.4574,6.5498,5.6180,5.7629,5.8722,7
2460201.602267,2.8576,18.9403,6.5498,5.6180,5.7629,5.8722,7
2460201.614697,-0.6470,23.0972,6.5498,5.6180,5.7629,5.8722,7
2460202.487467,1.6398,13.4516,6.5498,5.6180,5.7629,5.8722,7
2460202.504827,-8.7183,12.5412,6.5498,5.6180,5.7629,5.8722,7
2460202.529087,-14.7385,7.8409,6.5498,5.6180,5.7629,5.8722,7
2460202.556257,-15.7548,4.7018,6.5498,5.6180,5.7629,5.8722,7
2460202.619797,-1.9053,15.9843,6.5498,5.6180,5.7629,5.8722,7
2460203.493087,-14.0632,13.0535,6.5498,5.6180,5.7629,5.8722,7
2460203.510297,-12.7005,24.1804,6.5498,5.6180,5.7629,5.8722,7
2460203.527297,-7.0618,7.2232,6.5498,5.6180,5.7629,5.8722,7
2460203.555757,-14.3701,14.5718,6.5498,5.6180,5.7629,5.8722,7
2460203.573727,-8.3441,11.5856,6.5498,5.6180,5.7629,5.8722,7
2460203.591287,-10.0273,20.3014,6.5498,5.6180,5.7629,5.8722,7
2460203.603237,-14.4156,16.8790,6.5498,5.6180,5.7629,5.8722,7
2460203.617037,-2.5082,13.7832,6.5498,5.6180,5.7629,5.8722,7
2460204.477697,-19.1191,6.4035,6.5498,5.6180,5.7629,5.8722,7
2460204.496607,-17.8735,14.6459,6.5498,5.6180,5.7629,5.8722,7
2460204.513667,-11.6404,13.2410,6.5498,5.6180,5.7629,5.8722,7
2460204.545217,-12.0266,16.2713,6.5498,5.6180,5.7629,5.8722,7
2460204.581147,-14.6284,13.9108,6.5498,5.6180,5.7629,5.8722,7
2460204.596827,-21.3664,14.4026,6.5498,5.6180,5.7629,5.8722,7
2460204.610677,-16.9092,14.4395,6.5498,5.6180,5.7629,5.8722,7
2460205.585957,4.0116,11.0036,6.5498,5.6180,5.7629,5.8722,7
2460205.604457,-9.8974,12.4613,6.5498,5.6180,5.7629,5.8722,7
2460206.520247,-7.9117,6.4483,6.5498,5.6180,5.7629,5.8722,7
2460207.487827,-20.1300,22.5027,6.5498,5.6180,5.7629,5.8722,7
2460207.517517,-9.3036,10.7270,6.5498,5.6180,5.7629,5.8722,7
2460207.534547,-15.6836,5.3166,6.5498,5.6180,5.7629,5.8722,7
2460207.551137,-6.8757,24.3385,6.5498,5.6180,5.7629,5.8722,7
2460207.567967,-6.2501,17.9359,6.5498,5.6180,5.7629,5.8722,7
2460207.585607,-3.9013,20.7233,6.5498,5.6180,5.7629,5.8722,7
2460207.591427,-6.1977,-0.3009,6.5498,5.6180,5.7629,5.8722,7
2460207.605567,3.7227,10.7970,6.5498,5.6180,5.7629,5.8722,7
2460208.478877,-12.0738,6.7977,6.5498,5.6180,5.7629,5.8722,7
2460208.506337,-11.9853,11.8467,6.5498,5.6180,5.7629,5.8722,7
2460208.523237,-12.2586,13.1336,6.5498,5.6180,5.7629,5.8722,7
2460208.552227,-20.2864,22.6996,6.5498,5.6180,5.7629,5.8722,7
2460208.569597,-8.4459,8.6420,6.5498,5.6180,5.7629,5.8722,7
2460208.589047,-0.3636,14.6799,6.5498,5.6180,5.7629,5.8722,7
2460209.488157,-14.0790,15.2640,6.5498,5.6180,5.7629,5.8722,7
2460209.521577,-16.6336,8.2417,6.5498,5.6180,5.7629,5.8722,7
2460209.549107,-12.0276,20.0310,6.5498,5.6180,5.7629,5.8722,7
2460209.565527,-10.1038,13.6534,6.5498,5.6180,5.7629,5.8722,7
2460209.579627,0.2307,17.4837,6.5498,5.6180,5.7629,5.8722,7
2460209.593617,0.3620,20.1117,6.5498,5.6180,5.7629,5.8722,7
2460211.530807,-14.6492,9.8451,6.5498,5.6180,5.7629,5.8722,7
2460211.566457,-15.7474,19.0772,6.5498,5.6180,5.7629,5.8722,7
2460211.583427,-14.6300,14.7228,6.5498,5.6180,5.7629,5.8722,7
2460212.483587,-14.8941,8.2992,6.5498,5.6180,5.7629,5.8722,7
2460212.500367,-12.7782,22.7554,6.5498,5.6180,5.7629,5.8722,7
2460212.518987,-17.6573,6.9490,6.5498,5.6180,5.7629,5.8722,7
2460212.535507,-0.2070,17.1496,6.5498,5.6180,5.7629,5.8722,7
2460212.581797,-7.0699,4.3087,6.5498,5.6180,5.7629,5.8722,7
2460212.595567,-7.0403,8.5016,6.5498,5.6180,5.7629,5.8722,7
2460214.486127,-2.8080,12.0948,6.5498,5.6180,5.7629,5.8722,7
2460214.502767,-4.0760,11.8337,6.5498,5.6180,5.7629,5.8722,7
2460214.530417,-10.9413,16.6263,6.5498,5.6180,5.7629,5.8722,7
2460214.547427,-3.6191,4.6442,6.5498,5.6180,5.7629,5.8722,7
2460214.569137,-3.0384,13.2136,6.5498,5.6180,5.7629,5.8722,7
2460214.577547,-13.6723,3.2106,6.5498,5.6180,5.7629,5.8722,7
2460215.485267,-4.3508,9.6223,6.5498,5.6180,5.7629,5.8722,7
2460215.524187,-5.9449,25.0137,6.5498,5.6180,5.7629,5.8722,7
2460216.489607,-8.8321,17.0160,6.5498,5.6180,5.7629,5.8722,7
2460216.506727,-4.8383,18.0494,6.5498,5.6180,5.7629,5.8722,7
2460216.544437,2.6677,18.7473,6.5498,5.6180,5.7629,5.8722,7
2460216.568687,-4.5749,25.0067,6.5498,5.6180,5.7629,5.8722,7
2460216.582837,-2.4718,14.6032,6.5498,5.6180,5.7629,5.8722,7
2460217.503877,-11.4523,11.8941,6.5498,5.6180,5.7629,5.8722,7
2460217.522167,-13.3147,8.2367,6.5498,5.6180,5.7629,5.8722,7
2460217.539127,-5.4133,2.8100,6.5498,5.6180,5.7629,5.8722,7
2460217.555827,-1.4370,13.9863,6.5498,5.6180,5.7629,5.8722,7
2460218.488277,-10.9056,17.8830,6.5498,5.6180,5.7629,5.8722,7
2460218.505287,-5.5119,18.1857,6.5498,5.6180,5.7629,5.8722,7
2460218.532697,0.5917,2.7903,6.5498,5.6180,5.7629,5.8722,7
2460219.503247,-0.6349,1.8687,6.5498,5.6180,5.7629,5.8722,7
2460219.520237,-12.0928,11.2012,6.5498,5.6180,5.7629,5.8722,7
2460219.544857,7.1144,2.2292,6.5498,5.6180,5.7629,5.8722,7
2460219.562357,-2.8878,20.2740,6.5498,5.6180,5.7629,5.8722,7
2460220.519547,-3.1276,23.4145,6.5498,5.6180,5.7629,5.8722,7
2460221.562607,-5.5112,9.1832,6.5498,5.6180,5.7629,5.8722,7
2460222.495977,-3.2926,25.2830,6.5498,5.6180,5.7629,5.8722,7
2460222.530417,0.9283,2.1338,6.5498,5.6180,5.7629,5.8722,7
2460223.541697,-0.8118,20.8701,6.5498,5.6180,5.7629,5.8722,7
2460223.569207,-2.5381,15.2276,6.5498,5.6180,5.7629,5.8722,7
2460226.501137,-14.0118,19.4516,6.5498,5.6180,5.7629,5.8722,7
2460226.519587,-4.0163,26.8685,6.5498,5.6180,5.7629,5.8722,7
2460226.553037,-6.4929,11.1250,6.5498,5.6180,5.7629,5.8722,7
2460226.561247,-4.4717,9.2558,6.5498,5.6180,5.7629,5.8722,7
2460227.551187,-0.4208,16.4819,6.5498,5.6180,5.7629,5.8722,7
2460228.500887,-10.5814,28.1380,6.5498,5.6180,5.7629,5.8722,7
2460228.517717,-9.2677,21.5802,6.5498,5.6180,5.7629,5.8722,7
2460228.545097,1.7584,13.6690,6.5498,5.6180,5.7629,5.8722,7
2460229.493307,-15.0451,21.1028,6.5498,5.6180,5.7629,5.8722,7
2460229.509937,-0.1314,13.2105,6.5498,5.6180,5.7629,5.8722,7
2460229.527747,-1.8452,6.9670,6.5498,5.6180,5.7629,5.8722,7
2460229.544677,1.1116,23.8042,6.5498,5.6180,5.7629,5.8722,7
2460230.492347,-1.4943,12.2956,6.5498,5.6180,5.7629,5.8722,7
2460230.513527,-7.4407,15.4207,6.5498,5.6180,5.7629,5.8722,7
2460230.530537,-8.3431,13.4763,6.5498,5.6180,5.7629,5.8722,7
2460231.501767,-1.2582,14.1095,6.5498,5.6180,5.7629,5.8722,7
2460231.520127,-3.7595,18.5047,6.5498,5.6180,5.7629,5.8722,7
2460232.496097,-8.6466,10.5775,6.5498,5.6180,5.7629,5.8722,7
2460232.513837,-1.1173,22.5010,6.5498,5.6180,5.7629,5.8722,7
2460232.541677,-0.9942,14.1411,6.5498,5.6180,5.7629,5.8722,7
2460235.510967,-16.5323,21.8756,6.5498,5.6180,5.7629,5.8722,7
2460236.527727,-1.2857,14.1082,6.5498,5.6180,5.7629,5.8722,7
2460360.875947,-11.4314,2.9039,6.5498,5.6180,6.3924,5.5829,8
2460361.856857,-5.7563,18.5236,6.5498,5.6180,6.3924,5.5829,8
2460361.873777,-5.9579,2.4016,6.5498,5.6180,6.3924,5.5829,8
2460363.890057,-8.9628,7.6536,6.5498,5.6180,6.3924,5.5829,8
2460365.851617,-14.8449,9.0310,6.5498,5.6180,6.3924,5.5829,8
2460365.895867,-15.7294,6.7818,6.5498,5.6180,6.3924,5.5829,8
2460366.863537,-9.5882,7.4240,6.5498,5.6180,6.3924,5.5829,8
2460366.900067,-10.6366,17.3793,6.5498,5.6180,6.3924,5.5829,8
2460367.863977,-6.0453,12.8855,6.5498,5.6180,6.3924,5.5829,8
2460367.880447,-8.7658,13.5739,6.5498,5.6180,6.3924,5.5829,8
2460368.855747,-11.1919,13.7019,6.5498,5.6180,6.3924,5.5829,8
2460368.872477,-6.6210,18.4570,6.5498,5.6180,6.3924,5.5829,8
2460368.889497,-7.7638,6.2497,6.5498,5.6180,6.3924,5.5829,8
2460369.844717,-8.7714,1.3589,6.5498,5.6180,6.3924,5.5829,8
2460369.861517,-16.7835,22.1549,6.5498,5.6180,6.3924,5.5829,8
2460369.878057,-19.6184,5.2331,6.5498,5.6180,6.3924,5.5829,8
2460370.840697,-7.3755,8.9613,6.5498,5.6180,6.3924,5.5829,8
2460370.858037,-11.5450,2.2184,6.5498,5.6180,6.3924,5.5829,8
2460370.875157,-13.2178,14.4525,6.5498,5.6180,6.3924,5.5829,8
2460370.892187,-12.6240,13.9258,6.5498,5.6180,6.3924,5.5829,8
2460371.870357,-6.4801,5.0858,6.5498,5.6180,6.3924,5.5829,8
2460372.883817,-9.4613,9.0140,6.5498,5.6180,6.3924,5.5829,8
2460374.834857,-18.4979,24.1238,6.5498,5.6180,6.3924,5.5829,8
2460374.854547,-13.0388,19.7443,6.5498,5.6180,6.3924,5.5829,8
2460374.871187,-16.1685,8.6812,6.5498,5.6180,6.3924,5.5829,8
2460375.819697,-3.7705,5.3631,6.5498,5.6180,6.3924,5.5829,8
2460375.870847,-11.5459,20.1793,6.5498,5.6180,6.3924,5.5829,8
2460376.818987,-7.7594,4.5485,6.5498,5.6180,6.3924,5.5829,8
2460376.835677,-5.7107,7.4957,6.5498,5.6180,6.3924,5.5829,8
2460376.852387,-17.4064,8.4535,6.5498,5.6180,6.3924,5.5829,8
2460376.869067,-16.3069,13.1856,6.5498,5.6180,6.3924,5.5829,8
2460376.889697,-10.5010,5.1514,6.5498,5.6180,6.3924,5.5829,8
2460376.892887,-14.0379,16.5178,6.5498,5.6180,6.3924,5.5829,8
2460377.839517,-16.5208,19.7654,6.5498,5.6180,6.3924,5.5829,8
2460377.890827,-11.6496,13.2835,6.5498,5.6180,6.3924,5.5829,8
2460378.823267,-17.5262,12.9121,6.5498,5.6180,6.3924,5.5829,8
2460378.842027,-14.8854,11.9665,6.5498,5.6180,6.3924,5.5829,8
2460378.859147,-14.4037,7.4987,6.5498,5.6180,6.3924,5.5829,8
2460378.875757,-15.3168,8.7483,6.5498,5.6180,6.3924,5.5829,8
2460379.842997,-11.9999,16.1379,6.5498,5.6180,6.3924,5.5829,8
2460379.859957,-16.3826,18.9149,6.5498,5.6180,6.3924,5.5829,8
2460379.876717,-13.2614,7.0526,6.5498,5.6180,6.3924,5.5829,8
2460380.831517,-11.3151,10.0029,6.5498,5.6180,6.3924,5.5829,8
2460380.848157,-18.8690,13.1574,6.5498,5.6180,6.3924,5.5829,8
2460381.815337,-10.2958,12.4331,6.5498,5.6180,6.3924,5.5829,8
2460381.876937,-9.7001,5.2813,6.5498,5.6180,6.3924,5.5829,8
2460381.893847,-8.8970,18.6716,6.5498,5.6180,6.3924,5.5829,8
2460382.841917,-22.9264,8.8649,6.5498,5.6180,6.3924,5.5829,8
2460382.858707,-14.4457,13.5958,6.5498,5.6180,6.3924,5.5829,8
2460382.891697,-7.9629,17.8522,6.5498,5.6180,6.3924,5.5829,8
2460382.908237,-19.9077,12.8604,6.5498,5.6180,6.3924,5.5829,8
2460383.832717,-5.3901,4.6427,6.5498,5.6180,6.3924,5.5829,8
2460383.870117,-14.3946,13.3937,6.5498,5.6180,6.3924,5.5829,8
2460383.887537,-7.1673,9.9896,6.5498,5.6180,6.3924,5.5829,8
2460384.804657,-17.2088,19.9706,6.5498,5.6180,6.3924,5.5829,8
2460384.821597,-17.4235,15.3216,6.5498,5.6180,6.3924,5.5829,8
2460384.855507,-11.3151,14.9719,6.5498,5.6180,6.3924,5.5829,8
2460384.884877,-13.9407,20.7285,6.5498,5.6180,6.3924,5.5829,8
2460384.902167,-5.5012,13.8360,6.5498,5.6180,6.3924,5.5829,8
2460385.868917,-14.2811,21.4977,6.5498,5.6180,6.3924,5.5829,8
2460385.896147,-14.6015,10.6714,6.5498,5.6180,6.3924,5.5829,8
2460385.913267,-5.4175,18.1756,6.5498,5.6180,6.3924,5.5829,8
2460386.796387,-10.3932,21.1077,6.5498,5.6180,6.3924,5.5829,8
2460386.829717,-15.5371,18.1748,6.5498,5.6180,6.3924,5.5829,8
2460386.856697,-19.6135,14.6300,6.5498,5.6180,6.3924,5.5829,8
2460387.786527,-5.4932,3.5329,6.5498,5.6180,6.3924,5.5829,8
2460387.804827,-9.6237,12.4191,6.5498,5.6180,6.3924,5.5829,8
2460387.831737,-15.8650,17.1210,6.5498,5.6180,6.3924,5.5829,8
2460387.848637,-11.3995,20.2929,6.5498,5.6180,6.3924,5.5829,8
2460387.883297,-22.7374,11.6657,6.5498,5.6180,6.3924,5.5829,8
2460387.899717,-20.9442,8.8469,6.5498,5.6180,6.3924,5.5829,8
2460388.784147,-12.0145,15.6961,6.5498,5.6180,6.3924,5.5829,8
2460388.802067,-5.0078,5.4891,6.5498,5.6180,6.3924,5.5829,8
2460388.836487,-11.1836,20.0807,6.5498,5.6180,6.3924,5.5829,8
2460388.853617,-9.4378,14.4927,6.5498,5.6180,6.3924,5.5829,8
2460388.897507,-9.8813,14.0449,6.5498,5.6180,6.3924,5.5829,8
2460389.811887,-8.5190,8.1009,6.5498,5.6180,6.3924,5.5829,8
2460389.839567,-9.9666,16.5021,6.5498,5.6180,6.3924,5.5829,8
2460389.891587,-8.4672,7.3964,6.5498,5.6180,6.3924,5.5829,8
2460390.808697,-5.6923,11.1296,6.5498,5.6180,6.3924,5.5829,8
2460390.825607,-14.8739,18.8966,6.5498,5.6180,6.3924,5.5829,8
2460390.843347,-19.4503,14.4780,6.5498,5.6180,6.3924,5.5829,8
2460390.905837,-20.7621,19.0755,6.5498,5.6180,6.3924,5.5829,8
2460391.788057,-20.3539,18.6123,6.5498,5.6180,6.3924,5.5829,8
2460391.805067,-16.5812,18.6694,6.5498,5.6180,6.3924,5.5829,8
2460391.851667,-12.8584,14.3575,6.5498,5.6180,6.3924,5.5829,8
2460391.868967,-11.6689,20.8560,6.5498,5.6180,6.3924,5.5829,8
2460391.885997,-13.7290,15.2275,6.5498,5.6180,6.3924,5.5829,8
2460391.904437,-11.6144,12.9195,6.5498,5.6180,6.3924,5.5829,8
2460392.773067,-22.0766,8.7811,6.5498,5.6180,6.3924,5.5829,8
2460392.800097,-22.9050,14.3067,6.5498,5.6180,6.3924,5.5829,8
2460392.816537,-18.6906,11.2440,6.5498,5.6180,6.3924,5.5829,8
2460392.835247,-18.6055,12.4796,6.5498,5.6180,6.3924,5.5829,8
2460392.851977,-13.2003,16.4115,6.5498,5.6180,6.3924,5.5829,8
2460393.817157,-6.6157,23.1970,6.5498,5.6180,6.3924,5.5829,8
2460393.861257,-8.8999,10.7101,6.5498,5.6180,6.3924,5.5829,8
2460393.878137,-6.8080,22.2061,6.5498,5.6180,6.3924,5.5829,8
2460393.914037,-7.9225,17.0818,6.5498,5.6180,6.3924,5.5829,8
2460394.768657,-20.1482,10.4039,6.5498,5.6180,6.3924,5.5829,8
2460394.796067,-22.8287,10.1789,6.5498,5.6180,6.3924,5.5829,8
2460394.812857,-13.1381,12.6439,6.5498,5.6180,6.3924,5.5829,8
2460394.870707,-11.8064,14.8255,6.5498,5.6180,6.3924,5.5829,8
2460394.911237,-6.0094,15.1506,6.5498,5.6180,6.3924,5.5829,8
2460395.763607,-20.7654,11.3938,6.5498,5.6180,6.3924,5.5829,8
2460395.780727,-11.0030,17.9678,6.5498,5.6180,6.3924,5.5829,8
2460395.798697,-11.6535,12.8346,6.5498,5.6180,6.3924,5.5829,8
2460395.851777,-21.8323,10.6347,6.5498,5.6180,6.3924,5.5829,8
2460395.868517,-23.1418,9.8301,6.5498,5.6180,6.3924,5.5829,8
2460395.885347,-18.4581,18.5526,6.5498,5.6180,6.3924,5.5829,8
2460395.902607,-19.5047,7.9363,6.5498,5.6180,6.3924,5.5829,8
2460396.766497,-10.7977,12.4927,6.5498,5.6180,6.3924,5.5829,8
2460396.793327,-19.8312,19.8100,6.5498,5.6180,6.3924,5.5829,8
2460396.809877,-16.6288,21.6680,6.5498,5.6180,6.3924,5.5829,8
2460396.826547,-6.2752,12.0584,6.5498,5.6180,6.3924,5.5829,8
2460396.844997,-9.0894,17.2582,6.5498,5.6180,6.3924,5.5829,8
2460396.861527,-19.9443,15.0620,6.5498,5.6180,6.3924,5.5829,8
2460396.878317,-17.7143,11.3824,6.5498,5.6180,6.3924,5.5829,8
2460396.905667,-12.3173,10.3040,6.5498,5.6180,6.3924,5.5829,8
2460397.762637,-4.7047,12.1171,6.5498,5.6180,6.3924,5.5829,8
2460397.823287,-19.0596,18.8739,6.5498,5.6180,6.3924,5.5829,8
2460397.840307,-20.1996,15.2344,6.5498,5.6180,6.3924,5.5829,8
2460397.857077,-18.9581,12.8644,6.5498,5.6180,6.3924,5.5829,8
2460397.873907,-17.2122,11.4770,6.5498,5.6180,6.3924,5.5829,8
2460397.890747,-17.0769,10.6469,6.5498,5.6180,6.3924,5.5829,8
2460397.920277,-15.8716,10.8714,6.5498,5.6180,6.3924,5.5829,8
2460398.778307,-20.7630,20.9194,6.5498,5.6180,6.3924,5.5829,8
2460398.795137,-22.7947,9.2741,6.5498,5.6180,6.3924,5.5829,8
2460398.900807,-14.4876,4.9073,6.5498,5.6180,6.3924,5.5829,8
2460399.760847,-19.6013,11.5761,6.5498,5.6180,6.3924,5.5829,8
2460399.779277,-12.6880,20.5787,6.5498,5.6180,6.3924,5.5829,8
2460399.806817,-18.7496,10.9077,6.5498,5.6180,6.3924,5.5829,8
2460399.823537,-5.0717,12.3134,6.5498,5.6180,6.3924,5.5829,8
2460399.859697,-19.6125,5.6529,6.5498,5.6180,6.3924,5.5829,8
2460402.760357,-9.2568,20.0000,6.5498,5.6180,6.3924,5.5829,8
2460402.787227,-4.3513,16.8538,6.5498,5.6180,6.3924,5.5829,8
2460402.804537,-8.8579,13.3345,6.5498,5.6180,6.3924,5.5829,8
2460402.821367,-11.7899,11.6327,6.5498,5.6180,6.3924,5.5829,8
2460402.838257,-11.8152,4.2705,6.5498,5.6180,6.3924,5.5829,8
2460402.855307,-15.2202,9.1509,6.5498,5.6180,6.3924,5.5829,8
2460402.901317,-18.0861,15.8496,6.5498,5.6180,6.3924,5.5829,8
2460403.747967,-17.1351,22.4509,6.5498,5.6180,6.3924,5.5829,8
2460403.764597,-15.6464,16.8983,6.5498,5.6180,6.3924,5.5829,8
2460403.791507,-16.7406,11.3385,6.5498,5.6180,6.3924,5.5829,8
2460403.825087,-10.4195,13.6194,6.5498,5.6180,6.3924,5.5829,8
2460403.841837,-15.8788,9.7687,6.5498,5.6180,6.3924,5.5829,8
2460403.887437,-19.3125,9.6861,6.5498,5.6180,6.3924,5.5829,8
2460403.920647,-18.0173,12.5349,6.5498,5.6180,6.3924,5.5829,8
2460404.772707,-12.9469,21.3107,6.5498,5.6180,6.3924,5.5829,8
2460404.835827,-9.1164,13.6227,6.5498,5.6180,6.3924,5.5829,8
2460404.852797,-14.1476,14.9639,6.5498,5.6180,6.3924,5.5829,8
2460404.869577,-18.6790,21.4739,6.5498,5.6180,6.3924,5.5829,8
2460405.744077,-3.6366,18.3472,6.5498,5.6180,6.3924,5.5829,8
2460405.760767,-10.2945,9.7786,6.5498,5.6180,6.3924,5.5829,8
2460405.822537,-11.6977,18.3808,6.5498,5.6180,6.3924,5.5829,8
2460405.839217,-20.2813,10.1894,6.5498,5.6180,6.3924,5.5829,8
2460405.862707,-9.9021,9.8955,6.5498,5.6180,6.3924,5.5829,8
2460406.767057,-7.5176,8.6212,6.5498,5.6180,6.3924,5.5829,8
2460406.817387,-8.4258,22.0198,6.5498,5.6180,6.3924,5.5829,8
2460406.851027,-10.3476,6.2972,6.5498,5.6180,6.3924,5.5829,8
2460406.867867,-13.4124,9.4560,6.5498,5.6180,6.3924,5.5829,8
2460406.902157,-13.6500,19.5321,6.5498,5.6180,6.3924,5.5829,8
2460406.920267,-14.8473,14.5546,6.5498,5.6180,6.3924,5.5829,8
2460407.733217,-5.2680,10.5857,6.5498,5.6180,6.3924,5.5829,8
2460407.767407,-11.5031,20.9437,6.5498,5.6180,6.3924,5.5829,8
2460407.795187,-10.1758,19.3229,6.5498,5.6180,6.3924,5.5829,8
2460407.812277,-10.5043,21.4626,6.5498,5.6180,6.3924,5.5829,8
2460407.832147,-14.3884,16.0448,6.5498,5.6180,6.3924,5.5829,8
2460407.850067,-14.2623,9.6077,6.5498,5.6180,6.3924,5.5829,8
2460407.867647,-16.0282,10.7062,6.5498,5.6180,6.3924,5.5829,8
2460407.894517,-11.5762,15.4794,6.5498,5.6180,6.3924,5.5829,8
2460407.923067,-12.1950,4.7297,6.5498,5.6180,6.3924,5.5829,8
2460408.749907,-18.1013,5.9916,6.5498,5.6180,6.3924,5.5829,8
2460409.822887,-16.9835,8.0065,6.5498,5.6180,6.3924,5.5829,8
2460409.839887,-9.2270,11.8868,6.5498,5.6180,6.3924,5.5829,8
2460409.859247,-9.3312,14.8916,6.5498,5.6180,6.3924,5.5829,8
2460409.878787,-13.2312,13.0870,6.5498,5.6180,6.3924,5.5829,8
2460409.923857,-21.8625,14.1417,6.5498,5.6180,6.3924,5.5829,8
2460410.726807,-17.8228,15.1085,6.5498,5.6180,6.3924,5.5829,8
2460410.743487,-6.4804,11.5307,6.5498,5.6180,6.3924,5.5829,8
2460410.777237,-20.9637,14.8463,6.5498,5.6180,6.3924,5.5829,8
2460410.823297,-17.3083,15.5290,6.5498,5.6180,6.3924,5.5829,8
2460410.840277,-16.9004,7.9967,6.5498,5.6180,6.3924,5.5829,8
2460410.858947,-22.5844,11.5686,6.5498,5.6180,6.3924,5.5829,8
2460410.882837,-7.3921,6.4818,6.5498,5.6180,6.3924,5.5829,8
2460411.779987,-4.8097,23.1317,6.5498,5.6180,6.3924,5.5829,8
2460411.807017,-12.9499,20.8829,6.5498,5.6180,6.3924,5.5829,8
2460411.824057,-14.3119,12.8311,6.5498,5.6180,6.3924,5.5829,8
2460411.846737,-18.5846,15.2388,6.5498,5.6180,6.3924,5.5829,8
2460411.863687,-13.1837,8.2947,6.5498,5.6180,6.3924,5.5829,8
2460411.882247,-14.4265,19.4252,6.5498,5.6180,6.3924,5.5829,8
2460411.898897,-9.2601,12.7655,6.5498,5.6180,6.3924,5.5829,8
2460411.903337,-12.7773,18.6880,6.5498,5.6180,6.3924,5.5829,8
2460416.766567,-8.2124,8.6140,6.5498,5.6180,6.3924,5.5829,8
2460416.821277,-21.9156,12.7048,6.5498,5.6180,6.3924,5.5829,8
2460416.876177,-16.6253,15.1872,6.5498,5.6180,6.3924,5.5829,8
2460417.711047,-5.6910,18.3886,6.5498,5.6180,6.3924,5.5829,8
2460417.731407,-12.2239,21.4519,6.5498,5.6180,6.3924,5.5829,8
2460417.748027,-11.3248,13.3940,6.5498,5.6180,6.3924,5.5829,8
2460417.765457,-6.3870,19.0804,6.5498,5.6180,6.3924,5.5829,8
2460417.782727,-18.1403,5.8120,6.5498,5.6180,6.3924,5.5829,8
2460417.810027,-18.2810,11.9316,6.5498,5.6180,6.3924,5.5829,8
2460417.827207,-8.7628,23.0055,6.5498,5.6180,6.3924,5.5829,8
2460417.843597,-7.6729,10.4448,6.5498,5.6180,6.3924,5.5829,8
2460417.860567,-8.4034,13.7060,6.5498,5.6180,6.3924,5.5829,8
2460417.877237,-6.4277,17.8317,6.5498,5.6180,6.3924,5.5829,8
2460417.894047,-18.0097,7.5546,6.5498,5.6180,6.3924,5.5829,8
2460417.921607,-11.8930,11.7380,6.5498,5.6180,6.3924,5.5829,8
2460418.710617,-11.4052,20.0734,6.5498,5.6180,6.3924,5.5829,8
2460418.746337,-13.7814,20.2996,6.5498,5.6180,6.3924,5.5829,8
2460418.763147,-11.0718,9.8681,6.5498,5.6180,6.3924,5.5829,8
2460418.794707,-12.3493,9.2887,6.5498,5.6180,6.3924,5.5829,8
2460418.815647,-13.1286,8.5100,6.5498,5.6180,6.3924,5.5829,8
2460418.832637,-21.4372,12.6517,6.5498,5.6180,6.3924,5.5829,8
2460418.839137,-22.3022,19.5391,6.5498,5.6180,6.3924,5.5829,8
2460418.856257,-5.3287,25.3471,6.5498,5.6180,6.3924,5.5829,8
2460418.875817,-18.0625,14.2774,6.5498,5.6180,6.3924,5.5829,8
2460418.903197,-16.5743,19.2175,6.5498,5.6180,6.3924,5.5829,8
2460418.920517,-16.3969,12.3799,6.5498,5.6180,6.3924,5.5829,8
2460419.706107,-6.0228,17.2052,6.5498,5.6180,6.3924,5.5829,8
2460419.724417,-14.0555,21.5642,6.5498,5.6180,6.3924,5.5829,8
2460419.741117,-5.5034,17.8447,6.5498,5.6180,6.3924,5.5829,8
2460419.772357,-18.5111,15.1977,6.5498,5.6180,6.3924,5.5829,8
2460419.791557,-20.9355,14.8416,6.5498,5.6180,6.3924,5.5829,8
2460419.844437,-16.8714,18.4270,6.5498,5.6180,6.3924,5.5829,8
2460419.861707,-20.2966,15.2897,6.5498,5.6180,6.3924,5.5829,8
2460419.882277,-23.5246,22.8734,6.5498,5.6180,6.3924,5.5829,8
2460419.916307,-14.7810,19.9668,6.5498,5.6180,6.3924,5.5829,8
2460420.709187,-3.5927,9.1620,6.5498,5.6180,6.3924,5.5829,8
2460420.728707,-7.1585,11.7763,6.5498,5.6180,6.3924,5.5829,8
2460420.776567,-14.6534,12.8068,6.5498,5.6180,6.3924,5.5829,8
2460420.810867,-6.7416,20.0753,6.5498,5.6180,6.3924,5.5829,8
2460420.827667,-3.2882,22.7272,6.5498,5.6180,6.3924,5.5829,8
2460420.845527,-6.7509,9.9727,6.5498,5.6180,6.3924,5.5829,8
2460420.873367,-7.9488,13.5628,6.5498,5.6180,6.3924,5.5829,8
2460420.892667,-20.2972,18.4462,6.5498,5.6180,6.3924,5.5829,8
2460420.895367,-16.6674,14.1088,6.5498,5.6180,6.3924,5.5829,8
2460420.910727,-12.2970,15.4970,6.5498,5.6180,6.3924,5.5829,8
2460423.734227,-9.0374,21.9526,6.5498,5.6180,6.3924,5.5829,8
2460423.761157,-10.6206,20.9087,6.5498,5.6180,6.3924,5.5829,8
2460423.783697,-7.1849,8.5958,6.5498,5.6180,6.3924,5.5829,8
2460423.819917,-7.3237,7.0161,6.5498,5.6180,6.3924,5.5829,8
2460423.837297,-15.6103,21.4132,6.5498,5.6180,6.3924,5.5829,8
2460423.864747,-15.7088,19.5385,6.5498,5.6180,6.3924,5.5829,8
2460423.885127,-18.6901,16.5436,6.5498,5.6180,6.3924,5.5829,8
2460423.919647,-10.5384,12.8894,6.5498,5.6180,6.3924,5.5829,8
2460424.789397,-13.4791,12.7442,6.5498,5.6180,6.3924,5.5829,8
2460424.811767,-14.4146,13.8438,6.5498,5.6180,6.3924,5.5829,8
2460424.856777,-15.8088,7.3666,6.5498,5.6180,6.3924,5.5829,8
2460424.873857,-15.7749,8.8014,6.5498,5.6180,6.3924,5.5829,8
2460425.726747,-4.2459,11.8936,6.5498,5.6180,6.3924,5.5829,8
2460425.743567,-14.2468,16.6464,6.5498,5.6180,6.3924,5.5829,8
2460425.760437,-11.6492,26.9961,6.5498,5.6180,6.3924,5.5829,8
2460425.793937,-12.8811,20.9685,6.5498,5.6180,6.3924,5.5829,8
2460425.859667,-22.8253,10.6193,6.5498,5.6180,6.3924,5.5829,8
2460425.877617,-16.6401,13.3652,6.5498,5.6180,6.3924,5.5829,8
2460425.894157,-21.3693,16.6313,6.5498,5.6180,6.3924,5.5829,8
2460425.915007,-5.3605,15.6153,6.5498,5.6180,6.3924,5.5829,8
2460426.893747,-14.0390,4.7420,6.5498,5.6180,6.3924,5.5829,8
2460426.910177,-11.0505,10.5831,6.5498,5.6180,6.3924,5.5829,8
2460426.930277,-14.6598,23.4936,6.5498,5.6180,6.3924,5.5829,8
2460427.844497,-16.7144,15.7951,6.5498,5.6180,6.3924,5.5829,8
2460432.843187,-3.6952,2.4874,6.5498,5.6180,6.3924,5.5829,8
2460432.886857,-11.0295,4.6801,6.5498,5.6180,6.3924,5.5829,8
2460433.707177,-2.5593,9.5688,6.5498,5.6180,6.3924,5.5829,8
2460433.769747,-7.4916,9.6934,6.5498,5.6180,6.3924,5.5829,8
2460433.786387,-6.3046,24.2998,6.5498,5.6180,6.3924,5.5829,8
2460433.813917,-6.8423,26.8449,6.5498,5.6180,6.3924,5.5829,8
2460433.851577,-5.5044,11.4882,6.5498,5.6180,6.3924,5.5829,8
2460433.868537,-16.2850,17.7071,6.5498,5.6180,6.3924,5.5829,8
2460434.692657,-25.0331,20.5434,6.5498,5.6180,6.3924,5.5829,8
2460434.721227,-7.0024,14.2041,6.5498,5.6180,6.3924,5.5829,8
2460434.740557,-6.4121,23.4297,6.5498,5.6180,6.3924,5.5829,8
2460434.761387,-28.6966,2.2269,6.5498,5.6180,6.3924,5.5829,8
2460434.778317,-8.1379,8.7956,6.5498,5.6180,6.3924,5.5829,8
2460434.795277,-4.6992,16.9803,6.5498,5.6180,6.3924,5.5829,8
2460434.824377,-7.4930,13.3909,6.5498,5.6180,6.3924,5.5829,8
2460434.850897,-7.6933,17.3168,6.5498,5.6180,6.3924,5.5829,8
2460434.867857,-5.3219,16.6777,6.5498,5.6180,6.3924,5.5829,8
2460434.884627,-13.6761,22.5077,6.5498,5.6180,6.3924,5.5829,8
2460434.901247,-29.1332,14.4500,6.5498,5.6180,6.3924,5.5829,8
2460434.923597,-1.8340,29.2814,6.5498,5.6180,6.3924,5.5829,8
2460435.659327,-2.6243,27.1660,6.5498,5.6180,6.3924,5.5829,8
2460435.676477,-9.9787,25.0963,6.5498,5.6180,6.3924,5.5829,8
2460435.731547,-17.8721,4.8504,6.5498,5.6180,6.3924,5.5829,8
2460435.760937,-18.9546,16.7156,6.5498,5.6180,6.3924,5.5829,8
2460435.777517,-18.9216,15.2330,6.5498,5.6180,6.3924,5.5829,8
2460435.797977,-20.9347,21.2015,6.5498,5.6180,6.3924,5.5829,8
2460435.816047,-11.3297,18.7660,6.5498,5.6180,6.3924,5.5829,8
2460435.833047,-9.5588,19.9673,6.5498,5.6180,6.3924,5.5829,8
2460435.860347,-19.4763,22.8626,6.5498,5.6180,6.3924,5.5829,8
2460435.877147,-21.5675,15.4658,6.5498,5.6180,6.3924,5.5829,8
2460435.900807,-16.0972,22.5117,6.5498,5.6180,6.3924,5.5829,8
2460435.908237,-3.1631,15.9395,6.5498,5.6180,6.3924,5.5829,8
2460435.923937,-15.4001,13.2433,6.5498,5.6180,6.3924,5.5829,8
2460436.690437,-8.4295,5.5991,6.5498,5.6180,6.3924,5.5829,8
2460436.709037,-11.3300,6.5291,6.5498,5.6180,6.3924,5.5829,8
2460436.725867,-5.6878,25.6413,6.5498,5.6180,6.3924,5.5829,8
2460436.728597,-7.6008,4.6662,6.5498,5.6180,6.3924,5.5829,8
2460436.745247,-18.5661,21.2918,6.5498,5.6180,6.3924,5.5829,8
2460436.761797,0.6310,3.1493,6.5498,5.6180,6.3924,5.5829,8
2460436.789087,-3.6008,12.2922,6.5498,5.6180,6.3924,5.5829,8
2460436.807247,0.9397,14.8543,6.5498,5.6180,6.3924,5.5829,8
2460436.824037,-17.3182,22.1444,6.5498,5.6180,6.3924,5.5829,8
2460436.844777,-7.6027,18.9962,6.5498,5.6180,6.3924,5.5829,8
2460436.861587,-5.8040,13.3772,6.5498,5.6180,6.3924,5.5829,8
2460436.865387,-15.3383,24.9084,6.5498,5.6180,6.3924,5.5829,8
2460436.893817,-15.2634,11.7785,6.5498,5.6180,6.3924,5.5829,8
2460436.910797,-4.6632,21.0537,6.5498,5.6180,6.3924,5.5829,8
2460436.927347,-10.9798,19.6912,6.5498,5.6180,6.3924,5.5829,8
2460438.857127,-31.6727,29.6653,6.5498,5.6180,6.3924,5.5829,8
2460438.901317,-26.0220,31.3678,6.5498,5.6180,6.3924,5.5829,8
2460439.682107,-4.0633,0.9218,6.5498,5.6180,6.3924,5.5829,8
2460439.709757,-16.1401,17.0100,6.5498,5.6180,6.3924,5.5829,8
2460439.726357,-7.0350,3.2366,6.5498,5.6180,6.3924,5.5829,8
2460439.744637,-8.3892,19.6263,6.5498,5.6180,6.3924,5.5829,8
2460439.761337,-8.3131,9.5749,6.5498,5.6180,6.3924,5.5829,8
2460439.788107,-7.0909,17.6449,6.5498,5.6180,6.3924,5.5829,8
2460439.815487,-9.9191,17.6449,6.5498,5.6180,6.3924,5.5829,8
2460439.832327,-14.4011,16.7313,6.5498,5.6180,6.3924,5.5829,8
2460439.852087,-10.1095,23.7429,6.5498,5.6180,6.3924,5.5829,8
2460439.854907,-11.7003,19.2334,6.5498,5.6180,6.3924,5.5829,8
2460439.890087,4.2323,18.5581,6.5498,5.6180,6.3924,5.5829,8
2460440.715047,-16.4532,12.4363,6.5498,5.6180,6.3924,5.5829,8
2460440.732107,-11.3441,16.4837,6.5498,5.6180,6.3924,5.5829,8
2460440.770117,-22.7946,1.2678,6.5498,5.6180,6.3924,5.5829,8
2460440.787067,-21.9278,10.5877,6.5498,5.6180,6.3924,5.5829,8
2460440.805057,0.2868,22.0509,6.5498,5.6180,6.3924,5.5829,8
2460440.885877,-2.7646,7.3260,6.5498,5.6180,6.3924,5.5829,8
2460440.903677,-19.8162,15.3891,6.5498,5.6180,6.3924,5.5829,8
2460441.733077,-2.8363,14.4614,6.5498,5.6180,6.3924,5.5829,8
2460441.749787,-4.2434,10.5453,6.5498,5.6180,6.3924,5.5829,8
2460441.768437,-9.2508,12.9429,6.5498,5.6180,6.3924,5.5829,8
2460442.642787,-9.5400,6.0535,6.5498,5.6180,6.3924,5.5829,8
2460442.714557,-3.0006,22.7761,6.5498,5.6180,6.3924,5.5829,8
2460442.759817,-8.3959,7.2430,6.5498,5.6180,6.3924,5.5829,8
2460442.776527,-4.4323,6.2685,6.5498,5.6180,6.3924,5.5829,8
2460442.793427,-9.2720,23.0611,6.5498,5.6180,6.3924,5.5829,8
2460442.810397,-10.3698,15.7892,6.5498,5.6180,6.3924,5.5829,8
2460442.838037,-14.2152,17.3767,6.5498,5.6180,6.3924,5.5829,8
2460442.855167,-14.7047,10.0298,6.5498,5.6180,6.3924,5.5829,8
2460442.872257,-5.3407,13.5701,6.5498,5.6180,6.3924,5.5829,8
2460442.888897,-9.3337,32.0738,6.5498,5.6180,6.3924,5.5829,8
2460442.907227,-5.7225,9.7501,6.5498,5.6180,6.3924,5.5829,8
2460442.924007,-13.0219,14.0934,6.5498,5.6180,6.3924,5.5829,8
2460443.853277,-14.5817,16.4571,6.5498,5.6180,6.3924,5.5829,8
2460446.776857,-27.8983,16.2267,6.5498,5.6180,6.3924,5.5829,8
2460446.795537,-31.0819,22.8082,6.5498,5.6180,6.3924,5.5829,8
2460447.649007,-7.7331,3.3443,6.5498,5.6180,6.3924,5.5829,8
2460448.717617,-27.6545,15.0656,6.5498,5.6180,6.3924,5.5829,8
2460448.825737,-14.7683,15.9834,6.5498,5.6180,6.3924,5.5829,8
2460448.876907,-8.8523,23.9391,6.5498,5.6180,6.3924,5.5829,8
2460448.894417,-0.7746,17.8483,6.5498,5.6180,6.3924,5.5829,8
2460448.913767,0.1352,7.5247,6.5498,5.6180,6.3924,5.5829,8
2460449.690427,-8.5554,16.9012,6.5498,5.6180,6.3924,5.5829,8
2460449.707857,-4.1233,12.7364,6.5498,5.6180,6.3924,5.5829,8
2460449.726637,-12.1946,14.8148,6.5498,5.6180,6.3924,5.5829,8
2460449.772367,-10.4670,5.6154,6.5498,5.6180,6.3924,5.5829,8
2460449.804407,-12.9553,14.9108,6.5498,5.6180,6.3924,5.5829,8
2460449.889957,-17.4497,25.7903,6.5498,5.6180,6.3924,5.5829,8
2460449.907117,-19.3044,15.5304,6.5498,5.6180,6.3924,5.5829,8
2460449.924457,-27.0520,19.7511,6.5498,5.6180,6.3924,5.5829,8
2460450.623947,0.3996,21.3688,6.5498,5.6180,6.3924,5.5829,8
2460450.656317,-4.4415,27.4053,6.5498,5.6180,6.3924,5.5829,8
2460457.776767,-20.3583,7.9409,6.5498,5.6180,6.3924,5.5829,8
2460457.797437,-21.6194,7.4462,6.5498,5.6180,6.3924,5.5829,8
2460458.669167,-14.9208,19.5300,6.5498,5.6180,6.3924,5.5829,8
2460458.687897,-6.5738,9.5811,6.5498,5.6180,6.3924,5.5829,8
2460458.707097,-20.1191,13.4149,6.5498,5.6180,6.3924,5.5829,8
2460458.724987,-19.8184,13.8501,6.5498,5.6180,6.3924,5.5829,8
2460458.741697,-19.8584,9.9101,6.5498,5.6180,6.3924,5.5829,8
2460458.758347,-8.7751,12.3452,6.5498,5.6180,6.3924,5.5829,8
2460458.785687,-17.8462,11.5419,6.5498,5.6180,6.3924,5.5829,8
2460458.802497,-23.1904,19.8168,6.5498,5.6180,6.3924,5.5829,8
2460458.819467,-8.0592,23.4573,6.5498,5.6180,6.3924,5.5829,8
2460458.836797,-14.0133,15.4394,6.5498,5.6180,6.3924,5.5829,8
2460458.853887,-13.2943,19.5990,6.5498,5.6180,6.3924,5.5829,8
2460459.592407,-13.6287,19.3494,6.5498,5.6180,6.3924,5.5829,8
2460459.609017,-12.7324,5.2225,6.5498,5.6180,6.3924,5.5829,8
2460459.637627,-16.2666,10.5222,6.5498,5.6180,6.3924,5.5829,8
2460459.654627,-5.4853,21.7053,6.5498,5.6180,6.3924,5.5829,8
2460459.671497,-16.5960,18.9422,6.5498,5.6180,6.3924,5.5829,8
2460459.688367,-20.1174,13.7177,6.5498,5.6180,6.3924,5.5829,8
2460459.704987,-15.2469,10.9210,6.5498,5.6180,6.3924,5.5829,8
2460459.732057,-15.6030,14.6829,6.5498,5.6180,6.3924,5.5829,8
2460459.785977,-18.3269,6.7860,6.5498,5.6180,6.3924,5.5829,8
2460459.802617,-14.9841,18.2690,6.5498,5.6180,6.3924,5.5829,8
2460459.836027,-6.6708,13.8362,6.5498,5.6180,6.3924,5.5829,8
2460459.879877,-19.3511,24.9936,6.5498,5.6180,6.3924,5.5829,8
2460459.898187,0.9810,12.9612,6.5498,5.6180,6.3924,5.5829,8
2460459.915217,-2.9957,18.5466,6.5498,5.6180,6.3924,5.5829,8
2460459.918247,-9.6963,8.5937,6.5498,5.6180,6.3924,5.5829,8
2460460.590647,-15.4657,22.5206,6.5498,5.6180,6.3924,5.5829,8
2460460.620427,-16.1438,9.4932,6.5498,5.6180,6.3924,5.5829,8
2460460.637077,-13.1741,12.1472,6.5498,5.6180,6.3924,5.5829,8
2460460.654097,-16.3970,21.0628,6.5498,5.6180,6.3924,5.5829,8
2460460.674707,-15.7517,13.9223,6.5498,5.6180,6.3924,5.5829,8
2460460.691187,-22.1123,15.3802,6.5498,5.6180,6.3924,5.5829,8
2460460.718607,-10.2044,15.4674,6.5498,5.6180,6.3924,5.5829,8
2460460.735557,-12.1891,18.4962,6.5498,5.6180,6.3924,5.5829,8
2460460.752027,-16.4271,16.3418,6.5498,5.6180,6.3924,5.5829,8
2460460.774207,-20.7614,20.9153,6.5498,5.6180,6.3924,5.5829,8
2460460.794067,-17.1886,15.9770,6.5498,5.6180,6.3924,5.5829,8
2460460.810397,-15.4095,21.7287,6.5498,5.6180,6.3924,5.5829,8
2460460.838097,-14.8915,11.7966,6.5498,5.6180,6.3924,5.5829,8
2460460.854957,-11.5040,26.0836,6.5498,5.6180,6.3924,5.5829,8
2460460.871857,-17.6026,11.6575,6.5498,5.6180,6.3924,5.5829,8
2460460.904887,-2.4284,18.8991,6.5498,5.6180,6.3924,5.5829,8
2460460.918897,-5.4456,17.7973,6.5498,5.6180,6.3924,5.5829,8
2460461.606197,-10.1133,20.1285,6.5498,5.6180,6.3924,5.5829,8
2460461.622967,-2.3216,23.4345,6.5498,5.6180,6.3924,5.5829,8
2460461.644577,-8.9725,12.8334,6.5498,5.6180,6.3924,5.5829,8
2460461.664237,-14.2919,21.7754,6.5498,5.6180,6.3924,5.5829,8
2460461.681317,-12.8813,22.3548,6.5498,5.6180,6.3924,5.5829,8
2460461.707977,-8.9289,10.6616,6.5498,5.6180,6.3924,5.5829,8
2460461.724967,-10.2473,13.8052,6.5498,5.6180,6.3924,5.5829,8
2460461.759287,-9.5592,21.1213,6.5498,5.6180,6.3924,5.5829,8
2460461.776087,-12.4673,18.8820,6.5498,5.6180,6.3924,5.5829,8
2460461.807007,-14.1002,21.5378,6.5498,5.6180,6.3924,5.5829,8
2460461.825817,-18.9191,14.2351,6.5498,5.6180,6.3924,5.5829,8
2460461.842817,-15.8987,13.2436,6.5498,5.6180,6.3924,5.5829,8
2460461.862627,-6.0075,24.9307,6.5498,5.6180,6.3924,5.5829,8
2460461.883207,-3.1330,21.1923,6.5498,5.6180,6.3924,5.5829,8
2460463.602467,-11.4486,13.2588,6.5498,5.6180,6.3924,5.5829,8
2460463.605177,-26.1600,9.9306,6.5498,5.6180,6.3924,5.5829,8
2460463.639247,-15.2893,11.6403,6.5498,5.6180,6.3924,5.5829,8
2460463.684697,-17.0564,17.9658,6.5498,5.6180,6.3924,5.5829,8
2460463.706857,-15.5789,18.9813,6.5498,5.6180,6.3924,5.5829,8
2460463.720467,-16.8599,16.8523,6.5498,5.6180,6.3924,5.5829,8
2460463.738497,-7.1641,12.7163,6.5498,5.6180,6.3924,5.5829,8
2460463.742197,-16.0674,12.7248,6.5498,5.6180,6.3924,5.5829,8
2460463.758727,-15.4240,13.0604,6.5498,5.6180,6.3924,5.5829,8
2460463.786227,-11.2463,20.7145,6.5498,5.6180,6.3924,5.5829,8
2460463.802737,-12.0725,21.2069,6.5498,5.6180,6.3924,5.5829,8
2460463.819427,-16.3067,13.7796,6.5498,5.6180,6.3924,5.5829,8
2460463.823477,-13.8014,19.6505,6.5498,5.6180,6.3924,5.5829,8
2460463.885347,-6.6685,25.1929,6.5498,5.6180,6.3924,5.5829,8
2460463.911707,-15.2820,11.4225,6.5498,5.6180,6.3924,5.5829,8
2460464.597427,-20.0489,5.7213,6.5498,5.6180,6.3924,5.5829,8
2460464.641277,-0.4847,18.5581,6.5498,5.6180,6.3924,5.5829,8
2460464.659887,-15.6028,18.0078,6.5498,5.6180,6.3924,5.5829,8
2460464.676437,-21.4263,16.8362,6.5498,5.6180,6.3924,5.5829,8
2460464.693337,-16.0830,16.5243,6.5498,5.6180,6.3924,5.5829,8
2460464.755087,-5.7004,17.9268,6.5498,5.6180,6.3924,5.5829,8
2460464.771967,-2.8980,18.1650,6.5498,5.6180,6.3924,5.5829,8
2460464.790457,-12.0648,21.9389,6.5498,5.6180,6.3924,5.5829,8
2460464.808827,-8.6880,15.7487,6.5498,5.6180,6.3924,5.5829,8
2460464.825337,-12.0272,11.4779,6.5498,5.6180,6.3924,5.5829,8
2460464.906817,-3.8955,19.4477,6.5498,5.6180,6.3924,5.5829,8
2460466.738037,-0.5884,11.1149,6.5498,5.6180,6.3924,5.5829,8
2460467.723427,-22.5337,9.2791,6.5498,5.6180,6.3924,5.5829,8
2460468.578897,-9.1744,12.6313,6.5498,5.6180,6.3924,5.5829,8
2460468.599787,-7.0412,21.2962,6.5498,5.6180,6.3924,5.5829,8
2460468.634317,-5.9012,21.5675,6.5498,5.6180,6.3924,5.5829,8
2460468.661517,-4.1016,14.8562,6.5498,5.6180,6.3924,5.5829,8
2460468.679687,-9.1074,21.4768,6.5498,5.6180,6.3924,5.5829,8
2460468.696517,-12.8551,14.4445,6.5498,5.6180,6.3924,5.5829,8
2460468.733097,-12.4648,20.7877,6.5498,5.6180,6.3924,5.5829,8
2460468.761887,-9.3550,21.5128,6.5498,5.6180,6.3924,5.5829,8
2460468.795337,-7.0406,23.5166,6.5498,5.6180,6.3924,5.5829,8
2460468.812197,-9.2991,15.5383,6.5498,5.6180,6.3924,5.5829,8
2460468.828687,-2.8232,11.1008,6.5498,5.6180,6.3924,5.5829,8
2460468.857837,-2.0902,17.8405,6.5498,5.6180,6.3924,5.5829,8
2460469.630307,-23.2105,22.7093,6.5498,5.6180,6.3924,5.5829,8
2460469.647137,-16.3089,8.4031,6.5498,5.6180,6.3924,5.5829,8
2460469.664007,-22.2556,11.9054,6.5498,5.6180,6.3924,5.5829,8
2460469.727957,-3.0732,16.3167,6.5498,5.6180,6.3924,5.5829,8
2460469.748447,-19.7901,11.8250,6.5498,5.6180,6.3924,5.5829,8
2460469.783447,-17.3026,9.3703,6.5498,5.6180,6.3924,5.5829,8
2460469.801817,-21.9534,11.0622,6.5498,5.6180,6.3924,5.5829,8
2460469.829147,-19.7151,18.3134,6.5498,5.6180,6.3924,5.5829,8
2460469.847527,-2.3261,18.7915,6.5498,5.6180,6.3924,5.5829,8
2460469.863997,-7.8638,22.2206,6.5498,5.6180,6.3924,5.5829,8
2460469.881067,-5.2497,24.3648,6.5498,5.6180,6.3924,5.5829,8
2460473.642817,-8.4680,6.9381,6.5498,5.6180,6.3924,5.5829,8
2460473.661367,-6.0856,13.3479,6.5498,5.6180,6.3924,5.5829,8
2460473.678117,-4.5081,14.6382,6.5498,5.6180,6.3924,5.5829,8
2460473.750137,-10.8684,20.8478,6.5498,5.6180,6.3924,5.5829,8
2460473.769737,-12.1942,19.1820,6.5498,5.6180,6.3924,5.5829,8
2460473.790827,-17.8320,24.8664,6.5498,5.6180,6.3924,5.5829,8
2460473.812007,-5.0619,22.4909,6.5498,5.6180,6.3924,5.5829,8
2460473.841337,-6.7797,18.4431,6.5498,5.6180,6.3924,5.5829,8
2460473.874137,-13.1267,23.8053,6.5498,5.6180,6.3924,5.5829,8
2460477.672647,0.3487,11.4117,6.5498,5.6180,6.3924,5.5829,8
2460477.700237,-9.8274,16.2133,6.5498,5.6180,6.3924,5.5829,8
2460477.717897,-2.9263,19.4864,6.5498,5.6180,6.3924,5.5829,8
2460477.734697,-7.8583,18.8593,6.5498,5.6180,6.3924,5.5829,8
2460477.755307,-5.6415,17.0293,6.5498,5.6180,6.3924,5.5829,8
2460477.773617,0.8340,15.8313,6.5498,5.6180,6.3924,5.5829,8
2460477.801117,-8.7818,24.9640,6.5498,5.6180,6.3924,5.5829,8
2460477.858637,-6.5790,17.1246,6.5498,5.6180,6.3924,5.5829,8
2460478.583167,-17.3163,20.2446,6.5498,5.6180,6.3924,5.5829,8
2460478.604817,-18.5184,10.7454,6.5498,5.6180,6.3924,5.5829,8
2460478.621647,-10.4409,11.8253,6.5498,5.6180,6.3924,5.5829,8
2460478.641247,-9.6184,19.1014,6.5498,5.6180,6.3924,5.5829,8
2460478.658577,-14.7394,22.2545,6.5498,5.6180,6.3924,5.5829,8
2460478.702577,-9.9290,5.4565,6.5498,5.6180,6.3924,5.5829,8
2460478.719897,-3.3303,19.3460,6.5498,5.6180,6.3924,5.5829,8
2460478.736597,-11.0892,12.6598,6.5498,5.6180,6.3924,5.5829,8
2460478.753387,-11.9691,26.1767,6.5498,5.6180,6.3924,5.5829,8
2460478.801387,-11.6693,26.3254,6.5498,5.6180,6.3924,5.5829,8
2460478.820157,-20.6963,26.3778,6.5498,5.6180,6.3924,5.5829,8
2460479.555007,-22.9494,19.2002,6.5498,5.6180,6.3924,5.5829,8
2460479.628087,-0.6567,22.0473,6.5498,5.6180,6.3924,5.5829,8
2460479.655097,0.1987,5.4731,6.5498,5.6180,6.3924,5.5829,8
2460479.682177,-9.5467,15.9574,6.5498,5.6180,6.3924,5.5829,8
2460479.716297,-10.1559,21.3581,6.5498,5.6180,6.3924,5.5829,8
2460479.734047,-3.1162,16.0751,6.5498,5.6180,6.3924,5.5829,8
2460479.756377,-15.5362,20.2272,6.5498,5.6180,6.3924,5.5829,8
2460479.792307,-7.5230,19.6451,6.5498,5.6180,6.3924,5.5829,8
2460479.828757,-4.2610,26.6541,6.5498,5.6180,6.3924,5.5829,8
2460479.862237,2.5928,10.6864,6.5498,5.6180,6.3924,5.5829,8
2460480.661107,1.7658,24.0746,6.5498,5.6180,6.3924,5.5829,8
2460480.677907,-3.0558,21.4134,6.5498,5.6180,6.3924,5.5829,8
2460480.711527,-1.5528,9.0160,6.5498,5.6180,6.3924,5.5829,8
2460480.772077,1.6692,7.8642,6.5498,5.6180,6.3924,5.5829,8
2460481.569697,-8.7456,7.8019,6.5498,5.6180,6.3924,5.5829,8
2460481.586357,-17.6272,14.6408,6.5498,5.6180,6.3924,5.5829,8
2460481.603027,-0.4233,22.3763,6.5498,5.6180,6.3924,5.5829,8
2460481.620027,-8.5121,14.8268,6.5498,5.6180,6.3924,5.5829,8
2460481.637267,1.4488,14.0455,6.5498,5.6180,6.3924,5.5829,8
2460481.665967,-19.0460,20.3757,6.5498,5.6180,6.3924,5.5829,8
2460481.686477,-10.8175,18.1037,6.5498,5.6180,6.3924,5.5829,8
2460481.703197,-17.8395,24.4959,6.5498,5.6180,6.3924,5.5829,8
2460481.720027,-16.7820,15.0253,6.5498,5.6180,6.3924,5.5829,8
2460481.736557,-8.4081,8.5150,6.5498,5.6180,6.3924,5.5829,8
2460481.764047,-15.0799,27.7355,6.5498,5.6180,6.3924,5.5829,8
2460481.800397,-11.7395,14.9001,6.5498,5.6180,6.3924,5.5829,8
2460481.817197,-11.2268,24.3380,6.5498,5.6180,6.3924,5.5829,8
2460481.835557,-19.3166,13.6740,6.5498,5.6180,6.3924,5.5829,8
2460485.773557,-11.2777,22.9886,6.5498,5.6180,6.3924,5.5829,8
2460485.797587,-5.7101,20.3015,6.5498,5.6180,6.3924,5.5829,8
2460485.814267,-7.8785,26.4991,6.5498,5.6180,6.3924,5.5829,8
2460486.521147,-20.5935,18.5110,6.5498,5.6180,6.3924,5.5829,8
2460486.555497,-19.5647,13.4965,6.5498,5.6180,6.3924,5.5829,8
2460486.572547,-11.7647,10.6735,6.5498,5.6180,6.3924,5.5829,8
2460486.617947,-5.9168,16.7630,6.5498,5.6180,6.3924,5.5829,8
2460486.636607,-20.4901,15.5002,6.5498,5.6180,6.3924,5.5829,8
2460486.655047,-13.2903,24.6575,6.5498,5.6180,6.3924,5.5829,8
2460486.675887,-9.4651,11.1170,6.5498,5.6180,6.3924,5.5829,8
2460486.703467,-6.7718,21.7502,6.5498,5.6180,6.3924,5.5829,8
2460486.739377,-19.5521,21.4151,6.5498,5.6180,6.3924,5.5829,8
2460486.756177,-7.4605,16.5806,6.5498,5.6180,6.3924,5.5829,8
2460486.773287,-8.9739,16.6391,6.5498,5.6180,6.3924,5.5829,8
2460487.648127,-18.7962,26.2012,6.5498,5.6180,6.3924,5.5829,8
2460488.565057,-20.2204,11.0484,6.5498,5.6180,6.3924,5.5829,8
2460488.599497,-13.6121,16.8238,6.5498,5.6180,6.3924,5.5829,8
2460488.637067,0.3337,23.6344,6.5498,5.6180,6.3924,5.5829,8
2460488.706547,-14.1829,15.0327,6.5498,5.6180,6.3924,5.5829,8
2460488.723557,-4.9830,6.3593,6.5498,5.6180,6.3924,5.5829,8
2460488.743787,-24.8219,21.3820,6.5498,5.6180,6.3924,5.5829,8
2460488.775377,-10.8054,14.5073,6.5498,5.6180,6.3924,5.5829,8
2460490.514117,-17.8114,15.4739,6.5498,5.6180,6.3924,5.5829,8
2460490.530587,-6.7634,24.9878,6.5498,5.6180,6.3924,5.5829,8
2460490.562157,-4.2176,16.9723,6.5498,5.6180,6.3924,5.5829,8
2460490.578867,-21.5727,16.9224,6.5498,5.6180,6.3924,5.5829,8
2460490.601367,-6.1755,12.5809,6.5498,5.6180,6.3924,5.5829,8
2460490.618067,-17.6382,25.1072,6.5498,5.6180,6.3924,5.5829,8
2460490.634717,-15.0544,20.7542,6.5498,5.6180,6.3924,5.5829,8
2460490.662037,-10.0915,25.0770,6.5498,5.6180,6.3924,5.5829,8
2460490.696327,-19.9355,15.9015,6.5498,5.6180,6.3924,5.5829,8
2460490.712847,-14.7980,15.2421,6.5498,5.6180,6.3924,5.5829,8
2460490.729557,-8.7504,24.8724,6.5498,5.6180,6.3924,5.5829,8
2460490.759617,-18.0750,25.4819,6.5498,5.6180,6.3924,5.5829,8
2460490.776557,-12.1850,25.7171,6.5498,5.6180,6.3924,5.5829,8
2460490.798007,-6.2005,22.5157,6.5498,5.6180,6.3924,5.5829,8
2460490.814747,1.1007,10.8881,6.5498,5.6180,6.3924,5.5829,8
2460491.504697,-1.0846,18.4260,6.5498,5.6180,6.3924,5.5829,8
2460491.531987,-18.9808,18.1320,6.5498,5.6180,6.3924,5.5829,8
2460491.548887,-8.4438,18.5867,6.5498,5.6180,6.3924,5.5829,8
2460491.582667,-21.9436,8.7540,6.5498,5.6180,6.3924,5.5829,8
2460491.600667,-15.3461,16.5508,6.5498,5.6180,6.3924,5.5829,8
2460491.628217,-14.7669,19.5637,6.5498,5.6180,6.3924,5.5829,8
2460491.645507,-9.0209,26.0140,6.5498,5.6180,6.3924,5.5829,8
2460491.664897,-19.0420,15.8745,6.5498,5.6180,6.3924,5.5829,8
2460491.681537,-9.7784,22.6786,6.5498,5.6180,6.3924,5.5829,8
2460491.698597,-16.4630,22.1669,6.5498,5.6180,6.3924,5.5829,8
2460491.726937,-13.3788,18.7877,6.5498,5.6180,6.3924,5.5829,8
2460491.760317,-7.6595,25.7697,6.5498,5.6180,6.3924,5.5829,8
2460491.777097,-12.6685,22.5888,6.5498,5.6180,6.3924,5.5829,8
2460491.793717,-6.6259,12.9974,6.5498,5.6180,6.3924,5.5829,8
2460491.825267,0.2970,20.1079,6.5498,5.6180,6.3924,5.5829,8
2460492.506857,2.3531,14.3583,6.5498,5.6180,6.3924,5.5829,8
2460492.523787,-20.1381,20.7105,6.5498,5.6180,6.3924,5.5829,8
2460492.541307,-18.5512,18.9001,6.5498,5.6180,6.3924,5.5829,8
2460492.559437,-12.7856,12.9521,6.5498,5.6180,6.3924,5.5829,8
2460492.586267,-12.7374,12.8938,6.5498,5.6180,6.3924,5.5829,8
2460492.602747,-17.7823,21.3854,6.5498,5.6180,6.3924,5.5829,8
2460492.622117,-20.7899,11.6834,6.5498,5.6180,6.3924,5.5829,8
2460492.638337,-13.9539,18.6944,6.5498,5.6180,6.3924,5.5829,8
2460492.655557,-9.6821,15.8228,6.5498,5.6180,6.3924,5.5829,8
2460492.684187,-19.9381,20.8910,6.5498,5.6180,6.3924,5.5829,8
2460492.701547,-19.1417,22.4283,6.5498,5.6180,6.3924,5.5829,8
2460492.718397,-12.1743,16.3982,6.5498,5.6180,6.3924,5.5829,8
2460492.735707,-18.3304,24.0563,6.5498,5.6180,6.3924,5.5829,8
2460492.752557,-14.6839,15.9824,6.5498,5.6180,6.3924,5.5829,8
2460492.784697,-4.5893,22.9318,6.5498,5.6180,6.3924,5.5829,8
2460492.801577,2.1660,22.3588,6.5498,5.6180,6.3924,5.5829,8
2460492.818917,-1.2025,18.5211,6.5498,5.6180,6.3924,5.5829,8
2460493.524787,-24.8561,12.8242,6.5498,5.6180,6.3924,5.5829,8
2460493.610647,-8.0124,9.1602,6.5498,5.6180,6.3924,5.5829,8
2460493.658627,-4.3562,11.8420,6.5498,5.6180,6.3924,5.5829,8
2460493.694557,-4.2206,14.7356,6.5498,5.6180,6.3924,5.5829,8
2460493.738957,-19.4607,18.7768,6.5498,5.6180,6.3924,5.5829,8
2460493.755647,-13.9235,16.8064,6.5498,5.6180,6.3924,5.5829,8
2460493.772097,-10.8573,14.0932,6.5498,5.6180,6.3924,5.5829,8
2460493.788487,-12.2869,19.0547,6.5498,5.6180,6.3924,5.5829,8
2460493.805067,-3.0046,11.2332,6.5498,5.6180,6.3924,5.5829,8
2460494.508987,-22.6758,9.1377,6.5498,5.6180,6.3924,5.5829,8
2460494.526077,0.6011,14.4347,6.5498,5.6180,6.3924,5.5829,8
2460494.543007,-21.5122,14.7006,6.5498,5.6180,6.3924,5.5829,8
2460495.557437,-2.8698,27.3062,6.5498,5.6180,6.3924,5.5829,8
2460495.671237,-18.5449,16.0317,6.5498,5.6180,6.3924,5.5829,8
2460495.687487,-13.7347,18.3693,6.5498,5.6180,6.3924,5.5829,8
2460495.704167,-9.8785,20.6608,6.5498,5.6180,6.3924,5.5829,8
2460495.722407,-2.7898,14.4950,6.5498,5.6180,6.3924,5.5829,8
2460495.765907,-20.1535,26.9134,6.5498,5.6180,6.3924,5.5829,8
2460496.557207,-2.6986,21.4478,6.5498,5.6180,6.3924,5.5829,8
2460496.573757,-8.3782,26.4776,6.5498,5.6180,6.3924,5.5829,8
2460496.590537,-5.9038,16.2580,6.5498,5.6180,6.3924,5.5829,8
2460496.608667,-17.8131,17.2184,6.5498,5.6180,6.3924,5.5829,8
2460496.635707,-10.5198,11.2677,6.5498,5.6180,6.3924,5.5829,8
2460496.652967,-11.5495,21.3983,6.5498,5.6180,6.3924,5.5829,8
2460496.670827,-14.7729,15.4194,6.5498,5.6180,6.3924,5.5829,8
2460496.688387,-18.2798,13.6400,6.5498,5.6180,6.3924,5.5829,8
2460496.705497,-0.1822,12.9931,6.5498,5.6180,6.3924,5.5829,8
2460496.722007,-11.8022,16.7982,6.5498,5.6180,6.3924,5.5829,8
2460496.749087,-14.0936,11.9053,6.5498,5.6180,6.3924,5.5829,8
2460496.767307,-5.8075,24.5988,6.5498,5.6180,6.3924,5.5829,8
2460496.784137,-9.0260,20.3975,6.5498,5.6180,6.3924,5.5829,8
2460496.800827,-14.9582,28.2565,6.5498,5.6180,6.3924,5.5829,8
2460496.817587,-8.0231,23.4382,6.5498,5.6180,6.3924,5.5829,8
2460497.497547,-19.4511,16.7389,6.5498,5.6180,6.3924,5.5829,8
2460497.514017,-11.3783,21.9218,6.5498,5.6180,6.3924,5.5829,8
2460497.533447,-13.7815,19.7824,6.5498,5.6180,6.3924,5.5829,8
2460497.550557,-9.2092,21.2512,6.5498,5.6180,6.3924,5.5829,8
2460497.568497,-11.4159,17.1793,6.5498,5.6180,6.3924,5.5829,8
2460497.595657,-21.2755,19.8746,6.5498,5.6180,6.3924,5.5829,8
2460497.614127,-13.2529,17.8041,6.5498,5.6180,6.3924,5.5829,8
2460497.630847,-14.6477,17.5100,6.5498,5.6180,6.3924,5.5829,8
2460497.648237,-14.3550,23.5123,6.5498,5.6180,6.3924,5.5829,8
2460497.664557,-16.6340,22.5197,6.5498,5.6180,6.3924,5.5829,8
2460497.693767,-18.9594,23.8517,6.5498,5.6180,6.3924,5.5829,8
2460497.711007,-20.2243,21.9908,6.5498,5.6180,6.3924,5.5829,8
2460497.727567,-11.0812,20.8799,6.5498,5.6180,6.3924,5.5829,8
2460497.744077,-11.0457,18.2033,6.5498,5.6180,6.3924,5.5829,8
2460497.761017,-10.6903,28.3150,6.5498,5.6180,6.3924,5.5829,8
2460497.777737,-12.9558,14.8057,6.5498,5.6180,6.3924,5.5829,8
2460499.489607,-15.5649,22.7865,6.5498,5.6180,6.3924,5.5829,8
2460499.507367,-8.5443,20.4534,6.5498,5.6180,6.3924,5.5829,8
2460499.535927,-12.6815,21.2359,6.5498,5.6180,6.3924,5.5829,8
2460499.554517,-8.2215,11.4915,6.5498,5.6180,6.3924,5.5829,8
2460499.571267,-18.2126,15.5775,6.5498,5.6180,6.3924,5.5829,8
2460499.588227,-17.9013,20.5936,6.5498,5.6180,6.3924,5.5829,8
2460499.632967,-11.5490,17.7915,6.5498,5.6180,6.3924,5.5829,8
2460499.649927,-19.3377,13.1575,6.5498,5.6180,6.3924,5.5829,8
2460499.666507,-16.2056,14.9884,6.5498,5.6180,6.3924,5.5829,8
2460499.683367,-19.9920,17.2110,6.5498,5.6180,6.3924,5.5829,8
2460499.700147,-18.9401,24.7575,6.5498,5.6180,6.3924,5.5829,8
2460499.744527,-15.2675,25.5003,6.5498,5.6180,6.3924,5.5829,8
2460499.762737,-9.5739,15.5006,6.5498,5.6180,6.3924,5.5829,8
2460499.779277,-3.7401,25.3341,6.5498,5.6180,6.3924,5.5829,8
2460499.801467,-8.3999,20.5651,6.5498,5.6180,6.3924,5.5829,8
2460500.481257,-16.6830,10.4193,6.5498,5.6180,6.3924,5.5829,8
2460500.511317,-3.5114,8.7917,6.5498,5.6180,6.3924,5.5829,8
2460500.538117,-6.7345,11.4703,6.5498,5.6180,6.3924,5.5829,8
2460500.554667,-12.3552,26.9074,6.5498,5.6180,6.3924,5.5829,8
2460500.576817,-11.3282,28.3982,6.5498,5.6180,6.3924,5.5829,8
2460500.593277,-8.7919,13.8107,6.5498,5.6180,6.3924,5.5829,8
2460500.609917,-8.9361,27.7031,6.5498,5.6180,6.3924,5.5829,8
2460500.638437,-7.6594,15.3980,6.5498,5.6180,6.3924,5.5829,8
2460500.655527,-12.8131,17.5920,6.5498,5.6180,6.3924,5.5829,8
2460500.675177,-7.2545,17.4558,6.5498,5.6180,6.3924,5.5829,8
2460500.693207,-8.1651,19.5496,6.5498,5.6180,6.3924,5.5829,8
2460500.709947,1.7608,17.1213,6.5498,5.6180,6.3924,5.5829,8
2460500.744987,-10.8963,22.2467,6.5498,5.6180,6.3924,5.5829,8
2460500.761807,-6.8700,19.5758,6.5498,5.6180,6.3924,5.5829,8
2460500.780277,0.8657,14.7876,6.5498,5.6180,6.3924,5.5829,8
2460500.798257,-11.1088,17.5258,6.5498,5.6180,6.3924,5.5829,8
2460501.511127,-14.7282,9.3827,6.5498,5.6180,6.3924,5.5829,8
2460501.546627,-13.5554,14.4556,6.5498,5.6180,6.3924,5.5829,8
2460501.611847,-1.6300,16.9341,6.5498,5.6180,6.3924,5.5829,8
2460501.647617,-7.8949,2.7181,6.5498,5.6180,6.3924,5.5829,8
2460501.664357,-3.5944,9.6040,6.5498,5.6180,6.3924,5.5829,8
2460501.709577,2.2551,14.0610,6.5498,5.6180,6.3924,5.5829,8
2460501.746317,-19.4292,10.5487,6.5498,5.6180,6.3924,5.5829,8
2460501.783447,-1.2197,8.4342,6.5498,5.6180,6.3924,5.5829,8
2460502.587447,-2.9903,13.4007,6.5498,5.6180,6.3924,5.5829,8
2460502.623907,-19.4853,11.5656,6.5498,5.6180,6.3924,5.5829,8
2460503.531757,-27.7959,6.6612,6.5498,5.6180,6.3924,5.5829,8
2460503.566027,-16.9246,9.4478,6.5498,5.6180,6.3924,5.5829,8
2460503.584117,1.8254,8.5752,6.5498,5.6180,6.3924,5.5829,8
2460503.587047,-2.9458,7.2696,6.5498,5.6180,6.3924,5.5829,8
2460503.631177,-23.0496,7.4082,6.5498,5.6180,6.3924,5.5829,8
2460503.647727,-11.4494,6.0796,6.5498,5.6180,6.3924,5.5829,8
2460503.665227,-27.2848,5.0142,6.5498,5.6180,6.3924,5.5829,8
2460503.681877,-14.3064,13.8821,6.5498,5.6180,6.3924,5.5829,8
2460503.700027,-8.9756,14.6396,6.5498,5.6180,6.3924,5.5829,8
2460503.716897,-3.8117,14.4551,6.5498,5.6180,6.3924,5.5829,8
2460503.744797,-13.8610,11.8318,6.5498,5.6180,6.3924,5.5829,8
2460503.761707,-13.4260,19.0477,6.5498,5.6180,6.3924,5.5829,8
2460503.795547,-17.0705,17.6442,6.5498,5.6180,6.3924,5.5829,8
2460504.576357,-11.8287,15.2767,6.5498,5.6180,6.3924,5.5829,8
2460504.604547,-18.5871,8.5100,6.5498,5.6180,6.3924,5.5829,8
2460504.622387,-6.2397,13.3272,6.5498,5.6180,6.3924,5.5829,8
2460504.639647,-18.9954,28.7110,6.5498,5.6180,6.3924,5.5829,8
2460504.656547,-14.0322,8.3331,6.5498,5.6180,6.3924,5.5829,8
2460504.673497,-12.1316,19.7333,6.5498,5.6180,6.3924,5.5829,8
2460504.704397,-6.7097,15.4903,6.5498,5.6180,6.3924,5.5829,8
2460504.721957,-2.1596,19.8050,6.5498,5.6180,6.3924,5.5829,8
2460504.757177,-2.5752,13.4260,6.5498,5.6180,6.3924,5.5829,8
2460504.775277,-2.3679,24.9462,6.5498,5.6180,6.3924,5.5829,8
2460504.792247,-1.9037,19.1864,6.5498,5.6180,6.3924,5.5829,8
2460505.519427,-23.8575,20.6251,6.5498,5.6180,6.3924,5.5829,8
2460505.535997,-19.7807,6.6646,6.5498,5.6180,6.3924,5.5829,8
2460505.555907,-1.6448,21.8247,6.5498,5.6180,6.3924,5.5829,8
2460505.601757,-2.7093,20.8717,6.5498,5.6180,6.3924,5.5829,8
2460505.620597,-2.3818,18.2301,6.5498,5.6180,6.3924,5.5829,8
2460505.680697,-9.3423,12.6153,6.5498,5.6180,6.3924,5.5829,8
2460505.724757,-10.2094,26.6631,6.5498,5.6180,6.3924,5.5829,8
2460505.741957,0.0825,28.2696,6.5498,5.6180,6.3924,5.5829,8
2460505.759497,-3.0912,23.6272,6.5498,5.6180,6.3924,5.5829,8
2460506.476807,-7.5055,13.6148,6.5498,5.6180,6.3924,5.5829,8
2460506.509697,-14.6783,19.8703,6.5498,5.6180,6.3924,5.5829,8
2460506.526237,-1.3271,23.9988,6.5498,5.6180,6.3924,5.5829,8
2460506.559877,-15.0010,18.4259,6.5498,5.6180,6.3924,5.5829,8
2460506.576897,-10.9687,20.7498,6.5498,5.6180,6.3924,5.5829,8
2460506.613587,-5.6193,16.0899,6.5498,5.6180,6.3924,5.5829,8
2460506.631927,-8.0803,19.7367,6.5498,5.6180,6.3924,5.5829,8
2460506.648757,-12.6599,21.7024,6.5498,5.6180,6.3924,5.5829,8
2460506.714987,-15.2212,24.5630,6.5498,5.6180,6.3924,5.5829,8
2460506.765517,-6.6547,13.1216,6.5498,5.6180,6.3924,5.5829,8
2460507.477767,-11.6731,23.0705,6.5498,5.6180,6.3924,5.5829,8
2460507.493067,-21.5243,25.6817,6.5498,5.6180,6.3924,5.5829,8
2460507.510647,-24.4121,27.1954,6.5498,5.6180,6.3924,5.5829,8
2460507.527427,-9.5468,27.9315,6.5498,5.6180,6.3924,5.5829,8
2460507.548157,-13.6616,16.9247,6.5498,5.6180,6.3924,5.5829,8
2460507.564907,-10.5918,18.6526,6.5498,5.6180,6.3924,5.5829,8
2460507.593287,-9.8093,20.1110,6.5498,5.6180,6.3924,5.5829,8
2460507.612817,-17.5957,12.2548,6.5498,5.6180,6.3924,5.5829,8
2460507.631207,-18.7644,24.6985,6.5498,5.6180,6.3924,5.5829,8
2460507.647657,-10.0127,19.2567,6.5498,5.6180,6.3924,5.5829,8
2460507.664097,-5.6679,21.8974,6.5498,5.6180,6.3924,5.5829,8
2460507.711977,-3.5032,21.0124,6.5498,5.6180,6.3924,5.5829,8
2460507.728287,1.7952,19.9091,6.5498,5.6180,6.3924,5.5829,8
2460507.749227,-14.7543,16.6590,6.5498,5.6180,6.3924,5.5829,8
2460508.578067,-8.9934,6.1681,6.5498,5.6180,6.3924,5.5829,8
2460508.603367,-7.0637,25.9001,6.5498,5.6180,6.3924,5.5829,8
2460508.624147,-28.9569,19.1894,6.5498,5.6180,6.3924,5.5829,8
2460508.642837,-7.7865,17.0411,6.5498,5.6180,6.3924,5.5829,8
2460508.660027,-14.3307,14.2580,6.5498,5.6180,6.3924,5.5829,8
2460508.676717,1.7110,13.3218,6.5498,5.6180,6.3924,5.5829,8
2460508.703997,-14.2774,16.3983,6.5498,5.6180,6.3924,5.5829,8
2460508.724687,-1.9252,6.9996,6.5498,5.6180,6.3924,5.5829,8
2460508.746917,-6.7470,12.4107,6.5498,5.6180,6.3924,5.5829,8
2460508.780557,-14.1115,17.8569,6.5498,5.6180,6.3924,5.5829,8
2460509.493997,-7.9887,15.7577,6.5498,5.6180,6.3924,5.5829,8
2460509.514367,-14.1335,26.9976,6.5498,5.6180,6.3924,5.5829,8
2460509.534617,-16.1157,8.7307,6.5498,5.6180,6.3924,5.5829,8
2460509.551027,-15.5552,11.8652,6.5498,5.6180,6.3924,5.5829,8
2460509.568027,-13.9641,21.8679,6.5498,5.6180,6.3924,5.5829,8
2460509.596327,-23.0935,17.1380,6.5498,5.6180,6.3924,5.5829,8
2460509.614767,-24.6767,18.0797,6.5498,5.6180,6.3924,5.5829,8
2460509.633517,-11.3189,21.6263,6.5498,5.6180,6.3924,5.5829,8
2460509.650357,-16.6935,25.2182,6.5498,5.6180,6.3924,5.5829,8
2460509.695887,-16.7618,19.4758,6.5498,5.6180,6.3924,5.5829,8
2460509.712407,-25.1835,15.0958,6.5498,5.6180,6.3924,5.5829,8
2460509.729137,-9.6981,21.5585,6.5498,5.6180,6.3924,5.5829,8
2460509.745477,-21.6121,14.6106,6.5498,5.6180,6.3924,5.5829,8
2460509.762417,-22.7101,12.6763,6.5498,5.6180,6.3924,5.5829,8
2460515.589677,-29.2674,17.8083,6.5498,5.6180,6.3924,5.5829,8
2460515.626407,-17.7907,24.1499,6.5498,5.6180,6.3924,5.5829,8
2460515.726377,1.4125,13.7745,6.5498,5.6180,6.3924,5.5829,8
2460515.753667,-17.0827,19.9076,6.5498,5.6180,6.3924,5.5829,8
2460516.476917,-10.5395,5.3443,6.5498,5.6180,6.3924,5.5829,8
2460516.574997,-15.6393,5.6375,6.5498,5.6180,6.3924,5.5829,8
2460516.592257,-15.9741,1.8526,6.5498,5.6180,6.3924,5.5829,8
2460516.595867,-10.7896,17.6069,6.5498,5.6180,6.3924,5.5829,8
2460516.614497,-18.1641,10.2698,6.5498,5.6180,6.3924,5.5829,8
2460516.631477,-6.9461,16.5081,6.5498,5.6180,6.3924,5.5829,8
2460516.658447,-14.8251,10.0620,6.5498,5.6180,6.3924,5.5829,8
2460516.675047,-7.5396,24.1079,6.5498,5.6180,6.3924,5.5829,8
2460516.699597,-2.2192,16.1223,6.5498,5.6180,6.3924,5.5829,8
2460516.716727,-5.1584,19.8940,6.5498,5.6180,6.3924,5.5829,8
2460517.480227,-34.7154,9.7836,6.5498,5.6180,6.3924,5.5829,8
2460517.498727,-24.0881,1.4460,6.5498,5.6180,6.3924,5.5829,8
2460517.515347,-7.1361,15.5930,6.5498,5.6180,6.3924,5.5829,8
2460517.612307,-11.1006,23.0497,6.5498,5.6180,6.3924,5.5829,8
2460517.629327,-18.0960,21.9423,6.5498,5.6180,6.3924,5.5829,8
2460517.673247,-15.3396,5.2003,6.5498,5.6180,6.3924,5.5829,8
2460517.690327,-7.9456,13.1389,6.5498,5.6180,6.3924,5.5829,8
2460517.708687,-1.1159,10.4356,6.5498,5.6180,6.3924,5.5829,8
2460517.726207,-2.1605,12.8039,6.5498,5.6180,6.3924,5.5829,8
2460517.743017,-4.0559,12.5906,6.5498,5.6180,6.3924,5.5829,8
2460518.490087,-16.9685,15.7092,6.5498,5.6180,6.3924,5.5829,8
2460518.507027,-11.0830,22.0602,6.5498,5.6180,6.3924,5.5829,8
2460518.523837,-12.8674,18.0281,6.5498,5.6180,6.3924,5.5829,8
2460518.540817,-19.9281,11.2939,6.5498,5.6180,6.3924,5.5829,8
2460518.568137,-15.9631,13.6719,6.5498,5.6180,6.3924,5.5829,8
2460518.570847,-13.6215,6.9898,6.5498,5.6180,6.3924,5.5829,8
2460518.587487,-16.1116,18.4216,6.5498,5.6180,6.3924,5.5829,8
2460518.606227,-21.0022,15.4035,6.5498,5.6180,6.3924,5.5829,8
2460518.623377,-16.4189,18.8127,6.5498,5.6180,6.3924,5.5829,8
2460518.640127,-15.2119,22.4573,6.5498,5.6180,6.3924,5.5829,8
2460518.670717,-13.0898,21.1241,6.5498,5.6180,6.3924,5.5829,8
2460518.687517,-15.6205,26.8716,6.5498,5.6180,6.3924,5.5829,8
2460518.704047,-11.5090,13.4087,6.5498,5.6180,6.3924,5.5829,8
2460518.720497,-2.6971,17.4041,6.5498,5.6180,6.3924,5.5829,8
2460518.737327,-13.2310,27.0563,6.5498,5.6180,6.3924,5.5829,8
2460519.476387,-6.1952,19.3402,6.5498,5.6180,6.3924,5.5829,8
2460519.492957,-8.5371,21.2385,6.5498,5.6180,6.3924,5.5829,8
2460519.512797,-10.9410,14.3022,6.5498,5.6180,6.3924,5.5829,8
2460519.529987,-14.1615,16.8731,6.5498,5.6180,6.3924,5.5829,8
2460519.581237,-18.5551,20.6229,6.5498,5.6180,6.3924,5.5829,8
2460519.598097,-23.1527,16.0718,6.5498,5.6180,6.3924,5.5829,8
2460519.615027,-21.3198,20.1923,6.5498,5.6180,6.3924,5.5829,8
2460519.632767,-10.9523,27.6198,6.5498,5.6180,6.3924,5.5829,8
2460519.653397,-11.0437,27.5767,6.5498,5.6180,6.3924,5.5829,8
2460519.681887,-4.2044,19.3705,6.5498,5.6180,6.3924,5.5829,8
2460519.699137,-6.0953,16.8479,6.5498,5.6180,6.3924,5.5829,8
2460519.723227,-2.8961,24.6333,6.5498,5.6180,6.3924,5.5829,8
2460519.739797,-5.4880,8.5538,6.5498,5.6180,6.3924,5.5829,8
2460520.476867,-7.0705,20.3243,6.5498,5.6180,6.3924,5.5829,8
2460520.493677,1.0835,9.1022,6.5498,5.6180,6.3924,5.5829,8
2460520.513907,-9.7253,18.1394,6.5498,5.6180,6.3924,5.5829,8
2460520.530397,-17.7229,16.1184,6.5498,5.6180,6.3924,5.5829,8
2460520.547227,-6.4510,10.1635,6.5498,5.6180,6.3924,5.5829,8
2460520.574477,-4.9150,20.9201,6.5498,5.6180,6.3924,5.5829,8
2460520.593507,-10.1718,15.9468,6.5498,5.6180,6.3924,5.5829,8
2460520.610307,-13.5269,26.6597,6.5498,5.6180,6.3924,5.5829,8
2460520.626847,-9.5747,19.8746,6.5498,5.6180,6.3924,5.5829,8
2460520.644207,-10.5126,19.5846,6.5498,5.6180,6.3924,5.5829,8
2460520.665027,-12.5521,22.4750,6.5498,5.6180,6.3924,5.5829,8
2460520.695897,-8.3945,18.8598,6.5498,5.6180,6.3924,5.5829,8
2460520.713267,-7.4071,17.6679,6.5498,5.6180,6.3924,5.5829,8
2460520.730337,-15.1623,18.4277,6.5498,5.6180,6.3924,5.5829,8
2460520.746757,-5.9556,20.1116,6.5498,5.6180,6.3924,5.5829,8
2460521.467817,-17.9833,21.8402,6.5498,5.6180,6.3924,5.5829,8
2460521.495257,-6.8713,20.4496,6.5498,5.6180,6.3924,5.5829,8
2460521.512057,-13.5476,19.4529,6.5498,5.6180,6.3924,5.5829,8
2460521.528827,-21.0571,16.6667,6.5498,5.6180,6.3924,5.5829,8
2460521.548397,-15.6674,10.1247,6.5498,5.6180,6.3924,5.5829,8
2460521.566137,-13.7567,15.7045,6.5498,5.6180,6.3924,5.5829,8
2460521.593547,-20.1605,18.9013,6.5498,5.6180,6.3924,5.5829,8
2460521.610557,-13.6799,11.7105,6.5498,5.6180,6.3924,5.5829,8
2460521.629917,-20.3572,15.4568,6.5498,5.6180,6.3924,5.5829,8
2460521.646557,-20.3692,21.2613,6.5498,5.6180,6.3924,5.5829,8
2460521.663487,-13.6182,25.7285,6.5498,5.6180,6.3924,5.5829,8
2460521.691037,-4.9646,16.1650,6.5498,5.6180,6.3924,5.5829,8
2460521.718317,-7.7802,25.7332,6.5498,5.6180,6.3924,5.5829,8
2460521.735887,-9.6071,14.1329,6.5498,5.6180,6.3924,5.5829,8
2460528.534717,-13.8303,16.5689,6.5498,5.6180,6.3924,5.5829,8
2460528.553447,-15.7646,18.0098,6.5498,5.6180,6.3924,5.5829,8
2460528.601917,-25.5581,15.5533,6.5498,5.6180,6.3924,5.5829,8
2460528.637237,-14.3375,18.9411,6.5498,5.6180,6.3924,5.5829,8
2460528.654277,-20.4088,15.0036,6.5498,5.6180,6.3924,5.5829,8
2460528.717297,-25.9857,27.4481,6.5498,5.6180,6.3924,5.5829,8
2460530.598247,-15.4890,7.9916,6.5498,5.6180,6.3924,5.5829,8
2460530.614907,-14.2120,12.4733,6.5498,5.6180,6.3924,5.5829,8
2460530.660857,-21.2771,23.8306,6.5498,5.6180,6.3924,5.5829,8
2460531.540607,-20.5852,15.4802,6.5498,5.6180,6.3924,5.5829,8
2460531.718357,-24.6604,14.5093,6.5498,5.6180,6.3924,5.5829,8
2460532.476887,-10.5231,15.1098,6.5498,5.6180,6.3924,5.5829,8
2460532.493887,-21.2760,22.5676,6.5498,5.6180,6.3924,5.5829,8
2460532.514807,-12.8948,18.4217,6.5498,5.6180,6.3924,5.5829,8
2460532.531857,-11.8905,18.2273,6.5498,5.6180,6.3924,5.5829,8
2460532.559127,-16.2605,14.0331,6.5498,5.6180,6.3924,5.5829,8
2460532.576197,-16.9334,19.7453,6.5498,5.6180,6.3924,5.5829,8
2460532.593957,-20.6033,20.1669,6.5498,5.6180,6.3924,5.5829,8
2460532.612307,-20.4649,22.1924,6.5498,5.6180,6.3924,5.5829,8
2460532.629207,-8.6097,22.4753,6.5498,5.6180,6.3924,5.5829,8
2460532.657027,-9.3545,19.4965,6.5498,5.6180,6.3924,5.5829,8
2460532.673517,-13.9804,24.3755,6.5498,5.6180,6.3924,5.5829,8
2460532.690687,-7.0029,21.2030,6.5498,5.6180,6.3924,5.5829,8
2460532.707897,-13.7009,21.7208,6.5498,5.6180,6.3924,5.5829,8
2460532.710737,-10.2654,25.8651,6.5498,5.6180,6.3924,5.5829,8
2460533.484227,-23.8381,23.8509,6.5498,5.6180,6.3924,5.5829,8
2460533.512127,-13.0612,23.6443,6.5498,5.6180,6.3924,5.5829,8
2460533.575527,-10.2353,12.5325,6.5498,5.6180,6.3924,5.5829,8
2460533.592417,-13.5227,15.4389,6.5498,5.6180,6.3924,5.5829,8
2460533.621647,-15.7049,26.3628,6.5498,5.6180,6.3924,5.5829,8
2460533.638237,-5.4907,19.0776,6.5498,5.6180,6.3924,5.5829,8
2460533.671647,-2.2195,25.7388,6.5498,5.6180,6.3924,5.5829,8
2460534.488827,-16.9298,14.9549,6.5498,5.6180,6.3924,5.5829,8
2460534.506667,-12.0748,11.8373,6.5498,5.6180,6.3924,5.5829,8
2460534.523037,-15.0289,11.4650,6.5498,5.6180,6.3924,5.5829,8
2460534.540187,-12.6628,17.1919,6.5498,5.6180,6.3924,5.5829,8
2460534.568757,-17.0840,15.8728,6.5498,5.6180,6.3924,5.5829,8
2460534.586287,-13.1526,20.6702,6.5498,5.6180,6.3924,5.5829,8
2460534.603097,-5.5490,21.8418,6.5498,5.6180,6.3924,5.5829,8
2460534.621727,-14.6732,15.1330,6.5498,5.6180,6.3924,5.5829,8
2460534.638907,-8.4560,8.6325,6.5498,5.6180,6.3924,5.5829,8
2460535.475607,-11.9778,15.1471,6.5498,5.6180,6.3924,5.5829,8
2460535.495777,-14.8121,12.4749,6.5498,5.6180,6.3924,5.5829,8
2460535.514037,-18.5515,6.5333,6.5498,5.6180,6.3924,5.5829,8
2460535.542197,-16.0942,15.4786,6.5498,5.6180,6.3924,5.5829,8
2460535.559177,-22.0549,12.5111,6.5498,5.6180,6.3924,5.5829,8
2460535.576427,-25.5591,17.4420,6.5498,5.6180,6.3924,5.5829,8
2460535.595587,-14.2250,16.3369,6.5498,5.6180,6.3924,5.5829,8
2460535.614357,-15.8441,16.5245,6.5498,5.6180,6.3924,5.5829,8
2460535.642917,-8.1557,10.2255,6.5498,5.6180,6.3924,5.5829,8
2460535.664587,-14.5661,20.1186,6.5498,5.6180,6.3924,5.5829,8
2460535.694087,-21.5215,11.8609,6.5498,5.6180,6.3924,5.5829,8
2460536.467047,-13.3849,20.1518,6.5498,5.6180,6.3924,5.5829,8
2460536.485337,-17.6731,7.1664,6.5498,5.6180,6.3924,5.5829,8
2460536.515507,-19.4863,5.6471,6.5498,5.6180,6.3924,5.5829,8
2460536.545287,-11.4860,15.6740,6.5498,5.6180,6.3924,5.5829,8
2460536.569467,-10.8136,16.8490,6.5498,5.6180,6.3924,5.5829,8
2460536.587847,-11.4787,14.5422,6.5498,5.6180,6.3924,5.5829,8
2460536.604707,-8.0075,12.2882,6.5498,5.6180,6.3924,5.5829,8
2460536.622257,-8.7917,9.8943,6.5498,5.6180,6.3924,5.5829,8
2460536.655227,-15.8701,17.6484,6.5498,5.6180,6.3924,5.5829,8
2460536.674617,-30.9128,10.7851,6.5498,5.6180,6.3924,5.5829,8
2460536.689867,-16.2543,5.6215,6.5498,5.6180,6.3924,5.5829,8
2460542.631777,0.3060,27.3502,6.5498,5.6180,6.3924,5.5829,8
2460542.648347,-25.5000,17.6371,6.5498,5.6180,6.3924,5.5829,8
2460543.581667,-28.7304,19.2515,6.5498,5.6180,6.3924,5.5829,8
2460543.598627,-0.7413,19.6647,6.5498,5.6180,6.3924,5.5829,8
2460543.678277,-7.5910,21.3608,6.5498,5.6180,6.3924,5.5829,8
2460544.612007,-13.7089,15.1977,6.5498,5.6180,6.3924,5.5829,8
2460544.660677,-6.9735,11.9963,6.5498,5.6180,6.3924,5.5829,8
2460544.678297,-27.6818,19.2965,6.5498,5.6180,6.3924,5.5829,8
2460545.680047,-1.8718,4.4470,6.5498,5.6180,6.3924,5.5829,8
2460546.574367,-12.1409,12.9860,6.5498,5.6180,6.3924,5.5829,8
2460546.591227,-18.9190,18.7203,6.5498,5.6180,6.3924,5.5829,8
2460547.471747,-13.9306,15.0687,6.5498,5.6180,6.3924,5.5829,8
2460547.488667,-12.8582,13.5987,6.5498,5.6180,6.3924,5.5829,8
2460547.505347,-10.5761,11.6278,6.5498,5.6180,6.3924,5.5829,8
2460547.570267,-13.8961,24.4518,6.5498,5.6180,6.3924,5.5829,8
2460547.587357,-14.3933,14.7650,6.5498,5.6180,6.3924,5.5829,8
2460547.605587,-9.9725,20.0891,6.5498,5.6180,6.3924,5.5829,8
2460547.638217,-2.0465,20.3593,6.5498,5.6180,6.3924,5.5829,8
2460547.656977,-13.5504,14.8200,6.5498,5.6180,6.3924,5.5829,8
2460548.471667,-12.0987,11.8512,6.5498,5.6180,6.3924,5.5829,8
2460548.488767,-20.2383,14.8174,6.5498,5.6180,6.3924,5.5829,8
2460548.533537,-14.6996,21.9763,6.5498,5.6180,6.3924,5.5829,8
2460548.563807,-21.9199,14.3431,6.5498,5.6180,6.3924,5.5829,8
2460548.582307,-16.9271,13.8151,6.5498,5.6180,6.3924,5.5829,8
2460548.599067,-16.2346,21.7683,6.5498,5.6180,6.3924,5.5829,8
2460548.615567,-6.2440,25.6577,6.5498,5.6180,6.3924,5.5829,8
2460548.632887,-7.9882,13.1424,6.5498,5.6180,6.3924,5.5829,8
2460548.679267,-12.6069,26.2300,6.5498,5.6180,6.3924,5.5829,8
2460549.472127,-15.3146,15.4734,6.5498,5.6180,6.3924,5.5829,8
2460549.489847,-11.8375,21.1871,6.5498,5.6180,6.3924,5.5829,8
2460549.506667,-14.8164,20.1506,6.5498,5.6180,6.3924,5.5829,8
2460549.550887,-17.2506,21.6765,6.5498,5.6180,6.3924,5.5829,8
2460549.567467,-8.8506,14.2079,6.5498,5.6180,6.3924,5.5829,8
2460549.584077,-11.8351,18.7375,6.5498,5.6180,6.3924,5.5829,8
2460549.619617,-9.7052,19.9861,6.5498,5.6180,6.3924,5.5829,8
2460549.666687,-14.7920,18.3337,6.5498,5.6180,6.3924,5.5829,8
2460550.522327,-17.5314,20.4358,6.5498,5.6180,6.3924,5.5829,8
2460550.543567,-9.1679,18.1060,6.5498,5.6180,6.3924,5.5829,8
2460550.571327,-7.9242,7.1413,6.5498,5.6180,6.3924,5.5829,8
2460550.588217,-7.5805,18.5815,6.5498,5.6180,6.3924,5.5829,8
2460550.637977,-4.7752,18.5385,6.5498,5.6180,6.3924,5.5829,8
2460550.666357,-28.1719,15.0939,6.5498,5.6180,6.3924,5.5829,8
2460551.547077,-26.4902,23.3730,6.5498,5.6180,6.3924,5.5829,8
2460551.579607,-22.4986,26.0037,6.5498,5.6180,6.3924,5.5829,8
2460553.530437,-6.5152,11.6141,6.5498,5.6180,6.3924,5.5829,8
2460553.547657,-11.2556,15.0041,6.5498,5.6180,6.3924,5.5829,8
2460553.568417,-12.4336,26.1324,6.5498,5.6180,6.3924,5.5829,8
2460553.585227,-28.3814,25.2909,6.5498,5.6180,6.3924,5.5829,8
2460553.647017,-0.4739,18.2450,6.5498,5.6180,6.3924,5.5829,8
2460554.481487,-11.7617,16.0659,6.5498,5.6180,6.3924,5.5829,8
2460554.509207,-11.4845,9.7122,6.5498,5.6180,6.3924,5.5829,8
2460554.529867,-10.0537,16.0977,6.5498,5.6180,6.3924,5.5829,8
2460554.548747,-14.4413,20.8642,6.5498,5.6180,6.3924,5.5829,8
2460554.567317,-3.7793,22.6056,6.5498,5.6180,6.3924,5.5829,8
2460554.649427,-22.3750,6.5594,6.5498,5.6180,6.3924,5.5829,8
2460555.484557,-13.5209,18.5659,6.5498,5.6180,6.3924,5.5829,8
2460555.502227,-21.4841,12.5458,6.5498,5.6180,6.3924,5.5829,8
2460555.518927,-10.6602,11.9120,6.5498,5.6180,6.3924,5.5829,8
2460555.564697,-19.9666,25.8358,6.5498,5.6180,6.3924,5.5829,8
2460555.581777,-11.0580,13.4586,6.5498,5.6180,6.3924,5.5829,8
2460555.598547,-7.7533,18.2763,6.5498,5.6180,6.3924,5.5829,8
2460555.615337,-11.7487,12.4523,6.5498,5.6180,6.3924,5.5829,8
2460555.643277,-13.3480,14.8571,6.5498,5.6180,6.3924,5.5829,8
2460556.507827,-3.6466,12.7072,6.5498,5.6180,6.3924,5.5829,8
2460556.524717,-9.4907,19.6965,6.5498,5.6180,6.3924,5.5829,8
2460556.551657,-4.1080,15.8709,6.5498,5.6180,6.3924,5.5829,8
2460556.569887,-13.6126,18.7119,6.5498,5.6180,6.3924,5.5829,8
2460556.586547,-10.4221,20.6574,6.5498,5.6180,6.3924,5.5829,8
2460556.603037,-3.7360,27.0452,6.5498,5.6180,6.3924,5.5829,8
2460557.496387,-12.4608,12.2534,6.5498,5.6180,6.3924,5.5829,8
2460557.513667,-15.6412,10.3999,6.5498,5.6180,6.3924,5.5829,8
2460557.531157,-14.2130,7.6255,6.5498,5.6180,6.3924,5.5829,8
2460557.576567,-8.9504,15.0706,6.5498,5.6180,6.3924,5.5829,8
2460557.592927,-7.8313,17.2255,6.5498,5.6180,6.3924,5.5829,8
2460557.609407,-2.6686,20.4740,6.5498,5.6180,6.3924,5.5829,8
2460557.643467,-16.6510,21.3890,6.5498,5.6180,6.3924,5.5829,8
2460558.498447,-18.7606,14.1993,6.5498,5.6180,6.3924,5.5829,8
2460558.515997,-8.6022,15.0451,6.5498,5.6180,6.3924,5.5829,8
2460558.544507,-16.5422,20.1221,6.5498,5.6180,6.3924,5.5829,8
2460558.561517,-13.8098,19.3295,6.5498,5.6180,6.3924,5.5829,8
2460558.578877,-17.6444,16.7895,6.5498,5.6180,6.3924,5.5829,8
2460558.606297,-11.9413,16.6331,6.5498,5.6180,6.3924,5.5829,8
2460558.640067,-5.9526,19.2376,6.5498,5.6180,6.3924,5.5829,8
2460559.491317,-24.8352,9.7441,6.5498,5.6180,6.3924,5.5829,8
2460559.507987,-13.3182,18.3387,6.5498,5.6180,6.3924,5.5829,8
2460559.524427,-7.1829,14.1130,6.5498,5.6180,6.3924,5.5829,8
2460559.543047,-15.7015,22.5952,6.5498,5.6180,6.3924,5.5829,8
2460559.570757,-13.6248,14.6913,6.5498,5.6180,6.3924,5.5829,8
2460559.587237,-17.4024,20.3935,6.5498,5.6180,6.3924,5.5829,8
2460559.604047,-4.3400,15.4497,6.5498,5.6180,6.3924,5.5829,8
2460559.620537,-3.7012,10.5042,6.5498,5.6180,6.3924,5.5829,8
2460559.640247,-14.7752,22.4164,6.5498,5.6180,6.3924,5.5829,8
2460560.476717,-15.7600,26.3191,6.5498,5.6180,6.3924,5.5829,8
2460560.503737,-15.1071,8.6514,6.5498,5.6180,6.3924,5.5829,8
2460560.522167,-16.7037,17.2008,6.5498,5.6180,6.3924,5.5829,8
2460560.572287,-8.2127,18.4935,6.5498,5.6180,6.3924,5.5829,8
2460560.604047,-11.9343,10.9223,6.5498,5.6180,6.3924,5.5829,8
2460560.620547,-3.4634,26.4326,6.5498,5.6180,6.3924,5.5829,8
2460560.637377,-15.4408,28.3982,6.5498,5.6180,6.3924,5.5829,8
2460561.485937,-17.3746,20.4341,6.5498,5.6180,6.3924,5.5829,8
2460561.505347,-20.7473,20.6133,6.5498,5.6180,6.3924,5.5829,8
2460561.522237,-19.4793,17.4045,6.5498,5.6180,6.3924,5.5829,8
2460561.550457,-25.0512,18.1920,6.5498,5.6180,6.3924,5.5829,8
2460561.567597,-13.8603,12.0413,6.5498,5.6180,6.3924,5.5829,8
2460561.584627,-9.3086,26.3878,6.5498,5.6180,6.3924,5.5829,8
2460561.601727,-4.4307,18.3070,6.5498,5.6180,6.3924,5.5829,8
2460562.480907,-15.3172,20.8725,6.5498,5.6180,6.3924,5.5829,8
2460562.519187,-24.8204,22.9447,6.5498,5.6180,6.3924,5.5829,8
2460562.552867,-17.3859,18.4099,6.5498,5.6180,6.3924,5.5829,8
2460562.597667,-7.7629,28.1206,6.5498,5.6180,6.3924,5.5829,8
2460562.615997,-16.1178,16.2030,6.5498,5.6180,6.3924,5.5829,8
2460563.490337,-19.0618,14.8711,6.5498,5.6180,6.3924,5.5829,8
2460563.521427,-21.4450,13.9977,6.5498,5.6180,6.3924,5.5829,8
2460563.556547,-16.3231,21.2276,6.5498,5.6180,6.3924,5.5829,8
2460567.476397,-20.1037,12.4792,6.5498,5.6180,6.3924,5.5829,8
2460567.526477,-21.5051,20.1143,6.5498,5.6180,6.3924,5.5829,8
2460567.542747,-20.6450,24.0319,6.5498,5.6180,6.3924,5.5829,8
2460567.564127,-13.4600,26.9034,6.5498,5.6180,6.3924,5.5829,8
2460567.584657,-17.0084,26.9906,6.5498,5.6180,6.3924,5.5829,8
2460568.491207,-21.4857,12.4008,6.5498,5.6180,6.3924,5.5829,8
2460568.508617,-21.3677,18.0421,6.5498,5.6180,6.3924,5.5829,8
2460568.527057,-20.4569,23.9172,6.5498,5.6180,6.3924,5.5829,8
2460568.574467,-22.4730,21.2826,6.5498,5.6180,6.3924,5.5829,8
2460568.596877,-18.0428,25.5427,6.5498,5.6180,6.3924,5.5829,8
2460569.521697,-22.1556,20.6649,6.5498,5.6180,6.3924,5.5829,8
2460569.548887,-21.3653,25.7557,6.5498,5.6180,6.3924,5.5829,8
2460569.569617,-18.6527,19.2192,6.5498,5.6180,6.3924,5.5829,8
2460569.592297,-9.8210,20.6341,6.5498,5.6180,6.3924,5.5829,8
2460570.488237,-12.8518,24.0789,6.5498,5.6180,6.3924,5.5829,8
2460570.517927,-19.4622,11.1101,6.5498,5.6180,6.3924,5.5829,8
2460570.534797,-6.5561,17.4421,6.5498,5.6180,6.3924,5.5829,8
2460570.551427,-15.9545,19.6268,6.5498,5.6180,6.3924,5.5829,8
2460570.568087,-10.6265,17.2639,6.5498,5.6180,6.3924,5.5829,8
2460570.585927,-10.4039,21.5604,6.5498,5.6180,6.3924,5.5829,8
2460571.525707,-16.7805,17.7834,6.5498,5.6180,6.3924,5.5829,8
2460573.501707,-22.5468,21.1237,6.5498,5.6180,6.3924,5.5829,8
2460573.505487,-17.7419,25.6343,6.5498,5.6180,6.3924,5.5829,8
2460573.522097,-19.4581,20.9667,6.5498,5.6180,6.3924,5.5829,8
2460573.560177,-17.6309,25.1965,6.5498,5.6180,6.3924,5.5829,8
2460573.596727,-5.9362,20.9616,6.5498,5.6180,6.3924,5.5829,8
2460574.522677,-9.9499,11.6711,6.5498,5.6180,6.3924,5.5829,8
2460574.542697,-17.9651,18.9653,6.5498,5.6180,6.3924,5.5829,8
2460574.578257,-8.2586,12.3892,6.5498,5.6180,6.3924,5.5829,8
2460574.608457,-7.5667,21.7470,6.5498,5.6180,6.3924,5.5829,8
2460575.530787,-17.3108,25.5917,6.5498,5.6180,6.3924,5.5829,8
2460575.553417,-21.3940,13.8704,6.5498,5.6180,6.3924,5.5829,8
2460575.600877,-14.6951,22.9613,6.5498,5.6180,6.3924,5.5829,8
2460576.486947,-10.9389,26.8837,6.5498,5.6180,6.3924,5.5829,8
2460576.507647,-15.9460,24.6971,6.5498,5.6180,6.3924,5.5829,8
2460576.524317,-14.2684,21.1675,6.5498,5.6180,6.3924,5.5829,8
2460576.555037,-11.1724,18.5156,6.5498,5.6180,6.3924,5.5829,8
2460576.572027,-12.1509,20.1380,6.5498,5.6180,6.3924,5.5829,8
2460576.590927,-14.7474,22.5342,6.5498,5.6180,6.3924,5.5829,8
2460577.570287,-10.3744,28.7353,6.5498,5.6180,6.3924,5.5829,8
2460577.587217,-9.8050,20.0994,6.5498,5.6180,6.3924,5.5829,8
2460578.492347,-16.3453,16.4919,6.5498,5.6180,6.3924,5.5829,8
2460578.509587,-10.3974,21.2589,6.5498,5.6180,6.3924,5.5829,8
2460578.536877,-11.4259,23.2641,6.5498,5.6180,6.3924,5.5829,8
2460578.556887,-8.1714,19.7577,6.5498,5.6180,6.3924,5.5829,8
2460579.500447,-23.3249,16.6850,6.5498,5.6180,6.3924,5.5829,8
2460579.529897,-12.4436,17.2041,6.5498,5.6180,6.3924,5.5829,8
2460579.569117,-5.1272,20.9052,6.5498,5.6180,6.3924,5.5829,8
2460580.524097,-10.1511,12.2914,6.5498,5.6180,6.3924,5.5829,8
2460580.542487,-11.8353,17.7829,6.5498,5.6180,6.3924,5.5829,8
2460581.483897,-16.2322,15.0950,6.5498,5.6180,6.3924,5.5829,8
2460581.503247,-11.4280,28.4284,6.5498,5.6180,6.3924,5.5829,8
2460581.531627,-10.4892,26.0716,6.5498,5.6180,6.3924,5.5829,8
2460581.548447,-9.1706,17.5923,6.5498,5.6180,6.3924,5.5829,8
2460582.527617,-18.2876,25.7092,6.5498,5.6180,6.3924,5.5829,8
2460582.561617,-16.0800,22.6255,6.5498,5.6180,6.3924,5.5829,8
2460582.579657,-5.0905,24.9491,6.5498,5.6180,6.3924,5.5829,8
2460583.485137,-18.9845,21.1594,6.5498,5.6180,6.3924,5.5829,8
2460583.503007,-15.3249,24.4284,6.5498,5.6180,6.3924,5.5829,8
2460583.534357,-13.0622,19.8387,6.5498,5.6180,6.3924,5.5829,8
2460583.571267,-4.9600,26.0193,6.5498,5.6180,6.3924,5.5829,8
2460583.578267,-3.9273,20.7271,6.5498,5.6180,6.3924,5.5829,8
2460585.489077,-18.4605,21.8357,6.5498,5.6180,6.3924,5.5829,8
2460585.506027,-14.2825,18.8802,6.5498,5.6180,6.3924,5.5829,8
2460585.522967,-16.4597,21.9964,6.5498,5.6180,6.3924,5.5829,8
2460585.542727,-13.3173,19.2862,6.5498,5.6180,6.3924,5.5829,8
2460585.571007,-5.0638,25.9304,6.5498,5.6180,6.3924,5.5829,8
2460586.486707,-13.2101,19.9654,6.5498,5.6180,6.3924,5.5829,8
2460586.504997,-19.2181,13.1715,6.5498,5.6180,6.3924,5.5829,8
2460586.522097,-16.9247,21.4805,6.5498,5.6180,6.3924,5.5829,8
2460586.541777,-6.2204,20.8666,6.5498,5.6180,6.3924,5.5829,8
2460587.514267,-14.4623,23.6591,6.5498,5.6180,6.3924,5.5829,8
2460587.531917,-16.8448,21.7416,6.5498,5.6180,6.3924,5.5829,8
2460587.566357,-10.6728,27.2172,6.5498,5.6180,6.3924,5.5829,8
2460594.520177,-11.8542,29.5634,6.5498,5.6180,6.3924,5.5829,8
2460595.519127,-10.2244,16.9155,6.5498,5.6180,6.3924,5.5829,8
2460595.535967,-5.1153,14.8335,6.5498,5.6180,6.3924,5.5829,8
2460598.522617,-2.8290,16.9379,6.5498,5.6180,6.3924,5.5829,8
2460599.513007,-10.9494,14.1408,6.5498,5.6180,6.3924,5.5829,8
2460600.511107,-3.1940,22.4960,6.5498,5.6180,6.3924,5.5829,8
2460601.510797,-11.9494,31.5520,6.5498,5.6180,6.3924,5.5829,8
2460602.510047,-12.6060,15.3232,6.5498,5.6180,6.3924,5.5829,8
2460603.495347,-5.8722,21.6326,6.5498,5.6180,6.3924,5.5829,8
2460603.526697,-10.8258,24.7377,6.5498,5.6180,6.3924,5.5829,8
2460726.863957,-8.9935,14.3641,6.5498,5.6180,5.5333,5.0954,9
2460727.861297,-26.1647,16.7085,6.5498,5.6180,5.5333,5.0954,9
2460727.878267,-7.1094,24.7178,6.5498,5.6180,5.5333,5.0954,9
2460729.849347,-21.9545,16.2180,6.5498,5.6180,5.5333,5.0954,9
2460729.862027,-12.8342,16.6404,6.5498,5.6180,5.5333,5.0954,9
2460730.850237,-19.9795,9.0789,6.5498,5.6180,5.5333,5.0954,9
2460731.846897,-15.4006,11.1844,6.5498,5.6180,5.5333,5.0954,9
2460731.881177,-10.8072,12.6681,6.5498,5.6180,5.5333,5.0954,9
2460732.862997,-13.3810,12.8860,6.5498,5.6180,5.5333,5.0954,9
2460732.896427,-20.8779,15.2647,6.5498,5.6180,5.5333,5.0954,9
2460733.846227,-16.1891,22.2925,6.5498,5.6180,5.5333,5.0954,9
2460733.863497,-16.2113,17.3456,6.5498,5.6180,5.5333,5.0954,9
2460733.883567,-15.4966,12.9200,6.5498,5.6180,5.5333,5.0954,9
2460734.901487,-12.6521,20.8350,6.5498,5.6180,5.5333,5.0954,9
2460735.883047,-23.2176,14.2225,6.5498,5.6180,5.5333,5.0954,9
2460736.905077,-21.3662,11.6365,6.5498,5.6180,5.5333,5.0954,9
2460737.845447,-12.1430,20.6872,6.5498,5.6180,5.5333,5.0954,9
2460737.863877,-15.7830,18.7729,6.5498,5.6180,5.5333,5.0954,9
2460737.900417,-19.0570,23.0610,6.5498,5.6180,5.5333,5.0954,9
2460738.834917,-23.1583,24.2544,6.5498,5.6180,5.5333,5.0954,9
2460738.888097,-13.6551,22.8548,6.5498,5.6180,5.5333,5.0954,9
2460739.835827,-18.4974,17.8992,6.5498,5.6180,5.5333,5.0954,9
2460739.863267,-20.9904,11.6932,6.5498,5.6180,5.5333,5.0954,9
2460739.884227,-17.5277,20.2912,6.5498,5.6180,5.5333,5.0954,9
2460739.902167,-17.5716,22.9683,6.5498,5.6180,5.5333,5.0954,9
2460740.857227,-17.5823,17.0151,6.5498,5.6180,5.5333,5.0954,9
2460740.874227,-16.6370,19.7021,6.5498,5.6180,5.5333,5.0954,9
2460740.891457,-15.4812,17.7038,6.5498,5.6180,5.5333,5.0954,9
2460741.841807,-18.1696,18.7169,6.5498,5.6180,5.5333,5.0954,9
2460741.858447,-22.9497,11.1435,6.5498,5.6180,5.5333,5.0954,9
2460742.837727,-15.3048,23.9028,6.5498,5.6180,5.5333,5.0954,9
2460742.872517,-15.8193,16.7421,6.5498,5.6180,5.5333,5.0954,9
2460742.906707,-20.3401,25.3844,6.5498,5.6180,5.5333,5.0954,9
2460743.833547,-16.5465,19.9300,6.5498,5.6180,5.5333,5.0954,9
2460743.850587,-20.5043,20.0271,6.5498,5.6180,5.5333,5.0954,9
2460743.869977,-13.6980,19.7870,6.5498,5.6180,5.5333,5.0954,9
2460743.892217,-23.5053,17.0370,6.5498,5.6180,5.5333,5.0954,9
2460744.811127,-21.6375,17.0553,6.5498,5.6180,5.5333,5.0954,9
2460744.828167,-16.5148,16.1611,6.5498,5.6180,5.5333,5.0954,9
2460744.883527,-24.2289,15.1165,6.5498,5.6180,5.5333,5.0954,9
2460745.836147,-18.1115,19.0560,6.5498,5.6180,5.5333,5.0954,9
2460745.870047,-11.5508,23.5647,6.5498,5.6180,5.5333,5.0954,9
2460746.824347,-22.0073,12.8566,6.5498,5.6180,5.5333,5.0954,9
2460746.841037,-15.7421,15.5877,6.5498,5.6180,5.5333,5.0954,9
2460746.868517,-22.0630,19.1808,6.5498,5.6180,5.5333,5.0954,9
2460746.885087,-26.9835,18.7841,6.5498,5.6180,5.5333,5.0954,9
2460746.888607,-24.0819,25.3523,6.5498,5.6180,5.5333,5.0954,9
2460746.905187,-24.6827,17.8137,6.5498,5.6180,5.5333,5.0954,9
2460747.803417,-17.1430,22.5674,6.5498,5.6180,5.5333,5.0954,9
2460747.838347,-24.4712,14.7290,6.5498,5.6180,5.5333,5.0954,9
2460747.855057,-24.6523,22.5847,6.5498,5.6180,5.5333,5.0954,9
2460747.874267,-27.8419,27.7754,6.5498,5.6180,5.5333,5.0954,9
2460747.909547,-15.3513,15.5619,6.5498,5.6180,5.5333,5.0954,9
2460748.832107,-22.7422,24.6032,6.5498,5.6180,5.5333,5.0954,9
2460749.849897,-16.0305,17.1736,6.5498,5.6180,5.5333,5.0954,9
2460750.807747,-16.4956,17.6799,6.5498,5.6180,5.5333,5.0954,9
2460750.824257,-19.7162,21.3047,6.5498,5.6180,5.5333,5.0954,9
2460750.841307,-22.0275,22.0157,6.5498,5.6180,5.5333,5.0954,9
2460750.868727,-25.6559,18.7646,6.5498,5.6180,5.5333,5.0954,9
2460750.885567,-23.7672,24.0444,6.5498,5.6180,5.5333,5.0954,9
2460750.902297,-18.6200,18.7784,6.5498,5.6180,5.5333,5.0954,9
2460751.798527,-27.9004,10.1062,6.5498,5.6180,5.5333,5.0954,9
2460751.816007,-15.2546,16.7950,6.5498,5.6180,5.5333,5.0954,9
2460751.863187,-27.6519,21.3104,6.5498,5.6180,5.5333,5.0954,9
2460751.881667,-22.7646,18.9761,6.5498,5.6180,5.5333,5.0954,9
2460751.885437,-22.2389,25.2315,6.5498,5.6180,5.5333,5.0954,9
2460751.902257,-23.7896,18.9215,6.5498,5.6180,5.5333,5.0954,9
2460752.827217,-23.9788,21.2783,6.5498,5.6180,5.5333,5.0954,9
2460752.844127,-19.0436,18.1398,6.5498,5.6180,5.5333,5.0954,9
2460752.862307,-15.8193,19.5217,6.5498,5.6180,5.5333,5.0954,9
2460752.878947,-23.0658,14.1134,6.5498,5.6180,5.5333,5.0954,9
2460752.910997,-14.5456,18.8752,6.5498,5.6180,5.5333,5.0954,9
2460753.790987,-21.7670,18.1769,6.5498,5.6180,5.5333,5.0954,9
2460753.808137,-16.4744,21.2378,6.5498,5.6180,5.5333,5.0954,9
2460753.861437,-24.3655,21.1832,6.5498,5.6180,5.5333,5.0954,9
2460753.879867,-26.7229,24.7108,6.5498,5.6180,5.5333,5.0954,9
2460753.898367,-23.6175,17.3940,6.5498,5.6180,5.5333,5.0954,9
2460754.826667,-23.8105,20.1941,6.5498,5.6180,5.5333,5.0954,9
2460754.845487,-14.7393,12.6518,6.5498,5.6180,5.5333,5.0954,9
2460754.879637,-18.8631,26.5638,6.5498,5.6180,5.5333,5.0954,9
2460754.897007,-23.0927,23.6793,6.5498,5.6180,5.5333,5.0954,9
2460755.899677,-23.2656,25.5382,6.5498,5.6180,5.5333,5.0954,9
2460757.874987,-24.0140,24.3715,6.5498,5.6180,5.5333,5.0954,9
2460757.891667,-26.4144,19.1713,6.5498,5.6180,5.5333,5.0954,9
2460757.912637,-21.8588,19.7569,6.5498,5.6180,5.5333,5.0954,9
2460758.837857,-18.9588,24.4940,6.5498,5.6180,5.5333,5.0954,9
2460758.855027,-19.3243,21.1799,6.5498,5.6180,5.5333,5.0954,9
2460758.878727,-14.8224,25.5248,6.5498,5.6180,5.5333,5.0954,9
2460758.905537,-20.3255,16.9552,6.5498,5.6180,5.5333,5.0954,9
2460759.837727,-28.0898,21.1563,6.5498,5.6180,5.5333,5.0954,9
2460759.856187,-17.2757,19.1137,6.5498,5.6180,5.5333,5.0954,9
2460759.872897,-14.2528,20.7147,6.5498,5.6180,5.5333,5.0954,9
2460759.895047,-12.5747,26.8021,6.5498,5.6180,5.5333,5.0954,9
2460759.911907,-15.8175,11.2832,6.5498,5.6180,5.5333,5.0954,9
2460760.785547,-15.4395,11.2550,6.5498,5.6180,5.5333,5.0954,9
2460760.850317,-14.7962,27.2619,6.5498,5.6180,5.5333,5.0954,9
2460760.866767,-10.3676,16.8675,6.5498,5.6180,5.5333,5.0954,9
2460761.838137,-17.5006,28.0586,6.5498,5.6180,5.5333,5.0954,9
2460761.854887,-19.1552,14.1349,6.5498,5.6180,5.5333,5.0954,9
2460761.871777,-23.4030,27.0178,6.5498,5.6180,5.5333,5.0954,9
2460761.890877,-23.0961,24.9303,6.5498,5.6180,5.5333,5.0954,9
2460762.809837,-12.8089,24.6920,6.5498,5.6180,5.5333,5.0954,9
2460762.837927,-16.3186,11.7211,6.5498,5.6180,5.5333,5.0954,9
2460762.857197,-24.1971,16.5483,6.5498,5.6180,5.5333,5.0954,9
2460762.874497,-20.3839,16.0092,6.5498,5.6180,5.5333,5.0954,9
2460762.891827,-9.6729,23.6977,6.5498,5.6180,5.5333,5.0954,9
2460762.897387,-16.9169,21.9288,6.5498,5.6180,5.5333,5.0954,9
2460762.912467,-12.2339,17.0458,6.5498,5.6180,5.5333,5.0954,9
2460763.757627,-18.3459,16.5774,6.5498,5.6180,5.5333,5.0954,9
2460763.801827,-10.2448,16.3720,6.5498,5.6180,5.5333,5.0954,9
2460763.818847,-13.2130,18.2705,6.5498,5.6180,5.5333,5.0954,9
2460763.835317,-14.4721,17.4652,6.5498,5.6180,5.5333,5.0954,9
2460763.853627,-16.1169,26.9675,6.5498,5.6180,5.5333,5.0954,9
2460763.915067,-14.7782,25.4710,6.5498,5.6180,5.5333,5.0954,9
2460764.794887,-20.2492,23.2731,6.5498,5.6180,5.5333,5.0954,9
2460764.827697,-24.1737,24.8632,6.5498,5.6180,5.5333,5.0954,9
2460764.860757,-19.1161,17.2626,6.5498,5.6180,5.5333,5.0954,9
2460764.888687,-20.1406,21.1630,6.5498,5.6180,5.5333,5.0954,9
2460764.911957,-22.9819,16.2183,6.5498,5.6180,5.5333,5.0954,9
2460765.771937,-26.0718,12.8420,6.5498,5.6180,5.5333,5.0954,9
2460765.789027,-22.2360,17.6999,6.5498,5.6180,5.5333,5.0954,9
2460765.822467,-21.5937,26.2376,6.5498,5.6180,5.5333,5.0954,9
2460765.839307,-24.0754,21.7852,6.5498,5.6180,5.5333,5.0954,9
2460765.856177,-23.9492,16.9209,6.5498,5.6180,5.5333,5.0954,9
2460765.875637,-20.0250,23.2309,6.5498,5.6180,5.5333,5.0954,9
2460765.902967,-17.9998,18.7402,6.5498,5.6180,5.5333,5.0954,9
2460766.751377,-16.9260,19.3681,6.5498,5.6180,5.5333,5.0954,9
2460766.785877,-20.0889,27.9215,6.5498,5.6180,5.5333,5.0954,9
2460766.834497,-22.2467,16.6258,6.5498,5.6180,5.5333,5.0954,9
2460766.851307,-14.4838,24.9672,6.5498,5.6180,5.5333,5.0954,9
2460766.869677,-16.4848,17.6051,6.5498,5.6180,5.5333,5.0954,9
2460766.886617,-18.5499,12.0478,6.5498,5.6180,5.5333,5.0954,9
2460766.903207,-19.9219,22.0464,6.5498,5.6180,5.5333,5.0954,9
2460767.764697,-9.8221,22.4529,6.5498,5.6180,5.5333,5.0954,9
2460767.799637,-14.8681,22.8780,6.5498,5.6180,5.5333,5.0954,9
2460767.822417,-17.3073,13.0261,6.5498,5.6180,5.5333,5.0954,9
2460767.839467,-14.8862,17.5468,6.5498,5.6180,5.5333,5.0954,9
2460767.884047,-20.4290,17.2518,6.5498,5.6180,5.5333,5.0954,9
2460767.900987,-17.6340,25.4036,6.5498,5.6180,5.5333,5.0954,9
2460768.787217,-24.9616,22.8127,6.5498,5.6180,5.5333,5.0954,9
2460768.805347,-13.2393,18.5035,6.5498,5.6180,5.5333,5.0954,9
2460768.870427,-19.0241,20.0122,6.5498,5.6180,5.5333,5.0954,9
2460768.887397,-17.6441,15.9161,6.5498,5.6180,5.5333,5.0954,9
2460768.912507,-15.1035,20.3724,6.5498,5.6180,5.5333,5.0954,9
2460769.755927,-19.7703,18.0827,6.5498,5.6180,5.5333,5.0954,9
2460769.783367,-21.4661,25.1869,6.5498,5.6180,5.5333,5.0954,9
2460769.811077,-21.5838,22.6320,6.5498,5.6180,5.5333,5.0954,9
2460769.831727,-22.4221,12.2955,6.5498,5.6180,5.5333,5.0954,9
2460769.849147,-20.9037,19.4152,6.5498,5.6180,5.5333,5.0954,9
2460769.866237,-24.1273,24.7702,6.5498,5.6180,5.5333,5.0954,9
2460769.887217,-26.5464,19.2160,6.5498,5.6180,5.5333,5.0954,9
2460769.915067,-22.0884,16.5346,6.5498,5.6180,5.5333,5.0954,9
2460770.757327,-10.6341,19.8264,6.5498,5.6180,5.5333,5.0954,9
2460770.777937,-15.6165,25.5832,6.5498,5.6180,5.5333,5.0954,9
2460770.826107,-21.4603,15.0685,6.5498,5.6180,5.5333,5.0954,9
2460770.842657,-20.2969,13.5516,6.5498,5.6180,5.5333,5.0954,9
2460770.880437,-21.6270,18.4250,6.5498,5.6180,5.5333,5.0954,9
2460771.755997,-15.8554,27.2799,6.5498,5.6180,5.5333,5.0954,9
2460771.794167,-9.5304,21.6775,6.5498,5.6180,5.5333,5.0954,9
2460771.877987,-17.6591,19.6876,6.5498,5.6180,5.5333,5.0954,9
2460771.895327,-9.5895,24.0281,6.5498,5.6180,5.5333,5.0954,9
2460772.793697,-12.0005,12.6213,6.5498,5.6180,5.5333,5.0954,9
2460772.894447,-11.3160,24.6986,6.5498,5.6180,5.5333,5.0954,9
2460772.914697,-27.6560,12.5429,6.5498,5.6180,5.5333,5.0954,9
2460773.734767,-16.9359,14.3877,6.5498,5.6180,5.5333,5.0954,9
2460773.754137,-16.2566,20.3586,6.5498,5.6180,5.5333,5.0954,9
2460773.787877,-13.7907,26.7675,6.5498,5.6180,5.5333,5.0954,9
2460773.820797,-22.8975,21.4471,6.5498,5.6180,5.5333,5.0954,9
2460773.881407,-14.5888,22.5388,6.5498,5.6180,5.5333,5.0954,9
2460773.900987,-20.3517,21.2236,6.5498,5.6180,5.5333,5.0954,9
2460774.745177,-23.9386,14.2679,6.5498,5.6180,5.5333,5.0954,9
2460774.762017,-24.5167,13.7507,6.5498,5.6180,5.5333,5.0954,9
2460774.803247,-11.1214,21.0624,6.5498,5.6180,5.5333,5.0954,9
2460774.819857,-17.7307,22.3805,6.5498,5.6180,5.5333,5.0954,9
2460774.847187,-21.0216,19.1256,6.5498,5.6180,5.5333,5.0954,9
2460774.867357,-24.1884,19.6901,6.5498,5.6180,5.5333,5.0954,9
2460774.884327,-16.1559,15.0356,6.5498,5.6180,5.5333,5.0954,9
2460774.901297,-17.3847,27.5805,6.5498,5.6180,5.5333,5.0954,9
2460774.919967,-21.7048,18.2292,6.5498,5.6180,5.5333,5.0954,9
2460775.723067,-12.2680,27.6296,6.5498,5.6180,5.5333,5.0954,9
2460775.861197,-10.2048,27.8335,6.5498,5.6180,5.5333,5.0954,9
2460775.894837,-10.5926,20.6496,6.5498,5.6180,5.5333,5.0954,9
2460775.911547,-15.1142,27.4893,6.5498,5.6180,5.5333,5.0954,9
2460777.784107,-9.2126,21.9541,6.5498,5.6180,5.5333,5.0954,9
2460777.818887,-19.3684,20.1020,6.5498,5.6180,5.5333,5.0954,9
2460777.845937,-22.5360,16.3012,6.5498,5.6180,5.5333,5.0954,9
2460777.862627,-15.4701,13.5229,6.5498,5.6180,5.5333,5.0954,9
2460777.897977,-20.8116,18.3547,6.5498,5.6180,5.5333,5.0954,9
2460777.916847,-21.7644,23.7283,6.5498,5.6180,5.5333,5.0954,9
2460778.768777,-20.3964,24.6717,6.5498,5.6180,5.5333,5.0954,9
2460778.799257,-13.3293,27.4122,6.5498,5.6180,5.5333,5.0954,9
2460778.816207,-17.0916,21.4901,6.5498,5.6180,5.5333,5.0954,9
2460778.843357,-18.8276,23.0926,6.5498,5.6180,5.5333,5.0954,9
2460778.859977,-17.9427,24.4988,6.5498,5.6180,5.5333,5.0954,9
2460778.878147,-11.2241,19.4291,6.5498,5.6180,5.5333,5.0954,9
2460778.896347,-11.6228,21.9083,6.5498,5.6180,5.5333,5.0954,9
2460778.913297,-14.4714,27.3049,6.5498,5.6180,5.5333,5.0954,9
2460779.780947,-17.9459,14.0520,6.5498,5.6180,5.5333,5.0954,9
2460779.797137,-13.0959,24.5588,6.5498,5.6180,5.5333,5.0954,9
2460779.842557,-12.2933,23.0788,6.5498,5.6180,5.5333,5.0954,9
2460779.875807,-19.4792,14.5720,6.5498,5.6180,5.5333,5.0954,9
2460779.892647,-13.8299,19.0509,6.5498,5.6180,5.5333,5.0954,9
2460780.722777,-23.2711,23.9428,6.5498,5.6180,5.5333,5.0954,9
2460780.758097,-14.3047,18.9593,6.5498,5.6180,5.5333,5.0954,9
2460780.833957,-19.6875,21.8818,6.5498,5.6180,5.5333,5.0954,9
2460780.865707,-15.5471,24.0863,6.5498,5.6180,5.5333,5.0954,9
2460780.882307,-20.9013,17.8659,6.5498,5.6180,5.5333,5.0954,9
2460780.904327,-25.8956,25.5794,6.5498,5.6180,5.5333,5.0954,9
2460780.920947,-14.3121,18.7259,6.5498,5.6180,5.5333,5.0954,9
2460780.924997,-20.6122,18.9055,6.5498,5.6180,5.5333,5.0954,9
2460781.731167,-22.8944,21.6421,6.5498,5.6180,5.5333,5.0954,9
2460781.766917,-13.7518,20.7921,6.5498,5.6180,5.5333,5.0954,9
2460781.785127,-17.8983,24.8652,6.5498,5.6180,5.5333,5.0954,9
2460781.830327,-25.3575,18.2712,6.5498,5.6180,5.5333,5.0954,9
2460781.847057,-21.1935,16.2812,6.5498,5.6180,5.5333,5.0954,9
2460781.864207,-26.6350,17.4579,6.5498,5.6180,5.5333,5.0954,9
2460781.898627,-24.3180,18.4237,6.5498,5.6180,5.5333,5.0954,9
2460781.917067,-21.3904,17.8795,6.5498,5.6180,5.5333,5.0954,9
2460782.735057,-26.5683,23.4980,6.5498,5.6180,5.5333,5.0954,9
2460782.787117,-13.5539,20.8202,6.5498,5.6180,5.5333,5.0954,9
2460782.857297,-11.5322,16.0782,6.5498,5.6180,5.5333,5.0954,9
2460782.875547,-19.4468,16.4376,6.5498,5.6180,5.5333,5.0954,9
2460785.735897,-25.5467,16.0412,6.5498,5.6180,5.5333,5.0954,9
2460785.752507,-21.3968,19.9870,6.5498,5.6180,5.5333,5.0954,9
2460785.771367,-15.9308,15.8058,6.5498,5.6180,5.5333,5.0954,9
2460785.788247,-16.5930,19.1942,6.5498,5.6180,5.5333,5.0954,9
2460785.854397,-15.5189,14.6538,6.5498,5.6180,5.5333,5.0954,9
2460785.873847,-17.5719,23.2297,6.5498,5.6180,5.5333,5.0954,9
2460785.890367,-14.4670,24.2906,6.5498,5.6180,5.5333,5.0954,9
2460786.844587,-17.5037,25.8920,6.5498,5.6180,5.5333,5.0954,9
2460786.879467,-12.5772,13.6744,6.5498,5.6180,5.5333,5.0954,9
2460787.726857,-19.9661,20.5514,6.5498,5.6180,5.5333,5.0954,9
2460787.750117,-8.1577,25.4364,6.5498,5.6180,5.5333,5.0954,9
2460787.753837,-7.7778,22.4013,6.5498,5.6180,5.5333,5.0954,9
2460787.782847,-9.9784,21.5595,6.5498,5.6180,5.5333,5.0954,9
2460787.800077,-8.9941,21.8997,6.5498,5.6180,5.5333,5.0954,9
2460787.819597,-14.7096,25.2913,6.5498,5.6180,5.5333,5.0954,9
2460787.839437,-11.7404,22.4194,6.5498,5.6180,5.5333,5.0954,9
2460787.922227,-23.5806,19.5947,6.5498,5.6180,5.5333,5.0954,9
2460788.715017,-21.4422,22.9996,6.5498,5.6180,5.5333,5.0954,9
2460788.743517,-16.4945,24.0895,6.5498,5.6180,5.5333,5.0954,9
2460788.746517,-14.4152,21.9281,6.5498,5.6180,5.5333,5.0954,9
2460788.762127,-21.7367,22.7700,6.5498,5.6180,5.5333,5.0954,9
2460788.779367,-11.4738,22.6656,6.5498,5.6180,5.5333,5.0954,9
2460788.796127,-17.0525,20.9204,6.5498,5.6180,5.5333,5.0954,9
2460788.814617,-13.8426,24.4666,6.5498,5.6180,5.5333,5.0954,9
2460788.849727,-15.6267,23.4453,6.5498,5.6180,5.5333,5.0954,9
2460788.867027,-24.2943,16.4531,6.5498,5.6180,5.5333,5.0954,9
2460788.900587,-20.3019,22.6536,6.5498,5.6180,5.5333,5.0954,9
2460789.702567,-18.8420,21.9017,6.5498,5.6180,5.5333,5.0954,9
2460789.736677,-13.4938,25.1379,6.5498,5.6180,5.5333,5.0954,9
2460789.783847,-22.1209,22.5617,6.5498,5.6180,5.5333,5.0954,9
2460789.823647,-19.7480,23.5584,6.5498,5.6180,5.5333,5.0954,9
2460789.826487,-19.9814,18.9692,6.5498,5.6180,5.5333,5.0954,9
2460789.860167,-15.3044,18.0609,6.5498,5.6180,5.5333,5.0954,9
2460789.877277,-23.5227,22.1841,6.5498,5.6180,5.5333,5.0954,9
2460790.691167,-19.4750,19.2891,6.5498,5.6180,5.5333,5.0954,9
2460790.740797,-19.3225,24.4312,6.5498,5.6180,5.5333,5.0954,9
2460790.757327,-15.9391,21.8070,6.5498,5.6180,5.5333,5.0954,9
2460790.790217,-16.7230,21.3031,6.5498,5.6180,5.5333,5.0954,9
2460790.806967,-17.2498,16.1446,6.5498,5.6180,5.5333,5.0954,9
2460790.858637,-13.1669,22.3521,6.5498,5.6180,5.5333,5.0954,9
2460790.892577,-18.1372,21.8208,6.5498,5.6180,5.5333,5.0954,9
2460790.913657,-15.2058,17.9940,6.5498,5.6180,5.5333,5.0954,9
2460791.717567,-15.1905,16.9155,6.5498,5.6180,5.5333,5.0954,9
2460791.734297,-9.3559,24.5652,6.5498,5.6180,5.5333,5.0954,9
2460791.751407,-20.2299,19.8084,6.5498,5.6180,5.5333,5.0954,9
2460791.768297,-20.3169,23.7195,6.5498,5.6180,5.5333,5.0954,9
2460791.796187,-21.5110,23.6909,6.5498,5.6180,5.5333,5.0954,9
2460791.813127,-18.3771,16.1760,6.5498,5.6180,5.5333,5.0954,9
2460791.847497,-19.4219,14.8310,6.5498,5.6180,5.5333,5.0954,9
2460791.864237,-19.1266,20.5780,6.5498,5.6180,5.5333,5.0954,9
2460791.928137,-18.2998,16.9198,6.5498,5.6180,5.5333,5.0954,9
2460792.693877,-9.7318,15.6080,6.5498,5.6180,5.5333,5.0954,9
2460792.720817,-22.3884,24.8465,6.5498,5.6180,5.5333,5.0954,9
2460792.754547,-16.1523,23.8751,6.5498,5.6180,5.5333,5.0954,9
2460792.790727,-12.1483,18.3826,6.5498,5.6180,5.5333,5.0954,9
2460792.853597,-21.8387,18.6210,6.5498,5.6180,5.5333,5.0954,9
2460792.870857,-23.4193,22.2871,6.5498,5.6180,5.5333,5.0954,9
2460792.904967,-21.9505,26.2516,6.5498,5.6180,5.5333,5.0954,9
2460793.688077,-19.4552,16.4497,6.5498,5.6180,5.5333,5.0954,9
2460793.724997,-14.6728,22.6376,6.5498,5.6180,5.5333,5.0954,9
2460793.753727,-12.6388,18.8580,6.5498,5.6180,5.5333,5.0954,9
2460793.756597,-16.8382,20.2319,6.5498,5.6180,5.5333,5.0954,9
2460793.775257,-15.8153,20.0118,6.5498,5.6180,5.5333,5.0954,9
2460793.814607,-11.0223,26.1377,6.5498,5.6180,5.5333,5.0954,9
2460793.835287,-19.3549,19.9011,6.5498,5.6180,5.5333,5.0954,9
2460793.863257,-25.6927,18.7008,6.5498,5.6180,5.5333,5.0954,9
2460794.747527,-10.0784,24.9962,6.5498,5.6180,5.5333,5.0954,9
2460794.846947,-14.5073,23.2232,6.5498,5.6180,5.5333,5.0954,9
2460794.863677,-18.7180,19.5595,6.5498,5.6180,5.5333,5.0954,9
2460794.867477,-19.9741,18.2533,6.5498,5.6180,5.5333,5.0954,9
2460795.683157,-10.1517,19.0444,6.5498,5.6180,5.5333,5.0954,9
2460795.685847,-11.6754,21.5342,6.5498,5.6180,5.5333,5.0954,9
2460795.705797,-13.8155,14.3091,6.5498,5.6180,5.5333,5.0954,9
2460795.755807,-15.2618,19.3226,6.5498,5.6180,5.5333,5.0954,9
2460795.772117,-14.1113,19.8465,6.5498,5.6180,5.5333,5.0954,9
2460795.834337,-10.8602,17.5359,6.5498,5.6180,5.5333,5.0954,9
2460795.913087,-16.7063,27.9331,6.5498,5.6180,5.5333,5.0954,9
2460797.675177,-16.5314,28.0685,6.5498,5.6180,5.5333,5.0954,9
2460798.678707,-7.8730,18.0001,6.5498,5.6180,5.5333,5.0954,9
2460798.721867,-17.4459,30.4233,6.5498,5.6180,5.5333,5.0954,9
2460798.741007,-13.1927,30.4840,6.5498,5.6180,5.5333,5.0954,9
2460798.761497,-15.8562,18.2476,6.5498,5.6180,5.5333,5.0954,9
2460798.778447,-19.9463,17.4144,6.5498,5.6180,5.5333,5.0954,9
2460798.805727,-15.3145,29.2786,6.5498,5.6180,5.5333,5.0954,9
2460798.838867,-10.5689,12.5304,6.5498,5.6180,5.5333,5.0954,9
2460798.859557,-17.4308,24.3685,6.5498,5.6180,5.5333,5.0954,9
2460798.879557,-16.6452,27.5643,6.5498,5.6180,5.5333,5.0954,9
2460798.923027,-11.7986,26.8773,6.5498,5.6180,5.5333,5.0954,9
2460799.662877,-19.3287,18.1706,6.5498,5.6180,5.5333,5.0954,9
2460799.681087,-13.3833,28.8108,6.5498,5.6180,5.5333,5.0954,9
2460799.729297,-10.7533,27.5067,6.5498,5.6180,5.5333,5.0954,9
2460799.745817,-13.2436,20.2228,6.5498,5.6180,5.5333,5.0954,9
2460799.765807,-16.3992,23.8840,6.5498,5.6180,5.5333,5.0954,9
2460799.783607,-16.0495,20.7192,6.5498,5.6180,5.5333,5.0954,9
2460799.800677,-18.5583,24.3472,6.5498,5.6180,5.5333,5.0954,9
2460799.844927,-10.0223,22.0904,6.5498,5.6180,5.5333,5.0954,9
2460799.861427,-23.1333,18.2857,6.5498,5.6180,5.5333,5.0954,9
2460799.880357,-14.3164,23.2596,6.5498,5.6180,5.5333,5.0954,9
2460799.897397,-20.5195,28.8114,6.5498,5.6180,5.5333,5.0954,9
2460799.930107,-12.8296,17.2823,6.5498,5.6180,5.5333,5.0954,9
2460800.654887,-20.9372,23.3938,6.5498,5.6180,5.5333,5.0954,9
2460800.706567,-16.7866,22.3454,6.5498,5.6180,5.5333,5.0954,9
2460800.740597,-25.0749,25.8891,6.5498,5.6180,5.5333,5.0954,9
2460800.752987,-23.3856,22.0194,6.5498,5.6180,5.5333,5.0954,9
2460800.769687,-19.4159,21.0840,6.5498,5.6180,5.5333,5.0954,9
2460800.786537,-19.9606,17.8752,6.5498,5.6180,5.5333,5.0954,9
2460800.803207,-12.2715,21.9817,6.5498,5.6180,5.5333,5.0954,9
2460800.832387,-24.3857,20.0519,6.5498,5.6180,5.5333,5.0954,9
2460800.849827,-20.4346,24.8190,6.5498,5.6180,5.5333,5.0954,9
2460800.866737,-22.3102,19.6465,6.5498,5.6180,5.5333,5.0954,9
2460800.884367,-12.4390,26.2478,6.5498,5.6180,5.5333,5.0954,9
2460800.901077,-23.7183,27.1133,6.5498,5.6180,5.5333,5.0954,9
2460800.919557,-20.5232,22.6736,6.5498,5.6180,5.5333,5.0954,9
2460801.721997,-10.5120,19.5502,6.5498,5.6180,5.5333,5.0954,9
2460801.739047,-12.8299,12.7018,6.5498,5.6180,5.5333,5.0954,9
2460801.765847,-18.5283,21.7310,6.5498,5.6180,5.5333,5.0954,9
2460801.782277,-20.4196,19.8431,6.5498,5.6180,5.5333,5.0954,9
2460801.799217,-23.1753,19.9906,6.5498,5.6180,5.5333,5.0954,9
2460801.815987,-15.4649,24.5965,6.5498,5.6180,5.5333,5.0954,9
2460801.833657,-20.0349,28.1459,6.5498,5.6180,5.5333,5.0954,9
2460801.863457,-21.6444,22.5023,6.5498,5.6180,5.5333,5.0954,9
2460801.880597,-16.4091,27.6075,6.5498,5.6180,5.5333,5.0954,9
2460801.897077,-19.7546,17.1629,6.5498,5.6180,5.5333,5.0954,9
2460801.921997,-17.9592,29.0140,6.5498,5.6180,5.5333,5.0954,9
2460802.660307,-12.5741,22.1034,6.5498,5.6180,5.5333,5.0954,9
2460802.690067,-18.6788,19.2855,6.5498,5.6180,5.5333,5.0954,9
2460802.706497,-8.3070,16.3146,6.5498,5.6180,5.5333,5.0954,9
2460802.723017,-14.9745,27.6473,6.5498,5.6180,5.5333,5.0954,9
2460802.739877,-16.7903,21.4240,6.5498,5.6180,5.5333,5.0954,9
2460802.758597,-18.1790,28.3575,6.5498,5.6180,5.5333,5.0954,9
2460802.821687,-20.8283,24.1936,6.5498,5.6180,5.5333,5.0954,9
2460802.856337,-24.1049,20.5837,6.5498,5.6180,5.5333,5.0954,9
2460802.859227,-14.5079,22.3588,6.5498,5.6180,5.5333,5.0954,9
2460802.887337,-22.9555,24.2285,6.5498,5.6180,5.5333,5.0954,9
2460802.921777,-17.8203,20.9790,6.5498,5.6180,5.5333,5.0954,9
2460802.938557,-12.6985,12.9483,6.5498,5.6180,5.5333,5.0954,9
2460803.678977,-14.0019,18.1382,6.5498,5.6180,5.5333,5.0954,9
2460803.695887,-13.8884,18.5592,6.5498,5.6180,5.5333,5.0954,9
2460803.713307,-18.9892,16.3446,6.5498,5.6180,5.5333,5.0954,9
2460803.767227,-12.5051,15.6720,6.5498,5.6180,5.5333,5.0954,9
2460803.802157,-9.4737,16.9849,6.5498,5.6180,5.5333,5.0954,9
2460803.818697,-15.3067,13.8546,6.5498,5.6180,5.5333,5.0954,9
2460803.852977,-18.2620,17.4389,6.5498,5.6180,5.5333,5.0954,9
2460803.870207,-16.5955,26.7274,6.5498,5.6180,5.5333,5.0954,9
2460805.656897,-20.8907,22.9876,6.5498,5.6180,5.5333,5.0954,9
2460805.673787,-14.2639,24.8853,6.5498,5.6180,5.5333,5.0954,9
2460805.736817,-25.8615,26.6743,6.5498,5.6180,5.5333,5.0954,9
2460805.753577,-18.2188,26.2110,6.5498,5.6180,5.5333,5.0954,9
2460805.815497,-18.0101,30.2026,6.5498,5.6180,5.5333,5.0954,9
2460805.833787,-17.6194,16.4710,6.5498,5.6180,5.5333,5.0954,9
2460805.850777,-20.8750,21.3878,6.5498,5.6180,5.5333,5.0954,9
2460805.870407,-13.7189,20.3382,6.5498,5.6180,5.5333,5.0954,9
2460805.897537,-12.8049,21.6767,6.5498,5.6180,5.5333,5.0954,9
2460805.914257,-23.5087,23.3605,6.5498,5.6180,5.5333,5.0954,9
2460806.639357,-25.9234,16.7952,6.5498,5.6180,5.5333,5.0954,9
2460806.645247,-17.5103,24.1016,6.5498,5.6180,5.5333,5.0954,9
2460806.657937,-19.5981,24.0512,6.5498,5.6180,5.5333,5.0954,9
2460806.675507,-12.4637,13.2752,6.5498,5.6180,5.5333,5.0954,9
2460806.754297,-13.2960,26.6000,6.5498,5.6180,5.5333,5.0954,9
2460806.771097,-17.0733,24.5006,6.5498,5.6180,5.5333,5.0954,9
2460806.797907,-12.7685,28.9199,6.5498,5.6180,5.5333,5.0954,9
2460806.818977,-14.0809,20.1629,6.5498,5.6180,5.5333,5.0954,9
2460806.836147,-11.2781,22.6039,6.5498,5.6180,5.5333,5.0954,9
2460806.902967,-12.0014,31.1028,6.5498,5.6180,5.5333,5.0954,9
2460806.919337,-13.0386,31.4908,6.5498,5.6180,5.5333,5.0954,9
2460807.655277,-9.8362,16.5580,6.5498,5.6180,5.5333,5.0954,9
2460807.682587,-22.2452,22.1782,6.5498,5.6180,5.5333,5.0954,9
2460807.759527,-22.2022,19.9103,6.5498,5.6180,5.5333,5.0954,9
2460807.763257,-13.9983,17.7390,6.5498,5.6180,5.5333,5.0954,9
2460807.780927,-12.1904,23.4678,6.5498,5.6180,5.5333,5.0954,9
2460807.808087,-20.0953,24.0411,6.5498,5.6180,5.5333,5.0954,9
2460807.824887,-22.4134,22.6769,6.5498,5.6180,5.5333,5.0954,9
2460807.841627,-25.7840,22.9199,6.5498,5.6180,5.5333,5.0954,9
2460807.858247,-17.6942,23.4412,6.5498,5.6180,5.5333,5.0954,9
2460808.632787,-14.5757,23.4125,6.5498,5.6180,5.5333,5.0954,9
2460808.649527,-18.9641,26.3709,6.5498,5.6180,5.5333,5.0954,9
2460808.698667,-20.1851,15.4769,6.5498,5.6180,5.5333,5.0954,9
2460808.733817,-21.8539,18.4309,6.5498,5.6180,5.5333,5.0954,9
2460808.753107,-13.3073,24.8994,6.5498,5.6180,5.5333,5.0954,9
2460808.782477,-18.3574,19.6160,6.5498,5.6180,5.5333,5.0954,9
2460808.847607,-17.9320,17.8628,6.5498,5.6180,5.5333,5.0954,9
2460808.881707,-27.2701,22.2088,6.5498,5.6180,5.5333,5.0954,9
2460808.908977,-12.9975,27.6174,6.5498,5.6180,5.5333,5.0954,9
2460812.832157,-23.0670,22.2430,6.5498,5.6180,5.5333,5.0954,9
2460812.849287,-23.7021,29.1617,6.5498,5.6180,5.5333,5.0954,9
2460812.881377,-11.4272,22.9695,6.5498,5.6180,5.5333,5.0954,9
2460812.898027,-21.6123,17.9966,6.5498,5.6180,5.5333,5.0954,9
2460814.634457,-19.0981,15.6067,6.5498,5.6180,5.5333,5.0954,9
2460814.733507,-23.3701,16.0454,6.5498,5.6180,5.5333,5.0954,9
2460814.750877,-9.6047,25.0437,6.5498,5.6180,5.5333,5.0954,9
2460814.767337,-12.1236,20.2200,6.5498,5.6180,5.5333,5.0954,9
2460814.784457,-11.1759,14.7401,6.5498,5.6180,5.5333,5.0954,9
2460814.801547,-20.8252,29.4853,6.5498,5.6180,5.5333,5.0954,9
2460814.828937,-14.8143,23.0896,6.5498,5.6180,5.5333,5.0954,9
2460814.869017,-19.9690,23.7327,6.5498,5.6180,5.5333,5.0954,9
2460815.651197,-21.8226,22.5499,6.5498,5.6180,5.5333,5.0954,9
2460815.667777,-19.9195,27.6545,6.5498,5.6180,5.5333,5.0954,9
2460815.708737,-21.9686,24.6327,6.5498,5.6180,5.5333,5.0954,9
2460815.739567,-24.8289,23.4891,6.5498,5.6180,5.5333,5.0954,9
2460815.759467,-18.0579,19.4331,6.5498,5.6180,5.5333,5.0954,9
2460815.776277,-19.6510,24.1027,6.5498,5.6180,5.5333,5.0954,9
2460815.810667,-22.1936,21.6120,6.5498,5.6180,5.5333,5.0954,9
2460815.838427,-22.1584,24.0439,6.5498,5.6180,5.5333,5.0954,9
2460815.855727,-15.0929,21.2813,6.5498,5.6180,5.5333,5.0954,9
2460815.874007,-25.0783,17.3891,6.5498,5.6180,5.5333,5.0954,9
2460815.891997,-12.8957,28.4823,6.5498,5.6180,5.5333,5.0954,9
2460815.908827,-9.9433,28.3821,6.5498,5.6180,5.5333,5.0954,9
2460815.912867,-12.2737,16.6846,6.5498,5.6180,5.5333,5.0954,9
2460815.915567,-9.1414,19.7096,6.5498,5.6180,5.5333,5.0954,9
2460815.931627,-24.2571,11.6911,6.5498,5.6180,5.5333,5.0954,9
2460816.613417,-8.0976,25.1146,6.5498,5.6180,5.5333,5.0954,9
2460816.630717,-20.7968,28.7827,6.5498,5.6180,5.5333,5.0954,9
2460816.665647,-14.7748,23.7812,6.5498,5.6180,5.5333,5.0954,9
2460816.700167,-15.7730,16.9457,6.5498,5.6180,5.5333,5.0954,9
2460816.730757,-19.7646,21.6828,6.5498,5.6180,5.5333,5.0954,9
2460816.756297,-25.3548,16.4053,6.5498,5.6180,5.5333,5.0954,9
2460816.775877,-15.8591,21.1353,6.5498,5.6180,5.5333,5.0954,9
2460816.792807,-20.3557,17.5138,6.5498,5.6180,5.5333,5.0954,9
2460816.815067,-27.9321,23.6930,6.5498,5.6180,5.5333,5.0954,9
2460816.846717,-20.7483,16.0514,6.5498,5.6180,5.5333,5.0954,9
2460816.908967,-24.8550,21.7518,6.5498,5.6180,5.5333,5.0954,9
2460816.923007,-12.2491,23.1760,6.5498,5.6180,5.5333,5.0954,9
2460817.647217,-26.0864,17.5033,6.5498,5.6180,5.5333,5.0954,9
2460817.664547,-28.8543,16.9051,6.5498,5.6180,5.5333,5.0954,9
2460817.698957,-19.9448,22.6294,6.5498,5.6180,5.5333,5.0954,9
2460817.716067,-20.7520,18.9752,6.5498,5.6180,5.5333,5.0954,9
2460817.750187,-10.9765,19.4524,6.5498,5.6180,5.5333,5.0954,9
2460817.771827,-22.6736,11.2635,6.5498,5.6180,5.5333,5.0954,9
2460817.788477,-23.6455,16.2313,6.5498,5.6180,5.5333,5.0954,9
2460817.806807,-24.7318,29.4444,6.5498,5.6180,5.5333,5.0954,9
2460817.823937,-18.1928,22.1222,6.5498,5.6180,5.5333,5.0954,9
2460817.840657,-22.1401,23.4474,6.5498,5.6180,5.5333,5.0954,9
2460817.867927,-14.9072,31.5492,6.5498,5.6180,5.5333,5.0954,9
2460817.932537,-14.9848,27.2729,6.5498,5.6180,5.5333,5.0954,9
2460818.659577,-11.5580,23.6142,6.5498,5.6180,5.5333,5.0954,9
2460818.676237,-11.5265,19.6896,6.5498,5.6180,5.5333,5.0954,9
2460818.693157,-17.3530,25.2483,6.5498,5.6180,5.5333,5.0954,9
2460818.710007,-13.0200,30.0484,6.5498,5.6180,5.5333,5.0954,9
2460818.739967,-17.3283,23.5227,6.5498,5.6180,5.5333,5.0954,9
2460818.774297,-25.9598,20.2333,6.5498,5.6180,5.5333,5.0954,9
2460818.791797,-13.1252,19.9185,6.5498,5.6180,5.5333,5.0954,9
2460818.808397,-21.7223,23.7802,6.5498,5.6180,5.5333,5.0954,9
2460818.842587,-24.8463,14.4562,6.5498,5.6180,5.5333,5.0954,9
2460818.859937,-23.6509,28.2192,6.5498,5.6180,5.5333,5.0954,9
2460818.878847,-21.6005,23.0142,6.5498,5.6180,5.5333,5.0954,9
2460818.884717,-21.4847,23.9439,6.5498,5.6180,5.5333,5.0954,9
2460818.901837,-18.1468,21.5454,6.5498,5.6180,5.5333,5.0954,9
2460818.911487,-10.7208,31.2761,6.5498,5.6180,5.5333,5.0954,9
2460818.925397,-7.4314,21.9955,6.5498,5.6180,5.5333,5.0954,9
2460819.603897,-18.5019,20.7618,6.5498,5.6180,5.5333,5.0954,9
2460819.654267,-16.2314,18.6572,6.5498,5.6180,5.5333,5.0954,9
2460819.680617,-15.2420,23.6045,6.5498,5.6180,5.5333,5.0954,9
2460819.697717,-15.8591,23.3672,6.5498,5.6180,5.5333,5.0954,9
2460819.714737,-17.5846,23.1308,6.5498,5.6180,5.5333,5.0954,9
2460819.733197,-18.7134,23.4288,6.5498,5.6180,5.5333,5.0954,9
2460819.760647,-19.2487,25.3284,6.5498,5.6180,5.5333,5.0954,9
2460819.777967,-20.2431,14.6464,6.5498,5.6180,5.5333,5.0954,9
2460819.795527,-15.7414,20.0663,6.5498,5.6180,5.5333,5.0954,9
2460819.812097,-22.7743,28.6575,6.5498,5.6180,5.5333,5.0954,9
2460819.828877,-17.4965,23.0320,6.5498,5.6180,5.5333,5.0954,9
2460819.863077,-20.8249,21.6551,6.5498,5.6180,5.5333,5.0954,9
2460819.880507,-18.5234,25.4858,6.5498,5.6180,5.5333,5.0954,9
2460819.900157,-17.1949,21.6954,6.5498,5.6180,5.5333,5.0954,9
2460819.926767,-24.3310,30.4783,6.5498,5.6180,5.5333,5.0954,9
2460820.678757,-9.6351,23.9222,6.5498,5.6180,5.5333,5.0954,9
2460820.717467,-17.4495,24.6103,6.5498,5.6180,5.5333,5.0954,9
2460820.736897,-22.6222,24.3231,6.5498,5.6180,5.5333,5.0954,9
2460820.765167,-24.0291,16.3951,6.5498,5.6180,5.5333,5.0954,9
2460820.782057,-21.1648,18.0020,6.5498,5.6180,5.5333,5.0954,9
2460820.799157,-26.6368,18.4718,6.5498,5.6180,5.5333,5.0954,9
2460820.816037,-20.7842,21.4460,6.5498,5.6180,5.5333,5.0954,9
2460820.832937,-18.4518,17.3760,6.5498,5.6180,5.5333,5.0954,9
2460820.865317,-16.8445,26.7916,6.5498,5.6180,5.5333,5.0954,9
2460820.882237,-15.4072,31.7630,6.5498,5.6180,5.5333,5.0954,9
2460820.900657,-9.1545,24.4112,6.5498,5.6180,5.5333,5.0954,9
2460821.652247,-13.8884,18.4460,6.5498,5.6180,5.5333,5.0954,9
2460821.671217,-17.5925,13.7553,6.5498,5.6180,5.5333,5.0954,9
2460821.688207,-16.3332,23.1127,6.5498,5.6180,5.5333,5.0954,9
2460821.705357,-16.0210,27.8315,6.5498,5.6180,5.5333,5.0954,9
2460821.732487,-12.4497,23.7678,6.5498,5.6180,5.5333,5.0954,9
2460821.772257,-21.3769,20.4002,6.5498,5.6180,5.5333,5.0954,9
2460821.789037,-21.0858,28.0572,6.5498,5.6180,5.5333,5.0954,9
2460821.806487,-24.3641,16.9677,6.5498,5.6180,5.5333,5.0954,9
2460821.825337,-18.5211,20.6812,6.5498,5.6180,5.5333,5.0954,9
2460821.842337,-18.3662,26.0385,6.5498,5.6180,5.5333,5.0954,9
2460821.869757,-15.7468,12.8716,6.5498,5.6180,5.5333,5.0954,9
2460821.905157,-9.9739,24.1114,6.5498,5.6180,5.5333,5.0954,9
2460821.916267,-13.5519,30.8476,6.5498,5.6180,5.5333,5.0954,9
2460821.930177,-9.9123,18.1428,6.5498,5.6180,5.5333,5.0954,9
2460822.709567,-25.4780,21.6798,6.5498,5.6180,5.5333,5.0954,9
2460823.631067,-19.5193,31.2642,6.5498,5.6180,5.5333,5.0954,9
2460823.666387,-24.6795,17.7980,6.5498,5.6180,5.5333,5.0954,9
2460823.714667,-15.5256,12.6429,6.5498,5.6180,5.5333,5.0954,9
2460823.783537,-13.1036,28.7976,6.5498,5.6180,5.5333,5.0954,9
2460823.841747,-16.8646,24.7053,6.5498,5.6180,5.5333,5.0954,9
2460823.858677,-21.2766,12.8206,6.5498,5.6180,5.5333,5.0954,9
2460823.875177,-12.2742,18.6035,6.5498,5.6180,5.5333,5.0954,9
2460824.614327,-23.0283,18.0586,6.5498,5.6180,5.5333,5.0954,9
2460824.630797,-12.0888,26.4590,6.5498,5.6180,5.5333,5.0954,9
2460824.668737,-14.6387,24.4752,6.5498,5.6180,5.5333,5.0954,9
2460824.695637,-22.1128,30.6625,6.5498,5.6180,5.5333,5.0954,9
2460824.737497,-17.6871,23.2669,6.5498,5.6180,5.5333,5.0954,9
2460824.798877,-23.6745,25.2402,6.5498,5.6180,5.5333,5.0954,9
2460824.815367,-19.8154,26.5105,6.5498,5.6180,5.5333,5.0954,9
2460824.832747,-14.5475,21.8747,6.5498,5.6180,5.5333,5.0954,9
2460824.851347,-11.8642,19.1419,6.5498,5.6180,5.5333,5.0954,9
2460824.868117,-21.8043,22.9128,6.5498,5.6180,5.5333,5.0954,9
2460824.915397,-24.3966,13.5616,6.5498,5.6180,5.5333,5.0954,9
2460825.587737,-16.0508,24.9954,6.5498,5.6180,5.5333,5.0954,9
2460825.605067,-19.8325,23.5011,6.5498,5.6180,5.5333,5.0954,9
2460825.624997,-18.0351,12.2485,6.5498,5.6180,5.5333,5.0954,9
2460825.641377,-13.7921,19.4653,6.5498,5.6180,5.5333,5.0954,9
2460825.674027,-19.8976,14.3433,6.5498,5.6180,5.5333,5.0954,9
2460825.692027,-16.7893,22.8155,6.5498,5.6180,5.5333,5.0954,9
2460825.710897,-16.3895,27.0801,6.5498,5.6180,5.5333,5.0954,9
2460825.729127,-11.2274,21.5747,6.5498,5.6180,5.5333,5.0954,9
2460825.746267,-12.9867,23.6981,6.5498,5.6180,5.5333,5.0954,9
2460825.773927,-16.8065,22.9474,6.5498,5.6180,5.5333,5.0954,9
2460825.793637,-17.8698,23.9674,6.5498,5.6180,5.5333,5.0954,9
2460825.809987,-16.1661,20.1002,6.5498,5.6180,5.5333,5.0954,9
2460825.828207,-13.6727,26.3578,6.5498,5.6180,5.5333,5.0954,9
2460825.844607,-10.5016,25.1489,6.5498,5.6180,5.5333,5.0954,9
2460825.872977,-20.7553,24.7411,6.5498,5.6180,5.5333,5.0954,9
2460825.891057,-13.5862,20.4067,6.5498,5.6180,5.5333,5.0954,9
2460825.918907,-10.9674,18.0741,6.5498,5.6180,5.5333,5.0954,9
2460826.634077,-22.5530,17.4819,6.5498,5.6180,5.5333,5.0954,9
2460826.650467,-16.0356,13.8751,6.5498,5.6180,5.5333,5.0954,9
2460826.667337,-14.1244,24.6574,6.5498,5.6180,5.5333,5.0954,9
2460826.684887,-24.5339,19.8005,6.5498,5.6180,5.5333,5.0954,9
2460826.701137,-25.4080,23.7023,6.5498,5.6180,5.5333,5.0954,9
2460826.722997,-17.4526,24.0637,6.5498,5.6180,5.5333,5.0954,9
2460826.751327,-21.0026,15.2655,6.5498,5.6180,5.5333,5.0954,9
2460826.768057,-23.8156,18.9328,6.5498,5.6180,5.5333,5.0954,9
2460826.786207,-17.8284,24.3699,6.5498,5.6180,5.5333,5.0954,9
2460826.802947,-12.2712,18.3184,6.5498,5.6180,5.5333,5.0954,9
2460826.820097,-21.6505,26.5237,6.5498,5.6180,5.5333,5.0954,9
2460826.885407,-21.3962,26.7435,6.5498,5.6180,5.5333,5.0954,9
2460827.617567,-17.1712,25.8358,6.5498,5.6180,5.5333,5.0954,9
2460827.634377,-29.1799,12.2183,6.5498,5.6180,5.5333,5.0954,9
2460827.652887,-23.3759,19.5276,6.5498,5.6180,5.5333,5.0954,9
2460827.705237,-20.1321,16.3390,6.5498,5.6180,5.5333,5.0954,9
2460827.732717,-20.0598,17.0830,6.5498,5.6180,5.5333,5.0954,9
2460827.750677,-17.3385,20.3148,6.5498,5.6180,5.5333,5.0954,9
2460827.771817,-17.2737,26.9800,6.5498,5.6180,5.5333,5.0954,9
2460827.788987,-16.2892,13.9530,6.5498,5.6180,5.5333,5.0954,9
2460827.850427,-24.9422,15.6335,6.5498,5.6180,5.5333,5.0954,9
2460827.867277,-22.2410,22.1987,6.5498,5.6180,5.5333,5.0954,9
2460827.887797,-14.3475,25.4324,6.5498,5.6180,5.5333,5.0954,9
2460827.904997,-10.4065,30.6951,6.5498,5.6180,5.5333,5.0954,9
2460828.584667,-20.4582,21.1061,6.5498,5.6180,5.5333,5.0954,9
2460828.607087,-22.8547,24.2823,6.5498,5.6180,5.5333,5.0954,9
2460828.623977,-18.7180,27.8900,6.5498,5.6180,5.5333,5.0954,9
2460828.657167,-17.7475,19.9329,6.5498,5.6180,5.5333,5.0954,9
2460828.687567,-26.0543,15.1772,6.5498,5.6180,5.5333,5.0954,9
2460828.691177,-18.7737,22.5092,6.5498,5.6180,5.5333,5.0954,9
2460828.707657,-19.2049,28.2317,6.5498,5.6180,5.5333,5.0954,9
2460828.724197,-21.3545,14.1016,6.5498,5.6180,5.5333,5.0954,9
2460828.741357,-21.1567,14.4474,6.5498,5.6180,5.5333,5.0954,9
2460828.758827,-22.8605,20.3319,6.5498,5.6180,5.5333,5.0954,9
2460828.775657,-25.0394,15.4882,6.5498,5.6180,5.5333,5.0954,9
2460828.803167,-21.7223,22.6683,6.5498,5.6180,5.5333,5.0954,9
2460828.837107,-28.6475,22.2222,6.5498,5.6180,5.5333,5.0954,9
2460829.623367,-12.8295,29.7868,6.5498,5.6180,5.5333,5.0954,9
2460829.641677,-11.5138,32.3437,6.5498,5.6180,5.5333,5.0954,9
2460829.668997,-19.1377,15.4026,6.5498,5.6180,5.5333,5.0954,9
2460829.685427,-16.6788,16.4544,6.5498,5.6180,5.5333,5.0954,9
2460829.704927,-21.0726,27.4334,6.5498,5.6180,5.5333,5.0954,9
2460829.738377,-16.2081,16.1409,6.5498,5.6180,5.5333,5.0954,9
2460829.765407,-20.5699,15.7443,6.5498,5.6180,5.5333,5.0954,9
2460829.782457,-26.9262,20.6879,6.5498,5.6180,5.5333,5.0954,9
2460829.801807,-22.9843,22.1848,6.5498,5.6180,5.5333,5.0954,9
2460829.818377,-25.4746,23.7902,6.5498,5.6180,5.5333,5.0954,9
2460829.854287,-26.3207,22.7146,6.5498,5.6180,5.5333,5.0954,9
2460830.573887,-23.9714,13.3953,6.5498,5.6180,5.5333,5.0954,9
2460830.593237,-20.5344,20.9079,6.5498,5.6180,5.5333,5.0954,9
2460830.609627,-19.5796,19.5403,6.5498,5.6180,5.5333,5.0954,9
2460830.637747,-13.4348,16.7749,6.5498,5.6180,5.5333,5.0954,9
2460830.654997,-16.8326,24.0549,6.5498,5.6180,5.5333,5.0954,9
2460830.672417,-22.1887,18.9632,6.5498,5.6180,5.5333,5.0954,9
2460830.706137,-20.1364,23.8095,6.5498,5.6180,5.5333,5.0954,9
2460830.733737,-16.4199,16.5306,6.5498,5.6180,5.5333,5.0954,9
2460830.770057,-11.2744,22.1840,6.5498,5.6180,5.5333,5.0954,9
2460830.790597,-9.7438,14.7243,6.5498,5.6180,5.5333,5.0954,9
2460830.832107,-19.1532,19.5062,6.5498,5.6180,5.5333,5.0954,9
2460830.851907,-16.2649,22.2976,6.5498,5.6180,5.5333,5.0954,9
2460831.721407,-9.1532,19.1035,6.5498,5.6180,5.5333,5.0954,9
2460831.739207,-15.5918,22.6473,6.5498,5.6180,5.5333,5.0954,9
2460831.755877,-15.3507,16.7920,6.5498,5.6180,5.5333,5.0954,9
2460831.772687,-14.9924,20.6710,6.5498,5.6180,5.5333,5.0954,9
2460831.792907,-17.7737,15.9338,6.5498,5.6180,5.5333,5.0954,9
2460831.839037,-25.3733,20.3313,6.5498,5.6180,5.5333,5.0954,9
2460832.613467,-7.6455,21.5656,6.5498,5.6180,5.5333,5.0954,9
2460832.649227,-12.3073,22.3350,6.5498,5.6180,5.5333,5.0954,9
2460832.696557,-14.4528,21.9656,6.5498,5.6180,5.5333,5.0954,9
2460832.713347,-11.0092,23.3257,6.5498,5.6180,5.5333,5.0954,9
2460832.729937,-11.9317,21.4488,6.5498,5.6180,5.5333,5.0954,9
2460832.746777,-13.8513,21.0961,6.5498,5.6180,5.5333,5.0954,9
2460832.763917,-20.6260,19.9866,6.5498,5.6180,5.5333,5.0954,9
2460832.792817,-15.2530,30.1708,6.5498,5.6180,5.5333,5.0954,9
2460832.811027,-22.0393,32.4987,6.5498,5.6180,5.5333,5.0954,9
2460832.850357,-21.2949,25.6263,6.5498,5.6180,5.5333,5.0954,9
2460832.900597,-17.2422,29.5659,6.5498,5.6180,5.5333,5.0954,9
2460833.648337,-9.1634,27.5587,6.5498,5.6180,5.5333,5.0954,9
2460833.651187,-13.0903,14.3358,6.5498,5.6180,5.5333,5.0954,9
2460833.681617,-11.8423,26.9394,6.5498,5.6180,5.5333,5.0954,9
2460833.698477,-7.9732,26.0309,6.5498,5.6180,5.5333,5.0954,9
2460833.733097,-11.0216,26.8420,6.5498,5.6180,5.5333,5.0954,9
2460833.750357,-16.2029,23.0265,6.5498,5.6180,5.5333,5.0954,9
2460833.781867,-9.3475,27.6365,6.5498,5.6180,5.5333,5.0954,9
2460833.798267,-12.4402,24.4543,6.5498,5.6180,5.5333,5.0954,9
2460833.816407,-15.2680,20.1075,6.5498,5.6180,5.5333,5.0954,9
2460833.835457,-12.7442,23.3080,6.5498,5.6180,5.5333,5.0954,9
2460834.807737,-22.4320,22.1773,6.5498,5.6180,5.5333,5.0954,9
2460834.824497,-23.5849,23.4571,6.5498,5.6180,5.5333,5.0954,9
2460834.841337,-25.8191,25.1009,6.5498,5.6180,5.5333,5.0954,9
2460834.868267,-20.2159,21.3375,6.5498,5.6180,5.5333,5.0954,9
2460834.885287,-22.3315,23.8288,6.5498,5.6180,5.5333,5.0954,9
2460835.571497,-16.7117,18.8402,6.5498,5.6180,5.5333,5.0954,9
2460835.588227,-22.3702,20.6919,6.5498,5.6180,5.5333,5.0954,9
2460835.605227,-19.6522,19.0842,6.5498,5.6180,5.5333,5.0954,9
2460835.622077,-6.9363,16.4735,6.5498,5.6180,5.5333,5.0954,9
2460835.653267,-21.4291,26.1250,6.5498,5.6180,5.5333,5.0954,9
2460835.690717,-21.5575,17.6780,6.5498,5.6180,5.5333,5.0954,9
2460835.707637,-21.9731,23.8247,6.5498,5.6180,5.5333,5.0954,9
2460835.724797,-12.2355,20.1185,6.5498,5.6180,5.5333,5.0954,9
2460835.751857,-8.3232,24.5914,6.5498,5.6180,5.5333,5.0954,9
2460835.754707,-17.2618,21.1940,6.5498,5.6180,5.5333,5.0954,9
2460835.770117,-19.8858,17.7689,6.5498,5.6180,5.5333,5.0954,9
2460835.786647,-23.3375,27.8760,6.5498,5.6180,5.5333,5.0954,9
2460835.803487,-23.3129,30.0812,6.5498,5.6180,5.5333,5.0954,9
2460836.612517,-25.1645,15.4571,6.5498,5.6180,5.5333,5.0954,9
2460836.653397,-17.4261,9.4721,6.5498,5.6180,5.5333,5.0954,9
2460836.670417,-20.8711,22.4038,6.5498,5.6180,5.5333,5.0954,9
2460836.686877,-9.4029,21.5391,6.5498,5.6180,5.5333,5.0954,9
2460836.703437,-10.1639,19.9025,6.5498,5.6180,5.5333,5.0954,9
2460836.747657,-23.0903,28.8448,6.5498,5.6180,5.5333,5.0954,9
2460836.764327,-23.9971,23.6900,6.5498,5.6180,5.5333,5.0954,9
2460836.767197,-26.0061,24.1055,6.5498,5.6180,5.5333,5.0954,9
2460836.784047,-21.0942,19.7554,6.5498,5.6180,5.5333,5.0954,9
2460836.800687,-16.6677,29.8806,6.5498,5.6180,5.5333,5.0954,9
2460836.828087,-12.4236,27.9974,6.5498,5.6180,5.5333,5.0954,9
2460841.817557,-22.0239,32.2834,6.5498,5.6180,5.5333,5.0954,9
2460841.836197,-16.2996,27.4686,6.5498,5.6180,5.5333,5.0954,9
2460844.743327,-18.2174,22.0408,6.5498,5.6180,5.5333,5.0954,9
2460844.780377,-27.1023,29.4260,6.5498,5.6180,5.5333,5.0954,9
2460844.797047,-28.2844,8.9770,6.5498,5.6180,5.5333,5.0954,9
2460844.815607,-6.1177,9.3918,6.5498,5.6180,5.5333,5.0954,9
2460844.833717,-20.0960,9.2774,6.5498,5.6180,5.5333,5.0954,9
2460845.609997,-4.7091,18.9685,6.5498,5.6180,5.5333,5.0954,9
2460845.646887,-14.9743,19.5495,6.5498,5.6180,5.5333,5.0954,9
2460845.681687,-14.4010,16.8674,6.5498,5.6180,5.5333,5.0954,9
2460845.708917,-6.3042,15.0474,6.5498,5.6180,5.5333,5.0954,9
2460845.727017,-8.7095,12.9782,6.5498,5.6180,5.5333,5.0954,9
2460845.744257,-6.8965,29.9497,6.5498,5.6180,5.5333,5.0954,9
2460846.551267,-13.7543,26.8113,6.5498,5.6180,5.5333,5.0954,9
2460846.578637,-16.5447,16.0681,6.5498,5.6180,5.5333,5.0954,9
2460846.599217,-24.2828,28.4039,6.5498,5.6180,5.5333,5.0954,9
2460846.615917,-7.8823,13.3980,6.5498,5.6180,5.5333,5.0954,9
2460846.638187,-12.0812,23.5641,6.5498,5.6180,5.5333,5.0954,9
2460846.655217,-17.9274,28.1933,6.5498,5.6180,5.5333,5.0954,9
2460846.700517,-14.0994,21.3441,6.5498,5.6180,5.5333,5.0954,9
2460846.703347,-13.5848,22.8050,6.5498,5.6180,5.5333,5.0954,9
2460846.722137,-19.2610,15.9389,6.5498,5.6180,5.5333,5.0954,9
2460846.742607,-14.6945,28.4345,6.5498,5.6180,5.5333,5.0954,9
2460846.815057,-12.0130,31.0033,6.5498,5.6180,5.5333,5.0954,9
2460846.832527,-9.7375,12.3471,6.5498,5.6180,5.5333,5.0954,9
2460846.850827,-12.4738,21.2493,6.5498,5.6180,5.5333,5.0954,9
2460847.541977,-8.8147,13.7723,6.5498,5.6180,5.5333,5.0954,9
2460847.571647,-3.8293,19.1555,6.5498,5.6180,5.5333,5.0954,9
2460847.588487,-11.3323,25.2221,6.5498,5.6180,5.5333,5.0954,9
2460847.605637,-15.0991,18.0270,6.5498,5.6180,5.5333,5.0954,9
2460847.623697,-18.9802,25.6717,6.5498,5.6180,5.5333,5.0954,9
2460847.642027,-15.7195,15.2890,6.5498,5.6180,5.5333,5.0954,9
2460847.660717,-21.3307,21.6148,6.5498,5.6180,5.5333,5.0954,9
2460847.688357,-18.1903,22.3218,6.5498,5.6180,5.5333,5.0954,9
2460847.706697,-19.3363,22.4499,6.5498,5.6180,5.5333,5.0954,9
2460847.756607,-14.3817,26.3125,6.5498,5.6180,5.5333,5.0954,9
2460847.784007,-15.6805,21.2480,6.5498,5.6180,5.5333,5.0954,9
2460847.802867,-11.8684,22.7927,6.5498,5.6180,5.5333,5.0954,9
2460847.854587,-5.7037,16.0066,6.5498,5.6180,5.5333,5.0954,9
2460848.604407,-20.0599,32.4271,6.5498,5.6180,5.5333,5.0954,9
2460848.621117,-20.5094,25.7142,6.5498,5.6180,5.5333,5.0954,9
2460848.694577,-10.1188,28.3567,6.5498,5.6180,5.5333,5.0954,9
2460848.715427,-9.5961,25.1427,6.5498,5.6180,5.5333,5.0954,9
2460848.732827,-12.5936,16.4181,6.5498,5.6180,5.5333,5.0954,9
2460848.779157,-28.1115,13.7561,6.5498,5.6180,5.5333,5.0954,9
2460850.531947,-15.2180,21.6068,6.5498,5.6180,5.5333,5.0954,9
2460850.548417,-13.0936,9.5616,6.5498,5.6180,5.5333,5.0954,9
2460850.565147,-12.9590,30.1327,6.5498,5.6180,5.5333,5.0954,9
2460850.581807,-7.3054,33.8376,6.5498,5.6180,5.5333,5.0954,9
2460850.604687,-19.1717,6.4838,6.5498,5.6180,5.5333,5.0954,9
2460850.631627,-17.0664,20.0649,6.5498,5.6180,5.5333,5.0954,9
2460850.654367,-19.4568,20.9552,6.5498,5.6180,5.5333,5.0954,9
2460850.672067,-17.7851,18.6101,6.5498,5.6180,5.5333,5.0954,9
2460850.688487,-23.3086,20.2105,6.5498,5.6180,5.5333,5.0954,9
2460850.705587,-22.1218,28.8110,6.5498,5.6180,5.5333,5.0954,9
2460850.732667,-19.0344,22.1958,6.5498,5.6180,5.5333,5.0954,9
2460850.752327,-22.1135,26.3888,6.5498,5.6180,5.5333,5.0954,9
2460850.767737,-22.2246,26.4204,6.5498,5.6180,5.5333,5.0954,9
2460850.785157,-18.4331,25.5030,6.5498,5.6180,5.5333,5.0954,9
2460850.802027,-18.2145,18.5744,6.5498,5.6180,5.5333,5.0954,9
2460850.818727,-22.7501,18.6297,6.5498,5.6180,5.5333,5.0954,9
2460851.529917,-21.1288,28.6101,6.5498,5.6180,5.5333,5.0954,9
2460851.550637,-21.1798,20.7459,6.5498,5.6180,5.5333,5.0954,9
2460851.567727,-17.9365,15.8067,6.5498,5.6180,5.5333,5.0954,9
2460851.584227,-17.4047,21.0034,6.5498,5.6180,5.5333,5.0954,9
2460851.601267,-17.6118,22.0004,6.5498,5.6180,5.5333,5.0954,9
2460851.628667,-21.9386,20.9904,6.5498,5.6180,5.5333,5.0954,9
2460851.645347,-14.6276,20.5264,6.5498,5.6180,5.5333,5.0954,9
2460851.662617,-22.8074,22.0712,6.5498,5.6180,5.5333,5.0954,9
2460851.679857,-25.8906,19.3324,6.5498,5.6180,5.5333,5.0954,9
2460851.724007,-18.1773,32.7643,6.5498,5.6180,5.5333,5.0954,9
2460851.743547,-33.4292,26.1489,6.5498,5.6180,5.5333,5.0954,9
2460851.760557,-21.9397,28.4067,6.5498,5.6180,5.5333,5.0954,9
2460851.777677,-9.9335,13.2382,6.5498,5.6180,5.5333,5.0954,9
2460851.794137,-15.7011,21.4744,6.5498,5.6180,5.5333,5.0954,9
2460851.845407,-16.7793,20.6883,6.5498,5.6180,5.5333,5.0954,9
2460853.536857,-14.9997,20.5946,6.5498,5.6180,5.5333,5.0954,9
2460853.553797,-2.3768,23.0747,6.5498,5.6180,5.5333,5.0954,9
2460853.587967,-20.0007,18.5927,6.5498,5.6180,5.5333,5.0954,9
2460853.614887,-14.2251,13.5462,6.5498,5.6180,5.5333,5.0954,9
2460853.632047,-14.2444,24.1038,6.5498,5.6180,5.5333,5.0954,9
2460853.660917,-10.2505,21.0593,6.5498,5.6180,5.5333,5.0954,9
2460853.678157,-12.2090,23.3004,6.5498,5.6180,5.5333,5.0954,9
2460853.694837,-18.7456,24.6103,6.5498,5.6180,5.5333,5.0954,9
2460853.721967,-15.4735,26.4015,6.5498,5.6180,5.5333,5.0954,9
2460853.759607,-5.7659,25.1516,6.5498,5.6180,5.5333,5.0954,9
2460853.777307,-10.4471,24.9053,6.5498,5.6180,5.5333,5.0954,9
2460853.824557,-9.6305,15.3485,6.5498,5.6180,5.5333,5.0954,9
2460854.529757,-14.4861,22.6779,6.5498,5.6180,5.5333,5.0954,9
2460854.593037,-6.3455,21.9766,6.5498,5.6180,5.5333,5.0954,9
2460854.610527,-6.6600,18.7804,6.5498,5.6180,5.5333,5.0954,9
2460854.628997,-8.8596,15.8993,6.5498,5.6180,5.5333,5.0954,9
2460854.649157,-18.5388,14.8623,6.5498,5.6180,5.5333,5.0954,9
2460854.665997,-17.1675,27.8063,6.5498,5.6180,5.5333,5.0954,9
2460854.689027,-14.4307,24.2844,6.5498,5.6180,5.5333,5.0954,9
2460854.716527,-5.8594,12.1737,6.5498,5.6180,5.5333,5.0954,9
2460854.733537,-16.8236,14.0661,6.5498,5.6180,5.5333,5.0954,9
2460854.750777,-25.5276,9.9066,6.5498,5.6180,5.5333,5.0954,9
2460854.767727,-11.0580,14.5473,6.5498,5.6180,5.5333,5.0954,9
2460855.591947,-13.9986,10.4823,6.5498,5.6180,5.5333,5.0954,9
2460855.608777,-7.9041,11.2649,6.5498,5.6180,5.5333,5.0954,9
2460855.625467,-9.6683,21.6761,6.5498,5.6180,5.5333,5.0954,9
2460855.646437,-5.3380,20.6231,6.5498,5.6180,5.5333,5.0954,9
2460855.675587,-7.8443,10.5430,6.5498,5.6180,5.5333,5.0954,9
2460855.704437,-24.4261,14.2259,6.5498,5.6180,5.5333,5.0954,9
2460855.741697,-18.6398,22.2171,6.5498,5.6180,5.5333,5.0954,9
2460855.776577,-24.5362,22.2162,6.5498,5.6180,5.5333,5.0954,9
2460856.515837,-17.4067,24.2547,6.5498,5.6180,5.5333,5.0954,9
2460856.550897,-15.1061,25.9695,6.5498,5.6180,5.5333,5.0954,9
2460856.578247,-15.6848,26.3041,6.5498,5.6180,5.5333,5.0954,9
2460856.594767,-12.0205,29.0762,6.5498,5.6180,5.5333,5.0954,9
2460856.615197,-9.7878,28.5921,6.5498,5.6180,5.5333,5.0954,9
2460856.631857,-8.9133,9.4609,6.5498,5.6180,5.5333,5.0954,9
2460856.636097,-18.0049,20.5143,6.5498,5.6180,5.5333,5.0954,9
2460856.649967,-12.1148,21.5512,6.5498,5.6180,5.5333,5.0954,9
2460856.681757,-21.1270,29.5341,6.5498,5.6180,5.5333,5.0954,9
2460856.698517,-19.0074,28.8456,6.5498,5.6180,5.5333,5.0954,9
2460856.716597,-15.9412,28.7856,6.5498,5.6180,5.5333,5.0954,9
2460856.732837,-19.5366,16.0405,6.5498,5.6180,5.5333,5.0954,9
2460856.735677,-15.8916,20.9791,6.5498,5.6180,5.5333,5.0954,9
2460856.751197,-27.3520,24.0579,6.5498,5.6180,5.5333,5.0954,9
2460856.768927,-15.4325,30.5488,6.5498,5.6180,5.5333,5.0954,9
2460856.814577,-20.0749,23.9501,6.5498,5.6180,5.5333,5.0954,9
2460857.641217,-27.7780,14.2143,6.5498,5.6180,5.5333,5.0954,9
2460857.659077,-14.8980,11.5239,6.5498,5.6180,5.5333,5.0954,9
2460857.686947,-15.3370,21.3115,6.5498,5.6180,5.5333,5.0954,9
2460857.706357,-11.7559,17.2868,6.5498,5.6180,5.5333,5.0954,9
2460857.726507,-15.8851,19.4977,6.5498,5.6180,5.5333,5.0954,9
2460857.743557,-12.3762,28.1070,6.5498,5.6180,5.5333,5.0954,9
2460857.760187,-13.5825,21.1700,6.5498,5.6180,5.5333,5.0954,9
2460857.787967,-5.9457,28.6770,6.5498,5.6180,5.5333,5.0954,9
2460857.805257,-6.0505,26.3976,6.5498,5.6180,5.5333,5.0954,9
2460857.823387,-8.0616,7.7496,6.5498,5.6180,5.5333,5.0954,9
2460858.591867,-26.1712,19.7867,6.5498,5.6180,5.5333,5.0954,9
2460858.741967,-18.1604,31.8549,6.5498,5.6180,5.5333,5.0954,9
2460858.758687,-10.3024,21.9029,6.5498,5.6180,5.5333,5.0954,9
2460858.790447,-16.8874,11.2462,6.5498,5.6180,5.5333,5.0954,9
2460858.830237,-20.2722,20.9512,6.5498,5.6180,5.5333,5.0954,9
2460859.505507,-10.1512,23.7246,6.5498,5.6180,5.5333,5.0954,9
2460859.522147,-23.6465,13.4754,6.5498,5.6180,5.5333,5.0954,9
2460859.549757,-23.1176,17.2625,6.5498,5.6180,5.5333,5.0954,9
2460859.566747,-17.7837,22.9723,6.5498,5.6180,5.5333,5.0954,9
2460859.582967,-11.8152,23.5414,6.5498,5.6180,5.5333,5.0954,9
2460859.600007,-17.5319,21.9808,6.5498,5.6180,5.5333,5.0954,9
2460859.616927,-13.2216,22.7872,6.5498,5.6180,5.5333,5.0954,9
2460859.695247,-14.7692,22.1696,6.5498,5.6180,5.5333,5.0954,9
2460859.713357,-29.4248,26.2881,6.5498,5.6180,5.5333,5.0954,9
2460859.730337,-17.2280,28.4330,6.5498,5.6180,5.5333,5.0954,9
2460859.746917,-14.1567,21.2592,6.5498,5.6180,5.5333,5.0954,9
2460859.767347,-14.6389,23.0165,6.5498,5.6180,5.5333,5.0954,9
2460859.794767,-14.2663,29.7724,6.5498,5.6180,5.5333,5.0954,9
2460859.813257,-12.7166,25.5349,6.5498,5.6180,5.5333,5.0954,9
2460860.516827,-7.2291,26.2298,6.5498,5.6180,5.5333,5.0954,9
2460860.533877,-21.6940,29.9302,6.5498,5.6180,5.5333,5.0954,9
2460860.583867,-16.5614,24.7559,6.5498,5.6180,5.5333,5.0954,9
2460860.600417,-16.0233,13.7553,6.5498,5.6180,5.5333,5.0954,9
2460860.617577,-9.2858,21.2276,6.5498,5.6180,5.5333,5.0954,9
2460860.664097,-15.5451,14.2194,6.5498,5.6180,5.5333,5.0954,9
2460860.680807,-15.6896,13.6992,6.5498,5.6180,5.5333,5.0954,9
2460860.697807,-14.9087,21.7329,6.5498,5.6180,5.5333,5.0954,9
2460860.733147,-23.7646,20.0981,6.5498,5.6180,5.5333,5.0954,9
2460860.802597,-11.3602,29.0075,6.5498,5.6180,5.5333,5.0954,9
2460861.506257,-3.8930,19.9359,6.5498,5.6180,5.5333,5.0954,9
2460861.570157,-15.2810,18.4153,6.5498,5.6180,5.5333,5.0954,9
2460861.589217,-15.0316,33.1943,6.5498,5.6180,5.5333,5.0954,9
2460861.596287,-19.4873,23.9585,6.5498,5.6180,5.5333,5.0954,9
2460861.613697,-21.6819,19.4529,6.5498,5.6180,5.5333,5.0954,9
2460861.630877,-8.7420,20.6434,6.5498,5.6180,5.5333,5.0954,9
2460861.647597,-16.4526,28.4352,6.5498,5.6180,5.5333,5.0954,9
2460861.680687,-10.4587,23.7403,6.5498,5.6180,5.5333,5.0954,9
2460861.714307,-8.1108,20.9127,6.5498,5.6180,5.5333,5.0954,9
2460861.731177,-13.4314,14.6646,6.5498,5.6180,5.5333,5.0954,9
2460861.748377,-10.6730,27.9288,6.5498,5.6180,5.5333,5.0954,9
2460861.816367,-21.6015,22.6305,6.5498,5.6180,5.5333,5.0954,9
2460862.617357,-23.8372,29.5389,6.5498,5.6180,5.5333,5.0954,9
2460862.667327,-19.5597,16.8995,6.5498,5.6180,5.5333,5.0954,9
2460862.701087,-10.2367,28.1133,6.5498,5.6180,5.5333,5.0954,9
2460862.734927,-8.5927,14.1812,6.5498,5.6180,5.5333,5.0954,9
2460863.577717,-14.3745,28.1604,6.5498,5.6180,5.5333,5.0954,9
2460863.623407,-17.7666,16.7144,6.5498,5.6180,5.5333,5.0954,9
2460863.640277,-21.5590,16.2992,6.5498,5.6180,5.5333,5.0954,9
2460863.740217,-24.2750,26.0802,6.5498,5.6180,5.5333,5.0954,9
2460863.773467,-21.0394,10.3426,6.5498,5.6180,5.5333,5.0954,9
2460864.587357,-19.2677,19.3887,6.5498,5.6180,5.5333,5.0954,9
2460865.569367,-28.2522,30.0878,6.5498,5.6180,5.5333,5.0954,9
2460867.499637,-8.7072,29.6010,6.5498,5.6180,5.5333,5.0954,9
2460867.600207,-10.8194,28.4805,6.5498,5.6180,5.5333,5.0954,9
2460867.617577,-22.2556,23.7098,6.5498,5.6180,5.5333,5.0954,9
2460867.654787,-16.3259,27.3890,6.5498,5.6180,5.5333,5.0954,9
2460867.681887,-19.3373,25.9556,6.5498,5.6180,5.5333,5.0954,9
2460867.725147,-20.4598,31.3831,6.5498,5.6180,5.5333,5.0954,9
2460867.743077,-20.6992,18.5078,6.5498,5.6180,5.5333,5.0954,9
2460867.761937,-13.7596,24.0469,6.5498,5.6180,5.5333,5.0954,9
2460868.501967,-10.4804,17.2295,6.5498,5.6180,5.5333,5.0954,9
2460868.519087,-10.5683,24.2747,6.5498,5.6180,5.5333,5.0954,9
2460868.536067,-19.8131,23.2493,6.5498,5.6180,5.5333,5.0954,9
2460868.568087,-12.7490,21.6727,6.5498,5.6180,5.5333,5.0954,9
2460868.584977,-17.9164,23.8990,6.5498,5.6180,5.5333,5.0954,9
2460868.604927,-16.0236,22.3952,6.5498,5.6180,5.5333,5.0954,9
2460868.639237,-17.4312,16.8477,6.5498,5.6180,5.5333,5.0954,9
2460868.685167,-21.2981,19.2434,6.5498,5.6180,5.5333,5.0954,9
2460868.702147,-13.2429,12.4027,6.5498,5.6180,5.5333,5.0954,9
2460868.719727,-8.3461,26.8483,6.5498,5.6180,5.5333,5.0954,9
2460868.736627,-6.0186,28.0113,6.5498,5.6180,5.5333,5.0954,9
2460868.766747,-20.9017,34.6117,6.5498,5.6180,5.5333,5.0954,9
2460869.495507,-19.8322,31.6160,6.5498,5.6180,5.5333,5.0954,9
2460869.512457,-21.2259,23.3421,6.5498,5.6180,5.5333,5.0954,9
2460869.541877,-11.6634,31.3904,6.5498,5.6180,5.5333,5.0954,9
2460869.578577,-15.2910,26.1784,6.5498,5.6180,5.5333,5.0954,9
2460869.599407,-15.2896,21.7515,6.5498,5.6180,5.5333,5.0954,9
2460869.637257,-20.4673,22.4393,6.5498,5.6180,5.5333,5.0954,9
2460869.664327,-17.4240,23.3997,6.5498,5.6180,5.5333,5.0954,9
2460869.681377,-17.5088,18.8078,6.5498,5.6180,5.5333,5.0954,9
2460869.698357,-14.2255,31.4072,6.5498,5.6180,5.5333,5.0954,9
2460869.732677,-10.0204,18.5189,6.5498,5.6180,5.5333,5.0954,9
2460870.660687,-22.0181,32.5816,6.5498,5.6180,5.5333,5.0954,9
2460870.677677,-11.4120,28.3997,6.5498,5.6180,5.5333,5.0954,9
2460870.694717,-21.4314,27.5704,6.5498,5.6180,5.5333,5.0954,9
2460870.711637,-16.4078,24.6102,6.5498,5.6180,5.5333,5.0954,9
2460870.728527,-12.6317,30.6501,6.5498,5.6180,5.5333,5.0954,9
2460870.756157,-10.2933,26.8934,6.5498,5.6180,5.5333,5.0954,9
2460872.492807,-8.8341,20.5658,6.5498,5.6180,5.5333,5.0954,9
2460872.595007,-12.0583,19.3604,6.5498,5.6180,5.5333,5.0954,9
2460872.611857,-22.8229,22.9992,6.5498,5.6180,5.5333,5.0954,9
2460872.628867,-21.3397,12.7989,6.5498,5.6180,5.5333,5.0954,9
2460872.645817,-17.7288,26.5226,6.5498,5.6180,5.5333,5.0954,9
2460872.664297,-9.9877,28.3885,6.5498,5.6180,5.5333,5.0954,9
2460872.691447,-7.7398,20.2317,6.5498,5.6180,5.5333,5.0954,9
2460872.748237,-19.1888,33.6593,6.5498,5.6180,5.5333,5.0954,9
2460872.765357,-16.0152,17.9702,6.5498,5.6180,5.5333,5.0954,9
2460873.480317,-20.7366,16.9947,6.5498,5.6180,5.5333,5.0954,9
2460873.498917,-7.1346,17.6894,6.5498,5.6180,5.5333,5.0954,9
2460873.515847,-8.9799,17.7646,6.5498,5.6180,5.5333,5.0954,9
2460873.532957,-12.5978,29.0192,6.5498,5.6180,5.5333,5.0954,9
2460873.554237,-14.3735,17.2479,6.5498,5.6180,5.5333,5.0954,9
2460873.581227,-19.3508,23.9845,6.5498,5.6180,5.5333,5.0954,9
2460873.598027,-16.1984,20.3830,6.5498,5.6180,5.5333,5.0954,9
2460873.634367,-22.6935,22.1659,6.5498,5.6180,5.5333,5.0954,9
2460873.652567,-19.0535,22.7136,6.5498,5.6180,5.5333,5.0954,9
2460873.681897,-22.0571,33.3065,6.5498,5.6180,5.5333,5.0954,9
2460873.701827,-15.2529,27.2462,6.5498,5.6180,5.5333,5.0954,9
2460873.720437,-9.0530,24.6021,6.5498,5.6180,5.5333,5.0954,9
2460873.737017,-18.2003,23.0295,6.5498,5.6180,5.5333,5.0954,9
2460873.753817,-19.8905,31.7358,6.5498,5.6180,5.5333,5.0954,9
2460873.770477,-14.3034,28.7702,6.5498,5.6180,5.5333,5.0954,9
2460874.504577,-13.1691,14.9421,6.5498,5.6180,5.5333,5.0954,9
2460874.556167,-16.3292,28.2409,6.5498,5.6180,5.5333,5.0954,9
2460874.637167,-27.1166,16.8018,6.5498,5.6180,5.5333,5.0954,9
2460874.660507,-19.9804,26.8437,6.5498,5.6180,5.5333,5.0954,9
2460874.689537,-13.8591,20.7215,6.5498,5.6180,5.5333,5.0954,9
2460874.706057,-17.1020,18.7093,6.5498,5.6180,5.5333,5.0954,9
2460874.723167,-22.6002,23.8733,6.5498,5.6180,5.5333,5.0954,9
2460874.741187,-8.3830,25.4950,6.5498,5.6180,5.5333,5.0954,9
2460874.757907,-17.7316,31.5839,6.5498,5.6180,5.5333,5.0954,9
2460875.494417,-6.3984,23.7354,6.5498,5.6180,5.5333,5.0954,9
2460875.511187,-7.4666,27.3909,6.5498,5.6180,5.5333,5.0954,9
2460875.528147,-9.1248,28.6179,6.5498,5.6180,5.5333,5.0954,9
2460875.548527,-13.2411,27.5493,6.5498,5.6180,5.5333,5.0954,9
2460875.565357,-19.7375,29.2548,6.5498,5.6180,5.5333,5.0954,9
2460875.586767,-14.2535,26.1092,6.5498,5.6180,5.5333,5.0954,9
2460875.617627,-19.9553,16.4074,6.5498,5.6180,5.5333,5.0954,9
2460875.637667,-17.6138,28.1692,6.5498,5.6180,5.5333,5.0954,9
2460875.656937,-18.6563,28.3169,6.5498,5.6180,5.5333,5.0954,9
2460875.674117,-14.7946,23.9529,6.5498,5.6180,5.5333,5.0954,9
2460875.735947,-10.0574,22.4905,6.5498,5.6180,5.5333,5.0954,9
2460875.753177,-9.7357,25.2863,6.5498,5.6180,5.5333,5.0954,9
2460875.775827,-18.5690,22.1469,6.5498,5.6180,5.5333,5.0954,9
2460876.462137,-27.2673,17.0733,6.5498,5.6180,5.5333,5.0954,9
2460876.525337,-15.1527,24.7878,6.5498,5.6180,5.5333,5.0954,9
2460876.541987,-12.8535,26.3950,6.5498,5.6180,5.5333,5.0954,9
2460876.560827,-17.7529,29.4296,6.5498,5.6180,5.5333,5.0954,9
2460876.628107,-15.5270,13.6561,6.5498,5.6180,5.5333,5.0954,9
2460876.646307,-18.5193,25.1603,6.5498,5.6180,5.5333,5.0954,9
2460876.663387,-14.0648,25.8646,6.5498,5.6180,5.5333,5.0954,9
2460876.680367,-13.6692,25.5743,6.5498,5.6180,5.5333,5.0954,9
2460876.697137,-15.2619,28.1423,6.5498,5.6180,5.5333,5.0954,9
2460876.727987,-21.3158,23.5588,6.5498,5.6180,5.5333,5.0954,9
2460876.766057,-12.8462,23.0239,6.5498,5.6180,5.5333,5.0954,9
2460877.474527,-20.1798,32.4674,6.5498,5.6180,5.5333,5.0954,9
2460877.537747,-17.3243,33.4625,6.5498,5.6180,5.5333,5.0954,9
2460877.555007,-20.4908,22.8249,6.5498,5.6180,5.5333,5.0954,9
2460877.573047,-14.8539,14.1760,6.5498,5.6180,5.5333,5.0954,9
2460877.590657,-16.7159,22.5476,6.5498,5.6180,5.5333,5.0954,9
2460877.621877,-17.9498,13.9320,6.5498,5.6180,5.5333,5.0954,9
2460877.638557,-24.2633,16.3825,6.5498,5.6180,5.5333,5.0954,9
2460877.659387,-11.6882,20.4394,6.5498,5.6180,5.5333,5.0954,9
2460877.694617,-17.2799,32.1179,6.5498,5.6180,5.5333,5.0954,9
2460877.721667,-23.0382,23.3153,6.5498,5.6180,5.5333,5.0954,9
2460878.515087,-24.0630,24.2722,6.5498,5.6180,5.5333,5.0954,9
2460878.531467,-21.1862,24.3415,6.5498,5.6180,5.5333,5.0954,9
2460878.576207,-23.1473,15.5144,6.5498,5.6180,5.5333,5.0954,9
2460878.595887,-14.1822,24.1375,6.5498,5.6180,5.5333,5.0954,9
2460878.612867,-22.9701,19.8797,6.5498,5.6180,5.5333,5.0954,9
2460878.659817,-26.9939,28.1914,6.5498,5.6180,5.5333,5.0954,9
2460878.680747,-24.4091,29.1754,6.5498,5.6180,5.5333,5.0954,9
2460878.697097,-25.8118,18.9696,6.5498,5.6180,5.5333,5.0954,9
2460878.714097,-8.4993,18.3488,6.5498,5.6180,5.5333,5.0954,9
2460878.730517,-19.8547,25.2145,6.5498,5.6180,5.5333,5.0954,9
2460879.510877,-11.4450,27.2489,6.5498,5.6180,5.5333,5.0954,9
2460879.571657,-14.4003,16.2595,6.5498,5.6180,5.5333,5.0954,9
2460879.589747,-15.8690,23.9346,6.5498,5.6180,5.5333,5.0954,9
2460879.606737,-13.4842,17.7391,6.5498,5.6180,5.5333,5.0954,9
2460879.623327,-17.1050,24.3265,6.5498,5.6180,5.5333,5.0954,9
2460879.639977,-19.3389,18.7843,6.5498,5.6180,5.5333,5.0954,9
2460879.701357,-16.5675,17.4693,6.5498,5.6180,5.5333,5.0954,9
2460879.718097,-9.3829,31.6448,6.5498,5.6180,5.5333,5.0954,9
2460879.734637,-10.0834,30.4121,6.5498,5.6180,5.5333,5.0954,9
2460880.504507,-16.6011,18.2589,6.5498,5.6180,5.5333,5.0954,9
2460880.521297,-12.8497,19.4619,6.5498,5.6180,5.5333,5.0954,9
2460880.565207,-8.4207,21.9473,6.5498,5.6180,5.5333,5.0954,9
2460880.581827,-9.7825,29.9384,6.5498,5.6180,5.5333,5.0954,9
2460880.598147,-15.7620,28.5020,6.5498,5.6180,5.5333,5.0954,9
2460880.614967,-15.2160,25.0183,6.5498,5.6180,5.5333,5.0954,9
2460880.648227,-12.9244,30.4715,6.5498,5.6180,5.5333,5.0954,9
2460880.676447,-13.4532,23.5294,6.5498,5.6180,5.5333,5.0954,9
2460880.709247,-16.7783,28.1409,6.5498,5.6180,5.5333,5.0954,9
2460880.726547,-12.4713,27.3982,6.5498,5.6180,5.5333,5.0954,9
2460881.516627,-14.4427,17.0819,6.5498,5.6180,5.5333,5.0954,9
2460881.564677,-10.9368,25.2248,6.5498,5.6180,5.5333,5.0954,9
2460881.582067,-12.8571,24.2106,6.5498,5.6180,5.5333,5.0954,9
2460881.599087,-22.8632,20.4253,6.5498,5.6180,5.5333,5.0954,9
2460881.616477,-11.9500,23.9163,6.5498,5.6180,5.5333,5.0954,9
2460881.633207,-23.6201,29.7813,6.5498,5.6180,5.5333,5.0954,9
2460881.693837,-12.1946,27.6301,6.5498,5.6180,5.5333,5.0954,9
2460881.726997,-10.1671,22.6078,6.5498,5.6180,5.5333,5.0954,9
2460882.475907,-20.8329,22.7772,6.5498,5.6180,5.5333,5.0954,9
2460882.509327,-24.3302,13.5918,6.5498,5.6180,5.5333,5.0954,9
2460882.525757,-18.5907,26.0094,6.5498,5.6180,5.5333,5.0954,9
2460882.553067,-19.5024,18.2577,6.5498,5.6180,5.5333,5.0954,9
2460882.571527,-22.6004,14.7739,6.5498,5.6180,5.5333,5.0954,9
2460882.588177,-18.2468,20.7533,6.5498,5.6180,5.5333,5.0954,9
2460882.604857,-16.8958,19.9071,6.5498,5.6180,5.5333,5.0954,9
2460882.621827,-17.6267,28.8760,6.5498,5.6180,5.5333,5.0954,9
2460882.649207,-20.5274,26.8255,6.5498,5.6180,5.5333,5.0954,9
2460882.682857,-20.4566,30.2921,6.5498,5.6180,5.5333,5.0954,9
2460882.700017,-18.6250,22.8376,6.5498,5.6180,5.5333,5.0954,9
2460882.745127,-24.9380,14.2651,6.5498,5.6180,5.5333,5.0954,9
2460882.763157,-22.1679,32.0398,6.5498,5.6180,5.5333,5.0954,9
2460885.469547,-22.8564,23.6689,6.5498,5.6180,5.5333,5.0954,9
2460885.504267,-15.5424,19.4563,6.5498,5.6180,5.5333,5.0954,9
2460885.522837,-15.4753,19.7315,6.5498,5.6180,5.5333,5.0954,9
2460885.539547,-20.9242,25.0462,6.5498,5.6180,5.5333,5.0954,9
2460885.566737,-13.4039,19.1381,6.5498,5.6180,5.5333,5.0954,9
2460885.594957,-24.3535,19.8791,6.5498,5.6180,5.5333,5.0954,9
2460885.611977,-19.9877,21.9588,6.5498,5.6180,5.5333,5.0954,9
2460885.628637,-23.9063,23.9873,6.5498,5.6180,5.5333,5.0954,9
2460885.667677,-21.3416,29.9316,6.5498,5.6180,5.5333,5.0954,9
2460885.697107,-8.8120,32.4595,6.5498,5.6180,5.5333,5.0954,9
2460885.713727,-23.6271,24.4789,6.5498,5.6180,5.5333,5.0954,9
2460885.732267,-8.5474,28.6574,6.5498,5.6180,5.5333,5.0954,9
2460885.756467,-8.7125,26.7779,6.5498,5.6180,5.5333,5.0954,9
2460886.607487,-21.2475,20.3675,6.5498,5.6180,5.5333,5.0954,9
2460886.634317,-11.1847,27.9628,6.5498,5.6180,5.5333,5.0954,9
2460886.667497,-14.9720,30.4786,6.5498,5.6180,5.5333,5.0954,9
2460894.498517,-19.4261,25.0816,6.5498,5.6180,5.5333,5.0954,9
2460894.533667,-23.9117,27.3944,6.5498,5.6180,5.5333,5.0954,9
2460894.550777,-27.6928,20.3895,6.5498,5.6180,5.5333,5.0954,9
2460894.567567,-18.1604,20.8968,6.5498,5.6180,5.5333,5.0954,9
2460894.598247,-17.8362,16.4561,6.5498,5.6180,5.5333,5.0954,9
2460894.614817,-6.8321,29.0215,6.5498,5.6180,5.5333,5.0954,9
2460894.634187,-21.0686,29.2764,6.5498,5.6180,5.5333,5.0954,9
2460894.651157,-18.9483,15.1942,6.5498,5.6180,5.5333,5.0954,9
2460895.486057,-10.7088,24.5942,6.5498,5.6180,5.5333,5.0954,9
2460895.502607,-8.9568,21.0221,6.5498,5.6180,5.5333,5.0954,9
2460895.534897,-4.9522,20.8768,6.5498,5.6180,5.5333,5.0954,9
2460895.551857,-9.3229,18.5307,6.5498,5.6180,5.5333,5.0954,9
2460895.568467,-21.6077,21.4570,6.5498,5.6180,5.5333,5.0954,9
2460895.587317,-20.1045,26.3736,6.5498,5.6180,5.5333,5.0954,9
2460896.502007,-8.4570,16.4699,6.5498,5.6180,5.5333,5.0954,9
2460896.544227,-21.9368,21.8772,6.5498,5.6180,5.5333,5.0954,9
2460896.635637,-5.9528,30.3010,6.5498,5.6180,5.5333,5.0954,9
2460896.649687,-10.0842,21.3340,6.5498,5.6180,5.5333,5.0954,9
2460897.481937,-27.3569,18.8468,6.5498,5.6180,5.5333,5.0954,9
2460897.498657,-26.5772,19.8684,6.5498,5.6180,5.5333,5.0954,9
2460898.467437,-14.8772,23.4583,6.5498,5.6180,5.5333,5.0954,9
2460898.484457,-16.4397,29.1213,6.5498,5.6180,5.5333,5.0954,9
2460898.500987,-22.4498,25.3107,6.5498,5.6180,5.5333,5.0954,9
2460898.521857,-19.5053,24.4404,6.5498,5.6180,5.5333,5.0954,9
2460898.549107,-23.4591,30.3269,6.5498,5.6180,5.5333,5.0954,9
2460898.565907,-21.1021,21.6723,6.5498,5.6180,5.5333,5.0954,9
2460898.618447,-21.1970,25.5964,6.5498,5.6180,5.5333,5.0954,9
2460898.662727,-13.9859,23.5067,6.5498,5.6180,5.5333,5.0954,9
2460898.679407,-12.6776,17.1873,6.5498,5.6180,5.5333,5.0954,9
2460898.698237,-13.6698,28.2367,6.5498,5.6180,5.5333,5.0954,9
2460898.714987,-11.8977,26.5804,6.5498,5.6180,5.5333,5.0954,9
2460899.473647,-6.5847,20.6532,6.5498,5.6180,5.5333,5.0954,9
2460899.548007,-16.0484,21.3773,6.5498,5.6180,5.5333,5.0954,9
2460899.564597,-23.3229,20.5940,6.5498,5.6180,5.5333,5.0954,9
2460899.581757,-29.0696,28.5298,6.5498,5.6180,5.5333,5.0954,9
2460899.598397,-20.8678,28.7835,6.5498,5.6180,5.5333,5.0954,9
2460899.616477,-25.0122,15.8717,6.5498,5.6180,5.5333,5.0954,9
2460899.661387,-16.5555,24.6003,6.5498,5.6180,5.5333,5.0954,9
2460899.703177,-19.9085,20.4711,6.5498,5.6180,5.5333,5.0954,9
2460900.558647,-22.4416,23.3753,6.5498,5.6180,5.5333,5.0954,9
2460900.575717,-22.5073,23.1415,6.5498,5.6180,5.5333,5.0954,9
2460900.592677,-24.2270,27.9447,6.5498,5.6180,5.5333,5.0954,9
2460900.609287,-17.7351,20.4361,6.5498,5.6180,5.5333,5.0954,9
2460900.639867,-15.7234,31.2946,6.5498,5.6180,5.5333,5.0954,9
2460900.656557,-28.6392,21.6650,6.5498,5.6180,5.5333,5.0954,9
2460900.673627,-16.6024,19.9355,6.5498,5.6180,5.5333,5.0954,9
2460900.692277,-25.2972,26.2180,6.5498,5.6180,5.5333,5.0954,9
2460900.710617,-27.8657,28.5280,6.5498,5.6180,5.5333,5.0954,9
2460901.484317,-23.7672,16.5663,6.5498,5.6180,5.5333,5.0954,9
2460901.526667,-28.7574,25.9872,6.5498,5.6180,5.5333,5.0954,9
2460901.543687,-32.3628,22.6676,6.5498,5.6180,5.5333,5.0954,9
2460901.560567,-31.5887,14.1515,6.5498,5.6180,5.5333,5.0954,9
2460901.577087,-29.0466,22.8963,6.5498,5.6180,5.5333,5.0954,9
2460901.603947,-29.2930,18.9234,6.5498,5.6180,5.5333,5.0954,9
2460901.641507,-19.0761,26.5728,6.5498,5.6180,5.5333,5.0954,9
2460901.646767,-20.3842,23.1654,6.5498,5.6180,5.5333,5.0954,9
2460901.663427,-23.6368,26.8357,6.5498,5.6180,5.5333,5.0954,9
2460901.680577,-22.6702,21.0302,6.5498,5.6180,5.5333,5.0954,9
2460901.697707,-9.6926,28.9292,6.5498,5.6180,5.5333,5.0954,9
2460902.532527,-11.1698,16.5448,6.5498,5.6180,5.5333,5.0954,9
2460902.549837,-29.9738,31.0960,6.5498,5.6180,5.5333,5.0954,9
2460902.648537,-12.1926,11.9249,6.5498,5.6180,5.5333,5.0954,9
2460902.693657,-34.0824,25.6787,6.5498,5.6180,5.5333,5.0954,9
2460903.578127,-20.0006,17.1858,6.5498,5.6180,5.5333,5.0954,9
2460903.595047,-15.1822,15.3597,6.5498,5.6180,5.5333,5.0954,9
2460904.473347,-29.6019,16.8967,6.5498,5.6180,5.5333,5.0954,9
2460904.494757,-15.8934,32.5412,6.5498,5.6180,5.5333,5.0954,9
2460904.555217,-20.5274,31.8871,6.5498,5.6180,5.5333,5.0954,9
2460904.598857,-31.0084,26.9516,6.5498,5.6180,5.5333,5.0954,9
2460904.615767,-11.6451,19.6126,6.5498,5.6180,5.5333,5.0954,9
2460904.635917,-18.3769,11.8412,6.5498,5.6180,5.5333,5.0954,9
2460904.680217,-20.7268,27.8286,6.5498,5.6180,5.5333,5.0954,9
2460904.697427,-21.4164,18.9232,6.5498,5.6180,5.5333,5.0954,9
2460907.507927,-32.8421,19.1319,6.5498,5.6180,5.5333,5.0954,9
2460907.570407,-9.4992,25.4254,6.5498,5.6180,5.5333,5.0954,9
2460907.607377,-11.3426,9.6581,6.5498,5.6180,5.5333,5.0954,9
2460907.624357,-34.5384,14.3267,6.5498,5.6180,5.5333,5.0954,9
2460907.644917,-29.6530,24.2987,6.5498,5.6180,5.5333,5.0954,9
2460907.672407,-20.6433,28.7871,6.5498,5.6180,5.5333,5.0954,9
2460907.688977,-25.5230,23.5115,6.5498,5.6180,5.5333,5.0954,9
2460908.498547,-25.2552,17.4895,6.5498,5.6180,5.5333,5.0954,9
2460908.517327,-25.7688,21.4721,6.5498,5.6180,5.5333,5.0954,9
2460908.545507,-19.0116,16.6773,6.5498,5.6180,5.5333,5.0954,9
2460908.564047,-13.5108,14.1262,6.5498,5.6180,5.5333,5.0954,9
2460908.581307,-9.9857,12.0847,6.5498,5.6180,5.5333,5.0954,9
2460908.597997,-16.7858,11.6093,6.5498,5.6180,5.5333,5.0954,9
2460908.618207,-23.2333,14.6679,6.5498,5.6180,5.5333,5.0954,9
2460908.635407,-9.2610,9.6174,6.5498,5.6180,5.5333,5.0954,9
2460908.664567,-15.2999,19.1607,6.5498,5.6180,5.5333,5.0954,9
2460908.681627,-28.6640,21.4689,6.5498,5.6180,5.5333,5.0954,9
2460911.498667,-28.0876,11.8060,6.5498,5.6180,5.5333,5.0954,9
2460911.525867,-10.8638,16.5143,6.5498,5.6180,5.5333,5.0954,9
2460911.594717,-10.9870,23.7797,6.5498,5.6180,5.5333,5.0954,9
2460911.678367,-10.5641,9.5593,6.5498,5.6180,5.5333,5.0954,9
2460912.474897,-11.9286,14.2685,6.5498,5.6180,5.5333,5.0954,9
2460912.555107,-9.8087,20.6725,6.5498,5.6180,5.5333,5.0954,9
2460912.571947,-8.4426,19.0339,6.5498,5.6180,5.5333,5.0954,9
2460912.590167,-19.4581,25.6920,6.5498,5.6180,5.5333,5.0954,9
2460912.617067,-13.9823,14.3596,6.5498,5.6180,5.5333,5.0954,9
2460912.633757,-22.3497,33.8203,6.5498,5.6180,5.5333,5.0954,9
2460912.650637,-29.6912,22.6354,6.5498,5.6180,5.5333,5.0954,9
2460913.498127,-16.2880,24.5905,6.5498,5.6180,5.5333,5.0954,9
2460913.517757,-13.1862,23.9296,6.5498,5.6180,5.5333,5.0954,9
2460913.534317,-17.5485,18.7412,6.5498,5.6180,5.5333,5.0954,9
2460913.574397,-15.2116,28.9280,6.5498,5.6180,5.5333,5.0954,9
2460913.605247,-12.7387,13.9955,6.5498,5.6180,5.5333,5.0954,9
2460913.622177,-29.2073,24.4613,6.5498,5.6180,5.5333,5.0954,9
2460913.639257,-19.0119,28.4546,6.5498,5.6180,5.5333,5.0954,9
2460913.656177,-17.9226,19.7649,6.5498,5.6180,5.5333,5.0954,9
2460913.673277,-24.0349,23.5143,6.5498,5.6180,5.5333,5.0954,9
2460913.680107,-12.0999,29.5999,6.5498,5.6180,5.5333,5.0954,9
2460914.494287,-19.9438,13.1749,6.5498,5.6180,5.5333,5.0954,9
2460914.510917,-21.6574,25.8242,6.5498,5.6180,5.5333,5.0954,9
2460914.529267,-18.6008,27.2507,6.5498,5.6180,5.5333,5.0954,9
2460914.545677,-18.2356,20.8867,6.5498,5.6180,5.5333,5.0954,9
2460914.562617,-13.4608,22.1535,6.5498,5.6180,5.5333,5.0954,9
2460914.582417,-19.6906,32.9827,6.5498,5.6180,5.5333,5.0954,9
2460914.631407,-15.8095,25.5412,6.5498,5.6180,5.5333,5.0954,9
2460914.648257,-8.3734,32.1923,6.5498,5.6180,5.5333,5.0954,9
2460914.669667,-12.3168,35.7201,6.5498,5.6180,5.5333,5.0954,9
2460915.495527,-20.9954,30.3764,6.5498,5.6180,5.5333,5.0954,9
2460915.514437,-25.7285,28.7596,6.5498,5.6180,5.5333,5.0954,9
2460915.531017,-13.0190,16.8093,6.5498,5.6180,5.5333,5.0954,9
2460915.550257,-23.4351,13.3759,6.5498,5.6180,5.5333,5.0954,9
2460915.596887,-12.8757,25.4852,6.5498,5.6180,5.5333,5.0954,9
2460915.613627,-15.7727,21.2154,6.5498,5.6180,5.5333,5.0954,9
2460915.630327,-10.3142,26.8194,6.5498,5.6180,5.5333,5.0954,9
2460915.647347,-12.6596,24.2631,6.5498,5.6180,5.5333,5.0954,9
2460915.664267,-5.6430,22.4458,6.5498,5.6180,5.5333,5.0954,9
2460916.484987,-17.6338,18.3028,6.5498,5.6180,5.5333,5.0954,9
2460916.502117,-16.1156,17.2194,6.5498,5.6180,5.5333,5.0954,9
2460916.523347,-19.0613,30.2759,6.5498,5.6180,5.5333,5.0954,9
2460916.540077,-18.4349,32.5837,6.5498,5.6180,5.5333,5.0954,9
2460916.557067,-11.2514,24.3538,6.5498,5.6180,5.5333,5.0954,9
2460916.573687,-6.5691,15.2666,6.5498,5.6180,5.5333,5.0954,9
2460916.602737,-4.3759,12.1820,6.5498,5.6180,5.5333,5.0954,9
2460916.619287,-10.8025,22.8392,6.5498,5.6180,5.5333,5.0954,9
2460916.654927,-13.0162,22.8673,6.5498,5.6180,5.5333,5.0954,9
2460916.671617,-17.6658,25.9498,6.5498,5.6180,5.5333,5.0954,9
2460922.640947,-12.8752,26.9763,6.5498,5.6180,5.5333,5.0954,9
2460923.586927,-20.3885,24.7194,6.5498,5.6180,5.5333,5.0954,9
2460924.489807,-12.1242,18.3657,6.5498,5.6180,5.5333,5.0954,9
2460924.509127,-18.4679,25.7938,6.5498,5.6180,5.5333,5.0954,9
2460924.529857,-19.6714,21.7637,6.5498,5.6180,5.5333,5.0954,9
2460924.558037,-21.3128,19.7446,6.5498,5.6180,5.5333,5.0954,9
2460924.575027,-14.3130,18.3806,6.5498,5.6180,5.5333,5.0954,9
2460924.591807,-11.8360,18.7167,6.5498,5.6180,5.5333,5.0954,9
2460924.608707,-14.7464,32.9333,6.5498,5.6180,5.5333,5.0954,9
2460924.625217,-8.1434,20.2326,6.5498,5.6180,5.5333,5.0954,9
2460925.481077,-12.9574,32.4541,6.5498,5.6180,5.5333,5.0954,9
2460925.513767,-11.8834,13.1534,6.5498,5.6180,5.5333,5.0954,9
2460925.550707,-15.1571,30.0423,6.5498,5.6180,5.5333,5.0954,9
2460925.578317,-23.8633,27.3497,6.5498,5.6180,5.5333,5.0954,9
2460925.595557,-20.0461,29.4237,6.5498,5.6180,5.5333,5.0954,9
2460925.629097,-9.1061,24.4943,6.5498,5.6180,5.5333,5.0954,9
2460927.507877,-12.0531,21.2124,6.5498,5.6180,5.5333,5.0954,9
2460927.524707,-22.5944,19.8427,6.5498,5.6180,5.5333,5.0954,9
2460927.552167,-26.2249,22.1742,6.5498,5.6180,5.5333,5.0954,9
2460927.568937,-24.5622,24.4577,6.5498,5.6180,5.5333,5.0954,9
2460927.588387,-21.4109,27.0978,6.5498,5.6180,5.5333,5.0954,9
2460927.607197,-20.3855,30.7996,6.5498,5.6180,5.5333,5.0954,9
2460927.624537,-16.0432,27.2512,6.5498,5.6180,5.5333,5.0954,9
2460928.492487,-14.6483,20.7439,6.5498,5.6180,5.5333,5.0954,9
2460928.515627,-24.5655,16.9373,6.5498,5.6180,5.5333,5.0954,9
2460928.537817,-21.1357,29.5521,6.5498,5.6180,5.5333,5.0954,9
2460928.554827,-15.5091,24.1226,6.5498,5.6180,5.5333,5.0954,9
2460928.588017,-15.0646,26.4353,6.5498,5.6180,5.5333,5.0954,9
2460928.617477,-10.8638,33.2919,6.5498,5.6180,5.5333,5.0954,9
2460929.484337,-20.5609,27.8651,6.5498,5.6180,5.5333,5.0954,9
2460929.502467,-19.6781,30.7733,6.5498,5.6180,5.5333,5.0954,9
2460929.569987,-8.6142,29.5513,6.5498,5.6180,5.5333,5.0954,9
2460929.586647,-20.1895,23.7122,6.5498,5.6180,5.5333,5.0954,9
2460929.619917,-20.9024,15.7814,6.5498,5.6180,5.5333,5.0954,9
2460930.494597,-15.5185,27.4630,6.5498,5.6180,5.5333,5.0954,9
2460930.513917,-12.7920,16.0660,6.5498,5.6180,5.5333,5.0954,9
2460930.532417,-18.0608,25.4092,6.5498,5.6180,5.5333,5.0954,9
2460930.549507,-20.6765,21.2991,6.5498,5.6180,5.5333,5.0954,9
2460930.597037,-9.9942,24.1591,6.5498,5.6180,5.5333,5.0954,9
2460931.542217,-22.9308,22.0628,6.5498,5.6180,5.5333,5.0954,9
2460931.572947,-17.0022,25.2820,6.5498,5.6180,5.5333,5.0954,9
2460931.589517,-25.6152,26.0071,6.5498,5.6180,5.5333,5.0954,9
2460931.606707,-12.8937,28.9010,6.5498,5.6180,5.5333,5.0954,9
2460932.485717,-11.9814,19.8236,6.5498,5.6180,5.5333,5.0954,9
2460932.513207,-18.1750,30.2765,6.5498,5.6180,5.5333,5.0954,9
2460932.530037,-10.7429,26.4503,6.5498,5.6180,5.5333,5.0954,9
2460932.548967,-18.1101,26.3149,6.5498,5.6180,5.5333,5.0954,9
2460932.573877,-10.1752,19.4558,6.5498,5.6180,5.5333,5.0954,9
2460932.594097,-7.3218,18.2432,6.5498,5.6180,5.5333,5.0954,9
2460932.621297,-12.3224,19.1246,6.5498,5.6180,5.5333,5.0954,9
2460933.492797,-20.5864,22.1942,6.5498,5.6180,5.5333,5.0954,9
2460933.511167,-23.4306,17.2540,6.5498,5.6180,5.5333,5.0954,9
2460933.528217,-19.8638,27.2617,6.5498,5.6180,5.5333,5.0954,9
2460933.556257,-24.2926,29.8488,6.5498,5.6180,5.5333,5.0954,9
2460933.575057,-17.0808,21.1713,6.5498,5.6180,5.5333,5.0954,9
2460933.593397,-22.5431,27.3801,6.5498,5.6180,5.5333,5.0954,9
2460933.610107,-15.8620,21.8205,6.5498,5.6180,5.5333,5.0954,9
2460934.479597,-15.7036,26.2665,6.5498,5.6180,5.5333,5.0954,9
2460934.501117,-21.2533,32.9731,6.5498,5.6180,5.5333,5.0954,9
2460934.528787,-20.7796,27.2659,6.5498,5.6180,5.5333,5.0954,9
2460934.545647,-25.8290,20.8198,6.5498,5.6180,5.5333,5.0954,9
2460934.562187,-21.0601,20.0005,6.5498,5.6180,5.5333,5.0954,9
2460934.578687,-20.6303,19.9405,6.5498,5.6180,5.5333,5.0954,9
2460934.595857,-10.1960,27.3162,6.5498,5.6180,5.5333,5.0954,9
2460934.623167,-8.4870,33.5411,6.5498,5.6180,5.5333,5.0954,9
2460935.493267,-26.9770,20.0536,6.5498,5.6180,5.5333,5.0954,9
2460935.529947,-23.7940,17.7769,6.5498,5.6180,5.5333,5.0954,9
2460935.546367,-26.6972,20.7566,6.5498,5.6180,5.5333,5.0954,9
2460935.573337,-18.9534,21.7622,6.5498,5.6180,5.5333,5.0954,9
2460935.589897,-21.2701,24.2894,6.5498,5.6180,5.5333,5.0954,9
2460936.494767,-24.6714,23.8969,6.5498,5.6180,5.5333,5.0954,9
2460936.522397,-22.0255,27.1056,6.5498,5.6180,5.5333,5.0954,9
2460936.539117,-22.7577,24.8387,6.5498,5.6180,5.5333,5.0954,9
2460936.555957,-23.2003,27.6631,6.5498,5.6180,5.5333,5.0954,9
2460936.572737,-17.0525,29.1568,6.5498,5.6180,5.5333,5.0954,9
2460936.589467,-17.5240,33.8708,6.5498,5.6180,5.5333,5.0954,9
2460936.606387,-14.1102,33.5247,6.5498,5.6180,5.5333,5.0954,9
2460937.484697,-16.3925,27.9702,6.5498,5.6180,5.5333,5.0954,9
2460937.501597,-17.0432,26.7508,6.5498,5.6180,5.5333,5.0954,9
2460937.518697,-21.2054,23.0909,6.5498,5.6180,5.5333,5.0954,9
2460937.535117,-15.4173,26.9670,6.5498,5.6180,5.5333,5.0954,9
2460937.563767,-24.7114,24.4177,6.5498,5.6180,5.5333,5.0954,9
2460937.580227,-7.0100,22.1409,6.5498,5.6180,5.5333,5.0954,9
2460937.597197,-17.6196,31.7527,6.5498,5.6180,5.5333,5.0954,9
2460938.489767,-29.8788,19.9983,6.5498,5.6180,5.5333,5.0954,9
2460938.518617,-14.2850,15.0190,6.5498,5.6180,5.5333,5.0954,9
2460938.551337,-22.7741,35.0283,6.5498,5.6180,5.5333,5.0954,9
2460941.531687,-20.8156,24.9721,6.5498,5.6180,5.5333,5.0954,9
2460941.549697,-15.2321,28.9715,6.5498,5.6180,5.5333,5.0954,9
2460941.582757,-14.4473,15.2453,6.5498,5.6180,5.5333,5.0954,9
2460941.602257,-19.9623,27.8751,6.5498,5.6180,5.5333,5.0954,9
2460942.535557,-21.9622,31.0416,6.5498,5.6180,5.5333,5.0954,9
2460942.552277,-8.3274,33.5743,6.5498,5.6180,5.5333,5.0954,9
2460942.573207,-7.4957,22.8361,6.5498,5.6180,5.5333,5.0954,9
2460942.589837,-10.9124,17.7307,6.5498,5.6180,5.5333,5.0954,9
2460943.486567,-28.7715,20.1828,6.5498,5.6180,5.5333,5.0954,9
2460943.503567,-17.1870,21.9894,6.5498,5.6180,5.5333,5.0954,9
2460943.537647,-27.4386,23.5842,6.5498,5.6180,5.5333,5.0954,9
2460943.554197,-18.5343,33.9648,6.5498,5.6180,5.5333,5.0954,9
2460943.581417,-11.9713,29.0514,6.5498,5.6180,5.5333,5.0954,9
2460944.488857,-21.4016,27.8497,6.5498,5.6180,5.5333,5.0954,9
2460944.508537,-20.6736,27.7745,6.5498,5.6180,5.5333,5.0954,9
2460946.512427,-26.8119,19.3864,6.5498,5.6180,5.5333,5.0954,9
2460946.531837,-26.2418,21.0502,6.5498,5.6180,5.5333,5.0954,9
2460946.549167,-14.5424,22.6143,6.5498,5.6180,5.5333,5.0954,9
2460946.566127,-14.1502,28.9648,6.5498,5.6180,5.5333,5.0954,9
2460949.516297,-17.2061,12.0392,6.5498,5.6180,5.5333,5.0954,9
2460949.540317,-19.2134,26.0443,6.5498,5.6180,5.5333,5.0954,9
2460949.556917,-14.8581,23.5697,6.5498,5.6180,5.5333,5.0954,9
2460949.573957,-10.6475,33.1566,6.5498,5.6180,5.5333,5.0954,9
2460950.482857,-10.9602,22.5694,6.5498,5.6180,5.5333,5.0954,9
2460950.499477,-16.6101,22.6395,6.5498,5.6180,5.5333,5.0954,9
2460950.530417,-11.1762,25.2732,6.5498,5.6180,5.5333,5.0954,9
2460950.548627,-22.8577,18.4347,6.5498,5.6180,5.5333,5.0954,9
2460950.565367,-18.1690,18.3646,6.5498,5.6180,5.5333,5.0954,9
2460951.501637,-18.6757,21.7086,6.5498,5.6180,5.5333,5.0954,9
2460951.519007,-8.4652,19.0658,6.5498,5.6180,5.5333,5.0954,9
2460951.546247,-7.7115,22.4557,6.5498,5.6180,5.5333,5.0954,9
2460952.493967,-23.8289,27.6374,6.5498,5.6180,5.5333,5.0954,9
2460952.513727,-14.9357,28.5482,6.5498,5.6180,5.5333,5.0954,9
2460953.503827,-20.5163,36.0591,6.5498,5.6180,5.5333,5.0954,9
2460953.547467,-8.6251,11.3377,6.5498,5.6180,5.5333,5.0954,9
2460954.547997,-5.8218,22.5265,6.5498,5.6180,5.5333,5.0954,9
2460955.503517,-15.1279,22.1933,6.5498,5.6180,5.5333,5.0954,9
2460956.488647,-28.0096,27.2809,6.5498,5.6180,5.5333,5.0954,9
2460956.506777,-19.3084,20.3951,6.5498,5.6180,5.5333,5.0954,9
2460956.523247,-22.2218,27.9474,6.5498,5.6180,5.5333,5.0954,9
2460956.550367,-23.0296,23.4533,6.5498,5.6180,5.5333,5.0954,9
2460957.505757,-22.7074,19.7044,6.5498,5.6180,5.5333,5.0954,9
2460957.525037,-3.3806,28.9360,6.5498,5.6180,5.5333,5.0954,9
2460958.506737,-22.0060,23.0996,6.5498,5.6180,5.5333,5.0954,9
2460958.534557,-21.7059,24.2367,6.5498,5.6180,5.5333,5.0954,9
2460958.552807,-17.1015,21.5993,6.5498,5.6180,5.5333,5.0954,9
2460959.497077,-11.1956,29.8408,6.5498,5.6180,5.5333,5.0954,9
2460959.513757,-17.1820,26.0249,6.5498,5.6180,5.5333,5.0954,9
2460959.530607,-15.8546,11.5942,6.5498,5.6180,5.5333,5.0954,9
2460960.509777,-11.8016,30.1290,6.5498,5.6180,5.5333,5.0954,9
2460960.526517,-5.9605,35.6364,6.5498,5.6180,5.5333,5.0954,9
2460961.498107,-16.1213,33.0473,6.5498,5.6180,5.5333,5.0954,9
2460961.527467,-12.8572,15.3506,6.5498,5.6180,5.5333,5.0954,9
2460962.498637,-17.4649,33.1225,6.5498,5.6180,5.5333,5.0954,9
2460964.511117,-14.1353,24.4500,6.5498,5.6180,5.5333,5.0954,9
2460964.532537,-16.2143,32.7928,6.5498,5.6180,5.5333,5.0954,9
2460965.514097,-10.9518,36.9217,6.5498,5.6180,5.5333,5.0954,9
2460965.534897,-12.0258,23.7610,6.5498,5.6180,5.5333,5.0954,9
2460966.497567,-20.6082,24.6574,6.5498,5.6180,5.5333,5.0954,9
2460966.514087,-15.8685,32.6449,6.5498,5.6180,5.5333,5.0954,9
2460966.530697,-4.9827,27.5489,6.5498,5.6180,5.5333,5.0954,9
2460968.506907,-23.1486,15.2154,6.5498,5.6180,5.5333,5.0954,9
2460968.525477,-14.1754,22.2052,6.5498,5.6180,5.5333,5.0954,9
2460969.498667,-20.3379,21.7349,6.5498,5.6180,5.5333,5.0954,9
2460969.526187,-16.3889,19.4173,6.5498,5.6180,5.5333,5.0954,9
2461091.865857,-25.0261,16.8521,6.5498,5.6180,5.7816,5.8803,10
2461092.860347,-18.7981,11.7390,6.5498,5.6180,5.7816,5.8803,10
2461092.887687,-18.9151,23.5421,6.5498,5.6180,5.7816,5.8803,10
2461093.867817,-29.6723,23.7035,6.5498,5.6180,5.7816,5.8803,10
2461094.852367,-24.1429,25.7356,6.5498,5.6180,5.7816,5.8803,10
2461094.885877,-22.6693,14.0051,6.5498,5.6180,5.7816,5.8803,10
2461094.888727,-27.4038,24.6574,6.5498,5.6180,5.7816,5.8803,10
2461095.873157,-26.4870,21.9500,6.5498,5.6180,5.7816,5.8803,10
2461095.891177,-28.8222,31.2620,6.5498,5.6180,5.7816,5.8803,10
2461096.861347,-23.6931,19.1471,6.5498,5.6180,5.7816,5.8803,10
2461096.877997,-27.6538,15.5116,6.5498,5.6180,5.7816,5.8803,10
2461096.894747,-22.8834,25.2752,6.5498,5.6180,5.7816,5.8803,10
2461097.868777,-12.7226,24.9584,6.5498,5.6180,5.7816,5.8803,10
2461097.885647,-13.6230,27.0233,6.5498,5.6180,5.7816,5.8803,10
2461097.902167,-14.2708,21.8795,6.5498,5.6180,5.7816,5.8803,10
2461098.860657,-20.7403,19.5942,6.5498,5.6180,5.7816,5.8803,10
2461098.877237,-32.1491,26.4446,6.5498,5.6180,5.7816,5.8803,10
2461098.893407,-16.6425,12.8127,6.5498,5.6180,5.7816,5.8803,10
2461099.868017,-15.9107,18.7513,6.5498,5.6180,5.7816,5.8803,10
2461099.905317,-18.1614,30.2742,6.5498,5.6180,5.7816,5.8803,10
2461100.848037,-29.9104,18.9951,6.5498,5.6180,5.7816,5.8803,10
2461100.876427,-22.7784,21.3986,6.5498,5.6180,5.7816,5.8803,10
2461100.893127,-21.4514,15.2331,6.5498,5.6180,5.7816,5.8803,10
2461101.834337,-21.3807,17.6047,6.5498,5.6180,5.7816,5.8803,10
2461101.851467,-28.6561,29.3667,6.5498,5.6180,5.7816,5.8803,10
2461102.830927,-26.3950,26.9342,6.5498,5.6180,5.7816,5.8803,10
2461102.869077,-17.9497,22.4175,6.5498,5.6180,5.7816,5.8803,10
2461102.895717,-24.5883,19.5475,6.5498,5.6180,5.7816,5.8803,10
2461103.841097,-23.1673,26.7724,6.5498,5.6180,5.7816,5.8803,10
2461103.874867,-21.3338,18.1964,6.5498,5.6180,5.7816,5.8803,10
2461103.903737,-24.9590,24.9910,6.5498,5.6180,5.7816,5.8803,10
2461104.873437,-23.3508,19.4202,6.5498,5.6180,5.7816,5.8803,10
2461104.906457,-33.3178,30.2131,6.5498,5.6180,5.7816,5.8803,10
2461105.852277,-17.8277,30.0222,6.5498,5.6180,5.7816,5.8803,10
2461105.888087,-20.6147,29.9707,6.5498,5.6180,5.7816,5.8803,10
2461106.837907,-22.9985,29.7368,6.5498,5.6180,5.7816,5.8803,10
2461106.873537,-18.6118,18.9214,6.5498,5.6180,5.7816,5.8803,10
2461106.890537,-25.2777,28.9556,6.5498,5.6180,5.7816,5.8803,10
2461108.835317,-27.5899,17.6247,6.5498,5.6180,5.7816,5.8803,10
2461108.879977,-21.0122,23.9724,6.5498,5.6180,5.7816,5.8803,10
2461108.897457,-25.2757,27.8235,6.5498,5.6180,5.7816,5.8803,10
2461109.829827,-17.6121,25.6585,6.5498,5.6180,5.7816,5.8803,10
2461109.873927,-24.2787,23.5032,6.5498,5.6180,5.7816,5.8803,10
2461109.894307,-19.5240,16.4411,6.5498,5.6180,5.7816,5.8803,10
2461109.911477,-22.2344,16.5053,6.5498,5.6180,5.7816,5.8803,10
2461112.822137,-21.0052,30.4498,6.5498,5.6180,5.7816,5.8803,10
2461112.850657,-29.6963,21.2570,6.5498,5.6180,5.7816,5.8803,10
2461112.870317,-29.0910,21.8454,6.5498,5.6180,5.7816,5.8803,10
2461112.888627,-25.3312,23.7671,6.5498,5.6180,5.7816,5.8803,10
2461112.905907,-29.4628,13.1709,6.5498,5.6180,5.7816,5.8803,10
2461113.811877,-24.7479,19.3556,6.5498,5.6180,5.7816,5.8803,10
2461113.847047,-20.7414,20.4494,6.5498,5.6180,5.7816,5.8803,10
2461113.864007,-24.1394,29.0314,6.5498,5.6180,5.7816,5.8803,10
2461113.880827,-19.8943,27.0682,6.5498,5.6180,5.7816,5.8803,10
2461113.914667,-20.1147,28.6422,6.5498,5.6180,5.7816,5.8803,10
2461114.808997,-14.7600,24.2030,6.5498,5.6180,5.7816,5.8803,10
2461114.843057,-21.0233,24.8078,6.5498,5.6180,5.7816,5.8803,10
2461114.887027,-27.5334,29.9875,6.5498,5.6180,5.7816,5.8803,10
2461115.842677,-20.3894,20.6400,6.5498,5.6180,5.7816,5.8803,10
2461115.881037,-17.5389,18.4862,6.5498,5.6180,5.7816,5.8803,10
2461115.898127,-18.3564,27.1744,6.5498,5.6180,5.7816,5.8803,10
2461116.818987,-26.5604,30.6823,6.5498,5.6180,5.7816,5.8803,10
2461116.870567,-13.2497,24.4538,6.5498,5.6180,5.7816,5.8803,10
2461117.802207,-26.0776,24.6327,6.5498,5.6180,5.7816,5.8803,10
2461117.805157,-13.3780,30.3476,6.5498,5.6180,5.7816,5.8803,10
2461117.820527,-25.8372,26.2347,6.5498,5.6180,5.7816,5.8803,10
2461117.865027,-23.6992,21.3431,6.5498,5.6180,5.7816,5.8803,10
2461117.881787,-24.8134,21.0062,6.5498,5.6180,5.7816,5.8803,10
2461117.898957,-23.4310,21.9414,6.5498,5.6180,5.7816,5.8803,10
2461118.813537,-17.2651,27.8894,6.5498,5.6180,5.7816,5.8803,10
2461118.830097,-21.1801,17.8084,6.5498,5.6180,5.7816,5.8803,10
2461118.846617,-21.6010,22.5292,6.5498,5.6180,5.7816,5.8803,10
2461118.863717,-30.9160,15.3060,6.5498,5.6180,5.7816,5.8803,10
2461118.880237,-17.5312,23.5353,6.5498,5.6180,5.7816,5.8803,10
2461118.909967,-22.9797,24.8378,6.5498,5.6180,5.7816,5.8803,10
2461119.790057,-13.2171,19.8652,6.5498,5.6180,5.7816,5.8803,10
2461119.828757,-31.5702,26.6379,6.5498,5.6180,5.7816,5.8803,10
2461119.878147,-23.1526,20.8681,6.5498,5.6180,5.7816,5.8803,10
2461119.896557,-29.4073,24.8507,6.5498,5.6180,5.7816,5.8803,10
2461119.913377,-16.1562,22.9772,6.5498,5.6180,5.7816,5.8803,10
2461120.874467,-26.0615,13.4478,6.5498,5.6180,5.7816,5.8803,10
2461121.814497,-32.5445,18.2865,6.5498,5.6180,5.7816,5.8803,10
2461121.858397,-15.3319,25.6629,6.5498,5.6180,5.7816,5.8803,10
2461121.891187,-19.3249,24.2657,6.5498,5.6180,5.7816,5.8803,10
2461121.909247,-26.1163,25.8261,6.5498,5.6180,5.7816,5.8803,10
2461122.897487,-24.6787,23.2994,6.5498,5.6180,5.7816,5.8803,10
2461123.771677,-18.5977,21.9307,6.5498,5.6180,5.7816,5.8803,10
2461123.789667,-24.6074,20.1043,6.5498,5.6180,5.7816,5.8803,10
2461123.806597,-27.6414,20.1579,6.5498,5.6180,5.7816,5.8803,10
2461123.852077,-25.1574,17.5940,6.5498,5.6180,5.7816,5.8803,10
2461123.870267,-25.7546,25.6475,6.5498,5.6180,5.7816,5.8803,10
2461123.889087,-24.0087,26.9193,6.5498,5.6180,5.7816,5.8803,10
2461123.905667,-24.1180,19.0332,6.5498,5.6180,5.7816,5.8803,10
2461124.793347,-19.2988,19.0818,6.5498,5.6180,5.7816,5.8803,10
2461124.813367,-19.0204,21.7319,6.5498,5.6180,5.7816,5.8803,10
2461124.851707,-18.5244,14.9285,6.5498,5.6180,5.7816,5.8803,10
2461124.879647,-19.6848,15.2733,6.5498,5.6180,5.7816,5.8803,10
2461124.907437,-18.8046,21.1031,6.5498,5.6180,5.7816,5.8803,10
2461125.778837,-20.1394,19.7212,6.5498,5.6180,5.7816,5.8803,10
2461125.795437,-17.4441,16.6822,6.5498,5.6180,5.7816,5.8803,10
2461125.812137,-19.2666,25.1066,6.5498,5.6180,5.7816,5.8803,10
2461125.839127,-22.4021,29.8238,6.5498,5.6180,5.7816,5.8803,10
2461125.855927,-19.9139,28.6107,6.5498,5.6180,5.7816,5.8803,10
2461125.915887,-26.2549,21.3670,6.5498,5.6180,5.7816,5.8803,10
2461126.771797,-13.5889,24.6942,6.5498,5.6180,5.7816,5.8803,10
2461126.807717,-26.9190,21.3798,6.5498,5.6180,5.7816,5.8803,10
2461126.825787,-23.4700,18.5538,6.5498,5.6180,5.7816,5.8803,10
2461126.874947,-31.4552,19.5580,6.5498,5.6180,5.7816,5.8803,10
2461126.893127,-17.1628,27.5282,6.5498,5.6180,5.7816,5.8803,10
2461126.909807,-21.0339,22.4210,6.5498,5.6180,5.7816,5.8803,10
2461127.763697,-27.1871,24.5232,6.5498,5.6180,5.7816,5.8803,10
2461127.784757,-19.6876,21.2032,6.5498,5.6180,5.7816,5.8803,10
2461127.816417,-17.8863,22.5398,6.5498,5.6180,5.7816,5.8803,10
2461127.849717,-15.9089,15.5902,6.5498,5.6180,5.7816,5.8803,10
2461127.866907,-26.0338,22.2208,6.5498,5.6180,5.7816,5.8803,10
2461127.883997,-22.0929,21.1236,6.5498,5.6180,5.7816,5.8803,10
2461127.914227,-15.6778,20.3876,6.5498,5.6180,5.7816,5.8803,10
2461128.804677,-15.6655,23.7010,6.5498,5.6180,5.7816,5.8803,10
2461128.831687,-17.0754,26.9403,6.5498,5.6180,5.7816,5.8803,10
2461128.848187,-19.0610,15.7176,6.5498,5.6180,5.7816,5.8803,10
2461128.864837,-20.6209,28.2457,6.5498,5.6180,5.7816,5.8803,10
2461129.753907,-27.3356,20.2868,6.5498,5.6180,5.7816,5.8803,10
2461129.771287,-14.4077,19.1547,6.5498,5.6180,5.7816,5.8803,10
2461129.791977,-16.4200,28.1889,6.5498,5.6180,5.7816,5.8803,10
2461129.808277,-21.2242,25.2324,6.5498,5.6180,5.7816,5.8803,10
2461129.826847,-25.4990,24.6513,6.5498,5.6180,5.7816,5.8803,10
2461129.843387,-26.4183,18.3107,6.5498,5.6180,5.7816,5.8803,10
2461129.893257,-19.3050,26.7530,6.5498,5.6180,5.7816,5.8803,10
2461129.896017,-17.3089,21.4278,6.5498,5.6180,5.7816,5.8803,10
2461129.911817,-24.9244,19.1020,6.5498,5.6180,5.7816,5.8803,10
2461130.825747,-25.3031,21.7337,6.5498,5.6180,5.7816,5.8803,10
2461130.842707,-21.2000,23.6723,6.5498,5.6180,5.7816,5.8803,10
2461130.907277,-22.2018,23.8016,6.5498,5.6180,5.7816,5.8803,10
2461131.755267,-13.5786,26.6552,6.5498,5.6180,5.7816,5.8803,10
2461131.772117,-24.2778,28.1332,6.5498,5.6180,5.7816,5.8803,10
2461131.799397,-22.5842,25.8392,6.5498,5.6180,5.7816,5.8803,10
2461131.817417,-27.7992,27.7268,6.5498,5.6180,5.7816,5.8803,10
2461131.834477,-19.7755,20.6258,6.5498,5.6180,5.7816,5.8803,10
2461131.851027,-24.6571,23.6205,6.5498,5.6180,5.7816,5.8803,10
2461131.868047,-17.8288,25.7542,6.5498,5.6180,5.7816,5.8803,10
2461131.885157,-27.1192,21.4783,6.5498,5.6180,5.7816,5.8803,10
2461131.915687,-24.7167,22.2501,6.5498,5.6180,5.7816,5.8803,10
2461132.776377,-21.3713,16.8225,6.5498,5.6180,5.7816,5.8803,10
2461132.793097,-25.3645,15.3032,6.5498,5.6180,5.7816,5.8803,10
2461132.820277,-24.2910,21.1088,6.5498,5.6180,5.7816,5.8803,10
2461132.838147,-25.4528,16.1673,6.5498,5.6180,5.7816,5.8803,10
2461132.855127,-27.7387,24.9322,6.5498,5.6180,5.7816,5.8803,10
2461132.872987,-21.1570,19.5508,6.5498,5.6180,5.7816,5.8803,10
2461132.889707,-26.4800,17.1488,6.5498,5.6180,5.7816,5.8803,10
2461132.916907,-13.8311,29.0757,6.5498,5.6180,5.7816,5.8803,10
2461133.771427,-19.1311,22.6040,6.5498,5.6180,5.7816,5.8803,10
2461133.788217,-19.6926,29.2902,6.5498,5.6180,5.7816,5.8803,10
2461133.815877,-31.1491,23.3582,6.5498,5.6180,5.7816,5.8803,10
2461133.834677,-29.3782,16.6950,6.5498,5.6180,5.7816,5.8803,10
2461133.851627,-21.0255,26.7848,6.5498,5.6180,5.7816,5.8803,10
2461133.868687,-25.4795,20.8087,6.5498,5.6180,5.7816,5.8803,10
2461133.906507,-31.7069,30.5953,6.5498,5.6180,5.7816,5.8803,10
2461134.855997,-23.3910,19.1953,6.5498,5.6180,5.7816,5.8803,10
2461134.872897,-15.5715,22.3321,6.5498,5.6180,5.7816,5.8803,10
2461134.891147,-19.1507,18.9862,6.5498,5.6180,5.7816,5.8803,10
2461135.751757,-19.5997,29.4449,6.5498,5.6180,5.7816,5.8803,10
2461135.785327,-17.8863,27.4505,6.5498,5.6180,5.7816,5.8803,10
2461135.803287,-22.8106,28.7111,6.5498,5.6180,5.7816,5.8803,10
2461135.830597,-25.0688,20.9303,6.5498,5.6180,5.7816,5.8803,10
2461135.859757,-25.2159,31.4525,6.5498,5.6180,5.7816,5.8803,10
2461135.877777,-30.5521,20.2585,6.5498,5.6180,5.7816,5.8803,10
2461135.894847,-27.7336,27.7835,6.5498,5.6180,5.7816,5.8803,10
2461135.911097,-26.2362,16.7598,6.5498,5.6180,5.7816,5.8803,10
2461136.750697,-15.3022,23.7621,6.5498,5.6180,5.7816,5.8803,10
2461136.767887,-30.9129,21.9540,6.5498,5.6180,5.7816,5.8803,10
2461136.785667,-19.9241,20.8473,6.5498,5.6180,5.7816,5.8803,10
2461136.802727,-18.1176,23.1843,6.5498,5.6180,5.7816,5.8803,10
2461136.847147,-26.1426,29.9831,6.5498,5.6180,5.7816,5.8803,10
2461136.864367,-21.3936,21.8147,6.5498,5.6180,5.7816,5.8803,10
2461136.899367,-20.6899,30.5119,6.5498,5.6180,5.7816,5.8803,10
2461136.916537,-20.6792,23.7868,6.5498,5.6180,5.7816,5.8803,10
2461137.738337,-14.5560,23.9823,6.5498,5.6180,5.7816,5.8803,10
2461137.754827,-29.1098,18.5786,6.5498,5.6180,5.7816,5.8803,10
2461137.807027,-26.2213,21.9930,6.5498,5.6180,5.7816,5.8803,10
2461137.851007,-26.7684,23.5576,6.5498,5.6180,5.7816,5.8803,10
2461137.869817,-24.9872,20.5350,6.5498,5.6180,5.7816,5.8803,10
2461137.889027,-22.6224,26.7786,6.5498,5.6180,5.7816,5.8803,10
2461139.729517,-26.0565,22.2034,6.5498,5.6180,5.7816,5.8803,10
2461139.759517,-23.1049,18.4492,6.5498,5.6180,5.7816,5.8803,10
2461139.796527,-28.9815,19.3673,6.5498,5.6180,5.7816,5.8803,10
2461139.813227,-17.7368,16.0621,6.5498,5.6180,5.7816,5.8803,10
2461139.832827,-30.0708,26.1434,6.5498,5.6180,5.7816,5.8803,10
2461139.859977,-25.1044,19.7646,6.5498,5.6180,5.7816,5.8803,10
2461139.879167,-29.3601,21.2470,6.5498,5.6180,5.7816,5.8803,10
2461139.900277,-28.5724,23.0591,6.5498,5.6180,5.7816,5.8803,10
2461140.766647,-12.6645,24.4633,6.5498,5.6180,5.7816,5.8803,10
2461140.800567,-24.3546,21.5380,6.5498,5.6180,5.7816,5.8803,10
2461140.834847,-19.8698,15.6845,6.5498,5.6180,5.7816,5.8803,10
2461140.866277,-20.3214,21.0612,6.5498,5.6180,5.7816,5.8803,10
2461140.882977,-28.3834,32.7608,6.5498,5.6180,5.7816,5.8803,10
2461141.763607,-30.7796,24.2361,6.5498,5.6180,5.7816,5.8803,10
2461141.842117,-32.1961,15.9479,6.5498,5.6180,5.7816,5.8803,10
2461141.896497,-19.7145,27.7086,6.5498,5.6180,5.7816,5.8803,10
2461141.913577,-23.4394,25.7090,6.5498,5.6180,5.7816,5.8803,10
2461141.916417,-30.3231,21.4331,6.5498,5.6180,5.7816,5.8803,10
2461142.721357,-16.1390,19.7391,6.5498,5.6180,5.7816,5.8803,10
2461142.773117,-18.7835,23.9227,6.5498,5.6180,5.7816,5.8803,10
2461142.789587,-17.7632,22.0236,6.5498,5.6180,5.7816,5.8803,10
2461142.806047,-14.4134,22.0593,6.5498,5.6180,5.7816,5.8803,10
2461142.822747,-22.3947,21.2510,6.5498,5.6180,5.7816,5.8803,10
2461142.849437,-20.6026,25.1274,6.5498,5.6180,5.7816,5.8803,10
2461142.865997,-19.9958,29.0051,6.5498,5.6180,5.7816,5.8803,10
2461142.882587,-21.9081,20.4962,6.5498,5.6180,5.7816,5.8803,10
2461142.899127,-21.8815,26.4747,6.5498,5.6180,5.7816,5.8803,10
2461142.916087,-22.6227,23.1323,6.5498,5.6180,5.7816,5.8803,10
2461143.736487,-29.5824,25.1169,6.5498,5.6180,5.7816,5.8803,10
2461144.759347,-25.2459,31.9065,6.5498,5.6180,5.7816,5.8803,10
2461145.719477,-18.8888,18.4533,6.5498,5.6180,5.7816,5.8803,10
2461145.782387,-19.1190,17.2573,6.5498,5.6180,5.7816,5.8803,10
2461145.799457,-20.6606,21.7377,6.5498,5.6180,5.7816,5.8803,10
2461145.816557,-17.8931,32.5894,6.5498,5.6180,5.7816,5.8803,10
2461145.844617,-16.3894,24.9200,6.5498,5.6180,5.7816,5.8803,10
2461145.861587,-28.0848,23.0650,6.5498,5.6180,5.7816,5.8803,10
2461145.878057,-24.0556,27.5748,6.5498,5.6180,5.7816,5.8803,10
2461145.913397,-21.5805,31.8008,6.5498,5.6180,5.7816,5.8803,10
2461145.930507,-24.9272,29.3475,6.5498,5.6180,5.7816,5.8803,10
2461146.719677,-27.5080,30.5481,6.5498,5.6180,5.7816,5.8803,10
2461146.737527,-30.2791,25.0982,6.5498,5.6180,5.7816,5.8803,10
2461146.754307,-27.1054,27.2624,6.5498,5.6180,5.7816,5.8803,10
2461146.771017,-25.8432,25.1052,6.5498,5.6180,5.7816,5.8803,10
2461146.787707,-19.2230,27.4727,6.5498,5.6180,5.7816,5.8803,10
2461146.819147,-20.5581,29.1399,6.5498,5.6180,5.7816,5.8803,10
2461146.835877,-26.0831,27.2037,6.5498,5.6180,5.7816,5.8803,10
2461146.853127,-16.2196,25.0958,6.5498,5.6180,5.7816,5.8803,10
2461146.869817,-16.8167,23.9882,6.5498,5.6180,5.7816,5.8803,10
2461146.887187,-15.4517,17.2463,6.5498,5.6180,5.7816,5.8803,10
2461146.914167,-14.3006,25.5246,6.5498,5.6180,5.7816,5.8803,10
2461147.811647,-20.3720,23.5434,6.5498,5.6180,5.7816,5.8803,10
2461147.828897,-19.6978,21.3029,6.5498,5.6180,5.7816,5.8803,10
2461147.866457,-18.8234,20.8538,6.5498,5.6180,5.7816,5.8803,10
2461147.921737,-22.6474,22.8804,6.5498,5.6180,5.7816,5.8803,10
2461148.717447,-22.1775,26.1267,6.5498,5.6180,5.7816,5.8803,10
2461148.765427,-26.9091,32.2301,6.5498,5.6180,5.7816,5.8803,10
2461148.784227,-28.3195,27.0092,6.5498,5.6180,5.7816,5.8803,10
2461148.823107,-27.4754,20.0374,6.5498,5.6180,5.7816,5.8803,10
2461148.828807,-17.5093,29.1979,6.5498,5.6180,5.7816,5.8803,10
2461148.873527,-15.6922,31.8400,6.5498,5.6180,5.7816,5.8803,10
2461148.890237,-23.8190,28.8069,6.5498,5.6180,5.7816,5.8803,10
2461148.907337,-23.7896,22.0333,6.5498,5.6180,5.7816,5.8803,10
2461149.724017,-21.6314,25.6748,6.5498,5.6180,5.7816,5.8803,10
2461149.760377,-20.7794,26.7380,6.5498,5.6180,5.7816,5.8803,10
2461149.814317,-24.8413,27.6267,6.5498,5.6180,5.7816,5.8803,10
2461149.845227,-24.7676,25.1426,6.5498,5.6180,5.7816,5.8803,10
2461149.862327,-22.1000,21.8549,6.5498,5.6180,5.7816,5.8803,10
2461149.879347,-31.1929,25.1880,6.5498,5.6180,5.7816,5.8803,10
2461150.713937,-19.8760,16.5127,6.5498,5.6180,5.7816,5.8803,10
2461150.730587,-24.1642,24.2072,6.5498,5.6180,5.7816,5.8803,10
2461150.747647,-20.7969,29.2874,6.5498,5.6180,5.7816,5.8803,10
2461150.766047,-18.5995,17.9320,6.5498,5.6180,5.7816,5.8803,10
2461150.809687,-16.2538,20.6286,6.5498,5.6180,5.7816,5.8803,10
2461150.849007,-20.5876,30.6691,6.5498,5.6180,5.7816,5.8803,10
2461151.821687,-20.1363,17.5471,6.5498,5.6180,5.7816,5.8803,10
2461151.838067,-16.2751,29.4569,6.5498,5.6180,5.7816,5.8803,10
2461151.855397,-19.4818,22.7424,6.5498,5.6180,5.7816,5.8803,10
2461151.890527,-20.0793,23.7947,6.5498,5.6180,5.7816,5.8803,10
2461151.907387,-16.1108,25.1998,6.5498,5.6180,5.7816,5.8803,10
2461151.924417,-20.6930,29.1527,6.5498,5.6180,5.7816,5.8803,10
2461152.746957,-23.6994,18.9752,6.5498,5.6180,5.7816,5.8803,10
2461152.843077,-25.2863,17.8077,6.5498,5.6180,5.7816,5.8803,10
2461152.859827,-29.5601,25.0994,6.5498,5.6180,5.7816,5.8803,10
2461152.862687,-25.2063,30.8337,6.5498,5.6180,5.7816,5.8803,10
2461152.896297,-21.3081,25.8178,6.5498,5.6180,5.7816,5.8803,10
2461152.913077,-30.2062,28.8189,6.5498,5.6180,5.7816,5.8803,10
2461153.715787,-20.3619,19.1183,6.5498,5.6180,5.7816,5.8803,10
2461153.750827,-21.0435,28.2689,6.5498,5.6180,5.7816,5.8803,10
2461153.781957,-22.1403,21.6771,6.5498,5.6180,5.7816,5.8803,10
2461153.834587,-23.3454,20.4925,6.5498,5.6180,5.7816,5.8803,10
2461153.851497,-17.3640,22.5968,6.5498,5.6180,5.7816,5.8803,10
2461153.881997,-24.6662,25.5121,6.5498,5.6180,5.7816,5.8803,10
2461153.899327,-22.2101,26.8764,6.5498,5.6180,5.7816,5.8803,10
2461153.916597,-24.5350,22.0566,6.5498,5.6180,5.7816,5.8803,10
2461154.707997,-31.1392,23.2867,6.5498,5.6180,5.7816,5.8803,10
2461154.789327,-30.4139,27.3126,6.5498,5.6180,5.7816,5.8803,10
2461154.808597,-30.4312,15.8774,6.5498,5.6180,5.7816,5.8803,10
2461154.837247,-28.7903,26.8395,6.5498,5.6180,5.7816,5.8803,10
2461154.854267,-30.2545,25.2573,6.5498,5.6180,5.7816,5.8803,10
2461154.880187,-19.2099,25.4732,6.5498,5.6180,5.7816,5.8803,10
2461154.896997,-23.1732,27.3701,6.5498,5.6180,5.7816,5.8803,10
2461155.752267,-17.6459,22.3417,6.5498,5.6180,5.7816,5.8803,10
2461155.781207,-26.9609,25.1892,6.5498,5.6180,5.7816,5.8803,10
2461155.798267,-19.3566,30.4726,6.5498,5.6180,5.7816,5.8803,10
2461156.691277,-14.4240,24.9859,6.5498,5.6180,5.7816,5.8803,10
2461156.776107,-22.6397,24.5852,6.5498,5.6180,5.7816,5.8803,10
2461156.810757,-18.2756,26.2309,6.5498,5.6180,5.7816,5.8803,10
2461156.839047,-25.9379,17.9034,6.5498,5.6180,5.7816,5.8803,10
2461156.856017,-20.9390,26.8746,6.5498,5.6180,5.7816,5.8803,10
2461156.874187,-26.6776,26.9843,6.5498,5.6180,5.7816,5.8803,10
2461156.891267,-24.6093,18.2348,6.5498,5.6180,5.7816,5.8803,10
2461156.909477,-18.1097,28.1071,6.5498,5.6180,5.7816,5.8803,10
2461157.690697,-28.1151,20.3275,6.5498,5.6180,5.7816,5.8803,10
2461157.728357,-20.4735,29.4804,6.5498,5.6180,5.7816,5.8803,10
2461157.745227,-22.1234,22.4658,6.5498,5.6180,5.7816,5.8803,10
2461157.790627,-23.0190,26.9948,6.5498,5.6180,5.7816,5.8803,10
2461157.808687,-25.0448,23.5467,6.5498,5.6180,5.7816,5.8803,10
2461157.844167,-17.0592,23.7382,6.5498,5.6180,5.7816,5.8803,10
2461157.862787,-26.6093,17.9348,6.5498,5.6180,5.7816,5.8803,10
2461157.909177,-24.3215,33.5548,6.5498,5.6180,5.7816,5.8803,10
2461157.925787,-25.1300,29.0373,6.5498,5.6180,5.7816,5.8803,10
2461158.719247,-16.8233,32.4805,6.5498,5.6180,5.7816,5.8803,10
2461158.902297,-24.0370,25.5497,6.5498,5.6180,5.7816,5.8803,10
2461158.919097,-24.8279,24.7158,6.5498,5.6180,5.7816,5.8803,10
2461159.697257,-16.4744,24.0410,6.5498,5.6180,5.7816,5.8803,10
2461159.724267,-24.6239,22.5961,6.5498,5.6180,5.7816,5.8803,10
2461159.741267,-27.4304,25.0870,6.5498,5.6180,5.7816,5.8803,10
2461159.757907,-27.8478,19.6113,6.5498,5.6180,5.7816,5.8803,10
2461159.775077,-27.8915,21.5460,6.5498,5.6180,5.7816,5.8803,10
2461159.792227,-27.0305,21.8054,6.5498,5.6180,5.7816,5.8803,10
2461159.822397,-24.0533,22.5517,6.5498,5.6180,5.7816,5.8803,10
2461159.857827,-20.8760,30.5342,6.5498,5.6180,5.7816,5.8803,10
2461159.875607,-26.0956,22.6098,6.5498,5.6180,5.7816,5.8803,10
2461159.894447,-20.6926,28.4122,6.5498,5.6180,5.7816,5.8803,10
2461159.922827,-14.5689,32.5664,6.5498,5.6180,5.7816,5.8803,10
2461160.709757,-20.0592,33.2328,6.5498,5.6180,5.7816,5.8803,10
2461160.728417,-19.9989,23.2177,6.5498,5.6180,5.7816,5.8803,10
2461160.759487,-19.5067,27.0658,6.5498,5.6180,5.7816,5.8803,10
2461160.776227,-23.9142,28.6751,6.5498,5.6180,5.7816,5.8803,10
2461160.792897,-22.2858,25.9114,6.5498,5.6180,5.7816,5.8803,10
2461160.811337,-22.5272,25.2724,6.5498,5.6180,5.7816,5.8803,10
2461160.831917,-24.6806,25.3271,6.5498,5.6180,5.7816,5.8803,10
2461160.875947,-25.3620,30.0038,6.5498,5.6180,5.7816,5.8803,10
2461160.909587,-19.2856,26.1124,6.5498,5.6180,5.7816,5.8803,10
2461160.927997,-26.5487,31.3259,6.5498,5.6180,5.7816,5.8803,10
2461161.677677,-19.6256,22.0015,6.5498,5.6180,5.7816,5.8803,10
2461161.694557,-23.4435,24.9710,6.5498,5.6180,5.7816,5.8803,10
2461161.711967,-23.6027,19.9235,6.5498,5.6180,5.7816,5.8803,10
2461161.728537,-21.8874,23.8820,6.5498,5.6180,5.7816,5.8803,10
2461161.747127,-19.6691,33.4007,6.5498,5.6180,5.7816,5.8803,10
2461161.773837,-30.1110,24.1918,6.5498,5.6180,5.7816,5.8803,10
2461161.790437,-19.4306,25.5413,6.5498,5.6180,5.7816,5.8803,10
2461161.807477,-21.5428,23.9639,6.5498,5.6180,5.7816,5.8803,10
2461161.825257,-20.3801,21.6610,6.5498,5.6180,5.7816,5.8803,10
2461161.859787,-28.5939,23.5808,6.5498,5.6180,5.7816,5.8803,10
2461161.908957,-26.6331,22.6312,6.5498,5.6180,5.7816,5.8803,10
2461161.925917,-23.3783,25.7377,6.5498,5.6180,5.7816,5.8803,10
2461162.695157,-24.8114,33.3474,6.5498,5.6180,5.7816,5.8803,10
2461162.697857,-24.3373,22.0496,6.5498,5.6180,5.7816,5.8803,10
2461162.733747,-28.3049,22.8220,6.5498,5.6180,5.7816,5.8803,10
2461162.750747,-24.5485,26.3245,6.5498,5.6180,5.7816,5.8803,10
2461162.767467,-22.7969,27.3502,6.5498,5.6180,5.7816,5.8803,10
2461162.795127,-22.9857,18.4719,6.5498,5.6180,5.7816,5.8803,10
2461162.812487,-17.0943,28.9694,6.5498,5.6180,5.7816,5.8803,10
2461162.829347,-23.4838,24.0971,6.5498,5.6180,5.7816,5.8803,10
2461162.847177,-21.6595,24.0519,6.5498,5.6180,5.7816,5.8803,10
2461162.867627,-25.2744,21.9870,6.5498,5.6180,5.7816,5.8803,10
2461162.898997,-23.1819,33.2076,6.5498,5.6180,5.7816,5.8803,10
2461162.932417,-23.0388,19.3909,6.5498,5.6180,5.7816,5.8803,10
2461163.672687,-22.4091,28.9114,6.5498,5.6180,5.7816,5.8803,10
2461163.736357,-21.6950,23.8322,6.5498,5.6180,5.7816,5.8803,10
2461163.771117,-21.9258,21.1953,6.5498,5.6180,5.7816,5.8803,10
2461163.817037,-24.6671,24.7333,6.5498,5.6180,5.7816,5.8803,10
2461163.833997,-27.1367,29.6680,6.5498,5.6180,5.7816,5.8803,10
2461163.855137,-20.9359,27.8197,6.5498,5.6180,5.7816,5.8803,10
2461164.690577,-20.6568,23.7353,6.5498,5.6180,5.7816,5.8803,10
2461164.733147,-20.4623,27.2954,6.5498,5.6180,5.7816,5.8803,10
2461164.751947,-25.7592,21.9500,6.5498,5.6180,5.7816,5.8803,10
2461164.768377,-25.3144,26.8223,6.5498,5.6180,5.7816,5.8803,10
2461164.785607,-26.4233,28.9403,6.5498,5.6180,5.7816,5.8803,10
2461164.803617,-27.5766,23.4334,6.5498,5.6180,5.7816,5.8803,10
2461164.848477,-23.8043,25.9683,6.5498,5.6180,5.7816,5.8803,10
2461164.883097,-24.8669,27.1198,6.5498,5.6180,5.7816,5.8803,10
2461169.656107,-25.5373,19.9103,6.5498,5.6180,5.7816,5.8803,10
2461169.677057,-19.1794,21.2866,6.5498,5.6180,5.7816,5.8803,10
2461169.722047,-26.9227,22.0119,6.5498,5.6180,5.7816,5.8803,10
2461169.772237,-25.5680,19.7950,6.5498,5.6180,5.7816,5.8803,10
2461169.789047,-30.0616,21.8315,6.5498,5.6180,5.7816,5.8803,10
2461169.832927,-17.2146,30.4704,6.5498,5.6180,5.7816,5.8803,10
2461169.865967,-18.3381,28.2295,6.5498,5.6180,5.7816,5.8803,10
2461169.885407,-27.4302,25.8584,6.5498,5.6180,5.7816,5.8803,10
2461169.901187,-15.0827,24.5881,6.5498,5.6180,5.7816,5.8803,10
2461170.652137,-18.6410,24.7653,6.5498,5.6180,5.7816,5.8803,10
2461170.737107,-19.7646,22.9671,6.5498,5.6180,5.7816,5.8803,10
2461170.755857,-19.3219,27.6122,6.5498,5.6180,5.7816,5.8803,10
2461170.792027,-16.2127,25.5095,6.5498,5.6180,5.7816,5.8803,10
2461170.821287,-20.2276,26.0133,6.5498,5.6180,5.7816,5.8803,10
2461170.865627,-23.6132,23.8628,6.5498,5.6180,5.7816,5.8803,10
2461170.882747,-20.1045,32.0693,6.5498,5.6180,5.7816,5.8803,10
2461170.885557,-24.0380,27.8644,6.5498,5.6180,5.7816,5.8803,10
2461170.902777,-19.4894,28.0723,6.5498,5.6180,5.7816,5.8803,10
2461171.688337,-16.0794,26.5676,6.5498,5.6180,5.7816,5.8803,10
2461171.733377,-16.5961,21.5361,6.5498,5.6180,5.7816,5.8803,10
2461171.784067,-26.3397,28.4509,6.5498,5.6180,5.7816,5.8803,10
2461171.800427,-25.9608,20.6196,6.5498,5.6180,5.7816,5.8803,10
2461171.881957,-21.4091,25.3713,6.5498,5.6180,5.7816,5.8803,10
2461171.898587,-15.9076,34.1805,6.5498,5.6180,5.7816,5.8803,10
2461171.915307,-14.9775,27.1460,6.5498,5.6180,5.7816,5.8803,10
2461172.651107,-30.7143,24.2872,6.5498,5.6180,5.7816,5.8803,10
2461172.721607,-27.0980,28.9146,6.5498,5.6180,5.7816,5.8803,10
2461172.753047,-19.5658,28.0250,6.5498,5.6180,5.7816,5.8803,10
2461172.771517,-20.4969,19.9325,6.5498,5.6180,5.7816,5.8803,10
2461172.788627,-18.9272,23.8283,6.5498,5.6180,5.7816,5.8803,10
2461172.805847,-19.6369,32.6790,6.5498,5.6180,5.7816,5.8803,10
2461172.822337,-22.3620,30.6355,6.5498,5.6180,5.7816,5.8803,10
2461172.853467,-21.7432,23.2451,6.5498,5.6180,5.7816,5.8803,10
2461172.870497,-31.4057,29.0973,6.5498,5.6180,5.7816,5.8803,10
2461172.887147,-13.5658,27.4922,6.5498,5.6180,5.7816,5.8803,10
2461172.903707,-13.9294,28.8610,6.5498,5.6180,5.7816,5.8803,10
2461172.920427,-21.8852,31.2065,6.5498,5.6180,5.7816,5.8803,10
2461173.695207,-19.9816,29.1446,6.5498,5.6180,5.7816,5.8803,10
2461173.711977,-23.1464,28.4999,6.5498,5.6180,5.7816,5.8803,10
2461173.756207,-27.4456,28.6266,6.5498,5.6180,5.7816,5.8803,10
2461173.772907,-29.8983,20.2621,6.5498,5.6180,5.7816,5.8803,10
2461173.791427,-22.5630,21.2367,6.5498,5.6180,5.7816,5.8803,10
2461173.810077,-28.1048,32.3769,6.5498,5.6180,5.7816,5.8803,10
2461173.844367,-24.0081,27.6317,6.5498,5.6180,5.7816,5.8803,10
2461173.876097,-22.3218,18.4291,6.5498,5.6180,5.7816,5.8803,10
2461173.893247,-27.6765,29.9154,6.5498,5.6180,5.7816,5.8803,10
2461173.910247,-20.7143,26.1559,6.5498,5.6180,5.7816,5.8803,10
2461174.673317,-15.5061,30.6807,6.5498,5.6180,5.7816,5.8803,10
2461174.690457,-14.1510,27.0105,6.5498,5.6180,5.7816,5.8803,10
2461174.729687,-22.4879,24.1615,6.5498,5.6180,5.7816,5.8803,10
2461174.774917,-21.8908,17.9118,6.5498,5.6180,5.7816,5.8803,10
2461174.792157,-30.4149,24.6723,6.5498,5.6180,5.7816,5.8803,10
2461174.809167,-29.6276,26.9414,6.5498,5.6180,5.7816,5.8803,10
2461174.826287,-23.6272,24.9109,6.5498,5.6180,5.7816,5.8803,10
2461174.854857,-27.9985,18.9083,6.5498,5.6180,5.7816,5.8803,10
2461174.871847,-21.6852,26.2109,6.5498,5.6180,5.7816,5.8803,10
2461174.889307,-26.6511,32.6752,6.5498,5.6180,5.7816,5.8803,10
2461174.905607,-25.5083,33.5247,6.5498,5.6180,5.7816,5.8803,10
2461174.922147,-18.7550,20.7884,6.5498,5.6180,5.7816,5.8803,10
2461175.636817,-26.7841,21.4722,6.5498,5.6180,5.7816,5.8803,10
2461175.653437,-21.8756,20.1089,6.5498,5.6180,5.7816,5.8803,10
2461175.678457,-27.1338,24.7033,6.5498,5.6180,5.7816,5.8803,10
2461175.695407,-19.2776,19.9627,6.5498,5.6180,5.7816,5.8803,10
2461175.743947,-19.7186,20.7459,6.5498,5.6180,5.7816,5.8803,10
2461175.760797,-22.4985,25.6684,6.5498,5.6180,5.7816,5.8803,10
2461175.777667,-30.6282,31.9210,6.5498,5.6180,5.7816,5.8803,10
2461175.794197,-29.8707,17.7100,6.5498,5.6180,5.7816,5.8803,10
2461176.653857,-16.2208,33.6745,6.5498,5.6180,5.7816,5.8803,10
2461176.687757,-22.1048,25.6073,6.5498,5.6180,5.7816,5.8803,10
2461177.667317,-14.7824,25.5010,6.5498,5.6180,5.7816,5.8803,10
2461177.711447,-12.7031,26.9361,6.5498,5.6180,5.7816,5.8803,10
2461177.728217,-23.8883,23.7443,6.5498,5.6180,5.7816,5.8803,10
2461177.732417,-17.7468,24.7296,6.5498,5.6180,5.7816,5.8803,10
2461177.747717,-22.6689,29.6300,6.5498,5.6180,5.7816,5.8803,10
2461177.783137,-30.6679,22.3666,6.5498,5.6180,5.7816,5.8803,10
2461177.810017,-16.4481,26.8260,6.5498,5.6180,5.7816,5.8803,10
2461177.826737,-21.9087,28.5943,6.5498,5.6180,5.7816,5.8803,10
2461177.843657,-21.6284,26.0397,6.5498,5.6180,5.7816,5.8803,10
2461177.877257,-21.9638,33.2838,6.5498,5.6180,5.7816,5.8803,10
2461177.893507,-20.1463,24.3994,6.5498,5.6180,5.7816,5.8803,10
2461177.922827,-19.6143,23.4621,6.5498,5.6180,5.7816,5.8803,10
2461178.649617,-18.2926,23.9360,6.5498,5.6180,5.7816,5.8803,10
2461178.696427,-19.0961,20.2720,6.5498,5.6180,5.7816,5.8803,10
2461178.716407,-18.4194,33.6950,6.5498,5.6180,5.7816,5.8803,10
2461178.736037,-23.5101,23.6342,6.5498,5.6180,5.7816,5.8803,10
2461178.753307,-21.6947,27.2713,6.5498,5.6180,5.7816,5.8803,10
2461178.780887,-16.8608,24.9338,6.5498,5.6180,5.7816,5.8803,10
2461178.798087,-27.9610,31.1366,6.5498,5.6180,5.7816,5.8803,10
2461178.816717,-30.4196,29.4814,6.5498,5.6180,5.7816,5.8803,10
2461178.834867,-15.0705,33.7538,6.5498,5.6180,5.7816,5.8803,10
2461178.852037,-29.6598,33.3543,6.5498,5.6180,5.7816,5.8803,10
2461178.880957,-17.8725,23.6965,6.5498,5.6180,5.7816,5.8803,10
2461178.908577,-16.5994,34.3946,6.5498,5.6180,5.7816,5.8803,10
2461178.925177,-16.3259,29.7049,6.5498,5.6180,5.7816,5.8803,10
2461179.677957,-16.2171,28.5601,6.5498,5.6180,5.7816,5.8803,10
2461179.694487,-19.9661,32.2189,6.5498,5.6180,5.7816,5.8803,10
2461179.711037,-27.2606,26.0692,6.5498,5.6180,5.7816,5.8803,10
2461179.727397,-28.3076,29.2449,6.5498,5.6180,5.7816,5.8803,10
2461179.754497,-15.7606,24.8702,6.5498,5.6180,5.7816,5.8803,10
2461179.757197,-20.4349,29.7104,6.5498,5.6180,5.7816,5.8803,10
2461179.773947,-21.5804,28.3244,6.5498,5.6180,5.7816,5.8803,10
2461179.807577,-26.1767,22.2951,6.5498,5.6180,5.7816,5.8803,10
2461179.823937,-14.7224,22.4397,6.5498,5.6180,5.7816,5.8803,10
2461179.850977,-15.0064,33.2661,6.5498,5.6180,5.7816,5.8803,10
2461179.889387,-24.4566,23.5264,6.5498,5.6180,5.7816,5.8803,10
2461179.905707,-12.6857,26.3571,6.5498,5.6180,5.7816,5.8803,10
2461179.923027,-18.4377,19.3524,6.5498,5.6180,5.7816,5.8803,10
2461180.665587,-18.3312,20.9983,6.5498,5.6180,5.7816,5.8803,10
2461180.702297,-17.7549,29.6646,6.5498,5.6180,5.7816,5.8803,10
2461180.717627,-24.8001,32.6062,6.5498,5.6180,5.7816,5.8803,10
2461180.745057,-13.5445,20.2980,6.5498,5.6180,5.7816,5.8803,10
2461180.761727,-25.2176,26.8848,6.5498,5.6180,5.7816,5.8803,10
2461180.778787,-27.1481,29.3579,6.5498,5.6180,5.7816,5.8803,10
2461180.796767,-28.8755,27.8018,6.5498,5.6180,5.7816,5.8803,10
2461180.813747,-32.8250,27.8731,6.5498,5.6180,5.7816,5.8803,10
2461180.817427,-28.9057,27.4118,6.5498,5.6180,5.7816,5.8803,10
2461180.861737,-29.7393,21.3141,6.5498,5.6180,5.7816,5.8803,10
2461181.619237,-14.6696,31.8180,6.5498,5.6180,5.7816,5.8803,10
2461181.757967,-19.6998,22.8505,6.5498,5.6180,5.7816,5.8803,10
2461181.774607,-22.3795,33.6304,6.5498,5.6180,5.7816,5.8803,10
2461181.859727,-17.5070,20.1889,6.5498,5.6180,5.7816,5.8803,10
2461181.878217,-13.0139,17.9421,6.5498,5.6180,5.7816,5.8803,10
2461181.908637,-19.4540,26.0775,6.5498,5.6180,5.7816,5.8803,10
2461181.932937,-22.9156,28.7004,6.5498,5.6180,5.7816,5.8803,10
2461182.621897,-23.6218,28.3330,6.5498,5.6180,5.7816,5.8803,10
2461182.638497,-23.7532,23.7175,6.5498,5.6180,5.7816,5.8803,10
2461182.665857,-11.7125,23.5947,6.5498,5.6180,5.7816,5.8803,10
2461182.684977,-24.2347,23.2464,6.5498,5.6180,5.7816,5.8803,10
2461182.705857,-24.8686,23.6583,6.5498,5.6180,5.7816,5.8803,10
2461182.722877,-26.4812,27.7331,6.5498,5.6180,5.7816,5.8803,10
2461182.739927,-21.8468,24.7472,6.5498,5.6180,5.7816,5.8803,10
2461182.767687,-23.9047,25.8960,6.5498,5.6180,5.7816,5.8803,10
2461182.786187,-32.4957,29.2222,6.5498,5.6180,5.7816,5.8803,10
2461182.804047,-26.4175,24.4983,6.5498,5.6180,5.7816,5.8803,10
2461182.820857,-23.2095,30.4633,6.5498,5.6180,5.7816,5.8803,10
2461182.838207,-21.2854,28.9675,6.5498,5.6180,5.7816,5.8803,10
2461182.854997,-25.1888,32.6600,6.5498,5.6180,5.7816,5.8803,10
2461182.882307,-23.3099,28.3382,6.5498,5.6180,5.7816,5.8803,10
2461182.902077,-25.2286,32.9776,6.5498,5.6180,5.7816,5.8803,10
2461182.904777,-12.2257,23.1667,6.5498,5.6180,5.7816,5.8803,10
2461182.929827,-23.1934,28.5864,6.5498,5.6180,5.7816,5.8803,10
2461183.666007,-30.7943,25.7691,6.5498,5.6180,5.7816,5.8803,10
2461183.720177,-22.9667,31.7731,6.5498,5.6180,5.7816,5.8803,10
2461183.747727,-22.5636,28.6281,6.5498,5.6180,5.7816,5.8803,10
2461183.786367,-25.5588,23.8302,6.5498,5.6180,5.7816,5.8803,10
2461183.803307,-22.0679,27.1254,6.5498,5.6180,5.7816,5.8803,10
2461183.819647,-19.8129,26.6951,6.5498,5.6180,5.7816,5.8803,10
2461183.848747,-23.7765,30.3101,6.5498,5.6180,5.7816,5.8803,10
2461183.870127,-20.6022,29.4129,6.5498,5.6180,5.7816,5.8803,10
2461183.888207,-22.4020,32.0408,6.5498,5.6180,5.7816,5.8803,10
2461184.730127,-16.2654,25.5627,6.5498,5.6180,5.7816,5.8803,10
2461184.752967,-19.0727,19.1456,6.5498,5.6180,5.7816,5.8803,10
2461184.788017,-11.3293,27.2642,6.5498,5.6180,5.7816,5.8803,10
2461184.850107,-23.6362,26.2368,6.5498,5.6180,5.7816,5.8803,10
2461185.640807,-25.1850,30.3454,6.5498,5.6180,5.7816,5.8803,10
2461185.657897,-21.3332,29.4977,6.5498,5.6180,5.7816,5.8803,10
2461185.674597,-14.7469,27.9052,6.5498,5.6180,5.7816,5.8803,10
2461185.757697,-20.4449,31.4351,6.5498,5.6180,5.7816,5.8803,10
2461185.774377,-11.3133,28.4428,6.5498,5.6180,5.7816,5.8803,10
2461185.791907,-22.5619,34.8105,6.5498,5.6180,5.7816,5.8803,10
2461185.835757,-14.2774,32.1430,6.5498,5.6180,5.7816,5.8803,10
2461185.869157,-17.9330,33.1952,6.5498,5.6180,5.7816,5.8803,10
2461186.667617,-22.8584,26.4578,6.5498,5.6180,5.7816,5.8803,10
2461186.716647,-20.5214,34.7068,6.5498,5.6180,5.7816,5.8803,10
2461186.733857,-13.2650,25.9118,6.5498,5.6180,5.7816,5.8803,10
2461186.750867,-18.1978,28.9101,6.5498,5.6180,5.7816,5.8803,10
2461186.767657,-18.3663,26.3790,6.5498,5.6180,5.7816,5.8803,10
2461186.794667,-18.4413,32.3444,6.5498,5.6180,5.7816,5.8803,10
2461186.813007,-28.2896,27.8617,6.5498,5.6180,5.7816,5.8803,10
2461186.829757,-18.3677,33.8817,6.5498,5.6180,5.7816,5.8803,10
2461186.896917,-19.1532,31.4171,6.5498,5.6180,5.7816,5.8803,10
2461186.931907,-31.7597,30.6484,6.5498,5.6180,5.7816,5.8803,10
2461187.631347,-21.3533,19.9871,6.5498,5.6180,5.7816,5.8803,10
2461187.658667,-24.5197,33.5853,6.5498,5.6180,5.7816,5.8803,10
2461187.692787,-13.1052,23.1872,6.5498,5.6180,5.7816,5.8803,10
2461187.709397,-13.8695,24.4785,6.5498,5.6180,5.7816,5.8803,10
2461187.726057,-22.7073,18.5197,6.5498,5.6180,5.7816,5.8803,10
2461187.743007,-20.0922,22.2921,6.5498,5.6180,5.7816,5.8803,10
2461187.771717,-24.9407,26.4928,6.5498,5.6180,5.7816,5.8803,10
2461187.788997,-21.6784,28.5247,6.5498,5.6180,5.7816,5.8803,10
2461187.823167,-20.0025,18.1894,6.5498,5.6180,5.7816,5.8803,10
2461187.841577,-23.6280,32.8751,6.5498,5.6180,5.7816,5.8803,10
2461187.868617,-19.1028,32.0299,6.5498,5.6180,5.7816,5.8803,10
2461188.601407,-16.0865,26.6566,6.5498,5.6180,5.7816,5.8803,10
2461188.631947,-18.8148,28.5909,6.5498,5.6180,5.7816,5.8803,10
2461188.821607,-22.8214,33.0382,6.5498,5.6180,5.7816,5.8803,10
2461188.848607,-25.8776,34.4144,6.5498,5.6180,5.7816,5.8803,10
2461188.865917,-17.9123,28.9494,6.5498,5.6180,5.7816,5.8803,10
2461188.882467,-10.6631,24.7934,6.5498,5.6180,5.7816,5.8803,10
2461188.904697,-16.8789,32.1563,6.5498,5.6180,5.7816,5.8803,10
2461188.917337,-24.2086,29.2469,6.5498,5.6180,5.7816,5.8803,10
2461189.621027,-18.1431,29.3780,6.5498,5.6180,5.7816,5.8803,10
2461189.637817,-22.2921,23.2057,6.5498,5.6180,5.7816,5.8803,10
2461189.654257,-22.7048,28.0128,6.5498,5.6180,5.7816,5.8803,10
2461189.670607,-16.0319,34.8845,6.5498,5.6180,5.7816,5.8803,10
2461189.687477,-17.6648,27.4727,6.5498,5.6180,5.7816,5.8803,10
2461189.714667,-14.6824,24.2286,6.5498,5.6180,5.7816,5.8803,10
2461189.731347,-14.7723,26.6429,6.5498,5.6180,5.7816,5.8803,10
2461189.748267,-23.6349,24.4950,6.5498,5.6180,5.7816,5.8803,10
2461189.768997,-26.2016,26.9342,6.5498,5.6180,5.7816,5.8803,10
2461189.789677,-21.1898,25.4563,6.5498,5.6180,5.7816,5.8803,10
2461189.817197,-15.8106,29.9777,6.5498,5.6180,5.7816,5.8803,10
2461189.835607,-13.5689,27.5430,6.5498,5.6180,5.7816,5.8803,10
2461189.852357,-10.6547,33.5731,6.5498,5.6180,5.7816,5.8803,10
2461189.887607,-24.3692,28.1774,6.5498,5.6180,5.7816,5.8803,10
2461189.907127,-15.6223,35.2555,6.5498,5.6180,5.7816,5.8803,10
2461189.913537,-14.8567,34.1559,6.5498,5.6180,5.7816,5.8803,10
2461190.653107,-30.5389,20.0607,6.5498,5.6180,5.7816,5.8803,10
2461190.698557,-29.8927,27.7604,6.5498,5.6180,5.7816,5.8803,10
2461190.752157,-30.7204,27.4944,6.5498,5.6180,5.7816,5.8803,10
2461190.771027,-27.6785,25.3645,6.5498,5.6180,5.7816,5.8803,10
2461190.817527,-26.9254,29.7708,6.5498,5.6180,5.7816,5.8803,10
2461190.852067,-23.7263,30.5447,6.5498,5.6180,5.7816,5.8803,10
2461191.634157,-19.7120,19.8804,6.5498,5.6180,5.7816,5.8803,10
2461191.650997,-14.7075,19.9996,6.5498,5.6180,5.7816,5.8803,10
2461191.669067,-21.0340,24.0377,6.5498,5.6180,5.7816,5.8803,10
2461191.705537,-17.8747,26.7617,6.5498,5.6180,5.7816,5.8803,10
2461191.739017,-19.1037,30.2238,6.5498,5.6180,5.7816,5.8803,10
2461191.755727,-28.2718,16.9437,6.5498,5.6180,5.7816,5.8803,10
2461194.756407,-24.1495,22.5186,6.5498,5.6180,5.7816,5.8803,10
2461194.793857,-20.3573,22.8281,6.5498,5.6180,5.7816,5.8803,10
2461196.595527,-19.6957,27.1302,6.5498,5.6180,5.7816,5.8803,10
2461196.614987,-22.2921,20.9241,6.5498,5.6180,5.7816,5.8803,10
2461196.653147,-26.7903,16.0951,6.5498,5.6180,5.7816,5.8803,10
2461196.670227,-15.5651,29.0291,6.5498,5.6180,5.7816,5.8803,10
2461196.697847,-20.3927,29.3292,6.5498,5.6180,5.7816,5.8803,10
2461196.715217,-21.7157,32.5922,6.5498,5.6180,5.7816,5.8803,10
2461196.732657,-25.0193,33.2769,6.5498,5.6180,5.7816,5.8803,10
2461196.749437,-18.4191,16.6173,6.5498,5.6180,5.7816,5.8803,10
2461196.814767,-23.7601,23.7053,6.5498,5.6180,5.7816,5.8803,10
2461196.831737,-23.5559,37.1827,6.5498,5.6180,5.7816,5.8803,10
2461197.816357,-24.4578,32.4276,6.5498,5.6180,5.7816,5.8803,10
2461197.833337,-9.9892,17.4875,6.5498,5.6180,5.7816,5.8803,10
2461198.678237,-22.4222,18.3128,6.5498,5.6180,5.7816,5.8803,10
2461198.695357,-10.8765,18.8365,6.5498,5.6180,5.7816,5.8803,10
2461198.723067,-20.2012,28.3917,6.5498,5.6180,5.7816,5.8803,10
2461198.739987,-23.0208,35.0872,6.5498,5.6180,5.7816,5.8803,10
2461198.757397,-30.0437,31.4753,6.5498,5.6180,5.7816,5.8803,10
2461198.774187,-9.4553,26.4402,6.5498,5.6180,5.7816,5.8803,10
2461198.793497,-22.6088,38.0704,6.5498,5.6180,5.7816,5.8803,10
2461198.820737,-23.6663,33.6959,6.5498,5.6180,5.7816,5.8803,10
2461198.838167,-10.6125,33.8405,6.5498,5.6180,5.7816,5.8803,10
2461198.875377,-22.2197,27.1087,6.5498,5.6180,5.7816,5.8803,10
2461198.892067,-7.9614,33.3465,6.5498,5.6180,5.7816,5.8803,10
2461199.587347,-32.1401,16.2954,6.5498,5.6180,5.7816,5.8803,10
2461199.637927,-16.2231,10.5880,6.5498,5.6180,5.7816,5.8803,10
2461199.654547,-16.0718,27.1925,6.5498,5.6180,5.7816,5.8803,10
2461199.690467,-28.3966,25.0787,6.5498,5.6180,5.7816,5.8803,10
2461199.717687,-21.5015,24.0067,6.5498,5.6180,5.7816,5.8803,10
2461199.735027,-15.8105,32.7313,6.5498,5.6180,5.7816,5.8803,10
2461199.778267,-24.0275,23.2087,6.5498,5.6180,5.7816,5.8803,10
2461199.794707,-10.2542,32.7593,6.5498,5.6180,5.7816,5.8803,10
2461199.825097,-18.8191,30.4016,6.5498,5.6180,5.7816,5.8803,10
2461199.842927,-30.2738,41.0108,6.5498,5.6180,5.7816,5.8803,10
2461199.869637,-17.9843,34.5939,6.5498,5.6180,5.7816,5.8803,10
2461199.886447,-23.3940,33.4803,6.5498,5.6180,5.7816,5.8803,10
2461202.604987,-15.9491,11.0495,6.5498,5.6180,5.7816,5.8803,10
2461202.626737,-10.4226,28.6338,6.5498,5.6180,5.7816,5.8803,10
2461202.659997,-15.1390,27.3781,6.5498,5.6180,5.7816,5.8803,10
2461202.687797,-13.8800,29.4903,6.5498,5.6180,5.7816,5.8803,10
2461202.704417,-16.5849,30.3698,6.5498,5.6180,5.7816,5.8803,10
2461202.721177,-23.5348,26.4336,6.5498,5.6180,5.7816,5.8803,10
2461202.738407,-16.1152,33.2972,6.5498,5.6180,5.7816,5.8803,10
2461202.773627,-21.4830,19.6905,6.5498,5.6180,5.7816,5.8803,10
2461202.803727,-11.8373,27.9934,6.5498,5.6180,5.7816,5.8803,10
2461202.820387,-13.9425,31.4833,6.5498,5.6180,5.7816,5.8803,10
2461202.836997,-8.7192,27.2185,6.5498,5.6180,5.7816,5.8803,10
2461202.854397,-31.6664,24.0260,6.5498,5.6180,5.7816,5.8803,10
2461202.888607,-11.1537,35.0556,6.5498,5.6180,5.7816,5.8803,10
2461203.570157,-9.4307,34.0412,6.5498,5.6180,5.7816,5.8803,10
2461203.586977,-11.5840,23.3050,6.5498,5.6180,5.7816,5.8803,10
2461203.605037,-15.0989,27.3791,6.5498,5.6180,5.7816,5.8803,10
2461203.624747,-17.3780,18.1457,6.5498,5.6180,5.7816,5.8803,10
2461203.641357,-17.5936,35.7396,6.5498,5.6180,5.7816,5.8803,10
2461203.698037,-23.7440,22.6878,6.5498,5.6180,5.7816,5.8803,10
2461203.717447,-7.4681,22.1600,6.5498,5.6180,5.7816,5.8803,10
2461203.734257,-14.5528,35.0944,6.5498,5.6180,5.7816,5.8803,10
2461203.753817,-12.3648,18.8721,6.5498,5.6180,5.7816,5.8803,10
2461203.756657,-14.7066,21.5810,6.5498,5.6180,5.7816,5.8803,10
2461204.603157,-18.4190,19.6098,6.5498,5.6180,5.7816,5.8803,10
2461204.620177,-19.4101,34.0039,6.5498,5.6180,5.7816,5.8803,10
2461204.636827,-8.2912,13.8734,6.5498,5.6180,5.7816,5.8803,10
2461204.668797,-26.8245,33.4806,6.5498,5.6180,5.7816,5.8803,10
2461204.714007,-23.7373,19.6844,6.5498,5.6180,5.7816,5.8803,10
2461204.732067,-27.1451,21.6747,6.5498,5.6180,5.7816,5.8803,10
2461204.749277,-22.6714,17.5617,6.5498,5.6180,5.7816,5.8803,10
2461204.778247,-25.9868,15.5426,6.5498,5.6180,5.7816,5.8803,10
2461204.795547,-26.9728,30.3499,6.5498,5.6180,5.7816,5.8803,10
2461204.817147,-13.3642,22.0781,6.5498,5.6180,5.7816,5.8803,10
2461204.853767,-18.4793,23.1901,6.5498,5.6180,5.7816,5.8803,10
2461205.556517,-19.2403,22.4503,6.5498,5.6180,5.7816,5.8803,10
2461205.577977,-16.0059,23.4033,6.5498,5.6180,5.7816,5.8803,10
2461205.594837,-30.4673,21.1004,6.5498,5.6180,5.7816,5.8803,10
2461205.635467,-17.1784,13.6662,6.5498,5.6180,5.7816,5.8803,10
2461205.662407,-22.4033,38.0845,6.5498,5.6180,5.7816,5.8803,10
2461205.681017,-19.0527,31.5460,6.5498,5.6180,5.7816,5.8803,10
2461210.827017,-38.3778,25.0268,6.5498,5.6180,5.7816,5.8803,10
2461211.544027,-25.0775,10.3948,6.5498,5.6180,5.7816,5.8803,10
2461211.581427,-23.8478,23.9235,6.5498,5.6180,5.7816,5.8803,10
2461211.598197,-29.0687,15.3570,6.5498,5.6180,5.7816,5.8803,10
2461211.659427,-20.2080,19.7489,6.5498,5.6180,5.7816,5.8803,10
2461211.677627,-13.4441,17.3081,6.5498,5.6180,5.7816,5.8803,10
2461211.694847,-26.0048,13.5536,6.5498,5.6180,5.7816,5.8803,10
2461211.727267,-40.2812,8.3536,6.5498,5.6180,5.7816,5.8803,10
2461211.747187,-39.1702,23.6209,6.5498,5.6180,5.7816,5.8803,10
2461211.831487,-5.0504,34.5316,6.5498,5.6180,5.7816,5.8803,10
2461211.849397,-15.0640,24.0717,6.5498,5.6180,5.7816,5.8803,10
2461211.859407,-8.3235,32.1678,6.5498,5.6180,5.7816,5.8803,10
2461213.603657,-35.4680,8.4131,6.5498,5.6180,5.7816,5.8803,10
2461213.854017,-41.7014,20.0584,6.5498,5.6180,5.7816,5.8803,10
2461214.537317,-29.6617,24.2884,6.5498,5.6180,5.7816,5.8803,10
2461214.588097,-22.7309,24.1390,6.5498,5.6180,5.7816,5.8803,10
2461214.607747,-30.1870,11.5588,6.5498,5.6180,5.7816,5.8803,10
2461214.626997,-19.0640,17.7591,6.5498,5.6180,5.7816,5.8803,10
2461214.657597,-16.5725,11.7931,6.5498,5.6180,5.7816,5.8803,10
2461214.678017,-35.8168,14.1877,6.5498,5.6180,5.7816,5.8803,10
2461214.724737,-22.3237,6.1407,6.5498,5.6180,5.7816,5.8803,10
2461214.744067,-34.1792,27.2275,6.5498,5.6180,5.7816,5.8803,10
2461214.762437,-10.9898,17.7631,6.5498,5.6180,5.7816,5.8803,10
2461214.798007,-10.6610,24.0900,6.5498,5.6180,5.7816,5.8803,10
2461214.825277,-17.5268,9.9389,6.5498,5.6180,5.7816,5.8803,10
2461214.850767,-19.0047,32.8589,6.5498,5.6180,5.7816,5.8803,10
2461215.520077,-25.5348,31.8510,6.5498,5.6180,5.7816,5.8803,10
2461215.536957,-22.1757,21.9507,6.5498,5.6180,5.7816,5.8803,10
2461215.583087,-31.2026,18.8401,6.5498,5.6180,5.7816,5.8803,10
2461215.600427,-32.3869,16.6044,6.5498,5.6180,5.7816,5.8803,10
2461215.617437,-20.2551,21.7313,6.5498,5.6180,5.7816,5.8803,10
2461215.634647,-26.2870,16.0699,6.5498,5.6180,5.7816,5.8803,10
2461215.653507,-14.8251,15.1920,6.5498,5.6180,5.7816,5.8803,10
2461215.681477,-21.6845,20.0945,6.5498,5.6180,5.7816,5.8803,10
2461215.700447,-17.6582,13.0762,6.5498,5.6180,5.7816,5.8803,10
2461215.717637,-33.6417,12.9115,6.5498,5.6180,5.7816,5.8803,10
2461215.755807,-23.2303,16.2385,6.5498,5.6180,5.7816,5.8803,10
2461215.786297,-25.4976,22.9546,6.5498,5.6180,5.7816,5.8803,10
2461215.804847,-19.8140,28.4741,6.5498,5.6180,5.7816,5.8803,10
2461215.823207,-21.4365,29.1947,6.5498,5.6180,5.7816,5.8803,10
2461215.840057,-16.7038,29.1856,6.5498,5.6180,5.7816,5.8803,10
2461215.847277,-16.2804,26.9261,6.5498,5.6180,5.7816,5.8803,10
2461216.530457,-35.4436,7.5774,6.5498,5.6180,5.7816,5.8803,10
2461216.559787,-35.2279,16.4708,6.5498,5.6180,5.7816,5.8803,10
2461216.578027,-15.3873,15.9816,6.5498,5.6180,5.7816,5.8803,10
2461216.594577,-25.9143,15.8451,6.5498,5.6180,5.7816,5.8803,10
2461216.611487,-10.8366,27.2310,6.5498,5.6180,5.7816,5.8803,10
2461216.627907,-16.9701,29.3210,6.5498,5.6180,5.7816,5.8803,10
2461216.656397,-23.5912,29.4877,6.5498,5.6180,5.7816,5.8803,10
2461216.672927,-17.6731,29.6202,6.5498,5.6180,5.7816,5.8803,10
2461216.689337,-14.1068,21.8098,6.5498,5.6180,5.7816,5.8803,10
2461216.705997,-33.0737,16.8919,6.5498,5.6180,5.7816,5.8803,10
2461216.722827,-9.1868,17.6877,6.5498,5.6180,5.7816,5.8803,10
2461216.749847,-16.7984,18.0340,6.5498,5.6180,5.7816,5.8803,10
2461216.766687,-11.7159,32.9015,6.5498,5.6180,5.7816,5.8803,10
2461216.803257,-16.8357,23.0174,6.5498,5.6180,5.7816,5.8803,10
2461216.822637,-26.2640,10.7118,6.5498,5.6180,5.7816,5.8803,10
2461217.529837,-32.3016,32.2046,6.5498,5.6180,5.7816,5.8803,10
2461217.546887,-25.0552,25.6086,6.5498,5.6180,5.7816,5.8803,10
2461217.565917,-17.5148,18.6776,6.5498,5.6180,5.7816,5.8803,10
2461217.583097,-8.5917,24.2133,6.5498,5.6180,5.7816,5.8803,10
2461217.600977,-9.6211,23.9080,6.5498,5.6180,5.7816,5.8803,10
2461217.628197,-19.3353,22.3264,6.5498,5.6180,5.7816,5.8803,10
2461217.644807,-13.5532,31.5612,6.5498,5.6180,5.7816,5.8803,10
2461217.661717,-23.7318,23.8977,6.5498,5.6180,5.7816,5.8803,10
2461217.678127,-27.9090,23.7887,6.5498,5.6180,5.7816,5.8803,10
2461217.700527,-15.2902,21.8089,6.5498,5.6180,5.7816,5.8803,10
2461217.727887,-17.8788,25.1701,6.5498,5.6180,5.7816,5.8803,10
2461217.730697,-14.6334,22.5623,6.5498,5.6180,5.7816,5.8803,10
2461217.746027,-21.2123,30.8115,6.5498,5.6180,5.7816,5.8803,10
2461217.762757,-19.4370,18.4796,6.5498,5.6180,5.7816,5.8803,10
2461217.781247,-22.4018,31.6380,6.5498,5.6180,5.7816,5.8803,10
2461217.797927,-20.7978,23.9244,6.5498,5.6180,5.7816,5.8803,10
2461217.800687,-29.4842,34.8212,6.5498,5.6180,5.7816,5.8803,10
2461218.516267,-18.8022,25.3962,6.5498,5.6180,5.7816,5.8803,10
2461218.554927,-30.4984,27.2170,6.5498,5.6180,5.7816,5.8803,10
2461218.586797,-24.5799,25.8126,6.5498,5.6180,5.7816,5.8803,10
2461218.620407,-22.9507,27.7446,6.5498,5.6180,5.7816,5.8803,10
2461218.640137,-21.8726,27.2005,6.5498,5.6180,5.7816,5.8803,10
2461218.657017,-20.7863,21.3568,6.5498,5.6180,5.7816,5.8803,10
2461218.673297,-18.4800,23.2670,6.5498,5.6180,5.7816,5.8803,10
2461218.701547,-21.2936,31.9485,6.5498,5.6180,5.7816,5.8803,10
2461218.719497,-24.3391,26.7468,6.5498,5.6180,5.7816,5.8803,10
2461218.735877,-30.8214,21.0489,6.5498,5.6180,5.7816,5.8803,10
2461218.752597,-19.0197,30.0497,6.5498,5.6180,5.7816,5.8803,10
2461218.770847,-21.5729,29.0601,6.5498,5.6180,5.7816,5.8803,10
2461218.819467,-24.8435,35.3744,6.5498,5.6180,5.7816,5.8803,10
2461218.836147,-6.5473,33.9211,6.5498,5.6180,5.7816,5.8803,10
2461222.511937,-32.8993,24.2538,6.5498,5.6180,5.7816,5.8803,10
2461222.529107,-28.4082,24.3369,6.5498,5.6180,5.7816,5.8803,10
2461222.545717,-30.4777,16.9120,6.5498,5.6180,5.7816,5.8803,10
2461222.563147,-19.2667,15.4391,6.5498,5.6180,5.7816,5.8803,10
2461222.591087,-14.2472,28.7536,6.5498,5.6180,5.7816,5.8803,10
2461222.608907,-10.6555,28.2598,6.5498,5.6180,5.7816,5.8803,10
2461222.627427,-13.2136,25.3648,6.5498,5.6180,5.7816,5.8803,10
2461222.726217,-26.4499,29.0475,6.5498,5.6180,5.7816,5.8803,10
2461222.743167,-19.0959,20.8156,6.5498,5.6180,5.7816,5.8803,10
2461222.759897,-19.0535,14.7469,6.5498,5.6180,5.7816,5.8803,10
2461222.803557,-21.1534,37.0825,6.5498,5.6180,5.7816,5.8803,10
2461223.581797,-22.4770,20.2604,6.5498,5.6180,5.7816,5.8803,10
2461223.602227,-34.1950,27.0290,6.5498,5.6180,5.7816,5.8803,10
2461223.620317,-21.7206,23.3505,6.5498,5.6180,5.7816,5.8803,10
2461223.666837,-21.7867,18.3003,6.5498,5.6180,5.7816,5.8803,10
2461223.683707,-25.6781,22.3569,6.5498,5.6180,5.7816,5.8803,10
2461223.701557,-24.2393,25.6852,6.5498,5.6180,5.7816,5.8803,10
2461223.734797,-13.5743,18.8842,6.5498,5.6180,5.7816,5.8803,10
2461223.751197,-10.4179,26.5033,6.5498,5.6180,5.7816,5.8803,10
2461223.795817,-13.7422,30.0535,6.5498,5.6180,5.7816,5.8803,10
2461225.638307,-32.8426,10.4048,6.5498,5.6180,5.7816,5.8803,10
2461227.578117,-32.6672,24.2084,6.5498,5.6180,5.7816,5.8803,10
2461227.659507,-19.1006,14.9330,6.5498,5.6180,5.7816,5.8803,10
2461227.676687,-36.6143,25.0999,6.5498,5.6180,5.7816,5.8803,10
2461227.718267,-13.2794,26.1335,6.5498,5.6180,5.7816,5.8803,10
2461227.735927,-28.1608,18.4505,6.5498,5.6180,5.7816,5.8803,10
2461227.754537,-15.2735,31.7826,6.5498,5.6180,5.7816,5.8803,10
2461227.772237,-17.0746,32.1299,6.5498,5.6180,5.7816,5.8803,10
2461227.789347,-19.6629,29.4649,6.5498,5.6180,5.7816,5.8803,10
2461227.817657,-13.0714,24.3190,6.5498,5.6180,5.7816,5.8803,10
2461228.485917,-15.6601,18.1179,6.5498,5.6180,5.7816,5.8803,10
2461228.547427,-17.3062,24.7349,6.5498,5.6180,5.7816,5.8803,10
2461228.574687,-16.3156,26.8840,6.5498,5.6180,5.7816,5.8803,10
2461228.607527,-21.7960,14.9825,6.5498,5.6180,5.7816,5.8803,10
2461228.626147,-11.5034,25.5399,6.5498,5.6180,5.7816,5.8803,10
2461228.647307,-25.5590,35.5626,6.5498,5.6180,5.7816,5.8803,10
2461228.665467,-20.8452,33.0052,6.5498,5.6180,5.7816,5.8803,10
2461228.686417,-22.7996,34.3776,6.5498,5.6180,5.7816,5.8803,10
2461228.714387,-9.6178,35.8629,6.5498,5.6180,5.7816,5.8803,10
2461228.731577,-21.3626,26.9766,6.5498,5.6180,5.7816,5.8803,10
2461228.771277,-8.3653,34.7467,6.5498,5.6180,5.7816,5.8803,10
2461229.536757,-20.4852,24.0840,6.5498,5.6180,5.7816,5.8803,10
2461229.555547,-18.1116,34.5238,6.5498,5.6180,5.7816,5.8803,10
2461229.589877,-15.3423,37.2630,6.5498,5.6180,5.7816,5.8803,10
2461229.607227,-22.5619,34.0043,6.5498,5.6180,5.7816,5.8803,10
2461229.627017,-20.1064,27.9851,6.5498,5.6180,5.7816,5.8803,10
2461229.643597,-20.3463,15.9641,6.5498,5.6180,5.7816,5.8803,10
2461229.661247,-23.2234,26.9010,6.5498,5.6180,5.7816,5.8803,10
2461229.706057,-31.9598,18.3777,6.5498,5.6180,5.7816,5.8803,10
2461229.724397,-18.5326,37.8583,6.5498,5.6180,5.7816,5.8803,10
2461229.742017,-20.6325,24.5370,6.5498,5.6180,5.7816,5.8803,10
2461229.759507,-9.9802,31.2756,6.5498,5.6180,5.7816,5.8803,10
2461230.522567,-25.3951,17.0059,6.5498,5.6180,5.7816,5.8803,10
2461230.539737,-24.1749,25.8039,6.5498,5.6180,5.7816,5.8803,10
2461230.557607,-19.2927,26.4956,6.5498,5.6180,5.7816,5.8803,10
2461230.574247,-21.8161,22.4105,6.5498,5.6180,5.7816,5.8803,10
2461230.638517,-12.7232,30.5085,6.5498,5.6180,5.7816,5.8803,10
2461230.657587,-27.6812,32.9845,6.5498,5.6180,5.7816,5.8803,10
2461230.674937,-26.3883,30.4795,6.5498,5.6180,5.7816,5.8803,10
2461230.677907,-29.4504,22.2819,6.5498,5.6180,5.7816,5.8803,10
2461230.706047,-27.9095,20.6874,6.5498,5.6180,5.7816,5.8803,10
2461230.723777,-25.5834,38.3565,6.5498,5.6180,5.7816,5.8803,10
2461230.746077,-16.3195,28.0038,6.5498,5.6180,5.7816,5.8803,10
2461230.765107,-26.5024,23.9104,6.5498,5.6180,5.7816,5.8803,10
2461230.799587,-7.7461,35.9766,6.5498,5.6180,5.7816,5.8803,10
2461231.556317,-31.3219,22.4155,6.5498,5.6180,5.7816,5.8803,10
2461231.607927,-23.3633,25.4459,6.5498,5.6180,5.7816,5.8803,10
2461231.635467,-12.1258,26.0257,6.5498,5.6180,5.7816,5.8803,10
2461231.652197,-27.2093,31.9930,6.5498,5.6180,5.7816,5.8803,10
2461231.690307,-22.7240,33.0772,6.5498,5.6180,5.7816,5.8803,10
2461231.707047,-21.4517,20.2582,6.5498,5.6180,5.7816,5.8803,10
2461231.733897,-17.3993,31.1913,6.5498,5.6180,5.7816,5.8803,10
2461231.736627,-16.5548,32.2256,6.5498,5.6180,5.7816,5.8803,10
2461231.751797,-20.1157,39.9153,6.5498,5.6180,5.7816,5.8803,10
2461231.768697,-19.0477,20.4116,6.5498,5.6180,5.7816,5.8803,10
2461231.786047,-10.4817,15.1795,6.5498,5.6180,5.7816,5.8803,10
2461232.544477,-17.7956,26.3927,6.5498,5.6180,5.7816,5.8803,10
2461232.561867,-11.5632,11.8420,6.5498,5.6180,5.7816,5.8803,10
2461232.658977,-19.8147,19.1275,6.5498,5.6180,5.7816,5.8803,10
2461232.675907,-22.7886,29.9015,6.5498,5.6180,5.7816,5.8803,10
2461232.741427,-32.2480,14.6652,6.5498,5.6180,5.7816,5.8803,10
2461232.758737,-17.8411,27.2146,6.5498,5.6180,5.7816,5.8803,10
2461233.494747,-21.5018,35.9715,6.5498,5.6180,5.7816,5.8803,10
2461233.511377,-26.8732,17.8869,6.5498,5.6180,5.7816,5.8803,10
2461233.527877,-11.5157,31.1222,6.5498,5.6180,5.7816,5.8803,10
2461233.565967,-27.2414,17.8663,6.5498,5.6180,5.7816,5.8803,10
2461233.592647,-14.4843,29.3618,6.5498,5.6180,5.7816,5.8803,10
2461233.626197,-19.4217,28.6278,6.5498,5.6180,5.7816,5.8803,10
2461233.642907,-23.3108,28.0155,6.5498,5.6180,5.7816,5.8803,10
2461233.661037,-18.8006,38.8715,6.5498,5.6180,5.7816,5.8803,10
2461233.681207,-11.2775,26.5324,6.5498,5.6180,5.7816,5.8803,10
2461233.708387,-22.1133,30.8830,6.5498,5.6180,5.7816,5.8803,10
2461233.724997,-18.1912,29.2075,6.5498,5.6180,5.7816,5.8803,10
2461233.741377,-9.4565,39.1587,6.5498,5.6180,5.7816,5.8803,10
