# KMT-2026-BLG-0521 / OGLE-2026-BLG-0058, field BLG01, v6 reduction
# calibration star "m16_d24"
# Solution: ~/KMTdata/Results/v8/IFfinal_BLG01.mat
# v8 fits the calibration set 14<I<19, isolated to 2 arcsec, minus 2-sigma RMS outliers: 235 stars.
# All are freely fitted; Gaia RUWE<1.4 is applied only in the post-hoc tie.
# I_OGLE = 16.68, at pixel (162.4, 172.1), 24.5 pix from the target
# RA, Dec (J2000) = 17:52:37.746 , -31:47:27.53  =  268.157273 , -31.790981 deg
# absolute proper motion (mu_alpha cos d, mu_d) = -3.217, -7.849 mas/yr
#   full six-parameter gauge removed (constant AND linear gradient)
# X_mas, Y_mas: position in mas, proper motion NOT removed, relative to the mean
# errX_decade, errY_decade: this star own residual RMS over the run. Constant.
# errX_season, errY_season: this star own residual RMS within each season.
# season: 1=2016 ... 10=2026 (2020 is dropped as a short stub)
JD,X_mas,Y_mas,errX_decade,errY_decade,errX_season,errY_season,season
2457444.887964,-8.8333,22.6594,4.1258,4.3215,3.8104,3.8752,1
2457445.849494,-8.2865,27.2755,4.1258,4.3215,3.8104,3.8752,1
2457445.882854,-6.3592,18.8859,4.1258,4.3215,3.8104,3.8752,1
2457446.844884,-4.7853,20.5601,4.1258,4.3215,3.8104,3.8752,1
2457446.889504,-13.0519,22.3944,4.1258,4.3215,3.8104,3.8752,1
2457447.845274,-5.5277,26.0065,4.1258,4.3215,3.8104,3.8752,1
2457447.870894,-11.9476,24.1895,4.1258,4.3215,3.8104,3.8752,1
2457447.896124,-9.3868,22.1194,4.1258,4.3215,3.8104,3.8752,1
2457448.859754,-10.5969,21.2042,4.1258,4.3215,3.8104,3.8752,1
2457448.881804,-15.5196,18.8752,4.1258,4.3215,3.8104,3.8752,1
2457449.895624,-8.6014,22.2252,4.1258,4.3215,3.8104,3.8752,1
2457451.836364,-12.6965,21.5943,4.1258,4.3215,3.8104,3.8752,1
2457451.857994,-8.3929,20.7283,4.1258,4.3215,3.8104,3.8752,1
2457451.882254,-15.5722,23.0538,4.1258,4.3215,3.8104,3.8752,1
2457452.830984,-17.0389,20.1028,4.1258,4.3215,3.8104,3.8752,1
2457452.890024,-12.1584,20.7177,4.1258,4.3215,3.8104,3.8752,1
2457453.828314,-7.6924,24.7141,4.1258,4.3215,3.8104,3.8752,1
2457453.850814,-11.9934,20.8648,4.1258,4.3215,3.8104,3.8752,1
2457454.827394,-11.0237,23.8140,4.1258,4.3215,3.8104,3.8752,1
2457454.849774,-7.0429,25.6738,4.1258,4.3215,3.8104,3.8752,1
2457454.870764,-11.0687,17.4307,4.1258,4.3215,3.8104,3.8752,1
2457454.893184,-10.9178,23.9133,4.1258,4.3215,3.8104,3.8752,1
2457455.883744,-11.0690,25.7767,4.1258,4.3215,3.8104,3.8752,1
2457456.822654,-6.0095,16.1082,4.1258,4.3215,3.8104,3.8752,1
2457456.846374,-16.3977,27.5177,4.1258,4.3215,3.8104,3.8752,1
2457456.880834,-6.3166,26.4738,4.1258,4.3215,3.8104,3.8752,1
2457457.828984,-8.8578,20.7490,4.1258,4.3215,3.8104,3.8752,1
2457457.851624,-10.0234,23.7636,4.1258,4.3215,3.8104,3.8752,1
2457457.872584,-9.3324,20.9383,4.1258,4.3215,3.8104,3.8752,1
2457457.904974,-15.3726,19.7615,4.1258,4.3215,3.8104,3.8752,1
2457458.827424,-11.1465,21.5235,4.1258,4.3215,3.8104,3.8752,1
2457458.848514,-10.0857,24.9230,4.1258,4.3215,3.8104,3.8752,1
2457458.902084,-11.6661,18.6610,4.1258,4.3215,3.8104,3.8752,1
2457460.800604,-10.1280,18.6521,4.1258,4.3215,3.8104,3.8752,1
2457461.881694,-10.5426,17.8506,4.1258,4.3215,3.8104,3.8752,1
2457462.816054,-9.3892,24.7508,4.1258,4.3215,3.8104,3.8752,1
2457462.863864,-5.8601,22.3386,4.1258,4.3215,3.8104,3.8752,1
2457462.886154,-13.4090,25.4938,4.1258,4.3215,3.8104,3.8752,1
2457466.790834,-12.2461,19.9016,4.1258,4.3215,3.8104,3.8752,1
2457466.811364,-10.6785,17.1372,4.1258,4.3215,3.8104,3.8752,1
2457466.863774,-8.7580,14.5077,4.1258,4.3215,3.8104,3.8752,1
2457466.884144,-13.3563,20.3739,4.1258,4.3215,3.8104,3.8752,1
2457466.904944,-12.0490,20.4276,4.1258,4.3215,3.8104,3.8752,1
2457469.842754,-13.4429,23.8801,4.1258,4.3215,3.8104,3.8752,1
2457472.813834,-15.5556,25.4012,4.1258,4.3215,3.8104,3.8752,1
2457472.857244,-12.0612,23.1137,4.1258,4.3215,3.8104,3.8752,1
2457472.877464,-12.4043,17.9856,4.1258,4.3215,3.8104,3.8752,1
2457472.898324,-11.4033,23.7533,4.1258,4.3215,3.8104,3.8752,1
2457473.787424,-6.6115,21.1509,4.1258,4.3215,3.8104,3.8752,1
2457473.880414,-9.7619,20.0606,4.1258,4.3215,3.8104,3.8752,1
2457474.802834,-8.6520,20.4701,4.1258,4.3215,3.8104,3.8752,1
2457474.823204,-7.1362,19.1350,4.1258,4.3215,3.8104,3.8752,1
2457474.843314,-8.4261,24.8357,4.1258,4.3215,3.8104,3.8752,1
2457474.876584,-9.9052,22.1482,4.1258,4.3215,3.8104,3.8752,1
2457474.896914,-10.5606,21.0874,4.1258,4.3215,3.8104,3.8752,1
2457475.891894,-10.4503,24.1925,4.1258,4.3215,3.8104,3.8752,1
2457476.771777,-8.7517,22.0937,4.1258,4.3215,3.8104,3.8752,1
2457476.823527,-11.3216,18.8343,4.1258,4.3215,3.8104,3.8752,1
2457476.844247,-12.5117,14.4121,4.1258,4.3215,3.8104,3.8752,1
2457476.866587,-13.1905,17.1683,4.1258,4.3215,3.8104,3.8752,1
2457477.773414,-11.5385,26.4120,4.1258,4.3215,3.8104,3.8752,1
2457477.808704,-11.1434,18.0178,4.1258,4.3215,3.8104,3.8752,1
2457477.832234,-7.3505,21.2904,4.1258,4.3215,3.8104,3.8752,1
2457477.875334,-5.0468,17.6813,4.1258,4.3215,3.8104,3.8752,1
2457477.896344,-6.2671,27.2785,4.1258,4.3215,3.8104,3.8752,1
2457478.777564,-7.2014,18.8009,4.1258,4.3215,3.8104,3.8752,1
2457478.821044,-12.3821,24.0867,4.1258,4.3215,3.8104,3.8752,1
2457478.869244,-9.0122,22.3398,4.1258,4.3215,3.8104,3.8752,1
2457479.752447,-6.1436,21.5013,4.1258,4.3215,3.8104,3.8752,1
2457479.787907,-10.1582,19.5984,4.1258,4.3215,3.8104,3.8752,1
2457479.805807,-11.7090,15.8379,4.1258,4.3215,3.8104,3.8752,1
2457479.861057,-5.3700,14.7853,4.1258,4.3215,3.8104,3.8752,1
2457479.878647,-5.9677,15.4959,4.1258,4.3215,3.8104,3.8752,1
2457479.917407,-8.0559,20.9938,4.1258,4.3215,3.8104,3.8752,1
2457480.779637,-8.0331,18.2664,4.1258,4.3215,3.8104,3.8752,1
2457480.881547,-7.6216,20.5430,4.1258,4.3215,3.8104,3.8752,1
2457480.899627,-12.0837,20.9469,4.1258,4.3215,3.8104,3.8752,1
2457481.758687,-12.9563,15.1123,4.1258,4.3215,3.8104,3.8752,1
2457481.779777,-14.7668,24.3294,4.1258,4.3215,3.8104,3.8752,1
2457481.811817,-10.8775,24.6500,4.1258,4.3215,3.8104,3.8752,1
2457481.830507,-9.2131,24.9322,4.1258,4.3215,3.8104,3.8752,1
2457481.867097,-13.0878,19.1835,4.1258,4.3215,3.8104,3.8752,1
2457484.837477,-15.2147,18.0316,4.1258,4.3215,3.8104,3.8752,1
2457484.857487,-4.7532,19.9684,4.1258,4.3215,3.8104,3.8752,1
2457484.876917,-14.8559,22.5195,4.1258,4.3215,3.8104,3.8752,1
2457484.896597,-3.6115,21.1212,4.1258,4.3215,3.8104,3.8752,1
2457485.779077,-7.2535,23.0898,4.1258,4.3215,3.8104,3.8752,1
2457485.811547,-9.8977,18.0430,4.1258,4.3215,3.8104,3.8752,1
2457485.876447,-11.1121,16.7588,4.1258,4.3215,3.8104,3.8752,1
2457485.908717,-12.6786,21.9293,4.1258,4.3215,3.8104,3.8752,1
2457486.734497,-13.1952,20.1168,4.1258,4.3215,3.8104,3.8752,1
2457486.819627,-13.4931,22.0893,4.1258,4.3215,3.8104,3.8752,1
2457486.875957,-13.0037,25.1110,4.1258,4.3215,3.8104,3.8752,1
2457486.911887,-8.7113,19.4887,4.1258,4.3215,3.8104,3.8752,1
2457487.792367,-11.8939,18.4443,4.1258,4.3215,3.8104,3.8752,1
2457487.833617,-6.8655,16.6066,4.1258,4.3215,3.8104,3.8752,1
2457487.884767,-11.8061,20.6196,4.1258,4.3215,3.8104,3.8752,1
2457487.904937,-12.5675,22.8151,4.1258,4.3215,3.8104,3.8752,1
2457488.827904,-11.8145,22.3707,4.1258,4.3215,3.8104,3.8752,1
2457488.845654,-14.9890,18.8819,4.1258,4.3215,3.8104,3.8752,1
2457488.865984,-12.8390,20.7627,4.1258,4.3215,3.8104,3.8752,1
2457488.899907,-9.7096,17.7861,4.1258,4.3215,3.8104,3.8752,1
2457489.889827,-8.2042,17.8860,4.1258,4.3215,3.8104,3.8752,1
2457491.759557,-4.5577,25.4936,4.1258,4.3215,3.8104,3.8752,1
2457491.815747,-12.9020,22.0910,4.1258,4.3215,3.8104,3.8752,1
2457491.832847,-9.7190,22.1388,4.1258,4.3215,3.8104,3.8752,1
2457491.864017,-10.7269,25.0057,4.1258,4.3215,3.8104,3.8752,1
2457494.781077,-4.8185,20.1953,4.1258,4.3215,3.8104,3.8752,1
2457494.841437,-5.6607,18.0654,4.1258,4.3215,3.8104,3.8752,1
2457494.862397,-9.0654,23.4759,4.1258,4.3215,3.8104,3.8752,1
2457494.893597,-14.4179,20.8624,4.1258,4.3215,3.8104,3.8752,1
2457494.912177,-9.4326,20.9197,4.1258,4.3215,3.8104,3.8752,1
2457495.730137,-7.8654,15.6412,4.1258,4.3215,3.8104,3.8752,1
2457495.748567,-8.7221,16.5601,4.1258,4.3215,3.8104,3.8752,1
2457495.777777,-8.6315,25.2024,4.1258,4.3215,3.8104,3.8752,1
2457495.834017,-13.9213,18.2662,4.1258,4.3215,3.8104,3.8752,1
2457495.856407,-12.5935,18.0452,4.1258,4.3215,3.8104,3.8752,1
2457495.876327,-16.0270,19.2652,4.1258,4.3215,3.8104,3.8752,1
2457495.904917,-10.2261,18.0703,4.1258,4.3215,3.8104,3.8752,1
2457497.853357,-7.0770,15.0684,4.1258,4.3215,3.8104,3.8752,1
2457497.889397,-3.2818,19.2840,4.1258,4.3215,3.8104,3.8752,1
2457497.920327,-6.8740,17.6730,4.1258,4.3215,3.8104,3.8752,1
2457498.805467,-8.9727,15.0293,4.1258,4.3215,3.8104,3.8752,1
2457498.902227,-8.0988,18.7711,4.1258,4.3215,3.8104,3.8752,1
2457499.719387,-16.3092,21.3928,4.1258,4.3215,3.8104,3.8752,1
2457499.742837,-16.8490,17.8750,4.1258,4.3215,3.8104,3.8752,1
2457499.760397,-10.8374,19.9398,4.1258,4.3215,3.8104,3.8752,1
2457499.777857,-4.6454,19.6032,4.1258,4.3215,3.8104,3.8752,1
2457499.806637,-16.3187,18.9280,4.1258,4.3215,3.8104,3.8752,1
2457499.824307,-15.0827,22.3958,4.1258,4.3215,3.8104,3.8752,1
2457499.841957,-15.6584,17.8379,4.1258,4.3215,3.8104,3.8752,1
2457499.862677,-13.7286,18.3330,4.1258,4.3215,3.8104,3.8752,1
2457499.883337,-12.6829,17.9865,4.1258,4.3215,3.8104,3.8752,1
2457499.917197,-8.6271,17.9260,4.1258,4.3215,3.8104,3.8752,1
2457500.703887,-12.1711,21.7928,4.1258,4.3215,3.8104,3.8752,1
2457500.833157,-15.6059,21.7110,4.1258,4.3215,3.8104,3.8752,1
2457500.852217,-8.5756,22.0685,4.1258,4.3215,3.8104,3.8752,1
2457505.678337,-12.0356,18.7039,4.1258,4.3215,3.8104,3.8752,1
2457505.712647,-6.4173,25.4649,4.1258,4.3215,3.8104,3.8752,1
2457505.730107,-17.1282,21.9206,4.1258,4.3215,3.8104,3.8752,1
2457505.747377,-8.1354,17.4472,4.1258,4.3215,3.8104,3.8752,1
2457508.702057,-13.5164,26.0464,4.1258,4.3215,3.8104,3.8752,1
2457508.719557,-16.6629,16.5373,4.1258,4.3215,3.8104,3.8752,1
2457508.739597,-5.4235,18.2789,4.1258,4.3215,3.8104,3.8752,1
2457508.757007,-8.3411,25.9288,4.1258,4.3215,3.8104,3.8752,1
2457508.785647,-10.9196,21.4242,4.1258,4.3215,3.8104,3.8752,1
2457508.803107,-6.9296,19.3605,4.1258,4.3215,3.8104,3.8752,1
2457508.828027,-7.4444,21.9176,4.1258,4.3215,3.8104,3.8752,1
2457508.848707,-6.4017,21.0446,4.1258,4.3215,3.8104,3.8752,1
2457508.864267,-11.4606,27.0646,4.1258,4.3215,3.8104,3.8752,1
2457508.892537,-6.9124,20.6437,4.1258,4.3215,3.8104,3.8752,1
2457508.910197,-11.3114,18.8111,4.1258,4.3215,3.8104,3.8752,1
2457508.927257,-7.2598,17.8465,4.1258,4.3215,3.8104,3.8752,1
2457509.694621,-9.8914,16.2992,4.1258,4.3215,3.8104,3.8752,1
2457509.723007,-10.1044,26.3901,4.1258,4.3215,3.8104,3.8752,1
2457509.744797,-11.7371,18.5526,4.1258,4.3215,3.8104,3.8752,1
2457509.764677,-11.7318,22.9969,4.1258,4.3215,3.8104,3.8752,1
2457509.782237,-13.4633,25.8708,4.1258,4.3215,3.8104,3.8752,1
2457509.802137,-14.0181,19.7480,4.1258,4.3215,3.8104,3.8752,1
2457509.832107,-4.8879,20.6243,4.1258,4.3215,3.8104,3.8752,1
2457511.723587,-4.9518,25.3899,4.1258,4.3215,3.8104,3.8752,1
2457511.758067,-8.4259,17.3398,4.1258,4.3215,3.8104,3.8752,1
2457511.786697,-10.8196,21.1932,4.1258,4.3215,3.8104,3.8752,1
2457511.804627,-14.9172,19.5260,4.1258,4.3215,3.8104,3.8752,1
2457511.824797,-12.4425,23.3738,4.1258,4.3215,3.8104,3.8752,1
2457511.844127,-13.2607,17.1034,4.1258,4.3215,3.8104,3.8752,1
2457511.861607,-9.6581,21.9798,4.1258,4.3215,3.8104,3.8752,1
2457511.895017,-18.7996,16.3942,4.1258,4.3215,3.8104,3.8752,1
2457512.741017,-13.7259,24.7064,4.1258,4.3215,3.8104,3.8752,1
2457512.766007,-8.7396,19.5743,4.1258,4.3215,3.8104,3.8752,1
2457512.821977,-15.4631,19.1378,4.1258,4.3215,3.8104,3.8752,1
2457512.855097,-6.0022,16.1675,4.1258,4.3215,3.8104,3.8752,1
2457512.890997,-5.7110,24.4751,4.1258,4.3215,3.8104,3.8752,1
2457514.719757,-12.5073,17.7325,4.1258,4.3215,3.8104,3.8752,1
2457516.661307,-10.9471,26.7142,4.1258,4.3215,3.8104,3.8752,1
2457516.681597,-11.3583,16.8875,4.1258,4.3215,3.8104,3.8752,1
2457517.736657,-12.7992,18.7105,4.1258,4.3215,3.8104,3.8752,1
2457520.772047,-8.6484,26.3826,4.1258,4.3215,3.8104,3.8752,1
2457520.862677,-8.4298,24.1246,4.1258,4.3215,3.8104,3.8752,1
2457520.885107,-4.8462,18.6520,4.1258,4.3215,3.8104,3.8752,1
2457522.688927,-15.2986,18.4439,4.1258,4.3215,3.8104,3.8752,1
2457522.741927,-5.7129,24.5179,4.1258,4.3215,3.8104,3.8752,1
2457522.759377,-15.3634,13.9013,4.1258,4.3215,3.8104,3.8752,1
2457522.776737,-8.9473,21.1580,4.1258,4.3215,3.8104,3.8752,1
2457522.818247,-5.6397,28.7023,4.1258,4.3215,3.8104,3.8752,1
2457523.736217,-10.2565,20.3897,4.1258,4.3215,3.8104,3.8752,1
2457523.753897,-4.9060,21.3315,4.1258,4.3215,3.8104,3.8752,1
2457523.794097,-15.0858,17.4931,4.1258,4.3215,3.8104,3.8752,1
2457523.828717,-6.8517,18.1474,4.1258,4.3215,3.8104,3.8752,1
2457523.845997,-17.4276,17.0720,4.1258,4.3215,3.8104,3.8752,1
2457523.865667,-11.1078,15.8793,4.1258,4.3215,3.8104,3.8752,1
2457523.868977,-14.0406,21.6579,4.1258,4.3215,3.8104,3.8752,1
2457523.889747,-3.4140,14.6820,4.1258,4.3215,3.8104,3.8752,1
2457524.898237,-17.0123,18.1218,4.1258,4.3215,3.8104,3.8752,1
2457526.645527,-17.1678,19.9267,4.1258,4.3215,3.8104,3.8752,1
2457526.697527,-9.8269,21.0583,4.1258,4.3215,3.8104,3.8752,1
2457526.715227,-18.8154,17.4961,4.1258,4.3215,3.8104,3.8752,1
2457526.733697,-7.2857,18.1902,4.1258,4.3215,3.8104,3.8752,1
2457526.860327,-8.3660,24.3836,4.1258,4.3215,3.8104,3.8752,1
2457526.887237,-8.7192,25.6010,4.1258,4.3215,3.8104,3.8752,1
2457528.737227,-12.0807,26.4094,4.1258,4.3215,3.8104,3.8752,1
2457528.921697,-10.7504,19.2488,4.1258,4.3215,3.8104,3.8752,1
2457528.939807,-4.1792,27.3695,4.1258,4.3215,3.8104,3.8752,1
2457530.642917,-11.7414,29.0671,4.1258,4.3215,3.8104,3.8752,1
2457530.660647,-7.9386,20.4962,4.1258,4.3215,3.8104,3.8752,1
2457530.705797,-13.0781,25.8235,4.1258,4.3215,3.8104,3.8752,1
2457530.726057,-6.9868,18.7553,4.1258,4.3215,3.8104,3.8752,1
2457530.745157,-7.0097,21.0257,4.1258,4.3215,3.8104,3.8752,1
2457530.765697,-6.0105,21.9220,4.1258,4.3215,3.8104,3.8752,1
2457530.873117,-2.3533,29.8343,4.1258,4.3215,3.8104,3.8752,1
2457530.890807,-11.2300,28.5233,4.1258,4.3215,3.8104,3.8752,1
2457534.653797,-10.9691,22.1632,4.1258,4.3215,3.8104,3.8752,1
2457534.671097,-4.9849,18.9173,4.1258,4.3215,3.8104,3.8752,1
2457534.707007,-12.4506,22.8530,4.1258,4.3215,3.8104,3.8752,1
2457534.725587,-12.3176,15.6215,4.1258,4.3215,3.8104,3.8752,1
2457534.755747,-14.5589,26.2037,4.1258,4.3215,3.8104,3.8752,1
2457534.780777,-6.8841,23.5080,4.1258,4.3215,3.8104,3.8752,1
2457534.820827,-6.0799,19.0527,4.1258,4.3215,3.8104,3.8752,1
2457534.838157,-11.8178,25.6728,4.1258,4.3215,3.8104,3.8752,1
2457534.856717,-12.7815,25.0794,4.1258,4.3215,3.8104,3.8752,1
2457534.903917,-8.7816,18.3851,4.1258,4.3215,3.8104,3.8752,1
2457536.635397,-5.0378,21.0258,4.1258,4.3215,3.8104,3.8752,1
2457536.655837,-7.4104,25.3076,4.1258,4.3215,3.8104,3.8752,1
2457536.673257,-3.3216,23.5195,4.1258,4.3215,3.8104,3.8752,1
2457536.696147,-8.4675,25.2928,4.1258,4.3215,3.8104,3.8752,1
2457536.765387,-8.5824,21.9062,4.1258,4.3215,3.8104,3.8752,1
2457536.783447,-10.0932,21.4621,4.1258,4.3215,3.8104,3.8752,1
2457536.800897,-16.8941,20.5822,4.1258,4.3215,3.8104,3.8752,1
2457536.818127,-7.9934,23.0199,4.1258,4.3215,3.8104,3.8752,1
2457536.835237,-14.2368,14.7394,4.1258,4.3215,3.8104,3.8752,1
2457536.864117,-14.2695,23.3310,4.1258,4.3215,3.8104,3.8752,1
2457536.881317,-7.9187,24.7768,4.1258,4.3215,3.8104,3.8752,1
2457536.884327,-6.1248,23.0280,4.1258,4.3215,3.8104,3.8752,1
2457536.900037,-1.9002,17.6160,4.1258,4.3215,3.8104,3.8752,1
2457536.917987,-10.8424,20.2861,4.1258,4.3215,3.8104,3.8752,1
2457545.726377,-11.2676,23.3948,4.1258,4.3215,3.8104,3.8752,1
2457545.729807,-5.5120,21.3035,4.1258,4.3215,3.8104,3.8752,1
2457546.751857,-12.0858,18.1991,4.1258,4.3215,3.8104,3.8752,1
2457546.786737,-14.3555,23.4745,4.1258,4.3215,3.8104,3.8752,1
2457546.828647,-10.9108,16.2797,4.1258,4.3215,3.8104,3.8752,1
2457546.849327,-11.0121,22.8819,4.1258,4.3215,3.8104,3.8752,1
2457546.871727,-10.9017,16.0001,4.1258,4.3215,3.8104,3.8752,1
2457547.654017,-15.3410,24.9992,4.1258,4.3215,3.8104,3.8752,1
2457547.671477,-8.6181,22.3084,4.1258,4.3215,3.8104,3.8752,1
2457547.689087,-8.4667,19.4746,4.1258,4.3215,3.8104,3.8752,1
2457547.850927,-15.5580,21.2277,4.1258,4.3215,3.8104,3.8752,1
2457548.621167,-14.8363,25.1215,4.1258,4.3215,3.8104,3.8752,1
2457548.639077,-6.9709,23.8248,4.1258,4.3215,3.8104,3.8752,1
2457548.657177,-3.9045,15.8033,4.1258,4.3215,3.8104,3.8752,1
2457548.687457,-3.5595,24.3797,4.1258,4.3215,3.8104,3.8752,1
2457548.713074,-7.2586,18.9764,4.1258,4.3215,3.8104,3.8752,1
2457548.753134,-13.1743,16.2806,4.1258,4.3215,3.8104,3.8752,1
2457548.771564,-8.5699,15.7037,4.1258,4.3215,3.8104,3.8752,1
2457548.801247,-6.4731,19.3371,4.1258,4.3215,3.8104,3.8752,1
2457548.836257,-6.3574,25.3864,4.1258,4.3215,3.8104,3.8752,1
2457549.688417,-9.4931,20.0921,4.1258,4.3215,3.8104,3.8752,1
2457549.708577,-3.9463,15.1680,4.1258,4.3215,3.8104,3.8752,1
2457549.726477,-11.9410,20.3980,4.1258,4.3215,3.8104,3.8752,1
2457549.745097,-10.8999,18.7468,4.1258,4.3215,3.8104,3.8752,1
2457549.763287,-8.4516,27.2181,4.1258,4.3215,3.8104,3.8752,1
2457549.810437,-8.6588,24.1373,4.1258,4.3215,3.8104,3.8752,1
2457549.847337,-2.5843,23.9474,4.1258,4.3215,3.8104,3.8752,1
2457549.864427,-11.8336,24.7617,4.1258,4.3215,3.8104,3.8752,1
2457550.559677,-8.8188,14.4584,4.1258,4.3215,3.8104,3.8752,1
2457550.613767,-8.6610,28.5998,4.1258,4.3215,3.8104,3.8752,1
2457550.659197,-14.7962,13.8370,4.1258,4.3215,3.8104,3.8752,1
2457550.784697,-9.3380,23.2279,4.1258,4.3215,3.8104,3.8752,1
2457550.802867,-10.5494,19.3171,4.1258,4.3215,3.8104,3.8752,1
2457550.849127,-16.4588,27.4909,4.1258,4.3215,3.8104,3.8752,1
2457550.868027,-4.4254,17.0266,4.1258,4.3215,3.8104,3.8752,1
2457551.732337,-8.2060,17.6778,4.1258,4.3215,3.8104,3.8752,1
2457551.767247,-10.8199,17.3799,4.1258,4.3215,3.8104,3.8752,1
2457551.797417,-3.1870,16.6823,4.1258,4.3215,3.8104,3.8752,1
2457554.583527,-11.5772,24.4921,4.1258,4.3215,3.8104,3.8752,1
2457554.602757,-8.2711,18.1170,4.1258,4.3215,3.8104,3.8752,1
2457554.620357,-7.0099,20.5509,4.1258,4.3215,3.8104,3.8752,1
2457554.648267,-8.7058,21.5119,4.1258,4.3215,3.8104,3.8752,1
2457554.778467,-13.7289,17.6790,4.1258,4.3215,3.8104,3.8752,1
2457554.813477,-8.0646,23.5373,4.1258,4.3215,3.8104,3.8752,1
2457555.550117,-3.2427,21.9098,4.1258,4.3215,3.8104,3.8752,1
2457555.576167,-2.0632,20.3357,4.1258,4.3215,3.8104,3.8752,1
2457555.595877,-15.9633,22.6683,4.1258,4.3215,3.8104,3.8752,1
2457555.613337,-13.8544,18.5379,4.1258,4.3215,3.8104,3.8752,1
2457555.644797,-3.5377,21.5762,4.1258,4.3215,3.8104,3.8752,1
2457555.665007,-4.9440,15.2163,4.1258,4.3215,3.8104,3.8752,1
2457555.686647,-6.2361,22.9016,4.1258,4.3215,3.8104,3.8752,1
2457555.753667,-10.6558,27.0540,4.1258,4.3215,3.8104,3.8752,1
2457555.774597,-8.3817,20.8535,4.1258,4.3215,3.8104,3.8752,1
2457555.799837,-6.1223,15.5760,4.1258,4.3215,3.8104,3.8752,1
2457555.817267,-12.3866,20.8450,4.1258,4.3215,3.8104,3.8752,1
2457555.834377,-4.0793,16.2951,4.1258,4.3215,3.8104,3.8752,1
2457555.871347,-7.1279,21.9213,4.1258,4.3215,3.8104,3.8752,1
2457557.540327,-14.0010,14.7507,4.1258,4.3215,3.8104,3.8752,1
2457557.587227,-2.3229,20.3080,4.1258,4.3215,3.8104,3.8752,1
2457557.622317,-14.7814,21.5651,4.1258,4.3215,3.8104,3.8752,1
2457557.639807,-7.0891,28.0003,4.1258,4.3215,3.8104,3.8752,1
2457557.658397,-9.4375,14.2551,4.1258,4.3215,3.8104,3.8752,1
2457557.687217,-9.8103,18.5988,4.1258,4.3215,3.8104,3.8752,1
2457557.708047,-9.8790,19.0196,4.1258,4.3215,3.8104,3.8752,1
2457557.744507,-14.6577,21.7915,4.1258,4.3215,3.8104,3.8752,1
2457557.761977,-11.4624,25.5021,4.1258,4.3215,3.8104,3.8752,1
2457557.790797,-6.7400,17.0366,4.1258,4.3215,3.8104,3.8752,1
2457557.810147,-8.3036,22.8297,4.1258,4.3215,3.8104,3.8752,1
2457557.867767,-7.9827,24.8677,4.1258,4.3215,3.8104,3.8752,1
2457558.680557,-8.1715,21.3577,4.1258,4.3215,3.8104,3.8752,1
2457561.536257,-8.9781,20.2453,4.1258,4.3215,3.8104,3.8752,1
2457561.603127,-1.4546,17.7117,4.1258,4.3215,3.8104,3.8752,1
2457561.691087,-11.3465,17.9815,4.1258,4.3215,3.8104,3.8752,1
2457561.711667,-9.3891,18.5948,4.1258,4.3215,3.8104,3.8752,1
2457561.745987,-12.7629,16.7878,4.1258,4.3215,3.8104,3.8752,1
2457561.794647,-8.6731,27.4436,4.1258,4.3215,3.8104,3.8752,1
2457562.569017,-14.8448,19.3088,4.1258,4.3215,3.8104,3.8752,1
2457562.585047,-7.0080,27.7878,4.1258,4.3215,3.8104,3.8752,1
2457566.626237,-12.0758,20.1098,4.1258,4.3215,3.8104,3.8752,1
2457566.714237,-13.3663,21.7115,4.1258,4.3215,3.8104,3.8752,1
2457566.737417,-14.6549,17.0629,4.1258,4.3215,3.8104,3.8752,1
2457567.516327,-4.9498,20.6150,4.1258,4.3215,3.8104,3.8752,1
2457567.605387,-13.7504,23.7856,4.1258,4.3215,3.8104,3.8752,1
2457567.627297,-5.1406,17.6715,4.1258,4.3215,3.8104,3.8752,1
2457567.664767,-14.5563,26.2291,4.1258,4.3215,3.8104,3.8752,1
2457567.696347,-9.5299,22.5852,4.1258,4.3215,3.8104,3.8752,1
2457567.713597,-9.3357,27.2552,4.1258,4.3215,3.8104,3.8752,1
2457567.731487,-14.3883,20.7406,4.1258,4.3215,3.8104,3.8752,1
2457567.751117,-3.8311,23.7622,4.1258,4.3215,3.8104,3.8752,1
2457567.817827,-7.4105,19.7627,4.1258,4.3215,3.8104,3.8752,1
2457568.585437,-6.8005,27.3553,4.1258,4.3215,3.8104,3.8752,1
2457568.605677,-10.0725,19.5546,4.1258,4.3215,3.8104,3.8752,1
2457568.623217,-7.2235,27.2340,4.1258,4.3215,3.8104,3.8752,1
2457568.640397,-7.5947,19.0682,4.1258,4.3215,3.8104,3.8752,1
2457568.709837,-13.0187,22.8479,4.1258,4.3215,3.8104,3.8752,1
2457568.745807,-14.7296,16.4239,4.1258,4.3215,3.8104,3.8752,1
2457568.766907,-10.8793,23.2776,4.1258,4.3215,3.8104,3.8752,1
2457569.522697,-3.1300,18.2377,4.1258,4.3215,3.8104,3.8752,1
2457569.545017,-1.8754,23.1968,4.1258,4.3215,3.8104,3.8752,1
2457569.572597,-8.2007,20.1319,4.1258,4.3215,3.8104,3.8752,1
2457569.602157,-12.5863,18.6724,4.1258,4.3215,3.8104,3.8752,1
2457569.621177,-10.9610,20.4177,4.1258,4.3215,3.8104,3.8752,1
2457569.638947,-13.9794,20.3334,4.1258,4.3215,3.8104,3.8752,1
2457569.657727,-15.1386,18.5159,4.1258,4.3215,3.8104,3.8752,1
2457569.676237,-11.0962,17.4950,4.1258,4.3215,3.8104,3.8752,1
2457569.704737,-3.3967,26.5432,4.1258,4.3215,3.8104,3.8752,1
2457569.722477,-11.5730,19.4186,4.1258,4.3215,3.8104,3.8752,1
2457569.758157,-3.7180,15.2613,4.1258,4.3215,3.8104,3.8752,1
2457569.776827,-2.7211,18.8266,4.1258,4.3215,3.8104,3.8752,1
2457570.720167,-9.4761,15.5884,4.1258,4.3215,3.8104,3.8752,1
2457570.748317,-10.3921,13.8086,4.1258,4.3215,3.8104,3.8752,1
2457575.549657,-8.8451,20.9429,4.1258,4.3215,3.8104,3.8752,1
2457575.567067,-10.2740,29.3403,4.1258,4.3215,3.8104,3.8752,1
2457575.584627,-6.7563,14.1564,4.1258,4.3215,3.8104,3.8752,1
2457575.602257,-4.9296,21.0498,4.1258,4.3215,3.8104,3.8752,1
2457575.692347,-2.2480,27.1209,4.1258,4.3215,3.8104,3.8752,1
2457575.715387,-7.0697,23.7674,4.1258,4.3215,3.8104,3.8752,1
2457575.784917,-6.7241,17.4186,4.1258,4.3215,3.8104,3.8752,1
2457576.562767,0.0344,14.9576,4.1258,4.3215,3.8104,3.8752,1
2457576.580767,-6.3400,24.3257,4.1258,4.3215,3.8104,3.8752,1
2457576.654037,-15.1439,24.6024,4.1258,4.3215,3.8104,3.8752,1
2457576.720667,-1.8260,14.1827,4.1258,4.3215,3.8104,3.8752,1
2457576.816677,-10.2010,10.8082,4.1258,4.3215,3.8104,3.8752,1
2457584.689697,-1.6049,20.1282,4.1258,4.3215,3.8104,3.8752,1
2457584.744717,-5.4680,20.4830,4.1258,4.3215,3.8104,3.8752,1
2457585.555057,-8.0948,20.2839,4.1258,4.3215,3.8104,3.8752,1
2457585.574077,-16.1866,11.6283,4.1258,4.3215,3.8104,3.8752,1
2457585.626227,-10.3230,18.6849,4.1258,4.3215,3.8104,3.8752,1
2457585.646827,-14.9597,19.3317,4.1258,4.3215,3.8104,3.8752,1
2457585.664877,-17.2129,23.4485,4.1258,4.3215,3.8104,3.8752,1
2457585.719847,-7.7812,25.2412,4.1258,4.3215,3.8104,3.8752,1
2457589.648957,-8.4497,28.1547,4.1258,4.3215,3.8104,3.8752,1
2457589.769717,-0.9992,13.8550,4.1258,4.3215,3.8104,3.8752,1
2457590.476477,-7.1086,15.5638,4.1258,4.3215,3.8104,3.8752,1
2457590.494457,-14.5728,27.3957,4.1258,4.3215,3.8104,3.8752,1
2457590.522837,-12.7777,21.9694,4.1258,4.3215,3.8104,3.8752,1
2457590.553137,-6.8484,22.9389,4.1258,4.3215,3.8104,3.8752,1
2457590.570957,-6.2893,15.3828,4.1258,4.3215,3.8104,3.8752,1
2457590.588837,-7.5506,18.8929,4.1258,4.3215,3.8104,3.8752,1
2457590.608867,-5.6809,20.2450,4.1258,4.3215,3.8104,3.8752,1
2457590.628357,-3.2017,13.5086,4.1258,4.3215,3.8104,3.8752,1
2457590.674687,-10.3601,19.9954,4.1258,4.3215,3.8104,3.8752,1
2457590.692057,-14.8697,17.5488,4.1258,4.3215,3.8104,3.8752,1
2457590.732127,-10.4107,14.9279,4.1258,4.3215,3.8104,3.8752,1
2457590.761147,-15.6191,27.7836,4.1258,4.3215,3.8104,3.8752,1
2457591.502077,-11.3238,17.6269,4.1258,4.3215,3.8104,3.8752,1
2457591.521147,-9.7623,26.3625,4.1258,4.3215,3.8104,3.8752,1
2457591.538557,-13.9495,16.9392,4.1258,4.3215,3.8104,3.8752,1
2457591.556097,-3.0410,24.1592,4.1258,4.3215,3.8104,3.8752,1
2457591.585357,-11.2678,19.8722,4.1258,4.3215,3.8104,3.8752,1
2457591.603167,-7.2335,17.7991,4.1258,4.3215,3.8104,3.8752,1
2457591.622117,-7.8491,24.3769,4.1258,4.3215,3.8104,3.8752,1
2457591.648637,-7.6320,23.7377,4.1258,4.3215,3.8104,3.8752,1
2457591.666267,-15.6942,25.7699,4.1258,4.3215,3.8104,3.8752,1
2457591.683787,-6.4519,21.3667,4.1258,4.3215,3.8104,3.8752,1
2457593.532527,-9.9522,26.5993,4.1258,4.3215,3.8104,3.8752,1
2457593.550577,-4.5141,22.2886,4.1258,4.3215,3.8104,3.8752,1
2457593.587207,-8.7755,27.0393,4.1258,4.3215,3.8104,3.8752,1
2457593.671527,-10.3632,14.3780,4.1258,4.3215,3.8104,3.8752,1
2457593.689027,-8.6119,27.9417,4.1258,4.3215,3.8104,3.8752,1
2457595.729997,-11.0136,26.3272,4.1258,4.3215,3.8104,3.8752,1
2457596.512177,-9.7670,26.7953,4.1258,4.3215,3.8104,3.8752,1
2457596.529837,-4.7846,21.0258,4.1258,4.3215,3.8104,3.8752,1
2457597.518657,-9.2134,18.9376,4.1258,4.3215,3.8104,3.8752,1
2457597.536157,-9.3270,16.4814,4.1258,4.3215,3.8104,3.8752,1
2457597.554207,-4.7556,20.0070,4.1258,4.3215,3.8104,3.8752,1
2457597.602597,-9.2265,16.0502,4.1258,4.3215,3.8104,3.8752,1
2457597.637217,-14.9355,22.9617,4.1258,4.3215,3.8104,3.8752,1
2457597.694667,-7.8868,14.7746,4.1258,4.3215,3.8104,3.8752,1
2457598.493147,-3.0847,17.3965,4.1258,4.3215,3.8104,3.8752,1
2457598.510187,-13.6463,27.9915,4.1258,4.3215,3.8104,3.8752,1
2457598.527917,-6.5644,19.4414,4.1258,4.3215,3.8104,3.8752,1
2457598.558467,-12.5497,18.6179,4.1258,4.3215,3.8104,3.8752,1
2457598.616557,-8.8642,18.9581,4.1258,4.3215,3.8104,3.8752,1
2457598.667327,-14.0748,22.7069,4.1258,4.3215,3.8104,3.8752,1
2457599.494707,-12.3287,12.9525,4.1258,4.3215,3.8104,3.8752,1
2457599.513467,-5.7961,21.8326,4.1258,4.3215,3.8104,3.8752,1
2457599.532127,-8.7160,17.2179,4.1258,4.3215,3.8104,3.8752,1
2457599.566717,-10.7397,23.2392,4.1258,4.3215,3.8104,3.8752,1
2457599.587037,-6.3821,18.9151,4.1258,4.3215,3.8104,3.8752,1
2457599.637627,-12.9103,20.5666,4.1258,4.3215,3.8104,3.8752,1
2457599.655127,-6.7664,20.4869,4.1258,4.3215,3.8104,3.8752,1
2457599.675847,-11.0847,26.4535,4.1258,4.3215,3.8104,3.8752,1
2457599.724007,-14.1864,26.9744,4.1258,4.3215,3.8104,3.8752,1
2457599.743047,-1.9307,20.9911,4.1258,4.3215,3.8104,3.8752,1
2457600.481037,-14.3653,16.3339,4.1258,4.3215,3.8104,3.8752,1
2457600.518087,-16.1231,18.2465,4.1258,4.3215,3.8104,3.8752,1
2457600.566817,-11.6948,19.1546,4.1258,4.3215,3.8104,3.8752,1
2457600.589737,-16.8149,13.2606,4.1258,4.3215,3.8104,3.8752,1
2457600.608697,-13.0526,19.9899,4.1258,4.3215,3.8104,3.8752,1
2457600.613447,-15.4456,22.7185,4.1258,4.3215,3.8104,3.8752,1
2457600.632907,-8.1591,16.2397,4.1258,4.3215,3.8104,3.8752,1
2457600.650557,-9.7539,22.8609,4.1258,4.3215,3.8104,3.8752,1
2457600.682367,-12.9398,20.6835,4.1258,4.3215,3.8104,3.8752,1
2457600.715507,-7.9511,15.3118,4.1258,4.3215,3.8104,3.8752,1
2457601.501867,-8.1360,20.5334,4.1258,4.3215,3.8104,3.8752,1
2457601.519707,-5.0693,15.0779,4.1258,4.3215,3.8104,3.8752,1
2457601.537277,-4.6584,21.9843,4.1258,4.3215,3.8104,3.8752,1
2457601.575417,-9.6629,21.2370,4.1258,4.3215,3.8104,3.8752,1
2457601.629967,-11.8710,17.2045,4.1258,4.3215,3.8104,3.8752,1
2457602.489867,-11.6778,17.5346,4.1258,4.3215,3.8104,3.8752,1
2457602.518377,-12.7071,15.9135,4.1258,4.3215,3.8104,3.8752,1
2457602.571557,-7.6630,15.2790,4.1258,4.3215,3.8104,3.8752,1
2457602.594597,-10.4821,22.4242,4.1258,4.3215,3.8104,3.8752,1
2457602.641777,-9.2612,25.0711,4.1258,4.3215,3.8104,3.8752,1
2457602.659177,-11.5754,21.8010,4.1258,4.3215,3.8104,3.8752,1
2457602.667987,-5.1658,19.5171,4.1258,4.3215,3.8104,3.8752,1
2457603.492267,-4.7042,23.8122,4.1258,4.3215,3.8104,3.8752,1
2457603.509997,-10.2280,20.0354,4.1258,4.3215,3.8104,3.8752,1
2457603.527687,-11.4969,27.5324,4.1258,4.3215,3.8104,3.8752,1
2457603.545457,-13.4392,19.1512,4.1258,4.3215,3.8104,3.8752,1
2457603.562977,-6.9523,19.0611,4.1258,4.3215,3.8104,3.8752,1
2457603.593017,-6.6269,20.9012,4.1258,4.3215,3.8104,3.8752,1
2457603.610637,-10.6583,21.6334,4.1258,4.3215,3.8104,3.8752,1
2457603.663787,-12.3166,15.7061,4.1258,4.3215,3.8104,3.8752,1
2457603.693477,-8.7589,14.1625,4.1258,4.3215,3.8104,3.8752,1
2457603.711037,-14.2335,20.3099,4.1258,4.3215,3.8104,3.8752,1
2457603.728497,-14.7702,18.8253,4.1258,4.3215,3.8104,3.8752,1
2457605.500897,-7.0965,19.0863,4.1258,4.3215,3.8104,3.8752,1
2457605.518337,-11.0366,16.2099,4.1258,4.3215,3.8104,3.8752,1
2457605.535737,-10.2450,18.2355,4.1258,4.3215,3.8104,3.8752,1
2457605.585457,-7.1252,20.3726,4.1258,4.3215,3.8104,3.8752,1
2457605.657697,-10.4588,21.4621,4.1258,4.3215,3.8104,3.8752,1
2457605.675497,-4.7845,16.9080,4.1258,4.3215,3.8104,3.8752,1
2457605.703967,-14.8341,23.5839,4.1258,4.3215,3.8104,3.8752,1
2457605.721477,-5.7609,23.0397,4.1258,4.3215,3.8104,3.8752,1
2457605.733287,-15.8393,18.8129,4.1258,4.3215,3.8104,3.8752,1
2457606.474817,-10.1779,16.2130,4.1258,4.3215,3.8104,3.8752,1
2457606.492247,-16.1842,22.2505,4.1258,4.3215,3.8104,3.8752,1
2457606.510087,-10.8786,27.7088,4.1258,4.3215,3.8104,3.8752,1
2457606.539907,-15.7491,27.7321,4.1258,4.3215,3.8104,3.8752,1
2457606.603977,-12.0413,23.4191,4.1258,4.3215,3.8104,3.8752,1
2457606.654117,-15.3854,24.1404,4.1258,4.3215,3.8104,3.8752,1
2457606.672157,-13.3663,28.5229,4.1258,4.3215,3.8104,3.8752,1
2457606.724727,-15.1305,15.2255,4.1258,4.3215,3.8104,3.8752,1
2457607.485237,-6.7182,24.9939,4.1258,4.3215,3.8104,3.8752,1
2457607.504647,-13.7391,20.8384,4.1258,4.3215,3.8104,3.8752,1
2457607.522247,-7.7912,18.2896,4.1258,4.3215,3.8104,3.8752,1
2457607.539917,-6.9899,19.0803,4.1258,4.3215,3.8104,3.8752,1
2457607.566027,-9.2335,20.3293,4.1258,4.3215,3.8104,3.8752,1
2457607.585427,-13.3182,17.5712,4.1258,4.3215,3.8104,3.8752,1
2457607.614387,-8.5522,15.8050,4.1258,4.3215,3.8104,3.8752,1
2457607.632707,-15.1056,24.0994,4.1258,4.3215,3.8104,3.8752,1
2457607.651357,-3.8139,25.9884,4.1258,4.3215,3.8104,3.8752,1
2457607.686637,-2.0784,26.8169,4.1258,4.3215,3.8104,3.8752,1
2457607.715297,-2.3242,26.8244,4.1258,4.3215,3.8104,3.8752,1
2457608.474357,-1.9860,25.9233,4.1258,4.3215,3.8104,3.8752,1
2457608.493857,-5.7607,20.7948,4.1258,4.3215,3.8104,3.8752,1
2457608.511937,-4.5989,17.4325,4.1258,4.3215,3.8104,3.8752,1
2457608.529687,-12.8331,17.5962,4.1258,4.3215,3.8104,3.8752,1
2457608.563397,-13.9141,22.4142,4.1258,4.3215,3.8104,3.8752,1
2457608.584127,-9.3386,14.6255,4.1258,4.3215,3.8104,3.8752,1
2457608.603937,-8.1087,17.7022,4.1258,4.3215,3.8104,3.8752,1
2457608.622857,-14.0645,17.2873,4.1258,4.3215,3.8104,3.8752,1
2457608.670597,-12.5194,19.2132,4.1258,4.3215,3.8104,3.8752,1
2457608.702467,-10.3663,27.1204,4.1258,4.3215,3.8104,3.8752,1
2457609.493677,-15.1323,23.3844,4.1258,4.3215,3.8104,3.8752,1
2457609.515007,-13.4813,24.7684,4.1258,4.3215,3.8104,3.8752,1
2457609.550027,-10.7837,28.4036,4.1258,4.3215,3.8104,3.8752,1
2457609.575607,-10.4093,20.9754,4.1258,4.3215,3.8104,3.8752,1
2457609.610887,-7.8816,20.5872,4.1258,4.3215,3.8104,3.8752,1
2457609.633927,-7.0092,17.5690,4.1258,4.3215,3.8104,3.8752,1
2457609.665237,-13.9487,17.4524,4.1258,4.3215,3.8104,3.8752,1
2457609.700747,-7.1467,28.3665,4.1258,4.3215,3.8104,3.8752,1
2457609.704107,-9.9928,18.4803,4.1258,4.3215,3.8104,3.8752,1
2457610.526837,-11.5431,22.7848,4.1258,4.3215,3.8104,3.8752,1
2457610.544897,-15.6141,17.3251,4.1258,4.3215,3.8104,3.8752,1
2457610.568707,-10.2134,12.2314,4.1258,4.3215,3.8104,3.8752,1
2457610.595857,-6.7848,14.5017,4.1258,4.3215,3.8104,3.8752,1
2457610.647037,-12.6640,21.6947,4.1258,4.3215,3.8104,3.8752,1
2457610.664637,-11.8107,27.2561,4.1258,4.3215,3.8104,3.8752,1
2457610.717867,-5.5242,14.7632,4.1258,4.3215,3.8104,3.8752,1
2457611.589547,-7.9162,20.3761,4.1258,4.3215,3.8104,3.8752,1
2457611.608327,-3.3111,18.8843,4.1258,4.3215,3.8104,3.8752,1
2457611.626967,-8.1973,25.1249,4.1258,4.3215,3.8104,3.8752,1
2457611.644567,-4.4320,22.9985,4.1258,4.3215,3.8104,3.8752,1
2457612.478407,-15.5975,22.0531,4.1258,4.3215,3.8104,3.8752,1
2457612.524457,-7.5047,15.5865,4.1258,4.3215,3.8104,3.8752,1
2457612.542497,-7.5373,23.3362,4.1258,4.3215,3.8104,3.8752,1
2457612.562197,-8.2823,18.8359,4.1258,4.3215,3.8104,3.8752,1
2457612.581357,-7.9664,20.8515,4.1258,4.3215,3.8104,3.8752,1
2457612.619027,-6.1335,25.5446,4.1258,4.3215,3.8104,3.8752,1
2457612.647997,-11.1631,21.7466,4.1258,4.3215,3.8104,3.8752,1
2457612.666017,-14.4487,19.1978,4.1258,4.3215,3.8104,3.8752,1
2457612.683317,-8.6165,18.3452,4.1258,4.3215,3.8104,3.8752,1
2457613.469287,-7.0849,19.7878,4.1258,4.3215,3.8104,3.8752,1
2457613.497857,-6.6350,17.5345,4.1258,4.3215,3.8104,3.8752,1
2457613.519037,-7.8849,22.4913,4.1258,4.3215,3.8104,3.8752,1
2457613.540837,-14.8307,14.6229,4.1258,4.3215,3.8104,3.8752,1
2457613.578657,-8.2458,20.8527,4.1258,4.3215,3.8104,3.8752,1
2457613.608677,-9.9419,19.8988,4.1258,4.3215,3.8104,3.8752,1
2457613.661787,-5.2610,26.5697,4.1258,4.3215,3.8104,3.8752,1
2457616.530447,-11.6067,13.7567,4.1258,4.3215,3.8104,3.8752,1
2457616.559327,-9.7396,20.5502,4.1258,4.3215,3.8104,3.8752,1
2457616.605317,-11.8152,26.8378,4.1258,4.3215,3.8104,3.8752,1
2457616.623047,-6.2101,27.2487,4.1258,4.3215,3.8104,3.8752,1
2457616.640377,-6.0105,21.9170,4.1258,4.3215,3.8104,3.8752,1
2457616.671277,-4.3993,20.9759,4.1258,4.3215,3.8104,3.8752,1
2457616.688787,-12.1813,14.8248,4.1258,4.3215,3.8104,3.8752,1
2457616.700537,-11.2629,25.9198,4.1258,4.3215,3.8104,3.8752,1
2457617.547917,-9.1051,12.6962,4.1258,4.3215,3.8104,3.8752,1
2457617.565637,-9.2950,17.1874,4.1258,4.3215,3.8104,3.8752,1
2457617.602147,-12.9341,18.9449,4.1258,4.3215,3.8104,3.8752,1
2457617.620347,-10.3651,17.1608,4.1258,4.3215,3.8104,3.8752,1
2457617.652107,-8.4740,18.6757,4.1258,4.3215,3.8104,3.8752,1
2457617.682137,-10.1859,19.8515,4.1258,4.3215,3.8104,3.8752,1
2457617.699927,-10.6105,26.7612,4.1258,4.3215,3.8104,3.8752,1
2457618.479857,-6.4995,18.9207,4.1258,4.3215,3.8104,3.8752,1
2457618.497597,-10.8274,22.9345,4.1258,4.3215,3.8104,3.8752,1
2457618.533947,-11.0185,16.3459,4.1258,4.3215,3.8104,3.8752,1
2457618.563737,-6.2050,23.8686,4.1258,4.3215,3.8104,3.8752,1
2457618.581487,-6.7242,18.2959,4.1258,4.3215,3.8104,3.8752,1
2457618.599067,-7.4450,17.2603,4.1258,4.3215,3.8104,3.8752,1
2457618.616537,-9.5630,21.9605,4.1258,4.3215,3.8104,3.8752,1
2457618.634157,-13.9329,21.6717,4.1258,4.3215,3.8104,3.8752,1
2457618.663797,-17.4659,21.1229,4.1258,4.3215,3.8104,3.8752,1
2457618.681387,-6.3205,26.2242,4.1258,4.3215,3.8104,3.8752,1
2457618.694717,-5.0788,26.6391,4.1258,4.3215,3.8104,3.8752,1
2457619.470747,-2.8496,21.7721,4.1258,4.3215,3.8104,3.8752,1
2457619.472207,-5.5863,18.5629,4.1258,4.3215,3.8104,3.8752,1
2457619.490017,-14.5551,25.0689,4.1258,4.3215,3.8104,3.8752,1
2457619.542417,-16.3277,22.7264,4.1258,4.3215,3.8104,3.8752,1
2457621.594337,-2.5897,20.2445,4.1258,4.3215,3.8104,3.8752,1
2457621.612327,-7.9179,20.8650,4.1258,4.3215,3.8104,3.8752,1
2457621.680527,-7.7802,20.3511,4.1258,4.3215,3.8104,3.8752,1
2457622.469097,-9.0330,18.0117,4.1258,4.3215,3.8104,3.8752,1
2457622.487647,-10.7516,17.5659,4.1258,4.3215,3.8104,3.8752,1
2457622.506507,-8.1942,23.8941,4.1258,4.3215,3.8104,3.8752,1
2457622.541737,-8.9782,16.6640,4.1258,4.3215,3.8104,3.8752,1
2457622.612767,-5.5755,24.0720,4.1258,4.3215,3.8104,3.8752,1
2457622.641217,-8.0255,28.7617,4.1258,4.3215,3.8104,3.8752,1
2457622.658737,-16.6424,24.4070,4.1258,4.3215,3.8104,3.8752,1
2457622.682167,-11.5647,12.7628,4.1258,4.3215,3.8104,3.8752,1
2457623.481547,-6.6960,18.9156,4.1258,4.3215,3.8104,3.8752,1
2457623.501397,-8.5835,16.7434,4.1258,4.3215,3.8104,3.8752,1
2457623.502997,-4.6838,17.3412,4.1258,4.3215,3.8104,3.8752,1
2457623.533097,-9.5740,19.4502,4.1258,4.3215,3.8104,3.8752,1
2457623.551157,-7.4277,19.1712,4.1258,4.3215,3.8104,3.8752,1
2457623.569257,-11.9529,29.6094,4.1258,4.3215,3.8104,3.8752,1
2457623.605387,-12.9234,25.6033,4.1258,4.3215,3.8104,3.8752,1
2457624.500927,-14.7827,22.3845,4.1258,4.3215,3.8104,3.8752,1
2457624.519367,-6.8128,16.2839,4.1258,4.3215,3.8104,3.8752,1
2457624.573217,-4.8959,17.4807,4.1258,4.3215,3.8104,3.8752,1
2457624.609187,-6.5461,19.0905,4.1258,4.3215,3.8104,3.8752,1
2457625.520487,-8.8676,22.8890,4.1258,4.3215,3.8104,3.8752,1
2457625.572157,-7.9590,19.1850,4.1258,4.3215,3.8104,3.8752,1
2457625.590477,-14.7041,26.9172,4.1258,4.3215,3.8104,3.8752,1
2457625.608637,-7.8593,19.7411,4.1258,4.3215,3.8104,3.8752,1
2457625.626917,-7.6673,23.9631,4.1258,4.3215,3.8104,3.8752,1
2457625.673657,-5.5297,18.9871,4.1258,4.3215,3.8104,3.8752,1
2457626.481207,-11.6695,20.0361,4.1258,4.3215,3.8104,3.8752,1
2457626.498927,-7.5113,21.2867,4.1258,4.3215,3.8104,3.8752,1
2457626.517527,-7.6915,20.3726,4.1258,4.3215,3.8104,3.8752,1
2457626.535697,-1.1273,21.7357,4.1258,4.3215,3.8104,3.8752,1
2457626.565167,-11.3082,19.3116,4.1258,4.3215,3.8104,3.8752,1
2457626.609607,-11.1204,18.6318,4.1258,4.3215,3.8104,3.8752,1
2457626.630167,-11.1845,14.3639,4.1258,4.3215,3.8104,3.8752,1
2457626.648327,-13.0398,21.3676,4.1258,4.3215,3.8104,3.8752,1
2457626.672587,-15.1627,14.2819,4.1258,4.3215,3.8104,3.8752,1
2457629.506257,-10.3439,15.3914,4.1258,4.3215,3.8104,3.8752,1
2457629.546517,-3.5796,19.5301,4.1258,4.3215,3.8104,3.8752,1
2457629.614777,-15.0292,21.8937,4.1258,4.3215,3.8104,3.8752,1
2457630.477747,-5.2839,26.2874,4.1258,4.3215,3.8104,3.8752,1
2457630.525197,-9.5938,15.2154,4.1258,4.3215,3.8104,3.8752,1
2457630.544887,-19.3331,23.9691,4.1258,4.3215,3.8104,3.8752,1
2457630.586857,-11.3341,14.9455,4.1258,4.3215,3.8104,3.8752,1
2457630.604907,-10.1768,12.5995,4.1258,4.3215,3.8104,3.8752,1
2457630.635797,-10.2718,19.8230,4.1258,4.3215,3.8104,3.8752,1
2457630.653947,-10.3689,13.6240,4.1258,4.3215,3.8104,3.8752,1
2457631.484747,-10.2333,20.3011,4.1258,4.3215,3.8104,3.8752,1
2457631.507177,-9.5796,23.2833,4.1258,4.3215,3.8104,3.8752,1
2457631.525107,-9.1490,21.0008,4.1258,4.3215,3.8104,3.8752,1
2457631.560417,-12.7016,21.0349,4.1258,4.3215,3.8104,3.8752,1
2457631.578277,-8.8592,23.2632,4.1258,4.3215,3.8104,3.8752,1
2457631.654477,-7.6577,16.8906,4.1258,4.3215,3.8104,3.8752,1
2457632.570437,-8.9779,21.0703,4.1258,4.3215,3.8104,3.8752,1
2457632.588157,-15.4005,23.7302,4.1258,4.3215,3.8104,3.8752,1
2457632.605587,-3.4884,18.7516,4.1258,4.3215,3.8104,3.8752,1
2457632.625187,-4.9040,14.6783,4.1258,4.3215,3.8104,3.8752,1
2457632.643387,-9.5743,14.2698,4.1258,4.3215,3.8104,3.8752,1
2457633.473157,-9.8675,25.5931,4.1258,4.3215,3.8104,3.8752,1
2457633.491537,-13.0869,21.0273,4.1258,4.3215,3.8104,3.8752,1
2457633.512717,-2.4018,11.1820,4.1258,4.3215,3.8104,3.8752,1
2457633.551187,-17.3206,13.0757,4.1258,4.3215,3.8104,3.8752,1
2457635.532517,-1.6109,15.4049,4.1258,4.3215,3.8104,3.8752,1
2457635.571767,-10.1754,27.7099,4.1258,4.3215,3.8104,3.8752,1
2457635.621087,-14.4243,26.2116,4.1258,4.3215,3.8104,3.8752,1
2457636.496097,-7.8218,20.6872,4.1258,4.3215,3.8104,3.8752,1
2457636.514907,-9.9044,26.6848,4.1258,4.3215,3.8104,3.8752,1
2457637.474487,-9.5482,26.0143,4.1258,4.3215,3.8104,3.8752,1
2457637.493757,-5.8976,17.3958,4.1258,4.3215,3.8104,3.8752,1
2457637.511467,-14.0211,19.1289,4.1258,4.3215,3.8104,3.8752,1
2457637.529147,-13.0577,18.0907,4.1258,4.3215,3.8104,3.8752,1
2457637.546897,-5.1609,20.7825,4.1258,4.3215,3.8104,3.8752,1
2457637.577347,-16.8327,23.2153,4.1258,4.3215,3.8104,3.8752,1
2457637.594707,-13.7134,23.9658,4.1258,4.3215,3.8104,3.8752,1
2457637.612337,-2.3900,18.6554,4.1258,4.3215,3.8104,3.8752,1
2457637.629977,-3.0372,10.5354,4.1258,4.3215,3.8104,3.8752,1
2457638.518797,-4.7062,10.3233,4.1258,4.3215,3.8104,3.8752,1
2457638.546897,-9.6116,23.8091,4.1258,4.3215,3.8104,3.8752,1
2457638.561447,-11.4508,17.7765,4.1258,4.3215,3.8104,3.8752,1
2457638.607947,-20.0275,29.3890,4.1258,4.3215,3.8104,3.8752,1
2457638.626787,-0.0357,16.5798,4.1258,4.3215,3.8104,3.8752,1
2457638.644327,-17.9576,18.7883,4.1258,4.3215,3.8104,3.8752,1
2457639.497517,-14.5440,18.7712,4.1258,4.3215,3.8104,3.8752,1
2457639.515307,-12.8588,15.6242,4.1258,4.3215,3.8104,3.8752,1
2457639.550987,-8.0112,20.2833,4.1258,4.3215,3.8104,3.8752,1
2457639.579417,-9.3352,18.4063,4.1258,4.3215,3.8104,3.8752,1
2457639.597187,-18.5461,24.8035,4.1258,4.3215,3.8104,3.8752,1
2457639.614787,-7.2406,20.2376,4.1258,4.3215,3.8104,3.8752,1
2457639.632137,-3.3959,19.6704,4.1258,4.3215,3.8104,3.8752,1
2457640.495857,-4.9791,18.4106,4.1258,4.3215,3.8104,3.8752,1
2457640.543687,-7.4828,22.8060,4.1258,4.3215,3.8104,3.8752,1
2457640.561347,-15.2021,15.0679,4.1258,4.3215,3.8104,3.8752,1
2457640.596727,-11.2780,17.7815,4.1258,4.3215,3.8104,3.8752,1
2457640.613157,-9.5509,26.0673,4.1258,4.3215,3.8104,3.8752,1
2457641.478887,-14.5078,13.6487,4.1258,4.3215,3.8104,3.8752,1
2457641.498027,-13.1016,20.4492,4.1258,4.3215,3.8104,3.8752,1
2457641.527237,-3.0238,23.1580,4.1258,4.3215,3.8104,3.8752,1
2457641.544737,-5.7029,18.8692,4.1258,4.3215,3.8104,3.8752,1
2457641.562907,-11.6660,22.9602,4.1258,4.3215,3.8104,3.8752,1
2457641.592137,-8.8216,29.8469,4.1258,4.3215,3.8104,3.8752,1
2457641.627767,-10.4832,22.8625,4.1258,4.3215,3.8104,3.8752,1
2457641.632207,-1.8526,12.9596,4.1258,4.3215,3.8104,3.8752,1
2457642.553737,-3.3544,20.0157,4.1258,4.3215,3.8104,3.8752,1
2457642.573387,-8.4893,23.4641,4.1258,4.3215,3.8104,3.8752,1
2457643.521897,-7.4677,14.7348,4.1258,4.3215,3.8104,3.8752,1
2457643.557547,-14.9930,19.1716,4.1258,4.3215,3.8104,3.8752,1
2457643.623057,-14.3295,22.8317,4.1258,4.3215,3.8104,3.8752,1
2457644.506457,-4.9873,14.1609,4.1258,4.3215,3.8104,3.8752,1
2457645.560137,-3.8293,16.5878,4.1258,4.3215,3.8104,3.8752,1
2457645.578027,-2.4094,15.4436,4.1258,4.3215,3.8104,3.8752,1
2457647.498647,-6.7966,16.6154,4.1258,4.3215,3.8104,3.8752,1
2457647.533817,-3.5780,11.6172,4.1258,4.3215,3.8104,3.8752,1
2457647.551347,-16.0712,23.1336,4.1258,4.3215,3.8104,3.8752,1
2457647.599817,-9.8349,20.7599,4.1258,4.3215,3.8104,3.8752,1
2457648.491117,-14.3145,21.1128,4.1258,4.3215,3.8104,3.8752,1
2457648.508667,-2.3555,18.0202,4.1258,4.3215,3.8104,3.8752,1
2457648.527157,-7.4407,20.0871,4.1258,4.3215,3.8104,3.8752,1
2457648.545797,-7.5982,25.2611,4.1258,4.3215,3.8104,3.8752,1
2457648.592617,-13.5509,11.2620,4.1258,4.3215,3.8104,3.8752,1
2457648.611727,-9.5600,11.3413,4.1258,4.3215,3.8104,3.8752,1
2457649.491257,-3.4986,13.5699,4.1258,4.3215,3.8104,3.8752,1
2457649.509437,-2.1458,27.5200,4.1258,4.3215,3.8104,3.8752,1
2457649.596567,-9.7379,16.6893,4.1258,4.3215,3.8104,3.8752,1
2457651.542527,-5.8971,21.9630,4.1258,4.3215,3.8104,3.8752,1
2457651.560287,-12.4311,23.2315,4.1258,4.3215,3.8104,3.8752,1
2457652.505317,-5.8771,16.2099,4.1258,4.3215,3.8104,3.8752,1
2457652.536077,-3.9163,23.2655,4.1258,4.3215,3.8104,3.8752,1
2457652.572867,-5.6204,25.4720,4.1258,4.3215,3.8104,3.8752,1
2457652.590627,-10.7262,25.0780,4.1258,4.3215,3.8104,3.8752,1
2457652.601827,-7.8380,22.5031,4.1258,4.3215,3.8104,3.8752,1
2457653.489537,-13.8577,17.3973,4.1258,4.3215,3.8104,3.8752,1
2457653.533047,-13.8612,21.7757,4.1258,4.3215,3.8104,3.8752,1
2457653.553277,-10.4716,19.3882,4.1258,4.3215,3.8104,3.8752,1
2457653.592297,-9.0808,24.6338,4.1258,4.3215,3.8104,3.8752,1
2457654.490827,-9.3393,22.3081,4.1258,4.3215,3.8104,3.8752,1
2457654.514117,-1.6133,25.6702,4.1258,4.3215,3.8104,3.8752,1
2457654.531477,-16.1433,20.0938,4.1258,4.3215,3.8104,3.8752,1
2457654.561027,-8.9032,17.7550,4.1258,4.3215,3.8104,3.8752,1
2457654.580047,-10.8701,18.1011,4.1258,4.3215,3.8104,3.8752,1
2457655.492597,-12.2905,18.3622,4.1258,4.3215,3.8104,3.8752,1
2457655.576977,-3.0348,16.0878,4.1258,4.3215,3.8104,3.8752,1
2457655.595227,-10.5499,25.1281,4.1258,4.3215,3.8104,3.8752,1
2457656.497467,-5.8705,26.2071,4.1258,4.3215,3.8104,3.8752,1
2457656.562137,-11.9504,21.3168,4.1258,4.3215,3.8104,3.8752,1
2457656.581947,-12.5209,15.3724,4.1258,4.3215,3.8104,3.8752,1
2457656.592127,-12.4181,26.0380,4.1258,4.3215,3.8104,3.8752,1
2457657.491177,-7.2808,24.9753,4.1258,4.3215,3.8104,3.8752,1
2457657.508977,-3.0494,15.4073,4.1258,4.3215,3.8104,3.8752,1
2457657.528187,-16.5486,20.9561,4.1258,4.3215,3.8104,3.8752,1
2457657.548307,-13.6442,18.8121,4.1258,4.3215,3.8104,3.8752,1
2457657.578947,-3.0081,21.8183,4.1258,4.3215,3.8104,3.8752,1
2457658.496547,-10.6787,17.7295,4.1258,4.3215,3.8104,3.8752,1
2457658.515957,-10.1788,24.2039,4.1258,4.3215,3.8104,3.8752,1
2457658.576437,-9.4241,29.2154,4.1258,4.3215,3.8104,3.8752,1
2457658.589097,-10.5611,17.8218,4.1258,4.3215,3.8104,3.8752,1
2457659.523637,-10.3249,19.6126,4.1258,4.3215,3.8104,3.8752,1
2457659.541517,-9.1059,18.1179,4.1258,4.3215,3.8104,3.8752,1
2457659.561027,-16.1598,12.9109,4.1258,4.3215,3.8104,3.8752,1
2457659.579357,-7.8203,22.2405,4.1258,4.3215,3.8104,3.8752,1
2457660.537887,-10.7244,24.4581,4.1258,4.3215,3.8104,3.8752,1
2457660.557107,-7.8827,22.8001,4.1258,4.3215,3.8104,3.8752,1
2457660.575127,-10.0844,23.7957,4.1258,4.3215,3.8104,3.8752,1
2457660.581357,-10.0491,29.7563,4.1258,4.3215,3.8104,3.8752,1
2457661.485687,-6.5836,15.8856,4.1258,4.3215,3.8104,3.8752,1
2457661.503637,-10.4857,22.2450,4.1258,4.3215,3.8104,3.8752,1
2457661.521587,-4.4154,20.8034,4.1258,4.3215,3.8104,3.8752,1
2457661.550227,-5.0191,20.7365,4.1258,4.3215,3.8104,3.8752,1
2457661.567987,-15.0780,12.0029,4.1258,4.3215,3.8104,3.8752,1
2457661.577067,-13.0703,24.7982,4.1258,4.3215,3.8104,3.8752,1
2457662.494867,-13.4552,20.8622,4.1258,4.3215,3.8104,3.8752,1
2457662.513017,-5.4246,18.3659,4.1258,4.3215,3.8104,3.8752,1
2457662.531317,-6.0395,12.3041,4.1258,4.3215,3.8104,3.8752,1
2457662.570807,-14.4616,18.7556,4.1258,4.3215,3.8104,3.8752,1
2457663.508787,-8.1018,15.5985,4.1258,4.3215,3.8104,3.8752,1
2457663.528937,-8.4044,17.7278,4.1258,4.3215,3.8104,3.8752,1
2457663.547747,-13.7231,22.1857,4.1258,4.3215,3.8104,3.8752,1
2457664.499027,-7.2331,15.5350,4.1258,4.3215,3.8104,3.8752,1
2457664.517867,-15.6337,17.9754,4.1258,4.3215,3.8104,3.8752,1
2457664.565477,-5.5830,25.9744,4.1258,4.3215,3.8104,3.8752,1
2457666.527517,-13.0253,19.0406,4.1258,4.3215,3.8104,3.8752,1
2457666.545567,-10.0191,18.0788,4.1258,4.3215,3.8104,3.8752,1
2457667.512657,-7.4730,20.5316,4.1258,4.3215,3.8104,3.8752,1
2457667.530967,-15.0976,21.5474,4.1258,4.3215,3.8104,3.8752,1
2457668.522677,-11.0990,19.4089,4.1258,4.3215,3.8104,3.8752,1
2457669.493617,-9.7524,18.9702,4.1258,4.3215,3.8104,3.8752,1
2457669.529917,-8.2629,16.4226,4.1258,4.3215,3.8104,3.8752,1
2457669.547467,-15.8349,13.6198,4.1258,4.3215,3.8104,3.8752,1
2457669.556367,-6.5146,17.7021,4.1258,4.3215,3.8104,3.8752,1
2457670.518267,-9.1038,25.0512,4.1258,4.3215,3.8104,3.8752,1
2457670.536527,-8.0436,18.6275,4.1258,4.3215,3.8104,3.8752,1
2457671.523987,-12.7865,21.2979,4.1258,4.3215,3.8104,3.8752,1
2457671.542177,-16.1866,16.7113,4.1258,4.3215,3.8104,3.8752,1
2457671.549907,-8.0393,18.0557,4.1258,4.3215,3.8104,3.8752,1
2457672.513487,-10.2666,21.0169,4.1258,4.3215,3.8104,3.8752,1
2457673.490167,-16.9431,14.0771,4.1258,4.3215,3.8104,3.8752,1
2457673.520367,-8.7077,16.3620,4.1258,4.3215,3.8104,3.8752,1
2457675.493057,-9.8043,22.3742,4.1258,4.3215,3.8104,3.8752,1
2457675.510977,-5.5726,22.3101,4.1258,4.3215,3.8104,3.8752,1
2457676.486987,-13.5434,15.1152,4.1258,4.3215,3.8104,3.8752,1
2457805.881487,-14.3178,25.2804,4.1258,4.3215,4.1068,4.0553,2
2457806.885577,-13.5077,12.1304,4.1258,4.3215,4.1068,4.0553,2
2457807.868187,-3.6338,20.7800,4.1258,4.3215,4.1068,4.0553,2
2457808.867187,-9.7627,11.5024,4.1258,4.3215,4.1068,4.0553,2
2457809.852057,-11.7667,24.7233,4.1258,4.3215,4.1068,4.0553,2
2457810.859637,-9.1125,23.0169,4.1258,4.3215,4.1068,4.0553,2
2457810.880137,-11.7911,12.0204,4.1258,4.3215,4.1068,4.0553,2
2457811.867277,-10.0944,19.5293,4.1258,4.3215,4.1068,4.0553,2
2457812.889067,-10.0777,19.3845,4.1258,4.3215,4.1068,4.0553,2
2457813.853007,-5.7237,16.3013,4.1258,4.3215,4.1068,4.0553,2
2457814.855247,-11.2802,19.1635,4.1258,4.3215,4.1068,4.0553,2
2457814.874267,-8.2240,21.5418,4.1258,4.3215,4.1068,4.0553,2
2457814.893837,-11.1856,18.0475,4.1258,4.3215,4.1068,4.0553,2
2457815.892487,-13.6919,22.0994,4.1258,4.3215,4.1068,4.0553,2
2457816.868517,-3.7668,19.5236,4.1258,4.3215,4.1068,4.0553,2
2457816.886807,-5.8708,17.1516,4.1258,4.3215,4.1068,4.0553,2
2457819.823517,-9.2701,15.6520,4.1258,4.3215,4.1068,4.0553,2
2457819.847187,-5.5885,12.1307,4.1258,4.3215,4.1068,4.0553,2
2457819.876267,-9.8057,13.4790,4.1258,4.3215,4.1068,4.0553,2
2457819.895337,-12.0309,19.4661,4.1258,4.3215,4.1068,4.0553,2
2457820.867977,-4.1307,14.4554,4.1258,4.3215,4.1068,4.0553,2
2457820.885827,-6.9612,22.9671,4.1258,4.3215,4.1068,4.0553,2
2457821.830827,-3.8473,26.8300,4.1258,4.3215,4.1068,4.0553,2
2457821.872557,-12.5963,13.5107,4.1258,4.3215,4.1068,4.0553,2
2457821.891847,-9.1229,10.5415,4.1258,4.3215,4.1068,4.0553,2
2457822.818827,-6.9266,21.8370,4.1258,4.3215,4.1068,4.0553,2
2457822.871227,-5.5079,17.6161,4.1258,4.3215,4.1068,4.0553,2
2457822.889257,-7.7161,12.2670,4.1258,4.3215,4.1068,4.0553,2
2457823.822357,-5.9982,9.8293,4.1258,4.3215,4.1068,4.0553,2
2457823.853627,-2.8313,14.0510,4.1258,4.3215,4.1068,4.0553,2
2457823.875157,-6.0601,25.1018,4.1258,4.3215,4.1068,4.0553,2
2457823.893127,-7.0996,21.9148,4.1258,4.3215,4.1068,4.0553,2
2457824.850097,-7.1750,19.5084,4.1258,4.3215,4.1068,4.0553,2
2457824.869517,-11.8725,8.4499,4.1258,4.3215,4.1068,4.0553,2
2457826.808937,-11.4207,22.1944,4.1258,4.3215,4.1068,4.0553,2
2457826.829577,-3.5995,17.5712,4.1258,4.3215,4.1068,4.0553,2
2457826.861777,-6.5618,19.9782,4.1258,4.3215,4.1068,4.0553,2
2457826.881897,-12.0170,10.9010,4.1258,4.3215,4.1068,4.0553,2
2457826.902277,-14.1274,11.8057,4.1258,4.3215,4.1068,4.0553,2
2457827.839767,-11.1023,23.0798,4.1258,4.3215,4.1068,4.0553,2
2457827.859877,-8.0255,16.0315,4.1258,4.3215,4.1068,4.0553,2
2457827.898207,-9.9058,19.8728,4.1258,4.3215,4.1068,4.0553,2
2457828.833787,-14.0439,19.4889,4.1258,4.3215,4.1068,4.0553,2
2457828.852227,-1.8954,24.6228,4.1258,4.3215,4.1068,4.0553,2
2457829.790067,-16.0405,11.5987,4.1258,4.3215,4.1068,4.0553,2
2457829.827377,-12.1106,19.9405,4.1258,4.3215,4.1068,4.0553,2
2457829.862127,-8.0793,17.0063,4.1258,4.3215,4.1068,4.0553,2
2457830.827657,-6.6729,21.8693,4.1258,4.3215,4.1068,4.0553,2
2457830.845507,-8.2217,14.7434,4.1258,4.3215,4.1068,4.0553,2
2457830.877167,-10.4533,16.9392,4.1258,4.3215,4.1068,4.0553,2
2457831.824637,-7.6115,13.9437,4.1258,4.3215,4.1068,4.0553,2
2457833.788137,-3.7579,18.8459,4.1258,4.3215,4.1068,4.0553,2
2457833.841667,-5.4919,12.0745,4.1258,4.3215,4.1068,4.0553,2
2457833.859187,-7.5612,19.6398,4.1258,4.3215,4.1068,4.0553,2
2457833.877897,-4.7513,18.3237,4.1258,4.3215,4.1068,4.0553,2
2457834.821357,-3.2311,22.7647,4.1258,4.3215,4.1068,4.0553,2
2457834.861277,-5.6272,20.9469,4.1258,4.3215,4.1068,4.0553,2
2457834.879167,-9.6919,13.0029,4.1258,4.3215,4.1068,4.0553,2
2457835.832937,-4.2429,14.4205,4.1258,4.3215,4.1068,4.0553,2
2457835.854527,-6.0850,11.3649,4.1258,4.3215,4.1068,4.0553,2
2457835.908487,-12.5144,23.6174,4.1258,4.3215,4.1068,4.0553,2
2457836.862617,-14.0190,15.9006,4.1258,4.3215,4.1068,4.0553,2
2457836.884167,-9.2991,20.5653,4.1258,4.3215,4.1068,4.0553,2
2457838.793337,-15.1192,20.0304,4.1258,4.3215,4.1068,4.0553,2
2457838.818647,-8.6393,16.0464,4.1258,4.3215,4.1068,4.0553,2
2457838.839767,-12.4409,22.1015,4.1258,4.3215,4.1068,4.0553,2
2457838.860957,-10.9447,22.5582,4.1258,4.3215,4.1068,4.0553,2
2457838.880757,-9.8808,19.4432,4.1258,4.3215,4.1068,4.0553,2
2457838.913477,-4.9228,26.3620,4.1258,4.3215,4.1068,4.0553,2
2457839.772697,-11.0880,19.5718,4.1258,4.3215,4.1068,4.0553,2
2457839.784307,-15.0839,18.4229,4.1258,4.3215,4.1068,4.0553,2
2457839.803437,-10.5532,20.4562,4.1258,4.3215,4.1068,4.0553,2
2457839.821517,-14.4107,18.2105,4.1258,4.3215,4.1068,4.0553,2
2457839.841097,-5.8344,12.6669,4.1258,4.3215,4.1068,4.0553,2
2457839.890587,-12.0732,16.7779,4.1258,4.3215,4.1068,4.0553,2
2457839.909907,-13.2751,21.0830,4.1258,4.3215,4.1068,4.0553,2
2457840.768177,-2.1528,17.1481,4.1258,4.3215,4.1068,4.0553,2
2457840.789237,-8.0826,13.7626,4.1258,4.3215,4.1068,4.0553,2
2457840.821617,-3.4296,16.6444,4.1258,4.3215,4.1068,4.0553,2
2457840.842857,-6.7804,20.5158,4.1258,4.3215,4.1068,4.0553,2
2457840.863527,-13.3163,13.9549,4.1258,4.3215,4.1068,4.0553,2
2457840.884967,-15.5551,18.5220,4.1258,4.3215,4.1068,4.0553,2
2457840.907237,-8.3304,17.5959,4.1258,4.3215,4.1068,4.0553,2
2457841.794457,-9.0016,19.1071,4.1258,4.3215,4.1068,4.0553,2
2457842.767087,-5.7261,12.3656,4.1258,4.3215,4.1068,4.0553,2
2457842.884357,-10.5909,14.6130,4.1258,4.3215,4.1068,4.0553,2
2457842.902157,-9.4200,19.7925,4.1258,4.3215,4.1068,4.0553,2
2457843.777757,-1.2061,15.0116,4.1258,4.3215,4.1068,4.0553,2
2457843.825677,-2.2243,15.5135,4.1258,4.3215,4.1068,4.0553,2
2457843.849447,-3.6782,19.4201,4.1258,4.3215,4.1068,4.0553,2
2457843.885937,-10.2980,22.6572,4.1258,4.3215,4.1068,4.0553,2
2457844.754727,-13.6918,18.4157,4.1258,4.3215,4.1068,4.0553,2
2457844.815707,-11.3809,22.5811,4.1258,4.3215,4.1068,4.0553,2
2457844.852617,-7.0329,25.6379,4.1258,4.3215,4.1068,4.0553,2
2457844.882817,-8.5809,17.9333,4.1258,4.3215,4.1068,4.0553,2
2457845.786767,-9.6316,21.5056,4.1258,4.3215,4.1068,4.0553,2
2457845.837097,-13.0487,19.8924,4.1258,4.3215,4.1068,4.0553,2
2457846.865124,-8.3211,17.3766,4.1258,4.3215,4.1068,4.0553,2
2457846.887144,-7.6305,19.0603,4.1258,4.3215,4.1068,4.0553,2
2457847.791797,-3.0805,17.0890,4.1258,4.3215,4.1068,4.0553,2
2457847.813807,-14.7788,10.8142,4.1258,4.3215,4.1068,4.0553,2
2457847.857097,-15.4903,13.2441,4.1258,4.3215,4.1068,4.0553,2
2457847.886627,-6.4750,18.7824,4.1258,4.3215,4.1068,4.0553,2
2457848.758087,-11.5870,15.1815,4.1258,4.3215,4.1068,4.0553,2
2457848.805667,-8.9927,18.1651,4.1258,4.3215,4.1068,4.0553,2
2457848.825147,-9.0369,11.7947,4.1258,4.3215,4.1068,4.0553,2
2457848.872837,-6.0748,14.2686,4.1258,4.3215,4.1068,4.0553,2
2457848.890187,-4.8361,21.4097,4.1258,4.3215,4.1068,4.0553,2
2457849.771037,-8.4296,19.4430,4.1258,4.3215,4.1068,4.0553,2
2457849.789457,-9.2232,18.3855,4.1258,4.3215,4.1068,4.0553,2
2457849.846837,-7.1401,19.2239,4.1258,4.3215,4.1068,4.0553,2
2457849.867437,-9.6714,24.7920,4.1258,4.3215,4.1068,4.0553,2
2457849.899117,-7.8292,19.7745,4.1258,4.3215,4.1068,4.0553,2
2457850.737857,-1.6982,14.3759,4.1258,4.3215,4.1068,4.0553,2
2457850.756627,-6.0270,21.4539,4.1258,4.3215,4.1068,4.0553,2
2457850.775927,-9.7989,21.9535,4.1258,4.3215,4.1068,4.0553,2
2457850.806197,-4.9497,15.3182,4.1258,4.3215,4.1068,4.0553,2
2457850.843597,-9.5685,22.6786,4.1258,4.3215,4.1068,4.0553,2
2457850.864697,-13.6209,17.0713,4.1258,4.3215,4.1068,4.0553,2
2457850.885827,-12.4455,20.2872,4.1258,4.3215,4.1068,4.0553,2
2457851.895287,-9.2565,14.2895,4.1258,4.3215,4.1068,4.0553,2
2457852.865827,-8.7080,23.5227,4.1258,4.3215,4.1068,4.0553,2
2457854.741167,-1.3954,14.1501,4.1258,4.3215,4.1068,4.0553,2
2457854.799017,-8.9743,19.7516,4.1258,4.3215,4.1068,4.0553,2
2457854.819027,-14.1001,20.1698,4.1258,4.3215,4.1068,4.0553,2
2457854.841187,-7.0793,13.2998,4.1258,4.3215,4.1068,4.0553,2
2457854.860997,-8.0579,18.1752,4.1258,4.3215,4.1068,4.0553,2
2457854.897867,-5.9105,16.7563,4.1258,4.3215,4.1068,4.0553,2
2457855.756297,-14.2568,16.5560,4.1258,4.3215,4.1068,4.0553,2
2457855.786657,-11.7863,17.9355,4.1258,4.3215,4.1068,4.0553,2
2457855.824097,-8.7510,17.1107,4.1258,4.3215,4.1068,4.0553,2
2457855.842567,-7.7689,16.6962,4.1258,4.3215,4.1068,4.0553,2
2457855.861357,-8.8579,14.6729,4.1258,4.3215,4.1068,4.0553,2
2457855.886407,-11.9570,18.3253,4.1258,4.3215,4.1068,4.0553,2
2457856.850907,-10.7403,19.7649,4.1258,4.3215,4.1068,4.0553,2
2457856.882237,-3.6221,15.8405,4.1258,4.3215,4.1068,4.0553,2
2457856.901407,-16.5184,14.0135,4.1258,4.3215,4.1068,4.0553,2
2457856.919457,-8.7729,13.5953,4.1258,4.3215,4.1068,4.0553,2
2457858.844047,-11.8814,20.3101,4.1258,4.3215,4.1068,4.0553,2
2457858.872877,-14.1448,15.1996,4.1258,4.3215,4.1068,4.0553,2
2457858.890527,-16.0978,15.5472,4.1258,4.3215,4.1068,4.0553,2
2457862.701717,-3.0376,19.1209,4.1258,4.3215,4.1068,4.0553,2
2457862.720307,-9.9385,16.4725,4.1258,4.3215,4.1068,4.0553,2
2457862.821207,-13.6339,14.8828,4.1258,4.3215,4.1068,4.0553,2
2457862.905477,-4.8941,16.0612,4.1258,4.3215,4.1068,4.0553,2
2457862.922777,-12.9384,16.8209,4.1258,4.3215,4.1068,4.0553,2
2457863.731567,-12.4374,15.2949,4.1258,4.3215,4.1068,4.0553,2
2457863.750137,-15.5712,16.1883,4.1258,4.3215,4.1068,4.0553,2
2457863.769597,-12.6922,14.7261,4.1258,4.3215,4.1068,4.0553,2
2457863.841227,-9.0915,15.5031,4.1258,4.3215,4.1068,4.0553,2
2457863.883657,-12.1737,22.0985,4.1258,4.3215,4.1068,4.0553,2
2457864.754137,-9.8650,19.6769,4.1258,4.3215,4.1068,4.0553,2
2457864.776287,-9.5296,17.4658,4.1258,4.3215,4.1068,4.0553,2
2457864.799927,-3.3029,15.2839,4.1258,4.3215,4.1068,4.0553,2
2457864.820367,-9.2511,17.5553,4.1258,4.3215,4.1068,4.0553,2
2457864.841027,-9.4272,16.0036,4.1258,4.3215,4.1068,4.0553,2
2457864.874817,-5.3342,15.0779,4.1258,4.3215,4.1068,4.0553,2
2457864.893927,-1.6215,17.4680,4.1258,4.3215,4.1068,4.0553,2
2457864.916727,-7.3321,17.2461,4.1258,4.3215,4.1068,4.0553,2
2457865.722787,-11.2721,23.2727,4.1258,4.3215,4.1068,4.0553,2
2457865.758787,-4.0212,22.2227,4.1258,4.3215,4.1068,4.0553,2
2457865.780357,-15.2376,21.9693,4.1258,4.3215,4.1068,4.0553,2
2457865.801227,-10.3010,21.0648,4.1258,4.3215,4.1068,4.0553,2
2457865.821287,-12.7219,15.3949,4.1258,4.3215,4.1068,4.0553,2
2457865.842677,-7.6890,18.7418,4.1258,4.3215,4.1068,4.0553,2
2457865.855407,-10.1217,19.8535,4.1258,4.3215,4.1068,4.0553,2
2457865.877077,-11.4787,14.4137,4.1258,4.3215,4.1068,4.0553,2
2457865.911647,-9.3566,13.0976,4.1258,4.3215,4.1068,4.0553,2
2457866.717747,-9.3179,16.5435,4.1258,4.3215,4.1068,4.0553,2
2457866.743097,-6.8667,13.6920,4.1258,4.3215,4.1068,4.0553,2
2457866.795007,-3.9160,19.2209,4.1258,4.3215,4.1068,4.0553,2
2457866.830897,-12.6261,16.0313,4.1258,4.3215,4.1068,4.0553,2
2457866.853867,-9.1579,12.0895,4.1258,4.3215,4.1068,4.0553,2
2457866.874247,-12.0774,18.0338,4.1258,4.3215,4.1068,4.0553,2
2457866.894037,-13.4898,18.3635,4.1258,4.3215,4.1068,4.0553,2
2457866.912477,-7.3649,18.9340,4.1258,4.3215,4.1068,4.0553,2
2457867.811677,-5.0575,16.0385,4.1258,4.3215,4.1068,4.0553,2
2457867.833827,-8.5941,16.0374,4.1258,4.3215,4.1068,4.0553,2
2457867.857077,-7.8073,14.7370,4.1258,4.3215,4.1068,4.0553,2
2457867.890757,-12.2400,21.7996,4.1258,4.3215,4.1068,4.0553,2
2457867.909267,-9.9952,16.3493,4.1258,4.3215,4.1068,4.0553,2
2457868.853817,-12.5273,16.4474,4.1258,4.3215,4.1068,4.0553,2
2457869.724497,-12.5730,14.1194,4.1258,4.3215,4.1068,4.0553,2
2457869.767927,-7.9749,15.9292,4.1258,4.3215,4.1068,4.0553,2
2457869.791727,-7.5263,19.1966,4.1258,4.3215,4.1068,4.0553,2
2457869.815967,-6.4450,22.2225,4.1258,4.3215,4.1068,4.0553,2
2457869.839077,-2.3720,22.2144,4.1258,4.3215,4.1068,4.0553,2
2457869.915887,-7.7495,13.8633,4.1258,4.3215,4.1068,4.0553,2
2457870.683817,-10.3792,20.6821,4.1258,4.3215,4.1068,4.0553,2
2457870.702307,-4.8618,20.1919,4.1258,4.3215,4.1068,4.0553,2
2457870.719917,-11.8239,15.4035,4.1258,4.3215,4.1068,4.0553,2
2457870.748377,-5.8505,13.5279,4.1258,4.3215,4.1068,4.0553,2
2457870.765687,-7.3888,12.5476,4.1258,4.3215,4.1068,4.0553,2
2457870.801317,-2.1023,15.1981,4.1258,4.3215,4.1068,4.0553,2
2457870.823777,-8.1865,15.4733,4.1258,4.3215,4.1068,4.0553,2
2457870.855777,-10.5574,19.1685,4.1258,4.3215,4.1068,4.0553,2
2457870.873747,-9.9533,17.3968,4.1258,4.3215,4.1068,4.0553,2
2457870.894567,-5.1373,18.1654,4.1258,4.3215,4.1068,4.0553,2
2457871.699737,-14.5323,16.9552,4.1258,4.3215,4.1068,4.0553,2
2457871.719427,-3.2155,16.4980,4.1258,4.3215,4.1068,4.0553,2
2457871.783827,-5.1080,15.6859,4.1258,4.3215,4.1068,4.0553,2
2457871.819337,-7.8904,17.9270,4.1258,4.3215,4.1068,4.0553,2
2457871.877387,-11.3268,20.4052,4.1258,4.3215,4.1068,4.0553,2
2457871.926397,-10.9869,20.7709,4.1258,4.3215,4.1068,4.0553,2
2457872.677777,-6.1689,20.3630,4.1258,4.3215,4.1068,4.0553,2
2457872.695077,-1.5380,20.7275,4.1258,4.3215,4.1068,4.0553,2
2457872.723657,-11.0895,16.9739,4.1258,4.3215,4.1068,4.0553,2
2457872.742057,-6.3815,14.0503,4.1258,4.3215,4.1068,4.0553,2
2457872.759177,-9.2195,15.0099,4.1258,4.3215,4.1068,4.0553,2
2457872.780087,-8.4553,21.3270,4.1258,4.3215,4.1068,4.0553,2
2457872.798677,-11.0529,21.8551,4.1258,4.3215,4.1068,4.0553,2
2457872.848877,-4.7673,20.3437,4.1258,4.3215,4.1068,4.0553,2
2457872.869007,-5.5358,22.4917,4.1258,4.3215,4.1068,4.0553,2
2457872.887447,-6.3752,12.1645,4.1258,4.3215,4.1068,4.0553,2
2457872.905457,-8.8269,16.9320,4.1258,4.3215,4.1068,4.0553,2
2457873.695107,-3.8344,23.3634,4.1258,4.3215,4.1068,4.0553,2
2457873.729677,-4.6309,14.9425,4.1258,4.3215,4.1068,4.0553,2
2457873.748577,-5.7935,20.8703,4.1258,4.3215,4.1068,4.0553,2
2457873.767727,-2.7085,20.6682,4.1258,4.3215,4.1068,4.0553,2
2457873.797187,-10.5618,18.4327,4.1258,4.3215,4.1068,4.0553,2
2457873.833367,-9.9081,16.6015,4.1258,4.3215,4.1068,4.0553,2
2457873.923927,-6.8044,17.1573,4.1258,4.3215,4.1068,4.0553,2
2457874.673817,-5.6505,23.1561,4.1258,4.3215,4.1068,4.0553,2
2457874.720787,-2.5604,19.5011,4.1258,4.3215,4.1068,4.0553,2
2457874.756057,-2.6581,20.4326,4.1258,4.3215,4.1068,4.0553,2
2457874.860687,-11.0914,20.2084,4.1258,4.3215,4.1068,4.0553,2
2457874.895627,-1.8960,17.8181,4.1258,4.3215,4.1068,4.0553,2
2457874.912817,-4.8230,20.7307,4.1258,4.3215,4.1068,4.0553,2
2457875.803257,-15.6115,23.0350,4.1258,4.3215,4.1068,4.0553,2
2457876.660587,-11.5957,19.6986,4.1258,4.3215,4.1068,4.0553,2
2457876.677667,-14.8774,21.2542,4.1258,4.3215,4.1068,4.0553,2
2457876.696137,-3.0111,16.8760,4.1258,4.3215,4.1068,4.0553,2
2457876.728547,-7.9798,13.2897,4.1258,4.3215,4.1068,4.0553,2
2457876.763857,-12.5282,20.9157,4.1258,4.3215,4.1068,4.0553,2
2457876.800597,-11.1848,21.6092,4.1258,4.3215,4.1068,4.0553,2
2457876.829097,-11.1867,17.4178,4.1258,4.3215,4.1068,4.0553,2
2457876.865967,-11.6310,18.4984,4.1258,4.3215,4.1068,4.0553,2
2457876.884307,-10.2583,20.6131,4.1258,4.3215,4.1068,4.0553,2
2457876.904387,-11.6872,17.7147,4.1258,4.3215,4.1068,4.0553,2
2457876.933047,-10.4406,12.7522,4.1258,4.3215,4.1068,4.0553,2
2457877.745647,-3.2068,19.6782,4.1258,4.3215,4.1068,4.0553,2
2457877.764567,-14.0509,17.4036,4.1258,4.3215,4.1068,4.0553,2
2457877.785037,-7.7934,17.3355,4.1258,4.3215,4.1068,4.0553,2
2457877.804747,-13.9775,21.2834,4.1258,4.3215,4.1068,4.0553,2
2457877.826617,-8.4851,16.1255,4.1258,4.3215,4.1068,4.0553,2
2457877.887397,-3.9322,15.4391,4.1258,4.3215,4.1068,4.0553,2
2457877.909547,-7.0514,20.3950,4.1258,4.3215,4.1068,4.0553,2
2457877.930317,-14.6813,14.0400,4.1258,4.3215,4.1068,4.0553,2
2457878.695577,-6.2024,12.9331,4.1258,4.3215,4.1068,4.0553,2
2457878.765197,-7.7584,13.2339,4.1258,4.3215,4.1068,4.0553,2
2457878.785207,-6.3630,11.6986,4.1258,4.3215,4.1068,4.0553,2
2457878.803827,-4.6615,24.3219,4.1258,4.3215,4.1068,4.0553,2
2457878.874247,-2.3577,19.9260,4.1258,4.3215,4.1068,4.0553,2
2457879.663197,-1.4517,22.3276,4.1258,4.3215,4.1068,4.0553,2
2457879.760507,-7.4409,23.3604,4.1258,4.3215,4.1068,4.0553,2
2457879.794287,-4.7379,14.3815,4.1258,4.3215,4.1068,4.0553,2
2457879.845227,-9.1597,19.0083,4.1258,4.3215,4.1068,4.0553,2
2457879.865107,-4.6893,15.1488,4.1258,4.3215,4.1068,4.0553,2
2457879.886627,-4.5384,11.5308,4.1258,4.3215,4.1068,4.0553,2
2457879.905697,-9.0829,15.6738,4.1258,4.3215,4.1068,4.0553,2
2457882.689527,-0.9521,16.1574,4.1258,4.3215,4.1068,4.0553,2
2457882.900037,-6.6435,17.2133,4.1258,4.3215,4.1068,4.0553,2
2457882.921767,-8.4727,19.5102,4.1258,4.3215,4.1068,4.0553,2
2457888.797857,-4.0560,19.3243,4.1258,4.3215,4.1068,4.0553,2
2457888.833847,-10.1829,12.6267,4.1258,4.3215,4.1068,4.0553,2
2457888.850957,-0.9909,11.2889,4.1258,4.3215,4.1068,4.0553,2
2457889.657507,-17.8342,15.8643,4.1258,4.3215,4.1068,4.0553,2
2457889.687997,-13.5917,17.2318,4.1258,4.3215,4.1068,4.0553,2
2457889.740307,-5.7312,10.4405,4.1258,4.3215,4.1068,4.0553,2
2457889.757717,-10.2410,22.0045,4.1258,4.3215,4.1068,4.0553,2
2457889.803427,-8.8975,16.5613,4.1258,4.3215,4.1068,4.0553,2
2457889.821277,-3.1067,17.6834,4.1258,4.3215,4.1068,4.0553,2
2457889.839197,-16.7318,21.0645,4.1258,4.3215,4.1068,4.0553,2
2457889.908757,-9.0578,18.8255,4.1258,4.3215,4.1068,4.0553,2
2457890.625807,-8.5864,18.3787,4.1258,4.3215,4.1068,4.0553,2
2457890.688907,-4.8575,17.0726,4.1258,4.3215,4.1068,4.0553,2
2457890.707967,-8.5838,20.5240,4.1258,4.3215,4.1068,4.0553,2
2457890.744667,-5.5516,19.3736,4.1258,4.3215,4.1068,4.0553,2
2457890.766677,-6.3204,13.0917,4.1258,4.3215,4.1068,4.0553,2
2457890.799527,-3.6536,16.8363,4.1258,4.3215,4.1068,4.0553,2
2457890.817027,-8.1726,15.2723,4.1258,4.3215,4.1068,4.0553,2
2457890.853767,-6.3308,11.5535,4.1258,4.3215,4.1068,4.0553,2
2457893.664627,-4.5733,19.4432,4.1258,4.3215,4.1068,4.0553,2
2457893.702917,-3.3242,11.2707,4.1258,4.3215,4.1068,4.0553,2
2457893.724257,-6.9742,11.5409,4.1258,4.3215,4.1068,4.0553,2
2457893.744787,-5.0212,23.3362,4.1258,4.3215,4.1068,4.0553,2
2457893.766487,-5.5274,12.0544,4.1258,4.3215,4.1068,4.0553,2
2457893.801317,-10.7804,14.3361,4.1258,4.3215,4.1068,4.0553,2
2457893.820907,-3.7215,22.9874,4.1258,4.3215,4.1068,4.0553,2
2457893.857157,-2.4865,24.2226,4.1258,4.3215,4.1068,4.0553,2
2457894.653997,-11.0582,11.9933,4.1258,4.3215,4.1068,4.0553,2
2457894.675757,-10.3799,15.2495,4.1258,4.3215,4.1068,4.0553,2
2457894.695517,-8.7179,17.8365,4.1258,4.3215,4.1068,4.0553,2
2457894.715197,-10.5039,17.0691,4.1258,4.3215,4.1068,4.0553,2
2457894.752787,-11.8223,15.9620,4.1258,4.3215,4.1068,4.0553,2
2457894.787097,-2.3088,21.9302,4.1258,4.3215,4.1068,4.0553,2
2457894.809127,-2.5813,19.3920,4.1258,4.3215,4.1068,4.0553,2
2457894.830927,-10.4396,11.8964,4.1258,4.3215,4.1068,4.0553,2
2457894.850467,0.4181,10.0325,4.1258,4.3215,4.1068,4.0553,2
2457894.868017,-7.7606,21.6599,4.1258,4.3215,4.1068,4.0553,2
2457894.904127,-15.8117,19.2109,4.1258,4.3215,4.1068,4.0553,2
2457895.648177,-5.0933,17.6849,4.1258,4.3215,4.1068,4.0553,2
2457895.699157,-5.7491,13.4580,4.1258,4.3215,4.1068,4.0553,2
2457895.718937,-10.9295,13.7041,4.1258,4.3215,4.1068,4.0553,2
2457895.759567,-7.8670,20.3030,4.1258,4.3215,4.1068,4.0553,2
2457901.630377,-7.9317,23.2889,4.1258,4.3215,4.1068,4.0553,2
2457901.679697,-5.4323,25.0059,4.1258,4.3215,4.1068,4.0553,2
2457901.697427,-14.2435,24.5209,4.1258,4.3215,4.1068,4.0553,2
2457901.718567,-5.3975,10.7948,4.1258,4.3215,4.1068,4.0553,2
2457901.736317,-12.3412,20.5614,4.1258,4.3215,4.1068,4.0553,2
2457901.755497,-0.6122,20.9786,4.1258,4.3215,4.1068,4.0553,2
2457901.784137,-8.6438,17.6978,4.1258,4.3215,4.1068,4.0553,2
2457902.659507,-5.3581,12.0927,4.1258,4.3215,4.1068,4.0553,2
2457902.725007,-13.5633,20.1008,4.1258,4.3215,4.1068,4.0553,2
2457902.745687,-13.4203,17.9696,4.1258,4.3215,4.1068,4.0553,2
2457902.769617,-6.8860,11.7631,4.1258,4.3215,4.1068,4.0553,2
2457903.806097,-2.3630,11.0787,4.1258,4.3215,4.1068,4.0553,2
2457903.835544,-8.6880,14.8068,4.1258,4.3215,4.1068,4.0553,2
2457903.891304,-9.5436,16.7159,4.1258,4.3215,4.1068,4.0553,2
2457903.909294,-3.4366,11.6199,4.1258,4.3215,4.1068,4.0553,2
2457904.594117,-13.6666,20.6629,4.1258,4.3215,4.1068,4.0553,2
2457904.612707,-0.3971,21.4152,4.1258,4.3215,4.1068,4.0553,2
2457904.630157,-12.0268,11.9046,4.1258,4.3215,4.1068,4.0553,2
2457904.649547,-9.2481,17.1165,4.1258,4.3215,4.1068,4.0553,2
2457904.680647,-11.8248,15.7055,4.1258,4.3215,4.1068,4.0553,2
2457904.699037,-11.7435,12.1066,4.1258,4.3215,4.1068,4.0553,2
2457904.719867,-12.2948,15.6299,4.1258,4.3215,4.1068,4.0553,2
2457904.737277,-12.3554,11.9867,4.1258,4.3215,4.1068,4.0553,2
2457904.789907,-4.5850,12.5586,4.1258,4.3215,4.1068,4.0553,2
2457904.807087,-16.6910,18.6894,4.1258,4.3215,4.1068,4.0553,2
2457904.878227,-15.3320,23.0590,4.1258,4.3215,4.1068,4.0553,2
2457904.910227,-2.7445,22.9048,4.1258,4.3215,4.1068,4.0553,2
2457905.583297,-11.7074,19.7635,4.1258,4.3215,4.1068,4.0553,2
2457905.684277,-2.8308,16.6493,4.1258,4.3215,4.1068,4.0553,2
2457905.729947,-7.7090,25.0636,4.1258,4.3215,4.1068,4.0553,2
2457905.764267,-4.2818,16.9449,4.1258,4.3215,4.1068,4.0553,2
2457905.783977,-10.6659,18.5564,4.1258,4.3215,4.1068,4.0553,2
2457905.805437,-5.3844,13.1076,4.1258,4.3215,4.1068,4.0553,2
2457905.825887,-7.3980,16.4505,4.1258,4.3215,4.1068,4.0553,2
2457905.898507,-8.1286,19.3840,4.1258,4.3215,4.1068,4.0553,2
2457906.597058,-15.9582,13.4386,4.1258,4.3215,4.1068,4.0553,2
2457906.620838,-12.8271,20.6091,4.1258,4.3215,4.1068,4.0553,2
2457906.643038,-9.8761,12.6031,4.1258,4.3215,4.1068,4.0553,2
2457906.697587,-5.1373,18.8095,4.1258,4.3215,4.1068,4.0553,2
2457906.716527,-5.3916,20.1412,4.1258,4.3215,4.1068,4.0553,2
2457906.737327,-6.4858,21.7144,4.1258,4.3215,4.1068,4.0553,2
2457906.757127,-5.2732,20.8465,4.1258,4.3215,4.1068,4.0553,2
2457906.780147,-7.3840,17.0883,4.1258,4.3215,4.1068,4.0553,2
2457906.810787,-10.5966,17.8651,4.1258,4.3215,4.1068,4.0553,2
2457906.877697,-14.1158,21.7117,4.1258,4.3215,4.1068,4.0553,2
2457907.623207,-12.3020,21.7553,4.1258,4.3215,4.1068,4.0553,2
2457907.695807,-9.4653,14.4374,4.1258,4.3215,4.1068,4.0553,2
2457907.755907,-12.8314,18.8407,4.1258,4.3215,4.1068,4.0553,2
2457907.830957,-12.7167,13.1143,4.1258,4.3215,4.1068,4.0553,2
2457907.862597,-9.8062,12.4330,4.1258,4.3215,4.1068,4.0553,2
2457908.638017,-7.3578,14.1864,4.1258,4.3215,4.1068,4.0553,2
2457908.658257,-3.8408,18.5178,4.1258,4.3215,4.1068,4.0553,2
2457908.677497,-12.8337,20.5791,4.1258,4.3215,4.1068,4.0553,2
2457908.697637,-7.6969,21.2428,4.1258,4.3215,4.1068,4.0553,2
2457908.730197,-7.8463,17.4150,4.1258,4.3215,4.1068,4.0553,2
2457908.750427,-6.2579,15.9743,4.1258,4.3215,4.1068,4.0553,2
2457908.769517,-5.7623,12.0398,4.1258,4.3215,4.1068,4.0553,2
2457908.788547,-11.1168,14.0203,4.1258,4.3215,4.1068,4.0553,2
2457908.810257,-8.8315,14.5625,4.1258,4.3215,4.1068,4.0553,2
2457908.884517,-13.4475,21.6064,4.1258,4.3215,4.1068,4.0553,2
2457910.567707,-10.6517,17.3971,4.1258,4.3215,4.1068,4.0553,2
2457910.622837,-10.9720,10.1089,4.1258,4.3215,4.1068,4.0553,2
2457910.642477,-8.2599,14.4928,4.1258,4.3215,4.1068,4.0553,2
2457910.663557,-7.3229,16.2793,4.1258,4.3215,4.1068,4.0553,2
2457910.683587,-12.4018,16.3109,4.1258,4.3215,4.1068,4.0553,2
2457910.715797,-14.0618,20.1352,4.1258,4.3215,4.1068,4.0553,2
2457910.735937,-6.7434,16.0375,4.1258,4.3215,4.1068,4.0553,2
2457910.756997,-4.1083,20.2630,4.1258,4.3215,4.1068,4.0553,2
2457910.775457,-8.5289,16.6187,4.1258,4.3215,4.1068,4.0553,2
2457910.796147,-13.5961,19.2556,4.1258,4.3215,4.1068,4.0553,2
2457910.826557,-11.9081,19.2425,4.1258,4.3215,4.1068,4.0553,2
2457911.625617,-8.9800,13.9060,4.1258,4.3215,4.1068,4.0553,2
2457911.644017,-14.3440,21.4710,4.1258,4.3215,4.1068,4.0553,2
2457911.664047,-11.0803,18.6769,4.1258,4.3215,4.1068,4.0553,2
2457911.694817,-11.6599,12.9077,4.1258,4.3215,4.1068,4.0553,2
2457911.715357,-8.1702,17.1976,4.1258,4.3215,4.1068,4.0553,2
2457911.736187,-5.6443,19.1092,4.1258,4.3215,4.1068,4.0553,2
2457911.755717,-10.4990,14.9516,4.1258,4.3215,4.1068,4.0553,2
2457911.829747,-11.6975,16.4097,4.1258,4.3215,4.1068,4.0553,2
2457911.849247,-8.5154,16.8020,4.1258,4.3215,4.1068,4.0553,2
2457913.706047,-1.3651,13.5107,4.1258,4.3215,4.1068,4.0553,2
2457916.667447,-12.0967,13.6911,4.1258,4.3215,4.1068,4.0553,2
2457916.695177,-7.0230,15.6433,4.1258,4.3215,4.1068,4.0553,2
2457916.715197,-12.5632,18.8706,4.1258,4.3215,4.1068,4.0553,2
2457916.733457,-5.4712,14.1495,4.1258,4.3215,4.1068,4.0553,2
2457916.767787,-13.5505,17.1832,4.1258,4.3215,4.1068,4.0553,2
2457916.878307,-2.4689,12.6329,4.1258,4.3215,4.1068,4.0553,2
2457917.562247,-3.9417,11.9274,4.1258,4.3215,4.1068,4.0553,2
2457917.600607,-1.2732,17.4699,4.1258,4.3215,4.1068,4.0553,2
2457917.617807,-3.4826,10.0239,4.1258,4.3215,4.1068,4.0553,2
2457917.681787,-7.3645,16.6773,4.1258,4.3215,4.1068,4.0553,2
2457917.700467,-4.3109,15.9040,4.1258,4.3215,4.1068,4.0553,2
2457917.718487,-10.9967,16.2504,4.1258,4.3215,4.1068,4.0553,2
2457917.736697,-4.7232,15.0240,4.1258,4.3215,4.1068,4.0553,2
2457917.754697,-9.0116,20.0391,4.1258,4.3215,4.1068,4.0553,2
2457917.784737,-3.8881,18.9539,4.1258,4.3215,4.1068,4.0553,2
2457917.866467,-17.3625,23.3666,4.1258,4.3215,4.1068,4.0553,2
2457918.586577,-10.5061,23.9554,4.1258,4.3215,4.1068,4.0553,2
2457918.640887,-14.4395,15.7863,4.1258,4.3215,4.1068,4.0553,2
2457918.669977,-12.4785,11.5970,4.1258,4.3215,4.1068,4.0553,2
2457918.710167,-2.2790,22.9644,4.1258,4.3215,4.1068,4.0553,2
2457923.595737,-5.7220,18.7389,4.1258,4.3215,4.1068,4.0553,2
2457923.646007,-9.5846,16.2329,4.1258,4.3215,4.1068,4.0553,2
2457923.665237,-8.0087,14.9813,4.1258,4.3215,4.1068,4.0553,2
2457923.684857,-6.1470,15.5846,4.1258,4.3215,4.1068,4.0553,2
2457923.705397,-1.5374,14.7930,4.1258,4.3215,4.1068,4.0553,2
2457924.531227,-10.9600,17.1819,4.1258,4.3215,4.1068,4.0553,2
2457924.550387,-10.5301,12.0285,4.1258,4.3215,4.1068,4.0553,2
2457924.580967,-13.6918,16.2816,4.1258,4.3215,4.1068,4.0553,2
2457924.611157,-3.7239,18.4049,4.1258,4.3215,4.1068,4.0553,2
2457924.630207,-0.5536,17.8260,4.1258,4.3215,4.1068,4.0553,2
2457924.649477,-10.9792,18.3531,4.1258,4.3215,4.1068,4.0553,2
2457924.688267,-2.8741,20.2589,4.1258,4.3215,4.1068,4.0553,2
2457924.719527,-4.2633,20.8343,4.1258,4.3215,4.1068,4.0553,2
2457924.737497,-10.1526,10.3190,4.1258,4.3215,4.1068,4.0553,2
2457924.797947,-7.6883,10.2517,4.1258,4.3215,4.1068,4.0553,2
2457924.829987,-12.6521,11.9743,4.1258,4.3215,4.1068,4.0553,2
2457924.850037,-7.3802,16.3958,4.1258,4.3215,4.1068,4.0553,2
2457925.775287,-12.4806,20.2488,4.1258,4.3215,4.1068,4.0553,2
2457925.808297,-1.4130,17.6544,4.1258,4.3215,4.1068,4.0553,2
2457927.769177,-2.2160,10.9873,4.1258,4.3215,4.1068,4.0553,2
2457933.631067,-5.7252,22.1804,4.1258,4.3215,4.1068,4.0553,2
2457933.697437,-14.0820,14.7607,4.1258,4.3215,4.1068,4.0553,2
2457933.721487,-15.8872,15.2863,4.1258,4.3215,4.1068,4.0553,2
2457933.815787,-6.0516,23.5411,4.1258,4.3215,4.1068,4.0553,2
2457934.522817,-11.5503,11.3547,4.1258,4.3215,4.1068,4.0553,2
2457934.545737,-6.9137,22.5881,4.1258,4.3215,4.1068,4.0553,2
2457934.578677,-7.8319,14.3705,4.1258,4.3215,4.1068,4.0553,2
2457934.598737,-0.6186,21.9088,4.1258,4.3215,4.1068,4.0553,2
2457934.618387,-1.6894,23.1244,4.1258,4.3215,4.1068,4.0553,2
2457934.636587,-14.7937,25.3879,4.1258,4.3215,4.1068,4.0553,2
2457934.657027,-9.6855,9.0414,4.1258,4.3215,4.1068,4.0553,2
2457934.710587,-5.5061,13.5873,4.1258,4.3215,4.1068,4.0553,2
2457934.730577,-4.0750,22.1757,4.1258,4.3215,4.1068,4.0553,2
2457934.771777,-7.0388,10.5578,4.1258,4.3215,4.1068,4.0553,2
2457935.524007,-1.3012,16.1881,4.1258,4.3215,4.1068,4.0553,2
2457935.544617,-9.0655,22.0915,4.1258,4.3215,4.1068,4.0553,2
2457935.576677,-5.1192,18.3324,4.1258,4.3215,4.1068,4.0553,2
2457935.618157,-4.9552,18.0001,4.1258,4.3215,4.1068,4.0553,2
2457935.657647,-9.4340,14.7367,4.1258,4.3215,4.1068,4.0553,2
2457935.689537,-0.5474,16.1751,4.1258,4.3215,4.1068,4.0553,2
2457935.710187,-5.1245,15.3429,4.1258,4.3215,4.1068,4.0553,2
2457935.730057,-9.9369,20.1942,4.1258,4.3215,4.1068,4.0553,2
2457935.750267,-9.1197,9.3862,4.1258,4.3215,4.1068,4.0553,2
2457935.773027,-13.6712,20.0348,4.1258,4.3215,4.1068,4.0553,2
2457935.822487,-1.9177,23.4276,4.1258,4.3215,4.1068,4.0553,2
2457936.510987,-13.0576,17.8641,4.1258,4.3215,4.1068,4.0553,2
2457936.530287,-2.1350,17.8576,4.1258,4.3215,4.1068,4.0553,2
2457936.587247,-12.0123,23.4527,4.1258,4.3215,4.1068,4.0553,2
2457936.606767,-10.7054,19.5687,4.1258,4.3215,4.1068,4.0553,2
2457936.628687,-4.9484,11.3117,4.1258,4.3215,4.1068,4.0553,2
2457936.738427,-7.0934,25.7297,4.1258,4.3215,4.1068,4.0553,2
2457936.756787,-9.1237,9.6292,4.1258,4.3215,4.1068,4.0553,2
2457937.511287,-15.3655,10.7399,4.1258,4.3215,4.1068,4.0553,2
2457937.580467,-12.8008,16.8943,4.1258,4.3215,4.1068,4.0553,2
2457937.600777,-9.8038,10.1945,4.1258,4.3215,4.1068,4.0553,2
2457937.621757,-9.1038,15.6013,4.1258,4.3215,4.1068,4.0553,2
2457937.687797,1.0506,16.6556,4.1258,4.3215,4.1068,4.0553,2
2457937.746997,-5.0645,16.9235,4.1258,4.3215,4.1068,4.0553,2
2457938.504117,-12.3499,11.9303,4.1258,4.3215,4.1068,4.0553,2
2457938.538647,-4.9185,25.3330,4.1258,4.3215,4.1068,4.0553,2
2457943.666057,-8.5425,21.4718,4.1258,4.3215,4.1068,4.0553,2
2457944.477227,-10.8310,21.6886,4.1258,4.3215,4.1068,4.0553,2
2457944.495817,-1.8961,12.7637,4.1258,4.3215,4.1068,4.0553,2
2457944.512847,-10.8858,7.5226,4.1258,4.3215,4.1068,4.0553,2
2457944.533147,-4.6554,16.1226,4.1258,4.3215,4.1068,4.0553,2
2457944.561317,-4.5300,24.6168,4.1258,4.3215,4.1068,4.0553,2
2457944.578597,-3.5790,17.5599,4.1258,4.3215,4.1068,4.0553,2
2457944.693517,-9.3727,13.4057,4.1258,4.3215,4.1068,4.0553,2
2457944.711397,-6.8043,16.4278,4.1258,4.3215,4.1068,4.0553,2
2457944.729407,-5.2050,15.9728,4.1258,4.3215,4.1068,4.0553,2
2457944.779407,-3.4545,13.5927,4.1258,4.3215,4.1068,4.0553,2
2457944.804907,-15.4968,8.3255,4.1258,4.3215,4.1068,4.0553,2
2457945.502097,-2.3847,21.1694,4.1258,4.3215,4.1068,4.0553,2
2457945.519307,-4.4614,21.3893,4.1258,4.3215,4.1068,4.0553,2
2457945.538137,-9.0467,9.6819,4.1258,4.3215,4.1068,4.0553,2
2457945.567897,-7.9676,19.3794,4.1258,4.3215,4.1068,4.0553,2
2457945.585697,-11.8656,15.8783,4.1258,4.3215,4.1068,4.0553,2
2457945.604497,-11.9927,20.5702,4.1258,4.3215,4.1068,4.0553,2
2457945.622977,-4.0548,20.5002,4.1258,4.3215,4.1068,4.0553,2
2457945.642727,1.1651,13.0475,4.1258,4.3215,4.1068,4.0553,2
2457945.672947,-4.8262,21.2367,4.1258,4.3215,4.1068,4.0553,2
2457945.693137,0.3658,19.1915,4.1258,4.3215,4.1068,4.0553,2
2457945.711897,-4.7061,12.5446,4.1258,4.3215,4.1068,4.0553,2
2457945.728827,-4.2322,21.0476,4.1258,4.3215,4.1068,4.0553,2
2457945.746457,-0.8272,10.8973,4.1258,4.3215,4.1068,4.0553,2
2457945.774277,-7.5459,11.4330,4.1258,4.3215,4.1068,4.0553,2
2457945.805567,1.6525,12.7227,4.1258,4.3215,4.1068,4.0553,2
2457946.492827,-1.5776,27.7605,4.1258,4.3215,4.1068,4.0553,2
2457946.510817,-7.3205,11.8234,4.1258,4.3215,4.1068,4.0553,2
2457946.567187,-9.7951,21.9544,4.1258,4.3215,4.1068,4.0553,2
2457946.584387,-10.8276,17.3023,4.1258,4.3215,4.1068,4.0553,2
2457946.623947,-13.0023,6.8985,4.1258,4.3215,4.1068,4.0553,2
2457946.676177,-8.8944,22.0103,4.1258,4.3215,4.1068,4.0553,2
2457946.693857,-2.4950,15.9947,4.1258,4.3215,4.1068,4.0553,2
2457946.715187,-4.6371,9.8771,4.1258,4.3215,4.1068,4.0553,2
2457946.732527,-7.8410,7.6478,4.1258,4.3215,4.1068,4.0553,2
2457946.734037,-11.0431,26.7074,4.1258,4.3215,4.1068,4.0553,2
2457947.590377,-5.4978,23.8452,4.1258,4.3215,4.1068,4.0553,2
2457948.504307,-1.2017,9.3405,4.1258,4.3215,4.1068,4.0553,2
2457948.525617,-15.5855,20.7641,4.1258,4.3215,4.1068,4.0553,2
2457948.556887,-1.5493,13.0278,4.1258,4.3215,4.1068,4.0553,2
2457948.616427,-5.8026,10.6676,4.1258,4.3215,4.1068,4.0553,2
2457948.636617,-6.3540,8.2607,4.1258,4.3215,4.1068,4.0553,2
2457948.707857,-3.2619,24.0070,4.1258,4.3215,4.1068,4.0553,2
2457949.602627,-5.4485,9.1829,4.1258,4.3215,4.1068,4.0553,2
2457949.644127,-3.0057,7.9666,4.1258,4.3215,4.1068,4.0553,2
2457949.663277,-7.2342,14.5468,4.1258,4.3215,4.1068,4.0553,2
2457951.684437,-2.7238,16.8627,4.1258,4.3215,4.1068,4.0553,2
2457952.490127,-8.4797,13.8372,4.1258,4.3215,4.1068,4.0553,2
2457952.510357,-12.0896,17.9301,4.1258,4.3215,4.1068,4.0553,2
2457952.529627,-10.4735,16.6234,4.1258,4.3215,4.1068,4.0553,2
2457952.562567,-6.4790,13.4471,4.1258,4.3215,4.1068,4.0553,2
2457952.582977,-6.5264,21.6538,4.1258,4.3215,4.1068,4.0553,2
2457952.711167,-3.7845,17.9774,4.1258,4.3215,4.1068,4.0553,2
2457952.731937,-1.7731,15.2989,4.1258,4.3215,4.1068,4.0553,2
2457952.751817,-4.8730,20.1103,4.1258,4.3215,4.1068,4.0553,2
2457953.510757,-5.8710,12.4124,4.1258,4.3215,4.1068,4.0553,2
2457953.535347,-6.0224,9.9595,4.1258,4.3215,4.1068,4.0553,2
2457953.554137,-6.5236,12.6821,4.1258,4.3215,4.1068,4.0553,2
2457953.578717,-12.4263,7.4387,4.1258,4.3215,4.1068,4.0553,2
2457953.598487,-2.0008,18.9152,4.1258,4.3215,4.1068,4.0553,2
2457953.618377,-2.2278,10.7319,4.1258,4.3215,4.1068,4.0553,2
2457953.651737,-12.4177,15.2561,4.1258,4.3215,4.1068,4.0553,2
2457953.690207,-6.1286,19.0227,4.1258,4.3215,4.1068,4.0553,2
2457953.710327,-9.0879,23.5790,4.1258,4.3215,4.1068,4.0553,2
2457954.479037,-8.7386,22.1926,4.1258,4.3215,4.1068,4.0553,2
2457954.497037,-11.1622,10.7441,4.1258,4.3215,4.1068,4.0553,2
2457954.514927,-16.6005,10.2260,4.1258,4.3215,4.1068,4.0553,2
2457954.534337,-13.6845,22.7155,4.1258,4.3215,4.1068,4.0553,2
2457954.569897,-5.5786,16.4598,4.1258,4.3215,4.1068,4.0553,2
2457954.588767,-8.5770,10.6719,4.1258,4.3215,4.1068,4.0553,2
2457954.608407,-12.4678,17.0051,4.1258,4.3215,4.1068,4.0553,2
2457954.627267,-2.3654,23.1864,4.1258,4.3215,4.1068,4.0553,2
2457954.647477,-4.1698,23.7894,4.1258,4.3215,4.1068,4.0553,2
2457954.736417,-8.5043,26.3473,4.1258,4.3215,4.1068,4.0553,2
2457955.512267,-10.3795,14.7084,4.1258,4.3215,4.1068,4.0553,2
2457955.529597,-11.7480,7.1256,4.1258,4.3215,4.1068,4.0553,2
2457955.547157,-6.2866,12.2585,4.1258,4.3215,4.1068,4.0553,2
2457955.565867,-9.7300,17.5391,4.1258,4.3215,4.1068,4.0553,2
2457955.616147,-2.0504,13.3056,4.1258,4.3215,4.1068,4.0553,2
2457955.634907,-7.6368,20.5548,4.1258,4.3215,4.1068,4.0553,2
2457955.652867,-4.8158,21.6801,4.1258,4.3215,4.1068,4.0553,2
2457955.671177,-3.9939,19.7590,4.1258,4.3215,4.1068,4.0553,2
2457955.688937,-8.8142,21.0068,4.1258,4.3215,4.1068,4.0553,2
2457955.737997,-6.5488,15.1932,4.1258,4.3215,4.1068,4.0553,2
2457955.755017,-9.2342,17.7918,4.1258,4.3215,4.1068,4.0553,2
2457955.772517,0.7191,22.2960,4.1258,4.3215,4.1068,4.0553,2
2457956.493617,-14.6671,19.8184,4.1258,4.3215,4.1068,4.0553,2
2457956.512507,1.2164,15.2760,4.1258,4.3215,4.1068,4.0553,2
2457956.541407,-5.9650,17.1224,4.1258,4.3215,4.1068,4.0553,2
2457956.560787,-2.1480,15.0585,4.1258,4.3215,4.1068,4.0553,2
2457956.578114,1.1924,15.7045,4.1258,4.3215,4.1068,4.0553,2
2457956.596884,-10.9646,13.6181,4.1258,4.3215,4.1068,4.0553,2
2457956.623824,-1.4420,23.3429,4.1258,4.3215,4.1068,4.0553,2
2457956.654177,-5.0723,15.8203,4.1258,4.3215,4.1068,4.0553,2
2457956.690297,-6.9753,22.5158,4.1258,4.3215,4.1068,4.0553,2
2457956.707867,-8.8731,11.8352,4.1258,4.3215,4.1068,4.0553,2
2457956.727627,-5.5974,24.5856,4.1258,4.3215,4.1068,4.0553,2
2457956.755347,-1.1812,23.7286,4.1258,4.3215,4.1068,4.0553,2
2457958.603897,-9.3760,23.4580,4.1258,4.3215,4.1068,4.0553,2
2457958.622577,-14.0364,24.0506,4.1258,4.3215,4.1068,4.0553,2
2457958.639547,-15.2772,15.0153,4.1258,4.3215,4.1068,4.0553,2
2457958.704217,-2.5417,8.6460,4.1258,4.3215,4.1068,4.0553,2
2457958.721907,-8.5303,21.9066,4.1258,4.3215,4.1068,4.0553,2
2457958.757407,0.0369,16.4029,4.1258,4.3215,4.1068,4.0553,2
2457959.487427,-0.2955,17.3794,4.1258,4.3215,4.1068,4.0553,2
2457959.505767,-1.1411,9.7835,4.1258,4.3215,4.1068,4.0553,2
2457959.526787,-7.3772,14.0013,4.1258,4.3215,4.1068,4.0553,2
2457959.546017,-2.3917,11.2651,4.1258,4.3215,4.1068,4.0553,2
2457959.565417,-10.3016,19.5317,4.1258,4.3215,4.1068,4.0553,2
2457959.596967,0.8666,16.9199,4.1258,4.3215,4.1068,4.0553,2
2457959.614647,-11.1117,25.3156,4.1258,4.3215,4.1068,4.0553,2
2457959.632757,-3.1319,21.5137,4.1258,4.3215,4.1068,4.0553,2
2457959.650427,-6.7743,22.6131,4.1258,4.3215,4.1068,4.0553,2
2457959.667527,-5.4553,12.9821,4.1258,4.3215,4.1068,4.0553,2
2457959.685167,-6.8467,7.9513,4.1258,4.3215,4.1068,4.0553,2
2457959.713457,-5.5162,16.7257,4.1258,4.3215,4.1068,4.0553,2
2457959.754237,-6.1867,20.6246,4.1258,4.3215,4.1068,4.0553,2
2457960.561297,-5.6095,19.0293,4.1258,4.3215,4.1068,4.0553,2
2457960.600677,-4.0375,17.4792,4.1258,4.3215,4.1068,4.0553,2
2457960.630797,-7.2285,23.1328,4.1258,4.3215,4.1068,4.0553,2
2457960.647957,1.3089,14.5986,4.1258,4.3215,4.1068,4.0553,2
2457960.668837,-2.8541,19.4595,4.1258,4.3215,4.1068,4.0553,2
2457960.686147,-2.7479,23.5059,4.1258,4.3215,4.1068,4.0553,2
2457960.705597,-12.7740,15.8217,4.1258,4.3215,4.1068,4.0553,2
2457960.736087,-3.1844,11.1026,4.1258,4.3215,4.1068,4.0553,2
2457960.752767,-3.1630,20.5376,4.1258,4.3215,4.1068,4.0553,2
2457960.761527,-4.5020,19.1502,4.1258,4.3215,4.1068,4.0553,2
2457961.511807,-6.5558,13.8357,4.1258,4.3215,4.1068,4.0553,2
2457961.549137,-10.1810,15.5134,4.1258,4.3215,4.1068,4.0553,2
2457961.578637,-2.2741,15.4589,4.1258,4.3215,4.1068,4.0553,2
2457961.598827,-5.9209,18.9972,4.1258,4.3215,4.1068,4.0553,2
2457961.639487,-10.7356,21.2271,4.1258,4.3215,4.1068,4.0553,2
2457961.657167,-1.8489,16.8427,4.1258,4.3215,4.1068,4.0553,2
2457961.713207,-1.2069,6.9252,4.1258,4.3215,4.1068,4.0553,2
2457962.491277,-1.9104,15.5983,4.1258,4.3215,4.1068,4.0553,2
2457962.521107,-8.7921,22.5204,4.1258,4.3215,4.1068,4.0553,2
2457962.538937,-10.5260,10.7101,4.1258,4.3215,4.1068,4.0553,2
2457962.592497,-10.0972,10.1953,4.1258,4.3215,4.1068,4.0553,2
2457962.674117,-14.2866,19.3513,4.1258,4.3215,4.1068,4.0553,2
2457962.691237,-15.4260,15.2595,4.1258,4.3215,4.1068,4.0553,2
2457962.726387,-10.1829,17.7804,4.1258,4.3215,4.1068,4.0553,2
2457962.751697,-0.2141,7.5987,4.1258,4.3215,4.1068,4.0553,2
2457964.635777,-7.5333,18.2898,4.1258,4.3215,4.1068,4.0553,2
2457964.654417,-7.5090,17.3204,4.1258,4.3215,4.1068,4.0553,2
2457964.683597,-12.5881,17.5021,4.1258,4.3215,4.1068,4.0553,2
2457964.702057,-11.1220,15.0024,4.1258,4.3215,4.1068,4.0553,2
2457964.719697,-5.6575,13.3073,4.1258,4.3215,4.1068,4.0553,2
2457964.751177,-3.2249,14.5128,4.1258,4.3215,4.1068,4.0553,2
2457966.509417,-6.6698,13.1382,4.1258,4.3215,4.1068,4.0553,2
2457966.530857,-10.9153,21.6531,4.1258,4.3215,4.1068,4.0553,2
2457966.551417,-14.4080,14.0298,4.1258,4.3215,4.1068,4.0553,2
2457966.582507,-9.4344,21.0933,4.1258,4.3215,4.1068,4.0553,2
2457966.603137,-7.9521,21.0927,4.1258,4.3215,4.1068,4.0553,2
2457966.623957,-0.9798,20.3400,4.1258,4.3215,4.1068,4.0553,2
2457966.643727,-6.0046,15.2585,4.1258,4.3215,4.1068,4.0553,2
2457966.663257,-12.9504,13.8585,4.1258,4.3215,4.1068,4.0553,2
2457966.667767,-12.6597,20.8661,4.1258,4.3215,4.1068,4.0553,2
2457966.698047,-6.9472,22.9079,4.1258,4.3215,4.1068,4.0553,2
2457966.719957,-13.4237,13.5416,4.1258,4.3215,4.1068,4.0553,2
2457967.573867,-7.9112,22.8992,4.1258,4.3215,4.1068,4.0553,2
2457967.593717,-9.2330,11.2459,4.1258,4.3215,4.1068,4.0553,2
2457967.634717,-4.2071,20.6468,4.1258,4.3215,4.1068,4.0553,2
2457967.653657,-11.5234,19.7535,4.1258,4.3215,4.1068,4.0553,2
2457968.574397,-16.0954,14.9391,4.1258,4.3215,4.1068,4.0553,2
2457968.594047,-6.1702,16.1875,4.1258,4.3215,4.1068,4.0553,2
2457969.579057,-10.2397,18.3371,4.1258,4.3215,4.1068,4.0553,2
2457971.617587,-14.1478,18.2029,4.1258,4.3215,4.1068,4.0553,2
2457971.635547,-7.4550,12.3311,4.1258,4.3215,4.1068,4.0553,2
2457971.682717,-10.3805,19.9694,4.1258,4.3215,4.1068,4.0553,2
2457971.719487,-5.3151,13.2519,4.1258,4.3215,4.1068,4.0553,2
2457981.494417,-4.8527,12.4107,4.1258,4.3215,4.1068,4.0553,2
2457981.514577,-8.9258,11.4426,4.1258,4.3215,4.1068,4.0553,2
2457981.617457,-5.3645,9.6717,4.1258,4.3215,4.1068,4.0553,2
2457981.637977,-10.4323,22.5313,4.1258,4.3215,4.1068,4.0553,2
2457981.658867,-4.7857,11.5902,4.1258,4.3215,4.1068,4.0553,2
2457982.551167,-12.2914,17.7457,4.1258,4.3215,4.1068,4.0553,2
2457982.569927,-7.9978,19.0138,4.1258,4.3215,4.1068,4.0553,2
2457982.591847,-9.6928,14.4743,4.1258,4.3215,4.1068,4.0553,2
2457982.671477,-7.6224,17.1310,4.1258,4.3215,4.1068,4.0553,2
2457983.480697,-6.6444,18.6942,4.1258,4.3215,4.1068,4.0553,2
2457983.497837,-9.6840,17.6851,4.1258,4.3215,4.1068,4.0553,2
2457983.515977,-8.4995,17.1100,4.1258,4.3215,4.1068,4.0553,2
2457983.546017,-8.6471,15.6545,4.1258,4.3215,4.1068,4.0553,2
2457983.580717,-7.9779,20.3160,4.1258,4.3215,4.1068,4.0553,2
2457983.599587,-9.9991,18.3095,4.1258,4.3215,4.1068,4.0553,2
2457983.617797,-6.6354,21.4570,4.1258,4.3215,4.1068,4.0553,2
2457983.637237,-10.3059,12.8688,4.1258,4.3215,4.1068,4.0553,2
2457983.655347,-6.1503,9.1796,4.1258,4.3215,4.1068,4.0553,2
2457984.517217,-8.0141,10.9108,4.1258,4.3215,4.1068,4.0553,2
2457984.541657,-7.1764,12.4276,4.1258,4.3215,4.1068,4.0553,2
2457984.559167,-8.3962,20.3728,4.1258,4.3215,4.1068,4.0553,2
2457984.615547,-13.1079,16.0547,4.1258,4.3215,4.1068,4.0553,2
2457984.652487,-13.0220,15.2807,4.1258,4.3215,4.1068,4.0553,2
2457985.647007,-8.3246,10.2465,4.1258,4.3215,4.1068,4.0553,2
2457985.664927,-7.8897,22.3598,4.1258,4.3215,4.1068,4.0553,2
2457985.696667,-6.8499,23.4088,4.1258,4.3215,4.1068,4.0553,2
2457986.506627,-3.4937,16.1300,4.1258,4.3215,4.1068,4.0553,2
2457986.537367,-6.2864,21.0846,4.1258,4.3215,4.1068,4.0553,2
2457986.555467,-5.9323,12.9117,4.1258,4.3215,4.1068,4.0553,2
2457986.573087,-4.5118,17.6408,4.1258,4.3215,4.1068,4.0553,2
2457986.615947,-11.3837,15.6917,4.1258,4.3215,4.1068,4.0553,2
2457987.502107,-9.1447,14.8041,4.1258,4.3215,4.1068,4.0553,2
2457987.522057,-6.5132,15.1183,4.1258,4.3215,4.1068,4.0553,2
2457987.594377,-8.6609,12.6106,4.1258,4.3215,4.1068,4.0553,2
2457987.614397,-8.3642,10.0752,4.1258,4.3215,4.1068,4.0553,2
2457987.631757,-8.1920,12.3656,4.1258,4.3215,4.1068,4.0553,2
2457987.677967,-11.3991,22.0943,4.1258,4.3215,4.1068,4.0553,2
2457988.530207,-14.8551,18.5571,4.1258,4.3215,4.1068,4.0553,2
2457990.500467,-3.8451,9.7925,4.1258,4.3215,4.1068,4.0553,2
2457990.530127,-6.1335,17.2476,4.1258,4.3215,4.1068,4.0553,2
2457990.547297,-8.5390,12.9872,4.1258,4.3215,4.1068,4.0553,2
2457990.564897,-1.9718,20.7833,4.1258,4.3215,4.1068,4.0553,2
2457990.584227,-6.7999,14.5681,4.1258,4.3215,4.1068,4.0553,2
2457990.601837,-9.0441,18.9450,4.1258,4.3215,4.1068,4.0553,2
2457990.674737,-9.4219,16.9745,4.1258,4.3215,4.1068,4.0553,2
2457991.533437,-8.0259,20.1724,4.1258,4.3215,4.1068,4.0553,2
2457991.567547,-8.3136,17.4273,4.1258,4.3215,4.1068,4.0553,2
2457991.605577,-7.4175,11.5214,4.1258,4.3215,4.1068,4.0553,2
2457991.623547,-8.8603,13.7485,4.1258,4.3215,4.1068,4.0553,2
2457991.639497,-6.6828,15.5778,4.1258,4.3215,4.1068,4.0553,2
2457991.673167,-4.2023,17.8601,4.1258,4.3215,4.1068,4.0553,2
2457992.491037,-10.4791,22.7034,4.1258,4.3215,4.1068,4.0553,2
2457992.574067,-8.9768,15.6982,4.1258,4.3215,4.1068,4.0553,2
2457992.592047,-4.1232,22.0262,4.1258,4.3215,4.1068,4.0553,2
2457992.617507,-11.2811,19.4364,4.1258,4.3215,4.1068,4.0553,2
2457992.663607,-7.8476,19.3453,4.1258,4.3215,4.1068,4.0553,2
2457992.671097,-2.5098,13.2636,4.1258,4.3215,4.1068,4.0553,2
2457993.482657,-10.5018,14.9235,4.1258,4.3215,4.1068,4.0553,2
2457993.508447,-8.1611,19.3243,4.1258,4.3215,4.1068,4.0553,2
2457993.549247,-6.9478,13.1568,4.1258,4.3215,4.1068,4.0553,2
2457993.566677,-9.2867,8.4253,4.1258,4.3215,4.1068,4.0553,2
2457993.624527,-9.4192,17.0101,4.1258,4.3215,4.1068,4.0553,2
2457993.652117,-7.1331,19.0477,4.1258,4.3215,4.1068,4.0553,2
2457993.668317,-10.8536,18.9088,4.1258,4.3215,4.1068,4.0553,2
2457994.584987,-0.6021,10.2314,4.1258,4.3215,4.1068,4.0553,2
2457995.487617,-10.7264,12.8847,4.1258,4.3215,4.1068,4.0553,2
2457995.541597,-5.4842,14.5793,4.1258,4.3215,4.1068,4.0553,2
2457995.560657,-3.0938,15.2229,4.1258,4.3215,4.1068,4.0553,2
2457996.498667,-6.7428,16.5917,4.1258,4.3215,4.1068,4.0553,2
2457996.541337,-3.4276,13.4158,4.1258,4.3215,4.1068,4.0553,2
2457996.558287,-4.0466,10.8520,4.1258,4.3215,4.1068,4.0553,2
2457996.575447,-11.3004,13.4013,4.1258,4.3215,4.1068,4.0553,2
2457997.591167,-3.1115,20.0389,4.1258,4.3215,4.1068,4.0553,2
2457998.495047,-7.1447,10.9226,4.1258,4.3215,4.1068,4.0553,2
2457998.514787,-8.5120,20.8242,4.1258,4.3215,4.1068,4.0553,2
2457998.536827,-4.4832,9.7046,4.1258,4.3215,4.1068,4.0553,2
2457998.556307,-6.6738,16.4140,4.1258,4.3215,4.1068,4.0553,2
2457998.605217,-14.9189,22.5403,4.1258,4.3215,4.1068,4.0553,2
2457998.625517,-11.0630,22.0961,4.1258,4.3215,4.1068,4.0553,2
2458001.487357,-11.9836,15.5652,4.1258,4.3215,4.1068,4.0553,2
2458001.515587,-8.3154,21.4534,4.1258,4.3215,4.1068,4.0553,2
2458001.539257,-1.8940,19.8965,4.1258,4.3215,4.1068,4.0553,2
2458001.578967,-6.3451,16.3042,4.1258,4.3215,4.1068,4.0553,2
2458001.609837,-8.5985,9.3728,4.1258,4.3215,4.1068,4.0553,2
2458003.514647,-11.5633,15.0120,4.1258,4.3215,4.1068,4.0553,2
2458003.569827,-13.2024,17.2409,4.1258,4.3215,4.1068,4.0553,2
2458003.588837,-2.2104,13.0286,4.1258,4.3215,4.1068,4.0553,2
2458003.609577,-10.5100,10.1576,4.1258,4.3215,4.1068,4.0553,2
2458004.477577,-7.4300,20.2527,4.1258,4.3215,4.1068,4.0553,2
2458004.500437,-2.7639,18.1244,4.1258,4.3215,4.1068,4.0553,2
2458004.536217,-6.8025,17.0250,4.1258,4.3215,4.1068,4.0553,2
2458004.559037,-11.3980,17.1586,4.1258,4.3215,4.1068,4.0553,2
2458004.578937,-5.3304,16.3890,4.1258,4.3215,4.1068,4.0553,2
2458004.599657,-14.9511,12.0655,4.1258,4.3215,4.1068,4.0553,2
2458004.619957,1.0987,10.3765,4.1258,4.3215,4.1068,4.0553,2
2458007.596877,-12.1608,8.2951,4.1258,4.3215,4.1068,4.0553,2
2458007.616067,-12.4447,14.3612,4.1258,4.3215,4.1068,4.0553,2
2458008.565287,-5.9461,18.8433,4.1258,4.3215,4.1068,4.0553,2
2458008.585197,-16.2025,17.1847,4.1258,4.3215,4.1068,4.0553,2
2458008.622127,1.3528,22.0439,4.1258,4.3215,4.1068,4.0553,2
2458010.533217,1.1263,15.2987,4.1258,4.3215,4.1068,4.0553,2
2458010.584827,-7.8557,21.6480,4.1258,4.3215,4.1068,4.0553,2
2458010.625297,2.6085,18.6488,4.1258,4.3215,4.1068,4.0553,2
2458011.489977,-15.6887,15.6576,4.1258,4.3215,4.1068,4.0553,2
2458011.554047,-11.1638,25.0049,4.1258,4.3215,4.1068,4.0553,2
2458012.483257,-1.3026,18.9802,4.1258,4.3215,4.1068,4.0553,2
2458012.503207,-7.0218,14.2933,4.1258,4.3215,4.1068,4.0553,2
2458013.489347,-6.1406,16.9646,4.1258,4.3215,4.1068,4.0553,2
2458013.506837,-11.7996,13.6290,4.1258,4.3215,4.1068,4.0553,2
2458013.562367,-6.2418,18.1480,4.1258,4.3215,4.1068,4.0553,2
2458013.580067,-5.6575,14.3531,4.1258,4.3215,4.1068,4.0553,2
2458013.597657,-2.5248,20.5111,4.1258,4.3215,4.1068,4.0553,2
2458014.487717,-7.8175,14.1924,4.1258,4.3215,4.1068,4.0553,2
2458014.516387,-4.9037,16.0336,4.1258,4.3215,4.1068,4.0553,2
2458014.547597,-14.0874,20.3803,4.1258,4.3215,4.1068,4.0553,2
2458014.566067,-7.8047,20.6796,4.1258,4.3215,4.1068,4.0553,2
2458014.584097,-3.1104,14.3377,4.1258,4.3215,4.1068,4.0553,2
2458014.602627,-10.4114,21.2798,4.1258,4.3215,4.1068,4.0553,2
2458017.505997,-5.2418,18.2213,4.1258,4.3215,4.1068,4.0553,2
2458017.523487,-4.4659,10.8546,4.1258,4.3215,4.1068,4.0553,2
2458017.543677,-3.9008,12.1508,4.1258,4.3215,4.1068,4.0553,2
2458018.508337,-14.9293,12.4165,4.1258,4.3215,4.1068,4.0553,2
2458018.527227,-1.1881,20.5147,4.1258,4.3215,4.1068,4.0553,2
2458018.547057,-5.8976,16.1912,4.1258,4.3215,4.1068,4.0553,2
2458018.565597,-11.1541,17.5432,4.1258,4.3215,4.1068,4.0553,2
2458018.584597,-11.1542,17.8155,4.1258,4.3215,4.1068,4.0553,2
2458019.498837,-4.4118,24.1378,4.1258,4.3215,4.1068,4.0553,2
2458019.528737,-1.8582,19.9269,4.1258,4.3215,4.1068,4.0553,2
2458019.547897,0.7379,21.2677,4.1258,4.3215,4.1068,4.0553,2
2458019.566837,-9.4348,20.3133,4.1258,4.3215,4.1068,4.0553,2
2458019.586397,-7.1001,15.4083,4.1258,4.3215,4.1068,4.0553,2
2458020.502137,-9.4828,9.5137,4.1258,4.3215,4.1068,4.0553,2
2458020.531647,-10.7688,12.7629,4.1258,4.3215,4.1068,4.0553,2
2458020.549977,-18.8725,18.2491,4.1258,4.3215,4.1068,4.0553,2
2458020.597127,-7.9440,10.4402,4.1258,4.3215,4.1068,4.0553,2
2458021.589137,-13.6810,12.0071,4.1258,4.3215,4.1068,4.0553,2
2458022.498317,-7.9861,9.7796,4.1258,4.3215,4.1068,4.0553,2
2458022.517667,-11.2392,11.3586,4.1258,4.3215,4.1068,4.0553,2
2458022.538167,-2.3490,18.0101,4.1258,4.3215,4.1068,4.0553,2
2458022.585307,-19.6973,13.3086,4.1258,4.3215,4.1068,4.0553,2
2458023.491097,-10.5632,16.3235,4.1258,4.3215,4.1068,4.0553,2
2458023.570877,-2.3764,23.0875,4.1258,4.3215,4.1068,4.0553,2
2458023.582367,-0.1838,10.2709,4.1258,4.3215,4.1068,4.0553,2
2458025.521297,-7.6923,15.0884,4.1258,4.3215,4.1068,4.0553,2
2458025.546037,-11.3971,18.6516,4.1258,4.3215,4.1068,4.0553,2
2458029.494247,-4.1525,14.6271,4.1258,4.3215,4.1068,4.0553,2
2458029.513137,-17.2624,9.9056,4.1258,4.3215,4.1068,4.0553,2
2458029.566777,-13.6824,15.5836,4.1258,4.3215,4.1068,4.0553,2
2458030.522427,-14.6816,20.3090,4.1258,4.3215,4.1068,4.0553,2
2458032.497087,-13.5733,16.3011,4.1258,4.3215,4.1068,4.0553,2
2458032.503157,-7.6495,19.1759,4.1258,4.3215,4.1068,4.0553,2
2458032.521207,3.6327,14.0330,4.1258,4.3215,4.1068,4.0553,2
2458033.502867,-11.0259,12.3166,4.1258,4.3215,4.1068,4.0553,2
2458034.557217,-15.0025,17.7814,4.1258,4.3215,4.1068,4.0553,2
2458035.554647,0.0056,10.5115,4.1258,4.3215,4.1068,4.0553,2
2458036.519207,-3.6964,21.1281,4.1258,4.3215,4.1068,4.0553,2
2458036.540477,-12.7274,18.1913,4.1258,4.3215,4.1068,4.0553,2
2458036.556257,0.0685,14.0785,4.1258,4.3215,4.1068,4.0553,2
2458037.506507,4.1461,20.5477,4.1258,4.3215,4.1068,4.0553,2
2458039.505157,-7.4194,12.4875,4.1258,4.3215,4.1068,4.0553,2
2458040.496447,-2.9709,15.2878,4.1258,4.3215,4.1068,4.0553,2
2458040.514817,-6.4780,21.1258,4.1258,4.3215,4.1068,4.0553,2
2458041.494677,-8.1887,17.1648,4.1258,4.3215,4.1068,4.0553,2
2458041.512337,-15.8205,17.2829,4.1258,4.3215,4.1068,4.0553,2
2458041.542177,-3.4676,20.9829,4.1258,4.3215,4.1068,4.0553,2
2458043.522057,-13.1301,11.2013,4.1258,4.3215,4.1068,4.0553,2
2458168.894197,-11.5908,10.8040,4.1258,4.3215,4.0397,3.9337,3
2458170.889597,-4.6454,12.5455,4.1258,4.3215,4.0397,3.9337,3
2458171.856527,-5.1861,12.7049,4.1258,4.3215,4.0397,3.9337,3
2458171.885107,-4.8987,14.3521,4.1258,4.3215,4.0397,3.9337,3
2458172.885927,-7.5576,15.3395,4.1258,4.3215,4.0397,3.9337,3
2458174.848097,-8.4532,12.5142,4.1258,4.3215,4.0397,3.9337,3
2458174.881967,-8.1613,8.9876,4.1258,4.3215,4.0397,3.9337,3
2458174.901387,-8.8612,15.0522,4.1258,4.3215,4.0397,3.9337,3
2458175.860457,-8.3077,13.3731,4.1258,4.3215,4.0397,3.9337,3
2458175.881247,-7.8951,14.2242,4.1258,4.3215,4.0397,3.9337,3
2458175.901067,-11.2413,16.1919,4.1258,4.3215,4.0397,3.9337,3
2458176.873247,-4.6257,10.4171,4.1258,4.3215,4.0397,3.9337,3
2458176.904097,-5.5329,14.7248,4.1258,4.3215,4.0397,3.9337,3
2458178.859287,-8.8713,6.2066,4.1258,4.3215,4.0397,3.9337,3
2458178.892697,-10.1600,15.5773,4.1258,4.3215,4.0397,3.9337,3
2458179.838827,3.2469,14.2054,4.1258,4.3215,4.0397,3.9337,3
2458179.855857,0.1787,14.0956,4.1258,4.3215,4.0397,3.9337,3
2458179.875267,-4.3828,12.3712,4.1258,4.3215,4.0397,3.9337,3
2458179.893977,-4.1664,10.5926,4.1258,4.3215,4.0397,3.9337,3
2458180.834567,-1.6840,15.6229,4.1258,4.3215,4.0397,3.9337,3
2458180.852157,-5.1586,10.0409,4.1258,4.3215,4.0397,3.9337,3
2458180.869207,-3.3309,8.1477,4.1258,4.3215,4.0397,3.9337,3
2458180.886167,-2.3175,19.0228,4.1258,4.3215,4.0397,3.9337,3
2458180.905077,-0.9694,10.8649,4.1258,4.3215,4.0397,3.9337,3
2458181.846677,-5.4737,11.9640,4.1258,4.3215,4.0397,3.9337,3
2458181.863667,-11.4685,4.9994,4.1258,4.3215,4.0397,3.9337,3
2458181.865307,-11.0709,15.0804,4.1258,4.3215,4.0397,3.9337,3
2458181.882097,-9.9485,13.3130,4.1258,4.3215,4.0397,3.9337,3
2458181.900827,-14.3333,10.6498,4.1258,4.3215,4.0397,3.9337,3
2458182.830327,1.0380,11.8600,4.1258,4.3215,4.0397,3.9337,3
2458182.863737,-12.8936,15.7120,4.1258,4.3215,4.0397,3.9337,3
2458182.886877,-4.4566,18.2446,4.1258,4.3215,4.0397,3.9337,3
2458182.905257,-6.3321,14.6007,4.1258,4.3215,4.0397,3.9337,3
2458183.840877,-5.3031,14.5896,4.1258,4.3215,4.0397,3.9337,3
2458183.894517,-13.5202,9.1805,4.1258,4.3215,4.0397,3.9337,3
2458184.879927,-9.3521,6.3894,4.1258,4.3215,4.0397,3.9337,3
2458184.898257,-5.2798,9.1471,4.1258,4.3215,4.0397,3.9337,3
2458185.852147,-3.9231,10.6023,4.1258,4.3215,4.0397,3.9337,3
2458185.869967,-9.5097,7.2347,4.1258,4.3215,4.0397,3.9337,3
2458185.887007,-10.8559,5.5062,4.1258,4.3215,4.0397,3.9337,3
2458185.903947,-2.0261,13.3091,4.1258,4.3215,4.0397,3.9337,3
2458186.834857,-8.2823,13.0064,4.1258,4.3215,4.0397,3.9337,3
2458186.908787,-5.8192,12.0632,4.1258,4.3215,4.0397,3.9337,3
2458187.830587,-8.7120,9.8601,4.1258,4.3215,4.0397,3.9337,3
2458187.864737,-12.0674,19.0559,4.1258,4.3215,4.0397,3.9337,3
2458187.899347,-0.3735,8.1801,4.1258,4.3215,4.0397,3.9337,3
2458188.806777,-9.7351,19.5464,4.1258,4.3215,4.0397,3.9337,3
2458188.860507,-1.4482,10.0243,4.1258,4.3215,4.0397,3.9337,3
2458188.880217,-8.6254,11.2882,4.1258,4.3215,4.0397,3.9337,3
2458188.897897,-5.2083,8.3690,4.1258,4.3215,4.0397,3.9337,3
2458189.806127,-8.0813,9.2833,4.1258,4.3215,4.0397,3.9337,3
2458189.836497,-8.9662,14.9735,4.1258,4.3215,4.0397,3.9337,3
2458189.853407,-13.3951,5.1497,4.1258,4.3215,4.0397,3.9337,3
2458189.870037,-3.0346,11.7839,4.1258,4.3215,4.0397,3.9337,3
2458189.904577,-5.2071,6.7462,4.1258,4.3215,4.0397,3.9337,3
2458191.889237,-1.7212,9.1253,4.1258,4.3215,4.0397,3.9337,3
2458191.908397,-0.3887,13.7879,4.1258,4.3215,4.0397,3.9337,3
2458192.879327,-6.6327,15.2623,4.1258,4.3215,4.0397,3.9337,3
2458193.793627,-10.8101,16.3112,4.1258,4.3215,4.0397,3.9337,3
2458193.811267,1.2115,5.5725,4.1258,4.3215,4.0397,3.9337,3
2458193.861887,-4.4200,10.9371,4.1258,4.3215,4.0397,3.9337,3
2458193.879177,-9.4339,15.0851,4.1258,4.3215,4.0397,3.9337,3
2458194.817677,-1.3309,9.7055,4.1258,4.3215,4.0397,3.9337,3
2458194.834827,-0.4647,10.8403,4.1258,4.3215,4.0397,3.9337,3
2458194.851807,-8.0839,10.1078,4.1258,4.3215,4.0397,3.9337,3
2458194.868877,-6.8880,14.7869,4.1258,4.3215,4.0397,3.9337,3
2458194.903977,-9.4094,15.2990,4.1258,4.3215,4.0397,3.9337,3
2458195.816657,-4.7130,14.6215,4.1258,4.3215,4.0397,3.9337,3
2458195.852427,-12.0218,10.3777,4.1258,4.3215,4.0397,3.9337,3
2458195.898317,-6.0928,12.7028,4.1258,4.3215,4.0397,3.9337,3
2458196.837447,-11.7013,11.2644,4.1258,4.3215,4.0397,3.9337,3
2458196.871647,-8.7838,18.6479,4.1258,4.3215,4.0397,3.9337,3
2458196.888967,-5.3435,12.2126,4.1258,4.3215,4.0397,3.9337,3
2458197.833767,-8.0877,15.6006,4.1258,4.3215,4.0397,3.9337,3
2458197.882807,0.4621,14.2439,4.1258,4.3215,4.0397,3.9337,3
2458197.905227,-3.4719,4.9350,4.1258,4.3215,4.0397,3.9337,3
2458198.828387,-11.4178,5.7376,4.1258,4.3215,4.0397,3.9337,3
2458199.834257,-4.2480,10.3102,4.1258,4.3215,4.0397,3.9337,3
2458199.854007,-8.2705,16.4512,4.1258,4.3215,4.0397,3.9337,3
2458199.870927,-6.7653,16.0061,4.1258,4.3215,4.0397,3.9337,3
2458199.899857,-2.7940,8.1743,4.1258,4.3215,4.0397,3.9337,3
2458200.832787,-2.7323,18.6307,4.1258,4.3215,4.0397,3.9337,3
2458200.850077,-4.4940,8.0863,4.1258,4.3215,4.0397,3.9337,3
2458200.866947,-4.6019,7.8583,4.1258,4.3215,4.0397,3.9337,3
2458200.885267,-8.8838,12.7724,4.1258,4.3215,4.0397,3.9337,3
2458200.904687,-7.8906,12.1948,4.1258,4.3215,4.0397,3.9337,3
2458201.810357,-1.9018,11.0806,4.1258,4.3215,4.0397,3.9337,3
2458201.830207,-5.4504,9.8350,4.1258,4.3215,4.0397,3.9337,3
2458202.781327,-9.3052,15.3226,4.1258,4.3215,4.0397,3.9337,3
2458202.832547,-3.6685,10.5701,4.1258,4.3215,4.0397,3.9337,3
2458202.853177,-7.3778,7.1370,4.1258,4.3215,4.0397,3.9337,3
2458202.885157,-2.6437,10.0963,4.1258,4.3215,4.0397,3.9337,3
2458202.910097,-8.6184,17.6354,4.1258,4.3215,4.0397,3.9337,3
2458203.793557,-4.8772,11.6060,4.1258,4.3215,4.0397,3.9337,3
2458203.827187,-4.7511,6.1218,4.1258,4.3215,4.0397,3.9337,3
2458203.844387,-6.2649,11.1195,4.1258,4.3215,4.0397,3.9337,3
2458203.878327,-12.9769,11.0186,4.1258,4.3215,4.0397,3.9337,3
2458203.895517,-1.2709,14.2373,4.1258,4.3215,4.0397,3.9337,3
2458204.795137,-2.5774,17.1997,4.1258,4.3215,4.0397,3.9337,3
2458204.847227,-4.7471,11.6676,4.1258,4.3215,4.0397,3.9337,3
2458204.874487,-1.5144,18.4142,4.1258,4.3215,4.0397,3.9337,3
2458204.890967,-9.4932,9.1960,4.1258,4.3215,4.0397,3.9337,3
2458204.909867,-12.8200,9.7114,4.1258,4.3215,4.0397,3.9337,3
2458205.768107,-7.2702,9.5243,4.1258,4.3215,4.0397,3.9337,3
2458205.815507,-0.9439,7.2095,4.1258,4.3215,4.0397,3.9337,3
2458205.832217,-5.8047,14.5118,4.1258,4.3215,4.0397,3.9337,3
2458205.849537,-5.7977,9.3503,4.1258,4.3215,4.0397,3.9337,3
2458205.866847,-4.5218,10.1228,4.1258,4.3215,4.0397,3.9337,3
2458205.898997,-7.3994,10.8637,4.1258,4.3215,4.0397,3.9337,3
2458206.767137,-2.9512,13.9054,4.1258,4.3215,4.0397,3.9337,3
2458206.784187,-1.1331,12.8865,4.1258,4.3215,4.0397,3.9337,3
2458206.801047,-2.5727,12.8497,4.1258,4.3215,4.0397,3.9337,3
2458206.818057,-3.5662,14.1049,4.1258,4.3215,4.0397,3.9337,3
2458206.846017,-0.2631,13.2306,4.1258,4.3215,4.0397,3.9337,3
2458206.862877,-12.8604,15.2295,4.1258,4.3215,4.0397,3.9337,3
2458206.880147,-3.4002,18.9233,4.1258,4.3215,4.0397,3.9337,3
2458206.897077,-10.9516,10.1224,4.1258,4.3215,4.0397,3.9337,3
2458206.916237,-7.0607,6.6907,4.1258,4.3215,4.0397,3.9337,3
2458207.784927,-10.0079,10.5230,4.1258,4.3215,4.0397,3.9337,3
2458207.802227,-2.2637,9.5526,4.1258,4.3215,4.0397,3.9337,3
2458207.820917,-5.6100,7.1496,4.1258,4.3215,4.0397,3.9337,3
2458207.837827,-7.3427,13.4690,4.1258,4.3215,4.0397,3.9337,3
2458207.882627,-7.3105,15.5500,4.1258,4.3215,4.0397,3.9337,3
2458207.901427,-12.1039,15.8584,4.1258,4.3215,4.0397,3.9337,3
2458207.918767,-2.9872,13.3514,4.1258,4.3215,4.0397,3.9337,3
2458208.768327,-12.0965,17.5080,4.1258,4.3215,4.0397,3.9337,3
2458208.797007,-5.2763,8.9509,4.1258,4.3215,4.0397,3.9337,3
2458208.813727,-2.9099,11.0435,4.1258,4.3215,4.0397,3.9337,3
2458208.830817,-8.6829,12.0766,4.1258,4.3215,4.0397,3.9337,3
2458208.852217,-10.1376,16.7721,4.1258,4.3215,4.0397,3.9337,3
2458208.869287,-9.1638,13.7122,4.1258,4.3215,4.0397,3.9337,3
2458208.897777,-11.7151,12.2817,4.1258,4.3215,4.0397,3.9337,3
2458208.914967,-4.0805,11.2444,4.1258,4.3215,4.0397,3.9337,3
2458209.773047,-13.0168,12.8814,4.1258,4.3215,4.0397,3.9337,3
2458209.803117,-7.6563,11.8266,4.1258,4.3215,4.0397,3.9337,3
2458209.840637,-1.6060,17.6945,4.1258,4.3215,4.0397,3.9337,3
2458209.857977,-11.2575,11.2452,4.1258,4.3215,4.0397,3.9337,3
2458209.883877,-0.9891,16.7134,4.1258,4.3215,4.0397,3.9337,3
2458209.911887,-9.2993,13.8331,4.1258,4.3215,4.0397,3.9337,3
2458210.751197,0.1902,7.0310,4.1258,4.3215,4.0397,3.9337,3
2458210.802707,-5.7764,14.1277,4.1258,4.3215,4.0397,3.9337,3
2458210.819947,-2.4503,9.7817,4.1258,4.3215,4.0397,3.9337,3
2458210.848077,-3.7913,12.9025,4.1258,4.3215,4.0397,3.9337,3
2458210.917587,-12.0303,11.1283,4.1258,4.3215,4.0397,3.9337,3
2458211.769027,-9.6519,12.1860,4.1258,4.3215,4.0397,3.9337,3
2458211.819907,-12.2871,14.9526,4.1258,4.3215,4.0397,3.9337,3
2458211.848987,-2.4152,19.2010,4.1258,4.3215,4.0397,3.9337,3
2458211.865527,-8.7153,13.9099,4.1258,4.3215,4.0397,3.9337,3
2458211.888427,-4.1807,7.4447,4.1258,4.3215,4.0397,3.9337,3
2458211.905477,-9.7939,15.1540,4.1258,4.3215,4.0397,3.9337,3
2458211.923097,-8.0632,10.1014,4.1258,4.3215,4.0397,3.9337,3
2458212.767097,-0.8229,13.1835,4.1258,4.3215,4.0397,3.9337,3
2458212.800857,-3.1783,6.9496,4.1258,4.3215,4.0397,3.9337,3
2458212.817787,-2.3212,6.1892,4.1258,4.3215,4.0397,3.9337,3
2458212.862717,-5.0133,15.8917,4.1258,4.3215,4.0397,3.9337,3
2458212.883847,-11.8456,11.6527,4.1258,4.3215,4.0397,3.9337,3
2458212.901197,-6.5312,15.3141,4.1258,4.3215,4.0397,3.9337,3
2458213.766387,-10.9480,14.4333,4.1258,4.3215,4.0397,3.9337,3
2458213.783667,-6.5387,6.7926,4.1258,4.3215,4.0397,3.9337,3
2458213.803587,-7.8830,18.7465,4.1258,4.3215,4.0397,3.9337,3
2458213.829197,-2.4440,10.5323,4.1258,4.3215,4.0397,3.9337,3
2458213.846527,-10.5211,12.9844,4.1258,4.3215,4.0397,3.9337,3
2458213.878257,-4.0086,10.4639,4.1258,4.3215,4.0397,3.9337,3
2458213.896957,-10.2019,16.1767,4.1258,4.3215,4.0397,3.9337,3
2458214.821507,-3.9693,13.5272,4.1258,4.3215,4.0397,3.9337,3
2458214.885537,-11.4219,10.5537,4.1258,4.3215,4.0397,3.9337,3
2458215.920667,-10.8091,10.0169,4.1258,4.3215,4.0397,3.9337,3
2458216.790087,-6.5774,14.0437,4.1258,4.3215,4.0397,3.9337,3
2458216.818017,-3.8450,10.8820,4.1258,4.3215,4.0397,3.9337,3
2458216.835157,-3.1660,14.5364,4.1258,4.3215,4.0397,3.9337,3
2458216.853197,-2.9467,13.6530,4.1258,4.3215,4.0397,3.9337,3
2458216.869917,1.2155,15.5054,4.1258,4.3215,4.0397,3.9337,3
2458216.886837,-6.2169,7.0209,4.1258,4.3215,4.0397,3.9337,3
2458216.914107,-5.5150,15.5208,4.1258,4.3215,4.0397,3.9337,3
2458217.819807,-7.5534,7.9145,4.1258,4.3215,4.0397,3.9337,3
2458217.842467,-0.6245,7.5161,4.1258,4.3215,4.0397,3.9337,3
2458217.889037,-6.2390,11.3710,4.1258,4.3215,4.0397,3.9337,3
2458217.890527,-5.5493,12.1336,4.1258,4.3215,4.0397,3.9337,3
2458217.907547,-9.4421,14.2868,4.1258,4.3215,4.0397,3.9337,3
2458217.924857,-12.1606,14.8891,4.1258,4.3215,4.0397,3.9337,3
2458220.740847,-8.7167,8.9147,4.1258,4.3215,4.0397,3.9337,3
2458220.762497,-6.9672,10.4611,4.1258,4.3215,4.0397,3.9337,3
2458220.799057,1.3046,11.4332,4.1258,4.3215,4.0397,3.9337,3
2458220.863717,-3.3282,15.7613,4.1258,4.3215,4.0397,3.9337,3
2458220.924397,-6.5263,15.6447,4.1258,4.3215,4.0397,3.9337,3
2458221.768527,-5.6153,6.9903,4.1258,4.3215,4.0397,3.9337,3
2458221.850787,-1.8837,6.3722,4.1258,4.3215,4.0397,3.9337,3
2458221.888757,-4.2771,18.0063,4.1258,4.3215,4.0397,3.9337,3
2458222.744837,-7.3474,17.5988,4.1258,4.3215,4.0397,3.9337,3
2458222.761807,-4.0377,9.3122,4.1258,4.3215,4.0397,3.9337,3
2458222.778627,-11.5029,10.8011,4.1258,4.3215,4.0397,3.9337,3
2458222.840677,-3.0643,14.9612,4.1258,4.3215,4.0397,3.9337,3
2458222.857597,-4.0573,17.4288,4.1258,4.3215,4.0397,3.9337,3
2458222.874767,-4.3017,16.3273,4.1258,4.3215,4.0397,3.9337,3
2458222.891757,-2.7697,17.2114,4.1258,4.3215,4.0397,3.9337,3
2458222.919657,-0.2700,12.6559,4.1258,4.3215,4.0397,3.9337,3
2458223.727847,-9.6035,5.7244,4.1258,4.3215,4.0397,3.9337,3
2458223.764437,-2.6204,20.2592,4.1258,4.3215,4.0397,3.9337,3
2458223.791907,-3.7309,10.3686,4.1258,4.3215,4.0397,3.9337,3
2458223.812547,-3.5423,14.8500,4.1258,4.3215,4.0397,3.9337,3
2458223.829127,0.1670,10.7990,4.1258,4.3215,4.0397,3.9337,3
2458223.846177,-9.2717,10.3329,4.1258,4.3215,4.0397,3.9337,3
2458223.890977,-9.4468,15.7832,4.1258,4.3215,4.0397,3.9337,3
2458223.908317,-12.5079,19.0184,4.1258,4.3215,4.0397,3.9337,3
2458224.747617,0.9663,17.7746,4.1258,4.3215,4.0397,3.9337,3
2458224.775547,1.0347,12.7595,4.1258,4.3215,4.0397,3.9337,3
2458224.792727,-4.6221,15.4653,4.1258,4.3215,4.0397,3.9337,3
2458224.826827,-6.2040,5.4625,4.1258,4.3215,4.0397,3.9337,3
2458224.871377,-6.1665,11.9656,4.1258,4.3215,4.0397,3.9337,3
2458224.888477,-4.3727,6.2254,4.1258,4.3215,4.0397,3.9337,3
2458224.913687,-1.7013,13.6579,4.1258,4.3215,4.0397,3.9337,3
2458225.767337,-7.9405,15.4688,4.1258,4.3215,4.0397,3.9337,3
2458225.784637,-4.9331,12.9800,4.1258,4.3215,4.0397,3.9337,3
2458225.863717,-5.4181,14.3189,4.1258,4.3215,4.0397,3.9337,3
2458225.923137,-5.6162,16.6330,4.1258,4.3215,4.0397,3.9337,3
2458226.754917,-9.2889,6.9319,4.1258,4.3215,4.0397,3.9337,3
2458226.772057,-5.3624,8.6686,4.1258,4.3215,4.0397,3.9337,3
2458226.810227,-8.9118,13.1518,4.1258,4.3215,4.0397,3.9337,3
2458226.874337,-8.5728,11.1739,4.1258,4.3215,4.0397,3.9337,3
2458226.908417,-8.6476,7.3814,4.1258,4.3215,4.0397,3.9337,3
2458226.925307,-10.2409,7.4051,4.1258,4.3215,4.0397,3.9337,3
2458227.709627,-11.0890,18.3560,4.1258,4.3215,4.0397,3.9337,3
2458227.746457,-5.9712,15.2106,4.1258,4.3215,4.0397,3.9337,3
2458227.836917,-7.9900,17.0190,4.1258,4.3215,4.0397,3.9337,3
2458227.854237,0.0586,9.2763,4.1258,4.3215,4.0397,3.9337,3
2458227.871027,-5.3442,13.7723,4.1258,4.3215,4.0397,3.9337,3
2458227.889637,-7.6784,14.3513,4.1258,4.3215,4.0397,3.9337,3
2458227.906527,-9.0540,16.3908,4.1258,4.3215,4.0397,3.9337,3
2458228.721867,-1.7357,20.8283,4.1258,4.3215,4.0397,3.9337,3
2458228.756667,-11.6702,13.6314,4.1258,4.3215,4.0397,3.9337,3
2458228.784387,-6.2728,8.6126,4.1258,4.3215,4.0397,3.9337,3
2458228.787267,-10.3711,13.6645,4.1258,4.3215,4.0397,3.9337,3
2458228.810737,-5.8535,12.6336,4.1258,4.3215,4.0397,3.9337,3
2458228.845047,-4.4262,14.6093,4.1258,4.3215,4.0397,3.9337,3
2458228.862097,-2.6826,8.5014,4.1258,4.3215,4.0397,3.9337,3
2458228.890357,-5.2884,13.6566,4.1258,4.3215,4.0397,3.9337,3
2458228.907917,-4.0771,9.8462,4.1258,4.3215,4.0397,3.9337,3
2458228.924417,-9.0822,11.9585,4.1258,4.3215,4.0397,3.9337,3
2458229.712737,-7.2666,11.6850,4.1258,4.3215,4.0397,3.9337,3
2458229.729407,0.0831,9.1653,4.1258,4.3215,4.0397,3.9337,3
2458229.780397,-6.1213,12.7576,4.1258,4.3215,4.0397,3.9337,3
2458229.797417,-8.5319,16.7729,4.1258,4.3215,4.0397,3.9337,3
2458229.814237,-9.4940,10.8460,4.1258,4.3215,4.0397,3.9337,3
2458229.834167,-4.3776,16.3030,4.1258,4.3215,4.0397,3.9337,3
2458229.864387,-11.9251,13.7829,4.1258,4.3215,4.0397,3.9337,3
2458229.881097,-6.3804,15.4191,4.1258,4.3215,4.0397,3.9337,3
2458229.916167,-9.0115,10.6088,4.1258,4.3215,4.0397,3.9337,3
2458230.748987,-13.3436,5.4254,4.1258,4.3215,4.0397,3.9337,3
2458230.776117,0.6973,5.7998,4.1258,4.3215,4.0397,3.9337,3
2458230.793047,-4.7104,17.6623,4.1258,4.3215,4.0397,3.9337,3
2458230.822777,-13.1201,17.0616,4.1258,4.3215,4.0397,3.9337,3
2458230.839947,-5.0064,10.5914,4.1258,4.3215,4.0397,3.9337,3
2458230.857017,-0.4085,16.9458,4.1258,4.3215,4.0397,3.9337,3
2458230.874827,-12.6649,6.0525,4.1258,4.3215,4.0397,3.9337,3
2458230.891907,-11.7661,13.2006,4.1258,4.3215,4.0397,3.9337,3
2458231.736307,0.6845,7.3423,4.1258,4.3215,4.0397,3.9337,3
2458231.800347,-2.8922,18.8558,4.1258,4.3215,4.0397,3.9337,3
2458231.817617,-8.5673,13.0280,4.1258,4.3215,4.0397,3.9337,3
2458231.837807,-2.8454,12.5192,4.1258,4.3215,4.0397,3.9337,3
2458231.867217,-5.0921,15.0874,4.1258,4.3215,4.0397,3.9337,3
2458233.764907,-4.0190,14.9487,4.1258,4.3215,4.0397,3.9337,3
2458233.802567,-9.3909,19.8470,4.1258,4.3215,4.0397,3.9337,3
2458233.820267,-1.0324,14.3835,4.1258,4.3215,4.0397,3.9337,3
2458233.881967,-9.3749,20.4150,4.1258,4.3215,4.0397,3.9337,3
2458235.680087,-1.3422,17.8605,4.1258,4.3215,4.0397,3.9337,3
2458235.745217,1.0089,15.4367,4.1258,4.3215,4.0397,3.9337,3
2458235.825537,-8.4973,14.9295,4.1258,4.3215,4.0397,3.9337,3
2458235.842497,-5.1954,15.2161,4.1258,4.3215,4.0397,3.9337,3
2458235.859627,-1.2469,16.8740,4.1258,4.3215,4.0397,3.9337,3
2458235.878527,-9.7634,13.7297,4.1258,4.3215,4.0397,3.9337,3
2458235.907717,-2.9705,12.8060,4.1258,4.3215,4.0397,3.9337,3
2458236.700847,-2.0073,4.5855,4.1258,4.3215,4.0397,3.9337,3
2458236.718057,-0.2241,11.5822,4.1258,4.3215,4.0397,3.9337,3
2458236.735137,-7.4640,8.8251,4.1258,4.3215,4.0397,3.9337,3
2458236.752407,-7.7762,15.2662,4.1258,4.3215,4.0397,3.9337,3
2458236.787407,-4.4378,17.5990,4.1258,4.3215,4.0397,3.9337,3
2458236.821357,-3.9414,7.3841,4.1258,4.3215,4.0397,3.9337,3
2458236.904847,-3.9353,5.4436,4.1258,4.3215,4.0397,3.9337,3
2458237.881267,-3.0469,11.3212,4.1258,4.3215,4.0397,3.9337,3
2458237.898907,-9.3361,8.7904,4.1258,4.3215,4.0397,3.9337,3
2458237.915647,-6.5727,11.3291,4.1258,4.3215,4.0397,3.9337,3
2458238.719807,-9.0783,7.2055,4.1258,4.3215,4.0397,3.9337,3
2458238.736837,-6.9110,7.6924,4.1258,4.3215,4.0397,3.9337,3
2458238.753977,-8.6616,15.2867,4.1258,4.3215,4.0397,3.9337,3
2458238.770757,-13.2559,8.7516,4.1258,4.3215,4.0397,3.9337,3
2458238.788017,-5.2347,14.7363,4.1258,4.3215,4.0397,3.9337,3
2458238.815927,-11.2245,13.1844,4.1258,4.3215,4.0397,3.9337,3
2458238.833057,-3.3592,9.7615,4.1258,4.3215,4.0397,3.9337,3
2458238.867227,-9.0705,4.6959,4.1258,4.3215,4.0397,3.9337,3
2458238.884397,-7.5280,13.3694,4.1258,4.3215,4.0397,3.9337,3
2458238.911847,-7.8901,5.0604,4.1258,4.3215,4.0397,3.9337,3
2458240.724027,-10.9168,17.7045,4.1258,4.3215,4.0397,3.9337,3
2458240.743787,-4.8391,13.8529,4.1258,4.3215,4.0397,3.9337,3
2458240.790267,-7.2131,10.5230,4.1258,4.3215,4.0397,3.9337,3
2458240.861877,-7.3377,19.7444,4.1258,4.3215,4.0397,3.9337,3
2458240.906737,-2.2472,8.4139,4.1258,4.3215,4.0397,3.9337,3
2458240.923797,-8.6103,11.6094,4.1258,4.3215,4.0397,3.9337,3
2458241.737457,-13.2269,9.5121,4.1258,4.3215,4.0397,3.9337,3
2458241.793417,-11.8532,11.0987,4.1258,4.3215,4.0397,3.9337,3
2458241.821277,-1.0902,16.9648,4.1258,4.3215,4.0397,3.9337,3
2458243.731757,-6.1725,7.0553,4.1258,4.3215,4.0397,3.9337,3
2458243.748257,1.2327,10.1821,4.1258,4.3215,4.0397,3.9337,3
2458243.765517,1.6694,15.7668,4.1258,4.3215,4.0397,3.9337,3
2458243.829917,-3.8131,14.2690,4.1258,4.3215,4.0397,3.9337,3
2458243.864527,-4.5882,9.2354,4.1258,4.3215,4.0397,3.9337,3
2458243.885547,-5.1846,10.7583,4.1258,4.3215,4.0397,3.9337,3
2458244.662507,-12.0045,14.8124,4.1258,4.3215,4.0397,3.9337,3
2458244.707487,-13.4643,9.0236,4.1258,4.3215,4.0397,3.9337,3
2458244.745437,-6.5268,4.5350,4.1258,4.3215,4.0397,3.9337,3
2458244.762657,-11.0261,12.1744,4.1258,4.3215,4.0397,3.9337,3
2458244.779807,-12.2737,10.2801,4.1258,4.3215,4.0397,3.9337,3
2458244.807637,-11.7781,8.1357,4.1258,4.3215,4.0397,3.9337,3
2458244.824647,-2.8381,9.7543,4.1258,4.3215,4.0397,3.9337,3
2458244.841857,-5.4634,10.6296,4.1258,4.3215,4.0397,3.9337,3
2458244.875897,-6.4505,10.4436,4.1258,4.3215,4.0397,3.9337,3
2458244.914677,-8.3581,8.5088,4.1258,4.3215,4.0397,3.9337,3
2458245.861517,-2.4887,11.7594,4.1258,4.3215,4.0397,3.9337,3
2458246.674747,0.3597,13.4746,4.1258,4.3215,4.0397,3.9337,3
2458246.728127,-4.4265,8.6187,4.1258,4.3215,4.0397,3.9337,3
2458246.745407,-2.5029,12.0699,4.1258,4.3215,4.0397,3.9337,3
2458246.774427,-5.1482,10.5532,4.1258,4.3215,4.0397,3.9337,3
2458246.809367,-4.2195,15.9599,4.1258,4.3215,4.0397,3.9337,3
2458246.915737,-7.5933,14.4549,4.1258,4.3215,4.0397,3.9337,3
2458246.933247,-8.6306,18.1861,4.1258,4.3215,4.0397,3.9337,3
2458249.659377,-1.2771,5.5737,4.1258,4.3215,4.0397,3.9337,3
2458249.677987,-5.9847,6.6452,4.1258,4.3215,4.0397,3.9337,3
2458249.733317,-2.6353,8.4202,4.1258,4.3215,4.0397,3.9337,3
2458249.764987,-7.3582,15.5879,4.1258,4.3215,4.0397,3.9337,3
2458249.781867,-2.3059,15.0914,4.1258,4.3215,4.0397,3.9337,3
2458249.798967,-4.2754,14.8642,4.1258,4.3215,4.0397,3.9337,3
2458249.817497,-1.4532,12.2593,4.1258,4.3215,4.0397,3.9337,3
2458249.862207,-1.4644,11.7586,4.1258,4.3215,4.0397,3.9337,3
2458249.897297,-4.5832,10.3153,4.1258,4.3215,4.0397,3.9337,3
2458249.914247,-4.8525,19.1408,4.1258,4.3215,4.0397,3.9337,3
2458250.649137,-12.8207,12.3641,4.1258,4.3215,4.0397,3.9337,3
2458250.684327,-2.7496,14.6580,4.1258,4.3215,4.0397,3.9337,3
2458250.735227,-7.3708,12.1253,4.1258,4.3215,4.0397,3.9337,3
2458250.763557,1.1056,18.6696,4.1258,4.3215,4.0397,3.9337,3
2458250.766637,-5.6690,9.4066,4.1258,4.3215,4.0397,3.9337,3
2458250.783667,-8.6486,10.1432,4.1258,4.3215,4.0397,3.9337,3
2458250.800897,-4.7280,15.5566,4.1258,4.3215,4.0397,3.9337,3
2458250.818057,-5.3354,14.3847,4.1258,4.3215,4.0397,3.9337,3
2458250.835017,-5.9845,16.6871,4.1258,4.3215,4.0397,3.9337,3
2458250.864327,0.2482,16.7090,4.1258,4.3215,4.0397,3.9337,3
2458250.881567,-2.9694,15.1926,4.1258,4.3215,4.0397,3.9337,3
2458251.666507,-5.1237,13.4049,4.1258,4.3215,4.0397,3.9337,3
2458251.685357,-10.6426,11.9921,4.1258,4.3215,4.0397,3.9337,3
2458251.766427,-5.8241,10.0174,4.1258,4.3215,4.0397,3.9337,3
2458251.783317,-7.9087,9.6141,4.1258,4.3215,4.0397,3.9337,3
2458251.800887,-10.3159,15.0138,4.1258,4.3215,4.0397,3.9337,3
2458251.817777,-5.5487,18.2554,4.1258,4.3215,4.0397,3.9337,3
2458251.834747,-1.5417,13.8155,4.1258,4.3215,4.0397,3.9337,3
2458252.836127,-8.2841,10.5943,4.1258,4.3215,4.0397,3.9337,3
2458252.853497,-3.6124,12.0354,4.1258,4.3215,4.0397,3.9337,3
2458252.898177,-5.8774,12.1301,4.1258,4.3215,4.0397,3.9337,3
2458253.705077,0.5746,12.1399,4.1258,4.3215,4.0397,3.9337,3
2458253.722017,-2.1543,12.9562,4.1258,4.3215,4.0397,3.9337,3
2458253.739237,-0.5473,14.5675,4.1258,4.3215,4.0397,3.9337,3
2458253.756377,1.1089,13.9610,4.1258,4.3215,4.0397,3.9337,3
2458253.783547,-12.8429,16.1964,4.1258,4.3215,4.0397,3.9337,3
2458253.802777,-6.2960,15.1020,4.1258,4.3215,4.0397,3.9337,3
2458253.819637,-8.8175,10.5195,4.1258,4.3215,4.0397,3.9337,3
2458254.640607,-2.5748,15.0726,4.1258,4.3215,4.0397,3.9337,3
2458254.674867,-0.5524,6.3705,4.1258,4.3215,4.0397,3.9337,3
2458254.711457,-6.7590,12.5675,4.1258,4.3215,4.0397,3.9337,3
2458254.758297,-7.2506,19.5801,4.1258,4.3215,4.0397,3.9337,3
2458254.775207,-11.0648,4.5609,4.1258,4.3215,4.0397,3.9337,3
2458254.792237,-5.0874,15.7540,4.1258,4.3215,4.0397,3.9337,3
2458254.809417,-5.9583,16.8840,4.1258,4.3215,4.0397,3.9337,3
2458254.858477,-1.0081,14.1436,4.1258,4.3215,4.0397,3.9337,3
2458254.879567,-10.1960,17.1664,4.1258,4.3215,4.0397,3.9337,3
2458254.896777,0.0206,17.8257,4.1258,4.3215,4.0397,3.9337,3
2458254.913397,-7.6233,13.7775,4.1258,4.3215,4.0397,3.9337,3
2458255.637557,-10.7568,10.0818,4.1258,4.3215,4.0397,3.9337,3
2458255.664407,-12.6909,10.4607,4.1258,4.3215,4.0397,3.9337,3
2458255.715527,-1.7098,13.6687,4.1258,4.3215,4.0397,3.9337,3
2458255.732217,-3.0897,15.8429,4.1258,4.3215,4.0397,3.9337,3
2458255.749317,-6.7283,12.5422,4.1258,4.3215,4.0397,3.9337,3
2458256.640737,-11.1235,10.7752,4.1258,4.3215,4.0397,3.9337,3
2458256.660257,-9.9519,7.0235,4.1258,4.3215,4.0397,3.9337,3
2458256.716007,-7.6780,8.7338,4.1258,4.3215,4.0397,3.9337,3
2458256.733227,-6.8569,5.3177,4.1258,4.3215,4.0397,3.9337,3
2458256.750157,-11.8409,13.4333,4.1258,4.3215,4.0397,3.9337,3
2458256.770687,-7.7358,9.6281,4.1258,4.3215,4.0397,3.9337,3
2458256.787457,-8.3627,6.8278,4.1258,4.3215,4.0397,3.9337,3
2458256.807377,-2.2470,10.4181,4.1258,4.3215,4.0397,3.9337,3
2458256.824407,-6.2552,11.3096,4.1258,4.3215,4.0397,3.9337,3
2458256.907477,-2.0208,7.8931,4.1258,4.3215,4.0397,3.9337,3
2458257.668527,-8.3153,14.3484,4.1258,4.3215,4.0397,3.9337,3
2458257.729917,-4.0121,10.0874,4.1258,4.3215,4.0397,3.9337,3
2458257.746667,-6.7726,10.2756,4.1258,4.3215,4.0397,3.9337,3
2458257.763427,-6.7229,10.1876,4.1258,4.3215,4.0397,3.9337,3
2458257.809937,-3.4371,19.5930,4.1258,4.3215,4.0397,3.9337,3
2458257.844297,-5.2947,10.1586,4.1258,4.3215,4.0397,3.9337,3
2458257.867517,-7.7747,11.5721,4.1258,4.3215,4.0397,3.9337,3
2458257.909367,-6.3365,19.2375,4.1258,4.3215,4.0397,3.9337,3
2458258.620907,-7.6452,16.2437,4.1258,4.3215,4.0397,3.9337,3
2458258.637717,-0.8756,8.4402,4.1258,4.3215,4.0397,3.9337,3
2458258.664587,0.9931,12.4573,4.1258,4.3215,4.0397,3.9337,3
2458258.681757,-9.1883,9.5792,4.1258,4.3215,4.0397,3.9337,3
2458258.698887,-2.6674,11.7945,4.1258,4.3215,4.0397,3.9337,3
2458258.716077,-3.8521,14.6627,4.1258,4.3215,4.0397,3.9337,3
2458258.777687,-9.8055,11.4209,4.1258,4.3215,4.0397,3.9337,3
2458258.795027,-6.6805,8.8905,4.1258,4.3215,4.0397,3.9337,3
2458258.811907,-6.5001,9.6094,4.1258,4.3215,4.0397,3.9337,3
2458258.846047,-5.5652,10.5433,4.1258,4.3215,4.0397,3.9337,3
2458258.862817,-4.0658,12.2407,4.1258,4.3215,4.0397,3.9337,3
2458258.897187,-2.3707,11.4907,4.1258,4.3215,4.0397,3.9337,3
2458259.720187,-1.0805,4.4564,4.1258,4.3215,4.0397,3.9337,3
2458259.737007,-8.9867,6.1406,4.1258,4.3215,4.0397,3.9337,3
2458259.765727,-2.9133,5.5741,4.1258,4.3215,4.0397,3.9337,3
2458259.803027,-9.5867,13.0748,4.1258,4.3215,4.0397,3.9337,3
2458259.820597,-3.4466,14.3040,4.1258,4.3215,4.0397,3.9337,3
2458259.837787,-7.8143,14.2213,4.1258,4.3215,4.0397,3.9337,3
2458259.854937,-11.5911,7.9821,4.1258,4.3215,4.0397,3.9337,3
2458259.871827,-1.5426,5.3101,4.1258,4.3215,4.0397,3.9337,3
2458259.890417,-2.2018,4.3961,4.1258,4.3215,4.0397,3.9337,3
2458259.907227,-11.1793,14.5546,4.1258,4.3215,4.0397,3.9337,3
2458260.640747,-8.8558,11.7444,4.1258,4.3215,4.0397,3.9337,3
2458260.660917,1.0001,14.9190,4.1258,4.3215,4.0397,3.9337,3
2458260.678167,1.8661,19.6575,4.1258,4.3215,4.0397,3.9337,3
2458260.714987,0.1975,9.2821,4.1258,4.3215,4.0397,3.9337,3
2458260.739907,-10.0138,10.8638,4.1258,4.3215,4.0397,3.9337,3
2458260.756847,-7.1362,10.8542,4.1258,4.3215,4.0397,3.9337,3
2458260.773677,-7.2779,17.7887,4.1258,4.3215,4.0397,3.9337,3
2458260.811067,0.7073,16.8842,4.1258,4.3215,4.0397,3.9337,3
2458260.844847,-7.1925,13.2337,4.1258,4.3215,4.0397,3.9337,3
2458260.912557,-6.0524,11.4245,4.1258,4.3215,4.0397,3.9337,3
2458261.612087,-4.4921,5.2270,4.1258,4.3215,4.0397,3.9337,3
2458261.628807,-1.3445,18.9543,4.1258,4.3215,4.0397,3.9337,3
2458261.686317,-2.5735,11.5113,4.1258,4.3215,4.0397,3.9337,3
2458261.706377,-5.6929,12.0823,4.1258,4.3215,4.0397,3.9337,3
2458261.727307,-7.4242,7.0928,4.1258,4.3215,4.0397,3.9337,3
2458261.744507,-4.1813,11.5725,4.1258,4.3215,4.0397,3.9337,3
2458261.765447,-2.3244,10.7986,4.1258,4.3215,4.0397,3.9337,3
2458261.794067,-6.4366,12.4998,4.1258,4.3215,4.0397,3.9337,3
2458261.811807,-9.6202,14.5257,4.1258,4.3215,4.0397,3.9337,3
2458261.829427,-6.7800,11.9000,4.1258,4.3215,4.0397,3.9337,3
2458261.866697,-2.0476,16.8569,4.1258,4.3215,4.0397,3.9337,3
2458261.894327,-7.1564,6.8566,4.1258,4.3215,4.0397,3.9337,3
2458261.913367,-8.8223,4.9845,4.1258,4.3215,4.0397,3.9337,3
2458262.607877,-2.9650,10.8094,4.1258,4.3215,4.0397,3.9337,3
2458262.624527,-2.5056,17.3923,4.1258,4.3215,4.0397,3.9337,3
2458262.652007,-5.0739,12.2172,4.1258,4.3215,4.0397,3.9337,3
2458262.669207,-8.2785,6.8276,4.1258,4.3215,4.0397,3.9337,3
2458262.685957,-12.9827,13.0821,4.1258,4.3215,4.0397,3.9337,3
2458262.720767,-3.1601,11.4054,4.1258,4.3215,4.0397,3.9337,3
2458262.737717,-4.7048,14.1786,4.1258,4.3215,4.0397,3.9337,3
2458262.765927,-5.1202,14.1762,4.1258,4.3215,4.0397,3.9337,3
2458262.783097,-7.0991,9.5406,4.1258,4.3215,4.0397,3.9337,3
2458262.800607,-7.9373,6.1604,4.1258,4.3215,4.0397,3.9337,3
2458262.834047,-7.5473,9.1592,4.1258,4.3215,4.0397,3.9337,3
2458262.895647,1.5902,8.1850,4.1258,4.3215,4.0397,3.9337,3
2458263.617977,-9.0631,10.1227,4.1258,4.3215,4.0397,3.9337,3
2458263.651267,-4.3083,6.4380,4.1258,4.3215,4.0397,3.9337,3
2458263.697937,-0.1496,9.9053,4.1258,4.3215,4.0397,3.9337,3
2458263.717467,-6.0281,12.3085,4.1258,4.3215,4.0397,3.9337,3
2458263.740327,-4.6198,5.7060,4.1258,4.3215,4.0397,3.9337,3
2458263.759377,-7.9343,14.2000,4.1258,4.3215,4.0397,3.9337,3
2458263.776457,-5.1470,7.0059,4.1258,4.3215,4.0397,3.9337,3
2458263.871457,-6.3278,14.1897,4.1258,4.3215,4.0397,3.9337,3
2458263.888527,-3.8701,14.0682,4.1258,4.3215,4.0397,3.9337,3
2458263.933417,-2.2668,10.1537,4.1258,4.3215,4.0397,3.9337,3
2458264.615977,-5.6492,9.6070,4.1258,4.3215,4.0397,3.9337,3
2458264.633327,-5.4346,15.0933,4.1258,4.3215,4.0397,3.9337,3
2458264.661447,-5.3079,8.1494,4.1258,4.3215,4.0397,3.9337,3
2458264.678527,-3.5024,15.8779,4.1258,4.3215,4.0397,3.9337,3
2458264.695637,-10.0798,7.5647,4.1258,4.3215,4.0397,3.9337,3
2458264.713567,-9.2989,7.6613,4.1258,4.3215,4.0397,3.9337,3
2458264.731877,-5.2458,10.7628,4.1258,4.3215,4.0397,3.9337,3
2458264.759687,-10.0313,12.7511,4.1258,4.3215,4.0397,3.9337,3
2458264.776817,-8.5818,14.3003,4.1258,4.3215,4.0397,3.9337,3
2458264.833357,-2.1331,10.7930,4.1258,4.3215,4.0397,3.9337,3
2458264.883927,2.2064,17.5497,4.1258,4.3215,4.0397,3.9337,3
2458264.917027,-5.1355,7.6977,4.1258,4.3215,4.0397,3.9337,3
2458265.642957,0.3405,15.3116,4.1258,4.3215,4.0397,3.9337,3
2458265.685797,-4.5917,6.5449,4.1258,4.3215,4.0397,3.9337,3
2458265.731477,-3.5424,16.1897,4.1258,4.3215,4.0397,3.9337,3
2458265.765867,-1.3817,17.2692,4.1258,4.3215,4.0397,3.9337,3
2458265.782707,-13.5894,12.1745,4.1258,4.3215,4.0397,3.9337,3
2458265.827557,-3.5123,15.6234,4.1258,4.3215,4.0397,3.9337,3
2458265.865507,-11.9298,12.5460,4.1258,4.3215,4.0397,3.9337,3
2458265.882957,-13.7892,15.0936,4.1258,4.3215,4.0397,3.9337,3
2458265.899767,1.9278,7.2590,4.1258,4.3215,4.0397,3.9337,3
2458265.917017,-2.2770,14.1299,4.1258,4.3215,4.0397,3.9337,3
2458266.598867,-1.2961,15.8418,4.1258,4.3215,4.0397,3.9337,3
2458266.632547,-1.2174,8.8630,4.1258,4.3215,4.0397,3.9337,3
2458266.649807,-11.9591,13.7329,4.1258,4.3215,4.0397,3.9337,3
2458266.697727,-8.9952,12.8401,4.1258,4.3215,4.0397,3.9337,3
2458266.731727,-7.9614,16.9906,4.1258,4.3215,4.0397,3.9337,3
2458271.642207,-3.5647,10.9762,4.1258,4.3215,4.0397,3.9337,3
2458271.680287,-4.8218,17.1101,4.1258,4.3215,4.0397,3.9337,3
2458271.696477,2.0844,5.6357,4.1258,4.3215,4.0397,3.9337,3
2458271.713477,-6.3117,6.2313,4.1258,4.3215,4.0397,3.9337,3
2458271.730477,-6.8518,14.0869,4.1258,4.3215,4.0397,3.9337,3
2458271.778917,-9.1587,9.8859,4.1258,4.3215,4.0397,3.9337,3
2458271.795637,-12.5367,12.0533,4.1258,4.3215,4.0397,3.9337,3
2458271.812407,-8.6657,19.5350,4.1258,4.3215,4.0397,3.9337,3
2458271.829187,-9.7246,18.6740,4.1258,4.3215,4.0397,3.9337,3
2458271.879007,1.8335,9.6183,4.1258,4.3215,4.0397,3.9337,3
2458272.589817,-1.9170,6.9568,4.1258,4.3215,4.0397,3.9337,3
2458272.624647,-5.4202,8.7829,4.1258,4.3215,4.0397,3.9337,3
2458272.641497,-6.0721,13.0756,4.1258,4.3215,4.0397,3.9337,3
2458272.665037,-0.2057,13.9794,4.1258,4.3215,4.0397,3.9337,3
2458272.692127,-11.4382,8.2774,4.1258,4.3215,4.0397,3.9337,3
2458272.709097,-9.4116,15.6585,4.1258,4.3215,4.0397,3.9337,3
2458272.725797,-3.8452,12.9137,4.1258,4.3215,4.0397,3.9337,3
2458272.742567,-4.0230,5.6000,4.1258,4.3215,4.0397,3.9337,3
2458272.760187,-4.3475,14.8186,4.1258,4.3215,4.0397,3.9337,3
2458272.776977,-0.5507,16.8177,4.1258,4.3215,4.0397,3.9337,3
2458272.817777,-5.6780,16.4626,4.1258,4.3215,4.0397,3.9337,3
2458272.851527,-11.1416,12.9031,4.1258,4.3215,4.0397,3.9337,3
2458272.868917,-0.9298,16.8573,4.1258,4.3215,4.0397,3.9337,3
2458273.585687,-7.1766,11.4403,4.1258,4.3215,4.0397,3.9337,3
2458273.602767,-8.7495,16.8763,4.1258,4.3215,4.0397,3.9337,3
2458273.620037,-3.6299,7.4097,4.1258,4.3215,4.0397,3.9337,3
2458273.637047,-0.7930,16.5289,4.1258,4.3215,4.0397,3.9337,3
2458273.653977,-9.8388,12.9977,4.1258,4.3215,4.0397,3.9337,3
2458273.681377,-1.8259,13.4388,4.1258,4.3215,4.0397,3.9337,3
2458273.702517,-7.2242,7.6874,4.1258,4.3215,4.0397,3.9337,3
2458273.719367,-9.1612,7.9214,4.1258,4.3215,4.0397,3.9337,3
2458273.736337,-4.3687,14.8849,4.1258,4.3215,4.0397,3.9337,3
2458273.781037,-8.7982,16.9275,4.1258,4.3215,4.0397,3.9337,3
2458274.687627,-9.6497,13.2356,4.1258,4.3215,4.0397,3.9337,3
2458274.731897,-3.7109,16.2090,4.1258,4.3215,4.0397,3.9337,3
2458274.748597,-10.5052,6.1664,4.1258,4.3215,4.0397,3.9337,3
2458274.765557,-1.5575,13.6739,4.1258,4.3215,4.0397,3.9337,3
2458274.811457,0.5394,16.4919,4.1258,4.3215,4.0397,3.9337,3
2458274.845317,-0.6596,9.6019,4.1258,4.3215,4.0397,3.9337,3
2458274.862177,-0.7781,15.1557,4.1258,4.3215,4.0397,3.9337,3
2458274.879097,-6.7889,13.5135,4.1258,4.3215,4.0397,3.9337,3
2458275.765897,-5.8181,12.8804,4.1258,4.3215,4.0397,3.9337,3
2458275.859117,0.8205,13.0462,4.1258,4.3215,4.0397,3.9337,3
2458276.603657,-2.7670,7.3002,4.1258,4.3215,4.0397,3.9337,3
2458276.620667,-11.3256,13.0350,4.1258,4.3215,4.0397,3.9337,3
2458276.637807,1.5028,12.7560,4.1258,4.3215,4.0397,3.9337,3
2458276.688417,-1.7593,14.7845,4.1258,4.3215,4.0397,3.9337,3
2458276.706657,-13.9078,6.2341,4.1258,4.3215,4.0397,3.9337,3
2458276.723307,-0.4506,13.9050,4.1258,4.3215,4.0397,3.9337,3
2458276.758517,-12.1759,18.3762,4.1258,4.3215,4.0397,3.9337,3
2458276.786977,-2.3820,12.4881,4.1258,4.3215,4.0397,3.9337,3
2458276.814887,-1.9393,8.7506,4.1258,4.3215,4.0397,3.9337,3
2458277.582007,-6.6383,6.4679,4.1258,4.3215,4.0397,3.9337,3
2458277.601577,-6.7923,12.6296,4.1258,4.3215,4.0397,3.9337,3
2458277.623447,-6.1906,19.6884,4.1258,4.3215,4.0397,3.9337,3
2458277.640627,-2.5849,11.2589,4.1258,4.3215,4.0397,3.9337,3
2458277.685507,-11.0429,9.6744,4.1258,4.3215,4.0397,3.9337,3
2458277.706417,-11.0911,7.4791,4.1258,4.3215,4.0397,3.9337,3
2458277.723357,-12.3303,4.7726,4.1258,4.3215,4.0397,3.9337,3
2458277.801517,-6.3102,18.1757,4.1258,4.3215,4.0397,3.9337,3
2458277.835187,-10.2560,17.4866,4.1258,4.3215,4.0397,3.9337,3
2458277.852287,1.2567,15.5977,4.1258,4.3215,4.0397,3.9337,3
2458278.578837,-3.7502,19.4935,4.1258,4.3215,4.0397,3.9337,3
2458278.595997,-5.8945,12.3713,4.1258,4.3215,4.0397,3.9337,3
2458278.613077,-7.7989,11.2345,4.1258,4.3215,4.0397,3.9337,3
2458278.630047,-5.6559,15.6877,4.1258,4.3215,4.0397,3.9337,3
2458278.648287,-7.8569,13.2977,4.1258,4.3215,4.0397,3.9337,3
2458278.699107,-5.0247,9.6468,4.1258,4.3215,4.0397,3.9337,3
2458278.749607,-4.4628,12.9017,4.1258,4.3215,4.0397,3.9337,3
2458282.591597,-6.8379,16.5070,4.1258,4.3215,4.0397,3.9337,3
2458282.608567,-2.1791,18.6018,4.1258,4.3215,4.0397,3.9337,3
2458282.625987,-4.0851,12.6876,4.1258,4.3215,4.0397,3.9337,3
2458282.673767,-6.6308,12.8998,4.1258,4.3215,4.0397,3.9337,3
2458282.691147,-2.0247,8.4933,4.1258,4.3215,4.0397,3.9337,3
2458282.761697,-7.6283,13.3885,4.1258,4.3215,4.0397,3.9337,3
2458282.791397,-5.5710,18.9176,4.1258,4.3215,4.0397,3.9337,3
2458282.824597,2.3673,16.9283,4.1258,4.3215,4.0397,3.9337,3
2458282.861017,-6.8989,12.2035,4.1258,4.3215,4.0397,3.9337,3
2458283.578867,-1.7697,8.9638,4.1258,4.3215,4.0397,3.9337,3
2458283.596057,-9.4151,14.8467,4.1258,4.3215,4.0397,3.9337,3
2458283.613367,-11.2369,10.1129,4.1258,4.3215,4.0397,3.9337,3
2458283.630057,-5.5112,8.2191,4.1258,4.3215,4.0397,3.9337,3
2458283.669497,-6.1935,7.1579,4.1258,4.3215,4.0397,3.9337,3
2458283.687077,-0.5489,6.5039,4.1258,4.3215,4.0397,3.9337,3
2458283.704087,-4.9576,14.6332,4.1258,4.3215,4.0397,3.9337,3
2458283.730777,-8.6508,17.7390,4.1258,4.3215,4.0397,3.9337,3
2458283.747487,-0.7542,14.9689,4.1258,4.3215,4.0397,3.9337,3
2458283.787587,-3.9276,13.5540,4.1258,4.3215,4.0397,3.9337,3
2458283.807687,-3.6709,9.2231,4.1258,4.3215,4.0397,3.9337,3
2458283.842187,-1.4876,9.4795,4.1258,4.3215,4.0397,3.9337,3
2458283.875887,-12.3211,11.7630,4.1258,4.3215,4.0397,3.9337,3
2458284.558247,-12.9116,8.0077,4.1258,4.3215,4.0397,3.9337,3
2458284.591877,-9.3393,14.4801,4.1258,4.3215,4.0397,3.9337,3
2458284.626077,-7.8286,14.7715,4.1258,4.3215,4.0397,3.9337,3
2458284.656537,-4.5449,12.2831,4.1258,4.3215,4.0397,3.9337,3
2458284.673577,-4.8634,13.1562,4.1258,4.3215,4.0397,3.9337,3
2458284.731597,-3.8544,10.4993,4.1258,4.3215,4.0397,3.9337,3
2458284.764407,-8.9492,13.1221,4.1258,4.3215,4.0397,3.9337,3
2458284.834417,0.8146,16.9489,4.1258,4.3215,4.0397,3.9337,3
2458284.862097,-2.3781,8.5574,4.1258,4.3215,4.0397,3.9337,3
2458285.606417,-2.4106,9.7868,4.1258,4.3215,4.0397,3.9337,3
2458285.627497,2.2794,20.5284,4.1258,4.3215,4.0397,3.9337,3
2458285.662277,-0.9960,11.9615,4.1258,4.3215,4.0397,3.9337,3
2458285.679127,-3.3762,11.7447,4.1258,4.3215,4.0397,3.9337,3
2458286.603087,-8.8215,18.0905,4.1258,4.3215,4.0397,3.9337,3
2458286.725377,-5.8791,15.1712,4.1258,4.3215,4.0397,3.9337,3
2458286.790627,-1.8151,15.4931,4.1258,4.3215,4.0397,3.9337,3
2458286.807637,-0.8691,12.1694,4.1258,4.3215,4.0397,3.9337,3
2458286.825317,0.1684,13.3577,4.1258,4.3215,4.0397,3.9337,3
2458286.841827,-11.1825,9.5833,4.1258,4.3215,4.0397,3.9337,3
2458287.540417,-9.8071,8.0357,4.1258,4.3215,4.0397,3.9337,3
2458287.568907,-3.3289,17.3085,4.1258,4.3215,4.0397,3.9337,3
2458287.588967,-7.8548,6.2792,4.1258,4.3215,4.0397,3.9337,3
2458287.640257,-9.3729,5.4330,4.1258,4.3215,4.0397,3.9337,3
2458287.705787,-5.2102,12.0212,4.1258,4.3215,4.0397,3.9337,3
2458287.723067,-12.0748,15.5316,4.1258,4.3215,4.0397,3.9337,3
2458287.739997,-5.3314,14.3259,4.1258,4.3215,4.0397,3.9337,3
2458287.803047,-2.4228,11.7459,4.1258,4.3215,4.0397,3.9337,3
2458288.539307,-7.0597,15.7247,4.1258,4.3215,4.0397,3.9337,3
2458288.556077,1.7024,16.2815,4.1258,4.3215,4.0397,3.9337,3
2458288.573097,-1.4600,20.0118,4.1258,4.3215,4.0397,3.9337,3
2458288.617827,-4.8633,12.5505,4.1258,4.3215,4.0397,3.9337,3
2458288.634767,-5.4139,5.8471,4.1258,4.3215,4.0397,3.9337,3
2458288.679397,-6.8307,10.8870,4.1258,4.3215,4.0397,3.9337,3
2458288.696617,-11.2573,17.2231,4.1258,4.3215,4.0397,3.9337,3
2458288.713987,-9.5500,5.6615,4.1258,4.3215,4.0397,3.9337,3
2458288.731727,-4.3167,11.9263,4.1258,4.3215,4.0397,3.9337,3
2458288.758977,-1.3099,10.7233,4.1258,4.3215,4.0397,3.9337,3
2458288.776277,-15.7680,9.3462,4.1258,4.3215,4.0397,3.9337,3
2458288.793647,-12.8161,16.9889,4.1258,4.3215,4.0397,3.9337,3
2458288.810647,-5.9927,5.2032,4.1258,4.3215,4.0397,3.9337,3
2458288.827607,-8.5182,16.1381,4.1258,4.3215,4.0397,3.9337,3
2458289.609677,-9.4368,14.7738,4.1258,4.3215,4.0397,3.9337,3
2458289.630107,-7.6057,10.0579,4.1258,4.3215,4.0397,3.9337,3
2458289.647407,0.8571,13.3379,4.1258,4.3215,4.0397,3.9337,3
2458289.664237,-4.9590,14.8108,4.1258,4.3215,4.0397,3.9337,3
2458289.680807,-4.7474,11.4170,4.1258,4.3215,4.0397,3.9337,3
2458289.698937,-1.1430,7.7627,4.1258,4.3215,4.0397,3.9337,3
2458289.727347,-8.5890,18.2301,4.1258,4.3215,4.0397,3.9337,3
2458289.744457,-5.3675,9.3663,4.1258,4.3215,4.0397,3.9337,3
2458289.761047,-3.6110,12.4937,4.1258,4.3215,4.0397,3.9337,3
2458289.778547,-4.8770,17.1331,4.1258,4.3215,4.0397,3.9337,3
2458289.795997,-6.9355,15.9222,4.1258,4.3215,4.0397,3.9337,3
2458290.576237,0.3608,13.2562,4.1258,4.3215,4.0397,3.9337,3
2458290.598287,2.0153,20.0970,4.1258,4.3215,4.0397,3.9337,3
2458290.615297,-2.8779,19.0460,4.1258,4.3215,4.0397,3.9337,3
2458290.648907,-9.9457,6.6428,4.1258,4.3215,4.0397,3.9337,3
2458290.734067,0.3947,9.1853,4.1258,4.3215,4.0397,3.9337,3
2458290.751137,-3.1458,14.3002,4.1258,4.3215,4.0397,3.9337,3
2458290.768447,0.0850,15.1428,4.1258,4.3215,4.0397,3.9337,3
2458290.847197,-3.8442,13.7252,4.1258,4.3215,4.0397,3.9337,3
2458291.584057,-10.8380,8.6614,4.1258,4.3215,4.0397,3.9337,3
2458291.601027,-7.1757,11.8585,4.1258,4.3215,4.0397,3.9337,3
2458291.628607,-4.0383,15.6144,4.1258,4.3215,4.0397,3.9337,3
2458291.645147,-8.8855,10.2070,4.1258,4.3215,4.0397,3.9337,3
2458291.661617,-4.6851,11.4543,4.1258,4.3215,4.0397,3.9337,3
2458291.678887,-7.2417,9.4133,4.1258,4.3215,4.0397,3.9337,3
2458291.696237,-9.4483,7.8686,4.1258,4.3215,4.0397,3.9337,3
2458291.727467,-9.0874,6.5985,4.1258,4.3215,4.0397,3.9337,3
2458291.744907,-9.2293,7.6797,4.1258,4.3215,4.0397,3.9337,3
2458291.779177,-9.6368,14.4691,4.1258,4.3215,4.0397,3.9337,3
2458291.815147,-13.3142,10.4527,4.1258,4.3215,4.0397,3.9337,3
2458292.526127,1.7208,9.6017,4.1258,4.3215,4.0397,3.9337,3
2458292.587637,-6.1743,10.0211,4.1258,4.3215,4.0397,3.9337,3
2458292.608717,1.7703,18.5514,4.1258,4.3215,4.0397,3.9337,3
2458292.643147,-6.7043,14.4252,4.1258,4.3215,4.0397,3.9337,3
2458292.660137,-13.4736,10.4279,4.1258,4.3215,4.0397,3.9337,3
2458292.688157,-0.0122,9.2837,4.1258,4.3215,4.0397,3.9337,3
2458292.708757,-5.5885,15.3302,4.1258,4.3215,4.0397,3.9337,3
2458292.728297,1.3890,15.8212,4.1258,4.3215,4.0397,3.9337,3
2458292.749147,-7.4870,12.6863,4.1258,4.3215,4.0397,3.9337,3
2458292.766017,-5.9685,11.4214,4.1258,4.3215,4.0397,3.9337,3
2458292.794177,-6.9796,13.8935,4.1258,4.3215,4.0397,3.9337,3
2458292.839697,-6.2365,14.6305,4.1258,4.3215,4.0397,3.9337,3
2458293.709057,-10.8940,13.5686,4.1258,4.3215,4.0397,3.9337,3
2458293.736517,-11.7308,11.5619,4.1258,4.3215,4.0397,3.9337,3
2458294.675257,-0.1424,7.6317,4.1258,4.3215,4.0397,3.9337,3
2458294.760567,-4.1742,13.6322,4.1258,4.3215,4.0397,3.9337,3
2458294.777677,-3.8468,11.5363,4.1258,4.3215,4.0397,3.9337,3
2458295.624057,-2.4207,17.8130,4.1258,4.3215,4.0397,3.9337,3
2458295.643047,-8.5976,15.3691,4.1258,4.3215,4.0397,3.9337,3
2458295.659917,-6.6137,8.9730,4.1258,4.3215,4.0397,3.9337,3
2458295.695627,-3.2153,13.3614,4.1258,4.3215,4.0397,3.9337,3
2458295.724757,-10.9207,10.7226,4.1258,4.3215,4.0397,3.9337,3
2458295.741697,-2.0686,18.8943,4.1258,4.3215,4.0397,3.9337,3
2458295.819657,-14.7943,8.1919,4.1258,4.3215,4.0397,3.9337,3
2458298.707907,-4.7756,12.2956,4.1258,4.3215,4.0397,3.9337,3
2458298.743607,-10.3373,18.9419,4.1258,4.3215,4.0397,3.9337,3
2458301.628307,-13.7147,6.5507,4.1258,4.3215,4.0397,3.9337,3
2458301.655107,2.7910,13.1974,4.1258,4.3215,4.0397,3.9337,3
2458305.584127,-13.0069,15.5264,4.1258,4.3215,4.0397,3.9337,3
2458306.649477,-8.8612,8.5612,4.1258,4.3215,4.0397,3.9337,3
2458306.730237,-3.5770,17.6079,4.1258,4.3215,4.0397,3.9337,3
2458306.747067,-3.3118,15.1759,4.1258,4.3215,4.0397,3.9337,3
2458306.780897,-12.7947,11.2227,4.1258,4.3215,4.0397,3.9337,3
2458306.798207,-9.7249,16.6425,4.1258,4.3215,4.0397,3.9337,3
2458307.496527,-3.8028,10.5725,4.1258,4.3215,4.0397,3.9337,3
2458307.513817,0.9576,9.5423,4.1258,4.3215,4.0397,3.9337,3
2458307.530777,-12.8273,9.1169,4.1258,4.3215,4.0397,3.9337,3
2458307.548317,-3.6147,13.8726,4.1258,4.3215,4.0397,3.9337,3
2458307.565517,-8.6948,14.7535,4.1258,4.3215,4.0397,3.9337,3
2458307.592897,-8.4168,14.9494,4.1258,4.3215,4.0397,3.9337,3
2458307.628007,-5.9274,17.3033,4.1258,4.3215,4.0397,3.9337,3
2458307.646517,-9.0106,10.6565,4.1258,4.3215,4.0397,3.9337,3
2458307.663427,0.3107,10.8648,4.1258,4.3215,4.0397,3.9337,3
2458307.691117,-0.4686,17.6857,4.1258,4.3215,4.0397,3.9337,3
2458307.707847,-2.9010,9.2428,4.1258,4.3215,4.0397,3.9337,3
2458307.725187,-7.8882,20.1652,4.1258,4.3215,4.0397,3.9337,3
2458307.742337,-10.6615,10.7720,4.1258,4.3215,4.0397,3.9337,3
2458307.759117,-3.4919,12.7390,4.1258,4.3215,4.0397,3.9337,3
2458307.777417,-7.4954,15.3543,4.1258,4.3215,4.0397,3.9337,3
2458308.528597,-0.8725,9.1753,4.1258,4.3215,4.0397,3.9337,3
2458308.562587,-14.3849,15.1851,4.1258,4.3215,4.0397,3.9337,3
2458308.590757,-3.3911,20.1459,4.1258,4.3215,4.0397,3.9337,3
2458308.648627,-1.1260,9.1172,4.1258,4.3215,4.0397,3.9337,3
2458308.665197,-5.9917,17.6464,4.1258,4.3215,4.0397,3.9337,3
2458308.710897,-11.8756,12.6514,4.1258,4.3215,4.0397,3.9337,3
2458308.744427,-4.2881,4.3136,4.1258,4.3215,4.0397,3.9337,3
2458308.761377,-5.9028,7.7401,4.1258,4.3215,4.0397,3.9337,3
2458308.789187,-3.4778,6.2306,4.1258,4.3215,4.0397,3.9337,3
2458309.485467,1.1628,17.1315,4.1258,4.3215,4.0397,3.9337,3
2458309.507267,-7.8081,11.8746,4.1258,4.3215,4.0397,3.9337,3
2458309.524167,-7.5825,13.0229,4.1258,4.3215,4.0397,3.9337,3
2458309.541467,-3.2676,7.3075,4.1258,4.3215,4.0397,3.9337,3
2458309.572737,2.5858,11.3553,4.1258,4.3215,4.0397,3.9337,3
2458309.591377,-4.0305,9.0856,4.1258,4.3215,4.0397,3.9337,3
2458309.645557,-5.4622,9.6899,4.1258,4.3215,4.0397,3.9337,3
2458309.678317,0.2107,11.8624,4.1258,4.3215,4.0397,3.9337,3
2458309.696557,-4.1003,9.7156,4.1258,4.3215,4.0397,3.9337,3
2458309.713407,-1.3226,15.5160,4.1258,4.3215,4.0397,3.9337,3
2458309.747097,-4.1616,17.4221,4.1258,4.3215,4.0397,3.9337,3
2458309.779897,0.9103,10.7454,4.1258,4.3215,4.0397,3.9337,3
2458309.796887,-13.1167,13.5188,4.1258,4.3215,4.0397,3.9337,3
2458310.475537,-2.8456,17.5562,4.1258,4.3215,4.0397,3.9337,3
2458310.493767,-9.4249,11.0216,4.1258,4.3215,4.0397,3.9337,3
2458310.511417,-8.4109,9.2795,4.1258,4.3215,4.0397,3.9337,3
2458310.539587,0.3541,12.2771,4.1258,4.3215,4.0397,3.9337,3
2458310.602327,-10.9436,14.5347,4.1258,4.3215,4.0397,3.9337,3
2458310.638447,-1.5278,17.5414,4.1258,4.3215,4.0397,3.9337,3
2458310.666117,-9.0547,16.4150,4.1258,4.3215,4.0397,3.9337,3
2458310.699907,0.1657,17.7705,4.1258,4.3215,4.0397,3.9337,3
2458310.733847,-3.6153,13.6087,4.1258,4.3215,4.0397,3.9337,3
2458310.778197,-14.5752,14.5053,4.1258,4.3215,4.0397,3.9337,3
2458310.807087,-13.9799,17.9052,4.1258,4.3215,4.0397,3.9337,3
2458311.482497,-0.6674,8.2126,4.1258,4.3215,4.0397,3.9337,3
2458311.532037,-7.5066,15.1749,4.1258,4.3215,4.0397,3.9337,3
2458311.567667,-6.6843,10.4734,4.1258,4.3215,4.0397,3.9337,3
2458311.601267,-4.3538,16.4641,4.1258,4.3215,4.0397,3.9337,3
2458311.629857,-1.6069,8.4465,4.1258,4.3215,4.0397,3.9337,3
2458311.657377,0.4659,7.3605,4.1258,4.3215,4.0397,3.9337,3
2458311.674437,-2.8082,10.1248,4.1258,4.3215,4.0397,3.9337,3
2458311.691167,2.1383,7.7139,4.1258,4.3215,4.0397,3.9337,3
2458311.708007,-10.9832,13.0266,4.1258,4.3215,4.0397,3.9337,3
2458312.528637,-9.0371,8.0319,4.1258,4.3215,4.0397,3.9337,3
2458312.545037,-2.0990,9.4539,4.1258,4.3215,4.0397,3.9337,3
2458312.567837,-5.8234,11.8327,4.1258,4.3215,4.0397,3.9337,3
2458312.617707,-3.1504,11.6015,4.1258,4.3215,4.0397,3.9337,3
2458312.634687,-3.2307,5.3438,4.1258,4.3215,4.0397,3.9337,3
2458312.651537,-2.2544,14.9690,4.1258,4.3215,4.0397,3.9337,3
2458312.668367,0.6235,11.7480,4.1258,4.3215,4.0397,3.9337,3
2458312.712667,-6.4767,14.7740,4.1258,4.3215,4.0397,3.9337,3
2458312.729627,-10.4781,4.3752,4.1258,4.3215,4.0397,3.9337,3
2458312.752387,2.5512,3.9936,4.1258,4.3215,4.0397,3.9337,3
2458312.769217,-2.0709,7.5741,4.1258,4.3215,4.0397,3.9337,3
2458312.786397,-5.4148,19.3392,4.1258,4.3215,4.0397,3.9337,3
2458312.798037,-13.5944,7.6481,4.1258,4.3215,4.0397,3.9337,3
2458313.492217,-11.1338,6.0115,4.1258,4.3215,4.0397,3.9337,3
2458313.526497,-5.9131,8.1729,4.1258,4.3215,4.0397,3.9337,3
2458313.544057,-5.1443,13.9428,4.1258,4.3215,4.0397,3.9337,3
2458313.590277,-3.2475,17.3359,4.1258,4.3215,4.0397,3.9337,3
2458313.607427,-9.0053,11.1937,4.1258,4.3215,4.0397,3.9337,3
2458313.629007,0.6995,9.4008,4.1258,4.3215,4.0397,3.9337,3
2458313.646267,-1.9066,11.2552,4.1258,4.3215,4.0397,3.9337,3
2458313.662717,-14.7845,12.6492,4.1258,4.3215,4.0397,3.9337,3
2458313.707687,-1.9768,13.0956,4.1258,4.3215,4.0397,3.9337,3
2458313.724807,-3.0216,9.5151,4.1258,4.3215,4.0397,3.9337,3
2458313.741827,-1.7310,11.3574,4.1258,4.3215,4.0397,3.9337,3
2458313.758727,-0.4495,13.2091,4.1258,4.3215,4.0397,3.9337,3
2458314.489007,-4.3928,11.5875,4.1258,4.3215,4.0397,3.9337,3
2458314.542577,-8.6262,13.4325,4.1258,4.3215,4.0397,3.9337,3
2458314.571047,-8.1637,8.7729,4.1258,4.3215,4.0397,3.9337,3
2458314.587937,-8.8804,15.0979,4.1258,4.3215,4.0397,3.9337,3
2458314.604737,-5.6087,17.3870,4.1258,4.3215,4.0397,3.9337,3
2458314.621637,1.1872,15.6368,4.1258,4.3215,4.0397,3.9337,3
2458314.639797,2.7876,10.5834,4.1258,4.3215,4.0397,3.9337,3
2458314.667437,1.4419,8.8265,4.1258,4.3215,4.0397,3.9337,3
2458314.684517,-5.1271,15.8467,4.1258,4.3215,4.0397,3.9337,3
2458314.701327,-3.8542,18.6805,4.1258,4.3215,4.0397,3.9337,3
2458314.722457,-5.7849,19.0753,4.1258,4.3215,4.0397,3.9337,3
2458314.784557,-14.1923,6.7420,4.1258,4.3215,4.0397,3.9337,3
2458315.497317,-9.3305,14.3979,4.1258,4.3215,4.0397,3.9337,3
2458315.521257,-6.8504,13.5936,4.1258,4.3215,4.0397,3.9337,3
2458316.491227,-12.3758,15.8883,4.1258,4.3215,4.0397,3.9337,3
2458316.508007,-5.9516,11.7752,4.1258,4.3215,4.0397,3.9337,3
2458316.571837,-4.9820,15.4715,4.1258,4.3215,4.0397,3.9337,3
2458316.588947,-9.9290,13.6092,4.1258,4.3215,4.0397,3.9337,3
2458316.630097,-9.1817,8.1533,4.1258,4.3215,4.0397,3.9337,3
2458316.650197,-13.2025,15.4986,4.1258,4.3215,4.0397,3.9337,3
2458316.698737,-7.0609,15.9224,4.1258,4.3215,4.0397,3.9337,3
2458316.734197,-2.8899,9.1483,4.1258,4.3215,4.0397,3.9337,3
2458316.750607,-7.2352,19.3462,4.1258,4.3215,4.0397,3.9337,3
2458316.772057,-13.2619,5.8119,4.1258,4.3215,4.0397,3.9337,3
2458320.502497,-1.8084,6.4249,4.1258,4.3215,4.0397,3.9337,3
2458320.530207,-10.0036,9.3013,4.1258,4.3215,4.0397,3.9337,3
2458320.564657,-1.8337,15.8483,4.1258,4.3215,4.0397,3.9337,3
2458320.581737,-2.9236,12.4164,4.1258,4.3215,4.0397,3.9337,3
2458320.600337,-6.8584,11.8975,4.1258,4.3215,4.0397,3.9337,3
2458320.647007,1.7181,18.2735,4.1258,4.3215,4.0397,3.9337,3
2458320.664117,-6.5792,15.7361,4.1258,4.3215,4.0397,3.9337,3
2458320.698397,-2.1065,18.9248,4.1258,4.3215,4.0397,3.9337,3
2458320.725897,-3.6494,9.9172,4.1258,4.3215,4.0397,3.9337,3
2458321.475447,1.8458,14.3823,4.1258,4.3215,4.0397,3.9337,3
2458322.542867,-11.3116,12.6055,4.1258,4.3215,4.0397,3.9337,3
2458323.566617,-4.6187,15.3322,4.1258,4.3215,4.0397,3.9337,3
2458323.602457,-2.1226,8.5724,4.1258,4.3215,4.0397,3.9337,3
2458328.592367,-12.4305,18.6449,4.1258,4.3215,4.0397,3.9337,3
2458328.609427,-7.0675,10.2498,4.1258,4.3215,4.0397,3.9337,3
2458328.628967,-2.2033,12.8867,4.1258,4.3215,4.0397,3.9337,3
2458328.667997,-4.1450,15.8172,4.1258,4.3215,4.0397,3.9337,3
2458328.729647,-7.5186,18.0613,4.1258,4.3215,4.0397,3.9337,3
2458329.495117,-11.5305,11.4794,4.1258,4.3215,4.0397,3.9337,3
2458329.545857,-7.9664,14.2753,4.1258,4.3215,4.0397,3.9337,3
2458329.562177,-6.1372,16.9259,4.1258,4.3215,4.0397,3.9337,3
2458329.590137,-6.4808,12.8996,4.1258,4.3215,4.0397,3.9337,3
2458329.606847,-9.4693,13.5046,4.1258,4.3215,4.0397,3.9337,3
2458329.624207,-7.1616,9.6462,4.1258,4.3215,4.0397,3.9337,3
2458329.641217,-11.3428,12.9006,4.1258,4.3215,4.0397,3.9337,3
2458329.664307,-3.8007,12.8864,4.1258,4.3215,4.0397,3.9337,3
2458329.691937,-6.4787,17.8509,4.1258,4.3215,4.0397,3.9337,3
2458329.732307,-5.7577,12.4244,4.1258,4.3215,4.0397,3.9337,3
2458329.749257,-9.6205,7.2121,4.1258,4.3215,4.0397,3.9337,3
2458330.476117,-13.3025,8.4243,4.1258,4.3215,4.0397,3.9337,3
2458330.591457,-8.9815,15.2168,4.1258,4.3215,4.0397,3.9337,3
2458330.659487,-13.9680,10.3650,4.1258,4.3215,4.0397,3.9337,3
2458330.678637,-5.3638,18.6726,4.1258,4.3215,4.0397,3.9337,3
2458330.695217,-9.9113,12.1592,4.1258,4.3215,4.0397,3.9337,3
2458331.471587,-9.6231,12.9898,4.1258,4.3215,4.0397,3.9337,3
2458331.488257,-4.8372,11.1369,4.1258,4.3215,4.0397,3.9337,3
2458331.505097,-7.4806,9.9490,4.1258,4.3215,4.0397,3.9337,3
2458331.566757,-0.8371,8.0623,4.1258,4.3215,4.0397,3.9337,3
2458331.583417,-3.0102,14.9402,4.1258,4.3215,4.0397,3.9337,3
2458331.600117,-8.0620,13.1356,4.1258,4.3215,4.0397,3.9337,3
2458331.637867,-1.3278,9.3417,4.1258,4.3215,4.0397,3.9337,3
2458331.665297,-4.3439,11.7953,4.1258,4.3215,4.0397,3.9337,3
2458331.682457,-4.9781,10.7285,4.1258,4.3215,4.0397,3.9337,3
2458331.699377,-5.8808,5.6409,4.1258,4.3215,4.0397,3.9337,3
2458331.733397,-2.4040,13.0571,4.1258,4.3215,4.0397,3.9337,3
2458332.490647,-8.6866,17.6147,4.1258,4.3215,4.0397,3.9337,3
2458332.507667,-8.8067,18.6784,4.1258,4.3215,4.0397,3.9337,3
2458332.524547,-6.5274,20.3228,4.1258,4.3215,4.0397,3.9337,3
2458332.542087,-4.5271,10.3060,4.1258,4.3215,4.0397,3.9337,3
2458332.559317,-7.4472,15.0631,4.1258,4.3215,4.0397,3.9337,3
2458332.587277,-12.6754,11.9268,4.1258,4.3215,4.0397,3.9337,3
2458332.604257,-9.5923,15.1187,4.1258,4.3215,4.0397,3.9337,3
2458332.621497,-4.9306,16.8465,4.1258,4.3215,4.0397,3.9337,3
2458332.638647,-4.6600,14.3706,4.1258,4.3215,4.0397,3.9337,3
2458332.655497,-7.3813,13.0216,4.1258,4.3215,4.0397,3.9337,3
2458332.684397,-6.4337,8.3015,4.1258,4.3215,4.0397,3.9337,3
2458332.701497,-6.9170,12.2678,4.1258,4.3215,4.0397,3.9337,3
2458333.478797,-4.9111,16.4872,4.1258,4.3215,4.0397,3.9337,3
2458333.564177,-2.9568,7.8088,4.1258,4.3215,4.0397,3.9337,3
2458334.470887,-0.2701,13.6441,4.1258,4.3215,4.0397,3.9337,3
2458334.520287,-8.5346,11.2891,4.1258,4.3215,4.0397,3.9337,3
2458334.548617,-5.2419,11.7764,4.1258,4.3215,4.0397,3.9337,3
2458334.566107,-2.6929,8.0871,4.1258,4.3215,4.0397,3.9337,3
2458334.582987,-4.0937,7.8583,4.1258,4.3215,4.0397,3.9337,3
2458334.601747,-7.2078,7.8915,4.1258,4.3215,4.0397,3.9337,3
2458334.646367,-5.5823,17.6327,4.1258,4.3215,4.0397,3.9337,3
2458334.663617,-4.4230,10.2919,4.1258,4.3215,4.0397,3.9337,3
2458335.521507,-11.2904,10.1101,4.1258,4.3215,4.0397,3.9337,3
2458335.538637,-8.1409,7.4752,4.1258,4.3215,4.0397,3.9337,3
2458335.555747,-7.3820,13.4376,4.1258,4.3215,4.0397,3.9337,3
2458335.573007,-13.3361,6.8345,4.1258,4.3215,4.0397,3.9337,3
2458335.600297,-1.7793,10.6122,4.1258,4.3215,4.0397,3.9337,3
2458335.617357,-3.4709,7.6689,4.1258,4.3215,4.0397,3.9337,3
2458335.634537,-9.5982,13.2515,4.1258,4.3215,4.0397,3.9337,3
2458335.697267,-12.4159,10.8625,4.1258,4.3215,4.0397,3.9337,3
2458336.475357,1.0296,10.7234,4.1258,4.3215,4.0397,3.9337,3
2458336.492757,-5.4280,11.2676,4.1258,4.3215,4.0397,3.9337,3
2458336.520397,-3.3640,15.6909,4.1258,4.3215,4.0397,3.9337,3
2458336.564677,-3.3536,14.5138,4.1258,4.3215,4.0397,3.9337,3
2458336.633527,-5.9435,6.9410,4.1258,4.3215,4.0397,3.9337,3
2458336.661187,-6.5465,15.2599,4.1258,4.3215,4.0397,3.9337,3
2458336.678147,-4.8552,6.4367,4.1258,4.3215,4.0397,3.9337,3
2458336.698297,-8.9545,15.3821,4.1258,4.3215,4.0397,3.9337,3
2458336.715437,-0.0755,16.5636,4.1258,4.3215,4.0397,3.9337,3
2458336.732537,-0.6383,19.0952,4.1258,4.3215,4.0397,3.9337,3
2458338.543757,-2.2478,20.0232,4.1258,4.3215,4.0397,3.9337,3
2458338.610627,-3.9554,13.6211,4.1258,4.3215,4.0397,3.9337,3
2458338.627827,-8.0745,13.5560,4.1258,4.3215,4.0397,3.9337,3
2458338.661787,-0.9489,20.2358,4.1258,4.3215,4.0397,3.9337,3
2458339.473997,-10.2878,9.8599,4.1258,4.3215,4.0397,3.9337,3
2458339.493747,-0.7648,10.3570,4.1258,4.3215,4.0397,3.9337,3
2458339.511947,-9.7920,16.1079,4.1258,4.3215,4.0397,3.9337,3
2458339.578487,-10.0710,7.9836,4.1258,4.3215,4.0397,3.9337,3
2458339.602127,-5.5940,9.5781,4.1258,4.3215,4.0397,3.9337,3
2458339.658707,-3.5604,13.1591,4.1258,4.3215,4.0397,3.9337,3
2458339.708637,-9.3087,13.8326,4.1258,4.3215,4.0397,3.9337,3
2458340.524577,-4.9241,12.4448,4.1258,4.3215,4.0397,3.9337,3
2458340.545487,-6.5662,10.3704,4.1258,4.3215,4.0397,3.9337,3
2458340.562367,-6.2642,11.9617,4.1258,4.3215,4.0397,3.9337,3
2458340.579747,-6.1729,12.9907,4.1258,4.3215,4.0397,3.9337,3
2458340.607297,-4.0177,17.1625,4.1258,4.3215,4.0397,3.9337,3
2458340.624297,-3.3850,17.8966,4.1258,4.3215,4.0397,3.9337,3
2458340.643227,-1.4515,12.8281,4.1258,4.3215,4.0397,3.9337,3
2458340.664167,-4.9732,17.5530,4.1258,4.3215,4.0397,3.9337,3
2458341.466367,-0.5050,9.2055,4.1258,4.3215,4.0397,3.9337,3
2458341.518267,-2.7039,10.1639,4.1258,4.3215,4.0397,3.9337,3
2458341.563557,-7.7770,6.4901,4.1258,4.3215,4.0397,3.9337,3
2458341.615797,-4.6970,12.4935,4.1258,4.3215,4.0397,3.9337,3
2458341.632697,-1.4615,14.5126,4.1258,4.3215,4.0397,3.9337,3
2458341.661797,-3.2993,9.7806,4.1258,4.3215,4.0397,3.9337,3
2458341.705207,-9.2775,17.2771,4.1258,4.3215,4.0397,3.9337,3
2458342.485377,-6.1804,12.4914,4.1258,4.3215,4.0397,3.9337,3
2458342.502597,-4.2392,11.6145,4.1258,4.3215,4.0397,3.9337,3
2458342.532957,-12.2888,11.6732,4.1258,4.3215,4.0397,3.9337,3
2458342.549837,-6.4152,16.9480,4.1258,4.3215,4.0397,3.9337,3
2458342.589037,-7.5147,13.7867,4.1258,4.3215,4.0397,3.9337,3
2458342.606037,-10.2483,12.1361,4.1258,4.3215,4.0397,3.9337,3
2458342.623107,-5.1347,14.7193,4.1258,4.3215,4.0397,3.9337,3
2458342.685757,-1.4441,11.9292,4.1258,4.3215,4.0397,3.9337,3
2458343.486957,-12.1863,15.3732,4.1258,4.3215,4.0397,3.9337,3
2458343.503637,-10.1921,10.4842,4.1258,4.3215,4.0397,3.9337,3
2458343.587767,0.0470,19.3489,4.1258,4.3215,4.0397,3.9337,3
2458343.605047,-9.5101,8.8010,4.1258,4.3215,4.0397,3.9337,3
2458343.650477,-12.5526,14.1654,4.1258,4.3215,4.0397,3.9337,3
2458344.474257,-4.1095,11.0717,4.1258,4.3215,4.0397,3.9337,3
2458344.514347,-1.8062,18.7194,4.1258,4.3215,4.0397,3.9337,3
2458344.549697,-4.4229,14.1310,4.1258,4.3215,4.0397,3.9337,3
2458344.566697,-7.6252,12.2470,4.1258,4.3215,4.0397,3.9337,3
2458344.624607,-4.1769,13.5294,4.1258,4.3215,4.0397,3.9337,3
2458344.654107,-2.9833,8.4912,4.1258,4.3215,4.0397,3.9337,3
2458345.482407,-2.0999,11.8782,4.1258,4.3215,4.0397,3.9337,3
2458345.515167,-2.4170,12.0727,4.1258,4.3215,4.0397,3.9337,3
2458345.536367,-6.5340,9.5724,4.1258,4.3215,4.0397,3.9337,3
2458345.568147,-3.4436,17.5633,4.1258,4.3215,4.0397,3.9337,3
2458345.604527,-10.5922,8.8230,4.1258,4.3215,4.0397,3.9337,3
2458345.687437,-9.5563,5.2165,4.1258,4.3215,4.0397,3.9337,3
2458345.704827,-11.1500,13.0643,4.1258,4.3215,4.0397,3.9337,3
2458346.466377,0.5008,16.7229,4.1258,4.3215,4.0397,3.9337,3
2458346.535157,-4.4454,13.5053,4.1258,4.3215,4.0397,3.9337,3
2458346.566487,-4.4457,9.1081,4.1258,4.3215,4.0397,3.9337,3
2458346.583667,-7.1888,11.4067,4.1258,4.3215,4.0397,3.9337,3
2458346.680617,-7.6972,8.3912,4.1258,4.3215,4.0397,3.9337,3
2458347.474067,-10.1426,18.8722,4.1258,4.3215,4.0397,3.9337,3
2458347.494497,-9.4659,17.9679,4.1258,4.3215,4.0397,3.9337,3
2458347.522747,-10.1508,14.2207,4.1258,4.3215,4.0397,3.9337,3
2458347.556597,-4.4752,12.0993,4.1258,4.3215,4.0397,3.9337,3
2458347.573617,-2.9214,12.3330,4.1258,4.3215,4.0397,3.9337,3
2458347.594137,-5.5606,14.3230,4.1258,4.3215,4.0397,3.9337,3
2458347.622007,0.0686,12.8066,4.1258,4.3215,4.0397,3.9337,3
2458347.642507,-7.3739,14.9925,4.1258,4.3215,4.0397,3.9337,3
2458349.492667,-3.8140,12.8130,4.1258,4.3215,4.0397,3.9337,3
2458349.526947,-3.3673,14.8899,4.1258,4.3215,4.0397,3.9337,3
2458349.554697,1.1249,15.9954,4.1258,4.3215,4.0397,3.9337,3
2458349.571817,-4.4273,16.5149,4.1258,4.3215,4.0397,3.9337,3
2458349.661877,-8.2755,12.4740,4.1258,4.3215,4.0397,3.9337,3
2458349.695947,1.0001,13.7988,4.1258,4.3215,4.0397,3.9337,3
2458350.475797,-0.0885,9.3298,4.1258,4.3215,4.0397,3.9337,3
2458350.493437,-0.2381,8.8105,4.1258,4.3215,4.0397,3.9337,3
2458350.521727,-9.5866,12.8252,4.1258,4.3215,4.0397,3.9337,3
2458350.538897,-4.7333,8.6255,4.1258,4.3215,4.0397,3.9337,3
2458350.590547,-12.3948,16.0996,4.1258,4.3215,4.0397,3.9337,3
2458350.608677,-5.6649,13.0302,4.1258,4.3215,4.0397,3.9337,3
2458350.636927,-4.9880,8.7347,4.1258,4.3215,4.0397,3.9337,3
2458350.653707,-4.7763,16.0448,4.1258,4.3215,4.0397,3.9337,3
2458350.687287,-0.4780,18.1747,4.1258,4.3215,4.0397,3.9337,3
2458352.482577,-11.8777,13.0098,4.1258,4.3215,4.0397,3.9337,3
2458352.517447,-6.4498,6.8032,4.1258,4.3215,4.0397,3.9337,3
2458352.537017,2.1301,7.2907,4.1258,4.3215,4.0397,3.9337,3
2458355.551137,-7.7879,9.9477,4.1258,4.3215,4.0397,3.9337,3
2458355.567997,-5.5993,12.3370,4.1258,4.3215,4.0397,3.9337,3
2458355.585337,-12.0512,16.0035,4.1258,4.3215,4.0397,3.9337,3
2458355.614557,-7.0287,7.0729,4.1258,4.3215,4.0397,3.9337,3
2458355.631607,-7.2783,19.9346,4.1258,4.3215,4.0397,3.9337,3
2458355.682267,1.9235,19.2543,4.1258,4.3215,4.0397,3.9337,3
2458356.476847,-4.2176,6.3675,4.1258,4.3215,4.0397,3.9337,3
2458356.523717,-7.4000,11.3376,4.1258,4.3215,4.0397,3.9337,3
2458356.541207,-5.5614,13.7458,4.1258,4.3215,4.0397,3.9337,3
2458356.558487,-5.0464,12.9244,4.1258,4.3215,4.0397,3.9337,3
2458356.620227,-7.3870,18.4227,4.1258,4.3215,4.0397,3.9337,3
2458356.637447,0.9177,11.4753,4.1258,4.3215,4.0397,3.9337,3
2458356.654117,-5.0060,9.5533,4.1258,4.3215,4.0397,3.9337,3
2458357.478647,-8.6687,10.9380,4.1258,4.3215,4.0397,3.9337,3
2458357.506507,-3.7021,11.6585,4.1258,4.3215,4.0397,3.9337,3
2458357.534247,2.0521,12.0106,4.1258,4.3215,4.0397,3.9337,3
2458357.555667,-1.8845,6.2030,4.1258,4.3215,4.0397,3.9337,3
2458357.573147,-4.7648,15.9437,4.1258,4.3215,4.0397,3.9337,3
2458357.590257,-9.3222,13.9305,4.1258,4.3215,4.0397,3.9337,3
2458357.609137,-6.4483,5.7184,4.1258,4.3215,4.0397,3.9337,3
2458357.636917,-13.8787,3.5921,4.1258,4.3215,4.0397,3.9337,3
2458357.653937,-1.6176,17.8644,4.1258,4.3215,4.0397,3.9337,3
2458358.492637,-13.6481,12.7583,4.1258,4.3215,4.0397,3.9337,3
2458358.511417,-5.2768,13.2547,4.1258,4.3215,4.0397,3.9337,3
2458358.555977,-2.2655,17.1561,4.1258,4.3215,4.0397,3.9337,3
2458358.573797,-12.4199,5.5339,4.1258,4.3215,4.0397,3.9337,3
2458358.590847,-0.8177,14.1070,4.1258,4.3215,4.0397,3.9337,3
2458358.607837,-6.9954,12.5428,4.1258,4.3215,4.0397,3.9337,3
2458358.638407,-8.5161,11.8262,4.1258,4.3215,4.0397,3.9337,3
2458358.655527,-2.6633,5.7284,4.1258,4.3215,4.0397,3.9337,3
2458358.662707,1.2283,15.8637,4.1258,4.3215,4.0397,3.9337,3
2458359.485977,-6.1198,8.4454,4.1258,4.3215,4.0397,3.9337,3
2458359.503207,-11.9407,17.4397,4.1258,4.3215,4.0397,3.9337,3
2458359.523537,-4.2433,14.8609,4.1258,4.3215,4.0397,3.9337,3
2458359.575587,-5.7593,10.8866,4.1258,4.3215,4.0397,3.9337,3
2458359.592707,-4.0849,10.7664,4.1258,4.3215,4.0397,3.9337,3
2458359.609907,-5.2217,16.7271,4.1258,4.3215,4.0397,3.9337,3
2458359.627207,-10.5171,18.4662,4.1258,4.3215,4.0397,3.9337,3
2458359.644127,-10.8539,11.3347,4.1258,4.3215,4.0397,3.9337,3
2458360.472247,-4.9882,9.7926,4.1258,4.3215,4.0397,3.9337,3
2458360.489237,-13.1055,13.7005,4.1258,4.3215,4.0397,3.9337,3
2458360.505797,-0.2028,7.9535,4.1258,4.3215,4.0397,3.9337,3
2458360.524067,-5.9238,9.6957,4.1258,4.3215,4.0397,3.9337,3
2458360.541007,-9.4912,9.9380,4.1258,4.3215,4.0397,3.9337,3
2458360.577547,-7.9442,8.1810,4.1258,4.3215,4.0397,3.9337,3
2458360.596507,-1.6353,8.8825,4.1258,4.3215,4.0397,3.9337,3
2458360.614507,-2.0312,12.0908,4.1258,4.3215,4.0397,3.9337,3
2458360.631067,-7.7595,5.9757,4.1258,4.3215,4.0397,3.9337,3
2458360.648477,-13.0636,5.5044,4.1258,4.3215,4.0397,3.9337,3
2458363.513577,-5.7255,15.0544,4.1258,4.3215,4.0397,3.9337,3
2458363.530647,-6.8914,19.1223,4.1258,4.3215,4.0397,3.9337,3
2458363.547897,-13.7087,16.6461,4.1258,4.3215,4.0397,3.9337,3
2458363.646597,-9.8627,5.1438,4.1258,4.3215,4.0397,3.9337,3
2458364.501127,-5.4076,5.9523,4.1258,4.3215,4.0397,3.9337,3
2458364.518857,-4.2097,7.9433,4.1258,4.3215,4.0397,3.9337,3
2458364.552717,-11.4807,10.5608,4.1258,4.3215,4.0397,3.9337,3
2458365.495867,-1.1670,3.8287,4.1258,4.3215,4.0397,3.9337,3
2458365.514267,-12.2546,3.1685,4.1258,4.3215,4.0397,3.9337,3
2458365.592597,2.1351,8.7750,4.1258,4.3215,4.0397,3.9337,3
2458366.499277,-7.4931,10.9680,4.1258,4.3215,4.0397,3.9337,3
2458366.570997,-0.3702,5.6579,4.1258,4.3215,4.0397,3.9337,3
2458366.587567,-6.0010,18.2402,4.1258,4.3215,4.0397,3.9337,3
2458366.621747,-8.8058,14.1326,4.1258,4.3215,4.0397,3.9337,3
2458366.638417,-13.6913,4.9430,4.1258,4.3215,4.0397,3.9337,3
2458367.498077,-7.0606,12.1812,4.1258,4.3215,4.0397,3.9337,3
2458367.515297,-6.4148,10.3061,4.1258,4.3215,4.0397,3.9337,3
2458367.549487,-8.9071,12.9580,4.1258,4.3215,4.0397,3.9337,3
2458367.566257,-4.3168,14.2418,4.1258,4.3215,4.0397,3.9337,3
2458367.583357,-0.1762,18.2700,4.1258,4.3215,4.0397,3.9337,3
2458367.622517,-7.7148,4.7452,4.1258,4.3215,4.0397,3.9337,3
2458368.485557,-9.7014,16.8930,4.1258,4.3215,4.0397,3.9337,3
2458368.502537,-11.0557,9.6679,4.1258,4.3215,4.0397,3.9337,3
2458368.518937,-2.0100,12.9959,4.1258,4.3215,4.0397,3.9337,3
2458368.547487,-2.1402,7.4563,4.1258,4.3215,4.0397,3.9337,3
2458368.575267,-11.8772,11.0126,4.1258,4.3215,4.0397,3.9337,3
2458369.489557,-2.7007,5.7926,4.1258,4.3215,4.0397,3.9337,3
2458369.516937,-9.4551,8.1135,4.1258,4.3215,4.0397,3.9337,3
2458369.533827,-1.1266,19.3043,4.1258,4.3215,4.0397,3.9337,3
2458369.551087,-7.5142,7.1851,4.1258,4.3215,4.0397,3.9337,3
2458369.567937,-4.7200,10.4559,4.1258,4.3215,4.0397,3.9337,3
2458369.584977,-0.4676,16.3674,4.1258,4.3215,4.0397,3.9337,3
2458369.614297,-9.4507,7.0676,4.1258,4.3215,4.0397,3.9337,3
2458370.489537,-3.4549,10.9211,4.1258,4.3215,4.0397,3.9337,3
2458370.506787,-8.7395,7.8000,4.1258,4.3215,4.0397,3.9337,3
2458370.523527,-6.8230,9.7580,4.1258,4.3215,4.0397,3.9337,3
2458370.540557,-7.4336,9.0546,4.1258,4.3215,4.0397,3.9337,3
2458370.558097,-10.1396,11.5628,4.1258,4.3215,4.0397,3.9337,3
2458370.585537,-1.5652,3.2013,4.1258,4.3215,4.0397,3.9337,3
2458370.619887,-9.1821,11.2829,4.1258,4.3215,4.0397,3.9337,3
2458370.631327,1.4839,11.9778,4.1258,4.3215,4.0397,3.9337,3
2458371.483737,-3.3334,10.5707,4.1258,4.3215,4.0397,3.9337,3
2458371.500537,-7.0928,12.2055,4.1258,4.3215,4.0397,3.9337,3
2458371.548257,1.8599,6.9351,4.1258,4.3215,4.0397,3.9337,3
2458371.565377,-4.4073,8.5682,4.1258,4.3215,4.0397,3.9337,3
2458371.584577,1.2223,10.9804,4.1258,4.3215,4.0397,3.9337,3
2458371.630117,-7.6702,2.5798,4.1258,4.3215,4.0397,3.9337,3
2458371.632827,-10.7311,7.4940,4.1258,4.3215,4.0397,3.9337,3
2458372.482857,-9.5130,20.0209,4.1258,4.3215,4.0397,3.9337,3
2458372.503667,-11.2304,11.2600,4.1258,4.3215,4.0397,3.9337,3
2458372.545167,-5.8661,12.6614,4.1258,4.3215,4.0397,3.9337,3
2458372.573277,-8.1812,16.4506,4.1258,4.3215,4.0397,3.9337,3
2458372.590157,-7.7228,14.5526,4.1258,4.3215,4.0397,3.9337,3
2458372.621777,-6.1444,17.9478,4.1258,4.3215,4.0397,3.9337,3
2458373.540097,-1.0192,8.2551,4.1258,4.3215,4.0397,3.9337,3
2458373.602007,-5.1981,6.1318,4.1258,4.3215,4.0397,3.9337,3
2458373.619257,-10.3200,10.4353,4.1258,4.3215,4.0397,3.9337,3
2458373.628907,2.6496,10.5525,4.1258,4.3215,4.0397,3.9337,3
2458375.506987,-13.0093,8.7752,4.1258,4.3215,4.0397,3.9337,3
2458375.551977,0.2044,17.6350,4.1258,4.3215,4.0397,3.9337,3
2458375.586117,-5.2793,17.4375,4.1258,4.3215,4.0397,3.9337,3
2458375.603417,0.4752,11.4090,4.1258,4.3215,4.0397,3.9337,3
2458375.613007,-5.5573,6.0935,4.1258,4.3215,4.0397,3.9337,3
2458376.502047,-2.0696,12.0764,4.1258,4.3215,4.0397,3.9337,3
2458376.529787,-1.4619,13.9434,4.1258,4.3215,4.0397,3.9337,3
2458376.557627,-3.2384,11.6076,4.1258,4.3215,4.0397,3.9337,3
2458376.574647,1.3275,17.4431,4.1258,4.3215,4.0397,3.9337,3
2458377.481277,-1.9191,2.4023,4.1258,4.3215,4.0397,3.9337,3
2458377.560277,-5.3497,3.9685,4.1258,4.3215,4.0397,3.9337,3
2458377.576987,-12.9006,13.5234,4.1258,4.3215,4.0397,3.9337,3
2458377.593927,-8.1628,5.2387,4.1258,4.3215,4.0397,3.9337,3
2458378.508387,-7.3706,13.3088,4.1258,4.3215,4.0397,3.9337,3
2458378.543007,-10.4834,5.5476,4.1258,4.3215,4.0397,3.9337,3
2458378.559547,-7.8351,9.8442,4.1258,4.3215,4.0397,3.9337,3
2458378.581127,-11.0287,19.0509,4.1258,4.3215,4.0397,3.9337,3
2458378.611267,-12.7360,16.2370,4.1258,4.3215,4.0397,3.9337,3
2458382.489417,-4.8213,3.0168,4.1258,4.3215,4.0397,3.9337,3
2458382.507277,-8.4954,13.6325,4.1258,4.3215,4.0397,3.9337,3
2458382.524477,-8.1423,14.6394,4.1258,4.3215,4.0397,3.9337,3
2458382.541527,-8.5347,4.6427,4.1258,4.3215,4.0397,3.9337,3
2458382.574287,-11.2791,13.9849,4.1258,4.3215,4.0397,3.9337,3
2458382.591187,1.6397,6.4338,4.1258,4.3215,4.0397,3.9337,3
2458382.608427,-5.8206,19.1327,4.1258,4.3215,4.0397,3.9337,3
2458383.477697,1.0532,15.5641,4.1258,4.3215,4.0397,3.9337,3
2458383.513537,-4.2579,10.7526,4.1258,4.3215,4.0397,3.9337,3
2458383.541267,-4.9299,9.0610,4.1258,4.3215,4.0397,3.9337,3
2458383.558227,-8.9231,17.6200,4.1258,4.3215,4.0397,3.9337,3
2458383.599017,-0.1224,9.5388,4.1258,4.3215,4.0397,3.9337,3
2458384.511157,-8.9896,17.6363,4.1258,4.3215,4.0397,3.9337,3
2458384.539087,-3.2192,11.5109,4.1258,4.3215,4.0397,3.9337,3
2458384.557857,-10.2124,13.2399,4.1258,4.3215,4.0397,3.9337,3
2458384.574997,-7.1547,7.4495,4.1258,4.3215,4.0397,3.9337,3
2458385.490867,0.8541,8.8349,4.1258,4.3215,4.0397,3.9337,3
2458385.523707,-6.5811,11.7241,4.1258,4.3215,4.0397,3.9337,3
2458385.540837,-12.1365,8.6529,4.1258,4.3215,4.0397,3.9337,3
2458385.558487,-11.8668,20.7510,4.1258,4.3215,4.0397,3.9337,3
2458385.575967,-5.5548,11.6625,4.1258,4.3215,4.0397,3.9337,3
2458385.592897,-6.7922,17.6267,4.1258,4.3215,4.0397,3.9337,3
2458386.499677,-2.4639,11.1326,4.1258,4.3215,4.0397,3.9337,3
2458386.516847,-9.8696,7.0303,4.1258,4.3215,4.0397,3.9337,3
2458386.575937,-5.0959,21.2460,4.1258,4.3215,4.0397,3.9337,3
2458387.490977,-3.5303,19.6755,4.1258,4.3215,4.0397,3.9337,3
2458387.518727,0.4791,3.8641,4.1258,4.3215,4.0397,3.9337,3
2458390.514577,0.6643,11.8112,4.1258,4.3215,4.0397,3.9337,3
2458390.533417,-7.7895,5.3233,4.1258,4.3215,4.0397,3.9337,3
2458390.550717,-3.0250,11.9561,4.1258,4.3215,4.0397,3.9337,3
2458393.498697,-6.6331,4.3126,4.1258,4.3215,4.0397,3.9337,3
2458393.516017,-0.9092,10.1449,4.1258,4.3215,4.0397,3.9337,3
2458393.566717,-4.1758,5.4476,4.1258,4.3215,4.0397,3.9337,3
2458394.483377,-2.2067,3.7425,4.1258,4.3215,4.0397,3.9337,3
2458394.501547,-1.0979,17.6715,4.1258,4.3215,4.0397,3.9337,3
2458394.518947,-9.7561,16.2895,4.1258,4.3215,4.0397,3.9337,3
2458394.536277,-1.9112,19.7069,4.1258,4.3215,4.0397,3.9337,3
2458394.566427,-10.2894,17.7048,4.1258,4.3215,4.0397,3.9337,3
2458397.490507,-11.2974,18.6746,4.1258,4.3215,4.0397,3.9337,3
2458397.525547,-6.4708,16.8610,4.1258,4.3215,4.0397,3.9337,3
2458397.554127,3.0085,9.3211,4.1258,4.3215,4.0397,3.9337,3
2458398.535117,-9.3541,9.5330,4.1258,4.3215,4.0397,3.9337,3
2458404.539787,5.8895,14.1651,4.1258,4.3215,4.0397,3.9337,3
2458408.507197,0.6962,13.7139,4.1258,4.3215,4.0397,3.9337,3
2458409.498007,0.2304,20.0770,4.1258,4.3215,4.0397,3.9337,3
2458409.514957,7.4469,21.6672,4.1258,4.3215,4.0397,3.9337,3
2458411.507187,-5.6859,10.4524,4.1258,4.3215,4.0397,3.9337,3
2458412.498527,-4.0157,9.5575,4.1258,4.3215,4.0397,3.9337,3
2458412.515517,10.8696,13.3615,4.1258,4.3215,4.0397,3.9337,3
2458533.872867,-2.2390,8.3668,4.1258,4.3215,4.5665,4.6843,4
2458533.889787,-8.1712,10.8700,4.1258,4.3215,4.5665,4.6843,4
2458534.871137,-2.2764,6.4615,4.1258,4.3215,4.5665,4.6843,4
2458535.884707,-2.2576,10.6788,4.1258,4.3215,4.5665,4.6843,4
2458536.862957,-0.0948,12.9650,4.1258,4.3215,4.5665,4.6843,4
2458537.851727,-1.6133,11.3693,4.1258,4.3215,4.5665,4.6843,4
2458537.868707,-1.3541,3.7195,4.1258,4.3215,4.5665,4.6843,4
2458537.902667,-7.8635,6.2833,4.1258,4.3215,4.5665,4.6843,4
2458538.857917,-8.7761,12.7868,4.1258,4.3215,4.5665,4.6843,4
2458538.890767,-3.7168,12.8176,4.1258,4.3215,4.5665,4.6843,4
2458539.876537,-8.7782,11.3478,4.1258,4.3215,4.5665,4.6843,4
2458540.880377,-3.3935,6.8749,4.1258,4.3215,4.5665,4.6843,4
2458542.873107,-10.0778,11.8277,4.1258,4.3215,4.5665,4.6843,4
2458542.900977,-0.9504,15.2527,4.1258,4.3215,4.5665,4.6843,4
2458543.839977,-8.2452,12.2668,4.1258,4.3215,4.5665,4.6843,4
2458543.856717,-10.2718,11.8290,4.1258,4.3215,4.5665,4.6843,4
2458543.890397,-1.4920,8.7257,4.1258,4.3215,4.5665,4.6843,4
2458544.836077,-5.5191,10.3210,4.1258,4.3215,4.5665,4.6843,4
2458544.853447,-10.5771,10.4528,4.1258,4.3215,4.5665,4.6843,4
2458544.872077,-5.0756,12.4130,4.1258,4.3215,4.5665,4.6843,4
2458544.888227,-7.5241,9.7534,4.1258,4.3215,4.5665,4.6843,4
2458544.904757,-1.4044,13.9732,4.1258,4.3215,4.5665,4.6843,4
2458546.858587,-4.4179,9.9635,4.1258,4.3215,4.5665,4.6843,4
2458546.875197,-3.6836,10.3511,4.1258,4.3215,4.5665,4.6843,4
2458546.894497,-7.2569,14.3914,4.1258,4.3215,4.5665,4.6843,4
2458547.868837,-5.6459,5.3114,4.1258,4.3215,4.5665,4.6843,4
2458547.873057,4.0721,6.6002,4.1258,4.3215,4.5665,4.6843,4
2458547.907607,-5.2778,8.2724,4.1258,4.3215,4.5665,4.6843,4
2458548.826217,3.9439,11.2324,4.1258,4.3215,4.5665,4.6843,4
2458548.845507,-1.7146,11.9369,4.1258,4.3215,4.5665,4.6843,4
2458548.873037,-4.2427,7.0007,4.1258,4.3215,4.5665,4.6843,4
2458548.889337,-7.3575,11.2194,4.1258,4.3215,4.5665,4.6843,4
2458549.890347,0.6944,7.1651,4.1258,4.3215,4.5665,4.6843,4
2458549.906747,-5.7595,9.0368,4.1258,4.3215,4.5665,4.6843,4
2458550.814687,-2.6007,6.9883,4.1258,4.3215,4.5665,4.6843,4
2458550.848207,-0.5557,10.9650,4.1258,4.3215,4.5665,4.6843,4
2458550.875817,-2.7165,9.4777,4.1258,4.3215,4.5665,4.6843,4
2458551.859497,-5.8952,13.9996,4.1258,4.3215,4.5665,4.6843,4
2458551.876367,-2.8203,9.2129,4.1258,4.3215,4.5665,4.6843,4
2458551.899527,-7.2567,6.6500,4.1258,4.3215,4.5665,4.6843,4
2458552.882727,-7.6519,12.4546,4.1258,4.3215,4.5665,4.6843,4
2458553.875477,4.1225,13.4582,4.1258,4.3215,4.5665,4.6843,4
2458554.854757,-4.8239,2.4780,4.1258,4.3215,4.5665,4.6843,4
2458554.871597,-4.5846,4.7714,4.1258,4.3215,4.5665,4.6843,4
2458554.888387,-6.9176,8.6877,4.1258,4.3215,4.5665,4.6843,4
2458555.813677,-9.6485,2.8962,4.1258,4.3215,4.5665,4.6843,4
2458555.891937,-1.5835,10.6293,4.1258,4.3215,4.5665,4.6843,4
2458555.908187,-8.4788,8.5808,4.1258,4.3215,4.5665,4.6843,4
2458556.869617,-8.6655,7.7811,4.1258,4.3215,4.5665,4.6843,4
2458556.908997,-2.0344,10.1355,4.1258,4.3215,4.5665,4.6843,4
2458557.795897,-6.0758,14.0289,4.1258,4.3215,4.5665,4.6843,4
2458557.829067,3.1318,6.1510,4.1258,4.3215,4.5665,4.6843,4
2458557.845617,-1.1415,11.4816,4.1258,4.3215,4.5665,4.6843,4
2458557.878057,-2.7556,10.1892,4.1258,4.3215,4.5665,4.6843,4
2458557.895007,-3.3671,6.3088,4.1258,4.3215,4.5665,4.6843,4
2458557.911777,-10.8822,6.2855,4.1258,4.3215,4.5665,4.6843,4
2458558.859497,-6.3591,12.0350,4.1258,4.3215,4.5665,4.6843,4
2458558.876117,-0.1814,14.2814,4.1258,4.3215,4.5665,4.6843,4
2458558.909597,-7.4248,7.0141,4.1258,4.3215,4.5665,4.6843,4
2458559.820397,3.1332,7.8595,4.1258,4.3215,4.5665,4.6843,4
2458559.837367,-3.1527,6.3962,4.1258,4.3215,4.5665,4.6843,4
2458559.854197,0.0455,9.3804,4.1258,4.3215,4.5665,4.6843,4
2458560.788547,0.5720,14.1313,4.1258,4.3215,4.5665,4.6843,4
2458560.807307,-0.6142,9.1121,4.1258,4.3215,4.5665,4.6843,4
2458560.823877,-7.0342,5.6697,4.1258,4.3215,4.5665,4.6843,4
2458560.884397,-0.1617,11.9117,4.1258,4.3215,4.5665,4.6843,4
2458560.900917,-0.5325,5.8604,4.1258,4.3215,4.5665,4.6843,4
2458561.813817,-0.8710,6.1530,4.1258,4.3215,4.5665,4.6843,4
2458561.847757,-7.6653,9.4301,4.1258,4.3215,4.5665,4.6843,4
2458561.882677,-1.7947,15.0564,4.1258,4.3215,4.5665,4.6843,4
2458562.891837,-6.8344,1.4960,4.1258,4.3215,4.5665,4.6843,4
2458562.908427,-4.2348,6.3604,4.1258,4.3215,4.5665,4.6843,4
2458563.841117,-11.0986,16.2413,4.1258,4.3215,4.5665,4.6843,4
2458563.857317,-0.4918,6.7776,4.1258,4.3215,4.5665,4.6843,4
2458563.873637,-4.8518,13.5078,4.1258,4.3215,4.5665,4.6843,4
2458563.890287,-9.4219,9.8818,4.1258,4.3215,4.5665,4.6843,4
2458564.807867,-1.7131,0.4984,4.1258,4.3215,4.5665,4.6843,4
2458564.852237,0.2408,3.7727,4.1258,4.3215,4.5665,4.6843,4
2458564.870387,-5.3984,7.3965,4.1258,4.3215,4.5665,4.6843,4
2458564.887687,-10.9146,14.4271,4.1258,4.3215,4.5665,4.6843,4
2458564.904627,-5.4620,9.5580,4.1258,4.3215,4.5665,4.6843,4
2458565.819077,1.0130,8.1237,4.1258,4.3215,4.5665,4.6843,4
2458565.852367,-2.1387,11.2675,4.1258,4.3215,4.5665,4.6843,4
2458565.903507,2.4190,13.2358,4.1258,4.3215,4.5665,4.6843,4
2458566.830767,-10.3063,12.4481,4.1258,4.3215,4.5665,4.6843,4
2458566.847907,-1.3233,3.7351,4.1258,4.3215,4.5665,4.6843,4
2458566.883337,-7.0656,9.3635,4.1258,4.3215,4.5665,4.6843,4
2458566.900097,-3.4484,10.7561,4.1258,4.3215,4.5665,4.6843,4
2458567.785127,-4.6433,4.8595,4.1258,4.3215,4.5665,4.6843,4
2458567.819807,4.2839,7.9697,4.1258,4.3215,4.5665,4.6843,4
2458567.836317,-2.9222,2.7545,4.1258,4.3215,4.5665,4.6843,4
2458567.858057,-6.0533,2.6017,4.1258,4.3215,4.5665,4.6843,4
2458567.888407,-2.0694,4.9004,4.1258,4.3215,4.5665,4.6843,4
2458567.905027,-2.5136,4.7106,4.1258,4.3215,4.5665,4.6843,4
2458568.782897,-0.7555,3.3687,4.1258,4.3215,4.5665,4.6843,4
2458568.810057,-7.5869,1.2686,4.1258,4.3215,4.5665,4.6843,4
2458568.831287,1.2966,8.6843,4.1258,4.3215,4.5665,4.6843,4
2458568.848087,1.7296,13.6075,4.1258,4.3215,4.5665,4.6843,4
2458568.864627,-4.7905,7.8482,4.1258,4.3215,4.5665,4.6843,4
2458569.864017,-10.9534,13.3324,4.1258,4.3215,4.5665,4.6843,4
2458570.782077,-4.5768,15.4648,4.1258,4.3215,4.5665,4.6843,4
2458570.816257,-4.5281,12.1004,4.1258,4.3215,4.5665,4.6843,4
2458570.852667,1.3847,12.3192,4.1258,4.3215,4.5665,4.6843,4
2458570.898027,-7.7735,16.2833,4.1258,4.3215,4.5665,4.6843,4
2458571.770757,-2.7306,14.1076,4.1258,4.3215,4.5665,4.6843,4
2458571.788247,-0.4265,10.3336,4.1258,4.3215,4.5665,4.6843,4
2458571.816367,-9.7138,8.2434,4.1258,4.3215,4.5665,4.6843,4
2458571.836307,2.3334,12.1368,4.1258,4.3215,4.5665,4.6843,4
2458571.884087,-3.7109,11.4881,4.1258,4.3215,4.5665,4.6843,4
2458571.900817,-4.6314,8.4319,4.1258,4.3215,4.5665,4.6843,4
2458571.917637,-5.6921,12.5697,4.1258,4.3215,4.5665,4.6843,4
2458574.774697,2.3130,0.9178,4.1258,4.3215,4.5665,4.6843,4
2458574.857697,-6.8394,14.5188,4.1258,4.3215,4.5665,4.6843,4
2458574.892927,-2.6577,8.0013,4.1258,4.3215,4.5665,4.6843,4
2458575.826037,2.7649,4.9469,4.1258,4.3215,4.5665,4.6843,4
2458575.859417,-8.7045,4.4498,4.1258,4.3215,4.5665,4.6843,4
2458575.876467,-1.9461,9.0898,4.1258,4.3215,4.5665,4.6843,4
2458575.893287,-4.9562,12.9676,4.1258,4.3215,4.5665,4.6843,4
2458576.787577,-11.1582,13.8285,4.1258,4.3215,4.5665,4.6843,4
2458576.820377,-7.8314,15.2429,4.1258,4.3215,4.5665,4.6843,4
2458576.837527,-6.1683,14.9574,4.1258,4.3215,4.5665,4.6843,4
2458576.899367,-2.5100,10.7343,4.1258,4.3215,4.5665,4.6843,4
2458576.916197,-4.9247,4.3982,4.1258,4.3215,4.5665,4.6843,4
2458577.921227,-3.5449,11.4778,4.1258,4.3215,4.5665,4.6843,4
2458578.878247,-2.5202,8.6829,4.1258,4.3215,4.5665,4.6843,4
2458578.907217,1.0041,9.3691,4.1258,4.3215,4.5665,4.6843,4
2458579.771547,-6.3354,1.7165,4.1258,4.3215,4.5665,4.6843,4
2458579.832117,1.2465,3.6703,4.1258,4.3215,4.5665,4.6843,4
2458579.848797,-10.0157,12.9843,4.1258,4.3215,4.5665,4.6843,4
2458579.865177,-5.7351,9.8246,4.1258,4.3215,4.5665,4.6843,4
2458579.881967,0.5274,4.3456,4.1258,4.3215,4.5665,4.6843,4
2458579.908957,-3.4991,10.2954,4.1258,4.3215,4.5665,4.6843,4
2458580.748627,-9.1404,8.6576,4.1258,4.3215,4.5665,4.6843,4
2458580.793377,-7.9541,6.9062,4.1258,4.3215,4.5665,4.6843,4
2458580.826387,-10.1845,13.8397,4.1258,4.3215,4.5665,4.6843,4
2458580.887627,-4.1488,1.5489,4.1258,4.3215,4.5665,4.6843,4
2458580.915117,-5.2112,12.2041,4.1258,4.3215,4.5665,4.6843,4
2458581.747747,-9.7439,7.6239,4.1258,4.3215,4.5665,4.6843,4
2458581.795017,0.8723,3.5916,4.1258,4.3215,4.5665,4.6843,4
2458581.858077,-6.2335,12.8013,4.1258,4.3215,4.5665,4.6843,4
2458581.874997,-4.3236,11.0363,4.1258,4.3215,4.5665,4.6843,4
2458581.891957,1.2087,10.8520,4.1258,4.3215,4.5665,4.6843,4
2458582.762067,-9.7048,14.2264,4.1258,4.3215,4.5665,4.6843,4
2458582.796157,-10.2719,5.8166,4.1258,4.3215,4.5665,4.6843,4
2458582.813357,-5.5473,9.1293,4.1258,4.3215,4.5665,4.6843,4
2458582.830637,-4.2451,15.7928,4.1258,4.3215,4.5665,4.6843,4
2458582.861307,-0.4542,9.7469,4.1258,4.3215,4.5665,4.6843,4
2458582.878207,-5.7316,10.7442,4.1258,4.3215,4.5665,4.6843,4
2458582.894757,-4.0338,11.2907,4.1258,4.3215,4.5665,4.6843,4
2458582.911757,-0.8961,10.7527,4.1258,4.3215,4.5665,4.6843,4
2458583.768547,-8.9271,11.7195,4.1258,4.3215,4.5665,4.6843,4
2458583.785037,-0.4832,11.3163,4.1258,4.3215,4.5665,4.6843,4
2458583.818407,-6.9822,7.2801,4.1258,4.3215,4.5665,4.6843,4
2458583.834937,0.3471,14.5951,4.1258,4.3215,4.5665,4.6843,4
2458583.862617,-0.5730,8.4175,4.1258,4.3215,4.5665,4.6843,4
2458583.879207,-4.1285,12.4310,4.1258,4.3215,4.5665,4.6843,4
2458584.761267,-4.8510,1.3664,4.1258,4.3215,4.5665,4.6843,4
2458584.778407,-1.7169,8.4481,4.1258,4.3215,4.5665,4.6843,4
2458584.800147,-0.0572,12.0282,4.1258,4.3215,4.5665,4.6843,4
2458584.816707,-10.9652,2.5793,4.1258,4.3215,4.5665,4.6843,4
2458584.843657,-2.0357,8.4000,4.1258,4.3215,4.5665,4.6843,4
2458584.860097,-0.9992,12.1412,4.1258,4.3215,4.5665,4.6843,4
2458584.893807,-7.4205,13.0500,4.1258,4.3215,4.5665,4.6843,4
2458585.740537,-9.5332,4.6696,4.1258,4.3215,4.5665,4.6843,4
2458585.757167,1.1118,8.1965,4.1258,4.3215,4.5665,4.6843,4
2458585.793277,-5.5601,13.2238,4.1258,4.3215,4.5665,4.6843,4
2458585.809797,2.3779,3.4543,4.1258,4.3215,4.5665,4.6843,4
2458585.839837,-3.1284,1.7613,4.1258,4.3215,4.5665,4.6843,4
2458585.877047,-3.3853,4.1455,4.1258,4.3215,4.5665,4.6843,4
2458585.899297,-5.6800,9.3689,4.1258,4.3215,4.5665,4.6843,4
2458585.915867,-10.0540,11.5268,4.1258,4.3215,4.5665,4.6843,4
2458586.742887,-4.1825,6.8708,4.1258,4.3215,4.5665,4.6843,4
2458586.761817,-2.4098,10.6622,4.1258,4.3215,4.5665,4.6843,4
2458586.778437,-7.2791,4.5678,4.1258,4.3215,4.5665,4.6843,4
2458586.794947,-1.1498,7.8513,4.1258,4.3215,4.5665,4.6843,4
2458586.821947,-6.5131,12.0731,4.1258,4.3215,4.5665,4.6843,4
2458586.838747,-6.7454,6.4671,4.1258,4.3215,4.5665,4.6843,4
2458586.855437,-6.3906,14.6900,4.1258,4.3215,4.5665,4.6843,4
2458586.875677,-2.4863,11.4420,4.1258,4.3215,4.5665,4.6843,4
2458586.892477,1.1111,6.3012,4.1258,4.3215,4.5665,4.6843,4
2458587.764157,-6.9202,10.0159,4.1258,4.3215,4.5665,4.6843,4
2458587.807607,-3.4731,6.3488,4.1258,4.3215,4.5665,4.6843,4
2458587.841227,-1.0796,10.8149,4.1258,4.3215,4.5665,4.6843,4
2458587.858007,-7.5128,8.3999,4.1258,4.3215,4.5665,4.6843,4
2458587.876247,-2.2797,3.5962,4.1258,4.3215,4.5665,4.6843,4
2458587.922377,-1.2846,11.4952,4.1258,4.3215,4.5665,4.6843,4
2458588.729197,-6.6204,3.1838,4.1258,4.3215,4.5665,4.6843,4
2458588.752597,-5.3300,4.1712,4.1258,4.3215,4.5665,4.6843,4
2458588.781657,-4.9934,6.8768,4.1258,4.3215,4.5665,4.6843,4
2458588.798167,2.2967,11.4643,4.1258,4.3215,4.5665,4.6843,4
2458588.815017,-4.0767,8.8931,4.1258,4.3215,4.5665,4.6843,4
2458588.832357,-6.9352,6.6561,4.1258,4.3215,4.5665,4.6843,4
2458588.930447,-4.1130,12.3479,4.1258,4.3215,4.5665,4.6843,4
2458589.719367,-2.0025,12.3058,4.1258,4.3215,4.5665,4.6843,4
2458589.735877,-0.2866,7.3001,4.1258,4.3215,4.5665,4.6843,4
2458589.764857,-0.7312,5.6780,4.1258,4.3215,4.5665,4.6843,4
2458589.781657,-4.8100,9.4665,4.1258,4.3215,4.5665,4.6843,4
2458589.802037,1.9086,13.8746,4.1258,4.3215,4.5665,4.6843,4
2458589.818797,-2.6123,8.9569,4.1258,4.3215,4.5665,4.6843,4
2458589.835617,-2.4548,5.5976,4.1258,4.3215,4.5665,4.6843,4
2458589.863257,0.1562,10.5848,4.1258,4.3215,4.5665,4.6843,4
2458589.879617,2.7570,8.5999,4.1258,4.3215,4.5665,4.6843,4
2458589.914367,1.3871,9.0179,4.1258,4.3215,4.5665,4.6843,4
2458590.753917,-6.2094,6.5054,4.1258,4.3215,4.5665,4.6843,4
2458590.770527,-6.1722,7.0094,4.1258,4.3215,4.5665,4.6843,4
2458590.787357,-4.0028,8.4732,4.1258,4.3215,4.5665,4.6843,4
2458590.819987,-6.3268,15.4087,4.1258,4.3215,4.5665,4.6843,4
2458590.848397,-7.9783,8.3510,4.1258,4.3215,4.5665,4.6843,4
2458590.865077,-2.6109,7.2444,4.1258,4.3215,4.5665,4.6843,4
2458590.881627,-2.2035,8.0219,4.1258,4.3215,4.5665,4.6843,4
2458590.898087,-1.4411,8.9947,4.1258,4.3215,4.5665,4.6843,4
2458590.914767,-0.5783,11.3995,4.1258,4.3215,4.5665,4.6843,4
2458591.707057,2.7692,10.2383,4.1258,4.3215,4.5665,4.6843,4
2458591.743277,-8.1781,3.3133,4.1258,4.3215,4.5665,4.6843,4
2458591.760077,-4.3556,8.8106,4.1258,4.3215,4.5665,4.6843,4
2458591.776627,-1.1801,9.8411,4.1258,4.3215,4.5665,4.6843,4
2458591.823397,-5.7330,3.1697,4.1258,4.3215,4.5665,4.6843,4
2458591.840727,0.0835,15.6555,4.1258,4.3215,4.5665,4.6843,4
2458591.844687,-1.8385,3.4234,4.1258,4.3215,4.5665,4.6843,4
2458591.894977,-8.9931,6.9719,4.1258,4.3215,4.5665,4.6843,4
2458593.804737,-4.4691,10.8929,4.1258,4.3215,4.5665,4.6843,4
2458593.876937,-8.0350,9.1339,4.1258,4.3215,4.5665,4.6843,4
2458593.893857,0.1729,9.5489,4.1258,4.3215,4.5665,4.6843,4
2458593.927427,-4.8099,15.7671,4.1258,4.3215,4.5665,4.6843,4
2458594.702977,-4.3498,5.2960,4.1258,4.3215,4.5665,4.6843,4
2458594.719527,-2.2379,5.6508,4.1258,4.3215,4.5665,4.6843,4
2458594.735797,0.0463,2.2235,4.1258,4.3215,4.5665,4.6843,4
2458594.769577,-2.8269,10.6600,4.1258,4.3215,4.5665,4.6843,4
2458594.786627,-3.1905,7.6455,4.1258,4.3215,4.5665,4.6843,4
2458594.817077,-5.2161,10.9341,4.1258,4.3215,4.5665,4.6843,4
2458594.841977,-7.5336,13.1569,4.1258,4.3215,4.5665,4.6843,4
2458594.862277,-4.0366,9.6441,4.1258,4.3215,4.5665,4.6843,4
2458594.878977,-6.9478,8.7357,4.1258,4.3215,4.5665,4.6843,4
2458594.928407,-4.8749,6.5310,4.1258,4.3215,4.5665,4.6843,4
2458595.783037,-5.1374,12.1417,4.1258,4.3215,4.5665,4.6843,4
2458595.799977,-4.6666,8.2078,4.1258,4.3215,4.5665,4.6843,4
2458595.833807,-8.8329,8.8753,4.1258,4.3215,4.5665,4.6843,4
2458595.864587,0.9315,10.0523,4.1258,4.3215,4.5665,4.6843,4
2458595.884257,-1.3536,10.2784,4.1258,4.3215,4.5665,4.6843,4
2458599.703017,-7.2707,8.0985,4.1258,4.3215,4.5665,4.6843,4
2458599.719527,-10.0303,14.0013,4.1258,4.3215,4.5665,4.6843,4
2458599.736217,3.3060,3.7502,4.1258,4.3215,4.5665,4.6843,4
2458599.780817,-6.3303,7.1642,4.1258,4.3215,4.5665,4.6843,4
2458599.815827,0.8562,8.6353,4.1258,4.3215,4.5665,4.6843,4
2458599.832487,1.1244,12.2810,4.1258,4.3215,4.5665,4.6843,4
2458599.915497,-2.0217,8.2148,4.1258,4.3215,4.5665,4.6843,4
2458600.679197,-9.0655,6.2294,4.1258,4.3215,4.5665,4.6843,4
2458600.695997,-0.3978,12.8326,4.1258,4.3215,4.5665,4.6843,4
2458600.724187,0.6310,2.5238,4.1258,4.3215,4.5665,4.6843,4
2458600.744077,-8.0647,7.4830,4.1258,4.3215,4.5665,4.6843,4
2458600.769817,-8.6959,10.4800,4.1258,4.3215,4.5665,4.6843,4
2458600.786727,-1.0235,6.7551,4.1258,4.3215,4.5665,4.6843,4
2458600.803727,-1.4771,2.6633,4.1258,4.3215,4.5665,4.6843,4
2458600.833067,-8.1766,5.5955,4.1258,4.3215,4.5665,4.6843,4
2458600.864167,-4.8114,5.4056,4.1258,4.3215,4.5665,4.6843,4
2458600.880827,-10.3219,13.5010,4.1258,4.3215,4.5665,4.6843,4
2458600.914667,-7.6321,13.5704,4.1258,4.3215,4.5665,4.6843,4
2458600.931777,-4.5959,9.8047,4.1258,4.3215,4.5665,4.6843,4
2458601.738097,-0.9199,9.3820,4.1258,4.3215,4.5665,4.6843,4
2458601.754967,-0.6870,8.9505,4.1258,4.3215,4.5665,4.6843,4
2458601.771647,-1.6550,8.1644,4.1258,4.3215,4.5665,4.6843,4
2458601.798807,-2.6274,7.2314,4.1258,4.3215,4.5665,4.6843,4
2458601.815097,0.6912,8.4571,4.1258,4.3215,4.5665,4.6843,4
2458601.831287,0.1243,6.8617,4.1258,4.3215,4.5665,4.6843,4
2458601.847667,3.0613,6.0615,4.1258,4.3215,4.5665,4.6843,4
2458601.892227,-2.0948,13.5733,4.1258,4.3215,4.5665,4.6843,4
2458602.687017,-3.9853,9.1096,4.1258,4.3215,4.5665,4.6843,4
2458602.764467,0.4543,3.9639,4.1258,4.3215,4.5665,4.6843,4
2458602.798057,-0.9828,9.9804,4.1258,4.3215,4.5665,4.6843,4
2458602.860137,-1.1229,11.2411,4.1258,4.3215,4.5665,4.6843,4
2458602.877047,-0.8093,9.3709,4.1258,4.3215,4.5665,4.6843,4
2458602.894187,-7.6329,2.5083,4.1258,4.3215,4.5665,4.6843,4
2458603.675027,-6.1400,6.2061,4.1258,4.3215,4.5665,4.6843,4
2458603.692137,-3.1735,4.6909,4.1258,4.3215,4.5665,4.6843,4
2458603.806657,-5.2930,9.1810,4.1258,4.3215,4.5665,4.6843,4
2458603.854257,0.0925,10.5722,4.1258,4.3215,4.5665,4.6843,4
2458603.871127,-4.7718,7.8682,4.1258,4.3215,4.5665,4.6843,4
2458603.888447,-2.7984,8.1242,4.1258,4.3215,4.5665,4.6843,4
2458603.905327,-5.9758,8.9264,4.1258,4.3215,4.5665,4.6843,4
2458603.922007,-7.9285,10.9019,4.1258,4.3215,4.5665,4.6843,4
2458604.691107,-0.9877,1.8415,4.1258,4.3215,4.5665,4.6843,4
2458604.707987,2.1305,2.7024,4.1258,4.3215,4.5665,4.6843,4
2458604.849497,-1.7752,17.0484,4.1258,4.3215,4.5665,4.6843,4
2458604.866267,-0.1617,13.4986,4.1258,4.3215,4.5665,4.6843,4
2458605.664437,-5.6997,5.4653,4.1258,4.3215,4.5665,4.6843,4
2458605.681227,-1.8688,13.5096,4.1258,4.3215,4.5665,4.6843,4
2458605.726897,0.0959,8.0064,4.1258,4.3215,4.5665,4.6843,4
2458605.743407,-7.5993,12.9199,4.1258,4.3215,4.5665,4.6843,4
2458605.803997,-1.7175,10.6151,4.1258,4.3215,4.5665,4.6843,4
2458605.824227,4.8067,12.3485,4.1258,4.3215,4.5665,4.6843,4
2458605.840957,-0.3388,13.7077,4.1258,4.3215,4.5665,4.6843,4
2458605.857737,-1.4478,8.9361,4.1258,4.3215,4.5665,4.6843,4
2458605.874697,-0.7687,15.7889,4.1258,4.3215,4.5665,4.6843,4
2458605.906357,4.2899,16.6394,4.1258,4.3215,4.5665,4.6843,4
2458606.684077,-10.3988,1.1462,4.1258,4.3215,4.5665,4.6843,4
2458606.729257,-7.4433,9.4975,4.1258,4.3215,4.5665,4.6843,4
2458606.745957,-6.7516,5.5157,4.1258,4.3215,4.5665,4.6843,4
2458606.767127,1.9043,8.6928,4.1258,4.3215,4.5665,4.6843,4
2458606.786337,1.3491,9.8576,4.1258,4.3215,4.5665,4.6843,4
2458606.882227,-2.6325,9.2732,4.1258,4.3215,4.5665,4.6843,4
2458606.899037,0.3783,9.2591,4.1258,4.3215,4.5665,4.6843,4
2458607.676917,-11.5400,9.9656,4.1258,4.3215,4.5665,4.6843,4
2458607.710617,0.2287,8.5239,4.1258,4.3215,4.5665,4.6843,4
2458607.727857,-0.4681,5.8330,4.1258,4.3215,4.5665,4.6843,4
2458607.744487,-1.0277,2.4625,4.1258,4.3215,4.5665,4.6843,4
2458607.771767,-2.8280,6.1408,4.1258,4.3215,4.5665,4.6843,4
2458607.788627,-5.8622,4.8617,4.1258,4.3215,4.5665,4.6843,4
2458607.805647,-4.4483,1.2914,4.1258,4.3215,4.5665,4.6843,4
2458607.822617,-7.3863,11.7986,4.1258,4.3215,4.5665,4.6843,4
2458607.844337,2.2059,8.6989,4.1258,4.3215,4.5665,4.6843,4
2458607.861337,1.0826,13.5576,4.1258,4.3215,4.5665,4.6843,4
2458607.888567,-2.4460,1.6827,4.1258,4.3215,4.5665,4.6843,4
2458607.905367,-7.7282,8.0972,4.1258,4.3215,4.5665,4.6843,4
2458608.733857,-9.3726,10.8020,4.1258,4.3215,4.5665,4.6843,4
2458608.754387,-4.2950,8.0650,4.1258,4.3215,4.5665,4.6843,4
2458608.770907,-7.9827,8.4421,4.1258,4.3215,4.5665,4.6843,4
2458608.814967,-2.0904,11.5851,4.1258,4.3215,4.5665,4.6843,4
2458608.848947,-1.8036,12.4673,4.1258,4.3215,4.5665,4.6843,4
2458608.865627,4.1871,6.3021,4.1258,4.3215,4.5665,4.6843,4
2458608.923927,1.4367,14.8033,4.1258,4.3215,4.5665,4.6843,4
2458609.765137,2.4006,14.0138,4.1258,4.3215,4.5665,4.6843,4
2458611.695557,-10.0575,11.8851,4.1258,4.3215,4.5665,4.6843,4
2458611.722857,-8.4558,0.6201,4.1258,4.3215,4.5665,4.6843,4
2458611.786987,-0.8477,5.1230,4.1258,4.3215,4.5665,4.6843,4
2458611.837457,-6.1156,10.4453,4.1258,4.3215,4.5665,4.6843,4
2458611.853857,-3.2707,11.8707,4.1258,4.3215,4.5665,4.6843,4
2458611.893547,-2.3284,10.8630,4.1258,4.3215,4.5665,4.6843,4
2458612.726967,-9.7112,13.4243,4.1258,4.3215,4.5665,4.6843,4
2458612.804247,5.0877,5.9965,4.1258,4.3215,4.5665,4.6843,4
2458612.841797,-9.4682,11.4480,4.1258,4.3215,4.5665,4.6843,4
2458612.903097,-0.6315,13.4355,4.1258,4.3215,4.5665,4.6843,4
2458612.936817,-10.4742,18.2181,4.1258,4.3215,4.5665,4.6843,4
2458613.654837,-1.0330,13.4306,4.1258,4.3215,4.5665,4.6843,4
2458613.671487,-2.5874,6.8196,4.1258,4.3215,4.5665,4.6843,4
2458613.776807,-6.6634,7.1755,4.1258,4.3215,4.5665,4.6843,4
2458613.814327,0.4564,4.8530,4.1258,4.3215,4.5665,4.6843,4
2458613.838347,-2.9346,10.2252,4.1258,4.3215,4.5665,4.6843,4
2458613.866997,-4.2483,13.2810,4.1258,4.3215,4.5665,4.6843,4
2458613.884017,0.9658,12.2775,4.1258,4.3215,4.5665,4.6843,4
2458613.900657,-3.6095,11.0953,4.1258,4.3215,4.5665,4.6843,4
2458614.660187,-5.2723,9.8564,4.1258,4.3215,4.5665,4.6843,4
2458614.694107,-11.0052,17.2058,4.1258,4.3215,4.5665,4.6843,4
2458614.710607,-2.7248,7.6761,4.1258,4.3215,4.5665,4.6843,4
2458614.759787,-11.3959,3.3766,4.1258,4.3215,4.5665,4.6843,4
2458614.776377,-2.7275,11.4838,4.1258,4.3215,4.5665,4.6843,4
2458614.812337,-4.3881,10.0945,4.1258,4.3215,4.5665,4.6843,4
2458614.829457,-3.4826,11.1999,4.1258,4.3215,4.5665,4.6843,4
2458614.846497,-0.6571,15.2175,4.1258,4.3215,4.5665,4.6843,4
2458614.874347,-1.7756,8.5059,4.1258,4.3215,4.5665,4.6843,4
2458614.895857,-4.3669,14.0339,4.1258,4.3215,4.5665,4.6843,4
2458614.920967,-8.4994,16.3000,4.1258,4.3215,4.5665,4.6843,4
2458615.687587,-8.1046,7.2682,4.1258,4.3215,4.5665,4.6843,4
2458615.703877,-10.2456,8.7927,4.1258,4.3215,4.5665,4.6843,4
2458615.721547,3.5753,10.5747,4.1258,4.3215,4.5665,4.6843,4
2458615.738157,-2.8045,7.3136,4.1258,4.3215,4.5665,4.6843,4
2458615.771097,0.3815,8.4155,4.1258,4.3215,4.5665,4.6843,4
2458615.787427,-11.6415,7.5528,4.1258,4.3215,4.5665,4.6843,4
2458615.820317,-1.8822,6.2432,4.1258,4.3215,4.5665,4.6843,4
2458615.837277,2.2598,6.9523,4.1258,4.3215,4.5665,4.6843,4
2458615.864507,-10.0342,14.1480,4.1258,4.3215,4.5665,4.6843,4
2458616.687247,-2.4189,12.5027,4.1258,4.3215,4.5665,4.6843,4
2458616.720687,2.1826,9.4090,4.1258,4.3215,4.5665,4.6843,4
2458616.748287,-3.6659,14.5949,4.1258,4.3215,4.5665,4.6843,4
2458616.764777,-5.1780,1.0529,4.1258,4.3215,4.5665,4.6843,4
2458616.781447,-1.2851,10.0649,4.1258,4.3215,4.5665,4.6843,4
2458616.850407,-1.6959,17.9525,4.1258,4.3215,4.5665,4.6843,4
2458616.866817,4.6091,15.6721,4.1258,4.3215,4.5665,4.6843,4
2458617.632877,-9.6199,10.2590,4.1258,4.3215,4.5665,4.6843,4
2458617.660367,-11.0528,6.7737,4.1258,4.3215,4.5665,4.6843,4
2458617.678787,-0.1629,9.6566,4.1258,4.3215,4.5665,4.6843,4
2458617.695767,2.1931,8.3431,4.1258,4.3215,4.5665,4.6843,4
2458617.712137,-2.8295,10.2959,4.1258,4.3215,4.5665,4.6843,4
2458617.729427,-2.4346,15.5632,4.1258,4.3215,4.5665,4.6843,4
2458617.756427,-5.4629,10.7376,4.1258,4.3215,4.5665,4.6843,4
2458617.773067,-4.2309,12.7406,4.1258,4.3215,4.5665,4.6843,4
2458617.805977,-3.5212,14.9232,4.1258,4.3215,4.5665,4.6843,4
2458617.822537,3.9924,13.6246,4.1258,4.3215,4.5665,4.6843,4
2458617.856797,-2.8625,8.0957,4.1258,4.3215,4.5665,4.6843,4
2458617.873607,-2.3097,5.5854,4.1258,4.3215,4.5665,4.6843,4
2458618.647237,-12.9027,8.0581,4.1258,4.3215,4.5665,4.6843,4
2458618.684917,-12.2394,13.1715,4.1258,4.3215,4.5665,4.6843,4
2458618.745697,-5.4581,11.9853,4.1258,4.3215,4.5665,4.6843,4
2458618.762217,-12.4192,16.1566,4.1258,4.3215,4.5665,4.6843,4
2458618.779297,-4.3111,4.7791,4.1258,4.3215,4.5665,4.6843,4
2458618.795857,2.7751,14.4702,4.1258,4.3215,4.5665,4.6843,4
2458618.881087,2.7380,3.5144,4.1258,4.3215,4.5665,4.6843,4
2458618.898017,-3.6238,8.8590,4.1258,4.3215,4.5665,4.6843,4
2458619.662527,-11.3082,5.3106,4.1258,4.3215,4.5665,4.6843,4
2458619.679567,3.0800,10.3969,4.1258,4.3215,4.5665,4.6843,4
2458619.706837,-5.2324,2.8858,4.1258,4.3215,4.5665,4.6843,4
2458619.723207,5.9021,3.2548,4.1258,4.3215,4.5665,4.6843,4
2458619.739967,-10.3419,4.3593,4.1258,4.3215,4.5665,4.6843,4
2458619.837117,0.0316,4.4731,4.1258,4.3215,4.5665,4.6843,4
2458619.876567,-1.2627,15.7782,4.1258,4.3215,4.5665,4.6843,4
2458620.680497,-8.5956,10.7772,4.1258,4.3215,4.5665,4.6843,4
2458620.697487,-3.3586,9.7932,4.1258,4.3215,4.5665,4.6843,4
2458620.714247,1.5347,12.0080,4.1258,4.3215,4.5665,4.6843,4
2458620.741797,-8.4150,6.3864,4.1258,4.3215,4.5665,4.6843,4
2458620.758357,-5.3440,10.8508,4.1258,4.3215,4.5665,4.6843,4
2458620.774797,-6.9216,10.1942,4.1258,4.3215,4.5665,4.6843,4
2458620.791287,-1.8820,12.5783,4.1258,4.3215,4.5665,4.6843,4
2458620.808077,-1.9885,7.1400,4.1258,4.3215,4.5665,4.6843,4
2458620.856897,-2.6536,8.5060,4.1258,4.3215,4.5665,4.6843,4
2458620.873707,-4.9887,6.3075,4.1258,4.3215,4.5665,4.6843,4
2458621.725227,-0.8098,4.8371,4.1258,4.3215,4.5665,4.6843,4
2458621.752317,-7.4207,1.1915,4.1258,4.3215,4.5665,4.6843,4
2458621.770647,-0.9478,6.9138,4.1258,4.3215,4.5665,4.6843,4
2458621.788797,-10.0919,3.4801,4.1258,4.3215,4.5665,4.6843,4
2458621.805247,-0.5718,10.6497,4.1258,4.3215,4.5665,4.6843,4
2458621.867157,1.0209,10.1928,4.1258,4.3215,4.5665,4.6843,4
2458621.883597,-2.7642,1.3302,4.1258,4.3215,4.5665,4.6843,4
2458621.899927,2.1797,4.5738,4.1258,4.3215,4.5665,4.6843,4
2458622.769527,-5.1127,9.6781,4.1258,4.3215,4.5665,4.6843,4
2458625.825957,-10.8473,8.5938,4.1258,4.3215,4.5665,4.6843,4
2458625.843147,-5.4540,0.1496,4.1258,4.3215,4.5665,4.6843,4
2458625.859797,-7.9738,8.9196,4.1258,4.3215,4.5665,4.6843,4
2458625.881287,-8.1709,12.4181,4.1258,4.3215,4.5665,4.6843,4
2458626.641437,1.5095,12.1240,4.1258,4.3215,4.5665,4.6843,4
2458626.658127,-7.3740,7.0359,4.1258,4.3215,4.5665,4.6843,4
2458626.685087,-2.5629,8.4591,4.1258,4.3215,4.5665,4.6843,4
2458626.701697,2.6791,0.0758,4.1258,4.3215,4.5665,4.6843,4
2458626.734917,-8.7422,15.0417,4.1258,4.3215,4.5665,4.6843,4
2458626.751857,0.4825,11.8249,4.1258,4.3215,4.5665,4.6843,4
2458626.779237,4.9734,6.6459,4.1258,4.3215,4.5665,4.6843,4
2458626.846297,-7.4670,-0.8043,4.1258,4.3215,4.5665,4.6843,4
2458626.889717,3.1492,11.2873,4.1258,4.3215,4.5665,4.6843,4
2458626.922817,3.2932,13.3814,4.1258,4.3215,4.5665,4.6843,4
2458626.939667,-4.7900,9.0537,4.1258,4.3215,4.5665,4.6843,4
2458627.610787,-12.6829,-1.6409,4.1258,4.3215,4.5665,4.6843,4
2458627.627417,-12.5987,8.6437,4.1258,4.3215,4.5665,4.6843,4
2458627.643847,-2.6409,2.9922,4.1258,4.3215,4.5665,4.6843,4
2458627.660977,0.0188,10.6940,4.1258,4.3215,4.5665,4.6843,4
2458631.653957,3.5443,13.2061,4.1258,4.3215,4.5665,4.6843,4
2458631.687757,-10.1159,7.7023,4.1258,4.3215,4.5665,4.6843,4
2458631.794657,-7.9008,16.7067,4.1258,4.3215,4.5665,4.6843,4
2458635.726257,1.3253,17.5778,4.1258,4.3215,4.5665,4.6843,4
2458635.742947,-7.2156,2.1974,4.1258,4.3215,4.5665,4.6843,4
2458635.759447,-9.7737,6.3786,4.1258,4.3215,4.5665,4.6843,4
2458635.776117,0.6969,13.6267,4.1258,4.3215,4.5665,4.6843,4
2458635.792677,-0.8825,3.9741,4.1258,4.3215,4.5665,4.6843,4
2458635.820167,-2.1177,1.1548,4.1258,4.3215,4.5665,4.6843,4
2458635.842297,-9.8616,13.0725,4.1258,4.3215,4.5665,4.6843,4
2458635.858957,0.1770,1.5696,4.1258,4.3215,4.5665,4.6843,4
2458635.876047,-1.6619,4.6453,4.1258,4.3215,4.5665,4.6843,4
2458635.892847,-0.8897,7.9619,4.1258,4.3215,4.5665,4.6843,4
2458636.584157,-1.7665,8.3234,4.1258,4.3215,4.5665,4.6843,4
2458636.601157,-4.2749,8.2915,4.1258,4.3215,4.5665,4.6843,4
2458636.617987,-2.4997,7.9486,4.1258,4.3215,4.5665,4.6843,4
2458636.634147,-4.0417,6.6548,4.1258,4.3215,4.5665,4.6843,4
2458636.677687,-9.8965,12.4188,4.1258,4.3215,4.5665,4.6843,4
2458636.694907,-0.1175,12.2127,4.1258,4.3215,4.5665,4.6843,4
2458636.728237,-4.3761,10.7887,4.1258,4.3215,4.5665,4.6843,4
2458636.745667,0.5909,7.8716,4.1258,4.3215,4.5665,4.6843,4
2458636.763837,-3.7641,7.9832,4.1258,4.3215,4.5665,4.6843,4
2458636.791277,4.0719,19.3015,4.1258,4.3215,4.5665,4.6843,4
2458636.830107,-8.5953,-0.3855,4.1258,4.3215,4.5665,4.6843,4
2458636.847567,2.9160,9.8023,4.1258,4.3215,4.5665,4.6843,4
2458636.892397,-1.8314,10.0088,4.1258,4.3215,4.5665,4.6843,4
2458637.614997,2.0007,10.3200,4.1258,4.3215,4.5665,4.6843,4
2458637.634537,-10.6511,3.3874,4.1258,4.3215,4.5665,4.6843,4
2458637.711807,-2.7808,13.3657,4.1258,4.3215,4.5665,4.6843,4
2458637.728407,-5.8965,15.4654,4.1258,4.3215,4.5665,4.6843,4
2458637.755997,-0.9793,19.7090,4.1258,4.3215,4.5665,4.6843,4
2458637.799847,-6.7546,7.0210,4.1258,4.3215,4.5665,4.6843,4
2458637.816797,-0.3185,16.5437,4.1258,4.3215,4.5665,4.6843,4
2458637.832947,-8.5203,15.8188,4.1258,4.3215,4.5665,4.6843,4
2458637.849427,-2.9480,17.3344,4.1258,4.3215,4.5665,4.6843,4
2458637.876897,-6.5592,14.1950,4.1258,4.3215,4.5665,4.6843,4
2458638.673277,-1.6663,3.3606,4.1258,4.3215,4.5665,4.6843,4
2458638.689777,-4.2544,6.2212,4.1258,4.3215,4.5665,4.6843,4
2458638.769597,-3.8920,20.5464,4.1258,4.3215,4.5665,4.6843,4
2458639.607877,1.1677,9.0865,4.1258,4.3215,4.5665,4.6843,4
2458639.640797,-13.1218,12.2906,4.1258,4.3215,4.5665,4.6843,4
2458639.723907,-3.9861,-0.8668,4.1258,4.3215,4.5665,4.6843,4
2458639.757147,-0.4431,15.0294,4.1258,4.3215,4.5665,4.6843,4
2458639.817777,2.1076,15.5626,4.1258,4.3215,4.5665,4.6843,4
2458640.573667,3.5821,19.1018,4.1258,4.3215,4.5665,4.6843,4
2458640.702617,0.8880,-0.5908,4.1258,4.3215,4.5665,4.6843,4
2458640.729757,-8.1562,16.5347,4.1258,4.3215,4.5665,4.6843,4
2458640.749877,-4.4142,2.6071,4.1258,4.3215,4.5665,4.6843,4
2458640.772037,1.5764,17.9072,4.1258,4.3215,4.5665,4.6843,4
2458640.788727,5.6705,14.6195,4.1258,4.3215,4.5665,4.6843,4
2458640.805197,0.2899,7.5944,4.1258,4.3215,4.5665,4.6843,4
2458640.832677,-6.6704,3.8193,4.1258,4.3215,4.5665,4.6843,4
2458640.849217,-5.5752,18.7904,4.1258,4.3215,4.5665,4.6843,4
2458641.613877,-9.9010,0.6504,4.1258,4.3215,4.5665,4.6843,4
2458641.650957,-5.0748,3.4785,4.1258,4.3215,4.5665,4.6843,4
2458641.713077,3.3767,18.0606,4.1258,4.3215,4.5665,4.6843,4
2458641.745767,-5.9855,9.8255,4.1258,4.3215,4.5665,4.6843,4
2458641.789327,-5.2427,1.3895,4.1258,4.3215,4.5665,4.6843,4
2458641.806057,3.7365,6.8666,4.1258,4.3215,4.5665,4.6843,4
2458641.822297,-10.5436,6.9868,4.1258,4.3215,4.5665,4.6843,4
2458641.838947,5.1258,-2.4660,4.1258,4.3215,4.5665,4.6843,4
2458641.889327,5.3667,12.3613,4.1258,4.3215,4.5665,4.6843,4
2458642.611817,0.2610,-2.2593,4.1258,4.3215,4.5665,4.6843,4
2458642.628677,-1.7870,6.0000,4.1258,4.3215,4.5665,4.6843,4
2458642.645307,4.7728,14.2193,4.1258,4.3215,4.5665,4.6843,4
2458642.688577,-3.5376,1.8828,4.1258,4.3215,4.5665,4.6843,4
2458642.705337,-2.7155,13.7725,4.1258,4.3215,4.5665,4.6843,4
2458642.722257,-4.2692,13.2543,4.1258,4.3215,4.5665,4.6843,4
2458642.739117,3.8235,10.3232,4.1258,4.3215,4.5665,4.6843,4
2458642.765827,-1.4335,2.1099,4.1258,4.3215,4.5665,4.6843,4
2458642.799057,-6.1184,1.9166,4.1258,4.3215,4.5665,4.6843,4
2458642.815727,-5.4531,15.0116,4.1258,4.3215,4.5665,4.6843,4
2458642.832407,-13.6042,7.7126,4.1258,4.3215,4.5665,4.6843,4
2458643.609007,-4.9069,11.7683,4.1258,4.3215,4.5665,4.6843,4
2458643.663027,-0.3970,12.4890,4.1258,4.3215,4.5665,4.6843,4
2458643.679687,-6.4759,12.0830,4.1258,4.3215,4.5665,4.6843,4
2458643.697717,-4.3797,-1.5801,4.1258,4.3215,4.5665,4.6843,4
2458643.716747,-9.1665,10.6254,4.1258,4.3215,4.5665,4.6843,4
2458643.733537,-6.4172,11.9592,4.1258,4.3215,4.5665,4.6843,4
2458643.761367,-6.0503,16.2582,4.1258,4.3215,4.5665,4.6843,4
2458643.779957,1.5787,18.5453,4.1258,4.3215,4.5665,4.6843,4
2458643.796747,-4.1387,9.0208,4.1258,4.3215,4.5665,4.6843,4
2458643.813417,-4.2058,13.8046,4.1258,4.3215,4.5665,4.6843,4
2458643.830777,-3.6193,5.2887,4.1258,4.3215,4.5665,4.6843,4
2458643.859087,1.0940,8.6738,4.1258,4.3215,4.5665,4.6843,4
2458644.559437,-13.6153,14.8959,4.1258,4.3215,4.5665,4.6843,4
2458644.612827,-8.0391,3.6559,4.1258,4.3215,4.5665,4.6843,4
2458644.629517,-3.0178,9.0838,4.1258,4.3215,4.5665,4.6843,4
2458644.646667,-8.7804,0.8854,4.1258,4.3215,4.5665,4.6843,4
2458644.663897,-2.1198,4.7031,4.1258,4.3215,4.5665,4.6843,4
2458644.680377,-1.6904,5.7741,4.1258,4.3215,4.5665,4.6843,4
2458644.697127,-0.9103,12.7534,4.1258,4.3215,4.5665,4.6843,4
2458644.726287,-9.4646,13.6587,4.1258,4.3215,4.5665,4.6843,4
2458644.742897,5.3223,9.6583,4.1258,4.3215,4.5665,4.6843,4
2458644.760117,-3.9507,9.8532,4.1258,4.3215,4.5665,4.6843,4
2458644.782847,3.7362,13.9764,4.1258,4.3215,4.5665,4.6843,4
2458644.799677,-2.0232,9.6487,4.1258,4.3215,4.5665,4.6843,4
2458644.826527,-3.1617,13.1532,4.1258,4.3215,4.5665,4.6843,4
2458644.843107,-2.2316,11.2897,4.1258,4.3215,4.5665,4.6843,4
2458644.860247,5.2230,8.1767,4.1258,4.3215,4.5665,4.6843,4
2458645.574297,-7.5910,8.8228,4.1258,4.3215,4.5665,4.6843,4
2458645.591327,-12.6377,11.9703,4.1258,4.3215,4.5665,4.6843,4
2458645.619147,-2.0628,19.1085,4.1258,4.3215,4.5665,4.6843,4
2458645.635717,-6.1257,7.6216,4.1258,4.3215,4.5665,4.6843,4
2458645.652267,-4.8543,2.8710,4.1258,4.3215,4.5665,4.6843,4
2458645.680037,-3.2014,9.7716,4.1258,4.3215,4.5665,4.6843,4
2458645.696987,-2.3769,5.0253,4.1258,4.3215,4.5665,4.6843,4
2458645.713767,-10.5437,6.0378,4.1258,4.3215,4.5665,4.6843,4
2458645.730447,-1.7665,0.1891,4.1258,4.3215,4.5665,4.6843,4
2458645.747007,-7.9288,4.1202,4.1258,4.3215,4.5665,4.6843,4
2458645.764167,-6.1386,13.3827,4.1258,4.3215,4.5665,4.6843,4
2458645.795937,-3.7071,8.2835,4.1258,4.3215,4.5665,4.6843,4
2458645.812457,-1.1266,7.6457,4.1258,4.3215,4.5665,4.6843,4
2458646.643277,1.6498,11.9433,4.1258,4.3215,4.5665,4.6843,4
2458648.601737,-0.6339,14.7686,4.1258,4.3215,4.5665,4.6843,4
2458648.619017,3.9639,14.5347,4.1258,4.3215,4.5665,4.6843,4
2458648.667767,-1.1725,12.4443,4.1258,4.3215,4.5665,4.6843,4
2458648.701547,-13.5328,13.9303,4.1258,4.3215,4.5665,4.6843,4
2458648.718627,-8.3928,9.6614,4.1258,4.3215,4.5665,4.6843,4
2458648.735677,-0.4785,6.7721,4.1258,4.3215,4.5665,4.6843,4
2458648.816867,-0.7109,18.6443,4.1258,4.3215,4.5665,4.6843,4
2458648.851117,-8.5368,4.8969,4.1258,4.3215,4.5665,4.6843,4
2458655.568077,-8.0516,-2.2053,4.1258,4.3215,4.5665,4.6843,4
2458655.634937,-14.9103,-1.2453,4.1258,4.3215,4.5665,4.6843,4
2458655.662617,-7.2737,12.1194,4.1258,4.3215,4.5665,4.6843,4
2458655.679627,-4.4763,14.6031,4.1258,4.3215,4.5665,4.6843,4
2458655.696317,4.8204,1.7521,4.1258,4.3215,4.5665,4.6843,4
2458655.729687,-9.1809,11.0750,4.1258,4.3215,4.5665,4.6843,4
2458655.748027,-5.0372,9.3147,4.1258,4.3215,4.5665,4.6843,4
2458655.792097,-10.6905,20.8246,4.1258,4.3215,4.5665,4.6843,4
2458655.809247,-1.1493,-0.4676,4.1258,4.3215,4.5665,4.6843,4
2458656.691967,-12.5496,0.0594,4.1258,4.3215,4.5665,4.6843,4
2458657.557787,-8.4530,2.3821,4.1258,4.3215,4.5665,4.6843,4
2458657.620767,-7.1799,14.4564,4.1258,4.3215,4.5665,4.6843,4
2458657.723377,5.2999,11.8236,4.1258,4.3215,4.5665,4.6843,4
2458657.740077,-4.3270,10.5750,4.1258,4.3215,4.5665,4.6843,4
2458657.788767,-9.4550,13.8050,4.1258,4.3215,4.5665,4.6843,4
2458657.833197,-3.5102,5.9929,4.1258,4.3215,4.5665,4.6843,4
2458657.850087,3.0657,13.9467,4.1258,4.3215,4.5665,4.6843,4
2458657.856827,-11.1394,12.5990,4.1258,4.3215,4.5665,4.6843,4
2458658.624477,-4.4483,6.3306,4.1258,4.3215,4.5665,4.6843,4
2458660.594117,-4.4904,14.2426,4.1258,4.3215,4.5665,4.6843,4
2458660.692207,-0.7061,14.6814,4.1258,4.3215,4.5665,4.6843,4
2458660.725357,-4.0109,6.8977,4.1258,4.3215,4.5665,4.6843,4
2458660.742997,-2.3810,8.3173,4.1258,4.3215,4.5665,4.6843,4
2458660.770117,-3.0054,6.4634,4.1258,4.3215,4.5665,4.6843,4
2458660.803617,-5.0857,9.8101,4.1258,4.3215,4.5665,4.6843,4
2458660.824517,5.5304,-0.5124,4.1258,4.3215,4.5665,4.6843,4
2458660.841097,-3.3681,7.8121,4.1258,4.3215,4.5665,4.6843,4
2458661.668907,3.8516,17.1797,4.1258,4.3215,4.5665,4.6843,4
2458661.702657,-4.1978,14.7257,4.1258,4.3215,4.5665,4.6843,4
2458661.719777,-15.2675,19.9928,4.1258,4.3215,4.5665,4.6843,4
2458662.514057,-11.9747,13.1954,4.1258,4.3215,4.5665,4.6843,4
2458662.530547,-11.9939,19.5287,4.1258,4.3215,4.5665,4.6843,4
2458662.559807,-12.0955,6.7455,4.1258,4.3215,4.5665,4.6843,4
2458662.592887,-10.9886,7.3694,4.1258,4.3215,4.5665,4.6843,4
2458662.610007,-8.4232,4.3454,4.1258,4.3215,4.5665,4.6843,4
2458662.626827,-0.5144,3.0380,4.1258,4.3215,4.5665,4.6843,4
2458662.658947,0.8867,21.0634,4.1258,4.3215,4.5665,4.6843,4
2458662.696577,-3.2236,9.0016,4.1258,4.3215,4.5665,4.6843,4
2458662.752867,-0.3105,9.5160,4.1258,4.3215,4.5665,4.6843,4
2458662.780907,-5.3295,-0.8708,4.1258,4.3215,4.5665,4.6843,4
2458662.814717,6.1872,9.4132,4.1258,4.3215,4.5665,4.6843,4
2458662.831427,-0.5645,13.4794,4.1258,4.3215,4.5665,4.6843,4
2458664.553897,-7.2266,6.8904,4.1258,4.3215,4.5665,4.6843,4
2458664.589757,6.8823,13.5861,4.1258,4.3215,4.5665,4.6843,4
2458664.611647,-5.7781,8.7576,4.1258,4.3215,4.5665,4.6843,4
2458664.628597,-7.3250,7.7223,4.1258,4.3215,4.5665,4.6843,4
2458664.656137,-6.9510,12.8206,4.1258,4.3215,4.5665,4.6843,4
2458664.673067,0.3488,6.7034,4.1258,4.3215,4.5665,4.6843,4
2458664.707187,2.7077,5.6046,4.1258,4.3215,4.5665,4.6843,4
2458664.723917,5.9896,19.6644,4.1258,4.3215,4.5665,4.6843,4
2458664.806867,-5.5409,17.0091,4.1258,4.3215,4.5665,4.6843,4
2458664.823377,-2.7027,9.0539,4.1258,4.3215,4.5665,4.6843,4
2458665.520567,-10.3005,18.2439,4.1258,4.3215,4.5665,4.6843,4
2458665.537617,0.5014,1.2608,4.1258,4.3215,4.5665,4.6843,4
2458665.554107,-0.4175,12.3473,4.1258,4.3215,4.5665,4.6843,4
2458665.570847,-5.9057,-1.5178,4.1258,4.3215,4.5665,4.6843,4
2458665.587657,-8.8491,2.4336,4.1258,4.3215,4.5665,4.6843,4
2458665.615227,1.1953,15.4522,4.1258,4.3215,4.5665,4.6843,4
2458665.632507,-1.5483,0.7051,4.1258,4.3215,4.5665,4.6843,4
2458665.666077,4.0237,2.0994,4.1258,4.3215,4.5665,4.6843,4
2458665.682677,-2.1124,13.6410,4.1258,4.3215,4.5665,4.6843,4
2458665.716217,-6.2291,5.7452,4.1258,4.3215,4.5665,4.6843,4
2458665.733047,-7.4880,14.6244,4.1258,4.3215,4.5665,4.6843,4
2458665.749707,0.0892,10.2267,4.1258,4.3215,4.5665,4.6843,4
2458665.773567,0.2341,14.0011,4.1258,4.3215,4.5665,4.6843,4
2458666.626177,-5.3481,14.5220,4.1258,4.3215,4.5665,4.6843,4
2458666.642957,-3.5032,5.7781,4.1258,4.3215,4.5665,4.6843,4
2458666.708607,-2.6119,-2.4295,4.1258,4.3215,4.5665,4.6843,4
2458666.724767,-4.5526,7.8936,4.1258,4.3215,4.5665,4.6843,4
2458666.779637,0.5570,0.2422,4.1258,4.3215,4.5665,4.6843,4
2458666.806647,-14.4013,17.9011,4.1258,4.3215,4.5665,4.6843,4
2458666.823247,-12.4360,11.3399,4.1258,4.3215,4.5665,4.6843,4
2458667.556957,-4.6957,12.6163,4.1258,4.3215,4.5665,4.6843,4
2458667.573677,-5.9221,15.8245,4.1258,4.3215,4.5665,4.6843,4
2458667.590217,-3.7626,2.0303,4.1258,4.3215,4.5665,4.6843,4
2458667.613307,-12.0083,11.9016,4.1258,4.3215,4.5665,4.6843,4
2458667.630517,-7.2763,11.3196,4.1258,4.3215,4.5665,4.6843,4
2458667.665587,-5.0265,6.1176,4.1258,4.3215,4.5665,4.6843,4
2458667.682227,-2.4578,16.1832,4.1258,4.3215,4.5665,4.6843,4
2458667.699247,-3.9325,14.1547,4.1258,4.3215,4.5665,4.6843,4
2458667.715917,-6.9564,1.0358,4.1258,4.3215,4.5665,4.6843,4
2458667.737007,-1.7062,12.6205,4.1258,4.3215,4.5665,4.6843,4
2458667.763917,4.3288,5.8979,4.1258,4.3215,4.5665,4.6843,4
2458667.780577,-0.7992,7.8431,4.1258,4.3215,4.5665,4.6843,4
2458667.797307,1.2392,8.7756,4.1258,4.3215,4.5665,4.6843,4
2458667.814317,-5.2697,8.2893,4.1258,4.3215,4.5665,4.6843,4
2458668.517257,-11.7862,19.0188,4.1258,4.3215,4.5665,4.6843,4
2458668.533617,2.4466,6.0884,4.1258,4.3215,4.5665,4.6843,4
2458668.550597,4.2858,4.9503,4.1258,4.3215,4.5665,4.6843,4
2458668.626037,3.6557,16.9969,4.1258,4.3215,4.5665,4.6843,4
2458668.661267,-2.1238,5.1020,4.1258,4.3215,4.5665,4.6843,4
2458668.694907,1.1796,9.2468,4.1258,4.3215,4.5665,4.6843,4
2458668.722327,-6.2001,9.3879,4.1258,4.3215,4.5665,4.6843,4
2458668.738977,-0.9929,17.5751,4.1258,4.3215,4.5665,4.6843,4
2458668.756057,4.6216,9.1590,4.1258,4.3215,4.5665,4.6843,4
2458668.772697,4.8005,-0.6878,4.1258,4.3215,4.5665,4.6843,4
2458669.496927,-3.0949,-0.9596,4.1258,4.3215,4.5665,4.6843,4
2458669.513517,-13.5186,-0.2213,4.1258,4.3215,4.5665,4.6843,4
2458669.530337,-12.4092,7.2359,4.1258,4.3215,4.5665,4.6843,4
2458669.580567,1.7643,7.6193,4.1258,4.3215,4.5665,4.6843,4
2458669.616827,-1.6207,18.0325,4.1258,4.3215,4.5665,4.6843,4
2458669.667357,-4.7500,5.6341,4.1258,4.3215,4.5665,4.6843,4
2458669.683787,-7.7533,10.4268,4.1258,4.3215,4.5665,4.6843,4
2458669.712987,-4.3741,12.5267,4.1258,4.3215,4.5665,4.6843,4
2458669.729287,-2.3330,14.6396,4.1258,4.3215,4.5665,4.6843,4
2458669.746307,-11.8608,8.8532,4.1258,4.3215,4.5665,4.6843,4
2458669.779857,2.8664,14.7624,4.1258,4.3215,4.5665,4.6843,4
2458669.823217,-1.2494,7.4241,4.1258,4.3215,4.5665,4.6843,4
2458670.633187,-12.6889,12.1343,4.1258,4.3215,4.5665,4.6843,4
2458670.666377,-2.7038,10.7807,4.1258,4.3215,4.5665,4.6843,4
2458670.682527,-9.5755,3.4180,4.1258,4.3215,4.5665,4.6843,4
2458670.699257,-1.5394,14.3536,4.1258,4.3215,4.5665,4.6843,4
2458670.769417,-5.5767,-0.1677,4.1258,4.3215,4.5665,4.6843,4
2458671.629537,-7.5053,6.5860,4.1258,4.3215,4.5665,4.6843,4
2458672.658367,-6.3446,5.9577,4.1258,4.3215,4.5665,4.6843,4
2458673.677227,-6.7116,-1.4120,4.1258,4.3215,4.5665,4.6843,4
2458674.539317,-2.6280,13.7702,4.1258,4.3215,4.5665,4.6843,4
2458674.555887,-8.6859,12.0273,4.1258,4.3215,4.5665,4.6843,4
2458674.583847,-8.7341,5.5484,4.1258,4.3215,4.5665,4.6843,4
2458674.627677,2.7973,0.9950,4.1258,4.3215,4.5665,4.6843,4
2458674.646017,-1.9254,10.0990,4.1258,4.3215,4.5665,4.6843,4
2458674.679547,-5.0418,4.8097,4.1258,4.3215,4.5665,4.6843,4
2458674.725167,-1.0871,0.5585,4.1258,4.3215,4.5665,4.6843,4
2458674.741867,-1.9732,6.9613,4.1258,4.3215,4.5665,4.6843,4
2458674.760827,1.0494,4.8171,4.1258,4.3215,4.5665,4.6843,4
2458674.777797,7.1535,2.9511,4.1258,4.3215,4.5665,4.6843,4
2458675.501547,-11.0571,15.5385,4.1258,4.3215,4.5665,4.6843,4
2458675.552117,-12.5413,11.3196,4.1258,4.3215,4.5665,4.6843,4
2458675.596257,1.2610,-2.1496,4.1258,4.3215,4.5665,4.6843,4
2458675.616137,-0.6465,5.4544,4.1258,4.3215,4.5665,4.6843,4
2458675.632887,-5.6028,5.5410,4.1258,4.3215,4.5665,4.6843,4
2458675.649727,-0.2363,13.7134,4.1258,4.3215,4.5665,4.6843,4
2458675.668007,-3.4780,14.5165,4.1258,4.3215,4.5665,4.6843,4
2458675.694977,-4.8278,13.1727,4.1258,4.3215,4.5665,4.6843,4
2458675.731447,-0.7524,0.6115,4.1258,4.3215,4.5665,4.6843,4
2458675.748277,-9.7676,4.2937,4.1258,4.3215,4.5665,4.6843,4
2458675.765027,-14.3205,10.8421,4.1258,4.3215,4.5665,4.6843,4
2458676.472297,-6.1531,3.4718,4.1258,4.3215,4.5665,4.6843,4
2458676.489227,-10.3452,0.3687,4.1258,4.3215,4.5665,4.6843,4
2458676.550377,-10.1889,10.4611,4.1258,4.3215,4.5665,4.6843,4
2458676.567267,-10.4449,9.3732,4.1258,4.3215,4.5665,4.6843,4
2458676.583947,4.0599,11.3898,4.1258,4.3215,4.5665,4.6843,4
2458676.585407,-1.8889,11.0923,4.1258,4.3215,4.5665,4.6843,4
2458676.602527,-3.9973,15.8430,4.1258,4.3215,4.5665,4.6843,4
2458676.622377,0.8081,3.0558,4.1258,4.3215,4.5665,4.6843,4
2458676.649827,-6.0179,17.5580,4.1258,4.3215,4.5665,4.6843,4
2458676.683657,-10.2642,2.7372,4.1258,4.3215,4.5665,4.6843,4
2458676.700037,-2.4657,6.8105,4.1258,4.3215,4.5665,4.6843,4
2458676.716527,-2.5204,15.6425,4.1258,4.3215,4.5665,4.6843,4
2458677.780757,-8.5746,8.9344,4.1258,4.3215,4.5665,4.6843,4
2458678.613027,-5.6277,8.0865,4.1258,4.3215,4.5665,4.6843,4
2458680.640527,-4.6774,6.4719,4.1258,4.3215,4.5665,4.6843,4
2458681.516607,-3.5791,7.3694,4.1258,4.3215,4.5665,4.6843,4
2458681.568577,-2.3342,1.0826,4.1258,4.3215,4.5665,4.6843,4
2458681.585427,-9.6801,0.9737,4.1258,4.3215,4.5665,4.6843,4
2458681.602407,-0.0654,10.5700,4.1258,4.3215,4.5665,4.6843,4
2458682.581507,3.5649,-1.2146,4.1258,4.3215,4.5665,4.6843,4
2458682.598417,-7.3680,6.5234,4.1258,4.3215,4.5665,4.6843,4
2458682.631437,-1.2566,10.7548,4.1258,4.3215,4.5665,4.6843,4
2458682.658877,-7.3027,13.9327,4.1258,4.3215,4.5665,4.6843,4
2458682.676107,-6.9267,7.9008,4.1258,4.3215,4.5665,4.6843,4
2458682.680927,-6.7897,6.5755,4.1258,4.3215,4.5665,4.6843,4
2458682.697297,-8.2470,10.9383,4.1258,4.3215,4.5665,4.6843,4
2458682.774367,2.7735,4.9202,4.1258,4.3215,4.5665,4.6843,4
2458683.560267,0.4139,2.6993,4.1258,4.3215,4.5665,4.6843,4
2458683.671187,-9.8386,15.7930,4.1258,4.3215,4.5665,4.6843,4
2458684.510967,-3.5612,8.0460,4.1258,4.3215,4.5665,4.6843,4
2458684.527687,-7.3134,7.1899,4.1258,4.3215,4.5665,4.6843,4
2458684.544867,-3.0089,18.8515,4.1258,4.3215,4.5665,4.6843,4
2458684.573157,-1.7323,3.1961,4.1258,4.3215,4.5665,4.6843,4
2458684.589707,-6.5896,12.8249,4.1258,4.3215,4.5665,4.6843,4
2458684.614857,5.5068,9.5048,4.1258,4.3215,4.5665,4.6843,4
2458684.682127,4.5428,12.9940,4.1258,4.3215,4.5665,4.6843,4
2458684.715907,5.3132,10.3695,4.1258,4.3215,4.5665,4.6843,4
2458684.732237,-11.8754,12.6866,4.1258,4.3215,4.5665,4.6843,4
2458684.749387,-4.9024,5.0216,4.1258,4.3215,4.5665,4.6843,4
2458685.504497,-0.2698,9.4413,4.1258,4.3215,4.5665,4.6843,4
2458685.521147,-4.3854,1.7405,4.1258,4.3215,4.5665,4.6843,4
2458685.635737,-3.2873,7.6326,4.1258,4.3215,4.5665,4.6843,4
2458687.645647,-2.4643,10.8410,4.1258,4.3215,4.5665,4.6843,4
2458687.662427,-5.5070,11.9001,4.1258,4.3215,4.5665,4.6843,4
2458687.679057,-0.1578,10.4682,4.1258,4.3215,4.5665,4.6843,4
2458687.695587,-2.9689,9.2107,4.1258,4.3215,4.5665,4.6843,4
2458687.722477,1.8120,18.6777,4.1258,4.3215,4.5665,4.6843,4
2458687.747777,-1.7326,10.5655,4.1258,4.3215,4.5665,4.6843,4
2458688.586467,3.5425,15.1565,4.1258,4.3215,4.5665,4.6843,4
2458688.630547,-11.5494,1.4934,4.1258,4.3215,4.5665,4.6843,4
2458688.680427,-0.2361,8.4674,4.1258,4.3215,4.5665,4.6843,4
2458688.728977,-7.9932,4.5992,4.1258,4.3215,4.5665,4.6843,4
2458688.762527,-7.6833,15.4389,4.1258,4.3215,4.5665,4.6843,4
2458689.516907,3.8684,11.9392,4.1258,4.3215,4.5665,4.6843,4
2458689.533567,5.8398,4.8550,4.1258,4.3215,4.5665,4.6843,4
2458689.584627,2.2685,6.0662,4.1258,4.3215,4.5665,4.6843,4
2458689.614277,-4.0631,0.0025,4.1258,4.3215,4.5665,4.6843,4
2458689.641837,-7.9180,4.5352,4.1258,4.3215,4.5665,4.6843,4
2458689.679397,-1.4460,16.0171,4.1258,4.3215,4.5665,4.6843,4
2458689.696017,-6.9602,4.4595,4.1258,4.3215,4.5665,4.6843,4
2458690.491407,-5.2285,7.6392,4.1258,4.3215,4.5665,4.6843,4
2458690.507917,-6.7171,1.9564,4.1258,4.3215,4.5665,4.6843,4
2458690.534987,2.8566,7.5092,4.1258,4.3215,4.5665,4.6843,4
2458690.551907,0.5788,9.5469,4.1258,4.3215,4.5665,4.6843,4
2458690.568757,-2.7359,15.2287,4.1258,4.3215,4.5665,4.6843,4
2458690.586057,-9.8026,9.8407,4.1258,4.3215,4.5665,4.6843,4
2458690.633187,-7.8025,9.8876,4.1258,4.3215,4.5665,4.6843,4
2458690.650007,-4.1648,2.3886,4.1258,4.3215,4.5665,4.6843,4
2458690.744197,1.7321,3.6008,4.1258,4.3215,4.5665,4.6843,4
2458690.761267,-7.6791,9.0016,4.1258,4.3215,4.5665,4.6843,4
2458691.532427,-9.3748,11.5868,4.1258,4.3215,4.5665,4.6843,4
2458691.548937,0.4576,5.6692,4.1258,4.3215,4.5665,4.6843,4
2458691.579687,2.2461,7.4228,4.1258,4.3215,4.5665,4.6843,4
2458691.612927,-6.1069,9.2694,4.1258,4.3215,4.5665,4.6843,4
2458691.629567,-2.9434,8.1912,4.1258,4.3215,4.5665,4.6843,4
2458691.645857,-6.7451,14.6578,4.1258,4.3215,4.5665,4.6843,4
2458691.689977,-2.3027,14.4154,4.1258,4.3215,4.5665,4.6843,4
2458691.706747,-2.3508,6.2216,4.1258,4.3215,4.5665,4.6843,4
2458692.510827,-2.3775,10.3458,4.1258,4.3215,4.5665,4.6843,4
2458692.527547,1.2261,7.4751,4.1258,4.3215,4.5665,4.6843,4
2458692.544357,-12.5800,11.4219,4.1258,4.3215,4.5665,4.6843,4
2458692.561677,0.6813,4.5791,4.1258,4.3215,4.5665,4.6843,4
2458692.591757,-7.5779,7.2835,4.1258,4.3215,4.5665,4.6843,4
2458692.608257,3.8765,4.9367,4.1258,4.3215,4.5665,4.6843,4
2458692.625617,0.2685,11.6384,4.1258,4.3215,4.5665,4.6843,4
2458692.642127,-3.8392,7.2846,4.1258,4.3215,4.5665,4.6843,4
2458692.658247,-4.0010,3.1571,4.1258,4.3215,4.5665,4.6843,4
2458692.685187,-3.6258,2.9831,4.1258,4.3215,4.5665,4.6843,4
2458692.701757,1.8910,5.5676,4.1258,4.3215,4.5665,4.6843,4
2458692.718327,1.9132,7.6423,4.1258,4.3215,4.5665,4.6843,4
2458692.735007,0.8509,11.1899,4.1258,4.3215,4.5665,4.6843,4
2458692.751487,-1.0538,6.8289,4.1258,4.3215,4.5665,4.6843,4
2458693.548297,-0.4597,6.9481,4.1258,4.3215,4.5665,4.6843,4
2458693.575257,-8.8934,0.8185,4.1258,4.3215,4.5665,4.6843,4
2458693.629727,-8.2452,3.7926,4.1258,4.3215,4.5665,4.6843,4
2458693.690697,2.9291,7.2994,4.1258,4.3215,4.5665,4.6843,4
2458693.710957,-8.3008,10.9482,4.1258,4.3215,4.5665,4.6843,4
2458693.727217,-2.7269,6.8363,4.1258,4.3215,4.5665,4.6843,4
2458693.743637,-0.7624,17.0789,4.1258,4.3215,4.5665,4.6843,4
2458694.501777,3.1289,10.2472,4.1258,4.3215,4.5665,4.6843,4
2458694.518347,-7.3450,7.3038,4.1258,4.3215,4.5665,4.6843,4
2458694.535297,-4.3904,5.3712,4.1258,4.3215,4.5665,4.6843,4
2458694.551917,4.8901,8.1560,4.1258,4.3215,4.5665,4.6843,4
2458694.599447,-2.3161,11.6402,4.1258,4.3215,4.5665,4.6843,4
2458694.615777,-0.0570,6.7115,4.1258,4.3215,4.5665,4.6843,4
2458694.636667,-0.6167,3.9922,4.1258,4.3215,4.5665,4.6843,4
2458694.653467,2.1511,9.0248,4.1258,4.3215,4.5665,4.6843,4
2458694.670687,1.8927,2.8369,4.1258,4.3215,4.5665,4.6843,4
2458694.711257,-3.8236,17.0413,4.1258,4.3215,4.5665,4.6843,4
2458694.728007,-2.3323,6.5410,4.1258,4.3215,4.5665,4.6843,4
2458695.474847,-9.6357,19.0661,4.1258,4.3215,4.5665,4.6843,4
2458695.520667,-4.4963,9.6029,4.1258,4.3215,4.5665,4.6843,4
2458695.537047,-7.9946,18.0256,4.1258,4.3215,4.5665,4.6843,4
2458695.553837,-9.6893,10.7021,4.1258,4.3215,4.5665,4.6843,4
2458695.570747,0.7685,7.5769,4.1258,4.3215,4.5665,4.6843,4
2458695.587787,-0.8547,3.8186,4.1258,4.3215,4.5665,4.6843,4
2458695.631237,-8.9119,0.2014,4.1258,4.3215,4.5665,4.6843,4
2458695.648857,-1.1441,13.0829,4.1258,4.3215,4.5665,4.6843,4
2458695.669057,-0.0199,4.8207,4.1258,4.3215,4.5665,4.6843,4
2458695.714197,-4.6504,18.8402,4.1258,4.3215,4.5665,4.6843,4
2458695.731057,-7.4896,-0.3120,4.1258,4.3215,4.5665,4.6843,4
2458695.744837,-7.5054,9.3978,4.1258,4.3215,4.5665,4.6843,4
2458697.525927,-6.1716,14.2504,4.1258,4.3215,4.5665,4.6843,4
2458697.542517,-2.9324,17.1620,4.1258,4.3215,4.5665,4.6843,4
2458697.559087,-0.6783,9.0381,4.1258,4.3215,4.5665,4.6843,4
2458697.575727,-8.7305,9.8989,4.1258,4.3215,4.5665,4.6843,4
2458697.595157,5.3087,10.6761,4.1258,4.3215,4.5665,4.6843,4
2458697.682467,-9.1234,5.0875,4.1258,4.3215,4.5665,4.6843,4
2458697.703347,-6.5621,7.3549,4.1258,4.3215,4.5665,4.6843,4
2458698.536267,-7.4028,8.8142,4.1258,4.3215,4.5665,4.6843,4
2458698.552997,-6.5308,0.1560,4.1258,4.3215,4.5665,4.6843,4
2458698.579117,-8.6686,6.1753,4.1258,4.3215,4.5665,4.6843,4
2458698.606487,-1.9285,4.4067,4.1258,4.3215,4.5665,4.6843,4
2458698.623287,0.7599,0.1358,4.1258,4.3215,4.5665,4.6843,4
2458698.657147,0.2073,9.1693,4.1258,4.3215,4.5665,4.6843,4
2458698.673297,0.8138,10.5900,4.1258,4.3215,4.5665,4.6843,4
2458698.700887,-3.6537,16.0215,4.1258,4.3215,4.5665,4.6843,4
2458699.509017,1.4792,17.5157,4.1258,4.3215,4.5665,4.6843,4
2458699.537837,-0.9194,6.2728,4.1258,4.3215,4.5665,4.6843,4
2458699.571577,-3.9791,5.9035,4.1258,4.3215,4.5665,4.6843,4
2458699.622297,-0.6241,0.9176,4.1258,4.3215,4.5665,4.6843,4
2458700.489947,-8.1502,8.6995,4.1258,4.3215,4.5665,4.6843,4
2458700.506667,-4.1857,11.2384,4.1258,4.3215,4.5665,4.6843,4
2458700.540417,-3.0429,11.2990,4.1258,4.3215,4.5665,4.6843,4
2458700.585497,-12.1553,18.9278,4.1258,4.3215,4.5665,4.6843,4
2458700.601987,-9.5982,16.5529,4.1258,4.3215,4.5665,4.6843,4
2458700.618347,1.1195,14.1545,4.1258,4.3215,4.5665,4.6843,4
2458701.474737,-11.9516,12.1087,4.1258,4.3215,4.5665,4.6843,4
2458701.491327,-5.8332,2.0091,4.1258,4.3215,4.5665,4.6843,4
2458701.514027,-2.1390,7.9261,4.1258,4.3215,4.5665,4.6843,4
2458701.542387,2.7258,11.9987,4.1258,4.3215,4.5665,4.6843,4
2458701.559307,-2.2147,14.6098,4.1258,4.3215,4.5665,4.6843,4
2458701.593317,-1.0696,14.5544,4.1258,4.3215,4.5665,4.6843,4
2458701.610357,-6.5008,9.9695,4.1258,4.3215,4.5665,4.6843,4
2458701.637527,-11.8638,7.7466,4.1258,4.3215,4.5665,4.6843,4
2458701.653967,-5.3160,13.0665,4.1258,4.3215,4.5665,4.6843,4
2458701.670117,-7.4413,11.1111,4.1258,4.3215,4.5665,4.6843,4
2458701.687447,4.0492,8.0347,4.1258,4.3215,4.5665,4.6843,4
2458701.704147,-8.0123,14.1268,4.1258,4.3215,4.5665,4.6843,4
2458701.728277,1.7430,3.7480,4.1258,4.3215,4.5665,4.6843,4
2458702.480247,-4.4449,12.7007,4.1258,4.3215,4.5665,4.6843,4
2458702.499457,-3.0907,10.3897,4.1258,4.3215,4.5665,4.6843,4
2458702.516337,-5.2577,7.7520,4.1258,4.3215,4.5665,4.6843,4
2458702.534827,2.4872,0.8053,4.1258,4.3215,4.5665,4.6843,4
2458702.551697,-5.3255,7.7796,4.1258,4.3215,4.5665,4.6843,4
2458702.578907,-5.2126,6.5868,4.1258,4.3215,4.5665,4.6843,4
2458702.595847,1.1613,5.4980,4.1258,4.3215,4.5665,4.6843,4
2458702.614607,-2.8863,10.4884,4.1258,4.3215,4.5665,4.6843,4
2458702.630917,-0.4067,13.9265,4.1258,4.3215,4.5665,4.6843,4
2458702.647807,-1.5675,13.5198,4.1258,4.3215,4.5665,4.6843,4
2458702.699367,2.8135,17.1364,4.1258,4.3215,4.5665,4.6843,4
2458702.715677,-8.3458,9.8703,4.1258,4.3215,4.5665,4.6843,4
2458703.482317,-1.6445,14.4340,4.1258,4.3215,4.5665,4.6843,4
2458703.526067,1.7607,3.8688,4.1258,4.3215,4.5665,4.6843,4
2458703.542877,-3.7119,14.4621,4.1258,4.3215,4.5665,4.6843,4
2458704.690237,0.9472,15.4625,4.1258,4.3215,4.5665,4.6843,4
2458705.528787,-0.1969,14.0180,4.1258,4.3215,4.5665,4.6843,4
2458705.546577,-0.8940,6.8007,4.1258,4.3215,4.5665,4.6843,4
2458705.648597,-6.6157,12.9598,4.1258,4.3215,4.5665,4.6843,4
2458708.497267,-4.2571,0.3904,4.1258,4.3215,4.5665,4.6843,4
2458708.513737,-1.7823,10.9067,4.1258,4.3215,4.5665,4.6843,4
2458708.542387,4.9858,2.8872,4.1258,4.3215,4.5665,4.6843,4
2458708.559357,-4.7776,4.4313,4.1258,4.3215,4.5665,4.6843,4
2458708.576457,-1.8853,6.4814,4.1258,4.3215,4.5665,4.6843,4
2458708.592967,-7.7282,8.7700,4.1258,4.3215,4.5665,4.6843,4
2458708.610037,-4.7800,8.1563,4.1258,4.3215,4.5665,4.6843,4
2458708.679627,6.2058,5.3684,4.1258,4.3215,4.5665,4.6843,4
2458710.479527,-5.9184,7.8334,4.1258,4.3215,4.5665,4.6843,4
2458710.495927,-6.9499,9.0084,4.1258,4.3215,4.5665,4.6843,4
2458710.512507,2.6333,11.9930,4.1258,4.3215,4.5665,4.6843,4
2458710.534307,3.6372,1.8253,4.1258,4.3215,4.5665,4.6843,4
2458710.553927,4.5577,16.4220,4.1258,4.3215,4.5665,4.6843,4
2458710.580797,-6.5080,5.5640,4.1258,4.3215,4.5665,4.6843,4
2458711.503747,-6.5539,9.4083,4.1258,4.3215,4.5665,4.6843,4
2458711.520217,-8.2088,9.3010,4.1258,4.3215,4.5665,4.6843,4
2458711.536807,-6.3047,4.4197,4.1258,4.3215,4.5665,4.6843,4
2458711.553897,-6.0221,1.4765,4.1258,4.3215,4.5665,4.6843,4
2458711.571157,-5.5962,9.0616,4.1258,4.3215,4.5665,4.6843,4
2458711.602027,-3.2459,11.2473,4.1258,4.3215,4.5665,4.6843,4
2458711.635277,-10.3676,2.8828,4.1258,4.3215,4.5665,4.6843,4
2458711.668877,-1.5282,14.0158,4.1258,4.3215,4.5665,4.6843,4
2458712.491037,-5.2725,17.4745,4.1258,4.3215,4.5665,4.6843,4
2458712.508217,-5.5815,6.6612,4.1258,4.3215,4.5665,4.6843,4
2458712.527607,-5.3519,5.2371,4.1258,4.3215,4.5665,4.6843,4
2458712.544277,-9.9930,10.7566,4.1258,4.3215,4.5665,4.6843,4
2458712.588307,1.7147,13.1609,4.1258,4.3215,4.5665,4.6843,4
2458712.615457,-12.7124,8.2674,4.1258,4.3215,4.5665,4.6843,4
2458712.632757,-4.0439,15.0371,4.1258,4.3215,4.5665,4.6843,4
2458712.653027,-6.4437,6.7204,4.1258,4.3215,4.5665,4.6843,4
2458712.669297,-7.0797,11.5553,4.1258,4.3215,4.5665,4.6843,4
2458713.485037,0.5474,8.5295,4.1258,4.3215,4.5665,4.6843,4
2458713.535967,-2.3477,5.4084,4.1258,4.3215,4.5665,4.6843,4
2458713.553117,-1.7692,14.3036,4.1258,4.3215,4.5665,4.6843,4
2458713.570267,0.4590,8.2456,4.1258,4.3215,4.5665,4.6843,4
2458714.555237,-10.3932,0.2644,4.1258,4.3215,4.5665,4.6843,4
2458714.607167,-0.3423,8.6046,4.1258,4.3215,4.5665,4.6843,4
2458714.623837,-5.9328,1.4196,4.1258,4.3215,4.5665,4.6843,4
2458714.640327,-12.1957,11.8487,4.1258,4.3215,4.5665,4.6843,4
2458715.495157,-3.8586,1.5367,4.1258,4.3215,4.5665,4.6843,4
2458715.528637,-9.9476,8.6716,4.1258,4.3215,4.5665,4.6843,4
2458715.545447,-0.7559,15.5532,4.1258,4.3215,4.5665,4.6843,4
2458715.562217,-4.6063,4.6841,4.1258,4.3215,4.5665,4.6843,4
2458715.623517,-2.3064,6.6348,4.1258,4.3215,4.5665,4.6843,4
2458715.640277,-3.5252,6.2117,4.1258,4.3215,4.5665,4.6843,4
2458715.656787,3.5038,3.5076,4.1258,4.3215,4.5665,4.6843,4
2458716.487327,-9.2283,5.2595,4.1258,4.3215,4.5665,4.6843,4
2458716.505677,-2.2303,6.1009,4.1258,4.3215,4.5665,4.6843,4
2458716.539047,-2.0451,10.3145,4.1258,4.3215,4.5665,4.6843,4
2458716.583637,1.9737,11.4727,4.1258,4.3215,4.5665,4.6843,4
2458716.621167,-6.8818,3.9042,4.1258,4.3215,4.5665,4.6843,4
2458716.637937,2.3122,4.4627,4.1258,4.3215,4.5665,4.6843,4
2458716.654887,-0.2737,6.2847,4.1258,4.3215,4.5665,4.6843,4
2458716.683747,2.1284,5.2995,4.1258,4.3215,4.5665,4.6843,4
2458717.476447,-3.5014,10.7467,4.1258,4.3215,4.5665,4.6843,4
2458717.493287,-4.9916,7.8955,4.1258,4.3215,4.5665,4.6843,4
2458717.510127,-5.0757,11.2668,4.1258,4.3215,4.5665,4.6843,4
2458717.530317,-7.0332,9.5230,4.1258,4.3215,4.5665,4.6843,4
2458717.558627,-2.5917,9.3900,4.1258,4.3215,4.5665,4.6843,4
2458717.575297,-1.1570,8.4382,4.1258,4.3215,4.5665,4.6843,4
2458717.592017,-2.0493,3.1287,4.1258,4.3215,4.5665,4.6843,4
2458717.663037,-10.7033,4.8508,4.1258,4.3215,4.5665,4.6843,4
2458717.691387,-8.9714,5.2886,4.1258,4.3215,4.5665,4.6843,4
2458718.487007,-0.7514,2.4338,4.1258,4.3215,4.5665,4.6843,4
2458718.543197,-10.4747,17.4123,4.1258,4.3215,4.5665,4.6843,4
2458718.587527,-5.0738,8.6581,4.1258,4.3215,4.5665,4.6843,4
2458718.607127,-2.8709,1.5676,4.1258,4.3215,4.5665,4.6843,4
2458718.658107,-3.9355,16.2567,4.1258,4.3215,4.5665,4.6843,4
2458718.675177,-12.1743,13.9353,4.1258,4.3215,4.5665,4.6843,4
2458719.533127,2.2839,2.7330,4.1258,4.3215,4.5665,4.6843,4
2458719.638197,-0.0328,7.8768,4.1258,4.3215,4.5665,4.6843,4
2458720.578837,0.5360,8.0786,4.1258,4.3215,4.5665,4.6843,4
2458720.595707,-7.7002,9.5094,4.1258,4.3215,4.5665,4.6843,4
2458720.612357,-2.4502,6.3697,4.1258,4.3215,4.5665,4.6843,4
2458720.629407,-9.2322,3.0442,4.1258,4.3215,4.5665,4.6843,4
2458721.488537,1.9061,16.0706,4.1258,4.3215,4.5665,4.6843,4
2458721.506517,2.7971,2.4085,4.1258,4.3215,4.5665,4.6843,4
2458721.523257,4.2664,4.8151,4.1258,4.3215,4.5665,4.6843,4
2458721.599927,-5.7601,5.7103,4.1258,4.3215,4.5665,4.6843,4
2458721.650517,-5.0322,15.7159,4.1258,4.3215,4.5665,4.6843,4
2458722.555557,-7.2202,5.1328,4.1258,4.3215,4.5665,4.6843,4
2458722.572087,-0.2080,1.5785,4.1258,4.3215,4.5665,4.6843,4
2458722.617097,-3.0216,13.9192,4.1258,4.3215,4.5665,4.6843,4
2458723.549327,4.7311,5.1031,4.1258,4.3215,4.5665,4.6843,4
2458723.627467,2.2461,0.4334,4.1258,4.3215,4.5665,4.6843,4
2458724.488307,-1.0455,4.0841,4.1258,4.3215,4.5665,4.6843,4
2458724.505227,-6.6914,13.5289,4.1258,4.3215,4.5665,4.6843,4
2458724.532857,-6.2543,17.1925,4.1258,4.3215,4.5665,4.6843,4
2458724.549287,-5.6620,4.9729,4.1258,4.3215,4.5665,4.6843,4
2458724.582937,-5.3481,16.0115,4.1258,4.3215,4.5665,4.6843,4
2458724.627017,-1.3143,14.6083,4.1258,4.3215,4.5665,4.6843,4
2458724.661397,3.1669,3.6426,4.1258,4.3215,4.5665,4.6843,4
2458724.672747,-3.5677,7.0605,4.1258,4.3215,4.5665,4.6843,4
2458725.486797,2.0083,1.9050,4.1258,4.3215,4.5665,4.6843,4
2458725.504087,4.1018,9.2067,4.1258,4.3215,4.5665,4.6843,4
2458725.548527,-1.2655,1.4960,4.1258,4.3215,4.5665,4.6843,4
2458725.587017,-1.0276,8.7824,4.1258,4.3215,4.5665,4.6843,4
2458725.620617,-5.4135,1.8850,4.1258,4.3215,4.5665,4.6843,4
2458725.653497,-6.7700,5.3325,4.1258,4.3215,4.5665,4.6843,4
2458725.659007,0.5614,14.5693,4.1258,4.3215,4.5665,4.6843,4
2458726.484057,-3.8289,10.1944,4.1258,4.3215,4.5665,4.6843,4
2458726.500527,2.8422,9.1931,4.1258,4.3215,4.5665,4.6843,4
2458726.533517,-5.4593,8.6079,4.1258,4.3215,4.5665,4.6843,4
2458726.561687,-6.4616,10.3307,4.1258,4.3215,4.5665,4.6843,4
2458726.628007,-1.0804,12.8637,4.1258,4.3215,4.5665,4.6843,4
2458726.659657,-1.4840,9.4424,4.1258,4.3215,4.5665,4.6843,4
2458727.513877,-0.3355,7.3321,4.1258,4.3215,4.5665,4.6843,4
2458727.530637,-11.1210,4.2801,4.1258,4.3215,4.5665,4.6843,4
2458727.547487,-2.0426,10.8603,4.1258,4.3215,4.5665,4.6843,4
2458727.564397,-4.4949,8.5653,4.1258,4.3215,4.5665,4.6843,4
2458727.608317,-7.3216,10.9975,4.1258,4.3215,4.5665,4.6843,4
2458727.625507,-2.1283,13.2949,4.1258,4.3215,4.5665,4.6843,4
2458727.662387,-1.3496,8.3026,4.1258,4.3215,4.5665,4.6843,4
2458728.482007,-1.7536,5.6981,4.1258,4.3215,4.5665,4.6843,4
2458728.502367,-4.3143,7.5461,4.1258,4.3215,4.5665,4.6843,4
2458728.533357,-1.0877,5.6189,4.1258,4.3215,4.5665,4.6843,4
2458728.549627,0.3071,3.8244,4.1258,4.3215,4.5665,4.6843,4
2458728.566217,-2.3979,10.3162,4.1258,4.3215,4.5665,4.6843,4
2458728.582937,5.2404,1.5585,4.1258,4.3215,4.5665,4.6843,4
2458728.628257,-5.7753,10.7640,4.1258,4.3215,4.5665,4.6843,4
2458728.654957,-7.1574,6.7601,4.1258,4.3215,4.5665,4.6843,4
2458729.471787,-8.5365,10.6079,4.1258,4.3215,4.5665,4.6843,4
2458729.488517,-3.0621,6.3801,4.1258,4.3215,4.5665,4.6843,4
2458729.509667,-7.5049,9.5931,4.1258,4.3215,4.5665,4.6843,4
2458729.526517,-5.1838,11.5181,4.1258,4.3215,4.5665,4.6843,4
2458729.554507,-0.7552,7.9656,4.1258,4.3215,4.5665,4.6843,4
2458729.570817,0.7274,15.6022,4.1258,4.3215,4.5665,4.6843,4
2458729.589367,-0.7107,8.0354,4.1258,4.3215,4.5665,4.6843,4
2458729.606007,0.0101,13.1867,4.1258,4.3215,4.5665,4.6843,4
2458729.622507,-0.4992,4.3931,4.1258,4.3215,4.5665,4.6843,4
2458729.639417,-3.0184,14.2522,4.1258,4.3215,4.5665,4.6843,4
2458729.650487,-1.5475,12.3294,4.1258,4.3215,4.5665,4.6843,4
2458730.500037,-3.5709,6.0503,4.1258,4.3215,4.5665,4.6843,4
2458730.516917,-2.2668,9.8134,4.1258,4.3215,4.5665,4.6843,4
2458730.533607,-4.0514,6.0085,4.1258,4.3215,4.5665,4.6843,4
2458730.550187,-0.3637,7.8535,4.1258,4.3215,4.5665,4.6843,4
2458730.566737,-5.3499,8.1768,4.1258,4.3215,4.5665,4.6843,4
2458730.628527,-0.6352,5.0116,4.1258,4.3215,4.5665,4.6843,4
2458730.645207,4.3321,15.8026,4.1258,4.3215,4.5665,4.6843,4
2458731.523427,5.0789,8.6072,4.1258,4.3215,4.5665,4.6843,4
2458731.540907,-4.3536,2.7399,4.1258,4.3215,4.5665,4.6843,4
2458731.582317,4.9835,8.9548,4.1258,4.3215,4.5665,4.6843,4
2458738.508737,-5.2692,3.1979,4.1258,4.3215,4.5665,4.6843,4
2458738.530177,2.2282,9.3376,4.1258,4.3215,4.5665,4.6843,4
2458738.546757,-9.2081,8.3397,4.1258,4.3215,4.5665,4.6843,4
2458738.563127,-4.7512,10.2825,4.1258,4.3215,4.5665,4.6843,4
2458738.590327,5.5616,-0.5055,4.1258,4.3215,4.5665,4.6843,4
2458738.624057,1.2377,0.5791,4.1258,4.3215,4.5665,4.6843,4
2458738.632387,-1.7844,1.9688,4.1258,4.3215,4.5665,4.6843,4
2458739.611277,-5.5026,13.6624,4.1258,4.3215,4.5665,4.6843,4
2458740.532857,-7.1861,12.9132,4.1258,4.3215,4.5665,4.6843,4
2458740.618827,-11.3005,15.9661,4.1258,4.3215,4.5665,4.6843,4
2458741.510297,-1.3404,4.4803,4.1258,4.3215,4.5665,4.6843,4
2458741.536107,-4.4759,16.1771,4.1258,4.3215,4.5665,4.6843,4
2458741.577447,-11.5338,-0.8951,4.1258,4.3215,4.5665,4.6843,4
2458741.593957,-6.7682,0.4170,4.1258,4.3215,4.5665,4.6843,4
2458742.508907,1.7940,-0.5904,4.1258,4.3215,4.5665,4.6843,4
2458742.558897,-2.1595,7.8325,4.1258,4.3215,4.5665,4.6843,4
2458742.575977,-4.5925,11.3040,4.1258,4.3215,4.5665,4.6843,4
2458742.602727,2.1354,10.3496,4.1258,4.3215,4.5665,4.6843,4
2458742.618027,-12.7665,-0.1594,4.1258,4.3215,4.5665,4.6843,4
2458745.532437,-11.3309,6.9495,4.1258,4.3215,4.5665,4.6843,4
2458745.549217,-1.2038,5.5541,4.1258,4.3215,4.5665,4.6843,4
2458745.610057,-13.1375,3.5873,4.1258,4.3215,4.5665,4.6843,4
2458746.523607,3.9576,11.6536,4.1258,4.3215,4.5665,4.6843,4
2458746.540177,0.0478,12.6348,4.1258,4.3215,4.5665,4.6843,4
2458746.573967,-0.6016,2.9953,4.1258,4.3215,4.5665,4.6843,4
2458746.602437,-5.8274,14.1653,4.1258,4.3215,4.5665,4.6843,4
2458747.497557,1.0934,9.4360,4.1258,4.3215,4.5665,4.6843,4
2458747.530957,1.3883,4.4862,4.1258,4.3215,4.5665,4.6843,4
2458747.547337,-7.7403,7.2338,4.1258,4.3215,4.5665,4.6843,4
2458748.514607,-6.3082,5.1432,4.1258,4.3215,4.5665,4.6843,4
2458748.544537,3.2246,8.2320,4.1258,4.3215,4.5665,4.6843,4
2458748.587407,-11.5713,17.6039,4.1258,4.3215,4.5665,4.6843,4
2458750.512027,-3.2263,7.6504,4.1258,4.3215,4.5665,4.6843,4
2458750.558127,-17.7512,12.6146,4.1258,4.3215,4.5665,4.6843,4
2458750.591367,-13.8558,-2.4451,4.1258,4.3215,4.5665,4.6843,4
2458752.559757,-17.0925,4.5092,4.1258,4.3215,4.5665,4.6843,4
2458752.576797,-8.6784,3.8670,4.1258,4.3215,4.5665,4.6843,4
2458753.519367,-12.1588,13.8511,4.1258,4.3215,4.5665,4.6843,4
2458753.543837,-8.6652,7.4737,4.1258,4.3215,4.5665,4.6843,4
2458753.560567,-7.9590,7.8664,4.1258,4.3215,4.5665,4.6843,4
2458753.577017,-7.0676,2.1436,4.1258,4.3215,4.5665,4.6843,4
2458753.591037,-18.7471,15.2660,4.1258,4.3215,4.5665,4.6843,4
2458754.509577,-14.8947,14.6944,4.1258,4.3215,4.5665,4.6843,4
2458754.540197,-11.4895,12.9798,4.1258,4.3215,4.5665,4.6843,4
2458756.494047,-1.8382,0.4230,4.1258,4.3215,4.5665,4.6843,4
2458756.511927,5.4692,-1.3845,4.1258,4.3215,4.5665,4.6843,4
2458756.528587,-2.4809,12.2880,4.1258,4.3215,4.5665,4.6843,4
2458756.555437,1.4764,8.8911,4.1258,4.3215,4.5665,4.6843,4
2458756.572127,4.6355,3.6677,4.1258,4.3215,4.5665,4.6843,4
2458757.495007,-6.7582,5.2586,4.1258,4.3215,4.5665,4.6843,4
2458757.512017,-4.2097,5.2548,4.1258,4.3215,4.5665,4.6843,4
2458757.528557,2.3355,1.9879,4.1258,4.3215,4.5665,4.6843,4
2458757.555827,-9.9019,3.2810,4.1258,4.3215,4.5665,4.6843,4
2458762.492677,2.2503,7.9685,4.1258,4.3215,4.5665,4.6843,4
2458762.509407,-9.4160,-3.2382,4.1258,4.3215,4.5665,4.6843,4
2458762.538987,-0.6448,2.8004,4.1258,4.3215,4.5665,4.6843,4
2458763.484717,1.7846,13.6275,4.1258,4.3215,4.5665,4.6843,4
2458763.501207,-9.1350,2.5593,4.1258,4.3215,4.5665,4.6843,4
2458763.517377,-0.8706,11.5634,4.1258,4.3215,4.5665,4.6843,4
2458763.551587,-1.2516,9.1639,4.1258,4.3215,4.5665,4.6843,4
2458768.509027,-2.4433,3.8914,4.1258,4.3215,4.5665,4.6843,4
2458768.543027,2.4286,15.7035,4.1258,4.3215,4.5665,4.6843,4
2458768.552537,-15.3741,13.0212,4.1258,4.3215,4.5665,4.6843,4
2458772.522207,-10.1102,5.4126,4.1258,4.3215,4.5665,4.6843,4
2458773.519127,-3.2933,-4.4279,4.1258,4.3215,4.5665,4.6843,4
2458774.513877,5.5975,-2.9657,4.1258,4.3215,4.5665,4.6843,4
2458774.530657,-4.2702,9.6857,4.1258,4.3215,4.5665,4.6843,4
2458775.510447,-2.3090,3.1354,4.1258,4.3215,4.5665,4.6843,4
2459266.892267,-11.1304,-7.1132,4.1258,4.3215,4.3589,4.4628,5
2459267.883527,2.9403,-14.1640,4.1258,4.3215,4.3589,4.4628,5
2459267.901297,-1.0573,-2.4801,4.1258,4.3215,4.3589,4.4628,5
2459268.850637,-2.3068,-8.2630,4.1258,4.3215,4.3589,4.4628,5
2459269.880777,-3.2087,-10.4887,4.1258,4.3215,4.3589,4.4628,5
2459269.898647,-7.8085,5.4868,4.1258,4.3215,4.3589,4.4628,5
2459270.867487,-10.6851,-9.7415,4.1258,4.3215,4.3589,4.4628,5
2459270.884687,-19.9698,-8.7867,4.1258,4.3215,4.3589,4.4628,5
2459271.864787,-16.0017,-5.1482,4.1258,4.3215,4.3589,4.4628,5
2459273.882107,-12.9268,8.1686,4.1258,4.3215,4.3589,4.4628,5
2459274.832727,-2.6944,-1.1778,4.1258,4.3215,4.3589,4.4628,5
2459274.873747,-5.1115,1.2433,4.1258,4.3215,4.3589,4.4628,5
2459274.901817,-1.0494,1.4728,4.1258,4.3215,4.3589,4.4628,5
2459275.860497,-14.5092,-3.2765,4.1258,4.3215,4.3589,4.4628,5
2459276.833597,-16.5027,9.3069,4.1258,4.3215,4.3589,4.4628,5
2459276.870187,-7.7016,-9.2803,4.1258,4.3215,4.3589,4.4628,5
2459276.887457,4.3218,7.8823,4.1258,4.3215,4.3589,4.4628,5
2459276.908557,-0.3265,4.0625,4.1258,4.3215,4.3589,4.4628,5
2459277.831917,7.5570,8.3907,4.1258,4.3215,4.3589,4.4628,5
2459277.849237,2.0336,-2.0017,4.1258,4.3215,4.3589,4.4628,5
2459277.891717,-4.8571,-2.7209,4.1258,4.3215,4.3589,4.4628,5
2459279.854667,1.9125,1.1975,4.1258,4.3215,4.3589,4.4628,5
2459279.882377,-5.3118,-4.9397,4.1258,4.3215,4.3589,4.4628,5
2459280.836547,-1.4150,2.2676,4.1258,4.3215,4.3589,4.4628,5
2459280.854177,4.4670,7.9354,4.1258,4.3215,4.3589,4.4628,5
2459280.872417,3.8457,3.4772,4.1258,4.3215,4.3589,4.4628,5
2459281.816867,-19.8353,-6.0488,4.1258,4.3215,4.3589,4.4628,5
2459281.848907,-15.2175,-1.8839,4.1258,4.3215,4.3589,4.4628,5
2459281.866397,2.9024,-6.6555,4.1258,4.3215,4.3589,4.4628,5
2459281.884227,-11.7545,4.2711,4.1258,4.3215,4.3589,4.4628,5
2459281.901397,5.4616,-1.2973,4.1258,4.3215,4.3589,4.4628,5
2459282.830237,-8.9081,-4.5291,4.1258,4.3215,4.3589,4.4628,5
2459282.858227,-11.5729,-1.8060,4.1258,4.3215,4.3589,4.4628,5
2459282.876137,-3.4786,2.9106,4.1258,4.3215,4.3589,4.4628,5
2459282.896877,-1.6948,3.2674,4.1258,4.3215,4.3589,4.4628,5
2459283.839107,4.6067,-10.3760,4.1258,4.3215,4.3589,4.4628,5
2459283.903707,-1.3791,0.4150,4.1258,4.3215,4.3589,4.4628,5
2459284.835497,5.5845,-7.2549,4.1258,4.3215,4.3589,4.4628,5
2459284.888297,-8.6198,-10.8295,4.1258,4.3215,4.3589,4.4628,5
2459285.856377,-6.7816,2.2138,4.1258,4.3215,4.3589,4.4628,5
2459285.881977,-4.5377,9.5006,4.1258,4.3215,4.3589,4.4628,5
2459285.893487,-5.9374,8.0901,4.1258,4.3215,4.3589,4.4628,5
2459285.910667,-5.5846,3.1265,4.1258,4.3215,4.3589,4.4628,5
2459286.816847,-6.2154,-4.1320,4.1258,4.3215,4.3589,4.4628,5
2459286.853627,-1.0825,-1.8912,4.1258,4.3215,4.3589,4.4628,5
2459286.873287,-4.0535,6.7928,4.1258,4.3215,4.3589,4.4628,5
2459286.907627,0.9581,4.8310,4.1258,4.3215,4.3589,4.4628,5
2459287.882957,-6.3717,5.7022,4.1258,4.3215,4.3589,4.4628,5
2459290.805307,-8.4662,6.4456,4.1258,4.3215,4.3589,4.4628,5
2459290.868667,-5.8974,-6.8583,4.1258,4.3215,4.3589,4.4628,5
2459290.902547,-3.7801,1.9831,4.1258,4.3215,4.3589,4.4628,5
2459291.890357,0.4709,5.3195,4.1258,4.3215,4.3589,4.4628,5
2459293.828707,-4.1550,10.6130,4.1258,4.3215,4.3589,4.4628,5
2459294.884907,0.2131,9.9561,4.1258,4.3215,4.3589,4.4628,5
2459294.901917,3.0567,-2.3793,4.1258,4.3215,4.3589,4.4628,5
2459295.871867,-1.5828,4.9314,4.1258,4.3215,4.3589,4.4628,5
2459295.888957,1.6579,6.1756,4.1258,4.3215,4.3589,4.4628,5
2459295.906437,-6.8041,8.0766,4.1258,4.3215,4.3589,4.4628,5
2459296.798217,-7.5266,-1.9770,4.1258,4.3215,4.3589,4.4628,5
2459296.815777,1.3417,3.2572,4.1258,4.3215,4.3589,4.4628,5
2459296.833237,-2.8043,-0.0907,4.1258,4.3215,4.3589,4.4628,5
2459296.850827,1.0922,-0.7351,4.1258,4.3215,4.3589,4.4628,5
2459296.899307,0.3814,1.4595,4.1258,4.3215,4.3589,4.4628,5
2459296.916717,-1.0147,4.2863,4.1258,4.3215,4.3589,4.4628,5
2459297.836787,-6.3150,-5.6455,4.1258,4.3215,4.3589,4.4628,5
2459297.854537,-11.2978,1.9432,4.1258,4.3215,4.3589,4.4628,5
2459297.909557,-1.9901,1.1320,4.1258,4.3215,4.3589,4.4628,5
2459298.793667,-8.5907,-0.2069,4.1258,4.3215,4.3589,4.4628,5
2459298.853847,1.2764,8.9562,4.1258,4.3215,4.3589,4.4628,5
2459298.898367,-1.5860,-0.4798,4.1258,4.3215,4.3589,4.4628,5
2459299.798637,-4.0121,4.5043,4.1258,4.3215,4.3589,4.4628,5
2459299.868277,-2.9808,-0.0983,4.1258,4.3215,4.3589,4.4628,5
2459299.904757,-2.0931,0.7551,4.1258,4.3215,4.3589,4.4628,5
2459300.797907,5.9759,0.9749,4.1258,4.3215,4.3589,4.4628,5
2459300.852887,-9.9125,-6.3975,4.1258,4.3215,4.3589,4.4628,5
2459300.881327,-4.7226,-2.3280,4.1258,4.3215,4.3589,4.4628,5
2459300.898897,-2.1818,2.0777,4.1258,4.3215,4.3589,4.4628,5
2459300.916187,3.5836,-2.8632,4.1258,4.3215,4.3589,4.4628,5
2459301.779237,5.7006,3.6681,4.1258,4.3215,4.3589,4.4628,5
2459301.797117,-5.1830,1.3622,4.1258,4.3215,4.3589,4.4628,5
2459301.825327,3.9663,-0.8565,4.1258,4.3215,4.3589,4.4628,5
2459301.863057,3.0261,8.8199,4.1258,4.3215,4.3589,4.4628,5
2459301.880707,-3.9517,-5.7854,4.1258,4.3215,4.3589,4.4628,5
2459301.897707,-3.7407,5.1842,4.1258,4.3215,4.3589,4.4628,5
2459302.817727,-14.5817,-3.2524,4.1258,4.3215,4.3589,4.4628,5
2459302.835417,0.8427,0.6457,4.1258,4.3215,4.3589,4.4628,5
2459302.853507,-7.9987,-4.8358,4.1258,4.3215,4.3589,4.4628,5
2459302.898457,-7.4023,0.5189,4.1258,4.3215,4.3589,4.4628,5
2459303.821247,-2.8676,-4.2023,4.1258,4.3215,4.3589,4.4628,5
2459303.875617,-1.2919,5.3945,4.1258,4.3215,4.3589,4.4628,5
2459303.892877,-2.2142,4.8874,4.1258,4.3215,4.3589,4.4628,5
2459303.910707,-4.7124,1.3647,4.1258,4.3215,4.3589,4.4628,5
2459304.781097,-0.8828,3.6951,4.1258,4.3215,4.3589,4.4628,5
2459304.816647,0.0237,4.4399,4.1258,4.3215,4.3589,4.4628,5
2459304.833817,-1.5892,6.9452,4.1258,4.3215,4.3589,4.4628,5
2459304.879397,-7.1090,4.0144,4.1258,4.3215,4.3589,4.4628,5
2459304.896777,-2.0715,0.6715,4.1258,4.3215,4.3589,4.4628,5
2459304.916007,1.9968,3.4262,4.1258,4.3215,4.3589,4.4628,5
2459305.749237,3.5411,-4.1453,4.1258,4.3215,4.3589,4.4628,5
2459305.798637,-0.3523,5.2439,4.1258,4.3215,4.3589,4.4628,5
2459305.833697,-5.1706,4.0275,4.1258,4.3215,4.3589,4.4628,5
2459305.850387,4.5644,-0.0084,4.1258,4.3215,4.3589,4.4628,5
2459305.868117,-2.0311,6.9729,4.1258,4.3215,4.3589,4.4628,5
2459305.885477,-2.4742,4.7807,4.1258,4.3215,4.3589,4.4628,5
2459306.806877,0.7048,-4.9632,4.1258,4.3215,4.3589,4.4628,5
2459306.907667,5.5159,-0.6442,4.1258,4.3215,4.3589,4.4628,5
2459308.808727,-2.8246,4.5074,4.1258,4.3215,4.3589,4.4628,5
2459308.878377,-0.7494,-0.6177,4.1258,4.3215,4.3589,4.4628,5
2459309.801667,-1.5680,2.5968,4.1258,4.3215,4.3589,4.4628,5
2459309.818967,-5.0909,-1.9689,4.1258,4.3215,4.3589,4.4628,5
2459309.836167,2.5420,1.6439,4.1258,4.3215,4.3589,4.4628,5
2459309.839167,-4.1373,-0.8250,4.1258,4.3215,4.3589,4.4628,5
2459309.893207,-3.4872,-0.9976,4.1258,4.3215,4.3589,4.4628,5
2459309.912877,4.1159,2.5072,4.1258,4.3215,4.3589,4.4628,5
2459310.803917,-8.6347,5.3803,4.1258,4.3215,4.3589,4.4628,5
2459310.838877,-11.1997,3.9612,4.1258,4.3215,4.3589,4.4628,5
2459310.909487,0.1369,0.4240,4.1258,4.3215,4.3589,4.4628,5
2459311.738007,1.5522,-6.8400,4.1258,4.3215,4.3589,4.4628,5
2459311.761517,1.3146,0.4438,4.1258,4.3215,4.3589,4.4628,5
2459311.779467,-3.4046,9.1519,4.1258,4.3215,4.3589,4.4628,5
2459311.828217,-6.7474,-2.5867,4.1258,4.3215,4.3589,4.4628,5
2459311.845757,-2.1450,3.0848,4.1258,4.3215,4.3589,4.4628,5
2459311.865537,-3.8233,6.6370,4.1258,4.3215,4.3589,4.4628,5
2459311.888527,-6.2725,0.1276,4.1258,4.3215,4.3589,4.4628,5
2459311.920107,-0.6698,2.8789,4.1258,4.3215,4.3589,4.4628,5
2459312.851467,-8.8714,10.5609,4.1258,4.3215,4.3589,4.4628,5
2459312.871177,-8.9154,3.9103,4.1258,4.3215,4.3589,4.4628,5
2459312.888527,-4.7891,3.4826,4.1258,4.3215,4.3589,4.4628,5
2459312.907677,1.1049,9.9108,4.1258,4.3215,4.3589,4.4628,5
2459313.733457,-12.1667,-5.2729,4.1258,4.3215,4.3589,4.4628,5
2459313.846387,-1.7110,0.8196,4.1258,4.3215,4.3589,4.4628,5
2459313.863447,-1.8966,-4.7634,4.1258,4.3215,4.3589,4.4628,5
2459313.880927,-1.5736,2.7121,4.1258,4.3215,4.3589,4.4628,5
2459313.900317,-3.7217,4.0083,4.1258,4.3215,4.3589,4.4628,5
2459313.917917,0.9676,1.0314,4.1258,4.3215,4.3589,4.4628,5
2459314.837967,-4.4103,7.0587,4.1258,4.3215,4.3589,4.4628,5
2459314.876887,-9.0650,9.2773,4.1258,4.3215,4.3589,4.4628,5
2459314.897487,-6.0746,10.0087,4.1258,4.3215,4.3589,4.4628,5
2459314.916767,2.9514,2.5898,4.1258,4.3215,4.3589,4.4628,5
2459315.757387,-10.0181,8.7073,4.1258,4.3215,4.3589,4.4628,5
2459315.776277,8.6960,-8.4460,4.1258,4.3215,4.3589,4.4628,5
2459315.811727,1.1060,-0.0655,4.1258,4.3215,4.3589,4.4628,5
2459315.832167,3.1473,-0.5137,4.1258,4.3215,4.3589,4.4628,5
2459315.862907,2.5173,2.1105,4.1258,4.3215,4.3589,4.4628,5
2459315.880287,-2.4468,-2.0767,4.1258,4.3215,4.3589,4.4628,5
2459315.904057,5.0001,2.9143,4.1258,4.3215,4.3589,4.4628,5
2459315.919317,-3.6504,9.0207,4.1258,4.3215,4.3589,4.4628,5
2459316.819407,-1.1762,5.8112,4.1258,4.3215,4.3589,4.4628,5
2459316.843387,1.1643,-1.2838,4.1258,4.3215,4.3589,4.4628,5
2459316.870997,3.5702,5.9426,4.1258,4.3215,4.3589,4.4628,5
2459316.889177,2.0783,-4.7637,4.1258,4.3215,4.3589,4.4628,5
2459316.909387,5.2827,1.2707,4.1258,4.3215,4.3589,4.4628,5
2459317.799287,0.6790,1.1888,4.1258,4.3215,4.3589,4.4628,5
2459317.816957,2.1234,0.5310,4.1258,4.3215,4.3589,4.4628,5
2459317.834207,-3.8407,7.1583,4.1258,4.3215,4.3589,4.4628,5
2459317.878827,-2.1216,2.2083,4.1258,4.3215,4.3589,4.4628,5
2459317.923477,-1.9081,0.2934,4.1258,4.3215,4.3589,4.4628,5
2459318.747887,-3.7284,-6.2090,4.1258,4.3215,4.3589,4.4628,5
2459318.796977,1.2126,7.6367,4.1258,4.3215,4.3589,4.4628,5
2459318.813807,4.5755,-8.4608,4.1258,4.3215,4.3589,4.4628,5
2459318.878747,2.4029,5.7691,4.1258,4.3215,4.3589,4.4628,5
2459318.901877,0.9420,-0.5867,4.1258,4.3215,4.3589,4.4628,5
2459318.919777,2.1144,2.6233,4.1258,4.3215,4.3589,4.4628,5
2459319.722167,-1.3385,-0.3770,4.1258,4.3215,4.3589,4.4628,5
2459319.773857,1.2140,1.6586,4.1258,4.3215,4.3589,4.4628,5
2459319.845617,7.3672,1.8835,4.1258,4.3215,4.3589,4.4628,5
2459319.896137,4.3171,7.0468,4.1258,4.3215,4.3589,4.4628,5
2459319.913117,-4.7350,7.3654,4.1258,4.3215,4.3589,4.4628,5
2459320.708777,4.7248,-6.2006,4.1258,4.3215,4.3589,4.4628,5
2459320.744397,-1.4857,-1.3226,4.1258,4.3215,4.3589,4.4628,5
2459320.802207,-9.1995,-2.5363,4.1258,4.3215,4.3589,4.4628,5
2459320.836877,4.1355,4.4446,4.1258,4.3215,4.3589,4.4628,5
2459320.854457,0.6456,6.8712,4.1258,4.3215,4.3589,4.4628,5
2459320.889227,-3.8108,7.3174,4.1258,4.3215,4.3589,4.4628,5
2459320.925277,1.8054,-0.3623,4.1258,4.3215,4.3589,4.4628,5
2459321.705127,-10.9257,-10.6208,4.1258,4.3215,4.3589,4.4628,5
2459321.800727,1.8342,4.8692,4.1258,4.3215,4.3589,4.4628,5
2459321.818067,-6.7878,4.7154,4.1258,4.3215,4.3589,4.4628,5
2459321.835647,-2.0858,-4.5584,4.1258,4.3215,4.3589,4.4628,5
2459321.852367,1.1331,2.1114,4.1258,4.3215,4.3589,4.4628,5
2459321.883217,3.1810,6.3947,4.1258,4.3215,4.3589,4.4628,5
2459321.907197,2.0820,-5.5203,4.1258,4.3215,4.3589,4.4628,5
2459321.923747,-0.1050,1.6976,4.1258,4.3215,4.3589,4.4628,5
2459322.731777,-0.2421,-6.3248,4.1258,4.3215,4.3589,4.4628,5
2459322.751807,-4.0397,-4.3615,4.1258,4.3215,4.3589,4.4628,5
2459322.769837,-8.5900,0.8011,4.1258,4.3215,4.3589,4.4628,5
2459322.797947,-9.6698,-0.7242,4.1258,4.3215,4.3589,4.4628,5
2459322.815757,7.3992,-0.4248,4.1258,4.3215,4.3589,4.4628,5
2459322.833407,-3.5421,10.0020,4.1258,4.3215,4.3589,4.4628,5
2459322.850887,-1.1029,-0.3962,4.1258,4.3215,4.3589,4.4628,5
2459322.868197,8.7204,2.1014,4.1258,4.3215,4.3589,4.4628,5
2459322.901327,-1.6494,1.7431,4.1258,4.3215,4.3589,4.4628,5
2459322.917907,4.5045,-2.2970,4.1258,4.3215,4.3589,4.4628,5
2459323.793407,-0.1756,1.3244,4.1258,4.3215,4.3589,4.4628,5
2459323.813167,-1.0036,9.6131,4.1258,4.3215,4.3589,4.4628,5
2459323.832897,-5.4818,4.2791,4.1258,4.3215,4.3589,4.4628,5
2459323.835587,-2.9214,7.3664,4.1258,4.3215,4.3589,4.4628,5
2459323.851407,-1.1373,1.7879,4.1258,4.3215,4.3589,4.4628,5
2459323.880727,-1.6007,6.1760,4.1258,4.3215,4.3589,4.4628,5
2459323.907767,0.4406,4.3605,4.1258,4.3215,4.3589,4.4628,5
2459324.863517,3.3264,-2.8461,4.1258,4.3215,4.3589,4.4628,5
2459325.841227,-11.5494,6.5240,4.1258,4.3215,4.3589,4.4628,5
2459326.769957,-10.1290,3.4578,4.1258,4.3215,4.3589,4.4628,5
2459326.815857,2.4698,1.2907,4.1258,4.3215,4.3589,4.4628,5
2459326.886657,0.3690,1.0670,4.1258,4.3215,4.3589,4.4628,5
2459326.930607,-0.3008,-1.5599,4.1258,4.3215,4.3589,4.4628,5
2459327.788867,-4.6834,7.7921,4.1258,4.3215,4.3589,4.4628,5
2459327.806007,1.3386,-7.4515,4.1258,4.3215,4.3589,4.4628,5
2459327.824627,2.3218,-4.8674,4.1258,4.3215,4.3589,4.4628,5
2459327.843697,1.9821,-3.6240,4.1258,4.3215,4.3589,4.4628,5
2459327.865067,3.9337,9.3972,4.1258,4.3215,4.3589,4.4628,5
2459327.910017,-10.7682,-11.0361,4.1258,4.3215,4.3589,4.4628,5
2459328.851877,1.6693,-6.8930,4.1258,4.3215,4.3589,4.4628,5
2459328.906897,-7.2336,2.1517,4.1258,4.3215,4.3589,4.4628,5
2459328.924277,3.7245,5.9936,4.1258,4.3215,4.3589,4.4628,5
2459329.706447,-8.4717,8.6670,4.1258,4.3215,4.3589,4.4628,5
2459329.728847,-6.0747,8.7072,4.1258,4.3215,4.3589,4.4628,5
2459329.747907,1.7191,-6.5598,4.1258,4.3215,4.3589,4.4628,5
2459329.812487,9.8068,-3.3053,4.1258,4.3215,4.3589,4.4628,5
2459329.831947,9.9234,4.7627,4.1258,4.3215,4.3589,4.4628,5
2459329.850357,8.5378,8.8638,4.1258,4.3215,4.3589,4.4628,5
2459329.854527,1.9251,6.2076,4.1258,4.3215,4.3589,4.4628,5
2459329.888427,3.8969,6.5155,4.1258,4.3215,4.3589,4.4628,5
2459329.915957,-0.1056,-0.1630,4.1258,4.3215,4.3589,4.4628,5
2459330.691787,3.2132,-6.8591,4.1258,4.3215,4.3589,4.4628,5
2459330.730517,6.8059,-9.8730,4.1258,4.3215,4.3589,4.4628,5
2459330.758757,4.2513,-10.5985,4.1258,4.3215,4.3589,4.4628,5
2459330.781817,-1.6835,1.1301,4.1258,4.3215,4.3589,4.4628,5
2459330.800197,3.8433,11.4882,4.1258,4.3215,4.3589,4.4628,5
2459330.818687,7.2091,-6.2097,4.1258,4.3215,4.3589,4.4628,5
2459330.841167,2.2064,-7.4271,4.1258,4.3215,4.3589,4.4628,5
2459330.873377,0.7812,-0.9291,4.1258,4.3215,4.3589,4.4628,5
2459330.890587,-3.8972,3.3436,4.1258,4.3215,4.3589,4.4628,5
2459330.907487,-1.7668,3.4130,4.1258,4.3215,4.3589,4.4628,5
2459330.925157,4.7385,-2.2757,4.1258,4.3215,4.3589,4.4628,5
2459331.779417,-10.5127,5.2680,4.1258,4.3215,4.3589,4.4628,5
2459331.796837,-7.1297,-3.4340,4.1258,4.3215,4.3589,4.4628,5
2459331.814347,2.4822,-10.6780,4.1258,4.3215,4.3589,4.4628,5
2459331.831617,-1.9548,2.0215,4.1258,4.3215,4.3589,4.4628,5
2459331.899477,-5.5515,3.4009,4.1258,4.3215,4.3589,4.4628,5
2459331.917507,1.3337,-2.7333,4.1258,4.3215,4.3589,4.4628,5
2459332.722467,0.6355,-5.9751,4.1258,4.3215,4.3589,4.4628,5
2459332.742107,-7.2958,12.8297,4.1258,4.3215,4.3589,4.4628,5
2459332.761137,-8.3377,8.5944,4.1258,4.3215,4.3589,4.4628,5
2459332.836947,4.5259,-3.7160,4.1258,4.3215,4.3589,4.4628,5
2459332.866407,-4.3904,-7.4093,4.1258,4.3215,4.3589,4.4628,5
2459332.887557,-0.6885,-6.1953,4.1258,4.3215,4.3589,4.4628,5
2459332.904297,-1.3284,1.0822,4.1258,4.3215,4.3589,4.4628,5
2459332.921547,-4.0739,-1.7243,4.1258,4.3215,4.3589,4.4628,5
2459333.754327,-3.4275,5.8112,4.1258,4.3215,4.3589,4.4628,5
2459333.773997,8.5124,-10.0337,4.1258,4.3215,4.3589,4.4628,5
2459333.791287,-8.4593,-5.8349,4.1258,4.3215,4.3589,4.4628,5
2459333.814777,0.0714,-7.5034,4.1258,4.3215,4.3589,4.4628,5
2459336.762727,-3.0161,-2.4856,4.1258,4.3215,4.3589,4.4628,5
2459336.813857,2.6509,-1.2356,4.1258,4.3215,4.3589,4.4628,5
2459336.836757,2.5309,2.6104,4.1258,4.3215,4.3589,4.4628,5
2459336.854897,8.5571,6.7669,4.1258,4.3215,4.3589,4.4628,5
2459336.871387,-4.4081,-4.7463,4.1258,4.3215,4.3589,4.4628,5
2459336.899897,-6.0724,0.8194,4.1258,4.3215,4.3589,4.4628,5
2459336.916767,-1.3934,7.2752,4.1258,4.3215,4.3589,4.4628,5
2459337.745217,-3.7745,-6.7014,4.1258,4.3215,4.3589,4.4628,5
2459337.832927,-11.1172,12.4692,4.1258,4.3215,4.3589,4.4628,5
2459337.857067,1.0348,5.8244,4.1258,4.3215,4.3589,4.4628,5
2459338.762917,7.6202,1.9528,4.1258,4.3215,4.3589,4.4628,5
2459338.819937,2.0000,-0.0459,4.1258,4.3215,4.3589,4.4628,5
2459338.843157,-12.4943,9.8525,4.1258,4.3215,4.3589,4.4628,5
2459338.888277,-12.1031,3.7851,4.1258,4.3215,4.3589,4.4628,5
2459339.726507,-3.7955,-3.6319,4.1258,4.3215,4.3589,4.4628,5
2459339.760877,-10.2122,9.5804,4.1258,4.3215,4.3589,4.4628,5
2459339.781237,-1.0742,-2.8198,4.1258,4.3215,4.3589,4.4628,5
2459339.814097,3.0348,2.8170,4.1258,4.3215,4.3589,4.4628,5
2459339.832747,-2.5326,5.7712,4.1258,4.3215,4.3589,4.4628,5
2459339.857257,6.7135,5.2695,4.1258,4.3215,4.3589,4.4628,5
2459339.874597,-9.3628,-2.2246,4.1258,4.3215,4.3589,4.4628,5
2459339.891467,2.7029,0.8486,4.1258,4.3215,4.3589,4.4628,5
2459340.673467,10.0387,-6.9110,4.1258,4.3215,4.3589,4.4628,5
2459340.691207,-3.8355,-9.9368,4.1258,4.3215,4.3589,4.4628,5
2459340.746297,-7.2287,8.7218,4.1258,4.3215,4.3589,4.4628,5
2459340.765287,-2.3764,-7.8084,4.1258,4.3215,4.3589,4.4628,5
2459340.782417,-7.2518,5.9828,4.1258,4.3215,4.3589,4.4628,5
2459340.800437,1.9181,-2.6330,4.1258,4.3215,4.3589,4.4628,5
2459340.819907,-2.4114,-5.9417,4.1258,4.3215,4.3589,4.4628,5
2459340.824387,-3.2379,-0.9191,4.1258,4.3215,4.3589,4.4628,5
2459340.851057,0.2211,-4.2701,4.1258,4.3215,4.3589,4.4628,5
2459340.869147,3.8158,-3.6608,4.1258,4.3215,4.3589,4.4628,5
2459340.889827,-2.4920,6.6065,4.1258,4.3215,4.3589,4.4628,5
2459340.906577,8.5517,-0.8088,4.1258,4.3215,4.3589,4.4628,5
2459340.923707,1.7596,-1.3003,4.1258,4.3215,4.3589,4.4628,5
2459341.884667,0.5604,-2.2133,4.1258,4.3215,4.3589,4.4628,5
2459341.901707,0.0263,9.1287,4.1258,4.3215,4.3589,4.4628,5
2459342.859467,0.8658,3.6555,4.1258,4.3215,4.3589,4.4628,5
2459344.776607,-0.2177,5.5404,4.1258,4.3215,4.3589,4.4628,5
2459344.797017,-8.7032,2.4172,4.1258,4.3215,4.3589,4.4628,5
2459344.816387,0.4995,-1.9778,4.1258,4.3215,4.3589,4.4628,5
2459344.906757,-2.0130,8.3921,4.1258,4.3215,4.3589,4.4628,5
2459344.923227,-2.7940,-0.2416,4.1258,4.3215,4.3589,4.4628,5
2459345.665607,-4.4985,0.4103,4.1258,4.3215,4.3589,4.4628,5
2459345.687927,-5.8211,5.6205,4.1258,4.3215,4.3589,4.4628,5
2459345.705757,-7.5392,2.6848,4.1258,4.3215,4.3589,4.4628,5
2459345.740787,6.4578,-3.1096,4.1258,4.3215,4.3589,4.4628,5
2459345.806987,-1.6839,2.8386,4.1258,4.3215,4.3589,4.4628,5
2459345.846057,-7.3350,9.1979,4.1258,4.3215,4.3589,4.4628,5
2459345.875907,-9.0421,5.0594,4.1258,4.3215,4.3589,4.4628,5
2459345.897547,-6.1332,2.6340,4.1258,4.3215,4.3589,4.4628,5
2459345.916757,-2.4107,-2.2502,4.1258,4.3215,4.3589,4.4628,5
2459345.936517,0.4574,-5.1799,4.1258,4.3215,4.3589,4.4628,5
2459346.765597,-5.3641,-5.9095,4.1258,4.3215,4.3589,4.4628,5
2459346.798287,6.7445,8.0289,4.1258,4.3215,4.3589,4.4628,5
2459346.815537,1.5330,1.8304,4.1258,4.3215,4.3589,4.4628,5
2459346.832297,-3.5958,2.4530,4.1258,4.3215,4.3589,4.4628,5
2459346.851507,1.7057,2.1647,4.1258,4.3215,4.3589,4.4628,5
2459346.869047,2.6116,-0.5107,4.1258,4.3215,4.3589,4.4628,5
2459346.896707,-5.7608,-4.8380,4.1258,4.3215,4.3589,4.4628,5
2459348.646607,-5.9571,-0.9070,4.1258,4.3215,4.3589,4.4628,5
2459348.699757,-4.9086,3.4364,4.1258,4.3215,4.3589,4.4628,5
2459348.717177,0.3669,0.3494,4.1258,4.3215,4.3589,4.4628,5
2459348.734747,-0.6702,8.6657,4.1258,4.3215,4.3589,4.4628,5
2459348.752197,-0.8010,4.2582,4.1258,4.3215,4.3589,4.4628,5
2459348.771897,-2.3199,6.4125,4.1258,4.3215,4.3589,4.4628,5
2459348.803947,1.3635,1.0580,4.1258,4.3215,4.3589,4.4628,5
2459348.828427,1.5171,-0.6117,4.1258,4.3215,4.3589,4.4628,5
2459348.847427,3.9297,7.4467,4.1258,4.3215,4.3589,4.4628,5
2459348.864237,4.0150,-3.4360,4.1258,4.3215,4.3589,4.4628,5
2459348.916177,-3.3905,-0.8573,4.1258,4.3215,4.3589,4.4628,5
2459348.932837,-6.2880,8.0554,4.1258,4.3215,4.3589,4.4628,5
2459349.632787,-8.9678,5.2786,4.1258,4.3215,4.3589,4.4628,5
2459349.668927,3.9090,-0.3606,4.1258,4.3215,4.3589,4.4628,5
2459349.699907,7.0991,5.3534,4.1258,4.3215,4.3589,4.4628,5
2459349.718917,-11.3003,5.1459,4.1258,4.3215,4.3589,4.4628,5
2459349.738287,-5.9623,5.0244,4.1258,4.3215,4.3589,4.4628,5
2459349.755667,1.7936,-4.6214,4.1258,4.3215,4.3589,4.4628,5
2459349.773247,-11.2951,6.8985,4.1258,4.3215,4.3589,4.4628,5
2459349.800817,-0.0288,2.1162,4.1258,4.3215,4.3589,4.4628,5
2459349.832697,-1.0324,1.0192,4.1258,4.3215,4.3589,4.4628,5
2459349.890007,1.4674,3.1649,4.1258,4.3215,4.3589,4.4628,5
2459350.662397,3.9848,2.3987,4.1258,4.3215,4.3589,4.4628,5
2459350.697907,-2.7342,-1.6132,4.1258,4.3215,4.3589,4.4628,5
2459350.725307,-7.9943,13.0363,4.1258,4.3215,4.3589,4.4628,5
2459350.743227,-5.6603,8.3708,4.1258,4.3215,4.3589,4.4628,5
2459350.760357,6.8240,2.2900,4.1258,4.3215,4.3589,4.4628,5
2459350.874057,-7.2615,0.5069,4.1258,4.3215,4.3589,4.4628,5
2459350.891027,-7.2289,5.7189,4.1258,4.3215,4.3589,4.4628,5
2459350.908307,4.3286,12.3901,4.1258,4.3215,4.3589,4.4628,5
2459354.933467,-2.0457,5.4646,4.1258,4.3215,4.3589,4.4628,5
2459356.709277,4.8816,4.6722,4.1258,4.3215,4.3589,4.4628,5
2459356.754787,-3.9242,5.2501,4.1258,4.3215,4.3589,4.4628,5
2459356.774737,-4.5853,-2.3785,4.1258,4.3215,4.3589,4.4628,5
2459356.802397,3.5551,2.7808,4.1258,4.3215,4.3589,4.4628,5
2459356.819757,-4.1825,8.3542,4.1258,4.3215,4.3589,4.4628,5
2459356.838637,-2.6703,5.1663,4.1258,4.3215,4.3589,4.4628,5
2459356.873627,-8.0656,6.4137,4.1258,4.3215,4.3589,4.4628,5
2459356.877977,1.2331,6.4216,4.1258,4.3215,4.3589,4.4628,5
2459356.891627,5.8973,7.9303,4.1258,4.3215,4.3589,4.4628,5
2459356.918927,-3.7432,7.5681,4.1258,4.3215,4.3589,4.4628,5
2459357.708657,-3.2005,-0.9780,4.1258,4.3215,4.3589,4.4628,5
2459357.726147,5.5139,8.7758,4.1258,4.3215,4.3589,4.4628,5
2459357.728837,-1.1357,-4.2181,4.1258,4.3215,4.3589,4.4628,5
2459357.764857,1.5745,-0.2696,4.1258,4.3215,4.3589,4.4628,5
2459357.791827,0.8454,3.9461,4.1258,4.3215,4.3589,4.4628,5
2459358.685847,-0.0085,-2.6575,4.1258,4.3215,4.3589,4.4628,5
2459358.707197,-1.0853,-2.5983,4.1258,4.3215,4.3589,4.4628,5
2459358.711457,-2.1816,0.0159,4.1258,4.3215,4.3589,4.4628,5
2459358.730697,2.4764,-1.8235,4.1258,4.3215,4.3589,4.4628,5
2459358.758357,1.9105,-3.3152,4.1258,4.3215,4.3589,4.4628,5
2459358.775237,-4.7521,-3.1636,4.1258,4.3215,4.3589,4.4628,5
2459358.792237,1.3528,0.9915,4.1258,4.3215,4.3589,4.4628,5
2459358.811037,1.3565,3.5192,4.1258,4.3215,4.3589,4.4628,5
2459358.832547,-2.0355,3.7652,4.1258,4.3215,4.3589,4.4628,5
2459358.867007,-1.4251,-2.9910,4.1258,4.3215,4.3589,4.4628,5
2459358.884007,5.4391,-0.3686,4.1258,4.3215,4.3589,4.4628,5
2459358.905277,2.7999,-0.7633,4.1258,4.3215,4.3589,4.4628,5
2459358.922157,-1.3548,6.3610,4.1258,4.3215,4.3589,4.4628,5
2459359.643857,-4.3255,-3.6569,4.1258,4.3215,4.3589,4.4628,5
2459359.661547,-3.6983,-2.5655,4.1258,4.3215,4.3589,4.4628,5
2459359.679087,-2.2716,2.7990,4.1258,4.3215,4.3589,4.4628,5
2459359.696987,0.1528,4.6743,4.1258,4.3215,4.3589,4.4628,5
2459359.717557,-0.1433,5.0853,4.1258,4.3215,4.3589,4.4628,5
2459359.748017,1.1162,0.1035,4.1258,4.3215,4.3589,4.4628,5
2459359.766207,3.4223,5.2940,4.1258,4.3215,4.3589,4.4628,5
2459359.805197,-3.8298,5.1161,4.1258,4.3215,4.3589,4.4628,5
2459359.821937,-0.7170,-0.4203,4.1258,4.3215,4.3589,4.4628,5
2459359.849577,-4.1010,3.6031,4.1258,4.3215,4.3589,4.4628,5
2459359.866527,2.2146,7.7393,4.1258,4.3215,4.3589,4.4628,5
2459359.883657,0.3758,1.5871,4.1258,4.3215,4.3589,4.4628,5
2459359.920307,-1.7430,-1.7799,4.1258,4.3215,4.3589,4.4628,5
2459360.638777,-7.4327,1.0440,4.1258,4.3215,4.3589,4.4628,5
2459360.658717,-1.0588,3.9194,4.1258,4.3215,4.3589,4.4628,5
2459360.704067,1.2579,1.8668,4.1258,4.3215,4.3589,4.4628,5
2459360.722657,-3.9724,-1.1359,4.1258,4.3215,4.3589,4.4628,5
2459360.760647,1.4649,-1.4339,4.1258,4.3215,4.3589,4.4628,5
2459360.797917,-2.7689,-1.4283,4.1258,4.3215,4.3589,4.4628,5
2459360.825357,-1.4782,4.0216,4.1258,4.3215,4.3589,4.4628,5
2459360.920417,4.3183,2.8654,4.1258,4.3215,4.3589,4.4628,5
2459363.764207,0.2553,7.5333,4.1258,4.3215,4.3589,4.4628,5
2459363.810837,-6.5692,6.9798,4.1258,4.3215,4.3589,4.4628,5
2459365.671817,2.7107,5.6352,4.1258,4.3215,4.3589,4.4628,5
2459365.713487,3.0410,-0.5388,4.1258,4.3215,4.3589,4.4628,5
2459365.730537,-1.1945,2.2574,4.1258,4.3215,4.3589,4.4628,5
2459365.749007,0.0782,0.4222,4.1258,4.3215,4.3589,4.4628,5
2459365.769337,-0.2414,3.2616,4.1258,4.3215,4.3589,4.4628,5
2459365.788247,-4.3075,4.4940,4.1258,4.3215,4.3589,4.4628,5
2459365.815047,-4.3585,6.8679,4.1258,4.3215,4.3589,4.4628,5
2459365.832137,-3.6610,4.6166,4.1258,4.3215,4.3589,4.4628,5
2459365.849087,-3.3823,3.6924,4.1258,4.3215,4.3589,4.4628,5
2459365.867947,4.8675,2.4682,4.1258,4.3215,4.3589,4.4628,5
2459365.885127,5.7729,-0.2572,4.1258,4.3215,4.3589,4.4628,5
2459365.911987,-3.9280,-2.5339,4.1258,4.3215,4.3589,4.4628,5
2459366.603307,-7.4643,-0.6431,4.1258,4.3215,4.3589,4.4628,5
2459366.621267,1.0711,-2.2881,4.1258,4.3215,4.3589,4.4628,5
2459366.656417,-2.8883,-1.2039,4.1258,4.3215,4.3589,4.4628,5
2459366.704937,1.0338,-1.0477,4.1258,4.3215,4.3589,4.4628,5
2459366.721907,-6.3512,2.9484,4.1258,4.3215,4.3589,4.4628,5
2459366.741057,-3.1407,7.5933,4.1258,4.3215,4.3589,4.4628,5
2459366.777627,-0.4420,1.0307,4.1258,4.3215,4.3589,4.4628,5
2459366.804677,0.6507,1.6768,4.1258,4.3215,4.3589,4.4628,5
2459366.821757,-4.8292,-1.0463,4.1258,4.3215,4.3589,4.4628,5
2459366.838897,-0.5449,2.3997,4.1258,4.3215,4.3589,4.4628,5
2459366.857167,5.2067,1.9213,4.1258,4.3215,4.3589,4.4628,5
2459366.876237,-0.1039,-1.8640,4.1258,4.3215,4.3589,4.4628,5
2459366.903567,-2.6768,-1.1437,4.1258,4.3215,4.3589,4.4628,5
2459367.588927,2.1571,-4.4158,4.1258,4.3215,4.3589,4.4628,5
2459367.631307,0.0890,-3.6605,4.1258,4.3215,4.3589,4.4628,5
2459367.651857,4.4999,-4.6144,4.1258,4.3215,4.3589,4.4628,5
2459367.714727,-4.1435,3.7369,4.1258,4.3215,4.3589,4.4628,5
2459367.735777,2.8954,5.7506,4.1258,4.3215,4.3589,4.4628,5
2459367.754927,-3.7610,-4.4370,4.1258,4.3215,4.3589,4.4628,5
2459367.774067,-2.5184,2.8232,4.1258,4.3215,4.3589,4.4628,5
2459367.801097,5.1105,1.8303,4.1258,4.3215,4.3589,4.4628,5
2459367.803787,-5.6134,1.1711,4.1258,4.3215,4.3589,4.4628,5
2459367.819377,2.3104,4.6579,4.1258,4.3215,4.3589,4.4628,5
2459367.836247,-4.5493,-4.1319,4.1258,4.3215,4.3589,4.4628,5
2459367.853067,-0.3478,4.0013,4.1258,4.3215,4.3589,4.4628,5
2459367.897447,2.5924,1.0164,4.1258,4.3215,4.3589,4.4628,5
2459368.596697,1.2923,1.8133,4.1258,4.3215,4.3589,4.4628,5
2459368.635187,-5.8984,0.5308,4.1258,4.3215,4.3589,4.4628,5
2459368.664987,5.9838,0.8184,4.1258,4.3215,4.3589,4.4628,5
2459368.699667,2.2898,1.1618,4.1258,4.3215,4.3589,4.4628,5
2459368.717147,-3.2255,1.5628,4.1258,4.3215,4.3589,4.4628,5
2459368.739337,1.9596,1.9265,4.1258,4.3215,4.3589,4.4628,5
2459368.794727,1.8673,-2.9075,4.1258,4.3215,4.3589,4.4628,5
2459368.811207,2.2266,2.9897,4.1258,4.3215,4.3589,4.4628,5
2459368.827627,-0.6057,-2.8999,4.1258,4.3215,4.3589,4.4628,5
2459368.844617,-1.9711,6.9718,4.1258,4.3215,4.3589,4.4628,5
2459368.847317,-1.1545,7.1572,4.1258,4.3215,4.3589,4.4628,5
2459368.863737,1.4265,3.1092,4.1258,4.3215,4.3589,4.4628,5
2459368.907297,-3.0263,1.0629,4.1258,4.3215,4.3589,4.4628,5
2459369.614237,3.9419,8.3392,4.1258,4.3215,4.3589,4.4628,5
2459369.660737,3.1035,2.1270,4.1258,4.3215,4.3589,4.4628,5
2459369.677907,0.7252,1.9375,4.1258,4.3215,4.3589,4.4628,5
2459369.695277,6.5257,0.4143,4.1258,4.3215,4.3589,4.4628,5
2459369.712767,-3.2930,-1.5670,4.1258,4.3215,4.3589,4.4628,5
2459369.733027,0.3984,-0.1984,4.1258,4.3215,4.3589,4.4628,5
2459369.767397,-2.4316,-1.3251,4.1258,4.3215,4.3589,4.4628,5
2459369.785947,-0.4910,2.5038,4.1258,4.3215,4.3589,4.4628,5
2459369.803177,-2.4480,7.2005,4.1258,4.3215,4.3589,4.4628,5
2459369.820707,1.6059,-2.5122,4.1258,4.3215,4.3589,4.4628,5
2459369.840727,1.7764,-1.7365,4.1258,4.3215,4.3589,4.4628,5
2459369.869657,0.1964,2.3940,4.1258,4.3215,4.3589,4.4628,5
2459369.889537,-2.9608,0.9462,4.1258,4.3215,4.3589,4.4628,5
2459370.696537,-0.4231,-0.6929,4.1258,4.3215,4.3589,4.4628,5
2459370.717677,-1.6591,2.1478,4.1258,4.3215,4.3589,4.4628,5
2459370.750497,-1.3403,3.3106,4.1258,4.3215,4.3589,4.4628,5
2459370.771527,-7.9031,2.1440,4.1258,4.3215,4.3589,4.4628,5
2459370.788767,0.0657,-0.2943,4.1258,4.3215,4.3589,4.4628,5
2459370.805587,-6.3518,2.5722,4.1258,4.3215,4.3589,4.4628,5
2459370.824557,0.6541,3.5498,4.1258,4.3215,4.3589,4.4628,5
2459370.852277,-1.9973,-3.5518,4.1258,4.3215,4.3589,4.4628,5
2459370.870577,-3.2750,2.6663,4.1258,4.3215,4.3589,4.4628,5
2459370.887677,3.8239,-0.7670,4.1258,4.3215,4.3589,4.4628,5
2459370.904597,-4.8582,1.7386,4.1258,4.3215,4.3589,4.4628,5
2459371.599277,3.3225,1.0011,4.1258,4.3215,4.3589,4.4628,5
2459371.648417,2.0922,-1.1454,4.1258,4.3215,4.3589,4.4628,5
2459371.697157,-4.6294,2.2189,4.1258,4.3215,4.3589,4.4628,5
2459371.715947,-0.6440,5.6920,4.1258,4.3215,4.3589,4.4628,5
2459371.757577,0.9259,-3.4442,4.1258,4.3215,4.3589,4.4628,5
2459371.789497,-3.0764,-0.8651,4.1258,4.3215,4.3589,4.4628,5
2459371.809577,5.2451,3.5247,4.1258,4.3215,4.3589,4.4628,5
2459371.827797,3.4680,2.1014,4.1258,4.3215,4.3589,4.4628,5
2459371.844627,-1.8970,-1.8432,4.1258,4.3215,4.3589,4.4628,5
2459371.888177,4.2925,2.5002,4.1258,4.3215,4.3589,4.4628,5
2459371.901167,-2.7663,-4.3253,4.1258,4.3215,4.3589,4.4628,5
2459372.570777,1.2498,1.4634,4.1258,4.3215,4.3589,4.4628,5
2459372.588627,-4.5120,1.8135,4.1258,4.3215,4.3589,4.4628,5
2459372.608967,-4.3966,5.7830,4.1258,4.3215,4.3589,4.4628,5
2459372.626757,-2.1024,0.0351,4.1258,4.3215,4.3589,4.4628,5
2459372.647017,1.9771,-0.1243,4.1258,4.3215,4.3589,4.4628,5
2459372.676497,-3.2845,2.4375,4.1258,4.3215,4.3589,4.4628,5
2459372.699397,-3.2418,-0.3479,4.1258,4.3215,4.3589,4.4628,5
2459372.716827,-4.0443,7.0788,4.1258,4.3215,4.3589,4.4628,5
2459372.736187,4.9954,2.4676,4.1258,4.3215,4.3589,4.4628,5
2459372.755707,1.8357,-4.3345,4.1258,4.3215,4.3589,4.4628,5
2459372.772337,-0.5211,1.2895,4.1258,4.3215,4.3589,4.4628,5
2459372.799987,6.0391,-1.9664,4.1258,4.3215,4.3589,4.4628,5
2459372.816857,0.2996,2.1126,4.1258,4.3215,4.3589,4.4628,5
2459372.850137,-0.9585,-1.1499,4.1258,4.3215,4.3589,4.4628,5
2459372.867257,-1.6623,-4.6557,4.1258,4.3215,4.3589,4.4628,5
2459372.895717,-4.8464,1.3528,4.1258,4.3215,4.3589,4.4628,5
2459372.898407,-1.5440,2.1665,4.1258,4.3215,4.3589,4.4628,5
2459373.603677,1.1295,2.1052,4.1258,4.3215,4.3589,4.4628,5
2459373.668797,0.8799,-3.7904,4.1258,4.3215,4.3589,4.4628,5
2459373.688697,2.3711,2.7696,4.1258,4.3215,4.3589,4.4628,5
2459373.709527,-8.2039,-1.1885,4.1258,4.3215,4.3589,4.4628,5
2459373.726327,-0.1256,-2.7616,4.1258,4.3215,4.3589,4.4628,5
2459373.779227,0.3768,2.6721,4.1258,4.3215,4.3589,4.4628,5
2459373.796267,-5.7974,3.1747,4.1258,4.3215,4.3589,4.4628,5
2459373.814297,-5.2554,7.3724,4.1258,4.3215,4.3589,4.4628,5
2459373.832647,1.6606,1.9954,4.1258,4.3215,4.3589,4.4628,5
2459373.849617,5.6714,4.3645,4.1258,4.3215,4.3589,4.4628,5
2459374.628147,-4.0065,1.4928,4.1258,4.3215,4.3589,4.4628,5
2459374.658217,-6.2864,-2.4352,4.1258,4.3215,4.3589,4.4628,5
2459374.677637,-2.0189,-4.7916,4.1258,4.3215,4.3589,4.4628,5
2459374.697497,3.5519,-1.2367,4.1258,4.3215,4.3589,4.4628,5
2459374.714517,-1.4093,1.2491,4.1258,4.3215,4.3589,4.4628,5
2459374.732697,3.7504,-0.5192,4.1258,4.3215,4.3589,4.4628,5
2459374.766707,0.9867,-4.3331,4.1258,4.3215,4.3589,4.4628,5
2459374.819447,0.8343,1.8277,4.1258,4.3215,4.3589,4.4628,5
2459374.835887,-0.1153,6.1376,4.1258,4.3215,4.3589,4.4628,5
2459374.862997,3.0725,-5.7760,4.1258,4.3215,4.3589,4.4628,5
2459375.579737,2.1934,7.6335,4.1258,4.3215,4.3589,4.4628,5
2459375.688057,-5.1332,4.6826,4.1258,4.3215,4.3589,4.4628,5
2459375.712447,-0.1373,1.4425,4.1258,4.3215,4.3589,4.4628,5
2459375.763257,-1.0788,-3.8070,4.1258,4.3215,4.3589,4.4628,5
2459375.780027,0.5835,3.0232,4.1258,4.3215,4.3589,4.4628,5
2459375.800417,-0.0243,2.7564,4.1258,4.3215,4.3589,4.4628,5
2459375.815517,0.2778,-3.3764,4.1258,4.3215,4.3589,4.4628,5
2459375.832137,0.3284,-0.7578,4.1258,4.3215,4.3589,4.4628,5
2459375.888037,-0.9760,3.3797,4.1258,4.3215,4.3589,4.4628,5
2459376.600957,-7.7084,-2.0959,4.1258,4.3215,4.3589,4.4628,5
2459376.618587,3.3254,-4.0867,4.1258,4.3215,4.3589,4.4628,5
2459376.646287,-5.1353,7.4454,4.1258,4.3215,4.3589,4.4628,5
2459376.665297,-1.1706,-3.8544,4.1258,4.3215,4.3589,4.4628,5
2459376.682887,5.6643,5.3975,4.1258,4.3215,4.3589,4.4628,5
2459376.708737,0.8804,2.5747,4.1258,4.3215,4.3589,4.4628,5
2459376.727317,-4.1559,6.2050,4.1258,4.3215,4.3589,4.4628,5
2459376.744477,4.1704,7.3571,4.1258,4.3215,4.3589,4.4628,5
2459376.771507,2.0832,-2.7121,4.1258,4.3215,4.3589,4.4628,5
2459376.788917,0.9844,4.2617,4.1258,4.3215,4.3589,4.4628,5
2459376.822737,-1.1925,-0.1451,4.1258,4.3215,4.3589,4.4628,5
2459376.843627,3.7771,5.2826,4.1258,4.3215,4.3589,4.4628,5
2459376.871737,1.5651,-0.6782,4.1258,4.3215,4.3589,4.4628,5
2459376.887177,-2.2135,4.4668,4.1258,4.3215,4.3589,4.4628,5
2459377.573457,3.7609,-2.3504,4.1258,4.3215,4.3589,4.4628,5
2459377.591347,-5.2549,-0.8495,4.1258,4.3215,4.3589,4.4628,5
2459377.657007,0.5597,2.3129,4.1258,4.3215,4.3589,4.4628,5
2459377.676317,0.6711,-0.8795,4.1258,4.3215,4.3589,4.4628,5
2459377.698957,1.7585,4.2072,4.1258,4.3215,4.3589,4.4628,5
2459377.716077,3.1609,0.6234,4.1258,4.3215,4.3589,4.4628,5
2459377.743417,-3.2016,0.1441,4.1258,4.3215,4.3589,4.4628,5
2459377.771137,3.0187,-3.3880,4.1258,4.3215,4.3589,4.4628,5
2459377.788847,2.9820,-0.6420,4.1258,4.3215,4.3589,4.4628,5
2459377.821997,-4.1247,-1.6142,4.1258,4.3215,4.3589,4.4628,5
2459377.870487,-0.6754,1.4123,4.1258,4.3215,4.3589,4.4628,5
2459378.605407,-5.9933,3.2896,4.1258,4.3215,4.3589,4.4628,5
2459378.652437,-4.5668,5.2722,4.1258,4.3215,4.3589,4.4628,5
2459378.669637,-1.3978,-4.0716,4.1258,4.3215,4.3589,4.4628,5
2459378.687117,-3.4820,-2.5403,4.1258,4.3215,4.3589,4.4628,5
2459378.704217,5.2095,-3.7208,4.1258,4.3215,4.3589,4.4628,5
2459378.731667,2.1754,3.6532,4.1258,4.3215,4.3589,4.4628,5
2459378.748417,-1.0546,7.7630,4.1258,4.3215,4.3589,4.4628,5
2459378.765127,-1.1286,2.8411,4.1258,4.3215,4.3589,4.4628,5
2459378.781997,-2.3536,-3.8512,4.1258,4.3215,4.3589,4.4628,5
2459378.798947,-0.6882,3.7794,4.1258,4.3215,4.3589,4.4628,5
2459378.842877,-0.0551,-0.8764,4.1258,4.3215,4.3589,4.4628,5
2459378.859947,5.4214,-2.7710,4.1258,4.3215,4.3589,4.4628,5
2459378.876527,-4.0799,6.5725,4.1258,4.3215,4.3589,4.4628,5
2459379.607437,-8.1062,-1.3770,4.1258,4.3215,4.3589,4.4628,5
2459379.642707,-0.2416,6.0129,4.1258,4.3215,4.3589,4.4628,5
2459379.660347,-1.8076,-3.5861,4.1258,4.3215,4.3589,4.4628,5
2459379.677817,5.5841,-3.0246,4.1258,4.3215,4.3589,4.4628,5
2459379.725467,-1.1204,-2.0984,4.1258,4.3215,4.3589,4.4628,5
2459379.759537,3.3157,2.9909,4.1258,4.3215,4.3589,4.4628,5
2459379.776077,-3.6584,4.6442,4.1258,4.3215,4.3589,4.4628,5
2459379.803027,-1.6006,1.0474,4.1258,4.3215,4.3589,4.4628,5
2459379.821407,2.7453,-2.3812,4.1258,4.3215,4.3589,4.4628,5
2459379.839967,-5.2664,0.8558,4.1258,4.3215,4.3589,4.4628,5
2459379.858717,-2.8459,-4.7562,4.1258,4.3215,4.3589,4.4628,5
2459380.676867,5.5856,6.9022,4.1258,4.3215,4.3589,4.4628,5
2459380.704507,1.0216,-0.7610,4.1258,4.3215,4.3589,4.4628,5
2459380.739267,-3.1832,-4.0140,4.1258,4.3215,4.3589,4.4628,5
2459380.782737,-3.6424,5.2859,4.1258,4.3215,4.3589,4.4628,5
2459380.815857,4.3136,3.3857,4.1258,4.3215,4.3589,4.4628,5
2459381.826547,-0.9165,3.7901,4.1258,4.3215,4.3589,4.4628,5
2459382.693277,3.5641,-4.9447,4.1258,4.3215,4.3589,4.4628,5
2459382.720787,-7.1148,-0.6058,4.1258,4.3215,4.3589,4.4628,5
2459382.739977,-3.1124,3.0870,4.1258,4.3215,4.3589,4.4628,5
2459382.757077,0.8707,-6.1277,4.1258,4.3215,4.3589,4.4628,5
2459383.700767,-6.1591,-1.0100,4.1258,4.3215,4.3589,4.4628,5
2459383.717637,-6.5950,6.6634,4.1258,4.3215,4.3589,4.4628,5
2459383.763207,4.6273,-1.7420,4.1258,4.3215,4.3589,4.4628,5
2459383.823597,2.3808,5.6914,4.1258,4.3215,4.3589,4.4628,5
2459384.590077,-4.6785,-4.2505,4.1258,4.3215,4.3589,4.4628,5
2459384.611717,2.2564,-0.1275,4.1258,4.3215,4.3589,4.4628,5
2459384.629467,5.9458,3.5151,4.1258,4.3215,4.3589,4.4628,5
2459384.650037,1.9305,6.0676,4.1258,4.3215,4.3589,4.4628,5
2459384.681727,-3.2414,3.0573,4.1258,4.3215,4.3589,4.4628,5
2459384.708877,7.1553,4.9827,4.1258,4.3215,4.3589,4.4628,5
2459384.728787,-6.2062,1.6986,4.1258,4.3215,4.3589,4.4628,5
2459384.763237,4.9311,2.6584,4.1258,4.3215,4.3589,4.4628,5
2459384.808837,-6.7662,-2.1386,4.1258,4.3215,4.3589,4.4628,5
2459384.825397,2.9705,-6.7920,4.1258,4.3215,4.3589,4.4628,5
2459384.844497,-6.9204,-0.1580,4.1258,4.3215,4.3589,4.4628,5
2459384.861537,6.1321,6.1877,4.1258,4.3215,4.3589,4.4628,5
2459384.863597,2.1965,-7.7198,4.1258,4.3215,4.3589,4.4628,5
2459385.598897,-5.8553,-1.2110,4.1258,4.3215,4.3589,4.4628,5
2459385.638367,3.3926,-5.6414,4.1258,4.3215,4.3589,4.4628,5
2459385.683087,4.4060,3.4072,4.1258,4.3215,4.3589,4.4628,5
2459385.700267,5.8885,-2.9062,4.1258,4.3215,4.3589,4.4628,5
2459385.734267,6.6680,0.8181,4.1258,4.3215,4.3589,4.4628,5
2459385.818077,3.2795,-3.7258,4.1258,4.3215,4.3589,4.4628,5
2459386.578477,-0.6550,2.8527,4.1258,4.3215,4.3589,4.4628,5
2459386.596097,-3.2347,-3.9528,4.1258,4.3215,4.3589,4.4628,5
2459386.613447,-8.5977,-2.4528,4.1258,4.3215,4.3589,4.4628,5
2459386.664047,-8.6011,-2.0445,4.1258,4.3215,4.3589,4.4628,5
2459386.681427,2.0366,-3.4796,4.1258,4.3215,4.3589,4.4628,5
2459386.715387,4.9039,0.7147,4.1258,4.3215,4.3589,4.4628,5
2459386.742547,-2.6728,0.0387,4.1258,4.3215,4.3589,4.4628,5
2459386.759097,-1.7108,8.6250,4.1258,4.3215,4.3589,4.4628,5
2459386.776347,2.2497,-0.4333,4.1258,4.3215,4.3589,4.4628,5
2459386.855777,-5.9359,8.9075,4.1258,4.3215,4.3589,4.4628,5
2459386.859817,5.2950,3.2341,4.1258,4.3215,4.3589,4.4628,5
2459387.559327,-5.7750,-4.2883,4.1258,4.3215,4.3589,4.4628,5
2459387.639527,1.7311,-0.0925,4.1258,4.3215,4.3589,4.4628,5
2459387.656757,-1.5545,2.3794,4.1258,4.3215,4.3589,4.4628,5
2459387.676507,-3.4667,1.8908,4.1258,4.3215,4.3589,4.4628,5
2459387.728567,-2.1572,-6.5699,4.1258,4.3215,4.3589,4.4628,5
2459387.748887,-1.4795,-2.1288,4.1258,4.3215,4.3589,4.4628,5
2459387.765757,-2.3004,4.7785,4.1258,4.3215,4.3589,4.4628,5
2459387.782667,-6.9286,4.2032,4.1258,4.3215,4.3589,4.4628,5
2459387.830167,-2.4047,3.9515,4.1258,4.3215,4.3589,4.4628,5
2459387.847097,-2.3932,-4.2801,4.1258,4.3215,4.3589,4.4628,5
2459387.855877,-4.5056,7.1364,4.1258,4.3215,4.3589,4.4628,5
2459393.532847,-6.4810,-6.4121,4.1258,4.3215,4.3589,4.4628,5
2459393.550277,-2.9035,9.2422,4.1258,4.3215,4.3589,4.4628,5
2459393.554727,1.1607,0.3810,4.1258,4.3215,4.3589,4.4628,5
2459393.569367,-1.6570,-3.5049,4.1258,4.3215,4.3589,4.4628,5
2459393.586787,3.8519,2.0095,4.1258,4.3215,4.3589,4.4628,5
2459393.604247,0.5822,4.4944,4.1258,4.3215,4.3589,4.4628,5
2459393.631967,-1.6765,6.7452,4.1258,4.3215,4.3589,4.4628,5
2459393.666797,0.4602,0.2304,4.1258,4.3215,4.3589,4.4628,5
2459393.685377,4.5489,4.1941,4.1258,4.3215,4.3589,4.4628,5
2459393.704117,2.9564,8.7274,4.1258,4.3215,4.3589,4.4628,5
2459393.752547,1.8049,8.6024,4.1258,4.3215,4.3589,4.4628,5
2459393.768017,-6.3397,3.3513,4.1258,4.3215,4.3589,4.4628,5
2459393.784747,-1.4531,-7.6289,4.1258,4.3215,4.3589,4.4628,5
2459393.801857,-1.3344,5.2685,4.1258,4.3215,4.3589,4.4628,5
2459393.818497,-1.8915,-7.1328,4.1258,4.3215,4.3589,4.4628,5
2459394.515357,-3.9389,-1.7621,4.1258,4.3215,4.3589,4.4628,5
2459394.556737,5.4675,-6.7013,4.1258,4.3215,4.3589,4.4628,5
2459394.574237,1.7922,-4.3264,4.1258,4.3215,4.3589,4.4628,5
2459394.602467,-6.8160,3.0491,4.1258,4.3215,4.3589,4.4628,5
2459394.624067,0.5055,0.3288,4.1258,4.3215,4.3589,4.4628,5
2459394.643017,0.2166,1.6927,4.1258,4.3215,4.3589,4.4628,5
2459394.663647,1.2855,0.0726,4.1258,4.3215,4.3589,4.4628,5
2459394.687087,-1.6577,-0.7929,4.1258,4.3215,4.3589,4.4628,5
2459394.714697,6.3138,5.6875,4.1258,4.3215,4.3589,4.4628,5
2459394.735307,3.5444,3.2968,4.1258,4.3215,4.3589,4.4628,5
2459394.758137,-1.6822,-0.4766,4.1258,4.3215,4.3589,4.4628,5
2459394.775007,-6.0295,-1.2016,4.1258,4.3215,4.3589,4.4628,5
2459394.791847,-9.3876,8.6815,4.1258,4.3215,4.3589,4.4628,5
2459395.561697,6.4979,-3.2271,4.1258,4.3215,4.3589,4.4628,5
2459395.589687,-3.2871,-0.1935,4.1258,4.3215,4.3589,4.4628,5
2459395.632517,-0.4816,1.7827,4.1258,4.3215,4.3589,4.4628,5
2459395.646777,-1.1068,-5.5194,4.1258,4.3215,4.3589,4.4628,5
2459395.667057,1.3652,8.4954,4.1258,4.3215,4.3589,4.4628,5
2459395.730017,-5.6932,-5.3898,4.1258,4.3215,4.3589,4.4628,5
2459396.612977,1.0967,0.4449,4.1258,4.3215,4.3589,4.4628,5
2459396.633737,-1.9616,-4.5529,4.1258,4.3215,4.3589,4.4628,5
2459396.663907,-3.1476,3.5339,4.1258,4.3215,4.3589,4.4628,5
2459396.684727,-2.4751,0.6682,4.1258,4.3215,4.3589,4.4628,5
2459396.701497,-0.5067,2.5098,4.1258,4.3215,4.3589,4.4628,5
2459396.719657,6.6976,5.3805,4.1258,4.3215,4.3589,4.4628,5
2459396.736927,1.2154,2.9577,4.1258,4.3215,4.3589,4.4628,5
2459396.767347,-0.7630,1.7981,4.1258,4.3215,4.3589,4.4628,5
2459396.805847,-4.5593,-2.2616,4.1258,4.3215,4.3589,4.4628,5
2459396.832647,-0.6987,-2.1272,4.1258,4.3215,4.3589,4.4628,5
2459397.562987,-3.0679,2.1355,4.1258,4.3215,4.3589,4.4628,5
2459397.580777,3.0260,-2.1267,4.1258,4.3215,4.3589,4.4628,5
2459397.609347,4.0306,-5.5508,4.1258,4.3215,4.3589,4.4628,5
2459397.626937,-7.5395,4.4073,4.1258,4.3215,4.3589,4.4628,5
2459397.676337,2.1563,-2.7327,4.1258,4.3215,4.3589,4.4628,5
2459397.693677,2.1327,-1.8621,4.1258,4.3215,4.3589,4.4628,5
2459397.712067,1.3082,3.3172,4.1258,4.3215,4.3589,4.4628,5
2459397.729277,2.2366,2.9167,4.1258,4.3215,4.3589,4.4628,5
2459397.774677,3.3160,4.4996,4.1258,4.3215,4.3589,4.4628,5
2459397.791317,2.9102,8.1473,4.1258,4.3215,4.3589,4.4628,5
2459397.794207,-7.0766,0.9529,4.1258,4.3215,4.3589,4.4628,5
2459397.828257,6.2616,-0.9895,4.1258,4.3215,4.3589,4.4628,5
2459398.635477,-2.8807,-7.6062,4.1258,4.3215,4.3589,4.4628,5
2459398.767637,0.0594,0.2814,4.1258,4.3215,4.3589,4.4628,5
2459399.652577,3.1769,-5.8648,4.1258,4.3215,4.3589,4.4628,5
2459399.676117,-1.0011,6.4299,4.1258,4.3215,4.3589,4.4628,5
2459399.695907,2.8433,0.0663,4.1258,4.3215,4.3589,4.4628,5
2459399.722857,-0.0351,-2.6559,4.1258,4.3215,4.3589,4.4628,5
2459400.595947,-6.8033,2.5165,4.1258,4.3215,4.3589,4.4628,5
2459400.615737,2.9164,-6.6283,4.1258,4.3215,4.3589,4.4628,5
2459400.656497,-3.6118,-2.9808,4.1258,4.3215,4.3589,4.4628,5
2459400.773077,1.5513,1.8018,4.1258,4.3215,4.3589,4.4628,5
2459401.602307,-1.7952,-5.7098,4.1258,4.3215,4.3589,4.4628,5
2459401.619617,-0.5915,0.5701,4.1258,4.3215,4.3589,4.4628,5
2459401.638717,-1.7687,-1.7171,4.1258,4.3215,4.3589,4.4628,5
2459401.668367,1.9936,8.7503,4.1258,4.3215,4.3589,4.4628,5
2459401.685837,-1.8386,-0.6595,4.1258,4.3215,4.3589,4.4628,5
2459401.702747,-1.7081,3.2315,4.1258,4.3215,4.3589,4.4628,5
2459401.721037,-1.2247,3.5289,4.1258,4.3215,4.3589,4.4628,5
2459401.738267,6.1897,1.4275,4.1258,4.3215,4.3589,4.4628,5
2459401.815857,4.0195,7.4774,4.1258,4.3215,4.3589,4.4628,5
2459402.692897,-0.1890,5.6490,4.1258,4.3215,4.3589,4.4628,5
2459402.709947,0.3834,4.0321,4.1258,4.3215,4.3589,4.4628,5
2459402.785467,-3.5884,6.0397,4.1258,4.3215,4.3589,4.4628,5
2459402.801907,-5.8717,-0.9321,4.1258,4.3215,4.3589,4.4628,5
2459403.498427,4.0903,-2.2433,4.1258,4.3215,4.3589,4.4628,5
2459403.517927,1.8509,-4.9049,4.1258,4.3215,4.3589,4.4628,5
2459403.535497,5.8021,-0.8204,4.1258,4.3215,4.3589,4.4628,5
2459403.565657,0.4084,0.7477,4.1258,4.3215,4.3589,4.4628,5
2459403.583027,-7.0178,2.5273,4.1258,4.3215,4.3589,4.4628,5
2459403.600677,-6.7183,2.4464,4.1258,4.3215,4.3589,4.4628,5
2459403.628317,3.1548,6.2861,4.1258,4.3215,4.3589,4.4628,5
2459403.645797,2.9595,-1.3803,4.1258,4.3215,4.3589,4.4628,5
2459403.662777,0.8958,-1.9835,4.1258,4.3215,4.3589,4.4628,5
2459403.684067,-3.8581,3.1382,4.1258,4.3215,4.3589,4.4628,5
2459403.700797,-0.4460,2.4495,4.1258,4.3215,4.3589,4.4628,5
2459403.732227,-5.2810,3.2496,4.1258,4.3215,4.3589,4.4628,5
2459403.765397,-0.3849,5.8072,4.1258,4.3215,4.3589,4.4628,5
2459403.782527,-5.3054,-4.1236,4.1258,4.3215,4.3589,4.4628,5
2459403.798957,-3.0087,-2.7736,4.1258,4.3215,4.3589,4.4628,5
2459404.502437,-7.7341,-1.9807,4.1258,4.3215,4.3589,4.4628,5
2459404.520077,2.1448,-0.9829,4.1258,4.3215,4.3589,4.4628,5
2459404.540527,-2.7445,1.1411,4.1258,4.3215,4.3589,4.4628,5
2459404.561177,-2.9901,8.0473,4.1258,4.3215,4.3589,4.4628,5
2459404.592137,0.9221,-0.3147,4.1258,4.3215,4.3589,4.4628,5
2459404.619787,-3.3704,1.5486,4.1258,4.3215,4.3589,4.4628,5
2459404.637007,2.5709,-2.9157,4.1258,4.3215,4.3589,4.4628,5
2459404.653987,-0.9186,-2.3420,4.1258,4.3215,4.3589,4.4628,5
2459404.688577,1.9221,3.5499,4.1258,4.3215,4.3589,4.4628,5
2459404.716247,0.5176,2.2988,4.1258,4.3215,4.3589,4.4628,5
2459404.732797,-0.2339,-2.2170,4.1258,4.3215,4.3589,4.4628,5
2459404.749447,-1.9517,8.2750,4.1258,4.3215,4.3589,4.4628,5
2459404.771287,2.8961,-1.8959,4.1258,4.3215,4.3589,4.4628,5
2459404.788267,0.9176,4.5126,4.1258,4.3215,4.3589,4.4628,5
2459404.810787,-6.5499,-0.2754,4.1258,4.3215,4.3589,4.4628,5
2459405.545197,2.5136,-3.4789,4.1258,4.3215,4.3589,4.4628,5
2459405.565447,-1.9683,-0.9805,4.1258,4.3215,4.3589,4.4628,5
2459405.593657,-2.1865,-1.6834,4.1258,4.3215,4.3589,4.4628,5
2459405.610667,4.8534,0.5557,4.1258,4.3215,4.3589,4.4628,5
2459405.645097,-3.9132,1.6300,4.1258,4.3215,4.3589,4.4628,5
2459405.683087,1.6800,-1.2019,4.1258,4.3215,4.3589,4.4628,5
2459405.721387,2.1684,5.6606,4.1258,4.3215,4.3589,4.4628,5
2459405.737947,4.6909,-3.2697,4.1258,4.3215,4.3589,4.4628,5
2459405.754557,7.1308,5.1963,4.1258,4.3215,4.3589,4.4628,5
2459405.771097,4.9519,6.0187,4.1258,4.3215,4.3589,4.4628,5
2459405.807517,0.2816,-4.9073,4.1258,4.3215,4.3589,4.4628,5
2459406.555297,-3.3476,4.2330,4.1258,4.3215,4.3589,4.4628,5
2459406.600897,-1.4806,2.0718,4.1258,4.3215,4.3589,4.4628,5
2459406.671397,1.5803,-2.9397,4.1258,4.3215,4.3589,4.4628,5
2459406.720357,-2.0350,0.2702,4.1258,4.3215,4.3589,4.4628,5
2459406.738977,-3.9240,6.3508,4.1258,4.3215,4.3589,4.4628,5
2459406.776917,-1.5994,-0.6099,4.1258,4.3215,4.3589,4.4628,5
2459406.793767,-4.9644,-0.2591,4.1258,4.3215,4.3589,4.4628,5
2459408.523027,-5.7957,1.2557,4.1258,4.3215,4.3589,4.4628,5
2459408.540517,-1.8664,7.7874,4.1258,4.3215,4.3589,4.4628,5
2459408.604517,2.0031,2.1067,4.1258,4.3215,4.3589,4.4628,5
2459408.624487,-0.4868,-3.6965,4.1258,4.3215,4.3589,4.4628,5
2459408.723097,-0.0109,7.2568,4.1258,4.3215,4.3589,4.4628,5
2459408.744167,2.7833,5.9803,4.1258,4.3215,4.3589,4.4628,5
2459409.542657,0.4590,-1.1543,4.1258,4.3215,4.3589,4.4628,5
2459409.596857,1.1708,1.9785,4.1258,4.3215,4.3589,4.4628,5
2459409.637477,-0.7743,-0.9008,4.1258,4.3215,4.3589,4.4628,5
2459409.654317,3.6281,0.5493,4.1258,4.3215,4.3589,4.4628,5
2459409.743837,-5.5738,5.9889,4.1258,4.3215,4.3589,4.4628,5
2459409.796327,3.7357,-0.3172,4.1258,4.3215,4.3589,4.4628,5
2459410.514947,1.3247,-0.8997,4.1258,4.3215,4.3589,4.4628,5
2459410.542027,-4.6846,7.9409,4.1258,4.3215,4.3589,4.4628,5
2459410.559637,-1.5124,0.7419,4.1258,4.3215,4.3589,4.4628,5
2459410.577007,-6.7828,-1.9719,4.1258,4.3215,4.3589,4.4628,5
2459410.604937,0.2066,2.4753,4.1258,4.3215,4.3589,4.4628,5
2459410.622217,1.2048,-4.8319,4.1258,4.3215,4.3589,4.4628,5
2459410.638817,-0.3543,1.6831,4.1258,4.3215,4.3589,4.4628,5
2459410.656217,-5.4644,-2.3342,4.1258,4.3215,4.3589,4.4628,5
2459410.672757,3.6410,3.5416,4.1258,4.3215,4.3589,4.4628,5
2459410.728147,4.9042,1.6721,4.1258,4.3215,4.3589,4.4628,5
2459410.745237,1.7009,-2.9824,4.1258,4.3215,4.3589,4.4628,5
2459410.778997,2.0525,-4.5270,4.1258,4.3215,4.3589,4.4628,5
2459410.792927,3.5407,5.6987,4.1258,4.3215,4.3589,4.4628,5
2459411.488787,-4.6132,2.5387,4.1258,4.3215,4.3589,4.4628,5
2459411.519907,-3.9655,0.1133,4.1258,4.3215,4.3589,4.4628,5
2459411.537297,-2.2036,4.8608,4.1258,4.3215,4.3589,4.4628,5
2459411.554457,2.0617,1.6692,4.1258,4.3215,4.3589,4.4628,5
2459411.576237,-2.1632,-1.5870,4.1258,4.3215,4.3589,4.4628,5
2459411.593587,-2.5591,5.7618,4.1258,4.3215,4.3589,4.4628,5
2459411.621067,4.0065,3.9114,4.1258,4.3215,4.3589,4.4628,5
2459411.642447,-4.1433,3.5143,4.1258,4.3215,4.3589,4.4628,5
2459411.659707,0.9601,1.2055,4.1258,4.3215,4.3589,4.4628,5
2459411.678607,-1.6411,3.4508,4.1258,4.3215,4.3589,4.4628,5
2459411.725037,-2.6041,3.2187,4.1258,4.3215,4.3589,4.4628,5
2459411.742447,1.7445,6.2800,4.1258,4.3215,4.3589,4.4628,5
2459411.762897,5.9671,-4.2839,4.1258,4.3215,4.3589,4.4628,5
2459411.791727,-4.3464,-0.6037,4.1258,4.3215,4.3589,4.4628,5
2459412.555937,6.7875,2.4479,4.1258,4.3215,4.3589,4.4628,5
2459412.572697,2.2362,0.0449,4.1258,4.3215,4.3589,4.4628,5
2459412.589817,3.3997,0.6379,4.1258,4.3215,4.3589,4.4628,5
2459412.624517,2.6980,1.2843,4.1258,4.3215,4.3589,4.4628,5
2459412.653477,-0.9767,2.3142,4.1258,4.3215,4.3589,4.4628,5
2459412.670407,0.8144,-4.2734,4.1258,4.3215,4.3589,4.4628,5
2459412.704617,1.9112,1.1905,4.1258,4.3215,4.3589,4.4628,5
2459412.748627,-6.0451,-1.9897,4.1258,4.3215,4.3589,4.4628,5
2459412.769037,4.9525,1.3942,4.1258,4.3215,4.3589,4.4628,5
2459413.546477,6.3839,0.4117,4.1258,4.3215,4.3589,4.4628,5
2459413.563937,-6.6813,1.3146,4.1258,4.3215,4.3589,4.4628,5
2459413.587877,-4.6666,-2.7534,4.1258,4.3215,4.3589,4.4628,5
2459413.605237,-0.4350,6.9788,4.1258,4.3215,4.3589,4.4628,5
2459413.671707,-5.4040,1.1350,4.1258,4.3215,4.3589,4.4628,5
2459413.688077,-2.5770,7.7292,4.1258,4.3215,4.3589,4.4628,5
2459413.705027,-1.0734,-6.3135,4.1258,4.3215,4.3589,4.4628,5
2459413.721817,-0.8061,7.8990,4.1258,4.3215,4.3589,4.4628,5
2459414.488057,5.2281,5.3330,4.1258,4.3215,4.3589,4.4628,5
2459414.536537,-2.5891,4.2750,4.1258,4.3215,4.3589,4.4628,5
2459414.555907,3.3446,-1.3915,4.1258,4.3215,4.3589,4.4628,5
2459414.592767,0.9465,4.7355,4.1258,4.3215,4.3589,4.4628,5
2459414.609867,3.7256,0.7329,4.1258,4.3215,4.3589,4.4628,5
2459414.643817,-1.6136,-0.4057,4.1258,4.3215,4.3589,4.4628,5
2459414.661197,4.3629,1.3507,4.1258,4.3215,4.3589,4.4628,5
2459414.679937,0.0295,-0.9875,4.1258,4.3215,4.3589,4.4628,5
2459414.714117,-2.8635,1.5606,4.1258,4.3215,4.3589,4.4628,5
2459414.733107,0.6861,-1.5892,4.1258,4.3215,4.3589,4.4628,5
2459414.782167,-2.7321,7.7958,4.1258,4.3215,4.3589,4.4628,5
2459415.690347,1.3664,-1.8959,4.1258,4.3215,4.3589,4.4628,5
2459415.701617,-3.6867,-3.5268,4.1258,4.3215,4.3589,4.4628,5
2459415.734577,-4.4030,3.1205,4.1258,4.3215,4.3589,4.4628,5
2459415.761357,-1.3364,-1.0881,4.1258,4.3215,4.3589,4.4628,5
2459415.778377,0.9433,-1.2448,4.1258,4.3215,4.3589,4.4628,5
2459416.573157,-1.7744,-0.6222,4.1258,4.3215,4.3589,4.4628,5
2459418.667127,-0.9822,-5.9189,4.1258,4.3215,4.3589,4.4628,5
2459419.475767,-7.4378,-6.3118,4.1258,4.3215,4.3589,4.4628,5
2459419.529127,2.8238,-0.5876,4.1258,4.3215,4.3589,4.4628,5
2459419.577617,5.7035,3.6980,4.1258,4.3215,4.3589,4.4628,5
2459419.611477,1.8761,1.2656,4.1258,4.3215,4.3589,4.4628,5
2459419.629037,2.9517,6.5842,4.1258,4.3215,4.3589,4.4628,5
2459419.646577,1.1974,-4.6890,4.1258,4.3215,4.3589,4.4628,5
2459419.691737,2.1799,-4.5720,4.1258,4.3215,4.3589,4.4628,5
2459419.728007,-6.2558,7.0409,4.1258,4.3215,4.3589,4.4628,5
2459420.567407,-5.4257,-6.0957,4.1258,4.3215,4.3589,4.4628,5
2459420.637467,7.3010,3.8070,4.1258,4.3215,4.3589,4.4628,5
2459420.739067,-1.4917,3.8800,4.1258,4.3215,4.3589,4.4628,5
2459421.570067,-2.9577,8.6371,4.1258,4.3215,4.3589,4.4628,5
2459421.604717,2.8281,-2.1928,4.1258,4.3215,4.3589,4.4628,5
2459421.621347,-1.7581,-0.7869,4.1258,4.3215,4.3589,4.4628,5
2459421.651817,2.0517,8.2708,4.1258,4.3215,4.3589,4.4628,5
2459421.668937,-0.3540,0.2423,4.1258,4.3215,4.3589,4.4628,5
2459422.557247,-6.9467,5.0269,4.1258,4.3215,4.3589,4.4628,5
2459422.599097,0.0459,1.0855,4.1258,4.3215,4.3589,4.4628,5
2459422.616527,-3.3833,8.1975,4.1258,4.3215,4.3589,4.4628,5
2459422.716747,1.6244,4.3588,4.1258,4.3215,4.3589,4.4628,5
2459423.504927,3.4358,-0.7917,4.1258,4.3215,4.3589,4.4628,5
2459423.588947,1.1867,-6.5465,4.1258,4.3215,4.3589,4.4628,5
2459423.610347,-2.4737,5.1361,4.1258,4.3215,4.3589,4.4628,5
2459423.627437,-0.4337,4.0699,4.1258,4.3215,4.3589,4.4628,5
2459423.644127,0.5282,3.1148,4.1258,4.3215,4.3589,4.4628,5
2459423.665307,0.2627,4.0303,4.1258,4.3215,4.3589,4.4628,5
2459423.692117,4.0142,2.5833,4.1258,4.3215,4.3589,4.4628,5
2459423.709927,-5.2476,2.5693,4.1258,4.3215,4.3589,4.4628,5
2459424.530357,-3.3238,-2.1988,4.1258,4.3215,4.3589,4.4628,5
2459424.564977,-5.4370,-0.1974,4.1258,4.3215,4.3589,4.4628,5
2459424.599147,-0.1012,7.6052,4.1258,4.3215,4.3589,4.4628,5
2459424.626387,3.4992,6.7546,4.1258,4.3215,4.3589,4.4628,5
2459424.646677,-0.6815,1.8612,4.1258,4.3215,4.3589,4.4628,5
2459424.663607,-5.8593,0.6022,4.1258,4.3215,4.3589,4.4628,5
2459424.684497,2.3236,-0.9894,4.1258,4.3215,4.3589,4.4628,5
2459424.732777,3.5383,4.5413,4.1258,4.3215,4.3589,4.4628,5
2459424.749257,0.9109,-4.9671,4.1258,4.3215,4.3589,4.4628,5
2459425.497007,-0.7683,3.5620,4.1258,4.3215,4.3589,4.4628,5
2459425.516967,4.7597,1.0390,4.1258,4.3215,4.3589,4.4628,5
2459425.545047,3.2266,-0.0665,4.1258,4.3215,4.3589,4.4628,5
2459425.566177,-2.8227,2.7557,4.1258,4.3215,4.3589,4.4628,5
2459425.583547,-2.7504,2.7562,4.1258,4.3215,4.3589,4.4628,5
2459425.666117,-3.5595,1.4700,4.1258,4.3215,4.3589,4.4628,5
2459425.683317,3.5821,-3.0374,4.1258,4.3215,4.3589,4.4628,5
2459425.702637,3.6167,-2.8421,4.1258,4.3215,4.3589,4.4628,5
2459425.722377,2.6780,-2.2852,4.1258,4.3215,4.3589,4.4628,5
2459425.738967,6.8859,1.7144,4.1258,4.3215,4.3589,4.4628,5
2459426.471847,-1.6688,1.8974,4.1258,4.3215,4.3589,4.4628,5
2459426.489387,-3.7493,-1.3097,4.1258,4.3215,4.3589,4.4628,5
2459426.540397,0.7430,1.8867,4.1258,4.3215,4.3589,4.4628,5
2459426.587357,-1.2441,-0.5951,4.1258,4.3215,4.3589,4.4628,5
2459426.604297,1.1001,-2.3423,4.1258,4.3215,4.3589,4.4628,5
2459426.621807,3.8112,4.2997,4.1258,4.3215,4.3589,4.4628,5
2459426.639197,3.8399,2.4906,4.1258,4.3215,4.3589,4.4628,5
2459426.671087,0.5072,4.7721,4.1258,4.3215,4.3589,4.4628,5
2459426.705097,-0.5426,0.8758,4.1258,4.3215,4.3589,4.4628,5
2459426.739337,3.6743,0.3562,4.1258,4.3215,4.3589,4.4628,5
2459427.478437,-5.3187,-2.0301,4.1258,4.3215,4.3589,4.4628,5
2459427.526937,-6.8827,-1.0728,4.1258,4.3215,4.3589,4.4628,5
2459427.544037,-2.8247,-3.1847,4.1258,4.3215,4.3589,4.4628,5
2459427.561517,-5.0154,-2.5121,4.1258,4.3215,4.3589,4.4628,5
2459427.608867,-0.2798,2.2210,4.1258,4.3215,4.3589,4.4628,5
2459427.625687,-1.4124,0.1175,4.1258,4.3215,4.3589,4.4628,5
2459427.659437,0.2976,1.8650,4.1258,4.3215,4.3589,4.4628,5
2459427.675987,-3.5217,8.2457,4.1258,4.3215,4.3589,4.4628,5
2459427.703467,0.4481,0.8583,4.1258,4.3215,4.3589,4.4628,5
2459427.724227,7.2244,-2.4159,4.1258,4.3215,4.3589,4.4628,5
2459427.740637,4.0018,-6.6065,4.1258,4.3215,4.3589,4.4628,5
2459428.488227,2.8879,2.3680,4.1258,4.3215,4.3589,4.4628,5
2459428.533547,1.0879,6.1135,4.1258,4.3215,4.3589,4.4628,5
2459428.550777,2.9887,-0.9002,4.1258,4.3215,4.3589,4.4628,5
2459428.585097,0.0071,-3.2261,4.1258,4.3215,4.3589,4.4628,5
2459428.603537,-1.2483,1.4575,4.1258,4.3215,4.3589,4.4628,5
2459428.649267,0.3924,1.0437,4.1258,4.3215,4.3589,4.4628,5
2459428.665827,-0.9588,-2.9229,4.1258,4.3215,4.3589,4.4628,5
2459428.668647,-1.0179,-5.8568,4.1258,4.3215,4.3589,4.4628,5
2459428.685697,2.7288,4.4732,4.1258,4.3215,4.3589,4.4628,5
2459429.471077,-2.8968,-2.4192,4.1258,4.3215,4.3589,4.4628,5
2459429.489867,5.4429,4.5760,4.1258,4.3215,4.3589,4.4628,5
2459429.509527,-1.1792,-1.7783,4.1258,4.3215,4.3589,4.4628,5
2459429.533737,2.1060,4.8230,4.1258,4.3215,4.3589,4.4628,5
2459429.562567,1.0163,-0.1186,4.1258,4.3215,4.3589,4.4628,5
2459429.599817,3.7696,5.9738,4.1258,4.3215,4.3589,4.4628,5
2459429.617067,0.1856,0.5443,4.1258,4.3215,4.3589,4.4628,5
2459429.633957,-1.9806,5.0937,4.1258,4.3215,4.3589,4.4628,5
2459429.636757,-2.1579,5.9566,4.1258,4.3215,4.3589,4.4628,5
2459429.663667,3.6133,1.9782,4.1258,4.3215,4.3589,4.4628,5
2459429.680137,-0.4025,-2.1571,4.1258,4.3215,4.3589,4.4628,5
2459429.716477,4.1724,-2.6849,4.1258,4.3215,4.3589,4.4628,5
2459429.735237,6.6487,-2.5030,4.1258,4.3215,4.3589,4.4628,5
2459430.511307,-1.0367,3.2621,4.1258,4.3215,4.3589,4.4628,5
2459430.529327,3.4088,-0.5790,4.1258,4.3215,4.3589,4.4628,5
2459430.546577,-1.5225,-0.7383,4.1258,4.3215,4.3589,4.4628,5
2459430.592907,-0.7097,-4.9990,4.1258,4.3215,4.3589,4.4628,5
2459430.627707,7.2283,6.5264,4.1258,4.3215,4.3589,4.4628,5
2459430.644917,2.0354,7.2003,4.1258,4.3215,4.3589,4.4628,5
2459430.695427,-4.5985,-6.0848,4.1258,4.3215,4.3589,4.4628,5
2459431.481097,0.4737,-5.7102,4.1258,4.3215,4.3589,4.4628,5
2459431.502587,-3.3295,-3.6234,4.1258,4.3215,4.3589,4.4628,5
2459431.531087,1.5560,-1.0529,4.1258,4.3215,4.3589,4.4628,5
2459431.558517,-1.4262,4.9051,4.1258,4.3215,4.3589,4.4628,5
2459431.574947,-1.6117,0.7303,4.1258,4.3215,4.3589,4.4628,5
2459431.598827,3.4079,1.1003,4.1258,4.3215,4.3589,4.4628,5
2459431.635087,-2.5975,-1.1491,4.1258,4.3215,4.3589,4.4628,5
2459431.681497,0.4341,1.1207,4.1258,4.3215,4.3589,4.4628,5
2459431.698287,2.3043,-5.1979,4.1258,4.3215,4.3589,4.4628,5
2459432.506217,-3.3767,-2.4573,4.1258,4.3215,4.3589,4.4628,5
2459432.541197,1.2033,-2.9286,4.1258,4.3215,4.3589,4.4628,5
2459432.559817,-1.0604,3.5638,4.1258,4.3215,4.3589,4.4628,5
2459432.587647,1.1865,2.5128,4.1258,4.3215,4.3589,4.4628,5
2459432.604347,-6.1679,1.1225,4.1258,4.3215,4.3589,4.4628,5
2459432.607207,-2.3108,6.8398,4.1258,4.3215,4.3589,4.4628,5
2459432.624217,-1.6659,4.7982,4.1258,4.3215,4.3589,4.4628,5
2459432.641217,-1.3526,2.5149,4.1258,4.3215,4.3589,4.4628,5
2459432.660897,3.0883,2.2650,4.1258,4.3215,4.3589,4.4628,5
2459432.709827,-0.9014,1.0447,4.1258,4.3215,4.3589,4.4628,5
2459433.568617,5.8733,-0.2487,4.1258,4.3215,4.3589,4.4628,5
2459433.630777,-0.1824,0.9807,4.1258,4.3215,4.3589,4.4628,5
2459433.647587,-4.1281,5.6260,4.1258,4.3215,4.3589,4.4628,5
2459434.475617,3.4832,-2.0199,4.1258,4.3215,4.3589,4.4628,5
2459434.493037,-4.0411,8.3132,4.1258,4.3215,4.3589,4.4628,5
2459436.526537,-0.7482,4.4835,4.1258,4.3215,4.3589,4.4628,5
2459436.543677,-1.5191,-5.4104,4.1258,4.3215,4.3589,4.4628,5
2459436.562127,-3.5473,1.6826,4.1258,4.3215,4.3589,4.4628,5
2459436.579067,-2.3887,-3.3594,4.1258,4.3215,4.3589,4.4628,5
2459436.610207,-2.3547,3.9596,4.1258,4.3215,4.3589,4.4628,5
2459436.627097,-1.2094,1.6865,4.1258,4.3215,4.3589,4.4628,5
2459436.643907,4.0159,3.7657,4.1258,4.3215,4.3589,4.4628,5
2459436.660637,6.5180,0.8673,4.1258,4.3215,4.3589,4.4628,5
2459436.678467,5.7950,-2.0043,4.1258,4.3215,4.3589,4.4628,5
2459436.705637,-3.9084,1.3536,4.1258,4.3215,4.3589,4.4628,5
2459436.722907,-5.5613,-0.9986,4.1258,4.3215,4.3589,4.4628,5
2459439.513067,-3.8082,7.6512,4.1258,4.3215,4.3589,4.4628,5
2459439.530257,4.7972,1.4015,4.1258,4.3215,4.3589,4.4628,5
2459439.558977,-4.3099,1.8765,4.1258,4.3215,4.3589,4.4628,5
2459439.575897,-6.5775,0.1418,4.1258,4.3215,4.3589,4.4628,5
2459439.653877,-1.4330,3.6766,4.1258,4.3215,4.3589,4.4628,5
2459440.513697,3.2738,-0.5392,4.1258,4.3215,4.3589,4.4628,5
2459440.544857,-0.5760,0.3028,4.1258,4.3215,4.3589,4.4628,5
2459440.564997,-1.0140,-0.1586,4.1258,4.3215,4.3589,4.4628,5
2459440.580807,2.2831,-1.3060,4.1258,4.3215,4.3589,4.4628,5
2459440.597467,0.5991,2.0738,4.1258,4.3215,4.3589,4.4628,5
2459440.618987,-4.4772,4.8740,4.1258,4.3215,4.3589,4.4628,5
2459440.645947,5.0662,8.1809,4.1258,4.3215,4.3589,4.4628,5
2459440.662547,0.5365,-0.0834,4.1258,4.3215,4.3589,4.4628,5
2459441.472717,2.8179,-5.4777,4.1258,4.3215,4.3589,4.4628,5
2459442.516087,3.7199,1.5049,4.1258,4.3215,4.3589,4.4628,5
2459443.498117,5.2707,1.8408,4.1258,4.3215,4.3589,4.4628,5
2459443.521157,3.1713,7.1856,4.1258,4.3215,4.3589,4.4628,5
2459443.551907,2.5505,-0.4293,4.1258,4.3215,4.3589,4.4628,5
2459443.599407,-0.5379,-3.3439,4.1258,4.3215,4.3589,4.4628,5
2459443.634657,-1.4998,4.9765,4.1258,4.3215,4.3589,4.4628,5
2459443.637757,-5.5318,1.7388,4.1258,4.3215,4.3589,4.4628,5
2459443.667837,8.1543,-6.2714,4.1258,4.3215,4.3589,4.4628,5
2459443.702967,7.6799,4.1003,4.1258,4.3215,4.3589,4.4628,5
2459447.483797,2.1874,-2.5470,4.1258,4.3215,4.3589,4.4628,5
2459447.500997,-4.0194,-4.9574,4.1258,4.3215,4.3589,4.4628,5
2459447.518367,3.1988,3.8897,4.1258,4.3215,4.3589,4.4628,5
2459447.535677,-2.8766,-3.1507,4.1258,4.3215,4.3589,4.4628,5
2459447.552777,1.5385,-3.3582,4.1258,4.3215,4.3589,4.4628,5
2459447.569657,0.1868,6.1039,4.1258,4.3215,4.3589,4.4628,5
2459447.601317,4.0030,0.6434,4.1258,4.3215,4.3589,4.4628,5
2459447.618057,-3.2281,-0.4228,4.1258,4.3215,4.3589,4.4628,5
2459447.634747,1.7484,0.6918,4.1258,4.3215,4.3589,4.4628,5
2459447.651537,-5.9674,-2.4796,4.1258,4.3215,4.3589,4.4628,5
2459447.668627,7.8625,6.7496,4.1258,4.3215,4.3589,4.4628,5
2459448.488737,4.9282,1.3007,4.1258,4.3215,4.3589,4.4628,5
2459448.509797,-7.3055,5.5404,4.1258,4.3215,4.3589,4.4628,5
2459448.561357,-0.7974,1.9674,4.1258,4.3215,4.3589,4.4628,5
2459449.484237,3.0303,8.5631,4.1258,4.3215,4.3589,4.4628,5
2459449.501697,-5.2868,4.6435,4.1258,4.3215,4.3589,4.4628,5
2459449.518627,-6.0682,5.0561,4.1258,4.3215,4.3589,4.4628,5
2459449.540977,2.4359,1.3146,4.1258,4.3215,4.3589,4.4628,5
2459449.558047,-4.7936,-2.6927,4.1258,4.3215,4.3589,4.4628,5
2459449.585317,-3.4458,-0.0727,4.1258,4.3215,4.3589,4.4628,5
2459449.602397,-0.4123,6.5321,4.1258,4.3215,4.3589,4.4628,5
2459449.619897,-0.5748,-4.9876,4.1258,4.3215,4.3589,4.4628,5
2459452.523237,3.9944,5.0389,4.1258,4.3215,4.3589,4.4628,5
2459452.567557,-2.0235,-5.7517,4.1258,4.3215,4.3589,4.4628,5
2459452.584217,4.8785,5.1764,4.1258,4.3215,4.3589,4.4628,5
2459452.601177,5.4944,5.5979,4.1258,4.3215,4.3589,4.4628,5
2459452.617667,3.2446,-6.5377,4.1258,4.3215,4.3589,4.4628,5
2459452.634607,4.9680,2.1420,4.1258,4.3215,4.3589,4.4628,5
2459452.661957,1.1073,-4.1995,4.1258,4.3215,4.3589,4.4628,5
2459452.678937,7.5196,6.6768,4.1258,4.3215,4.3589,4.4628,5
2459453.473127,4.9009,3.9961,4.1258,4.3215,4.3589,4.4628,5
2459453.490317,-4.9019,5.5830,4.1258,4.3215,4.3589,4.4628,5
2459453.512067,-0.2072,1.2913,4.1258,4.3215,4.3589,4.4628,5
2459453.528907,-6.7581,-2.5375,4.1258,4.3215,4.3589,4.4628,5
2459453.556287,-1.4550,4.0737,4.1258,4.3215,4.3589,4.4628,5
2459453.572907,-2.7066,6.1472,4.1258,4.3215,4.3589,4.4628,5
2459453.591887,-0.8864,0.1002,4.1258,4.3215,4.3589,4.4628,5
2459453.608557,-0.7889,5.8346,4.1258,4.3215,4.3589,4.4628,5
2459453.625507,-0.4636,1.8997,4.1258,4.3215,4.3589,4.4628,5
2459453.653187,-2.0565,1.1672,4.1258,4.3215,4.3589,4.4628,5
2459453.669997,-3.3100,0.0146,4.1258,4.3215,4.3589,4.4628,5
2459454.568577,-4.5386,9.1833,4.1258,4.3215,4.3589,4.4628,5
2459454.585397,-3.7225,6.4286,4.1258,4.3215,4.3589,4.4628,5
2459454.601997,-8.2098,1.7777,4.1258,4.3215,4.3589,4.4628,5
2459454.635337,-7.7930,-1.1330,4.1258,4.3215,4.3589,4.4628,5
2459455.484507,-0.1159,1.9488,4.1258,4.3215,4.3589,4.4628,5
2459455.501487,8.9918,0.7205,4.1258,4.3215,4.3589,4.4628,5
2459455.519077,0.9377,0.9715,4.1258,4.3215,4.3589,4.4628,5
2459455.536207,2.3009,-7.3936,4.1258,4.3215,4.3589,4.4628,5
2459455.581677,6.3305,-2.7933,4.1258,4.3215,4.3589,4.4628,5
2459455.598747,-0.1024,-1.5131,4.1258,4.3215,4.3589,4.4628,5
2459456.484037,1.2624,-0.0364,4.1258,4.3215,4.3589,4.4628,5
2459456.501287,3.0122,-7.5999,4.1258,4.3215,4.3589,4.4628,5
2459456.518347,-8.8793,-4.8571,4.1258,4.3215,4.3589,4.4628,5
2459456.554657,-8.1202,-2.3496,4.1258,4.3215,4.3589,4.4628,5
2459456.582087,1.3850,2.1349,4.1258,4.3215,4.3589,4.4628,5
2459456.604027,2.6073,-2.0751,4.1258,4.3215,4.3589,4.4628,5
2459456.637737,5.8362,7.8273,4.1258,4.3215,4.3589,4.4628,5
2459456.666597,-2.3536,10.5221,4.1258,4.3215,4.3589,4.4628,5
2459457.492677,4.5714,2.1266,4.1258,4.3215,4.3589,4.4628,5
2459457.526977,1.5426,5.3206,4.1258,4.3215,4.3589,4.4628,5
2459457.543837,5.5724,0.2047,4.1258,4.3215,4.3589,4.4628,5
2459457.560567,-0.1110,-3.9416,4.1258,4.3215,4.3589,4.4628,5
2459457.587387,-0.7598,9.3333,4.1258,4.3215,4.3589,4.4628,5
2459457.603957,3.8539,0.3868,4.1258,4.3215,4.3589,4.4628,5
2459457.620437,2.9560,-1.5575,4.1258,4.3215,4.3589,4.4628,5
2459458.503947,6.0369,0.5999,4.1258,4.3215,4.3589,4.4628,5
2459458.521317,8.0759,3.1708,4.1258,4.3215,4.3589,4.4628,5
2459458.581097,0.0465,6.2353,4.1258,4.3215,4.3589,4.4628,5
2459458.644297,-2.5358,-7.0147,4.1258,4.3215,4.3589,4.4628,5
2459460.492237,1.4101,-5.8147,4.1258,4.3215,4.3589,4.4628,5
2459460.512137,3.9221,-1.7163,4.1258,4.3215,4.3589,4.4628,5
2459460.540427,-1.2008,-3.0409,4.1258,4.3215,4.3589,4.4628,5
2459460.561487,-1.0892,3.6361,4.1258,4.3215,4.3589,4.4628,5
2459460.578707,-2.6937,6.2016,4.1258,4.3215,4.3589,4.4628,5
2459460.595337,-2.8774,7.6269,4.1258,4.3215,4.3589,4.4628,5
2459460.614727,-3.1165,3.7199,4.1258,4.3215,4.3589,4.4628,5
2459460.631147,-9.1920,-0.2464,4.1258,4.3215,4.3589,4.4628,5
2459461.501487,-0.1434,5.9944,4.1258,4.3215,4.3589,4.4628,5
2459461.521287,-5.7948,10.5576,4.1258,4.3215,4.3589,4.4628,5
2459461.544167,6.9479,-1.9969,4.1258,4.3215,4.3589,4.4628,5
2459461.641827,-0.3996,-2.1023,4.1258,4.3215,4.3589,4.4628,5
2459462.480827,-4.0174,-1.9600,4.1258,4.3215,4.3589,4.4628,5
2459462.508087,6.5404,4.8604,4.1258,4.3215,4.3589,4.4628,5
2459462.524567,3.1716,-5.7247,4.1258,4.3215,4.3589,4.4628,5
2459462.541297,3.1482,-2.3253,4.1258,4.3215,4.3589,4.4628,5
2459462.558737,0.8221,9.5333,4.1258,4.3215,4.3589,4.4628,5
2459462.576257,0.3109,-5.0465,4.1258,4.3215,4.3589,4.4628,5
2459462.620147,-0.0189,8.0903,4.1258,4.3215,4.3589,4.4628,5
2459463.489497,3.7571,-6.9637,4.1258,4.3215,4.3589,4.4628,5
2459463.509287,1.1090,2.3559,4.1258,4.3215,4.3589,4.4628,5
2459463.526007,-0.2912,2.1808,4.1258,4.3215,4.3589,4.4628,5
2459463.553367,-0.0208,4.9472,4.1258,4.3215,4.3589,4.4628,5
2459463.570487,-6.5774,7.9025,4.1258,4.3215,4.3589,4.4628,5
2459463.587727,2.1350,-4.3382,4.1258,4.3215,4.3589,4.4628,5
2459463.604337,-6.9973,5.1653,4.1258,4.3215,4.3589,4.4628,5
2459463.621277,-1.6484,-5.2213,4.1258,4.3215,4.3589,4.4628,5
2459463.650247,-0.3154,3.8791,4.1258,4.3215,4.3589,4.4628,5
2459464.510257,1.5225,9.7393,4.1258,4.3215,4.3589,4.4628,5
2459464.513127,7.5859,3.9337,4.1258,4.3215,4.3589,4.4628,5
2459464.620287,7.2491,-4.3026,4.1258,4.3215,4.3589,4.4628,5
2459466.496627,-1.7088,1.5076,4.1258,4.3215,4.3589,4.4628,5
2459466.513847,-3.8126,-5.6251,4.1258,4.3215,4.3589,4.4628,5
2459466.530637,-1.5981,2.1370,4.1258,4.3215,4.3589,4.4628,5
2459466.547177,5.0257,-0.4714,4.1258,4.3215,4.3589,4.4628,5
2459466.596077,7.4053,-6.2904,4.1258,4.3215,4.3589,4.4628,5
2459467.479567,7.4617,4.9214,4.1258,4.3215,4.3589,4.4628,5
2459467.496377,-2.5704,-0.8421,4.1258,4.3215,4.3589,4.4628,5
2459467.524357,-6.1410,5.8019,4.1258,4.3215,4.3589,4.4628,5
2459467.560257,-3.6603,3.6541,4.1258,4.3215,4.3589,4.4628,5
2459467.579837,-1.5899,0.7898,4.1258,4.3215,4.3589,4.4628,5
2459467.596617,-0.3656,2.5860,4.1258,4.3215,4.3589,4.4628,5
2459468.510537,7.7545,2.2119,4.1258,4.3215,4.3589,4.4628,5
2459468.606697,5.3242,3.4714,4.1258,4.3215,4.3589,4.4628,5
2459470.547957,1.5979,3.1122,4.1258,4.3215,4.3589,4.4628,5
2459470.581207,-8.7348,-0.0679,4.1258,4.3215,4.3589,4.4628,5
2459474.508607,0.7330,-0.1006,4.1258,4.3215,4.3589,4.4628,5
2459475.493237,-2.1843,0.0808,4.1258,4.3215,4.3589,4.4628,5
2459475.526657,2.5176,-5.3153,4.1258,4.3215,4.3589,4.4628,5
2459478.501197,4.1624,3.3199,4.1258,4.3215,4.3589,4.4628,5
2459478.517767,3.4361,-0.1301,4.1258,4.3215,4.3589,4.4628,5
2459478.578827,1.2297,0.7125,4.1258,4.3215,4.3589,4.4628,5
2459478.596207,-1.9069,0.2399,4.1258,4.3215,4.3589,4.4628,5
2459479.498207,-1.8356,0.6793,4.1258,4.3215,4.3589,4.4628,5
2459479.515457,-0.3614,6.8472,4.1258,4.3215,4.3589,4.4628,5
2459480.497417,3.0607,2.4019,4.1258,4.3215,4.3589,4.4628,5
2459480.514817,-7.7586,2.1444,4.1258,4.3215,4.3589,4.4628,5
2459480.542137,-2.4653,2.5527,4.1258,4.3215,4.3589,4.4628,5
2459480.568887,-3.7311,1.4763,4.1258,4.3215,4.3589,4.4628,5
2459480.590307,-4.8119,0.3203,4.1258,4.3215,4.3589,4.4628,5
2459480.601437,-5.0121,-5.9219,4.1258,4.3215,4.3589,4.4628,5
2459481.499907,8.2440,1.9043,4.1258,4.3215,4.3589,4.4628,5
2459481.516357,4.0917,-5.0314,4.1258,4.3215,4.3589,4.4628,5
2459481.576757,9.9357,-6.0897,4.1258,4.3215,4.3589,4.4628,5
2459481.593707,-3.8417,-0.3846,4.1258,4.3215,4.3589,4.4628,5
2459482.513147,-3.7976,3.2431,4.1258,4.3215,4.3589,4.4628,5
2459482.544767,2.1426,-4.3781,4.1258,4.3215,4.3589,4.4628,5
2459482.561667,3.7937,5.7299,4.1258,4.3215,4.3589,4.4628,5
2459482.595777,-5.3692,-8.5095,4.1258,4.3215,4.3589,4.4628,5
2459483.508767,0.6304,-2.8262,4.1258,4.3215,4.3589,4.4628,5
2459484.526607,4.0112,2.5724,4.1258,4.3215,4.3589,4.4628,5
2459484.570787,4.8920,0.7158,4.1258,4.3215,4.3589,4.4628,5
2459484.587447,2.5996,-6.2390,4.1258,4.3215,4.3589,4.4628,5
2459484.590437,-3.4795,3.4474,4.1258,4.3215,4.3589,4.4628,5
2459485.495307,2.4663,1.5719,4.1258,4.3215,4.3589,4.4628,5
2459485.549917,-2.9717,5.5001,4.1258,4.3215,4.3589,4.4628,5
2459485.566797,1.9209,4.4392,4.1258,4.3215,4.3589,4.4628,5
2459486.486967,-6.3926,9.1710,4.1258,4.3215,4.3589,4.4628,5
2459486.512737,2.1100,-3.4950,4.1258,4.3215,4.3589,4.4628,5
2459486.543197,-3.2251,7.6267,4.1258,4.3215,4.3589,4.4628,5
2459486.576587,8.8991,0.7318,4.1258,4.3215,4.3589,4.4628,5
2459488.490897,-5.7370,-4.0050,4.1258,4.3215,4.3589,4.4628,5
2459488.543257,-2.2262,9.1665,4.1258,4.3215,4.3589,4.4628,5
2459488.576707,1.3977,0.9139,4.1258,4.3215,4.3589,4.4628,5
2459488.581217,6.2937,-5.3318,4.1258,4.3215,4.3589,4.4628,5
2459489.502477,-5.2643,-4.9711,4.1258,4.3215,4.3589,4.4628,5
2459489.524077,-3.1706,3.0418,4.1258,4.3215,4.3589,4.4628,5
2459489.550967,0.1339,2.1588,4.1258,4.3215,4.3589,4.4628,5
2459490.489897,1.6213,-6.5446,4.1258,4.3215,4.3589,4.4628,5
2459490.507197,2.3928,0.3195,4.1258,4.3215,4.3589,4.4628,5
2459490.530317,-6.2579,8.9302,4.1258,4.3215,4.3589,4.4628,5
2459490.562687,-1.9564,10.2829,4.1258,4.3215,4.3589,4.4628,5
2459491.508447,4.6371,3.0379,4.1258,4.3215,4.3589,4.4628,5
2459491.570057,2.5551,10.4706,4.1258,4.3215,4.3589,4.4628,5
2459492.499297,3.8325,-2.1784,4.1258,4.3215,4.3589,4.4628,5
2459492.516247,5.1313,5.5395,4.1258,4.3215,4.3589,4.4628,5
2459492.533627,-1.9782,-1.2396,4.1258,4.3215,4.3589,4.4628,5
2459492.550367,4.1676,-7.3432,4.1258,4.3215,4.3589,4.4628,5
2459493.495297,1.3253,2.7656,4.1258,4.3215,4.3589,4.4628,5
2459493.536737,-3.1492,5.0146,4.1258,4.3215,4.3589,4.4628,5
2459494.516027,2.0119,0.3722,4.1258,4.3215,4.3589,4.4628,5
2459501.542747,-7.1606,2.5982,4.1258,4.3215,4.3589,4.4628,5
2459502.498027,6.3678,0.9829,4.1258,4.3215,4.3589,4.4628,5
2459503.539037,1.7465,3.6024,4.1258,4.3215,4.3589,4.4628,5
2459504.512367,0.4864,-1.0668,4.1258,4.3215,4.3589,4.4628,5
2459504.529227,2.5886,0.5336,4.1258,4.3215,4.3589,4.4628,5
2459504.536647,-0.2633,9.2758,4.1258,4.3215,4.3589,4.4628,5
2459505.508647,11.8569,-5.5891,4.1258,4.3215,4.3589,4.4628,5
2459505.534887,3.2921,0.5631,4.1258,4.3215,4.3589,4.4628,5
2459507.501897,-0.0717,1.4375,4.1258,4.3215,4.3589,4.4628,5
2459507.518707,-6.3833,4.3932,4.1258,4.3215,4.3589,4.4628,5
2459508.512667,10.2045,2.9715,4.1258,4.3215,4.3589,4.4628,5
2459510.510877,12.8755,2.3187,4.1258,4.3215,4.3589,4.4628,5
2459630.863447,-9.9317,-17.1695,4.1258,4.3215,5.2763,5.2844,6
2459630.881127,-0.1631,-6.3628,4.1258,4.3215,5.2763,5.2844,6
2459634.863177,-8.1995,-6.8863,4.1258,4.3215,5.2763,5.2844,6
2459634.891257,-8.6238,-5.8126,4.1258,4.3215,5.2763,5.2844,6
2459636.882757,-4.7933,2.8316,4.1258,4.3215,5.2763,5.2844,6
2459637.848807,-19.8989,-10.2608,4.1258,4.3215,5.2763,5.2844,6
2459637.866897,-11.7251,-5.9020,4.1258,4.3215,5.2763,5.2844,6
2459638.896527,-3.7073,-5.7962,4.1258,4.3215,5.2763,5.2844,6
2459639.855237,4.8516,-7.1668,4.1258,4.3215,5.2763,5.2844,6
2459639.872807,6.4784,5.6694,4.1258,4.3215,5.2763,5.2844,6
2459639.890497,7.7078,-4.0256,4.1258,4.3215,5.2763,5.2844,6
2459640.856567,3.4469,-10.5001,4.1258,4.3215,5.2763,5.2844,6
2459640.874457,-5.6070,-0.1102,4.1258,4.3215,5.2763,5.2844,6
2459640.891947,-10.8015,-3.1122,4.1258,4.3215,5.2763,5.2844,6
2459641.853247,-11.2654,-6.6387,4.1258,4.3215,5.2763,5.2844,6
2459641.883147,-11.1644,-7.9430,4.1258,4.3215,5.2763,5.2844,6
2459642.853897,-5.7931,-7.0777,4.1258,4.3215,5.2763,5.2844,6
2459642.884127,-3.9391,0.7366,4.1258,4.3215,5.2763,5.2844,6
2459642.901917,-5.6364,-6.1515,4.1258,4.3215,5.2763,5.2844,6
2459643.882567,-6.9820,3.0683,4.1258,4.3215,5.2763,5.2844,6
2459645.891617,-3.6725,-4.1424,4.1258,4.3215,5.2763,5.2844,6
2459647.838707,8.1909,-0.6418,4.1258,4.3215,5.2763,5.2844,6
2459647.866877,0.3829,4.7419,4.1258,4.3215,5.2763,5.2844,6
2459647.886697,-5.7519,3.2800,4.1258,4.3215,5.2763,5.2844,6
2459647.904637,-3.7712,-5.7347,4.1258,4.3215,5.2763,5.2844,6
2459648.823457,-12.7607,6.6648,4.1258,4.3215,5.2763,5.2844,6
2459648.851707,-0.0834,-6.2778,4.1258,4.3215,5.2763,5.2844,6
2459648.874987,7.9145,-5.0557,4.1258,4.3215,5.2763,5.2844,6
2459648.892887,-10.5992,-8.0456,4.1258,4.3215,5.2763,5.2844,6
2459648.910297,-12.6681,1.1324,4.1258,4.3215,5.2763,5.2844,6
2459649.828887,3.3346,-7.0425,4.1258,4.3215,5.2763,5.2844,6
2459649.863807,2.5654,-12.5641,4.1258,4.3215,5.2763,5.2844,6
2459649.890917,-7.6150,-2.0945,4.1258,4.3215,5.2763,5.2844,6
2459649.908527,-1.2915,4.7779,4.1258,4.3215,5.2763,5.2844,6
2459650.852057,5.3204,-6.2449,4.1258,4.3215,5.2763,5.2844,6
2459650.887087,-4.8554,7.1764,4.1258,4.3215,5.2763,5.2844,6
2459651.852787,-4.0488,-0.5170,4.1258,4.3215,5.2763,5.2844,6
2459651.887847,-2.4921,1.2120,4.1258,4.3215,5.2763,5.2844,6
2459651.905237,1.9580,3.9641,4.1258,4.3215,5.2763,5.2844,6
2459652.814677,-2.9249,-5.9426,4.1258,4.3215,5.2763,5.2844,6
2459652.854757,0.2260,6.5559,4.1258,4.3215,5.2763,5.2844,6
2459652.872237,1.9031,0.3275,4.1258,4.3215,5.2763,5.2844,6
2459652.895887,-2.8178,1.2642,4.1258,4.3215,5.2763,5.2844,6
2459653.815407,3.4269,-9.2324,4.1258,4.3215,5.2763,5.2844,6
2459653.867577,7.4716,8.5150,4.1258,4.3215,5.2763,5.2844,6
2459653.902237,-3.3970,1.1843,4.1258,4.3215,5.2763,5.2844,6
2459654.823757,-9.5645,-6.1530,4.1258,4.3215,5.2763,5.2844,6
2459654.860067,7.0550,-0.0659,4.1258,4.3215,5.2763,5.2844,6
2459654.888237,-10.5000,0.8305,4.1258,4.3215,5.2763,5.2844,6
2459655.852117,-3.5603,-1.6081,4.1258,4.3215,5.2763,5.2844,6
2459655.869867,3.7896,-4.5578,4.1258,4.3215,5.2763,5.2844,6
2459655.889127,-1.1820,-0.2023,4.1258,4.3215,5.2763,5.2844,6
2459656.848667,-7.1063,1.4202,4.1258,4.3215,5.2763,5.2844,6
2459656.880897,1.0565,-1.7166,4.1258,4.3215,5.2763,5.2844,6
2459656.898117,0.9580,-6.0862,4.1258,4.3215,5.2763,5.2844,6
2459656.915657,-5.5999,-5.2541,4.1258,4.3215,5.2763,5.2844,6
2459657.826227,-5.7189,-10.1850,4.1258,4.3215,5.2763,5.2844,6
2459657.863807,4.9547,-5.6471,4.1258,4.3215,5.2763,5.2844,6
2459657.881437,0.2642,4.7982,4.1258,4.3215,5.2763,5.2844,6
2459657.898817,-5.1744,-0.9299,4.1258,4.3215,5.2763,5.2844,6
2459658.800527,1.8555,-9.1654,4.1258,4.3215,5.2763,5.2844,6
2459658.818127,4.4659,1.7791,4.1258,4.3215,5.2763,5.2844,6
2459658.839137,-6.5551,-5.7297,4.1258,4.3215,5.2763,5.2844,6
2459658.906117,2.0468,-5.7256,4.1258,4.3215,5.2763,5.2844,6
2459659.827407,6.6601,-8.7750,4.1258,4.3215,5.2763,5.2844,6
2459659.855427,-1.5513,1.5374,4.1258,4.3215,5.2763,5.2844,6
2459659.909117,5.2585,1.9627,4.1258,4.3215,5.2763,5.2844,6
2459660.806677,-4.5647,-1.3232,4.1258,4.3215,5.2763,5.2844,6
2459660.869867,-3.9999,-7.7554,4.1258,4.3215,5.2763,5.2844,6
2459660.887547,4.9488,3.2521,4.1258,4.3215,5.2763,5.2844,6
2459661.892617,-0.1938,1.1736,4.1258,4.3215,5.2763,5.2844,6
2459661.912617,0.1678,-4.3879,4.1258,4.3215,5.2763,5.2844,6
2459664.794947,-7.6945,3.6847,4.1258,4.3215,5.2763,5.2844,6
2459664.840867,-10.0036,2.0755,4.1258,4.3215,5.2763,5.2844,6
2459664.904077,-0.5983,2.8516,4.1258,4.3215,5.2763,5.2844,6
2459665.798047,0.7232,-1.5451,4.1258,4.3215,5.2763,5.2844,6
2459665.815347,-2.1162,-9.7712,4.1258,4.3215,5.2763,5.2844,6
2459665.833037,-1.8227,-6.0176,4.1258,4.3215,5.2763,5.2844,6
2459665.850627,6.1600,3.1139,4.1258,4.3215,5.2763,5.2844,6
2459665.880667,-0.4733,0.9650,4.1258,4.3215,5.2763,5.2844,6
2459665.898147,-0.3695,-0.8612,4.1258,4.3215,5.2763,5.2844,6
2459665.914937,-0.0509,-1.2536,4.1258,4.3215,5.2763,5.2844,6
2459666.824597,-3.2093,-4.1284,4.1258,4.3215,5.2763,5.2844,6
2459666.874877,-2.0926,0.8269,4.1258,4.3215,5.2763,5.2844,6
2459666.891957,-1.9520,-8.8235,4.1258,4.3215,5.2763,5.2844,6
2459666.912947,-1.2519,-8.1039,4.1258,4.3215,5.2763,5.2844,6
2459667.799987,5.7442,2.2198,4.1258,4.3215,5.2763,5.2844,6
2459667.818127,-1.6631,0.4004,4.1258,4.3215,5.2763,5.2844,6
2459667.838877,-4.6706,5.8180,4.1258,4.3215,5.2763,5.2844,6
2459667.887347,-0.5947,2.6273,4.1258,4.3215,5.2763,5.2844,6
2459667.904427,-4.0400,5.3077,4.1258,4.3215,5.2763,5.2844,6
2459668.831647,2.1469,-7.3172,4.1258,4.3215,5.2763,5.2844,6
2459668.849437,-1.1896,-10.3337,4.1258,4.3215,5.2763,5.2844,6
2459668.884807,-6.6733,-0.9765,4.1258,4.3215,5.2763,5.2844,6
2459668.906497,4.4194,-4.3382,4.1258,4.3215,5.2763,5.2844,6
2459669.797017,-2.5342,-4.4387,4.1258,4.3215,5.2763,5.2844,6
2459669.862177,-0.1508,-2.4753,4.1258,4.3215,5.2763,5.2844,6
2459669.879147,-0.8016,-4.8314,4.1258,4.3215,5.2763,5.2844,6
2459669.913707,-3.4754,-7.7675,4.1258,4.3215,5.2763,5.2844,6
2459670.811677,-3.8035,-5.2984,4.1258,4.3215,5.2763,5.2844,6
2459670.829037,2.4437,3.4296,4.1258,4.3215,5.2763,5.2844,6
2459670.874617,-2.9738,0.0138,4.1258,4.3215,5.2763,5.2844,6
2459670.892427,4.0031,-1.2594,4.1258,4.3215,5.2763,5.2844,6
2459670.909897,2.9657,-5.7567,4.1258,4.3215,5.2763,5.2844,6
2459671.751977,-1.1899,4.5526,4.1258,4.3215,5.2763,5.2844,6
2459671.805147,-0.7832,-7.1529,4.1258,4.3215,5.2763,5.2844,6
2459671.822897,-6.8493,-0.1138,4.1258,4.3215,5.2763,5.2844,6
2459671.846857,3.1864,-1.1047,4.1258,4.3215,5.2763,5.2844,6
2459671.867777,-0.6018,4.0581,4.1258,4.3215,5.2763,5.2844,6
2459671.885097,5.5338,-1.9533,4.1258,4.3215,5.2763,5.2844,6
2459671.912237,-2.9925,-3.0878,4.1258,4.3215,5.2763,5.2844,6
2459672.752827,2.6614,-4.5140,4.1258,4.3215,5.2763,5.2844,6
2459672.819677,3.1680,-7.6837,4.1258,4.3215,5.2763,5.2844,6
2459672.889247,4.5389,2.0168,4.1258,4.3215,5.2763,5.2844,6
2459673.836847,5.3427,-8.7393,4.1258,4.3215,5.2763,5.2844,6
2459673.857367,-0.7145,-1.4217,4.1258,4.3215,5.2763,5.2844,6
2459673.893747,4.5299,-5.1330,4.1258,4.3215,5.2763,5.2844,6
2459673.913697,-0.8313,2.2400,4.1258,4.3215,5.2763,5.2844,6
2459674.746877,-2.7819,-10.1834,4.1258,4.3215,5.2763,5.2844,6
2459674.786437,-4.5054,-6.6376,4.1258,4.3215,5.2763,5.2844,6
2459674.821597,-4.7705,2.1687,4.1258,4.3215,5.2763,5.2844,6
2459674.849687,-7.3046,2.9447,4.1258,4.3215,5.2763,5.2844,6
2459674.867377,4.9800,-5.8679,4.1258,4.3215,5.2763,5.2844,6
2459674.884767,-4.7115,-2.0122,4.1258,4.3215,5.2763,5.2844,6
2459674.905077,-1.9687,-8.6146,4.1258,4.3215,5.2763,5.2844,6
2459675.779677,-5.1469,-1.9247,4.1258,4.3215,5.2763,5.2844,6
2459675.797517,5.5860,3.0786,4.1258,4.3215,5.2763,5.2844,6
2459675.833857,-3.1130,-8.1868,4.1258,4.3215,5.2763,5.2844,6
2459675.879407,-1.0452,-1.6720,4.1258,4.3215,5.2763,5.2844,6
2459675.913477,-3.8014,-3.8944,4.1258,4.3215,5.2763,5.2844,6
2459676.777217,-2.9835,-9.0990,4.1258,4.3215,5.2763,5.2844,6
2459676.806777,-1.4085,-3.5541,4.1258,4.3215,5.2763,5.2844,6
2459676.824387,-7.0646,-7.1756,4.1258,4.3215,5.2763,5.2844,6
2459676.869497,-0.5463,-3.1387,4.1258,4.3215,5.2763,5.2844,6
2459676.886427,-3.9008,-0.9455,4.1258,4.3215,5.2763,5.2844,6
2459676.903517,-3.0571,-4.4829,4.1258,4.3215,5.2763,5.2844,6
2459676.920417,0.2321,-1.3917,4.1258,4.3215,5.2763,5.2844,6
2459677.812787,-1.8240,2.8385,4.1258,4.3215,5.2763,5.2844,6
2459677.859817,-0.5367,-4.0085,4.1258,4.3215,5.2763,5.2844,6
2459677.876957,-1.8861,2.3082,4.1258,4.3215,5.2763,5.2844,6
2459677.904917,-0.6732,3.4990,4.1258,4.3215,5.2763,5.2844,6
2459678.737367,-6.3718,-7.0944,4.1258,4.3215,5.2763,5.2844,6
2459678.754867,-0.3109,4.1243,4.1258,4.3215,5.2763,5.2844,6
2459678.772857,-7.9608,-2.7799,4.1258,4.3215,5.2763,5.2844,6
2459678.818257,-1.0997,2.4282,4.1258,4.3215,5.2763,5.2844,6
2459678.853217,-1.5018,-7.5549,4.1258,4.3215,5.2763,5.2844,6
2459678.879757,0.2990,0.6931,4.1258,4.3215,5.2763,5.2844,6
2459678.908017,3.1721,-5.5863,4.1258,4.3215,5.2763,5.2844,6
2459679.742477,0.4873,0.9193,4.1258,4.3215,5.2763,5.2844,6
2459679.760227,-1.3479,-3.5659,4.1258,4.3215,5.2763,5.2844,6
2459679.777707,-7.3617,-0.1744,4.1258,4.3215,5.2763,5.2844,6
2459679.795147,2.8346,-3.1478,4.1258,4.3215,5.2763,5.2844,6
2459679.823427,1.3611,-5.0679,4.1258,4.3215,5.2763,5.2844,6
2459679.840437,-1.8626,-4.0319,4.1258,4.3215,5.2763,5.2844,6
2459679.857477,-0.9495,-3.0424,4.1258,4.3215,5.2763,5.2844,6
2459679.874887,-3.7624,3.0968,4.1258,4.3215,5.2763,5.2844,6
2459679.892877,-0.6502,6.2199,4.1258,4.3215,5.2763,5.2844,6
2459679.920007,2.0464,6.9793,4.1258,4.3215,5.2763,5.2844,6
2459680.758987,1.8456,4.4768,4.1258,4.3215,5.2763,5.2844,6
2459680.821467,-6.3744,-1.5548,4.1258,4.3215,5.2763,5.2844,6
2459680.877027,4.2852,-0.8305,4.1258,4.3215,5.2763,5.2844,6
2459680.894287,-0.3179,4.8498,4.1258,4.3215,5.2763,5.2844,6
2459680.921687,3.0488,-7.6466,4.1258,4.3215,5.2763,5.2844,6
2459681.784337,7.9980,2.5319,4.1258,4.3215,5.2763,5.2844,6
2459681.805697,-2.0241,0.4336,4.1258,4.3215,5.2763,5.2844,6
2459681.861747,-2.9097,-5.5869,4.1258,4.3215,5.2763,5.2844,6
2459681.878727,2.4841,-6.4846,4.1258,4.3215,5.2763,5.2844,6
2459681.895407,1.9476,-1.4048,4.1258,4.3215,5.2763,5.2844,6
2459681.912297,7.2001,1.9018,4.1258,4.3215,5.2763,5.2844,6
2459682.737607,-3.1954,-7.0464,4.1258,4.3215,5.2763,5.2844,6
2459682.775287,-1.5338,-0.9420,4.1258,4.3215,5.2763,5.2844,6
2459682.809657,-2.3187,-4.5646,4.1258,4.3215,5.2763,5.2844,6
2459682.837617,-4.2780,5.1849,4.1258,4.3215,5.2763,5.2844,6
2459682.854687,-0.6185,3.5650,4.1258,4.3215,5.2763,5.2844,6
2459682.886097,-3.2152,4.8165,4.1258,4.3215,5.2763,5.2844,6
2459682.919587,9.2406,-5.7821,4.1258,4.3215,5.2763,5.2844,6
2459683.751537,-7.1129,-1.7035,4.1258,4.3215,5.2763,5.2844,6
2459683.769037,4.6292,-0.0324,4.1258,4.3215,5.2763,5.2844,6
2459683.788027,-2.8805,-7.4998,4.1258,4.3215,5.2763,5.2844,6
2459683.804917,-6.0500,-4.0067,4.1258,4.3215,5.2763,5.2844,6
2459683.832607,3.2295,-4.4315,4.1258,4.3215,5.2763,5.2844,6
2459683.849427,0.7023,-2.7706,4.1258,4.3215,5.2763,5.2844,6
2459683.870747,2.8190,-1.8121,4.1258,4.3215,5.2763,5.2844,6
2459683.887997,7.6114,5.4419,4.1258,4.3215,5.2763,5.2844,6
2459683.904607,1.2338,0.4749,4.1258,4.3215,5.2763,5.2844,6
2459684.777457,-1.7282,-9.2217,4.1258,4.3215,5.2763,5.2844,6
2459684.820917,3.0099,2.0386,4.1258,4.3215,5.2763,5.2844,6
2459684.838017,-0.9028,-0.7894,4.1258,4.3215,5.2763,5.2844,6
2459684.858277,-1.9586,-3.5367,4.1258,4.3215,5.2763,5.2844,6
2459685.736297,-7.1698,2.5444,4.1258,4.3215,5.2763,5.2844,6
2459685.757917,-1.6091,-6.1301,4.1258,4.3215,5.2763,5.2844,6
2459685.775757,-7.5151,6.6378,4.1258,4.3215,5.2763,5.2844,6
2459685.804977,0.7402,2.4812,4.1258,4.3215,5.2763,5.2844,6
2459685.839817,9.5813,-3.6490,4.1258,4.3215,5.2763,5.2844,6
2459685.856857,1.0812,-1.6766,4.1258,4.3215,5.2763,5.2844,6
2459685.879337,-0.3535,-1.3681,4.1258,4.3215,5.2763,5.2844,6
2459685.914977,1.4707,-8.6478,4.1258,4.3215,5.2763,5.2844,6
2459687.737507,0.9808,-4.1127,4.1258,4.3215,5.2763,5.2844,6
2459687.769727,-2.8337,-2.6072,4.1258,4.3215,5.2763,5.2844,6
2459687.797697,-3.7162,-4.7608,4.1258,4.3215,5.2763,5.2844,6
2459687.815057,4.6372,-1.3968,4.1258,4.3215,5.2763,5.2844,6
2459687.837417,-1.5322,-6.9902,4.1258,4.3215,5.2763,5.2844,6
2459687.854387,0.0466,-7.3332,4.1258,4.3215,5.2763,5.2844,6
2459687.871727,1.6487,-4.4957,4.1258,4.3215,5.2763,5.2844,6
2459687.900767,2.4333,1.6625,4.1258,4.3215,5.2763,5.2844,6
2459691.881027,3.9507,3.5017,4.1258,4.3215,5.2763,5.2844,6
2459691.898407,-1.0630,-0.4098,4.1258,4.3215,5.2763,5.2844,6
2459692.776827,-9.1283,-5.7267,4.1258,4.3215,5.2763,5.2844,6
2459692.827367,7.0788,-5.2581,4.1258,4.3215,5.2763,5.2844,6
2459692.847567,0.4721,2.7939,4.1258,4.3215,5.2763,5.2844,6
2459692.864477,3.0563,-6.2795,4.1258,4.3215,5.2763,5.2844,6
2459692.881517,-1.9834,4.5288,4.1258,4.3215,5.2763,5.2844,6
2459692.898497,1.3336,-4.9707,4.1258,4.3215,5.2763,5.2844,6
2459693.705967,7.2758,-6.6839,4.1258,4.3215,5.2763,5.2844,6
2459693.740677,-6.9458,-7.7688,4.1258,4.3215,5.2763,5.2844,6
2459693.785857,0.0524,-1.2593,4.1258,4.3215,5.2763,5.2844,6
2459693.803437,-3.2535,-5.6476,4.1258,4.3215,5.2763,5.2844,6
2459693.820667,4.2177,-5.2955,4.1258,4.3215,5.2763,5.2844,6
2459693.838147,0.4912,-1.9330,4.1258,4.3215,5.2763,5.2844,6
2459693.859087,3.0869,-3.2758,4.1258,4.3215,5.2763,5.2844,6
2459693.888867,4.0290,-6.9462,4.1258,4.3215,5.2763,5.2844,6
2459693.910097,2.1788,0.7508,4.1258,4.3215,5.2763,5.2844,6
2459694.831227,4.8424,-0.2001,4.1258,4.3215,5.2763,5.2844,6
2459694.848437,-3.8502,-4.8275,4.1258,4.3215,5.2763,5.2844,6
2459694.865477,-7.2688,3.1970,4.1258,4.3215,5.2763,5.2844,6
2459694.882677,10.5697,7.6519,4.1258,4.3215,5.2763,5.2844,6
2459694.899907,2.2404,5.8909,4.1258,4.3215,5.2763,5.2844,6
2459695.719657,6.3055,-3.9651,4.1258,4.3215,5.2763,5.2844,6
2459695.800467,-4.5806,-1.7987,4.1258,4.3215,5.2763,5.2844,6
2459695.856817,-2.8737,-4.0664,4.1258,4.3215,5.2763,5.2844,6
2459696.739927,-4.9561,-1.5156,4.1258,4.3215,5.2763,5.2844,6
2459696.788977,2.9937,-3.9279,4.1258,4.3215,5.2763,5.2844,6
2459696.798677,-3.1448,3.9335,4.1258,4.3215,5.2763,5.2844,6
2459696.804307,-7.4031,-11.8763,4.1258,4.3215,5.2763,5.2844,6
2459696.815617,-0.3584,-4.5324,4.1258,4.3215,5.2763,5.2844,6
2459696.823987,-4.2452,-0.2901,4.1258,4.3215,5.2763,5.2844,6
2459696.860897,-1.3648,-10.4613,4.1258,4.3215,5.2763,5.2844,6
2459696.866627,6.8963,7.0891,4.1258,4.3215,5.2763,5.2844,6
2459696.868087,-4.6130,-9.9749,4.1258,4.3215,5.2763,5.2844,6
2459696.883607,5.5494,-5.5262,4.1258,4.3215,5.2763,5.2844,6
2459696.894897,8.9623,-9.6271,4.1258,4.3215,5.2763,5.2844,6
2459696.912097,-7.2906,5.3639,4.1258,4.3215,5.2763,5.2844,6
2459696.918847,-1.1095,4.5078,4.1258,4.3215,5.2763,5.2844,6
2459697.730757,5.6531,-5.7403,4.1258,4.3215,5.2763,5.2844,6
2459697.748237,-6.7811,-2.8471,4.1258,4.3215,5.2763,5.2844,6
2459697.768427,-9.3032,-2.5037,4.1258,4.3215,5.2763,5.2844,6
2459697.796417,-0.5423,2.2655,4.1258,4.3215,5.2763,5.2844,6
2459697.813667,-2.3105,3.5317,4.1258,4.3215,5.2763,5.2844,6
2459697.837627,5.2756,2.8377,4.1258,4.3215,5.2763,5.2844,6
2459697.861677,3.9401,-1.9517,4.1258,4.3215,5.2763,5.2844,6
2459697.879467,2.8330,5.1647,4.1258,4.3215,5.2763,5.2844,6
2459697.899637,6.0241,-3.1613,4.1258,4.3215,5.2763,5.2844,6
2459698.703157,-7.7542,-12.5888,4.1258,4.3215,5.2763,5.2844,6
2459698.706227,-4.7654,-0.7499,4.1258,4.3215,5.2763,5.2844,6
2459698.723817,0.8590,-5.2795,4.1258,4.3215,5.2763,5.2844,6
2459698.773657,10.1967,-7.8443,4.1258,4.3215,5.2763,5.2844,6
2459698.791367,3.8831,-4.2975,4.1258,4.3215,5.2763,5.2844,6
2459698.812587,-0.6164,-0.3009,4.1258,4.3215,5.2763,5.2844,6
2459698.831697,3.8862,-3.5454,4.1258,4.3215,5.2763,5.2844,6
2459698.860607,3.7316,-2.2444,4.1258,4.3215,5.2763,5.2844,6
2459698.877917,8.4127,-4.5635,4.1258,4.3215,5.2763,5.2844,6
2459698.894967,4.8475,0.6606,4.1258,4.3215,5.2763,5.2844,6
2459698.911977,-6.3202,7.4843,4.1258,4.3215,5.2763,5.2844,6
2459699.728557,0.5501,-4.7490,4.1258,4.3215,5.2763,5.2844,6
2459699.766827,2.6179,-6.9014,4.1258,4.3215,5.2763,5.2844,6
2459699.837217,0.6242,-10.9948,4.1258,4.3215,5.2763,5.2844,6
2459700.773357,0.1583,-0.5953,4.1258,4.3215,5.2763,5.2844,6
2459700.792497,5.4754,3.2126,4.1258,4.3215,5.2763,5.2844,6
2459700.809267,4.2374,-7.9899,4.1258,4.3215,5.2763,5.2844,6
2459700.831447,4.6069,-3.5482,4.1258,4.3215,5.2763,5.2844,6
2459700.849597,3.8686,1.4574,4.1258,4.3215,5.2763,5.2844,6
2459700.877377,4.4695,2.1765,4.1258,4.3215,5.2763,5.2844,6
2459700.895807,-4.4770,-4.9645,4.1258,4.3215,5.2763,5.2844,6
2459701.759287,-8.5050,2.1360,4.1258,4.3215,5.2763,5.2844,6
2459701.776317,-1.6992,5.6118,4.1258,4.3215,5.2763,5.2844,6
2459701.793207,-5.7431,-7.2287,4.1258,4.3215,5.2763,5.2844,6
2459701.857727,5.2495,-1.9789,4.1258,4.3215,5.2763,5.2844,6
2459702.731587,-9.2079,-4.0394,4.1258,4.3215,5.2763,5.2844,6
2459702.749037,3.5051,-1.2564,4.1258,4.3215,5.2763,5.2844,6
2459702.766837,5.5331,-11.4916,4.1258,4.3215,5.2763,5.2844,6
2459702.784447,3.1577,-4.7134,4.1258,4.3215,5.2763,5.2844,6
2459702.801597,-0.1790,0.5304,4.1258,4.3215,5.2763,5.2844,6
2459702.818477,-6.9534,-1.9349,4.1258,4.3215,5.2763,5.2844,6
2459702.850567,-0.9114,-7.1891,4.1258,4.3215,5.2763,5.2844,6
2459702.867967,2.7736,-0.5330,4.1258,4.3215,5.2763,5.2844,6
2459702.919417,-1.7300,3.0223,4.1258,4.3215,5.2763,5.2844,6
2459704.708007,1.8721,-3.3732,4.1258,4.3215,5.2763,5.2844,6
2459704.736337,-0.7230,-10.7103,4.1258,4.3215,5.2763,5.2844,6
2459704.753887,-4.8806,-1.8927,4.1258,4.3215,5.2763,5.2844,6
2459704.771247,-0.9223,-3.9671,4.1258,4.3215,5.2763,5.2844,6
2459704.788447,-0.6890,-5.1509,4.1258,4.3215,5.2763,5.2844,6
2459704.810277,3.0638,-0.1148,4.1258,4.3215,5.2763,5.2844,6
2459704.839907,-0.1246,-8.5441,4.1258,4.3215,5.2763,5.2844,6
2459704.856587,-1.4533,-12.1668,4.1258,4.3215,5.2763,5.2844,6
2459704.907267,-0.4049,-0.8270,4.1258,4.3215,5.2763,5.2844,6
2459705.673337,-8.6083,-4.2673,4.1258,4.3215,5.2763,5.2844,6
2459705.791977,-4.6982,-1.7114,4.1258,4.3215,5.2763,5.2844,6
2459705.825887,-6.3196,-10.1768,4.1258,4.3215,5.2763,5.2844,6
2459705.853287,-0.9319,1.3547,4.1258,4.3215,5.2763,5.2844,6
2459705.887227,3.4593,-7.0444,4.1258,4.3215,5.2763,5.2844,6
2459706.704317,-8.1931,5.2625,4.1258,4.3215,5.2763,5.2844,6
2459706.744237,-1.6728,-6.0549,4.1258,4.3215,5.2763,5.2844,6
2459706.773477,-4.6436,3.7500,4.1258,4.3215,5.2763,5.2844,6
2459706.792347,5.3695,-5.7403,4.1258,4.3215,5.2763,5.2844,6
2459706.809407,0.3455,5.5904,4.1258,4.3215,5.2763,5.2844,6
2459706.826957,-0.6952,-3.5021,4.1258,4.3215,5.2763,5.2844,6
2459706.844077,-3.7578,1.1828,4.1258,4.3215,5.2763,5.2844,6
2459706.860927,2.0701,1.8652,4.1258,4.3215,5.2763,5.2844,6
2459706.889467,9.6510,-1.3296,4.1258,4.3215,5.2763,5.2844,6
2459706.906137,1.8225,-3.0681,4.1258,4.3215,5.2763,5.2844,6
2459706.922877,2.3379,4.0487,4.1258,4.3215,5.2763,5.2844,6
2459708.709297,0.3500,-1.7382,4.1258,4.3215,5.2763,5.2844,6
2459708.726987,-7.2595,-0.2690,4.1258,4.3215,5.2763,5.2844,6
2459708.744757,6.6224,-8.9110,4.1258,4.3215,5.2763,5.2844,6
2459708.782967,2.9265,-5.5207,4.1258,4.3215,5.2763,5.2844,6
2459708.849337,9.7873,3.7406,4.1258,4.3215,5.2763,5.2844,6
2459708.866487,-2.2057,4.6381,4.1258,4.3215,5.2763,5.2844,6
2459708.883587,-2.4202,0.3556,4.1258,4.3215,5.2763,5.2844,6
2459709.668457,6.7107,-4.6052,4.1258,4.3215,5.2763,5.2844,6
2459709.686137,5.2079,-5.7783,4.1258,4.3215,5.2763,5.2844,6
2459709.707917,-4.1065,-13.7233,4.1258,4.3215,5.2763,5.2844,6
2459709.752937,0.1420,-2.7586,4.1258,4.3215,5.2763,5.2844,6
2459709.770587,6.7697,-9.5913,4.1258,4.3215,5.2763,5.2844,6
2459709.787547,6.9851,2.0291,4.1258,4.3215,5.2763,5.2844,6
2459709.804937,5.7350,-9.1239,4.1258,4.3215,5.2763,5.2844,6
2459709.821867,-2.9223,-1.1033,4.1258,4.3215,5.2763,5.2844,6
2459709.848627,-0.5291,-8.6666,4.1258,4.3215,5.2763,5.2844,6
2459709.865457,6.2527,-1.0219,4.1258,4.3215,5.2763,5.2844,6
2459709.882457,-5.1084,5.3405,4.1258,4.3215,5.2763,5.2844,6
2459709.899767,3.3147,-2.0506,4.1258,4.3215,5.2763,5.2844,6
2459709.916517,1.8591,0.0464,4.1258,4.3215,5.2763,5.2844,6
2459710.731327,-9.2620,-3.6125,4.1258,4.3215,5.2763,5.2844,6
2459710.748347,-6.9113,-6.8351,4.1258,4.3215,5.2763,5.2844,6
2459710.814517,0.0226,-6.0866,4.1258,4.3215,5.2763,5.2844,6
2459710.930757,-1.8413,-1.4860,4.1258,4.3215,5.2763,5.2844,6
2459711.667937,2.0076,-12.2842,4.1258,4.3215,5.2763,5.2844,6
2459711.685477,2.9648,-4.9190,4.1258,4.3215,5.2763,5.2844,6
2459711.721607,-4.4105,-5.7431,4.1258,4.3215,5.2763,5.2844,6
2459711.739487,-1.4967,2.8543,4.1258,4.3215,5.2763,5.2844,6
2459711.767027,1.4621,0.5075,4.1258,4.3215,5.2763,5.2844,6
2459711.797447,-0.0851,-0.0965,4.1258,4.3215,5.2763,5.2844,6
2459711.833727,0.8706,-5.6604,4.1258,4.3215,5.2763,5.2844,6
2459711.899107,-3.4818,-0.1923,4.1258,4.3215,5.2763,5.2844,6
2459711.917517,0.6560,-1.8749,4.1258,4.3215,5.2763,5.2844,6
2459712.757947,1.9882,6.7127,4.1258,4.3215,5.2763,5.2844,6
2459712.900117,6.5868,-10.3439,4.1258,4.3215,5.2763,5.2844,6
2459713.734277,-2.3363,2.5411,4.1258,4.3215,5.2763,5.2844,6
2459713.751247,7.5956,-6.1816,4.1258,4.3215,5.2763,5.2844,6
2459713.786787,4.1933,-5.4800,4.1258,4.3215,5.2763,5.2844,6
2459713.803527,-6.3556,-7.8685,4.1258,4.3215,5.2763,5.2844,6
2459713.823067,5.1386,0.3361,4.1258,4.3215,5.2763,5.2844,6
2459713.843057,1.7761,-8.9706,4.1258,4.3215,5.2763,5.2844,6
2459713.860167,6.0523,-10.8974,4.1258,4.3215,5.2763,5.2844,6
2459713.887427,7.9774,-5.0814,4.1258,4.3215,5.2763,5.2844,6
2459713.904437,-1.2194,-0.3917,4.1258,4.3215,5.2763,5.2844,6
2459714.708597,-3.8110,-4.0584,4.1258,4.3215,5.2763,5.2844,6
2459714.729447,8.7624,-8.8031,4.1258,4.3215,5.2763,5.2844,6
2459714.746797,1.3898,-2.8211,4.1258,4.3215,5.2763,5.2844,6
2459714.775847,-1.5258,0.3030,4.1258,4.3215,5.2763,5.2844,6
2459714.820447,0.6832,-3.6464,4.1258,4.3215,5.2763,5.2844,6
2459714.854937,-1.4774,-2.7121,4.1258,4.3215,5.2763,5.2844,6
2459714.916297,5.1797,-3.2705,4.1258,4.3215,5.2763,5.2844,6
2459715.700337,-9.1529,-0.0453,4.1258,4.3215,5.2763,5.2844,6
2459715.735357,-5.0297,2.8058,4.1258,4.3215,5.2763,5.2844,6
2459715.754307,-6.6585,1.4496,4.1258,4.3215,5.2763,5.2844,6
2459715.798697,4.6976,-2.0997,4.1258,4.3215,5.2763,5.2844,6
2459715.815337,-3.0173,-9.0572,4.1258,4.3215,5.2763,5.2844,6
2459715.832057,-4.0562,-0.7303,4.1258,4.3215,5.2763,5.2844,6
2459715.848747,-1.3874,-9.7800,4.1258,4.3215,5.2763,5.2844,6
2459715.879307,-0.7284,-0.0068,4.1258,4.3215,5.2763,5.2844,6
2459715.895987,-6.7440,-4.2494,4.1258,4.3215,5.2763,5.2844,6
2459716.773437,0.2132,3.1920,4.1258,4.3215,5.2763,5.2844,6
2459716.790387,7.9461,-2.8309,4.1258,4.3215,5.2763,5.2844,6
2459719.663097,-2.1108,-1.4180,4.1258,4.3215,5.2763,5.2844,6
2459719.680437,-0.3483,-7.7736,4.1258,4.3215,5.2763,5.2844,6
2459719.715577,-3.2706,-8.8003,4.1258,4.3215,5.2763,5.2844,6
2459719.743107,-2.4860,4.8228,4.1258,4.3215,5.2763,5.2844,6
2459719.822577,-7.2832,2.3178,4.1258,4.3215,5.2763,5.2844,6
2459719.850387,0.1081,-6.5753,4.1258,4.3215,5.2763,5.2844,6
2459719.867237,-2.4923,-2.5339,4.1258,4.3215,5.2763,5.2844,6
2459719.886787,1.7227,-10.5337,4.1258,4.3215,5.2763,5.2844,6
2459719.903337,-1.5850,5.6918,4.1258,4.3215,5.2763,5.2844,6
2459720.740577,-2.1225,-7.8080,4.1258,4.3215,5.2763,5.2844,6
2459720.812367,1.8338,-0.6124,4.1258,4.3215,5.2763,5.2844,6
2459720.839297,-4.0810,-9.0942,4.1258,4.3215,5.2763,5.2844,6
2459721.654577,6.5892,4.1672,4.1258,4.3215,5.2763,5.2844,6
2459721.776537,0.7988,-1.7815,4.1258,4.3215,5.2763,5.2844,6
2459721.820537,-3.0007,-5.1853,4.1258,4.3215,5.2763,5.2844,6
2459721.837217,-7.5768,-7.2302,4.1258,4.3215,5.2763,5.2844,6
2459721.853847,-7.5162,-3.3957,4.1258,4.3215,5.2763,5.2844,6
2459721.870507,2.1768,3.9735,4.1258,4.3215,5.2763,5.2844,6
2459721.887437,5.0651,-5.3353,4.1258,4.3215,5.2763,5.2844,6
2459721.914997,3.6266,-12.4724,4.1258,4.3215,5.2763,5.2844,6
2459721.931467,-2.3052,-4.2323,4.1258,4.3215,5.2763,5.2844,6
2459722.666737,-1.0223,-5.0619,4.1258,4.3215,5.2763,5.2844,6
2459722.684047,3.9639,-8.7456,4.1258,4.3215,5.2763,5.2844,6
2459722.701747,-2.7085,-7.0775,4.1258,4.3215,5.2763,5.2844,6
2459722.738677,1.9232,-1.1545,4.1258,4.3215,5.2763,5.2844,6
2459722.755367,2.0301,0.8143,4.1258,4.3215,5.2763,5.2844,6
2459722.782627,-0.6679,2.6011,4.1258,4.3215,5.2763,5.2844,6
2459722.799357,-0.5253,5.4731,4.1258,4.3215,5.2763,5.2844,6
2459722.815787,-0.9298,1.7125,4.1258,4.3215,5.2763,5.2844,6
2459722.832477,-2.4776,-1.3522,4.1258,4.3215,5.2763,5.2844,6
2459722.849337,6.1845,-2.8287,4.1258,4.3215,5.2763,5.2844,6
2459722.884937,-2.5401,5.5385,4.1258,4.3215,5.2763,5.2844,6
2459722.924517,-2.6307,-7.8661,4.1258,4.3215,5.2763,5.2844,6
2459723.685097,-3.5210,-8.7275,4.1258,4.3215,5.2763,5.2844,6
2459723.719927,4.4393,-7.2348,4.1258,4.3215,5.2763,5.2844,6
2459723.783107,2.0783,-1.1235,4.1258,4.3215,5.2763,5.2844,6
2459723.799857,0.2180,4.2485,4.1258,4.3215,5.2763,5.2844,6
2459723.816627,7.7365,3.9953,4.1258,4.3215,5.2763,5.2844,6
2459723.833537,5.4616,2.7017,4.1258,4.3215,5.2763,5.2844,6
2459723.850157,0.4481,-9.9196,4.1258,4.3215,5.2763,5.2844,6
2459723.877007,2.7140,4.7289,4.1258,4.3215,5.2763,5.2844,6
2459723.911157,-4.7494,-5.8038,4.1258,4.3215,5.2763,5.2844,6
2459724.637437,-3.9131,-3.0206,4.1258,4.3215,5.2763,5.2844,6
2459724.672447,0.1993,0.7606,4.1258,4.3215,5.2763,5.2844,6
2459724.722307,-5.8424,-4.0642,4.1258,4.3215,5.2763,5.2844,6
2459724.773627,-1.4809,-3.6100,4.1258,4.3215,5.2763,5.2844,6
2459724.790227,-4.6634,-8.0420,4.1258,4.3215,5.2763,5.2844,6
2459724.817757,5.4552,-4.3880,4.1258,4.3215,5.2763,5.2844,6
2459724.880017,6.0012,0.7850,4.1258,4.3215,5.2763,5.2844,6
2459725.675297,-0.2200,1.4500,4.1258,4.3215,5.2763,5.2844,6
2459725.702887,-1.1151,1.2830,4.1258,4.3215,5.2763,5.2844,6
2459725.737637,7.4230,-1.6443,4.1258,4.3215,5.2763,5.2844,6
2459725.754967,4.2046,0.8248,4.1258,4.3215,5.2763,5.2844,6
2459725.772227,0.4488,-1.2346,4.1258,4.3215,5.2763,5.2844,6
2459725.834397,1.7002,-5.9972,4.1258,4.3215,5.2763,5.2844,6
2459725.855627,2.9656,-5.9206,4.1258,4.3215,5.2763,5.2844,6
2459725.891047,0.8445,-3.2436,4.1258,4.3215,5.2763,5.2844,6
2459726.602637,0.9928,-5.1585,4.1258,4.3215,5.2763,5.2844,6
2459726.676967,-2.1953,-5.6700,4.1258,4.3215,5.2763,5.2844,6
2459726.705367,-5.6003,2.8727,4.1258,4.3215,5.2763,5.2844,6
2459726.740167,1.9597,-6.0540,4.1258,4.3215,5.2763,5.2844,6
2459726.757227,4.3871,0.8488,4.1258,4.3215,5.2763,5.2844,6
2459726.774397,2.7592,-5.0930,4.1258,4.3215,5.2763,5.2844,6
2459726.836077,-1.7422,0.9153,4.1258,4.3215,5.2763,5.2844,6
2459726.855257,6.1681,5.1572,4.1258,4.3215,5.2763,5.2844,6
2459726.871517,-0.6928,-1.6769,4.1258,4.3215,5.2763,5.2844,6
2459726.888407,-5.0122,-1.3802,4.1258,4.3215,5.2763,5.2844,6
2459727.609267,3.2391,-1.8913,4.1258,4.3215,5.2763,5.2844,6
2459727.633427,-3.0810,-4.0357,4.1258,4.3215,5.2763,5.2844,6
2459727.652887,3.4606,-2.3987,4.1258,4.3215,5.2763,5.2844,6
2459727.700817,4.8255,-5.4128,4.1258,4.3215,5.2763,5.2844,6
2459727.721227,6.5258,-7.9464,4.1258,4.3215,5.2763,5.2844,6
2459727.786277,2.1307,-1.4478,4.1258,4.3215,5.2763,5.2844,6
2459727.820167,6.8564,-2.4030,4.1258,4.3215,5.2763,5.2844,6
2459727.844017,-0.6921,-3.1705,4.1258,4.3215,5.2763,5.2844,6
2459727.861787,1.7506,5.2206,4.1258,4.3215,5.2763,5.2844,6
2459727.889547,4.1309,-7.9066,4.1258,4.3215,5.2763,5.2844,6
2459727.906017,6.7528,-4.5996,4.1258,4.3215,5.2763,5.2844,6
2459727.923117,-0.7465,2.1427,4.1258,4.3215,5.2763,5.2844,6
2459728.781897,5.6855,-6.9508,4.1258,4.3215,5.2763,5.2844,6
2459736.615057,-1.3583,-3.4777,4.1258,4.3215,5.2763,5.2844,6
2459736.703567,-0.1808,1.0090,4.1258,4.3215,5.2763,5.2844,6
2459736.721067,-6.6959,-5.9838,4.1258,4.3215,5.2763,5.2844,6
2459736.758317,1.4590,-7.7133,4.1258,4.3215,5.2763,5.2844,6
2459736.782807,-4.8867,5.4127,4.1258,4.3215,5.2763,5.2844,6
2459736.855277,-0.6434,-5.6251,4.1258,4.3215,5.2763,5.2844,6
2459737.780147,4.4424,5.6629,4.1258,4.3215,5.2763,5.2844,6
2459739.861577,5.9283,0.6816,4.1258,4.3215,5.2763,5.2844,6
2459740.612057,6.9518,0.0159,4.1258,4.3215,5.2763,5.2844,6
2459740.629447,9.7374,3.4848,4.1258,4.3215,5.2763,5.2844,6
2459740.650657,-4.9743,-7.4826,4.1258,4.3215,5.2763,5.2844,6
2459740.667977,-1.7055,-7.5119,4.1258,4.3215,5.2763,5.2844,6
2459740.684927,-2.2718,-1.8845,4.1258,4.3215,5.2763,5.2844,6
2459740.732417,2.7353,-2.1057,4.1258,4.3215,5.2763,5.2844,6
2459740.749497,7.2963,-6.2179,4.1258,4.3215,5.2763,5.2844,6
2459740.766727,-7.2973,-4.0913,4.1258,4.3215,5.2763,5.2844,6
2459740.788547,5.7505,-5.7827,4.1258,4.3215,5.2763,5.2844,6
2459740.805317,0.6596,-2.8010,4.1258,4.3215,5.2763,5.2844,6
2459740.839327,3.6606,-2.9547,4.1258,4.3215,5.2763,5.2844,6
2459740.860017,-4.5408,-8.2740,4.1258,4.3215,5.2763,5.2844,6
2459740.877257,5.7485,-1.2035,4.1258,4.3215,5.2763,5.2844,6
2459741.886037,-1.4594,-4.4643,4.1258,4.3215,5.2763,5.2844,6
2459742.651687,2.0567,-10.7684,4.1258,4.3215,5.2763,5.2844,6
2459742.669547,1.2680,-3.7230,4.1258,4.3215,5.2763,5.2844,6
2459742.686737,4.4644,0.8990,4.1258,4.3215,5.2763,5.2844,6
2459742.715197,10.1854,1.4770,4.1258,4.3215,5.2763,5.2844,6
2459742.732377,14.8986,-4.3494,4.1258,4.3215,5.2763,5.2844,6
2459742.748867,2.9234,-4.4660,4.1258,4.3215,5.2763,5.2844,6
2459742.850827,-2.0191,3.8544,4.1258,4.3215,5.2763,5.2844,6
2459742.867587,-2.7711,1.9821,4.1258,4.3215,5.2763,5.2844,6
2459742.884687,8.9835,0.9210,4.1258,4.3215,5.2763,5.2844,6
2459742.886197,-0.9812,3.0731,4.1258,4.3215,5.2763,5.2844,6
2459743.706527,-3.9240,-1.6844,4.1258,4.3215,5.2763,5.2844,6
2459748.575187,1.8356,0.6801,4.1258,4.3215,5.2763,5.2844,6
2459748.618757,2.2241,-11.9287,4.1258,4.3215,5.2763,5.2844,6
2459748.655187,3.2282,1.2954,4.1258,4.3215,5.2763,5.2844,6
2459749.583187,6.4219,-10.9861,4.1258,4.3215,5.2763,5.2844,6
2459749.600407,7.1135,-11.9872,4.1258,4.3215,5.2763,5.2844,6
2459749.617697,3.7348,-9.8180,4.1258,4.3215,5.2763,5.2844,6
2459749.638507,-1.2798,-4.7084,4.1258,4.3215,5.2763,5.2844,6
2459749.669987,-5.9093,-2.2308,4.1258,4.3215,5.2763,5.2844,6
2459749.697677,-1.0406,-7.1819,4.1258,4.3215,5.2763,5.2844,6
2459749.732187,11.7037,-5.7078,4.1258,4.3215,5.2763,5.2844,6
2459749.749867,11.0763,-2.8905,4.1258,4.3215,5.2763,5.2844,6
2459749.777597,-3.5154,0.3501,4.1258,4.3215,5.2763,5.2844,6
2459749.795997,6.9373,0.2109,4.1258,4.3215,5.2763,5.2844,6
2459749.813107,10.8445,7.0299,4.1258,4.3215,5.2763,5.2844,6
2459749.829957,3.1571,4.3050,4.1258,4.3215,5.2763,5.2844,6
2459749.846307,1.4068,-4.0821,4.1258,4.3215,5.2763,5.2844,6
2459749.863207,5.3837,-8.0669,4.1258,4.3215,5.2763,5.2844,6
2459749.866467,-10.0453,3.0561,4.1258,4.3215,5.2763,5.2844,6
2459750.601307,-10.7771,1.3134,4.1258,4.3215,5.2763,5.2844,6
2459750.658077,-7.9374,-2.6843,4.1258,4.3215,5.2763,5.2844,6
2459751.746107,10.0211,-1.3527,4.1258,4.3215,5.2763,5.2844,6
2459751.771007,2.7760,-16.9528,4.1258,4.3215,5.2763,5.2844,6
2459751.791537,8.8372,-0.3861,4.1258,4.3215,5.2763,5.2844,6
2459755.573467,-10.9993,7.6038,4.1258,4.3215,5.2763,5.2844,6
2459755.611887,0.2677,-6.8810,4.1258,4.3215,5.2763,5.2844,6
2459755.630627,-2.2267,-5.4234,4.1258,4.3215,5.2763,5.2844,6
2459755.695767,0.5442,2.1941,4.1258,4.3215,5.2763,5.2844,6
2459755.712377,-3.0038,3.0601,4.1258,4.3215,5.2763,5.2844,6
2459755.729307,-10.7847,-16.4443,4.1258,4.3215,5.2763,5.2844,6
2459758.769457,-7.0458,-3.3666,4.1258,4.3215,5.2763,5.2844,6
2459759.515947,-2.8352,-9.7448,4.1258,4.3215,5.2763,5.2844,6
2459759.535737,8.4935,6.5761,4.1258,4.3215,5.2763,5.2844,6
2459759.565077,6.7255,-6.1259,4.1258,4.3215,5.2763,5.2844,6
2459759.581977,-1.4632,-0.0977,4.1258,4.3215,5.2763,5.2844,6
2459759.603277,3.3453,-2.7433,4.1258,4.3215,5.2763,5.2844,6
2459759.620257,0.3370,-6.6116,4.1258,4.3215,5.2763,5.2844,6
2459759.641087,-6.8492,-4.0934,4.1258,4.3215,5.2763,5.2844,6
2459759.668557,5.7377,-0.2688,4.1258,4.3215,5.2763,5.2844,6
2459759.685297,-5.7845,-2.9957,4.1258,4.3215,5.2763,5.2844,6
2459759.702627,5.0468,-5.0450,4.1258,4.3215,5.2763,5.2844,6
2459759.726437,0.7790,-8.3838,4.1258,4.3215,5.2763,5.2844,6
2459759.744427,6.0944,3.0518,4.1258,4.3215,5.2763,5.2844,6
2459759.771907,8.7799,-2.6859,4.1258,4.3215,5.2763,5.2844,6
2459759.792797,3.6159,-6.6942,4.1258,4.3215,5.2763,5.2844,6
2459759.806567,0.9324,-8.3908,4.1258,4.3215,5.2763,5.2844,6
2459759.823867,3.7900,-9.3970,4.1258,4.3215,5.2763,5.2844,6
2459759.839437,3.4674,7.1376,4.1258,4.3215,5.2763,5.2844,6
2459760.519067,6.4795,-4.0447,4.1258,4.3215,5.2763,5.2844,6
2459760.536397,-4.9423,-5.6362,4.1258,4.3215,5.2763,5.2844,6
2459760.564257,-0.3857,-5.1525,4.1258,4.3215,5.2763,5.2844,6
2459760.581577,9.8221,0.0717,4.1258,4.3215,5.2763,5.2844,6
2459760.598907,9.7379,0.5785,4.1258,4.3215,5.2763,5.2844,6
2459760.616377,3.2582,2.7858,4.1258,4.3215,5.2763,5.2844,6
2459760.633877,14.5192,-3.2059,4.1258,4.3215,5.2763,5.2844,6
2459760.661597,1.0916,2.7491,4.1258,4.3215,5.2763,5.2844,6
2459760.678877,0.3215,2.5369,4.1258,4.3215,5.2763,5.2844,6
2459760.696157,-1.1339,-8.4868,4.1258,4.3215,5.2763,5.2844,6
2459760.717977,-1.1388,-1.4105,4.1258,4.3215,5.2763,5.2844,6
2459760.774167,1.1966,-5.5712,4.1258,4.3215,5.2763,5.2844,6
2459760.790647,7.2299,-4.5110,4.1258,4.3215,5.2763,5.2844,6
2459760.807087,5.3638,-12.2519,4.1258,4.3215,5.2763,5.2844,6
2459760.823717,8.1607,-0.8863,4.1258,4.3215,5.2763,5.2844,6
2459760.835807,-1.3175,-7.5848,4.1258,4.3215,5.2763,5.2844,6
2459761.537077,-13.4616,3.7693,4.1258,4.3215,5.2763,5.2844,6
2459761.554767,-1.8235,0.1766,4.1258,4.3215,5.2763,5.2844,6
2459761.572767,-3.8507,5.1613,4.1258,4.3215,5.2763,5.2844,6
2459761.608097,2.4109,-5.0425,4.1258,4.3215,5.2763,5.2844,6
2459761.688977,4.4456,-11.1323,4.1258,4.3215,5.2763,5.2844,6
2459761.712037,-2.1085,-4.9370,4.1258,4.3215,5.2763,5.2844,6
2459761.733027,0.5828,-7.2763,4.1258,4.3215,5.2763,5.2844,6
2459761.750267,-7.5753,-18.0293,4.1258,4.3215,5.2763,5.2844,6
2459761.782867,7.2584,-2.2854,4.1258,4.3215,5.2763,5.2844,6
2459761.799527,-0.1548,5.3219,4.1258,4.3215,5.2763,5.2844,6
2459761.816677,5.8231,-3.6297,4.1258,4.3215,5.2763,5.2844,6
2459761.833587,3.1050,8.0663,4.1258,4.3215,5.2763,5.2844,6
2459762.733897,5.2102,-19.2763,4.1258,4.3215,5.2763,5.2844,6
2459762.761187,-12.7056,5.1128,4.1258,4.3215,5.2763,5.2844,6
2459762.811827,-2.9292,-20.0017,4.1258,4.3215,5.2763,5.2844,6
2459763.561067,15.2099,3.3415,4.1258,4.3215,5.2763,5.2844,6
2459763.612887,-4.7072,-5.1006,4.1258,4.3215,5.2763,5.2844,6
2459763.630087,8.9254,-7.6462,4.1258,4.3215,5.2763,5.2844,6
2459763.648047,-3.5284,-9.0999,4.1258,4.3215,5.2763,5.2844,6
2459763.669077,1.8981,3.3265,4.1258,4.3215,5.2763,5.2844,6
2459763.731047,4.6733,-7.5952,4.1258,4.3215,5.2763,5.2844,6
2459763.752767,-4.3691,-9.9377,4.1258,4.3215,5.2763,5.2844,6
2459763.803137,-1.8143,-9.8230,4.1258,4.3215,5.2763,5.2844,6
2459763.827597,0.5898,-11.2494,4.1258,4.3215,5.2763,5.2844,6
2459764.611017,-13.2285,-2.2862,4.1258,4.3215,5.2763,5.2844,6
2459764.676917,7.0528,-14.3578,4.1258,4.3215,5.2763,5.2844,6
2459764.721837,-4.7414,-16.8075,4.1258,4.3215,5.2763,5.2844,6
2459764.743207,-4.9919,-7.9510,4.1258,4.3215,5.2763,5.2844,6
2459764.759927,-2.7979,-6.0240,4.1258,4.3215,5.2763,5.2844,6
2459764.777277,-1.4823,-13.1460,4.1258,4.3215,5.2763,5.2844,6
2459765.536107,-13.3632,-3.5154,4.1258,4.3215,5.2763,5.2844,6
2459765.570897,5.2807,-14.6760,4.1258,4.3215,5.2763,5.2844,6
2459765.599027,-15.4045,-13.2091,4.1258,4.3215,5.2763,5.2844,6
2459765.616517,-14.7131,4.5579,4.1258,4.3215,5.2763,5.2844,6
2459765.634247,8.2627,-1.0420,4.1258,4.3215,5.2763,5.2844,6
2459765.651497,-3.3758,-0.5810,4.1258,4.3215,5.2763,5.2844,6
2459765.668857,0.8085,2.6245,4.1258,4.3215,5.2763,5.2844,6
2459765.695627,-0.1168,-16.0891,4.1258,4.3215,5.2763,5.2844,6
2459765.712867,4.0713,4.9686,4.1258,4.3215,5.2763,5.2844,6
2459765.754587,8.6028,-10.5685,4.1258,4.3215,5.2763,5.2844,6
2459766.633147,14.0450,-2.6351,4.1258,4.3215,5.2763,5.2844,6
2459766.650477,-2.4001,10.5287,4.1258,4.3215,5.2763,5.2844,6
2459766.712947,6.7423,-10.1386,4.1258,4.3215,5.2763,5.2844,6
2459766.746657,-0.1208,-6.5907,4.1258,4.3215,5.2763,5.2844,6
2459767.486677,-12.9642,-6.3187,4.1258,4.3215,5.2763,5.2844,6
2459767.503987,-9.4212,3.7058,4.1258,4.3215,5.2763,5.2844,6
2459767.549517,-1.2840,-20.7106,4.1258,4.3215,5.2763,5.2844,6
2459767.566907,-3.5534,0.3890,4.1258,4.3215,5.2763,5.2844,6
2459767.604977,-1.5475,5.3077,4.1258,4.3215,5.2763,5.2844,6
2459767.643157,-11.6273,3.0278,4.1258,4.3215,5.2763,5.2844,6
2459767.671477,-2.8683,0.7933,4.1258,4.3215,5.2763,5.2844,6
2459767.690527,2.0908,-5.3732,4.1258,4.3215,5.2763,5.2844,6
2459767.724967,0.7306,-3.8831,4.1258,4.3215,5.2763,5.2844,6
2459767.742387,2.5090,-7.3438,4.1258,4.3215,5.2763,5.2844,6
2459767.769957,-2.1294,-12.2688,4.1258,4.3215,5.2763,5.2844,6
2459767.786877,-4.9424,-6.2395,4.1258,4.3215,5.2763,5.2844,6
2459767.803877,-3.9793,-4.4033,4.1258,4.3215,5.2763,5.2844,6
2459769.548827,-2.1442,-14.4362,4.1258,4.3215,5.2763,5.2844,6
2459769.565817,12.7441,-0.6801,4.1258,4.3215,5.2763,5.2844,6
2459769.583177,8.1434,-14.7233,4.1258,4.3215,5.2763,5.2844,6
2459769.615597,9.2985,-4.3172,4.1258,4.3215,5.2763,5.2844,6
2459769.646347,-0.8190,-8.5500,4.1258,4.3215,5.2763,5.2844,6
2459769.668277,8.6544,-0.8997,4.1258,4.3215,5.2763,5.2844,6
2459769.719927,-2.9050,9.0623,4.1258,4.3215,5.2763,5.2844,6
2459788.661147,-7.0652,7.8206,4.1258,4.3215,5.2763,5.2844,6
2459788.716847,10.6561,6.5087,4.1258,4.3215,5.2763,5.2844,6
2459789.523927,13.3477,-11.0248,4.1258,4.3215,5.2763,5.2844,6
2459789.558567,2.9118,0.2714,4.1258,4.3215,5.2763,5.2844,6
2459789.586617,-8.0992,2.4101,4.1258,4.3215,5.2763,5.2844,6
2459789.712047,-7.8877,8.4120,4.1258,4.3215,5.2763,5.2844,6
2459791.568987,0.3036,-14.9750,4.1258,4.3215,5.2763,5.2844,6
2459791.642097,5.6038,-2.1374,4.1258,4.3215,5.2763,5.2844,6
2459791.669287,8.3753,0.9973,4.1258,4.3215,5.2763,5.2844,6
2459791.686007,12.1899,-4.1433,4.1258,4.3215,5.2763,5.2844,6
2459791.702687,-7.2471,3.4725,4.1258,4.3215,5.2763,5.2844,6
2459791.751727,-3.6998,-9.2117,4.1258,4.3215,5.2763,5.2844,6
2459792.488387,0.2701,-2.9017,4.1258,4.3215,5.2763,5.2844,6
2459792.506057,0.0968,-9.7873,4.1258,4.3215,5.2763,5.2844,6
2459792.523367,1.5633,1.8573,4.1258,4.3215,5.2763,5.2844,6
2459792.540817,-8.5438,-11.8009,4.1258,4.3215,5.2763,5.2844,6
2459792.560497,6.0520,-2.2087,4.1258,4.3215,5.2763,5.2844,6
2459792.592737,6.4839,-8.7692,4.1258,4.3215,5.2763,5.2844,6
2459792.628477,1.1690,0.4320,4.1258,4.3215,5.2763,5.2844,6
2459792.645567,5.8325,-5.6476,4.1258,4.3215,5.2763,5.2844,6
2459792.662917,5.6149,0.4595,4.1258,4.3215,5.2763,5.2844,6
2459792.679767,0.3124,-3.8392,4.1258,4.3215,5.2763,5.2844,6
2459792.707237,-0.8816,-5.7673,4.1258,4.3215,5.2763,5.2844,6
2459792.734987,5.8214,9.6957,4.1258,4.3215,5.2763,5.2844,6
2459793.481617,7.1809,-2.7516,4.1258,4.3215,5.2763,5.2844,6
2459793.516647,12.7851,2.6223,4.1258,4.3215,5.2763,5.2844,6
2459793.534347,-2.7131,-3.7874,4.1258,4.3215,5.2763,5.2844,6
2459793.562467,3.0172,-9.6657,4.1258,4.3215,5.2763,5.2844,6
2459793.579767,6.4322,0.9367,4.1258,4.3215,5.2763,5.2844,6
2459793.602017,7.2169,-7.8090,4.1258,4.3215,5.2763,5.2844,6
2459793.636927,4.2485,-7.0111,4.1258,4.3215,5.2763,5.2844,6
2459793.665197,5.3394,0.0359,4.1258,4.3215,5.2763,5.2844,6
2459793.694907,11.6519,4.9482,4.1258,4.3215,5.2763,5.2844,6
2459793.711927,6.0621,9.1726,4.1258,4.3215,5.2763,5.2844,6
2459795.576037,8.5802,-15.9160,4.1258,4.3215,5.2763,5.2844,6
2459795.616867,13.1053,-13.7263,4.1258,4.3215,5.2763,5.2844,6
2459795.717897,7.4661,-14.3452,4.1258,4.3215,5.2763,5.2844,6
2459796.481487,-7.8120,-3.6079,4.1258,4.3215,5.2763,5.2844,6
2459796.505267,12.1443,-8.5770,4.1258,4.3215,5.2763,5.2844,6
2459796.533047,6.9064,-4.3005,4.1258,4.3215,5.2763,5.2844,6
2459796.535767,0.3232,-2.9029,4.1258,4.3215,5.2763,5.2844,6
2459796.552947,4.2542,-7.6037,4.1258,4.3215,5.2763,5.2844,6
2459796.570217,-6.6917,4.8886,4.1258,4.3215,5.2763,5.2844,6
2459796.587507,2.1248,-3.5504,4.1258,4.3215,5.2763,5.2844,6
2459796.606167,1.7774,1.0984,4.1258,4.3215,5.2763,5.2844,6
2459796.633977,2.6985,-0.2990,4.1258,4.3215,5.2763,5.2844,6
2459796.668907,6.6902,1.9406,4.1258,4.3215,5.2763,5.2844,6
2459796.685967,6.9585,2.8453,4.1258,4.3215,5.2763,5.2844,6
2459796.731727,-2.3043,-14.4289,4.1258,4.3215,5.2763,5.2844,6
2459796.737277,6.3105,2.5575,4.1258,4.3215,5.2763,5.2844,6
2459797.517777,6.8684,8.4216,4.1258,4.3215,5.2763,5.2844,6
2459797.535167,-0.9706,-7.2596,4.1258,4.3215,5.2763,5.2844,6
2459797.562937,2.6359,-14.3941,4.1258,4.3215,5.2763,5.2844,6
2459797.580237,-0.8523,4.4607,4.1258,4.3215,5.2763,5.2844,6
2459797.614647,5.0599,-12.3220,4.1258,4.3215,5.2763,5.2844,6
2459797.649177,4.4651,3.2700,4.1258,4.3215,5.2763,5.2844,6
2459804.492697,4.4831,0.3072,4.1258,4.3215,5.2763,5.2844,6
2459804.557477,-0.1631,-4.7965,4.1258,4.3215,5.2763,5.2844,6
2459804.615457,3.6565,0.7169,4.1258,4.3215,5.2763,5.2844,6
2459805.473877,-2.1177,-1.1347,4.1258,4.3215,5.2763,5.2844,6
2459805.519627,5.2883,-11.7064,4.1258,4.3215,5.2763,5.2844,6
2459805.536797,4.6589,-4.8189,4.1258,4.3215,5.2763,5.2844,6
2459805.554657,4.2045,2.8975,4.1258,4.3215,5.2763,5.2844,6
2459805.572107,4.6467,-2.8628,4.1258,4.3215,5.2763,5.2844,6
2459805.589527,-2.5156,-1.6658,4.1258,4.3215,5.2763,5.2844,6
2459805.650827,2.1291,-0.3954,4.1258,4.3215,5.2763,5.2844,6
2459805.667477,0.1335,-6.7822,4.1258,4.3215,5.2763,5.2844,6
2459805.684207,0.0642,-5.9764,4.1258,4.3215,5.2763,5.2844,6
2459805.710977,0.8793,-6.4558,4.1258,4.3215,5.2763,5.2844,6
2459807.558547,7.7284,-5.1286,4.1258,4.3215,5.2763,5.2844,6
2459807.672007,0.8542,1.0503,4.1258,4.3215,5.2763,5.2844,6
2459807.706167,9.1496,1.6054,4.1258,4.3215,5.2763,5.2844,6
2459808.495717,2.1308,-4.3483,4.1258,4.3215,5.2763,5.2844,6
2459808.524917,6.7277,-1.8962,4.1258,4.3215,5.2763,5.2844,6
2459808.542167,4.9794,-3.9600,4.1258,4.3215,5.2763,5.2844,6
2459808.559497,-2.5279,-6.6115,4.1258,4.3215,5.2763,5.2844,6
2459808.578227,4.1006,-2.4002,4.1258,4.3215,5.2763,5.2844,6
2459808.618147,2.4731,-5.6668,4.1258,4.3215,5.2763,5.2844,6
2459809.701157,4.0117,-5.7403,4.1258,4.3215,5.2763,5.2844,6
2459810.476697,7.1859,-4.9509,4.1258,4.3215,5.2763,5.2844,6
2459810.498317,4.3943,-1.2355,4.1258,4.3215,5.2763,5.2844,6
2459810.515277,-1.3439,-5.5579,4.1258,4.3215,5.2763,5.2844,6
2459810.542457,8.9060,-2.7690,4.1258,4.3215,5.2763,5.2844,6
2459810.570827,-1.8364,-4.0010,4.1258,4.3215,5.2763,5.2844,6
2459810.587857,0.1192,-6.0157,4.1258,4.3215,5.2763,5.2844,6
2459810.611487,5.5912,-5.4931,4.1258,4.3215,5.2763,5.2844,6
2459810.629627,3.9221,-4.9677,4.1258,4.3215,5.2763,5.2844,6
2459810.647667,2.2075,3.7764,4.1258,4.3215,5.2763,5.2844,6
2459810.697647,6.0399,-5.0398,4.1258,4.3215,5.2763,5.2844,6
2459811.481837,-0.0241,-6.2451,4.1258,4.3215,5.2763,5.2844,6
2459811.499287,3.7016,-3.9779,4.1258,4.3215,5.2763,5.2844,6
2459811.516277,6.6592,1.3540,4.1258,4.3215,5.2763,5.2844,6
2459811.562527,-0.4215,-0.5650,4.1258,4.3215,5.2763,5.2844,6
2459811.606757,-0.0885,-4.6160,4.1258,4.3215,5.2763,5.2844,6
2459811.646797,-2.3537,-0.7113,4.1258,4.3215,5.2763,5.2844,6
2459811.676187,-4.4279,-7.1866,4.1258,4.3215,5.2763,5.2844,6
2459811.695967,5.8886,-10.9828,4.1258,4.3215,5.2763,5.2844,6
2459812.488227,2.4549,2.1540,4.1258,4.3215,5.2763,5.2844,6
2459812.506377,-0.3414,-5.8715,4.1258,4.3215,5.2763,5.2844,6
2459812.544357,1.2439,-11.0407,4.1258,4.3215,5.2763,5.2844,6
2459812.576617,-0.8058,-1.1552,4.1258,4.3215,5.2763,5.2844,6
2459812.610027,-3.4665,-1.6116,4.1258,4.3215,5.2763,5.2844,6
2459812.627067,-3.6893,-5.6909,4.1258,4.3215,5.2763,5.2844,6
2459812.677917,-1.4243,-3.7005,4.1258,4.3215,5.2763,5.2844,6
2459812.694907,-4.0684,-7.3081,4.1258,4.3215,5.2763,5.2844,6
2459813.484837,5.3738,-4.9129,4.1258,4.3215,5.2763,5.2844,6
2459813.503247,-3.1886,-1.9559,4.1258,4.3215,5.2763,5.2844,6
2459813.520037,1.2658,-6.2700,4.1258,4.3215,5.2763,5.2844,6
2459813.604227,4.1677,-0.0309,4.1258,4.3215,5.2763,5.2844,6
2459813.621647,-0.9554,-5.6393,4.1258,4.3215,5.2763,5.2844,6
2459813.684947,1.1219,0.4062,4.1258,4.3215,5.2763,5.2844,6
2459813.692127,2.6878,-10.6039,4.1258,4.3215,5.2763,5.2844,6
2459814.490347,1.1605,-2.3680,4.1258,4.3215,5.2763,5.2844,6
2459814.507627,0.5177,-4.4216,4.1258,4.3215,5.2763,5.2844,6
2459814.604237,7.0253,-2.7447,4.1258,4.3215,5.2763,5.2844,6
2459815.472247,5.0529,-4.9303,4.1258,4.3215,5.2763,5.2844,6
2459815.490657,9.2517,-4.2023,4.1258,4.3215,5.2763,5.2844,6
2459815.509277,0.4251,-1.4983,4.1258,4.3215,5.2763,5.2844,6
2459815.530517,7.3940,2.1049,4.1258,4.3215,5.2763,5.2844,6
2459815.550457,-0.0033,-7.4030,4.1258,4.3215,5.2763,5.2844,6
2459815.578077,6.0867,-6.1347,4.1258,4.3215,5.2763,5.2844,6
2459815.594677,-3.2542,3.5767,4.1258,4.3215,5.2763,5.2844,6
2459815.614337,1.1219,-5.8826,4.1258,4.3215,5.2763,5.2844,6
2459816.497627,0.5570,-5.7882,4.1258,4.3215,5.2763,5.2844,6
2459816.514537,0.9136,-3.7431,4.1258,4.3215,5.2763,5.2844,6
2459816.531517,4.2617,-9.0445,4.1258,4.3215,5.2763,5.2844,6
2459816.548497,4.6712,-3.8106,4.1258,4.3215,5.2763,5.2844,6
2459816.575897,9.3869,-1.1275,4.1258,4.3215,5.2763,5.2844,6
2459816.592667,2.7969,-1.1598,4.1258,4.3215,5.2763,5.2844,6
2459816.624537,4.1108,-1.5260,4.1258,4.3215,5.2763,5.2844,6
2459816.675407,-0.1013,-7.7488,4.1258,4.3215,5.2763,5.2844,6
2459817.488407,5.1744,-5.0807,4.1258,4.3215,5.2763,5.2844,6
2459817.535767,2.5314,-10.2746,4.1258,4.3215,5.2763,5.2844,6
2459817.557067,2.9435,-7.6675,4.1258,4.3215,5.2763,5.2844,6
2459817.591177,10.1960,-1.2781,4.1258,4.3215,5.2763,5.2844,6
2459817.619197,-1.7219,-9.4652,4.1258,4.3215,5.2763,5.2844,6
2459817.678197,3.8494,-2.2019,4.1258,4.3215,5.2763,5.2844,6
2459818.494867,-2.3902,-2.7214,4.1258,4.3215,5.2763,5.2844,6
2459818.522427,-2.2101,-2.5861,4.1258,4.3215,5.2763,5.2844,6
2459818.539607,1.6288,-5.1672,4.1258,4.3215,5.2763,5.2844,6
2459818.556347,4.3728,0.5974,4.1258,4.3215,5.2763,5.2844,6
2459818.573727,7.0011,-5.1618,4.1258,4.3215,5.2763,5.2844,6
2459818.590737,-4.0469,-3.7380,4.1258,4.3215,5.2763,5.2844,6
2459818.607737,0.5060,-3.1710,4.1258,4.3215,5.2763,5.2844,6
2459818.643487,6.2057,-5.2798,4.1258,4.3215,5.2763,5.2844,6
2459818.660287,-2.1612,-4.2196,4.1258,4.3215,5.2763,5.2844,6
2459818.676077,4.9920,3.3350,4.1258,4.3215,5.2763,5.2844,6
2459820.478247,1.6766,-3.6178,4.1258,4.3215,5.2763,5.2844,6
2459820.495327,7.0512,-5.5878,4.1258,4.3215,5.2763,5.2844,6
2459820.512407,7.0333,-4.8498,4.1258,4.3215,5.2763,5.2844,6
2459820.533717,3.1324,-9.4900,4.1258,4.3215,5.2763,5.2844,6
2459820.560937,2.6627,-5.0116,4.1258,4.3215,5.2763,5.2844,6
2459820.588847,3.9629,-4.2025,4.1258,4.3215,5.2763,5.2844,6
2459820.609887,2.1629,-6.9207,4.1258,4.3215,5.2763,5.2844,6
2459820.626977,-2.5012,-4.3025,4.1258,4.3215,5.2763,5.2844,6
2459820.644327,6.2763,-5.3581,4.1258,4.3215,5.2763,5.2844,6
2459820.661247,2.6162,-0.8382,4.1258,4.3215,5.2763,5.2844,6
2459820.670667,8.3396,1.8574,4.1258,4.3215,5.2763,5.2844,6
2459821.518377,5.5353,-1.8028,4.1258,4.3215,5.2763,5.2844,6
2459821.535457,0.4116,-5.1692,4.1258,4.3215,5.2763,5.2844,6
2459821.603887,6.5119,-6.6602,4.1258,4.3215,5.2763,5.2844,6
2459821.621097,3.1892,-1.3384,4.1258,4.3215,5.2763,5.2844,6
2459821.644297,-0.2594,-1.1338,4.1258,4.3215,5.2763,5.2844,6
2459821.668057,5.5729,-11.4387,4.1258,4.3215,5.2763,5.2844,6
2459822.486837,2.8613,3.3473,4.1258,4.3215,5.2763,5.2844,6
2459822.514287,5.0508,-2.8048,4.1258,4.3215,5.2763,5.2844,6
2459822.531347,2.0732,-3.2702,4.1258,4.3215,5.2763,5.2844,6
2459822.548027,-3.7711,-7.4059,4.1258,4.3215,5.2763,5.2844,6
2459822.565197,6.1628,3.4840,4.1258,4.3215,5.2763,5.2844,6
2459822.581647,-0.2896,-5.9815,4.1258,4.3215,5.2763,5.2844,6
2459822.643227,5.7843,-1.2393,4.1258,4.3215,5.2763,5.2844,6
2459822.660307,-0.9530,-4.4393,4.1258,4.3215,5.2763,5.2844,6
2459822.663047,1.3959,-6.2592,4.1258,4.3215,5.2763,5.2844,6
2459824.512207,4.7823,3.8651,4.1258,4.3215,5.2763,5.2844,6
2459824.595997,-4.0634,-2.0763,4.1258,4.3215,5.2763,5.2844,6
2459824.651177,-4.1101,2.6982,4.1258,4.3215,5.2763,5.2844,6
2459826.489997,2.1751,-5.6235,4.1258,4.3215,5.2763,5.2844,6
2459828.501077,-4.2805,-9.2627,4.1258,4.3215,5.2763,5.2844,6
2459829.503427,5.6232,6.9870,4.1258,4.3215,5.2763,5.2844,6
2459832.501367,-4.9047,1.3370,4.1258,4.3215,5.2763,5.2844,6
2459832.518417,-6.9493,2.4870,4.1258,4.3215,5.2763,5.2844,6
2459832.562467,13.4928,-16.4191,4.1258,4.3215,5.2763,5.2844,6
2459833.504747,4.0215,8.5338,4.1258,4.3215,5.2763,5.2844,6
2459833.521707,3.5780,-15.5131,4.1258,4.3215,5.2763,5.2844,6
2459834.491747,1.7294,-4.8283,4.1258,4.3215,5.2763,5.2844,6
2459834.513887,3.2730,8.7079,4.1258,4.3215,5.2763,5.2844,6
2459834.553167,6.9879,-8.5507,4.1258,4.3215,5.2763,5.2844,6
2459834.582167,4.6739,0.0479,4.1258,4.3215,5.2763,5.2844,6
2459834.600137,7.3312,1.9693,4.1258,4.3215,5.2763,5.2844,6
2459834.617317,7.3769,-16.5284,4.1258,4.3215,5.2763,5.2844,6
2459834.634177,-2.5986,1.8253,4.1258,4.3215,5.2763,5.2844,6
2459835.521427,5.4397,2.9275,4.1258,4.3215,5.2763,5.2844,6
2459835.593847,-7.4463,1.2537,4.1258,4.3215,5.2763,5.2844,6
2459835.624557,13.0357,-15.0115,4.1258,4.3215,5.2763,5.2844,6
2459836.568837,7.0362,-15.8724,4.1258,4.3215,5.2763,5.2844,6
2459837.492997,5.3278,-5.3770,4.1258,4.3215,5.2763,5.2844,6
2459837.510307,-1.3524,0.5875,4.1258,4.3215,5.2763,5.2844,6
2459837.537707,-4.7275,3.1616,4.1258,4.3215,5.2763,5.2844,6
2459837.554397,1.8610,-5.2163,4.1258,4.3215,5.2763,5.2844,6
2459837.571407,11.1670,2.5918,4.1258,4.3215,5.2763,5.2844,6
2459837.588187,8.5814,-11.1892,4.1258,4.3215,5.2763,5.2844,6
2459838.511527,0.0811,-2.6709,4.1258,4.3215,5.2763,5.2844,6
2459838.528607,8.3446,-11.5268,4.1258,4.3215,5.2763,5.2844,6
2459838.545427,3.5274,-5.3659,4.1258,4.3215,5.2763,5.2844,6
2459838.562227,-3.7164,-0.5754,4.1258,4.3215,5.2763,5.2844,6
2459838.579127,4.1328,-10.3465,4.1258,4.3215,5.2763,5.2844,6
2459838.606797,-1.7373,-6.4506,4.1258,4.3215,5.2763,5.2844,6
2459840.527407,17.1286,-12.8309,4.1258,4.3215,5.2763,5.2844,6
2459840.555837,-3.9043,-3.3129,4.1258,4.3215,5.2763,5.2844,6
2459841.570957,1.7089,-9.5749,4.1258,4.3215,5.2763,5.2844,6
2459841.598527,9.2432,4.8471,4.1258,4.3215,5.2763,5.2844,6
2459841.611287,-2.5270,11.4520,4.1258,4.3215,5.2763,5.2844,6
2459842.609287,0.2516,-5.0545,4.1258,4.3215,5.2763,5.2844,6
2459843.546867,15.4210,8.7084,4.1258,4.3215,5.2763,5.2844,6
2459844.547767,-5.3576,-1.8409,4.1258,4.3215,5.2763,5.2844,6
2459844.578477,5.5247,7.2022,4.1258,4.3215,5.2763,5.2844,6
2459844.595797,9.4712,4.0739,4.1258,4.3215,5.2763,5.2844,6
2459844.604047,5.0346,1.4672,4.1258,4.3215,5.2763,5.2844,6
2459845.491907,0.9718,-6.9634,4.1258,4.3215,5.2763,5.2844,6
2459845.512787,0.6000,-1.1995,4.1258,4.3215,5.2763,5.2844,6
2459845.529457,4.4760,-1.5239,4.1258,4.3215,5.2763,5.2844,6
2459845.550637,0.4219,-0.1378,4.1258,4.3215,5.2763,5.2844,6
2459845.578737,-3.3037,-9.3597,4.1258,4.3215,5.2763,5.2844,6
2459845.595817,-7.9723,4.5217,4.1258,4.3215,5.2763,5.2844,6
2459845.604037,6.7448,-6.3720,4.1258,4.3215,5.2763,5.2844,6
2459846.499387,12.7806,-5.8043,4.1258,4.3215,5.2763,5.2844,6
2459846.533307,-2.9981,-0.6025,4.1258,4.3215,5.2763,5.2844,6
2459848.508397,-4.4936,-9.2298,4.1258,4.3215,5.2763,5.2844,6
2459848.525717,-6.4003,-3.7264,4.1258,4.3215,5.2763,5.2844,6
2459848.542157,3.6304,-8.5075,4.1258,4.3215,5.2763,5.2844,6
2459848.592087,-2.4598,-16.0565,4.1258,4.3215,5.2763,5.2844,6
2459850.522447,5.9829,0.6133,4.1258,4.3215,5.2763,5.2844,6
2459851.495647,10.9792,-12.2282,4.1258,4.3215,5.2763,5.2844,6
2459851.512827,7.8383,-13.6053,4.1258,4.3215,5.2763,5.2844,6
2459851.529727,6.8731,4.7320,4.1258,4.3215,5.2763,5.2844,6
2459852.514677,4.8047,-0.4189,4.1258,4.3215,5.2763,5.2844,6
2459852.531827,4.4048,-14.1427,4.1258,4.3215,5.2763,5.2844,6
2459852.550567,5.4577,-14.6721,4.1258,4.3215,5.2763,5.2844,6
2459852.584127,9.2519,-6.9773,4.1258,4.3215,5.2763,5.2844,6
2459853.512497,-7.4467,-4.2025,4.1258,4.3215,5.2763,5.2844,6
2459853.533207,2.5604,-3.0089,4.1258,4.3215,5.2763,5.2844,6
2459853.570197,10.9995,-12.2179,4.1258,4.3215,5.2763,5.2844,6
2459859.507697,2.1274,1.1815,4.1258,4.3215,5.2763,5.2844,6
2459862.512317,11.7157,-1.8771,4.1258,4.3215,5.2763,5.2844,6
2459864.516227,1.4448,-7.1364,4.1258,4.3215,5.2763,5.2844,6
2459865.536647,11.3039,0.8034,4.1258,4.3215,5.2763,5.2844,6
2459866.508867,2.5851,-4.7305,4.1258,4.3215,5.2763,5.2844,6
2459866.525787,-0.5598,-6.5187,4.1258,4.3215,5.2763,5.2844,6
2459867.544977,-6.4168,3.1018,4.1258,4.3215,5.2763,5.2844,6
2459868.501227,3.9287,-1.4683,4.1258,4.3215,5.2763,5.2844,6
2459869.518477,8.3491,-7.2070,4.1258,4.3215,5.2763,5.2844,6
2459995.872677,-0.2808,-6.7361,4.1258,4.3215,3.8922,4.6680,7
2459997.866477,0.8296,-17.3197,4.1258,4.3215,3.8922,4.6680,7
2459997.884407,3.0104,-16.5190,4.1258,4.3215,3.8922,4.6680,7
2459998.865617,-2.8055,-8.2879,4.1258,4.3215,3.8922,4.6680,7
2459999.849137,6.9020,-4.3562,4.1258,4.3215,3.8922,4.6680,7
2459999.866647,7.5072,-3.8493,4.1258,4.3215,3.8922,4.6680,7
2459999.884137,3.5030,-5.2613,4.1258,4.3215,3.8922,4.6680,7
2460000.881937,12.0251,-14.6157,4.1258,4.3215,3.8922,4.6680,7
2460001.851167,-2.1208,1.5442,4.1258,4.3215,3.8922,4.6680,7
2460001.868847,8.1095,-10.0485,4.1258,4.3215,3.8922,4.6680,7
2460001.886127,-2.4750,-11.4458,4.1258,4.3215,3.8922,4.6680,7
2460002.843617,-2.7367,-4.4316,4.1258,4.3215,3.8922,4.6680,7
2460002.860817,4.0006,-4.1611,4.1258,4.3215,3.8922,4.6680,7
2460002.878817,2.7191,1.4435,4.1258,4.3215,3.8922,4.6680,7
2460003.851767,4.2093,-9.4056,4.1258,4.3215,3.8922,4.6680,7
2460003.887817,5.8913,-9.3296,4.1258,4.3215,3.8922,4.6680,7
2460003.890937,3.3455,-14.8997,4.1258,4.3215,3.8922,4.6680,7
2460005.853957,7.4170,-5.7988,4.1258,4.3215,3.8922,4.6680,7
2460005.881727,1.7242,-10.2340,4.1258,4.3215,3.8922,4.6680,7
2460006.839817,-3.4359,-11.8030,4.1258,4.3215,3.8922,4.6680,7
2460006.863217,3.1384,-9.9876,4.1258,4.3215,3.8922,4.6680,7
2460006.876637,2.0851,-13.1975,4.1258,4.3215,3.8922,4.6680,7
2460007.841767,3.2735,2.4447,4.1258,4.3215,3.8922,4.6680,7
2460007.859407,3.1971,-2.5591,4.1258,4.3215,3.8922,4.6680,7
2460007.893377,10.0630,-9.3450,4.1258,4.3215,3.8922,4.6680,7
2460009.849267,1.4492,-1.0447,4.1258,4.3215,3.8922,4.6680,7
2460010.852337,3.0135,-2.7216,4.1258,4.3215,3.8922,4.6680,7
2460011.867507,11.5479,-5.9360,4.1258,4.3215,3.8922,4.6680,7
2460011.886487,3.0654,-6.7543,4.1258,4.3215,3.8922,4.6680,7
2460012.823207,6.7962,-16.5052,4.1258,4.3215,3.8922,4.6680,7
2460012.841007,10.5514,-2.5529,4.1258,4.3215,3.8922,4.6680,7
2460012.858597,1.1277,-10.5878,4.1258,4.3215,3.8922,4.6680,7
2460013.824767,-0.9097,-10.1071,4.1258,4.3215,3.8922,4.6680,7
2460013.867067,11.0976,-10.4974,4.1258,4.3215,3.8922,4.6680,7
2460013.884887,5.2810,-4.1577,4.1258,4.3215,3.8922,4.6680,7
2460014.875297,5.9888,-7.2686,4.1258,4.3215,3.8922,4.6680,7
2460014.895097,4.5308,-3.8559,4.1258,4.3215,3.8922,4.6680,7
2460016.882827,2.8701,1.9874,4.1258,4.3215,3.8922,4.6680,7
2460016.899957,2.8702,-8.8212,4.1258,4.3215,3.8922,4.6680,7
2460019.811287,9.8553,2.1115,4.1258,4.3215,3.8922,4.6680,7
2460019.849997,11.0899,-9.1860,4.1258,4.3215,3.8922,4.6680,7
2460019.895157,-1.5581,-11.6211,4.1258,4.3215,3.8922,4.6680,7
2460020.809587,4.5007,-7.4714,4.1258,4.3215,3.8922,4.6680,7
2460020.827507,6.8479,-14.3312,4.1258,4.3215,3.8922,4.6680,7
2460020.851687,2.1933,-13.3501,4.1258,4.3215,3.8922,4.6680,7
2460020.884917,4.0439,-5.5918,4.1258,4.3215,3.8922,4.6680,7
2460021.887287,5.7752,1.8003,4.1258,4.3215,3.8922,4.6680,7
2460021.904587,10.1736,-2.6289,4.1258,4.3215,3.8922,4.6680,7
2460022.804937,2.2492,3.3468,4.1258,4.3215,3.8922,4.6680,7
2460023.784637,1.8206,-3.9847,4.1258,4.3215,3.8922,4.6680,7
2460023.801937,3.7139,-12.9693,4.1258,4.3215,3.8922,4.6680,7
2460023.819457,4.7872,-14.0814,4.1258,4.3215,3.8922,4.6680,7
2460023.836667,-0.3435,-10.2170,4.1258,4.3215,3.8922,4.6680,7
2460024.782297,3.7913,-10.0004,4.1258,4.3215,3.8922,4.6680,7
2460024.851297,3.2545,-7.2291,4.1258,4.3215,3.8922,4.6680,7
2460024.868747,10.3478,-11.9574,4.1258,4.3215,3.8922,4.6680,7
2460024.885917,2.4290,-3.1002,4.1258,4.3215,3.8922,4.6680,7
2460025.816347,6.2461,-11.8647,4.1258,4.3215,3.8922,4.6680,7
2460025.833937,3.6250,-11.7225,4.1258,4.3215,3.8922,4.6680,7
2460025.858217,2.7481,-1.7077,4.1258,4.3215,3.8922,4.6680,7
2460025.893077,-2.2222,-10.5491,4.1258,4.3215,3.8922,4.6680,7
2460026.839647,9.5073,-14.4502,4.1258,4.3215,3.8922,4.6680,7
2460026.857027,11.1433,-12.7742,4.1258,4.3215,3.8922,4.6680,7
2460026.874327,2.9482,-4.8584,4.1258,4.3215,3.8922,4.6680,7
2460026.891717,7.6207,-10.8392,4.1258,4.3215,3.8922,4.6680,7
2460026.909027,0.1954,-5.0910,4.1258,4.3215,3.8922,4.6680,7
2460027.789177,8.2642,-2.1533,4.1258,4.3215,3.8922,4.6680,7
2460027.824997,-0.0486,-6.6100,4.1258,4.3215,3.8922,4.6680,7
2460027.842267,2.8146,-3.9978,4.1258,4.3215,3.8922,4.6680,7
2460027.861527,3.7554,-3.3847,4.1258,4.3215,3.8922,4.6680,7
2460027.893927,4.3406,-0.9311,4.1258,4.3215,3.8922,4.6680,7
2460028.773667,3.9017,-4.3818,4.1258,4.3215,3.8922,4.6680,7
2460028.831157,3.5100,-7.1120,4.1258,4.3215,3.8922,4.6680,7
2460028.853027,7.8361,-4.3762,4.1258,4.3215,3.8922,4.6680,7
2460028.888697,7.3953,-7.6017,4.1258,4.3215,3.8922,4.6680,7
2460028.906597,4.1534,-10.1332,4.1258,4.3215,3.8922,4.6680,7
2460029.790297,4.3894,0.6272,4.1258,4.3215,3.8922,4.6680,7
2460029.808187,7.6360,-3.1264,4.1258,4.3215,3.8922,4.6680,7
2460029.825517,8.2150,-6.5805,4.1258,4.3215,3.8922,4.6680,7
2460029.862727,6.4182,-7.4003,4.1258,4.3215,3.8922,4.6680,7
2460029.896687,4.0062,-11.3969,4.1258,4.3215,3.8922,4.6680,7
2460030.868957,4.8180,-8.7889,4.1258,4.3215,3.8922,4.6680,7
2460030.886667,6.4632,0.9066,4.1258,4.3215,3.8922,4.6680,7
2460030.903997,-1.3980,-8.0353,4.1258,4.3215,3.8922,4.6680,7
2460031.808557,7.0237,-2.4527,4.1258,4.3215,3.8922,4.6680,7
2460031.825917,5.9793,-11.1424,4.1258,4.3215,3.8922,4.6680,7
2460031.843557,1.9435,-15.7088,4.1258,4.3215,3.8922,4.6680,7
2460031.860737,5.8844,-11.0752,4.1258,4.3215,3.8922,4.6680,7
2460031.878397,1.6728,-13.8812,4.1258,4.3215,3.8922,4.6680,7
2460032.762997,5.7462,-0.3501,4.1258,4.3215,3.8922,4.6680,7
2460032.767337,4.2980,-1.3903,4.1258,4.3215,3.8922,4.6680,7
2460032.787967,4.3688,-7.3555,4.1258,4.3215,3.8922,4.6680,7
2460032.856937,5.5676,-6.1763,4.1258,4.3215,3.8922,4.6680,7
2460032.875017,0.3341,-10.7066,4.1258,4.3215,3.8922,4.6680,7
2460032.892617,-2.5500,-3.5450,4.1258,4.3215,3.8922,4.6680,7
2460032.909567,3.3979,-6.7244,4.1258,4.3215,3.8922,4.6680,7
2460033.839987,10.5069,-11.8698,4.1258,4.3215,3.8922,4.6680,7
2460033.905537,9.2056,-2.6485,4.1258,4.3215,3.8922,4.6680,7
2460034.893227,2.2610,-4.2036,4.1258,4.3215,3.8922,4.6680,7
2460034.910347,1.3972,-9.4098,4.1258,4.3215,3.8922,4.6680,7
2460035.776477,-1.2083,-15.9288,4.1258,4.3215,3.8922,4.6680,7
2460035.804977,-0.4515,-0.4364,4.1258,4.3215,3.8922,4.6680,7
2460035.845497,6.5552,-6.8444,4.1258,4.3215,3.8922,4.6680,7
2460035.883647,2.5636,-8.9884,4.1258,4.3215,3.8922,4.6680,7
2460035.902357,8.7244,-7.8145,4.1258,4.3215,3.8922,4.6680,7
2460036.756197,-1.8855,-10.6015,4.1258,4.3215,3.8922,4.6680,7
2460036.774057,10.9478,0.6341,4.1258,4.3215,3.8922,4.6680,7
2460036.791397,-2.4749,-10.5008,4.1258,4.3215,3.8922,4.6680,7
2460036.836987,3.3394,-7.4034,4.1258,4.3215,3.8922,4.6680,7
2460037.751907,8.1518,-4.3554,4.1258,4.3215,3.8922,4.6680,7
2460037.806597,5.0810,-6.8021,4.1258,4.3215,3.8922,4.6680,7
2460037.824247,6.4177,-11.2378,4.1258,4.3215,3.8922,4.6680,7
2460037.852097,4.8902,-11.6837,4.1258,4.3215,3.8922,4.6680,7
2460037.869227,9.9770,-2.1426,4.1258,4.3215,3.8922,4.6680,7
2460037.905497,4.3530,-5.8856,4.1258,4.3215,3.8922,4.6680,7
2460038.789157,4.7049,-9.2659,4.1258,4.3215,3.8922,4.6680,7
2460038.806047,4.7573,-11.7995,4.1258,4.3215,3.8922,4.6680,7
2460038.823167,4.2530,-4.5633,4.1258,4.3215,3.8922,4.6680,7
2460038.840757,3.9626,-2.9682,4.1258,4.3215,3.8922,4.6680,7
2460038.872647,1.5878,-11.5721,4.1258,4.3215,3.8922,4.6680,7
2460038.910517,4.9221,-8.7241,4.1258,4.3215,3.8922,4.6680,7
2460039.785487,2.7532,-9.4881,4.1258,4.3215,3.8922,4.6680,7
2460039.805667,8.6075,-6.5750,4.1258,4.3215,3.8922,4.6680,7
2460039.823397,1.5640,-12.7096,4.1258,4.3215,3.8922,4.6680,7
2460039.840707,6.5660,-4.2209,4.1258,4.3215,3.8922,4.6680,7
2460039.868847,-2.7322,-8.8619,4.1258,4.3215,3.8922,4.6680,7
2460039.894817,5.9225,-3.4812,4.1258,4.3215,3.8922,4.6680,7
2460040.758467,4.5167,-8.1386,4.1258,4.3215,3.8922,4.6680,7
2460040.786777,10.3064,-14.0805,4.1258,4.3215,3.8922,4.6680,7
2460040.804247,7.9611,-9.3617,4.1258,4.3215,3.8922,4.6680,7
2460040.821437,6.0521,-14.7098,4.1258,4.3215,3.8922,4.6680,7
2460040.838497,-2.3583,-7.3161,4.1258,4.3215,3.8922,4.6680,7
2460040.856127,4.3315,-7.7274,4.1258,4.3215,3.8922,4.6680,7
2460040.883817,3.9087,-5.9584,4.1258,4.3215,3.8922,4.6680,7
2460040.901457,6.8227,-10.7199,4.1258,4.3215,3.8922,4.6680,7
2460041.803137,10.4668,-8.5292,4.1258,4.3215,3.8922,4.6680,7
2460041.820247,3.6745,-0.7715,4.1258,4.3215,3.8922,4.6680,7
2460041.867247,7.8925,-5.2995,4.1258,4.3215,3.8922,4.6680,7
2460041.903337,1.4208,-8.9972,4.1258,4.3215,3.8922,4.6680,7
2460042.746307,9.0063,-10.7100,4.1258,4.3215,3.8922,4.6680,7
2460042.763737,10.1065,-7.9075,4.1258,4.3215,3.8922,4.6680,7
2460042.791837,9.0983,-9.7527,4.1258,4.3215,3.8922,4.6680,7
2460042.808837,2.2114,-7.8687,4.1258,4.3215,3.8922,4.6680,7
2460042.829307,5.2612,-5.9601,4.1258,4.3215,3.8922,4.6680,7
2460042.856227,6.9208,-11.8749,4.1258,4.3215,3.8922,4.6680,7
2460042.874967,7.3774,-6.1791,4.1258,4.3215,3.8922,4.6680,7
2460043.819437,9.4913,-14.9522,4.1258,4.3215,3.8922,4.6680,7
2460043.877967,11.4235,-2.1092,4.1258,4.3215,3.8922,4.6680,7
2460044.877737,7.1391,-10.9331,4.1258,4.3215,3.8922,4.6680,7
2460044.905667,-0.1963,-10.7593,4.1258,4.3215,3.8922,4.6680,7
2460047.787137,-2.1714,-3.7504,4.1258,4.3215,3.8922,4.6680,7
2460047.822157,4.9504,-8.1154,4.1258,4.3215,3.8922,4.6680,7
2460047.861507,3.7430,-0.4748,4.1258,4.3215,3.8922,4.6680,7
2460047.889397,1.0799,-3.2133,4.1258,4.3215,3.8922,4.6680,7
2460047.906917,2.1047,-6.2532,4.1258,4.3215,3.8922,4.6680,7
2460048.729397,4.2247,-2.8484,4.1258,4.3215,3.8922,4.6680,7
2460048.756987,-1.7747,-8.6011,4.1258,4.3215,3.8922,4.6680,7
2460048.794787,6.5585,-9.2089,4.1258,4.3215,3.8922,4.6680,7
2460048.812037,-1.4251,-11.1233,4.1258,4.3215,3.8922,4.6680,7
2460048.829557,4.9938,-11.7582,4.1258,4.3215,3.8922,4.6680,7
2460048.857547,8.9213,-12.5744,4.1258,4.3215,3.8922,4.6680,7
2460048.875187,-0.8066,-3.7400,4.1258,4.3215,3.8922,4.6680,7
2460048.895977,3.9981,-7.5607,4.1258,4.3215,3.8922,4.6680,7
2460048.912727,-0.1820,-3.3734,4.1258,4.3215,3.8922,4.6680,7
2460049.769237,7.5069,-3.3925,4.1258,4.3215,3.8922,4.6680,7
2460049.789797,5.7295,-10.0588,4.1258,4.3215,3.8922,4.6680,7
2460049.808457,5.6308,-0.0179,4.1258,4.3215,3.8922,4.6680,7
2460049.825827,-3.5032,-6.7824,4.1258,4.3215,3.8922,4.6680,7
2460049.857057,5.1076,-6.1965,4.1258,4.3215,3.8922,4.6680,7
2460049.874087,9.0042,-4.2134,4.1258,4.3215,3.8922,4.6680,7
2460049.904047,5.6715,-4.0000,4.1258,4.3215,3.8922,4.6680,7
2460050.729607,-0.2950,-7.6537,4.1258,4.3215,3.8922,4.6680,7
2460050.747717,-2.8178,-9.2629,4.1258,4.3215,3.8922,4.6680,7
2460050.788797,-2.5054,-10.5423,4.1258,4.3215,3.8922,4.6680,7
2460050.809827,3.1443,-7.5021,4.1258,4.3215,3.8922,4.6680,7
2460050.838427,6.6560,-9.7964,4.1258,4.3215,3.8922,4.6680,7
2460050.859127,4.0015,-7.8770,4.1258,4.3215,3.8922,4.6680,7
2460050.904677,4.4567,-7.0329,4.1258,4.3215,3.8922,4.6680,7
2460050.921717,-0.0685,-4.1183,4.1258,4.3215,3.8922,4.6680,7
2460051.737417,7.2346,-11.0437,4.1258,4.3215,3.8922,4.6680,7
2460051.755447,1.9809,-11.6026,4.1258,4.3215,3.8922,4.6680,7
2460051.793747,0.3823,-13.3245,4.1258,4.3215,3.8922,4.6680,7
2460051.863887,3.0894,-10.0255,4.1258,4.3215,3.8922,4.6680,7
2460051.881107,10.5712,-11.3394,4.1258,4.3215,3.8922,4.6680,7
2460051.900857,2.9449,-13.1638,4.1258,4.3215,3.8922,4.6680,7
2460052.785997,2.3083,-12.4630,4.1258,4.3215,3.8922,4.6680,7
2460052.851227,-2.9509,-0.3455,4.1258,4.3215,3.8922,4.6680,7
2460052.885477,2.8330,-0.0581,4.1258,4.3215,3.8922,4.6680,7
2460052.902497,0.8085,-8.4851,4.1258,4.3215,3.8922,4.6680,7
2460053.833047,3.4167,-4.4092,4.1258,4.3215,3.8922,4.6680,7
2460053.851047,1.2565,-13.2059,4.1258,4.3215,3.8922,4.6680,7
2460054.701567,7.3973,-5.0014,4.1258,4.3215,3.8922,4.6680,7
2460054.719167,4.2737,-10.0245,4.1258,4.3215,3.8922,4.6680,7
2460054.737007,0.8027,-0.9977,4.1258,4.3215,3.8922,4.6680,7
2460054.782817,0.4941,-5.1872,4.1258,4.3215,3.8922,4.6680,7
2460054.800637,3.7462,-6.9870,4.1258,4.3215,3.8922,4.6680,7
2460054.818597,-0.4877,-8.0388,4.1258,4.3215,3.8922,4.6680,7
2460054.835637,4.6414,-2.2475,4.1258,4.3215,3.8922,4.6680,7
2460054.852987,2.6306,-7.7241,4.1258,4.3215,3.8922,4.6680,7
2460054.896607,9.1761,-7.6316,4.1258,4.3215,3.8922,4.6680,7
2460054.913727,3.7839,-7.6546,4.1258,4.3215,3.8922,4.6680,7
2460056.707947,-1.8183,-10.7823,4.1258,4.3215,3.8922,4.6680,7
2460056.758917,-0.8778,-11.8616,4.1258,4.3215,3.8922,4.6680,7
2460056.795107,7.6259,-5.6647,4.1258,4.3215,3.8922,4.6680,7
2460056.840247,9.0259,-6.4846,4.1258,4.3215,3.8922,4.6680,7
2460056.896667,5.1548,-11.4660,4.1258,4.3215,3.8922,4.6680,7
2460056.921127,3.6623,-8.8746,4.1258,4.3215,3.8922,4.6680,7
2460057.692507,-2.6251,-2.0029,4.1258,4.3215,3.8922,4.6680,7
2460057.731977,4.3995,-1.4536,4.1258,4.3215,3.8922,4.6680,7
2460057.815897,-4.5069,-12.0695,4.1258,4.3215,3.8922,4.6680,7
2460057.929957,5.6810,-8.5236,4.1258,4.3215,3.8922,4.6680,7
2460058.821087,10.2671,-15.3381,4.1258,4.3215,3.8922,4.6680,7
2460058.866547,4.2555,-14.9807,4.1258,4.3215,3.8922,4.6680,7
2460058.884367,3.7130,-6.6989,4.1258,4.3215,3.8922,4.6680,7
2460059.762137,6.3871,-5.5859,4.1258,4.3215,3.8922,4.6680,7
2460059.779807,9.8042,-7.2792,4.1258,4.3215,3.8922,4.6680,7
2460059.797257,2.1352,-7.8264,4.1258,4.3215,3.8922,4.6680,7
2460060.686477,0.4136,-12.9697,4.1258,4.3215,3.8922,4.6680,7
2460060.704217,6.3841,0.1578,4.1258,4.3215,3.8922,4.6680,7
2460060.723977,-2.0295,-13.9983,4.1258,4.3215,3.8922,4.6680,7
2460060.726817,5.1169,-5.5329,4.1258,4.3215,3.8922,4.6680,7
2460060.756187,11.4161,-7.4631,4.1258,4.3215,3.8922,4.6680,7
2460060.784197,-4.2850,-6.9389,4.1258,4.3215,3.8922,4.6680,7
2460060.801357,5.1576,-2.4693,4.1258,4.3215,3.8922,4.6680,7
2460060.818597,6.0442,-11.2838,4.1258,4.3215,3.8922,4.6680,7
2460060.836217,-4.0110,-2.6398,4.1258,4.3215,3.8922,4.6680,7
2460060.882057,6.6157,-6.7312,4.1258,4.3215,3.8922,4.6680,7
2460060.902327,3.7046,-8.8681,4.1258,4.3215,3.8922,4.6680,7
2460060.919767,9.1571,-1.0286,4.1258,4.3215,3.8922,4.6680,7
2460061.740777,4.4151,-10.0017,4.1258,4.3215,3.8922,4.6680,7
2460061.758177,-0.3330,-10.7628,4.1258,4.3215,3.8922,4.6680,7
2460061.775587,4.6155,-8.8708,4.1258,4.3215,3.8922,4.6680,7
2460061.824787,5.2379,-14.2709,4.1258,4.3215,3.8922,4.6680,7
2460061.841357,8.8615,-9.9722,4.1258,4.3215,3.8922,4.6680,7
2460061.858927,1.1524,-8.7032,4.1258,4.3215,3.8922,4.6680,7
2460061.876457,8.4628,-4.1605,4.1258,4.3215,3.8922,4.6680,7
2460061.921437,6.1957,-6.9399,4.1258,4.3215,3.8922,4.6680,7
2460062.759917,-0.7138,-4.5124,4.1258,4.3215,3.8922,4.6680,7
2460062.800727,0.8807,-8.8203,4.1258,4.3215,3.8922,4.6680,7
2460062.818127,4.1168,-12.6370,4.1258,4.3215,3.8922,4.6680,7
2460062.846567,-3.5833,-9.8998,4.1258,4.3215,3.8922,4.6680,7
2460062.864947,0.9822,-12.4302,4.1258,4.3215,3.8922,4.6680,7
2460063.726827,4.4689,-3.1338,4.1258,4.3215,3.8922,4.6680,7
2460063.744317,4.0434,-10.0840,4.1258,4.3215,3.8922,4.6680,7
2460063.761497,8.4061,-11.9515,4.1258,4.3215,3.8922,4.6680,7
2460063.778537,7.8840,-14.4391,4.1258,4.3215,3.8922,4.6680,7
2460063.806197,4.5138,-12.0005,4.1258,4.3215,3.8922,4.6680,7
2460063.826217,2.9448,-14.1135,4.1258,4.3215,3.8922,4.6680,7
2460063.847077,-3.4639,-6.5233,4.1258,4.3215,3.8922,4.6680,7
2460063.867617,0.5053,-5.7824,4.1258,4.3215,3.8922,4.6680,7
2460063.884857,-0.2908,0.5295,4.1258,4.3215,3.8922,4.6680,7
2460063.917267,8.5429,-1.3722,4.1258,4.3215,3.8922,4.6680,7
2460064.756807,11.5569,-5.7437,4.1258,4.3215,3.8922,4.6680,7
2460064.759647,1.6326,-10.5765,4.1258,4.3215,3.8922,4.6680,7
2460064.778277,4.0028,-13.5760,4.1258,4.3215,3.8922,4.6680,7
2460064.818727,4.9466,-13.1175,4.1258,4.3215,3.8922,4.6680,7
2460064.864387,-3.3194,-3.2297,4.1258,4.3215,3.8922,4.6680,7
2460064.881557,2.6838,-4.7141,4.1258,4.3215,3.8922,4.6680,7
2460064.902817,3.2404,-5.0151,4.1258,4.3215,3.8922,4.6680,7
2460064.920387,2.4359,-14.9556,4.1258,4.3215,3.8922,4.6680,7
2460065.689617,2.3068,-14.5196,4.1258,4.3215,3.8922,4.6680,7
2460065.707137,5.1592,-8.7952,4.1258,4.3215,3.8922,4.6680,7
2460065.724347,-1.1289,-13.5860,4.1258,4.3215,3.8922,4.6680,7
2460065.747057,1.5999,-8.6507,4.1258,4.3215,3.8922,4.6680,7
2460065.764327,1.9658,-5.0718,4.1258,4.3215,3.8922,4.6680,7
2460065.795467,-2.0747,-1.6208,4.1258,4.3215,3.8922,4.6680,7
2460065.811937,9.0438,-7.7728,4.1258,4.3215,3.8922,4.6680,7
2460065.828997,-1.1638,-11.5229,4.1258,4.3215,3.8922,4.6680,7
2460065.848237,7.4178,-3.2095,4.1258,4.3215,3.8922,4.6680,7
2460065.865187,2.5004,-7.5999,4.1258,4.3215,3.8922,4.6680,7
2460065.910837,-0.1759,-9.6649,4.1258,4.3215,3.8922,4.6680,7
2460066.754667,1.9707,-11.8518,4.1258,4.3215,3.8922,4.6680,7
2460066.771877,-1.6586,-9.1173,4.1258,4.3215,3.8922,4.6680,7
2460066.816727,7.0250,-16.1843,4.1258,4.3215,3.8922,4.6680,7
2460066.835197,8.9704,-3.6092,4.1258,4.3215,3.8922,4.6680,7
2460066.852077,2.7598,-9.7477,4.1258,4.3215,3.8922,4.6680,7
2460066.892317,-1.2668,-16.9418,4.1258,4.3215,3.8922,4.6680,7
2460066.919577,-0.0271,-6.6312,4.1258,4.3215,3.8922,4.6680,7
2460067.664057,4.3238,-0.6965,4.1258,4.3215,3.8922,4.6680,7
2460067.682957,5.8020,0.2057,4.1258,4.3215,3.8922,4.6680,7
2460067.703067,10.2984,-3.9969,4.1258,4.3215,3.8922,4.6680,7
2460067.731027,5.4240,-2.5285,4.1258,4.3215,3.8922,4.6680,7
2460067.748587,9.2094,-9.4571,4.1258,4.3215,3.8922,4.6680,7
2460067.774977,0.9912,-4.4497,4.1258,4.3215,3.8922,4.6680,7
2460067.792077,2.3792,-7.7788,4.1258,4.3215,3.8922,4.6680,7
2460067.810997,-1.2217,-5.8790,4.1258,4.3215,3.8922,4.6680,7
2460067.870517,-1.8733,-6.9072,4.1258,4.3215,3.8922,4.6680,7
2460067.887997,11.6353,-7.6646,4.1258,4.3215,3.8922,4.6680,7
2460067.904987,3.2328,-3.6350,4.1258,4.3215,3.8922,4.6680,7
2460067.922357,1.8547,-2.2183,4.1258,4.3215,3.8922,4.6680,7
2460068.785567,9.5156,-9.1940,4.1258,4.3215,3.8922,4.6680,7
2460068.802747,-1.3951,-10.0257,4.1258,4.3215,3.8922,4.6680,7
2460068.819407,-2.8057,-3.3488,4.1258,4.3215,3.8922,4.6680,7
2460068.836127,6.7945,-6.6386,4.1258,4.3215,3.8922,4.6680,7
2460068.897957,-1.2565,-1.7185,4.1258,4.3215,3.8922,4.6680,7
2460069.737177,7.2200,-1.1550,4.1258,4.3215,3.8922,4.6680,7
2460069.755847,-1.3764,-3.7291,4.1258,4.3215,3.8922,4.6680,7
2460069.772877,9.6954,-5.5014,4.1258,4.3215,3.8922,4.6680,7
2460069.811327,4.4247,-4.1383,4.1258,4.3215,3.8922,4.6680,7
2460069.828377,2.7634,-2.8048,4.1258,4.3215,3.8922,4.6680,7
2460069.916187,3.3677,-6.4999,4.1258,4.3215,3.8922,4.6680,7
2460069.933077,4.7492,-5.2069,4.1258,4.3215,3.8922,4.6680,7
2460070.789617,-1.2588,-11.3090,4.1258,4.3215,3.8922,4.6680,7
2460071.799487,4.1761,-3.0813,4.1258,4.3215,3.8922,4.6680,7
2460074.849977,3.2117,-1.8197,4.1258,4.3215,3.8922,4.6680,7
2460075.662197,11.2765,-5.4405,4.1258,4.3215,3.8922,4.6680,7
2460075.679787,3.6192,-7.2680,4.1258,4.3215,3.8922,4.6680,7
2460075.696937,5.3944,-2.6972,4.1258,4.3215,3.8922,4.6680,7
2460075.714637,9.0292,-12.1304,4.1258,4.3215,3.8922,4.6680,7
2460075.736997,4.5784,-6.3606,4.1258,4.3215,3.8922,4.6680,7
2460075.796107,9.8229,-2.3763,4.1258,4.3215,3.8922,4.6680,7
2460075.813207,2.7227,-13.2104,4.1258,4.3215,3.8922,4.6680,7
2460075.830137,4.7226,-8.2131,4.1258,4.3215,3.8922,4.6680,7
2460075.851717,3.4850,-9.4645,4.1258,4.3215,3.8922,4.6680,7
2460075.911697,-0.2199,-8.5371,4.1258,4.3215,3.8922,4.6680,7
2460075.929167,7.2629,-5.0220,4.1258,4.3215,3.8922,4.6680,7
2460076.701017,6.3859,-3.0682,4.1258,4.3215,3.8922,4.6680,7
2460076.742847,5.7945,-1.1306,4.1258,4.3215,3.8922,4.6680,7
2460076.770377,2.1864,-3.9344,4.1258,4.3215,3.8922,4.6680,7
2460076.787097,9.3733,-4.8666,4.1258,4.3215,3.8922,4.6680,7
2460076.885817,-0.6796,-13.9581,4.1258,4.3215,3.8922,4.6680,7
2460076.902447,5.4221,-8.1608,4.1258,4.3215,3.8922,4.6680,7
2460076.919807,-4.1858,-3.6818,4.1258,4.3215,3.8922,4.6680,7
2460077.663347,-2.8880,-15.1982,4.1258,4.3215,3.8922,4.6680,7
2460077.681147,-2.3499,-15.3978,4.1258,4.3215,3.8922,4.6680,7
2460077.716067,8.9216,-4.0678,4.1258,4.3215,3.8922,4.6680,7
2460077.765817,4.0886,-6.0387,4.1258,4.3215,3.8922,4.6680,7
2460077.783127,9.4051,-5.1042,4.1258,4.3215,3.8922,4.6680,7
2460077.842917,9.2293,-0.2231,4.1258,4.3215,3.8922,4.6680,7
2460077.870447,5.6211,-8.7431,4.1258,4.3215,3.8922,4.6680,7
2460077.887827,-2.9915,-5.2944,4.1258,4.3215,3.8922,4.6680,7
2460077.921337,7.9152,-4.8889,4.1258,4.3215,3.8922,4.6680,7
2460078.683927,8.3324,-3.8834,4.1258,4.3215,3.8922,4.6680,7
2460078.704927,1.8096,-8.0818,4.1258,4.3215,3.8922,4.6680,7
2460078.722547,5.2192,-7.1535,4.1258,4.3215,3.8922,4.6680,7
2460078.739647,4.0201,-6.1124,4.1258,4.3215,3.8922,4.6680,7
2460078.767097,3.4599,-5.7076,4.1258,4.3215,3.8922,4.6680,7
2460078.771527,4.2692,-6.2122,4.1258,4.3215,3.8922,4.6680,7
2460078.788457,-2.2376,-7.7754,4.1258,4.3215,3.8922,4.6680,7
2460078.805807,0.9892,-10.2811,4.1258,4.3215,3.8922,4.6680,7
2460078.823377,-0.1460,-5.7917,4.1258,4.3215,3.8922,4.6680,7
2460078.842117,2.5575,-2.1401,4.1258,4.3215,3.8922,4.6680,7
2460078.872747,6.0084,-2.0650,4.1258,4.3215,3.8922,4.6680,7
2460078.906497,11.1584,-3.4667,4.1258,4.3215,3.8922,4.6680,7
2460078.923247,-1.4056,-10.9582,4.1258,4.3215,3.8922,4.6680,7
2460079.640687,8.3804,-2.0815,4.1258,4.3215,3.8922,4.6680,7
2460079.661317,6.0195,-9.5965,4.1258,4.3215,3.8922,4.6680,7
2460079.678577,8.9367,-8.3972,4.1258,4.3215,3.8922,4.6680,7
2460079.696367,7.6883,-2.9245,4.1258,4.3215,3.8922,4.6680,7
2460079.734497,10.7393,-6.8108,4.1258,4.3215,3.8922,4.6680,7
2460079.763027,5.5259,-8.5595,4.1258,4.3215,3.8922,4.6680,7
2460079.813347,5.9026,-6.5392,4.1258,4.3215,3.8922,4.6680,7
2460079.830427,4.7762,-10.5740,4.1258,4.3215,3.8922,4.6680,7
2460079.911027,4.2756,-13.2976,4.1258,4.3215,3.8922,4.6680,7
2460080.642287,5.9751,-2.0250,4.1258,4.3215,3.8922,4.6680,7
2460080.660167,1.0831,-7.4087,4.1258,4.3215,3.8922,4.6680,7
2460080.679907,4.2927,-5.1090,4.1258,4.3215,3.8922,4.6680,7
2460080.697387,9.3005,-10.4886,4.1258,4.3215,3.8922,4.6680,7
2460080.725157,5.9345,-3.9096,4.1258,4.3215,3.8922,4.6680,7
2460080.742607,6.1148,-8.3193,4.1258,4.3215,3.8922,4.6680,7
2460080.759677,10.3831,-14.0155,4.1258,4.3215,3.8922,4.6680,7
2460080.776997,1.5857,-12.1777,4.1258,4.3215,3.8922,4.6680,7
2460080.794177,-1.2097,-3.4227,4.1258,4.3215,3.8922,4.6680,7
2460080.811477,9.4539,-5.5256,4.1258,4.3215,3.8922,4.6680,7
2460080.883017,3.9946,-10.1268,4.1258,4.3215,3.8922,4.6680,7
2460082.746527,0.9635,-4.7474,4.1258,4.3215,3.8922,4.6680,7
2460082.763777,8.8503,-4.3489,4.1258,4.3215,3.8922,4.6680,7
2460082.768137,3.4265,0.5964,4.1258,4.3215,3.8922,4.6680,7
2460082.841357,7.4239,-11.1316,4.1258,4.3215,3.8922,4.6680,7
2460082.875597,-0.3751,-6.2553,4.1258,4.3215,3.8922,4.6680,7
2460082.892407,1.8251,-9.4604,4.1258,4.3215,3.8922,4.6680,7
2460083.697517,6.7790,-12.9334,4.1258,4.3215,3.8922,4.6680,7
2460083.731867,3.5430,-8.7757,4.1258,4.3215,3.8922,4.6680,7
2460084.704427,6.8704,-7.6565,4.1258,4.3215,3.8922,4.6680,7
2460084.807387,-1.3622,-9.4294,4.1258,4.3215,3.8922,4.6680,7
2460084.841957,-2.4819,-9.3100,4.1258,4.3215,3.8922,4.6680,7
2460084.904447,-1.9106,-11.3801,4.1258,4.3215,3.8922,4.6680,7
2460084.936207,4.0226,-4.7831,4.1258,4.3215,3.8922,4.6680,7
2460085.707347,4.7061,-8.3103,4.1258,4.3215,3.8922,4.6680,7
2460085.724517,1.7318,-12.1802,4.1258,4.3215,3.8922,4.6680,7
2460085.743217,5.4992,-5.0944,4.1258,4.3215,3.8922,4.6680,7
2460085.771197,1.4319,-12.5780,4.1258,4.3215,3.8922,4.6680,7
2460085.788377,6.0310,-9.3856,4.1258,4.3215,3.8922,4.6680,7
2460085.805587,5.7833,-12.9766,4.1258,4.3215,3.8922,4.6680,7
2460085.839817,4.4828,-5.7424,4.1258,4.3215,3.8922,4.6680,7
2460086.768167,9.5579,-9.6542,4.1258,4.3215,3.8922,4.6680,7
2460086.825867,6.6244,-7.1671,4.1258,4.3215,3.8922,4.6680,7
2460087.659697,7.0644,-6.6657,4.1258,4.3215,3.8922,4.6680,7
2460087.687937,-3.2902,-7.8683,4.1258,4.3215,3.8922,4.6680,7
2460087.691587,3.8737,-6.6993,4.1258,4.3215,3.8922,4.6680,7
2460087.709227,9.0298,-3.6017,4.1258,4.3215,3.8922,4.6680,7
2460088.695327,2.5989,-1.8927,4.1258,4.3215,3.8922,4.6680,7
2460088.715697,-4.6262,-8.4343,4.1258,4.3215,3.8922,4.6680,7
2460088.883127,10.3850,-8.6107,4.1258,4.3215,3.8922,4.6680,7
2460088.906187,6.2141,-3.5889,4.1258,4.3215,3.8922,4.6680,7
2460088.917657,-1.6344,-2.8078,4.1258,4.3215,3.8922,4.6680,7
2460089.618947,-2.7923,-2.1128,4.1258,4.3215,3.8922,4.6680,7
2460089.640117,-4.0205,-3.0904,4.1258,4.3215,3.8922,4.6680,7
2460089.658077,3.3208,-12.3537,4.1258,4.3215,3.8922,4.6680,7
2460089.675667,-1.6942,-8.5420,4.1258,4.3215,3.8922,4.6680,7
2460089.703797,5.5653,-9.4874,4.1258,4.3215,3.8922,4.6680,7
2460089.733307,3.7738,-7.9371,4.1258,4.3215,3.8922,4.6680,7
2460089.754567,7.5969,-8.2946,4.1258,4.3215,3.8922,4.6680,7
2460089.777327,6.0865,-5.7240,4.1258,4.3215,3.8922,4.6680,7
2460089.815807,6.5308,-8.6020,4.1258,4.3215,3.8922,4.6680,7
2460089.861427,-2.6489,-12.1082,4.1258,4.3215,3.8922,4.6680,7
2460089.878427,5.9585,-10.1276,4.1258,4.3215,3.8922,4.6680,7
2460089.895477,8.9732,-1.7075,4.1258,4.3215,3.8922,4.6680,7
2460089.912737,8.0013,-10.8887,4.1258,4.3215,3.8922,4.6680,7
2460090.848017,5.4019,-12.9716,4.1258,4.3215,3.8922,4.6680,7
2460091.659717,4.1369,-8.0323,4.1258,4.3215,3.8922,4.6680,7
2460091.680177,4.0164,-1.1375,4.1258,4.3215,3.8922,4.6680,7
2460091.697347,0.4346,-4.6172,4.1258,4.3215,3.8922,4.6680,7
2460091.719347,5.4657,-1.6600,4.1258,4.3215,3.8922,4.6680,7
2460091.737787,1.8935,-14.3438,4.1258,4.3215,3.8922,4.6680,7
2460091.766437,0.8313,-9.9194,4.1258,4.3215,3.8922,4.6680,7
2460091.783487,-3.7389,-13.4667,4.1258,4.3215,3.8922,4.6680,7
2460091.800617,2.0055,-9.3479,4.1258,4.3215,3.8922,4.6680,7
2460092.630967,1.0793,-8.1682,4.1258,4.3215,3.8922,4.6680,7
2460092.648177,8.7258,-10.5676,4.1258,4.3215,3.8922,4.6680,7
2460092.729287,-2.3605,-8.6303,4.1258,4.3215,3.8922,4.6680,7
2460092.746797,6.5048,-1.9014,4.1258,4.3215,3.8922,4.6680,7
2460092.750707,1.3194,-5.9924,4.1258,4.3215,3.8922,4.6680,7
2460093.818887,4.1417,-0.0100,4.1258,4.3215,3.8922,4.6680,7
2460093.881717,6.4758,-5.6367,4.1258,4.3215,3.8922,4.6680,7
2460094.680787,6.1972,-9.7737,4.1258,4.3215,3.8922,4.6680,7
2460094.699857,4.3849,-8.1530,4.1258,4.3215,3.8922,4.6680,7
2460094.717287,8.5286,-2.3937,4.1258,4.3215,3.8922,4.6680,7
2460094.762597,3.9239,-6.7023,4.1258,4.3215,3.8922,4.6680,7
2460094.780007,4.7023,-4.7915,4.1258,4.3215,3.8922,4.6680,7
2460094.801157,6.9115,-4.6062,4.1258,4.3215,3.8922,4.6680,7
2460094.818277,6.9418,-4.3363,4.1258,4.3215,3.8922,4.6680,7
2460094.852897,0.3081,-3.8052,4.1258,4.3215,3.8922,4.6680,7
2460094.882307,6.1185,-6.4418,4.1258,4.3215,3.8922,4.6680,7
2460095.611467,5.6802,0.9640,4.1258,4.3215,3.8922,4.6680,7
2460095.692277,4.0238,-1.3964,4.1258,4.3215,3.8922,4.6680,7
2460095.737027,10.2171,-7.6856,4.1258,4.3215,3.8922,4.6680,7
2460095.834267,-0.2154,-5.9640,4.1258,4.3215,3.8922,4.6680,7
2460095.851097,4.5478,-10.4311,4.1258,4.3215,3.8922,4.6680,7
2460096.649317,-0.9992,-7.3011,4.1258,4.3215,3.8922,4.6680,7
2460096.667137,8.2341,-14.2086,4.1258,4.3215,3.8922,4.6680,7
2460096.684747,-0.2655,-2.9342,4.1258,4.3215,3.8922,4.6680,7
2460096.730197,-1.5140,-9.2925,4.1258,4.3215,3.8922,4.6680,7
2460096.750557,-0.7911,-10.4548,4.1258,4.3215,3.8922,4.6680,7
2460096.769927,2.8428,-9.0538,4.1258,4.3215,3.8922,4.6680,7
2460096.803957,4.0797,-10.6156,4.1258,4.3215,3.8922,4.6680,7
2460096.831937,1.6963,-10.1166,4.1258,4.3215,3.8922,4.6680,7
2460096.849517,0.1471,-9.9478,4.1258,4.3215,3.8922,4.6680,7
2460096.866717,9.8116,-2.2401,4.1258,4.3215,3.8922,4.6680,7
2460096.883667,4.3343,-4.3730,4.1258,4.3215,3.8922,4.6680,7
2460096.886377,1.7506,-0.6761,4.1258,4.3215,3.8922,4.6680,7
2460096.903687,7.5513,-11.2831,4.1258,4.3215,3.8922,4.6680,7
2460097.667807,-0.3058,0.4590,4.1258,4.3215,3.8922,4.6680,7
2460097.686277,4.8260,-13.3982,4.1258,4.3215,3.8922,4.6680,7
2460097.706467,-0.4606,-8.2751,4.1258,4.3215,3.8922,4.6680,7
2460097.738867,1.3412,-8.8442,4.1258,4.3215,3.8922,4.6680,7
2460097.756347,-0.9477,-8.6495,4.1258,4.3215,3.8922,4.6680,7
2460097.774027,0.2757,-6.0768,4.1258,4.3215,3.8922,4.6680,7
2460097.855387,6.2533,-3.5915,4.1258,4.3215,3.8922,4.6680,7
2460097.872227,1.2080,-14.4443,4.1258,4.3215,3.8922,4.6680,7
2460098.731577,9.0051,-14.6012,4.1258,4.3215,3.8922,4.6680,7
2460102.757587,4.0426,-7.8809,4.1258,4.3215,3.8922,4.6680,7
2460103.576867,-4.1054,-2.2755,4.1258,4.3215,3.8922,4.6680,7
2460103.643427,3.1930,1.4174,4.1258,4.3215,3.8922,4.6680,7
2460103.677297,-4.6070,-0.3870,4.1258,4.3215,3.8922,4.6680,7
2460103.694517,-1.4768,-8.7551,4.1258,4.3215,3.8922,4.6680,7
2460103.738887,2.6391,-10.6326,4.1258,4.3215,3.8922,4.6680,7
2460103.755627,1.1331,-10.2314,4.1258,4.3215,3.8922,4.6680,7
2460103.772457,1.1331,-9.3879,4.1258,4.3215,3.8922,4.6680,7
2460103.790457,2.9626,-5.8867,4.1258,4.3215,3.8922,4.6680,7
2460103.818287,7.1203,-4.3781,4.1258,4.3215,3.8922,4.6680,7
2460103.837847,-1.1678,-6.1062,4.1258,4.3215,3.8922,4.6680,7
2460103.854557,0.9077,-12.3892,4.1258,4.3215,3.8922,4.6680,7
2460103.871987,5.8782,-2.0370,4.1258,4.3215,3.8922,4.6680,7
2460103.889297,1.0021,-2.8282,4.1258,4.3215,3.8922,4.6680,7
2460103.897547,1.2755,-4.2284,4.1258,4.3215,3.8922,4.6680,7
2460104.562187,4.0010,-3.6341,4.1258,4.3215,3.8922,4.6680,7
2460104.626317,10.3709,-8.0799,4.1258,4.3215,3.8922,4.6680,7
2460104.643707,7.3081,-5.8355,4.1258,4.3215,3.8922,4.6680,7
2460104.660347,6.1779,-5.5944,4.1258,4.3215,3.8922,4.6680,7
2460104.676617,7.7436,-4.0606,4.1258,4.3215,3.8922,4.6680,7
2460104.703967,-0.3053,-8.9269,4.1258,4.3215,3.8922,4.6680,7
2460104.726947,8.8179,-1.0356,4.1258,4.3215,3.8922,4.6680,7
2460104.758877,5.8695,-8.2994,4.1258,4.3215,3.8922,4.6680,7
2460104.792547,7.7241,-8.6410,4.1258,4.3215,3.8922,4.6680,7
2460104.841307,8.1645,1.0812,4.1258,4.3215,3.8922,4.6680,7
2460105.572507,1.3099,-3.0193,4.1258,4.3215,3.8922,4.6680,7
2460105.627607,4.2465,-3.5389,4.1258,4.3215,3.8922,4.6680,7
2460105.644507,4.1565,-10.7729,4.1258,4.3215,3.8922,4.6680,7
2460105.662467,4.1241,-8.3439,4.1258,4.3215,3.8922,4.6680,7
2460105.679167,-4.5880,-10.1079,4.1258,4.3215,3.8922,4.6680,7
2460105.696147,4.6739,-9.1638,4.1258,4.3215,3.8922,4.6680,7
2460105.754147,4.7113,-7.9326,4.1258,4.3215,3.8922,4.6680,7
2460105.771037,9.0661,-10.6243,4.1258,4.3215,3.8922,4.6680,7
2460105.788007,5.1836,-15.0110,4.1258,4.3215,3.8922,4.6680,7
2460105.857777,6.7819,-2.6317,4.1258,4.3215,3.8922,4.6680,7
2460105.874667,-0.4715,-11.3646,4.1258,4.3215,3.8922,4.6680,7
2460106.635207,5.6865,-2.4888,4.1258,4.3215,3.8922,4.6680,7
2460106.653147,9.8426,-14.8279,4.1258,4.3215,3.8922,4.6680,7
2460106.715837,-2.5494,-15.5271,4.1258,4.3215,3.8922,4.6680,7
2460106.733417,5.5789,-15.2353,4.1258,4.3215,3.8922,4.6680,7
2460106.750387,7.1366,-13.9109,4.1258,4.3215,3.8922,4.6680,7
2460106.819517,9.8318,-3.4502,4.1258,4.3215,3.8922,4.6680,7
2460106.857727,2.8087,-4.3717,4.1258,4.3215,3.8922,4.6680,7
2460107.640437,-2.5306,-0.6657,4.1258,4.3215,3.8922,4.6680,7
2460107.657617,1.3214,-3.1267,4.1258,4.3215,3.8922,4.6680,7
2460107.751907,1.9717,-9.8048,4.1258,4.3215,3.8922,4.6680,7
2460107.877367,7.8986,-7.7961,4.1258,4.3215,3.8922,4.6680,7
2460108.624747,3.5835,-6.4748,4.1258,4.3215,3.8922,4.6680,7
2460108.660127,-2.6507,-6.5461,4.1258,4.3215,3.8922,4.6680,7
2460108.741797,2.1830,-10.6050,4.1258,4.3215,3.8922,4.6680,7
2460108.758687,6.2832,-11.9390,4.1258,4.3215,3.8922,4.6680,7
2460108.802957,10.3009,-14.5095,4.1258,4.3215,3.8922,4.6680,7
2460108.837997,7.4765,-7.9855,4.1258,4.3215,3.8922,4.6680,7
2460108.854937,10.5740,-10.6200,4.1258,4.3215,3.8922,4.6680,7
2460109.725077,-3.1697,0.7591,4.1258,4.3215,3.8922,4.6680,7
2460109.786757,0.4029,-11.3549,4.1258,4.3215,3.8922,4.6680,7
2460109.803167,9.9032,1.2153,4.1258,4.3215,3.8922,4.6680,7
2460109.855927,0.0702,-2.2305,4.1258,4.3215,3.8922,4.6680,7
2460110.591047,5.2834,-13.8098,4.1258,4.3215,3.8922,4.6680,7
2460110.608007,8.1654,-6.1354,4.1258,4.3215,3.8922,4.6680,7
2460110.624517,-3.9650,-14.7308,4.1258,4.3215,3.8922,4.6680,7
2460110.641727,4.8864,-3.7105,4.1258,4.3215,3.8922,4.6680,7
2460110.658977,5.4531,-6.9263,4.1258,4.3215,3.8922,4.6680,7
2460110.704897,4.8700,-6.5154,4.1258,4.3215,3.8922,4.6680,7
2460110.739307,3.5042,-2.9722,4.1258,4.3215,3.8922,4.6680,7
2460110.783987,10.3676,-1.4354,4.1258,4.3215,3.8922,4.6680,7
2460110.800597,3.4212,-3.6016,4.1258,4.3215,3.8922,4.6680,7
2460110.817497,1.7093,-7.6799,4.1258,4.3215,3.8922,4.6680,7
2460110.834347,0.0971,-6.0932,4.1258,4.3215,3.8922,4.6680,7
2460110.850927,-2.7115,-13.7926,4.1258,4.3215,3.8922,4.6680,7
2460110.877117,8.9099,-0.3897,4.1258,4.3215,3.8922,4.6680,7
2460111.599657,2.8920,-9.3735,4.1258,4.3215,3.8922,4.6680,7
2460111.616417,1.3360,-6.8121,4.1258,4.3215,3.8922,4.6680,7
2460111.641587,7.8483,-6.3930,4.1258,4.3215,3.8922,4.6680,7
2460111.661277,4.4226,-12.2847,4.1258,4.3215,3.8922,4.6680,7
2460111.698357,8.5966,-9.6908,4.1258,4.3215,3.8922,4.6680,7
2460111.729157,3.2976,-5.4790,4.1258,4.3215,3.8922,4.6680,7
2460111.745547,6.7251,-5.2254,4.1258,4.3215,3.8922,4.6680,7
2460111.762587,1.4859,-3.8060,4.1258,4.3215,3.8922,4.6680,7
2460111.779437,7.8209,-4.4153,4.1258,4.3215,3.8922,4.6680,7
2460111.796787,4.6815,-5.4309,4.1258,4.3215,3.8922,4.6680,7
2460111.828387,-0.0249,-10.5213,4.1258,4.3215,3.8922,4.6680,7
2460111.843777,5.4323,-1.5313,4.1258,4.3215,3.8922,4.6680,7
2460111.861017,1.5587,-4.9462,4.1258,4.3215,3.8922,4.6680,7
2460111.873787,1.5298,-7.0181,4.1258,4.3215,3.8922,4.6680,7
2460112.570807,6.0843,-11.2357,4.1258,4.3215,3.8922,4.6680,7
2460112.625787,5.9159,-4.1862,4.1258,4.3215,3.8922,4.6680,7
2460112.642737,-2.1679,-13.8635,4.1258,4.3215,3.8922,4.6680,7
2460112.670767,2.5621,-15.6372,4.1258,4.3215,3.8922,4.6680,7
2460112.704627,1.9554,-8.3533,4.1258,4.3215,3.8922,4.6680,7
2460112.722317,1.9668,-7.3985,4.1258,4.3215,3.8922,4.6680,7
2460112.740787,4.7812,-8.4400,4.1258,4.3215,3.8922,4.6680,7
2460112.784507,10.1638,-2.5705,4.1258,4.3215,3.8922,4.6680,7
2460112.801027,4.0992,-11.1197,4.1258,4.3215,3.8922,4.6680,7
2460112.822317,2.5147,-6.9673,4.1258,4.3215,3.8922,4.6680,7
2460112.839087,2.9988,-13.5497,4.1258,4.3215,3.8922,4.6680,7
2460112.856127,2.7554,-14.6595,4.1258,4.3215,3.8922,4.6680,7
2460112.872017,4.5148,-4.9101,4.1258,4.3215,3.8922,4.6680,7
2460113.561807,-2.8102,-6.8396,4.1258,4.3215,3.8922,4.6680,7
2460113.595407,6.7338,-1.3802,4.1258,4.3215,3.8922,4.6680,7
2460113.661307,9.4017,-8.8586,4.1258,4.3215,3.8922,4.6680,7
2460113.695877,5.1621,-2.8355,4.1258,4.3215,3.8922,4.6680,7
2460113.712307,8.8771,-5.7105,4.1258,4.3215,3.8922,4.6680,7
2460113.728847,9.5005,-4.5188,4.1258,4.3215,3.8922,4.6680,7
2460113.756027,4.1253,-4.6997,4.1258,4.3215,3.8922,4.6680,7
2460113.772407,-0.2299,-7.1436,4.1258,4.3215,3.8922,4.6680,7
2460113.789437,2.4663,-6.4094,4.1258,4.3215,3.8922,4.6680,7
2460113.824227,3.8488,-14.0446,4.1258,4.3215,3.8922,4.6680,7
2460113.841227,5.1915,-10.4965,4.1258,4.3215,3.8922,4.6680,7
2460114.817537,8.3171,-0.6280,4.1258,4.3215,3.8922,4.6680,7
2460118.664977,-2.3627,-8.2554,4.1258,4.3215,3.8922,4.6680,7
2460118.681517,-0.1114,-10.3026,4.1258,4.3215,3.8922,4.6680,7
2460120.517477,-2.3082,-10.7685,4.1258,4.3215,3.8922,4.6680,7
2460120.548587,8.6822,-1.9402,4.1258,4.3215,3.8922,4.6680,7
2460120.565837,4.4718,-15.5510,4.1258,4.3215,3.8922,4.6680,7
2460120.582847,0.3325,-10.8461,4.1258,4.3215,3.8922,4.6680,7
2460120.599577,2.7288,-15.4663,4.1258,4.3215,3.8922,4.6680,7
2460120.616707,1.5925,-2.0191,4.1258,4.3215,3.8922,4.6680,7
2460120.651187,0.9148,-7.9114,4.1258,4.3215,3.8922,4.6680,7
2460120.686357,3.4161,-4.8446,4.1258,4.3215,3.8922,4.6680,7
2460120.703497,2.5880,-9.7056,4.1258,4.3215,3.8922,4.6680,7
2460120.723297,0.5513,-4.3538,4.1258,4.3215,3.8922,4.6680,7
2460120.751307,3.1348,-9.0959,4.1258,4.3215,3.8922,4.6680,7
2460120.768257,1.6146,-5.4433,4.1258,4.3215,3.8922,4.6680,7
2460120.808907,2.8378,-10.2520,4.1258,4.3215,3.8922,4.6680,7
2460120.830757,3.2336,-11.8761,4.1258,4.3215,3.8922,4.6680,7
2460120.836657,1.6781,-16.7770,4.1258,4.3215,3.8922,4.6680,7
2460121.516527,3.9844,-14.1043,4.1258,4.3215,3.8922,4.6680,7
2460121.533607,5.3934,-11.3045,4.1258,4.3215,3.8922,4.6680,7
2460121.550387,3.6696,-10.2301,4.1258,4.3215,3.8922,4.6680,7
2460121.567687,6.1393,-3.1690,4.1258,4.3215,3.8922,4.6680,7
2460121.589487,1.4463,-13.6850,4.1258,4.3215,3.8922,4.6680,7
2460121.618557,5.7556,-5.5844,4.1258,4.3215,3.8922,4.6680,7
2460121.781267,3.7298,-9.1148,4.1258,4.3215,3.8922,4.6680,7
2460121.831917,0.6660,-6.1842,4.1258,4.3215,3.8922,4.6680,7
2460122.545627,5.9779,2.4824,4.1258,4.3215,3.8922,4.6680,7
2460122.567207,5.0095,-10.5186,4.1258,4.3215,3.8922,4.6680,7
2460122.596427,-0.1162,-7.3231,4.1258,4.3215,3.8922,4.6680,7
2460123.545297,1.1937,-9.4182,4.1258,4.3215,3.8922,4.6680,7
2460123.567437,9.7300,-13.0377,4.1258,4.3215,3.8922,4.6680,7
2460123.595217,6.2609,-4.2729,4.1258,4.3215,3.8922,4.6680,7
2460123.615987,3.4893,-6.0287,4.1258,4.3215,3.8922,4.6680,7
2460123.639647,2.8533,-13.3029,4.1258,4.3215,3.8922,4.6680,7
2460123.667377,4.6868,0.8633,4.1258,4.3215,3.8922,4.6680,7
2460123.687537,2.1063,-9.8381,4.1258,4.3215,3.8922,4.6680,7
2460123.704557,-0.3321,-9.3891,4.1258,4.3215,3.8922,4.6680,7
2460123.721557,1.6485,-6.7680,4.1258,4.3215,3.8922,4.6680,7
2460123.759727,9.1795,-5.4487,4.1258,4.3215,3.8922,4.6680,7
2460123.777067,3.4430,-6.9420,4.1258,4.3215,3.8922,4.6680,7
2460123.794327,3.0663,-1.2004,4.1258,4.3215,3.8922,4.6680,7
2460123.825557,9.0764,-8.9044,4.1258,4.3215,3.8922,4.6680,7
2460123.842467,3.6944,-5.0121,4.1258,4.3215,3.8922,4.6680,7
2460124.526997,-2.4679,-6.4780,4.1258,4.3215,3.8922,4.6680,7
2460124.599027,4.4303,-7.5813,4.1258,4.3215,3.8922,4.6680,7
2460124.600487,3.7691,-3.7164,4.1258,4.3215,3.8922,4.6680,7
2460124.619807,8.0787,-6.1726,4.1258,4.3215,3.8922,4.6680,7
2460124.638357,4.4684,-1.5700,4.1258,4.3215,3.8922,4.6680,7
2460124.673237,1.8649,-11.1172,4.1258,4.3215,3.8922,4.6680,7
2460124.725047,3.9901,-7.5729,4.1258,4.3215,3.8922,4.6680,7
2460124.741927,-1.9081,-2.0550,4.1258,4.3215,3.8922,4.6680,7
2460124.759097,1.3465,-11.5484,4.1258,4.3215,3.8922,4.6680,7
2460124.775967,0.8797,-9.2001,4.1258,4.3215,3.8922,4.6680,7
2460125.534157,8.8013,-15.0458,4.1258,4.3215,3.8922,4.6680,7
2460125.565997,4.9011,-11.5766,4.1258,4.3215,3.8922,4.6680,7
2460125.591467,5.6286,-9.1722,4.1258,4.3215,3.8922,4.6680,7
2460125.625737,2.5435,-14.1853,4.1258,4.3215,3.8922,4.6680,7
2460125.674027,3.2945,-4.6008,4.1258,4.3215,3.8922,4.6680,7
2460125.676837,8.4525,-15.2408,4.1258,4.3215,3.8922,4.6680,7
2460125.697237,4.4756,-9.2646,4.1258,4.3215,3.8922,4.6680,7
2460125.734917,1.9048,-14.1544,4.1258,4.3215,3.8922,4.6680,7
2460125.752117,0.1127,-10.7269,4.1258,4.3215,3.8922,4.6680,7
2460125.791937,0.2907,-11.7283,4.1258,4.3215,3.8922,4.6680,7
2460125.819057,4.6196,-9.1260,4.1258,4.3215,3.8922,4.6680,7
2460125.830097,0.7151,-6.7978,4.1258,4.3215,3.8922,4.6680,7
2460126.659917,2.3879,-8.9453,4.1258,4.3215,3.8922,4.6680,7
2460130.689727,1.0998,-3.3109,4.1258,4.3215,3.8922,4.6680,7
2460130.707147,5.0614,0.9869,4.1258,4.3215,3.8922,4.6680,7
2460130.727087,2.7629,-7.2282,4.1258,4.3215,3.8922,4.6680,7
2460130.743707,1.8011,-10.2060,4.1258,4.3215,3.8922,4.6680,7
2460131.684127,-3.3990,-14.5537,4.1258,4.3215,3.8922,4.6680,7
2460131.701977,2.0412,-12.4005,4.1258,4.3215,3.8922,4.6680,7
2460132.654877,8.6480,-17.2275,4.1258,4.3215,3.8922,4.6680,7
2460132.671907,2.6877,-18.1229,4.1258,4.3215,3.8922,4.6680,7
2460133.692437,4.2654,-5.4828,4.1258,4.3215,3.8922,4.6680,7
2460133.711027,-0.3864,-19.3398,4.1258,4.3215,3.8922,4.6680,7
2460133.746957,3.5196,-5.9788,4.1258,4.3215,3.8922,4.6680,7
2460133.795157,2.8559,-16.7453,4.1258,4.3215,3.8922,4.6680,7
2460133.813237,8.9903,-4.4922,4.1258,4.3215,3.8922,4.6680,7
2460133.814607,4.4291,-11.3587,4.1258,4.3215,3.8922,4.6680,7
2460133.815957,1.2835,-11.0682,4.1258,4.3215,3.8922,4.6680,7
2460134.600437,-3.7448,-5.7457,4.1258,4.3215,3.8922,4.6680,7
2460136.583367,-2.8334,-20.5248,4.1258,4.3215,3.8922,4.6680,7
2460136.648057,-1.9316,-14.7158,4.1258,4.3215,3.8922,4.6680,7
2460138.590337,4.4214,-9.8527,4.1258,4.3215,3.8922,4.6680,7
2460138.636547,8.6629,-9.5154,4.1258,4.3215,3.8922,4.6680,7
2460138.670357,1.6702,-14.1215,4.1258,4.3215,3.8922,4.6680,7
2460138.707877,1.8431,-12.9699,4.1258,4.3215,3.8922,4.6680,7
2460138.735507,-0.1568,-5.7031,4.1258,4.3215,3.8922,4.6680,7
2460138.755787,-6.2538,-5.1416,4.1258,4.3215,3.8922,4.6680,7
2460139.497557,3.5978,-14.4612,4.1258,4.3215,3.8922,4.6680,7
2460139.549967,6.0015,-17.2641,4.1258,4.3215,3.8922,4.6680,7
2460139.630277,-0.2343,-10.6348,4.1258,4.3215,3.8922,4.6680,7
2460139.646877,0.8999,-12.2262,4.1258,4.3215,3.8922,4.6680,7
2460139.666387,10.5900,-14.0861,4.1258,4.3215,3.8922,4.6680,7
2460139.695237,4.5261,-6.0494,4.1258,4.3215,3.8922,4.6680,7
2460139.711917,6.0577,-13.4244,4.1258,4.3215,3.8922,4.6680,7
2460139.732837,3.2710,2.1040,4.1258,4.3215,3.8922,4.6680,7
2460139.753287,3.5500,-4.7140,4.1258,4.3215,3.8922,4.6680,7
2460139.770037,-1.5962,-10.1594,4.1258,4.3215,3.8922,4.6680,7
2460140.485907,6.0684,-2.0383,4.1258,4.3215,3.8922,4.6680,7
2460140.502977,7.1052,-8.8085,4.1258,4.3215,3.8922,4.6680,7
2460140.519807,3.2262,-15.2638,4.1258,4.3215,3.8922,4.6680,7
2460140.552957,2.2665,-18.0598,4.1258,4.3215,3.8922,4.6680,7
2460140.579907,3.3712,-17.9834,4.1258,4.3215,3.8922,4.6680,7
2460140.596757,0.4268,-15.2582,4.1258,4.3215,3.8922,4.6680,7
2460140.615277,6.5738,-14.9640,4.1258,4.3215,3.8922,4.6680,7
2460140.632697,4.8005,-19.2596,4.1258,4.3215,3.8922,4.6680,7
2460140.649447,6.3789,-13.1955,4.1258,4.3215,3.8922,4.6680,7
2460140.678847,4.7556,-11.9232,4.1258,4.3215,3.8922,4.6680,7
2460140.699077,-2.0095,-3.0009,4.1258,4.3215,3.8922,4.6680,7
2460140.715637,4.9970,-10.1998,4.1258,4.3215,3.8922,4.6680,7
2460140.732497,7.3820,-2.4477,4.1258,4.3215,3.8922,4.6680,7
2460140.749077,4.6417,-13.0534,4.1258,4.3215,3.8922,4.6680,7
2460140.776247,9.6077,2.6014,4.1258,4.3215,3.8922,4.6680,7
2460140.793627,2.2775,-15.1147,4.1258,4.3215,3.8922,4.6680,7
2460141.508677,8.1757,-9.5775,4.1258,4.3215,3.8922,4.6680,7
2460141.525567,0.8593,-12.9370,4.1258,4.3215,3.8922,4.6680,7
2460141.553367,5.5222,-13.9579,4.1258,4.3215,3.8922,4.6680,7
2460141.569937,-2.3801,-6.4331,4.1258,4.3215,3.8922,4.6680,7
2460141.586527,3.3315,-6.5011,4.1258,4.3215,3.8922,4.6680,7
2460141.603697,0.4777,-7.9236,4.1258,4.3215,3.8922,4.6680,7
2460141.622547,6.6955,-11.6617,4.1258,4.3215,3.8922,4.6680,7
2460141.651107,3.4968,-7.6256,4.1258,4.3215,3.8922,4.6680,7
2460141.667887,3.9824,-15.0162,4.1258,4.3215,3.8922,4.6680,7
2460141.684587,4.2371,-10.5106,4.1258,4.3215,3.8922,4.6680,7
2460141.718367,1.7060,-0.9126,4.1258,4.3215,3.8922,4.6680,7
2460141.745477,-3.3055,-3.2964,4.1258,4.3215,3.8922,4.6680,7
2460141.762847,3.0772,-2.2997,4.1258,4.3215,3.8922,4.6680,7
2460141.793437,7.5958,-6.4262,4.1258,4.3215,3.8922,4.6680,7
2460142.479317,-0.0500,-20.5603,4.1258,4.3215,3.8922,4.6680,7
2460142.529907,1.3491,-6.7125,4.1258,4.3215,3.8922,4.6680,7
2460142.537587,-3.3649,-14.1857,4.1258,4.3215,3.8922,4.6680,7
2460142.561377,6.2126,-11.9303,4.1258,4.3215,3.8922,4.6680,7
2460142.578117,2.3091,-8.0323,4.1258,4.3215,3.8922,4.6680,7
2460142.595367,4.8903,-8.8697,4.1258,4.3215,3.8922,4.6680,7
2460142.613447,6.6048,1.6304,4.1258,4.3215,3.8922,4.6680,7
2460142.680057,1.5120,1.8551,4.1258,4.3215,3.8922,4.6680,7
2460142.696497,9.0395,-4.6251,4.1258,4.3215,3.8922,4.6680,7
2460142.713447,-4.9168,-9.1971,4.1258,4.3215,3.8922,4.6680,7
2460142.730777,-5.3628,-3.6549,4.1258,4.3215,3.8922,4.6680,7
2460143.472627,-1.9291,-12.7119,4.1258,4.3215,3.8922,4.6680,7
2460143.551967,0.6931,-4.3588,4.1258,4.3215,3.8922,4.6680,7
2460143.568547,2.6427,1.0783,4.1258,4.3215,3.8922,4.6680,7
2460144.536897,-6.9575,-18.0428,4.1258,4.3215,3.8922,4.6680,7
2460144.553547,-4.3936,-13.9109,4.1258,4.3215,3.8922,4.6680,7
2460144.570187,-0.1063,-3.6800,4.1258,4.3215,3.8922,4.6680,7
2460144.591767,10.9144,-8.5748,4.1258,4.3215,3.8922,4.6680,7
2460144.610447,7.9877,4.1107,4.1258,4.3215,3.8922,4.6680,7
2460144.726037,3.2999,-6.5950,4.1258,4.3215,3.8922,4.6680,7
2460144.743217,2.8040,-5.2547,4.1258,4.3215,3.8922,4.6680,7
2460146.546327,7.6310,-0.5715,4.1258,4.3215,3.8922,4.6680,7
2460146.574107,5.6723,-9.2342,4.1258,4.3215,3.8922,4.6680,7
2460146.591047,-2.6232,-8.0522,4.1258,4.3215,3.8922,4.6680,7
2460148.573357,-2.3002,-1.0299,4.1258,4.3215,3.8922,4.6680,7
2460148.703677,8.5552,-14.9771,4.1258,4.3215,3.8922,4.6680,7
2460148.731107,1.2887,-10.9372,4.1258,4.3215,3.8922,4.6680,7
2460149.498487,6.2997,-4.8043,4.1258,4.3215,3.8922,4.6680,7
2460149.515547,3.1105,-6.3812,4.1258,4.3215,3.8922,4.6680,7
2460149.597847,4.5264,-7.9793,4.1258,4.3215,3.8922,4.6680,7
2460149.615137,12.7056,-0.9265,4.1258,4.3215,3.8922,4.6680,7
2460149.675807,10.2038,-12.6871,4.1258,4.3215,3.8922,4.6680,7
2460149.709077,9.3821,-1.1132,4.1258,4.3215,3.8922,4.6680,7
2460150.480047,-0.5955,0.4265,4.1258,4.3215,3.8922,4.6680,7
2460150.488327,-1.6780,-15.4840,4.1258,4.3215,3.8922,4.6680,7
2460150.496927,6.8966,-0.5513,4.1258,4.3215,3.8922,4.6680,7
2460150.505047,-0.7787,-19.7694,4.1258,4.3215,3.8922,4.6680,7
2460150.513427,4.3320,-6.6152,4.1258,4.3215,3.8922,4.6680,7
2460150.577667,12.4599,1.7796,4.1258,4.3215,3.8922,4.6680,7
2460150.587467,0.9982,-2.0755,4.1258,4.3215,3.8922,4.6680,7
2460151.653157,11.3701,-6.2960,4.1258,4.3215,3.8922,4.6680,7
2460151.669797,2.5491,-6.8087,4.1258,4.3215,3.8922,4.6680,7
2460151.687727,1.6515,-12.6104,4.1258,4.3215,3.8922,4.6680,7
2460151.704837,2.6393,-10.7261,4.1258,4.3215,3.8922,4.6680,7
2460151.733437,-0.5525,-9.0951,4.1258,4.3215,3.8922,4.6680,7
2460151.760247,7.7839,2.8324,4.1258,4.3215,3.8922,4.6680,7
2460151.765947,1.9120,-7.4751,4.1258,4.3215,3.8922,4.6680,7
2460153.485487,-3.9311,-7.7056,4.1258,4.3215,3.8922,4.6680,7
2460153.519387,2.8997,-6.9728,4.1258,4.3215,3.8922,4.6680,7
2460153.551387,1.9307,-14.7554,4.1258,4.3215,3.8922,4.6680,7
2460153.568227,8.5493,-3.1570,4.1258,4.3215,3.8922,4.6680,7
2460153.586407,-0.2781,-9.5166,4.1258,4.3215,3.8922,4.6680,7
2460153.603527,5.1682,-3.0513,4.1258,4.3215,3.8922,4.6680,7
2460153.719057,5.7788,-3.7539,4.1258,4.3215,3.8922,4.6680,7
2460153.736087,-1.5654,1.9993,4.1258,4.3215,3.8922,4.6680,7
2460157.596627,4.9564,-8.8986,4.1258,4.3215,3.8922,4.6680,7
2460159.478077,7.2238,-2.2824,4.1258,4.3215,3.8922,4.6680,7
2460159.505057,6.4069,-7.1811,4.1258,4.3215,3.8922,4.6680,7
2460159.539617,10.8092,-9.1239,4.1258,4.3215,3.8922,4.6680,7
2460159.556737,-5.1134,-7.8711,4.1258,4.3215,3.8922,4.6680,7
2460159.577397,7.3947,-8.2885,4.1258,4.3215,3.8922,4.6680,7
2460159.606757,4.2102,-6.4049,4.1258,4.3215,3.8922,4.6680,7
2460159.623337,6.2397,-2.7665,4.1258,4.3215,3.8922,4.6680,7
2460159.641727,3.9079,-17.5685,4.1258,4.3215,3.8922,4.6680,7
2460159.658537,7.0645,-8.0637,4.1258,4.3215,3.8922,4.6680,7
2460159.675387,3.1908,1.9062,4.1258,4.3215,3.8922,4.6680,7
2460159.692057,2.9446,-6.6648,4.1258,4.3215,3.8922,4.6680,7
2460159.736437,6.9629,-11.9346,4.1258,4.3215,3.8922,4.6680,7
2460160.514217,6.0979,-6.8908,4.1258,4.3215,3.8922,4.6680,7
2460160.587767,4.3136,-10.1004,4.1258,4.3215,3.8922,4.6680,7
2460160.604617,1.0368,-8.5604,4.1258,4.3215,3.8922,4.6680,7
2460160.621587,4.1711,-4.6607,4.1258,4.3215,3.8922,4.6680,7
2460160.644487,1.9559,-4.4668,4.1258,4.3215,3.8922,4.6680,7
2460160.700287,0.6380,-11.0161,4.1258,4.3215,3.8922,4.6680,7
2460160.734807,8.5891,-2.5523,4.1258,4.3215,3.8922,4.6680,7
2460161.499467,5.5890,-16.7083,4.1258,4.3215,3.8922,4.6680,7
2460161.517297,-3.2301,-2.6616,4.1258,4.3215,3.8922,4.6680,7
2460161.544917,4.1410,-3.2348,4.1258,4.3215,3.8922,4.6680,7
2460161.565557,7.2052,-5.1852,4.1258,4.3215,3.8922,4.6680,7
2460161.583987,9.6158,-5.4608,4.1258,4.3215,3.8922,4.6680,7
2460161.600797,10.0465,-16.7679,4.1258,4.3215,3.8922,4.6680,7
2460161.626227,10.5745,-7.6740,4.1258,4.3215,3.8922,4.6680,7
2460161.643477,5.4010,-7.5525,4.1258,4.3215,3.8922,4.6680,7
2460161.671357,5.3007,-4.6880,4.1258,4.3215,3.8922,4.6680,7
2460161.693817,1.9066,-14.7078,4.1258,4.3215,3.8922,4.6680,7
2460161.710577,4.3129,-2.9477,4.1258,4.3215,3.8922,4.6680,7
2460161.717597,0.6733,-8.9670,4.1258,4.3215,3.8922,4.6680,7
2460161.731717,5.6266,2.8636,4.1258,4.3215,3.8922,4.6680,7
2460162.540707,-5.3612,-12.2770,4.1258,4.3215,3.8922,4.6680,7
2460162.563467,4.1479,-10.0035,4.1258,4.3215,3.8922,4.6680,7
2460162.598677,3.6234,-0.1841,4.1258,4.3215,3.8922,4.6680,7
2460162.615197,4.5650,-5.9669,4.1258,4.3215,3.8922,4.6680,7
2460162.642997,8.1339,-5.8612,4.1258,4.3215,3.8922,4.6680,7
2460162.667257,9.0204,-2.4578,4.1258,4.3215,3.8922,4.6680,7
2460162.690637,3.8021,-12.0520,4.1258,4.3215,3.8922,4.6680,7
2460162.707537,-2.8837,-9.2620,4.1258,4.3215,3.8922,4.6680,7
2460163.613807,6.4063,-4.8522,4.1258,4.3215,3.8922,4.6680,7
2460163.633667,-1.3700,-16.3675,4.1258,4.3215,3.8922,4.6680,7
2460163.650517,2.7876,-6.4897,4.1258,4.3215,3.8922,4.6680,7
2460163.667247,9.4634,-14.3848,4.1258,4.3215,3.8922,4.6680,7
2460163.671407,7.2438,-12.7594,4.1258,4.3215,3.8922,4.6680,7
2460167.496587,-4.9646,-12.0687,4.1258,4.3215,3.8922,4.6680,7
2460167.569457,10.1711,-15.7870,4.1258,4.3215,3.8922,4.6680,7
2460167.586607,3.9875,-14.7768,4.1258,4.3215,3.8922,4.6680,7
2460167.624257,8.9892,-12.6527,4.1258,4.3215,3.8922,4.6680,7
2460167.641037,3.5767,-9.3503,4.1258,4.3215,3.8922,4.6680,7
2460168.470347,2.0743,-11.0040,4.1258,4.3215,3.8922,4.6680,7
2460168.514607,-0.0432,-14.3148,4.1258,4.3215,3.8922,4.6680,7
2460168.548687,5.0325,-8.0007,4.1258,4.3215,3.8922,4.6680,7
2460168.567047,10.3854,-6.4848,4.1258,4.3215,3.8922,4.6680,7
2460168.588247,1.8019,-4.1700,4.1258,4.3215,3.8922,4.6680,7
2460168.615477,5.9956,-12.1048,4.1258,4.3215,3.8922,4.6680,7
2460168.633077,10.5295,-0.3824,4.1258,4.3215,3.8922,4.6680,7
2460168.649987,0.4028,-14.7254,4.1258,4.3215,3.8922,4.6680,7
2460168.704237,1.8940,-8.9353,4.1258,4.3215,3.8922,4.6680,7
2460169.508567,2.3913,-6.9284,4.1258,4.3215,3.8922,4.6680,7
2460169.547447,8.1918,-8.1772,4.1258,4.3215,3.8922,4.6680,7
2460169.570757,3.7496,2.7319,4.1258,4.3215,3.8922,4.6680,7
2460169.635557,-4.1326,-7.3120,4.1258,4.3215,3.8922,4.6680,7
2460169.652137,4.8780,-1.7256,4.1258,4.3215,3.8922,4.6680,7
2460169.668647,7.6472,-3.3488,4.1258,4.3215,3.8922,4.6680,7
2460169.700037,9.5054,-0.6977,4.1258,4.3215,3.8922,4.6680,7
2460170.478107,2.4393,-7.6657,4.1258,4.3215,3.8922,4.6680,7
2460170.494497,4.4895,-7.0689,4.1258,4.3215,3.8922,4.6680,7
2460170.511197,4.6303,-6.2426,4.1258,4.3215,3.8922,4.6680,7
2460170.585627,5.4955,-1.2744,4.1258,4.3215,3.8922,4.6680,7
2460170.619737,2.3017,-17.4634,4.1258,4.3215,3.8922,4.6680,7
2460170.639427,9.8515,-4.7085,4.1258,4.3215,3.8922,4.6680,7
2460170.656457,7.4254,-11.4257,4.1258,4.3215,3.8922,4.6680,7
2460170.702477,11.2594,-4.0233,4.1258,4.3215,3.8922,4.6680,7
2460171.471667,4.6235,-17.8412,4.1258,4.3215,3.8922,4.6680,7
2460171.488197,10.5939,-2.8451,4.1258,4.3215,3.8922,4.6680,7
2460171.521627,3.0647,-8.3807,4.1258,4.3215,3.8922,4.6680,7
2460171.548667,5.5725,-0.1197,4.1258,4.3215,3.8922,4.6680,7
2460171.566717,-0.6482,-12.1917,4.1258,4.3215,3.8922,4.6680,7
2460171.586867,3.1592,-7.6966,4.1258,4.3215,3.8922,4.6680,7
2460171.607487,6.5357,-8.7432,4.1258,4.3215,3.8922,4.6680,7
2460171.651247,4.9550,-3.2631,4.1258,4.3215,3.8922,4.6680,7
2460171.668537,1.3267,-5.1571,4.1258,4.3215,3.8922,4.6680,7
2460171.685407,0.2090,-8.3973,4.1258,4.3215,3.8922,4.6680,7
2460171.701227,1.0565,-6.7394,4.1258,4.3215,3.8922,4.6680,7
2460173.470757,12.1278,-12.0656,4.1258,4.3215,3.8922,4.6680,7
2460173.487577,7.4020,-8.5964,4.1258,4.3215,3.8922,4.6680,7
2460173.504357,-1.5330,-16.8379,4.1258,4.3215,3.8922,4.6680,7
2460173.521507,8.4833,-8.3026,4.1258,4.3215,3.8922,4.6680,7
2460174.573017,7.2683,-5.4129,4.1258,4.3215,3.8922,4.6680,7
2460174.590187,3.9313,-4.2621,4.1258,4.3215,3.8922,4.6680,7
2460174.606637,4.6303,1.7226,4.1258,4.3215,3.8922,4.6680,7
2460174.669097,-3.8914,3.3516,4.1258,4.3215,3.8922,4.6680,7
2460175.502877,3.4909,-1.3562,4.1258,4.3215,3.8922,4.6680,7
2460175.583267,-1.9457,-16.6233,4.1258,4.3215,3.8922,4.6680,7
2460175.617757,10.1794,2.4354,4.1258,4.3215,3.8922,4.6680,7
2460177.695627,2.3279,-7.4585,4.1258,4.3215,3.8922,4.6680,7
2460178.494627,3.4591,-7.5382,4.1258,4.3215,3.8922,4.6680,7
2460178.545847,9.2852,-5.1004,4.1258,4.3215,3.8922,4.6680,7
2460178.563687,5.6858,-6.9807,4.1258,4.3215,3.8922,4.6680,7
2460178.580217,5.2541,-10.8322,4.1258,4.3215,3.8922,4.6680,7
2460178.600887,9.3485,-2.0719,4.1258,4.3215,3.8922,4.6680,7
2460179.478627,0.3223,-5.7033,4.1258,4.3215,3.8922,4.6680,7
2460179.574547,9.9199,-4.9362,4.1258,4.3215,3.8922,4.6680,7
2460179.591217,10.0602,-15.0751,4.1258,4.3215,3.8922,4.6680,7
2460179.619907,9.2269,-19.5947,4.1258,4.3215,3.8922,4.6680,7
2460179.636267,3.7507,-11.6136,4.1258,4.3215,3.8922,4.6680,7
2460179.652837,8.6021,-3.1118,4.1258,4.3215,3.8922,4.6680,7
2460180.502507,0.5661,-12.8909,4.1258,4.3215,3.8922,4.6680,7
2460180.651097,-4.4450,-8.3950,4.1258,4.3215,3.8922,4.6680,7
2460181.487937,-3.7413,-13.4111,4.1258,4.3215,3.8922,4.6680,7
2460181.540067,-0.9649,-13.4777,4.1258,4.3215,3.8922,4.6680,7
2460181.580177,5.9413,-2.3339,4.1258,4.3215,3.8922,4.6680,7
2460181.612567,4.1735,-7.5191,4.1258,4.3215,3.8922,4.6680,7
2460181.647867,0.2226,-13.2693,4.1258,4.3215,3.8922,4.6680,7
2460181.672457,3.5845,-4.1631,4.1258,4.3215,3.8922,4.6680,7
2460184.516207,-1.5273,-1.7762,4.1258,4.3215,3.8922,4.6680,7
2460184.533047,6.3478,-1.9505,4.1258,4.3215,3.8922,4.6680,7
2460185.518477,1.6455,-15.7777,4.1258,4.3215,3.8922,4.6680,7
2460185.537297,-2.2121,2.7103,4.1258,4.3215,3.8922,4.6680,7
2460185.554927,3.7000,0.6378,4.1258,4.3215,3.8922,4.6680,7
2460185.571867,1.9473,-6.2830,4.1258,4.3215,3.8922,4.6680,7
2460186.523957,4.0780,-2.2902,4.1258,4.3215,3.8922,4.6680,7
2460187.531117,4.8259,-1.3635,4.1258,4.3215,3.8922,4.6680,7
2460187.561527,3.5323,-9.2200,4.1258,4.3215,3.8922,4.6680,7
2460187.594137,-1.3533,-12.6926,4.1258,4.3215,3.8922,4.6680,7
2460187.618317,5.6204,-15.8613,4.1258,4.3215,3.8922,4.6680,7
2460187.638217,1.4120,-8.9628,4.1258,4.3215,3.8922,4.6680,7
2460187.655127,3.7407,-12.5220,4.1258,4.3215,3.8922,4.6680,7
2460188.476737,4.8726,-10.4346,4.1258,4.3215,3.8922,4.6680,7
2460188.493707,1.6657,-10.0560,4.1258,4.3215,3.8922,4.6680,7
2460188.611167,2.7858,-17.3279,4.1258,4.3215,3.8922,4.6680,7
2460188.649217,3.0078,-6.5415,4.1258,4.3215,3.8922,4.6680,7
2460189.508167,9.8315,-16.6623,4.1258,4.3215,3.8922,4.6680,7
2460189.524677,8.0154,1.2368,4.1258,4.3215,3.8922,4.6680,7
2460191.639307,2.2450,-17.7835,4.1258,4.3215,3.8922,4.6680,7
2460193.518647,6.8137,-5.8457,4.1258,4.3215,3.8922,4.6680,7
2460193.566327,10.9957,-14.1742,4.1258,4.3215,3.8922,4.6680,7
2460194.582777,3.0173,-1.3592,4.1258,4.3215,3.8922,4.6680,7
2460196.476947,2.9406,-6.1531,4.1258,4.3215,3.8922,4.6680,7
2460196.494447,3.6303,-6.3701,4.1258,4.3215,3.8922,4.6680,7
2460196.511217,5.9538,-7.7078,4.1258,4.3215,3.8922,4.6680,7
2460196.528207,3.8883,-14.5569,4.1258,4.3215,3.8922,4.6680,7
2460201.516477,9.7953,-0.7529,4.1258,4.3215,3.8922,4.6680,7
2460201.568447,5.8386,-17.9414,4.1258,4.3215,3.8922,4.6680,7
2460202.504827,8.7737,0.7474,4.1258,4.3215,3.8922,4.6680,7
2460202.529087,8.9753,-16.2121,4.1258,4.3215,3.8922,4.6680,7
2460202.588507,4.6862,-17.8366,4.1258,4.3215,3.8922,4.6680,7
2460202.619797,6.5151,-8.4153,4.1258,4.3215,3.8922,4.6680,7
2460203.493087,10.1987,-4.5755,4.1258,4.3215,3.8922,4.6680,7
2460203.510297,7.0953,-6.1226,4.1258,4.3215,3.8922,4.6680,7
2460203.527297,1.7996,-2.6875,4.1258,4.3215,3.8922,4.6680,7
2460203.555757,7.3562,-7.0779,4.1258,4.3215,3.8922,4.6680,7
2460203.573727,1.7041,-10.9476,4.1258,4.3215,3.8922,4.6680,7
2460203.591287,10.2248,-6.3640,4.1258,4.3215,3.8922,4.6680,7
2460203.603237,-0.2696,-5.1482,4.1258,4.3215,3.8922,4.6680,7
2460204.477697,6.7346,-11.4343,4.1258,4.3215,3.8922,4.6680,7
2460204.496607,6.8488,-7.5201,4.1258,4.3215,3.8922,4.6680,7
2460204.513667,4.9615,-11.3485,4.1258,4.3215,3.8922,4.6680,7
2460204.545217,8.9101,-10.4189,4.1258,4.3215,3.8922,4.6680,7
2460204.581147,3.3914,-10.1856,4.1258,4.3215,3.8922,4.6680,7
2460204.596827,-0.8149,-10.7378,4.1258,4.3215,3.8922,4.6680,7
2460204.610677,2.6642,-13.5980,4.1258,4.3215,3.8922,4.6680,7
2460205.585957,5.5197,-8.7543,4.1258,4.3215,3.8922,4.6680,7
2460205.604457,6.8465,-3.9050,4.1258,4.3215,3.8922,4.6680,7
2460206.520247,-1.6166,-5.5623,4.1258,4.3215,3.8922,4.6680,7
2460206.549937,5.8465,-15.0788,4.1258,4.3215,3.8922,4.6680,7
2460207.517517,3.6827,-12.8017,4.1258,4.3215,3.8922,4.6680,7
2460207.534547,6.3047,0.2296,4.1258,4.3215,3.8922,4.6680,7
2460207.551137,7.4837,-11.1459,4.1258,4.3215,3.8922,4.6680,7
2460207.591427,4.9485,-7.8622,4.1258,4.3215,3.8922,4.6680,7
2460207.605567,-0.5566,-4.2798,4.1258,4.3215,3.8922,4.6680,7
2460208.506337,1.4770,-5.6534,4.1258,4.3215,3.8922,4.6680,7
2460208.523237,-2.5106,-6.0006,4.1258,4.3215,3.8922,4.6680,7
2460208.552227,7.2845,0.9668,4.1258,4.3215,3.8922,4.6680,7
2460208.569597,1.2197,-10.1987,4.1258,4.3215,3.8922,4.6680,7
2460209.579627,2.9087,-16.1458,4.1258,4.3215,3.8922,4.6680,7
2460209.593617,3.6941,-11.8689,4.1258,4.3215,3.8922,4.6680,7
2460211.530807,7.3063,-17.4194,4.1258,4.3215,3.8922,4.6680,7
2460211.548027,4.0004,-14.1476,4.1258,4.3215,3.8922,4.6680,7
2460211.566457,5.6381,-9.7201,4.1258,4.3215,3.8922,4.6680,7
2460212.500367,1.9023,-3.4776,4.1258,4.3215,3.8922,4.6680,7
2460212.581797,0.0367,-8.2437,4.1258,4.3215,3.8922,4.6680,7
2460212.595567,8.7010,-9.6707,4.1258,4.3215,3.8922,4.6680,7
2460214.486127,5.2606,-14.8980,4.1258,4.3215,3.8922,4.6680,7
2460214.502767,2.5629,-11.3474,4.1258,4.3215,3.8922,4.6680,7
2460214.530417,6.1540,-5.7038,4.1258,4.3215,3.8922,4.6680,7
2460214.547427,4.2610,-6.6074,4.1258,4.3215,3.8922,4.6680,7
2460214.569137,0.1265,-14.9048,4.1258,4.3215,3.8922,4.6680,7
2460216.506727,-1.2405,-8.8180,4.1258,4.3215,3.8922,4.6680,7
2460216.523317,1.1139,-1.7272,4.1258,4.3215,3.8922,4.6680,7
2460217.503877,7.4555,-10.1680,4.1258,4.3215,3.8922,4.6680,7
2460217.522167,-1.9810,-10.4264,4.1258,4.3215,3.8922,4.6680,7
2460217.539127,2.5352,-11.6467,4.1258,4.3215,3.8922,4.6680,7
2460217.555827,10.6044,-7.2685,4.1258,4.3215,3.8922,4.6680,7
2460218.488277,4.1025,-7.5315,4.1258,4.3215,3.8922,4.6680,7
2460218.532697,-3.4837,-11.7503,4.1258,4.3215,3.8922,4.6680,7
2460219.485217,-1.6181,-6.7131,4.1258,4.3215,3.8922,4.6680,7
2460219.503247,4.3386,-10.0515,4.1258,4.3215,3.8922,4.6680,7
2460219.520237,7.6961,-12.6008,4.1258,4.3215,3.8922,4.6680,7
2460222.495977,8.2845,-4.9991,4.1258,4.3215,3.8922,4.6680,7
2460222.530417,10.7314,-6.6228,4.1258,4.3215,3.8922,4.6680,7
2460222.533347,3.0805,-7.8575,4.1258,4.3215,3.8922,4.6680,7
2460223.506997,3.5665,-12.6535,4.1258,4.3215,3.8922,4.6680,7
2460225.564067,-2.6018,-1.3125,4.1258,4.3215,3.8922,4.6680,7
2460226.501137,7.1715,-1.9806,4.1258,4.3215,3.8922,4.6680,7
2460226.519587,-1.5039,-6.6088,4.1258,4.3215,3.8922,4.6680,7
2460226.536327,1.7141,-13.4164,4.1258,4.3215,3.8922,4.6680,7
2460226.553037,3.1266,-6.7861,4.1258,4.3215,3.8922,4.6680,7
2460226.561247,0.7411,-6.0618,4.1258,4.3215,3.8922,4.6680,7
2460227.517307,6.0734,-8.2453,4.1258,4.3215,3.8922,4.6680,7
2460227.534177,6.9661,-14.4191,4.1258,4.3215,3.8922,4.6680,7
2460227.551187,4.0370,-14.2019,4.1258,4.3215,3.8922,4.6680,7
2460228.517717,7.1638,-4.8747,4.1258,4.3215,3.8922,4.6680,7
2460228.545097,10.1341,-12.4473,4.1258,4.3215,3.8922,4.6680,7
2460229.493307,5.4912,-2.7297,4.1258,4.3215,3.8922,4.6680,7
2460229.509937,3.7775,-4.6029,4.1258,4.3215,3.8922,4.6680,7
2460229.527747,7.2482,-10.6870,4.1258,4.3215,3.8922,4.6680,7
2460229.544677,7.3685,-7.0016,4.1258,4.3215,3.8922,4.6680,7
2460230.492347,-2.7084,-7.0343,4.1258,4.3215,3.8922,4.6680,7
2460230.513527,7.3234,-12.9218,4.1258,4.3215,3.8922,4.6680,7
2460230.530537,8.3704,-8.8885,4.1258,4.3215,3.8922,4.6680,7
2460231.501767,9.2920,-9.3150,4.1258,4.3215,3.8922,4.6680,7
2460231.520127,2.2485,-9.3404,4.1258,4.3215,3.8922,4.6680,7
2460231.537667,-0.1568,-15.7567,4.1258,4.3215,3.8922,4.6680,7
2460232.496097,1.1783,-7.4785,4.1258,4.3215,3.8922,4.6680,7
2460232.513837,5.4398,-6.5247,4.1258,4.3215,3.8922,4.6680,7
2460232.541677,13.0590,-11.2804,4.1258,4.3215,3.8922,4.6680,7
2460232.544537,-1.4671,-10.2029,4.1258,4.3215,3.8922,4.6680,7
2460236.498957,14.8620,-10.1890,4.1258,4.3215,3.8922,4.6680,7
2460236.527727,-1.0285,-11.4335,4.1258,4.3215,3.8922,4.6680,7
2460361.873777,5.6069,-12.6868,4.1258,4.3215,3.5825,4.1873,8
2460363.890057,7.4948,-7.7237,4.1258,4.3215,3.5825,4.1873,8
2460366.863537,10.7581,-16.9455,4.1258,4.3215,3.5825,4.1873,8
2460366.883427,5.0666,-17.1802,4.1258,4.3215,3.5825,4.1873,8
2460366.900067,5.3596,-11.8631,4.1258,4.3215,3.5825,4.1873,8
2460367.863977,6.4160,-1.5279,4.1258,4.3215,3.5825,4.1873,8
2460367.899057,0.9421,-12.0582,4.1258,4.3215,3.5825,4.1873,8
2460368.855747,-2.3503,-8.7151,4.1258,4.3215,3.5825,4.1873,8
2460368.872477,14.2144,-14.6726,4.1258,4.3215,3.5825,4.1873,8
2460369.861517,4.0903,-8.2382,4.1258,4.3215,3.5825,4.1873,8
2460369.878057,4.4635,-13.9699,4.1258,4.3215,3.5825,4.1873,8
2460369.894717,2.5130,-10.3371,4.1258,4.3215,3.5825,4.1873,8
2460370.840697,8.5509,-12.3248,4.1258,4.3215,3.5825,4.1873,8
2460370.858037,10.6847,-5.9506,4.1258,4.3215,3.5825,4.1873,8
2460370.875157,5.2559,-7.8241,4.1258,4.3215,3.5825,4.1873,8
2460370.892187,9.8771,-7.5400,4.1258,4.3215,3.5825,4.1873,8
2460371.837037,2.8416,-12.5547,4.1258,4.3215,3.5825,4.1873,8
2460371.853767,13.0662,-14.6646,4.1258,4.3215,3.5825,4.1873,8
2460371.870357,-1.4222,-2.4206,4.1258,4.3215,3.5825,4.1873,8
2460372.849937,8.4405,-15.8404,4.1258,4.3215,3.5825,4.1873,8
2460372.866857,8.2133,-18.3915,4.1258,4.3215,3.5825,4.1873,8
2460372.883817,3.9089,-9.4145,4.1258,4.3215,3.5825,4.1873,8
2460374.888227,0.6892,-18.9321,4.1258,4.3215,3.5825,4.1873,8
2460375.853887,8.4330,-4.2328,4.1258,4.3215,3.5825,4.1873,8
2460375.870847,4.6603,-5.0904,4.1258,4.3215,3.5825,4.1873,8
2460375.887827,9.8883,-9.1417,4.1258,4.3215,3.5825,4.1873,8
2460376.835677,5.6622,-12.6544,4.1258,4.3215,3.5825,4.1873,8
2460376.869067,7.1418,-13.0248,4.1258,4.3215,3.5825,4.1873,8
2460376.889697,7.2641,-12.1771,4.1258,4.3215,3.5825,4.1873,8
2460376.892887,1.3891,-3.7303,4.1258,4.3215,3.5825,4.1873,8
2460377.839517,0.0436,-7.5135,4.1258,4.3215,3.5825,4.1873,8
2460377.857877,0.3658,-5.3310,4.1258,4.3215,3.5825,4.1873,8
2460377.874177,12.5564,-3.5159,4.1258,4.3215,3.5825,4.1873,8
2460377.890827,7.3220,-11.2383,4.1258,4.3215,3.5825,4.1873,8
2460378.823267,12.5891,-7.7239,4.1258,4.3215,3.5825,4.1873,8
2460378.842027,1.1797,-13.5198,4.1258,4.3215,3.5825,4.1873,8
2460378.859147,8.6209,-5.7970,4.1258,4.3215,3.5825,4.1873,8
2460378.875757,12.4668,-16.4253,4.1258,4.3215,3.5825,4.1873,8
2460379.842997,9.8550,-2.0278,4.1258,4.3215,3.5825,4.1873,8
2460379.859957,4.0639,-13.5049,4.1258,4.3215,3.5825,4.1873,8
2460379.876717,7.5555,-15.2587,4.1258,4.3215,3.5825,4.1873,8
2460379.893167,0.7042,-14.8887,4.1258,4.3215,3.5825,4.1873,8
2460380.814407,10.8864,-16.7212,4.1258,4.3215,3.5825,4.1873,8
2460380.831517,-0.6188,-4.9407,4.1258,4.3215,3.5825,4.1873,8
2460380.848157,1.6077,-7.0666,4.1258,4.3215,3.5825,4.1873,8
2460380.893907,2.5985,-10.2986,4.1258,4.3215,3.5825,4.1873,8
2460381.859937,8.4294,-3.4391,4.1258,4.3215,3.5825,4.1873,8
2460381.876937,1.5103,-6.1278,4.1258,4.3215,3.5825,4.1873,8
2460381.893847,2.3322,-18.5160,4.1258,4.3215,3.5825,4.1873,8
2460382.875037,5.6681,-8.7776,4.1258,4.3215,3.5825,4.1873,8
2460382.891697,7.6325,-6.8351,4.1258,4.3215,3.5825,4.1873,8
2460382.908237,7.2990,-7.8793,4.1258,4.3215,3.5825,4.1873,8
2460383.832717,3.6850,-7.1290,4.1258,4.3215,3.5825,4.1873,8
2460383.848997,6.4743,-9.5143,4.1258,4.3215,3.5825,4.1873,8
2460383.870117,9.2895,-14.4107,4.1258,4.3215,3.5825,4.1873,8
2460383.887537,12.3874,-10.7757,4.1258,4.3215,3.5825,4.1873,8
2460384.804657,6.0193,-16.0376,4.1258,4.3215,3.5825,4.1873,8
2460384.855507,7.2766,-5.2012,4.1258,4.3215,3.5825,4.1873,8
2460384.884877,3.0979,-10.1458,4.1258,4.3215,3.5825,4.1873,8
2460385.817027,8.1669,-16.1294,4.1258,4.3215,3.5825,4.1873,8
2460385.868917,3.0888,-13.1357,4.1258,4.3215,3.5825,4.1873,8
2460385.896147,6.4660,-8.5138,4.1258,4.3215,3.5825,4.1873,8
2460385.913267,0.1360,-10.8006,4.1258,4.3215,3.5825,4.1873,8
2460386.796387,0.4607,-10.0957,4.1258,4.3215,3.5825,4.1873,8
2460386.812827,8.8630,-14.9018,4.1258,4.3215,3.5825,4.1873,8
2460386.856697,8.1819,-13.7387,4.1258,4.3215,3.5825,4.1873,8
2460386.877727,9.5782,-13.5288,4.1258,4.3215,3.5825,4.1873,8
2460387.786527,4.2435,-10.7611,4.1258,4.3215,3.5825,4.1873,8
2460387.804827,5.4940,-14.8557,4.1258,4.3215,3.5825,4.1873,8
2460387.831737,7.6873,-8.6506,4.1258,4.3215,3.5825,4.1873,8
2460387.848637,5.3452,-9.2396,4.1258,4.3215,3.5825,4.1873,8
2460387.866127,7.3824,-14.5671,4.1258,4.3215,3.5825,4.1873,8
2460387.883297,6.5406,-6.5704,4.1258,4.3215,3.5825,4.1873,8
2460388.836487,0.0937,-11.5696,4.1258,4.3215,3.5825,4.1873,8
2460388.853617,11.6021,-9.5845,4.1258,4.3215,3.5825,4.1873,8
2460388.870287,2.4680,-12.8185,4.1258,4.3215,3.5825,4.1873,8
2460388.897507,3.8477,-13.8179,4.1258,4.3215,3.5825,4.1873,8
2460388.914217,11.4880,-8.5619,4.1258,4.3215,3.5825,4.1873,8
2460389.811887,5.0264,-8.5518,4.1258,4.3215,3.5825,4.1873,8
2460389.839567,5.6442,-14.1650,4.1258,4.3215,3.5825,4.1873,8
2460389.874817,7.1634,-5.1272,4.1258,4.3215,3.5825,4.1873,8
2460389.891587,10.9917,-13.6602,4.1258,4.3215,3.5825,4.1873,8
2460389.910487,0.7448,-13.8817,4.1258,4.3215,3.5825,4.1873,8
2460390.791457,7.9090,-3.5292,4.1258,4.3215,3.5825,4.1873,8
2460390.888987,7.3452,-14.6892,4.1258,4.3215,3.5825,4.1873,8
2460390.905837,5.8826,-8.2953,4.1258,4.3215,3.5825,4.1873,8
2460391.805067,2.9376,-11.1863,4.1258,4.3215,3.5825,4.1873,8
2460391.821757,4.3380,-10.6547,4.1258,4.3215,3.5825,4.1873,8
2460391.851667,3.3289,-5.4922,4.1258,4.3215,3.5825,4.1873,8
2460391.868967,1.8834,-16.0573,4.1258,4.3215,3.5825,4.1873,8
2460392.773067,6.7218,-6.7554,4.1258,4.3215,3.5825,4.1873,8
2460392.800097,3.6310,-3.5103,4.1258,4.3215,3.5825,4.1873,8
2460392.816537,6.0473,-9.3938,4.1258,4.3215,3.5825,4.1873,8
2460392.835247,0.6594,-6.4542,4.1258,4.3215,3.5825,4.1873,8
2460392.851977,-0.6088,-9.4921,4.1258,4.3215,3.5825,4.1873,8
2460392.872637,6.7084,-8.5936,4.1258,4.3215,3.5825,4.1873,8
2460392.900207,4.5088,-2.9470,4.1258,4.3215,3.5825,4.1873,8
2460393.878137,0.1244,-9.7630,4.1258,4.3215,3.5825,4.1873,8
2460393.895267,6.3999,-3.3934,4.1258,4.3215,3.5825,4.1873,8
2460394.796067,4.6768,-15.2243,4.1258,4.3215,3.5825,4.1873,8
2460394.812857,9.3054,-5.2032,4.1258,4.3215,3.5825,4.1873,8
2460394.834377,7.2257,-13.7409,4.1258,4.3215,3.5825,4.1873,8
2460394.853847,3.7651,-17.0053,4.1258,4.3215,3.5825,4.1873,8
2460395.780727,10.5137,-16.2219,4.1258,4.3215,3.5825,4.1873,8
2460395.798697,8.4759,-8.8199,4.1258,4.3215,3.5825,4.1873,8
2460395.815137,3.0365,-8.0382,4.1258,4.3215,3.5825,4.1873,8
2460395.851777,5.4433,-9.6427,4.1258,4.3215,3.5825,4.1873,8
2460395.868517,5.3623,-7.3173,4.1258,4.3215,3.5825,4.1873,8
2460395.902607,7.8095,-6.9699,4.1258,4.3215,3.5825,4.1873,8
2460396.766497,4.1098,-15.0014,4.1258,4.3215,3.5825,4.1873,8
2460396.809877,4.3458,-14.9842,4.1258,4.3215,3.5825,4.1873,8
2460396.844997,8.5717,-10.3245,4.1258,4.3215,3.5825,4.1873,8
2460396.861527,5.3744,-13.1231,4.1258,4.3215,3.5825,4.1873,8
2460396.878317,7.0280,-15.5488,4.1258,4.3215,3.5825,4.1873,8
2460396.905667,4.1109,-11.4451,4.1258,4.3215,3.5825,4.1873,8
2460397.823287,8.6355,-9.0275,4.1258,4.3215,3.5825,4.1873,8
2460397.840307,2.2811,-3.9422,4.1258,4.3215,3.5825,4.1873,8
2460397.857077,3.9896,-10.4117,4.1258,4.3215,3.5825,4.1873,8
2460397.890747,2.5577,-8.0459,4.1258,4.3215,3.5825,4.1873,8
2460397.920277,1.2141,-10.1086,4.1258,4.3215,3.5825,4.1873,8
2460398.859187,6.9764,-12.8039,4.1258,4.3215,3.5825,4.1873,8
2460398.900807,10.5493,-11.9032,4.1258,4.3215,3.5825,4.1873,8
2460399.779277,7.7257,-8.6724,4.1258,4.3215,3.5825,4.1873,8
2460399.840197,7.4481,-9.3710,4.1258,4.3215,3.5825,4.1873,8
2460399.859697,6.2033,-7.9237,4.1258,4.3215,3.5825,4.1873,8
2460399.876227,7.7306,-11.2566,4.1258,4.3215,3.5825,4.1873,8
2460399.902927,3.0973,-7.8095,4.1258,4.3215,3.5825,4.1873,8
2460402.787227,9.8857,-9.8944,4.1258,4.3215,3.5825,4.1873,8
2460402.804537,10.0137,-12.2801,4.1258,4.3215,3.5825,4.1873,8
2460402.821367,3.2539,-9.6842,4.1258,4.3215,3.5825,4.1873,8
2460402.838257,2.5208,-13.0047,4.1258,4.3215,3.5825,4.1873,8
2460403.747967,5.1061,-4.8455,4.1258,4.3215,3.5825,4.1873,8
2460403.791507,2.2092,-10.8850,4.1258,4.3215,3.5825,4.1873,8
2460403.841837,4.2697,-9.1073,4.1258,4.3215,3.5825,4.1873,8
2460403.887437,1.8863,-13.7905,4.1258,4.3215,3.5825,4.1873,8
2460403.920647,7.3487,-13.0319,4.1258,4.3215,3.5825,4.1873,8
2460404.748687,10.5171,-5.7832,4.1258,4.3215,3.5825,4.1873,8
2460404.772707,4.8628,-12.1564,4.1258,4.3215,3.5825,4.1873,8
2460404.869577,1.7706,-6.2619,4.1258,4.3215,3.5825,4.1873,8
2460404.913307,6.8392,-12.4719,4.1258,4.3215,3.5825,4.1873,8
2460405.744077,5.4020,-10.6823,4.1258,4.3215,3.5825,4.1873,8
2460405.804907,5.8737,-13.4340,4.1258,4.3215,3.5825,4.1873,8
2460405.822537,5.2179,-7.9850,4.1258,4.3215,3.5825,4.1873,8
2460405.889947,5.0193,-9.6011,4.1258,4.3215,3.5825,4.1873,8
2460405.907857,3.2183,-9.4183,4.1258,4.3215,3.5825,4.1873,8
2460406.750067,5.3178,-7.1925,4.1258,4.3215,3.5825,4.1873,8
2460406.767057,7.0681,-11.7728,4.1258,4.3215,3.5825,4.1873,8
2460406.798967,2.7939,-8.9509,4.1258,4.3215,3.5825,4.1873,8
2460406.817387,5.2134,-11.8369,4.1258,4.3215,3.5825,4.1873,8
2460406.851027,9.3165,-15.7384,4.1258,4.3215,3.5825,4.1873,8
2460406.867867,4.2227,-6.8041,4.1258,4.3215,3.5825,4.1873,8
2460406.902157,6.6075,-10.5513,4.1258,4.3215,3.5825,4.1873,8
2460407.832147,4.2247,-8.0731,4.1258,4.3215,3.5825,4.1873,8
2460407.850067,5.1346,-7.9593,4.1258,4.3215,3.5825,4.1873,8
2460407.867647,5.2405,-7.2359,4.1258,4.3215,3.5825,4.1873,8
2460407.894517,0.2538,-12.1532,4.1258,4.3215,3.5825,4.1873,8
2460407.923067,1.9134,-6.7895,4.1258,4.3215,3.5825,4.1873,8
2460408.749907,8.4466,-5.3676,4.1258,4.3215,3.5825,4.1873,8
2460409.782387,9.3121,-7.3041,4.1258,4.3215,3.5825,4.1873,8
2460409.806227,3.0643,-10.6739,4.1258,4.3215,3.5825,4.1873,8
2460409.822887,4.6116,-8.6056,4.1258,4.3215,3.5825,4.1873,8
2460409.878787,6.4171,-9.4663,4.1258,4.3215,3.5825,4.1873,8
2460410.743487,2.4155,-12.8722,4.1258,4.3215,3.5825,4.1873,8
2460410.804687,1.1579,-5.5697,4.1258,4.3215,3.5825,4.1873,8
2460410.823297,5.3444,-10.8226,4.1258,4.3215,3.5825,4.1873,8
2460410.882837,3.9461,-8.8895,4.1258,4.3215,3.5825,4.1873,8
2460410.910427,2.3889,-6.7520,4.1258,4.3215,3.5825,4.1873,8
2460411.760167,1.1157,-12.1230,4.1258,4.3215,3.5825,4.1873,8
2460411.779987,5.8128,-7.2540,4.1258,4.3215,3.5825,4.1873,8
2460411.824057,6.4827,-12.1958,4.1258,4.3215,3.5825,4.1873,8
2460411.846737,3.1102,-10.4063,4.1258,4.3215,3.5825,4.1873,8
2460411.863687,0.1644,-9.8480,4.1258,4.3215,3.5825,4.1873,8
2460411.882247,6.7965,-9.1241,4.1258,4.3215,3.5825,4.1873,8
2460411.903337,8.8699,-11.1338,4.1258,4.3215,3.5825,4.1873,8
2460416.728917,7.6409,-11.2846,4.1258,4.3215,3.5825,4.1873,8
2460416.838117,6.2990,-10.2304,4.1258,4.3215,3.5825,4.1873,8
2460416.840997,6.6273,-12.8770,4.1258,4.3215,3.5825,4.1873,8
2460417.711047,2.1246,-5.1754,4.1258,4.3215,3.5825,4.1873,8
2460417.731407,10.3981,-12.0383,4.1258,4.3215,3.5825,4.1873,8
2460417.748027,7.0791,-12.4569,4.1258,4.3215,3.5825,4.1873,8
2460417.782727,5.7371,-10.4760,4.1258,4.3215,3.5825,4.1873,8
2460417.810027,10.2683,-13.7478,4.1258,4.3215,3.5825,4.1873,8
2460417.827207,3.7629,-10.7391,4.1258,4.3215,3.5825,4.1873,8
2460417.843597,6.7585,-11.7944,4.1258,4.3215,3.5825,4.1873,8
2460417.877237,6.9260,-6.3190,4.1258,4.3215,3.5825,4.1873,8
2460417.894047,4.8189,-8.0272,4.1258,4.3215,3.5825,4.1873,8
2460418.710617,5.9194,-8.5646,4.1258,4.3215,3.5825,4.1873,8
2460418.746337,6.6418,-12.5308,4.1258,4.3215,3.5825,4.1873,8
2460418.794707,9.9207,-15.2247,4.1258,4.3215,3.5825,4.1873,8
2460418.815647,2.0277,-8.6534,4.1258,4.3215,3.5825,4.1873,8
2460418.832637,1.7884,-9.5294,4.1258,4.3215,3.5825,4.1873,8
2460418.856257,6.6141,-10.2472,4.1258,4.3215,3.5825,4.1873,8
2460418.875817,6.8089,-12.1379,4.1258,4.3215,3.5825,4.1873,8
2460418.920517,1.4782,-12.3667,4.1258,4.3215,3.5825,4.1873,8
2460419.706107,3.7956,-9.5094,4.1258,4.3215,3.5825,4.1873,8
2460419.724417,7.1227,-10.3920,4.1258,4.3215,3.5825,4.1873,8
2460419.772357,7.6594,-15.5419,4.1258,4.3215,3.5825,4.1873,8
2460419.823127,2.7482,-11.3977,4.1258,4.3215,3.5825,4.1873,8
2460419.844437,8.1837,-10.3816,4.1258,4.3215,3.5825,4.1873,8
2460419.882277,4.9342,-14.7534,4.1258,4.3215,3.5825,4.1873,8
2460420.709187,6.0368,-10.3901,4.1258,4.3215,3.5825,4.1873,8
2460420.728707,6.2627,-13.7240,4.1258,4.3215,3.5825,4.1873,8
2460420.746267,6.2117,-10.8637,4.1258,4.3215,3.5825,4.1873,8
2460420.794427,6.3397,-12.0120,4.1258,4.3215,3.5825,4.1873,8
2460420.845527,6.2716,-9.0635,4.1258,4.3215,3.5825,4.1873,8
2460420.873367,5.2375,-10.4554,4.1258,4.3215,3.5825,4.1873,8
2460420.892667,3.4033,-4.0942,4.1258,4.3215,3.5825,4.1873,8
2460420.895367,4.8469,-4.5872,4.1258,4.3215,3.5825,4.1873,8
2460420.910727,5.6402,-7.9815,4.1258,4.3215,3.5825,4.1873,8
2460423.700767,5.9845,-9.5669,4.1258,4.3215,3.5825,4.1873,8
2460423.761157,6.2584,-14.4535,4.1258,4.3215,3.5825,4.1873,8
2460423.783697,8.0966,-16.1435,4.1258,4.3215,3.5825,4.1873,8
2460423.803487,7.9491,-15.3408,4.1258,4.3215,3.5825,4.1873,8
2460423.819917,7.2742,-12.2542,4.1258,4.3215,3.5825,4.1873,8
2460423.864747,5.9776,-15.2405,4.1258,4.3215,3.5825,4.1873,8
2460423.885127,-0.0311,-14.5502,4.1258,4.3215,3.5825,4.1873,8
2460423.903287,1.4384,-4.4619,4.1258,4.3215,3.5825,4.1873,8
2460423.919647,4.3903,-9.8420,4.1258,4.3215,3.5825,4.1873,8
2460424.789397,5.5439,-5.3323,4.1258,4.3215,3.5825,4.1873,8
2460424.811767,4.2011,-9.7246,4.1258,4.3215,3.5825,4.1873,8
2460424.839807,10.5847,-12.8648,4.1258,4.3215,3.5825,4.1873,8
2460425.682337,7.7568,-18.7588,4.1258,4.3215,3.5825,4.1873,8
2460425.726747,4.7137,-3.6987,4.1258,4.3215,3.5825,4.1873,8
2460425.743567,6.2459,-2.7757,4.1258,4.3215,3.5825,4.1873,8
2460425.915007,2.1718,-13.5011,4.1258,4.3215,3.5825,4.1873,8
2460426.893747,6.6638,-9.7442,4.1258,4.3215,3.5825,4.1873,8
2460427.844497,2.9289,-9.8984,4.1258,4.3215,3.5825,4.1873,8
2460432.670777,-1.3773,-7.5396,4.1258,4.3215,3.5825,4.1873,8
2460432.809367,-0.8253,-17.3706,4.1258,4.3215,3.5825,4.1873,8
2460432.843187,9.9263,-6.2213,4.1258,4.3215,3.5825,4.1873,8
2460432.870057,6.0064,-6.0458,4.1258,4.3215,3.5825,4.1873,8
2460433.769747,3.0983,-19.3461,4.1258,4.3215,3.5825,4.1873,8
2460433.786387,-3.3679,-4.7638,4.1258,4.3215,3.5825,4.1873,8
2460433.835317,4.4353,-5.5304,4.1258,4.3215,3.5825,4.1873,8
2460433.851577,4.9400,-15.2499,4.1258,4.3215,3.5825,4.1873,8
2460433.885387,2.2469,-4.6412,4.1258,4.3215,3.5825,4.1873,8
2460433.914207,-1.6257,-2.4720,4.1258,4.3215,3.5825,4.1873,8
2460433.931117,-1.3934,-13.6734,4.1258,4.3215,3.5825,4.1873,8
2460434.721227,11.1522,-21.8896,4.1258,4.3215,3.5825,4.1873,8
2460434.740557,9.6125,-1.5304,4.1258,4.3215,3.5825,4.1873,8
2460434.761387,3.5565,-12.2593,4.1258,4.3215,3.5825,4.1873,8
2460434.795277,10.9692,-7.9997,4.1258,4.3215,3.5825,4.1873,8
2460434.824377,5.7760,-13.1858,4.1258,4.3215,3.5825,4.1873,8
2460434.850897,9.3733,-13.9902,4.1258,4.3215,3.5825,4.1873,8
2460434.867857,5.0047,-10.9370,4.1258,4.3215,3.5825,4.1873,8
2460434.884627,12.3694,-7.9749,4.1258,4.3215,3.5825,4.1873,8
2460434.901247,-1.8626,-20.1883,4.1258,4.3215,3.5825,4.1873,8
2460434.923597,8.6850,-22.1280,4.1258,4.3215,3.5825,4.1873,8
2460435.676477,1.0437,-20.8727,4.1258,4.3215,3.5825,4.1873,8
2460435.760937,2.7142,-18.9164,4.1258,4.3215,3.5825,4.1873,8
2460435.777517,6.6016,-11.2417,4.1258,4.3215,3.5825,4.1873,8
2460435.797977,4.1874,-12.1757,4.1258,4.3215,3.5825,4.1873,8
2460435.816047,3.2201,-14.9036,4.1258,4.3215,3.5825,4.1873,8
2460435.833047,3.8364,-17.3940,4.1258,4.3215,3.5825,4.1873,8
2460435.860347,3.0733,-10.9921,4.1258,4.3215,3.5825,4.1873,8
2460435.877147,9.9827,-12.1669,4.1258,4.3215,3.5825,4.1873,8
2460435.900807,8.0592,-8.4464,4.1258,4.3215,3.5825,4.1873,8
2460435.908237,3.2288,-12.0165,4.1258,4.3215,3.5825,4.1873,8
2460436.685947,3.3410,-20.4202,4.1258,4.3215,3.5825,4.1873,8
2460436.690437,0.5886,-19.2575,4.1258,4.3215,3.5825,4.1873,8
2460436.725867,1.2919,-19.3885,4.1258,4.3215,3.5825,4.1873,8
2460436.728597,8.4585,-13.7554,4.1258,4.3215,3.5825,4.1873,8
2460436.745247,4.5587,-15.1780,4.1258,4.3215,3.5825,4.1873,8
2460436.761797,-0.1811,-9.2929,4.1258,4.3215,3.5825,4.1873,8
2460436.789087,6.0044,-16.5536,4.1258,4.3215,3.5825,4.1873,8
2460436.807247,7.9824,-15.0459,4.1258,4.3215,3.5825,4.1873,8
2460436.824037,5.6605,-12.6200,4.1258,4.3215,3.5825,4.1873,8
2460436.844777,-4.5024,-10.5824,4.1258,4.3215,3.5825,4.1873,8
2460436.861587,10.0574,-4.0777,4.1258,4.3215,3.5825,4.1873,8
2460436.865387,0.7284,-3.5273,4.1258,4.3215,3.5825,4.1873,8
2460436.893817,0.3126,-17.5949,4.1258,4.3215,3.5825,4.1873,8
2460436.910797,12.3397,-7.8593,4.1258,4.3215,3.5825,4.1873,8
2460438.857127,9.4700,-6.6667,4.1258,4.3215,3.5825,4.1873,8
2460438.874527,-2.0947,-13.6998,4.1258,4.3215,3.5825,4.1873,8
2460438.901317,7.2689,-3.8304,4.1258,4.3215,3.5825,4.1873,8
2460439.664057,3.7269,-11.2980,4.1258,4.3215,3.5825,4.1873,8
2460439.709757,-2.5491,-5.4404,4.1258,4.3215,3.5825,4.1873,8
2460439.726357,12.2817,-16.6567,4.1258,4.3215,3.5825,4.1873,8
2460439.744637,8.2805,-7.8357,4.1258,4.3215,3.5825,4.1873,8
2460439.761337,11.6896,-12.1430,4.1258,4.3215,3.5825,4.1873,8
2460439.788107,4.0368,-17.3935,4.1258,4.3215,3.5825,4.1873,8
2460439.815487,7.7332,-9.8762,4.1258,4.3215,3.5825,4.1873,8
2460439.832327,4.4622,-2.2751,4.1258,4.3215,3.5825,4.1873,8
2460439.852087,3.8652,-9.2156,4.1258,4.3215,3.5825,4.1873,8
2460439.854907,1.4667,-14.1325,4.1258,4.3215,3.5825,4.1873,8
2460439.890087,9.5716,-11.0165,4.1258,4.3215,3.5825,4.1873,8
2460440.732107,6.3352,-9.1309,4.1258,4.3215,3.5825,4.1873,8
2460440.805057,5.7522,-12.5142,4.1258,4.3215,3.5825,4.1873,8
2460441.716137,8.3250,-2.6565,4.1258,4.3215,3.5825,4.1873,8
2460441.733077,8.8653,-6.9160,4.1258,4.3215,3.5825,4.1873,8
2460441.768437,1.0229,-11.5321,4.1258,4.3215,3.5825,4.1873,8
2460442.642787,7.6349,-3.7321,4.1258,4.3215,3.5825,4.1873,8
2460442.693747,-4.8382,-1.0591,4.1258,4.3215,3.5825,4.1873,8
2460442.714557,5.2593,-11.9860,4.1258,4.3215,3.5825,4.1873,8
2460442.743487,13.8565,-18.5921,4.1258,4.3215,3.5825,4.1873,8
2460442.759817,-1.9358,-16.4876,4.1258,4.3215,3.5825,4.1873,8
2460442.793427,11.9888,-7.6946,4.1258,4.3215,3.5825,4.1873,8
2460442.810397,8.4905,-19.2404,4.1258,4.3215,3.5825,4.1873,8
2460442.838037,5.7000,-12.9403,4.1258,4.3215,3.5825,4.1873,8
2460442.855167,7.1887,-3.8868,4.1258,4.3215,3.5825,4.1873,8
2460442.872257,8.1946,-11.2212,4.1258,4.3215,3.5825,4.1873,8
2460442.888897,2.5767,-3.1039,4.1258,4.3215,3.5825,4.1873,8
2460446.690167,7.0002,-8.5502,4.1258,4.3215,3.5825,4.1873,8
2460448.717617,6.0824,-6.8513,4.1258,4.3215,3.5825,4.1873,8
2460448.801227,-2.9980,-7.3955,4.1258,4.3215,3.5825,4.1873,8
2460448.876907,6.6626,-13.7893,4.1258,4.3215,3.5825,4.1873,8
2460448.894417,9.1877,-9.3357,4.1258,4.3215,3.5825,4.1873,8
2460448.913767,11.5114,-4.3624,4.1258,4.3215,3.5825,4.1873,8
2460449.671727,4.7131,-18.0914,4.1258,4.3215,3.5825,4.1873,8
2460449.690427,6.1733,-7.0810,4.1258,4.3215,3.5825,4.1873,8
2460449.707857,8.3104,-2.2525,4.1258,4.3215,3.5825,4.1873,8
2460449.726637,3.6936,-11.5967,4.1258,4.3215,3.5825,4.1873,8
2460449.755607,8.3961,-6.4930,4.1258,4.3215,3.5825,4.1873,8
2460449.772367,7.5302,-14.3001,4.1258,4.3215,3.5825,4.1873,8
2460449.843647,2.3124,-5.5269,4.1258,4.3215,3.5825,4.1873,8
2460449.907117,2.2228,-9.0471,4.1258,4.3215,3.5825,4.1873,8
2460450.623947,1.9184,-18.6151,4.1258,4.3215,3.5825,4.1873,8
2460457.776767,-0.5664,-12.1625,4.1258,4.3215,3.5825,4.1873,8
2460458.669167,8.7430,-13.4839,4.1258,4.3215,3.5825,4.1873,8
2460458.687897,2.0477,-10.4505,4.1258,4.3215,3.5825,4.1873,8
2460458.707097,4.2924,-15.8365,4.1258,4.3215,3.5825,4.1873,8
2460458.758347,3.9136,-13.2398,4.1258,4.3215,3.5825,4.1873,8
2460458.785687,2.5528,-10.9464,4.1258,4.3215,3.5825,4.1873,8
2460458.802497,-1.4955,-7.2571,4.1258,4.3215,3.5825,4.1873,8
2460458.819467,11.5673,-7.5921,4.1258,4.3215,3.5825,4.1873,8
2460458.836797,2.3179,-9.7918,4.1258,4.3215,3.5825,4.1873,8
2460458.853887,-1.3714,-16.4052,4.1258,4.3215,3.5825,4.1873,8
2460459.592407,6.7217,-6.8525,4.1258,4.3215,3.5825,4.1873,8
2460459.609017,6.5702,-3.0334,4.1258,4.3215,3.5825,4.1873,8
2460459.637627,3.1811,-11.4595,4.1258,4.3215,3.5825,4.1873,8
2460459.654627,3.8309,-8.3098,4.1258,4.3215,3.5825,4.1873,8
2460459.671497,4.4282,-10.7920,4.1258,4.3215,3.5825,4.1873,8
2460459.688367,3.1654,-9.6361,4.1258,4.3215,3.5825,4.1873,8
2460459.704987,4.3888,-3.1316,4.1258,4.3215,3.5825,4.1873,8
2460459.732057,-1.1210,-9.7544,4.1258,4.3215,3.5825,4.1873,8
2460459.769417,-0.6540,-6.0395,4.1258,4.3215,3.5825,4.1873,8
2460459.785977,0.4928,-12.6664,4.1258,4.3215,3.5825,4.1873,8
2460460.590647,5.7654,-10.3449,4.1258,4.3215,3.5825,4.1873,8
2460460.620427,11.1621,-12.8099,4.1258,4.3215,3.5825,4.1873,8
2460460.654097,9.0843,-8.3923,4.1258,4.3215,3.5825,4.1873,8
2460460.674707,4.0890,-16.3854,4.1258,4.3215,3.5825,4.1873,8
2460460.691187,3.4696,-14.2708,4.1258,4.3215,3.5825,4.1873,8
2460460.718607,8.3462,-10.5294,4.1258,4.3215,3.5825,4.1873,8
2460460.735557,8.0706,-17.3489,4.1258,4.3215,3.5825,4.1873,8
2460460.752027,3.8057,-9.6800,4.1258,4.3215,3.5825,4.1873,8
2460460.774207,5.1105,-15.9482,4.1258,4.3215,3.5825,4.1873,8
2460460.794067,4.7549,-9.6633,4.1258,4.3215,3.5825,4.1873,8
2460460.838097,5.6653,-9.0106,4.1258,4.3215,3.5825,4.1873,8
2460460.854957,-1.7383,-7.2797,4.1258,4.3215,3.5825,4.1873,8
2460460.918897,-2.8392,-8.7727,4.1258,4.3215,3.5825,4.1873,8
2460461.606197,2.9265,-9.4166,4.1258,4.3215,3.5825,4.1873,8
2460461.622967,3.8230,-9.8703,4.1258,4.3215,3.5825,4.1873,8
2460461.644577,7.7111,-8.4357,4.1258,4.3215,3.5825,4.1873,8
2460461.681317,6.2128,-12.5560,4.1258,4.3215,3.5825,4.1873,8
2460461.707977,1.7320,-11.1928,4.1258,4.3215,3.5825,4.1873,8
2460461.724967,8.3593,-12.0135,4.1258,4.3215,3.5825,4.1873,8
2460461.742267,12.7881,-6.8915,4.1258,4.3215,3.5825,4.1873,8
2460461.759287,7.9649,-2.1728,4.1258,4.3215,3.5825,4.1873,8
2460461.776087,2.1824,-9.7716,4.1258,4.3215,3.5825,4.1873,8
2460461.807007,8.1660,-12.7139,4.1258,4.3215,3.5825,4.1873,8
2460461.825817,2.4121,-9.0370,4.1258,4.3215,3.5825,4.1873,8
2460461.842817,6.6437,-10.6227,4.1258,4.3215,3.5825,4.1873,8
2460461.862627,9.2896,-5.4521,4.1258,4.3215,3.5825,4.1873,8
2460461.883207,0.0276,-9.8609,4.1258,4.3215,3.5825,4.1873,8
2460461.900367,3.3344,-12.0517,4.1258,4.3215,3.5825,4.1873,8
2460463.602467,3.0819,-13.0070,4.1258,4.3215,3.5825,4.1873,8
2460463.605177,-2.1251,-3.5408,4.1258,4.3215,3.5825,4.1873,8
2460463.639247,-2.0498,-10.5120,4.1258,4.3215,3.5825,4.1873,8
2460463.656227,5.8508,-17.1723,4.1258,4.3215,3.5825,4.1873,8
2460463.684697,10.8706,-13.0018,4.1258,4.3215,3.5825,4.1873,8
2460463.702837,8.2684,-12.8010,4.1258,4.3215,3.5825,4.1873,8
2460463.706857,5.1881,-9.7107,4.1258,4.3215,3.5825,4.1873,8
2460463.720467,5.7786,-6.3064,4.1258,4.3215,3.5825,4.1873,8
2460463.738497,6.1127,-14.5790,4.1258,4.3215,3.5825,4.1873,8
2460463.742197,-2.1931,-15.3253,4.1258,4.3215,3.5825,4.1873,8
2460463.758727,5.6493,-6.7875,4.1258,4.3215,3.5825,4.1873,8
2460463.786227,6.0350,-8.6937,4.1258,4.3215,3.5825,4.1873,8
2460463.802737,4.8252,-14.1239,4.1258,4.3215,3.5825,4.1873,8
2460463.819427,12.1759,-16.9352,4.1258,4.3215,3.5825,4.1873,8
2460463.823477,2.4974,-9.7335,4.1258,4.3215,3.5825,4.1873,8
2460463.857567,6.0686,-13.4924,4.1258,4.3215,3.5825,4.1873,8
2460463.901817,5.1902,-8.1379,4.1258,4.3215,3.5825,4.1873,8
2460464.659887,4.8144,-15.0517,4.1258,4.3215,3.5825,4.1873,8
2460464.676437,-0.5075,-9.1657,4.1258,4.3215,3.5825,4.1873,8
2460464.693337,5.5190,-15.6400,4.1258,4.3215,3.5825,4.1873,8
2460464.710167,1.8323,-15.8872,4.1258,4.3215,3.5825,4.1873,8
2460464.755087,8.0806,-8.2146,4.1258,4.3215,3.5825,4.1873,8
2460464.771967,9.8242,-5.8350,4.1258,4.3215,3.5825,4.1873,8
2460464.790457,10.8190,-15.3536,4.1258,4.3215,3.5825,4.1873,8
2460464.808827,8.6777,-10.0562,4.1258,4.3215,3.5825,4.1873,8
2460464.825337,7.7028,-15.2289,4.1258,4.3215,3.5825,4.1873,8
2460466.582167,-0.8155,-5.5780,4.1258,4.3215,3.5825,4.1873,8
2460467.771727,7.3512,-7.7144,4.1258,4.3215,3.5825,4.1873,8
2460468.578897,12.2439,-16.2660,4.1258,4.3215,3.5825,4.1873,8
2460468.599787,10.0143,-15.3482,4.1258,4.3215,3.5825,4.1873,8
2460468.634317,0.4520,-10.7999,4.1258,4.3215,3.5825,4.1873,8
2460468.661517,5.8624,-6.8941,4.1258,4.3215,3.5825,4.1873,8
2460468.679687,9.8233,-8.0781,4.1258,4.3215,3.5825,4.1873,8
2460468.696517,5.3646,-12.2649,4.1258,4.3215,3.5825,4.1873,8
2460468.733097,-1.2404,-11.5890,4.1258,4.3215,3.5825,4.1873,8
2460468.761887,-2.2216,-12.4472,4.1258,4.3215,3.5825,4.1873,8
2460468.778547,0.7450,-4.2154,4.1258,4.3215,3.5825,4.1873,8
2460468.812197,8.8799,-12.2351,4.1258,4.3215,3.5825,4.1873,8
2460468.828687,3.0197,-5.9387,4.1258,4.3215,3.5825,4.1873,8
2460469.581877,7.1986,-5.6067,4.1258,4.3215,3.5825,4.1873,8
2460469.630307,2.1309,-18.1326,4.1258,4.3215,3.5825,4.1873,8
2460469.647137,10.8606,-12.1671,4.1258,4.3215,3.5825,4.1873,8
2460469.664007,4.8398,-4.4231,4.1258,4.3215,3.5825,4.1873,8
2460469.681977,5.0408,-9.8541,4.1258,4.3215,3.5825,4.1873,8
2460469.727957,2.7167,-11.0769,4.1258,4.3215,3.5825,4.1873,8
2460469.748447,9.7809,-8.0311,4.1258,4.3215,3.5825,4.1873,8
2460469.765327,4.3342,-10.5902,4.1258,4.3215,3.5825,4.1873,8
2460469.801817,3.2723,-13.3011,4.1258,4.3215,3.5825,4.1873,8
2460469.829147,1.9386,-13.5544,4.1258,4.3215,3.5825,4.1873,8
2460469.847527,3.3651,-11.0864,4.1258,4.3215,3.5825,4.1873,8
2460469.863997,0.1669,-6.0928,4.1258,4.3215,3.5825,4.1873,8
2460469.881067,4.8166,-17.9040,4.1258,4.3215,3.5825,4.1873,8
2460473.661367,8.7495,-5.6435,4.1258,4.3215,3.5825,4.1873,8
2460473.678117,5.0880,-14.2159,4.1258,4.3215,3.5825,4.1873,8
2460473.729547,10.4952,-10.2269,4.1258,4.3215,3.5825,4.1873,8
2460473.769737,5.3869,-1.7397,4.1258,4.3215,3.5825,4.1873,8
2460473.790827,5.4909,-8.9277,4.1258,4.3215,3.5825,4.1873,8
2460473.874137,1.2565,-7.7310,4.1258,4.3215,3.5825,4.1873,8
2460477.700237,5.8197,-4.4681,4.1258,4.3215,3.5825,4.1873,8
2460477.734697,2.8088,-17.4850,4.1258,4.3215,3.5825,4.1873,8
2460477.755307,4.5947,-13.3307,4.1258,4.3215,3.5825,4.1873,8
2460477.773617,6.0697,-17.0791,4.1258,4.3215,3.5825,4.1873,8
2460477.801117,6.4048,-15.1902,4.1258,4.3215,3.5825,4.1873,8
2460478.566187,7.2925,-12.1601,4.1258,4.3215,3.5825,4.1873,8
2460478.621647,1.8509,-14.8194,4.1258,4.3215,3.5825,4.1873,8
2460478.641247,2.6882,-7.1131,4.1258,4.3215,3.5825,4.1873,8
2460478.658577,13.0844,-10.2268,4.1258,4.3215,3.5825,4.1873,8
2460478.719897,2.4496,-13.6430,4.1258,4.3215,3.5825,4.1873,8
2460478.753387,8.0265,-9.6510,4.1258,4.3215,3.5825,4.1873,8
2460479.628087,2.7602,-20.6964,4.1258,4.3215,3.5825,4.1873,8
2460479.655097,5.8683,-9.6618,4.1258,4.3215,3.5825,4.1873,8
2460479.682177,5.2508,-12.6442,4.1258,4.3215,3.5825,4.1873,8
2460479.716297,6.2874,-6.9399,4.1258,4.3215,3.5825,4.1873,8
2460479.792307,5.6169,-19.9696,4.1258,4.3215,3.5825,4.1873,8
2460479.828757,4.2849,-4.6842,4.1258,4.3215,3.5825,4.1873,8
2460479.845547,8.1597,-14.3563,4.1258,4.3215,3.5825,4.1873,8
2460481.569697,0.3256,-6.2754,4.1258,4.3215,3.5825,4.1873,8
2460481.586357,6.6080,-10.4452,4.1258,4.3215,3.5825,4.1873,8
2460481.620027,10.9882,-17.8707,4.1258,4.3215,3.5825,4.1873,8
2460481.665967,7.4334,-11.6125,4.1258,4.3215,3.5825,4.1873,8
2460481.703197,-2.0622,-13.1734,4.1258,4.3215,3.5825,4.1873,8
2460481.817197,0.6884,-15.0688,4.1258,4.3215,3.5825,4.1873,8
2460486.655047,10.6724,-8.6126,4.1258,4.3215,3.5825,4.1873,8
2460486.675887,5.4951,-17.6904,4.1258,4.3215,3.5825,4.1873,8
2460486.703467,8.0613,-4.7883,4.1258,4.3215,3.5825,4.1873,8
2460486.721447,6.3432,-12.2953,4.1258,4.3215,3.5825,4.1873,8
2460486.773287,9.1069,-17.0905,4.1258,4.3215,3.5825,4.1873,8
2460486.800647,3.1833,-18.1830,4.1258,4.3215,3.5825,4.1873,8
2460488.582157,9.6486,-7.7864,4.1258,4.3215,3.5825,4.1873,8
2460488.599497,8.3929,-10.2861,4.1258,4.3215,3.5825,4.1873,8
2460488.615967,9.1198,-18.7425,4.1258,4.3215,3.5825,4.1873,8
2460488.706547,7.0174,-15.4531,4.1258,4.3215,3.5825,4.1873,8
2460488.723557,6.6630,-17.3802,4.1258,4.3215,3.5825,4.1873,8
2460490.530587,1.3421,-5.4217,4.1258,4.3215,3.5825,4.1873,8
2460490.562157,8.4314,-11.2147,4.1258,4.3215,3.5825,4.1873,8
2460490.578867,4.0730,-9.9461,4.1258,4.3215,3.5825,4.1873,8
2460490.601367,1.0574,-19.8020,4.1258,4.3215,3.5825,4.1873,8
2460490.618067,7.0364,-14.7684,4.1258,4.3215,3.5825,4.1873,8
2460490.634717,11.7539,-7.2798,4.1258,4.3215,3.5825,4.1873,8
2460490.662037,-1.9879,-11.0499,4.1258,4.3215,3.5825,4.1873,8
2460490.679147,5.6858,-16.5816,4.1258,4.3215,3.5825,4.1873,8
2460490.696327,2.5780,-4.4304,4.1258,4.3215,3.5825,4.1873,8
2460490.712847,4.7721,-6.0350,4.1258,4.3215,3.5825,4.1873,8
2460490.729557,9.3454,-6.2767,4.1258,4.3215,3.5825,4.1873,8
2460490.798007,5.9576,-11.3656,4.1258,4.3215,3.5825,4.1873,8
2460490.814747,6.5229,-17.9096,4.1258,4.3215,3.5825,4.1873,8
2460490.832807,4.5412,-12.4778,4.1258,4.3215,3.5825,4.1873,8
2460491.504697,-0.9390,-11.5833,4.1258,4.3215,3.5825,4.1873,8
2460491.531987,3.5430,-8.9169,4.1258,4.3215,3.5825,4.1873,8
2460491.548887,4.7962,-13.9134,4.1258,4.3215,3.5825,4.1873,8
2460491.582667,2.5220,-8.5074,4.1258,4.3215,3.5825,4.1873,8
2460491.628217,6.4213,-13.1154,4.1258,4.3215,3.5825,4.1873,8
2460491.681537,7.0267,-7.1098,4.1258,4.3215,3.5825,4.1873,8
2460491.698597,3.8582,-12.9998,4.1258,4.3215,3.5825,4.1873,8
2460491.760317,4.2199,-4.6529,4.1258,4.3215,3.5825,4.1873,8
2460491.777097,2.4468,-14.0995,4.1258,4.3215,3.5825,4.1873,8
2460492.506857,10.4613,-7.7636,4.1258,4.3215,3.5825,4.1873,8
2460492.523787,3.5151,-16.2920,4.1258,4.3215,3.5825,4.1873,8
2460492.541307,6.1414,-13.1652,4.1258,4.3215,3.5825,4.1873,8
2460492.559437,6.5859,-11.8989,4.1258,4.3215,3.5825,4.1873,8
2460492.586267,3.7429,-10.8320,4.1258,4.3215,3.5825,4.1873,8
2460492.602747,2.8867,-6.6894,4.1258,4.3215,3.5825,4.1873,8
2460492.622117,3.4506,-8.2191,4.1258,4.3215,3.5825,4.1873,8
2460492.638337,7.6913,-13.1799,4.1258,4.3215,3.5825,4.1873,8
2460492.655557,6.8773,-11.0459,4.1258,4.3215,3.5825,4.1873,8
2460492.684187,0.7728,-6.9825,4.1258,4.3215,3.5825,4.1873,8
2460492.701547,1.2096,-16.8251,4.1258,4.3215,3.5825,4.1873,8
2460492.718397,6.2348,-13.7460,4.1258,4.3215,3.5825,4.1873,8
2460492.735707,6.6686,-16.2932,4.1258,4.3215,3.5825,4.1873,8
2460492.752557,10.7459,-10.8191,4.1258,4.3215,3.5825,4.1873,8
2460492.784697,0.9064,-3.8529,4.1258,4.3215,3.5825,4.1873,8
2460492.801577,1.5355,-15.1915,4.1258,4.3215,3.5825,4.1873,8
2460492.818917,7.8833,-7.1650,4.1258,4.3215,3.5825,4.1873,8
2460493.524787,7.5960,-11.8985,4.1258,4.3215,3.5825,4.1873,8
2460493.592587,4.2782,-8.6739,4.1258,4.3215,3.5825,4.1873,8
2460493.658627,7.7717,-19.9386,4.1258,4.3215,3.5825,4.1873,8
2460493.677527,4.3386,-11.2336,4.1258,4.3215,3.5825,4.1873,8
2460493.694557,7.2004,-11.8447,4.1258,4.3215,3.5825,4.1873,8
2460493.711817,-1.2241,-5.8192,4.1258,4.3215,3.5825,4.1873,8
2460493.738957,5.5790,-14.2567,4.1258,4.3215,3.5825,4.1873,8
2460493.755647,6.1007,-11.7831,4.1258,4.3215,3.5825,4.1873,8
2460493.772097,5.8702,-8.9367,4.1258,4.3215,3.5825,4.1873,8
2460493.788487,4.3603,-14.0718,4.1258,4.3215,3.5825,4.1873,8
2460494.508987,5.1154,-14.7275,4.1258,4.3215,3.5825,4.1873,8
2460494.570587,6.7606,-16.0411,4.1258,4.3215,3.5825,4.1873,8
2460495.687487,8.8416,-7.3694,4.1258,4.3215,3.5825,4.1873,8
2460495.704167,2.1750,-12.6922,4.1258,4.3215,3.5825,4.1873,8
2460496.557207,4.1603,-17.7109,4.1258,4.3215,3.5825,4.1873,8
2460496.573757,3.1975,-19.7108,4.1258,4.3215,3.5825,4.1873,8
2460496.590537,7.3432,-12.6445,4.1258,4.3215,3.5825,4.1873,8
2460496.608667,1.3002,-4.5376,4.1258,4.3215,3.5825,4.1873,8
2460496.635707,11.8797,-13.4935,4.1258,4.3215,3.5825,4.1873,8
2460496.652967,6.0113,-5.0837,4.1258,4.3215,3.5825,4.1873,8
2460496.670827,9.5883,-15.2122,4.1258,4.3215,3.5825,4.1873,8
2460496.688387,3.7528,-14.3181,4.1258,4.3215,3.5825,4.1873,8
2460496.705497,5.2097,-15.1757,4.1258,4.3215,3.5825,4.1873,8
2460496.722007,8.8503,-11.6526,4.1258,4.3215,3.5825,4.1873,8
2460496.749087,4.5460,-8.5926,4.1258,4.3215,3.5825,4.1873,8
2460496.784137,3.1955,-6.1815,4.1258,4.3215,3.5825,4.1873,8
2460497.514017,2.7815,-14.2671,4.1258,4.3215,3.5825,4.1873,8
2460497.533447,11.5251,-12.3365,4.1258,4.3215,3.5825,4.1873,8
2460497.568497,8.2393,-6.9692,4.1258,4.3215,3.5825,4.1873,8
2460497.595657,10.1935,-10.8144,4.1258,4.3215,3.5825,4.1873,8
2460497.614127,4.7213,-12.9671,4.1258,4.3215,3.5825,4.1873,8
2460497.648237,5.2251,-7.3354,4.1258,4.3215,3.5825,4.1873,8
2460497.664557,7.7616,-10.4218,4.1258,4.3215,3.5825,4.1873,8
2460497.711007,8.3269,-13.1828,4.1258,4.3215,3.5825,4.1873,8
2460497.727567,0.9385,-13.9826,4.1258,4.3215,3.5825,4.1873,8
2460497.744077,8.1430,-13.6435,4.1258,4.3215,3.5825,4.1873,8
2460497.761017,5.9312,-5.9429,4.1258,4.3215,3.5825,4.1873,8
2460497.777737,5.6584,-18.6286,4.1258,4.3215,3.5825,4.1873,8
2460497.810087,5.1423,-15.3667,4.1258,4.3215,3.5825,4.1873,8
2460499.507367,6.7099,-9.8691,4.1258,4.3215,3.5825,4.1873,8
2460499.571267,5.9227,-10.5485,4.1258,4.3215,3.5825,4.1873,8
2460499.632967,9.8666,-12.9917,4.1258,4.3215,3.5825,4.1873,8
2460499.683367,5.7543,-14.8436,4.1258,4.3215,3.5825,4.1873,8
2460499.700147,4.9041,-10.1133,4.1258,4.3215,3.5825,4.1873,8
2460499.744527,4.9733,-11.6458,4.1258,4.3215,3.5825,4.1873,8
2460499.762737,6.8082,-13.8117,4.1258,4.3215,3.5825,4.1873,8
2460499.801467,7.6078,-10.4755,4.1258,4.3215,3.5825,4.1873,8
2460500.481257,-1.2465,-11.0629,4.1258,4.3215,3.5825,4.1873,8
2460500.511317,2.7139,-16.9779,4.1258,4.3215,3.5825,4.1873,8
2460500.538117,2.0117,-5.0629,4.1258,4.3215,3.5825,4.1873,8
2460500.554667,5.2797,-9.3317,4.1258,4.3215,3.5825,4.1873,8
2460500.593277,1.5305,-14.7868,4.1258,4.3215,3.5825,4.1873,8
2460500.609917,2.4262,-9.7525,4.1258,4.3215,3.5825,4.1873,8
2460500.655527,1.0385,-12.7807,4.1258,4.3215,3.5825,4.1873,8
2460500.675177,5.7850,-9.8437,4.1258,4.3215,3.5825,4.1873,8
2460500.693207,0.5303,-9.6148,4.1258,4.3215,3.5825,4.1873,8
2460500.709947,2.0264,-12.8762,4.1258,4.3215,3.5825,4.1873,8
2460500.761807,9.3640,-12.5788,4.1258,4.3215,3.5825,4.1873,8
2460500.780277,9.7726,-12.1447,4.1258,4.3215,3.5825,4.1873,8
2460501.511127,3.4483,-20.2737,4.1258,4.3215,3.5825,4.1873,8
2460501.585147,2.7128,-20.5100,4.1258,4.3215,3.5825,4.1873,8
2460501.709577,6.6539,-14.0873,4.1258,4.3215,3.5825,4.1873,8
2460502.707357,-0.4820,-17.2282,4.1258,4.3215,3.5825,4.1873,8
2460502.784467,-0.9757,-15.6218,4.1258,4.3215,3.5825,4.1873,8
2460503.487457,9.2840,-9.4848,4.1258,4.3215,3.5825,4.1873,8
2460503.531757,-1.8941,-17.6530,4.1258,4.3215,3.5825,4.1873,8
2460503.566027,1.8205,-11.5598,4.1258,4.3215,3.5825,4.1873,8
2460503.602827,-2.6814,-13.1885,4.1258,4.3215,3.5825,4.1873,8
2460503.631177,3.7295,-15.7984,4.1258,4.3215,3.5825,4.1873,8
2460503.647727,8.9723,-4.3083,4.1258,4.3215,3.5825,4.1873,8
2460503.665227,3.0186,-15.4694,4.1258,4.3215,3.5825,4.1873,8
2460503.700027,4.1915,-19.1348,4.1258,4.3215,3.5825,4.1873,8
2460503.716897,7.3780,-10.6361,4.1258,4.3215,3.5825,4.1873,8
2460503.761707,-2.5980,-7.8319,4.1258,4.3215,3.5825,4.1873,8
2460503.778847,-0.9183,-18.8245,4.1258,4.3215,3.5825,4.1873,8
2460504.526237,4.0390,-7.7876,4.1258,4.3215,3.5825,4.1873,8
2460504.542837,5.8539,-5.0893,4.1258,4.3215,3.5825,4.1873,8
2460504.622387,6.5864,-14.2596,4.1258,4.3215,3.5825,4.1873,8
2460504.673497,9.4240,-11.5066,4.1258,4.3215,3.5825,4.1873,8
2460504.704397,9.4496,-18.9479,4.1258,4.3215,3.5825,4.1873,8
2460504.721957,8.3818,-19.1886,4.1258,4.3215,3.5825,4.1873,8
2460504.738837,-1.5365,-10.0951,4.1258,4.3215,3.5825,4.1873,8
2460504.757177,-1.8872,-11.2769,4.1258,4.3215,3.5825,4.1873,8
2460505.502987,-0.9622,-19.3082,4.1258,4.3215,3.5825,4.1873,8
2460505.535997,4.0915,-15.5904,4.1258,4.3215,3.5825,4.1873,8
2460505.555907,4.2448,-13.6003,4.1258,4.3215,3.5825,4.1873,8
2460505.601757,0.4528,-18.5224,4.1258,4.3215,3.5825,4.1873,8
2460505.620597,9.2617,-9.7727,4.1258,4.3215,3.5825,4.1873,8
2460505.664087,5.1949,-8.7024,4.1258,4.3215,3.5825,4.1873,8
2460505.724757,2.6264,-10.3168,4.1258,4.3215,3.5825,4.1873,8
2460505.741957,2.9075,-10.3470,4.1258,4.3215,3.5825,4.1873,8
2460505.759497,7.5901,-13.0423,4.1258,4.3215,3.5825,4.1873,8
2460506.476807,1.7344,-14.6316,4.1258,4.3215,3.5825,4.1873,8
2460506.509697,4.7330,-13.0428,4.1258,4.3215,3.5825,4.1873,8
2460506.526237,6.7735,-16.5369,4.1258,4.3215,3.5825,4.1873,8
2460506.543277,2.8771,-10.8986,4.1258,4.3215,3.5825,4.1873,8
2460506.559877,0.0196,-10.6780,4.1258,4.3215,3.5825,4.1873,8
2460506.576897,10.9718,-10.3111,4.1258,4.3215,3.5825,4.1873,8
2460506.613587,8.5099,-10.0603,4.1258,4.3215,3.5825,4.1873,8
2460506.631927,8.0681,-9.3970,4.1258,4.3215,3.5825,4.1873,8
2460506.648757,5.3641,-14.4211,4.1258,4.3215,3.5825,4.1873,8
2460506.665707,8.5323,-10.8404,4.1258,4.3215,3.5825,4.1873,8
2460506.714987,8.9558,-5.1705,4.1258,4.3215,3.5825,4.1873,8
2460506.748327,9.1452,-7.2593,4.1258,4.3215,3.5825,4.1873,8
2460507.477767,-0.4038,-17.2534,4.1258,4.3215,3.5825,4.1873,8
2460507.493067,7.0331,-12.1326,4.1258,4.3215,3.5825,4.1873,8
2460507.510647,10.2048,-7.1055,4.1258,4.3215,3.5825,4.1873,8
2460507.527427,10.7284,-11.2309,4.1258,4.3215,3.5825,4.1873,8
2460507.548157,4.4788,-4.7710,4.1258,4.3215,3.5825,4.1873,8
2460507.593287,0.4223,-17.7198,4.1258,4.3215,3.5825,4.1873,8
2460507.612817,1.1809,-15.5623,4.1258,4.3215,3.5825,4.1873,8
2460507.631207,3.0370,-11.3407,4.1258,4.3215,3.5825,4.1873,8
2460507.647657,3.1244,-10.5084,4.1258,4.3215,3.5825,4.1873,8
2460507.694947,1.9995,-7.3234,4.1258,4.3215,3.5825,4.1873,8
2460507.711977,5.2323,-12.0754,4.1258,4.3215,3.5825,4.1873,8
2460507.728287,2.3031,-13.3270,4.1258,4.3215,3.5825,4.1873,8
2460507.749227,3.3096,-6.8385,4.1258,4.3215,3.5825,4.1873,8
2460507.765647,3.9552,-12.4398,4.1258,4.3215,3.5825,4.1873,8
2460508.642837,11.1574,-10.5016,4.1258,4.3215,3.5825,4.1873,8
2460508.660027,4.0285,-13.4927,4.1258,4.3215,3.5825,4.1873,8
2460508.724687,-0.9715,-11.4151,4.1258,4.3215,3.5825,4.1873,8
2460508.763457,6.6371,-4.7091,4.1258,4.3215,3.5825,4.1873,8
2460509.493997,8.2324,-16.3210,4.1258,4.3215,3.5825,4.1873,8
2460509.514367,2.4727,-5.3952,4.1258,4.3215,3.5825,4.1873,8
2460509.551027,-0.4115,-14.1273,4.1258,4.3215,3.5825,4.1873,8
2460509.568027,4.4868,-19.1013,4.1258,4.3215,3.5825,4.1873,8
2460509.614767,2.7362,-8.6465,4.1258,4.3215,3.5825,4.1873,8
2460509.729137,0.6505,-18.9949,4.1258,4.3215,3.5825,4.1873,8
2460509.745477,11.0750,-8.4067,4.1258,4.3215,3.5825,4.1873,8
2460509.762417,10.6547,-14.6190,4.1258,4.3215,3.5825,4.1873,8
2460515.589677,0.2492,-18.0112,4.1258,4.3215,3.5825,4.1873,8
2460515.753667,-2.9883,-17.1606,4.1258,4.3215,3.5825,4.1873,8
2460516.538417,-2.8424,-14.4234,4.1258,4.3215,3.5825,4.1873,8
2460516.592257,8.4845,-17.1113,4.1258,4.3215,3.5825,4.1873,8
2460516.675047,3.7723,-14.2522,4.1258,4.3215,3.5825,4.1873,8
2460516.699597,8.5792,-9.0207,4.1258,4.3215,3.5825,4.1873,8
2460516.716727,6.8516,-9.8318,4.1258,4.3215,3.5825,4.1873,8
2460516.740057,9.8851,-14.7282,4.1258,4.3215,3.5825,4.1873,8
2460517.515347,3.9489,-12.7139,4.1258,4.3215,3.5825,4.1873,8
2460517.595317,9.7454,-11.4355,4.1258,4.3215,3.5825,4.1873,8
2460517.612307,6.8390,-15.9044,4.1258,4.3215,3.5825,4.1873,8
2460517.629327,8.6321,-6.1101,4.1258,4.3215,3.5825,4.1873,8
2460517.656707,5.3509,-4.7922,4.1258,4.3215,3.5825,4.1873,8
2460517.673247,8.2869,-11.5654,4.1258,4.3215,3.5825,4.1873,8
2460517.690327,8.4850,-3.6358,4.1258,4.3215,3.5825,4.1873,8
2460517.708687,4.1212,-16.7455,4.1258,4.3215,3.5825,4.1873,8
2460517.726207,-3.1754,-13.1660,4.1258,4.3215,3.5825,4.1873,8
2460517.743017,11.1335,-18.7834,4.1258,4.3215,3.5825,4.1873,8
2460518.490087,7.0398,-3.6682,4.1258,4.3215,3.5825,4.1873,8
2460518.507027,2.0889,-14.7396,4.1258,4.3215,3.5825,4.1873,8
2460518.523837,7.4140,-8.8652,4.1258,4.3215,3.5825,4.1873,8
2460518.540817,4.3427,-9.6156,4.1258,4.3215,3.5825,4.1873,8
2460518.568137,1.1311,-8.7259,4.1258,4.3215,3.5825,4.1873,8
2460518.570847,4.1143,-10.8987,4.1258,4.3215,3.5825,4.1873,8
2460518.587487,5.8713,-17.2621,4.1258,4.3215,3.5825,4.1873,8
2460518.606227,3.0665,-8.0888,4.1258,4.3215,3.5825,4.1873,8
2460518.623377,2.7139,-16.0168,4.1258,4.3215,3.5825,4.1873,8
2460518.670717,3.8437,-8.5522,4.1258,4.3215,3.5825,4.1873,8
2460518.687517,4.7559,-3.6626,4.1258,4.3215,3.5825,4.1873,8
2460518.704047,4.4130,-12.5122,4.1258,4.3215,3.5825,4.1873,8
2460519.492957,5.5843,-17.1648,4.1258,4.3215,3.5825,4.1873,8
2460519.512797,7.9149,-17.2260,4.1258,4.3215,3.5825,4.1873,8
2460519.529987,12.2457,-13.8185,4.1258,4.3215,3.5825,4.1873,8
2460519.581237,3.3358,-13.6765,4.1258,4.3215,3.5825,4.1873,8
2460519.598097,12.1617,-16.9346,4.1258,4.3215,3.5825,4.1873,8
2460519.615027,2.0558,-9.5781,4.1258,4.3215,3.5825,4.1873,8
2460519.632767,0.2325,-14.0012,4.1258,4.3215,3.5825,4.1873,8
2460519.653397,4.0801,-10.7809,4.1258,4.3215,3.5825,4.1873,8
2460519.699137,5.1562,-7.1791,4.1258,4.3215,3.5825,4.1873,8
2460519.702037,2.9791,-8.9208,4.1258,4.3215,3.5825,4.1873,8
2460519.723227,3.9329,-13.9178,4.1258,4.3215,3.5825,4.1873,8
2460520.476867,7.4458,-11.1976,4.1258,4.3215,3.5825,4.1873,8
2460520.493677,3.7457,-15.0830,4.1258,4.3215,3.5825,4.1873,8
2460520.513907,6.1118,-14.6432,4.1258,4.3215,3.5825,4.1873,8
2460520.547227,6.9060,-10.9667,4.1258,4.3215,3.5825,4.1873,8
2460520.574477,2.6534,-9.1625,4.1258,4.3215,3.5825,4.1873,8
2460520.593507,2.3534,-10.8660,4.1258,4.3215,3.5825,4.1873,8
2460520.610307,9.1902,-12.8167,4.1258,4.3215,3.5825,4.1873,8
2460520.644207,3.0160,-10.5551,4.1258,4.3215,3.5825,4.1873,8
2460520.713267,5.5411,-14.4836,4.1258,4.3215,3.5825,4.1873,8
2460520.730337,-0.5885,-5.7619,4.1258,4.3215,3.5825,4.1873,8
2460520.746757,8.4867,-7.2381,4.1258,4.3215,3.5825,4.1873,8
2460521.467817,-0.0911,-9.9640,4.1258,4.3215,3.5825,4.1873,8
2460521.495257,0.4437,-9.7786,4.1258,4.3215,3.5825,4.1873,8
2460521.512057,7.9360,-12.4243,4.1258,4.3215,3.5825,4.1873,8
2460521.528827,6.0708,-10.6958,4.1258,4.3215,3.5825,4.1873,8
2460521.548397,5.3947,-7.7950,4.1258,4.3215,3.5825,4.1873,8
2460521.566137,2.7488,-6.8095,4.1258,4.3215,3.5825,4.1873,8
2460521.593547,6.6937,-11.6421,4.1258,4.3215,3.5825,4.1873,8
2460521.610557,4.7399,-13.2418,4.1258,4.3215,3.5825,4.1873,8
2460521.629917,0.8078,-9.2849,4.1258,4.3215,3.5825,4.1873,8
2460521.646557,6.1700,-11.8584,4.1258,4.3215,3.5825,4.1873,8
2460521.663487,8.5795,-9.4541,4.1258,4.3215,3.5825,4.1873,8
2460521.691037,8.1935,-8.1574,4.1258,4.3215,3.5825,4.1873,8
2460521.718317,10.0941,-9.6436,4.1258,4.3215,3.5825,4.1873,8
2460521.735887,3.3929,-10.7922,4.1258,4.3215,3.5825,4.1873,8
2460528.493017,5.0988,-5.3928,4.1258,4.3215,3.5825,4.1873,8
2460528.534717,1.0847,-18.4666,4.1258,4.3215,3.5825,4.1873,8
2460528.553447,-1.0040,-14.8752,4.1258,4.3215,3.5825,4.1873,8
2460530.598247,11.2424,-12.2828,4.1258,4.3215,3.5825,4.1873,8
2460530.677997,3.2673,-18.8007,4.1258,4.3215,3.5825,4.1873,8
2460531.506817,8.9438,-13.7107,4.1258,4.3215,3.5825,4.1873,8
2460531.523537,2.5937,-11.0266,4.1258,4.3215,3.5825,4.1873,8
2460531.684327,-1.4900,-20.6721,4.1258,4.3215,3.5825,4.1873,8
2460532.476887,6.1780,-6.5239,4.1258,4.3215,3.5825,4.1873,8
2460532.493887,5.7005,-12.4408,4.1258,4.3215,3.5825,4.1873,8
2460532.514807,2.9996,-15.8018,4.1258,4.3215,3.5825,4.1873,8
2460532.531857,1.9454,-13.1192,4.1258,4.3215,3.5825,4.1873,8
2460532.559127,2.8167,-18.3211,4.1258,4.3215,3.5825,4.1873,8
2460532.576197,4.7469,-15.2500,4.1258,4.3215,3.5825,4.1873,8
2460532.593957,1.3351,-9.5420,4.1258,4.3215,3.5825,4.1873,8
2460532.629207,6.2713,-10.2092,4.1258,4.3215,3.5825,4.1873,8
2460532.657027,5.1305,-18.1234,4.1258,4.3215,3.5825,4.1873,8
2460532.673517,-0.9836,-8.3976,4.1258,4.3215,3.5825,4.1873,8
2460532.690687,7.3772,-10.7252,4.1258,4.3215,3.5825,4.1873,8
2460532.710737,6.2027,-8.8642,4.1258,4.3215,3.5825,4.1873,8
2460533.467097,6.6030,-19.0188,4.1258,4.3215,3.5825,4.1873,8
2460533.484227,7.7428,-13.8370,4.1258,4.3215,3.5825,4.1873,8
2460533.512127,1.4652,-9.3571,4.1258,4.3215,3.5825,4.1873,8
2460533.575527,8.2558,-13.0702,4.1258,4.3215,3.5825,4.1873,8
2460533.592417,6.7297,-17.2572,4.1258,4.3215,3.5825,4.1873,8
2460533.621647,1.7628,-10.8602,4.1258,4.3215,3.5825,4.1873,8
2460533.638237,4.6851,-10.6131,4.1258,4.3215,3.5825,4.1873,8
2460533.671647,9.1198,-12.9661,4.1258,4.3215,3.5825,4.1873,8
2460533.692867,7.7097,-8.1633,4.1258,4.3215,3.5825,4.1873,8
2460534.471857,10.0244,-11.5815,4.1258,4.3215,3.5825,4.1873,8
2460534.488827,0.9363,-12.6165,4.1258,4.3215,3.5825,4.1873,8
2460534.506667,10.3003,-19.5590,4.1258,4.3215,3.5825,4.1873,8
2460534.523037,1.9187,-10.1521,4.1258,4.3215,3.5825,4.1873,8
2460534.540187,3.0357,-11.4295,4.1258,4.3215,3.5825,4.1873,8
2460534.568757,7.5202,-12.8678,4.1258,4.3215,3.5825,4.1873,8
2460534.586287,3.4777,-12.0958,4.1258,4.3215,3.5825,4.1873,8
2460534.603097,13.2154,-8.4185,4.1258,4.3215,3.5825,4.1873,8
2460534.621727,8.9860,-12.2678,4.1258,4.3215,3.5825,4.1873,8
2460534.638907,-1.2411,-14.9011,4.1258,4.3215,3.5825,4.1873,8
2460534.693137,6.4932,-12.5541,4.1258,4.3215,3.5825,4.1873,8
2460535.475607,4.8459,-20.0330,4.1258,4.3215,3.5825,4.1873,8
2460535.495777,4.5613,-16.9904,4.1258,4.3215,3.5825,4.1873,8
2460535.514037,-1.4079,-19.1674,4.1258,4.3215,3.5825,4.1873,8
2460535.542197,-2.0094,-15.4239,4.1258,4.3215,3.5825,4.1873,8
2460535.559177,5.8563,-12.1465,4.1258,4.3215,3.5825,4.1873,8
2460535.576427,1.6988,-9.6309,4.1258,4.3215,3.5825,4.1873,8
2460535.595587,7.3884,-11.2895,4.1258,4.3215,3.5825,4.1873,8
2460535.614357,-1.6839,-9.8097,4.1258,4.3215,3.5825,4.1873,8
2460535.642917,2.0747,-15.0355,4.1258,4.3215,3.5825,4.1873,8
2460535.664587,10.9718,-16.1881,4.1258,4.3215,3.5825,4.1873,8
2460535.711137,10.5019,-14.7058,4.1258,4.3215,3.5825,4.1873,8
2460536.485337,6.4817,-19.1103,4.1258,4.3215,3.5825,4.1873,8
2460536.545287,5.5993,-11.1936,4.1258,4.3215,3.5825,4.1873,8
2460536.569467,2.5906,-17.8693,4.1258,4.3215,3.5825,4.1873,8
2460536.587847,8.4413,-12.8789,4.1258,4.3215,3.5825,4.1873,8
2460536.604707,4.0890,-5.7195,4.1258,4.3215,3.5825,4.1873,8
2460536.622257,8.1063,-9.0233,4.1258,4.3215,3.5825,4.1873,8
2460536.655227,10.0999,-14.6233,4.1258,4.3215,3.5825,4.1873,8
2460542.648347,5.4140,-10.9022,4.1258,4.3215,3.5825,4.1873,8
2460542.669767,6.1189,-12.7016,4.1258,4.3215,3.5825,4.1873,8
2460543.581667,10.2244,-18.7630,4.1258,4.3215,3.5825,4.1873,8
2460544.574877,-1.4850,-13.1939,4.1258,4.3215,3.5825,4.1873,8
2460544.639237,4.7581,-16.4812,4.1258,4.3215,3.5825,4.1873,8
2460544.642117,13.0823,-4.8150,4.1258,4.3215,3.5825,4.1873,8
2460544.657837,-2.4134,-17.5062,4.1258,4.3215,3.5825,4.1873,8
2460544.660677,8.6341,-5.8551,4.1258,4.3215,3.5825,4.1873,8
2460545.495867,10.8447,-18.8634,4.1258,4.3215,3.5825,4.1873,8
2460545.539457,12.6341,-12.2044,4.1258,4.3215,3.5825,4.1873,8
2460545.644317,12.1329,-22.3710,4.1258,4.3215,3.5825,4.1873,8
2460546.591227,5.4637,-11.2745,4.1258,4.3215,3.5825,4.1873,8
2460547.471747,10.7077,-13.7106,4.1258,4.3215,3.5825,4.1873,8
2460547.488667,9.5786,-16.0981,4.1258,4.3215,3.5825,4.1873,8
2460547.505347,3.6959,-19.5921,4.1258,4.3215,3.5825,4.1873,8
2460547.533267,5.2440,-9.5406,4.1258,4.3215,3.5825,4.1873,8
2460547.551837,-0.5233,-19.7351,4.1258,4.3215,3.5825,4.1873,8
2460547.570267,7.7343,-15.0980,4.1258,4.3215,3.5825,4.1873,8
2460547.587357,0.5184,-17.1466,4.1258,4.3215,3.5825,4.1873,8
2460547.605587,1.1994,-12.5746,4.1258,4.3215,3.5825,4.1873,8
2460547.638217,9.0925,-6.6550,4.1258,4.3215,3.5825,4.1873,8
2460548.488767,4.3532,-8.4671,4.1258,4.3215,3.5825,4.1873,8
2460548.505467,1.0652,-8.8797,4.1258,4.3215,3.5825,4.1873,8
2460548.533537,3.3692,-13.7424,4.1258,4.3215,3.5825,4.1873,8
2460548.563807,9.7706,-6.8631,4.1258,4.3215,3.5825,4.1873,8
2460548.582307,5.9592,-5.2985,4.1258,4.3215,3.5825,4.1873,8
2460548.599067,1.9684,-8.3747,4.1258,4.3215,3.5825,4.1873,8
2460548.615567,0.4241,-13.5260,4.1258,4.3215,3.5825,4.1873,8
2460548.632887,3.3140,-11.1081,4.1258,4.3215,3.5825,4.1873,8
2460548.662527,10.3869,-16.0936,4.1258,4.3215,3.5825,4.1873,8
2460548.679267,0.5210,-21.4971,4.1258,4.3215,3.5825,4.1873,8
2460549.472127,4.3216,-16.5016,4.1258,4.3215,3.5825,4.1873,8
2460549.489847,3.5074,-18.0631,4.1258,4.3215,3.5825,4.1873,8
2460549.506667,9.4835,-14.7131,4.1258,4.3215,3.5825,4.1873,8
2460549.523267,9.7340,-19.9057,4.1258,4.3215,3.5825,4.1873,8
2460549.567467,8.4193,-12.0864,4.1258,4.3215,3.5825,4.1873,8
2460549.584077,6.2529,-15.2228,4.1258,4.3215,3.5825,4.1873,8
2460549.602827,2.9208,-16.4980,4.1258,4.3215,3.5825,4.1873,8
2460549.619617,0.1501,-7.4851,4.1258,4.3215,3.5825,4.1873,8
2460549.647077,0.6722,-11.5177,4.1258,4.3215,3.5825,4.1873,8
2460549.666687,5.6933,-10.2134,4.1258,4.3215,3.5825,4.1873,8
2460550.522327,4.9969,-22.0379,4.1258,4.3215,3.5825,4.1873,8
2460550.543567,8.6312,-14.6695,4.1258,4.3215,3.5825,4.1873,8
2460550.571327,10.9001,-9.0483,4.1258,4.3215,3.5825,4.1873,8
2460550.604927,7.1443,-19.4642,4.1258,4.3215,3.5825,4.1873,8
2460550.637977,1.7201,-13.4716,4.1258,4.3215,3.5825,4.1873,8
2460551.547077,3.8458,-3.1839,4.1258,4.3215,3.5825,4.1873,8
2460551.579607,4.0577,-3.5229,4.1258,4.3215,3.5825,4.1873,8
2460553.613037,11.2386,-20.0991,4.1258,4.3215,3.5825,4.1873,8
2460553.647017,8.3814,-16.3368,4.1258,4.3215,3.5825,4.1873,8
2460554.481487,11.6106,-4.2959,4.1258,4.3215,3.5825,4.1873,8
2460554.509207,12.1508,-4.5800,4.1258,4.3215,3.5825,4.1873,8
2460554.529867,12.5161,-13.1058,4.1258,4.3215,3.5825,4.1873,8
2460554.548747,10.0234,-5.5726,4.1258,4.3215,3.5825,4.1873,8
2460554.567317,9.5092,-6.5631,4.1258,4.3215,3.5825,4.1873,8
2460554.583747,11.8280,-15.0961,4.1258,4.3215,3.5825,4.1873,8
2460554.632457,12.5468,-3.4719,4.1258,4.3215,3.5825,4.1873,8
2460554.653647,13.8934,-13.4810,4.1258,4.3215,3.5825,4.1873,8
2460555.484557,7.4083,-6.1054,4.1258,4.3215,3.5825,4.1873,8
2460555.502227,11.1580,-10.5297,4.1258,4.3215,3.5825,4.1873,8
2460555.518927,5.6692,-9.8750,4.1258,4.3215,3.5825,4.1873,8
2460555.547337,2.8522,-6.1312,4.1258,4.3215,3.5825,4.1873,8
2460555.564697,10.7178,-9.4182,4.1258,4.3215,3.5825,4.1873,8
2460555.581777,5.0616,-13.0214,4.1258,4.3215,3.5825,4.1873,8
2460555.615337,7.5350,-10.9567,4.1258,4.3215,3.5825,4.1873,8
2460555.643277,6.9205,-16.9367,4.1258,4.3215,3.5825,4.1873,8
2460555.660317,4.0239,-9.7650,4.1258,4.3215,3.5825,4.1873,8
2460556.524717,4.6885,-11.8316,4.1258,4.3215,3.5825,4.1873,8
2460556.551657,13.9551,-7.3066,4.1258,4.3215,3.5825,4.1873,8
2460556.569887,8.9807,-3.2818,4.1258,4.3215,3.5825,4.1873,8
2460556.603037,8.5735,-19.3722,4.1258,4.3215,3.5825,4.1873,8
2460556.620077,9.5775,-3.9748,4.1258,4.3215,3.5825,4.1873,8
2460557.496387,3.4321,-13.2477,4.1258,4.3215,3.5825,4.1873,8
2460557.513667,6.3821,-15.3775,4.1258,4.3215,3.5825,4.1873,8
2460557.531157,-2.2775,-11.7021,4.1258,4.3215,3.5825,4.1873,8
2460557.547557,7.4825,-16.0638,4.1258,4.3215,3.5825,4.1873,8
2460557.576567,5.6577,-13.5354,4.1258,4.3215,3.5825,4.1873,8
2460557.609407,2.9674,-8.2530,4.1258,4.3215,3.5825,4.1873,8
2460557.643467,-1.2044,-21.0509,4.1258,4.3215,3.5825,4.1873,8
2460558.498447,8.6825,-14.6458,4.1258,4.3215,3.5825,4.1873,8
2460558.515997,4.0692,-10.6884,4.1258,4.3215,3.5825,4.1873,8
2460558.544507,10.2333,-9.3730,4.1258,4.3215,3.5825,4.1873,8
2460558.561517,4.4393,-11.2232,4.1258,4.3215,3.5825,4.1873,8
2460558.578877,9.4648,-12.4471,4.1258,4.3215,3.5825,4.1873,8
2460558.606297,10.7698,-6.5310,4.1258,4.3215,3.5825,4.1873,8
2460558.640067,9.7817,-13.0242,4.1258,4.3215,3.5825,4.1873,8
2460559.491317,4.0496,-13.6092,4.1258,4.3215,3.5825,4.1873,8
2460559.507987,7.3620,-13.1552,4.1258,4.3215,3.5825,4.1873,8
2460559.524427,6.8951,-20.9805,4.1258,4.3215,3.5825,4.1873,8
2460559.570757,4.9372,-19.1451,4.1258,4.3215,3.5825,4.1873,8
2460559.587237,8.2648,-9.5297,4.1258,4.3215,3.5825,4.1873,8
2460560.476717,8.7045,-18.0898,4.1258,4.3215,3.5825,4.1873,8
2460560.503737,8.7831,-7.7530,4.1258,4.3215,3.5825,4.1873,8
2460560.522167,0.0825,-12.0325,4.1258,4.3215,3.5825,4.1873,8
2460560.555397,11.0840,-15.8034,4.1258,4.3215,3.5825,4.1873,8
2460560.572287,7.8770,-20.3668,4.1258,4.3215,3.5825,4.1873,8
2460560.604047,6.9781,-5.1016,4.1258,4.3215,3.5825,4.1873,8
2460560.637377,0.7808,-9.6362,4.1258,4.3215,3.5825,4.1873,8
2460561.485937,12.2475,-13.7180,4.1258,4.3215,3.5825,4.1873,8
2460561.505347,5.8679,-8.2631,4.1258,4.3215,3.5825,4.1873,8
2460561.522237,4.8959,-10.7106,4.1258,4.3215,3.5825,4.1873,8
2460561.550457,1.2186,-10.2065,4.1258,4.3215,3.5825,4.1873,8
2460561.567597,11.1724,-11.3628,4.1258,4.3215,3.5825,4.1873,8
2460561.584627,8.2588,-6.6027,4.1258,4.3215,3.5825,4.1873,8
2460561.601727,7.4691,-15.7866,4.1258,4.3215,3.5825,4.1873,8
2460562.480907,8.2797,-16.1957,4.1258,4.3215,3.5825,4.1873,8
2460562.500487,0.3784,-11.9108,4.1258,4.3215,3.5825,4.1873,8
2460562.519187,-0.5150,-18.1407,4.1258,4.3215,3.5825,4.1873,8
2460562.535887,3.6632,-8.4635,4.1258,4.3215,3.5825,4.1873,8
2460562.552867,1.6944,-16.1697,4.1258,4.3215,3.5825,4.1873,8
2460563.490337,8.0400,-19.5948,4.1258,4.3215,3.5825,4.1873,8
2460563.556547,0.6506,-15.3381,4.1258,4.3215,3.5825,4.1873,8
2460567.493197,3.4265,-17.1077,4.1258,4.3215,3.5825,4.1873,8
2460567.542747,4.3098,-4.1169,4.1258,4.3215,3.5825,4.1873,8
2460567.584657,0.6764,-6.3128,4.1258,4.3215,3.5825,4.1873,8
2460567.601407,7.8424,-4.6915,4.1258,4.3215,3.5825,4.1873,8
2460568.508617,9.4239,-14.2054,4.1258,4.3215,3.5825,4.1873,8
2460568.574467,5.2154,-10.6160,4.1258,4.3215,3.5825,4.1873,8
2460568.614047,9.7165,-10.3967,4.1258,4.3215,3.5825,4.1873,8
2460569.494007,4.7733,-10.4288,4.1258,4.3215,3.5825,4.1873,8
2460569.521697,11.0501,-11.9333,4.1258,4.3215,3.5825,4.1873,8
2460569.569617,6.6563,-10.7662,4.1258,4.3215,3.5825,4.1873,8
2460569.592297,8.2257,-10.4788,4.1258,4.3215,3.5825,4.1873,8
2460570.488237,6.7971,-11.7965,4.1258,4.3215,3.5825,4.1873,8
2460570.517927,12.5493,-9.0711,4.1258,4.3215,3.5825,4.1873,8
2460570.551427,2.0116,-13.7179,4.1258,4.3215,3.5825,4.1873,8
2460570.585927,9.0591,-10.6843,4.1258,4.3215,3.5825,4.1873,8
2460570.617237,2.2361,-14.1724,4.1258,4.3215,3.5825,4.1873,8
2460571.543107,4.0498,-12.2648,4.1258,4.3215,3.5825,4.1873,8
2460571.560657,3.8135,-19.6416,4.1258,4.3215,3.5825,4.1873,8
2460571.596747,8.8804,-12.7274,4.1258,4.3215,3.5825,4.1873,8
2460573.505487,4.7713,-7.3706,4.1258,4.3215,3.5825,4.1873,8
2460573.522097,10.5125,-10.0346,4.1258,4.3215,3.5825,4.1873,8
2460573.524897,3.6074,-9.4290,4.1258,4.3215,3.5825,4.1873,8
2460573.541477,4.7007,-7.0024,4.1258,4.3215,3.5825,4.1873,8
2460573.560177,4.5611,-12.1442,4.1258,4.3215,3.5825,4.1873,8
2460573.578617,4.2939,-18.7155,4.1258,4.3215,3.5825,4.1873,8
2460573.596727,1.7862,-5.6486,4.1258,4.3215,3.5825,4.1873,8
2460574.506227,5.9962,-14.4739,4.1258,4.3215,3.5825,4.1873,8
2460574.522677,6.6787,-16.9980,4.1258,4.3215,3.5825,4.1873,8
2460574.542697,6.8523,-16.3703,4.1258,4.3215,3.5825,4.1873,8
2460574.578257,9.6155,-12.6045,4.1258,4.3215,3.5825,4.1873,8
2460574.608457,0.8898,-9.7410,4.1258,4.3215,3.5825,4.1873,8
2460575.513887,4.2764,-18.2426,4.1258,4.3215,3.5825,4.1873,8
2460575.598077,10.8848,-18.2711,4.1258,4.3215,3.5825,4.1873,8
2460576.507647,11.8800,-13.0861,4.1258,4.3215,3.5825,4.1873,8
2460576.524317,7.4993,-4.7942,4.1258,4.3215,3.5825,4.1873,8
2460576.555037,8.2707,-13.8515,4.1258,4.3215,3.5825,4.1873,8
2460576.572027,10.8057,-14.9290,4.1258,4.3215,3.5825,4.1873,8
2460576.590927,9.4396,-9.3960,4.1258,4.3215,3.5825,4.1873,8
2460577.587217,5.8570,-15.0159,4.1258,4.3215,3.5825,4.1873,8
2460578.492347,8.3252,-16.5950,4.1258,4.3215,3.5825,4.1873,8
2460578.509587,7.5244,-16.8401,4.1258,4.3215,3.5825,4.1873,8
2460578.536877,9.2077,-11.5332,4.1258,4.3215,3.5825,4.1873,8
2460578.556887,6.1016,-12.1440,4.1258,4.3215,3.5825,4.1873,8
2460579.481877,5.6651,-8.9280,4.1258,4.3215,3.5825,4.1873,8
2460579.529897,11.3937,-19.4357,4.1258,4.3215,3.5825,4.1873,8
2460580.496937,10.2345,-14.6076,4.1258,4.3215,3.5825,4.1873,8
2460580.524097,3.2410,-13.8065,4.1258,4.3215,3.5825,4.1873,8
2460580.542487,9.1272,-13.5967,4.1258,4.3215,3.5825,4.1873,8
2460581.483897,9.0981,-7.5922,4.1258,4.3215,3.5825,4.1873,8
2460581.503247,4.6309,-6.8874,4.1258,4.3215,3.5825,4.1873,8
2460581.531627,7.2193,-13.3798,4.1258,4.3215,3.5825,4.1873,8
2460581.548447,9.6876,-10.3174,4.1258,4.3215,3.5825,4.1873,8
2460581.565727,5.1391,-5.9857,4.1258,4.3215,3.5825,4.1873,8
2460582.482347,1.9625,-12.9382,4.1258,4.3215,3.5825,4.1873,8
2460582.499257,6.5615,-18.2627,4.1258,4.3215,3.5825,4.1873,8
2460582.527617,6.2510,-12.0630,4.1258,4.3215,3.5825,4.1873,8
2460582.544577,10.1956,-13.5423,4.1258,4.3215,3.5825,4.1873,8
2460582.579657,7.8058,-11.9742,4.1258,4.3215,3.5825,4.1873,8
2460583.485137,9.0518,-12.5643,4.1258,4.3215,3.5825,4.1873,8
2460583.503007,8.0595,-11.0009,4.1258,4.3215,3.5825,4.1873,8
2460583.534357,5.4870,-8.8943,4.1258,4.3215,3.5825,4.1873,8
2460583.571267,7.6747,-18.6254,4.1258,4.3215,3.5825,4.1873,8
2460585.489077,3.5374,-13.0883,4.1258,4.3215,3.5825,4.1873,8
2460585.506027,7.7380,-18.1798,4.1258,4.3215,3.5825,4.1873,8
2460585.522967,6.5588,-7.4883,4.1258,4.3215,3.5825,4.1873,8
2460585.571007,5.5790,-7.0564,4.1258,4.3215,3.5825,4.1873,8
2460586.486707,7.9183,-9.2304,4.1258,4.3215,3.5825,4.1873,8
2460586.504997,10.3514,-15.6525,4.1258,4.3215,3.5825,4.1873,8
2460586.541777,8.9302,-18.5916,4.1258,4.3215,3.5825,4.1873,8
2460587.514267,6.6432,-10.1099,4.1258,4.3215,3.5825,4.1873,8
2460587.531917,4.9260,-12.5828,4.1258,4.3215,3.5825,4.1873,8
2460587.549147,6.1875,-13.1981,4.1258,4.3215,3.5825,4.1873,8
2460587.566357,1.5690,-11.7314,4.1258,4.3215,3.5825,4.1873,8
2460595.519127,6.0945,-12.9715,4.1258,4.3215,3.5825,4.1873,8
2460595.535967,4.2640,-9.4284,4.1258,4.3215,3.5825,4.1873,8
2460598.522617,9.7689,-15.9952,4.1258,4.3215,3.5825,4.1873,8
2460599.513007,6.5972,-7.4130,4.1258,4.3215,3.5825,4.1873,8
2460599.530257,4.4910,-16.1885,4.1258,4.3215,3.5825,4.1873,8
2460600.511107,10.4186,-18.9074,4.1258,4.3215,3.5825,4.1873,8
2460603.495347,4.6159,-15.9703,4.1258,4.3215,3.5825,4.1873,8
2460604.500307,6.8402,-9.4495,4.1258,4.3215,3.5825,4.1873,8
2460726.863957,12.3461,-19.9005,4.1258,4.3215,3.4227,3.8409,9
2460727.861297,1.8884,-14.7284,4.1258,4.3215,3.4227,3.8409,9
2460727.878267,9.3691,-16.3733,4.1258,4.3215,3.4227,3.8409,9
2460729.849347,0.7674,-14.0833,4.1258,4.3215,3.4227,3.8409,9
2460729.862027,14.0360,-9.5731,4.1258,4.3215,3.4227,3.8409,9
2460731.881177,10.9045,-15.3304,4.1258,4.3215,3.4227,3.8409,9
2460732.862997,8.5384,-21.6769,4.1258,4.3215,3.4227,3.8409,9
2460732.879807,13.6345,-18.6026,4.1258,4.3215,3.4227,3.8409,9
2460732.896427,7.7710,-11.7015,4.1258,4.3215,3.4227,3.8409,9
2460733.863497,1.4026,-17.0148,4.1258,4.3215,3.4227,3.8409,9
2460735.863697,5.5406,-16.4371,4.1258,4.3215,3.4227,3.8409,9
2460735.883047,0.2072,-15.6363,4.1258,4.3215,3.4227,3.8409,9
2460735.899847,7.4109,-9.7002,4.1258,4.3215,3.4227,3.8409,9
2460735.903997,6.6413,-17.1283,4.1258,4.3215,3.4227,3.8409,9
2460736.887997,-0.3746,-12.2628,4.1258,4.3215,3.4227,3.8409,9
2460737.900417,1.7431,-19.4678,4.1258,4.3215,3.4227,3.8409,9
2460738.888097,6.7859,-12.0569,4.1258,4.3215,3.4227,3.8409,9
2460738.907307,7.2975,-9.6061,4.1258,4.3215,3.4227,3.8409,9
2460739.835827,5.5855,-15.6645,4.1258,4.3215,3.4227,3.8409,9
2460739.884227,11.1128,-17.5475,4.1258,4.3215,3.4227,3.8409,9
2460740.825107,9.5440,-8.5101,4.1258,4.3215,3.4227,3.8409,9
2460740.891457,6.1100,-15.7726,4.1258,4.3215,3.4227,3.8409,9
2460741.876747,0.7948,-14.0080,4.1258,4.3215,3.4227,3.8409,9
2460742.837727,12.7496,-8.4817,4.1258,4.3215,3.4227,3.8409,9
2460742.855297,1.9353,-15.7338,4.1258,4.3215,3.4227,3.8409,9
2460742.889657,9.8478,-11.9797,4.1258,4.3215,3.4227,3.8409,9
2460743.833547,5.2019,-15.4737,4.1258,4.3215,3.4227,3.8409,9
2460743.850587,5.9177,-18.5709,4.1258,4.3215,3.4227,3.8409,9
2460743.853447,5.9930,-17.7554,4.1258,4.3215,3.4227,3.8409,9
2460743.869977,3.7483,-12.8788,4.1258,4.3215,3.4227,3.8409,9
2460743.892217,5.0770,-13.7125,4.1258,4.3215,3.4227,3.8409,9
2460744.811127,5.3929,-16.3560,4.1258,4.3215,3.4227,3.8409,9
2460744.828167,12.8358,-14.0982,4.1258,4.3215,3.4227,3.8409,9
2460744.844677,3.8308,-22.5337,4.1258,4.3215,3.4227,3.8409,9
2460745.818937,11.6017,-13.4167,4.1258,4.3215,3.4227,3.8409,9
2460745.836147,5.8988,-23.7374,4.1258,4.3215,3.4227,3.8409,9
2460745.853037,7.5767,-17.8267,4.1258,4.3215,3.4227,3.8409,9
2460746.807597,-0.5413,-10.3415,4.1258,4.3215,3.4227,3.8409,9
2460746.824347,8.4311,-15.8622,4.1258,4.3215,3.4227,3.8409,9
2460746.841037,4.5036,-10.9035,4.1258,4.3215,3.4227,3.8409,9
2460746.868517,6.7222,-12.5454,4.1258,4.3215,3.4227,3.8409,9
2460746.885087,6.9821,-9.0594,4.1258,4.3215,3.4227,3.8409,9
2460746.888607,3.1090,-20.3405,4.1258,4.3215,3.4227,3.8409,9
2460746.905187,4.7255,-12.8515,4.1258,4.3215,3.4227,3.8409,9
2460746.907877,6.8880,-17.1655,4.1258,4.3215,3.4227,3.8409,9
2460747.855057,5.6392,-19.7706,4.1258,4.3215,3.4227,3.8409,9
2460747.874267,9.2251,-15.1040,4.1258,4.3215,3.4227,3.8409,9
2460747.909547,3.4444,-21.3431,4.1258,4.3215,3.4227,3.8409,9
2460748.805067,5.4122,-20.1435,4.1258,4.3215,3.4227,3.8409,9
2460748.832107,6.2415,-17.8879,4.1258,4.3215,3.4227,3.8409,9
2460748.848897,7.2116,-24.3022,4.1258,4.3215,3.4227,3.8409,9
2460749.849897,5.5392,-17.6247,4.1258,4.3215,3.4227,3.8409,9
2460749.868767,11.9693,-11.2809,4.1258,4.3215,3.4227,3.8409,9
2460749.900417,6.0602,-16.7698,4.1258,4.3215,3.4227,3.8409,9
2460750.841307,9.0397,-16.5329,4.1258,4.3215,3.4227,3.8409,9
2460750.885567,8.2319,-15.3347,4.1258,4.3215,3.4227,3.8409,9
2460750.902297,9.2817,-13.6375,4.1258,4.3215,3.4227,3.8409,9
2460751.816007,5.9762,-10.1265,4.1258,4.3215,3.4227,3.8409,9
2460751.845727,7.6077,-24.1717,4.1258,4.3215,3.4227,3.8409,9
2460751.863187,10.3865,-15.5641,4.1258,4.3215,3.4227,3.8409,9
2460751.881667,9.2404,-19.8511,4.1258,4.3215,3.4227,3.8409,9
2460751.885437,6.5977,-15.7490,4.1258,4.3215,3.4227,3.8409,9
2460751.902257,8.7901,-12.9807,4.1258,4.3215,3.4227,3.8409,9
2460752.810347,12.5329,-16.4029,4.1258,4.3215,3.4227,3.8409,9
2460752.862307,2.0256,-11.6773,4.1258,4.3215,3.4227,3.8409,9
2460752.878947,3.9314,-16.1467,4.1258,4.3215,3.4227,3.8409,9
2460752.910997,13.2361,-15.6749,4.1258,4.3215,3.4227,3.8409,9
2460753.790987,8.8422,-13.2427,4.1258,4.3215,3.4227,3.8409,9
2460753.808137,9.3785,-9.0944,4.1258,4.3215,3.4227,3.8409,9
2460753.833417,3.0313,-20.2678,4.1258,4.3215,3.4227,3.8409,9
2460753.879867,3.1752,-13.7744,4.1258,4.3215,3.4227,3.8409,9
2460753.898367,9.8959,-18.0144,4.1258,4.3215,3.4227,3.8409,9
2460754.796057,9.5941,-21.4667,4.1258,4.3215,3.4227,3.8409,9
2460754.826667,3.3286,-19.4917,4.1258,4.3215,3.4227,3.8409,9
2460754.845487,7.9826,-11.1903,4.1258,4.3215,3.4227,3.8409,9
2460754.862677,9.7805,-16.7632,4.1258,4.3215,3.4227,3.8409,9
2460754.879637,5.2785,-12.1555,4.1258,4.3215,3.4227,3.8409,9
2460754.897007,6.2031,-9.6331,4.1258,4.3215,3.4227,3.8409,9
2460755.899677,7.7461,-9.6277,4.1258,4.3215,3.4227,3.8409,9
2460757.778777,0.1850,-10.9806,4.1258,4.3215,3.4227,3.8409,9
2460757.841237,0.8020,-8.5525,4.1258,4.3215,3.4227,3.8409,9
2460757.858287,2.1292,-10.0045,4.1258,4.3215,3.4227,3.8409,9
2460757.891667,11.7101,-16.0544,4.1258,4.3215,3.4227,3.8409,9
2460757.912637,5.1717,-14.8886,4.1258,4.3215,3.4227,3.8409,9
2460758.801847,3.1099,-11.9012,4.1258,4.3215,3.4227,3.8409,9
2460758.837857,1.2283,-14.2124,4.1258,4.3215,3.4227,3.8409,9
2460758.855027,6.7841,-12.0342,4.1258,4.3215,3.4227,3.8409,9
2460758.878727,4.3480,-15.1809,4.1258,4.3215,3.4227,3.8409,9
2460758.905537,1.3335,-11.6711,4.1258,4.3215,3.4227,3.8409,9
2460759.837727,9.4159,-13.7984,4.1258,4.3215,3.4227,3.8409,9
2460759.856187,7.1684,-15.3464,4.1258,4.3215,3.4227,3.8409,9
2460759.895047,6.4901,-16.9087,4.1258,4.3215,3.4227,3.8409,9
2460760.806257,0.0528,-14.7819,4.1258,4.3215,3.4227,3.8409,9
2460760.827177,10.0922,-10.0399,4.1258,4.3215,3.4227,3.8409,9
2460760.850317,11.4257,-14.3439,4.1258,4.3215,3.4227,3.8409,9
2460760.866767,12.1353,-13.1347,4.1258,4.3215,3.4227,3.8409,9
2460760.910707,9.8381,-18.4064,4.1258,4.3215,3.4227,3.8409,9
2460761.820777,5.9808,-7.3571,4.1258,4.3215,3.4227,3.8409,9
2460761.854887,12.6022,-21.9327,4.1258,4.3215,3.4227,3.8409,9
2460762.837927,9.8167,-8.3543,4.1258,4.3215,3.4227,3.8409,9
2460762.857197,8.0077,-12.6851,4.1258,4.3215,3.4227,3.8409,9
2460762.874497,4.1134,-10.6186,4.1258,4.3215,3.4227,3.8409,9
2460762.891827,4.9581,-18.1487,4.1258,4.3215,3.4227,3.8409,9
2460762.897387,5.5359,-9.4631,4.1258,4.3215,3.4227,3.8409,9
2460763.835317,6.1775,-16.4605,4.1258,4.3215,3.4227,3.8409,9
2460763.853627,2.2361,-16.3130,4.1258,4.3215,3.4227,3.8409,9
2460763.897847,5.1362,-14.0803,4.1258,4.3215,3.4227,3.8409,9
2460763.915067,8.9674,-15.9421,4.1258,4.3215,3.4227,3.8409,9
2460764.765887,7.8571,-19.3903,4.1258,4.3215,3.4227,3.8409,9
2460764.811187,2.5043,-15.8371,4.1258,4.3215,3.4227,3.8409,9
2460764.827697,5.8971,-17.6017,4.1258,4.3215,3.4227,3.8409,9
2460764.844247,9.0046,-15.1074,4.1258,4.3215,3.4227,3.8409,9
2460764.860757,5.3930,-13.7790,4.1258,4.3215,3.4227,3.8409,9
2460764.888687,6.1631,-13.6648,4.1258,4.3215,3.4227,3.8409,9
2460765.789027,6.6488,-12.1519,4.1258,4.3215,3.4227,3.8409,9
2460765.822467,7.2275,-11.8449,4.1258,4.3215,3.4227,3.8409,9
2460765.856177,13.6912,-12.0862,4.1258,4.3215,3.4227,3.8409,9
2460765.875637,11.3555,-16.0309,4.1258,4.3215,3.4227,3.8409,9
2460765.902967,8.3214,-12.6348,4.1258,4.3215,3.4227,3.8409,9
2460766.751377,5.6200,-16.7436,4.1258,4.3215,3.4227,3.8409,9
2460766.785877,0.9899,-11.9259,4.1258,4.3215,3.4227,3.8409,9
2460766.834497,4.1789,-16.1801,4.1258,4.3215,3.4227,3.8409,9
2460766.851307,6.2194,-10.9507,4.1258,4.3215,3.4227,3.8409,9
2460766.869677,2.6025,-11.3414,4.1258,4.3215,3.4227,3.8409,9
2460766.903207,1.6497,-19.1684,4.1258,4.3215,3.4227,3.8409,9
2460767.799637,2.4848,-9.6406,4.1258,4.3215,3.4227,3.8409,9
2460767.822417,5.0599,-21.6462,4.1258,4.3215,3.4227,3.8409,9
2460767.839467,11.0656,-13.7771,4.1258,4.3215,3.4227,3.8409,9
2460767.867207,4.3844,-14.8504,4.1258,4.3215,3.4227,3.8409,9
2460767.884047,9.2444,-8.9674,4.1258,4.3215,3.4227,3.8409,9
2460767.900987,8.1936,-13.6024,4.1258,4.3215,3.4227,3.8409,9
2460767.917987,5.5334,-9.2571,4.1258,4.3215,3.4227,3.8409,9
2460768.767437,1.2935,-18.4344,4.1258,4.3215,3.4227,3.8409,9
2460768.787217,4.3876,-9.9679,4.1258,4.3215,3.4227,3.8409,9
2460768.840817,2.2809,-14.4781,4.1258,4.3215,3.4227,3.8409,9
2460768.870427,1.4815,-9.8797,4.1258,4.3215,3.4227,3.8409,9
2460768.887397,6.2753,-17.7649,4.1258,4.3215,3.4227,3.8409,9
2460768.912507,10.3329,-10.1546,4.1258,4.3215,3.4227,3.8409,9
2460769.755927,2.3496,-18.3938,4.1258,4.3215,3.4227,3.8409,9
2460769.783367,1.2784,-15.7128,4.1258,4.3215,3.4227,3.8409,9
2460769.811077,8.0213,-10.3183,4.1258,4.3215,3.4227,3.8409,9
2460769.831727,13.4784,-12.9739,4.1258,4.3215,3.4227,3.8409,9
2460769.849147,6.6975,-13.5120,4.1258,4.3215,3.4227,3.8409,9
2460769.866237,-0.4427,-15.5707,4.1258,4.3215,3.4227,3.8409,9
2460769.887217,10.6450,-11.7492,4.1258,4.3215,3.4227,3.8409,9
2460769.915067,12.2842,-10.7800,4.1258,4.3215,3.4227,3.8409,9
2460770.753167,1.6180,-9.5046,4.1258,4.3215,3.4227,3.8409,9
2460770.757327,8.9972,-17.9346,4.1258,4.3215,3.4227,3.8409,9
2460770.777937,6.2001,-15.7452,4.1258,4.3215,3.4227,3.8409,9
2460770.794547,9.8058,-21.3314,4.1258,4.3215,3.4227,3.8409,9
2460770.826107,2.8736,-14.0295,4.1258,4.3215,3.4227,3.8409,9
2460770.842657,6.2719,-13.3361,4.1258,4.3215,3.4227,3.8409,9
2460770.880437,4.1169,-17.9883,4.1258,4.3215,3.4227,3.8409,9
2460770.897277,3.1785,-12.5702,4.1258,4.3215,3.4227,3.8409,9
2460771.794167,2.9786,-8.4640,4.1258,4.3215,3.4227,3.8409,9
2460771.843567,7.9800,-19.4333,4.1258,4.3215,3.4227,3.8409,9
2460771.877987,5.5717,-22.1732,4.1258,4.3215,3.4227,3.8409,9
2460772.776637,11.5135,-9.9806,4.1258,4.3215,3.4227,3.8409,9
2460772.810227,12.1626,-12.3398,4.1258,4.3215,3.4227,3.8409,9
2460772.874887,0.8129,-8.5396,4.1258,4.3215,3.4227,3.8409,9
2460772.894447,10.2796,-8.8478,4.1258,4.3215,3.4227,3.8409,9
2460772.914697,12.8548,-14.5438,4.1258,4.3215,3.4227,3.8409,9
2460773.734767,4.1861,-17.8827,4.1258,4.3215,3.4227,3.8409,9
2460773.754137,8.6200,-16.8262,4.1258,4.3215,3.4227,3.8409,9
2460773.787877,12.1530,-13.1094,4.1258,4.3215,3.4227,3.8409,9
2460773.804257,5.7577,-15.1653,4.1258,4.3215,3.4227,3.8409,9
2460773.847967,8.7157,-14.2653,4.1258,4.3215,3.4227,3.8409,9
2460773.864567,11.8114,-9.4224,4.1258,4.3215,3.4227,3.8409,9
2460773.881407,10.7108,-13.8789,4.1258,4.3215,3.4227,3.8409,9
2460773.900987,3.8333,-14.2272,4.1258,4.3215,3.4227,3.8409,9
2460774.803247,1.8927,-13.9968,4.1258,4.3215,3.4227,3.8409,9
2460774.819857,10.6455,-14.2466,4.1258,4.3215,3.4227,3.8409,9
2460774.847187,6.9242,-10.4408,4.1258,4.3215,3.4227,3.8409,9
2460774.867357,5.4013,-16.8102,4.1258,4.3215,3.4227,3.8409,9
2460774.884327,5.6483,-9.0083,4.1258,4.3215,3.4227,3.8409,9
2460774.901297,6.0330,-11.9242,4.1258,4.3215,3.4227,3.8409,9
2460774.919967,1.1945,-10.5144,4.1258,4.3215,3.4227,3.8409,9
2460775.723067,10.5003,-9.4274,4.1258,4.3215,3.4227,3.8409,9
2460775.911547,3.9193,-16.4510,4.1258,4.3215,3.4227,3.8409,9
2460777.845937,6.6846,-9.2310,4.1258,4.3215,3.4227,3.8409,9
2460777.865567,4.9101,-14.9441,4.1258,4.3215,3.4227,3.8409,9
2460777.880937,6.0499,-18.2985,4.1258,4.3215,3.4227,3.8409,9
2460777.897977,5.6316,-16.5460,4.1258,4.3215,3.4227,3.8409,9
2460777.916847,5.8971,-16.0037,4.1258,4.3215,3.4227,3.8409,9
2460778.737097,5.8181,-14.3004,4.1258,4.3215,3.4227,3.8409,9
2460778.816207,11.9021,-20.0504,4.1258,4.3215,3.4227,3.8409,9
2460778.859977,9.4527,-21.5599,4.1258,4.3215,3.4227,3.8409,9
2460778.878147,4.1251,-21.2139,4.1258,4.3215,3.4227,3.8409,9
2460778.896347,1.5293,-16.5910,4.1258,4.3215,3.4227,3.8409,9
2460779.764217,11.3361,-12.9311,4.1258,4.3215,3.4227,3.8409,9
2460779.797137,4.0059,-21.6321,4.1258,4.3215,3.4227,3.8409,9
2460779.824377,6.6504,-13.5350,4.1258,4.3215,3.4227,3.8409,9
2460779.842557,3.7886,-17.2232,4.1258,4.3215,3.4227,3.8409,9
2460779.858767,12.1527,-12.3364,4.1258,4.3215,3.4227,3.8409,9
2460779.892647,11.6802,-16.9330,4.1258,4.3215,3.4227,3.8409,9
2460779.920827,5.5801,-12.8699,4.1258,4.3215,3.4227,3.8409,9
2460780.739927,4.8370,-10.7213,4.1258,4.3215,3.4227,3.8409,9
2460780.775097,4.4491,-17.9677,4.1258,4.3215,3.4227,3.8409,9
2460780.833957,5.8311,-18.7971,4.1258,4.3215,3.4227,3.8409,9
2460780.865707,9.6625,-20.7906,4.1258,4.3215,3.4227,3.8409,9
2460780.882307,8.2573,-19.1862,4.1258,4.3215,3.4227,3.8409,9
2460780.904327,6.6731,-20.9650,4.1258,4.3215,3.4227,3.8409,9
2460780.920947,6.7214,-19.3206,4.1258,4.3215,3.4227,3.8409,9
2460780.924997,2.7346,-11.1548,4.1258,4.3215,3.4227,3.8409,9
2460781.731167,7.0386,-16.3670,4.1258,4.3215,3.4227,3.8409,9
2460781.748227,9.9410,-14.1193,4.1258,4.3215,3.4227,3.8409,9
2460781.766917,11.2257,-11.9444,4.1258,4.3215,3.4227,3.8409,9
2460781.785127,6.2690,-16.1415,4.1258,4.3215,3.4227,3.8409,9
2460781.802317,9.2712,-11.0279,4.1258,4.3215,3.4227,3.8409,9
2460781.847057,10.2603,-12.4988,4.1258,4.3215,3.4227,3.8409,9
2460781.864207,5.1002,-15.3359,4.1258,4.3215,3.4227,3.8409,9
2460781.881307,3.6044,-16.8926,4.1258,4.3215,3.4227,3.8409,9
2460781.917067,5.3390,-11.3436,4.1258,4.3215,3.4227,3.8409,9
2460782.718267,5.8396,-16.6383,4.1258,4.3215,3.4227,3.8409,9
2460782.753677,3.4271,-21.1391,4.1258,4.3215,3.4227,3.8409,9
2460782.787117,4.7266,-17.7632,4.1258,4.3215,3.4227,3.8409,9
2460785.752507,5.6515,-15.9700,4.1258,4.3215,3.4227,3.8409,9
2460785.788247,1.7345,-10.3817,4.1258,4.3215,3.4227,3.8409,9
2460785.837497,5.0945,-16.6605,4.1258,4.3215,3.4227,3.8409,9
2460785.854397,11.6482,-13.8768,4.1258,4.3215,3.4227,3.8409,9
2460785.870997,7.7853,-11.4490,4.1258,4.3215,3.4227,3.8409,9
2460785.873847,4.5197,-15.0749,4.1258,4.3215,3.4227,3.8409,9
2460785.890367,8.8770,-13.9762,4.1258,4.3215,3.4227,3.8409,9
2460785.907507,4.7455,-14.4235,4.1258,4.3215,3.4227,3.8409,9
2460786.879467,3.1510,-21.4249,4.1258,4.3215,3.4227,3.8409,9
2460787.750117,7.9549,-20.9071,4.1258,4.3215,3.4227,3.8409,9
2460787.782847,11.7535,-16.5204,4.1258,4.3215,3.4227,3.8409,9
2460787.800077,5.7818,-14.6077,4.1258,4.3215,3.4227,3.8409,9
2460787.819597,6.6206,-21.0872,4.1258,4.3215,3.4227,3.8409,9
2460787.839437,10.2958,-10.8642,4.1258,4.3215,3.4227,3.8409,9
2460787.856337,10.6619,-15.9347,4.1258,4.3215,3.4227,3.8409,9
2460787.888297,4.2614,-19.8081,4.1258,4.3215,3.4227,3.8409,9
2460787.922227,11.0189,-9.0356,4.1258,4.3215,3.4227,3.8409,9
2460788.697807,6.5869,-15.7714,4.1258,4.3215,3.4227,3.8409,9
2460788.715017,6.0688,-13.6801,4.1258,4.3215,3.4227,3.8409,9
2460788.746517,9.9020,-21.0498,4.1258,4.3215,3.4227,3.8409,9
2460788.762127,6.9235,-17.1558,4.1258,4.3215,3.4227,3.8409,9
2460788.779367,8.4450,-13.2536,4.1258,4.3215,3.4227,3.8409,9
2460788.814617,6.7882,-14.7460,4.1258,4.3215,3.4227,3.8409,9
2460788.849727,1.7657,-18.0334,4.1258,4.3215,3.4227,3.8409,9
2460788.867027,9.5162,-12.8848,4.1258,4.3215,3.4227,3.8409,9
2460788.900587,3.4142,-16.0514,4.1258,4.3215,3.4227,3.8409,9
2460788.917127,5.7389,-19.8666,4.1258,4.3215,3.4227,3.8409,9
2460789.702567,11.0470,-16.5162,4.1258,4.3215,3.4227,3.8409,9
2460789.719517,5.9201,-16.4266,4.1258,4.3215,3.4227,3.8409,9
2460789.736677,7.8615,-15.4452,4.1258,4.3215,3.4227,3.8409,9
2460789.783847,8.8075,-15.3435,4.1258,4.3215,3.4227,3.8409,9
2460789.802277,7.3386,-17.5406,4.1258,4.3215,3.4227,3.8409,9
2460789.826487,9.1612,-14.0289,4.1258,4.3215,3.4227,3.8409,9
2460789.843647,8.2561,-13.9343,4.1258,4.3215,3.4227,3.8409,9
2460789.860167,3.2401,-9.9071,4.1258,4.3215,3.4227,3.8409,9
2460789.877277,10.7532,-10.0984,4.1258,4.3215,3.4227,3.8409,9
2460789.921317,5.9623,-18.0502,4.1258,4.3215,3.4227,3.8409,9
2460790.691167,0.9451,-16.5576,4.1258,4.3215,3.4227,3.8409,9
2460790.740797,4.5476,-15.7474,4.1258,4.3215,3.4227,3.8409,9
2460790.757327,4.2554,-13.9107,4.1258,4.3215,3.4227,3.8409,9
2460790.773737,4.4286,-11.8109,4.1258,4.3215,3.4227,3.8409,9
2460790.790217,7.0902,-14.2388,4.1258,4.3215,3.4227,3.8409,9
2460790.806967,5.1006,-18.7605,4.1258,4.3215,3.4227,3.8409,9
2460790.836237,6.2653,-17.3355,4.1258,4.3215,3.4227,3.8409,9
2460790.858637,10.6324,-15.1765,4.1258,4.3215,3.4227,3.8409,9
2460790.875417,8.4225,-12.9098,4.1258,4.3215,3.4227,3.8409,9
2460790.892577,3.9834,-17.0818,4.1258,4.3215,3.4227,3.8409,9
2460790.913657,9.1281,-19.7915,4.1258,4.3215,3.4227,3.8409,9
2460791.700757,3.2789,-16.1815,4.1258,4.3215,3.4227,3.8409,9
2460791.734297,4.4518,-18.3260,4.1258,4.3215,3.4227,3.8409,9
2460791.768297,8.2195,-17.9114,4.1258,4.3215,3.4227,3.8409,9
2460791.813127,6.4273,-13.3629,4.1258,4.3215,3.4227,3.8409,9
2460791.847497,7.3405,-16.2813,4.1258,4.3215,3.4227,3.8409,9
2460791.864237,10.7916,-12.2154,4.1258,4.3215,3.4227,3.8409,9
2460791.892397,12.4352,-17.6638,4.1258,4.3215,3.4227,3.8409,9
2460791.909257,8.0244,-15.5319,4.1258,4.3215,3.4227,3.8409,9
2460791.928137,9.3072,-19.1262,4.1258,4.3215,3.4227,3.8409,9
2460792.693877,12.0126,-21.5873,4.1258,4.3215,3.4227,3.8409,9
2460792.720817,6.6677,-21.2619,4.1258,4.3215,3.4227,3.8409,9
2460792.737777,3.2467,-10.5926,4.1258,4.3215,3.4227,3.8409,9
2460792.754547,8.9848,-18.1362,4.1258,4.3215,3.4227,3.8409,9
2460792.790727,8.8921,-16.2395,4.1258,4.3215,3.4227,3.8409,9
2460792.819527,9.1745,-11.7747,4.1258,4.3215,3.4227,3.8409,9
2460792.836987,6.6224,-13.3305,4.1258,4.3215,3.4227,3.8409,9
2460792.853597,6.7968,-12.1733,4.1258,4.3215,3.4227,3.8409,9
2460792.870857,3.0179,-11.5720,4.1258,4.3215,3.4227,3.8409,9
2460792.887937,11.7030,-17.1652,4.1258,4.3215,3.4227,3.8409,9
2460792.904967,7.4857,-9.8635,4.1258,4.3215,3.4227,3.8409,9
2460793.688077,5.8510,-20.5717,4.1258,4.3215,3.4227,3.8409,9
2460793.753727,8.7353,-12.5720,4.1258,4.3215,3.4227,3.8409,9
2460793.756597,4.5024,-10.1240,4.1258,4.3215,3.4227,3.8409,9
2460793.775257,12.6862,-17.1235,4.1258,4.3215,3.4227,3.8409,9
2460793.796297,7.0405,-20.2387,4.1258,4.3215,3.4227,3.8409,9
2460793.814607,5.2495,-13.2692,4.1258,4.3215,3.4227,3.8409,9
2460793.835287,5.6209,-15.9394,4.1258,4.3215,3.4227,3.8409,9
2460793.880847,1.3135,-11.2198,4.1258,4.3215,3.4227,3.8409,9
2460793.898077,0.9962,-14.7103,4.1258,4.3215,3.4227,3.8409,9
2460793.915107,4.6316,-12.4099,4.1258,4.3215,3.4227,3.8409,9
2460794.747527,7.3406,-13.3360,4.1258,4.3215,3.4227,3.8409,9
2460794.812287,9.0628,-14.7783,4.1258,4.3215,3.4227,3.8409,9
2460794.828757,8.1932,-16.6216,4.1258,4.3215,3.4227,3.8409,9
2460794.846947,1.8079,-10.0281,4.1258,4.3215,3.4227,3.8409,9
2460794.863677,1.6320,-11.0093,4.1258,4.3215,3.4227,3.8409,9
2460794.867477,7.1777,-14.6450,4.1258,4.3215,3.4227,3.8409,9
2460794.928887,3.7367,-12.8342,4.1258,4.3215,3.4227,3.8409,9
2460795.683157,12.6310,-10.1050,4.1258,4.3215,3.4227,3.8409,9
2460795.705797,3.6695,-20.4583,4.1258,4.3215,3.4227,3.8409,9
2460795.755807,7.4615,-15.6510,4.1258,4.3215,3.4227,3.8409,9
2460795.772117,11.8005,-12.1957,4.1258,4.3215,3.4227,3.8409,9
2460795.810247,2.9174,-10.3335,4.1258,4.3215,3.4227,3.8409,9
2460795.834337,9.7216,-12.8147,4.1258,4.3215,3.4227,3.8409,9
2460795.861257,7.6449,-10.8471,4.1258,4.3215,3.4227,3.8409,9
2460795.895237,10.2503,-14.7399,4.1258,4.3215,3.4227,3.8409,9
2460795.913087,12.3021,-13.3068,4.1258,4.3215,3.4227,3.8409,9
2460795.929637,2.1925,-12.6685,4.1258,4.3215,3.4227,3.8409,9
2460797.708217,7.2271,-17.2551,4.1258,4.3215,3.4227,3.8409,9
2460798.678707,12.6713,-12.2916,4.1258,4.3215,3.4227,3.8409,9
2460798.705157,9.7758,-13.1999,4.1258,4.3215,3.4227,3.8409,9
2460798.721867,5.0246,-9.5376,4.1258,4.3215,3.4227,3.8409,9
2460798.741007,7.5047,-12.7051,4.1258,4.3215,3.4227,3.8409,9
2460798.761497,9.5416,-19.8208,4.1258,4.3215,3.4227,3.8409,9
2460798.778447,10.7625,-14.2890,4.1258,4.3215,3.4227,3.8409,9
2460798.822337,0.7253,-19.2434,4.1258,4.3215,3.4227,3.8409,9
2460798.838867,7.5630,-13.6626,4.1258,4.3215,3.4227,3.8409,9
2460798.859557,3.3869,-15.3269,4.1258,4.3215,3.4227,3.8409,9
2460798.879557,1.3700,-14.1167,4.1258,4.3215,3.4227,3.8409,9
2460798.906727,1.2517,-18.2165,4.1258,4.3215,3.4227,3.8409,9
2460799.662877,9.7434,-10.8024,4.1258,4.3215,3.4227,3.8409,9
2460799.681087,5.0706,-17.8332,4.1258,4.3215,3.4227,3.8409,9
2460799.712327,11.2180,-15.2399,4.1258,4.3215,3.4227,3.8409,9
2460799.729297,7.5740,-11.2056,4.1258,4.3215,3.4227,3.8409,9
2460799.745817,9.0202,-13.5114,4.1258,4.3215,3.4227,3.8409,9
2460799.765807,5.7822,-10.5907,4.1258,4.3215,3.4227,3.8409,9
2460799.783607,10.0533,-14.2018,4.1258,4.3215,3.4227,3.8409,9
2460799.800677,7.4137,-12.8497,4.1258,4.3215,3.4227,3.8409,9
2460799.844927,7.4942,-17.8989,4.1258,4.3215,3.4227,3.8409,9
2460799.861427,7.8914,-21.0759,4.1258,4.3215,3.4227,3.8409,9
2460799.880357,3.6492,-15.6007,4.1258,4.3215,3.4227,3.8409,9
2460799.897397,5.6924,-12.6592,4.1258,4.3215,3.4227,3.8409,9
2460799.930107,9.7786,-8.9689,4.1258,4.3215,3.4227,3.8409,9
2460800.706567,8.4009,-19.7712,4.1258,4.3215,3.4227,3.8409,9
2460800.740597,4.8443,-18.1248,4.1258,4.3215,3.4227,3.8409,9
2460800.752987,11.0713,-21.9944,4.1258,4.3215,3.4227,3.8409,9
2460800.769687,9.8803,-17.1408,4.1258,4.3215,3.4227,3.8409,9
2460800.786537,9.1500,-21.5885,4.1258,4.3215,3.4227,3.8409,9
2460800.803207,4.5771,-17.9161,4.1258,4.3215,3.4227,3.8409,9
2460800.832387,11.0364,-14.2763,4.1258,4.3215,3.4227,3.8409,9
2460800.849827,11.5645,-14.7913,4.1258,4.3215,3.4227,3.8409,9
2460800.866737,11.8136,-9.6072,4.1258,4.3215,3.4227,3.8409,9
2460800.901077,2.6055,-14.3518,4.1258,4.3215,3.4227,3.8409,9
2460800.919557,4.0502,-15.7834,4.1258,4.3215,3.4227,3.8409,9
2460801.704847,4.7509,-16.1707,4.1258,4.3215,3.4227,3.8409,9
2460801.721997,9.6918,-16.4398,4.1258,4.3215,3.4227,3.8409,9
2460801.739047,7.8692,-19.2607,4.1258,4.3215,3.4227,3.8409,9
2460801.765847,6.6719,-12.6573,4.1258,4.3215,3.4227,3.8409,9
2460801.782277,2.0099,-14.9795,4.1258,4.3215,3.4227,3.8409,9
2460801.799217,7.3967,-21.1750,4.1258,4.3215,3.4227,3.8409,9
2460801.815987,4.0746,-15.3212,4.1258,4.3215,3.4227,3.8409,9
2460801.863457,7.5175,-15.4490,4.1258,4.3215,3.4227,3.8409,9
2460801.880597,7.6731,-20.9738,4.1258,4.3215,3.4227,3.8409,9
2460801.897077,9.3540,-14.3427,4.1258,4.3215,3.4227,3.8409,9
2460801.921997,5.6991,-15.4289,4.1258,4.3215,3.4227,3.8409,9
2460802.690067,11.9421,-21.6407,4.1258,4.3215,3.4227,3.8409,9
2460802.706497,8.5813,-13.0194,4.1258,4.3215,3.4227,3.8409,9
2460802.723017,6.8072,-18.1597,4.1258,4.3215,3.4227,3.8409,9
2460802.739877,6.8306,-8.9364,4.1258,4.3215,3.4227,3.8409,9
2460802.758597,4.8859,-17.5136,4.1258,4.3215,3.4227,3.8409,9
2460802.786467,6.1338,-13.7980,4.1258,4.3215,3.4227,3.8409,9
2460802.804657,4.4940,-18.6343,4.1258,4.3215,3.4227,3.8409,9
2460802.821687,9.0110,-14.9578,4.1258,4.3215,3.4227,3.8409,9
2460802.856337,5.4795,-11.1504,4.1258,4.3215,3.4227,3.8409,9
2460802.859227,2.8836,-9.8675,4.1258,4.3215,3.4227,3.8409,9
2460802.887337,4.3815,-18.7941,4.1258,4.3215,3.4227,3.8409,9
2460802.904157,2.6268,-17.0326,4.1258,4.3215,3.4227,3.8409,9
2460802.921777,9.2398,-15.5350,4.1258,4.3215,3.4227,3.8409,9
2460803.802157,3.9816,-18.7519,4.1258,4.3215,3.4227,3.8409,9
2460803.818697,9.2430,-15.4556,4.1258,4.3215,3.4227,3.8409,9
2460803.836217,8.7845,-20.1926,4.1258,4.3215,3.4227,3.8409,9
2460803.870207,1.8232,-14.5291,4.1258,4.3215,3.4227,3.8409,9
2460804.869527,4.4999,-20.8205,4.1258,4.3215,3.4227,3.8409,9
2460804.886647,2.1226,-14.5538,4.1258,4.3215,3.4227,3.8409,9
2460805.770057,10.3388,-20.7165,4.1258,4.3215,3.4227,3.8409,9
2460805.798867,2.0138,-12.9868,4.1258,4.3215,3.4227,3.8409,9
2460805.815497,8.2368,-13.5201,4.1258,4.3215,3.4227,3.8409,9
2460805.833787,8.3912,-19.4766,4.1258,4.3215,3.4227,3.8409,9
2460805.850777,6.5463,-10.8103,4.1258,4.3215,3.4227,3.8409,9
2460805.897537,8.9389,-12.9638,4.1258,4.3215,3.4227,3.8409,9
2460806.645247,8.5510,-11.2632,4.1258,4.3215,3.4227,3.8409,9
2460806.657937,10.4116,-14.5728,4.1258,4.3215,3.4227,3.8409,9
2460806.702597,5.2957,-10.7481,4.1258,4.3215,3.4227,3.8409,9
2460806.720497,1.7698,-16.5283,4.1258,4.3215,3.4227,3.8409,9
2460806.771097,9.9575,-16.6556,4.1258,4.3215,3.4227,3.8409,9
2460806.797907,12.7195,-14.0764,4.1258,4.3215,3.4227,3.8409,9
2460806.818977,9.8798,-13.6138,4.1258,4.3215,3.4227,3.8409,9
2460806.902967,8.0283,-9.9062,4.1258,4.3215,3.4227,3.8409,9
2460807.682587,4.7698,-14.1399,4.1258,4.3215,3.4227,3.8409,9
2460807.702407,6.2321,-21.6243,4.1258,4.3215,3.4227,3.8409,9
2460807.759527,6.6288,-16.8808,4.1258,4.3215,3.4227,3.8409,9
2460807.763257,11.1674,-9.7131,4.1258,4.3215,3.4227,3.8409,9
2460807.808087,7.4024,-19.0989,4.1258,4.3215,3.4227,3.8409,9
2460807.841627,4.0156,-17.9448,4.1258,4.3215,3.4227,3.8409,9
2460807.858247,3.9711,-12.1676,4.1258,4.3215,3.4227,3.8409,9
2460807.902067,8.7804,-12.1876,4.1258,4.3215,3.4227,3.8409,9
2460807.918617,11.9803,-11.7150,4.1258,4.3215,3.4227,3.8409,9
2460808.632787,12.1437,-13.8807,4.1258,4.3215,3.4227,3.8409,9
2460808.649527,7.7095,-9.3504,4.1258,4.3215,3.4227,3.8409,9
2460808.698667,5.3117,-20.7214,4.1258,4.3215,3.4227,3.8409,9
2460808.733817,2.8393,-19.5258,4.1258,4.3215,3.4227,3.8409,9
2460808.847607,11.3085,-14.2357,4.1258,4.3215,3.4227,3.8409,9
2460808.908977,3.1011,-15.8920,4.1258,4.3215,3.4227,3.8409,9
2460812.849287,5.0076,-14.6571,4.1258,4.3215,3.4227,3.8409,9
2460812.881377,2.3900,-20.7291,4.1258,4.3215,3.4227,3.8409,9
2460812.898027,3.6326,-20.3943,4.1258,4.3215,3.4227,3.8409,9
2460814.733507,6.9333,-16.2611,4.1258,4.3215,3.4227,3.8409,9
2460814.750877,7.2975,-14.4589,4.1258,4.3215,3.4227,3.8409,9
2460814.784457,8.5258,-14.5153,4.1258,4.3215,3.4227,3.8409,9
2460814.801547,2.4003,-17.6786,4.1258,4.3215,3.4227,3.8409,9
2460814.869017,4.8044,-14.2086,4.1258,4.3215,3.4227,3.8409,9
2460815.631787,8.5627,-12.6263,4.1258,4.3215,3.4227,3.8409,9
2460815.651197,9.3305,-17.1682,4.1258,4.3215,3.4227,3.8409,9
2460815.708737,6.2425,-14.5897,4.1258,4.3215,3.4227,3.8409,9
2460815.739567,4.5922,-19.9506,4.1258,4.3215,3.4227,3.8409,9
2460815.793107,6.5644,-9.3431,4.1258,4.3215,3.4227,3.8409,9
2460815.810667,8.0746,-13.6034,4.1258,4.3215,3.4227,3.8409,9
2460815.838427,10.4402,-16.6545,4.1258,4.3215,3.4227,3.8409,9
2460815.855727,2.0370,-21.7358,4.1258,4.3215,3.4227,3.8409,9
2460815.874007,2.4350,-13.9038,4.1258,4.3215,3.4227,3.8409,9
2460815.908827,5.2970,-13.6626,4.1258,4.3215,3.4227,3.8409,9
2460815.915567,0.7421,-18.4777,4.1258,4.3215,3.4227,3.8409,9
2460816.613417,8.6287,-18.4931,4.1258,4.3215,3.4227,3.8409,9
2460816.630717,8.1261,-12.4091,4.1258,4.3215,3.4227,3.8409,9
2460816.683927,5.6534,-13.0803,4.1258,4.3215,3.4227,3.8409,9
2460816.775877,3.4457,-18.5442,4.1258,4.3215,3.4227,3.8409,9
2460816.792807,11.7841,-10.2639,4.1258,4.3215,3.4227,3.8409,9
2460816.815067,5.1530,-17.1724,4.1258,4.3215,3.4227,3.8409,9
2460816.846717,7.1177,-13.3370,4.1258,4.3215,3.4227,3.8409,9
2460817.681907,3.3718,-18.7295,4.1258,4.3215,3.4227,3.8409,9
2460817.698957,5.5954,-15.3716,4.1258,4.3215,3.4227,3.8409,9
2460817.716067,5.5807,-13.8666,4.1258,4.3215,3.4227,3.8409,9
2460817.750187,8.1122,-14.0172,4.1258,4.3215,3.4227,3.8409,9
2460817.771827,2.7777,-11.1729,4.1258,4.3215,3.4227,3.8409,9
2460817.788477,9.8469,-9.5905,4.1258,4.3215,3.4227,3.8409,9
2460817.806807,8.2260,-11.6035,4.1258,4.3215,3.4227,3.8409,9
2460817.823937,7.0502,-14.8856,4.1258,4.3215,3.4227,3.8409,9
2460817.840657,8.8229,-13.8595,4.1258,4.3215,3.4227,3.8409,9
2460817.867927,4.4493,-8.8169,4.1258,4.3215,3.4227,3.8409,9
2460817.884667,7.9147,-13.3487,4.1258,4.3215,3.4227,3.8409,9
2460817.901857,7.2987,-13.3046,4.1258,4.3215,3.4227,3.8409,9
2460817.913177,11.4110,-12.8001,4.1258,4.3215,3.4227,3.8409,9
2460817.932537,3.4686,-17.5049,4.1258,4.3215,3.4227,3.8409,9
2460818.659577,12.9696,-16.1910,4.1258,4.3215,3.4227,3.8409,9
2460818.676237,13.5950,-14.8923,4.1258,4.3215,3.4227,3.8409,9
2460818.693157,10.9553,-15.4809,4.1258,4.3215,3.4227,3.8409,9
2460818.739967,1.7711,-18.3726,4.1258,4.3215,3.4227,3.8409,9
2460818.757287,11.6185,-13.1580,4.1258,4.3215,3.4227,3.8409,9
2460818.774297,1.5612,-11.0339,4.1258,4.3215,3.4227,3.8409,9
2460818.791797,8.5035,-10.0278,4.1258,4.3215,3.4227,3.8409,9
2460818.808397,3.7389,-16.5152,4.1258,4.3215,3.4227,3.8409,9
2460818.842587,5.5426,-13.0609,4.1258,4.3215,3.4227,3.8409,9
2460818.859937,5.7200,-16.4995,4.1258,4.3215,3.4227,3.8409,9
2460818.884717,5.7789,-18.4481,4.1258,4.3215,3.4227,3.8409,9
2460818.901837,5.6444,-16.1404,4.1258,4.3215,3.4227,3.8409,9
2460818.911487,6.0468,-15.3720,4.1258,4.3215,3.4227,3.8409,9
2460818.925397,12.0915,-13.3970,4.1258,4.3215,3.4227,3.8409,9
2460819.621157,4.9790,-22.4393,4.1258,4.3215,3.4227,3.8409,9
2460819.654267,5.2760,-14.4079,4.1258,4.3215,3.4227,3.8409,9
2460819.680617,6.4752,-21.4313,4.1258,4.3215,3.4227,3.8409,9
2460819.697717,7.4061,-12.5964,4.1258,4.3215,3.4227,3.8409,9
2460819.733197,8.6407,-11.3159,4.1258,4.3215,3.4227,3.8409,9
2460819.777967,9.3753,-10.4461,4.1258,4.3215,3.4227,3.8409,9
2460819.795527,2.5828,-21.9049,4.1258,4.3215,3.4227,3.8409,9
2460819.812097,7.0523,-13.9695,4.1258,4.3215,3.4227,3.8409,9
2460819.828877,8.0018,-8.7374,4.1258,4.3215,3.4227,3.8409,9
2460819.863077,6.0855,-14.9533,4.1258,4.3215,3.4227,3.8409,9
2460819.880507,8.2261,-18.8850,4.1258,4.3215,3.4227,3.8409,9
2460819.900157,6.8034,-14.2444,4.1258,4.3215,3.4227,3.8409,9
2460819.912587,2.7161,-17.3525,4.1258,4.3215,3.4227,3.8409,9
2460820.638767,11.1292,-19.4776,4.1258,4.3215,3.4227,3.8409,9
2460820.661957,7.5830,-19.8160,4.1258,4.3215,3.4227,3.8409,9
2460820.678757,13.2363,-12.2218,4.1258,4.3215,3.4227,3.8409,9
2460820.700557,1.4021,-17.1929,4.1258,4.3215,3.4227,3.8409,9
2460820.717467,7.3873,-11.5845,4.1258,4.3215,3.4227,3.8409,9
2460820.736897,4.9375,-17.1024,4.1258,4.3215,3.4227,3.8409,9
2460820.765167,2.4956,-18.5227,4.1258,4.3215,3.4227,3.8409,9
2460820.782057,11.9182,-14.0040,4.1258,4.3215,3.4227,3.8409,9
2460820.799157,3.8195,-13.9802,4.1258,4.3215,3.4227,3.8409,9
2460820.816037,3.7580,-18.2853,4.1258,4.3215,3.4227,3.8409,9
2460820.832937,8.1649,-16.7742,4.1258,4.3215,3.4227,3.8409,9
2460820.865317,2.7342,-18.5874,4.1258,4.3215,3.4227,3.8409,9
2460820.882237,2.5825,-9.9608,4.1258,4.3215,3.4227,3.8409,9
2460820.900657,11.0712,-15.8523,4.1258,4.3215,3.4227,3.8409,9
2460820.929727,4.4368,-18.5461,4.1258,4.3215,3.4227,3.8409,9
2460821.634977,7.5591,-8.1644,4.1258,4.3215,3.4227,3.8409,9
2460821.652247,11.0361,-19.1723,4.1258,4.3215,3.4227,3.8409,9
2460821.671217,12.6235,-22.0230,4.1258,4.3215,3.4227,3.8409,9
2460821.688207,9.1781,-11.1431,4.1258,4.3215,3.4227,3.8409,9
2460821.732487,8.7842,-14.0264,4.1258,4.3215,3.4227,3.8409,9
2460821.772257,6.0820,-16.6032,4.1258,4.3215,3.4227,3.8409,9
2460821.789037,7.4720,-16.7344,4.1258,4.3215,3.4227,3.8409,9
2460821.806487,7.7659,-16.7329,4.1258,4.3215,3.4227,3.8409,9
2460821.825337,3.9200,-16.6538,4.1258,4.3215,3.4227,3.8409,9
2460821.842337,8.2456,-14.1671,4.1258,4.3215,3.4227,3.8409,9
2460821.869757,6.5896,-13.9097,4.1258,4.3215,3.4227,3.8409,9
2460821.905157,4.6021,-21.5659,4.1258,4.3215,3.4227,3.8409,9
2460821.916267,5.8164,-19.5666,4.1258,4.3215,3.4227,3.8409,9
2460823.649317,1.2611,-10.1885,4.1258,4.3215,3.4227,3.8409,9
2460823.666387,4.7276,-16.7882,4.1258,4.3215,3.4227,3.8409,9
2460823.731467,4.8382,-14.7922,4.1258,4.3215,3.4227,3.8409,9
2460823.766367,11.0189,-8.4321,4.1258,4.3215,3.4227,3.8409,9
2460823.783537,8.3376,-13.5367,4.1258,4.3215,3.4227,3.8409,9
2460823.820027,6.9204,-17.9078,4.1258,4.3215,3.4227,3.8409,9
2460823.841747,9.8110,-12.4884,4.1258,4.3215,3.4227,3.8409,9
2460824.614327,6.9140,-9.3563,4.1258,4.3215,3.4227,3.8409,9
2460824.630797,8.2400,-16.5297,4.1258,4.3215,3.4227,3.8409,9
2460824.637907,10.5406,-17.2859,4.1258,4.3215,3.4227,3.8409,9
2460824.652297,8.9156,-20.1957,4.1258,4.3215,3.4227,3.8409,9
2460824.668737,6.0593,-21.0314,4.1258,4.3215,3.4227,3.8409,9
2460824.737497,5.5269,-18.4791,4.1258,4.3215,3.4227,3.8409,9
2460824.754007,8.7939,-18.4149,4.1258,4.3215,3.4227,3.8409,9
2460824.798877,6.7141,-13.7218,4.1258,4.3215,3.4227,3.8409,9
2460824.832747,6.9523,-20.7563,4.1258,4.3215,3.4227,3.8409,9
2460825.605067,10.5508,-17.3573,4.1258,4.3215,3.4227,3.8409,9
2460825.674027,8.3609,-15.9145,4.1258,4.3215,3.4227,3.8409,9
2460825.710897,12.5128,-10.3446,4.1258,4.3215,3.4227,3.8409,9
2460825.729127,7.4554,-17.3916,4.1258,4.3215,3.4227,3.8409,9
2460825.746267,11.4701,-20.1198,4.1258,4.3215,3.4227,3.8409,9
2460825.773927,11.9060,-12.6005,4.1258,4.3215,3.4227,3.8409,9
2460825.793637,7.1801,-17.4743,4.1258,4.3215,3.4227,3.8409,9
2460825.844607,7.7272,-13.2155,4.1258,4.3215,3.4227,3.8409,9
2460825.891057,8.8754,-12.1688,4.1258,4.3215,3.4227,3.8409,9
2460825.910287,7.9484,-11.2726,4.1258,4.3215,3.4227,3.8409,9
2460825.918907,13.5818,-15.0446,4.1258,4.3215,3.4227,3.8409,9
2460826.589277,8.9828,-13.9120,4.1258,4.3215,3.4227,3.8409,9
2460826.606067,2.1515,-17.7309,4.1258,4.3215,3.4227,3.8409,9
2460826.634077,12.3429,-18.7347,4.1258,4.3215,3.4227,3.8409,9
2460826.650467,8.8299,-15.1541,4.1258,4.3215,3.4227,3.8409,9
2460826.684887,1.7066,-19.1977,4.1258,4.3215,3.4227,3.8409,9
2460826.701137,8.0313,-18.8710,4.1258,4.3215,3.4227,3.8409,9
2460826.722997,8.1720,-15.0937,4.1258,4.3215,3.4227,3.8409,9
2460826.768057,5.8023,-15.8403,4.1258,4.3215,3.4227,3.8409,9
2460826.786207,6.6096,-19.1835,4.1258,4.3215,3.4227,3.8409,9
2460826.802947,6.5339,-10.6284,4.1258,4.3215,3.4227,3.8409,9
2460826.820097,7.5201,-15.7936,4.1258,4.3215,3.4227,3.8409,9
2460826.852157,12.0584,-11.3935,4.1258,4.3215,3.4227,3.8409,9
2460827.601127,5.4496,-12.3468,4.1258,4.3215,3.4227,3.8409,9
2460827.652887,6.8177,-19.7770,4.1258,4.3215,3.4227,3.8409,9
2460827.732717,0.9356,-13.6910,4.1258,4.3215,3.4227,3.8409,9
2460827.750677,8.6452,-13.0738,4.1258,4.3215,3.4227,3.8409,9
2460827.788987,5.5300,-8.6378,4.1258,4.3215,3.4227,3.8409,9
2460827.833567,2.7863,-16.0522,4.1258,4.3215,3.4227,3.8409,9
2460827.850427,10.8567,-16.8061,4.1258,4.3215,3.4227,3.8409,9
2460827.867277,5.7158,-15.4519,4.1258,4.3215,3.4227,3.8409,9
2460827.887797,7.6529,-14.4570,4.1258,4.3215,3.4227,3.8409,9
2460827.904997,9.6843,-17.6145,4.1258,4.3215,3.4227,3.8409,9
2460828.607087,7.6772,-11.8346,4.1258,4.3215,3.4227,3.8409,9
2460828.623977,5.2248,-11.3486,4.1258,4.3215,3.4227,3.8409,9
2460828.657167,11.5143,-13.4145,4.1258,4.3215,3.4227,3.8409,9
2460828.707657,11.5246,-14.0408,4.1258,4.3215,3.4227,3.8409,9
2460828.724197,10.9970,-12.1010,4.1258,4.3215,3.4227,3.8409,9
2460828.741357,8.8103,-18.5267,4.1258,4.3215,3.4227,3.8409,9
2460828.820247,4.1362,-14.1505,4.1258,4.3215,3.4227,3.8409,9
2460828.902247,1.0764,-21.3192,4.1258,4.3215,3.4227,3.8409,9
2460829.606527,0.6518,-18.9785,4.1258,4.3215,3.4227,3.8409,9
2460829.623367,9.9675,-12.7579,4.1258,4.3215,3.4227,3.8409,9
2460829.641677,7.4372,-12.2828,4.1258,4.3215,3.4227,3.8409,9
2460829.668997,9.7317,-22.1338,4.1258,4.3215,3.4227,3.8409,9
2460829.685427,8.8558,-19.0745,4.1258,4.3215,3.4227,3.8409,9
2460829.704927,10.0369,-16.0294,4.1258,4.3215,3.4227,3.8409,9
2460829.738377,5.3437,-16.9538,4.1258,4.3215,3.4227,3.8409,9
2460829.765407,2.5527,-15.0498,4.1258,4.3215,3.4227,3.8409,9
2460829.801807,1.4739,-16.4546,4.1258,4.3215,3.4227,3.8409,9
2460829.835147,8.5595,-20.3748,4.1258,4.3215,3.4227,3.8409,9
2460830.593237,12.6387,-18.5708,4.1258,4.3215,3.4227,3.8409,9
2460830.609627,12.2958,-8.4935,4.1258,4.3215,3.4227,3.8409,9
2460830.672417,6.9989,-16.1829,4.1258,4.3215,3.4227,3.8409,9
2460830.689087,8.0810,-18.6096,4.1258,4.3215,3.4227,3.8409,9
2460830.706137,5.8766,-13.0735,4.1258,4.3215,3.4227,3.8409,9
2460830.733737,13.2187,-16.1617,4.1258,4.3215,3.4227,3.8409,9
2460830.770057,6.2599,-17.0238,4.1258,4.3215,3.4227,3.8409,9
2460830.790597,10.8569,-16.5688,4.1258,4.3215,3.4227,3.8409,9
2460830.804077,8.5623,-10.8547,4.1258,4.3215,3.4227,3.8409,9
2460830.832107,10.4726,-17.3337,4.1258,4.3215,3.4227,3.8409,9
2460830.851907,4.7126,-20.2901,4.1258,4.3215,3.4227,3.8409,9
2460831.721407,7.9948,-16.3806,4.1258,4.3215,3.4227,3.8409,9
2460831.755877,5.9414,-13.8717,4.1258,4.3215,3.4227,3.8409,9
2460831.772687,10.5911,-10.3469,4.1258,4.3215,3.4227,3.8409,9
2460831.792907,4.3575,-13.2986,4.1258,4.3215,3.4227,3.8409,9
2460831.822067,3.3593,-10.0188,4.1258,4.3215,3.4227,3.8409,9
2460831.839037,7.6559,-16.9610,4.1258,4.3215,3.4227,3.8409,9
2460831.855687,5.9495,-19.4181,4.1258,4.3215,3.4227,3.8409,9
2460832.613467,10.4517,-10.3131,4.1258,4.3215,3.4227,3.8409,9
2460832.630097,0.9396,-21.8491,4.1258,4.3215,3.4227,3.8409,9
2460832.649227,11.5148,-18.3982,4.1258,4.3215,3.4227,3.8409,9
2460832.696557,4.1679,-8.4964,4.1258,4.3215,3.4227,3.8409,9
2460832.713347,6.2989,-16.1674,4.1258,4.3215,3.4227,3.8409,9
2460832.729937,0.9666,-18.4158,4.1258,4.3215,3.4227,3.8409,9
2460832.746777,12.0162,-22.8458,4.1258,4.3215,3.4227,3.8409,9
2460832.763917,12.1665,-17.9731,4.1258,4.3215,3.4227,3.8409,9
2460832.792817,4.3857,-7.9239,4.1258,4.3215,3.4227,3.8409,9
2460832.811027,9.8185,-9.6640,4.1258,4.3215,3.4227,3.8409,9
2460832.833007,8.6318,-11.6206,4.1258,4.3215,3.4227,3.8409,9
2460832.850357,6.6874,-10.8516,4.1258,4.3215,3.4227,3.8409,9
2460832.870267,5.4402,-22.9221,4.1258,4.3215,3.4227,3.8409,9
2460833.648337,2.9990,-19.1185,4.1258,4.3215,3.4227,3.8409,9
2460833.651187,4.8918,-18.2022,4.1258,4.3215,3.4227,3.8409,9
2460833.681617,4.2869,-16.7495,4.1258,4.3215,3.4227,3.8409,9
2460833.698477,10.0444,-17.3607,4.1258,4.3215,3.4227,3.8409,9
2460833.733097,7.2707,-20.4327,4.1258,4.3215,3.4227,3.8409,9
2460833.750357,8.3822,-19.8474,4.1258,4.3215,3.4227,3.8409,9
2460833.781867,12.2776,-7.8435,4.1258,4.3215,3.4227,3.8409,9
2460833.816407,2.4323,-13.7217,4.1258,4.3215,3.4227,3.8409,9
2460833.835457,3.8963,-16.6492,4.1258,4.3215,3.4227,3.8409,9
2460833.852807,13.8009,-13.6270,4.1258,4.3215,3.4227,3.8409,9
2460834.807737,11.2141,-17.2704,4.1258,4.3215,3.4227,3.8409,9
2460834.824497,5.3267,-17.4965,4.1258,4.3215,3.4227,3.8409,9
2460834.841337,5.0767,-10.8867,4.1258,4.3215,3.4227,3.8409,9
2460834.868267,8.9320,-13.4444,4.1258,4.3215,3.4227,3.8409,9
2460834.885287,7.8419,-15.0216,4.1258,4.3215,3.4227,3.8409,9
2460835.588227,5.1632,-10.4865,4.1258,4.3215,3.4227,3.8409,9
2460835.605227,4.5294,-17.6413,4.1258,4.3215,3.4227,3.8409,9
2460835.653267,5.4407,-12.6220,4.1258,4.3215,3.4227,3.8409,9
2460835.707637,12.4693,-11.9344,4.1258,4.3215,3.4227,3.8409,9
2460835.724797,1.5610,-19.7426,4.1258,4.3215,3.4227,3.8409,9
2460835.751857,10.0670,-20.2865,4.1258,4.3215,3.4227,3.8409,9
2460835.754707,10.6612,-17.9825,4.1258,4.3215,3.4227,3.8409,9
2460835.770117,12.6123,-20.3139,4.1258,4.3215,3.4227,3.8409,9
2460835.803487,8.6371,-10.1517,4.1258,4.3215,3.4227,3.8409,9
2460836.612517,4.6344,-14.9576,4.1258,4.3215,3.4227,3.8409,9
2460836.653397,13.0853,-16.4651,4.1258,4.3215,3.4227,3.8409,9
2460836.670417,7.1599,-16.8679,4.1258,4.3215,3.4227,3.8409,9
2460836.686877,11.2726,-12.0579,4.1258,4.3215,3.4227,3.8409,9
2460836.730827,7.1620,-19.2536,4.1258,4.3215,3.4227,3.8409,9
2460836.767197,3.1303,-20.1146,4.1258,4.3215,3.4227,3.8409,9
2460836.784047,-0.0848,-10.2644,4.1258,4.3215,3.4227,3.8409,9
2460836.800687,4.9847,-15.0321,4.1258,4.3215,3.4227,3.8409,9
2460836.828087,13.2410,-13.5222,4.1258,4.3215,3.4227,3.8409,9
2460841.817557,11.2761,-9.4150,4.1258,4.3215,3.4227,3.8409,9
2460841.832947,9.9601,-18.8190,4.1258,4.3215,3.4227,3.8409,9
2460843.575437,2.6859,-13.4293,4.1258,4.3215,3.4227,3.8409,9
2460844.760357,5.8291,-17.9474,4.1258,4.3215,3.4227,3.8409,9
2460844.815607,3.7524,-12.8932,4.1258,4.3215,3.4227,3.8409,9
2460844.833717,7.3863,-19.6311,4.1258,4.3215,3.4227,3.8409,9
2460845.664697,3.3971,-12.1879,4.1258,4.3215,3.4227,3.8409,9
2460845.681687,5.8675,-10.7672,4.1258,4.3215,3.4227,3.8409,9
2460845.727017,14.2021,-9.1794,4.1258,4.3215,3.4227,3.8409,9
2460845.744257,9.3776,-9.0270,4.1258,4.3215,3.4227,3.8409,9
2460846.551267,8.8195,-9.2524,4.1258,4.3215,3.4227,3.8409,9
2460846.599217,8.8441,-16.1928,4.1258,4.3215,3.4227,3.8409,9
2460846.615917,12.7548,-17.1090,4.1258,4.3215,3.4227,3.8409,9
2460846.638187,11.7421,-20.6469,4.1258,4.3215,3.4227,3.8409,9
2460846.655217,3.2384,-9.6237,4.1258,4.3215,3.4227,3.8409,9
2460846.683177,7.8836,-12.4722,4.1258,4.3215,3.4227,3.8409,9
2460846.700517,6.0243,-12.1679,4.1258,4.3215,3.4227,3.8409,9
2460846.703347,6.5396,-15.0228,4.1258,4.3215,3.4227,3.8409,9
2460846.739557,5.8841,-13.2097,4.1258,4.3215,3.4227,3.8409,9
2460846.815057,0.5707,-10.8499,4.1258,4.3215,3.4227,3.8409,9
2460846.832527,11.2194,-12.5906,4.1258,4.3215,3.4227,3.8409,9
2460846.850827,6.3745,-16.5568,4.1258,4.3215,3.4227,3.8409,9
2460847.588487,6.1671,-20.0297,4.1258,4.3215,3.4227,3.8409,9
2460847.605637,1.5999,-9.4600,4.1258,4.3215,3.4227,3.8409,9
2460847.623697,9.2823,-18.2360,4.1258,4.3215,3.4227,3.8409,9
2460847.642027,8.9381,-20.0464,4.1258,4.3215,3.4227,3.8409,9
2460847.660717,5.7908,-23.6257,4.1258,4.3215,3.4227,3.8409,9
2460847.706697,8.1657,-24.6347,4.1258,4.3215,3.4227,3.8409,9
2460847.756607,11.4187,-12.1288,4.1258,4.3215,3.4227,3.8409,9
2460847.784007,4.1556,-15.4589,4.1258,4.3215,3.4227,3.8409,9
2460847.802867,7.7907,-12.0677,4.1258,4.3215,3.4227,3.8409,9
2460847.820167,11.5873,-20.8163,4.1258,4.3215,3.4227,3.8409,9
2460847.837647,-0.4038,-15.5852,4.1258,4.3215,3.4227,3.8409,9
2460847.851747,10.6206,-14.2741,4.1258,4.3215,3.4227,3.8409,9
2460848.586727,7.4451,-10.8887,4.1258,4.3215,3.4227,3.8409,9
2460848.621117,4.7502,-11.4744,4.1258,4.3215,3.4227,3.8409,9
2460848.648377,11.6278,-15.2907,4.1258,4.3215,3.4227,3.8409,9
2460848.694577,12.9565,-20.4744,4.1258,4.3215,3.4227,3.8409,9
2460848.715427,5.1975,-15.5268,4.1258,4.3215,3.4227,3.8409,9
2460848.732827,15.2209,-13.5004,4.1258,4.3215,3.4227,3.8409,9
2460849.700897,7.2774,-22.7228,4.1258,4.3215,3.4227,3.8409,9
2460849.735047,9.8349,-19.1110,4.1258,4.3215,3.4227,3.8409,9
2460850.565147,3.3569,-11.5833,4.1258,4.3215,3.4227,3.8409,9
2460850.581807,10.6266,-15.8490,4.1258,4.3215,3.4227,3.8409,9
2460850.631627,7.4702,-21.2878,4.1258,4.3215,3.4227,3.8409,9
2460850.654367,4.2536,-14.9703,4.1258,4.3215,3.4227,3.8409,9
2460850.672067,3.9235,-17.1463,4.1258,4.3215,3.4227,3.8409,9
2460850.688487,9.0387,-16.3716,4.1258,4.3215,3.4227,3.8409,9
2460850.705587,9.1776,-15.2774,4.1258,4.3215,3.4227,3.8409,9
2460850.732667,9.2933,-13.6573,4.1258,4.3215,3.4227,3.8409,9
2460850.752327,1.7597,-13.0310,4.1258,4.3215,3.4227,3.8409,9
2460850.767737,8.5691,-15.5995,4.1258,4.3215,3.4227,3.8409,9
2460850.785157,6.6619,-14.7259,4.1258,4.3215,3.4227,3.8409,9
2460850.802027,7.1759,-13.1640,4.1258,4.3215,3.4227,3.8409,9
2460850.818727,8.2897,-8.3143,4.1258,4.3215,3.4227,3.8409,9
2460850.835917,1.0833,-25.9930,4.1258,4.3215,3.4227,3.8409,9
2460850.849537,-0.3915,-21.1880,4.1258,4.3215,3.4227,3.8409,9
2460851.529917,-0.3534,-18.0236,4.1258,4.3215,3.4227,3.8409,9
2460851.550637,7.2324,-23.4451,4.1258,4.3215,3.4227,3.8409,9
2460851.567727,9.7056,-20.8069,4.1258,4.3215,3.4227,3.8409,9
2460851.584227,7.2373,-22.0077,4.1258,4.3215,3.4227,3.8409,9
2460851.601267,10.9560,-13.6843,4.1258,4.3215,3.4227,3.8409,9
2460851.628667,1.1586,-11.9119,4.1258,4.3215,3.4227,3.8409,9
2460851.645347,5.7659,-16.9686,4.1258,4.3215,3.4227,3.8409,9
2460851.662617,3.1797,-15.6521,4.1258,4.3215,3.4227,3.8409,9
2460851.679857,3.6867,-15.3279,4.1258,4.3215,3.4227,3.8409,9
2460851.697017,6.9310,-15.7458,4.1258,4.3215,3.4227,3.8409,9
2460851.760557,10.7468,-16.6217,4.1258,4.3215,3.4227,3.8409,9
2460851.794137,15.9795,-12.0630,4.1258,4.3215,3.4227,3.8409,9
2460853.587967,5.9077,-23.2840,4.1258,4.3215,3.4227,3.8409,9
2460853.614887,9.5164,-25.5328,4.1258,4.3215,3.4227,3.8409,9
2460853.632047,6.9661,-17.5692,4.1258,4.3215,3.4227,3.8409,9
2460853.660917,9.4658,-13.9104,4.1258,4.3215,3.4227,3.8409,9
2460853.678157,4.9706,-10.8048,4.1258,4.3215,3.4227,3.8409,9
2460853.721967,1.8606,-22.3700,4.1258,4.3215,3.4227,3.8409,9
2460853.759607,8.4969,-16.2473,4.1258,4.3215,3.4227,3.8409,9
2460853.777307,7.3197,-12.4506,4.1258,4.3215,3.4227,3.8409,9
2460853.795487,3.6361,-18.7636,4.1258,4.3215,3.4227,3.8409,9
2460853.824557,7.9648,-25.7869,4.1258,4.3215,3.4227,3.8409,9
2460853.835227,6.7172,-22.3578,4.1258,4.3215,3.4227,3.8409,9
2460854.593037,15.5647,-26.2353,4.1258,4.3215,3.4227,3.8409,9
2460854.610527,14.7471,-11.4256,4.1258,4.3215,3.4227,3.8409,9
2460854.628997,4.6781,-25.8675,4.1258,4.3215,3.4227,3.8409,9
2460854.649157,8.8440,-22.1411,4.1258,4.3215,3.4227,3.8409,9
2460854.716527,7.7505,-19.4474,4.1258,4.3215,3.4227,3.8409,9
2460854.787617,7.8519,-10.0068,4.1258,4.3215,3.4227,3.8409,9
2460854.835017,8.7372,-18.3886,4.1258,4.3215,3.4227,3.8409,9
2460855.625467,10.8937,-25.8143,4.1258,4.3215,3.4227,3.8409,9
2460855.646437,12.7803,-22.3760,4.1258,4.3215,3.4227,3.8409,9
2460855.741697,0.8932,-20.0170,4.1258,4.3215,3.4227,3.8409,9
2460856.533567,-0.2392,-15.5123,4.1258,4.3215,3.4227,3.8409,9
2460856.550897,12.2737,-15.4670,4.1258,4.3215,3.4227,3.8409,9
2460856.578247,3.4083,-22.0880,4.1258,4.3215,3.4227,3.8409,9
2460856.594767,7.1505,-15.6287,4.1258,4.3215,3.4227,3.8409,9
2460856.615197,10.6419,-8.4690,4.1258,4.3215,3.4227,3.8409,9
2460856.631857,11.2039,-22.6185,4.1258,4.3215,3.4227,3.8409,9
2460856.649967,6.5854,-21.6974,4.1258,4.3215,3.4227,3.8409,9
2460856.681757,8.3268,-11.9366,4.1258,4.3215,3.4227,3.8409,9
2460856.698517,2.8274,-23.0820,4.1258,4.3215,3.4227,3.8409,9
2460856.751197,5.2476,-6.3809,4.1258,4.3215,3.4227,3.8409,9
2460856.768927,0.7137,-18.6835,4.1258,4.3215,3.4227,3.8409,9
2460856.814577,2.5313,-24.2942,4.1258,4.3215,3.4227,3.8409,9
2460856.831067,11.0578,-21.2822,4.1258,4.3215,3.4227,3.8409,9
2460857.641217,3.6288,-21.6601,4.1258,4.3215,3.4227,3.8409,9
2460857.686947,3.8376,-15.9761,4.1258,4.3215,3.4227,3.8409,9
2460857.706357,9.0924,-21.6432,4.1258,4.3215,3.4227,3.8409,9
2460857.726507,7.6963,-12.5233,4.1258,4.3215,3.4227,3.8409,9
2460857.743557,4.0397,-18.9657,4.1258,4.3215,3.4227,3.8409,9
2460857.760187,7.7709,-14.8746,4.1258,4.3215,3.4227,3.8409,9
2460857.787967,10.1549,-20.8544,4.1258,4.3215,3.4227,3.8409,9
2460857.805257,12.6236,-10.6112,4.1258,4.3215,3.4227,3.8409,9
2460857.823387,15.3858,-24.5173,4.1258,4.3215,3.4227,3.8409,9
2460858.790447,12.8227,-12.7570,4.1258,4.3215,3.4227,3.8409,9
2460859.505507,11.1647,-18.7383,4.1258,4.3215,3.4227,3.8409,9
2460859.522147,7.5238,-13.6958,4.1258,4.3215,3.4227,3.8409,9
2460859.549757,9.6116,-18.0370,4.1258,4.3215,3.4227,3.8409,9
2460859.566747,9.1671,-13.2590,4.1258,4.3215,3.4227,3.8409,9
2460859.582967,8.1235,-18.8651,4.1258,4.3215,3.4227,3.8409,9
2460859.600007,2.8972,-17.0069,4.1258,4.3215,3.4227,3.8409,9
2460859.713357,6.9052,-19.5311,4.1258,4.3215,3.4227,3.8409,9
2460859.730337,6.4825,-16.6525,4.1258,4.3215,3.4227,3.8409,9
2460859.746917,5.4846,-25.4872,4.1258,4.3215,3.4227,3.8409,9
2460859.767347,7.4542,-14.3547,4.1258,4.3215,3.4227,3.8409,9
2460859.794767,10.0768,-13.0018,4.1258,4.3215,3.4227,3.8409,9
2460860.516827,1.7944,-19.5740,4.1258,4.3215,3.4227,3.8409,9
2460860.533877,15.2764,-17.9578,4.1258,4.3215,3.4227,3.8409,9
2460860.583867,7.3751,-19.1986,4.1258,4.3215,3.4227,3.8409,9
2460860.600417,6.8897,-13.5154,4.1258,4.3215,3.4227,3.8409,9
2460860.617577,3.4732,-6.5844,4.1258,4.3215,3.4227,3.8409,9
2460860.634867,8.3106,-22.2291,4.1258,4.3215,3.4227,3.8409,9
2460860.664097,11.7922,-17.1404,4.1258,4.3215,3.4227,3.8409,9
2460860.680807,1.6683,-12.4920,4.1258,4.3215,3.4227,3.8409,9
2460860.717787,6.5800,-8.5660,4.1258,4.3215,3.4227,3.8409,9
2460860.733147,10.7102,-24.6321,4.1258,4.3215,3.4227,3.8409,9
2460860.785807,15.3183,-17.7543,4.1258,4.3215,3.4227,3.8409,9
2460860.802597,6.7509,-12.7983,4.1258,4.3215,3.4227,3.8409,9
2460861.506257,9.9780,-12.6325,4.1258,4.3215,3.4227,3.8409,9
2460861.539507,8.8923,-12.4493,4.1258,4.3215,3.4227,3.8409,9
2460861.570157,7.8967,-19.3093,4.1258,4.3215,3.4227,3.8409,9
2460861.589217,8.0297,-15.6534,4.1258,4.3215,3.4227,3.8409,9
2460861.613697,6.5750,-11.7846,4.1258,4.3215,3.4227,3.8409,9
2460861.630877,3.6470,-19.2906,4.1258,4.3215,3.4227,3.8409,9
2460861.647597,4.6299,-12.9614,4.1258,4.3215,3.4227,3.8409,9
2460861.697557,15.6134,-23.5519,4.1258,4.3215,3.4227,3.8409,9
2460861.748377,-0.9767,-21.3213,4.1258,4.3215,3.4227,3.8409,9
2460861.799367,4.6450,-13.6731,4.1258,4.3215,3.4227,3.8409,9
2460862.617357,1.8805,-23.9266,4.1258,4.3215,3.4227,3.8409,9
2460862.684437,1.5631,-11.7036,4.1258,4.3215,3.4227,3.8409,9
2460862.701087,13.5914,-17.4835,4.1258,4.3215,3.4227,3.8409,9
2460862.718057,3.3127,-24.2966,4.1258,4.3215,3.4227,3.8409,9
2460863.577717,9.9503,-15.3864,4.1258,4.3215,3.4227,3.8409,9
2460863.674927,5.3246,-18.4020,4.1258,4.3215,3.4227,3.8409,9
2460863.740217,7.6210,-7.4572,4.1258,4.3215,3.4227,3.8409,9
2460863.773467,10.2865,-20.9827,4.1258,4.3215,3.4227,3.8409,9
2460864.538747,5.8943,-21.8211,4.1258,4.3215,3.4227,3.8409,9
2460864.557667,9.7175,-9.9938,4.1258,4.3215,3.4227,3.8409,9
2460864.587357,7.7459,-15.4365,4.1258,4.3215,3.4227,3.8409,9
2460864.737867,7.2514,-16.3558,4.1258,4.3215,3.4227,3.8409,9
2460867.600207,5.4447,-15.2620,4.1258,4.3215,3.4227,3.8409,9
2460867.617577,2.8321,-19.2599,4.1258,4.3215,3.4227,3.8409,9
2460867.654787,14.8553,-12.3408,4.1258,4.3215,3.4227,3.8409,9
2460867.681887,5.7658,-19.8504,4.1258,4.3215,3.4227,3.8409,9
2460867.708017,10.3840,-19.6657,4.1258,4.3215,3.4227,3.8409,9
2460867.743077,3.8819,-13.4873,4.1258,4.3215,3.4227,3.8409,9
2460867.761937,9.1838,-11.3255,4.1258,4.3215,3.4227,3.8409,9
2460868.478317,2.5509,-17.6656,4.1258,4.3215,3.4227,3.8409,9
2460868.501967,4.9427,-22.6211,4.1258,4.3215,3.4227,3.8409,9
2460868.584977,9.6101,-15.9401,4.1258,4.3215,3.4227,3.8409,9
2460868.604927,7.7459,-15.3280,4.1258,4.3215,3.4227,3.8409,9
2460868.621987,12.5939,-23.5347,4.1258,4.3215,3.4227,3.8409,9
2460868.639237,0.8885,-13.9915,4.1258,4.3215,3.4227,3.8409,9
2460868.667187,8.3820,-21.3729,4.1258,4.3215,3.4227,3.8409,9
2460868.685167,3.3766,-9.2829,4.1258,4.3215,3.4227,3.8409,9
2460868.702147,5.1390,-18.0161,4.1258,4.3215,3.4227,3.8409,9
2460868.719727,2.3182,-21.5653,4.1258,4.3215,3.4227,3.8409,9
2460868.736627,14.2652,-16.4202,4.1258,4.3215,3.4227,3.8409,9
2460868.766747,-0.0434,-19.1651,4.1258,4.3215,3.4227,3.8409,9
2460869.495507,7.9234,-8.8319,4.1258,4.3215,3.4227,3.8409,9
2460869.541877,12.7623,-22.5770,4.1258,4.3215,3.4227,3.8409,9
2460869.560627,6.0610,-9.1313,4.1258,4.3215,3.4227,3.8409,9
2460869.578577,8.4085,-22.1591,4.1258,4.3215,3.4227,3.8409,9
2460869.599407,7.6564,-16.0388,4.1258,4.3215,3.4227,3.8409,9
2460869.637257,8.5513,-19.1397,4.1258,4.3215,3.4227,3.8409,9
2460869.664327,9.8893,-17.7972,4.1258,4.3215,3.4227,3.8409,9
2460869.681377,12.4253,-10.4303,4.1258,4.3215,3.4227,3.8409,9
2460869.715447,11.6058,-22.0985,4.1258,4.3215,3.4227,3.8409,9
2460869.760157,2.4724,-10.5082,4.1258,4.3215,3.4227,3.8409,9
2460870.660687,7.6144,-15.5107,4.1258,4.3215,3.4227,3.8409,9
2460870.677677,0.8474,-18.6967,4.1258,4.3215,3.4227,3.8409,9
2460870.694717,4.6105,-8.9841,4.1258,4.3215,3.4227,3.8409,9
2460870.728527,7.9877,-8.6533,4.1258,4.3215,3.4227,3.8409,9
2460870.756157,7.2501,-19.2679,4.1258,4.3215,3.4227,3.8409,9
2460872.576797,9.7000,-8.4620,4.1258,4.3215,3.4227,3.8409,9
2460872.595007,5.4307,-9.9616,4.1258,4.3215,3.4227,3.8409,9
2460872.645817,10.9209,-11.6792,4.1258,4.3215,3.4227,3.8409,9
2460872.792727,2.0468,-9.0407,4.1258,4.3215,3.4227,3.8409,9
2460873.480317,8.4159,-18.5666,4.1258,4.3215,3.4227,3.8409,9
2460873.498917,2.6200,-16.2035,4.1258,4.3215,3.4227,3.8409,9
2460873.515847,10.7261,-20.7473,4.1258,4.3215,3.4227,3.8409,9
2460873.532957,8.6658,-21.4877,4.1258,4.3215,3.4227,3.8409,9
2460873.554237,6.9376,-12.1234,4.1258,4.3215,3.4227,3.8409,9
2460873.581227,12.1143,-15.6660,4.1258,4.3215,3.4227,3.8409,9
2460873.598027,13.0448,-14.9572,4.1258,4.3215,3.4227,3.8409,9
2460873.634367,13.0925,-9.5867,4.1258,4.3215,3.4227,3.8409,9
2460873.652567,11.8762,-13.6156,4.1258,4.3215,3.4227,3.8409,9
2460873.701827,6.1346,-14.4498,4.1258,4.3215,3.4227,3.8409,9
2460873.720437,6.0745,-13.8206,4.1258,4.3215,3.4227,3.8409,9
2460873.737017,1.5070,-18.8846,4.1258,4.3215,3.4227,3.8409,9
2460873.753817,8.4687,-19.1672,4.1258,4.3215,3.4227,3.8409,9
2460873.770477,10.4656,-12.7761,4.1258,4.3215,3.4227,3.8409,9
2460874.487667,12.7860,-18.9751,4.1258,4.3215,3.4227,3.8409,9
2460874.539157,10.8119,-17.7381,4.1258,4.3215,3.4227,3.8409,9
2460874.556167,1.6501,-15.1685,4.1258,4.3215,3.4227,3.8409,9
2460874.583467,14.2611,-14.8122,4.1258,4.3215,3.4227,3.8409,9
2460874.637167,9.6591,-11.9584,4.1258,4.3215,3.4227,3.8409,9
2460874.660507,5.2154,-9.0727,4.1258,4.3215,3.4227,3.8409,9
2460874.689537,8.3157,-13.6505,4.1258,4.3215,3.4227,3.8409,9
2460874.706057,12.0414,-13.7013,4.1258,4.3215,3.4227,3.8409,9
2460874.723167,11.8573,-18.0263,4.1258,4.3215,3.4227,3.8409,9
2460874.741187,2.4642,-13.6236,4.1258,4.3215,3.4227,3.8409,9
2460874.757907,8.0856,-10.0008,4.1258,4.3215,3.4227,3.8409,9
2460874.786087,11.5216,-14.4714,4.1258,4.3215,3.4227,3.8409,9
2460875.528147,8.6863,-15.5698,4.1258,4.3215,3.4227,3.8409,9
2460875.548527,9.7033,-14.8137,4.1258,4.3215,3.4227,3.8409,9
2460875.586767,12.2649,-11.3377,4.1258,4.3215,3.4227,3.8409,9
2460875.617627,3.1565,-15.8610,4.1258,4.3215,3.4227,3.8409,9
2460875.656937,7.4892,-11.1439,4.1258,4.3215,3.4227,3.8409,9
2460875.674117,4.8740,-19.7382,4.1258,4.3215,3.4227,3.8409,9
2460875.690777,8.8502,-15.5570,4.1258,4.3215,3.4227,3.8409,9
2460875.735947,2.9032,-9.9356,4.1258,4.3215,3.4227,3.8409,9
2460875.753177,11.3596,-20.9766,4.1258,4.3215,3.4227,3.8409,9
2460875.775827,7.5014,-12.5455,4.1258,4.3215,3.4227,3.8409,9
2460876.462137,8.0027,-18.4575,4.1258,4.3215,3.4227,3.8409,9
2460876.507927,4.3883,-13.4138,4.1258,4.3215,3.4227,3.8409,9
2460876.525337,8.6205,-16.8470,4.1258,4.3215,3.4227,3.8409,9
2460876.541987,8.5163,-14.0929,4.1258,4.3215,3.4227,3.8409,9
2460876.560827,10.6535,-12.0884,4.1258,4.3215,3.4227,3.8409,9
2460876.577597,6.7838,-11.5777,4.1258,4.3215,3.4227,3.8409,9
2460876.628107,2.5266,-20.4252,4.1258,4.3215,3.4227,3.8409,9
2460876.663387,12.5855,-13.7838,4.1258,4.3215,3.4227,3.8409,9
2460876.680367,4.0972,-15.5693,4.1258,4.3215,3.4227,3.8409,9
2460876.697137,7.2795,-14.4051,4.1258,4.3215,3.4227,3.8409,9
2460876.724247,3.7170,-15.2409,4.1258,4.3215,3.4227,3.8409,9
2460876.727987,11.4518,-14.6068,4.1258,4.3215,3.4227,3.8409,9
2460876.744617,9.4146,-13.8630,4.1258,4.3215,3.4227,3.8409,9
2460877.521217,6.8208,-18.6009,4.1258,4.3215,3.4227,3.8409,9
2460877.537747,12.7096,-15.5966,4.1258,4.3215,3.4227,3.8409,9
2460877.573047,7.2831,-15.1285,4.1258,4.3215,3.4227,3.8409,9
2460877.590657,10.7549,-13.9506,4.1258,4.3215,3.4227,3.8409,9
2460877.638557,5.5686,-10.5458,4.1258,4.3215,3.4227,3.8409,9
2460877.676207,3.0651,-12.3580,4.1258,4.3215,3.4227,3.8409,9
2460877.694617,4.3814,-14.0468,4.1258,4.3215,3.4227,3.8409,9
2460878.531467,8.3007,-19.2373,4.1258,4.3215,3.4227,3.8409,9
2460878.576207,5.1542,-12.5060,4.1258,4.3215,3.4227,3.8409,9
2460878.595887,6.0926,-17.4256,4.1258,4.3215,3.4227,3.8409,9
2460878.612867,9.7979,-12.4855,4.1258,4.3215,3.4227,3.8409,9
2460878.632977,9.4286,-15.0786,4.1258,4.3215,3.4227,3.8409,9
2460878.659817,2.6578,-16.4562,4.1258,4.3215,3.4227,3.8409,9
2460878.680747,9.8323,-15.1084,4.1258,4.3215,3.4227,3.8409,9
2460878.697097,1.8927,-12.4322,4.1258,4.3215,3.4227,3.8409,9
2460878.714097,6.3305,-9.0979,4.1258,4.3215,3.4227,3.8409,9
2460878.730517,7.2675,-16.0217,4.1258,4.3215,3.4227,3.8409,9
2460878.759147,5.0234,-11.1208,4.1258,4.3215,3.4227,3.8409,9
2460879.510877,7.8834,-11.1453,4.1258,4.3215,3.4227,3.8409,9
2460879.571657,13.9038,-14.0018,4.1258,4.3215,3.4227,3.8409,9
2460879.606737,9.4212,-15.4520,4.1258,4.3215,3.4227,3.8409,9
2460879.623327,8.9715,-18.1072,4.1258,4.3215,3.4227,3.8409,9
2460879.701357,4.5614,-20.8289,4.1258,4.3215,3.4227,3.8409,9
2460879.718097,6.6761,-22.4970,4.1258,4.3215,3.4227,3.8409,9
2460879.734637,7.3963,-14.2392,4.1258,4.3215,3.4227,3.8409,9
2460880.521297,10.7513,-17.7628,4.1258,4.3215,3.4227,3.8409,9
2460880.538397,4.7089,-21.2540,4.1258,4.3215,3.4227,3.8409,9
2460880.565207,11.5348,-13.1135,4.1258,4.3215,3.4227,3.8409,9
2460880.581827,13.1878,-13.1725,4.1258,4.3215,3.4227,3.8409,9
2460880.598147,6.2288,-12.0452,4.1258,4.3215,3.4227,3.8409,9
2460880.614967,5.5106,-20.3282,4.1258,4.3215,3.4227,3.8409,9
2460880.648227,6.7208,-17.8176,4.1258,4.3215,3.4227,3.8409,9
2460880.676447,11.4176,-21.7291,4.1258,4.3215,3.4227,3.8409,9
2460880.709247,8.1475,-14.9678,4.1258,4.3215,3.4227,3.8409,9
2460880.744597,8.1262,-13.7605,4.1258,4.3215,3.4227,3.8409,9
2460881.534377,14.5081,-13.6352,4.1258,4.3215,3.4227,3.8409,9
2460881.599087,3.7492,-16.9342,4.1258,4.3215,3.4227,3.8409,9
2460881.616477,8.2919,-15.7116,4.1258,4.3215,3.4227,3.8409,9
2460881.633207,10.4269,-11.2097,4.1258,4.3215,3.4227,3.8409,9
2460881.676937,5.2918,-16.7998,4.1258,4.3215,3.4227,3.8409,9
2460881.744527,13.5862,-13.6313,4.1258,4.3215,3.4227,3.8409,9
2460882.475907,13.8156,-10.8214,4.1258,4.3215,3.4227,3.8409,9
2460882.509327,12.4246,-16.0973,4.1258,4.3215,3.4227,3.8409,9
2460882.525757,8.6429,-15.5052,4.1258,4.3215,3.4227,3.8409,9
2460882.571527,4.3685,-12.6392,4.1258,4.3215,3.4227,3.8409,9
2460882.588177,10.5291,-13.6095,4.1258,4.3215,3.4227,3.8409,9
2460882.604857,8.7015,-14.7316,4.1258,4.3215,3.4227,3.8409,9
2460882.621827,8.7557,-9.7352,4.1258,4.3215,3.4227,3.8409,9
2460882.649207,7.8426,-13.5824,4.1258,4.3215,3.4227,3.8409,9
2460882.666097,10.5905,-14.2682,4.1258,4.3215,3.4227,3.8409,9
2460882.682857,6.3231,-12.5831,4.1258,4.3215,3.4227,3.8409,9
2460882.700017,7.2577,-8.9536,4.1258,4.3215,3.4227,3.8409,9
2460884.508347,6.5523,-16.1810,4.1258,4.3215,3.4227,3.8409,9
2460885.522837,12.5007,-10.4508,4.1258,4.3215,3.4227,3.8409,9
2460885.594957,4.5823,-10.3824,4.1258,4.3215,3.4227,3.8409,9
2460885.611977,7.1396,-16.0928,4.1258,4.3215,3.4227,3.8409,9
2460885.697107,5.0488,-14.7663,4.1258,4.3215,3.4227,3.8409,9
2460885.732267,10.8623,-12.3314,4.1258,4.3215,3.4227,3.8409,9
2460885.756467,12.5382,-13.3592,4.1258,4.3215,3.4227,3.8409,9
2460886.607487,4.9989,-20.9100,4.1258,4.3215,3.4227,3.8409,9
2460886.634317,6.8537,-15.6303,4.1258,4.3215,3.4227,3.8409,9
2460886.650927,6.5307,-12.5483,4.1258,4.3215,3.4227,3.8409,9
2460894.498517,8.3914,-9.8125,4.1258,4.3215,3.4227,3.8409,9
2460894.533667,4.4910,-19.2367,4.1258,4.3215,3.4227,3.8409,9
2460894.550777,6.3636,-16.8958,4.1258,4.3215,3.4227,3.8409,9
2460894.634187,8.3132,-10.5316,4.1258,4.3215,3.4227,3.8409,9
2460894.651157,11.2907,-18.7564,4.1258,4.3215,3.4227,3.8409,9
2460895.534897,4.1917,-12.8158,4.1258,4.3215,3.4227,3.8409,9
2460895.568467,8.9250,-14.0045,4.1258,4.3215,3.4227,3.8409,9
2460895.587317,6.3647,-15.4268,4.1258,4.3215,3.4227,3.8409,9
2460895.604167,8.1543,-8.0979,4.1258,4.3215,3.4227,3.8409,9
2460896.502007,6.5712,-15.0183,4.1258,4.3215,3.4227,3.8409,9
2460896.578977,7.3982,-12.3919,4.1258,4.3215,3.4227,3.8409,9
2460896.649687,9.1943,-18.3808,4.1258,4.3215,3.4227,3.8409,9
2460897.498657,2.5667,-15.6207,4.1258,4.3215,3.4227,3.8409,9
2460898.467437,3.8910,-15.6491,4.1258,4.3215,3.4227,3.8409,9
2460898.484457,7.3904,-6.4453,4.1258,4.3215,3.4227,3.8409,9
2460898.500987,6.2651,-18.3640,4.1258,4.3215,3.4227,3.8409,9
2460898.521857,12.6790,-15.4601,4.1258,4.3215,3.4227,3.8409,9
2460898.565907,5.9014,-19.3186,4.1258,4.3215,3.4227,3.8409,9
2460898.618447,8.8448,-7.2038,4.1258,4.3215,3.4227,3.8409,9
2460898.635327,4.0055,-12.2873,4.1258,4.3215,3.4227,3.8409,9
2460898.679407,4.3943,-19.3109,4.1258,4.3215,3.4227,3.8409,9
2460899.473647,11.5229,-21.1863,4.1258,4.3215,3.4227,3.8409,9
2460899.564597,9.3704,-21.9305,4.1258,4.3215,3.4227,3.8409,9
2460899.581757,3.8698,-10.5235,4.1258,4.3215,3.4227,3.8409,9
2460899.598397,10.2515,-16.4344,4.1258,4.3215,3.4227,3.8409,9
2460899.616477,5.9469,-12.7671,4.1258,4.3215,3.4227,3.8409,9
2460899.661387,8.3102,-12.7891,4.1258,4.3215,3.4227,3.8409,9
2460899.681637,8.6348,-18.1135,4.1258,4.3215,3.4227,3.8409,9
2460899.703177,5.3467,-15.6816,4.1258,4.3215,3.4227,3.8409,9
2460900.483507,9.2881,-20.0882,4.1258,4.3215,3.4227,3.8409,9
2460900.541397,7.6720,-13.1560,4.1258,4.3215,3.4227,3.8409,9
2460900.558647,5.5269,-15.5198,4.1258,4.3215,3.4227,3.8409,9
2460900.575717,6.4634,-12.5256,4.1258,4.3215,3.4227,3.8409,9
2460900.592677,11.8553,-13.8883,4.1258,4.3215,3.4227,3.8409,9
2460900.609287,7.9897,-14.0253,4.1258,4.3215,3.4227,3.8409,9
2460900.656557,7.6658,-17.0817,4.1258,4.3215,3.4227,3.8409,9
2460900.673627,12.8722,-11.4517,4.1258,4.3215,3.4227,3.8409,9
2460900.692277,6.9804,-14.2598,4.1258,4.3215,3.4227,3.8409,9
2460900.710617,4.2016,-24.0593,4.1258,4.3215,3.4227,3.8409,9
2460901.484317,7.5653,-24.3609,4.1258,4.3215,3.4227,3.8409,9
2460901.526667,10.4757,-13.7732,4.1258,4.3215,3.4227,3.8409,9
2460901.543687,7.5540,-22.9311,4.1258,4.3215,3.4227,3.8409,9
2460901.560567,4.9810,-11.3473,4.1258,4.3215,3.4227,3.8409,9
2460901.577087,4.1738,-9.3286,4.1258,4.3215,3.4227,3.8409,9
2460901.603947,6.7908,-9.2025,4.1258,4.3215,3.4227,3.8409,9
2460901.620537,7.9090,-15.5734,4.1258,4.3215,3.4227,3.8409,9
2460901.641507,7.8532,-15.3105,4.1258,4.3215,3.4227,3.8409,9
2460901.646767,6.3043,-14.0494,4.1258,4.3215,3.4227,3.8409,9
2460901.663427,6.5713,-12.6900,4.1258,4.3215,3.4227,3.8409,9
2460901.680577,3.0999,-13.4543,4.1258,4.3215,3.4227,3.8409,9
2460901.697707,12.6108,-13.5639,4.1258,4.3215,3.4227,3.8409,9
2460902.532527,13.5843,-22.6637,4.1258,4.3215,3.4227,3.8409,9
2460903.578127,8.8995,-10.1697,4.1258,4.3215,3.4227,3.8409,9
2460904.473347,6.0776,-20.9778,4.1258,4.3215,3.4227,3.8409,9
2460904.494757,5.8419,-15.8826,4.1258,4.3215,3.4227,3.8409,9
2460904.615767,9.8725,-20.7019,4.1258,4.3215,3.4227,3.8409,9
2460904.635917,13.0033,-16.8538,4.1258,4.3215,3.4227,3.8409,9
2460904.680217,10.0309,-14.6514,4.1258,4.3215,3.4227,3.8409,9
2460907.688977,1.1657,-19.9707,4.1258,4.3215,3.4227,3.8409,9
2460908.498547,6.2654,-13.5970,4.1258,4.3215,3.4227,3.8409,9
2460908.517327,2.2459,-17.4006,4.1258,4.3215,3.4227,3.8409,9
2460908.545507,5.6471,-14.1670,4.1258,4.3215,3.4227,3.8409,9
2460908.564047,6.1490,-10.3409,4.1258,4.3215,3.4227,3.8409,9
2460908.581307,12.5632,-17.2627,4.1258,4.3215,3.4227,3.8409,9
2460908.664567,5.4516,-9.5731,4.1258,4.3215,3.4227,3.8409,9
2460908.681627,13.1656,-20.6829,4.1258,4.3215,3.4227,3.8409,9
2460911.544177,3.5415,-13.9628,4.1258,4.3215,3.4227,3.8409,9
2460912.502407,1.0194,-13.1195,4.1258,4.3215,3.4227,3.8409,9
2460912.521467,7.8766,-23.8334,4.1258,4.3215,3.4227,3.8409,9
2460912.571947,9.3798,-17.3465,4.1258,4.3215,3.4227,3.8409,9
2460912.590167,5.0610,-14.4577,4.1258,4.3215,3.4227,3.8409,9
2460912.617067,4.4263,-14.6160,4.1258,4.3215,3.4227,3.8409,9
2460913.498127,0.5444,-19.7732,4.1258,4.3215,3.4227,3.8409,9
2460913.534317,12.4466,-14.5950,4.1258,4.3215,3.4227,3.8409,9
2460913.557477,10.1852,-23.8438,4.1258,4.3215,3.4227,3.8409,9
2460913.622177,-0.3307,-17.5837,4.1258,4.3215,3.4227,3.8409,9
2460913.639257,1.5605,-22.8732,4.1258,4.3215,3.4227,3.8409,9
2460913.656177,5.6144,-16.8133,4.1258,4.3215,3.4227,3.8409,9
2460913.673277,2.2120,-19.3228,4.1258,4.3215,3.4227,3.8409,9
2460913.680107,13.2798,-16.4538,4.1258,4.3215,3.4227,3.8409,9
2460914.494287,5.7170,-15.6136,4.1258,4.3215,3.4227,3.8409,9
2460914.510917,9.1340,-16.4991,4.1258,4.3215,3.4227,3.8409,9
2460914.529267,4.0836,-15.0075,4.1258,4.3215,3.4227,3.8409,9
2460914.545677,6.1965,-19.7663,4.1258,4.3215,3.4227,3.8409,9
2460914.562617,10.9595,-18.5137,4.1258,4.3215,3.4227,3.8409,9
2460914.582417,6.2264,-7.7193,4.1258,4.3215,3.4227,3.8409,9
2460914.631407,5.1128,-18.4686,4.1258,4.3215,3.4227,3.8409,9
2460914.648257,9.9909,-12.5036,4.1258,4.3215,3.4227,3.8409,9
2460915.495527,7.8478,-17.9126,4.1258,4.3215,3.4227,3.8409,9
2460915.514437,7.9431,-13.9231,4.1258,4.3215,3.4227,3.8409,9
2460915.531017,12.6349,-20.1797,4.1258,4.3215,3.4227,3.8409,9
2460915.567007,8.9900,-11.4923,4.1258,4.3215,3.4227,3.8409,9
2460915.613627,5.4521,-14.3532,4.1258,4.3215,3.4227,3.8409,9
2460915.630327,9.4773,-7.3510,4.1258,4.3215,3.4227,3.8409,9
2460915.647347,8.2037,-9.9090,4.1258,4.3215,3.4227,3.8409,9
2460915.664267,13.6338,-13.8118,4.1258,4.3215,3.4227,3.8409,9
2460916.484987,12.3939,-18.5528,4.1258,4.3215,3.4227,3.8409,9
2460916.502117,8.7106,-15.3813,4.1258,4.3215,3.4227,3.8409,9
2460916.523347,6.3828,-14.5116,4.1258,4.3215,3.4227,3.8409,9
2460916.573687,10.9833,-16.6331,4.1258,4.3215,3.4227,3.8409,9
2460916.619287,2.2518,-15.0633,4.1258,4.3215,3.4227,3.8409,9
2460916.671617,2.2562,-17.5869,4.1258,4.3215,3.4227,3.8409,9
2460923.631077,12.2620,-18.4968,4.1258,4.3215,3.4227,3.8409,9
2460924.489807,4.1953,-13.4031,4.1258,4.3215,3.4227,3.8409,9
2460924.509127,7.5016,-14.0754,4.1258,4.3215,3.4227,3.8409,9
2460924.529857,8.5750,-17.3390,4.1258,4.3215,3.4227,3.8409,9
2460924.558037,3.2292,-14.8352,4.1258,4.3215,3.4227,3.8409,9
2460924.591807,7.9664,-22.7419,4.1258,4.3215,3.4227,3.8409,9
2460924.608707,10.4968,-17.7671,4.1258,4.3215,3.4227,3.8409,9
2460924.625217,10.1486,-18.8947,4.1258,4.3215,3.4227,3.8409,9
2460925.497227,2.6573,-11.6816,4.1258,4.3215,3.4227,3.8409,9
2460925.513767,5.9256,-16.0636,4.1258,4.3215,3.4227,3.8409,9
2460925.533527,9.9694,-16.9763,4.1258,4.3215,3.4227,3.8409,9
2460925.550707,13.2345,-14.1271,4.1258,4.3215,3.4227,3.8409,9
2460927.507877,6.0575,-18.4556,4.1258,4.3215,3.4227,3.8409,9
2460927.524707,4.0445,-16.9120,4.1258,4.3215,3.4227,3.8409,9
2460927.552167,7.7756,-15.1299,4.1258,4.3215,3.4227,3.8409,9
2460927.568937,6.9375,-19.9799,4.1258,4.3215,3.4227,3.8409,9
2460927.588387,4.8391,-18.1912,4.1258,4.3215,3.4227,3.8409,9
2460927.607197,2.5342,-10.6946,4.1258,4.3215,3.4227,3.8409,9
2460927.624537,8.4674,-16.3307,4.1258,4.3215,3.4227,3.8409,9
2460928.492487,8.9187,-22.2194,4.1258,4.3215,3.4227,3.8409,9
2460928.515627,7.8760,-12.9835,4.1258,4.3215,3.4227,3.8409,9
2460928.537817,4.2332,-11.4345,4.1258,4.3215,3.4227,3.8409,9
2460928.554827,8.3395,-14.5953,4.1258,4.3215,3.4227,3.8409,9
2460928.588017,10.2532,-22.5393,4.1258,4.3215,3.4227,3.8409,9
2460929.484337,7.2341,-19.0743,4.1258,4.3215,3.4227,3.8409,9
2460929.519117,7.5436,-13.2591,4.1258,4.3215,3.4227,3.8409,9
2460930.494597,7.9573,-10.4220,4.1258,4.3215,3.4227,3.8409,9
2460930.513917,9.1468,-11.2590,4.1258,4.3215,3.4227,3.8409,9
2460930.532417,8.5939,-18.4341,4.1258,4.3215,3.4227,3.8409,9
2460930.549507,4.1966,-14.1184,4.1258,4.3215,3.4227,3.8409,9
2460930.568167,7.5736,-16.2310,4.1258,4.3215,3.4227,3.8409,9
2460930.597037,6.8833,-14.2461,4.1258,4.3215,3.4227,3.8409,9
2460931.542217,9.2595,-22.9772,4.1258,4.3215,3.4227,3.8409,9
2460931.572947,4.4488,-15.1231,4.1258,4.3215,3.4227,3.8409,9
2460931.589517,5.1879,-17.9725,4.1258,4.3215,3.4227,3.8409,9
2460931.623587,6.6933,-14.2452,4.1258,4.3215,3.4227,3.8409,9
2460932.485717,9.0708,-16.8746,4.1258,4.3215,3.4227,3.8409,9
2460932.513207,3.2706,-21.3430,4.1258,4.3215,3.4227,3.8409,9
2460932.530037,3.8792,-15.4367,4.1258,4.3215,3.4227,3.8409,9
2460932.548967,9.1546,-13.6970,4.1258,4.3215,3.4227,3.8409,9
2460932.594097,7.0175,-18.4762,4.1258,4.3215,3.4227,3.8409,9
2460932.621297,11.0590,-16.3697,4.1258,4.3215,3.4227,3.8409,9
2460933.492797,7.7789,-17.1142,4.1258,4.3215,3.4227,3.8409,9
2460933.528217,3.3070,-13.7131,4.1258,4.3215,3.4227,3.8409,9
2460933.556257,8.5832,-15.0036,4.1258,4.3215,3.4227,3.8409,9
2460933.575057,6.7846,-16.3838,4.1258,4.3215,3.4227,3.8409,9
2460933.593397,4.9742,-17.2699,4.1258,4.3215,3.4227,3.8409,9
2460933.610107,4.4276,-18.9326,4.1258,4.3215,3.4227,3.8409,9
2460934.501117,12.9703,-18.7888,4.1258,4.3215,3.4227,3.8409,9
2460934.528787,2.4320,-16.3865,4.1258,4.3215,3.4227,3.8409,9
2460934.562187,9.3705,-17.4387,4.1258,4.3215,3.4227,3.8409,9
2460934.578687,4.8803,-11.2435,4.1258,4.3215,3.4227,3.8409,9
2460934.595857,6.3690,-14.6556,4.1258,4.3215,3.4227,3.8409,9
2460934.623167,6.4672,-16.1364,4.1258,4.3215,3.4227,3.8409,9
2460935.493267,11.3254,-12.1487,4.1258,4.3215,3.4227,3.8409,9
2460935.529947,6.8391,-15.6084,4.1258,4.3215,3.4227,3.8409,9
2460935.546367,10.0080,-17.8069,4.1258,4.3215,3.4227,3.8409,9
2460935.573337,4.4974,-17.2758,4.1258,4.3215,3.4227,3.8409,9
2460935.607237,8.5348,-15.8199,4.1258,4.3215,3.4227,3.8409,9
2460936.494767,5.0052,-13.2128,4.1258,4.3215,3.4227,3.8409,9
2460936.522397,2.6276,-21.1461,4.1258,4.3215,3.4227,3.8409,9
2460936.539117,6.9144,-14.0929,4.1258,4.3215,3.4227,3.8409,9
2460936.555957,10.6531,-18.8748,4.1258,4.3215,3.4227,3.8409,9
2460936.572737,8.6002,-18.2810,4.1258,4.3215,3.4227,3.8409,9
2460936.606387,7.7646,-15.7887,4.1258,4.3215,3.4227,3.8409,9
2460937.501597,13.7456,-14.0816,4.1258,4.3215,3.4227,3.8409,9
2460937.518697,3.6990,-21.0486,4.1258,4.3215,3.4227,3.8409,9
2460937.535117,8.6066,-16.5293,4.1258,4.3215,3.4227,3.8409,9
2460937.563767,6.3145,-14.3178,4.1258,4.3215,3.4227,3.8409,9
2460937.580227,13.1303,-21.1214,4.1258,4.3215,3.4227,3.8409,9
2460937.597197,12.7737,-17.8567,4.1258,4.3215,3.4227,3.8409,9
2460941.531687,5.4415,-20.4939,4.1258,4.3215,3.4227,3.8409,9
2460941.549697,11.8714,-16.6170,4.1258,4.3215,3.4227,3.8409,9
2460941.566297,6.4611,-10.7720,4.1258,4.3215,3.4227,3.8409,9
2460941.602257,5.8868,-19.8382,4.1258,4.3215,3.4227,3.8409,9
2460943.486567,4.0927,-21.4877,4.1258,4.3215,3.4227,3.8409,9
2460943.503567,7.2764,-16.3730,4.1258,4.3215,3.4227,3.8409,9
2460943.520867,7.8131,-13.4834,4.1258,4.3215,3.4227,3.8409,9
2460943.581417,7.6193,-15.8032,4.1258,4.3215,3.4227,3.8409,9
2460944.508537,11.5519,-15.7288,4.1258,4.3215,3.4227,3.8409,9
2460946.512427,1.5681,-15.3597,4.1258,4.3215,3.4227,3.8409,9
2460946.531837,8.5893,-18.5115,4.1258,4.3215,3.4227,3.8409,9
2460946.549167,13.5964,-18.5944,4.1258,4.3215,3.4227,3.8409,9
2460949.516297,1.0238,-13.1028,4.1258,4.3215,3.4227,3.8409,9
2460949.540317,2.0936,-11.8093,4.1258,4.3215,3.4227,3.8409,9
2460949.573957,16.1078,-20.0707,4.1258,4.3215,3.4227,3.8409,9
2460950.499477,7.2908,-19.8886,4.1258,4.3215,3.4227,3.8409,9
2460950.548627,8.6801,-14.8297,4.1258,4.3215,3.4227,3.8409,9
2460951.501637,2.6642,-23.1070,4.1258,4.3215,3.4227,3.8409,9
2460951.546247,1.7776,-7.0753,4.1258,4.3215,3.4227,3.8409,9
2460951.570317,8.4012,-18.9080,4.1258,4.3215,3.4227,3.8409,9
2460952.493967,11.7841,-11.8606,4.1258,4.3215,3.4227,3.8409,9
2460952.513727,10.4849,-14.3728,4.1258,4.3215,3.4227,3.8409,9
2460952.530087,10.0196,-23.0747,4.1258,4.3215,3.4227,3.8409,9
2460952.559277,8.0603,-21.5920,4.1258,4.3215,3.4227,3.8409,9
2460953.503827,14.0688,-18.8685,4.1258,4.3215,3.4227,3.8409,9
2460953.547467,10.0786,-15.7611,4.1258,4.3215,3.4227,3.8409,9
2460954.531507,2.2025,-6.4561,4.1258,4.3215,3.4227,3.8409,9
2460954.547997,16.5680,-17.2641,4.1258,4.3215,3.4227,3.8409,9
2460955.503517,-2.8259,-15.7149,4.1258,4.3215,3.4227,3.8409,9
2460955.531077,12.8845,-10.2424,4.1258,4.3215,3.4227,3.8409,9
2460956.488647,1.9998,-12.9072,4.1258,4.3215,3.4227,3.8409,9
2460956.506777,9.0586,-23.4877,4.1258,4.3215,3.4227,3.8409,9
2460956.523247,6.0528,-13.8424,4.1258,4.3215,3.4227,3.8409,9
2460957.505757,6.2236,-22.5756,4.1258,4.3215,3.4227,3.8409,9
2460957.525037,5.1393,-19.0807,4.1258,4.3215,3.4227,3.8409,9
2460958.506737,2.8575,-19.7180,4.1258,4.3215,3.4227,3.8409,9
2460958.534557,8.7751,-15.0283,4.1258,4.3215,3.4227,3.8409,9
2460958.552807,6.2397,-14.1534,4.1258,4.3215,3.4227,3.8409,9
2460959.513757,12.7606,-10.0930,4.1258,4.3215,3.4227,3.8409,9
2460959.530607,7.8381,-13.2940,4.1258,4.3215,3.4227,3.8409,9
2460960.526517,8.4785,-8.0881,4.1258,4.3215,3.4227,3.8409,9
2460960.543287,12.9062,-21.2090,4.1258,4.3215,3.4227,3.8409,9
2460961.498107,14.8707,-19.6214,4.1258,4.3215,3.4227,3.8409,9
2460961.527467,-1.7096,-10.3749,4.1258,4.3215,3.4227,3.8409,9
2460961.544427,0.9151,-16.6448,4.1258,4.3215,3.4227,3.8409,9
2460962.498637,-0.6155,-21.1594,4.1258,4.3215,3.4227,3.8409,9
2460962.516687,6.4363,-12.7571,4.1258,4.3215,3.4227,3.8409,9
2460964.511117,7.7710,-24.3309,4.1258,4.3215,3.4227,3.8409,9
2460964.532537,13.0614,-16.2733,4.1258,4.3215,3.4227,3.8409,9
2460965.514097,9.0476,-13.6787,4.1258,4.3215,3.4227,3.8409,9
2460965.534897,13.2049,-15.9275,4.1258,4.3215,3.4227,3.8409,9
2460966.497567,0.9586,-16.3429,4.1258,4.3215,3.4227,3.8409,9
2460966.514087,11.1955,-19.7902,4.1258,4.3215,3.4227,3.8409,9
2460968.506907,9.3232,-22.6304,4.1258,4.3215,3.4227,3.8409,9
2460968.525477,8.6376,-9.7530,4.1258,4.3215,3.4227,3.8409,9
2460969.498667,5.9896,-19.0310,4.1258,4.3215,3.4227,3.8409,9
2460969.526187,0.4956,-14.0137,4.1258,4.3215,3.4227,3.8409,9
2461091.865857,10.6212,-15.7351,4.1258,4.3215,3.8962,3.9828,10
2461092.860347,1.0049,-21.6401,4.1258,4.3215,3.8962,3.9828,10
2461092.887687,4.0880,-23.3620,4.1258,4.3215,3.8962,3.9828,10
2461093.867817,-0.2982,-26.1778,4.1258,4.3215,3.8962,3.9828,10
2461094.852367,8.4842,-24.6859,4.1258,4.3215,3.8962,3.9828,10
2461094.869137,8.5084,-12.1756,4.1258,4.3215,3.8962,3.9828,10
2461094.885877,3.6924,-17.5003,4.1258,4.3215,3.8962,3.9828,10
2461094.888727,4.3907,-19.1132,4.1258,4.3215,3.8962,3.9828,10
2461095.875847,13.0225,-20.2882,4.1258,4.3215,3.8962,3.9828,10
2461095.891177,9.2462,-17.3063,4.1258,4.3215,3.8962,3.9828,10
2461096.877997,7.1379,-17.6276,4.1258,4.3215,3.8962,3.9828,10
2461097.885647,9.8317,-14.9309,4.1258,4.3215,3.8962,3.9828,10
2461097.902167,11.0181,-13.6623,4.1258,4.3215,3.8962,3.9828,10
2461098.860657,2.5084,-21.6169,4.1258,4.3215,3.8962,3.9828,10
2461098.877237,6.3317,-23.9939,4.1258,4.3215,3.8962,3.9828,10
2461099.868017,5.7142,-25.4584,4.1258,4.3215,3.8962,3.9828,10
2461099.888727,13.4628,-17.4486,4.1258,4.3215,3.8962,3.9828,10
2461100.848037,12.1582,-18.1590,4.1258,4.3215,3.8962,3.9828,10
2461100.876427,4.2508,-25.8756,4.1258,4.3215,3.8962,3.9828,10
2461100.893127,-0.0450,-21.1554,4.1258,4.3215,3.8962,3.9828,10
2461101.851467,3.5282,-21.6296,4.1258,4.3215,3.8962,3.9828,10
2461102.847847,9.6742,-15.7578,4.1258,4.3215,3.8962,3.9828,10
2461102.851657,6.6717,-20.2215,4.1258,4.3215,3.8962,3.9828,10
2461103.841097,13.3665,-21.6984,4.1258,4.3215,3.8962,3.9828,10
2461103.857737,2.6196,-18.8310,4.1258,4.3215,3.8962,3.9828,10
2461103.874867,4.7109,-19.8563,4.1258,4.3215,3.8962,3.9828,10
2461103.903737,4.7538,-19.1077,4.1258,4.3215,3.8962,3.9828,10
2461104.837427,10.6939,-15.5636,4.1258,4.3215,3.8962,3.9828,10
2461105.835427,6.0716,-21.1915,4.1258,4.3215,3.8962,3.9828,10
2461105.870447,11.0038,-19.0445,4.1258,4.3215,3.8962,3.9828,10
2461105.888087,13.7354,-16.2583,4.1258,4.3215,3.8962,3.9828,10
2461106.855127,9.9925,-23.2115,4.1258,4.3215,3.8962,3.9828,10
2461106.873537,9.0463,-24.4520,4.1258,4.3215,3.8962,3.9828,10
2461106.890537,4.4402,-14.4871,4.1258,4.3215,3.8962,3.9828,10
2461108.879977,4.6596,-18.8670,4.1258,4.3215,3.8962,3.9828,10
2461108.897457,6.4271,-16.2463,4.1258,4.3215,3.8962,3.9828,10
2461109.829827,13.6562,-23.6685,4.1258,4.3215,3.8962,3.9828,10
2461109.911477,9.5520,-19.3653,4.1258,4.3215,3.8962,3.9828,10
2461112.822137,7.4451,-13.9286,4.1258,4.3215,3.8962,3.9828,10
2461112.870317,8.6434,-21.4698,4.1258,4.3215,3.8962,3.9828,10
2461112.905907,6.0491,-20.2197,4.1258,4.3215,3.8962,3.9828,10
2461114.808997,6.6911,-12.3830,4.1258,4.3215,3.8962,3.9828,10
2461114.887027,9.3716,-13.7601,4.1258,4.3215,3.8962,3.9828,10
2461114.905327,10.4995,-14.0131,4.1258,4.3215,3.8962,3.9828,10
2461115.842677,6.5723,-15.9375,4.1258,4.3215,3.8962,3.9828,10
2461115.881037,14.1554,-18.1191,4.1258,4.3215,3.8962,3.9828,10
2461115.898127,14.6355,-21.6752,4.1258,4.3215,3.8962,3.9828,10
2461116.898027,6.8936,-16.5439,4.1258,4.3215,3.8962,3.9828,10
2461117.802207,12.0647,-20.1671,4.1258,4.3215,3.8962,3.9828,10
2461117.805157,9.7646,-18.5679,4.1258,4.3215,3.8962,3.9828,10
2461117.820527,11.1317,-16.4191,4.1258,4.3215,3.8962,3.9828,10
2461117.837387,9.4749,-25.5038,4.1258,4.3215,3.8962,3.9828,10
2461117.865027,4.5745,-16.6511,4.1258,4.3215,3.8962,3.9828,10
2461117.881787,7.4130,-17.5809,4.1258,4.3215,3.8962,3.9828,10
2461117.898957,5.9816,-15.8673,4.1258,4.3215,3.8962,3.9828,10
2461118.785527,10.8275,-12.1411,4.1258,4.3215,3.8962,3.9828,10
2461118.813537,13.4075,-13.6818,4.1258,4.3215,3.8962,3.9828,10
2461118.846617,4.1017,-15.8193,4.1258,4.3215,3.8962,3.9828,10
2461118.880237,8.6368,-19.7104,4.1258,4.3215,3.8962,3.9828,10
2461119.861387,8.6287,-26.6614,4.1258,4.3215,3.8962,3.9828,10
2461119.896557,2.8421,-13.5336,4.1258,4.3215,3.8962,3.9828,10
2461120.840427,12.4490,-22.8311,4.1258,4.3215,3.8962,3.9828,10
2461120.891207,4.6774,-22.1525,4.1258,4.3215,3.8962,3.9828,10
2461121.797417,3.8875,-17.7874,4.1258,4.3215,3.8962,3.9828,10
2461121.831407,4.8690,-15.0808,4.1258,4.3215,3.8962,3.9828,10
2461121.874847,3.5173,-23.4564,4.1258,4.3215,3.8962,3.9828,10
2461121.891187,6.3002,-16.7635,4.1258,4.3215,3.8962,3.9828,10
2461122.821327,14.1235,-25.0871,4.1258,4.3215,3.8962,3.9828,10
2461123.771677,4.0955,-24.2966,4.1258,4.3215,3.8962,3.9828,10
2461123.789667,4.2372,-21.8747,4.1258,4.3215,3.8962,3.9828,10
2461123.806597,2.5742,-20.1287,4.1258,4.3215,3.8962,3.9828,10
2461123.852077,11.2066,-22.5480,4.1258,4.3215,3.8962,3.9828,10
2461123.870267,7.2210,-16.7576,4.1258,4.3215,3.8962,3.9828,10
2461123.905667,7.5267,-17.6750,4.1258,4.3215,3.8962,3.9828,10
2461124.774707,7.1392,-21.2774,4.1258,4.3215,3.8962,3.9828,10
2461124.793347,10.5106,-15.8070,4.1258,4.3215,3.8962,3.9828,10
2461124.813367,10.7368,-18.2076,4.1258,4.3215,3.8962,3.9828,10
2461124.834307,7.8102,-17.0505,4.1258,4.3215,3.8962,3.9828,10
2461124.851707,5.5904,-23.8248,4.1258,4.3215,3.8962,3.9828,10
2461124.907437,6.5405,-19.6027,4.1258,4.3215,3.8962,3.9828,10
2461125.778837,12.9348,-19.1839,4.1258,4.3215,3.8962,3.9828,10
2461125.795437,9.4407,-17.7340,4.1258,4.3215,3.8962,3.9828,10
2461125.812137,3.5537,-20.4267,4.1258,4.3215,3.8962,3.9828,10
2461125.855927,6.4593,-23.3592,4.1258,4.3215,3.8962,3.9828,10
2461125.895257,14.0464,-22.3268,4.1258,4.3215,3.8962,3.9828,10
2461125.915887,8.0898,-13.1037,4.1258,4.3215,3.8962,3.9828,10
2461126.789147,5.1040,-21.8225,4.1258,4.3215,3.8962,3.9828,10
2461126.825787,4.7823,-17.2465,4.1258,4.3215,3.8962,3.9828,10
2461126.846217,8.7094,-16.1557,4.1258,4.3215,3.8962,3.9828,10
2461126.874947,13.9417,-19.5853,4.1258,4.3215,3.8962,3.9828,10
2461126.893127,6.3434,-24.9079,4.1258,4.3215,3.8962,3.9828,10
2461126.909807,10.9114,-23.3079,4.1258,4.3215,3.8962,3.9828,10
2461127.784757,8.4384,-13.9718,4.1258,4.3215,3.8962,3.9828,10
2461127.816417,10.4458,-18.9828,4.1258,4.3215,3.8962,3.9828,10
2461127.833097,4.7737,-15.6485,4.1258,4.3215,3.8962,3.9828,10
2461127.849717,9.3774,-23.4723,4.1258,4.3215,3.8962,3.9828,10
2461127.866907,8.9636,-20.6569,4.1258,4.3215,3.8962,3.9828,10
2461127.883997,3.9946,-18.6962,4.1258,4.3215,3.8962,3.9828,10
2461127.914227,8.5874,-20.5621,4.1258,4.3215,3.8962,3.9828,10
2461128.789127,9.6023,-22.3713,4.1258,4.3215,3.8962,3.9828,10
2461128.804677,2.3904,-17.5566,4.1258,4.3215,3.8962,3.9828,10
2461128.848187,15.3848,-21.9878,4.1258,4.3215,3.8962,3.9828,10
2461128.899707,11.9038,-20.9558,4.1258,4.3215,3.8962,3.9828,10
2461129.791977,8.9104,-12.7152,4.1258,4.3215,3.8962,3.9828,10
2461129.808277,6.0023,-19.6210,4.1258,4.3215,3.8962,3.9828,10
2461129.826847,14.2536,-20.2441,4.1258,4.3215,3.8962,3.9828,10
2461129.843387,6.2746,-20.9818,4.1258,4.3215,3.8962,3.9828,10
2461129.870917,4.8783,-23.7702,4.1258,4.3215,3.8962,3.9828,10
2461129.893257,13.3566,-15.6580,4.1258,4.3215,3.8962,3.9828,10
2461129.896017,5.6965,-17.9702,4.1258,4.3215,3.8962,3.9828,10
2461129.911817,8.7461,-16.3062,4.1258,4.3215,3.8962,3.9828,10
2461130.762587,8.9852,-16.0549,4.1258,4.3215,3.8962,3.9828,10
2461130.825747,7.0663,-20.3937,4.1258,4.3215,3.8962,3.9828,10
2461130.842707,9.3338,-23.9396,4.1258,4.3215,3.8962,3.9828,10
2461130.860167,13.3471,-20.6278,4.1258,4.3215,3.8962,3.9828,10
2461130.907277,5.8914,-18.6553,4.1258,4.3215,3.8962,3.9828,10
2461131.755267,12.0123,-23.3674,4.1258,4.3215,3.8962,3.9828,10
2461131.772117,7.5308,-12.4375,4.1258,4.3215,3.8962,3.9828,10
2461131.799397,9.1749,-20.4280,4.1258,4.3215,3.8962,3.9828,10
2461131.817417,3.2228,-18.1466,4.1258,4.3215,3.8962,3.9828,10
2461131.868047,5.5767,-17.0281,4.1258,4.3215,3.8962,3.9828,10
2461131.885157,10.5998,-15.2660,4.1258,4.3215,3.8962,3.9828,10
2461131.915687,13.9580,-17.4640,4.1258,4.3215,3.8962,3.9828,10
2461132.776377,7.4675,-24.3286,4.1258,4.3215,3.8962,3.9828,10
2461132.855127,7.3612,-19.0680,4.1258,4.3215,3.8962,3.9828,10
2461132.872987,7.1589,-23.1768,4.1258,4.3215,3.8962,3.9828,10
2461133.771427,12.2479,-23.3085,4.1258,4.3215,3.8962,3.9828,10
2461133.788217,6.6264,-19.6908,4.1258,4.3215,3.8962,3.9828,10
2461133.815877,9.6727,-25.9432,4.1258,4.3215,3.8962,3.9828,10
2461133.851627,14.8414,-20.1757,4.1258,4.3215,3.8962,3.9828,10
2461133.868687,3.3206,-21.7636,4.1258,4.3215,3.8962,3.9828,10
2461133.886197,6.1829,-15.8875,4.1258,4.3215,3.8962,3.9828,10
2461133.906507,12.6128,-21.1536,4.1258,4.3215,3.8962,3.9828,10
2461134.855997,2.3094,-23.6287,4.1258,4.3215,3.8962,3.9828,10
2461134.872897,8.9961,-18.8375,4.1258,4.3215,3.8962,3.9828,10
2461134.891147,15.5871,-16.0677,4.1258,4.3215,3.8962,3.9828,10
2461134.908447,11.4680,-18.6173,4.1258,4.3215,3.8962,3.9828,10
2461135.751757,9.5393,-18.3667,4.1258,4.3215,3.8962,3.9828,10
2461135.785327,13.1237,-13.8291,4.1258,4.3215,3.8962,3.9828,10
2461135.803287,11.7219,-12.2693,4.1258,4.3215,3.8962,3.9828,10
2461135.859757,4.1076,-12.7366,4.1258,4.3215,3.8962,3.9828,10
2461135.877777,6.2509,-14.1119,4.1258,4.3215,3.8962,3.9828,10
2461135.911097,10.5977,-17.1282,4.1258,4.3215,3.8962,3.9828,10
2461136.750697,14.9186,-20.6526,4.1258,4.3215,3.8962,3.9828,10
2461136.767887,11.5156,-18.4586,4.1258,4.3215,3.8962,3.9828,10
2461136.785667,11.1866,-17.6879,4.1258,4.3215,3.8962,3.9828,10
2461136.802727,11.5324,-13.0553,4.1258,4.3215,3.8962,3.9828,10
2461136.881967,11.0571,-19.6898,4.1258,4.3215,3.8962,3.9828,10
2461136.899367,8.4717,-18.1402,4.1258,4.3215,3.8962,3.9828,10
2461136.916537,7.9403,-22.0508,4.1258,4.3215,3.8962,3.9828,10
2461137.738337,5.8827,-23.1639,4.1258,4.3215,3.8962,3.9828,10
2461137.771797,10.0003,-14.9207,4.1258,4.3215,3.8962,3.9828,10
2461137.791347,14.5568,-14.9449,4.1258,4.3215,3.8962,3.9828,10
2461137.807027,12.4502,-13.3177,4.1258,4.3215,3.8962,3.9828,10
2461137.851007,8.0988,-17.2223,4.1258,4.3215,3.8962,3.9828,10
2461137.869817,10.9775,-19.2600,4.1258,4.3215,3.8962,3.9828,10
2461139.832827,3.2746,-18.2217,4.1258,4.3215,3.8962,3.9828,10
2461139.859977,3.6207,-13.9925,4.1258,4.3215,3.8962,3.9828,10
2461139.879167,10.3090,-14.1525,4.1258,4.3215,3.8962,3.9828,10
2461139.917617,11.3491,-18.5201,4.1258,4.3215,3.8962,3.9828,10
2461140.749607,8.0550,-22.2914,4.1258,4.3215,3.8962,3.9828,10
2461140.766647,11.5038,-18.0525,4.1258,4.3215,3.8962,3.9828,10
2461140.834847,7.5662,-14.5126,4.1258,4.3215,3.8962,3.9828,10
2461140.882977,12.9934,-19.6345,4.1258,4.3215,3.8962,3.9828,10
2461141.778677,15.4264,-19.7060,4.1258,4.3215,3.8962,3.9828,10
2461141.813657,12.0943,-16.1086,4.1258,4.3215,3.8962,3.9828,10
2461141.842117,12.3668,-17.9890,4.1258,4.3215,3.8962,3.9828,10
2461141.879637,6.4447,-12.5178,4.1258,4.3215,3.8962,3.9828,10
2461141.913577,2.8753,-13.6159,4.1258,4.3215,3.8962,3.9828,10
2461141.916417,8.9503,-15.2242,4.1258,4.3215,3.8962,3.9828,10
2461142.721357,4.8498,-13.5470,4.1258,4.3215,3.8962,3.9828,10
2461142.754787,14.6424,-17.7274,4.1258,4.3215,3.8962,3.9828,10
2461142.789587,12.4878,-20.1230,4.1258,4.3215,3.8962,3.9828,10
2461142.806047,5.4931,-15.6219,4.1258,4.3215,3.8962,3.9828,10
2461142.849437,9.9169,-22.7540,4.1258,4.3215,3.8962,3.9828,10
2461142.865997,11.7491,-12.5828,4.1258,4.3215,3.8962,3.9828,10
2461142.882587,8.5261,-21.8940,4.1258,4.3215,3.8962,3.9828,10
2461142.899127,6.9986,-21.8092,4.1258,4.3215,3.8962,3.9828,10
2461142.916087,8.4431,-17.1992,4.1258,4.3215,3.8962,3.9828,10
2461144.759347,6.8303,-12.7093,4.1258,4.3215,3.8962,3.9828,10
2461144.875477,5.9914,-18.5508,4.1258,4.3215,3.8962,3.9828,10
2461144.896817,9.1980,-21.5780,4.1258,4.3215,3.8962,3.9828,10
2461144.918227,9.9609,-21.7324,4.1258,4.3215,3.8962,3.9828,10
2461145.816557,5.4831,-22.1941,4.1258,4.3215,3.8962,3.9828,10
2461145.844617,12.6171,-21.5266,4.1258,4.3215,3.8962,3.9828,10
2461145.861587,10.8952,-21.7740,4.1258,4.3215,3.8962,3.9828,10
2461145.878057,7.8891,-15.1647,4.1258,4.3215,3.8962,3.9828,10
2461145.896237,7.1757,-16.0142,4.1258,4.3215,3.8962,3.9828,10
2461145.913397,12.2595,-18.6628,4.1258,4.3215,3.8962,3.9828,10
2461145.930507,9.3262,-22.3381,4.1258,4.3215,3.8962,3.9828,10
2461146.754307,8.6389,-17.9940,4.1258,4.3215,3.8962,3.9828,10
2461146.771017,5.3856,-15.6549,4.1258,4.3215,3.8962,3.9828,10
2461146.787707,10.4494,-24.1021,4.1258,4.3215,3.8962,3.9828,10
2461146.853127,6.5747,-17.2036,4.1258,4.3215,3.8962,3.9828,10
2461146.869817,11.0583,-20.2495,4.1258,4.3215,3.8962,3.9828,10
2461146.887187,7.8929,-18.7125,4.1258,4.3215,3.8962,3.9828,10
2461146.914167,6.6709,-16.0333,4.1258,4.3215,3.8962,3.9828,10
2461147.811647,11.8942,-16.9494,4.1258,4.3215,3.8962,3.9828,10
2461148.765427,10.5662,-12.1199,4.1258,4.3215,3.8962,3.9828,10
2461148.784227,3.4801,-13.9994,4.1258,4.3215,3.8962,3.9828,10
2461148.801797,13.5352,-16.3174,4.1258,4.3215,3.8962,3.9828,10
2461148.823107,4.4164,-19.9176,4.1258,4.3215,3.8962,3.9828,10
2461148.828807,8.9149,-19.6688,4.1258,4.3215,3.8962,3.9828,10
2461148.845217,8.7926,-16.5833,4.1258,4.3215,3.8962,3.9828,10
2461148.873527,9.0397,-20.5729,4.1258,4.3215,3.8962,3.9828,10
2461148.890237,11.4248,-18.6351,4.1258,4.3215,3.8962,3.9828,10
2461148.907337,8.8327,-19.4451,4.1258,4.3215,3.8962,3.9828,10
2461149.741417,10.6474,-20.9040,4.1258,4.3215,3.8962,3.9828,10
2461149.760377,9.5838,-20.6355,4.1258,4.3215,3.8962,3.9828,10
2461149.776997,11.4908,-19.3993,4.1258,4.3215,3.8962,3.9828,10
2461149.814317,12.0049,-21.5918,4.1258,4.3215,3.8962,3.9828,10
2461149.845227,11.9111,-16.6508,4.1258,4.3215,3.8962,3.9828,10
2461149.862327,12.8089,-16.7602,4.1258,4.3215,3.8962,3.9828,10
2461149.879347,14.2769,-14.5572,4.1258,4.3215,3.8962,3.9828,10
2461149.898137,10.7488,-11.6760,4.1258,4.3215,3.8962,3.9828,10
2461149.915477,10.5632,-19.7844,4.1258,4.3215,3.8962,3.9828,10
2461150.730587,10.0452,-20.9166,4.1258,4.3215,3.8962,3.9828,10
2461150.766047,5.3181,-13.2233,4.1258,4.3215,3.8962,3.9828,10
2461150.782797,14.8405,-18.4882,4.1258,4.3215,3.8962,3.9828,10
2461150.809687,9.6091,-17.6242,4.1258,4.3215,3.8962,3.9828,10
2461150.829557,10.8144,-17.3912,4.1258,4.3215,3.8962,3.9828,10
2461150.849007,7.3396,-12.8224,4.1258,4.3215,3.8962,3.9828,10
2461150.865677,5.1300,-25.1076,4.1258,4.3215,3.8962,3.9828,10
2461150.882607,11.9120,-15.6478,4.1258,4.3215,3.8962,3.9828,10
2461150.912197,9.9237,-19.6014,4.1258,4.3215,3.8962,3.9828,10
2461151.821687,3.8360,-18.6331,4.1258,4.3215,3.8962,3.9828,10
2461151.838067,10.3518,-20.8169,4.1258,4.3215,3.8962,3.9828,10
2461151.890527,11.3572,-21.4904,4.1258,4.3215,3.8962,3.9828,10
2461151.907387,11.9033,-19.3640,4.1258,4.3215,3.8962,3.9828,10
2461151.924417,11.1284,-18.6942,4.1258,4.3215,3.8962,3.9828,10
2461152.729737,13.1379,-14.9249,4.1258,4.3215,3.8962,3.9828,10
2461152.746957,5.6446,-24.8941,4.1258,4.3215,3.8962,3.9828,10
2461152.781277,7.1158,-15.5796,4.1258,4.3215,3.8962,3.9828,10
2461152.798967,10.3097,-23.6507,4.1258,4.3215,3.8962,3.9828,10
2461152.859827,14.1563,-14.4035,4.1258,4.3215,3.8962,3.9828,10
2461152.862687,9.6487,-13.4348,4.1258,4.3215,3.8962,3.9828,10
2461152.879807,14.3344,-16.0312,4.1258,4.3215,3.8962,3.9828,10
2461152.896297,3.2388,-22.9498,4.1258,4.3215,3.8962,3.9828,10
2461152.913077,2.9152,-15.9847,4.1258,4.3215,3.8962,3.9828,10
2461153.715787,10.3633,-20.7629,4.1258,4.3215,3.8962,3.9828,10
2461153.750827,10.4065,-19.5725,4.1258,4.3215,3.8962,3.9828,10
2461153.800157,10.7289,-19.9755,4.1258,4.3215,3.8962,3.9828,10
2461153.834587,4.6181,-12.7727,4.1258,4.3215,3.8962,3.9828,10
2461153.851497,13.3357,-17.3215,4.1258,4.3215,3.8962,3.9828,10
2461153.881997,5.3825,-16.7830,4.1258,4.3215,3.8962,3.9828,10
2461153.899327,6.9824,-21.4725,4.1258,4.3215,3.8962,3.9828,10
2461153.916597,8.9092,-19.5247,4.1258,4.3215,3.8962,3.9828,10
2461154.692617,9.1437,-20.1679,4.1258,4.3215,3.8962,3.9828,10
2461154.707997,8.5786,-20.0322,4.1258,4.3215,3.8962,3.9828,10
2461154.772307,14.2046,-23.2285,4.1258,4.3215,3.8962,3.9828,10
2461154.789327,13.5723,-20.6754,4.1258,4.3215,3.8962,3.9828,10
2461154.808597,8.6570,-16.0600,4.1258,4.3215,3.8962,3.9828,10
2461154.837247,5.7551,-16.6666,4.1258,4.3215,3.8962,3.9828,10
2461154.854267,8.6157,-20.1154,4.1258,4.3215,3.8962,3.9828,10
2461154.871957,9.9827,-20.5678,4.1258,4.3215,3.8962,3.9828,10
2461154.880187,8.4068,-23.1803,4.1258,4.3215,3.8962,3.9828,10
2461154.896997,2.6729,-14.7899,4.1258,4.3215,3.8962,3.9828,10
2461155.781207,8.4026,-19.9188,4.1258,4.3215,3.8962,3.9828,10
2461155.798267,7.8091,-15.6104,4.1258,4.3215,3.8962,3.9828,10
2461156.708507,13.1989,-19.5481,4.1258,4.3215,3.8962,3.9828,10
2461156.810757,12.1308,-19.7332,4.1258,4.3215,3.8962,3.9828,10
2461156.874187,13.3125,-18.3503,4.1258,4.3215,3.8962,3.9828,10
2461156.909477,5.9435,-22.2249,4.1258,4.3215,3.8962,3.9828,10
2461157.690697,8.2094,-19.4003,4.1258,4.3215,3.8962,3.9828,10
2461157.707517,15.3002,-18.7252,4.1258,4.3215,3.8962,3.9828,10
2461157.728357,7.0189,-13.4812,4.1258,4.3215,3.8962,3.9828,10
2461157.745227,11.6756,-17.6556,4.1258,4.3215,3.8962,3.9828,10
2461157.790627,9.4499,-17.1792,4.1258,4.3215,3.8962,3.9828,10
2461157.844167,3.3439,-24.0115,4.1258,4.3215,3.8962,3.9828,10
2461157.862787,7.7053,-14.7460,4.1258,4.3215,3.8962,3.9828,10
2461157.909177,9.5576,-16.1576,4.1258,4.3215,3.8962,3.9828,10
2461158.689517,11.0528,-19.9550,4.1258,4.3215,3.8962,3.9828,10
2461158.719247,5.5336,-16.8028,4.1258,4.3215,3.8962,3.9828,10
2461158.738247,9.2719,-24.3717,4.1258,4.3215,3.8962,3.9828,10
2461158.755177,8.6308,-19.8875,4.1258,4.3215,3.8962,3.9828,10
2461159.679777,10.2336,-18.3473,4.1258,4.3215,3.8962,3.9828,10
2461159.741267,14.7683,-23.4083,4.1258,4.3215,3.8962,3.9828,10
2461159.757907,7.2670,-22.6400,4.1258,4.3215,3.8962,3.9828,10
2461159.775077,5.4833,-14.5158,4.1258,4.3215,3.8962,3.9828,10
2461159.792227,6.2809,-18.1315,4.1258,4.3215,3.8962,3.9828,10
2461159.794947,5.9232,-19.2434,4.1258,4.3215,3.8962,3.9828,10
2461159.822397,11.3540,-13.1157,4.1258,4.3215,3.8962,3.9828,10
2461159.839247,10.2157,-15.0572,4.1258,4.3215,3.8962,3.9828,10
2461159.857827,5.5620,-22.4574,4.1258,4.3215,3.8962,3.9828,10
2461159.875607,9.6163,-13.7067,4.1258,4.3215,3.8962,3.9828,10
2461159.894447,7.3787,-17.4419,4.1258,4.3215,3.8962,3.9828,10
2461159.922827,6.8177,-14.4694,4.1258,4.3215,3.8962,3.9828,10
2461160.674247,11.4949,-12.7092,4.1258,4.3215,3.8962,3.9828,10
2461160.709757,12.7211,-22.4640,4.1258,4.3215,3.8962,3.9828,10
2461160.728417,5.6551,-23.6582,4.1258,4.3215,3.8962,3.9828,10
2461160.759487,7.2767,-15.6811,4.1258,4.3215,3.8962,3.9828,10
2461160.792897,9.8260,-14.3133,4.1258,4.3215,3.8962,3.9828,10
2461160.831917,10.6129,-13.5015,4.1258,4.3215,3.8962,3.9828,10
2461160.858887,13.6890,-15.9688,4.1258,4.3215,3.8962,3.9828,10
2461160.875947,6.4871,-21.9468,4.1258,4.3215,3.8962,3.9828,10
2461160.893217,8.2214,-14.1246,4.1258,4.3215,3.8962,3.9828,10
2461160.909587,8.3717,-15.3493,4.1258,4.3215,3.8962,3.9828,10
2461160.927997,3.7321,-21.2647,4.1258,4.3215,3.8962,3.9828,10
2461161.677677,7.6751,-24.8881,4.1258,4.3215,3.8962,3.9828,10
2461161.694557,9.2596,-21.3292,4.1258,4.3215,3.8962,3.9828,10
2461161.711967,10.9917,-24.4396,4.1258,4.3215,3.8962,3.9828,10
2461161.728537,9.9787,-18.9490,4.1258,4.3215,3.8962,3.9828,10
2461161.747127,7.3721,-19.7483,4.1258,4.3215,3.8962,3.9828,10
2461161.773837,6.4005,-20.1371,4.1258,4.3215,3.8962,3.9828,10
2461161.807477,10.7529,-22.9273,4.1258,4.3215,3.8962,3.9828,10
2461161.842277,5.4548,-15.8643,4.1258,4.3215,3.8962,3.9828,10
2461161.859787,10.1874,-17.8896,4.1258,4.3215,3.8962,3.9828,10
2461161.908957,10.7019,-16.9748,4.1258,4.3215,3.8962,3.9828,10
2461161.925917,3.6077,-13.8834,4.1258,4.3215,3.8962,3.9828,10
2461162.697857,14.4071,-18.4605,4.1258,4.3215,3.8962,3.9828,10
2461162.733747,5.1588,-19.3616,4.1258,4.3215,3.8962,3.9828,10
2461162.795127,9.5389,-20.1475,4.1258,4.3215,3.8962,3.9828,10
2461162.812487,15.7168,-20.2916,4.1258,4.3215,3.8962,3.9828,10
2461162.829347,6.5263,-13.6001,4.1258,4.3215,3.8962,3.9828,10
2461162.847177,7.0121,-17.3330,4.1258,4.3215,3.8962,3.9828,10
2461162.867627,8.2182,-15.2477,4.1258,4.3215,3.8962,3.9828,10
2461162.898997,9.3859,-21.7248,4.1258,4.3215,3.8962,3.9828,10
2461162.915597,8.5689,-12.8273,4.1258,4.3215,3.8962,3.9828,10
2461163.672687,6.5903,-16.8495,4.1258,4.3215,3.8962,3.9828,10
2461163.691317,13.9145,-21.2993,4.1258,4.3215,3.8962,3.9828,10
2461163.718907,15.9434,-23.2353,4.1258,4.3215,3.8962,3.9828,10
2461163.736357,11.9028,-23.7191,4.1258,4.3215,3.8962,3.9828,10
2461163.753667,11.0088,-17.5804,4.1258,4.3215,3.8962,3.9828,10
2461163.874747,8.4910,-13.0292,4.1258,4.3215,3.8962,3.9828,10
2461163.920287,6.3117,-17.8094,4.1258,4.3215,3.8962,3.9828,10
2461164.687877,8.1222,-19.0881,4.1258,4.3215,3.8962,3.9828,10
2461164.690577,15.2449,-24.4816,4.1258,4.3215,3.8962,3.9828,10
2461164.716387,7.4492,-16.6984,4.1258,4.3215,3.8962,3.9828,10
2461164.751947,5.1539,-18.6405,4.1258,4.3215,3.8962,3.9828,10
2461164.768377,7.5148,-13.8038,4.1258,4.3215,3.8962,3.9828,10
2461164.785607,11.2798,-21.1562,4.1258,4.3215,3.8962,3.9828,10
2461164.803617,5.6442,-19.0744,4.1258,4.3215,3.8962,3.9828,10
2461164.883097,8.1064,-13.7290,4.1258,4.3215,3.8962,3.9828,10
2461168.752907,14.5455,-19.3296,4.1258,4.3215,3.8962,3.9828,10
2461169.673247,10.2456,-21.2126,4.1258,4.3215,3.8962,3.9828,10
2461169.677057,16.3135,-21.4512,4.1258,4.3215,3.8962,3.9828,10
2461169.695067,1.9417,-16.8718,4.1258,4.3215,3.8962,3.9828,10
2461169.722047,12.6490,-16.9014,4.1258,4.3215,3.8962,3.9828,10
2461169.755707,16.0641,-17.3340,4.1258,4.3215,3.8962,3.9828,10
2461169.772237,15.3635,-15.2029,4.1258,4.3215,3.8962,3.9828,10
2461169.832927,13.5917,-14.4662,4.1258,4.3215,3.8962,3.9828,10
2461169.865967,10.6027,-16.5340,4.1258,4.3215,3.8962,3.9828,10
2461169.882367,8.2316,-15.3907,4.1258,4.3215,3.8962,3.9828,10
2461169.885407,3.8925,-18.0656,4.1258,4.3215,3.8962,3.9828,10
2461169.901187,11.3611,-19.8112,4.1258,4.3215,3.8962,3.9828,10
2461170.669467,7.6334,-13.6850,4.1258,4.3215,3.8962,3.9828,10
2461170.686287,12.8361,-24.5286,4.1258,4.3215,3.8962,3.9828,10
2461170.737107,4.8446,-18.4810,4.1258,4.3215,3.8962,3.9828,10
2461170.755857,10.8878,-19.1672,4.1258,4.3215,3.8962,3.9828,10
2461170.772967,13.5147,-18.5796,4.1258,4.3215,3.8962,3.9828,10
2461170.792027,9.5934,-21.2564,4.1258,4.3215,3.8962,3.9828,10
2461170.821287,9.7343,-13.1627,4.1258,4.3215,3.8962,3.9828,10
2461170.849027,15.2326,-14.7650,4.1258,4.3215,3.8962,3.9828,10
2461170.865627,10.3422,-17.3028,4.1258,4.3215,3.8962,3.9828,10
2461170.882747,5.0169,-22.0610,4.1258,4.3215,3.8962,3.9828,10
2461170.920197,9.3586,-19.4906,4.1258,4.3215,3.8962,3.9828,10
2461171.671937,7.9257,-11.8525,4.1258,4.3215,3.8962,3.9828,10
2461171.688337,15.0593,-16.5969,4.1258,4.3215,3.8962,3.9828,10
2461171.750177,3.1871,-20.5490,4.1258,4.3215,3.8962,3.9828,10
2461171.784067,5.6953,-17.1774,4.1258,4.3215,3.8962,3.9828,10
2461171.844287,10.1201,-24.2554,4.1258,4.3215,3.8962,3.9828,10
2461171.864097,6.8033,-19.6033,4.1258,4.3215,3.8962,3.9828,10
2461171.881957,8.3771,-15.7620,4.1258,4.3215,3.8962,3.9828,10
2461171.898587,9.6672,-21.8293,4.1258,4.3215,3.8962,3.9828,10
2461172.667737,11.0146,-20.5978,4.1258,4.3215,3.8962,3.9828,10
2461172.684347,12.3042,-16.5921,4.1258,4.3215,3.8962,3.9828,10
2461172.721607,8.2405,-19.3286,4.1258,4.3215,3.8962,3.9828,10
2461172.753047,7.7609,-14.6798,4.1258,4.3215,3.8962,3.9828,10
2461172.771517,6.7240,-23.2115,4.1258,4.3215,3.8962,3.9828,10
2461172.805847,11.2534,-19.3745,4.1258,4.3215,3.8962,3.9828,10
2461172.822337,10.3694,-21.4038,4.1258,4.3215,3.8962,3.9828,10
2461172.853467,14.7108,-22.7763,4.1258,4.3215,3.8962,3.9828,10
2461172.870497,5.0708,-22.2958,4.1258,4.3215,3.8962,3.9828,10
2461172.903707,9.0126,-21.7483,4.1258,4.3215,3.8962,3.9828,10
2461172.920427,10.5330,-19.6707,4.1258,4.3215,3.8962,3.9828,10
2461173.678267,13.0376,-19.8294,4.1258,4.3215,3.8962,3.9828,10
2461173.695207,10.9921,-17.9767,4.1258,4.3215,3.8962,3.9828,10
2461173.711977,10.0954,-20.1209,4.1258,4.3215,3.8962,3.9828,10
2461173.772907,12.7277,-14.9178,4.1258,4.3215,3.8962,3.9828,10
2461173.791427,7.0190,-19.9009,4.1258,4.3215,3.8962,3.9828,10
2461173.810077,5.9607,-19.1703,4.1258,4.3215,3.8962,3.9828,10
2461173.827207,7.3620,-13.8394,4.1258,4.3215,3.8962,3.9828,10
2461173.844367,11.6069,-19.5848,4.1258,4.3215,3.8962,3.9828,10
2461173.876097,8.0325,-19.3322,4.1258,4.3215,3.8962,3.9828,10
2461173.893247,10.5697,-14.9764,4.1258,4.3215,3.8962,3.9828,10
2461173.910247,6.1676,-23.6372,4.1258,4.3215,3.8962,3.9828,10
2461173.927997,13.5752,-13.1311,4.1258,4.3215,3.8962,3.9828,10
2461174.654967,13.7678,-14.9924,4.1258,4.3215,3.8962,3.9828,10
2461174.673317,14.1888,-12.5817,4.1258,4.3215,3.8962,3.9828,10
2461174.708047,4.5425,-18.7664,4.1258,4.3215,3.8962,3.9828,10
2461174.792157,4.5570,-22.8124,4.1258,4.3215,3.8962,3.9828,10
2461174.809167,3.2350,-22.7393,4.1258,4.3215,3.8962,3.9828,10
2461174.826287,5.5610,-22.7595,4.1258,4.3215,3.8962,3.9828,10
2461174.854857,4.9753,-20.2878,4.1258,4.3215,3.8962,3.9828,10
2461174.871847,10.7933,-15.1504,4.1258,4.3215,3.8962,3.9828,10
2461174.889307,9.9017,-15.4084,4.1258,4.3215,3.8962,3.9828,10
2461174.905607,4.3181,-17.3263,4.1258,4.3215,3.8962,3.9828,10
2461174.922147,12.5252,-22.7873,4.1258,4.3215,3.8962,3.9828,10
2461175.636817,5.0112,-18.1802,4.1258,4.3215,3.8962,3.9828,10
2461175.674827,4.6688,-16.5503,4.1258,4.3215,3.8962,3.9828,10
2461175.695407,7.3099,-13.3678,4.1258,4.3215,3.8962,3.9828,10
2461175.760797,7.1243,-14.6468,4.1258,4.3215,3.8962,3.9828,10
2461175.777667,6.3814,-16.0703,4.1258,4.3215,3.8962,3.9828,10
2461177.711447,6.6278,-20.4903,4.1258,4.3215,3.8962,3.9828,10
2461177.728217,10.9168,-21.9502,4.1258,4.3215,3.8962,3.9828,10
2461177.732417,4.1626,-20.4458,4.1258,4.3215,3.8962,3.9828,10
2461177.747717,10.4491,-20.9165,4.1258,4.3215,3.8962,3.9828,10
2461177.766507,10.6933,-18.7056,4.1258,4.3215,3.8962,3.9828,10
2461177.810017,16.4040,-15.9638,4.1258,4.3215,3.8962,3.9828,10
2461177.826737,10.6247,-18.6149,4.1258,4.3215,3.8962,3.9828,10
2461177.843657,7.8673,-12.5003,4.1258,4.3215,3.8962,3.9828,10
2461177.860187,11.4367,-15.5492,4.1258,4.3215,3.8962,3.9828,10
2461177.877257,10.5606,-23.1256,4.1258,4.3215,3.8962,3.9828,10
2461177.893507,10.6814,-14.8062,4.1258,4.3215,3.8962,3.9828,10
2461177.922827,13.9744,-23.9505,4.1258,4.3215,3.8962,3.9828,10
2461178.679477,10.9782,-14.6570,4.1258,4.3215,3.8962,3.9828,10
2461178.696427,4.9511,-25.7508,4.1258,4.3215,3.8962,3.9828,10
2461178.716407,10.4586,-18.3448,4.1258,4.3215,3.8962,3.9828,10
2461178.736037,14.7431,-23.7240,4.1258,4.3215,3.8962,3.9828,10
2461178.753307,7.1798,-23.2541,4.1258,4.3215,3.8962,3.9828,10
2461178.780887,8.4856,-18.9819,4.1258,4.3215,3.8962,3.9828,10
2461178.834867,11.0288,-19.3399,4.1258,4.3215,3.8962,3.9828,10
2461178.852037,4.9984,-15.8101,4.1258,4.3215,3.8962,3.9828,10
2461178.880957,12.1701,-23.2210,4.1258,4.3215,3.8962,3.9828,10
2461178.908577,5.2164,-20.8695,4.1258,4.3215,3.8962,3.9828,10
2461178.925177,14.1185,-19.6311,4.1258,4.3215,3.8962,3.9828,10
2461179.677957,6.4016,-23.2817,4.1258,4.3215,3.8962,3.9828,10
2461179.694487,13.1492,-20.0735,4.1258,4.3215,3.8962,3.9828,10
2461179.711037,7.6864,-24.0741,4.1258,4.3215,3.8962,3.9828,10
2461179.727397,11.7654,-18.3359,4.1258,4.3215,3.8962,3.9828,10
2461179.807577,9.4273,-20.0073,4.1258,4.3215,3.8962,3.9828,10
2461179.823937,8.1856,-22.7485,4.1258,4.3215,3.8962,3.9828,10
2461179.850977,1.0461,-24.1488,4.1258,4.3215,3.8962,3.9828,10
2461179.868197,8.8933,-19.9085,4.1258,4.3215,3.8962,3.9828,10
2461179.905707,2.9230,-14.5066,4.1258,4.3215,3.8962,3.9828,10
2461179.923027,13.5367,-21.4520,4.1258,4.3215,3.8962,3.9828,10
2461180.665587,7.6751,-24.1546,4.1258,4.3215,3.8962,3.9828,10
2461180.702297,11.9368,-14.2075,4.1258,4.3215,3.8962,3.9828,10
2461180.717627,12.1367,-18.4198,4.1258,4.3215,3.8962,3.9828,10
2461180.745057,13.5349,-16.6287,4.1258,4.3215,3.8962,3.9828,10
2461180.761727,4.4661,-20.0563,4.1258,4.3215,3.8962,3.9828,10
2461180.778787,5.9162,-19.8069,4.1258,4.3215,3.8962,3.9828,10
2461180.796767,8.3728,-13.3432,4.1258,4.3215,3.8962,3.9828,10
2461180.813747,10.0256,-16.9652,4.1258,4.3215,3.8962,3.9828,10
2461180.817427,6.2678,-18.7925,4.1258,4.3215,3.8962,3.9828,10
2461181.859727,8.6343,-23.5158,4.1258,4.3215,3.8962,3.9828,10
2461181.878217,6.8718,-17.7153,4.1258,4.3215,3.8962,3.9828,10
2461181.908637,1.4688,-15.3218,4.1258,4.3215,3.8962,3.9828,10
2461181.925787,2.6975,-19.3008,4.1258,4.3215,3.8962,3.9828,10
2461182.621897,6.2242,-16.2500,4.1258,4.3215,3.8962,3.9828,10
2461182.638497,8.4945,-22.8557,4.1258,4.3215,3.8962,3.9828,10
2461182.684977,4.8096,-17.2090,4.1258,4.3215,3.8962,3.9828,10
2461182.722877,10.3402,-17.7325,4.1258,4.3215,3.8962,3.9828,10
2461182.767687,9.4013,-22.3104,4.1258,4.3215,3.8962,3.9828,10
2461182.786187,8.7901,-17.5532,4.1258,4.3215,3.8962,3.9828,10
2461182.804047,13.6705,-20.0352,4.1258,4.3215,3.8962,3.9828,10
2461182.820857,14.3504,-19.8819,4.1258,4.3215,3.8962,3.9828,10
2461182.838207,10.7961,-15.3738,4.1258,4.3215,3.8962,3.9828,10
2461182.882307,9.0826,-22.7901,4.1258,4.3215,3.8962,3.9828,10
2461182.902077,1.2683,-23.0494,4.1258,4.3215,3.8962,3.9828,10
2461182.904777,2.4340,-22.2334,4.1258,4.3215,3.8962,3.9828,10
2461182.929827,11.4701,-17.5664,4.1258,4.3215,3.8962,3.9828,10
2461183.649387,2.9858,-17.4304,4.1258,4.3215,3.8962,3.9828,10
2461183.666007,10.4155,-15.7259,4.1258,4.3215,3.8962,3.9828,10
2461183.720177,1.9645,-19.1287,4.1258,4.3215,3.8962,3.9828,10
2461183.747727,1.9952,-21.5990,4.1258,4.3215,3.8962,3.9828,10
2461183.786367,5.0742,-19.7486,4.1258,4.3215,3.8962,3.9828,10
2461183.803307,0.9071,-21.4289,4.1258,4.3215,3.8962,3.9828,10
2461183.819647,10.7551,-20.3068,4.1258,4.3215,3.8962,3.9828,10
2461183.848747,1.4364,-21.2158,4.1258,4.3215,3.8962,3.9828,10
2461183.870127,5.3028,-25.4657,4.1258,4.3215,3.8962,3.9828,10
2461184.668467,9.1269,-19.1134,4.1258,4.3215,3.8962,3.9828,10
2461184.685377,3.0819,-16.1093,4.1258,4.3215,3.8962,3.9828,10
2461184.702547,9.1661,-21.1514,4.1258,4.3215,3.8962,3.9828,10
2461184.730127,8.0316,-13.2189,4.1258,4.3215,3.8962,3.9828,10
2461184.752967,8.2696,-13.6697,4.1258,4.3215,3.8962,3.9828,10
2461184.769677,15.3014,-24.6110,4.1258,4.3215,3.8962,3.9828,10
2461184.788017,12.7030,-16.0161,4.1258,4.3215,3.8962,3.9828,10
2461184.832947,14.0547,-18.1108,4.1258,4.3215,3.8962,3.9828,10
2461185.624187,16.1489,-16.7537,4.1258,4.3215,3.8962,3.9828,10
2461185.640807,6.0280,-15.6417,4.1258,4.3215,3.8962,3.9828,10
2461185.674597,9.0496,-17.2387,4.1258,4.3215,3.8962,3.9828,10
2461185.691437,11.1946,-22.2421,4.1258,4.3215,3.8962,3.9828,10
2461185.740277,13.7248,-15.4804,4.1258,4.3215,3.8962,3.9828,10
2461185.757697,8.9152,-18.6450,4.1258,4.3215,3.8962,3.9828,10
2461185.791907,7.6716,-14.5507,4.1258,4.3215,3.8962,3.9828,10
2461185.835757,13.7793,-24.7662,4.1258,4.3215,3.8962,3.9828,10
2461185.852767,2.4521,-13.8489,4.1258,4.3215,3.8962,3.9828,10
2461185.885607,8.3621,-16.8927,4.1258,4.3215,3.8962,3.9828,10
2461186.611017,10.5602,-25.6864,4.1258,4.3215,3.8962,3.9828,10
2461186.627487,13.7494,-12.7295,4.1258,4.3215,3.8962,3.9828,10
2461186.648287,4.7432,-16.5521,4.1258,4.3215,3.8962,3.9828,10
2461186.699387,14.6279,-21.8371,4.1258,4.3215,3.8962,3.9828,10
2461186.716647,7.5310,-17.6103,4.1258,4.3215,3.8962,3.9828,10
2461186.733857,3.2648,-21.9998,4.1258,4.3215,3.8962,3.9828,10
2461186.750867,11.5559,-17.8474,4.1258,4.3215,3.8962,3.9828,10
2461186.767657,4.4922,-17.8887,4.1258,4.3215,3.8962,3.9828,10
2461186.813007,0.6859,-22.9962,4.1258,4.3215,3.8962,3.9828,10
2461186.829757,12.4814,-15.6103,4.1258,4.3215,3.8962,3.9828,10
2461186.896917,7.4491,-20.7115,4.1258,4.3215,3.8962,3.9828,10
2461186.913737,8.7428,-17.7688,4.1258,4.3215,3.8962,3.9828,10
2461186.918057,8.0968,-18.3786,4.1258,4.3215,3.8962,3.9828,10
2461187.658667,7.4638,-20.1503,4.1258,4.3215,3.8962,3.9828,10
2461187.675797,5.8608,-23.5182,4.1258,4.3215,3.8962,3.9828,10
2461187.692787,8.4006,-20.4373,4.1258,4.3215,3.8962,3.9828,10
2461187.726057,15.7900,-25.3684,4.1258,4.3215,3.8962,3.9828,10
2461187.743007,9.5155,-22.3314,4.1258,4.3215,3.8962,3.9828,10
2461187.771717,13.9875,-14.1320,4.1258,4.3215,3.8962,3.9828,10
2461187.788997,10.4374,-16.9594,4.1258,4.3215,3.8962,3.9828,10
2461187.823167,8.9090,-20.8142,4.1258,4.3215,3.8962,3.9828,10
2461187.868617,13.1954,-21.3872,4.1258,4.3215,3.8962,3.9828,10
2461187.885167,10.4752,-22.8008,4.1258,4.3215,3.8962,3.9828,10
2461187.901677,9.6947,-18.8214,4.1258,4.3215,3.8962,3.9828,10
2461188.601407,15.4109,-25.4180,4.1258,4.3215,3.8962,3.9828,10
2461188.631947,14.1106,-13.8353,4.1258,4.3215,3.8962,3.9828,10
2461188.804587,15.8660,-17.7954,4.1258,4.3215,3.8962,3.9828,10
2461188.821607,12.3253,-16.4625,4.1258,4.3215,3.8962,3.9828,10
2461188.848607,10.0240,-19.7227,4.1258,4.3215,3.8962,3.9828,10
2461188.865917,8.8119,-18.8773,4.1258,4.3215,3.8962,3.9828,10
2461188.882467,16.0608,-14.5292,4.1258,4.3215,3.8962,3.9828,10
2461188.904697,12.9811,-12.4530,4.1258,4.3215,3.8962,3.9828,10
2461189.621027,8.0551,-14.1611,4.1258,4.3215,3.8962,3.9828,10
2461189.654257,9.1217,-16.2695,4.1258,4.3215,3.8962,3.9828,10
2461189.670607,9.3393,-17.9594,4.1258,4.3215,3.8962,3.9828,10
2461189.687477,12.6975,-20.4766,4.1258,4.3215,3.8962,3.9828,10
2461189.714667,7.7285,-21.9108,4.1258,4.3215,3.8962,3.9828,10
2461189.731347,7.8891,-23.8035,4.1258,4.3215,3.8962,3.9828,10
2461189.748267,8.3439,-20.8538,4.1258,4.3215,3.8962,3.9828,10
2461189.768997,7.2886,-20.3023,4.1258,4.3215,3.8962,3.9828,10
2461189.789677,10.5063,-19.5443,4.1258,4.3215,3.8962,3.9828,10
2461189.817197,14.8000,-22.3283,4.1258,4.3215,3.8962,3.9828,10
2461189.835607,13.8293,-18.6771,4.1258,4.3215,3.8962,3.9828,10
2461189.852357,0.8947,-15.0321,4.1258,4.3215,3.8962,3.9828,10
2461189.870947,4.7439,-24.0571,4.1258,4.3215,3.8962,3.9828,10
2461189.887607,4.0570,-16.5712,4.1258,4.3215,3.8962,3.9828,10
2461189.907127,5.9561,-26.2558,4.1258,4.3215,3.8962,3.9828,10
2461189.913537,3.7353,-18.8101,4.1258,4.3215,3.8962,3.9828,10
2461190.771027,9.1878,-16.7221,4.1258,4.3215,3.8962,3.9828,10
2461190.817527,9.1709,-12.2555,4.1258,4.3215,3.8962,3.9828,10
2461190.852067,12.1515,-20.2909,4.1258,4.3215,3.8962,3.9828,10
2461191.596497,14.5971,-16.0678,4.1258,4.3215,3.8962,3.9828,10
2461191.615657,12.5322,-13.3295,4.1258,4.3215,3.8962,3.9828,10
2461191.705537,12.6547,-27.3080,4.1258,4.3215,3.8962,3.9828,10
2461191.739017,14.1102,-21.7247,4.1258,4.3215,3.8962,3.9828,10
2461191.755727,5.9705,-14.9575,4.1258,4.3215,3.8962,3.9828,10
2461194.756407,5.0972,-25.0999,4.1258,4.3215,3.8962,3.9828,10
2461194.793857,9.1720,-17.1192,4.1258,4.3215,3.8962,3.9828,10
2461196.653147,5.4032,-23.6557,4.1258,4.3215,3.8962,3.9828,10
2461196.670227,5.3023,-14.9155,4.1258,4.3215,3.8962,3.9828,10
2461196.697847,7.5519,-15.0314,4.1258,4.3215,3.8962,3.9828,10
2461196.732657,3.6766,-18.4471,4.1258,4.3215,3.8962,3.9828,10
2461196.798107,6.7449,-12.9854,4.1258,4.3215,3.8962,3.9828,10
2461196.814767,7.6801,-21.6708,4.1258,4.3215,3.8962,3.9828,10
2461197.833337,13.2231,-23.5294,4.1258,4.3215,3.8962,3.9828,10
2461198.625257,0.9969,-22.5952,4.1258,4.3215,3.8962,3.9828,10
2461198.641997,-1.3550,-19.8800,4.1258,4.3215,3.8962,3.9828,10
2461198.660187,-0.6941,-18.1486,4.1258,4.3215,3.8962,3.9828,10
2461198.678237,5.9438,-21.9830,4.1258,4.3215,3.8962,3.9828,10
2461198.723067,12.3641,-19.2395,4.1258,4.3215,3.8962,3.9828,10
2461198.739987,4.4687,-19.3389,4.1258,4.3215,3.8962,3.9828,10
2461198.793497,8.8006,-16.5137,4.1258,4.3215,3.8962,3.9828,10
2461198.820737,7.6313,-17.2666,4.1258,4.3215,3.8962,3.9828,10
2461198.838167,7.7119,-18.1034,4.1258,4.3215,3.8962,3.9828,10
2461198.875377,3.7380,-25.5147,4.1258,4.3215,3.8962,3.9828,10
2461198.892067,10.7157,-26.1163,4.1258,4.3215,3.8962,3.9828,10
2461199.570327,0.4136,-15.4372,4.1258,4.3215,3.8962,3.9828,10
2461199.587347,1.7041,-29.7640,4.1258,4.3215,3.8962,3.9828,10
2461199.637927,1.9602,-24.4529,4.1258,4.3215,3.8962,3.9828,10
2461199.654547,10.0416,-25.8979,4.1258,4.3215,3.8962,3.9828,10
2461199.671357,4.4152,-19.6445,4.1258,4.3215,3.8962,3.9828,10
2461199.690467,0.4186,-21.1943,4.1258,4.3215,3.8962,3.9828,10
2461199.717687,12.0994,-21.4479,4.1258,4.3215,3.8962,3.9828,10
2461199.735027,5.8608,-18.3441,4.1258,4.3215,3.8962,3.9828,10
2461199.752147,5.6540,-21.5608,4.1258,4.3215,3.8962,3.9828,10
2461199.778267,13.1470,-20.0292,4.1258,4.3215,3.8962,3.9828,10
2461199.794707,10.1837,-10.7855,4.1258,4.3215,3.8962,3.9828,10
2461199.842927,8.1296,-10.4905,4.1258,4.3215,3.8962,3.9828,10
2461199.869637,12.8574,-18.0133,4.1258,4.3215,3.8962,3.9828,10
2461199.886447,6.1150,-22.6905,4.1258,4.3215,3.8962,3.9828,10
2461200.727997,8.6761,-25.4574,4.1258,4.3215,3.8962,3.9828,10
2461202.626737,8.1531,-20.7614,4.1258,4.3215,3.8962,3.9828,10
2461202.659997,12.8482,-27.7782,4.1258,4.3215,3.8962,3.9828,10
2461202.687797,9.1521,-24.8547,4.1258,4.3215,3.8962,3.9828,10
2461202.704417,13.5302,-29.0121,4.1258,4.3215,3.8962,3.9828,10
2461202.721177,16.5463,-14.3151,4.1258,4.3215,3.8962,3.9828,10
2461202.738407,8.4415,-24.3183,4.1258,4.3215,3.8962,3.9828,10
2461202.773627,3.2844,-15.6844,4.1258,4.3215,3.8962,3.9828,10
2461202.803727,10.2488,-23.5156,4.1258,4.3215,3.8962,3.9828,10
2461202.836997,2.2074,-12.7625,4.1258,4.3215,3.8962,3.9828,10
2461202.871357,11.7212,-27.2859,4.1258,4.3215,3.8962,3.9828,10
2461203.586977,4.9494,-21.1550,4.1258,4.3215,3.8962,3.9828,10
2461203.605037,10.4664,-13.8077,4.1258,4.3215,3.8962,3.9828,10
2461203.676757,-1.6806,-11.5923,4.1258,4.3215,3.8962,3.9828,10
2461203.698037,11.1664,-15.3089,4.1258,4.3215,3.8962,3.9828,10
2461203.717447,5.0703,-19.1531,4.1258,4.3215,3.8962,3.9828,10
2461203.753817,4.8403,-12.3792,4.1258,4.3215,3.8962,3.9828,10
2461204.603157,15.2573,-21.4869,4.1258,4.3215,3.8962,3.9828,10
2461204.620177,13.4045,-20.3461,4.1258,4.3215,3.8962,3.9828,10
2461204.636827,13.1043,-21.0302,4.1258,4.3215,3.8962,3.9828,10
2461204.668797,5.7953,-26.2665,4.1258,4.3215,3.8962,3.9828,10
2461204.714007,9.0825,-19.6600,4.1258,4.3215,3.8962,3.9828,10
2461204.732067,6.9548,-10.8498,4.1258,4.3215,3.8962,3.9828,10
2461204.749277,3.5740,-24.1229,4.1258,4.3215,3.8962,3.9828,10
2461204.795547,5.3197,-12.3548,4.1258,4.3215,3.8962,3.9828,10
2461205.556517,2.2480,-15.8666,4.1258,4.3215,3.8962,3.9828,10
2461205.577977,9.7718,-27.8362,4.1258,4.3215,3.8962,3.9828,10
2461205.594837,4.4227,-10.6020,4.1258,4.3215,3.8962,3.9828,10
2461205.635467,6.3401,-17.1831,4.1258,4.3215,3.8962,3.9828,10
2461205.662407,3.2561,-22.1698,4.1258,4.3215,3.8962,3.9828,10
2461210.810347,5.4333,-19.6828,4.1258,4.3215,3.8962,3.9828,10
2461211.581427,1.0393,-16.7162,4.1258,4.3215,3.8962,3.9828,10
2461211.659427,3.7959,-15.8357,4.1258,4.3215,3.8962,3.9828,10
2461211.677627,-2.7570,-19.6787,4.1258,4.3215,3.8962,3.9828,10
2461211.694847,2.4241,-24.8423,4.1258,4.3215,3.8962,3.9828,10
2461211.727267,5.2963,-20.2605,4.1258,4.3215,3.8962,3.9828,10
2461211.831487,7.0500,-25.2548,4.1258,4.3215,3.8962,3.9828,10
2461213.658347,2.3772,-20.0490,4.1258,4.3215,3.8962,3.9828,10
2461213.716007,9.9595,-26.0548,4.1258,4.3215,3.8962,3.9828,10
2461213.737467,-0.2935,-18.7390,4.1258,4.3215,3.8962,3.9828,10
2461213.775397,8.4944,-25.6945,4.1258,4.3215,3.8962,3.9828,10
2461213.837087,6.7066,-23.4659,4.1258,4.3215,3.8962,3.9828,10
2461214.537317,5.3247,-20.2081,4.1258,4.3215,3.8962,3.9828,10
2461214.554067,4.1828,-26.9657,4.1258,4.3215,3.8962,3.9828,10
2461214.607747,-2.5180,-22.6356,4.1258,4.3215,3.8962,3.9828,10
2461214.626997,6.5851,-14.6000,4.1258,4.3215,3.8962,3.9828,10
2461214.704977,12.8876,-21.4134,4.1258,4.3215,3.8962,3.9828,10
2461214.724737,7.0221,-13.1652,4.1258,4.3215,3.8962,3.9828,10
2461214.744067,-1.7960,-15.5765,4.1258,4.3215,3.8962,3.9828,10
2461214.779667,9.3968,-20.3209,4.1258,4.3215,3.8962,3.9828,10
2461214.798007,15.1892,-17.0891,4.1258,4.3215,3.8962,3.9828,10
2461214.825277,11.0132,-17.6006,4.1258,4.3215,3.8962,3.9828,10
2461214.850767,1.5103,-17.7616,4.1258,4.3215,3.8962,3.9828,10
2461215.520077,3.8060,-18.8110,4.1258,4.3215,3.8962,3.9828,10
2461215.583087,6.6095,-23.4092,4.1258,4.3215,3.8962,3.9828,10
2461215.600427,4.2310,-17.7335,4.1258,4.3215,3.8962,3.9828,10
2461215.653507,6.3344,-29.1407,4.1258,4.3215,3.8962,3.9828,10
2461215.681477,9.7841,-18.3893,4.1258,4.3215,3.8962,3.9828,10
2461215.700447,10.5928,-24.2977,4.1258,4.3215,3.8962,3.9828,10
2461215.717637,13.7071,-20.1453,4.1258,4.3215,3.8962,3.9828,10
2461215.755807,12.3411,-16.9185,4.1258,4.3215,3.8962,3.9828,10
2461215.786297,9.7652,-13.0176,4.1258,4.3215,3.8962,3.9828,10
2461215.804847,2.5475,-19.7383,4.1258,4.3215,3.8962,3.9828,10
2461215.823207,9.3245,-23.2023,4.1258,4.3215,3.8962,3.9828,10
2461215.840057,9.4047,-21.2213,4.1258,4.3215,3.8962,3.9828,10
2461215.847277,10.7475,-11.6044,4.1258,4.3215,3.8962,3.9828,10
2461216.559787,3.3465,-14.2931,4.1258,4.3215,3.8962,3.9828,10
2461216.578027,-3.1291,-23.6534,4.1258,4.3215,3.8962,3.9828,10
2461216.594577,9.2879,-23.1660,4.1258,4.3215,3.8962,3.9828,10
2461216.611487,11.4679,-16.0890,4.1258,4.3215,3.8962,3.9828,10
2461216.627907,5.9269,-14.9159,4.1258,4.3215,3.8962,3.9828,10
2461216.656397,10.7545,-15.6711,4.1258,4.3215,3.8962,3.9828,10
2461216.672927,7.0672,-22.5423,4.1258,4.3215,3.8962,3.9828,10
2461216.722827,12.6719,-25.2807,4.1258,4.3215,3.8962,3.9828,10
2461216.749847,5.5786,-12.3770,4.1258,4.3215,3.8962,3.9828,10
2461216.766687,2.9366,-11.0476,4.1258,4.3215,3.8962,3.9828,10
2461216.783157,9.4396,-20.0923,4.1258,4.3215,3.8962,3.9828,10
2461216.803257,10.2556,-16.6752,4.1258,4.3215,3.8962,3.9828,10
2461216.822637,-0.0964,-23.9785,4.1258,4.3215,3.8962,3.9828,10
2461216.844277,10.7719,-14.1873,4.1258,4.3215,3.8962,3.9828,10
2461217.529837,5.8872,-17.0542,4.1258,4.3215,3.8962,3.9828,10
2461217.546887,5.6295,-15.2076,4.1258,4.3215,3.8962,3.9828,10
2461217.565917,10.0857,-21.3750,4.1258,4.3215,3.8962,3.9828,10
2461217.583097,14.6397,-19.0636,4.1258,4.3215,3.8962,3.9828,10
2461217.628197,10.5887,-23.9257,4.1258,4.3215,3.8962,3.9828,10
2461217.661717,4.1247,-21.6103,4.1258,4.3215,3.8962,3.9828,10
2461217.678127,9.8737,-18.6743,4.1258,4.3215,3.8962,3.9828,10
2461217.700527,13.1978,-19.2179,4.1258,4.3215,3.8962,3.9828,10
2461217.727887,9.7263,-17.5914,4.1258,4.3215,3.8962,3.9828,10
2461217.746027,11.8845,-22.6494,4.1258,4.3215,3.8962,3.9828,10
2461217.781247,10.4467,-22.5360,4.1258,4.3215,3.8962,3.9828,10
2461217.797927,-2.0111,-14.8761,4.1258,4.3215,3.8962,3.9828,10
2461217.800687,7.7741,-24.3426,4.1258,4.3215,3.8962,3.9828,10
2461217.828547,7.3015,-28.0971,4.1258,4.3215,3.8962,3.9828,10
2461217.842727,2.2599,-15.1714,4.1258,4.3215,3.8962,3.9828,10
2461218.516267,3.0951,-11.1206,4.1258,4.3215,3.8962,3.9828,10
2461218.554927,12.1846,-24.1129,4.1258,4.3215,3.8962,3.9828,10
2461218.586797,7.8116,-22.0031,4.1258,4.3215,3.8962,3.9828,10
2461218.620407,9.4933,-22.2000,4.1258,4.3215,3.8962,3.9828,10
2461218.673297,11.0570,-17.1493,4.1258,4.3215,3.8962,3.9828,10
2461218.701547,9.4640,-13.0359,4.1258,4.3215,3.8962,3.9828,10
2461218.735877,10.4589,-23.8382,4.1258,4.3215,3.8962,3.9828,10
2461218.752597,3.3628,-20.6862,4.1258,4.3215,3.8962,3.9828,10
2461218.770847,10.4112,-26.6703,4.1258,4.3215,3.8962,3.9828,10
2461218.819467,6.2522,-21.3550,4.1258,4.3215,3.8962,3.9828,10
2461218.836147,8.1264,-14.7640,4.1258,4.3215,3.8962,3.9828,10
2461218.840507,14.9009,-16.0398,4.1258,4.3215,3.8962,3.9828,10
2461222.529107,1.5829,-15.0229,4.1258,4.3215,3.8962,3.9828,10
2461222.563147,11.9981,-30.2307,4.1258,4.3215,3.8962,3.9828,10
2461222.591087,7.2005,-22.1113,4.1258,4.3215,3.8962,3.9828,10
2461222.608907,12.0225,-27.9626,4.1258,4.3215,3.8962,3.9828,10
2461222.627427,6.4102,-13.9029,4.1258,4.3215,3.8962,3.9828,10
2461222.726217,8.4811,-9.9735,4.1258,4.3215,3.8962,3.9828,10
2461222.743167,14.3357,-21.9120,4.1258,4.3215,3.8962,3.9828,10
2461223.666837,17.6346,-19.0749,4.1258,4.3215,3.8962,3.9828,10
2461223.718237,3.8869,-13.5845,4.1258,4.3215,3.8962,3.9828,10
2461223.778497,9.7420,-14.6231,4.1258,4.3215,3.8962,3.9828,10
2461227.534667,17.1695,-20.8265,4.1258,4.3215,3.8962,3.9828,10
2461227.551627,17.3989,-24.9425,4.1258,4.3215,3.8962,3.9828,10
2461227.578117,14.4928,-15.5081,4.1258,4.3215,3.8962,3.9828,10
2461227.606297,-0.9703,-25.6699,4.1258,4.3215,3.8962,3.9828,10
2461227.676687,6.9700,-15.5186,4.1258,4.3215,3.8962,3.9828,10
2461227.735927,6.6682,-30.7698,4.1258,4.3215,3.8962,3.9828,10
2461227.754537,3.4870,-21.7480,4.1258,4.3215,3.8962,3.9828,10
2461227.772237,4.6766,-30.7791,4.1258,4.3215,3.8962,3.9828,10
2461227.789347,6.4687,-19.7952,4.1258,4.3215,3.8962,3.9828,10
2461227.817657,9.8132,-21.7239,4.1258,4.3215,3.8962,3.9828,10
2461228.485917,17.0628,-21.9857,4.1258,4.3215,3.8962,3.9828,10
2461228.530637,4.3925,-25.3637,4.1258,4.3215,3.8962,3.9828,10
2461228.547427,9.2497,-25.4487,4.1258,4.3215,3.8962,3.9828,10
2461228.574687,8.6503,-25.5065,4.1258,4.3215,3.8962,3.9828,10
2461228.607527,6.4024,-20.8373,4.1258,4.3215,3.8962,3.9828,10
2461228.626147,17.1469,-21.5441,4.1258,4.3215,3.8962,3.9828,10
2461228.647307,13.4261,-18.8394,4.1258,4.3215,3.8962,3.9828,10
2461228.665467,12.4601,-13.6418,4.1258,4.3215,3.8962,3.9828,10
2461228.686417,13.7816,-19.9335,4.1258,4.3215,3.8962,3.9828,10
2461228.714387,6.1034,-20.5405,4.1258,4.3215,3.8962,3.9828,10
2461228.731577,9.5057,-14.0128,4.1258,4.3215,3.8962,3.9828,10
2461228.771277,3.6675,-10.7402,4.1258,4.3215,3.8962,3.9828,10
2461229.489807,6.6190,-27.8879,4.1258,4.3215,3.8962,3.9828,10
2461229.508417,4.4112,-23.6170,4.1258,4.3215,3.8962,3.9828,10
2461229.536757,6.5660,-25.1718,4.1258,4.3215,3.8962,3.9828,10
2461229.555547,15.5434,-26.1827,4.1258,4.3215,3.8962,3.9828,10
2461229.589877,12.6299,-27.8786,4.1258,4.3215,3.8962,3.9828,10
2461229.607227,14.3083,-19.9745,4.1258,4.3215,3.8962,3.9828,10
2461229.627017,11.7348,-28.4971,4.1258,4.3215,3.8962,3.9828,10
2461229.643597,10.3937,-28.9041,4.1258,4.3215,3.8962,3.9828,10
2461229.661247,10.9723,-24.3402,4.1258,4.3215,3.8962,3.9828,10
2461229.706057,11.1967,-20.0261,4.1258,4.3215,3.8962,3.9828,10
2461229.724397,8.1139,-10.2539,4.1258,4.3215,3.8962,3.9828,10
2461229.742017,14.1395,-18.8898,4.1258,4.3215,3.8962,3.9828,10
2461230.522567,6.5050,-15.6480,4.1258,4.3215,3.8962,3.9828,10
2461230.557607,13.9316,-19.9345,4.1258,4.3215,3.8962,3.9828,10
2461230.574247,9.5855,-23.8195,4.1258,4.3215,3.8962,3.9828,10
2461230.620147,2.8454,-18.0879,4.1258,4.3215,3.8962,3.9828,10
2461230.638517,3.5075,-21.5847,4.1258,4.3215,3.8962,3.9828,10
2461230.657587,6.1756,-23.9424,4.1258,4.3215,3.8962,3.9828,10
2461230.674937,8.6394,-21.4421,4.1258,4.3215,3.8962,3.9828,10
2461230.677907,3.0417,-12.8111,4.1258,4.3215,3.8962,3.9828,10
2461230.706047,12.3924,-21.0316,4.1258,4.3215,3.8962,3.9828,10
2461230.723777,8.0115,-22.8568,4.1258,4.3215,3.8962,3.9828,10
2461230.746077,14.6671,-27.8722,4.1258,4.3215,3.8962,3.9828,10
2461230.765107,8.3255,-26.0735,4.1258,4.3215,3.8962,3.9828,10
2461230.799587,16.4387,-23.6848,4.1258,4.3215,3.8962,3.9828,10
2461231.556317,7.0570,-26.6055,4.1258,4.3215,3.8962,3.9828,10
2461231.607927,12.9554,-14.7357,4.1258,4.3215,3.8962,3.9828,10
2461231.635467,12.2857,-30.4202,4.1258,4.3215,3.8962,3.9828,10
2461231.652197,7.2676,-27.7955,4.1258,4.3215,3.8962,3.9828,10
2461231.690307,16.2493,-18.7217,4.1258,4.3215,3.8962,3.9828,10
2461231.707047,11.3139,-16.9386,4.1258,4.3215,3.8962,3.9828,10
2461231.733897,9.0939,-14.2891,4.1258,4.3215,3.8962,3.9828,10
2461231.736627,6.1948,-18.5573,4.1258,4.3215,3.8962,3.9828,10
2461231.768697,8.1907,-12.9565,4.1258,4.3215,3.8962,3.9828,10
2461231.802627,3.3460,-12.0396,4.1258,4.3215,3.8962,3.9828,10
2461232.544477,6.5186,-13.5901,4.1258,4.3215,3.8962,3.9828,10
2461232.710457,13.7376,-22.5268,4.1258,4.3215,3.8962,3.9828,10
2461233.494747,16.1016,-18.0406,4.1258,4.3215,3.8962,3.9828,10
2461233.511377,13.1008,-12.3349,4.1258,4.3215,3.8962,3.9828,10
2461233.527877,16.0315,-21.8999,4.1258,4.3215,3.8962,3.9828,10
2461233.549297,5.6590,-23.3425,4.1258,4.3215,3.8962,3.9828,10
2461233.565967,13.8562,-14.0328,4.1258,4.3215,3.8962,3.9828,10
2461233.592647,16.8191,-19.1303,4.1258,4.3215,3.8962,3.9828,10
2461233.609517,10.0230,-14.7752,4.1258,4.3215,3.8962,3.9828,10
2461233.626197,7.8371,-25.6933,4.1258,4.3215,3.8962,3.9828,10
2461233.642907,11.8550,-21.2594,4.1258,4.3215,3.8962,3.9828,10
2461233.661037,15.6308,-17.7243,4.1258,4.3215,3.8962,3.9828,10
2461233.681207,9.0004,-28.8275,4.1258,4.3215,3.8962,3.9828,10
2461233.708387,11.7400,-13.7569,4.1258,4.3215,3.8962,3.9828,10
2461233.724997,5.8841,-22.9081,4.1258,4.3215,3.8962,3.9828,10
2461233.741377,18.3488,-27.5727,4.1258,4.3215,3.8962,3.9828,10
2461233.757787,10.2484,-28.7743,4.1258,4.3215,3.8962,3.9828,10
2461233.775317,14.7644,-28.5789,4.1258,4.3215,3.8962,3.9828,10
