# KMT-2026-BLG-0521 / OGLE-2026-BLG-0058, field BLG41, v13 reduction
# calibration star "m16_d31"
# Solution: ~/KMTdata/Results/v13/IFfinal_BLG41.mat
# v13 fits the calibration set 14<I<19, isolated to 2 arcsec, minus 2-sigma RMS outliers: 260 stars, with 6 SysRem components.
# All are freely fitted; Gaia RUWE<1.4 is applied only in the post-hoc tie.
# I_OGLE = 16.75, at pixel (138.7, 178.7), 30.6 pix from the target
# RA, Dec (J2000) = 17:52:38.451 , -31:47:25.04  =  268.160211 , -31.790288 deg
# absolute proper motion (mu_alpha cos d, mu_d) = +3.643, -14.883 mas/yr
#   full six-parameter gauge removed (constant AND linear gradient)
# X_mas, Y_mas: position in mas, proper motion NOT removed, relative to the mean
# errX_decade, errY_decade: this star own residual RMS over the run. Constant.
# errX_season, errY_season: this star own residual RMS within each season.
# season: 1=2016 ... 10=2026 (2020 is dropped as a short stub)
JD,X_mas,Y_mas,errX_decade,errY_decade,errX_season,errY_season,season
2457439.889474,16.3153,55.4608,8.0031,7.4464,8.3678,6.4237,1
2457440.894604,17.3168,61.4199,8.0031,7.4464,8.3678,6.4237,1
2457441.885034,13.9647,51.8223,8.0031,7.4464,8.3678,6.4237,1
2457444.849234,9.9058,51.9695,8.0031,7.4464,8.3678,6.4237,1
2457444.875034,6.4059,60.5709,8.0031,7.4464,8.3678,6.4237,1
2457444.898554,6.2502,56.4234,8.0031,7.4464,8.3678,6.4237,1
2457445.859904,5.4367,53.5734,8.0031,7.4464,8.3678,6.4237,1
2457446.857474,9.0081,57.4765,8.0031,7.4464,8.3678,6.4237,1
2457446.900524,21.4689,58.8004,8.0031,7.4464,8.3678,6.4237,1
2457447.859044,20.2636,48.8167,8.0031,7.4464,8.3678,6.4237,1
2457447.884184,13.2165,50.0688,8.0031,7.4464,8.3678,6.4237,1
2457448.848144,4.8620,51.5044,8.0031,7.4464,8.3678,6.4237,1
2457450.844824,6.4908,51.9296,8.0031,7.4464,8.3678,6.4237,1
2457451.847284,9.8560,58.5639,8.0031,7.4464,8.3678,6.4237,1
2457451.869404,12.5920,47.9305,8.0031,7.4464,8.3678,6.4237,1
2457451.893614,13.9811,51.1009,8.0031,7.4464,8.3678,6.4237,1
2457452.879104,5.1741,60.3570,8.0031,7.4464,8.3678,6.4237,1
2457453.839854,17.7007,44.1367,8.0031,7.4464,8.3678,6.4237,1
2457453.886314,6.0984,53.8775,8.0031,7.4464,8.3678,6.4237,1
2457454.838844,24.9903,50.5694,8.0031,7.4464,8.3678,6.4237,1
2457455.895704,5.6314,47.4291,8.0031,7.4464,8.3678,6.4237,1
2457456.834924,22.1909,51.7077,8.0031,7.4464,8.3678,6.4237,1
2457456.870584,9.0276,52.1127,8.0031,7.4464,8.3678,6.4237,1
2457456.891874,15.5784,43.3597,8.0031,7.4464,8.3678,6.4237,1
2457457.816464,0.9000,55.1012,8.0031,7.4464,8.3678,6.4237,1
2457457.840084,19.6333,55.9517,8.0031,7.4464,8.3678,6.4237,1
2457457.862094,9.6543,54.1526,8.0031,7.4464,8.3678,6.4237,1
2457457.882874,25.6685,53.8453,8.0031,7.4464,8.3678,6.4237,1
2457458.859204,4.3109,50.5097,8.0031,7.4464,8.3678,6.4237,1
2457460.811764,3.8516,48.5675,8.0031,7.4464,8.3678,6.4237,1
2457460.832804,10.7298,44.7600,8.0031,7.4464,8.3678,6.4237,1
2457460.856234,13.3189,59.2666,8.0031,7.4464,8.3678,6.4237,1
2457460.876964,15.9822,47.0762,8.0031,7.4464,8.3678,6.4237,1
2457460.911144,19.9880,55.6968,8.0031,7.4464,8.3678,6.4237,1
2457461.826694,11.3686,48.8590,8.0031,7.4464,8.3678,6.4237,1
2457461.870304,13.2764,47.0272,8.0031,7.4464,8.3678,6.4237,1
2457462.802974,3.7041,50.5324,8.0031,7.4464,8.3678,6.4237,1
2457466.841764,24.3928,53.5546,8.0031,7.4464,8.3678,6.4237,1
2457466.873964,23.4876,53.4084,8.0031,7.4464,8.3678,6.4237,1
2457466.894534,21.3987,49.7933,8.0031,7.4464,8.3678,6.4237,1
2457469.805494,24.5121,58.6011,8.0031,7.4464,8.3678,6.4237,1
2457469.830814,25.8458,58.9388,8.0031,7.4464,8.3678,6.4237,1
2457469.890464,22.1609,56.5428,8.0031,7.4464,8.3678,6.4237,1
2457472.846424,16.1610,47.3849,8.0031,7.4464,8.3678,6.4237,1
2457472.867254,12.8391,50.2395,8.0031,7.4464,8.3678,6.4237,1
2457472.887954,13.9237,50.0870,8.0031,7.4464,8.3678,6.4237,1
2457472.908754,16.0966,54.9191,8.0031,7.4464,8.3678,6.4237,1
2457473.777214,7.3950,45.2082,8.0031,7.4464,8.3678,6.4237,1
2457473.798434,25.5528,60.6951,8.0031,7.4464,8.3678,6.4237,1
2457474.770264,16.6167,47.8835,8.0031,7.4464,8.3678,6.4237,1
2457474.792714,23.3909,41.6374,8.0031,7.4464,8.3678,6.4237,1
2457474.812904,21.2761,48.7219,8.0031,7.4464,8.3678,6.4237,1
2457474.833334,16.4035,49.0274,8.0031,7.4464,8.3678,6.4237,1
2457474.886814,18.2801,52.2535,8.0031,7.4464,8.3678,6.4237,1
2457474.907094,16.2267,50.4178,8.0031,7.4464,8.3678,6.4237,1
2457475.765234,21.6428,62.9958,8.0031,7.4464,8.3678,6.4237,1
2457475.786754,25.9976,54.8811,8.0031,7.4464,8.3678,6.4237,1
2457475.788854,13.8571,42.6053,8.0031,7.4464,8.3678,6.4237,1
2457475.810414,21.7676,56.0676,8.0031,7.4464,8.3678,6.4237,1
2457475.835684,22.8881,61.8602,8.0031,7.4464,8.3678,6.4237,1
2457475.902514,15.6936,50.6669,8.0031,7.4464,8.3678,6.4237,1
2457476.800247,10.6893,61.5156,8.0031,7.4464,8.3678,6.4237,1
2457476.855647,17.7192,51.3114,8.0031,7.4464,8.3678,6.4237,1
2457476.876207,16.7233,56.7868,8.0031,7.4464,8.3678,6.4237,1
2457476.897937,11.6819,55.9289,8.0031,7.4464,8.3678,6.4237,1
2457477.762764,17.5440,55.3026,8.0031,7.4464,8.3678,6.4237,1
2457477.796184,14.7052,54.3925,8.0031,7.4464,8.3678,6.4237,1
2457477.821214,10.0201,47.6077,8.0031,7.4464,8.3678,6.4237,1
2457477.864484,17.5217,51.9060,8.0031,7.4464,8.3678,6.4237,1
2457478.764414,26.3681,58.2253,8.0031,7.4464,8.3678,6.4237,1
2457478.788064,17.3499,57.1477,8.0031,7.4464,8.3678,6.4237,1
2457478.858554,22.1278,59.8626,8.0031,7.4464,8.3678,6.4237,1
2457479.761407,19.4879,53.7180,8.0031,7.4464,8.3678,6.4237,1
2457479.869837,21.3167,57.1824,8.0031,7.4464,8.3678,6.4237,1
2457480.872677,28.4899,42.8588,8.0031,7.4464,8.3678,6.4237,1
2457481.768077,28.2199,52.5541,8.0031,7.4464,8.3678,6.4237,1
2457481.791947,18.1001,51.6291,8.0031,7.4464,8.3678,6.4237,1
2457481.821037,19.5035,58.5219,8.0031,7.4464,8.3678,6.4237,1
2457481.839657,13.1388,52.1784,8.0031,7.4464,8.3678,6.4237,1
2457481.857877,19.4666,50.0812,8.0031,7.4464,8.3678,6.4237,1
2457482.787967,20.6775,61.4392,8.0031,7.4464,8.3678,6.4237,1
2457482.812497,22.1727,43.8709,8.0031,7.4464,8.3678,6.4237,1
2457482.853377,26.7439,49.0083,8.0031,7.4464,8.3678,6.4237,1
2457484.794527,27.8259,46.8782,8.0031,7.4464,8.3678,6.4237,1
2457484.827107,22.1758,38.8422,8.0031,7.4464,8.3678,6.4237,1
2457484.867167,20.1819,39.9311,8.0031,7.4464,8.3678,6.4237,1
2457484.906697,19.4579,52.7107,8.0031,7.4464,8.3678,6.4237,1
2457485.795637,20.0767,45.8720,8.0031,7.4464,8.3678,6.4237,1
2457485.893707,17.3432,38.1805,8.0031,7.4464,8.3678,6.4237,1
2457486.839167,5.8253,59.6150,8.0031,7.4464,8.3678,6.4237,1
2457486.863677,23.2913,53.6376,8.0031,7.4464,8.3678,6.4237,1
2457487.783287,8.0304,39.5887,8.0031,7.4464,8.3678,6.4237,1
2457487.803837,16.8681,42.7886,8.0031,7.4464,8.3678,6.4237,1
2457487.842207,10.0378,44.3439,8.0031,7.4464,8.3678,6.4237,1
2457487.845557,13.9610,43.7597,8.0031,7.4464,8.3678,6.4237,1
2457487.874027,22.1361,50.8650,8.0031,7.4464,8.3678,6.4237,1
2457487.895397,26.9181,52.7841,8.0031,7.4464,8.3678,6.4237,1
2457487.916167,11.8564,41.2513,8.0031,7.4464,8.3678,6.4237,1
2457488.745157,17.6805,55.5771,8.0031,7.4464,8.3678,6.4237,1
2457488.773487,21.4689,51.8296,8.0031,7.4464,8.3678,6.4237,1
2457488.836974,21.8746,53.1756,8.0031,7.4464,8.3678,6.4237,1
2457488.854164,25.1702,52.8004,8.0031,7.4464,8.3678,6.4237,1
2457488.889557,7.7784,49.3525,8.0031,7.4464,8.3678,6.4237,1
2457488.909167,9.3499,52.4860,8.0031,7.4464,8.3678,6.4237,1
2457491.740067,10.7969,56.1707,8.0031,7.4464,8.3678,6.4237,1
2457491.787387,11.7210,44.9739,8.0031,7.4464,8.3678,6.4237,1
2457491.806997,26.2200,46.0766,8.0031,7.4464,8.3678,6.4237,1
2457491.824187,20.0072,40.8609,8.0031,7.4464,8.3678,6.4237,1
2457491.906987,15.6148,58.3900,8.0031,7.4464,8.3678,6.4237,1
2457494.718167,25.6739,45.2396,8.0031,7.4464,8.3678,6.4237,1
2457494.735697,29.0494,55.1613,8.0031,7.4464,8.3678,6.4237,1
2457494.768487,17.6360,46.7641,8.0031,7.4464,8.3678,6.4237,1
2457494.792867,18.4544,42.1585,8.0031,7.4464,8.3678,6.4237,1
2457494.813627,25.3622,51.1027,8.0031,7.4464,8.3678,6.4237,1
2457494.831367,21.3257,47.4359,8.0031,7.4464,8.3678,6.4237,1
2457494.852017,19.9865,52.4822,8.0031,7.4464,8.3678,6.4237,1
2457494.871877,8.8618,43.1088,8.0031,7.4464,8.3678,6.4237,1
2457494.903207,18.4846,45.2203,8.0031,7.4464,8.3678,6.4237,1
2457494.921657,15.4369,55.2003,8.0031,7.4464,8.3678,6.4237,1
2457495.740237,11.6014,40.4155,8.0031,7.4464,8.3678,6.4237,1
2457495.758117,20.6977,48.0973,8.0031,7.4464,8.3678,6.4237,1
2457495.825477,11.1032,44.9742,8.0031,7.4464,8.3678,6.4237,1
2457495.914507,9.5564,37.7691,8.0031,7.4464,8.3678,6.4237,1
2457497.822407,17.7707,48.3779,8.0031,7.4464,8.3678,6.4237,1
2457497.908917,18.0895,45.3349,8.0031,7.4464,8.3678,6.4237,1
2457498.725077,19.8069,49.3124,8.0031,7.4464,8.3678,6.4237,1
2457498.796777,28.2496,58.1606,8.0031,7.4464,8.3678,6.4237,1
2457499.769297,23.3916,55.9181,8.0031,7.4464,8.3678,6.4237,1
2457499.798077,8.3044,53.9949,8.0031,7.4464,8.3678,6.4237,1
2457499.833037,12.9587,57.0412,8.0031,7.4464,8.3678,6.4237,1
2457499.851657,23.0595,55.6397,8.0031,7.4464,8.3678,6.4237,1
2457499.872877,18.4290,59.0713,8.0031,7.4464,8.3678,6.4237,1
2457499.908077,13.4407,53.0408,8.0031,7.4464,8.3678,6.4237,1
2457500.695317,17.7650,58.5090,8.0031,7.4464,8.3678,6.4237,1
2457500.712497,10.8649,50.4192,8.0031,7.4464,8.3678,6.4237,1
2457500.733187,15.6523,47.5043,8.0031,7.4464,8.3678,6.4237,1
2457500.751287,12.7186,47.6512,8.0031,7.4464,8.3678,6.4237,1
2457500.823517,26.2529,57.0350,8.0031,7.4464,8.3678,6.4237,1
2457500.861887,25.2031,50.1832,8.0031,7.4464,8.3678,6.4237,1
2457500.902657,25.1645,56.4110,8.0031,7.4464,8.3678,6.4237,1
2457504.839557,20.2093,47.4043,8.0031,7.4464,8.3678,6.4237,1
2457504.924507,21.2338,57.1932,8.0031,7.4464,8.3678,6.4237,1
2457505.721367,21.4370,58.5604,8.0031,7.4464,8.3678,6.4237,1
2457505.738797,16.8509,47.2369,8.0031,7.4464,8.3678,6.4237,1
2457505.755807,23.8607,58.4852,8.0031,7.4464,8.3678,6.4237,1
2457508.693147,26.6229,41.1805,8.0031,7.4464,8.3678,6.4237,1
2457508.710717,21.8735,38.6471,8.0031,7.4464,8.3678,6.4237,1
2457508.728027,15.7980,59.8572,8.0031,7.4464,8.3678,6.4237,1
2457508.730837,25.1045,50.1768,8.0031,7.4464,8.3678,6.4237,1
2457508.775877,17.4087,45.0561,8.0031,7.4464,8.3678,6.4237,1
2457508.794397,16.2949,55.9619,8.0031,7.4464,8.3678,6.4237,1
2457508.812047,26.5036,45.4962,8.0031,7.4464,8.3678,6.4237,1
2457508.838847,21.0723,51.5892,8.0031,7.4464,8.3678,6.4237,1
2457508.857177,12.3750,40.8770,8.0031,7.4464,8.3678,6.4237,1
2457508.883677,21.6373,43.1223,8.0031,7.4464,8.3678,6.4237,1
2457508.918587,13.5701,48.2941,8.0031,7.4464,8.3678,6.4237,1
2457509.773537,21.4708,56.8858,8.0031,7.4464,8.3678,6.4237,1
2457509.862607,30.8840,60.9834,8.0031,7.4464,8.3678,6.4237,1
2457511.715177,32.8873,55.3769,8.0031,7.4464,8.3678,6.4237,1
2457511.732077,17.5211,56.6110,8.0031,7.4464,8.3678,6.4237,1
2457511.749317,18.4828,49.1860,8.0031,7.4464,8.3678,6.4237,1
2457511.777867,20.0583,44.5049,8.0031,7.4464,8.3678,6.4237,1
2457511.816157,35.9967,51.6225,8.0031,7.4464,8.3678,6.4237,1
2457511.853217,10.9721,58.5200,8.0031,7.4464,8.3678,6.4237,1
2457511.874837,15.1079,56.6031,8.0031,7.4464,8.3678,6.4237,1
2457511.907367,29.5555,55.8467,8.0031,7.4464,8.3678,6.4237,1
2457511.925217,34.1317,58.4721,8.0031,7.4464,8.3678,6.4237,1
2457512.728647,39.6398,49.3430,8.0031,7.4464,8.3678,6.4237,1
2457512.750437,28.0506,53.4572,8.0031,7.4464,8.3678,6.4237,1
2457512.774577,28.8160,59.2811,8.0031,7.4464,8.3678,6.4237,1
2457512.812217,28.8540,60.5069,8.0031,7.4464,8.3678,6.4237,1
2457512.882517,29.8029,46.7804,8.0031,7.4464,8.3678,6.4237,1
2457514.728957,15.8636,48.1241,8.0031,7.4464,8.3678,6.4237,1
2457514.912847,35.6734,41.4244,8.0031,7.4464,8.3678,6.4237,1
2457516.672847,21.2021,47.6640,8.0031,7.4464,8.3678,6.4237,1
2457517.748027,39.4122,60.6694,8.0031,7.4464,8.3678,6.4237,1
2457517.799827,37.2626,61.7683,8.0031,7.4464,8.3678,6.4237,1
2457520.684547,32.5502,50.7719,8.0031,7.4464,8.3678,6.4237,1
2457520.739207,35.1116,47.7454,8.0031,7.4464,8.3678,6.4237,1
2457520.785907,21.3252,52.5618,8.0031,7.4464,8.3678,6.4237,1
2457520.832147,30.7441,50.6703,8.0031,7.4464,8.3678,6.4237,1
2457520.852717,24.3899,46.3408,8.0031,7.4464,8.3678,6.4237,1
2457520.894247,27.4984,62.1513,8.0031,7.4464,8.3678,6.4237,1
2457522.727087,23.2935,40.5018,8.0031,7.4464,8.3678,6.4237,1
2457522.767887,19.0563,42.1989,8.0031,7.4464,8.3678,6.4237,1
2457522.785437,17.0069,58.2502,8.0031,7.4464,8.3678,6.4237,1
2457522.805127,11.6780,47.5675,8.0031,7.4464,8.3678,6.4237,1
2457522.838847,16.9439,52.9778,8.0031,7.4464,8.3678,6.4237,1
2457523.837327,20.6983,48.4806,8.0031,7.4464,8.3678,6.4237,1
2457523.854977,9.9727,51.0460,8.0031,7.4464,8.3678,6.4237,1
2457523.879457,8.1363,45.1551,8.0031,7.4464,8.3678,6.4237,1
2457523.896937,9.4565,55.8189,8.0031,7.4464,8.3678,6.4237,1
2457523.914267,11.2383,54.7493,8.0031,7.4464,8.3678,6.4237,1
2457524.885807,26.8119,40.8388,8.0031,7.4464,8.3678,6.4237,1
2457524.909987,13.2700,61.9850,8.0031,7.4464,8.3678,6.4237,1
2457526.619517,20.8374,55.3949,8.0031,7.4464,8.3678,6.4237,1
2457526.636737,39.2894,39.4794,8.0031,7.4464,8.3678,6.4237,1
2457526.655347,23.1673,57.7314,8.0031,7.4464,8.3678,6.4237,1
2457526.742827,36.7624,45.5371,8.0031,7.4464,8.3678,6.4237,1
2457526.837817,26.8013,51.1981,8.0031,7.4464,8.3678,6.4237,1
2457526.869027,29.6696,55.3457,8.0031,7.4464,8.3678,6.4237,1
2457526.878017,31.8927,62.4251,8.0031,7.4464,8.3678,6.4237,1
2457528.851437,14.8502,47.3518,8.0031,7.4464,8.3678,6.4237,1
2457528.912597,4.7727,57.9720,8.0031,7.4464,8.3678,6.4237,1
2457528.930967,21.0629,44.5789,8.0031,7.4464,8.3678,6.4237,1
2457530.616897,24.2769,46.8515,8.0031,7.4464,8.3678,6.4237,1
2457530.651697,9.7659,46.4132,8.0031,7.4464,8.3678,6.4237,1
2457530.669587,28.9753,42.1994,8.0031,7.4464,8.3678,6.4237,1
2457530.864557,6.7629,49.2395,8.0031,7.4464,8.3678,6.4237,1
2457530.882127,6.0348,45.0099,8.0031,7.4464,8.3678,6.4237,1
2457534.633077,23.9730,49.1350,8.0031,7.4464,8.3678,6.4237,1
2457534.662547,16.3699,51.0032,8.0031,7.4464,8.3678,6.4237,1
2457534.698427,22.3774,61.8135,8.0031,7.4464,8.3678,6.4237,1
2457534.717017,17.5654,48.1175,8.0031,7.4464,8.3678,6.4237,1
2457534.734347,17.1502,43.7628,8.0031,7.4464,8.3678,6.4237,1
2457534.769207,19.7306,46.2252,8.0031,7.4464,8.3678,6.4237,1
2457534.789967,13.5405,44.8407,8.0031,7.4464,8.3678,6.4237,1
2457534.811537,11.0852,55.3022,8.0031,7.4464,8.3678,6.4237,1
2457534.829147,21.6973,50.5192,8.0031,7.4464,8.3678,6.4237,1
2457534.876297,6.1185,57.3080,8.0031,7.4464,8.3678,6.4237,1
2457534.895147,11.5606,49.9083,8.0031,7.4464,8.3678,6.4237,1
2457534.912867,13.4798,40.5192,8.0031,7.4464,8.3678,6.4237,1
2457534.930407,23.2136,56.5721,8.0031,7.4464,8.3678,6.4237,1
2457536.623567,26.9033,50.4407,8.0031,7.4464,8.3678,6.4237,1
2457536.664507,27.5577,49.1731,8.0031,7.4464,8.3678,6.4237,1
2457536.685767,12.3929,49.8170,8.0031,7.4464,8.3678,6.4237,1
2457536.724117,30.5411,62.4015,8.0031,7.4464,8.3678,6.4237,1
2457536.728777,20.0333,44.0706,8.0031,7.4464,8.3678,6.4237,1
2457536.746147,20.0991,40.9632,8.0031,7.4464,8.3678,6.4237,1
2457536.809697,19.3191,40.0828,8.0031,7.4464,8.3678,6.4237,1
2457536.826887,18.5022,52.3797,8.0031,7.4464,8.3678,6.4237,1
2457536.844257,12.4907,40.3030,8.0031,7.4464,8.3678,6.4237,1
2457536.872747,25.2209,56.0721,8.0031,7.4464,8.3678,6.4237,1
2457536.891467,30.3679,46.4889,8.0031,7.4464,8.3678,6.4237,1
2457536.909327,17.0596,54.6995,8.0031,7.4464,8.3678,6.4237,1
2457545.758887,20.4443,46.5358,8.0031,7.4464,8.3678,6.4237,1
2457545.762047,22.8364,56.1120,8.0031,7.4464,8.3678,6.4237,1
2457546.775567,18.4665,53.7609,8.0031,7.4464,8.3678,6.4237,1
2457546.795437,16.3492,45.4039,8.0031,7.4464,8.3678,6.4237,1
2457546.814067,11.2653,45.7098,8.0031,7.4464,8.3678,6.4237,1
2457546.862437,22.8816,59.9437,8.0031,7.4464,8.3678,6.4237,1
2457547.576087,7.8056,47.9484,8.0031,7.4464,8.3678,6.4237,1
2457547.594167,23.2892,56.5706,8.0031,7.4464,8.3678,6.4237,1
2457547.611987,20.3771,47.1313,8.0031,7.4464,8.3678,6.4237,1
2457547.662797,19.6210,42.6952,8.0031,7.4464,8.3678,6.4237,1
2457547.680367,20.4164,38.3908,8.0031,7.4464,8.3678,6.4237,1
2457547.741427,17.4224,41.6996,8.0031,7.4464,8.3678,6.4237,1
2457547.769937,13.7801,36.9923,8.0031,7.4464,8.3678,6.4237,1
2457547.887917,13.7530,38.1072,8.0031,7.4464,8.3678,6.4237,1
2457548.611727,11.7874,47.7855,8.0031,7.4464,8.3678,6.4237,1
2457548.630097,17.8094,48.0939,8.0031,7.4464,8.3678,6.4237,1
2457548.678917,12.0027,58.5720,8.0031,7.4464,8.3678,6.4237,1
2457548.704844,21.3868,41.2225,8.0031,7.4464,8.3678,6.4237,1
2457548.762454,13.0988,51.1712,8.0031,7.4464,8.3678,6.4237,1
2457548.827877,13.0557,45.5414,8.0031,7.4464,8.3678,6.4237,1
2457549.678437,20.7874,51.6403,8.0031,7.4464,8.3678,6.4237,1
2457549.717867,18.8442,48.6165,8.0031,7.4464,8.3678,6.4237,1
2457549.736337,16.3438,60.2873,8.0031,7.4464,8.3678,6.4237,1
2457549.786007,17.8488,43.5267,8.0031,7.4464,8.3678,6.4237,1
2457549.801607,11.8644,40.8932,8.0031,7.4464,8.3678,6.4237,1
2457549.855937,18.4472,39.7641,8.0031,7.4464,8.3678,6.4237,1
2457549.875707,19.2325,39.6332,8.0031,7.4464,8.3678,6.4237,1
2457550.822617,17.3067,44.8538,8.0031,7.4464,8.3678,6.4237,1
2457550.840357,9.2765,55.7001,8.0031,7.4464,8.3678,6.4237,1
2457550.857887,7.7248,52.5643,8.0031,7.4464,8.3678,6.4237,1
2457551.651987,14.7025,44.5349,8.0031,7.4464,8.3678,6.4237,1
2457551.682527,29.8504,42.8039,8.0031,7.4464,8.3678,6.4237,1
2457551.701347,16.5711,51.9345,8.0031,7.4464,8.3678,6.4237,1
2457551.723607,12.0966,49.1360,8.0031,7.4464,8.3678,6.4237,1
2457551.776287,19.6763,46.6649,8.0031,7.4464,8.3678,6.4237,1
2457554.573027,16.6100,51.1906,8.0031,7.4464,8.3678,6.4237,1
2457554.593937,13.9370,48.3782,8.0031,7.4464,8.3678,6.4237,1
2457554.611437,12.2791,54.6783,8.0031,7.4464,8.3678,6.4237,1
2457554.629067,27.3207,43.4389,8.0031,7.4464,8.3678,6.4237,1
2457554.658527,20.8240,54.0928,8.0031,7.4464,8.3678,6.4237,1
2457554.804137,19.2727,49.8844,8.0031,7.4464,8.3678,6.4237,1
2457554.824347,10.6218,37.2754,8.0031,7.4464,8.3678,6.4237,1
2457555.540957,19.8171,53.2543,8.0031,7.4464,8.3678,6.4237,1
2457555.585247,11.7247,51.1677,8.0031,7.4464,8.3678,6.4237,1
2457555.635967,19.3539,54.5108,8.0031,7.4464,8.3678,6.4237,1
2457555.655697,14.7858,49.8382,8.0031,7.4464,8.3678,6.4237,1
2457555.695907,10.9234,44.9267,8.0031,7.4464,8.3678,6.4237,1
2457555.716347,18.1316,52.5950,8.0031,7.4464,8.3678,6.4237,1
2457555.734437,12.6006,42.0970,8.0031,7.4464,8.3678,6.4237,1
2457555.762317,19.1632,38.4104,8.0031,7.4464,8.3678,6.4237,1
2457555.783077,16.7569,47.2333,8.0031,7.4464,8.3678,6.4237,1
2457555.808327,18.6659,55.8105,8.0031,7.4464,8.3678,6.4237,1
2457555.825807,17.8101,46.1213,8.0031,7.4464,8.3678,6.4237,1
2457555.843767,23.8184,43.0979,8.0031,7.4464,8.3678,6.4237,1
2457556.725667,26.5303,48.7216,8.0031,7.4464,8.3678,6.4237,1
2457557.549017,29.3590,52.8253,8.0031,7.4464,8.3678,6.4237,1
2457557.578567,14.6973,54.1311,8.0031,7.4464,8.3678,6.4237,1
2457557.613357,9.7947,44.6784,8.0031,7.4464,8.3678,6.4237,1
2457557.631197,21.3977,51.2264,8.0031,7.4464,8.3678,6.4237,1
2457557.648427,14.2071,47.9621,8.0031,7.4464,8.3678,6.4237,1
2457557.678347,13.4535,54.3095,8.0031,7.4464,8.3678,6.4237,1
2457557.698547,23.6084,47.9406,8.0031,7.4464,8.3678,6.4237,1
2457557.736017,14.9990,52.5498,8.0031,7.4464,8.3678,6.4237,1
2457557.753157,19.4542,54.1627,8.0031,7.4464,8.3678,6.4237,1
2457557.771117,22.4585,52.5101,8.0031,7.4464,8.3678,6.4237,1
2457557.818817,13.3830,46.3988,8.0031,7.4464,8.3678,6.4237,1
2457557.836867,22.5240,57.8312,8.0031,7.4464,8.3678,6.4237,1
2457557.857587,19.4371,40.4345,8.0031,7.4464,8.3678,6.4237,1
2457558.671577,24.5168,59.4691,8.0031,7.4464,8.3678,6.4237,1
2457558.691127,25.0070,55.7603,8.0031,7.4464,8.3678,6.4237,1
2457561.556857,21.4436,42.0385,8.0031,7.4464,8.3678,6.4237,1
2457561.680667,20.0394,50.0232,8.0031,7.4464,8.3678,6.4237,1
2457561.701797,24.0003,52.8408,8.0031,7.4464,8.3678,6.4237,1
2457561.720247,17.6157,43.0519,8.0031,7.4464,8.3678,6.4237,1
2457561.737457,13.2849,43.2202,8.0031,7.4464,8.3678,6.4237,1
2457561.754817,17.1080,53.1425,8.0031,7.4464,8.3678,6.4237,1
2457561.772497,20.5999,54.9353,8.0031,7.4464,8.3678,6.4237,1
2457562.555987,20.9361,49.5261,8.0031,7.4464,8.3678,6.4237,1
2457566.556597,13.4261,56.2030,8.0031,7.4464,8.3678,6.4237,1
2457566.577687,7.2638,40.9937,8.0031,7.4464,8.3678,6.4237,1
2457566.668077,11.6992,47.4415,8.0031,7.4464,8.3678,6.4237,1
2457566.796177,15.7692,47.1242,8.0031,7.4464,8.3678,6.4237,1
2457567.570617,17.5255,52.0528,8.0031,7.4464,8.3678,6.4237,1
2457567.593877,25.6061,53.5624,8.0031,7.4464,8.3678,6.4237,1
2457567.635857,20.9127,45.6048,8.0031,7.4464,8.3678,6.4237,1
2457567.653997,17.5605,57.4973,8.0031,7.4464,8.3678,6.4237,1
2457567.674037,10.0825,44.3090,8.0031,7.4464,8.3678,6.4237,1
2457567.704967,15.6374,47.3017,8.0031,7.4464,8.3678,6.4237,1
2457567.722297,18.9710,48.7276,8.0031,7.4464,8.3678,6.4237,1
2457567.741127,17.3046,60.8337,8.0031,7.4464,8.3678,6.4237,1
2457567.779817,7.2327,42.4510,8.0031,7.4464,8.3678,6.4237,1
2457567.807717,19.9059,57.2462,8.0031,7.4464,8.3678,6.4237,1
2457568.531517,28.4916,54.9766,8.0031,7.4464,8.3678,6.4237,1
2457568.594067,27.0025,42.6477,8.0031,7.4464,8.3678,6.4237,1
2457568.614377,18.7110,43.4703,8.0031,7.4464,8.3678,6.4237,1
2457568.631977,18.2747,44.3925,8.0031,7.4464,8.3678,6.4237,1
2457568.649307,21.8861,61.2088,8.0031,7.4464,8.3678,6.4237,1
2457568.681077,8.5610,36.4590,8.0031,7.4464,8.3678,6.4237,1
2457568.776147,23.0277,45.8629,8.0031,7.4464,8.3678,6.4237,1
2457569.610847,13.6826,41.8013,8.0031,7.4464,8.3678,6.4237,1
2457569.630207,16.5189,56.4771,8.0031,7.4464,8.3678,6.4237,1
2457569.647837,27.9072,43.8291,8.0031,7.4464,8.3678,6.4237,1
2457569.731547,15.3199,50.1175,8.0031,7.4464,8.3678,6.4237,1
2457569.749367,26.1215,39.0490,8.0031,7.4464,8.3678,6.4237,1
2457569.814547,28.9800,47.1339,8.0031,7.4464,8.3678,6.4237,1
2457570.694437,15.8842,55.3984,8.0031,7.4464,8.3678,6.4237,1
2457570.711577,24.1724,55.9259,8.0031,7.4464,8.3678,6.4237,1
2457570.739847,19.7173,57.4680,8.0031,7.4464,8.3678,6.4237,1
2457570.796927,22.3236,41.5044,8.0031,7.4464,8.3678,6.4237,1
2457575.637637,19.2979,48.5632,8.0031,7.4464,8.3678,6.4237,1
2457575.678187,12.9193,41.0834,8.0031,7.4464,8.3678,6.4237,1
2457575.703797,15.9597,48.6773,8.0031,7.4464,8.3678,6.4237,1
2457575.723127,18.3815,41.4674,8.0031,7.4464,8.3678,6.4237,1
2457575.745927,20.8154,62.6310,8.0031,7.4464,8.3678,6.4237,1
2457575.765337,14.1609,39.3092,8.0031,7.4464,8.3678,6.4237,1
2457575.814077,11.5158,50.9421,8.0031,7.4464,8.3678,6.4237,1
2457576.553797,19.3664,47.9946,8.0031,7.4464,8.3678,6.4237,1
2457576.643397,13.5830,41.8721,8.0031,7.4464,8.3678,6.4237,1
2457576.691967,14.1871,36.9204,8.0031,7.4464,8.3678,6.4237,1
2457576.695017,7.1638,40.7418,8.0031,7.4464,8.3678,6.4237,1
2457576.747417,17.8005,53.5537,8.0031,7.4464,8.3678,6.4237,1
2457576.765117,10.8749,41.5201,8.0031,7.4464,8.3678,6.4237,1
2457584.626577,20.1561,44.3218,8.0031,7.4464,8.3678,6.4237,1
2457584.663337,6.7180,47.3675,8.0031,7.4464,8.3678,6.4237,1
2457584.735997,12.8022,54.4059,8.0031,7.4464,8.3678,6.4237,1
2457584.773527,5.2700,60.3070,8.0031,7.4464,8.3678,6.4237,1
2457585.528537,16.8582,44.6941,8.0031,7.4464,8.3678,6.4237,1
2457585.637157,25.7356,48.7451,8.0031,7.4464,8.3678,6.4237,1
2457585.692697,5.4968,44.1001,8.0031,7.4464,8.3678,6.4237,1
2457589.743487,18.7440,35.9047,8.0031,7.4464,8.3678,6.4237,1
2457589.761097,23.6281,38.0486,8.0031,7.4464,8.3678,6.4237,1
2457590.485527,9.8204,43.7583,8.0031,7.4464,8.3678,6.4237,1
2457590.544377,9.9833,55.4780,8.0031,7.4464,8.3678,6.4237,1
2457590.562067,17.1766,43.5586,8.0031,7.4464,8.3678,6.4237,1
2457590.597857,23.4896,58.4778,8.0031,7.4464,8.3678,6.4237,1
2457590.619527,22.9501,46.6460,8.0031,7.4464,8.3678,6.4237,1
2457590.665957,21.8217,52.3950,8.0031,7.4464,8.3678,6.4237,1
2457590.683387,16.6606,45.6194,8.0031,7.4464,8.3678,6.4237,1
2457590.741217,15.9759,58.3651,8.0031,7.4464,8.3678,6.4237,1
2457591.493407,12.5230,62.1655,8.0031,7.4464,8.3678,6.4237,1
2457591.510857,24.8268,38.5223,8.0031,7.4464,8.3678,6.4237,1
2457591.529887,14.5340,37.3917,8.0031,7.4464,8.3678,6.4237,1
2457591.547307,12.8627,32.7917,8.0031,7.4464,8.3678,6.4237,1
2457591.594277,17.4378,45.6939,8.0031,7.4464,8.3678,6.4237,1
2457591.639947,15.0381,44.4018,8.0031,7.4464,8.3678,6.4237,1
2457591.675017,15.0794,36.2279,8.0031,7.4464,8.3678,6.4237,1
2457591.722977,17.7145,46.5842,8.0031,7.4464,8.3678,6.4237,1
2457593.494987,14.4411,56.2761,8.0031,7.4464,8.3678,6.4237,1
2457593.523687,25.0472,49.0775,8.0031,7.4464,8.3678,6.4237,1
2457593.541197,18.5430,38.9220,8.0031,7.4464,8.3678,6.4237,1
2457596.503157,28.6467,37.6674,8.0031,7.4464,8.3678,6.4237,1
2457596.521097,12.3826,41.7706,8.0031,7.4464,8.3678,6.4237,1
2457596.538477,28.3392,53.1567,8.0031,7.4464,8.3678,6.4237,1
2457597.509757,21.2162,46.3809,8.0031,7.4464,8.3678,6.4237,1
2457597.527357,24.9110,60.7566,8.0031,7.4464,8.3678,6.4237,1
2457597.544967,30.1753,54.7443,8.0031,7.4464,8.3678,6.4237,1
2457597.563177,15.3044,38.9205,8.0031,7.4464,8.3678,6.4237,1
2457597.611307,7.5694,46.7058,8.0031,7.4464,8.3678,6.4237,1
2457597.628447,18.6127,44.1086,8.0031,7.4464,8.3678,6.4237,1
2457597.646167,8.0387,58.3650,8.0031,7.4464,8.3678,6.4237,1
2457597.666627,17.9905,56.9077,8.0031,7.4464,8.3678,6.4237,1
2457597.685527,27.5198,50.5790,8.0031,7.4464,8.3678,6.4237,1
2457597.732327,28.1909,46.5694,8.0031,7.4464,8.3678,6.4237,1
2457597.751437,30.7975,51.1225,8.0031,7.4464,8.3678,6.4237,1
2457598.482297,22.1641,35.5516,8.0031,7.4464,8.3678,6.4237,1
2457598.501627,29.6280,53.3101,8.0031,7.4464,8.3678,6.4237,1
2457598.568167,19.3019,54.0301,8.0031,7.4464,8.3678,6.4237,1
2457598.589027,17.0599,58.3322,8.0031,7.4464,8.3678,6.4237,1
2457598.607637,21.1040,46.7211,8.0031,7.4464,8.3678,6.4237,1
2457598.625117,25.1805,51.5328,8.0031,7.4464,8.3678,6.4237,1
2457598.675887,16.3808,33.8764,8.0031,7.4464,8.3678,6.4237,1
2457599.504227,22.7261,44.2875,8.0031,7.4464,8.3678,6.4237,1
2457599.523417,19.7197,45.5223,8.0031,7.4464,8.3678,6.4237,1
2457599.609407,26.0547,56.0011,8.0031,7.4464,8.3678,6.4237,1
2457599.646367,23.4429,48.0986,8.0031,7.4464,8.3678,6.4237,1
2457599.663827,9.7897,40.5960,8.0031,7.4464,8.3678,6.4237,1
2457599.684787,9.3673,33.5987,8.0031,7.4464,8.3678,6.4237,1
2457599.734047,6.1299,37.7750,8.0031,7.4464,8.3678,6.4237,1
2457600.622987,13.1306,47.9334,8.0031,7.4464,8.3678,6.4237,1
2457600.641747,23.9724,37.7999,8.0031,7.4464,8.3678,6.4237,1
2457600.729707,18.7404,48.5921,8.0031,7.4464,8.3678,6.4237,1
2457600.748417,20.1786,56.6129,8.0031,7.4464,8.3678,6.4237,1
2457601.493047,21.5400,47.7602,8.0031,7.4464,8.3678,6.4237,1
2457601.510727,16.8035,53.1112,8.0031,7.4464,8.3678,6.4237,1
2457601.557227,17.5009,43.3953,8.0031,7.4464,8.3678,6.4237,1
2457601.584397,25.2198,51.7390,8.0031,7.4464,8.3678,6.4237,1
2457601.602147,21.0270,38.5022,8.0031,7.4464,8.3678,6.4237,1
2457601.619617,32.1103,46.2712,8.0031,7.4464,8.3678,6.4237,1
2457601.638797,14.0447,51.8313,8.0031,7.4464,8.3678,6.4237,1
2457601.656197,30.5815,39.5150,8.0031,7.4464,8.3678,6.4237,1
2457601.685077,10.9937,48.1484,8.0031,7.4464,8.3678,6.4237,1
2457601.738037,25.3237,38.9205,8.0031,7.4464,8.3678,6.4237,1
2457602.480957,14.3511,49.1886,8.0031,7.4464,8.3678,6.4237,1
2457602.498677,7.9761,43.8859,8.0031,7.4464,8.3678,6.4237,1
2457602.603327,22.5597,39.9416,8.0031,7.4464,8.3678,6.4237,1
2457602.650447,12.1517,49.8101,8.0031,7.4464,8.3678,6.4237,1
2457602.676707,18.4624,37.6191,8.0031,7.4464,8.3678,6.4237,1
2457603.500987,13.4704,44.8803,8.0031,7.4464,8.3678,6.4237,1
2457603.518807,17.8634,41.5056,8.0031,7.4464,8.3678,6.4237,1
2457603.554337,8.8974,51.7748,8.0031,7.4464,8.3678,6.4237,1
2457603.637187,8.0994,36.9852,8.0031,7.4464,8.3678,6.4237,1
2457603.654707,10.4471,41.4072,8.0031,7.4464,8.3678,6.4237,1
2457603.674037,20.0084,46.4834,8.0031,7.4464,8.3678,6.4237,1
2457603.702217,26.4243,34.5617,8.0031,7.4464,8.3678,6.4237,1
2457605.544387,18.9491,48.8036,8.0031,7.4464,8.3678,6.4237,1
2457605.613087,12.6774,52.7111,8.0031,7.4464,8.3678,6.4237,1
2457605.648697,9.0102,43.1699,8.0031,7.4464,8.3678,6.4237,1
2457605.666747,24.7560,48.9749,8.0031,7.4464,8.3678,6.4237,1
2457605.712727,20.4037,53.5007,8.0031,7.4464,8.3678,6.4237,1
2457605.730267,27.0103,58.7764,8.0031,7.4464,8.3678,6.4237,1
2457606.465737,25.3388,61.8505,8.0031,7.4464,8.3678,6.4237,1
2457606.483397,17.6315,43.0819,8.0031,7.4464,8.3678,6.4237,1
2457606.531157,11.5509,41.6834,8.0031,7.4464,8.3678,6.4237,1
2457606.548797,12.8693,41.1915,8.0031,7.4464,8.3678,6.4237,1
2457606.587347,10.0587,41.9333,8.0031,7.4464,8.3678,6.4237,1
2457606.595217,12.4950,40.2132,8.0031,7.4464,8.3678,6.4237,1
2457606.698527,28.3367,55.2898,8.0031,7.4464,8.3678,6.4237,1
2457606.733757,22.4218,43.2273,8.0031,7.4464,8.3678,6.4237,1
2457607.513377,10.2536,50.8166,8.0031,7.4464,8.3678,6.4237,1
2457607.558817,19.1411,40.7659,8.0031,7.4464,8.3678,6.4237,1
2457607.576077,12.8959,39.3951,8.0031,7.4464,8.3678,6.4237,1
2457607.605607,14.0753,42.0364,8.0031,7.4464,8.3678,6.4237,1
2457607.623597,10.8399,51.3689,8.0031,7.4464,8.3678,6.4237,1
2457607.660077,5.2639,55.0471,8.0031,7.4464,8.3678,6.4237,1
2457608.465537,19.8396,43.6778,8.0031,7.4464,8.3678,6.4237,1
2457608.483077,19.3621,41.2120,8.0031,7.4464,8.3678,6.4237,1
2457608.503187,8.8853,37.9157,8.0031,7.4464,8.3678,6.4237,1
2457608.540337,9.6746,44.2952,8.0031,7.4464,8.3678,6.4237,1
2457608.631687,6.1587,50.6010,8.0031,7.4464,8.3678,6.4237,1
2457608.649537,27.4294,49.8776,8.0031,7.4464,8.3678,6.4237,1
2457608.711367,13.2617,39.9807,8.0031,7.4464,8.3678,6.4237,1
2457609.465907,14.9280,55.7121,8.0031,7.4464,8.3678,6.4237,1
2457609.540577,16.3183,40.7262,8.0031,7.4464,8.3678,6.4237,1
2457609.584397,22.0043,41.0308,8.0031,7.4464,8.3678,6.4237,1
2457609.602227,15.5667,52.9520,8.0031,7.4464,8.3678,6.4237,1
2457609.624807,15.4745,40.7923,8.0031,7.4464,8.3678,6.4237,1
2457609.674097,9.9788,39.8422,8.0031,7.4464,8.3678,6.4237,1
2457610.470477,25.5647,50.1558,8.0031,7.4464,8.3678,6.4237,1
2457610.518237,23.4483,35.4055,8.0031,7.4464,8.3678,6.4237,1
2457610.535637,11.7378,58.8171,8.0031,7.4464,8.3678,6.4237,1
2457610.555327,16.8299,50.3812,8.0031,7.4464,8.3678,6.4237,1
2457610.606317,17.4738,39.4648,8.0031,7.4464,8.3678,6.4237,1
2457610.655937,17.9442,58.2602,8.0031,7.4464,8.3678,6.4237,1
2457610.673677,23.2691,49.2639,8.0031,7.4464,8.3678,6.4237,1
2457610.691227,17.3560,55.6576,8.0031,7.4464,8.3678,6.4237,1
2457610.709257,21.1270,60.9168,8.0031,7.4464,8.3678,6.4237,1
2457611.485647,24.7647,54.7677,8.0031,7.4464,8.3678,6.4237,1
2457611.579977,20.0444,45.7419,8.0031,7.4464,8.3678,6.4237,1
2457611.599337,27.6087,57.8982,8.0031,7.4464,8.3678,6.4237,1
2457611.617687,20.0915,44.9916,8.0031,7.4464,8.3678,6.4237,1
2457611.635747,14.4194,57.8445,8.0031,7.4464,8.3678,6.4237,1
2457611.653827,13.0586,38.2074,8.0031,7.4464,8.3678,6.4237,1
2457612.487107,18.6040,59.4160,8.0031,7.4464,8.3678,6.4237,1
2457612.505077,20.8118,53.6704,8.0031,7.4464,8.3678,6.4237,1
2457612.533667,15.1521,53.9284,8.0031,7.4464,8.3678,6.4237,1
2457612.551677,19.2435,53.6356,8.0031,7.4464,8.3678,6.4237,1
2457612.571987,12.3871,48.7410,8.0031,7.4464,8.3678,6.4237,1
2457612.639207,6.6899,47.7614,8.0031,7.4464,8.3678,6.4237,1
2457612.656977,17.7750,42.6444,8.0031,7.4464,8.3678,6.4237,1
2457612.674567,11.6699,57.8107,8.0031,7.4464,8.3678,6.4237,1
2457612.692437,14.7540,49.4666,8.0031,7.4464,8.3678,6.4237,1
2457613.489207,15.5011,51.9035,8.0031,7.4464,8.3678,6.4237,1
2457613.508007,16.9030,49.2470,8.0031,7.4464,8.3678,6.4237,1
2457613.530937,29.7774,39.2956,8.0031,7.4464,8.3678,6.4237,1
2457613.550217,20.7907,56.4951,8.0031,7.4464,8.3678,6.4237,1
2457613.569127,9.2904,55.5394,8.0031,7.4464,8.3678,6.4237,1
2457613.587797,18.7846,35.5520,8.0031,7.4464,8.3678,6.4237,1
2457613.634977,13.5592,54.8765,8.0031,7.4464,8.3678,6.4237,1
2457614.500827,18.9874,52.6507,8.0031,7.4464,8.3678,6.4237,1
2457616.481637,23.2923,55.1698,8.0031,7.4464,8.3678,6.4237,1
2457616.499037,8.0904,57.7092,8.0031,7.4464,8.3678,6.4237,1
2457616.521227,13.6850,57.1100,8.0031,7.4464,8.3678,6.4237,1
2457616.550587,19.1034,52.5917,8.0031,7.4464,8.3678,6.4237,1
2457616.568007,11.6919,54.7248,8.0031,7.4464,8.3678,6.4237,1
2457616.585637,21.2945,50.3916,8.0031,7.4464,8.3678,6.4237,1
2457616.595957,20.9934,43.3514,8.0031,7.4464,8.3678,6.4237,1
2457616.614247,20.1563,54.8714,8.0031,7.4464,8.3678,6.4237,1
2457616.631687,23.9609,53.1303,8.0031,7.4464,8.3678,6.4237,1
2457616.661807,12.6379,47.3445,8.0031,7.4464,8.3678,6.4237,1
2457616.679967,6.8583,50.0479,8.0031,7.4464,8.3678,6.4237,1
2457616.697607,16.6944,57.5768,8.0031,7.4464,8.3678,6.4237,1
2457617.475197,20.7344,50.3758,8.0031,7.4464,8.3678,6.4237,1
2457617.556697,17.1308,45.5610,8.0031,7.4464,8.3678,6.4237,1
2457617.574637,23.1682,56.4826,8.0031,7.4464,8.3678,6.4237,1
2457617.592567,18.2870,42.0719,8.0031,7.4464,8.3678,6.4237,1
2457617.611597,28.0755,53.7725,8.0031,7.4464,8.3678,6.4237,1
2457617.629337,19.6814,47.6438,8.0031,7.4464,8.3678,6.4237,1
2457617.673487,26.5049,46.4909,8.0031,7.4464,8.3678,6.4237,1
2457617.691147,18.7064,47.3871,8.0031,7.4464,8.3678,6.4237,1
2457618.471017,20.5058,49.5048,8.0031,7.4464,8.3678,6.4237,1
2457618.488787,16.0982,54.1819,8.0031,7.4464,8.3678,6.4237,1
2457618.524347,25.2334,60.7685,8.0031,7.4464,8.3678,6.4237,1
2457618.554567,25.2794,46.8624,8.0031,7.4464,8.3678,6.4237,1
2457618.572687,16.4265,54.1766,8.0031,7.4464,8.3678,6.4237,1
2457618.590247,12.1276,42.4270,8.0031,7.4464,8.3678,6.4237,1
2457618.607837,18.9230,50.7492,8.0031,7.4464,8.3678,6.4237,1
2457618.625477,18.1451,43.0516,8.0031,7.4464,8.3678,6.4237,1
2457618.672487,23.7934,51.2158,8.0031,7.4464,8.3678,6.4237,1
2457618.690177,19.5665,47.1198,8.0031,7.4464,8.3678,6.4237,1
2457619.480907,18.7159,54.7821,8.0031,7.4464,8.3678,6.4237,1
2457619.499007,19.2795,45.1955,8.0031,7.4464,8.3678,6.4237,1
2457619.654087,23.9425,44.4095,8.0031,7.4464,8.3678,6.4237,1
2457620.600757,10.1515,56.2655,8.0031,7.4464,8.3678,6.4237,1
2457621.481577,9.9501,39.1719,8.0031,7.4464,8.3678,6.4237,1
2457621.499197,23.3300,53.6240,8.0031,7.4464,8.3678,6.4237,1
2457621.528667,10.4490,45.1544,8.0031,7.4464,8.3678,6.4237,1
2457621.548027,17.4998,50.0980,8.0031,7.4464,8.3678,6.4237,1
2457621.603497,21.3651,51.6614,8.0031,7.4464,8.3678,6.4237,1
2457621.634157,16.5748,50.8772,8.0031,7.4464,8.3678,6.4237,1
2457622.477977,22.0553,49.5223,8.0031,7.4464,8.3678,6.4237,1
2457622.530877,15.3477,42.1181,8.0031,7.4464,8.3678,6.4237,1
2457622.568577,10.2149,41.9356,8.0031,7.4464,8.3678,6.4237,1
2457622.586227,14.4716,53.6663,8.0031,7.4464,8.3678,6.4237,1
2457623.472767,19.5257,48.3669,8.0031,7.4464,8.3678,6.4237,1
2457623.577977,7.7351,39.9822,8.0031,7.4464,8.3678,6.4237,1
2457624.470647,23.0120,46.8089,8.0031,7.4464,8.3678,6.4237,1
2457624.544377,16.6357,53.6334,8.0031,7.4464,8.3678,6.4237,1
2457624.582157,15.3743,54.6825,8.0031,7.4464,8.3678,6.4237,1
2457624.617907,9.0151,35.5550,8.0031,7.4464,8.3678,6.4237,1
2457625.491237,22.6305,47.0033,8.0031,7.4464,8.3678,6.4237,1
2457625.533187,26.7314,56.5306,8.0031,7.4464,8.3678,6.4237,1
2457625.581567,31.4041,58.4162,8.0031,7.4464,8.3678,6.4237,1
2457625.617707,18.7614,45.4714,8.0031,7.4464,8.3678,6.4237,1
2457626.472327,15.1752,50.8233,8.0031,7.4464,8.3678,6.4237,1
2457626.508637,25.2358,50.5445,8.0031,7.4464,8.3678,6.4237,1
2457626.526877,14.6099,40.1342,8.0031,7.4464,8.3678,6.4237,1
2457626.574057,20.5634,39.1738,8.0031,7.4464,8.3678,6.4237,1
2457626.595207,26.7833,37.6409,8.0031,7.4464,8.3678,6.4237,1
2457626.639217,14.2745,36.7465,8.0031,7.4464,8.3678,6.4237,1
2457630.468777,18.4076,56.3762,8.0031,7.4464,8.3678,6.4237,1
2457630.486497,20.8213,45.6384,8.0031,7.4464,8.3678,6.4237,1
2457630.534287,10.8458,39.9001,8.0031,7.4464,8.3678,6.4237,1
2457630.554507,20.8188,47.6177,8.0031,7.4464,8.3678,6.4237,1
2457630.577517,20.3146,40.3570,8.0031,7.4464,8.3678,6.4237,1
2457630.596167,23.3166,33.3738,8.0031,7.4464,8.3678,6.4237,1
2457630.644557,14.7569,44.2803,8.0031,7.4464,8.3678,6.4237,1
2457630.663717,15.8233,35.2420,8.0031,7.4464,8.3678,6.4237,1
2457631.476077,14.9809,42.3192,8.0031,7.4464,8.3678,6.4237,1
2457631.516427,15.2986,38.4051,8.0031,7.4464,8.3678,6.4237,1
2457631.535267,15.8908,43.3098,8.0031,7.4464,8.3678,6.4237,1
2457632.596927,34.4631,47.5265,8.0031,7.4464,8.3678,6.4237,1
2457632.614307,25.8460,40.4811,8.0031,7.4464,8.3678,6.4237,1
2457632.634187,24.3806,47.0717,8.0031,7.4464,8.3678,6.4237,1
2457633.588417,12.2734,40.6121,8.0031,7.4464,8.3678,6.4237,1
2457633.606637,25.3907,47.8945,8.0031,7.4464,8.3678,6.4237,1
2457633.626187,27.7560,42.3056,8.0031,7.4464,8.3678,6.4237,1
2457635.505667,22.0507,43.3161,8.0031,7.4464,8.3678,6.4237,1
2457636.485227,22.0971,45.0250,8.0031,7.4464,8.3678,6.4237,1
2457637.483797,17.6036,47.3487,8.0031,7.4464,8.3678,6.4237,1
2457637.520397,23.2247,45.6124,8.0031,7.4464,8.3678,6.4237,1
2457637.538147,18.4714,38.9834,8.0031,7.4464,8.3678,6.4237,1
2457637.556517,11.0062,49.2684,8.0031,7.4464,8.3678,6.4237,1
2457638.491147,24.2840,57.8402,8.0031,7.4464,8.3678,6.4237,1
2457638.508737,7.3776,39.0829,8.0031,7.4464,8.3678,6.4237,1
2457638.538117,30.1405,44.7660,8.0031,7.4464,8.3678,6.4237,1
2457638.555647,21.8640,39.6346,8.0031,7.4464,8.3678,6.4237,1
2457638.574067,6.3046,50.5175,8.0031,7.4464,8.3678,6.4237,1
2457638.598607,21.1740,45.2003,8.0031,7.4464,8.3678,6.4237,1
2457638.617707,10.5805,45.7940,8.0031,7.4464,8.3678,6.4237,1
2457639.488657,24.8103,55.4734,8.0031,7.4464,8.3678,6.4237,1
2457639.506387,11.4166,46.4944,8.0031,7.4464,8.3678,6.4237,1
2457639.524107,24.9134,48.4141,8.0031,7.4464,8.3678,6.4237,1
2457639.542017,13.8920,47.6503,8.0031,7.4464,8.3678,6.4237,1
2457639.559657,8.4512,44.9913,8.0031,7.4464,8.3678,6.4237,1
2457639.588427,22.4610,47.9666,8.0031,7.4464,8.3678,6.4237,1
2457639.606057,10.8930,51.8958,8.0031,7.4464,8.3678,6.4237,1
2457639.623507,11.0814,31.9131,8.0031,7.4464,8.3678,6.4237,1
2457640.504657,29.0335,59.3542,8.0031,7.4464,8.3678,6.4237,1
2457640.534917,25.0729,39.4309,8.0031,7.4464,8.3678,6.4237,1
2457640.552447,25.5085,45.0697,8.0031,7.4464,8.3678,6.4237,1
2457640.570347,22.7646,52.8512,8.0031,7.4464,8.3678,6.4237,1
2457640.587927,22.3936,45.9792,8.0031,7.4464,8.3678,6.4237,1
2457640.605447,22.0781,54.1597,8.0031,7.4464,8.3678,6.4237,1
2457640.632807,15.4448,42.4746,8.0031,7.4464,8.3678,6.4237,1
2457641.489187,24.6852,46.2923,8.0031,7.4464,8.3678,6.4237,1
2457641.506867,23.2717,49.0646,8.0031,7.4464,8.3678,6.4237,1
2457641.535987,5.1804,57.1306,8.0031,7.4464,8.3678,6.4237,1
2457641.582827,21.7411,47.5587,8.0031,7.4464,8.3678,6.4237,1
2457641.618737,23.3056,46.1895,8.0031,7.4464,8.3678,6.4237,1
2457642.479737,7.4614,47.5348,8.0031,7.4464,8.3678,6.4237,1
2457642.515327,19.5905,59.3899,8.0031,7.4464,8.3678,6.4237,1
2457642.544407,22.4684,54.3363,8.0031,7.4464,8.3678,6.4237,1
2457643.548597,11.3887,52.1642,8.0031,7.4464,8.3678,6.4237,1
2457643.566437,26.0630,51.4639,8.0031,7.4464,8.3678,6.4237,1
2457643.584187,13.8741,54.9737,8.0031,7.4464,8.3678,6.4237,1
2457644.552157,19.5847,49.2665,8.0031,7.4464,8.3678,6.4237,1
2457645.504807,31.3550,48.9732,8.0031,7.4464,8.3678,6.4237,1
2457645.533637,14.9708,45.9576,8.0031,7.4464,8.3678,6.4237,1
2457645.551247,26.5431,58.5388,8.0031,7.4464,8.3678,6.4237,1
2457645.586987,6.6090,45.5745,8.0031,7.4464,8.3678,6.4237,1
2457647.507417,24.0395,43.4270,8.0031,7.4464,8.3678,6.4237,1
2457647.525047,15.8514,39.0856,8.0031,7.4464,8.3678,6.4237,1
2457647.542607,18.7823,39.3982,8.0031,7.4464,8.3678,6.4237,1
2457647.560417,20.5485,45.3676,8.0031,7.4464,8.3678,6.4237,1
2457647.590947,12.9093,36.1101,8.0031,7.4464,8.3678,6.4237,1
2457648.482187,16.5920,49.2615,8.0031,7.4464,8.3678,6.4237,1
2457648.518137,17.4574,47.7401,8.0031,7.4464,8.3678,6.4237,1
2457648.536907,21.3973,41.3473,8.0031,7.4464,8.3678,6.4237,1
2457648.554727,10.8434,44.0954,8.0031,7.4464,8.3678,6.4237,1
2457648.583847,18.1823,51.2963,8.0031,7.4464,8.3678,6.4237,1
2457648.601727,13.2051,51.7181,8.0031,7.4464,8.3678,6.4237,1
2457649.481897,5.0768,50.6089,8.0031,7.4464,8.3678,6.4237,1
2457649.500137,13.5970,48.0278,8.0031,7.4464,8.3678,6.4237,1
2457649.518117,13.1666,37.4181,8.0031,7.4464,8.3678,6.4237,1
2457649.535887,16.9193,41.1484,8.0031,7.4464,8.3678,6.4237,1
2457651.484697,13.4666,50.2813,8.0031,7.4464,8.3678,6.4237,1
2457653.498407,19.4467,47.4463,8.0031,7.4464,8.3678,6.4237,1
2457654.502637,17.3259,39.9033,8.0031,7.4464,8.3678,6.4237,1
2457654.504157,16.1757,43.1636,8.0031,7.4464,8.3678,6.4237,1
2457654.522737,5.4065,34.7316,8.0031,7.4464,8.3678,6.4237,1
2457654.551847,11.1725,40.2807,8.0031,7.4464,8.3678,6.4237,1
2457654.571137,9.1894,52.9519,8.0031,7.4464,8.3678,6.4237,1
2457654.589087,17.0517,48.3672,8.0031,7.4464,8.3678,6.4237,1
2457655.520527,7.9407,50.3220,8.0031,7.4464,8.3678,6.4237,1
2457655.567867,27.8167,51.1060,8.0031,7.4464,8.3678,6.4237,1
2457656.542227,7.8228,48.0070,8.0031,7.4464,8.3678,6.4237,1
2457656.571867,5.9525,33.4317,8.0031,7.4464,8.3678,6.4237,1
2457657.499927,20.3856,40.2571,8.0031,7.4464,8.3678,6.4237,1
2457657.537477,8.5208,51.0759,8.0031,7.4464,8.3678,6.4237,1
2457658.487387,18.5027,45.4576,8.0031,7.4464,8.3678,6.4237,1
2457658.526797,11.6168,41.0612,8.0031,7.4464,8.3678,6.4237,1
2457658.548907,10.1742,42.8872,8.0031,7.4464,8.3678,6.4237,1
2457659.496747,10.8240,55.8257,8.0031,7.4464,8.3678,6.4237,1
2457659.514737,11.4429,45.8161,8.0031,7.4464,8.3678,6.4237,1
2457659.532577,16.6051,43.2899,8.0031,7.4464,8.3678,6.4237,1
2457659.570077,19.4414,45.2207,8.0031,7.4464,8.3678,6.4237,1
2457660.528927,20.7714,39.9709,8.0031,7.4464,8.3678,6.4237,1
2457660.546857,22.5599,56.7150,8.0031,7.4464,8.3678,6.4237,1
2457660.566147,21.2810,41.6864,8.0031,7.4464,8.3678,6.4237,1
2457661.494587,16.9006,34.6907,8.0031,7.4464,8.3678,6.4237,1
2457661.559017,17.6004,37.8030,8.0031,7.4464,8.3678,6.4237,1
2457662.485937,12.0761,50.0700,8.0031,7.4464,8.3678,6.4237,1
2457662.522457,15.3169,45.5310,8.0031,7.4464,8.3678,6.4237,1
2457662.549177,15.7025,49.8480,8.0031,7.4464,8.3678,6.4237,1
2457663.499927,10.5854,41.0923,8.0031,7.4464,8.3678,6.4237,1
2457663.518037,11.2906,37.5977,8.0031,7.4464,8.3678,6.4237,1
2457663.538357,9.6313,35.5140,8.0031,7.4464,8.3678,6.4237,1
2457666.518487,16.3160,47.5095,8.0031,7.4464,8.3678,6.4237,1
2457666.536437,12.2757,46.4164,8.0031,7.4464,8.3678,6.4237,1
2457666.554257,8.3587,34.3830,8.0031,7.4464,8.3678,6.4237,1
2457667.521807,15.1105,41.9625,8.0031,7.4464,8.3678,6.4237,1
2457667.540227,17.0401,39.3023,8.0031,7.4464,8.3678,6.4237,1
2457669.503377,22.3839,51.2572,8.0031,7.4464,8.3678,6.4237,1
2457669.520827,18.4318,52.9734,8.0031,7.4464,8.3678,6.4237,1
2457669.538857,9.3311,39.7107,8.0031,7.4464,8.3678,6.4237,1
2457670.527377,17.6641,47.1975,8.0031,7.4464,8.3678,6.4237,1
2457671.514977,17.3555,50.0641,8.0031,7.4464,8.3678,6.4237,1
2457671.533007,10.8159,38.4132,8.0031,7.4464,8.3678,6.4237,1
2457672.523657,13.2922,44.5918,8.0031,7.4464,8.3678,6.4237,1
2457673.511447,16.9639,52.9882,8.0031,7.4464,8.3678,6.4237,1
2457673.529487,12.8538,49.0613,8.0031,7.4464,8.3678,6.4237,1
2457673.548537,13.8300,45.7224,8.0031,7.4464,8.3678,6.4237,1
2457805.872617,12.5098,49.4420,8.0031,7.4464,9.4633,6.4679,2
2457806.859837,3.6053,49.9633,8.0031,7.4464,9.4633,6.4679,2
2457806.877037,26.5371,35.4407,8.0031,7.4464,9.4633,6.4679,2
2457807.888277,12.6802,49.7883,8.0031,7.4464,9.4633,6.4679,2
2457809.861157,16.3275,47.6327,8.0031,7.4464,9.4633,6.4679,2
2457810.889537,26.2300,41.9243,8.0031,7.4464,9.4633,6.4679,2
2457811.876117,9.8980,42.4154,8.0031,7.4464,9.4633,6.4679,2
2457811.898897,16.1554,41.1824,8.0031,7.4464,9.4633,6.4679,2
2457813.843727,17.0275,43.5177,8.0031,7.4464,9.4633,6.4679,2
2457813.861917,11.1542,45.5583,8.0031,7.4464,9.4633,6.4679,2
2457814.883997,14.2058,46.1774,8.0031,7.4464,9.4633,6.4679,2
2457815.864737,16.2891,36.9052,8.0031,7.4464,9.4633,6.4679,2
2457815.882697,13.5765,44.6469,8.0031,7.4464,9.4633,6.4679,2
2457816.877937,15.4332,43.8715,8.0031,7.4464,9.4633,6.4679,2
2457816.895517,10.9082,41.9480,8.0031,7.4464,9.4633,6.4679,2
2457817.892067,16.0814,40.1989,8.0031,7.4464,9.4633,6.4679,2
2457819.856087,19.6264,38.1473,8.0031,7.4464,9.4633,6.4679,2
2457820.821057,26.1513,42.1709,8.0031,7.4464,9.4633,6.4679,2
2457820.838277,18.1496,43.6018,8.0031,7.4464,9.4633,6.4679,2
2457820.858577,23.7035,41.2497,8.0031,7.4464,9.4633,6.4679,2
2457820.875457,14.0350,38.8196,8.0031,7.4464,9.4633,6.4679,2
2457821.840517,16.3381,48.3023,8.0031,7.4464,9.4633,6.4679,2
2457821.881887,22.7671,47.8966,8.0031,7.4464,9.4633,6.4679,2
2457822.807837,26.4747,50.0752,8.0031,7.4464,9.4633,6.4679,2
2457822.840317,15.8223,41.7635,8.0031,7.4464,9.4633,6.4679,2
2457822.861937,17.1431,39.5813,8.0031,7.4464,9.4633,6.4679,2
2457822.880087,19.0396,33.6508,8.0031,7.4464,9.4633,6.4679,2
2457822.899307,19.4131,41.1643,8.0031,7.4464,9.4633,6.4679,2
2457823.831937,22.0962,35.2435,8.0031,7.4464,9.4633,6.4679,2
2457823.884337,15.2518,46.9865,8.0031,7.4464,9.4633,6.4679,2
2457824.878827,14.6995,36.3943,8.0031,7.4464,9.4633,6.4679,2
2457824.897187,19.9204,42.5328,8.0031,7.4464,9.4633,6.4679,2
2457826.893207,16.9794,45.3541,8.0031,7.4464,9.4633,6.4679,2
2457827.830577,25.3472,34.8254,8.0031,7.4464,9.4633,6.4679,2
2457827.850657,17.3664,44.6875,8.0031,7.4464,9.4633,6.4679,2
2457827.869507,20.6805,46.5889,8.0031,7.4464,9.4633,6.4679,2
2457827.888347,14.0445,33.5174,8.0031,7.4464,9.4633,6.4679,2
2457827.908147,16.0035,38.0735,8.0031,7.4464,9.4633,6.4679,2
2457828.791807,17.4548,37.1285,8.0031,7.4464,9.4633,6.4679,2
2457828.824737,22.8303,51.5560,8.0031,7.4464,9.4633,6.4679,2
2457828.842657,16.9514,50.9977,8.0031,7.4464,9.4633,6.4679,2
2457828.861007,15.1049,35.0127,8.0031,7.4464,9.4633,6.4679,2
2457828.880787,19.4954,49.1898,8.0031,7.4464,9.4633,6.4679,2
2457829.799697,25.4571,42.7259,8.0031,7.4464,9.4633,6.4679,2
2457829.836067,20.2439,37.4689,8.0031,7.4464,9.4633,6.4679,2
2457829.853307,23.2733,42.9037,8.0031,7.4464,9.4633,6.4679,2
2457829.870857,26.1411,45.9210,8.0031,7.4464,9.4633,6.4679,2
2457829.901157,24.5061,55.3035,8.0031,7.4464,9.4633,6.4679,2
2457830.819017,22.3543,48.2266,8.0031,7.4464,9.4633,6.4679,2
2457830.836707,18.6009,37.5806,8.0031,7.4464,9.4633,6.4679,2
2457830.867607,21.3155,36.6706,8.0031,7.4464,9.4633,6.4679,2
2457830.886057,16.4491,45.7104,8.0031,7.4464,9.4633,6.4679,2
2457831.797057,11.9593,42.5198,8.0031,7.4464,9.4633,6.4679,2
2457831.815557,24.5119,50.6619,8.0031,7.4464,9.4633,6.4679,2
2457831.833797,25.3168,42.8232,8.0031,7.4464,9.4633,6.4679,2
2457831.865227,14.9865,51.5363,8.0031,7.4464,9.4633,6.4679,2
2457831.887277,26.6091,46.9371,8.0031,7.4464,9.4633,6.4679,2
2457832.781377,17.1327,38.8319,8.0031,7.4464,9.4633,6.4679,2
2457832.883997,19.5650,38.5363,8.0031,7.4464,9.4633,6.4679,2
2457832.901437,19.3389,43.9942,8.0031,7.4464,9.4633,6.4679,2
2457833.779607,25.9113,29.7769,8.0031,7.4464,9.4633,6.4679,2
2457833.800867,20.1738,27.9572,8.0031,7.4464,9.4633,6.4679,2
2457833.833087,19.3112,40.7831,8.0031,7.4464,9.4633,6.4679,2
2457833.850147,8.4506,37.9609,8.0031,7.4464,9.4633,6.4679,2
2457833.868067,16.8422,42.4617,8.0031,7.4464,9.4633,6.4679,2
2457833.886727,15.8936,48.5500,8.0031,7.4464,9.4633,6.4679,2
2457834.778387,13.9901,45.5196,8.0031,7.4464,9.4633,6.4679,2
2457834.851777,26.0424,33.2986,8.0031,7.4464,9.4633,6.4679,2
2457834.870147,16.7578,33.1407,8.0031,7.4464,9.4633,6.4679,2
2457834.887937,21.8891,39.4706,8.0031,7.4464,9.4633,6.4679,2
2457835.823587,16.3025,39.7614,8.0031,7.4464,9.4633,6.4679,2
2457835.843817,11.9232,30.1868,8.0031,7.4464,9.4633,6.4679,2
2457835.898957,18.5328,42.9191,8.0031,7.4464,9.4633,6.4679,2
2457836.873507,19.4188,25.4831,8.0031,7.4464,9.4633,6.4679,2
2457836.897067,18.0327,37.6611,8.0031,7.4464,9.4633,6.4679,2
2457838.808777,11.6875,25.7154,8.0031,7.4464,9.4633,6.4679,2
2457838.850747,19.6456,50.0078,8.0031,7.4464,9.4633,6.4679,2
2457838.891237,22.0568,39.8684,8.0031,7.4464,9.4633,6.4679,2
2457838.902407,17.0606,44.8626,8.0031,7.4464,9.4633,6.4679,2
2457839.763097,7.6781,28.0626,8.0031,7.4464,9.4633,6.4679,2
2457840.778557,14.5256,38.2030,8.0031,7.4464,9.4633,6.4679,2
2457840.799907,15.4320,37.3213,8.0031,7.4464,9.4633,6.4679,2
2457840.832037,12.1232,31.3741,8.0031,7.4464,9.4633,6.4679,2
2457840.852927,19.8882,31.7881,8.0031,7.4464,9.4633,6.4679,2
2457840.872877,11.9863,39.7395,8.0031,7.4464,9.4633,6.4679,2
2457841.827917,19.5084,49.1707,8.0031,7.4464,9.4633,6.4679,2
2457841.916217,11.4488,44.1314,8.0031,7.4464,9.4633,6.4679,2
2457842.757057,28.3805,52.9393,8.0031,7.4464,9.4633,6.4679,2
2457842.847707,16.9261,36.6903,8.0031,7.4464,9.4633,6.4679,2
2457842.873887,10.0420,44.7143,8.0031,7.4464,9.4633,6.4679,2
2457842.893247,15.4950,35.7335,8.0031,7.4464,9.4633,6.4679,2
2457843.765487,15.8851,49.6091,8.0031,7.4464,9.4633,6.4679,2
2457843.788347,10.3776,39.1026,8.0031,7.4464,9.4633,6.4679,2
2457843.816887,18.2402,42.7995,8.0031,7.4464,9.4633,6.4679,2
2457843.835947,15.5331,34.1584,8.0031,7.4464,9.4633,6.4679,2
2457843.904417,16.8729,33.8982,8.0031,7.4464,9.4633,6.4679,2
2457845.777967,19.6070,42.0781,8.0031,7.4464,9.4633,6.4679,2
2457845.828057,12.0356,45.4261,8.0031,7.4464,9.4633,6.4679,2
2457845.846227,12.6831,34.2892,8.0031,7.4464,9.4633,6.4679,2
2457845.872687,16.7938,47.8666,8.0031,7.4464,9.4633,6.4679,2
2457845.897207,12.9086,40.5914,8.0031,7.4464,9.4633,6.4679,2
2457846.742507,27.7929,30.3384,8.0031,7.4464,9.4633,6.4679,2
2457846.852134,12.2658,46.2636,8.0031,7.4464,9.4633,6.4679,2
2457846.877994,9.2986,34.0791,8.0031,7.4464,9.4633,6.4679,2
2457846.898114,16.0301,40.6323,8.0031,7.4464,9.4633,6.4679,2
2457848.766787,9.6047,28.9807,8.0031,7.4464,9.4633,6.4679,2
2457848.786247,19.3790,27.2811,8.0031,7.4464,9.4633,6.4679,2
2457848.814467,17.2079,35.6552,8.0031,7.4464,9.4633,6.4679,2
2457848.864107,13.2348,31.6258,8.0031,7.4464,9.4633,6.4679,2
2457848.881367,13.5195,37.5936,8.0031,7.4464,9.4633,6.4679,2
2457849.780427,19.0995,33.2825,8.0031,7.4464,9.4633,6.4679,2
2457849.800337,15.8248,38.2405,8.0031,7.4464,9.4633,6.4679,2
2457850.747177,13.8951,50.1280,8.0031,7.4464,9.4633,6.4679,2
2457850.766567,17.0839,46.3832,8.0031,7.4464,9.4633,6.4679,2
2457850.815797,20.0723,27.5155,8.0031,7.4464,9.4633,6.4679,2
2457850.834357,12.7453,40.0097,8.0031,7.4464,9.4633,6.4679,2
2457850.853687,16.7637,42.9227,8.0031,7.4464,9.4633,6.4679,2
2457850.875257,16.1820,37.5072,8.0031,7.4464,9.4633,6.4679,2
2457850.896807,8.1125,46.2136,8.0031,7.4464,9.4633,6.4679,2
2457851.785097,17.7963,51.0904,8.0031,7.4464,9.4633,6.4679,2
2457851.863867,6.6771,46.5906,8.0031,7.4464,9.4633,6.4679,2
2457851.906707,17.6752,42.2840,8.0031,7.4464,9.4633,6.4679,2
2457852.736667,21.5607,49.4826,8.0031,7.4464,9.4633,6.4679,2
2457854.729187,17.8833,53.3917,8.0031,7.4464,9.4633,6.4679,2
2457854.787947,23.6414,43.6349,8.0031,7.4464,9.4633,6.4679,2
2457854.829387,15.5542,36.1562,8.0031,7.4464,9.4633,6.4679,2
2457854.851107,18.7497,42.8518,8.0031,7.4464,9.4633,6.4679,2
2457854.885787,13.5607,55.4687,8.0031,7.4464,9.4633,6.4679,2
2457855.796007,19.8515,35.8686,8.0031,7.4464,9.4633,6.4679,2
2457855.814917,16.0243,48.2894,8.0031,7.4464,9.4633,6.4679,2
2457855.833127,17.5421,38.2873,8.0031,7.4464,9.4633,6.4679,2
2457855.851597,27.8868,40.5028,8.0031,7.4464,9.4633,6.4679,2
2457855.874277,16.7753,51.8613,8.0031,7.4464,9.4633,6.4679,2
2457855.897727,12.9396,34.7774,8.0031,7.4464,9.4633,6.4679,2
2457856.769707,19.1844,46.0039,8.0031,7.4464,9.4633,6.4679,2
2457856.805437,14.4701,52.3202,8.0031,7.4464,9.4633,6.4679,2
2457856.824307,23.2573,40.0694,8.0031,7.4464,9.4633,6.4679,2
2457856.860507,17.0734,43.3476,8.0031,7.4464,9.4633,6.4679,2
2457856.892297,17.6426,43.1754,8.0031,7.4464,9.4633,6.4679,2
2457856.910367,4.8469,43.2936,8.0031,7.4464,9.4633,6.4679,2
2457858.735687,22.8460,29.1795,8.0031,7.4464,9.4633,6.4679,2
2457858.781007,29.9179,33.3949,8.0031,7.4464,9.4633,6.4679,2
2457858.817977,17.2547,37.8072,8.0031,7.4464,9.4633,6.4679,2
2457858.881887,18.2051,45.1136,8.0031,7.4464,9.4633,6.4679,2
2457858.901017,14.9111,45.9529,8.0031,7.4464,9.4633,6.4679,2
2457862.758487,29.0850,38.7166,8.0031,7.4464,9.4633,6.4679,2
2457862.812647,7.2850,44.8110,8.0031,7.4464,9.4633,6.4679,2
2457862.896577,27.6547,50.0832,8.0031,7.4464,9.4633,6.4679,2
2457863.722157,19.8121,40.8224,8.0031,7.4464,9.4633,6.4679,2
2457863.830377,23.2268,48.9438,8.0031,7.4464,9.4633,6.4679,2
2457863.851587,17.2099,29.2753,8.0031,7.4464,9.4633,6.4679,2
2457863.873287,24.3220,50.0508,8.0031,7.4464,9.4633,6.4679,2
2457863.920817,14.7855,40.9692,8.0031,7.4464,9.4633,6.4679,2
2457864.712017,23.9330,35.0908,8.0031,7.4464,9.4633,6.4679,2
2457864.743757,19.0340,37.7032,8.0031,7.4464,9.4633,6.4679,2
2457864.764887,12.3141,38.2260,8.0031,7.4464,9.4633,6.4679,2
2457864.789167,7.9847,44.2172,8.0031,7.4464,9.4633,6.4679,2
2457864.851707,18.1641,42.2536,8.0031,7.4464,9.4633,6.4679,2
2457864.905667,13.8650,41.9796,8.0031,7.4464,9.4633,6.4679,2
2457864.926157,15.2562,36.0998,8.0031,7.4464,9.4633,6.4679,2
2457865.711757,7.2457,31.0975,8.0031,7.4464,9.4633,6.4679,2
2457865.746077,22.7898,32.3630,8.0031,7.4464,9.4633,6.4679,2
2457865.769767,19.2442,37.8179,8.0031,7.4464,9.4633,6.4679,2
2457865.810437,5.2370,33.6526,8.0031,7.4464,9.4633,6.4679,2
2457865.900117,18.2679,50.2617,8.0031,7.4464,9.4633,6.4679,2
2457865.924037,26.6011,48.0974,8.0031,7.4464,9.4633,6.4679,2
2457866.705987,14.9887,39.5970,8.0031,7.4464,9.4633,6.4679,2
2457866.774827,23.6809,41.0782,8.0031,7.4464,9.4633,6.4679,2
2457866.784387,24.0596,48.0629,8.0031,7.4464,9.4633,6.4679,2
2457866.805967,21.7169,27.2149,8.0031,7.4464,9.4633,6.4679,2
2457866.842607,27.1100,40.4175,8.0031,7.4464,9.4633,6.4679,2
2457866.864807,10.7010,43.6110,8.0031,7.4464,9.4633,6.4679,2
2457866.903207,22.7014,43.6084,8.0031,7.4464,9.4633,6.4679,2
2457866.921867,29.0278,39.7233,8.0031,7.4464,9.4633,6.4679,2
2457867.690997,13.2625,41.3726,8.0031,7.4464,9.4633,6.4679,2
2457867.880597,10.5560,30.3444,8.0031,7.4464,9.4633,6.4679,2
2457867.900077,22.0462,44.5469,8.0031,7.4464,9.4633,6.4679,2
2457867.918587,24.0783,32.8813,8.0031,7.4464,9.4633,6.4679,2
2457869.682477,22.2008,34.7545,8.0031,7.4464,9.4633,6.4679,2
2457869.710707,21.4280,35.4555,8.0031,7.4464,9.4633,6.4679,2
2457869.781357,13.9025,49.8211,8.0031,7.4464,9.4633,6.4679,2
2457869.826427,3.1777,28.9126,8.0031,7.4464,9.4633,6.4679,2
2457869.851767,21.4610,35.2300,8.0031,7.4464,9.4633,6.4679,2
2457869.874047,6.9584,35.8959,8.0031,7.4464,9.4633,6.4679,2
2457869.906257,12.2632,44.4785,8.0031,7.4464,9.4633,6.4679,2
2457869.924987,4.1502,28.9143,8.0031,7.4464,9.4633,6.4679,2
2457870.692357,19.8827,43.4207,8.0031,7.4464,9.4633,6.4679,2
2457870.711427,23.1549,48.5618,8.0031,7.4464,9.4633,6.4679,2
2457870.739747,16.8081,28.4664,8.0031,7.4464,9.4633,6.4679,2
2457870.774777,8.1006,31.4049,8.0031,7.4464,9.4633,6.4679,2
2457870.885407,11.2141,40.0518,8.0031,7.4464,9.4633,6.4679,2
2457870.923447,22.2617,31.5290,8.0031,7.4464,9.4633,6.4679,2
2457871.708947,16.1709,43.6494,8.0031,7.4464,9.4633,6.4679,2
2457871.762927,13.8540,27.2902,8.0031,7.4464,9.4633,6.4679,2
2457871.792877,13.0055,38.1218,8.0031,7.4464,9.4633,6.4679,2
2457871.848507,20.4884,27.0649,8.0031,7.4464,9.4633,6.4679,2
2457871.866227,13.7190,39.3143,8.0031,7.4464,9.4633,6.4679,2
2457871.897507,13.4203,33.2819,8.0031,7.4464,9.4633,6.4679,2
2457871.917057,7.2004,37.6925,8.0031,7.4464,9.4633,6.4679,2
2457872.686017,21.2568,36.3223,8.0031,7.4464,9.4633,6.4679,2
2457872.714827,18.6954,42.5659,8.0031,7.4464,9.4633,6.4679,2
2457872.750497,14.5516,42.5250,8.0031,7.4464,9.4633,6.4679,2
2457872.771077,20.7466,27.7437,8.0031,7.4464,9.4633,6.4679,2
2457872.789487,9.9334,43.3167,8.0031,7.4464,9.4633,6.4679,2
2457872.807467,21.8729,41.6294,8.0031,7.4464,9.4633,6.4679,2
2457872.857767,20.7226,48.7814,8.0031,7.4464,9.4633,6.4679,2
2457872.896577,15.3927,47.6545,8.0031,7.4464,9.4633,6.4679,2
2457872.917307,7.9503,44.9726,8.0031,7.4464,9.4633,6.4679,2
2457873.686477,3.1459,33.5685,8.0031,7.4464,9.4633,6.4679,2
2457873.720887,16.9294,50.6714,8.0031,7.4464,9.4633,6.4679,2
2457873.739577,16.4451,34.3830,8.0031,7.4464,9.4633,6.4679,2
2457873.788407,9.8476,26.3742,8.0031,7.4464,9.4633,6.4679,2
2457873.806737,7.6303,28.0149,8.0031,7.4464,9.4633,6.4679,2
2457873.824507,10.2786,37.1742,8.0031,7.4464,9.4633,6.4679,2
2457873.843027,7.7846,26.9550,8.0031,7.4464,9.4633,6.4679,2
2457873.860467,10.9606,40.8228,8.0031,7.4464,9.4633,6.4679,2
2457873.878077,10.2320,44.3978,8.0031,7.4464,9.4633,6.4679,2
2457873.912427,19.3316,42.6681,8.0031,7.4464,9.4633,6.4679,2
2457873.932427,10.9041,52.6005,8.0031,7.4464,9.4633,6.4679,2
2457874.699677,5.2210,37.6596,8.0031,7.4464,9.4633,6.4679,2
2457874.747147,14.1180,41.4264,8.0031,7.4464,9.4633,6.4679,2
2457874.886877,15.1944,39.8309,8.0031,7.4464,9.4633,6.4679,2
2457874.904187,16.4836,38.8377,8.0031,7.4464,9.4633,6.4679,2
2457875.663607,27.4392,37.8890,8.0031,7.4464,9.4633,6.4679,2
2457875.680817,24.6755,52.2446,8.0031,7.4464,9.4633,6.4679,2
2457875.717997,29.3690,51.1308,8.0031,7.4464,9.4633,6.4679,2
2457876.669167,8.1529,35.2978,8.0031,7.4464,9.4633,6.4679,2
2457876.687167,16.1186,44.7816,8.0031,7.4464,9.4633,6.4679,2
2457876.715687,17.8807,38.8727,8.0031,7.4464,9.4633,6.4679,2
2457876.737527,15.8162,33.1150,8.0031,7.4464,9.4633,6.4679,2
2457876.755397,19.1903,38.6572,8.0031,7.4464,9.4633,6.4679,2
2457876.773087,16.0857,51.5879,8.0031,7.4464,9.4633,6.4679,2
2457876.820057,15.2251,47.1962,8.0031,7.4464,9.4633,6.4679,2
2457876.838527,19.7469,43.3144,8.0031,7.4464,9.4633,6.4679,2
2457876.875207,6.6497,37.6444,8.0031,7.4464,9.4633,6.4679,2
2457876.913367,29.4799,30.1497,8.0031,7.4464,9.4633,6.4679,2
2457877.698857,8.7271,40.0918,8.0031,7.4464,9.4633,6.4679,2
2457877.721437,14.6585,38.8267,8.0031,7.4464,9.4633,6.4679,2
2457877.755497,25.5001,37.7648,8.0031,7.4464,9.4633,6.4679,2
2457877.775707,21.6768,42.0885,8.0031,7.4464,9.4633,6.4679,2
2457877.815747,32.7131,46.4039,8.0031,7.4464,9.4633,6.4679,2
2457877.898427,15.5934,37.5829,8.0031,7.4464,9.4633,6.4679,2
2457877.919837,17.1851,32.5622,8.0031,7.4464,9.4633,6.4679,2
2457878.775587,4.4823,36.3143,8.0031,7.4464,9.4633,6.4679,2
2457878.813777,24.3166,28.4989,8.0031,7.4464,9.4633,6.4679,2
2457878.846247,10.7386,31.9975,8.0031,7.4464,9.4633,6.4679,2
2457878.864737,8.1696,46.2445,8.0031,7.4464,9.4633,6.4679,2
2457878.883557,7.7904,37.9831,8.0031,7.4464,9.4633,6.4679,2
2457879.731597,12.7885,39.9007,8.0031,7.4464,9.4633,6.4679,2
2457879.783527,15.1629,40.4548,8.0031,7.4464,9.4633,6.4679,2
2457879.804817,24.1500,48.7835,8.0031,7.4464,9.4633,6.4679,2
2457879.833317,20.4543,37.1037,8.0031,7.4464,9.4633,6.4679,2
2457879.876257,18.8061,37.6831,8.0031,7.4464,9.4633,6.4679,2
2457879.928697,4.5741,41.0650,8.0031,7.4464,9.4633,6.4679,2
2457882.677457,30.4036,36.6296,8.0031,7.4464,9.4633,6.4679,2
2457882.813227,19.4798,45.1964,8.0031,7.4464,9.4633,6.4679,2
2457882.867137,10.9710,46.3972,8.0031,7.4464,9.4633,6.4679,2
2457882.910117,4.6191,37.3613,8.0031,7.4464,9.4633,6.4679,2
2457883.855367,28.8576,31.6031,8.0031,7.4464,9.4633,6.4679,2
2457888.635997,27.4319,34.2315,8.0031,7.4464,9.4633,6.4679,2
2457888.685417,19.7474,37.0501,8.0031,7.4464,9.4633,6.4679,2
2457888.756797,28.1893,48.9926,8.0031,7.4464,9.4633,6.4679,2
2457888.807187,19.7426,39.5486,8.0031,7.4464,9.4633,6.4679,2
2457888.825297,26.1588,45.5940,8.0031,7.4464,9.4633,6.4679,2
2457888.842267,1.8559,29.9146,8.0031,7.4464,9.4633,6.4679,2
2457888.860107,14.5399,53.6864,8.0031,7.4464,9.4633,6.4679,2
2457888.877707,22.5286,41.9663,8.0031,7.4464,9.4633,6.4679,2
2457888.906817,16.1729,38.1923,8.0031,7.4464,9.4633,6.4679,2
2457888.924617,20.5865,45.4118,8.0031,7.4464,9.4633,6.4679,2
2457889.648727,29.6709,41.9405,8.0031,7.4464,9.4633,6.4679,2
2457889.696447,12.0461,51.5861,8.0031,7.4464,9.4633,6.4679,2
2457889.713797,13.7016,43.9244,8.0031,7.4464,9.4633,6.4679,2
2457889.748957,18.3970,26.5476,8.0031,7.4464,9.4633,6.4679,2
2457889.766307,11.6437,42.5197,8.0031,7.4464,9.4633,6.4679,2
2457889.812217,24.9558,33.5259,8.0031,7.4464,9.4633,6.4679,2
2457889.848287,4.9767,36.7306,8.0031,7.4464,9.4633,6.4679,2
2457889.870247,32.6630,54.5190,8.0031,7.4464,9.4633,6.4679,2
2457889.899247,2.9680,40.9328,8.0031,7.4464,9.4633,6.4679,2
2457889.935917,33.1441,38.8672,8.0031,7.4464,9.4633,6.4679,2
2457890.634687,31.4117,45.2043,8.0031,7.4464,9.4633,6.4679,2
2457890.680287,25.7962,37.6590,8.0031,7.4464,9.4633,6.4679,2
2457890.698787,17.6579,44.1349,8.0031,7.4464,9.4633,6.4679,2
2457890.716687,16.9083,40.3004,8.0031,7.4464,9.4633,6.4679,2
2457890.735637,12.5244,41.5288,8.0031,7.4464,9.4633,6.4679,2
2457890.758247,29.2708,36.4930,8.0031,7.4464,9.4633,6.4679,2
2457890.787887,12.1379,43.0709,8.0031,7.4464,9.4633,6.4679,2
2457890.808127,21.7636,43.2997,8.0031,7.4464,9.4633,6.4679,2
2457890.826267,15.1927,34.1286,8.0031,7.4464,9.4633,6.4679,2
2457890.879577,18.8276,47.7783,8.0031,7.4464,9.4633,6.4679,2
2457890.912637,7.9671,33.8515,8.0031,7.4464,9.4633,6.4679,2
2457890.930977,26.0424,44.5955,8.0031,7.4464,9.4633,6.4679,2
2457893.754867,15.7005,38.5482,8.0031,7.4464,9.4633,6.4679,2
2457893.788997,15.0600,40.4950,8.0031,7.4464,9.4633,6.4679,2
2457893.846837,17.7312,52.1817,8.0031,7.4464,9.4633,6.4679,2
2457893.867697,10.3698,41.5463,8.0031,7.4464,9.4633,6.4679,2
2457893.887027,11.0975,50.7653,8.0031,7.4464,9.4633,6.4679,2
2457893.934427,35.7103,51.1949,8.0031,7.4464,9.4633,6.4679,2
2457894.643207,17.6342,38.0223,8.0031,7.4464,9.4633,6.4679,2
2457894.664327,12.5257,29.2359,8.0031,7.4464,9.4633,6.4679,2
2457894.705377,26.0542,40.8675,8.0031,7.4464,9.4633,6.4679,2
2457894.797127,9.6285,28.6207,8.0031,7.4464,9.4633,6.4679,2
2457894.819427,14.0155,33.8095,8.0031,7.4464,9.4633,6.4679,2
2457894.858567,14.5690,39.4757,8.0031,7.4464,9.4633,6.4679,2
2457894.889347,22.7169,42.9549,8.0031,7.4464,9.4633,6.4679,2
2457894.915647,21.4209,54.7073,8.0031,7.4464,9.4633,6.4679,2
2457895.657487,25.8382,33.8993,8.0031,7.4464,9.4633,6.4679,2
2457895.729147,12.9380,29.5468,8.0031,7.4464,9.4633,6.4679,2
2457895.769227,13.0806,48.0297,8.0031,7.4464,9.4633,6.4679,2
2457895.804687,19.3052,45.7546,8.0031,7.4464,9.4633,6.4679,2
2457895.824177,33.4194,37.8774,8.0031,7.4464,9.4633,6.4679,2
2457895.862297,25.1035,39.8633,8.0031,7.4464,9.4633,6.4679,2
2457895.881887,28.0453,42.6414,8.0031,7.4464,9.4633,6.4679,2
2457901.621427,14.9450,42.7825,8.0031,7.4464,9.4633,6.4679,2
2457901.727097,22.2161,38.9038,8.0031,7.4464,9.4633,6.4679,2
2457901.830737,28.2371,31.3136,8.0031,7.4464,9.4633,6.4679,2
2457902.626147,6.8832,33.9816,8.0031,7.4464,9.4633,6.4679,2
2457902.670817,19.2386,36.1071,8.0031,7.4464,9.4633,6.4679,2
2457903.900434,24.5272,44.7688,8.0031,7.4464,9.4633,6.4679,2
2457904.585417,31.8738,47.7089,8.0031,7.4464,9.4633,6.4679,2
2457904.603617,6.3401,44.0175,8.0031,7.4464,9.4633,6.4679,2
2457904.621537,26.6215,43.4562,8.0031,7.4464,9.4633,6.4679,2
2457904.639757,18.6088,43.1005,8.0031,7.4464,9.4633,6.4679,2
2457904.710587,10.3997,27.5263,8.0031,7.4464,9.4633,6.4679,2
2457904.746747,7.3458,41.3522,8.0031,7.4464,9.4633,6.4679,2
2457904.765067,14.1848,33.8324,8.0031,7.4464,9.4633,6.4679,2
2457904.798627,15.8051,51.5950,8.0031,7.4464,9.4633,6.4679,2
2457904.898457,10.3678,42.7260,8.0031,7.4464,9.4633,6.4679,2
2457905.656507,13.4153,39.1755,8.0031,7.4464,9.4633,6.4679,2
2457905.696777,11.6961,37.2311,8.0031,7.4464,9.4633,6.4679,2
2457905.718197,17.8338,43.1672,8.0031,7.4464,9.4633,6.4679,2
2457905.816007,10.8240,36.0258,8.0031,7.4464,9.4633,6.4679,2
2457906.609728,29.5473,30.8884,8.0031,7.4464,9.4633,6.4679,2
2457906.632118,18.9640,31.9685,8.0031,7.4464,9.4633,6.4679,2
2457906.665647,18.3299,46.2013,8.0031,7.4464,9.4633,6.4679,2
2457906.707517,15.1480,36.3503,8.0031,7.4464,9.4633,6.4679,2
2457906.726927,11.9449,28.2439,8.0031,7.4464,9.4633,6.4679,2
2457906.747097,9.3010,39.1374,8.0031,7.4464,9.4633,6.4679,2
2457906.820087,16.9926,43.7388,8.0031,7.4464,9.4633,6.4679,2
2457906.861377,14.8883,29.0781,8.0031,7.4464,9.4633,6.4679,2
2457906.887477,25.2330,37.0680,8.0031,7.4464,9.4633,6.4679,2
2457906.906537,20.3448,34.1839,8.0031,7.4464,9.4633,6.4679,2
2457907.613687,28.7771,48.9686,8.0031,7.4464,9.4633,6.4679,2
2457907.633167,24.8805,34.1519,8.0031,7.4464,9.4633,6.4679,2
2457907.665367,20.7702,47.2158,8.0031,7.4464,9.4633,6.4679,2
2457907.683887,30.9194,49.1638,8.0031,7.4464,9.4633,6.4679,2
2457907.777791,24.7376,42.4698,8.0031,7.4464,9.4633,6.4679,2
2457907.783447,25.7381,50.9666,8.0031,7.4464,9.4633,6.4679,2
2457907.802197,20.1679,45.0495,8.0031,7.4464,9.4633,6.4679,2
2457907.872387,16.4221,44.9354,8.0031,7.4464,9.4633,6.4679,2
2457907.891357,17.1937,39.2832,8.0031,7.4464,9.4633,6.4679,2
2457908.647447,23.1495,33.3049,8.0031,7.4464,9.4633,6.4679,2
2457908.668127,20.2860,38.6437,8.0031,7.4464,9.4633,6.4679,2
2457908.687067,29.9791,29.7404,8.0031,7.4464,9.4633,6.4679,2
2457908.707257,18.4620,35.3737,8.0031,7.4464,9.4633,6.4679,2
2457908.760207,17.0826,40.1110,8.0031,7.4464,9.4633,6.4679,2
2457908.779097,7.9287,39.3065,8.0031,7.4464,9.4633,6.4679,2
2457908.797637,7.6585,30.4392,8.0031,7.4464,9.4633,6.4679,2
2457908.820437,19.4985,38.0655,8.0031,7.4464,9.4633,6.4679,2
2457908.854997,20.8167,42.0081,8.0031,7.4464,9.4633,6.4679,2
2457908.893847,18.2880,37.1226,8.0031,7.4464,9.4633,6.4679,2
2457910.590947,21.1774,43.5618,8.0031,7.4464,9.4633,6.4679,2
2457910.611017,19.8424,31.4278,8.0031,7.4464,9.4633,6.4679,2
2457910.633157,12.6874,49.4567,8.0031,7.4464,9.4633,6.4679,2
2457910.652487,22.0315,41.6893,8.0031,7.4464,9.4633,6.4679,2
2457910.694457,15.5550,33.4349,8.0031,7.4464,9.4633,6.4679,2
2457910.747417,26.1447,35.9072,8.0031,7.4464,9.4633,6.4679,2
2457910.766017,21.8443,43.8183,8.0031,7.4464,9.4633,6.4679,2
2457910.805677,11.8197,34.9951,8.0031,7.4464,9.4633,6.4679,2
2457910.835847,20.8569,28.8230,8.0031,7.4464,9.4633,6.4679,2
2457910.892857,7.1829,36.5290,8.0031,7.4464,9.4633,6.4679,2
2457911.616307,11.4213,29.3873,8.0031,7.4464,9.4633,6.4679,2
2457911.634547,25.6607,38.6491,8.0031,7.4464,9.4633,6.4679,2
2457911.653807,22.6711,31.5540,8.0031,7.4464,9.4633,6.4679,2
2457911.685247,10.7586,41.2857,8.0031,7.4464,9.4633,6.4679,2
2457911.725997,16.9734,34.5307,8.0031,7.4464,9.4633,6.4679,2
2457911.745737,17.7619,44.4714,8.0031,7.4464,9.4633,6.4679,2
2457911.784787,19.7848,46.1478,8.0031,7.4464,9.4633,6.4679,2
2457911.789427,18.1423,43.1717,8.0031,7.4464,9.4633,6.4679,2
2457911.859937,16.9372,38.4798,8.0031,7.4464,9.4633,6.4679,2
2457913.692337,18.7265,45.2936,8.0031,7.4464,9.4633,6.4679,2
2457913.715757,26.3286,39.1933,8.0031,7.4464,9.4633,6.4679,2
2457916.603127,21.3926,32.2930,8.0031,7.4464,9.4633,6.4679,2
2457916.641027,7.0282,32.8129,8.0031,7.4464,9.4633,6.4679,2
2457916.676327,11.2129,44.6069,8.0031,7.4464,9.4633,6.4679,2
2457916.706177,6.8722,48.9981,8.0031,7.4464,9.4633,6.4679,2
2457916.724547,14.6599,34.9396,8.0031,7.4464,9.4633,6.4679,2
2457916.759437,16.2203,37.6992,8.0031,7.4464,9.4633,6.4679,2
2457916.776747,13.4593,39.6984,8.0031,7.4464,9.4633,6.4679,2
2457916.810027,21.2739,43.3234,8.0031,7.4464,9.4633,6.4679,2
2457916.831647,17.8819,40.9137,8.0031,7.4464,9.4633,6.4679,2
2457916.849907,15.4132,37.4619,8.0031,7.4464,9.4633,6.4679,2
2457916.868177,6.0801,38.1039,8.0031,7.4464,9.4633,6.4679,2
2457917.609037,20.4790,43.9256,8.0031,7.4464,9.4633,6.4679,2
2457917.643887,17.2508,38.3207,8.0031,7.4464,9.4633,6.4679,2
2457917.690657,24.2280,35.8971,8.0031,7.4464,9.4633,6.4679,2
2457917.709137,17.5262,46.8080,8.0031,7.4464,9.4633,6.4679,2
2457917.745897,20.5982,38.7335,8.0031,7.4464,9.4633,6.4679,2
2457917.793257,30.4650,39.0378,8.0031,7.4464,9.4633,6.4679,2
2457917.876817,17.1299,37.3799,8.0031,7.4464,9.4633,6.4679,2
2457918.594847,19.1678,29.9723,8.0031,7.4464,9.4633,6.4679,2
2457918.613147,15.5913,45.6497,8.0031,7.4464,9.4633,6.4679,2
2457918.630857,21.5696,35.5953,8.0031,7.4464,9.4633,6.4679,2
2457918.680167,26.7359,50.2786,8.0031,7.4464,9.4633,6.4679,2
2457918.698727,29.1488,36.7024,8.0031,7.4464,9.4633,6.4679,2
2457918.724127,25.5061,47.6842,8.0031,7.4464,9.4633,6.4679,2
2457923.618067,29.2112,41.4904,8.0031,7.4464,9.4633,6.4679,2
2457923.657147,13.9933,36.8649,8.0031,7.4464,9.4633,6.4679,2
2457923.674857,22.2844,37.7264,8.0031,7.4464,9.4633,6.4679,2
2457923.694237,8.2204,36.7403,8.0031,7.4464,9.4633,6.4679,2
2457923.715367,19.3712,36.3996,8.0031,7.4464,9.4633,6.4679,2
2457923.746947,19.0004,42.0639,8.0031,7.4464,9.4633,6.4679,2
2457924.541017,18.7625,40.0112,8.0031,7.4464,9.4633,6.4679,2
2457924.602117,16.6732,47.9579,8.0031,7.4464,9.4633,6.4679,2
2457924.639997,28.3750,35.5627,8.0031,7.4464,9.4633,6.4679,2
2457924.658797,32.3806,45.1561,8.0031,7.4464,9.4633,6.4679,2
2457924.678517,20.2806,48.0161,8.0031,7.4464,9.4633,6.4679,2
2457924.710347,14.9865,38.8842,8.0031,7.4464,9.4633,6.4679,2
2457924.728667,13.7287,43.7473,8.0031,7.4464,9.4633,6.4679,2
2457924.747107,21.4301,44.3726,8.0031,7.4464,9.4633,6.4679,2
2457924.766267,17.6386,33.7456,8.0031,7.4464,9.4633,6.4679,2
2457924.787987,27.5425,38.3880,8.0031,7.4464,9.4633,6.4679,2
2457924.807427,19.6474,38.5547,8.0031,7.4464,9.4633,6.4679,2
2457924.840137,22.5388,39.6392,8.0031,7.4464,9.4633,6.4679,2
2457924.860057,17.1547,41.6869,8.0031,7.4464,9.4633,6.4679,2
2457925.544107,19.1342,51.0878,8.0031,7.4464,9.4633,6.4679,2
2457925.634567,30.7753,45.0698,8.0031,7.4464,9.4633,6.4679,2
2457925.728937,25.0362,44.5899,8.0031,7.4464,9.4633,6.4679,2
2457925.747467,29.1377,45.1683,8.0031,7.4464,9.4633,6.4679,2
2457925.799177,31.1058,41.6822,8.0031,7.4464,9.4633,6.4679,2
2457927.760877,13.6586,36.2975,8.0031,7.4464,9.4633,6.4679,2
2457927.777867,15.1567,48.2946,8.0031,7.4464,9.4633,6.4679,2
2457933.732447,27.1773,40.4204,8.0031,7.4464,9.4633,6.4679,2
2457933.751557,6.7549,40.1409,8.0031,7.4464,9.4633,6.4679,2
2457933.783547,26.1295,44.0785,8.0031,7.4464,9.4633,6.4679,2
2457933.805427,32.8994,49.1549,8.0031,7.4464,9.4633,6.4679,2
2457934.512157,21.9895,35.8401,8.0031,7.4464,9.4633,6.4679,2
2457934.646617,27.7593,34.8633,8.0031,7.4464,9.4633,6.4679,2
2457934.668167,20.4111,32.5829,8.0031,7.4464,9.4633,6.4679,2
2457934.761697,21.3178,50.0704,8.0031,7.4464,9.4633,6.4679,2
2457935.514507,9.3233,35.2654,8.0031,7.4464,9.4633,6.4679,2
2457935.534047,23.6540,45.7581,8.0031,7.4464,9.4633,6.4679,2
2457935.566017,19.3239,30.7326,8.0031,7.4464,9.4633,6.4679,2
2457935.586777,9.2551,43.7238,8.0031,7.4464,9.4633,6.4679,2
2457935.608807,12.2836,30.4082,8.0031,7.4464,9.4633,6.4679,2
2457935.647817,19.4405,42.5161,8.0031,7.4464,9.4633,6.4679,2
2457935.680447,12.7748,38.7097,8.0031,7.4464,9.4633,6.4679,2
2457935.699927,16.0853,38.8653,8.0031,7.4464,9.4633,6.4679,2
2457935.740927,8.5313,41.2017,8.0031,7.4464,9.4633,6.4679,2
2457935.760217,20.4690,34.5746,8.0031,7.4464,9.4633,6.4679,2
2457935.782577,4.0635,41.6374,8.0031,7.4464,9.4633,6.4679,2
2457935.813417,9.0146,50.2154,8.0031,7.4464,9.4633,6.4679,2
2457935.831797,34.3414,51.4929,8.0031,7.4464,9.4633,6.4679,2
2457936.501237,21.3180,33.7334,8.0031,7.4464,9.4633,6.4679,2
2457936.520217,25.5424,43.4146,8.0031,7.4464,9.4633,6.4679,2
2457936.539497,20.8225,47.0002,8.0031,7.4464,9.4633,6.4679,2
2457936.575247,8.4467,49.2277,8.0031,7.4464,9.4633,6.4679,2
2457936.597037,11.7227,35.2078,8.0031,7.4464,9.4633,6.4679,2
2457936.658417,11.2583,39.5301,8.0031,7.4464,9.4633,6.4679,2
2457936.709947,15.0656,43.8740,8.0031,7.4464,9.4633,6.4679,2
2457936.747687,20.1793,42.6243,8.0031,7.4464,9.4633,6.4679,2
2457937.501867,12.4476,39.6460,8.0031,7.4464,9.4633,6.4679,2
2457937.550347,18.6294,39.1864,8.0031,7.4464,9.4633,6.4679,2
2457937.570067,20.4104,34.7134,8.0031,7.4464,9.4633,6.4679,2
2457937.590597,10.8914,35.8853,8.0031,7.4464,9.4633,6.4679,2
2457937.631147,16.3460,41.3014,8.0031,7.4464,9.4633,6.4679,2
2457937.678167,10.3591,30.0810,8.0031,7.4464,9.4633,6.4679,2
2457937.697347,11.7266,30.5305,8.0031,7.4464,9.4633,6.4679,2
2457937.736737,13.2969,47.0879,8.0031,7.4464,9.4633,6.4679,2
2457937.789337,19.9083,41.9108,8.0031,7.4464,9.4633,6.4679,2
2457938.493977,28.9896,35.4116,8.0031,7.4464,9.4633,6.4679,2
2457938.514477,14.4348,40.7502,8.0031,7.4464,9.4633,6.4679,2
2457938.548847,18.8828,42.9021,8.0031,7.4464,9.4633,6.4679,2
2457944.524107,14.2436,43.2163,8.0031,7.4464,9.4633,6.4679,2
2457944.552727,19.4592,42.8545,8.0031,7.4464,9.4633,6.4679,2
2457944.569847,6.9953,39.7738,8.0031,7.4464,9.4633,6.4679,2
2457944.587177,12.9232,33.0614,8.0031,7.4464,9.4633,6.4679,2
2457944.611757,23.3763,42.2883,8.0031,7.4464,9.4633,6.4679,2
2457944.651807,16.7576,35.6020,8.0031,7.4464,9.4633,6.4679,2
2457944.684397,12.7328,47.6160,8.0031,7.4464,9.4633,6.4679,2
2457944.701857,18.9666,35.6429,8.0031,7.4464,9.4633,6.4679,2
2457944.720617,22.5621,32.3417,8.0031,7.4464,9.4633,6.4679,2
2457944.740147,24.0622,51.7716,8.0031,7.4464,9.4633,6.4679,2
2457944.759117,9.3264,37.4225,8.0031,7.4464,9.4633,6.4679,2
2457944.788087,19.1194,37.3220,8.0031,7.4464,9.4633,6.4679,2
2457945.475707,25.6434,45.1256,8.0031,7.4464,9.4633,6.4679,2
2457945.493687,18.6840,35.6252,8.0031,7.4464,9.4633,6.4679,2
2457945.529687,16.2017,45.1475,8.0031,7.4464,9.4633,6.4679,2
2457945.558197,22.4484,36.3297,8.0031,7.4464,9.4633,6.4679,2
2457945.576727,17.2915,41.5862,8.0031,7.4464,9.4633,6.4679,2
2457945.594877,15.9121,36.3506,8.0031,7.4464,9.4633,6.4679,2
2457945.701997,7.8996,38.4850,8.0031,7.4464,9.4633,6.4679,2
2457945.720437,14.7861,43.1621,8.0031,7.4464,9.4633,6.4679,2
2457945.737617,21.9059,44.8677,8.0031,7.4464,9.4633,6.4679,2
2457945.755217,6.6682,47.8214,8.0031,7.4464,9.4633,6.4679,2
2457945.783017,20.1802,52.3957,8.0031,7.4464,9.4633,6.4679,2
2457946.501687,15.2562,38.8214,8.0031,7.4464,9.4633,6.4679,2
2457946.558417,13.6202,39.2590,8.0031,7.4464,9.4633,6.4679,2
2457946.576157,17.6738,38.8545,8.0031,7.4464,9.4633,6.4679,2
2457946.593217,16.2603,44.3876,8.0031,7.4464,9.4633,6.4679,2
2457946.614727,27.6603,37.3487,8.0031,7.4464,9.4633,6.4679,2
2457946.685067,3.9483,38.6450,8.0031,7.4464,9.4633,6.4679,2
2457946.703707,13.3383,46.9528,8.0031,7.4464,9.4633,6.4679,2
2457946.723977,31.2890,41.0590,8.0031,7.4464,9.4633,6.4679,2
2457948.493957,13.6926,36.8852,8.0031,7.4464,9.4633,6.4679,2
2457948.547837,1.4898,29.8794,8.0031,7.4464,9.4633,6.4679,2
2457948.566347,24.5873,45.9475,8.0031,7.4464,9.4633,6.4679,2
2457948.605187,33.5084,39.8158,8.0031,7.4464,9.4633,6.4679,2
2457948.626277,26.0194,41.7696,8.0031,7.4464,9.4633,6.4679,2
2457948.646587,12.2617,44.3190,8.0031,7.4464,9.4633,6.4679,2
2457948.678067,32.5155,36.3384,8.0031,7.4464,9.4633,6.4679,2
2457949.592547,22.7981,27.4437,8.0031,7.4464,9.4633,6.4679,2
2457949.653377,22.4406,32.9486,8.0031,7.4464,9.4633,6.4679,2
2457949.727497,10.5686,42.8050,8.0031,7.4464,9.4633,6.4679,2
2457951.693517,23.5667,28.8998,8.0031,7.4464,9.4633,6.4679,2
2457952.479777,15.4413,37.8487,8.0031,7.4464,9.4633,6.4679,2
2457952.500217,21.5192,30.7586,8.0031,7.4464,9.4633,6.4679,2
2457952.519497,21.2222,28.0505,8.0031,7.4464,9.4633,6.4679,2
2457952.593677,25.6874,36.5271,8.0031,7.4464,9.4633,6.4679,2
2457952.635467,5.3444,48.4087,8.0031,7.4464,9.4633,6.4679,2
2457952.668327,4.2213,32.8662,8.0031,7.4464,9.4633,6.4679,2
2457952.721767,9.0883,43.3650,8.0031,7.4464,9.4633,6.4679,2
2457952.741557,5.3055,28.9477,8.0031,7.4464,9.4633,6.4679,2
2457953.524037,5.1271,23.7129,8.0031,7.4464,9.4633,6.4679,2
2457953.545037,12.8098,46.8492,8.0031,7.4464,9.4633,6.4679,2
2457953.588547,13.7462,28.4160,8.0031,7.4464,9.4633,6.4679,2
2457953.607777,19.5764,36.3239,8.0031,7.4464,9.4633,6.4679,2
2457953.661797,10.7382,34.6431,8.0031,7.4464,9.4633,6.4679,2
2457953.719797,8.2234,40.8769,8.0031,7.4464,9.4633,6.4679,2
2457954.488287,30.0935,40.1181,8.0031,7.4464,9.4633,6.4679,2
2457954.505717,1.3989,28.2567,8.0031,7.4464,9.4633,6.4679,2
2457954.525757,22.7688,33.4930,8.0031,7.4464,9.4633,6.4679,2
2457954.545037,17.4206,33.1140,8.0031,7.4464,9.4633,6.4679,2
2457954.617737,9.2140,50.4467,8.0031,7.4464,9.4633,6.4679,2
2457954.637797,8.0774,33.8187,8.0031,7.4464,9.4633,6.4679,2
2457954.670217,11.9169,32.7186,8.0031,7.4464,9.4633,6.4679,2
2457955.538247,21.3768,39.6261,8.0031,7.4464,9.4633,6.4679,2
2457955.557227,17.7897,32.0994,8.0031,7.4464,9.4633,6.4679,2
2457955.624887,12.4959,34.1525,8.0031,7.4464,9.4633,6.4679,2
2457955.662327,10.4132,38.3080,8.0031,7.4464,9.4633,6.4679,2
2457955.697637,20.6876,54.4871,8.0031,7.4464,9.4633,6.4679,2
2457955.729247,17.4300,26.4679,8.0031,7.4464,9.4633,6.4679,2
2457956.467687,18.6603,33.4229,8.0031,7.4464,9.4633,6.4679,2
2457956.484347,16.2062,33.4200,8.0031,7.4464,9.4633,6.4679,2
2457956.503517,5.8685,38.8621,8.0031,7.4464,9.4633,6.4679,2
2457956.532567,10.0545,40.8259,8.0031,7.4464,9.4633,6.4679,2
2457956.550387,11.2923,30.5600,8.0031,7.4464,9.4633,6.4679,2
2457956.569034,15.8389,38.9633,8.0031,7.4464,9.4633,6.4679,2
2457956.588024,15.8576,43.3592,8.0031,7.4464,9.4633,6.4679,2
2457956.662867,8.3585,29.1248,8.0031,7.4464,9.4633,6.4679,2
2457956.680327,6.9159,23.7791,8.0031,7.4464,9.4633,6.4679,2
2457956.699157,11.6747,27.9949,8.0031,7.4464,9.4633,6.4679,2
2457956.736327,20.6773,35.0736,8.0031,7.4464,9.4633,6.4679,2
2457956.764477,29.4694,35.9502,8.0031,7.4464,9.4633,6.4679,2
2457958.631237,3.7661,35.4267,8.0031,7.4464,9.4633,6.4679,2
2457958.666917,25.9998,48.4011,8.0031,7.4464,9.4633,6.4679,2
2457958.695437,17.7800,39.1563,8.0031,7.4464,9.4633,6.4679,2
2457958.765777,18.6533,48.9522,8.0031,7.4464,9.4633,6.4679,2
2457959.496097,29.3528,42.1957,8.0031,7.4464,9.4633,6.4679,2
2457959.514817,6.1881,28.9390,8.0031,7.4464,9.4633,6.4679,2
2457959.537007,13.2042,33.7904,8.0031,7.4464,9.4633,6.4679,2
2457959.577027,19.6250,51.6960,8.0031,7.4464,9.4633,6.4679,2
2457959.605987,12.3444,37.5518,8.0031,7.4464,9.4633,6.4679,2
2457959.623637,9.4950,32.5231,8.0031,7.4464,9.4633,6.4679,2
2457959.641427,15.2512,33.6348,8.0031,7.4464,9.4633,6.4679,2
2457960.470257,15.3974,44.5384,8.0031,7.4464,9.4633,6.4679,2
2457960.552457,15.7466,38.9864,8.0031,7.4464,9.4633,6.4679,2
2457960.571287,11.9547,38.0232,8.0031,7.4464,9.4633,6.4679,2
2457960.590047,21.3945,42.4452,8.0031,7.4464,9.4633,6.4679,2
2457960.610337,10.1753,31.8172,8.0031,7.4464,9.4633,6.4679,2
2457960.639647,12.7214,31.6284,8.0031,7.4464,9.4633,6.4679,2
2457960.660077,5.8891,41.2798,8.0031,7.4464,9.4633,6.4679,2
2457960.677547,7.1826,38.8475,8.0031,7.4464,9.4633,6.4679,2
2457960.694897,15.2737,32.0731,8.0031,7.4464,9.4633,6.4679,2
2457960.715787,14.9511,30.4330,8.0031,7.4464,9.4633,6.4679,2
2457960.744427,8.3186,40.0591,8.0031,7.4464,9.4633,6.4679,2
2457961.521607,16.9057,44.6251,8.0031,7.4464,9.4633,6.4679,2
2457961.570087,33.3172,46.3488,8.0031,7.4464,9.4633,6.4679,2
2457961.588627,15.3206,42.8001,8.0031,7.4464,9.4633,6.4679,2
2457961.648247,19.1969,42.2235,8.0031,7.4464,9.4633,6.4679,2
2457961.677847,24.4008,49.6734,8.0031,7.4464,9.4633,6.4679,2
2457961.721757,27.3540,43.7076,8.0031,7.4464,9.4633,6.4679,2
2457962.500047,25.6403,33.0036,8.0031,7.4464,9.4633,6.4679,2
2457962.530127,33.4165,30.4383,8.0031,7.4464,9.4633,6.4679,2
2457962.547927,20.4084,53.3769,8.0031,7.4464,9.4633,6.4679,2
2457962.642217,24.8937,47.8554,8.0031,7.4464,9.4633,6.4679,2
2457962.663847,26.8046,41.3899,8.0031,7.4464,9.4633,6.4679,2
2457962.682627,23.4409,31.4634,8.0031,7.4464,9.4633,6.4679,2
2457962.746047,19.3362,52.5486,8.0031,7.4464,9.4633,6.4679,2
2457964.538437,14.6555,49.2389,8.0031,7.4464,9.4633,6.4679,2
2457964.557047,19.7583,40.9036,8.0031,7.4464,9.4633,6.4679,2
2457964.609737,16.2360,30.1577,8.0031,7.4464,9.4633,6.4679,2
2457964.627097,2.6857,27.7686,8.0031,7.4464,9.4633,6.4679,2
2457964.663527,20.9969,31.8946,8.0031,7.4464,9.4633,6.4679,2
2457964.692867,4.4965,42.0037,8.0031,7.4464,9.4633,6.4679,2
2457964.710917,19.3652,38.7793,8.0031,7.4464,9.4633,6.4679,2
2457964.728277,14.3656,34.4998,8.0031,7.4464,9.4633,6.4679,2
2457966.498387,15.3917,35.1935,8.0031,7.4464,9.4633,6.4679,2
2457966.520547,11.6223,34.7956,8.0031,7.4464,9.4633,6.4679,2
2457966.541267,15.3588,27.1859,8.0031,7.4464,9.4633,6.4679,2
2457966.573257,11.8718,30.8777,8.0031,7.4464,9.4633,6.4679,2
2457966.593087,20.9048,40.3270,8.0031,7.4464,9.4633,6.4679,2
2457966.614527,12.1693,30.6464,8.0031,7.4464,9.4633,6.4679,2
2457966.633487,17.9093,25.0089,8.0031,7.4464,9.4633,6.4679,2
2457966.653737,10.2120,28.8897,8.0031,7.4464,9.4633,6.4679,2
2457967.584187,16.8848,44.8827,8.0031,7.4464,9.4633,6.4679,2
2457968.563257,14.3342,41.1276,8.0031,7.4464,9.4633,6.4679,2
2457968.584257,19.5589,42.8546,8.0031,7.4464,9.4633,6.4679,2
2457968.615487,20.0393,45.9803,8.0031,7.4464,9.4633,6.4679,2
2457968.635047,26.8675,44.3746,8.0031,7.4464,9.4633,6.4679,2
2457968.653897,26.5427,24.6420,8.0031,7.4464,9.4633,6.4679,2
2457968.675047,12.0360,40.7295,8.0031,7.4464,9.4633,6.4679,2
2457968.697557,4.6645,38.7125,8.0031,7.4464,9.4633,6.4679,2
2457968.717717,13.4693,30.3810,8.0031,7.4464,9.4633,6.4679,2
2457969.491207,7.6470,51.6199,8.0031,7.4464,9.4633,6.4679,2
2457969.588947,12.7525,31.5287,8.0031,7.4464,9.4633,6.4679,2
2457969.669617,15.5383,45.3070,8.0031,7.4464,9.4633,6.4679,2
2457970.583217,13.7585,47.5340,8.0031,7.4464,9.4633,6.4679,2
2457970.605187,2.8518,47.8655,8.0031,7.4464,9.4633,6.4679,2
2457970.704917,12.5486,35.6854,8.0031,7.4464,9.4633,6.4679,2
2457971.626597,15.8505,31.0279,8.0031,7.4464,9.4633,6.4679,2
2457971.673687,22.5296,36.0921,8.0031,7.4464,9.4633,6.4679,2
2457971.691627,13.0833,51.1624,8.0031,7.4464,9.4633,6.4679,2
2457971.710207,19.3176,39.6383,8.0031,7.4464,9.4633,6.4679,2
2457971.728557,6.1756,35.1954,8.0031,7.4464,9.4633,6.4679,2
2457981.504597,16.7028,38.7106,8.0031,7.4464,9.4633,6.4679,2
2457981.523647,20.9943,35.5835,8.0031,7.4464,9.4633,6.4679,2
2457981.558607,22.3667,40.9571,8.0031,7.4464,9.4633,6.4679,2
2457981.580227,27.5715,34.5518,8.0031,7.4464,9.4633,6.4679,2
2457981.628537,3.2411,40.1970,8.0031,7.4464,9.4633,6.4679,2
2457981.648677,14.6717,37.8639,8.0031,7.4464,9.4633,6.4679,2
2457982.581617,14.7734,41.1170,8.0031,7.4464,9.4633,6.4679,2
2457982.602307,6.3382,51.1519,8.0031,7.4464,9.4633,6.4679,2
2457982.624937,3.5143,27.8490,8.0031,7.4464,9.4633,6.4679,2
2457982.704407,12.4621,34.0728,8.0031,7.4464,9.4633,6.4679,2
2457983.471397,12.1624,51.8915,8.0031,7.4464,9.4633,6.4679,2
2457983.488947,1.7845,45.7989,8.0031,7.4464,9.4633,6.4679,2
2457983.506617,7.0361,45.3091,8.0031,7.4464,9.4633,6.4679,2
2457983.571857,27.9095,41.0726,8.0031,7.4464,9.4633,6.4679,2
2457983.608657,12.4419,28.4112,8.0031,7.4464,9.4633,6.4679,2
2457983.627777,9.1941,32.3147,8.0031,7.4464,9.4633,6.4679,2
2457983.646087,30.3296,36.8079,8.0031,7.4464,9.4633,6.4679,2
2457983.676637,4.8711,30.3945,8.0031,7.4464,9.4633,6.4679,2
2457983.694367,13.8949,41.8727,8.0031,7.4464,9.4633,6.4679,2
2457984.531387,7.6438,41.0331,8.0031,7.4464,9.4633,6.4679,2
2457984.550357,20.2879,32.2154,8.0031,7.4464,9.4633,6.4679,2
2457984.567737,22.8024,31.1873,8.0031,7.4464,9.4633,6.4679,2
2457984.663817,18.1762,43.5046,8.0031,7.4464,9.4633,6.4679,2
2457985.498947,27.6208,45.8673,8.0031,7.4464,9.4633,6.4679,2
2457985.519957,9.2047,34.3799,8.0031,7.4464,9.4633,6.4679,2
2457985.538427,14.2226,32.6620,8.0031,7.4464,9.4633,6.4679,2
2457985.655897,8.7046,39.7575,8.0031,7.4464,9.4633,6.4679,2
2457986.497057,10.0314,40.0283,8.0031,7.4464,9.4633,6.4679,2
2457986.526957,15.6969,39.8454,8.0031,7.4464,9.4633,6.4679,2
2457987.511807,6.3993,48.9016,8.0031,7.4464,9.4633,6.4679,2
2457987.531367,16.1285,35.8686,8.0031,7.4464,9.4633,6.4679,2
2457987.563277,15.9549,38.0724,8.0031,7.4464,9.4633,6.4679,2
2457987.580817,22.0404,38.5641,8.0031,7.4464,9.4633,6.4679,2
2457987.605627,15.1031,46.6482,8.0031,7.4464,9.4633,6.4679,2
2457987.623047,13.3082,38.6776,8.0031,7.4464,9.4633,6.4679,2
2457987.640847,12.0798,44.5355,8.0031,7.4464,9.4633,6.4679,2
2457987.669327,7.9300,29.0965,8.0031,7.4464,9.4633,6.4679,2
2457987.686597,15.2341,34.6084,8.0031,7.4464,9.4633,6.4679,2
2457988.588057,21.7135,30.3881,8.0031,7.4464,9.4633,6.4679,2
2457989.589827,11.2164,46.7629,8.0031,7.4464,9.4633,6.4679,2
2457989.653497,22.6364,34.8015,8.0031,7.4464,9.4633,6.4679,2
2457990.538787,10.2575,39.3256,8.0031,7.4464,9.4633,6.4679,2
2457990.556217,11.3418,37.6524,8.0031,7.4464,9.4633,6.4679,2
2457990.575317,17.8873,29.7435,8.0031,7.4464,9.4633,6.4679,2
2457990.592867,4.9848,43.1032,8.0031,7.4464,9.4633,6.4679,2
2457990.628897,21.4529,46.2936,8.0031,7.4464,9.4633,6.4679,2
2457990.648337,12.8681,45.5508,8.0031,7.4464,9.4633,6.4679,2
2457990.666177,7.7329,30.5038,8.0031,7.4464,9.4633,6.4679,2
2457991.614747,7.0333,33.2695,8.0031,7.4464,9.4633,6.4679,2
2457991.630957,13.7281,37.2605,8.0031,7.4464,9.4633,6.4679,2
2457992.482347,0.5422,39.7994,8.0031,7.4464,9.4633,6.4679,2
2457992.499677,12.7446,25.7931,8.0031,7.4464,9.4633,6.4679,2
2457992.546647,16.3820,37.9426,8.0031,7.4464,9.4633,6.4679,2
2457992.565347,6.0882,37.6344,8.0031,7.4464,9.4633,6.4679,2
2457992.582757,27.5000,34.7208,8.0031,7.4464,9.4633,6.4679,2
2457992.643727,16.1168,31.7781,8.0031,7.4464,9.4633,6.4679,2
2457993.518477,8.9005,39.4732,8.0031,7.4464,9.4633,6.4679,2
2457993.540597,18.1889,34.2415,8.0031,7.4464,9.4633,6.4679,2
2457993.575327,26.8443,41.0613,8.0031,7.4464,9.4633,6.4679,2
2457993.616027,8.4675,44.0590,8.0031,7.4464,9.4633,6.4679,2
2457994.593707,0.9647,33.0709,8.0031,7.4464,9.4633,6.4679,2
2457995.498797,13.3846,37.6956,8.0031,7.4464,9.4633,6.4679,2
2457995.516287,20.6353,33.7506,8.0031,7.4464,9.4633,6.4679,2
2457995.550977,14.7329,26.9576,8.0031,7.4464,9.4633,6.4679,2
2457995.569547,7.8088,38.3246,8.0031,7.4464,9.4633,6.4679,2
2457996.549927,22.4063,47.7065,8.0031,7.4464,9.4633,6.4679,2
2457996.566977,13.9174,32.8171,8.0031,7.4464,9.4633,6.4679,2
2457996.596127,22.2292,40.8647,8.0031,7.4464,9.4633,6.4679,2
2457996.615467,12.7015,44.5509,8.0031,7.4464,9.4633,6.4679,2
2457996.631877,29.2057,39.7972,8.0031,7.4464,9.4633,6.4679,2
2457997.562867,17.1623,33.4167,8.0031,7.4464,9.4633,6.4679,2
2457997.581297,12.0899,44.9100,8.0031,7.4464,9.4633,6.4679,2
2457997.600637,20.4383,36.6553,8.0031,7.4464,9.4633,6.4679,2
2457997.617927,17.5581,39.7064,8.0031,7.4464,9.4633,6.4679,2
2457998.485297,9.4911,36.2322,8.0031,7.4464,9.4633,6.4679,2
2457998.505427,13.9549,35.3565,8.0031,7.4464,9.4633,6.4679,2
2457998.527227,5.9341,37.6326,8.0031,7.4464,9.4633,6.4679,2
2457998.547117,16.9952,30.6149,8.0031,7.4464,9.4633,6.4679,2
2457998.565787,11.3365,33.8201,8.0031,7.4464,9.4633,6.4679,2
2457998.583157,14.7631,30.5110,8.0031,7.4464,9.4633,6.4679,2
2457998.614017,27.4521,41.1812,8.0031,7.4464,9.4633,6.4679,2
2457998.634507,17.9639,25.1438,8.0031,7.4464,9.4633,6.4679,2
2458001.498887,0.8606,38.7408,8.0031,7.4464,9.4633,6.4679,2
2458001.525737,13.0280,38.2319,8.0031,7.4464,9.4633,6.4679,2
2458001.550667,7.9709,32.5657,8.0031,7.4464,9.4633,6.4679,2
2458001.588417,14.5231,39.4261,8.0031,7.4464,9.4633,6.4679,2
2458001.619027,12.6958,35.5229,8.0031,7.4464,9.4633,6.4679,2
2458002.529807,27.5126,47.7149,8.0031,7.4464,9.4633,6.4679,2
2458002.551337,17.2343,43.5686,8.0031,7.4464,9.4633,6.4679,2
2458002.605407,16.6993,48.7266,8.0031,7.4464,9.4633,6.4679,2
2458002.624697,23.1275,49.9941,8.0031,7.4464,9.4633,6.4679,2
2458003.524667,13.9641,39.4641,8.0031,7.4464,9.4633,6.4679,2
2458003.646027,9.5667,46.2932,8.0031,7.4464,9.4633,6.4679,2
2458004.489517,8.6287,41.5639,8.0031,7.4464,9.4633,6.4679,2
2458004.525737,12.5417,39.4048,8.0031,7.4464,9.4633,6.4679,2
2458004.549557,21.2857,36.7528,8.0031,7.4464,9.4633,6.4679,2
2458004.568057,1.6541,50.1555,8.0031,7.4464,9.4633,6.4679,2
2458004.629327,15.5736,41.9811,8.0031,7.4464,9.4633,6.4679,2
2458008.631437,23.1450,40.7413,8.0031,7.4464,9.4633,6.4679,2
2458010.542257,12.9010,34.3208,8.0031,7.4464,9.4633,6.4679,2
2458010.594327,17.4913,51.0615,8.0031,7.4464,9.4633,6.4679,2
2458010.615117,12.8484,44.2889,8.0031,7.4464,9.4633,6.4679,2
2458012.513607,15.1859,43.9620,8.0031,7.4464,9.4633,6.4679,2
2458013.478547,6.6332,44.5023,8.0031,7.4464,9.4633,6.4679,2
2458013.552127,-1.4006,48.6674,8.0031,7.4464,9.4633,6.4679,2
2458013.571277,11.5259,46.2940,8.0031,7.4464,9.4633,6.4679,2
2458013.588847,18.4240,35.8182,8.0031,7.4464,9.4633,6.4679,2
2458013.607077,18.3709,39.5987,8.0031,7.4464,9.4633,6.4679,2
2458014.479087,10.2844,41.0300,8.0031,7.4464,9.4633,6.4679,2
2458014.575647,21.0931,35.9079,8.0031,7.4464,9.4633,6.4679,2
2458017.514897,17.0497,30.4221,8.0031,7.4464,9.4633,6.4679,2
2458017.532647,13.4850,28.5144,8.0031,7.4464,9.4633,6.4679,2
2458017.575877,21.3221,43.5104,8.0031,7.4464,9.4633,6.4679,2
2458018.518117,24.2533,48.5740,8.0031,7.4464,9.4633,6.4679,2
2458018.537497,8.5686,36.6419,8.0031,7.4464,9.4633,6.4679,2
2458018.556407,8.6371,48.1278,8.0031,7.4464,9.4633,6.4679,2
2458018.574647,11.2491,37.1203,8.0031,7.4464,9.4633,6.4679,2
2458018.593847,6.4019,28.9978,8.0031,7.4464,9.4633,6.4679,2
2458019.519357,19.4050,33.9297,8.0031,7.4464,9.4633,6.4679,2
2458019.537787,20.0894,31.3987,8.0031,7.4464,9.4633,6.4679,2
2458019.557457,17.2347,36.1368,8.0031,7.4464,9.4633,6.4679,2
2458020.490247,31.8698,35.1385,8.0031,7.4464,9.4633,6.4679,2
2458020.540627,17.9620,39.9252,8.0031,7.4464,9.4633,6.4679,2
2458020.580157,-0.2324,43.3040,8.0031,7.4464,9.4633,6.4679,2
2458021.533747,29.6657,33.0906,8.0031,7.4464,9.4633,6.4679,2
2458021.598647,7.8792,44.0803,8.0031,7.4464,9.4633,6.4679,2
2458022.488367,18.5364,26.5068,8.0031,7.4464,9.4633,6.4679,2
2458022.507687,16.0629,32.6793,8.0031,7.4464,9.4633,6.4679,2
2458022.528267,11.7223,39.1078,8.0031,7.4464,9.4633,6.4679,2
2458022.577897,23.9585,30.5996,8.0031,7.4464,9.4633,6.4679,2
2458022.594447,9.4605,30.0199,8.0031,7.4464,9.4633,6.4679,2
2458023.501097,19.7579,33.9242,8.0031,7.4464,9.4633,6.4679,2
2458023.522087,8.0465,29.9646,8.0031,7.4464,9.4633,6.4679,2
2458023.542207,10.0404,46.3663,8.0031,7.4464,9.4633,6.4679,2
2458023.561067,10.7536,47.4359,8.0031,7.4464,9.4633,6.4679,2
2458023.580597,24.1000,34.8583,8.0031,7.4464,9.4633,6.4679,2
2458023.592107,25.4594,40.9509,8.0031,7.4464,9.4633,6.4679,2
2458024.524207,26.3922,46.6406,8.0031,7.4464,9.4633,6.4679,2
2458024.555127,17.0885,37.8508,8.0031,7.4464,9.4633,6.4679,2
2458025.531757,29.4774,47.4334,8.0031,7.4464,9.4633,6.4679,2
2458029.504187,11.9374,41.6702,8.0031,7.4464,9.4633,6.4679,2
2458029.557587,1.6379,32.9182,8.0031,7.4464,9.4633,6.4679,2
2458029.576347,18.3667,33.5629,8.0031,7.4464,9.4633,6.4679,2
2458030.492107,9.1864,27.5162,8.0031,7.4464,9.4633,6.4679,2
2458030.512017,15.4483,37.9276,8.0031,7.4464,9.4633,6.4679,2
2458030.533167,4.5058,29.4342,8.0031,7.4464,9.4633,6.4679,2
2458030.550367,18.5449,33.5551,8.0031,7.4464,9.4633,6.4679,2
2458032.512177,14.2048,36.9079,8.0031,7.4464,9.4633,6.4679,2
2458033.512717,15.6616,37.3025,8.0031,7.4464,9.4633,6.4679,2
2458033.549487,30.5004,39.0876,8.0031,7.4464,9.4633,6.4679,2
2458034.515997,35.5070,25.5476,8.0031,7.4464,9.4633,6.4679,2
2458036.530077,17.6883,32.4119,8.0031,7.4464,9.4633,6.4679,2
2458036.550677,15.1331,35.8908,8.0031,7.4464,9.4633,6.4679,2
2458037.496537,11.5585,38.3971,8.0031,7.4464,9.4633,6.4679,2
2458037.516257,4.4150,37.1032,8.0031,7.4464,9.4633,6.4679,2
2458040.505197,22.0645,36.7382,8.0031,7.4464,9.4633,6.4679,2
2458040.541717,4.1710,31.8753,8.0031,7.4464,9.4633,6.4679,2
2458041.522017,12.0852,30.9150,8.0031,7.4464,9.4633,6.4679,2
2458043.494827,20.4859,33.4667,8.0031,7.4464,9.4633,6.4679,2
2458043.513537,34.8251,35.4476,8.0031,7.4464,9.4633,6.4679,2
2458043.531477,19.1174,24.5281,8.0031,7.4464,9.4633,6.4679,2
2458170.856207,8.7369,38.3101,8.0031,7.4464,9.8119,6.5126,3
2458171.870627,17.7386,38.2208,8.0031,7.4464,9.8119,6.5126,3
2458172.855777,10.2074,36.6853,8.0031,7.4464,9.8119,6.5126,3
2458172.894487,20.2530,38.7988,8.0031,7.4464,9.8119,6.5126,3
2458174.856577,14.0802,30.4358,8.0031,7.4464,9.8119,6.5126,3
2458174.873587,19.3970,35.2271,8.0031,7.4464,9.8119,6.5126,3
2458175.889467,16.9552,41.8579,8.0031,7.4464,9.8119,6.5126,3
2458176.895647,10.7957,42.7241,8.0031,7.4464,9.8119,6.5126,3
2458177.875327,21.1800,41.6597,8.0031,7.4464,9.8119,6.5126,3
2458178.880577,19.3815,32.7887,8.0031,7.4464,9.8119,6.5126,3
2458178.902707,14.9358,25.8840,8.0031,7.4464,9.8119,6.5126,3
2458179.883787,8.9089,42.0054,8.0031,7.4464,9.8119,6.5126,3
2458179.902187,10.3548,34.7303,8.0031,7.4464,9.8119,6.5126,3
2458180.843417,4.3979,26.6755,8.0031,7.4464,9.8119,6.5126,3
2458180.860647,5.4425,26.7667,8.0031,7.4464,9.8119,6.5126,3
2458180.877427,6.1258,26.1040,8.0031,7.4464,9.8119,6.5126,3
2458180.896737,11.5273,24.2749,8.0031,7.4464,9.8119,6.5126,3
2458181.825467,9.1608,34.1920,8.0031,7.4464,9.8119,6.5126,3
2458181.855157,1.6228,31.8848,8.0031,7.4464,9.8119,6.5126,3
2458181.873707,13.1623,36.1050,8.0031,7.4464,9.8119,6.5126,3
2458181.890897,9.8332,34.3311,8.0031,7.4464,9.8119,6.5126,3
2458182.896947,-0.6351,21.7148,8.0031,7.4464,9.8119,6.5126,3
2458183.832277,12.9636,36.9446,8.0031,7.4464,9.8119,6.5126,3
2458183.860287,9.5498,31.8401,8.0031,7.4464,9.8119,6.5126,3
2458183.904377,16.6873,43.9857,8.0031,7.4464,9.8119,6.5126,3
2458184.871527,8.0519,21.9652,8.0031,7.4464,9.8119,6.5126,3
2458184.889917,5.6510,34.8989,8.0031,7.4464,9.8119,6.5126,3
2458184.908467,6.3368,33.6270,8.0031,7.4464,9.8119,6.5126,3
2458185.815817,13.7885,44.9723,8.0031,7.4464,9.8119,6.5126,3
2458185.832757,11.6401,26.8720,8.0031,7.4464,9.8119,6.5126,3
2458185.860667,13.8849,29.4060,8.0031,7.4464,9.8119,6.5126,3
2458185.878597,1.9134,27.6374,8.0031,7.4464,9.8119,6.5126,3
2458186.883127,2.9699,38.4068,8.0031,7.4464,9.8119,6.5126,3
2458187.873117,9.4135,29.5258,8.0031,7.4464,9.8119,6.5126,3
2458187.890267,13.3696,22.8395,8.0031,7.4464,9.8119,6.5126,3
2458187.907837,7.0042,38.0016,8.0031,7.4464,9.8119,6.5126,3
2458188.833847,17.4675,34.2540,8.0031,7.4464,9.8119,6.5126,3
2458188.869367,5.6094,30.0915,8.0031,7.4464,9.8119,6.5126,3
2458188.888967,10.3340,28.3800,8.0031,7.4464,9.8119,6.5126,3
2458188.906257,15.0679,36.8401,8.0031,7.4464,9.8119,6.5126,3
2458189.814507,1.6046,32.9095,8.0031,7.4464,9.8119,6.5126,3
2458189.844887,6.3597,43.0178,8.0031,7.4464,9.8119,6.5126,3
2458189.861587,-0.0585,28.4726,8.0031,7.4464,9.8119,6.5126,3
2458190.800997,9.8564,24.7652,8.0031,7.4464,9.8119,6.5126,3
2458190.817847,8.0072,20.1299,8.0031,7.4464,9.8119,6.5126,3
2458190.835007,20.0866,24.2369,8.0031,7.4464,9.8119,6.5126,3
2458190.852417,10.0430,29.9497,8.0031,7.4464,9.8119,6.5126,3
2458190.869677,13.6261,37.2769,8.0031,7.4464,9.8119,6.5126,3
2458190.898117,8.9857,31.5631,8.0031,7.4464,9.8119,6.5126,3
2458191.853777,6.4238,38.5978,8.0031,7.4464,9.8119,6.5126,3
2458191.863567,8.5411,22.4109,8.0031,7.4464,9.8119,6.5126,3
2458192.828077,10.2288,23.5591,8.0031,7.4464,9.8119,6.5126,3
2458192.867897,-3.9882,22.4616,8.0031,7.4464,9.8119,6.5126,3
2458193.836127,10.7090,34.2061,8.0031,7.4464,9.8119,6.5126,3
2458193.853197,19.0828,21.8156,8.0031,7.4464,9.8119,6.5126,3
2458193.870527,8.2694,16.9880,8.0031,7.4464,9.8119,6.5126,3
2458193.887997,-3.8374,22.2195,8.0031,7.4464,9.8119,6.5126,3
2458193.905107,3.8239,43.9215,8.0031,7.4464,9.8119,6.5126,3
2458194.826367,11.2593,28.7486,8.0031,7.4464,9.8119,6.5126,3
2458194.843517,-2.9256,33.2780,8.0031,7.4464,9.8119,6.5126,3
2458194.877707,11.0456,22.6105,8.0031,7.4464,9.8119,6.5126,3
2458194.912487,16.8507,40.4390,8.0031,7.4464,9.8119,6.5126,3
2458195.843967,12.0163,37.0411,8.0031,7.4464,9.8119,6.5126,3
2458195.872467,1.2068,27.5671,8.0031,7.4464,9.8119,6.5126,3
2458196.825987,5.1325,30.4234,8.0031,7.4464,9.8119,6.5126,3
2458196.846107,2.4376,32.9471,8.0031,7.4464,9.8119,6.5126,3
2458196.897587,6.1911,33.5237,8.0031,7.4464,9.8119,6.5126,3
2458197.842217,14.3376,31.2074,8.0031,7.4464,9.8119,6.5126,3
2458197.862447,9.6925,27.4351,8.0031,7.4464,9.8119,6.5126,3
2458197.896977,-0.6196,24.4949,8.0031,7.4464,9.8119,6.5126,3
2458197.914127,1.9551,35.3726,8.0031,7.4464,9.8119,6.5126,3
2458198.847547,19.8233,26.3635,8.0031,7.4464,9.8119,6.5126,3
2458198.864447,11.0021,39.1590,8.0031,7.4464,9.8119,6.5126,3
2458198.884767,5.7366,26.8951,8.0031,7.4464,9.8119,6.5126,3
2458198.903607,2.7789,37.5861,8.0031,7.4464,9.8119,6.5126,3
2458199.825517,2.1827,23.2140,8.0031,7.4464,9.8119,6.5126,3
2458199.842577,4.8602,18.6384,8.0031,7.4464,9.8119,6.5126,3
2458199.908667,7.8812,31.8843,8.0031,7.4464,9.8119,6.5126,3
2458200.796727,9.6310,33.0611,8.0031,7.4464,9.8119,6.5126,3
2458200.893847,3.9596,39.8334,8.0031,7.4464,9.8119,6.5126,3
2458200.913557,10.1646,38.7484,8.0031,7.4464,9.8119,6.5126,3
2458201.818617,8.9370,21.7683,8.0031,7.4464,9.8119,6.5126,3
2458201.858027,12.6770,33.4424,8.0031,7.4464,9.8119,6.5126,3
2458201.897957,3.7159,29.5194,8.0031,7.4464,9.8119,6.5126,3
2458202.772827,20.3288,26.7991,8.0031,7.4464,9.8119,6.5126,3
2458202.823887,1.9043,25.2823,8.0031,7.4464,9.8119,6.5126,3
2458202.842187,16.9562,33.1395,8.0031,7.4464,9.8119,6.5126,3
2458202.865917,17.2134,21.5448,8.0031,7.4464,9.8119,6.5126,3
2458202.895927,10.9265,25.3351,8.0031,7.4464,9.8119,6.5126,3
2458203.768317,19.8697,28.0048,8.0031,7.4464,9.8119,6.5126,3
2458203.784807,-3.1509,45.1539,8.0031,7.4464,9.8119,6.5126,3
2458204.820587,10.0153,31.4040,8.0031,7.4464,9.8119,6.5126,3
2458204.866027,3.3688,31.9625,8.0031,7.4464,9.8119,6.5126,3
2458204.882657,-0.8409,26.3571,8.0031,7.4464,9.8119,6.5126,3
2458204.899637,15.9640,28.8362,8.0031,7.4464,9.8119,6.5126,3
2458205.759287,14.8614,34.1935,8.0031,7.4464,9.8119,6.5126,3
2458205.807157,-2.4743,21.6177,8.0031,7.4464,9.8119,6.5126,3
2458205.823917,13.0135,26.1528,8.0031,7.4464,9.8119,6.5126,3
2458205.875767,10.3130,25.2390,8.0031,7.4464,9.8119,6.5126,3
2458205.920967,16.8959,43.2282,8.0031,7.4464,9.8119,6.5126,3
2458206.758697,17.2593,21.2042,8.0031,7.4464,9.8119,6.5126,3
2458206.775547,22.9259,28.7524,8.0031,7.4464,9.8119,6.5126,3
2458206.792607,9.8509,28.6229,8.0031,7.4464,9.8119,6.5126,3
2458206.809547,21.2120,36.1226,8.0031,7.4464,9.8119,6.5126,3
2458206.854227,0.1494,28.0164,8.0031,7.4464,9.8119,6.5126,3
2458206.888707,12.7049,40.7232,8.0031,7.4464,9.8119,6.5126,3
2458206.907227,6.2160,36.9190,8.0031,7.4464,9.8119,6.5126,3
2458207.776607,11.2173,21.0337,8.0031,7.4464,9.8119,6.5126,3
2458207.793627,12.6583,30.1898,8.0031,7.4464,9.8119,6.5126,3
2458207.812077,10.8617,27.1848,8.0031,7.4464,9.8119,6.5126,3
2458207.829367,2.4117,22.8678,8.0031,7.4464,9.8119,6.5126,3
2458207.846327,21.2326,21.7302,8.0031,7.4464,9.8119,6.5126,3
2458207.891367,1.4960,33.1157,8.0031,7.4464,9.8119,6.5126,3
2458207.910097,6.9114,32.7676,8.0031,7.4464,9.8119,6.5126,3
2458208.759917,4.7444,42.2289,8.0031,7.4464,9.8119,6.5126,3
2458208.788437,18.7480,41.1359,8.0031,7.4464,9.8119,6.5126,3
2458208.805377,2.5749,21.7746,8.0031,7.4464,9.8119,6.5126,3
2458208.860827,21.4243,45.0476,8.0031,7.4464,9.8119,6.5126,3
2458208.906427,22.2678,45.6996,8.0031,7.4464,9.8119,6.5126,3
2458208.923807,24.7046,45.4882,8.0031,7.4464,9.8119,6.5126,3
2458209.764577,6.8691,35.3828,8.0031,7.4464,9.8119,6.5126,3
2458209.783897,10.2079,35.5774,8.0031,7.4464,9.8119,6.5126,3
2458209.832177,20.2364,42.2723,8.0031,7.4464,9.8119,6.5126,3
2458209.866677,7.0933,43.3529,8.0031,7.4464,9.8119,6.5126,3
2458209.892057,14.3437,37.4015,8.0031,7.4464,9.8119,6.5126,3
2458209.920607,8.5255,36.0272,8.0031,7.4464,9.8119,6.5126,3
2458210.776807,22.2759,30.5924,8.0031,7.4464,9.8119,6.5126,3
2458210.794607,7.3411,27.5015,8.0031,7.4464,9.8119,6.5126,3
2458210.811447,2.8088,35.5995,8.0031,7.4464,9.8119,6.5126,3
2458210.838967,13.0008,31.1595,8.0031,7.4464,9.8119,6.5126,3
2458210.856767,9.7213,33.2947,8.0031,7.4464,9.8119,6.5126,3
2458210.873787,11.3917,40.4528,8.0031,7.4464,9.8119,6.5126,3
2458210.891597,7.2457,44.1244,8.0031,7.4464,9.8119,6.5126,3
2458210.908917,4.2119,39.5461,8.0031,7.4464,9.8119,6.5126,3
2458211.743847,-1.8201,41.2310,8.0031,7.4464,9.8119,6.5126,3
2458211.760377,5.0941,44.2000,8.0031,7.4464,9.8119,6.5126,3
2458211.777597,5.2598,31.1390,8.0031,7.4464,9.8119,6.5126,3
2458211.794467,2.2500,29.7049,8.0031,7.4464,9.8119,6.5126,3
2458211.811517,25.2334,38.9444,8.0031,7.4464,9.8119,6.5126,3
2458211.828117,7.9800,36.2158,8.0031,7.4464,9.8119,6.5126,3
2458211.857437,4.3800,22.6604,8.0031,7.4464,9.8119,6.5126,3
2458211.897097,7.1676,18.6755,8.0031,7.4464,9.8119,6.5126,3
2458211.913987,22.8654,30.6146,8.0031,7.4464,9.8119,6.5126,3
2458212.758367,10.2346,37.6458,8.0031,7.4464,9.8119,6.5126,3
2458212.775357,15.6688,39.4810,8.0031,7.4464,9.8119,6.5126,3
2458212.792307,3.4307,36.5874,8.0031,7.4464,9.8119,6.5126,3
2458212.809437,23.6922,30.5280,8.0031,7.4464,9.8119,6.5126,3
2458212.826557,12.4028,43.8902,8.0031,7.4464,9.8119,6.5126,3
2458212.853897,8.2200,43.1258,8.0031,7.4464,9.8119,6.5126,3
2458212.871407,14.5259,35.3776,8.0031,7.4464,9.8119,6.5126,3
2458212.892497,10.6512,37.7120,8.0031,7.4464,9.8119,6.5126,3
2458212.915547,7.6469,35.3544,8.0031,7.4464,9.8119,6.5126,3
2458213.758117,15.8996,19.2245,8.0031,7.4464,9.8119,6.5126,3
2458213.774947,13.9959,28.5022,8.0031,7.4464,9.8119,6.5126,3
2458213.820557,20.4819,45.0695,8.0031,7.4464,9.8119,6.5126,3
2458213.886877,8.4716,35.3875,8.0031,7.4464,9.8119,6.5126,3
2458214.778337,13.8326,42.2709,8.0031,7.4464,9.8119,6.5126,3
2458214.795677,20.2070,29.6118,8.0031,7.4464,9.8119,6.5126,3
2458214.812607,5.6277,38.2704,8.0031,7.4464,9.8119,6.5126,3
2458214.830217,17.2182,36.3727,8.0031,7.4464,9.8119,6.5126,3
2458214.894267,4.7290,36.5361,8.0031,7.4464,9.8119,6.5126,3
2458215.912557,6.2332,41.3558,8.0031,7.4464,9.8119,6.5126,3
2458216.735067,15.5952,27.7109,8.0031,7.4464,9.8119,6.5126,3
2458216.768957,7.4217,37.0494,8.0031,7.4464,9.8119,6.5126,3
2458216.809127,7.3315,36.4048,8.0031,7.4464,9.8119,6.5126,3
2458216.826627,14.1729,35.8095,8.0031,7.4464,9.8119,6.5126,3
2458216.844537,12.4472,32.4046,8.0031,7.4464,9.8119,6.5126,3
2458216.861607,15.1497,25.6513,8.0031,7.4464,9.8119,6.5126,3
2458216.878427,2.1470,27.8123,8.0031,7.4464,9.8119,6.5126,3
2458216.905917,8.3907,20.4051,8.0031,7.4464,9.8119,6.5126,3
2458216.922647,12.3368,38.3232,8.0031,7.4464,9.8119,6.5126,3
2458217.748267,-5.9303,34.2341,8.0031,7.4464,9.8119,6.5126,3
2458217.765507,3.8825,19.3016,8.0031,7.4464,9.8119,6.5126,3
2458217.795167,-1.1231,29.7863,8.0031,7.4464,9.8119,6.5126,3
2458217.811577,7.1404,18.5451,8.0031,7.4464,9.8119,6.5126,3
2458217.830397,19.9249,34.2734,8.0031,7.4464,9.8119,6.5126,3
2458217.851207,1.3814,30.0614,8.0031,7.4464,9.8119,6.5126,3
2458217.869987,12.3508,27.4763,8.0031,7.4464,9.8119,6.5126,3
2458217.899117,15.0889,31.5335,8.0031,7.4464,9.8119,6.5126,3
2458217.916197,19.1714,37.7647,8.0031,7.4464,9.8119,6.5126,3
2458220.808007,16.7076,30.5736,8.0031,7.4464,9.8119,6.5126,3
2458220.875267,-0.6996,32.6199,8.0031,7.4464,9.8119,6.5126,3
2458221.742957,9.9034,27.4762,8.0031,7.4464,9.8119,6.5126,3
2458221.811017,12.1165,22.9456,8.0031,7.4464,9.8119,6.5126,3
2458221.863117,1.7678,22.0215,8.0031,7.4464,9.8119,6.5126,3
2458221.880017,-0.2965,29.5914,8.0031,7.4464,9.8119,6.5126,3
2458221.897337,3.6853,22.4460,8.0031,7.4464,9.8119,6.5126,3
2458222.718727,11.8313,36.6246,8.0031,7.4464,9.8119,6.5126,3
2458222.753317,2.6318,37.7368,8.0031,7.4464,9.8119,6.5126,3
2458222.770537,-6.1712,33.5780,8.0031,7.4464,9.8119,6.5126,3
2458222.786967,5.8181,31.8076,8.0031,7.4464,9.8119,6.5126,3
2458222.849157,-1.7463,29.2820,8.0031,7.4464,9.8119,6.5126,3
2458222.866037,-7.4950,24.6605,8.0031,7.4464,9.8119,6.5126,3
2458222.883277,11.7912,37.5592,8.0031,7.4464,9.8119,6.5126,3
2458223.753117,6.7711,29.4643,8.0031,7.4464,9.8119,6.5126,3
2458223.772807,3.9820,31.8501,8.0031,7.4464,9.8119,6.5126,3
2458223.800727,6.6376,20.8320,8.0031,7.4464,9.8119,6.5126,3
2458223.854517,1.9798,26.5315,8.0031,7.4464,9.8119,6.5126,3
2458223.916887,-7.2138,32.4445,8.0031,7.4464,9.8119,6.5126,3
2458224.784017,1.7795,27.1401,8.0031,7.4464,9.8119,6.5126,3
2458224.801307,7.5683,30.1501,8.0031,7.4464,9.8119,6.5126,3
2458224.818367,8.1618,28.4450,8.0031,7.4464,9.8119,6.5126,3
2458224.835467,-2.8304,33.2397,8.0031,7.4464,9.8119,6.5126,3
2458224.863087,2.3253,24.9331,8.0031,7.4464,9.8119,6.5126,3
2458224.880067,5.3759,31.4753,8.0031,7.4464,9.8119,6.5126,3
2458224.921937,15.5627,31.6686,8.0031,7.4464,9.8119,6.5126,3
2458225.793257,-8.2182,27.3922,8.0031,7.4464,9.8119,6.5126,3
2458225.827237,-1.0446,32.6414,8.0031,7.4464,9.8119,6.5126,3
2458225.844317,9.8689,21.8897,8.0031,7.4464,9.8119,6.5126,3
2458225.872177,-3.9115,31.6120,8.0031,7.4464,9.8119,6.5126,3
2458225.914407,-9.8878,37.1034,8.0031,7.4464,9.8119,6.5126,3
2458226.746277,-3.3386,27.9459,8.0031,7.4464,9.8119,6.5126,3
2458226.847117,-3.3026,30.3713,8.0031,7.4464,9.8119,6.5126,3
2458226.899937,11.5266,30.4464,8.0031,7.4464,9.8119,6.5126,3
2458226.916767,-7.0417,21.8847,8.0031,7.4464,9.8119,6.5126,3
2458227.719577,-5.4040,25.4334,8.0031,7.4464,9.8119,6.5126,3
2458227.737937,-4.6922,36.7831,8.0031,7.4464,9.8119,6.5126,3
2458227.771907,7.8014,26.0991,8.0031,7.4464,9.8119,6.5126,3
2458227.788557,-4.4055,22.5496,8.0031,7.4464,9.8119,6.5126,3
2458227.862587,6.2492,26.9932,8.0031,7.4464,9.8119,6.5126,3
2458227.898137,-9.7772,33.6863,8.0031,7.4464,9.8119,6.5126,3
2458227.925247,-6.6380,36.7314,8.0031,7.4464,9.8119,6.5126,3
2458228.712747,12.9180,23.7278,8.0031,7.4464,9.8119,6.5126,3
2458228.730507,3.5654,31.1945,8.0031,7.4464,9.8119,6.5126,3
2458228.747947,-5.1463,42.0214,8.0031,7.4464,9.8119,6.5126,3
2458228.765087,-2.0968,29.9300,8.0031,7.4464,9.8119,6.5126,3
2458228.796657,7.6021,18.9264,8.0031,7.4464,9.8119,6.5126,3
2458228.802167,13.5359,41.0400,8.0031,7.4464,9.8119,6.5126,3
2458228.836407,-7.1761,32.8811,8.0031,7.4464,9.8119,6.5126,3
2458228.916047,-6.6185,39.2646,8.0031,7.4464,9.8119,6.5126,3
2458229.704507,-0.5071,26.5018,8.0031,7.4464,9.8119,6.5126,3
2458229.721167,-5.7989,30.5301,8.0031,7.4464,9.8119,6.5126,3
2458229.751997,3.5439,26.3465,8.0031,7.4464,9.8119,6.5126,3
2458229.768837,-10.7435,27.1362,8.0031,7.4464,9.8119,6.5126,3
2458229.789077,-12.8211,25.9087,8.0031,7.4464,9.8119,6.5126,3
2458229.805847,-3.2615,37.5617,8.0031,7.4464,9.8119,6.5126,3
2458229.825317,-0.0700,27.7364,8.0031,7.4464,9.8119,6.5126,3
2458229.872817,2.3176,24.4270,8.0031,7.4464,9.8119,6.5126,3
2458229.889587,3.5459,23.5525,8.0031,7.4464,9.8119,6.5126,3
2458229.907327,-2.4293,18.8896,8.0031,7.4464,9.8119,6.5126,3
2458229.924927,6.7304,36.8496,8.0031,7.4464,9.8119,6.5126,3
2458230.723327,6.2863,20.2249,8.0031,7.4464,9.8119,6.5126,3
2458230.740567,3.3105,20.6153,8.0031,7.4464,9.8119,6.5126,3
2458230.757677,16.3642,35.9214,8.0031,7.4464,9.8119,6.5126,3
2458230.848257,4.5287,26.0817,8.0031,7.4464,9.8119,6.5126,3
2458230.865847,8.9591,34.4947,8.0031,7.4464,9.8119,6.5126,3
2458231.846567,13.2320,24.2485,8.0031,7.4464,9.8119,6.5126,3
2458231.864007,19.1725,29.1738,8.0031,7.4464,9.8119,6.5126,3
2458231.935567,-3.1321,23.2412,8.0031,7.4464,9.8119,6.5126,3
2458233.774977,11.4727,36.5608,8.0031,7.4464,9.8119,6.5126,3
2458233.828557,3.0881,34.3293,8.0031,7.4464,9.8119,6.5126,3
2458233.855857,11.1615,29.3276,8.0031,7.4464,9.8119,6.5126,3
2458233.873467,0.3070,31.1273,8.0031,7.4464,9.8119,6.5126,3
2458233.890307,-3.3650,33.9302,8.0031,7.4464,9.8119,6.5126,3
2458233.910647,13.0195,32.1636,8.0031,7.4464,9.8119,6.5126,3
2458233.912487,1.3199,28.7543,8.0031,7.4464,9.8119,6.5126,3
2458235.699357,10.7748,29.5145,8.0031,7.4464,9.8119,6.5126,3
2458235.833847,-3.3725,29.5728,8.0031,7.4464,9.8119,6.5126,3
2458235.870027,3.7808,39.7823,8.0031,7.4464,9.8119,6.5126,3
2458235.887367,-12.0322,36.3710,8.0031,7.4464,9.8119,6.5126,3
2458235.935097,-3.3681,22.8226,8.0031,7.4464,9.8119,6.5126,3
2458236.687527,5.5953,34.9266,8.0031,7.4464,9.8119,6.5126,3
2458236.709227,1.6232,25.3930,8.0031,7.4464,9.8119,6.5126,3
2458236.726477,-8.8348,28.3660,8.0031,7.4464,9.8119,6.5126,3
2458236.743807,-7.5715,24.8307,8.0031,7.4464,9.8119,6.5126,3
2458236.795897,7.3596,35.9204,8.0031,7.4464,9.8119,6.5126,3
2458236.829687,4.4298,31.4841,8.0031,7.4464,9.8119,6.5126,3
2458236.846187,-6.5925,35.5888,8.0031,7.4464,9.8119,6.5126,3
2458236.879087,-0.5970,26.7879,8.0031,7.4464,9.8119,6.5126,3
2458236.930167,9.7769,25.9826,8.0031,7.4464,9.8119,6.5126,3
2458237.890057,10.6502,34.9749,8.0031,7.4464,9.8119,6.5126,3
2458237.907237,-0.7748,33.5679,8.0031,7.4464,9.8119,6.5126,3
2458238.711327,-1.9149,40.2355,8.0031,7.4464,9.8119,6.5126,3
2458238.728467,3.1295,25.7738,8.0031,7.4464,9.8119,6.5126,3
2458238.745487,-7.3011,29.9934,8.0031,7.4464,9.8119,6.5126,3
2458238.762377,3.2490,41.4768,8.0031,7.4464,9.8119,6.5126,3
2458238.779627,10.4967,32.2696,8.0031,7.4464,9.8119,6.5126,3
2458238.807487,-1.5914,41.3714,8.0031,7.4464,9.8119,6.5126,3
2458238.824187,0.2113,27.0133,8.0031,7.4464,9.8119,6.5126,3
2458238.858797,5.7332,28.5206,8.0031,7.4464,9.8119,6.5126,3
2458238.875897,8.4523,32.6789,8.0031,7.4464,9.8119,6.5126,3
2458238.920347,5.9736,33.2124,8.0031,7.4464,9.8119,6.5126,3
2458240.715647,13.5239,42.6585,8.0031,7.4464,9.8119,6.5126,3
2458240.753827,0.6045,36.6618,8.0031,7.4464,9.8119,6.5126,3
2458240.837137,-11.5068,37.3189,8.0031,7.4464,9.8119,6.5126,3
2458240.853567,0.4384,37.9634,8.0031,7.4464,9.8119,6.5126,3
2458240.870207,2.5123,25.7780,8.0031,7.4464,9.8119,6.5126,3
2458240.915197,-7.6315,44.4913,8.0031,7.4464,9.8119,6.5126,3
2458240.932647,-0.8225,24.4580,8.0031,7.4464,9.8119,6.5126,3
2458241.706497,-1.8796,17.9503,8.0031,7.4464,9.8119,6.5126,3
2458241.747297,3.1224,38.3183,8.0031,7.4464,9.8119,6.5126,3
2458241.764447,11.7799,37.4845,8.0031,7.4464,9.8119,6.5126,3
2458241.781437,10.7355,35.0151,8.0031,7.4464,9.8119,6.5126,3
2458241.801907,6.6561,24.1287,8.0031,7.4464,9.8119,6.5126,3
2458241.829967,10.9966,40.3914,8.0031,7.4464,9.8119,6.5126,3
2458241.898997,-6.0594,37.8346,8.0031,7.4464,9.8119,6.5126,3
2458242.772927,3.1390,40.2822,8.0031,7.4464,9.8119,6.5126,3
2458242.807227,9.4770,34.3632,8.0031,7.4464,9.8119,6.5126,3
2458243.704217,7.3017,44.9134,8.0031,7.4464,9.8119,6.5126,3
2458243.756997,4.5685,34.7073,8.0031,7.4464,9.8119,6.5126,3
2458243.774277,11.1384,38.7963,8.0031,7.4464,9.8119,6.5126,3
2458243.802287,-0.0079,42.0784,8.0031,7.4464,9.8119,6.5126,3
2458243.821497,9.0016,29.0193,8.0031,7.4464,9.8119,6.5126,3
2458243.838627,0.6384,18.3421,8.0031,7.4464,9.8119,6.5126,3
2458243.855947,-5.4888,35.8116,8.0031,7.4464,9.8119,6.5126,3
2458243.877117,8.0345,31.6606,8.0031,7.4464,9.8119,6.5126,3
2458243.904377,-3.3388,37.5922,8.0031,7.4464,9.8119,6.5126,3
2458243.921597,-4.7833,37.0675,8.0031,7.4464,9.8119,6.5126,3
2458244.753987,0.9291,31.6062,8.0031,7.4464,9.8119,6.5126,3
2458244.771367,9.0125,19.5917,8.0031,7.4464,9.8119,6.5126,3
2458244.788307,-3.4983,31.6920,8.0031,7.4464,9.8119,6.5126,3
2458244.816307,2.0405,28.8167,8.0031,7.4464,9.8119,6.5126,3
2458244.832987,-3.1312,37.0860,8.0031,7.4464,9.8119,6.5126,3
2458244.850207,8.0427,33.5470,8.0031,7.4464,9.8119,6.5126,3
2458244.867447,-0.5213,34.8555,8.0031,7.4464,9.8119,6.5126,3
2458244.923367,0.8922,29.5256,8.0031,7.4464,9.8119,6.5126,3
2458245.766847,-9.6140,20.2798,8.0031,7.4464,9.8119,6.5126,3
2458245.807187,7.4411,24.1450,8.0031,7.4464,9.8119,6.5126,3
2458245.825767,8.9757,28.2566,8.0031,7.4464,9.8119,6.5126,3
2458245.853267,4.6509,32.4835,8.0031,7.4464,9.8119,6.5126,3
2458245.893187,5.3148,34.2241,8.0031,7.4464,9.8119,6.5126,3
2458245.931007,-9.4119,39.7189,8.0031,7.4464,9.8119,6.5126,3
2458246.754037,16.2391,25.1632,8.0031,7.4464,9.8119,6.5126,3
2458246.821367,-3.6518,29.1175,8.0031,7.4464,9.8119,6.5126,3
2458246.839117,-4.1951,34.1069,8.0031,7.4464,9.8119,6.5126,3
2458246.873477,6.0023,38.7217,8.0031,7.4464,9.8119,6.5126,3
2458246.903497,-5.6074,27.4485,8.0031,7.4464,9.8119,6.5126,3
2458246.924407,-10.7752,38.6821,8.0031,7.4464,9.8119,6.5126,3
2458249.650517,4.2234,28.3185,8.0031,7.4464,9.8119,6.5126,3
2458249.667897,12.0668,25.7977,8.0031,7.4464,9.8119,6.5126,3
2458249.704157,-5.1658,26.3259,8.0031,7.4464,9.8119,6.5126,3
2458249.724607,12.4623,34.8374,8.0031,7.4464,9.8119,6.5126,3
2458249.826147,9.0165,36.5728,8.0031,7.4464,9.8119,6.5126,3
2458249.843307,-1.4685,27.8463,8.0031,7.4464,9.8119,6.5126,3
2458249.870787,-0.9004,24.0524,8.0031,7.4464,9.8119,6.5126,3
2458249.888097,3.6589,33.3932,8.0031,7.4464,9.8119,6.5126,3
2458249.922897,-8.8101,22.0712,8.0031,7.4464,9.8119,6.5126,3
2458250.658537,7.1435,33.7530,8.0031,7.4464,9.8119,6.5126,3
2458250.692477,-0.3287,19.9176,8.0031,7.4464,9.8119,6.5126,3
2458250.709617,-4.2450,18.7903,8.0031,7.4464,9.8119,6.5126,3
2458250.754897,7.5103,20.3179,8.0031,7.4464,9.8119,6.5126,3
2458250.775067,6.4721,35.4155,8.0031,7.4464,9.8119,6.5126,3
2458250.873207,5.9604,22.6943,8.0031,7.4464,9.8119,6.5126,3
2458250.890067,-5.3964,32.0609,8.0031,7.4464,9.8119,6.5126,3
2458251.675037,-0.7955,33.4023,8.0031,7.4464,9.8119,6.5126,3
2458251.711417,-11.8891,23.9129,8.0031,7.4464,9.8119,6.5126,3
2458251.774947,10.3306,37.3195,8.0031,7.4464,9.8119,6.5126,3
2458251.792627,4.3190,33.9505,8.0031,7.4464,9.8119,6.5126,3
2458252.827097,1.0421,21.6772,8.0031,7.4464,9.8119,6.5126,3
2458252.872337,8.3564,30.0104,8.0031,7.4464,9.8119,6.5126,3
2458252.889527,2.4009,22.5472,8.0031,7.4464,9.8119,6.5126,3
2458252.906827,-9.2734,29.8015,8.0031,7.4464,9.8119,6.5126,3
2458253.713627,-8.7853,31.9554,8.0031,7.4464,9.8119,6.5126,3
2458253.747917,5.4613,21.1272,8.0031,7.4464,9.8119,6.5126,3
2458253.764587,4.3087,20.2351,8.0031,7.4464,9.8119,6.5126,3
2458253.794317,-0.5707,29.1234,8.0031,7.4464,9.8119,6.5126,3
2458253.811287,-4.7343,31.6343,8.0031,7.4464,9.8119,6.5126,3
2458253.827727,-5.2830,35.1574,8.0031,7.4464,9.8119,6.5126,3
2458253.845017,11.1480,43.8105,8.0031,7.4464,9.8119,6.5126,3
2458254.632167,1.4684,23.1644,8.0031,7.4464,9.8119,6.5126,3
2458254.649147,3.7620,29.5712,8.0031,7.4464,9.8119,6.5126,3
2458254.666147,-2.5450,19.1160,8.0031,7.4464,9.8119,6.5126,3
2458254.683607,2.4611,29.0019,8.0031,7.4464,9.8119,6.5126,3
2458254.700847,10.0179,19.7409,8.0031,7.4464,9.8119,6.5126,3
2458254.783927,-1.2562,24.7220,8.0031,7.4464,9.8119,6.5126,3
2458254.817937,-11.8692,26.2591,8.0031,7.4464,9.8119,6.5126,3
2458254.871127,-4.4091,21.8582,8.0031,7.4464,9.8119,6.5126,3
2458254.905087,-1.1704,33.1060,8.0031,7.4464,9.8119,6.5126,3
2458254.921727,0.3926,23.1352,8.0031,7.4464,9.8119,6.5126,3
2458255.656117,-0.3422,26.9475,8.0031,7.4464,9.8119,6.5126,3
2458255.707137,6.6676,29.8628,8.0031,7.4464,9.8119,6.5126,3
2458255.723877,0.3411,25.3197,8.0031,7.4464,9.8119,6.5126,3
2458255.740627,-6.2347,18.8283,8.0031,7.4464,9.8119,6.5126,3
2458255.768767,12.9193,40.0469,8.0031,7.4464,9.8119,6.5126,3
2458255.786427,10.0676,37.3329,8.0031,7.4464,9.8119,6.5126,3
2458256.670527,3.9019,18.9462,8.0031,7.4464,9.8119,6.5126,3
2458256.724697,1.6056,19.4613,8.0031,7.4464,9.8119,6.5126,3
2458256.741617,13.5304,30.8858,8.0031,7.4464,9.8119,6.5126,3
2458256.758517,-4.6785,30.8236,8.0031,7.4464,9.8119,6.5126,3
2458256.779077,2.1191,24.6114,8.0031,7.4464,9.8119,6.5126,3
2458256.799047,7.5984,20.5620,8.0031,7.4464,9.8119,6.5126,3
2458257.677057,-5.2747,16.7882,8.0031,7.4464,9.8119,6.5126,3
2458257.738437,-5.0896,31.3264,8.0031,7.4464,9.8119,6.5126,3
2458257.772017,11.9394,29.9415,8.0031,7.4464,9.8119,6.5126,3
2458257.818517,1.1583,38.0505,8.0031,7.4464,9.8119,6.5126,3
2458257.852977,-0.1679,29.9696,8.0031,7.4464,9.8119,6.5126,3
2458257.899087,-2.7572,26.7040,8.0031,7.4464,9.8119,6.5126,3
2458257.917437,-4.3143,32.9771,8.0031,7.4464,9.8119,6.5126,3
2458257.934597,12.4611,35.0136,8.0031,7.4464,9.8119,6.5126,3
2458258.690387,-0.7793,23.2960,8.0031,7.4464,9.8119,6.5126,3
2458258.707537,-0.7539,22.5658,8.0031,7.4464,9.8119,6.5126,3
2458258.724487,-1.1540,32.4403,8.0031,7.4464,9.8119,6.5126,3
2458258.769427,-10.5955,19.2913,8.0031,7.4464,9.8119,6.5126,3
2458258.820177,-5.9099,38.6505,8.0031,7.4464,9.8119,6.5126,3
2458258.854387,5.9187,23.9440,8.0031,7.4464,9.8119,6.5126,3
2458258.871597,-4.9842,23.4322,8.0031,7.4464,9.8119,6.5126,3
2458258.888537,4.5032,34.7086,8.0031,7.4464,9.8119,6.5126,3
2458259.711487,-2.0607,30.5109,8.0031,7.4464,9.8119,6.5126,3
2458259.728747,-4.5243,29.7840,8.0031,7.4464,9.8119,6.5126,3
2458259.757077,4.5168,23.5893,8.0031,7.4464,9.8119,6.5126,3
2458259.774507,-1.6354,38.7411,8.0031,7.4464,9.8119,6.5126,3
2458259.811657,10.9102,24.1804,8.0031,7.4464,9.8119,6.5126,3
2458259.829167,-5.3284,29.0606,8.0031,7.4464,9.8119,6.5126,3
2458259.846487,7.5265,34.0173,8.0031,7.4464,9.8119,6.5126,3
2458259.881937,9.9999,31.2469,8.0031,7.4464,9.8119,6.5126,3
2458259.915617,7.1611,40.1655,8.0031,7.4464,9.8119,6.5126,3
2458260.615257,-0.4014,31.1125,8.0031,7.4464,9.8119,6.5126,3
2458260.649287,7.2634,31.1885,8.0031,7.4464,9.8119,6.5126,3
2458260.669567,14.1600,18.5121,8.0031,7.4464,9.8119,6.5126,3
2458260.706637,5.0573,32.6562,8.0031,7.4464,9.8119,6.5126,3
2458260.723567,12.8673,28.5633,8.0031,7.4464,9.8119,6.5126,3
2458260.819437,-6.8887,29.6949,8.0031,7.4464,9.8119,6.5126,3
2458260.836287,4.4235,21.3792,8.0031,7.4464,9.8119,6.5126,3
2458260.853507,5.3797,31.5692,8.0031,7.4464,9.8119,6.5126,3
2458260.870527,1.3300,39.7725,8.0031,7.4464,9.8119,6.5126,3
2458260.904247,-5.9353,28.3216,8.0031,7.4464,9.8119,6.5126,3
2458260.920897,3.7916,33.7939,8.0031,7.4464,9.8119,6.5126,3
2458261.620517,2.8505,24.3366,8.0031,7.4464,9.8119,6.5126,3
2458261.637417,7.5289,19.3107,8.0031,7.4464,9.8119,6.5126,3
2458261.676457,-0.9044,32.2043,8.0031,7.4464,9.8119,6.5126,3
2458261.735707,-0.7092,22.2679,8.0031,7.4464,9.8119,6.5126,3
2458261.785027,2.5521,25.3463,8.0031,7.4464,9.8119,6.5126,3
2458261.803387,0.9616,30.3749,8.0031,7.4464,9.8119,6.5126,3
2458261.875557,-2.0554,35.0820,8.0031,7.4464,9.8119,6.5126,3
2458261.922097,3.1286,28.0431,8.0031,7.4464,9.8119,6.5126,3
2458262.616267,2.7590,33.2869,8.0031,7.4464,9.8119,6.5126,3
2458262.632977,2.0980,27.1712,8.0031,7.4464,9.8119,6.5126,3
2458262.677447,3.8885,26.2179,8.0031,7.4464,9.8119,6.5126,3
2458262.711867,4.1794,18.3014,8.0031,7.4464,9.8119,6.5126,3
2458262.729487,0.7268,25.6629,8.0031,7.4464,9.8119,6.5126,3
2458262.756907,-4.4037,18.7418,8.0031,7.4464,9.8119,6.5126,3
2458262.774617,14.4036,19.6212,8.0031,7.4464,9.8119,6.5126,3
2458262.791927,2.1549,23.8002,8.0031,7.4464,9.8119,6.5126,3
2458262.853707,-1.2875,20.9299,8.0031,7.4464,9.8119,6.5126,3
2458262.887137,-6.0629,25.5925,8.0031,7.4464,9.8119,6.5126,3
2458263.662777,-2.2926,26.5595,8.0031,7.4464,9.8119,6.5126,3
2458263.679397,-1.1550,21.8836,8.0031,7.4464,9.8119,6.5126,3
2458263.731707,-5.2303,29.2436,8.0031,7.4464,9.8119,6.5126,3
2458263.750747,-0.5696,30.1581,8.0031,7.4464,9.8119,6.5126,3
2458263.812347,-2.2539,16.6301,8.0031,7.4464,9.8119,6.5126,3
2458263.907567,-0.0786,32.8358,8.0031,7.4464,9.8119,6.5126,3
2458264.624567,8.1841,39.4538,8.0031,7.4464,9.8119,6.5126,3
2458264.641957,2.4810,29.3135,8.0031,7.4464,9.8119,6.5126,3
2458264.670017,-2.8953,30.3410,8.0031,7.4464,9.8119,6.5126,3
2458264.687207,13.3689,30.3617,8.0031,7.4464,9.8119,6.5126,3
2458264.703967,6.2576,31.6246,8.0031,7.4464,9.8119,6.5126,3
2458264.721917,-0.4952,20.6127,8.0031,7.4464,9.8119,6.5126,3
2458264.740117,-5.5506,17.0537,8.0031,7.4464,9.8119,6.5126,3
2458264.768087,-1.1764,34.0275,8.0031,7.4464,9.8119,6.5126,3
2458264.824837,-4.5576,36.6604,8.0031,7.4464,9.8119,6.5126,3
2458264.875397,1.2138,17.0207,8.0031,7.4464,9.8119,6.5126,3
2458264.892127,6.7940,30.7341,8.0031,7.4464,9.8119,6.5126,3
2458264.908667,2.0842,28.3361,8.0031,7.4464,9.8119,6.5126,3
2458264.925517,4.7140,28.2300,8.0031,7.4464,9.8119,6.5126,3
2458265.617027,7.7260,28.8759,8.0031,7.4464,9.8119,6.5126,3
2458265.634337,5.8863,34.3933,8.0031,7.4464,9.8119,6.5126,3
2458265.651287,3.1676,25.3082,8.0031,7.4464,9.8119,6.5126,3
2458265.677337,-6.3201,30.6299,8.0031,7.4464,9.8119,6.5126,3
2458265.694707,1.1001,34.4144,8.0031,7.4464,9.8119,6.5126,3
2458265.712347,8.8879,33.0274,8.0031,7.4464,9.8119,6.5126,3
2458265.757117,3.9298,29.4819,8.0031,7.4464,9.8119,6.5126,3
2458265.774287,4.7728,25.3799,8.0031,7.4464,9.8119,6.5126,3
2458265.791097,-1.9721,38.5459,8.0031,7.4464,9.8119,6.5126,3
2458265.836097,4.3148,30.6964,8.0031,7.4464,9.8119,6.5126,3
2458265.857067,-1.0215,26.6590,8.0031,7.4464,9.8119,6.5126,3
2458265.874217,-1.7258,36.5038,8.0031,7.4464,9.8119,6.5126,3
2458265.891387,-5.8175,41.0073,8.0031,7.4464,9.8119,6.5126,3
2458265.908547,1.0790,28.2517,8.0031,7.4464,9.8119,6.5126,3
2458266.623977,4.9852,36.8201,8.0031,7.4464,9.8119,6.5126,3
2458266.640987,-2.5845,27.9733,8.0031,7.4464,9.8119,6.5126,3
2458271.688387,-1.1417,31.4302,8.0031,7.4464,9.8119,6.5126,3
2458271.705097,-6.3857,32.9789,8.0031,7.4464,9.8119,6.5126,3
2458271.722087,2.6864,35.5724,8.0031,7.4464,9.8119,6.5126,3
2458271.753257,2.0622,30.9442,8.0031,7.4464,9.8119,6.5126,3
2458271.787197,-9.7594,25.4493,8.0031,7.4464,9.8119,6.5126,3
2458271.803927,2.6856,24.7925,8.0031,7.4464,9.8119,6.5126,3
2458271.820467,4.3319,21.8359,8.0031,7.4464,9.8119,6.5126,3
2458271.870647,-8.8473,24.0286,8.0031,7.4464,9.8119,6.5126,3
2458272.616567,7.9490,16.4255,8.0031,7.4464,9.8119,6.5126,3
2458272.633147,-1.2538,20.9620,8.0031,7.4464,9.8119,6.5126,3
2458272.673667,4.0317,21.3098,8.0031,7.4464,9.8119,6.5126,3
2458272.700477,3.1950,22.1010,8.0031,7.4464,9.8119,6.5126,3
2458272.717677,9.1159,33.5143,8.0031,7.4464,9.8119,6.5126,3
2458272.751297,8.6718,34.1200,8.0031,7.4464,9.8119,6.5126,3
2458272.768687,2.1895,25.2780,8.0031,7.4464,9.8119,6.5126,3
2458272.809177,6.6424,23.6195,8.0031,7.4464,9.8119,6.5126,3
2458272.826287,1.1927,24.8207,8.0031,7.4464,9.8119,6.5126,3
2458272.843127,-1.1590,34.2846,8.0031,7.4464,9.8119,6.5126,3
2458272.860307,2.0039,28.5270,8.0031,7.4464,9.8119,6.5126,3
2458273.594187,-5.6175,33.9912,8.0031,7.4464,9.8119,6.5126,3
2458273.628337,1.1868,23.4951,8.0031,7.4464,9.8119,6.5126,3
2458273.645767,-11.4274,22.2876,8.0031,7.4464,9.8119,6.5126,3
2458273.710907,-3.8412,20.8228,8.0031,7.4464,9.8119,6.5126,3
2458273.845937,-6.4432,28.9932,8.0031,7.4464,9.8119,6.5126,3
2458274.632987,6.9447,31.1691,8.0031,7.4464,9.8119,6.5126,3
2458274.661947,3.1012,20.3520,8.0031,7.4464,9.8119,6.5126,3
2458274.740317,3.8182,30.3236,8.0031,7.4464,9.8119,6.5126,3
2458274.756947,5.0725,35.6538,8.0031,7.4464,9.8119,6.5126,3
2458274.792887,-8.8429,28.6181,8.0031,7.4464,9.8119,6.5126,3
2458274.819717,-1.3388,26.4013,8.0031,7.4464,9.8119,6.5126,3
2458274.853717,0.6539,35.1028,8.0031,7.4464,9.8119,6.5126,3
2458275.757047,-1.6447,30.3800,8.0031,7.4464,9.8119,6.5126,3
2458275.774187,-10.3167,29.3251,8.0031,7.4464,9.8119,6.5126,3
2458275.850937,-1.7972,39.4843,8.0031,7.4464,9.8119,6.5126,3
2458275.867507,-2.2342,29.9679,8.0031,7.4464,9.8119,6.5126,3
2458276.731797,-1.3094,34.6107,8.0031,7.4464,9.8119,6.5126,3
2458276.806347,-0.2378,38.7196,8.0031,7.4464,9.8119,6.5126,3
2458276.823377,-0.5748,31.5105,8.0031,7.4464,9.8119,6.5126,3
2458276.858457,0.8847,31.5222,8.0031,7.4464,9.8119,6.5126,3
2458276.875247,-4.7192,20.4064,8.0031,7.4464,9.8119,6.5126,3
2458277.631797,1.8720,36.3300,8.0031,7.4464,9.8119,6.5126,3
2458277.649247,9.9948,26.6622,8.0031,7.4464,9.8119,6.5126,3
2458277.666047,9.0635,28.9494,8.0031,7.4464,9.8119,6.5126,3
2458277.748657,3.9163,30.7577,8.0031,7.4464,9.8119,6.5126,3
2458277.765767,-8.0387,40.2119,8.0031,7.4464,9.8119,6.5126,3
2458277.809637,-8.3465,27.7495,8.0031,7.4464,9.8119,6.5126,3
2458277.826567,-7.0788,29.0540,8.0031,7.4464,9.8119,6.5126,3
2458277.843707,-7.2093,29.8353,8.0031,7.4464,9.8119,6.5126,3
2458278.741307,14.5430,33.7149,8.0031,7.4464,9.8119,6.5126,3
2458282.582717,1.7039,34.9299,8.0031,7.4464,9.8119,6.5126,3
2458282.599917,-10.2927,29.0317,8.0031,7.4464,9.8119,6.5126,3
2458282.716097,6.1695,22.3431,8.0031,7.4464,9.8119,6.5126,3
2458282.735647,-1.1948,31.9920,8.0031,7.4464,9.8119,6.5126,3
2458282.753127,-8.7911,20.1240,8.0031,7.4464,9.8119,6.5126,3
2458282.816177,-1.2762,29.8377,8.0031,7.4464,9.8119,6.5126,3
2458282.852317,-0.0929,28.4852,8.0031,7.4464,9.8119,6.5126,3
2458282.880447,6.8135,22.6406,8.0031,7.4464,9.8119,6.5126,3
2458283.621557,1.1076,19.5014,8.0031,7.4464,9.8119,6.5126,3
2458283.638367,6.2663,21.0476,8.0031,7.4464,9.8119,6.5126,3
2458283.796167,-2.4628,22.3419,8.0031,7.4464,9.8119,6.5126,3
2458283.816417,-7.3572,38.3898,8.0031,7.4464,9.8119,6.5126,3
2458283.850737,0.2080,37.5444,8.0031,7.4464,9.8119,6.5126,3
2458284.549447,13.9405,23.5998,8.0031,7.4464,9.8119,6.5126,3
2458284.566657,-16.7864,24.6665,8.0031,7.4464,9.8119,6.5126,3
2458284.600847,-11.2188,23.1640,8.0031,7.4464,9.8119,6.5126,3
2458284.617687,-3.9357,40.9297,8.0031,7.4464,9.8119,6.5126,3
2458284.648067,-8.0130,26.4516,8.0031,7.4464,9.8119,6.5126,3
2458284.665107,6.1151,34.1249,8.0031,7.4464,9.8119,6.5126,3
2458284.698727,-1.8862,28.5809,8.0031,7.4464,9.8119,6.5126,3
2458284.739717,-12.4579,24.4982,8.0031,7.4464,9.8119,6.5126,3
2458284.772857,3.9353,28.3256,8.0031,7.4464,9.8119,6.5126,3
2458284.789927,-4.8472,21.8465,8.0031,7.4464,9.8119,6.5126,3
2458284.806887,-3.4174,30.0043,8.0031,7.4464,9.8119,6.5126,3
2458284.870657,-3.9792,27.3228,8.0031,7.4464,9.8119,6.5126,3
2458285.615307,-1.5565,22.1629,8.0031,7.4464,9.8119,6.5126,3
2458285.619147,5.7223,19.5406,8.0031,7.4464,9.8119,6.5126,3
2458285.653327,10.0197,26.4805,8.0031,7.4464,9.8119,6.5126,3
2458286.577777,-0.1098,23.1533,8.0031,7.4464,9.8119,6.5126,3
2458286.611547,3.4744,37.7404,8.0031,7.4464,9.8119,6.5126,3
2458286.654237,9.5775,16.1383,8.0031,7.4464,9.8119,6.5126,3
2458286.671527,-0.4922,27.4523,8.0031,7.4464,9.8119,6.5126,3
2458286.717177,1.0561,32.4816,8.0031,7.4464,9.8119,6.5126,3
2458286.735057,-0.5197,33.1345,8.0031,7.4464,9.8119,6.5126,3
2458286.755577,-0.5657,31.5802,8.0031,7.4464,9.8119,6.5126,3
2458286.782367,5.6183,29.1716,8.0031,7.4464,9.8119,6.5126,3
2458286.816187,-11.4794,27.4691,8.0031,7.4464,9.8119,6.5126,3
2458286.833737,-14.1267,21.0406,8.0031,7.4464,9.8119,6.5126,3
2458286.850357,6.7375,23.7565,8.0031,7.4464,9.8119,6.5126,3
2458287.577317,2.2894,28.3657,8.0031,7.4464,9.8119,6.5126,3
2458287.578777,2.6310,25.2252,8.0031,7.4464,9.8119,6.5126,3
2458287.597257,9.7452,33.5840,8.0031,7.4464,9.8119,6.5126,3
2458287.631637,-6.2913,29.0408,8.0031,7.4464,9.8119,6.5126,3
2458287.677277,5.7908,38.7051,8.0031,7.4464,9.8119,6.5126,3
2458287.731567,2.5866,14.8737,8.0031,7.4464,9.8119,6.5126,3
2458287.748327,-16.4604,17.9062,8.0031,7.4464,9.8119,6.5126,3
2458287.775977,-1.4303,29.2061,8.0031,7.4464,9.8119,6.5126,3
2458287.811767,-8.1233,35.3789,8.0031,7.4464,9.8119,6.5126,3
2458288.564407,0.6932,34.3055,8.0031,7.4464,9.8119,6.5126,3
2458288.626127,-4.7576,17.8290,8.0031,7.4464,9.8119,6.5126,3
2458288.722967,-15.8915,30.4503,8.0031,7.4464,9.8119,6.5126,3
2458288.767377,-3.6523,20.2273,8.0031,7.4464,9.8119,6.5126,3
2458288.785037,-10.3070,31.8252,8.0031,7.4464,9.8119,6.5126,3
2458288.835877,10.7012,39.1493,8.0031,7.4464,9.8119,6.5126,3
2458289.655757,0.5554,40.3964,8.0031,7.4464,9.8119,6.5126,3
2458289.689537,-16.7797,22.3455,8.0031,7.4464,9.8119,6.5126,3
2458289.752657,6.8865,24.0134,8.0031,7.4464,9.8119,6.5126,3
2458289.769377,-5.6434,33.6586,8.0031,7.4464,9.8119,6.5126,3
2458289.816337,-0.8622,25.2787,8.0031,7.4464,9.8119,6.5126,3
2458289.833337,6.3969,30.6263,8.0031,7.4464,9.8119,6.5126,3
2458289.857707,3.6492,27.8361,8.0031,7.4464,9.8119,6.5126,3
2458290.538697,6.2185,18.3327,8.0031,7.4464,9.8119,6.5126,3
2458290.557657,15.0920,31.6001,8.0031,7.4464,9.8119,6.5126,3
2458290.585197,7.6083,23.5641,8.0031,7.4464,9.8119,6.5126,3
2458290.606887,0.7628,36.5302,8.0031,7.4464,9.8119,6.5126,3
2458290.640287,5.1142,34.7919,8.0031,7.4464,9.8119,6.5126,3
2458290.708827,-3.0132,23.0969,8.0031,7.4464,9.8119,6.5126,3
2458290.725467,-2.3601,34.1465,8.0031,7.4464,9.8119,6.5126,3
2458290.742427,-2.3208,29.5585,8.0031,7.4464,9.8119,6.5126,3
2458290.759837,2.5568,23.3776,8.0031,7.4464,9.8119,6.5126,3
2458290.787797,-6.1450,29.4054,8.0031,7.4464,9.8119,6.5126,3
2458290.804687,10.7666,43.7260,8.0031,7.4464,9.8119,6.5126,3
2458290.838767,-8.5874,41.1322,8.0031,7.4464,9.8119,6.5126,3
2458291.538287,4.7711,26.6519,8.0031,7.4464,9.8119,6.5126,3
2458291.575837,8.8140,27.5849,8.0031,7.4464,9.8119,6.5126,3
2458291.592607,15.2480,34.5229,8.0031,7.4464,9.8119,6.5126,3
2458291.609317,7.3673,30.2701,8.0031,7.4464,9.8119,6.5126,3
2458291.637087,6.5303,33.1061,8.0031,7.4464,9.8119,6.5126,3
2458291.670407,4.4300,23.1278,8.0031,7.4464,9.8119,6.5126,3
2458291.704567,-3.6133,35.8719,8.0031,7.4464,9.8119,6.5126,3
2458291.736367,-7.6151,21.5678,8.0031,7.4464,9.8119,6.5126,3
2458291.753297,-5.9744,28.6087,8.0031,7.4464,9.8119,6.5126,3
2458291.770747,-4.2078,31.0012,8.0031,7.4464,9.8119,6.5126,3
2458291.787507,-0.4254,29.5670,8.0031,7.4464,9.8119,6.5126,3
2458291.806597,10.5509,40.5957,8.0031,7.4464,9.8119,6.5126,3
2458292.534397,5.3888,16.8990,8.0031,7.4464,9.8119,6.5126,3
2458292.579337,1.4657,38.7753,8.0031,7.4464,9.8119,6.5126,3
2458292.600027,10.7293,40.8868,8.0031,7.4464,9.8119,6.5126,3
2458292.651637,12.9907,39.1073,8.0031,7.4464,9.8119,6.5126,3
2458292.668897,9.2693,36.3735,8.0031,7.4464,9.8119,6.5126,3
2458292.696557,8.7822,30.8592,8.0031,7.4464,9.8119,6.5126,3
2458292.719617,2.5718,32.5050,8.0031,7.4464,9.8119,6.5126,3
2458292.736607,-4.2797,39.6954,8.0031,7.4464,9.8119,6.5126,3
2458292.757767,-4.5536,24.1495,8.0031,7.4464,9.8119,6.5126,3
2458292.774947,-3.4203,26.1935,8.0031,7.4464,9.8119,6.5126,3
2458292.812957,-5.3581,30.2617,8.0031,7.4464,9.8119,6.5126,3
2458292.830917,-0.3917,31.7484,8.0031,7.4464,9.8119,6.5126,3
2458292.848437,13.8328,23.7778,8.0031,7.4464,9.8119,6.5126,3
2458293.576187,9.7816,37.2933,8.0031,7.4464,9.8119,6.5126,3
2458293.728017,-13.7621,17.2483,8.0031,7.4464,9.8119,6.5126,3
2458293.745057,-8.8366,26.2383,8.0031,7.4464,9.8119,6.5126,3
2458293.779437,6.6805,27.4664,8.0031,7.4464,9.8119,6.5126,3
2458295.547027,15.7448,37.2937,8.0031,7.4464,9.8119,6.5126,3
2458295.570697,-8.9497,41.2823,8.0031,7.4464,9.8119,6.5126,3
2458295.604877,9.4229,24.4329,8.0031,7.4464,9.8119,6.5126,3
2458295.651477,-11.2972,25.9371,8.0031,7.4464,9.8119,6.5126,3
2458295.668617,4.0486,32.3863,8.0031,7.4464,9.8119,6.5126,3
2458295.685527,-3.1307,21.0610,8.0031,7.4464,9.8119,6.5126,3
2458295.705917,-5.9441,35.1873,8.0031,7.4464,9.8119,6.5126,3
2458295.767987,-7.3754,33.2327,8.0031,7.4464,9.8119,6.5126,3
2458295.838507,-10.0664,28.0628,8.0031,7.4464,9.8119,6.5126,3
2458298.682037,7.6411,31.0298,8.0031,7.4464,9.8119,6.5126,3
2458298.716347,8.6429,36.4623,8.0031,7.4464,9.8119,6.5126,3
2458298.734997,10.4167,34.5503,8.0031,7.4464,9.8119,6.5126,3
2458298.752077,0.7890,37.5348,8.0031,7.4464,9.8119,6.5126,3
2458298.783797,4.7766,26.5513,8.0031,7.4464,9.8119,6.5126,3
2458301.618227,-1.4457,29.3276,8.0031,7.4464,9.8119,6.5126,3
2458306.640577,-4.4230,33.1503,8.0031,7.4464,9.8119,6.5126,3
2458306.675397,-8.5331,29.6949,8.0031,7.4464,9.8119,6.5126,3
2458307.488017,4.5009,27.4006,8.0031,7.4464,9.8119,6.5126,3
2458307.505177,14.3758,26.8374,8.0031,7.4464,9.8119,6.5126,3
2458307.522377,-7.1176,14.6480,8.0031,7.4464,9.8119,6.5126,3
2458307.539647,-0.8456,31.7047,8.0031,7.4464,9.8119,6.5126,3
2458307.601447,9.8486,20.7904,8.0031,7.4464,9.8119,6.5126,3
2458307.619447,-6.4187,23.7442,8.0031,7.4464,9.8119,6.5126,3
2458307.733617,3.8339,33.8771,8.0031,7.4464,9.8119,6.5126,3
2458307.767377,-3.1588,33.2641,8.0031,7.4464,9.8119,6.5126,3
2458307.795897,-2.9328,21.9370,8.0031,7.4464,9.8119,6.5126,3
2458307.812747,-7.5199,34.1074,8.0031,7.4464,9.8119,6.5126,3
2458308.488997,8.5573,29.7610,8.0031,7.4464,9.8119,6.5126,3
2458308.491747,-2.4551,26.8217,8.0031,7.4464,9.8119,6.5126,3
2458308.601617,9.5383,35.3779,8.0031,7.4464,9.8119,6.5126,3
2458308.674977,3.5311,28.5971,8.0031,7.4464,9.8119,6.5126,3
2458308.718997,2.3038,25.5530,8.0031,7.4464,9.8119,6.5126,3
2458308.735987,-4.3681,18.0376,8.0031,7.4464,9.8119,6.5126,3
2458308.769707,1.3135,28.3351,8.0031,7.4464,9.8119,6.5126,3
2458308.799437,-5.0374,39.0136,8.0031,7.4464,9.8119,6.5126,3
2458309.476677,13.1149,20.6266,8.0031,7.4464,9.8119,6.5126,3
2458309.493887,10.3476,23.6129,8.0031,7.4464,9.8119,6.5126,3
2458309.532567,-2.2116,15.0778,8.0031,7.4464,9.8119,6.5126,3
2458309.564647,-1.1399,29.2932,8.0031,7.4464,9.8119,6.5126,3
2458309.581227,-1.8298,32.7514,8.0031,7.4464,9.8119,6.5126,3
2458309.603217,6.4049,17.0998,8.0031,7.4464,9.8119,6.5126,3
2458309.620057,6.0539,28.0183,8.0031,7.4464,9.8119,6.5126,3
2458309.637067,-1.9902,18.4773,8.0031,7.4464,9.8119,6.5126,3
2458309.664767,-4.4279,28.8202,8.0031,7.4464,9.8119,6.5126,3
2458309.687997,-10.3549,28.1681,8.0031,7.4464,9.8119,6.5126,3
2458309.704947,1.8966,35.8459,8.0031,7.4464,9.8119,6.5126,3
2458309.721687,1.6600,16.6691,8.0031,7.4464,9.8119,6.5126,3
2458309.738717,-0.8611,20.6059,8.0031,7.4464,9.8119,6.5126,3
2458309.755447,-0.5646,37.5481,8.0031,7.4464,9.8119,6.5126,3
2458309.788247,2.2062,28.3315,8.0031,7.4464,9.8119,6.5126,3
2458309.805577,-6.4088,33.6783,8.0031,7.4464,9.8119,6.5126,3
2458310.503087,-1.3675,18.0202,8.0031,7.4464,9.8119,6.5126,3
2458310.520187,5.8214,15.6447,8.0031,7.4464,9.8119,6.5126,3
2458310.630217,4.0810,26.8265,8.0031,7.4464,9.8119,6.5126,3
2458310.691447,8.5079,29.9149,8.0031,7.4464,9.8119,6.5126,3
2458310.708327,-6.2443,22.8885,8.0031,7.4464,9.8119,6.5126,3
2458310.724837,-15.1475,23.1333,8.0031,7.4464,9.8119,6.5126,3
2458310.742227,-4.6187,27.3397,8.0031,7.4464,9.8119,6.5126,3
2458310.786637,7.9455,37.4074,8.0031,7.4464,9.8119,6.5126,3
2458310.805607,-5.5450,27.1583,8.0031,7.4464,9.8119,6.5126,3
2458311.523527,-1.3278,33.7960,8.0031,7.4464,9.8119,6.5126,3
2458311.559517,1.7469,15.8045,8.0031,7.4464,9.8119,6.5126,3
2458311.575867,2.2319,22.9546,8.0031,7.4464,9.8119,6.5126,3
2458311.592987,-11.8908,18.3607,8.0031,7.4464,9.8119,6.5126,3
2458311.621357,-6.9642,29.3836,8.0031,7.4464,9.8119,6.5126,3
2458311.645957,-4.4343,15.5479,8.0031,7.4464,9.8119,6.5126,3
2458311.666177,-0.9888,31.0811,8.0031,7.4464,9.8119,6.5126,3
2458311.682867,5.4521,28.8007,8.0031,7.4464,9.8119,6.5126,3
2458311.699547,-9.7836,28.3625,8.0031,7.4464,9.8119,6.5126,3
2458311.744227,0.3027,40.1622,8.0031,7.4464,9.8119,6.5126,3
2458312.502797,8.6622,26.1324,8.0031,7.4464,9.8119,6.5126,3
2458312.519947,0.9386,32.8496,8.0031,7.4464,9.8119,6.5126,3
2458312.606367,-13.3561,15.8452,8.0031,7.4464,9.8119,6.5126,3
2458312.626117,-4.6043,26.8452,8.0031,7.4464,9.8119,6.5126,3
2458312.704477,6.6121,24.7013,8.0031,7.4464,9.8119,6.5126,3
2458312.720987,-4.5160,28.2926,8.0031,7.4464,9.8119,6.5126,3
2458312.739657,-10.6774,37.0135,8.0031,7.4464,9.8119,6.5126,3
2458312.760857,0.8596,33.1264,8.0031,7.4464,9.8119,6.5126,3
2458312.777567,7.0640,33.1564,8.0031,7.4464,9.8119,6.5126,3
2458313.483227,-5.5014,30.6489,8.0031,7.4464,9.8119,6.5126,3
2458313.500907,9.1445,28.4910,8.0031,7.4464,9.8119,6.5126,3
2458313.517917,3.3511,21.3887,8.0031,7.4464,9.8119,6.5126,3
2458313.535187,-1.0050,22.2885,8.0031,7.4464,9.8119,6.5126,3
2458313.552747,-7.9258,31.8470,8.0031,7.4464,9.8119,6.5126,3
2458313.569887,8.8826,30.4602,8.0031,7.4464,9.8119,6.5126,3
2458313.598757,8.1238,24.8038,8.0031,7.4464,9.8119,6.5126,3
2458313.637637,-6.6805,36.0094,8.0031,7.4464,9.8119,6.5126,3
2458313.654467,-7.5501,27.2155,8.0031,7.4464,9.8119,6.5126,3
2458313.750317,-1.9909,39.7373,8.0031,7.4464,9.8119,6.5126,3
2458313.794507,6.2921,36.9432,8.0031,7.4464,9.8119,6.5126,3
2458314.478397,6.6242,27.7568,8.0031,7.4464,9.8119,6.5126,3
2458314.497457,13.8242,34.6021,8.0031,7.4464,9.8119,6.5126,3
2458314.514597,-0.1028,28.0928,8.0031,7.4464,9.8119,6.5126,3
2458314.533987,8.3359,28.4244,8.0031,7.4464,9.8119,6.5126,3
2458314.579747,12.1105,18.9285,8.0031,7.4464,9.8119,6.5126,3
2458314.648507,5.3475,24.4725,8.0031,7.4464,9.8119,6.5126,3
2458314.675797,-2.2634,28.7835,8.0031,7.4464,9.8119,6.5126,3
2458314.693067,2.9860,31.3469,8.0031,7.4464,9.8119,6.5126,3
2458314.709727,-4.7006,27.7253,8.0031,7.4464,9.8119,6.5126,3
2458314.731047,-12.1204,23.5974,8.0031,7.4464,9.8119,6.5126,3
2458314.748467,4.6629,27.4003,8.0031,7.4464,9.8119,6.5126,3
2458314.776097,-9.6756,34.5333,8.0031,7.4464,9.8119,6.5126,3
2458315.512567,9.6554,26.3380,8.0031,7.4464,9.8119,6.5126,3
2458316.482817,-14.4751,31.4081,8.0031,7.4464,9.8119,6.5126,3
2458316.499767,3.7904,15.4011,8.0031,7.4464,9.8119,6.5126,3
2458316.516567,7.5415,21.3535,8.0031,7.4464,9.8119,6.5126,3
2458316.560627,3.1648,32.7838,8.0031,7.4464,9.8119,6.5126,3
2458316.562167,6.3988,36.5640,8.0031,7.4464,9.8119,6.5126,3
2458316.605307,16.7425,30.8415,8.0031,7.4464,9.8119,6.5126,3
2458316.621827,13.2576,41.2468,8.0031,7.4464,9.8119,6.5126,3
2458316.641667,14.4477,33.1885,8.0031,7.4464,9.8119,6.5126,3
2458316.659077,-13.3644,29.1958,8.0031,7.4464,9.8119,6.5126,3
2458316.707347,-8.5290,31.8698,8.0031,7.4464,9.8119,6.5126,3
2458316.725727,2.1780,20.6513,8.0031,7.4464,9.8119,6.5126,3
2458316.742307,4.3375,22.4786,8.0031,7.4464,9.8119,6.5126,3
2458316.759057,7.9647,25.2721,8.0031,7.4464,9.8119,6.5126,3
2458316.785447,1.5198,33.9875,8.0031,7.4464,9.8119,6.5126,3
2458320.521557,-8.1391,27.1781,8.0031,7.4464,9.8119,6.5126,3
2458320.538477,-2.6106,29.8609,8.0031,7.4464,9.8119,6.5126,3
2458320.556127,10.2808,34.1797,8.0031,7.4464,9.8119,6.5126,3
2458320.573127,0.0784,33.1095,8.0031,7.4464,9.8119,6.5126,3
2458320.591677,-12.9279,27.7197,8.0031,7.4464,9.8119,6.5126,3
2458320.609187,-2.1011,22.9279,8.0031,7.4464,9.8119,6.5126,3
2458320.638437,1.3408,28.1611,8.0031,7.4464,9.8119,6.5126,3
2458320.672797,-9.3695,25.3866,8.0031,7.4464,9.8119,6.5126,3
2458320.706757,0.6606,40.6396,8.0031,7.4464,9.8119,6.5126,3
2458320.734387,-0.6496,31.0412,8.0031,7.4464,9.8119,6.5126,3
2458321.466807,1.8388,18.2775,8.0031,7.4464,9.8119,6.5126,3
2458321.484087,-0.7873,16.5616,8.0031,7.4464,9.8119,6.5126,3
2458321.511577,11.6028,38.4883,8.0031,7.4464,9.8119,6.5126,3
2458322.515977,-10.5151,40.1689,8.0031,7.4464,9.8119,6.5126,3
2458322.533017,5.7109,32.0276,8.0031,7.4464,9.8119,6.5126,3
2458323.511247,10.0033,27.4468,8.0031,7.4464,9.8119,6.5126,3
2458323.528267,-5.6731,31.9523,8.0031,7.4464,9.8119,6.5126,3
2458323.555977,6.1622,37.7325,8.0031,7.4464,9.8119,6.5126,3
2458323.577087,4.3761,38.5888,8.0031,7.4464,9.8119,6.5126,3
2458323.593527,11.0353,33.9309,8.0031,7.4464,9.8119,6.5126,3
2458323.610997,5.4900,39.1860,8.0031,7.4464,9.8119,6.5126,3
2458324.605717,2.7088,30.5955,8.0031,7.4464,9.8119,6.5126,3
2458328.562787,3.9377,26.6930,8.0031,7.4464,9.8119,6.5126,3
2458328.600737,2.2924,27.8273,8.0031,7.4464,9.8119,6.5126,3
2458328.620427,-2.6346,32.2868,8.0031,7.4464,9.8119,6.5126,3
2458328.637677,5.8843,20.4010,8.0031,7.4464,9.8119,6.5126,3
2458328.704227,5.8182,40.2672,8.0031,7.4464,9.8119,6.5126,3
2458328.738287,-11.9308,34.5877,8.0031,7.4464,9.8119,6.5126,3
2458328.754947,9.4523,28.6031,8.0031,7.4464,9.8119,6.5126,3
2458329.503377,13.6217,39.4262,8.0031,7.4464,9.8119,6.5126,3
2458329.520197,1.1344,37.7954,8.0031,7.4464,9.8119,6.5126,3
2458329.537377,5.5878,26.8475,8.0031,7.4464,9.8119,6.5126,3
2458329.554037,5.1272,28.6483,8.0031,7.4464,9.8119,6.5126,3
2458329.570817,2.6972,36.1774,8.0031,7.4464,9.8119,6.5126,3
2458329.598447,11.1437,27.8313,8.0031,7.4464,9.8119,6.5126,3
2458329.615637,-7.5428,28.3255,8.0031,7.4464,9.8119,6.5126,3
2458329.632927,2.2989,31.4022,8.0031,7.4464,9.8119,6.5126,3
2458329.649717,1.0094,16.8599,8.0031,7.4464,9.8119,6.5126,3
2458329.672637,-3.5167,32.3723,8.0031,7.4464,9.8119,6.5126,3
2458329.703047,1.5501,16.7989,8.0031,7.4464,9.8119,6.5126,3
2458329.723547,-5.0685,26.5914,8.0031,7.4464,9.8119,6.5126,3
2458329.740947,-3.6414,21.2761,8.0031,7.4464,9.8119,6.5126,3
2458330.467587,12.8871,35.4108,8.0031,7.4464,9.8119,6.5126,3
2458330.484947,14.0845,34.7453,8.0031,7.4464,9.8119,6.5126,3
2458330.531657,-1.2514,31.4403,8.0031,7.4464,9.8119,6.5126,3
2458330.548797,7.5184,25.3707,8.0031,7.4464,9.8119,6.5126,3
2458330.566177,1.8671,29.3772,8.0031,7.4464,9.8119,6.5126,3
2458330.583147,1.5019,38.3547,8.0031,7.4464,9.8119,6.5126,3
2458330.599727,10.5620,33.4290,8.0031,7.4464,9.8119,6.5126,3
2458330.668197,9.4270,34.6888,8.0031,7.4464,9.8119,6.5126,3
2458331.463267,0.6601,36.1174,8.0031,7.4464,9.8119,6.5126,3
2458331.496637,10.1670,35.6858,8.0031,7.4464,9.8119,6.5126,3
2458331.530767,0.0626,27.9258,8.0031,7.4464,9.8119,6.5126,3
2458331.558497,3.6086,23.1656,8.0031,7.4464,9.8119,6.5126,3
2458331.575067,7.3194,42.5324,8.0031,7.4464,9.8119,6.5126,3
2458331.628027,-2.9870,34.5958,8.0031,7.4464,9.8119,6.5126,3
2458331.656557,-5.6448,31.0451,8.0031,7.4464,9.8119,6.5126,3
2458331.673807,-2.4658,24.8218,8.0031,7.4464,9.8119,6.5126,3
2458331.690807,2.7634,33.5296,8.0031,7.4464,9.8119,6.5126,3
2458331.724597,-3.8515,31.5440,8.0031,7.4464,9.8119,6.5126,3
2458332.482227,-2.6623,30.9058,8.0031,7.4464,9.8119,6.5126,3
2458332.499207,2.8268,25.5167,8.0031,7.4464,9.8119,6.5126,3
2458332.516217,-12.0561,23.1281,8.0031,7.4464,9.8119,6.5126,3
2458332.533137,2.2684,20.8621,8.0031,7.4464,9.8119,6.5126,3
2458332.550667,4.2939,28.0055,8.0031,7.4464,9.8119,6.5126,3
2458332.647117,8.1484,29.0352,8.0031,7.4464,9.8119,6.5126,3
2458332.664057,1.9816,29.7592,8.0031,7.4464,9.8119,6.5126,3
2458332.665747,-7.1829,34.0418,8.0031,7.4464,9.8119,6.5126,3
2458333.514857,8.0059,28.0466,8.0031,7.4464,9.8119,6.5126,3
2458334.462577,11.5396,26.9365,8.0031,7.4464,9.8119,6.5126,3
2458334.511947,4.8653,20.3169,8.0031,7.4464,9.8119,6.5126,3
2458334.557487,2.9986,20.2481,8.0031,7.4464,9.8119,6.5126,3
2458334.574467,-5.4220,31.9221,8.0031,7.4464,9.8119,6.5126,3
2458334.593197,-7.8319,24.4268,8.0031,7.4464,9.8119,6.5126,3
2458334.610307,-10.0846,34.4592,8.0031,7.4464,9.8119,6.5126,3
2458334.627437,2.0899,25.7125,8.0031,7.4464,9.8119,6.5126,3
2458334.655207,4.9003,21.4074,8.0031,7.4464,9.8119,6.5126,3
2458334.671937,1.9726,37.0058,8.0031,7.4464,9.8119,6.5126,3
2458334.724027,2.8241,36.2986,8.0031,7.4464,9.8119,6.5126,3
2458335.547167,-6.8929,30.4838,8.0031,7.4464,9.8119,6.5126,3
2458335.564247,1.9883,25.0071,8.0031,7.4464,9.8119,6.5126,3
2458335.625877,6.9368,39.1337,8.0031,7.4464,9.8119,6.5126,3
2458335.688557,-13.6088,27.3180,8.0031,7.4464,9.8119,6.5126,3
2458336.528837,9.8365,21.6023,8.0031,7.4464,9.8119,6.5126,3
2458336.573187,-1.0223,23.4997,8.0031,7.4464,9.8119,6.5126,3
2458336.669727,-9.5070,19.2949,8.0031,7.4464,9.8119,6.5126,3
2458336.686667,-5.7739,19.9378,8.0031,7.4464,9.8119,6.5126,3
2458336.706987,-6.1151,33.7798,8.0031,7.4464,9.8119,6.5126,3
2458336.724097,-13.2479,24.3596,8.0031,7.4464,9.8119,6.5126,3
2458339.465487,-12.3568,20.4854,8.0031,7.4464,9.8119,6.5126,3
2458339.542387,2.7224,26.0386,8.0031,7.4464,9.8119,6.5126,3
2458339.570137,3.6503,26.7258,8.0031,7.4464,9.8119,6.5126,3
2458339.593747,-4.4976,16.7434,8.0031,7.4464,9.8119,6.5126,3
2458339.610937,-12.2482,24.0641,8.0031,7.4464,9.8119,6.5126,3
2458339.633327,-1.8854,30.3267,8.0031,7.4464,9.8119,6.5126,3
2458339.650277,-9.0598,17.1333,8.0031,7.4464,9.8119,6.5126,3
2458340.471647,6.7217,31.6159,8.0031,7.4464,9.8119,6.5126,3
2458340.516147,-0.6664,21.9173,8.0031,7.4464,9.8119,6.5126,3
2458340.536787,3.2768,31.4433,8.0031,7.4464,9.8119,6.5126,3
2458340.571127,-3.7836,23.3467,8.0031,7.4464,9.8119,6.5126,3
2458340.588017,-6.4555,30.9976,8.0031,7.4464,9.8119,6.5126,3
2458340.615727,1.1218,21.2637,8.0031,7.4464,9.8119,6.5126,3
2458340.632797,-0.7144,31.7864,8.0031,7.4464,9.8119,6.5126,3
2458340.689877,8.9713,28.8926,8.0031,7.4464,9.8119,6.5126,3
2458341.474787,3.7404,31.2731,8.0031,7.4464,9.8119,6.5126,3
2458341.491487,-1.4131,23.9177,8.0031,7.4464,9.8119,6.5126,3
2458341.526697,2.0958,23.6539,8.0031,7.4464,9.8119,6.5126,3
2458341.554947,-13.9547,33.1473,8.0031,7.4464,9.8119,6.5126,3
2458341.589987,1.0680,23.6764,8.0031,7.4464,9.8119,6.5126,3
2458341.607367,-5.6837,29.0446,8.0031,7.4464,9.8119,6.5126,3
2458341.624097,10.8032,25.9696,8.0031,7.4464,9.8119,6.5126,3
2458342.476777,0.7681,27.7931,8.0031,7.4464,9.8119,6.5126,3
2458342.510837,-4.5742,31.4751,8.0031,7.4464,9.8119,6.5126,3
2458342.541167,7.8608,19.6235,8.0031,7.4464,9.8119,6.5126,3
2458342.580707,0.9274,22.2597,8.0031,7.4464,9.8119,6.5126,3
2458342.597487,1.2192,23.1175,8.0031,7.4464,9.8119,6.5126,3
2458342.614577,-3.5118,23.0429,8.0031,7.4464,9.8119,6.5126,3
2458342.641797,3.2688,15.8167,8.0031,7.4464,9.8119,6.5126,3
2458342.694177,-7.6093,17.9338,8.0031,7.4464,9.8119,6.5126,3
2458343.477937,5.1513,32.4693,8.0031,7.4464,9.8119,6.5126,3
2458343.495127,0.8767,26.4185,8.0031,7.4464,9.8119,6.5126,3
2458343.579357,0.8653,22.6815,8.0031,7.4464,9.8119,6.5126,3
2458343.596037,3.5415,19.9275,8.0031,7.4464,9.8119,6.5126,3
2458343.613467,13.3714,36.8904,8.0031,7.4464,9.8119,6.5126,3
2458344.466137,8.6120,36.0574,8.0031,7.4464,9.8119,6.5126,3
2458344.500187,6.3886,27.8754,8.0031,7.4464,9.8119,6.5126,3
2458344.522867,-2.7062,29.2705,8.0031,7.4464,9.8119,6.5126,3
2458344.616147,-6.2667,39.3940,8.0031,7.4464,9.8119,6.5126,3
2458344.633227,-7.4514,25.7217,8.0031,7.4464,9.8119,6.5126,3
2458344.707407,0.0313,37.2302,8.0031,7.4464,9.8119,6.5126,3
2458345.490837,-6.2433,15.5486,8.0031,7.4464,9.8119,6.5126,3
2458345.507107,5.5431,39.4076,8.0031,7.4464,9.8119,6.5126,3
2458345.576787,0.6702,17.2188,8.0031,7.4464,9.8119,6.5126,3
2458345.695747,-7.9145,26.5506,8.0031,7.4464,9.8119,6.5126,3
2458346.481987,-9.5008,14.7900,8.0031,7.4464,9.8119,6.5126,3
2458346.498597,0.8409,30.7811,8.0031,7.4464,9.8119,6.5126,3
2458346.515677,-1.0298,21.3525,8.0031,7.4464,9.8119,6.5126,3
2458346.553807,-0.9806,22.6664,8.0031,7.4464,9.8119,6.5126,3
2458346.592127,7.3170,23.8212,8.0031,7.4464,9.8119,6.5126,3
2458346.610407,-9.2363,30.1203,8.0031,7.4464,9.8119,6.5126,3
2458346.627217,2.6945,29.7870,8.0031,7.4464,9.8119,6.5126,3
2458346.654937,-7.8719,25.1636,8.0031,7.4464,9.8119,6.5126,3
2458346.672047,-10.3617,29.1278,8.0031,7.4464,9.8119,6.5126,3
2458346.707067,5.2916,36.2420,8.0031,7.4464,9.8119,6.5126,3
2458347.465917,8.2080,38.2800,8.0031,7.4464,9.8119,6.5126,3
2458347.483057,-4.5748,30.2287,8.0031,7.4464,9.8119,6.5126,3
2458347.502957,3.5300,28.8656,8.0031,7.4464,9.8119,6.5126,3
2458347.530937,12.5131,22.6889,8.0031,7.4464,9.8119,6.5126,3
2458347.547927,-6.8032,16.5976,8.0031,7.4464,9.8119,6.5126,3
2458347.565167,-1.9284,23.5064,8.0031,7.4464,9.8119,6.5126,3
2458347.585677,11.6278,16.7673,8.0031,7.4464,9.8119,6.5126,3
2458347.602577,5.0073,16.0838,8.0031,7.4464,9.8119,6.5126,3
2458347.630497,2.9925,15.6868,8.0031,7.4464,9.8119,6.5126,3
2458347.651307,-1.4035,23.6336,8.0031,7.4464,9.8119,6.5126,3
2458347.668347,14.5525,26.6866,8.0031,7.4464,9.8119,6.5126,3
2458347.685457,-15.9686,32.1333,8.0031,7.4464,9.8119,6.5126,3
2458347.704397,-11.9935,24.0703,8.0031,7.4464,9.8119,6.5126,3
2458349.467347,0.3590,33.8440,8.0031,7.4464,9.8119,6.5126,3
2458349.484447,2.7890,29.6052,8.0031,7.4464,9.8119,6.5126,3
2458349.501117,-7.7119,37.5766,8.0031,7.4464,9.8119,6.5126,3
2458349.546267,2.0724,24.6041,8.0031,7.4464,9.8119,6.5126,3
2458349.563247,-15.4682,23.6652,8.0031,7.4464,9.8119,6.5126,3
2458349.580607,7.8532,37.0481,8.0031,7.4464,9.8119,6.5126,3
2458350.467017,-5.3296,36.9972,8.0031,7.4464,9.8119,6.5126,3
2458350.484507,4.0342,25.4821,8.0031,7.4464,9.8119,6.5126,3
2458350.502357,-2.4012,33.5385,8.0031,7.4464,9.8119,6.5126,3
2458350.530357,7.1486,34.2615,8.0031,7.4464,9.8119,6.5126,3
2458350.564597,2.9475,29.2019,8.0031,7.4464,9.8119,6.5126,3
2458350.598767,6.8230,28.7045,8.0031,7.4464,9.8119,6.5126,3
2458350.628177,5.5877,27.9128,8.0031,7.4464,9.8119,6.5126,3
2458350.645277,-2.7162,26.2046,8.0031,7.4464,9.8119,6.5126,3
2458350.662217,-13.5857,28.5217,8.0031,7.4464,9.8119,6.5126,3
2458350.679067,-5.0515,35.6458,8.0031,7.4464,9.8119,6.5126,3
2458350.695577,-0.9737,16.9432,8.0031,7.4464,9.8119,6.5126,3
2458351.528937,12.8636,39.3317,8.0031,7.4464,9.8119,6.5126,3
2458351.587527,0.3780,28.3148,8.0031,7.4464,9.8119,6.5126,3
2458352.491267,-1.7362,37.6949,8.0031,7.4464,9.8119,6.5126,3
2458352.508757,0.2054,31.7868,8.0031,7.4464,9.8119,6.5126,3
2458352.527927,5.9586,31.8700,8.0031,7.4464,9.8119,6.5126,3
2458352.545697,0.5756,41.1143,8.0031,7.4464,9.8119,6.5126,3
2458352.562437,-0.1112,31.2530,8.0031,7.4464,9.8119,6.5126,3
2458352.657637,4.7066,32.0856,8.0031,7.4464,9.8119,6.5126,3
2458354.614587,-3.8854,19.3701,8.0031,7.4464,9.8119,6.5126,3
2458355.479597,-6.7357,21.7523,8.0031,7.4464,9.8119,6.5126,3
2458355.506907,-5.5726,36.7904,8.0031,7.4464,9.8119,6.5126,3
2458355.559517,-5.1864,28.5800,8.0031,7.4464,9.8119,6.5126,3
2458355.605897,-8.3310,23.3696,8.0031,7.4464,9.8119,6.5126,3
2458355.623217,-11.3804,29.2222,8.0031,7.4464,9.8119,6.5126,3
2458356.498057,12.4484,34.8648,8.0031,7.4464,9.8119,6.5126,3
2458356.532567,-12.4115,36.2412,8.0031,7.4464,9.8119,6.5126,3
2458356.566987,3.0462,27.7798,8.0031,7.4464,9.8119,6.5126,3
2458356.584207,-2.6202,25.3058,8.0031,7.4464,9.8119,6.5126,3
2458356.628697,-3.2430,34.7548,8.0031,7.4464,9.8119,6.5126,3
2458356.662247,6.7690,29.7703,8.0031,7.4464,9.8119,6.5126,3
2458357.470277,13.5031,38.0429,8.0031,7.4464,9.8119,6.5126,3
2458357.525637,4.6404,25.2324,8.0031,7.4464,9.8119,6.5126,3
2458357.547007,-3.3872,32.5566,8.0031,7.4464,9.8119,6.5126,3
2458357.564247,-7.9865,34.7516,8.0031,7.4464,9.8119,6.5126,3
2458357.600507,-1.3430,33.8369,8.0031,7.4464,9.8119,6.5126,3
2458357.628567,-6.4162,30.7248,8.0031,7.4464,9.8119,6.5126,3
2458357.645357,2.6122,34.6324,8.0031,7.4464,9.8119,6.5126,3
2458358.480857,7.7757,26.9030,8.0031,7.4464,9.8119,6.5126,3
2458358.502787,8.5237,30.3921,8.0031,7.4464,9.8119,6.5126,3
2458358.519937,-4.7595,24.2115,8.0031,7.4464,9.8119,6.5126,3
2458358.564867,4.1208,36.1602,8.0031,7.4464,9.8119,6.5126,3
2458358.582157,-2.9258,22.4118,8.0031,7.4464,9.8119,6.5126,3
2458358.599297,-4.6000,34.8170,8.0031,7.4464,9.8119,6.5126,3
2458358.616547,-17.3270,33.7392,8.0031,7.4464,9.8119,6.5126,3
2458358.646907,0.1966,22.4493,8.0031,7.4464,9.8119,6.5126,3
2458358.671497,4.3919,17.2017,8.0031,7.4464,9.8119,6.5126,3
2458359.477287,1.3702,30.3460,8.0031,7.4464,9.8119,6.5126,3
2458359.532217,-2.7118,30.9078,8.0031,7.4464,9.8119,6.5126,3
2458359.601267,2.0033,33.5332,8.0031,7.4464,9.8119,6.5126,3
2458359.635797,-6.4578,27.3217,8.0031,7.4464,9.8119,6.5126,3
2458360.532517,-5.8107,18.8812,8.0031,7.4464,9.8119,6.5126,3
2458360.586257,5.9429,24.6014,8.0031,7.4464,9.8119,6.5126,3
2458360.605067,4.3008,21.3280,8.0031,7.4464,9.8119,6.5126,3
2458360.656847,-18.5111,31.4830,8.0031,7.4464,9.8119,6.5126,3
2458363.655367,-12.2951,18.2746,8.0031,7.4464,9.8119,6.5126,3
2458364.480197,-7.3867,18.0632,8.0031,7.4464,9.8119,6.5126,3
2458364.544327,-5.3673,25.6347,8.0031,7.4464,9.8119,6.5126,3
2458366.473627,-0.4504,36.8336,8.0031,7.4464,9.8119,6.5126,3
2458366.630317,-12.7296,20.3609,8.0031,7.4464,9.8119,6.5126,3
2458367.479067,-6.1236,23.8505,8.0031,7.4464,9.8119,6.5126,3
2458367.541107,8.2202,26.7197,8.0031,7.4464,9.8119,6.5126,3
2458368.476577,2.8957,30.3080,8.0031,7.4464,9.8119,6.5126,3
2458368.566577,-13.5590,23.5378,8.0031,7.4464,9.8119,6.5126,3
2458369.480877,-9.2177,33.0693,8.0031,7.4464,9.8119,6.5126,3
2458369.542367,0.3478,31.9791,8.0031,7.4464,9.8119,6.5126,3
2458369.559617,4.9588,28.8274,8.0031,7.4464,9.8119,6.5126,3
2458369.576687,0.6626,20.4758,8.0031,7.4464,9.8119,6.5126,3
2458369.593697,-4.1166,28.9862,8.0031,7.4464,9.8119,6.5126,3
2458369.633597,-0.2155,35.6997,8.0031,7.4464,9.8119,6.5126,3
2458370.481047,4.8039,25.7538,8.0031,7.4464,9.8119,6.5126,3
2458370.498097,-7.5928,24.4276,8.0031,7.4464,9.8119,6.5126,3
2458370.515137,-14.1733,18.3010,8.0031,7.4464,9.8119,6.5126,3
2458370.531897,-13.2627,25.7986,8.0031,7.4464,9.8119,6.5126,3
2458370.549107,-11.1778,27.7013,8.0031,7.4464,9.8119,6.5126,3
2458370.576857,-5.0064,30.1387,8.0031,7.4464,9.8119,6.5126,3
2458370.611667,-13.4046,31.4894,8.0031,7.4464,9.8119,6.5126,3
2458371.475427,-3.8019,38.1928,8.0031,7.4464,9.8119,6.5126,3
2458371.556967,-8.6144,22.8675,8.0031,7.4464,9.8119,6.5126,3
2458371.576117,-0.6774,16.9264,8.0031,7.4464,9.8119,6.5126,3
2458372.564377,-1.5014,20.3802,8.0031,7.4464,9.8119,6.5126,3
2458372.581517,3.3034,31.3968,8.0031,7.4464,9.8119,6.5126,3
2458373.514317,-7.3296,20.9203,8.0031,7.4464,9.8119,6.5126,3
2458373.548557,-14.4638,29.3823,8.0031,7.4464,9.8119,6.5126,3
2458373.593197,-3.6054,29.7900,8.0031,7.4464,9.8119,6.5126,3
2458373.610727,-16.3491,29.1029,8.0031,7.4464,9.8119,6.5126,3
2458373.627547,-13.6894,28.2442,8.0031,7.4464,9.8119,6.5126,3
2458375.533117,-4.5174,24.6097,8.0031,7.4464,9.8119,6.5126,3
2458375.577547,-2.6404,15.2378,8.0031,7.4464,9.8119,6.5126,3
2458375.594697,1.7990,42.2731,8.0031,7.4464,9.8119,6.5126,3
2458375.621847,-7.8165,16.4830,8.0031,7.4464,9.8119,6.5126,3
2458376.549547,0.4164,30.4849,8.0031,7.4464,9.8119,6.5126,3
2458376.583317,-14.3484,41.1841,8.0031,7.4464,9.8119,6.5126,3
2458377.517057,-10.1747,21.5779,8.0031,7.4464,9.8119,6.5126,3
2458377.551517,-12.2948,29.0724,8.0031,7.4464,9.8119,6.5126,3
2458378.499437,1.0166,30.5070,8.0031,7.4464,9.8119,6.5126,3
2458378.517227,-8.6039,23.0110,8.0031,7.4464,9.8119,6.5126,3
2458378.534307,6.3584,24.5371,8.0031,7.4464,9.8119,6.5126,3
2458378.551257,-6.3144,34.9163,8.0031,7.4464,9.8119,6.5126,3
2458378.567977,-2.8409,34.0595,8.0031,7.4464,9.8119,6.5126,3
2458378.590627,-2.2993,33.5923,8.0031,7.4464,9.8119,6.5126,3
2458379.550807,8.0745,39.2570,8.0031,7.4464,9.8119,6.5126,3
2458380.583727,-7.0471,19.4729,8.0031,7.4464,9.8119,6.5126,3
2458382.480877,4.4058,28.5551,8.0031,7.4464,9.8119,6.5126,3
2458382.498027,-4.5696,20.5137,8.0031,7.4464,9.8119,6.5126,3
2458382.532987,-6.9941,39.6158,8.0031,7.4464,9.8119,6.5126,3
2458382.550177,-6.2532,35.3166,8.0031,7.4464,9.8119,6.5126,3
2458382.583007,-8.0279,22.3257,8.0031,7.4464,9.8119,6.5126,3
2458382.599737,0.4970,34.7703,8.0031,7.4464,9.8119,6.5126,3
2458383.488017,-4.9567,18.4131,8.0031,7.4464,9.8119,6.5126,3
2458383.504727,-5.1247,34.2717,8.0031,7.4464,9.8119,6.5126,3
2458383.522107,-13.8670,23.8021,8.0031,7.4464,9.8119,6.5126,3
2458383.573287,-8.1897,22.2015,8.0031,7.4464,9.8119,6.5126,3
2458383.607597,-3.9238,22.3654,8.0031,7.4464,9.8119,6.5126,3
2458384.484877,-3.8442,37.9481,8.0031,7.4464,9.8119,6.5126,3
2458384.530537,-3.5885,31.7282,8.0031,7.4464,9.8119,6.5126,3
2458384.583687,7.8579,23.4030,8.0031,7.4464,9.8119,6.5126,3
2458384.605047,0.5305,24.8572,8.0031,7.4464,9.8119,6.5126,3
2458385.532127,-9.9359,25.3315,8.0031,7.4464,9.8119,6.5126,3
2458385.567257,-13.9791,30.0870,8.0031,7.4464,9.8119,6.5126,3
2458385.584487,-12.1811,17.6178,8.0031,7.4464,9.8119,6.5126,3
2458386.508257,-5.9155,38.7732,8.0031,7.4464,9.8119,6.5126,3
2458386.525457,-8.9315,28.5183,8.0031,7.4464,9.8119,6.5126,3
2458387.510257,8.1392,22.0401,8.0031,7.4464,9.8119,6.5126,3
2458390.506117,-9.6582,14.9099,8.0031,7.4464,9.8119,6.5126,3
2458390.542147,-1.0442,34.1907,8.0031,7.4464,9.8119,6.5126,3
2458392.515577,0.4466,28.4837,8.0031,7.4464,9.8119,6.5126,3
2458393.507257,-5.4466,27.3617,8.0031,7.4464,9.8119,6.5126,3
2458393.575127,-7.3326,24.4100,8.0031,7.4464,9.8119,6.5126,3
2458394.492347,-11.2305,17.0288,8.0031,7.4464,9.8119,6.5126,3
2458394.510457,-7.1293,22.4989,8.0031,7.4464,9.8119,6.5126,3
2458394.557707,0.9064,30.4411,8.0031,7.4464,9.8119,6.5126,3
2458397.500337,-15.6433,31.3009,8.0031,7.4464,9.8119,6.5126,3
2458405.538687,8.9552,32.4113,8.0031,7.4464,9.8119,6.5126,3
2458406.514167,-7.3236,21.9839,8.0031,7.4464,9.8119,6.5126,3
2458407.525357,-4.2043,24.4379,8.0031,7.4464,9.8119,6.5126,3
2458408.494857,12.3813,33.5442,8.0031,7.4464,9.8119,6.5126,3
2458408.516117,-3.4365,30.2075,8.0031,7.4464,9.8119,6.5126,3
2458409.506747,4.8670,30.6609,8.0031,7.4464,9.8119,6.5126,3
2458409.536657,9.0450,31.6369,8.0031,7.4464,9.8119,6.5126,3
2458411.515607,-11.1623,31.6518,8.0031,7.4464,9.8119,6.5126,3
2458412.506997,-8.4382,20.8255,8.0031,7.4464,9.8119,6.5126,3
2458412.523857,-15.2729,28.9172,8.0031,7.4464,9.8119,6.5126,3
2458533.864377,-1.4232,16.3194,8.0031,7.4464,7.7776,7.5998,4
2458533.898037,9.3625,32.8269,8.0031,7.4464,7.7776,7.5998,4
2458534.862617,-9.8681,18.3822,8.0031,7.4464,7.7776,7.5998,4
2458534.879307,6.7179,20.5052,8.0031,7.4464,7.7776,7.5998,4
2458535.892807,-3.2675,25.9195,8.0031,7.4464,7.7776,7.5998,4
2458536.854757,-6.0650,18.9231,8.0031,7.4464,7.7776,7.5998,4
2458536.871187,12.5767,19.2312,8.0031,7.4464,7.7776,7.5998,4
2458536.888267,-6.6232,22.3151,8.0031,7.4464,7.7776,7.5998,4
2458537.860347,1.2203,12.3311,8.0031,7.4464,7.7776,7.5998,4
2458537.877197,0.8795,13.9787,8.0031,7.4464,7.7776,7.5998,4
2458537.894057,-4.6214,20.0694,8.0031,7.4464,7.7776,7.5998,4
2458538.849577,-5.2865,27.7770,8.0031,7.4464,7.7776,7.5998,4
2458538.899197,-2.1022,22.4750,8.0031,7.4464,7.7776,7.5998,4
2458539.851327,-2.4322,26.5638,8.0031,7.4464,7.7776,7.5998,4
2458539.867997,4.1027,29.2683,8.0031,7.4464,7.7776,7.5998,4
2458539.884777,-3.8536,24.1332,8.0031,7.4464,7.7776,7.5998,4
2458539.901747,12.5276,32.2119,8.0031,7.4464,7.7776,7.5998,4
2458540.853937,-10.7469,14.3909,8.0031,7.4464,7.7776,7.5998,4
2458540.871967,1.6410,13.7143,8.0031,7.4464,7.7776,7.5998,4
2458540.888627,-4.9889,27.8693,8.0031,7.4464,7.7776,7.5998,4
2458541.840497,13.5131,28.3079,8.0031,7.4464,7.7776,7.5998,4
2458541.892367,-7.0437,15.9517,8.0031,7.4464,7.7776,7.5998,4
2458543.848477,2.2386,19.3308,8.0031,7.4464,7.7776,7.5998,4
2458543.881667,11.7152,14.7924,8.0031,7.4464,7.7776,7.5998,4
2458544.844757,6.3357,21.6838,8.0031,7.4464,7.7776,7.5998,4
2458544.863547,-0.4568,26.6575,8.0031,7.4464,7.7776,7.5998,4
2458544.880157,3.7118,27.9577,8.0031,7.4464,7.7776,7.5998,4
2458546.850487,-3.7322,14.5045,8.0031,7.4464,7.7776,7.5998,4
2458546.866887,9.3242,20.0021,8.0031,7.4464,7.7776,7.5998,4
2458546.902777,1.0433,19.5133,8.0031,7.4464,7.7776,7.5998,4
2458547.860457,12.5851,15.6587,8.0031,7.4464,7.7776,7.5998,4
2458547.899347,2.3361,13.9265,8.0031,7.4464,7.7776,7.5998,4
2458548.837277,3.0250,21.3192,8.0031,7.4464,7.7776,7.5998,4
2458548.854167,9.3621,35.8707,8.0031,7.4464,7.7776,7.5998,4
2458549.854337,13.7211,31.5492,8.0031,7.4464,7.7776,7.5998,4
2458549.882167,-7.0221,16.8368,8.0031,7.4464,7.7776,7.5998,4
2458549.898547,1.0927,27.5540,8.0031,7.4464,7.7776,7.5998,4
2458550.823047,-4.6937,26.1301,8.0031,7.4464,7.7776,7.5998,4
2458550.866997,-5.5122,33.5693,8.0031,7.4464,7.7776,7.5998,4
2458550.888297,10.4619,28.2350,8.0031,7.4464,7.7776,7.5998,4
2458550.904927,9.3792,25.4972,8.0031,7.4464,7.7776,7.5998,4
2458551.851267,-0.3088,31.1473,8.0031,7.4464,7.7776,7.5998,4
2458551.891147,-3.0561,26.8538,8.0031,7.4464,7.7776,7.5998,4
2458551.909737,-10.5072,25.0588,8.0031,7.4464,7.7776,7.5998,4
2458552.874377,0.4504,21.9499,8.0031,7.4464,7.7776,7.5998,4
2458553.849467,8.9709,17.8197,8.0031,7.4464,7.7776,7.5998,4
2458553.900477,2.0216,22.5600,8.0031,7.4464,7.7776,7.5998,4
2458554.811557,10.7264,26.9925,8.0031,7.4464,7.7776,7.5998,4
2458554.879837,9.6928,27.2696,8.0031,7.4464,7.7776,7.5998,4
2458555.900137,-2.5020,34.1673,8.0031,7.4464,7.7776,7.5998,4
2458556.811317,7.7040,23.5575,8.0031,7.4464,7.7776,7.5998,4
2458556.828417,4.0505,24.1541,8.0031,7.4464,7.7776,7.5998,4
2458556.900917,-1.7035,23.2714,8.0031,7.4464,7.7776,7.5998,4
2458557.820817,2.4963,16.4579,8.0031,7.4464,7.7776,7.5998,4
2458558.838837,0.6090,26.6397,8.0031,7.4464,7.7776,7.5998,4
2458558.884477,-0.9867,19.5991,8.0031,7.4464,7.7776,7.5998,4
2458558.901227,-8.0380,26.2413,8.0031,7.4464,7.7776,7.5998,4
2458558.918017,3.3935,31.5015,8.0031,7.4464,7.7776,7.5998,4
2458559.828787,6.6282,10.4487,8.0031,7.4464,7.7776,7.5998,4
2458559.862497,9.5452,32.8714,8.0031,7.4464,7.7776,7.5998,4
2458559.906307,-2.8901,9.0981,8.0031,7.4464,7.7776,7.5998,4
2458560.797277,2.7379,24.3096,8.0031,7.4464,7.7776,7.5998,4
2458560.799117,-4.2947,24.2087,8.0031,7.4464,7.7776,7.5998,4
2458560.815777,-3.7656,15.6647,8.0031,7.4464,7.7776,7.5998,4
2458560.832217,5.6996,33.2510,8.0031,7.4464,7.7776,7.5998,4
2458560.876097,10.8651,31.7811,8.0031,7.4464,7.7776,7.5998,4
2458560.892847,8.1317,31.6679,8.0031,7.4464,7.7776,7.5998,4
2458560.909527,14.8249,18.7580,8.0031,7.4464,7.7776,7.5998,4
2458561.790057,10.6058,29.9319,8.0031,7.4464,7.7776,7.5998,4
2458561.822067,14.7949,13.0504,8.0031,7.4464,7.7776,7.5998,4
2458561.839177,8.1041,24.6084,8.0031,7.4464,7.7776,7.5998,4
2458561.856047,-7.4665,23.5285,8.0031,7.4464,7.7776,7.5998,4
2458561.857787,9.7717,12.1991,8.0031,7.4464,7.7776,7.5998,4
2458562.821827,1.9412,13.8152,8.0031,7.4464,7.7776,7.5998,4
2458562.838987,10.4650,24.5224,8.0031,7.4464,7.7776,7.5998,4
2458562.900147,1.6551,21.6740,8.0031,7.4464,7.7776,7.5998,4
2458562.916917,9.2383,33.7021,8.0031,7.4464,7.7776,7.5998,4
2458563.815877,4.5629,16.8780,8.0031,7.4464,7.7776,7.5998,4
2458563.832647,11.9130,16.6049,8.0031,7.4464,7.7776,7.5998,4
2458563.865517,1.0450,32.2590,8.0031,7.4464,7.7776,7.5998,4
2458563.898757,-1.4623,17.8425,8.0031,7.4464,7.7776,7.5998,4
2458564.799587,-2.0784,30.1724,8.0031,7.4464,7.7776,7.5998,4
2458564.816177,7.9559,22.4874,8.0031,7.4464,7.7776,7.5998,4
2458564.832617,-2.6992,14.8071,8.0031,7.4464,7.7776,7.5998,4
2458564.862087,2.3466,18.7384,8.0031,7.4464,7.7776,7.5998,4
2458564.896147,-4.3860,26.8053,8.0031,7.4464,7.7776,7.5998,4
2458564.912997,3.3483,19.3005,8.0031,7.4464,7.7776,7.5998,4
2458565.791967,-8.3840,21.1264,8.0031,7.4464,7.7776,7.5998,4
2458565.810697,4.7171,15.5103,8.0031,7.4464,7.7776,7.5998,4
2458565.827177,7.0647,26.2809,8.0031,7.4464,7.7776,7.5998,4
2458565.843967,-1.1273,23.3944,8.0031,7.4464,7.7776,7.5998,4
2458565.864597,-4.8085,17.2163,8.0031,7.4464,7.7776,7.5998,4
2458565.893387,3.1803,13.4861,8.0031,7.4464,7.7776,7.5998,4
2458565.911987,10.0734,27.6303,8.0031,7.4464,7.7776,7.5998,4
2458566.777847,5.7627,25.4229,8.0031,7.4464,7.7776,7.5998,4
2458566.794727,13.9449,29.7220,8.0031,7.4464,7.7776,7.5998,4
2458566.811647,10.3560,29.4097,8.0031,7.4464,7.7776,7.5998,4
2458566.891577,15.5088,30.1954,8.0031,7.4464,7.7776,7.5998,4
2458567.776667,10.8172,22.3592,8.0031,7.4464,7.7776,7.5998,4
2458567.794517,16.0032,18.5917,8.0031,7.4464,7.7776,7.5998,4
2458567.811377,6.1236,35.9351,8.0031,7.4464,7.7776,7.5998,4
2458567.828117,9.4487,35.0183,8.0031,7.4464,7.7776,7.5998,4
2458567.849567,-6.7773,24.4614,8.0031,7.4464,7.7776,7.5998,4
2458567.878597,-1.4939,34.8791,8.0031,7.4464,7.7776,7.5998,4
2458567.896817,2.4991,27.3670,8.0031,7.4464,7.7776,7.5998,4
2458568.774387,9.8964,25.7583,8.0031,7.4464,7.7776,7.5998,4
2458568.801777,10.9571,16.0635,8.0031,7.4464,7.7776,7.5998,4
2458568.822917,15.4691,25.6862,8.0031,7.4464,7.7776,7.5998,4
2458568.839707,-1.6991,31.8541,8.0031,7.4464,7.7776,7.5998,4
2458568.856187,11.0736,34.4498,8.0031,7.4464,7.7776,7.5998,4
2458568.872977,4.8581,20.8720,8.0031,7.4464,7.7776,7.5998,4
2458568.889997,4.3248,23.9107,8.0031,7.4464,7.7776,7.5998,4
2458569.889357,-3.7123,26.3199,8.0031,7.4464,7.7776,7.5998,4
2458570.773597,17.5185,19.6211,8.0031,7.4464,7.7776,7.5998,4
2458570.790327,7.1703,26.2331,8.0031,7.4464,7.7776,7.5998,4
2458570.807797,0.3990,12.7358,8.0031,7.4464,7.7776,7.5998,4
2458570.824727,-4.6493,17.3392,8.0031,7.4464,7.7776,7.5998,4
2458570.843897,-3.0500,13.8068,8.0031,7.4464,7.7776,7.5998,4
2458570.862827,-0.1535,14.6261,8.0031,7.4464,7.7776,7.5998,4
2458570.889947,-12.2287,14.0313,8.0031,7.4464,7.7776,7.5998,4
2458570.906347,2.5271,32.4526,8.0031,7.4464,7.7776,7.5998,4
2458571.762277,7.9779,11.0715,8.0031,7.4464,7.7776,7.5998,4
2458571.779597,-0.9791,18.2146,8.0031,7.4464,7.7776,7.5998,4
2458571.844957,2.8307,16.4168,8.0031,7.4464,7.7776,7.5998,4
2458571.875327,12.6637,24.7696,8.0031,7.4464,7.7776,7.5998,4
2458571.892447,10.8644,19.6347,8.0031,7.4464,7.7776,7.5998,4
2458571.909307,-3.4933,19.5506,8.0031,7.4464,7.7776,7.5998,4
2458572.823867,7.4407,13.8781,8.0031,7.4464,7.7776,7.5998,4
2458574.782977,12.9599,24.0462,8.0031,7.4464,7.7776,7.5998,4
2458574.865927,-3.6112,26.7019,8.0031,7.4464,7.7776,7.5998,4
2458574.884687,17.1811,28.7300,8.0031,7.4464,7.7776,7.5998,4
2458575.784247,14.3137,35.3277,8.0031,7.4464,7.7776,7.5998,4
2458575.851077,-4.1563,21.1632,8.0031,7.4464,7.7776,7.5998,4
2458575.884807,-2.9813,23.5191,8.0031,7.4464,7.7776,7.5998,4
2458576.812297,11.1027,23.4505,8.0031,7.4464,7.7776,7.5998,4
2458576.829167,7.9834,14.0180,8.0031,7.4464,7.7776,7.5998,4
2458576.907877,4.1526,20.5192,8.0031,7.4464,7.7776,7.5998,4
2458577.869417,3.9438,26.4376,8.0031,7.4464,7.7776,7.5998,4
2458578.754957,10.8020,10.5942,8.0031,7.4464,7.7776,7.5998,4
2458578.819987,-1.7905,34.4645,8.0031,7.4464,7.7776,7.5998,4
2458578.836557,3.5347,24.4897,8.0031,7.4464,7.7776,7.5998,4
2458578.886507,-4.0982,25.0333,8.0031,7.4464,7.7776,7.5998,4
2458578.915467,5.1493,17.6636,8.0031,7.4464,7.7776,7.5998,4
2458579.746687,13.0955,20.6634,8.0031,7.4464,7.7776,7.5998,4
2458579.763077,-7.7321,18.0756,8.0031,7.4464,7.7776,7.5998,4
2458579.823747,5.4431,12.5395,8.0031,7.4464,7.7776,7.5998,4
2458579.840497,-11.1583,15.8282,8.0031,7.4464,7.7776,7.5998,4
2458579.857007,-6.5320,19.5258,8.0031,7.4464,7.7776,7.5998,4
2458579.873497,10.3337,29.4374,8.0031,7.4464,7.7776,7.5998,4
2458579.917027,-3.8742,31.0829,8.0031,7.4464,7.7776,7.5998,4
2458580.740267,10.2964,15.3901,8.0031,7.4464,7.7776,7.5998,4
2458580.757227,-7.1170,31.1188,8.0031,7.4464,7.7776,7.5998,4
2458580.773997,-5.3933,7.4092,8.0031,7.4464,7.7776,7.5998,4
2458580.801447,10.0495,12.8999,8.0031,7.4464,7.7776,7.5998,4
2458580.818127,13.8582,21.8168,8.0031,7.4464,7.7776,7.5998,4
2458580.834917,15.0751,18.4414,8.0031,7.4464,7.7776,7.5998,4
2458580.852047,3.8924,27.6571,8.0031,7.4464,7.7776,7.5998,4
2458580.906247,2.4654,18.6135,8.0031,7.4464,7.7776,7.5998,4
2458581.739547,1.2291,24.7733,8.0031,7.4464,7.7776,7.5998,4
2458581.756127,8.8911,26.1756,8.0031,7.4464,7.7776,7.5998,4
2458581.772857,1.0004,26.8659,8.0031,7.4464,7.7776,7.5998,4
2458581.817027,1.4926,33.6461,8.0031,7.4464,7.7776,7.5998,4
2458581.833327,8.2747,31.7520,8.0031,7.4464,7.7776,7.5998,4
2458581.849797,-3.9592,31.6754,8.0031,7.4464,7.7776,7.5998,4
2458581.883857,7.9284,23.0438,8.0031,7.4464,7.7776,7.5998,4
2458581.900007,18.5219,32.2521,8.0031,7.4464,7.7776,7.5998,4
2458582.838727,16.2050,14.2545,8.0031,7.4464,7.7776,7.5998,4
2458582.869867,-5.9270,25.2432,8.0031,7.4464,7.7776,7.5998,4
2458582.886507,-0.5390,26.5089,8.0031,7.4464,7.7776,7.5998,4
2458582.903197,10.4904,23.5116,8.0031,7.4464,7.7776,7.5998,4
2458582.919957,-3.9123,29.7012,8.0031,7.4464,7.7776,7.5998,4
2458583.810267,-7.6376,21.4234,8.0031,7.4464,7.7776,7.5998,4
2458583.826677,5.7002,10.4512,8.0031,7.4464,7.7776,7.5998,4
2458583.870827,2.6019,10.6670,8.0031,7.4464,7.7776,7.5998,4
2458583.887727,-9.4825,13.8462,8.0031,7.4464,7.7776,7.5998,4
2458584.791617,-7.0095,17.8694,8.0031,7.4464,7.7776,7.5998,4
2458584.808597,5.4554,9.8535,8.0031,7.4464,7.7776,7.5998,4
2458584.824977,0.6224,13.9834,8.0031,7.4464,7.7776,7.5998,4
2458584.868627,8.1435,11.3832,8.0031,7.4464,7.7776,7.5998,4
2458584.903337,-1.9388,16.3926,8.0031,7.4464,7.7776,7.5998,4
2458585.748967,-6.4819,26.7442,8.0031,7.4464,7.7776,7.5998,4
2458585.765617,6.6464,30.1961,8.0031,7.4464,7.7776,7.5998,4
2458585.784967,-6.7661,32.2494,8.0031,7.4464,7.7776,7.5998,4
2458585.831167,9.9512,16.7330,8.0031,7.4464,7.7776,7.5998,4
2458585.868577,17.8005,30.5538,8.0031,7.4464,7.7776,7.5998,4
2458585.885257,-1.8380,17.5102,8.0031,7.4464,7.7776,7.5998,4
2458585.891037,9.4561,33.4975,8.0031,7.4464,7.7776,7.5998,4
2458585.907557,1.9561,19.0960,8.0031,7.4464,7.7776,7.5998,4
2458586.734807,-2.2236,22.6854,8.0031,7.4464,7.7776,7.5998,4
2458586.753557,5.0923,15.9823,8.0031,7.4464,7.7776,7.5998,4
2458586.786737,1.9965,16.2399,8.0031,7.4464,7.7776,7.5998,4
2458586.803187,-5.0948,30.7807,8.0031,7.4464,7.7776,7.5998,4
2458586.830307,6.9206,16.6951,8.0031,7.4464,7.7776,7.5998,4
2458586.846987,7.0785,9.0475,8.0031,7.4464,7.7776,7.5998,4
2458586.867147,13.2896,18.6907,8.0031,7.4464,7.7776,7.5998,4
2458586.900997,2.1197,18.3518,8.0031,7.4464,7.7776,7.5998,4
2458587.721687,-0.1277,15.9625,8.0031,7.4464,7.7776,7.5998,4
2458587.739377,7.6595,31.1334,8.0031,7.4464,7.7776,7.5998,4
2458587.799497,3.6650,26.7592,8.0031,7.4464,7.7776,7.5998,4
2458587.816357,7.4019,18.3551,8.0031,7.4464,7.7776,7.5998,4
2458587.849677,-4.4386,16.0438,8.0031,7.4464,7.7776,7.5998,4
2458587.868027,-5.8555,10.6411,8.0031,7.4464,7.7776,7.5998,4
2458588.744367,12.8719,16.8946,8.0031,7.4464,7.7776,7.5998,4
2458588.789767,4.3213,12.9378,8.0031,7.4464,7.7776,7.5998,4
2458588.823627,9.7130,20.1529,8.0031,7.4464,7.7776,7.5998,4
2458588.840547,-6.3502,27.3140,8.0031,7.4464,7.7776,7.5998,4
2458588.861577,-1.3556,14.0973,8.0031,7.4464,7.7776,7.5998,4
2458588.888497,3.3071,27.0447,8.0031,7.4464,7.7776,7.5998,4
2458588.905447,-10.3774,16.0436,8.0031,7.4464,7.7776,7.5998,4
2458589.793827,-4.4443,25.6644,8.0031,7.4464,7.7776,7.5998,4
2458589.810437,0.0975,18.9429,8.0031,7.4464,7.7776,7.5998,4
2458589.827217,6.6707,15.2325,8.0031,7.4464,7.7776,7.5998,4
2458589.844297,-1.2191,18.7817,8.0031,7.4464,7.7776,7.5998,4
2458589.871517,10.7270,20.6566,8.0031,7.4464,7.7776,7.5998,4
2458589.888107,2.4726,16.4653,8.0031,7.4464,7.7776,7.5998,4
2458589.906117,2.3701,13.1328,8.0031,7.4464,7.7776,7.5998,4
2458589.923107,-3.3907,25.7551,8.0031,7.4464,7.7776,7.5998,4
2458590.762177,10.8305,12.3184,8.0031,7.4464,7.7776,7.5998,4
2458590.779117,-0.0962,14.1316,8.0031,7.4464,7.7776,7.5998,4
2458590.795457,3.5437,17.9191,8.0031,7.4464,7.7776,7.5998,4
2458590.811907,1.0423,8.4881,8.0031,7.4464,7.7776,7.5998,4
2458590.840047,4.2033,22.0373,8.0031,7.4464,7.7776,7.5998,4
2458590.856707,7.4467,27.9906,8.0031,7.4464,7.7776,7.5998,4
2458590.873507,-1.7218,15.6904,8.0031,7.4464,7.7776,7.5998,4
2458590.889887,-7.0086,12.2303,8.0031,7.4464,7.7776,7.5998,4
2458590.906307,-8.9312,22.3154,8.0031,7.4464,7.7776,7.5998,4
2458590.922967,-8.3437,29.4278,8.0031,7.4464,7.7776,7.5998,4
2458591.730317,16.3590,19.2938,8.0031,7.4464,7.7776,7.5998,4
2458591.751727,14.7203,22.1848,8.0031,7.4464,7.7776,7.5998,4
2458591.768397,5.9358,28.3477,8.0031,7.4464,7.7776,7.5998,4
2458591.784877,7.5963,21.7553,8.0031,7.4464,7.7776,7.5998,4
2458591.801367,9.7419,25.5107,8.0031,7.4464,7.7776,7.5998,4
2458591.831907,-6.0226,25.2536,8.0031,7.4464,7.7776,7.5998,4
2458591.852947,6.6551,21.7463,8.0031,7.4464,7.7776,7.5998,4
2458591.869277,5.0433,30.7637,8.0031,7.4464,7.7776,7.5998,4
2458591.886537,2.3742,11.5338,8.0031,7.4464,7.7776,7.5998,4
2458591.903477,7.6508,19.7611,8.0031,7.4464,7.7776,7.5998,4
2458593.762827,-5.2788,25.6428,8.0031,7.4464,7.7776,7.5998,4
2458593.779857,-3.8783,12.9448,8.0031,7.4464,7.7776,7.5998,4
2458593.813007,-3.7804,21.8647,8.0031,7.4464,7.7776,7.5998,4
2458593.830467,-5.6900,27.2143,8.0031,7.4464,7.7776,7.5998,4
2458593.868697,12.6084,20.5651,8.0031,7.4464,7.7776,7.5998,4
2458593.885727,9.9220,27.9314,8.0031,7.4464,7.7776,7.5998,4
2458593.902257,1.6442,27.7399,8.0031,7.4464,7.7776,7.5998,4
2458593.918907,-2.4786,29.4370,8.0031,7.4464,7.7776,7.5998,4
2458594.744027,6.0581,24.0142,8.0031,7.4464,7.7776,7.5998,4
2458594.761327,13.0768,30.6447,8.0031,7.4464,7.7776,7.5998,4
2458594.778257,4.3696,29.6768,8.0031,7.4464,7.7776,7.5998,4
2458594.805147,3.9976,21.2261,8.0031,7.4464,7.7776,7.5998,4
2458594.825787,11.2909,22.6734,8.0031,7.4464,7.7776,7.5998,4
2458594.853967,0.2590,26.9223,8.0031,7.4464,7.7776,7.5998,4
2458594.870637,0.8564,29.1884,8.0031,7.4464,7.7776,7.5998,4
2458594.893127,1.3752,29.4478,8.0031,7.4464,7.7776,7.5998,4
2458594.920037,-5.3595,33.7908,8.0031,7.4464,7.7776,7.5998,4
2458595.714007,12.2819,14.1788,8.0031,7.4464,7.7776,7.5998,4
2458595.730957,0.0652,18.6707,8.0031,7.4464,7.7776,7.5998,4
2458595.774887,3.4425,21.8548,8.0031,7.4464,7.7776,7.5998,4
2458595.791687,5.6525,18.1502,8.0031,7.4464,7.7776,7.5998,4
2458595.825167,-3.4274,21.1894,8.0031,7.4464,7.7776,7.5998,4
2458595.892537,2.2722,33.2807,8.0031,7.4464,7.7776,7.5998,4
2458595.928867,15.5286,29.0291,8.0031,7.4464,7.7776,7.5998,4
2458599.711437,13.4701,25.3111,8.0031,7.4464,7.7776,7.5998,4
2458599.727897,1.0519,23.0440,8.0031,7.4464,7.7776,7.5998,4
2458599.744637,-4.5883,32.9140,8.0031,7.4464,7.7776,7.5998,4
2458599.772087,-2.4500,26.3169,8.0031,7.4464,7.7776,7.5998,4
2458599.788907,10.9616,11.3159,8.0031,7.4464,7.7776,7.5998,4
2458599.805877,5.2743,7.7755,8.0031,7.4464,7.7776,7.5998,4
2458599.823927,4.1366,24.3730,8.0031,7.4464,7.7776,7.5998,4
2458599.863037,-1.8733,27.1173,8.0031,7.4464,7.7776,7.5998,4
2458599.880217,-8.3310,18.0397,8.0031,7.4464,7.7776,7.5998,4
2458599.906967,-8.1570,26.0210,8.0031,7.4464,7.7776,7.5998,4
2458599.925157,2.2738,23.5526,8.0031,7.4464,7.7776,7.5998,4
2458600.704617,-4.4922,14.5441,8.0031,7.4464,7.7776,7.5998,4
2458600.752687,-5.3968,26.7091,8.0031,7.4464,7.7776,7.5998,4
2458600.778297,3.3228,18.2121,8.0031,7.4464,7.7776,7.5998,4
2458600.795087,1.9715,17.8313,8.0031,7.4464,7.7776,7.5998,4
2458600.855677,6.8061,13.5554,8.0031,7.4464,7.7776,7.5998,4
2458600.872527,1.2314,19.1839,8.0031,7.4464,7.7776,7.5998,4
2458600.888987,11.8042,24.2607,8.0031,7.4464,7.7776,7.5998,4
2458600.906197,5.4214,25.0851,8.0031,7.4464,7.7776,7.5998,4
2458601.679237,15.1441,15.5698,8.0031,7.4464,7.7776,7.5998,4
2458601.746677,3.9977,12.6815,8.0031,7.4464,7.7776,7.5998,4
2458601.763207,5.7120,19.5148,8.0031,7.4464,7.7776,7.5998,4
2458601.780077,-3.1712,33.1982,8.0031,7.4464,7.7776,7.5998,4
2458601.806917,6.1200,23.9838,8.0031,7.4464,7.7776,7.5998,4
2458601.823197,10.0501,32.5206,8.0031,7.4464,7.7776,7.5998,4
2458601.839567,4.1357,24.5725,8.0031,7.4464,7.7776,7.5998,4
2458601.856027,0.6424,21.6996,8.0031,7.4464,7.7776,7.5998,4
2458601.873107,-4.7096,35.2741,8.0031,7.4464,7.7776,7.5998,4
2458601.911767,10.8193,19.2405,8.0031,7.4464,7.7776,7.5998,4
2458601.928467,4.6923,25.5966,8.0031,7.4464,7.7776,7.5998,4
2458602.723067,4.6395,11.3644,8.0031,7.4464,7.7776,7.5998,4
2458602.739827,2.7572,20.4200,8.0031,7.4464,7.7776,7.5998,4
2458602.772937,-6.1140,8.7478,8.0031,7.4464,7.7776,7.5998,4
2458602.806387,9.0581,27.4294,8.0031,7.4464,7.7776,7.5998,4
2458602.834677,0.3249,27.5935,8.0031,7.4464,7.7776,7.5998,4
2458602.851937,4.5778,28.0203,8.0031,7.4464,7.7776,7.5998,4
2458602.868527,11.8182,16.1151,8.0031,7.4464,7.7776,7.5998,4
2458602.902667,10.5699,16.9061,8.0031,7.4464,7.7776,7.5998,4
2458603.814897,16.6563,25.7450,8.0031,7.4464,7.7776,7.5998,4
2458603.845987,4.0438,35.9707,8.0031,7.4464,7.7776,7.5998,4
2458603.880297,-2.7741,28.6056,8.0031,7.4464,7.7776,7.5998,4
2458603.896797,-6.0559,22.9391,8.0031,7.4464,7.7776,7.5998,4
2458603.913467,-1.5356,22.5188,8.0031,7.4464,7.7776,7.5998,4
2458603.930107,-1.5524,19.2808,8.0031,7.4464,7.7776,7.5998,4
2458604.716547,14.1770,27.6369,8.0031,7.4464,7.7776,7.5998,4
2458604.733457,2.9956,11.6149,8.0031,7.4464,7.7776,7.5998,4
2458604.857837,-3.7136,31.9789,8.0031,7.4464,7.7776,7.5998,4
2458605.735117,-1.0656,19.5937,8.0031,7.4464,7.7776,7.5998,4
2458605.768287,4.5327,33.2233,8.0031,7.4464,7.7776,7.5998,4
2458605.785107,-2.2553,12.8408,8.0031,7.4464,7.7776,7.5998,4
2458605.849427,-2.3722,30.9479,8.0031,7.4464,7.7776,7.5998,4
2458605.866207,9.1596,34.3361,8.0031,7.4464,7.7776,7.5998,4
2458605.883107,12.4415,20.4354,8.0031,7.4464,7.7776,7.5998,4
2458606.692457,-8.0947,18.9580,8.0031,7.4464,7.7776,7.5998,4
2458606.775527,-6.7070,22.3058,8.0031,7.4464,7.7776,7.5998,4
2458606.794867,10.1241,32.9379,8.0031,7.4464,7.7776,7.5998,4
2458606.848507,3.8689,17.1065,8.0031,7.4464,7.7776,7.5998,4
2458606.873687,-3.2435,17.0792,8.0031,7.4464,7.7776,7.5998,4
2458606.890767,-0.1354,12.6373,8.0031,7.4464,7.7776,7.5998,4
2458606.907347,10.0451,16.4858,8.0031,7.4464,7.7776,7.5998,4
2458607.685157,4.0166,10.0376,8.0031,7.4464,7.7776,7.5998,4
2458607.702107,1.7189,22.8678,8.0031,7.4464,7.7776,7.5998,4
2458607.719277,-8.0569,14.9992,8.0031,7.4464,7.7776,7.5998,4
2458607.752817,8.9874,32.1993,8.0031,7.4464,7.7776,7.5998,4
2458607.831177,14.3604,16.3164,8.0031,7.4464,7.7776,7.5998,4
2458607.853097,2.0753,25.2537,8.0031,7.4464,7.7776,7.5998,4
2458607.896847,16.7648,22.3583,8.0031,7.4464,7.7776,7.5998,4
2458607.914207,4.1558,16.0441,8.0031,7.4464,7.7776,7.5998,4
2458607.932807,-1.1233,27.0654,8.0031,7.4464,7.7776,7.5998,4
2458608.689027,6.7106,17.5297,8.0031,7.4464,7.7776,7.5998,4
2458608.742237,12.3974,14.8969,8.0031,7.4464,7.7776,7.5998,4
2458608.762857,0.0814,28.2954,8.0031,7.4464,7.7776,7.5998,4
2458608.779497,-2.8708,21.7335,8.0031,7.4464,7.7776,7.5998,4
2458608.806797,15.5929,26.9003,8.0031,7.4464,7.7776,7.5998,4
2458608.823227,-3.4653,18.1574,8.0031,7.4464,7.7776,7.5998,4
2458608.840457,-5.7256,11.4869,8.0031,7.4464,7.7776,7.5998,4
2458608.857117,0.3431,23.1099,8.0031,7.4464,7.7776,7.5998,4
2458608.911357,2.4664,13.6737,8.0031,7.4464,7.7776,7.5998,4
2458609.695487,16.9488,32.8108,8.0031,7.4464,7.7776,7.5998,4
2458609.739887,2.5798,27.2433,8.0031,7.4464,7.7776,7.5998,4
2458609.791677,-1.5154,24.1581,8.0031,7.4464,7.7776,7.5998,4
2458611.703987,4.7475,11.7022,8.0031,7.4464,7.7776,7.5998,4
2458611.731177,7.8954,30.1828,8.0031,7.4464,7.7776,7.5998,4
2458611.778557,10.0314,31.4527,8.0031,7.4464,7.7776,7.5998,4
2458611.829177,6.1005,10.9738,8.0031,7.4464,7.7776,7.5998,4
2458611.845527,-9.7844,21.4347,8.0031,7.4464,7.7776,7.5998,4
2458611.872747,2.1027,23.8009,8.0031,7.4464,7.7776,7.5998,4
2458612.769517,5.5254,19.1678,8.0031,7.4464,7.7776,7.5998,4
2458612.849977,8.8991,31.9477,8.0031,7.4464,7.7776,7.5998,4
2458612.867187,-8.0762,16.9945,8.0031,7.4464,7.7776,7.5998,4
2458612.911227,-4.6562,21.2642,8.0031,7.4464,7.7776,7.5998,4
2458612.928537,4.9717,25.3943,8.0031,7.4464,7.7776,7.5998,4
2458613.663267,6.5536,20.4963,8.0031,7.4464,7.7776,7.5998,4
2458613.705567,0.0528,23.1353,8.0031,7.4464,7.7776,7.5998,4
2458613.722487,1.3789,36.9226,8.0031,7.4464,7.7776,7.5998,4
2458613.858377,6.1322,23.8699,8.0031,7.4464,7.7776,7.5998,4
2458613.875477,-3.9579,34.6057,8.0031,7.4464,7.7776,7.5998,4
2458613.892377,0.3671,12.2989,8.0031,7.4464,7.7776,7.5998,4
2458613.938007,-6.5732,27.4408,8.0031,7.4464,7.7776,7.5998,4
2458614.801397,3.5958,17.4358,8.0031,7.4464,7.7776,7.5998,4
2458614.803557,2.2934,11.2846,8.0031,7.4464,7.7776,7.5998,4
2458614.821087,0.3388,28.1977,8.0031,7.4464,7.7776,7.5998,4
2458614.837957,6.5121,28.1772,8.0031,7.4464,7.7776,7.5998,4
2458614.865577,15.4540,17.5017,8.0031,7.4464,7.7776,7.5998,4
2458614.882867,2.9553,31.7417,8.0031,7.4464,7.7776,7.5998,4
2458614.904237,-7.8575,26.9189,8.0031,7.4464,7.7776,7.5998,4
2458614.929077,-0.0709,22.1994,8.0031,7.4464,7.7776,7.5998,4
2458615.695717,6.6527,17.6774,8.0031,7.4464,7.7776,7.5998,4
2458615.779197,4.6902,18.5965,8.0031,7.4464,7.7776,7.5998,4
2458615.795547,0.2170,29.7280,8.0031,7.4464,7.7776,7.5998,4
2458615.828757,8.6166,11.5972,8.0031,7.4464,7.7776,7.5998,4
2458615.845527,-7.9341,20.9329,8.0031,7.4464,7.7776,7.5998,4
2458615.872807,-1.6581,9.2946,8.0031,7.4464,7.7776,7.5998,4
2458616.662377,9.4929,34.5733,8.0031,7.4464,7.7776,7.5998,4
2458616.679007,6.6695,23.3594,8.0031,7.4464,7.7776,7.5998,4
2458616.695337,1.9012,24.3506,8.0031,7.4464,7.7776,7.5998,4
2458616.712447,-5.1104,12.6315,8.0031,7.4464,7.7776,7.5998,4
2458616.739897,-2.4530,14.6149,8.0031,7.4464,7.7776,7.5998,4
2458616.772957,-0.6166,14.2078,8.0031,7.4464,7.7776,7.5998,4
2458616.792547,-8.1233,12.5575,8.0031,7.4464,7.7776,7.5998,4
2458616.809367,2.0006,13.8540,8.0031,7.4464,7.7776,7.5998,4
2458616.827487,11.7313,18.9085,8.0031,7.4464,7.7776,7.5998,4
2458616.858577,-4.9806,34.9845,8.0031,7.4464,7.7776,7.5998,4
2458616.875467,-0.9925,17.7661,8.0031,7.4464,7.7776,7.5998,4
2458617.652227,4.8519,21.3699,8.0031,7.4464,7.7776,7.5998,4
2458617.668987,6.3379,32.4723,8.0031,7.4464,7.7776,7.5998,4
2458617.687347,17.2464,20.7759,8.0031,7.4464,7.7776,7.5998,4
2458617.703967,11.0890,11.4601,8.0031,7.4464,7.7776,7.5998,4
2458617.721107,0.2407,30.8554,8.0031,7.4464,7.7776,7.5998,4
2458617.764727,-0.2241,27.4824,8.0031,7.4464,7.7776,7.5998,4
2458617.797787,10.1587,22.0369,8.0031,7.4464,7.7776,7.5998,4
2458617.814457,12.9308,15.8278,8.0031,7.4464,7.7776,7.5998,4
2458617.830827,12.5218,25.8787,8.0031,7.4464,7.7776,7.5998,4
2458617.864867,7.9935,32.6982,8.0031,7.4464,7.7776,7.5998,4
2458617.882337,-8.3677,18.4781,8.0031,7.4464,7.7776,7.5998,4
2458618.693127,-10.5038,32.9749,8.0031,7.4464,7.7776,7.5998,4
2458618.736907,-10.0131,15.2411,8.0031,7.4464,7.7776,7.5998,4
2458618.753977,-2.5639,22.3455,8.0031,7.4464,7.7776,7.5998,4
2458618.770647,-4.1739,29.2542,8.0031,7.4464,7.7776,7.5998,4
2458618.787587,6.9011,22.6671,8.0031,7.4464,7.7776,7.5998,4
2458618.847807,-8.1908,16.0480,8.0031,7.4464,7.7776,7.5998,4
2458618.872727,3.6002,29.0926,8.0031,7.4464,7.7776,7.5998,4
2458618.906177,-4.3397,10.2121,8.0031,7.4464,7.7776,7.5998,4
2458619.637477,-3.9966,22.6168,8.0031,7.4464,7.7776,7.5998,4
2458619.688157,-7.0889,14.9650,8.0031,7.4464,7.7776,7.5998,4
2458619.715117,9.2094,15.0860,8.0031,7.4464,7.7776,7.5998,4
2458619.731507,0.4008,26.0244,8.0031,7.4464,7.7776,7.5998,4
2458619.811637,1.6063,22.6746,8.0031,7.4464,7.7776,7.5998,4
2458619.828457,2.2887,16.8709,8.0031,7.4464,7.7776,7.5998,4
2458619.868187,-4.0755,17.5512,8.0031,7.4464,7.7776,7.5998,4
2458619.884937,4.8221,28.5609,8.0031,7.4464,7.7776,7.5998,4
2458620.672097,7.2826,31.1553,8.0031,7.4464,7.7776,7.5998,4
2458620.689017,6.2921,9.4296,8.0031,7.4464,7.7776,7.5998,4
2458620.705797,7.9186,23.4008,8.0031,7.4464,7.7776,7.5998,4
2458620.722647,12.1913,17.2490,8.0031,7.4464,7.7776,7.5998,4
2458620.750107,-5.0143,30.3022,8.0031,7.4464,7.7776,7.5998,4
2458620.766707,3.8981,27.6312,8.0031,7.4464,7.7776,7.5998,4
2458620.799687,1.6061,21.9377,8.0031,7.4464,7.7776,7.5998,4
2458620.816747,-3.3753,27.9149,8.0031,7.4464,7.7776,7.5998,4
2458620.865227,6.4616,11.6983,8.0031,7.4464,7.7776,7.5998,4
2458621.679267,7.4979,34.0777,8.0031,7.4464,7.7776,7.5998,4
2458621.700097,10.5792,35.6340,8.0031,7.4464,7.7776,7.5998,4
2458621.716587,1.2522,29.5420,8.0031,7.4464,7.7776,7.5998,4
2458621.743877,2.3491,34.6625,8.0031,7.4464,7.7776,7.5998,4
2458621.762107,0.7635,15.2328,8.0031,7.4464,7.7776,7.5998,4
2458621.796997,9.7154,28.3325,8.0031,7.4464,7.7776,7.5998,4
2458621.830587,-1.1575,20.6226,8.0031,7.4464,7.7776,7.5998,4
2458621.858207,-8.2731,12.6467,8.0031,7.4464,7.7776,7.5998,4
2458621.875517,1.0938,10.7116,8.0031,7.4464,7.7776,7.5998,4
2458621.891767,1.2946,17.1523,8.0031,7.4464,7.7776,7.5998,4
2458622.778127,5.4224,24.6505,8.0031,7.4464,7.7776,7.5998,4
2458625.790737,-10.5571,28.6508,8.0031,7.4464,7.7776,7.5998,4
2458625.834677,-2.3529,30.0539,8.0031,7.4464,7.7776,7.5998,4
2458625.851677,-1.7128,23.1063,8.0031,7.4464,7.7776,7.5998,4
2458625.872987,8.8042,19.1591,8.0031,7.4464,7.7776,7.5998,4
2458625.897747,8.3142,32.8301,8.0031,7.4464,7.7776,7.5998,4
2458625.914697,-1.5445,29.2798,8.0031,7.4464,7.7776,7.5998,4
2458626.616347,2.7900,20.8078,8.0031,7.4464,7.7776,7.5998,4
2458626.633037,17.5491,25.4688,8.0031,7.4464,7.7776,7.5998,4
2458626.649547,9.2963,25.3625,8.0031,7.4464,7.7776,7.5998,4
2458626.726407,-2.0614,15.9660,8.0031,7.4464,7.7776,7.5998,4
2458626.743377,9.5426,16.2609,8.0031,7.4464,7.7776,7.5998,4
2458626.770717,-7.0506,11.5473,8.0031,7.4464,7.7776,7.5998,4
2458626.787577,5.2181,27.3282,8.0031,7.4464,7.7776,7.5998,4
2458626.820677,-4.8169,35.2508,8.0031,7.4464,7.7776,7.5998,4
2458626.838017,-2.6752,28.3008,8.0031,7.4464,7.7776,7.5998,4
2458626.881227,4.3722,22.3364,8.0031,7.4464,7.7776,7.5998,4
2458626.914637,3.4695,20.4895,8.0031,7.4464,7.7776,7.5998,4
2458627.618837,11.7162,18.7986,8.0031,7.4464,7.7776,7.5998,4
2458627.635637,0.7986,14.8800,8.0031,7.4464,7.7776,7.5998,4
2458627.669317,4.7168,28.5489,8.0031,7.4464,7.7776,7.5998,4
2458627.713187,7.5724,11.7935,8.0031,7.4464,7.7776,7.5998,4
2458627.732957,0.9282,16.6903,8.0031,7.4464,7.7776,7.5998,4
2458627.766197,11.7974,19.7765,8.0031,7.4464,7.7776,7.5998,4
2458627.782907,-1.9635,22.3553,8.0031,7.4464,7.7776,7.5998,4
2458631.662637,14.7334,12.2017,8.0031,7.4464,7.7776,7.5998,4
2458635.717757,0.0910,37.3956,8.0031,7.4464,7.7776,7.5998,4
2458635.734817,10.5408,20.9904,8.0031,7.4464,7.7776,7.5998,4
2458635.751167,-0.9053,21.1658,8.0031,7.4464,7.7776,7.5998,4
2458635.767797,-10.2599,17.7454,8.0031,7.4464,7.7776,7.5998,4
2458635.812097,-5.0808,32.1829,8.0031,7.4464,7.7776,7.5998,4
2458635.833897,-1.9836,15.8146,8.0031,7.4464,7.7776,7.5998,4
2458635.850907,7.7640,15.0738,8.0031,7.4464,7.7776,7.5998,4
2458635.884407,4.7051,29.7609,8.0031,7.4464,7.7776,7.5998,4
2458635.901477,15.0010,35.9955,8.0031,7.4464,7.7776,7.5998,4
2458636.609667,-0.3290,29.0401,8.0031,7.4464,7.7776,7.5998,4
2458636.626057,-7.5334,10.0558,8.0031,7.4464,7.7776,7.5998,4
2458636.642537,12.1503,14.1179,8.0031,7.4464,7.7776,7.5998,4
2458636.659057,6.3425,17.8246,8.0031,7.4464,7.7776,7.5998,4
2458636.686507,-0.4410,17.7193,8.0031,7.4464,7.7776,7.5998,4
2458636.703047,-12.1824,24.0675,8.0031,7.4464,7.7776,7.5998,4
2458636.719757,-8.5748,21.8837,8.0031,7.4464,7.7776,7.5998,4
2458636.736817,-1.3093,18.1474,8.0031,7.4464,7.7776,7.5998,4
2458636.799537,3.1144,4.1026,8.0031,7.4464,7.7776,7.5998,4
2458636.838977,-3.1762,18.3313,8.0031,7.4464,7.7776,7.5998,4
2458636.855617,-4.1689,19.5474,8.0031,7.4464,7.7776,7.5998,4
2458636.883637,8.2582,22.9722,8.0031,7.4464,7.7776,7.5998,4
2458636.900597,-7.7990,19.2431,8.0031,7.4464,7.7776,7.5998,4
2458637.589437,17.6740,18.1134,8.0031,7.4464,7.7776,7.5998,4
2458637.703227,3.7667,18.5263,8.0031,7.4464,7.7776,7.5998,4
2458637.720207,-2.6940,18.2803,8.0031,7.4464,7.7776,7.5998,4
2458637.774497,-4.1117,14.2563,8.0031,7.4464,7.7776,7.5998,4
2458637.791437,-3.7149,26.4631,8.0031,7.4464,7.7776,7.5998,4
2458637.808407,-1.9098,4.4657,8.0031,7.4464,7.7776,7.5998,4
2458637.824877,-1.1338,29.5147,8.0031,7.4464,7.7776,7.5998,4
2458637.841217,13.7140,19.5638,8.0031,7.4464,7.7776,7.5998,4
2458637.868107,10.0013,14.5998,8.0031,7.4464,7.7776,7.5998,4
2458638.698107,12.8766,11.1602,8.0031,7.4464,7.7776,7.5998,4
2458638.744727,11.7758,27.9901,8.0031,7.4464,7.7776,7.5998,4
2458638.778817,3.9883,37.4960,8.0031,7.4464,7.7776,7.5998,4
2458638.877507,7.0339,24.5099,8.0031,7.4464,7.7776,7.5998,4
2458639.671807,-0.3324,12.6878,8.0031,7.4464,7.7776,7.5998,4
2458639.715447,15.6044,20.5349,8.0031,7.4464,7.7776,7.5998,4
2458640.625547,19.3687,15.5325,8.0031,7.4464,7.7776,7.5998,4
2458640.710957,-2.8473,25.6553,8.0031,7.4464,7.7776,7.5998,4
2458640.738167,1.0349,17.6223,8.0031,7.4464,7.7776,7.5998,4
2458640.780237,1.5061,11.1401,8.0031,7.4464,7.7776,7.5998,4
2458640.796787,7.0803,20.4645,8.0031,7.4464,7.7776,7.5998,4
2458640.813467,-0.3700,11.9326,8.0031,7.4464,7.7776,7.5998,4
2458640.874007,6.1008,27.9774,8.0031,7.4464,7.7776,7.5998,4
2458641.586327,-4.8642,30.0020,8.0031,7.4464,7.7776,7.5998,4
2458641.622137,26.8661,14.2087,8.0031,7.4464,7.7776,7.5998,4
2458641.638777,7.0284,16.0104,8.0031,7.4464,7.7776,7.5998,4
2458641.797727,-2.4314,20.6755,8.0031,7.4464,7.7776,7.5998,4
2458641.814247,-9.4220,25.8078,8.0031,7.4464,7.7776,7.5998,4
2458641.864237,-1.5270,33.6440,8.0031,7.4464,7.7776,7.5998,4
2458642.663707,-4.1348,22.0034,8.0031,7.4464,7.7776,7.5998,4
2458642.680497,2.2084,15.4324,8.0031,7.4464,7.7776,7.5998,4
2458642.696957,13.5118,21.5987,8.0031,7.4464,7.7776,7.5998,4
2458642.730587,1.9389,28.5328,8.0031,7.4464,7.7776,7.5998,4
2458642.774157,3.3918,19.3519,8.0031,7.4464,7.7776,7.5998,4
2458642.790787,-2.6134,22.1558,8.0031,7.4464,7.7776,7.5998,4
2458642.824307,3.1727,31.1079,8.0031,7.4464,7.7776,7.5998,4
2458642.845367,19.0081,36.2692,8.0031,7.4464,7.7776,7.5998,4
2458642.872457,-1.6253,39.6038,8.0031,7.4464,7.7776,7.5998,4
2458643.617267,22.1513,32.0798,8.0031,7.4464,7.7776,7.5998,4
2458643.654797,1.9187,20.6932,8.0031,7.4464,7.7776,7.5998,4
2458643.671337,11.7497,24.0627,8.0031,7.4464,7.7776,7.5998,4
2458643.708567,7.0587,21.1085,8.0031,7.4464,7.7776,7.5998,4
2458643.725377,-9.1038,16.1408,8.0031,7.4464,7.7776,7.5998,4
2458643.752787,2.9887,11.1582,8.0031,7.4464,7.7776,7.5998,4
2458643.788677,2.4048,15.4719,8.0031,7.4464,7.7776,7.5998,4
2458643.839487,10.0289,16.5032,8.0031,7.4464,7.7776,7.5998,4
2458643.867157,0.8385,20.9423,8.0031,7.4464,7.7776,7.5998,4
2458644.567507,20.6436,20.3285,8.0031,7.4464,7.7776,7.5998,4
2458644.584647,4.9859,23.4436,8.0031,7.4464,7.7776,7.5998,4
2458644.621227,-3.7748,22.5569,8.0031,7.4464,7.7776,7.5998,4
2458644.638067,-3.4134,13.4299,8.0031,7.4464,7.7776,7.5998,4
2458644.672107,-0.2043,14.3261,8.0031,7.4464,7.7776,7.5998,4
2458644.688497,-0.9093,24.6072,8.0031,7.4464,7.7776,7.5998,4
2458644.717877,-9.2339,20.2701,8.0031,7.4464,7.7776,7.5998,4
2458644.734387,-3.2050,12.2006,8.0031,7.4464,7.7776,7.5998,4
2458644.751857,-2.5939,17.7864,8.0031,7.4464,7.7776,7.5998,4
2458644.774147,-2.3111,16.1459,8.0031,7.4464,7.7776,7.5998,4
2458644.791347,10.0017,14.2839,8.0031,7.4464,7.7776,7.5998,4
2458644.818437,6.9250,19.4202,8.0031,7.4464,7.7776,7.5998,4
2458644.834887,-1.8202,16.4471,8.0031,7.4464,7.7776,7.5998,4
2458644.851807,13.0335,23.1159,8.0031,7.4464,7.7776,7.5998,4
2458645.582837,-4.0276,20.8627,8.0031,7.4464,7.7776,7.5998,4
2458645.627317,1.3533,12.8132,8.0031,7.4464,7.7776,7.5998,4
2458645.644197,24.1233,16.0536,8.0031,7.4464,7.7776,7.5998,4
2458645.688457,3.1291,15.5955,8.0031,7.4464,7.7776,7.5998,4
2458645.705537,-10.6022,24.7202,8.0031,7.4464,7.7776,7.5998,4
2458645.738647,2.9599,29.8149,8.0031,7.4464,7.7776,7.5998,4
2458645.783127,11.7906,17.4728,8.0031,7.4464,7.7776,7.5998,4
2458645.804037,1.3370,21.1097,8.0031,7.4464,7.7776,7.5998,4
2458645.824757,2.2455,22.0653,8.0031,7.4464,7.7776,7.5998,4
2458645.841547,0.8747,30.6001,8.0031,7.4464,7.7776,7.5998,4
2458648.592897,25.0211,22.8642,8.0031,7.4464,7.7776,7.5998,4
2458648.610407,7.0914,38.7403,8.0031,7.4464,7.7776,7.5998,4
2458648.627707,15.3460,23.2240,8.0031,7.4464,7.7776,7.5998,4
2458648.693247,5.2711,34.4413,8.0031,7.4464,7.7776,7.5998,4
2458648.710247,-5.7310,30.4300,8.0031,7.4464,7.7776,7.5998,4
2458648.727367,7.6009,21.4954,8.0031,7.4464,7.7776,7.5998,4
2458648.744167,-1.0623,29.0793,8.0031,7.4464,7.7776,7.5998,4
2458648.871357,-8.5705,35.3567,8.0031,7.4464,7.7776,7.5998,4
2458650.634587,8.1572,19.3339,8.0031,7.4464,7.7776,7.5998,4
2458650.684197,-5.1025,21.1954,8.0031,7.4464,7.7776,7.5998,4
2458653.542367,10.7834,25.5777,8.0031,7.4464,7.7776,7.5998,4
2458653.594017,6.9499,36.1183,8.0031,7.4464,7.7776,7.5998,4
2458653.610397,7.3705,21.3716,8.0031,7.4464,7.7776,7.5998,4
2458653.742717,-2.6280,29.6501,8.0031,7.4464,7.7776,7.5998,4
2458653.758947,-5.3684,18.6376,8.0031,7.4464,7.7776,7.5998,4
2458653.775257,-14.5242,34.1040,8.0031,7.4464,7.7776,7.5998,4
2458653.791897,-5.3106,23.1566,8.0031,7.4464,7.7776,7.5998,4
2458654.554137,14.9623,18.8251,8.0031,7.4464,7.7776,7.5998,4
2458654.605267,9.4779,3.9482,8.0031,7.4464,7.7776,7.5998,4
2458654.638577,11.4111,18.6609,8.0031,7.4464,7.7776,7.5998,4
2458654.655397,13.8203,21.0628,8.0031,7.4464,7.7776,7.5998,4
2458654.704157,12.1312,33.6073,8.0031,7.4464,7.7776,7.5998,4
2458655.549807,0.4508,15.5078,8.0031,7.4464,7.7776,7.5998,4
2458655.576597,4.8062,25.1223,8.0031,7.4464,7.7776,7.5998,4
2458655.643387,16.9193,26.3331,8.0031,7.4464,7.7776,7.5998,4
2458655.687767,6.9442,27.0290,8.0031,7.4464,7.7776,7.5998,4
2458655.704707,10.7101,34.9762,8.0031,7.4464,7.7776,7.5998,4
2458655.766617,20.8886,34.5463,8.0031,7.4464,7.7776,7.5998,4
2458655.836237,-8.3434,19.9240,8.0031,7.4464,7.7776,7.5998,4
2458656.573727,17.0503,27.1812,8.0031,7.4464,7.7776,7.5998,4
2458656.667197,19.1968,13.0225,8.0031,7.4464,7.7776,7.5998,4
2458656.700477,6.9248,12.3136,8.0031,7.4464,7.7776,7.5998,4
2458656.727257,-12.3160,21.8139,8.0031,7.4464,7.7776,7.5998,4
2458656.777867,1.6691,33.3475,8.0031,7.4464,7.7776,7.5998,4
2458656.829667,1.3904,13.4101,8.0031,7.4464,7.7776,7.5998,4
2458657.612427,12.4152,10.3521,8.0031,7.4464,7.7776,7.5998,4
2458657.648147,8.8843,33.4548,8.0031,7.4464,7.7776,7.5998,4
2458657.698097,-4.5028,14.5884,8.0031,7.4464,7.7776,7.5998,4
2458657.714907,1.3686,11.8766,8.0031,7.4464,7.7776,7.5998,4
2458657.841647,-1.3128,29.4380,8.0031,7.4464,7.7776,7.5998,4
2458658.537037,-8.3566,21.2539,8.0031,7.4464,7.7776,7.5998,4
2458658.632717,14.9228,12.2397,8.0031,7.4464,7.7776,7.5998,4
2458659.778127,0.3772,23.0662,8.0031,7.4464,7.7776,7.5998,4
2458659.822727,-2.5055,38.9614,8.0031,7.4464,7.7776,7.5998,4
2458660.585387,15.5974,31.7145,8.0031,7.4464,7.7776,7.5998,4
2458660.602507,-2.1520,17.2939,8.0031,7.4464,7.7776,7.5998,4
2458660.619327,-10.3005,4.0151,8.0031,7.4464,7.7776,7.5998,4
2458660.636017,10.0911,26.6747,8.0031,7.4464,7.7776,7.5998,4
2458660.683877,0.4225,11.3664,8.0031,7.4464,7.7776,7.5998,4
2458660.700507,1.5545,16.0312,8.0031,7.4464,7.7776,7.5998,4
2458660.734327,-7.3344,13.0968,8.0031,7.4464,7.7776,7.5998,4
2458660.751397,-0.1350,34.4766,8.0031,7.4464,7.7776,7.5998,4
2458660.795107,6.7207,19.9663,8.0031,7.4464,7.7776,7.5998,4
2458660.812057,-0.5630,34.1028,8.0031,7.4464,7.7776,7.5998,4
2458660.832727,3.2207,24.7686,8.0031,7.4464,7.7776,7.5998,4
2458661.694137,7.3564,21.4668,8.0031,7.4464,7.7776,7.5998,4
2458661.711277,4.9045,26.4495,8.0031,7.4464,7.7776,7.5998,4
2458662.551237,-4.6946,27.6425,8.0031,7.4464,7.7776,7.5998,4
2458662.601397,9.1489,12.2222,8.0031,7.4464,7.7776,7.5998,4
2458662.635237,0.1172,23.1373,8.0031,7.4464,7.7776,7.5998,4
2458662.672007,-3.4968,28.5216,8.0031,7.4464,7.7776,7.5998,4
2458662.761137,5.5537,30.2409,8.0031,7.4464,7.7776,7.5998,4
2458662.806467,13.5962,15.3946,8.0031,7.4464,7.7776,7.5998,4
2458662.823097,-10.2683,27.6254,8.0031,7.4464,7.7776,7.5998,4
2458662.839577,5.0964,17.9707,8.0031,7.4464,7.7776,7.5998,4
2458664.602867,-0.5405,8.7899,8.0031,7.4464,7.7776,7.5998,4
2458664.620157,1.5608,10.4555,8.0031,7.4464,7.7776,7.5998,4
2458664.647707,1.3530,13.9416,8.0031,7.4464,7.7776,7.5998,4
2458664.681317,-11.0903,24.7508,8.0031,7.4464,7.7776,7.5998,4
2458664.698477,2.1576,29.3051,8.0031,7.4464,7.7776,7.5998,4
2458664.715497,8.2454,17.2970,8.0031,7.4464,7.7776,7.5998,4
2458664.760247,-6.0198,21.3084,8.0031,7.4464,7.7776,7.5998,4
2458664.776997,15.0255,26.7293,8.0031,7.4464,7.7776,7.5998,4
2458664.798387,-2.9704,34.0281,8.0031,7.4464,7.7776,7.5998,4
2458664.815137,6.1138,24.2137,8.0031,7.4464,7.7776,7.5998,4
2458665.529127,19.9238,23.4536,8.0031,7.4464,7.7776,7.5998,4
2458665.562557,0.6739,17.7461,8.0031,7.4464,7.7776,7.5998,4
2458665.579597,4.7215,6.4648,8.0031,7.4464,7.7776,7.5998,4
2458665.606777,-1.7205,21.0443,8.0031,7.4464,7.7776,7.5998,4
2458665.624087,-0.6072,29.5255,8.0031,7.4464,7.7776,7.5998,4
2458665.657997,-11.7319,18.7829,8.0031,7.4464,7.7776,7.5998,4
2458665.674357,-1.0980,15.1684,8.0031,7.4464,7.7776,7.5998,4
2458665.724727,-10.6162,12.3408,8.0031,7.4464,7.7776,7.5998,4
2458665.741377,-9.6900,14.9649,8.0031,7.4464,7.7776,7.5998,4
2458665.798047,4.1704,17.6922,8.0031,7.4464,7.7776,7.5998,4
2458666.617757,0.0981,9.5674,8.0031,7.4464,7.7776,7.5998,4
2458666.634387,-3.4489,12.3487,8.0031,7.4464,7.7776,7.5998,4
2458666.651007,1.5484,26.3551,8.0031,7.4464,7.7776,7.5998,4
2458667.511847,-10.4154,32.1236,8.0031,7.4464,7.7776,7.5998,4
2458667.548777,-3.5221,27.2377,8.0031,7.4464,7.7776,7.5998,4
2458667.565087,-4.3060,11.9078,8.0031,7.4464,7.7776,7.5998,4
2458667.582027,1.9616,25.0949,8.0031,7.4464,7.7776,7.5998,4
2458667.598557,2.9663,9.9916,8.0031,7.4464,7.7776,7.5998,4
2458667.621857,12.2009,18.9621,8.0031,7.4464,7.7776,7.5998,4
2458667.657507,14.4094,27.9123,8.0031,7.4464,7.7776,7.5998,4
2458667.674047,-4.0386,15.6645,8.0031,7.4464,7.7776,7.5998,4
2458667.690927,3.5487,22.2860,8.0031,7.4464,7.7776,7.5998,4
2458667.724417,2.7286,16.2557,8.0031,7.4464,7.7776,7.5998,4
2458667.755827,0.9583,31.0186,8.0031,7.4464,7.7776,7.5998,4
2458667.772397,0.1395,24.0916,8.0031,7.4464,7.7776,7.5998,4
2458667.788917,6.8716,19.1655,8.0031,7.4464,7.7776,7.5998,4
2458668.509197,13.6907,31.5172,8.0031,7.4464,7.7776,7.5998,4
2458668.525457,13.1701,23.8632,8.0031,7.4464,7.7776,7.5998,4
2458668.542047,14.7497,9.7167,8.0031,7.4464,7.7776,7.5998,4
2458668.669327,-2.9969,29.4153,8.0031,7.4464,7.7776,7.5998,4
2458668.714057,-11.7796,13.7596,8.0031,7.4464,7.7776,7.5998,4
2458668.730517,1.4093,8.9753,8.0031,7.4464,7.7776,7.5998,4
2458668.747737,-5.1505,30.1956,8.0031,7.4464,7.7776,7.5998,4
2458668.764317,9.1557,15.6651,8.0031,7.4464,7.7776,7.5998,4
2458668.786377,-1.8988,18.5007,8.0031,7.4464,7.7776,7.5998,4
2458668.814797,3.6796,36.2973,8.0031,7.4464,7.7776,7.5998,4
2458669.505307,9.5234,10.0145,8.0031,7.4464,7.7776,7.5998,4
2458669.521857,11.4530,16.3978,8.0031,7.4464,7.7776,7.5998,4
2458669.538507,1.5819,15.6831,8.0031,7.4464,7.7776,7.5998,4
2458669.572187,1.8975,36.5416,8.0031,7.4464,7.7776,7.5998,4
2458669.593857,-2.2289,14.7893,8.0031,7.4464,7.7776,7.5998,4
2458669.641517,-8.1321,26.2280,8.0031,7.4464,7.7776,7.5998,4
2458669.658447,11.4420,23.8987,8.0031,7.4464,7.7776,7.5998,4
2458669.675587,2.1821,17.0909,8.0031,7.4464,7.7776,7.5998,4
2458669.692397,-4.3017,10.5627,8.0031,7.4464,7.7776,7.5998,4
2458669.721087,-3.0363,12.3339,8.0031,7.4464,7.7776,7.5998,4
2458669.737937,6.2579,8.7185,8.0031,7.4464,7.7776,7.5998,4
2458669.754867,0.8800,15.6533,8.0031,7.4464,7.7776,7.5998,4
2458670.546667,16.0325,27.5339,8.0031,7.4464,7.7776,7.5998,4
2458670.641237,-6.6726,27.1611,8.0031,7.4464,7.7776,7.5998,4
2458670.658187,-10.5461,32.1778,8.0031,7.4464,7.7776,7.5998,4
2458670.744597,1.2147,27.5036,8.0031,7.4464,7.7776,7.5998,4
2458670.761337,-4.4384,24.6618,8.0031,7.4464,7.7776,7.5998,4
2458670.777667,-0.6732,33.0399,8.0031,7.4464,7.7776,7.5998,4
2458671.654567,-3.9517,17.7325,8.0031,7.4464,7.7776,7.5998,4
2458672.649867,19.0687,34.5218,8.0031,7.4464,7.7776,7.5998,4
2458674.495017,-1.8255,29.4048,8.0031,7.4464,7.7776,7.5998,4
2458674.511437,3.3512,14.9418,8.0031,7.4464,7.7776,7.5998,4
2458674.530827,3.7254,12.6133,8.0031,7.4464,7.7776,7.5998,4
2458674.547597,0.4054,23.6761,8.0031,7.4464,7.7776,7.5998,4
2458674.564567,1.1235,7.9299,8.0031,7.4464,7.7776,7.5998,4
2458674.602507,-4.3846,20.7016,8.0031,7.4464,7.7776,7.5998,4
2458674.637917,3.6610,22.8442,8.0031,7.4464,7.7776,7.5998,4
2458674.654307,0.4225,12.2405,8.0031,7.4464,7.7776,7.5998,4
2458674.671177,0.1413,19.2487,8.0031,7.4464,7.7776,7.5998,4
2458674.716557,4.6731,24.7280,8.0031,7.4464,7.7776,7.5998,4
2458674.733437,-4.9555,17.8754,8.0031,7.4464,7.7776,7.5998,4
2458674.752517,-4.5971,18.2101,8.0031,7.4464,7.7776,7.5998,4
2458674.769307,-1.1710,16.9448,8.0031,7.4464,7.7776,7.5998,4
2458674.786267,-2.1972,11.0875,8.0031,7.4464,7.7776,7.5998,4
2458675.510017,14.7176,25.4988,8.0031,7.4464,7.7776,7.5998,4
2458675.543717,11.9214,6.0215,8.0031,7.4464,7.7776,7.5998,4
2458675.604707,16.6093,30.2536,8.0031,7.4464,7.7776,7.5998,4
2458675.624567,21.7948,29.3867,8.0031,7.4464,7.7776,7.5998,4
2458675.641487,5.2774,27.5080,8.0031,7.4464,7.7776,7.5998,4
2458675.658037,-5.8016,23.6780,8.0031,7.4464,7.7776,7.5998,4
2458675.686697,5.3782,21.2818,8.0031,7.4464,7.7776,7.5998,4
2458675.703167,3.5638,15.8095,8.0031,7.4464,7.7776,7.5998,4
2458675.719817,-0.9588,18.2414,8.0031,7.4464,7.7776,7.5998,4
2458675.756627,9.5954,13.7373,8.0031,7.4464,7.7776,7.5998,4
2458676.480797,19.6258,34.9195,8.0031,7.4464,7.7776,7.5998,4
2458676.575597,13.4835,26.7375,8.0031,7.4464,7.7776,7.5998,4
2458676.630967,4.2420,20.7959,8.0031,7.4464,7.7776,7.5998,4
2458676.675197,2.9576,27.9178,8.0031,7.4464,7.7776,7.5998,4
2458676.691957,5.1844,20.8398,8.0031,7.4464,7.7776,7.5998,4
2458677.769857,13.3543,28.6293,8.0031,7.4464,7.7776,7.5998,4
2458677.772657,5.7662,14.1455,8.0031,7.4464,7.7776,7.5998,4
2458677.789367,18.5917,34.5377,8.0031,7.4464,7.7776,7.5998,4
2458678.621307,12.8778,32.1779,8.0031,7.4464,7.7776,7.5998,4
2458680.649207,-4.1233,33.0060,8.0031,7.4464,7.7776,7.5998,4
2458680.665977,10.9675,30.5576,8.0031,7.4464,7.7776,7.5998,4
2458681.497837,17.4028,13.4911,8.0031,7.4464,7.7776,7.5998,4
2458681.538267,1.2287,24.6421,8.0031,7.4464,7.7776,7.5998,4
2458681.576677,10.3030,20.1310,8.0031,7.4464,7.7776,7.5998,4
2458681.594167,11.9344,29.0841,8.0031,7.4464,7.7776,7.5998,4
2458681.610507,5.1431,32.4475,8.0031,7.4464,7.7776,7.5998,4
2458681.638007,-3.9350,34.1801,8.0031,7.4464,7.7776,7.5998,4
2458681.708067,15.9280,35.7644,8.0031,7.4464,7.7776,7.5998,4
2458681.774387,11.0786,31.2424,8.0031,7.4464,7.7776,7.5998,4
2458682.568997,1.9751,16.0071,8.0031,7.4464,7.7776,7.5998,4
2458682.589837,8.7880,21.7384,8.0031,7.4464,7.7776,7.5998,4
2458682.623187,10.2666,25.6380,8.0031,7.4464,7.7776,7.5998,4
2458682.640077,8.5669,13.7492,8.0031,7.4464,7.7776,7.5998,4
2458682.689007,-3.9659,17.2577,8.0031,7.4464,7.7776,7.5998,4
2458682.705727,7.0257,17.7276,8.0031,7.4464,7.7776,7.5998,4
2458682.722397,-6.1507,21.0998,8.0031,7.4464,7.7776,7.5998,4
2458682.739077,-7.8057,5.7736,8.0031,7.4464,7.7776,7.5998,4
2458682.765997,5.4679,18.4899,8.0031,7.4464,7.7776,7.5998,4
2458683.585017,6.8108,19.6439,8.0031,7.4464,7.7776,7.5998,4
2458683.602407,-2.6790,30.7330,8.0031,7.4464,7.7776,7.5998,4
2458683.679427,3.0918,25.3220,8.0031,7.4464,7.7776,7.5998,4
2458683.695987,3.7335,32.9705,8.0031,7.4464,7.7776,7.5998,4
2458684.502627,7.8817,25.0494,8.0031,7.4464,7.7776,7.5998,4
2458684.519287,-1.4953,22.8561,8.0031,7.4464,7.7776,7.5998,4
2458684.536367,10.5976,26.1203,8.0031,7.4464,7.7776,7.5998,4
2458684.564777,6.8312,20.8412,8.0031,7.4464,7.7776,7.5998,4
2458684.581577,4.4396,17.4313,8.0031,7.4464,7.7776,7.5998,4
2458684.598337,3.8003,15.8023,8.0031,7.4464,7.7776,7.5998,4
2458684.623187,4.5484,31.0040,8.0031,7.4464,7.7776,7.5998,4
2458684.640307,-8.5829,28.0380,8.0031,7.4464,7.7776,7.5998,4
2458684.673847,4.5231,32.3445,8.0031,7.4464,7.7776,7.5998,4
2458684.723987,-1.1841,24.9481,8.0031,7.4464,7.7776,7.5998,4
2458684.740617,7.2255,21.2906,8.0031,7.4464,7.7776,7.5998,4
2458684.781657,0.6773,26.9468,8.0031,7.4464,7.7776,7.5998,4
2458685.512877,10.9926,20.7017,8.0031,7.4464,7.7776,7.5998,4
2458687.620707,10.2301,13.4549,8.0031,7.4464,7.7776,7.5998,4
2458687.637157,13.8911,23.7342,8.0031,7.4464,7.7776,7.5998,4
2458687.653987,7.7244,20.7832,8.0031,7.4464,7.7776,7.5998,4
2458687.670817,6.5240,28.5618,8.0031,7.4464,7.7776,7.5998,4
2458687.687257,-2.5250,23.6882,8.0031,7.4464,7.7776,7.5998,4
2458687.703807,8.2511,35.1700,8.0031,7.4464,7.7776,7.5998,4
2458687.757657,-6.4399,12.4889,8.0031,7.4464,7.7776,7.5998,4
2458688.715857,9.0784,7.9718,8.0031,7.4464,7.7776,7.5998,4
2458688.771687,-10.9609,16.2917,8.0031,7.4464,7.7776,7.5998,4
2458689.491567,-3.3120,10.9440,8.0031,7.4464,7.7776,7.5998,4
2458690.516237,-4.8358,10.0831,8.0031,7.4464,7.7776,7.5998,4
2458690.543387,-2.4992,26.3699,8.0031,7.4464,7.7776,7.5998,4
2458690.560377,9.5008,11.6193,8.0031,7.4464,7.7776,7.5998,4
2458690.577197,14.5647,18.9103,8.0031,7.4464,7.7776,7.5998,4
2458690.594447,-7.0960,12.2344,8.0031,7.4464,7.7776,7.5998,4
2458690.614787,4.8800,19.1095,8.0031,7.4464,7.7776,7.5998,4
2458690.641597,1.1261,25.7118,8.0031,7.4464,7.7776,7.5998,4
2458690.658597,6.4255,16.4368,8.0031,7.4464,7.7776,7.5998,4
2458690.674867,-3.3631,5.6499,8.0031,7.4464,7.7776,7.5998,4
2458690.692037,-1.0274,22.3010,8.0031,7.4464,7.7776,7.5998,4
2458690.735947,3.8982,9.1623,8.0031,7.4464,7.7776,7.5998,4
2458690.752707,-2.7851,14.4806,8.0031,7.4464,7.7776,7.5998,4
2458691.540867,7.1601,21.7135,8.0031,7.4464,7.7776,7.5998,4
2458691.567617,-6.1017,13.9689,8.0031,7.4464,7.7776,7.5998,4
2458691.621317,-1.1533,10.3342,8.0031,7.4464,7.7776,7.5998,4
2458691.637787,-1.6962,17.0731,8.0031,7.4464,7.7776,7.5998,4
2458691.654227,-6.0984,21.0743,8.0031,7.4464,7.7776,7.5998,4
2458691.681867,-1.0089,15.5599,8.0031,7.4464,7.7776,7.5998,4
2458691.698357,6.4767,18.8139,8.0031,7.4464,7.7776,7.5998,4
2458691.715457,5.9194,17.7458,8.0031,7.4464,7.7776,7.5998,4
2458691.732387,-9.2788,17.5920,8.0031,7.4464,7.7776,7.5998,4
2458692.484507,11.8574,30.3145,8.0031,7.4464,7.7776,7.5998,4
2458692.502427,6.6282,25.5787,8.0031,7.4464,7.7776,7.5998,4
2458692.519257,6.3461,19.4042,8.0031,7.4464,7.7776,7.5998,4
2458692.535777,-5.9724,20.1878,8.0031,7.4464,7.7776,7.5998,4
2458692.553127,8.5551,32.3799,8.0031,7.4464,7.7776,7.5998,4
2458692.600167,9.3825,18.9300,8.0031,7.4464,7.7776,7.5998,4
2458692.633697,-2.7180,12.1408,8.0031,7.4464,7.7776,7.5998,4
2458692.676827,-7.1615,14.5201,8.0031,7.4464,7.7776,7.5998,4
2458692.693507,0.5790,15.9823,8.0031,7.4464,7.7776,7.5998,4
2458692.710017,-2.1036,9.6730,8.0031,7.4464,7.7776,7.5998,4
2458692.743077,8.2768,24.0644,8.0031,7.4464,7.7776,7.5998,4
2458692.759897,-11.6422,25.4239,8.0031,7.4464,7.7776,7.5998,4
2458693.522667,3.3425,15.1002,8.0031,7.4464,7.7776,7.5998,4
2458693.621537,-2.3126,20.1546,8.0031,7.4464,7.7776,7.5998,4
2458693.654987,-10.9452,9.8375,8.0031,7.4464,7.7776,7.5998,4
2458693.682347,-4.1931,26.3476,8.0031,7.4464,7.7776,7.5998,4
2458693.699297,-3.7110,23.2271,8.0031,7.4464,7.7776,7.5998,4
2458693.719137,-5.9309,17.5343,8.0031,7.4464,7.7776,7.5998,4
2458693.735457,-0.0972,18.6983,8.0031,7.4464,7.7776,7.5998,4
2458694.493207,4.8737,16.0222,8.0031,7.4464,7.7776,7.5998,4
2458694.510177,3.2246,7.5593,8.0031,7.4464,7.7776,7.5998,4
2458694.526977,1.9068,21.3571,8.0031,7.4464,7.7776,7.5998,4
2458694.543847,10.5835,25.4196,8.0031,7.4464,7.7776,7.5998,4
2458694.580137,2.6669,17.4522,8.0031,7.4464,7.7776,7.5998,4
2458694.607687,-8.1397,19.3379,8.0031,7.4464,7.7776,7.5998,4
2458694.628597,7.8963,4.2511,8.0031,7.4464,7.7776,7.5998,4
2458694.645107,6.5887,10.4391,8.0031,7.4464,7.7776,7.5998,4
2458694.662177,1.3492,12.6558,8.0031,7.4464,7.7776,7.5998,4
2458694.719607,-5.0993,17.1255,8.0031,7.4464,7.7776,7.5998,4
2458694.736497,-7.1832,9.3617,8.0031,7.4464,7.7776,7.5998,4
2458694.753537,9.0524,11.2779,8.0031,7.4464,7.7776,7.5998,4
2458695.466367,-9.6692,4.2165,8.0031,7.4464,7.7776,7.5998,4
2458695.483607,11.2136,36.2764,8.0031,7.4464,7.7776,7.5998,4
2458695.579437,-10.0630,21.4841,8.0031,7.4464,7.7776,7.5998,4
2458695.606397,-0.3725,21.0790,8.0031,7.4464,7.7776,7.5998,4
2458695.623167,3.6693,9.6075,8.0031,7.4464,7.7776,7.5998,4
2458695.639637,-6.4402,23.1805,8.0031,7.4464,7.7776,7.5998,4
2458695.693887,4.7237,27.5429,8.0031,7.4464,7.7776,7.5998,4
2458695.739337,0.3258,14.7381,8.0031,7.4464,7.7776,7.5998,4
2458696.568167,9.1263,32.8875,8.0031,7.4464,7.7776,7.5998,4
2458697.534287,-2.0477,28.2998,8.0031,7.4464,7.7776,7.5998,4
2458697.550987,7.3933,18.0505,8.0031,7.4464,7.7776,7.5998,4
2458697.567327,4.9655,16.7059,8.0031,7.4464,7.7776,7.5998,4
2458697.586787,6.0688,9.6691,8.0031,7.4464,7.7776,7.5998,4
2458697.603247,5.0791,24.0298,8.0031,7.4464,7.7776,7.5998,4
2458697.634957,2.9368,5.4716,8.0031,7.4464,7.7776,7.5998,4
2458697.668427,-5.6680,8.6532,8.0031,7.4464,7.7776,7.5998,4
2458697.695067,10.2429,13.9817,8.0031,7.4464,7.7776,7.5998,4
2458697.711977,2.6957,22.1284,8.0031,7.4464,7.7776,7.5998,4
2458697.739167,7.0766,33.4960,8.0031,7.4464,7.7776,7.5998,4
2458698.489827,-7.0032,26.8865,8.0031,7.4464,7.7776,7.5998,4
2458698.506927,-9.0657,20.7256,8.0031,7.4464,7.7776,7.5998,4
2458698.598077,-0.4997,21.9225,8.0031,7.4464,7.7776,7.5998,4
2458698.614597,8.6476,19.2678,8.0031,7.4464,7.7776,7.5998,4
2458698.665217,0.6865,26.6268,8.0031,7.4464,7.7776,7.5998,4
2458698.681607,9.4446,28.2508,8.0031,7.4464,7.7776,7.5998,4
2458698.727877,-7.1353,12.6919,8.0031,7.4464,7.7776,7.5998,4
2458699.563117,-2.6584,18.9892,8.0031,7.4464,7.7776,7.5998,4
2458699.580077,-4.5100,20.9659,8.0031,7.4464,7.7776,7.5998,4
2458699.739777,2.6351,17.6376,8.0031,7.4464,7.7776,7.5998,4
2458700.498307,-0.3347,25.7777,8.0031,7.4464,7.7776,7.5998,4
2458700.566057,-9.1943,25.9704,8.0031,7.4464,7.7776,7.5998,4
2458700.593917,0.7228,23.2293,8.0031,7.4464,7.7776,7.5998,4
2458700.626457,-4.6357,15.3563,8.0031,7.4464,7.7776,7.5998,4
2458700.664647,-3.3373,8.6057,8.0031,7.4464,7.7776,7.5998,4
2458700.726767,1.5825,13.6159,8.0031,7.4464,7.7776,7.5998,4
2458701.466177,4.7005,15.4390,8.0031,7.4464,7.7776,7.5998,4
2458701.483227,2.9477,29.6946,8.0031,7.4464,7.7776,7.5998,4
2458701.505417,1.9209,26.0796,8.0031,7.4464,7.7776,7.5998,4
2458701.550707,4.8723,23.9315,8.0031,7.4464,7.7776,7.5998,4
2458701.567947,6.4524,29.4815,8.0031,7.4464,7.7776,7.5998,4
2458701.601817,-1.5765,15.7222,8.0031,7.4464,7.7776,7.5998,4
2458701.629197,-1.5372,28.3822,8.0031,7.4464,7.7776,7.5998,4
2458701.645727,2.2511,9.3841,8.0031,7.4464,7.7776,7.5998,4
2458701.662017,5.0712,15.9310,8.0031,7.4464,7.7776,7.5998,4
2458701.678737,1.0520,31.7672,8.0031,7.4464,7.7776,7.5998,4
2458701.695877,3.8451,17.1382,8.0031,7.4464,7.7776,7.5998,4
2458701.712267,4.3985,9.2018,8.0031,7.4464,7.7776,7.5998,4
2458701.736557,14.9682,22.5800,8.0031,7.4464,7.7776,7.5998,4
2458702.488797,13.0905,13.3688,8.0031,7.4464,7.7776,7.5998,4
2458702.508107,-2.6818,15.6035,8.0031,7.4464,7.7776,7.5998,4
2458702.524517,13.1662,20.4943,8.0031,7.4464,7.7776,7.5998,4
2458702.587497,-5.1559,9.1310,8.0031,7.4464,7.7776,7.5998,4
2458702.604327,-0.1654,18.0719,8.0031,7.4464,7.7776,7.5998,4
2458702.622697,-7.2480,13.1502,8.0031,7.4464,7.7776,7.5998,4
2458702.639377,-2.7472,29.8992,8.0031,7.4464,7.7776,7.5998,4
2458702.656387,7.1998,10.9895,8.0031,7.4464,7.7776,7.5998,4
2458702.689627,0.0669,17.2338,8.0031,7.4464,7.7776,7.5998,4
2458702.707447,-1.5440,12.1516,8.0031,7.4464,7.7776,7.5998,4
2458703.687147,-11.7967,28.5479,8.0031,7.4464,7.7776,7.5998,4
2458703.720447,-11.8472,12.6081,8.0031,7.4464,7.7776,7.5998,4
2458704.620817,14.5629,33.0748,8.0031,7.4464,7.7776,7.5998,4
2458704.718927,3.5967,16.6867,8.0031,7.4464,7.7776,7.5998,4
2458705.516937,8.3541,21.1846,8.0031,7.4464,7.7776,7.5998,4
2458705.537077,3.7718,35.2194,8.0031,7.4464,7.7776,7.5998,4
2458705.557367,-11.9974,20.4881,8.0031,7.4464,7.7776,7.5998,4
2458705.600747,-10.1701,26.9758,8.0031,7.4464,7.7776,7.5998,4
2458705.606287,5.6443,28.1429,8.0031,7.4464,7.7776,7.5998,4
2458705.622977,10.7688,20.6078,8.0031,7.4464,7.7776,7.5998,4
2458705.639767,6.9734,24.9510,8.0031,7.4464,7.7776,7.5998,4
2458705.660897,6.9676,24.0441,8.0031,7.4464,7.7776,7.5998,4
2458705.683667,8.9477,19.3480,8.0031,7.4464,7.7776,7.5998,4
2458707.625237,1.3993,26.3981,8.0031,7.4464,7.7776,7.5998,4
2458708.472297,-0.2078,23.8134,8.0031,7.4464,7.7776,7.5998,4
2458708.489157,3.8609,31.9208,8.0031,7.4464,7.7776,7.5998,4
2458708.505457,-1.7029,31.4190,8.0031,7.4464,7.7776,7.5998,4
2458708.522247,9.0619,27.5185,8.0031,7.4464,7.7776,7.5998,4
2458708.550717,6.6758,26.8840,8.0031,7.4464,7.7776,7.5998,4
2458708.568177,-0.4995,19.7340,8.0031,7.4464,7.7776,7.5998,4
2458708.584857,-4.3693,29.4848,8.0031,7.4464,7.7776,7.5998,4
2458708.601457,13.0474,17.3697,8.0031,7.4464,7.7776,7.5998,4
2458708.618397,-5.1279,31.1645,8.0031,7.4464,7.7776,7.5998,4
2458708.645287,-0.2250,7.1426,8.0031,7.4464,7.7776,7.5998,4
2458708.687927,13.4895,24.6907,8.0031,7.4464,7.7776,7.5998,4
2458709.631027,-2.3650,22.6717,8.0031,7.4464,7.7776,7.5998,4
2458710.487607,8.8952,16.1338,8.0031,7.4464,7.7776,7.5998,4
2458710.504057,3.6433,17.8369,8.0031,7.4464,7.7776,7.5998,4
2458710.520727,-2.7955,9.0128,8.0031,7.4464,7.7776,7.5998,4
2458710.562007,-1.2617,22.9157,8.0031,7.4464,7.7776,7.5998,4
2458711.495297,16.8736,21.9704,8.0031,7.4464,7.7776,7.5998,4
2458711.512007,10.7672,22.8392,8.0031,7.4464,7.7776,7.5998,4
2458711.528427,12.3806,30.3983,8.0031,7.4464,7.7776,7.5998,4
2458711.545267,-0.5329,27.5666,8.0031,7.4464,7.7776,7.5998,4
2458711.562607,-1.6581,16.9833,8.0031,7.4464,7.7776,7.5998,4
2458711.589717,10.7831,29.4670,8.0031,7.4464,7.7776,7.5998,4
2458711.610137,-6.4371,17.5527,8.0031,7.4464,7.7776,7.5998,4
2458711.626557,1.7532,23.1289,8.0031,7.4464,7.7776,7.5998,4
2458711.643957,-0.7012,24.6618,8.0031,7.4464,7.7776,7.5998,4
2458711.660547,-9.6836,17.5914,8.0031,7.4464,7.7776,7.5998,4
2458711.677067,1.1481,21.2751,8.0031,7.4464,7.7776,7.5998,4
2458712.516307,-3.4198,26.6485,8.0031,7.4464,7.7776,7.5998,4
2458712.535847,10.2883,28.0617,8.0031,7.4464,7.7776,7.5998,4
2458712.607177,-13.6888,30.3695,8.0031,7.4464,7.7776,7.5998,4
2458713.476607,7.2870,10.8629,8.0031,7.4464,7.7776,7.5998,4
2458713.510487,-2.6049,30.9638,8.0031,7.4464,7.7776,7.5998,4
2458713.527197,10.6005,19.8293,8.0031,7.4464,7.7776,7.5998,4
2458713.544487,-4.7920,13.8689,8.0031,7.4464,7.7776,7.5998,4
2458713.561577,6.5784,17.4205,8.0031,7.4464,7.7776,7.5998,4
2458714.496317,11.5791,25.8918,8.0031,7.4464,7.7776,7.5998,4
2458714.665277,2.3811,34.2487,8.0031,7.4464,7.7776,7.5998,4
2458715.486667,-4.4289,19.8240,8.0031,7.4464,7.7776,7.5998,4
2458715.503407,-11.8004,14.6766,8.0031,7.4464,7.7776,7.5998,4
2458715.520127,-3.4739,26.4972,8.0031,7.4464,7.7776,7.5998,4
2458715.536817,11.5981,19.9558,8.0031,7.4464,7.7776,7.5998,4
2458715.553967,2.9605,4.4229,8.0031,7.4464,7.7776,7.5998,4
2458715.615177,1.6119,18.9362,8.0031,7.4464,7.7776,7.5998,4
2458715.631867,1.5541,28.9306,8.0031,7.4464,7.7776,7.5998,4
2458715.666677,5.1550,32.3207,8.0031,7.4464,7.7776,7.5998,4
2458715.694107,2.7219,4.8618,8.0031,7.4464,7.7776,7.5998,4
2458716.478857,10.8947,27.1612,8.0031,7.4464,7.7776,7.5998,4
2458716.495787,8.5068,21.9977,8.0031,7.4464,7.7776,7.5998,4
2458716.548017,-8.7718,24.8241,8.0031,7.4464,7.7776,7.5998,4
2458716.629707,0.5330,23.2318,8.0031,7.4464,7.7776,7.5998,4
2458716.646057,-2.2645,5.1184,8.0031,7.4464,7.7776,7.5998,4
2458716.675457,-9.6504,20.3942,8.0031,7.4464,7.7776,7.5998,4
2458716.694977,-6.1608,21.2479,8.0031,7.4464,7.7776,7.5998,4
2458717.468097,9.6110,21.3110,8.0031,7.4464,7.7776,7.5998,4
2458717.484947,1.5997,11.4184,8.0031,7.4464,7.7776,7.5998,4
2458717.501667,-10.6125,15.4639,8.0031,7.4464,7.7776,7.5998,4
2458717.521687,-6.9452,19.1671,8.0031,7.4464,7.7776,7.5998,4
2458717.550397,10.3216,22.5639,8.0031,7.4464,7.7776,7.5998,4
2458717.583687,13.1738,8.0516,8.0031,7.4464,7.7776,7.5998,4
2458718.495827,-0.9980,21.5972,8.0031,7.4464,7.7776,7.5998,4
2458718.514007,-7.3288,17.5134,8.0031,7.4464,7.7776,7.5998,4
2458718.632197,5.4756,13.9705,8.0031,7.4464,7.7776,7.5998,4
2458718.649387,-6.7962,28.8399,8.0031,7.4464,7.7776,7.5998,4
2458719.562987,3.2785,18.2266,8.0031,7.4464,7.7776,7.5998,4
2458720.587357,8.1626,29.7599,8.0031,7.4464,7.7776,7.5998,4
2458720.637677,1.1169,17.2904,8.0031,7.4464,7.7776,7.5998,4
2458721.498127,0.9436,13.3296,8.0031,7.4464,7.7776,7.5998,4
2458721.514907,2.6600,15.4644,8.0031,7.4464,7.7776,7.5998,4
2458721.591507,-9.0624,17.1994,8.0031,7.4464,7.7776,7.5998,4
2458721.608367,-2.7241,26.4490,8.0031,7.4464,7.7776,7.5998,4
2458721.625647,6.0558,19.7118,8.0031,7.4464,7.7776,7.5998,4
2458721.658957,-6.5545,8.9390,8.0031,7.4464,7.7776,7.5998,4
2458722.491207,-4.9106,19.7956,8.0031,7.4464,7.7776,7.5998,4
2458722.508117,-1.5212,17.3101,8.0031,7.4464,7.7776,7.5998,4
2458722.524897,3.1302,16.8722,8.0031,7.4464,7.7776,7.5998,4
2458722.545577,-1.4239,14.0009,8.0031,7.4464,7.7776,7.5998,4
2458722.625547,3.3929,23.8582,8.0031,7.4464,7.7776,7.5998,4
2458723.540877,1.0590,29.8217,8.0031,7.4464,7.7776,7.5998,4
2458723.583427,14.7904,19.3947,8.0031,7.4464,7.7776,7.5998,4
2458724.513747,-1.6904,28.5084,8.0031,7.4464,7.7776,7.5998,4
2458724.540987,-6.1443,25.9577,8.0031,7.4464,7.7776,7.5998,4
2458724.557817,11.9706,14.4721,8.0031,7.4464,7.7776,7.5998,4
2458724.574777,-4.8616,28.9533,8.0031,7.4464,7.7776,7.5998,4
2458724.635197,-3.2995,10.6684,8.0031,7.4464,7.7776,7.5998,4
2458725.478457,3.9361,10.0342,8.0031,7.4464,7.7776,7.5998,4
2458725.495297,4.8671,10.6869,8.0031,7.4464,7.7776,7.5998,4
2458725.512657,1.6419,15.7717,8.0031,7.4464,7.7776,7.5998,4
2458725.539967,-1.5980,14.9185,8.0031,7.4464,7.7776,7.5998,4
2458725.562297,-13.1432,17.6333,8.0031,7.4464,7.7776,7.5998,4
2458725.578877,10.7083,20.4985,8.0031,7.4464,7.7776,7.5998,4
2458725.612087,-12.0473,20.5712,8.0031,7.4464,7.7776,7.5998,4
2458725.645197,4.8995,32.4099,8.0031,7.4464,7.7776,7.5998,4
2458726.475447,11.4727,11.4359,8.0031,7.4464,7.7776,7.5998,4
2458726.492417,-2.3189,10.9549,8.0031,7.4464,7.7776,7.5998,4
2458726.541737,-2.9866,6.1838,8.0031,7.4464,7.7776,7.5998,4
2458726.586407,-2.2977,18.4494,8.0031,7.4464,7.7776,7.5998,4
2458726.619837,5.1208,16.0752,8.0031,7.4464,7.7776,7.5998,4
2458726.636407,5.8396,30.7570,8.0031,7.4464,7.7776,7.5998,4
2458727.505817,7.1236,26.6384,8.0031,7.4464,7.7776,7.5998,4
2458727.522117,-11.4286,29.8362,8.0031,7.4464,7.7776,7.5998,4
2458727.538837,4.3306,11.8302,8.0031,7.4464,7.7776,7.5998,4
2458727.555937,7.1897,26.0450,8.0031,7.4464,7.7776,7.5998,4
2458727.572797,6.5009,18.9553,8.0031,7.4464,7.7776,7.5998,4
2458727.599967,0.8809,30.9632,8.0031,7.4464,7.7776,7.5998,4
2458727.616867,-4.1214,14.8360,8.0031,7.4464,7.7776,7.5998,4
2458727.633947,-0.1358,14.9923,8.0031,7.4464,7.7776,7.5998,4
2458727.650677,-10.2079,13.4198,8.0031,7.4464,7.7776,7.5998,4
2458728.473467,-0.0850,10.5095,8.0031,7.4464,7.7776,7.5998,4
2458728.490367,5.0895,15.0682,8.0031,7.4464,7.7776,7.5998,4
2458728.524977,-6.5011,12.5291,8.0031,7.4464,7.7776,7.5998,4
2458728.541577,5.4227,16.0898,8.0031,7.4464,7.7776,7.5998,4
2458728.558137,-10.6124,15.1404,8.0031,7.4464,7.7776,7.5998,4
2458728.574597,-1.9042,18.7245,8.0031,7.4464,7.7776,7.5998,4
2458728.591167,7.3251,26.0367,8.0031,7.4464,7.7776,7.5998,4
2458728.638387,1.0636,14.7298,8.0031,7.4464,7.7776,7.5998,4
2458728.663267,0.6956,13.0348,8.0031,7.4464,7.7776,7.5998,4
2458729.480157,-2.0228,16.7547,8.0031,7.4464,7.7776,7.5998,4
2458729.496837,11.0214,7.0113,8.0031,7.4464,7.7776,7.5998,4
2458729.518167,-12.3084,16.2281,8.0031,7.4464,7.7776,7.5998,4
2458729.534737,6.8451,12.6201,8.0031,7.4464,7.7776,7.5998,4
2458729.580917,-3.4219,19.0754,8.0031,7.4464,7.7776,7.5998,4
2458729.597767,-0.1500,15.6983,8.0031,7.4464,7.7776,7.5998,4
2458729.614057,-1.7802,22.7291,8.0031,7.4464,7.7776,7.5998,4
2458729.631057,0.1835,5.3746,8.0031,7.4464,7.7776,7.5998,4
2458729.658977,4.1433,22.9919,8.0031,7.4464,7.7776,7.5998,4
2458730.541787,11.1418,17.2239,8.0031,7.4464,7.7776,7.5998,4
2458730.558567,-2.2900,30.5246,8.0031,7.4464,7.7776,7.5998,4
2458730.620087,3.6856,23.7822,8.0031,7.4464,7.7776,7.5998,4
2458730.636787,0.0337,14.3303,8.0031,7.4464,7.7776,7.5998,4
2458731.496457,11.8704,6.3562,8.0031,7.4464,7.7776,7.5998,4
2458731.532517,12.8801,13.3940,8.0031,7.4464,7.7776,7.5998,4
2458731.549537,-2.3112,13.9428,8.0031,7.4464,7.7776,7.5998,4
2458731.639337,12.7418,20.8109,8.0031,7.4464,7.7776,7.5998,4
2458734.509357,-0.0927,33.6962,8.0031,7.4464,7.7776,7.5998,4
2458738.483237,15.9671,20.2584,8.0031,7.4464,7.7776,7.5998,4
2458738.500247,13.3275,23.9473,8.0031,7.4464,7.7776,7.5998,4
2458738.521587,-1.5452,15.3487,8.0031,7.4464,7.7776,7.5998,4
2458738.538307,7.9309,22.6166,8.0031,7.4464,7.7776,7.5998,4
2458738.554967,0.9813,24.2858,8.0031,7.4464,7.7776,7.5998,4
2458738.581957,-2.7962,20.5317,8.0031,7.4464,7.7776,7.5998,4
2458740.541147,-0.1889,25.9069,8.0031,7.4464,7.7776,7.5998,4
2458740.557917,-14.1722,20.7999,8.0031,7.4464,7.7776,7.5998,4
2458740.574147,14.8858,34.3589,8.0031,7.4464,7.7776,7.5998,4
2458740.626917,-3.2195,24.5187,8.0031,7.4464,7.7776,7.5998,4
2458741.501927,-4.4091,12.5491,8.0031,7.4464,7.7776,7.5998,4
2458741.527647,10.0862,11.2720,8.0031,7.4464,7.7776,7.5998,4
2458741.544447,-8.8433,21.1185,8.0031,7.4464,7.7776,7.5998,4
2458742.517147,2.5646,22.2905,8.0031,7.4464,7.7776,7.5998,4
2458742.533877,-4.6830,23.0558,8.0031,7.4464,7.7776,7.5998,4
2458742.550637,0.3768,13.9069,8.0031,7.4464,7.7776,7.5998,4
2458742.567307,-4.8554,28.4182,8.0031,7.4464,7.7776,7.5998,4
2458742.584197,2.6398,34.5735,8.0031,7.4464,7.7776,7.5998,4
2458742.610887,6.5299,2.8749,8.0031,7.4464,7.7776,7.5998,4
2458745.540827,-8.4224,41.1622,8.0031,7.4464,7.7776,7.5998,4
2458745.557787,5.1610,25.0820,8.0031,7.4464,7.7776,7.5998,4
2458746.531927,0.8021,31.6505,8.0031,7.4464,7.7776,7.5998,4
2458746.548817,4.6722,25.9415,8.0031,7.4464,7.7776,7.5998,4
2458746.594067,1.6683,26.3602,8.0031,7.4464,7.7776,7.5998,4
2458746.610717,9.1569,6.8263,8.0031,7.4464,7.7776,7.5998,4
2458747.482447,-3.5313,14.0691,8.0031,7.4464,7.7776,7.5998,4
2458747.506187,-4.0918,22.1487,8.0031,7.4464,7.7776,7.5998,4
2458747.522747,1.9971,7.7522,8.0031,7.4464,7.7776,7.5998,4
2458747.539177,2.6161,16.6650,8.0031,7.4464,7.7776,7.5998,4
2458747.567737,12.0759,24.9369,8.0031,7.4464,7.7776,7.5998,4
2458747.584157,6.5441,19.0541,8.0031,7.4464,7.7776,7.5998,4
2458747.600617,5.5949,-0.1646,8.0031,7.4464,7.7776,7.5998,4
2458748.522797,-7.4785,10.7391,8.0031,7.4464,7.7776,7.5998,4
2458748.552937,-5.1372,45.5005,8.0031,7.4464,7.7776,7.5998,4
2458748.586057,-0.1774,36.0387,8.0031,7.4464,7.7776,7.5998,4
2458749.498027,2.8367,20.8492,8.0031,7.4464,7.7776,7.5998,4
2458750.503937,-3.2776,22.9411,8.0031,7.4464,7.7776,7.5998,4
2458750.530927,-4.3471,33.1895,8.0031,7.4464,7.7776,7.5998,4
2458750.549887,10.4585,4.0303,8.0031,7.4464,7.7776,7.5998,4
2458752.490067,-0.3339,21.5287,8.0031,7.4464,7.7776,7.5998,4
2458752.508347,-0.1587,40.4754,8.0031,7.4464,7.7776,7.5998,4
2458752.568457,-1.5508,36.9199,8.0031,7.4464,7.7776,7.5998,4
2458753.535537,12.4846,41.4929,8.0031,7.4464,7.7776,7.5998,4
2458753.568737,1.4391,23.2151,8.0031,7.4464,7.7776,7.5998,4
2458753.585417,21.4179,25.4335,8.0031,7.4464,7.7776,7.5998,4
2458754.591767,-7.8873,25.3750,8.0031,7.4464,7.7776,7.5998,4
2458755.517297,9.2130,15.1938,8.0031,7.4464,7.7776,7.5998,4
2458756.502247,2.8096,39.3968,8.0031,7.4464,7.7776,7.5998,4
2458756.503597,7.6586,16.7433,8.0031,7.4464,7.7776,7.5998,4
2458756.520517,-1.1191,15.0111,8.0031,7.4464,7.7776,7.5998,4
2458756.536957,-6.7334,18.4758,8.0031,7.4464,7.7776,7.5998,4
2458757.486947,-2.0205,13.0958,8.0031,7.4464,7.7776,7.5998,4
2458757.503607,-0.3796,11.2416,8.0031,7.4464,7.7776,7.5998,4
2458757.520347,-0.2204,6.5452,8.0031,7.4464,7.7776,7.5998,4
2458758.506937,13.2968,11.5449,8.0031,7.4464,7.7776,7.5998,4
2458761.526377,-12.1169,17.3760,8.0031,7.4464,7.7776,7.5998,4
2458762.500947,-2.3952,15.8798,8.0031,7.4464,7.7776,7.5998,4
2458762.564407,12.5472,19.0801,8.0031,7.4464,7.7776,7.5998,4
2458763.492947,-11.4166,15.8658,8.0031,7.4464,7.7776,7.5998,4
2458763.509297,-0.6395,10.2826,8.0031,7.4464,7.7776,7.5998,4
2458763.525547,-0.5690,15.4783,8.0031,7.4464,7.7776,7.5998,4
2458764.520957,0.8475,14.9927,8.0031,7.4464,7.7776,7.5998,4
2458764.537647,-2.1502,42.6818,8.0031,7.4464,7.7776,7.5998,4
2458766.504557,4.4574,27.8367,8.0031,7.4464,7.7776,7.5998,4
2458768.500597,-5.1035,30.3957,8.0031,7.4464,7.7776,7.5998,4
2458768.517827,-2.8946,27.3323,8.0031,7.4464,7.7776,7.5998,4
2458772.513847,-14.2510,-0.0634,8.0031,7.4464,7.7776,7.5998,4
2458772.530657,-2.5641,15.5553,8.0031,7.4464,7.7776,7.5998,4
2459265.861157,10.3877,-0.9547,8.0031,7.4464,7.2049,7.3971,5
2459265.878767,4.6490,8.0598,8.0031,7.4464,7.2049,7.3971,5
2459266.857677,22.5240,3.1619,8.0031,7.4464,7.2049,7.3971,5
2459267.874507,-0.8592,20.3477,8.0031,7.4464,7.2049,7.3971,5
2459267.892507,16.0839,12.1155,8.0031,7.4464,7.2049,7.3971,5
2459270.876087,8.5893,2.6013,8.0031,7.4464,7.2049,7.3971,5
2459271.849887,20.1548,3.5288,8.0031,7.4464,7.2049,7.3971,5
2459271.873247,5.4797,16.2504,8.0031,7.4464,7.2049,7.3971,5
2459271.901327,7.2473,1.5871,8.0031,7.4464,7.2049,7.3971,5
2459273.836187,21.7640,-3.5932,8.0031,7.4464,7.2049,7.3971,5
2459273.866627,14.2885,7.5496,8.0031,7.4464,7.2049,7.3971,5
2459274.845977,2.1826,0.8878,8.0031,7.4464,7.2049,7.3971,5
2459274.882737,9.2141,7.3453,8.0031,7.4464,7.2049,7.3971,5
2459274.910757,-14.8858,0.9451,8.0031,7.4464,7.2049,7.3971,5
2459275.833507,-0.5417,-2.5376,8.0031,7.4464,7.2049,7.3971,5
2459275.887157,-0.0074,1.3037,8.0031,7.4464,7.2049,7.3971,5
2459276.843547,20.1025,2.9166,8.0031,7.4464,7.2049,7.3971,5
2459276.861317,-11.2685,12.4659,8.0031,7.4464,7.2049,7.3971,5
2459276.878997,21.3071,5.3867,8.0031,7.4464,7.2049,7.3971,5
2459276.898147,-4.7118,3.0799,8.0031,7.4464,7.2049,7.3971,5
2459277.857877,-3.4102,7.8492,8.0031,7.4464,7.2049,7.3971,5
2459277.900507,-1.2513,8.3762,8.0031,7.4464,7.2049,7.3971,5
2459278.860747,20.4469,15.1298,8.0031,7.4464,7.2049,7.3971,5
2459278.882837,-14.5318,8.9979,8.0031,7.4464,7.2049,7.3971,5
2459278.904397,11.2822,19.9111,8.0031,7.4464,7.2049,7.3971,5
2459279.845907,11.9567,5.8034,8.0031,7.4464,7.2049,7.3971,5
2459279.873577,11.8937,14.1789,8.0031,7.4464,7.2049,7.3971,5
2459279.891317,0.2501,-2.9139,8.0031,7.4464,7.2049,7.3971,5
2459280.845287,-12.5080,14.1002,8.0031,7.4464,7.2049,7.3971,5
2459280.863257,7.7371,0.3307,8.0031,7.4464,7.2049,7.3971,5
2459280.881137,-7.1669,15.8886,8.0031,7.4464,7.2049,7.3971,5
2459280.899247,6.1271,20.5093,8.0031,7.4464,7.2049,7.3971,5
2459281.840067,-9.5789,18.5632,8.0031,7.4464,7.2049,7.3971,5
2459281.857547,8.3559,-1.3230,8.0031,7.4464,7.2049,7.3971,5
2459281.892927,10.8147,-3.0715,8.0031,7.4464,7.2049,7.3971,5
2459281.910127,-6.9841,12.2572,8.0031,7.4464,7.2049,7.3971,5
2459282.812337,11.5471,15.6391,8.0031,7.4464,7.2049,7.3971,5
2459282.849467,-3.2083,7.7691,8.0031,7.4464,7.2049,7.3971,5
2459282.867047,-5.9895,2.1437,8.0031,7.4464,7.2049,7.3971,5
2459282.905477,-4.8348,11.2510,8.0031,7.4464,7.2049,7.3971,5
2459283.851177,3.1024,22.8076,8.0031,7.4464,7.2049,7.3971,5
2459283.869217,-4.7073,0.8219,8.0031,7.4464,7.2049,7.3971,5
2459283.894657,-1.3403,15.5487,8.0031,7.4464,7.2049,7.3971,5
2459284.815927,-7.0502,-0.1335,8.0031,7.4464,7.2049,7.3971,5
2459284.914007,-0.2892,7.9087,8.0031,7.4464,7.2049,7.3971,5
2459285.847337,-2.5866,2.9302,8.0031,7.4464,7.2049,7.3971,5
2459285.884907,2.9358,10.0398,8.0031,7.4464,7.2049,7.3971,5
2459285.902267,-11.2229,-7.9506,8.0031,7.4464,7.2049,7.3971,5
2459286.808047,4.9329,-1.9809,8.0031,7.4464,7.2049,7.3971,5
2459286.836117,5.2192,5.2905,8.0031,7.4464,7.2049,7.3971,5
2459286.839507,6.0958,8.7415,8.0031,7.4464,7.2049,7.3971,5
2459286.882087,-7.3676,11.8737,8.0031,7.4464,7.2049,7.3971,5
2459286.899217,9.5214,5.6289,8.0031,7.4464,7.2049,7.3971,5
2459287.874247,-9.0892,4.4099,8.0031,7.4464,7.2049,7.3971,5
2459287.910017,-4.0191,2.2630,8.0031,7.4464,7.2049,7.3971,5
2459289.912987,2.9786,14.0481,8.0031,7.4464,7.2049,7.3971,5
2459290.859867,2.2849,14.9822,8.0031,7.4464,7.2049,7.3971,5
2459290.911397,4.2461,6.9303,8.0031,7.4464,7.2049,7.3971,5
2459291.899087,0.8241,-4.3378,8.0031,7.4464,7.2049,7.3971,5
2459294.910507,-1.0205,-0.2100,8.0031,7.4464,7.2049,7.3971,5
2459295.827187,0.6378,12.6792,8.0031,7.4464,7.2049,7.3971,5
2459295.863067,0.0533,21.0995,8.0031,7.4464,7.2049,7.3971,5
2459295.880327,-1.9372,15.5259,8.0031,7.4464,7.2049,7.3971,5
2459296.824437,6.1114,21.2984,8.0031,7.4464,7.2049,7.3971,5
2459296.842027,2.8358,9.0763,8.0031,7.4464,7.2049,7.3971,5
2459296.870367,0.2057,7.9794,8.0031,7.4464,7.2049,7.3971,5
2459296.890737,-9.7291,15.2603,8.0031,7.4464,7.2049,7.3971,5
2459296.908077,-8.3376,13.6506,8.0031,7.4464,7.2049,7.3971,5
2459297.845687,4.1837,20.4383,8.0031,7.4464,7.2049,7.3971,5
2459297.900717,0.0160,7.0064,8.0031,7.4464,7.2049,7.3971,5
2459297.918277,9.5474,23.6240,8.0031,7.4464,7.2049,7.3971,5
2459298.842107,-3.6500,3.0202,8.0031,7.4464,7.2049,7.3971,5
2459298.909927,0.0810,19.8367,8.0031,7.4464,7.2049,7.3971,5
2459299.788057,13.5939,7.6266,8.0031,7.4464,7.2049,7.3971,5
2459299.807717,-2.7012,4.6201,8.0031,7.4464,7.2049,7.3971,5
2459299.876987,0.6118,-0.4375,8.0031,7.4464,7.2049,7.3971,5
2459299.896277,-1.5547,-4.1208,8.0031,7.4464,7.2049,7.3971,5
2459299.914117,-3.2599,6.9593,8.0031,7.4464,7.2049,7.3971,5
2459300.824637,-8.2899,3.3580,8.0031,7.4464,7.2049,7.3971,5
2459300.845617,10.6247,0.7833,8.0031,7.4464,7.2049,7.3971,5
2459300.861627,10.2401,3.3210,8.0031,7.4464,7.2049,7.3971,5
2459300.890057,3.0177,5.4534,8.0031,7.4464,7.2049,7.3971,5
2459300.907527,-3.5563,3.6554,8.0031,7.4464,7.2049,7.3971,5
2459301.770127,3.8628,19.5467,8.0031,7.4464,7.2049,7.3971,5
2459301.788127,3.1505,9.5609,8.0031,7.4464,7.2049,7.3971,5
2459301.816337,3.4012,12.7202,8.0031,7.4464,7.2049,7.3971,5
2459301.833967,-12.1838,9.5779,8.0031,7.4464,7.2049,7.3971,5
2459301.853097,-8.0372,11.8930,8.0031,7.4464,7.2049,7.3971,5
2459301.889287,-4.3849,16.4629,8.0031,7.4464,7.2049,7.3971,5
2459302.843727,9.3184,6.1112,8.0031,7.4464,7.2049,7.3971,5
2459302.862097,-5.8753,11.9411,8.0031,7.4464,7.2049,7.3971,5
2459302.911177,-0.8725,0.0675,8.0031,7.4464,7.2049,7.3971,5
2459303.762087,7.8297,2.8645,8.0031,7.4464,7.2049,7.3971,5
2459303.781367,0.9778,-5.0363,8.0031,7.4464,7.2049,7.3971,5
2459303.801627,2.9043,8.4962,8.0031,7.4464,7.2049,7.3971,5
2459303.840777,5.1632,24.8317,8.0031,7.4464,7.2049,7.3971,5
2459303.866867,-1.2310,18.2662,8.0031,7.4464,7.2049,7.3971,5
2459303.884157,5.7562,2.3722,8.0031,7.4464,7.2049,7.3971,5
2459303.901517,-0.3237,7.0889,8.0031,7.4464,7.2049,7.3971,5
2459304.772277,0.5461,18.2259,8.0031,7.4464,7.2049,7.3971,5
2459304.789967,-8.7581,4.1499,8.0031,7.4464,7.2049,7.3971,5
2459304.807677,9.7604,2.5497,8.0031,7.4464,7.2049,7.3971,5
2459304.842907,1.3545,2.3710,8.0031,7.4464,7.2049,7.3971,5
2459304.860697,-2.7122,13.2555,8.0031,7.4464,7.2049,7.3971,5
2459304.888137,-1.4213,13.2552,8.0031,7.4464,7.2049,7.3971,5
2459304.905647,4.1842,-0.3808,8.0031,7.4464,7.2049,7.3971,5
2459305.758647,12.2584,23.1495,8.0031,7.4464,7.2049,7.3971,5
2459305.807447,-8.7835,8.9008,8.0031,7.4464,7.2049,7.3971,5
2459305.824887,-14.2498,5.7764,8.0031,7.4464,7.2049,7.3971,5
2459305.842027,-1.3393,5.3474,8.0031,7.4464,7.2049,7.3971,5
2459305.859187,1.9879,5.5627,8.0031,7.4464,7.2049,7.3971,5
2459305.876627,-5.9330,8.5043,8.0031,7.4464,7.2049,7.3971,5
2459305.911637,-8.7157,6.0102,8.0031,7.4464,7.2049,7.3971,5
2459306.798107,11.8754,13.1973,8.0031,7.4464,7.2049,7.3971,5
2459306.826257,-3.8111,6.4073,8.0031,7.4464,7.2049,7.3971,5
2459306.843577,-4.8654,15.6231,8.0031,7.4464,7.2049,7.3971,5
2459306.861067,12.9646,10.7966,8.0031,7.4464,7.2049,7.3971,5
2459308.798567,-1.1978,6.1906,8.0031,7.4464,7.2049,7.3971,5
2459308.869767,3.8414,4.7476,8.0031,7.4464,7.2049,7.3971,5
2459309.810157,11.6242,7.6149,8.0031,7.4464,7.2049,7.3971,5
2459309.827647,3.5752,-2.1264,8.0031,7.4464,7.2049,7.3971,5
2459309.847627,4.5676,5.0217,8.0031,7.4464,7.2049,7.3971,5
2459309.901927,-2.9463,12.4206,8.0031,7.4464,7.2049,7.3971,5
2459309.923207,5.7811,5.6713,8.0031,7.4464,7.2049,7.3971,5
2459310.795117,-9.4670,-0.1375,8.0031,7.4464,7.2049,7.3971,5
2459310.812777,7.4106,-0.0435,8.0031,7.4464,7.2049,7.3971,5
2459310.847407,-5.4641,16.4812,8.0031,7.4464,7.2049,7.3971,5
2459310.864617,-6.6625,-3.4846,8.0031,7.4464,7.2049,7.3971,5
2459310.892267,-4.9105,6.9038,8.0031,7.4464,7.2049,7.3971,5
2459310.920287,-11.8650,13.0220,8.0031,7.4464,7.2049,7.3971,5
2459311.752667,-8.0200,21.1636,8.0031,7.4464,7.2049,7.3971,5
2459311.789947,-11.3393,16.4158,8.0031,7.4464,7.2049,7.3971,5
2459311.820907,-1.3959,11.3668,8.0031,7.4464,7.2049,7.3971,5
2459311.837137,-7.8354,-2.2024,8.0031,7.4464,7.2049,7.3971,5
2459311.854127,2.0092,2.1284,8.0031,7.4464,7.2049,7.3971,5
2459311.874147,-8.3174,2.9818,8.0031,7.4464,7.2049,7.3971,5
2459311.897857,-1.3070,5.0090,8.0031,7.4464,7.2049,7.3971,5
2459312.778907,-2.4123,7.3324,8.0031,7.4464,7.2049,7.3971,5
2459312.880017,-1.5500,7.3698,8.0031,7.4464,7.2049,7.3971,5
2459312.897807,5.2553,12.9510,8.0031,7.4464,7.2049,7.3971,5
2459313.769557,3.2127,-1.1112,8.0031,7.4464,7.2049,7.3971,5
2459313.824117,-1.4580,3.3946,8.0031,7.4464,7.2049,7.3971,5
2459313.854937,-6.6288,13.1775,8.0031,7.4464,7.2049,7.3971,5
2459313.872077,-6.0850,2.1403,8.0031,7.4464,7.2049,7.3971,5
2459313.890657,-4.4953,7.8524,8.0031,7.4464,7.2049,7.3971,5
2459313.909517,-10.0044,6.6300,8.0031,7.4464,7.2049,7.3971,5
2459314.860177,-3.7459,0.6166,8.0031,7.4464,7.2049,7.3971,5
2459314.887327,-10.4057,14.9773,8.0031,7.4464,7.2049,7.3971,5
2459314.907327,-3.4732,-4.3089,8.0031,7.4464,7.2049,7.3971,5
2459314.925287,-3.1106,12.4918,8.0031,7.4464,7.2049,7.3971,5
2459315.785207,-5.4128,9.5917,8.0031,7.4464,7.2049,7.3971,5
2459315.802767,3.3527,7.7739,8.0031,7.4464,7.2049,7.3971,5
2459315.820477,2.9628,10.9887,8.0031,7.4464,7.2049,7.3971,5
2459315.840657,-6.1071,8.7052,8.0031,7.4464,7.2049,7.3971,5
2459315.871287,-13.1414,-4.0351,8.0031,7.4464,7.2049,7.3971,5
2459315.890427,-7.8363,-4.4582,8.0031,7.4464,7.2049,7.3971,5
2459315.910997,-7.5993,1.3170,8.0031,7.4464,7.2049,7.3971,5
2459316.792847,-11.7041,14.3654,8.0031,7.4464,7.2049,7.3971,5
2459316.834607,9.1308,10.8792,8.0031,7.4464,7.2049,7.3971,5
2459316.880197,-7.7392,4.2490,8.0031,7.4464,7.2049,7.3971,5
2459316.898567,-10.7401,-1.4744,8.0031,7.4464,7.2049,7.3971,5
2459316.918357,-5.4239,5.7172,8.0031,7.4464,7.2049,7.3971,5
2459317.738007,-15.0855,6.0021,8.0031,7.4464,7.2049,7.3971,5
2459317.825467,8.7332,0.2448,8.0031,7.4464,7.2049,7.3971,5
2459317.842727,6.0601,6.5730,8.0031,7.4464,7.2049,7.3971,5
2459317.894907,-1.4806,-0.7689,8.0031,7.4464,7.2049,7.3971,5
2459318.839837,-2.4685,5.1918,8.0031,7.4464,7.2049,7.3971,5
2459318.868157,-13.7569,10.6181,8.0031,7.4464,7.2049,7.3971,5
2459318.893347,-13.0240,13.3283,8.0031,7.4464,7.2049,7.3971,5
2459319.713417,10.8779,2.2593,8.0031,7.4464,7.2049,7.3971,5
2459319.836987,5.9891,3.7809,8.0031,7.4464,7.2049,7.3971,5
2459319.854477,-3.5352,10.6808,8.0031,7.4464,7.2049,7.3971,5
2459319.887447,-3.5096,-1.3419,8.0031,7.4464,7.2049,7.3971,5
2459319.904637,-11.1466,3.1894,8.0031,7.4464,7.2049,7.3971,5
2459319.921837,-14.1124,12.3203,8.0031,7.4464,7.2049,7.3971,5
2459320.717597,2.7467,1.2040,8.0031,7.4464,7.2049,7.3971,5
2459320.810857,1.1752,-3.4433,8.0031,7.4464,7.2049,7.3971,5
2459320.845787,0.9072,5.9149,8.0031,7.4464,7.2049,7.3971,5
2459320.873847,5.2446,10.5374,8.0031,7.4464,7.2049,7.3971,5
2459320.897587,-0.8915,1.2950,8.0031,7.4464,7.2049,7.3971,5
2459321.714147,-4.1342,10.0190,8.0031,7.4464,7.2049,7.3971,5
2459321.756027,6.3967,14.8103,8.0031,7.4464,7.2049,7.3971,5
2459321.792037,-12.4552,4.3534,8.0031,7.4464,7.2049,7.3971,5
2459321.809277,-3.9914,2.9943,8.0031,7.4464,7.2049,7.3971,5
2459321.843907,-4.1214,9.1617,8.0031,7.4464,7.2049,7.3971,5
2459321.860817,2.3895,9.4475,8.0031,7.4464,7.2049,7.3971,5
2459321.915347,-8.2678,6.9656,8.0031,7.4464,7.2049,7.3971,5
2459322.742917,10.1148,3.6189,8.0031,7.4464,7.2049,7.3971,5
2459322.760767,-1.3835,-2.3461,8.0031,7.4464,7.2049,7.3971,5
2459322.789307,-2.4620,5.5862,8.0031,7.4464,7.2049,7.3971,5
2459322.806837,9.5605,7.8934,8.0031,7.4464,7.2049,7.3971,5
2459322.824767,0.1558,12.9380,8.0031,7.4464,7.2049,7.3971,5
2459322.842067,-2.4361,-7.6558,8.0031,7.4464,7.2049,7.3971,5
2459322.859527,-4.4899,12.1689,8.0031,7.4464,7.2049,7.3971,5
2459322.891647,-11.4046,8.9390,8.0031,7.4464,7.2049,7.3971,5
2459322.894337,-8.4341,1.2473,8.0031,7.4464,7.2049,7.3971,5
2459322.909597,-1.9906,9.0804,8.0031,7.4464,7.2049,7.3971,5
2459322.927037,-1.1461,16.3218,8.0031,7.4464,7.2049,7.3971,5
2459323.779737,10.4959,2.7090,8.0031,7.4464,7.2049,7.3971,5
2459323.804807,5.2961,12.4883,8.0031,7.4464,7.2049,7.3971,5
2459323.821987,5.4247,2.3466,8.0031,7.4464,7.2049,7.3971,5
2459323.842867,3.7296,11.1006,8.0031,7.4464,7.2049,7.3971,5
2459323.860737,1.0930,11.3871,8.0031,7.4464,7.2049,7.3971,5
2459323.899287,-5.6013,9.3358,8.0031,7.4464,7.2049,7.3971,5
2459323.916287,-2.8646,4.3016,8.0031,7.4464,7.2049,7.3971,5
2459323.920427,-6.8366,0.5438,8.0031,7.4464,7.2049,7.3971,5
2459324.707517,6.5628,23.2555,8.0031,7.4464,7.2049,7.3971,5
2459324.854747,-1.2602,1.6488,8.0031,7.4464,7.2049,7.3971,5
2459324.872047,-10.3238,11.4943,8.0031,7.4464,7.2049,7.3971,5
2459324.900097,0.6352,25.5960,8.0031,7.4464,7.2049,7.3971,5
2459324.916637,-10.7843,13.5075,8.0031,7.4464,7.2049,7.3971,5
2459325.873717,10.8588,5.0159,8.0031,7.4464,7.2049,7.3971,5
2459325.897897,-5.1245,-9.4685,8.0031,7.4464,7.2049,7.3971,5
2459325.915717,2.8781,2.8585,8.0031,7.4464,7.2049,7.3971,5
2459326.807247,-1.5746,4.5763,8.0031,7.4464,7.2049,7.3971,5
2459326.824717,2.0353,5.2958,8.0031,7.4464,7.2049,7.3971,5
2459326.877487,-8.3127,13.0938,8.0031,7.4464,7.2049,7.3971,5
2459326.922367,-4.5726,21.7501,8.0031,7.4464,7.2049,7.3971,5
2459327.797457,-1.4146,20.8278,8.0031,7.4464,7.2049,7.3971,5
2459327.815657,0.5307,14.9518,8.0031,7.4464,7.2049,7.3971,5
2459327.833497,10.5233,3.6312,8.0031,7.4464,7.2049,7.3971,5
2459327.918567,1.7196,18.3247,8.0031,7.4464,7.2049,7.3971,5
2459328.778467,-6.1783,11.3659,8.0031,7.4464,7.2049,7.3971,5
2459328.831177,-11.7814,7.5367,8.0031,7.4464,7.2049,7.3971,5
2459328.877627,-4.9731,8.7082,8.0031,7.4464,7.2049,7.3971,5
2459328.898547,-0.3377,22.2367,8.0031,7.4464,7.2049,7.3971,5
2459328.932897,-2.8956,16.3198,8.0031,7.4464,7.2049,7.3971,5
2459329.697757,4.4657,10.1587,8.0031,7.4464,7.2049,7.3971,5
2459329.737657,12.7067,3.7684,8.0031,7.4464,7.2049,7.3971,5
2459329.756817,-15.7609,23.4851,8.0031,7.4464,7.2049,7.3971,5
2459329.808067,-13.2751,18.2628,8.0031,7.4464,7.2049,7.3971,5
2459329.821127,-1.3191,7.2529,8.0031,7.4464,7.2049,7.3971,5
2459329.826197,-5.0764,25.3178,8.0031,7.4464,7.2049,7.3971,5
2459329.840567,5.5253,11.4176,8.0031,7.4464,7.2049,7.3971,5
2459329.862867,-6.1323,-6.6913,8.0031,7.4464,7.2049,7.3971,5
2459329.880127,7.9750,13.9036,8.0031,7.4464,7.2049,7.3971,5
2459329.907517,-8.6749,8.2134,8.0031,7.4464,7.2049,7.3971,5
2459329.924247,-6.0005,6.7931,8.0031,7.4464,7.2049,7.3971,5
2459330.704077,-3.6271,26.0075,8.0031,7.4464,7.2049,7.3971,5
2459330.721897,5.3755,1.1808,8.0031,7.4464,7.2049,7.3971,5
2459330.739497,1.2612,16.7376,8.0031,7.4464,7.2049,7.3971,5
2459330.767347,-3.0773,10.2850,8.0031,7.4464,7.2049,7.3971,5
2459330.791477,10.9131,10.2036,8.0031,7.4464,7.2049,7.3971,5
2459330.808917,-5.2903,-4.3050,8.0031,7.4464,7.2049,7.3971,5
2459330.811617,-9.9092,20.8455,8.0031,7.4464,7.2049,7.3971,5
2459330.829577,13.0075,5.5262,8.0031,7.4464,7.2049,7.3971,5
2459330.849557,0.6420,6.0814,8.0031,7.4464,7.2049,7.3971,5
2459330.882067,-8.8393,17.2495,8.0031,7.4464,7.2049,7.3971,5
2459330.899157,-3.3876,7.4344,8.0031,7.4464,7.2049,7.3971,5
2459330.915847,1.7223,4.4469,8.0031,7.4464,7.2049,7.3971,5
2459331.705587,-4.4911,27.0389,8.0031,7.4464,7.2049,7.3971,5
2459331.748927,-3.8006,8.6311,8.0031,7.4464,7.2049,7.3971,5
2459331.766177,-16.3909,5.4665,8.0031,7.4464,7.2049,7.3971,5
2459331.788077,6.8013,10.1344,8.0031,7.4464,7.2049,7.3971,5
2459331.805337,-7.7123,26.6965,8.0031,7.4464,7.2049,7.3971,5
2459331.823147,-2.2100,18.3892,8.0031,7.4464,7.2049,7.3971,5
2459331.855097,14.2800,2.0401,8.0031,7.4464,7.2049,7.3971,5
2459331.872127,-8.5257,-2.3909,8.0031,7.4464,7.2049,7.3971,5
2459331.891197,-9.7348,9.6659,8.0031,7.4464,7.2049,7.3971,5
2459331.907647,-4.3797,7.2928,8.0031,7.4464,7.2049,7.3971,5
2459331.925797,6.1603,26.4348,8.0031,7.4464,7.2049,7.3971,5
2459332.685687,11.2345,-4.5937,8.0031,7.4464,7.2049,7.3971,5
2459332.731277,-4.3547,-0.2048,8.0031,7.4464,7.2049,7.3971,5
2459332.750907,-12.2637,21.8427,8.0031,7.4464,7.2049,7.3971,5
2459332.786767,-11.2692,11.3832,8.0031,7.4464,7.2049,7.3971,5
2459332.807047,5.0438,8.4817,8.0031,7.4464,7.2049,7.3971,5
2459332.857847,-6.0672,5.8640,8.0031,7.4464,7.2049,7.3971,5
2459332.875347,-4.5971,8.9061,8.0031,7.4464,7.2049,7.3971,5
2459332.895947,-14.7331,4.6458,8.0031,7.4464,7.2049,7.3971,5
2459332.912767,-14.7592,2.7805,8.0031,7.4464,7.2049,7.3971,5
2459333.745607,-13.3363,8.2451,8.0031,7.4464,7.2049,7.3971,5
2459333.782797,-4.0557,7.3040,8.0031,7.4464,7.2049,7.3971,5
2459333.806347,-8.8772,20.8470,8.0031,7.4464,7.2049,7.3971,5
2459333.850887,7.6810,17.6095,8.0031,7.4464,7.2049,7.3971,5
2459335.848677,8.2855,8.5756,8.0031,7.4464,7.2049,7.3971,5
2459336.736247,11.3321,4.5316,8.0031,7.4464,7.2049,7.3971,5
2459336.753637,12.0932,21.1935,8.0031,7.4464,7.2049,7.3971,5
2459336.785537,9.5621,-1.5804,8.0031,7.4464,7.2049,7.3971,5
2459336.805497,9.6712,-0.5591,8.0031,7.4464,7.2049,7.3971,5
2459336.826357,-2.0398,7.6429,8.0031,7.4464,7.2049,7.3971,5
2459336.846607,17.6186,13.7991,8.0031,7.4464,7.2049,7.3971,5
2459336.863137,-4.1901,5.7967,8.0031,7.4464,7.2049,7.3971,5
2459336.879467,-1.9719,11.9881,8.0031,7.4464,7.2049,7.3971,5
2459336.908337,1.5071,20.9685,8.0031,7.4464,7.2049,7.3971,5
2459336.925417,-2.6941,9.8206,8.0031,7.4464,7.2049,7.3971,5
2459337.716487,4.0205,22.2698,8.0031,7.4464,7.2049,7.3971,5
2459337.733647,2.5788,1.0082,8.0031,7.4464,7.2049,7.3971,5
2459337.758507,2.1009,-4.4362,8.0031,7.4464,7.2049,7.3971,5
2459337.792367,17.8761,5.7834,8.0031,7.4464,7.2049,7.3971,5
2459338.743357,15.0112,22.0125,8.0031,7.4464,7.2049,7.3971,5
2459338.791207,-7.0993,21.3060,8.0031,7.4464,7.2049,7.3971,5
2459339.699027,-12.3028,2.1321,8.0031,7.4464,7.2049,7.3971,5
2459339.752447,-6.4337,6.1207,8.0031,7.4464,7.2049,7.3971,5
2459339.802887,1.8497,8.7787,8.0031,7.4464,7.2049,7.3971,5
2459339.843427,19.3863,6.5761,8.0031,7.4464,7.2049,7.3971,5
2459339.865737,12.7609,19.6030,8.0031,7.4464,7.2049,7.3971,5
2459339.882977,7.7346,16.0011,8.0031,7.4464,7.2049,7.3971,5
2459339.899737,-11.0800,-2.2149,8.0031,7.4464,7.2049,7.3971,5
2459340.699787,17.0029,15.1024,8.0031,7.4464,7.2049,7.3971,5
2459340.737637,-7.5427,11.5766,8.0031,7.4464,7.2049,7.3971,5
2459340.877807,-8.1307,4.2248,8.0031,7.4464,7.2049,7.3971,5
2459340.898267,4.8869,9.2821,8.0031,7.4464,7.2049,7.3971,5
2459340.915337,-8.5960,1.7035,8.0031,7.4464,7.2049,7.3971,5
2459340.931797,4.3819,-0.5777,8.0031,7.4464,7.2049,7.3971,5
2459341.754607,15.0598,23.3081,8.0031,7.4464,7.2049,7.3971,5
2459344.806357,7.0887,15.6815,8.0031,7.4464,7.2049,7.3971,5
2459344.914867,10.7086,-1.7119,8.0031,7.4464,7.2049,7.3971,5
2459344.931657,0.8484,15.7062,8.0031,7.4464,7.2049,7.3971,5
2459345.674547,3.4651,10.0201,8.0031,7.4464,7.2049,7.3971,5
2459345.714747,-14.0069,4.5739,8.0031,7.4464,7.2049,7.3971,5
2459345.749277,-10.1709,10.0914,8.0031,7.4464,7.2049,7.3971,5
2459345.797047,5.4324,12.8455,8.0031,7.4464,7.2049,7.3971,5
2459345.819817,-4.7273,1.3115,8.0031,7.4464,7.2049,7.3971,5
2459345.854467,-12.8853,6.2284,8.0031,7.4464,7.2049,7.3971,5
2459345.905997,-6.8244,6.4696,8.0031,7.4464,7.2049,7.3971,5
2459346.806977,7.2961,8.2750,8.0031,7.4464,7.2049,7.3971,5
2459346.823797,-2.2490,0.7895,8.0031,7.4464,7.2049,7.3971,5
2459346.840747,-5.9231,-5.8109,8.0031,7.4464,7.2049,7.3971,5
2459346.860187,-6.7779,2.6043,8.0031,7.4464,7.2049,7.3971,5
2459346.877427,-12.9834,4.8996,8.0031,7.4464,7.2049,7.3971,5
2459346.905817,-15.0615,-0.0268,8.0031,7.4464,7.2049,7.3971,5
2459348.637307,2.6868,-0.5774,8.0031,7.4464,7.2049,7.3971,5
2459348.688327,-10.6023,10.7153,8.0031,7.4464,7.2049,7.3971,5
2459348.743397,-11.0354,3.6625,8.0031,7.4464,7.2049,7.3971,5
2459348.761307,-11.3448,6.8402,8.0031,7.4464,7.2049,7.3971,5
2459348.795457,1.6991,2.5763,8.0031,7.4464,7.2049,7.3971,5
2459348.836587,-10.4734,5.4758,8.0031,7.4464,7.2049,7.3971,5
2459348.907567,10.2803,-4.1045,8.0031,7.4464,7.2049,7.3971,5
2459348.924477,-5.3257,-4.6865,8.0031,7.4464,7.2049,7.3971,5
2459349.677727,9.4600,9.5803,8.0031,7.4464,7.2049,7.3971,5
2459349.708517,-10.0013,16.3424,8.0031,7.4464,7.2049,7.3971,5
2459349.727697,-1.4961,-1.9304,8.0031,7.4464,7.2049,7.3971,5
2459349.746927,-3.0610,11.9291,8.0031,7.4464,7.2049,7.3971,5
2459349.764547,-7.3691,17.4566,8.0031,7.4464,7.2049,7.3971,5
2459349.781977,11.7601,7.7469,8.0031,7.4464,7.2049,7.3971,5
2459349.841427,14.7975,13.0879,8.0031,7.4464,7.2049,7.3971,5
2459350.688957,6.8806,-5.2617,8.0031,7.4464,7.2049,7.3971,5
2459350.734857,6.4692,12.0107,8.0031,7.4464,7.2049,7.3971,5
2459350.751757,0.9145,-2.1644,8.0031,7.4464,7.2049,7.3971,5
2459350.769327,-9.8337,1.9110,8.0031,7.4464,7.2049,7.3971,5
2459350.819487,6.6780,15.4581,8.0031,7.4464,7.2049,7.3971,5
2459350.848217,-13.9469,7.8478,8.0031,7.4464,7.2049,7.3971,5
2459350.865367,-6.2773,-6.8901,8.0031,7.4464,7.2049,7.3971,5
2459351.638987,8.3496,4.3925,8.0031,7.4464,7.2049,7.3971,5
2459351.657117,0.3623,15.9676,8.0031,7.4464,7.2049,7.3971,5
2459351.674367,2.7968,19.0895,8.0031,7.4464,7.2049,7.3971,5
2459351.695727,3.3818,11.2605,8.0031,7.4464,7.2049,7.3971,5
2459351.718187,-11.0724,3.4627,8.0031,7.4464,7.2049,7.3971,5
2459351.745757,12.5652,6.5814,8.0031,7.4464,7.2049,7.3971,5
2459351.763317,-2.2325,2.1444,8.0031,7.4464,7.2049,7.3971,5
2459351.780477,3.9402,9.1548,8.0031,7.4464,7.2049,7.3971,5
2459351.797097,-0.5283,4.7452,8.0031,7.4464,7.2049,7.3971,5
2459351.814217,-6.6164,6.5712,8.0031,7.4464,7.2049,7.3971,5
2459351.832867,-10.9915,1.6598,8.0031,7.4464,7.2049,7.3971,5
2459351.860247,-9.7398,-6.2920,8.0031,7.4464,7.2049,7.3971,5
2459351.877077,-9.9719,2.6946,8.0031,7.4464,7.2049,7.3971,5
2459351.894497,-3.0708,2.9876,8.0031,7.4464,7.2049,7.3971,5
2459351.915147,-3.8472,11.3238,8.0031,7.4464,7.2049,7.3971,5
2459351.932157,-5.4502,9.7088,8.0031,7.4464,7.2049,7.3971,5
2459352.679577,-7.8481,-6.4076,8.0031,7.4464,7.2049,7.3971,5
2459352.698977,13.4343,12.9879,8.0031,7.4464,7.2049,7.3971,5
2459352.717967,10.8658,12.8719,8.0031,7.4464,7.2049,7.3971,5
2459352.749957,-0.0427,5.5661,8.0031,7.4464,7.2049,7.3971,5
2459352.784127,-0.6291,3.5719,8.0031,7.4464,7.2049,7.3971,5
2459352.801167,6.5770,15.0839,8.0031,7.4464,7.2049,7.3971,5
2459352.830757,-6.6642,0.4315,8.0031,7.4464,7.2049,7.3971,5
2459352.859747,-15.2683,7.5758,8.0031,7.4464,7.2049,7.3971,5
2459352.875977,1.0199,-6.2082,8.0031,7.4464,7.2049,7.3971,5
2459352.892427,-6.2625,4.2074,8.0031,7.4464,7.2049,7.3971,5
2459352.908937,1.0698,10.3014,8.0031,7.4464,7.2049,7.3971,5
2459352.930757,5.8334,6.1243,8.0031,7.4464,7.2049,7.3971,5
2459353.717947,13.8902,-8.7142,8.0031,7.4464,7.2049,7.3971,5
2459354.838217,10.1240,11.1416,8.0031,7.4464,7.2049,7.3971,5
2459354.907937,2.1806,-3.4009,8.0031,7.4464,7.2049,7.3971,5
2459354.924627,3.1092,0.6184,8.0031,7.4464,7.2049,7.3971,5
2459356.661557,3.3403,10.8050,8.0031,7.4464,7.2049,7.3971,5
2459356.746137,-3.8862,3.9225,8.0031,7.4464,7.2049,7.3971,5
2459356.763307,-14.6077,-5.5184,8.0031,7.4464,7.2049,7.3971,5
2459356.783357,-9.0018,10.3749,8.0031,7.4464,7.2049,7.3971,5
2459356.828337,-1.0401,-3.6129,8.0031,7.4464,7.2049,7.3971,5
2459356.865387,-2.8127,1.1418,8.0031,7.4464,7.2049,7.3971,5
2459356.883367,4.5691,8.0034,8.0031,7.4464,7.2049,7.3971,5
2459357.617207,5.5150,-0.9736,8.0031,7.4464,7.2049,7.3971,5
2459357.697667,-3.3198,-6.5681,8.0031,7.4464,7.2049,7.3971,5
2459357.717467,-5.2617,-4.5188,8.0031,7.4464,7.2049,7.3971,5
2459357.736827,-3.9481,14.9763,8.0031,7.4464,7.2049,7.3971,5
2459357.753957,-11.1153,5.8717,8.0031,7.4464,7.2049,7.3971,5
2459357.783217,0.4339,4.2373,8.0031,7.4464,7.2049,7.3971,5
2459357.805287,-7.4800,0.5753,8.0031,7.4464,7.2049,7.3971,5
2459357.832607,-2.8816,6.8656,8.0031,7.4464,7.2049,7.3971,5
2459357.851807,-9.1505,3.2216,8.0031,7.4464,7.2049,7.3971,5
2459357.894017,-11.1244,13.0951,8.0031,7.4464,7.2049,7.3971,5
2459358.617257,-3.0297,-9.1905,8.0031,7.4464,7.2049,7.3971,5
2459358.696117,3.5580,-5.0096,8.0031,7.4464,7.2049,7.3971,5
2459358.722037,8.3681,2.9023,8.0031,7.4464,7.2049,7.3971,5
2459358.749727,-2.9821,4.6522,8.0031,7.4464,7.2049,7.3971,5
2459358.766767,-2.0675,-4.8817,8.0031,7.4464,7.2049,7.3971,5
2459358.783837,1.5836,5.2852,8.0031,7.4464,7.2049,7.3971,5
2459358.809687,6.2102,1.8901,8.0031,7.4464,7.2049,7.3971,5
2459358.819387,3.3121,13.6785,8.0031,7.4464,7.2049,7.3971,5
2459358.896847,-14.0934,-3.5639,8.0031,7.4464,7.2049,7.3971,5
2459358.913707,-5.2287,8.4513,8.0031,7.4464,7.2049,7.3971,5
2459358.930577,-3.7952,3.5662,8.0031,7.4464,7.2049,7.3971,5
2459359.633567,10.4906,-6.4377,8.0031,7.4464,7.2049,7.3971,5
2459359.652787,5.9921,8.8321,8.0031,7.4464,7.2049,7.3971,5
2459359.670447,-1.5287,2.8733,8.0031,7.4464,7.2049,7.3971,5
2459359.688097,3.9220,2.9555,8.0031,7.4464,7.2049,7.3971,5
2459359.708367,8.7319,-0.9450,8.0031,7.4464,7.2049,7.3971,5
2459359.736897,4.7577,11.7482,8.0031,7.4464,7.2049,7.3971,5
2459359.745157,-0.5278,3.0023,8.0031,7.4464,7.2049,7.3971,5
2459359.774537,4.7678,13.7519,8.0031,7.4464,7.2049,7.3971,5
2459359.796747,-7.0909,10.4291,8.0031,7.4464,7.2049,7.3971,5
2459359.813537,-8.9282,3.4983,8.0031,7.4464,7.2049,7.3971,5
2459359.841167,-3.9755,3.3862,8.0031,7.4464,7.2049,7.3971,5
2459359.857877,5.0512,3.4859,8.0031,7.4464,7.2049,7.3971,5
2459359.875367,-3.1328,-6.0119,8.0031,7.4464,7.2049,7.3971,5
2459359.911617,-5.2158,3.4755,8.0031,7.4464,7.2049,7.3971,5
2459359.928787,-14.9310,-5.3027,8.0031,7.4464,7.2049,7.3971,5
2459360.611937,12.5104,-2.3434,8.0031,7.4464,7.2049,7.3971,5
2459360.629717,-6.2503,-2.1711,8.0031,7.4464,7.2049,7.3971,5
2459360.667697,0.4871,8.3095,8.0031,7.4464,7.2049,7.3971,5
2459360.712627,3.3762,14.9067,8.0031,7.4464,7.2049,7.3971,5
2459360.731257,-1.7514,13.8194,8.0031,7.4464,7.2049,7.3971,5
2459360.750347,0.6885,12.8457,8.0031,7.4464,7.2049,7.3971,5
2459360.770687,-0.6293,9.5680,8.0031,7.4464,7.2049,7.3971,5
2459360.816947,-1.1927,13.8944,8.0031,7.4464,7.2049,7.3971,5
2459360.833647,2.7360,6.4108,8.0031,7.4464,7.2049,7.3971,5
2459360.850627,-1.0483,7.8019,8.0031,7.4464,7.2049,7.3971,5
2459360.884607,7.8795,2.4543,8.0031,7.4464,7.2049,7.3971,5
2459360.911997,4.7219,-3.4514,8.0031,7.4464,7.2049,7.3971,5
2459364.661267,3.0873,-1.4307,8.0031,7.4464,7.2049,7.3971,5
2459364.697487,-6.3385,4.8372,8.0031,7.4464,7.2049,7.3971,5
2459364.714557,-8.0032,0.3274,8.0031,7.4464,7.2049,7.3971,5
2459364.731977,7.2773,7.3512,8.0031,7.4464,7.2049,7.3971,5
2459364.901037,8.7048,6.9082,8.0031,7.4464,7.2049,7.3971,5
2459364.914817,-7.6113,2.8329,8.0031,7.4464,7.2049,7.3971,5
2459365.606077,3.1603,2.9233,8.0031,7.4464,7.2049,7.3971,5
2459365.623487,10.8848,-0.7980,8.0031,7.4464,7.2049,7.3971,5
2459365.663107,-2.8797,-5.9970,8.0031,7.4464,7.2049,7.3971,5
2459365.704847,5.0300,0.9908,8.0031,7.4464,7.2049,7.3971,5
2459365.721997,6.4547,10.7026,8.0031,7.4464,7.2049,7.3971,5
2459365.740587,-10.0848,0.4897,8.0031,7.4464,7.2049,7.3971,5
2459365.761097,-5.2116,4.7654,8.0031,7.4464,7.2049,7.3971,5
2459365.778797,-8.9213,10.1769,8.0031,7.4464,7.2049,7.3971,5
2459365.796437,2.8193,4.1459,8.0031,7.4464,7.2049,7.3971,5
2459365.823657,-3.7788,-3.3475,8.0031,7.4464,7.2049,7.3971,5
2459365.840417,-0.9708,-4.4230,8.0031,7.4464,7.2049,7.3971,5
2459365.857717,-1.2469,7.3397,8.0031,7.4464,7.2049,7.3971,5
2459365.893217,-2.7852,8.5226,8.0031,7.4464,7.2049,7.3971,5
2459366.594587,-2.6323,-8.5727,8.0031,7.4464,7.2049,7.3971,5
2459366.612247,0.0200,3.7920,8.0031,7.4464,7.2049,7.3971,5
2459366.630087,5.4148,-0.8733,8.0031,7.4464,7.2049,7.3971,5
2459366.647647,2.8852,-3.6541,8.0031,7.4464,7.2049,7.3971,5
2459366.696537,-1.6075,-5.5278,8.0031,7.4464,7.2049,7.3971,5
2459366.713247,1.0306,-6.8154,8.0031,7.4464,7.2049,7.3971,5
2459366.730337,1.9796,3.5417,8.0031,7.4464,7.2049,7.3971,5
2459366.769077,-6.4938,3.0120,8.0031,7.4464,7.2049,7.3971,5
2459366.796427,6.7553,8.5718,8.0031,7.4464,7.2049,7.3971,5
2459366.813277,0.1073,-1.5462,8.0031,7.4464,7.2049,7.3971,5
2459366.830067,7.1046,4.6899,8.0031,7.4464,7.2049,7.3971,5
2459366.847427,3.4639,9.2470,8.0031,7.4464,7.2049,7.3971,5
2459366.865467,-6.0158,6.9981,8.0031,7.4464,7.2049,7.3971,5
2459366.884557,1.0883,5.8107,8.0031,7.4464,7.2049,7.3971,5
2459367.620987,-13.6625,-2.5960,8.0031,7.4464,7.2049,7.3971,5
2459367.705837,-3.8569,-9.7121,8.0031,7.4464,7.2049,7.3971,5
2459367.724787,-13.9799,-2.5800,8.0031,7.4464,7.2049,7.3971,5
2459367.744667,-1.8400,6.5727,8.0031,7.4464,7.2049,7.3971,5
2459367.764367,-10.9792,3.9768,8.0031,7.4464,7.2049,7.3971,5
2459367.792787,5.6516,-4.9537,8.0031,7.4464,7.2049,7.3971,5
2459367.810657,-7.6898,-0.0661,8.0031,7.4464,7.2049,7.3971,5
2459367.844587,-8.7972,10.0660,8.0031,7.4464,7.2049,7.3971,5
2459367.861547,-6.5607,10.7970,8.0031,7.4464,7.2049,7.3971,5
2459367.888817,1.5512,7.3934,8.0031,7.4464,7.2049,7.3971,5
2459367.905827,-9.0237,-9.8185,8.0031,7.4464,7.2049,7.3971,5
2459368.623347,-4.4168,-9.5806,8.0031,7.4464,7.2049,7.3971,5
2459368.626227,-2.7784,2.0296,8.0031,7.4464,7.2049,7.3971,5
2459368.643967,-6.7575,1.8225,8.0031,7.4464,7.2049,7.3971,5
2459368.673797,-6.2578,-0.2879,8.0031,7.4464,7.2049,7.3971,5
2459368.690947,1.9947,1.5122,8.0031,7.4464,7.2049,7.3971,5
2459368.708187,-10.3632,-1.4072,8.0031,7.4464,7.2049,7.3971,5
2459368.780307,-1.9397,5.5689,8.0031,7.4464,7.2049,7.3971,5
2459368.803007,-8.3252,-5.9231,8.0031,7.4464,7.2049,7.3971,5
2459368.819297,-1.5144,9.0372,8.0031,7.4464,7.2049,7.3971,5
2459368.836177,-3.5370,5.1180,8.0031,7.4464,7.2049,7.3971,5
2459368.882467,-8.8239,4.3513,8.0031,7.4464,7.2049,7.3971,5
2459369.605477,4.9370,-4.1112,8.0031,7.4464,7.2049,7.3971,5
2459369.623387,3.3270,-2.1116,8.0031,7.4464,7.2049,7.3971,5
2459369.669397,-5.2019,-8.5461,8.0031,7.4464,7.2049,7.3971,5
2459369.686607,-10.2036,-0.5459,8.0031,7.4464,7.2049,7.3971,5
2459369.703787,-6.7547,-1.2813,8.0031,7.4464,7.2049,7.3971,5
2459369.721427,-0.9763,8.8651,8.0031,7.4464,7.2049,7.3971,5
2459369.745407,-8.8129,-7.4490,8.0031,7.4464,7.2049,7.3971,5
2459369.775857,10.2581,-3.2092,8.0031,7.4464,7.2049,7.3971,5
2459369.794407,6.6444,2.6723,8.0031,7.4464,7.2049,7.3971,5
2459369.812137,-3.5096,14.2720,8.0031,7.4464,7.2049,7.3971,5
2459369.829217,0.9337,4.2787,8.0031,7.4464,7.2049,7.3971,5
2459369.847927,-11.1489,6.1581,8.0031,7.4464,7.2049,7.3971,5
2459369.880897,-0.1396,4.9719,8.0031,7.4464,7.2049,7.3971,5
2459369.898157,3.2598,5.5623,8.0031,7.4464,7.2049,7.3971,5
2459370.687897,3.0223,10.0039,8.0031,7.4464,7.2049,7.3971,5
2459370.739667,1.8048,6.7206,8.0031,7.4464,7.2049,7.3971,5
2459370.741057,-7.8839,0.3392,8.0031,7.4464,7.2049,7.3971,5
2459370.780347,-8.6998,14.8514,8.0031,7.4464,7.2049,7.3971,5
2459370.797017,-14.3883,12.1952,8.0031,7.4464,7.2049,7.3971,5
2459370.813927,-9.2475,-4.6781,8.0031,7.4464,7.2049,7.3971,5
2459370.832987,-6.7134,-5.6043,8.0031,7.4464,7.2049,7.3971,5
2459370.860677,2.5286,-2.6637,8.0031,7.4464,7.2049,7.3971,5
2459371.590647,-7.6435,6.5544,8.0031,7.4464,7.2049,7.3971,5
2459371.608177,10.4802,12.9100,8.0031,7.4464,7.2049,7.3971,5
2459371.626087,-7.6369,3.8102,8.0031,7.4464,7.2049,7.3971,5
2459371.800837,3.9346,7.0040,8.0031,7.4464,7.2049,7.3971,5
2459371.817777,-9.3108,-5.4393,8.0031,7.4464,7.2049,7.3971,5
2459371.820767,6.2726,1.3486,8.0031,7.4464,7.2049,7.3971,5
2459371.836197,-4.3834,-0.7370,8.0031,7.4464,7.2049,7.3971,5
2459371.853217,0.0123,-7.7322,8.0031,7.4464,7.2049,7.3971,5
2459371.896807,-5.2799,0.1529,8.0031,7.4464,7.2049,7.3971,5
2459373.677247,-2.0020,4.6280,8.0031,7.4464,7.2049,7.3971,5
2459373.696087,-2.5343,8.4065,8.0031,7.4464,7.2049,7.3971,5
2459373.700457,-6.5201,10.2704,8.0031,7.4464,7.2049,7.3971,5
2459373.717757,2.8139,-2.4552,8.0031,7.4464,7.2049,7.3971,5
2459373.738897,-3.8708,-5.6826,8.0031,7.4464,7.2049,7.3971,5
2459373.756137,-1.5007,-6.1726,8.0031,7.4464,7.2049,7.3971,5
2459373.787587,5.2493,-10.3248,8.0031,7.4464,7.2049,7.3971,5
2459373.806127,-13.3154,-2.0157,8.0031,7.4464,7.2049,7.3971,5
2459373.841047,4.6758,-10.1596,8.0031,7.4464,7.2049,7.3971,5
2459373.857907,-4.5747,-9.4171,8.0031,7.4464,7.2049,7.3971,5
2459374.619347,6.0747,7.2713,8.0031,7.4464,7.2049,7.3971,5
2459374.669047,-5.3295,-9.0844,8.0031,7.4464,7.2049,7.3971,5
2459374.705717,-3.2074,8.6521,8.0031,7.4464,7.2049,7.3971,5
2459374.745007,1.3987,13.9184,8.0031,7.4464,7.2049,7.3971,5
2459374.793897,1.1075,10.1812,8.0031,7.4464,7.2049,7.3971,5
2459374.811287,-5.4112,11.3908,8.0031,7.4464,7.2049,7.3971,5
2459374.827517,-2.8023,0.2515,8.0031,7.4464,7.2049,7.3971,5
2459375.703987,-5.8178,-2.4030,8.0031,7.4464,7.2049,7.3971,5
2459375.720737,-5.4708,7.5354,8.0031,7.4464,7.2049,7.3971,5
2459375.749527,-13.4217,3.5644,8.0031,7.4464,7.2049,7.3971,5
2459375.771767,-2.3515,0.1834,8.0031,7.4464,7.2049,7.3971,5
2459375.788327,-4.8069,-10.3709,8.0031,7.4464,7.2049,7.3971,5
2459375.879247,1.1490,4.7157,8.0031,7.4464,7.2049,7.3971,5
2459376.609777,3.3670,-9.2942,8.0031,7.4464,7.2049,7.3971,5
2459376.627117,13.1761,1.4762,8.0031,7.4464,7.2049,7.3971,5
2459376.656377,-12.5246,0.1899,8.0031,7.4464,7.2049,7.3971,5
2459376.691777,-1.8933,10.5363,8.0031,7.4464,7.2049,7.3971,5
2459376.718857,-13.4682,0.1907,8.0031,7.4464,7.2049,7.3971,5
2459376.735727,-2.3703,-5.7073,8.0031,7.4464,7.2049,7.3971,5
2459376.763297,-11.4712,6.5539,8.0031,7.4464,7.2049,7.3971,5
2459376.780467,-8.6977,2.1753,8.0031,7.4464,7.2049,7.3971,5
2459376.831197,-2.4740,-0.5170,8.0031,7.4464,7.2049,7.3971,5
2459376.862737,8.0748,9.3799,8.0031,7.4464,7.2049,7.3971,5
2459377.564827,13.0720,-5.2158,8.0031,7.4464,7.2049,7.3971,5
2459377.600257,0.1913,8.5924,8.0031,7.4464,7.2049,7.3971,5
2459377.617467,3.1226,8.4126,8.0031,7.4464,7.2049,7.3971,5
2459377.667577,-0.2333,-3.7862,8.0031,7.4464,7.2049,7.3971,5
2459377.688887,1.7998,7.4224,8.0031,7.4464,7.2049,7.3971,5
2459377.707567,-5.8520,-2.1817,8.0031,7.4464,7.2049,7.3971,5
2459377.724447,5.3631,-8.9666,8.0031,7.4464,7.2049,7.3971,5
2459377.762577,-5.7982,9.8696,8.0031,7.4464,7.2049,7.3971,5
2459377.780217,-9.2506,-0.0045,8.0031,7.4464,7.2049,7.3971,5
2459377.797067,-4.2247,-2.5044,8.0031,7.4464,7.2049,7.3971,5
2459377.813777,-6.3327,-1.8656,8.0031,7.4464,7.2049,7.3971,5
2459377.830457,-13.8124,1.5913,8.0031,7.4464,7.2049,7.3971,5
2459377.878877,-0.9520,-3.1881,8.0031,7.4464,7.2049,7.3971,5
2459378.614407,-9.5346,-2.4822,8.0031,7.4464,7.2049,7.3971,5
2459378.643877,-1.1050,3.2532,8.0031,7.4464,7.2049,7.3971,5
2459378.661257,2.0124,8.2493,8.0031,7.4464,7.2049,7.3971,5
2459378.678407,2.9597,-3.2729,8.0031,7.4464,7.2049,7.3971,5
2459378.695767,-7.2632,0.8713,8.0031,7.4464,7.2049,7.3971,5
2459378.712757,-3.2347,-0.2445,8.0031,7.4464,7.2049,7.3971,5
2459378.740167,-0.8454,-7.7146,8.0031,7.4464,7.2049,7.3971,5
2459378.756877,0.0623,2.0283,8.0031,7.4464,7.2049,7.3971,5
2459378.773707,-5.0158,-3.9897,8.0031,7.4464,7.2049,7.3971,5
2459378.834427,-5.8912,2.9284,8.0031,7.4464,7.2049,7.3971,5
2459378.851477,-11.6512,-3.4054,8.0031,7.4464,7.2049,7.3971,5
2459379.616257,6.0560,-6.5415,8.0031,7.4464,7.2049,7.3971,5
2459379.633847,-0.2701,1.5224,8.0031,7.4464,7.2049,7.3971,5
2459379.651497,-5.5289,6.0107,8.0031,7.4464,7.2049,7.3971,5
2459379.686367,-6.5955,4.7993,8.0031,7.4464,7.2049,7.3971,5
2459379.715257,-1.3870,1.9363,8.0031,7.4464,7.2049,7.3971,5
2459379.733737,2.3879,-4.4949,8.0031,7.4464,7.2049,7.3971,5
2459379.750797,-10.3457,-6.9808,8.0031,7.4464,7.2049,7.3971,5
2459379.767727,-5.9528,-1.7639,8.0031,7.4464,7.2049,7.3971,5
2459379.784357,-9.9654,6.4895,8.0031,7.4464,7.2049,7.3971,5
2459379.811467,0.4028,-4.0860,8.0031,7.4464,7.2049,7.3971,5
2459379.831367,0.2064,7.2766,8.0031,7.4464,7.2049,7.3971,5
2459379.850217,10.7837,0.3490,8.0031,7.4464,7.2049,7.3971,5
2459380.696167,-9.1892,0.3749,8.0031,7.4464,7.2049,7.3971,5
2459380.712797,-4.7766,9.0662,8.0031,7.4464,7.2049,7.3971,5
2459380.730687,-13.0834,5.8735,8.0031,7.4464,7.2049,7.3971,5
2459380.770167,-11.2507,-8.9933,8.0031,7.4464,7.2049,7.3971,5
2459381.834667,4.3874,6.6806,8.0031,7.4464,7.2049,7.3971,5
2459382.598167,12.7906,-4.3018,8.0031,7.4464,7.2049,7.3971,5
2459382.684477,-1.3344,11.6539,8.0031,7.4464,7.2049,7.3971,5
2459382.729387,7.2749,10.6098,8.0031,7.4464,7.2049,7.3971,5
2459382.748627,-11.8546,-10.9347,8.0031,7.4464,7.2049,7.3971,5
2459382.765557,8.0176,12.1877,8.0031,7.4464,7.2049,7.3971,5
2459383.661927,-1.3749,3.5213,8.0031,7.4464,7.2049,7.3971,5
2459383.726017,-1.1255,1.5477,8.0031,7.4464,7.2049,7.3971,5
2459383.729867,-12.5298,7.5186,8.0031,7.4464,7.2049,7.3971,5
2459383.771267,10.0692,11.4819,8.0031,7.4464,7.2049,7.3971,5
2459384.638027,-7.0628,15.0056,8.0031,7.4464,7.2049,7.3971,5
2459384.658687,-4.1299,-4.6232,8.0031,7.4464,7.2049,7.3971,5
2459384.700557,3.4795,1.0300,8.0031,7.4464,7.2049,7.3971,5
2459384.717507,4.1289,10.1018,8.0031,7.4464,7.2049,7.3971,5
2459384.737367,-7.0601,-2.2359,8.0031,7.4464,7.2049,7.3971,5
2459384.771677,-7.9153,-1.4706,8.0031,7.4464,7.2049,7.3971,5
2459384.799147,-14.5210,5.7382,8.0031,7.4464,7.2049,7.3971,5
2459384.817057,-12.6138,3.3688,8.0031,7.4464,7.2049,7.3971,5
2459385.629647,3.8956,11.5672,8.0031,7.4464,7.2049,7.3971,5
2459385.674337,-3.4599,4.7426,8.0031,7.4464,7.2049,7.3971,5
2459385.786777,5.6736,-1.0553,8.0031,7.4464,7.2049,7.3971,5
2459385.808307,-1.1344,5.1178,8.0031,7.4464,7.2049,7.3971,5
2459385.826537,1.2253,2.4395,8.0031,7.4464,7.2049,7.3971,5
2459386.552347,2.4011,16.1846,8.0031,7.4464,7.2049,7.3971,5
2459386.604687,7.9460,15.7587,8.0031,7.4464,7.2049,7.3971,5
2459386.655097,-13.6670,7.8446,8.0031,7.4464,7.2049,7.3971,5
2459386.672537,2.4503,-0.2074,8.0031,7.4464,7.2049,7.3971,5
2459386.689907,3.5635,0.6642,8.0031,7.4464,7.2049,7.3971,5
2459386.706647,4.8805,8.4036,8.0031,7.4464,7.2049,7.3971,5
2459386.723997,-0.7218,2.2375,8.0031,7.4464,7.2049,7.3971,5
2459386.750837,-3.8947,-1.4281,8.0031,7.4464,7.2049,7.3971,5
2459386.767667,-3.2798,13.9507,8.0031,7.4464,7.2049,7.3971,5
2459386.802357,-4.9420,-0.2114,8.0031,7.4464,7.2049,7.3971,5
2459386.819377,-15.5038,2.9820,8.0031,7.4464,7.2049,7.3971,5
2459386.847687,-10.8144,-3.9430,8.0031,7.4464,7.2049,7.3971,5
2459387.596237,4.5332,-11.8363,8.0031,7.4464,7.2049,7.3971,5
2459387.614697,0.6908,4.5676,8.0031,7.4464,7.2049,7.3971,5
2459387.648167,4.2212,4.1792,8.0031,7.4464,7.2049,7.3971,5
2459387.667907,6.0652,-4.5138,8.0031,7.4464,7.2049,7.3971,5
2459387.686007,-4.7269,-6.8618,8.0031,7.4464,7.2049,7.3971,5
2459387.703967,-0.0456,2.0850,8.0031,7.4464,7.2049,7.3971,5
2459387.736717,1.9107,12.4176,8.0031,7.4464,7.2049,7.3971,5
2459387.774447,-0.9132,3.6304,8.0031,7.4464,7.2049,7.3971,5
2459387.838637,8.0993,-1.4120,8.0031,7.4464,7.2049,7.3971,5
2459388.667847,0.6382,16.1309,8.0031,7.4464,7.2049,7.3971,5
2459392.543127,11.2075,-10.2590,8.0031,7.4464,7.2049,7.3971,5
2459392.650497,3.2111,6.6161,8.0031,7.4464,7.2049,7.3971,5
2459392.707757,-4.5680,11.1154,8.0031,7.4464,7.2049,7.3971,5
2459392.726977,-0.9181,-6.8603,8.0031,7.4464,7.2049,7.3971,5
2459392.754477,9.7807,-7.4846,8.0031,7.4464,7.2049,7.3971,5
2459392.795817,4.8384,0.8680,8.0031,7.4464,7.2049,7.3971,5
2459392.832017,13.8483,6.8913,8.0031,7.4464,7.2049,7.3971,5
2459393.512957,3.0330,10.1686,8.0031,7.4464,7.2049,7.3971,5
2459393.541597,13.9813,-6.8873,8.0031,7.4464,7.2049,7.3971,5
2459393.578207,-2.5515,-5.9039,8.0031,7.4464,7.2049,7.3971,5
2459393.595527,-6.5402,-8.5306,8.0031,7.4464,7.2049,7.3971,5
2459393.640387,-8.5579,-9.2893,8.0031,7.4464,7.2049,7.3971,5
2459393.657667,-3.4684,2.4081,8.0031,7.4464,7.2049,7.3971,5
2459393.675627,1.9496,0.1058,8.0031,7.4464,7.2049,7.3971,5
2459393.695447,-8.7763,10.6809,8.0031,7.4464,7.2049,7.3971,5
2459393.741247,-2.3986,-4.1648,8.0031,7.4464,7.2049,7.3971,5
2459393.759297,9.3666,1.5664,8.0031,7.4464,7.2049,7.3971,5
2459393.776527,-8.1988,-2.3213,8.0031,7.4464,7.2049,7.3971,5
2459393.793367,2.7296,3.0691,8.0031,7.4464,7.2049,7.3971,5
2459393.810017,-4.5920,2.2030,8.0031,7.4464,7.2049,7.3971,5
2459393.837457,-7.6253,4.7865,8.0031,7.4464,7.2049,7.3971,5
2459394.506537,-3.0450,-4.6136,8.0031,7.4464,7.2049,7.3971,5
2459394.565597,-11.5540,-10.1689,8.0031,7.4464,7.2049,7.3971,5
2459394.583167,13.2433,-1.5537,8.0031,7.4464,7.2049,7.3971,5
2459394.615447,9.9020,1.0381,8.0031,7.4464,7.2049,7.3971,5
2459394.632787,-12.0614,8.2485,8.0031,7.4464,7.2049,7.3971,5
2459394.654587,0.5436,-11.0943,8.0031,7.4464,7.2049,7.3971,5
2459394.673837,-2.4641,-1.4760,8.0031,7.4464,7.2049,7.3971,5
2459394.695687,-7.5530,0.8831,8.0031,7.4464,7.2049,7.3971,5
2459394.723177,-10.8531,-1.2843,8.0031,7.4464,7.2049,7.3971,5
2459394.766867,-0.2229,-1.5793,8.0031,7.4464,7.2049,7.3971,5
2459394.783227,2.6590,10.0873,8.0031,7.4464,7.2049,7.3971,5
2459394.800177,-14.4581,-11.1003,8.0031,7.4464,7.2049,7.3971,5
2459394.829257,3.7041,0.3377,8.0031,7.4464,7.2049,7.3971,5
2459395.535427,16.5531,-11.7084,8.0031,7.4464,7.2049,7.3971,5
2459395.553067,11.6712,-1.3844,8.0031,7.4464,7.2049,7.3971,5
2459395.598577,3.2584,-0.0012,8.0031,7.4464,7.2049,7.3971,5
2459395.619427,7.3683,6.8581,8.0031,7.4464,7.2049,7.3971,5
2459395.638057,-7.0375,10.0203,8.0031,7.4464,7.2049,7.3971,5
2459395.676737,-5.1843,0.8651,8.0031,7.4464,7.2049,7.3971,5
2459395.704647,-9.9195,3.2229,8.0031,7.4464,7.2049,7.3971,5
2459395.721507,-10.2514,2.4691,8.0031,7.4464,7.2049,7.3971,5
2459395.738147,-0.8398,8.7502,8.0031,7.4464,7.2049,7.3971,5
2459395.755137,7.8489,-3.2433,8.0031,7.4464,7.2049,7.3971,5
2459395.773497,6.1919,15.8946,8.0031,7.4464,7.2049,7.3971,5
2459395.817457,5.8972,8.5518,8.0031,7.4464,7.2049,7.3971,5
2459396.545337,13.6834,4.7345,8.0031,7.4464,7.2049,7.3971,5
2459396.563037,3.5337,9.3479,8.0031,7.4464,7.2049,7.3971,5
2459396.580537,5.0342,14.9979,8.0031,7.4464,7.2049,7.3971,5
2459396.604417,10.6822,0.6583,8.0031,7.4464,7.2049,7.3971,5
2459396.625267,-4.7791,-7.2819,8.0031,7.4464,7.2049,7.3971,5
2459396.652977,1.3912,6.0906,8.0031,7.4464,7.2049,7.3971,5
2459396.710037,0.4193,-6.4904,8.0031,7.4464,7.2049,7.3971,5
2459396.712737,-7.0508,1.8986,8.0031,7.4464,7.2049,7.3971,5
2459396.728467,-3.4593,5.1301,8.0031,7.4464,7.2049,7.3971,5
2459396.746747,-3.5263,1.9212,8.0031,7.4464,7.2049,7.3971,5
2459396.777207,3.5524,6.2362,8.0031,7.4464,7.2049,7.3971,5
2459396.797307,10.0046,4.7719,8.0031,7.4464,7.2049,7.3971,5
2459396.814387,-3.7003,6.8671,8.0031,7.4464,7.2049,7.3971,5
2459397.554317,15.8712,0.9430,8.0031,7.4464,7.2049,7.3971,5
2459397.589467,-7.6003,-5.2050,8.0031,7.4464,7.2049,7.3971,5
2459397.617997,2.9035,-3.2946,8.0031,7.4464,7.2049,7.3971,5
2459397.646167,7.7766,8.6491,8.0031,7.4464,7.2049,7.3971,5
2459397.665537,0.2459,-0.4235,8.0031,7.4464,7.2049,7.3971,5
2459397.684737,-6.2045,-0.6679,8.0031,7.4464,7.2049,7.3971,5
2459397.720747,-6.3427,-7.0684,8.0031,7.4464,7.2049,7.3971,5
2459397.749817,-6.9525,-9.1366,8.0031,7.4464,7.2049,7.3971,5
2459397.782977,-15.5863,-7.1905,8.0031,7.4464,7.2049,7.3971,5
2459397.803997,-0.2413,-4.1765,8.0031,7.4464,7.2049,7.3971,5
2459397.819687,-3.4590,-8.9395,8.0031,7.4464,7.2049,7.3971,5
2459398.742637,15.6381,-12.2675,8.0031,7.4464,7.2049,7.3971,5
2459399.546747,11.6557,13.1359,8.0031,7.4464,7.2049,7.3971,5
2459399.599567,-2.5691,1.1581,8.0031,7.4464,7.2049,7.3971,5
2459399.620457,0.5094,12.5457,8.0031,7.4464,7.2049,7.3971,5
2459399.664547,-3.6862,6.0888,8.0031,7.4464,7.2049,7.3971,5
2459399.665897,4.7162,1.8558,8.0031,7.4464,7.2049,7.3971,5
2459399.687527,4.6906,9.3619,8.0031,7.4464,7.2049,7.3971,5
2459399.731417,13.8308,5.9906,8.0031,7.4464,7.2049,7.3971,5
2459399.748477,9.9696,1.6446,8.0031,7.4464,7.2049,7.3971,5
2459399.782447,12.0140,3.6607,8.0031,7.4464,7.2049,7.3971,5
2459399.815057,4.0921,-1.0051,8.0031,7.4464,7.2049,7.3971,5
2459400.559627,11.2493,-11.1205,8.0031,7.4464,7.2049,7.3971,5
2459400.587237,-6.2405,1.6106,8.0031,7.4464,7.2049,7.3971,5
2459400.604457,-10.3213,-0.6055,8.0031,7.4464,7.2049,7.3971,5
2459400.624357,1.6673,-0.9239,8.0031,7.4464,7.2049,7.3971,5
2459400.669137,-5.0731,-10.8337,8.0031,7.4464,7.2049,7.3971,5
2459400.713547,2.1613,4.4628,8.0031,7.4464,7.2049,7.3971,5
2459400.730337,2.6079,8.8814,8.0031,7.4464,7.2049,7.3971,5
2459400.764747,14.0200,-6.2023,8.0031,7.4464,7.2049,7.3971,5
2459401.512407,5.0901,-7.7709,8.0031,7.4464,7.2049,7.3971,5
2459401.530007,-5.4796,-1.9458,8.0031,7.4464,7.2049,7.3971,5
2459401.593777,0.5226,-8.2670,8.0031,7.4464,7.2049,7.3971,5
2459401.647777,-5.1215,-3.1585,8.0031,7.4464,7.2049,7.3971,5
2459401.677097,-10.9340,3.2521,8.0031,7.4464,7.2049,7.3971,5
2459401.694517,-13.9446,-10.2206,8.0031,7.4464,7.2049,7.3971,5
2459401.712637,-15.0704,4.0847,8.0031,7.4464,7.2049,7.3971,5
2459401.729627,-10.0349,-8.9925,8.0031,7.4464,7.2049,7.3971,5
2459401.746507,9.2813,-5.7169,8.0031,7.4464,7.2049,7.3971,5
2459401.790817,1.1261,-8.8101,8.0031,7.4464,7.2049,7.3971,5
2459401.807467,-9.6441,1.3041,8.0031,7.4464,7.2049,7.3971,5
2459402.650097,7.9315,3.0617,8.0031,7.4464,7.2049,7.3971,5
2459402.746337,-11.7764,-3.0571,8.0031,7.4464,7.2049,7.3971,5
2459402.810287,4.1849,9.3282,8.0031,7.4464,7.2049,7.3971,5
2459403.509097,4.3724,1.6490,8.0031,7.4464,7.2049,7.3971,5
2459403.556737,3.7498,-1.6964,8.0031,7.4464,7.2049,7.3971,5
2459403.574317,-7.1440,-4.1178,8.0031,7.4464,7.2049,7.3971,5
2459403.591797,-10.3330,8.4622,8.0031,7.4464,7.2049,7.3971,5
2459403.637057,-11.5293,-1.4149,8.0031,7.4464,7.2049,7.3971,5
2459403.720057,-6.9320,-1.1068,8.0031,7.4464,7.2049,7.3971,5
2459403.740467,-3.3421,8.0390,8.0031,7.4464,7.2049,7.3971,5
2459403.774167,-11.3174,-12.3446,8.0031,7.4464,7.2049,7.3971,5
2459403.790647,-10.6282,5.2556,8.0031,7.4464,7.2049,7.3971,5
2459404.549367,9.0721,5.7388,8.0031,7.4464,7.2049,7.3971,5
2459404.611407,0.5223,8.9745,8.0031,7.4464,7.2049,7.3971,5
2459404.628527,-6.9134,-4.8953,8.0031,7.4464,7.2049,7.3971,5
2459404.645447,-5.5081,-8.4235,8.0031,7.4464,7.2049,7.3971,5
2459404.679947,-3.0719,1.0659,8.0031,7.4464,7.2049,7.3971,5
2459404.707767,0.0865,-7.6844,8.0031,7.4464,7.2049,7.3971,5
2459404.796517,13.3257,3.7338,8.0031,7.4464,7.2049,7.3971,5
2459405.500117,-4.3318,7.1221,8.0031,7.4464,7.2049,7.3971,5
2459405.518147,-7.1397,-7.0052,8.0031,7.4464,7.2049,7.3971,5
2459405.556827,0.9914,-9.2678,8.0031,7.4464,7.2049,7.3971,5
2459405.573997,7.8655,0.1654,8.0031,7.4464,7.2049,7.3971,5
2459405.601867,3.9597,-5.0904,8.0031,7.4464,7.2049,7.3971,5
2459405.619557,-5.7360,4.4817,8.0031,7.4464,7.2049,7.3971,5
2459405.712987,1.3506,-13.3661,8.0031,7.4464,7.2049,7.3971,5
2459405.729647,-14.1647,10.5143,8.0031,7.4464,7.2049,7.3971,5
2459405.746157,-1.1750,7.0681,8.0031,7.4464,7.2049,7.3971,5
2459405.762747,-6.9041,9.0867,8.0031,7.4464,7.2049,7.3971,5
2459405.779377,-0.2810,-4.3155,8.0031,7.4464,7.2049,7.3971,5
2459406.546457,-1.3559,8.1152,8.0031,7.4464,7.2049,7.3971,5
2459406.609427,3.4062,1.2248,8.0031,7.4464,7.2049,7.3971,5
2459406.662897,8.4176,-0.3584,8.0031,7.4464,7.2049,7.3971,5
2459407.483137,6.0682,-4.8338,8.0031,7.4464,7.2049,7.3971,5
2459407.500417,2.3989,-6.7492,8.0031,7.4464,7.2049,7.3971,5
2459407.534327,0.3175,-1.8774,8.0031,7.4464,7.2049,7.3971,5
2459407.551177,1.7901,7.1037,8.0031,7.4464,7.2049,7.3971,5
2459407.579047,-0.4501,-2.2601,8.0031,7.4464,7.2049,7.3971,5
2459407.613427,9.9957,-3.6313,8.0031,7.4464,7.2049,7.3971,5
2459407.632167,2.6485,-7.5742,8.0031,7.4464,7.2049,7.3971,5
2459407.648577,3.4230,0.1288,8.0031,7.4464,7.2049,7.3971,5
2459407.693407,-14.1276,-6.2940,8.0031,7.4464,7.2049,7.3971,5
2459407.709227,-2.9686,-5.1327,8.0031,7.4464,7.2049,7.3971,5
2459407.731187,-4.8121,-7.9100,8.0031,7.4464,7.2049,7.3971,5
2459407.746107,13.9570,4.2909,8.0031,7.4464,7.2049,7.3971,5
2459407.763487,3.8222,-3.3038,8.0031,7.4464,7.2049,7.3971,5
2459408.496287,6.6054,-3.1367,8.0031,7.4464,7.2049,7.3971,5
2459408.531667,-13.3797,4.0390,8.0031,7.4464,7.2049,7.3971,5
2459408.577547,-1.3174,-2.2759,8.0031,7.4464,7.2049,7.3971,5
2459408.595577,-10.2755,4.2684,8.0031,7.4464,7.2049,7.3971,5
2459408.612827,-2.9211,3.1510,8.0031,7.4464,7.2049,7.3971,5
2459408.714277,-3.9710,2.8972,8.0031,7.4464,7.2049,7.3971,5
2459408.731317,7.3201,7.5388,8.0031,7.4464,7.2049,7.3971,5
2459409.533977,8.5462,-7.2318,8.0031,7.4464,7.2049,7.3971,5
2459409.588387,-5.7332,-9.2844,8.0031,7.4464,7.2049,7.3971,5
2459409.607007,-14.3926,-6.0704,8.0031,7.4464,7.2049,7.3971,5
2459409.629157,-0.5073,1.0831,8.0031,7.4464,7.2049,7.3971,5
2459409.735027,14.4975,5.8179,8.0031,7.4464,7.2049,7.3971,5
2459409.769007,-9.9696,3.0773,8.0031,7.4464,7.2049,7.3971,5
2459410.488257,-1.6809,-3.8162,8.0031,7.4464,7.2049,7.3971,5
2459410.523957,-13.9245,7.2462,8.0031,7.4464,7.2049,7.3971,5
2459410.550787,-2.7790,-6.3169,8.0031,7.4464,7.2049,7.3971,5
2459410.568267,-3.3673,-5.4670,8.0031,7.4464,7.2049,7.3971,5
2459410.613647,7.1204,5.1537,8.0031,7.4464,7.2049,7.3971,5
2459410.630727,7.9280,-3.3398,8.0031,7.4464,7.2049,7.3971,5
2459410.664317,2.2016,-0.9048,8.0031,7.4464,7.2049,7.3971,5
2459410.753677,-8.8680,-7.3695,8.0031,7.4464,7.2049,7.3971,5
2459410.770727,-4.9750,-11.4600,8.0031,7.4464,7.2049,7.3971,5
2459411.528347,1.9389,-6.3812,8.0031,7.4464,7.2049,7.3971,5
2459411.546017,0.1288,8.7348,8.0031,7.4464,7.2049,7.3971,5
2459411.563217,-6.2783,-5.7879,8.0031,7.4464,7.2049,7.3971,5
2459411.584827,5.4040,7.6863,8.0031,7.4464,7.2049,7.3971,5
2459411.602177,-12.8993,-13.4259,8.0031,7.4464,7.2049,7.3971,5
2459411.629587,8.7475,6.1303,8.0031,7.4464,7.2049,7.3971,5
2459411.669257,-7.3383,-2.0849,8.0031,7.4464,7.2049,7.3971,5
2459411.687757,-6.5727,-7.5944,8.0031,7.4464,7.2049,7.3971,5
2459411.705597,-3.8830,-10.7872,8.0031,7.4464,7.2049,7.3971,5
2459411.733437,-4.5528,-12.6820,8.0031,7.4464,7.2049,7.3971,5
2459411.750917,-4.4651,5.8046,8.0031,7.4464,7.2049,7.3971,5
2459412.495427,5.6662,1.4411,8.0031,7.4464,7.2049,7.3971,5
2459412.547257,-13.2115,-8.2404,8.0031,7.4464,7.2049,7.3971,5
2459412.581377,-8.9814,-11.2696,8.0031,7.4464,7.2049,7.3971,5
2459412.598557,-5.3600,3.2966,8.0031,7.4464,7.2049,7.3971,5
2459412.615867,10.5350,-0.1236,8.0031,7.4464,7.2049,7.3971,5
2459412.645087,1.4432,-7.1000,8.0031,7.4464,7.2049,7.3971,5
2459412.661957,1.9262,1.0312,8.0031,7.4464,7.2049,7.3971,5
2459412.696487,-14.1715,5.9804,8.0031,7.4464,7.2049,7.3971,5
2459412.777247,-10.5684,2.7472,8.0031,7.4464,7.2049,7.3971,5
2459413.474247,-5.4785,-0.9184,8.0031,7.4464,7.2049,7.3971,5
2459413.555297,4.7809,-9.8555,8.0031,7.4464,7.2049,7.3971,5
2459413.596507,5.5367,-2.9736,8.0031,7.4464,7.2049,7.3971,5
2459413.663067,-6.2262,8.1363,8.0031,7.4464,7.2049,7.3971,5
2459413.696547,1.0402,10.9110,8.0031,7.4464,7.2049,7.3971,5
2459413.713277,-7.7624,5.4597,8.0031,7.4464,7.2049,7.3971,5
2459414.496577,-1.2709,5.5780,8.0031,7.4464,7.2049,7.3971,5
2459414.547357,-4.5164,-5.4312,8.0031,7.4464,7.2049,7.3971,5
2459414.564347,-9.0003,-7.0354,8.0031,7.4464,7.2049,7.3971,5
2459414.583807,0.3074,8.0874,8.0031,7.4464,7.2049,7.3971,5
2459414.601387,-7.1122,-6.1220,8.0031,7.4464,7.2049,7.3971,5
2459414.618007,-12.6322,0.5173,8.0031,7.4464,7.2049,7.3971,5
2459414.652307,-5.1754,-0.9557,8.0031,7.4464,7.2049,7.3971,5
2459414.671427,-9.7935,3.0463,8.0031,7.4464,7.2049,7.3971,5
2459414.688467,2.3888,3.3157,8.0031,7.4464,7.2049,7.3971,5
2459414.722587,1.4173,-6.1841,8.0031,7.4464,7.2049,7.3971,5
2459414.756777,0.1962,-13.6558,8.0031,7.4464,7.2049,7.3971,5
2459414.773597,3.3939,7.9985,8.0031,7.4464,7.2049,7.3971,5
2459415.481097,-1.0798,11.8633,8.0031,7.4464,7.2049,7.3971,5
2459415.499107,-11.5871,11.9568,8.0031,7.4464,7.2049,7.3971,5
2459415.520147,-0.0454,0.5520,8.0031,7.4464,7.2049,7.3971,5
2459415.556757,-0.5688,-4.0641,8.0031,7.4464,7.2049,7.3971,5
2459415.574137,-0.1265,11.3015,8.0031,7.4464,7.2049,7.3971,5
2459415.591847,6.6132,3.9858,8.0031,7.4464,7.2049,7.3971,5
2459415.609247,-3.3252,4.1770,8.0031,7.4464,7.2049,7.3971,5
2459415.626277,0.5124,13.3165,8.0031,7.4464,7.2049,7.3971,5
2459415.644397,8.7144,2.8195,8.0031,7.4464,7.2049,7.3971,5
2459415.674127,0.6416,6.9253,8.0031,7.4464,7.2049,7.3971,5
2459415.693397,-6.5434,0.8386,8.0031,7.4464,7.2049,7.3971,5
2459415.709927,-13.7169,-3.0985,8.0031,7.4464,7.2049,7.3971,5
2459415.726517,-12.8139,2.8650,8.0031,7.4464,7.2049,7.3971,5
2459415.742827,-11.7085,0.3945,8.0031,7.4464,7.2049,7.3971,5
2459415.769947,2.9818,1.0668,8.0031,7.4464,7.2049,7.3971,5
2459418.624547,-2.2457,5.7754,8.0031,7.4464,7.2049,7.3971,5
2459418.641577,4.5389,9.0507,8.0031,7.4464,7.2049,7.3971,5
2459419.520237,4.2685,-6.7734,8.0031,7.4464,7.2049,7.3971,5
2459419.537577,3.1204,8.5599,8.0031,7.4464,7.2049,7.3971,5
2459419.585917,-2.8928,4.9896,8.0031,7.4464,7.2049,7.3971,5
2459419.620457,5.2324,-1.9039,8.0031,7.4464,7.2049,7.3971,5
2459419.637937,2.2981,-0.2935,8.0031,7.4464,7.2049,7.3971,5
2459419.654927,-3.8318,5.1950,8.0031,7.4464,7.2049,7.3971,5
2459419.683257,-5.7216,-3.3207,8.0031,7.4464,7.2049,7.3971,5
2459419.700087,3.9590,4.8068,8.0031,7.4464,7.2049,7.3971,5
2459419.719617,-2.3963,-3.3588,8.0031,7.4464,7.2049,7.3971,5
2459419.736067,0.5395,5.7906,8.0031,7.4464,7.2049,7.3971,5
2459419.756027,4.1126,-6.2682,8.0031,7.4464,7.2049,7.3971,5
2459420.505537,-0.7799,7.7316,8.0031,7.4464,7.2049,7.3971,5
2459420.578757,-8.7481,7.8988,8.0031,7.4464,7.2049,7.3971,5
2459420.747537,-6.9020,12.0751,8.0031,7.4464,7.2049,7.3971,5
2459420.764357,-9.7465,6.6057,8.0031,7.4464,7.2049,7.3971,5
2459421.640467,-4.0559,0.4299,8.0031,7.4464,7.2049,7.3971,5
2459421.677047,7.1701,7.3042,8.0031,7.4464,7.2049,7.3971,5
2459421.710687,-2.6322,5.8035,8.0031,7.4464,7.2049,7.3971,5
2459421.759827,7.1949,-1.6336,8.0031,7.4464,7.2049,7.3971,5
2459423.530477,-1.9411,3.7386,8.0031,7.4464,7.2049,7.3971,5
2459423.550777,-2.3677,-13.1547,8.0031,7.4464,7.2049,7.3971,5
2459423.579797,-2.6246,-7.0223,8.0031,7.4464,7.2049,7.3971,5
2459423.601407,-9.1268,-3.2786,8.0031,7.4464,7.2049,7.3971,5
2459423.618807,1.8133,5.2254,8.0031,7.4464,7.2049,7.3971,5
2459423.701657,2.7089,7.4922,8.0031,7.4464,7.2049,7.3971,5
2459423.734657,0.2191,-1.2428,8.0031,7.4464,7.2049,7.3971,5
2459424.521657,0.6085,5.5126,8.0031,7.4464,7.2049,7.3971,5
2459424.539397,-8.2510,-12.6469,8.0031,7.4464,7.2049,7.3971,5
2459424.556387,-1.5439,-2.9779,8.0031,7.4464,7.2049,7.3971,5
2459424.573857,-6.7331,3.5363,8.0031,7.4464,7.2049,7.3971,5
2459424.617867,1.1590,-0.1735,8.0031,7.4464,7.2049,7.3971,5
2459424.638297,-3.2173,-7.3529,8.0031,7.4464,7.2049,7.3971,5
2459424.654927,-12.5988,-0.5535,8.0031,7.4464,7.2049,7.3971,5
2459424.675897,0.5975,-3.0206,8.0031,7.4464,7.2049,7.3971,5
2459424.695667,-4.0029,3.1180,8.0031,7.4464,7.2049,7.3971,5
2459424.713717,-11.4570,-6.3735,8.0031,7.4464,7.2049,7.3971,5
2459424.740897,11.0698,4.0361,8.0031,7.4464,7.2049,7.3971,5
2459425.488307,4.3868,4.8623,8.0031,7.4464,7.2049,7.3971,5
2459425.505677,-3.8538,-6.2222,8.0031,7.4464,7.2049,7.3971,5
2459425.553547,-2.2043,-3.1361,8.0031,7.4464,7.2049,7.3971,5
2459425.575027,2.3057,-11.5060,8.0031,7.4464,7.2049,7.3971,5
2459425.592367,-2.2601,-3.4780,8.0031,7.4464,7.2049,7.3971,5
2459425.609937,-7.0510,-8.9435,8.0031,7.4464,7.2049,7.3971,5
2459425.657647,11.0344,3.2944,8.0031,7.4464,7.2049,7.3971,5
2459425.694077,1.8752,7.2743,8.0031,7.4464,7.2049,7.3971,5
2459425.730487,0.6228,-0.2583,8.0031,7.4464,7.2049,7.3971,5
2459426.463167,9.8073,-5.4452,8.0031,7.4464,7.2049,7.3971,5
2459426.480917,5.0236,6.6784,8.0031,7.4464,7.2049,7.3971,5
2459426.515097,-3.8103,-2.7090,8.0031,7.4464,7.2049,7.3971,5
2459426.531877,-8.7311,-5.2374,8.0031,7.4464,7.2049,7.3971,5
2459426.549247,1.4973,-0.9191,8.0031,7.4464,7.2049,7.3971,5
2459426.595977,-5.2778,-6.4884,8.0031,7.4464,7.2049,7.3971,5
2459426.613047,-7.4285,4.5836,8.0031,7.4464,7.2049,7.3971,5
2459426.630557,2.9026,2.6124,8.0031,7.4464,7.2049,7.3971,5
2459426.647577,1.1427,10.7102,8.0031,7.4464,7.2049,7.3971,5
2459426.679557,-2.9786,-1.6600,8.0031,7.4464,7.2049,7.3971,5
2459426.713577,-2.9159,4.5647,8.0031,7.4464,7.2049,7.3971,5
2459427.465047,10.2126,6.0424,8.0031,7.4464,7.2049,7.3971,5
2459427.497417,-11.0024,9.7832,8.0031,7.4464,7.2049,7.3971,5
2459427.518137,-3.4360,9.7509,8.0031,7.4464,7.2049,7.3971,5
2459427.552847,10.4433,-0.4915,8.0031,7.4464,7.2049,7.3971,5
2459427.570247,6.6263,2.9768,8.0031,7.4464,7.2049,7.3971,5
2459427.597577,0.5886,3.7253,8.0031,7.4464,7.2049,7.3971,5
2459427.600407,4.2155,-7.2820,8.0031,7.4464,7.2049,7.3971,5
2459427.617357,-5.8153,-4.2157,8.0031,7.4464,7.2049,7.3971,5
2459427.634697,3.0646,9.2131,8.0031,7.4464,7.2049,7.3971,5
2459427.651187,1.6612,3.6825,8.0031,7.4464,7.2049,7.3971,5
2459427.667817,2.3156,5.1854,8.0031,7.4464,7.2049,7.3971,5
2459427.684247,7.2095,-4.6672,8.0031,7.4464,7.2049,7.3971,5
2459427.712067,-8.3256,-9.0745,8.0031,7.4464,7.2049,7.3971,5
2459427.748987,9.2840,3.6063,8.0031,7.4464,7.2049,7.3971,5
2459428.497017,-4.1392,8.3596,8.0031,7.4464,7.2049,7.3971,5
2459428.524767,4.7870,-2.0210,8.0031,7.4464,7.2049,7.3971,5
2459428.559477,0.1626,-8.5420,8.0031,7.4464,7.2049,7.3971,5
2459428.594947,-5.8953,-0.5206,8.0031,7.4464,7.2049,7.3971,5
2459428.622827,5.4680,-2.2992,8.0031,7.4464,7.2049,7.3971,5
2459428.657377,-6.3370,-6.3939,8.0031,7.4464,7.2049,7.3971,5
2459428.677107,1.6377,-6.3745,8.0031,7.4464,7.2049,7.3971,5
2459428.694247,4.1437,9.8851,8.0031,7.4464,7.2049,7.3971,5
2459429.500997,-9.0568,-7.5814,8.0031,7.4464,7.2049,7.3971,5
2459429.523897,-6.1236,-6.0913,8.0031,7.4464,7.2049,7.3971,5
2459429.542687,-5.0775,3.4542,8.0031,7.4464,7.2049,7.3971,5
2459429.591367,-5.0355,-8.6087,8.0031,7.4464,7.2049,7.3971,5
2459429.625717,4.8749,-4.0386,8.0031,7.4464,7.2049,7.3971,5
2459429.645137,-11.1477,-8.9616,8.0031,7.4464,7.2049,7.3971,5
2459429.688457,-6.2397,2.6918,8.0031,7.4464,7.2049,7.3971,5
2459429.708057,-4.2066,6.7910,8.0031,7.4464,7.2049,7.3971,5
2459429.726847,-2.3643,-0.4322,8.0031,7.4464,7.2049,7.3971,5
2459429.743717,1.6340,1.2905,8.0031,7.4464,7.2049,7.3971,5
2459430.484087,1.4243,8.4604,8.0031,7.4464,7.2049,7.3971,5
2459430.501287,-0.2676,-5.4944,8.0031,7.4464,7.2049,7.3971,5
2459430.538097,5.7520,-3.7963,8.0031,7.4464,7.2049,7.3971,5
2459430.554867,0.9505,2.6806,8.0031,7.4464,7.2049,7.3971,5
2459430.584477,-6.9472,2.2863,8.0031,7.4464,7.2049,7.3971,5
2459430.601947,-1.3135,1.6082,8.0031,7.4464,7.2049,7.3971,5
2459430.618937,-11.6286,-4.2972,8.0031,7.4464,7.2049,7.3971,5
2459430.659727,-3.6369,-6.8366,8.0031,7.4464,7.2049,7.3971,5
2459430.703947,-9.2485,5.8227,8.0031,7.4464,7.2049,7.3971,5
2459431.472447,4.2371,1.3453,8.0031,7.4464,7.2049,7.3971,5
2459431.492407,1.9371,-9.0782,8.0031,7.4464,7.2049,7.3971,5
2459431.511357,-0.3408,-6.1802,8.0031,7.4464,7.2049,7.3971,5
2459431.566717,-12.0917,-0.9052,8.0031,7.4464,7.2049,7.3971,5
2459431.590367,-5.3623,8.9768,8.0031,7.4464,7.2049,7.3971,5
2459431.607217,-6.8192,1.6858,8.0031,7.4464,7.2049,7.3971,5
2459431.655787,1.2509,-10.6041,8.0031,7.4464,7.2049,7.3971,5
2459431.672987,-11.0600,2.8881,8.0031,7.4464,7.2049,7.3971,5
2459431.689987,-6.0563,-8.6717,8.0031,7.4464,7.2049,7.3971,5
2459431.706667,-3.0460,5.7666,8.0031,7.4464,7.2049,7.3971,5
2459431.723167,-6.7672,-6.5890,8.0031,7.4464,7.2049,7.3971,5
2459432.497547,-0.7306,-9.3277,8.0031,7.4464,7.2049,7.3971,5
2459432.514987,2.8483,0.0536,8.0031,7.4464,7.2049,7.3971,5
2459432.549407,2.7097,-11.7315,8.0031,7.4464,7.2049,7.3971,5
2459432.568417,-5.1902,5.8231,8.0031,7.4464,7.2049,7.3971,5
2459432.615557,-9.1896,-0.3117,8.0031,7.4464,7.2049,7.3971,5
2459432.632657,-4.0127,-1.9165,8.0031,7.4464,7.2049,7.3971,5
2459432.650817,0.5546,0.2895,8.0031,7.4464,7.2049,7.3971,5
2459432.701427,-10.4739,-11.7906,8.0031,7.4464,7.2049,7.3971,5
2459432.718067,1.2978,11.2997,8.0031,7.4464,7.2049,7.3971,5
2459433.559937,-1.3665,-0.4490,8.0031,7.4464,7.2049,7.3971,5
2459433.577227,7.2000,-0.9159,8.0031,7.4464,7.2049,7.3971,5
2459435.588237,-9.1428,-13.0592,8.0031,7.4464,7.2049,7.3971,5
2459435.604887,0.5957,-7.9713,8.0031,7.4464,7.2049,7.3971,5
2459435.621817,2.8318,-1.8628,8.0031,7.4464,7.2049,7.3971,5
2459435.650797,-8.6542,-0.2790,8.0031,7.4464,7.2049,7.3971,5
2459435.670297,-1.2152,-2.4291,8.0031,7.4464,7.2049,7.3971,5
2459436.471657,7.3277,-9.1359,8.0031,7.4464,7.2049,7.3971,5
2459436.516367,5.5767,-10.1817,8.0031,7.4464,7.2049,7.3971,5
2459436.535097,-11.4789,5.4340,8.0031,7.4464,7.2049,7.3971,5
2459436.553737,-1.0473,2.9962,8.0031,7.4464,7.2049,7.3971,5
2459436.652207,-1.7214,-3.2658,8.0031,7.4464,7.2049,7.3971,5
2459439.485657,-7.3963,2.3329,8.0031,7.4464,7.2049,7.3971,5
2459439.538707,-11.1636,-5.0512,8.0031,7.4464,7.2049,7.3971,5
2459439.584307,-0.5252,-8.2734,8.0031,7.4464,7.2049,7.3971,5
2459439.601447,-3.9962,-8.6809,8.0031,7.4464,7.2049,7.3971,5
2459439.618537,-8.3985,-9.9387,8.0031,7.4464,7.2049,7.3971,5
2459439.635287,-7.0286,2.1809,8.0031,7.4464,7.2049,7.3971,5
2459439.702207,1.2537,-6.1912,8.0031,7.4464,7.2049,7.3971,5
2459440.487737,-3.5157,-5.9752,8.0031,7.4464,7.2049,7.3971,5
2459440.532137,9.9355,4.2637,8.0031,7.4464,7.2049,7.3971,5
2459440.572147,-6.9106,8.0835,8.0031,7.4464,7.2049,7.3971,5
2459440.637427,-6.4682,14.2718,8.0031,7.4464,7.2049,7.3971,5
2459440.654187,-3.4466,-4.5585,8.0031,7.4464,7.2049,7.3971,5
2459441.464327,-1.5306,0.8906,8.0031,7.4464,7.2049,7.3971,5
2459441.481307,-0.0230,3.5762,8.0031,7.4464,7.2049,7.3971,5
2459442.507487,-6.5776,-5.2715,8.0031,7.4464,7.2049,7.3971,5
2459442.585697,1.8335,6.8481,8.0031,7.4464,7.2049,7.3971,5
2459443.489407,-0.3866,-13.3392,8.0031,7.4464,7.2049,7.3971,5
2459443.506687,3.4545,6.7052,8.0031,7.4464,7.2049,7.3971,5
2459443.533057,7.1861,4.2998,8.0031,7.4464,7.2049,7.3971,5
2459443.560427,-3.5002,12.2106,8.0031,7.4464,7.2049,7.3971,5
2459443.577217,-0.7032,0.6995,8.0031,7.4464,7.2049,7.3971,5
2459443.607797,-2.0334,10.2623,8.0031,7.4464,7.2049,7.3971,5
2459443.626197,-8.4391,4.0300,8.0031,7.4464,7.2049,7.3971,5
2459443.644987,-1.9863,-0.1506,8.0031,7.4464,7.2049,7.3971,5
2459443.676037,3.1543,-8.7295,8.0031,7.4464,7.2049,7.3971,5
2459447.492707,-0.6742,7.3094,8.0031,7.4464,7.2049,7.3971,5
2459447.509847,-1.5618,-0.1559,8.0031,7.4464,7.2049,7.3971,5
2459447.526767,-0.2170,4.6573,8.0031,7.4464,7.2049,7.3971,5
2459447.544267,1.4134,4.4442,8.0031,7.4464,7.2049,7.3971,5
2459447.561087,10.1670,5.8276,8.0031,7.4464,7.2049,7.3971,5
2459447.609627,8.1892,6.9864,8.0031,7.4464,7.2049,7.3971,5
2459447.626297,2.1993,3.4376,8.0031,7.4464,7.2049,7.3971,5
2459447.643227,5.7527,-2.1172,8.0031,7.4464,7.2049,7.3971,5
2459447.660097,4.3452,-4.4303,8.0031,7.4464,7.2049,7.3971,5
2459447.687787,4.8008,9.4677,8.0031,7.4464,7.2049,7.3971,5
2459448.480147,-8.1867,13.9026,8.0031,7.4464,7.2049,7.3971,5
2459448.501037,5.8397,-4.7790,8.0031,7.4464,7.2049,7.3971,5
2459448.518637,2.8265,12.1960,8.0031,7.4464,7.2049,7.3971,5
2459448.552677,-8.1741,-2.0488,8.0031,7.4464,7.2049,7.3971,5
2459448.570037,4.7911,8.1205,8.0031,7.4464,7.2049,7.3971,5
2459448.597667,-2.9390,7.7312,8.0031,7.4464,7.2049,7.3971,5
2459448.614487,-7.5799,6.3584,8.0031,7.4464,7.2049,7.3971,5
2459448.631647,2.7797,12.7533,8.0031,7.4464,7.2049,7.3971,5
2459448.668277,8.2887,10.4925,8.0031,7.4464,7.2049,7.3971,5
2459449.492957,11.8234,-11.7121,8.0031,7.4464,7.2049,7.3971,5
2459449.510067,-8.1895,1.2746,8.0031,7.4464,7.2049,7.3971,5
2459449.527227,-1.8718,-5.8970,8.0031,7.4464,7.2049,7.3971,5
2459449.549717,-0.2395,5.7639,8.0031,7.4464,7.2049,7.3971,5
2459449.576687,-6.1117,5.4216,8.0031,7.4464,7.2049,7.3971,5
2459449.594027,4.2390,9.1580,8.0031,7.4464,7.2049,7.3971,5
2459449.628217,5.0242,-3.9521,8.0031,7.4464,7.2049,7.3971,5
2459450.472637,7.6469,12.4468,8.0031,7.4464,7.2049,7.3971,5
2459452.532077,0.7392,-11.2956,8.0031,7.4464,7.2049,7.3971,5
2459452.559127,-3.2448,-11.5257,8.0031,7.4464,7.2049,7.3971,5
2459452.575657,-7.7380,-10.9260,8.0031,7.4464,7.2049,7.3971,5
2459452.592807,-1.0761,11.2622,8.0031,7.4464,7.2049,7.3971,5
2459452.653617,4.8920,12.3128,8.0031,7.4464,7.2049,7.3971,5
2459453.481647,9.2422,1.7855,8.0031,7.4464,7.2049,7.3971,5
2459453.498787,-3.0827,3.9993,8.0031,7.4464,7.2049,7.3971,5
2459453.564637,6.2115,10.8968,8.0031,7.4464,7.2049,7.3971,5
2459453.599987,-0.5187,8.3587,8.0031,7.4464,7.2049,7.3971,5
2459453.617127,-5.7139,-0.5901,8.0031,7.4464,7.2049,7.3971,5
2459453.634207,3.2517,1.2399,8.0031,7.4464,7.2049,7.3971,5
2459453.661547,0.2926,2.5528,8.0031,7.4464,7.2049,7.3971,5
2459454.487647,4.5071,-3.3892,8.0031,7.4464,7.2049,7.3971,5
2459454.521787,-6.7406,-2.1055,8.0031,7.4464,7.2049,7.3971,5
2459454.577157,8.6501,3.5800,8.0031,7.4464,7.2049,7.3971,5
2459454.593757,8.0397,8.3472,8.0031,7.4464,7.2049,7.3971,5
2459454.610147,5.6965,6.2202,8.0031,7.4464,7.2049,7.3971,5
2459454.626807,-1.7413,-11.2513,8.0031,7.4464,7.2049,7.3971,5
2459454.653607,3.7962,4.0822,8.0031,7.4464,7.2049,7.3971,5
2459455.475987,-3.9940,-5.4541,8.0031,7.4464,7.2049,7.3971,5
2459455.492857,6.6143,11.3412,8.0031,7.4464,7.2049,7.3971,5
2459455.510337,3.1814,-5.4042,8.0031,7.4464,7.2049,7.3971,5
2459455.527787,0.2919,7.0969,8.0031,7.4464,7.2049,7.3971,5
2459455.572077,4.4871,-6.8891,8.0031,7.4464,7.2049,7.3971,5
2459455.590497,1.0039,-8.8035,8.0031,7.4464,7.2049,7.3971,5
2459455.611037,-8.0165,5.5114,8.0031,7.4464,7.2049,7.3971,5
2459455.628037,-7.2097,14.4000,8.0031,7.4464,7.2049,7.3971,5
2459455.648627,-1.7916,0.0767,8.0031,7.4464,7.2049,7.3971,5
2459456.475337,5.9354,2.5652,8.0031,7.4464,7.2049,7.3971,5
2459456.492607,4.2058,-2.4640,8.0031,7.4464,7.2049,7.3971,5
2459456.573597,-6.2310,3.8582,8.0031,7.4464,7.2049,7.3971,5
2459456.595627,-3.1742,3.0859,8.0031,7.4464,7.2049,7.3971,5
2459456.612387,1.5808,-0.3108,8.0031,7.4464,7.2049,7.3971,5
2459456.629367,-4.0297,3.0130,8.0031,7.4464,7.2049,7.3971,5
2459456.646527,-0.7994,-9.4694,8.0031,7.4464,7.2049,7.3971,5
2459457.484247,-4.1193,-2.3029,8.0031,7.4464,7.2049,7.3971,5
2459457.501217,-10.6475,-4.1633,8.0031,7.4464,7.2049,7.3971,5
2459457.518537,-0.1493,-1.0698,8.0031,7.4464,7.2049,7.3971,5
2459457.535337,-13.0980,6.5272,8.0031,7.4464,7.2049,7.3971,5
2459457.552277,-6.3906,-4.4609,8.0031,7.4464,7.2049,7.3971,5
2459457.568887,0.0262,-5.4772,8.0031,7.4464,7.2049,7.3971,5
2459457.595657,-6.6274,0.4632,8.0031,7.4464,7.2049,7.3971,5
2459458.512647,0.1978,-3.1080,8.0031,7.4464,7.2049,7.3971,5
2459458.534387,-2.1027,2.5272,8.0031,7.4464,7.2049,7.3971,5
2459458.599777,8.5056,9.3147,8.0031,7.4464,7.2049,7.3971,5
2459458.602477,-10.2064,4.5180,8.0031,7.4464,7.2049,7.3971,5
2459460.483707,4.9979,5.4921,8.0031,7.4464,7.2049,7.3971,5
2459460.503297,-4.9099,-3.5351,8.0031,7.4464,7.2049,7.3971,5
2459460.520927,-9.7266,-1.3871,8.0031,7.4464,7.2049,7.3971,5
2459460.569887,0.3636,-2.2812,8.0031,7.4464,7.2049,7.3971,5
2459460.606357,-12.6532,-3.0141,8.0031,7.4464,7.2049,7.3971,5
2459460.622857,-9.2273,0.8816,8.0031,7.4464,7.2049,7.3971,5
2459460.650907,6.0274,5.8737,8.0031,7.4464,7.2049,7.3971,5
2459461.472847,-5.2425,15.4666,8.0031,7.4464,7.2049,7.3971,5
2459461.490887,-1.8398,5.9275,8.0031,7.4464,7.2049,7.3971,5
2459461.535607,-5.3814,11.6115,8.0031,7.4464,7.2049,7.3971,5
2459461.552957,5.4406,-6.6733,8.0031,7.4464,7.2049,7.3971,5
2459462.532857,-2.5843,3.8240,8.0031,7.4464,7.2049,7.3971,5
2459462.549907,5.5377,7.0517,8.0031,7.4464,7.2049,7.3971,5
2459462.567357,-6.4804,-2.7691,8.0031,7.4464,7.2049,7.3971,5
2459462.628737,6.6183,-1.2296,8.0031,7.4464,7.2049,7.3971,5
2459463.517757,6.2254,-10.6672,8.0031,7.4464,7.2049,7.3971,5
2459463.544867,-5.4986,3.6786,8.0031,7.4464,7.2049,7.3971,5
2459463.579067,1.1312,-1.3043,8.0031,7.4464,7.2049,7.3971,5
2459463.596077,12.3293,-0.0041,8.0031,7.4464,7.2049,7.3971,5
2459464.502067,-0.6607,13.2235,8.0031,7.4464,7.2049,7.3971,5
2459466.487567,-2.5274,3.8679,8.0031,7.4464,7.2049,7.3971,5
2459466.522487,-2.6882,4.3739,8.0031,7.4464,7.2049,7.3971,5
2459466.538877,2.8088,-0.7444,8.0031,7.4464,7.2049,7.3971,5
2459466.560867,10.5821,6.0462,8.0031,7.4464,7.2049,7.3971,5
2459466.604507,3.3712,-5.0689,8.0031,7.4464,7.2049,7.3971,5
2459466.621007,1.1958,1.1256,8.0031,7.4464,7.2049,7.3971,5
2459467.487877,-2.7055,0.3401,8.0031,7.4464,7.2049,7.3971,5
2459467.504947,-5.2438,-6.5940,8.0031,7.4464,7.2049,7.3971,5
2459467.534097,-2.2732,2.6796,8.0031,7.4464,7.2049,7.3971,5
2459467.568567,5.9532,-9.3020,8.0031,7.4464,7.2049,7.3971,5
2459467.571237,1.4020,-8.0406,8.0031,7.4464,7.2049,7.3971,5
2459467.588217,-6.9443,-11.9490,8.0031,7.4464,7.2049,7.3971,5
2459467.632557,-0.1256,2.2378,8.0031,7.4464,7.2049,7.3971,5
2459468.536037,0.6561,-7.5556,8.0031,7.4464,7.2049,7.3971,5
2459468.570687,5.7118,-10.8427,8.0031,7.4464,7.2049,7.3971,5
2459468.614847,12.6640,2.7217,8.0031,7.4464,7.2049,7.3971,5
2459473.480347,-5.1097,8.9697,8.0031,7.4464,7.2049,7.3971,5
2459473.497327,-5.1953,9.9303,8.0031,7.4464,7.2049,7.3971,5
2459474.500337,7.6454,-10.5792,8.0031,7.4464,7.2049,7.3971,5
2459474.533887,-1.4293,2.5677,8.0031,7.4464,7.2049,7.3971,5
2459474.555117,-6.6960,-3.5920,8.0031,7.4464,7.2049,7.3971,5
2459474.581867,8.9689,-0.1702,8.0031,7.4464,7.2049,7.3971,5
2459474.598917,9.0226,3.9437,8.0031,7.4464,7.2049,7.3971,5
2459475.484587,0.8659,8.6105,8.0031,7.4464,7.2049,7.3971,5
2459475.501607,4.9432,3.3626,8.0031,7.4464,7.2049,7.3971,5
2459475.518307,-0.9661,-1.9727,8.0031,7.4464,7.2049,7.3971,5
2459475.551907,-4.7725,-10.8374,8.0031,7.4464,7.2049,7.3971,5
2459475.569057,8.3976,12.6233,8.0031,7.4464,7.2049,7.3971,5
2459476.528307,5.2505,-0.7033,8.0031,7.4464,7.2049,7.3971,5
2459476.545607,-4.4209,-11.7842,8.0031,7.4464,7.2049,7.3971,5
2459476.563237,10.1631,-1.9148,8.0031,7.4464,7.2049,7.3971,5
2459476.580367,8.4900,6.6500,8.0031,7.4464,7.2049,7.3971,5
2459476.597137,-3.1812,4.6604,8.0031,7.4464,7.2049,7.3971,5
2459477.579157,-5.4283,-9.8463,8.0031,7.4464,7.2049,7.3971,5
2459478.526137,1.0995,10.8502,8.0031,7.4464,7.2049,7.3971,5
2459478.543187,-0.6861,-1.0182,8.0031,7.4464,7.2049,7.3971,5
2459478.604407,5.4992,-13.2053,8.0031,7.4464,7.2049,7.3971,5
2459479.540897,5.8675,2.6346,8.0031,7.4464,7.2049,7.3971,5
2459479.568987,-10.5552,5.0385,8.0031,7.4464,7.2049,7.3971,5
2459480.488827,-2.0074,2.1350,8.0031,7.4464,7.2049,7.3971,5
2459480.505877,-3.4987,12.0176,8.0031,7.4464,7.2049,7.3971,5
2459480.523187,-3.0913,-8.5282,8.0031,7.4464,7.2049,7.3971,5
2459480.598647,-6.9031,-9.5169,8.0031,7.4464,7.2049,7.3971,5
2459481.524727,-3.4700,-8.9252,8.0031,7.4464,7.2049,7.3971,5
2459482.504707,-4.8718,0.1603,8.0031,7.4464,7.2049,7.3971,5
2459483.517177,0.8527,-4.7641,8.0031,7.4464,7.2049,7.3971,5
2459483.544877,-3.6381,8.7279,8.0031,7.4464,7.2049,7.3971,5
2459484.545387,8.6173,14.0190,8.0031,7.4464,7.2049,7.3971,5
2459484.579197,1.1399,-1.7969,8.0031,7.4464,7.2049,7.3971,5
2459485.581267,-11.7073,1.0371,8.0031,7.4464,7.2049,7.3971,5
2459486.524367,-7.6530,5.1708,8.0031,7.4464,7.2049,7.3971,5
2459486.551777,0.1735,-11.0041,8.0031,7.4464,7.2049,7.3971,5
2459486.568357,0.0277,6.8738,8.0031,7.4464,7.2049,7.3971,5
2459486.584837,-1.6419,-6.1616,8.0031,7.4464,7.2049,7.3971,5
2459488.499247,-9.9299,-13.0743,8.0031,7.4464,7.2049,7.3971,5
2459488.534307,-14.6336,-0.5821,8.0031,7.4464,7.2049,7.3971,5
2459488.551667,-7.4971,-6.4731,8.0031,7.4464,7.2049,7.3971,5
2459488.568067,9.2768,-3.6375,8.0031,7.4464,7.2049,7.3971,5
2459489.542877,-2.3086,9.1623,8.0031,7.4464,7.2049,7.3971,5
2459489.559687,-3.7670,-5.8976,8.0031,7.4464,7.2049,7.3971,5
2459489.576197,-8.0543,-9.6163,8.0031,7.4464,7.2049,7.3971,5
2459490.498447,-9.8126,-0.5867,8.0031,7.4464,7.2049,7.3971,5
2459490.521947,0.4407,5.3781,8.0031,7.4464,7.2049,7.3971,5
2459490.554377,2.5254,-1.3885,8.0031,7.4464,7.2049,7.3971,5
2459490.571097,0.5367,4.1877,8.0031,7.4464,7.2049,7.3971,5
2459491.499667,-0.1656,-10.0074,8.0031,7.4464,7.2049,7.3971,5
2459491.516987,-3.8575,6.9449,8.0031,7.4464,7.2049,7.3971,5
2459491.534317,-8.3387,0.0816,8.0031,7.4464,7.2049,7.3971,5
2459491.551347,4.3011,-4.4116,8.0031,7.4464,7.2049,7.3971,5
2459492.490997,-5.6719,4.6397,8.0031,7.4464,7.2049,7.3971,5
2459492.507707,-1.0791,-0.6699,8.0031,7.4464,7.2049,7.3971,5
2459492.525037,-2.7317,-2.2391,8.0031,7.4464,7.2049,7.3971,5
2459493.503627,-2.7185,-11.3982,8.0031,7.4464,7.2049,7.3971,5
2459493.528667,1.9458,-1.6263,8.0031,7.4464,7.2049,7.3971,5
2459493.545407,-3.5025,0.5562,8.0031,7.4464,7.2049,7.3971,5
2459493.562067,1.8256,1.1295,8.0031,7.4464,7.2049,7.3971,5
2459494.505917,-9.9147,-4.3979,8.0031,7.4464,7.2049,7.3971,5
2459494.524587,-1.0019,7.0088,8.0031,7.4464,7.2049,7.3971,5
2459494.547927,-11.8919,8.8934,8.0031,7.4464,7.2049,7.3971,5
2459501.494957,0.1549,-6.2752,8.0031,7.4464,7.2049,7.3971,5
2459503.498967,-6.2230,2.9331,8.0031,7.4464,7.2049,7.3971,5
2459503.530547,-1.1356,-6.2527,8.0031,7.4464,7.2049,7.3971,5
2459504.503857,-8.5039,-5.4094,8.0031,7.4464,7.2049,7.3971,5
2459504.521017,-4.9018,-6.6377,8.0031,7.4464,7.2049,7.3971,5
2459506.532027,-0.9192,1.6474,8.0031,7.4464,7.2049,7.3971,5
2459507.510307,-3.7952,-3.2765,8.0031,7.4464,7.2049,7.3971,5
2459508.503957,1.8239,2.2462,8.0031,7.4464,7.2049,7.3971,5
2459508.521187,-6.5096,-7.6754,8.0031,7.4464,7.2049,7.3971,5
2459509.508077,2.2685,12.3016,8.0031,7.4464,7.2049,7.3971,5
2459630.872157,7.7680,-2.3301,8.0031,7.4464,8.1789,8.5674,6
2459630.890087,8.7836,0.7762,8.0031,7.4464,8.1789,8.5674,6
2459631.891587,23.7994,-5.8321,8.0031,7.4464,8.1789,8.5674,6
2459632.867827,-2.1533,-5.4744,8.0031,7.4464,8.1789,8.5674,6
2459634.854217,8.2183,-5.3905,8.0031,7.4464,8.1789,8.5674,6
2459636.856097,-2.3826,-5.8369,8.0031,7.4464,8.1789,8.5674,6
2459636.891457,-1.4429,2.0289,8.0031,7.4464,8.1789,8.5674,6
2459637.839927,-0.2006,8.7348,8.0031,7.4464,8.1789,8.5674,6
2459637.857737,1.6547,-8.8945,8.0031,7.4464,8.1789,8.5674,6
2459637.886407,-10.3770,-6.7819,8.0031,7.4464,8.1789,8.5674,6
2459637.904227,-4.6625,-7.1680,8.0031,7.4464,8.1789,8.5674,6
2459638.870377,4.0479,6.6372,8.0031,7.4464,8.1789,8.5674,6
2459638.905287,7.2499,-9.2555,8.0031,7.4464,8.1789,8.5674,6
2459639.846477,0.3555,2.3359,8.0031,7.4464,8.1789,8.5674,6
2459639.881467,7.1165,-4.0073,8.0031,7.4464,8.1789,8.5674,6
2459640.830367,3.3386,-16.2231,8.0031,7.4464,8.1789,8.5674,6
2459640.883237,-8.4900,-7.6317,8.0031,7.4464,8.1789,8.5674,6
2459641.842897,1.2410,-0.3788,8.0031,7.4464,8.1789,8.5674,6
2459642.874997,-11.9435,-10.0781,8.0031,7.4464,8.1789,8.5674,6
2459642.892927,2.0390,-12.3326,8.0031,7.4464,8.1789,8.5674,6
2459645.882787,-12.7773,-8.1377,8.0031,7.4464,8.1789,8.5674,6
2459646.869577,6.1113,-2.0392,8.0031,7.4464,8.1789,8.5674,6
2459647.829777,-13.7757,11.3246,8.0031,7.4464,8.1789,8.5674,6
2459647.877737,-3.2245,3.8274,8.0031,7.4464,8.1789,8.5674,6
2459648.832447,12.4824,10.7068,8.0031,7.4464,8.1789,8.5674,6
2459648.865937,-5.9654,7.8935,8.0031,7.4464,8.1789,8.5674,6
2459648.901577,-7.0152,2.2854,8.0031,7.4464,8.1789,8.5674,6
2459649.848557,-3.4072,-5.1661,8.0031,7.4464,8.1789,8.5674,6
2459649.872717,-16.7600,6.7929,8.0031,7.4464,8.1789,8.5674,6
2459649.899727,-1.5134,-1.0136,8.0031,7.4464,8.1789,8.5674,6
2459650.815037,-8.4568,-0.6537,8.0031,7.4464,8.1789,8.5674,6
2459650.843307,-3.1999,10.6655,8.0031,7.4464,8.1789,8.5674,6
2459650.896197,-2.0589,2.3747,8.0031,7.4464,8.1789,8.5674,6
2459651.814667,-12.9163,1.7253,8.0031,7.4464,8.1789,8.5674,6
2459651.842917,-11.7182,8.6719,8.0031,7.4464,8.1789,8.5674,6
2459651.861387,-10.1762,-2.7194,8.0031,7.4464,8.1789,8.5674,6
2459651.896577,-13.4292,-4.4919,8.0031,7.4464,8.1789,8.5674,6
2459652.833467,-9.6109,-7.1403,8.0031,7.4464,8.1789,8.5674,6
2459652.863537,-1.2657,1.8879,8.0031,7.4464,8.1789,8.5674,6
2459652.880907,0.2770,-10.0349,8.0031,7.4464,8.1789,8.5674,6
2459652.904837,-9.6080,4.9882,8.0031,7.4464,8.1789,8.5674,6
2459653.806617,-6.7502,-6.6561,8.0031,7.4464,8.1789,8.5674,6
2459653.834857,-2.1161,4.1908,8.0031,7.4464,8.1789,8.5674,6
2459653.859037,-13.3422,-1.5485,8.0031,7.4464,8.1789,8.5674,6
2459653.893697,-18.5231,5.4483,8.0031,7.4464,8.1789,8.5674,6
2459654.801037,-5.7930,-5.5331,8.0031,7.4464,8.1789,8.5674,6
2459654.879107,-16.1669,2.7431,8.0031,7.4464,8.1789,8.5674,6
2459654.896897,-3.8467,-5.1274,8.0031,7.4464,8.1789,8.5674,6
2459655.825537,-15.9146,7.3423,8.0031,7.4464,8.1789,8.5674,6
2459655.861047,6.1263,-1.7647,8.0031,7.4464,8.1789,8.5674,6
2459655.878637,-9.7757,-5.8497,8.0031,7.4464,8.1789,8.5674,6
2459656.792737,-4.6227,-5.6227,8.0031,7.4464,8.1789,8.5674,6
2459656.818987,-0.5012,2.4750,8.0031,7.4464,8.1789,8.5674,6
2459656.870277,-8.4266,-0.5425,8.0031,7.4464,8.1789,8.5674,6
2459656.889767,-16.8817,-7.5681,8.0031,7.4464,8.1789,8.5674,6
2459656.906697,-1.2898,-3.8838,8.0031,7.4464,8.1789,8.5674,6
2459657.806677,-15.8652,-5.9229,8.0031,7.4464,8.1789,8.5674,6
2459657.837877,-10.0533,-17.5111,8.0031,7.4464,8.1789,8.5674,6
2459657.855187,-0.2516,-11.0147,8.0031,7.4464,8.1789,8.5674,6
2459657.890137,-8.8594,-12.5953,8.0031,7.4464,8.1789,8.5674,6
2459657.909417,-3.3333,5.0314,8.0031,7.4464,8.1789,8.5674,6
2459658.809467,3.3544,-9.2608,8.0031,7.4464,8.1789,8.5674,6
2459658.827197,6.2792,-12.3794,8.0031,7.4464,8.1789,8.5674,6
2459658.848187,-8.0872,-8.4326,8.0031,7.4464,8.1789,8.5674,6
2459658.865997,1.9306,-8.3901,8.0031,7.4464,8.1789,8.5674,6
2459658.897487,-0.3449,-4.2224,8.0031,7.4464,8.1789,8.5674,6
2459659.846737,0.3896,-3.8240,8.0031,7.4464,8.1789,8.5674,6
2459659.864267,-5.9816,-1.7218,8.0031,7.4464,8.1789,8.5674,6
2459659.900577,-7.9632,-6.0184,8.0031,7.4464,8.1789,8.5674,6
2459660.817627,-3.0572,0.0058,8.0031,7.4464,8.1789,8.5674,6
2459660.878807,-3.4013,-1.2776,8.0031,7.4464,8.1789,8.5674,6
2459660.896327,-3.2537,-1.2692,8.0031,7.4464,8.1789,8.5674,6
2459661.796517,-11.3596,-5.4291,8.0031,7.4464,8.1789,8.5674,6
2459661.817477,3.6615,-8.9056,8.0031,7.4464,8.1789,8.5674,6
2459661.836417,-7.4457,-2.3676,8.0031,7.4464,8.1789,8.5674,6
2459661.866507,-1.7560,6.1958,8.0031,7.4464,8.1789,8.5674,6
2459661.901347,-13.6080,1.5125,8.0031,7.4464,8.1789,8.5674,6
2459664.785997,-9.9964,-0.2519,8.0031,7.4464,8.1789,8.5674,6
2459664.832087,-3.5351,2.4525,8.0031,7.4464,8.1789,8.5674,6
2459664.849507,-8.1713,6.7073,8.0031,7.4464,8.1789,8.5674,6
2459664.870607,-14.5394,6.6473,8.0031,7.4464,8.1789,8.5674,6
2459664.887607,2.2835,-9.1336,8.0031,7.4464,8.1789,8.5674,6
2459665.806657,-3.2590,3.5815,8.0031,7.4464,8.1789,8.5674,6
2459665.824267,-7.4217,-10.6326,8.0031,7.4464,8.1789,8.5674,6
2459665.859207,-4.4819,-7.1157,8.0031,7.4464,8.1789,8.5674,6
2459665.889267,4.6222,2.3821,8.0031,7.4464,8.1789,8.5674,6
2459665.906607,5.5551,-2.7238,8.0031,7.4464,8.1789,8.5674,6
2459666.782847,-15.7737,-4.6097,8.0031,7.4464,8.1789,8.5674,6
2459666.861467,-3.2345,-3.9099,8.0031,7.4464,8.1789,8.5674,6
2459666.883367,-0.7121,-6.9016,8.0031,7.4464,8.1789,8.5674,6
2459666.900657,-5.6438,6.8811,8.0031,7.4464,8.1789,8.5674,6
2459667.847387,7.1055,-14.9839,8.0031,7.4464,8.1789,8.5674,6
2459667.868377,-6.2909,-13.5331,8.0031,7.4464,8.1789,8.5674,6
2459667.895917,-5.2416,-9.4524,8.0031,7.4464,8.1789,8.5674,6
2459667.912787,-6.0760,-2.0169,8.0031,7.4464,8.1789,8.5674,6
2459668.777727,0.2035,-12.2248,8.0031,7.4464,8.1789,8.5674,6
2459668.840587,7.2049,7.2073,8.0031,7.4464,8.1789,8.5674,6
2459668.876077,-4.6041,-2.9652,8.0031,7.4464,8.1789,8.5674,6
2459668.897757,2.5317,-5.7638,8.0031,7.4464,8.1789,8.5674,6
2459669.786427,-4.1328,-12.2168,8.0031,7.4464,8.1789,8.5674,6
2459669.805847,-10.2093,1.1888,8.0031,7.4464,8.1789,8.5674,6
2459669.823627,-1.0260,-9.4466,8.0031,7.4464,8.1789,8.5674,6
2459669.853697,-3.9513,-9.2367,8.0031,7.4464,8.1789,8.5674,6
2459669.870507,-5.4724,-12.8393,8.0031,7.4464,8.1789,8.5674,6
2459669.888207,0.0610,0.7487,8.0031,7.4464,8.1789,8.5674,6
2459669.905067,-12.4760,-7.2975,8.0031,7.4464,8.1789,8.5674,6
2459670.820727,2.9644,-10.7613,8.0031,7.4464,8.1789,8.5674,6
2459670.837887,-9.6223,4.3800,8.0031,7.4464,8.1789,8.5674,6
2459670.883677,6.0324,-14.6688,8.0031,7.4464,8.1789,8.5674,6
2459671.760737,0.8562,0.4777,8.0031,7.4464,8.1789,8.5674,6
2459671.796087,-9.3332,1.3242,8.0031,7.4464,8.1789,8.5674,6
2459671.813937,-4.0227,-3.1492,8.0031,7.4464,8.1789,8.5674,6
2459671.855557,-3.7182,-5.8757,8.0031,7.4464,8.1789,8.5674,6
2459671.904107,5.2109,-11.3862,8.0031,7.4464,8.1789,8.5674,6
2459672.796357,-2.4053,-13.7723,8.0031,7.4464,8.1789,8.5674,6
2459672.828747,7.5324,1.7619,8.0031,7.4464,8.1789,8.5674,6
2459672.846217,6.9725,4.4043,8.0031,7.4464,8.1789,8.5674,6
2459672.863647,-6.5076,-1.3575,8.0031,7.4464,8.1789,8.5674,6
2459672.880767,-10.3973,-5.7083,8.0031,7.4464,8.1789,8.5674,6
2459672.897667,-5.9248,-2.0323,8.0031,7.4464,8.1789,8.5674,6
2459673.848557,4.9321,3.6267,8.0031,7.4464,8.1789,8.5674,6
2459673.866017,-9.2233,-6.4944,8.0031,7.4464,8.1789,8.5674,6
2459673.885087,-9.9343,-5.9506,8.0031,7.4464,8.1789,8.5674,6
2459674.737927,-16.6273,-0.6507,8.0031,7.4464,8.1789,8.5674,6
2459674.759987,2.2422,-12.7690,8.0031,7.4464,8.1789,8.5674,6
2459674.777747,2.8273,4.4178,8.0031,7.4464,8.1789,8.5674,6
2459674.812877,5.4750,-11.9808,8.0031,7.4464,8.1789,8.5674,6
2459674.858677,-9.5626,-15.9846,8.0031,7.4464,8.1789,8.5674,6
2459674.876297,3.7184,-14.5235,8.0031,7.4464,8.1789,8.5674,6
2459674.896627,-11.0903,-14.5927,8.0031,7.4464,8.1789,8.5674,6
2459674.913467,8.7804,-9.2194,8.0031,7.4464,8.1789,8.5674,6
2459675.770947,-4.9004,-13.4119,8.0031,7.4464,8.1789,8.5674,6
2459675.788677,-12.3142,-5.0105,8.0031,7.4464,8.1789,8.5674,6
2459675.806377,-7.5634,-16.9661,8.0031,7.4464,8.1789,8.5674,6
2459675.823967,-7.2402,0.3956,8.0031,7.4464,8.1789,8.5674,6
2459675.853567,-14.2628,-10.3183,8.0031,7.4464,8.1789,8.5674,6
2459675.870847,-5.9856,-7.3126,8.0031,7.4464,8.1789,8.5674,6
2459675.888057,-0.4043,-3.0414,8.0031,7.4464,8.1789,8.5674,6
2459675.921967,4.0084,8.1262,8.0031,7.4464,8.1789,8.5674,6
2459676.797857,-11.2230,-3.6584,8.0031,7.4464,8.1789,8.5674,6
2459676.815747,-8.1874,3.3190,8.0031,7.4464,8.1789,8.5674,6
2459676.850837,-3.7564,-4.9684,8.0031,7.4464,8.1789,8.5674,6
2459676.878057,5.8378,-2.1961,8.0031,7.4464,8.1789,8.5674,6
2459676.911907,1.7469,-4.9613,8.0031,7.4464,8.1789,8.5674,6
2459677.768487,7.4923,4.4801,8.0031,7.4464,8.1789,8.5674,6
2459677.786157,-10.9836,-8.7174,8.0031,7.4464,8.1789,8.5674,6
2459677.804107,-2.4901,-5.9306,8.0031,7.4464,8.1789,8.5674,6
2459677.844587,-5.6490,-6.1194,8.0031,7.4464,8.1789,8.5674,6
2459677.868107,-0.7726,4.0796,8.0031,7.4464,8.1789,8.5674,6
2459677.896177,-4.9748,-7.5102,8.0031,7.4464,8.1789,8.5674,6
2459677.913437,4.5724,-8.5198,8.0031,7.4464,8.1789,8.5674,6
2459678.728557,-9.0871,-1.8399,8.0031,7.4464,8.1789,8.5674,6
2459678.827247,-8.4578,-14.8578,8.0031,7.4464,8.1789,8.5674,6
2459678.844637,-1.9595,5.9737,8.0031,7.4464,8.1789,8.5674,6
2459678.871287,0.0335,-1.7741,8.0031,7.4464,8.1789,8.5674,6
2459678.887937,-11.0475,-0.5865,8.0031,7.4464,8.1789,8.5674,6
2459678.916347,-10.2961,-1.8503,8.0031,7.4464,8.1789,8.5674,6
2459679.751317,-4.3059,3.2056,8.0031,7.4464,8.1789,8.5674,6
2459679.786247,5.2928,-0.3047,8.0031,7.4464,8.1789,8.5674,6
2459679.832037,-1.6416,3.7285,8.0031,7.4464,8.1789,8.5674,6
2459679.848857,7.1021,-5.2301,8.0031,7.4464,8.1789,8.5674,6
2459679.866037,10.1699,6.2139,8.0031,7.4464,8.1789,8.5674,6
2459679.884407,-8.6970,9.8088,8.0031,7.4464,8.1789,8.5674,6
2459679.911657,-3.9215,-13.5756,8.0031,7.4464,8.1789,8.5674,6
2459680.732487,3.4750,-2.6712,8.0031,7.4464,8.1789,8.5674,6
2459680.767747,-3.2516,-5.1094,8.0031,7.4464,8.1789,8.5674,6
2459680.802517,2.5399,-17.6149,8.0031,7.4464,8.1789,8.5674,6
2459680.851567,-13.3662,-3.5551,8.0031,7.4464,8.1789,8.5674,6
2459680.868497,5.7138,-1.2108,8.0031,7.4464,8.1789,8.5674,6
2459680.885517,-9.1321,-3.5256,8.0031,7.4464,8.1789,8.5674,6
2459680.902647,-9.8861,-13.1888,8.0031,7.4464,8.1789,8.5674,6
2459681.739427,-4.5292,-16.1988,8.0031,7.4464,8.1789,8.5674,6
2459681.757817,-13.9331,-11.9387,8.0031,7.4464,8.1789,8.5674,6
2459681.775537,-13.1091,-11.1596,8.0031,7.4464,8.1789,8.5674,6
2459681.793377,2.8307,2.9900,8.0031,7.4464,8.1789,8.5674,6
2459681.825147,3.2561,-3.2820,8.0031,7.4464,8.1789,8.5674,6
2459681.870317,-6.9261,1.6357,8.0031,7.4464,8.1789,8.5674,6
2459681.886927,-5.1641,-4.9881,8.0031,7.4464,8.1789,8.5674,6
2459681.903867,-3.5711,-7.5281,8.0031,7.4464,8.1789,8.5674,6
2459681.920987,0.2559,6.3640,8.0031,7.4464,8.1789,8.5674,6
2459682.783917,-13.7868,-3.8828,8.0031,7.4464,8.1789,8.5674,6
2459682.801167,-5.4302,7.7705,8.0031,7.4464,8.1789,8.5674,6
2459682.863047,-3.0899,0.4201,8.0031,7.4464,8.1789,8.5674,6
2459682.911257,2.6746,5.6756,8.0031,7.4464,8.1789,8.5674,6
2459683.742737,-3.6629,4.0384,8.0031,7.4464,8.1789,8.5674,6
2459683.760447,-8.9679,-2.8316,8.0031,7.4464,8.1789,8.5674,6
2459683.777717,11.3043,10.4763,8.0031,7.4464,8.1789,8.5674,6
2459683.796597,-5.4104,0.4646,8.0031,7.4464,8.1789,8.5674,6
2459683.824007,1.0482,-7.5289,8.0031,7.4464,8.1789,8.5674,6
2459683.841087,4.8225,-0.4745,8.0031,7.4464,8.1789,8.5674,6
2459683.879167,0.6559,3.7293,8.0031,7.4464,8.1789,8.5674,6
2459683.896207,-12.1549,-0.5476,8.0031,7.4464,8.1789,8.5674,6
2459684.723767,-1.7463,1.3187,8.0031,7.4464,8.1789,8.5674,6
2459684.741317,6.2618,-0.7872,8.0031,7.4464,8.1789,8.5674,6
2459684.758867,-8.0642,-11.1250,8.0031,7.4464,8.1789,8.5674,6
2459684.784877,-2.4234,5.5845,8.0031,7.4464,8.1789,8.5674,6
2459684.812497,-7.7780,-0.9341,8.0031,7.4464,8.1789,8.5674,6
2459684.884707,-9.2885,-1.8401,8.0031,7.4464,8.1789,8.5674,6
2459685.727577,-3.3825,-0.2204,8.0031,7.4464,8.1789,8.5674,6
2459685.745307,-0.8603,6.3579,8.0031,7.4464,8.1789,8.5674,6
2459685.766807,-0.9730,-9.3526,8.0031,7.4464,8.1789,8.5674,6
2459685.796707,-13.0594,6.8798,8.0031,7.4464,8.1789,8.5674,6
2459685.813727,-1.8670,-1.2488,8.0031,7.4464,8.1789,8.5674,6
2459685.831357,5.8245,0.3295,8.0031,7.4464,8.1789,8.5674,6
2459685.865557,-13.8024,0.8436,8.0031,7.4464,8.1789,8.5674,6
2459685.906907,-2.8418,1.6361,8.0031,7.4464,8.1789,8.5674,6
2459687.778627,-2.9240,4.3427,8.0031,7.4464,8.1789,8.5674,6
2459687.806197,-10.5773,9.2639,8.0031,7.4464,8.1789,8.5674,6
2459691.718117,13.7883,-4.0016,8.0031,7.4464,8.1789,8.5674,6
2459691.765837,5.1425,-4.8663,8.0031,7.4464,8.1789,8.5674,6
2459691.782757,-10.5950,5.8387,8.0031,7.4464,8.1789,8.5674,6
2459691.889317,-15.4396,4.3181,8.0031,7.4464,8.1789,8.5674,6
2459691.906827,0.9378,-7.7410,8.0031,7.4464,8.1789,8.5674,6
2459691.923547,-8.7162,-15.3679,8.0031,7.4464,8.1789,8.5674,6
2459692.711687,-16.1027,-2.7753,8.0031,7.4464,8.1789,8.5674,6
2459692.807957,-2.4532,-2.5594,8.0031,7.4464,8.1789,8.5674,6
2459692.835867,-10.3819,8.6388,8.0031,7.4464,8.1789,8.5674,6
2459692.855987,-12.6926,-2.5745,8.0031,7.4464,8.1789,8.5674,6
2459692.872947,-9.8526,6.2680,8.0031,7.4464,8.1789,8.5674,6
2459692.889667,-5.1723,-9.0010,8.0031,7.4464,8.1789,8.5674,6
2459693.714597,-4.3406,9.3276,8.0031,7.4464,8.1789,8.5674,6
2459693.732187,13.6837,-8.1586,8.0031,7.4464,8.1789,8.5674,6
2459693.749507,8.8572,1.4718,8.0031,7.4464,8.1789,8.5674,6
2459693.777377,-8.7356,4.2460,8.0031,7.4464,8.1789,8.5674,6
2459693.794617,7.6785,4.4156,8.0031,7.4464,8.1789,8.5674,6
2459693.811827,0.3304,0.1871,8.0031,7.4464,8.1789,8.5674,6
2459693.877767,7.0073,0.8767,8.0031,7.4464,8.1789,8.5674,6
2459693.901367,10.3580,-4.8502,8.0031,7.4464,8.1789,8.5674,6
2459694.710577,12.0336,-2.2351,8.0031,7.4464,8.1789,8.5674,6
2459694.840027,-7.2108,-0.2979,8.0031,7.4464,8.1789,8.5674,6
2459694.856937,-10.2600,-5.6361,8.0031,7.4464,8.1789,8.5674,6
2459694.873767,-4.5186,10.2218,8.0031,7.4464,8.1789,8.5674,6
2459694.891157,-0.9752,-5.3833,8.0031,7.4464,8.1789,8.5674,6
2459695.791757,1.1036,-13.9804,8.0031,7.4464,8.1789,8.5674,6
2459695.809077,6.7834,0.3063,8.0031,7.4464,8.1789,8.5674,6
2459696.812687,-0.7037,-1.9833,8.0031,7.4464,8.1789,8.5674,6
2459697.702917,6.8522,9.6591,8.0031,7.4464,8.1789,8.5674,6
2459697.739407,4.5890,-0.6530,8.0031,7.4464,8.1789,8.5674,6
2459697.777287,13.0389,-7.3740,8.0031,7.4464,8.1789,8.5674,6
2459697.804977,-4.8013,3.0403,8.0031,7.4464,8.1789,8.5674,6
2459697.829387,-3.1529,5.1469,8.0031,7.4464,8.1789,8.5674,6
2459697.853037,-14.1279,-15.2511,8.0031,7.4464,8.1789,8.5674,6
2459697.870997,-8.7508,-5.3479,8.0031,7.4464,8.1789,8.5674,6
2459697.889177,-5.9707,-16.5054,8.0031,7.4464,8.1789,8.5674,6
2459697.918437,3.3102,-11.6330,8.0031,7.4464,8.1789,8.5674,6
2459698.763827,1.7483,-16.0435,8.0031,7.4464,8.1789,8.5674,6
2459698.782397,-8.4068,-5.4589,8.0031,7.4464,8.1789,8.5674,6
2459698.800617,5.6239,-8.3693,8.0031,7.4464,8.1789,8.5674,6
2459698.839907,4.4747,-13.9011,8.0031,7.4464,8.1789,8.5674,6
2459698.869317,-2.3312,-11.3246,8.0031,7.4464,8.1789,8.5674,6
2459698.903707,-14.5202,-3.7113,8.0031,7.4464,8.1789,8.5674,6
2459699.739887,14.7563,-5.1484,8.0031,7.4464,8.1789,8.5674,6
2459699.845567,9.0848,-6.9711,8.0031,7.4464,8.1789,8.5674,6
2459700.736137,-8.3910,-8.6452,8.0031,7.4464,8.1789,8.5674,6
2459700.753877,8.0580,7.3907,8.0031,7.4464,8.1789,8.5674,6
2459700.783637,-2.6527,8.7151,8.0031,7.4464,8.1789,8.5674,6
2459700.818997,-4.3487,1.7334,8.0031,7.4464,8.1789,8.5674,6
2459700.924307,-2.7850,3.5302,8.0031,7.4464,8.1789,8.5674,6
2459701.767777,15.9961,8.4133,8.0031,7.4464,8.1789,8.5674,6
2459701.784827,-2.6317,-8.8356,8.0031,7.4464,8.1789,8.5674,6
2459701.849297,-0.9999,2.0342,8.0031,7.4464,8.1789,8.5674,6
2459701.866477,2.7953,10.5795,8.0031,7.4464,8.1789,8.5674,6
2459701.901017,8.2579,5.0766,8.0031,7.4464,8.1789,8.5674,6
2459701.928367,3.0799,2.0942,8.0031,7.4464,8.1789,8.5674,6
2459702.673277,16.1085,-6.3224,8.0031,7.4464,8.1789,8.5674,6
2459702.792877,-3.5064,-13.3376,8.0031,7.4464,8.1789,8.5674,6
2459702.841807,-8.3763,-2.3222,8.0031,7.4464,8.1789,8.5674,6
2459703.671337,-7.0094,4.9931,8.0031,7.4464,8.1789,8.5674,6
2459703.688847,6.5885,-6.3458,8.0031,7.4464,8.1789,8.5674,6
2459703.697507,-9.3253,-0.4637,8.0031,7.4464,8.1789,8.5674,6
2459703.706777,-2.8667,-10.4477,8.0031,7.4464,8.1789,8.5674,6
2459703.708217,12.1257,-2.6461,8.0031,7.4464,8.1789,8.5674,6
2459703.718607,-1.3776,2.9680,8.0031,7.4464,8.1789,8.5674,6
2459703.727327,1.3803,-8.8765,8.0031,7.4464,8.1789,8.5674,6
2459703.728667,2.7630,6.1781,8.0031,7.4464,8.1789,8.5674,6
2459703.744877,7.6601,4.6594,8.0031,7.4464,8.1789,8.5674,6
2459703.746227,-3.7656,-5.9796,8.0031,7.4464,8.1789,8.5674,6
2459703.753667,-2.3619,8.1301,8.0031,7.4464,8.1789,8.5674,6
2459703.773007,6.6483,-9.2384,8.0031,7.4464,8.1789,8.5674,6
2459703.774367,8.9379,-12.7962,8.0031,7.4464,8.1789,8.5674,6
2459703.781487,9.6099,-3.6210,8.0031,7.4464,8.1789,8.5674,6
2459703.791317,8.6003,-4.6073,8.0031,7.4464,8.1789,8.5674,6
2459703.792837,-9.2823,-4.1383,8.0031,7.4464,8.1789,8.5674,6
2459703.799907,-1.7732,-6.7834,8.0031,7.4464,8.1789,8.5674,6
2459703.810147,-9.2265,0.0274,8.0031,7.4464,8.1789,8.5674,6
2459703.822027,0.1153,-4.1495,8.0031,7.4464,8.1789,8.5674,6
2459703.830427,-2.6277,1.9255,8.0031,7.4464,8.1789,8.5674,6
2459703.842197,4.1658,-18.3170,8.0031,7.4464,8.1789,8.5674,6
2459703.849397,2.7136,-0.9147,8.0031,7.4464,8.1789,8.5674,6
2459703.864057,2.2558,-17.4316,8.0031,7.4464,8.1789,8.5674,6
2459703.868577,3.9647,-11.7355,8.0031,7.4464,8.1789,8.5674,6
2459703.894247,0.5728,9.4375,8.0031,7.4464,8.1789,8.5674,6
2459703.913097,-2.8687,-2.8595,8.0031,7.4464,8.1789,8.5674,6
2459703.921587,-5.7427,-2.4065,8.0031,7.4464,8.1789,8.5674,6
2459704.727407,4.4455,-0.0632,8.0031,7.4464,8.1789,8.5674,6
2459704.779877,-9.1122,-7.6493,8.0031,7.4464,8.1789,8.5674,6
2459704.801627,-12.7375,-7.2079,8.0031,7.4464,8.1789,8.5674,6
2459704.818497,-0.1462,-3.5526,8.0031,7.4464,8.1789,8.5674,6
2459704.848487,-7.4699,2.5926,8.0031,7.4464,8.1789,8.5674,6
2459704.864927,-0.7617,2.7268,8.0031,7.4464,8.1789,8.5674,6
2459704.898847,-7.7995,-8.3721,8.0031,7.4464,8.1789,8.5674,6
2459705.783347,5.7576,-2.7642,8.0031,7.4464,8.1789,8.5674,6
2459705.800757,4.3249,-3.0355,8.0031,7.4464,8.1789,8.5674,6
2459705.878937,8.9454,-17.4323,8.0031,7.4464,8.1789,8.5674,6
2459705.912607,12.3769,-7.2968,8.0031,7.4464,8.1789,8.5674,6
2459705.929727,3.6550,-7.9772,8.0031,7.4464,8.1789,8.5674,6
2459706.695227,4.3204,-14.0651,8.0031,7.4464,8.1789,8.5674,6
2459706.735327,-10.5890,2.8338,8.0031,7.4464,8.1789,8.5674,6
2459706.752837,-1.1902,-8.9155,8.0031,7.4464,8.1789,8.5674,6
2459706.782107,-3.3039,-6.4197,8.0031,7.4464,8.1789,8.5674,6
2459706.800917,-8.7936,4.1545,8.0031,7.4464,8.1789,8.5674,6
2459706.835457,-5.0781,-12.3896,8.0031,7.4464,8.1789,8.5674,6
2459706.852357,-10.6906,-0.2420,8.0031,7.4464,8.1789,8.5674,6
2459706.880097,-5.5610,-10.7475,8.0031,7.4464,8.1789,8.5674,6
2459706.914317,-1.6089,8.2185,8.0031,7.4464,8.1789,8.5674,6
2459706.931207,-2.4645,5.3524,8.0031,7.4464,8.1789,8.5674,6
2459708.735787,4.1225,-8.4392,8.0031,7.4464,8.1789,8.5674,6
2459708.774177,2.0787,-16.5527,8.0031,7.4464,8.1789,8.5674,6
2459708.835947,2.3509,-1.2914,8.0031,7.4464,8.1789,8.5674,6
2459708.874817,-4.1342,-6.3973,8.0031,7.4464,8.1789,8.5674,6
2459708.919867,-4.8869,-7.9558,8.0031,7.4464,8.1789,8.5674,6
2459709.659387,-0.1761,7.7264,8.0031,7.4464,8.1789,8.5674,6
2459709.744227,-8.3549,0.4251,8.0031,7.4464,8.1789,8.5674,6
2459709.761547,-9.2405,-15.1029,8.0031,7.4464,8.1789,8.5674,6
2459709.779107,-7.3918,-10.9556,8.0031,7.4464,8.1789,8.5674,6
2459709.796367,-11.6646,-9.6152,8.0031,7.4464,8.1789,8.5674,6
2459709.813437,-0.3247,9.1560,8.0031,7.4464,8.1789,8.5674,6
2459709.829997,-4.2301,-4.5143,8.0031,7.4464,8.1789,8.5674,6
2459709.873557,-5.8426,-0.4309,8.0031,7.4464,8.1789,8.5674,6
2459709.891217,-10.9679,-10.4963,8.0031,7.4464,8.1789,8.5674,6
2459709.908227,-4.6732,-11.3666,8.0031,7.4464,8.1789,8.5674,6
2459709.925017,-11.9189,-3.0884,8.0031,7.4464,8.1789,8.5674,6
2459710.722657,7.1145,-9.1373,8.0031,7.4464,8.1789,8.5674,6
2459710.739947,10.1152,-11.3999,8.0031,7.4464,8.1789,8.5674,6
2459710.905717,13.9734,8.5700,8.0031,7.4464,8.1789,8.5674,6
2459710.922407,-8.8090,-3.9227,8.0031,7.4464,8.1789,8.5674,6
2459711.644447,14.1068,-14.3046,8.0031,7.4464,8.1789,8.5674,6
2459711.693787,2.5546,-19.3063,8.0031,7.4464,8.1789,8.5674,6
2459711.712997,-3.9762,6.6180,8.0031,7.4464,8.1789,8.5674,6
2459711.730527,9.7825,-2.1823,8.0031,7.4464,8.1789,8.5674,6
2459711.788797,3.3917,1.4129,8.0031,7.4464,8.1789,8.5674,6
2459711.805807,4.4600,4.6919,8.0031,7.4464,8.1789,8.5674,6
2459711.825117,-1.4759,-10.4161,8.0031,7.4464,8.1789,8.5674,6
2459711.841807,6.6429,-7.0728,8.0031,7.4464,8.1789,8.5674,6
2459711.859077,8.3405,1.8758,8.0031,7.4464,8.1789,8.5674,6
2459711.886887,-12.9034,-19.3805,8.0031,7.4464,8.1789,8.5674,6
2459711.907577,-11.2453,-8.1980,8.0031,7.4464,8.1789,8.5674,6
2459711.910547,-10.5972,-13.9740,8.0031,7.4464,8.1789,8.5674,6
2459711.925737,0.6463,-11.4904,8.0031,7.4464,8.1789,8.5674,6
2459712.709197,12.3997,-1.9170,8.0031,7.4464,8.1789,8.5674,6
2459712.766377,5.8205,6.0420,8.0031,7.4464,8.1789,8.5674,6
2459712.846987,15.2668,5.0928,8.0031,7.4464,8.1789,8.5674,6
2459712.908517,-4.3458,-0.6440,8.0031,7.4464,8.1789,8.5674,6
2459713.742657,-10.6983,-1.1047,8.0031,7.4464,8.1789,8.5674,6
2459713.831347,-5.8053,4.0301,8.0031,7.4464,8.1789,8.5674,6
2459713.868567,-8.2204,-6.7095,8.0031,7.4464,8.1789,8.5674,6
2459713.895817,-9.9430,-16.3816,8.0031,7.4464,8.1789,8.5674,6
2459714.663467,8.7464,3.9099,8.0031,7.4464,8.1789,8.5674,6
2459714.699957,10.7451,-3.5545,8.0031,7.4464,8.1789,8.5674,6
2459714.766937,-1.9392,-3.2335,8.0031,7.4464,8.1789,8.5674,6
2459714.811967,-8.1430,-6.5227,8.0031,7.4464,8.1789,8.5674,6
2459714.829327,-7.9086,-6.9686,8.0031,7.4464,8.1789,8.5674,6
2459714.846347,1.0444,-2.5702,8.0031,7.4464,8.1789,8.5674,6
2459714.863617,-3.2551,3.5004,8.0031,7.4464,8.1789,8.5674,6
2459714.880187,-12.6350,6.9155,8.0031,7.4464,8.1789,8.5674,6
2459714.924507,-7.3556,-2.8398,8.0031,7.4464,8.1789,8.5674,6
2459716.687587,2.0947,-11.2387,8.0031,7.4464,8.1789,8.5674,6
2459716.710157,2.4306,-2.5582,8.0031,7.4464,8.1789,8.5674,6
2459716.735627,-10.2492,-17.9907,8.0031,7.4464,8.1789,8.5674,6
2459716.738437,-4.0949,6.0623,8.0031,7.4464,8.1789,8.5674,6
2459716.754327,-11.2347,12.2389,8.0031,7.4464,8.1789,8.5674,6
2459716.781847,10.3812,2.3020,8.0031,7.4464,8.1789,8.5674,6
2459719.724187,-1.2176,-4.6525,8.0031,7.4464,8.1789,8.5674,6
2459719.751607,10.0155,-9.2391,8.0031,7.4464,8.1789,8.5674,6
2459719.831267,1.3700,8.0376,8.0031,7.4464,8.1789,8.5674,6
2459719.875437,-11.9338,-3.8988,8.0031,7.4464,8.1789,8.5674,6
2459719.894837,-7.6016,0.4167,8.0031,7.4464,8.1789,8.5674,6
2459720.693147,7.9190,-0.6735,8.0031,7.4464,8.1789,8.5674,6
2459720.799977,0.4730,-2.1953,8.0031,7.4464,8.1789,8.5674,6
2459720.820547,-10.3363,-8.0592,8.0031,7.4464,8.1789,8.5674,6
2459721.743957,4.1886,-14.9544,8.0031,7.4464,8.1789,8.5674,6
2459721.785197,-13.8489,1.3598,8.0031,7.4464,8.1789,8.5674,6
2459721.812097,-7.4101,4.5071,8.0031,7.4464,8.1789,8.5674,6
2459721.845637,3.1009,7.0585,8.0031,7.4464,8.1789,8.5674,6
2459721.862117,-7.2739,-4.6573,8.0031,7.4464,8.1789,8.5674,6
2459721.879187,-9.4004,-8.0111,8.0031,7.4464,8.1789,8.5674,6
2459721.895977,-8.6259,1.6414,8.0031,7.4464,8.1789,8.5674,6
2459721.923187,3.3479,-17.3802,8.0031,7.4464,8.1789,8.5674,6
2459722.647297,3.9846,2.3045,8.0031,7.4464,8.1789,8.5674,6
2459722.710187,-11.5587,4.5445,8.0031,7.4464,8.1789,8.5674,6
2459722.727667,-3.0746,-3.0939,8.0031,7.4464,8.1789,8.5674,6
2459722.747107,8.5077,-8.0282,8.0031,7.4464,8.1789,8.5674,6
2459722.790867,-5.2496,-7.3294,8.0031,7.4464,8.1789,8.5674,6
2459722.824027,-1.3531,4.7186,8.0031,7.4464,8.1789,8.5674,6
2459722.876187,1.5244,-3.8916,8.0031,7.4464,8.1789,8.5674,6
2459722.893377,3.5344,-13.6119,8.0031,7.4464,8.1789,8.5674,6
2459722.916197,-2.9185,-5.3121,8.0031,7.4464,8.1789,8.5674,6
2459722.932937,2.5072,-7.8628,8.0031,7.4464,8.1789,8.5674,6
2459723.728617,2.6814,3.2203,8.0031,7.4464,8.1789,8.5674,6
2459723.774527,-3.6131,3.4757,8.0031,7.4464,8.1789,8.5674,6
2459723.808067,2.1987,3.8092,8.0031,7.4464,8.1789,8.5674,6
2459723.825007,-6.6549,1.3915,8.0031,7.4464,8.1789,8.5674,6
2459723.841857,13.6703,2.9691,8.0031,7.4464,8.1789,8.5674,6
2459723.868707,0.9769,-3.1568,8.0031,7.4464,8.1789,8.5674,6
2459723.885557,1.6899,-7.7887,8.0031,7.4464,8.1789,8.5674,6
2459723.902837,5.2705,-7.7085,8.0031,7.4464,8.1789,8.5674,6
2459723.919297,7.1227,-13.1636,8.0031,7.4464,8.1789,8.5674,6
2459724.629027,-3.3702,-9.3885,8.0031,7.4464,8.1789,8.5674,6
2459724.730997,8.0806,-2.8627,8.0031,7.4464,8.1789,8.5674,6
2459724.748237,5.6930,-11.6504,8.0031,7.4464,8.1789,8.5674,6
2459724.765247,6.8330,-13.2509,8.0031,7.4464,8.1789,8.5674,6
2459724.781857,-10.9075,-14.3449,8.0031,7.4464,8.1789,8.5674,6
2459724.798797,1.9758,5.4190,8.0031,7.4464,8.1789,8.5674,6
2459724.838587,15.0087,-12.0565,8.0031,7.4464,8.1789,8.5674,6
2459724.854847,6.3565,8.2420,8.0031,7.4464,8.1789,8.5674,6
2459724.871477,7.0828,9.8316,8.0031,7.4464,8.1789,8.5674,6
2459724.933217,7.6054,-1.0732,8.0031,7.4464,8.1789,8.5674,6
2459725.622417,15.3456,1.4627,8.0031,7.4464,8.1789,8.5674,6
2459725.660377,10.9808,12.9921,8.0031,7.4464,8.1789,8.5674,6
2459725.683957,2.4181,-7.7162,8.0031,7.4464,8.1789,8.5674,6
2459725.711537,9.4674,6.7688,8.0031,7.4464,8.1789,8.5674,6
2459725.728577,-0.7104,7.1042,8.0031,7.4464,8.1789,8.5674,6
2459725.763367,-13.9767,-3.6307,8.0031,7.4464,8.1789,8.5674,6
2459725.812487,-0.6654,-16.8037,8.0031,7.4464,8.1789,8.5674,6
2459725.842757,-4.2476,-4.6354,8.0031,7.4464,8.1789,8.5674,6
2459725.882237,-7.8312,-16.0886,8.0031,7.4464,8.1789,8.5674,6
2459725.899537,15.3493,-0.4273,8.0031,7.4464,8.1789,8.5674,6
2459725.916327,0.4928,-1.4959,8.0031,7.4464,8.1789,8.5674,6
2459726.650367,0.4412,2.9702,8.0031,7.4464,8.1789,8.5674,6
2459726.696347,0.5683,-13.6794,8.0031,7.4464,8.1789,8.5674,6
2459726.713927,-12.3559,-14.2169,8.0031,7.4464,8.1789,8.5674,6
2459726.731217,-7.0493,-0.7336,8.0031,7.4464,8.1789,8.5674,6
2459726.748597,1.4784,6.4858,8.0031,7.4464,8.1789,8.5674,6
2459726.765917,-4.0038,-3.2663,8.0031,7.4464,8.1789,8.5674,6
2459726.827997,-12.0222,-7.4702,8.0031,7.4464,8.1789,8.5674,6
2459726.844167,-6.0531,-4.7539,8.0031,7.4464,8.1789,8.5674,6
2459726.863377,-12.0635,-19.0703,8.0031,7.4464,8.1789,8.5674,6
2459726.880027,-0.6869,-0.1869,8.0031,7.4464,8.1789,8.5674,6
2459726.896927,-13.7585,-2.0741,8.0031,7.4464,8.1789,8.5674,6
2459727.600257,4.4562,4.8658,8.0031,7.4464,8.1789,8.5674,6
2459727.618197,-1.3989,2.6617,8.0031,7.4464,8.1789,8.5674,6
2459727.644147,-5.8286,-3.3073,8.0031,7.4464,8.1789,8.5674,6
2459727.671747,-5.4522,-8.7698,8.0031,7.4464,8.1789,8.5674,6
2459727.692217,-9.2135,-6.0435,8.0031,7.4464,8.1789,8.5674,6
2459727.712407,-8.4256,-9.4404,8.0031,7.4464,8.1789,8.5674,6
2459727.729767,-9.9458,6.9415,8.0031,7.4464,8.1789,8.5674,6
2459727.746787,-16.2299,-6.4329,8.0031,7.4464,8.1789,8.5674,6
2459727.777537,-2.7611,-12.2799,8.0031,7.4464,8.1789,8.5674,6
2459727.794737,2.0217,3.5368,8.0031,7.4464,8.1789,8.5674,6
2459727.811847,-7.4353,2.8473,8.0031,7.4464,8.1789,8.5674,6
2459727.914567,-5.5201,-7.0561,8.0031,7.4464,8.1789,8.5674,6
2459729.674557,4.1011,-9.2399,8.0031,7.4464,8.1789,8.5674,6
2459736.712287,-12.0114,5.4201,8.0031,7.4464,8.1789,8.5674,6
2459739.870077,12.6201,12.1995,8.0031,7.4464,8.1789,8.5674,6
2459741.665117,-1.0303,-5.2494,8.0031,7.4464,8.1789,8.5674,6
2459742.608327,-5.7131,6.4941,8.0031,7.4464,8.1789,8.5674,6
2459742.625907,8.0345,-0.3069,8.0031,7.4464,8.1789,8.5674,6
2459742.643117,-11.8696,3.8552,8.0031,7.4464,8.1789,8.5674,6
2459742.678257,-10.8549,-11.7379,8.0031,7.4464,8.1789,8.5674,6
2459742.696247,-8.6056,-4.9663,8.0031,7.4464,8.1789,8.5674,6
2459742.723807,-21.0977,-5.4202,8.0031,7.4464,8.1789,8.5674,6
2459742.740597,-6.2267,-5.4527,8.0031,7.4464,8.1789,8.5674,6
2459742.757267,-12.4770,-23.7209,8.0031,7.4464,8.1789,8.5674,6
2459742.842027,-4.2732,11.8985,8.0031,7.4464,8.1789,8.5674,6
2459742.859097,0.0986,3.7113,8.0031,7.4464,8.1789,8.5674,6
2459742.876087,0.3450,-3.8826,8.0031,7.4464,8.1789,8.5674,6
2459743.669647,-3.5353,-7.6040,8.0031,7.4464,8.1789,8.5674,6
2459743.697907,-0.2478,-4.4641,8.0031,7.4464,8.1789,8.5674,6
2459743.715187,-6.5152,-9.2312,8.0031,7.4464,8.1789,8.5674,6
2459746.720727,-9.3928,-7.0462,8.0031,7.4464,8.1789,8.5674,6
2459747.727527,22.9774,-0.2665,8.0031,7.4464,8.1789,8.5674,6
2459747.763127,-17.5044,-21.9767,8.0031,7.4464,8.1789,8.5674,6
2459748.556247,20.6334,-25.6887,8.0031,7.4464,8.1789,8.5674,6
2459748.663777,3.8294,-4.1576,8.0031,7.4464,8.1789,8.5674,6
2459748.793877,9.2085,4.7514,8.0031,7.4464,8.1789,8.5674,6
2459748.831957,5.9325,-4.3017,8.0031,7.4464,8.1789,8.5674,6
2459748.849207,-1.6149,7.9223,8.0031,7.4464,8.1789,8.5674,6
2459748.866077,4.6262,2.8610,8.0031,7.4464,8.1789,8.5674,6
2459749.557137,7.0724,-2.6594,8.0031,7.4464,8.1789,8.5674,6
2459749.574637,0.2279,-19.4451,8.0031,7.4464,8.1789,8.5674,6
2459749.591677,-5.9147,-8.3149,8.0031,7.4464,8.1789,8.5674,6
2459749.609357,-2.9039,-14.9390,8.0031,7.4464,8.1789,8.5674,6
2459749.626407,-6.4964,-18.4917,8.0031,7.4464,8.1789,8.5674,6
2459749.647357,-6.0639,-1.5423,8.0031,7.4464,8.1789,8.5674,6
2459749.683317,19.9995,-4.9896,8.0031,7.4464,8.1789,8.5674,6
2459749.740677,-9.5908,-6.7834,8.0031,7.4464,8.1789,8.5674,6
2459749.758577,-5.0313,-12.5869,8.0031,7.4464,8.1789,8.5674,6
2459749.787647,-17.7704,-12.1485,8.0031,7.4464,8.1789,8.5674,6
2459749.804627,-1.4789,-5.5507,8.0031,7.4464,8.1789,8.5674,6
2459749.821617,-2.0714,0.0975,8.0031,7.4464,8.1789,8.5674,6
2459749.838067,-7.7674,-11.2503,8.0031,7.4464,8.1789,8.5674,6
2459749.854737,-13.9763,-10.7129,8.0031,7.4464,8.1789,8.5674,6
2459750.575017,17.3378,-12.3768,8.0031,7.4464,8.1789,8.5674,6
2459750.666787,12.0110,-5.9016,8.0031,7.4464,8.1789,8.5674,6
2459750.687937,15.6078,-20.6124,8.0031,7.4464,8.1789,8.5674,6
2459750.705107,-9.4624,-21.1836,8.0031,7.4464,8.1789,8.5674,6
2459750.722117,19.4041,0.5350,8.0031,7.4464,8.1789,8.5674,6
2459750.739637,18.9533,-3.0720,8.0031,7.4464,8.1789,8.5674,6
2459750.841507,-11.8351,-2.8322,8.0031,7.4464,8.1789,8.5674,6
2459751.733147,10.9020,-14.8734,8.0031,7.4464,8.1789,8.5674,6
2459751.754767,-2.1809,-15.9613,8.0031,7.4464,8.1789,8.5674,6
2459751.779337,-1.0961,-17.1407,8.0031,7.4464,8.1789,8.5674,6
2459751.799857,-9.4739,3.0696,8.0031,7.4464,8.1789,8.5674,6
2459751.816787,13.5368,-24.9535,8.0031,7.4464,8.1789,8.5674,6
2459755.561947,20.0776,-5.7715,8.0031,7.4464,8.1789,8.5674,6
2459755.582387,3.8271,-12.7374,8.0031,7.4464,8.1789,8.5674,6
2459755.639197,8.4323,2.6317,8.0031,7.4464,8.1789,8.5674,6
2459755.656247,20.7435,-2.7652,8.0031,7.4464,8.1789,8.5674,6
2459755.703977,11.4626,4.5202,8.0031,7.4464,8.1789,8.5674,6
2459755.720747,7.8663,-8.0825,8.0031,7.4464,8.1789,8.5674,6
2459755.737977,14.6205,2.2060,8.0031,7.4464,8.1789,8.5674,6
2459755.795867,18.2843,4.4737,8.0031,7.4464,8.1789,8.5674,6
2459755.830317,17.5026,-5.3869,8.0031,7.4464,8.1789,8.5674,6
2459756.708867,1.2306,6.1314,8.0031,7.4464,8.1789,8.5674,6
2459758.723357,19.4291,-13.3911,8.0031,7.4464,8.1789,8.5674,6
2459759.506837,13.1031,11.0660,8.0031,7.4464,8.1789,8.5674,6
2459759.524687,0.5435,-19.6114,8.0031,7.4464,8.1789,8.5674,6
2459759.573537,8.6927,-11.8394,8.0031,7.4464,8.1789,8.5674,6
2459759.594917,14.7266,-20.6754,8.0031,7.4464,8.1789,8.5674,6
2459759.611647,-0.2325,-11.7909,8.0031,7.4464,8.1789,8.5674,6
2459759.628987,-5.8890,-22.8731,8.0031,7.4464,8.1789,8.5674,6
2459759.649537,1.4787,-11.5769,8.0031,7.4464,8.1789,8.5674,6
2459759.676807,-4.5161,-10.5878,8.0031,7.4464,8.1789,8.5674,6
2459759.694017,-0.4892,-5.6370,8.0031,7.4464,8.1789,8.5674,6
2459759.716637,-9.6034,-9.6079,8.0031,7.4464,8.1789,8.5674,6
2459759.734627,-7.3798,-1.9478,8.0031,7.4464,8.1789,8.5674,6
2459759.780297,-2.9624,5.4731,8.0031,7.4464,8.1789,8.5674,6
2459759.815357,-8.6270,-4.3341,8.0031,7.4464,8.1789,8.5674,6
2459760.506007,12.0216,-4.0742,8.0031,7.4464,8.1789,8.5674,6
2459760.527557,13.5819,13.5284,8.0031,7.4464,8.1789,8.5674,6
2459760.555527,-7.1113,-0.1847,8.0031,7.4464,8.1789,8.5674,6
2459760.572707,4.3342,-1.7668,8.0031,7.4464,8.1789,8.5674,6
2459760.590157,0.0746,8.8855,8.0031,7.4464,8.1789,8.5674,6
2459760.607927,2.1577,-11.6616,8.0031,7.4464,8.1789,8.5674,6
2459760.625257,1.9601,4.2396,8.0031,7.4464,8.1789,8.5674,6
2459760.687607,-4.7042,-6.2973,8.0031,7.4464,8.1789,8.5674,6
2459760.704627,-9.2869,-6.7586,8.0031,7.4464,8.1789,8.5674,6
2459760.726157,-13.9311,1.7829,8.0031,7.4464,8.1789,8.5674,6
2459760.743017,0.8473,-3.7165,8.0031,7.4464,8.1789,8.5674,6
2459760.782437,-2.1151,-8.5644,8.0031,7.4464,8.1789,8.5674,6
2459760.798817,-8.1382,-7.2254,8.0031,7.4464,8.1789,8.5674,6
2459760.815327,-1.8430,-8.9798,8.0031,7.4464,8.1789,8.5674,6
2459761.563697,-2.0135,-5.3780,8.0031,7.4464,8.1789,8.5674,6
2459761.599187,3.3444,-16.1202,8.0031,7.4464,8.1789,8.5674,6
2459761.632537,-10.9407,-12.3414,8.0031,7.4464,8.1789,8.5674,6
2459761.663507,-9.2224,-19.3952,8.0031,7.4464,8.1789,8.5674,6
2459761.697997,4.1428,-15.2182,8.0031,7.4464,8.1789,8.5674,6
2459761.791127,-2.1585,-2.3426,8.0031,7.4464,8.1789,8.5674,6
2459761.808327,-2.4489,-28.6995,8.0031,7.4464,8.1789,8.5674,6
2459762.725307,13.5382,-26.6129,8.0031,7.4464,8.1789,8.5674,6
2459762.820447,-12.6839,-6.4902,8.0031,7.4464,8.1789,8.5674,6
2459763.518137,-3.9852,-1.7652,8.0031,7.4464,8.1789,8.5674,6
2459763.534847,2.9308,-3.9505,8.0031,7.4464,8.1789,8.5674,6
2459763.660177,-1.1225,-12.0825,8.0031,7.4464,8.1789,8.5674,6
2459763.677657,-2.2080,-12.1052,8.0031,7.4464,8.1789,8.5674,6
2459763.694867,-9.2833,-6.3574,8.0031,7.4464,8.1789,8.5674,6
2459763.744217,5.4232,-2.7015,8.0031,7.4464,8.1789,8.5674,6
2459763.777847,-12.2501,-3.5558,8.0031,7.4464,8.1789,8.5674,6
2459764.540117,14.9131,-2.5600,8.0031,7.4464,8.1789,8.5674,6
2459764.574567,-4.8207,-1.2402,8.0031,7.4464,8.1789,8.5674,6
2459764.651437,4.5755,0.9637,8.0031,7.4464,8.1789,8.5674,6
2459764.685557,-13.3209,5.3988,8.0031,7.4464,8.1789,8.5674,6
2459765.492267,-9.8080,-21.1529,8.0031,7.4464,8.1789,8.5674,6
2459765.544697,-5.8280,10.4987,8.0031,7.4464,8.1789,8.5674,6
2459765.590107,6.5164,-2.0035,8.0031,7.4464,8.1789,8.5674,6
2459765.607677,1.7191,-3.5554,8.0031,7.4464,8.1789,8.5674,6
2459765.625487,-11.4177,12.2008,8.0031,7.4464,8.1789,8.5674,6
2459765.642797,-15.3027,-14.6101,8.0031,7.4464,8.1789,8.5674,6
2459765.677207,2.6933,0.6723,8.0031,7.4464,8.1789,8.5674,6
2459765.704267,-4.3991,-3.3736,8.0031,7.4464,8.1789,8.5674,6
2459765.721077,10.0884,1.2666,8.0031,7.4464,8.1789,8.5674,6
2459765.763517,0.8226,11.1429,8.0031,7.4464,8.1789,8.5674,6
2459765.780207,14.0925,-9.5028,8.0031,7.4464,8.1789,8.5674,6
2459766.537907,3.5078,-22.2406,8.0031,7.4464,8.1789,8.5674,6
2459766.624497,4.8968,17.5641,8.0031,7.4464,8.1789,8.5674,6
2459766.721337,-6.4596,-11.2292,8.0031,7.4464,8.1789,8.5674,6
2459766.755737,7.1173,-4.7123,8.0031,7.4464,8.1789,8.5674,6
2459766.772647,-1.1163,-21.5982,8.0031,7.4464,8.1789,8.5674,6
2459766.802317,3.1580,-16.8239,8.0031,7.4464,8.1789,8.5674,6
2459767.512997,-8.8447,5.2924,8.0031,7.4464,8.1789,8.5674,6
2459767.530467,-16.9126,0.7065,8.0031,7.4464,8.1789,8.5674,6
2459767.558077,-1.8803,-12.9592,8.0031,7.4464,8.1789,8.5674,6
2459767.579427,0.8054,-15.4261,8.0031,7.4464,8.1789,8.5674,6
2459767.596597,-0.5186,-0.4395,8.0031,7.4464,8.1789,8.5674,6
2459767.680297,4.7192,-15.3414,8.0031,7.4464,8.1789,8.5674,6
2459767.699447,11.7636,8.3294,8.0031,7.4464,8.1789,8.5674,6
2459767.733727,-5.8160,-10.5675,8.0031,7.4464,8.1789,8.5674,6
2459767.778687,1.3877,-8.7527,8.0031,7.4464,8.1789,8.5674,6
2459767.795357,-2.3994,-4.2830,8.0031,7.4464,8.1789,8.5674,6
2459767.812307,7.8674,-9.3577,8.0031,7.4464,8.1789,8.5674,6
2459769.520797,11.8611,-21.2013,8.0031,7.4464,8.1789,8.5674,6
2459769.557417,7.5731,-18.8767,8.0031,7.4464,8.1789,8.5674,6
2459769.595037,-3.5918,7.4190,8.0031,7.4464,8.1789,8.5674,6
2459769.634797,-10.6101,-7.9474,8.0031,7.4464,8.1789,8.5674,6
2459769.657697,-5.2894,-4.7946,8.0031,7.4464,8.1789,8.5674,6
2459769.676957,-5.0903,-18.6803,8.0031,7.4464,8.1789,8.5674,6
2459769.694357,-9.6137,-1.4291,8.0031,7.4464,8.1789,8.5674,6
2459769.711577,-0.2953,-1.2995,8.0031,7.4464,8.1789,8.5674,6
2459769.740797,-7.2467,-9.6195,8.0031,7.4464,8.1789,8.5674,6
2459769.757917,-16.7319,-17.6086,8.0031,7.4464,8.1789,8.5674,6
2459769.775207,4.5323,-2.5298,8.0031,7.4464,8.1789,8.5674,6
2459769.792347,6.4892,-6.7932,8.0031,7.4464,8.1789,8.5674,6
2459788.652817,7.8899,7.0925,8.0031,7.4464,8.1789,8.5674,6
2459788.691117,-2.3222,-18.9122,8.0031,7.4464,8.1789,8.5674,6
2459789.515337,-8.5842,5.2600,8.0031,7.4464,8.1789,8.5674,6
2459789.532537,10.4220,-18.2278,8.0031,7.4464,8.1789,8.5674,6
2459789.567447,-9.7359,-7.2515,8.0031,7.4464,8.1789,8.5674,6
2459789.649467,14.1593,-6.0717,8.0031,7.4464,8.1789,8.5674,6
2459789.703497,8.1445,14.0263,8.0031,7.4464,8.1789,8.5674,6
2459789.755637,10.6470,-2.4219,8.0031,7.4464,8.1789,8.5674,6
2459790.512957,12.3248,11.1768,8.0031,7.4464,8.1789,8.5674,6
2459790.530727,13.5493,-10.2932,8.0031,7.4464,8.1789,8.5674,6
2459790.614377,-7.2418,-21.6688,8.0031,7.4464,8.1789,8.5674,6
2459791.531617,-8.5255,-7.8118,8.0031,7.4464,8.1789,8.5674,6
2459791.560387,-0.4463,-6.6708,8.0031,7.4464,8.1789,8.5674,6
2459791.577477,-12.1218,6.8926,8.0031,7.4464,8.1789,8.5674,6
2459791.594487,7.4560,7.0309,8.0031,7.4464,8.1789,8.5674,6
2459791.611357,-8.5206,-18.2420,8.0031,7.4464,8.1789,8.5674,6
2459791.731807,1.4784,-11.3385,8.0031,7.4464,8.1789,8.5674,6
2459792.479937,10.7292,-11.9935,8.0031,7.4464,8.1789,8.5674,6
2459792.497217,-2.8939,-2.2280,8.0031,7.4464,8.1789,8.5674,6
2459792.532087,5.2567,-3.6136,8.0031,7.4464,8.1789,8.5674,6
2459792.552187,1.5766,-16.0818,8.0031,7.4464,8.1789,8.5674,6
2459792.573777,5.4280,-16.9900,8.0031,7.4464,8.1789,8.5674,6
2459792.601387,-1.2013,-1.1600,8.0031,7.4464,8.1789,8.5674,6
2459792.637177,3.6811,4.9742,8.0031,7.4464,8.1789,8.5674,6
2459792.654437,-5.6676,-15.0441,8.0031,7.4464,8.1789,8.5674,6
2459792.671397,0.0035,-8.2664,8.0031,7.4464,8.1789,8.5674,6
2459792.688547,-4.1277,-8.7464,8.0031,7.4464,8.1789,8.5674,6
2459792.726517,13.3685,-19.3897,8.0031,7.4464,8.1789,8.5674,6
2459793.472717,-17.2321,-1.0300,8.0031,7.4464,8.1789,8.5674,6
2459793.490447,-13.1146,-6.0056,8.0031,7.4464,8.1789,8.5674,6
2459793.507947,-5.1186,-7.4420,8.0031,7.4464,8.1789,8.5674,6
2459793.525637,-7.8405,-14.9925,8.0031,7.4464,8.1789,8.5674,6
2459793.571047,0.4282,-4.4025,8.0031,7.4464,8.1789,8.5674,6
2459793.588377,-6.0509,-0.7084,8.0031,7.4464,8.1789,8.5674,6
2459793.610737,-9.7463,2.8726,8.0031,7.4464,8.1789,8.5674,6
2459793.628137,-8.6912,-7.5167,8.0031,7.4464,8.1789,8.5674,6
2459793.645637,10.9943,-4.3008,8.0031,7.4464,8.1789,8.5674,6
2459793.686257,0.8521,-19.2284,8.0031,7.4464,8.1789,8.5674,6
2459793.703337,-8.9649,-7.7724,8.0031,7.4464,8.1789,8.5674,6
2459794.470327,12.6754,-26.6196,8.0031,7.4464,8.1789,8.5674,6
2459794.505007,-6.1923,-20.6314,8.0031,7.4464,8.1789,8.5674,6
2459794.645597,18.2976,-3.8841,8.0031,7.4464,8.1789,8.5674,6
2459796.472827,0.2880,-11.0363,8.0031,7.4464,8.1789,8.5674,6
2459796.492917,0.6950,-4.6769,8.0031,7.4464,8.1789,8.5674,6
2459796.524467,-4.9543,-10.3640,8.0031,7.4464,8.1789,8.5674,6
2459796.544387,2.8269,-3.9582,8.0031,7.4464,8.1789,8.5674,6
2459796.561407,-2.5315,-5.1860,8.0031,7.4464,8.1789,8.5674,6
2459796.578747,3.4838,-12.0982,8.0031,7.4464,8.1789,8.5674,6
2459796.597207,-10.1691,-21.6282,8.0031,7.4464,8.1789,8.5674,6
2459796.625447,-17.3631,-6.4180,8.0031,7.4464,8.1789,8.5674,6
2459796.642627,-7.7175,3.7593,8.0031,7.4464,8.1789,8.5674,6
2459796.660187,-11.5205,-6.8285,8.0031,7.4464,8.1789,8.5674,6
2459796.677527,-0.5755,-2.2827,8.0031,7.4464,8.1789,8.5674,6
2459796.694637,0.1936,-7.7158,8.0031,7.4464,8.1789,8.5674,6
2459796.712747,-5.5042,-2.5448,8.0031,7.4464,8.1789,8.5674,6
2459804.483467,6.1026,-15.7037,8.0031,7.4464,8.1789,8.5674,6
2459804.501667,7.1986,10.3006,8.0031,7.4464,8.1789,8.5674,6
2459804.519467,-3.0078,-6.9063,8.0031,7.4464,8.1789,8.5674,6
2459804.548557,-7.7312,-0.0344,8.0031,7.4464,8.1789,8.5674,6
2459804.566097,-5.5040,-5.3508,8.0031,7.4464,8.1789,8.5674,6
2459804.584237,-1.5897,5.9650,8.0031,7.4464,8.1789,8.5674,6
2459804.651697,-0.5668,2.6669,8.0031,7.4464,8.1789,8.5674,6
2459804.669177,-1.8057,-12.3504,8.0031,7.4464,8.1789,8.5674,6
2459804.703977,-11.1226,6.3254,8.0031,7.4464,8.1789,8.5674,6
2459805.528317,6.0297,-4.0716,8.0031,7.4464,8.1789,8.5674,6
2459805.545647,0.8678,-5.7084,8.0031,7.4464,8.1789,8.5674,6
2459805.563457,-14.5321,-3.2126,8.0031,7.4464,8.1789,8.5674,6
2459805.580697,-4.1535,-17.3100,8.0031,7.4464,8.1789,8.5674,6
2459805.608387,0.9980,-6.2463,8.0031,7.4464,8.1789,8.5674,6
2459805.659047,-14.1763,-8.8376,8.0031,7.4464,8.1789,8.5674,6
2459805.675617,-3.6181,-21.0064,8.0031,7.4464,8.1789,8.5674,6
2459805.692507,-3.0634,-16.2449,8.0031,7.4464,8.1789,8.5674,6
2459807.680427,-14.9368,-26.3400,8.0031,7.4464,8.1789,8.5674,6
2459808.487087,-7.0693,-21.9458,8.0031,7.4464,8.1789,8.5674,6
2459808.504247,-2.0180,-12.1185,8.0031,7.4464,8.1789,8.5674,6
2459808.533377,-13.5848,-27.4195,8.0031,7.4464,8.1789,8.5674,6
2459808.550827,-18.4194,-3.2766,8.0031,7.4464,8.1789,8.5674,6
2459808.569817,-3.1128,-6.2198,8.0031,7.4464,8.1789,8.5674,6
2459808.586737,-15.0901,-14.0141,8.0031,7.4464,8.1789,8.5674,6
2459808.603847,-12.8071,-9.6656,8.0031,7.4464,8.1789,8.5674,6
2459808.636867,-19.0869,-5.7253,8.0031,7.4464,8.1789,8.5674,6
2459809.684567,-0.7037,0.8310,8.0031,7.4464,8.1789,8.5674,6
2459810.486607,-6.0084,-4.9901,8.0031,7.4464,8.1789,8.5674,6
2459810.506937,-5.0632,-11.4921,8.0031,7.4464,8.1789,8.5674,6
2459810.562547,-8.4811,-9.8956,8.0031,7.4464,8.1789,8.5674,6
2459810.579427,-13.9464,-7.1924,8.0031,7.4464,8.1789,8.5674,6
2459810.601887,-6.4190,-18.9377,8.0031,7.4464,8.1789,8.5674,6
2459810.638187,-3.9924,-19.6997,8.0031,7.4464,8.1789,8.5674,6
2459811.473127,-7.4098,7.7664,8.0031,7.4464,8.1789,8.5674,6
2459811.490777,-10.8913,-13.1695,8.0031,7.4464,8.1789,8.5674,6
2459811.507687,-12.8165,-2.3526,8.0031,7.4464,8.1789,8.5674,6
2459811.524877,-2.8735,1.4856,8.0031,7.4464,8.1789,8.5674,6
2459811.541937,4.6785,4.2739,8.0031,7.4464,8.1789,8.5674,6
2459811.572417,1.3809,-11.7144,8.0031,7.4464,8.1789,8.5674,6
2459811.592117,-5.7588,-4.8759,8.0031,7.4464,8.1789,8.5674,6
2459811.615377,-0.8863,-7.9578,8.0031,7.4464,8.1789,8.5674,6
2459811.684797,4.1458,-1.2658,8.0031,7.4464,8.1789,8.5674,6
2459812.477807,-14.0936,-12.0221,8.0031,7.4464,8.1789,8.5674,6
2459812.496377,-6.0075,-12.3123,8.0031,7.4464,8.1789,8.5674,6
2459812.514907,-10.1446,-13.1910,8.0031,7.4464,8.1789,8.5674,6
2459812.535647,-16.4456,-21.0142,8.0031,7.4464,8.1789,8.5674,6
2459812.568157,-2.9429,-18.6031,8.0031,7.4464,8.1789,8.5674,6
2459812.601777,-9.5157,-11.5697,8.0031,7.4464,8.1789,8.5674,6
2459812.669707,7.6596,-15.3357,8.0031,7.4464,8.1789,8.5674,6
2459812.686337,6.3130,-15.1389,8.0031,7.4464,8.1789,8.5674,6
2459813.476527,-7.3253,0.7288,8.0031,7.4464,8.1789,8.5674,6
2459813.494597,-13.6284,-18.7002,8.0031,7.4464,8.1789,8.5674,6
2459813.511507,-9.3983,-11.1403,8.0031,7.4464,8.1789,8.5674,6
2459813.546867,1.0796,-15.1853,8.0031,7.4464,8.1789,8.5674,6
2459813.575887,-14.4998,-30.0552,8.0031,7.4464,8.1789,8.5674,6
2459813.598817,-18.2833,-21.7576,8.0031,7.4464,8.1789,8.5674,6
2459813.612967,-7.3423,-21.5601,8.0031,7.4464,8.1789,8.5674,6
2459813.629987,2.3804,3.7337,8.0031,7.4464,8.1789,8.5674,6
2459813.676257,0.3207,-17.0005,8.0031,7.4464,8.1789,8.5674,6
2459814.478977,-10.0987,-10.0963,8.0031,7.4464,8.1789,8.5674,6
2459814.498827,-4.1307,-4.2526,8.0031,7.4464,8.1789,8.5674,6
2459814.520607,-7.3619,-23.6845,8.0031,7.4464,8.1789,8.5674,6
2459814.539367,1.2724,-12.5797,8.0031,7.4464,8.1789,8.5674,6
2459814.590577,-5.2588,-10.0121,8.0031,7.4464,8.1789,8.5674,6
2459814.614087,1.3046,-11.6342,8.0031,7.4464,8.1789,8.5674,6
2459814.649547,3.0162,-12.8408,8.0031,7.4464,8.1789,8.5674,6
2459814.676897,-4.3868,-14.6745,8.0031,7.4464,8.1789,8.5674,6
2459815.480537,-5.2171,-13.9314,8.0031,7.4464,8.1789,8.5674,6
2459815.517777,2.4473,1.8289,8.0031,7.4464,8.1789,8.5674,6
2459815.538847,1.9892,-20.0691,8.0031,7.4464,8.1789,8.5674,6
2459815.558977,-15.6424,-15.6421,8.0031,7.4464,8.1789,8.5674,6
2459815.586517,-3.1130,-19.1569,8.0031,7.4464,8.1789,8.5674,6
2459815.603197,-5.8574,-6.1250,8.0031,7.4464,8.1789,8.5674,6
2459815.655507,-0.5366,4.1227,8.0031,7.4464,8.1789,8.5674,6
2459815.672327,0.5764,-21.1077,8.0031,7.4464,8.1789,8.5674,6
2459816.505867,-3.8648,-10.0138,8.0031,7.4464,8.1789,8.5674,6
2459816.523117,1.6907,-3.7529,8.0031,7.4464,8.1789,8.5674,6
2459816.539657,-7.1680,-0.3219,8.0031,7.4464,8.1789,8.5674,6
2459816.567337,-4.3202,-13.1102,8.0031,7.4464,8.1789,8.5674,6
2459816.584477,-0.0951,-3.1715,8.0031,7.4464,8.1789,8.5674,6
2459816.611697,-0.3093,-6.8994,8.0031,7.4464,8.1789,8.5674,6
2459816.633227,11.1813,6.0152,8.0031,7.4464,8.1789,8.5674,6
2459817.479327,-4.3930,-9.2828,8.0031,7.4464,8.1789,8.5674,6
2459817.509547,-4.6775,7.1415,8.0031,7.4464,8.1789,8.5674,6
2459817.526927,-9.3701,-5.4348,8.0031,7.4464,8.1789,8.5674,6
2459817.548387,-17.0922,-13.4636,8.0031,7.4464,8.1789,8.5674,6
2459817.565977,-5.4134,-10.9462,8.0031,7.4464,8.1789,8.5674,6
2459817.582927,-2.7640,-14.5002,8.0031,7.4464,8.1789,8.5674,6
2459817.599807,-0.1038,-5.7638,8.0031,7.4464,8.1789,8.5674,6
2459817.650727,6.7972,-11.7796,8.0031,7.4464,8.1789,8.5674,6
2459818.486157,-6.6060,5.5523,8.0031,7.4464,8.1789,8.5674,6
2459818.503467,-4.5970,-14.7476,8.0031,7.4464,8.1789,8.5674,6
2459818.531087,-9.7056,-25.6836,8.0031,7.4464,8.1789,8.5674,6
2459818.547867,-0.1414,-7.9401,8.0031,7.4464,8.1789,8.5674,6
2459818.565087,-3.6829,-4.4602,8.0031,7.4464,8.1789,8.5674,6
2459818.582517,-5.8963,-16.0902,8.0031,7.4464,8.1789,8.5674,6
2459818.631187,-13.2109,-19.3052,8.0031,7.4464,8.1789,8.5674,6
2459818.670507,-10.0420,-2.7656,8.0031,7.4464,8.1789,8.5674,6
2459819.487507,-4.4696,-10.4658,8.0031,7.4464,8.1789,8.5674,6
2459819.536677,-15.8125,-7.2924,8.0031,7.4464,8.1789,8.5674,6
2459819.554267,8.7711,-22.9651,8.0031,7.4464,8.1789,8.5674,6
2459819.571357,-6.2787,-11.1529,8.0031,7.4464,8.1789,8.5674,6
2459819.588347,2.2335,-12.9158,8.0031,7.4464,8.1789,8.5674,6
2459819.605897,-5.8221,-10.8223,8.0031,7.4464,8.1789,8.5674,6
2459819.623037,2.1227,-12.8135,8.0031,7.4464,8.1789,8.5674,6
2459819.650437,-10.2615,-13.7903,8.0031,7.4464,8.1789,8.5674,6
2459820.486867,-15.3205,-20.4119,8.0031,7.4464,8.1789,8.5674,6
2459820.503767,-1.8088,-12.3845,8.0031,7.4464,8.1789,8.5674,6
2459820.520897,-12.7497,-20.4020,8.0031,7.4464,8.1789,8.5674,6
2459820.580067,-3.5468,-10.2277,8.0031,7.4464,8.1789,8.5674,6
2459820.601757,-4.3707,-13.5766,8.0031,7.4464,8.1789,8.5674,6
2459820.618297,-16.2116,-9.0461,8.0031,7.4464,8.1789,8.5674,6
2459820.635567,-1.0813,-6.8149,8.0031,7.4464,8.1789,8.5674,6
2459821.492837,-8.6908,4.2904,8.0031,7.4464,8.1789,8.5674,6
2459821.526807,-6.4717,-4.9931,8.0031,7.4464,8.1789,8.5674,6
2459821.545537,-5.9814,-9.7067,8.0031,7.4464,8.1789,8.5674,6
2459821.567737,1.5308,-1.2591,8.0031,7.4464,8.1789,8.5674,6
2459821.584807,-9.2892,-19.3253,8.0031,7.4464,8.1789,8.5674,6
2459821.612467,-18.4253,-6.1649,8.0031,7.4464,8.1789,8.5674,6
2459822.478447,-17.9734,-5.7083,8.0031,7.4464,8.1789,8.5674,6
2459822.495227,-4.9482,-5.8747,8.0031,7.4464,8.1789,8.5674,6
2459822.522827,-13.5838,-29.1906,8.0031,7.4464,8.1789,8.5674,6
2459822.539917,7.2536,-20.7629,8.0031,7.4464,8.1789,8.5674,6
2459822.556937,-12.3743,-6.8234,8.0031,7.4464,8.1789,8.5674,6
2459822.573427,-10.2395,-3.2169,8.0031,7.4464,8.1789,8.5674,6
2459822.590237,-17.8218,2.4490,8.0031,7.4464,8.1789,8.5674,6
2459824.569207,4.0243,1.4482,8.0031,7.4464,8.1789,8.5674,6
2459824.608387,-6.7945,2.8778,8.0031,7.4464,8.1789,8.5674,6
2459824.625307,-0.5007,1.8408,8.0031,7.4464,8.1789,8.5674,6
2459824.642377,-10.8406,-8.6572,8.0031,7.4464,8.1789,8.5674,6
2459825.488527,9.2633,-8.9079,8.0031,7.4464,8.1789,8.5674,6
2459825.586487,8.5269,0.9683,8.0031,7.4464,8.1789,8.5674,6
2459825.654757,-14.8343,5.4113,8.0031,7.4464,8.1789,8.5674,6
2459826.498717,10.5981,-25.3952,8.0031,7.4464,8.1789,8.5674,6
2459826.530067,-14.3170,-12.8066,8.0031,7.4464,8.1789,8.5674,6
2459826.547177,-0.9641,-14.6394,8.0031,7.4464,8.1789,8.5674,6
2459826.564717,2.7315,-3.7370,8.0031,7.4464,8.1789,8.5674,6
2459826.581887,8.3550,5.3909,8.0031,7.4464,8.1789,8.5674,6
2459828.491287,-0.2269,-0.4352,8.0031,7.4464,8.1789,8.5674,6
2459828.494017,4.2286,-2.4023,8.0031,7.4464,8.1789,8.5674,6
2459829.481827,-1.1865,-12.2672,8.0031,7.4464,8.1789,8.5674,6
2459829.511897,-3.6709,1.2967,8.0031,7.4464,8.1789,8.5674,6
2459829.529287,1.1116,-1.6390,8.0031,7.4464,8.1789,8.5674,6
2459829.546917,0.3324,8.4393,8.0031,7.4464,8.1789,8.5674,6
2459831.617497,-15.9536,-12.6470,8.0031,7.4464,8.1789,8.5674,6
2459832.492787,-10.8943,0.3924,8.0031,7.4464,8.1789,8.5674,6
2459832.509957,0.6131,-1.1880,8.0031,7.4464,8.1789,8.5674,6
2459832.554007,-10.8100,-9.7079,8.0031,7.4464,8.1789,8.5674,6
2459832.572367,-1.1812,-19.3124,8.0031,7.4464,8.1789,8.5674,6
2459832.610477,4.0447,-0.7832,8.0031,7.4464,8.1789,8.5674,6
2459832.627447,-7.2103,-4.9062,8.0031,7.4464,8.1789,8.5674,6
2459833.513487,-11.3278,-9.1158,8.0031,7.4464,8.1789,8.5674,6
2459833.547077,-14.7763,12.9662,8.0031,7.4464,8.1789,8.5674,6
2459834.483317,-8.4121,-14.6960,8.0031,7.4464,8.1789,8.5674,6
2459834.505607,-11.7662,5.3333,8.0031,7.4464,8.1789,8.5674,6
2459834.522817,-3.7794,-5.4865,8.0031,7.4464,8.1789,8.5674,6
2459834.544757,-3.9369,-11.7376,8.0031,7.4464,8.1789,8.5674,6
2459834.573617,-3.1287,-12.9967,8.0031,7.4464,8.1789,8.5674,6
2459834.590377,-13.6592,-12.6469,8.0031,7.4464,8.1789,8.5674,6
2459834.608897,13.2230,-9.9509,8.0031,7.4464,8.1789,8.5674,6
2459834.625767,-4.7546,-2.4011,8.0031,7.4464,8.1789,8.5674,6
2459835.550427,-1.5089,-6.0292,8.0031,7.4464,8.1789,8.5674,6
2459835.567537,8.3199,-28.0465,8.0031,7.4464,8.1789,8.5674,6
2459835.585747,-20.0999,-6.9081,8.0031,7.4464,8.1789,8.5674,6
2459835.602437,-3.2035,1.4272,8.0031,7.4464,8.1789,8.5674,6
2459836.577147,-5.4639,13.7094,8.0031,7.4464,8.1789,8.5674,6
2459837.484627,-8.7922,-8.0127,8.0031,7.4464,8.1789,8.5674,6
2459837.501477,-16.7988,-3.4040,8.0031,7.4464,8.1789,8.5674,6
2459837.546057,8.9285,-5.5398,8.0031,7.4464,8.1789,8.5674,6
2459837.562917,1.1944,9.0960,8.0031,7.4464,8.1789,8.5674,6
2459837.579807,5.2798,-1.5415,8.0031,7.4464,8.1789,8.5674,6
2459837.596417,2.9121,-5.4216,8.0031,7.4464,8.1789,8.5674,6
2459837.623647,2.5738,0.6029,8.0031,7.4464,8.1789,8.5674,6
2459838.502767,-0.3238,-6.2409,8.0031,7.4464,8.1789,8.5674,6
2459838.520107,-7.4102,-7.0624,8.0031,7.4464,8.1789,8.5674,6
2459838.536837,10.1897,-11.1137,8.0031,7.4464,8.1789,8.5674,6
2459838.553567,7.0777,-3.4032,8.0031,7.4464,8.1789,8.5674,6
2459838.570757,9.2588,-17.0685,8.0031,7.4464,8.1789,8.5674,6
2459838.587347,13.9323,-10.1325,8.0031,7.4464,8.1789,8.5674,6
2459838.615347,19.2309,-17.6893,8.0031,7.4464,8.1789,8.5674,6
2459840.564087,5.9608,12.7817,8.0031,7.4464,8.1789,8.5674,6
2459840.612697,5.9052,11.3367,8.0031,7.4464,8.1789,8.5674,6
2459841.589907,11.6557,4.3080,8.0031,7.4464,8.1789,8.5674,6
2459842.526627,1.6096,8.5377,8.0031,7.4464,8.1789,8.5674,6
2459842.543747,-0.5965,3.6430,8.0031,7.4464,8.1789,8.5674,6
2459843.512957,-0.1888,1.5269,8.0031,7.4464,8.1789,8.5674,6
2459843.555227,-20.3480,-0.4459,8.0031,7.4464,8.1789,8.5674,6
2459843.582477,-10.1214,-10.1195,8.0031,7.4464,8.1789,8.5674,6
2459844.522447,-6.4355,-21.0067,8.0031,7.4464,8.1789,8.5674,6
2459844.570397,4.0320,-5.5201,8.0031,7.4464,8.1789,8.5674,6
2459844.587437,-4.0631,-13.3922,8.0031,7.4464,8.1789,8.5674,6
2459845.500007,-4.4217,-5.9172,8.0031,7.4464,8.1789,8.5674,6
2459845.521277,-8.6598,-11.0213,8.0031,7.4464,8.1789,8.5674,6
2459845.542067,-6.5381,-4.0927,8.0031,7.4464,8.1789,8.5674,6
2459845.570117,-0.4522,-12.4167,8.0031,7.4464,8.1789,8.5674,6
2459845.587247,-1.3840,5.4313,8.0031,7.4464,8.1789,8.5674,6
2459846.490637,-13.6153,3.3181,8.0031,7.4464,8.1789,8.5674,6
2459846.508087,-7.6347,-4.2521,8.0031,7.4464,8.1789,8.5674,6
2459846.524987,-8.7269,8.1995,8.0031,7.4464,8.1789,8.5674,6
2459846.569297,-2.8584,-17.0874,8.0031,7.4464,8.1789,8.5674,6
2459847.523127,-13.5758,4.0822,8.0031,7.4464,8.1789,8.5674,6
2459848.498707,-10.0952,-14.1839,8.0031,7.4464,8.1789,8.5674,6
2459848.534077,-8.1431,-7.4388,8.0031,7.4464,8.1789,8.5674,6
2459848.550777,-1.2789,-19.7209,8.0031,7.4464,8.1789,8.5674,6
2459848.578037,-16.3090,-23.9386,8.0031,7.4464,8.1789,8.5674,6
2459849.505657,10.4481,5.2423,8.0031,7.4464,8.1789,8.5674,6
2459849.539357,3.2353,-8.0997,8.0031,7.4464,8.1789,8.5674,6
2459849.555857,21.1006,4.1081,8.0031,7.4464,8.1789,8.5674,6
2459851.487037,-12.4803,-21.7885,8.0031,7.4464,8.1789,8.5674,6
2459851.521287,-4.9447,-3.8063,8.0031,7.4464,8.1789,8.5674,6
2459851.558007,2.4265,-10.2948,8.0031,7.4464,8.1789,8.5674,6
2459852.502187,-14.8461,8.4025,8.0031,7.4464,8.1789,8.5674,6
2459852.523177,-12.3957,-3.6025,8.0031,7.4464,8.1789,8.5674,6
2459852.540287,-4.8146,-9.3855,8.0031,7.4464,8.1789,8.5674,6
2459853.500967,-2.1055,-0.4827,8.0031,7.4464,8.1789,8.5674,6
2459853.524597,-10.7973,-8.4987,8.0031,7.4464,8.1789,8.5674,6
2459853.541527,-11.9107,-16.8079,8.0031,7.4464,8.1789,8.5674,6
2459853.578317,-4.5487,-15.9451,8.0031,7.4464,8.1789,8.5674,6
2459859.516247,-3.8854,-9.6323,8.0031,7.4464,8.1789,8.5674,6
2459859.533117,-2.9985,-12.6887,8.0031,7.4464,8.1789,8.5674,6
2459859.549667,-20.4389,0.2036,8.0031,7.4464,8.1789,8.5674,6
2459860.551797,-15.4834,2.8960,8.0031,7.4464,8.1789,8.5674,6
2459861.512937,0.8614,-2.0490,8.0031,7.4464,8.1789,8.5674,6
2459861.547657,-13.7779,-17.3244,8.0031,7.4464,8.1789,8.5674,6
2459862.503657,-3.7402,-26.5686,8.0031,7.4464,8.1789,8.5674,6
2459864.507827,-0.9930,-19.4191,8.0031,7.4464,8.1789,8.5674,6
2459864.534607,1.7423,-10.5386,8.0031,7.4464,8.1789,8.5674,6
2459865.498627,-8.8187,-17.3102,8.0031,7.4464,8.1789,8.5674,6
2459865.517287,-15.6721,-3.1109,8.0031,7.4464,8.1789,8.5674,6
2459865.520087,1.8041,-8.7364,8.0031,7.4464,8.1789,8.5674,6
2459866.499197,-8.7558,-5.4624,8.0031,7.4464,8.1789,8.5674,6
2459866.517177,-10.0387,-1.4409,8.0031,7.4464,8.1789,8.5674,6
2459866.534227,0.0497,-15.1241,8.0031,7.4464,8.1789,8.5674,6
2459867.521457,-8.9282,-8.2101,8.0031,7.4464,8.1789,8.5674,6
2459867.537947,0.6290,-21.7593,8.0031,7.4464,8.1789,8.5674,6
2459868.509667,-6.4929,1.0437,8.0031,7.4464,8.1789,8.5674,6
2459868.526887,-10.1082,-16.0964,8.0031,7.4464,8.1789,8.5674,6
2459869.499777,-11.0326,-8.1463,8.0031,7.4464,8.1789,8.5674,6
2459869.526727,-9.7932,3.5632,8.0031,7.4464,8.1789,8.5674,6
2459870.533197,-2.1451,-3.7413,8.0031,7.4464,8.1789,8.5674,6
2459871.507647,-15.9971,-4.3267,8.0031,7.4464,8.1789,8.5674,6
2459873.506067,-11.4199,-14.7600,8.0031,7.4464,8.1789,8.5674,6
2459873.523257,-7.1815,6.4111,8.0031,7.4464,8.1789,8.5674,6
2459995.863897,-7.1293,-24.8401,8.0031,7.4464,7.4694,8.2343,7
2459996.884627,-2.4388,-8.8182,8.0031,7.4464,7.4694,8.2343,7
2459997.857797,-3.3181,0.7645,8.0031,7.4464,7.4694,8.2343,7
2459997.875417,-5.1309,-6.3823,8.0031,7.4464,7.4694,8.2343,7
2459997.893277,-5.1359,-22.6911,8.0031,7.4464,7.4694,8.2343,7
2459998.874567,-0.9841,-30.4561,8.0031,7.4464,7.4694,8.2343,7
2459999.857997,-2.9143,-2.0325,8.0031,7.4464,7.4694,8.2343,7
2459999.875247,-10.0976,-8.6613,8.0031,7.4464,7.4694,8.2343,7
2460000.892057,3.5083,-23.7067,8.0031,7.4464,7.4694,8.2343,7
2460001.859917,7.0547,-20.8354,8.0031,7.4464,7.4694,8.2343,7
2460001.894757,-9.7228,-7.0474,8.0031,7.4464,7.4694,8.2343,7
2460002.851987,4.7003,-12.6302,8.0031,7.4464,7.4694,8.2343,7
2460002.869847,-6.8057,-21.7928,8.0031,7.4464,7.4694,8.2343,7
2460002.887597,-6.3912,-8.8061,8.0031,7.4464,7.4694,8.2343,7
2460003.842887,5.9210,-23.7463,8.0031,7.4464,7.4694,8.2343,7
2460003.860717,-9.6144,-9.3487,8.0031,7.4464,7.4694,8.2343,7
2460003.877887,-5.8981,-20.2996,8.0031,7.4464,7.4694,8.2343,7
2460003.897937,-1.6866,-4.3220,8.0031,7.4464,7.4694,8.2343,7
2460004.841867,-5.0215,-15.8773,8.0031,7.4464,7.4694,8.2343,7
2460005.845257,1.8069,-27.8540,8.0031,7.4464,7.4694,8.2343,7
2460005.862587,9.9829,-24.1419,8.0031,7.4464,7.4694,8.2343,7
2460005.890397,-1.1469,-23.3641,8.0031,7.4464,7.4694,8.2343,7
2460006.831177,0.7408,-11.5524,8.0031,7.4464,7.4694,8.2343,7
2460006.867727,-2.6188,-18.7986,8.0031,7.4464,7.4694,8.2343,7
2460007.833027,3.4020,-10.1859,8.0031,7.4464,7.4694,8.2343,7
2460007.850717,-5.0531,4.4598,8.0031,7.4464,7.4694,8.2343,7
2460007.867937,-5.4339,-15.5173,8.0031,7.4464,7.4694,8.2343,7
2460008.861117,0.2469,-6.7455,8.0031,7.4464,7.4694,8.2343,7
2460009.840667,6.9376,-0.9523,8.0031,7.4464,7.4694,8.2343,7
2460009.858047,2.7862,-7.1709,8.0031,7.4464,7.4694,8.2343,7
2460011.823397,-5.7459,-6.8919,8.0031,7.4464,7.4694,8.2343,7
2460011.840967,1.6500,-20.2413,8.0031,7.4464,7.4694,8.2343,7
2460011.858927,-5.6495,-29.4227,8.0031,7.4464,7.4694,8.2343,7
2460011.896747,-11.1828,-4.4548,8.0031,7.4464,7.4694,8.2343,7
2460012.832257,1.9982,-2.7964,8.0031,7.4464,7.4694,8.2343,7
2460012.867667,6.1960,-28.2519,8.0031,7.4464,7.4694,8.2343,7
2460013.814237,4.1228,-21.5093,8.0031,7.4464,7.4694,8.2343,7
2460013.858397,-6.6488,-22.2034,8.0031,7.4464,7.4694,8.2343,7
2460014.822367,4.6601,-12.3295,8.0031,7.4464,7.4694,8.2343,7
2460014.839737,-14.9636,-0.1897,8.0031,7.4464,7.4694,8.2343,7
2460014.857717,-9.1796,-16.5041,8.0031,7.4464,7.4694,8.2343,7
2460014.860777,5.2052,-21.7186,8.0031,7.4464,7.4694,8.2343,7
2460014.884187,-9.4128,-14.6223,8.0031,7.4464,7.4694,8.2343,7
2460015.905627,-7.6761,-14.5518,8.0031,7.4464,7.4694,8.2343,7
2460016.811687,8.3233,-16.7777,8.0031,7.4464,7.4694,8.2343,7
2460016.828847,-1.7625,-27.8179,8.0031,7.4464,7.4694,8.2343,7
2460016.846457,8.9311,-14.9971,8.0031,7.4464,7.4694,8.2343,7
2460016.874077,-9.7917,-12.5497,8.0031,7.4464,7.4694,8.2343,7
2460016.908577,6.4369,-0.9807,8.0031,7.4464,7.4694,8.2343,7
2460017.844277,-9.6679,-31.2964,8.0031,7.4464,7.4694,8.2343,7
2460017.891117,7.7444,-1.3756,8.0031,7.4464,7.4694,8.2343,7
2460019.802747,-4.0453,-8.2535,8.0031,7.4464,7.4694,8.2343,7
2460019.841247,10.4847,-13.0161,8.0031,7.4464,7.4694,8.2343,7
2460019.858737,-8.4317,-13.6292,8.0031,7.4464,7.4694,8.2343,7
2460019.875707,5.1376,-3.7473,8.0031,7.4464,7.4694,8.2343,7
2460019.903747,-1.9939,-8.6090,8.0031,7.4464,7.4694,8.2343,7
2460020.800917,3.8638,-9.6319,8.0031,7.4464,7.4694,8.2343,7
2460020.840357,-14.2525,-19.5065,8.0031,7.4464,7.4694,8.2343,7
2460020.876367,-0.0686,-13.1927,8.0031,7.4464,7.4694,8.2343,7
2460020.911057,9.4121,0.5034,8.0031,7.4464,7.4694,8.2343,7
2460021.857887,6.7074,-20.2619,8.0031,7.4464,7.4694,8.2343,7
2460021.861447,-15.3487,-16.8871,8.0031,7.4464,7.4694,8.2343,7
2460021.896097,4.2111,-9.3579,8.0031,7.4464,7.4694,8.2343,7
2460022.813457,-6.2426,-23.0418,8.0031,7.4464,7.4694,8.2343,7
2460022.848607,9.0427,-16.3225,8.0031,7.4464,7.4694,8.2343,7
2460023.810737,0.1544,-23.4390,8.0031,7.4464,7.4694,8.2343,7
2460023.827867,-8.0009,-18.1160,8.0031,7.4464,7.4694,8.2343,7
2460023.845687,-3.8357,-6.7342,8.0031,7.4464,7.4694,8.2343,7
2460023.890637,7.9496,-24.1095,8.0031,7.4464,7.4694,8.2343,7
2460024.793967,9.1173,-15.6743,8.0031,7.4464,7.4694,8.2343,7
2460024.823397,-6.9322,-0.1305,8.0031,7.4464,7.4694,8.2343,7
2460024.894557,-7.7477,-21.1908,8.0031,7.4464,7.4694,8.2343,7
2460025.825057,-6.5917,-13.2980,8.0031,7.4464,7.4694,8.2343,7
2460025.849717,-2.9097,-23.6508,8.0031,7.4464,7.4694,8.2343,7
2460025.869937,-7.9435,-16.4844,8.0031,7.4464,7.4694,8.2343,7
2460025.901617,1.0607,-14.6891,8.0031,7.4464,7.4694,8.2343,7
2460025.919087,4.4001,-9.6506,8.0031,7.4464,7.4694,8.2343,7
2460026.830817,-4.7221,-9.7254,8.0031,7.4464,7.4694,8.2343,7
2460026.865577,0.2883,-24.1796,8.0031,7.4464,7.4694,8.2343,7
2460026.900377,-5.5758,-14.0695,8.0031,7.4464,7.4694,8.2343,7
2460027.780427,-6.5676,-17.0295,8.0031,7.4464,7.4694,8.2343,7
2460027.798027,0.2373,-12.7060,8.0031,7.4464,7.4694,8.2343,7
2460027.816147,-15.9265,-18.1866,8.0031,7.4464,7.4694,8.2343,7
2460027.833557,-3.5038,-15.3050,8.0031,7.4464,7.4694,8.2343,7
2460027.851247,-15.5494,-16.9617,8.0031,7.4464,7.4694,8.2343,7
2460027.870267,-2.6284,-7.7659,8.0031,7.4464,7.4694,8.2343,7
2460027.902627,-0.5157,-21.3266,8.0031,7.4464,7.4694,8.2343,7
2460027.920017,2.8228,-5.5472,8.0031,7.4464,7.4694,8.2343,7
2460028.786777,-9.2990,-3.3301,8.0031,7.4464,7.4694,8.2343,7
2460028.804757,9.4148,-28.0900,8.0031,7.4464,7.4694,8.2343,7
2460028.844237,-3.5180,-12.3391,8.0031,7.4464,7.4694,8.2343,7
2460028.861827,-9.4523,-27.7678,8.0031,7.4464,7.4694,8.2343,7
2460028.879777,-5.3105,-15.7155,8.0031,7.4464,7.4694,8.2343,7
2460028.915637,-13.9000,-7.6933,8.0031,7.4464,7.4694,8.2343,7
2460029.799127,-7.8742,-19.5672,8.0031,7.4464,7.4694,8.2343,7
2460029.816867,1.4869,-21.9831,8.0031,7.4464,7.4694,8.2343,7
2460029.833937,-6.5579,-21.4100,8.0031,7.4464,7.4694,8.2343,7
2460029.851397,3.9782,-15.1436,8.0031,7.4464,7.4694,8.2343,7
2460029.888067,-4.2223,-2.9144,8.0031,7.4464,7.4694,8.2343,7
2460029.905107,6.1452,-13.2946,8.0031,7.4464,7.4694,8.2343,7
2460029.907807,-3.5037,-13.3946,8.0031,7.4464,7.4694,8.2343,7
2460030.877617,-6.6744,-15.3013,8.0031,7.4464,7.4694,8.2343,7
2460030.895367,-9.1747,-5.7127,8.0031,7.4464,7.4694,8.2343,7
2460030.912277,-0.4547,-9.2256,8.0031,7.4464,7.4694,8.2343,7
2460031.852097,-1.8237,-13.0737,8.0031,7.4464,7.4694,8.2343,7
2460031.869407,-7.0358,-29.2906,8.0031,7.4464,7.4694,8.2343,7
2460031.906017,-10.7910,-21.6986,8.0031,7.4464,7.4694,8.2343,7
2460032.776117,1.2354,-25.5070,8.0031,7.4464,7.4694,8.2343,7
2460032.798697,-9.3054,-19.0322,8.0031,7.4464,7.4694,8.2343,7
2460032.801427,-3.2181,-18.8160,8.0031,7.4464,7.4694,8.2343,7
2460032.817847,1.7623,-6.6806,8.0031,7.4464,7.4694,8.2343,7
2460032.848007,-9.9195,-16.3514,8.0031,7.4464,7.4694,8.2343,7
2460032.866297,-5.1260,-22.4722,8.0031,7.4464,7.4694,8.2343,7
2460032.884017,6.2319,-24.9535,8.0031,7.4464,7.4694,8.2343,7
2460032.900757,-11.1603,-23.0538,8.0031,7.4464,7.4694,8.2343,7
2460033.859127,3.4787,-16.8924,8.0031,7.4464,7.4694,8.2343,7
2460033.914167,-4.0877,-6.1714,8.0031,7.4464,7.4694,8.2343,7
2460035.785517,-5.6447,-17.7679,8.0031,7.4464,7.4694,8.2343,7
2460035.891877,-9.3206,-26.9906,8.0031,7.4464,7.4694,8.2343,7
2460036.800227,-1.3878,-20.7719,8.0031,7.4464,7.4694,8.2343,7
2460036.858987,-7.4422,-21.3290,8.0031,7.4464,7.4694,8.2343,7
2460036.878067,-14.9277,-22.0145,8.0031,7.4464,7.4694,8.2343,7
2460036.911687,-6.4063,-15.9481,8.0031,7.4464,7.4694,8.2343,7
2460037.760957,0.9508,-18.9065,8.0031,7.4464,7.4694,8.2343,7
2460037.778437,-6.8141,-26.2523,8.0031,7.4464,7.4694,8.2343,7
2460037.797847,-3.0719,-14.5653,8.0031,7.4464,7.4694,8.2343,7
2460037.915427,-1.4936,-4.5458,8.0031,7.4464,7.4694,8.2343,7
2460041.748137,-5.1709,-2.9155,8.0031,7.4464,7.4694,8.2343,7
2460041.794657,6.2373,-2.0074,8.0031,7.4464,7.4694,8.2343,7
2460041.846167,-14.0156,-19.9971,8.0031,7.4464,7.4694,8.2343,7
2460041.891067,4.0622,-9.6113,8.0031,7.4464,7.4694,8.2343,7
2460041.911917,-7.3753,-15.4619,8.0031,7.4464,7.4694,8.2343,7
2460042.783187,-7.3924,-4.2447,8.0031,7.4464,7.4694,8.2343,7
2460042.800617,-2.3788,-10.0214,8.0031,7.4464,7.4694,8.2343,7
2460042.820637,-8.5726,-12.9609,8.0031,7.4464,7.4694,8.2343,7
2460042.847607,1.5600,-5.1357,8.0031,7.4464,7.4694,8.2343,7
2460042.866267,-9.5478,-28.2348,8.0031,7.4464,7.4694,8.2343,7
2460042.883707,7.0114,-18.1678,8.0031,7.4464,7.4694,8.2343,7
2460043.741327,-9.3630,-11.6519,8.0031,7.4464,7.4694,8.2343,7
2460043.828507,4.2778,-15.5493,8.0031,7.4464,7.4694,8.2343,7
2460043.852417,-0.0441,-1.8827,8.0031,7.4464,7.4694,8.2343,7
2460043.869527,-2.0417,-10.8798,8.0031,7.4464,7.4694,8.2343,7
2460043.890117,-0.3902,-1.4410,8.0031,7.4464,7.4694,8.2343,7
2460044.869127,0.4445,-12.1781,8.0031,7.4464,7.4694,8.2343,7
2460044.886487,1.9989,-2.0254,8.0031,7.4464,7.4694,8.2343,7
2460047.717247,2.5693,-15.7406,8.0031,7.4464,7.4694,8.2343,7
2460047.733547,8.4434,-10.3004,8.0031,7.4464,7.4694,8.2343,7
2460047.750827,8.2518,-21.2709,8.0031,7.4464,7.4694,8.2343,7
2460047.778137,1.8035,-9.6880,8.0031,7.4464,7.4694,8.2343,7
2460047.795857,-1.7665,-2.2359,8.0031,7.4464,7.4694,8.2343,7
2460047.813047,1.7107,-10.7497,8.0031,7.4464,7.4694,8.2343,7
2460047.830807,-10.4346,-4.2436,8.0031,7.4464,7.4694,8.2343,7
2460047.880907,-5.8955,-10.7680,8.0031,7.4464,7.4694,8.2343,7
2460047.898007,5.4808,-2.4021,8.0031,7.4464,7.4694,8.2343,7
2460047.918447,-1.3870,-16.4278,8.0031,7.4464,7.4694,8.2343,7
2460048.720527,-8.3988,-20.7077,8.0031,7.4464,7.4694,8.2343,7
2460048.748257,5.5103,-18.0278,8.0031,7.4464,7.4694,8.2343,7
2460048.786177,-5.7746,-27.4085,8.0031,7.4464,7.4694,8.2343,7
2460048.803517,-6.3459,-8.7773,8.0031,7.4464,7.4694,8.2343,7
2460048.820777,-9.1339,-14.3132,8.0031,7.4464,7.4694,8.2343,7
2460048.838497,-4.9651,-23.3146,8.0031,7.4464,7.4694,8.2343,7
2460048.865867,-1.7147,-11.2596,8.0031,7.4464,7.4694,8.2343,7
2460048.886287,-7.2030,-12.9738,8.0031,7.4464,7.4694,8.2343,7
2460049.753027,-12.0648,-24.1000,8.0031,7.4464,7.4694,8.2343,7
2460049.781197,-12.6498,-18.1768,8.0031,7.4464,7.4694,8.2343,7
2460049.799707,-4.4630,-24.6966,8.0031,7.4464,7.4694,8.2343,7
2460049.848447,0.2141,-23.4630,8.0031,7.4464,7.4694,8.2343,7
2460049.865777,8.6273,-2.6613,8.0031,7.4464,7.4694,8.2343,7
2460049.882397,-13.8979,-12.7375,8.0031,7.4464,7.4694,8.2343,7
2460049.914097,-16.4741,-9.9984,8.0031,7.4464,7.4694,8.2343,7
2460050.720177,-7.3007,-22.1466,8.0031,7.4464,7.4694,8.2343,7
2460050.738517,3.0356,-16.7043,8.0031,7.4464,7.4694,8.2343,7
2460050.757127,-13.0655,-15.6735,8.0031,7.4464,7.4694,8.2343,7
2460050.779897,-3.6654,-20.3398,8.0031,7.4464,7.4694,8.2343,7
2460050.801117,-14.2343,-21.6145,8.0031,7.4464,7.4694,8.2343,7
2460050.818647,-16.8996,-24.4411,8.0031,7.4464,7.4694,8.2343,7
2460050.867877,-4.9710,-17.4856,8.0031,7.4464,7.4694,8.2343,7
2460050.884837,-5.0348,-16.7371,8.0031,7.4464,7.4694,8.2343,7
2460051.785297,-12.1512,-19.7033,8.0031,7.4464,7.4694,8.2343,7
2460051.855147,7.3720,-13.5454,8.0031,7.4464,7.4694,8.2343,7
2460051.872457,6.9347,-4.3371,8.0031,7.4464,7.4694,8.2343,7
2460052.758357,-8.2399,-12.7231,8.0031,7.4464,7.4694,8.2343,7
2460052.859587,-12.1806,-22.7268,8.0031,7.4464,7.4694,8.2343,7
2460052.876777,-4.5469,-21.2582,8.0031,7.4464,7.4694,8.2343,7
2460052.894267,-1.3484,-3.4893,8.0031,7.4464,7.4694,8.2343,7
2460053.759227,4.7527,-18.5893,8.0031,7.4464,7.4694,8.2343,7
2460053.824587,-4.0926,-23.1903,8.0031,7.4464,7.4694,8.2343,7
2460053.841627,-13.9413,-16.5880,8.0031,7.4464,7.4694,8.2343,7
2460053.877067,-5.6175,-14.0715,8.0031,7.4464,7.4694,8.2343,7
2460053.895597,-17.3255,-22.6186,8.0031,7.4464,7.4694,8.2343,7
2460053.924547,-8.4555,-14.0228,8.0031,7.4464,7.4694,8.2343,7
2460054.727757,0.3265,-19.1217,8.0031,7.4464,7.4694,8.2343,7
2460054.809517,-12.2210,-16.2913,8.0031,7.4464,7.4694,8.2343,7
2460054.827207,-5.4536,-15.8823,8.0031,7.4464,7.4694,8.2343,7
2460054.844357,-4.6307,-9.6558,8.0031,7.4464,7.4694,8.2343,7
2460054.872657,-4.3733,-14.5077,8.0031,7.4464,7.4694,8.2343,7
2460054.887907,-1.6322,-13.9029,8.0031,7.4464,7.4694,8.2343,7
2460054.905117,-16.2215,-20.7949,8.0031,7.4464,7.4694,8.2343,7
2460054.923727,-5.4029,-14.1396,8.0031,7.4464,7.4694,8.2343,7
2460056.767817,-15.2979,-18.2351,8.0031,7.4464,7.4694,8.2343,7
2460056.786647,-7.9340,-7.9020,8.0031,7.4464,7.4694,8.2343,7
2460056.820837,-14.2125,-22.8092,8.0031,7.4464,7.4694,8.2343,7
2460056.849037,-14.9134,-17.9816,8.0031,7.4464,7.4694,8.2343,7
2460056.866217,-9.0598,-24.1247,8.0031,7.4464,7.4694,8.2343,7
2460056.869497,-10.6214,-28.5321,8.0031,7.4464,7.4694,8.2343,7
2460056.888087,-3.4226,-21.1965,8.0031,7.4464,7.4694,8.2343,7
2460056.910347,-11.6648,-20.9869,8.0031,7.4464,7.4694,8.2343,7
2460057.723227,-1.4681,-23.1416,8.0031,7.4464,7.4694,8.2343,7
2460057.826197,-9.2102,-3.9722,8.0031,7.4464,7.4694,8.2343,7
2460057.868347,-7.2694,-21.4290,8.0031,7.4464,7.4694,8.2343,7
2460058.774337,0.8970,-8.9329,8.0031,7.4464,7.4694,8.2343,7
2460058.847207,2.8911,-13.5276,8.0031,7.4464,7.4694,8.2343,7
2460058.892967,-9.3674,-20.8930,8.0031,7.4464,7.4694,8.2343,7
2460059.753527,-14.8370,-15.8318,8.0031,7.4464,7.4694,8.2343,7
2460059.771107,-3.3607,-22.4143,8.0031,7.4464,7.4694,8.2343,7
2460059.816977,-4.6006,-8.4971,8.0031,7.4464,7.4694,8.2343,7
2460059.890007,-8.3891,-22.2874,8.0031,7.4464,7.4694,8.2343,7
2460059.907497,-4.2346,-27.9929,8.0031,7.4464,7.4694,8.2343,7
2460061.729697,2.8635,-21.6074,8.0031,7.4464,7.4694,8.2343,7
2460061.749657,-7.7835,-9.1236,8.0031,7.4464,7.4694,8.2343,7
2460061.766907,-6.2517,-18.7777,8.0031,7.4464,7.4694,8.2343,7
2460061.784307,1.7363,-22.4736,8.0031,7.4464,7.4694,8.2343,7
2460061.816197,-1.3259,-15.1220,8.0031,7.4464,7.4694,8.2343,7
2460061.867467,-5.2092,-12.8168,8.0031,7.4464,7.4694,8.2343,7
2460061.885017,-18.0587,-22.1724,8.0031,7.4464,7.4694,8.2343,7
2460061.912827,-10.3623,-9.2451,8.0031,7.4464,7.4694,8.2343,7
2460062.699867,-13.7740,-26.4482,8.0031,7.4464,7.4694,8.2343,7
2460062.744747,2.6827,-16.3804,8.0031,7.4464,7.4694,8.2343,7
2460062.809387,-12.8235,-16.2756,8.0031,7.4464,7.4694,8.2343,7
2460062.826647,-1.6672,-22.1041,8.0031,7.4464,7.4694,8.2343,7
2460062.856617,-8.4431,-23.8599,8.0031,7.4464,7.4694,8.2343,7
2460062.877427,-4.6640,-16.5504,8.0031,7.4464,7.4694,8.2343,7
2460063.672577,-3.8604,-17.8161,8.0031,7.4464,7.4694,8.2343,7
2460063.699997,-5.4694,-15.2131,8.0031,7.4464,7.4694,8.2343,7
2460063.717837,-8.1761,-25.3020,8.0031,7.4464,7.4694,8.2343,7
2460063.735797,-8.1611,-28.3561,8.0031,7.4464,7.4694,8.2343,7
2460063.753037,-1.4096,-16.9865,8.0031,7.4464,7.4694,8.2343,7
2460063.770067,1.3486,-29.0794,8.0031,7.4464,7.4694,8.2343,7
2460063.797697,-12.0426,-26.9256,8.0031,7.4464,7.4694,8.2343,7
2460063.817547,-4.9643,-21.2630,8.0031,7.4464,7.4694,8.2343,7
2460063.838077,-5.9432,-22.7962,8.0031,7.4464,7.4694,8.2343,7
2460063.858937,-8.9641,-15.0876,8.0031,7.4464,7.4694,8.2343,7
2460063.876167,-12.0097,-21.1438,8.0031,7.4464,7.4694,8.2343,7
2460063.908897,4.3827,-5.3408,8.0031,7.4464,7.4694,8.2343,7
2460063.925417,-10.1676,-22.1503,8.0031,7.4464,7.4694,8.2343,7
2460064.717707,-1.7640,-26.1476,8.0031,7.4464,7.4694,8.2343,7
2460064.827287,0.1083,-26.2275,8.0031,7.4464,7.4694,8.2343,7
2460064.873197,-14.0352,-22.0038,8.0031,7.4464,7.4694,8.2343,7
2460064.894327,-9.5320,-19.4644,8.0031,7.4464,7.4694,8.2343,7
2460064.911587,-5.3238,-30.1523,8.0031,7.4464,7.4694,8.2343,7
2460064.928977,-9.1118,-23.3449,8.0031,7.4464,7.4694,8.2343,7
2460065.786547,-9.7705,-12.8237,8.0031,7.4464,7.4694,8.2343,7
2460065.820607,-8.6962,-2.6958,8.0031,7.4464,7.4694,8.2343,7
2460065.857007,-16.1876,-17.1984,8.0031,7.4464,7.4694,8.2343,7
2460065.875107,6.9089,-17.8149,8.0031,7.4464,7.4694,8.2343,7
2460065.902597,1.5712,-24.1822,8.0031,7.4464,7.4694,8.2343,7
2460066.684777,-4.4397,-20.0835,8.0031,7.4464,7.4694,8.2343,7
2460066.808047,-7.9371,-21.9432,8.0031,7.4464,7.4694,8.2343,7
2460066.843487,-16.0423,-24.1722,8.0031,7.4464,7.4694,8.2343,7
2460066.863227,-10.2679,-19.1368,8.0031,7.4464,7.4694,8.2343,7
2460066.928397,-1.4394,-19.7562,8.0031,7.4464,7.4694,8.2343,7
2460067.691687,-11.2962,-18.9949,8.0031,7.4464,7.4694,8.2343,7
2460067.711907,-9.4742,-23.8815,8.0031,7.4464,7.4694,8.2343,7
2460067.757507,3.0460,-17.5658,8.0031,7.4464,7.4694,8.2343,7
2460067.766307,-13.5298,-25.4338,8.0031,7.4464,7.4694,8.2343,7
2460067.783477,-3.5957,-9.8649,8.0031,7.4464,7.4694,8.2343,7
2460067.802307,4.4689,-13.9062,8.0031,7.4464,7.4694,8.2343,7
2460067.820257,-11.7913,-17.3631,8.0031,7.4464,7.4694,8.2343,7
2460067.861637,-12.2419,-21.0412,8.0031,7.4464,7.4694,8.2343,7
2460067.896177,-8.7223,-26.7110,8.0031,7.4464,7.4694,8.2343,7
2460067.913747,-7.1644,-19.3848,8.0031,7.4464,7.4694,8.2343,7
2460067.930947,-2.0027,-11.6241,8.0031,7.4464,7.4694,8.2343,7
2460068.732387,1.3722,-17.3320,8.0031,7.4464,7.4694,8.2343,7
2460068.749627,-14.4092,-20.7299,8.0031,7.4464,7.4694,8.2343,7
2460068.794297,-2.8458,-29.9536,8.0031,7.4464,7.4694,8.2343,7
2460068.811227,-4.5353,-13.4347,8.0031,7.4464,7.4694,8.2343,7
2460068.844467,-3.5651,-30.9177,8.0031,7.4464,7.4694,8.2343,7
2460068.861157,5.3348,-25.8623,8.0031,7.4464,7.4694,8.2343,7
2460068.889377,-4.0240,-21.9726,8.0031,7.4464,7.4694,8.2343,7
2460070.746147,-1.9247,-19.0804,8.0031,7.4464,7.4694,8.2343,7
2460070.763867,4.4081,-1.8379,8.0031,7.4464,7.4694,8.2343,7
2460070.780887,-9.8012,-4.0171,8.0031,7.4464,7.4694,8.2343,7
2460070.798217,-2.8549,-8.4422,8.0031,7.4464,7.4694,8.2343,7
2460070.829427,-3.5132,-13.9014,8.0031,7.4464,7.4694,8.2343,7
2460074.805307,-9.5743,-9.3138,8.0031,7.4464,7.4694,8.2343,7
2460074.822437,4.3146,-15.3307,8.0031,7.4464,7.4694,8.2343,7
2460074.841357,5.7620,-2.0317,8.0031,7.4464,7.4694,8.2343,7
2460075.643087,8.9823,-25.3979,8.0031,7.4464,7.4694,8.2343,7
2460075.671217,6.8140,-9.9990,8.0031,7.4464,7.4694,8.2343,7
2460075.688027,3.5566,-1.4216,8.0031,7.4464,7.4694,8.2343,7
2460075.705627,5.4481,-14.2361,8.0031,7.4464,7.4694,8.2343,7
2460075.728567,5.6497,-9.3305,8.0031,7.4464,7.4694,8.2343,7
2460075.745917,2.7803,-1.2783,8.0031,7.4464,7.4694,8.2343,7
2460075.787537,10.3523,-20.8283,8.0031,7.4464,7.4694,8.2343,7
2460075.804757,-9.0397,-14.0829,8.0031,7.4464,7.4694,8.2343,7
2460075.821577,-7.2780,-11.6086,8.0031,7.4464,7.4694,8.2343,7
2460075.843187,-0.2000,-13.1465,8.0031,7.4464,7.4694,8.2343,7
2460075.859897,-15.0423,-14.7170,8.0031,7.4464,7.4694,8.2343,7
2460075.887017,-0.6375,-3.3586,8.0031,7.4464,7.4694,8.2343,7
2460075.903477,-3.0226,-15.7718,8.0031,7.4464,7.4694,8.2343,7
2460075.920417,-11.6481,-13.2333,8.0031,7.4464,7.4694,8.2343,7
2460076.674877,-9.9695,-14.0245,8.0031,7.4464,7.4694,8.2343,7
2460076.692347,8.2404,-6.1303,8.0031,7.4464,7.4694,8.2343,7
2460076.751457,-15.7248,-3.2535,8.0031,7.4464,7.4694,8.2343,7
2460076.778827,5.4589,-3.7721,8.0031,7.4464,7.4694,8.2343,7
2460076.798887,4.9207,-8.2600,8.0031,7.4464,7.4694,8.2343,7
2460076.815187,10.9282,-17.1060,8.0031,7.4464,7.4694,8.2343,7
2460076.832467,-0.3271,-4.4917,8.0031,7.4464,7.4694,8.2343,7
2460076.877497,-9.1030,-10.7627,8.0031,7.4464,7.4694,8.2343,7
2460076.894057,-3.7066,-13.8457,8.0031,7.4464,7.4694,8.2343,7
2460076.911217,-3.9753,-5.6599,8.0031,7.4464,7.4694,8.2343,7
2460077.652307,2.2483,-13.6111,8.0031,7.4464,7.4694,8.2343,7
2460077.672417,-10.0505,-14.1841,8.0031,7.4464,7.4694,8.2343,7
2460077.707517,-0.3125,-21.9307,8.0031,7.4464,7.4694,8.2343,7
2460077.724937,4.1703,-22.5882,8.0031,7.4464,7.4694,8.2343,7
2460077.744337,-2.3580,-17.7597,8.0031,7.4464,7.4694,8.2343,7
2460077.774567,-9.0616,-8.9664,8.0031,7.4464,7.4694,8.2343,7
2460077.793127,-3.2570,-17.6265,8.0031,7.4464,7.4694,8.2343,7
2460077.832607,-13.9839,-17.7709,8.0031,7.4464,7.4694,8.2343,7
2460077.851657,1.3133,-27.3047,8.0031,7.4464,7.4694,8.2343,7
2460077.896307,-4.6544,-9.9127,8.0031,7.4464,7.4694,8.2343,7
2460078.692647,-8.3488,-30.9462,8.0031,7.4464,7.4694,8.2343,7
2460078.713667,-16.9561,-19.0925,8.0031,7.4464,7.4694,8.2343,7
2460078.731007,-2.0318,-19.7789,8.0031,7.4464,7.4694,8.2343,7
2460078.758567,-11.9884,-16.5971,8.0031,7.4464,7.4694,8.2343,7
2460078.780167,1.1131,-19.5576,8.0031,7.4464,7.4694,8.2343,7
2460078.796817,2.3790,-2.2428,8.0031,7.4464,7.4694,8.2343,7
2460078.814567,-12.0349,-15.7149,8.0031,7.4464,7.4694,8.2343,7
2460078.850477,-1.4272,-11.8729,8.0031,7.4464,7.4694,8.2343,7
2460078.881137,-2.9706,-16.1073,8.0031,7.4464,7.4694,8.2343,7
2460078.898167,-7.9250,-22.8852,8.0031,7.4464,7.4694,8.2343,7
2460078.931587,-17.0313,-28.9532,8.0031,7.4464,7.4694,8.2343,7
2460079.652457,5.6815,-13.9598,8.0031,7.4464,7.4694,8.2343,7
2460079.670017,-9.9712,-18.7229,8.0031,7.4464,7.4694,8.2343,7
2460079.687167,0.0496,-19.2227,8.0031,7.4464,7.4694,8.2343,7
2460079.704907,0.9723,-23.1184,8.0031,7.4464,7.4694,8.2343,7
2460079.722197,-12.9622,-24.1660,8.0031,7.4464,7.4694,8.2343,7
2460079.754147,1.3054,-13.3860,8.0031,7.4464,7.4694,8.2343,7
2460079.788327,7.3927,-26.6403,8.0031,7.4464,7.4694,8.2343,7
2460079.848957,-5.1645,-8.7976,8.0031,7.4464,7.4694,8.2343,7
2460079.919747,-1.1098,1.2361,8.0031,7.4464,7.4694,8.2343,7
2460080.651297,-3.8398,-25.1988,8.0031,7.4464,7.4694,8.2343,7
2460080.688507,-10.8763,-27.5206,8.0031,7.4464,7.4694,8.2343,7
2460080.706337,9.9314,-17.4232,8.0031,7.4464,7.4694,8.2343,7
2460080.733987,-8.1425,-19.6163,8.0031,7.4464,7.4694,8.2343,7
2460080.768307,0.0876,-17.8786,8.0031,7.4464,7.4694,8.2343,7
2460080.836167,-15.4974,-14.2230,8.0031,7.4464,7.4694,8.2343,7
2460080.909657,-14.6847,-15.0546,8.0031,7.4464,7.4694,8.2343,7
2460082.670767,-0.9348,-3.6009,8.0031,7.4464,7.4694,8.2343,7
2460082.755117,4.5514,-15.4146,8.0031,7.4464,7.4694,8.2343,7
2460082.794927,0.8396,-7.7490,8.0031,7.4464,7.4694,8.2343,7
2460082.832867,-13.5865,-20.3973,8.0031,7.4464,7.4694,8.2343,7
2460082.849787,-3.4360,-20.6037,8.0031,7.4464,7.4694,8.2343,7
2460082.867127,-12.6468,-14.4766,8.0031,7.4464,7.4694,8.2343,7
2460082.900527,-3.5074,-5.4619,8.0031,7.4464,7.4694,8.2343,7
2460082.927127,-16.5271,-16.0652,8.0031,7.4464,7.4694,8.2343,7
2460083.626407,13.6221,-11.2905,8.0031,7.4464,7.4694,8.2343,7
2460083.706167,3.4474,-5.6287,8.0031,7.4464,7.4694,8.2343,7
2460083.723247,13.3529,-10.1293,8.0031,7.4464,7.4694,8.2343,7
2460083.781667,-4.5418,-8.1276,8.0031,7.4464,7.4694,8.2343,7
2460083.811107,-6.4708,-6.6086,8.0031,7.4464,7.4694,8.2343,7
2460084.713487,2.0398,-3.4336,8.0031,7.4464,7.4694,8.2343,7
2460084.750687,1.4664,-21.3668,8.0031,7.4464,7.4694,8.2343,7
2460084.833607,2.7726,-9.9081,8.0031,7.4464,7.4694,8.2343,7
2460085.698697,-5.8905,-13.0518,8.0031,7.4464,7.4694,8.2343,7
2460086.800277,10.3236,-0.2670,8.0031,7.4464,7.4694,8.2343,7
2460087.651227,-8.0756,-3.8948,8.0031,7.4464,7.4694,8.2343,7
2460087.678957,5.1855,-21.3851,8.0031,7.4464,7.4694,8.2343,7
2460087.700447,8.0885,-17.2929,8.0031,7.4464,7.4694,8.2343,7
2460087.718137,3.9987,-20.6255,8.0031,7.4464,7.4694,8.2343,7
2460087.812777,11.1210,-12.5604,8.0031,7.4464,7.4694,8.2343,7
2460087.830187,-7.6108,-18.1360,8.0031,7.4464,7.4694,8.2343,7
2460087.847047,-2.0729,-16.4712,8.0031,7.4464,7.4694,8.2343,7
2460087.863447,-2.5186,-12.9578,8.0031,7.4464,7.4694,8.2343,7
2460087.881497,5.6707,-12.8166,8.0031,7.4464,7.4694,8.2343,7
2460088.767427,5.5946,-20.0571,8.0031,7.4464,7.4694,8.2343,7
2460088.872807,-18.1624,-7.1042,8.0031,7.4464,7.4694,8.2343,7
2460088.892627,9.1279,-21.8437,8.0031,7.4464,7.4694,8.2343,7
2460088.926427,-7.2344,-16.1057,8.0031,7.4464,7.4694,8.2343,7
2460089.627397,-2.8505,-21.6687,8.0031,7.4464,7.4694,8.2343,7
2460089.684107,-13.3262,-22.1490,8.0031,7.4464,7.4694,8.2343,7
2460089.746317,-2.9696,-21.2449,8.0031,7.4464,7.4694,8.2343,7
2460089.765507,-10.7277,-24.6652,8.0031,7.4464,7.4694,8.2343,7
2460089.785967,-14.9006,-20.3515,8.0031,7.4464,7.4694,8.2343,7
2460089.807407,-7.4325,-22.3100,8.0031,7.4464,7.4694,8.2343,7
2460089.834917,-7.6947,-22.8136,8.0031,7.4464,7.4694,8.2343,7
2460089.852457,-14.3475,-12.2423,8.0031,7.4464,7.4694,8.2343,7
2460089.903907,-12.6723,-17.0817,8.0031,7.4464,7.4694,8.2343,7
2460091.650947,-0.9888,-17.8045,8.0031,7.4464,7.4694,8.2343,7
2460091.671387,7.6682,-10.0690,8.0031,7.4464,7.4694,8.2343,7
2460091.688507,-3.8240,-19.1345,8.0031,7.4464,7.4694,8.2343,7
2460091.707387,-7.9451,-21.8322,8.0031,7.4464,7.4694,8.2343,7
2460091.710217,-11.1865,-24.1398,8.0031,7.4464,7.4694,8.2343,7
2460091.729277,-7.4566,-18.3914,8.0031,7.4464,7.4694,8.2343,7
2460091.756367,-3.0859,-10.0648,8.0031,7.4464,7.4694,8.2343,7
2460091.775277,-5.3381,-27.5495,8.0031,7.4464,7.4694,8.2343,7
2460091.830017,-4.0428,-4.0347,8.0031,7.4464,7.4694,8.2343,7
2460092.639527,-8.6817,-1.0548,8.0031,7.4464,7.4694,8.2343,7
2460092.657047,2.0563,0.1171,8.0031,7.4464,7.4694,8.2343,7
2460092.674787,-6.9933,-6.3811,8.0031,7.4464,7.4694,8.2343,7
2460092.709487,-4.4978,-13.6693,8.0031,7.4464,7.4694,8.2343,7
2460093.872737,-5.3350,-18.5489,8.0031,7.4464,7.4694,8.2343,7
2460093.890277,1.1031,-2.1772,8.0031,7.4464,7.4694,8.2343,7
2460094.595397,-13.1552,-15.6882,8.0031,7.4464,7.4694,8.2343,7
2460094.612447,7.9188,-9.6940,8.0031,7.4464,7.4694,8.2343,7
2460094.672027,0.2396,-6.6308,8.0031,7.4464,7.4694,8.2343,7
2460094.689557,3.7043,-23.7565,8.0031,7.4464,7.4694,8.2343,7
2460094.708577,3.3766,-8.4973,8.0031,7.4464,7.4694,8.2343,7
2460094.725647,-6.6563,-23.2211,8.0031,7.4464,7.4694,8.2343,7
2460094.742737,-15.4603,-12.3313,8.0031,7.4464,7.4694,8.2343,7
2460094.771307,-10.3181,-15.0153,8.0031,7.4464,7.4694,8.2343,7
2460094.789897,-1.7475,-22.5563,8.0031,7.4464,7.4694,8.2343,7
2460094.792727,-11.7389,-11.9424,8.0031,7.4464,7.4694,8.2343,7
2460094.809837,-4.1343,-15.9887,8.0031,7.4464,7.4694,8.2343,7
2460094.826637,-8.6397,-17.4396,8.0031,7.4464,7.4694,8.2343,7
2460094.844617,-6.6665,-12.3802,8.0031,7.4464,7.4694,8.2343,7
2460094.873537,0.4024,-22.0097,8.0031,7.4464,7.4694,8.2343,7
2460094.891597,-1.7997,-27.0146,8.0031,7.4464,7.4694,8.2343,7
2460094.908477,-3.7738,-8.0373,8.0031,7.4464,7.4694,8.2343,7
2460095.602667,10.0701,-9.3507,8.0031,7.4464,7.4694,8.2343,7
2460095.648437,7.4397,-8.6670,8.0031,7.4464,7.4694,8.2343,7
2460095.745607,-5.5633,-19.9331,8.0031,7.4464,7.4694,8.2343,7
2460095.863257,-7.2005,-18.0602,8.0031,7.4464,7.4694,8.2343,7
2460095.880517,-2.8612,-14.2462,8.0031,7.4464,7.4694,8.2343,7
2460096.658297,4.8570,-10.2042,8.0031,7.4464,7.4694,8.2343,7
2460096.676197,-16.9490,-16.3238,8.0031,7.4464,7.4694,8.2343,7
2460096.721417,-7.5818,-14.2922,8.0031,7.4464,7.4694,8.2343,7
2460096.761457,-12.5389,-18.3858,8.0031,7.4464,7.4694,8.2343,7
2460096.778207,3.1814,-10.7477,8.0031,7.4464,7.4694,8.2343,7
2460096.795617,-9.7405,-10.6974,8.0031,7.4464,7.4694,8.2343,7
2460096.812357,-12.8140,-13.0596,8.0031,7.4464,7.4694,8.2343,7
2460096.840307,-11.1976,-26.6665,8.0031,7.4464,7.4694,8.2343,7
2460096.858067,5.4713,-10.0091,8.0031,7.4464,7.4694,8.2343,7
2460096.875077,-11.9563,-14.1311,8.0031,7.4464,7.4694,8.2343,7
2460096.894987,-11.6800,-17.9553,8.0031,7.4464,7.4694,8.2343,7
2460096.912127,-11.0468,-4.8465,8.0031,7.4464,7.4694,8.2343,7
2460097.640457,4.4119,-3.7764,8.0031,7.4464,7.4694,8.2343,7
2460097.677167,-0.2673,-13.4121,8.0031,7.4464,7.4694,8.2343,7
2460097.694987,-5.7021,-13.2748,8.0031,7.4464,7.4694,8.2343,7
2460097.725737,0.1914,-27.5911,8.0031,7.4464,7.4694,8.2343,7
2460097.747377,-2.1519,-19.7371,8.0031,7.4464,7.4694,8.2343,7
2460097.765457,-2.2659,-6.2401,8.0031,7.4464,7.4694,8.2343,7
2460097.783107,10.4618,-15.1376,8.0031,7.4464,7.4694,8.2343,7
2460097.846517,6.4694,-17.4399,8.0031,7.4464,7.4694,8.2343,7
2460097.863737,-14.8059,-12.1854,8.0031,7.4464,7.4694,8.2343,7
2460097.880877,-8.6678,-10.3423,8.0031,7.4464,7.4694,8.2343,7
2460098.692137,-6.2971,-14.6880,8.0031,7.4464,7.4694,8.2343,7
2460098.796387,-5.4554,-12.8036,8.0031,7.4464,7.4694,8.2343,7
2460103.635297,-8.9716,-17.6628,8.0031,7.4464,7.4694,8.2343,7
2460103.651927,-7.9709,-7.2392,8.0031,7.4464,7.4694,8.2343,7
2460103.668867,6.4725,-13.2644,8.0031,7.4464,7.4694,8.2343,7
2460103.703427,1.7446,-5.9166,8.0031,7.4464,7.4694,8.2343,7
2460103.730537,5.3358,-3.5697,8.0031,7.4464,7.4694,8.2343,7
2460103.764027,-17.8387,-11.4205,8.0031,7.4464,7.4694,8.2343,7
2460103.780747,-6.5360,-7.6256,8.0031,7.4464,7.4694,8.2343,7
2460103.799187,-14.6978,-24.0138,8.0031,7.4464,7.4694,8.2343,7
2460103.829417,2.9007,-3.0869,8.0031,7.4464,7.4694,8.2343,7
2460103.846317,-5.7060,-5.0307,8.0031,7.4464,7.4694,8.2343,7
2460103.863347,1.9536,-1.0754,8.0031,7.4464,7.4694,8.2343,7
2460103.880587,0.0597,-2.8764,8.0031,7.4464,7.4694,8.2343,7
2460104.598147,-3.5310,-23.9961,8.0031,7.4464,7.4694,8.2343,7
2460105.581167,-16.1692,-9.0940,8.0031,7.4464,7.4694,8.2343,7
2460105.619117,-13.9057,-14.2268,8.0031,7.4464,7.4694,8.2343,7
2460105.636117,-8.5104,-16.3743,8.0031,7.4464,7.4694,8.2343,7
2460105.687727,-0.2118,-15.1717,8.0031,7.4464,7.4694,8.2343,7
2460105.745917,-14.8646,-18.3741,8.0031,7.4464,7.4694,8.2343,7
2460105.779627,1.4334,-18.3449,8.0031,7.4464,7.4694,8.2343,7
2460105.849067,-7.3604,-20.1306,8.0031,7.4464,7.4694,8.2343,7
2460105.883317,-13.5814,-11.8874,8.0031,7.4464,7.4694,8.2343,7
2460106.724257,-15.6502,-22.0522,8.0031,7.4464,7.4694,8.2343,7
2460106.742017,-14.3116,-26.1482,8.0031,7.4464,7.4694,8.2343,7
2460106.775317,-2.0037,-7.8896,8.0031,7.4464,7.4694,8.2343,7
2460106.827977,-2.6078,-12.1179,8.0031,7.4464,7.4694,8.2343,7
2460107.570497,-11.1252,-11.2868,8.0031,7.4464,7.4694,8.2343,7
2460107.693057,-10.3730,-8.5497,8.0031,7.4464,7.4694,8.2343,7
2460107.709727,-7.0798,-9.4974,8.0031,7.4464,7.4694,8.2343,7
2460107.726797,-3.2294,-30.9509,8.0031,7.4464,7.4694,8.2343,7
2460107.833827,-15.1420,-15.3606,8.0031,7.4464,7.4694,8.2343,7
2460107.850997,1.3873,-17.7486,8.0031,7.4464,7.4694,8.2343,7
2460107.869267,-1.4759,-26.9203,8.0031,7.4464,7.4694,8.2343,7
2460108.650147,2.2917,-10.3716,8.0031,7.4464,7.4694,8.2343,7
2460108.695637,1.5283,-22.3372,8.0031,7.4464,7.4694,8.2343,7
2460108.794507,-1.7873,-10.5282,8.0031,7.4464,7.4694,8.2343,7
2460108.828017,-12.9978,-26.8296,8.0031,7.4464,7.4694,8.2343,7
2460110.633127,4.6530,-27.5450,8.0031,7.4464,7.4694,8.2343,7
2460110.650497,4.4726,-21.2396,8.0031,7.4464,7.4694,8.2343,7
2460110.679117,-12.2956,-14.6046,8.0031,7.4464,7.4694,8.2343,7
2460110.696167,0.9354,-16.3315,8.0031,7.4464,7.4694,8.2343,7
2460110.713147,5.5585,-15.9999,8.0031,7.4464,7.4694,8.2343,7
2460110.730957,-20.2815,-12.8699,8.0031,7.4464,7.4694,8.2343,7
2460110.747877,4.3898,-18.2202,8.0031,7.4464,7.4694,8.2343,7
2460110.775367,-5.9871,-24.3503,8.0031,7.4464,7.4694,8.2343,7
2460110.808987,-9.0461,-21.1536,8.0031,7.4464,7.4694,8.2343,7
2460110.825747,-13.8073,-20.4640,8.0031,7.4464,7.4694,8.2343,7
2460110.859747,-11.2921,-13.4885,8.0031,7.4464,7.4694,8.2343,7
2460111.590917,-2.9387,-18.0234,8.0031,7.4464,7.4694,8.2343,7
2460111.607967,3.7870,-20.1447,8.0031,7.4464,7.4694,8.2343,7
2460111.626407,-4.2367,-22.4202,8.0031,7.4464,7.4694,8.2343,7
2460111.650037,-8.1761,-23.0905,8.0031,7.4464,7.4694,8.2343,7
2460111.669967,-12.1830,-20.9208,8.0031,7.4464,7.4694,8.2343,7
2460111.720387,-15.9199,-21.9468,8.0031,7.4464,7.4694,8.2343,7
2460111.737447,-3.2085,-23.9115,8.0031,7.4464,7.4694,8.2343,7
2460111.753797,-3.9179,-21.9153,8.0031,7.4464,7.4694,8.2343,7
2460111.771107,-12.6346,-22.1255,8.0031,7.4464,7.4694,8.2343,7
2460111.815647,-5.5744,-17.6370,8.0031,7.4464,7.4694,8.2343,7
2460111.835127,0.7017,-9.9857,8.0031,7.4464,7.4694,8.2343,7
2460111.852367,-3.9085,-18.2983,8.0031,7.4464,7.4694,8.2343,7
2460112.551927,-3.3300,-12.7802,8.0031,7.4464,7.4694,8.2343,7
2460112.579057,0.9878,-19.5219,8.0031,7.4464,7.4694,8.2343,7
2460112.596707,5.8385,-21.7844,8.0031,7.4464,7.4694,8.2343,7
2460112.617687,-3.2124,-19.6054,8.0031,7.4464,7.4694,8.2343,7
2460112.679157,-0.2131,-14.2424,8.0031,7.4464,7.4694,8.2343,7
2460112.696017,-7.1982,-24.8359,8.0031,7.4464,7.4694,8.2343,7
2460112.713667,-1.9474,-9.5120,8.0031,7.4464,7.4694,8.2343,7
2460112.731937,-3.5017,-13.5091,8.0031,7.4464,7.4694,8.2343,7
2460112.749167,-1.1102,-20.3494,8.0031,7.4464,7.4694,8.2343,7
2460112.776007,-10.7684,-14.7117,8.0031,7.4464,7.4694,8.2343,7
2460112.830867,6.5514,-10.6051,8.0031,7.4464,7.4694,8.2343,7
2460112.847597,-4.6831,-29.8990,8.0031,7.4464,7.4694,8.2343,7
2460113.553127,10.2657,-6.9905,8.0031,7.4464,7.4694,8.2343,7
2460113.570107,-17.6119,-11.7509,8.0031,7.4464,7.4694,8.2343,7
2460113.587017,8.3374,-29.6106,8.0031,7.4464,7.4694,8.2343,7
2460113.620597,-11.1018,-21.8980,8.0031,7.4464,7.4694,8.2343,7
2460113.638477,-6.3676,-16.5048,8.0031,7.4464,7.4694,8.2343,7
2460113.687537,-3.5844,-21.3670,8.0031,7.4464,7.4694,8.2343,7
2460113.703987,-4.9482,-18.3653,8.0031,7.4464,7.4694,8.2343,7
2460113.720687,-8.2835,-15.2532,8.0031,7.4464,7.4694,8.2343,7
2460113.781137,-5.8368,-4.9067,8.0031,7.4464,7.4694,8.2343,7
2460113.798997,-4.0804,-11.6980,8.0031,7.4464,7.4694,8.2343,7
2460113.815717,-7.2523,-26.1862,8.0031,7.4464,7.4694,8.2343,7
2460113.832757,-8.0306,-4.9711,8.0031,7.4464,7.4694,8.2343,7
2460115.571067,6.6028,-27.7954,8.0031,7.4464,7.4694,8.2343,7
2460118.706177,5.8672,-8.1518,8.0031,7.4464,7.4694,8.2343,7
2460118.809367,3.1447,-25.9638,8.0031,7.4464,7.4694,8.2343,7
2460120.536517,-2.9855,-17.7346,8.0031,7.4464,7.4694,8.2343,7
2460120.539787,0.3876,-18.6029,8.0031,7.4464,7.4694,8.2343,7
2460120.591327,-11.3245,-15.6338,8.0031,7.4464,7.4694,8.2343,7
2460120.608237,-1.7257,-31.2244,8.0031,7.4464,7.4694,8.2343,7
2460120.677627,-12.7470,-29.2438,8.0031,7.4464,7.4694,8.2343,7
2460120.694807,-7.6876,-26.0978,8.0031,7.4464,7.4694,8.2343,7
2460120.716407,-2.5455,-8.3029,8.0031,7.4464,7.4694,8.2343,7
2460120.731577,-2.9249,-20.0138,8.0031,7.4464,7.4694,8.2343,7
2460120.759937,-5.5562,-22.7612,8.0031,7.4464,7.4694,8.2343,7
2460120.793857,-13.8404,-9.0076,8.0031,7.4464,7.4694,8.2343,7
2460120.797467,-15.3330,-27.2829,8.0031,7.4464,7.4694,8.2343,7
2460121.524987,-2.3393,-26.0706,8.0031,7.4464,7.4694,8.2343,7
2460121.559017,-16.7481,-16.9168,8.0031,7.4464,7.4694,8.2343,7
2460121.581157,0.9280,-13.2980,8.0031,7.4464,7.4694,8.2343,7
2460121.610117,-6.0920,-29.2104,8.0031,7.4464,7.4694,8.2343,7
2460121.627127,-0.0113,-19.6663,8.0031,7.4464,7.4694,8.2343,7
2460121.730637,5.1251,-10.5556,8.0031,7.4464,7.4694,8.2343,7
2460122.514727,-5.6995,-7.4395,8.0031,7.4464,7.4694,8.2343,7
2460122.577297,-11.5162,-31.2867,8.0031,7.4464,7.4694,8.2343,7
2460122.610357,2.8650,-5.3615,8.0031,7.4464,7.4694,8.2343,7
2460123.536657,-1.6454,-14.1170,8.0031,7.4464,7.4694,8.2343,7
2460123.584537,-7.9631,-3.0740,8.0031,7.4464,7.4694,8.2343,7
2460123.603627,-8.4460,-22.6581,8.0031,7.4464,7.4694,8.2343,7
2460123.631167,-4.4663,-12.6025,8.0031,7.4464,7.4694,8.2343,7
2460123.648397,-10.0316,-15.4778,8.0031,7.4464,7.4694,8.2343,7
2460123.676027,-5.0904,-14.9141,8.0031,7.4464,7.4694,8.2343,7
2460123.696027,-20.3604,-15.5178,8.0031,7.4464,7.4694,8.2343,7
2460123.713067,-9.4965,-10.5049,8.0031,7.4464,7.4694,8.2343,7
2460123.730107,-13.8831,-27.9882,8.0031,7.4464,7.4694,8.2343,7
2460123.748407,-5.7828,-16.8860,8.0031,7.4464,7.4694,8.2343,7
2460123.768217,3.3121,-16.6256,8.0031,7.4464,7.4694,8.2343,7
2460123.834017,-4.3462,-17.6131,8.0031,7.4464,7.4694,8.2343,7
2460125.525687,-5.7535,-13.9918,8.0031,7.4464,7.4694,8.2343,7
2460125.542297,10.7939,-30.9609,8.0031,7.4464,7.4694,8.2343,7
2460125.574107,-1.6372,-16.6825,8.0031,7.4464,7.4694,8.2343,7
2460125.599937,6.1177,-23.1017,8.0031,7.4464,7.4694,8.2343,7
2460125.617067,-5.3452,-23.6767,8.0031,7.4464,7.4694,8.2343,7
2460125.634347,-2.4005,-30.5056,8.0031,7.4464,7.4694,8.2343,7
2460125.651257,-9.6242,-13.5900,8.0031,7.4464,7.4694,8.2343,7
2460125.726307,-8.4419,-23.3749,8.0031,7.4464,7.4694,8.2343,7
2460125.743597,-3.2734,-6.1876,8.0031,7.4464,7.4694,8.2343,7
2460125.769287,-1.8972,-18.2887,8.0031,7.4464,7.4694,8.2343,7
2460125.783367,-8.9568,-11.6637,8.0031,7.4464,7.4694,8.2343,7
2460125.810827,-3.6523,-0.9323,8.0031,7.4464,7.4694,8.2343,7
2460125.827397,1.8337,-2.9454,8.0031,7.4464,7.4694,8.2343,7
2460126.668087,-9.9681,-10.7718,8.0031,7.4464,7.4694,8.2343,7
2460129.665917,-3.8082,-14.9883,8.0031,7.4464,7.4694,8.2343,7
2460130.496007,-3.2486,-23.8120,8.0031,7.4464,7.4694,8.2343,7
2460130.664567,-11.1962,-17.4894,8.0031,7.4464,7.4694,8.2343,7
2460130.681337,-6.3378,-24.8403,8.0031,7.4464,7.4694,8.2343,7
2460130.698337,-2.9437,-20.4245,8.0031,7.4464,7.4694,8.2343,7
2460130.718327,-12.0344,-11.1827,8.0031,7.4464,7.4694,8.2343,7
2460130.735517,-3.0667,-12.7943,8.0031,7.4464,7.4694,8.2343,7
2460131.525817,-9.8399,-13.5916,8.0031,7.4464,7.4694,8.2343,7
2460131.542667,-1.5822,-25.5435,8.0031,7.4464,7.4694,8.2343,7
2460131.610157,7.0518,-9.7436,8.0031,7.4464,7.4694,8.2343,7
2460131.710107,9.0765,-4.2302,8.0031,7.4464,7.4694,8.2343,7
2460131.737867,1.0930,-24.0981,8.0031,7.4464,7.4694,8.2343,7
2460133.680847,-3.6298,-15.8828,8.0031,7.4464,7.4694,8.2343,7
2460133.738367,-12.8482,-13.4152,8.0031,7.4464,7.4694,8.2343,7
2460133.755687,-12.3748,-24.3195,8.0031,7.4464,7.4694,8.2343,7
2460133.807577,-21.0950,-13.0164,8.0031,7.4464,7.4694,8.2343,7
2460134.514267,-0.1801,-29.6434,8.0031,7.4464,7.4694,8.2343,7
2460134.574697,1.7032,-11.3173,8.0031,7.4464,7.4694,8.2343,7
2460134.591917,-0.5858,-14.6399,8.0031,7.4464,7.4694,8.2343,7
2460134.608767,4.6023,-21.9785,8.0031,7.4464,7.4694,8.2343,7
2460134.627737,8.9679,-16.0563,8.0031,7.4464,7.4694,8.2343,7
2460134.655617,8.6333,-22.7552,8.0031,7.4464,7.4694,8.2343,7
2460134.672777,-6.6984,-22.8700,8.0031,7.4464,7.4694,8.2343,7
2460134.707937,10.1491,-14.0056,8.0031,7.4464,7.4694,8.2343,7
2460136.540647,0.5627,-7.1230,8.0031,7.4464,7.4694,8.2343,7
2460139.575437,-13.0252,-23.5614,8.0031,7.4464,7.4694,8.2343,7
2460139.638627,-3.9181,-19.4643,8.0031,7.4464,7.4694,8.2343,7
2460139.657967,-14.3909,-21.7543,8.0031,7.4464,7.4694,8.2343,7
2460139.703507,-5.8456,-20.5074,8.0031,7.4464,7.4694,8.2343,7
2460139.741187,-3.7599,-21.6032,8.0031,7.4464,7.4694,8.2343,7
2460140.477347,6.0429,-33.7884,8.0031,7.4464,7.4694,8.2343,7
2460140.511177,-10.2915,-34.0170,8.0031,7.4464,7.4694,8.2343,7
2460140.571687,-6.0778,-27.5502,8.0031,7.4464,7.4694,8.2343,7
2460140.605257,-8.9416,-21.3627,8.0031,7.4464,7.4694,8.2343,7
2460140.623947,-12.3236,-31.8537,8.0031,7.4464,7.4694,8.2343,7
2460140.641117,-6.3202,-20.4949,8.0031,7.4464,7.4694,8.2343,7
2460140.657887,0.8333,-24.1519,8.0031,7.4464,7.4694,8.2343,7
2460140.687267,-1.6370,-28.5863,8.0031,7.4464,7.4694,8.2343,7
2460140.707477,-4.2791,-33.6731,8.0031,7.4464,7.4694,8.2343,7
2460140.724027,-7.3712,-20.0305,8.0031,7.4464,7.4694,8.2343,7
2460140.757397,-7.0153,-20.5219,8.0031,7.4464,7.4694,8.2343,7
2460140.784827,-4.2057,0.3584,8.0031,7.4464,7.4694,8.2343,7
2460141.466447,3.8846,-1.7189,8.0031,7.4464,7.4694,8.2343,7
2460141.517217,-15.5825,-13.9278,8.0031,7.4464,7.4694,8.2343,7
2460141.613597,-8.7132,-15.9883,8.0031,7.4464,7.4694,8.2343,7
2460141.642967,-17.4237,-11.0773,8.0031,7.4464,7.4694,8.2343,7
2460141.659457,-3.7931,-21.0421,8.0031,7.4464,7.4694,8.2343,7
2460141.692717,4.1080,-17.8924,8.0031,7.4464,7.4694,8.2343,7
2460141.709637,-8.3907,-12.0458,8.0031,7.4464,7.4694,8.2343,7
2460141.754017,2.4065,-26.2277,8.0031,7.4464,7.4694,8.2343,7
2460141.771327,-8.2777,-23.2544,8.0031,7.4464,7.4694,8.2343,7
2460141.787897,14.7846,-27.7287,8.0031,7.4464,7.4694,8.2343,7
2460142.487937,-4.6794,-22.4180,8.0031,7.4464,7.4694,8.2343,7
2460142.505347,-18.5938,-19.4687,8.0031,7.4464,7.4694,8.2343,7
2460142.551797,-12.3603,-29.2859,8.0031,7.4464,7.4694,8.2343,7
2460142.586597,-0.3735,-12.0963,8.0031,7.4464,7.4694,8.2343,7
2460142.603827,-9.6219,-23.9923,8.0031,7.4464,7.4694,8.2343,7
2460142.653257,-0.9392,-14.3468,8.0031,7.4464,7.4694,8.2343,7
2460142.704717,-12.7535,-20.2415,8.0031,7.4464,7.4694,8.2343,7
2460142.722057,-7.0400,-10.8213,8.0031,7.4464,7.4694,8.2343,7
2460142.769287,-10.2527,-21.2552,8.0031,7.4464,7.4694,8.2343,7
2460143.464547,4.9461,-33.6942,8.0031,7.4464,7.4694,8.2343,7
2460143.499767,18.2017,-13.6805,8.0031,7.4464,7.4694,8.2343,7
2460143.543337,10.5577,-0.1338,8.0031,7.4464,7.4694,8.2343,7
2460143.560457,19.9458,-8.3681,8.0031,7.4464,7.4694,8.2343,7
2460146.521267,16.3131,-6.2633,8.0031,7.4464,7.4694,8.2343,7
2460146.555087,4.5409,-2.3991,8.0031,7.4464,7.4694,8.2343,7
2460148.565117,9.6796,-20.5857,8.0031,7.4464,7.4694,8.2343,7
2460148.645257,11.9424,-10.7043,8.0031,7.4464,7.4694,8.2343,7
2460148.756467,-12.9118,-14.2421,8.0031,7.4464,7.4694,8.2343,7
2460149.471797,-3.3077,-32.7651,8.0031,7.4464,7.4694,8.2343,7
2460149.490227,-7.9515,-16.4105,8.0031,7.4464,7.4694,8.2343,7
2460149.507277,3.8177,-10.3973,8.0031,7.4464,7.4694,8.2343,7
2460149.589487,8.3030,-15.8645,8.0031,7.4464,7.4694,8.2343,7
2460149.606337,4.0689,-20.7336,8.0031,7.4464,7.4694,8.2343,7
2460149.651187,9.9462,-8.4406,8.0031,7.4464,7.4694,8.2343,7
2460149.667677,-17.3520,-22.7955,8.0031,7.4464,7.4694,8.2343,7
2460149.684067,11.7897,-1.9200,8.0031,7.4464,7.4694,8.2343,7
2460149.717537,-0.6305,-24.3992,8.0031,7.4464,7.4694,8.2343,7
2460149.747577,9.9301,-16.6597,8.0031,7.4464,7.4694,8.2343,7
2460151.661507,1.1151,-20.1975,8.0031,7.4464,7.4694,8.2343,7
2460151.696257,-6.3453,-24.3037,8.0031,7.4464,7.4694,8.2343,7
2460153.476917,-5.7786,-15.4700,8.0031,7.4464,7.4694,8.2343,7
2460153.494177,-4.9512,-9.4304,8.0031,7.4464,7.4694,8.2343,7
2460153.530727,3.0465,-12.4865,8.0031,7.4464,7.4694,8.2343,7
2460153.559857,-5.8540,-15.6291,8.0031,7.4464,7.4694,8.2343,7
2460153.577937,-0.6692,-9.3291,8.0031,7.4464,7.4694,8.2343,7
2460153.594857,-5.0349,-25.0030,8.0031,7.4464,7.4694,8.2343,7
2460153.612057,-8.3073,-5.9876,8.0031,7.4464,7.4694,8.2343,7
2460153.629047,3.0256,-6.2862,8.0031,7.4464,7.4694,8.2343,7
2460153.656307,-12.8009,-1.1011,8.0031,7.4464,7.4694,8.2343,7
2460153.677097,-3.0213,-8.3643,8.0031,7.4464,7.4694,8.2343,7
2460153.693917,4.2560,-7.7543,8.0031,7.4464,7.4694,8.2343,7
2460153.710657,8.4634,-2.3863,8.0031,7.4464,7.4694,8.2343,7
2460153.727557,-12.2177,-14.6657,8.0031,7.4464,7.4694,8.2343,7
2460153.760077,-3.2657,-10.4268,8.0031,7.4464,7.4694,8.2343,7
2460154.578407,0.4684,-13.0418,8.0031,7.4464,7.4694,8.2343,7
2460157.632717,-0.0214,-2.9619,8.0031,7.4464,7.4694,8.2343,7
2460158.592917,11.8728,-3.1644,8.0031,7.4464,7.4694,8.2343,7
2460158.614757,-1.8664,-17.2095,8.0031,7.4464,7.4694,8.2343,7
2460158.623127,10.1728,-32.4016,8.0031,7.4464,7.4694,8.2343,7
2460159.486317,-15.4844,-15.8921,8.0031,7.4464,7.4694,8.2343,7
2460159.513307,-7.5914,-29.1548,8.0031,7.4464,7.4694,8.2343,7
2460159.650107,-7.0699,-15.1983,8.0031,7.4464,7.4694,8.2343,7
2460159.666927,-9.0426,-11.4785,8.0031,7.4464,7.4694,8.2343,7
2460159.683517,-10.6053,-19.8064,8.0031,7.4464,7.4694,8.2343,7
2460159.711107,-0.5510,-16.4070,8.0031,7.4464,7.4694,8.2343,7
2460159.728027,-3.7850,-10.5017,8.0031,7.4464,7.4694,8.2343,7
2460159.744827,-5.0958,-17.9363,8.0031,7.4464,7.4694,8.2343,7
2460160.504287,-1.2121,-12.9962,8.0031,7.4464,7.4694,8.2343,7
2460160.579547,-4.3117,-22.6615,8.0031,7.4464,7.4694,8.2343,7
2460160.596107,-0.0771,-19.5674,8.0031,7.4464,7.4694,8.2343,7
2460160.612897,-5.5942,-8.2326,8.0031,7.4464,7.4694,8.2343,7
2460160.633027,-8.6397,-15.9020,8.0031,7.4464,7.4694,8.2343,7
2460160.652977,-15.5239,-21.7597,8.0031,7.4464,7.4694,8.2343,7
2460160.708537,-14.2980,-9.1496,8.0031,7.4464,7.4694,8.2343,7
2460161.469267,-7.4104,-3.1455,8.0031,7.4464,7.4694,8.2343,7
2460161.486187,-9.4506,-32.9270,8.0031,7.4464,7.4694,8.2343,7
2460161.508447,-14.1060,-28.9016,8.0031,7.4464,7.4694,8.2343,7
2460161.526067,-4.5866,-23.1972,8.0031,7.4464,7.4694,8.2343,7
2460161.592377,-7.9003,-20.8384,8.0031,7.4464,7.4694,8.2343,7
2460161.662507,0.6475,-11.0672,8.0031,7.4464,7.4694,8.2343,7
2460161.685327,-19.2049,-15.7331,8.0031,7.4464,7.4694,8.2343,7
2460161.702307,-6.5286,-16.4110,8.0031,7.4464,7.4694,8.2343,7
2460161.726107,-15.1930,-23.6943,8.0031,7.4464,7.4694,8.2343,7
2460162.532407,-6.9784,-19.0711,8.0031,7.4464,7.4694,8.2343,7
2460162.549667,-10.4463,-35.7283,8.0031,7.4464,7.4694,8.2343,7
2460162.607097,-7.7337,-11.1006,8.0031,7.4464,7.4694,8.2343,7
2460162.623807,-21.3239,-1.2498,8.0031,7.4464,7.4694,8.2343,7
2460162.682227,-17.4531,-30.5366,8.0031,7.4464,7.4694,8.2343,7
2460162.699017,-17.0690,-14.7625,8.0031,7.4464,7.4694,8.2343,7
2460162.716117,-9.8388,-19.3927,8.0031,7.4464,7.4694,8.2343,7
2460167.543067,-9.8981,-11.7731,8.0031,7.4464,7.4694,8.2343,7
2460167.612087,-15.9784,-16.1018,8.0031,7.4464,7.4694,8.2343,7
2460168.478707,1.3677,-7.5956,8.0031,7.4464,7.4694,8.2343,7
2460168.495427,-7.0631,-20.2803,8.0031,7.4464,7.4694,8.2343,7
2460168.540227,-6.5636,-31.9296,8.0031,7.4464,7.4694,8.2343,7
2460168.641497,-13.3217,-34.1403,8.0031,7.4464,7.4694,8.2343,7
2460168.658437,-7.5290,-27.2739,8.0031,7.4464,7.4694,8.2343,7
2460168.675697,-2.7136,-12.1931,8.0031,7.4464,7.4694,8.2343,7
2460170.486197,-20.1233,-31.2176,8.0031,7.4464,7.4694,8.2343,7
2460170.502707,-20.6107,-22.5825,8.0031,7.4464,7.4694,8.2343,7
2460170.524487,-7.4974,-33.8526,8.0031,7.4464,7.4694,8.2343,7
2460170.545457,-13.9540,-39.2654,8.0031,7.4464,7.4694,8.2343,7
2460170.575547,-9.2923,-40.5040,8.0031,7.4464,7.4694,8.2343,7
2460170.594257,-17.8999,-18.6365,8.0031,7.4464,7.4694,8.2343,7
2460170.611407,-11.2870,-10.3552,8.0031,7.4464,7.4694,8.2343,7
2460170.631057,-21.8131,-6.9731,8.0031,7.4464,7.4694,8.2343,7
2460170.648037,-15.2091,-27.3645,8.0031,7.4464,7.4694,8.2343,7
2460170.675507,-6.1163,-14.4266,8.0031,7.4464,7.4694,8.2343,7
2460171.480017,-4.7438,-28.1117,8.0031,7.4464,7.4694,8.2343,7
2460171.513537,-9.8697,-38.2817,8.0031,7.4464,7.4694,8.2343,7
2460171.540057,10.2703,-30.5512,8.0031,7.4464,7.4694,8.2343,7
2460171.599137,-4.6742,-12.7295,8.0031,7.4464,7.4694,8.2343,7
2460171.632877,-7.7594,-27.8273,8.0031,7.4464,7.4694,8.2343,7
2460171.659967,-14.3974,-26.0857,8.0031,7.4464,7.4694,8.2343,7
2460171.676917,-3.3718,-15.8233,8.0031,7.4464,7.4694,8.2343,7
2460171.694217,-3.1723,-16.5396,8.0031,7.4464,7.4694,8.2343,7
2460171.709297,3.9122,-6.6201,8.0031,7.4464,7.4694,8.2343,7
2460173.479147,-7.8902,-23.9270,8.0031,7.4464,7.4694,8.2343,7
2460173.512747,-7.0575,-21.3096,8.0031,7.4464,7.4694,8.2343,7
2460174.581387,5.2045,-29.2445,8.0031,7.4464,7.4694,8.2343,7
2460174.598287,-11.3017,-25.8536,8.0031,7.4464,7.4694,8.2343,7
2460174.614897,-19.8497,-26.9283,8.0031,7.4464,7.4694,8.2343,7
2460174.632747,-10.3876,-22.7591,8.0031,7.4464,7.4694,8.2343,7
2460174.650697,-3.8799,-19.4165,8.0031,7.4464,7.4694,8.2343,7
2460175.478087,-3.0963,-15.7742,8.0031,7.4464,7.4694,8.2343,7
2460175.511237,-4.3196,-24.4110,8.0031,7.4464,7.4694,8.2343,7
2460175.557067,0.5441,-21.0608,8.0031,7.4464,7.4694,8.2343,7
2460175.573527,-7.4314,-22.9911,8.0031,7.4464,7.4694,8.2343,7
2460175.591517,-21.1410,-38.8426,8.0031,7.4464,7.4694,8.2343,7
2460178.486187,5.8583,-10.6092,8.0031,7.4464,7.4694,8.2343,7
2460178.533477,-12.3059,-13.6510,8.0031,7.4464,7.4694,8.2343,7
2460178.537167,6.0391,-7.4771,8.0031,7.4464,7.4694,8.2343,7
2460178.554017,-14.7427,-12.8751,8.0031,7.4464,7.4694,8.2343,7
2460178.558297,-7.2702,-21.4127,8.0031,7.4464,7.4694,8.2343,7
2460178.571797,-3.7361,-16.1127,8.0031,7.4464,7.4694,8.2343,7
2460178.588807,-7.8556,-23.4444,8.0031,7.4464,7.4694,8.2343,7
2460178.674507,10.3146,-39.6875,8.0031,7.4464,7.4694,8.2343,7
2460179.611637,-7.3410,-19.9605,8.0031,7.4464,7.4694,8.2343,7
2460179.628037,-16.2297,-29.1200,8.0031,7.4464,7.4694,8.2343,7
2460180.624887,-5.7692,-5.5366,8.0031,7.4464,7.4694,8.2343,7
2460180.642907,6.0739,-4.2782,8.0031,7.4464,7.4694,8.2343,7
2460180.679947,15.3923,-21.8728,8.0031,7.4464,7.4694,8.2343,7
2460181.496287,-18.0470,-25.1591,8.0031,7.4464,7.4694,8.2343,7
2460181.531067,2.4880,-0.1510,8.0031,7.4464,7.4694,8.2343,7
2460181.548687,-4.4491,-26.3806,8.0031,7.4464,7.4694,8.2343,7
2460181.565557,2.1365,-40.5729,8.0031,7.4464,7.4694,8.2343,7
2460181.569207,-19.7560,-32.4020,8.0031,7.4464,7.4694,8.2343,7
2460181.571897,-9.2288,-17.0892,8.0031,7.4464,7.4694,8.2343,7
2460181.603997,-20.6425,-20.0593,8.0031,7.4464,7.4694,8.2343,7
2460181.622337,-14.4447,-19.2576,8.0031,7.4464,7.4694,8.2343,7
2460181.639157,13.3539,-22.0960,8.0031,7.4464,7.4694,8.2343,7
2460181.664117,-10.1432,-3.6320,8.0031,7.4464,7.4694,8.2343,7
2460181.680837,-4.7503,-21.7580,8.0031,7.4464,7.4694,8.2343,7
2460184.541307,-3.2613,-7.6074,8.0031,7.4464,7.4694,8.2343,7
2460185.529037,-6.1826,-31.3088,8.0031,7.4464,7.4694,8.2343,7
2460185.546807,-4.3963,-34.4476,8.0031,7.4464,7.4694,8.2343,7
2460185.563507,-15.6374,-12.6514,8.0031,7.4464,7.4694,8.2343,7
2460185.582977,-22.4043,-18.7407,8.0031,7.4464,7.4694,8.2343,7
2460186.511417,-10.1859,-14.0278,8.0031,7.4464,7.4694,8.2343,7
2460186.532107,-5.1842,-26.2610,8.0031,7.4464,7.4694,8.2343,7
2460186.552267,-13.9235,-25.9245,8.0031,7.4464,7.4694,8.2343,7
2460186.570067,-4.6194,-13.7299,8.0031,7.4464,7.4694,8.2343,7
2460186.586487,-7.8059,-17.1464,8.0031,7.4464,7.4694,8.2343,7
2460187.495217,-1.9708,-19.5199,8.0031,7.4464,7.4694,8.2343,7
2460187.520737,5.2101,-17.6743,8.0031,7.4464,7.4694,8.2343,7
2460187.539807,-1.2847,-10.7193,8.0031,7.4464,7.4694,8.2343,7
2460187.581207,-7.8262,-3.0827,8.0031,7.4464,7.4694,8.2343,7
2460187.609767,-9.3128,-20.6353,8.0031,7.4464,7.4694,8.2343,7
2460187.628297,7.3784,-28.8086,8.0031,7.4464,7.4694,8.2343,7
2460187.646787,-8.7972,-15.1763,8.0031,7.4464,7.4694,8.2343,7
2460188.485247,11.5940,1.9965,8.0031,7.4464,7.4694,8.2343,7
2460188.602617,2.0093,-3.1340,8.0031,7.4464,7.4694,8.2343,7
2460188.643827,12.2674,-24.7764,8.0031,7.4464,7.4694,8.2343,7
2460189.516387,-12.5187,-23.8162,8.0031,7.4464,7.4694,8.2343,7
2460189.532997,1.8196,-27.4546,8.0031,7.4464,7.4694,8.2343,7
2460193.488197,-2.4452,-14.9925,8.0031,7.4464,7.4694,8.2343,7
2460193.537677,15.5336,-7.0231,8.0031,7.4464,7.4694,8.2343,7
2460193.609917,4.9625,-38.7018,8.0031,7.4464,7.4694,8.2343,7
2460194.538297,14.3496,-12.5259,8.0031,7.4464,7.4694,8.2343,7
2460194.574357,-14.6550,2.7002,8.0031,7.4464,7.4694,8.2343,7
2460194.591307,-11.2730,-10.0711,8.0031,7.4464,7.4694,8.2343,7
2460194.620427,-15.3076,-15.9122,8.0031,7.4464,7.4694,8.2343,7
2460196.485607,-13.4362,-24.1391,8.0031,7.4464,7.4694,8.2343,7
2460196.519787,-12.9491,-21.3037,8.0031,7.4464,7.4694,8.2343,7
2460196.547597,-21.5722,-6.5615,8.0031,7.4464,7.4694,8.2343,7
2460201.577117,-17.7110,-7.9627,8.0031,7.4464,7.4694,8.2343,7
2460201.593867,-12.6866,-35.3292,8.0031,7.4464,7.4694,8.2343,7
2460202.478697,-17.4178,1.8506,8.0031,7.4464,7.4694,8.2343,7
2460202.518957,-7.0727,-26.6831,8.0031,7.4464,7.4694,8.2343,7
2460202.596677,-3.0394,-23.3401,8.0031,7.4464,7.4694,8.2343,7
2460203.479957,-1.1132,-20.6621,8.0031,7.4464,7.4694,8.2343,7
2460203.501697,-8.3944,-22.9585,8.0031,7.4464,7.4694,8.2343,7
2460203.546117,-3.9630,-14.1012,8.0031,7.4464,7.4694,8.2343,7
2460203.564067,-1.2379,-15.6732,8.0031,7.4464,7.4694,8.2343,7
2460203.581827,-7.8401,-12.8647,8.0031,7.4464,7.4694,8.2343,7
2460203.601747,-2.9346,-7.7443,8.0031,7.4464,7.4694,8.2343,7
2460203.611477,-9.2416,-14.8843,8.0031,7.4464,7.4694,8.2343,7
2460204.505487,-1.7102,-18.6685,8.0031,7.4464,7.4694,8.2343,7
2460204.522227,5.8780,-28.8053,8.0031,7.4464,7.4694,8.2343,7
2460204.555497,-20.9769,-24.5740,8.0031,7.4464,7.4694,8.2343,7
2460204.572877,-3.0494,-27.5191,8.0031,7.4464,7.4694,8.2343,7
2460204.589657,-17.2858,-29.3035,8.0031,7.4464,7.4694,8.2343,7
2460206.541587,-2.1963,-19.8089,8.0031,7.4464,7.4694,8.2343,7
2460207.509117,6.0577,-9.5560,8.0031,7.4464,7.4694,8.2343,7
2460207.542827,-3.5189,-15.7207,8.0031,7.4464,7.4694,8.2343,7
2460207.559397,-8.0027,-10.8494,8.0031,7.4464,7.4694,8.2343,7
2460207.577207,-18.9324,-29.3212,8.0031,7.4464,7.4694,8.2343,7
2460208.514857,-14.3289,-7.1031,8.0031,7.4464,7.4694,8.2343,7
2460208.544007,-10.2109,-3.3780,8.0031,7.4464,7.4694,8.2343,7
2460208.560997,-3.9284,-24.1420,8.0031,7.4464,7.4694,8.2343,7
2460208.582157,0.9968,-24.4335,8.0031,7.4464,7.4694,8.2343,7
2460209.496487,-5.5626,-14.1642,8.0031,7.4464,7.4694,8.2343,7
2460209.540837,-1.4002,1.4748,8.0031,7.4464,7.4694,8.2343,7
2460209.557347,-2.5615,-14.8946,8.0031,7.4464,7.4694,8.2343,7
2460209.574207,0.8344,-21.2536,8.0031,7.4464,7.4694,8.2343,7
2460209.587917,1.0329,-6.4964,8.0031,7.4464,7.4694,8.2343,7
2460211.512077,-14.5716,-15.1820,8.0031,7.4464,7.4694,8.2343,7
2460211.539137,-5.6907,-14.2240,8.0031,7.4464,7.4694,8.2343,7
2460211.558197,-7.4760,-9.1466,8.0031,7.4464,7.4694,8.2343,7
2460211.574907,-11.2399,-21.0065,8.0031,7.4464,7.4694,8.2343,7
2460211.591857,-11.3940,-6.5762,8.0031,7.4464,7.4694,8.2343,7
2460212.491967,-13.6580,-13.9792,8.0031,7.4464,7.4694,8.2343,7
2460212.508767,1.3282,-10.6248,8.0031,7.4464,7.4694,8.2343,7
2460212.527187,-2.6083,2.4593,8.0031,7.4464,7.4694,8.2343,7
2460212.544497,-6.5900,1.5006,8.0031,7.4464,7.4694,8.2343,7
2460212.547207,-10.8081,-7.0808,8.0031,7.4464,7.4694,8.2343,7
2460212.590177,0.5953,3.5873,8.0031,7.4464,7.4694,8.2343,7
2460213.535337,-15.7599,-4.0139,8.0031,7.4464,7.4694,8.2343,7
2460214.494507,0.1010,-14.3212,8.0031,7.4464,7.4694,8.2343,7
2460214.521867,-2.0700,-30.0043,8.0031,7.4464,7.4694,8.2343,7
2460214.539077,-3.4087,-10.9449,8.0031,7.4464,7.4694,8.2343,7
2460214.555487,-11.6219,-7.4906,8.0031,7.4464,7.4694,8.2343,7
2460214.585967,-3.8352,-12.4239,8.0031,7.4464,7.4694,8.2343,7
2460215.493887,4.4601,-9.3497,8.0031,7.4464,7.4694,8.2343,7
2460215.532557,-11.3655,-13.4610,8.0031,7.4464,7.4694,8.2343,7
2460216.498257,2.8495,-20.7859,8.0031,7.4464,7.4694,8.2343,7
2460216.515037,-8.4795,-14.9193,8.0031,7.4464,7.4694,8.2343,7
2460216.577157,3.6428,-26.2828,8.0031,7.4464,7.4694,8.2343,7
2460217.512437,-11.9360,-26.6802,8.0031,7.4464,7.4694,8.2343,7
2460217.530797,-11.1991,-29.4131,8.0031,7.4464,7.4694,8.2343,7
2460217.564167,-8.9933,-13.8334,8.0031,7.4464,7.4694,8.2343,7
2460218.496477,-10.0405,-23.8931,8.0031,7.4464,7.4694,8.2343,7
2460219.511627,-12.5997,-8.2318,8.0031,7.4464,7.4694,8.2343,7
2460219.528477,-14.1797,-3.9377,8.0031,7.4464,7.4694,8.2343,7
2460220.545127,-13.0114,-9.0509,8.0031,7.4464,7.4694,8.2343,7
2460222.541557,-14.0389,-0.3051,8.0031,7.4464,7.4694,8.2343,7
2460223.533217,7.8904,-20.4111,8.0031,7.4464,7.4694,8.2343,7
2460223.550417,-0.4873,-14.8980,8.0031,7.4464,7.4694,8.2343,7
2460225.544047,-15.9747,-0.3994,8.0031,7.4464,7.4694,8.2343,7
2460225.561317,-6.7344,-6.1884,8.0031,7.4464,7.4694,8.2343,7
2460226.492757,-1.4335,-16.7404,8.0031,7.4464,7.4694,8.2343,7
2460226.509667,-5.0616,-24.6657,8.0031,7.4464,7.4694,8.2343,7
2460226.527957,-1.7540,-30.3135,8.0031,7.4464,7.4694,8.2343,7
2460226.544647,3.7608,-10.2621,8.0031,7.4464,7.4694,8.2343,7
2460227.498007,-1.9707,-13.7923,8.0031,7.4464,7.4694,8.2343,7
2460227.525827,-14.2343,-25.7062,8.0031,7.4464,7.4694,8.2343,7
2460227.542727,-6.2020,-16.8470,8.0031,7.4464,7.4694,8.2343,7
2460228.492447,-8.9946,-17.0226,8.0031,7.4464,7.4694,8.2343,7
2460228.509387,-0.8842,-27.6014,8.0031,7.4464,7.4694,8.2343,7
2460229.501407,-7.5560,-27.7169,8.0031,7.4464,7.4694,8.2343,7
2460229.518657,-9.7476,-18.8267,8.0031,7.4464,7.4694,8.2343,7
2460229.536167,-1.3076,-22.8030,8.0031,7.4464,7.4694,8.2343,7
2460230.504837,3.7811,-20.8517,8.0031,7.4464,7.4694,8.2343,7
2460230.522187,0.1606,-18.0842,8.0031,7.4464,7.4694,8.2343,7
2460230.549657,-5.8425,-29.1237,8.0031,7.4464,7.4694,8.2343,7
2460231.510117,-8.2070,-33.4873,8.0031,7.4464,7.4694,8.2343,7
2460232.505167,-6.0223,-25.4899,8.0031,7.4464,7.4694,8.2343,7
2460232.533177,-12.4685,-21.1793,8.0031,7.4464,7.4694,8.2343,7
2460234.498157,4.7916,-10.1522,8.0031,7.4464,7.4694,8.2343,7
2460234.516277,4.7804,-9.4258,8.0031,7.4464,7.4694,8.2343,7
2460234.533437,7.1655,3.3188,8.0031,7.4464,7.4694,8.2343,7
2460238.503497,-1.9830,-28.5403,8.0031,7.4464,7.4694,8.2343,7
2460238.524627,-10.9308,-28.3949,8.0031,7.4464,7.4694,8.2343,7
2460238.528117,-9.2019,-19.6653,8.0031,7.4464,7.4694,8.2343,7
2460360.884677,-10.0061,-32.0718,8.0031,7.4464,6.8784,7.9030,8
2460361.893607,-9.3387,-34.0963,8.0031,7.4464,6.8784,7.9030,8
2460366.874827,-17.1832,-20.0451,8.0031,7.4464,6.8784,7.9030,8
2460367.855647,-17.0668,-35.0656,8.0031,7.4464,6.8784,7.9030,8
2460367.872207,0.7863,-31.4349,8.0031,7.4464,6.8784,7.9030,8
2460368.847537,-1.5614,-38.3690,8.0031,7.4464,6.8784,7.9030,8
2460368.881267,-2.2182,-19.9548,8.0031,7.4464,6.8784,7.9030,8
2460368.901897,-0.6204,-25.0665,8.0031,7.4464,6.8784,7.9030,8
2460369.853267,-8.1710,-28.7719,8.0031,7.4464,6.8784,7.9030,8
2460369.869627,-6.3866,-23.1659,8.0031,7.4464,6.8784,7.9030,8
2460369.902937,-7.7454,-24.6280,8.0031,7.4464,6.8784,7.9030,8
2460370.849247,-15.4272,-20.6031,8.0031,7.4464,6.8784,7.9030,8
2460370.883517,2.5315,-16.6582,8.0031,7.4464,6.8784,7.9030,8
2460370.900817,-3.0474,-11.6195,8.0031,7.4464,6.8784,7.9030,8
2460371.845377,2.6267,-23.0037,8.0031,7.4464,6.8784,7.9030,8
2460371.862117,-11.2273,-29.4245,8.0031,7.4464,6.8784,7.9030,8
2460371.878837,2.8486,-14.1165,8.0031,7.4464,6.8784,7.9030,8
2460371.897877,-3.5426,-36.1322,8.0031,7.4464,6.8784,7.9030,8
2460372.858437,-8.0636,-17.8089,8.0031,7.4464,6.8784,7.9030,8
2460372.875327,-5.5267,-35.6400,8.0031,7.4464,6.8784,7.9030,8
2460372.892337,-0.1564,-17.6509,8.0031,7.4464,6.8784,7.9030,8
2460374.826437,-12.2323,-22.8584,8.0031,7.4464,6.8784,7.9030,8
2460374.846257,-13.6819,-21.4275,8.0031,7.4464,6.8784,7.9030,8
2460374.862807,-2.0335,-25.2639,8.0031,7.4464,6.8784,7.9030,8
2460374.896737,-9.1474,-24.6957,8.0031,7.4464,6.8784,7.9030,8
2460375.828257,-0.2700,-28.3106,8.0031,7.4464,6.8784,7.9030,8
2460375.845237,-16.5874,-24.5529,8.0031,7.4464,6.8784,7.9030,8
2460375.862507,-4.8546,-42.4203,8.0031,7.4464,6.8784,7.9030,8
2460375.879607,2.9787,-27.7734,8.0031,7.4464,6.8784,7.9030,8
2460375.896657,-3.7038,-35.2717,8.0031,7.4464,6.8784,7.9030,8
2460375.899357,-5.9242,-26.7395,8.0031,7.4464,6.8784,7.9030,8
2460376.860677,-16.8479,-15.0462,8.0031,7.4464,6.8784,7.9030,8
2460377.831207,-15.2404,-27.9191,8.0031,7.4464,6.8784,7.9030,8
2460377.849747,-5.6613,-28.4654,8.0031,7.4464,6.8784,7.9030,8
2460377.865977,-8.0914,-22.2842,8.0031,7.4464,6.8784,7.9030,8
2460377.882677,-5.7024,-36.1748,8.0031,7.4464,6.8784,7.9030,8
2460377.899317,-10.0218,-29.4661,8.0031,7.4464,6.8784,7.9030,8
2460378.831857,-3.4563,-12.7413,8.0031,7.4464,6.8784,7.9030,8
2460378.834827,0.6219,-15.5135,8.0031,7.4464,6.8784,7.9030,8
2460378.850367,-3.8801,-29.4812,8.0031,7.4464,6.8784,7.9030,8
2460378.867557,-4.6831,-37.5486,8.0031,7.4464,6.8784,7.9030,8
2460378.887637,-8.9207,-34.4625,8.0031,7.4464,6.8784,7.9030,8
2460379.833217,-5.5778,-41.1520,8.0031,7.4464,6.8784,7.9030,8
2460380.805617,-14.0583,-26.8834,8.0031,7.4464,6.8784,7.9030,8
2460380.823067,-2.8575,-36.4958,8.0031,7.4464,6.8784,7.9030,8
2460380.856797,-13.7461,-19.2506,8.0031,7.4464,6.8784,7.9030,8
2460380.885197,-11.9418,-30.2474,8.0031,7.4464,6.8784,7.9030,8
2460381.840507,-14.6041,-27.1994,8.0031,7.4464,6.8784,7.9030,8
2460382.833417,-2.7304,-28.5034,8.0031,7.4464,6.8784,7.9030,8
2460382.850437,-5.0644,-28.4759,8.0031,7.4464,6.8784,7.9030,8
2460382.866787,3.6689,-17.2984,8.0031,7.4464,6.8784,7.9030,8
2460382.883447,-13.3038,-31.2937,8.0031,7.4464,6.8784,7.9030,8
2460382.899917,-6.3398,-23.0005,8.0031,7.4464,6.8784,7.9030,8
2460383.878757,-11.8380,-19.7042,8.0031,7.4464,6.8784,7.9030,8
2460383.906237,-9.6293,-32.8846,8.0031,7.4464,6.8784,7.9030,8
2460384.812937,-9.8599,-31.0490,8.0031,7.4464,6.8784,7.9030,8
2460384.830207,-16.6525,-37.6374,8.0031,7.4464,6.8784,7.9030,8
2460384.847047,-7.4845,-26.9229,8.0031,7.4464,6.8784,7.9030,8
2460384.893457,-13.1940,-25.5464,8.0031,7.4464,6.8784,7.9030,8
2460384.910637,-8.2188,-29.8761,8.0031,7.4464,6.8784,7.9030,8
2460385.835717,-4.5209,-41.2364,8.0031,7.4464,6.8784,7.9030,8
2460385.887567,-3.0227,-20.6989,8.0031,7.4464,6.8784,7.9030,8
2460385.904867,-4.1761,-25.1494,8.0031,7.4464,6.8784,7.9030,8
2460386.804597,-12.2261,-33.7506,8.0031,7.4464,6.8784,7.9030,8
2460386.848407,-4.6710,-24.2362,8.0031,7.4464,6.8784,7.9030,8
2460386.869227,-13.6768,-21.5835,8.0031,7.4464,6.8784,7.9030,8
2460386.905877,-6.0903,-18.3812,8.0031,7.4464,6.8784,7.9030,8
2460387.796217,-9.6296,-17.7696,8.0031,7.4464,6.8784,7.9030,8
2460387.840307,4.3167,-35.4403,8.0031,7.4464,6.8784,7.9030,8
2460387.857167,-4.0444,-31.0223,8.0031,7.4464,6.8784,7.9030,8
2460387.891537,-15.4523,-34.9410,8.0031,7.4464,6.8784,7.9030,8
2460389.803627,-14.8413,-34.0942,8.0031,7.4464,6.8784,7.9030,8
2460389.883307,-11.9818,-18.9429,8.0031,7.4464,6.8784,7.9030,8
2460389.901767,2.9415,-18.8872,8.0031,7.4464,6.8784,7.9030,8
2460390.817287,-13.1429,-36.2312,8.0031,7.4464,6.8784,7.9030,8
2460390.851747,-3.9415,-39.3583,8.0031,7.4464,6.8784,7.9030,8
2460390.897457,4.8663,-24.7068,8.0031,7.4464,6.8784,7.9030,8
2460391.779387,-4.5323,-22.4200,8.0031,7.4464,6.8784,7.9030,8
2460391.796617,-13.7554,-33.9396,8.0031,7.4464,6.8784,7.9030,8
2460391.813337,-7.7987,-35.0578,8.0031,7.4464,6.8784,7.9030,8
2460391.860187,-11.3003,-34.6713,8.0031,7.4464,6.8784,7.9030,8
2460391.877477,4.6212,-37.5290,8.0031,7.4464,6.8784,7.9030,8
2460391.895847,3.2851,-33.1924,8.0031,7.4464,6.8784,7.9030,8
2460393.772057,-7.6674,-33.7485,8.0031,7.4464,6.8784,7.9030,8
2460393.805337,-19.7162,-34.8640,8.0031,7.4464,6.8784,7.9030,8
2460393.852947,-4.9350,-23.9221,8.0031,7.4464,6.8784,7.9030,8
2460393.886637,2.4358,-21.2436,8.0031,7.4464,6.8784,7.9030,8
2460393.905517,-13.6560,-29.7989,8.0031,7.4464,6.8784,7.9030,8
2460394.787607,-12.2278,-27.1904,8.0031,7.4464,6.8784,7.9030,8
2460394.804397,-7.6783,-23.7060,8.0031,7.4464,6.8784,7.9030,8
2460394.862177,-15.3380,-21.6990,8.0031,7.4464,6.8784,7.9030,8
2460394.889847,-5.8008,-30.6787,8.0031,7.4464,6.8784,7.9030,8
2460395.772217,-1.5721,-32.9204,8.0031,7.4464,6.8784,7.9030,8
2460395.790347,-9.3300,-36.3402,8.0031,7.4464,6.8784,7.9030,8
2460395.806847,-7.6786,-34.6111,8.0031,7.4464,6.8784,7.9030,8
2460395.823827,-6.1328,-33.0397,8.0031,7.4464,6.8784,7.9030,8
2460395.827037,6.1465,-23.0760,8.0031,7.4464,6.8784,7.9030,8
2460395.860077,1.0063,-22.2659,8.0031,7.4464,6.8784,7.9030,8
2460395.876857,-12.6326,-24.1800,8.0031,7.4464,6.8784,7.9030,8
2460396.774667,-3.4547,-31.2081,8.0031,7.4464,6.8784,7.9030,8
2460396.817957,-4.5969,-25.9439,8.0031,7.4464,6.8784,7.9030,8
2460396.853407,-6.2783,-32.4097,8.0031,7.4464,6.8784,7.9030,8
2460396.869867,-9.4231,-26.9487,8.0031,7.4464,6.8784,7.9030,8
2460396.897567,-4.7348,-20.0341,8.0031,7.4464,6.8784,7.9030,8
2460397.771027,4.2251,-13.9254,8.0031,7.4464,6.8784,7.9030,8
2460398.769927,-12.5993,-39.8460,8.0031,7.4464,6.8784,7.9030,8
2460398.844027,5.7423,-14.0494,8.0031,7.4464,6.8784,7.9030,8
2460399.770897,-6.5672,-20.8672,8.0031,7.4464,6.8784,7.9030,8
2460399.815177,-8.0413,-24.4042,8.0031,7.4464,6.8784,7.9030,8
2460399.849887,4.9309,-14.8736,8.0031,7.4464,6.8784,7.9030,8
2460399.911327,2.1839,-17.3477,8.0031,7.4464,6.8784,7.9030,8
2460402.779127,-2.6915,-19.3731,8.0031,7.4464,6.8784,7.9030,8
2460402.795837,-5.6507,-22.0118,8.0031,7.4464,6.8784,7.9030,8
2460402.813137,-0.5769,-30.0895,8.0031,7.4464,6.8784,7.9030,8
2460402.829637,3.4914,-32.7678,8.0031,7.4464,6.8784,7.9030,8
2460402.846747,-6.8328,-19.3859,8.0031,7.4464,6.8784,7.9030,8
2460402.875617,1.1635,-27.1479,8.0031,7.4464,6.8784,7.9030,8
2460402.912377,6.8416,-14.9834,8.0031,7.4464,6.8784,7.9030,8
2460403.756267,-1.2132,-33.6811,8.0031,7.4464,6.8784,7.9030,8
2460403.773007,1.9341,-28.3042,8.0031,7.4464,6.8784,7.9030,8
2460403.816427,-4.2893,-29.7948,8.0031,7.4464,6.8784,7.9030,8
2460404.740397,3.1746,-28.8046,8.0031,7.4464,6.8784,7.9030,8
2460404.760857,0.6665,-37.6962,8.0031,7.4464,6.8784,7.9030,8
2460404.791867,-13.5623,-29.0668,8.0031,7.4464,6.8784,7.9030,8
2460404.809097,-6.9638,-17.0274,8.0031,7.4464,6.8784,7.9030,8
2460404.827407,-14.3598,-15.0700,8.0031,7.4464,6.8784,7.9030,8
2460404.888647,-18.6786,-24.6123,8.0031,7.4464,6.8784,7.9030,8
2460404.921887,-4.6247,-12.2543,8.0031,7.4464,6.8784,7.9030,8
2460405.813117,-1.9910,-23.9531,8.0031,7.4464,6.8784,7.9030,8
2460405.853047,-4.7349,-38.1151,8.0031,7.4464,6.8784,7.9030,8
2460405.870957,-12.4681,-40.0633,8.0031,7.4464,6.8784,7.9030,8
2460406.758497,-9.7198,-41.1874,8.0031,7.4464,6.8784,7.9030,8
2460406.790917,1.3513,-26.0479,8.0031,7.4464,6.8784,7.9030,8
2460406.825827,-0.2624,-15.5925,8.0031,7.4464,6.8784,7.9030,8
2460406.859477,0.1912,-27.8374,8.0031,7.4464,6.8784,7.9030,8
2460406.889977,7.7521,-31.1160,8.0031,7.4464,6.8784,7.9030,8
2460407.741617,-16.6854,-30.8792,8.0031,7.4464,6.8784,7.9030,8
2460407.775967,-8.9143,-31.3362,8.0031,7.4464,6.8784,7.9030,8
2460407.803587,-13.0830,-22.3410,8.0031,7.4464,6.8784,7.9030,8
2460408.758037,-9.0257,-25.9359,8.0031,7.4464,6.8784,7.9030,8
2460408.807347,-2.5696,-18.9154,8.0031,7.4464,6.8784,7.9030,8
2460408.824687,-16.4560,-26.9266,8.0031,7.4464,6.8784,7.9030,8
2460408.845407,-9.0223,-22.9692,8.0031,7.4464,6.8784,7.9030,8
2460408.862267,-13.3600,-22.7761,8.0031,7.4464,6.8784,7.9030,8
2460408.879437,-13.4575,-23.4162,8.0031,7.4464,6.8784,7.9030,8
2460409.732637,-2.6276,-35.6722,8.0031,7.4464,6.8784,7.9030,8
2460409.769807,-2.6810,-26.5980,8.0031,7.4464,6.8784,7.9030,8
2460409.787787,-5.6814,-37.5528,8.0031,7.4464,6.8784,7.9030,8
2460409.814607,-5.5050,-27.6637,8.0031,7.4464,6.8784,7.9030,8
2460409.870617,-3.6341,-16.3385,8.0031,7.4464,6.8784,7.9030,8
2460409.887397,-12.5321,-27.0465,8.0031,7.4464,6.8784,7.9030,8
2460410.735067,-8.0531,-33.3515,8.0031,7.4464,6.8784,7.9030,8
2460410.751697,-9.2075,-33.2049,8.0031,7.4464,6.8784,7.9030,8
2460410.795877,-0.2430,-18.9161,8.0031,7.4464,6.8784,7.9030,8
2460410.813247,-13.4867,-18.4058,8.0031,7.4464,6.8784,7.9030,8
2460410.848877,2.0952,-12.8738,8.0031,7.4464,6.8784,7.9030,8
2460410.891267,-17.4131,-34.0678,8.0031,7.4464,6.8784,7.9030,8
2460410.920017,-11.6759,-29.9528,8.0031,7.4464,6.8784,7.9030,8
2460411.768257,-7.5676,-38.7083,8.0031,7.4464,6.8784,7.9030,8
2460411.788137,-12.7489,-25.2448,8.0031,7.4464,6.8784,7.9030,8
2460411.815637,-17.7125,-30.3483,8.0031,7.4464,6.8784,7.9030,8
2460411.837927,0.1017,-33.9820,8.0031,7.4464,6.8784,7.9030,8
2460411.890427,-9.4357,-33.9593,8.0031,7.4464,6.8784,7.9030,8
2460411.921857,-7.1116,-21.8386,8.0031,7.4464,6.8784,7.9030,8
2460416.774857,-13.6393,-37.9155,8.0031,7.4464,6.8784,7.9030,8
2460416.812837,-11.4509,-13.3368,8.0031,7.4464,6.8784,7.9030,8
2460416.829757,3.4833,-28.3403,8.0031,7.4464,6.8784,7.9030,8
2460416.849727,-5.8663,-33.6908,8.0031,7.4464,6.8784,7.9030,8
2460416.867767,-16.0498,-42.2800,8.0031,7.4464,6.8784,7.9030,8
2460416.886427,0.0748,-24.8524,8.0031,7.4464,6.8784,7.9030,8
2460417.719327,-7.0945,-34.8041,8.0031,7.4464,6.8784,7.9030,8
2460417.739837,-0.2074,-30.9838,8.0031,7.4464,6.8784,7.9030,8
2460417.774177,-4.6458,-29.4284,8.0031,7.4464,6.8784,7.9030,8
2460417.791097,-10.1783,-31.5335,8.0031,7.4464,6.8784,7.9030,8
2460417.818577,-13.2222,-24.1401,8.0031,7.4464,6.8784,7.9030,8
2460417.852267,-14.7384,-20.8904,8.0031,7.4464,6.8784,7.9030,8
2460417.868957,-3.3487,-17.4559,8.0031,7.4464,6.8784,7.9030,8
2460417.885837,-16.3484,-25.1044,8.0031,7.4464,6.8784,7.9030,8
2460417.912937,-15.1000,-36.4215,8.0031,7.4464,6.8784,7.9030,8
2460418.754737,-4.0577,-37.7050,8.0031,7.4464,6.8784,7.9030,8
2460418.786377,-10.4062,-38.6071,8.0031,7.4464,6.8784,7.9030,8
2460418.807007,-6.3582,-21.7481,8.0031,7.4464,6.8784,7.9030,8
2460418.884227,-6.0883,-21.3546,8.0031,7.4464,6.8784,7.9030,8
2460418.911897,1.7375,-21.7058,8.0031,7.4464,6.8784,7.9030,8
2460419.697677,-8.7190,-26.2222,8.0031,7.4464,6.8784,7.9030,8
2460419.714517,-10.1972,-31.4085,8.0031,7.4464,6.8784,7.9030,8
2460419.749947,-6.8901,-20.0172,8.0031,7.4464,6.8784,7.9030,8
2460419.780577,-16.9566,-32.2088,8.0031,7.4464,6.8784,7.9030,8
2460419.906077,-18.1079,-28.8486,8.0031,7.4464,6.8784,7.9030,8
2460419.925197,-4.1892,-16.2443,8.0031,7.4464,6.8784,7.9030,8
2460420.700547,-8.2628,-37.3677,8.0031,7.4464,6.8784,7.9030,8
2460420.737057,-16.0290,-21.2568,8.0031,7.4464,6.8784,7.9030,8
2460420.835837,-13.2815,-22.7815,8.0031,7.4464,6.8784,7.9030,8
2460420.884397,-15.5943,-25.6035,8.0031,7.4464,6.8784,7.9030,8
2460420.902277,-5.6285,-17.4974,8.0031,7.4464,6.8784,7.9030,8
2460420.919277,-9.9732,-15.2701,8.0031,7.4464,6.8784,7.9030,8
2460423.725797,-9.0440,-25.6576,8.0031,7.4464,6.8784,7.9030,8
2460423.811797,-14.5244,-22.2369,8.0031,7.4464,6.8784,7.9030,8
2460423.845797,-10.1510,-26.4695,8.0031,7.4464,6.8784,7.9030,8
2460423.893727,-10.6492,-25.3945,8.0031,7.4464,6.8784,7.9030,8
2460423.911447,-2.9840,-13.3898,8.0031,7.4464,6.8784,7.9030,8
2460423.928157,-10.9135,-22.4213,8.0031,7.4464,6.8784,7.9030,8
2460424.743067,-5.5440,-17.8636,8.0031,7.4464,6.8784,7.9030,8
2460424.759387,4.8413,-27.2143,8.0031,7.4464,6.8784,7.9030,8
2460424.776547,-11.6640,-21.7743,8.0031,7.4464,6.8784,7.9030,8
2460424.797497,-10.4091,-19.0802,8.0031,7.4464,6.8784,7.9030,8
2460424.831227,-3.8075,-18.2579,8.0031,7.4464,6.8784,7.9030,8
2460424.848237,-13.7902,-15.2850,8.0031,7.4464,6.8784,7.9030,8
2460424.865187,-15.2508,-21.3596,8.0031,7.4464,6.8784,7.9030,8
2460425.690807,-5.6157,-36.1630,8.0031,7.4464,6.8784,7.9030,8
2460426.885167,-8.5928,-29.6741,8.0031,7.4464,6.8784,7.9030,8
2460426.918707,-17.3298,-32.6904,8.0031,7.4464,6.8784,7.9030,8
2460432.678897,-4.8116,-31.6644,8.0031,7.4464,6.8784,7.9030,8
2460432.767037,-13.5501,-6.5530,8.0031,7.4464,6.8784,7.9030,8
2460432.784317,5.2045,-33.8325,8.0031,7.4464,6.8784,7.9030,8
2460432.801107,-5.0439,-13.1030,8.0031,7.4464,6.8784,7.9030,8
2460432.834657,-12.1645,-10.1291,8.0031,7.4464,6.8784,7.9030,8
2460432.851657,-1.6976,-7.3549,8.0031,7.4464,6.8784,7.9030,8
2460432.913027,-0.7752,-12.9048,8.0031,7.4464,6.8784,7.9030,8
2460433.696157,11.7025,-8.0602,8.0031,7.4464,6.8784,7.9030,8
2460433.736147,3.9432,-25.0651,8.0031,7.4464,6.8784,7.9030,8
2460433.761347,-7.0144,-37.5062,8.0031,7.4464,6.8784,7.9030,8
2460433.777977,-4.1328,-29.9063,8.0031,7.4464,6.8784,7.9030,8
2460433.805387,-4.7278,-37.1907,8.0031,7.4464,6.8784,7.9030,8
2460433.843467,-6.0019,-28.3980,8.0031,7.4464,6.8784,7.9030,8
2460433.859817,-8.0128,-36.1625,8.0031,7.4464,6.8784,7.9030,8
2460434.731827,-6.3155,-29.1107,8.0031,7.4464,6.8784,7.9030,8
2460434.748997,-7.2922,-26.9790,8.0031,7.4464,6.8784,7.9030,8
2460434.786687,-4.3777,-34.8234,8.0031,7.4464,6.8784,7.9030,8
2460434.803657,-5.7171,-22.8811,8.0031,7.4464,6.8784,7.9030,8
2460434.842797,-8.4923,-29.9878,8.0031,7.4464,6.8784,7.9030,8
2460434.876227,-18.7703,-36.0714,8.0031,7.4464,6.8784,7.9030,8
2460434.892827,-6.3631,-23.6441,8.0031,7.4464,6.8784,7.9030,8
2460434.910997,-13.4674,-16.6952,8.0031,7.4464,6.8784,7.9030,8
2460435.667507,10.5401,-36.2611,8.0031,7.4464,6.8784,7.9030,8
2460435.685027,1.5515,-12.8438,8.0031,7.4464,6.8784,7.9030,8
2460435.786097,0.7659,-25.0786,8.0031,7.4464,6.8784,7.9030,8
2460435.789747,-0.7000,-19.1662,8.0031,7.4464,6.8784,7.9030,8
2460435.806697,12.2880,-36.5073,8.0031,7.4464,6.8784,7.9030,8
2460435.824537,-1.8743,-24.4278,8.0031,7.4464,6.8784,7.9030,8
2460435.868597,-10.0982,-21.5197,8.0031,7.4464,6.8784,7.9030,8
2460435.888437,3.3648,-11.2849,8.0031,7.4464,6.8784,7.9030,8
2460435.892197,-5.2014,-26.1634,8.0031,7.4464,6.8784,7.9030,8
2460435.912407,10.1862,-12.9320,8.0031,7.4464,6.8784,7.9030,8
2460436.698497,-12.5476,-20.1441,8.0031,7.4464,6.8784,7.9030,8
2460436.717267,0.0905,-28.1381,8.0031,7.4464,6.8784,7.9030,8
2460436.753677,-12.4669,-26.6379,8.0031,7.4464,6.8784,7.9030,8
2460436.780577,-8.2513,-26.8343,8.0031,7.4464,6.8784,7.9030,8
2460436.799037,-3.3961,-36.9715,8.0031,7.4464,6.8784,7.9030,8
2460436.815427,-9.6582,-43.6830,8.0031,7.4464,6.8784,7.9030,8
2460436.836357,-4.3870,-46.2226,8.0031,7.4464,6.8784,7.9030,8
2460436.853067,-7.4061,-34.3508,8.0031,7.4464,6.8784,7.9030,8
2460436.875027,-7.7730,-31.2349,8.0031,7.4464,6.8784,7.9030,8
2460436.902247,-8.8596,-30.9864,8.0031,7.4464,6.8784,7.9030,8
2460438.736957,7.1974,-33.3105,8.0031,7.4464,6.8784,7.9030,8
2460439.672287,-5.5800,-2.7609,8.0031,7.4464,6.8784,7.9030,8
2460439.700727,0.2937,-28.1143,8.0031,7.4464,6.8784,7.9030,8
2460439.718097,-5.0573,-37.3473,8.0031,7.4464,6.8784,7.9030,8
2460439.734927,10.6759,-23.1378,8.0031,7.4464,6.8784,7.9030,8
2460439.752867,-4.3872,-20.8844,8.0031,7.4464,6.8784,7.9030,8
2460439.770157,-9.2306,-39.9207,8.0031,7.4464,6.8784,7.9030,8
2460439.806987,-2.2271,-11.1887,8.0031,7.4464,6.8784,7.9030,8
2460439.824047,-12.8140,-18.7705,8.0031,7.4464,6.8784,7.9030,8
2460439.863287,5.4169,-13.4025,8.0031,7.4464,6.8784,7.9030,8
2460439.867517,3.8386,-14.4957,8.0031,7.4464,6.8784,7.9030,8
2460439.881777,2.6548,-11.6929,8.0031,7.4464,6.8784,7.9030,8
2460439.927497,-5.5069,-24.7413,8.0031,7.4464,6.8784,7.9030,8
2460440.694817,0.0772,-15.0817,8.0031,7.4464,6.8784,7.9030,8
2460440.740627,-3.0175,-19.0597,8.0031,7.4464,6.8784,7.9030,8
2460440.778507,11.4304,-12.1066,8.0031,7.4464,6.8784,7.9030,8
2460440.825887,-5.1187,-40.4639,8.0031,7.4464,6.8784,7.9030,8
2460440.894007,-2.6592,-43.1150,8.0031,7.4464,6.8784,7.9030,8
2460440.922977,-10.7802,-9.3737,8.0031,7.4464,6.8784,7.9030,8
2460441.741517,12.8280,-23.9265,8.0031,7.4464,6.8784,7.9030,8
2460442.668677,7.1363,-16.9464,8.0031,7.4464,6.8784,7.9030,8
2460442.685487,-1.0306,-34.1193,8.0031,7.4464,6.8784,7.9030,8
2460442.751587,-11.2902,-32.5844,8.0031,7.4464,6.8784,7.9030,8
2460442.785107,-2.1514,-35.2396,8.0031,7.4464,6.8784,7.9030,8
2460442.802157,-7.4151,-25.2140,8.0031,7.4464,6.8784,7.9030,8
2460442.818527,-14.0914,-34.6476,8.0031,7.4464,6.8784,7.9030,8
2460442.846527,-15.1832,-33.7757,8.0031,7.4464,6.8784,7.9030,8
2460442.863657,-2.6685,-40.4358,8.0031,7.4464,6.8784,7.9030,8
2460442.880597,-14.3868,-35.4890,8.0031,7.4464,6.8784,7.9030,8
2460442.898667,-13.6376,-23.2253,8.0031,7.4464,6.8784,7.9030,8
2460442.915897,-3.5739,-39.6926,8.0031,7.4464,6.8784,7.9030,8
2460443.845047,-6.1230,-33.0486,8.0031,7.4464,6.8784,7.9030,8
2460444.677747,9.5072,-15.1545,8.0031,7.4464,6.8784,7.9030,8
2460446.748707,13.6754,-21.5513,8.0031,7.4464,6.8784,7.9030,8
2460446.804017,-7.1713,-31.3256,8.0031,7.4464,6.8784,7.9030,8
2460447.640537,-9.7199,-25.1523,8.0031,7.4464,6.8784,7.9030,8
2460448.792367,-6.4576,-19.1356,8.0031,7.4464,6.8784,7.9030,8
2460448.831117,-6.9704,-29.6671,8.0031,7.4464,6.8784,7.9030,8
2460448.867607,-5.9928,-24.3562,8.0031,7.4464,6.8784,7.9030,8
2460448.886057,-8.8596,-32.0784,8.0031,7.4464,6.8784,7.9030,8
2460449.640637,4.9248,-34.3533,8.0031,7.4464,6.8784,7.9030,8
2460449.680607,-5.7731,-35.1649,8.0031,7.4464,6.8784,7.9030,8
2460449.717527,-11.9206,-27.2903,8.0031,7.4464,6.8784,7.9030,8
2460449.747477,-17.6032,-22.5578,8.0031,7.4464,6.8784,7.9030,8
2460449.763717,0.1460,-35.9529,8.0031,7.4464,6.8784,7.9030,8
2460449.781247,-10.9249,-31.9574,8.0031,7.4464,6.8784,7.9030,8
2460449.834547,-15.7251,-28.9197,8.0031,7.4464,6.8784,7.9030,8
2460450.614927,-2.0425,-30.4041,8.0031,7.4464,6.8784,7.9030,8
2460457.767817,-11.2969,-37.6224,8.0031,7.4464,6.8784,7.9030,8
2460457.784887,-10.3172,-31.0352,8.0031,7.4464,6.8784,7.9030,8
2460457.805557,-6.7451,-17.9195,8.0031,7.4464,6.8784,7.9030,8
2460458.627287,-1.3484,-24.7674,8.0031,7.4464,6.8784,7.9030,8
2460458.698987,-1.5797,-25.5154,8.0031,7.4464,6.8784,7.9030,8
2460458.715287,4.2856,-16.6593,8.0031,7.4464,6.8784,7.9030,8
2460458.733347,-3.0005,-28.3612,8.0031,7.4464,6.8784,7.9030,8
2460458.777197,-11.1679,-24.7236,8.0031,7.4464,6.8784,7.9030,8
2460458.811227,0.1534,-24.8411,8.0031,7.4464,6.8784,7.9030,8
2460458.845387,-5.6948,-20.3677,8.0031,7.4464,6.8784,7.9030,8
2460458.872827,-13.9621,-16.8774,8.0031,7.4464,6.8784,7.9030,8
2460458.889167,4.2081,-21.4488,8.0031,7.4464,6.8784,7.9030,8
2460458.906607,-18.3814,-33.8473,8.0031,7.4464,6.8784,7.9030,8
2460459.600647,7.7380,-24.7236,8.0031,7.4464,6.8784,7.9030,8
2460459.618857,0.9114,-31.3555,8.0031,7.4464,6.8784,7.9030,8
2460459.645817,-6.5954,-30.3842,8.0031,7.4464,6.8784,7.9030,8
2460459.663187,-9.3366,-29.8898,8.0031,7.4464,6.8784,7.9030,8
2460459.679797,-0.0242,-25.5747,8.0031,7.4464,6.8784,7.9030,8
2460459.696737,-0.1152,-17.1479,8.0031,7.4464,6.8784,7.9030,8
2460459.760917,-3.7870,-19.6930,8.0031,7.4464,6.8784,7.9030,8
2460459.777637,-9.9539,-27.4406,8.0031,7.4464,6.8784,7.9030,8
2460459.794277,-2.9666,-24.4487,8.0031,7.4464,6.8784,7.9030,8
2460459.854957,-11.5478,-28.2645,8.0031,7.4464,6.8784,7.9030,8
2460459.871507,8.7774,-34.3932,8.0031,7.4464,6.8784,7.9030,8
2460459.889997,1.8738,-22.1104,8.0031,7.4464,6.8784,7.9030,8
2460459.906567,9.7921,-15.3102,8.0031,7.4464,6.8784,7.9030,8
2460460.599117,-8.6844,-32.8124,8.0031,7.4464,6.8784,7.9030,8
2460460.628717,1.8890,-36.6187,8.0031,7.4464,6.8784,7.9030,8
2460460.662317,-7.8314,-28.3232,8.0031,7.4464,6.8784,7.9030,8
2460460.682897,-15.7011,-37.7414,8.0031,7.4464,6.8784,7.9030,8
2460460.699487,-5.5024,-17.8576,8.0031,7.4464,6.8784,7.9030,8
2460460.726727,-6.4197,-20.0469,8.0031,7.4464,6.8784,7.9030,8
2460460.743727,5.6990,-33.7584,8.0031,7.4464,6.8784,7.9030,8
2460460.761637,-5.3275,-17.4555,8.0031,7.4464,6.8784,7.9030,8
2460461.614387,2.0304,-22.7873,8.0031,7.4464,6.8784,7.9030,8
2460461.632577,-10.7760,-24.5369,8.0031,7.4464,6.8784,7.9030,8
2460461.652917,3.4881,-26.3676,8.0031,7.4464,6.8784,7.9030,8
2460461.672727,-7.3253,-28.9826,8.0031,7.4464,6.8784,7.9030,8
2460461.689377,-3.8563,-32.6317,8.0031,7.4464,6.8784,7.9030,8
2460461.716397,2.3148,-26.2221,8.0031,7.4464,6.8784,7.9030,8
2460461.733837,-11.1592,-18.6354,8.0031,7.4464,6.8784,7.9030,8
2460461.750687,2.8066,-19.3012,8.0031,7.4464,6.8784,7.9030,8
2460461.767867,-0.5738,-23.6097,8.0031,7.4464,6.8784,7.9030,8
2460461.815777,-10.2051,-20.1466,8.0031,7.4464,6.8784,7.9030,8
2460461.834417,-11.3053,-17.5846,8.0031,7.4464,6.8784,7.9030,8
2460461.851337,-10.0138,-28.3915,8.0031,7.4464,6.8784,7.9030,8
2460461.854397,-11.4249,-29.8023,8.0031,7.4464,6.8784,7.9030,8
2460461.871197,-6.9619,-29.8667,8.0031,7.4464,6.8784,7.9030,8
2460462.631017,1.2894,-34.9642,8.0031,7.4464,6.8784,7.9030,8
2460462.651537,-10.3873,-24.4601,8.0031,7.4464,6.8784,7.9030,8
2460462.667667,-7.3147,-25.8371,8.0031,7.4464,6.8784,7.9030,8
2460462.694597,-12.6485,-35.0650,8.0031,7.4464,6.8784,7.9030,8
2460462.712207,-16.5529,-38.2892,8.0031,7.4464,6.8784,7.9030,8
2460462.732337,-5.1118,-22.2591,8.0031,7.4464,6.8784,7.9030,8
2460462.749327,-10.9065,-33.9775,8.0031,7.4464,6.8784,7.9030,8
2460462.785187,9.7469,-26.1921,8.0031,7.4464,6.8784,7.9030,8
2460463.613457,-4.9523,-30.4743,8.0031,7.4464,6.8784,7.9030,8
2460463.647567,-10.1739,-37.3149,8.0031,7.4464,6.8784,7.9030,8
2460463.712397,-9.8588,-20.8643,8.0031,7.4464,6.8784,7.9030,8
2460463.732927,-1.3324,-33.3432,8.0031,7.4464,6.8784,7.9030,8
2460463.777757,-12.0276,-30.3197,8.0031,7.4464,6.8784,7.9030,8
2460463.794577,-2.4564,-28.6501,8.0031,7.4464,6.8784,7.9030,8
2460463.811297,-8.7454,-30.7974,8.0031,7.4464,6.8784,7.9030,8
2460463.848857,-12.9546,-19.8078,8.0031,7.4464,6.8784,7.9030,8
2460463.866297,-10.0104,-23.3556,8.0031,7.4464,6.8784,7.9030,8
2460463.893477,1.2818,-31.9977,8.0031,7.4464,6.8784,7.9030,8
2460464.652267,-1.9610,-39.6340,8.0031,7.4464,6.8784,7.9030,8
2460464.668327,2.0768,-32.3945,8.0031,7.4464,6.8784,7.9030,8
2460464.685047,-13.0872,-21.0990,8.0031,7.4464,6.8784,7.9030,8
2460464.701687,-4.6342,-22.9306,8.0031,7.4464,6.8784,7.9030,8
2460464.746647,0.7311,-20.6672,8.0031,7.4464,6.8784,7.9030,8
2460464.763597,8.3815,-18.1082,8.0031,7.4464,6.8784,7.9030,8
2460464.780527,-3.8975,-35.6035,8.0031,7.4464,6.8784,7.9030,8
2460464.817007,-10.0914,-33.7446,8.0031,7.4464,6.8784,7.9030,8
2460464.846177,-6.6610,-32.3810,8.0031,7.4464,6.8784,7.9030,8
2460464.864857,0.8201,-14.2438,8.0031,7.4464,6.8784,7.9030,8
2460467.752507,6.7219,-15.9577,8.0031,7.4464,6.8784,7.9030,8
2460468.587267,2.0563,-29.1463,8.0031,7.4464,6.8784,7.9030,8
2460468.608237,-15.6649,-28.2133,8.0031,7.4464,6.8784,7.9030,8
2460468.625697,0.6526,-35.9325,8.0031,7.4464,6.8784,7.9030,8
2460468.652897,-4.3939,-18.1775,8.0031,7.4464,6.8784,7.9030,8
2460468.687977,-1.8226,-30.5245,8.0031,7.4464,6.8784,7.9030,8
2460468.724667,-5.4087,-26.4613,8.0031,7.4464,6.8784,7.9030,8
2460468.753727,-9.7363,-31.2428,8.0031,7.4464,6.8784,7.9030,8
2460468.770407,-4.9469,-32.1039,8.0031,7.4464,6.8784,7.9030,8
2460468.787107,-17.2246,-23.1162,8.0031,7.4464,6.8784,7.9030,8
2460468.803617,1.4134,-18.0704,8.0031,7.4464,6.8784,7.9030,8
2460469.622017,0.8297,-35.1519,8.0031,7.4464,6.8784,7.9030,8
2460469.655697,-14.6467,-37.8893,8.0031,7.4464,6.8784,7.9030,8
2460469.673727,-3.1023,-25.7650,8.0031,7.4464,6.8784,7.9030,8
2460469.740157,1.1776,-20.4807,8.0031,7.4464,6.8784,7.9030,8
2460469.792077,-10.8422,-24.4111,8.0031,7.4464,6.8784,7.9030,8
2460469.837497,-3.3398,-32.4244,8.0031,7.4464,6.8784,7.9030,8
2460469.855727,4.5008,-39.5087,8.0031,7.4464,6.8784,7.9030,8
2460469.872727,-11.9717,-13.1524,8.0031,7.4464,6.8784,7.9030,8
2460469.889337,-3.9642,-35.1011,8.0031,7.4464,6.8784,7.9030,8
2460473.705167,-1.2594,-39.0982,8.0031,7.4464,6.8784,7.9030,8
2460473.781057,-3.9422,-33.5207,8.0031,7.4464,6.8784,7.9030,8
2460477.659847,-16.3757,-25.4928,8.0031,7.4464,6.8784,7.9030,8
2460477.781997,-8.4342,-40.9858,8.0031,7.4464,6.8784,7.9030,8
2460477.828517,-8.8822,-26.9371,8.0031,7.4464,6.8784,7.9030,8
2460477.848867,-2.7779,-30.3697,8.0031,7.4464,6.8784,7.9030,8
2460477.870047,-1.9750,-29.8538,8.0031,7.4464,6.8784,7.9030,8
2460479.563347,-0.9631,-28.2171,8.0031,7.4464,6.8784,7.9030,8
2460479.617317,8.6354,-17.0143,8.0031,7.4464,6.8784,7.9030,8
2460479.707867,-16.4588,-42.8408,8.0031,7.4464,6.8784,7.9030,8
2460479.724737,-13.2234,-35.0058,8.0031,7.4464,6.8784,7.9030,8
2460479.746407,-16.0828,-27.1189,8.0031,7.4464,6.8784,7.9030,8
2460479.780697,-13.1280,-27.1325,8.0031,7.4464,6.8784,7.9030,8
2460479.800817,-6.0537,-35.8917,8.0031,7.4464,6.8784,7.9030,8
2460479.820377,4.4881,-21.8241,8.0031,7.4464,6.8784,7.9030,8
2460479.837107,-5.5800,-21.9846,8.0031,7.4464,6.8784,7.9030,8
2460480.620317,-6.3258,-41.7862,8.0031,7.4464,6.8784,7.9030,8
2460480.669347,-10.1264,-29.1598,8.0031,7.4464,6.8784,7.9030,8
2460480.686237,1.8123,-26.2947,8.0031,7.4464,6.8784,7.9030,8
2460480.703027,4.8109,-34.7697,8.0031,7.4464,6.8784,7.9030,8
2460480.719847,-8.7172,-27.6025,8.0031,7.4464,6.8784,7.9030,8
2460480.763617,0.4086,-27.1441,8.0031,7.4464,6.8784,7.9030,8
2460481.561187,-9.4263,-40.8585,8.0031,7.4464,6.8784,7.9030,8
2460481.577997,-10.3571,-39.2740,8.0031,7.4464,6.8784,7.9030,8
2460481.629057,-15.0129,-29.7869,8.0031,7.4464,6.8784,7.9030,8
2460481.647157,-10.7202,-22.8816,8.0031,7.4464,6.8784,7.9030,8
2460481.678137,-9.5658,-27.1853,8.0031,7.4464,6.8784,7.9030,8
2460481.694887,-18.6877,-30.5607,8.0031,7.4464,6.8784,7.9030,8
2460481.711647,1.7292,-21.3731,8.0031,7.4464,6.8784,7.9030,8
2460481.728147,-12.4505,-20.8840,8.0031,7.4464,6.8784,7.9030,8
2460481.745017,-11.4780,-12.1678,8.0031,7.4464,6.8784,7.9030,8
2460481.772647,-16.4323,-22.0998,8.0031,7.4464,6.8784,7.9030,8
2460481.792287,1.1018,-17.5596,8.0031,7.4464,6.8784,7.9030,8
2460481.808837,0.1234,-24.0009,8.0031,7.4464,6.8784,7.9030,8
2460481.825847,-2.7880,-27.8524,8.0031,7.4464,6.8784,7.9030,8
2460481.846617,-14.3044,-14.2302,8.0031,7.4464,6.8784,7.9030,8
2460485.680227,-7.2699,-30.5882,8.0031,7.4464,6.8784,7.9030,8
2460485.805907,-8.4320,-34.1746,8.0031,7.4464,6.8784,7.9030,8
2460486.592197,0.0503,-19.7227,8.0031,7.4464,6.8784,7.9030,8
2460486.609487,-3.3457,-30.6897,8.0031,7.4464,6.8784,7.9030,8
2460486.684247,-4.6494,-21.2380,8.0031,7.4464,6.8784,7.9030,8
2460486.713287,-6.9350,-32.5727,8.0031,7.4464,6.8784,7.9030,8
2460486.731237,-15.2994,-29.6137,8.0031,7.4464,6.8784,7.9030,8
2460486.747767,-11.2082,-35.0998,8.0031,7.4464,6.8784,7.9030,8
2460486.764747,-11.5540,-29.8696,8.0031,7.4464,6.8784,7.9030,8
2460486.808997,-5.0252,-21.5302,8.0031,7.4464,6.8784,7.9030,8
2460487.639557,-5.3165,-31.9100,8.0031,7.4464,6.8784,7.9030,8
2460488.556067,-14.7694,-33.2747,8.0031,7.4464,6.8784,7.9030,8
2460488.656477,-0.5593,-19.5585,8.0031,7.4464,6.8784,7.9030,8
2460488.715167,-12.0843,-16.7404,8.0031,7.4464,6.8784,7.9030,8
2460488.733057,-2.8096,-18.5920,8.0031,7.4464,6.8784,7.9030,8
2460488.800767,-9.3398,-20.3621,8.0031,7.4464,6.8784,7.9030,8
2460490.505857,-6.7222,-21.1240,8.0031,7.4464,6.8784,7.9030,8
2460490.522337,-4.9062,-23.8932,8.0031,7.4464,6.8784,7.9030,8
2460490.553667,-14.9289,-25.2000,8.0031,7.4464,6.8784,7.9030,8
2460490.570387,-7.0911,-26.6487,8.0031,7.4464,6.8784,7.9030,8
2460490.586987,6.6503,-26.6082,8.0031,7.4464,6.8784,7.9030,8
2460490.609717,-6.3909,-29.8722,8.0031,7.4464,6.8784,7.9030,8
2460490.626267,-2.2295,-24.1769,8.0031,7.4464,6.8784,7.9030,8
2460490.643297,1.4978,-36.9043,8.0031,7.4464,6.8784,7.9030,8
2460490.670687,-3.7582,-26.7111,8.0031,7.4464,6.8784,7.9030,8
2460490.704647,-11.1715,-24.1444,8.0031,7.4464,6.8784,7.9030,8
2460490.737737,-8.8391,-17.4280,8.0031,7.4464,6.8784,7.9030,8
2460490.768037,-5.3780,-25.2114,8.0031,7.4464,6.8784,7.9030,8
2460490.789537,-2.4661,-14.3173,8.0031,7.4464,6.8784,7.9030,8
2460490.806497,1.3202,-41.2898,8.0031,7.4464,6.8784,7.9030,8
2460490.823087,-9.7304,-20.3800,8.0031,7.4464,6.8784,7.9030,8
2460490.825777,2.5434,-20.8305,8.0031,7.4464,6.8784,7.9030,8
2460491.523657,-10.9264,-39.9077,8.0031,7.4464,6.8784,7.9030,8
2460491.557697,4.5405,-19.5247,8.0031,7.4464,6.8784,7.9030,8
2460491.574327,-13.4905,-27.3353,8.0031,7.4464,6.8784,7.9030,8
2460491.591107,-10.4337,-21.7234,8.0031,7.4464,6.8784,7.9030,8
2460491.619897,-13.3639,-34.3330,8.0031,7.4464,6.8784,7.9030,8
2460491.636857,-7.5826,-25.0469,8.0031,7.4464,6.8784,7.9030,8
2460491.655157,-14.2250,-41.3247,8.0031,7.4464,6.8784,7.9030,8
2460491.708147,-18.5135,-35.9627,8.0031,7.4464,6.8784,7.9030,8
2460491.735267,-14.8713,-36.3498,8.0031,7.4464,6.8784,7.9030,8
2460491.768747,-2.2999,-26.6296,8.0031,7.4464,6.8784,7.9030,8
2460491.785167,-1.2566,-28.4224,8.0031,7.4464,6.8784,7.9030,8
2460491.801987,-9.4095,-37.2761,8.0031,7.4464,6.8784,7.9030,8
2460492.515067,-0.5949,-38.4523,8.0031,7.4464,6.8784,7.9030,8
2460492.532487,-8.8908,-41.3660,8.0031,7.4464,6.8784,7.9030,8
2460492.550947,-3.3805,-41.1349,8.0031,7.4464,6.8784,7.9030,8
2460492.577997,0.1453,-27.2647,8.0031,7.4464,6.8784,7.9030,8
2460492.594577,-8.9764,-20.0206,8.0031,7.4464,6.8784,7.9030,8
2460492.611007,-7.2014,-34.8233,8.0031,7.4464,6.8784,7.9030,8
2460492.630287,-16.8060,-25.6064,8.0031,7.4464,6.8784,7.9030,8
2460492.646717,-3.6061,-35.5692,8.0031,7.4464,6.8784,7.9030,8
2460492.674737,-3.3945,-24.2708,8.0031,7.4464,6.8784,7.9030,8
2460492.709657,-15.2141,-30.2820,8.0031,7.4464,6.8784,7.9030,8
2460492.726857,-4.0028,-28.0894,8.0031,7.4464,6.8784,7.9030,8
2460492.763997,-5.8667,-22.4113,8.0031,7.4464,6.8784,7.9030,8
2460492.792817,-10.5971,-15.2522,8.0031,7.4464,6.8784,7.9030,8
2460492.810567,-12.3866,-29.7974,8.0031,7.4464,6.8784,7.9030,8
2460492.827057,-12.6677,-23.8099,8.0031,7.4464,6.8784,7.9030,8
2460493.504137,0.2832,-38.4103,8.0031,7.4464,6.8784,7.9030,8
2460493.533097,-0.2449,-31.5757,8.0031,7.4464,6.8784,7.9030,8
2460493.549957,-17.8997,-22.9482,8.0031,7.4464,6.8784,7.9030,8
2460493.632657,-2.4350,-19.5438,8.0031,7.4464,6.8784,7.9030,8
2460493.649247,-1.6319,-25.0267,8.0031,7.4464,6.8784,7.9030,8
2460493.668827,-8.9128,-38.6073,8.0031,7.4464,6.8784,7.9030,8
2460493.686237,-15.4191,-33.6403,8.0031,7.4464,6.8784,7.9030,8
2460493.703197,-6.0062,-28.8446,8.0031,7.4464,6.8784,7.9030,8
2460493.730587,-14.6332,-23.8093,8.0031,7.4464,6.8784,7.9030,8
2460493.747337,-2.7202,-32.9570,8.0031,7.4464,6.8784,7.9030,8
2460493.763997,-9.5377,-28.7930,8.0031,7.4464,6.8784,7.9030,8
2460493.796577,-20.5526,-27.7500,8.0031,7.4464,6.8784,7.9030,8
2460493.813287,8.2252,-41.5413,8.0031,7.4464,6.8784,7.9030,8
2460494.500787,-16.1804,-25.8783,8.0031,7.4464,6.8784,7.9030,8
2460494.517467,-8.6851,-20.1912,8.0031,7.4464,6.8784,7.9030,8
2460494.589417,-0.0567,-19.0691,8.0031,7.4464,6.8784,7.9030,8
2460494.606407,-13.1222,-24.6376,8.0031,7.4464,6.8784,7.9030,8
2460494.625967,-16.3496,-22.4637,8.0031,7.4464,6.8784,7.9030,8
2460494.644907,-4.7434,-17.5203,8.0031,7.4464,6.8784,7.9030,8
2460494.690317,-4.6180,-27.4412,8.0031,7.4464,6.8784,7.9030,8
2460494.708167,-15.2825,-24.7283,8.0031,7.4464,6.8784,7.9030,8
2460494.745987,-15.8172,-16.2587,8.0031,7.4464,6.8784,7.9030,8
2460494.780587,-10.0004,-17.6561,8.0031,7.4464,6.8784,7.9030,8
2460495.565507,-0.5150,-19.9528,8.0031,7.4464,6.8784,7.9030,8
2460495.662627,-6.8376,-23.4979,8.0031,7.4464,6.8784,7.9030,8
2460495.695697,-20.4708,-36.0239,8.0031,7.4464,6.8784,7.9030,8
2460495.712577,-1.0126,-12.1452,8.0031,7.4464,6.8784,7.9030,8
2460495.757567,-10.5841,-31.1492,8.0031,7.4464,6.8784,7.9030,8
2460496.549037,-6.0010,-26.3153,8.0031,7.4464,6.8784,7.9030,8
2460496.582177,-7.9331,-43.2899,8.0031,7.4464,6.8784,7.9030,8
2460496.598617,-2.9430,-27.1369,8.0031,7.4464,6.8784,7.9030,8
2460496.616727,-9.2580,-29.8792,8.0031,7.4464,6.8784,7.9030,8
2460496.644287,8.6532,-31.5720,8.0031,7.4464,6.8784,7.9030,8
2460496.679697,-15.4239,-26.2948,8.0031,7.4464,6.8784,7.9030,8
2460496.696857,-4.6322,-19.5116,8.0031,7.4464,6.8784,7.9030,8
2460496.713587,-11.8689,-20.8751,8.0031,7.4464,6.8784,7.9030,8
2460496.740737,0.9215,-26.5321,8.0031,7.4464,6.8784,7.9030,8
2460496.758767,-7.1163,-16.6256,8.0031,7.4464,6.8784,7.9030,8
2460496.792347,-3.5800,-13.1514,8.0031,7.4464,6.8784,7.9030,8
2460496.809357,-18.2202,-27.4329,8.0031,7.4464,6.8784,7.9030,8
2460497.489377,-0.9473,-41.1566,8.0031,7.4464,6.8784,7.9030,8
2460497.505697,8.7884,-40.3340,8.0031,7.4464,6.8784,7.9030,8
2460497.523447,-3.3490,-29.0385,8.0031,7.4464,6.8784,7.9030,8
2460497.542097,-12.0037,-31.1132,8.0031,7.4464,6.8784,7.9030,8
2460497.560307,-0.7755,-29.3875,8.0031,7.4464,6.8784,7.9030,8
2460497.605637,-2.5700,-19.3934,8.0031,7.4464,6.8784,7.9030,8
2460497.622697,-1.1219,-24.5175,8.0031,7.4464,6.8784,7.9030,8
2460497.639017,-5.0274,-26.3588,8.0031,7.4464,6.8784,7.9030,8
2460497.656477,-3.1584,-28.8587,8.0031,7.4464,6.8784,7.9030,8
2460497.672817,-2.5361,-33.7876,8.0031,7.4464,6.8784,7.9030,8
2460497.702377,-13.1225,-23.7106,8.0031,7.4464,6.8784,7.9030,8
2460497.719237,-1.8918,-31.6731,8.0031,7.4464,6.8784,7.9030,8
2460497.735747,-8.8399,-35.0172,8.0031,7.4464,6.8784,7.9030,8
2460497.752547,-8.8017,-26.8674,8.0031,7.4464,6.8784,7.9030,8
2460497.769327,-10.8371,-39.7528,8.0031,7.4464,6.8784,7.9030,8
2460497.797917,-9.9963,-41.5251,8.0031,7.4464,6.8784,7.9030,8
2460497.818897,-14.5198,-44.3025,8.0031,7.4464,6.8784,7.9030,8
2460498.488997,-14.5727,-28.0054,8.0031,7.4464,6.8784,7.9030,8
2460498.508907,-6.9525,-33.6703,8.0031,7.4464,6.8784,7.9030,8
2460498.525807,-9.5738,-27.1586,8.0031,7.4464,6.8784,7.9030,8
2460498.574467,-15.0598,-23.3426,8.0031,7.4464,6.8784,7.9030,8
2460498.608307,-11.8241,-22.4438,8.0031,7.4464,6.8784,7.9030,8
2460498.625117,-8.4792,-36.2673,8.0031,7.4464,6.8784,7.9030,8
2460498.674607,-11.1929,-24.2629,8.0031,7.4464,6.8784,7.9030,8
2460498.691407,-7.2136,-36.2289,8.0031,7.4464,6.8784,7.9030,8
2460498.725527,-10.8031,-27.4694,8.0031,7.4464,6.8784,7.9030,8
2460498.742107,-7.6886,-40.1025,8.0031,7.4464,6.8784,7.9030,8
2460498.770667,-7.6055,-27.7905,8.0031,7.4464,6.8784,7.9030,8
2460498.787167,-9.9275,-23.0021,8.0031,7.4464,6.8784,7.9030,8
2460498.803887,-3.5183,-14.1132,8.0031,7.4464,6.8784,7.9030,8
2460499.479517,2.2974,-40.1322,8.0031,7.4464,6.8784,7.9030,8
2460499.526137,-7.9793,-41.8265,8.0031,7.4464,6.8784,7.9030,8
2460499.544487,-13.1870,-37.4534,8.0031,7.4464,6.8784,7.9030,8
2460499.579747,-16.7479,-45.6583,8.0031,7.4464,6.8784,7.9030,8
2460499.624477,-17.0812,-35.0863,8.0031,7.4464,6.8784,7.9030,8
2460499.674857,-17.7418,-27.0586,8.0031,7.4464,6.8784,7.9030,8
2460499.691887,-11.9030,-33.6362,8.0031,7.4464,6.8784,7.9030,8
2460499.708577,-17.5078,-33.4974,8.0031,7.4464,6.8784,7.9030,8
2460499.754437,-17.4148,-21.9976,8.0031,7.4464,6.8784,7.9030,8
2460499.771047,-11.1970,-28.8818,8.0031,7.4464,6.8784,7.9030,8
2460499.789077,-14.9731,-30.1499,8.0031,7.4464,6.8784,7.9030,8
2460499.810077,-13.8782,-38.5117,8.0031,7.4464,6.8784,7.9030,8
2460500.489737,4.9223,-23.8311,8.0031,7.4464,6.8784,7.9030,8
2460500.546437,-7.8693,-16.3956,8.0031,7.4464,6.8784,7.9030,8
2460500.584957,-13.8377,-39.7923,8.0031,7.4464,6.8784,7.9030,8
2460500.601577,3.3065,-24.8729,8.0031,7.4464,6.8784,7.9030,8
2460500.629317,-4.9304,-33.4704,8.0031,7.4464,6.8784,7.9030,8
2460500.646987,-5.2592,-32.0220,8.0031,7.4464,6.8784,7.9030,8
2460500.684867,-9.4056,-29.9385,8.0031,7.4464,6.8784,7.9030,8
2460500.718687,-19.9896,-39.0699,8.0031,7.4464,6.8784,7.9030,8
2460500.770327,-3.4573,-44.0619,8.0031,7.4464,6.8784,7.9030,8
2460500.806857,2.0530,-17.0413,8.0031,7.4464,6.8784,7.9030,8
2460501.538247,8.8315,-40.0909,8.0031,7.4464,6.8784,7.9030,8
2460501.576747,-12.8918,-42.7052,8.0031,7.4464,6.8784,7.9030,8
2460501.699617,-1.7196,-45.2840,8.0031,7.4464,6.8784,7.9030,8
2460501.756257,-22.1585,-26.6114,8.0031,7.4464,6.8784,7.9030,8
2460502.497547,-0.1607,-21.5177,8.0031,7.4464,6.8784,7.9030,8
2460502.534627,-5.9257,-14.1955,8.0031,7.4464,6.8784,7.9030,8
2460502.578917,-5.9063,-19.0952,8.0031,7.4464,6.8784,7.9030,8
2460502.659407,8.5001,-25.3207,8.0031,7.4464,6.8784,7.9030,8
2460502.677557,6.7576,-24.1650,8.0031,7.4464,6.8784,7.9030,8
2460502.793027,-10.0075,-43.2803,8.0031,7.4464,6.8784,7.9030,8
2460503.557437,-5.7528,-29.3100,8.0031,7.4464,6.8784,7.9030,8
2460503.574547,-3.1133,-43.3500,8.0031,7.4464,6.8784,7.9030,8
2460503.594207,-13.3473,-40.9252,8.0031,7.4464,6.8784,7.9030,8
2460503.639467,-8.5772,-25.8730,8.0031,7.4464,6.8784,7.9030,8
2460503.657017,-7.8790,-25.4268,8.0031,7.4464,6.8784,7.9030,8
2460503.708427,-10.2789,-33.9612,8.0031,7.4464,6.8784,7.9030,8
2460503.735527,-15.0332,-39.8889,8.0031,7.4464,6.8784,7.9030,8
2460503.753637,-4.0910,-24.0228,8.0031,7.4464,6.8784,7.9030,8
2460503.787357,-19.1758,-17.4899,8.0031,7.4464,6.8784,7.9030,8
2460504.568077,-18.5981,-20.4886,8.0031,7.4464,6.8784,7.9030,8
2460504.585107,-20.9849,-37.1902,8.0031,7.4464,6.8784,7.9030,8
2460504.612637,-9.0497,-41.3306,8.0031,7.4464,6.8784,7.9030,8
2460504.647917,-5.8621,-38.7260,8.0031,7.4464,6.8784,7.9030,8
2460504.665037,-13.7613,-36.2906,8.0031,7.4464,6.8784,7.9030,8
2460504.713187,-9.8838,-43.9552,8.0031,7.4464,6.8784,7.9030,8
2460504.730297,-18.5082,-32.9005,8.0031,7.4464,6.8784,7.9030,8
2460504.748877,-6.2008,-19.6689,8.0031,7.4464,6.8784,7.9030,8
2460504.766997,-20.0795,-43.2540,8.0031,7.4464,6.8784,7.9030,8
2460505.477777,-10.7998,-34.2635,8.0031,7.4464,6.8784,7.9030,8
2460505.527757,-2.7662,-22.5129,8.0031,7.4464,6.8784,7.9030,8
2460505.544387,-15.3072,-41.5121,8.0031,7.4464,6.8784,7.9030,8
2460505.576377,0.9656,-32.7234,8.0031,7.4464,6.8784,7.9030,8
2460505.593117,-8.8989,-29.6071,8.0031,7.4464,6.8784,7.9030,8
2460505.610017,-1.9585,-21.4309,8.0031,7.4464,6.8784,7.9030,8
2460505.651887,-1.0699,-41.2705,8.0031,7.4464,6.8784,7.9030,8
2460505.672247,-3.4487,-29.4763,8.0031,7.4464,6.8784,7.9030,8
2460505.733317,-11.5923,-36.6414,8.0031,7.4464,6.8784,7.9030,8
2460505.768097,-6.6222,-27.0825,8.0031,7.4464,6.8784,7.9030,8
2460506.495437,-6.6058,-30.7554,8.0031,7.4464,6.8784,7.9030,8
2460506.517777,-7.6722,-32.9588,8.0031,7.4464,6.8784,7.9030,8
2460506.551807,-2.7352,-24.1940,8.0031,7.4464,6.8784,7.9030,8
2460506.568447,-9.4661,-29.9500,8.0031,7.4464,6.8784,7.9030,8
2460506.604917,-17.8472,-22.7668,8.0031,7.4464,6.8784,7.9030,8
2460506.624827,-17.4239,-25.5705,8.0031,7.4464,6.8784,7.9030,8
2460506.640297,-1.4774,-28.8454,8.0031,7.4464,6.8784,7.9030,8
2460506.657297,6.6458,-20.5445,8.0031,7.4464,6.8784,7.9030,8
2460506.674017,-12.8330,-24.4963,8.0031,7.4464,6.8784,7.9030,8
2460506.693287,-7.8336,-26.0895,8.0031,7.4464,6.8784,7.9030,8
2460506.723337,-8.3737,-29.1986,8.0031,7.4464,6.8784,7.9030,8
2460506.776407,-6.6305,-40.0810,8.0031,7.4464,6.8784,7.9030,8
2460507.519257,-4.7829,-36.4692,8.0031,7.4464,6.8784,7.9030,8
2460507.535787,-16.3938,-28.4782,8.0031,7.4464,6.8784,7.9030,8
2460507.604647,-9.7741,-20.9697,8.0031,7.4464,6.8784,7.9030,8
2460507.621187,-21.2086,-30.5882,8.0031,7.4464,6.8784,7.9030,8
2460507.639417,-7.9025,-21.8840,8.0031,7.4464,6.8784,7.9030,8
2460507.655757,-22.2733,-23.1718,8.0031,7.4464,6.8784,7.9030,8
2460507.736997,1.0648,-21.2949,8.0031,7.4464,6.8784,7.9030,8
2460507.757457,-15.1140,-19.9544,8.0031,7.4464,6.8784,7.9030,8
2460508.615787,5.8970,-34.5024,8.0031,7.4464,6.8784,7.9030,8
2460508.634077,-9.9567,-34.5818,8.0031,7.4464,6.8784,7.9030,8
2460508.651817,6.5852,-11.8045,8.0031,7.4464,6.8784,7.9030,8
2460508.712287,-6.7619,-35.7076,8.0031,7.4464,6.8784,7.9030,8
2460508.716147,-0.7696,-25.5602,8.0031,7.4464,6.8784,7.9030,8
2460508.738637,-12.2697,-31.3211,8.0031,7.4464,6.8784,7.9030,8
2460508.755227,-7.8609,-33.2281,8.0031,7.4464,6.8784,7.9030,8
2460508.771827,2.0918,-16.5642,8.0031,7.4464,6.8784,7.9030,8
2460509.480357,5.6306,-17.6193,8.0031,7.4464,6.8784,7.9030,8
2460509.502067,-1.2318,-34.8771,8.0031,7.4464,6.8784,7.9030,8
2460509.522747,-4.1460,-19.3654,8.0031,7.4464,6.8784,7.9030,8
2460509.542837,-1.3578,-18.7983,8.0031,7.4464,6.8784,7.9030,8
2460509.559307,0.4459,-21.3301,8.0031,7.4464,6.8784,7.9030,8
2460509.577037,1.7315,-16.3999,8.0031,7.4464,6.8784,7.9030,8
2460509.623607,-8.7173,-12.6876,8.0031,7.4464,6.8784,7.9030,8
2460509.641827,-7.9103,-15.2528,8.0031,7.4464,6.8784,7.9030,8
2460509.704107,-5.6235,-24.5237,8.0031,7.4464,6.8784,7.9030,8
2460509.720557,-3.2519,-20.7435,8.0031,7.4464,6.8784,7.9030,8
2460509.753817,-1.3699,-16.2044,8.0031,7.4464,6.8784,7.9030,8
2460509.770477,-4.5796,-36.5161,8.0031,7.4464,6.8784,7.9030,8
2460513.680547,-6.4951,-28.2170,8.0031,7.4464,6.8784,7.9030,8
2460513.766737,9.5523,-13.7093,8.0031,7.4464,6.8784,7.9030,8
2460514.570837,-13.1918,-21.1192,8.0031,7.4464,6.8784,7.9030,8
2460515.681657,-16.3526,-42.1384,8.0031,7.4464,6.8784,7.9030,8
2460515.701277,6.7493,-30.7691,8.0031,7.4464,6.8784,7.9030,8
2460516.549287,-9.1495,-36.3404,8.0031,7.4464,6.8784,7.9030,8
2460516.566387,-6.9950,-34.8104,8.0031,7.4464,6.8784,7.9030,8
2460516.583547,12.0951,-24.1831,8.0031,7.4464,6.8784,7.9030,8
2460516.606227,-4.8252,-32.9366,8.0031,7.4464,6.8784,7.9030,8
2460516.650017,-7.4048,-30.5593,8.0031,7.4464,6.8784,7.9030,8
2460516.666787,-3.5683,-28.1085,8.0031,7.4464,6.8784,7.9030,8
2460516.691347,-25.6863,-27.5544,8.0031,7.4464,6.8784,7.9030,8
2460516.707887,-23.2101,-36.7577,8.0031,7.4464,6.8784,7.9030,8
2460516.731637,-12.7971,-17.7456,8.0031,7.4464,6.8784,7.9030,8
2460516.759787,-5.9994,-42.2250,8.0031,7.4464,6.8784,7.9030,8
2460517.507167,-15.0324,-19.0389,8.0031,7.4464,6.8784,7.9030,8
2460517.540767,-4.8764,-25.1958,8.0031,7.4464,6.8784,7.9030,8
2460517.585437,-4.6046,-14.2943,8.0031,7.4464,6.8784,7.9030,8
2460517.620847,-7.4857,-27.1693,8.0031,7.4464,6.8784,7.9030,8
2460517.637637,-14.1679,-32.5162,8.0031,7.4464,6.8784,7.9030,8
2460517.664987,-10.4829,-31.4912,8.0031,7.4464,6.8784,7.9030,8
2460517.681797,-18.7865,-46.8398,8.0031,7.4464,6.8784,7.9030,8
2460517.700157,-5.0701,-28.0165,8.0031,7.4464,6.8784,7.9030,8
2460517.717467,-1.2063,-19.6866,8.0031,7.4464,6.8784,7.9030,8
2460517.734487,-13.1218,-31.5008,8.0031,7.4464,6.8784,7.9030,8
2460517.761927,8.2968,-47.4281,8.0031,7.4464,6.8784,7.9030,8
2460518.477447,-7.0022,-27.8337,8.0031,7.4464,6.8784,7.9030,8
2460518.498687,-3.9297,-30.0312,8.0031,7.4464,6.8784,7.9030,8
2460518.515437,-6.8643,-25.0341,8.0031,7.4464,6.8784,7.9030,8
2460518.559527,-9.3120,-24.3102,8.0031,7.4464,6.8784,7.9030,8
2460518.579367,-11.5835,-25.0533,8.0031,7.4464,6.8784,7.9030,8
2460518.631537,-6.8892,-22.6518,8.0031,7.4464,6.8784,7.9030,8
2460518.648737,-14.4967,-40.1475,8.0031,7.4464,6.8784,7.9030,8
2460518.679277,-1.7284,-34.7853,8.0031,7.4464,6.8784,7.9030,8
2460518.695767,-12.1347,-15.0271,8.0031,7.4464,6.8784,7.9030,8
2460518.712147,-2.0825,-15.0591,8.0031,7.4464,6.8784,7.9030,8
2460518.728897,-16.5767,-16.1780,8.0031,7.4464,6.8784,7.9030,8
2460518.745677,-3.1312,-39.7290,8.0031,7.4464,6.8784,7.9030,8
2460519.467987,-14.3912,-31.0747,8.0031,7.4464,6.8784,7.9030,8
2460519.484707,-6.4231,-27.6202,8.0031,7.4464,6.8784,7.9030,8
2460519.501217,-8.0880,-18.7507,8.0031,7.4464,6.8784,7.9030,8
2460519.521477,-14.8293,-27.8808,8.0031,7.4464,6.8784,7.9030,8
2460519.540247,-6.9150,-30.7033,8.0031,7.4464,6.8784,7.9030,8
2460519.572057,-14.5546,-32.5733,8.0031,7.4464,6.8784,7.9030,8
2460519.606487,-13.0986,-46.8419,8.0031,7.4464,6.8784,7.9030,8
2460519.623787,-11.5131,-26.0713,8.0031,7.4464,6.8784,7.9030,8
2460519.643217,-16.0527,-31.2781,8.0031,7.4464,6.8784,7.9030,8
2460519.673757,-18.6413,-21.2666,8.0031,7.4464,6.8784,7.9030,8
2460519.690647,-17.1582,-37.7341,8.0031,7.4464,6.8784,7.9030,8
2460519.710417,-17.8524,-22.6648,8.0031,7.4464,6.8784,7.9030,8
2460520.485297,-10.1250,-30.0653,8.0031,7.4464,6.8784,7.9030,8
2460520.538807,-11.7671,-36.4809,8.0031,7.4464,6.8784,7.9030,8
2460520.584637,-19.5252,-33.9553,8.0031,7.4464,6.8784,7.9030,8
2460520.601827,-11.5134,-30.2366,8.0031,7.4464,6.8784,7.9030,8
2460520.618577,-15.4472,-23.8006,8.0031,7.4464,6.8784,7.9030,8
2460520.635377,-6.4112,-24.5327,8.0031,7.4464,6.8784,7.9030,8
2460520.652677,-13.3350,-33.2212,8.0031,7.4464,6.8784,7.9030,8
2460520.683727,-8.0799,-26.5406,8.0031,7.4464,6.8784,7.9030,8
2460520.687467,-23.7761,-17.2597,8.0031,7.4464,6.8784,7.9030,8
2460520.704877,-3.0624,-26.9796,8.0031,7.4464,6.8784,7.9030,8
2460520.738667,-10.2212,-21.5068,8.0031,7.4464,6.8784,7.9030,8
2460521.503387,-1.0363,-31.5349,8.0031,7.4464,6.8784,7.9030,8
2460521.520607,-16.2804,-25.1092,8.0031,7.4464,6.8784,7.9030,8
2460521.621357,-9.1966,-21.6871,8.0031,7.4464,6.8784,7.9030,8
2460521.638327,-9.9364,-16.1023,8.0031,7.4464,6.8784,7.9030,8
2460521.654987,-16.8655,-33.7414,8.0031,7.4464,6.8784,7.9030,8
2460521.671927,-1.2553,-29.9381,8.0031,7.4464,6.8784,7.9030,8
2460521.727407,-6.2682,-25.5261,8.0031,7.4464,6.8784,7.9030,8
2460521.744137,-1.2767,-37.2387,8.0031,7.4464,6.8784,7.9030,8
2460528.544477,5.4800,-20.6788,8.0031,7.4464,6.8784,7.9030,8
2460528.628557,1.7608,-29.6353,8.0031,7.4464,6.8784,7.9030,8
2460528.662707,-2.1801,-35.1864,8.0031,7.4464,6.8784,7.9030,8
2460528.679907,-19.0199,-12.8037,8.0031,7.4464,6.8784,7.9030,8
2460530.527457,-16.8445,-12.5546,8.0031,7.4464,6.8784,7.9030,8
2460530.606507,-9.7333,-35.2862,8.0031,7.4464,6.8784,7.9030,8
2460530.625257,-19.1088,-38.2647,8.0031,7.4464,6.8784,7.9030,8
2460531.548947,-6.9628,-24.5762,8.0031,7.4464,6.8784,7.9030,8
2460531.639297,-8.9898,-16.1451,8.0031,7.4464,6.8784,7.9030,8
2460532.468787,-3.3427,-30.7680,8.0031,7.4464,6.8784,7.9030,8
2460532.502147,-8.8435,-24.4792,8.0031,7.4464,6.8784,7.9030,8
2460532.540327,5.7819,-32.9867,8.0031,7.4464,6.8784,7.9030,8
2460532.567227,-11.5420,-24.6392,8.0031,7.4464,6.8784,7.9030,8
2460532.584527,-15.8873,-39.0945,8.0031,7.4464,6.8784,7.9030,8
2460532.602227,-10.1512,-29.0264,8.0031,7.4464,6.8784,7.9030,8
2460532.620697,-11.2784,-32.0389,8.0031,7.4464,6.8784,7.9030,8
2460532.637697,-5.1046,-42.4077,8.0031,7.4464,6.8784,7.9030,8
2460532.665387,-5.6188,-33.7727,8.0031,7.4464,6.8784,7.9030,8
2460532.699257,-17.2858,-36.2723,8.0031,7.4464,6.8784,7.9030,8
2460532.717637,-8.7828,-30.1320,8.0031,7.4464,6.8784,7.9030,8
2460533.520987,-5.0574,-38.9034,8.0031,7.4464,6.8784,7.9030,8
2460533.584027,-4.9730,-30.8688,8.0031,7.4464,6.8784,7.9030,8
2460533.612257,-15.7678,-41.8594,8.0031,7.4464,6.8784,7.9030,8
2460533.629737,-7.0703,-26.1350,8.0031,7.4464,6.8784,7.9030,8
2460533.646637,-19.8836,-23.2351,8.0031,7.4464,6.8784,7.9030,8
2460533.663267,-14.3152,-31.8992,8.0031,7.4464,6.8784,7.9030,8
2460533.679967,-16.3147,-39.4023,8.0031,7.4464,6.8784,7.9030,8
2460534.514747,-9.4303,-20.7034,8.0031,7.4464,6.8784,7.9030,8
2460534.548407,-2.3252,-11.3533,8.0031,7.4464,6.8784,7.9030,8
2460534.577587,-8.1754,-36.3832,8.0031,7.4464,6.8784,7.9030,8
2460534.611507,2.6752,-25.2879,8.0031,7.4464,6.8784,7.9030,8
2460534.684567,-7.8341,-34.0210,8.0031,7.4464,6.8784,7.9030,8
2460534.701257,-5.5800,-30.3503,8.0031,7.4464,6.8784,7.9030,8
2460535.504037,-12.2049,-20.9673,8.0031,7.4464,6.8784,7.9030,8
2460535.567807,-14.9258,-16.0319,8.0031,7.4464,6.8784,7.9030,8
2460535.585557,-11.9912,-38.2801,8.0031,7.4464,6.8784,7.9030,8
2460535.603927,3.5929,-26.6617,8.0031,7.4464,6.8784,7.9030,8
2460535.623017,-8.8196,-25.6232,8.0031,7.4464,6.8784,7.9030,8
2460535.655887,-9.5995,-29.7428,8.0031,7.4464,6.8784,7.9030,8
2460535.673017,1.2948,-32.1890,8.0031,7.4464,6.8784,7.9030,8
2460536.475327,-11.8138,-30.5737,8.0031,7.4464,6.8784,7.9030,8
2460536.536707,-13.2972,-27.7690,8.0031,7.4464,6.8784,7.9030,8
2460536.553997,-8.0479,-29.9685,8.0031,7.4464,6.8784,7.9030,8
2460536.577887,-22.2408,-32.6452,8.0031,7.4464,6.8784,7.9030,8
2460536.596487,-3.1517,-23.3167,8.0031,7.4464,6.8784,7.9030,8
2460536.613717,4.6628,-27.7135,8.0031,7.4464,6.8784,7.9030,8
2460536.641167,-12.1128,-21.9112,8.0031,7.4464,6.8784,7.9030,8
2460537.535567,-7.2117,-24.0038,8.0031,7.4464,6.8784,7.9030,8
2460537.538977,-0.2457,-33.1168,8.0031,7.4464,6.8784,7.9030,8
2460542.586727,-2.9233,-23.5946,8.0031,7.4464,6.8784,7.9030,8
2460542.605027,-1.2563,-19.9110,8.0031,7.4464,6.8784,7.9030,8
2460542.622337,-6.2231,-41.0598,8.0031,7.4464,6.8784,7.9030,8
2460542.639877,-21.1530,-28.4273,8.0031,7.4464,6.8784,7.9030,8
2460543.625247,-3.4830,-8.2927,8.0031,7.4464,6.8784,7.9030,8
2460545.470437,-7.3575,-10.9244,8.0031,7.4464,6.8784,7.9030,8
2460545.565397,-4.4623,-30.9268,8.0031,7.4464,6.8784,7.9030,8
2460545.654327,8.1571,-30.7752,8.0031,7.4464,6.8784,7.9030,8
2460545.671537,-2.4867,-31.2774,8.0031,7.4464,6.8784,7.9030,8
2460546.565757,-12.5991,-18.5793,8.0031,7.4464,6.8784,7.9030,8
2460546.582777,-1.5740,-23.7148,8.0031,7.4464,6.8784,7.9030,8
2460546.599727,-15.7926,-35.4807,8.0031,7.4464,6.8784,7.9030,8
2460547.480207,-9.1926,-18.8932,8.0031,7.4464,6.8784,7.9030,8
2460547.496977,-12.8163,-38.2997,8.0031,7.4464,6.8784,7.9030,8
2460547.523977,-5.4842,-22.7596,8.0031,7.4464,6.8784,7.9030,8
2460547.543037,1.7401,-18.7057,8.0031,7.4464,6.8784,7.9030,8
2460547.563027,-14.3717,-22.5649,8.0031,7.4464,6.8784,7.9030,8
2460547.596127,-19.7601,-27.7803,8.0031,7.4464,6.8784,7.9030,8
2460547.613897,-13.2804,-32.1310,8.0031,7.4464,6.8784,7.9030,8
2460548.480217,-4.7375,-12.8309,8.0031,7.4464,6.8784,7.9030,8
2460548.497097,-6.8202,-20.5082,8.0031,7.4464,6.8784,7.9030,8
2460548.514287,-5.9550,-23.8074,8.0031,7.4464,6.8784,7.9030,8
2460548.553607,-13.4196,-34.1658,8.0031,7.4464,6.8784,7.9030,8
2460548.590957,-9.7655,-38.3400,8.0031,7.4464,6.8784,7.9030,8
2460548.607157,-0.2968,-35.0509,8.0031,7.4464,6.8784,7.9030,8
2460548.624077,-11.4323,-18.6825,8.0031,7.4464,6.8784,7.9030,8
2460548.653997,-7.6415,-42.2059,8.0031,7.4464,6.8784,7.9030,8
2460548.670847,-2.4904,-29.0397,8.0031,7.4464,6.8784,7.9030,8
2460549.480847,-9.4761,-41.7539,8.0031,7.4464,6.8784,7.9030,8
2460549.514977,-5.7479,-33.9963,8.0031,7.4464,6.8784,7.9030,8
2460549.531977,-16.1707,-24.3020,8.0031,7.4464,6.8784,7.9030,8
2460549.559367,-4.6986,-28.1513,8.0031,7.4464,6.8784,7.9030,8
2460549.575707,-12.9571,-30.9735,8.0031,7.4464,6.8784,7.9030,8
2460549.611187,-9.6844,-25.8930,8.0031,7.4464,6.8784,7.9030,8
2460549.628037,-5.9957,-28.0932,8.0031,7.4464,6.8784,7.9030,8
2460549.655357,-11.4532,-28.5363,8.0031,7.4464,6.8784,7.9030,8
2460549.658147,-18.8641,-20.4023,8.0031,7.4464,6.8784,7.9030,8
2460549.675487,2.6871,-23.4203,8.0031,7.4464,6.8784,7.9030,8
2460550.579587,-8.4124,-44.0578,8.0031,7.4464,6.8784,7.9030,8
2460550.613157,-16.2059,-42.4319,8.0031,7.4464,6.8784,7.9030,8
2460550.629697,8.1342,-34.9470,8.0031,7.4464,6.8784,7.9030,8
2460550.658037,3.3637,-31.3498,8.0031,7.4464,6.8784,7.9030,8
2460551.489527,-5.7007,-13.9840,8.0031,7.4464,6.8784,7.9030,8
2460551.524607,-8.9415,-15.1020,8.0031,7.4464,6.8784,7.9030,8
2460552.572627,4.3683,-15.6649,8.0031,7.4464,6.8784,7.9030,8
2460553.638637,-11.1520,-43.1316,8.0031,7.4464,6.8784,7.9030,8
2460554.471557,2.8818,-14.8112,8.0031,7.4464,6.8784,7.9030,8
2460554.490197,-20.8666,-32.3907,8.0031,7.4464,6.8784,7.9030,8
2460554.538377,-9.0166,-38.5380,8.0031,7.4464,6.8784,7.9030,8
2460554.558927,-20.3600,-23.2611,8.0031,7.4464,6.8784,7.9030,8
2460554.575557,-10.2685,-18.8790,8.0031,7.4464,6.8784,7.9030,8
2460554.592057,-19.8596,-28.8095,8.0031,7.4464,6.8784,7.9030,8
2460555.475907,0.0061,-26.6027,8.0031,7.4464,6.8784,7.9030,8
2460555.493697,-8.2289,-25.0941,8.0031,7.4464,6.8784,7.9030,8
2460555.510327,-14.2613,-26.8269,8.0031,7.4464,6.8784,7.9030,8
2460555.537807,-17.7775,-34.1899,8.0031,7.4464,6.8784,7.9030,8
2460555.555987,-18.1146,-31.1199,8.0031,7.4464,6.8784,7.9030,8
2460555.573267,-5.8212,-35.5480,8.0031,7.4464,6.8784,7.9030,8
2460555.607087,-5.0346,-22.7150,8.0031,7.4464,6.8784,7.9030,8
2460555.651657,-8.0304,-27.3197,8.0031,7.4464,6.8784,7.9030,8
2460556.479897,-9.7774,-12.9161,8.0031,7.4464,6.8784,7.9030,8
2460556.516447,-9.4099,-39.1338,8.0031,7.4464,6.8784,7.9030,8
2460556.533077,-11.0630,-35.0351,8.0031,7.4464,6.8784,7.9030,8
2460556.561537,-13.7534,-39.6119,8.0031,7.4464,6.8784,7.9030,8
2460557.487937,-3.6154,-30.2656,8.0031,7.4464,6.8784,7.9030,8
2460557.504887,-0.3772,-30.0740,8.0031,7.4464,6.8784,7.9030,8
2460557.539377,-6.1583,-31.4427,8.0031,7.4464,6.8784,7.9030,8
2460557.584697,-2.3257,-30.3241,8.0031,7.4464,6.8784,7.9030,8
2460557.601177,-7.5032,-23.0093,8.0031,7.4464,6.8784,7.9030,8
2460557.618247,-4.7368,-44.0142,8.0031,7.4464,6.8784,7.9030,8
2460558.507407,-9.3654,-33.8463,8.0031,7.4464,6.8784,7.9030,8
2460558.552967,-16.1700,-30.3918,8.0031,7.4464,6.8784,7.9030,8
2460558.570117,-10.5828,-23.8703,8.0031,7.4464,6.8784,7.9030,8
2460558.587187,-17.3560,-17.6190,8.0031,7.4464,6.8784,7.9030,8
2460558.648427,-8.9568,-11.5218,8.0031,7.4464,6.8784,7.9030,8
2460559.482707,-8.6575,-17.9344,8.0031,7.4464,6.8784,7.9030,8
2460559.499397,-12.3932,-24.2575,8.0031,7.4464,6.8784,7.9030,8
2460559.516057,-7.9007,-27.5696,8.0031,7.4464,6.8784,7.9030,8
2460559.532947,-17.8863,-35.8041,8.0031,7.4464,6.8784,7.9030,8
2460559.562297,4.5897,-24.2945,8.0031,7.4464,6.8784,7.9030,8
2460559.612147,-2.1515,-17.8574,8.0031,7.4464,6.8784,7.9030,8
2460559.630087,3.4917,-29.9763,8.0031,7.4464,6.8784,7.9030,8
2460560.530247,-8.5921,-26.5400,8.0031,7.4464,6.8784,7.9030,8
2460560.547107,-4.0182,-27.5597,8.0031,7.4464,6.8784,7.9030,8
2460560.580517,-14.6737,-25.6131,8.0031,7.4464,6.8784,7.9030,8
2460560.612447,-8.5777,-16.8312,8.0031,7.4464,6.8784,7.9030,8
2460561.477327,-16.3996,-32.9263,8.0031,7.4464,6.8784,7.9030,8
2460561.494997,-20.7618,-41.8820,8.0031,7.4464,6.8784,7.9030,8
2460561.497997,-14.3555,-35.8570,8.0031,7.4464,6.8784,7.9030,8
2460561.541477,-8.5897,-30.0217,8.0031,7.4464,6.8784,7.9030,8
2460561.559317,-7.8545,-27.2985,8.0031,7.4464,6.8784,7.9030,8
2460561.575897,-4.3847,-29.0034,8.0031,7.4464,6.8784,7.9030,8
2460561.593537,-3.4562,-32.8251,8.0031,7.4464,6.8784,7.9030,8
2460562.472577,-16.1763,-33.7713,8.0031,7.4464,6.8784,7.9030,8
2460562.510617,0.1555,-39.4563,8.0031,7.4464,6.8784,7.9030,8
2460562.527447,-0.1271,-32.1920,8.0031,7.4464,6.8784,7.9030,8
2460562.544377,-8.2941,-20.1674,8.0031,7.4464,6.8784,7.9030,8
2460562.561227,-6.6714,-28.1718,8.0031,7.4464,6.8784,7.9030,8
2460562.589167,5.8398,-35.2671,8.0031,7.4464,6.8784,7.9030,8
2460562.606197,-5.5449,-21.3004,8.0031,7.4464,6.8784,7.9030,8
2460563.481887,-20.6456,-32.7895,8.0031,7.4464,6.8784,7.9030,8
2460563.498597,-1.7035,-27.1994,8.0031,7.4464,6.8784,7.9030,8
2460563.564777,-21.4222,-40.6589,8.0031,7.4464,6.8784,7.9030,8
2460564.499757,-4.6093,-37.1166,8.0031,7.4464,6.8784,7.9030,8
2460564.516887,0.5323,-29.0539,8.0031,7.4464,6.8784,7.9030,8
2460564.561967,-10.8818,-16.8692,8.0031,7.4464,6.8784,7.9030,8
2460564.597007,5.4590,-26.0762,8.0031,7.4464,6.8784,7.9030,8
2460564.613807,4.7191,-26.3496,8.0031,7.4464,6.8784,7.9030,8
2460567.484947,-14.6594,-33.9009,8.0031,7.4464,6.8784,7.9030,8
2460567.551007,-17.8767,-21.6684,8.0031,7.4464,6.8784,7.9030,8
2460567.576267,-15.4476,-30.1400,8.0031,7.4464,6.8784,7.9030,8
2460567.592887,-4.1722,-27.7034,8.0031,7.4464,6.8784,7.9030,8
2460568.482357,-5.9348,-26.9441,8.0031,7.4464,6.8784,7.9030,8
2460568.499947,-13.5042,-30.8622,8.0031,7.4464,6.8784,7.9030,8
2460568.517137,-17.7581,-27.8661,8.0031,7.4464,6.8784,7.9030,8
2460568.555827,-3.4004,-22.0179,8.0031,7.4464,6.8784,7.9030,8
2460568.584827,3.8310,-25.0434,8.0031,7.4464,6.8784,7.9030,8
2460568.605107,-11.7698,-29.5936,8.0031,7.4464,6.8784,7.9030,8
2460568.622667,-1.6676,-22.2034,8.0031,7.4464,6.8784,7.9030,8
2460569.502547,-0.7606,-25.7127,8.0031,7.4464,6.8784,7.9030,8
2460569.539997,-15.1829,-27.6302,8.0031,7.4464,6.8784,7.9030,8
2460569.557207,-12.0320,-24.8631,8.0031,7.4464,6.8784,7.9030,8
2460569.601067,-9.1019,-22.4673,8.0031,7.4464,6.8784,7.9030,8
2460570.526507,-16.3292,-28.0774,8.0031,7.4464,6.8784,7.9030,8
2460570.542917,-11.3483,-24.7541,8.0031,7.4464,6.8784,7.9030,8
2460570.559827,-14.8935,-38.3857,8.0031,7.4464,6.8784,7.9030,8
2460570.576367,-8.0880,-28.0982,8.0031,7.4464,6.8784,7.9030,8
2460570.598607,-16.8146,-29.5159,8.0031,7.4464,6.8784,7.9030,8
2460571.534327,-9.3032,-20.5796,8.0031,7.4464,6.8784,7.9030,8
2460571.551737,-18.4560,-27.3832,8.0031,7.4464,6.8784,7.9030,8
2460571.585877,-13.5664,-24.1945,8.0031,7.4464,6.8784,7.9030,8
2460571.607357,-2.1923,-27.3282,8.0031,7.4464,6.8784,7.9030,8
2460573.533087,-3.6325,-36.2274,8.0031,7.4464,6.8784,7.9030,8
2460573.551377,1.2376,-25.6349,8.0031,7.4464,6.8784,7.9030,8
2460573.568827,-6.9327,-27.6995,8.0031,7.4464,6.8784,7.9030,8
2460573.588317,-18.8485,-32.0546,8.0031,7.4464,6.8784,7.9030,8
2460574.497667,-14.8192,-30.6443,8.0031,7.4464,6.8784,7.9030,8
2460574.514397,-2.1498,-37.0008,8.0031,7.4464,6.8784,7.9030,8
2460574.533937,-12.2442,-30.4929,8.0031,7.4464,6.8784,7.9030,8
2460574.551187,-0.3869,-30.9262,8.0031,7.4464,6.8784,7.9030,8
2460574.601217,1.1850,-33.6547,8.0031,7.4464,6.8784,7.9030,8
2460575.485527,-12.6766,-20.3310,8.0031,7.4464,6.8784,7.9030,8
2460575.561577,-9.3627,-34.4942,8.0031,7.4464,6.8784,7.9030,8
2460576.495417,-7.2533,-33.9482,8.0031,7.4464,6.8784,7.9030,8
2460576.515997,-10.4788,-33.8590,8.0031,7.4464,6.8784,7.9030,8
2460576.563407,-14.5462,-20.4228,8.0031,7.4464,6.8784,7.9030,8
2460576.583487,-12.6856,-33.5761,8.0031,7.4464,6.8784,7.9030,8
2460576.600727,-5.9379,-22.3225,8.0031,7.4464,6.8784,7.9030,8
2460577.561647,-14.9994,-21.3355,8.0031,7.4464,6.8784,7.9030,8
2460577.578747,-15.2105,-31.2530,8.0031,7.4464,6.8784,7.9030,8
2460578.501097,-14.3515,-39.5683,8.0031,7.4464,6.8784,7.9030,8
2460578.528707,-6.6773,-27.1246,8.0031,7.4464,6.8784,7.9030,8
2460578.545437,-3.8665,-37.5524,8.0031,7.4464,6.8784,7.9030,8
2460578.565477,-8.7924,-27.7483,8.0031,7.4464,6.8784,7.9030,8
2460578.582137,-5.4841,-28.4812,8.0031,7.4464,6.8784,7.9030,8
2460579.490457,0.4405,-26.9859,8.0031,7.4464,6.8784,7.9030,8
2460579.512227,-15.1928,-35.8337,8.0031,7.4464,6.8784,7.9030,8
2460579.538427,-14.1637,-35.3852,8.0031,7.4464,6.8784,7.9030,8
2460579.579107,0.5703,-18.8939,8.0031,7.4464,6.8784,7.9030,8
2460581.522757,-7.5932,-30.7664,8.0031,7.4464,6.8784,7.9030,8
2460581.557277,-3.2718,-27.7316,8.0031,7.4464,6.8784,7.9030,8
2460582.490827,-8.6490,-21.1199,8.0031,7.4464,6.8784,7.9030,8
2460582.536317,0.3199,-30.7799,8.0031,7.4464,6.8784,7.9030,8
2460582.553387,-14.2782,-28.0351,8.0031,7.4464,6.8784,7.9030,8
2460583.494507,-4.6027,-27.2130,8.0031,7.4464,6.8784,7.9030,8
2460583.515587,-13.0196,-40.3762,8.0031,7.4464,6.8784,7.9030,8
2460583.581397,-11.1062,-33.5161,8.0031,7.4464,6.8784,7.9030,8
2460585.497647,-6.6740,-24.3517,8.0031,7.4464,6.8784,7.9030,8
2460585.514497,-5.8879,-34.1636,8.0031,7.4464,6.8784,7.9030,8
2460585.531497,-12.6770,-24.8889,8.0031,7.4464,6.8784,7.9030,8
2460585.562067,-16.7804,-23.7726,8.0031,7.4464,6.8784,7.9030,8
2460586.495277,-2.1735,-20.4005,8.0031,7.4464,6.8784,7.9030,8
2460586.513587,-7.4538,-27.1986,8.0031,7.4464,6.8784,7.9030,8
2460586.534887,-0.9867,-30.6039,8.0031,7.4464,6.8784,7.9030,8
2460586.550117,-4.2131,-19.6501,8.0031,7.4464,6.8784,7.9030,8
2460586.553157,-5.5454,-24.2399,8.0031,7.4464,6.8784,7.9030,8
2460587.523177,-8.5825,-41.4602,8.0031,7.4464,6.8784,7.9030,8
2460587.540597,-14.7686,-36.9533,8.0031,7.4464,6.8784,7.9030,8
2460588.569867,-9.3607,-30.9756,8.0031,7.4464,6.8784,7.9030,8
2460591.514877,-4.3253,-15.2018,8.0031,7.4464,6.8784,7.9030,8
2460595.507597,0.5400,-15.5060,8.0031,7.4464,6.8784,7.9030,8
2460598.493507,-12.4068,-32.2633,8.0031,7.4464,6.8784,7.9030,8
2460598.514417,-10.5751,-29.8275,8.0031,7.4464,6.8784,7.9030,8
2460598.531107,5.8003,-24.1125,8.0031,7.4464,6.8784,7.9030,8
2460599.504237,-8.0108,-29.1272,8.0031,7.4464,6.8784,7.9030,8
2460600.519997,-2.7874,-17.2178,8.0031,7.4464,6.8784,7.9030,8
2460601.519347,-9.0581,-20.6633,8.0031,7.4464,6.8784,7.9030,8
2460602.501497,-4.4751,-26.6672,8.0031,7.4464,6.8784,7.9030,8
2460727.869557,-8.0094,-38.9929,8.0031,7.4464,7.0793,7.4775,9
2460729.855027,-12.3162,-44.4859,8.0031,7.4464,7.0793,7.4775,9
2460731.854257,-11.7303,-34.3910,8.0031,7.4464,7.0793,7.4775,9
2460732.844137,-8.7021,-49.5672,8.0031,7.4464,7.0793,7.4775,9
2460732.871587,-9.5290,-31.9387,8.0031,7.4464,7.0793,7.4775,9
2460732.888157,-9.3163,-36.0292,8.0031,7.4464,7.0793,7.4775,9
2460733.837607,-13.6015,-41.0594,8.0031,7.4464,7.0793,7.4775,9
2460733.854937,3.3447,-42.3864,8.0031,7.4464,7.0793,7.4775,9
2460733.872247,1.3582,-35.7439,8.0031,7.4464,7.0793,7.4775,9
2460735.855517,1.0851,-45.6173,8.0031,7.4464,7.0793,7.4775,9
2460735.872137,-6.9464,-44.7255,8.0031,7.4464,7.0793,7.4775,9
2460735.891397,-3.6044,-34.9410,8.0031,7.4464,7.0793,7.4775,9
2460736.896607,-9.3637,-49.5732,8.0031,7.4464,7.0793,7.4775,9
2460737.854997,-4.2200,-39.6197,8.0031,7.4464,7.0793,7.4775,9
2460737.876477,-6.3056,-42.6487,8.0031,7.4464,7.0793,7.4775,9
2460737.890647,-10.9842,-29.6360,8.0031,7.4464,7.0793,7.4775,9
2460738.826217,1.3548,-31.3056,8.0031,7.4464,7.0793,7.4775,9
2460738.871947,-10.4115,-27.3171,8.0031,7.4464,7.0793,7.4775,9
2460738.898497,-12.2982,-36.6674,8.0031,7.4464,7.0793,7.4775,9
2460739.827537,-2.0542,-36.5791,8.0031,7.4464,7.0793,7.4775,9
2460739.855197,-2.3113,-32.4928,8.0031,7.4464,7.0793,7.4775,9
2460739.893317,-3.3053,-39.1024,8.0031,7.4464,7.0793,7.4775,9
2460740.835077,-18.1037,-33.0271,8.0031,7.4464,7.0793,7.4775,9
2460740.899627,-11.7962,-30.7554,8.0031,7.4464,7.0793,7.4775,9
2460742.829047,-10.4691,-38.0795,8.0031,7.4464,7.0793,7.4775,9
2460742.846527,-12.6462,-46.6893,8.0031,7.4464,7.0793,7.4775,9
2460742.863767,-9.5260,-30.6724,8.0031,7.4464,7.0793,7.4775,9
2460742.881157,-12.5641,-43.4343,8.0031,7.4464,7.0793,7.4775,9
2460742.898177,0.6001,-33.3334,8.0031,7.4464,7.0793,7.4775,9
2460743.825227,-6.5932,-26.2760,8.0031,7.4464,7.0793,7.4775,9
2460743.878437,-1.6764,-42.5716,8.0031,7.4464,7.0793,7.4775,9
2460744.819587,-20.5984,-28.4548,8.0031,7.4464,7.0793,7.4775,9
2460744.872737,-1.8094,-31.5252,8.0031,7.4464,7.0793,7.4775,9
2460745.810627,-12.3543,-40.5675,8.0031,7.4464,7.0793,7.4775,9
2460745.827557,-17.9059,-35.1337,8.0031,7.4464,7.0793,7.4775,9
2460745.844787,-4.5335,-29.2209,8.0031,7.4464,7.0793,7.4775,9
2460746.815937,-9.7949,-36.2383,8.0031,7.4464,7.0793,7.4775,9
2460746.876837,-2.9715,-27.5924,8.0031,7.4464,7.0793,7.4775,9
2460747.811857,-11.4770,-31.9655,8.0031,7.4464,7.0793,7.4775,9
2460747.884127,-5.8064,-42.2082,8.0031,7.4464,7.0793,7.4775,9
2460747.901167,3.5961,-47.3148,8.0031,7.4464,7.0793,7.4775,9
2460749.823767,-10.9906,-34.8293,8.0031,7.4464,7.0793,7.4775,9
2460749.840347,-12.2902,-29.0476,8.0031,7.4464,7.0793,7.4775,9
2460749.860487,-14.5068,-36.3396,8.0031,7.4464,7.0793,7.4775,9
2460749.878667,-9.7299,-37.9901,8.0031,7.4464,7.0793,7.4775,9
2460749.881707,-17.9104,-31.0134,8.0031,7.4464,7.0793,7.4775,9
2460749.911297,-14.4327,-19.5849,8.0031,7.4464,7.0793,7.4775,9
2460750.799467,-14.4455,-23.3898,8.0031,7.4464,7.0793,7.4775,9
2460750.815977,-8.8020,-34.5148,8.0031,7.4464,7.0793,7.4775,9
2460750.832717,-6.8763,-40.7399,8.0031,7.4464,7.0793,7.4775,9
2460750.849927,-7.5355,-51.3843,8.0031,7.4464,7.0793,7.4775,9
2460750.893977,-10.3058,-40.6170,8.0031,7.4464,7.0793,7.4775,9
2460750.910907,-7.7773,-20.1187,8.0031,7.4464,7.0793,7.4775,9
2460751.790227,-6.5272,-27.2845,8.0031,7.4464,7.0793,7.4775,9
2460751.807227,-13.7778,-47.2927,8.0031,7.4464,7.0793,7.4775,9
2460751.837327,-12.1740,-43.3696,8.0031,7.4464,7.0793,7.4775,9
2460751.871567,-2.6347,-51.0662,8.0031,7.4464,7.0793,7.4775,9
2460751.893857,-10.6507,-44.2943,8.0031,7.4464,7.0793,7.4775,9
2460752.795567,-15.9568,-17.1465,8.0031,7.4464,7.0793,7.4775,9
2460752.818937,-19.1762,-33.2575,8.0031,7.4464,7.0793,7.4775,9
2460752.835857,-4.6074,-24.4529,8.0031,7.4464,7.0793,7.4775,9
2460752.853827,-11.0373,-31.0770,8.0031,7.4464,7.0793,7.4775,9
2460753.799527,-8.3317,-32.4978,8.0031,7.4464,7.0793,7.4775,9
2460753.816757,-19.0385,-29.3156,8.0031,7.4464,7.0793,7.4775,9
2460753.842157,-5.6804,-37.7101,8.0031,7.4464,7.0793,7.4775,9
2460753.871537,-3.6987,-31.0574,8.0031,7.4464,7.0793,7.4775,9
2460753.888337,-0.1022,-39.2614,8.0031,7.4464,7.0793,7.4775,9
2460754.836727,-11.4327,-33.4633,8.0031,7.4464,7.0793,7.4775,9
2460754.871157,3.3260,-46.0545,8.0031,7.4464,7.0793,7.4775,9
2460754.888697,-2.7685,-47.1474,8.0031,7.4464,7.0793,7.4775,9
2460757.787147,-0.4037,-36.3666,8.0031,7.4464,7.0793,7.4775,9
2460757.803807,-10.4451,-29.5804,8.0031,7.4464,7.0793,7.4775,9
2460757.821047,-15.4288,-21.8696,8.0031,7.4464,7.0793,7.4775,9
2460757.866687,-5.7988,-30.1209,8.0031,7.4464,7.0793,7.4775,9
2460757.883397,-9.2801,-38.5760,8.0031,7.4464,7.0793,7.4775,9
2460757.904177,-2.1301,-27.6393,8.0031,7.4464,7.0793,7.4775,9
2460758.793257,-3.8568,-35.5956,8.0031,7.4464,7.0793,7.4775,9
2460758.809977,-2.1004,-47.7140,8.0031,7.4464,7.0793,7.4775,9
2460758.829307,-1.5317,-30.9241,8.0031,7.4464,7.0793,7.4775,9
2460758.846667,-12.0604,-41.7014,8.0031,7.4464,7.0793,7.4775,9
2460758.870427,-9.5107,-38.0343,8.0031,7.4464,7.0793,7.4775,9
2460758.897307,-11.7517,-20.6616,8.0031,7.4464,7.0793,7.4775,9
2460759.802357,2.6798,-31.9714,8.0031,7.4464,7.0793,7.4775,9
2460759.881027,-0.3747,-38.2829,8.0031,7.4464,7.0793,7.4775,9
2460759.903357,-18.5931,-42.3884,8.0031,7.4464,7.0793,7.4775,9
2460760.793907,4.5531,-35.4995,8.0031,7.4464,7.0793,7.4775,9
2460760.835697,-7.9997,-28.0906,8.0031,7.4464,7.0793,7.4775,9
2460760.858527,-5.9360,-29.8373,8.0031,7.4464,7.0793,7.4775,9
2460760.885727,-11.4318,-38.6623,8.0031,7.4464,7.0793,7.4775,9
2460760.902207,-11.2136,-33.5045,8.0031,7.4464,7.0793,7.4775,9
2460761.846637,-8.1688,-25.3412,8.0031,7.4464,7.0793,7.4775,9
2460761.863227,-16.5505,-16.8801,8.0031,7.4464,7.0793,7.4775,9
2460761.880087,-3.4982,-36.8071,8.0031,7.4464,7.0793,7.4775,9
2460761.905267,-18.2924,-35.6599,8.0031,7.4464,7.0793,7.4775,9
2460762.818537,-6.7500,-37.6270,8.0031,7.4464,7.0793,7.4775,9
2460762.846147,-10.2888,-30.6900,8.0031,7.4464,7.0793,7.4775,9
2460762.883287,-15.0453,-33.2023,8.0031,7.4464,7.0793,7.4775,9
2460762.902907,-7.3039,-32.8368,8.0031,7.4464,7.0793,7.4775,9
2460763.776547,-8.6422,-41.1228,8.0031,7.4464,7.0793,7.4775,9
2460763.793487,-10.4935,-30.3915,8.0031,7.4464,7.0793,7.4775,9
2460763.810677,-5.5539,-34.6760,8.0031,7.4464,7.0793,7.4775,9
2460763.827117,-7.9688,-25.6677,8.0031,7.4464,7.0793,7.4775,9
2460763.872507,-9.6321,-45.2558,8.0031,7.4464,7.0793,7.4775,9
2460763.906597,-1.6696,-26.7857,8.0031,7.4464,7.0793,7.4775,9
2460764.774607,-12.6727,-35.5117,8.0031,7.4464,7.0793,7.4775,9
2460764.835977,2.1518,-46.8186,8.0031,7.4464,7.0793,7.4775,9
2460764.903467,-6.8361,-42.3150,8.0031,7.4464,7.0793,7.4775,9
2460765.812607,-14.6464,-46.3776,8.0031,7.4464,7.0793,7.4775,9
2460765.847477,-4.6090,-27.2589,8.0031,7.4464,7.0793,7.4775,9
2460765.864387,3.5312,-34.0739,8.0031,7.4464,7.0793,7.4775,9
2460765.922047,-6.3701,-23.8694,8.0031,7.4464,7.0793,7.4775,9
2460766.759667,-2.2226,-29.1821,8.0031,7.4464,7.0793,7.4775,9
2460766.796197,-6.1603,-41.5008,8.0031,7.4464,7.0793,7.4775,9
2460766.813677,-16.7318,-48.1144,8.0031,7.4464,7.0793,7.4775,9
2460766.842687,-8.8189,-38.1587,8.0031,7.4464,7.0793,7.4775,9
2460766.859787,-8.3426,-35.7562,8.0031,7.4464,7.0793,7.4775,9
2460766.862767,-5.3457,-34.2693,8.0031,7.4464,7.0793,7.4775,9
2460766.878327,-13.5278,-30.8082,8.0031,7.4464,7.0793,7.4775,9
2460766.894767,-18.8579,-35.4391,8.0031,7.4464,7.0793,7.4775,9
2460766.911457,0.9262,-24.8918,8.0031,7.4464,7.0793,7.4775,9
2460767.755847,-0.1578,-26.6954,8.0031,7.4464,7.0793,7.4775,9
2460767.773527,-7.0940,-40.0289,8.0031,7.4464,7.0793,7.4775,9
2460767.812767,-3.0348,-45.0672,8.0031,7.4464,7.0793,7.4775,9
2460767.831037,-4.4452,-32.9129,8.0031,7.4464,7.0793,7.4775,9
2460767.909447,-7.1940,-30.1268,8.0031,7.4464,7.0793,7.4775,9
2460768.758847,-2.9424,-32.4841,8.0031,7.4464,7.0793,7.4775,9
2460768.781667,-13.0082,-46.6202,8.0031,7.4464,7.0793,7.4775,9
2460768.796967,-4.9574,-45.4177,8.0031,7.4464,7.0793,7.4775,9
2460768.832337,-4.8230,-24.9635,8.0031,7.4464,7.0793,7.4775,9
2460768.852777,-14.6580,-41.5818,8.0031,7.4464,7.0793,7.4775,9
2460768.879007,3.3989,-19.1158,8.0031,7.4464,7.0793,7.4775,9
2460768.895857,-10.6768,-41.0338,8.0031,7.4464,7.0793,7.4775,9
2460768.900107,-8.5462,-26.4957,8.0031,7.4464,7.0793,7.4775,9
2460769.747647,-3.4616,-39.8982,8.0031,7.4464,7.0793,7.4775,9
2460769.802627,-10.0063,-32.3567,8.0031,7.4464,7.0793,7.4775,9
2460769.822837,-7.2793,-48.8767,8.0031,7.4464,7.0793,7.4775,9
2460769.906617,2.4238,-33.9824,8.0031,7.4464,7.0793,7.4775,9
2460770.744517,-1.9024,-38.6326,8.0031,7.4464,7.0793,7.4775,9
2460770.769687,-0.0933,-37.5721,8.0031,7.4464,7.0793,7.4775,9
2460770.786417,-3.0919,-41.1605,8.0031,7.4464,7.0793,7.4775,9
2460770.851437,-2.7566,-40.2806,8.0031,7.4464,7.0793,7.4775,9
2460772.731407,-1.9331,-39.0434,8.0031,7.4464,7.0793,7.4775,9
2460772.785177,-8.8282,-38.5912,8.0031,7.4464,7.0793,7.4775,9
2460772.818707,-1.4907,-31.5335,8.0031,7.4464,7.0793,7.4775,9
2460772.849067,-5.7508,-34.0677,8.0031,7.4464,7.0793,7.4775,9
2460772.866227,-7.6652,-44.7159,8.0031,7.4464,7.0793,7.4775,9
2460772.886057,-0.5409,-26.1559,8.0031,7.4464,7.0793,7.4775,9
2460772.922927,-12.3547,-33.4329,8.0031,7.4464,7.0793,7.4775,9
2460773.762817,-11.1799,-43.4268,8.0031,7.4464,7.0793,7.4775,9
2460773.779307,-5.9787,-41.5839,8.0031,7.4464,7.0793,7.4775,9
2460773.796127,-5.9801,-20.8281,8.0031,7.4464,7.0793,7.4775,9
2460773.839507,-15.6477,-39.9235,8.0031,7.4464,7.0793,7.4775,9
2460773.856117,5.2246,-30.0568,8.0031,7.4464,7.0793,7.4775,9
2460773.872797,-4.1719,-27.5284,8.0031,7.4464,7.0793,7.4775,9
2460773.892497,-14.9688,-32.0800,8.0031,7.4464,7.0793,7.4775,9
2460773.917497,-15.4713,-29.5021,8.0031,7.4464,7.0793,7.4775,9
2460774.736977,0.2013,-26.9322,8.0031,7.4464,7.0793,7.4775,9
2460774.770357,-13.9260,-37.9209,8.0031,7.4464,7.0793,7.4775,9
2460774.791857,-2.3566,-32.3560,8.0031,7.4464,7.0793,7.4775,9
2460774.811407,-11.1687,-38.3941,8.0031,7.4464,7.0793,7.4775,9
2460774.855817,-12.4624,-33.6192,8.0031,7.4464,7.0793,7.4775,9
2460774.875817,-17.2723,-20.8426,8.0031,7.4464,7.0793,7.4775,9
2460775.755757,-1.5948,-34.5260,8.0031,7.4464,7.0793,7.4775,9
2460775.852657,-5.4666,-29.5896,8.0031,7.4464,7.0793,7.4775,9
2460777.751497,-14.7559,-35.7460,8.0031,7.4464,7.0793,7.4775,9
2460777.792787,2.5788,-25.3465,8.0031,7.4464,7.0793,7.4775,9
2460777.810517,-10.5549,-39.2192,8.0031,7.4464,7.0793,7.4775,9
2460777.854047,-9.6319,-35.5269,8.0031,7.4464,7.0793,7.4775,9
2460777.889757,-2.5668,-30.9204,8.0031,7.4464,7.0793,7.4775,9
2460777.907987,-14.3458,-29.5776,8.0031,7.4464,7.0793,7.4775,9
2460777.925277,-1.8634,-33.2189,8.0031,7.4464,7.0793,7.4775,9
2460778.726207,-6.6212,-26.7974,8.0031,7.4464,7.0793,7.4775,9
2460778.744157,-4.5995,-29.4607,8.0031,7.4464,7.0793,7.4775,9
2460778.760617,-16.0548,-30.0854,8.0031,7.4464,7.0793,7.4775,9
2460778.807687,-7.9462,-19.2802,8.0031,7.4464,7.0793,7.4775,9
2460778.834847,-13.0447,-31.7835,8.0031,7.4464,7.0793,7.4775,9
2460778.851707,-13.2818,-34.4205,8.0031,7.4464,7.0793,7.4775,9
2460778.868227,-4.8669,-35.2297,8.0031,7.4464,7.0793,7.4775,9
2460778.904817,-13.8816,-31.6841,8.0031,7.4464,7.0793,7.4775,9
2460779.718337,-2.4283,-36.4304,8.0031,7.4464,7.0793,7.4775,9
2460779.805507,-10.6244,-31.1150,8.0031,7.4464,7.0793,7.4775,9
2460779.832657,-8.5184,-33.9454,8.0031,7.4464,7.0793,7.4775,9
2460779.884237,-16.7121,-43.8192,8.0031,7.4464,7.0793,7.4775,9
2460780.713927,-11.1767,-35.8815,8.0031,7.4464,7.0793,7.4775,9
2460780.731387,4.8043,-26.2444,8.0031,7.4464,7.0793,7.4775,9
2460780.748407,-15.8085,-37.9554,8.0031,7.4464,7.0793,7.4775,9
2460780.766737,-10.7726,-29.7014,8.0031,7.4464,7.0793,7.4775,9
2460780.825087,-11.4078,-30.0174,8.0031,7.4464,7.0793,7.4775,9
2460780.896047,-10.7387,-30.8594,8.0031,7.4464,7.0793,7.4775,9
2460780.912627,-12.7392,-24.3953,8.0031,7.4464,7.0793,7.4775,9
2460781.712437,-10.4001,-26.5966,8.0031,7.4464,7.0793,7.4775,9
2460781.739527,-5.9164,-33.3865,8.0031,7.4464,7.0793,7.4775,9
2460781.776437,-3.6631,-35.9304,8.0031,7.4464,7.0793,7.4775,9
2460781.811107,-8.0938,-45.2946,8.0031,7.4464,7.0793,7.4775,9
2460782.708627,-11.8318,-28.4282,8.0031,7.4464,7.0793,7.4775,9
2460782.726627,-2.9146,-30.4664,8.0031,7.4464,7.0793,7.4775,9
2460782.744967,-10.3174,-38.2336,8.0031,7.4464,7.0793,7.4775,9
2460782.778687,-2.6201,-48.8697,8.0031,7.4464,7.0793,7.4775,9
2460782.806627,-5.4416,-31.6632,8.0031,7.4464,7.0793,7.4775,9
2460782.865647,-5.8520,-25.4477,8.0031,7.4464,7.0793,7.4775,9
2460785.723077,-9.0166,-38.3156,8.0031,7.4464,7.0793,7.4775,9
2460785.744107,-9.3039,-30.7246,8.0031,7.4464,7.0793,7.4775,9
2460785.761457,-17.1785,-41.6991,8.0031,7.4464,7.0793,7.4775,9
2460785.779877,-20.1399,-28.6030,8.0031,7.4464,7.0793,7.4775,9
2460785.845927,-6.2259,-34.6835,8.0031,7.4464,7.0793,7.4775,9
2460785.862507,1.1130,-28.1278,8.0031,7.4464,7.0793,7.4775,9
2460785.899087,-14.0371,-38.4827,8.0031,7.4464,7.0793,7.4775,9
2460785.916037,-14.6064,-39.3837,8.0031,7.4464,7.0793,7.4775,9
2460786.818427,-5.9347,-35.0376,8.0031,7.4464,7.0793,7.4775,9
2460786.835887,-11.7975,-40.6175,8.0031,7.4464,7.0793,7.4775,9
2460786.917847,0.9335,-27.7136,8.0031,7.4464,7.0793,7.4775,9
2460787.718657,-7.1415,-38.5987,8.0031,7.4464,7.0793,7.4775,9
2460787.735387,-14.1374,-48.8714,8.0031,7.4464,7.0793,7.4775,9
2460787.763947,-13.0931,-40.9377,8.0031,7.4464,7.0793,7.4775,9
2460787.791237,-12.8093,-33.7938,8.0031,7.4464,7.0793,7.4775,9
2460787.810997,-4.9895,-29.0265,8.0031,7.4464,7.0793,7.4775,9
2460787.827917,-3.8431,-25.5973,8.0031,7.4464,7.0793,7.4775,9
2460787.847777,-12.0067,-28.6494,8.0031,7.4464,7.0793,7.4775,9
2460787.914007,-15.9772,-38.9225,8.0031,7.4464,7.0793,7.4775,9
2460787.930447,-10.8201,-28.8480,8.0031,7.4464,7.0793,7.4775,9
2460788.770677,-11.1957,-41.8490,8.0031,7.4464,7.0793,7.4775,9
2460788.787977,-11.8741,-46.0806,8.0031,7.4464,7.0793,7.4775,9
2460788.805987,-8.1053,-39.2164,8.0031,7.4464,7.0793,7.4775,9
2460788.833207,-2.2695,-42.2646,8.0031,7.4464,7.0793,7.4775,9
2460788.875487,2.0082,-33.6095,8.0031,7.4464,7.0793,7.4775,9
2460788.908657,-2.9198,-44.9630,8.0031,7.4464,7.0793,7.4775,9
2460788.925367,-7.7247,-30.6835,8.0031,7.4464,7.0793,7.4775,9
2460789.694057,-0.6857,-42.6227,8.0031,7.4464,7.0793,7.4775,9
2460789.728077,-14.7653,-42.4048,8.0031,7.4464,7.0793,7.4775,9
2460789.747037,-2.4691,-37.0447,8.0031,7.4464,7.0793,7.4775,9
2460789.768677,-14.9783,-35.0564,8.0031,7.4464,7.0793,7.4775,9
2460789.814937,-8.2736,-26.5320,8.0031,7.4464,7.0793,7.4775,9
2460789.835267,-1.8271,-30.8816,8.0031,7.4464,7.0793,7.4775,9
2460789.852037,1.8945,-24.2607,8.0031,7.4464,7.0793,7.4775,9
2460789.868917,-12.5398,-22.7732,8.0031,7.4464,7.0793,7.4775,9
2460789.912927,-9.4226,-40.2259,8.0031,7.4464,7.0793,7.4775,9
2460789.932437,-9.7417,-25.9206,8.0031,7.4464,7.0793,7.4775,9
2460790.682327,-1.8983,-34.4244,8.0031,7.4464,7.0793,7.4775,9
2460790.730817,-8.9102,-32.9884,8.0031,7.4464,7.0793,7.4775,9
2460790.749057,-6.3691,-43.0297,8.0031,7.4464,7.0793,7.4775,9
2460790.798357,-10.2905,-38.0263,8.0031,7.4464,7.0793,7.4775,9
2460790.815547,-14.7572,-36.7216,8.0031,7.4464,7.0793,7.4775,9
2460790.867077,-3.3309,-32.2185,8.0031,7.4464,7.0793,7.4775,9
2460790.900987,-18.1142,-29.0114,8.0031,7.4464,7.0793,7.4775,9
2460790.921957,-17.0705,-30.0023,8.0031,7.4464,7.0793,7.4775,9
2460791.742947,-13.7053,-45.4316,8.0031,7.4464,7.0793,7.4775,9
2460791.759847,-5.8094,-42.6941,8.0031,7.4464,7.0793,7.4775,9
2460791.787197,-15.8153,-49.2596,8.0031,7.4464,7.0793,7.4775,9
2460791.884127,-16.3295,-33.4655,8.0031,7.4464,7.0793,7.4775,9
2460791.919517,2.7405,-43.8591,8.0031,7.4464,7.0793,7.4775,9
2460792.683807,-9.2234,-46.6245,8.0031,7.4464,7.0793,7.4775,9
2460792.702067,-12.4957,-29.9590,8.0031,7.4464,7.0793,7.4775,9
2460792.729377,-0.4804,-30.2131,8.0031,7.4464,7.0793,7.4775,9
2460792.762997,-2.1649,-27.7195,8.0031,7.4464,7.0793,7.4775,9
2460792.782407,-9.0303,-44.3394,8.0031,7.4464,7.0793,7.4775,9
2460792.798847,-4.2542,-35.8410,8.0031,7.4464,7.0793,7.4775,9
2460792.828287,-11.9692,-34.5727,8.0031,7.4464,7.0793,7.4775,9
2460792.861997,-12.1150,-38.9785,8.0031,7.4464,7.0793,7.4775,9
2460792.896817,-14.9540,-43.3474,8.0031,7.4464,7.0793,7.4775,9
2460792.926457,-19.4296,-36.6903,8.0031,7.4464,7.0793,7.4775,9
2460793.716587,-8.7816,-36.3181,8.0031,7.4464,7.0793,7.4775,9
2460793.743547,-2.8904,-32.3112,8.0031,7.4464,7.0793,7.4775,9
2460793.767057,-11.9981,-41.4906,8.0031,7.4464,7.0793,7.4775,9
2460793.783837,-1.5999,-31.9299,8.0031,7.4464,7.0793,7.4775,9
2460793.825767,-2.9108,-34.9580,8.0031,7.4464,7.0793,7.4775,9
2460793.843827,1.9905,-21.8409,8.0031,7.4464,7.0793,7.4775,9
2460793.872107,-13.3375,-41.4226,8.0031,7.4464,7.0793,7.4775,9
2460793.889457,2.3204,-33.2358,8.0031,7.4464,7.0793,7.4775,9
2460793.906567,-11.6781,-35.0233,8.0031,7.4464,7.0793,7.4775,9
2460793.923317,-15.9704,-29.2620,8.0031,7.4464,7.0793,7.4775,9
2460794.705197,-8.6461,-36.4311,8.0031,7.4464,7.0793,7.4775,9
2460794.738827,-8.0175,-33.5815,8.0031,7.4464,7.0793,7.4775,9
2460794.755877,-4.8055,-45.4416,8.0031,7.4464,7.0793,7.4775,9
2460794.802587,-13.8394,-40.2172,8.0031,7.4464,7.0793,7.4775,9
2460794.838477,-12.9579,-43.2157,8.0031,7.4464,7.0793,7.4775,9
2460794.875887,-18.7362,-41.1705,8.0031,7.4464,7.0793,7.4775,9
2460794.893147,-15.6535,-48.1858,8.0031,7.4464,7.0793,7.4775,9
2460794.920587,-6.4434,-24.2903,8.0031,7.4464,7.0793,7.4775,9
2460795.674797,-10.4093,-39.8427,8.0031,7.4464,7.0793,7.4775,9
2460795.744067,-6.6981,-48.9918,8.0031,7.4464,7.0793,7.4775,9
2460795.763867,-13.9956,-34.6697,8.0031,7.4464,7.0793,7.4775,9
2460795.780397,-8.9591,-27.2707,8.0031,7.4464,7.0793,7.4775,9
2460795.818447,-2.9524,-43.8837,8.0031,7.4464,7.0793,7.4775,9
2460795.853137,-2.6900,-28.0348,8.0031,7.4464,7.0793,7.4775,9
2460795.886817,-8.8426,-26.3231,8.0031,7.4464,7.0793,7.4775,9
2460795.903587,-12.7565,-28.4087,8.0031,7.4464,7.0793,7.4775,9
2460795.921307,-15.6266,-44.9707,8.0031,7.4464,7.0793,7.4775,9
2460797.666787,-7.3922,-38.3036,8.0031,7.4464,7.0793,7.4775,9
2460797.683407,-1.1338,-31.7870,8.0031,7.4464,7.0793,7.4775,9
2460797.699907,-9.8473,-25.4110,8.0031,7.4464,7.0793,7.4775,9
2460797.734357,-9.3174,-40.4450,8.0031,7.4464,7.0793,7.4775,9
2460797.742747,-11.0093,-36.2741,8.0031,7.4464,7.0793,7.4775,9
2460797.750827,-4.1529,-35.0095,8.0031,7.4464,7.0793,7.4775,9
2460797.769347,0.9259,-42.5831,8.0031,7.4464,7.0793,7.4775,9
2460797.801417,-12.9530,-28.9267,8.0031,7.4464,7.0793,7.4775,9
2460797.810367,-6.4363,-33.1401,8.0031,7.4464,7.0793,7.4775,9
2460797.818877,-14.0930,-44.4523,8.0031,7.4464,7.0793,7.4775,9
2460797.827497,-18.9195,-39.7928,8.0031,7.4464,7.0793,7.4775,9
2460797.835747,-3.3613,-29.3510,8.0031,7.4464,7.0793,7.4775,9
2460797.844257,-10.8721,-31.1614,8.0031,7.4464,7.0793,7.4775,9
2460797.856147,-12.9023,-34.1436,8.0031,7.4464,7.0793,7.4775,9
2460797.879657,1.1943,-42.8136,8.0031,7.4464,7.0793,7.4775,9
2460797.888187,-11.6606,-31.9355,8.0031,7.4464,7.0793,7.4775,9
2460797.896547,-9.0889,-28.7427,8.0031,7.4464,7.0793,7.4775,9
2460797.905107,-6.3756,-37.4291,8.0031,7.4464,7.0793,7.4775,9
2460797.922147,-3.4554,-40.5062,8.0031,7.4464,7.0793,7.4775,9
2460797.933277,-7.1913,-25.5284,8.0031,7.4464,7.0793,7.4775,9
2460798.713747,-14.4795,-27.0758,8.0031,7.4464,7.0793,7.4775,9
2460798.751777,-22.6737,-29.8359,8.0031,7.4464,7.0793,7.4775,9
2460798.769957,-2.6217,-33.0261,8.0031,7.4464,7.0793,7.4775,9
2460798.814287,-12.2155,-40.2943,8.0031,7.4464,7.0793,7.4775,9
2460798.851307,-21.7920,-33.3176,8.0031,7.4464,7.0793,7.4775,9
2460798.867867,-14.1446,-33.4993,8.0031,7.4464,7.0793,7.4775,9
2460798.914957,-22.6005,-34.9018,8.0031,7.4464,7.0793,7.4775,9
2460798.931107,-16.6066,-35.4278,8.0031,7.4464,7.0793,7.4775,9
2460799.671237,-3.5137,-42.7561,8.0031,7.4464,7.0793,7.4775,9
2460799.689147,-8.9049,-37.7711,8.0031,7.4464,7.0793,7.4775,9
2460799.720907,-13.1605,-30.0799,8.0031,7.4464,7.0793,7.4775,9
2460799.737457,-17.2338,-26.7214,8.0031,7.4464,7.0793,7.4775,9
2460799.753887,-12.4238,-24.2379,8.0031,7.4464,7.0793,7.4775,9
2460799.776677,-6.5163,-30.3734,8.0031,7.4464,7.0793,7.4775,9
2460799.792207,-9.1979,-42.1087,8.0031,7.4464,7.0793,7.4775,9
2460799.836577,-17.5411,-26.9782,8.0031,7.4464,7.0793,7.4775,9
2460799.853167,-14.1352,-36.2751,8.0031,7.4464,7.0793,7.4775,9
2460799.871877,-13.8698,-34.1713,8.0031,7.4464,7.0793,7.4775,9
2460799.888857,-13.7021,-27.8644,8.0031,7.4464,7.0793,7.4775,9
2460799.921837,-14.6191,-24.4736,8.0031,7.4464,7.0793,7.4775,9
2460800.663677,-11.6511,-31.9304,8.0031,7.4464,7.0793,7.4775,9
2460800.697697,-2.0105,-47.7066,8.0031,7.4464,7.0793,7.4775,9
2460800.761397,-11.3682,-26.4650,8.0031,7.4464,7.0793,7.4775,9
2460800.778217,-11.3663,-25.1121,8.0031,7.4464,7.0793,7.4775,9
2460800.794947,2.4799,-28.9557,8.0031,7.4464,7.0793,7.4775,9
2460800.811637,-8.8997,-37.8088,8.0031,7.4464,7.0793,7.4775,9
2460800.875437,-3.3953,-32.7640,8.0031,7.4464,7.0793,7.4775,9
2460800.892857,-18.6292,-29.3774,8.0031,7.4464,7.0793,7.4775,9
2460800.911027,-11.3879,-36.1082,8.0031,7.4464,7.0793,7.4775,9
2460801.757757,-17.6040,-49.7035,8.0031,7.4464,7.0793,7.4775,9
2460801.790517,-1.6058,-42.8394,8.0031,7.4464,7.0793,7.4775,9
2460801.824277,-16.9193,-37.7723,8.0031,7.4464,7.0793,7.4775,9
2460801.842567,-2.5439,-44.3662,8.0031,7.4464,7.0793,7.4775,9
2460801.872107,-7.4924,-28.1706,8.0031,7.4464,7.0793,7.4775,9
2460801.908227,-16.9573,-37.8600,8.0031,7.4464,7.0793,7.4775,9
2460801.930627,-14.7153,-28.5969,8.0031,7.4464,7.0793,7.4775,9
2460802.698337,-17.3744,-45.7082,8.0031,7.4464,7.0793,7.4775,9
2460802.777957,-9.6613,-22.6730,8.0031,7.4464,7.0793,7.4775,9
2460802.795727,-18.1744,-40.8949,8.0031,7.4464,7.0793,7.4775,9
2460802.813087,-11.4913,-39.2877,8.0031,7.4464,7.0793,7.4775,9
2460802.847577,-9.1260,-43.0591,8.0031,7.4464,7.0793,7.4775,9
2460802.867847,-13.6365,-48.9258,8.0031,7.4464,7.0793,7.4775,9
2460802.895567,-9.5405,-38.4000,8.0031,7.4464,7.0793,7.4775,9
2460802.913447,-6.5019,-44.9535,8.0031,7.4464,7.0793,7.4775,9
2460802.930287,-23.0506,-35.0322,8.0031,7.4464,7.0793,7.4775,9
2460803.704527,-19.0871,-48.7855,8.0031,7.4464,7.0793,7.4775,9
2460803.758897,-13.7268,-44.1585,8.0031,7.4464,7.0793,7.4775,9
2460803.789617,-8.6512,-46.8073,8.0031,7.4464,7.0793,7.4775,9
2460805.648717,-0.0324,-29.6660,8.0031,7.4464,7.0793,7.4775,9
2460805.692487,-12.5597,-37.2959,8.0031,7.4464,7.0793,7.4775,9
2460805.709717,-11.2054,-24.0884,8.0031,7.4464,7.0793,7.4775,9
2460805.745047,-11.4541,-30.1750,8.0031,7.4464,7.0793,7.4775,9
2460805.780237,-12.1274,-36.4529,8.0031,7.4464,7.0793,7.4775,9
2460805.825217,-5.2299,-34.9697,8.0031,7.4464,7.0793,7.4775,9
2460805.842187,-0.3341,-39.0167,8.0031,7.4464,7.0793,7.4775,9
2460805.858847,-23.6295,-42.8367,8.0031,7.4464,7.0793,7.4775,9
2460805.905807,-13.2411,-34.1500,8.0031,7.4464,7.0793,7.4775,9
2460805.922447,-4.1402,-29.1525,8.0031,7.4464,7.0793,7.4775,9
2460805.925137,-10.0301,-29.6956,8.0031,7.4464,7.0793,7.4775,9
2460806.649317,-10.4735,-37.3325,8.0031,7.4464,7.0793,7.4775,9
2460806.667357,-15.4452,-43.1800,8.0031,7.4464,7.0793,7.4775,9
2460806.694137,-15.6606,-30.9995,8.0031,7.4464,7.0793,7.4775,9
2460806.710687,-19.2128,-38.3213,8.0031,7.4464,7.0793,7.4775,9
2460806.762677,-11.8065,-27.5940,8.0031,7.4464,7.0793,7.4775,9
2460806.806287,-7.0388,-28.9938,8.0031,7.4464,7.0793,7.4775,9
2460806.827717,-21.5312,-37.6258,8.0031,7.4464,7.0793,7.4775,9
2460806.882077,-19.6053,-20.0133,8.0031,7.4464,7.0793,7.4775,9
2460806.911077,-6.3355,-29.5979,8.0031,7.4464,7.0793,7.4775,9
2460807.647107,-5.8368,-31.4793,8.0031,7.4464,7.0793,7.4775,9
2460807.663707,-22.1872,-31.0081,8.0031,7.4464,7.0793,7.4775,9
2460807.710867,3.1189,-39.4900,8.0031,7.4464,7.0793,7.4775,9
2460807.733417,-17.5643,-38.3447,8.0031,7.4464,7.0793,7.4775,9
2460807.771867,-2.2966,-28.2977,8.0031,7.4464,7.0793,7.4775,9
2460807.799767,-14.4781,-31.8166,8.0031,7.4464,7.0793,7.4775,9
2460807.833327,-5.2300,-34.0687,8.0031,7.4464,7.0793,7.4775,9
2460807.849797,-9.1052,-26.8726,8.0031,7.4464,7.0793,7.4775,9
2460807.866487,-15.8810,-32.6430,8.0031,7.4464,7.0793,7.4775,9
2460807.893667,-0.1500,-23.6713,8.0031,7.4464,7.0793,7.4775,9
2460807.910247,-2.1028,-29.7559,8.0031,7.4464,7.0793,7.4775,9
2460807.927107,-13.6045,-27.8257,8.0031,7.4464,7.0793,7.4775,9
2460808.641247,-11.4827,-34.3512,8.0031,7.4464,7.0793,7.4775,9
2460808.658137,-16.4145,-36.9607,8.0031,7.4464,7.0793,7.4775,9
2460808.688407,-13.5425,-26.7365,8.0031,7.4464,7.0793,7.4775,9
2460808.742747,-10.2598,-31.9885,8.0031,7.4464,7.0793,7.4775,9
2460808.761587,-8.9840,-26.3117,8.0031,7.4464,7.0793,7.4775,9
2460808.801737,-14.5328,-26.5949,8.0031,7.4464,7.0793,7.4775,9
2460808.856087,-3.1910,-24.7240,8.0031,7.4464,7.0793,7.4775,9
2460808.873227,0.2601,-25.3536,8.0031,7.4464,7.0793,7.4775,9
2460808.918837,2.3888,-23.7880,8.0031,7.4464,7.0793,7.4775,9
2460812.802097,-10.3375,-24.3611,8.0031,7.4464,7.0793,7.4775,9
2460812.840807,-20.3202,-46.9230,8.0031,7.4464,7.0793,7.4775,9
2460812.857817,3.3556,-33.8317,8.0031,7.4464,7.0793,7.4775,9
2460812.889737,-4.1692,-25.9989,8.0031,7.4464,7.0793,7.4775,9
2460812.922807,-6.1094,-37.9030,8.0031,7.4464,7.0793,7.4775,9
2460814.742297,-10.3634,-49.4119,8.0031,7.4464,7.0793,7.4775,9
2460814.792887,-14.5656,-43.2164,8.0031,7.4464,7.0793,7.4775,9
2460814.810077,-6.9827,-35.9336,8.0031,7.4464,7.0793,7.4775,9
2460814.877367,-3.2777,-35.5596,8.0031,7.4464,7.0793,7.4775,9
2460815.617657,-2.0265,-29.6521,8.0031,7.4464,7.0793,7.4775,9
2460815.642817,-16.8718,-37.3672,8.0031,7.4464,7.0793,7.4775,9
2460815.692907,-11.9818,-47.5151,8.0031,7.4464,7.0793,7.4775,9
2460815.727077,-4.1503,-34.6688,8.0031,7.4464,7.0793,7.4775,9
2460815.751097,-14.2731,-43.3497,8.0031,7.4464,7.0793,7.4775,9
2460815.767817,-13.9158,-41.2464,8.0031,7.4464,7.0793,7.4775,9
2460815.802067,-12.5840,-27.8485,8.0031,7.4464,7.0793,7.4775,9
2460815.819097,-13.4364,-33.7973,8.0031,7.4464,7.0793,7.4775,9
2460815.847027,-9.9440,-31.1480,8.0031,7.4464,7.0793,7.4775,9
2460815.864257,-21.2203,-34.3891,8.0031,7.4464,7.0793,7.4775,9
2460815.882317,-3.7979,-24.2040,8.0031,7.4464,7.0793,7.4775,9
2460815.900477,-17.7373,-41.6687,8.0031,7.4464,7.0793,7.4775,9
2460815.922587,-5.5161,-40.9535,8.0031,7.4464,7.0793,7.4775,9
2460816.622227,-13.6339,-42.5062,8.0031,7.4464,7.0793,7.4775,9
2460816.655577,-13.6955,-42.3625,8.0031,7.4464,7.0793,7.4775,9
2460816.675557,-8.0795,-37.0623,8.0031,7.4464,7.0793,7.4775,9
2460816.719397,-10.6776,-46.0651,8.0031,7.4464,7.0793,7.4775,9
2460816.739317,6.5823,-28.9847,8.0031,7.4464,7.0793,7.4775,9
2460816.764697,-0.7049,-41.6502,8.0031,7.4464,7.0793,7.4775,9
2460816.784497,-13.6949,-34.2689,8.0031,7.4464,7.0793,7.4775,9
2460816.834177,-0.7081,-41.6156,8.0031,7.4464,7.0793,7.4775,9
2460816.883837,5.8294,-35.3665,8.0031,7.4464,7.0793,7.4775,9
2460816.902737,-11.3996,-35.6181,8.0031,7.4464,7.0793,7.4775,9
2460817.673207,-4.5144,-41.3537,8.0031,7.4464,7.0793,7.4775,9
2460817.707487,-9.2065,-46.5480,8.0031,7.4464,7.0793,7.4775,9
2460817.763347,1.0441,-24.5387,8.0031,7.4464,7.0793,7.4775,9
2460817.815347,-18.0677,-37.7991,8.0031,7.4464,7.0793,7.4775,9
2460817.832567,-3.5425,-34.3581,8.0031,7.4464,7.0793,7.4775,9
2460817.859427,-20.8599,-47.3510,8.0031,7.4464,7.0793,7.4775,9
2460817.876257,-20.4616,-31.0844,8.0031,7.4464,7.0793,7.4775,9
2460817.893287,-14.4862,-41.7557,8.0031,7.4464,7.0793,7.4775,9
2460817.910457,-14.1578,-25.0298,8.0031,7.4464,7.0793,7.4775,9
2460817.921557,-14.4049,-38.9043,8.0031,7.4464,7.0793,7.4775,9
2460818.650637,-9.2991,-42.7078,8.0031,7.4464,7.0793,7.4775,9
2460818.667927,-8.5055,-41.4924,8.0031,7.4464,7.0793,7.4775,9
2460818.684587,-2.9716,-31.4845,8.0031,7.4464,7.0793,7.4775,9
2460818.701757,-4.6616,-25.0894,8.0031,7.4464,7.0793,7.4775,9
2460818.721147,-5.8698,-23.7161,8.0031,7.4464,7.0793,7.4775,9
2460818.783127,-15.5267,-49.7958,8.0031,7.4464,7.0793,7.4775,9
2460818.800277,-14.2155,-29.9149,8.0031,7.4464,7.0793,7.4775,9
2460818.850897,-12.6945,-24.3570,8.0031,7.4464,7.0793,7.4775,9
2460818.868987,-5.3686,-34.7301,8.0031,7.4464,7.0793,7.4775,9
2460818.893467,-20.5670,-37.7362,8.0031,7.4464,7.0793,7.4775,9
2460818.919807,-8.1848,-35.1766,8.0031,7.4464,7.0793,7.4775,9
2460819.662987,-9.1517,-33.1984,8.0031,7.4464,7.0793,7.4775,9
2460819.689147,-15.0277,-42.9428,8.0031,7.4464,7.0793,7.4775,9
2460819.706197,-13.4782,-48.3601,8.0031,7.4464,7.0793,7.4775,9
2460819.752377,1.4264,-26.2717,8.0031,7.4464,7.0793,7.4775,9
2460819.803787,-19.2512,-37.9700,8.0031,7.4464,7.0793,7.4775,9
2460819.820407,-4.5593,-22.0478,8.0031,7.4464,7.0793,7.4775,9
2460819.871727,-6.0954,-35.0371,8.0031,7.4464,7.0793,7.4775,9
2460819.891757,-20.6174,-30.0378,8.0031,7.4464,7.0793,7.4775,9
2460819.908547,-22.0697,-37.9946,8.0031,7.4464,7.0793,7.4775,9
2460819.920987,-10.5760,-29.1469,8.0031,7.4464,7.0793,7.4775,9
2460820.600447,-4.8871,-39.8041,8.0031,7.4464,7.0793,7.4775,9
2460820.620057,-12.2739,-28.3938,8.0031,7.4464,7.0793,7.4775,9
2460820.653517,-21.4740,-27.5698,8.0031,7.4464,7.0793,7.4775,9
2460820.670247,-9.2686,-20.5108,8.0031,7.4464,7.0793,7.4775,9
2460820.688797,-7.5886,-38.6890,8.0031,7.4464,7.0793,7.4775,9
2460820.691787,-16.9535,-37.7100,8.0031,7.4464,7.0793,7.4775,9
2460820.709187,-17.3628,-34.6662,8.0031,7.4464,7.0793,7.4775,9
2460820.756507,-8.3985,-39.5429,8.0031,7.4464,7.0793,7.4775,9
2460820.773767,-13.7305,-43.1717,8.0031,7.4464,7.0793,7.4775,9
2460820.790707,0.1496,-39.1949,8.0031,7.4464,7.0793,7.4775,9
2460820.807627,-4.1675,-25.2669,8.0031,7.4464,7.0793,7.4775,9
2460820.824457,-17.6234,-28.6240,8.0031,7.4464,7.0793,7.4775,9
2460820.851937,-15.2295,-43.0575,8.0031,7.4464,7.0793,7.4775,9
2460820.892087,-3.9121,-31.3982,8.0031,7.4464,7.0793,7.4775,9
2460820.909007,-8.5999,-27.2211,8.0031,7.4464,7.0793,7.4775,9
2460820.923977,-14.9209,-36.5729,8.0031,7.4464,7.0793,7.4775,9
2460821.643837,-11.8769,-42.3024,8.0031,7.4464,7.0793,7.4775,9
2460821.696807,-7.8984,-42.3076,8.0031,7.4464,7.0793,7.4775,9
2460821.757057,-9.0837,-44.8817,8.0031,7.4464,7.0793,7.4775,9
2460821.780637,-7.1121,-42.0742,8.0031,7.4464,7.0793,7.4775,9
2460821.815327,-4.4001,-43.0746,8.0031,7.4464,7.0793,7.4775,9
2460821.861307,-15.5435,-35.2749,8.0031,7.4464,7.0793,7.4775,9
2460822.701027,5.8490,-26.4391,8.0031,7.4464,7.0793,7.4775,9
2460823.696227,-10.9745,-47.5000,8.0031,7.4464,7.0793,7.4775,9
2460823.723197,5.9787,-33.4696,8.0031,7.4464,7.0793,7.4775,9
2460823.740067,-9.5356,-23.5561,8.0031,7.4464,7.0793,7.4775,9
2460823.757917,-11.3714,-33.7647,8.0031,7.4464,7.0793,7.4775,9
2460824.606197,-0.0128,-38.4943,8.0031,7.4464,7.0793,7.4775,9
2460824.622707,-3.5478,-38.4967,8.0031,7.4464,7.0793,7.4775,9
2460824.660397,-11.5157,-34.1210,8.0031,7.4464,7.0793,7.4775,9
2460824.687337,-22.4844,-40.9417,8.0031,7.4464,7.0793,7.4775,9
2460824.709067,-6.5335,-32.3201,8.0031,7.4464,7.0793,7.4775,9
2460824.726227,-5.5954,-31.5024,8.0031,7.4464,7.0793,7.4775,9
2460824.745717,-9.0447,-34.5560,8.0031,7.4464,7.0793,7.4775,9
2460824.763777,-6.8986,-47.0435,8.0031,7.4464,7.0793,7.4775,9
2460824.807107,-17.4261,-47.1074,8.0031,7.4464,7.0793,7.4775,9
2460824.824017,-8.6908,-34.7951,8.0031,7.4464,7.0793,7.4775,9
2460824.842727,-20.9701,-38.9991,8.0031,7.4464,7.0793,7.4775,9
2460824.876647,-0.5720,-28.6232,8.0031,7.4464,7.0793,7.4775,9
2460824.904157,-17.1042,-34.3368,8.0031,7.4464,7.0793,7.4775,9
2460825.596367,-10.8382,-51.5458,8.0031,7.4464,7.0793,7.4775,9
2460825.633257,-7.4693,-39.7067,8.0031,7.4464,7.0793,7.4775,9
2460825.702147,-20.1191,-37.8954,8.0031,7.4464,7.0793,7.4775,9
2460825.719247,-15.8780,-40.8428,8.0031,7.4464,7.0793,7.4775,9
2460825.785057,-20.9355,-31.8079,8.0031,7.4464,7.0793,7.4775,9
2460825.852757,-16.3259,-36.2303,8.0031,7.4464,7.0793,7.4775,9
2460825.881387,-23.5174,-19.5266,8.0031,7.4464,7.0793,7.4775,9
2460825.901567,-23.5079,-32.9133,8.0031,7.4464,7.0793,7.4775,9
2460826.597727,-7.8181,-35.1714,8.0031,7.4464,7.0793,7.4775,9
2460826.614777,-14.9138,-48.4166,8.0031,7.4464,7.0793,7.4775,9
2460826.642267,-2.5979,-40.5288,8.0031,7.4464,7.0793,7.4775,9
2460826.658907,-0.9958,-36.2230,8.0031,7.4464,7.0793,7.4775,9
2460826.692977,1.8386,-42.8711,8.0031,7.4464,7.0793,7.4775,9
2460826.709847,-1.4819,-38.0445,8.0031,7.4464,7.0793,7.4775,9
2460826.759707,-14.7388,-49.1492,8.0031,7.4464,7.0793,7.4775,9
2460826.776607,-10.0868,-35.6539,8.0031,7.4464,7.0793,7.4775,9
2460826.794697,-8.8678,-32.3571,8.0031,7.4464,7.0793,7.4775,9
2460826.811587,-13.3204,-29.7944,8.0031,7.4464,7.0793,7.4775,9
2460826.843827,-0.5878,-33.6306,8.0031,7.4464,7.0793,7.4775,9
2460826.877027,-6.8616,-30.5271,8.0031,7.4464,7.0793,7.4775,9
2460827.681217,1.8028,-25.1901,8.0031,7.4464,7.0793,7.4775,9
2460827.824027,4.6650,-20.8536,8.0031,7.4464,7.0793,7.4775,9
2460827.858697,-2.1504,-45.1101,8.0031,7.4464,7.0793,7.4775,9
2460827.896577,1.5137,-28.5889,8.0031,7.4464,7.0793,7.4775,9
2460827.913457,1.7550,-31.2274,8.0031,7.4464,7.0793,7.4775,9
2460828.592927,-22.8556,-47.5658,8.0031,7.4464,7.0793,7.4775,9
2460828.614277,-13.2707,-48.4125,8.0031,7.4464,7.0793,7.4775,9
2460828.648987,2.8739,-38.5486,8.0031,7.4464,7.0793,7.4775,9
2460828.668187,-5.8232,-20.8266,8.0031,7.4464,7.0793,7.4775,9
2460828.699297,-9.6435,-45.0853,8.0031,7.4464,7.0793,7.4775,9
2460828.794917,-7.7465,-31.0314,8.0031,7.4464,7.0793,7.4775,9
2460828.811687,-14.2916,-29.6352,8.0031,7.4464,7.0793,7.4775,9
2460828.828687,-3.3121,-32.8791,8.0031,7.4464,7.0793,7.4775,9
2460828.892517,0.1710,-35.2517,8.0031,7.4464,7.0793,7.4775,9
2460828.910577,-9.1572,-35.9040,8.0031,7.4464,7.0793,7.4775,9
2460829.581317,-21.8778,-45.3814,8.0031,7.4464,7.0793,7.4775,9
2460829.713097,-25.5181,-42.1400,8.0031,7.4464,7.0793,7.4775,9
2460829.746577,-17.5791,-34.8779,8.0031,7.4464,7.0793,7.4775,9
2460829.774187,-2.9707,-29.6307,8.0031,7.4464,7.0793,7.4775,9
2460830.585057,-19.4451,-33.2726,8.0031,7.4464,7.0793,7.4775,9
2460830.601397,-14.6370,-47.9378,8.0031,7.4464,7.0793,7.4775,9
2460830.629117,-12.6579,-47.8742,8.0031,7.4464,7.0793,7.4775,9
2460830.663667,-9.0221,-39.4996,8.0031,7.4464,7.0793,7.4775,9
2460830.697327,-17.0838,-43.0410,8.0031,7.4464,7.0793,7.4775,9
2460830.714667,-4.8503,-45.3831,8.0031,7.4464,7.0793,7.4775,9
2460830.742217,-3.0988,-38.9910,8.0031,7.4464,7.0793,7.4775,9
2460830.778297,-10.9480,-39.3094,8.0031,7.4464,7.0793,7.4775,9
2460830.795997,-9.0061,-50.5074,8.0031,7.4464,7.0793,7.4775,9
2460830.812807,-15.4916,-37.0890,8.0031,7.4464,7.0793,7.4775,9
2460830.840567,-14.2839,-20.9103,8.0031,7.4464,7.0793,7.4775,9
2460830.859987,-15.2054,-42.5345,8.0031,7.4464,7.0793,7.4775,9
2460830.876327,-5.5656,-46.1252,8.0031,7.4464,7.0793,7.4775,9
2460831.571927,-14.7640,-21.2576,8.0031,7.4464,7.0793,7.4775,9
2460831.730917,-12.1697,-37.6729,8.0031,7.4464,7.0793,7.4775,9
2460831.747447,-9.7108,-38.5920,8.0031,7.4464,7.0793,7.4775,9
2460831.764207,-15.4790,-47.2478,8.0031,7.4464,7.0793,7.4775,9
2460831.784367,-5.3707,-45.1293,8.0031,7.4464,7.0793,7.4775,9
2460831.801477,-9.7856,-45.8386,8.0031,7.4464,7.0793,7.4775,9
2460831.868157,-20.7164,-38.2010,8.0031,7.4464,7.0793,7.4775,9
2460831.884847,-25.0971,-37.6359,8.0031,7.4464,7.0793,7.4775,9
2460832.605097,-17.7341,-31.0968,8.0031,7.4464,7.0793,7.4775,9
2460832.621547,0.2981,-46.9550,8.0031,7.4464,7.0793,7.4775,9
2460832.641087,-5.0012,-32.9130,8.0031,7.4464,7.0793,7.4775,9
2460832.658837,-11.9428,-49.4809,8.0031,7.4464,7.0793,7.4775,9
2460832.687097,-4.2136,-37.1130,8.0031,7.4464,7.0793,7.4775,9
2460832.704927,-14.5084,-33.0775,8.0031,7.4464,7.0793,7.4775,9
2460832.721757,-8.4147,-47.4309,8.0031,7.4464,7.0793,7.4775,9
2460832.755397,-16.7078,-48.7428,8.0031,7.4464,7.0793,7.4775,9
2460832.783187,-15.1213,-40.5798,8.0031,7.4464,7.0793,7.4775,9
2460832.801287,-10.4834,-41.1052,8.0031,7.4464,7.0793,7.4775,9
2460832.824737,-17.2467,-40.3445,8.0031,7.4464,7.0793,7.4775,9
2460832.841727,-13.3410,-34.2030,8.0031,7.4464,7.0793,7.4775,9
2460832.860617,-10.0242,-35.3435,8.0031,7.4464,7.0793,7.4775,9
2460832.878367,2.2261,-27.6209,8.0031,7.4464,7.0793,7.4775,9
2460833.579027,-18.9045,-42.9148,8.0031,7.4464,7.0793,7.4775,9
2460833.595467,-14.2204,-24.8676,8.0031,7.4464,7.0793,7.4775,9
2460833.690337,-9.0989,-45.8885,8.0031,7.4464,7.0793,7.4775,9
2460833.708147,-17.6110,-35.5141,8.0031,7.4464,7.0793,7.4775,9
2460833.724757,-3.4765,-47.4823,8.0031,7.4464,7.0793,7.4775,9
2460833.741877,-20.0658,-30.7136,8.0031,7.4464,7.0793,7.4775,9
2460833.769387,-14.1959,-46.8056,8.0031,7.4464,7.0793,7.4775,9
2460833.790077,-21.1377,-49.1025,8.0031,7.4464,7.0793,7.4775,9
2460833.806837,-14.5517,-43.4419,8.0031,7.4464,7.0793,7.4775,9
2460833.826737,-4.0756,-42.7604,8.0031,7.4464,7.0793,7.4775,9
2460833.843977,-12.7336,-35.3875,8.0031,7.4464,7.0793,7.4775,9
2460833.861167,-6.4742,-26.8845,8.0031,7.4464,7.0793,7.4775,9
2460834.816227,-19.0792,-28.3316,8.0031,7.4464,7.0793,7.4775,9
2460834.832787,-14.2968,-43.8935,8.0031,7.4464,7.0793,7.4775,9
2460834.849637,-12.6016,-34.4978,8.0031,7.4464,7.0793,7.4775,9
2460834.876607,-18.8222,-27.8301,8.0031,7.4464,7.0793,7.4775,9
2460834.893857,-8.6843,-44.0590,8.0031,7.4464,7.0793,7.4775,9
2460835.563407,-6.3636,-44.0955,8.0031,7.4464,7.0793,7.4775,9
2460835.579677,8.1191,-26.7703,8.0031,7.4464,7.0793,7.4775,9
2460835.596477,-17.0424,-40.3209,8.0031,7.4464,7.0793,7.4775,9
2460835.644557,0.2425,-26.7732,8.0031,7.4464,7.0793,7.4775,9
2460835.661787,-17.2849,-28.9085,8.0031,7.4464,7.0793,7.4775,9
2460835.678437,-14.1226,-35.4482,8.0031,7.4464,7.0793,7.4775,9
2460835.698987,2.9213,-31.0347,8.0031,7.4464,7.0793,7.4775,9
2460835.716027,-9.2401,-27.3503,8.0031,7.4464,7.0793,7.4775,9
2460835.743577,-0.3353,-26.7817,8.0031,7.4464,7.0793,7.4775,9
2460835.761457,-6.3732,-28.0610,8.0031,7.4464,7.0793,7.4775,9
2460835.778197,-12.4023,-21.7269,8.0031,7.4464,7.0793,7.4775,9
2460835.795197,-9.9779,-28.2991,8.0031,7.4464,7.0793,7.4775,9
2460835.813377,-5.3799,-19.3192,8.0031,7.4464,7.0793,7.4775,9
2460835.837127,-2.1410,-29.7555,8.0031,7.4464,7.0793,7.4775,9
2460836.621277,-18.7060,-26.1204,8.0031,7.4464,7.0793,7.4775,9
2460836.645067,3.7648,-36.4219,8.0031,7.4464,7.0793,7.4775,9
2460836.661817,-3.9325,-34.4257,8.0031,7.4464,7.0793,7.4775,9
2460836.678617,-18.6783,-33.4218,8.0031,7.4464,7.0793,7.4775,9
2460836.695067,-11.6021,-31.0389,8.0031,7.4464,7.0793,7.4775,9
2460836.722547,-6.7187,-30.9446,8.0031,7.4464,7.0793,7.4775,9
2460836.738927,-16.1725,-27.2234,8.0031,7.4464,7.0793,7.4775,9
2460836.775487,-0.4117,-30.8122,8.0031,7.4464,7.0793,7.4775,9
2460836.792327,-2.8658,-47.7387,8.0031,7.4464,7.0793,7.4775,9
2460836.819447,9.6058,-38.1738,8.0031,7.4464,7.0793,7.4775,9
2460836.836677,0.6370,-33.0486,8.0031,7.4464,7.0793,7.4775,9
2460836.855267,-7.9385,-40.9966,8.0031,7.4464,7.0793,7.4775,9
2460836.875567,2.6024,-29.8876,8.0031,7.4464,7.0793,7.4775,9
2460840.560447,-18.3608,-33.1825,8.0031,7.4464,7.0793,7.4775,9
2460840.665197,-16.5956,-47.6834,8.0031,7.4464,7.0793,7.4775,9
2460840.792617,0.4502,-18.0332,8.0031,7.4464,7.0793,7.4775,9
2460840.869607,7.9696,-15.7511,8.0031,7.4464,7.0793,7.4775,9
2460841.824717,11.1989,-30.3327,8.0031,7.4464,7.0793,7.4775,9
2460843.566607,2.3622,-48.6183,8.0031,7.4464,7.0793,7.4775,9
2460843.583607,-10.5701,-32.3742,8.0031,7.4464,7.0793,7.4775,9
2460843.616077,-15.5601,-39.3566,8.0031,7.4464,7.0793,7.4775,9
2460843.783887,5.7818,-29.6641,8.0031,7.4464,7.0793,7.4775,9
2460844.788647,7.7171,-22.5230,8.0031,7.4464,7.0793,7.4775,9
2460844.808417,-10.1562,-40.3657,8.0031,7.4464,7.0793,7.4775,9
2460844.823957,-7.9575,-43.8362,8.0031,7.4464,7.0793,7.4775,9
2460845.735607,-13.2547,-30.0257,8.0031,7.4464,7.0793,7.4775,9
2460845.841587,-5.9371,-45.0003,8.0031,7.4464,7.0793,7.4775,9
2460846.535877,-7.8902,-48.9670,8.0031,7.4464,7.0793,7.4775,9
2460846.587237,-8.8644,-32.0306,8.0031,7.4464,7.0793,7.4775,9
2460846.607337,-17.9052,-49.5975,8.0031,7.4464,7.0793,7.4775,9
2460846.624077,-18.5220,-34.0434,8.0031,7.4464,7.0793,7.4775,9
2460846.646707,-8.1492,-31.8446,8.0031,7.4464,7.0793,7.4775,9
2460846.691977,-7.0697,-38.6278,8.0031,7.4464,7.0793,7.4775,9
2460846.730767,-11.3741,-44.6063,8.0031,7.4464,7.0793,7.4775,9
2460846.806517,-11.5149,-41.9524,8.0031,7.4464,7.0793,7.4775,9
2460846.823867,-17.2777,-43.5011,8.0031,7.4464,7.0793,7.4775,9
2460846.840887,-3.5795,-28.7922,8.0031,7.4464,7.0793,7.4775,9
2460846.859197,-10.6696,-41.8524,8.0031,7.4464,7.0793,7.4775,9
2460847.550877,-2.2948,-44.6293,8.0031,7.4464,7.0793,7.4775,9
2460847.579947,-13.7410,-39.9245,8.0031,7.4464,7.0793,7.4775,9
2460847.596717,-5.3483,-40.9210,8.0031,7.4464,7.0793,7.4775,9
2460847.615297,-4.6392,-36.5759,8.0031,7.4464,7.0793,7.4775,9
2460847.633397,-5.1905,-34.9246,8.0031,7.4464,7.0793,7.4775,9
2460847.652127,-6.1183,-41.0374,8.0031,7.4464,7.0793,7.4775,9
2460847.696717,-16.6690,-38.4188,8.0031,7.4464,7.0793,7.4775,9
2460847.715237,-8.5070,-38.0610,8.0031,7.4464,7.0793,7.4775,9
2460847.775507,-6.0462,-31.8453,8.0031,7.4464,7.0793,7.4775,9
2460847.792777,-15.2727,-33.4372,8.0031,7.4464,7.0793,7.4775,9
2460847.811437,-8.8690,-32.7952,8.0031,7.4464,7.0793,7.4775,9
2460848.577987,-4.6815,-46.0309,8.0031,7.4464,7.0793,7.4775,9
2460848.669187,7.2261,-38.6741,8.0031,7.4464,7.0793,7.4775,9
2460848.686167,7.5151,-18.6643,8.0031,7.4464,7.0793,7.4775,9
2460848.703157,-22.8379,-21.7710,8.0031,7.4464,7.0793,7.4775,9
2460848.724077,3.4485,-23.6845,8.0031,7.4464,7.0793,7.4775,9
2460849.558047,-19.8375,-17.4436,8.0031,7.4464,7.0793,7.4775,9
2460850.540357,-4.8228,-44.4802,8.0031,7.4464,7.0793,7.4775,9
2460850.556767,9.0552,-32.7601,8.0031,7.4464,7.0793,7.4775,9
2460850.573327,-9.8660,-44.2085,8.0031,7.4464,7.0793,7.4775,9
2460850.612847,2.1225,-42.7512,8.0031,7.4464,7.0793,7.4775,9
2460850.643127,-16.9461,-40.4366,8.0031,7.4464,7.0793,7.4775,9
2460850.646117,-4.1363,-45.7499,8.0031,7.4464,7.0793,7.4775,9
2460850.662847,-8.4622,-40.8569,8.0031,7.4464,7.0793,7.4775,9
2460850.680307,-14.1962,-46.6372,8.0031,7.4464,7.0793,7.4775,9
2460850.697187,-16.1653,-38.5288,8.0031,7.4464,7.0793,7.4775,9
2460850.713697,-13.4523,-35.2964,8.0031,7.4464,7.0793,7.4775,9
2460850.740917,-12.7736,-41.7387,8.0031,7.4464,7.0793,7.4775,9
2460850.759037,-4.5846,-27.1353,8.0031,7.4464,7.0793,7.4775,9
2460850.793597,-7.0814,-39.9472,8.0031,7.4464,7.0793,7.4775,9
2460850.810277,-12.3033,-27.8254,8.0031,7.4464,7.0793,7.4775,9
2460850.844057,1.3283,-44.8187,8.0031,7.4464,7.0793,7.4775,9
2460851.521077,-14.7020,-40.4660,8.0031,7.4464,7.0793,7.4775,9
2460851.559457,-12.9522,-54.4809,8.0031,7.4464,7.0793,7.4775,9
2460851.575987,1.9415,-35.4315,8.0031,7.4464,7.0793,7.4775,9
2460851.592757,-14.3958,-47.3567,8.0031,7.4464,7.0793,7.4775,9
2460851.636977,-15.8999,-36.5998,8.0031,7.4464,7.0793,7.4775,9
2460851.654027,-9.9385,-55.0793,8.0031,7.4464,7.0793,7.4775,9
2460851.671237,-2.2217,-52.5089,8.0031,7.4464,7.0793,7.4775,9
2460851.688537,-5.8475,-40.5458,8.0031,7.4464,7.0793,7.4775,9
2460851.705577,-6.2815,-55.7579,8.0031,7.4464,7.0793,7.4775,9
2460851.732317,0.3172,-33.0472,8.0031,7.4464,7.0793,7.4775,9
2460851.751977,0.7322,-42.7483,8.0031,7.4464,7.0793,7.4775,9
2460851.810177,7.9010,-17.1423,8.0031,7.4464,7.0793,7.4775,9
2460853.545457,-9.5391,-31.5807,8.0031,7.4464,7.0793,7.4775,9
2460853.579267,-7.9766,-33.1897,8.0031,7.4464,7.0793,7.4775,9
2460853.606707,-11.3875,-33.0569,8.0031,7.4464,7.0793,7.4775,9
2460853.669297,-13.8682,-32.9630,8.0031,7.4464,7.0793,7.4775,9
2460853.713327,-9.9534,-38.2750,8.0031,7.4464,7.0793,7.4775,9
2460853.730127,-7.2745,-38.7724,8.0031,7.4464,7.0793,7.4775,9
2460853.767857,-9.6750,-53.5102,8.0031,7.4464,7.0793,7.4775,9
2460854.601437,-12.8006,-32.1270,8.0031,7.4464,7.0793,7.4775,9
2460854.618837,-16.7029,-43.1797,8.0031,7.4464,7.0793,7.4775,9
2460854.657637,-7.0253,-47.7110,8.0031,7.4464,7.0793,7.4775,9
2460854.674127,-13.2216,-47.8695,8.0031,7.4464,7.0793,7.4775,9
2460854.724997,-20.2181,-33.3716,8.0031,7.4464,7.0793,7.4775,9
2460854.828127,4.6451,-34.2576,8.0031,7.4464,7.0793,7.4775,9
2460855.616987,-13.9338,-25.2223,8.0031,7.4464,7.0793,7.4775,9
2460855.633607,-8.2139,-43.9388,8.0031,7.4464,7.0793,7.4775,9
2460855.730797,7.6435,-33.0894,8.0031,7.4464,7.0793,7.4775,9
2460856.523487,-12.7570,-38.8635,8.0031,7.4464,7.0793,7.4775,9
2460856.559447,-6.2985,-23.1180,8.0031,7.4464,7.0793,7.4775,9
2460856.586337,-17.4256,-32.0594,8.0031,7.4464,7.0793,7.4775,9
2460856.602917,-19.6589,-27.7708,8.0031,7.4464,7.0793,7.4775,9
2460856.606737,-0.7879,-38.1462,8.0031,7.4464,7.0793,7.4775,9
2460856.623617,-7.6573,-22.3399,8.0031,7.4464,7.0793,7.4775,9
2460856.658337,-12.8940,-48.7028,8.0031,7.4464,7.0793,7.4775,9
2460856.690187,-10.3148,-39.8900,8.0031,7.4464,7.0793,7.4775,9
2460856.724727,-17.7939,-33.7677,8.0031,7.4464,7.0793,7.4775,9
2460856.742827,-3.6267,-27.2818,8.0031,7.4464,7.0793,7.4775,9
2460856.759447,-14.6380,-30.1828,8.0031,7.4464,7.0793,7.4775,9
2460856.787817,0.5290,-41.0307,8.0031,7.4464,7.0793,7.4775,9
2460856.806137,3.6511,-44.7197,8.0031,7.4464,7.0793,7.4775,9
2460856.822807,-11.0088,-41.1596,8.0031,7.4464,7.0793,7.4775,9
2460857.632527,0.7176,-18.2932,8.0031,7.4464,7.0793,7.4775,9
2460857.649447,-15.6615,-21.2157,8.0031,7.4464,7.0793,7.4775,9
2460857.698137,-8.6311,-43.9336,8.0031,7.4464,7.0793,7.4775,9
2460857.718407,-14.0580,-39.6209,8.0031,7.4464,7.0793,7.4775,9
2460857.734767,-19.0846,-35.0168,8.0031,7.4464,7.0793,7.4775,9
2460857.751997,-7.1961,-41.6090,8.0031,7.4464,7.0793,7.4775,9
2460857.768527,-11.5836,-38.0430,8.0031,7.4464,7.0793,7.4775,9
2460857.815137,-5.2537,-25.4916,8.0031,7.4464,7.0793,7.4775,9
2460858.677467,-4.4583,-17.5043,8.0031,7.4464,7.0793,7.4775,9
2460858.782077,-0.0357,-38.9031,8.0031,7.4464,7.0793,7.4775,9
2460858.798887,5.2439,-34.4327,8.0031,7.4464,7.0793,7.4775,9
2460859.497197,-10.6835,-27.1632,8.0031,7.4464,7.0793,7.4775,9
2460859.513887,-3.5531,-32.5874,8.0031,7.4464,7.0793,7.4775,9
2460859.530707,-10.5299,-47.3500,8.0031,7.4464,7.0793,7.4775,9
2460859.558127,-6.9272,-37.0710,8.0031,7.4464,7.0793,7.4775,9
2460859.574847,-21.9328,-34.9219,8.0031,7.4464,7.0793,7.4775,9
2460859.591437,-12.1199,-35.5251,8.0031,7.4464,7.0793,7.4775,9
2460859.608437,-5.4360,-43.8885,8.0031,7.4464,7.0793,7.4775,9
2460859.721737,-12.1341,-31.8290,8.0031,7.4464,7.0793,7.4775,9
2460859.758867,-18.8719,-41.1097,8.0031,7.4464,7.0793,7.4775,9
2460859.803157,-9.2427,-20.1697,8.0031,7.4464,7.0793,7.4775,9
2460860.554237,-13.4375,-44.6181,8.0031,7.4464,7.0793,7.4775,9
2460860.592207,-6.3927,-42.5165,8.0031,7.4464,7.0793,7.4775,9
2460860.609057,-17.3446,-31.1620,8.0031,7.4464,7.0793,7.4775,9
2460860.626167,-18.1044,-28.4845,8.0031,7.4464,7.0793,7.4775,9
2460860.643387,-14.2957,-49.4093,8.0031,7.4464,7.0793,7.4775,9
2460860.689317,-11.4897,-51.7363,8.0031,7.4464,7.0793,7.4775,9
2460860.706517,-1.6176,-32.6742,8.0031,7.4464,7.0793,7.4775,9
2460860.725027,-10.9563,-36.3914,8.0031,7.4464,7.0793,7.4775,9
2460860.741527,-3.6752,-35.0960,8.0031,7.4464,7.0793,7.4775,9
2460861.514467,-15.8558,-43.0510,8.0031,7.4464,7.0793,7.4775,9
2460861.561267,-9.7553,-34.4658,8.0031,7.4464,7.0793,7.4775,9
2460861.578257,-6.3117,-39.3868,8.0031,7.4464,7.0793,7.4775,9
2460861.622217,-9.6670,-33.7125,8.0031,7.4464,7.0793,7.4775,9
2460861.639127,-13.2780,-38.2270,8.0031,7.4464,7.0793,7.4775,9
2460861.672407,-7.0358,-41.8637,8.0031,7.4464,7.0793,7.4775,9
2460861.688927,-3.3860,-50.9710,8.0031,7.4464,7.0793,7.4775,9
2460861.756817,-16.3833,-36.9780,8.0031,7.4464,7.0793,7.4775,9
2460862.592107,-14.1672,-25.3320,8.0031,7.4464,7.0793,7.4775,9
2460862.655747,3.8837,-27.1974,8.0031,7.4464,7.0793,7.4775,9
2460862.692827,-15.8957,-45.9562,8.0031,7.4464,7.0793,7.4775,9
2460862.806347,-9.0166,-40.3104,8.0031,7.4464,7.0793,7.4775,9
2460863.552467,-12.0244,-33.2645,8.0031,7.4464,7.0793,7.4775,9
2460863.586277,-6.9723,-38.3440,8.0031,7.4464,7.0793,7.4775,9
2460863.631887,-9.2624,-33.8528,8.0031,7.4464,7.0793,7.4775,9
2460863.665907,-13.1173,-44.1078,8.0031,7.4464,7.0793,7.4775,9
2460863.802167,-20.6651,-37.0264,8.0031,7.4464,7.0793,7.4775,9
2460864.547087,-0.2770,-22.0757,8.0031,7.4464,7.0793,7.4775,9
2460864.566277,-4.2869,-30.7248,8.0031,7.4464,7.0793,7.4775,9
2460864.596117,-0.1078,-44.5387,8.0031,7.4464,7.0793,7.4775,9
2460864.613127,-0.1038,-24.0769,8.0031,7.4464,7.0793,7.4775,9
2460864.649197,-2.9379,-30.5875,8.0031,7.4464,7.0793,7.4775,9
2460867.508267,-20.6065,-29.6526,8.0031,7.4464,7.0793,7.4775,9
2460867.543917,-6.2383,-51.7735,8.0031,7.4464,7.0793,7.4775,9
2460867.591607,-6.1228,-28.0540,8.0031,7.4464,7.0793,7.4775,9
2460867.609067,-3.6951,-42.4169,8.0031,7.4464,7.0793,7.4775,9
2460867.626047,3.8195,-39.0641,8.0031,7.4464,7.0793,7.4775,9
2460867.646007,-9.3971,-49.9258,8.0031,7.4464,7.0793,7.4775,9
2460867.663177,-17.8942,-28.6678,8.0031,7.4464,7.0793,7.4775,9
2460867.692217,-18.5360,-25.9631,8.0031,7.4464,7.0793,7.4775,9
2460867.695907,-1.2938,-29.7403,8.0031,7.4464,7.0793,7.4775,9
2460867.699587,-14.9353,-35.6552,8.0031,7.4464,7.0793,7.4775,9
2460867.716407,-10.6916,-27.8418,8.0031,7.4464,7.0793,7.4775,9
2460867.799357,-10.2627,-48.3759,8.0031,7.4464,7.0793,7.4775,9
2460868.469807,-1.6192,-50.4974,8.0031,7.4464,7.0793,7.4775,9
2460868.493407,-0.3721,-25.5411,8.0031,7.4464,7.0793,7.4775,9
2460868.527517,-16.7572,-35.1371,8.0031,7.4464,7.0793,7.4775,9
2460868.556797,-12.9895,-33.6150,8.0031,7.4464,7.0793,7.4775,9
2460868.559777,-3.1581,-34.0454,8.0031,7.4464,7.0793,7.4775,9
2460868.576637,0.3470,-36.5011,8.0031,7.4464,7.0793,7.4775,9
2460868.594727,-2.6901,-43.7117,8.0031,7.4464,7.0793,7.4775,9
2460868.613427,-6.1702,-24.1155,8.0031,7.4464,7.0793,7.4775,9
2460868.630787,-0.2052,-31.2384,8.0031,7.4464,7.0793,7.4775,9
2460868.658317,-2.7995,-34.0626,8.0031,7.4464,7.0793,7.4775,9
2460868.693867,-5.1675,-35.0148,8.0031,7.4464,7.0793,7.4775,9
2460868.710997,-10.4085,-33.4533,8.0031,7.4464,7.0793,7.4775,9
2460868.728107,-8.3181,-27.7425,8.0031,7.4464,7.0793,7.4775,9
2460868.745217,-17.8397,-44.7879,8.0031,7.4464,7.0793,7.4775,9
2460868.774777,1.4219,-39.9791,8.0031,7.4464,7.0793,7.4775,9
2460869.466397,-3.6919,-45.3048,8.0031,7.4464,7.0793,7.4775,9
2460869.520647,-3.6745,-41.7942,8.0031,7.4464,7.0793,7.4775,9
2460869.568827,-12.7028,-50.6147,8.0031,7.4464,7.0793,7.4775,9
2460869.587167,-2.6615,-36.9581,8.0031,7.4464,7.0793,7.4775,9
2460869.611927,-11.8112,-35.0974,8.0031,7.4464,7.0793,7.4775,9
2460869.628997,-6.1652,-42.6310,8.0031,7.4464,7.0793,7.4775,9
2460869.655697,2.8216,-43.8805,8.0031,7.4464,7.0793,7.4775,9
2460869.672897,-17.1846,-42.8273,8.0031,7.4464,7.0793,7.4775,9
2460869.689807,-4.7020,-28.8173,8.0031,7.4464,7.0793,7.4775,9
2460869.706737,-4.5713,-30.6185,8.0031,7.4464,7.0793,7.4775,9
2460869.723747,-12.6843,-37.8854,8.0031,7.4464,7.0793,7.4775,9
2460869.751807,-10.9262,-37.3831,8.0031,7.4464,7.0793,7.4775,9
2460870.592637,-10.5504,-23.1531,8.0031,7.4464,7.0793,7.4775,9
2460870.669327,4.2406,-32.6374,8.0031,7.4464,7.0793,7.4775,9
2460870.686047,-17.1071,-49.4987,8.0031,7.4464,7.0793,7.4775,9
2460870.703157,5.3071,-32.5437,8.0031,7.4464,7.0793,7.4775,9
2460870.720087,-7.0410,-42.2185,8.0031,7.4464,7.0793,7.4775,9
2460872.586687,-16.8435,-36.1818,8.0031,7.4464,7.0793,7.4775,9
2460872.603347,-11.6410,-39.6588,8.0031,7.4464,7.0793,7.4775,9
2460872.620397,-6.1261,-36.9523,8.0031,7.4464,7.0793,7.4775,9
2460872.655837,-18.8593,-39.1720,8.0031,7.4464,7.0793,7.4775,9
2460872.683147,-13.5212,-40.3528,8.0031,7.4464,7.0793,7.4775,9
2460872.701447,-19.0390,-46.9608,8.0031,7.4464,7.0793,7.4775,9
2460873.490227,-7.6187,-36.5595,8.0031,7.4464,7.0793,7.4775,9
2460873.507157,-2.4614,-32.0334,8.0031,7.4464,7.0793,7.4775,9
2460873.524437,-19.3454,-34.9135,8.0031,7.4464,7.0793,7.4775,9
2460873.542897,-10.7814,-34.6178,8.0031,7.4464,7.0793,7.4775,9
2460873.547227,-14.9726,-37.0995,8.0031,7.4464,7.0793,7.4775,9
2460873.562467,-12.1592,-33.3493,8.0031,7.4464,7.0793,7.4775,9
2460873.589847,-2.2270,-42.9579,8.0031,7.4464,7.0793,7.4775,9
2460873.606447,-9.5760,-33.5665,8.0031,7.4464,7.0793,7.4775,9
2460873.625627,-11.6716,-35.2382,8.0031,7.4464,7.0793,7.4775,9
2460873.661167,-18.0083,-44.9741,8.0031,7.4464,7.0793,7.4775,9
2460873.690327,-2.3032,-36.1041,8.0031,7.4464,7.0793,7.4775,9
2460873.712027,-5.7003,-25.7218,8.0031,7.4464,7.0793,7.4775,9
2460873.728517,-16.2096,-38.6480,8.0031,7.4464,7.0793,7.4775,9
2460873.745517,-13.9773,-45.5817,8.0031,7.4464,7.0793,7.4775,9
2460873.762217,1.0372,-30.3608,8.0031,7.4464,7.0793,7.4775,9
2460873.789177,-3.6396,-44.0915,8.0031,7.4464,7.0793,7.4775,9
2460874.479157,-5.3743,-39.4839,8.0031,7.4464,7.0793,7.4775,9
2460874.496117,-20.5509,-37.8809,8.0031,7.4464,7.0793,7.4775,9
2460874.512947,-6.1196,-39.1123,8.0031,7.4464,7.0793,7.4775,9
2460874.530947,-6.9078,-22.0787,8.0031,7.4464,7.0793,7.4775,9
2460874.547507,-10.0077,-38.6784,8.0031,7.4464,7.0793,7.4775,9
2460874.609337,-11.5673,-37.8641,8.0031,7.4464,7.0793,7.4775,9
2460874.669017,-13.3997,-37.8029,8.0031,7.4464,7.0793,7.4775,9
2460874.697977,-6.5079,-33.7445,8.0031,7.4464,7.0793,7.4775,9
2460874.749627,-8.4720,-49.5317,8.0031,7.4464,7.0793,7.4775,9
2460874.766407,-17.7719,-31.9139,8.0031,7.4464,7.0793,7.4775,9
2460875.503087,-10.3325,-48.6768,8.0031,7.4464,7.0793,7.4775,9
2460875.519607,-9.8414,-31.6998,8.0031,7.4464,7.0793,7.4775,9
2460875.540107,-14.6494,-32.8639,8.0031,7.4464,7.0793,7.4775,9
2460875.557007,-15.3759,-39.7290,8.0031,7.4464,7.0793,7.4775,9
2460875.578497,-6.4946,-38.4742,8.0031,7.4464,7.0793,7.4775,9
2460875.609347,-12.2565,-26.1506,8.0031,7.4464,7.0793,7.4775,9
2460875.626227,-5.3682,-46.8314,8.0031,7.4464,7.0793,7.4775,9
2460875.629247,-18.3886,-40.5071,8.0031,7.4464,7.0793,7.4775,9
2460875.645987,-19.3062,-43.4054,8.0031,7.4464,7.0793,7.4775,9
2460875.665427,-6.1782,-47.6992,8.0031,7.4464,7.0793,7.4775,9
2460875.682357,-17.1023,-41.0728,8.0031,7.4464,7.0793,7.4775,9
2460875.709467,-7.7300,-31.4831,8.0031,7.4464,7.0793,7.4775,9
2460875.727487,-7.1886,-37.6137,8.0031,7.4464,7.0793,7.4775,9
2460875.744447,-6.8285,-29.9450,8.0031,7.4464,7.0793,7.4775,9
2460875.784357,-16.7975,-43.2181,8.0031,7.4464,7.0793,7.4775,9
2460876.470627,-8.8375,-49.8421,8.0031,7.4464,7.0793,7.4775,9
2460876.516687,-8.5801,-31.8502,8.0031,7.4464,7.0793,7.4775,9
2460876.533737,2.8889,-42.9337,8.0031,7.4464,7.0793,7.4775,9
2460876.569257,-5.1672,-37.2231,8.0031,7.4464,7.0793,7.4775,9
2460876.586147,-22.5051,-34.1380,8.0031,7.4464,7.0793,7.4775,9
2460876.636227,-13.0335,-36.7873,8.0031,7.4464,7.0793,7.4775,9
2460876.654767,-8.2731,-37.2636,8.0031,7.4464,7.0793,7.4775,9
2460876.672157,3.2364,-48.9038,8.0031,7.4464,7.0793,7.4775,9
2460876.688887,-7.9902,-31.4232,8.0031,7.4464,7.0793,7.4775,9
2460876.736257,-17.2316,-34.4184,8.0031,7.4464,7.0793,7.4775,9
2460876.774537,-3.0314,-30.1416,8.0031,7.4464,7.0793,7.4775,9
2460877.465897,-12.0672,-44.0765,8.0031,7.4464,7.0793,7.4775,9
2460877.513087,-1.7694,-36.6720,8.0031,7.4464,7.0793,7.4775,9
2460877.529407,-13.2942,-35.5928,8.0031,7.4464,7.0793,7.4775,9
2460877.546467,-9.1031,-38.7498,8.0031,7.4464,7.0793,7.4775,9
2460877.563537,-5.4629,-47.8467,8.0031,7.4464,7.0793,7.4775,9
2460877.581807,-15.2457,-40.7953,8.0031,7.4464,7.0793,7.4775,9
2460877.648297,4.8873,-36.7572,8.0031,7.4464,7.0793,7.4775,9
2460877.658047,-6.0045,-39.3540,8.0031,7.4464,7.0793,7.4775,9
2460877.667887,-2.2430,-31.5318,8.0031,7.4464,7.0793,7.4775,9
2460877.685847,2.1781,-30.0979,8.0031,7.4464,7.0793,7.4775,9
2460877.741917,-3.5261,-49.2693,8.0031,7.4464,7.0793,7.4775,9
2460878.483357,-6.6048,-38.6537,8.0031,7.4464,7.0793,7.4775,9
2460878.550967,-10.9558,-37.5533,8.0031,7.4464,7.0793,7.4775,9
2460878.668397,-8.4091,-36.0206,8.0031,7.4464,7.0793,7.4775,9
2460878.688987,-13.6659,-36.8873,8.0031,7.4464,7.0793,7.4775,9
2460878.705717,-9.7149,-45.6680,8.0031,7.4464,7.0793,7.4775,9
2460878.738917,-7.2571,-37.4476,8.0031,7.4464,7.0793,7.4775,9
2460878.767987,-6.2702,-29.7440,8.0031,7.4464,7.0793,7.4775,9
2460879.502617,5.3878,-23.5597,8.0031,7.4464,7.0793,7.4775,9
2460879.563547,-7.2793,-33.9093,8.0031,7.4464,7.0793,7.4775,9
2460879.579907,-4.0671,-32.7052,8.0031,7.4464,7.0793,7.4775,9
2460879.598147,3.9485,-49.6015,8.0031,7.4464,7.0793,7.4775,9
2460879.615157,3.3387,-35.5346,8.0031,7.4464,7.0793,7.4775,9
2460879.631677,-9.6824,-35.0586,8.0031,7.4464,7.0793,7.4775,9
2460879.658537,-15.9870,-45.1417,8.0031,7.4464,7.0793,7.4775,9
2460879.743207,2.3948,-32.4757,8.0031,7.4464,7.0793,7.4775,9
2460880.606677,-10.0238,-38.7364,8.0031,7.4464,7.0793,7.4775,9
2460881.506777,-15.8319,-44.8986,8.0031,7.4464,7.0793,7.4775,9
2460881.590517,-19.3247,-48.8713,8.0031,7.4464,7.0793,7.4775,9
2460881.624977,-15.9119,-45.8006,8.0031,7.4464,7.0793,7.4775,9
2460881.641797,-15.8080,-48.2219,8.0031,7.4464,7.0793,7.4775,9
2460881.668797,-1.9788,-42.5291,8.0031,7.4464,7.0793,7.4775,9
2460881.735607,-6.7727,-43.9037,8.0031,7.4464,7.0793,7.4775,9
2460882.467477,3.0227,-35.7259,8.0031,7.4464,7.0793,7.4775,9
2460882.517517,5.9435,-41.3961,8.0031,7.4464,7.0793,7.4775,9
2460882.596557,-8.0984,-42.9488,8.0031,7.4464,7.0793,7.4775,9
2460882.657687,1.4974,-47.6562,8.0031,7.4464,7.0793,7.4775,9
2460882.674487,-12.7805,-32.8141,8.0031,7.4464,7.0793,7.4775,9
2460882.708477,-6.8355,-37.8441,8.0031,7.4464,7.0793,7.4775,9
2460882.725747,7.0349,-28.8442,8.0031,7.4464,7.0793,7.4775,9
2460884.482117,-17.2942,-49.6106,8.0031,7.4464,7.0793,7.4775,9
2460884.543807,-19.7281,-23.2350,8.0031,7.4464,7.0793,7.4775,9
2460886.598837,2.7330,-26.9263,8.0031,7.4464,7.0793,7.4775,9
2460886.615637,-11.4410,-27.8820,8.0031,7.4464,7.0793,7.4775,9
2460894.489987,-14.6668,-33.8419,8.0031,7.4464,7.0793,7.4775,9
2460894.507267,-7.2934,-39.8415,8.0031,7.4464,7.0793,7.4775,9
2460894.510247,-4.3489,-31.9728,8.0031,7.4464,7.0793,7.4775,9
2460894.525557,-10.8459,-38.5352,8.0031,7.4464,7.0793,7.4775,9
2460894.542337,-5.3547,-37.6639,8.0031,7.4464,7.0793,7.4775,9
2460894.588457,-17.3246,-37.0249,8.0031,7.4464,7.0793,7.4775,9
2460894.606607,-9.7927,-36.2851,8.0031,7.4464,7.0793,7.4775,9
2460894.623047,-5.7867,-41.8341,8.0031,7.4464,7.0793,7.4775,9
2460894.642907,-1.1142,-29.4743,8.0031,7.4464,7.0793,7.4775,9
2460894.659897,0.3766,-54.1737,8.0031,7.4464,7.0793,7.4775,9
2460894.690087,-14.8598,-24.0424,8.0031,7.4464,7.0793,7.4775,9
2460894.708577,-7.3404,-36.7981,8.0031,7.4464,7.0793,7.4775,9
2460895.477587,-10.4138,-35.3719,8.0031,7.4464,7.0793,7.4775,9
2460895.510987,-6.5376,-42.0483,8.0031,7.4464,7.0793,7.4775,9
2460895.543507,-9.0951,-44.4639,8.0031,7.4464,7.0793,7.4775,9
2460895.560067,-13.2716,-31.5811,8.0031,7.4464,7.0793,7.4775,9
2460895.576687,-12.2968,-35.8752,8.0031,7.4464,7.0793,7.4775,9
2460895.595847,-12.7322,-50.9141,8.0031,7.4464,7.0793,7.4775,9
2460895.612557,-3.9167,-50.5880,8.0031,7.4464,7.0793,7.4775,9
2460895.674467,-16.2039,-24.6181,8.0031,7.4464,7.0793,7.4775,9
2460895.691507,-0.1112,-43.7917,8.0031,7.4464,7.0793,7.4775,9
2460895.709167,-10.8667,-46.4864,8.0031,7.4464,7.0793,7.4775,9
2460896.466007,-8.5085,-24.8319,8.0031,7.4464,7.0793,7.4775,9
2460896.493297,-10.9588,-24.7716,8.0031,7.4464,7.0793,7.4775,9
2460896.514637,-14.3834,-28.3290,8.0031,7.4464,7.0793,7.4775,9
2460896.531677,-2.0384,-32.0109,8.0031,7.4464,7.0793,7.4775,9
2460896.552997,-0.8068,-33.0168,8.0031,7.4464,7.0793,7.4775,9
2460896.570587,-14.2729,-41.0374,8.0031,7.4464,7.0793,7.4775,9
2460896.587317,11.7761,-46.0994,8.0031,7.4464,7.0793,7.4775,9
2460896.620277,6.9477,-32.8845,8.0031,7.4464,7.0793,7.4775,9
2460896.703777,-5.0935,-35.8733,8.0031,7.4464,7.0793,7.4775,9
2460897.490197,0.9441,-43.5984,8.0031,7.4464,7.0793,7.4775,9
2460898.475727,-9.8992,-50.3873,8.0031,7.4464,7.0793,7.4775,9
2460898.513607,-20.9044,-38.3489,8.0031,7.4464,7.0793,7.4775,9
2460898.540667,-6.0699,-33.9829,8.0031,7.4464,7.0793,7.4775,9
2460898.557367,0.3355,-31.4515,8.0031,7.4464,7.0793,7.4775,9
2460898.627107,-11.3524,-41.3005,8.0031,7.4464,7.0793,7.4775,9
2460898.654077,-11.6848,-45.3521,8.0031,7.4464,7.0793,7.4775,9
2460898.670997,-11.9731,-35.3180,8.0031,7.4464,7.0793,7.4775,9
2460898.689137,5.5156,-39.1891,8.0031,7.4464,7.0793,7.4775,9
2460898.706497,-5.2587,-33.9139,8.0031,7.4464,7.0793,7.4775,9
2460899.482117,-5.4215,-29.3023,8.0031,7.4464,7.0793,7.4775,9
2460899.556287,-6.7208,-30.5979,8.0031,7.4464,7.0793,7.4775,9
2460899.590197,-0.8482,-42.0273,8.0031,7.4464,7.0793,7.4775,9
2460899.608057,-2.9623,-45.2920,8.0031,7.4464,7.0793,7.4775,9
2460899.624987,-10.2969,-34.4631,8.0031,7.4464,7.0793,7.4775,9
2460899.652457,7.0966,-28.1460,8.0031,7.4464,7.0793,7.4775,9
2460899.669737,-14.8724,-43.3983,8.0031,7.4464,7.0793,7.4775,9
2460899.672677,-10.7985,-25.6843,8.0031,7.4464,7.0793,7.4775,9
2460899.694007,-8.3998,-35.3675,8.0031,7.4464,7.0793,7.4775,9
2460899.711967,-12.7136,-29.8829,8.0031,7.4464,7.0793,7.4775,9
2460900.475047,-5.6239,-38.1727,8.0031,7.4464,7.0793,7.4775,9
2460900.502887,-7.8920,-39.6063,8.0031,7.4464,7.0793,7.4775,9
2460900.549847,-2.6687,-30.4590,8.0031,7.4464,7.0793,7.4775,9
2460900.600897,2.0398,-29.9017,8.0031,7.4464,7.0793,7.4775,9
2460900.631467,-4.8480,-37.2572,8.0031,7.4464,7.0793,7.4775,9
2460900.648467,1.0269,-38.2764,8.0031,7.4464,7.0793,7.4775,9
2460900.664917,-9.8577,-28.3049,8.0031,7.4464,7.0793,7.4775,9
2460900.682417,1.1500,-38.9141,8.0031,7.4464,7.0793,7.4775,9
2460901.551907,-14.4187,-49.4990,8.0031,7.4464,7.0793,7.4775,9
2460901.568677,-15.1769,-34.0049,8.0031,7.4464,7.0793,7.4775,9
2460901.585367,-17.4383,-28.2801,8.0031,7.4464,7.0793,7.4775,9
2460901.612147,-17.5294,-35.2991,8.0031,7.4464,7.0793,7.4775,9
2460901.633097,1.3701,-37.4903,8.0031,7.4464,7.0793,7.4775,9
2460901.655077,-18.9633,-40.3830,8.0031,7.4464,7.0793,7.4775,9
2460901.672017,-3.8715,-45.1472,8.0031,7.4464,7.0793,7.4775,9
2460902.523807,-6.5916,-45.0111,8.0031,7.4464,7.0793,7.4775,9
2460902.558717,-1.3715,-37.8543,8.0031,7.4464,7.0793,7.4775,9
2460904.465057,1.0134,-34.8354,8.0031,7.4464,7.0793,7.4775,9
2460904.486137,-10.9966,-50.0848,8.0031,7.4464,7.0793,7.4775,9
2460904.547597,-10.9293,-40.9861,8.0031,7.4464,7.0793,7.4775,9
2460904.607167,2.0608,-32.5759,8.0031,7.4464,7.0793,7.4775,9
2460904.627217,-4.2349,-45.0598,8.0031,7.4464,7.0793,7.4775,9
2460907.562157,-1.8233,-46.9141,8.0031,7.4464,7.0793,7.4775,9
2460907.598887,7.8887,-41.9369,8.0031,7.4464,7.0793,7.4775,9
2460908.490087,-4.9494,-21.0838,8.0031,7.4464,7.0793,7.4775,9
2460908.508577,4.4827,-36.6995,8.0031,7.4464,7.0793,7.4775,9
2460908.554007,-14.1763,-37.9142,8.0031,7.4464,7.0793,7.4775,9
2460908.572477,-14.8045,-47.4572,8.0031,7.4464,7.0793,7.4775,9
2460908.589587,-0.8698,-35.9747,8.0031,7.4464,7.0793,7.4775,9
2460908.607917,-13.3353,-40.7067,8.0031,7.4464,7.0793,7.4775,9
2460908.613447,-22.4560,-42.7076,8.0031,7.4464,7.0793,7.4775,9
2460908.626427,6.5238,-42.8350,8.0031,7.4464,7.0793,7.4775,9
2460908.656167,-17.4018,-38.6419,8.0031,7.4464,7.0793,7.4775,9
2460908.673077,-0.2886,-36.2878,8.0031,7.4464,7.0793,7.4775,9
2460911.484827,5.9061,-47.7528,8.0031,7.4464,7.0793,7.4775,9
2460911.569647,-1.3786,-39.0477,8.0031,7.4464,7.0793,7.4775,9
2460911.604517,1.9763,-37.0885,8.0031,7.4464,7.0793,7.4775,9
2460912.546617,-19.3393,-45.7505,8.0031,7.4464,7.0793,7.4775,9
2460912.583097,-4.1585,-47.7233,8.0031,7.4464,7.0793,7.4775,9
2460912.625167,10.0767,-31.6201,8.0031,7.4464,7.0793,7.4775,9
2460912.642257,12.0500,-20.4062,8.0031,7.4464,7.0793,7.4775,9
2460913.508647,-12.0953,-52.2891,8.0031,7.4464,7.0793,7.4775,9
2460913.525887,9.9463,-24.3949,8.0031,7.4464,7.0793,7.4775,9
2460913.544587,-11.7104,-54.4756,8.0031,7.4464,7.0793,7.4775,9
2460913.566057,-22.2429,-53.3664,8.0031,7.4464,7.0793,7.4775,9
2460913.583097,-16.1175,-32.6060,8.0031,7.4464,7.0793,7.4775,9
2460913.613707,-7.5889,-32.1140,8.0031,7.4464,7.0793,7.4775,9
2460913.630947,-17.6328,-31.0971,8.0031,7.4464,7.0793,7.4775,9
2460913.647787,-12.7733,-37.7738,8.0031,7.4464,7.0793,7.4775,9
2460913.664907,-3.2968,-38.6367,8.0031,7.4464,7.0793,7.4775,9
2460914.475297,-7.7990,-47.2291,8.0031,7.4464,7.0793,7.4775,9
2460914.502387,-7.7752,-40.2070,8.0031,7.4464,7.0793,7.4775,9
2460914.520767,-15.7336,-51.7339,8.0031,7.4464,7.0793,7.4775,9
2460914.537587,-9.2833,-36.9052,8.0031,7.4464,7.0793,7.4775,9
2460914.571217,-12.0665,-43.5993,8.0031,7.4464,7.0793,7.4775,9
2460914.601527,-8.0138,-52.9946,8.0031,7.4464,7.0793,7.4775,9
2460914.617967,-2.0450,-53.0387,8.0031,7.4464,7.0793,7.4775,9
2460914.620817,-17.3470,-39.5566,8.0031,7.4464,7.0793,7.4775,9
2460914.678107,4.9869,-33.8694,8.0031,7.4464,7.0793,7.4775,9
2460915.505997,-14.5229,-44.1715,8.0031,7.4464,7.0793,7.4775,9
2460915.522647,-3.7327,-33.4012,8.0031,7.4464,7.0793,7.4775,9
2460915.542117,-15.6265,-24.2854,8.0031,7.4464,7.0793,7.4775,9
2460915.558747,-11.2486,-44.6893,8.0031,7.4464,7.0793,7.4775,9
2460915.576897,-12.9282,-44.9635,8.0031,7.4464,7.0793,7.4775,9
2460915.605117,-15.4253,-28.8432,8.0031,7.4464,7.0793,7.4775,9
2460915.621967,-14.4989,-46.7451,8.0031,7.4464,7.0793,7.4775,9
2460915.638697,-20.8347,-40.5268,8.0031,7.4464,7.0793,7.4775,9
2460915.672347,2.6302,-29.0929,8.0031,7.4464,7.0793,7.4775,9
2460916.531797,-9.0473,-56.9811,8.0031,7.4464,7.0793,7.4775,9
2460916.548677,-9.1674,-29.8267,8.0031,7.4464,7.0793,7.4775,9
2460916.594297,-7.8854,-42.0353,8.0031,7.4464,7.0793,7.4775,9
2460916.663207,-4.7841,-32.3129,8.0031,7.4464,7.0793,7.4775,9
2460922.496067,-5.2678,-42.5826,8.0031,7.4464,7.0793,7.4775,9
2460923.577257,-11.6906,-32.5861,8.0031,7.4464,7.0793,7.4775,9
2460924.481007,7.0967,-43.1072,8.0031,7.4464,7.0793,7.4775,9
2460924.500337,-0.7586,-41.6695,8.0031,7.4464,7.0793,7.4775,9
2460924.517707,-4.5893,-35.2860,8.0031,7.4464,7.0793,7.4775,9
2460924.549247,-2.3328,-36.4632,8.0031,7.4464,7.0793,7.4775,9
2460924.566537,-11.4398,-31.4662,8.0031,7.4464,7.0793,7.4775,9
2460924.583687,-15.8642,-47.1672,8.0031,7.4464,7.0793,7.4775,9
2460924.600307,-17.4214,-36.5902,8.0031,7.4464,7.0793,7.4775,9
2460924.616917,-4.9740,-40.6504,8.0031,7.4464,7.0793,7.4775,9
2460925.472887,-7.6038,-19.7050,8.0031,7.4464,7.0793,7.4775,9
2460927.482517,-18.1652,-35.8843,8.0031,7.4464,7.0793,7.4775,9
2460927.499507,-1.8829,-37.6142,8.0031,7.4464,7.0793,7.4775,9
2460927.516137,0.5758,-35.0702,8.0031,7.4464,7.0793,7.4775,9
2460927.533127,-4.4156,-46.2798,8.0031,7.4464,7.0793,7.4775,9
2460927.560517,-9.9799,-37.0548,8.0031,7.4464,7.0793,7.4775,9
2460927.578867,-5.4977,-40.1495,8.0031,7.4464,7.0793,7.4775,9
2460927.597147,-6.0735,-39.7914,8.0031,7.4464,7.0793,7.4775,9
2460927.615907,-10.8163,-39.0014,8.0031,7.4464,7.0793,7.4775,9
2460927.633017,-7.4900,-40.2192,8.0031,7.4464,7.0793,7.4775,9
2460928.527917,-14.9624,-40.4758,8.0031,7.4464,7.0793,7.4775,9
2460928.530997,-7.4336,-39.2397,8.0031,7.4464,7.0793,7.4775,9
2460928.546247,-15.9749,-41.6207,8.0031,7.4464,7.0793,7.4775,9
2460928.563457,-0.3119,-29.0102,8.0031,7.4464,7.0793,7.4775,9
2460928.579917,-20.5609,-24.9341,8.0031,7.4464,7.0793,7.4775,9
2460929.475437,-6.0437,-39.1371,8.0031,7.4464,7.0793,7.4775,9
2460929.511027,-14.5429,-37.4437,8.0031,7.4464,7.0793,7.4775,9
2460929.537737,0.3198,-33.2577,8.0031,7.4464,7.0793,7.4775,9
2460929.611567,-16.6079,-22.0709,8.0031,7.4464,7.0793,7.4775,9
2460929.628567,-20.7842,-45.3166,8.0031,7.4464,7.0793,7.4775,9
2460930.505047,-15.5421,-36.1452,8.0031,7.4464,7.0793,7.4775,9
2460930.522537,-6.0532,-33.8926,8.0031,7.4464,7.0793,7.4775,9
2460930.540967,-15.4886,-40.4980,8.0031,7.4464,7.0793,7.4775,9
2460930.559577,-1.8664,-39.0218,8.0031,7.4464,7.0793,7.4775,9
2460930.577677,-1.3409,-37.3232,8.0031,7.4464,7.0793,7.4775,9
2460930.605497,-4.8696,-48.9210,8.0031,7.4464,7.0793,7.4775,9
2460930.627237,8.9757,-42.5812,8.0031,7.4464,7.0793,7.4775,9
2460931.514567,-8.3311,-55.6317,8.0031,7.4464,7.0793,7.4775,9
2460931.533797,-8.1839,-48.8615,8.0031,7.4464,7.0793,7.4775,9
2460931.561627,-0.0489,-28.1802,8.0031,7.4464,7.0793,7.4775,9
2460931.564347,6.5843,-24.2395,8.0031,7.4464,7.0793,7.4775,9
2460931.581257,1.5606,-38.5781,8.0031,7.4464,7.0793,7.4775,9
2460931.598287,2.7969,-19.5467,8.0031,7.4464,7.0793,7.4775,9
2460931.615257,-7.7912,-34.6616,8.0031,7.4464,7.0793,7.4775,9
2460932.504817,-4.6835,-37.9237,8.0031,7.4464,7.0793,7.4775,9
2460932.521467,-6.9784,-43.6712,8.0031,7.4464,7.0793,7.4775,9
2460932.538497,-18.6223,-33.5515,8.0031,7.4464,7.0793,7.4775,9
2460932.565277,-13.0095,-50.0027,8.0031,7.4464,7.0793,7.4775,9
2460933.484387,-11.3355,-29.3308,8.0031,7.4464,7.0793,7.4775,9
2460933.501357,6.4969,-38.1211,8.0031,7.4464,7.0793,7.4775,9
2460933.519587,-4.0783,-33.4612,8.0031,7.4464,7.0793,7.4775,9
2460933.583527,-2.3304,-37.4161,8.0031,7.4464,7.0793,7.4775,9
2460933.601677,-5.2017,-29.6334,8.0031,7.4464,7.0793,7.4775,9
2460933.619967,-2.8005,-46.0295,8.0031,7.4464,7.0793,7.4775,9
2460934.570587,-25.1806,-35.7578,8.0031,7.4464,7.0793,7.4775,9
2460934.614697,-21.6078,-37.8619,8.0031,7.4464,7.0793,7.4775,9
2460935.501667,4.1851,-27.0639,8.0031,7.4464,7.0793,7.4775,9
2460935.518797,-24.1332,-41.3291,8.0031,7.4464,7.0793,7.4775,9
2460935.554547,-13.3836,-36.5139,8.0031,7.4464,7.0793,7.4775,9
2460935.581767,-3.0878,-44.5309,8.0031,7.4464,7.0793,7.4775,9
2460935.598517,5.1228,-38.4989,8.0031,7.4464,7.0793,7.4775,9
2460936.486087,-6.8725,-30.1767,8.0031,7.4464,7.0793,7.4775,9
2460936.530617,-8.9118,-34.1329,8.0031,7.4464,7.0793,7.4775,9
2460936.547657,-10.7773,-28.4773,8.0031,7.4464,7.0793,7.4775,9
2460936.564397,-9.5007,-42.6346,8.0031,7.4464,7.0793,7.4775,9
2460936.581297,-15.5467,-44.7887,8.0031,7.4464,7.0793,7.4775,9
2460937.526937,-6.8385,-46.8961,8.0031,7.4464,7.0793,7.4775,9
2460937.555407,-16.4190,-46.7533,8.0031,7.4464,7.0793,7.4775,9
2460937.588367,-17.2789,-41.1508,8.0031,7.4464,7.0793,7.4775,9
2460941.539947,-14.8038,-40.9479,8.0031,7.4464,7.0793,7.4775,9
2460941.558117,-23.7505,-42.4219,8.0031,7.4464,7.0793,7.4775,9
2460941.574427,-5.5767,-38.8748,8.0031,7.4464,7.0793,7.4775,9
2460941.594087,3.7295,-42.0868,8.0031,7.4464,7.0793,7.4775,9
2460942.510237,-12.7622,-48.1280,8.0031,7.4464,7.0793,7.4775,9
2460942.527067,-17.0413,-39.6611,8.0031,7.4464,7.0793,7.4775,9
2460942.560977,-8.9545,-33.9370,8.0031,7.4464,7.0793,7.4775,9
2460942.564937,-16.8140,-26.8445,8.0031,7.4464,7.0793,7.4775,9
2460942.581327,3.2265,-40.5019,8.0031,7.4464,7.0793,7.4775,9
2460943.545957,-13.3678,-40.5155,8.0031,7.4464,7.0793,7.4775,9
2460943.562747,-12.2041,-26.9956,8.0031,7.4464,7.0793,7.4775,9
2460943.589687,-18.4946,-29.5776,8.0031,7.4464,7.0793,7.4775,9
2460944.480407,-7.8615,-43.6176,8.0031,7.4464,7.0793,7.4775,9
2460944.497047,-7.6983,-35.1844,8.0031,7.4464,7.0793,7.4775,9
2460946.523357,-23.8121,-41.3658,8.0031,7.4464,7.0793,7.4775,9
2460946.540247,-4.4206,-40.1800,8.0031,7.4464,7.0793,7.4775,9
2460946.557737,-18.0161,-37.6061,8.0031,7.4464,7.0793,7.4775,9
2460946.574267,-15.5884,-40.0449,8.0031,7.4464,7.0793,7.4775,9
2460949.508137,-23.1854,-27.9880,8.0031,7.4464,7.0793,7.4775,9
2460949.548607,-13.5807,-31.9718,8.0031,7.4464,7.0793,7.4775,9
2460949.565897,-9.2879,-33.7790,8.0031,7.4464,7.0793,7.4775,9
2460949.582287,5.0257,-42.2327,8.0031,7.4464,7.0793,7.4775,9
2460950.491357,-12.6332,-28.8236,8.0031,7.4464,7.0793,7.4775,9
2460950.517977,-20.9356,-46.3789,8.0031,7.4464,7.0793,7.4775,9
2460950.538837,-11.7077,-37.3740,8.0031,7.4464,7.0793,7.4775,9
2460950.556897,-11.7188,-30.0153,8.0031,7.4464,7.0793,7.4775,9
2460951.493367,-8.8476,-29.4325,8.0031,7.4464,7.0793,7.4775,9
2460951.510697,-16.9506,-38.9727,8.0031,7.4464,7.0793,7.4775,9
2460951.527417,-15.4644,-30.5286,8.0031,7.4464,7.0793,7.4775,9
2460951.559267,-11.3964,-44.3065,8.0031,7.4464,7.0793,7.4775,9
2460952.485607,2.3124,-30.6090,8.0031,7.4464,7.0793,7.4775,9
2460952.505657,-15.7059,-44.4996,8.0031,7.4464,7.0793,7.4775,9
2460952.521827,-6.0008,-37.4476,8.0031,7.4464,7.0793,7.4775,9
2460952.567767,-0.5989,-40.3539,8.0031,7.4464,7.0793,7.4775,9
2460953.495367,-24.0721,-33.3786,8.0031,7.4464,7.0793,7.4775,9
2460953.512547,-12.0951,-42.3281,8.0031,7.4464,7.0793,7.4775,9
2460953.532607,-5.4380,-37.8484,8.0031,7.4464,7.0793,7.4775,9
2460953.556337,-17.8481,-33.1550,8.0031,7.4464,7.0793,7.4775,9
2460954.503477,-12.1533,-32.6927,8.0031,7.4464,7.0793,7.4775,9
2460954.539697,-16.8633,-40.2094,8.0031,7.4464,7.0793,7.4775,9
2460956.496987,-12.7108,-44.7939,8.0031,7.4464,7.0793,7.4775,9
2460956.499827,-5.8223,-36.3747,8.0031,7.4464,7.0793,7.4775,9
2460956.514987,-10.5407,-28.6674,8.0031,7.4464,7.0793,7.4775,9
2460956.560127,-11.2433,-30.6494,8.0031,7.4464,7.0793,7.4775,9
2460957.497257,2.1901,-41.4334,8.0031,7.4464,7.0793,7.4775,9
2460957.514017,-18.4046,-35.4284,8.0031,7.4464,7.0793,7.4775,9
2460958.525697,-20.0796,-37.4316,8.0031,7.4464,7.0793,7.4775,9
2460958.544337,-10.2097,-23.8972,8.0031,7.4464,7.0793,7.4775,9
2460959.505487,-6.8839,-40.7231,8.0031,7.4464,7.0793,7.4775,9
2460959.549607,2.0947,-42.9150,8.0031,7.4464,7.0793,7.4775,9
2460960.552127,-13.0359,-26.2781,8.0031,7.4464,7.0793,7.4775,9
2460961.535907,-5.4348,-40.9340,8.0031,7.4464,7.0793,7.4775,9
2460962.525147,-15.4540,-28.6782,8.0031,7.4464,7.0793,7.4775,9
2460964.524087,-14.5355,-38.0984,8.0031,7.4464,7.0793,7.4775,9
2460964.541027,-11.1486,-38.6114,8.0031,7.4464,7.0793,7.4775,9
2460966.505937,-14.1891,-38.4291,8.0031,7.4464,7.0793,7.4775,9
2460966.522357,-20.2373,-41.2154,8.0031,7.4464,7.0793,7.4775,9
2460967.507907,-3.0940,-33.6052,8.0031,7.4464,7.0793,7.4775,9
2460968.516817,-7.7267,-32.5336,8.0031,7.4464,7.0793,7.4775,9
2460969.506967,-13.5310,-35.1727,8.0031,7.4464,7.0793,7.4775,9
2461091.874277,-3.1597,-52.0002,8.0031,7.4464,7.9842,7.2708,10
2461091.891447,-1.4791,-45.0018,8.0031,7.4464,7.9842,7.2708,10
2461092.896077,-14.2058,-49.5659,8.0031,7.4464,7.9842,7.2708,10
2461093.858177,-6.4210,-40.5989,8.0031,7.4464,7.9842,7.2708,10
2461093.894697,-13.6717,-49.2417,8.0031,7.4464,7.9842,7.2708,10
2461094.877537,-7.7736,-39.6095,8.0031,7.4464,7.9842,7.2708,10
2461094.895787,-4.6438,-42.7509,8.0031,7.4464,7.9842,7.2708,10
2461095.882837,2.7177,-37.8991,8.0031,7.4464,7.9842,7.2708,10
2461095.899537,-8.1580,-37.9654,8.0031,7.4464,7.9842,7.2708,10
2461096.886427,-10.4012,-54.3632,8.0031,7.4464,7.9842,7.2708,10
2461098.852567,-0.4830,-47.4676,8.0031,7.4464,7.9842,7.2708,10
2461098.885297,-5.5718,-48.3221,8.0031,7.4464,7.9842,7.2708,10
2461098.901777,-3.5101,-43.3930,8.0031,7.4464,7.9842,7.2708,10
2461099.877667,-16.4007,-43.1242,8.0031,7.4464,7.9842,7.2708,10
2461101.843007,-14.0428,-47.8692,8.0031,7.4464,7.9842,7.2708,10
2461101.886797,-6.9578,-47.0555,8.0031,7.4464,7.9842,7.2708,10
2461101.903757,-2.7463,-35.2930,8.0031,7.4464,7.9842,7.2708,10
2461102.860537,-13.0960,-33.4907,8.0031,7.4464,7.9842,7.2708,10
2461102.887527,-3.6493,-48.9000,8.0031,7.4464,7.9842,7.2708,10
2461103.831257,-2.1253,-40.6388,8.0031,7.4464,7.9842,7.2708,10
2461103.849327,-6.8786,-50.8563,8.0031,7.4464,7.9842,7.2708,10
2461104.845687,-7.6630,-40.5904,8.0031,7.4464,7.9842,7.2708,10
2461104.882967,-16.0378,-44.6388,8.0031,7.4464,7.9842,7.2708,10
2461105.826857,-9.7967,-43.3717,8.0031,7.4464,7.9842,7.2708,10
2461105.843997,-6.4358,-42.0862,8.0031,7.4464,7.9842,7.2708,10
2461105.860527,-12.4286,-45.2856,8.0031,7.4464,7.9842,7.2708,10
2461105.863397,-7.5574,-37.2358,8.0031,7.4464,7.9842,7.2708,10
2461106.829627,-12.4419,-50.2494,8.0031,7.4464,7.9842,7.2708,10
2461106.846427,-14.1468,-50.0073,8.0031,7.4464,7.9842,7.2708,10
2461106.865277,-0.8970,-50.4878,8.0031,7.4464,7.9842,7.2708,10
2461106.882147,-0.0580,-32.4756,8.0031,7.4464,7.9842,7.2708,10
2461107.903107,-7.6265,-49.1057,8.0031,7.4464,7.9842,7.2708,10
2461108.826787,-10.6123,-46.9715,8.0031,7.4464,7.9842,7.2708,10
2461108.844047,-10.4271,-48.3478,8.0031,7.4464,7.9842,7.2708,10
2461108.861287,-14.1269,-50.2065,8.0031,7.4464,7.9842,7.2708,10
2461108.888847,-2.7285,-47.5606,8.0031,7.4464,7.9842,7.2708,10
2461108.906017,-9.1191,-36.8423,8.0031,7.4464,7.9842,7.2708,10
2461109.821387,-13.0566,-44.9678,8.0031,7.4464,7.9842,7.2708,10
2461109.838037,-8.8862,-45.6439,8.0031,7.4464,7.9842,7.2708,10
2461109.865757,-6.7744,-41.9741,8.0031,7.4464,7.9842,7.2708,10
2461109.885167,-11.4528,-42.4148,8.0031,7.4464,7.9842,7.2708,10
2461109.902937,-10.4363,-52.9280,8.0031,7.4464,7.9842,7.2708,10
2461112.840767,-13.8524,-48.8437,8.0031,7.4464,7.9842,7.2708,10
2461112.862137,-11.8244,-38.6212,8.0031,7.4464,7.9842,7.2708,10
2461112.878767,-17.1263,-31.6836,8.0031,7.4464,7.9842,7.2708,10
2461112.897287,-12.0533,-37.3743,8.0031,7.4464,7.9842,7.2708,10
2461113.820287,-8.9885,-39.7488,8.0031,7.4464,7.9842,7.2708,10
2461113.838607,-19.3451,-52.9016,8.0031,7.4464,7.9842,7.2708,10
2461113.855207,-15.6921,-53.4537,8.0031,7.4464,7.9842,7.2708,10
2461113.872397,-7.0691,-38.3138,8.0031,7.4464,7.9842,7.2708,10
2461113.893257,-19.1251,-41.8567,8.0031,7.4464,7.9842,7.2708,10
2461114.834357,-14.7895,-44.5194,8.0031,7.4464,7.9842,7.2708,10
2461114.851277,-16.2197,-47.2602,8.0031,7.4464,7.9842,7.2708,10
2461114.878237,-16.2719,-47.6582,8.0031,7.4464,7.9842,7.2708,10
2461114.895507,-17.9586,-40.1729,8.0031,7.4464,7.9842,7.2708,10
2461115.807347,-7.7029,-48.9839,8.0031,7.4464,7.9842,7.2708,10
2461115.834387,-7.5844,-33.7374,8.0031,7.4464,7.9842,7.2708,10
2461115.851147,-6.2585,-44.7413,8.0031,7.4464,7.9842,7.2708,10
2461115.853997,-18.6134,-50.5897,8.0031,7.4464,7.9842,7.2708,10
2461115.872367,-5.8079,-32.4711,8.0031,7.4464,7.9842,7.2708,10
2461115.889447,-12.1375,-34.8760,8.0031,7.4464,7.9842,7.2708,10
2461115.906567,-18.8282,-51.0895,8.0031,7.4464,7.9842,7.2708,10
2461116.844907,-3.9967,-40.8989,8.0031,7.4464,7.9842,7.2708,10
2461116.861957,-0.5747,-43.4247,8.0031,7.4464,7.9842,7.2708,10
2461116.906507,-16.0927,-41.8953,8.0031,7.4464,7.9842,7.2708,10
2461117.811907,-7.0491,-43.9578,8.0031,7.4464,7.9842,7.2708,10
2461117.856527,3.1877,-42.2919,8.0031,7.4464,7.9842,7.2708,10
2461117.873437,-6.9706,-37.4554,8.0031,7.4464,7.9842,7.2708,10
2461117.890247,-19.0393,-49.9303,8.0031,7.4464,7.9842,7.2708,10
2461117.907337,-16.7093,-52.8509,8.0031,7.4464,7.9842,7.2708,10
2461118.804997,-8.5575,-56.4352,8.0031,7.4464,7.9842,7.2708,10
2461118.838357,-0.7880,-47.2375,8.0031,7.4464,7.9842,7.2708,10
2461118.855377,-3.3462,-47.9163,8.0031,7.4464,7.9842,7.2708,10
2461119.781787,-9.6010,-36.1412,8.0031,7.4464,7.9842,7.2708,10
2461119.869517,-16.4866,-49.6127,8.0031,7.4464,7.9842,7.2708,10
2461119.888357,-13.7328,-45.1300,8.0031,7.4464,7.9842,7.2708,10
2461119.904897,-7.9045,-44.4912,8.0031,7.4464,7.9842,7.2708,10
2461120.832017,2.1054,-52.0114,8.0031,7.4464,7.9842,7.2708,10
2461120.882557,-4.8566,-29.4832,8.0031,7.4464,7.9842,7.2708,10
2461120.909957,-1.3572,-31.7817,8.0031,7.4464,7.9842,7.2708,10
2461121.866687,-13.9935,-46.2649,8.0031,7.4464,7.9842,7.2708,10
2461121.883117,-9.7260,-41.5071,8.0031,7.4464,7.9842,7.2708,10
2461122.889037,-16.0383,-43.5410,8.0031,7.4464,7.9842,7.2708,10
2461123.797947,-2.7161,-49.6395,8.0031,7.4464,7.9842,7.2708,10
2461123.843987,-11.4242,-36.9754,8.0031,7.4464,7.9842,7.2708,10
2461123.861877,-1.3099,-53.4375,8.0031,7.4464,7.9842,7.2708,10
2461123.878687,-9.4506,-36.0909,8.0031,7.4464,7.9842,7.2708,10
2461123.897167,-9.1885,-45.0540,8.0031,7.4464,7.9842,7.2708,10
2461123.913927,-13.8138,-42.0545,8.0031,7.4464,7.9842,7.2708,10
2461124.804817,-11.0582,-42.3954,8.0031,7.4464,7.9842,7.2708,10
2461124.821877,-9.3393,-47.9552,8.0031,7.4464,7.9842,7.2708,10
2461124.842987,-7.6457,-44.6341,8.0031,7.4464,7.9842,7.2708,10
2461124.860167,-13.3305,-46.6833,8.0031,7.4464,7.9842,7.2708,10
2461125.830647,-8.0119,-53.5462,8.0031,7.4464,7.9842,7.2708,10
2461125.847607,-19.2376,-56.1860,8.0031,7.4464,7.9842,7.2708,10
2461125.865617,-11.1438,-34.0752,8.0031,7.4464,7.9842,7.2708,10
2461125.884857,-14.9869,-54.0911,8.0031,7.4464,7.9842,7.2708,10
2461125.907287,-15.2647,-38.6631,8.0031,7.4464,7.9842,7.2708,10
2461126.780417,-7.2998,-42.8206,8.0031,7.4464,7.9842,7.2708,10
2461126.800607,-18.7529,-56.9410,8.0031,7.4464,7.9842,7.2708,10
2461126.837967,-3.4640,-33.5087,8.0031,7.4464,7.9842,7.2708,10
2461126.856107,1.2662,-34.1063,8.0031,7.4464,7.9842,7.2708,10
2461126.884807,-4.6574,-43.8433,8.0031,7.4464,7.9842,7.2708,10
2461127.772237,-19.4483,-53.0770,8.0031,7.4464,7.9842,7.2708,10
2461127.824807,-14.6378,-51.0935,8.0031,7.4464,7.9842,7.2708,10
2461127.904237,-15.3344,-39.2514,8.0031,7.4464,7.9842,7.2708,10
2461128.761127,3.4382,-38.8911,8.0031,7.4464,7.9842,7.2708,10
2461128.778147,-6.3280,-41.5858,8.0031,7.4464,7.9842,7.2708,10
2461128.796317,-9.2628,-39.8589,8.0031,7.4464,7.9842,7.2708,10
2461128.839927,-8.8270,-46.0524,8.0031,7.4464,7.9842,7.2708,10
2461128.889367,-16.4869,-39.4716,8.0031,7.4464,7.9842,7.2708,10
2461128.907887,-17.1287,-43.2004,8.0031,7.4464,7.9842,7.2708,10
2461129.762767,-1.0951,-41.7740,8.0031,7.4464,7.9842,7.2708,10
2461129.779897,-21.4034,-42.7513,8.0031,7.4464,7.9842,7.2708,10
2461129.800147,-9.0358,-34.5535,8.0031,7.4464,7.9842,7.2708,10
2461129.818457,-8.2494,-41.3348,8.0031,7.4464,7.9842,7.2708,10
2461129.862397,-18.9212,-39.8884,8.0031,7.4464,7.9842,7.2708,10
2461129.879807,-12.2782,-37.8552,8.0031,7.4464,7.9842,7.2708,10
2461129.903337,-9.1993,-27.3539,8.0031,7.4464,7.9842,7.2708,10
2461130.834277,-4.3706,-51.0764,8.0031,7.4464,7.9842,7.2708,10
2461130.851247,-7.3430,-32.5783,8.0031,7.4464,7.9842,7.2708,10
2461130.869007,-2.5788,-32.4703,8.0031,7.4464,7.9842,7.2708,10
2461130.897707,-15.2751,-45.7610,8.0031,7.4464,7.9842,7.2708,10
2461130.916037,-6.6994,-47.6887,8.0031,7.4464,7.9842,7.2708,10
2461131.763857,-0.4997,-36.8856,8.0031,7.4464,7.9842,7.2708,10
2461131.809117,-12.3072,-37.1444,8.0031,7.4464,7.9842,7.2708,10
2461131.825967,6.7018,-26.2368,8.0031,7.4464,7.9842,7.2708,10
2461131.842757,4.3038,-39.8982,8.0031,7.4464,7.9842,7.2708,10
2461131.859407,-7.2142,-39.6844,8.0031,7.4464,7.9842,7.2708,10
2461132.751047,0.0691,-44.7693,8.0031,7.4464,7.9842,7.2708,10
2461132.768067,-13.5549,-41.3998,8.0031,7.4464,7.9842,7.2708,10
2461132.784727,-9.4750,-30.2225,8.0031,7.4464,7.9842,7.2708,10
2461132.811897,1.4249,-37.8232,8.0031,7.4464,7.9842,7.2708,10
2461132.829967,-3.1643,-35.9108,8.0031,7.4464,7.9842,7.2708,10
2461132.846437,1.7295,-34.5780,8.0031,7.4464,7.9842,7.2708,10
2461132.864737,-0.9560,-27.6178,8.0031,7.4464,7.9842,7.2708,10
2461133.746137,-7.7252,-33.1965,8.0031,7.4464,7.9842,7.2708,10
2461133.763017,-5.4979,-55.4563,8.0031,7.4464,7.9842,7.2708,10
2461133.779777,-15.3517,-50.0101,8.0031,7.4464,7.9842,7.2708,10
2461133.796837,-11.1748,-44.6210,8.0031,7.4464,7.9842,7.2708,10
2461133.824447,4.7737,-30.5220,8.0031,7.4464,7.9842,7.2708,10
2461133.843127,-2.0020,-31.7289,8.0031,7.4464,7.9842,7.2708,10
2461133.860127,-3.2161,-41.5549,8.0031,7.4464,7.9842,7.2708,10
2461133.877617,-14.9070,-37.7585,8.0031,7.4464,7.9842,7.2708,10
2461133.896247,-4.4872,-47.5574,8.0031,7.4464,7.9842,7.2708,10
2461134.753097,-14.0222,-33.0319,8.0031,7.4464,7.9842,7.2708,10
2461134.864487,-6.5227,-47.4101,8.0031,7.4464,7.9842,7.2708,10
2461134.920957,-15.9426,-43.2327,8.0031,7.4464,7.9842,7.2708,10
2461135.743517,1.5149,-39.0432,8.0031,7.4464,7.9842,7.2708,10
2461135.759957,-3.8049,-43.9586,8.0031,7.4464,7.9842,7.2708,10
2461135.776907,-12.3305,-34.3069,8.0031,7.4464,7.9842,7.2708,10
2461135.796197,-9.4250,-41.4005,8.0031,7.4464,7.9842,7.2708,10
2461135.811607,-9.7138,-33.6349,8.0031,7.4464,7.9842,7.2708,10
2461135.851517,0.2606,-27.5216,8.0031,7.4464,7.9842,7.2708,10
2461135.902947,1.0039,-32.2886,8.0031,7.4464,7.9842,7.2708,10
2461135.920777,-11.4322,-39.5255,8.0031,7.4464,7.9842,7.2708,10
2461136.741907,-12.4183,-43.0391,8.0031,7.4464,7.9842,7.2708,10
2461136.794417,-17.0358,-45.9860,8.0031,7.4464,7.9842,7.2708,10
2461136.811097,-1.9543,-49.7184,8.0031,7.4464,7.9842,7.2708,10
2461136.827987,-5.8858,-42.3414,8.0031,7.4464,7.9842,7.2708,10
2461136.855377,-19.3629,-46.3625,8.0031,7.4464,7.9842,7.2708,10
2461136.873287,-19.1620,-54.0080,8.0031,7.4464,7.9842,7.2708,10
2461136.890787,-8.8091,-48.5937,8.0031,7.4464,7.9842,7.2708,10
2461136.907987,-6.7685,-47.6947,8.0031,7.4464,7.9842,7.2708,10
2461137.746447,-3.7899,-29.2115,8.0031,7.4464,7.9842,7.2708,10
2461137.763287,-1.1092,-36.1230,8.0031,7.4464,7.9842,7.2708,10
2461137.780197,0.3165,-32.3712,8.0031,7.4464,7.9842,7.2708,10
2461137.798477,-1.9203,-31.7063,8.0031,7.4464,7.9842,7.2708,10
2461137.815257,-1.4256,-31.8550,8.0031,7.4464,7.9842,7.2708,10
2461137.879847,-8.6203,-26.5449,8.0031,7.4464,7.9842,7.2708,10
2461137.897477,-7.3240,-34.0177,8.0031,7.4464,7.9842,7.2708,10
2461139.749877,4.9844,-33.0295,8.0031,7.4464,7.9842,7.2708,10
2461139.804777,-2.0397,-26.9030,8.0031,7.4464,7.9842,7.2708,10
2461139.821667,2.9102,-26.7030,8.0031,7.4464,7.9842,7.2708,10
2461139.841397,-10.9337,-28.6855,8.0031,7.4464,7.9842,7.2708,10
2461139.870297,-7.4700,-34.4846,8.0031,7.4464,7.9842,7.2708,10
2461139.891497,3.9819,-28.5385,8.0031,7.4464,7.9842,7.2708,10
2461139.908967,-0.8847,-26.4506,8.0031,7.4464,7.9842,7.2708,10
2461140.730687,-2.3460,-47.3557,8.0031,7.4464,7.9842,7.2708,10
2461140.792017,-6.5113,-35.7754,8.0031,7.4464,7.9842,7.2708,10
2461140.809337,-11.3675,-43.1002,8.0031,7.4464,7.9842,7.2708,10
2461140.826257,-13.8033,-52.0110,8.0031,7.4464,7.9842,7.2708,10
2461140.874787,-2.7311,-38.6327,8.0031,7.4464,7.9842,7.2708,10
2461141.805377,-15.6390,-46.8435,8.0031,7.4464,7.9842,7.2708,10
2461141.823297,-7.0399,-38.1453,8.0031,7.4464,7.9842,7.2708,10
2461141.850357,-15.8070,-47.8893,8.0031,7.4464,7.9842,7.2708,10
2461141.871237,5.2313,-50.2012,8.0031,7.4464,7.9842,7.2708,10
2461141.887957,-16.6889,-52.1569,8.0031,7.4464,7.9842,7.2708,10
2461141.925027,-6.5092,-34.5620,8.0031,7.4464,7.9842,7.2708,10
2461142.741727,-13.5804,-40.8454,8.0031,7.4464,7.9842,7.2708,10
2461142.764527,-12.7650,-46.0134,8.0031,7.4464,7.9842,7.2708,10
2461142.781437,1.3184,-54.9513,8.0031,7.4464,7.9842,7.2708,10
2461142.797767,-18.8381,-42.9631,8.0031,7.4464,7.9842,7.2708,10
2461142.814337,-13.7326,-50.2427,8.0031,7.4464,7.9842,7.2708,10
2461142.841347,-15.1549,-39.6202,8.0031,7.4464,7.9842,7.2708,10
2461142.857697,-14.8811,-33.4776,8.0031,7.4464,7.9842,7.2708,10
2461142.874237,-9.3564,-37.8920,8.0031,7.4464,7.9842,7.2708,10
2461142.890697,-4.6729,-35.6119,8.0031,7.4464,7.9842,7.2708,10
2461142.907837,-18.8763,-41.2336,8.0031,7.4464,7.9842,7.2708,10
2461142.924587,0.5399,-40.8689,8.0031,7.4464,7.9842,7.2708,10
2461143.744907,0.1280,-42.8684,8.0031,7.4464,7.9842,7.2708,10
2461143.778147,2.2489,-36.3502,8.0031,7.4464,7.9842,7.2708,10
2461143.875567,-7.4294,-53.8730,8.0031,7.4464,7.9842,7.2708,10
2461144.860737,4.7145,-43.6146,8.0031,7.4464,7.9842,7.2708,10
2461144.883827,-9.1717,-48.7579,8.0031,7.4464,7.9842,7.2708,10
2461144.905307,-4.0145,-50.1534,8.0031,7.4464,7.9842,7.2708,10
2461144.927817,-18.7917,-38.1692,8.0031,7.4464,7.9842,7.2708,10
2461145.727907,-14.5123,-41.8223,8.0031,7.4464,7.9842,7.2708,10
2461145.773737,-7.9142,-49.2002,8.0031,7.4464,7.9842,7.2708,10
2461145.791027,-13.4132,-39.0860,8.0031,7.4464,7.9842,7.2708,10
2461145.825067,0.2394,-41.8547,8.0031,7.4464,7.9842,7.2708,10
2461145.853157,-0.6091,-40.1542,8.0031,7.4464,7.9842,7.2708,10
2461145.869957,-20.8399,-42.1936,8.0031,7.4464,7.9842,7.2708,10
2461145.887777,-20.1491,-36.0185,8.0031,7.4464,7.9842,7.2708,10
2461145.904777,-7.8684,-36.5027,8.0031,7.4464,7.9842,7.2708,10
2461145.922257,-12.8338,-54.4321,8.0031,7.4464,7.9842,7.2708,10
2461146.733447,-0.5005,-49.4590,8.0031,7.4464,7.9842,7.2708,10
2461146.745807,-15.5564,-36.6426,8.0031,7.4464,7.9842,7.2708,10
2461146.827777,-7.0225,-38.8060,8.0031,7.4464,7.9842,7.2708,10
2461146.844297,-13.5271,-29.4461,8.0031,7.4464,7.9842,7.2708,10
2461146.878307,-20.6263,-30.8064,8.0031,7.4464,7.9842,7.2708,10
2461146.895837,-6.6256,-54.2493,8.0031,7.4464,7.9842,7.2708,10
2461146.922797,-15.7417,-49.3788,8.0031,7.4464,7.9842,7.2708,10
2461147.802757,-12.1684,-46.7731,8.0031,7.4464,7.9842,7.2708,10
2461147.820167,-4.6106,-39.0658,8.0031,7.4464,7.9842,7.2708,10
2461147.841507,-12.4923,-36.8837,8.0031,7.4464,7.9842,7.2708,10
2461147.913297,-16.0703,-41.5647,8.0031,7.4464,7.9842,7.2708,10
2461148.836867,-19.3935,-53.6107,8.0031,7.4464,7.9842,7.2708,10
2461148.919527,-1.6893,-40.8654,8.0031,7.4464,7.9842,7.2708,10
2461149.732637,-11.1021,-53.3098,8.0031,7.4464,7.9842,7.2708,10
2461149.751407,-19.6834,-43.2790,8.0031,7.4464,7.9842,7.2708,10
2461149.768777,-20.0505,-53.2741,8.0031,7.4464,7.9842,7.2708,10
2461149.789317,-7.7175,-47.5869,8.0031,7.4464,7.9842,7.2708,10
2461149.805977,-12.1630,-50.1352,8.0031,7.4464,7.9842,7.2708,10
2461149.833037,-6.7639,-46.7864,8.0031,7.4464,7.9842,7.2708,10
2461149.853647,2.7385,-27.0509,8.0031,7.4464,7.9842,7.2708,10
2461150.702927,-1.4679,-48.9121,8.0031,7.4464,7.9842,7.2708,10
2461150.757577,-15.5220,-42.5748,8.0031,7.4464,7.9842,7.2708,10
2461150.774587,-12.0088,-43.9829,8.0031,7.4464,7.9842,7.2708,10
2461150.791177,-9.5400,-42.1581,8.0031,7.4464,7.9842,7.2708,10
2461150.820977,-8.6114,-35.0667,8.0031,7.4464,7.9842,7.2708,10
2461150.840737,-7.7355,-47.7040,8.0031,7.4464,7.9842,7.2708,10
2461150.857487,-8.9418,-44.7462,8.0031,7.4464,7.9842,7.2708,10
2461150.873957,-8.1628,-49.8944,8.0031,7.4464,7.9842,7.2708,10
2461150.930687,-13.5127,-33.6954,8.0031,7.4464,7.9842,7.2708,10
2461151.794367,-4.2863,-36.6613,8.0031,7.4464,7.9842,7.2708,10
2461151.813077,-0.9097,-44.9958,8.0031,7.4464,7.9842,7.2708,10
2461151.829977,-12.1439,-40.2573,8.0031,7.4464,7.9842,7.2708,10
2461151.866457,-11.0388,-44.1660,8.0031,7.4464,7.9842,7.2708,10
2461151.915767,-17.8591,-39.9856,8.0031,7.4464,7.9842,7.2708,10
2461152.790317,-16.7613,-41.5854,8.0031,7.4464,7.9842,7.2708,10
2461152.807307,-2.6503,-41.2103,8.0031,7.4464,7.9842,7.2708,10
2461152.834747,-16.0553,-39.7290,8.0031,7.4464,7.9842,7.2708,10
2461152.851377,-3.3831,-50.5398,8.0031,7.4464,7.9842,7.2708,10
2461152.888017,-3.3690,-40.9548,8.0031,7.4464,7.9842,7.2708,10
2461152.904767,-15.2198,-43.8343,8.0031,7.4464,7.9842,7.2708,10
2461153.688757,-11.4422,-49.6362,8.0031,7.4464,7.9842,7.2708,10
2461153.707317,-5.6204,-54.9717,8.0031,7.4464,7.9842,7.2708,10
2461153.724347,-12.6378,-43.2658,8.0031,7.4464,7.9842,7.2708,10
2461153.742407,-8.7858,-42.7407,8.0031,7.4464,7.9842,7.2708,10
2461153.759107,2.3685,-34.0192,8.0031,7.4464,7.9842,7.2708,10
2461153.791687,-8.4091,-38.3644,8.0031,7.4464,7.9842,7.2708,10
2461153.809017,-6.5002,-35.8241,8.0031,7.4464,7.9842,7.2708,10
2461153.825997,-9.3389,-42.7709,8.0031,7.4464,7.9842,7.2708,10
2461153.843107,-6.5698,-31.9510,8.0031,7.4464,7.9842,7.2708,10
2461153.859797,-8.7961,-36.2473,8.0031,7.4464,7.9842,7.2708,10
2461153.862997,-10.6893,-39.0689,8.0031,7.4464,7.9842,7.2708,10
2461153.890577,-17.4221,-46.7028,8.0031,7.4464,7.9842,7.2708,10
2461153.907837,-3.1067,-42.7306,8.0031,7.4464,7.9842,7.2708,10
2461153.925267,-8.3000,-32.3796,8.0031,7.4464,7.9842,7.2708,10
2461154.699747,-15.6949,-45.0051,8.0031,7.4464,7.9842,7.2708,10
2461154.744167,1.3531,-29.3576,8.0031,7.4464,7.9842,7.2708,10
2461154.760747,-7.4401,-55.4774,8.0031,7.4464,7.9842,7.2708,10
2461154.780697,-0.7402,-42.7427,8.0031,7.4464,7.9842,7.2708,10
2461154.845727,-5.2395,-41.1485,8.0031,7.4464,7.9842,7.2708,10
2461154.863127,-8.5735,-34.1511,8.0031,7.4464,7.9842,7.2708,10
2461154.905997,-5.7881,-30.6353,8.0031,7.4464,7.9842,7.2708,10
2461155.743727,-16.8687,-42.4317,8.0031,7.4464,7.9842,7.2708,10
2461155.760557,-2.3365,-47.1281,8.0031,7.4464,7.9842,7.2708,10
2461155.829157,-5.4413,-30.3345,8.0031,7.4464,7.9842,7.2708,10
2461155.866607,-2.2951,-34.2520,8.0031,7.4464,7.9842,7.2708,10
2461155.911417,-6.2495,-35.9064,8.0031,7.4464,7.9842,7.2708,10
2461156.682727,-6.6428,-42.0721,8.0031,7.4464,7.9842,7.2708,10
2461156.746107,-6.8480,-49.1480,8.0031,7.4464,7.9842,7.2708,10
2461156.784847,-7.4996,-41.5022,8.0031,7.4464,7.9842,7.2708,10
2461156.802427,-9.8673,-30.8313,8.0031,7.4464,7.9842,7.2708,10
2461156.819017,-7.0362,-31.3297,8.0031,7.4464,7.9842,7.2708,10
2461156.847357,-10.0872,-47.1418,8.0031,7.4464,7.9842,7.2708,10
2461156.864157,-0.9244,-45.0166,8.0031,7.4464,7.9842,7.2708,10
2461156.882787,-18.9969,-48.7424,8.0031,7.4464,7.9842,7.2708,10
2461156.918107,-6.8535,-39.5864,8.0031,7.4464,7.9842,7.2708,10
2461157.715987,-7.8522,-39.2241,8.0031,7.4464,7.9842,7.2708,10
2461157.736747,-8.7651,-46.3113,8.0031,7.4464,7.9842,7.2708,10
2461157.753467,-13.7513,-42.9589,8.0031,7.4464,7.9842,7.2708,10
2461157.781987,-5.0806,-35.0360,8.0031,7.4464,7.9842,7.2708,10
2461157.799127,-16.3592,-34.4090,8.0031,7.4464,7.9842,7.2708,10
2461157.818887,-9.9710,-55.6218,8.0031,7.4464,7.9842,7.2708,10
2461157.835907,-11.0540,-47.4275,8.0031,7.4464,7.9842,7.2708,10
2461157.881667,-11.6106,-40.3778,8.0031,7.4464,7.9842,7.2708,10
2461157.900567,-5.6280,-35.0955,8.0031,7.4464,7.9842,7.2708,10
2461158.729607,-5.6478,-44.7373,8.0031,7.4464,7.9842,7.2708,10
2461158.807007,-9.3251,-42.2750,8.0031,7.4464,7.9842,7.2708,10
2461158.927597,-12.8136,-30.7102,8.0031,7.4464,7.9842,7.2708,10
2461159.715987,-5.1089,-33.3414,8.0031,7.4464,7.9842,7.2708,10
2461159.749637,-12.3617,-41.0961,8.0031,7.4464,7.9842,7.2708,10
2461159.766727,-3.5867,-42.5686,8.0031,7.4464,7.9842,7.2708,10
2461159.783817,4.1078,-33.0094,8.0031,7.4464,7.9842,7.2708,10
2461159.830777,-13.6647,-51.3459,8.0031,7.4464,7.9842,7.2708,10
2461159.866717,3.3227,-33.5723,8.0031,7.4464,7.9842,7.2708,10
2461159.884247,-4.6440,-41.1858,8.0031,7.4464,7.9842,7.2708,10
2461159.904157,-18.8717,-41.6088,8.0031,7.4464,7.9842,7.2708,10
2461161.686107,-15.2484,-46.6005,8.0031,7.4464,7.9842,7.2708,10
2461161.703147,-7.7416,-38.3201,8.0031,7.4464,7.9842,7.2708,10
2461161.720307,-7.7734,-34.3982,8.0031,7.4464,7.9842,7.2708,10
2461161.736907,-6.2114,-36.3066,8.0031,7.4464,7.9842,7.2708,10
2461161.755247,-9.0484,-36.6544,8.0031,7.4464,7.9842,7.2708,10
2461161.781957,0.8970,-32.3318,8.0031,7.4464,7.9842,7.2708,10
2461161.816557,-16.6756,-31.5894,8.0031,7.4464,7.9842,7.2708,10
2461161.851127,-1.1055,-30.3427,8.0031,7.4464,7.9842,7.2708,10
2461161.880677,-0.9667,-33.1587,8.0031,7.4464,7.9842,7.2708,10
2461161.898687,-17.4074,-44.4098,8.0031,7.4464,7.9842,7.2708,10
2461161.917497,-1.1429,-35.9558,8.0031,7.4464,7.9842,7.2708,10
2461162.687007,-4.2944,-35.1264,8.0031,7.4464,7.9842,7.2708,10
2461162.705047,-6.9720,-45.4405,8.0031,7.4464,7.9842,7.2708,10
2461162.725367,1.7734,-37.4795,8.0031,7.4464,7.9842,7.2708,10
2461162.759047,-14.4171,-42.7567,8.0031,7.4464,7.9842,7.2708,10
2461162.776087,-13.1927,-47.0481,8.0031,7.4464,7.9842,7.2708,10
2461162.803717,-10.2524,-43.3413,8.0031,7.4464,7.9842,7.2708,10
2461162.820877,-8.7793,-30.5466,8.0031,7.4464,7.9842,7.2708,10
2461162.838187,-3.1349,-37.6983,8.0031,7.4464,7.9842,7.2708,10
2461162.855317,-3.0997,-48.5390,8.0031,7.4464,7.9842,7.2708,10
2461162.875737,-8.2858,-38.7949,8.0031,7.4464,7.9842,7.2708,10
2461162.907157,-11.3695,-36.0110,8.0031,7.4464,7.9842,7.2708,10
2461162.923707,-12.4774,-41.9572,8.0031,7.4464,7.9842,7.2708,10
2461163.664267,-4.8787,-41.9398,8.0031,7.4464,7.9842,7.2708,10
2461163.681217,-10.8768,-44.1152,8.0031,7.4464,7.9842,7.2708,10
2461163.710207,-12.5853,-50.0690,8.0031,7.4464,7.9842,7.2708,10
2461163.727637,-14.1937,-39.2859,8.0031,7.4464,7.9842,7.2708,10
2461163.745167,-8.8509,-47.5360,8.0031,7.4464,7.9842,7.2708,10
2461163.782247,-7.1052,-41.5826,8.0031,7.4464,7.9842,7.2708,10
2461163.808627,-15.2634,-38.0793,8.0031,7.4464,7.9842,7.2708,10
2461163.825367,-0.7147,-33.9074,8.0031,7.4464,7.9842,7.2708,10
2461163.846947,-11.6686,-41.8500,8.0031,7.4464,7.9842,7.2708,10
2461163.863367,-8.8466,-42.2613,8.0031,7.4464,7.9842,7.2708,10
2461163.929007,2.8193,-36.3191,8.0031,7.4464,7.9842,7.2708,10
2461164.662657,-3.3322,-38.7616,8.0031,7.4464,7.9842,7.2708,10
2461164.679297,-6.6321,-33.7818,8.0031,7.4464,7.9842,7.2708,10
2461164.697567,-3.5172,-39.2411,8.0031,7.4464,7.9842,7.2708,10
2461164.724927,-3.9486,-35.0519,8.0031,7.4464,7.9842,7.2708,10
2461164.741687,-6.3252,-36.1629,8.0031,7.4464,7.9842,7.2708,10
2461164.760167,-1.6705,-33.5262,8.0031,7.4464,7.9842,7.2708,10
2461164.776977,-4.3079,-33.6404,8.0031,7.4464,7.9842,7.2708,10
2461164.794467,-11.5511,-42.1727,8.0031,7.4464,7.9842,7.2708,10
2461164.822417,-0.6430,-28.8090,8.0031,7.4464,7.9842,7.2708,10
2461164.857167,-11.2200,-31.2119,8.0031,7.4464,7.9842,7.2708,10
2461164.874327,-12.1317,-34.6995,8.0031,7.4464,7.9842,7.2708,10
2461164.891417,-10.4318,-31.1597,8.0031,7.4464,7.9842,7.2708,10
2461164.924677,-13.0071,-43.5764,8.0031,7.4464,7.9842,7.2708,10
2461167.879257,-18.4137,-48.6508,8.0031,7.4464,7.9842,7.2708,10
2461168.762387,-5.3662,-57.1568,8.0031,7.4464,7.9842,7.2708,10
2461169.664727,-7.1831,-48.2550,8.0031,7.4464,7.9842,7.2708,10
2461169.685517,2.8580,-46.9321,8.0031,7.4464,7.9842,7.2708,10
2461169.703407,-17.9657,-49.8374,8.0031,7.4464,7.9842,7.2708,10
2461169.764177,-11.0245,-51.7213,8.0031,7.4464,7.9842,7.2708,10
2461169.824447,-8.6288,-43.3099,8.0031,7.4464,7.9842,7.2708,10
2461169.841437,-8.6854,-47.5576,8.0031,7.4464,7.9842,7.2708,10
2461169.892547,-16.7096,-43.9222,8.0031,7.4464,7.9842,7.2708,10
2461170.660717,-8.6849,-55.4536,8.0031,7.4464,7.9842,7.2708,10
2461170.677897,-15.0828,-52.5578,8.0031,7.4464,7.9842,7.2708,10
2461170.728217,-7.6510,-35.7715,8.0031,7.4464,7.9842,7.2708,10
2461170.745697,-8.0534,-53.9750,8.0031,7.4464,7.9842,7.2708,10
2461170.781987,-10.7188,-41.3204,8.0031,7.4464,7.9842,7.2708,10
2461170.802547,2.4063,-45.4306,8.0031,7.4464,7.9842,7.2708,10
2461170.840557,-9.7399,-34.6310,8.0031,7.4464,7.9842,7.2708,10
2461170.874247,-16.7553,-33.7837,8.0031,7.4464,7.9842,7.2708,10
2461170.894167,-18.0705,-46.6812,8.0031,7.4464,7.9842,7.2708,10
2461171.663607,-17.3946,-46.7992,8.0031,7.4464,7.9842,7.2708,10
2461171.696767,-17.8461,-42.1110,8.0031,7.4464,7.9842,7.2708,10
2461171.713277,-8.8216,-42.2925,8.0031,7.4464,7.9842,7.2708,10
2461171.758447,-9.5861,-39.4337,8.0031,7.4464,7.9842,7.2708,10
2461171.792237,-8.8687,-38.3608,8.0031,7.4464,7.9842,7.2708,10
2461171.809117,-3.0968,-48.7930,8.0031,7.4464,7.9842,7.2708,10
2461171.835937,-20.9924,-38.8980,8.0031,7.4464,7.9842,7.2708,10
2461171.855737,-7.5793,-42.8241,8.0031,7.4464,7.9842,7.2708,10
2461171.872237,-12.2875,-28.3718,8.0031,7.4464,7.9842,7.2708,10
2461171.890157,-1.7442,-45.6065,8.0031,7.4464,7.9842,7.2708,10
2461171.906897,-15.2581,-50.6756,8.0031,7.4464,7.9842,7.2708,10
2461171.933967,-3.3567,-38.2832,8.0031,7.4464,7.9842,7.2708,10
2461172.659447,-8.3894,-56.0304,8.0031,7.4464,7.9842,7.2708,10
2461172.676047,-16.2806,-43.4002,8.0031,7.4464,7.9842,7.2708,10
2461172.713297,-2.4423,-50.5437,8.0031,7.4464,7.9842,7.2708,10
2461172.744777,-2.7307,-47.6967,8.0031,7.4464,7.9842,7.2708,10
2461172.763107,-22.0576,-35.1060,8.0031,7.4464,7.9842,7.2708,10
2461172.780187,-15.9920,-41.4915,8.0031,7.4464,7.9842,7.2708,10
2461172.797707,-20.9172,-48.3397,8.0031,7.4464,7.9842,7.2708,10
2461172.830937,-20.6605,-32.9930,8.0031,7.4464,7.9842,7.2708,10
2461172.861907,-17.8503,-38.3796,8.0031,7.4464,7.9842,7.2708,10
2461172.878757,-7.3163,-31.4284,8.0031,7.4464,7.9842,7.2708,10
2461172.895497,-13.1425,-33.8113,8.0031,7.4464,7.9842,7.2708,10
2461172.911927,-11.5264,-42.6869,8.0031,7.4464,7.9842,7.2708,10
2461172.928947,-2.9667,-40.7225,8.0031,7.4464,7.9842,7.2708,10
2461173.635027,-17.8605,-45.8677,8.0031,7.4464,7.9842,7.2708,10
2461173.652167,-16.9102,-50.7241,8.0031,7.4464,7.9842,7.2708,10
2461173.686787,-12.3207,-43.0831,8.0031,7.4464,7.9842,7.2708,10
2461173.703617,-9.9950,-40.5700,8.0031,7.4464,7.9842,7.2708,10
2461173.764577,-13.2511,-40.6092,8.0031,7.4464,7.9842,7.2708,10
2461173.800077,-22.2296,-42.3229,8.0031,7.4464,7.9842,7.2708,10
2461173.835727,-22.4858,-45.8656,8.0031,7.4464,7.9842,7.2708,10
2461173.867777,-22.1071,-54.1024,8.0031,7.4464,7.9842,7.2708,10
2461173.901497,-16.2777,-48.0386,8.0031,7.4464,7.9842,7.2708,10
2461173.918917,1.6922,-42.9340,8.0031,7.4464,7.9842,7.2708,10
2461173.936727,-9.8754,-30.1642,8.0031,7.4464,7.9842,7.2708,10
2461174.646337,-0.1636,-31.4659,8.0031,7.4464,7.9842,7.2708,10
2461174.699017,-13.3366,-56.9749,8.0031,7.4464,7.9842,7.2708,10
2461174.766197,-13.9047,-47.1865,8.0031,7.4464,7.9842,7.2708,10
2461174.783567,1.2443,-52.1099,8.0031,7.4464,7.9842,7.2708,10
2461174.863347,-11.2380,-51.6763,8.0031,7.4464,7.9842,7.2708,10
2461174.880687,-19.4995,-38.7267,8.0031,7.4464,7.9842,7.2708,10
2461174.930557,-0.9187,-34.6562,8.0031,7.4464,7.9842,7.2708,10
2461174.933257,0.8143,-52.9145,8.0031,7.4464,7.9842,7.2708,10
2461175.628407,-22.3417,-51.5100,8.0031,7.4464,7.9842,7.2708,10
2461175.645077,-16.6420,-47.8867,8.0031,7.4464,7.9842,7.2708,10
2461175.661987,-2.5666,-47.5957,8.0031,7.4464,7.9842,7.2708,10
2461175.703597,-8.6207,-37.9874,8.0031,7.4464,7.9842,7.2708,10
2461175.769197,-4.7601,-40.1270,8.0031,7.4464,7.9842,7.2708,10
2461176.645697,-11.5091,-46.6047,8.0031,7.4464,7.9842,7.2708,10
2461177.623657,-17.0178,-54.3362,8.0031,7.4464,7.9842,7.2708,10
2461177.675837,-11.4726,-49.9678,8.0031,7.4464,7.9842,7.2708,10
2461177.692597,-8.7198,-41.5117,8.0031,7.4464,7.9842,7.2708,10
2461177.774957,3.4864,-36.9010,8.0031,7.4464,7.9842,7.2708,10
2461177.791507,-21.5051,-51.9084,8.0031,7.4464,7.9842,7.2708,10
2461177.818627,-10.1507,-41.6668,8.0031,7.4464,7.9842,7.2708,10
2461177.868997,-14.3540,-32.1369,8.0031,7.4464,7.9842,7.2708,10
2461178.624607,4.6207,-45.6816,8.0031,7.4464,7.9842,7.2708,10
2461178.744847,-6.8020,-54.2773,8.0031,7.4464,7.9842,7.2708,10
2461178.789447,-14.6020,-49.1669,8.0031,7.4464,7.9842,7.2708,10
2461178.806467,3.2306,-44.5994,8.0031,7.4464,7.9842,7.2708,10
2461178.825127,-8.2357,-51.6628,8.0031,7.4464,7.9842,7.2708,10
2461178.843277,-20.9609,-43.9073,8.0031,7.4464,7.9842,7.2708,10
2461178.860647,-3.8966,-41.8571,8.0031,7.4464,7.9842,7.2708,10
2461178.900307,-4.4295,-40.7975,8.0031,7.4464,7.9842,7.2708,10
2461178.917027,-10.9927,-41.8386,8.0031,7.4464,7.9842,7.2708,10
2461179.669767,-11.1758,-54.1393,8.0031,7.4464,7.9842,7.2708,10
2461179.686307,-13.3105,-55.0592,8.0031,7.4464,7.9842,7.2708,10
2461179.702687,-4.7613,-54.4416,8.0031,7.4464,7.9842,7.2708,10
2461179.719167,-6.8609,-54.8315,8.0031,7.4464,7.9842,7.2708,10
2461179.765617,-7.0608,-40.0964,8.0031,7.4464,7.9842,7.2708,10
2461179.815837,-14.2000,-37.3751,8.0031,7.4464,7.9842,7.2708,10
2461179.859467,-23.5435,-42.5540,8.0031,7.4464,7.9842,7.2708,10
2461179.876807,-18.5297,-50.7057,8.0031,7.4464,7.9842,7.2708,10
2461180.709037,-13.0397,-50.2181,8.0031,7.4464,7.9842,7.2708,10
2461180.736647,-16.7902,-39.9788,8.0031,7.4464,7.9842,7.2708,10
2461180.825947,-12.4065,-42.3971,8.0031,7.4464,7.9842,7.2708,10
2461181.766287,2.1338,-42.7958,8.0031,7.4464,7.9842,7.2708,10
2461181.869887,5.4580,-53.3636,8.0031,7.4464,7.9842,7.2708,10
2461181.898787,-0.2751,-41.1225,8.0031,7.4464,7.9842,7.2708,10
2461181.916997,-3.7191,-42.6315,8.0031,7.4464,7.9842,7.2708,10
2461182.630247,-15.0176,-51.9808,8.0031,7.4464,7.9842,7.2708,10
2461182.647087,-2.6571,-51.3043,8.0031,7.4464,7.9842,7.2708,10
2461182.675017,-11.9278,-56.4806,8.0031,7.4464,7.9842,7.2708,10
2461182.696107,-15.0992,-55.2971,8.0031,7.4464,7.9842,7.2708,10
2461182.698837,-15.3001,-47.6108,8.0031,7.4464,7.9842,7.2708,10
2461182.714117,-18.1966,-52.5538,8.0031,7.4464,7.9842,7.2708,10
2461182.779047,-15.4191,-43.3305,8.0031,7.4464,7.9842,7.2708,10
2461182.795227,-1.1790,-39.7384,8.0031,7.4464,7.9842,7.2708,10
2461182.812327,-13.5975,-31.8407,8.0031,7.4464,7.9842,7.2708,10
2461182.846567,-2.1357,-37.8313,8.0031,7.4464,7.9842,7.2708,10
2461182.873557,-8.2281,-47.2699,8.0031,7.4464,7.9842,7.2708,10
2461182.893787,-2.1739,-43.7424,8.0031,7.4464,7.9842,7.2708,10
2461182.913047,-7.5468,-44.7012,8.0031,7.4464,7.9842,7.2708,10
2461182.937927,-4.7988,-34.6656,8.0031,7.4464,7.9842,7.2708,10
2461183.640477,1.4235,-48.7183,8.0031,7.4464,7.9842,7.2708,10
2461183.755857,-4.9692,-42.4138,8.0031,7.4464,7.9842,7.2708,10
2461183.794797,-7.1302,-46.6443,8.0031,7.4464,7.9842,7.2708,10
2461183.861727,-6.6133,-31.2036,8.0031,7.4464,7.9842,7.2708,10
2461183.878587,-10.3201,-47.1246,8.0031,7.4464,7.9842,7.2708,10
2461183.896907,0.0138,-34.2916,8.0031,7.4464,7.9842,7.2708,10
2461184.660057,-16.2841,-42.5670,8.0031,7.4464,7.9842,7.2708,10
2461184.693847,-6.7117,-51.4374,8.0031,7.4464,7.9842,7.2708,10
2461184.721417,-9.4159,-39.3606,8.0031,7.4464,7.9842,7.2708,10
2461184.740007,-16.8728,-44.9910,8.0031,7.4464,7.9842,7.2708,10
2461184.761317,-15.6504,-42.9165,8.0031,7.4464,7.9842,7.2708,10
2461184.777947,-17.9175,-44.3582,8.0031,7.4464,7.9842,7.2708,10
2461185.666167,-16.9661,-55.4470,8.0031,7.4464,7.9842,7.2708,10
2461185.748927,-12.6756,-52.6787,8.0031,7.4464,7.9842,7.2708,10
2461185.783507,-0.7345,-36.7464,8.0031,7.4464,7.9842,7.2708,10
2461185.800007,-6.8829,-45.6830,8.0031,7.4464,7.9842,7.2708,10
2461185.844137,0.1757,-32.3077,8.0031,7.4464,7.9842,7.2708,10
2461185.877267,-2.9039,-43.3555,8.0031,7.4464,7.9842,7.2708,10
2461186.619107,-0.1641,-44.5746,8.0031,7.4464,7.9842,7.2708,10
2461186.656447,-19.1815,-39.4897,8.0031,7.4464,7.9842,7.2708,10
2461186.707917,-16.1154,-49.0908,8.0031,7.4464,7.9842,7.2708,10
2461186.742027,-9.3771,-39.1966,8.0031,7.4464,7.9842,7.2708,10
2461186.759277,-11.9142,-51.3138,8.0031,7.4464,7.9842,7.2708,10
2461186.786287,-10.8488,-45.5021,8.0031,7.4464,7.9842,7.2708,10
2461186.803057,-15.0660,-45.4720,8.0031,7.4464,7.9842,7.2708,10
2461186.821297,-7.9982,-45.2997,8.0031,7.4464,7.9842,7.2708,10
2461186.838307,0.2263,-57.6001,8.0031,7.4464,7.9842,7.2708,10
2461186.876057,-19.9329,-35.6883,8.0031,7.4464,7.9842,7.2708,10
2461186.905287,-7.6037,-39.2275,8.0031,7.4464,7.9842,7.2708,10
2461186.926517,-7.1522,-48.4358,8.0031,7.4464,7.9842,7.2708,10
2461187.605337,-5.5794,-43.0265,8.0031,7.4464,7.9842,7.2708,10
2461187.667237,-2.0625,-52.9991,8.0031,7.4464,7.9842,7.2708,10
2461187.684217,1.1785,-48.7216,8.0031,7.4464,7.9842,7.2708,10
2461187.701167,-9.3056,-56.0813,8.0031,7.4464,7.9842,7.2708,10
2461187.717817,-8.2768,-41.4068,8.0031,7.4464,7.9842,7.2708,10
2461187.734737,-13.1917,-46.9486,8.0031,7.4464,7.9842,7.2708,10
2461187.780387,-12.8382,-47.2901,8.0031,7.4464,7.9842,7.2708,10
2461187.814467,-6.9190,-43.1904,8.0031,7.4464,7.9842,7.2708,10
2461187.832967,-3.6294,-51.8774,8.0031,7.4464,7.9842,7.2708,10
2461187.860377,-10.6231,-56.1534,8.0031,7.4464,7.9842,7.2708,10
2461187.876867,-13.5107,-48.3769,8.0031,7.4464,7.9842,7.2708,10
2461187.893307,-13.6487,-32.2542,8.0031,7.4464,7.9842,7.2708,10
2461187.910107,-19.6335,-30.6296,8.0031,7.4464,7.9842,7.2708,10
2461187.927097,-17.4758,-39.1350,8.0031,7.4464,7.9842,7.2708,10
2461188.592967,-9.6391,-38.7521,8.0031,7.4464,7.9842,7.2708,10
2461188.609827,-21.7897,-41.9425,8.0031,7.4464,7.9842,7.2708,10
2461188.675107,-9.4736,-40.4357,8.0031,7.4464,7.9842,7.2708,10
2461188.813087,1.4705,-55.1804,8.0031,7.4464,7.9842,7.2708,10
2461188.874397,-7.4518,-44.3712,8.0031,7.4464,7.9842,7.2708,10
2461188.890687,-16.5552,-56.7151,8.0031,7.4464,7.9842,7.2708,10
2461188.912867,-13.3318,-40.5839,8.0031,7.4464,7.9842,7.2708,10
2461189.629397,-20.1024,-50.2223,8.0031,7.4464,7.9842,7.2708,10
2461189.645947,-9.7126,-43.2097,8.0031,7.4464,7.9842,7.2708,10
2461189.662437,-10.9310,-38.1741,8.0031,7.4464,7.9842,7.2708,10
2461189.678977,-19.0767,-46.8190,8.0031,7.4464,7.9842,7.2708,10
2461189.695737,-10.4935,-44.1092,8.0031,7.4464,7.9842,7.2708,10
2461189.723157,-15.6268,-50.8156,8.0031,7.4464,7.9842,7.2708,10
2461189.739867,0.0437,-38.3884,8.0031,7.4464,7.9842,7.2708,10
2461189.777607,-15.9194,-48.9133,8.0031,7.4464,7.9842,7.2708,10
2461189.798327,-5.7305,-49.1480,8.0031,7.4464,7.9842,7.2708,10
2461189.825537,-19.3330,-35.7080,8.0031,7.4464,7.9842,7.2708,10
2461189.843857,-10.8697,-38.1566,8.0031,7.4464,7.9842,7.2708,10
2461189.862697,-11.1069,-45.0608,8.0031,7.4464,7.9842,7.2708,10
2461189.879357,-12.3966,-41.0575,8.0031,7.4464,7.9842,7.2708,10
2461189.895887,-10.6634,-36.8522,8.0031,7.4464,7.9842,7.2708,10
2461189.898597,-22.6707,-43.5066,8.0031,7.4464,7.9842,7.2708,10
2461189.921817,-5.4987,-44.5311,8.0031,7.4464,7.9842,7.2708,10
2461190.588587,-15.8365,-44.3576,8.0031,7.4464,7.9842,7.2708,10
2461190.627247,-10.8792,-35.4735,8.0031,7.4464,7.9842,7.2708,10
2461190.707057,-6.7868,-33.6699,8.0031,7.4464,7.9842,7.2708,10
2461190.742357,0.7915,-34.7587,8.0031,7.4464,7.9842,7.2708,10
2461190.760647,-12.8258,-34.9059,8.0031,7.4464,7.9842,7.2708,10
2461190.780307,-5.5783,-29.9354,8.0031,7.4464,7.9842,7.2708,10
2461190.809147,-14.3756,-40.1650,8.0031,7.4464,7.9842,7.2708,10
2461190.825717,-15.5898,-39.9650,8.0031,7.4464,7.9842,7.2708,10
2461190.843857,-9.8679,-39.0657,8.0031,7.4464,7.9842,7.2708,10
2461190.877017,-13.0097,-45.3879,8.0031,7.4464,7.9842,7.2708,10
2461191.586477,-21.8136,-47.6146,8.0031,7.4464,7.9842,7.2708,10
2461191.624457,0.9650,-44.5199,8.0031,7.4464,7.9842,7.2708,10
2461191.642557,0.4518,-32.2303,8.0031,7.4464,7.9842,7.2708,10
2461191.659467,0.2156,-40.9386,8.0031,7.4464,7.9842,7.2708,10
2461191.692667,7.2479,-40.4726,8.0031,7.4464,7.9842,7.2708,10
2461191.747407,-2.1634,-32.7777,8.0031,7.4464,7.9842,7.2708,10
2461196.604007,-4.9077,-42.8666,8.0031,7.4464,7.9842,7.2708,10
2461196.661637,-12.4604,-46.6135,8.0031,7.4464,7.9842,7.2708,10
2461196.706557,-3.5568,-55.4049,8.0031,7.4464,7.9842,7.2708,10
2461196.723747,-2.4305,-50.2641,8.0031,7.4464,7.9842,7.2708,10
2461196.741057,-14.7068,-58.6069,8.0031,7.4464,7.9842,7.2708,10
2461196.775237,6.0335,-42.1227,8.0031,7.4464,7.9842,7.2708,10
2461196.806677,-21.5303,-34.0931,8.0031,7.4464,7.9842,7.2708,10
2461196.840107,-3.0334,-35.2004,8.0031,7.4464,7.9842,7.2708,10
2461197.825027,-8.2617,-57.3534,8.0031,7.4464,7.9842,7.2708,10
2461198.633707,-9.6914,-49.7716,8.0031,7.4464,7.9842,7.2708,10
2461198.651567,-9.9164,-58.2969,8.0031,7.4464,7.9842,7.2708,10
2461198.687027,-14.5963,-56.8908,8.0031,7.4464,7.9842,7.2708,10
2461198.765827,-4.8442,-55.7755,8.0031,7.4464,7.9842,7.2708,10
2461198.782607,-18.7999,-53.2972,8.0031,7.4464,7.9842,7.2708,10
2461198.801777,-12.8695,-28.5512,8.0031,7.4464,7.9842,7.2708,10
2461198.829707,-9.6206,-49.8189,8.0031,7.4464,7.9842,7.2708,10
2461198.847507,-13.2182,-43.9370,8.0031,7.4464,7.9842,7.2708,10
2461199.612547,5.0776,-37.1064,8.0031,7.4464,7.9842,7.2708,10
2461199.662967,8.0420,-34.5295,8.0031,7.4464,7.9842,7.2708,10
2461199.681867,-14.8269,-29.9159,8.0031,7.4464,7.9842,7.2708,10
2461199.709307,-13.1163,-47.7497,8.0031,7.4464,7.9842,7.2708,10
2461199.726727,-16.5565,-51.7632,8.0031,7.4464,7.9842,7.2708,10
2461199.764587,-17.6053,-52.7637,8.0031,7.4464,7.9842,7.2708,10
2461199.804497,-7.5328,-46.1149,8.0031,7.4464,7.9842,7.2708,10
2461199.834627,-15.2756,-49.7417,8.0031,7.4464,7.9842,7.2708,10
2461199.895067,-8.2243,-36.9521,8.0031,7.4464,7.9842,7.2708,10
2461200.655847,5.0892,-33.8200,8.0031,7.4464,7.9842,7.2708,10
2461202.613877,8.7623,-48.1301,8.0031,7.4464,7.9842,7.2708,10
2461202.668397,-1.4037,-46.1517,8.0031,7.4464,7.9842,7.2708,10
2461202.712677,-11.3106,-57.4405,8.0031,7.4464,7.9842,7.2708,10
2461202.747317,-6.5177,-53.3944,8.0031,7.4464,7.9842,7.2708,10
2461202.781877,-8.6331,-44.4227,8.0031,7.4464,7.9842,7.2708,10
2461202.812177,4.6325,-44.5547,8.0031,7.4464,7.9842,7.2708,10
2461202.828757,-2.5724,-46.3983,8.0031,7.4464,7.9842,7.2708,10
2461202.845517,4.1468,-38.5291,8.0031,7.4464,7.9842,7.2708,10
2461202.863067,-13.8766,-55.2614,8.0031,7.4464,7.9842,7.2708,10
2461203.578467,-12.2646,-48.4737,8.0031,7.4464,7.9842,7.2708,10
2461203.616217,-15.4499,-43.3889,8.0031,7.4464,7.9842,7.2708,10
2461203.663657,0.0450,-43.6799,8.0031,7.4464,7.9842,7.2708,10
2461203.709357,-9.5059,-46.2191,8.0031,7.4464,7.9842,7.2708,10
2461203.725887,-11.9647,-37.6090,8.0031,7.4464,7.9842,7.2708,10
2461203.742357,-6.5770,-43.8689,8.0031,7.4464,7.9842,7.2708,10
2461203.766707,-1.2136,-51.5412,8.0031,7.4464,7.9842,7.2708,10
2461203.797027,-13.9133,-57.4865,8.0031,7.4464,7.9842,7.2708,10
2461203.814037,-0.4158,-42.7764,8.0031,7.4464,7.9842,7.2708,10
2461204.595077,4.7968,-38.7725,8.0031,7.4464,7.9842,7.2708,10
2461204.611777,3.2493,-34.6207,8.0031,7.4464,7.9842,7.2708,10
2461204.628327,10.3371,-33.4008,8.0031,7.4464,7.9842,7.2708,10
2461204.660177,5.5871,-47.8366,8.0031,7.4464,7.9842,7.2708,10
2461204.696297,-3.3455,-38.2087,8.0031,7.4464,7.9842,7.2708,10
2461204.723197,5.9780,-38.9032,8.0031,7.4464,7.9842,7.2708,10
2461204.787017,6.3691,-37.5784,8.0031,7.4464,7.9842,7.2708,10
2461204.804077,-7.5559,-58.4102,8.0031,7.4464,7.9842,7.2708,10
2461204.844717,8.4071,-41.1125,8.0031,7.4464,7.9842,7.2708,10
2461205.547597,11.0378,-47.2126,8.0031,7.4464,7.9842,7.2708,10
2461205.565347,-0.3545,-54.2686,8.0031,7.4464,7.9842,7.2708,10
2461205.586397,-5.3474,-43.2988,8.0031,7.4464,7.9842,7.2708,10
2461205.625647,-1.5911,-52.3832,8.0031,7.4464,7.9842,7.2708,10
2461205.654087,-3.4152,-38.2916,8.0031,7.4464,7.9842,7.2708,10
2461205.672537,4.5563,-38.9853,8.0031,7.4464,7.9842,7.2708,10
2461205.729607,7.3008,-35.5675,8.0031,7.4464,7.9842,7.2708,10
2461210.835487,0.3324,-56.1970,8.0031,7.4464,7.9842,7.2708,10
2461211.535637,4.4819,-46.5835,8.0031,7.4464,7.9842,7.2708,10
2461211.552477,-2.4302,-43.6994,8.0031,7.4464,7.9842,7.2708,10
2461211.617377,-8.2410,-42.6831,8.0031,7.4464,7.9842,7.2708,10
2461211.634177,0.6061,-48.9535,8.0031,7.4464,7.9842,7.2708,10
2461211.651117,-2.2243,-40.3541,8.0031,7.4464,7.9842,7.2708,10
2461211.668157,-4.9635,-48.6961,8.0031,7.4464,7.9842,7.2708,10
2461211.686037,-12.0588,-33.0098,8.0031,7.4464,7.9842,7.2708,10
2461211.717997,0.5809,-46.6484,8.0031,7.4464,7.9842,7.2708,10
2461211.795707,1.9326,-38.0340,8.0031,7.4464,7.9842,7.2708,10
2461213.568497,-4.0467,-41.9121,8.0031,7.4464,7.9842,7.2708,10
2461213.595317,11.5581,-33.2910,8.0031,7.4464,7.9842,7.2708,10
2461213.631577,-7.0899,-44.0535,8.0031,7.4464,7.9842,7.2708,10
2461214.562527,-7.3157,-58.3813,8.0031,7.4464,7.9842,7.2708,10
2461214.596477,-9.0053,-42.7418,8.0031,7.4464,7.9842,7.2708,10
2461214.616077,-5.7452,-48.8512,8.0031,7.4464,7.9842,7.2708,10
2461214.618767,-13.1162,-53.7715,8.0031,7.4464,7.9842,7.2708,10
2461214.638997,6.6331,-46.4289,8.0031,7.4464,7.9842,7.2708,10
2461214.666067,-1.8158,-43.2000,8.0031,7.4464,7.9842,7.2708,10
2461214.686107,2.3957,-50.7922,8.0031,7.4464,7.9842,7.2708,10
2461214.714567,-17.6473,-47.8429,8.0031,7.4464,7.9842,7.2708,10
2461214.735727,-15.2101,-58.2288,8.0031,7.4464,7.9842,7.2708,10
2461214.752797,-18.5424,-47.6537,8.0031,7.4464,7.9842,7.2708,10
2461214.771027,-6.9882,-56.9738,8.0031,7.4464,7.9842,7.2708,10
2461214.789587,-3.6263,-49.6186,8.0031,7.4464,7.9842,7.2708,10
2461214.833737,-5.0903,-44.1706,8.0031,7.4464,7.9842,7.2708,10
2461215.528577,5.1972,-44.8106,8.0031,7.4464,7.9842,7.2708,10
2461215.591847,-21.0927,-54.5749,8.0031,7.4464,7.9842,7.2708,10
2461215.608857,-15.5558,-49.8719,8.0031,7.4464,7.9842,7.2708,10
2461215.626037,-11.2077,-49.6788,8.0031,7.4464,7.9842,7.2708,10
2461215.662207,-17.9484,-40.4511,8.0031,7.4464,7.9842,7.2708,10
2461215.690077,-5.2004,-49.2787,8.0031,7.4464,7.9842,7.2708,10
2461215.709007,-10.3495,-43.2915,8.0031,7.4464,7.9842,7.2708,10
2461215.728197,13.8951,-46.6634,8.0031,7.4464,7.9842,7.2708,10
2461215.767377,-0.5991,-30.0541,8.0031,7.4464,7.9842,7.2708,10
2461215.794927,-12.6452,-39.8842,8.0031,7.4464,7.9842,7.2708,10
2461215.813437,-4.5972,-50.0096,8.0031,7.4464,7.9842,7.2708,10
2461215.831527,-5.8361,-35.8047,8.0031,7.4464,7.9842,7.2708,10
2461216.551647,1.2222,-54.8662,8.0031,7.4464,7.9842,7.2708,10
2461216.567907,0.7893,-35.2668,8.0031,7.4464,7.9842,7.2708,10
2461216.586367,-3.6071,-42.4531,8.0031,7.4464,7.9842,7.2708,10
2461216.602987,-9.1219,-46.0105,8.0031,7.4464,7.9842,7.2708,10
2461216.619667,-1.3997,-51.0093,8.0031,7.4464,7.9842,7.2708,10
2461216.664517,8.4826,-46.4241,8.0031,7.4464,7.9842,7.2708,10
2461216.681237,-10.6539,-48.2246,8.0031,7.4464,7.9842,7.2708,10
2461216.714687,-9.9406,-48.1689,8.0031,7.4464,7.9842,7.2708,10
2461216.731457,-3.9058,-35.8037,8.0031,7.4464,7.9842,7.2708,10
2461216.758387,0.7232,-51.6700,8.0031,7.4464,7.9842,7.2708,10
2461216.774877,-18.8039,-39.6392,8.0031,7.4464,7.9842,7.2708,10
2461216.832007,-7.5912,-32.3716,8.0031,7.4464,7.9842,7.2708,10
2461217.521487,5.9461,-53.3984,8.0031,7.4464,7.9842,7.2708,10
2461217.538487,-11.1152,-54.7614,8.0031,7.4464,7.9842,7.2708,10
2461217.574687,-2.1174,-52.5841,8.0031,7.4464,7.9842,7.2708,10
2461217.591267,5.5190,-49.5438,8.0031,7.4464,7.9842,7.2708,10
2461217.619957,0.2349,-50.6674,8.0031,7.4464,7.9842,7.2708,10
2461217.636427,-12.5167,-62.1376,8.0031,7.4464,7.9842,7.2708,10
2461217.653517,-8.9160,-43.5593,8.0031,7.4464,7.9842,7.2708,10
2461217.669987,-17.8865,-41.2351,8.0031,7.4464,7.9842,7.2708,10
2461217.692227,-8.9715,-55.4672,8.0031,7.4464,7.9842,7.2708,10
2461217.737627,-17.7169,-58.3360,8.0031,7.4464,7.9842,7.2708,10
2461217.754597,-7.8288,-43.9515,8.0031,7.4464,7.9842,7.2708,10
2461217.770977,-11.9882,-57.9868,8.0031,7.4464,7.9842,7.2708,10
2461217.789647,-7.7013,-50.5809,8.0031,7.4464,7.9842,7.2708,10
2461217.807417,-8.0458,-38.3406,8.0031,7.4464,7.9842,7.2708,10
2461217.839697,-4.0752,-29.1597,8.0031,7.4464,7.9842,7.2708,10
2461218.529287,-4.4806,-35.9616,8.0031,7.4464,7.9842,7.2708,10
2461218.568017,4.4461,-38.7254,8.0031,7.4464,7.9842,7.2708,10
2461218.595217,-17.3073,-42.2682,8.0031,7.4464,7.9842,7.2708,10
2461218.628877,3.5638,-39.4590,8.0031,7.4464,7.9842,7.2708,10
2461218.648427,-14.2275,-45.3112,8.0031,7.4464,7.9842,7.2708,10
2461218.665187,-20.0648,-49.5092,8.0031,7.4464,7.9842,7.2708,10
2461218.693377,-7.0063,-48.3269,8.0031,7.4464,7.9842,7.2708,10
2461218.709847,-15.6073,-39.4685,8.0031,7.4464,7.9842,7.2708,10
2461218.727547,-2.0143,-36.2678,8.0031,7.4464,7.9842,7.2708,10
2461218.760977,-5.1743,-47.6666,8.0031,7.4464,7.9842,7.2708,10
2461218.792047,-12.7583,-31.4673,8.0031,7.4464,7.9842,7.2708,10
2461218.810707,2.4598,-44.2062,8.0031,7.4464,7.9842,7.2708,10
2461222.520437,-12.3077,-52.5754,8.0031,7.4464,7.9842,7.2708,10
2461222.537617,-17.3492,-45.6606,8.0031,7.4464,7.9842,7.2708,10
2461222.554557,10.0422,-50.8498,8.0031,7.4464,7.9842,7.2708,10
2461222.571367,-7.2182,-53.7772,8.0031,7.4464,7.9842,7.2708,10
2461222.599447,-0.9367,-29.4015,8.0031,7.4464,7.9842,7.2708,10
2461222.618817,-10.0212,-50.8453,8.0031,7.4464,7.9842,7.2708,10
2461222.734597,-9.9205,-45.8618,8.0031,7.4464,7.9842,7.2708,10
2461222.751797,-7.9065,-41.2655,8.0031,7.4464,7.9842,7.2708,10
2461222.768027,-5.5197,-47.5705,8.0031,7.4464,7.9842,7.2708,10
2461222.795317,-1.7672,-35.5665,8.0031,7.4464,7.9842,7.2708,10
2461222.811687,-8.1775,-38.9968,8.0031,7.4464,7.9842,7.2708,10
2461223.542577,1.0574,-55.2826,8.0031,7.4464,7.9842,7.2708,10
2461223.573717,-3.5812,-56.9795,8.0031,7.4464,7.9842,7.2708,10
2461223.610337,-9.6083,-36.5195,8.0031,7.4464,7.9842,7.2708,10
2461223.613227,-1.4820,-44.9285,8.0031,7.4464,7.9842,7.2708,10
2461223.628777,-5.0082,-52.7363,8.0031,7.4464,7.9842,7.2708,10
2461223.675197,-6.3724,-44.0448,8.0031,7.4464,7.9842,7.2708,10
2461223.787087,5.8043,-53.4508,8.0031,7.4464,7.9842,7.2708,10
2461223.804057,-18.7986,-46.6423,8.0031,7.4464,7.9842,7.2708,10
2461225.532067,-0.3708,-51.8295,8.0031,7.4464,7.9842,7.2708,10
2461225.600887,0.6163,-50.5688,8.0031,7.4464,7.9842,7.2708,10
2461225.646577,0.3862,-29.1569,8.0031,7.4464,7.9842,7.2708,10
2461225.663487,-10.0431,-37.9534,8.0031,7.4464,7.9842,7.2708,10
2461226.790027,4.5520,-58.5230,8.0031,7.4464,7.9842,7.2708,10
2461227.633467,-0.5609,-41.2902,8.0031,7.4464,7.9842,7.2708,10
2461227.704357,-5.2879,-52.6011,8.0031,7.4464,7.9842,7.2708,10
2461227.708657,-4.2811,-45.9293,8.0031,7.4464,7.9842,7.2708,10
2461227.726977,-10.1358,-38.2149,8.0031,7.4464,7.9842,7.2708,10
2461227.763517,-8.0854,-40.4957,8.0031,7.4464,7.9842,7.2708,10
2461227.780597,-2.7706,-60.4288,8.0031,7.4464,7.9842,7.2708,10
2461227.798157,-1.4096,-43.1060,8.0031,7.4464,7.9842,7.2708,10
2461228.522327,-6.9862,-40.4138,8.0031,7.4464,7.9842,7.2708,10
2461228.539157,-6.7053,-56.3300,8.0031,7.4464,7.9842,7.2708,10
2461228.555757,-6.4869,-43.1182,8.0031,7.4464,7.9842,7.2708,10
2461228.598827,-9.0235,-45.6963,8.0031,7.4464,7.9842,7.2708,10
2461228.615937,-3.3185,-48.1649,8.0031,7.4464,7.9842,7.2708,10
2461228.634907,-6.1254,-39.1586,8.0031,7.4464,7.9842,7.2708,10
2461228.639037,-13.8112,-42.7737,8.0031,7.4464,7.9842,7.2708,10
2461228.655807,-12.4568,-47.1557,8.0031,7.4464,7.9842,7.2708,10
2461228.722807,-7.2926,-38.9382,8.0031,7.4464,7.9842,7.2708,10
2461228.740147,-11.3504,-52.7701,8.0031,7.4464,7.9842,7.2708,10
2461228.780007,-9.0700,-51.0037,8.0031,7.4464,7.9842,7.2708,10
2461229.498297,-3.9808,-47.3025,8.0031,7.4464,7.9842,7.2708,10
2461229.546617,-15.8530,-44.6465,8.0031,7.4464,7.9842,7.2708,10
2461229.697417,-13.9493,-29.9312,8.0031,7.4464,7.9842,7.2708,10
2461229.732577,-6.7619,-41.0816,8.0031,7.4464,7.9842,7.2708,10
2461229.767777,-12.5885,-29.8896,8.0031,7.4464,7.9842,7.2708,10
2461230.513867,-14.6548,-41.1655,8.0031,7.4464,7.9842,7.2708,10
2461230.531337,6.3853,-44.4196,8.0031,7.4464,7.9842,7.2708,10
2461230.611167,5.0074,-48.5671,8.0031,7.4464,7.9842,7.2708,10
2461230.714807,-9.9741,-49.9741,8.0031,7.4464,7.9842,7.2708,10
2461230.732357,-4.6016,-44.8380,8.0031,7.4464,7.9842,7.2708,10
2461230.754827,-12.3958,-32.6002,8.0031,7.4464,7.9842,7.2708,10
2461230.791217,-6.9956,-47.5855,8.0031,7.4464,7.9842,7.2708,10
2461231.564767,-15.4789,-42.0731,8.0031,7.4464,7.9842,7.2708,10
2461231.626927,-5.3628,-55.3190,8.0031,7.4464,7.9842,7.2708,10
2461231.643737,-18.8666,-38.5560,8.0031,7.4464,7.9842,7.2708,10
2461231.661567,-17.5071,-45.9911,8.0031,7.4464,7.9842,7.2708,10
2461231.698827,-8.1452,-47.6554,8.0031,7.4464,7.9842,7.2708,10
2461231.715307,3.4291,-41.3402,8.0031,7.4464,7.9842,7.2708,10
2461231.743677,-6.4954,-56.6381,8.0031,7.4464,7.9842,7.2708,10
2461232.553387,-3.8546,-37.4952,8.0031,7.4464,7.9842,7.2708,10
2461232.633807,4.2765,-40.6532,8.0031,7.4464,7.9842,7.2708,10
2461232.650587,-10.3274,-46.0304,8.0031,7.4464,7.9842,7.2708,10
2461232.701787,-11.6353,-42.3394,8.0031,7.4464,7.9842,7.2708,10
2461232.750127,-6.5363,-40.5652,8.0031,7.4464,7.9842,7.2708,10
2461232.767407,-0.2473,-55.1832,8.0031,7.4464,7.9842,7.2708,10
2461233.475887,-5.2890,-48.0442,8.0031,7.4464,7.9842,7.2708,10
2461233.502957,-13.7950,-53.3466,8.0031,7.4464,7.9842,7.2708,10
2461233.519677,-5.9137,-40.1115,8.0031,7.4464,7.9842,7.2708,10
2461233.557897,-7.0627,-50.1734,8.0031,7.4464,7.9842,7.2708,10
2461233.634267,-11.4964,-45.0376,8.0031,7.4464,7.9842,7.2708,10
2461233.700337,-11.2405,-57.2164,8.0031,7.4464,7.9842,7.2708,10
2461233.716677,-20.5913,-44.5169,8.0031,7.4464,7.9842,7.2708,10
2461233.733167,-11.7925,-43.6349,8.0031,7.4464,7.9842,7.2708,10
2461233.749727,-17.8349,-36.6798,8.0031,7.4464,7.9842,7.2708,10
2461233.766167,-1.9325,-55.4767,8.0031,7.4464,7.9842,7.2708,10
