FieldName,FieldID,CenterRA,CenterDec,Nepochs,Nused,SpatialCalibCoefs_1,SpatialCalibCoefs_2,SpatialCalibCoefs_3,SpatialCalibCoefs_4,SpatialCalibCoefs_5,SpatialCalibCoefs_6,PMCalibCoefs_1,PMCalibCoefs_2,PMCalibCoefs_3,PMCalibCoefs_4,PMCalibCoefs_5,PMCalibCoefs_6,KMTGAIAPMRSTDRA,KMTGAIAPMRSTDDec,MeanGaiaPlx,MeanGaiaPlxErr
BLG02,1,269.76354,-28.53772,13447,11804,-1.74654309819854e-06,4.40796571660837e-08,4.22244252260602e-07,2.54461611443051e-06,4.70847708278168,-0.498462039844519,-265.939945284024,-69.3831680214402,97.5021947567431,14.5319742516221,0.129878131795109,-2.88407146545545,1.90490858684177,2.48118925553689,0.207151674235677,0.108923331628571
BLG43,2,269.76331,-28.537625,14005,12489,-1.37802687709618e-06,-1.12540874239579e-07,-8.62292394918305e-08,2.97241339080295e-06,4.70850150104894,-0.498497732734299,-265.332574057537,131.719254507854,92.9103239497028,374.896163916902,-1.69023615646472,-4.31266127163708,2.93437100453636,2.3083365711501,0.194022685672665,0.10899780322807
BLG02,3,269.33046,-28.07086,15544,13483,-1.84266109727311e-06,-3.60672268551204e-07,-1.10743997134875e-07,2.8373781514825e-06,4.70100225189684,-0.490263462433118,-343.025229963892,-79.8671187197669,-2.70276038790728,-200.836890689316,-3.79906525120778,-2.28703027950274,2.43244254013796,1.95486405497566,0.193206421096153,0.1224695271
BLG42,5,268.92894,-28.19905,14295,12799,-1.15477464153089e-06,-1.38554578163863e-07,-6.31308977174722e-07,3.64979793410042e-06,4.69396808667934,-0.492692414502161,-364.697868774387,-347.413572358873,95.2742271061503,317.815898817621,-1.8416102154921,-5.56420523534286,1.68074190106981,3.07468508598234,0.274123856701405,0.111202233140351
BLG03,6,270.89908,-26.94344,15020,13024,-2.00524574031217e-06,5.4766277622324e-08,2.6458462579872e-07,1.99457681355411e-06,4.72833168880293,-0.470556782976025,-220.880608677985,-69.1039146037875,-138.849812871682,197.755083013781,-0.826465112093426,-3.96153363892124,2.03672134980321,1.84420327146253,0.252428178025615,0.101110338375
BLG43,7,270.8444,-28.49867,14234,12697,-5.13898731954519e-08,-4.78508218926193e-07,-2.6121998772194e-06,3.35847075362393e-06,4.7275374958256,-0.497850722196855,553.586196293743,49.8039109475834,54.5092971939465,-131.231577390959,5.68456208977754,0.894454051129407,7.64625174309433,3.64075826663083,0.217654295885367,0.106853548857143
BLG42,8,268.57346,-28.92202,13835,12377,-1.55927842618151e-06,-8.10234457086195e-08,-1.90635327120737e-07,3.12930840137375e-06,4.68777581693599,-0.505231988607637,-278.361479922471,-56.5422037002433,0.612036844650129,416.25192899722,-2.41639733092518,-5.36722944022687,2.35471395666685,3.02248837299217,0.076299599302695,0.126628391514124
BLG43,9,270.05871,-27.97325,14122,12601,-2.1903529570743e-06,6.17720655485283e-09,1.92232055502818e-07,1.99870479752675e-06,4.7137184143132,-0.488536871281186,-340.28608249309,36.7839400832587,-7.38865551663027,359.25242726334,-3.31090915718594,-4.92912904028795,1.01860529524027,1.20114508325643,0.146189355805477,0.114753875636364
BLG03,10,271.09752,-27.02689,14531,12280,NaN,NaN,NaN,NaN,NaN,NaN,NaN,NaN,NaN,NaN,NaN,NaN,NaN,NaN,NaN,NaN
BLG43,11,271.08412,-27.03789,13884,12381,-2.0771434176685e-06,-2.46745001979965e-08,-2.19855409225475e-07,2.20138399160752e-06,4.731641790041,-0.472220862172029,-130.893039188501,-34.6629211243102,114.288298228552,43.1918791561776,-0.35278935544705,-1.49814477369137,2.45792250331189,2.69151124255638,0.221978515387662,0.0996070879777778
BLG18,12,265.44736,-26.3588,8525,6683,-1.99702473820818e-06,2.29077349687019e-08,-1.52073168360145e-07,2.07224557467133e-06,4.63322587316544,-0.460369802554102,-386.50514462383,9.6953655817105,16.3781624389113,396.134881381069,-2.62621608897465,-4.19756738947697,0.620352797349643,0.423235158648772,0.164805233439569,0.119213308459459
BLG19,13,266.97466,-24.23895,8469,6494,-2.04328864366076e-06,-1.04938507251045e-08,-1.79252473651024e-08,2.00621189821274e-06,4.65987884301637,-0.423351057447172,-354.797953832951,53.9038646344592,16.7632806706875,409.139058671791,-2.69952898606462,-3.78085443903061,1.00714740267857,0.713649101894671,0.123967173327425,0.125816942662791
BLG35,15,271.71798,-26.73372,3341,2513,-9.01611390379758e-07,1.68918381118681e-07,3.13611929101469e-07,2.904116528962e-06,4.74248102265642,-0.467052871499078,39.0821101415,353.578083859537,71.8877150264061,346.49876463006,-0.407823431313108,-4.18794126545831,1.60610733807204,2.03403117887381,0.273711650054664,0.136249372515151
BLG01,16,268.30029,-30.192115,15181,13481,-5.78943870708093e-07,-8.00550994991201e-08,1.21448029902272e-07,3.15867959040824e-06,4.68279247796426,-0.527403304744018,155.156073443986,-26.5850900074272,9.68959129202658,209.555614797789,-2.37991443752028,-6.25422310000538,3.64276581528874,3.08291556012746,0.18837232233354,0.109216862302326
BLG42,17,268.300185,-30.192365,14533,13052,-2.1229621806223e-06,3.36987487932286e-08,-1.03254079734499e-08,2.11761490775068e-06,4.68303479762086,-0.527276528701361,-252.789888353509,22.1765406731988,47.9407366168274,266.442889500069,-2.1965179143,-4.72423216166243,2.07266248588821,1.56203197960136,0.163754979776095,0.103005737398437
BLG01,18,268.018065,-30.082875,1712,1476,-2.09427081095614e-06,-8.342242445124e-09,6.39663425880581e-07,2.04780263596098e-06,4.67804166312749,-0.525283859093447,-255.823674700127,63.0597838204656,202.200345324969,273.254149973975,-4.37146871341016,-2.24023599648571,1.73854493904261,1.80592581597292,0.282728901156735,0.104249053652174
BLG02,19,268.01833,-30.075545,151,109,NaN,NaN,NaN,NaN,NaN,NaN,NaN,NaN,NaN,NaN,NaN,NaN,NaN,NaN,NaN,NaN
BLG42,20,268.01833,-30.07922,14692,13158,-1.37003708703784e-06,-2.88896698572198e-07,3.54562191123088e-07,2.60038314730288e-06,4.67795565755641,-0.525322769013132,-318.390076346409,18.5963521094494,56.0672968257845,244.001549638961,-1.49594141785168,-2.76986710126093,2.03839879109709,1.48194156434363,0.248582140636329,0.1071380994
BLG42,22,267.78688,-30.12547,14524,13012,-1.97895398853523e-06,1.10495647781573e-07,1.5942090166036e-07,2.3789606879172e-06,4.67402858339817,-0.526162577302958,-45.1565605656132,202.064147215078,-13.4694845615899,158.893135752552,-0.106601273662559,-1.3400288376656,1.507070150888,1.55111203504957,0.26935920003289,0.1118450351
BLG01,23,267.63727,-30.82865,15263,13533,-4.83921743322929e-06,-1.18316154986104e-06,-2.20193910198592e-07,2.70709892104644e-06,4.67185799012889,-0.538394405832137,-4.68538019797876,20.5906704847113,195.773552599109,249.49175172283,-1.97094375183995,-5.13119846152051,1.33136736997571,1.82073910840789,0.231602495665674,0.109481645
BLG41,24,267.63756,-30.82875,14639,13249,-2.00882073390491e-06,-3.87123338174888e-09,1.7919210973345e-07,1.95036862671448e-06,4.67140706822778,-0.538426803059879,-324.232073768479,-58.5302280172149,-14.2895550805582,364.656048987151,-1.58914231709943,-5.32564676658772,0.633803885863614,0.748294585991211,0.23333934270742,0.113571509090909
BLG01,25,269.70142,-30.771385,14790,13117,-9.49700795202744e-07,-2.17406813812674e-07,4.1594395425794e-07,3.20357562783378e-06,4.70725183366889,-0.5374885151881,-460.81142984531,-9.23282453962689,87.7016417150775,424.11437563749,-1.60094329982055,-5.17906491316717,3.04840479710955,1.54559101428535,0.204764310888967,0.124223106275862
BLG41,26,269.70133,-30.77122,14100,12762,-2.12994937970855e-06,8.18075688790871e-09,1.12416230025105e-08,1.99822455484236e-06,4.70748281728576,-0.537356513812677,-420.766321603421,52.3857524580376,-28.0679454489664,436.714318804841,-2.32616302027771,-4.83681717323673,0.703116450020862,0.762171305616246,0.217766239354232,0.123405391054545
BLG01,27,269.56896,-31.02064,15036,13327,-2.11985238137503e-06,2.96277681717114e-08,-1.84815859994416e-07,2.41471970940515e-06,4.70522315972438,-0.541787071148383,-97.2083864379404,-233.430801169698,-59.0259328023708,519.968148485053,0.127385348095621,-5.55095183067706,1.61337168459668,1.81981068308651,0.202330493312577,0.116217709935484
BLG41,28,269.56879,-31.02078,14482,13105,-1.24085357255508e-06,-4.78182723012718e-07,-7.70702355174695e-08,3.11659177087315e-06,4.70504989223447,-0.541802395443499,-259.795116042772,13.5783329647815,77.323211809067,444.506047585549,-1.48732743826123,-3.8162224363114,1.58246472355157,3.44167120702991,0.214305197040824,0.12108560990625
BLG01,29,269.28167,-30.58956,14837,13154,-2.22406474450991e-06,1.78010806465824e-09,-2.4537012487634e-08,1.91599384340349e-06,4.70017678519402,-0.534142947258227,-354.50534662984,-29.2217298674715,-14.3960200830005,222.719409915852,-2.52817412540174,-3.52149154024323,1.18507677971028,0.60314365575116,0.200081489176349,0.138266507142857
BLG41,30,269.28167,-30.58958,14305,12945,-1.99875817301228e-06,1.80493243947569e-08,-2.58742953882545e-07,2.14879707092241e-06,4.70020241488193,-0.534175956318374,-269.645483589859,-52.5706865319232,63.6414599350487,203.711464578919,-2.23339436462968,-3.59455907466096,0.816881175372793,1.52311484939622,0.147669130632894,0.139452482909091
BLG01,31,269.03758,-30.47,15043,13329,-2.13529109500073e-06,-7.88227493526902e-08,3.6069725131035e-07,2.29452197210539e-06,4.69592253669597,-0.532103895494845,-525.910882591824,49.111133810639,177.336620697526,454.275259380826,-3.27288140088432,-5.14978778722675,0.721241902232872,0.570004101882991,0.300774395716756,0.151853397263158
BLG41,32,269.03758,-30.46993,14462,13086,-2.1966910354522e-06,9.07826921331599e-09,2.06919873246109e-07,1.97459037585631e-06,4.69594357835515,-0.532074125229661,-427.236826372441,4.55164258041167,6.16319262100018,416.637159261669,-2.32443329589793,-5.0870951560879,0.9633319015675,0.448817126250162,0.30179737160094,0.133286739
BLG01,33,268.79921,-30.107045,14778,13106,-3.54830728763007e-07,3.9594668657548e-08,-2.27012527410409e-07,2.85769229004051e-06,4.69152070337504,-0.525913222716302,-47.2689032783345,-101.608761861933,-123.079997707494,72.4053928154159,-0.667061866257589,-1.74789190945186,2.96213469488142,1.75255047809964,0.185342663105021,0.123525127032258
BLG42,34,268.79921,-30.10697,14287,12802,-1.16041275118925e-06,1.48673226249705e-07,-6.65395012917395e-08,2.89848207712897e-06,4.69163052168189,-0.525965397864012,-215.48969312943,-121.863105154411,-210.394707833573,323.110234368045,-1.64367999473646,-5.62437580842797,2.82960440575365,3.22515342870475,0.0580140425430914,0.130533513612903
BLG01,35,268.67196,-30.81075,14699,13026,-2.22861406370692e-06,-2.83201886540216e-08,1.35040458126641e-07,2.01805041231709e-06,4.68954014555944,-0.538033005981059,-351.217400241035,72.4507124972468,-62.3026304608504,372.130378156727,-1.95564702058072,-4.92990999097957,0.776421456329877,0.819311300086312,0.228942227648248,0.113500639828571
BLG41,36,268.672,-30.81047,14219,12862,-2.19550810640871e-06,-1.09254004184513e-09,-2.78138794557833e-09,1.93291905997773e-06,4.68955891012039,-0.538024323247207,-249.246203692594,-36.1186458299307,26.6206862105096,266.556574294011,-1.96592213414905,-4.99553323127268,1.22650454152172,0.631940520170925,0.13534940465458,0.120691115764706
BLG01,37,269.56456,-31.794045,15065,13349,5.40781760668553e-07,1.84159048224481e-07,-1.63290893327319e-07,3.53127763362869e-06,4.70471127334099,-0.555475297187816,-418.612796582227,21.7793503870201,39.5395074490237,334.47973226159,-2.84703674562233,-5.19540160959476,1.06394570197362,1.41804879776527,0.12217313771253,0.102529504305556
BLG41,38,269.56456,-31.79403,14468,13093,-2.26824247156942e-06,-4.26932854323294e-08,7.26827191737664e-08,1.9252085282916e-06,4.70512514821586,-0.555200865602502,-407.219045104345,-8.36568341606361,1.98328560091543,404.54122633539,-2.76735161906324,-5.14176732052696,0.392518791164873,0.564422006765225,0.154734793900565,0.105413581789474
BLG02,39,269.01014,-28.064315,15200,13180,-2.05474339249057e-06,3.31617982190732e-08,-2.01427215761287e-07,2.0748578177121e-06,4.69542155699432,-0.490133517228524,-409.052961049017,0.176753182681858,-17.7943237572504,388.422907684713,-2.50445309257966,-4.85306542908916,0.833074963383121,0.626244952305692,0.206227840540551,0.100156768655738
BLG42,40,269.50696,-29.63611,14837,13309,-1.22358375969676e-06,-3.42065022862845e-08,4.46106809794478e-07,2.00952077878546e-06,4.70396008749348,-0.517558810493651,-135.675179908345,-20.9926063810346,36.6302855363148,135.954693768802,0.346224988012325,-4.39787095284087,1.55879189627429,0.856610883987897,0.16994056290834,0.112234781625
BLG42,41,269.05742,-29.61261,14685,13152,-1.51731488753872e-08,2.00056792482625e-07,-1.02856128102721e-07,3.80232413396558e-06,4.6959669966197,-0.51746347715053,-405.733386717933,0.172845917388213,160.363222054346,243.778899282773,-0.34055806820766,-5.35153658644743,3.55847543835299,2.96077483227204,0.185521572971857,0.114956317757353
BLG42,42,268.71842,-29.33872,14499,12997,-2.01954692747362e-06,3.6784248174744e-08,-2.19804508173695e-08,2.50488491739373e-06,4.6903018950894,-0.512398240999064,-249.290011534219,-114.485159678054,-3.4174571205066,288.154269097615,-2.90235499117272,-5.13427416472773,1.92841295199967,1.88226917979431,0.145858077232903,0.115715453818182
BLG02,43,268.02142,-29.93961,15147,13140,3.13327505990553e-07,-3.45005097657143e-08,-3.1515210939695e-07,3.39659285786769e-06,4.67782397136391,-0.523015199432081,139.443334939014,330.553815854562,-52.1668912999786,-46.767140664029,-1.97869781125256,-2.57630578157333,2.95683742997643,2.2183843655599,0.357065401250217,0.116946058428572
BLG42,44,268.02148,-29.93956,14554,13038,-2.15477459980502e-06,6.96072120012479e-08,-2.59183604229103e-07,2.19676177433643e-06,4.67821404425513,-0.522876972772803,-416.392807454892,-5.01844425398224,-9.47019979430361,388.864338832326,-2.33006478247433,-4.3795469561661,0.545997935229216,1.04654577055918,0.35749937818647,0.129082243222222
BLG02,45,267.86462,-29.83853,15224,13204,-2.01564200242169e-06,4.95623834938408e-08,2.4813596110826e-07,1.95154147290214e-06,4.67539378429,-0.521085908701052,-175.121545642344,-120.723206202713,161.874742694636,271.948846020587,-2.92146720507266,-2.47772209498306,1.6459309630543,1.93096446874888,0.285063840622016,0.10778138055
BLG42,46,267.86475,-29.83814,14637,13115,-1.69521219426416e-06,2.75661609774742e-08,2.9877091472068e-07,2.20167579276303e-06,4.67536688658841,-0.521118032253428,-474.388349041878,-55.5693815718151,-114.203918335477,323.080835292792,-2.09972396867215,-4.91440079865463,0.96556062423569,1.2950602144146,0.254513642714148,0.107884095424242
BLG03,47,271.49617,-28.10333,14696,12740,-3.86914942215509e-07,3.60023401968538e-07,-1.71516271897451e-07,2.75394017821317e-06,4.7386285526429,-0.490972791605325,-12.3230775886194,-192.894735837243,357.198499972129,-14.4969690700733,0.829464322865176,-5.60189658825874,1.76531420107745,3.18834285881919,0.0636716804851843,0.129822218409091
BLG03,48,270.33463,-28.478765,14937,12931,-1.22984724333571e-06,-2.02375693043378e-07,8.30700494244322e-07,3.19435391289503e-06,4.71823625878407,-0.497506384416429,96.6562157194272,77.9932100188349,-299.451800965342,372.669245085863,2.83896956959259,-5.06998580590922,4.69230687513984,2.62597425398848,0.283769480311478,0.110717721962963
BLG04,50,270.58348,-29.17847,7638,6560,-1.17343496960866e-06,1.10818229278826e-07,4.37461819223042e-07,3.59377134424871e-06,4.72271332026997,-0.509801895735914,-363.910802205612,9.31026888401722,-79.1332233849619,237.787777798358,-1.86686343773043,-2.06112365379834,2.27550260033583,1.55738007992314,0.316697904899859,0.115236454225806
BLG04,51,270.06408,-29.143905,7360,6321,-1.66515508471513e-06,-7.32148689348699e-08,-3.35147723397182e-07,2.60467897383964e-06,4.71380375512853,-0.509017970658275,-171.348460995467,-166.889878538893,60.3240986525682,217.558456473459,-2.93769652482446,-6.17467214155618,2.46260981603866,3.20879901278283,0.183094536026645,0.0980317829701493
BLG04,52,271.57304,-29.170375,7436,6391,-1.55419613500608e-06,9.47191813476475e-08,-3.87452980919707e-08,3.17247930680391e-06,4.74006221490313,-0.509586739487112,-339.366751010428,26.0327846193402,60.8147394215398,377.230510102435,-1.79220791693577,-4.5247915242487,1.50214903866616,2.31837543900562,0.219582707275087,0.121238343233333
BLG04,53,270.86154,-30.41735,7448,6429,-3.81435843500549e-06,2.44050676233242e-07,-3.80126985547549e-06,2.34241550265802e-06,4.72864043225239,-0.531274928606192,175.273742955493,-582.568030581357,43.2083400829893,-510.16980342276,-0.268764297490479,-1.22224531965862,0.954722211179987,1.16430456995949,0.0380705395454179,0.101336686
BLG04,54,270.00704,-30.80803,7110,5893,NaN,NaN,NaN,NaN,NaN,NaN,NaN,NaN,NaN,NaN,NaN,NaN,NaN,NaN,NaN,NaN
BLG11,55,261.03353,-29.8538,3689,2716,-2.14114419706982e-06,1.31163910003603e-08,4.05461602585283e-08,1.98235515301992e-06,4.5562275396775,-0.52135165887911,-388.966006707378,-11.9976809727017,35.0116359624873,369.481742187726,-3.3700049361818,-5.63752330505342,0.644451525196532,0.773496530579027,0.104417582287846,0.112617120262295
BLG11,56,262.836925,-30.844915,3681,2710,-1.03247783794067e-06,3.55691823695717e-07,9.5611674414227e-07,2.81946598916056e-06,4.58738327704865,-0.538817775702318,-404.233177077601,-26.5915086125873,24.6091708396754,324.712959993268,-2.21930393629127,-3.51834900435318,0.983739707515557,1.46873270982716,0.215534623087852,0.115365443380952
BLG11,57,262.36079,-30.39299,3688,2714,-2.16292794561363e-06,-8.77787605476794e-09,1.02253187080134e-07,1.98927014336603e-06,4.57936576508374,-0.530742321194779,-413.128937632932,-6.20483360400141,-136.564338633613,312.633804793747,-4.60334553864898,-3.85908136093251,1.07285800535711,0.803607533756655,0.222642365144965,0.114918044265306
BLG13,58,264.21317,-34.54438,2394,1536,-2.2799819372162e-06,-4.55982506661507e-08,-1.01904762413488e-08,2.11249169608439e-06,4.6117343965359,-0.603228258730442,-269.382120456703,-90.8840838144546,102.537673697997,331.133764354542,-2.46672946121287,-3.7640110143043,0.960866475937937,0.671585899319211,0.309543149575824,0.103036280909091
BLG14,59,264.117265,-28.631935,7680,6546,-1.11706118107642e-06,-3.70856555304611e-07,-3.1053906463478e-07,3.15937896434303e-06,4.60988754579141,-0.500136329813762,-296.654782605129,-32.6100070918029,89.957994934709,376.156605505997,-2.35297995615749,-4.18591294158406,1.05263032370925,0.650950700356584,0.11572293877296,0.136544260225
BLG14,60,263.79348,-28.018085,7699,6563,-2.17098733657079e-06,-5.57750637333011e-09,2.07674586927257e-08,1.89296521407979e-06,4.60438142628968,-0.489276184374055,-507.683195993713,-79.9421171515034,-164.8263690427,325.673501037946,-2.46334776401665,-4.28060833689567,1.41990857737287,1.27266584136863,0.180852544276209,0.116187741233333
BLG14,61,264.791055,-27.94217,7692,6556,-2.11757318565771e-06,3.10236684150349e-09,6.26135579192403e-08,2.00164307032464e-06,4.62179354501849,-0.487979401766016,-293.842678764757,-50.05991221353,71.6895385471347,115.970070929611,-2.94192693646869,-4.00453885961279,1.74945046445263,2.62120223076479,0.0874889103927049,0.15726574590566
BLG14,62,264.65619,-28.03887,7677,6541,-2.02660756546867e-06,1.46591649749776e-08,-1.17603201364154e-07,2.047932538315e-06,4.61945265706768,-0.489717893242336,-392.604954441521,16.5770312227245,13.0386045918085,382.8038366003,-3.2438189008315,-4.74144535629851,0.849944014914622,0.550764286845884,0.0678885464505427,0.111630301645833
BLG14,63,264.476695,-28.55804,7553,6434,-2.0389035547759e-06,-1.89235212759363e-08,5.46952537559574e-07,2.21839813996921e-06,4.6162635767647,-0.498782618244921,-393.815021522654,58.9808896643201,6.61222327893629,431.316696882022,-1.17089385182335,-6.48545653604067,1.14076984931145,2.49790406216689,0.260935233163142,0.11298663596
BLG14,64,264.50693,-27.968645,7706,6568,-2.04646552843335e-06,-3.2447190561192e-08,3.09584009602734e-07,2.24650145224853e-06,4.61677133123373,-0.488486204449247,-354.024962559614,63.5564955561153,-36.8254470054574,410.189609205121,-3.18295863703029,-5.6684013112196,1.27853978305523,1.41989298338734,0.0475300859048915,0.1264677435
BLG14,65,263.77403,-29.92292,7686,6556,-2.3326000873248e-06,3.49037732121826e-08,-1.46498597168288e-07,1.92880550569561e-06,4.60412426766946,-0.522546573110193,-336.738620686559,3.56625516297549,-113.034534730891,393.594344275686,-3.86941760493752,-2.89773965394696,1.13323558730314,0.798547513916241,0.101500835155286,0.12783478772
BLG15,66,263.5269,-26.59005,7744,6518,-2.14431434743456e-06,5.75139313153061e-09,1.61960656849399e-08,1.92953794556254e-06,4.5997511472458,-0.464341746369627,-396.321166619991,-23.7564607097252,21.1520427021249,394.954322445667,-2.6908854897754,-5.60438556042368,0.393872715788587,0.609656188506531,0.11371510792715,0.127208408490566
BLG15,67,265.01655,-26.04321,7571,6363,-1.86019052945942e-06,5.72119023339939e-09,2.5869032915361e-07,2.30785047783438e-06,4.62567153054693,-0.454896659218976,-377.307051269479,-5.58523617971064,2.07607317979261,390.243100963085,-1.75996920144833,-4.8762847028573,0.786511745578304,0.879026696856088,0.158043768456199,0.106179197456522
BLG15,68,264.452215,-26.41404,7573,6365,-2.15915060933562e-06,2.75490857629581e-10,-6.06808123689578e-09,1.93046382344799e-06,4.61589570889536,-0.46130419168054,-328.676255209532,-142.339930272902,-24.0834412566757,469.901141916593,-2.13842045403077,-4.68291160877444,0.925750389584868,1.4545635069821,0.139272556311377,0.116512887117647
BLG15,69,264.26856,-26.24938,7649,6437,-2.06882912513684e-06,-1.49935575629492e-07,-1.25713679536916e-07,2.24003462319908e-06,4.6126986985475,-0.458420265330543,-287.905728445453,-103.228918385814,137.397425453161,305.357527293856,-3.00408400768382,-3.52760767172248,1.12547948624961,1.14317325127595,-0.04298030978894,0.113229971
BLG15,70,264.65068,-27.261825,7614,6401,-2.17831549667679e-06,8.01935217150302e-10,2.06919203449875e-07,1.96110721060896e-06,4.61932071099835,-0.476147889348064,-401.764281267801,-3.14410389068956,4.6422715818282,402.311436610095,-2.40708628374576,-5.16287563498539,0.382111128723447,0.283975801660844,0.120406703763848,0.101273872176471
BLG15,71,264.15308,-27.509995,7539,6337,-2.17454422646433e-06,-4.70303687259103e-10,-3.64545134885171e-09,1.9089650516976e-06,4.61067683160817,-0.480420651120982,-420.913383601904,-1.99426208034578,-32.3882549269537,339.877650699437,-3.58944254796712,-3.98757995258167,0.570876939032395,0.864168633757077,0.0510148069677019,0.119130447875
BLG15,72,263.735065,-26.868795,7667,6448,-2.06225731567799e-06,1.98270794724402e-07,-2.13538357977079e-07,2.28092768194699e-06,4.60340880010996,-0.469282495286797,-337.708974704085,-18.5491347587788,-66.9207208104726,184.875264175379,-0.987747499250237,-4.17866537432837,2.73271477242747,1.43647366400325,0.163308528618672,0.15159138056
BLG15,73,263.07529,-27.42093,7695,6475,-2.06039936770082e-06,3.90390145980708e-08,-4.22810414578708e-08,1.89685485261105e-06,4.59185468089076,-0.478883608753046,-430.864787943025,22.6286270331249,18.6627873519277,378.041532153513,-3.70140968546849,-4.17950949684169,1.02481523801187,0.718387821967323,0.345673961719061,0.120832622068966
BLG16,74,265.380245,-25.421725,2337,1836,-2.06853167228919e-06,-5.09605199211959e-08,1.10193484178308e-08,1.88503930515615e-06,4.63207016458866,-0.443973005946145,-292.42347376003,-136.957011856611,77.7402589884267,324.498125424976,-2.90445382791386,-5.72537378218787,1.62030313155589,1.84280077010049,0.212457471732189,0.155152011382353
BLG19,75,265.3808,-25.422225,8530,6553,-2.05691237800337e-06,4.0866068986126e-08,-1.95578509850335e-08,1.89760935338457e-06,4.632072436709,-0.443988774468241,-362.179393464214,18.163552633967,24.2048030564418,370.738744818209,-2.57540365430913,-4.70968797066291,0.469294902653049,0.524155658590727,0.130870573097178,0.153949790052632
BLG16,76,265.03026,-24.91246,3626,2616,-2.10679164326674e-06,-2.25748475164594e-08,-1.02285536886494e-08,1.92605206025141e-06,4.62599440866502,-0.435094811830424,-460.06906230243,23.1155903830507,52.6694295611152,376.232053684887,0.869556108214925,-6.70913742953966,1.36734801116844,0.809958582446348,0.305193934408199,0.164091858
BLG17,77,266.3539,-32.92755,7762,6753,-2.30444137904436e-06,3.10446774988021e-08,3.73177060286784e-08,1.93684473722124e-06,4.64910511111426,-0.574960936187172,-288.384890276881,-44.3955608021928,73.8804917128838,382.924440926469,-4.35164220132394,-3.89061852648822,0.800147613049526,0.678685824588692,0.190614240781304,0.0977983951428571
BLG17,78,266.7595,-33.92958,7788,6780,-6.3355282346944e-07,5.18232152920444e-07,-4.70722385376481e-07,3.85978510195695e-06,4.65603646516047,-0.592800459501096,-368.148074782229,-2.68535093170771,-187.579080652628,397.768038133276,-2.93853795415033,-5.16587732766455,2.83326377381322,3.44482458556414,0.163212871657172,0.113016371375
BLG17,79,264.969675,-33.47043,7616,6624,-2.25403922816498e-06,2.57265210751212e-08,5.2125033793109e-08,1.94809373698745e-06,4.62496159300632,-0.584444519973404,-331.854056022259,25.8860018107406,27.8377583904149,423.177219774228,-2.83274209272227,-4.2032203124698,0.781435807123193,0.457297303395085,0.204432873004683,0.103459660730769
BLG18,80,266.41767,-26.0323,8522,6677,-6.18257643733433e-07,7.19167667033574e-08,4.98460696015009e-07,3.12858702783273e-06,4.64988241547805,-0.45483639827802,-375.898747064351,-135.120070968873,29.4582461152931,224.253915581024,-2.49411707112564,-3.01569347614383,1.44040818956026,2.33821915233429,0.212859683799182,0.118063880359551
BLG18,81,266.29956,-25.74014,8428,6654,-2.17008518602783e-06,-9.21678239505042e-09,1.18109217363539e-07,1.95629425458838e-06,4.64808938407583,-0.449545708283337,-325.426116158522,1.489828032806,73.0165484198148,472.571727516374,-3.16095435358663,0.107053471509223,1.77466737021562,2.1836380488888,0.129880285006414,0.122668519442308
BLG18,82,265.806695,-25.77152,8535,6686,-1.29719826707784e-06,-1.75193413951259e-07,6.16152193044385e-07,2.92247987044204e-06,4.63931587043488,-0.450218499397604,60.8046479903866,183.364790359885,216.78804804697,325.298701959398,2.23598168958055,3.53747132883127,3.07009129903636,2.7471615934029,0.157196832225188,0.149563658377778
BLG18,83,265.96181,-26.950155,8454,6618,-2.15944910489184e-06,4.39715322895099e-08,4.30459650612865e-08,1.92910225416299e-06,4.64216473268796,-0.4706590215538,-411.684619307455,-8.21662316369296,18.2376404439686,390.43640318622,-1.94465856901784,-5.16240106861653,0.210759115701797,0.772870978771501,0.141814356305559,0.111363990090909
BLG18,84,265.92681,-27.0118,8520,6676,-2.16658952642437e-06,5.6747971394031e-08,1.19571139633626e-07,2.06164186962665e-06,4.64167816273845,-0.471791918542101,-418.108299097907,-44.5874272241541,24.1896017655874,390.366552146662,-3.29760041263265,-4.31565269842434,1.4145670815897,0.513259471694808,0.193845789149412,0.129536757333333
BLG18,85,266.035845,-26.91491,8511,6670,-2.17306375815345e-06,7.57566361554318e-09,-2.09756464132931e-08,1.93527525044882e-06,4.64354959947722,-0.470020397513473,-529.796605942546,-41.2446524886868,-138.070117519315,212.654107708097,-1.90907701297015,-2.78947601978117,0.727570429045326,1.61743744159155,0.235043386827077,0.112635461542857
BLG19,86,266.37685,-24.14657,8643,6640,-5.62298324934044e-07,4.7946101500093e-07,-8.83750228681036e-08,3.25761129596176e-06,4.64917818428355,-0.421966295977124,-120.840299286234,310.58084853287,-300.252519202457,-115.654072978907,-2.07714991268787,-2.04539394555464,2.85188398026531,4.77179181705185,0.293881930478835,0.106048133961538
BLG19,87,267.237355,-24.16324,8691,6675,-2.02125555152778e-06,1.38775437560294e-08,-6.7536644578303e-08,2.03098005917584e-06,4.66453840407895,-0.422027243662936,-484.885695367094,-63.5162815800895,-74.616306576286,337.400749931281,-1.14902314867124,-3.58659541573628,1.22469963488955,0.728651667416038,0.156515324506738,0.125778414144444
BLG19,88,266.08829,-24.76677,8426,6462,-2.12629751718167e-06,4.7010034584873e-09,2.15137570957077e-09,1.9352500515351e-06,4.64440641481749,-0.432553110212119,-424.009275829826,5.98108418021911,-32.3613642110387,404.475623852657,-3.2359241285222,-4.02258654100615,0.595176232995918,0.77206379575709,0.273323512537195,0.137302862405405
BLG20,89,267.38113,-22.1949,2707,2467,-2.01746846393613e-06,5.90349194037222e-08,4.80422975875782e-07,2.18190650730598e-06,4.66694857856325,-0.387661234177601,-654.500941825707,87.0381898754568,-196.59464749165,533.768192208148,-3.19826910617752,-5.74250556258954,1.36631446087886,0.828153516147694,0.162209121899088,0.108618415
BLG20,90,266.96587,-23.05139,2663,2427,-1.92849273078094e-06,4.40194496982395e-08,1.87844604394817e-07,2.10857220076784e-06,4.65967628365241,-0.402644919797972,-95.8164334317899,90.5005944408859,179.4992513105,110.253271464625,-3.39748584091625,-3.24706818221661,1.29060966902975,2.46519853506922,0.197643704267227,0.114579104657143
BLG20,91,266.69687,-22.80556,2638,2398,-1.89754434885403e-06,1.66992614099992e-08,-2.4887560137705e-07,2.12633430097561e-06,4.65504213935373,-0.398370182802619,-346.095476434533,-48.7547521803097,-37.5473131767819,252.632084731522,-2.2837797664072,-3.42019222606333,0.975786464275924,0.680902100738167,0.276539182013664,0.1181722385
BLG20,92,265.86644,-23.37842,2711,2467,-1.46854163515584e-06,-1.68239771169783e-07,4.52993762325918e-07,3.48917623214072e-06,4.64040240638219,-0.408521820316439,-353.753937855885,17.1949455883689,206.464226962244,433.66426508903,-3.2792173070136,-3.72820725577115,2.15505762171387,1.08913265000663,0.140780954335427,0.10406611625
BLG20,93,265.40408,-23.10557,2651,2416,-2.0387515579283e-06,1.71692334376717e-08,-2.98877035644536e-08,1.90911764112062e-06,4.6324918642207,-0.403559365137071,-308.335816725695,3.10852216011952,-45.357097911513,418.859271916206,-2.83366267888441,-4.84891909984811,1.0676743790535,0.786051170741,0.20687026147155,0.0977090120958904
BLG21,94,267.44,-34.83781,3263,2676,-1.93217971667263e-06,-6.59468061478701e-09,1.40824944168882e-07,2.05524206667338e-06,4.66803042228461,-0.608348951328282,65.6314085022901,11.4994346489307,351.500576095078,195.286725337774,-2.14704818292318,-2.87391776171968,0.72063598805135,0.851136058080246,0.281972162526628,0.15329881675
BLG21,95,269.71471,-35.06825,3255,2670,-2.25297324235715e-06,-1.28443124376471e-08,2.11677420618778e-09,2.01506225292202e-06,4.7077607777762,-0.612346277869848,-393.4616391522,53.0764561216818,10.380137466009,412.847055155855,-0.491547663893802,-5.24399911591045,1.00577920186891,0.630965007886161,0.221760180666207,0.10230658325641
BLG21,96,267.46792,-35.77064,3175,2603,-2.32504315519095e-06,3.3768547007443e-08,7.00545919247107e-09,1.91289319601967e-06,4.66852442120933,-0.624582992864638,-304.460352119585,-45.1820480319452,51.2334378949476,360.848277168288,-3.27679610358966,-5.27859300512208,0.935681772894913,0.598058113319869,0.219846506300883,0.108070617605263
BLG22,97,268.39983,-32.75081,7496,6652,-2.26837382973386e-06,5.91406197092442e-08,-3.52672424053227e-07,2.2865802389416e-06,4.6848890006883,-0.571964311090309,-246.106648627721,94.8030210759234,46.8352462379084,156.024692231609,-2.76964300297808,-4.07048809772506,1.09308370127668,1.58106542136807,0.138436638037884,0.134518572958333
BLG22,98,268.33021,-32.43153,7335,6521,-2.07328957566968e-06,4.15950717609337e-09,-1.45973204695588e-07,2.14534708691711e-06,4.68357405528719,-0.566344875708209,-387.162755617171,28.7214695266832,-13.8771597230491,341.638487491095,-3.12737260945889,-5.44471976562866,1.58808964944503,1.46823381529427,0.125701616816977,0.130306499473684
BLG22,99,268.16142,-32.490375,7285,6461,-2.27791562663547e-06,3.98540406793616e-09,2.78394840218663e-08,1.89242268268716e-06,4.68063845461689,-0.56733610661949,-229.27713188006,-288.73598378585,29.1058112981251,98.5522960412109,-0.40881804850267,-3.52097339035875,7.71570307644964e-16,9.56747181479756e-16,0.64598372570889,0.136654153333333
BLG22,100,269.37017,-33.67461,7491,6647,-2.03729209770478e-06,-1.58807406037699e-07,-8.27486035445756e-08,2.68373909615591e-06,4.70172688911997,-0.588115689430158,-212.575088165632,3.58219879904456,40.867192890632,351.918147688119,-1.95158408036685,-4.70728771946368,1.27424026085775,1.02991652135877,0.335232281899109,0.132763693321429
BLG32,102,273.54362,-27.72197,3367,2558,-1.95148274531909e-06,-1.28323940076337e-06,4.24997082470946e-07,3.15417592661515e-06,4.77461535350028,-0.48410461083932,-31.7319623342923,-198.345905739314,34.1011991376814,-23.8636360177157,-0.0378162663737705,0.803236798740328,1.02641724515892,2.57072873065285,0.190478202774778,0.105402182833333
BLG32,103,271.75625,-28.25161,3338,2532,-2.24867109669952e-06,2.27955828689631e-08,2.66508337324113e-07,2.05738860901485e-06,4.74334921835729,-0.493388074730008,-132.807977929535,-164.54024008604,205.528513482541,225.101379990327,-2.80798843067546,-5.35773205920851,1.25208581582915,1.74054112581341,0.235556699985416,0.123629227914286
BLG34,104,270.11,-32.005805,3433,2692,-2.30587660403438e-06,8.63940664169875e-09,5.4221557934547e-08,1.98443699755211e-06,4.7146342267281,-0.558906563463352,-247.149160152225,-61.4898502958877,52.0958110548739,393.077461098794,-3.14948168595588,-5.03281913835526,1.04519629927926,1.14738695472512,0.218005319485436,0.100287235090909
BLG34,105,270.37687,-32.68631,3354,2628,-2.16674424562044e-06,3.66449344974099e-08,6.85273361436856e-08,1.95801884400223e-06,4.71931174979768,-0.570778695769615,-39.502090730242,127.68523203437,70.8161400978077,279.591140453396,-1.26709883198669,-3.93321508511156,1.40228675938053,1.62193567011745,0.263997925561047,0.11980916224
BLG34,106,270.159165,-32.275485,3398,2668,-2.1490382290826e-06,3.14817735875196e-08,3.95093647459056e-08,2.02741256379966e-06,4.71546774548783,-0.563615118974504,-190.408131913515,-262.182123850641,161.261314840818,202.723823608443,-3.67462780584758,-5.29447560639927,1.64140249662571,1.91371333373632,0.311245733189556,0.10407552423913
BLG35,107,270.71088,-25.24977,3340,2516,-2.15561254514408e-06,4.39456399018771e-10,8.98029400056698e-08,1.92847032056119e-06,4.72509904124746,-0.440978349308518,-397.477749229553,-6.85297290927976,16.0063519797965,364.830420842997,-1.08956892543441,-2.52903727096033,0.455969792993124,0.476412320273393,0.271375439039568,0.109759555536585
BLG35,108,271.95969,-25.57786,3410,2572,-2.03408909628213e-06,5.29907205848685e-10,-2.01428158859078e-07,2.14923516162665e-06,4.74689610371203,-0.446750139794711,-369.09314938116,-11.7643317154378,65.0298871982043,396.390665616363,-0.260062097979968,-3.72151477421212,0.893474837584323,0.755943246309427,0.171803375503337,0.131796029
BLG35,109,272.155,-26.62892,3402,2567,-1.92426885590569e-06,-7.96874798560282e-08,-3.12096039003727e-07,2.03846043719782e-06,4.75031213498299,-0.465061177525457,-335.957006364562,-44.9457782376044,174.801839485978,305.509559411492,-2.34901975447489,-4.63716756382801,1.25913526686278,0.918898173907945,0.236558531471543,0.0952408449428571
BLG35,110,270.44671,-26.53314,3330,2503,-2.14038208761295e-06,1.95722578154951e-08,-8.36773445039898e-09,1.9246248758619e-06,4.72050679150136,-0.463383305739572,-375.623597639778,7.3442313616931,-21.7425047880737,361.051639983654,-2.40610807988096,-4.43718610532859,1.08792569592904,0.91418045084429,0.208042197733824,0.106679064671875
BLG35,111,270.03595,-26.3198,3315,2491,-2.10116391917774e-06,3.32938683853074e-08,-1.31230308738572e-07,1.93894296946397e-06,4.71331556346273,-0.459659100724246,-380.705365566699,-45.9927488842865,49.6368664348751,339.842389952072,-1.41140252941884,-2.52077789823316,0.30280719535562,0.522149808967369,0.290709847659409,0.100046008862069
BLG36,112,274.001165,-23.44569,85,29,NaN,NaN,NaN,NaN,NaN,NaN,NaN,NaN,NaN,NaN,NaN,NaN,NaN,NaN,NaN,NaN
BLG36,113,274.09242,-24.22758,1927,1218,-2.13930358538527e-06,-9.59936825920358e-09,3.57255735154844e-07,2.03597018298955e-06,4.78408721260687,-0.423157734022214,-540.749841289692,-159.780010916238,91.3859900261654,389.202722077891,-2.51093937937735,-4.47480276223736,1.25141435001052,0.949946643848458,0.271654310094095,0.0928798193103448
BLG37,114,266.02162,-34.59756,3724,2868,-1.97622345515646e-06,2.08114416524645e-09,1.93236948576754e-07,2.33376422389614e-06,4.64325694085205,-0.604202100939969,-191.274054297197,-102.004789480736,94.638831069263,356.193207035423,-1.69762688375491,-3.74837974693028,1.45380642670229,1.63690755573836,0.167477734592582,0.111691528109756
BLG37,115,265.7003,-35.1788,3713,2861,-2.25968999842769e-06,2.59764788965883e-09,-3.38858680953223e-08,2.10510143869465e-06,4.63769225273187,-0.614334387527966,-435.539082719595,-1.81772812700197,-52.8064332742779,362.956196697899,-2.57184753017442,-4.40955035740955,0.885983569054839,0.707826452664528,0.170091665890908,0.106362427281553
BLG37,117,267.07692,-35.46597,3660,2826,-2.03533517456314e-06,5.46704182153176e-08,-1.66094722988354e-07,2.31075439863623e-06,4.66168303749675,-0.619361155086584,-350.371666657401,-93.1672196198336,90.987424381849,163.194624705216,-3.15577370460551,-2.95874855320568,1.17697378620914,1.53318555676695,0.289832834736805,0.1188330486
BLG37,118,265.32882,-35.949285,3706,2856,-2.35758617609441e-06,2.78155314246976e-08,-1.35993302541395e-09,1.91094568379507e-06,4.63119957896072,-0.627761108386624,-302.468938976295,-21.9560704305217,17.5347918611396,376.394251988204,-2.74691619055432,-4.10846995906736,1.45129207007105,0.811692683651491,0.219132579213656,0.107855035894737
BLG01,121,267.96544,-30.32962,14654,12305,NaN,NaN,NaN,NaN,NaN,NaN,NaN,NaN,NaN,NaN,NaN,NaN,0,0,0.833694464755613,0.07341499
BLG41,122,267.96521,-30.32974,14120,12764,-2.09153746533846e-06,2.53712077560975e-10,1.10813276649462e-08,2.15416715177128e-06,4.67717787228667,-0.529655109256781,-395.855673322919,20.5605615762588,13.1815499362244,398.837480798228,-1.84194817573469,-5.38288698588162,1.06896024307628,0.826950658802492,0.102167660602888,0.119368097384615
BLG01,123,269.53046,-30.61931,15002,13299,-2.02687008959228e-06,-1.28975574917201e-08,-2.77645682749805e-07,2.27366298141806e-06,4.70449273238377,-0.534713081390165,-237.163305698602,42.9196991922457,-12.5552048115237,392.927018652264,0.223544410775796,-4.74284044263937,2.74154109633102,0.673772980606526,0.443651090353224,0.120031767857143
BLG41,124,269.53044,-30.619295,14447,13079,-2.22741849979265e-06,-1.6053231482494e-08,6.66109484016465e-08,1.97646861226644e-06,4.70446526803832,-0.534663099915008,-385.060435875799,39.3280881670955,45.3548618469322,392.639842891478,-2.45830832717928,-4.34981762477465,0.929229448043976,0.828591677269228,0.464397427922525,0.132080347315789
BLG41,125,269.42492,-31.11728,14306,12944,-2.22054724427673e-06,2.76525092429415e-10,1.04506082363089e-09,1.99914902274419e-06,4.70268017109408,-0.543386856795075,-367.470613595794,29.5239130428439,4.19496184033953,372.781417749453,-2.1533514042887,-5.12378875932252,0.979923854282465,0.969010937297102,0.157162774160915,0.113697964537313
BLG41,126,268.76654,-31.087165,14663,13268,-2.16507545233364e-06,-1.29860479219201e-07,-2.71787785646994e-08,2.37937512751796e-06,4.69117875097102,-0.542922711219599,-423.557784116466,113.63926210548,-82.5449654654683,437.483881964303,-2.65093157066984,-5.16532083921208,0.754797069553642,1.20919562524108,0.26191822373479,0.116463239205128
BLG01,127,269.39913,-31.87158,14874,13186,-1.07840999573603e-06,-1.36532048465195e-07,-3.38852900066064e-07,2.74957178537936e-06,4.70207808930547,-0.556650376878448,-227.590340776735,-205.836702438063,48.1265043685726,37.85394225375,-0.786609227717616,-3.69080968341781,4.95184554698403,3.2290063404691,0.206556904819849,0.109156421857143
BLG41,128,269.399105,-31.87161,14300,12937,-2.21420460612456e-06,-3.24839991349252e-08,-2.16169627448905e-08,2.06423888289457e-06,4.70221922234443,-0.556544572746313,-338.82007727777,31.6825652237658,26.9944266940997,430.613759617298,-2.43580466906707,-4.76895004842836,0.67200858576434,0.778251110434762,0.227747931573738,0.107805463052632
BLG41,129,268.57392,-31.44072,7450,6582,NaN,NaN,NaN,NaN,NaN,NaN,NaN,NaN,NaN,NaN,NaN,NaN,2.91596911612621,5.43710418544848,0.250722499914522,0.123030635
BLG41,131,268.27733,-31.57133,14326,12968,-2.26965331995604e-06,4.63590710528436e-09,-3.34894158610958e-10,1.93184720750631e-06,4.68265034874266,-0.551302774530222,-604.242654755107,-1.94039807865723,-26.1339916209869,414.257994942166,-3.94577305543574,-4.3191971439251,0.796372392460711,0.916790709630555,0.209281751530979,0.107766930166667
BLG43,132,269.30846,-28.97447,13872,12371,-1.62906343696932e-07,-2.83456768529609e-07,-3.76905706753001e-07,3.72825925943802e-06,4.7004600291423,-0.506251570311601,10.897688294068,-262.200932709955,150.467926058611,-1.61418858667632,-1.02529149937928,-3.67645756527421,2.18195028029654,3.51494562487907,0.153951790519489,0.11029051237037
BLG02,133,269.16762,-29.39594,15347,13307,-1.24122914159172e-06,-4.18980669860007e-07,7.87764689696291e-07,4.24768705154953e-06,4.6979520995931,-0.51365183070014,346.072777942612,324.810000794751,297.64859513156,537.883281050726,-3.44034743076672,-6.02746268103726,3.78116391999089,3.84733568395541,0.199185226673572,0.110040959157895
BLG42,134,269.16758,-29.39611,14772,13236,-2.48687576585479e-07,-4.25395126252617e-07,-1.9850791478162e-07,3.75345095164936e-06,4.69793248753612,-0.513528212488753,139.996967194672,227.02067177845,55.9989571092217,9.93100365650941,-0.99585717831731,-3.8067831697624,2.68009283458074,2.65320090290864,0.174136020744355,0.108943950972603
BLG02,135,268.94158,-29.35553,15341,13293,-1.64645146910593e-06,-4.79723105769449e-08,2.36524881737321e-07,2.80672268709881e-06,4.6941742818192,-0.51276163764666,-111.616888281004,121.814313551115,133.334186291995,202.584162181636,-1.6624414382343,-4.00130222897097,1.97887441255235,2.13085748587389,0.183221856949495,0.108700462064935
BLG42,136,268.94175,-29.35536,14755,13219,-1.85015591171226e-06,-1.02778315802311e-07,1.53031528707265e-07,2.6473266297382e-06,4.69419901718517,-0.512735501594362,-15.6005364081498,-61.8558014155956,46.8856488348375,129.520805442167,-0.674979834482232,-3.02185720083842,2.41269778395757,2.13281703101615,0.229315642491154,0.11362411092
BLG03,137,271.26675,-27.659955,15140,13132,4.50508752901352e-07,-6.28248583498015e-07,-5.08838162154388e-07,3.58589769678096e-06,4.73451782652637,-0.483250389559687,-114.703099634786,-178.958328129849,-113.127270714435,-420.135218359315,-0.369641750457047,0.0639786186632365,2.32562829544789,4.34216826605923,0.250526898741186,0.099622895
BLG43,138,271.26642,-27.65989,14315,12770,-1.72328704127772e-06,3.97501218608891e-08,-2.1982954345349e-07,2.48192756633227e-06,4.73477197536837,-0.483144209717974,-325.874186126608,-11.2022745738007,3.64771900616934,338.956417187882,-2.39146879452512,-3.87870430469231,1.73124710041259,1.05947981787808,0.320511748342348,0.108910624547619
BLG43,139,270.498295,-27.05172,13846,12350,NaN,NaN,NaN,NaN,NaN,NaN,NaN,NaN,NaN,NaN,NaN,NaN,3.29639067700198,3.57950244290963,0.328982839965525,0.0896169015
BLG43,140,271.2944,-28.858585,14391,12838,-1.44604693389869e-06,-1.33413483577028e-07,5.10876279919673e-07,2.39661163575524e-06,4.73514724639956,-0.504023295718553,-44.3361975287215,212.636146573309,202.477246745162,14.7344175625977,-2.09661927459276,-5.45532676533714,1.99011162187854,2.94238247091268,0.158268970815653,0.108294997836735
BLG03,141,270.90717,-28.68931,15376,13333,-2.83833197964808e-06,-1.34036226305506e-06,1.78635279932643e-06,3.45501614097223e-06,4.72831123248509,-0.501129017756983,915.725060901411,435.541517736413,1121.69565500231,332.463199199314,-3.88269049234608,-0.237451336865416,3.36415149842117,4.03643133090906,0.45112368721728,0.109183003416667
BLG43,142,270.90721,-28.68931,14518,12954,5.62138053114034e-07,-3.71081085275057e-07,7.55009013340832e-07,2.58304945482283e-06,4.72808560068927,-0.501027761666696,-154.958003412424,-265.612447834752,237.992989435167,263.286518405044,-3.03875222219547,-5.31641819442534,3.06595106306722,2.8938328738614,0.340588654734502,0.116323409833333
BLG02,143,268.355395,-29.64318,14948,12950,-1.44672856330828e-06,-6.95029822386243e-08,-2.23671673356221e-07,2.82251757033082e-06,4.6839401132532,-0.517761939939126,-48.9751687348387,-7.24238726093007,-82.138587476464,-177.752220543056,-3.08899112883776,-5.07419804001628,3.02561486629994,3.43657644010324,0.117959515982877,0.170746371183908
BLG04,144,269.78971,-30.128365,7241,5713,NaN,NaN,NaN,NaN,NaN,NaN,NaN,NaN,NaN,NaN,NaN,NaN,0,0,0.488210520759914,0.15445611
BLG18,145,265.61025,-26.27916,8623,6755,-2.04781503546238e-06,-1.1488686011704e-08,1.54797824537067e-07,2.12768814470223e-06,4.63600046630502,-0.458975619066934,-280.61183756801,74.1103904150253,-16.1981994533121,417.596710907684,-4.08037565168518,-4.37180406671365,1.45027692390516,0.995224995596063,0.197959836385567,0.112522280323529
BLG37,146,265.97857,-35.91164,3704,2855,-1.47683153752462e-06,-1.01847504367272e-06,1.66490374837216e-06,7.38277994969092e-06,4.64225237554375,-0.627489100885384,-186.288006988989,-26.6481742874575,17.3427471897448,388.189806355437,-2.79607322134775,-4.60770870180594,2.795267862377,1.59330436058435,0.158851871629746,0.1025542209
BLG43,147,270.52871,-27.94111,14030,12514,-1.64053911465738e-06,4.53310236398358e-09,-1.05743326929985e-07,2.71511704915224e-06,4.72187369220272,-0.488062310046674,-420.499784708615,-13.6030511871361,-112.600962422615,285.695306162506,-3.54319922390623,-5.31543576333814,1.75187896329274,1.88075524165428,0.185153097063985,0.0986027519223301
BLG22,148,267.47931,-33.443785,7193,6377,-2.2214102375583e-06,3.64065448784807e-08,-2.69337325326142e-08,1.97806646894724e-06,4.66875281508876,-0.583972780907711,-338.991519530364,100.081136721741,-25.4521019404449,409.419726376061,-3.21486358567452,-4.37665334062173,1.08758385468285,1.21665600503795,0.129142015412441,0.108985951841584
BLG01,149,268.45604,-30.36733,14755,13075,-1.16023088057506e-06,-3.15506739829808e-07,2.74659382029832e-06,6.80501353979326e-06,4.68519366514582,-0.530841478624927,-282.710572699838,-10.0927175027812,-126.099156989857,121.932507248348,-1.51645150603278,-3.02913980033299,1.38161482813022,2.61500102262639,0.160269529725336,0.122485455416667
BLG01,150,268.528805,-30.178315,14462,12821,-6.00983159569292e-07,-2.14455771343456e-09,2.65906047425453e-07,3.40639215390984e-06,4.68674564742201,-0.527239688558141,-330.78363926152,16.387144449386,50.6400059233927,290.49966934244,-1.79501611069185,-4.8686414846586,3.31357546535252,3.59971433459313,0.126831522153736,0.126344954247423
BLG01,151,269.19563,-30.972,15190,13466,-7.07143718954459e-07,2.30792808020116e-07,-7.98412379299745e-07,4.28620150062486e-06,4.69855509208913,-0.541199290028584,-516.443535084289,-351.876468940059,-264.366734013747,-230.840037619534,0.228799885175631,-0.756827932078822,4.79553761811604,3.27803471651823,0.224793563831261,0.114797739285714
BLG41,152,269.19563,-30.972,14605,13219,-2.05276524362479e-06,-1.87331194260826e-08,-1.73167790674879e-07,2.76948606027997e-06,4.69869594952078,-0.540962053998883,-304.17044320109,79.086845686985,106.949444478418,368.907394054764,-3.14048888336533,-4.94284156888458,1.85104016444314,1.79801037838737,0.274580596234213,0.120601364918919
BLG01,153,268.67006,-31.031905,14804,13119,1.45370429336556e-06,-1.48582694122295e-08,-5.60047626303901e-07,1.99864834861955e-06,4.68940161946218,-0.541910101786609,621.818638460106,-139.644704884421,148.479005861932,31.5310512613821,-1.98792046856869,-0.500860891378468,1.72831748912472e-15,1.29623811684354e-15,0.1157068431828,0.091471155
BLG01,154,268.91471,-31.31039,14533,12808,-2.56516908041374e-07,-3.1620283253526e-06,-2.09325799922552e-06,8.08667502952904e-06,4.69361168759427,-0.546751084191865,-428.081975173074,-66.2636407691305,-317.232378174025,301.072376087597,-2.63954453489561,-4.11419602478468,1.96460994246893,1.42554925978087,0.0786746729590997,0.101032312166667
BLG41,156,267.86475,-31.44883,13873,12554,-2.31602987128651e-06,2.77609287127713e-08,-6.97769519980694e-08,1.95139446783515e-06,4.6754797121792,-0.549195104652283,-256.401463153942,-99.646785474443,-30.6549051538934,43.0260960344645,-2.56707659557045,-2.74710666077352,0.828730687212785,1.42194453288743,0.262816704631297,0.11395347205
BLG01,157,267.95654,-31.26072,15149,13430,-1.77913085545868e-06,1.23686126606388e-07,-3.68830075917623e-07,2.77861483328879e-06,4.67707071251097,-0.546088135403044,-269.805586180951,-78.7994443426803,-83.8305062971355,136.864402558684,-0.20316979764191,-4.56635559998639,2.77284486671454,1.06966473798433,0.274270997313249,0.102607256809524
BLG02,158,268.391275,-28.56145,15524,13461,-2.16775070707287e-06,6.40377813503264e-09,4.54831198726339e-08,2.02569636337695e-06,4.68463433963008,-0.498806776391193,-350.137519884547,10.7408895172498,32.2978507793136,402.899729945211,-1.79483135421568,-3.5865798959435,0.863528750997207,0.768053956407031,0.191631035511826,0.1062424281625
BLG42,159,268.39095,-28.561555,14903,13364,-2.14898626458854e-06,2.0309503251347e-08,-1.77703347838453e-07,2.05005869770219e-06,4.68466244832111,-0.498813502237348,-376.288290273226,-35.5074328442631,33.9249006679172,413.220623970368,-1.8820108158505,-3.98725687217684,0.838616604413614,0.909315436110608,0.129654915219452,0.107068387875
BLG02,160,267.84432,-28.46538,15364,13318,-2.12485100382963e-06,2.77956696230667e-08,-1.06896289666676e-07,1.99483324084347e-06,4.67510228055527,-0.497121741989662,-229.885950111262,-188.722998932488,315.39725467114,121.419580838192,-2.28331669802945,-2.67245201269893,0.812696286687138,1.57932216406576,0.327355354679467,0.103635725648649
BLG42,161,267.844365,-28.46551,14753,13225,-2.13066521261245e-06,8.20917901298192e-09,-5.6885577367556e-08,1.95405171503322e-06,4.67509511714549,-0.497111985778423,-170.457989201102,-60.7569559868058,279.825901220152,197.828886400446,-1.57257836527422,-3.00560016713613,1.14581124034715,0.961651848260942,0.302425330112335,0.103375814829787
BLG02,162,269.40458,-28.75686,14948,12946,2.23613761536353e-07,6.93355784093197e-08,3.84893708775251e-07,3.2868814018098e-06,4.70187995842669,-0.502378963948504,5.63662283984413,-22.6044275674511,217.193277770242,16.9763344038935,0.584488899418219,-3.28789106907,2.8904637092263,3.16320231062734,0.132080111484754,0.109367969802083
BLG03,163,269.40454,-28.75686,14719,12750,-1.46490688953406e-06,-1.62307128722652e-08,1.9855469616244e-07,2.89236888408652e-06,4.70218824983583,-0.502332143859581,-63.567895193593,-3.07546053847234,70.950909449528,86.3086298541592,0.197242757727349,-2.78294500673249,2.65666049733651,2.81113143211305,0.148606128007385,0.112047855351145
BLG42,164,269.40458,-28.756905,14346,12850,8.25356209576937e-08,2.17107200310916e-08,1.4415813518472e-07,3.34376670842941e-06,4.7019609758817,-0.5024057391648,-242.142543473132,-0.420962772761222,49.8368706292595,3.90643341961432,-2.31753302702461,-3.12156707133443,3.23703836563501,3.05682403851292,0.147150207744203,0.109575680327189
BLG43,165,269.4045,-28.75689,13896,12388,-7.88423822837806e-07,-1.24638995397797e-07,7.64871817831535e-08,3.2748518720439e-06,4.70210558829665,-0.502376468049964,13.0325830708959,-119.958214488445,-101.900232968807,-146.380753992451,-1.19603656219062,-3.41000842048476,2.91078991220802,3.43285968910949,0.147200509461959,0.113671478183908
BLG02,166,269.10025,-28.0279,14859,12874,-2.40669528151217e-06,4.75794476901236e-08,-3.32568804540651e-07,2.01255995312529e-06,4.69705197464048,-0.489469138025803,-317.542168005674,27.3209150462672,49.9774911165207,328.673332542584,-0.523397583813595,-5.39251892568001,0.553576644146517,0.573214998949908,0.28356050886325,0.115433992785714
BLG02,167,268.93185,-28.05649,15262,13226,-1.9648286912064e-06,3.63749729937219e-08,-8.29116544793099e-08,2.33893093017715e-06,4.69408735336562,-0.49008674940047,-353.860383104875,8.14576539699623,8.39038714234118,389.954187892232,-1.91439003491677,-3.65413325337762,0.833474313308347,0.655626731209208,0.200915858327365,0.113000397583333
BLG02,168,269.44313,-30.02592,14857,12877,-1.99421088073494e-06,-2.17796254298365e-07,6.14720756420567e-08,2.45903807451087e-06,4.70299342588556,-0.524387354842554,-357.237372219001,-128.349503435757,10.5374072709351,227.330495811361,-3.58720274065632,-5.46208153106552,1.93570554331663,1.72572246400085,0.134208068956996,0.110555542464286
BLG42,169,269.44362,-30.02553,13955,12287,-2.15779800778206e-06,-1.52967752958713e-08,3.13224666790254e-08,1.88147314939566e-06,4.70300413195196,-0.524324303045507,-190.381267724055,91.8619738560902,43.1230341964536,-334.481400572048,-2.91394706672955,-4.95833666332019,0.634613052322253,0.377459592930028,-0.240065433963637,0.1135191075
BLG02,170,268.99985,-29.86369,15161,13144,-8.17359911516494e-07,1.18330981598599e-07,-9.52757461502733e-09,2.97193547585234e-06,4.69502393351164,-0.521675039584819,-433.85427774894,-32.0012860465094,10.7778438323096,421.648208053804,-2.78568404503048,-5.18377895959153,3.07446177424624,1.4328897758723,0.092321266601788,0.128610889638889
BLG42,171,268.99967,-29.86369,14589,13069,-1.97533082439378e-06,1.62950123271033e-08,1.31081069212195e-07,2.26065078974631e-06,4.69519974853411,-0.521546366083946,-335.646593643937,-13.0463520145761,48.9447345741223,391.200165574572,-3.84492551347104,-4.30874058586101,1.10420682186594,0.784336619982583,0.114418567241785,0.122986765289157
BLG03,172,269.98717,-27.58286,14985,12993,1.96022505585806e-07,-2.37304041140405e-07,-2.11469277579647e-07,3.50093332182151e-06,4.71210585882446,-0.48183566961965,-226.46879283182,-188.62282058151,44.3018347976653,-30.5534640169258,-0.632561491793482,-5.16586483500844,2.80977258407865,2.66591875661268,0.168874780100808,0.121280857169492
BLG43,173,269.98708,-27.58292,14143,12618,-2.17646401321391e-06,-2.33727837884405e-09,7.66449260711261e-08,1.9551152666023e-06,4.71246231800043,-0.481694951918871,-410.172188031493,-27.9514106398994,-11.1982785750988,360.456565094385,-1.30438891006519,-4.05458624854508,1.16352353783024,0.61309833579162,0.2007285257949,0.110388562955882
BLG03,174,269.570015,-27.65228,14441,12496,NaN,NaN,NaN,NaN,NaN,NaN,NaN,NaN,NaN,NaN,NaN,NaN,NaN,NaN,NaN,NaN
BLG43,175,269.57004,-27.65219,14115,12598,-2.13977417023671e-06,-7.18535806692692e-08,1.22931786816894e-07,2.14094432924457e-06,4.70517602546339,-0.482951748289474,-267.536411004592,7.41743255662451,-83.3917321823571,387.367587369061,-1.27868327606937,-4.55858474236956,1.36916953403744,1.41185069043109,0.212823098100664,0.122167703424242
BLG03,176,270.82142,-28.41789,14821,12837,-1.94046250744484e-06,-9.24680033347602e-07,1.89837739196523e-06,3.03996371567223e-06,4.72663441203034,-0.49629420722954,21980.675619639,5678.11864726893,-986.788030545865,-259.789145270497,116.505480074332,28.378927521439,13.8978747511305,0.918131588661497,0.528027631617054,0.0902090601666667
BLG43,177,270.821395,-28.41794,14040,12516,4.11736068197325e-05,-1.75158147675266e-05,-6.35092223400824e-05,2.82781714326987e-05,4.72828636942039,-0.496869923939778,9.56422216065393,93.6882323428922,-24.8445694850156,82.6918377230145,1.18081055961507,-2.22896421664565,0.923409371245008,1.2749932679545,0.463411453478143,0.1003448005
BLG03,178,269.93446,-28.418295,14278,12420,NaN,NaN,NaN,NaN,NaN,NaN,NaN,NaN,NaN,NaN,NaN,NaN,NaN,NaN,NaN,NaN
BLG43,179,269.92396,-28.40658,14076,12558,2.30059590421516e-08,-1.29440031051919e-07,-6.35916048599373e-08,3.45035817560331e-06,4.71107107703718,-0.496279673190616,108.073133064639,107.293688890878,-111.221160607002,155.943910897317,-2.15555432095486,-5.34154592416344,3.29419374843909,3.17188497207793,0.206628519179981,0.119116299201493
BLG02,180,269.61838,-28.82975,13340,11564,1.81398262547738e-07,6.8016817603135e-08,-4.17165093843449e-07,3.58567351344712e-06,4.70574299111161,-0.503783688111292,296.054436698907,160.802116195886,-160.052136475781,-187.870770653506,-2.25906995511152,-3.76894432297583,3.27604957123898,2.73731375985417,0.162201770513055,0.10157258554
BLG03,181,269.61833,-28.82975,13847,11810,NaN,NaN,NaN,NaN,NaN,NaN,NaN,NaN,NaN,NaN,NaN,NaN,1.56839931804217,0.879093157640042,0.56363820579049,0.0887534095
BLG43,182,269.61846,-28.82969,14292,12752,-1.15807541263442e-06,4.6292941653174e-08,3.00770173491533e-08,3.22500860398788e-06,4.70587970191039,-0.503701001439341,-52.9593979028675,-87.8515679672798,17.7608638130781,-326.513791089949,-1.29883888206192,-2.81222525190168,2.7016553060588,3.93743010685261,0.17232653553787,0.106737961955357
BLG02,183,269.54929,-28.09818,14814,12839,3.9330208714057e-07,2.93540832789001e-07,2.28651767857877e-07,3.60535179407717e-06,4.70430810518222,-0.491002946841045,72.0245055440506,77.9936366073036,134.180308672786,-54.9096743041266,-0.250301040909402,-2.9066960084255,2.43686116277077,2.84575571627268,0.18263400776278,0.131276365727273
BLG03,184,269.5495,-28.09817,14718,12752,-6.04058661119569e-07,-8.5597116628011e-07,5.9517692613705e-08,4.90489118266032e-06,4.70453773149416,-0.491006508895679,102.429418993024,207.469184029501,206.466497269073,117.750009294132,0.51694533370921,0.559788849336089,2.37338646027276,2.99842667769754,0.178578575124597,0.135667908969697
BLG04,185,270.73563,-29.57817,7472,6421,-2.34934352673326e-06,1.62022256373229e-08,-3.58283624332094e-07,2.2626020600941e-06,4.72556545812239,-0.516562169793551,-369.725415067795,-8.66912714561625,48.609359025943,390.62002525128,-2.50533913762078,-1.38790725701453,1.6134060638092,1.13625210865821,0.266060074870679,0.09863079275
BLG04,186,271.85896,-30.462665,7649,6570,-1.44899214861025e-06,-1.30680901850079e-08,1.95698574492215e-07,1.97022648398105e-06,4.74504627884545,-0.531987399423402,174.956667466193,530.737843917037,392.986741957766,789.016037133963,2.37000683860497,-1.63828816120421,7.16795658722925,6.6152440351249,0.34147457707711,0.0963373465
BLG04,187,270.65417,-30.594405,7444,6400,-2.21260547685947e-06,-1.73775429737501e-07,9.2171919832824e-07,2.73804873929717e-06,4.72402067899721,-0.534368372012345,-442.370021549059,-64.3224896749919,3.25599762401037,408.861864985269,-2.59427866397762,-6.69788566386184,0.638929433263635,1.0711447392994,0.206983699322965,0.109332831
BLG04,188,270.58133,-30.333765,7448,6408,-2.08321722583227e-06,2.82696673968351e-07,2.49420582498174e-08,2.49485690360324e-06,4.72288830210952,-0.529822817830728,-414.753039335337,23.7090984485481,35.8805561011016,332.239740687364,-2.60233814261448,-5.0009270092849,1.24315578841368,1.54349567822342,0.186866141116259,0.122292893530612
BLG04,189,270.45713,-30.71194,7401,6362,-2.15372598805199e-06,6.4728598420301e-09,-7.01564819899955e-08,2.01482005873083e-06,4.72068538442173,-0.536342572296176,-412.269100160071,58.0965624815864,-5.40716248350518,377.299392899381,-2.86852057583273,-4.68686092437161,0.853866660773052,1.25408345501075,0.130185669311904,0.109225736878788
BLG11,191,262.29398,-29.19009,3640,2677,-1.94451287102789e-06,4.98257094205704e-08,-9.5423394255268e-08,2.28662281334187e-06,4.57818681231855,-0.509809960097606,-219.523875068708,-261.08713516617,83.3555997032532,259.562123375656,-2.6739436079563,-5.18183896581627,1.68248245133874,1.5487043335148,0.151967715261131,0.113172946656716
BLG11,192,262.87715,-30.05092,3506,2604,-1.91670647555088e-06,1.51072138364806e-09,1.77275935848161e-07,2.26023968868433e-06,4.58833632895013,-0.524863088533212,-288.222455635377,227.707267305689,-59.4379688132003,419.053835164027,-3.78722977936105,-0.318095407432377,1.64165612555709,2.39384846678575,0.170936572963388,0.11766510709375
BLG11,193,262.63418,-30.556445,3681,2712,-2.21579188130359e-06,-3.25669144790013e-08,-3.16901477048604e-09,1.90976340453881e-06,4.58416430927937,-0.533593680855836,-385.688064472734,50.8045319448113,-58.9018810190815,365.589423161618,-0.594483601892656,-4.15249864041697,0.601011230021599,1.26147602357612,0.306098645956639,0.09631471775
BLG11,194,261.441835,-30.43491,3687,2718,-2.23238139749532e-06,1.1451529592576e-08,-2.27269843608107e-09,1.92752298638354e-06,4.56336376535276,-0.531493518944465,-534.389632933632,5.11129006120968,-9.03752673913313,383.446504063543,-2.01667566724405,-5.05345832700082,1.11672462778887,0.338837343071968,0.174691027215685,0.116531995754386
BLG12,195,262.269195,-27.671455,2375,1458,-2.18234194546814e-06,-2.99838995207016e-09,-7.79289230725186e-09,1.93531348620204e-06,4.57774438040789,-0.483248553762098,-541.159338808291,60.9370468193144,-367.976006109722,334.580003592787,1.44503688779374,-5.10188763960551,3.71959583938213,0.966173490426682,0.0925945114032269,0.098433509125
BLG13,196,264.6093,-33.52214,2385,1529,-2.10055891862451e-06,1.38680209285187e-07,-1.94118115925432e-07,2.4588616807281e-06,4.61862542052269,-0.585436817277644,-383.739677568181,-90.7829497637541,29.9507587142634,224.1484935495,-2.48376754601006,-2.48963593800917,0.992753339782158,1.25064097184993,0.370622044917365,0.112769344422222
BLG13,197,264.30431,-33.71483,2386,1530,-2.320548399771e-06,5.87977256452678e-09,-3.0367536111055e-09,1.93522430826098e-06,4.61333458882942,-0.588737931215545,-310.407838355814,-24.9863414638047,-35.7911509175542,401.256471772853,-2.43472958933566,-3.67045566616526,1.26042624920027,0.484483442020846,0.190338400647447,0.111610565023256
BLG13,198,264.91453,-35.16291,2357,1507,-2.25013136103891e-06,-5.75498422659976e-08,-1.45837836973407e-08,1.93717507979804e-06,4.62394820518938,-0.613980253855147,-365.164406001166,-13.0262211161476,-6.50537971438308,337.000468911102,-1.79746773584562,-4.23286128241989,0.883608641182603,0.697617613279204,0.176137264394363,0.100716280757576
BLG37,199,264.91431,-35.162805,3757,2897,-2.27054944269786e-06,1.70017120878138e-08,-7.95727612999398e-08,2.11589391730631e-06,4.62395860337861,-0.614013180157311,-354.639972899602,8.51316257307851,22.460276440761,368.399512120043,-2.53351633543098,-3.8073445419928,0.791471378027867,0.877559377157818,0.174353278343103,0.100148926759036
BLG13,200,264.39638,-34.7557,2372,1520,-2.23291659267486e-06,-2.46265858869563e-08,-4.0092677884568e-07,2.08643834670942e-06,4.61500416796396,-0.60692286983413,-320.306652855263,-308.069653248311,118.372126865064,94.4639890300674,-1.89478124045009,-4.47863633030272,0.74186499321955,2.13456140734835,0.273832820590888,0.104990338291667
BLG14,201,263.9308,-27.95396,7614,6504,-2.17197445029933e-06,-4.27356147514819e-09,1.49672601314105e-08,1.88747450363685e-06,4.60677291793048,-0.488127519485068,-411.857573797817,22.5244775317585,40.6531458783639,387.844150569866,-4.7084504018506,-1.81367812705461,1.74360626753965,0.999221973100896,0.281505339020131,0.107786528904762
BLG14,202,263.56841,-28.20252,7610,6481,-2.23377721679818e-06,-2.11594739766798e-09,3.45715255313427e-10,1.91825956943869e-06,4.60048916106205,-0.492517538687692,-415.46170000115,47.030620184325,-5.25782744890125,409.114398720242,-3.19887528101828,-4.47720418758334,0.872822021669607,0.913623291132815,0.0685477955717827,0.134768416948718
BLG14,203,263.249895,-27.995015,7703,6563,-2.13068283614537e-06,-1.47009206438784e-08,5.00987344937845e-08,1.87749132251575e-06,4.59488508613292,-0.488864343381125,-362.043948359979,72.3919410267191,54.4460744589511,486.229811949998,-3.13954528046498,-2.38614222575257,1.31028803868509,1.78361301200707,0.171368992890513,0.143773213589744
BLG14,204,264.38919,-29.64903,7545,6429,-1.96085442593678e-06,1.30792248224917e-07,1.32618137126626e-07,2.33599353458517e-06,4.61470977390947,-0.517838156566359,63.9036010004262,19.5872878291623,152.096752957727,364.652318311072,-0.563159410005379,-3.61623205366846,1.79471627427471,1.0920076610074,0.441336639258497,0.108867446945946
BLG14,205,263.66466,-29.870865,7662,6529,-2.3236076395144e-06,3.71182469834131e-08,-1.78623249808937e-07,1.96743941929014e-06,4.60221107837582,-0.521650513410982,-385.101011030178,37.1512895417434,-46.2583764360853,343.236967642286,-2.09736485454043,-3.70400195545781,0.581737908549635,1.00023694532704,0.10048985082384,0.136636873
BLG14,206,263.2467,-29.790045,7573,6453,-4.69541331921386e-07,1.03380362551721e-06,-4.4198037454085e-07,4.04716382665318e-06,4.59470032445459,-0.520682470520786,-322.277481584861,285.168734476722,38.4435600320202,460.75331296289,-3.38288460476827,-2.09275449895224,2.26775660913617,2.30594474099447,0.20568771420663,0.108328859412698
BLG14,207,263.17114,-29.34609,7683,6550,-2.16652111234203e-06,2.94729035813916e-08,-9.94816350057411e-10,1.91161787748772e-06,4.59354226830729,-0.51247387839901,-374.292115674243,-5.11648511166041,16.5877941970433,395.024221067881,-3.73125588285741,-4.52265900114243,0.696779991807214,0.476998904153494,0.184336967456331,0.131935901681818
BLG15,208,264.698125,-26.71652,169,117,-2.14232481052562e-06,-7.67669509494928e-09,7.07584570419362e-08,1.95334166016413e-06,4.62016949425091,-0.46665231725476,-235.414454419892,1.24184497786509,202.724945353396,383.566168343377,-1.97493383058839,-4.93507508895895,2.60851173330042,1.1990241260085,0.157587707888759,0.126035710904762
BLG15,209,264.5356,-26.712435,5844,5088,-2.14706084524058e-06,-1.7376461217684e-08,-2.24055919251037e-07,2.24653921845283e-06,4.61734886739219,-0.466559043857335,-375.300423445201,1.33099402306081,-10.2201938105409,412.14043444417,-2.87991355018491,-3.93073343542077,2.18402800496742,0.398480534093814,0.190388446807409,0.1127092317
BLG15,210,264.88015,-27.29831,7752,6524,-1.98235993514791e-06,-5.15266595734954e-08,-5.3466259908708e-08,2.01287489577105e-06,4.62333982201929,-0.476729462554249,-415.393794587483,11.1555624593592,-6.32448336207371,397.469673655545,-1.80370459344852,-5.20511527854165,0.780808253210374,0.374762551975699,0.23847297119055,0.0994873822222223
BLG15,211,264.578805,-27.56812,7736,6507,-1.91182529274785e-06,1.8695421243161e-09,-1.32661012343682e-07,2.28360393496761e-06,4.6180470648719,-0.48147149746473,-328.505594065895,-32.0302968003994,38.816160734647,401.705899256795,-3.43734351778365,-5.26800778648372,0.972218237670596,0.608811236292588,0.179263744265314,0.114970972234043
BLG15,212,264.53642,-27.3287,7740,6511,-1.9835346234548e-06,-4.59382408785871e-08,-3.87831093394614e-07,2.4009298368052e-06,4.61732149461027,-0.477343709802235,-322.927924240961,176.875179295955,-28.1068620024977,561.193415368073,-2.44795882067748,-2.39251312531081,1.16169980104849,2.60561251437085,0.196395954622531,0.113382826333333
BLG16,213,265.04637,-25.56197,3706,2667,-2.12092178332754e-06,-4.09303319262381e-08,-1.10514005463315e-07,1.92431823939566e-06,4.62625769143644,-0.446422375428814,-355.190967753261,23.9027962762368,16.7844558276972,400.82795635107,-1.78905183379718,-4.45688580583689,0.77368038958168,0.44417280538475,0.150345431847799,0.115849996948276
BLG17,214,266.0081,-33.164415,7748,6741,-2.28587267812153e-06,-9.68673297517454e-10,-7.31269810340315e-08,1.95564191706343e-06,4.64301589993985,-0.579115690449556,-364.558342861015,26.9809132907705,-1.29607483148687,396.207511078387,-2.00291819918537,-3.97542493205282,0.471957280932005,0.63310867872625,0.242489328523342,0.100463312930233
BLG17,215,265.745665,-32.950005,7772,6764,-2.21190683347072e-06,2.09434673987107e-08,9.23646280670751e-08,1.95240657196038e-06,4.63845877638934,-0.575395409169002,-404.662114537941,14.8625344430723,30.924255023175,398.53549551286,-1.65327880807698,-4.21589124202745,0.893850216086156,0.461234025275739,0.245904763107076,0.102471574267857
BLG17,216,267.07669,-32.87598,7601,6615,-2.15396257040563e-06,1.29157072347267e-08,-2.64933555220141e-09,2.09431642651281e-06,4.66165416213892,-0.574139438262496,-396.987065562552,-79.6832883540741,-20.9073816180523,344.977189360674,-1.63974619618423,-4.17815621885467,0.587536064061236,1.24915951036722,0.189893641978898,0.130373505963636
BLG17,217,265.95892,-33.91542,7629,6640,-2.32398238308489e-06,6.22757791419628e-09,-3.53879357462767e-09,1.91342847528369e-06,4.64217361666655,-0.592192953690471,-370.017758513708,0.24108800619733,43.721298771231,426.976090928596,-2.08575609418298,-4.56581130690432,0.98988614924232,0.305222168161005,0.244034684455628,0.107016015184211
BLG17,218,265.778305,-33.888025,7663,6667,-2.31929583454469e-06,1.23259463207531e-08,-3.25202294519437e-09,1.91387054691254e-06,4.63905579705517,-0.591736337426805,-396.297666531823,-3.42232746415463,-39.1633216087094,399.735181520332,-1.55069161467395,-4.39287092860318,0.924169807009714,0.273781505879651,0.208549245886386,0.0932793376111111
BLG17,219,265.63517,-34.10308,7597,6609,2.5722347820898e-07,-1.85022105365085e-07,3.67422002147664e-07,3.09956818473437e-06,4.63612446988812,-0.595678270020616,218.600227927615,-136.382471549573,359.817819931979,279.54999674178,-2.96758663679618,-4.61937170331199,1.80735478193903,1.64860023440047,0.192323938371682,0.109932014724138
BLG17,220,265.23014,-33.56648,7765,6756,-2.11208880588661e-06,7.54570483458144e-08,-2.98160838372981e-08,2.31772216112659e-06,4.62947317077706,-0.586179514724077,-246.715268572303,-28.9922749750929,60.039611842455,395.070366681432,-2.72620703372133,-4.96740239041945,1.05052183508807,0.576496862328936,0.243730562800227,0.104280640214286
BLG17,221,265.07227,-34.27164,7708,6706,-2.26203838634901e-06,5.42735393389721e-08,-2.32782220361858e-08,1.86041535718506e-06,4.62669486826468,-0.598417078112602,-381.415756030933,15.8660344848851,-7.51460811044659,397.058567103984,-3.22892403875655,-4.25933533683275,0.336213841778512,0.72590871769474,0.124223279401237,0.129988598913043
BLG18,222,266.6295,-25.81584,8538,6690,-1.57044926886509e-06,-3.13097334962868e-07,1.21161512297388e-07,2.9033819490136e-06,4.65378738615663,-0.450970805992784,-404.127383099722,20.7080710543751,6.73008234654405,385.583775533327,-1.14343675039162,-4.39382556262795,1.41566142866637,1.84199134602506,0.316103386714936,0.102710553326923
BLG20,224,266.6255,-23.598085,27,23,NaN,NaN,NaN,NaN,NaN,NaN,NaN,NaN,NaN,NaN,NaN,NaN,NaN,NaN,NaN,NaN
BLG19,225,266.65156,-25.42657,8603,6602,-2.12711719142356e-06,8.96680925400054e-09,7.56228022884822e-08,2.24472860316308e-06,4.65421044643615,-0.444105666164614,-388.954451758121,2.03371604651183,12.6919805072628,400.347470544404,-2.84232472347432,-5.26373032979437,0.713899319207095,0.605185361031188,0.116067181292292,0.129707966
BLG20,226,266.71515,-22.86408,2607,2374,-1.70690709455048e-06,3.51580373674468e-07,4.74250901981694e-07,2.54329552151347e-06,4.65529580373487,-0.399480028662342,-880.022335798682,-508.966169969065,-391.093736170153,-71.2333312313888,-5.70929515380308,-4.57873481474512,0.945783346404256,1.70366517574081,0.289101684936785,0.119402872444444
BLG20,227,265.50518,-23.35427,2706,2462,-2.0148773112781e-06,4.80773492046191e-08,-1.29937566292675e-07,2.02699884594392e-06,4.63428879174953,-0.407891290425626,-373.26523215234,28.0685079849908,-6.48458944499114,406.054644188637,-3.07750578955645,-5.29224364683889,0.515355933965593,0.499778588590829,0.136695127272651,0.0974019533866667
BLG20,228,265.41818,-22.86805,2629,2394,-2.06332298801112e-06,2.3634513322052e-08,7.19328746043805e-08,1.93829315680598e-06,4.6327314764082,-0.399419061201291,-273.498881774077,55.5357663132385,61.0950203750608,412.076612705773,-3.06307351196275,-4.95489522619326,1.17555824668024,0.956690545037119,0.167065733204378,0.0980564721166667
BLG21,229,267.44,-34.62482,3261,2675,5.81039779432297e-06,2.09051614566005e-06,8.61001054594048e-07,2.61890912857079e-06,4.66636396915098,-0.60509847118784,-401.839348927977,418.493801027242,297.23299413913,-61.5868562607907,-6.664016865277,2.33265763281879,2.57045626894915,1.94318044538768,0.28553307574414,0.140613274857143
BLG21,230,269.42325,-34.45361,3186,2612,-2.27642534147862e-06,1.03134307897478e-08,3.56173392463991e-09,1.9068853456501e-06,4.70265778298202,-0.601618239264286,-305.535966305004,2.55452276451996,-1.10252783117285,245.903726628852,-2.86004579181961,-5.62971379678421,1.6573239362452,1.0660373219229,0.13758460784423,0.0957004197213115
BLG21,231,268.45206,-35.659195,3241,2664,-2.38279528123094e-06,1.80621147629182e-09,-4.74922020160443e-10,1.93411849412181e-06,4.68571903125463,-0.622648988163694,-335.248537720412,-60.0634878204903,29.9069926473515,221.545847842476,-2.35068786490177,-5.17682650450325,1.01879208911165,0.926530680986966,0.182091846717288,0.133439234190476
BLG22,232,268.42871,-32.92539,7301,6482,NaN,NaN,NaN,NaN,NaN,NaN,NaN,NaN,NaN,NaN,NaN,NaN,2.86220588453675,5.10253854055481,0.501972958845083,0.152485035
BLG22,233,268.40673,-32.6624,7328,6512,-2.12811669390015e-06,2.18782884737487e-07,-5.56540936553868e-07,2.34223212691219e-06,4.68496253329247,-0.570465938152923,-130.654699705126,-77.1859732551046,-78.2003667724405,349.512216981905,-1.73438309370177,-4.73314466471606,1.20287982524218,0.890715307054616,0.267635726625154,0.15193038445
BLG22,234,268.30171,-32.40883,7273,6454,-2.03715730485647e-06,-1.97432662095319e-08,2.50162490356098e-07,2.23627124408479e-06,4.68297304071918,-0.565971906789626,-366.757089692709,23.8456132885507,-64.8218259174177,251.520827150286,-2.40803016886438,-3.42616381146456,1.09952706685803,1.12221438425615,0.344724060853504,0.136769188142857
BLG22,235,269.80791,-33.04192,6975,6185,-2.2022836146733e-06,-2.69170015123831e-08,5.0746246866034e-08,1.9547350555746e-06,4.70935212344284,-0.576975450599521,-290.390093964856,45.2725614172113,49.3150033680261,402.476583608239,-2.47925364169657,-5.24287265785678,0.64459176083959,0.625215068124135,0.233383400443547,0.105834626333333
BLG22,236,269.82254,-32.8995,475,415,-2.23629629375079e-06,-8.14252404171036e-09,-4.18050569929606e-08,1.9126392740143e-06,4.70967361323037,-0.574476141283264,-447.098590526297,-52.1652857248655,122.700035955447,159.984193297048,-3.20682594097677,-1.98555386683908,0.760417725061113,1.34914957175565,0.219750687882896,0.116281690666667
BLG34,237,269.8235,-32.89939,3385,2661,-2.24722121872867e-06,4.71581471912798e-08,-5.177947055078e-09,1.88886587895646e-06,4.7096673312359,-0.574481518242889,-100.550428877567,194.747156100467,132.411246198046,491.539379538477,-2.65112982281344,-5.42590366405763,2.26090564844998,1.48743208614518,0.209962398787047,0.1358719595
BLG22,238,269.51254,-32.696735,7499,6656,4.97480406037237e-07,3.40945312743679e-07,-6.35904608621961e-07,3.29062975500235e-06,4.70391833593132,-0.571225548826386,-193.652323366517,-275.906429136303,83.2412882356267,69.9877669303187,-2.92096452567832,-7.17855189857302,2.74340070148461,3.33800220133364,0.203223571203024,0.11970051403125
BLG22,239,269.42471,-32.76319,7494,6650,-1.40144711327793e-06,5.64682922139411e-08,8.27878222187162e-07,2.00411963885615e-06,4.70225511440031,-0.572148687925497,394.53984533738,339.823203479419,222.818553499389,361.221858731184,4.25552142460153,3.07295025181247,1.33542867672498,4.42231135060134,0.354224085217883,0.09857497125
BLG31,240,272.49683,-25.38039,3382,2506,-1.96173928933997e-06,4.92830223757713e-09,-1.11811581828721e-07,1.97548112733273e-06,4.75626580674324,-0.443251330799688,-262.790033139857,-164.661522568471,-33.9368161537749,367.603912976284,-1.58591807364304,-5.75547814205032,1.19636109965027,1.14897267198973,0.288210833427724,0.122896937647059
BLG31,241,272.80858,-25.95881,3376,2504,-2.13978870858095e-06,8.85874406933015e-09,4.79573260200038e-09,1.93264187510704e-06,4.76171991918993,-0.453370933032758,-388.665629341363,-15.658096091461,30.7275591050893,374.263413817651,-2.35530616262291,-4.9980398848702,0.524163366401454,0.86530253303432,0.207086367193911,0.0827551927142857
BLG31,242,272.54731,-26.85746,3316,2458,-2.03427511104988e-06,5.19491845663181e-08,2.88355397776346e-07,1.91154065596696e-06,4.75706035689782,-0.469055632979832,-278.434195823405,-124.884112195267,-9.48116193085882,433.268181305672,-0.743379477332312,-5.527773612784,1.28504361533177,0.927446364261466,0.276130393779373,0.106670912230769
BLG32,243,272.76906,-27.01222,520,489,-1.73039667537025e-06,5.41420830025008e-07,-1.09239584451977e-06,4.73434325569119e-06,4.76130559593982,-0.472497755119134,-417.486622379032,98.9240697964368,-61.2105994937593,485.989235472829,-2.42125916172827,-4.09592655989406,0.823603485293878,2.3228212418202,0.180370610132375,0.103254013538462
BLG32,244,272.55704,-27.70814,3322,2518,-2.1043357649098e-06,-3.21210133752395e-08,6.84970295286546e-08,2.10597297974563e-06,4.75730666006978,-0.483886943229663,-385.278438221905,-66.2208361558817,-7.29995182549307,286.2327447094,-2.65947771763205,-4.52413592455287,0.693352168590768,1.08067658532368,0.216574920936196,0.120404653633333
BLG32,245,272.382605,-27.72282,3368,2558,-2.0502044204028e-06,1.54893422955992e-08,9.35521578672407e-08,2.26394546959383e-06,4.75425571260468,-0.484188654365743,-399.612730277668,-38.2204679913539,57.2555315648445,419.251780978817,-2.25007806738367,-5.68034695501141,1.28029685663163,0.753336163138014,0.173945580683986,0.100981939630769
BLG32,246,272.93775,-28.15268,3336,2528,-1.75802654780597e-06,-1.18443410761909e-08,-5.08353631082362e-07,1.96159503865449e-06,4.76403585394328,-0.491661112610737,-88.0427538323782,62.5955640937807,115.605848660599,166.813687842844,-1.79843702930116,-3.02975090942425,0.205452532844099,0.939289644604797,0.335166542663338,0.155951941428571
BLG32,247,271.71067,-28.1395,3357,2550,-2.13659296420953e-06,2.14502459026806e-08,8.59276013999627e-09,1.91861742122274e-06,4.74255681043786,-0.491399737536981,-262.743348395445,-16.7965090380045,-259.656117243782,548.373920321206,-0.232497019213631,-7.19801779312983,1.71259724507278,0.956221388683504,0.196300376435947,0.118680853909091
BLG33,248,272.37879,-29.60194,3335,2566,1.82442223162023e-07,-5.93045311513968e-08,-7.39902532109683e-09,2.7068717960981e-06,4.75400075220014,-0.517039584896344,-242.974123168311,11.3076556564764,97.2157788586295,299.658561573589,-3.40015139889114,-4.63369675740332,0.903761658509499,2.66758976147758,0.182077945281069,0.0865918429285714
BLG33,250,272.67271,-30.875885,3327,2559,-2.06551847948762e-06,6.83734560648824e-08,-1.59327627229224e-08,2.02612878383805e-06,4.75935203382906,-0.53920193384004,-319.464777702397,-120.743823072388,24.905865703499,358.070907438021,-0.758163657650866,-4.46674671216779,0.988942483928118,1.60722356070837,0.176718363688753,0.106678352111111
BLG33,251,272.35279,-30.612595,3267,2510,-2.20073485563107e-06,4.83158449131444e-08,1.56079750969785e-08,1.90655012442147e-06,4.75378910443001,-0.534575788549057,-153.632187336904,-80.859405059057,-125.287354139746,176.822182427638,-0.382728382780751,-2.35952267843038,1.12839012999262,1.13339861352552,0.320606447692335,0.0920483616956522
BLG34,252,270.72108,-31.446595,3362,2634,-2.2576041158788e-06,-1.99760417311373e-09,1.25284842635128e-08,1.90871651471211e-06,4.72531224692783,-0.549122011973029,-321.07161166141,39.9102482481378,-4.84570691173318,236.274527957071,-2.10637430884484,-4.38933481284168,1.17088567335906,0.725314992901811,0.181616847061371,0.112612548846154
BLG35,253,271.9575,-26.35911,3413,2575,-4.77124072800693e-07,-4.58485449093299e-08,-4.21546471590107e-07,2.74613766837079e-06,4.74667359729429,-0.460439037450043,-404.773335429664,13.4992574742627,-90.8285998374568,457.504299846042,-1.38773571875427,-4.49162685626162,2.7773754764864,2.18639050766663,0.229319087253324,0.110240621438356
BLG35,254,270.93925,-26.78216,3404,2567,-2.11718495956955e-06,1.88554623111818e-09,-5.43427760082691e-08,1.93698659121959e-06,4.72908107288942,-0.467729005314304,-439.780398940119,17.0268657308816,-79.4455653726326,388.10592488437,0.106621612753483,-3.6927515911117,2.26866323143469,1.12800141918972,0.168771755301972,0.107869284385542
BLG35,255,270.99908,-26.480595,3378,2547,-2.15664400096428e-06,1.21409374341389e-09,-3.59846952805982e-09,1.91511480636057e-06,4.73016039490399,-0.462433004391623,-417.736667872605,-43.4822983637168,-11.899218957925,363.36805770955,-2.53749080285836,-3.94788125303121,0.418155646508551,0.858072272761511,0.0989854971246602,0.117623534894737
BLG36,257,275.035645,-24.5626,1920,1214,-1.82763249347844e-06,-5.23953252591395e-09,1.83176421725329e-07,1.99739629661839e-06,4.80053131636343,-0.429007360530191,-302.732443896618,-57.8391622461448,0.717876995895153,369.370305882172,-2.87787791021196,-4.15006604415412,1.13752087724395,0.988152818856585,0.197720350491859,0.0980640116326531
BLG36,258,274.45596,-24.75775,1924,1220,-5.04091581194849e-07,3.96975365913608e-07,6.01768808976494e-07,3.70235091888996e-06,4.79014700242405,-0.432704323617838,-407.263064788563,7.26854659355981,3.02586589381241,323.895279455427,-2.27345796406348,-4.28045118537014,1.56756260028039,1.86381854660286,0.184030732161664,0.1312103395
BLG36,259,274.38325,-24.36669,1926,1216,-8.73017381630636e-07,1.70230867932661e-08,6.67255594314752e-07,2.93428801133582e-06,4.78881878904308,-0.425722395410173,-497.541690860966,-738.036140437311,-33.0696085957002,-50.3733198062165,-1.53836692624313,-1.59158733800075,1.08043824752367,4.16511478318286,0.257324072052838,0.0967888013846154
BLG37,260,265.01414,-34.59521,3707,2858,-1.68553884767882e-06,-1.43284198180508e-07,1.09933899489496e-07,2.36289563330259e-06,4.625597311782,-0.604109984851627,-178.831021510487,-71.1524696810041,39.5780792438266,397.776270941777,-3.71812153254767,-6.15719384420142,1.57171257107611,0.929757204015226,0.198204451888009,0.104647867325
BLG38,262,268.25317,-22.79522,2631,2419,-2.08882616256836e-06,7.24312317646764e-09,-1.76594504880379e-10,1.93250267237772e-06,4.68220433528403,-0.3981338163851,-390.353164776024,13.2361551536882,34.6207614418714,396.780040393782,-1.20812132826209,-4.3600231931664,0.544949618764631,0.292546745237263,0.200406777524102,0.107141517416667
BLG38,264,267.65483,-22.753095,2620,2409,-1.96098419044776e-06,2.72346471740284e-08,1.57786354160231e-07,1.94656870221585e-06,4.67173170165541,-0.397410006391918,-420.192478676424,-44.8154919635526,10.8866434442207,370.168169258411,-2.8331501739568,-5.4546952667303,0.773000967335591,0.44079651752059,0.25032875410096,0.107944668375
BLG01,265,268.11108,-30.35714,15174,13449,-1.73172447096535e-06,6.24923397485782e-08,-1.13197079378092e-06,3.19538043881954e-06,4.67994714566501,-0.530409232900511,-271.673465406129,-34.6868500493604,97.1535171557934,335.472665380667,-2.7320261994052,-4.29317696136761,2.29875666049606,1.66637155072833,0.135699141897246,0.124671433773585
BLG41,266,268.11086,-30.35711,14502,13130,9.45860316425145e-07,-1.00914192020879e-07,-2.25345923869855e-06,4.07272566856552e-06,4.67979074390653,-0.530571052934273,210.556967971536,735.108478729296,127.532078706073,201.184821107801,-2.60673932121848,-7.7025825175152,3.48842671697965,6.83412751444293,0.148872601159363,0.119086334325581
BLG01,267,267.43033,-30.23911,15139,13420,-2.09199673227524e-06,-5.70776753925125e-09,1.54073969151234e-07,1.98135949508199e-06,4.66778302363339,-0.528100108527711,-269.885859521314,-348.842417958191,48.8190798512837,175.080853264514,-1.84054282181425,-4.5260219686649,2.85460127770569,2.44246281933442,0.272915220228109,0.130353993925
BLG41,268,267.43021,-30.239265,14383,13004,-2.05961678165511e-06,3.43024782952589e-09,5.62797981407323e-08,2.01559960203393e-06,4.66779463826785,-0.528103078175427,-195.505742409917,-20.4912318866896,121.086864947776,403.771142007831,-2.38256586771491,-3.97392498074286,1.50983365993129,1.03325045240902,0.284185319662788,0.1341752385
BLG41,269,268.5755,-31.04428,12693,11465,-1.42281439829172e-06,5.64543696564928e-08,-1.05921015554605e-06,2.09410912047676e-06,4.68778447279195,-0.542125953556637,-3.53826649839825,133.016175669945,-225.659442323042,159.372749010189,1.61932231023586,-2.24149294127447,0.750201773134153,0.668765547843101,0.0130285068353823,0.134151828
BLG01,270,268.80848,-31.77928,14302,12655,-1.76241351161863e-06,-7.70800279665924e-07,-9.18853420696488e-08,3.87950089051416e-06,4.69187685174743,-0.555138218327845,-362.670396096806,-53.8330071123336,16.4791851669794,316.771536965411,-2.10223352927398,-4.81860544603485,1.65441416140492,1.01145477932302,0.272995188337718,0.145626291081967
BLG41,271,268.80856,-31.77928,13797,12477,3.18502022829164e-07,1.26579223068228e-07,-1.5564126664683e-06,3.85515426321863e-06,4.6917854391542,-0.555267178733118,391.700374595502,97.1948072336927,168.060126674774,197.271426793485,-2.65581419010531,-5.09336877181781,4.39335920634018,2.87490109781837,0.26367876413672,0.1459293955
BLG01,272,268.25254,-31.478095,14878,13189,-2.26523405895827e-06,6.68203471683163e-09,-7.94972905675142e-10,1.9296729456871e-06,4.6822238918275,-0.54970866805165,-381.565031547192,113.346784035499,-67.2925419830806,435.238400754412,-1.95175074742281,-4.8274994146607,0.654922929888023,0.486557839383116,0.208976060397504,0.104456314333333
BLG42,273,269.38083,-29.053955,14626,13100,NaN,NaN,NaN,NaN,NaN,NaN,NaN,NaN,NaN,NaN,NaN,NaN,2.54030450288203,1.80131196891406,0.26180111300358,0.125498255
BLG43,274,269.38073,-29.054405,14218,12688,1.47903233812903e-08,-3.59092740037612e-07,-3.24689168853576e-07,3.18575491458951e-06,4.70161969409365,-0.507539135747694,-109.544002799424,18.6967986624976,277.094778182722,337.848549361879,-3.75183444667125,-4.86751712932231,2.88990666510744,2.4816698480694,0.195559810722317,0.1191027108375
BLG42,275,269.63542,-29.231845,14551,13045,-1.52481087164155e-06,-2.35750487189185e-07,1.75203528616681e-07,2.60908674362991e-06,4.70620531415236,-0.510579354928137,-164.805481879947,11.9308199357857,15.1396050972866,235.051231995553,-2.46099694072738,-5.25189576254694,1.78180133668946,2.24965896397528,0.13248200505748,0.112419732392157
BLG02,276,268.904095,-29.92586,15293,13255,-1.69140597630762e-07,-2.59473445922016e-07,8.37190867974762e-07,4.35996624137155e-06,4.69316851730735,-0.522929578292092,-14.2737604217725,86.6576621054763,-145.226598147005,263.719586708775,0.290650112842478,-2.97734920092564,2.422797165897,3.25035581674431,0.249240557105013,0.113644908981818
BLG42,277,268.90423,-29.925875,14940,13389,-3.80356671555664e-07,-4.31677785211869e-07,1.42889119030384e-06,3.75858114351311e-06,4.69311089865031,-0.522838766466858,208.840592441491,-172.929160991727,162.551907229218,43.3333625502082,-0.363820417029193,-1.36951232664999,3.6890888641683,2.98260052317752,0.26263005603926,0.116282498095238
BLG02,278,268.81079,-29.77058,14897,12921,-1.69351832221212e-06,2.06439961287222e-08,-4.33932626495372e-07,2.85324376638748e-06,4.69198095157029,-0.520028591822818,31.5524845587098,153.200097302801,67.0963519875801,285.818829816483,-2.21217541272982,-4.37791424403492,2.24042246751114,2.45842765193429,0.215453648820666,0.1200037222
BLG42,279,268.81083,-29.77058,14331,12837,-1.62900940492726e-06,-2.65120384568139e-07,-4.37021817292501e-07,3.20114708762907e-06,4.69195954356678,-0.520014071820283,-57.1794021727904,-128.038738228228,6.06591580966575,31.8105143828489,-1.15773061433164,-1.88860382051155,2.865831059188,2.69380991522144,0.114604326467465,0.114964421666667
BLG02,280,268.28742,-29.79553,15582,13513,-4.30908166158087e-07,-3.28808530615096e-07,-1.20694279235513e-06,3.26740049566439e-06,4.68278819075106,-0.52050188280729,-36.3207842234807,-155.364546058166,193.362834457297,115.383809315703,-1.53312131597841,-2.18816536068514,1.3517514529571,1.20222906183011,0.124776904453777,0.124263095869565
BLG42,281,268.28708,-29.79569,14970,13422,-1.58925911995929e-06,-8.73329662930444e-08,-9.53241972523969e-07,2.87385921649671e-06,4.68297361792651,-0.520488013290077,-222.857172417788,80.7590116427774,107.87885346267,447.588222050181,-3.53484256733217,-6.67081174866015,1.84794651127025,1.97548639600665,0.155078634990323,0.132083170115385
BLG02,282,268.28306,-29.2805,15397,13356,-1.79309581745682e-06,-2.40578439004514e-07,3.14618608810206e-07,2.64871524159499e-06,4.68267795884774,-0.511431899947508,-385.670022429395,55.8517025781749,-34.0713006343878,297.926220895322,-2.21452559864326,-4.23037800864226,1.38152688805765,1.75389138874878,0.209784885981409,0.115086503724138
BLG42,283,268.28306,-29.28075,14788,13265,-2.18270853906929e-06,2.22360465029569e-09,7.90035252393327e-08,2.14974339796624e-06,4.68273114568234,-0.511396227978435,-372.624498630675,-84.4304976267481,25.3296102181767,368.876878276926,-1.93889508654037,-5.10685593332992,0.713308636931305,1.0293163478041,0.218668379894484,0.110564977092308
BLG02,284,267.78987,-29.55772,15370,13331,-2.1150545578906e-06,-3.66334131413319e-09,-3.66587719711469e-08,2.08589622848078e-06,4.6741443405759,-0.516201821058328,-418.594269612653,4.15094754152139,-49.8846255548919,375.314075543668,-3.46774924939822,-4.16157370549599,0.685350027630707,0.513054894689921,0.201561529592709,0.123666461416667
BLG42,285,267.78987,-29.55753,14786,13254,-2.19741803451386e-06,1.98267887296157e-08,3.85727349856034e-09,1.92360059338786e-06,4.67415019566005,-0.516173317561509,-135.767195358037,-267.574632080993,32.1697760932849,100.776843006414,-1.51892577576321,-4.51383861610256,1.32676151784138,1.38234048950843,0.241075874870949,0.114863117976744
BLG03,286,269.88329,-27.31243,14800,12824,-1.85127843235517e-06,-7.39302224305545e-08,1.95995599367674e-08,2.16401954345246e-06,4.71061293528308,-0.477017367750171,-212.712570589113,-262.452058596033,-19.0037672851888,255.331231233155,0.106268537395816,-3.73389809293573,2.37611607129271,3.39998095250552,0.168741556901296,0.106134501018519
BLG43,287,269.88296,-27.31226,14052,12531,-1.90198993005494e-06,-2.84327768230075e-08,-1.9891858143452e-07,2.12450498173256e-06,4.71066917986072,-0.477021736689133,-359.089785696056,60.9921079876501,108.526906136922,213.882984635921,-1.60862442785419,-4.13265569277785,1.08203640073421,1.18367921048406,0.249481656055599,0.105838210682927
BLG03,288,270.91694,-28.306125,15362,13324,-2.93873471166067e-07,-5.1885606696997e-08,3.09569417225197e-07,1.88109361551073e-06,4.72831121011338,-0.49431345464549,397.065622545053,-127.18952456489,152.503205927157,120.482736062956,1.66671781473275,-3.3476136240077,9.02737259944608e-16,9.87609993785554e-16,0.372627549485306,0.114482058
BLG43,289,270.15358,-28.143955,14394,12844,-1.82277087839609e-06,2.48721517337687e-07,-6.58162450018967e-07,2.74896195703703e-06,4.71544658680181,-0.491654193574686,-225.910274068178,-6.90356267938765,-58.4121320031269,358.725942084511,-1.13209860655777,-5.05545233947103,2.52393948807001,1.15138352782667,0.196178809632526,0.116460132
BLG11,290,261.58768,-29.185525,3699,2725,-2.13868786688064e-06,-5.2430972655842e-09,-5.40328943256211e-08,1.98330432244723e-06,4.56586903684771,-0.509714939639461,-314.352702349697,38.6750767304253,41.9199734569523,474.745248271562,-3.31580386670271,-4.81694139921486,0.95640296677339,1.27527681566805,0.140891537312534,0.15216901471831
BLG14,291,263.21067,-29.03326,7529,6409,-2.09211927321296e-06,2.3252267391482e-08,4.13398945497398e-08,1.95265557880958e-06,4.59416596338531,-0.507015750144006,-356.515175425563,-23.791076744781,-107.134255077763,318.241160814375,-6.73538499139093,-2.61369044767493,1.46976196418852,1.5566920428489,0.140696368495747,0.116879601186047
BLG18,292,266.58465,-26.14862,8407,6580,-2.06604080578011e-06,-2.04912705782755e-08,-1.02530114547548e-07,2.00461179357797e-06,4.65308567250362,-0.4566589601044,-401.881211429766,18.2911442026726,14.0017742145726,363.029122083445,-1.70798509188744,-4.47906120643535,0.745439420710686,0.75249104000398,0.246174326795289,0.118720944862069
BLG19,293,265.53051,-23.90735,8470,6499,-2.08234601898836e-06,-1.40835832638276e-08,1.02768197562823e-07,1.90896697977995e-06,4.634690526595,-0.417551542969726,-392.925695399452,8.7198573875354,-41.2214593379542,397.567968425095,-3.76736005857298,-4.96872389903847,1.17017569584259,0.930079564071407,0.187645151908303,0.134847705906667
BLG20,294,266.82408,-23.56997,2709,2465,-1.96497950701133e-06,-4.63840089390101e-08,-6.27043302187762e-08,2.03278289822035e-06,4.65729741348155,-0.411655617002248,-291.389666203509,17.7479725564729,51.1555631191976,396.974671294182,-2.75734687205111,-5.07105445084102,0.958416527381708,1.37120108281761,0.189497147981318,0.116342459485294
BLG01,297,268.9454,-30.77907,14821,13144,-1.97632203929286e-06,8.54685326742927e-08,-3.20949917553568e-07,2.64295130008979e-06,4.69427257049048,-0.537605196634648,-333.426534458806,-7.35637589802536,-42.7226597786335,328.307394672603,-2.65469859326584,-4.52511702041698,1.70438050814562,2.06941982671012,0.228200741077311,0.107850316090909
BLG41,298,268.94542,-30.77889,14298,12937,-2.03493139391755e-06,2.34845982618468e-08,-1.35245505222293e-07,2.40201466129962e-06,4.69433090785944,-0.537558312091,-331.921490783896,187.082862709629,60.5970376535218,310.012614573536,-2.45021675346504,-2.86397400839745,1.58181033269316,1.7403573857125,0.278889329958633,0.108438454722222
BLG42,300,268.83454,-30.120345,14458,12956,-1.83575752473727e-06,-1.79008618805439e-07,-6.44715038514164e-07,2.56896342868669e-06,4.69240841812576,-0.526048920869837,-10.1757935082357,85.6740038452125,-18.9684810406286,9.50642020553128,-1.16562389926558,-0.443226785438029,0.592867292488036,0.682443608513738,0.261974430834577,0.129912196214286
BLG02,301,269.564895,-29.52281,15346,13305,-3.80030163389791e-07,5.526248147516e-08,9.95742706468201e-07,3.17446252613764e-06,4.70472169525812,-0.51576848885855,131.999874511763,-116.568583809865,19.4877196013503,191.459323919464,-0.729496561973443,-4.9594438446593,2.62269556071177,1.9083598046466,0.164751290967764,0.12875235052459
BLG02,302,268.87821,-30.034125,14781,12815,-4.41528640931427e-07,1.29824377715933e-07,2.85225135641728e-06,2.13637591398562e-06,4.69247424882617,-0.524594949859316,-318.337602985199,119.683469185069,217.959282294286,-50.8465701222219,63.8467012819704,-19.6608022482471,2.78199338165845,2.27774420101215,0.313925067912472,0.1223814675
BLG42,303,268.87842,-30.03419,14480,12966,-1.18444025271401e-06,4.37497370370952e-07,-1.151846272649e-06,4.8420133736192e-06,4.69327045598068,-0.525105071508084,-429.759655806575,-634.784204308932,59.2139670156848,-128.976056864463,-0.0290094091711383,-1.52242805636353,2.33328144965561,2.00519335707256,0.213408889267027,0.138051557058824
BLG02,304,268.730835,-29.16708,15206,13176,6.99255101965585e-07,1.43354663605663e-07,1.084037412328e-07,3.07926002867118e-06,4.6901013524509,-0.509581549196624,192.432620638875,37.9528031433657,85.2127166935089,101.628819425968,-0.691170897406459,-0.168317638497832,2.70346264937154,2.89843861498214,0.212155577211407,0.116070035409091
BLG03,305,270.12181,-26.89129,5187,4615,-1.29120802378995e-06,-8.59730005587832e-07,5.17575996168711e-07,2.56292793833415e-06,4.71455619853503,-0.469522965572525,-363.730921388306,36.2353987102307,61.0813945611834,437.887657795017,-2.64520356233915,-3.89553099424675,0.70362106249369,0.61897511051655,0.183804042334901,0.112687880384615
BLG03,306,269.931895,-27.509095,15021,13027,-1.45371572502053e-07,-1.94884877381174e-07,-5.90579266495198e-07,3.41813293543871e-06,4.71133595969691,-0.480601254229926,-195.816498551511,-129.514742572481,183.51621528376,213.873485142872,-2.51387228376189,-4.79930951762088,3.17924769647486,3.52699644976349,0.181204626319683,0.122909907954545
BLG43,307,269.931895,-27.50903,14185,12655,-1.96917320960169e-06,-4.47555616734083e-08,6.11794744603216e-09,2.32436337700161e-06,4.71147921450732,-0.480449691912878,-323.569347090043,-123.222938645433,-15.9613899080627,346.661076427557,-1.65385794656623,-5.83629700728174,1.4545398973209,1.44450599474515,0.135212948814931,0.122048569916667
BLG03,308,271.54331,-27.33082,14680,12723,-1.77350188304523e-06,-1.08514959070202e-06,6.37926760447357e-07,4.86878015203783e-06,4.73952893786007,-0.477503305863326,-130.04725384439,-253.297880849834,-52.6500122768209,-149.625791421694,-1.86025640607675,-4.60685403983163,1.82735112938364,2.74880274553903,0.16940817884381,0.093634508175
BLG43,309,271.54344,-27.33094,13833,12326,-1.90608705314572e-06,5.97591350293449e-08,3.30663922051427e-07,2.25742976633051e-06,4.7395532955678,-0.477350943835911,-386.550442135269,-25.7486000548189,-15.5777084405376,351.215334630034,-1.86594384733187,-4.515209720968,1.16488483109491,1.60620800717001,0.163737800564903,0.097381176707317
BLG03,310,270.62833,-27.84236,14734,12770,-1.9497224221431e-06,-4.18006615917267e-08,1.4875781132886e-07,2.27158181457607e-06,4.72365690744019,-0.486289965059681,-450.859964658768,-106.497872091753,31.7001974229558,397.375615104269,-1.80823951573965,-5.59752686342641,1.56055538939962,1.29848874132244,0.125609643014942,0.1104454766
BLG43,311,270.62846,-27.84139,13955,12443,-1.40931388042076e-06,-3.36923703350135e-07,3.63472170434732e-07,3.56788316832338e-06,4.72353181399921,-0.486499592392362,23.6211530770797,178.289041796084,49.9169830962951,286.023326507101,0.389317765812639,-3.11254919000825,1.87032552673292,2.53626516987534,0.21297421143731,0.0993141835
BLG04,312,269.86792,-29.26028,7565,6497,-1.82231687835939e-06,-4.3719930549153e-08,-6.89968281114497e-08,2.29872364117784e-06,4.71034362614604,-0.51104615219672,-117.013932126271,13.1698261855817,46.4948508104214,323.968502834868,-1.31476182815479,-5.4287408689937,2.02789194793243,2.74077001881286,0.206735493378966,0.0988120960470588
BLG04,313,271.59504,-29.64108,7465,6418,-2.28696690882971e-06,-2.26543181510057e-08,-3.7125241589605e-07,2.18260044785851e-06,4.7406402913496,-0.517667007672578,-45.2962772878695,-58.7399146098721,-63.1672610861701,212.888119359475,1.58867137969431,-3.02776982250556,2.59840308748236,2.34287463507269,0.27873016560852,0.116158695172414
BLG11,314,261.73504,-29.75319,3691,2718,-2.25860602961001e-06,-2.02290623552836e-08,2.35026347111491e-07,1.99174506010414e-06,4.56845369674,-0.519590559269464,-390.132261579825,8.89871646520659,54.4761027874169,396.388693127884,-4.18586828763366,-5.71904463926979,0.708899498814376,0.826159164412948,0.34948050817368,0.113877467928571
BLG11,315,262.50623,-30.06696,3681,2710,-7.86724452476823e-07,-1.76178263824612e-07,-5.88531531193036e-07,3.2689090897271e-06,4.58176137253152,-0.525240302622173,-343.229505615344,-31.9037119125109,145.431019581601,335.575001091362,-1.62137732406959,-4.35137517580813,3.04126910947085,2.08689024431641,0.0396085933033986,0.124394079255814
BLG15,316,263.46894,-27.00953,7591,6379,-2.10496871860905e-06,6.75288877100357e-09,9.62278441235039e-10,2.01843827846726e-06,4.59869478885766,-0.471719037774286,-375.414610096112,98.866030204483,-25.2399886015682,299.719409515711,-4.74487048832021,-2.8988035532847,1.1800111060229,1.19628971463061,0.171241333801271,0.105407747348837
BLG17,317,267.22335,-33.318485,7557,6601,-1.96680374060398e-06,7.73499163695882e-08,3.530761076694e-08,2.3080050549305e-06,4.66421749333242,-0.581859924756261,-177.797025880396,-179.769885841816,-2.53676545484985,303.924453584929,-1.91046257762019,-5.12530712147317,1.45295040893031,1.59580623455024,0.206650322955525,0.132581441195122
BLG19,318,266.00696,-24.73101,7790,6084,-2.09356013142996e-06,1.70006579688947e-08,-3.95885661261056e-08,2.02876561814009e-06,4.64306368684456,-0.431929482207223,-343.071377754762,57.7480138128513,38.5333755255686,409.229165373486,-2.24878946485659,-2.85963563110949,1.11573267850191,1.14053346696576,0.110608105156466,0.13660157185
BLG19,319,265.6551,-25.57786,8614,6615,-1.97625084041734e-06,2.96171958702144e-08,2.07288164686639e-08,2.01043900533152e-06,4.63683416963591,-0.446728537916738,-372.066310028594,11.822113525795,-4.23340045209218,378.868702256102,-2.10120329274178,-4.77326321408968,0.794315117359041,0.473795142824835,0.134853679515647,0.125405374898876
BLG21,321,267.68729,-35.83053,3259,2673,-1.9928119456682e-06,1.2859498659317e-07,4.37865640503778e-07,2.38423942772072e-06,4.67224681655088,-0.625738184184799,-371.574029697686,10.905853266458,8.27668431870412,327.799367867925,-2.21006094607057,-5.06272188116872,1.07651730267956,0.732586225850457,0.103769872139427,0.101678298945946
BLG22,322,268.28169,-32.75833,7337,6516,6.10384507040239e-08,-6.74165405545812e-08,1.53250074156651e-06,2.57884663052236e-06,4.68213195298843,-0.572126809406613,39.1347518713875,-295.508140917136,247.85250845497,95.9758548031923,-0.862983894312978,-4.9049054235663,1.48163818995068,2.39153687640481,0.164995622013205,0.149221822833333
BLG22,323,268.4855,-33.69358,7445,6617,-2.24437876862884e-06,-5.65457117359616e-08,1.10823373131989e-07,2.30873643674406e-06,4.68626137715053,-0.588407606356387,-374.24535627313,-55.0953493243969,7.59741440501599,304.091851646957,-1.2114703666318,-5.47222372786135,1.30833175906998,1.07935798104444,0.196650648666083,0.109076804109091
BLG31,324,273.458875,-25.48561,3359,2491,-1.94813581806354e-06,7.43052720313797e-08,7.09825277919445e-08,2.17729323540223e-06,4.77303284501266,-0.445148115126928,-234.286777526693,-70.7864328468845,99.8493737534987,79.5083639433126,-1.89981241968193,-2.47358455871886,1.73398948217715,2.73678393060866,0.1809173193611,0.127884366956522
BLG32,325,272.326855,-28.23393,3340,2533,-2.20486932443944e-06,-6.96509191254186e-09,1.88066555424573e-07,1.97309588222032e-06,4.75329929673399,-0.493074177420077,-106.502908052003,185.570996114113,277.474640365966,244.248348168662,-5.11037649407364,-3.63041594922171,1.24806695004425,0.969580042304955,0.191462491461078,0.140375432615385
BLG33,326,273.262355,-29.32831,3196,2491,-1.94774506554042e-06,4.6756750296336e-08,9.41994285667307e-09,2.41885649304605e-06,4.76960224341661,-0.512222345306181,-99.0789718584352,-40.4089243834545,-145.587531231645,12.1185275909521,-2.31085951135842,-4.3634547896154,2.5521813537216,2.83374403313629,0.170195086006983,0.106067005432432
BLG33,327,272.23127,-29.150235,3265,2506,-2.04919407032638e-06,-6.64942021954384e-08,-8.67391711787928e-08,2.0807069457013e-06,4.75165924830045,-0.509058762500082,-368.75283236862,12.7113255144848,65.5678841714295,370.074158537413,-3.20204668041324,-4.22981255909488,1.03738221632181,1.34375104780294,0.095303839776073,0.134909437672727
BLG34,328,270.53787,-32.67132,3414,2682,-2.14568170367275e-06,-1.9944174202958e-08,-2.30284795577487e-07,2.13460126731916e-06,4.72211589029723,-0.570516447574609,-383.418672661551,34.7415793667014,42.6191754905819,350.404088139361,-1.83853581703709,-5.26575268683843,0.839808972647446,0.95084796352541,0.145653025644445,0.117312572559322
BLG35,330,271.23652,-26.49708,3338,2508,-1.83996213693716e-06,-9.57725784482072e-08,1.11250633671308e-07,2.33339024599882e-06,4.73419961943431,-0.462764713853739,-368.504227281944,1.43479735287872,40.650728334477,352.079808189391,-1.87663254162004,-4.79914677848486,0.972127285132876,0.811599777245643,0.188658660218128,0.134715378625
BLG36,331,274.022355,-24.276015,1923,1218,-1.91422051425137e-06,-2.68790638632569e-09,-2.10742590591178e-07,1.99564342533755e-06,4.78289905698532,-0.424017769215317,-167.040473423497,-74.927492971,198.024245915301,-8.43519157561949,-4.33674710143745,-0.822007527642043,2.55166352187621,2.09958018361819,0.264668145600067,0.0998617302941176
BLG01,332,267.83246,-30.24933,14768,13084,2.32459153879507e-07,-1.40967292007956e-07,-3.32503853529584e-07,3.63513923025402e-06,4.67456625200181,-0.528478387108244,-45.0911739601868,-0.456015132152697,384.723056858787,446.619433822783,-2.19719537498416,-3.51810127558575,3.71877400569875,3.57046476056889,0.154612081331425,0.123330472226804
BLG41,333,267.83217,-30.24942,14077,12737,-1.9459672145925e-06,-4.2473797289186e-08,1.50362465010875e-07,2.44622159127501e-06,4.67482698671716,-0.528315929219766,-242.590606204454,84.8327239608847,85.664484497317,177.179908141728,-2.47516858578849,-1.64725443963969,2.14178416443755,2.16248328455996,0.162296514742074,0.116487242852632
BLG41,336,268.43158,-32.02594,14029,12685,-2.27253951404078e-06,3.31556230363716e-08,3.32125312909966e-08,1.90542982603691e-06,4.6853496540464,-0.559247845703881,-223.157722025334,125.409911422093,-195.015117089369,571.266601444589,-0.24049230994176,-5.73763556823507,1.05181033802232,0.944632748975059,0.316989581355207,0.0983136643571429
BLG42,337,268.92371,-29.219295,14330,12871,1.63015268990797e-07,-1.09966585291757e-07,-7.50529896269268e-07,3.51697318334734e-06,4.69366165674635,-0.510507664669505,-284.630156340386,15.4353459019873,-242.18191233477,237.761069183106,-3.63713625562903,-5.68468776309389,2.95772929876916,3.08165355302904,0.156902456702873,0.118965497197802
BLG03,338,269.65103,-27.24297,15333,13301,-1.77291987833857e-06,-1.72357702808884e-07,2.52335612281353e-07,2.4575772330607e-06,4.70651956734532,-0.475820016371654,-331.235174236757,-52.8561589863766,20.8115998568273,372.819570094158,-1.85513102790706,-4.68262176204119,1.24703205375304,1.41858066914807,0.205068346259452,0.106659071189873
BLG43,339,269.65076,-27.24293,14477,12920,-2.06341341452148e-06,6.46529939124422e-08,6.33120859099919e-08,2.11878412666343e-06,4.70657397687246,-0.475811984320371,-362.308621621696,-18.0026107022793,5.34390978785923,384.959365927131,-2.06484091438543,-4.99599562644422,1.08928089958897,1.57617710744898,0.199019836801192,0.109475416666667
BLG03,340,270.65752,-27.575515,15328,13300,-2.1931919390853e-06,4.20802145237435e-08,-3.10288977890223e-07,2.10797971357611e-06,4.72421415481517,-0.481607843225812,-295.05513402293,43.6643364825204,52.3096811840608,410.645294641637,-2.66764572994328,-4.27152925547805,0.915090377995368,0.615736812657406,0.29707191429231,0.13428860788
BLG03,341,271.51804,-28.51285,15255,13247,-2.1894403605022e-06,-2.27278986917944e-07,6.15579614768788e-07,2.18371949285282e-06,4.73909565370217,-0.497933277479608,-350.056540969857,-59.9222458301912,-5.31144935318375,-45.9036583582044,-1.87080808143834,-5.48702825994623,0.345092120541605,2.78457024429222,0.165288677810237,0.0968789925714286
BLG03,342,271.07721,-28.19397,14724,12755,-1.40678118828721e-06,1.16559329981577e-07,1.41231485783773e-06,2.53083000923718e-06,4.73117007810027,-0.492501248926353,-308.019546441122,-245.583995482972,-397.245547408204,-287.995450917771,1.64019885230633,-0.936858733403483,0.823841344642953,1.84600968706358,0.396250556234001,0.0857103435555556
BLG43,344,270.5166,-28.52844,14368,12816,-2.17565150913205e-06,-1.2695704129706e-09,-1.1662967471749e-07,1.97380212763558e-06,4.72176637713913,-0.498221568388106,-61.1128563949457,32.005179762528,-491.445348326784,-143.058316324053,-2.78467248557235,-2.37958911494047,6.5072410050742,2.82856247191316,0.326659429232655,0.1081264
BLG03,345,270.30315,-28.971235,15007,13012,-8.22559180541519e-07,-2.15142423271814e-08,-2.1627955170033e-07,2.82297385823032e-06,4.71786294444565,-0.50607546932173,23.4704055972071,-173.994728908062,108.111977026603,-101.899985331736,-2.54858626641851,-4.08479761680994,2.88864801794508,2.87156355952371,0.163631154558308,0.102226388659091
BLG43,346,270.30313,-28.97108,14183,12648,-1.56463087106391e-06,-1.05690037877745e-07,-6.74690640011155e-08,2.55286015247227e-06,4.71792733463101,-0.506015687629586,-303.596714746319,71.6136257187347,117.032958272705,172.837426634996,-2.75904102204793,-1.86597528904121,1.69822845398784,1.91110820574845,0.178194761605287,0.102992390362319
BLG11,347,262.130315,-30.09799,3548,2610,-2.02708177354342e-06,5.18276449769239e-08,-3.26186852275338e-07,2.35924954354924e-06,4.57539027542256,-0.525668646546397,-266.667334521675,79.8672849984646,32.8560152134385,437.16383782876,-4.90260504762495,-3.25549630887989,2.03418292343738,1.61174179948858,0.138484889413663,0.121831692712121
BLG42,348,268.89728,-29.00514,14520,13009,-2.08222636658268e-06,3.52375646770202e-08,2.343085391133e-07,2.16286684481335e-06,4.69341687824798,-0.506559743177921,-412.715340643226,3.62026620883783,-16.1602308964237,401.265631866893,-2.69937525198335,-5.25966981104119,1.00303069738383,0.98915681584193,0.129989974391845,0.13661637578169
BLG14,349,263.94852,-29.24026,7684,6552,-2.23133586598323e-06,4.55190102829003e-09,-9.03933166173632e-09,1.9326321319504e-06,4.60702478469798,-0.510641657848018,-401.013722616632,-0.880579457997273,-8.09785008122925,376.647518477438,-3.28525893843392,-4.18251618088287,0.337666215419488,0.529706566101942,0.300105868766705,0.103167071409091
BLG33,350,272.84204,-29.19139,3331,2566,-2.19424141430787e-06,-2.26369719687513e-08,9.96260171662246e-08,2.01810024728137e-06,4.76232192407306,-0.509780954929519,-595.153734271317,-36.8840976565226,-87.5790896486436,348.453069103871,-0.677117267215206,-4.4320219798702,2.61760188772813,0.717917015508628,0.296376877808318,0.138561339558824
BLG01,351,267.58329,-30.93247,14695,13016,-1.67401250419876e-06,6.73682298657914e-08,3.58842938165238e-07,2.58872918701165e-06,4.67048389852627,-0.54027841027577,-370.575627516977,-66.9469196582913,71.0078215347151,369.36911907556,-2.52164512894409,-5.09267748888066,0.894400745174751,1.04893925134133,0.181297827299931,0.0987828381666667
BLG41,352,267.58329,-30.932665,14134,12780,-2.22868138118176e-06,1.46818340959194e-08,1.31280481983162e-07,1.94523724830466e-06,4.67054359355574,-0.540194117745424,-421.519388969872,-76.8111270105759,101.347781239615,444.945547830319,-3.0837766536941,-5.67939012657567,0.566614920702312,0.739388175981317,0.182195975891343,0.094570901875
BLG35,354,270.44219,-26.872195,3295,2490,-2.35807710119255e-06,6.97554838088224e-08,-4.22764411883793e-08,1.99225075379109e-06,4.72042760421347,-0.46930180845886,-404.840479023567,-60.1948068549973,-34.2051380078237,352.132202502,-1.46881924594095,-4.87483350628758,0.565230890946392,0.735816195663149,0.346851027012246,0.0912898174
BLG32,355,272.29646,-28.649225,3367,2557,-1.31389968537306e-06,2.26698893065885e-08,-1.10354384992888e-06,2.33196501978108e-06,4.75288879535598,-0.5003834549253,-730.962284815035,35.873475129861,-121.720958121053,340.563885701181,-3.8049046157249,-4.0584426287587,0.722708901852842,0.178409549176422,0.208109695175755,0.105931497428571
BLG02,356,268.47342,-29.8785,15174,13162,-1.80623868290481e-06,-5.94174028395769e-07,4.94536256060395e-07,3.02618978812573e-06,4.68591692648407,-0.521870948242261,-221.619437251362,-11.4619722694202,264.569995537279,206.222998968373,-2.50931808116578,-3.49418819843755,2.86100595979565,2.11973995877332,0.265079876840474,0.129583943140625
BLG42,357,268.4735,-29.8785,14434,12920,2.43238894470063e-06,-5.0947187842717e-06,-9.39485723974978e-06,1.98178719950202e-05,4.6867951238806,-0.523651698351603,-650.043745081118,-1947.86211561144,-585.470041605984,-868.290451380311,-2.01629158258274,-7.71852344807114,1.75701708772726,0.517899132995417,0.0399519219881271,0.1530424588
BLG11,358,261.20841,-30.07853,3692,2719,-2.16226789009962e-06,1.62660486386696e-08,9.13582926334892e-09,2.06665157015943e-06,4.55928738668575,-0.525284142055791,-368.116604897199,-23.2307839966928,7.90175507272478,392.792702872931,-2.85470753143808,-5.77417503376895,0.719731411921955,0.675698276972512,0.0940654191782807,0.113687250219178
BLG20,359,265.567385,-23.20605,2708,2464,-1.96601254162336e-06,4.61294839264757e-08,1.66610663752354e-07,2.06565038176582e-06,4.63529273963478,-0.40533505800824,-383.24566205355,12.2346602002143,4.76559410469519,379.340901302524,-2.61366847599269,-4.7365599086436,0.373859489826957,0.444964859211965,0.141650699137517,0.0928536633676471
BLG04,360,269.89502,-29.06353,7346,6308,-2.1302934001291e-06,-3.01733747925949e-08,-4.05300616386246e-07,1.94123358025593e-06,4.71097050982896,-0.507548141488788,-38.7120745244009,-56.1580232650836,152.166574891604,-43.469391062498,-3.11382308197029,-9.13892788502401,0.159007406991245,1.99108154689605,-0.0124317909189549,0.1107013585
BLG43,361,269.87815,-29.067015,13787,12291,NaN,NaN,NaN,NaN,NaN,NaN,NaN,NaN,NaN,NaN,NaN,NaN,NaN,NaN,NaN,NaN
BLG02,362,268.174365,-28.624495,15222,13204,-2.2895992799541e-06,-1.06179689087841e-09,3.37107469806623e-09,2.01668601350897e-06,4.68087680632301,-0.499873676154208,-318.230972455997,-5.02110555625085,93.5173980488534,356.624094010659,-0.0433182238707591,-5.11151739993362,1.51954562428204,0.89507780685863,0.353940860167643,0.0884752378636364
BLG42,363,268.174845,-28.62467,14623,13103,-2.16329835139966e-06,5.82348584378815e-09,1.19294025391887e-07,2.2712184408299e-06,4.68083989305362,-0.49992549426171,-140.634973345949,-189.772241206366,173.023555544019,287.399016218945,-1.31643560856058,-2.35025012986527,1.20506036185746,1.07061310571383,0.309456746452337,0.0954057231960784
BLG04,364,270.46973,-30.612015,7553,6489,-4.30429990134872e-07,2.8069589340992e-07,6.66746704478181e-07,3.0808226481149e-06,4.72056534315111,-0.53475422392439,-331.229246826005,630.602091436658,-22.4498215246373,396.337621214408,-2.4329284526321,-5.03833367609409,2.20129620644249,5.1119001624228,0.21910479590834,0.108896320647059
BLG19,366,267.16138,-23.74182,8617,6620,-2.08126373058313e-06,1.91575052108785e-08,-1.48606094715202e-07,1.99110667785252e-06,4.66317149136037,-0.414646445229323,-299.9398200379,42.9204393025463,20.6338352162789,409.018998241973,-2.33919476904399,-4.54022225874722,0.852208272516968,0.868901956408011,0.199855380335819,0.103890627455696
BLG35,367,271.77837,-26.163375,3369,2541,-1.83943842922934e-06,3.76282642458326e-08,6.40963111111542e-07,2.21415986322664e-06,4.74360634369098,-0.456954625642343,-347.841009398748,-197.528386696134,112.659491074085,22.343526772737,-2.57965040439614,-3.3646116497605,0.843477606924604,2.82502821399814,0.329359710457115,0.08901605
BLG42,369,269.392355,-28.16447,10796,9654,-1.13786148668942e-06,1.23683979857276e-07,6.95390237874161e-07,2.14772297548943e-06,4.70196772905049,-0.491891362799415,161.909149801577,-46.1547851797504,299.791250457015,101.108942612139,-2.67473667862948,-3.82464478064829,0.738120642576353,1.73220003179401,0.0364273229310049,0.135107056
BLG43,370,269.3925,-28.16422,14154,12629,-6.68141481139377e-07,8.8759609734708e-09,3.32912488323626e-06,1.88589133587039e-06,4.70150236652145,-0.491844114384527,-148.036738304691,-348.371302308358,129.878124875452,-483.2260054216,-0.214500891373501,-2.29728265463982,1.31411341682422,0.329816123802246,0.126190333725015,0.14350902
BLG02,371,268.34146,-29.93186,14970,12971,-3.693884889523e-07,2.23091427908012e-07,-1.13076118516007e-07,3.28258622764483e-06,4.683509153321,-0.522945829613064,6.06972167194074,-32.9031674044227,138.73349697171,-28.3936394437434,-1.54725085525899,-4.77811824501937,3.33862296300246,3.42145221887248,0.164193656664936,0.139562387625
BLG42,372,268.34146,-29.931765,14377,12879,1.7881957417314e-07,5.15070129674888e-07,-2.02894398481996e-07,3.2412096384353e-06,4.68344550155343,-0.522992145739001,-167.291584564429,-239.371969493681,140.914701576809,365.553956502648,-0.673521954401126,-1.46130637838418,2.62930492271098,3.50325163967802,0.177693553904687,0.13737058225
BLG20,373,267.45492,-23.31508,2706,2462,-2.05044394972686e-06,-2.7129911376155e-08,2.70191466578037e-08,1.88934198297969e-06,4.66827083131486,-0.407199933549819,-399.866074224603,50.170906480344,29.9522531161285,382.010734470396,-2.26793684996457,-4.1867384075915,0.34854490896513,0.823954880237322,0.154077564922002,0.10844607225
BLG01,374,267.92854,-30.48628,14766,13080,-1.4078793085028e-06,-3.7764837103343e-07,-9.01188629019141e-07,2.75015063537435e-06,4.67656114181806,-0.53249305388353,-164.904520209493,92.3897697301208,-153.348217878442,-19.4914697758784,-0.0726876008305256,-2.02490259697588,0.758098621516136,1.77760275715112,0.333639250771126,0.118696349166667
BLG41,375,267.92854,-30.48578,13906,12575,NaN,NaN,NaN,NaN,NaN,NaN,NaN,NaN,NaN,NaN,NaN,NaN,3.20787763962516,1.15905941287757,0.263171254043634,0.108379783
BLG16,378,263.69825,-23.87464,3711,2674,5.56693628428454e-06,-1.88588768722657e-06,-0.000177788180823805,5.12300659165715e-05,4.6048986988447,-0.417578752058805,-185.240500308223,30.5984707620336,-266.545579747846,-114.835268184062,-3.6723559054478,-5.65758894273229,0.979752398836542,1.38847113470812,0.225430601089861,0.152801465833333
BLG18,379,265.61746,-26.58065,8562,6707,-2.16121751849469e-06,2.41326339192774e-08,4.90259007253852e-08,1.92750741709634e-06,4.63620702003023,-0.464204109361143,-376.478162647371,22.5414375412132,17.4875585093833,405.444908590548,-3.26732908588814,-4.87759705572874,0.507029325181347,0.366548258197453,0.0493517584987947,0.10666871
BLG19,380,266.12756,-24.21281,8659,6646,-6.94565609385353e-07,2.14248055192026e-07,3.00959398421579e-07,2.88600059520801e-06,4.64482578030441,-0.423049496983787,77.3932407009714,-11.5388334612095,208.838658225549,-231.593865606415,-1.91658238875855,0.0602215140581095,1.20544454906926,1.25875616864453,0.212914335140346,0.111270265764706
BLG33,381,272.82748,-30.46431,3277,2515,-2.23176851109725e-06,-1.40769125159751e-09,1.27001928837354e-07,2.04119913018697e-06,4.76204790249954,-0.53201050039416,-217.285573721942,-4.61376965567025,-33.6674431090542,439.905544783902,-1.70823704678775,-4.21808930451219,1.59854401865485,0.598308017281276,0.164458506098646,0.0995035719
BLG13,382,264.588155,-34.12341,2364,1515,-2.30569061216223e-06,-9.32133760686112e-09,-2.54944688734841e-08,1.92630969018466e-06,4.61831004193527,-0.595869830890121,-372.214216596435,-96.7543665254035,17.5936494040056,306.230053791272,-2.53035845142111,-2.70553494703287,0.289904251559991,0.482637697308499,0.301396173302561,0.1093204508
BLG13,383,263.84329,-34.69215,2378,1525,-2.3542980314638e-06,-9.04211472401965e-09,-7.22715176196248e-09,1.93153277286369e-06,4.60528130597595,-0.605749903321749,-467.432907634083,-110.172963377139,-40.6591248016074,322.90856934687,-0.840299993219509,-3.01022395277107,0.302453731171354,0.510036515717528,0.451746357201417,0.0997946569090909
BLG15,384,264.050695,-27.75946,7713,6485,-2.16491205483408e-06,4.08246854553342e-09,-6.78738033637962e-09,1.89845858680186e-06,4.6088828021954,-0.484777158333647,-178.956492811162,-110.42165625339,-92.7068350901979,424.893881056285,-3.42701305244069,-4.34883061669388,2.39340497514158,0.762399857653837,0.288154172301134,0.108777963028571
BLG36,385,274.0869,-24.42964,1901,1195,-5.84316030915147e-07,2.39467409370095e-07,1.09673108173484e-06,3.50124302061264e-06,4.78366708994823,-0.426877460861557,75.3798170160007,-930.54945159405,-82.5238672885369,392.260095576895,-0.129925013438202,-4.52272943965975,2.67299659841086,4.2349412553751,0.198486092715804,0.113436110857143
BLG17,386,267.36529,-33.76378,7593,6611,-1.79786703917582e-07,-7.33856726161711e-07,-1.07931130013008e-06,4.23594001983526e-06,4.66655924832369,-0.589797158804307,532.12770643913,64.3942181330471,-114.815061044945,22.2969090873243,2.92588041721205,-1.20629118515491,2.51223673409617,0.615728577114605,0.0896672629768606,0.11135158525
BLG42,387,268.59083,-29.28806,14271,12779,-3.45241289675116e-07,-3.51675109804854e-08,3.30782576552137e-07,4.02094651289807e-06,4.68779902619174,-0.511750257871929,-467.136972083094,136.329861776455,41.2946068019259,357.306207595486,-1.97176645000604,-2.66704141151381,2.57704830675394,2.86389380958254,0.162987522451409,0.112498657089286
BLG01,388,269.00142,-30.53681,14898,13205,-2.11211635959056e-06,8.48548769530484e-08,-2.22283100958005e-07,2.32902957004007e-06,4.69526726110252,-0.533325320148356,-358.611366199023,-12.2326480646863,58.8851738736145,411.448979990167,-3.26693465948828,-5.26598363246729,1.39673414352514,0.977920293362548,0.105382933143522,0.1641584945625
BLG13,390,264.72977,-35.27722,2384,1527,-2.21226343263044e-06,-8.18332884459603e-08,-8.73619238527892e-08,2.01600911982506e-06,4.62075755820675,-0.615991138842457,-179.366071085052,171.838020876941,-33.1052040107544,398.079304459727,-1.81763561185426,-3.21854713544573,1.68768546221674,1.67268550225063,0.241614839926395,0.124646935027778
BLG01,392,268.23623,-30.93357,15308,13571,-2.61085348005635e-06,-2.56399976186185e-06,3.59330830156886e-06,6.13601055357374e-06,4.68121567959833,-0.540521185038255,-528.089012905958,131.938540143409,-1.74966504209,134.682306157451,-2.01736810530441,-1.95804204256563,0.639047938677168,2.46877668815529,0.280505140743203,0.135792482
BLG13,393,264.24665,-33.525585,2357,1511,-2.14891997693021e-06,1.47701468654834e-08,-2.27866866835227e-07,1.99070696964323e-06,4.61236582102794,-0.585396190022645,-230.223662685554,-17.3790548880263,241.187051081921,410.616373348287,-1.78644426414013,-2.87058134970831,1.02969800286842,0.656132303155861,0.362220276501611,0.1258981145
BLG22,394,267.55897,-32.31043,7440,6599,-2.22132073229231e-06,-1.39439373988006e-08,5.98114435345718e-08,1.87294477378917e-06,4.67010442108229,-0.564210018465955,-271.385811243805,-46.5666589024723,18.8536311481154,390.314415760065,-4.06577662754752,-3.35691745425341,1.14014548992117,0.412693096966093,0.287685012798651,0.103085131791667
BLG42,396,269.67679,-30.08367,14411,12907,-1.67597486180973e-06,1.60006763493535e-07,-5.91485656171687e-07,2.81821694561188e-06,4.70703502474926,-0.525505313701128,-209.63301038828,602.636213588286,-20.4453170258024,246.05354403527,-2.38465282460134,-5.68966460898188,1.84773781331455,2.67798486140757,0.203248405975821,0.103092136948718
BLG17,397,267.0017,-33.04547,7773,6767,-2.19895017200223e-06,-3.40305006480488e-08,-2.86827180487082e-08,2.04270586989452e-06,4.66041612260562,-0.577056147066517,-389.773357358614,-12.8862447966813,-12.0028316099044,377.504686399755,-1.84172457404112,-4.47288284642737,0.407412916718933,0.617928958140797,0.213158454900129,0.114369845678571
BLG33,398,272.33519,-29.32469,3282,2519,-2.22207056580789e-06,-8.79516536245137e-08,-3.11442123987953e-07,2.50639434079469e-06,4.75348664704091,-0.512226347826464,-357.724807352397,-49.6264681274666,83.8720060567465,-68.9128723971866,-4.29530035192926,-2.47129501070509,1.29993324197679,2.73779964230519,0.211868329508653,0.0949445465714286
BLG14,399,263.619535,-28.7973,7656,6520,-2.19508097481582e-06,7.72563557756353e-09,1.34134883780436e-08,1.93279223320822e-06,4.60134213616063,-0.502861801930279,-458.046156265145,5.37916558668947,45.066296247017,414.204299747483,-3.22086564350032,-4.49689575403141,0.874180241863367,0.700114858500343,0.138450712828862,0.109064280035714
BLG35,402,271.423385,-25.596055,3408,2571,-1.94930515012842e-06,-2.48546703500348e-09,4.97995674051633e-08,2.04982617600929e-06,4.73753314160342,-0.447011747853033,-349.214203190039,8.40517187085017,45.6398422789501,410.925860453757,-2.21468637108858,-3.56623643883346,1.77960400728202,0.479798118679629,0.179171207272923,0.107325637354839
BLG04,403,270.23517,-29.80942,7509,6451,-8.22954598222965e-07,6.96316855862428e-07,-6.57946508639453e-07,4.69536639870352e-06,4.71679336459362,-0.521202487065254,182.527858237466,67.1796935504082,58.6841099949475,38.1888782736423,-3.36155472521325,-5.73524158031405,4.05059282724973,3.17728279723761,0.0877826098072084,0.103078612096774
BLG02,404,269.30762,-29.4585,14907,12910,-2.23435442748812e-06,-6.69690318819521e-08,2.14280114752127e-07,2.23314127788254e-06,4.7005494699898,-0.514454947232434,-554.70398836352,-35.550369267806,24.4899923662181,383.808731361712,-3.81321260808667,-5.03602671888851,1.25366729122052,1.00233105373693,0.182685199019398,0.1256848925
BLG42,405,269.30771,-29.45864,14348,12846,-2.14303853464617e-06,-3.61955473792021e-08,-6.3298307176028e-08,2.22849857318812e-06,4.70062399628613,-0.514463202728036,-336.817062211414,5.37141366106799,180.251310946785,167.51449421365,-4.02708602264711,-4.0362896692562,1.68277524596813,1.51241268499151,0.25977615967344,0.122775902
BLG03,406,270.06183,-27.39011,15179,13161,-1.90805524794658e-06,-1.5540162050247e-07,-3.22423869497676e-07,2.41145964653616e-06,4.71380229805604,-0.478407344382623,348.887446908326,-326.480541428662,208.573982573565,267.851786702553,0.145826272076023,-4.73930962104004,3.66967584921803,2.46812296932395,0.173771316880375,0.126135436169492
BLG43,407,270.06183,-27.389985,14329,12787,-2.21353080588195e-06,-9.33852047468291e-08,2.09116584380909e-08,2.17356422291811e-06,4.71379459320347,-0.47837672700774,-294.18249816494,55.0253476774543,90.1237135134463,387.981823596224,-1.88081879044641,-4.05131396696304,1.15179645960181,1.05474210191911,0.192150883155991,0.119999198510638
BLG32,408,272.16258,-28.013,3337,2543,-2.15155878934259e-06,4.11672703328266e-08,3.5864049160745e-08,1.95500377132502e-06,4.75042851998236,-0.489209901193979,-70.828745519061,178.426115295259,18.7303706575887,211.782642827793,-3.11135869925624,-3.94476836483486,1.97992080395778,2.20719587664496,0.175694039511271,0.0938730384230769
BLG41,411,269.02354,-30.303445,14277,12935,-1.53374215372376e-06,3.31416871214362e-07,-7.00955317877664e-07,2.62600680754725e-06,4.69570974639359,-0.52937469182349,-259.259047893405,-10.9213320622439,57.6557445842456,95.9261029351455,-1.677321016084,-3.01392193333738,1.91308171213119,1.96183400036423,0.166308169423888,0.126508882439024
BLG16,415,263.53742,-24.348185,3699,2668,-2.10068914854317e-06,2.75713592255198e-09,1.92448766973397e-08,1.92545347593298e-06,4.59992903012615,-0.425276235945439,-319.766683935657,25.818916175825,31.3258100492116,415.266855697978,-3.55949793198885,-5.18771259819085,0.959182600061589,0.304304560055023,0.193036152722819,0.105680258962963
BLG04,416,269.79875,-29.88383,7406,6363,-1.43965716675531e-06,3.64186349641992e-08,-1.61868942933593e-07,2.81089633392299e-06,4.70911853981473,-0.521990028850674,-401.205509037762,44.602740395594,-127.517235241715,407.395407363787,-3.42337557028232,-3.85546308946266,2.26658826600906,2.41794866454797,0.152708714081702,0.105891043115385
BLG20,417,265.95176,-23.0898,2669,2431,-2.06317153751907e-06,4.51608967123184e-09,1.02723129396093e-07,2.08243986200643e-06,4.64202166130685,-0.403293356657322,-397.055675143095,-0.916524478885586,0.239924858467282,409.629652923656,-3.01763300749537,-5.58637410472538,0.380290021537642,0.979387398517438,0.086373704563188,0.14617794033871
BLG37,418,265.39513,-34.85864,3762,2900,-2.16067053093087e-06,-2.26396286677485e-08,2.07237364564322e-07,2.09101289652578e-06,4.63230331857525,-0.608726659413542,-330.201726634915,-43.2970491818971,43.2011941691217,388.643078554845,-2.76825315889972,-4.92716317904868,0.792118019865903,0.755931896495878,0.193448435790864,0.096297282975
BLG34,419,271.17529,-31.1805,3403,2672,-2.24238212401071e-06,3.14866048983606e-08,2.44759110662878e-08,1.88400464328544e-06,4.73320921536546,-0.54448385896082,-65.4816484108614,783.186330312119,-36.1241466819801,605.977843389706,1.52627767041034,-9.95515151958515,0.231009853535647,0.53078866294953,0.260372183519802,0.1087676228
BLG41,420,269.43173,-31.138195,14322,12962,-2.16029962621455e-06,-3.39417618203693e-08,9.81690975153343e-08,2.26363144724829e-06,4.70278189847593,-0.543800597489756,-348.507940877103,-30.8268529452643,15.5438630769188,379.581767610023,-1.66455167114251,-5.28552196851359,1.83206172463183,1.14902307382086,0.188895543235734,0.105487113421687
BLG20,421,265.96333,-22.92219,2710,2466,-2.00310098849136e-06,-3.75337794146211e-09,-1.2873218580602e-08,1.98092750057671e-06,4.64226226084391,-0.400343843248724,-294.13878167655,34.0004415338613,32.7036645705596,420.753607584768,-2.7188361241457,-5.30087308206815,0.981379615940163,0.697624377155263,0.136782772812018,0.121357069138462
BLG18,422,265.941815,-25.726415,8514,6668,-2.02378562961051e-06,8.1733637174559e-08,4.15335066633273e-08,2.20659281283943e-06,4.64185105873136,-0.449369243427488,-219.696121659223,-38.0033595094171,11.5584738588895,381.350172382162,-5.38119680827805,-3.61791206305833,1.60069742327636,0.647613801031429,0.127073555940991,0.131532023525
BLG21,423,268.01296,-34.53189,3258,2673,-2.19921806628962e-06,-7.97745323228943e-08,-4.96047897154147e-07,2.34248072571601e-06,4.67813790277582,-0.603042828307111,-314.913637489774,123.772141391811,87.8044144688483,359.108383285817,-3.63538586864334,-7.38350668494225,0.981258690600115,2.27541153254043,0.130386236473823,0.114302272030303
BLG22,424,269.59896,-34.270805,7450,6609,-5.3307010740677e-06,-1.08716437001344e-07,-1.12931053281332e-06,1.86276436664863e-06,4.70671849159281,-0.598390180203405,7.68343738439367,-348.985260358647,-119.21804377362,-323.165657190026,1.10108786029651,-0.111726652409849,0.518955315124637,0.514312701726025,0.457610871369349,0.106425852
BLG02,425,268.980335,-28.96134,108,80,NaN,NaN,NaN,NaN,NaN,NaN,NaN,NaN,NaN,NaN,NaN,NaN,NaN,NaN,NaN,NaN
BLG42,426,268.97947,-28.96591,14870,13327,-1.514878571569e-06,-2.04798030532667e-07,-7.33702603544665e-07,3.06239803022709e-06,4.69484867053975,-0.5059136661649,-398.575773693913,-152.206548351349,-34.8625502914493,-100.57161455916,-1.71978711536049,-2.3562656107177,1.96612402526763,3.22889745883599,0.134369020898937,0.159137876038462
BLG02,427,268.41283,-28.881125,15393,13344,-1.90382849181045e-06,2.62135600466371e-08,-1.10643565801178e-07,2.42260608275505e-06,4.68494685250673,-0.50443947291578,-263.110889629596,-70.0028956073319,285.580116056543,298.532356270559,-1.99463712566014,-3.89572725941542,2.13611347211359,1.10755272068601,0.18737950094965,0.11114512468
BLG42,428,268.41278,-28.88118,14685,13160,-1.76005322894982e-06,1.22205592771147e-07,-2.45894262251331e-08,2.65132426948692e-06,4.68492453110416,-0.504488769447371,-445.108626790342,-110.602450746217,-17.8331444943034,307.835796024944,-1.89068079407734,-3.87066740126868,1.50007011242503,1.43067361540485,0.187361828072186,0.118575741361842
BLG02,429,268.3594,-29.87083,15186,13173,8.44581436114951e-07,-1.56525332029182e-06,-2.50249138596086e-07,4.0166198805993e-06,4.68356419023333,-0.521654841478384,158.871794037374,120.112454368466,199.440257617134,-63.1459973281365,0.754371250015245,-1.38056093782609,4.35031063485054,2.47890522481043,0.182443781718889,0.129971972583333
BLG03,430,270.65504,-27.86994,13462,11683,-1.46969790724535e-06,1.86205719178855e-07,4.17257027268637e-07,2.59965481403307e-06,4.72395107439363,-0.486859586667,-435.938762567279,-45.8577383548373,-673.690524283923,169.992831577522,3.08721637422105,-3.51722687094153,5.72330958072981,1.03513194060276,0.273204559251799,0.0955328845
BLG04,431,270.43158,-30.66706,7639,6562,-1.27529429090087e-06,-1.08988884350741e-07,-1.50386055738048e-06,2.41025354609226e-06,4.72027277075658,-0.535549384515152,-514.486945388435,-317.298069440514,-42.3811832889344,-725.971545554135,-3.13439583960592,-4.79067852365041,1.53217251916045,2.8019368995399,0.124643357645462,0.0973440013529412
BLG11,432,261.432925,-29.871055,3556,2646,-2.21943768713234e-06,2.6711363955033e-08,1.05998338352202e-08,2.11005182700766e-06,4.56318461881792,-0.521673664390786,-411.711217275544,-22.3056850292635,13.1101691057613,394.513777562274,-2.84236059974871,-5.03691520450413,0.488560243734225,0.715629809170624,0.117828808084008,0.110424349271739
BLG11,433,262.87314,-30.38559,3629,2669,-1.99865157272371e-06,-3.94736503535634e-08,-5.62277242122736e-08,2.16506679837848e-06,4.58829879074646,-0.53062938380149,-381.455515114662,-31.050047756811,58.2034855576578,441.381841647544,-2.42463376728338,-3.71373651505491,0.578097881428546,1.07916616254459,0.161025489322991,0.122237575030303
BLG12,434,261.43853,-26.82814,2285,1408,-2.14092011047319e-06,-8.78101334382463e-09,2.49259890318826e-08,1.87830935411264e-06,4.56321315649267,-0.468513084441128,-333.401712019336,74.4566578528624,-123.008989745702,338.048782343549,-2.87690497587175,-6.00704332296667,1.85888964333731,0.798938862043848,0.130570039427569,0.110788103470588
BLG12,435,262.45573,-27.589395,2369,1451,-2.17193213110897e-06,-3.46827809123909e-09,-1.31607250716157e-08,1.93098697382717e-06,4.58099587056427,-0.481812012877797,-326.61936036165,82.6764169347648,10.9692110354547,373.531170563741,-3.712369931039,-2.11088840693435,0.787217611478534,0.71537373392247,0.109667470401947,0.0927186106153846
BLG14,437,264.55408,-29.16173,7679,6549,-2.26186750955543e-06,2.63162847646188e-08,-2.26106251392659e-07,2.03512358878726e-06,4.61776339374846,-0.50930244628025,-179.268979728132,-204.783700709329,40.8727350810789,192.01913062053,-0.461908305102932,-2.57412881035391,1.23012644156421,1.45265452329088,0.501150365264627,0.117691781894737
BLG15,438,264.02773,-26.14755,7708,6492,-2.14988130427933e-06,-1.70668520641889e-09,7.35127477371837e-09,1.91597997074939e-06,4.60845542322522,-0.456619669783897,-240.767965737894,-62.937325108425,118.321354336063,395.727589998945,-1.64261159273384,-4.12880387328881,1.33473393456923,1.37347391150044,0.177767156421147,0.10529572948
BLG15,439,264.58416,-27.82983,7160,6113,-2.11994029353939e-06,6.11628493523047e-09,1.87496182997957e-07,2.27462099528294e-06,4.61816221333776,-0.486049187371439,-377.151541470542,-6.31675881368585,19.1599333895439,354.489154470211,-3.2441496149885,-4.97903087534156,0.705773316129011,0.50207481197921,0.240339735930753,0.130824108193548
BLG17,441,265.89879,-33.40755,7685,6687,-2.31825460418894e-06,4.0846598278847e-09,1.43432767387699e-09,1.93640693111727e-06,4.64115014840558,-0.583348755485449,-475.806688449188,-308.516002093736,-139.547014307829,14.6470029386464,-3.23098707112594,-4.97379051908658,1.86337465107483,2.52889416577097,0.298962119556501,0.109922594458333
BLG18,442,265.950715,-26.22641,8578,6717,-2.02863291300172e-06,1.64284338182811e-08,5.22250202051547e-08,2.30793117915462e-06,4.64203897956169,-0.45808791753631,-284.445043724643,-36.3745755166125,206.978447888802,347.259933839401,-3.41505919532929,-4.92046491291992,1.48735176484063,0.754335936308846,0.115496475679648,0.127780459113208
BLG18,443,265.781045,-26.688985,61,35,NaN,NaN,NaN,NaN,NaN,NaN,NaN,NaN,NaN,NaN,NaN,NaN,0,0,0.0736822825580794,0.09718728
BLG21,444,268.08029,-34.97089,3263,2677,1.01283695673281e-07,-1.28368407159239e-06,1.96538544789567e-07,6.07926179577233e-06,4.67897115651303,-0.610907276303834,-452.013079208933,-142.326157367486,159.840972933683,272.631246540212,0.402134669457319,-5.35551190484207,1.3566268358358,1.5751886421172,0.441611005796067,0.17020965
BLG22,446,269.50226,-33.71372,7353,6528,-2.15920136402801e-06,-1.6100314639819e-08,8.49292060858254e-08,2.34425446652373e-06,4.70401475435283,-0.588745661234941,-442.292075789258,26.7952217644544,0.281969838945786,394.882213000064,-2.45354766528093,-5.64557315511622,1.26419702619057,1.33485802560642,0.150001396079046,0.0986797283478261
BLG22,447,269.12208,-34.21957,7372,6543,-2.07541275944767e-06,-1.4691635299111e-07,3.84355591836016e-07,2.53306892333619e-06,4.69731868296367,-0.597622731972309,-390.11650436949,-18.7385888138185,-53.3587996539225,411.633611831893,-1.93837854738374,-4.74943134284151,1.32874842668751,1.03866013405887,0.246193481651917,0.107782462914894
BLG22,448,267.87702,-34.02039,7347,6520,-2.2596034192599e-06,3.18285230141901e-08,1.1460433929925e-07,1.95272593197865e-06,4.67573494144865,-0.594082864239673,-347.62235006938,10.4246876842921,16.5263013813488,394.802586539334,-2.1166903658672,-5.361529253114,1.06848422192901,1.02993647866845,0.187157100964246,0.117528310525
BLG31,449,272.48088,-26.55717,3334,2467,-1.90440279386224e-06,6.05023534849517e-08,4.09107117581839e-08,1.93713230050162e-06,4.75596994358724,-0.463793125927457,-416.297184051164,15.7146690513844,-77.1627113497848,389.57345056472,-1.01339011463167,-4.74301766637315,0.797641165142154,0.475800551579934,0.236334445412905,0.1117656866875
BLG33,450,273.127,-29.19731,3285,2549,-2.24021591058421e-06,1.10118892777878e-08,-1.24811985385179e-07,1.92739683832057e-06,4.76733556491375,-0.509852891973268,-191.393517143227,68.9255753127539,245.374652528047,386.0934991879,-3.02064756174131,-1.95495875664552,3.09275547275002,1.30113642492414,0.183725063128972,0.0939740104615385
BLG34,451,271.92317,-31.65028,3415,2681,-2.15097940834505e-06,-6.81045817143759e-09,-1.23295245267626e-07,2.00190218738691e-06,4.74628892947356,-0.55272743533381,-278.265013475594,44.3072606998029,-11.2251910020092,334.349654886458,-1.74567152235771,-5.03649511609135,0.624416378005058,0.724951269253129,0.237956675880931,0.123627789525
BLG42,454,268.43613,-29.85257,14756,13224,-1.49212432527631e-06,-1.41585644568457e-08,-2.67757855384119e-08,2.79979056605892e-06,4.68532543080013,-0.521470732480664,-21.7216942129101,69.6085384714772,198.472124122461,-90.9889427117061,-2.48206978572322,-4.96896473786034,2.18217370809913,4.60182216417977,0.155780005723876,0.137183759647059
BLG01,455,267.858605,-30.101955,14769,13100,-2.52615838344129e-06,4.4778209219148e-08,9.2210919347573e-08,1.89148480090611e-06,4.67540535431992,-0.525697182734461,-142.600238056842,-88.7414663745721,253.908991449789,379.462763839207,-4.78562816198587,-4.22339999521621,1.67105640794223,1.0788809320804,0.255374139617792,0.112791222
BLG42,456,267.85879,-30.10264,14558,13043,8.56154754621146e-08,1.31453679476011e-07,7.74144290024619e-07,2.87923202922496e-06,4.67489239936998,-0.52585715825086,-401.475426285896,-205.214477185807,-204.481297186505,-23.5883318750316,-2.11549536574131,-3.32351367636535,2.10282063834666,2.33558431753675,0.173987197577363,0.128077509083333
BLG11,457,262.75284,-30.1971,3630,2670,-2.11742585801579e-06,-3.56032178239973e-08,1.41405500812377e-07,2.05284262723049e-06,4.58619210762025,-0.527338708178838,-398.901738665142,8.5212017037752,-4.84535630160099,405.225196776903,-2.67544284566472,-4.59522545057383,0.593840729202641,0.387174537086356,0.137013888903757,0.124218080364865
BLG14,458,263.37403,-28.33232,7669,6533,6.82092184447532e-07,2.38131825136581e-07,1.70716890421851e-06,5.09571562211005e-06,4.59642554350663,-0.49523370292001,-327.575894195653,11.1735646825172,-26.0707900536135,412.330533713219,-3.14731159348568,-4.27759823880908,2.41618352625773,2.87468024347102,0.136053499840836,0.119490992
BLG18,459,265.47441,-25.94603,8602,6740,-1.85906745907153e-06,2.69989007422773e-08,1.57264663835654e-07,2.21346506293174e-06,4.63368749300947,-0.453176749931926,-216.663111728849,59.5007687588965,27.0435599660135,387.234394973845,-5.17900880884059,-5.53422309487826,2.56914030120874,0.838730762068364,0.0472720094489429,0.143588786466667
BLG37,460,265.87861,-34.66819,3776,2908,-2.30336492145972e-06,-3.0312955096011e-10,1.44661132821556e-07,2.00607780083322e-06,4.6407580036703,-0.605384135328846,-343.266655443328,-60.6683414896752,56.0878228600957,401.425986771871,-2.69177192262093,-4.63309034838967,0.837462959512464,0.97155944693679,0.206529774635912,0.113012303557895
BLG37,461,265.11555,-34.97638,3717,2865,-2.28507451949987e-06,1.0220994428833e-08,2.54834333558735e-07,1.98770492914458e-06,4.62742914995895,-0.610741516924862,-386.699679010308,0.940965006921308,4.92498046428385,406.213947181445,-2.23750106948235,-4.46215849518378,0.485917653152003,0.557693449093556,0.180605006719644,0.107737789559322
BLG17,462,267.22679,-34.05897,7702,6706,-1.97213396936771e-06,-1.51486530254085e-07,9.28167299827286e-07,2.49543134501586e-06,4.66412037158096,-0.594810843574438,-257.86521353555,24.4791568543652,79.3976004655243,358.481346950241,-2.49343875570265,-4.92600867464722,1.55635090621393,1.32554536865365,0.281213270145535,0.121591776909091
BLG02,463,268.887135,-28.35438,15524,13459,-1.96632991905592e-06,7.99867521327847e-08,1.28745023846876e-09,2.44794292118294e-06,4.69327538729491,-0.495301529459864,-346.550336694519,-18.12102127808,36.9273730953897,343.916012389878,-2.01763721715025,-4.61684246943476,0.782021952330379,0.9199555236772,0.157663530560497,0.107186634617647
BLG42,464,268.88731,-28.354585,14918,13369,-2.14759786401687e-06,3.71206634711144e-08,-1.85946395854457e-08,1.98945659225405e-06,4.69331051610299,-0.495225580734271,-353.699611435884,-29.1141060082375,5.11962217852691,399.002687638197,-1.97096392581188,-4.14651619320613,0.730512016299577,0.824064726666028,0.192406077026489,0.106255350101449
BLG01,465,267.9985,-30.47828,14840,13150,-1.93102171051935e-06,-6.99248320522871e-09,1.75359061775974e-07,2.06503212684224e-06,4.67776671981744,-0.532245887729048,-271.997133040822,26.5213609200111,-172.368051702375,338.517803598039,-0.0702956959360159,-4.0190753263033,2.88280078111118,0.899519040401252,0.220580934375889,0.113875722909091
BLG41,466,267.99842,-30.47825,14264,12900,-2.26455494220933e-06,-2.86703999204181e-08,8.61481201802257e-08,2.11469311539029e-06,4.67777421583599,-0.532251154319429,-335.90894896159,60.9786163257327,125.4028628154,248.989563274087,-2.26048396619585,-4.19347411724632,1.20493964651308,1.63354352163433,0.17181751788309,0.125000848090909
BLG01,467,269.09775,-30.40803,14741,13064,-2.18222532369112e-06,3.78096728854511e-08,8.93628921037908e-09,1.90763750674937e-06,4.69695698766864,-0.531018059678544,-318.742550501567,-103.429946339499,100.716440848109,327.442765703348,-2.79144683973661,-5.36846931317132,0.827982231018191,0.702604345669934,0.0650164693839557,0.15281489625
BLG41,468,269.097645,-30.407865,14189,12837,-9.17810543358995e-07,2.45051525872148e-07,2.2260281687892e-07,2.38126012950545e-06,4.69679264410416,-0.531129870919664,-244.670664105547,34.7118146406966,-57.3504364273313,452.260121915774,-3.50479392271853,-3.48100897591415,2.21105975037923,1.50061801390159,0.148387614443083,0.144476622941176
BLG02,469,268.52882,-28.49955,14921,12943,-2.03682981039133e-06,2.61006875293175e-08,-1.07940708454232e-08,2.26436128181588e-06,4.68704304222323,-0.497762929941183,-304.14841227999,56.3329713626392,35.4493438207609,400.700575204668,-1.67815279391353,-4.16545560052933,1.13636739708937,1.28417955644046,0.248395344378597,0.123954908688679
BLG14,470,263.658645,-27.97537,7708,6572,-2.19170593720527e-06,-7.21810316330543e-09,8.09440217577268e-08,1.94182658630533e-06,4.60201837335639,-0.488532094288346,-269.950330276305,-205.051167968338,1.71806679135742,449.352101166412,-3.19414167706113,-4.01114617136322,0.848263129628657,1.88802091109184,0.109557289975615,0.119144629634146
BLG16,471,265.288425,-23.88576,3698,2666,-1.89673140956958e-06,-9.76612032452357e-09,6.58368792335523e-08,2.29107455947462e-06,4.63043626784321,-0.417230280999764,-380.547826122019,5.24240755517457,22.3953003802506,377.936512813832,-2.32704722196969,-5.96631861873387,0.930992429184977,0.684520633985613,0.193400555412104,0.159022959977011
BLG19,472,266.88123,-24.14208,8626,6629,-2.05346634118519e-06,-4.06663938398276e-10,-5.27275760931011e-08,2.04549586340027e-06,4.65826639713622,-0.421665785153342,-426.16600916425,5.16196930738462,-17.9192067574908,392.625787418316,-2.64883637837703,-4.21275737934342,0.642983791398361,0.810042071819877,0.0965744005851174,0.117199192205479
BLG20,473,266.24256,-23.38478,2676,2438,-2.09448685083891e-06,9.52991354117841e-09,-7.74626712294985e-09,1.89945558881696e-06,4.64711731054575,-0.408402937438371,-347.789238398452,-235.136099961554,-10.7247214383681,272.807615384146,-2.90354856966823,-4.59656666220633,1.17652878503063,1.46084271385994,0.256950988417886,0.134669811578947
BLG34,474,270.79633,-31.28358,3398,2670,-1.86699148266121e-06,2.06554730253207e-09,-1.38885516079404e-07,1.89640979632687e-06,4.72660441398306,-0.546304765543746,-148.5082945255,-23.8977157086158,-49.7456573506736,-32.5011993357797,-0.36591434247496,-0.427668619646677,0.0645428844816901,0.855908925302209,0.337438295794447,0.0528973265
BLG03,475,270.65719,-28.70247,15145,13130,-1.93889048864892e-07,3.56432231954643e-07,-6.66898990460874e-07,2.85780151225758e-06,4.72402791839859,-0.501463001959687,-366.311987884987,-268.718997503044,-53.5232269769597,167.561786512667,-0.281069333405871,-0.0556956542818625,2.12154720713393,4.55398700461577,0.199897321324882,0.122377573071429
BLG43,476,270.6575,-28.702235,14181,12647,-1.17296635772535e-06,-8.91257014638142e-08,-2.00183117606599e-07,2.67947792489834e-06,4.72410823366742,-0.50134490753865,-284.106203549194,63.0074501428362,-119.504801182931,334.36721794244,-2.29675567369719,-4.25911325384924,2.02043463544578,1.4243225700557,0.181944123963789,0.11879723868
BLG01,477,268.31235,-31.874045,14803,13118,-2.34511039758873e-06,8.12099971316147e-08,-3.29375644876598e-07,2.14832217517181e-06,4.68332610707091,-0.556622590556347,-233.937483176815,-37.9062567486236,-7.69599443991976,374.474916901997,-3.19866464112746,-4.40310704379036,1.36750950948795,1.2649867201045,0.0866883333537379,0.13805534168421
BLG41,478,268.312455,-31.874045,14247,12885,-1.53976737368558e-06,3.01159736791083e-07,7.06393953626402e-07,2.43512177601743e-06,4.68311986486153,-0.556692023788581,-392.958101521625,0.558274591764209,24.6759732182856,342.330012967562,-3.35971961901057,-5.23537342651767,0.703812879340552,0.899361231665628,0.00869935750224692,0.116612922571429
BLG18,480,265.58577,-27.34158,8390,6562,-2.13273163612677e-06,2.94589758880618e-08,-7.36504998372263e-09,1.90602454758594e-06,4.63566843697791,-0.477481261525737,-362.221846272785,83.5374060280934,-17.8723745471136,413.700739134473,-1.57487383450245,-2.72952024333615,0.543444069567776,1.06877436248319,0.216721123553243,0.134973885294118
BLG22,481,267.42353,-32.55831,7469,6629,-2.23922343124352e-06,-1.54608698170043e-09,-9.12593279703155e-08,1.91645425391221e-06,4.66778361279242,-0.568520654933947,-304.00477936955,11.2689439001712,56.9265502345813,366.26101250323,-2.83980113895998,-4.03102267685099,1.21082676366406,0.600815879416853,0.241568911405608,0.108191919254902
BLG35,482,271.75275,-26.33972,3382,2551,-2.13730438069991e-06,-2.61835355692768e-08,-4.53548197719173e-09,1.91797176616701e-06,4.74326823339716,-0.460004949185327,-3.21230837118211,16.3837524570761,35.1314784300052,208.544647826292,-2.10677087136139,-6.05818110677132,1.77200226648918,1.22042136473966,0.417548562068416,0.0947209595384615
BLG41,483,267.37115,-30.63286,14296,12932,-2.17801333166614e-06,-3.16785010389685e-09,5.08458949709601e-08,1.89750338318133e-06,4.66680373088083,-0.534960780348172,-375.913585297116,-16.4902825980413,9.38201802280286,387.561651288185,-1.53694786374219,-4.23375141605343,0.482032284932621,0.381604017315051,0.213792298132059,0.11828567075
BLG15,484,263.92343,-26.62945,7729,6504,-2.09896647756209e-06,1.79513320842042e-08,-1.14921688389432e-07,2.03226599541287e-06,4.60671218497406,-0.465080101229402,-398.869101217648,-72.1740456333328,-25.7514736062742,286.279718509917,-2.94759441823415,-4.01480685388096,0.602445249391994,0.937260413622107,0.0825562338257988,0.115854376171429
BLG02,485,269.22615,-29.61172,15171,13156,-1.58116909345603e-06,-2.26565854213881e-07,2.38381059516795e-07,2.97364630005275e-06,4.6990953141798,-0.517229618558919,-297.786601813657,-3.31553645143961,92.1882891100522,360.863679473793,-1.14688631727362,-4.39786262314588,2.78102875054575,2.45717589752575,0.19456650622927,0.118577718677165
BLG42,486,269.22617,-29.61189,14585,13062,-1.87847292061878e-07,-3.42564590198352e-08,3.46886709190289e-07,3.57058254273516e-06,4.69884845704164,-0.517340592208887,-495.313331276808,55.9632959575777,238.415519587108,280.958973655192,-2.84313270651065,-5.04266569937391,4.97406726801721,2.41751281416668,0.163402966501871,0.115212382896226
BLG01,487,269.24256,-30.093735,14705,13049,-8.11925864052614e-08,-3.63622247752889e-08,-8.71997045464973e-08,3.42442020843063e-06,4.69913430294281,-0.525727952604945,-262.558099532807,21.2072039766666,100.060807118316,-258.50263466461,-3.50717988385379,-3.72731450075305,2.66213561673874,3.16834192114351,0.153460758871543,0.109017600366197
BLG42,488,269.24229,-30.09364,14563,13042,9.38970714413298e-07,-1.15578279696212e-06,6.677447547802e-08,3.63280809684616e-06,4.69898605404003,-0.525528981002234,-54.2811161529355,191.975731722663,91.2208837972179,-103.291405772201,-3.97726501881529,-0.180586570575733,2.13802043856776,4.06433382444506,0.0206836446671361,0.1164936074
BLG35,490,271.52667,-26.63558,3404,2570,-2.12486260356306e-06,1.94919899003238e-08,-8.67820125853353e-08,2.02759876882443e-06,4.73937420591891,-0.465165183533138,-385.310565911839,-22.3736255354159,-16.8396815580144,191.127004050147,-2.22760229858805,-5.18716565927473,0.721840823471044,2.07817731225278,0.14499000791273,0.124567121042857
BLG32,491,272.271395,-27.52608,3368,2559,-2.05403064095254e-06,-1.46362652802601e-07,5.75494686373899e-07,3.12556440446719e-06,4.75228670411814,-0.480779012596799,125.444827349735,-20.3254829659743,71.6148079133167,173.262050276235,-2.60402227705749,-3.25604614826367,3.16453706126102,1.6103687723125,0.244593107957209,0.147781129375
BLG41,492,268.11788,-31.010015,14391,13017,-1.27466952813355e-06,1.40191475579935e-07,-6.07196900358326e-07,3.19061717401427e-06,4.67968865585128,-0.541680843918259,1357.72850582223,2393.05364627548,514.829255797345,841.043196109987,-1.60360385669624,-2.63104847357332,5.79592751356344,15.3966755080951,0.366788435439201,0.15241718
BLG43,493,271.21942,-27.82636,13963,12446,4.12987287522568e-08,-1.08113888547686e-08,5.18474301947348e-07,3.07912109619278e-06,4.73364738344459,-0.48612909237084,101.597487124027,-437.926435335274,-7.14240877580906,300.099692025975,0.922354975594984,-5.12915708904532,2.03125877140904,2.80838196375741,0.261266997513247,0.11537691315
BLG22,494,267.46922,-34.28125,5092,4536,-2.18568186362973e-06,4.92906326630519e-08,-5.31295991021041e-08,2.00976743571594e-06,4.66854448137562,-0.598697178274887,-373.504427130617,6.80954989825188,-15.6958168526515,372.829239012114,-3.2398964510051,-5.05728590401519,0.635304376340941,0.791446632322154,0.184284812503108,0.100596735808511
BLG41,495,269.725145,-31.129545,13219,12024,-2.19639481118996e-06,-1.43617960925074e-08,-2.790243710417e-08,1.91819638993042e-06,4.70793066183631,-0.543602771659797,-375.954603227477,17.9479108270743,21.8999158138654,427.84778856654,-2.14083099180117,-5.49995447454538,0.839210796855797,0.973661288787619,0.2006789825928,0.125743511333333
BLG33,496,273.517625,-29.53072,3323,2559,-8.4889103202253e-07,3.24459484165083e-07,7.3367423393965e-07,3.11205993726516e-06,4.77374796393059,-0.515929034954827,-110.046880319236,166.020905553674,-159.660177023276,413.657264733821,0.13330029130829,-4.187145342809,2.56029072039958,2.44440097859741,0.126329833452083,0.105985503878049
BLG34,497,271.12833,-31.97233,3400,2679,-2.12810225281662e-06,-3.83436508154162e-07,-4.86067977556255e-07,3.02753695239355e-06,4.73248266060316,-0.558402769381696,-81.0204173737703,148.287457808268,-185.234176993346,189.642365772128,-1.63926078195523,-0.639457370997776,2.53684298344008,1.94728240007266,0.310304192021244,0.107247754761905
BLG12,498,262.408495,-27.19855,2337,1435,-1.94014341712978e-06,-8.27177111108222e-08,1.90714642596983e-08,2.31842974110462e-06,4.58016649060747,-0.475032785321663,-231.414221916449,73.9612432029677,69.0420249458586,403.121665579569,-1.43908012311684,-3.28021776984042,2.45495815706205,1.41389540339314,0.12471730255476,0.129764858588235
BLG35,499,271.236855,-26.130335,3402,2565,-2.15642465979945e-06,-8.11916189500731e-09,-6.53856218531316e-09,1.93336754088429e-06,4.73429854188835,-0.456338012964901,-399.502713685573,40.4432689622372,-9.24085850432128,372.814161308949,-1.93006498418167,-4.24505342553662,0.432877706072764,0.640286854091758,0.279409045313527,0.0896762493809524
BLG37,501,265.90175,-34.92683,3713,2862,-2.35817936668947e-06,1.2252326232545e-09,8.84780682500043e-09,1.92710424798887e-06,4.64120784955874,-0.609873161501919,-278.656836657182,16.2716892142509,88.799939546423,396.382231467796,-2.96824402849365,-4.2994425136184,1.01454754853604,1.00673866296201,0.170204151193738,0.113865199347826
BLG02,502,268.70523,-29.8608,15514,13445,-1.03263319613868e-06,-8.01718765794124e-08,7.48823969648512e-07,2.66610483515646e-06,4.68993006663214,-0.521540589171896,76.8899667021673,-142.609111761943,827.871082328084,470.935059043078,-4.72915075176098,-3.59771386741434,5.9080886886549,5.47096148505914,0.259240570762554,0.122810218444444
BLG03,503,269.9789,-27.66147,15096,13084,-9.47889551068689e-07,5.80152377312074e-07,-2.3901202558456e-07,3.04052193797554e-06,4.71221694364968,-0.483336217014701,-161.17994924786,290.634974537764,-154.173074383778,36.833528098795,-1.20222496358943,-5.14956618466989,1.9601771697445,3.15667897933293,0.166833049508533,0.124398816654545
BLG43,504,269.97908,-27.66136,14222,12687,-1.94295291427111e-06,8.25116552340862e-08,-2.29257895659146e-07,2.42335432343077e-06,4.7123505017334,-0.483158154764528,-202.439464758184,216.477330879108,5.85236632884509,397.438901378022,-0.707323496175826,-4.85380395022342,1.49533303608083,1.81081063183423,0.159193318391258,0.120502999777778
BLG17,505,265.198645,-32.55924,7597,6613,-2.24422427878866e-06,-4.07929509431248e-09,4.60251428782219e-08,1.89904006804725e-06,4.62881579619733,-0.568546826892806,-382.097307577078,3.30490894341033,-70.8503973841319,317.546688700283,-3.23965595089682,-5.47415782608159,1.45218355584033,1.16665848835101,0.466309181658838,0.101751067
BLG21,506,269.76004,-34.59894,3155,2597,-2.39441170851097e-06,-3.43243698451003e-09,1.08998090476207e-07,1.99531601603227e-06,4.70854914130973,-0.604158888657383,-328.726182303715,-24.8710493846521,143.342449000864,310.925010008891,-2.86333997860495,-5.10366222474563,1.20861410679067,1.01199125779419,0.251436546388719,0.10061883737931
BLG35,507,271.92021,-25.34525,3349,2518,-2.03468329443784e-06,-2.72838556755599e-09,7.79349519161532e-08,2.02261746399026e-06,4.74620892410021,-0.44264209806244,-437.492700762931,-40.0709871040948,5.25265514769835,391.697464837894,-1.95627925283019,-4.46918191282754,0.668112933864175,0.924443458524264,0.178430432545055,0.116969999608108
BLG33,508,273.025,-29.29794,3248,2511,-2.31669000116772e-06,2.38732010099692e-08,-1.92320448212322e-07,2.24498825743554e-06,4.76554063357386,-0.511681548233433,-274.647950258383,-19.2390771090635,-84.5273329738454,444.294196927932,-3.33593169981984,-4.18093778162846,1.45853720152515,1.13906368175052,0.0860372096125168,0.127140422538462
BLG31,509,272.858355,-26.73146,3338,2469,-1.79685606588138e-07,1.10552286103586e-07,6.02825352931152e-07,3.64620911762379e-06,4.76223285959056,-0.467060978014733,-296.790217987017,-84.4697677797581,-246.245059250807,-135.691796184981,1.87504588396165,0.689199928078773,3.44317135128701,4.1625787176193,0.249456467883018,0.107955743357143
BLG02,510,268.4858,-28.23756,15012,13035,-1.88370754077893e-06,4.36654738379918e-08,-2.52105588208204e-07,2.3964561947866e-06,4.68626400640422,-0.493212249818265,-395.676989490989,-27.9141418471049,23.8370382222517,375.194811101328,-1.12762509915584,-2.01489454936695,1.12106001457649,1.38073858549956,0.200932440466841,0.126195585906667
BLG42,511,268.484735,-28.23769,10253,9501,-2.1383367435263e-06,3.60433478555702e-09,-3.93750935499476e-08,1.93141713811851e-06,4.68627626888113,-0.493137026608283,-231.071643744082,101.380022934668,-37.7368395321586,448.946356237952,-3.02909659116447,-1.08124026394229,1.61579381892595,2.37380102382404,0.193939478103675,0.126384803544118
BLG03,512,270.92954,-27.23806,14961,12975,-2.74234382778977e-07,2.13951240802075e-07,4.24068674517092e-08,3.12204750744513e-06,4.72865206417591,-0.475930096396478,-818.155781943755,-32.6424491356317,558.458432109031,152.409373607192,-3.05226667443632,-5.12932969066152,5.26698365681971,1.899128360557,0.182288431766104,0.112398536818182
BLG12,513,262.179685,-27.61711,2374,1458,-2.13349104816491e-06,2.4639867523309e-08,-1.67843640452047e-07,2.09822945115086e-06,4.57624084108659,-0.482294068444817,-387.326882148747,7.7035650685006,8.17188729447434,402.298236175869,-2.58050617502635,-4.37955836118508,0.782755656982637,0.403230189472352,0.155553065006956,0.122400033819444
BLG12,514,262.664435,-27.9573,2359,1453,-2.10002613332876e-06,-6.95232184072768e-09,-2.09613698557707e-09,2.0806088428515e-06,4.58463920654203,-0.488248392304247,-377.147092181928,-10.281800540001,20.6682678819845,383.263413557061,-2.40353806702573,-4.91949800923149,0.646682000024061,0.330122619509696,0.142553789740272,0.104571493863014
BLG32,515,273.46396,-27.03044,3307,2504,-1.80371057379104e-06,1.31695267915876e-07,-2.68366913961062e-07,2.37919784250842e-06,4.77315225082633,-0.47213552733532,-40.4354667921553,-187.714560940486,-179.643457505981,217.767067742884,1.25638977635398,-5.20725898850461,3.19979743965045,2.46404421087859,0.212979589908329,0.183890311027778
BLG01,516,269.54677,-30.16908,14799,13150,1.64632575205769e-07,-6.80013844407921e-07,-8.62169883444173e-07,3.05758069801651e-06,4.70456537296008,-0.526907920071603,-131.856829253368,-602.072478004331,141.56996952498,25.1417614028039,-2.23784863344164,-2.39695659135037,2.72830719811867,5.3703285771268,0.210194123869013,0.094279214
BLG42,517,269.54679,-30.168915,14614,13088,-7.02271575809478e-07,5.16652916663943e-07,-1.1138297425159e-06,2.86281655598296e-06,4.70469458923767,-0.527055715303841,40.3254977418019,124.661022339939,-103.6398371346,-177.446379807661,-0.276711947576852,-1.30846962541143,2.14573489776417,4.03320173409467,0.238466322328919,0.0912350147333334
BLG19,518,267.55063,-23.73092,8274,6385,-2.00284411045106e-06,3.61581505472569e-08,-3.93120947861962e-08,1.88494898105437e-06,4.66996404444481,-0.41448296686981,-390.047644908946,-23.1272394929363,-51.4139369923312,165.27572321715,-4.50281887537971,-5.27774132920349,1.02025058270701,1.82118808037273,0.199305599345988,0.112595191436893
BLG20,519,267.11875,-22.24094,2643,2411,-1.92857307849043e-06,2.8593291680871e-08,-4.68498509475845e-07,2.18195984775165e-06,4.66250478503337,-0.388507704556139,-399.213681924492,-3.94043027139438,-12.4929700246996,397.200062316729,-2.78232323133846,-5.32317791378205,1.31581536422565,0.599210480275436,0.353398726488704,0.102003480692308
BLG12,520,262.42969,-28.34205,2376,1459,-2.19198584681156e-06,1.61621342163216e-08,-1.4193470056646e-08,1.95382546140016e-06,4.58063016663678,-0.49497041527128,-437.740242236554,-27.2718983413752,9.44876169269038,393.710265981692,-3.52876358779819,-4.7376081865583,0.889416546605319,0.651048542061927,0.0969030818140333,0.125792743525424
BLG16,521,264.9073,-24.03371,3708,2672,-2.0435945464902e-06,4.38876856552671e-09,-1.00537992230561e-07,1.95065140575651e-06,4.62383244196392,-0.419770922371009,-396.53948373723,25.4405912261599,-23.6932662397823,389.813111013316,-2.11368909740737,-6.52279385750092,1.05001287934755,1.22467650050836,0.142125392663909,0.102893283333333
BLG02,522,269.002,-28.61978,15307,13273,3.33262975443199e-07,1.50953856896185e-08,-6.65372003733471e-07,3.40415753378048e-06,4.69503886962921,-0.500021354785463,-130.327975757703,-70.9726189926137,21.8424809281876,83.9863734542364,-0.479967092983957,-1.96173162977272,2.40545091304631,3.25093038447716,0.0455586979378578,0.124958718299363
BLG17,524,266.35062,-33.64725,7741,6731,-1.77249383976632e-06,1.72931583495366e-07,-3.24952038891609e-07,3.25138295361022e-06,4.64906552814439,-0.587766901343991,-67.6250248128394,-7.69416940819255,177.70148181716,370.719018931868,-2.2263466111997,-4.45166914106067,1.43437025126432,1.72883002061277,0.273257818413632,0.117293956139535
BLG37,525,266.44677,-34.70047,3707,2859,-2.3439235337381e-06,1.77496942868242e-09,-1.39714855659769e-08,1.91404164001371e-06,4.65074327728716,-0.605922187143519,-302.107840389581,-199.40406507322,51.5106718703668,345.392818412016,-2.85789015432823,-6.15227657801635,0.153603648522319,0.245311294836953,0.365799896474406,0.103495166428571
BLG34,527,270.06708,-31.20328,3368,2637,-2.19491719348588e-06,-3.88886655588649e-08,2.28616225388877e-07,2.08328102998073e-06,4.71384993745723,-0.544903277008082,-410.097004404078,-9.98313035080147,-7.44161272263561,363.824310330226,-3.29028076870508,-4.85816568614407,0.920388125973487,0.842231325867864,0.143769103286582,0.12311697644898
BLG11,528,262.537985,-30.12171,3686,2715,-2.10073252845954e-06,5.66781576560258e-09,4.2554895940396e-08,2.1233546342256e-06,4.58247331756488,-0.526039367284713,-407.095476545317,-13.8683210373204,-32.2507514939268,387.748357168079,-2.74837616267415,-4.61936860313712,0.553024062806147,0.802718401416818,0.120741990099277,0.131908204292035
BLG37,529,265.15517,-34.72308,3766,2901,-2.30477745507614e-06,-6.36976693926606e-10,4.58414291427713e-08,1.90312386165006e-06,4.62817523784601,-0.606313124320776,-378.770180209714,12.0509308178091,71.4932287648268,374.203919087301,-2.93644291419817,-4.36869301046266,0.954187650607436,0.360790223653946,0.230497432511699,0.1016978409375
BLG19,530,267.36392,-23.81231,8536,6566,-2.0455244326685e-06,1.96319381234563e-08,-8.99511732775139e-08,1.96329277309721e-06,4.66670373665637,-0.415887156616578,-233.619645182426,37.3803894570078,96.2810212476593,381.234798200089,-1.66756969131083,-4.39114782953528,1.5071321836755,0.717172882673692,0.183397451040527,0.110250900908046
BLG14,531,264.75092,-28.28734,7669,6537,-2.22326863397311e-06,4.14630286344674e-10,-3.14301280799892e-09,1.94722408100519e-06,4.62110404901639,-0.494013806886367,-364.589898535684,-8.37525118702471,64.1163429027796,323.772013416572,-2.83467782339599,-3.53384846574899,0.862010260512299,1.06086394346749,0.1535325903667,0.101970611479167
BLG01,532,269.41433,-30.96628,15241,13513,-9.21847963376554e-07,1.05455253996353e-07,5.21971770574545e-06,2.81826229831071e-06,4.70180689381252,-0.540783283508265,-240.837698856773,486.839327711529,652.272352293794,185.461440406181,-8.11247008093331,-0.54221127308381,8.67115242119397,6.97793146854641,0.265658931292025,0.131475611625
BLG41,533,269.41433,-30.96628,14648,13258,-2.40607625099524e-06,-1.50513361880255e-08,-9.36635122342162e-08,1.98472702368927e-06,4.70255887867664,-0.540702927783317,-135.733445829598,72.2921441030251,17.8338057536903,323.324833205131,-0.568752307875828,-3.26057506166262,0.722062892032186,0.737574904724729,0.327811604701036,0.125085181625
BLG02,534,268.99119,-28.761835,15163,13150,-5.01861970934217e-07,-1.38282407449455e-07,1.77354331418279e-07,2.38670388179292e-06,4.69462806564845,-0.502326687323016,-206.016444587118,-76.530955605513,128.72057157774,334.621702981538,-2.24415739622247,-4.618459853432,2.15022468818295,2.73469879645305,0.097336684376692,0.143188019230769
BLG18,535,266.01362,-27.22865,8343,6535,-2.16339907916453e-06,2.97165545482038e-08,1.62308959750742e-08,1.92189687711776e-06,4.64310662889443,-0.475522999468611,-205.206496673259,-111.894860667939,108.552014314925,228.255669508489,-3.31252719834541,-1.97277525330095,1.90049377550375,1.5996788467752,0.224592991218209,0.113933005
BLG01,536,267.80383,-30.16489,15267,13537,-1.5782027713068e-06,-2.21343301961515e-07,-2.33356660295113e-08,2.43804592703725e-06,4.67426916233216,-0.526816666223745,148.946006344113,-75.3424018475916,209.588821866167,-58.6607756032078,-0.540706298829645,-0.371677234801241,1.39186655153902,0.921093097770724,0.186214489537803,0.110815477333333
BLG42,537,267.80346,-30.16469,14906,13357,-2.20698935968907e-06,3.45221681366201e-08,-5.66531430783163e-09,1.88059666530754e-06,4.67438769878876,-0.526765428588259,-254.40984499098,12.0277268269271,70.618232495782,308.787127784643,-2.69990161583944,-3.37884808904848,0.186369279978116,0.676802243303085,0.226900889273631,0.109810725833333
BLG02,538,267.52092,-29.54989,15213,13195,-1.9097056214381e-06,7.14090600035356e-08,4.20162132602885e-08,1.98871776910039e-06,4.66938208380437,-0.516037832745599,105.773823448971,573.552487259726,-61.1871357371665,369.806733078104,0.798323040225938,-2.57780773334014,1.22406454539461,1.40369600790949,0.407145087214448,0.120540831066667
BLG42,539,267.52058,-29.55022,14606,13085,-2.32764242342494e-06,4.90369300647492e-08,-2.93218705770703e-07,1.98765929226714e-06,4.6694517755861,-0.516037949938333,-372.433334442161,-40.1762499456884,-5.54730500608656,305.783864489503,-1.60832546716391,-3.32205516389272,0.486509383052923,0.692195641211028,0.395778738714322,0.118515530315789
BLG22,540,269.62542,-32.292515,7182,6399,-1.05836362789741e-06,1.1030091207916e-09,-3.67140730421567e-07,3.09727083260126e-06,4.70604263433449,-0.564101514705447,-64.2760729185668,-184.074008566727,207.960526293666,112.145042201105,-1.46498669374033,-4.6176930059011,2.0418124792345,3.11510679880213,0.171372883936533,0.127602257957747
BLG15,541,264.79473,-27.233675,7745,6517,-3.08642098533871e-07,9.73238361481836e-08,-6.71775029162604e-07,2.70315803727062e-06,4.62174636632499,-0.475756219710047,-424.938522746576,8.71958132031572,-66.3349939909252,427.110738406111,-1.83018550144192,-5.21041887311915,2.47733419413787,2.08402548836678,0.124343656018371,0.108929438089744
BLG11,542,263.04401,-29.297175,3285,2434,-2.06260153094004e-06,1.94045074921184e-08,2.42882142646119e-08,2.08761807212738e-06,4.59127842002928,-0.511632173826745,-392.963054677112,-10.9429426281892,-12.0346021739629,365.96872034166,-3.02644204097876,-4.25904126273402,0.513993769180003,0.79160145404986,0.136710015784011,0.153973322037736
BLG14,543,263.043955,-29.297175,7636,6511,-2.07887524436229e-06,9.68589005993899e-09,-5.32105682313703e-08,2.18933820396775e-06,4.59129957489302,-0.511650214247565,-289.971165536552,-143.428765726343,107.176443357551,109.306804883659,-3.22709657593503,-3.50832358135957,1.31046958012106,1.65936708786762,0.134890789755879,0.156276834148148
BLG14,544,264.5448,-28.23965,7542,6428,-2.18664865461167e-06,2.65272602654498e-09,-1.26335997134252e-08,1.91366541973613e-06,4.61753902178202,-0.493216174404814,732.311554479136,322.720529964555,-988.511400743743,-23.5774410896089,-4.68963493142883,-4.89660591883623,7.92987560193427,4.96284315119511,0.307997752950817,0.120856421727273
BLG16,545,265.35229,-25.070765,3680,2646,-1.70068027591258e-06,-1.04451814467295e-07,-6.5329315368414e-07,2.47173742727279e-06,4.63167499340753,-0.437939701776254,-229.861458963113,63.485404060611,219.881218082137,472.022460716464,-5.52344547447763,-5.91946792823817,0.680377581104102,0.605075475077492,0.108393586127604,0.10930429925
BLG03,547,270.99946,-28.13883,14870,12889,-9.23252889994083e-07,3.1945396822223e-08,-4.84082008154729e-07,3.19204451626628e-06,4.73001120187952,-0.491597919761142,-237.719469270433,293.61573027208,103.882090418166,277.488210864374,-0.521334239988045,-3.32359300604348,2.17622666606161,2.9275719323209,0.175999589036471,0.12052950827027
BLG43,548,270.99942,-28.13883,13928,12440,-4.70110347634531e-08,2.49796899699095e-07,-6.78676351008012e-07,3.15961344738327e-06,4.72989746047794,-0.491633888187049,98.9141305580617,187.223164604087,-30.9784687174933,862.653523573931,-0.298763567811014,-2.6231467806662,2.10228454503434,5.18679091398723,0.205931674686109,0.111148040019608
BLG18,549,265.72382,-26.5206,8472,6632,-2.12904319930093e-06,2.96428638637761e-09,8.28925867954318e-08,2.11744764843981e-06,4.63804596470693,-0.463182290113315,-400.317723720416,-23.8366344974592,42.0011361232555,424.049703564994,-2.05374130005886,-3.49701202966473,0.760869498463861,1.33479194725521,0.157848175712165,0.102682341844444
BLG21,550,269.13771,-36.17752,3263,2677,-2.21184471757124e-06,-4.44928679888758e-08,-6.7351034519105e-08,2.08085366279127e-06,4.69768135539798,-0.631702346004044,-215.212437948793,-3.05679797586426,-53.9279751660129,384.635086887406,-3.13981096927782,-5.44500553224317,1.56931451853303,0.363029088987673,0.201307277919702,0.0926660837346939
BLG17,551,267.184,-32.84792,7767,6758,-2.02755138452103e-06,1.90438707444998e-07,-5.23761394280617e-07,2.71386656753316e-06,4.66357736177797,-0.5737027813277,106.663455511836,-507.345041123657,26.2605859049755,-747.205328701674,0.132024607581136,0.701980852367084,0.856303378461181,4.32308528696733,0.216399644146413,0.135839382083333
BLG22,552,268.98008,-32.85639,7491,6649,-2.11484166951462e-06,1.75105931988952e-07,-1.7430494377603e-07,2.39488521498341e-06,4.69496430277473,-0.573825696002337,-268.282819102102,40.0591410046742,31.7440940498614,405.044341006127,-2.67581764745837,-5.61571858755009,1.32082618784666,1.64770323511645,0.258342160451647,0.110079898897436
BLG33,553,273.800855,-29.40236,3293,2532,3.20050856282644e-07,-3.64934889433915e-09,-3.42754947075419e-08,3.31158291205919e-06,4.77868596898285,-0.513672120172824,-280.769997135531,-75.0609705159711,26.4361144645884,415.294935927278,-1.39022915840497,-5.16130041416968,1.78144009790755,3.5779533986648,0.118694895737869,0.106623800830508
BLG37,554,265.466025,-34.802765,3711,2862,-2.26872715022588e-06,8.48479591650302e-09,2.57192918603593e-07,2.1613672394278e-06,4.63358511805925,-0.607744013048072,-190.113182251348,-42.7460558680075,153.608400572107,362.836571340984,-1.85074036367056,-4.44418968763862,1.54667004732555,0.705641675282328,0.23094900082068,0.101857464136986
BLG42,555,268.15271,-29.065265,14535,13028,-2.25885546836265e-06,3.47228473166711e-08,-1.38693549381136e-07,2.13300113832569e-06,4.68051979558739,-0.507610862760767,-77.8927696055292,-288.266379467807,189.894307120001,-74.2649004798292,-1.50217645699133,-3.03949911377686,0.651654658943171,3.17834133398431,0.383693651823172,0.1082464995
BLG32,557,272.73671,-27.68261,3324,2522,NaN,NaN,NaN,NaN,NaN,NaN,NaN,NaN,NaN,NaN,NaN,NaN,3.22828707096735,3.80026946299497,0.0122950127697144,0.12146936
BLG12,558,262.688845,-27.21305,2371,1457,-2.14149616008075e-06,5.11261506230572e-09,-3.0674579045955e-08,1.90830891033858e-06,4.58511550434633,-0.475243362089884,-372.956297940396,31.4958756545345,-25.1451648232465,371.869956349058,-2.16607084730733,-5.00097720061948,0.768849081419447,0.92910449626992,0.0450668372001867,0.140828141880952
BLG35,559,271.68046,-25.74611,3403,2570,-9.47617116963526e-07,6.43612270177137e-08,9.64001261029123e-08,2.90266495223592e-06,4.7416950537698,-0.449797973352054,-252.823238924894,-250.440975045994,0.586288214891524,-155.081960949965,-2.57410386308316,-5.04019382807705,2.54950097677471,4.53420682707844,0.245050451888031,0.119904015618182
BLG04,560,270.17454,-29.07865,7435,6385,-4.21335050575737e-06,6.02193599367413e-08,-7.47276636560253e-07,1.94991253461302e-06,4.7162473622127,-0.507813756964409,-124.933916834787,-37.8049385053,-46.4577849634971,286.423242296183,-2.54218542948241,-5.38148164152252,1.0224004674067,2.10937394502633,0.204411916822339,0.107601846833333
BLG43,561,270.17454,-29.07869,14139,12610,-2.10683470775012e-06,3.51111106939836e-08,2.1922280826989e-08,2.37575874117393e-06,4.71579061223033,-0.507859117768483,-287.706616162866,-257.176982156364,15.479419861062,26.4799560677024,-2.02940484514603,-3.44308013812628,1.52298171281987,3.03780655944042,0.214422339523866,0.102522270864407
BLG32,562,273.23771,-27.38206,3308,2504,-2.04555428672446e-06,2.2407577235926e-08,-1.37259892327628e-07,2.20268986594668e-06,4.76924675961405,-0.478232134300027,-390.403350553952,74.0458416788544,2.75036096920596,396.413913964847,-1.8627967283553,-5.22101015669443,1.4264816939319,1.55035517704578,0.219333160497729,0.11754593862
BLG15,565,263.887225,-26.36281,7719,6497,-2.31177158587589e-06,2.51492366599678e-08,-4.71765089943464e-08,2.04025906071562e-06,4.60607027180266,-0.460450046501467,-282.566617037923,-8.32394759334487,23.7150089701577,380.554884004801,-1.2354327865355,-3.87686743677217,0.794754060467063,0.71878842723363,0.14326090375262,0.10222314176
BLG02,568,269.65881,-29.55322,14904,12880,-5.40290215775536e-07,-3.86975643930271e-07,-9.05684317264624e-06,1.31743978846702e-05,4.70706428610852,-0.516655976875346,-93.2366620720278,93.6837009399252,279.840874171968,660.126355518177,-2.63258059321439,-7.20657021536503,2.52392450495299,2.59688132922521,-0.196851805492237,0.1386212125
BLG42,569,269.65871,-29.55328,14285,12792,5.41914619557384e-07,-1.65745039353165e-07,-9.12538935869628e-07,3.50713810035903e-06,4.70651530734951,-0.516307485052091,537.143641338851,-61.5357729119982,154.183774612483,45.8492725686967,-1.16551945217477,-1.66019478467303,4.0472490123129,3.32902545774365,0.125347185284022,0.125287437824176
BLG15,570,264.67853,-26.6006,7726,6501,-2.02941887687116e-06,-1.54608725585847e-08,-1.97562720109023e-07,2.14508923957959e-06,4.61982142817159,-0.464571253158106,-346.358665303751,13.8968966679485,14.4807179239379,404.380419759323,-3.08338033757853,-4.27976281807159,0.788816513724815,0.351713792612943,0.0561044023016282,0.123757662907692
BLG32,571,272.700355,-28.973625,3320,2522,2.51836056910461e-08,1.65069580296349e-07,-9.46836763851488e-07,2.63465171571093e-06,4.75968547562384,-0.506097977403676,-401.770651791555,189.038901341658,-279.857851253152,103.539113100752,0.0573789187104189,-1.68709334236772,1.20561165898043,1.62903393920641,0.25535531065791,0.110665225615385
BLG03,572,271.62023,-27.47707,14672,12708,-1.67254548131224e-06,5.33426139335566e-08,-8.38190731306984e-07,2.41741764693817e-06,4.74099371843318,-0.4799437165557,-423.940961703974,8.33314023935791,-48.8364328798814,372.207966762821,-2.55600771655798,-6.36078145661627,1.74718955382106,2.79215332685933,0.260653502123323,0.0986455558461538
BLG32,573,273.58325,-28.59394,3321,2512,-1.30468169201992e-06,8.72947533414064e-08,5.3886742041832e-08,2.60655646985902e-06,4.77517500332271,-0.499422594089046,-180.07100953815,-82.661175453856,1.43724299860618,229.683761632884,-1.24367785356391,0.798809513353837,1.60265500683411,3.02097800325929,0.228757338025435,0.121962696666667
BLG11,574,262.930775,-30.2488,3625,2668,-2.16478175064291e-06,-1.28434501795067e-08,3.82207022697556e-08,2.06711595867339e-06,4.58935765327512,-0.528250979031829,-436.071477382545,32.8148003417436,-50.8067919651805,440.101386745723,-2.15585130611221,-4.06260726126008,0.707195692585612,1.03879845383639,0.0987000487330916,0.103660219888889
BLG31,575,273.47123,-26.528125,3348,2484,-2.15608034779134e-06,-8.04260655387527e-09,-4.88651341751367e-09,1.91139653220998e-06,4.77329675345178,-0.463289710221353,-388.282616303879,163.834587534486,16.7650625998743,405.265443458922,-1.51489823762459,-4.73642982538805,0.491527039506674,0.451567597823658,0.223872674738529,0.0976247494117647
BLG02,576,268.17721,-28.53221,15426,13374,-1.97297298527167e-06,2.06840080176445e-08,1.3179635092004e-07,2.06157466287612e-06,4.68083409647204,-0.498268186995445,-81.2517066298233,37.5743195151885,57.7296027184215,370.346108518329,-1.18749365520883,-3.49131020415035,1.09177859554858,0.913750099711306,0.2942242719971,0.0952000024918033
BLG42,577,268.17689,-28.53226,14824,13284,-2.13975603022152e-06,2.14711370764637e-08,-1.09255014323681e-07,2.10911634118127e-06,4.68088120227734,-0.49827408655833,-348.790710535003,37.2783453533723,20.8471151230491,373.021833935025,-1.05015086778449,-3.45536974879634,1.07187314556961,0.660146377759585,0.303686875735652,0.0928064447272727
BLG12,578,262.860545,-28.50273,2362,1448,-2.0839998007752e-06,-2.26035163366163e-08,-1.37633698738515e-07,2.03223033213454e-06,4.58811656816705,-0.497750156791839,-344.470772872824,16.0780054027629,47.8712575920623,422.697406670912,-2.5924944480524,-3.84992373798059,1.26997891535665,1.03878459010515,0.138939430611586,0.120870011123457
BLG16,579,264.60035,-24.11576,3714,2676,-2.04871994794583e-06,-2.14162217860395e-08,-3.57790361552448e-08,2.29823675822536e-06,4.61847350911524,-0.421236492672273,-402.766625690991,-44.2171155910069,-7.00336444852871,401.183430613361,-3.25361486513228,-5.28134246905319,0.464081631043001,1.06080690410036,0.105897969979084,0.097232738890625
